case,sample,s4,s5,fade,before_frontier,after_frontier,context_defect,memory_defect,call_defect,unexpected,before_goal,after_goal,before_vf11z,after_vf11z,before_return,after_return
0,0,64,256,00000000,free,free,0,0,0,0,2064,2064,00000000,00000000,0,0
1,0,64,256,80000000,free,free,0,0,0,0,2064,2064,00000000,00000000,0,0
2,0,64,256,3f000000,free,free,0,0,0,0,2064,2064,00000000,00000000,0,0
3,0,64,256,3f800000,free,free,0,0,0,0,2064,2064,00000000,00000000,0,0
4,0,64,256,7fc12345,free,free,0,0,0,0,2064,2064,00000000,00000000,0,0
5,0,64,256,ff854321,free,free,0,0,0,0,2064,2064,00000000,00000000,0,0
6,0,64,64,00000000,free,free,0,0,0,0,2064,2064,00000000,00000000,0,0
7,0,64,64,80000000,free,free,0,0,0,0,2064,2064,00000000,00000000,0,0
8,0,64,64,3f000000,free,free,0,0,0,0,2064,2064,00000000,00000000,0,0
9,0,64,64,3f800000,free,free,0,0,0,0,2064,2064,00000000,00000000,0,0
10,0,64,64,7fc12345,free,free,0,0,0,0,2064,2064,00000000,00000000,0,0
11,0,64,64,ff854321,free,free,0,0,0,0,2064,2064,00000000,00000000,0,0
12,0,64,48,00000000,free,free,0,0,0,0,2064,2064,00000000,00000000,0,0
13,0,64,48,80000000,free,free,0,0,0,0,2064,2064,00000000,00000000,0,0
14,0,64,48,3f000000,free,free,0,0,0,0,2064,2064,00000000,00000000,0,0
15,0,64,48,3f800000,free,free,0,0,0,0,2064,2064,00000000,00000000,0,0
16,0,64,48,7fc12345,free,free,0,0,0,0,2064,2064,00000000,00000000,0,0
17,0,64,48,ff854321,free,free,0,0,0,0,2064,2064,00000000,00000000,0,0
18,0,64,80,00000000,free,free,0,0,0,0,2064,2064,00000000,00000000,0,0
19,0,64,80,80000000,free,free,0,0,0,0,2064,2064,00000000,00000000,0,0
20,0,64,80,3f000000,free,free,0,0,0,0,2064,2064,00000000,00000000,0,0
21,0,64,80,3f800000,free,free,0,0,0,0,2064,2064,00000000,00000000,0,0
22,0,64,80,7fc12345,free,free,0,0,0,0,2064,2064,00000000,00000000,0,0
23,0,64,80,ff854321,free,free,0,0,0,0,2064,2064,00000000,00000000,0,0
24,0,128,64,00000000,free,free,0,0,0,0,2064,2064,00000000,00000000,0,0
25,0,128,64,80000000,free,free,0,0,0,0,2064,2064,00000000,00000000,0,0
26,0,128,64,3f000000,free,free,0,0,0,0,2064,2064,00000000,00000000,0,0
27,0,128,64,3f800000,free,free,0,0,0,0,2064,2064,00000000,00000000,0,0
28,0,128,64,7fc12345,free,free,0,0,0,0,2064,2064,00000000,00000000,0,0
29,0,128,64,ff854321,free,free,0,0,0,0,2064,2064,00000000,00000000,0,0
30,0,64,128,00000000,free,free,0,0,0,0,2064,2064,00000000,00000000,0,0
31,0,64,128,80000000,free,free,0,0,0,0,2064,2064,00000000,00000000,0,0
32,0,64,128,3f000000,free,free,0,0,0,0,2064,2064,00000000,00000000,0,0
33,0,64,128,3f800000,free,free,0,0,0,0,2064,2064,00000000,00000000,0,0
34,0,64,128,7fc12345,free,free,0,0,0,0,2064,2064,00000000,00000000,0,0
35,0,64,128,ff854321,free,free,0,0,0,0,2064,2064,00000000,00000000,0,0
36,1,64,256,00000000,quaternion,quaternion,0,0,0,0,2048,2048,00000000,00000000,0,0
37,1,64,256,80000000,quaternion,quaternion,0,0,0,0,2048,2048,00000000,00000000,0,0
38,1,64,256,3f000000,quaternion,quaternion,0,0,0,0,2048,2048,00000000,00000000,0,0
39,1,64,256,3f800000,quaternion,quaternion,0,0,0,0,2048,2048,00000000,00000000,0,0
40,1,64,256,7fc12345,quaternion,quaternion,0,0,0,0,2048,2048,7fc12345,7fc12345,0,0
41,1,64,256,ff854321,quaternion,quaternion,0,0,0,0,2048,2048,ffc54321,ffc54321,0,0
42,1,64,64,00000000,quaternion,quaternion,0,0,0,0,2048,2048,00000000,00000000,0,0
43,1,64,64,80000000,quaternion,quaternion,0,0,0,0,2048,2048,00000000,00000000,0,0
44,1,64,64,3f000000,quaternion,quaternion,0,0,0,0,2048,2048,00000000,00000000,0,0
45,1,64,64,3f800000,quaternion,quaternion,0,0,0,0,2048,2048,00000000,00000000,0,0
46,1,64,64,7fc12345,quaternion,quaternion,0,0,0,0,2048,2048,7fc12345,7fc12345,0,0
47,1,64,64,ff854321,quaternion,quaternion,0,0,0,0,2048,2048,ffc54321,ffc54321,0,0
48,1,64,48,00000000,quaternion,quaternion,0,0,0,0,2048,2048,00000000,00000000,0,0
49,1,64,48,80000000,quaternion,quaternion,0,0,0,0,2048,2048,00000000,00000000,0,0
50,1,64,48,3f000000,quaternion,quaternion,0,0,0,0,2048,2048,00000000,00000000,0,0
51,1,64,48,3f800000,quaternion,quaternion,0,0,0,0,2048,2048,00000000,00000000,0,0
52,1,64,48,7fc12345,quaternion,quaternion,0,0,0,0,2048,2048,7fc12345,7fc12345,0,0
53,1,64,48,ff854321,quaternion,quaternion,0,0,0,0,2048,2048,ffc54321,ffc54321,0,0
54,1,64,80,00000000,quaternion,quaternion,0,0,0,0,2048,2048,00000000,00000000,0,0
55,1,64,80,80000000,quaternion,quaternion,0,0,0,0,2048,2048,00000000,00000000,0,0
56,1,64,80,3f000000,quaternion,quaternion,0,0,0,0,2048,2048,00000000,00000000,0,0
57,1,64,80,3f800000,quaternion,quaternion,0,0,0,0,2048,2048,00000000,00000000,0,0
58,1,64,80,7fc12345,quaternion,quaternion,0,0,0,0,2048,2048,7fc12345,7fc12345,0,0
59,1,64,80,ff854321,quaternion,quaternion,0,0,0,0,2048,2048,ffc54321,ffc54321,0,0
60,1,128,64,00000000,quaternion,quaternion,0,0,0,0,2048,2048,00000000,00000000,0,0
61,1,128,64,80000000,quaternion,quaternion,0,0,0,0,2048,2048,00000000,00000000,0,0
62,1,128,64,3f000000,quaternion,quaternion,0,0,0,0,2048,2048,00000000,00000000,0,0
63,1,128,64,3f800000,quaternion,quaternion,0,0,0,0,2048,2048,00000000,00000000,0,0
64,1,128,64,7fc12345,quaternion,quaternion,0,0,0,0,2048,2048,7fc12345,7fc12345,0,0
65,1,128,64,ff854321,quaternion,quaternion,0,0,0,0,2048,2048,ffc54321,ffc54321,0,0
66,1,64,128,00000000,quaternion,quaternion,0,0,0,0,2048,2048,00000000,00000000,0,0
67,1,64,128,80000000,quaternion,quaternion,0,0,0,0,2048,2048,00000000,00000000,0,0
68,1,64,128,3f000000,quaternion,quaternion,0,0,0,0,2048,2048,00000000,00000000,0,0
69,1,64,128,3f800000,quaternion,quaternion,0,0,0,0,2048,2048,00000000,00000000,0,0
70,1,64,128,7fc12345,quaternion,quaternion,0,0,0,0,2048,2048,7fc12345,7fc12345,0,0
71,1,64,128,ff854321,quaternion,quaternion,0,0,0,0,2048,2048,ffc54321,ffc54321,0,0
72,2,64,256,00000000,quaternion,quaternion,0,0,0,0,2048,2048,00000001,00000001,0,0
73,2,64,256,80000000,quaternion,quaternion,0,0,0,0,2048,2048,00000001,00000001,0,0
74,2,64,256,3f000000,quaternion,quaternion,0,0,0,0,2048,2048,00000001,00000001,0,0
75,2,64,256,3f800000,quaternion,quaternion,0,0,0,0,2048,2048,00000001,00000001,0,0
76,2,64,256,7fc12345,quaternion,quaternion,0,0,0,0,2048,2048,7fc12345,7fc12345,0,0
77,2,64,256,ff854321,quaternion,quaternion,0,0,0,0,2048,2048,ffc54321,ffc54321,0,0
78,2,64,64,00000000,quaternion,quaternion,0,0,0,0,2048,2048,00000001,00000001,0,0
79,2,64,64,80000000,quaternion,quaternion,0,0,0,0,2048,2048,00000001,00000001,0,0
80,2,64,64,3f000000,quaternion,quaternion,0,0,0,0,2048,2048,00000001,00000001,0,0
81,2,64,64,3f800000,quaternion,quaternion,0,0,0,0,2048,2048,00000001,00000001,0,0
82,2,64,64,7fc12345,quaternion,quaternion,0,0,0,0,2048,2048,7fc12345,7fc12345,0,0
83,2,64,64,ff854321,quaternion,quaternion,0,0,0,0,2048,2048,ffc54321,ffc54321,0,0
84,2,64,48,00000000,quaternion,quaternion,0,0,0,0,2048,2048,00000001,00000001,0,0
85,2,64,48,80000000,quaternion,quaternion,0,0,0,0,2048,2048,00000001,00000001,0,0
86,2,64,48,3f000000,quaternion,quaternion,0,0,0,0,2048,2048,00000001,00000001,0,0
87,2,64,48,3f800000,quaternion,quaternion,0,0,0,0,2048,2048,00000001,00000001,0,0
88,2,64,48,7fc12345,quaternion,quaternion,0,0,0,0,2048,2048,7fc12345,7fc12345,0,0
89,2,64,48,ff854321,quaternion,quaternion,0,0,0,0,2048,2048,ffc54321,ffc54321,0,0
90,2,64,80,00000000,quaternion,quaternion,0,0,0,0,2048,2048,00000001,00000001,0,0
91,2,64,80,80000000,quaternion,quaternion,0,0,0,0,2048,2048,00000001,00000001,0,0
92,2,64,80,3f000000,quaternion,quaternion,0,0,0,0,2048,2048,00000001,00000001,0,0
93,2,64,80,3f800000,quaternion,quaternion,0,0,0,0,2048,2048,00000001,00000001,0,0
94,2,64,80,7fc12345,quaternion,quaternion,0,0,0,0,2048,2048,7fc12345,7fc12345,0,0
95,2,64,80,ff854321,quaternion,quaternion,0,0,0,0,2048,2048,ffc54321,ffc54321,0,0
96,2,128,64,00000000,quaternion,quaternion,0,0,0,0,2048,2048,00000001,00000001,0,0
97,2,128,64,80000000,quaternion,quaternion,0,0,0,0,2048,2048,00000001,00000001,0,0
98,2,128,64,3f000000,quaternion,quaternion,0,0,0,0,2048,2048,00000001,00000001,0,0
99,2,128,64,3f800000,quaternion,quaternion,0,0,0,0,2048,2048,00000001,00000001,0,0
100,2,128,64,7fc12345,quaternion,quaternion,0,0,0,0,2048,2048,7fc12345,7fc12345,0,0
101,2,128,64,ff854321,quaternion,quaternion,0,0,0,0,2048,2048,ffc54321,ffc54321,0,0
102,2,64,128,00000000,quaternion,quaternion,0,0,0,0,2048,2048,00000001,00000001,0,0
103,2,64,128,80000000,quaternion,quaternion,0,0,0,0,2048,2048,00000001,00000001,0,0
104,2,64,128,3f000000,quaternion,quaternion,0,0,0,0,2048,2048,00000001,00000001,0,0
105,2,64,128,3f800000,quaternion,quaternion,0,0,0,0,2048,2048,00000001,00000001,0,0
106,2,64,128,7fc12345,quaternion,quaternion,0,0,0,0,2048,2048,7fc12345,7fc12345,0,0
107,2,64,128,ff854321,quaternion,quaternion,0,0,0,0,2048,2048,ffc54321,ffc54321,0,0
108,3,64,256,00000000,quaternion,quaternion,0,0,0,0,2048,2048,80000001,80000001,0,0
109,3,64,256,80000000,quaternion,quaternion,0,0,0,0,2048,2048,80000001,80000001,0,0
110,3,64,256,3f000000,quaternion,quaternion,0,0,0,0,2048,2048,80000001,80000001,0,0
111,3,64,256,3f800000,quaternion,quaternion,0,0,0,0,2048,2048,80000001,80000001,0,0
112,3,64,256,7fc12345,quaternion,quaternion,0,0,0,0,2048,2048,7fc12345,7fc12345,0,0
113,3,64,256,ff854321,quaternion,quaternion,0,0,0,0,2048,2048,ffc54321,ffc54321,0,0
114,3,64,64,00000000,quaternion,quaternion,0,0,0,0,2048,2048,80000001,80000001,0,0
115,3,64,64,80000000,quaternion,quaternion,0,0,0,0,2048,2048,80000001,80000001,0,0
116,3,64,64,3f000000,quaternion,quaternion,0,0,0,0,2048,2048,80000001,80000001,0,0
117,3,64,64,3f800000,quaternion,quaternion,0,0,0,0,2048,2048,80000001,80000001,0,0
118,3,64,64,7fc12345,quaternion,quaternion,0,0,0,0,2048,2048,7fc12345,7fc12345,0,0
119,3,64,64,ff854321,quaternion,quaternion,0,0,0,0,2048,2048,ffc54321,ffc54321,0,0
120,3,64,48,00000000,quaternion,quaternion,0,0,0,0,2048,2048,80000001,80000001,0,0
121,3,64,48,80000000,quaternion,quaternion,0,0,0,0,2048,2048,80000001,80000001,0,0
122,3,64,48,3f000000,quaternion,quaternion,0,0,0,0,2048,2048,80000001,80000001,0,0
123,3,64,48,3f800000,quaternion,quaternion,0,0,0,0,2048,2048,80000001,80000001,0,0
124,3,64,48,7fc12345,quaternion,quaternion,0,0,0,0,2048,2048,7fc12345,7fc12345,0,0
125,3,64,48,ff854321,quaternion,quaternion,0,0,0,0,2048,2048,ffc54321,ffc54321,0,0
126,3,64,80,00000000,quaternion,quaternion,0,0,0,0,2048,2048,80000001,80000001,0,0
127,3,64,80,80000000,quaternion,quaternion,0,0,0,0,2048,2048,80000001,80000001,0,0
128,3,64,80,3f000000,quaternion,quaternion,0,0,0,0,2048,2048,80000001,80000001,0,0
129,3,64,80,3f800000,quaternion,quaternion,0,0,0,0,2048,2048,80000001,80000001,0,0
130,3,64,80,7fc12345,quaternion,quaternion,0,0,0,0,2048,2048,7fc12345,7fc12345,0,0
131,3,64,80,ff854321,quaternion,quaternion,0,0,0,0,2048,2048,ffc54321,ffc54321,0,0
132,3,128,64,00000000,quaternion,quaternion,0,0,0,0,2048,2048,80000001,80000001,0,0
133,3,128,64,80000000,quaternion,quaternion,0,0,0,0,2048,2048,80000001,80000001,0,0
134,3,128,64,3f000000,quaternion,quaternion,0,0,0,0,2048,2048,80000001,80000001,0,0
135,3,128,64,3f800000,quaternion,quaternion,0,0,0,0,2048,2048,80000001,80000001,0,0
136,3,128,64,7fc12345,quaternion,quaternion,0,0,0,0,2048,2048,7fc12345,7fc12345,0,0
137,3,128,64,ff854321,quaternion,quaternion,0,0,0,0,2048,2048,ffc54321,ffc54321,0,0
138,3,64,128,00000000,quaternion,quaternion,0,0,0,0,2048,2048,80000001,80000001,0,0
139,3,64,128,80000000,quaternion,quaternion,0,0,0,0,2048,2048,80000001,80000001,0,0
140,3,64,128,3f000000,quaternion,quaternion,0,0,0,0,2048,2048,80000001,80000001,0,0
141,3,64,128,3f800000,quaternion,quaternion,0,0,0,0,2048,2048,80000001,80000001,0,0
142,3,64,128,7fc12345,quaternion,quaternion,0,0,0,0,2048,2048,7fc12345,7fc12345,0,0
143,3,64,128,ff854321,quaternion,quaternion,0,0,0,0,2048,2048,ffc54321,ffc54321,0,0
144,4,64,256,00000000,quaternion,quaternion,0,0,0,0,2048,2048,007fffff,007fffff,0,0
145,4,64,256,80000000,quaternion,quaternion,0,0,0,0,2048,2048,007fffff,007fffff,0,0
146,4,64,256,3f000000,quaternion,quaternion,0,0,0,0,2048,2048,007fffff,007fffff,0,0
147,4,64,256,3f800000,quaternion,quaternion,0,0,0,0,2048,2048,007fffff,007fffff,0,0
148,4,64,256,7fc12345,quaternion,quaternion,0,0,0,0,2048,2048,7fc12345,7fc12345,0,0
149,4,64,256,ff854321,quaternion,quaternion,0,0,0,0,2048,2048,ffc54321,ffc54321,0,0
150,4,64,64,00000000,quaternion,quaternion,0,0,0,0,2048,2048,007fffff,007fffff,0,0
151,4,64,64,80000000,quaternion,quaternion,0,0,0,0,2048,2048,007fffff,007fffff,0,0
152,4,64,64,3f000000,quaternion,quaternion,0,0,0,0,2048,2048,007fffff,007fffff,0,0
153,4,64,64,3f800000,quaternion,quaternion,0,0,0,0,2048,2048,007fffff,007fffff,0,0
154,4,64,64,7fc12345,quaternion,quaternion,0,0,0,0,2048,2048,7fc12345,7fc12345,0,0
155,4,64,64,ff854321,quaternion,quaternion,0,0,0,0,2048,2048,ffc54321,ffc54321,0,0
156,4,64,48,00000000,quaternion,quaternion,0,0,0,0,2048,2048,007fffff,007fffff,0,0
157,4,64,48,80000000,quaternion,quaternion,0,0,0,0,2048,2048,007fffff,007fffff,0,0
158,4,64,48,3f000000,quaternion,quaternion,0,0,0,0,2048,2048,007fffff,007fffff,0,0
159,4,64,48,3f800000,quaternion,quaternion,0,0,0,0,2048,2048,007fffff,007fffff,0,0
160,4,64,48,7fc12345,quaternion,quaternion,0,0,0,0,2048,2048,7fc12345,7fc12345,0,0
161,4,64,48,ff854321,quaternion,quaternion,0,0,0,0,2048,2048,ffc54321,ffc54321,0,0
162,4,64,80,00000000,quaternion,quaternion,0,0,0,0,2048,2048,007fffff,007fffff,0,0
163,4,64,80,80000000,quaternion,quaternion,0,0,0,0,2048,2048,007fffff,007fffff,0,0
164,4,64,80,3f000000,quaternion,quaternion,0,0,0,0,2048,2048,007fffff,007fffff,0,0
165,4,64,80,3f800000,quaternion,quaternion,0,0,0,0,2048,2048,007fffff,007fffff,0,0
166,4,64,80,7fc12345,quaternion,quaternion,0,0,0,0,2048,2048,7fc12345,7fc12345,0,0
167,4,64,80,ff854321,quaternion,quaternion,0,0,0,0,2048,2048,ffc54321,ffc54321,0,0
168,4,128,64,00000000,quaternion,quaternion,0,0,0,0,2048,2048,007fffff,007fffff,0,0
169,4,128,64,80000000,quaternion,quaternion,0,0,0,0,2048,2048,007fffff,007fffff,0,0
170,4,128,64,3f000000,quaternion,quaternion,0,0,0,0,2048,2048,007fffff,007fffff,0,0
171,4,128,64,3f800000,quaternion,quaternion,0,0,0,0,2048,2048,007fffff,007fffff,0,0
172,4,128,64,7fc12345,quaternion,quaternion,0,0,0,0,2048,2048,7fc12345,7fc12345,0,0
173,4,128,64,ff854321,quaternion,quaternion,0,0,0,0,2048,2048,ffc54321,ffc54321,0,0
174,4,64,128,00000000,quaternion,quaternion,0,0,0,0,2048,2048,007fffff,007fffff,0,0
175,4,64,128,80000000,quaternion,quaternion,0,0,0,0,2048,2048,007fffff,007fffff,0,0
176,4,64,128,3f000000,quaternion,quaternion,0,0,0,0,2048,2048,007fffff,007fffff,0,0
177,4,64,128,3f800000,quaternion,quaternion,0,0,0,0,2048,2048,007fffff,007fffff,0,0
178,4,64,128,7fc12345,quaternion,quaternion,0,0,0,0,2048,2048,7fc12345,7fc12345,0,0
179,4,64,128,ff854321,quaternion,quaternion,0,0,0,0,2048,2048,ffc54321,ffc54321,0,0
180,5,64,256,00000000,quaternion,quaternion,0,0,0,0,2048,2048,807fffff,807fffff,0,0
181,5,64,256,80000000,quaternion,quaternion,0,0,0,0,2048,2048,807fffff,807fffff,0,0
182,5,64,256,3f000000,quaternion,quaternion,0,0,0,0,2048,2048,807fffff,807fffff,0,0
183,5,64,256,3f800000,quaternion,quaternion,0,0,0,0,2048,2048,807fffff,807fffff,0,0
184,5,64,256,7fc12345,quaternion,quaternion,0,0,0,0,2048,2048,7fc12345,7fc12345,0,0
185,5,64,256,ff854321,quaternion,quaternion,0,0,0,0,2048,2048,ffc54321,ffc54321,0,0
186,5,64,64,00000000,quaternion,quaternion,0,0,0,0,2048,2048,807fffff,807fffff,0,0
187,5,64,64,80000000,quaternion,quaternion,0,0,0,0,2048,2048,807fffff,807fffff,0,0
188,5,64,64,3f000000,quaternion,quaternion,0,0,0,0,2048,2048,807fffff,807fffff,0,0
189,5,64,64,3f800000,quaternion,quaternion,0,0,0,0,2048,2048,807fffff,807fffff,0,0
190,5,64,64,7fc12345,quaternion,quaternion,0,0,0,0,2048,2048,7fc12345,7fc12345,0,0
191,5,64,64,ff854321,quaternion,quaternion,0,0,0,0,2048,2048,ffc54321,ffc54321,0,0
192,5,64,48,00000000,quaternion,quaternion,0,0,0,0,2048,2048,807fffff,807fffff,0,0
193,5,64,48,80000000,quaternion,quaternion,0,0,0,0,2048,2048,807fffff,807fffff,0,0
194,5,64,48,3f000000,quaternion,quaternion,0,0,0,0,2048,2048,807fffff,807fffff,0,0
195,5,64,48,3f800000,quaternion,quaternion,0,0,0,0,2048,2048,807fffff,807fffff,0,0
196,5,64,48,7fc12345,quaternion,quaternion,0,0,0,0,2048,2048,7fc12345,7fc12345,0,0
197,5,64,48,ff854321,quaternion,quaternion,0,0,0,0,2048,2048,ffc54321,ffc54321,0,0
198,5,64,80,00000000,quaternion,quaternion,0,0,0,0,2048,2048,807fffff,807fffff,0,0
199,5,64,80,80000000,quaternion,quaternion,0,0,0,0,2048,2048,807fffff,807fffff,0,0
200,5,64,80,3f000000,quaternion,quaternion,0,0,0,0,2048,2048,807fffff,807fffff,0,0
201,5,64,80,3f800000,quaternion,quaternion,0,0,0,0,2048,2048,807fffff,807fffff,0,0
202,5,64,80,7fc12345,quaternion,quaternion,0,0,0,0,2048,2048,7fc12345,7fc12345,0,0
203,5,64,80,ff854321,quaternion,quaternion,0,0,0,0,2048,2048,ffc54321,ffc54321,0,0
204,5,128,64,00000000,quaternion,quaternion,0,0,0,0,2048,2048,807fffff,807fffff,0,0
205,5,128,64,80000000,quaternion,quaternion,0,0,0,0,2048,2048,807fffff,807fffff,0,0
206,5,128,64,3f000000,quaternion,quaternion,0,0,0,0,2048,2048,807fffff,807fffff,0,0
207,5,128,64,3f800000,quaternion,quaternion,0,0,0,0,2048,2048,807fffff,807fffff,0,0
208,5,128,64,7fc12345,quaternion,quaternion,0,0,0,0,2048,2048,7fc12345,7fc12345,0,0
209,5,128,64,ff854321,quaternion,quaternion,0,0,0,0,2048,2048,ffc54321,ffc54321,0,0
210,5,64,128,00000000,quaternion,quaternion,0,0,0,0,2048,2048,807fffff,807fffff,0,0
211,5,64,128,80000000,quaternion,quaternion,0,0,0,0,2048,2048,807fffff,807fffff,0,0
212,5,64,128,3f000000,quaternion,quaternion,0,0,0,0,2048,2048,807fffff,807fffff,0,0
213,5,64,128,3f800000,quaternion,quaternion,0,0,0,0,2048,2048,807fffff,807fffff,0,0
214,5,64,128,7fc12345,quaternion,quaternion,0,0,0,0,2048,2048,7fc12345,7fc12345,0,0
215,5,64,128,ff854321,quaternion,quaternion,0,0,0,0,2048,2048,ffc54321,ffc54321,0,0
216,6,64,256,00000000,quaternion,quaternion,0,0,0,0,2048,2048,00800000,00800000,0,0
217,6,64,256,80000000,quaternion,quaternion,0,0,0,0,2048,2048,00800000,00800000,0,0
218,6,64,256,3f000000,quaternion,quaternion,0,0,0,0,2048,2048,00800000,00800000,0,0
219,6,64,256,3f800000,quaternion,quaternion,0,0,0,0,2048,2048,00800000,00800000,0,0
220,6,64,256,7fc12345,quaternion,quaternion,0,0,0,0,2048,2048,7fc12345,7fc12345,0,0
221,6,64,256,ff854321,quaternion,quaternion,0,0,0,0,2048,2048,ffc54321,ffc54321,0,0
222,6,64,64,00000000,quaternion,quaternion,0,0,0,0,2048,2048,00800000,00800000,0,0
223,6,64,64,80000000,quaternion,quaternion,0,0,0,0,2048,2048,00800000,00800000,0,0
224,6,64,64,3f000000,quaternion,quaternion,0,0,0,0,2048,2048,00800000,00800000,0,0
225,6,64,64,3f800000,quaternion,quaternion,0,0,0,0,2048,2048,00800000,00800000,0,0
226,6,64,64,7fc12345,quaternion,quaternion,0,0,0,0,2048,2048,7fc12345,7fc12345,0,0
227,6,64,64,ff854321,quaternion,quaternion,0,0,0,0,2048,2048,ffc54321,ffc54321,0,0
228,6,64,48,00000000,quaternion,quaternion,0,0,0,0,2048,2048,00800000,00800000,0,0
229,6,64,48,80000000,quaternion,quaternion,0,0,0,0,2048,2048,00800000,00800000,0,0
230,6,64,48,3f000000,quaternion,quaternion,0,0,0,0,2048,2048,00800000,00800000,0,0
231,6,64,48,3f800000,quaternion,quaternion,0,0,0,0,2048,2048,00800000,00800000,0,0
232,6,64,48,7fc12345,quaternion,quaternion,0,0,0,0,2048,2048,7fc12345,7fc12345,0,0
233,6,64,48,ff854321,quaternion,quaternion,0,0,0,0,2048,2048,ffc54321,ffc54321,0,0
234,6,64,80,00000000,quaternion,quaternion,0,0,0,0,2048,2048,00800000,00800000,0,0
235,6,64,80,80000000,quaternion,quaternion,0,0,0,0,2048,2048,00800000,00800000,0,0
236,6,64,80,3f000000,quaternion,quaternion,0,0,0,0,2048,2048,00800000,00800000,0,0
237,6,64,80,3f800000,quaternion,quaternion,0,0,0,0,2048,2048,00800000,00800000,0,0
238,6,64,80,7fc12345,quaternion,quaternion,0,0,0,0,2048,2048,7fc12345,7fc12345,0,0
239,6,64,80,ff854321,quaternion,quaternion,0,0,0,0,2048,2048,ffc54321,ffc54321,0,0
240,6,128,64,00000000,quaternion,quaternion,0,0,0,0,2048,2048,00800000,00800000,0,0
241,6,128,64,80000000,quaternion,quaternion,0,0,0,0,2048,2048,00800000,00800000,0,0
242,6,128,64,3f000000,quaternion,quaternion,0,0,0,0,2048,2048,00800000,00800000,0,0
243,6,128,64,3f800000,quaternion,quaternion,0,0,0,0,2048,2048,00800000,00800000,0,0
244,6,128,64,7fc12345,quaternion,quaternion,0,0,0,0,2048,2048,7fc12345,7fc12345,0,0
245,6,128,64,ff854321,quaternion,quaternion,0,0,0,0,2048,2048,ffc54321,ffc54321,0,0
246,6,64,128,00000000,quaternion,quaternion,0,0,0,0,2048,2048,00800000,00800000,0,0
247,6,64,128,80000000,quaternion,quaternion,0,0,0,0,2048,2048,00800000,00800000,0,0
248,6,64,128,3f000000,quaternion,quaternion,0,0,0,0,2048,2048,00800000,00800000,0,0
249,6,64,128,3f800000,quaternion,quaternion,0,0,0,0,2048,2048,00800000,00800000,0,0
250,6,64,128,7fc12345,quaternion,quaternion,0,0,0,0,2048,2048,7fc12345,7fc12345,0,0
251,6,64,128,ff854321,quaternion,quaternion,0,0,0,0,2048,2048,ffc54321,ffc54321,0,0
252,7,64,256,00000000,quaternion,quaternion,0,0,0,0,2048,2048,80800000,80800000,0,0
253,7,64,256,80000000,quaternion,quaternion,0,0,0,0,2048,2048,80800000,80800000,0,0
254,7,64,256,3f000000,quaternion,quaternion,0,0,0,0,2048,2048,80800000,80800000,0,0
255,7,64,256,3f800000,quaternion,quaternion,0,0,0,0,2048,2048,80800000,80800000,0,0
256,7,64,256,7fc12345,quaternion,quaternion,0,0,0,0,2048,2048,7fc12345,7fc12345,0,0
257,7,64,256,ff854321,quaternion,quaternion,0,0,0,0,2048,2048,ffc54321,ffc54321,0,0
258,7,64,64,00000000,quaternion,quaternion,0,0,0,0,2048,2048,80800000,80800000,0,0
259,7,64,64,80000000,quaternion,quaternion,0,0,0,0,2048,2048,80800000,80800000,0,0
260,7,64,64,3f000000,quaternion,quaternion,0,0,0,0,2048,2048,80800000,80800000,0,0
261,7,64,64,3f800000,quaternion,quaternion,0,0,0,0,2048,2048,80800000,80800000,0,0
262,7,64,64,7fc12345,quaternion,quaternion,0,0,0,0,2048,2048,7fc12345,7fc12345,0,0
263,7,64,64,ff854321,quaternion,quaternion,0,0,0,0,2048,2048,ffc54321,ffc54321,0,0
264,7,64,48,00000000,quaternion,quaternion,0,0,0,0,2048,2048,80800000,80800000,0,0
265,7,64,48,80000000,quaternion,quaternion,0,0,0,0,2048,2048,80800000,80800000,0,0
266,7,64,48,3f000000,quaternion,quaternion,0,0,0,0,2048,2048,80800000,80800000,0,0
267,7,64,48,3f800000,quaternion,quaternion,0,0,0,0,2048,2048,80800000,80800000,0,0
268,7,64,48,7fc12345,quaternion,quaternion,0,0,0,0,2048,2048,7fc12345,7fc12345,0,0
269,7,64,48,ff854321,quaternion,quaternion,0,0,0,0,2048,2048,ffc54321,ffc54321,0,0
270,7,64,80,00000000,quaternion,quaternion,0,0,0,0,2048,2048,80800000,80800000,0,0
271,7,64,80,80000000,quaternion,quaternion,0,0,0,0,2048,2048,80800000,80800000,0,0
272,7,64,80,3f000000,quaternion,quaternion,0,0,0,0,2048,2048,80800000,80800000,0,0
273,7,64,80,3f800000,quaternion,quaternion,0,0,0,0,2048,2048,80800000,80800000,0,0
274,7,64,80,7fc12345,quaternion,quaternion,0,0,0,0,2048,2048,7fc12345,7fc12345,0,0
275,7,64,80,ff854321,quaternion,quaternion,0,0,0,0,2048,2048,ffc54321,ffc54321,0,0
276,7,128,64,00000000,quaternion,quaternion,0,0,0,0,2048,2048,80800000,80800000,0,0
277,7,128,64,80000000,quaternion,quaternion,0,0,0,0,2048,2048,80800000,80800000,0,0
278,7,128,64,3f000000,quaternion,quaternion,0,0,0,0,2048,2048,80800000,80800000,0,0
279,7,128,64,3f800000,quaternion,quaternion,0,0,0,0,2048,2048,80800000,80800000,0,0
280,7,128,64,7fc12345,quaternion,quaternion,0,0,0,0,2048,2048,7fc12345,7fc12345,0,0
281,7,128,64,ff854321,quaternion,quaternion,0,0,0,0,2048,2048,ffc54321,ffc54321,0,0
282,7,64,128,00000000,quaternion,quaternion,0,0,0,0,2048,2048,80800000,80800000,0,0
283,7,64,128,80000000,quaternion,quaternion,0,0,0,0,2048,2048,80800000,80800000,0,0
284,7,64,128,3f000000,quaternion,quaternion,0,0,0,0,2048,2048,80800000,80800000,0,0
285,7,64,128,3f800000,quaternion,quaternion,0,0,0,0,2048,2048,80800000,80800000,0,0
286,7,64,128,7fc12345,quaternion,quaternion,0,0,0,0,2048,2048,7fc12345,7fc12345,0,0
287,7,64,128,ff854321,quaternion,quaternion,0,0,0,0,2048,2048,ffc54321,ffc54321,0,0
288,8,64,256,00000000,quaternion,quaternion,0,0,0,0,2048,2048,40000000,40000000,0,0
289,8,64,256,80000000,quaternion,quaternion,0,0,0,0,2048,2048,00000000,00000000,0,0
290,8,64,256,3f000000,quaternion,quaternion,0,0,0,0,2048,2048,3f800000,3f800000,0,0
291,8,64,256,3f800000,quaternion,quaternion,0,0,0,0,2048,2048,40000000,40000000,0,0
292,8,64,256,7fc12345,quaternion,quaternion,0,0,0,0,2048,2048,7fc12345,7fc12345,0,0
293,8,64,256,ff854321,quaternion,quaternion,0,0,0,0,2048,2048,ffc54321,ffc54321,0,0
294,8,64,64,00000000,quaternion,quaternion,0,0,0,0,2048,2048,40000000,40000000,0,0
295,8,64,64,80000000,quaternion,quaternion,0,0,0,0,2048,2048,00000000,00000000,0,0
296,8,64,64,3f000000,quaternion,quaternion,0,0,0,0,2048,2048,3f800000,3f800000,0,0
297,8,64,64,3f800000,quaternion,quaternion,0,0,0,0,2048,2048,40000000,40000000,0,0
298,8,64,64,7fc12345,quaternion,quaternion,0,0,0,0,2048,2048,7fc12345,7fc12345,0,0
299,8,64,64,ff854321,quaternion,quaternion,0,0,0,0,2048,2048,ffc54321,ffc54321,0,0
300,8,64,48,00000000,quaternion,quaternion,0,0,0,0,2048,2048,40000000,40000000,0,0
301,8,64,48,80000000,quaternion,quaternion,0,0,0,0,2048,2048,00000000,00000000,0,0
302,8,64,48,3f000000,quaternion,quaternion,0,0,0,0,2048,2048,3f800000,3f800000,0,0
303,8,64,48,3f800000,quaternion,quaternion,0,0,0,0,2048,2048,40000000,40000000,0,0
304,8,64,48,7fc12345,quaternion,quaternion,0,0,0,0,2048,2048,7fc12345,7fc12345,0,0
305,8,64,48,ff854321,quaternion,quaternion,0,0,0,0,2048,2048,ffc54321,ffc54321,0,0
306,8,64,80,00000000,quaternion,quaternion,0,0,0,0,2048,2048,40000000,40000000,0,0
307,8,64,80,80000000,quaternion,quaternion,0,0,0,0,2048,2048,00000000,00000000,0,0
308,8,64,80,3f000000,quaternion,quaternion,0,0,0,0,2048,2048,3f800000,3f800000,0,0
309,8,64,80,3f800000,quaternion,quaternion,0,0,0,0,2048,2048,40000000,40000000,0,0
310,8,64,80,7fc12345,quaternion,quaternion,0,0,0,0,2048,2048,7fc12345,7fc12345,0,0
311,8,64,80,ff854321,quaternion,quaternion,0,0,0,0,2048,2048,ffc54321,ffc54321,0,0
312,8,128,64,00000000,quaternion,quaternion,0,0,0,0,2048,2048,40000000,40000000,0,0
313,8,128,64,80000000,quaternion,quaternion,0,0,0,0,2048,2048,00000000,00000000,0,0
314,8,128,64,3f000000,quaternion,quaternion,0,0,0,0,2048,2048,3f800000,3f800000,0,0
315,8,128,64,3f800000,quaternion,quaternion,0,0,0,0,2048,2048,40000000,40000000,0,0
316,8,128,64,7fc12345,quaternion,quaternion,0,0,0,0,2048,2048,7fc12345,7fc12345,0,0
317,8,128,64,ff854321,quaternion,quaternion,0,0,0,0,2048,2048,ffc54321,ffc54321,0,0
318,8,64,128,00000000,quaternion,quaternion,0,0,0,0,2048,2048,40000000,40000000,0,0
319,8,64,128,80000000,quaternion,quaternion,0,0,0,0,2048,2048,00000000,00000000,0,0
320,8,64,128,3f000000,quaternion,quaternion,0,0,0,0,2048,2048,3f800000,3f800000,0,0
321,8,64,128,3f800000,quaternion,quaternion,0,0,0,0,2048,2048,40000000,40000000,0,0
322,8,64,128,7fc12345,quaternion,quaternion,0,0,0,0,2048,2048,7fc12345,7fc12345,0,0
323,8,64,128,ff854321,quaternion,quaternion,0,0,0,0,2048,2048,ffc54321,ffc54321,0,0
324,9,64,256,00000000,quaternion,quaternion,0,0,0,0,2048,2048,00000000,00000000,0,0
325,9,64,256,80000000,quaternion,quaternion,0,0,0,0,2048,2048,00000000,00000000,0,0
326,9,64,256,3f000000,quaternion,quaternion,0,0,0,0,2048,2048,00000000,00000000,0,0
327,9,64,256,3f800000,quaternion,quaternion,0,0,0,0,2048,2048,00000000,00000000,0,0
328,9,64,256,7fc12345,quaternion,quaternion,0,0,0,0,2048,2048,7fc12345,7fc12345,0,0
329,9,64,256,ff854321,quaternion,quaternion,0,0,0,0,2048,2048,ffc54321,ffc54321,0,0
330,9,64,64,00000000,quaternion,quaternion,0,0,0,0,2048,2048,00000000,00000000,0,0
331,9,64,64,80000000,quaternion,quaternion,0,0,0,0,2048,2048,00000000,00000000,0,0
332,9,64,64,3f000000,quaternion,quaternion,0,0,0,0,2048,2048,00000000,00000000,0,0
333,9,64,64,3f800000,quaternion,quaternion,0,0,0,0,2048,2048,00000000,00000000,0,0
334,9,64,64,7fc12345,quaternion,quaternion,0,0,0,0,2048,2048,7fc12345,7fc12345,0,0
335,9,64,64,ff854321,quaternion,quaternion,0,0,0,0,2048,2048,ffc54321,ffc54321,0,0
336,9,64,48,00000000,quaternion,quaternion,0,0,0,0,2048,2048,00000000,00000000,0,0
337,9,64,48,80000000,quaternion,quaternion,0,0,0,0,2048,2048,00000000,00000000,0,0
338,9,64,48,3f000000,quaternion,quaternion,0,0,0,0,2048,2048,00000000,00000000,0,0
339,9,64,48,3f800000,quaternion,quaternion,0,0,0,0,2048,2048,00000000,00000000,0,0
340,9,64,48,7fc12345,quaternion,quaternion,0,0,0,0,2048,2048,7fc12345,7fc12345,0,0
341,9,64,48,ff854321,quaternion,quaternion,0,0,0,0,2048,2048,ffc54321,ffc54321,0,0
342,9,64,80,00000000,quaternion,quaternion,0,0,0,0,2048,2048,00000000,00000000,0,0
343,9,64,80,80000000,quaternion,quaternion,0,0,0,0,2048,2048,00000000,00000000,0,0
344,9,64,80,3f000000,quaternion,quaternion,0,0,0,0,2048,2048,00000000,00000000,0,0
345,9,64,80,3f800000,quaternion,quaternion,0,0,0,0,2048,2048,00000000,00000000,0,0
346,9,64,80,7fc12345,quaternion,quaternion,0,0,0,0,2048,2048,7fc12345,7fc12345,0,0
347,9,64,80,ff854321,quaternion,quaternion,0,0,0,0,2048,2048,ffc54321,ffc54321,0,0
348,9,128,64,00000000,quaternion,quaternion,0,0,0,0,2048,2048,00000000,00000000,0,0
349,9,128,64,80000000,quaternion,quaternion,0,0,0,0,2048,2048,00000000,00000000,0,0
350,9,128,64,3f000000,quaternion,quaternion,0,0,0,0,2048,2048,00000000,00000000,0,0
351,9,128,64,3f800000,quaternion,quaternion,0,0,0,0,2048,2048,00000000,00000000,0,0
352,9,128,64,7fc12345,quaternion,quaternion,0,0,0,0,2048,2048,7fc12345,7fc12345,0,0
353,9,128,64,ff854321,quaternion,quaternion,0,0,0,0,2048,2048,ffc54321,ffc54321,0,0
354,9,64,128,00000000,quaternion,quaternion,0,0,0,0,2048,2048,00000000,00000000,0,0
355,9,64,128,80000000,quaternion,quaternion,0,0,0,0,2048,2048,00000000,00000000,0,0
356,9,64,128,3f000000,quaternion,quaternion,0,0,0,0,2048,2048,00000000,00000000,0,0
357,9,64,128,3f800000,quaternion,quaternion,0,0,0,0,2048,2048,00000000,00000000,0,0
358,9,64,128,7fc12345,quaternion,quaternion,0,0,0,0,2048,2048,7fc12345,7fc12345,0,0
359,9,64,128,ff854321,quaternion,quaternion,0,0,0,0,2048,2048,ffc54321,ffc54321,0,0
360,10,64,256,00000000,quaternion,quaternion,0,0,0,0,2048,2048,7f800000,7f800000,0,0
361,10,64,256,80000000,quaternion,quaternion,0,0,0,0,2048,2048,ff800000,ff800000,0,0
362,10,64,256,3f000000,quaternion,quaternion,0,0,0,0,2048,2048,ff800000,ff800000,0,0
363,10,64,256,3f800000,quaternion,quaternion,0,0,0,0,2048,2048,7f800000,7f800000,0,0
364,10,64,256,7fc12345,quaternion,quaternion,0,0,0,0,2048,2048,7fc12345,7fc12345,0,0
365,10,64,256,ff854321,quaternion,quaternion,0,0,0,0,2048,2048,ffc54321,ffc54321,0,0
366,10,64,64,00000000,quaternion,quaternion,0,0,0,0,2048,2048,7f800000,7f800000,0,0
367,10,64,64,80000000,quaternion,quaternion,0,0,0,0,2048,2048,ff800000,ff800000,0,0
368,10,64,64,3f000000,quaternion,quaternion,0,0,0,0,2048,2048,ff800000,ff800000,0,0
369,10,64,64,3f800000,quaternion,quaternion,0,0,0,0,2048,2048,7f800000,7f800000,0,0
370,10,64,64,7fc12345,quaternion,quaternion,0,0,0,0,2048,2048,7fc12345,7fc12345,0,0
371,10,64,64,ff854321,quaternion,quaternion,0,0,0,0,2048,2048,ffc54321,ffc54321,0,0
372,10,64,48,00000000,quaternion,quaternion,0,0,0,0,2048,2048,7f800000,7f800000,0,0
373,10,64,48,80000000,quaternion,quaternion,0,0,0,0,2048,2048,ff800000,ff800000,0,0
374,10,64,48,3f000000,quaternion,quaternion,0,0,0,0,2048,2048,ff800000,ff800000,0,0
375,10,64,48,3f800000,quaternion,quaternion,0,0,0,0,2048,2048,7f800000,7f800000,0,0
376,10,64,48,7fc12345,quaternion,quaternion,0,0,0,0,2048,2048,7fc12345,7fc12345,0,0
377,10,64,48,ff854321,quaternion,quaternion,0,0,0,0,2048,2048,ffc54321,ffc54321,0,0
378,10,64,80,00000000,quaternion,quaternion,0,0,0,0,2048,2048,7f800000,7f800000,0,0
379,10,64,80,80000000,quaternion,quaternion,0,0,0,0,2048,2048,ff800000,ff800000,0,0
380,10,64,80,3f000000,quaternion,quaternion,0,0,0,0,2048,2048,ff800000,ff800000,0,0
381,10,64,80,3f800000,quaternion,quaternion,0,0,0,0,2048,2048,7f800000,7f800000,0,0
382,10,64,80,7fc12345,quaternion,quaternion,0,0,0,0,2048,2048,7fc12345,7fc12345,0,0
383,10,64,80,ff854321,quaternion,quaternion,0,0,0,0,2048,2048,ffc54321,ffc54321,0,0
384,10,128,64,00000000,quaternion,quaternion,0,0,0,0,2048,2048,7f800000,7f800000,0,0
385,10,128,64,80000000,quaternion,quaternion,0,0,0,0,2048,2048,ff800000,ff800000,0,0
386,10,128,64,3f000000,quaternion,quaternion,0,0,0,0,2048,2048,ff800000,ff800000,0,0
387,10,128,64,3f800000,quaternion,quaternion,0,0,0,0,2048,2048,7f800000,7f800000,0,0
388,10,128,64,7fc12345,quaternion,quaternion,0,0,0,0,2048,2048,7fc12345,7fc12345,0,0
389,10,128,64,ff854321,quaternion,quaternion,0,0,0,0,2048,2048,ffc54321,ffc54321,0,0
390,10,64,128,00000000,quaternion,quaternion,0,0,0,0,2048,2048,7f800000,7f800000,0,0
391,10,64,128,80000000,quaternion,quaternion,0,0,0,0,2048,2048,ff800000,ff800000,0,0
392,10,64,128,3f000000,quaternion,quaternion,0,0,0,0,2048,2048,ff800000,ff800000,0,0
393,10,64,128,3f800000,quaternion,quaternion,0,0,0,0,2048,2048,7f800000,7f800000,0,0
394,10,64,128,7fc12345,quaternion,quaternion,0,0,0,0,2048,2048,7fc12345,7fc12345,0,0
395,10,64,128,ff854321,quaternion,quaternion,0,0,0,0,2048,2048,ffc54321,ffc54321,0,0
396,11,64,256,00000000,quaternion,quaternion,0,0,0,0,2048,2048,7f800000,7f800000,0,0
397,11,64,256,80000000,quaternion,quaternion,0,0,0,0,2048,2048,7f800000,7f800000,0,0
398,11,64,256,3f000000,quaternion,quaternion,0,0,0,0,2048,2048,7f800000,7f800000,0,0
399,11,64,256,3f800000,quaternion,quaternion,0,0,0,0,2048,2048,7f800000,7f800000,0,0
400,11,64,256,7fc12345,quaternion,quaternion,0,0,0,0,2048,2048,7fc12345,7fc12345,0,0
401,11,64,256,ff854321,quaternion,quaternion,0,0,0,0,2048,2048,ffc54321,ffc54321,0,0
402,11,64,64,00000000,quaternion,quaternion,0,0,0,0,2048,2048,7f800000,7f800000,0,0
403,11,64,64,80000000,quaternion,quaternion,0,0,0,0,2048,2048,7f800000,7f800000,0,0
404,11,64,64,3f000000,quaternion,quaternion,0,0,0,0,2048,2048,7f800000,7f800000,0,0
405,11,64,64,3f800000,quaternion,quaternion,0,0,0,0,2048,2048,7f800000,7f800000,0,0
406,11,64,64,7fc12345,quaternion,quaternion,0,0,0,0,2048,2048,7fc12345,7fc12345,0,0
407,11,64,64,ff854321,quaternion,quaternion,0,0,0,0,2048,2048,ffc54321,ffc54321,0,0
408,11,64,48,00000000,quaternion,quaternion,0,0,0,0,2048,2048,7f800000,7f800000,0,0
409,11,64,48,80000000,quaternion,quaternion,0,0,0,0,2048,2048,7f800000,7f800000,0,0
410,11,64,48,3f000000,quaternion,quaternion,0,0,0,0,2048,2048,7f800000,7f800000,0,0
411,11,64,48,3f800000,quaternion,quaternion,0,0,0,0,2048,2048,7f800000,7f800000,0,0
412,11,64,48,7fc12345,quaternion,quaternion,0,0,0,0,2048,2048,7fc12345,7fc12345,0,0
413,11,64,48,ff854321,quaternion,quaternion,0,0,0,0,2048,2048,ffc54321,ffc54321,0,0
414,11,64,80,00000000,quaternion,quaternion,0,0,0,0,2048,2048,7f800000,7f800000,0,0
415,11,64,80,80000000,quaternion,quaternion,0,0,0,0,2048,2048,7f800000,7f800000,0,0
416,11,64,80,3f000000,quaternion,quaternion,0,0,0,0,2048,2048,7f800000,7f800000,0,0
417,11,64,80,3f800000,quaternion,quaternion,0,0,0,0,2048,2048,7f800000,7f800000,0,0
418,11,64,80,7fc12345,quaternion,quaternion,0,0,0,0,2048,2048,7fc12345,7fc12345,0,0
419,11,64,80,ff854321,quaternion,quaternion,0,0,0,0,2048,2048,ffc54321,ffc54321,0,0
420,11,128,64,00000000,quaternion,quaternion,0,0,0,0,2048,2048,7f800000,7f800000,0,0
421,11,128,64,80000000,quaternion,quaternion,0,0,0,0,2048,2048,7f800000,7f800000,0,0
422,11,128,64,3f000000,quaternion,quaternion,0,0,0,0,2048,2048,7f800000,7f800000,0,0
423,11,128,64,3f800000,quaternion,quaternion,0,0,0,0,2048,2048,7f800000,7f800000,0,0
424,11,128,64,7fc12345,quaternion,quaternion,0,0,0,0,2048,2048,7fc12345,7fc12345,0,0
425,11,128,64,ff854321,quaternion,quaternion,0,0,0,0,2048,2048,ffc54321,ffc54321,0,0
426,11,64,128,00000000,quaternion,quaternion,0,0,0,0,2048,2048,7f800000,7f800000,0,0
427,11,64,128,80000000,quaternion,quaternion,0,0,0,0,2048,2048,7f800000,7f800000,0,0
428,11,64,128,3f000000,quaternion,quaternion,0,0,0,0,2048,2048,7f800000,7f800000,0,0
429,11,64,128,3f800000,quaternion,quaternion,0,0,0,0,2048,2048,7f800000,7f800000,0,0
430,11,64,128,7fc12345,quaternion,quaternion,0,0,0,0,2048,2048,7fc12345,7fc12345,0,0
431,11,64,128,ff854321,quaternion,quaternion,0,0,0,0,2048,2048,ffc54321,ffc54321,0,0
432,12,64,256,00000000,quaternion,quaternion,0,0,0,0,2048,2048,7f800000,7f800000,0,0
433,12,64,256,80000000,quaternion,quaternion,0,0,0,0,2048,2048,ff800000,ff800000,0,0
434,12,64,256,3f000000,quaternion,quaternion,0,0,0,0,2048,2048,ff800000,ff800000,0,0
435,12,64,256,3f800000,quaternion,quaternion,0,0,0,0,2048,2048,ffc00000,ffc00000,0,0
436,12,64,256,7fc12345,quaternion,quaternion,0,0,0,0,2048,2048,7fc12345,7fc12345,0,0
437,12,64,256,ff854321,quaternion,quaternion,0,0,0,0,2048,2048,ffc54321,ffc54321,0,0
438,12,64,64,00000000,quaternion,quaternion,0,0,0,0,2048,2048,7f800000,7f800000,0,0
439,12,64,64,80000000,quaternion,quaternion,0,0,0,0,2048,2048,ff800000,ff800000,0,0
440,12,64,64,3f000000,quaternion,quaternion,0,0,0,0,2048,2048,ff800000,ff800000,0,0
441,12,64,64,3f800000,quaternion,quaternion,0,0,0,0,2048,2048,ffc00000,ffc00000,0,0
442,12,64,64,7fc12345,quaternion,quaternion,0,0,0,0,2048,2048,7fc12345,7fc12345,0,0
443,12,64,64,ff854321,quaternion,quaternion,0,0,0,0,2048,2048,ffc54321,ffc54321,0,0
444,12,64,48,00000000,quaternion,quaternion,0,0,0,0,2048,2048,7f800000,7f800000,0,0
445,12,64,48,80000000,quaternion,quaternion,0,0,0,0,2048,2048,ff800000,ff800000,0,0
446,12,64,48,3f000000,quaternion,quaternion,0,0,0,0,2048,2048,ff800000,ff800000,0,0
447,12,64,48,3f800000,quaternion,quaternion,0,0,0,0,2048,2048,ffc00000,ffc00000,0,0
448,12,64,48,7fc12345,quaternion,quaternion,0,0,0,0,2048,2048,7fc12345,7fc12345,0,0
449,12,64,48,ff854321,quaternion,quaternion,0,0,0,0,2048,2048,ffc54321,ffc54321,0,0
450,12,64,80,00000000,quaternion,quaternion,0,0,0,0,2048,2048,7f800000,7f800000,0,0
451,12,64,80,80000000,quaternion,quaternion,0,0,0,0,2048,2048,ff800000,ff800000,0,0
452,12,64,80,3f000000,quaternion,quaternion,0,0,0,0,2048,2048,ff800000,ff800000,0,0
453,12,64,80,3f800000,quaternion,quaternion,0,0,0,0,2048,2048,ffc00000,ffc00000,0,0
454,12,64,80,7fc12345,quaternion,quaternion,0,0,0,0,2048,2048,7fc12345,7fc12345,0,0
455,12,64,80,ff854321,quaternion,quaternion,0,0,0,0,2048,2048,ffc54321,ffc54321,0,0
456,12,128,64,00000000,quaternion,quaternion,0,0,0,0,2048,2048,7f800000,7f800000,0,0
457,12,128,64,80000000,quaternion,quaternion,0,0,0,0,2048,2048,ff800000,ff800000,0,0
458,12,128,64,3f000000,quaternion,quaternion,0,0,0,0,2048,2048,ff800000,ff800000,0,0
459,12,128,64,3f800000,quaternion,quaternion,0,0,0,0,2048,2048,ffc00000,ffc00000,0,0
460,12,128,64,7fc12345,quaternion,quaternion,0,0,0,0,2048,2048,7fc12345,7fc12345,0,0
461,12,128,64,ff854321,quaternion,quaternion,0,0,0,0,2048,2048,ffc54321,ffc54321,0,0
462,12,64,128,00000000,quaternion,quaternion,0,0,0,0,2048,2048,7f800000,7f800000,0,0
463,12,64,128,80000000,quaternion,quaternion,0,0,0,0,2048,2048,ff800000,ff800000,0,0
464,12,64,128,3f000000,quaternion,quaternion,0,0,0,0,2048,2048,ff800000,ff800000,0,0
465,12,64,128,3f800000,quaternion,quaternion,0,0,0,0,2048,2048,ffc00000,ffc00000,0,0
466,12,64,128,7fc12345,quaternion,quaternion,0,0,0,0,2048,2048,7fc12345,7fc12345,0,0
467,12,64,128,ff854321,quaternion,quaternion,0,0,0,0,2048,2048,ffc54321,ffc54321,0,0
468,13,64,256,00000000,quaternion,quaternion,0,0,0,0,2048,2048,ffc00000,ffc00000,0,0
469,13,64,256,80000000,quaternion,quaternion,0,0,0,0,2048,2048,ffc00000,ffc00000,0,0
470,13,64,256,3f000000,quaternion,quaternion,0,0,0,0,2048,2048,ffc00000,ffc00000,0,0
471,13,64,256,3f800000,quaternion,quaternion,0,0,0,0,2048,2048,ffc00000,ffc00000,0,0
472,13,64,256,7fc12345,quaternion,quaternion,0,0,0,0,2048,2048,ffc00000,ffc00000,0,0
473,13,64,256,ff854321,quaternion,quaternion,0,0,0,0,2048,2048,ffc00000,ffc00000,0,0
474,13,64,64,00000000,quaternion,quaternion,0,0,0,0,2048,2048,ffc00000,ffc00000,0,0
475,13,64,64,80000000,quaternion,quaternion,0,0,0,0,2048,2048,ffc00000,ffc00000,0,0
476,13,64,64,3f000000,quaternion,quaternion,0,0,0,0,2048,2048,ffc00000,ffc00000,0,0
477,13,64,64,3f800000,quaternion,quaternion,0,0,0,0,2048,2048,ffc00000,ffc00000,0,0
478,13,64,64,7fc12345,quaternion,quaternion,0,0,0,0,2048,2048,ffc00000,ffc00000,0,0
479,13,64,64,ff854321,quaternion,quaternion,0,0,0,0,2048,2048,ffc00000,ffc00000,0,0
480,13,64,48,00000000,quaternion,quaternion,0,0,0,0,2048,2048,ffc00000,ffc00000,0,0
481,13,64,48,80000000,quaternion,quaternion,0,0,0,0,2048,2048,ffc00000,ffc00000,0,0
482,13,64,48,3f000000,quaternion,quaternion,0,0,0,0,2048,2048,ffc00000,ffc00000,0,0
483,13,64,48,3f800000,quaternion,quaternion,0,0,0,0,2048,2048,ffc00000,ffc00000,0,0
484,13,64,48,7fc12345,quaternion,quaternion,0,0,0,0,2048,2048,ffc00000,ffc00000,0,0
485,13,64,48,ff854321,quaternion,quaternion,0,0,0,0,2048,2048,ffc00000,ffc00000,0,0
486,13,64,80,00000000,quaternion,quaternion,0,0,0,0,2048,2048,ffc00000,ffc00000,0,0
487,13,64,80,80000000,quaternion,quaternion,0,0,0,0,2048,2048,ffc00000,ffc00000,0,0
488,13,64,80,3f000000,quaternion,quaternion,0,0,0,0,2048,2048,ffc00000,ffc00000,0,0
489,13,64,80,3f800000,quaternion,quaternion,0,0,0,0,2048,2048,ffc00000,ffc00000,0,0
490,13,64,80,7fc12345,quaternion,quaternion,0,0,0,0,2048,2048,ffc00000,ffc00000,0,0
491,13,64,80,ff854321,quaternion,quaternion,0,0,0,0,2048,2048,ffc00000,ffc00000,0,0
492,13,128,64,00000000,quaternion,quaternion,0,0,0,0,2048,2048,ffc00000,ffc00000,0,0
493,13,128,64,80000000,quaternion,quaternion,0,0,0,0,2048,2048,ffc00000,ffc00000,0,0
494,13,128,64,3f000000,quaternion,quaternion,0,0,0,0,2048,2048,ffc00000,ffc00000,0,0
495,13,128,64,3f800000,quaternion,quaternion,0,0,0,0,2048,2048,ffc00000,ffc00000,0,0
496,13,128,64,7fc12345,quaternion,quaternion,0,0,0,0,2048,2048,ffc00000,ffc00000,0,0
497,13,128,64,ff854321,quaternion,quaternion,0,0,0,0,2048,2048,ffc00000,ffc00000,0,0
498,13,64,128,00000000,quaternion,quaternion,0,0,0,0,2048,2048,ffc00000,ffc00000,0,0
499,13,64,128,80000000,quaternion,quaternion,0,0,0,0,2048,2048,ffc00000,ffc00000,0,0
500,13,64,128,3f000000,quaternion,quaternion,0,0,0,0,2048,2048,ffc00000,ffc00000,0,0
501,13,64,128,3f800000,quaternion,quaternion,0,0,0,0,2048,2048,ffc00000,ffc00000,0,0
502,13,64,128,7fc12345,quaternion,quaternion,0,0,0,0,2048,2048,ffc00000,ffc00000,0,0
503,13,64,128,ff854321,quaternion,quaternion,0,0,0,0,2048,2048,ffc00000,ffc00000,0,0
504,14,64,256,00000000,quaternion,quaternion,0,0,0,0,2048,2048,7fc12345,7fc12345,0,0
505,14,64,256,80000000,quaternion,quaternion,0,0,0,0,2048,2048,7fc12345,7fc12345,0,0
506,14,64,256,3f000000,quaternion,quaternion,0,0,0,0,2048,2048,7fc12345,7fc12345,0,0
507,14,64,256,3f800000,quaternion,quaternion,0,0,0,0,2048,2048,7fc12345,7fc12345,0,0
508,14,64,256,7fc12345,quaternion,quaternion,0,0,0,0,2048,2048,7fc12345,7fc12345,0,0
509,14,64,256,ff854321,quaternion,quaternion,1,0,0,0,2048,2048,7fc12345,7fc12345,0,0
510,14,64,64,00000000,quaternion,quaternion,0,0,0,0,2048,2048,7fc12345,7fc12345,0,0
511,14,64,64,80000000,quaternion,quaternion,0,0,0,0,2048,2048,7fc12345,7fc12345,0,0
512,14,64,64,3f000000,quaternion,quaternion,0,0,0,0,2048,2048,7fc12345,7fc12345,0,0
513,14,64,64,3f800000,quaternion,quaternion,0,0,0,0,2048,2048,7fc12345,7fc12345,0,0
514,14,64,64,7fc12345,quaternion,quaternion,0,0,0,0,2048,2048,7fc12345,7fc12345,0,0
515,14,64,64,ff854321,quaternion,quaternion,1,0,0,0,2048,2048,7fc12345,7fc12345,0,0
516,14,64,48,00000000,quaternion,quaternion,0,0,0,0,2048,2048,7fc12345,7fc12345,0,0
517,14,64,48,80000000,quaternion,quaternion,0,0,0,0,2048,2048,7fc12345,7fc12345,0,0
518,14,64,48,3f000000,quaternion,quaternion,0,0,0,0,2048,2048,7fc12345,7fc12345,0,0
519,14,64,48,3f800000,quaternion,quaternion,0,0,0,0,2048,2048,7fc12345,7fc12345,0,0
520,14,64,48,7fc12345,quaternion,quaternion,0,0,0,0,2048,2048,7fc12345,7fc12345,0,0
521,14,64,48,ff854321,quaternion,quaternion,1,0,0,0,2048,2048,7fc12345,7fc12345,0,0
522,14,64,80,00000000,quaternion,quaternion,0,0,0,0,2048,2048,7fc12345,7fc12345,0,0
523,14,64,80,80000000,quaternion,quaternion,0,0,0,0,2048,2048,7fc12345,7fc12345,0,0
524,14,64,80,3f000000,quaternion,quaternion,0,0,0,0,2048,2048,7fc12345,7fc12345,0,0
525,14,64,80,3f800000,quaternion,quaternion,0,0,0,0,2048,2048,7fc12345,7fc12345,0,0
526,14,64,80,7fc12345,quaternion,quaternion,0,0,0,0,2048,2048,7fc12345,7fc12345,0,0
527,14,64,80,ff854321,quaternion,quaternion,1,0,0,0,2048,2048,7fc12345,7fc12345,0,0
528,14,128,64,00000000,quaternion,quaternion,1,1,0,0,2048,2048,7fc12345,7fc12345,0,0
529,14,128,64,80000000,quaternion,quaternion,1,1,0,0,2048,2048,7fc12345,7fc12345,0,0
530,14,128,64,3f000000,quaternion,quaternion,1,1,0,0,2048,2048,7fc12345,7fc12345,0,0
531,14,128,64,3f800000,quaternion,quaternion,1,1,0,0,2048,2048,7fc12345,7fc12345,0,0
532,14,128,64,7fc12345,quaternion,quaternion,1,1,0,0,2048,2048,7fc12345,7fc12345,0,0
533,14,128,64,ff854321,quaternion,quaternion,1,1,0,0,2048,2048,7fc12345,7fc12345,0,0
534,14,64,128,00000000,quaternion,quaternion,0,0,0,0,2048,2048,7fc12345,7fc12345,0,0
535,14,64,128,80000000,quaternion,quaternion,0,0,0,0,2048,2048,7fc12345,7fc12345,0,0
536,14,64,128,3f000000,quaternion,quaternion,0,0,0,0,2048,2048,7fc12345,7fc12345,0,0
537,14,64,128,3f800000,quaternion,quaternion,0,0,0,0,2048,2048,7fc12345,7fc12345,0,0
538,14,64,128,7fc12345,quaternion,quaternion,0,0,0,0,2048,2048,7fc12345,7fc12345,0,0
539,14,64,128,ff854321,quaternion,quaternion,1,0,0,0,2048,2048,7fc12345,7fc12345,0,0
540,15,64,256,00000000,quaternion,quaternion,0,0,0,0,2048,2048,ffc54321,ffc54321,0,0
541,15,64,256,80000000,quaternion,quaternion,0,0,0,0,2048,2048,ffc54321,ffc54321,0,0
542,15,64,256,3f000000,quaternion,quaternion,0,0,0,0,2048,2048,ffc54321,ffc54321,0,0
543,15,64,256,3f800000,quaternion,quaternion,0,0,0,0,2048,2048,ffc54321,ffc54321,0,0
544,15,64,256,7fc12345,quaternion,quaternion,1,0,0,0,2048,2048,ffc54321,ffc54321,0,0
545,15,64,256,ff854321,quaternion,quaternion,0,0,0,0,2048,2048,ffc54321,ffc54321,0,0
546,15,64,64,00000000,quaternion,quaternion,0,0,0,0,2048,2048,ffc54321,ffc54321,0,0
547,15,64,64,80000000,quaternion,quaternion,0,0,0,0,2048,2048,ffc54321,ffc54321,0,0
548,15,64,64,3f000000,quaternion,quaternion,0,0,0,0,2048,2048,ffc54321,ffc54321,0,0
549,15,64,64,3f800000,quaternion,quaternion,0,0,0,0,2048,2048,ffc54321,ffc54321,0,0
550,15,64,64,7fc12345,quaternion,quaternion,1,0,0,0,2048,2048,ffc54321,ffc54321,0,0
551,15,64,64,ff854321,quaternion,quaternion,0,0,0,0,2048,2048,ffc54321,ffc54321,0,0
552,15,64,48,00000000,quaternion,quaternion,0,0,0,0,2048,2048,ffc54321,ffc54321,0,0
553,15,64,48,80000000,quaternion,quaternion,0,0,0,0,2048,2048,ffc54321,ffc54321,0,0
554,15,64,48,3f000000,quaternion,quaternion,0,0,0,0,2048,2048,ffc54321,ffc54321,0,0
555,15,64,48,3f800000,quaternion,quaternion,0,0,0,0,2048,2048,ffc54321,ffc54321,0,0
556,15,64,48,7fc12345,quaternion,quaternion,1,0,0,0,2048,2048,ffc54321,ffc54321,0,0
557,15,64,48,ff854321,quaternion,quaternion,0,0,0,0,2048,2048,ffc54321,ffc54321,0,0
558,15,64,80,00000000,quaternion,quaternion,0,0,0,0,2048,2048,ffc54321,ffc54321,0,0
559,15,64,80,80000000,quaternion,quaternion,0,0,0,0,2048,2048,ffc54321,ffc54321,0,0
560,15,64,80,3f000000,quaternion,quaternion,0,0,0,0,2048,2048,ffc54321,ffc54321,0,0
561,15,64,80,3f800000,quaternion,quaternion,0,0,0,0,2048,2048,ffc54321,ffc54321,0,0
562,15,64,80,7fc12345,quaternion,quaternion,1,0,0,0,2048,2048,ffc54321,ffc54321,0,0
563,15,64,80,ff854321,quaternion,quaternion,0,0,0,0,2048,2048,ffc54321,ffc54321,0,0
564,15,128,64,00000000,quaternion,quaternion,0,0,0,0,2048,2048,ffc54321,ffc54321,0,0
565,15,128,64,80000000,quaternion,quaternion,0,0,0,0,2048,2048,ffc54321,ffc54321,0,0
566,15,128,64,3f000000,quaternion,quaternion,0,0,0,0,2048,2048,ffc54321,ffc54321,0,0
567,15,128,64,3f800000,quaternion,quaternion,0,0,0,0,2048,2048,ffc54321,ffc54321,0,0
568,15,128,64,7fc12345,quaternion,quaternion,1,1,0,0,2048,2048,ffc54321,ffc54321,0,0
569,15,128,64,ff854321,quaternion,quaternion,0,0,0,0,2048,2048,ffc54321,ffc54321,0,0
570,15,64,128,00000000,quaternion,quaternion,0,0,0,0,2048,2048,ffc54321,ffc54321,0,0
571,15,64,128,80000000,quaternion,quaternion,0,0,0,0,2048,2048,ffc54321,ffc54321,0,0
572,15,64,128,3f000000,quaternion,quaternion,0,0,0,0,2048,2048,ffc54321,ffc54321,0,0
573,15,64,128,3f800000,quaternion,quaternion,0,0,0,0,2048,2048,ffc54321,ffc54321,0,0
574,15,64,128,7fc12345,quaternion,quaternion,1,0,0,0,2048,2048,ffc54321,ffc54321,0,0
575,15,64,128,ff854321,quaternion,quaternion,0,0,0,0,2048,2048,ffc54321,ffc54321,0,0
576,16,64,256,00000000,quaternion,quaternion,0,0,0,0,2048,2048,7fc12345,7fc12345,0,0
577,16,64,256,80000000,quaternion,quaternion,0,0,0,0,2048,2048,7fc12345,7fc12345,0,0
578,16,64,256,3f000000,quaternion,quaternion,0,0,0,0,2048,2048,7fc12345,7fc12345,0,0
579,16,64,256,3f800000,quaternion,quaternion,0,0,0,0,2048,2048,7fc12345,7fc12345,0,0
580,16,64,256,7fc12345,quaternion,quaternion,0,0,0,0,2048,2048,7fc12345,7fc12345,0,0
581,16,64,256,ff854321,quaternion,quaternion,1,0,0,0,2048,2048,7fc12345,7fc12345,0,0
582,16,64,64,00000000,quaternion,quaternion,0,0,0,0,2048,2048,7fc12345,7fc12345,0,0
583,16,64,64,80000000,quaternion,quaternion,0,0,0,0,2048,2048,7fc12345,7fc12345,0,0
584,16,64,64,3f000000,quaternion,quaternion,0,0,0,0,2048,2048,7fc12345,7fc12345,0,0
585,16,64,64,3f800000,quaternion,quaternion,0,0,0,0,2048,2048,7fc12345,7fc12345,0,0
586,16,64,64,7fc12345,quaternion,quaternion,0,0,0,0,2048,2048,7fc12345,7fc12345,0,0
587,16,64,64,ff854321,quaternion,quaternion,1,0,0,0,2048,2048,7fc12345,7fc12345,0,0
588,16,64,48,00000000,quaternion,quaternion,0,0,0,0,2048,2048,7fc12345,7fc12345,0,0
589,16,64,48,80000000,quaternion,quaternion,0,0,0,0,2048,2048,7fc12345,7fc12345,0,0
590,16,64,48,3f000000,quaternion,quaternion,0,0,0,0,2048,2048,7fc12345,7fc12345,0,0
591,16,64,48,3f800000,quaternion,quaternion,0,0,0,0,2048,2048,7fc12345,7fc12345,0,0
592,16,64,48,7fc12345,quaternion,quaternion,0,0,0,0,2048,2048,7fc12345,7fc12345,0,0
593,16,64,48,ff854321,quaternion,quaternion,1,0,0,0,2048,2048,7fc12345,7fc12345,0,0
594,16,64,80,00000000,quaternion,quaternion,0,0,0,0,2048,2048,7fc12345,7fc12345,0,0
595,16,64,80,80000000,quaternion,quaternion,0,0,0,0,2048,2048,7fc12345,7fc12345,0,0
596,16,64,80,3f000000,quaternion,quaternion,0,0,0,0,2048,2048,7fc12345,7fc12345,0,0
597,16,64,80,3f800000,quaternion,quaternion,0,0,0,0,2048,2048,7fc12345,7fc12345,0,0
598,16,64,80,7fc12345,quaternion,quaternion,0,0,0,0,2048,2048,7fc12345,7fc12345,0,0
599,16,64,80,ff854321,quaternion,quaternion,1,0,0,0,2048,2048,7fc12345,7fc12345,0,0
600,16,128,64,00000000,quaternion,quaternion,1,1,0,0,2048,2048,7fc12345,7fc12345,0,0
601,16,128,64,80000000,quaternion,quaternion,1,1,0,0,2048,2048,7fc12345,7fc12345,0,0
602,16,128,64,3f000000,quaternion,quaternion,1,1,0,0,2048,2048,7fc12345,7fc12345,0,0
603,16,128,64,3f800000,quaternion,quaternion,1,1,0,0,2048,2048,7fc12345,7fc12345,0,0
604,16,128,64,7fc12345,quaternion,quaternion,1,1,0,0,2048,2048,7fc12345,7fc12345,0,0
605,16,128,64,ff854321,quaternion,quaternion,1,1,0,0,2048,2048,7fc12345,7fc12345,0,0
606,16,64,128,00000000,quaternion,quaternion,0,0,0,0,2048,2048,7fc12345,7fc12345,0,0
607,16,64,128,80000000,quaternion,quaternion,0,0,0,0,2048,2048,7fc12345,7fc12345,0,0
608,16,64,128,3f000000,quaternion,quaternion,0,0,0,0,2048,2048,7fc12345,7fc12345,0,0
609,16,64,128,3f800000,quaternion,quaternion,0,0,0,0,2048,2048,7fc12345,7fc12345,0,0
610,16,64,128,7fc12345,quaternion,quaternion,0,0,0,0,2048,2048,7fc12345,7fc12345,0,0
611,16,64,128,ff854321,quaternion,quaternion,1,0,0,0,2048,2048,7fc12345,7fc12345,0,0
612,17,64,256,00000000,quaternion,quaternion,0,0,0,0,2048,2048,ffc54321,ffc54321,0,0
613,17,64,256,80000000,quaternion,quaternion,0,0,0,0,2048,2048,ffc54321,ffc54321,0,0
614,17,64,256,3f000000,quaternion,quaternion,0,0,0,0,2048,2048,ffc54321,ffc54321,0,0
615,17,64,256,3f800000,quaternion,quaternion,0,0,0,0,2048,2048,ffc54321,ffc54321,0,0
616,17,64,256,7fc12345,quaternion,quaternion,1,0,0,0,2048,2048,ffc54321,ffc54321,0,0
617,17,64,256,ff854321,quaternion,quaternion,0,0,0,0,2048,2048,ffc54321,ffc54321,0,0
618,17,64,64,00000000,quaternion,quaternion,0,0,0,0,2048,2048,ffc54321,ffc54321,0,0
619,17,64,64,80000000,quaternion,quaternion,0,0,0,0,2048,2048,ffc54321,ffc54321,0,0
620,17,64,64,3f000000,quaternion,quaternion,0,0,0,0,2048,2048,ffc54321,ffc54321,0,0
621,17,64,64,3f800000,quaternion,quaternion,0,0,0,0,2048,2048,ffc54321,ffc54321,0,0
622,17,64,64,7fc12345,quaternion,quaternion,1,0,0,0,2048,2048,ffc54321,ffc54321,0,0
623,17,64,64,ff854321,quaternion,quaternion,0,0,0,0,2048,2048,ffc54321,ffc54321,0,0
624,17,64,48,00000000,quaternion,quaternion,0,0,0,0,2048,2048,ffc54321,ffc54321,0,0
625,17,64,48,80000000,quaternion,quaternion,0,0,0,0,2048,2048,ffc54321,ffc54321,0,0
626,17,64,48,3f000000,quaternion,quaternion,0,0,0,0,2048,2048,ffc54321,ffc54321,0,0
627,17,64,48,3f800000,quaternion,quaternion,0,0,0,0,2048,2048,ffc54321,ffc54321,0,0
628,17,64,48,7fc12345,quaternion,quaternion,1,0,0,0,2048,2048,ffc54321,ffc54321,0,0
629,17,64,48,ff854321,quaternion,quaternion,0,0,0,0,2048,2048,ffc54321,ffc54321,0,0
630,17,64,80,00000000,quaternion,quaternion,0,0,0,0,2048,2048,ffc54321,ffc54321,0,0
631,17,64,80,80000000,quaternion,quaternion,0,0,0,0,2048,2048,ffc54321,ffc54321,0,0
632,17,64,80,3f000000,quaternion,quaternion,0,0,0,0,2048,2048,ffc54321,ffc54321,0,0
633,17,64,80,3f800000,quaternion,quaternion,0,0,0,0,2048,2048,ffc54321,ffc54321,0,0
634,17,64,80,7fc12345,quaternion,quaternion,1,0,0,0,2048,2048,ffc54321,ffc54321,0,0
635,17,64,80,ff854321,quaternion,quaternion,0,0,0,0,2048,2048,ffc54321,ffc54321,0,0
636,17,128,64,00000000,quaternion,quaternion,0,0,0,0,2048,2048,ffc54321,ffc54321,0,0
637,17,128,64,80000000,quaternion,quaternion,0,0,0,0,2048,2048,ffc54321,ffc54321,0,0
638,17,128,64,3f000000,quaternion,quaternion,0,0,0,0,2048,2048,ffc54321,ffc54321,0,0
639,17,128,64,3f800000,quaternion,quaternion,0,0,0,0,2048,2048,ffc54321,ffc54321,0,0
640,17,128,64,7fc12345,quaternion,quaternion,1,1,0,0,2048,2048,ffc54321,ffc54321,0,0
641,17,128,64,ff854321,quaternion,quaternion,0,0,0,0,2048,2048,ffc54321,ffc54321,0,0
642,17,64,128,00000000,quaternion,quaternion,0,0,0,0,2048,2048,ffc54321,ffc54321,0,0
643,17,64,128,80000000,quaternion,quaternion,0,0,0,0,2048,2048,ffc54321,ffc54321,0,0
644,17,64,128,3f000000,quaternion,quaternion,0,0,0,0,2048,2048,ffc54321,ffc54321,0,0
645,17,64,128,3f800000,quaternion,quaternion,0,0,0,0,2048,2048,ffc54321,ffc54321,0,0
646,17,64,128,7fc12345,quaternion,quaternion,1,0,0,0,2048,2048,ffc54321,ffc54321,0,0
647,17,64,128,ff854321,quaternion,quaternion,0,0,0,0,2048,2048,ffc54321,ffc54321,0,0
648,18,64,256,00000000,quaternion,quaternion,0,0,0,0,2048,2048,3f400002,3f400002,0,0
649,18,64,256,80000000,quaternion,quaternion,0,0,0,0,2048,2048,3ec00000,3ec00000,0,0
650,18,64,256,3f000000,quaternion,quaternion,0,0,0,0,2048,2048,3f100002,3f100002,0,0
651,18,64,256,3f800000,quaternion,quaternion,0,0,0,0,2048,2048,3f400002,3f400002,0,0
652,18,64,256,7fc12345,quaternion,quaternion,0,0,0,0,2048,2048,7fc12345,7fc12345,0,0
653,18,64,256,ff854321,quaternion,quaternion,0,0,0,0,2048,2048,ffc54321,ffc54321,0,0
654,18,64,64,00000000,quaternion,quaternion,0,0,0,0,2048,2048,3f400002,3f400002,0,0
655,18,64,64,80000000,quaternion,quaternion,0,0,0,0,2048,2048,3ec00000,3ec00000,0,0
656,18,64,64,3f000000,quaternion,quaternion,0,0,0,0,2048,2048,3f100002,3f100002,0,0
657,18,64,64,3f800000,quaternion,quaternion,0,0,0,0,2048,2048,3f400002,3f400002,0,0
658,18,64,64,7fc12345,quaternion,quaternion,0,0,0,0,2048,2048,7fc12345,7fc12345,0,0
659,18,64,64,ff854321,quaternion,quaternion,0,0,0,0,2048,2048,ffc54321,ffc54321,0,0
660,18,64,48,00000000,quaternion,quaternion,0,0,0,0,2048,2048,3f400002,3f400002,0,0
661,18,64,48,80000000,quaternion,quaternion,0,0,0,0,2048,2048,3ec00000,3ec00000,0,0
662,18,64,48,3f000000,quaternion,quaternion,0,0,0,0,2048,2048,3f100002,3f100002,0,0
663,18,64,48,3f800000,quaternion,quaternion,0,0,0,0,2048,2048,3f400002,3f400002,0,0
664,18,64,48,7fc12345,quaternion,quaternion,0,0,0,0,2048,2048,7fc12345,7fc12345,0,0
665,18,64,48,ff854321,quaternion,quaternion,0,0,0,0,2048,2048,ffc54321,ffc54321,0,0
666,18,64,80,00000000,quaternion,quaternion,0,0,0,0,2048,2048,3f400002,3f400002,0,0
667,18,64,80,80000000,quaternion,quaternion,0,0,0,0,2048,2048,3ec00000,3ec00000,0,0
668,18,64,80,3f000000,quaternion,quaternion,0,0,0,0,2048,2048,3f100002,3f100002,0,0
669,18,64,80,3f800000,quaternion,quaternion,0,0,0,0,2048,2048,3f400002,3f400002,0,0
670,18,64,80,7fc12345,quaternion,quaternion,0,0,0,0,2048,2048,7fc12345,7fc12345,0,0
671,18,64,80,ff854321,quaternion,quaternion,0,0,0,0,2048,2048,ffc54321,ffc54321,0,0
672,18,128,64,00000000,quaternion,quaternion,0,0,0,0,2048,2048,3f400002,3f400002,0,0
673,18,128,64,80000000,quaternion,quaternion,0,0,0,0,2048,2048,3ec00000,3ec00000,0,0
674,18,128,64,3f000000,quaternion,quaternion,0,0,0,0,2048,2048,3f100002,3f100002,0,0
675,18,128,64,3f800000,quaternion,quaternion,0,0,0,0,2048,2048,3f400002,3f400002,0,0
676,18,128,64,7fc12345,quaternion,quaternion,0,0,0,0,2048,2048,7fc12345,7fc12345,0,0
677,18,128,64,ff854321,quaternion,quaternion,0,0,0,0,2048,2048,ffc54321,ffc54321,0,0
678,18,64,128,00000000,quaternion,quaternion,0,0,0,0,2048,2048,3f400002,3f400002,0,0
679,18,64,128,80000000,quaternion,quaternion,0,0,0,0,2048,2048,3ec00000,3ec00000,0,0
680,18,64,128,3f000000,quaternion,quaternion,0,0,0,0,2048,2048,3f100002,3f100002,0,0
681,18,64,128,3f800000,quaternion,quaternion,0,0,0,0,2048,2048,3f400002,3f400002,0,0
682,18,64,128,7fc12345,quaternion,quaternion,0,0,0,0,2048,2048,7fc12345,7fc12345,0,0
683,18,64,128,ff854321,quaternion,quaternion,0,0,0,0,2048,2048,ffc54321,ffc54321,0,0
684,19,64,256,00000000,quaternion,quaternion,0,0,0,0,2048,2048,be800000,be800000,0,0
685,19,64,256,80000000,quaternion,quaternion,0,0,0,0,2048,2048,bec00000,bec00000,0,0
686,19,64,256,3f000000,quaternion,quaternion,0,0,0,0,2048,2048,bea00000,bea00000,0,0
687,19,64,256,3f800000,quaternion,quaternion,0,0,0,0,2048,2048,be800000,be800000,0,0
688,19,64,256,7fc12345,quaternion,quaternion,0,0,0,0,2048,2048,7fc12345,7fc12345,0,0
689,19,64,256,ff854321,quaternion,quaternion,0,0,0,0,2048,2048,ffc54321,ffc54321,0,0
690,19,64,64,00000000,quaternion,quaternion,0,0,0,0,2048,2048,be800000,be800000,0,0
691,19,64,64,80000000,quaternion,quaternion,0,0,0,0,2048,2048,bec00000,bec00000,0,0
692,19,64,64,3f000000,quaternion,quaternion,0,0,0,0,2048,2048,bea00000,bea00000,0,0
693,19,64,64,3f800000,quaternion,quaternion,0,0,0,0,2048,2048,be800000,be800000,0,0
694,19,64,64,7fc12345,quaternion,quaternion,0,0,0,0,2048,2048,7fc12345,7fc12345,0,0
695,19,64,64,ff854321,quaternion,quaternion,0,0,0,0,2048,2048,ffc54321,ffc54321,0,0
696,19,64,48,00000000,quaternion,quaternion,0,0,0,0,2048,2048,be800000,be800000,0,0
697,19,64,48,80000000,quaternion,quaternion,0,0,0,0,2048,2048,bec00000,bec00000,0,0
698,19,64,48,3f000000,quaternion,quaternion,0,0,0,0,2048,2048,bea00000,bea00000,0,0
699,19,64,48,3f800000,quaternion,quaternion,0,0,0,0,2048,2048,be800000,be800000,0,0
700,19,64,48,7fc12345,quaternion,quaternion,0,0,0,0,2048,2048,7fc12345,7fc12345,0,0
701,19,64,48,ff854321,quaternion,quaternion,0,0,0,0,2048,2048,ffc54321,ffc54321,0,0
702,19,64,80,00000000,quaternion,quaternion,0,0,0,0,2048,2048,be800000,be800000,0,0
703,19,64,80,80000000,quaternion,quaternion,0,0,0,0,2048,2048,bec00000,bec00000,0,0
704,19,64,80,3f000000,quaternion,quaternion,0,0,0,0,2048,2048,bea00000,bea00000,0,0
705,19,64,80,3f800000,quaternion,quaternion,0,0,0,0,2048,2048,be800000,be800000,0,0
706,19,64,80,7fc12345,quaternion,quaternion,0,0,0,0,2048,2048,7fc12345,7fc12345,0,0
707,19,64,80,ff854321,quaternion,quaternion,0,0,0,0,2048,2048,ffc54321,ffc54321,0,0
708,19,128,64,00000000,quaternion,quaternion,0,0,0,0,2048,2048,be800000,be800000,0,0
709,19,128,64,80000000,quaternion,quaternion,0,0,0,0,2048,2048,bec00000,bec00000,0,0
710,19,128,64,3f000000,quaternion,quaternion,0,0,0,0,2048,2048,bea00000,bea00000,0,0
711,19,128,64,3f800000,quaternion,quaternion,0,0,0,0,2048,2048,be800000,be800000,0,0
712,19,128,64,7fc12345,quaternion,quaternion,0,0,0,0,2048,2048,7fc12345,7fc12345,0,0
713,19,128,64,ff854321,quaternion,quaternion,0,0,0,0,2048,2048,ffc54321,ffc54321,0,0
714,19,64,128,00000000,quaternion,quaternion,0,0,0,0,2048,2048,be800000,be800000,0,0
715,19,64,128,80000000,quaternion,quaternion,0,0,0,0,2048,2048,bec00000,bec00000,0,0
716,19,64,128,3f000000,quaternion,quaternion,0,0,0,0,2048,2048,bea00000,bea00000,0,0
717,19,64,128,3f800000,quaternion,quaternion,0,0,0,0,2048,2048,be800000,be800000,0,0
718,19,64,128,7fc12345,quaternion,quaternion,0,0,0,0,2048,2048,7fc12345,7fc12345,0,0
719,19,64,128,ff854321,quaternion,quaternion,0,0,0,0,2048,2048,ffc54321,ffc54321,0,0
720,20,64,256,00000000,quaternion,quaternion,1,1,0,0,2048,2048,7fc12345,7fc12345,0,0
721,20,64,256,80000000,quaternion,quaternion,1,1,0,0,2048,2048,7fc12345,7fc12345,0,0
722,20,64,256,3f000000,quaternion,quaternion,1,1,0,0,2048,2048,7fc12345,7fc12345,0,0
723,20,64,256,3f800000,quaternion,quaternion,1,1,0,0,2048,2048,7fc12345,7fc12345,0,0
724,20,64,256,7fc12345,quaternion,quaternion,1,1,0,0,2048,2048,7fc12345,7fc12345,0,0
725,20,64,256,ff854321,quaternion,quaternion,1,1,0,0,2048,2048,7fc12345,7fc12345,0,0
726,20,64,64,00000000,quaternion,quaternion,1,1,0,0,2048,2048,7fc12345,7fc12345,0,0
727,20,64,64,80000000,quaternion,quaternion,1,1,0,0,2048,2048,7fc12345,7fc12345,0,0
728,20,64,64,3f000000,quaternion,quaternion,1,1,0,0,2048,2048,7fc12345,7fc12345,0,0
729,20,64,64,3f800000,quaternion,quaternion,1,1,0,0,2048,2048,7fc12345,7fc12345,0,0
730,20,64,64,7fc12345,quaternion,quaternion,1,1,0,0,2048,2048,7fc12345,7fc12345,0,0
731,20,64,64,ff854321,quaternion,quaternion,1,1,0,0,2048,2048,7fc12345,7fc12345,0,0
732,20,64,48,00000000,quaternion,quaternion,1,1,0,0,2048,2048,34ffffff,34ffffff,0,0
733,20,64,48,80000000,quaternion,quaternion,1,1,0,0,2048,2048,357fffff,357fffff,0,0
734,20,64,48,3f000000,quaternion,quaternion,1,1,0,0,2048,2048,353fffff,353fffff,0,0
735,20,64,48,3f800000,quaternion,quaternion,1,1,0,0,2048,2048,34ffffff,34ffffff,0,0
736,20,64,48,7fc12345,quaternion,quaternion,1,1,0,0,2048,2048,7fc12345,7fc12345,0,0
737,20,64,48,ff854321,quaternion,quaternion,1,1,0,0,2048,2048,ffc54321,ffc54321,0,0
738,20,64,80,00000000,quaternion,quaternion,1,0,0,0,2048,2048,00000001,00000001,0,0
739,20,64,80,80000000,quaternion,quaternion,1,0,0,0,2048,2048,00000002,00000002,0,0
740,20,64,80,3f000000,quaternion,quaternion,1,0,0,0,2048,2048,00000002,00000002,0,0
741,20,64,80,3f800000,quaternion,quaternion,1,0,0,0,2048,2048,00000001,00000001,0,0
742,20,64,80,7fc12345,quaternion,quaternion,1,1,0,0,2048,2048,7fc12345,7fc12345,0,0
743,20,64,80,ff854321,quaternion,quaternion,1,0,0,0,2048,2048,ffc54321,ffc54321,0,0
744,20,128,64,00000000,quaternion,quaternion,1,1,0,0,2048,2048,7fc12345,7fc12345,0,0
745,20,128,64,80000000,quaternion,quaternion,1,1,0,0,2048,2048,7fc12345,7fc12345,0,0
746,20,128,64,3f000000,quaternion,quaternion,1,1,0,0,2048,2048,7fc12345,7fc12345,0,0
747,20,128,64,3f800000,quaternion,quaternion,1,1,0,0,2048,2048,7fc12345,7fc12345,0,0
748,20,128,64,7fc12345,quaternion,quaternion,1,1,0,0,2048,2048,7fc12345,7fc12345,0,0
749,20,128,64,ff854321,quaternion,quaternion,1,1,0,0,2048,2048,7fc12345,7fc12345,0,0
750,20,64,128,00000000,quaternion,quaternion,1,1,0,0,2048,2048,34ffffff,34ffffff,0,0
751,20,64,128,80000000,quaternion,quaternion,1,1,0,0,2048,2048,357fffff,357fffff,0,0
752,20,64,128,3f000000,quaternion,quaternion,1,1,0,0,2048,2048,353fffff,353fffff,0,0
753,20,64,128,3f800000,quaternion,quaternion,1,1,0,0,2048,2048,34ffffff,34ffffff,0,0
754,20,64,128,7fc12345,quaternion,quaternion,1,1,0,0,2048,2048,7fc12345,7fc12345,0,0
755,20,64,128,ff854321,quaternion,quaternion,1,1,0,0,2048,2048,ffc54321,ffc54321,0,0
756,21,64,256,00000000,quaternion,quaternion,1,1,0,0,2048,2048,ffc54321,ffc54321,0,0
757,21,64,256,80000000,quaternion,quaternion,1,1,0,0,2048,2048,ffc54321,ffc54321,0,0
758,21,64,256,3f000000,quaternion,quaternion,1,1,0,0,2048,2048,ffc54321,ffc54321,0,0
759,21,64,256,3f800000,quaternion,quaternion,1,1,0,0,2048,2048,ffc54321,ffc54321,0,0
760,21,64,256,7fc12345,quaternion,quaternion,1,1,0,0,2048,2048,ffc54321,ffc54321,0,0
761,21,64,256,ff854321,quaternion,quaternion,1,1,0,0,2048,2048,ffc54321,ffc54321,0,0
762,21,64,64,00000000,quaternion,quaternion,1,1,0,0,2048,2048,ffc54321,ffc54321,0,0
763,21,64,64,80000000,quaternion,quaternion,1,1,0,0,2048,2048,ffc54321,ffc54321,0,0
764,21,64,64,3f000000,quaternion,quaternion,1,1,0,0,2048,2048,ffc54321,ffc54321,0,0
765,21,64,64,3f800000,quaternion,quaternion,1,1,0,0,2048,2048,ffc54321,ffc54321,0,0
766,21,64,64,7fc12345,quaternion,quaternion,1,1,0,0,2048,2048,ffc54321,ffc54321,0,0
767,21,64,64,ff854321,quaternion,quaternion,1,1,0,0,2048,2048,ffc54321,ffc54321,0,0
768,21,64,48,00000000,free,free,0,0,0,0,2064,2064,80000001,80000001,0,0
769,21,64,48,80000000,free,free,0,0,0,0,2064,2064,80000001,80000001,0,0
770,21,64,48,3f000000,free,free,0,0,0,0,2064,2064,80000001,80000001,0,0
771,21,64,48,3f800000,free,free,0,0,0,0,2064,2064,80000001,80000001,0,0
772,21,64,48,7fc12345,free,free,0,0,0,0,2064,2064,80000001,80000001,0,0
773,21,64,48,ff854321,free,free,0,0,0,0,2064,2064,80000001,80000001,0,0
774,21,64,80,00000000,quaternion,quaternion,1,0,0,0,2048,2048,80000001,80000001,0,0
775,21,64,80,80000000,quaternion,quaternion,1,0,0,0,2048,2048,34ffffff,34ffffff,0,0
776,21,64,80,3f000000,quaternion,quaternion,1,0,0,0,2048,2048,347fffff,347fffff,0,0
777,21,64,80,3f800000,quaternion,quaternion,1,0,0,0,2048,2048,80000001,80000001,0,0
778,21,64,80,7fc12345,quaternion,quaternion,1,0,0,0,2048,2048,7fc12345,7fc12345,0,0
779,21,64,80,ff854321,quaternion,quaternion,1,1,0,0,2048,2048,ffc54321,ffc54321,0,0
780,21,128,64,00000000,quaternion,quaternion,1,1,0,0,2048,2048,ffc54321,ffc54321,0,0
781,21,128,64,80000000,quaternion,quaternion,1,1,0,0,2048,2048,ffc54321,ffc54321,0,0
782,21,128,64,3f000000,quaternion,quaternion,1,1,0,0,2048,2048,ffc54321,ffc54321,0,0
783,21,128,64,3f800000,quaternion,quaternion,1,1,0,0,2048,2048,ffc54321,ffc54321,0,0
784,21,128,64,7fc12345,quaternion,quaternion,1,1,0,0,2048,2048,ffc54321,ffc54321,0,0
785,21,128,64,ff854321,quaternion,quaternion,1,1,0,0,2048,2048,ffc54321,ffc54321,0,0
786,21,64,128,00000000,free,free,0,0,0,0,2064,2064,80000001,80000001,0,0
787,21,64,128,80000000,free,free,0,0,0,0,2064,2064,80000001,80000001,0,0
788,21,64,128,3f000000,free,free,0,0,0,0,2064,2064,80000001,80000001,0,0
789,21,64,128,3f800000,free,free,0,0,0,0,2064,2064,80000001,80000001,0,0
790,21,64,128,7fc12345,free,free,0,0,0,0,2064,2064,80000001,80000001,0,0
791,21,64,128,ff854321,free,free,0,0,0,0,2064,2064,80000001,80000001,0,0
792,22,64,256,00000000,quaternion,quaternion,1,1,0,0,2048,2048,7fc12345,7fc12345,0,0
793,22,64,256,80000000,quaternion,quaternion,1,1,0,0,2048,2048,7fc12345,7fc12345,0,0
794,22,64,256,3f000000,quaternion,quaternion,1,1,0,0,2048,2048,7fc12345,7fc12345,0,0
795,22,64,256,3f800000,quaternion,quaternion,1,1,0,0,2048,2048,7fc12345,7fc12345,0,0
796,22,64,256,7fc12345,quaternion,quaternion,1,1,0,0,2048,2048,7fc12345,7fc12345,0,0
797,22,64,256,ff854321,quaternion,quaternion,1,1,0,0,2048,2048,7fc12345,7fc12345,0,0
798,22,64,64,00000000,quaternion,quaternion,1,1,0,0,2048,2048,7fc12345,7fc12345,0,0
799,22,64,64,80000000,quaternion,quaternion,1,1,0,0,2048,2048,7fc12345,7fc12345,0,0
800,22,64,64,3f000000,quaternion,quaternion,1,1,0,0,2048,2048,7fc12345,7fc12345,0,0
801,22,64,64,3f800000,quaternion,quaternion,1,1,0,0,2048,2048,7fc12345,7fc12345,0,0
802,22,64,64,7fc12345,quaternion,quaternion,1,1,0,0,2048,2048,7fc12345,7fc12345,0,0
803,22,64,64,ff854321,quaternion,quaternion,1,1,0,0,2048,2048,7fc12345,7fc12345,0,0
804,22,64,48,00000000,quaternion,quaternion,1,1,0,0,2048,2048,7f800000,7f800000,0,0
805,22,64,48,80000000,quaternion,quaternion,1,1,0,0,2048,2048,7f800000,7f800000,0,0
806,22,64,48,3f000000,quaternion,quaternion,1,1,0,0,2048,2048,7f800000,7f800000,0,0
807,22,64,48,3f800000,quaternion,quaternion,1,1,0,0,2048,2048,7f800000,7f800000,0,0
808,22,64,48,7fc12345,quaternion,quaternion,1,1,0,0,2048,2048,7fc12345,7fc12345,0,0
809,22,64,48,ff854321,quaternion,quaternion,1,1,0,0,2048,2048,ffc54321,ffc54321,0,0
810,22,64,80,00000000,quaternion,quaternion,1,1,0,0,2048,2048,00fffffe,00fffffe,0,0
811,22,64,80,80000000,quaternion,quaternion,1,1,0,0,2048,2048,40fffffd,40fffffd,0,0
812,22,64,80,3f000000,quaternion,quaternion,1,1,0,0,2048,2048,407ffffd,407ffffd,0,0
813,22,64,80,3f800000,quaternion,quaternion,1,1,0,0,2048,2048,00fffffe,00fffffe,0,0
814,22,64,80,7fc12345,quaternion,quaternion,1,1,0,0,2048,2048,7fc12345,7fc12345,0,0
815,22,64,80,ff854321,quaternion,quaternion,1,1,0,0,2048,2048,ffc54321,ffc54321,0,0
816,22,128,64,00000000,quaternion,quaternion,1,1,0,0,2048,2048,7fc12345,7fc12345,0,0
817,22,128,64,80000000,quaternion,quaternion,1,1,0,0,2048,2048,7fc12345,7fc12345,0,0
818,22,128,64,3f000000,quaternion,quaternion,1,1,0,0,2048,2048,7fc12345,7fc12345,0,0
819,22,128,64,3f800000,quaternion,quaternion,1,1,0,0,2048,2048,7fc12345,7fc12345,0,0
820,22,128,64,7fc12345,quaternion,quaternion,1,1,0,0,2048,2048,7fc12345,7fc12345,0,0
821,22,128,64,ff854321,quaternion,quaternion,1,1,0,0,2048,2048,7fc12345,7fc12345,0,0
822,22,64,128,00000000,quaternion,quaternion,1,1,0,0,2048,2048,7f800000,7f800000,0,0
823,22,64,128,80000000,quaternion,quaternion,1,1,0,0,2048,2048,7f800000,7f800000,0,0
824,22,64,128,3f000000,quaternion,quaternion,1,1,0,0,2048,2048,7f800000,7f800000,0,0
825,22,64,128,3f800000,quaternion,quaternion,1,1,0,0,2048,2048,7f800000,7f800000,0,0
826,22,64,128,7fc12345,quaternion,quaternion,1,1,0,0,2048,2048,7fc12345,7fc12345,0,0
827,22,64,128,ff854321,quaternion,quaternion,1,1,0,0,2048,2048,ffc54321,ffc54321,0,0
828,23,64,256,00000000,quaternion,quaternion,0,0,0,0,2048,2048,ffc54321,ffc54321,0,0
829,23,64,256,80000000,quaternion,quaternion,0,0,0,0,2048,2048,ffc54321,ffc54321,0,0
830,23,64,256,3f000000,quaternion,quaternion,0,0,0,0,2048,2048,ffc54321,ffc54321,0,0
831,23,64,256,3f800000,quaternion,quaternion,0,0,0,0,2048,2048,ffc54321,ffc54321,0,0
832,23,64,256,7fc12345,quaternion,quaternion,0,0,0,0,2048,2048,ffc54321,ffc54321,0,0
833,23,64,256,ff854321,quaternion,quaternion,0,0,0,0,2048,2048,ffc54321,ffc54321,0,0
834,23,64,64,00000000,quaternion,quaternion,0,0,0,0,2048,2048,ffc54321,ffc54321,0,0
835,23,64,64,80000000,quaternion,quaternion,0,0,0,0,2048,2048,ffc54321,ffc54321,0,0
836,23,64,64,3f000000,quaternion,quaternion,0,0,0,0,2048,2048,ffc54321,ffc54321,0,0
837,23,64,64,3f800000,quaternion,quaternion,0,0,0,0,2048,2048,ffc54321,ffc54321,0,0
838,23,64,64,7fc12345,quaternion,quaternion,0,0,0,0,2048,2048,ffc54321,ffc54321,0,0
839,23,64,64,ff854321,quaternion,quaternion,0,0,0,0,2048,2048,ffc54321,ffc54321,0,0
840,23,64,48,00000000,quaternion,quaternion,0,0,0,0,2048,2048,7f800000,7f800000,0,0
841,23,64,48,80000000,quaternion,quaternion,0,0,0,0,2048,2048,ff800000,ff800000,0,0
842,23,64,48,3f000000,quaternion,quaternion,0,0,0,0,2048,2048,ff800000,ff800000,0,0
843,23,64,48,3f800000,quaternion,quaternion,0,0,0,0,2048,2048,ffc00000,ffc00000,0,0
844,23,64,48,7fc12345,quaternion,quaternion,0,0,0,0,2048,2048,7fc12345,7fc12345,0,0
845,23,64,48,ff854321,quaternion,quaternion,0,0,0,0,2048,2048,ffc54321,ffc54321,0,0
846,23,64,80,00000000,quaternion,quaternion,0,0,0,0,2048,2048,00000000,00000000,0,0
847,23,64,80,80000000,quaternion,quaternion,0,0,0,0,2048,2048,ffc00000,ffc00000,0,0
848,23,64,80,3f000000,quaternion,quaternion,0,0,0,0,2048,2048,ffc00000,ffc00000,0,0
849,23,64,80,3f800000,quaternion,quaternion,0,0,0,0,2048,2048,ffc00000,ffc00000,0,0
850,23,64,80,7fc12345,quaternion,quaternion,0,0,0,0,2048,2048,7fc12345,7fc12345,0,0
851,23,64,80,ff854321,quaternion,quaternion,0,0,0,0,2048,2048,ffc54321,ffc54321,0,0
852,23,128,64,00000000,quaternion,quaternion,0,0,0,0,2048,2048,ffc54321,ffc54321,0,0
853,23,128,64,80000000,quaternion,quaternion,0,0,0,0,2048,2048,ffc54321,ffc54321,0,0
854,23,128,64,3f000000,quaternion,quaternion,0,0,0,0,2048,2048,ffc54321,ffc54321,0,0
855,23,128,64,3f800000,quaternion,quaternion,0,0,0,0,2048,2048,ffc54321,ffc54321,0,0
856,23,128,64,7fc12345,quaternion,quaternion,0,0,0,0,2048,2048,ffc54321,ffc54321,0,0
857,23,128,64,ff854321,quaternion,quaternion,0,0,0,0,2048,2048,ffc54321,ffc54321,0,0
858,23,64,128,00000000,quaternion,quaternion,0,0,0,0,2048,2048,7f800000,7f800000,0,0
859,23,64,128,80000000,quaternion,quaternion,0,0,0,0,2048,2048,ff800000,ff800000,0,0
860,23,64,128,3f000000,quaternion,quaternion,0,0,0,0,2048,2048,ff800000,ff800000,0,0
861,23,64,128,3f800000,quaternion,quaternion,0,0,0,0,2048,2048,ffc00000,ffc00000,0,0
862,23,64,128,7fc12345,quaternion,quaternion,0,0,0,0,2048,2048,7fc12345,7fc12345,0,0
863,23,64,128,ff854321,quaternion,quaternion,0,0,0,0,2048,2048,ffc54321,ffc54321,0,0
864,24,64,256,00000000,quaternion,quaternion,0,0,0,0,2048,2048,7fc12345,7fc12345,0,0
865,24,64,256,80000000,quaternion,quaternion,0,0,0,0,2048,2048,7fc12345,7fc12345,0,0
866,24,64,256,3f000000,quaternion,quaternion,0,0,0,0,2048,2048,7fc12345,7fc12345,0,0
867,24,64,256,3f800000,quaternion,quaternion,0,0,0,0,2048,2048,7fc12345,7fc12345,0,0
868,24,64,256,7fc12345,quaternion,quaternion,0,0,0,0,2048,2048,7fc12345,7fc12345,0,0
869,24,64,256,ff854321,quaternion,quaternion,0,0,0,0,2048,2048,7fc12345,7fc12345,0,0
870,24,64,64,00000000,quaternion,quaternion,0,0,0,0,2048,2048,3f000001,3f000001,0,0
871,24,64,64,80000000,quaternion,quaternion,0,0,0,0,2048,2048,7f800000,7f800000,0,0
872,24,64,64,3f000000,quaternion,quaternion,0,0,0,0,2048,2048,7f800000,7f800000,0,0
873,24,64,64,3f800000,quaternion,quaternion,0,0,0,0,2048,2048,ffc00000,ffc00000,0,0
874,24,64,64,7fc12345,quaternion,quaternion,0,0,0,0,2048,2048,7fc12345,7fc12345,0,0
875,24,64,64,ff854321,quaternion,quaternion,0,0,0,0,2048,2048,ffc54321,ffc54321,0,0
876,24,64,48,00000000,quaternion,quaternion,0,0,0,0,2048,2048,7fc12345,7fc12345,0,0
877,24,64,48,80000000,quaternion,quaternion,0,0,0,0,2048,2048,7fc12345,7fc12345,0,0
878,24,64,48,3f000000,quaternion,quaternion,0,0,0,0,2048,2048,7fc12345,7fc12345,0,0
879,24,64,48,3f800000,quaternion,quaternion,0,0,0,0,2048,2048,7fc12345,7fc12345,0,0
880,24,64,48,7fc12345,quaternion,quaternion,0,0,0,0,2048,2048,7fc12345,7fc12345,0,0
881,24,64,48,ff854321,quaternion,quaternion,0,0,0,0,2048,2048,7fc12345,7fc12345,0,0
882,24,64,80,00000000,quaternion,quaternion,0,0,0,0,2048,2048,407fffff,407fffff,0,0
883,24,64,80,80000000,quaternion,quaternion,0,0,0,0,2048,2048,7f800000,7f800000,0,0
884,24,64,80,3f000000,quaternion,quaternion,0,0,0,0,2048,2048,7f800000,7f800000,0,0
885,24,64,80,3f800000,quaternion,quaternion,0,0,0,0,2048,2048,ffc00000,ffc00000,0,0
886,24,64,80,7fc12345,quaternion,quaternion,0,0,0,0,2048,2048,7fc12345,7fc12345,0,0
887,24,64,80,ff854321,quaternion,quaternion,0,0,0,0,2048,2048,ffc54321,ffc54321,0,0
888,24,128,64,00000000,quaternion,quaternion,0,0,0,0,2048,2048,3f000001,3f000001,0,0
889,24,128,64,80000000,quaternion,quaternion,0,0,0,0,2048,2048,7f800000,7f800000,0,0
890,24,128,64,3f000000,quaternion,quaternion,0,0,0,0,2048,2048,7f800000,7f800000,0,0
891,24,128,64,3f800000,quaternion,quaternion,0,0,0,0,2048,2048,ffc00000,ffc00000,0,0
892,24,128,64,7fc12345,quaternion,quaternion,0,0,0,0,2048,2048,7fc12345,7fc12345,0,0
893,24,128,64,ff854321,quaternion,quaternion,0,0,0,0,2048,2048,ffc54321,ffc54321,0,0
894,24,64,128,00000000,quaternion,quaternion,0,0,0,0,2048,2048,7fc12345,7fc12345,0,0
895,24,64,128,80000000,quaternion,quaternion,0,0,0,0,2048,2048,7fc12345,7fc12345,0,0
896,24,64,128,3f000000,quaternion,quaternion,0,0,0,0,2048,2048,7fc12345,7fc12345,0,0
897,24,64,128,3f800000,quaternion,quaternion,0,0,0,0,2048,2048,7fc12345,7fc12345,0,0
898,24,64,128,7fc12345,quaternion,quaternion,0,0,0,0,2048,2048,7fc12345,7fc12345,0,0
899,24,64,128,ff854321,quaternion,quaternion,0,0,0,0,2048,2048,7fc12345,7fc12345,0,0
900,25,64,256,00000000,quaternion,quaternion,0,0,0,0,2048,2048,ffc54321,ffc54321,0,0
901,25,64,256,80000000,quaternion,quaternion,0,0,0,0,2048,2048,ffc54321,ffc54321,0,0
902,25,64,256,3f000000,quaternion,quaternion,0,0,0,0,2048,2048,ffc54321,ffc54321,0,0
903,25,64,256,3f800000,quaternion,quaternion,0,0,0,0,2048,2048,ffc54321,ffc54321,0,0
904,25,64,256,7fc12345,quaternion,quaternion,0,0,0,0,2048,2048,ffc54321,ffc54321,0,0
905,25,64,256,ff854321,quaternion,quaternion,1,0,0,0,2048,2048,ffc54321,ffc54321,0,0
906,25,64,64,00000000,quaternion,quaternion,0,0,0,0,2048,2048,bf000001,bf000001,0,0
907,25,64,64,80000000,quaternion,quaternion,0,0,0,0,2048,2048,7fc12345,7fc12345,0,0
908,25,64,64,3f000000,quaternion,quaternion,0,0,0,0,2048,2048,7fc12345,7fc12345,0,0
909,25,64,64,3f800000,quaternion,quaternion,0,0,0,0,2048,2048,7fc12345,7fc12345,0,0
910,25,64,64,7fc12345,quaternion,quaternion,0,0,0,0,2048,2048,7fc12345,7fc12345,0,0
911,25,64,64,ff854321,quaternion,quaternion,1,0,0,0,2048,2048,ffc54321,ffc54321,0,0
912,25,64,48,00000000,quaternion,quaternion,0,0,0,0,2048,2048,ffc54321,ffc54321,0,0
913,25,64,48,80000000,quaternion,quaternion,0,0,0,0,2048,2048,ffc54321,ffc54321,0,0
914,25,64,48,3f000000,quaternion,quaternion,0,0,0,0,2048,2048,ffc54321,ffc54321,0,0
915,25,64,48,3f800000,quaternion,quaternion,0,0,0,0,2048,2048,ffc54321,ffc54321,0,0
916,25,64,48,7fc12345,quaternion,quaternion,0,0,0,0,2048,2048,ffc54321,ffc54321,0,0
917,25,64,48,ff854321,quaternion,quaternion,1,0,0,0,2048,2048,ffc54321,ffc54321,0,0
918,25,64,80,00000000,free,free,0,0,0,0,2064,2064,80800000,80800000,0,0
919,25,64,80,80000000,free,free,0,0,0,0,2064,2064,80800000,80800000,0,0
920,25,64,80,3f000000,free,free,0,0,0,0,2064,2064,80800000,80800000,0,0
921,25,64,80,3f800000,free,free,0,0,0,0,2064,2064,80800000,80800000,0,0
922,25,64,80,7fc12345,free,free,0,0,0,0,2064,2064,80800000,80800000,0,0
923,25,64,80,ff854321,free,free,0,0,0,0,2064,2064,80800000,80800000,0,0
924,25,128,64,00000000,quaternion,quaternion,0,0,0,0,2048,2048,bf000001,bf000001,0,0
925,25,128,64,80000000,quaternion,quaternion,0,0,0,0,2048,2048,7fc12345,7fc12345,0,0
926,25,128,64,3f000000,quaternion,quaternion,0,0,0,0,2048,2048,7fc12345,7fc12345,0,0
927,25,128,64,3f800000,quaternion,quaternion,0,0,0,0,2048,2048,7fc12345,7fc12345,0,0
928,25,128,64,7fc12345,quaternion,quaternion,0,0,0,0,2048,2048,7fc12345,7fc12345,0,0
929,25,128,64,ff854321,quaternion,quaternion,1,0,0,0,2048,2048,ffc54321,ffc54321,0,0
930,25,64,128,00000000,quaternion,quaternion,0,0,0,0,2048,2048,ffc54321,ffc54321,0,0
931,25,64,128,80000000,quaternion,quaternion,0,0,0,0,2048,2048,ffc54321,ffc54321,0,0
932,25,64,128,3f000000,quaternion,quaternion,0,0,0,0,2048,2048,ffc54321,ffc54321,0,0
933,25,64,128,3f800000,quaternion,quaternion,0,0,0,0,2048,2048,ffc54321,ffc54321,0,0
934,25,64,128,7fc12345,quaternion,quaternion,0,0,0,0,2048,2048,ffc54321,ffc54321,0,0
935,25,64,128,ff854321,quaternion,quaternion,1,0,0,0,2048,2048,ffc54321,ffc54321,0,0
936,26,64,256,00000000,quaternion,quaternion,0,0,0,0,2048,2048,7fc12345,7fc12345,0,0
937,26,64,256,80000000,quaternion,quaternion,0,0,0,0,2048,2048,7fc12345,7fc12345,0,0
938,26,64,256,3f000000,quaternion,quaternion,0,0,0,0,2048,2048,7fc12345,7fc12345,0,0
939,26,64,256,3f800000,quaternion,quaternion,0,0,0,0,2048,2048,7fc12345,7fc12345,0,0
940,26,64,256,7fc12345,quaternion,quaternion,1,0,0,0,2048,2048,7fc12345,7fc12345,0,0
941,26,64,256,ff854321,quaternion,quaternion,0,0,0,0,2048,2048,7fc12345,7fc12345,0,0
942,26,64,64,00000000,quaternion,quaternion,0,0,0,0,2048,2048,007fffff,007fffff,0,0
943,26,64,64,80000000,quaternion,quaternion,0,0,0,0,2048,2048,ffc54321,ffc54321,0,0
944,26,64,64,3f000000,quaternion,quaternion,0,0,0,0,2048,2048,ffc54321,ffc54321,0,0
945,26,64,64,3f800000,quaternion,quaternion,0,0,0,0,2048,2048,ffc54321,ffc54321,0,0
946,26,64,64,7fc12345,quaternion,quaternion,1,0,0,0,2048,2048,7fc12345,7fc12345,0,0
947,26,64,64,ff854321,quaternion,quaternion,0,0,0,0,2048,2048,ffc54321,ffc54321,0,0
948,26,64,48,00000000,quaternion,quaternion,0,0,0,0,2048,2048,7fc12345,7fc12345,0,0
949,26,64,48,80000000,quaternion,quaternion,0,0,0,0,2048,2048,7fc12345,7fc12345,0,0
950,26,64,48,3f000000,quaternion,quaternion,0,0,0,0,2048,2048,7fc12345,7fc12345,0,0
951,26,64,48,3f800000,quaternion,quaternion,0,0,0,0,2048,2048,7fc12345,7fc12345,0,0
952,26,64,48,7fc12345,quaternion,quaternion,1,0,0,0,2048,2048,7fc12345,7fc12345,0,0
953,26,64,48,ff854321,quaternion,quaternion,0,0,0,0,2048,2048,7fc12345,7fc12345,0,0
954,26,64,80,00000000,quaternion,quaternion,0,0,0,0,2048,2048,7f800000,7f800000,0,0
955,26,64,80,80000000,quaternion,quaternion,0,0,0,0,2048,2048,ffc54321,ffc54321,0,0
956,26,64,80,3f000000,quaternion,quaternion,0,0,0,0,2048,2048,ffc54321,ffc54321,0,0
957,26,64,80,3f800000,quaternion,quaternion,0,0,0,0,2048,2048,ffc54321,ffc54321,0,0
958,26,64,80,7fc12345,quaternion,quaternion,1,0,0,0,2048,2048,7fc12345,7fc12345,0,0
959,26,64,80,ff854321,quaternion,quaternion,0,0,0,0,2048,2048,ffc54321,ffc54321,0,0
960,26,128,64,00000000,quaternion,quaternion,0,0,0,0,2048,2048,007fffff,007fffff,0,0
961,26,128,64,80000000,quaternion,quaternion,0,0,0,0,2048,2048,ffc54321,ffc54321,0,0
962,26,128,64,3f000000,quaternion,quaternion,0,0,0,0,2048,2048,ffc54321,ffc54321,0,0
963,26,128,64,3f800000,quaternion,quaternion,0,0,0,0,2048,2048,ffc54321,ffc54321,0,0
964,26,128,64,7fc12345,quaternion,quaternion,1,0,0,0,2048,2048,7fc12345,7fc12345,0,0
965,26,128,64,ff854321,quaternion,quaternion,0,0,0,0,2048,2048,ffc54321,ffc54321,0,0
966,26,64,128,00000000,quaternion,quaternion,0,0,0,0,2048,2048,7fc12345,7fc12345,0,0
967,26,64,128,80000000,quaternion,quaternion,0,0,0,0,2048,2048,7fc12345,7fc12345,0,0
968,26,64,128,3f000000,quaternion,quaternion,0,0,0,0,2048,2048,7fc12345,7fc12345,0,0
969,26,64,128,3f800000,quaternion,quaternion,0,0,0,0,2048,2048,7fc12345,7fc12345,0,0
970,26,64,128,7fc12345,quaternion,quaternion,1,0,0,0,2048,2048,7fc12345,7fc12345,0,0
971,26,64,128,ff854321,quaternion,quaternion,0,0,0,0,2048,2048,7fc12345,7fc12345,0,0
972,27,64,256,00000000,quaternion,quaternion,0,0,0,0,2048,2048,ffc54321,ffc54321,0,0
973,27,64,256,80000000,quaternion,quaternion,0,0,0,0,2048,2048,ffc54321,ffc54321,0,0
974,27,64,256,3f000000,quaternion,quaternion,0,0,0,0,2048,2048,ffc54321,ffc54321,0,0
975,27,64,256,3f800000,quaternion,quaternion,0,0,0,0,2048,2048,ffc54321,ffc54321,0,0
976,27,64,256,7fc12345,quaternion,quaternion,0,0,0,0,2048,2048,ffc54321,ffc54321,0,0
977,27,64,256,ff854321,quaternion,quaternion,1,0,0,0,2048,2048,ffc54321,ffc54321,0,0
978,27,64,64,00000000,quaternion,quaternion,0,0,0,0,2048,2048,007fffff,007fffff,0,0
979,27,64,64,80000000,quaternion,quaternion,0,0,0,0,2048,2048,7fc12345,7fc12345,0,0
980,27,64,64,3f000000,quaternion,quaternion,0,0,0,0,2048,2048,7fc12345,7fc12345,0,0
981,27,64,64,3f800000,quaternion,quaternion,0,0,0,0,2048,2048,7fc12345,7fc12345,0,0
982,27,64,64,7fc12345,quaternion,quaternion,0,0,0,0,2048,2048,7fc12345,7fc12345,0,0
983,27,64,64,ff854321,quaternion,quaternion,1,0,0,0,2048,2048,ffc54321,ffc54321,0,0
984,27,64,48,00000000,quaternion,quaternion,0,0,0,0,2048,2048,ffc54321,ffc54321,0,0
985,27,64,48,80000000,quaternion,quaternion,0,0,0,0,2048,2048,ffc54321,ffc54321,0,0
986,27,64,48,3f000000,quaternion,quaternion,0,0,0,0,2048,2048,ffc54321,ffc54321,0,0
987,27,64,48,3f800000,quaternion,quaternion,0,0,0,0,2048,2048,ffc54321,ffc54321,0,0
988,27,64,48,7fc12345,quaternion,quaternion,0,0,0,0,2048,2048,ffc54321,ffc54321,0,0
989,27,64,48,ff854321,quaternion,quaternion,1,0,0,0,2048,2048,ffc54321,ffc54321,0,0
990,27,64,80,00000000,quaternion,quaternion,0,0,0,0,2048,2048,7f800000,7f800000,0,0
991,27,64,80,80000000,quaternion,quaternion,0,0,0,0,2048,2048,7fc12345,7fc12345,0,0
992,27,64,80,3f000000,quaternion,quaternion,0,0,0,0,2048,2048,7fc12345,7fc12345,0,0
993,27,64,80,3f800000,quaternion,quaternion,0,0,0,0,2048,2048,7fc12345,7fc12345,0,0
994,27,64,80,7fc12345,quaternion,quaternion,0,0,0,0,2048,2048,7fc12345,7fc12345,0,0
995,27,64,80,ff854321,quaternion,quaternion,1,0,0,0,2048,2048,ffc54321,ffc54321,0,0
996,27,128,64,00000000,quaternion,quaternion,0,0,0,0,2048,2048,007fffff,007fffff,0,0
997,27,128,64,80000000,quaternion,quaternion,0,0,0,0,2048,2048,7fc12345,7fc12345,0,0
998,27,128,64,3f000000,quaternion,quaternion,0,0,0,0,2048,2048,7fc12345,7fc12345,0,0
999,27,128,64,3f800000,quaternion,quaternion,0,0,0,0,2048,2048,7fc12345,7fc12345,0,0
1000,27,128,64,7fc12345,quaternion,quaternion,0,0,0,0,2048,2048,7fc12345,7fc12345,0,0
1001,27,128,64,ff854321,quaternion,quaternion,1,0,0,0,2048,2048,ffc54321,ffc54321,0,0
1002,27,64,128,00000000,quaternion,quaternion,0,0,0,0,2048,2048,ffc54321,ffc54321,0,0
1003,27,64,128,80000000,quaternion,quaternion,0,0,0,0,2048,2048,ffc54321,ffc54321,0,0
1004,27,64,128,3f000000,quaternion,quaternion,0,0,0,0,2048,2048,ffc54321,ffc54321,0,0
1005,27,64,128,3f800000,quaternion,quaternion,0,0,0,0,2048,2048,ffc54321,ffc54321,0,0
1006,27,64,128,7fc12345,quaternion,quaternion,0,0,0,0,2048,2048,ffc54321,ffc54321,0,0
1007,27,64,128,ff854321,quaternion,quaternion,1,0,0,0,2048,2048,ffc54321,ffc54321,0,0
1008,28,64,256,00000000,quaternion,quaternion,0,0,0,0,2048,2048,3f000009,3f000009,0,0
1009,28,64,256,80000000,quaternion,quaternion,0,0,0,0,2048,2048,ffc54321,ffc54321,0,0
1010,28,64,256,3f000000,quaternion,quaternion,0,0,0,0,2048,2048,ffc54321,ffc54321,0,0
1011,28,64,256,3f800000,quaternion,quaternion,0,0,0,0,2048,2048,ffc54321,ffc54321,0,0
1012,28,64,256,7fc12345,quaternion,quaternion,1,0,0,0,2048,2048,7fc12345,7fc12345,0,0
1013,28,64,256,ff854321,quaternion,quaternion,0,0,0,0,2048,2048,ffc54321,ffc54321,0,0
1014,28,64,64,00000000,quaternion,quaternion,0,0,0,0,2048,2048,407fffff,407fffff,0,0
1015,28,64,64,80000000,quaternion,quaternion,0,0,0,0,2048,2048,ffc54321,ffc54321,0,0
1016,28,64,64,3f000000,quaternion,quaternion,0,0,0,0,2048,2048,ffc54321,ffc54321,0,0
1017,28,64,64,3f800000,quaternion,quaternion,0,0,0,0,2048,2048,ffc54321,ffc54321,0,0
1018,28,64,64,7fc12345,quaternion,quaternion,1,0,0,0,2048,2048,7fc12345,7fc12345,0,0
1019,28,64,64,ff854321,quaternion,quaternion,0,0,0,0,2048,2048,ffc54321,ffc54321,0,0
1020,28,64,48,00000000,quaternion,quaternion,0,0,0,0,2048,2048,7fc12345,7fc12345,0,0
1021,28,64,48,80000000,quaternion,quaternion,0,0,0,0,2048,2048,7fc12345,7fc12345,0,0
1022,28,64,48,3f000000,quaternion,quaternion,0,0,0,0,2048,2048,7fc12345,7fc12345,0,0
1023,28,64,48,3f800000,quaternion,quaternion,0,0,0,0,2048,2048,7fc12345,7fc12345,0,0
1024,28,64,48,7fc12345,quaternion,quaternion,1,0,0,0,2048,2048,7fc12345,7fc12345,0,0
1025,28,64,48,ff854321,quaternion,quaternion,0,0,0,0,2048,2048,7fc12345,7fc12345,0,0
1026,28,64,80,00000000,quaternion,quaternion,0,0,0,0,2048,2048,7fc12345,7fc12345,0,0
1027,28,64,80,80000000,quaternion,quaternion,0,0,0,0,2048,2048,7fc12345,7fc12345,0,0
1028,28,64,80,3f000000,quaternion,quaternion,0,0,0,0,2048,2048,7fc12345,7fc12345,0,0
1029,28,64,80,3f800000,quaternion,quaternion,0,0,0,0,2048,2048,7fc12345,7fc12345,0,0
1030,28,64,80,7fc12345,quaternion,quaternion,1,0,0,0,2048,2048,7fc12345,7fc12345,0,0
1031,28,64,80,ff854321,quaternion,quaternion,0,0,0,0,2048,2048,7fc12345,7fc12345,0,0
1032,28,128,64,00000000,quaternion,quaternion,0,0,0,0,2048,2048,407fffff,407fffff,0,0
1033,28,128,64,80000000,quaternion,quaternion,0,0,0,0,2048,2048,ffc54321,ffc54321,0,0
1034,28,128,64,3f000000,quaternion,quaternion,0,0,0,0,2048,2048,ffc54321,ffc54321,0,0
1035,28,128,64,3f800000,quaternion,quaternion,0,0,0,0,2048,2048,ffc54321,ffc54321,0,0
1036,28,128,64,7fc12345,quaternion,quaternion,1,0,0,0,2048,2048,7fc12345,7fc12345,0,0
1037,28,128,64,ff854321,quaternion,quaternion,0,0,0,0,2048,2048,ffc54321,ffc54321,0,0
1038,28,64,128,00000000,quaternion,quaternion,0,0,0,0,2048,2048,7fc12345,7fc12345,0,0
1039,28,64,128,80000000,quaternion,quaternion,0,0,0,0,2048,2048,7fc12345,7fc12345,0,0
1040,28,64,128,3f000000,quaternion,quaternion,0,0,0,0,2048,2048,7fc12345,7fc12345,0,0
1041,28,64,128,3f800000,quaternion,quaternion,0,0,0,0,2048,2048,7fc12345,7fc12345,0,0
1042,28,64,128,7fc12345,quaternion,quaternion,1,0,0,0,2048,2048,7fc12345,7fc12345,0,0
1043,28,64,128,ff854321,quaternion,quaternion,0,0,0,0,2048,2048,7fc12345,7fc12345,0,0
1044,29,64,256,00000000,quaternion,quaternion,0,0,0,0,2048,2048,befffff2,befffff2,0,0
1045,29,64,256,80000000,quaternion,quaternion,0,0,0,0,2048,2048,be7ffff0,be7ffff0,0,0
1046,29,64,256,3f000000,quaternion,quaternion,0,0,0,0,2048,2048,bebffff6,bebffff6,0,0
1047,29,64,256,3f800000,quaternion,quaternion,0,0,0,0,2048,2048,befffff2,befffff2,0,0
1048,29,64,256,7fc12345,quaternion,quaternion,0,0,0,0,2048,2048,7fc12345,7fc12345,0,0
1049,29,64,256,ff854321,quaternion,quaternion,0,0,0,0,2048,2048,ffc54321,ffc54321,0,0
1050,29,64,64,00000000,quaternion,quaternion,0,0,0,0,2048,2048,407fffff,407fffff,0,0
1051,29,64,64,80000000,quaternion,quaternion,0,0,0,0,2048,2048,3ffffffd,3ffffffd,0,0
1052,29,64,64,3f000000,quaternion,quaternion,0,0,0,0,2048,2048,403fffff,403fffff,0,0
1053,29,64,64,3f800000,quaternion,quaternion,0,0,0,0,2048,2048,407fffff,407fffff,0,0
1054,29,64,64,7fc12345,quaternion,quaternion,0,0,0,0,2048,2048,7fc12345,7fc12345,0,0
1055,29,64,64,ff854321,quaternion,quaternion,0,0,0,0,2048,2048,ffc54321,ffc54321,0,0
1056,29,64,48,00000000,quaternion,quaternion,0,0,0,0,2048,2048,ffc54321,ffc54321,0,0
1057,29,64,48,80000000,quaternion,quaternion,0,0,0,0,2048,2048,ffc54321,ffc54321,0,0
1058,29,64,48,3f000000,quaternion,quaternion,0,0,0,0,2048,2048,ffc54321,ffc54321,0,0
1059,29,64,48,3f800000,quaternion,quaternion,0,0,0,0,2048,2048,ffc54321,ffc54321,0,0
1060,29,64,48,7fc12345,quaternion,quaternion,0,0,0,0,2048,2048,ffc54321,ffc54321,0,0
1061,29,64,48,ff854321,quaternion,quaternion,0,0,0,0,2048,2048,ffc54321,ffc54321,0,0
1062,29,64,80,00000000,quaternion,quaternion,0,0,0,0,2048,2048,ffc54321,ffc54321,0,0
1063,29,64,80,80000000,quaternion,quaternion,0,0,0,0,2048,2048,ffc54321,ffc54321,0,0
1064,29,64,80,3f000000,quaternion,quaternion,0,0,0,0,2048,2048,ffc54321,ffc54321,0,0
1065,29,64,80,3f800000,quaternion,quaternion,0,0,0,0,2048,2048,ffc54321,ffc54321,0,0
1066,29,64,80,7fc12345,quaternion,quaternion,0,0,0,0,2048,2048,ffc54321,ffc54321,0,0
1067,29,64,80,ff854321,quaternion,quaternion,0,0,0,0,2048,2048,ffc54321,ffc54321,0,0
1068,29,128,64,00000000,quaternion,quaternion,0,0,0,0,2048,2048,407fffff,407fffff,0,0
1069,29,128,64,80000000,quaternion,quaternion,0,0,0,0,2048,2048,3ffffffd,3ffffffd,0,0
1070,29,128,64,3f000000,quaternion,quaternion,0,0,0,0,2048,2048,403fffff,403fffff,0,0
1071,29,128,64,3f800000,quaternion,quaternion,0,0,0,0,2048,2048,407fffff,407fffff,0,0
1072,29,128,64,7fc12345,quaternion,quaternion,0,0,0,0,2048,2048,7fc12345,7fc12345,0,0
1073,29,128,64,ff854321,quaternion,quaternion,0,0,0,0,2048,2048,ffc54321,ffc54321,0,0
1074,29,64,128,00000000,quaternion,quaternion,0,0,0,0,2048,2048,ffc54321,ffc54321,0,0
1075,29,64,128,80000000,quaternion,quaternion,0,0,0,0,2048,2048,ffc54321,ffc54321,0,0
1076,29,64,128,3f000000,quaternion,quaternion,0,0,0,0,2048,2048,ffc54321,ffc54321,0,0
1077,29,64,128,3f800000,quaternion,quaternion,0,0,0,0,2048,2048,ffc54321,ffc54321,0,0
1078,29,64,128,7fc12345,quaternion,quaternion,0,0,0,0,2048,2048,ffc54321,ffc54321,0,0
1079,29,64,128,ff854321,quaternion,quaternion,0,0,0,0,2048,2048,ffc54321,ffc54321,0,0
1080,30,64,256,00000000,quaternion,quaternion,0,0,0,0,2048,2048,7f800000,7f800000,0,0
1081,30,64,256,80000000,quaternion,quaternion,0,0,0,0,2048,2048,7f800000,7f800000,0,0
1082,30,64,256,3f000000,quaternion,quaternion,0,0,0,0,2048,2048,7f800000,7f800000,0,0
1083,30,64,256,3f800000,quaternion,quaternion,0,0,0,0,2048,2048,7f800000,7f800000,0,0
1084,30,64,256,7fc12345,quaternion,quaternion,0,0,0,0,2048,2048,7fc12345,7fc12345,0,0
1085,30,64,256,ff854321,quaternion,quaternion,0,0,0,0,2048,2048,ffc54321,ffc54321,0,0
1086,30,64,64,00000000,quaternion,quaternion,0,0,0,0,2048,2048,7f800000,7f800000,0,0
1087,30,64,64,80000000,quaternion,quaternion,0,0,0,0,2048,2048,7f800000,7f800000,0,0
1088,30,64,64,3f000000,quaternion,quaternion,0,0,0,0,2048,2048,7f800000,7f800000,0,0
1089,30,64,64,3f800000,quaternion,quaternion,0,0,0,0,2048,2048,7f800000,7f800000,0,0
1090,30,64,64,7fc12345,quaternion,quaternion,0,0,0,0,2048,2048,7fc12345,7fc12345,0,0
1091,30,64,64,ff854321,quaternion,quaternion,0,0,0,0,2048,2048,ffc54321,ffc54321,0,0
1092,30,64,48,00000000,quaternion,quaternion,0,0,0,0,2048,2048,ffc00000,ffc00000,0,0
1093,30,64,48,80000000,quaternion,quaternion,0,0,0,0,2048,2048,ffc00000,ffc00000,0,0
1094,30,64,48,3f000000,quaternion,quaternion,0,0,0,0,2048,2048,ffc00000,ffc00000,0,0
1095,30,64,48,3f800000,quaternion,quaternion,0,0,0,0,2048,2048,ffc00000,ffc00000,0,0
1096,30,64,48,7fc12345,quaternion,quaternion,0,0,0,0,2048,2048,ffc00000,ffc00000,0,0
1097,30,64,48,ff854321,quaternion,quaternion,0,0,0,0,2048,2048,ffc00000,ffc00000,0,0
1098,30,64,80,00000000,quaternion,quaternion,0,0,0,0,2048,2048,7fc12345,7fc12345,0,0
1099,30,64,80,80000000,quaternion,quaternion,0,0,0,0,2048,2048,7fc12345,7fc12345,0,0
1100,30,64,80,3f000000,quaternion,quaternion,0,0,0,0,2048,2048,7fc12345,7fc12345,0,0
1101,30,64,80,3f800000,quaternion,quaternion,0,0,0,0,2048,2048,7fc12345,7fc12345,0,0
1102,30,64,80,7fc12345,quaternion,quaternion,0,0,0,0,2048,2048,7fc12345,7fc12345,0,0
1103,30,64,80,ff854321,quaternion,quaternion,0,0,0,0,2048,2048,7fc12345,7fc12345,0,0
1104,30,128,64,00000000,quaternion,quaternion,0,0,0,0,2048,2048,7f800000,7f800000,0,0
1105,30,128,64,80000000,quaternion,quaternion,0,0,0,0,2048,2048,7f800000,7f800000,0,0
1106,30,128,64,3f000000,quaternion,quaternion,0,0,0,0,2048,2048,7f800000,7f800000,0,0
1107,30,128,64,3f800000,quaternion,quaternion,0,0,0,0,2048,2048,7f800000,7f800000,0,0
1108,30,128,64,7fc12345,quaternion,quaternion,0,0,0,0,2048,2048,7fc12345,7fc12345,0,0
1109,30,128,64,ff854321,quaternion,quaternion,0,0,0,0,2048,2048,ffc54321,ffc54321,0,0
1110,30,64,128,00000000,quaternion,quaternion,0,0,0,0,2048,2048,ffc00000,ffc00000,0,0
1111,30,64,128,80000000,quaternion,quaternion,0,0,0,0,2048,2048,ffc00000,ffc00000,0,0
1112,30,64,128,3f000000,quaternion,quaternion,0,0,0,0,2048,2048,ffc00000,ffc00000,0,0
1113,30,64,128,3f800000,quaternion,quaternion,0,0,0,0,2048,2048,ffc00000,ffc00000,0,0
1114,30,64,128,7fc12345,quaternion,quaternion,0,0,0,0,2048,2048,ffc00000,ffc00000,0,0
1115,30,64,128,ff854321,quaternion,quaternion,0,0,0,0,2048,2048,ffc00000,ffc00000,0,0
1116,31,64,256,00000000,quaternion,quaternion,0,0,0,0,2048,2048,7f800000,7f800000,0,0
1117,31,64,256,80000000,quaternion,quaternion,0,0,0,0,2048,2048,7f800000,7f800000,0,0
1118,31,64,256,3f000000,quaternion,quaternion,0,0,0,0,2048,2048,7f800000,7f800000,0,0
1119,31,64,256,3f800000,quaternion,quaternion,0,0,0,0,2048,2048,7f800000,7f800000,0,0
1120,31,64,256,7fc12345,quaternion,quaternion,0,0,0,0,2048,2048,7fc12345,7fc12345,0,0
1121,31,64,256,ff854321,quaternion,quaternion,0,0,0,0,2048,2048,ffc54321,ffc54321,0,0
1122,31,64,64,00000000,quaternion,quaternion,0,0,0,0,2048,2048,7f800000,7f800000,0,0
1123,31,64,64,80000000,quaternion,quaternion,0,0,0,0,2048,2048,7f800000,7f800000,0,0
1124,31,64,64,3f000000,quaternion,quaternion,0,0,0,0,2048,2048,7f800000,7f800000,0,0
1125,31,64,64,3f800000,quaternion,quaternion,0,0,0,0,2048,2048,7f800000,7f800000,0,0
1126,31,64,64,7fc12345,quaternion,quaternion,0,0,0,0,2048,2048,7fc12345,7fc12345,0,0
1127,31,64,64,ff854321,quaternion,quaternion,0,0,0,0,2048,2048,ffc54321,ffc54321,0,0
1128,31,64,48,00000000,quaternion,quaternion,0,0,0,0,2048,2048,ffc00000,ffc00000,0,0
1129,31,64,48,80000000,quaternion,quaternion,0,0,0,0,2048,2048,ffc00000,ffc00000,0,0
1130,31,64,48,3f000000,quaternion,quaternion,0,0,0,0,2048,2048,ffc00000,ffc00000,0,0
1131,31,64,48,3f800000,quaternion,quaternion,0,0,0,0,2048,2048,ffc00000,ffc00000,0,0
1132,31,64,48,7fc12345,quaternion,quaternion,0,0,0,0,2048,2048,ffc00000,ffc00000,0,0
1133,31,64,48,ff854321,quaternion,quaternion,0,0,0,0,2048,2048,ffc00000,ffc00000,0,0
1134,31,64,80,00000000,quaternion,quaternion,0,0,0,0,2048,2048,ffc54321,ffc54321,0,0
1135,31,64,80,80000000,quaternion,quaternion,0,0,0,0,2048,2048,ffc54321,ffc54321,0,0
1136,31,64,80,3f000000,quaternion,quaternion,0,0,0,0,2048,2048,ffc54321,ffc54321,0,0
1137,31,64,80,3f800000,quaternion,quaternion,0,0,0,0,2048,2048,ffc54321,ffc54321,0,0
1138,31,64,80,7fc12345,quaternion,quaternion,0,0,0,0,2048,2048,ffc54321,ffc54321,0,0
1139,31,64,80,ff854321,quaternion,quaternion,0,0,0,0,2048,2048,ffc54321,ffc54321,0,0
1140,31,128,64,00000000,quaternion,quaternion,0,0,0,0,2048,2048,7f800000,7f800000,0,0
1141,31,128,64,80000000,quaternion,quaternion,0,0,0,0,2048,2048,7f800000,7f800000,0,0
1142,31,128,64,3f000000,quaternion,quaternion,0,0,0,0,2048,2048,7f800000,7f800000,0,0
1143,31,128,64,3f800000,quaternion,quaternion,0,0,0,0,2048,2048,7f800000,7f800000,0,0
1144,31,128,64,7fc12345,quaternion,quaternion,0,0,0,0,2048,2048,7fc12345,7fc12345,0,0
1145,31,128,64,ff854321,quaternion,quaternion,0,0,0,0,2048,2048,ffc54321,ffc54321,0,0
1146,31,64,128,00000000,quaternion,quaternion,0,0,0,0,2048,2048,ffc00000,ffc00000,0,0
1147,31,64,128,80000000,quaternion,quaternion,0,0,0,0,2048,2048,ffc00000,ffc00000,0,0
1148,31,64,128,3f000000,quaternion,quaternion,0,0,0,0,2048,2048,ffc00000,ffc00000,0,0
1149,31,64,128,3f800000,quaternion,quaternion,0,0,0,0,2048,2048,ffc00000,ffc00000,0,0
1150,31,64,128,7fc12345,quaternion,quaternion,0,0,0,0,2048,2048,ffc00000,ffc00000,0,0
1151,31,64,128,ff854321,quaternion,quaternion,0,0,0,0,2048,2048,ffc00000,ffc00000,0,0
1152,32,64,256,00000000,quaternion,quaternion,0,0,0,0,2048,2048,7fc12345,7fc12345,0,0
1153,32,64,256,80000000,quaternion,quaternion,0,0,0,0,2048,2048,7fc12345,7fc12345,0,0
1154,32,64,256,3f000000,quaternion,quaternion,0,0,0,0,2048,2048,7fc12345,7fc12345,0,0
1155,32,64,256,3f800000,quaternion,quaternion,0,0,0,0,2048,2048,7fc12345,7fc12345,0,0
1156,32,64,256,7fc12345,quaternion,quaternion,0,0,0,0,2048,2048,7fc12345,7fc12345,0,0
1157,32,64,256,ff854321,quaternion,quaternion,0,0,0,0,2048,2048,7fc12345,7fc12345,0,0
1158,32,64,64,00000000,quaternion,quaternion,0,0,0,0,2048,2048,7fc12345,7fc12345,0,0
1159,32,64,64,80000000,quaternion,quaternion,0,0,0,0,2048,2048,7fc12345,7fc12345,0,0
1160,32,64,64,3f000000,quaternion,quaternion,0,0,0,0,2048,2048,7fc12345,7fc12345,0,0
1161,32,64,64,3f800000,quaternion,quaternion,0,0,0,0,2048,2048,7fc12345,7fc12345,0,0
1162,32,64,64,7fc12345,quaternion,quaternion,0,0,0,0,2048,2048,7fc12345,7fc12345,0,0
1163,32,64,64,ff854321,quaternion,quaternion,0,0,0,0,2048,2048,7fc12345,7fc12345,0,0
1164,32,64,48,00000000,quaternion,quaternion,1,1,0,0,2048,2048,7fc12345,7fc12345,0,0
1165,32,64,48,80000000,quaternion,quaternion,1,0,0,0,2048,2048,7fc12345,7fc12345,0,0
1166,32,64,48,3f000000,quaternion,quaternion,1,0,0,0,2048,2048,7fc12345,7fc12345,0,0
1167,32,64,48,3f800000,quaternion,quaternion,1,0,0,0,2048,2048,7fc12345,7fc12345,0,0
1168,32,64,48,7fc12345,quaternion,quaternion,0,0,0,0,2048,2048,7fc12345,7fc12345,0,0
1169,32,64,48,ff854321,quaternion,quaternion,0,0,0,0,2048,2048,7fc12345,7fc12345,0,0
1170,32,64,80,00000000,quaternion,quaternion,0,0,0,0,2048,2048,7fc12345,7fc12345,0,0
1171,32,64,80,80000000,quaternion,quaternion,0,0,0,0,2048,2048,7fc12345,7fc12345,0,0
1172,32,64,80,3f000000,quaternion,quaternion,0,0,0,0,2048,2048,7fc12345,7fc12345,0,0
1173,32,64,80,3f800000,quaternion,quaternion,0,0,0,0,2048,2048,7fc12345,7fc12345,0,0
1174,32,64,80,7fc12345,quaternion,quaternion,0,0,0,0,2048,2048,7fc12345,7fc12345,0,0
1175,32,64,80,ff854321,quaternion,quaternion,0,0,0,0,2048,2048,7fc12345,7fc12345,0,0
1176,32,128,64,00000000,quaternion,quaternion,0,0,0,0,2048,2048,7fc12345,7fc12345,0,0
1177,32,128,64,80000000,quaternion,quaternion,0,0,0,0,2048,2048,7fc12345,7fc12345,0,0
1178,32,128,64,3f000000,quaternion,quaternion,0,0,0,0,2048,2048,7fc12345,7fc12345,0,0
1179,32,128,64,3f800000,quaternion,quaternion,0,0,0,0,2048,2048,7fc12345,7fc12345,0,0
1180,32,128,64,7fc12345,quaternion,quaternion,0,0,0,0,2048,2048,7fc12345,7fc12345,0,0
1181,32,128,64,ff854321,quaternion,quaternion,0,0,0,0,2048,2048,7fc12345,7fc12345,0,0
1182,32,64,128,00000000,quaternion,quaternion,1,1,0,0,2048,2048,7fc12345,7fc12345,0,0
1183,32,64,128,80000000,quaternion,quaternion,1,0,0,0,2048,2048,7fc12345,7fc12345,0,0
1184,32,64,128,3f000000,quaternion,quaternion,1,0,0,0,2048,2048,7fc12345,7fc12345,0,0
1185,32,64,128,3f800000,quaternion,quaternion,1,0,0,0,2048,2048,7fc12345,7fc12345,0,0
1186,32,64,128,7fc12345,quaternion,quaternion,0,0,0,0,2048,2048,7fc12345,7fc12345,0,0
1187,32,64,128,ff854321,quaternion,quaternion,0,0,0,0,2048,2048,7fc12345,7fc12345,0,0
1188,33,64,256,00000000,quaternion,quaternion,0,0,0,0,2048,2048,ffc54321,ffc54321,0,0
1189,33,64,256,80000000,quaternion,quaternion,0,0,0,0,2048,2048,ffc54321,ffc54321,0,0
1190,33,64,256,3f000000,quaternion,quaternion,0,0,0,0,2048,2048,ffc54321,ffc54321,0,0
1191,33,64,256,3f800000,quaternion,quaternion,0,0,0,0,2048,2048,ffc54321,ffc54321,0,0
1192,33,64,256,7fc12345,quaternion,quaternion,0,0,0,0,2048,2048,ffc54321,ffc54321,0,0
1193,33,64,256,ff854321,quaternion,quaternion,0,0,0,0,2048,2048,ffc54321,ffc54321,0,0
1194,33,64,64,00000000,free,free,0,0,0,0,2064,2064,ffc54321,ffc54321,0,0
1195,33,64,64,80000000,free,free,0,0,0,0,2064,2064,ffc54321,ffc54321,0,0
1196,33,64,64,3f000000,free,free,0,0,0,0,2064,2064,ffc54321,ffc54321,0,0
1197,33,64,64,3f800000,free,free,0,0,0,0,2064,2064,ffc54321,ffc54321,0,0
1198,33,64,64,7fc12345,free,free,0,0,0,0,2064,2064,ffc54321,ffc54321,0,0
1199,33,64,64,ff854321,free,free,0,0,0,0,2064,2064,ffc54321,ffc54321,0,0
1200,33,64,48,00000000,quaternion,quaternion,1,1,0,0,2048,2048,ffc54321,ffc54321,0,0
1201,33,64,48,80000000,quaternion,quaternion,1,0,0,0,2048,2048,ffc54321,ffc54321,0,0
1202,33,64,48,3f000000,quaternion,quaternion,1,0,0,0,2048,2048,ffc54321,ffc54321,0,0
1203,33,64,48,3f800000,quaternion,quaternion,1,0,0,0,2048,2048,ffc54321,ffc54321,0,0
1204,33,64,48,7fc12345,quaternion,quaternion,0,0,0,0,2048,2048,ffc54321,ffc54321,0,0
1205,33,64,48,ff854321,quaternion,quaternion,0,0,0,0,2048,2048,ffc54321,ffc54321,0,0
1206,33,64,80,00000000,quaternion,quaternion,0,0,0,0,2048,2048,ffc54321,ffc54321,0,0
1207,33,64,80,80000000,quaternion,quaternion,0,0,0,0,2048,2048,ffc54321,ffc54321,0,0
1208,33,64,80,3f000000,quaternion,quaternion,0,0,0,0,2048,2048,ffc54321,ffc54321,0,0
1209,33,64,80,3f800000,quaternion,quaternion,0,0,0,0,2048,2048,ffc54321,ffc54321,0,0
1210,33,64,80,7fc12345,quaternion,quaternion,0,0,0,0,2048,2048,ffc54321,ffc54321,0,0
1211,33,64,80,ff854321,quaternion,quaternion,0,0,0,0,2048,2048,ffc54321,ffc54321,0,0
1212,33,128,64,00000000,free,free,0,0,0,0,2064,2064,ffc54321,ffc54321,0,0
1213,33,128,64,80000000,free,free,0,0,0,0,2064,2064,ffc54321,ffc54321,0,0
1214,33,128,64,3f000000,free,free,0,0,0,0,2064,2064,ffc54321,ffc54321,0,0
1215,33,128,64,3f800000,free,free,0,0,0,0,2064,2064,ffc54321,ffc54321,0,0
1216,33,128,64,7fc12345,free,free,0,0,0,0,2064,2064,ffc54321,ffc54321,0,0
1217,33,128,64,ff854321,free,free,0,0,0,0,2064,2064,ffc54321,ffc54321,0,0
1218,33,64,128,00000000,quaternion,quaternion,1,1,0,0,2048,2048,ffc54321,ffc54321,0,0
1219,33,64,128,80000000,quaternion,quaternion,1,0,0,0,2048,2048,ffc54321,ffc54321,0,0
1220,33,64,128,3f000000,quaternion,quaternion,1,0,0,0,2048,2048,ffc54321,ffc54321,0,0
1221,33,64,128,3f800000,quaternion,quaternion,1,0,0,0,2048,2048,ffc54321,ffc54321,0,0
1222,33,64,128,7fc12345,quaternion,quaternion,0,0,0,0,2048,2048,ffc54321,ffc54321,0,0
1223,33,64,128,ff854321,quaternion,quaternion,0,0,0,0,2048,2048,ffc54321,ffc54321,0,0
1224,34,64,256,00000000,quaternion,quaternion,0,0,0,0,2048,2048,7fc12345,7fc12345,0,0
1225,34,64,256,80000000,quaternion,quaternion,0,0,0,0,2048,2048,7fc12345,7fc12345,0,0
1226,34,64,256,3f000000,quaternion,quaternion,0,0,0,0,2048,2048,7fc12345,7fc12345,0,0
1227,34,64,256,3f800000,quaternion,quaternion,0,0,0,0,2048,2048,7fc12345,7fc12345,0,0
1228,34,64,256,7fc12345,quaternion,quaternion,0,0,0,0,2048,2048,7fc12345,7fc12345,0,0
1229,34,64,256,ff854321,quaternion,quaternion,0,0,0,0,2048,2048,7fc12345,7fc12345,0,0
1230,34,64,64,00000000,quaternion,quaternion,0,0,0,0,2048,2048,7fc12345,7fc12345,0,0
1231,34,64,64,80000000,quaternion,quaternion,0,0,0,0,2048,2048,7fc12345,7fc12345,0,0
1232,34,64,64,3f000000,quaternion,quaternion,0,0,0,0,2048,2048,7fc12345,7fc12345,0,0
1233,34,64,64,3f800000,quaternion,quaternion,0,0,0,0,2048,2048,7fc12345,7fc12345,0,0
1234,34,64,64,7fc12345,quaternion,quaternion,0,0,0,0,2048,2048,7fc12345,7fc12345,0,0
1235,34,64,64,ff854321,quaternion,quaternion,0,0,0,0,2048,2048,7fc12345,7fc12345,0,0
1236,34,64,48,00000000,quaternion,quaternion,1,1,0,0,2048,2048,7fc12345,7fc12345,0,0
1237,34,64,48,80000000,quaternion,quaternion,1,0,0,0,2048,2048,7fc12345,7fc12345,0,0
1238,34,64,48,3f000000,quaternion,quaternion,1,0,0,0,2048,2048,7fc12345,7fc12345,0,0
1239,34,64,48,3f800000,quaternion,quaternion,1,0,0,0,2048,2048,7fc12345,7fc12345,0,0
1240,34,64,48,7fc12345,quaternion,quaternion,0,0,0,0,2048,2048,7fc12345,7fc12345,0,0
1241,34,64,48,ff854321,quaternion,quaternion,0,0,0,0,2048,2048,7fc12345,7fc12345,0,0
1242,34,64,80,00000000,quaternion,quaternion,0,0,0,0,2048,2048,7fc12345,7fc12345,0,0
1243,34,64,80,80000000,quaternion,quaternion,0,0,0,0,2048,2048,7fc12345,7fc12345,0,0
1244,34,64,80,3f000000,quaternion,quaternion,0,0,0,0,2048,2048,7fc12345,7fc12345,0,0
1245,34,64,80,3f800000,quaternion,quaternion,0,0,0,0,2048,2048,7fc12345,7fc12345,0,0
1246,34,64,80,7fc12345,quaternion,quaternion,0,0,0,0,2048,2048,7fc12345,7fc12345,0,0
1247,34,64,80,ff854321,quaternion,quaternion,0,0,0,0,2048,2048,7fc12345,7fc12345,0,0
1248,34,128,64,00000000,quaternion,quaternion,1,1,0,0,2048,2048,7fc12345,7fc12345,0,0
1249,34,128,64,80000000,quaternion,quaternion,1,1,0,0,2048,2048,7fc12345,7fc12345,0,0
1250,34,128,64,3f000000,quaternion,quaternion,1,1,0,0,2048,2048,7fc12345,7fc12345,0,0
1251,34,128,64,3f800000,quaternion,quaternion,1,1,0,0,2048,2048,7fc12345,7fc12345,0,0
1252,34,128,64,7fc12345,quaternion,quaternion,1,1,0,0,2048,2048,7fc12345,7fc12345,0,0
1253,34,128,64,ff854321,quaternion,quaternion,1,1,0,0,2048,2048,7fc12345,7fc12345,0,0
1254,34,64,128,00000000,quaternion,quaternion,1,1,0,0,2048,2048,7fc12345,7fc12345,0,0
1255,34,64,128,80000000,quaternion,quaternion,1,0,0,0,2048,2048,7fc12345,7fc12345,0,0
1256,34,64,128,3f000000,quaternion,quaternion,1,0,0,0,2048,2048,7fc12345,7fc12345,0,0
1257,34,64,128,3f800000,quaternion,quaternion,1,0,0,0,2048,2048,7fc12345,7fc12345,0,0
1258,34,64,128,7fc12345,quaternion,quaternion,0,0,0,0,2048,2048,7fc12345,7fc12345,0,0
1259,34,64,128,ff854321,quaternion,quaternion,0,0,0,0,2048,2048,7fc12345,7fc12345,0,0
1260,35,64,256,00000000,quaternion,quaternion,0,0,0,0,2048,2048,ffc54321,ffc54321,0,0
1261,35,64,256,80000000,quaternion,quaternion,0,0,0,0,2048,2048,ffc54321,ffc54321,0,0
1262,35,64,256,3f000000,quaternion,quaternion,0,0,0,0,2048,2048,ffc54321,ffc54321,0,0
1263,35,64,256,3f800000,quaternion,quaternion,0,0,0,0,2048,2048,ffc54321,ffc54321,0,0
1264,35,64,256,7fc12345,quaternion,quaternion,0,0,0,0,2048,2048,ffc54321,ffc54321,0,0
1265,35,64,256,ff854321,quaternion,quaternion,0,0,0,0,2048,2048,ffc54321,ffc54321,0,0
1266,35,64,64,00000000,quaternion,quaternion,0,0,0,0,2048,2048,ffc54321,ffc54321,0,0
1267,35,64,64,80000000,quaternion,quaternion,0,0,0,0,2048,2048,ffc54321,ffc54321,0,0
1268,35,64,64,3f000000,quaternion,quaternion,0,0,0,0,2048,2048,ffc54321,ffc54321,0,0
1269,35,64,64,3f800000,quaternion,quaternion,0,0,0,0,2048,2048,ffc54321,ffc54321,0,0
1270,35,64,64,7fc12345,quaternion,quaternion,0,0,0,0,2048,2048,ffc54321,ffc54321,0,0
1271,35,64,64,ff854321,quaternion,quaternion,0,0,0,0,2048,2048,ffc54321,ffc54321,0,0
1272,35,64,48,00000000,quaternion,quaternion,0,0,0,0,2048,2048,ffc54321,ffc54321,0,0
1273,35,64,48,80000000,quaternion,quaternion,0,0,0,0,2048,2048,ffc54321,ffc54321,0,0
1274,35,64,48,3f000000,quaternion,quaternion,0,0,0,0,2048,2048,ffc54321,ffc54321,0,0
1275,35,64,48,3f800000,quaternion,quaternion,0,0,0,0,2048,2048,ffc54321,ffc54321,0,0
1276,35,64,48,7fc12345,quaternion,quaternion,0,0,0,0,2048,2048,ffc54321,ffc54321,0,0
1277,35,64,48,ff854321,quaternion,quaternion,0,0,0,0,2048,2048,ffc54321,ffc54321,0,0
1278,35,64,80,00000000,quaternion,quaternion,1,1,0,0,2048,2048,ffc54321,ffc54321,0,0
1279,35,64,80,80000000,quaternion,quaternion,1,0,0,0,2048,2048,ffc54321,ffc54321,0,0
1280,35,64,80,3f000000,quaternion,quaternion,1,0,0,0,2048,2048,ffc54321,ffc54321,0,0
1281,35,64,80,3f800000,quaternion,quaternion,1,0,0,0,2048,2048,ffc54321,ffc54321,0,0
1282,35,64,80,7fc12345,quaternion,quaternion,0,0,0,0,2048,2048,ffc54321,ffc54321,0,0
1283,35,64,80,ff854321,quaternion,quaternion,0,0,0,0,2048,2048,ffc54321,ffc54321,0,0
1284,35,128,64,00000000,quaternion,quaternion,0,0,0,0,2048,2048,ffc54321,ffc54321,0,0
1285,35,128,64,80000000,quaternion,quaternion,0,0,0,0,2048,2048,ffc54321,ffc54321,0,0
1286,35,128,64,3f000000,quaternion,quaternion,0,0,0,0,2048,2048,ffc54321,ffc54321,0,0
1287,35,128,64,3f800000,quaternion,quaternion,0,0,0,0,2048,2048,ffc54321,ffc54321,0,0
1288,35,128,64,7fc12345,quaternion,quaternion,0,0,0,0,2048,2048,ffc54321,ffc54321,0,0
1289,35,128,64,ff854321,quaternion,quaternion,0,0,0,0,2048,2048,ffc54321,ffc54321,0,0
1290,35,64,128,00000000,quaternion,quaternion,0,0,0,0,2048,2048,ffc54321,ffc54321,0,0
1291,35,64,128,80000000,quaternion,quaternion,0,0,0,0,2048,2048,ffc54321,ffc54321,0,0
1292,35,64,128,3f000000,quaternion,quaternion,0,0,0,0,2048,2048,ffc54321,ffc54321,0,0
1293,35,64,128,3f800000,quaternion,quaternion,0,0,0,0,2048,2048,ffc54321,ffc54321,0,0
1294,35,64,128,7fc12345,quaternion,quaternion,0,0,0,0,2048,2048,ffc54321,ffc54321,0,0
1295,35,64,128,ff854321,quaternion,quaternion,0,0,0,0,2048,2048,ffc54321,ffc54321,0,0
1296,36,64,256,00000000,quaternion,quaternion,0,0,0,0,2048,2048,7f000000,7f000000,0,0
1297,36,64,256,80000000,quaternion,quaternion,0,0,0,0,2048,2048,7f000000,7f000000,0,0
1298,36,64,256,3f000000,quaternion,quaternion,0,0,0,0,2048,2048,7f000000,7f000000,0,0
1299,36,64,256,3f800000,quaternion,quaternion,0,0,0,0,2048,2048,7f000000,7f000000,0,0
1300,36,64,256,7fc12345,quaternion,quaternion,0,0,0,0,2048,2048,7fc12345,7fc12345,0,0
1301,36,64,256,ff854321,quaternion,quaternion,0,0,0,0,2048,2048,ffc54321,ffc54321,0,0
1302,36,64,64,00000000,quaternion,quaternion,0,0,0,0,2048,2048,7fc12345,7fc12345,0,0
1303,36,64,64,80000000,quaternion,quaternion,0,0,0,0,2048,2048,7fc12345,7fc12345,0,0
1304,36,64,64,3f000000,quaternion,quaternion,0,0,0,0,2048,2048,7fc12345,7fc12345,0,0
1305,36,64,64,3f800000,quaternion,quaternion,0,0,0,0,2048,2048,7fc12345,7fc12345,0,0
1306,36,64,64,7fc12345,quaternion,quaternion,0,0,0,0,2048,2048,7fc12345,7fc12345,0,0
1307,36,64,64,ff854321,quaternion,quaternion,0,0,0,0,2048,2048,7fc12345,7fc12345,0,0
1308,36,64,48,00000000,quaternion,quaternion,0,0,0,0,2048,2048,00400001,00400001,0,0
1309,36,64,48,80000000,quaternion,quaternion,0,0,0,0,2048,2048,00400001,00400001,0,0
1310,36,64,48,3f000000,quaternion,quaternion,0,0,0,0,2048,2048,00400001,00400001,0,0
1311,36,64,48,3f800000,quaternion,quaternion,0,0,0,0,2048,2048,00400001,00400001,0,0
1312,36,64,48,7fc12345,quaternion,quaternion,0,0,0,0,2048,2048,7fc12345,7fc12345,0,0
1313,36,64,48,ff854321,quaternion,quaternion,0,0,0,0,2048,2048,ffc54321,ffc54321,0,0
1314,36,64,80,00000000,quaternion,quaternion,0,0,0,0,2048,2048,3f000001,3f000001,0,0
1315,36,64,80,80000000,quaternion,quaternion,0,0,0,0,2048,2048,3f000001,3f000001,0,0
1316,36,64,80,3f000000,quaternion,quaternion,0,0,0,0,2048,2048,3f000001,3f000001,0,0
1317,36,64,80,3f800000,quaternion,quaternion,0,0,0,0,2048,2048,3f000001,3f000001,0,0
1318,36,64,80,7fc12345,quaternion,quaternion,0,0,0,0,2048,2048,7fc12345,7fc12345,0,0
1319,36,64,80,ff854321,quaternion,quaternion,0,0,0,0,2048,2048,ffc54321,ffc54321,0,0
1320,36,128,64,00000000,quaternion,quaternion,0,0,0,0,2048,2048,7fc12345,7fc12345,0,0
1321,36,128,64,80000000,quaternion,quaternion,0,0,0,0,2048,2048,7fc12345,7fc12345,0,0
1322,36,128,64,3f000000,quaternion,quaternion,0,0,0,0,2048,2048,7fc12345,7fc12345,0,0
1323,36,128,64,3f800000,quaternion,quaternion,0,0,0,0,2048,2048,7fc12345,7fc12345,0,0
1324,36,128,64,7fc12345,quaternion,quaternion,0,0,0,0,2048,2048,7fc12345,7fc12345,0,0
1325,36,128,64,ff854321,quaternion,quaternion,0,0,0,0,2048,2048,7fc12345,7fc12345,0,0
1326,36,64,128,00000000,quaternion,quaternion,0,0,0,0,2048,2048,00400001,00400001,0,0
1327,36,64,128,80000000,quaternion,quaternion,0,0,0,0,2048,2048,00400001,00400001,0,0
1328,36,64,128,3f000000,quaternion,quaternion,0,0,0,0,2048,2048,00400001,00400001,0,0
1329,36,64,128,3f800000,quaternion,quaternion,0,0,0,0,2048,2048,00400001,00400001,0,0
1330,36,64,128,7fc12345,quaternion,quaternion,0,0,0,0,2048,2048,7fc12345,7fc12345,0,0
1331,36,64,128,ff854321,quaternion,quaternion,0,0,0,0,2048,2048,ffc54321,ffc54321,0,0
1332,37,64,256,00000000,free,free,0,0,0,0,2064,2064,bf000001,bf000001,0,0
1333,37,64,256,80000000,free,free,0,0,0,0,2064,2064,bf000001,bf000001,0,0
1334,37,64,256,3f000000,free,free,0,0,0,0,2064,2064,bf000001,bf000001,0,0
1335,37,64,256,3f800000,free,free,0,0,0,0,2064,2064,bf000001,bf000001,0,0
1336,37,64,256,7fc12345,free,free,0,0,0,0,2064,2064,bf000001,bf000001,0,0
1337,37,64,256,ff854321,free,free,0,0,0,0,2064,2064,bf000001,bf000001,0,0
1338,37,64,64,00000000,quaternion,quaternion,0,0,0,0,2048,2048,ffc54321,ffc54321,0,0
1339,37,64,64,80000000,quaternion,quaternion,0,0,0,0,2048,2048,ffc54321,ffc54321,0,0
1340,37,64,64,3f000000,quaternion,quaternion,0,0,0,0,2048,2048,ffc54321,ffc54321,0,0
1341,37,64,64,3f800000,quaternion,quaternion,0,0,0,0,2048,2048,ffc54321,ffc54321,0,0
1342,37,64,64,7fc12345,quaternion,quaternion,0,0,0,0,2048,2048,ffc54321,ffc54321,0,0
1343,37,64,64,ff854321,quaternion,quaternion,0,0,0,0,2048,2048,ffc54321,ffc54321,0,0
1344,37,64,48,00000000,quaternion,quaternion,0,0,0,0,2048,2048,003fffff,003fffff,0,0
1345,37,64,48,80000000,quaternion,quaternion,0,0,0,0,2048,2048,003fffff,003fffff,0,0
1346,37,64,48,3f000000,quaternion,quaternion,0,0,0,0,2048,2048,003fffff,003fffff,0,0
1347,37,64,48,3f800000,quaternion,quaternion,0,0,0,0,2048,2048,003fffff,003fffff,0,0
1348,37,64,48,7fc12345,quaternion,quaternion,0,0,0,0,2048,2048,7fc12345,7fc12345,0,0
1349,37,64,48,ff854321,quaternion,quaternion,0,0,0,0,2048,2048,ffc54321,ffc54321,0,0
1350,37,64,80,00000000,quaternion,quaternion,0,0,0,0,2048,2048,bf000001,bf000001,0,0
1351,37,64,80,80000000,quaternion,quaternion,0,0,0,0,2048,2048,bf000001,bf000001,0,0
1352,37,64,80,3f000000,quaternion,quaternion,0,0,0,0,2048,2048,bf000001,bf000001,0,0
1353,37,64,80,3f800000,quaternion,quaternion,0,0,0,0,2048,2048,bf000001,bf000001,0,0
1354,37,64,80,7fc12345,quaternion,quaternion,0,0,0,0,2048,2048,7fc12345,7fc12345,0,0
1355,37,64,80,ff854321,quaternion,quaternion,0,0,0,0,2048,2048,ffc54321,ffc54321,0,0
1356,37,128,64,00000000,quaternion,quaternion,0,0,0,0,2048,2048,ffc54321,ffc54321,0,0
1357,37,128,64,80000000,quaternion,quaternion,0,0,0,0,2048,2048,ffc54321,ffc54321,0,0
1358,37,128,64,3f000000,quaternion,quaternion,0,0,0,0,2048,2048,ffc54321,ffc54321,0,0
1359,37,128,64,3f800000,quaternion,quaternion,0,0,0,0,2048,2048,ffc54321,ffc54321,0,0
1360,37,128,64,7fc12345,quaternion,quaternion,0,0,0,0,2048,2048,ffc54321,ffc54321,0,0
1361,37,128,64,ff854321,quaternion,quaternion,0,0,0,0,2048,2048,ffc54321,ffc54321,0,0
1362,37,64,128,00000000,quaternion,quaternion,0,0,0,0,2048,2048,003fffff,003fffff,0,0
1363,37,64,128,80000000,quaternion,quaternion,0,0,0,0,2048,2048,003fffff,003fffff,0,0
1364,37,64,128,3f000000,quaternion,quaternion,0,0,0,0,2048,2048,003fffff,003fffff,0,0
1365,37,64,128,3f800000,quaternion,quaternion,0,0,0,0,2048,2048,003fffff,003fffff,0,0
1366,37,64,128,7fc12345,quaternion,quaternion,0,0,0,0,2048,2048,7fc12345,7fc12345,0,0
1367,37,64,128,ff854321,quaternion,quaternion,0,0,0,0,2048,2048,ffc54321,ffc54321,0,0
1368,38,64,256,00000000,quaternion,quaternion,0,0,0,0,2048,2048,ffc00000,ffc00000,0,0
1369,38,64,256,80000000,quaternion,quaternion,0,0,0,0,2048,2048,ffc00000,ffc00000,0,0
1370,38,64,256,3f000000,quaternion,quaternion,0,0,0,0,2048,2048,ffc00000,ffc00000,0,0
1371,38,64,256,3f800000,quaternion,quaternion,0,0,0,0,2048,2048,ffc00000,ffc00000,0,0
1372,38,64,256,7fc12345,quaternion,quaternion,0,0,0,0,2048,2048,ffc00000,ffc00000,0,0
1373,38,64,256,ff854321,quaternion,quaternion,0,0,0,0,2048,2048,ffc00000,ffc00000,0,0
1374,38,64,64,00000000,quaternion,quaternion,0,0,0,0,2048,2048,7fc12345,7fc12345,0,0
1375,38,64,64,80000000,quaternion,quaternion,0,0,0,0,2048,2048,7fc12345,7fc12345,0,0
1376,38,64,64,3f000000,quaternion,quaternion,0,0,0,0,2048,2048,7fc12345,7fc12345,0,0
1377,38,64,64,3f800000,quaternion,quaternion,0,0,0,0,2048,2048,7fc12345,7fc12345,0,0
1378,38,64,64,7fc12345,quaternion,quaternion,0,0,0,0,2048,2048,7fc12345,7fc12345,0,0
1379,38,64,64,ff854321,quaternion,quaternion,0,0,0,0,2048,2048,7fc12345,7fc12345,0,0
1380,38,64,48,00000000,quaternion,quaternion,0,0,0,0,2048,2048,007fffff,007fffff,0,0
1381,38,64,48,80000000,quaternion,quaternion,0,0,0,0,2048,2048,007fffff,007fffff,0,0
1382,38,64,48,3f000000,quaternion,quaternion,0,0,0,0,2048,2048,007fffff,007fffff,0,0
1383,38,64,48,3f800000,quaternion,quaternion,0,0,0,0,2048,2048,007fffff,007fffff,0,0
1384,38,64,48,7fc12345,quaternion,quaternion,0,0,0,0,2048,2048,7fc12345,7fc12345,0,0
1385,38,64,48,ff854321,quaternion,quaternion,0,0,0,0,2048,2048,ffc54321,ffc54321,0,0
1386,38,64,80,00000000,quaternion,quaternion,0,0,0,0,2048,2048,00000000,00000000,0,0
1387,38,64,80,80000000,quaternion,quaternion,0,0,0,0,2048,2048,00000000,00000000,0,0
1388,38,64,80,3f000000,quaternion,quaternion,0,0,0,0,2048,2048,00000000,00000000,0,0
1389,38,64,80,3f800000,quaternion,quaternion,0,0,0,0,2048,2048,00000000,00000000,0,0
1390,38,64,80,7fc12345,quaternion,quaternion,0,0,0,0,2048,2048,7fc12345,7fc12345,0,0
1391,38,64,80,ff854321,quaternion,quaternion,0,0,0,0,2048,2048,ffc54321,ffc54321,0,0
1392,38,128,64,00000000,quaternion,quaternion,0,0,0,0,2048,2048,7fc12345,7fc12345,0,0
1393,38,128,64,80000000,quaternion,quaternion,0,0,0,0,2048,2048,7fc12345,7fc12345,0,0
1394,38,128,64,3f000000,quaternion,quaternion,0,0,0,0,2048,2048,7fc12345,7fc12345,0,0
1395,38,128,64,3f800000,quaternion,quaternion,0,0,0,0,2048,2048,7fc12345,7fc12345,0,0
1396,38,128,64,7fc12345,quaternion,quaternion,0,0,0,0,2048,2048,7fc12345,7fc12345,0,0
1397,38,128,64,ff854321,quaternion,quaternion,1,1,0,0,2048,2048,7fc12345,7fc12345,0,0
1398,38,64,128,00000000,quaternion,quaternion,0,0,0,0,2048,2048,007fffff,007fffff,0,0
1399,38,64,128,80000000,quaternion,quaternion,0,0,0,0,2048,2048,007fffff,007fffff,0,0
1400,38,64,128,3f000000,quaternion,quaternion,0,0,0,0,2048,2048,007fffff,007fffff,0,0
1401,38,64,128,3f800000,quaternion,quaternion,0,0,0,0,2048,2048,007fffff,007fffff,0,0
1402,38,64,128,7fc12345,quaternion,quaternion,0,0,0,0,2048,2048,7fc12345,7fc12345,0,0
1403,38,64,128,ff854321,quaternion,quaternion,0,0,0,0,2048,2048,ffc54321,ffc54321,0,0
1404,39,64,256,00000000,quaternion,quaternion,1,1,0,0,2048,2048,ffc00000,ffc00000,0,0
1405,39,64,256,80000000,quaternion,quaternion,1,1,0,0,2048,2048,ffc00000,ffc00000,0,0
1406,39,64,256,3f000000,quaternion,quaternion,1,1,0,0,2048,2048,ffc00000,ffc00000,0,0
1407,39,64,256,3f800000,quaternion,quaternion,1,1,0,0,2048,2048,ffc00000,ffc00000,0,0
1408,39,64,256,7fc12345,quaternion,quaternion,1,1,0,0,2048,2048,ffc00000,ffc00000,0,0
1409,39,64,256,ff854321,quaternion,quaternion,1,1,0,0,2048,2048,ffc00000,ffc00000,0,0
1410,39,64,64,00000000,quaternion,quaternion,1,1,0,0,2048,2048,ffc54321,ffc54321,0,0
1411,39,64,64,80000000,quaternion,quaternion,1,1,0,0,2048,2048,ffc54321,ffc54321,0,0
1412,39,64,64,3f000000,quaternion,quaternion,1,1,0,0,2048,2048,ffc54321,ffc54321,0,0
1413,39,64,64,3f800000,quaternion,quaternion,1,1,0,0,2048,2048,ffc54321,ffc54321,0,0
1414,39,64,64,7fc12345,quaternion,quaternion,1,1,0,0,2048,2048,ffc54321,ffc54321,0,0
1415,39,64,64,ff854321,quaternion,quaternion,1,1,0,0,2048,2048,ffc54321,ffc54321,0,0
1416,39,64,48,00000000,quaternion,quaternion,1,1,0,0,2048,2048,807fffff,807fffff,0,0
1417,39,64,48,80000000,quaternion,quaternion,1,1,0,0,2048,2048,80000000,80000000,0,0
1418,39,64,48,3f000000,quaternion,quaternion,1,1,0,0,2048,2048,80400000,80400000,0,0
1419,39,64,48,3f800000,quaternion,quaternion,1,1,0,0,2048,2048,807fffff,807fffff,0,0
1420,39,64,48,7fc12345,quaternion,quaternion,1,1,0,0,2048,2048,7fc12345,7fc12345,0,0
1421,39,64,48,ff854321,quaternion,quaternion,1,1,0,0,2048,2048,ffc54321,ffc54321,0,0
1422,39,64,80,00000000,quaternion,quaternion,1,0,0,0,2048,2048,00000000,00000000,0,0
1423,39,64,80,80000000,quaternion,quaternion,1,0,0,0,2048,2048,00000000,00000000,0,0
1424,39,64,80,3f000000,quaternion,quaternion,1,0,0,0,2048,2048,00000000,00000000,0,0
1425,39,64,80,3f800000,quaternion,quaternion,1,0,0,0,2048,2048,00000000,00000000,0,0
1426,39,64,80,7fc12345,quaternion,quaternion,1,0,0,0,2048,2048,7fc12345,7fc12345,0,0
1427,39,64,80,ff854321,quaternion,quaternion,1,1,0,0,2048,2048,ffc54321,ffc54321,0,0
1428,39,128,64,00000000,quaternion,quaternion,1,1,0,0,2048,2048,ffc54321,ffc54321,0,0
1429,39,128,64,80000000,quaternion,quaternion,1,1,0,0,2048,2048,ffc54321,ffc54321,0,0
1430,39,128,64,3f000000,quaternion,quaternion,1,1,0,0,2048,2048,ffc54321,ffc54321,0,0
1431,39,128,64,3f800000,quaternion,quaternion,1,1,0,0,2048,2048,ffc54321,ffc54321,0,0
1432,39,128,64,7fc12345,quaternion,quaternion,1,1,0,0,2048,2048,ffc54321,ffc54321,0,0
1433,39,128,64,ff854321,quaternion,quaternion,1,1,0,0,2048,2048,ffc54321,ffc54321,0,0
1434,39,64,128,00000000,quaternion,quaternion,1,1,0,0,2048,2048,807fffff,807fffff,0,0
1435,39,64,128,80000000,quaternion,quaternion,1,1,0,0,2048,2048,80000000,80000000,0,0
1436,39,64,128,3f000000,quaternion,quaternion,1,1,0,0,2048,2048,80400000,80400000,0,0
1437,39,64,128,3f800000,quaternion,quaternion,1,1,0,0,2048,2048,807fffff,807fffff,0,0
1438,39,64,128,7fc12345,quaternion,quaternion,1,1,0,0,2048,2048,7fc12345,7fc12345,0,0
1439,39,64,128,ff854321,quaternion,quaternion,1,1,0,0,2048,2048,ffc54321,ffc54321,0,0
1440,40,64,256,00000000,quaternion,quaternion,0,0,0,0,2048,2048,bdba2d99,bdba2d99,0,0
1441,40,64,256,80000000,quaternion,quaternion,0,0,0,0,2048,2048,bdba2d99,bdba2d99,0,0
1442,40,64,256,3f000000,quaternion,quaternion,0,0,0,0,2048,2048,bdba2d99,bdba2d99,0,0
1443,40,64,256,3f800000,quaternion,quaternion,0,0,0,0,2048,2048,bdba2d99,bdba2d99,0,0
1444,40,64,256,7fc12345,quaternion,quaternion,0,0,0,0,2048,2048,7fc12345,7fc12345,0,0
1445,40,64,256,ff854321,quaternion,quaternion,0,0,0,0,2048,2048,ffc54321,ffc54321,0,0
1446,40,64,64,00000000,quaternion,quaternion,0,0,0,0,2048,2048,6e57c49d,6e57c49d,0,0
1447,40,64,64,80000000,quaternion,quaternion,0,0,0,0,2048,2048,6e57c49d,6e57c49d,0,0
1448,40,64,64,3f000000,quaternion,quaternion,0,0,0,0,2048,2048,6e57c49d,6e57c49d,0,0
1449,40,64,64,3f800000,quaternion,quaternion,0,0,0,0,2048,2048,6e57c49d,6e57c49d,0,0
1450,40,64,64,7fc12345,quaternion,quaternion,0,0,0,0,2048,2048,7fc12345,7fc12345,0,0
1451,40,64,64,ff854321,quaternion,quaternion,0,0,0,0,2048,2048,ffc54321,ffc54321,0,0
1452,40,64,48,00000000,quaternion,quaternion,0,0,0,0,2048,2048,ff800000,ff800000,0,0
1453,40,64,48,80000000,quaternion,quaternion,0,0,0,0,2048,2048,ff800000,ff800000,0,0
1454,40,64,48,3f000000,quaternion,quaternion,0,0,0,0,2048,2048,ff800000,ff800000,0,0
1455,40,64,48,3f800000,quaternion,quaternion,0,0,0,0,2048,2048,ff800000,ff800000,0,0
1456,40,64,48,7fc12345,quaternion,quaternion,0,0,0,0,2048,2048,7fc12345,7fc12345,0,0
1457,40,64,48,ff854321,quaternion,quaternion,0,0,0,0,2048,2048,ffc54321,ffc54321,0,0
1458,40,64,80,00000000,quaternion,quaternion,0,0,0,0,2048,2048,d67ebfb1,d67ebfb1,0,0
1459,40,64,80,80000000,quaternion,quaternion,0,0,0,0,2048,2048,d67ebfb1,d67ebfb1,0,0
1460,40,64,80,3f000000,quaternion,quaternion,0,0,0,0,2048,2048,d67ebfb1,d67ebfb1,0,0
1461,40,64,80,3f800000,quaternion,quaternion,0,0,0,0,2048,2048,d67ebfb1,d67ebfb1,0,0
1462,40,64,80,7fc12345,quaternion,quaternion,0,0,0,0,2048,2048,7fc12345,7fc12345,0,0
1463,40,64,80,ff854321,quaternion,quaternion,0,0,0,0,2048,2048,ffc54321,ffc54321,0,0
1464,40,128,64,00000000,quaternion,quaternion,0,0,0,0,2048,2048,6e57c49d,6e57c49d,0,0
1465,40,128,64,80000000,quaternion,quaternion,0,0,0,0,2048,2048,6e57c49d,6e57c49d,0,0
1466,40,128,64,3f000000,quaternion,quaternion,0,0,0,0,2048,2048,6e57c49d,6e57c49d,0,0
1467,40,128,64,3f800000,quaternion,quaternion,0,0,0,0,2048,2048,6e57c49d,6e57c49d,0,0
1468,40,128,64,7fc12345,quaternion,quaternion,0,0,0,0,2048,2048,7fc12345,7fc12345,0,0
1469,40,128,64,ff854321,quaternion,quaternion,0,0,0,0,2048,2048,ffc54321,ffc54321,0,0
1470,40,64,128,00000000,quaternion,quaternion,0,0,0,0,2048,2048,62f8d150,62f8d150,0,0
1471,40,64,128,80000000,quaternion,quaternion,0,0,0,0,2048,2048,62f8d150,62f8d150,0,0
1472,40,64,128,3f000000,quaternion,quaternion,0,0,0,0,2048,2048,62f8d150,62f8d150,0,0
1473,40,64,128,3f800000,quaternion,quaternion,0,0,0,0,2048,2048,62f8d150,62f8d150,0,0
1474,40,64,128,7fc12345,quaternion,quaternion,0,0,0,0,2048,2048,7fc12345,7fc12345,0,0
1475,40,64,128,ff854321,quaternion,quaternion,0,0,0,0,2048,2048,ffc54321,ffc54321,0,0
1476,41,64,256,00000000,quaternion,quaternion,0,0,0,0,2048,2048,f3e5dc63,f3e5dc63,0,0
1477,41,64,256,80000000,quaternion,quaternion,0,0,0,0,2048,2048,ff800000,ff800000,0,0
1478,41,64,256,3f000000,quaternion,quaternion,0,0,0,0,2048,2048,ff800000,ff800000,0,0
1479,41,64,256,3f800000,quaternion,quaternion,0,0,0,0,2048,2048,f3e5dc63,f3e5dc63,0,0
1480,41,64,256,7fc12345,quaternion,quaternion,0,0,0,0,2048,2048,7fc12345,7fc12345,0,0
1481,41,64,256,ff854321,quaternion,quaternion,0,0,0,0,2048,2048,ffc54321,ffc54321,0,0
1482,41,64,64,00000000,quaternion,quaternion,0,0,0,0,2048,2048,3cac2d5d,3cac2d5d,0,0
1483,41,64,64,80000000,quaternion,quaternion,0,0,0,0,2048,2048,7b9f8803,7b9f8803,0,0
1484,41,64,64,3f000000,quaternion,quaternion,0,0,0,0,2048,2048,7b1f8803,7b1f8803,0,0
1485,41,64,64,3f800000,quaternion,quaternion,0,0,0,0,2048,2048,3cac2d5d,3cac2d5d,0,0
1486,41,64,64,7fc12345,quaternion,quaternion,0,0,0,0,2048,2048,7fc12345,7fc12345,0,0
1487,41,64,64,ff854321,quaternion,quaternion,0,0,0,0,2048,2048,ffc54321,ffc54321,0,0
1488,41,64,48,00000000,quaternion,quaternion,0,0,0,0,2048,2048,5ed84a55,5ed84a55,0,0
1489,41,64,48,80000000,quaternion,quaternion,0,0,0,0,2048,2048,7f800000,7f800000,0,0
1490,41,64,48,3f000000,quaternion,quaternion,0,0,0,0,2048,2048,7f800000,7f800000,0,0
1491,41,64,48,3f800000,quaternion,quaternion,0,0,0,0,2048,2048,5ed84a55,5ed84a55,0,0
1492,41,64,48,7fc12345,quaternion,quaternion,0,0,0,0,2048,2048,7fc12345,7fc12345,0,0
1493,41,64,48,ff854321,quaternion,quaternion,0,0,0,0,2048,2048,ffc54321,ffc54321,0,0
1494,41,64,80,00000000,quaternion,quaternion,0,0,0,0,2048,2048,86ca6926,86ca6926,0,0
1495,41,64,80,80000000,quaternion,quaternion,0,0,0,0,2048,2048,c5bb8b56,c5bb8b56,0,0
1496,41,64,80,3f000000,quaternion,quaternion,0,0,0,0,2048,2048,c53b8b56,c53b8b56,0,0
1497,41,64,80,3f800000,quaternion,quaternion,0,0,0,0,2048,2048,86ca6926,86ca6926,0,0
1498,41,64,80,7fc12345,quaternion,quaternion,0,0,0,0,2048,2048,7fc12345,7fc12345,0,0
1499,41,64,80,ff854321,quaternion,quaternion,0,0,0,0,2048,2048,ffc54321,ffc54321,0,0
1500,41,128,64,00000000,quaternion,quaternion,0,0,0,0,2048,2048,3cac2d5d,3cac2d5d,0,0
1501,41,128,64,80000000,quaternion,quaternion,0,0,0,0,2048,2048,7b9f8803,7b9f8803,0,0
1502,41,128,64,3f000000,quaternion,quaternion,0,0,0,0,2048,2048,7b1f8803,7b1f8803,0,0
1503,41,128,64,3f800000,quaternion,quaternion,0,0,0,0,2048,2048,3cac2d5d,3cac2d5d,0,0
1504,41,128,64,7fc12345,quaternion,quaternion,0,0,0,0,2048,2048,7fc12345,7fc12345,0,0
1505,41,128,64,ff854321,quaternion,quaternion,0,0,0,0,2048,2048,ffc54321,ffc54321,0,0
1506,41,64,128,00000000,quaternion,quaternion,0,0,0,0,2048,2048,93acb8ff,93acb8ff,0,0
1507,41,64,128,80000000,quaternion,quaternion,0,0,0,0,2048,2048,d2a00964,d2a00964,0,0
1508,41,64,128,3f000000,quaternion,quaternion,0,0,0,0,2048,2048,d2200964,d2200964,0,0
1509,41,64,128,3f800000,quaternion,quaternion,0,0,0,0,2048,2048,93acb8ff,93acb8ff,0,0
1510,41,64,128,7fc12345,quaternion,quaternion,0,0,0,0,2048,2048,7fc12345,7fc12345,0,0
1511,41,64,128,ff854321,quaternion,quaternion,0,0,0,0,2048,2048,ffc54321,ffc54321,0,0
1512,42,64,256,00000000,quaternion,quaternion,0,0,0,0,2048,2048,5f6b0db8,5f6b0db8,0,0
1513,42,64,256,80000000,quaternion,quaternion,0,0,0,0,2048,2048,5f6b0dc5,5f6b0dc5,0,0
1514,42,64,256,3f000000,quaternion,quaternion,0,0,0,0,2048,2048,5f6b0dbe,5f6b0dbe,0,0
1515,42,64,256,3f800000,quaternion,quaternion,0,0,0,0,2048,2048,5f6b0db8,5f6b0db8,0,0
1516,42,64,256,7fc12345,quaternion,quaternion,0,0,0,0,2048,2048,7fc12345,7fc12345,0,0
1517,42,64,256,ff854321,quaternion,quaternion,0,0,0,0,2048,2048,ffc54321,ffc54321,0,0
1518,42,64,64,00000000,quaternion,quaternion,0,0,0,0,2048,2048,f6aeda3c,f6aeda3c,0,0
1519,42,64,64,80000000,quaternion,quaternion,0,0,0,0,2048,2048,f6aeda46,f6aeda46,0,0
1520,42,64,64,3f000000,quaternion,quaternion,0,0,0,0,2048,2048,f6aeda40,f6aeda40,0,0
1521,42,64,64,3f800000,quaternion,quaternion,0,0,0,0,2048,2048,f6aeda3c,f6aeda3c,0,0
1522,42,64,64,7fc12345,quaternion,quaternion,0,0,0,0,2048,2048,7fc12345,7fc12345,0,0
1523,42,64,64,ff854321,quaternion,quaternion,0,0,0,0,2048,2048,ffc54321,ffc54321,0,0
1524,42,64,48,00000000,quaternion,quaternion,0,0,0,0,2048,2048,c1340c9e,c1340c9e,0,0
1525,42,64,48,80000000,quaternion,quaternion,0,0,0,0,2048,2048,c1340ca8,c1340ca8,0,0
1526,42,64,48,3f000000,quaternion,quaternion,0,0,0,0,2048,2048,c1340ca2,c1340ca2,0,0
1527,42,64,48,3f800000,quaternion,quaternion,0,0,0,0,2048,2048,c1340c9e,c1340c9e,0,0
1528,42,64,48,7fc12345,quaternion,quaternion,0,0,0,0,2048,2048,7fc12345,7fc12345,0,0
1529,42,64,48,ff854321,quaternion,quaternion,0,0,0,0,2048,2048,ffc54321,ffc54321,0,0
1530,42,64,80,00000000,quaternion,quaternion,0,0,0,0,2048,2048,fab2fe65,fab2fe65,0,0
1531,42,64,80,80000000,quaternion,quaternion,0,0,0,0,2048,2048,fab2fe6f,fab2fe6f,0,0
1532,42,64,80,3f000000,quaternion,quaternion,0,0,0,0,2048,2048,fab2fe69,fab2fe69,0,0
1533,42,64,80,3f800000,quaternion,quaternion,0,0,0,0,2048,2048,fab2fe65,fab2fe65,0,0
1534,42,64,80,7fc12345,quaternion,quaternion,0,0,0,0,2048,2048,7fc12345,7fc12345,0,0
1535,42,64,80,ff854321,quaternion,quaternion,0,0,0,0,2048,2048,ffc54321,ffc54321,0,0
1536,42,128,64,00000000,quaternion,quaternion,0,0,0,0,2048,2048,f6aeda3c,f6aeda3c,0,0
1537,42,128,64,80000000,quaternion,quaternion,0,0,0,0,2048,2048,f6aeda46,f6aeda46,0,0
1538,42,128,64,3f000000,quaternion,quaternion,0,0,0,0,2048,2048,f6aeda40,f6aeda40,0,0
1539,42,128,64,3f800000,quaternion,quaternion,0,0,0,0,2048,2048,f6aeda3c,f6aeda3c,0,0
1540,42,128,64,7fc12345,quaternion,quaternion,0,0,0,0,2048,2048,7fc12345,7fc12345,0,0
1541,42,128,64,ff854321,quaternion,quaternion,0,0,0,0,2048,2048,ffc54321,ffc54321,0,0
1542,42,64,128,00000000,quaternion,quaternion,0,0,0,0,2048,2048,7cc67937,7cc67937,0,0
1543,42,64,128,80000000,quaternion,quaternion,0,0,0,0,2048,2048,7cc67942,7cc67942,0,0
1544,42,64,128,3f000000,quaternion,quaternion,0,0,0,0,2048,2048,7cc6793c,7cc6793c,0,0
1545,42,64,128,3f800000,quaternion,quaternion,0,0,0,0,2048,2048,7cc67937,7cc67937,0,0
1546,42,64,128,7fc12345,quaternion,quaternion,0,0,0,0,2048,2048,7fc12345,7fc12345,0,0
1547,42,64,128,ff854321,quaternion,quaternion,0,0,0,0,2048,2048,ffc54321,ffc54321,0,0
1548,43,64,256,00000000,quaternion,quaternion,0,0,0,0,2048,2048,2d3dc7ad,2d3dc7ad,0,0
1549,43,64,256,80000000,quaternion,quaternion,0,0,0,0,2048,2048,c338d01e,c338d01e,0,0
1550,43,64,256,3f000000,quaternion,quaternion,0,0,0,0,2048,2048,c2b8d01e,c2b8d01e,0,0
1551,43,64,256,3f800000,quaternion,quaternion,0,0,0,0,2048,2048,2d3dc7ad,2d3dc7ad,0,0
1552,43,64,256,7fc12345,quaternion,quaternion,0,0,0,0,2048,2048,7fc12345,7fc12345,0,0
1553,43,64,256,ff854321,quaternion,quaternion,0,0,0,0,2048,2048,ffc54321,ffc54321,0,0
1554,43,64,64,00000000,quaternion,quaternion,0,0,0,0,2048,2048,28599b49,28599b49,0,0
1555,43,64,64,80000000,quaternion,quaternion,0,0,0,0,2048,2048,be53e949,be53e949,0,0
1556,43,64,64,3f000000,quaternion,quaternion,0,0,0,0,2048,2048,bdd3e949,bdd3e949,0,0
1557,43,64,64,3f800000,quaternion,quaternion,0,0,0,0,2048,2048,28599b49,28599b49,0,0
1558,43,64,64,7fc12345,quaternion,quaternion,0,0,0,0,2048,2048,7fc12345,7fc12345,0,0
1559,43,64,64,ff854321,quaternion,quaternion,0,0,0,0,2048,2048,ffc54321,ffc54321,0,0
1560,43,64,48,00000000,quaternion,quaternion,0,0,0,0,2048,2048,d2163f0f,d2163f0f,0,0
1561,43,64,48,80000000,quaternion,quaternion,0,0,0,0,2048,2048,68125062,68125062,0,0
1562,43,64,48,3f000000,quaternion,quaternion,0,0,0,0,2048,2048,67925062,67925062,0,0
1563,43,64,48,3f800000,quaternion,quaternion,0,0,0,0,2048,2048,d2163f0f,d2163f0f,0,0
1564,43,64,48,7fc12345,quaternion,quaternion,0,0,0,0,2048,2048,7fc12345,7fc12345,0,0
1565,43,64,48,ff854321,quaternion,quaternion,0,0,0,0,2048,2048,ffc54321,ffc54321,0,0
1566,43,64,80,00000000,quaternion,quaternion,0,0,0,0,2048,2048,6f8958b0,6f8958b0,0,0
1567,43,64,80,80000000,quaternion,quaternion,0,0,0,0,2048,2048,ff800000,ff800000,0,0
1568,43,64,80,3f000000,quaternion,quaternion,0,0,0,0,2048,2048,ff800000,ff800000,0,0
1569,43,64,80,3f800000,quaternion,quaternion,0,0,0,0,2048,2048,6f8958b0,6f8958b0,0,0
1570,43,64,80,7fc12345,quaternion,quaternion,0,0,0,0,2048,2048,7fc12345,7fc12345,0,0
1571,43,64,80,ff854321,quaternion,quaternion,0,0,0,0,2048,2048,ffc54321,ffc54321,0,0
1572,43,128,64,00000000,quaternion,quaternion,0,0,0,0,2048,2048,28599b49,28599b49,0,0
1573,43,128,64,80000000,quaternion,quaternion,0,0,0,0,2048,2048,be53e949,be53e949,0,0
1574,43,128,64,3f000000,quaternion,quaternion,0,0,0,0,2048,2048,bdd3e949,bdd3e949,0,0
1575,43,128,64,3f800000,quaternion,quaternion,0,0,0,0,2048,2048,28599b49,28599b49,0,0
1576,43,128,64,7fc12345,quaternion,quaternion,0,0,0,0,2048,2048,7fc12345,7fc12345,0,0
1577,43,128,64,ff854321,quaternion,quaternion,0,0,0,0,2048,2048,ffc54321,ffc54321,0,0
1578,43,64,128,00000000,quaternion,quaternion,0,0,0,0,2048,2048,f665f90f,f665f90f,0,0
1579,43,64,128,80000000,quaternion,quaternion,0,0,0,0,2048,2048,7f800000,7f800000,0,0
1580,43,64,128,3f000000,quaternion,quaternion,0,0,0,0,2048,2048,7f800000,7f800000,0,0
1581,43,64,128,3f800000,quaternion,quaternion,0,0,0,0,2048,2048,f665f90f,f665f90f,0,0
1582,43,64,128,7fc12345,quaternion,quaternion,0,0,0,0,2048,2048,7fc12345,7fc12345,0,0
1583,43,64,128,ff854321,quaternion,quaternion,0,0,0,0,2048,2048,ffc54321,ffc54321,0,0
1584,44,64,256,00000000,quaternion,quaternion,0,0,0,0,2048,2048,ebab757b,ebab757b,0,0
1585,44,64,256,80000000,quaternion,quaternion,0,0,0,0,2048,2048,ebbb87a0,ebbb87a0,0,0
1586,44,64,256,3f000000,quaternion,quaternion,0,0,0,0,2048,2048,ebb37e8e,ebb37e8e,0,0
1587,44,64,256,3f800000,quaternion,quaternion,0,0,0,0,2048,2048,ebab757b,ebab757b,0,0
1588,44,64,256,7fc12345,quaternion,quaternion,0,0,0,0,2048,2048,7fc12345,7fc12345,0,0
1589,44,64,256,ff854321,quaternion,quaternion,0,0,0,0,2048,2048,ffc54321,ffc54321,0,0
1590,44,64,64,00000000,quaternion,quaternion,0,0,0,0,2048,2048,4e267284,4e267284,0,0
1591,44,64,64,80000000,quaternion,quaternion,0,0,0,0,2048,2048,4e360c69,4e360c69,0,0
1592,44,64,64,3f000000,quaternion,quaternion,0,0,0,0,2048,2048,4e2e3f76,4e2e3f76,0,0
1593,44,64,64,3f800000,quaternion,quaternion,0,0,0,0,2048,2048,4e267284,4e267284,0,0
1594,44,64,64,7fc12345,quaternion,quaternion,0,0,0,0,2048,2048,7fc12345,7fc12345,0,0
1595,44,64,64,ff854321,quaternion,quaternion,0,0,0,0,2048,2048,ffc54321,ffc54321,0,0
1596,44,64,48,00000000,quaternion,quaternion,0,0,0,0,2048,2048,5b1b3587,5b1b3587,0,0
1597,44,64,48,80000000,quaternion,quaternion,0,0,0,0,2048,2048,5b29c1c2,5b29c1c2,0,0
1598,44,64,48,3f000000,quaternion,quaternion,0,0,0,0,2048,2048,5b227ba5,5b227ba5,0,0
1599,44,64,48,3f800000,quaternion,quaternion,0,0,0,0,2048,2048,5b1b3587,5b1b3587,0,0
1600,44,64,48,7fc12345,quaternion,quaternion,0,0,0,0,2048,2048,7fc12345,7fc12345,0,0
1601,44,64,48,ff854321,quaternion,quaternion,0,0,0,0,2048,2048,ffc54321,ffc54321,0,0
1602,44,64,80,00000000,quaternion,quaternion,0,0,0,0,2048,2048,7f800000,7f800000,0,0
1603,44,64,80,80000000,quaternion,quaternion,0,0,0,0,2048,2048,7f800000,7f800000,0,0
1604,44,64,80,3f000000,quaternion,quaternion,0,0,0,0,2048,2048,7f800000,7f800000,0,0
1605,44,64,80,3f800000,quaternion,quaternion,0,0,0,0,2048,2048,7f800000,7f800000,0,0
1606,44,64,80,7fc12345,quaternion,quaternion,0,0,0,0,2048,2048,7fc12345,7fc12345,0,0
1607,44,64,80,ff854321,quaternion,quaternion,0,0,0,0,2048,2048,ffc54321,ffc54321,0,0
1608,44,128,64,00000000,quaternion,quaternion,0,0,0,0,2048,2048,4e267284,4e267284,0,0
1609,44,128,64,80000000,quaternion,quaternion,0,0,0,0,2048,2048,4e360c69,4e360c69,0,0
1610,44,128,64,3f000000,quaternion,quaternion,0,0,0,0,2048,2048,4e2e3f76,4e2e3f76,0,0
1611,44,128,64,3f800000,quaternion,quaternion,0,0,0,0,2048,2048,4e267284,4e267284,0,0
1612,44,128,64,7fc12345,quaternion,quaternion,0,0,0,0,2048,2048,7fc12345,7fc12345,0,0
1613,44,128,64,ff854321,quaternion,quaternion,0,0,0,0,2048,2048,ffc54321,ffc54321,0,0
1614,44,64,128,00000000,quaternion,quaternion,0,0,0,0,2048,2048,fcc6bd1a,fcc6bd1a,0,0
1615,44,64,128,80000000,quaternion,quaternion,0,0,0,0,2048,2048,fcd95dd3,fcd95dd3,0,0
1616,44,64,128,3f000000,quaternion,quaternion,0,0,0,0,2048,2048,fcd00d76,fcd00d76,0,0
1617,44,64,128,3f800000,quaternion,quaternion,0,0,0,0,2048,2048,fcc6bd1a,fcc6bd1a,0,0
1618,44,64,128,7fc12345,quaternion,quaternion,0,0,0,0,2048,2048,7fc12345,7fc12345,0,0
1619,44,64,128,ff854321,quaternion,quaternion,0,0,0,0,2048,2048,ffc54321,ffc54321,0,0
1620,45,64,256,00000000,quaternion,quaternion,0,0,0,0,2048,2048,c13d704c,c13d704c,0,0
1621,45,64,256,80000000,quaternion,quaternion,0,0,0,0,2048,2048,5f62a6dd,5f62a6dd,0,0
1622,45,64,256,3f000000,quaternion,quaternion,0,0,0,0,2048,2048,5ee2a6dd,5ee2a6dd,0,0
1623,45,64,256,3f800000,quaternion,quaternion,0,0,0,0,2048,2048,c13d704c,c13d704c,0,0
1624,45,64,256,7fc12345,quaternion,quaternion,0,0,0,0,2048,2048,7fc12345,7fc12345,0,0
1625,45,64,256,ff854321,quaternion,quaternion,0,0,0,0,2048,2048,ffc54321,ffc54321,0,0
1626,45,64,64,00000000,quaternion,quaternion,0,0,0,0,2048,2048,3e027198,3e027198,0,0
1627,45,64,64,80000000,quaternion,quaternion,0,0,0,0,2048,2048,dc1c1166,dc1c1166,0,0
1628,45,64,64,3f000000,quaternion,quaternion,0,0,0,0,2048,2048,db9c1166,db9c1166,0,0
1629,45,64,64,3f800000,quaternion,quaternion,0,0,0,0,2048,2048,3e027198,3e027198,0,0
1630,45,64,64,7fc12345,quaternion,quaternion,0,0,0,0,2048,2048,7fc12345,7fc12345,0,0
1631,45,64,64,ff854321,quaternion,quaternion,0,0,0,0,2048,2048,ffc54321,ffc54321,0,0
1632,45,64,48,00000000,quaternion,quaternion,0,0,0,0,2048,2048,b664fd62,b664fd62,0,0
1633,45,64,48,80000000,quaternion,quaternion,0,0,0,0,2048,2048,5488fc75,5488fc75,0,0
1634,45,64,48,3f000000,quaternion,quaternion,0,0,0,0,2048,2048,5408fc75,5408fc75,0,0
1635,45,64,48,3f800000,quaternion,quaternion,0,0,0,0,2048,2048,b664fd62,b664fd62,0,0
1636,45,64,48,7fc12345,quaternion,quaternion,0,0,0,0,2048,2048,7fc12345,7fc12345,0,0
1637,45,64,48,ff854321,quaternion,quaternion,0,0,0,0,2048,2048,ffc54321,ffc54321,0,0
1638,45,64,80,00000000,quaternion,quaternion,0,0,0,0,2048,2048,48a79a1e,48a79a1e,0,0
1639,45,64,80,80000000,quaternion,quaternion,0,0,0,0,2048,2048,e6c8868e,e6c8868e,0,0
1640,45,64,80,3f000000,quaternion,quaternion,0,0,0,0,2048,2048,e648868e,e648868e,0,0
1641,45,64,80,3f800000,quaternion,quaternion,0,0,0,0,2048,2048,48a79a1e,48a79a1e,0,0
1642,45,64,80,7fc12345,quaternion,quaternion,0,0,0,0,2048,2048,7fc12345,7fc12345,0,0
1643,45,64,80,ff854321,quaternion,quaternion,0,0,0,0,2048,2048,ffc54321,ffc54321,0,0
1644,45,128,64,00000000,quaternion,quaternion,0,0,0,0,2048,2048,3e027198,3e027198,0,0
1645,45,128,64,80000000,quaternion,quaternion,0,0,0,0,2048,2048,dc1c1166,dc1c1166,0,0
1646,45,128,64,3f000000,quaternion,quaternion,0,0,0,0,2048,2048,db9c1166,db9c1166,0,0
1647,45,128,64,3f800000,quaternion,quaternion,0,0,0,0,2048,2048,3e027198,3e027198,0,0
1648,45,128,64,7fc12345,quaternion,quaternion,0,0,0,0,2048,2048,7fc12345,7fc12345,0,0
1649,45,128,64,ff854321,quaternion,quaternion,0,0,0,0,2048,2048,ffc54321,ffc54321,0,0
1650,45,64,128,00000000,quaternion,quaternion,0,0,0,0,2048,2048,c8572192,c8572192,0,0
1651,45,64,128,80000000,quaternion,quaternion,0,0,0,0,2048,2048,6680b216,6680b216,0,0
1652,45,64,128,3f000000,quaternion,quaternion,0,0,0,0,2048,2048,6600b216,6600b216,0,0
1653,45,64,128,3f800000,quaternion,quaternion,0,0,0,0,2048,2048,c8572192,c8572192,0,0
1654,45,64,128,7fc12345,quaternion,quaternion,0,0,0,0,2048,2048,7fc12345,7fc12345,0,0
1655,45,64,128,ff854321,quaternion,quaternion,0,0,0,0,2048,2048,ffc54321,ffc54321,0,0
1656,46,64,256,00000000,quaternion,quaternion,0,0,0,0,2048,2048,52377345,52377345,0,0
1657,46,64,256,80000000,quaternion,quaternion,0,0,0,0,2048,2048,52377345,52377345,0,0
1658,46,64,256,3f000000,quaternion,quaternion,0,0,0,0,2048,2048,52377345,52377345,0,0
1659,46,64,256,3f800000,quaternion,quaternion,0,0,0,0,2048,2048,52377345,52377345,0,0
1660,46,64,256,7fc12345,quaternion,quaternion,0,0,0,0,2048,2048,7fc12345,7fc12345,0,0
1661,46,64,256,ff854321,quaternion,quaternion,0,0,0,0,2048,2048,ffc54321,ffc54321,0,0
1662,46,64,64,00000000,quaternion,quaternion,0,0,0,0,2048,2048,d6d0560e,d6d0560e,0,0
1663,46,64,64,80000000,quaternion,quaternion,0,0,0,0,2048,2048,d6d0560e,d6d0560e,0,0
1664,46,64,64,3f000000,quaternion,quaternion,0,0,0,0,2048,2048,d6d0560e,d6d0560e,0,0
1665,46,64,64,3f800000,quaternion,quaternion,0,0,0,0,2048,2048,d6d0560e,d6d0560e,0,0
1666,46,64,64,7fc12345,quaternion,quaternion,0,0,0,0,2048,2048,7fc12345,7fc12345,0,0
1667,46,64,64,ff854321,quaternion,quaternion,0,0,0,0,2048,2048,ffc54321,ffc54321,0,0
1668,46,64,48,00000000,quaternion,quaternion,0,0,0,0,2048,2048,d03c5689,d03c5689,0,0
1669,46,64,48,80000000,quaternion,quaternion,0,0,0,0,2048,2048,d03c5689,d03c5689,0,0
1670,46,64,48,3f000000,quaternion,quaternion,0,0,0,0,2048,2048,d03c5689,d03c5689,0,0
1671,46,64,48,3f800000,quaternion,quaternion,0,0,0,0,2048,2048,d03c5689,d03c5689,0,0
1672,46,64,48,7fc12345,quaternion,quaternion,0,0,0,0,2048,2048,7fc12345,7fc12345,0,0
1673,46,64,48,ff854321,quaternion,quaternion,0,0,0,0,2048,2048,ffc54321,ffc54321,0,0
1674,46,64,80,00000000,quaternion,quaternion,0,0,0,0,2048,2048,de3ec03b,de3ec03b,0,0
1675,46,64,80,80000000,quaternion,quaternion,0,0,0,0,2048,2048,de3ec03b,de3ec03b,0,0
1676,46,64,80,3f000000,quaternion,quaternion,0,0,0,0,2048,2048,de3ec03b,de3ec03b,0,0
1677,46,64,80,3f800000,quaternion,quaternion,0,0,0,0,2048,2048,de3ec03b,de3ec03b,0,0
1678,46,64,80,7fc12345,quaternion,quaternion,0,0,0,0,2048,2048,7fc12345,7fc12345,0,0
1679,46,64,80,ff854321,quaternion,quaternion,0,0,0,0,2048,2048,ffc54321,ffc54321,0,0
1680,46,128,64,00000000,quaternion,quaternion,0,0,0,0,2048,2048,d6d0560e,d6d0560e,0,0
1681,46,128,64,80000000,quaternion,quaternion,0,0,0,0,2048,2048,d6d0560e,d6d0560e,0,0
1682,46,128,64,3f000000,quaternion,quaternion,0,0,0,0,2048,2048,d6d0560e,d6d0560e,0,0
1683,46,128,64,3f800000,quaternion,quaternion,0,0,0,0,2048,2048,d6d0560e,d6d0560e,0,0
1684,46,128,64,7fc12345,quaternion,quaternion,0,0,0,0,2048,2048,7fc12345,7fc12345,0,0
1685,46,128,64,ff854321,quaternion,quaternion,0,0,0,0,2048,2048,ffc54321,ffc54321,0,0
1686,46,64,128,00000000,quaternion,quaternion,0,0,0,0,2048,2048,b0a65609,b0a65609,0,0
1687,46,64,128,80000000,quaternion,quaternion,0,0,0,0,2048,2048,b0a65609,b0a65609,0,0
1688,46,64,128,3f000000,quaternion,quaternion,0,0,0,0,2048,2048,b0a65609,b0a65609,0,0
1689,46,64,128,3f800000,quaternion,quaternion,0,0,0,0,2048,2048,b0a65609,b0a65609,0,0
1690,46,64,128,7fc12345,quaternion,quaternion,0,0,0,0,2048,2048,7fc12345,7fc12345,0,0
1691,46,64,128,ff854321,quaternion,quaternion,0,0,0,0,2048,2048,ffc54321,ffc54321,0,0
1692,47,64,256,00000000,quaternion,quaternion,0,0,0,0,2048,2048,67b18cfb,67b18cfb,0,0
1693,47,64,256,80000000,quaternion,quaternion,0,0,0,0,2048,2048,7f800000,7f800000,0,0
1694,47,64,256,3f000000,quaternion,quaternion,0,0,0,0,2048,2048,7f800000,7f800000,0,0
1695,47,64,256,3f800000,quaternion,quaternion,0,0,0,0,2048,2048,67b18cfb,67b18cfb,0,0
1696,47,64,256,7fc12345,quaternion,quaternion,0,0,0,0,2048,2048,7fc12345,7fc12345,0,0
1697,47,64,256,ff854321,quaternion,quaternion,0,0,0,0,2048,2048,ffc54321,ffc54321,0,0
1698,47,64,64,00000000,quaternion,quaternion,0,0,0,0,2048,2048,791e7bd8,791e7bd8,0,0
1699,47,64,64,80000000,quaternion,quaternion,0,0,0,0,2048,2048,7f800000,7f800000,0,0
1700,47,64,64,3f000000,quaternion,quaternion,0,0,0,0,2048,2048,7f800000,7f800000,0,0
1701,47,64,64,3f800000,quaternion,quaternion,0,0,0,0,2048,2048,791e7bd8,791e7bd8,0,0
1702,47,64,64,7fc12345,quaternion,quaternion,0,0,0,0,2048,2048,7fc12345,7fc12345,0,0
1703,47,64,64,ff854321,quaternion,quaternion,0,0,0,0,2048,2048,ffc54321,ffc54321,0,0
1704,47,64,48,00000000,quaternion,quaternion,0,0,0,0,2048,2048,73962406,73962406,0,0
1705,47,64,48,80000000,quaternion,quaternion,0,0,0,0,2048,2048,7f800000,7f800000,0,0
1706,47,64,48,3f000000,quaternion,quaternion,0,0,0,0,2048,2048,7f800000,7f800000,0,0
1707,47,64,48,3f800000,quaternion,quaternion,0,0,0,0,2048,2048,73962406,73962406,0,0
1708,47,64,48,7fc12345,quaternion,quaternion,0,0,0,0,2048,2048,7fc12345,7fc12345,0,0
1709,47,64,48,ff854321,quaternion,quaternion,0,0,0,0,2048,2048,ffc54321,ffc54321,0,0
1710,47,64,80,00000000,quaternion,quaternion,0,0,0,0,2048,2048,4f49579e,4f49579e,0,0
1711,47,64,80,80000000,quaternion,quaternion,0,0,0,0,2048,2048,7f800000,7f800000,0,0
1712,47,64,80,3f000000,quaternion,quaternion,0,0,0,0,2048,2048,7f800000,7f800000,0,0
1713,47,64,80,3f800000,quaternion,quaternion,0,0,0,0,2048,2048,4f49579e,4f49579e,0,0
1714,47,64,80,7fc12345,quaternion,quaternion,0,0,0,0,2048,2048,7fc12345,7fc12345,0,0
1715,47,64,80,ff854321,quaternion,quaternion,0,0,0,0,2048,2048,ffc54321,ffc54321,0,0
1716,47,128,64,00000000,quaternion,quaternion,0,0,0,0,2048,2048,791e7bd8,791e7bd8,0,0
1717,47,128,64,80000000,quaternion,quaternion,0,0,0,0,2048,2048,7f800000,7f800000,0,0
1718,47,128,64,3f000000,quaternion,quaternion,0,0,0,0,2048,2048,7f800000,7f800000,0,0
1719,47,128,64,3f800000,quaternion,quaternion,0,0,0,0,2048,2048,791e7bd8,791e7bd8,0,0
1720,47,128,64,7fc12345,quaternion,quaternion,0,0,0,0,2048,2048,7fc12345,7fc12345,0,0
1721,47,128,64,ff854321,quaternion,quaternion,0,0,0,0,2048,2048,ffc54321,ffc54321,0,0
1722,47,64,128,00000000,quaternion,quaternion,0,0,0,0,2048,2048,6c3f2a83,6c3f2a83,0,0
1723,47,64,128,80000000,quaternion,quaternion,0,0,0,0,2048,2048,7f800000,7f800000,0,0
1724,47,64,128,3f000000,quaternion,quaternion,0,0,0,0,2048,2048,7f800000,7f800000,0,0
1725,47,64,128,3f800000,quaternion,quaternion,0,0,0,0,2048,2048,6c3f2a83,6c3f2a83,0,0
1726,47,64,128,7fc12345,quaternion,quaternion,0,0,0,0,2048,2048,7fc12345,7fc12345,0,0
1727,47,64,128,ff854321,quaternion,quaternion,0,0,0,0,2048,2048,ffc54321,ffc54321,0,0
1728,48,64,256,00000000,quaternion,quaternion,0,0,0,0,2048,2048,ff800000,ff800000,0,0
1729,48,64,256,80000000,quaternion,quaternion,0,0,0,0,2048,2048,ff800000,ff800000,0,0
1730,48,64,256,3f000000,quaternion,quaternion,0,0,0,0,2048,2048,ff800000,ff800000,0,0
1731,48,64,256,3f800000,quaternion,quaternion,0,0,0,0,2048,2048,ff800000,ff800000,0,0
1732,48,64,256,7fc12345,quaternion,quaternion,0,0,0,0,2048,2048,7fc12345,7fc12345,0,0
1733,48,64,256,ff854321,quaternion,quaternion,0,0,0,0,2048,2048,ffc54321,ffc54321,0,0
1734,48,64,64,00000000,quaternion,quaternion,0,0,0,0,2048,2048,509950bf,509950bf,0,0
1735,48,64,64,80000000,quaternion,quaternion,0,0,0,0,2048,2048,7091ca0a,7091ca0a,0,0
1736,48,64,64,3f000000,quaternion,quaternion,0,0,0,0,2048,2048,7011ca0a,7011ca0a,0,0
1737,48,64,64,3f800000,quaternion,quaternion,0,0,0,0,2048,2048,509950bf,509950bf,0,0
1738,48,64,64,7fc12345,quaternion,quaternion,0,0,0,0,2048,2048,7fc12345,7fc12345,0,0
1739,48,64,64,ff854321,quaternion,quaternion,0,0,0,0,2048,2048,ffc54321,ffc54321,0,0
1740,48,64,48,00000000,quaternion,quaternion,0,0,0,0,2048,2048,52277100,52277100,0,0
1741,48,64,48,80000000,quaternion,quaternion,0,0,0,0,2048,2048,721f38c6,721f38c6,0,0
1742,48,64,48,3f000000,quaternion,quaternion,0,0,0,0,2048,2048,719f38c6,719f38c6,0,0
1743,48,64,48,3f800000,quaternion,quaternion,0,0,0,0,2048,2048,52277100,52277100,0,0
1744,48,64,48,7fc12345,quaternion,quaternion,0,0,0,0,2048,2048,7fc12345,7fc12345,0,0
1745,48,64,48,ff854321,quaternion,quaternion,0,0,0,0,2048,2048,ffc54321,ffc54321,0,0
1746,48,64,80,00000000,quaternion,quaternion,0,0,0,0,2048,2048,7f800000,7f800000,0,0
1747,48,64,80,80000000,quaternion,quaternion,0,0,0,0,2048,2048,7f800000,7f800000,0,0
1748,48,64,80,3f000000,quaternion,quaternion,0,0,0,0,2048,2048,7f800000,7f800000,0,0
1749,48,64,80,3f800000,quaternion,quaternion,0,0,0,0,2048,2048,7f800000,7f800000,0,0
1750,48,64,80,7fc12345,quaternion,quaternion,0,0,0,0,2048,2048,7fc12345,7fc12345,0,0
1751,48,64,80,ff854321,quaternion,quaternion,0,0,0,0,2048,2048,ffc54321,ffc54321,0,0
1752,48,128,64,00000000,quaternion,quaternion,0,0,0,0,2048,2048,509950bf,509950bf,0,0
1753,48,128,64,80000000,quaternion,quaternion,0,0,0,0,2048,2048,7091ca0a,7091ca0a,0,0
1754,48,128,64,3f000000,quaternion,quaternion,0,0,0,0,2048,2048,7011ca0a,7011ca0a,0,0
1755,48,128,64,3f800000,quaternion,quaternion,0,0,0,0,2048,2048,509950bf,509950bf,0,0
1756,48,128,64,7fc12345,quaternion,quaternion,0,0,0,0,2048,2048,7fc12345,7fc12345,0,0
1757,48,128,64,ff854321,quaternion,quaternion,0,0,0,0,2048,2048,ffc54321,ffc54321,0,0
1758,48,64,128,00000000,quaternion,quaternion,0,0,0,0,2048,2048,ff800000,ff800000,0,0
1759,48,64,128,80000000,quaternion,quaternion,0,0,0,0,2048,2048,ff800000,ff800000,0,0
1760,48,64,128,3f000000,quaternion,quaternion,0,0,0,0,2048,2048,ff800000,ff800000,0,0
1761,48,64,128,3f800000,quaternion,quaternion,0,0,0,0,2048,2048,ff800000,ff800000,0,0
1762,48,64,128,7fc12345,quaternion,quaternion,0,0,0,0,2048,2048,7fc12345,7fc12345,0,0
1763,48,64,128,ff854321,quaternion,quaternion,0,0,0,0,2048,2048,ffc54321,ffc54321,0,0
1764,49,64,256,00000000,quaternion,quaternion,0,0,0,0,2048,2048,97e9a8bb,97e9a8bb,0,0
1765,49,64,256,80000000,quaternion,quaternion,0,0,0,0,2048,2048,969a41e3,969a41e3,0,0
1766,49,64,256,3f000000,quaternion,quaternion,0,0,0,0,2048,2048,97881c99,97881c99,0,0
1767,49,64,256,3f800000,quaternion,quaternion,0,0,0,0,2048,2048,97e9a8bb,97e9a8bb,0,0
1768,49,64,256,7fc12345,quaternion,quaternion,0,0,0,0,2048,2048,7fc12345,7fc12345,0,0
1769,49,64,256,ff854321,quaternion,quaternion,0,0,0,0,2048,2048,ffc54321,ffc54321,0,0
1770,49,64,64,00000000,quaternion,quaternion,0,0,0,0,2048,2048,608cfffb,608cfffb,0,0
1771,49,64,64,80000000,quaternion,quaternion,0,0,0,0,2048,2048,5f3a2bc8,5f3a2bc8,0,0
1772,49,64,64,3f000000,quaternion,quaternion,0,0,0,0,2048,2048,60244573,60244573,0,0
1773,49,64,64,3f800000,quaternion,quaternion,0,0,0,0,2048,2048,608cfffb,608cfffb,0,0
1774,49,64,64,7fc12345,quaternion,quaternion,0,0,0,0,2048,2048,7fc12345,7fc12345,0,0
1775,49,64,64,ff854321,quaternion,quaternion,0,0,0,0,2048,2048,ffc54321,ffc54321,0,0
1776,49,64,48,00000000,quaternion,quaternion,0,0,0,0,2048,2048,3260dff6,3260dff6,0,0
1777,49,64,48,80000000,quaternion,quaternion,0,0,0,0,2048,2048,3114754a,3114754a,0,0
1778,49,64,48,3f000000,quaternion,quaternion,0,0,0,0,2048,2048,3202fea4,3202fea4,0,0
1779,49,64,48,3f800000,quaternion,quaternion,0,0,0,0,2048,2048,3260dff6,3260dff6,0,0
1780,49,64,48,7fc12345,quaternion,quaternion,0,0,0,0,2048,2048,7fc12345,7fc12345,0,0
1781,49,64,48,ff854321,quaternion,quaternion,0,0,0,0,2048,2048,ffc54321,ffc54321,0,0
1782,49,64,80,00000000,quaternion,quaternion,0,0,0,0,2048,2048,b042848c,b042848c,0,0
1783,49,64,80,80000000,quaternion,quaternion,0,0,0,0,2048,2048,af006ac0,af006ac0,0,0
1784,49,64,80,3f000000,quaternion,quaternion,0,0,0,0,2048,2048,afe29f3b,afe29f3b,0,0
1785,49,64,80,3f800000,quaternion,quaternion,0,0,0,0,2048,2048,b042848c,b042848c,0,0
1786,49,64,80,7fc12345,quaternion,quaternion,0,0,0,0,2048,2048,7fc12345,7fc12345,0,0
1787,49,64,80,ff854321,quaternion,quaternion,0,0,0,0,2048,2048,ffc54321,ffc54321,0,0
1788,49,128,64,00000000,quaternion,quaternion,0,0,0,0,2048,2048,608cfffb,608cfffb,0,0
1789,49,128,64,80000000,quaternion,quaternion,0,0,0,0,2048,2048,5f3a2bc8,5f3a2bc8,0,0
1790,49,128,64,3f000000,quaternion,quaternion,0,0,0,0,2048,2048,60244573,60244573,0,0
1791,49,128,64,3f800000,quaternion,quaternion,0,0,0,0,2048,2048,608cfffb,608cfffb,0,0
1792,49,128,64,7fc12345,quaternion,quaternion,0,0,0,0,2048,2048,7fc12345,7fc12345,0,0
1793,49,128,64,ff854321,quaternion,quaternion,0,0,0,0,2048,2048,ffc54321,ffc54321,0,0
1794,49,64,128,00000000,quaternion,quaternion,0,0,0,0,2048,2048,c2761a8f,c2761a8f,0,0
1795,49,64,128,80000000,quaternion,quaternion,0,0,0,0,2048,2048,c122791c,c122791c,0,0
1796,49,64,128,3f000000,quaternion,quaternion,0,0,0,0,2048,2048,c20f5c6b,c20f5c6b,0,0
1797,49,64,128,3f800000,quaternion,quaternion,0,0,0,0,2048,2048,c2761a8f,c2761a8f,0,0
1798,49,64,128,7fc12345,quaternion,quaternion,0,0,0,0,2048,2048,7fc12345,7fc12345,0,0
1799,49,64,128,ff854321,quaternion,quaternion,0,0,0,0,2048,2048,ffc54321,ffc54321,0,0
1800,50,64,256,00000000,quaternion,quaternion,0,0,0,0,2048,2048,1bf354d2,1bf354d2,0,0
1801,50,64,256,80000000,quaternion,quaternion,0,0,0,0,2048,2048,d0dba143,d0dba143,0,0
1802,50,64,256,3f000000,quaternion,quaternion,0,0,0,0,2048,2048,d05ba143,d05ba143,0,0
1803,50,64,256,3f800000,quaternion,quaternion,0,0,0,0,2048,2048,1bf354d2,1bf354d2,0,0
1804,50,64,256,7fc12345,quaternion,quaternion,0,0,0,0,2048,2048,7fc12345,7fc12345,0,0
1805,50,64,256,ff854321,quaternion,quaternion,0,0,0,0,2048,2048,ffc54321,ffc54321,0,0
1806,50,64,64,00000000,quaternion,quaternion,0,0,0,0,2048,2048,aa8e089a,aa8e089a,0,0
1807,50,64,64,80000000,quaternion,quaternion,0,0,0,0,2048,2048,5f8032f1,5f8032f1,0,0
1808,50,64,64,3f000000,quaternion,quaternion,0,0,0,0,2048,2048,5f0032f1,5f0032f1,0,0
1809,50,64,64,3f800000,quaternion,quaternion,0,0,0,0,2048,2048,aa8e089a,aa8e089a,0,0
1810,50,64,64,7fc12345,quaternion,quaternion,0,0,0,0,2048,2048,7fc12345,7fc12345,0,0
1811,50,64,64,ff854321,quaternion,quaternion,0,0,0,0,2048,2048,ffc54321,ffc54321,0,0
1812,50,64,48,00000000,quaternion,quaternion,0,0,0,0,2048,2048,e52ceb66,e52ceb66,0,0
1813,50,64,48,80000000,quaternion,quaternion,0,0,0,0,2048,2048,7f800000,7f800000,0,0
1814,50,64,48,3f000000,quaternion,quaternion,0,0,0,0,2048,2048,7f800000,7f800000,0,0
1815,50,64,48,3f800000,quaternion,quaternion,0,0,0,0,2048,2048,e52ceb66,e52ceb66,0,0
1816,50,64,48,7fc12345,quaternion,quaternion,0,0,0,0,2048,2048,7fc12345,7fc12345,0,0
1817,50,64,48,ff854321,quaternion,quaternion,0,0,0,0,2048,2048,ffc54321,ffc54321,0,0
1818,50,64,80,00000000,quaternion,quaternion,0,0,0,0,2048,2048,3825bb59,3825bb59,0,0
1819,50,64,80,80000000,quaternion,quaternion,0,0,0,0,2048,2048,ed1596c3,ed1596c3,0,0
1820,50,64,80,3f000000,quaternion,quaternion,0,0,0,0,2048,2048,ec9596c3,ec9596c3,0,0
1821,50,64,80,3f800000,quaternion,quaternion,0,0,0,0,2048,2048,3825bb59,3825bb59,0,0
1822,50,64,80,7fc12345,quaternion,quaternion,0,0,0,0,2048,2048,7fc12345,7fc12345,0,0
1823,50,64,80,ff854321,quaternion,quaternion,0,0,0,0,2048,2048,ffc54321,ffc54321,0,0
1824,50,128,64,00000000,quaternion,quaternion,0,0,0,0,2048,2048,aa8e089a,aa8e089a,0,0
1825,50,128,64,80000000,quaternion,quaternion,0,0,0,0,2048,2048,5f8032f1,5f8032f1,0,0
1826,50,128,64,3f000000,quaternion,quaternion,0,0,0,0,2048,2048,5f0032f1,5f0032f1,0,0
1827,50,128,64,3f800000,quaternion,quaternion,0,0,0,0,2048,2048,aa8e089a,aa8e089a,0,0
1828,50,128,64,7fc12345,quaternion,quaternion,0,0,0,0,2048,2048,7fc12345,7fc12345,0,0
1829,50,128,64,ff854321,quaternion,quaternion,0,0,0,0,2048,2048,ffc54321,ffc54321,0,0
1830,50,64,128,00000000,quaternion,quaternion,0,0,0,0,2048,2048,ba876d14,ba876d14,0,0
1831,50,64,128,80000000,quaternion,quaternion,0,0,0,0,2048,2048,6f74785b,6f74785b,0,0
1832,50,64,128,3f000000,quaternion,quaternion,0,0,0,0,2048,2048,6ef4785b,6ef4785b,0,0
1833,50,64,128,3f800000,quaternion,quaternion,0,0,0,0,2048,2048,ba876d14,ba876d14,0,0
1834,50,64,128,7fc12345,quaternion,quaternion,0,0,0,0,2048,2048,7fc12345,7fc12345,0,0
1835,50,64,128,ff854321,quaternion,quaternion,0,0,0,0,2048,2048,ffc54321,ffc54321,0,0
1836,51,64,256,00000000,quaternion,quaternion,0,0,0,0,2048,2048,7f800000,7f800000,0,0
1837,51,64,256,80000000,quaternion,quaternion,0,0,0,0,2048,2048,7f800000,7f800000,0,0
1838,51,64,256,3f000000,quaternion,quaternion,0,0,0,0,2048,2048,7f800000,7f800000,0,0
1839,51,64,256,3f800000,quaternion,quaternion,0,0,0,0,2048,2048,7f800000,7f800000,0,0
1840,51,64,256,7fc12345,quaternion,quaternion,0,0,0,0,2048,2048,7fc12345,7fc12345,0,0
1841,51,64,256,ff854321,quaternion,quaternion,0,0,0,0,2048,2048,ffc54321,ffc54321,0,0
1842,51,64,64,00000000,quaternion,quaternion,0,0,0,0,2048,2048,ff800000,ff800000,0,0
1843,51,64,64,80000000,quaternion,quaternion,0,0,0,0,2048,2048,ff800000,ff800000,0,0
1844,51,64,64,3f000000,quaternion,quaternion,0,0,0,0,2048,2048,ff800000,ff800000,0,0
1845,51,64,64,3f800000,quaternion,quaternion,0,0,0,0,2048,2048,ff800000,ff800000,0,0
1846,51,64,64,7fc12345,quaternion,quaternion,0,0,0,0,2048,2048,7fc12345,7fc12345,0,0
1847,51,64,64,ff854321,quaternion,quaternion,0,0,0,0,2048,2048,ffc54321,ffc54321,0,0
1848,51,64,48,00000000,quaternion,quaternion,0,0,0,0,2048,2048,7f800000,7f800000,0,0
1849,51,64,48,80000000,quaternion,quaternion,0,0,0,0,2048,2048,7f800000,7f800000,0,0
1850,51,64,48,3f000000,quaternion,quaternion,0,0,0,0,2048,2048,7f800000,7f800000,0,0
1851,51,64,48,3f800000,quaternion,quaternion,0,0,0,0,2048,2048,7f800000,7f800000,0,0
1852,51,64,48,7fc12345,quaternion,quaternion,0,0,0,0,2048,2048,7fc12345,7fc12345,0,0
1853,51,64,48,ff854321,quaternion,quaternion,0,0,0,0,2048,2048,ffc54321,ffc54321,0,0
1854,51,64,80,00000000,quaternion,quaternion,0,0,0,0,2048,2048,bc0d43be,bc0d43be,0,0
1855,51,64,80,80000000,quaternion,quaternion,0,0,0,0,2048,2048,bc0d43be,bc0d43be,0,0
1856,51,64,80,3f000000,quaternion,quaternion,0,0,0,0,2048,2048,bc0d43be,bc0d43be,0,0
1857,51,64,80,3f800000,quaternion,quaternion,0,0,0,0,2048,2048,bc0d43be,bc0d43be,0,0
1858,51,64,80,7fc12345,quaternion,quaternion,0,0,0,0,2048,2048,7fc12345,7fc12345,0,0
1859,51,64,80,ff854321,quaternion,quaternion,0,0,0,0,2048,2048,ffc54321,ffc54321,0,0
1860,51,128,64,00000000,quaternion,quaternion,0,0,0,0,2048,2048,ff800000,ff800000,0,0
1861,51,128,64,80000000,quaternion,quaternion,0,0,0,0,2048,2048,ff800000,ff800000,0,0
1862,51,128,64,3f000000,quaternion,quaternion,0,0,0,0,2048,2048,ff800000,ff800000,0,0
1863,51,128,64,3f800000,quaternion,quaternion,0,0,0,0,2048,2048,ff800000,ff800000,0,0
1864,51,128,64,7fc12345,quaternion,quaternion,0,0,0,0,2048,2048,7fc12345,7fc12345,0,0
1865,51,128,64,ff854321,quaternion,quaternion,0,0,0,0,2048,2048,ffc54321,ffc54321,0,0
1866,51,64,128,00000000,quaternion,quaternion,0,0,0,0,2048,2048,71ed71aa,71ed71aa,0,0
1867,51,64,128,80000000,quaternion,quaternion,0,0,0,0,2048,2048,71ed71aa,71ed71aa,0,0
1868,51,64,128,3f000000,quaternion,quaternion,0,0,0,0,2048,2048,71ed71aa,71ed71aa,0,0
1869,51,64,128,3f800000,quaternion,quaternion,0,0,0,0,2048,2048,71ed71aa,71ed71aa,0,0
1870,51,64,128,7fc12345,quaternion,quaternion,0,0,0,0,2048,2048,7fc12345,7fc12345,0,0
1871,51,64,128,ff854321,quaternion,quaternion,0,0,0,0,2048,2048,ffc54321,ffc54321,0,0
1872,52,64,256,00000000,quaternion,quaternion,0,0,0,0,2048,2048,fe2c2381,fe2c2381,0,0
1873,52,64,256,80000000,quaternion,quaternion,0,0,0,0,2048,2048,7f800000,7f800000,0,0
1874,52,64,256,3f000000,quaternion,quaternion,0,0,0,0,2048,2048,7f800000,7f800000,0,0
1875,52,64,256,3f800000,quaternion,quaternion,0,0,0,0,2048,2048,fe2c2381,fe2c2381,0,0
1876,52,64,256,7fc12345,quaternion,quaternion,0,0,0,0,2048,2048,7fc12345,7fc12345,0,0
1877,52,64,256,ff854321,quaternion,quaternion,0,0,0,0,2048,2048,ffc54321,ffc54321,0,0
1878,52,64,64,00000000,quaternion,quaternion,0,0,0,0,2048,2048,7f800000,7f800000,0,0
1879,52,64,64,80000000,quaternion,quaternion,0,0,0,0,2048,2048,ff800000,ff800000,0,0
1880,52,64,64,3f000000,quaternion,quaternion,0,0,0,0,2048,2048,ff800000,ff800000,0,0
1881,52,64,64,3f800000,quaternion,quaternion,0,0,0,0,2048,2048,7f800000,7f800000,0,0
1882,52,64,64,7fc12345,quaternion,quaternion,0,0,0,0,2048,2048,7fc12345,7fc12345,0,0
1883,52,64,64,ff854321,quaternion,quaternion,0,0,0,0,2048,2048,ffc54321,ffc54321,0,0
1884,52,64,48,00000000,quaternion,quaternion,0,0,0,0,2048,2048,fa605fb3,fa605fb3,0,0
1885,52,64,48,80000000,quaternion,quaternion,0,0,0,0,2048,2048,7f800000,7f800000,0,0
1886,52,64,48,3f000000,quaternion,quaternion,0,0,0,0,2048,2048,7f800000,7f800000,0,0
1887,52,64,48,3f800000,quaternion,quaternion,0,0,0,0,2048,2048,fa605fb3,fa605fb3,0,0
1888,52,64,48,7fc12345,quaternion,quaternion,0,0,0,0,2048,2048,7fc12345,7fc12345,0,0
1889,52,64,48,ff854321,quaternion,quaternion,0,0,0,0,2048,2048,ffc54321,ffc54321,0,0
1890,52,64,80,00000000,quaternion,quaternion,0,0,0,0,2048,2048,f2546d71,f2546d71,0,0
1891,52,64,80,80000000,quaternion,quaternion,0,0,0,0,2048,2048,7f800000,7f800000,0,0
1892,52,64,80,3f000000,quaternion,quaternion,0,0,0,0,2048,2048,7f800000,7f800000,0,0
1893,52,64,80,3f800000,quaternion,quaternion,0,0,0,0,2048,2048,f2546d71,f2546d71,0,0
1894,52,64,80,7fc12345,quaternion,quaternion,0,0,0,0,2048,2048,7fc12345,7fc12345,0,0
1895,52,64,80,ff854321,quaternion,quaternion,0,0,0,0,2048,2048,ffc54321,ffc54321,0,0
1896,52,128,64,00000000,quaternion,quaternion,0,0,0,0,2048,2048,7f800000,7f800000,0,0
1897,52,128,64,80000000,quaternion,quaternion,0,0,0,0,2048,2048,ff800000,ff800000,0,0
1898,52,128,64,3f000000,quaternion,quaternion,0,0,0,0,2048,2048,ff800000,ff800000,0,0
1899,52,128,64,3f800000,quaternion,quaternion,0,0,0,0,2048,2048,7f800000,7f800000,0,0
1900,52,128,64,7fc12345,quaternion,quaternion,0,0,0,0,2048,2048,7fc12345,7fc12345,0,0
1901,52,128,64,ff854321,quaternion,quaternion,0,0,0,0,2048,2048,ffc54321,ffc54321,0,0
1902,52,64,128,00000000,quaternion,quaternion,0,0,0,0,2048,2048,7b97d853,7b97d853,0,0
1903,52,64,128,80000000,quaternion,quaternion,0,0,0,0,2048,2048,ff800000,ff800000,0,0
1904,52,64,128,3f000000,quaternion,quaternion,0,0,0,0,2048,2048,ff800000,ff800000,0,0
1905,52,64,128,3f800000,quaternion,quaternion,0,0,0,0,2048,2048,7b97d853,7b97d853,0,0
1906,52,64,128,7fc12345,quaternion,quaternion,0,0,0,0,2048,2048,7fc12345,7fc12345,0,0
1907,52,64,128,ff854321,quaternion,quaternion,0,0,0,0,2048,2048,ffc54321,ffc54321,0,0
1908,53,64,256,00000000,quaternion,quaternion,0,0,0,0,2048,2048,d3d32ab8,d3d32ab8,0,0
1909,53,64,256,80000000,quaternion,quaternion,0,0,0,0,2048,2048,d3d32ab8,d3d32ab8,0,0
1910,53,64,256,3f000000,quaternion,quaternion,0,0,0,0,2048,2048,d3d32ab8,d3d32ab8,0,0
1911,53,64,256,3f800000,quaternion,quaternion,0,0,0,0,2048,2048,d3d32ab8,d3d32ab8,0,0
1912,53,64,256,7fc12345,quaternion,quaternion,0,0,0,0,2048,2048,7fc12345,7fc12345,0,0
1913,53,64,256,ff854321,quaternion,quaternion,0,0,0,0,2048,2048,ffc54321,ffc54321,0,0
1914,53,64,64,00000000,quaternion,quaternion,0,0,0,0,2048,2048,40f273c9,40f273c9,0,0
1915,53,64,64,80000000,quaternion,quaternion,0,0,0,0,2048,2048,40f273c9,40f273c9,0,0
1916,53,64,64,3f000000,quaternion,quaternion,0,0,0,0,2048,2048,40f273c9,40f273c9,0,0
1917,53,64,64,3f800000,quaternion,quaternion,0,0,0,0,2048,2048,40f273c9,40f273c9,0,0
1918,53,64,64,7fc12345,quaternion,quaternion,0,0,0,0,2048,2048,7fc12345,7fc12345,0,0
1919,53,64,64,ff854321,quaternion,quaternion,0,0,0,0,2048,2048,ffc54321,ffc54321,0,0
1920,53,64,48,00000000,quaternion,quaternion,0,0,0,0,2048,2048,48507f6e,48507f6e,0,0
1921,53,64,48,80000000,quaternion,quaternion,0,0,0,0,2048,2048,48507f6e,48507f6e,0,0
1922,53,64,48,3f000000,quaternion,quaternion,0,0,0,0,2048,2048,48507f6e,48507f6e,0,0
1923,53,64,48,3f800000,quaternion,quaternion,0,0,0,0,2048,2048,48507f6e,48507f6e,0,0
1924,53,64,48,7fc12345,quaternion,quaternion,0,0,0,0,2048,2048,7fc12345,7fc12345,0,0
1925,53,64,48,ff854321,quaternion,quaternion,0,0,0,0,2048,2048,ffc54321,ffc54321,0,0
1926,53,64,80,00000000,quaternion,quaternion,0,0,0,0,2048,2048,60d1eecd,60d1eecd,0,0
1927,53,64,80,80000000,quaternion,quaternion,0,0,0,0,2048,2048,60d1eecd,60d1eecd,0,0
1928,53,64,80,3f000000,quaternion,quaternion,0,0,0,0,2048,2048,60d1eecd,60d1eecd,0,0
1929,53,64,80,3f800000,quaternion,quaternion,0,0,0,0,2048,2048,60d1eecd,60d1eecd,0,0
1930,53,64,80,7fc12345,quaternion,quaternion,0,0,0,0,2048,2048,7fc12345,7fc12345,0,0
1931,53,64,80,ff854321,quaternion,quaternion,0,0,0,0,2048,2048,ffc54321,ffc54321,0,0
1932,53,128,64,00000000,quaternion,quaternion,0,0,0,0,2048,2048,40f273c9,40f273c9,0,0
1933,53,128,64,80000000,quaternion,quaternion,0,0,0,0,2048,2048,40f273c9,40f273c9,0,0
1934,53,128,64,3f000000,quaternion,quaternion,0,0,0,0,2048,2048,40f273c9,40f273c9,0,0
1935,53,128,64,3f800000,quaternion,quaternion,0,0,0,0,2048,2048,40f273c9,40f273c9,0,0
1936,53,128,64,7fc12345,quaternion,quaternion,0,0,0,0,2048,2048,7fc12345,7fc12345,0,0
1937,53,128,64,ff854321,quaternion,quaternion,0,0,0,0,2048,2048,ffc54321,ffc54321,0,0
1938,53,64,128,00000000,quaternion,quaternion,0,0,0,0,2048,2048,0e14517a,0e14517a,0,0
1939,53,64,128,80000000,quaternion,quaternion,0,0,0,0,2048,2048,0e14517a,0e14517a,0,0
1940,53,64,128,3f000000,quaternion,quaternion,0,0,0,0,2048,2048,0e14517a,0e14517a,0,0
1941,53,64,128,3f800000,quaternion,quaternion,0,0,0,0,2048,2048,0e14517a,0e14517a,0,0
1942,53,64,128,7fc12345,quaternion,quaternion,0,0,0,0,2048,2048,7fc12345,7fc12345,0,0
1943,53,64,128,ff854321,quaternion,quaternion,0,0,0,0,2048,2048,ffc54321,ffc54321,0,0
1944,54,64,256,00000000,quaternion,quaternion,0,0,0,0,2048,2048,5fc9d6d1,5fc9d6d1,0,0
1945,54,64,256,80000000,quaternion,quaternion,0,0,0,0,2048,2048,77e7d7ac,77e7d7ac,0,0
1946,54,64,256,3f000000,quaternion,quaternion,0,0,0,0,2048,2048,7767d7ac,7767d7ac,0,0
1947,54,64,256,3f800000,quaternion,quaternion,0,0,0,0,2048,2048,5fc9d6d1,5fc9d6d1,0,0
1948,54,64,256,7fc12345,quaternion,quaternion,0,0,0,0,2048,2048,7fc12345,7fc12345,0,0
1949,54,64,256,ff854321,quaternion,quaternion,0,0,0,0,2048,2048,ffc54321,ffc54321,0,0
1950,54,64,64,00000000,quaternion,quaternion,0,0,0,0,2048,2048,45e40c75,45e40c75,0,0
1951,54,64,64,80000000,quaternion,quaternion,0,0,0,0,2048,2048,5e02f95a,5e02f95a,0,0
1952,54,64,64,3f000000,quaternion,quaternion,0,0,0,0,2048,2048,5d82f95a,5d82f95a,0,0
1953,54,64,64,3f800000,quaternion,quaternion,0,0,0,0,2048,2048,45e40c75,45e40c75,0,0
1954,54,64,64,7fc12345,quaternion,quaternion,0,0,0,0,2048,2048,7fc12345,7fc12345,0,0
1955,54,64,64,ff854321,quaternion,quaternion,0,0,0,0,2048,2048,ffc54321,ffc54321,0,0
1956,54,64,48,00000000,quaternion,quaternion,0,0,0,0,2048,2048,410883ca,410883ca,0,0
1957,54,64,48,80000000,quaternion,quaternion,0,0,0,0,2048,2048,591ccec5,591ccec5,0,0
1958,54,64,48,3f000000,quaternion,quaternion,0,0,0,0,2048,2048,589ccec5,589ccec5,0,0
1959,54,64,48,3f800000,quaternion,quaternion,0,0,0,0,2048,2048,410883ca,410883ca,0,0
1960,54,64,48,7fc12345,quaternion,quaternion,0,0,0,0,2048,2048,7fc12345,7fc12345,0,0
1961,54,64,48,ff854321,quaternion,quaternion,0,0,0,0,2048,2048,ffc54321,ffc54321,0,0
1962,54,64,80,00000000,quaternion,quaternion,0,0,0,0,2048,2048,f645bf6c,f645bf6c,0,0
1963,54,64,80,80000000,quaternion,quaternion,0,0,0,0,2048,2048,ff800000,ff800000,0,0
1964,54,64,80,3f000000,quaternion,quaternion,0,0,0,0,2048,2048,ff800000,ff800000,0,0
1965,54,64,80,3f800000,quaternion,quaternion,0,0,0,0,2048,2048,f645bf6c,f645bf6c,0,0
1966,54,64,80,7fc12345,quaternion,quaternion,0,0,0,0,2048,2048,7fc12345,7fc12345,0,0
1967,54,64,80,ff854321,quaternion,quaternion,0,0,0,0,2048,2048,ffc54321,ffc54321,0,0
1968,54,128,64,00000000,quaternion,quaternion,0,0,0,0,2048,2048,45e40c75,45e40c75,0,0
1969,54,128,64,80000000,quaternion,quaternion,0,0,0,0,2048,2048,5e02f95a,5e02f95a,0,0
1970,54,128,64,3f000000,quaternion,quaternion,0,0,0,0,2048,2048,5d82f95a,5d82f95a,0,0
1971,54,128,64,3f800000,quaternion,quaternion,0,0,0,0,2048,2048,45e40c75,45e40c75,0,0
1972,54,128,64,7fc12345,quaternion,quaternion,0,0,0,0,2048,2048,7fc12345,7fc12345,0,0
1973,54,128,64,ff854321,quaternion,quaternion,0,0,0,0,2048,2048,ffc54321,ffc54321,0,0
1974,54,64,128,00000000,quaternion,quaternion,0,0,0,0,2048,2048,76e7422a,76e7422a,0,0
1975,54,64,128,80000000,quaternion,quaternion,0,0,0,0,2048,2048,7f800000,7f800000,0,0
1976,54,64,128,3f000000,quaternion,quaternion,0,0,0,0,2048,2048,7f800000,7f800000,0,0
1977,54,64,128,3f800000,quaternion,quaternion,0,0,0,0,2048,2048,76e7422a,76e7422a,0,0
1978,54,64,128,7fc12345,quaternion,quaternion,0,0,0,0,2048,2048,7fc12345,7fc12345,0,0
1979,54,64,128,ff854321,quaternion,quaternion,0,0,0,0,2048,2048,ffc54321,ffc54321,0,0
1980,55,64,256,00000000,quaternion,quaternion,0,0,0,0,2048,2048,7f800000,7f800000,0,0
1981,55,64,256,80000000,quaternion,quaternion,0,0,0,0,2048,2048,7f800000,7f800000,0,0
1982,55,64,256,3f000000,quaternion,quaternion,0,0,0,0,2048,2048,7f800000,7f800000,0,0
1983,55,64,256,3f800000,quaternion,quaternion,0,0,0,0,2048,2048,7f800000,7f800000,0,0
1984,55,64,256,7fc12345,quaternion,quaternion,0,0,0,0,2048,2048,7fc12345,7fc12345,0,0
1985,55,64,256,ff854321,quaternion,quaternion,0,0,0,0,2048,2048,ffc54321,ffc54321,0,0
1986,55,64,64,00000000,quaternion,quaternion,0,0,0,0,2048,2048,d8045743,d8045743,0,0
1987,55,64,64,80000000,quaternion,quaternion,0,0,0,0,2048,2048,d8045687,d8045687,0,0
1988,55,64,64,3f000000,quaternion,quaternion,0,0,0,0,2048,2048,d80456e5,d80456e5,0,0
1989,55,64,64,3f800000,quaternion,quaternion,0,0,0,0,2048,2048,d8045743,d8045743,0,0
1990,55,64,64,7fc12345,quaternion,quaternion,0,0,0,0,2048,2048,7fc12345,7fc12345,0,0
1991,55,64,64,ff854321,quaternion,quaternion,0,0,0,0,2048,2048,ffc54321,ffc54321,0,0
1992,55,64,48,00000000,quaternion,quaternion,0,0,0,0,2048,2048,ddc242c6,ddc242c6,0,0
1993,55,64,48,80000000,quaternion,quaternion,0,0,0,0,2048,2048,ddc241b2,ddc241b2,0,0
1994,55,64,48,3f000000,quaternion,quaternion,0,0,0,0,2048,2048,ddc2423c,ddc2423c,0,0
1995,55,64,48,3f800000,quaternion,quaternion,0,0,0,0,2048,2048,ddc242c6,ddc242c6,0,0
1996,55,64,48,7fc12345,quaternion,quaternion,0,0,0,0,2048,2048,7fc12345,7fc12345,0,0
1997,55,64,48,ff854321,quaternion,quaternion,0,0,0,0,2048,2048,ffc54321,ffc54321,0,0
1998,55,64,80,00000000,quaternion,quaternion,0,0,0,0,2048,2048,786cc739,786cc739,0,0
1999,55,64,80,80000000,quaternion,quaternion,0,0,0,0,2048,2048,786cc5e8,786cc5e8,0,0
2000,55,64,80,3f000000,quaternion,quaternion,0,0,0,0,2048,2048,786cc691,786cc691,0,0
2001,55,64,80,3f800000,quaternion,quaternion,0,0,0,0,2048,2048,786cc739,786cc739,0,0
2002,55,64,80,7fc12345,quaternion,quaternion,0,0,0,0,2048,2048,7fc12345,7fc12345,0,0
2003,55,64,80,ff854321,quaternion,quaternion,0,0,0,0,2048,2048,ffc54321,ffc54321,0,0
2004,55,128,64,00000000,quaternion,quaternion,0,0,0,0,2048,2048,d8045743,d8045743,0,0
2005,55,128,64,80000000,quaternion,quaternion,0,0,0,0,2048,2048,d8045687,d8045687,0,0
2006,55,128,64,3f000000,quaternion,quaternion,0,0,0,0,2048,2048,d80456e5,d80456e5,0,0
2007,55,128,64,3f800000,quaternion,quaternion,0,0,0,0,2048,2048,d8045743,d8045743,0,0
2008,55,128,64,7fc12345,quaternion,quaternion,0,0,0,0,2048,2048,7fc12345,7fc12345,0,0
2009,55,128,64,ff854321,quaternion,quaternion,0,0,0,0,2048,2048,ffc54321,ffc54321,0,0
2010,55,64,128,00000000,quaternion,quaternion,0,0,0,0,2048,2048,ff800000,ff800000,0,0
2011,55,64,128,80000000,quaternion,quaternion,0,0,0,0,2048,2048,ff800000,ff800000,0,0
2012,55,64,128,3f000000,quaternion,quaternion,0,0,0,0,2048,2048,ff800000,ff800000,0,0
2013,55,64,128,3f800000,quaternion,quaternion,0,0,0,0,2048,2048,ff800000,ff800000,0,0
2014,55,64,128,7fc12345,quaternion,quaternion,0,0,0,0,2048,2048,7fc12345,7fc12345,0,0
2015,55,64,128,ff854321,quaternion,quaternion,0,0,0,0,2048,2048,ffc54321,ffc54321,0,0
2016,56,64,256,00000000,quaternion,quaternion,0,0,0,0,2048,2048,7a3a9bfb,7a3a9bfb,0,0
2017,56,64,256,80000000,quaternion,quaternion,0,0,0,0,2048,2048,ff800000,ff800000,0,0
2018,56,64,256,3f000000,quaternion,quaternion,0,0,0,0,2048,2048,ff800000,ff800000,0,0
2019,56,64,256,3f800000,quaternion,quaternion,0,0,0,0,2048,2048,7a3a9bfb,7a3a9bfb,0,0
2020,56,64,256,7fc12345,quaternion,quaternion,0,0,0,0,2048,2048,7fc12345,7fc12345,0,0
2021,56,64,256,ff854321,quaternion,quaternion,0,0,0,0,2048,2048,ffc54321,ffc54321,0,0
2022,56,64,64,00000000,quaternion,quaternion,0,0,0,0,2048,2048,7c80360f,7c80360f,0,0
2023,56,64,64,80000000,quaternion,quaternion,0,0,0,0,2048,2048,ff800000,ff800000,0,0
2024,56,64,64,3f000000,quaternion,quaternion,0,0,0,0,2048,2048,ff800000,ff800000,0,0
2025,56,64,64,3f800000,quaternion,quaternion,0,0,0,0,2048,2048,7c80360f,7c80360f,0,0
2026,56,64,64,7fc12345,quaternion,quaternion,0,0,0,0,2048,2048,7fc12345,7fc12345,0,0
2027,56,64,64,ff854321,quaternion,quaternion,0,0,0,0,2048,2048,ffc54321,ffc54321,0,0
2028,56,64,48,00000000,quaternion,quaternion,0,0,0,0,2048,2048,59694519,59694519,0,0
2029,56,64,48,80000000,quaternion,quaternion,0,0,0,0,2048,2048,ff800000,ff800000,0,0
2030,56,64,48,3f000000,quaternion,quaternion,0,0,0,0,2048,2048,ff800000,ff800000,0,0
2031,56,64,48,3f800000,quaternion,quaternion,0,0,0,0,2048,2048,59694519,59694519,0,0
2032,56,64,48,7fc12345,quaternion,quaternion,0,0,0,0,2048,2048,7fc12345,7fc12345,0,0
2033,56,64,48,ff854321,quaternion,quaternion,0,0,0,0,2048,2048,ffc54321,ffc54321,0,0
2034,56,64,80,00000000,quaternion,quaternion,0,0,0,0,2048,2048,e75dffb3,e75dffb3,0,0
2035,56,64,80,80000000,quaternion,quaternion,0,0,0,0,2048,2048,7f800000,7f800000,0,0
2036,56,64,80,3f000000,quaternion,quaternion,0,0,0,0,2048,2048,7f800000,7f800000,0,0
2037,56,64,80,3f800000,quaternion,quaternion,0,0,0,0,2048,2048,e75dffb3,e75dffb3,0,0
2038,56,64,80,7fc12345,quaternion,quaternion,0,0,0,0,2048,2048,7fc12345,7fc12345,0,0
2039,56,64,80,ff854321,quaternion,quaternion,0,0,0,0,2048,2048,ffc54321,ffc54321,0,0
2040,56,128,64,00000000,quaternion,quaternion,0,0,0,0,2048,2048,7c80360f,7c80360f,0,0
2041,56,128,64,80000000,quaternion,quaternion,0,0,0,0,2048,2048,ff800000,ff800000,0,0
2042,56,128,64,3f000000,quaternion,quaternion,0,0,0,0,2048,2048,ff800000,ff800000,0,0
2043,56,128,64,3f800000,quaternion,quaternion,0,0,0,0,2048,2048,7c80360f,7c80360f,0,0
2044,56,128,64,7fc12345,quaternion,quaternion,0,0,0,0,2048,2048,7fc12345,7fc12345,0,0
2045,56,128,64,ff854321,quaternion,quaternion,0,0,0,0,2048,2048,ffc54321,ffc54321,0,0
2046,56,64,128,00000000,quaternion,quaternion,0,0,0,0,2048,2048,f513150d,f513150d,0,0
2047,56,64,128,80000000,quaternion,quaternion,0,0,0,0,2048,2048,7f800000,7f800000,0,0
2048,56,64,128,3f000000,quaternion,quaternion,0,0,0,0,2048,2048,7f800000,7f800000,0,0
2049,56,64,128,3f800000,quaternion,quaternion,0,0,0,0,2048,2048,f513150d,f513150d,0,0
2050,56,64,128,7fc12345,quaternion,quaternion,0,0,0,0,2048,2048,7fc12345,7fc12345,0,0
2051,56,64,128,ff854321,quaternion,quaternion,0,0,0,0,2048,2048,ffc54321,ffc54321,0,0
2052,57,64,256,00000000,quaternion,quaternion,0,0,0,0,2048,2048,3b971aec,3b971aec,0,0
2053,57,64,256,80000000,quaternion,quaternion,0,0,0,0,2048,2048,3b971aec,3b971aec,0,0
2054,57,64,256,3f000000,quaternion,quaternion,0,0,0,0,2048,2048,3b971aec,3b971aec,0,0
2055,57,64,256,3f800000,quaternion,quaternion,0,0,0,0,2048,2048,3b971aec,3b971aec,0,0
2056,57,64,256,7fc12345,quaternion,quaternion,0,0,0,0,2048,2048,7fc12345,7fc12345,0,0
2057,57,64,256,ff854321,quaternion,quaternion,0,0,0,0,2048,2048,ffc54321,ffc54321,0,0
2058,57,64,64,00000000,quaternion,quaternion,0,0,0,0,2048,2048,cf440203,cf440203,0,0
2059,57,64,64,80000000,quaternion,quaternion,0,0,0,0,2048,2048,cf440203,cf440203,0,0
2060,57,64,64,3f000000,quaternion,quaternion,0,0,0,0,2048,2048,cf440203,cf440203,0,0
2061,57,64,64,3f800000,quaternion,quaternion,0,0,0,0,2048,2048,cf440203,cf440203,0,0
2062,57,64,64,7fc12345,quaternion,quaternion,0,0,0,0,2048,2048,7fc12345,7fc12345,0,0
2063,57,64,64,ff854321,quaternion,quaternion,0,0,0,0,2048,2048,ffc54321,ffc54321,0,0
2064,57,64,48,00000000,quaternion,quaternion,0,0,0,0,2048,2048,b564ddff,b564ddff,0,0
2065,57,64,48,80000000,quaternion,quaternion,0,0,0,0,2048,2048,b564ddff,b564ddff,0,0
2066,57,64,48,3f000000,quaternion,quaternion,0,0,0,0,2048,2048,b564ddff,b564ddff,0,0
2067,57,64,48,3f800000,quaternion,quaternion,0,0,0,0,2048,2048,b564ddff,b564ddff,0,0
2068,57,64,48,7fc12345,quaternion,quaternion,0,0,0,0,2048,2048,7fc12345,7fc12345,0,0
2069,57,64,48,ff854321,quaternion,quaternion,0,0,0,0,2048,2048,ffc54321,ffc54321,0,0
2070,57,64,80,00000000,quaternion,quaternion,0,0,0,0,2048,2048,762a6816,762a6816,0,0
2071,57,64,80,80000000,quaternion,quaternion,0,0,0,0,2048,2048,762a6816,762a6816,0,0
2072,57,64,80,3f000000,quaternion,quaternion,0,0,0,0,2048,2048,762a6816,762a6816,0,0
2073,57,64,80,3f800000,quaternion,quaternion,0,0,0,0,2048,2048,762a6816,762a6816,0,0
2074,57,64,80,7fc12345,quaternion,quaternion,0,0,0,0,2048,2048,7fc12345,7fc12345,0,0
2075,57,64,80,ff854321,quaternion,quaternion,0,0,0,0,2048,2048,ffc54321,ffc54321,0,0
2076,57,128,64,00000000,quaternion,quaternion,0,0,0,0,2048,2048,cf440203,cf440203,0,0
2077,57,128,64,80000000,quaternion,quaternion,0,0,0,0,2048,2048,cf440203,cf440203,0,0
2078,57,128,64,3f000000,quaternion,quaternion,0,0,0,0,2048,2048,cf440203,cf440203,0,0
2079,57,128,64,3f800000,quaternion,quaternion,0,0,0,0,2048,2048,cf440203,cf440203,0,0
2080,57,128,64,7fc12345,quaternion,quaternion,0,0,0,0,2048,2048,7fc12345,7fc12345,0,0
2081,57,128,64,ff854321,quaternion,quaternion,0,0,0,0,2048,2048,ffc54321,ffc54321,0,0
2082,57,64,128,00000000,quaternion,quaternion,0,0,0,0,2048,2048,45e6c357,45e6c357,0,0
2083,57,64,128,80000000,quaternion,quaternion,0,0,0,0,2048,2048,45e6c357,45e6c357,0,0
2084,57,64,128,3f000000,quaternion,quaternion,0,0,0,0,2048,2048,45e6c357,45e6c357,0,0
2085,57,64,128,3f800000,quaternion,quaternion,0,0,0,0,2048,2048,45e6c357,45e6c357,0,0
2086,57,64,128,7fc12345,quaternion,quaternion,0,0,0,0,2048,2048,7fc12345,7fc12345,0,0
2087,57,64,128,ff854321,quaternion,quaternion,0,0,0,0,2048,2048,ffc54321,ffc54321,0,0
2088,58,64,256,00000000,quaternion,quaternion,0,0,0,0,2048,2048,b78e37ce,b78e37ce,0,0
2089,58,64,256,80000000,quaternion,quaternion,0,0,0,0,2048,2048,cd4f4c66,cd4f4c66,0,0
2090,58,64,256,3f000000,quaternion,quaternion,0,0,0,0,2048,2048,cccf4c66,cccf4c66,0,0
2091,58,64,256,3f800000,quaternion,quaternion,0,0,0,0,2048,2048,b78e37ce,b78e37ce,0,0
2092,58,64,256,7fc12345,quaternion,quaternion,0,0,0,0,2048,2048,7fc12345,7fc12345,0,0
2093,58,64,256,ff854321,quaternion,quaternion,0,0,0,0,2048,2048,ffc54321,ffc54321,0,0
2094,58,64,64,00000000,quaternion,quaternion,0,0,0,0,2048,2048,09881058,09881058,0,0
2095,58,64,64,80000000,quaternion,quaternion,0,0,0,0,2048,2048,1f4653fd,1f4653fd,0,0
2096,58,64,64,3f000000,quaternion,quaternion,0,0,0,0,2048,2048,1ec653fd,1ec653fd,0,0
2097,58,64,64,3f800000,quaternion,quaternion,0,0,0,0,2048,2048,09881058,09881058,0,0
2098,58,64,64,7fc12345,quaternion,quaternion,0,0,0,0,2048,2048,7fc12345,7fc12345,0,0
2099,58,64,64,ff854321,quaternion,quaternion,0,0,0,0,2048,2048,ffc54321,ffc54321,0,0
2100,58,64,48,00000000,quaternion,quaternion,0,0,0,0,2048,2048,d45db96d,d45db96d,0,0
2101,58,64,48,80000000,quaternion,quaternion,0,0,0,0,2048,2048,ea219806,ea219806,0,0
2102,58,64,48,3f000000,quaternion,quaternion,0,0,0,0,2048,2048,e9a19806,e9a19806,0,0
2103,58,64,48,3f800000,quaternion,quaternion,0,0,0,0,2048,2048,d45db96d,d45db96d,0,0
2104,58,64,48,7fc12345,quaternion,quaternion,0,0,0,0,2048,2048,7fc12345,7fc12345,0,0
2105,58,64,48,ff854321,quaternion,quaternion,0,0,0,0,2048,2048,ffc54321,ffc54321,0,0
2106,58,64,80,00000000,quaternion,quaternion,0,0,0,0,2048,2048,e0be39b7,e0be39b7,0,0
2107,58,64,80,80000000,quaternion,quaternion,0,0,0,0,2048,2048,f68aa326,f68aa326,0,0
2108,58,64,80,3f000000,quaternion,quaternion,0,0,0,0,2048,2048,f60aa326,f60aa326,0,0
2109,58,64,80,3f800000,quaternion,quaternion,0,0,0,0,2048,2048,e0be39b7,e0be39b7,0,0
2110,58,64,80,7fc12345,quaternion,quaternion,0,0,0,0,2048,2048,7fc12345,7fc12345,0,0
2111,58,64,80,ff854321,quaternion,quaternion,0,0,0,0,2048,2048,ffc54321,ffc54321,0,0
2112,58,128,64,00000000,quaternion,quaternion,0,0,0,0,2048,2048,09881058,09881058,0,0
2113,58,128,64,80000000,quaternion,quaternion,0,0,0,0,2048,2048,1f4653fd,1f4653fd,0,0
2114,58,128,64,3f000000,quaternion,quaternion,0,0,0,0,2048,2048,1ec653fd,1ec653fd,0,0
2115,58,128,64,3f800000,quaternion,quaternion,0,0,0,0,2048,2048,09881058,09881058,0,0
2116,58,128,64,7fc12345,quaternion,quaternion,0,0,0,0,2048,2048,7fc12345,7fc12345,0,0
2117,58,128,64,ff854321,quaternion,quaternion,0,0,0,0,2048,2048,ffc54321,ffc54321,0,0
2118,58,64,128,00000000,quaternion,quaternion,0,0,0,0,2048,2048,d655d957,d655d957,0,0
2119,58,64,128,80000000,quaternion,quaternion,0,0,0,0,2048,2048,ec1bdab1,ec1bdab1,0,0
2120,58,64,128,3f000000,quaternion,quaternion,0,0,0,0,2048,2048,eb9bdab1,eb9bdab1,0,0
2121,58,64,128,3f800000,quaternion,quaternion,0,0,0,0,2048,2048,d655d957,d655d957,0,0
2122,58,64,128,7fc12345,quaternion,quaternion,0,0,0,0,2048,2048,7fc12345,7fc12345,0,0
2123,58,64,128,ff854321,quaternion,quaternion,0,0,0,0,2048,2048,ffc54321,ffc54321,0,0
2124,59,64,256,00000000,quaternion,quaternion,0,0,0,0,2048,2048,e86276e6,e86276e6,0,0
2125,59,64,256,80000000,quaternion,quaternion,0,0,0,0,2048,2048,e86276dd,e86276dd,0,0
2126,59,64,256,3f000000,quaternion,quaternion,0,0,0,0,2048,2048,e86276e2,e86276e2,0,0
2127,59,64,256,3f800000,quaternion,quaternion,0,0,0,0,2048,2048,e86276e6,e86276e6,0,0
2128,59,64,256,7fc12345,quaternion,quaternion,0,0,0,0,2048,2048,7fc12345,7fc12345,0,0
2129,59,64,256,ff854321,quaternion,quaternion,0,0,0,0,2048,2048,ffc54321,ffc54321,0,0
2130,59,64,64,00000000,quaternion,quaternion,0,0,0,0,2048,2048,ff800000,ff800000,0,0
2131,59,64,64,80000000,quaternion,quaternion,0,0,0,0,2048,2048,ff800000,ff800000,0,0
2132,59,64,64,3f000000,quaternion,quaternion,0,0,0,0,2048,2048,ff800000,ff800000,0,0
2133,59,64,64,3f800000,quaternion,quaternion,0,0,0,0,2048,2048,ff800000,ff800000,0,0
2134,59,64,64,7fc12345,quaternion,quaternion,0,0,0,0,2048,2048,7fc12345,7fc12345,0,0
2135,59,64,64,ff854321,quaternion,quaternion,0,0,0,0,2048,2048,ffc54321,ffc54321,0,0
2136,59,64,48,00000000,quaternion,quaternion,0,0,0,0,2048,2048,7f800000,7f800000,0,0
2137,59,64,48,80000000,quaternion,quaternion,0,0,0,0,2048,2048,7f800000,7f800000,0,0
2138,59,64,48,3f000000,quaternion,quaternion,0,0,0,0,2048,2048,7f800000,7f800000,0,0
2139,59,64,48,3f800000,quaternion,quaternion,0,0,0,0,2048,2048,7f800000,7f800000,0,0
2140,59,64,48,7fc12345,quaternion,quaternion,0,0,0,0,2048,2048,7fc12345,7fc12345,0,0
2141,59,64,48,ff854321,quaternion,quaternion,0,0,0,0,2048,2048,ffc54321,ffc54321,0,0
2142,59,64,80,00000000,quaternion,quaternion,0,0,0,0,2048,2048,ff800000,ff800000,0,0
2143,59,64,80,80000000,quaternion,quaternion,0,0,0,0,2048,2048,ff800000,ff800000,0,0
2144,59,64,80,3f000000,quaternion,quaternion,0,0,0,0,2048,2048,ff800000,ff800000,0,0
2145,59,64,80,3f800000,quaternion,quaternion,0,0,0,0,2048,2048,ff800000,ff800000,0,0
2146,59,64,80,7fc12345,quaternion,quaternion,0,0,0,0,2048,2048,7fc12345,7fc12345,0,0
2147,59,64,80,ff854321,quaternion,quaternion,0,0,0,0,2048,2048,ffc54321,ffc54321,0,0
2148,59,128,64,00000000,quaternion,quaternion,0,0,0,0,2048,2048,ff800000,ff800000,0,0
2149,59,128,64,80000000,quaternion,quaternion,0,0,0,0,2048,2048,ff800000,ff800000,0,0
2150,59,128,64,3f000000,quaternion,quaternion,0,0,0,0,2048,2048,ff800000,ff800000,0,0
2151,59,128,64,3f800000,quaternion,quaternion,0,0,0,0,2048,2048,ff800000,ff800000,0,0
2152,59,128,64,7fc12345,quaternion,quaternion,0,0,0,0,2048,2048,7fc12345,7fc12345,0,0
2153,59,128,64,ff854321,quaternion,quaternion,0,0,0,0,2048,2048,ffc54321,ffc54321,0,0
2154,59,64,128,00000000,quaternion,quaternion,0,0,0,0,2048,2048,fe07b6aa,fe07b6aa,0,0
2155,59,64,128,80000000,quaternion,quaternion,0,0,0,0,2048,2048,fe07b6a5,fe07b6a5,0,0
2156,59,64,128,3f000000,quaternion,quaternion,0,0,0,0,2048,2048,fe07b6a7,fe07b6a7,0,0
2157,59,64,128,3f800000,quaternion,quaternion,0,0,0,0,2048,2048,fe07b6aa,fe07b6aa,0,0
2158,59,64,128,7fc12345,quaternion,quaternion,0,0,0,0,2048,2048,7fc12345,7fc12345,0,0
2159,59,64,128,ff854321,quaternion,quaternion,0,0,0,0,2048,2048,ffc54321,ffc54321,0,0
2160,60,64,256,00000000,quaternion,quaternion,0,0,0,0,2048,2048,46abf851,46abf851,0,0
2161,60,64,256,80000000,quaternion,quaternion,0,0,0,0,2048,2048,651319f3,651319f3,0,0
2162,60,64,256,3f000000,quaternion,quaternion,0,0,0,0,2048,2048,649319f3,649319f3,0,0
2163,60,64,256,3f800000,quaternion,quaternion,0,0,0,0,2048,2048,46abf851,46abf851,0,0
2164,60,64,256,7fc12345,quaternion,quaternion,0,0,0,0,2048,2048,7fc12345,7fc12345,0,0
2165,60,64,256,ff854321,quaternion,quaternion,0,0,0,0,2048,2048,ffc54321,ffc54321,0,0
2166,60,64,64,00000000,quaternion,quaternion,0,0,0,0,2048,2048,7f800000,7f800000,0,0
2167,60,64,64,80000000,quaternion,quaternion,0,0,0,0,2048,2048,7f800000,7f800000,0,0
2168,60,64,64,3f000000,quaternion,quaternion,0,0,0,0,2048,2048,7f800000,7f800000,0,0
2169,60,64,64,3f800000,quaternion,quaternion,0,0,0,0,2048,2048,7f800000,7f800000,0,0
2170,60,64,64,7fc12345,quaternion,quaternion,0,0,0,0,2048,2048,7fc12345,7fc12345,0,0
2171,60,64,64,ff854321,quaternion,quaternion,0,0,0,0,2048,2048,ffc54321,ffc54321,0,0
2172,60,64,48,00000000,quaternion,quaternion,0,0,0,0,2048,2048,ff800000,ff800000,0,0
2173,60,64,48,80000000,quaternion,quaternion,0,0,0,0,2048,2048,ff800000,ff800000,0,0
2174,60,64,48,3f000000,quaternion,quaternion,0,0,0,0,2048,2048,ff800000,ff800000,0,0
2175,60,64,48,3f800000,quaternion,quaternion,0,0,0,0,2048,2048,ff800000,ff800000,0,0
2176,60,64,48,7fc12345,quaternion,quaternion,0,0,0,0,2048,2048,7fc12345,7fc12345,0,0
2177,60,64,48,ff854321,quaternion,quaternion,0,0,0,0,2048,2048,ffc54321,ffc54321,0,0
2178,60,64,80,00000000,quaternion,quaternion,0,0,0,0,2048,2048,ff800000,ff800000,0,0
2179,60,64,80,80000000,quaternion,quaternion,0,0,0,0,2048,2048,ff800000,ff800000,0,0
2180,60,64,80,3f000000,quaternion,quaternion,0,0,0,0,2048,2048,ff800000,ff800000,0,0
2181,60,64,80,3f800000,quaternion,quaternion,0,0,0,0,2048,2048,ff800000,ff800000,0,0
2182,60,64,80,7fc12345,quaternion,quaternion,0,0,0,0,2048,2048,7fc12345,7fc12345,0,0
2183,60,64,80,ff854321,quaternion,quaternion,0,0,0,0,2048,2048,ffc54321,ffc54321,0,0
2184,60,128,64,00000000,quaternion,quaternion,0,0,0,0,2048,2048,7f800000,7f800000,0,0
2185,60,128,64,80000000,quaternion,quaternion,0,0,0,0,2048,2048,7f800000,7f800000,0,0
2186,60,128,64,3f000000,quaternion,quaternion,0,0,0,0,2048,2048,7f800000,7f800000,0,0
2187,60,128,64,3f800000,quaternion,quaternion,0,0,0,0,2048,2048,7f800000,7f800000,0,0
2188,60,128,64,7fc12345,quaternion,quaternion,0,0,0,0,2048,2048,7fc12345,7fc12345,0,0
2189,60,128,64,ff854321,quaternion,quaternion,0,0,0,0,2048,2048,ffc54321,ffc54321,0,0
2190,60,64,128,00000000,quaternion,quaternion,0,0,0,0,2048,2048,674e0295,674e0295,0,0
2191,60,64,128,80000000,quaternion,quaternion,0,0,0,0,2048,2048,7f800000,7f800000,0,0
2192,60,64,128,3f000000,quaternion,quaternion,0,0,0,0,2048,2048,7f800000,7f800000,0,0
2193,60,64,128,3f800000,quaternion,quaternion,0,0,0,0,2048,2048,674e0295,674e0295,0,0
2194,60,64,128,7fc12345,quaternion,quaternion,0,0,0,0,2048,2048,7fc12345,7fc12345,0,0
2195,60,64,128,ff854321,quaternion,quaternion,0,0,0,0,2048,2048,ffc54321,ffc54321,0,0
2196,61,64,256,00000000,quaternion,quaternion,0,0,0,0,2048,2048,7fee49a4,7fee49a4,0,0
2197,61,64,256,80000000,quaternion,quaternion,0,0,0,0,2048,2048,7fee49a4,7fee49a4,0,0
2198,61,64,256,3f000000,quaternion,quaternion,0,0,0,0,2048,2048,7fee49a4,7fee49a4,0,0
2199,61,64,256,3f800000,quaternion,quaternion,0,0,0,0,2048,2048,7fee49a4,7fee49a4,0,0
2200,61,64,256,7fc12345,quaternion,quaternion,0,0,0,0,2048,2048,7fee49a4,7fee49a4,0,0
2201,61,64,256,ff854321,quaternion,quaternion,0,0,0,0,2048,2048,7fee49a4,7fee49a4,0,0
2202,61,64,64,00000000,quaternion,quaternion,0,0,0,0,2048,2048,ef3d6054,ef3d6054,0,0
2203,61,64,64,80000000,quaternion,quaternion,0,0,0,0,2048,2048,ef260ef2,ef260ef2,0,0
2204,61,64,64,3f000000,quaternion,quaternion,0,0,0,0,2048,2048,ef31b7a2,ef31b7a2,0,0
2205,61,64,64,3f800000,quaternion,quaternion,0,0,0,0,2048,2048,ef3d6054,ef3d6054,0,0
2206,61,64,64,7fc12345,quaternion,quaternion,0,0,0,0,2048,2048,7fc12345,7fc12345,0,0
2207,61,64,64,ff854321,quaternion,quaternion,0,0,0,0,2048,2048,ffc54321,ffc54321,0,0
2208,61,64,48,00000000,quaternion,quaternion,0,0,0,0,2048,2048,cf547d67,cf547d67,0,0
2209,61,64,48,80000000,quaternion,quaternion,0,0,0,0,2048,2048,cf3a5373,cf3a5373,0,0
2210,61,64,48,3f000000,quaternion,quaternion,0,0,0,0,2048,2048,cf47686d,cf47686d,0,0
2211,61,64,48,3f800000,quaternion,quaternion,0,0,0,0,2048,2048,cf547d67,cf547d67,0,0
2212,61,64,48,7fc12345,quaternion,quaternion,0,0,0,0,2048,2048,7fc12345,7fc12345,0,0
2213,61,64,48,ff854321,quaternion,quaternion,0,0,0,0,2048,2048,ffc54321,ffc54321,0,0
2214,61,64,80,00000000,quaternion,quaternion,0,0,0,0,2048,2048,5d67ae23,5d67ae23,0,0
2215,61,64,80,80000000,quaternion,quaternion,0,0,0,0,2048,2048,5d4b2747,5d4b2747,0,0
2216,61,64,80,3f000000,quaternion,quaternion,0,0,0,0,2048,2048,5d596ab5,5d596ab5,0,0
2217,61,64,80,3f800000,quaternion,quaternion,0,0,0,0,2048,2048,5d67ae23,5d67ae23,0,0
2218,61,64,80,7fc12345,quaternion,quaternion,0,0,0,0,2048,2048,7fc12345,7fc12345,0,0
2219,61,64,80,ff854321,quaternion,quaternion,0,0,0,0,2048,2048,ffc54321,ffc54321,0,0
2220,61,128,64,00000000,quaternion,quaternion,0,0,0,0,2048,2048,ef3d6054,ef3d6054,0,0
2221,61,128,64,80000000,quaternion,quaternion,0,0,0,0,2048,2048,ef260ef2,ef260ef2,0,0
2222,61,128,64,3f000000,quaternion,quaternion,0,0,0,0,2048,2048,ef31b7a2,ef31b7a2,0,0
2223,61,128,64,3f800000,quaternion,quaternion,0,0,0,0,2048,2048,ef3d6054,ef3d6054,0,0
2224,61,128,64,7fc12345,quaternion,quaternion,0,0,0,0,2048,2048,7fc12345,7fc12345,0,0
2225,61,128,64,ff854321,quaternion,quaternion,0,0,0,0,2048,2048,ffc54321,ffc54321,0,0
2226,61,64,128,00000000,quaternion,quaternion,0,0,0,0,2048,2048,7b0b9b71,7b0b9b71,0,0
2227,61,64,128,80000000,quaternion,quaternion,0,0,0,0,2048,2048,7af4d5b0,7af4d5b0,0,0
2228,61,64,128,3f000000,quaternion,quaternion,0,0,0,0,2048,2048,7b030324,7b030324,0,0
2229,61,64,128,3f800000,quaternion,quaternion,0,0,0,0,2048,2048,7b0b9b71,7b0b9b71,0,0
2230,61,64,128,7fc12345,quaternion,quaternion,0,0,0,0,2048,2048,7fc12345,7fc12345,0,0
2231,61,64,128,ff854321,quaternion,quaternion,0,0,0,0,2048,2048,ffc54321,ffc54321,0,0
2232,62,64,256,00000000,quaternion,quaternion,0,0,0,0,2048,2048,f3b4b5cd,f3b4b5cd,0,0
2233,62,64,256,80000000,quaternion,quaternion,0,0,0,0,2048,2048,7f800000,7f800000,0,0
2234,62,64,256,3f000000,quaternion,quaternion,0,0,0,0,2048,2048,7f800000,7f800000,0,0
2235,62,64,256,3f800000,quaternion,quaternion,0,0,0,0,2048,2048,f3b4b5cd,f3b4b5cd,0,0
2236,62,64,256,7fc12345,quaternion,quaternion,0,0,0,0,2048,2048,7fc12345,7fc12345,0,0
2237,62,64,256,ff854321,quaternion,quaternion,0,0,0,0,2048,2048,ffc54321,ffc54321,0,0
2238,62,64,64,00000000,quaternion,quaternion,0,0,0,0,2048,2048,5926c78a,5926c78a,0,0
2239,62,64,64,80000000,quaternion,quaternion,0,0,0,0,2048,2048,ff800000,ff800000,0,0
2240,62,64,64,3f000000,quaternion,quaternion,0,0,0,0,2048,2048,ff800000,ff800000,0,0
2241,62,64,64,3f800000,quaternion,quaternion,0,0,0,0,2048,2048,5926c78a,5926c78a,0,0
2242,62,64,64,7fc12345,quaternion,quaternion,0,0,0,0,2048,2048,7fc12345,7fc12345,0,0
2243,62,64,64,ff854321,quaternion,quaternion,0,0,0,0,2048,2048,ffc54321,ffc54321,0,0
2244,62,64,48,00000000,quaternion,quaternion,0,0,0,0,2048,2048,c60c81c3,c60c81c3,0,0
2245,62,64,48,80000000,quaternion,quaternion,0,0,0,0,2048,2048,7d62b24e,7d62b24e,0,0
2246,62,64,48,3f000000,quaternion,quaternion,0,0,0,0,2048,2048,7ce2b24e,7ce2b24e,0,0
2247,62,64,48,3f800000,quaternion,quaternion,0,0,0,0,2048,2048,c60c81c3,c60c81c3,0,0
2248,62,64,48,7fc12345,quaternion,quaternion,0,0,0,0,2048,2048,7fc12345,7fc12345,0,0
2249,62,64,48,ff854321,quaternion,quaternion,0,0,0,0,2048,2048,ffc54321,ffc54321,0,0
2250,62,64,80,00000000,quaternion,quaternion,0,0,0,0,2048,2048,2ede3d82,2ede3d82,0,0
2251,62,64,80,80000000,quaternion,quaternion,0,0,0,0,2048,2048,e633488a,e633488a,0,0
2252,62,64,80,3f000000,quaternion,quaternion,0,0,0,0,2048,2048,e5b3488a,e5b3488a,0,0
2253,62,64,80,3f800000,quaternion,quaternion,0,0,0,0,2048,2048,2ede3d82,2ede3d82,0,0
2254,62,64,80,7fc12345,quaternion,quaternion,0,0,0,0,2048,2048,7fc12345,7fc12345,0,0
2255,62,64,80,ff854321,quaternion,quaternion,0,0,0,0,2048,2048,ffc54321,ffc54321,0,0
2256,62,128,64,00000000,quaternion,quaternion,0,0,0,0,2048,2048,5926c78a,5926c78a,0,0
2257,62,128,64,80000000,quaternion,quaternion,0,0,0,0,2048,2048,ff800000,ff800000,0,0
2258,62,128,64,3f000000,quaternion,quaternion,0,0,0,0,2048,2048,ff800000,ff800000,0,0
2259,62,128,64,3f800000,quaternion,quaternion,0,0,0,0,2048,2048,5926c78a,5926c78a,0,0
2260,62,128,64,7fc12345,quaternion,quaternion,0,0,0,0,2048,2048,7fc12345,7fc12345,0,0
2261,62,128,64,ff854321,quaternion,quaternion,0,0,0,0,2048,2048,ffc54321,ffc54321,0,0
2262,62,64,128,00000000,quaternion,quaternion,0,0,0,0,2048,2048,4c8dd09d,4c8dd09d,0,0
2263,62,64,128,80000000,quaternion,quaternion,0,0,0,0,2048,2048,ff800000,ff800000,0,0
2264,62,64,128,3f000000,quaternion,quaternion,0,0,0,0,2048,2048,ff800000,ff800000,0,0
2265,62,64,128,3f800000,quaternion,quaternion,0,0,0,0,2048,2048,4c8dd09d,4c8dd09d,0,0
2266,62,64,128,7fc12345,quaternion,quaternion,0,0,0,0,2048,2048,7fc12345,7fc12345,0,0
2267,62,64,128,ff854321,quaternion,quaternion,0,0,0,0,2048,2048,ffc54321,ffc54321,0,0
2268,63,64,256,00000000,quaternion,quaternion,0,0,0,0,2048,2048,dc0a097b,dc0a097b,0,0
2269,63,64,256,80000000,quaternion,quaternion,0,0,0,0,2048,2048,dc0a097b,dc0a097b,0,0
2270,63,64,256,3f000000,quaternion,quaternion,0,0,0,0,2048,2048,dc0a097b,dc0a097b,0,0
2271,63,64,256,3f800000,quaternion,quaternion,0,0,0,0,2048,2048,dc0a097b,dc0a097b,0,0
2272,63,64,256,7fc12345,quaternion,quaternion,0,0,0,0,2048,2048,7fc12345,7fc12345,0,0
2273,63,64,256,ff854321,quaternion,quaternion,0,0,0,0,2048,2048,ffc54321,ffc54321,0,0
2274,63,64,64,00000000,quaternion,quaternion,0,0,0,0,2048,2048,77cb44de,77cb44de,0,0
2275,63,64,64,80000000,quaternion,quaternion,0,0,0,0,2048,2048,77cb44de,77cb44de,0,0
2276,63,64,64,3f000000,quaternion,quaternion,0,0,0,0,2048,2048,77cb44de,77cb44de,0,0
2277,63,64,64,3f800000,quaternion,quaternion,0,0,0,0,2048,2048,77cb44de,77cb44de,0,0
2278,63,64,64,7fc12345,quaternion,quaternion,0,0,0,0,2048,2048,7fc12345,7fc12345,0,0
2279,63,64,64,ff854321,quaternion,quaternion,0,0,0,0,2048,2048,ffc54321,ffc54321,0,0
2280,63,64,48,00000000,quaternion,quaternion,0,0,0,0,2048,2048,e5c8a152,e5c8a152,0,0
2281,63,64,48,80000000,quaternion,quaternion,0,0,0,0,2048,2048,e5c8a152,e5c8a152,0,0
2282,63,64,48,3f000000,quaternion,quaternion,0,0,0,0,2048,2048,e5c8a152,e5c8a152,0,0
2283,63,64,48,3f800000,quaternion,quaternion,0,0,0,0,2048,2048,e5c8a152,e5c8a152,0,0
2284,63,64,48,7fc12345,quaternion,quaternion,0,0,0,0,2048,2048,7fc12345,7fc12345,0,0
2285,63,64,48,ff854321,quaternion,quaternion,0,0,0,0,2048,2048,ffc54321,ffc54321,0,0
2286,63,64,80,00000000,quaternion,quaternion,0,0,0,0,2048,2048,6f806a10,6f806a10,0,0
2287,63,64,80,80000000,quaternion,quaternion,0,0,0,0,2048,2048,6f806a10,6f806a10,0,0
2288,63,64,80,3f000000,quaternion,quaternion,0,0,0,0,2048,2048,6f806a10,6f806a10,0,0
2289,63,64,80,3f800000,quaternion,quaternion,0,0,0,0,2048,2048,6f806a10,6f806a10,0,0
2290,63,64,80,7fc12345,quaternion,quaternion,0,0,0,0,2048,2048,7fc12345,7fc12345,0,0
2291,63,64,80,ff854321,quaternion,quaternion,0,0,0,0,2048,2048,ffc54321,ffc54321,0,0
2292,63,128,64,00000000,quaternion,quaternion,0,0,0,0,2048,2048,77cb44de,77cb44de,0,0
2293,63,128,64,80000000,quaternion,quaternion,0,0,0,0,2048,2048,77cb44de,77cb44de,0,0
2294,63,128,64,3f000000,quaternion,quaternion,0,0,0,0,2048,2048,77cb44de,77cb44de,0,0
2295,63,128,64,3f800000,quaternion,quaternion,0,0,0,0,2048,2048,77cb44de,77cb44de,0,0
2296,63,128,64,7fc12345,quaternion,quaternion,0,0,0,0,2048,2048,7fc12345,7fc12345,0,0
2297,63,128,64,ff854321,quaternion,quaternion,0,0,0,0,2048,2048,ffc54321,ffc54321,0,0
2298,63,64,128,00000000,quaternion,quaternion,0,0,0,0,2048,2048,fcb7cd9f,fcb7cd9f,0,0
2299,63,64,128,80000000,quaternion,quaternion,0,0,0,0,2048,2048,fcb7cd9f,fcb7cd9f,0,0
2300,63,64,128,3f000000,quaternion,quaternion,0,0,0,0,2048,2048,fcb7cd9f,fcb7cd9f,0,0
2301,63,64,128,3f800000,quaternion,quaternion,0,0,0,0,2048,2048,fcb7cd9f,fcb7cd9f,0,0
2302,63,64,128,7fc12345,quaternion,quaternion,0,0,0,0,2048,2048,7fc12345,7fc12345,0,0
2303,63,64,128,ff854321,quaternion,quaternion,0,0,0,0,2048,2048,ffc54321,ffc54321,0,0
2304,64,64,256,00000000,quaternion,quaternion,0,0,0,0,2048,2048,d65495b2,d65495b2,0,0
2305,64,64,256,80000000,quaternion,quaternion,0,0,0,0,2048,2048,d65495b2,d65495b2,0,0
2306,64,64,256,3f000000,quaternion,quaternion,0,0,0,0,2048,2048,d65495b2,d65495b2,0,0
2307,64,64,256,3f800000,quaternion,quaternion,0,0,0,0,2048,2048,d65495b2,d65495b2,0,0
2308,64,64,256,7fc12345,quaternion,quaternion,0,0,0,0,2048,2048,7fc12345,7fc12345,0,0
2309,64,64,256,ff854321,quaternion,quaternion,0,0,0,0,2048,2048,ffc54321,ffc54321,0,0
2310,64,64,64,00000000,quaternion,quaternion,0,0,0,0,2048,2048,79b95c74,79b95c74,0,0
2311,64,64,64,80000000,quaternion,quaternion,0,0,0,0,2048,2048,79b95c74,79b95c74,0,0
2312,64,64,64,3f000000,quaternion,quaternion,0,0,0,0,2048,2048,79b95c74,79b95c74,0,0
2313,64,64,64,3f800000,quaternion,quaternion,0,0,0,0,2048,2048,79b95c74,79b95c74,0,0
2314,64,64,64,7fc12345,quaternion,quaternion,0,0,0,0,2048,2048,7fc12345,7fc12345,0,0
2315,64,64,64,ff854321,quaternion,quaternion,0,0,0,0,2048,2048,ffc54321,ffc54321,0,0
2316,64,64,48,00000000,quaternion,quaternion,0,0,0,0,2048,2048,c7db6d5e,c7db6d5e,0,0
2317,64,64,48,80000000,quaternion,quaternion,0,0,0,0,2048,2048,c7db6d5e,c7db6d5e,0,0
2318,64,64,48,3f000000,quaternion,quaternion,0,0,0,0,2048,2048,c7db6d5e,c7db6d5e,0,0
2319,64,64,48,3f800000,quaternion,quaternion,0,0,0,0,2048,2048,c7db6d5e,c7db6d5e,0,0
2320,64,64,48,7fc12345,quaternion,quaternion,0,0,0,0,2048,2048,7fc12345,7fc12345,0,0
2321,64,64,48,ff854321,quaternion,quaternion,0,0,0,0,2048,2048,ffc54321,ffc54321,0,0
2322,64,64,80,00000000,quaternion,quaternion,0,0,0,0,2048,2048,6db74fcb,6db74fcb,0,0
2323,64,64,80,80000000,quaternion,quaternion,0,0,0,0,2048,2048,6db74fcb,6db74fcb,0,0
2324,64,64,80,3f000000,quaternion,quaternion,0,0,0,0,2048,2048,6db74fcb,6db74fcb,0,0
2325,64,64,80,3f800000,quaternion,quaternion,0,0,0,0,2048,2048,6db74fcb,6db74fcb,0,0
2326,64,64,80,7fc12345,quaternion,quaternion,0,0,0,0,2048,2048,7fc12345,7fc12345,0,0
2327,64,64,80,ff854321,quaternion,quaternion,0,0,0,0,2048,2048,ffc54321,ffc54321,0,0
2328,64,128,64,00000000,quaternion,quaternion,0,0,0,0,2048,2048,79b95c74,79b95c74,0,0
2329,64,128,64,80000000,quaternion,quaternion,0,0,0,0,2048,2048,79b95c74,79b95c74,0,0
2330,64,128,64,3f000000,quaternion,quaternion,0,0,0,0,2048,2048,79b95c74,79b95c74,0,0
2331,64,128,64,3f800000,quaternion,quaternion,0,0,0,0,2048,2048,79b95c74,79b95c74,0,0
2332,64,128,64,7fc12345,quaternion,quaternion,0,0,0,0,2048,2048,7fc12345,7fc12345,0,0
2333,64,128,64,ff854321,quaternion,quaternion,0,0,0,0,2048,2048,ffc54321,ffc54321,0,0
2334,64,64,128,00000000,quaternion,quaternion,0,0,0,0,2048,2048,cacd1f70,cacd1f70,0,0
2335,64,64,128,80000000,quaternion,quaternion,0,0,0,0,2048,2048,cacd1f70,cacd1f70,0,0
2336,64,64,128,3f000000,quaternion,quaternion,0,0,0,0,2048,2048,cacd1f70,cacd1f70,0,0
2337,64,64,128,3f800000,quaternion,quaternion,0,0,0,0,2048,2048,cacd1f70,cacd1f70,0,0
2338,64,64,128,7fc12345,quaternion,quaternion,0,0,0,0,2048,2048,7fc12345,7fc12345,0,0
2339,64,64,128,ff854321,quaternion,quaternion,0,0,0,0,2048,2048,ffc54321,ffc54321,0,0
2340,65,64,256,00000000,quaternion,quaternion,0,0,0,0,2048,2048,d91e19c7,d91e19c7,0,0
2341,65,64,256,80000000,quaternion,quaternion,0,0,0,0,2048,2048,e51f4038,e51f4038,0,0
2342,65,64,256,3f000000,quaternion,quaternion,0,0,0,0,2048,2048,e49f4039,e49f4039,0,0
2343,65,64,256,3f800000,quaternion,quaternion,0,0,0,0,2048,2048,d91e19c7,d91e19c7,0,0
2344,65,64,256,7fc12345,quaternion,quaternion,0,0,0,0,2048,2048,7fc12345,7fc12345,0,0
2345,65,64,256,ff854321,quaternion,quaternion,0,0,0,0,2048,2048,ffc54321,ffc54321,0,0
2346,65,64,64,00000000,quaternion,quaternion,0,0,0,0,2048,2048,689ab011,689ab011,0,0
2347,65,64,64,80000000,quaternion,quaternion,0,0,0,0,2048,2048,749bd027,749bd027,0,0
2348,65,64,64,3f000000,quaternion,quaternion,0,0,0,0,2048,2048,741bd028,741bd028,0,0
2349,65,64,64,3f800000,quaternion,quaternion,0,0,0,0,2048,2048,689ab011,689ab011,0,0
2350,65,64,64,7fc12345,quaternion,quaternion,0,0,0,0,2048,2048,7fc12345,7fc12345,0,0
2351,65,64,64,ff854321,quaternion,quaternion,0,0,0,0,2048,2048,ffc54321,ffc54321,0,0
2352,65,64,48,00000000,quaternion,quaternion,0,0,0,0,2048,2048,d4ff8329,d4ff8329,0,0
2353,65,64,48,80000000,quaternion,quaternion,0,0,0,0,2048,2048,e100af82,e100af82,0,0
2354,65,64,48,3f000000,quaternion,quaternion,0,0,0,0,2048,2048,e080af83,e080af83,0,0
2355,65,64,48,3f800000,quaternion,quaternion,0,0,0,0,2048,2048,d4ff8329,d4ff8329,0,0
2356,65,64,48,7fc12345,quaternion,quaternion,0,0,0,0,2048,2048,7fc12345,7fc12345,0,0
2357,65,64,48,ff854321,quaternion,quaternion,0,0,0,0,2048,2048,ffc54321,ffc54321,0,0
2358,65,64,80,00000000,quaternion,quaternion,0,0,0,0,2048,2048,fa8462b4,fa8462b4,0,0
2359,65,64,80,80000000,quaternion,quaternion,0,0,0,0,2048,2048,ff800000,ff800000,0,0
2360,65,64,80,3f000000,quaternion,quaternion,0,0,0,0,2048,2048,ff800000,ff800000,0,0
2361,65,64,80,3f800000,quaternion,quaternion,0,0,0,0,2048,2048,fa8462b4,fa8462b4,0,0
2362,65,64,80,7fc12345,quaternion,quaternion,0,0,0,0,2048,2048,7fc12345,7fc12345,0,0
2363,65,64,80,ff854321,quaternion,quaternion,0,0,0,0,2048,2048,ffc54321,ffc54321,0,0
2364,65,128,64,00000000,quaternion,quaternion,0,0,0,0,2048,2048,689ab011,689ab011,0,0
2365,65,128,64,80000000,quaternion,quaternion,0,0,0,0,2048,2048,749bd027,749bd027,0,0
2366,65,128,64,3f000000,quaternion,quaternion,0,0,0,0,2048,2048,741bd028,741bd028,0,0
2367,65,128,64,3f800000,quaternion,quaternion,0,0,0,0,2048,2048,689ab011,689ab011,0,0
2368,65,128,64,7fc12345,quaternion,quaternion,0,0,0,0,2048,2048,7fc12345,7fc12345,0,0
2369,65,128,64,ff854321,quaternion,quaternion,0,0,0,0,2048,2048,ffc54321,ffc54321,0,0
2370,65,64,128,00000000,quaternion,quaternion,0,0,0,0,2048,2048,fb506a0f,fb506a0f,0,0
2371,65,64,128,80000000,quaternion,quaternion,0,0,0,0,2048,2048,ff800000,ff800000,0,0
2372,65,64,128,3f000000,quaternion,quaternion,0,0,0,0,2048,2048,ff800000,ff800000,0,0
2373,65,64,128,3f800000,quaternion,quaternion,0,0,0,0,2048,2048,fb506a0f,fb506a0f,0,0
2374,65,64,128,7fc12345,quaternion,quaternion,0,0,0,0,2048,2048,7fc12345,7fc12345,0,0
2375,65,64,128,ff854321,quaternion,quaternion,0,0,0,0,2048,2048,ffc54321,ffc54321,0,0
2376,66,64,256,00000000,quaternion,quaternion,0,0,0,0,2048,2048,4ddea6a7,4ddea6a7,0,0
2377,66,64,256,80000000,quaternion,quaternion,0,0,0,0,2048,2048,4ddea6a7,4ddea6a7,0,0
2378,66,64,256,3f000000,quaternion,quaternion,0,0,0,0,2048,2048,4ddea6a7,4ddea6a7,0,0
2379,66,64,256,3f800000,quaternion,quaternion,0,0,0,0,2048,2048,4ddea6a7,4ddea6a7,0,0
2380,66,64,256,7fc12345,quaternion,quaternion,0,0,0,0,2048,2048,7fc12345,7fc12345,0,0
2381,66,64,256,ff854321,quaternion,quaternion,0,0,0,0,2048,2048,ffc54321,ffc54321,0,0
2382,66,64,64,00000000,quaternion,quaternion,0,0,0,0,2048,2048,e14f78fe,e14f78fe,0,0
2383,66,64,64,80000000,quaternion,quaternion,0,0,0,0,2048,2048,e14f78fe,e14f78fe,0,0
2384,66,64,64,3f000000,quaternion,quaternion,0,0,0,0,2048,2048,e14f78fe,e14f78fe,0,0
2385,66,64,64,3f800000,quaternion,quaternion,0,0,0,0,2048,2048,e14f78fe,e14f78fe,0,0
2386,66,64,64,7fc12345,quaternion,quaternion,0,0,0,0,2048,2048,7fc12345,7fc12345,0,0
2387,66,64,64,ff854321,quaternion,quaternion,0,0,0,0,2048,2048,ffc54321,ffc54321,0,0
2388,66,64,48,00000000,quaternion,quaternion,0,0,0,0,2048,2048,dda77f8d,dda77f8d,0,0
2389,66,64,48,80000000,quaternion,quaternion,0,0,0,0,2048,2048,dda77f8d,dda77f8d,0,0
2390,66,64,48,3f000000,quaternion,quaternion,0,0,0,0,2048,2048,dda77f8d,dda77f8d,0,0
2391,66,64,48,3f800000,quaternion,quaternion,0,0,0,0,2048,2048,dda77f8d,dda77f8d,0,0
2392,66,64,48,7fc12345,quaternion,quaternion,0,0,0,0,2048,2048,7fc12345,7fc12345,0,0
2393,66,64,48,ff854321,quaternion,quaternion,0,0,0,0,2048,2048,ffc54321,ffc54321,0,0
2394,66,64,80,00000000,quaternion,quaternion,0,0,0,0,2048,2048,9146f490,9146f490,0,0
2395,66,64,80,80000000,quaternion,quaternion,0,0,0,0,2048,2048,9146f490,9146f490,0,0
2396,66,64,80,3f000000,quaternion,quaternion,0,0,0,0,2048,2048,9146f490,9146f490,0,0
2397,66,64,80,3f800000,quaternion,quaternion,0,0,0,0,2048,2048,9146f490,9146f490,0,0
2398,66,64,80,7fc12345,quaternion,quaternion,0,0,0,0,2048,2048,7fc12345,7fc12345,0,0
2399,66,64,80,ff854321,quaternion,quaternion,0,0,0,0,2048,2048,ffc54321,ffc54321,0,0
2400,66,128,64,00000000,quaternion,quaternion,0,0,0,0,2048,2048,e14f78fe,e14f78fe,0,0
2401,66,128,64,80000000,quaternion,quaternion,0,0,0,0,2048,2048,e14f78fe,e14f78fe,0,0
2402,66,128,64,3f000000,quaternion,quaternion,0,0,0,0,2048,2048,e14f78fe,e14f78fe,0,0
2403,66,128,64,3f800000,quaternion,quaternion,0,0,0,0,2048,2048,e14f78fe,e14f78fe,0,0
2404,66,128,64,7fc12345,quaternion,quaternion,0,0,0,0,2048,2048,7fc12345,7fc12345,0,0
2405,66,128,64,ff854321,quaternion,quaternion,0,0,0,0,2048,2048,ffc54321,ffc54321,0,0
2406,66,64,128,00000000,quaternion,quaternion,0,0,0,0,2048,2048,5df048dc,5df048dc,0,0
2407,66,64,128,80000000,quaternion,quaternion,0,0,0,0,2048,2048,5df048dc,5df048dc,0,0
2408,66,64,128,3f000000,quaternion,quaternion,0,0,0,0,2048,2048,5df048dc,5df048dc,0,0
2409,66,64,128,3f800000,quaternion,quaternion,0,0,0,0,2048,2048,5df048dc,5df048dc,0,0
2410,66,64,128,7fc12345,quaternion,quaternion,0,0,0,0,2048,2048,7fc12345,7fc12345,0,0
2411,66,64,128,ff854321,quaternion,quaternion,0,0,0,0,2048,2048,ffc54321,ffc54321,0,0
2412,67,64,256,00000000,quaternion,quaternion,0,0,0,0,2048,2048,4900f6a5,4900f6a5,0,0
2413,67,64,256,80000000,quaternion,quaternion,0,0,0,0,2048,2048,ea15ae79,ea15ae79,0,0
2414,67,64,256,3f000000,quaternion,quaternion,0,0,0,0,2048,2048,e995ae79,e995ae79,0,0
2415,67,64,256,3f800000,quaternion,quaternion,0,0,0,0,2048,2048,4900f6a5,4900f6a5,0,0
2416,67,64,256,7fc12345,quaternion,quaternion,0,0,0,0,2048,2048,7fc12345,7fc12345,0,0
2417,67,64,256,ff854321,quaternion,quaternion,0,0,0,0,2048,2048,ffc54321,ffc54321,0,0
2418,67,64,64,00000000,quaternion,quaternion,0,0,0,0,2048,2048,7f800000,7f800000,0,0
2419,67,64,64,80000000,quaternion,quaternion,0,0,0,0,2048,2048,ff800000,ff800000,0,0
2420,67,64,64,3f000000,quaternion,quaternion,0,0,0,0,2048,2048,ff800000,ff800000,0,0
2421,67,64,64,3f800000,quaternion,quaternion,0,0,0,0,2048,2048,7f800000,7f800000,0,0
2422,67,64,64,7fc12345,quaternion,quaternion,0,0,0,0,2048,2048,7fc12345,7fc12345,0,0
2423,67,64,64,ff854321,quaternion,quaternion,0,0,0,0,2048,2048,ffc54321,ffc54321,0,0
2424,67,64,48,00000000,quaternion,quaternion,0,0,0,0,2048,2048,6f1b6ea8,6f1b6ea8,0,0
2425,67,64,48,80000000,quaternion,quaternion,0,0,0,0,2048,2048,ff800000,ff800000,0,0
2426,67,64,48,3f000000,quaternion,quaternion,0,0,0,0,2048,2048,ff800000,ff800000,0,0
2427,67,64,48,3f800000,quaternion,quaternion,0,0,0,0,2048,2048,6f1b6ea8,6f1b6ea8,0,0
2428,67,64,48,7fc12345,quaternion,quaternion,0,0,0,0,2048,2048,7fc12345,7fc12345,0,0
2429,67,64,48,ff854321,quaternion,quaternion,0,0,0,0,2048,2048,ffc54321,ffc54321,0,0
2430,67,64,80,00000000,quaternion,quaternion,0,0,0,0,2048,2048,d6b8c02f,d6b8c02f,0,0
2431,67,64,80,80000000,quaternion,quaternion,0,0,0,0,2048,2048,77d66e5a,77d66e5a,0,0
2432,67,64,80,3f000000,quaternion,quaternion,0,0,0,0,2048,2048,77566e5a,77566e5a,0,0
2433,67,64,80,3f800000,quaternion,quaternion,0,0,0,0,2048,2048,d6b8c02f,d6b8c02f,0,0
2434,67,64,80,7fc12345,quaternion,quaternion,0,0,0,0,2048,2048,7fc12345,7fc12345,0,0
2435,67,64,80,ff854321,quaternion,quaternion,0,0,0,0,2048,2048,ffc54321,ffc54321,0,0
2436,67,128,64,00000000,quaternion,quaternion,0,0,0,0,2048,2048,7f800000,7f800000,0,0
2437,67,128,64,80000000,quaternion,quaternion,0,0,0,0,2048,2048,ff800000,ff800000,0,0
2438,67,128,64,3f000000,quaternion,quaternion,0,0,0,0,2048,2048,ff800000,ff800000,0,0
2439,67,128,64,3f800000,quaternion,quaternion,0,0,0,0,2048,2048,7f800000,7f800000,0,0
2440,67,128,64,7fc12345,quaternion,quaternion,0,0,0,0,2048,2048,7fc12345,7fc12345,0,0
2441,67,128,64,ff854321,quaternion,quaternion,0,0,0,0,2048,2048,ffc54321,ffc54321,0,0
2442,67,64,128,00000000,quaternion,quaternion,0,0,0,0,2048,2048,b23dcd08,b23dcd08,0,0
2443,67,64,128,80000000,quaternion,quaternion,0,0,0,0,2048,2048,535c4ae5,535c4ae5,0,0
2444,67,64,128,3f000000,quaternion,quaternion,0,0,0,0,2048,2048,52dc4ae5,52dc4ae5,0,0
2445,67,64,128,3f800000,quaternion,quaternion,0,0,0,0,2048,2048,b23dcd08,b23dcd08,0,0
2446,67,64,128,7fc12345,quaternion,quaternion,0,0,0,0,2048,2048,7fc12345,7fc12345,0,0
2447,67,64,128,ff854321,quaternion,quaternion,0,0,0,0,2048,2048,ffc54321,ffc54321,0,0
2448,68,64,256,00000000,quaternion,quaternion,0,0,0,0,2048,2048,64f9f6c8,64f9f6c8,0,0
2449,68,64,256,80000000,quaternion,quaternion,0,0,0,0,2048,2048,64f9f6c8,64f9f6c8,0,0
2450,68,64,256,3f000000,quaternion,quaternion,0,0,0,0,2048,2048,64f9f6c8,64f9f6c8,0,0
2451,68,64,256,3f800000,quaternion,quaternion,0,0,0,0,2048,2048,64f9f6c8,64f9f6c8,0,0
2452,68,64,256,7fc12345,quaternion,quaternion,0,0,0,0,2048,2048,7fc12345,7fc12345,0,0
2453,68,64,256,ff854321,quaternion,quaternion,0,0,0,0,2048,2048,ffc54321,ffc54321,0,0
2454,68,64,64,00000000,quaternion,quaternion,0,0,0,0,2048,2048,ff800000,ff800000,0,0
2455,68,64,64,80000000,quaternion,quaternion,0,0,0,0,2048,2048,ff800000,ff800000,0,0
2456,68,64,64,3f000000,quaternion,quaternion,0,0,0,0,2048,2048,ff800000,ff800000,0,0
2457,68,64,64,3f800000,quaternion,quaternion,0,0,0,0,2048,2048,ff800000,ff800000,0,0
2458,68,64,64,7fc12345,quaternion,quaternion,0,0,0,0,2048,2048,7fc12345,7fc12345,0,0
2459,68,64,64,ff854321,quaternion,quaternion,0,0,0,0,2048,2048,ffc54321,ffc54321,0,0
2460,68,64,48,00000000,quaternion,quaternion,0,0,0,0,2048,2048,ff800000,ff800000,0,0
2461,68,64,48,80000000,quaternion,quaternion,0,0,0,0,2048,2048,ff800000,ff800000,0,0
2462,68,64,48,3f000000,quaternion,quaternion,0,0,0,0,2048,2048,ff800000,ff800000,0,0
2463,68,64,48,3f800000,quaternion,quaternion,0,0,0,0,2048,2048,ff800000,ff800000,0,0
2464,68,64,48,7fc12345,quaternion,quaternion,0,0,0,0,2048,2048,7fc12345,7fc12345,0,0
2465,68,64,48,ff854321,quaternion,quaternion,0,0,0,0,2048,2048,ffc54321,ffc54321,0,0
2466,68,64,80,00000000,quaternion,quaternion,0,0,0,0,2048,2048,58c536a1,58c536a1,0,0
2467,68,64,80,80000000,quaternion,quaternion,0,0,0,0,2048,2048,58c536a1,58c536a1,0,0
2468,68,64,80,3f000000,quaternion,quaternion,0,0,0,0,2048,2048,58c536a1,58c536a1,0,0
2469,68,64,80,3f800000,quaternion,quaternion,0,0,0,0,2048,2048,58c536a1,58c536a1,0,0
2470,68,64,80,7fc12345,quaternion,quaternion,0,0,0,0,2048,2048,7fc12345,7fc12345,0,0
2471,68,64,80,ff854321,quaternion,quaternion,0,0,0,0,2048,2048,ffc54321,ffc54321,0,0
2472,68,128,64,00000000,quaternion,quaternion,0,0,0,0,2048,2048,ff800000,ff800000,0,0
2473,68,128,64,80000000,quaternion,quaternion,0,0,0,0,2048,2048,ff800000,ff800000,0,0
2474,68,128,64,3f000000,quaternion,quaternion,0,0,0,0,2048,2048,ff800000,ff800000,0,0
2475,68,128,64,3f800000,quaternion,quaternion,0,0,0,0,2048,2048,ff800000,ff800000,0,0
2476,68,128,64,7fc12345,quaternion,quaternion,0,0,0,0,2048,2048,7fc12345,7fc12345,0,0
2477,68,128,64,ff854321,quaternion,quaternion,0,0,0,0,2048,2048,ffc54321,ffc54321,0,0
2478,68,64,128,00000000,quaternion,quaternion,0,0,0,0,2048,2048,a51571d0,a51571d0,0,0
2479,68,64,128,80000000,quaternion,quaternion,0,0,0,0,2048,2048,a51571d0,a51571d0,0,0
2480,68,64,128,3f000000,quaternion,quaternion,0,0,0,0,2048,2048,a51571d0,a51571d0,0,0
2481,68,64,128,3f800000,quaternion,quaternion,0,0,0,0,2048,2048,a51571d0,a51571d0,0,0
2482,68,64,128,7fc12345,quaternion,quaternion,0,0,0,0,2048,2048,7fc12345,7fc12345,0,0
2483,68,64,128,ff854321,quaternion,quaternion,0,0,0,0,2048,2048,ffc54321,ffc54321,0,0
2484,69,64,256,00000000,quaternion,quaternion,0,0,0,0,2048,2048,eb8da140,eb8da140,0,0
2485,69,64,256,80000000,quaternion,quaternion,0,0,0,0,2048,2048,7f800000,7f800000,0,0
2486,69,64,256,3f000000,quaternion,quaternion,0,0,0,0,2048,2048,7f800000,7f800000,0,0
2487,69,64,256,3f800000,quaternion,quaternion,0,0,0,0,2048,2048,eb8da140,eb8da140,0,0
2488,69,64,256,7fc12345,quaternion,quaternion,0,0,0,0,2048,2048,7fc12345,7fc12345,0,0
2489,69,64,256,ff854321,quaternion,quaternion,0,0,0,0,2048,2048,ffc54321,ffc54321,0,0
2490,69,64,64,00000000,quaternion,quaternion,0,0,0,0,2048,2048,38c3a209,38c3a209,0,0
2491,69,64,64,80000000,quaternion,quaternion,0,0,0,0,2048,2048,e1bb340b,e1bb340b,0,0
2492,69,64,64,3f000000,quaternion,quaternion,0,0,0,0,2048,2048,e13b340b,e13b340b,0,0
2493,69,64,64,3f800000,quaternion,quaternion,0,0,0,0,2048,2048,38c3a209,38c3a209,0,0
2494,69,64,64,7fc12345,quaternion,quaternion,0,0,0,0,2048,2048,7fc12345,7fc12345,0,0
2495,69,64,64,ff854321,quaternion,quaternion,0,0,0,0,2048,2048,ffc54321,ffc54321,0,0
2496,69,64,48,00000000,quaternion,quaternion,0,0,0,0,2048,2048,79d2bb63,79d2bb63,0,0
2497,69,64,48,80000000,quaternion,quaternion,0,0,0,0,2048,2048,ff800000,ff800000,0,0
2498,69,64,48,3f000000,quaternion,quaternion,0,0,0,0,2048,2048,ff800000,ff800000,0,0
2499,69,64,48,3f800000,quaternion,quaternion,0,0,0,0,2048,2048,79d2bb63,79d2bb63,0,0
2500,69,64,48,7fc12345,quaternion,quaternion,0,0,0,0,2048,2048,7fc12345,7fc12345,0,0
2501,69,64,48,ff854321,quaternion,quaternion,0,0,0,0,2048,2048,ffc54321,ffc54321,0,0
2502,69,64,80,00000000,quaternion,quaternion,0,0,0,0,2048,2048,c9b2a104,c9b2a104,0,0
2503,69,64,80,80000000,quaternion,quaternion,0,0,0,0,2048,2048,72aaee97,72aaee97,0,0
2504,69,64,80,3f000000,quaternion,quaternion,0,0,0,0,2048,2048,722aee97,722aee97,0,0
2505,69,64,80,3f800000,quaternion,quaternion,0,0,0,0,2048,2048,c9b2a104,c9b2a104,0,0
2506,69,64,80,7fc12345,quaternion,quaternion,0,0,0,0,2048,2048,7fc12345,7fc12345,0,0
2507,69,64,80,ff854321,quaternion,quaternion,0,0,0,0,2048,2048,ffc54321,ffc54321,0,0
2508,69,128,64,00000000,quaternion,quaternion,0,0,0,0,2048,2048,38c3a209,38c3a209,0,0
2509,69,128,64,80000000,quaternion,quaternion,0,0,0,0,2048,2048,e1bb340b,e1bb340b,0,0
2510,69,128,64,3f000000,quaternion,quaternion,0,0,0,0,2048,2048,e13b340b,e13b340b,0,0
2511,69,128,64,3f800000,quaternion,quaternion,0,0,0,0,2048,2048,38c3a209,38c3a209,0,0
2512,69,128,64,7fc12345,quaternion,quaternion,0,0,0,0,2048,2048,7fc12345,7fc12345,0,0
2513,69,128,64,ff854321,quaternion,quaternion,0,0,0,0,2048,2048,ffc54321,ffc54321,0,0
2514,69,64,128,00000000,quaternion,quaternion,0,0,0,0,2048,2048,553adb37,553adb37,0,0
2515,69,64,128,80000000,quaternion,quaternion,0,0,0,0,2048,2048,fe32ce09,fe32ce09,0,0
2516,69,64,128,3f000000,quaternion,quaternion,0,0,0,0,2048,2048,fdb2ce09,fdb2ce09,0,0
2517,69,64,128,3f800000,quaternion,quaternion,0,0,0,0,2048,2048,553adb37,553adb37,0,0
2518,69,64,128,7fc12345,quaternion,quaternion,0,0,0,0,2048,2048,7fc12345,7fc12345,0,0
2519,69,64,128,ff854321,quaternion,quaternion,0,0,0,0,2048,2048,ffc54321,ffc54321,0,0
2520,70,64,256,00000000,quaternion,quaternion,0,0,0,0,2048,2048,7b5ebf0b,7b5ebf0b,0,0
2521,70,64,256,80000000,quaternion,quaternion,0,0,0,0,2048,2048,7b5ebf0b,7b5ebf0b,0,0
2522,70,64,256,3f000000,quaternion,quaternion,0,0,0,0,2048,2048,7b5ebf0b,7b5ebf0b,0,0
2523,70,64,256,3f800000,quaternion,quaternion,0,0,0,0,2048,2048,7b5ebf0b,7b5ebf0b,0,0
2524,70,64,256,7fc12345,quaternion,quaternion,0,0,0,0,2048,2048,7fc12345,7fc12345,0,0
2525,70,64,256,ff854321,quaternion,quaternion,0,0,0,0,2048,2048,ffc54321,ffc54321,0,0
2526,70,64,64,00000000,quaternion,quaternion,0,0,0,0,2048,2048,f62201b7,f62201b7,0,0
2527,70,64,64,80000000,quaternion,quaternion,0,0,0,0,2048,2048,f62201b7,f62201b7,0,0
2528,70,64,64,3f000000,quaternion,quaternion,0,0,0,0,2048,2048,f62201b7,f62201b7,0,0
2529,70,64,64,3f800000,quaternion,quaternion,0,0,0,0,2048,2048,f62201b7,f62201b7,0,0
2530,70,64,64,7fc12345,quaternion,quaternion,0,0,0,0,2048,2048,7fc12345,7fc12345,0,0
2531,70,64,64,ff854321,quaternion,quaternion,0,0,0,0,2048,2048,ffc54321,ffc54321,0,0
2532,70,64,48,00000000,quaternion,quaternion,0,0,0,0,2048,2048,a797df15,a797df15,0,0
2533,70,64,48,80000000,quaternion,quaternion,0,0,0,0,2048,2048,a797df15,a797df15,0,0
2534,70,64,48,3f000000,quaternion,quaternion,0,0,0,0,2048,2048,a797df15,a797df15,0,0
2535,70,64,48,3f800000,quaternion,quaternion,0,0,0,0,2048,2048,a797df15,a797df15,0,0
2536,70,64,48,7fc12345,quaternion,quaternion,0,0,0,0,2048,2048,7fc12345,7fc12345,0,0
2537,70,64,48,ff854321,quaternion,quaternion,0,0,0,0,2048,2048,ffc54321,ffc54321,0,0
2538,70,64,80,00000000,quaternion,quaternion,0,0,0,0,2048,2048,5f26f0a5,5f26f0a5,0,0
2539,70,64,80,80000000,quaternion,quaternion,0,0,0,0,2048,2048,5f26f0a5,5f26f0a5,0,0
2540,70,64,80,3f000000,quaternion,quaternion,0,0,0,0,2048,2048,5f26f0a5,5f26f0a5,0,0
2541,70,64,80,3f800000,quaternion,quaternion,0,0,0,0,2048,2048,5f26f0a5,5f26f0a5,0,0
2542,70,64,80,7fc12345,quaternion,quaternion,0,0,0,0,2048,2048,7fc12345,7fc12345,0,0
2543,70,64,80,ff854321,quaternion,quaternion,0,0,0,0,2048,2048,ffc54321,ffc54321,0,0
2544,70,128,64,00000000,quaternion,quaternion,0,0,0,0,2048,2048,f62201b7,f62201b7,0,0
2545,70,128,64,80000000,quaternion,quaternion,0,0,0,0,2048,2048,f62201b7,f62201b7,0,0
2546,70,128,64,3f000000,quaternion,quaternion,0,0,0,0,2048,2048,f62201b7,f62201b7,0,0
2547,70,128,64,3f800000,quaternion,quaternion,0,0,0,0,2048,2048,f62201b7,f62201b7,0,0
2548,70,128,64,7fc12345,quaternion,quaternion,0,0,0,0,2048,2048,7fc12345,7fc12345,0,0
2549,70,128,64,ff854321,quaternion,quaternion,0,0,0,0,2048,2048,ffc54321,ffc54321,0,0
2550,70,64,128,00000000,quaternion,quaternion,0,0,0,0,2048,2048,4fc132aa,4fc132aa,0,0
2551,70,64,128,80000000,quaternion,quaternion,0,0,0,0,2048,2048,4fc132aa,4fc132aa,0,0
2552,70,64,128,3f000000,quaternion,quaternion,0,0,0,0,2048,2048,4fc132aa,4fc132aa,0,0
2553,70,64,128,3f800000,quaternion,quaternion,0,0,0,0,2048,2048,4fc132aa,4fc132aa,0,0
2554,70,64,128,7fc12345,quaternion,quaternion,0,0,0,0,2048,2048,7fc12345,7fc12345,0,0
2555,70,64,128,ff854321,quaternion,quaternion,0,0,0,0,2048,2048,ffc54321,ffc54321,0,0
2556,71,64,256,00000000,quaternion,quaternion,0,0,0,0,2048,2048,e8e30aa1,e8e30aa1,0,0
2557,71,64,256,80000000,quaternion,quaternion,0,0,0,0,2048,2048,ecc80371,ecc80371,0,0
2558,71,64,256,3f000000,quaternion,quaternion,0,0,0,0,2048,2048,ec48e67b,ec48e67b,0,0
2559,71,64,256,3f800000,quaternion,quaternion,0,0,0,0,2048,2048,e8e30aa1,e8e30aa1,0,0
2560,71,64,256,7fc12345,quaternion,quaternion,0,0,0,0,2048,2048,7fc12345,7fc12345,0,0
2561,71,64,256,ff854321,quaternion,quaternion,0,0,0,0,2048,2048,ffc54321,ffc54321,0,0
2562,71,64,64,00000000,quaternion,quaternion,0,0,0,0,2048,2048,5437d5a7,5437d5a7,0,0
2563,71,64,64,80000000,quaternion,quaternion,0,0,0,0,2048,2048,5821f337,5821f337,0,0
2564,71,64,64,3f000000,quaternion,quaternion,0,0,0,0,2048,2048,57a2ab0c,57a2ab0c,0,0
2565,71,64,64,3f800000,quaternion,quaternion,0,0,0,0,2048,2048,5437d5a7,5437d5a7,0,0
2566,71,64,64,7fc12345,quaternion,quaternion,0,0,0,0,2048,2048,7fc12345,7fc12345,0,0
2567,71,64,64,ff854321,quaternion,quaternion,0,0,0,0,2048,2048,ffc54321,ffc54321,0,0
2568,71,64,48,00000000,quaternion,quaternion,0,0,0,0,2048,2048,b7326300,b7326300,0,0
2569,71,64,48,80000000,quaternion,quaternion,0,0,0,0,2048,2048,bb1d2696,bb1d2696,0,0
2570,71,64,48,3f000000,quaternion,quaternion,0,0,0,0,2048,2048,ba9dd8f9,ba9dd8f9,0,0
2571,71,64,48,3f800000,quaternion,quaternion,0,0,0,0,2048,2048,b7326300,b7326300,0,0
2572,71,64,48,7fc12345,quaternion,quaternion,0,0,0,0,2048,2048,7fc12345,7fc12345,0,0
2573,71,64,48,ff854321,quaternion,quaternion,0,0,0,0,2048,2048,ffc54321,ffc54321,0,0
2574,71,64,80,00000000,quaternion,quaternion,0,0,0,0,2048,2048,7f800000,7f800000,0,0
2575,71,64,80,80000000,quaternion,quaternion,0,0,0,0,2048,2048,7f800000,7f800000,0,0
2576,71,64,80,3f000000,quaternion,quaternion,0,0,0,0,2048,2048,7f800000,7f800000,0,0
2577,71,64,80,3f800000,quaternion,quaternion,0,0,0,0,2048,2048,7f800000,7f800000,0,0
2578,71,64,80,7fc12345,quaternion,quaternion,0,0,0,0,2048,2048,7fc12345,7fc12345,0,0
2579,71,64,80,ff854321,quaternion,quaternion,0,0,0,0,2048,2048,ffc54321,ffc54321,0,0
2580,71,128,64,00000000,quaternion,quaternion,0,0,0,0,2048,2048,5437d5a7,5437d5a7,0,0
2581,71,128,64,80000000,quaternion,quaternion,0,0,0,0,2048,2048,5821f337,5821f337,0,0
2582,71,128,64,3f000000,quaternion,quaternion,0,0,0,0,2048,2048,57a2ab0c,57a2ab0c,0,0
2583,71,128,64,3f800000,quaternion,quaternion,0,0,0,0,2048,2048,5437d5a7,5437d5a7,0,0
2584,71,128,64,7fc12345,quaternion,quaternion,0,0,0,0,2048,2048,7fc12345,7fc12345,0,0
2585,71,128,64,ff854321,quaternion,quaternion,0,0,0,0,2048,2048,ffc54321,ffc54321,0,0
2586,71,64,128,00000000,quaternion,quaternion,0,0,0,0,2048,2048,7e5c47d4,7e5c47d4,0,0
2587,71,64,128,80000000,quaternion,quaternion,0,0,0,0,2048,2048,7f800000,7f800000,0,0
2588,71,64,128,3f000000,quaternion,quaternion,0,0,0,0,2048,2048,7f800000,7f800000,0,0
2589,71,64,128,3f800000,quaternion,quaternion,0,0,0,0,2048,2048,7e5c47d4,7e5c47d4,0,0
2590,71,64,128,7fc12345,quaternion,quaternion,0,0,0,0,2048,2048,7fc12345,7fc12345,0,0
2591,71,64,128,ff854321,quaternion,quaternion,0,0,0,0,2048,2048,ffc54321,ffc54321,0,0
2592,72,64,256,00000000,quaternion,quaternion,0,0,0,0,2048,2048,7f800000,7f800000,0,0
2593,72,64,256,80000000,quaternion,quaternion,0,0,0,0,2048,2048,7f800000,7f800000,0,0
2594,72,64,256,3f000000,quaternion,quaternion,0,0,0,0,2048,2048,7f800000,7f800000,0,0
2595,72,64,256,3f800000,quaternion,quaternion,0,0,0,0,2048,2048,7f800000,7f800000,0,0
2596,72,64,256,7fc12345,quaternion,quaternion,0,0,0,0,2048,2048,7fc12345,7fc12345,0,0
2597,72,64,256,ff854321,quaternion,quaternion,0,0,0,0,2048,2048,ffc54321,ffc54321,0,0
2598,72,64,64,00000000,quaternion,quaternion,0,0,0,0,2048,2048,d6764fe9,d6764fe9,0,0
2599,72,64,64,80000000,quaternion,quaternion,0,0,0,0,2048,2048,d6764fe9,d6764fe9,0,0
2600,72,64,64,3f000000,quaternion,quaternion,0,0,0,0,2048,2048,d6764fe9,d6764fe9,0,0
2601,72,64,64,3f800000,quaternion,quaternion,0,0,0,0,2048,2048,d6764fe9,d6764fe9,0,0
2602,72,64,64,7fc12345,quaternion,quaternion,0,0,0,0,2048,2048,7fc12345,7fc12345,0,0
2603,72,64,64,ff854321,quaternion,quaternion,0,0,0,0,2048,2048,ffc54321,ffc54321,0,0
2604,72,64,48,00000000,quaternion,quaternion,0,0,0,0,2048,2048,55056d77,55056d77,0,0
2605,72,64,48,80000000,quaternion,quaternion,0,0,0,0,2048,2048,55056d77,55056d77,0,0
2606,72,64,48,3f000000,quaternion,quaternion,0,0,0,0,2048,2048,55056d77,55056d77,0,0
2607,72,64,48,3f800000,quaternion,quaternion,0,0,0,0,2048,2048,55056d77,55056d77,0,0
2608,72,64,48,7fc12345,quaternion,quaternion,0,0,0,0,2048,2048,7fc12345,7fc12345,0,0
2609,72,64,48,ff854321,quaternion,quaternion,0,0,0,0,2048,2048,ffc54321,ffc54321,0,0
2610,72,64,80,00000000,quaternion,quaternion,0,0,0,0,2048,2048,6efd784a,6efd784a,0,0
2611,72,64,80,80000000,quaternion,quaternion,0,0,0,0,2048,2048,6efd784a,6efd784a,0,0
2612,72,64,80,3f000000,quaternion,quaternion,0,0,0,0,2048,2048,6efd784a,6efd784a,0,0
2613,72,64,80,3f800000,quaternion,quaternion,0,0,0,0,2048,2048,6efd784a,6efd784a,0,0
2614,72,64,80,7fc12345,quaternion,quaternion,0,0,0,0,2048,2048,7fc12345,7fc12345,0,0
2615,72,64,80,ff854321,quaternion,quaternion,0,0,0,0,2048,2048,ffc54321,ffc54321,0,0
2616,72,128,64,00000000,quaternion,quaternion,0,0,0,0,2048,2048,d6764fe9,d6764fe9,0,0
2617,72,128,64,80000000,quaternion,quaternion,0,0,0,0,2048,2048,d6764fe9,d6764fe9,0,0
2618,72,128,64,3f000000,quaternion,quaternion,0,0,0,0,2048,2048,d6764fe9,d6764fe9,0,0
2619,72,128,64,3f800000,quaternion,quaternion,0,0,0,0,2048,2048,d6764fe9,d6764fe9,0,0
2620,72,128,64,7fc12345,quaternion,quaternion,0,0,0,0,2048,2048,7fc12345,7fc12345,0,0
2621,72,128,64,ff854321,quaternion,quaternion,0,0,0,0,2048,2048,ffc54321,ffc54321,0,0
2622,72,64,128,00000000,quaternion,quaternion,0,0,0,0,2048,2048,7f800000,7f800000,0,0
2623,72,64,128,80000000,quaternion,quaternion,0,0,0,0,2048,2048,7f800000,7f800000,0,0
2624,72,64,128,3f000000,quaternion,quaternion,0,0,0,0,2048,2048,7f800000,7f800000,0,0
2625,72,64,128,3f800000,quaternion,quaternion,0,0,0,0,2048,2048,7f800000,7f800000,0,0
2626,72,64,128,7fc12345,quaternion,quaternion,0,0,0,0,2048,2048,7fc12345,7fc12345,0,0
2627,72,64,128,ff854321,quaternion,quaternion,0,0,0,0,2048,2048,ffc54321,ffc54321,0,0
2628,73,64,256,00000000,quaternion,quaternion,0,0,0,0,2048,2048,6111a959,6111a959,0,0
2629,73,64,256,80000000,quaternion,quaternion,0,0,0,0,2048,2048,ff800000,ff800000,0,0
2630,73,64,256,3f000000,quaternion,quaternion,0,0,0,0,2048,2048,ff800000,ff800000,0,0
2631,73,64,256,3f800000,quaternion,quaternion,0,0,0,0,2048,2048,6111a959,6111a959,0,0
2632,73,64,256,7fc12345,quaternion,quaternion,0,0,0,0,2048,2048,7fc12345,7fc12345,0,0
2633,73,64,256,ff854321,quaternion,quaternion,0,0,0,0,2048,2048,ffc54321,ffc54321,0,0
2634,73,64,64,00000000,quaternion,quaternion,0,0,0,0,2048,2048,3c5d8b3a,3c5d8b3a,0,0
2635,73,64,64,80000000,quaternion,quaternion,0,0,0,0,2048,2048,e7bf9eb7,e7bf9eb7,0,0
2636,73,64,64,3f000000,quaternion,quaternion,0,0,0,0,2048,2048,e73f9eb7,e73f9eb7,0,0
2637,73,64,64,3f800000,quaternion,quaternion,0,0,0,0,2048,2048,3c5d8b3a,3c5d8b3a,0,0
2638,73,64,64,7fc12345,quaternion,quaternion,0,0,0,0,2048,2048,7fc12345,7fc12345,0,0
2639,73,64,64,ff854321,quaternion,quaternion,0,0,0,0,2048,2048,ffc54321,ffc54321,0,0
2640,73,64,48,00000000,quaternion,quaternion,0,0,0,0,2048,2048,53fb8120,53fb8120,0,0
2641,73,64,48,80000000,quaternion,quaternion,0,0,0,0,2048,2048,ff5988a5,ff5988a5,0,0
2642,73,64,48,3f000000,quaternion,quaternion,0,0,0,0,2048,2048,fed988a5,fed988a5,0,0
2643,73,64,48,3f800000,quaternion,quaternion,0,0,0,0,2048,2048,53fb8120,53fb8120,0,0
2644,73,64,48,7fc12345,quaternion,quaternion,0,0,0,0,2048,2048,7fc12345,7fc12345,0,0
2645,73,64,48,ff854321,quaternion,quaternion,0,0,0,0,2048,2048,ffc54321,ffc54321,0,0
2646,73,64,80,00000000,quaternion,quaternion,0,0,0,0,2048,2048,df4927df,df4927df,0,0
2647,73,64,80,80000000,quaternion,quaternion,0,0,0,0,2048,2048,7f800000,7f800000,0,0
2648,73,64,80,3f000000,quaternion,quaternion,0,0,0,0,2048,2048,7f800000,7f800000,0,0
2649,73,64,80,3f800000,quaternion,quaternion,0,0,0,0,2048,2048,df4927df,df4927df,0,0
2650,73,64,80,7fc12345,quaternion,quaternion,0,0,0,0,2048,2048,7fc12345,7fc12345,0,0
2651,73,64,80,ff854321,quaternion,quaternion,0,0,0,0,2048,2048,ffc54321,ffc54321,0,0
2652,73,128,64,00000000,quaternion,quaternion,0,0,0,0,2048,2048,3c5d8b3a,3c5d8b3a,0,0
2653,73,128,64,80000000,quaternion,quaternion,0,0,0,0,2048,2048,e7bf9eb7,e7bf9eb7,0,0
2654,73,128,64,3f000000,quaternion,quaternion,0,0,0,0,2048,2048,e73f9eb7,e73f9eb7,0,0
2655,73,128,64,3f800000,quaternion,quaternion,0,0,0,0,2048,2048,3c5d8b3a,3c5d8b3a,0,0
2656,73,128,64,7fc12345,quaternion,quaternion,0,0,0,0,2048,2048,7fc12345,7fc12345,0,0
2657,73,128,64,ff854321,quaternion,quaternion,0,0,0,0,2048,2048,ffc54321,ffc54321,0,0
2658,73,64,128,00000000,quaternion,quaternion,0,0,0,0,2048,2048,9b8e19bd,9b8e19bd,0,0
2659,73,64,128,80000000,quaternion,quaternion,0,0,0,0,2048,2048,46f5d06a,46f5d06a,0,0
2660,73,64,128,3f000000,quaternion,quaternion,0,0,0,0,2048,2048,4675d06a,4675d06a,0,0
2661,73,64,128,3f800000,quaternion,quaternion,0,0,0,0,2048,2048,9b8e19bd,9b8e19bd,0,0
2662,73,64,128,7fc12345,quaternion,quaternion,0,0,0,0,2048,2048,7fc12345,7fc12345,0,0
2663,73,64,128,ff854321,quaternion,quaternion,0,0,0,0,2048,2048,ffc54321,ffc54321,0,0
2664,74,64,256,00000000,quaternion,quaternion,0,0,0,0,2048,2048,ed0b5530,ed0b5530,0,0
2665,74,64,256,80000000,quaternion,quaternion,0,0,0,0,2048,2048,ed0b5530,ed0b5530,0,0
2666,74,64,256,3f000000,quaternion,quaternion,0,0,0,0,2048,2048,ed0b5530,ed0b5530,0,0
2667,74,64,256,3f800000,quaternion,quaternion,0,0,0,0,2048,2048,ed0b5530,ed0b5530,0,0
2668,74,64,256,7fc12345,quaternion,quaternion,0,0,0,0,2048,2048,7fc12345,7fc12345,0,0
2669,74,64,256,ff854321,quaternion,quaternion,0,0,0,0,2048,2048,ffc54321,ffc54321,0,0
2670,74,64,64,00000000,quaternion,quaternion,0,0,0,0,2048,2048,4e806b63,4e806b63,0,0
2671,74,64,64,80000000,quaternion,quaternion,0,0,0,0,2048,2048,4e806b63,4e806b63,0,0
2672,74,64,64,3f000000,quaternion,quaternion,0,0,0,0,2048,2048,4e806b63,4e806b63,0,0
2673,74,64,64,3f800000,quaternion,quaternion,0,0,0,0,2048,2048,4e806b63,4e806b63,0,0
2674,74,64,64,7fc12345,quaternion,quaternion,0,0,0,0,2048,2048,7fc12345,7fc12345,0,0
2675,74,64,64,ff854321,quaternion,quaternion,0,0,0,0,2048,2048,ffc54321,ffc54321,0,0
2676,74,64,48,00000000,quaternion,quaternion,0,0,0,0,2048,2048,5aa37d84,5aa37d84,0,0
2677,74,64,48,80000000,quaternion,quaternion,0,0,0,0,2048,2048,5aa37d84,5aa37d84,0,0
2678,74,64,48,3f000000,quaternion,quaternion,0,0,0,0,2048,2048,5aa37d84,5aa37d84,0,0
2679,74,64,48,3f800000,quaternion,quaternion,0,0,0,0,2048,2048,5aa37d84,5aa37d84,0,0
2680,74,64,48,7fc12345,quaternion,quaternion,0,0,0,0,2048,2048,7fc12345,7fc12345,0,0
2681,74,64,48,ff854321,quaternion,quaternion,0,0,0,0,2048,2048,ffc54321,ffc54321,0,0
2682,74,64,80,00000000,quaternion,quaternion,0,0,0,0,2048,2048,6b0faf49,6b0faf49,0,0
2683,74,64,80,80000000,quaternion,quaternion,0,0,0,0,2048,2048,6b0faf49,6b0faf49,0,0
2684,74,64,80,3f000000,quaternion,quaternion,0,0,0,0,2048,2048,6b0faf49,6b0faf49,0,0
2685,74,64,80,3f800000,quaternion,quaternion,0,0,0,0,2048,2048,6b0faf49,6b0faf49,0,0
2686,74,64,80,7fc12345,quaternion,quaternion,0,0,0,0,2048,2048,7fc12345,7fc12345,0,0
2687,74,64,80,ff854321,quaternion,quaternion,0,0,0,0,2048,2048,ffc54321,ffc54321,0,0
2688,74,128,64,00000000,quaternion,quaternion,0,0,0,0,2048,2048,4e806b63,4e806b63,0,0
2689,74,128,64,80000000,quaternion,quaternion,0,0,0,0,2048,2048,4e806b63,4e806b63,0,0
2690,74,128,64,3f000000,quaternion,quaternion,0,0,0,0,2048,2048,4e806b63,4e806b63,0,0
2691,74,128,64,3f800000,quaternion,quaternion,0,0,0,0,2048,2048,4e806b63,4e806b63,0,0
2692,74,128,64,7fc12345,quaternion,quaternion,0,0,0,0,2048,2048,7fc12345,7fc12345,0,0
2693,74,128,64,ff854321,quaternion,quaternion,0,0,0,0,2048,2048,ffc54321,ffc54321,0,0
2694,74,64,128,00000000,quaternion,quaternion,0,0,0,0,2048,2048,f6bcb354,f6bcb354,0,0
2695,74,64,128,80000000,quaternion,quaternion,0,0,0,0,2048,2048,f6bcb354,f6bcb354,0,0
2696,74,64,128,3f000000,quaternion,quaternion,0,0,0,0,2048,2048,f6bcb354,f6bcb354,0,0
2697,74,64,128,3f800000,quaternion,quaternion,0,0,0,0,2048,2048,f6bcb354,f6bcb354,0,0
2698,74,64,128,7fc12345,quaternion,quaternion,0,0,0,0,2048,2048,7fc12345,7fc12345,0,0
2699,74,64,128,ff854321,quaternion,quaternion,0,0,0,0,2048,2048,ffc54321,ffc54321,0,0
2700,75,64,256,00000000,quaternion,quaternion,0,0,0,0,2048,2048,ff800000,ff800000,0,0
2701,75,64,256,80000000,quaternion,quaternion,0,0,0,0,2048,2048,ff800000,ff800000,0,0
2702,75,64,256,3f000000,quaternion,quaternion,0,0,0,0,2048,2048,ff800000,ff800000,0,0
2703,75,64,256,3f800000,quaternion,quaternion,0,0,0,0,2048,2048,ff800000,ff800000,0,0
2704,75,64,256,7fc12345,quaternion,quaternion,0,0,0,0,2048,2048,7fc12345,7fc12345,0,0
2705,75,64,256,ff854321,quaternion,quaternion,0,0,0,0,2048,2048,ffc54321,ffc54321,0,0
2706,75,64,64,00000000,quaternion,quaternion,0,0,0,0,2048,2048,7f800000,7f800000,0,0
2707,75,64,64,80000000,quaternion,quaternion,0,0,0,0,2048,2048,7f800000,7f800000,0,0
2708,75,64,64,3f000000,quaternion,quaternion,0,0,0,0,2048,2048,7f800000,7f800000,0,0
2709,75,64,64,3f800000,quaternion,quaternion,0,0,0,0,2048,2048,7f800000,7f800000,0,0
2710,75,64,64,7fc12345,quaternion,quaternion,0,0,0,0,2048,2048,7fc12345,7fc12345,0,0
2711,75,64,64,ff854321,quaternion,quaternion,0,0,0,0,2048,2048,ffc54321,ffc54321,0,0
2712,75,64,48,00000000,quaternion,quaternion,0,0,0,0,2048,2048,7e6fa9c1,7e6fa9c1,0,0
2713,75,64,48,80000000,quaternion,quaternion,0,0,0,0,2048,2048,7f800000,7f800000,0,0
2714,75,64,48,3f000000,quaternion,quaternion,0,0,0,0,2048,2048,7f800000,7f800000,0,0
2715,75,64,48,3f800000,quaternion,quaternion,0,0,0,0,2048,2048,7e6fa9c1,7e6fa9c1,0,0
2716,75,64,48,7fc12345,quaternion,quaternion,0,0,0,0,2048,2048,7fc12345,7fc12345,0,0
2717,75,64,48,ff854321,quaternion,quaternion,0,0,0,0,2048,2048,ffc54321,ffc54321,0,0
2718,75,64,80,00000000,quaternion,quaternion,0,0,0,0,2048,2048,f6a7ba8f,f6a7ba8f,0,0
2719,75,64,80,80000000,quaternion,quaternion,0,0,0,0,2048,2048,f908fb46,f908fb46,0,0
2720,75,64,80,3f000000,quaternion,quaternion,0,0,0,0,2048,2048,f88e391b,f88e391b,0,0
2721,75,64,80,3f800000,quaternion,quaternion,0,0,0,0,2048,2048,f6a7ba8f,f6a7ba8f,0,0
2722,75,64,80,7fc12345,quaternion,quaternion,0,0,0,0,2048,2048,7fc12345,7fc12345,0,0
2723,75,64,80,ff854321,quaternion,quaternion,0,0,0,0,2048,2048,ffc54321,ffc54321,0,0
2724,75,128,64,00000000,quaternion,quaternion,0,0,0,0,2048,2048,7f800000,7f800000,0,0
2725,75,128,64,80000000,quaternion,quaternion,0,0,0,0,2048,2048,7f800000,7f800000,0,0
2726,75,128,64,3f000000,quaternion,quaternion,0,0,0,0,2048,2048,7f800000,7f800000,0,0
2727,75,128,64,3f800000,quaternion,quaternion,0,0,0,0,2048,2048,7f800000,7f800000,0,0
2728,75,128,64,7fc12345,quaternion,quaternion,0,0,0,0,2048,2048,7fc12345,7fc12345,0,0
2729,75,128,64,ff854321,quaternion,quaternion,0,0,0,0,2048,2048,ffc54321,ffc54321,0,0
2730,75,64,128,00000000,quaternion,quaternion,0,0,0,0,2048,2048,ff800000,ff800000,0,0
2731,75,64,128,80000000,quaternion,quaternion,0,0,0,0,2048,2048,ff800000,ff800000,0,0
2732,75,64,128,3f000000,quaternion,quaternion,0,0,0,0,2048,2048,ff800000,ff800000,0,0
2733,75,64,128,3f800000,quaternion,quaternion,0,0,0,0,2048,2048,ff800000,ff800000,0,0
2734,75,64,128,7fc12345,quaternion,quaternion,0,0,0,0,2048,2048,7fc12345,7fc12345,0,0
2735,75,64,128,ff854321,quaternion,quaternion,0,0,0,0,2048,2048,ffc54321,ffc54321,0,0
2736,76,64,256,00000000,quaternion,quaternion,0,0,0,0,2048,2048,737f67d4,737f67d4,0,0
2737,76,64,256,80000000,quaternion,quaternion,0,0,0,0,2048,2048,737f67d4,737f67d4,0,0
2738,76,64,256,3f000000,quaternion,quaternion,0,0,0,0,2048,2048,737f67d4,737f67d4,0,0
2739,76,64,256,3f800000,quaternion,quaternion,0,0,0,0,2048,2048,737f67d4,737f67d4,0,0
2740,76,64,256,7fc12345,quaternion,quaternion,0,0,0,0,2048,2048,7fc12345,7fc12345,0,0
2741,76,64,256,ff854321,quaternion,quaternion,0,0,0,0,2048,2048,ffc54321,ffc54321,0,0
2742,76,64,64,00000000,quaternion,quaternion,0,0,0,0,2048,2048,f608ca15,f608ca15,0,0
2743,76,64,64,80000000,quaternion,quaternion,0,0,0,0,2048,2048,f608ca15,f608ca15,0,0
2744,76,64,64,3f000000,quaternion,quaternion,0,0,0,0,2048,2048,f608ca15,f608ca15,0,0
2745,76,64,64,3f800000,quaternion,quaternion,0,0,0,0,2048,2048,f608ca15,f608ca15,0,0
2746,76,64,64,7fc12345,quaternion,quaternion,0,0,0,0,2048,2048,7fc12345,7fc12345,0,0
2747,76,64,64,ff854321,quaternion,quaternion,0,0,0,0,2048,2048,ffc54321,ffc54321,0,0
2748,76,64,48,00000000,quaternion,quaternion,0,0,0,0,2048,2048,ff800000,ff800000,0,0
2749,76,64,48,80000000,quaternion,quaternion,0,0,0,0,2048,2048,ff800000,ff800000,0,0
2750,76,64,48,3f000000,quaternion,quaternion,0,0,0,0,2048,2048,ff800000,ff800000,0,0
2751,76,64,48,3f800000,quaternion,quaternion,0,0,0,0,2048,2048,ff800000,ff800000,0,0
2752,76,64,48,7fc12345,quaternion,quaternion,0,0,0,0,2048,2048,7fc12345,7fc12345,0,0
2753,76,64,48,ff854321,quaternion,quaternion,0,0,0,0,2048,2048,ffc54321,ffc54321,0,0
2754,76,64,80,00000000,quaternion,quaternion,0,0,0,0,2048,2048,ff800000,ff800000,0,0
2755,76,64,80,80000000,quaternion,quaternion,0,0,0,0,2048,2048,ff800000,ff800000,0,0
2756,76,64,80,3f000000,quaternion,quaternion,0,0,0,0,2048,2048,ff800000,ff800000,0,0
2757,76,64,80,3f800000,quaternion,quaternion,0,0,0,0,2048,2048,ff800000,ff800000,0,0
2758,76,64,80,7fc12345,quaternion,quaternion,0,0,0,0,2048,2048,7fc12345,7fc12345,0,0
2759,76,64,80,ff854321,quaternion,quaternion,0,0,0,0,2048,2048,ffc54321,ffc54321,0,0
2760,76,128,64,00000000,quaternion,quaternion,0,0,0,0,2048,2048,f608ca15,f608ca15,0,0
2761,76,128,64,80000000,quaternion,quaternion,0,0,0,0,2048,2048,f608ca15,f608ca15,0,0
2762,76,128,64,3f000000,quaternion,quaternion,0,0,0,0,2048,2048,f608ca15,f608ca15,0,0
2763,76,128,64,3f800000,quaternion,quaternion,0,0,0,0,2048,2048,f608ca15,f608ca15,0,0
2764,76,128,64,7fc12345,quaternion,quaternion,0,0,0,0,2048,2048,7fc12345,7fc12345,0,0
2765,76,128,64,ff854321,quaternion,quaternion,0,0,0,0,2048,2048,ffc54321,ffc54321,0,0
2766,76,64,128,00000000,quaternion,quaternion,0,0,0,0,2048,2048,ff800000,ff800000,0,0
2767,76,64,128,80000000,quaternion,quaternion,0,0,0,0,2048,2048,ff800000,ff800000,0,0
2768,76,64,128,3f000000,quaternion,quaternion,0,0,0,0,2048,2048,ff800000,ff800000,0,0
2769,76,64,128,3f800000,quaternion,quaternion,0,0,0,0,2048,2048,ff800000,ff800000,0,0
2770,76,64,128,7fc12345,quaternion,quaternion,0,0,0,0,2048,2048,7fc12345,7fc12345,0,0
2771,76,64,128,ff854321,quaternion,quaternion,0,0,0,0,2048,2048,ffc54321,ffc54321,0,0
2772,77,64,256,00000000,quaternion,quaternion,0,0,0,0,2048,2048,252c9a31,252c9a31,0,0
2773,77,64,256,80000000,quaternion,quaternion,0,0,0,0,2048,2048,2ee488bf,2ee488bf,0,0
2774,77,64,256,3f000000,quaternion,quaternion,0,0,0,0,2048,2048,2e6488d4,2e6488d4,0,0
2775,77,64,256,3f800000,quaternion,quaternion,0,0,0,0,2048,2048,252c9a31,252c9a31,0,0
2776,77,64,256,7fc12345,quaternion,quaternion,0,0,0,0,2048,2048,7fc12345,7fc12345,0,0
2777,77,64,256,ff854321,quaternion,quaternion,0,0,0,0,2048,2048,ffc54321,ffc54321,0,0
2778,77,64,64,00000000,quaternion,quaternion,0,0,0,0,2048,2048,a4fc1030,a4fc1030,0,0
2779,77,64,64,80000000,quaternion,quaternion,0,0,0,0,2048,2048,aea6df49,aea6df49,0,0
2780,77,64,64,3f000000,quaternion,quaternion,0,0,0,0,2048,2048,ae26df59,ae26df59,0,0
2781,77,64,64,3f800000,quaternion,quaternion,0,0,0,0,2048,2048,a4fc1030,a4fc1030,0,0
2782,77,64,64,7fc12345,quaternion,quaternion,0,0,0,0,2048,2048,7fc12345,7fc12345,0,0
2783,77,64,64,ff854321,quaternion,quaternion,0,0,0,0,2048,2048,ffc54321,ffc54321,0,0
2784,77,64,48,00000000,quaternion,quaternion,0,0,0,0,2048,2048,71b40ab2,71b40ab2,0,0
2785,77,64,48,80000000,quaternion,quaternion,0,0,0,0,2048,2048,7b6e6268,7b6e6268,0,0
2786,77,64,48,3f000000,quaternion,quaternion,0,0,0,0,2048,2048,7aee627e,7aee627e,0,0
2787,77,64,48,3f800000,quaternion,quaternion,0,0,0,0,2048,2048,71b40ab2,71b40ab2,0,0
2788,77,64,48,7fc12345,quaternion,quaternion,0,0,0,0,2048,2048,7fc12345,7fc12345,0,0
2789,77,64,48,ff854321,quaternion,quaternion,0,0,0,0,2048,2048,ffc54321,ffc54321,0,0
2790,77,64,80,00000000,quaternion,quaternion,0,0,0,0,2048,2048,35065af5,35065af5,0,0
2791,77,64,80,80000000,quaternion,quaternion,0,0,0,0,2048,2048,3eb1e4a8,3eb1e4a8,0,0
2792,77,64,80,3f000000,quaternion,quaternion,0,0,0,0,2048,2048,3e31e4b9,3e31e4b9,0,0
2793,77,64,80,3f800000,quaternion,quaternion,0,0,0,0,2048,2048,35065af5,35065af5,0,0
2794,77,64,80,7fc12345,quaternion,quaternion,0,0,0,0,2048,2048,7fc12345,7fc12345,0,0
2795,77,64,80,ff854321,quaternion,quaternion,0,0,0,0,2048,2048,ffc54321,ffc54321,0,0
2796,77,128,64,00000000,quaternion,quaternion,0,0,0,0,2048,2048,a4fc1030,a4fc1030,0,0
2797,77,128,64,80000000,quaternion,quaternion,0,0,0,0,2048,2048,aea6df49,aea6df49,0,0
2798,77,128,64,3f000000,quaternion,quaternion,0,0,0,0,2048,2048,ae26df59,ae26df59,0,0
2799,77,128,64,3f800000,quaternion,quaternion,0,0,0,0,2048,2048,a4fc1030,a4fc1030,0,0
2800,77,128,64,7fc12345,quaternion,quaternion,0,0,0,0,2048,2048,7fc12345,7fc12345,0,0
2801,77,128,64,ff854321,quaternion,quaternion,0,0,0,0,2048,2048,ffc54321,ffc54321,0,0
2802,77,64,128,00000000,quaternion,quaternion,0,0,0,0,2048,2048,422debf1,422debf1,0,0
2803,77,64,128,80000000,quaternion,quaternion,0,0,0,0,2048,2048,4be647f2,4be647f2,0,0
2804,77,64,128,3f000000,quaternion,quaternion,0,0,0,0,2048,2048,4b664807,4b664807,0,0
2805,77,64,128,3f800000,quaternion,quaternion,0,0,0,0,2048,2048,422debf1,422debf1,0,0
2806,77,64,128,7fc12345,quaternion,quaternion,0,0,0,0,2048,2048,7fc12345,7fc12345,0,0
2807,77,64,128,ff854321,quaternion,quaternion,0,0,0,0,2048,2048,ffc54321,ffc54321,0,0
2808,78,64,256,00000000,quaternion,quaternion,0,0,0,0,2048,2048,ad5fe2da,ad5fe2da,0,0
2809,78,64,256,80000000,quaternion,quaternion,0,0,0,0,2048,2048,ad5fe2da,ad5fe2da,0,0
2810,78,64,256,3f000000,quaternion,quaternion,0,0,0,0,2048,2048,ad5fe2da,ad5fe2da,0,0
2811,78,64,256,3f800000,quaternion,quaternion,0,0,0,0,2048,2048,ad5fe2da,ad5fe2da,0,0
2812,78,64,256,7fc12345,quaternion,quaternion,0,0,0,0,2048,2048,7fc12345,7fc12345,0,0
2813,78,64,256,ff854321,quaternion,quaternion,0,0,0,0,2048,2048,ffc54321,ffc54321,0,0
2814,78,64,64,00000000,quaternion,quaternion,0,0,0,0,2048,2048,6efee751,6efee751,0,0
2815,78,64,64,80000000,quaternion,quaternion,0,0,0,0,2048,2048,6efee751,6efee751,0,0
2816,78,64,64,3f000000,quaternion,quaternion,0,0,0,0,2048,2048,6efee751,6efee751,0,0
2817,78,64,64,3f800000,quaternion,quaternion,0,0,0,0,2048,2048,6efee751,6efee751,0,0
2818,78,64,64,7fc12345,quaternion,quaternion,0,0,0,0,2048,2048,7fc12345,7fc12345,0,0
2819,78,64,64,ff854321,quaternion,quaternion,0,0,0,0,2048,2048,ffc54321,ffc54321,0,0
2820,78,64,48,00000000,quaternion,quaternion,0,0,0,0,2048,2048,2093dd1c,2093dd1c,0,0
2821,78,64,48,80000000,quaternion,quaternion,0,0,0,0,2048,2048,2093dd1c,2093dd1c,0,0
2822,78,64,48,3f000000,quaternion,quaternion,0,0,0,0,2048,2048,2093dd1c,2093dd1c,0,0
2823,78,64,48,3f800000,quaternion,quaternion,0,0,0,0,2048,2048,2093dd1c,2093dd1c,0,0
2824,78,64,48,7fc12345,quaternion,quaternion,0,0,0,0,2048,2048,7fc12345,7fc12345,0,0
2825,78,64,48,ff854321,quaternion,quaternion,0,0,0,0,2048,2048,ffc54321,ffc54321,0,0
2826,78,64,80,00000000,quaternion,quaternion,0,0,0,0,2048,2048,af3bdf88,af3bdf88,0,0
2827,78,64,80,80000000,quaternion,quaternion,0,0,0,0,2048,2048,af3bdf88,af3bdf88,0,0
2828,78,64,80,3f000000,quaternion,quaternion,0,0,0,0,2048,2048,af3bdf88,af3bdf88,0,0
2829,78,64,80,3f800000,quaternion,quaternion,0,0,0,0,2048,2048,af3bdf88,af3bdf88,0,0
2830,78,64,80,7fc12345,quaternion,quaternion,0,0,0,0,2048,2048,7fc12345,7fc12345,0,0
2831,78,64,80,ff854321,quaternion,quaternion,0,0,0,0,2048,2048,ffc54321,ffc54321,0,0
2832,78,128,64,00000000,quaternion,quaternion,0,0,0,0,2048,2048,6efee751,6efee751,0,0
2833,78,128,64,80000000,quaternion,quaternion,0,0,0,0,2048,2048,6efee751,6efee751,0,0
2834,78,128,64,3f000000,quaternion,quaternion,0,0,0,0,2048,2048,6efee751,6efee751,0,0
2835,78,128,64,3f800000,quaternion,quaternion,0,0,0,0,2048,2048,6efee751,6efee751,0,0
2836,78,128,64,7fc12345,quaternion,quaternion,0,0,0,0,2048,2048,7fc12345,7fc12345,0,0
2837,78,128,64,ff854321,quaternion,quaternion,0,0,0,0,2048,2048,ffc54321,ffc54321,0,0
2838,78,64,128,00000000,quaternion,quaternion,0,0,0,0,2048,2048,3adc9c6a,3adc9c6a,0,0
2839,78,64,128,80000000,quaternion,quaternion,0,0,0,0,2048,2048,3adc9c6a,3adc9c6a,0,0
2840,78,64,128,3f000000,quaternion,quaternion,0,0,0,0,2048,2048,3adc9c6a,3adc9c6a,0,0
2841,78,64,128,3f800000,quaternion,quaternion,0,0,0,0,2048,2048,3adc9c6a,3adc9c6a,0,0
2842,78,64,128,7fc12345,quaternion,quaternion,0,0,0,0,2048,2048,7fc12345,7fc12345,0,0
2843,78,64,128,ff854321,quaternion,quaternion,0,0,0,0,2048,2048,ffc54321,ffc54321,0,0
2844,79,64,256,00000000,quaternion,quaternion,0,0,0,0,2048,2048,ff800000,ff800000,0,0
2845,79,64,256,80000000,quaternion,quaternion,0,0,0,0,2048,2048,7f800000,7f800000,0,0
2846,79,64,256,3f000000,quaternion,quaternion,0,0,0,0,2048,2048,7f800000,7f800000,0,0
2847,79,64,256,3f800000,quaternion,quaternion,0,0,0,0,2048,2048,ff800000,ff800000,0,0
2848,79,64,256,7fc12345,quaternion,quaternion,0,0,0,0,2048,2048,7fc12345,7fc12345,0,0
2849,79,64,256,ff854321,quaternion,quaternion,0,0,0,0,2048,2048,ffc54321,ffc54321,0,0
2850,79,64,64,00000000,quaternion,quaternion,0,0,0,0,2048,2048,3eec295d,3eec295d,0,0
2851,79,64,64,80000000,quaternion,quaternion,0,0,0,0,2048,2048,e1ae5e70,e1ae5e70,0,0
2852,79,64,64,3f000000,quaternion,quaternion,0,0,0,0,2048,2048,e12e5e70,e12e5e70,0,0
2853,79,64,64,3f800000,quaternion,quaternion,0,0,0,0,2048,2048,3eec295d,3eec295d,0,0
2854,79,64,64,7fc12345,quaternion,quaternion,0,0,0,0,2048,2048,7fc12345,7fc12345,0,0
2855,79,64,64,ff854321,quaternion,quaternion,0,0,0,0,2048,2048,ffc54321,ffc54321,0,0
2856,79,64,48,00000000,quaternion,quaternion,0,0,0,0,2048,2048,c6612c3c,c6612c3c,0,0
2857,79,64,48,80000000,quaternion,quaternion,0,0,0,0,2048,2048,69264160,69264160,0,0
2858,79,64,48,3f000000,quaternion,quaternion,0,0,0,0,2048,2048,68a64160,68a64160,0,0
2859,79,64,48,3f800000,quaternion,quaternion,0,0,0,0,2048,2048,c6612c3c,c6612c3c,0,0
2860,79,64,48,7fc12345,quaternion,quaternion,0,0,0,0,2048,2048,7fc12345,7fc12345,0,0
2861,79,64,48,ff854321,quaternion,quaternion,0,0,0,0,2048,2048,ffc54321,ffc54321,0,0
2862,79,64,80,00000000,quaternion,quaternion,0,0,0,0,2048,2048,3aecdb79,3aecdb79,0,0
2863,79,64,80,80000000,quaternion,quaternion,0,0,0,0,2048,2048,ddaee1f1,ddaee1f1,0,0
2864,79,64,80,3f000000,quaternion,quaternion,0,0,0,0,2048,2048,dd2ee1f1,dd2ee1f1,0,0
2865,79,64,80,3f800000,quaternion,quaternion,0,0,0,0,2048,2048,3aecdb79,3aecdb79,0,0
2866,79,64,80,7fc12345,quaternion,quaternion,0,0,0,0,2048,2048,7fc12345,7fc12345,0,0
2867,79,64,80,ff854321,quaternion,quaternion,0,0,0,0,2048,2048,ffc54321,ffc54321,0,0
2868,79,128,64,00000000,quaternion,quaternion,0,0,0,0,2048,2048,3eec295d,3eec295d,0,0
2869,79,128,64,80000000,quaternion,quaternion,0,0,0,0,2048,2048,e1ae5e70,e1ae5e70,0,0
2870,79,128,64,3f000000,quaternion,quaternion,0,0,0,0,2048,2048,e12e5e70,e12e5e70,0,0
2871,79,128,64,3f800000,quaternion,quaternion,0,0,0,0,2048,2048,3eec295d,3eec295d,0,0
2872,79,128,64,7fc12345,quaternion,quaternion,0,0,0,0,2048,2048,7fc12345,7fc12345,0,0
2873,79,128,64,ff854321,quaternion,quaternion,0,0,0,0,2048,2048,ffc54321,ffc54321,0,0
2874,79,64,128,00000000,quaternion,quaternion,0,0,0,0,2048,2048,7f800000,7f800000,0,0
2875,79,64,128,80000000,quaternion,quaternion,0,0,0,0,2048,2048,ff800000,ff800000,0,0
2876,79,64,128,3f000000,quaternion,quaternion,0,0,0,0,2048,2048,ff800000,ff800000,0,0
2877,79,64,128,3f800000,quaternion,quaternion,0,0,0,0,2048,2048,7f800000,7f800000,0,0
2878,79,64,128,7fc12345,quaternion,quaternion,0,0,0,0,2048,2048,7fc12345,7fc12345,0,0
2879,79,64,128,ff854321,quaternion,quaternion,0,0,0,0,2048,2048,ffc54321,ffc54321,0,0
2880,80,64,256,00000000,quaternion,quaternion,0,0,0,0,2048,2048,596a000c,596a000c,0,0
2881,80,64,256,80000000,quaternion,quaternion,0,0,0,0,2048,2048,e5b26a3b,e5b26a3b,0,0
2882,80,64,256,3f000000,quaternion,quaternion,0,0,0,0,2048,2048,e5326a3b,e5326a3b,0,0
2883,80,64,256,3f800000,quaternion,quaternion,0,0,0,0,2048,2048,596a000c,596a000c,0,0
2884,80,64,256,7fc12345,quaternion,quaternion,0,0,0,0,2048,2048,7fc12345,7fc12345,0,0
2885,80,64,256,ff854321,quaternion,quaternion,0,0,0,0,2048,2048,ffc54321,ffc54321,0,0
2886,80,64,64,00000000,quaternion,quaternion,0,0,0,0,2048,2048,7f800000,7f800000,0,0
2887,80,64,64,80000000,quaternion,quaternion,0,0,0,0,2048,2048,ff800000,ff800000,0,0
2888,80,64,64,3f000000,quaternion,quaternion,0,0,0,0,2048,2048,ff800000,ff800000,0,0
2889,80,64,64,3f800000,quaternion,quaternion,0,0,0,0,2048,2048,7f800000,7f800000,0,0
2890,80,64,64,7fc12345,quaternion,quaternion,0,0,0,0,2048,2048,7fc12345,7fc12345,0,0
2891,80,64,64,ff854321,quaternion,quaternion,0,0,0,0,2048,2048,ffc54321,ffc54321,0,0
2892,80,64,48,00000000,quaternion,quaternion,0,0,0,0,2048,2048,ff800000,ff800000,0,0
2893,80,64,48,80000000,quaternion,quaternion,0,0,0,0,2048,2048,7f800000,7f800000,0,0
2894,80,64,48,3f000000,quaternion,quaternion,0,0,0,0,2048,2048,7f800000,7f800000,0,0
2895,80,64,48,3f800000,quaternion,quaternion,0,0,0,0,2048,2048,ff800000,ff800000,0,0
2896,80,64,48,7fc12345,quaternion,quaternion,0,0,0,0,2048,2048,7fc12345,7fc12345,0,0
2897,80,64,48,ff854321,quaternion,quaternion,0,0,0,0,2048,2048,ffc54321,ffc54321,0,0
2898,80,64,80,00000000,quaternion,quaternion,0,0,0,0,2048,2048,ff800000,ff800000,0,0
2899,80,64,80,80000000,quaternion,quaternion,0,0,0,0,2048,2048,7f800000,7f800000,0,0
2900,80,64,80,3f000000,quaternion,quaternion,0,0,0,0,2048,2048,7f800000,7f800000,0,0
2901,80,64,80,3f800000,quaternion,quaternion,0,0,0,0,2048,2048,ff800000,ff800000,0,0
2902,80,64,80,7fc12345,quaternion,quaternion,0,0,0,0,2048,2048,7fc12345,7fc12345,0,0
2903,80,64,80,ff854321,quaternion,quaternion,0,0,0,0,2048,2048,ffc54321,ffc54321,0,0
2904,80,128,64,00000000,quaternion,quaternion,0,0,0,0,2048,2048,7f800000,7f800000,0,0
2905,80,128,64,80000000,quaternion,quaternion,0,0,0,0,2048,2048,ff800000,ff800000,0,0
2906,80,128,64,3f000000,quaternion,quaternion,0,0,0,0,2048,2048,ff800000,ff800000,0,0
2907,80,128,64,3f800000,quaternion,quaternion,0,0,0,0,2048,2048,7f800000,7f800000,0,0
2908,80,128,64,7fc12345,quaternion,quaternion,0,0,0,0,2048,2048,7fc12345,7fc12345,0,0
2909,80,128,64,ff854321,quaternion,quaternion,0,0,0,0,2048,2048,ffc54321,ffc54321,0,0
2910,80,64,128,00000000,quaternion,quaternion,0,0,0,0,2048,2048,ff800000,ff800000,0,0
2911,80,64,128,80000000,quaternion,quaternion,0,0,0,0,2048,2048,7f800000,7f800000,0,0
2912,80,64,128,3f000000,quaternion,quaternion,0,0,0,0,2048,2048,7f800000,7f800000,0,0
2913,80,64,128,3f800000,quaternion,quaternion,0,0,0,0,2048,2048,ff800000,ff800000,0,0
2914,80,64,128,7fc12345,quaternion,quaternion,0,0,0,0,2048,2048,7fc12345,7fc12345,0,0
2915,80,64,128,ff854321,quaternion,quaternion,0,0,0,0,2048,2048,ffc54321,ffc54321,0,0
2916,81,64,256,00000000,quaternion,quaternion,0,0,0,0,2048,2048,5dcd19db,5dcd19db,0,0
2917,81,64,256,80000000,quaternion,quaternion,0,0,0,0,2048,2048,5dcd19db,5dcd19db,0,0
2918,81,64,256,3f000000,quaternion,quaternion,0,0,0,0,2048,2048,5dcd19db,5dcd19db,0,0
2919,81,64,256,3f800000,quaternion,quaternion,0,0,0,0,2048,2048,5dcd19db,5dcd19db,0,0
2920,81,64,256,7fc12345,quaternion,quaternion,0,0,0,0,2048,2048,7fc12345,7fc12345,0,0
2921,81,64,256,ff854321,quaternion,quaternion,0,0,0,0,2048,2048,ffc54321,ffc54321,0,0
2922,81,64,64,00000000,quaternion,quaternion,0,0,0,0,2048,2048,d8a24ea4,d8a24ea4,0,0
2923,81,64,64,80000000,quaternion,quaternion,0,0,0,0,2048,2048,d8a24ea4,d8a24ea4,0,0
2924,81,64,64,3f000000,quaternion,quaternion,0,0,0,0,2048,2048,d8a24ea4,d8a24ea4,0,0
2925,81,64,64,3f800000,quaternion,quaternion,0,0,0,0,2048,2048,d8a24ea4,d8a24ea4,0,0
2926,81,64,64,7fc12345,quaternion,quaternion,0,0,0,0,2048,2048,7fc12345,7fc12345,0,0
2927,81,64,64,ff854321,quaternion,quaternion,0,0,0,0,2048,2048,ffc54321,ffc54321,0,0
2928,81,64,48,00000000,quaternion,quaternion,0,0,0,0,2048,2048,3f4a25bd,3f4a25bd,0,0
2929,81,64,48,80000000,quaternion,quaternion,0,0,0,0,2048,2048,3f4a25bd,3f4a25bd,0,0
2930,81,64,48,3f000000,quaternion,quaternion,0,0,0,0,2048,2048,3f4a25bd,3f4a25bd,0,0
2931,81,64,48,3f800000,quaternion,quaternion,0,0,0,0,2048,2048,3f4a25bd,3f4a25bd,0,0
2932,81,64,48,7fc12345,quaternion,quaternion,0,0,0,0,2048,2048,7fc12345,7fc12345,0,0
2933,81,64,48,ff854321,quaternion,quaternion,0,0,0,0,2048,2048,ffc54321,ffc54321,0,0
2934,81,64,80,00000000,quaternion,quaternion,0,0,0,0,2048,2048,f7325888,f7325888,0,0
2935,81,64,80,80000000,quaternion,quaternion,0,0,0,0,2048,2048,f7325888,f7325888,0,0
2936,81,64,80,3f000000,quaternion,quaternion,0,0,0,0,2048,2048,f7325888,f7325888,0,0
2937,81,64,80,3f800000,quaternion,quaternion,0,0,0,0,2048,2048,f7325888,f7325888,0,0
2938,81,64,80,7fc12345,quaternion,quaternion,0,0,0,0,2048,2048,7fc12345,7fc12345,0,0
2939,81,64,80,ff854321,quaternion,quaternion,0,0,0,0,2048,2048,ffc54321,ffc54321,0,0
2940,81,128,64,00000000,quaternion,quaternion,0,0,0,0,2048,2048,d8a24ea4,d8a24ea4,0,0
2941,81,128,64,80000000,quaternion,quaternion,0,0,0,0,2048,2048,d8a24ea4,d8a24ea4,0,0
2942,81,128,64,3f000000,quaternion,quaternion,0,0,0,0,2048,2048,d8a24ea4,d8a24ea4,0,0
2943,81,128,64,3f800000,quaternion,quaternion,0,0,0,0,2048,2048,d8a24ea4,d8a24ea4,0,0
2944,81,128,64,7fc12345,quaternion,quaternion,0,0,0,0,2048,2048,7fc12345,7fc12345,0,0
2945,81,128,64,ff854321,quaternion,quaternion,0,0,0,0,2048,2048,ffc54321,ffc54321,0,0
2946,81,64,128,00000000,quaternion,quaternion,0,0,0,0,2048,2048,480cd0ec,480cd0ec,0,0
2947,81,64,128,80000000,quaternion,quaternion,0,0,0,0,2048,2048,480cd0ec,480cd0ec,0,0
2948,81,64,128,3f000000,quaternion,quaternion,0,0,0,0,2048,2048,480cd0ec,480cd0ec,0,0
2949,81,64,128,3f800000,quaternion,quaternion,0,0,0,0,2048,2048,480cd0ec,480cd0ec,0,0
2950,81,64,128,7fc12345,quaternion,quaternion,0,0,0,0,2048,2048,7fc12345,7fc12345,0,0
2951,81,64,128,ff854321,quaternion,quaternion,0,0,0,0,2048,2048,ffc54321,ffc54321,0,0
2952,82,64,256,00000000,quaternion,quaternion,0,0,0,0,2048,2048,d0d11c26,d0d11c26,0,0
2953,82,64,256,80000000,quaternion,quaternion,0,0,0,0,2048,2048,f22fde65,f22fde65,0,0
2954,82,64,256,3f000000,quaternion,quaternion,0,0,0,0,2048,2048,f1afde65,f1afde65,0,0
2955,82,64,256,3f800000,quaternion,quaternion,0,0,0,0,2048,2048,d0d11c26,d0d11c26,0,0
2956,82,64,256,7fc12345,quaternion,quaternion,0,0,0,0,2048,2048,7fc12345,7fc12345,0,0
2957,82,64,256,ff854321,quaternion,quaternion,0,0,0,0,2048,2048,ffc54321,ffc54321,0,0
2958,82,64,64,00000000,quaternion,quaternion,0,0,0,0,2048,2048,343e1b39,343e1b39,0,0
2959,82,64,64,80000000,quaternion,quaternion,0,0,0,0,2048,2048,559fe2d3,559fe2d3,0,0
2960,82,64,64,3f000000,quaternion,quaternion,0,0,0,0,2048,2048,551fe2d3,551fe2d3,0,0
2961,82,64,64,3f800000,quaternion,quaternion,0,0,0,0,2048,2048,343e1b39,343e1b39,0,0
2962,82,64,64,7fc12345,quaternion,quaternion,0,0,0,0,2048,2048,7fc12345,7fc12345,0,0
2963,82,64,64,ff854321,quaternion,quaternion,0,0,0,0,2048,2048,ffc54321,ffc54321,0,0
2964,82,64,48,00000000,quaternion,quaternion,0,0,0,0,2048,2048,a0af5248,a0af5248,0,0
2965,82,64,48,80000000,quaternion,quaternion,0,0,0,0,2048,2048,c213738e,c213738e,0,0
2966,82,64,48,3f000000,quaternion,quaternion,0,0,0,0,2048,2048,c193738e,c193738e,0,0
2967,82,64,48,3f800000,quaternion,quaternion,0,0,0,0,2048,2048,a0af5248,a0af5248,0,0
2968,82,64,48,7fc12345,quaternion,quaternion,0,0,0,0,2048,2048,7fc12345,7fc12345,0,0
2969,82,64,48,ff854321,quaternion,quaternion,0,0,0,0,2048,2048,ffc54321,ffc54321,0,0
2970,82,64,80,00000000,quaternion,quaternion,0,0,0,0,2048,2048,61a60929,61a60929,0,0
2971,82,64,80,80000000,quaternion,quaternion,0,0,0,0,2048,2048,7f800000,7f800000,0,0
2972,82,64,80,3f000000,quaternion,quaternion,0,0,0,0,2048,2048,7f800000,7f800000,0,0
2973,82,64,80,3f800000,quaternion,quaternion,0,0,0,0,2048,2048,61a60929,61a60929,0,0
2974,82,64,80,7fc12345,quaternion,quaternion,0,0,0,0,2048,2048,7fc12345,7fc12345,0,0
2975,82,64,80,ff854321,quaternion,quaternion,0,0,0,0,2048,2048,ffc54321,ffc54321,0,0
2976,82,128,64,00000000,quaternion,quaternion,0,0,0,0,2048,2048,343e1b39,343e1b39,0,0
2977,82,128,64,80000000,quaternion,quaternion,0,0,0,0,2048,2048,559fe2d3,559fe2d3,0,0
2978,82,128,64,3f000000,quaternion,quaternion,0,0,0,0,2048,2048,551fe2d3,551fe2d3,0,0
2979,82,128,64,3f800000,quaternion,quaternion,0,0,0,0,2048,2048,343e1b39,343e1b39,0,0
2980,82,128,64,7fc12345,quaternion,quaternion,0,0,0,0,2048,2048,7fc12345,7fc12345,0,0
2981,82,128,64,ff854321,quaternion,quaternion,0,0,0,0,2048,2048,ffc54321,ffc54321,0,0
2982,82,64,128,00000000,quaternion,quaternion,0,0,0,0,2048,2048,30fda777,30fda777,0,0
2983,82,64,128,80000000,quaternion,quaternion,0,0,0,0,2048,2048,525554fb,525554fb,0,0
2984,82,64,128,3f000000,quaternion,quaternion,0,0,0,0,2048,2048,51d554fb,51d554fb,0,0
2985,82,64,128,3f800000,quaternion,quaternion,0,0,0,0,2048,2048,30fda777,30fda777,0,0
2986,82,64,128,7fc12345,quaternion,quaternion,0,0,0,0,2048,2048,7fc12345,7fc12345,0,0
2987,82,64,128,ff854321,quaternion,quaternion,0,0,0,0,2048,2048,ffc54321,ffc54321,0,0
2988,83,64,256,00000000,quaternion,quaternion,0,0,0,0,2048,2048,d5730af3,d5730af3,0,0
2989,83,64,256,80000000,quaternion,quaternion,0,0,0,0,2048,2048,d5730af3,d5730af3,0,0
2990,83,64,256,3f000000,quaternion,quaternion,0,0,0,0,2048,2048,d5730af3,d5730af3,0,0
2991,83,64,256,3f800000,quaternion,quaternion,0,0,0,0,2048,2048,d5730af3,d5730af3,0,0
2992,83,64,256,7fc12345,quaternion,quaternion,0,0,0,0,2048,2048,7fc12345,7fc12345,0,0
2993,83,64,256,ff854321,quaternion,quaternion,0,0,0,0,2048,2048,ffc54321,ffc54321,0,0
2994,83,64,64,00000000,quaternion,quaternion,0,0,0,0,2048,2048,c7580fe3,c7580fe3,0,0
2995,83,64,64,80000000,quaternion,quaternion,0,0,0,0,2048,2048,c7580fe3,c7580fe3,0,0
2996,83,64,64,3f000000,quaternion,quaternion,0,0,0,0,2048,2048,c7580fe3,c7580fe3,0,0
2997,83,64,64,3f800000,quaternion,quaternion,0,0,0,0,2048,2048,c7580fe3,c7580fe3,0,0
2998,83,64,64,7fc12345,quaternion,quaternion,0,0,0,0,2048,2048,7fc12345,7fc12345,0,0
2999,83,64,64,ff854321,quaternion,quaternion,0,0,0,0,2048,2048,ffc54321,ffc54321,0,0
3000,83,64,48,00000000,quaternion,quaternion,0,0,0,0,2048,2048,f2c9c8b4,f2c9c8b4,0,0
3001,83,64,48,80000000,quaternion,quaternion,0,0,0,0,2048,2048,f2c9c8b4,f2c9c8b4,0,0
3002,83,64,48,3f000000,quaternion,quaternion,0,0,0,0,2048,2048,f2c9c8b4,f2c9c8b4,0,0
3003,83,64,48,3f800000,quaternion,quaternion,0,0,0,0,2048,2048,f2c9c8b4,f2c9c8b4,0,0
3004,83,64,48,7fc12345,quaternion,quaternion,0,0,0,0,2048,2048,7fc12345,7fc12345,0,0
3005,83,64,48,ff854321,quaternion,quaternion,0,0,0,0,2048,2048,ffc54321,ffc54321,0,0
3006,83,64,80,00000000,quaternion,quaternion,0,0,0,0,2048,2048,f0d19e8c,f0d19e8c,0,0
3007,83,64,80,80000000,quaternion,quaternion,0,0,0,0,2048,2048,f0d19e8c,f0d19e8c,0,0
3008,83,64,80,3f000000,quaternion,quaternion,0,0,0,0,2048,2048,f0d19e8c,f0d19e8c,0,0
3009,83,64,80,3f800000,quaternion,quaternion,0,0,0,0,2048,2048,f0d19e8c,f0d19e8c,0,0
3010,83,64,80,7fc12345,quaternion,quaternion,0,0,0,0,2048,2048,7fc12345,7fc12345,0,0
3011,83,64,80,ff854321,quaternion,quaternion,0,0,0,0,2048,2048,ffc54321,ffc54321,0,0
3012,83,128,64,00000000,quaternion,quaternion,0,0,0,0,2048,2048,c7580fe3,c7580fe3,0,0
3013,83,128,64,80000000,quaternion,quaternion,0,0,0,0,2048,2048,c7580fe3,c7580fe3,0,0
3014,83,128,64,3f000000,quaternion,quaternion,0,0,0,0,2048,2048,c7580fe3,c7580fe3,0,0
3015,83,128,64,3f800000,quaternion,quaternion,0,0,0,0,2048,2048,c7580fe3,c7580fe3,0,0
3016,83,128,64,7fc12345,quaternion,quaternion,0,0,0,0,2048,2048,7fc12345,7fc12345,0,0
3017,83,128,64,ff854321,quaternion,quaternion,0,0,0,0,2048,2048,ffc54321,ffc54321,0,0
3018,83,64,128,00000000,quaternion,quaternion,0,0,0,0,2048,2048,7fd48421,7fd48421,0,0
3019,83,64,128,80000000,quaternion,quaternion,0,0,0,0,2048,2048,7fd48421,7fd48421,0,0
3020,83,64,128,3f000000,quaternion,quaternion,0,0,0,0,2048,2048,7fd48421,7fd48421,0,0
3021,83,64,128,3f800000,quaternion,quaternion,0,0,0,0,2048,2048,7fd48421,7fd48421,0,0
3022,83,64,128,7fc12345,quaternion,quaternion,0,0,0,0,2048,2048,7fd48421,7fd48421,0,0
3023,83,64,128,ff854321,quaternion,quaternion,0,0,0,0,2048,2048,7fd48421,7fd48421,0,0
3024,84,64,256,00000000,quaternion,quaternion,0,0,0,0,2048,2048,664d3e74,664d3e74,0,0
3025,84,64,256,80000000,quaternion,quaternion,0,0,0,0,2048,2048,7f800000,7f800000,0,0
3026,84,64,256,3f000000,quaternion,quaternion,0,0,0,0,2048,2048,7f800000,7f800000,0,0
3027,84,64,256,3f800000,quaternion,quaternion,0,0,0,0,2048,2048,664d3e74,664d3e74,0,0
3028,84,64,256,7fc12345,quaternion,quaternion,0,0,0,0,2048,2048,7fc12345,7fc12345,0,0
3029,84,64,256,ff854321,quaternion,quaternion,0,0,0,0,2048,2048,ffc54321,ffc54321,0,0
3030,84,64,64,00000000,quaternion,quaternion,0,0,0,0,2048,2048,56dcb469,56dcb469,0,0
3031,84,64,64,80000000,quaternion,quaternion,0,0,0,0,2048,2048,7f800000,7f800000,0,0
3032,84,64,64,3f000000,quaternion,quaternion,0,0,0,0,2048,2048,7f1de5da,7f1de5da,0,0
3033,84,64,64,3f800000,quaternion,quaternion,0,0,0,0,2048,2048,56dcb469,56dcb469,0,0
3034,84,64,64,7fc12345,quaternion,quaternion,0,0,0,0,2048,2048,7fc12345,7fc12345,0,0
3035,84,64,64,ff854321,quaternion,quaternion,0,0,0,0,2048,2048,ffc54321,ffc54321,0,0
3036,84,64,48,00000000,quaternion,quaternion,0,0,0,0,2048,2048,c0d0d23d,c0d0d23d,0,0
3037,84,64,48,80000000,quaternion,quaternion,0,0,0,0,2048,2048,e9956567,e9956567,0,0
3038,84,64,48,3f000000,quaternion,quaternion,0,0,0,0,2048,2048,e9156567,e9156567,0,0
3039,84,64,48,3f800000,quaternion,quaternion,0,0,0,0,2048,2048,c0d0d23d,c0d0d23d,0,0
3040,84,64,48,7fc12345,quaternion,quaternion,0,0,0,0,2048,2048,7fc12345,7fc12345,0,0
3041,84,64,48,ff854321,quaternion,quaternion,0,0,0,0,2048,2048,ffc54321,ffc54321,0,0
3042,84,64,80,00000000,quaternion,quaternion,0,0,0,0,2048,2048,75be4dd4,75be4dd4,0,0
3043,84,64,80,80000000,quaternion,quaternion,0,0,0,0,2048,2048,7f800000,7f800000,0,0
3044,84,64,80,3f000000,quaternion,quaternion,0,0,0,0,2048,2048,7f800000,7f800000,0,0
3045,84,64,80,3f800000,quaternion,quaternion,0,0,0,0,2048,2048,75be4dd4,75be4dd4,0,0
3046,84,64,80,7fc12345,quaternion,quaternion,0,0,0,0,2048,2048,7fc12345,7fc12345,0,0
3047,84,64,80,ff854321,quaternion,quaternion,0,0,0,0,2048,2048,ffc54321,ffc54321,0,0
3048,84,128,64,00000000,quaternion,quaternion,0,0,0,0,2048,2048,56dcb469,56dcb469,0,0
3049,84,128,64,80000000,quaternion,quaternion,0,0,0,0,2048,2048,7f800000,7f800000,0,0
3050,84,128,64,3f000000,quaternion,quaternion,0,0,0,0,2048,2048,7f1de5da,7f1de5da,0,0
3051,84,128,64,3f800000,quaternion,quaternion,0,0,0,0,2048,2048,56dcb469,56dcb469,0,0
3052,84,128,64,7fc12345,quaternion,quaternion,0,0,0,0,2048,2048,7fc12345,7fc12345,0,0
3053,84,128,64,ff854321,quaternion,quaternion,0,0,0,0,2048,2048,ffc54321,ffc54321,0,0
3054,84,64,128,00000000,quaternion,quaternion,0,0,0,0,2048,2048,7f800000,7f800000,0,0
3055,84,64,128,80000000,quaternion,quaternion,0,0,0,0,2048,2048,7f800000,7f800000,0,0
3056,84,64,128,3f000000,quaternion,quaternion,0,0,0,0,2048,2048,7f800000,7f800000,0,0
3057,84,64,128,3f800000,quaternion,quaternion,0,0,0,0,2048,2048,7f800000,7f800000,0,0
3058,84,64,128,7fc12345,quaternion,quaternion,0,0,0,0,2048,2048,7fc12345,7fc12345,0,0
3059,84,64,128,ff854321,quaternion,quaternion,0,0,0,0,2048,2048,ffc54321,ffc54321,0,0
3060,85,64,256,00000000,quaternion,quaternion,0,0,0,0,2048,2048,f0fcca17,f0fcca17,0,0
3061,85,64,256,80000000,quaternion,quaternion,0,0,0,0,2048,2048,f0fcca17,f0fcca17,0,0
3062,85,64,256,3f000000,quaternion,quaternion,0,0,0,0,2048,2048,f0fcca17,f0fcca17,0,0
3063,85,64,256,3f800000,quaternion,quaternion,0,0,0,0,2048,2048,f0fcca17,f0fcca17,0,0
3064,85,64,256,7fc12345,quaternion,quaternion,0,0,0,0,2048,2048,7fc12345,7fc12345,0,0
3065,85,64,256,ff854321,quaternion,quaternion,0,0,0,0,2048,2048,ffc54321,ffc54321,0,0
3066,85,64,64,00000000,quaternion,quaternion,0,0,0,0,2048,2048,f8dcc296,f8dcc296,0,0
3067,85,64,64,80000000,quaternion,quaternion,0,0,0,0,2048,2048,f8dcc296,f8dcc296,0,0
3068,85,64,64,3f000000,quaternion,quaternion,0,0,0,0,2048,2048,f8dcc296,f8dcc296,0,0
3069,85,64,64,3f800000,quaternion,quaternion,0,0,0,0,2048,2048,f8dcc296,f8dcc296,0,0
3070,85,64,64,7fc12345,quaternion,quaternion,0,0,0,0,2048,2048,7fc12345,7fc12345,0,0
3071,85,64,64,ff854321,quaternion,quaternion,0,0,0,0,2048,2048,ffc54321,ffc54321,0,0
3072,85,64,48,00000000,quaternion,quaternion,0,0,0,0,2048,2048,d3c70e74,d3c70e74,0,0
3073,85,64,48,80000000,quaternion,quaternion,0,0,0,0,2048,2048,d3c70e74,d3c70e74,0,0
3074,85,64,48,3f000000,quaternion,quaternion,0,0,0,0,2048,2048,d3c70e74,d3c70e74,0,0
3075,85,64,48,3f800000,quaternion,quaternion,0,0,0,0,2048,2048,d3c70e74,d3c70e74,0,0
3076,85,64,48,7fc12345,quaternion,quaternion,0,0,0,0,2048,2048,7fc12345,7fc12345,0,0
3077,85,64,48,ff854321,quaternion,quaternion,0,0,0,0,2048,2048,ffc54321,ffc54321,0,0
3078,85,64,80,00000000,quaternion,quaternion,0,0,0,0,2048,2048,39525cbd,39525cbd,0,0
3079,85,64,80,80000000,quaternion,quaternion,0,0,0,0,2048,2048,39525cbd,39525cbd,0,0
3080,85,64,80,3f000000,quaternion,quaternion,0,0,0,0,2048,2048,39525cbd,39525cbd,0,0
3081,85,64,80,3f800000,quaternion,quaternion,0,0,0,0,2048,2048,39525cbd,39525cbd,0,0
3082,85,64,80,7fc12345,quaternion,quaternion,0,0,0,0,2048,2048,7fc12345,7fc12345,0,0
3083,85,64,80,ff854321,quaternion,quaternion,0,0,0,0,2048,2048,ffc54321,ffc54321,0,0
3084,85,128,64,00000000,quaternion,quaternion,0,0,0,0,2048,2048,f8dcc296,f8dcc296,0,0
3085,85,128,64,80000000,quaternion,quaternion,0,0,0,0,2048,2048,f8dcc296,f8dcc296,0,0
3086,85,128,64,3f000000,quaternion,quaternion,0,0,0,0,2048,2048,f8dcc296,f8dcc296,0,0
3087,85,128,64,3f800000,quaternion,quaternion,0,0,0,0,2048,2048,f8dcc296,f8dcc296,0,0
3088,85,128,64,7fc12345,quaternion,quaternion,0,0,0,0,2048,2048,7fc12345,7fc12345,0,0
3089,85,128,64,ff854321,quaternion,quaternion,0,0,0,0,2048,2048,ffc54321,ffc54321,0,0
3090,85,64,128,00000000,quaternion,quaternion,0,0,0,0,2048,2048,87b7405e,87b7405e,0,0
3091,85,64,128,80000000,quaternion,quaternion,0,0,0,0,2048,2048,87b7405e,87b7405e,0,0
3092,85,64,128,3f000000,quaternion,quaternion,0,0,0,0,2048,2048,87b7405e,87b7405e,0,0
3093,85,64,128,3f800000,quaternion,quaternion,0,0,0,0,2048,2048,87b7405e,87b7405e,0,0
3094,85,64,128,7fc12345,quaternion,quaternion,0,0,0,0,2048,2048,7fc12345,7fc12345,0,0
3095,85,64,128,ff854321,quaternion,quaternion,0,0,0,0,2048,2048,ffc54321,ffc54321,0,0
3096,86,64,256,00000000,quaternion,quaternion,0,0,0,0,2048,2048,7ce6367e,7ce6367e,0,0
3097,86,64,256,80000000,quaternion,quaternion,0,0,0,0,2048,2048,ff800000,ff800000,0,0
3098,86,64,256,3f000000,quaternion,quaternion,0,0,0,0,2048,2048,ff800000,ff800000,0,0
3099,86,64,256,3f800000,quaternion,quaternion,0,0,0,0,2048,2048,7ce6367e,7ce6367e,0,0
3100,86,64,256,7fc12345,quaternion,quaternion,0,0,0,0,2048,2048,7fc12345,7fc12345,0,0
3101,86,64,256,ff854321,quaternion,quaternion,0,0,0,0,2048,2048,ffc54321,ffc54321,0,0
3102,86,64,64,00000000,quaternion,quaternion,0,0,0,0,2048,2048,32de35f7,32de35f7,0,0
3103,86,64,64,80000000,quaternion,quaternion,0,0,0,0,2048,2048,b68ceaed,b68ceaed,0,0
3104,86,64,64,3f000000,quaternion,quaternion,0,0,0,0,2048,2048,b60c0cb7,b60c0cb7,0,0
3105,86,64,64,3f800000,quaternion,quaternion,0,0,0,0,2048,2048,32de35f7,32de35f7,0,0
3106,86,64,64,7fc12345,quaternion,quaternion,0,0,0,0,2048,2048,7fc12345,7fc12345,0,0
3107,86,64,64,ff854321,quaternion,quaternion,0,0,0,0,2048,2048,ffc54321,ffc54321,0,0
3108,86,64,48,00000000,quaternion,quaternion,0,0,0,0,2048,2048,da9ff2d0,da9ff2d0,0,0
3109,86,64,48,80000000,quaternion,quaternion,0,0,0,0,2048,2048,5e4addd6,5e4addd6,0,0
3110,86,64,48,3f000000,quaternion,quaternion,0,0,0,0,2048,2048,5dc99df0,5dc99df0,0,0
3111,86,64,48,3f800000,quaternion,quaternion,0,0,0,0,2048,2048,da9ff2d0,da9ff2d0,0,0
3112,86,64,48,7fc12345,quaternion,quaternion,0,0,0,0,2048,2048,7fc12345,7fc12345,0,0
3113,86,64,48,ff854321,quaternion,quaternion,0,0,0,0,2048,2048,ffc54321,ffc54321,0,0
3114,86,64,80,00000000,quaternion,quaternion,0,0,0,0,2048,2048,5f316c69,5f316c69,0,0
3115,86,64,80,80000000,quaternion,quaternion,0,0,0,0,2048,2048,e2e107cf,e2e107cf,0,0
3116,86,64,80,3f000000,quaternion,quaternion,0,0,0,0,2048,2048,e25fa4f6,e25fa4f6,0,0
3117,86,64,80,3f800000,quaternion,quaternion,0,0,0,0,2048,2048,5f316c69,5f316c69,0,0
3118,86,64,80,7fc12345,quaternion,quaternion,0,0,0,0,2048,2048,7fc12345,7fc12345,0,0
3119,86,64,80,ff854321,quaternion,quaternion,0,0,0,0,2048,2048,ffc54321,ffc54321,0,0
3120,86,128,64,00000000,quaternion,quaternion,0,0,0,0,2048,2048,32de35f7,32de35f7,0,0
3121,86,128,64,80000000,quaternion,quaternion,0,0,0,0,2048,2048,b68ceaed,b68ceaed,0,0
3122,86,128,64,3f000000,quaternion,quaternion,0,0,0,0,2048,2048,b60c0cb7,b60c0cb7,0,0
3123,86,128,64,3f800000,quaternion,quaternion,0,0,0,0,2048,2048,32de35f7,32de35f7,0,0
3124,86,128,64,7fc12345,quaternion,quaternion,0,0,0,0,2048,2048,7fc12345,7fc12345,0,0
3125,86,128,64,ff854321,quaternion,quaternion,0,0,0,0,2048,2048,ffc54321,ffc54321,0,0
3126,86,64,128,00000000,quaternion,quaternion,0,0,0,0,2048,2048,fc9d8849,fc9d8849,0,0
3127,86,64,128,80000000,quaternion,quaternion,0,0,0,0,2048,2048,7f800000,7f800000,0,0
3128,86,64,128,3f000000,quaternion,quaternion,0,0,0,0,2048,2048,7f800000,7f800000,0,0
3129,86,64,128,3f800000,quaternion,quaternion,0,0,0,0,2048,2048,fc9d8849,fc9d8849,0,0
3130,86,64,128,7fc12345,quaternion,quaternion,0,0,0,0,2048,2048,7fc12345,7fc12345,0,0
3131,86,64,128,ff854321,quaternion,quaternion,0,0,0,0,2048,2048,ffc54321,ffc54321,0,0
3132,87,64,256,00000000,quaternion,quaternion,0,0,0,0,2048,2048,f0c5d067,f0c5d067,0,0
3133,87,64,256,80000000,quaternion,quaternion,0,0,0,0,2048,2048,f0c5d067,f0c5d067,0,0
3134,87,64,256,3f000000,quaternion,quaternion,0,0,0,0,2048,2048,f0c5d067,f0c5d067,0,0
3135,87,64,256,3f800000,quaternion,quaternion,0,0,0,0,2048,2048,f0c5d067,f0c5d067,0,0
3136,87,64,256,7fc12345,quaternion,quaternion,0,0,0,0,2048,2048,7fc12345,7fc12345,0,0
3137,87,64,256,ff854321,quaternion,quaternion,0,0,0,0,2048,2048,ffc54321,ffc54321,0,0
3138,87,64,64,00000000,quaternion,quaternion,0,0,0,0,2048,2048,ff800000,ff800000,0,0
3139,87,64,64,80000000,quaternion,quaternion,0,0,0,0,2048,2048,ff800000,ff800000,0,0
3140,87,64,64,3f000000,quaternion,quaternion,0,0,0,0,2048,2048,ff800000,ff800000,0,0
3141,87,64,64,3f800000,quaternion,quaternion,0,0,0,0,2048,2048,ff800000,ff800000,0,0
3142,87,64,64,7fc12345,quaternion,quaternion,0,0,0,0,2048,2048,7fc12345,7fc12345,0,0
3143,87,64,64,ff854321,quaternion,quaternion,0,0,0,0,2048,2048,ffc54321,ffc54321,0,0
3144,87,64,48,00000000,quaternion,quaternion,0,0,0,0,2048,2048,7f800000,7f800000,0,0
3145,87,64,48,80000000,quaternion,quaternion,0,0,0,0,2048,2048,7f800000,7f800000,0,0
3146,87,64,48,3f000000,quaternion,quaternion,0,0,0,0,2048,2048,7f800000,7f800000,0,0
3147,87,64,48,3f800000,quaternion,quaternion,0,0,0,0,2048,2048,7f800000,7f800000,0,0
3148,87,64,48,7fc12345,quaternion,quaternion,0,0,0,0,2048,2048,7fc12345,7fc12345,0,0
3149,87,64,48,ff854321,quaternion,quaternion,0,0,0,0,2048,2048,ffc54321,ffc54321,0,0
3150,87,64,80,00000000,quaternion,quaternion,0,0,0,0,2048,2048,ff800000,ff800000,0,0
3151,87,64,80,80000000,quaternion,quaternion,0,0,0,0,2048,2048,ff800000,ff800000,0,0
3152,87,64,80,3f000000,quaternion,quaternion,0,0,0,0,2048,2048,ff800000,ff800000,0,0
3153,87,64,80,3f800000,quaternion,quaternion,0,0,0,0,2048,2048,ff800000,ff800000,0,0
3154,87,64,80,7fc12345,quaternion,quaternion,0,0,0,0,2048,2048,7fc12345,7fc12345,0,0
3155,87,64,80,ff854321,quaternion,quaternion,0,0,0,0,2048,2048,ffc54321,ffc54321,0,0
3156,87,128,64,00000000,quaternion,quaternion,0,0,0,0,2048,2048,ff800000,ff800000,0,0
3157,87,128,64,80000000,quaternion,quaternion,0,0,0,0,2048,2048,ff800000,ff800000,0,0
3158,87,128,64,3f000000,quaternion,quaternion,0,0,0,0,2048,2048,ff800000,ff800000,0,0
3159,87,128,64,3f800000,quaternion,quaternion,0,0,0,0,2048,2048,ff800000,ff800000,0,0
3160,87,128,64,7fc12345,quaternion,quaternion,0,0,0,0,2048,2048,7fc12345,7fc12345,0,0
3161,87,128,64,ff854321,quaternion,quaternion,0,0,0,0,2048,2048,ffc54321,ffc54321,0,0
3162,87,64,128,00000000,quaternion,quaternion,0,0,0,0,2048,2048,ff800000,ff800000,0,0
3163,87,64,128,80000000,quaternion,quaternion,0,0,0,0,2048,2048,ff800000,ff800000,0,0
3164,87,64,128,3f000000,quaternion,quaternion,0,0,0,0,2048,2048,ff800000,ff800000,0,0
3165,87,64,128,3f800000,quaternion,quaternion,0,0,0,0,2048,2048,ff800000,ff800000,0,0
3166,87,64,128,7fc12345,quaternion,quaternion,0,0,0,0,2048,2048,7fc12345,7fc12345,0,0
3167,87,64,128,ff854321,quaternion,quaternion,0,0,0,0,2048,2048,ffc54321,ffc54321,0,0
3168,88,64,256,00000000,quaternion,quaternion,0,0,0,0,2048,2048,ff800000,ff800000,0,0
3169,88,64,256,80000000,quaternion,quaternion,0,0,0,0,2048,2048,ff800000,ff800000,0,0
3170,88,64,256,3f000000,quaternion,quaternion,0,0,0,0,2048,2048,ff800000,ff800000,0,0
3171,88,64,256,3f800000,quaternion,quaternion,0,0,0,0,2048,2048,ff800000,ff800000,0,0
3172,88,64,256,7fc12345,quaternion,quaternion,0,0,0,0,2048,2048,7fc12345,7fc12345,0,0
3173,88,64,256,ff854321,quaternion,quaternion,0,0,0,0,2048,2048,ffc54321,ffc54321,0,0
3174,88,64,64,00000000,quaternion,quaternion,0,0,0,0,2048,2048,7f800000,7f800000,0,0
3175,88,64,64,80000000,quaternion,quaternion,0,0,0,0,2048,2048,7f800000,7f800000,0,0
3176,88,64,64,3f000000,quaternion,quaternion,0,0,0,0,2048,2048,7f800000,7f800000,0,0
3177,88,64,64,3f800000,quaternion,quaternion,0,0,0,0,2048,2048,7f800000,7f800000,0,0
3178,88,64,64,7fc12345,quaternion,quaternion,0,0,0,0,2048,2048,7fc12345,7fc12345,0,0
3179,88,64,64,ff854321,quaternion,quaternion,0,0,0,0,2048,2048,ffc54321,ffc54321,0,0
3180,88,64,48,00000000,quaternion,quaternion,0,0,0,0,2048,2048,ff800000,ff800000,0,0
3181,88,64,48,80000000,quaternion,quaternion,0,0,0,0,2048,2048,ff800000,ff800000,0,0
3182,88,64,48,3f000000,quaternion,quaternion,0,0,0,0,2048,2048,ff800000,ff800000,0,0
3183,88,64,48,3f800000,quaternion,quaternion,0,0,0,0,2048,2048,ff800000,ff800000,0,0
3184,88,64,48,7fc12345,quaternion,quaternion,0,0,0,0,2048,2048,7fc12345,7fc12345,0,0
3185,88,64,48,ff854321,quaternion,quaternion,0,0,0,0,2048,2048,ffc54321,ffc54321,0,0
3186,88,64,80,00000000,quaternion,quaternion,0,0,0,0,2048,2048,c0cd46d6,c0cd46d6,0,0
3187,88,64,80,80000000,quaternion,quaternion,0,0,0,0,2048,2048,ebfe812c,ebfe812c,0,0
3188,88,64,80,3f000000,quaternion,quaternion,0,0,0,0,2048,2048,eb7e812c,eb7e812c,0,0
3189,88,64,80,3f800000,quaternion,quaternion,0,0,0,0,2048,2048,c0cd46d6,c0cd46d6,0,0
3190,88,64,80,7fc12345,quaternion,quaternion,0,0,0,0,2048,2048,7fc12345,7fc12345,0,0
3191,88,64,80,ff854321,quaternion,quaternion,0,0,0,0,2048,2048,ffc54321,ffc54321,0,0
3192,88,128,64,00000000,quaternion,quaternion,0,0,0,0,2048,2048,7f800000,7f800000,0,0
3193,88,128,64,80000000,quaternion,quaternion,0,0,0,0,2048,2048,7f800000,7f800000,0,0
3194,88,128,64,3f000000,quaternion,quaternion,0,0,0,0,2048,2048,7f800000,7f800000,0,0
3195,88,128,64,3f800000,quaternion,quaternion,0,0,0,0,2048,2048,7f800000,7f800000,0,0
3196,88,128,64,7fc12345,quaternion,quaternion,0,0,0,0,2048,2048,7fc12345,7fc12345,0,0
3197,88,128,64,ff854321,quaternion,quaternion,0,0,0,0,2048,2048,ffc54321,ffc54321,0,0
3198,88,64,128,00000000,quaternion,quaternion,0,0,0,0,2048,2048,bd485493,bd485493,0,0
3199,88,64,128,80000000,quaternion,quaternion,0,0,0,0,2048,2048,e8785f3e,e8785f3e,0,0
3200,88,64,128,3f000000,quaternion,quaternion,0,0,0,0,2048,2048,e7f85f3e,e7f85f3e,0,0
3201,88,64,128,3f800000,quaternion,quaternion,0,0,0,0,2048,2048,bd485493,bd485493,0,0
3202,88,64,128,7fc12345,quaternion,quaternion,0,0,0,0,2048,2048,7fc12345,7fc12345,0,0
3203,88,64,128,ff854321,quaternion,quaternion,0,0,0,0,2048,2048,ffc54321,ffc54321,0,0
3204,89,64,256,00000000,quaternion,quaternion,0,0,0,0,2048,2048,aaedd23c,aaedd23c,0,0
3205,89,64,256,80000000,quaternion,quaternion,0,0,0,0,2048,2048,aaedd23c,aaedd23c,0,0
3206,89,64,256,3f000000,quaternion,quaternion,0,0,0,0,2048,2048,aaedd23c,aaedd23c,0,0
3207,89,64,256,3f800000,quaternion,quaternion,0,0,0,0,2048,2048,aaedd23c,aaedd23c,0,0
3208,89,64,256,7fc12345,quaternion,quaternion,0,0,0,0,2048,2048,7fc12345,7fc12345,0,0
3209,89,64,256,ff854321,quaternion,quaternion,0,0,0,0,2048,2048,ffc54321,ffc54321,0,0
3210,89,64,64,00000000,quaternion,quaternion,0,0,0,0,2048,2048,776d5d39,776d5d39,0,0
3211,89,64,64,80000000,quaternion,quaternion,0,0,0,0,2048,2048,776d5d39,776d5d39,0,0
3212,89,64,64,3f000000,quaternion,quaternion,0,0,0,0,2048,2048,776d5d39,776d5d39,0,0
3213,89,64,64,3f800000,quaternion,quaternion,0,0,0,0,2048,2048,776d5d39,776d5d39,0,0
3214,89,64,64,7fc12345,quaternion,quaternion,0,0,0,0,2048,2048,7fc12345,7fc12345,0,0
3215,89,64,64,ff854321,quaternion,quaternion,0,0,0,0,2048,2048,ffc54321,ffc54321,0,0
3216,89,64,48,00000000,quaternion,quaternion,0,0,0,0,2048,2048,4f3fc711,4f3fc711,0,0
3217,89,64,48,80000000,quaternion,quaternion,0,0,0,0,2048,2048,4f3fc711,4f3fc711,0,0
3218,89,64,48,3f000000,quaternion,quaternion,0,0,0,0,2048,2048,4f3fc711,4f3fc711,0,0
3219,89,64,48,3f800000,quaternion,quaternion,0,0,0,0,2048,2048,4f3fc711,4f3fc711,0,0
3220,89,64,48,7fc12345,quaternion,quaternion,0,0,0,0,2048,2048,7fc12345,7fc12345,0,0
3221,89,64,48,ff854321,quaternion,quaternion,0,0,0,0,2048,2048,ffc54321,ffc54321,0,0
3222,89,64,80,00000000,quaternion,quaternion,0,0,0,0,2048,2048,2fadfc7b,2fadfc7b,0,0
3223,89,64,80,80000000,quaternion,quaternion,0,0,0,0,2048,2048,2fadfc7b,2fadfc7b,0,0
3224,89,64,80,3f000000,quaternion,quaternion,0,0,0,0,2048,2048,2fadfc7b,2fadfc7b,0,0
3225,89,64,80,3f800000,quaternion,quaternion,0,0,0,0,2048,2048,2fadfc7b,2fadfc7b,0,0
3226,89,64,80,7fc12345,quaternion,quaternion,0,0,0,0,2048,2048,7fc12345,7fc12345,0,0
3227,89,64,80,ff854321,quaternion,quaternion,0,0,0,0,2048,2048,ffc54321,ffc54321,0,0
3228,89,128,64,00000000,quaternion,quaternion,0,0,0,0,2048,2048,776d5d39,776d5d39,0,0
3229,89,128,64,80000000,quaternion,quaternion,0,0,0,0,2048,2048,776d5d39,776d5d39,0,0
3230,89,128,64,3f000000,quaternion,quaternion,0,0,0,0,2048,2048,776d5d39,776d5d39,0,0
3231,89,128,64,3f800000,quaternion,quaternion,0,0,0,0,2048,2048,776d5d39,776d5d39,0,0
3232,89,128,64,7fc12345,quaternion,quaternion,0,0,0,0,2048,2048,7fc12345,7fc12345,0,0
3233,89,128,64,ff854321,quaternion,quaternion,0,0,0,0,2048,2048,ffc54321,ffc54321,0,0
3234,89,64,128,00000000,quaternion,quaternion,0,0,0,0,2048,2048,4cf28e29,4cf28e29,0,0
3235,89,64,128,80000000,quaternion,quaternion,0,0,0,0,2048,2048,4cf28e29,4cf28e29,0,0
3236,89,64,128,3f000000,quaternion,quaternion,0,0,0,0,2048,2048,4cf28e29,4cf28e29,0,0
3237,89,64,128,3f800000,quaternion,quaternion,0,0,0,0,2048,2048,4cf28e29,4cf28e29,0,0
3238,89,64,128,7fc12345,quaternion,quaternion,0,0,0,0,2048,2048,7fc12345,7fc12345,0,0
3239,89,64,128,ff854321,quaternion,quaternion,0,0,0,0,2048,2048,ffc54321,ffc54321,0,0
3240,90,64,256,00000000,quaternion,quaternion,0,0,0,0,2048,2048,1c64c6b5,1c64c6b5,0,0
3241,90,64,256,80000000,quaternion,quaternion,0,0,0,0,2048,2048,9e69c74c,9e69c74c,0,0
3242,90,64,256,3f000000,quaternion,quaternion,0,0,0,0,2048,2048,9ddb7ae1,9ddb7ae1,0,0
3243,90,64,256,3f800000,quaternion,quaternion,0,0,0,0,2048,2048,1c64c6b5,1c64c6b5,0,0
3244,90,64,256,7fc12345,quaternion,quaternion,0,0,0,0,2048,2048,7fc12345,7fc12345,0,0
3245,90,64,256,ff854321,quaternion,quaternion,0,0,0,0,2048,2048,ffc54321,ffc54321,0,0
3246,90,64,64,00000000,quaternion,quaternion,0,0,0,0,2048,2048,60bbddee,60bbddee,0,0
3247,90,64,64,80000000,quaternion,quaternion,0,0,0,0,2048,2048,e2bff987,e2bff987,0,0
3248,90,64,64,3f000000,quaternion,quaternion,0,0,0,0,2048,2048,e2343ba8,e2343ba8,0,0
3249,90,64,64,3f800000,quaternion,quaternion,0,0,0,0,2048,2048,60bbddee,60bbddee,0,0
3250,90,64,64,7fc12345,quaternion,quaternion,0,0,0,0,2048,2048,7fc12345,7fc12345,0,0
3251,90,64,64,ff854321,quaternion,quaternion,0,0,0,0,2048,2048,ffc54321,ffc54321,0,0
3252,90,64,48,00000000,quaternion,quaternion,0,0,0,0,2048,2048,27ac36b5,27ac36b5,0,0
3253,90,64,48,80000000,quaternion,quaternion,0,0,0,0,2048,2048,a9affaaf,a9affaaf,0,0
3254,90,64,48,3f000000,quaternion,quaternion,0,0,0,0,2048,2048,a9253744,a9253744,0,0
3255,90,64,48,3f800000,quaternion,quaternion,0,0,0,0,2048,2048,27ac36b5,27ac36b5,0,0
3256,90,64,48,7fc12345,quaternion,quaternion,0,0,0,0,2048,2048,7fc12345,7fc12345,0,0
3257,90,64,48,ff854321,quaternion,quaternion,0,0,0,0,2048,2048,ffc54321,ffc54321,0,0
3258,90,64,80,00000000,quaternion,quaternion,0,0,0,0,2048,2048,b93e6459,b93e6459,0,0
3259,90,64,80,80000000,quaternion,quaternion,0,0,0,0,2048,2048,3b428e14,3b428e14,0,0
3260,90,64,80,3f000000,quaternion,quaternion,0,0,0,0,2048,2048,3ab6a7cf,3ab6a7cf,0,0
3261,90,64,80,3f800000,quaternion,quaternion,0,0,0,0,2048,2048,b93e6459,b93e6459,0,0
3262,90,64,80,7fc12345,quaternion,quaternion,0,0,0,0,2048,2048,7fc12345,7fc12345,0,0
3263,90,64,80,ff854321,quaternion,quaternion,0,0,0,0,2048,2048,ffc54321,ffc54321,0,0
3264,90,128,64,00000000,quaternion,quaternion,0,0,0,0,2048,2048,60bbddee,60bbddee,0,0
3265,90,128,64,80000000,quaternion,quaternion,0,0,0,0,2048,2048,e2bff987,e2bff987,0,0
3266,90,128,64,3f000000,quaternion,quaternion,0,0,0,0,2048,2048,e2343ba8,e2343ba8,0,0
3267,90,128,64,3f800000,quaternion,quaternion,0,0,0,0,2048,2048,60bbddee,60bbddee,0,0
3268,90,128,64,7fc12345,quaternion,quaternion,0,0,0,0,2048,2048,7fc12345,7fc12345,0,0
3269,90,128,64,ff854321,quaternion,quaternion,0,0,0,0,2048,2048,ffc54321,ffc54321,0,0
3270,90,64,128,00000000,quaternion,quaternion,0,0,0,0,2048,2048,45e009b5,45e009b5,0,0
3271,90,64,128,80000000,quaternion,quaternion,0,0,0,0,2048,2048,c7e4efc6,c7e4efc6,0,0
3272,90,64,128,3f000000,quaternion,quaternion,0,0,0,0,2048,2048,c756ef2b,c756ef2b,0,0
3273,90,64,128,3f800000,quaternion,quaternion,0,0,0,0,2048,2048,45e009b5,45e009b5,0,0
3274,90,64,128,7fc12345,quaternion,quaternion,0,0,0,0,2048,2048,7fc12345,7fc12345,0,0
3275,90,64,128,ff854321,quaternion,quaternion,0,0,0,0,2048,2048,ffc54321,ffc54321,0,0
3276,91,64,256,00000000,quaternion,quaternion,0,0,0,0,2048,2048,799d9bc8,799d9bc8,0,0
3277,91,64,256,80000000,quaternion,quaternion,0,0,0,0,2048,2048,799d9bc8,799d9bc8,0,0
3278,91,64,256,3f000000,quaternion,quaternion,0,0,0,0,2048,2048,799d9bc8,799d9bc8,0,0
3279,91,64,256,3f800000,quaternion,quaternion,0,0,0,0,2048,2048,799d9bc8,799d9bc8,0,0
3280,91,64,256,7fc12345,quaternion,quaternion,0,0,0,0,2048,2048,7fc12345,7fc12345,0,0
3281,91,64,256,ff854321,quaternion,quaternion,0,0,0,0,2048,2048,ffc54321,ffc54321,0,0
3282,91,64,64,00000000,quaternion,quaternion,0,0,0,0,2048,2048,ef9b79b3,ef9b79b3,0,0
3283,91,64,64,80000000,quaternion,quaternion,0,0,0,0,2048,2048,ef9b79b3,ef9b79b3,0,0
3284,91,64,64,3f000000,quaternion,quaternion,0,0,0,0,2048,2048,ef9b79b3,ef9b79b3,0,0
3285,91,64,64,3f800000,quaternion,quaternion,0,0,0,0,2048,2048,ef9b79b3,ef9b79b3,0,0
3286,91,64,64,7fc12345,quaternion,quaternion,0,0,0,0,2048,2048,7fc12345,7fc12345,0,0
3287,91,64,64,ff854321,quaternion,quaternion,0,0,0,0,2048,2048,ffc54321,ffc54321,0,0
3288,91,64,48,00000000,quaternion,quaternion,0,0,0,0,2048,2048,e9b6323c,e9b6323c,0,0
3289,91,64,48,80000000,quaternion,quaternion,0,0,0,0,2048,2048,e9b6323c,e9b6323c,0,0
3290,91,64,48,3f000000,quaternion,quaternion,0,0,0,0,2048,2048,e9b6323c,e9b6323c,0,0
3291,91,64,48,3f800000,quaternion,quaternion,0,0,0,0,2048,2048,e9b6323c,e9b6323c,0,0
3292,91,64,48,7fc12345,quaternion,quaternion,0,0,0,0,2048,2048,7fc12345,7fc12345,0,0
3293,91,64,48,ff854321,quaternion,quaternion,0,0,0,0,2048,2048,ffc54321,ffc54321,0,0
3294,91,64,80,00000000,quaternion,quaternion,0,0,0,0,2048,2048,7f800000,7f800000,0,0
3295,91,64,80,80000000,quaternion,quaternion,0,0,0,0,2048,2048,7f800000,7f800000,0,0
3296,91,64,80,3f000000,quaternion,quaternion,0,0,0,0,2048,2048,7f800000,7f800000,0,0
3297,91,64,80,3f800000,quaternion,quaternion,0,0,0,0,2048,2048,7f800000,7f800000,0,0
3298,91,64,80,7fc12345,quaternion,quaternion,0,0,0,0,2048,2048,7fc12345,7fc12345,0,0
3299,91,64,80,ff854321,quaternion,quaternion,0,0,0,0,2048,2048,ffc54321,ffc54321,0,0
3300,91,128,64,00000000,quaternion,quaternion,0,0,0,0,2048,2048,ef9b79b3,ef9b79b3,0,0
3301,91,128,64,80000000,quaternion,quaternion,0,0,0,0,2048,2048,ef9b79b3,ef9b79b3,0,0
3302,91,128,64,3f000000,quaternion,quaternion,0,0,0,0,2048,2048,ef9b79b3,ef9b79b3,0,0
3303,91,128,64,3f800000,quaternion,quaternion,0,0,0,0,2048,2048,ef9b79b3,ef9b79b3,0,0
3304,91,128,64,7fc12345,quaternion,quaternion,1,1,0,0,2048,2048,7fc12345,7fc12345,0,0
3305,91,128,64,ff854321,quaternion,quaternion,1,1,0,0,2048,2048,ffc54321,ffc54321,0,0
3306,91,64,128,00000000,quaternion,quaternion,0,0,0,0,2048,2048,747d7cc9,747d7cc9,0,0
3307,91,64,128,80000000,quaternion,quaternion,0,0,0,0,2048,2048,747d7cc9,747d7cc9,0,0
3308,91,64,128,3f000000,quaternion,quaternion,0,0,0,0,2048,2048,747d7cc9,747d7cc9,0,0
3309,91,64,128,3f800000,quaternion,quaternion,0,0,0,0,2048,2048,747d7cc9,747d7cc9,0,0
3310,91,64,128,7fc12345,quaternion,quaternion,0,0,0,0,2048,2048,7fc12345,7fc12345,0,0
3311,91,64,128,ff854321,quaternion,quaternion,0,0,0,0,2048,2048,ffc54321,ffc54321,0,0
3312,92,64,256,00000000,quaternion,quaternion,0,0,0,0,2048,2048,ff800000,ff800000,0,0
3313,92,64,256,80000000,quaternion,quaternion,0,0,0,0,2048,2048,7f800000,7f800000,0,0
3314,92,64,256,3f000000,quaternion,quaternion,0,0,0,0,2048,2048,7f800000,7f800000,0,0
3315,92,64,256,3f800000,quaternion,quaternion,0,0,0,0,2048,2048,ff800000,ff800000,0,0
3316,92,64,256,7fc12345,quaternion,quaternion,0,0,0,0,2048,2048,7fc12345,7fc12345,0,0
3317,92,64,256,ff854321,quaternion,quaternion,0,0,0,0,2048,2048,ffc54321,ffc54321,0,0
3318,92,64,64,00000000,quaternion,quaternion,0,0,0,0,2048,2048,6c35bf04,6c35bf04,0,0
3319,92,64,64,80000000,quaternion,quaternion,0,0,0,0,2048,2048,f6269539,f6269539,0,0
3320,92,64,64,3f000000,quaternion,quaternion,0,0,0,0,2048,2048,f5a6952e,f5a6952e,0,0
3321,92,64,64,3f800000,quaternion,quaternion,0,0,0,0,2048,2048,6c35bf04,6c35bf04,0,0
3322,92,64,64,7fc12345,quaternion,quaternion,0,0,0,0,2048,2048,7fc12345,7fc12345,0,0
3323,92,64,64,ff854321,quaternion,quaternion,0,0,0,0,2048,2048,ffc54321,ffc54321,0,0
3324,92,64,48,00000000,quaternion,quaternion,0,0,0,0,2048,2048,47e13fec,47e13fec,0,0
3325,92,64,48,80000000,quaternion,quaternion,0,0,0,0,2048,2048,d1ce74f7,d1ce74f7,0,0
3326,92,64,48,3f000000,quaternion,quaternion,0,0,0,0,2048,2048,d14e74e9,d14e74e9,0,0
3327,92,64,48,3f800000,quaternion,quaternion,0,0,0,0,2048,2048,47e13fec,47e13fec,0,0
3328,92,64,48,7fc12345,quaternion,quaternion,0,0,0,0,2048,2048,7fc12345,7fc12345,0,0
3329,92,64,48,ff854321,quaternion,quaternion,0,0,0,0,2048,2048,ffc54321,ffc54321,0,0
3330,92,64,80,00000000,quaternion,quaternion,0,0,0,0,2048,2048,752843eb,752843eb,0,0
3331,92,64,80,80000000,quaternion,quaternion,0,0,0,0,2048,2048,ff1a3a0e,ff1a3a0e,0,0
3332,92,64,80,3f000000,quaternion,quaternion,0,0,0,0,2048,2048,fe9a3a03,fe9a3a03,0,0
3333,92,64,80,3f800000,quaternion,quaternion,0,0,0,0,2048,2048,752843eb,752843eb,0,0
3334,92,64,80,7fc12345,quaternion,quaternion,0,0,0,0,2048,2048,7fc12345,7fc12345,0,0
3335,92,64,80,ff854321,quaternion,quaternion,0,0,0,0,2048,2048,ffc54321,ffc54321,0,0
3336,92,128,64,00000000,quaternion,quaternion,0,0,0,0,2048,2048,6c35bf04,6c35bf04,0,0
3337,92,128,64,80000000,quaternion,quaternion,0,0,0,0,2048,2048,f6269539,f6269539,0,0
3338,92,128,64,3f000000,quaternion,quaternion,0,0,0,0,2048,2048,f5a6952e,f5a6952e,0,0
3339,92,128,64,3f800000,quaternion,quaternion,0,0,0,0,2048,2048,6c35bf04,6c35bf04,0,0
3340,92,128,64,7fc12345,quaternion,quaternion,0,0,0,0,2048,2048,7fc12345,7fc12345,0,0
3341,92,128,64,ff854321,quaternion,quaternion,0,0,0,0,2048,2048,ffc54321,ffc54321,0,0
3342,92,64,128,00000000,quaternion,quaternion,0,0,0,0,2048,2048,4b6570d9,4b6570d9,0,0
3343,92,64,128,80000000,quaternion,quaternion,0,0,0,0,2048,2048,d5524c60,d5524c60,0,0
3344,92,64,128,3f000000,quaternion,quaternion,0,0,0,0,2048,2048,d4d24c52,d4d24c52,0,0
3345,92,64,128,3f800000,quaternion,quaternion,0,0,0,0,2048,2048,4b6570d9,4b6570d9,0,0
3346,92,64,128,7fc12345,quaternion,quaternion,0,0,0,0,2048,2048,7fc12345,7fc12345,0,0
3347,92,64,128,ff854321,quaternion,quaternion,0,0,0,0,2048,2048,ffc54321,ffc54321,0,0
3348,93,64,256,00000000,quaternion,quaternion,0,0,0,0,2048,2048,5c81a90b,5c81a90b,0,0
3349,93,64,256,80000000,quaternion,quaternion,0,0,0,0,2048,2048,5c81a90b,5c81a90b,0,0
3350,93,64,256,3f000000,quaternion,quaternion,0,0,0,0,2048,2048,5c81a90b,5c81a90b,0,0
3351,93,64,256,3f800000,quaternion,quaternion,0,0,0,0,2048,2048,5c81a90b,5c81a90b,0,0
3352,93,64,256,7fc12345,quaternion,quaternion,0,0,0,0,2048,2048,7fc12345,7fc12345,0,0
3353,93,64,256,ff854321,quaternion,quaternion,0,0,0,0,2048,2048,ffc54321,ffc54321,0,0
3354,93,64,64,00000000,quaternion,quaternion,0,0,0,0,2048,2048,de3f1fd6,de3f1fd6,0,0
3355,93,64,64,80000000,quaternion,quaternion,0,0,0,0,2048,2048,de3f1fd6,de3f1fd6,0,0
3356,93,64,64,3f000000,quaternion,quaternion,0,0,0,0,2048,2048,de3f1fd6,de3f1fd6,0,0
3357,93,64,64,3f800000,quaternion,quaternion,0,0,0,0,2048,2048,de3f1fd6,de3f1fd6,0,0
3358,93,64,64,7fc12345,quaternion,quaternion,0,0,0,0,2048,2048,7fc12345,7fc12345,0,0
3359,93,64,64,ff854321,quaternion,quaternion,0,0,0,0,2048,2048,ffc54321,ffc54321,0,0
3360,93,64,48,00000000,quaternion,quaternion,0,0,0,0,2048,2048,54c30c7d,54c30c7d,0,0
3361,93,64,48,80000000,quaternion,quaternion,0,0,0,0,2048,2048,54c30c7d,54c30c7d,0,0
3362,93,64,48,3f000000,quaternion,quaternion,0,0,0,0,2048,2048,54c30c7d,54c30c7d,0,0
3363,93,64,48,3f800000,quaternion,quaternion,0,0,0,0,2048,2048,54c30c7d,54c30c7d,0,0
3364,93,64,48,7fc12345,quaternion,quaternion,0,0,0,0,2048,2048,7fc12345,7fc12345,0,0
3365,93,64,48,ff854321,quaternion,quaternion,0,0,0,0,2048,2048,ffc54321,ffc54321,0,0
3366,93,64,80,00000000,quaternion,quaternion,0,0,0,0,2048,2048,e21d9316,e21d9316,0,0
3367,93,64,80,80000000,quaternion,quaternion,0,0,0,0,2048,2048,e21d9316,e21d9316,0,0
3368,93,64,80,3f000000,quaternion,quaternion,0,0,0,0,2048,2048,e21d9316,e21d9316,0,0
3369,93,64,80,3f800000,quaternion,quaternion,0,0,0,0,2048,2048,e21d9316,e21d9316,0,0
3370,93,64,80,7fc12345,quaternion,quaternion,0,0,0,0,2048,2048,7fc12345,7fc12345,0,0
3371,93,64,80,ff854321,quaternion,quaternion,0,0,0,0,2048,2048,ffc54321,ffc54321,0,0
3372,93,128,64,00000000,quaternion,quaternion,0,0,0,0,2048,2048,de3f1fd6,de3f1fd6,0,0
3373,93,128,64,80000000,quaternion,quaternion,0,0,0,0,2048,2048,de3f1fd6,de3f1fd6,0,0
3374,93,128,64,3f000000,quaternion,quaternion,0,0,0,0,2048,2048,de3f1fd6,de3f1fd6,0,0
3375,93,128,64,3f800000,quaternion,quaternion,0,0,0,0,2048,2048,de3f1fd6,de3f1fd6,0,0
3376,93,128,64,7fc12345,quaternion,quaternion,0,0,0,0,2048,2048,7fc12345,7fc12345,0,0
3377,93,128,64,ff854321,quaternion,quaternion,0,0,0,0,2048,2048,ffc54321,ffc54321,0,0
3378,93,64,128,00000000,quaternion,quaternion,0,0,0,0,2048,2048,f1715112,f1715112,0,0
3379,93,64,128,80000000,quaternion,quaternion,0,0,0,0,2048,2048,f1715112,f1715112,0,0
3380,93,64,128,3f000000,quaternion,quaternion,0,0,0,0,2048,2048,f1715112,f1715112,0,0
3381,93,64,128,3f800000,quaternion,quaternion,0,0,0,0,2048,2048,f1715112,f1715112,0,0
3382,93,64,128,7fc12345,quaternion,quaternion,0,0,0,0,2048,2048,7fc12345,7fc12345,0,0
3383,93,64,128,ff854321,quaternion,quaternion,0,0,0,0,2048,2048,ffc54321,ffc54321,0,0
3384,94,64,256,00000000,quaternion,quaternion,0,0,0,0,2048,2048,d09b5562,d09b5562,0,0
3385,94,64,256,80000000,quaternion,quaternion,0,0,0,0,2048,2048,f39aa300,f39aa300,0,0
3386,94,64,256,3f000000,quaternion,quaternion,0,0,0,0,2048,2048,f31aa300,f31aa300,0,0
3387,94,64,256,3f800000,quaternion,quaternion,0,0,0,0,2048,2048,d09b5562,d09b5562,0,0
3388,94,64,256,7fc12345,quaternion,quaternion,0,0,0,0,2048,2048,7fc12345,7fc12345,0,0
3389,94,64,256,ff854321,quaternion,quaternion,0,0,0,0,2048,2048,ffc54321,ffc54321,0,0
3390,94,64,64,00000000,quaternion,quaternion,0,0,0,0,2048,2048,9d112669,9d112669,0,0
3391,94,64,64,80000000,quaternion,quaternion,0,0,0,0,2048,2048,c0107fb9,c0107fb9,0,0
3392,94,64,64,3f000000,quaternion,quaternion,0,0,0,0,2048,2048,bf907fb9,bf907fb9,0,0
3393,94,64,64,3f800000,quaternion,quaternion,0,0,0,0,2048,2048,9d112669,9d112669,0,0
3394,94,64,64,7fc12345,quaternion,quaternion,0,0,0,0,2048,2048,7fc12345,7fc12345,0,0
3395,94,64,64,ff854321,quaternion,quaternion,0,0,0,0,2048,2048,ffc54321,ffc54321,0,0
3396,94,64,48,00000000,quaternion,quaternion,0,0,0,0,2048,2048,5d9194cf,5d9194cf,0,0
3397,94,64,48,80000000,quaternion,quaternion,0,0,0,0,2048,2048,7f800000,7f800000,0,0
3398,94,64,48,3f000000,quaternion,quaternion,0,0,0,0,2048,2048,7f800000,7f800000,0,0
3399,94,64,48,3f800000,quaternion,quaternion,0,0,0,0,2048,2048,5d9194cf,5d9194cf,0,0
3400,94,64,48,7fc12345,quaternion,quaternion,0,0,0,0,2048,2048,7fc12345,7fc12345,0,0
3401,94,64,48,ff854321,quaternion,quaternion,0,0,0,0,2048,2048,ffc54321,ffc54321,0,0
3402,94,64,80,00000000,quaternion,quaternion,0,0,0,0,2048,2048,775d8ff2,775d8ff2,0,0
3403,94,64,80,80000000,quaternion,quaternion,0,0,0,0,2048,2048,7f800000,7f800000,0,0
3404,94,64,80,3f000000,quaternion,quaternion,0,0,0,0,2048,2048,7f800000,7f800000,0,0
3405,94,64,80,3f800000,quaternion,quaternion,0,0,0,0,2048,2048,775d8ff2,775d8ff2,0,0
3406,94,64,80,7fc12345,quaternion,quaternion,0,0,0,0,2048,2048,7fc12345,7fc12345,0,0
3407,94,64,80,ff854321,quaternion,quaternion,0,0,0,0,2048,2048,ffc54321,ffc54321,0,0
3408,94,128,64,00000000,quaternion,quaternion,0,0,0,0,2048,2048,9d112669,9d112669,0,0
3409,94,128,64,80000000,quaternion,quaternion,0,0,0,0,2048,2048,c0107fb9,c0107fb9,0,0
3410,94,128,64,3f000000,quaternion,quaternion,0,0,0,0,2048,2048,bf907fb9,bf907fb9,0,0
3411,94,128,64,3f800000,quaternion,quaternion,0,0,0,0,2048,2048,9d112669,9d112669,0,0
3412,94,128,64,7fc12345,quaternion,quaternion,0,0,0,0,2048,2048,7fc12345,7fc12345,0,0
3413,94,128,64,ff854321,quaternion,quaternion,0,0,0,0,2048,2048,ffc54321,ffc54321,0,0
3414,94,64,128,00000000,quaternion,quaternion,0,0,0,0,2048,2048,449c8c65,449c8c65,0,0
3415,94,64,128,80000000,quaternion,quaternion,0,0,0,0,2048,2048,679bd89e,679bd89e,0,0
3416,94,64,128,3f000000,quaternion,quaternion,0,0,0,0,2048,2048,671bd89e,671bd89e,0,0
3417,94,64,128,3f800000,quaternion,quaternion,0,0,0,0,2048,2048,449c8c65,449c8c65,0,0
3418,94,64,128,7fc12345,quaternion,quaternion,0,0,0,0,2048,2048,7fc12345,7fc12345,0,0
3419,94,64,128,ff854321,quaternion,quaternion,0,0,0,0,2048,2048,ffc54321,ffc54321,0,0
3420,95,64,256,00000000,quaternion,quaternion,0,0,0,0,2048,2048,7f800000,7f800000,0,0
3421,95,64,256,80000000,quaternion,quaternion,0,0,0,0,2048,2048,7f800000,7f800000,0,0
3422,95,64,256,3f000000,quaternion,quaternion,0,0,0,0,2048,2048,7f800000,7f800000,0,0
3423,95,64,256,3f800000,quaternion,quaternion,0,0,0,0,2048,2048,7f800000,7f800000,0,0
3424,95,64,256,7fc12345,quaternion,quaternion,0,0,0,0,2048,2048,7fc12345,7fc12345,0,0
3425,95,64,256,ff854321,quaternion,quaternion,0,0,0,0,2048,2048,ffc54321,ffc54321,0,0
3426,95,64,64,00000000,quaternion,quaternion,0,0,0,0,2048,2048,ff800000,ff800000,0,0
3427,95,64,64,80000000,quaternion,quaternion,0,0,0,0,2048,2048,ff800000,ff800000,0,0
3428,95,64,64,3f000000,quaternion,quaternion,0,0,0,0,2048,2048,ff800000,ff800000,0,0
3429,95,64,64,3f800000,quaternion,quaternion,0,0,0,0,2048,2048,ff800000,ff800000,0,0
3430,95,64,64,7fc12345,quaternion,quaternion,0,0,0,0,2048,2048,7fc12345,7fc12345,0,0
3431,95,64,64,ff854321,quaternion,quaternion,0,0,0,0,2048,2048,ffc54321,ffc54321,0,0
3432,95,64,48,00000000,quaternion,quaternion,0,0,0,0,2048,2048,7f800000,7f800000,0,0
3433,95,64,48,80000000,quaternion,quaternion,0,0,0,0,2048,2048,7f800000,7f800000,0,0
3434,95,64,48,3f000000,quaternion,quaternion,0,0,0,0,2048,2048,7f800000,7f800000,0,0
3435,95,64,48,3f800000,quaternion,quaternion,0,0,0,0,2048,2048,7f800000,7f800000,0,0
3436,95,64,48,7fc12345,quaternion,quaternion,0,0,0,0,2048,2048,7fc12345,7fc12345,0,0
3437,95,64,48,ff854321,quaternion,quaternion,0,0,0,0,2048,2048,ffc54321,ffc54321,0,0
3438,95,64,80,00000000,quaternion,quaternion,0,0,0,0,2048,2048,ead0fdf0,ead0fdf0,0,0
3439,95,64,80,80000000,quaternion,quaternion,0,0,0,0,2048,2048,ead0fdf0,ead0fdf0,0,0
3440,95,64,80,3f000000,quaternion,quaternion,0,0,0,0,2048,2048,ead0fdf0,ead0fdf0,0,0
3441,95,64,80,3f800000,quaternion,quaternion,0,0,0,0,2048,2048,ead0fdf0,ead0fdf0,0,0
3442,95,64,80,7fc12345,quaternion,quaternion,0,0,0,0,2048,2048,7fc12345,7fc12345,0,0
3443,95,64,80,ff854321,quaternion,quaternion,0,0,0,0,2048,2048,ffc54321,ffc54321,0,0
3444,95,128,64,00000000,quaternion,quaternion,0,0,0,0,2048,2048,ff800000,ff800000,0,0
3445,95,128,64,80000000,quaternion,quaternion,0,0,0,0,2048,2048,ff800000,ff800000,0,0
3446,95,128,64,3f000000,quaternion,quaternion,0,0,0,0,2048,2048,ff800000,ff800000,0,0
3447,95,128,64,3f800000,quaternion,quaternion,0,0,0,0,2048,2048,ff800000,ff800000,0,0
3448,95,128,64,7fc12345,quaternion,quaternion,0,0,0,0,2048,2048,7fc12345,7fc12345,0,0
3449,95,128,64,ff854321,quaternion,quaternion,0,0,0,0,2048,2048,ffc54321,ffc54321,0,0
3450,95,64,128,00000000,quaternion,quaternion,0,0,0,0,2048,2048,b81dc929,b81dc929,0,0
3451,95,64,128,80000000,quaternion,quaternion,0,0,0,0,2048,2048,b81dc929,b81dc929,0,0
3452,95,64,128,3f000000,quaternion,quaternion,0,0,0,0,2048,2048,b81dc929,b81dc929,0,0
3453,95,64,128,3f800000,quaternion,quaternion,0,0,0,0,2048,2048,b81dc929,b81dc929,0,0
3454,95,64,128,7fc12345,quaternion,quaternion,0,0,0,0,2048,2048,7fc12345,7fc12345,0,0
3455,95,64,128,ff854321,quaternion,quaternion,0,0,0,0,2048,2048,ffc54321,ffc54321,0,0
3456,96,64,256,00000000,quaternion,quaternion,0,0,0,0,2048,2048,90c99c83,90c99c83,0,0
3457,96,64,256,80000000,quaternion,quaternion,0,0,0,0,2048,2048,90c99c83,90c99c83,0,0
3458,96,64,256,3f000000,quaternion,quaternion,0,0,0,0,2048,2048,90c99c83,90c99c83,0,0
3459,96,64,256,3f800000,quaternion,quaternion,0,0,0,0,2048,2048,90c99c83,90c99c83,0,0
3460,96,64,256,7fc12345,quaternion,quaternion,0,0,0,0,2048,2048,7fc12345,7fc12345,0,0
3461,96,64,256,ff854321,quaternion,quaternion,0,0,0,0,2048,2048,ffc54321,ffc54321,0,0
3462,96,64,64,00000000,quaternion,quaternion,0,0,0,0,2048,2048,c1811f87,c1811f87,0,0
3463,96,64,64,80000000,quaternion,quaternion,0,0,0,0,2048,2048,c1811f87,c1811f87,0,0
3464,96,64,64,3f000000,quaternion,quaternion,0,0,0,0,2048,2048,c1811f87,c1811f87,0,0
3465,96,64,64,3f800000,quaternion,quaternion,0,0,0,0,2048,2048,c1811f87,c1811f87,0,0
3466,96,64,64,7fc12345,quaternion,quaternion,0,0,0,0,2048,2048,7fc12345,7fc12345,0,0
3467,96,64,64,ff854321,quaternion,quaternion,0,0,0,0,2048,2048,ffc54321,ffc54321,0,0
3468,96,64,48,00000000,quaternion,quaternion,0,0,0,0,2048,2048,b2fec6f8,b2fec6f8,0,0
3469,96,64,48,80000000,quaternion,quaternion,0,0,0,0,2048,2048,b2fec6f8,b2fec6f8,0,0
3470,96,64,48,3f000000,quaternion,quaternion,0,0,0,0,2048,2048,b2fec6f8,b2fec6f8,0,0
3471,96,64,48,3f800000,quaternion,quaternion,0,0,0,0,2048,2048,b2fec6f8,b2fec6f8,0,0
3472,96,64,48,7fc12345,quaternion,quaternion,0,0,0,0,2048,2048,7fc12345,7fc12345,0,0
3473,96,64,48,ff854321,quaternion,quaternion,0,0,0,0,2048,2048,ffc54321,ffc54321,0,0
3474,96,64,80,00000000,quaternion,quaternion,0,0,0,0,2048,2048,88bb117e,88bb117e,0,0
3475,96,64,80,80000000,quaternion,quaternion,0,0,0,0,2048,2048,88bb117e,88bb117e,0,0
3476,96,64,80,3f000000,quaternion,quaternion,0,0,0,0,2048,2048,88bb117e,88bb117e,0,0
3477,96,64,80,3f800000,quaternion,quaternion,0,0,0,0,2048,2048,88bb117e,88bb117e,0,0
3478,96,64,80,7fc12345,quaternion,quaternion,0,0,0,0,2048,2048,7fc12345,7fc12345,0,0
3479,96,64,80,ff854321,quaternion,quaternion,0,0,0,0,2048,2048,ffc54321,ffc54321,0,0
3480,96,128,64,00000000,quaternion,quaternion,0,0,0,0,2048,2048,c1811f87,c1811f87,0,0
3481,96,128,64,80000000,quaternion,quaternion,0,0,0,0,2048,2048,c1811f87,c1811f87,0,0
3482,96,128,64,3f000000,quaternion,quaternion,0,0,0,0,2048,2048,c1811f87,c1811f87,0,0
3483,96,128,64,3f800000,quaternion,quaternion,0,0,0,0,2048,2048,c1811f87,c1811f87,0,0
3484,96,128,64,7fc12345,quaternion,quaternion,0,0,0,0,2048,2048,7fc12345,7fc12345,0,0
3485,96,128,64,ff854321,quaternion,quaternion,0,0,0,0,2048,2048,ffc54321,ffc54321,0,0
3486,96,64,128,00000000,quaternion,quaternion,0,0,0,0,2048,2048,3e4cd2cd,3e4cd2cd,0,0
3487,96,64,128,80000000,quaternion,quaternion,0,0,0,0,2048,2048,3e4cd2cd,3e4cd2cd,0,0
3488,96,64,128,3f000000,quaternion,quaternion,0,0,0,0,2048,2048,3e4cd2cd,3e4cd2cd,0,0
3489,96,64,128,3f800000,quaternion,quaternion,0,0,0,0,2048,2048,3e4cd2cd,3e4cd2cd,0,0
3490,96,64,128,7fc12345,quaternion,quaternion,0,0,0,0,2048,2048,7fc12345,7fc12345,0,0
3491,96,64,128,ff854321,quaternion,quaternion,0,0,0,0,2048,2048,ffc54321,ffc54321,0,0
3492,97,64,256,00000000,quaternion,quaternion,0,0,0,0,2048,2048,7f800000,7f800000,0,0
3493,97,64,256,80000000,quaternion,quaternion,0,0,0,0,2048,2048,7f800000,7f800000,0,0
3494,97,64,256,3f000000,quaternion,quaternion,0,0,0,0,2048,2048,7f800000,7f800000,0,0
3495,97,64,256,3f800000,quaternion,quaternion,0,0,0,0,2048,2048,7f800000,7f800000,0,0
3496,97,64,256,7fc12345,quaternion,quaternion,0,0,0,0,2048,2048,7fc12345,7fc12345,0,0
3497,97,64,256,ff854321,quaternion,quaternion,0,0,0,0,2048,2048,ffc54321,ffc54321,0,0
3498,97,64,64,00000000,quaternion,quaternion,0,0,0,0,2048,2048,ff800000,ff800000,0,0
3499,97,64,64,80000000,quaternion,quaternion,0,0,0,0,2048,2048,ff800000,ff800000,0,0
3500,97,64,64,3f000000,quaternion,quaternion,0,0,0,0,2048,2048,ff800000,ff800000,0,0
3501,97,64,64,3f800000,quaternion,quaternion,0,0,0,0,2048,2048,ff800000,ff800000,0,0
3502,97,64,64,7fc12345,quaternion,quaternion,0,0,0,0,2048,2048,7fc12345,7fc12345,0,0
3503,97,64,64,ff854321,quaternion,quaternion,0,0,0,0,2048,2048,ffc54321,ffc54321,0,0
3504,97,64,48,00000000,quaternion,quaternion,0,0,0,0,2048,2048,7f800000,7f800000,0,0
3505,97,64,48,80000000,quaternion,quaternion,0,0,0,0,2048,2048,7f800000,7f800000,0,0
3506,97,64,48,3f000000,quaternion,quaternion,0,0,0,0,2048,2048,7f800000,7f800000,0,0
3507,97,64,48,3f800000,quaternion,quaternion,0,0,0,0,2048,2048,7f800000,7f800000,0,0
3508,97,64,48,7fc12345,quaternion,quaternion,0,0,0,0,2048,2048,7fc12345,7fc12345,0,0
3509,97,64,48,ff854321,quaternion,quaternion,0,0,0,0,2048,2048,ffc54321,ffc54321,0,0
3510,97,64,80,00000000,quaternion,quaternion,0,0,0,0,2048,2048,2c39a3bb,2c39a3bb,0,0
3511,97,64,80,80000000,quaternion,quaternion,0,0,0,0,2048,2048,32d662c8,32d662c8,0,0
3512,97,64,80,3f000000,quaternion,quaternion,0,0,0,0,2048,2048,32566895,32566895,0,0
3513,97,64,80,3f800000,quaternion,quaternion,0,0,0,0,2048,2048,2c39a3bb,2c39a3bb,0,0
3514,97,64,80,7fc12345,quaternion,quaternion,0,0,0,0,2048,2048,7fc12345,7fc12345,0,0
3515,97,64,80,ff854321,quaternion,quaternion,0,0,0,0,2048,2048,ffc54321,ffc54321,0,0
3516,97,128,64,00000000,quaternion,quaternion,0,0,0,0,2048,2048,ff800000,ff800000,0,0
3517,97,128,64,80000000,quaternion,quaternion,0,0,0,0,2048,2048,ff800000,ff800000,0,0
3518,97,128,64,3f000000,quaternion,quaternion,0,0,0,0,2048,2048,ff800000,ff800000,0,0
3519,97,128,64,3f800000,quaternion,quaternion,0,0,0,0,2048,2048,ff800000,ff800000,0,0
3520,97,128,64,7fc12345,quaternion,quaternion,0,0,0,0,2048,2048,7fc12345,7fc12345,0,0
3521,97,128,64,ff854321,quaternion,quaternion,0,0,0,0,2048,2048,ffc54321,ffc54321,0,0
3522,97,64,128,00000000,quaternion,quaternion,0,0,0,0,2048,2048,ff800000,ff800000,0,0
3523,97,64,128,80000000,quaternion,quaternion,0,0,0,0,2048,2048,ff800000,ff800000,0,0
3524,97,64,128,3f000000,quaternion,quaternion,0,0,0,0,2048,2048,ff800000,ff800000,0,0
3525,97,64,128,3f800000,quaternion,quaternion,0,0,0,0,2048,2048,ff800000,ff800000,0,0
3526,97,64,128,7fc12345,quaternion,quaternion,0,0,0,0,2048,2048,7fc12345,7fc12345,0,0
3527,97,64,128,ff854321,quaternion,quaternion,0,0,0,0,2048,2048,ffc54321,ffc54321,0,0
3528,98,64,256,00000000,quaternion,quaternion,0,0,0,0,2048,2048,fe47ec30,fe47ec30,0,0
3529,98,64,256,80000000,quaternion,quaternion,0,0,0,0,2048,2048,fe47ec30,fe47ec30,0,0
3530,98,64,256,3f000000,quaternion,quaternion,0,0,0,0,2048,2048,fe47ec30,fe47ec30,0,0
3531,98,64,256,3f800000,quaternion,quaternion,0,0,0,0,2048,2048,fe47ec30,fe47ec30,0,0
3532,98,64,256,7fc12345,quaternion,quaternion,0,0,0,0,2048,2048,7fc12345,7fc12345,0,0
3533,98,64,256,ff854321,quaternion,quaternion,0,0,0,0,2048,2048,ffc54321,ffc54321,0,0
3534,98,64,64,00000000,quaternion,quaternion,0,0,0,0,2048,2048,59773b0f,59773b0f,0,0
3535,98,64,64,80000000,quaternion,quaternion,0,0,0,0,2048,2048,59773b0f,59773b0f,0,0
3536,98,64,64,3f000000,quaternion,quaternion,0,0,0,0,2048,2048,59773b0f,59773b0f,0,0
3537,98,64,64,3f800000,quaternion,quaternion,0,0,0,0,2048,2048,59773b0f,59773b0f,0,0
3538,98,64,64,7fc12345,quaternion,quaternion,0,0,0,0,2048,2048,7fc12345,7fc12345,0,0
3539,98,64,64,ff854321,quaternion,quaternion,0,0,0,0,2048,2048,ffc54321,ffc54321,0,0
3540,98,64,48,00000000,quaternion,quaternion,0,0,0,0,2048,2048,1e1368d3,1e1368d3,0,0
3541,98,64,48,80000000,quaternion,quaternion,0,0,0,0,2048,2048,1e1368d3,1e1368d3,0,0
3542,98,64,48,3f000000,quaternion,quaternion,0,0,0,0,2048,2048,1e1368d3,1e1368d3,0,0
3543,98,64,48,3f800000,quaternion,quaternion,0,0,0,0,2048,2048,1e1368d3,1e1368d3,0,0
3544,98,64,48,7fc12345,quaternion,quaternion,0,0,0,0,2048,2048,7fc12345,7fc12345,0,0
3545,98,64,48,ff854321,quaternion,quaternion,0,0,0,0,2048,2048,ffc54321,ffc54321,0,0
3546,98,64,80,00000000,quaternion,quaternion,0,0,0,0,2048,2048,ff800000,ff800000,0,0
3547,98,64,80,80000000,quaternion,quaternion,0,0,0,0,2048,2048,ff800000,ff800000,0,0
3548,98,64,80,3f000000,quaternion,quaternion,0,0,0,0,2048,2048,ff800000,ff800000,0,0
3549,98,64,80,3f800000,quaternion,quaternion,0,0,0,0,2048,2048,ff800000,ff800000,0,0
3550,98,64,80,7fc12345,quaternion,quaternion,0,0,0,0,2048,2048,7fc12345,7fc12345,0,0
3551,98,64,80,ff854321,quaternion,quaternion,0,0,0,0,2048,2048,ffc54321,ffc54321,0,0
3552,98,128,64,00000000,quaternion,quaternion,0,0,0,0,2048,2048,59773b0f,59773b0f,0,0
3553,98,128,64,80000000,quaternion,quaternion,0,0,0,0,2048,2048,59773b0f,59773b0f,0,0
3554,98,128,64,3f000000,quaternion,quaternion,0,0,0,0,2048,2048,59773b0f,59773b0f,0,0
3555,98,128,64,3f800000,quaternion,quaternion,0,0,0,0,2048,2048,59773b0f,59773b0f,0,0
3556,98,128,64,7fc12345,quaternion,quaternion,0,0,0,0,2048,2048,7fc12345,7fc12345,0,0
3557,98,128,64,ff854321,quaternion,quaternion,0,0,0,0,2048,2048,ffc54321,ffc54321,0,0
3558,98,64,128,00000000,quaternion,quaternion,0,0,0,0,2048,2048,7de9c6ab,7de9c6ab,0,0
3559,98,64,128,80000000,quaternion,quaternion,0,0,0,0,2048,2048,7de9c6ab,7de9c6ab,0,0
3560,98,64,128,3f000000,quaternion,quaternion,0,0,0,0,2048,2048,7de9c6ab,7de9c6ab,0,0
3561,98,64,128,3f800000,quaternion,quaternion,0,0,0,0,2048,2048,7de9c6ab,7de9c6ab,0,0
3562,98,64,128,7fc12345,quaternion,quaternion,0,0,0,0,2048,2048,7fc12345,7fc12345,0,0
3563,98,64,128,ff854321,quaternion,quaternion,0,0,0,0,2048,2048,ffc54321,ffc54321,0,0
3564,99,64,256,00000000,quaternion,quaternion,0,0,0,0,2048,2048,1cd360ea,1cd360ea,0,0
3565,99,64,256,80000000,quaternion,quaternion,0,0,0,0,2048,2048,ca60139f,ca60139f,0,0
3566,99,64,256,3f000000,quaternion,quaternion,0,0,0,0,2048,2048,c9e0139f,c9e0139f,0,0
3567,99,64,256,3f800000,quaternion,quaternion,0,0,0,0,2048,2048,1cd360ea,1cd360ea,0,0
3568,99,64,256,7fc12345,quaternion,quaternion,0,0,0,0,2048,2048,7fc12345,7fc12345,0,0
3569,99,64,256,ff854321,quaternion,quaternion,0,0,0,0,2048,2048,ffc54321,ffc54321,0,0
3570,99,64,64,00000000,quaternion,quaternion,0,0,0,0,2048,2048,b29e3ebd,b29e3ebd,0,0
3571,99,64,64,80000000,quaternion,quaternion,0,0,0,0,2048,2048,6027c053,6027c053,0,0
3572,99,64,64,3f000000,quaternion,quaternion,0,0,0,0,2048,2048,5fa7c053,5fa7c053,0,0
3573,99,64,64,3f800000,quaternion,quaternion,0,0,0,0,2048,2048,b29e3ebd,b29e3ebd,0,0
3574,99,64,64,7fc12345,quaternion,quaternion,0,0,0,0,2048,2048,7fc12345,7fc12345,0,0
3575,99,64,64,ff854321,quaternion,quaternion,0,0,0,0,2048,2048,ffc54321,ffc54321,0,0
3576,99,64,48,00000000,quaternion,quaternion,0,0,0,0,2048,2048,9c0511c3,9c0511c3,0,0
3577,99,64,48,80000000,quaternion,quaternion,0,0,0,0,2048,2048,498d102f,498d102f,0,0
3578,99,64,48,3f000000,quaternion,quaternion,0,0,0,0,2048,2048,490d102f,490d102f,0,0
3579,99,64,48,3f800000,quaternion,quaternion,0,0,0,0,2048,2048,9c0511c3,9c0511c3,0,0
3580,99,64,48,7fc12345,quaternion,quaternion,0,0,0,0,2048,2048,7fc12345,7fc12345,0,0
3581,99,64,48,ff854321,quaternion,quaternion,0,0,0,0,2048,2048,ffc54321,ffc54321,0,0
3582,99,64,80,00000000,quaternion,quaternion,0,0,0,0,2048,2048,1e22a03b,1e22a03b,0,0
3583,99,64,80,80000000,quaternion,quaternion,0,0,0,0,2048,2048,cbac6530,cbac6530,0,0
3584,99,64,80,3f000000,quaternion,quaternion,0,0,0,0,2048,2048,cb2c6530,cb2c6530,0,0
3585,99,64,80,3f800000,quaternion,quaternion,0,0,0,0,2048,2048,1e22a03b,1e22a03b,0,0
3586,99,64,80,7fc12345,quaternion,quaternion,0,0,0,0,2048,2048,7fc12345,7fc12345,0,0
3587,99,64,80,ff854321,quaternion,quaternion,0,0,0,0,2048,2048,ffc54321,ffc54321,0,0
3588,99,128,64,00000000,quaternion,quaternion,0,0,0,0,2048,2048,b29e3ebd,b29e3ebd,0,0
3589,99,128,64,80000000,quaternion,quaternion,0,0,0,0,2048,2048,6027c053,6027c053,0,0
3590,99,128,64,3f000000,quaternion,quaternion,0,0,0,0,2048,2048,5fa7c053,5fa7c053,0,0
3591,99,128,64,3f800000,quaternion,quaternion,0,0,0,0,2048,2048,b29e3ebd,b29e3ebd,0,0
3592,99,128,64,7fc12345,quaternion,quaternion,0,0,0,0,2048,2048,7fc12345,7fc12345,0,0
3593,99,128,64,ff854321,quaternion,quaternion,0,0,0,0,2048,2048,ffc54321,ffc54321,0,0
3594,99,64,128,00000000,quaternion,quaternion,0,0,0,0,2048,2048,46bda556,46bda556,0,0
3595,99,64,128,80000000,quaternion,quaternion,0,0,0,0,2048,2048,f44909d3,f44909d3,0,0
3596,99,64,128,3f000000,quaternion,quaternion,0,0,0,0,2048,2048,f3c909d3,f3c909d3,0,0
3597,99,64,128,3f800000,quaternion,quaternion,0,0,0,0,2048,2048,46bda556,46bda556,0,0
3598,99,64,128,7fc12345,quaternion,quaternion,0,0,0,0,2048,2048,7fc12345,7fc12345,0,0
3599,99,64,128,ff854321,quaternion,quaternion,0,0,0,0,2048,2048,ffc54321,ffc54321,0,0
3600,100,64,256,00000000,quaternion,quaternion,0,0,0,0,2048,2048,d4f31e80,d4f31e80,0,0
3601,100,64,256,80000000,quaternion,quaternion,0,0,0,0,2048,2048,d4f31e80,d4f31e80,0,0
3602,100,64,256,3f000000,quaternion,quaternion,0,0,0,0,2048,2048,d4f31e80,d4f31e80,0,0
3603,100,64,256,3f800000,quaternion,quaternion,0,0,0,0,2048,2048,d4f31e80,d4f31e80,0,0
3604,100,64,256,7fc12345,quaternion,quaternion,0,0,0,0,2048,2048,7fc12345,7fc12345,0,0
3605,100,64,256,ff854321,quaternion,quaternion,0,0,0,0,2048,2048,ffc54321,ffc54321,0,0
3606,100,64,64,00000000,quaternion,quaternion,0,0,0,0,2048,2048,e1ff93b5,e1ff93b5,0,0
3607,100,64,64,80000000,quaternion,quaternion,0,0,0,0,2048,2048,e1ff93b5,e1ff93b5,0,0
3608,100,64,64,3f000000,quaternion,quaternion,0,0,0,0,2048,2048,e1ff93b5,e1ff93b5,0,0
3609,100,64,64,3f800000,quaternion,quaternion,0,0,0,0,2048,2048,e1ff93b5,e1ff93b5,0,0
3610,100,64,64,7fc12345,quaternion,quaternion,0,0,0,0,2048,2048,7fc12345,7fc12345,0,0
3611,100,64,64,ff854321,quaternion,quaternion,0,0,0,0,2048,2048,ffc54321,ffc54321,0,0
3612,100,64,48,00000000,quaternion,quaternion,0,0,0,0,2048,2048,ef6d4dff,ef6d4dff,0,0
3613,100,64,48,80000000,quaternion,quaternion,0,0,0,0,2048,2048,ef6d4dff,ef6d4dff,0,0
3614,100,64,48,3f000000,quaternion,quaternion,0,0,0,0,2048,2048,ef6d4dff,ef6d4dff,0,0
3615,100,64,48,3f800000,quaternion,quaternion,0,0,0,0,2048,2048,ef6d4dff,ef6d4dff,0,0
3616,100,64,48,7fc12345,quaternion,quaternion,0,0,0,0,2048,2048,7fc12345,7fc12345,0,0
3617,100,64,48,ff854321,quaternion,quaternion,0,0,0,0,2048,2048,ffc54321,ffc54321,0,0
3618,100,64,80,00000000,quaternion,quaternion,0,0,0,0,2048,2048,46d6f5af,46d6f5af,0,0
3619,100,64,80,80000000,quaternion,quaternion,0,0,0,0,2048,2048,46d6f5af,46d6f5af,0,0
3620,100,64,80,3f000000,quaternion,quaternion,0,0,0,0,2048,2048,46d6f5af,46d6f5af,0,0
3621,100,64,80,3f800000,quaternion,quaternion,0,0,0,0,2048,2048,46d6f5af,46d6f5af,0,0
3622,100,64,80,7fc12345,quaternion,quaternion,0,0,0,0,2048,2048,7fc12345,7fc12345,0,0
3623,100,64,80,ff854321,quaternion,quaternion,0,0,0,0,2048,2048,ffc54321,ffc54321,0,0
3624,100,128,64,00000000,quaternion,quaternion,0,0,0,0,2048,2048,e1ff93b5,e1ff93b5,0,0
3625,100,128,64,80000000,quaternion,quaternion,0,0,0,0,2048,2048,e1ff93b5,e1ff93b5,0,0
3626,100,128,64,3f000000,quaternion,quaternion,0,0,0,0,2048,2048,e1ff93b5,e1ff93b5,0,0
3627,100,128,64,3f800000,quaternion,quaternion,0,0,0,0,2048,2048,e1ff93b5,e1ff93b5,0,0
3628,100,128,64,7fc12345,quaternion,quaternion,0,0,0,0,2048,2048,7fc12345,7fc12345,0,0
3629,100,128,64,ff854321,quaternion,quaternion,0,0,0,0,2048,2048,ffc54321,ffc54321,0,0
3630,100,64,128,00000000,quaternion,quaternion,0,0,0,0,2048,2048,f22cfdf3,f22cfdf3,0,0
3631,100,64,128,80000000,quaternion,quaternion,0,0,0,0,2048,2048,f22cfdf3,f22cfdf3,0,0
3632,100,64,128,3f000000,quaternion,quaternion,0,0,0,0,2048,2048,f22cfdf3,f22cfdf3,0,0
3633,100,64,128,3f800000,quaternion,quaternion,0,0,0,0,2048,2048,f22cfdf3,f22cfdf3,0,0
3634,100,64,128,7fc12345,quaternion,quaternion,0,0,0,0,2048,2048,7fc12345,7fc12345,0,0
3635,100,64,128,ff854321,quaternion,quaternion,0,0,0,0,2048,2048,ffc54321,ffc54321,0,0
3636,101,64,256,00000000,quaternion,quaternion,0,0,0,0,2048,2048,5d998138,5d998138,0,0
3637,101,64,256,80000000,quaternion,quaternion,0,0,0,0,2048,2048,ff800000,ff800000,0,0
3638,101,64,256,3f000000,quaternion,quaternion,0,0,0,0,2048,2048,ff800000,ff800000,0,0
3639,101,64,256,3f800000,quaternion,quaternion,0,0,0,0,2048,2048,5d998138,5d998138,0,0
3640,101,64,256,7fc12345,quaternion,quaternion,0,0,0,0,2048,2048,7fc12345,7fc12345,0,0
3641,101,64,256,ff854321,quaternion,quaternion,0,0,0,0,2048,2048,ffc54321,ffc54321,0,0
3642,101,64,64,00000000,quaternion,quaternion,0,0,0,0,2048,2048,ca607514,ca607514,0,0
3643,101,64,64,80000000,quaternion,quaternion,0,0,0,0,2048,2048,70cb475a,70cb475a,0,0
3644,101,64,64,3f000000,quaternion,quaternion,0,0,0,0,2048,2048,704b475a,704b475a,0,0
3645,101,64,64,3f800000,quaternion,quaternion,0,0,0,0,2048,2048,ca607514,ca607514,0,0
3646,101,64,64,7fc12345,quaternion,quaternion,0,0,0,0,2048,2048,7fc12345,7fc12345,0,0
3647,101,64,64,ff854321,quaternion,quaternion,0,0,0,0,2048,2048,ffc54321,ffc54321,0,0
3648,101,64,48,00000000,quaternion,quaternion,0,0,0,0,2048,2048,fc4f7e6e,fc4f7e6e,0,0
3649,101,64,48,80000000,quaternion,quaternion,0,0,0,0,2048,2048,7f800000,7f800000,0,0
3650,101,64,48,3f000000,quaternion,quaternion,0,0,0,0,2048,2048,7f800000,7f800000,0,0
3651,101,64,48,3f800000,quaternion,quaternion,0,0,0,0,2048,2048,fc4f7e6e,fc4f7e6e,0,0
3652,101,64,48,7fc12345,quaternion,quaternion,0,0,0,0,2048,2048,7fc12345,7fc12345,0,0
3653,101,64,48,ff854321,quaternion,quaternion,0,0,0,0,2048,2048,ffc54321,ffc54321,0,0
3654,101,64,80,00000000,quaternion,quaternion,0,0,0,0,2048,2048,e02d8da1,e02d8da1,0,0
3655,101,64,80,80000000,quaternion,quaternion,0,0,0,0,2048,2048,7f800000,7f800000,0,0
3656,101,64,80,3f000000,quaternion,quaternion,0,0,0,0,2048,2048,7f800000,7f800000,0,0
3657,101,64,80,3f800000,quaternion,quaternion,0,0,0,0,2048,2048,e02d8da1,e02d8da1,0,0
3658,101,64,80,7fc12345,quaternion,quaternion,0,0,0,0,2048,2048,7fc12345,7fc12345,0,0
3659,101,64,80,ff854321,quaternion,quaternion,0,0,0,0,2048,2048,ffc54321,ffc54321,0,0
3660,101,128,64,00000000,quaternion,quaternion,0,0,0,0,2048,2048,ca607514,ca607514,0,0
3661,101,128,64,80000000,quaternion,quaternion,0,0,0,0,2048,2048,70cb475a,70cb475a,0,0
3662,101,128,64,3f000000,quaternion,quaternion,0,0,0,0,2048,2048,704b475a,704b475a,0,0
3663,101,128,64,3f800000,quaternion,quaternion,0,0,0,0,2048,2048,ca607514,ca607514,0,0
3664,101,128,64,7fc12345,quaternion,quaternion,0,0,0,0,2048,2048,7fc12345,7fc12345,0,0
3665,101,128,64,ff854321,quaternion,quaternion,0,0,0,0,2048,2048,ffc54321,ffc54321,0,0
3666,101,64,128,00000000,quaternion,quaternion,0,0,0,0,2048,2048,7f800000,7f800000,0,0
3667,101,64,128,80000000,quaternion,quaternion,0,0,0,0,2048,2048,ff800000,ff800000,0,0
3668,101,64,128,3f000000,quaternion,quaternion,0,0,0,0,2048,2048,ff800000,ff800000,0,0
3669,101,64,128,3f800000,quaternion,quaternion,0,0,0,0,2048,2048,7f800000,7f800000,0,0
3670,101,64,128,7fc12345,quaternion,quaternion,0,0,0,0,2048,2048,7fc12345,7fc12345,0,0
3671,101,64,128,ff854321,quaternion,quaternion,0,0,0,0,2048,2048,ffc54321,ffc54321,0,0
3672,102,64,256,00000000,quaternion,quaternion,0,0,0,0,2048,2048,f1da336d,f1da336d,0,0
3673,102,64,256,80000000,quaternion,quaternion,0,0,0,0,2048,2048,f1da336d,f1da336d,0,0
3674,102,64,256,3f000000,quaternion,quaternion,0,0,0,0,2048,2048,f1da336d,f1da336d,0,0
3675,102,64,256,3f800000,quaternion,quaternion,0,0,0,0,2048,2048,f1da336d,f1da336d,0,0
3676,102,64,256,7fc12345,quaternion,quaternion,0,0,0,0,2048,2048,7fc12345,7fc12345,0,0
3677,102,64,256,ff854321,quaternion,quaternion,0,0,0,0,2048,2048,ffc54321,ffc54321,0,0
3678,102,64,64,00000000,quaternion,quaternion,0,0,0,0,2048,2048,7d0a40d9,7d0a40d9,0,0
3679,102,64,64,80000000,quaternion,quaternion,0,0,0,0,2048,2048,7d0a40d9,7d0a40d9,0,0
3680,102,64,64,3f000000,quaternion,quaternion,0,0,0,0,2048,2048,7d0a40d9,7d0a40d9,0,0
3681,102,64,64,3f800000,quaternion,quaternion,0,0,0,0,2048,2048,7d0a40d9,7d0a40d9,0,0
3682,102,64,64,7fc12345,quaternion,quaternion,0,0,0,0,2048,2048,7fc12345,7fc12345,0,0
3683,102,64,64,ff854321,quaternion,quaternion,0,0,0,0,2048,2048,ffc54321,ffc54321,0,0
3684,102,64,48,00000000,quaternion,quaternion,0,0,0,0,2048,2048,f65c6762,f65c6762,0,0
3685,102,64,48,80000000,quaternion,quaternion,0,0,0,0,2048,2048,f65c6762,f65c6762,0,0
3686,102,64,48,3f000000,quaternion,quaternion,0,0,0,0,2048,2048,f65c6762,f65c6762,0,0
3687,102,64,48,3f800000,quaternion,quaternion,0,0,0,0,2048,2048,f65c6762,f65c6762,0,0
3688,102,64,48,7fc12345,quaternion,quaternion,0,0,0,0,2048,2048,7fc12345,7fc12345,0,0
3689,102,64,48,ff854321,quaternion,quaternion,0,0,0,0,2048,2048,ffc54321,ffc54321,0,0
3690,102,64,80,00000000,quaternion,quaternion,0,0,0,0,2048,2048,562d063d,562d063d,0,0
3691,102,64,80,80000000,quaternion,quaternion,0,0,0,0,2048,2048,562d063d,562d063d,0,0
3692,102,64,80,3f000000,quaternion,quaternion,0,0,0,0,2048,2048,562d063d,562d063d,0,0
3693,102,64,80,3f800000,quaternion,quaternion,0,0,0,0,2048,2048,562d063d,562d063d,0,0
3694,102,64,80,7fc12345,quaternion,quaternion,0,0,0,0,2048,2048,7fc12345,7fc12345,0,0
3695,102,64,80,ff854321,quaternion,quaternion,0,0,0,0,2048,2048,ffc54321,ffc54321,0,0
3696,102,128,64,00000000,quaternion,quaternion,0,0,0,0,2048,2048,7d0a40d9,7d0a40d9,0,0
3697,102,128,64,80000000,quaternion,quaternion,0,0,0,0,2048,2048,7d0a40d9,7d0a40d9,0,0
3698,102,128,64,3f000000,quaternion,quaternion,0,0,0,0,2048,2048,7d0a40d9,7d0a40d9,0,0
3699,102,128,64,3f800000,quaternion,quaternion,0,0,0,0,2048,2048,7d0a40d9,7d0a40d9,0,0
3700,102,128,64,7fc12345,quaternion,quaternion,0,0,0,0,2048,2048,7fc12345,7fc12345,0,0
3701,102,128,64,ff854321,quaternion,quaternion,0,0,0,0,2048,2048,ffc54321,ffc54321,0,0
3702,102,64,128,00000000,quaternion,quaternion,0,0,0,0,2048,2048,ff800000,ff800000,0,0
3703,102,64,128,80000000,quaternion,quaternion,0,0,0,0,2048,2048,ff800000,ff800000,0,0
3704,102,64,128,3f000000,quaternion,quaternion,0,0,0,0,2048,2048,ff800000,ff800000,0,0
3705,102,64,128,3f800000,quaternion,quaternion,0,0,0,0,2048,2048,ff800000,ff800000,0,0
3706,102,64,128,7fc12345,quaternion,quaternion,0,0,0,0,2048,2048,7fc12345,7fc12345,0,0
3707,102,64,128,ff854321,quaternion,quaternion,0,0,0,0,2048,2048,ffc54321,ffc54321,0,0
3708,103,64,256,00000000,quaternion,quaternion,0,0,0,0,2048,2048,58e9e2e9,58e9e2e9,0,0
3709,103,64,256,80000000,quaternion,quaternion,0,0,0,0,2048,2048,685e9a14,685e9a14,0,0
3710,103,64,256,3f000000,quaternion,quaternion,0,0,0,0,2048,2048,67de9a14,67de9a14,0,0
3711,103,64,256,3f800000,quaternion,quaternion,0,0,0,0,2048,2048,58e9e2e9,58e9e2e9,0,0
3712,103,64,256,7fc12345,quaternion,quaternion,0,0,0,0,2048,2048,7fc12345,7fc12345,0,0
3713,103,64,256,ff854321,quaternion,quaternion,0,0,0,0,2048,2048,ffc54321,ffc54321,0,0
3714,103,64,64,00000000,quaternion,quaternion,0,0,0,0,2048,2048,2bfd64d4,2bfd64d4,0,0
3715,103,64,64,80000000,quaternion,quaternion,0,0,0,0,2048,2048,3b712b0d,3b712b0d,0,0
3716,103,64,64,3f000000,quaternion,quaternion,0,0,0,0,2048,2048,3af12b0d,3af12b0d,0,0
3717,103,64,64,3f800000,quaternion,quaternion,0,0,0,0,2048,2048,2bfd64d4,2bfd64d4,0,0
3718,103,64,64,7fc12345,quaternion,quaternion,0,0,0,0,2048,2048,7fc12345,7fc12345,0,0
3719,103,64,64,ff854321,quaternion,quaternion,0,0,0,0,2048,2048,ffc54321,ffc54321,0,0
3720,103,64,48,00000000,quaternion,quaternion,0,0,0,0,2048,2048,e635b15b,e635b15b,0,0
3721,103,64,48,80000000,quaternion,quaternion,0,0,0,0,2048,2048,f5aced30,f5aced30,0,0
3722,103,64,48,3f000000,quaternion,quaternion,0,0,0,0,2048,2048,f52ced30,f52ced30,0,0
3723,103,64,48,3f800000,quaternion,quaternion,0,0,0,0,2048,2048,e635b15b,e635b15b,0,0
3724,103,64,48,7fc12345,quaternion,quaternion,0,0,0,0,2048,2048,7fc12345,7fc12345,0,0
3725,103,64,48,ff854321,quaternion,quaternion,0,0,0,0,2048,2048,ffc54321,ffc54321,0,0
3726,103,64,80,00000000,quaternion,quaternion,0,0,0,0,2048,2048,d042a40e,d042a40e,0,0
3727,103,64,80,80000000,quaternion,quaternion,0,0,0,0,2048,2048,dfb93ff6,dfb93ff6,0,0
3728,103,64,80,3f000000,quaternion,quaternion,0,0,0,0,2048,2048,df393ff6,df393ff6,0,0
3729,103,64,80,3f800000,quaternion,quaternion,0,0,0,0,2048,2048,d042a40e,d042a40e,0,0
3730,103,64,80,7fc12345,quaternion,quaternion,0,0,0,0,2048,2048,7fc12345,7fc12345,0,0
3731,103,64,80,ff854321,quaternion,quaternion,0,0,0,0,2048,2048,ffc54321,ffc54321,0,0
3732,103,128,64,00000000,quaternion,quaternion,0,0,0,0,2048,2048,2bfd64d4,2bfd64d4,0,0
3733,103,128,64,80000000,quaternion,quaternion,0,0,0,0,2048,2048,3b712b0d,3b712b0d,0,0
3734,103,128,64,3f000000,quaternion,quaternion,0,0,0,0,2048,2048,3af12b0d,3af12b0d,0,0
3735,103,128,64,3f800000,quaternion,quaternion,0,0,0,0,2048,2048,2bfd64d4,2bfd64d4,0,0
3736,103,128,64,7fc12345,quaternion,quaternion,0,0,0,0,2048,2048,7fc12345,7fc12345,0,0
3737,103,128,64,ff854321,quaternion,quaternion,0,0,0,0,2048,2048,ffc54321,ffc54321,0,0
3738,103,64,128,00000000,quaternion,quaternion,0,0,0,0,2048,2048,8add8a68,8add8a68,0,0
3739,103,64,128,80000000,quaternion,quaternion,0,0,0,0,2048,2048,9a52da0f,9a52da0f,0,0
3740,103,64,128,3f000000,quaternion,quaternion,0,0,0,0,2048,2048,99d2da0f,99d2da0f,0,0
3741,103,64,128,3f800000,quaternion,quaternion,0,0,0,0,2048,2048,8add8a68,8add8a68,0,0
3742,103,64,128,7fc12345,quaternion,quaternion,0,0,0,0,2048,2048,7fc12345,7fc12345,0,0
3743,103,64,128,ff854321,quaternion,quaternion,0,0,0,0,2048,2048,ffc54321,ffc54321,0,0
3744,104,64,256,00000000,quaternion,quaternion,0,0,0,0,2048,2048,42a3e000,42a3e000,0,0
3745,104,64,256,80000000,quaternion,quaternion,0,0,0,0,2048,2048,41f5d000,41f5d000,0,0
3746,104,64,256,3f000000,quaternion,quaternion,0,0,0,0,2048,2048,42615400,42615400,0,0
3747,104,64,256,3f800000,quaternion,quaternion,0,0,0,0,2048,2048,42a3e000,42a3e000,0,0
3748,104,64,256,7fc12345,quaternion,quaternion,0,0,0,0,2048,2048,7fc12345,7fc12345,0,0
3749,104,64,256,ff854321,quaternion,quaternion,0,0,0,0,2048,2048,ffc54321,ffc54321,0,0
3750,104,64,64,00000000,quaternion,quaternion,0,0,0,0,2048,2048,c1f6c000,c1f6c000,0,0
3751,104,64,64,80000000,quaternion,quaternion,0,0,0,0,2048,2048,c1391000,c1391000,0,0
3752,104,64,64,3f000000,quaternion,quaternion,0,0,0,0,2048,2048,c1a9a400,c1a9a400,0,0
3753,104,64,64,3f800000,quaternion,quaternion,0,0,0,0,2048,2048,c1f6c000,c1f6c000,0,0
3754,104,64,64,7fc12345,quaternion,quaternion,0,0,0,0,2048,2048,7fc12345,7fc12345,0,0
3755,104,64,64,ff854321,quaternion,quaternion,0,0,0,0,2048,2048,ffc54321,ffc54321,0,0
3756,104,64,48,00000000,quaternion,quaternion,0,0,0,0,2048,2048,c29b3000,c29b3000,0,0
3757,104,64,48,80000000,quaternion,quaternion,0,0,0,0,2048,2048,c1e8c800,c1e8c800,0,0
3758,104,64,48,3f000000,quaternion,quaternion,0,0,0,0,2048,2048,c2556200,c2556200,0,0
3759,104,64,48,3f800000,quaternion,quaternion,0,0,0,0,2048,2048,c29b3000,c29b3000,0,0
3760,104,64,48,7fc12345,quaternion,quaternion,0,0,0,0,2048,2048,7fc12345,7fc12345,0,0
3761,104,64,48,ff854321,quaternion,quaternion,0,0,0,0,2048,2048,ffc54321,ffc54321,0,0
3762,104,64,80,00000000,quaternion,quaternion,0,0,0,0,2048,2048,417e8000,417e8000,0,0
3763,104,64,80,80000000,quaternion,quaternion,0,0,0,0,2048,2048,40bee000,40bee000,0,0
3764,104,64,80,3f000000,quaternion,quaternion,0,0,0,0,2048,2048,412ef800,412ef800,0,0
3765,104,64,80,3f800000,quaternion,quaternion,0,0,0,0,2048,2048,417e8000,417e8000,0,0
3766,104,64,80,7fc12345,quaternion,quaternion,0,0,0,0,2048,2048,7fc12345,7fc12345,0,0
3767,104,64,80,ff854321,quaternion,quaternion,0,0,0,0,2048,2048,ffc54321,ffc54321,0,0
3768,104,128,64,00000000,quaternion,quaternion,0,0,0,0,2048,2048,c1f6c000,c1f6c000,0,0
3769,104,128,64,80000000,quaternion,quaternion,0,0,0,0,2048,2048,c1391000,c1391000,0,0
3770,104,128,64,3f000000,quaternion,quaternion,0,0,0,0,2048,2048,c1a9a400,c1a9a400,0,0
3771,104,128,64,3f800000,quaternion,quaternion,0,0,0,0,2048,2048,c1f6c000,c1f6c000,0,0
3772,104,128,64,7fc12345,quaternion,quaternion,0,0,0,0,2048,2048,7fc12345,7fc12345,0,0
3773,104,128,64,ff854321,quaternion,quaternion,0,0,0,0,2048,2048,ffc54321,ffc54321,0,0
3774,104,64,128,00000000,quaternion,quaternion,0,0,0,0,2048,2048,42707000,42707000,0,0
3775,104,64,128,80000000,quaternion,quaternion,0,0,0,0,2048,2048,41b45400,41b45400,0,0
3776,104,64,128,3f000000,quaternion,quaternion,0,0,0,0,2048,2048,42254d00,42254d00,0,0
3777,104,64,128,3f800000,quaternion,quaternion,0,0,0,0,2048,2048,42707000,42707000,0,0
3778,104,64,128,7fc12345,quaternion,quaternion,0,0,0,0,2048,2048,7fc12345,7fc12345,0,0
3779,104,64,128,ff854321,quaternion,quaternion,0,0,0,0,2048,2048,ffc54321,ffc54321,0,0
3780,105,64,256,00000000,quaternion,quaternion,0,0,0,0,2048,2048,42d30000,42d30000,0,0
3781,105,64,256,80000000,quaternion,quaternion,0,0,0,0,2048,2048,41d30000,41d30000,0,0
3782,105,64,256,3f000000,quaternion,quaternion,0,0,0,0,2048,2048,4283e000,4283e000,0,0
3783,105,64,256,3f800000,quaternion,quaternion,0,0,0,0,2048,2048,42d30000,42d30000,0,0
3784,105,64,256,7fc12345,quaternion,quaternion,0,0,0,0,2048,2048,7fc12345,7fc12345,0,0
3785,105,64,256,ff854321,quaternion,quaternion,0,0,0,0,2048,2048,ffc54321,ffc54321,0,0
3786,105,64,64,00000000,quaternion,quaternion,0,0,0,0,2048,2048,c2398000,c2398000,0,0
3787,105,64,64,80000000,quaternion,quaternion,0,0,0,0,2048,2048,c1398000,c1398000,0,0
3788,105,64,64,3f000000,quaternion,quaternion,0,0,0,0,2048,2048,c1e7e000,c1e7e000,0,0
3789,105,64,64,3f800000,quaternion,quaternion,0,0,0,0,2048,2048,c2398000,c2398000,0,0
3790,105,64,64,7fc12345,quaternion,quaternion,0,0,0,0,2048,2048,7fc12345,7fc12345,0,0
3791,105,64,64,ff854321,quaternion,quaternion,0,0,0,0,2048,2048,ffc54321,ffc54321,0,0
3792,105,64,48,00000000,quaternion,quaternion,0,0,0,0,2048,2048,c2a0c000,c2a0c000,0,0
3793,105,64,48,80000000,quaternion,quaternion,0,0,0,0,2048,2048,c1a0c000,c1a0c000,0,0
3794,105,64,48,3f000000,quaternion,quaternion,0,0,0,0,2048,2048,c248f000,c248f000,0,0
3795,105,64,48,3f800000,quaternion,quaternion,0,0,0,0,2048,2048,c2a0c000,c2a0c000,0,0
3796,105,64,48,7fc12345,quaternion,quaternion,0,0,0,0,2048,2048,7fc12345,7fc12345,0,0
3797,105,64,48,ff854321,quaternion,quaternion,0,0,0,0,2048,2048,ffc54321,ffc54321,0,0
3798,105,64,80,00000000,quaternion,quaternion,0,0,0,0,2048,2048,c1460000,c1460000,0,0
3799,105,64,80,80000000,quaternion,quaternion,0,0,0,0,2048,2048,c0460000,c0460000,0,0
3800,105,64,80,3f000000,quaternion,quaternion,0,0,0,0,2048,2048,c0f78000,c0f78000,0,0
3801,105,64,80,3f800000,quaternion,quaternion,0,0,0,0,2048,2048,c1460000,c1460000,0,0
3802,105,64,80,7fc12345,quaternion,quaternion,0,0,0,0,2048,2048,7fc12345,7fc12345,0,0
3803,105,64,80,ff854321,quaternion,quaternion,0,0,0,0,2048,2048,ffc54321,ffc54321,0,0
3804,105,128,64,00000000,quaternion,quaternion,0,0,0,0,2048,2048,c2398000,c2398000,0,0
3805,105,128,64,80000000,quaternion,quaternion,0,0,0,0,2048,2048,c1398000,c1398000,0,0
3806,105,128,64,3f000000,quaternion,quaternion,0,0,0,0,2048,2048,c1e7e000,c1e7e000,0,0
3807,105,128,64,3f800000,quaternion,quaternion,0,0,0,0,2048,2048,c2398000,c2398000,0,0
3808,105,128,64,7fc12345,quaternion,quaternion,0,0,0,0,2048,2048,7fc12345,7fc12345,0,0
3809,105,128,64,ff854321,quaternion,quaternion,0,0,0,0,2048,2048,ffc54321,ffc54321,0,0
3810,105,64,128,00000000,quaternion,quaternion,0,0,0,0,2048,2048,42b34000,42b34000,0,0
3811,105,64,128,80000000,quaternion,quaternion,0,0,0,0,2048,2048,41b34000,41b34000,0,0
3812,105,64,128,3f000000,quaternion,quaternion,0,0,0,0,2048,2048,42601000,42601000,0,0
3813,105,64,128,3f800000,quaternion,quaternion,0,0,0,0,2048,2048,42b34000,42b34000,0,0
3814,105,64,128,7fc12345,quaternion,quaternion,0,0,0,0,2048,2048,7fc12345,7fc12345,0,0
3815,105,64,128,ff854321,quaternion,quaternion,0,0,0,0,2048,2048,ffc54321,ffc54321,0,0
3816,106,64,256,00000000,quaternion,quaternion,0,0,0,0,2048,2048,42d52800,42d52800,0,0
3817,106,64,256,80000000,quaternion,quaternion,0,0,0,0,2048,2048,41552800,41552800,0,0
3818,106,64,256,3f000000,quaternion,quaternion,0,0,0,0,2048,2048,426fcd00,426fcd00,0,0
3819,106,64,256,3f800000,quaternion,quaternion,0,0,0,0,2048,2048,42d52800,42d52800,0,0
3820,106,64,256,7fc12345,quaternion,quaternion,0,0,0,0,2048,2048,7fc12345,7fc12345,0,0
3821,106,64,256,ff854321,quaternion,quaternion,0,0,0,0,2048,2048,ffc54321,ffc54321,0,0
3822,106,64,64,00000000,quaternion,quaternion,0,0,0,0,2048,2048,c21b2000,c21b2000,0,0
3823,106,64,64,80000000,quaternion,quaternion,0,0,0,0,2048,2048,c09b2000,c09b2000,0,0
3824,106,64,64,3f000000,quaternion,quaternion,0,0,0,0,2048,2048,c1ae8400,c1ae8400,0,0
3825,106,64,64,3f800000,quaternion,quaternion,0,0,0,0,2048,2048,c21b2000,c21b2000,0,0
3826,106,64,64,7fc12345,quaternion,quaternion,0,0,0,0,2048,2048,7fc12345,7fc12345,0,0
3827,106,64,64,ff854321,quaternion,quaternion,0,0,0,0,2048,2048,ffc54321,ffc54321,0,0
3828,106,64,48,00000000,quaternion,quaternion,0,0,0,0,2048,2048,c295d000,c295d000,0,0
3829,106,64,48,80000000,quaternion,quaternion,0,0,0,0,2048,2048,c115d000,c115d000,0,0
3830,106,64,48,3f000000,quaternion,quaternion,0,0,0,0,2048,2048,c2288a00,c2288a00,0,0
3831,106,64,48,3f800000,quaternion,quaternion,0,0,0,0,2048,2048,c295d000,c295d000,0,0
3832,106,64,48,7fc12345,quaternion,quaternion,0,0,0,0,2048,2048,7fc12345,7fc12345,0,0
3833,106,64,48,ff854321,quaternion,quaternion,0,0,0,0,2048,2048,ffc54321,ffc54321,0,0
3834,106,64,80,00000000,quaternion,quaternion,0,0,0,0,2048,2048,c02a0000,c02a0000,0,0
3835,106,64,80,80000000,quaternion,quaternion,0,0,0,0,2048,2048,beaa0000,beaa0000,0,0
3836,106,64,80,3f000000,quaternion,quaternion,0,0,0,0,2048,2048,bfbf4000,bfbf4000,0,0
3837,106,64,80,3f800000,quaternion,quaternion,0,0,0,0,2048,2048,c02a0000,c02a0000,0,0
3838,106,64,80,7fc12345,quaternion,quaternion,0,0,0,0,2048,2048,7fc12345,7fc12345,0,0
3839,106,64,80,ff854321,quaternion,quaternion,0,0,0,0,2048,2048,ffc54321,ffc54321,0,0
3840,106,128,64,00000000,quaternion,quaternion,0,0,0,0,2048,2048,c21b2000,c21b2000,0,0
3841,106,128,64,80000000,quaternion,quaternion,0,0,0,0,2048,2048,c09b2000,c09b2000,0,0
3842,106,128,64,3f000000,quaternion,quaternion,0,0,0,0,2048,2048,c1ae8400,c1ae8400,0,0
3843,106,128,64,3f800000,quaternion,quaternion,0,0,0,0,2048,2048,c21b2000,c21b2000,0,0
3844,106,128,64,7fc12345,quaternion,quaternion,0,0,0,0,2048,2048,7fc12345,7fc12345,0,0
3845,106,128,64,ff854321,quaternion,quaternion,0,0,0,0,2048,2048,ffc54321,ffc54321,0,0
3846,106,64,128,00000000,quaternion,quaternion,0,0,0,0,2048,2048,42b36c00,42b36c00,0,0
3847,106,64,128,80000000,quaternion,quaternion,0,0,0,0,2048,2048,41336c00,41336c00,0,0
3848,106,64,128,3f000000,quaternion,quaternion,0,0,0,0,2048,2048,4249d980,4249d980,0,0
3849,106,64,128,3f800000,quaternion,quaternion,0,0,0,0,2048,2048,42b36c00,42b36c00,0,0
3850,106,64,128,7fc12345,quaternion,quaternion,0,0,0,0,2048,2048,7fc12345,7fc12345,0,0
3851,106,64,128,ff854321,quaternion,quaternion,0,0,0,0,2048,2048,ffc54321,ffc54321,0,0
3852,107,64,256,00000000,quaternion,quaternion,0,0,0,0,2048,2048,42d84800,42d84800,0,0
3853,107,64,256,80000000,quaternion,quaternion,0,0,0,0,2048,2048,00000000,00000000,0,0
3854,107,64,256,3f000000,quaternion,quaternion,0,0,0,0,2048,2048,42584800,42584800,0,0
3855,107,64,256,3f800000,quaternion,quaternion,0,0,0,0,2048,2048,42d84800,42d84800,0,0
3856,107,64,256,7fc12345,quaternion,quaternion,0,0,0,0,2048,2048,7fc12345,7fc12345,0,0
3857,107,64,256,ff854321,quaternion,quaternion,0,0,0,0,2048,2048,ffc54321,ffc54321,0,0
3858,107,64,64,00000000,quaternion,quaternion,0,0,0,0,2048,2048,c1f5a000,c1f5a000,0,0
3859,107,64,64,80000000,quaternion,quaternion,0,0,0,0,2048,2048,80000000,80000000,0,0
3860,107,64,64,3f000000,quaternion,quaternion,0,0,0,0,2048,2048,c175a000,c175a000,0,0
3861,107,64,64,3f800000,quaternion,quaternion,0,0,0,0,2048,2048,c1f5a000,c1f5a000,0,0
3862,107,64,64,7fc12345,quaternion,quaternion,0,0,0,0,2048,2048,7fc12345,7fc12345,0,0
3863,107,64,64,ff854321,quaternion,quaternion,0,0,0,0,2048,2048,ffc54321,ffc54321,0,0
3864,107,64,48,00000000,quaternion,quaternion,0,0,0,0,2048,2048,c289e800,c289e800,0,0
3865,107,64,48,80000000,quaternion,quaternion,0,0,0,0,2048,2048,80000000,80000000,0,0
3866,107,64,48,3f000000,quaternion,quaternion,0,0,0,0,2048,2048,c209e800,c209e800,0,0
3867,107,64,48,3f800000,quaternion,quaternion,0,0,0,0,2048,2048,c289e800,c289e800,0,0
3868,107,64,48,7fc12345,quaternion,quaternion,0,0,0,0,2048,2048,7fc12345,7fc12345,0,0
3869,107,64,48,ff854321,quaternion,quaternion,0,0,0,0,2048,2048,ffc54321,ffc54321,0,0
3870,107,64,80,00000000,quaternion,quaternion,0,0,0,0,2048,2048,40f18000,40f18000,0,0
3871,107,64,80,80000000,quaternion,quaternion,0,0,0,0,2048,2048,00000000,00000000,0,0
3872,107,64,80,3f000000,quaternion,quaternion,0,0,0,0,2048,2048,40718000,40718000,0,0
3873,107,64,80,3f800000,quaternion,quaternion,0,0,0,0,2048,2048,40f18000,40f18000,0,0
3874,107,64,80,7fc12345,quaternion,quaternion,0,0,0,0,2048,2048,7fc12345,7fc12345,0,0
3875,107,64,80,ff854321,quaternion,quaternion,0,0,0,0,2048,2048,ffc54321,ffc54321,0,0
3876,107,128,64,00000000,quaternion,quaternion,0,0,0,0,2048,2048,c1f5a000,c1f5a000,0,0
3877,107,128,64,80000000,quaternion,quaternion,0,0,0,0,2048,2048,80000000,80000000,0,0
3878,107,128,64,3f000000,quaternion,quaternion,0,0,0,0,2048,2048,c175a000,c175a000,0,0
3879,107,128,64,3f800000,quaternion,quaternion,0,0,0,0,2048,2048,c1f5a000,c1f5a000,0,0
3880,107,128,64,7fc12345,quaternion,quaternion,0,0,0,0,2048,2048,7fc12345,7fc12345,0,0
3881,107,128,64,ff854321,quaternion,quaternion,0,0,0,0,2048,2048,ffc54321,ffc54321,0,0
3882,107,64,128,00000000,quaternion,quaternion,0,0,0,0,2048,2048,42b49000,42b49000,0,0
3883,107,64,128,80000000,quaternion,quaternion,0,0,0,0,2048,2048,00000000,00000000,0,0
3884,107,64,128,3f000000,quaternion,quaternion,0,0,0,0,2048,2048,42349000,42349000,0,0
3885,107,64,128,3f800000,quaternion,quaternion,0,0,0,0,2048,2048,42b49000,42b49000,0,0
3886,107,64,128,7fc12345,quaternion,quaternion,0,0,0,0,2048,2048,7fc12345,7fc12345,0,0
3887,107,64,128,ff854321,quaternion,quaternion,0,0,0,0,2048,2048,ffc54321,ffc54321,0,0
3888,108,64,256,00000000,quaternion,quaternion,0,0,0,0,2048,2048,42dc6000,42dc6000,0,0
3889,108,64,256,80000000,quaternion,quaternion,0,0,0,0,2048,2048,42dc6000,42dc6000,0,0
3890,108,64,256,3f000000,quaternion,quaternion,0,0,0,0,2048,2048,42dc6000,42dc6000,0,0
3891,108,64,256,3f800000,quaternion,quaternion,0,0,0,0,2048,2048,42dc6000,42dc6000,0,0
3892,108,64,256,7fc12345,quaternion,quaternion,0,0,0,0,2048,2048,7fc12345,7fc12345,0,0
3893,108,64,256,ff854321,quaternion,quaternion,0,0,0,0,2048,2048,ffc54321,ffc54321,0,0
3894,108,64,64,00000000,quaternion,quaternion,0,0,0,0,2048,2048,c1b12000,c1b12000,0,0
3895,108,64,64,80000000,quaternion,quaternion,0,0,0,0,2048,2048,c1b12000,c1b12000,0,0
3896,108,64,64,3f000000,quaternion,quaternion,0,0,0,0,2048,2048,c1b12000,c1b12000,0,0
3897,108,64,64,3f800000,quaternion,quaternion,0,0,0,0,2048,2048,c1b12000,c1b12000,0,0
3898,108,64,64,7fc12345,quaternion,quaternion,0,0,0,0,2048,2048,7fc12345,7fc12345,0,0
3899,108,64,64,ff854321,quaternion,quaternion,0,0,0,0,2048,2048,ffc54321,ffc54321,0,0
3900,108,64,48,00000000,quaternion,quaternion,0,0,0,0,2048,2048,c27a1000,c27a1000,0,0
3901,108,64,48,80000000,quaternion,quaternion,0,0,0,0,2048,2048,c27a1000,c27a1000,0,0
3902,108,64,48,3f000000,quaternion,quaternion,0,0,0,0,2048,2048,c27a1000,c27a1000,0,0
3903,108,64,48,3f800000,quaternion,quaternion,0,0,0,0,2048,2048,c27a1000,c27a1000,0,0
3904,108,64,48,7fc12345,quaternion,quaternion,0,0,0,0,2048,2048,7fc12345,7fc12345,0,0
3905,108,64,48,ff854321,quaternion,quaternion,0,0,0,0,2048,2048,ffc54321,ffc54321,0,0
3906,108,64,80,00000000,quaternion,quaternion,0,0,0,0,2048,2048,4191e000,4191e000,0,0
3907,108,64,80,80000000,quaternion,quaternion,0,0,0,0,2048,2048,4191e000,4191e000,0,0
3908,108,64,80,3f000000,quaternion,quaternion,0,0,0,0,2048,2048,4191e000,4191e000,0,0
3909,108,64,80,3f800000,quaternion,quaternion,0,0,0,0,2048,2048,4191e000,4191e000,0,0
3910,108,64,80,7fc12345,quaternion,quaternion,0,0,0,0,2048,2048,7fc12345,7fc12345,0,0
3911,108,64,80,ff854321,quaternion,quaternion,0,0,0,0,2048,2048,ffc54321,ffc54321,0,0
3912,108,128,64,00000000,quaternion,quaternion,0,0,0,0,2048,2048,c1b12000,c1b12000,0,0
3913,108,128,64,80000000,quaternion,quaternion,0,0,0,0,2048,2048,c1b12000,c1b12000,0,0
3914,108,128,64,3f000000,quaternion,quaternion,0,0,0,0,2048,2048,c1b12000,c1b12000,0,0
3915,108,128,64,3f800000,quaternion,quaternion,0,0,0,0,2048,2048,c1b12000,c1b12000,0,0
3916,108,128,64,7fc12345,quaternion,quaternion,0,0,0,0,2048,2048,7fc12345,7fc12345,0,0
3917,108,128,64,ff854321,quaternion,quaternion,0,0,0,0,2048,2048,ffc54321,ffc54321,0,0
3918,108,64,128,00000000,quaternion,quaternion,0,0,0,0,2048,2048,42b6ac00,42b6ac00,0,0
3919,108,64,128,80000000,quaternion,quaternion,0,0,0,0,2048,2048,42b6ac00,42b6ac00,0,0
3920,108,64,128,3f000000,quaternion,quaternion,0,0,0,0,2048,2048,42b6ac00,42b6ac00,0,0
3921,108,64,128,3f800000,quaternion,quaternion,0,0,0,0,2048,2048,42b6ac00,42b6ac00,0,0
3922,108,64,128,7fc12345,quaternion,quaternion,0,0,0,0,2048,2048,7fc12345,7fc12345,0,0
3923,108,64,128,ff854321,quaternion,quaternion,0,0,0,0,2048,2048,ffc54321,ffc54321,0,0
3924,109,64,256,00000000,quaternion,quaternion,0,0,0,0,2048,2048,42e17000,42e17000,0,0
3925,109,64,256,80000000,quaternion,quaternion,0,0,0,0,2048,2048,42c54200,42c54200,0,0
3926,109,64,256,3f000000,quaternion,quaternion,0,0,0,0,2048,2048,42d35900,42d35900,0,0
3927,109,64,256,3f800000,quaternion,quaternion,0,0,0,0,2048,2048,42e17000,42e17000,0,0
3928,109,64,256,7fc12345,quaternion,quaternion,0,0,0,0,2048,2048,7fc12345,7fc12345,0,0
3929,109,64,256,ff854321,quaternion,quaternion,0,0,0,0,2048,2048,ffc54321,ffc54321,0,0
3930,109,64,64,00000000,quaternion,quaternion,0,0,0,0,2048,2048,c1518000,c1518000,0,0
3931,109,64,64,80000000,quaternion,quaternion,0,0,0,0,2048,2048,c1375000,c1375000,0,0
3932,109,64,64,3f000000,quaternion,quaternion,0,0,0,0,2048,2048,c1446800,c1446800,0,0
3933,109,64,64,3f800000,quaternion,quaternion,0,0,0,0,2048,2048,c1518000,c1518000,0,0
3934,109,64,64,7fc12345,quaternion,quaternion,0,0,0,0,2048,2048,7fc12345,7fc12345,0,0
3935,109,64,64,ff854321,quaternion,quaternion,0,0,0,0,2048,2048,ffc54321,ffc54321,0,0
3936,109,64,48,00000000,quaternion,quaternion,0,0,0,0,2048,2048,c25e6000,c25e6000,0,0
3937,109,64,48,80000000,quaternion,quaternion,0,0,0,0,2048,2048,c2429400,c2429400,0,0
3938,109,64,48,3f000000,quaternion,quaternion,0,0,0,0,2048,2048,c2507a00,c2507a00,0,0
3939,109,64,48,3f800000,quaternion,quaternion,0,0,0,0,2048,2048,c25e6000,c25e6000,0,0
3940,109,64,48,7fc12345,quaternion,quaternion,0,0,0,0,2048,2048,7fc12345,7fc12345,0,0
3941,109,64,48,ff854321,quaternion,quaternion,0,0,0,0,2048,2048,ffc54321,ffc54321,0,0
3942,109,64,80,00000000,quaternion,quaternion,0,0,0,0,2048,2048,41eb4000,41eb4000,0,0
3943,109,64,80,80000000,quaternion,quaternion,0,0,0,0,2048,2048,41cdd800,41cdd800,0,0
3944,109,64,80,3f000000,quaternion,quaternion,0,0,0,0,2048,2048,41dc8c00,41dc8c00,0,0
3945,109,64,80,3f800000,quaternion,quaternion,0,0,0,0,2048,2048,41eb4000,41eb4000,0,0
3946,109,64,80,7fc12345,quaternion,quaternion,0,0,0,0,2048,2048,7fc12345,7fc12345,0,0
3947,109,64,80,ff854321,quaternion,quaternion,0,0,0,0,2048,2048,ffc54321,ffc54321,0,0
3948,109,128,64,00000000,quaternion,quaternion,0,0,0,0,2048,2048,c1518000,c1518000,0,0
3949,109,128,64,80000000,quaternion,quaternion,0,0,0,0,2048,2048,c1375000,c1375000,0,0
3950,109,128,64,3f000000,quaternion,quaternion,0,0,0,0,2048,2048,c1446800,c1446800,0,0
3951,109,128,64,3f800000,quaternion,quaternion,0,0,0,0,2048,2048,c1518000,c1518000,0,0
3952,109,128,64,7fc12345,quaternion,quaternion,0,0,0,0,2048,2048,7fc12345,7fc12345,0,0
3953,109,128,64,ff854321,quaternion,quaternion,0,0,0,0,2048,2048,ffc54321,ffc54321,0,0
3954,109,64,128,00000000,quaternion,quaternion,0,0,0,0,2048,2048,42b9c000,42b9c000,0,0
3955,109,64,128,80000000,quaternion,quaternion,0,0,0,0,2048,2048,42a28800,42a28800,0,0
3956,109,64,128,3f000000,quaternion,quaternion,0,0,0,0,2048,2048,42ae2400,42ae2400,0,0
3957,109,64,128,3f800000,quaternion,quaternion,0,0,0,0,2048,2048,42b9c000,42b9c000,0,0
3958,109,64,128,7fc12345,quaternion,quaternion,0,0,0,0,2048,2048,7fc12345,7fc12345,0,0
3959,109,64,128,ff854321,quaternion,quaternion,0,0,0,0,2048,2048,ffc54321,ffc54321,0,0
3960,110,64,256,00000000,quaternion,quaternion,0,0,0,0,2048,2048,42e77800,42e77800,0,0
3961,110,64,256,80000000,quaternion,quaternion,0,0,0,0,2048,2048,42ad9a00,42ad9a00,0,0
3962,110,64,256,3f000000,quaternion,quaternion,0,0,0,0,2048,2048,42ca8900,42ca8900,0,0
3963,110,64,256,3f800000,quaternion,quaternion,0,0,0,0,2048,2048,42e77800,42e77800,0,0
3964,110,64,256,7fc12345,quaternion,quaternion,0,0,0,0,2048,2048,7fc12345,7fc12345,0,0
3965,110,64,256,ff854321,quaternion,quaternion,0,0,0,0,2048,2048,ffc54321,ffc54321,0,0
3966,110,64,64,00000000,quaternion,quaternion,0,0,0,0,2048,2048,c0640000,c0640000,0,0
3967,110,64,64,80000000,quaternion,quaternion,0,0,0,0,2048,2048,c02b0000,c02b0000,0,0
3968,110,64,64,3f000000,quaternion,quaternion,0,0,0,0,2048,2048,c0478000,c0478000,0,0
3969,110,64,64,3f800000,quaternion,quaternion,0,0,0,0,2048,2048,c0640000,c0640000,0,0
3970,110,64,64,7fc12345,quaternion,quaternion,0,0,0,0,2048,2048,7fc12345,7fc12345,0,0
3971,110,64,64,ff854321,quaternion,quaternion,0,0,0,0,2048,2048,ffc54321,ffc54321,0,0
3972,110,64,48,00000000,quaternion,quaternion,0,0,0,0,2048,2048,c240c000,c240c000,0,0
3973,110,64,48,80000000,quaternion,quaternion,0,0,0,0,2048,2048,c2109000,c2109000,0,0
3974,110,64,48,3f000000,quaternion,quaternion,0,0,0,0,2048,2048,c228a800,c228a800,0,0
3975,110,64,48,3f800000,quaternion,quaternion,0,0,0,0,2048,2048,c240c000,c240c000,0,0
3976,110,64,48,7fc12345,quaternion,quaternion,0,0,0,0,2048,2048,7fc12345,7fc12345,0,0
3977,110,64,48,ff854321,quaternion,quaternion,0,0,0,0,2048,2048,ffc54321,ffc54321,0,0
3978,110,64,80,00000000,quaternion,quaternion,0,0,0,0,2048,2048,42244000,42244000,0,0
3979,110,64,80,80000000,quaternion,quaternion,0,0,0,0,2048,2048,41f66000,41f66000,0,0
3980,110,64,80,3f000000,quaternion,quaternion,0,0,0,0,2048,2048,420fb800,420fb800,0,0
3981,110,64,80,3f800000,quaternion,quaternion,0,0,0,0,2048,2048,42244000,42244000,0,0
3982,110,64,80,7fc12345,quaternion,quaternion,0,0,0,0,2048,2048,7fc12345,7fc12345,0,0
3983,110,64,80,ff854321,quaternion,quaternion,0,0,0,0,2048,2048,ffc54321,ffc54321,0,0
3984,110,128,64,00000000,quaternion,quaternion,0,0,0,0,2048,2048,c0640000,c0640000,0,0
3985,110,128,64,80000000,quaternion,quaternion,0,0,0,0,2048,2048,c02b0000,c02b0000,0,0
3986,110,128,64,3f000000,quaternion,quaternion,0,0,0,0,2048,2048,c0478000,c0478000,0,0
3987,110,128,64,3f800000,quaternion,quaternion,0,0,0,0,2048,2048,c0640000,c0640000,0,0
3988,110,128,64,7fc12345,quaternion,quaternion,0,0,0,0,2048,2048,7fc12345,7fc12345,0,0
3989,110,128,64,ff854321,quaternion,quaternion,0,0,0,0,2048,2048,ffc54321,ffc54321,0,0
3990,110,64,128,00000000,quaternion,quaternion,0,0,0,0,2048,2048,42bdcc00,42bdcc00,0,0
3991,110,64,128,80000000,quaternion,quaternion,0,0,0,0,2048,2048,428e5900,428e5900,0,0
3992,110,64,128,3f000000,quaternion,quaternion,0,0,0,0,2048,2048,42a61280,42a61280,0,0
3993,110,64,128,3f800000,quaternion,quaternion,0,0,0,0,2048,2048,42bdcc00,42bdcc00,0,0
3994,110,64,128,7fc12345,quaternion,quaternion,0,0,0,0,2048,2048,7fc12345,7fc12345,0,0
3995,110,64,128,ff854321,quaternion,quaternion,0,0,0,0,2048,2048,ffc54321,ffc54321,0,0
3996,111,64,256,00000000,quaternion,quaternion,0,0,0,0,2048,2048,c308e400,c308e400,0,0
3997,111,64,256,80000000,quaternion,quaternion,0,0,0,0,2048,2048,c2ab1d00,c2ab1d00,0,0
3998,111,64,256,3f000000,quaternion,quaternion,0,0,0,0,2048,2048,c2de7280,c2de7280,0,0
3999,111,64,256,3f800000,quaternion,quaternion,0,0,0,0,2048,2048,c308e400,c308e400,0,0
4000,111,64,256,7fc12345,quaternion,quaternion,0,0,0,0,2048,2048,7fc12345,7fc12345,0,0
4001,111,64,256,ff854321,quaternion,quaternion,0,0,0,0,2048,2048,ffc54321,ffc54321,0,0
4002,111,64,64,00000000,quaternion,quaternion,0,0,0,0,2048,2048,40ce8000,40ce8000,0,0
4003,111,64,64,80000000,quaternion,quaternion,0,0,0,0,2048,2048,40811000,40811000,0,0
4004,111,64,64,3f000000,quaternion,quaternion,0,0,0,0,2048,2048,40a7c800,40a7c800,0,0
4005,111,64,64,3f800000,quaternion,quaternion,0,0,0,0,2048,2048,40ce8000,40ce8000,0,0
4006,111,64,64,7fc12345,quaternion,quaternion,0,0,0,0,2048,2048,7fc12345,7fc12345,0,0
4007,111,64,64,ff854321,quaternion,quaternion,0,0,0,0,2048,2048,ffc54321,ffc54321,0,0
4008,111,64,48,00000000,quaternion,quaternion,0,0,0,0,2048,2048,c2213000,c2213000,0,0
4009,111,64,48,80000000,quaternion,quaternion,0,0,0,0,2048,2048,c1c97c00,c1c97c00,0,0
4010,111,64,48,3f000000,quaternion,quaternion,0,0,0,0,2048,2048,c202f700,c202f700,0,0
4011,111,64,48,3f800000,quaternion,quaternion,0,0,0,0,2048,2048,c2213000,c2213000,0,0
4012,111,64,48,7fc12345,quaternion,quaternion,0,0,0,0,2048,2048,7fc12345,7fc12345,0,0
4013,111,64,48,ff854321,quaternion,quaternion,0,0,0,0,2048,2048,ffc54321,ffc54321,0,0
4014,111,64,80,00000000,quaternion,quaternion,0,0,0,0,2048,2048,4254d000,4254d000,0,0
4015,111,64,80,80000000,quaternion,quaternion,0,0,0,0,2048,2048,42050200,42050200,0,0
4016,111,64,80,3f000000,quaternion,quaternion,0,0,0,0,2048,2048,422ce900,422ce900,0,0
4017,111,64,80,3f800000,quaternion,quaternion,0,0,0,0,2048,2048,4254d000,4254d000,0,0
4018,111,64,80,7fc12345,quaternion,quaternion,0,0,0,0,2048,2048,7fc12345,7fc12345,0,0
4019,111,64,80,ff854321,quaternion,quaternion,0,0,0,0,2048,2048,ffc54321,ffc54321,0,0
4020,111,128,64,00000000,quaternion,quaternion,0,0,0,0,2048,2048,40ce8000,40ce8000,0,0
4021,111,128,64,80000000,quaternion,quaternion,0,0,0,0,2048,2048,40811000,40811000,0,0
4022,111,128,64,3f000000,quaternion,quaternion,0,0,0,0,2048,2048,40a7c800,40a7c800,0,0
4023,111,128,64,3f800000,quaternion,quaternion,0,0,0,0,2048,2048,40ce8000,40ce8000,0,0
4024,111,128,64,7fc12345,quaternion,quaternion,0,0,0,0,2048,2048,7fc12345,7fc12345,0,0
4025,111,128,64,ff854321,quaternion,quaternion,0,0,0,0,2048,2048,ffc54321,ffc54321,0,0
4026,111,64,128,00000000,quaternion,quaternion,0,0,0,0,2048,2048,42c2d000,42c2d000,0,0
4027,111,64,128,80000000,quaternion,quaternion,0,0,0,0,2048,2048,42738400,42738400,0,0
4028,111,64,128,3f000000,quaternion,quaternion,0,0,0,0,2048,2048,429e4900,429e4900,0,0
4029,111,64,128,3f800000,quaternion,quaternion,0,0,0,0,2048,2048,42c2d000,42c2d000,0,0
4030,111,64,128,7fc12345,quaternion,quaternion,0,0,0,0,2048,2048,7fc12345,7fc12345,0,0
4031,111,64,128,ff854321,quaternion,quaternion,0,0,0,0,2048,2048,ffc54321,ffc54321,0,0
4032,112,64,256,00000000,quaternion,quaternion,0,0,0,0,2048,2048,c2f70000,c2f70000,0,0
4033,112,64,256,80000000,quaternion,quaternion,0,0,0,0,2048,2048,c2770000,c2770000,0,0
4034,112,64,256,3f000000,quaternion,quaternion,0,0,0,0,2048,2048,c2b94000,c2b94000,0,0
4035,112,64,256,3f800000,quaternion,quaternion,0,0,0,0,2048,2048,c2f70000,c2f70000,0,0
4036,112,64,256,7fc12345,quaternion,quaternion,0,0,0,0,2048,2048,7fc12345,7fc12345,0,0
4037,112,64,256,ff854321,quaternion,quaternion,0,0,0,0,2048,2048,ffc54321,ffc54321,0,0
4038,112,64,64,00000000,quaternion,quaternion,0,0,0,0,2048,2048,c19a0000,c19a0000,0,0
4039,112,64,64,80000000,quaternion,quaternion,0,0,0,0,2048,2048,c11a0000,c11a0000,0,0
4040,112,64,64,3f000000,quaternion,quaternion,0,0,0,0,2048,2048,c1670000,c1670000,0,0
4041,112,64,64,3f800000,quaternion,quaternion,0,0,0,0,2048,2048,c19a0000,c19a0000,0,0
4042,112,64,64,7fc12345,quaternion,quaternion,0,0,0,0,2048,2048,7fc12345,7fc12345,0,0
4043,112,64,64,ff854321,quaternion,quaternion,0,0,0,0,2048,2048,ffc54321,ffc54321,0,0
4044,112,64,48,00000000,quaternion,quaternion,0,0,0,0,2048,2048,c2550000,c2550000,0,0
4045,112,64,48,80000000,quaternion,quaternion,0,0,0,0,2048,2048,c1d50000,c1d50000,0,0
4046,112,64,48,3f000000,quaternion,quaternion,0,0,0,0,2048,2048,c21fc000,c21fc000,0,0
4047,112,64,48,3f800000,quaternion,quaternion,0,0,0,0,2048,2048,c2550000,c2550000,0,0
4048,112,64,48,7fc12345,quaternion,quaternion,0,0,0,0,2048,2048,7fc12345,7fc12345,0,0
4049,112,64,48,ff854321,quaternion,quaternion,0,0,0,0,2048,2048,ffc54321,ffc54321,0,0
4050,112,64,80,00000000,quaternion,quaternion,0,0,0,0,2048,2048,416c0000,416c0000,0,0
4051,112,64,80,80000000,quaternion,quaternion,0,0,0,0,2048,2048,40ec0000,40ec0000,0,0
4052,112,64,80,3f000000,quaternion,quaternion,0,0,0,0,2048,2048,41310000,41310000,0,0
4053,112,64,80,3f800000,quaternion,quaternion,0,0,0,0,2048,2048,416c0000,416c0000,0,0
4054,112,64,80,7fc12345,quaternion,quaternion,0,0,0,0,2048,2048,7fc12345,7fc12345,0,0
4055,112,64,80,ff854321,quaternion,quaternion,0,0,0,0,2048,2048,ffc54321,ffc54321,0,0
4056,112,128,64,00000000,quaternion,quaternion,0,0,0,0,2048,2048,c19a0000,c19a0000,0,0
4057,112,128,64,80000000,quaternion,quaternion,0,0,0,0,2048,2048,c11a0000,c11a0000,0,0
4058,112,128,64,3f000000,quaternion,quaternion,0,0,0,0,2048,2048,c1670000,c1670000,0,0
4059,112,128,64,3f800000,quaternion,quaternion,0,0,0,0,2048,2048,c19a0000,c19a0000,0,0
4060,112,128,64,7fc12345,quaternion,quaternion,0,0,0,0,2048,2048,7fc12345,7fc12345,0,0
4061,112,128,64,ff854321,quaternion,quaternion,0,0,0,0,2048,2048,ffc54321,ffc54321,0,0
4062,112,64,128,00000000,quaternion,quaternion,0,0,0,0,2048,2048,42e98000,42e98000,0,0
4063,112,64,128,80000000,quaternion,quaternion,0,0,0,0,2048,2048,42698000,42698000,0,0
4064,112,64,128,3f000000,quaternion,quaternion,0,0,0,0,2048,2048,42af2000,42af2000,0,0
4065,112,64,128,3f800000,quaternion,quaternion,0,0,0,0,2048,2048,42e98000,42e98000,0,0
4066,112,64,128,7fc12345,quaternion,quaternion,0,0,0,0,2048,2048,7fc12345,7fc12345,0,0
4067,112,64,128,ff854321,quaternion,quaternion,0,0,0,0,2048,2048,ffc54321,ffc54321,0,0
4068,113,64,256,00000000,quaternion,quaternion,0,0,0,0,2048,2048,c2f17400,c2f17400,0,0
4069,113,64,256,80000000,quaternion,quaternion,0,0,0,0,2048,2048,c2351700,c2351700,0,0
4070,113,64,256,3f000000,quaternion,quaternion,0,0,0,0,2048,2048,c2a5ffc0,c2a5ffc0,0,0
4071,113,64,256,3f800000,quaternion,quaternion,0,0,0,0,2048,2048,c2f17400,c2f17400,0,0
4072,113,64,256,7fc12345,quaternion,quaternion,0,0,0,0,2048,2048,7fc12345,7fc12345,0,0
4073,113,64,256,ff854321,quaternion,quaternion,0,0,0,0,2048,2048,ffc54321,ffc54321,0,0
4074,113,64,64,00000000,quaternion,quaternion,0,0,0,0,2048,2048,c11f6000,c11f6000,0,0
4075,113,64,64,80000000,quaternion,quaternion,0,0,0,0,2048,2048,c06f1000,c06f1000,0,0
4076,113,64,64,3f000000,quaternion,quaternion,0,0,0,0,2048,2048,c0db2400,c0db2400,0,0
4077,113,64,64,3f800000,quaternion,quaternion,0,0,0,0,2048,2048,c11f6000,c11f6000,0,0
4078,113,64,64,7fc12345,quaternion,quaternion,0,0,0,0,2048,2048,7fc12345,7fc12345,0,0
4079,113,64,64,ff854321,quaternion,quaternion,0,0,0,0,2048,2048,ffc54321,ffc54321,0,0
4080,113,64,48,00000000,quaternion,quaternion,0,0,0,0,2048,2048,c2385800,c2385800,0,0
4081,113,64,48,80000000,quaternion,quaternion,0,0,0,0,2048,2048,c18a4200,c18a4200,0,0
4082,113,64,48,3f000000,quaternion,quaternion,0,0,0,0,2048,2048,c1fd7900,c1fd7900,0,0
4083,113,64,48,3f800000,quaternion,quaternion,0,0,0,0,2048,2048,c2385800,c2385800,0,0
4084,113,64,48,7fc12345,quaternion,quaternion,0,0,0,0,2048,2048,7fc12345,7fc12345,0,0
4085,113,64,48,ff854321,quaternion,quaternion,0,0,0,0,2048,2048,ffc54321,ffc54321,0,0
4086,113,64,80,00000000,quaternion,quaternion,0,0,0,0,2048,2048,41d15000,41d15000,0,0
4087,113,64,80,80000000,quaternion,quaternion,0,0,0,0,2048,2048,411cfc00,411cfc00,0,0
4088,113,64,80,3f000000,quaternion,quaternion,0,0,0,0,2048,2048,418fe700,418fe700,0,0
4089,113,64,80,3f800000,quaternion,quaternion,0,0,0,0,2048,2048,41d15000,41d15000,0,0
4090,113,64,80,7fc12345,quaternion,quaternion,0,0,0,0,2048,2048,7fc12345,7fc12345,0,0
4091,113,64,80,ff854321,quaternion,quaternion,0,0,0,0,2048,2048,ffc54321,ffc54321,0,0
4092,113,128,64,00000000,quaternion,quaternion,0,0,0,0,2048,2048,c11f6000,c11f6000,0,0
4093,113,128,64,80000000,quaternion,quaternion,0,0,0,0,2048,2048,c06f1000,c06f1000,0,0
4094,113,128,64,3f000000,quaternion,quaternion,0,0,0,0,2048,2048,c0db2400,c0db2400,0,0
4095,113,128,64,3f800000,quaternion,quaternion,0,0,0,0,2048,2048,c11f6000,c11f6000,0,0
4096,113,128,64,7fc12345,quaternion,quaternion,0,0,0,0,2048,2048,7fc12345,7fc12345,0,0
4097,113,128,64,ff854321,quaternion,quaternion,0,0,0,0,2048,2048,ffc54321,ffc54321,0,0
4098,113,64,128,00000000,quaternion,quaternion,0,0,0,0,2048,2048,42ed1000,42ed1000,0,0
4099,113,64,128,80000000,quaternion,quaternion,0,0,0,0,2048,2048,4231cc00,4231cc00,0,0
4100,113,64,128,3f000000,quaternion,quaternion,0,0,0,0,2048,2048,42a2fb00,42a2fb00,0,0
4101,113,64,128,3f800000,quaternion,quaternion,0,0,0,0,2048,2048,42ed1000,42ed1000,0,0
4102,113,64,128,7fc12345,quaternion,quaternion,0,0,0,0,2048,2048,7fc12345,7fc12345,0,0
4103,113,64,128,ff854321,quaternion,quaternion,0,0,0,0,2048,2048,ffc54321,ffc54321,0,0
4104,114,64,256,00000000,quaternion,quaternion,0,0,0,0,2048,2048,c2eaf000,c2eaf000,0,0
4105,114,64,256,80000000,quaternion,quaternion,0,0,0,0,2048,2048,c1eaf000,c1eaf000,0,0
4106,114,64,256,3f000000,quaternion,quaternion,0,0,0,0,2048,2048,c292d600,c292d600,0,0
4107,114,64,256,3f800000,quaternion,quaternion,0,0,0,0,2048,2048,c2eaf000,c2eaf000,0,0
4108,114,64,256,7fc12345,quaternion,quaternion,0,0,0,0,2048,2048,7fc12345,7fc12345,0,0
4109,114,64,256,ff854321,quaternion,quaternion,0,0,0,0,2048,2048,ffc54321,ffc54321,0,0
4110,114,64,64,00000000,quaternion,quaternion,0,0,0,0,2048,2048,be400000,be400000,0,0
4111,114,64,64,80000000,quaternion,quaternion,0,0,0,0,2048,2048,bd400000,bd400000,0,0
4112,114,64,64,3f000000,quaternion,quaternion,0,0,0,0,2048,2048,bdf00000,bdf00000,0,0
4113,114,64,64,3f800000,quaternion,quaternion,0,0,0,0,2048,2048,be400000,be400000,0,0
4114,114,64,64,7fc12345,quaternion,quaternion,0,0,0,0,2048,2048,7fc12345,7fc12345,0,0
4115,114,64,64,ff854321,quaternion,quaternion,0,0,0,0,2048,2048,ffc54321,ffc54321,0,0
4116,114,64,48,00000000,quaternion,quaternion,0,0,0,0,2048,2048,c219c000,c219c000,0,0
4117,114,64,48,80000000,quaternion,quaternion,0,0,0,0,2048,2048,c119c000,c119c000,0,0
4118,114,64,48,3f000000,quaternion,quaternion,0,0,0,0,2048,2048,c1c03000,c1c03000,0,0
4119,114,64,48,3f800000,quaternion,quaternion,0,0,0,0,2048,2048,c219c000,c219c000,0,0
4120,114,64,48,7fc12345,quaternion,quaternion,0,0,0,0,2048,2048,7fc12345,7fc12345,0,0
4121,114,64,48,ff854321,quaternion,quaternion,0,0,0,0,2048,2048,ffc54321,ffc54321,0,0
4122,114,64,80,00000000,quaternion,quaternion,0,0,0,0,2048,2048,42184000,42184000,0,0
4123,114,64,80,80000000,quaternion,quaternion,0,0,0,0,2048,2048,41184000,41184000,0,0
4124,114,64,80,3f000000,quaternion,quaternion,0,0,0,0,2048,2048,41be5000,41be5000,0,0
4125,114,64,80,3f800000,quaternion,quaternion,0,0,0,0,2048,2048,42184000,42184000,0,0
4126,114,64,80,7fc12345,quaternion,quaternion,0,0,0,0,2048,2048,7fc12345,7fc12345,0,0
4127,114,64,80,ff854321,quaternion,quaternion,0,0,0,0,2048,2048,ffc54321,ffc54321,0,0
4128,114,128,64,00000000,quaternion,quaternion,0,0,0,0,2048,2048,be400000,be400000,0,0
4129,114,128,64,80000000,quaternion,quaternion,0,0,0,0,2048,2048,bd400000,bd400000,0,0
4130,114,128,64,3f000000,quaternion,quaternion,0,0,0,0,2048,2048,bdf00000,bdf00000,0,0
4131,114,128,64,3f800000,quaternion,quaternion,0,0,0,0,2048,2048,be400000,be400000,0,0
4132,114,128,64,7fc12345,quaternion,quaternion,0,0,0,0,2048,2048,7fc12345,7fc12345,0,0
4133,114,128,64,ff854321,quaternion,quaternion,0,0,0,0,2048,2048,ffc54321,ffc54321,0,0
4134,114,64,128,00000000,quaternion,quaternion,0,0,0,0,2048,2048,42f19800,42f19800,0,0
4135,114,64,128,80000000,quaternion,quaternion,0,0,0,0,2048,2048,41f19800,41f19800,0,0
4136,114,64,128,3f000000,quaternion,quaternion,0,0,0,0,2048,2048,4296ff00,4296ff00,0,0
4137,114,64,128,3f800000,quaternion,quaternion,0,0,0,0,2048,2048,42f19800,42f19800,0,0
4138,114,64,128,7fc12345,quaternion,quaternion,0,0,0,0,2048,2048,7fc12345,7fc12345,0,0
4139,114,64,128,ff854321,quaternion,quaternion,0,0,0,0,2048,2048,ffc54321,ffc54321,0,0
4140,115,64,256,00000000,quaternion,quaternion,0,0,0,0,2048,2048,c2e37400,c2e37400,0,0
4141,115,64,256,80000000,quaternion,quaternion,0,0,0,0,2048,2048,c1637400,c1637400,0,0
4142,115,64,256,3f000000,quaternion,quaternion,0,0,0,0,2048,2048,c27fe280,c27fe280,0,0
4143,115,64,256,3f800000,quaternion,quaternion,0,0,0,0,2048,2048,c2e37400,c2e37400,0,0
4144,115,64,256,7fc12345,quaternion,quaternion,0,0,0,0,2048,2048,7fc12345,7fc12345,0,0
4145,115,64,256,ff854321,quaternion,quaternion,0,0,0,0,2048,2048,ffc54321,ffc54321,0,0
4146,115,64,64,00000000,quaternion,quaternion,0,0,0,0,2048,2048,41212000,41212000,0,0
4147,115,64,64,80000000,quaternion,quaternion,0,0,0,0,2048,2048,3fa12000,3fa12000,0,0
4148,115,64,64,3f000000,quaternion,quaternion,0,0,0,0,2048,2048,40b54400,40b54400,0,0
4149,115,64,64,3f800000,quaternion,quaternion,0,0,0,0,2048,2048,41212000,41212000,0,0
4150,115,64,64,7fc12345,quaternion,quaternion,0,0,0,0,2048,2048,7fc12345,7fc12345,0,0
4151,115,64,64,ff854321,quaternion,quaternion,0,0,0,0,2048,2048,ffc54321,ffc54321,0,0
4152,115,64,48,00000000,quaternion,quaternion,0,0,0,0,2048,2048,c1f27000,c1f27000,0,0
4153,115,64,48,80000000,quaternion,quaternion,0,0,0,0,2048,2048,c0727000,c0727000,0,0
4154,115,64,48,3f000000,quaternion,quaternion,0,0,0,0,2048,2048,c1885f00,c1885f00,0,0
4155,115,64,48,3f800000,quaternion,quaternion,0,0,0,0,2048,2048,c1f27000,c1f27000,0,0
4156,115,64,48,7fc12345,quaternion,quaternion,0,0,0,0,2048,2048,7fc12345,7fc12345,0,0
4157,115,64,48,ff854321,quaternion,quaternion,0,0,0,0,2048,2048,ffc54321,ffc54321,0,0
4158,115,64,80,00000000,quaternion,quaternion,0,0,0,0,2048,2048,401b0000,401b0000,0,0
4159,115,64,80,80000000,quaternion,quaternion,0,0,0,0,2048,2048,3e9b0000,3e9b0000,0,0
4160,115,64,80,3f000000,quaternion,quaternion,0,0,0,0,2048,2048,3fae6000,3fae6000,0,0
4161,115,64,80,3f800000,quaternion,quaternion,0,0,0,0,2048,2048,401b0000,401b0000,0,0
4162,115,64,80,7fc12345,quaternion,quaternion,0,0,0,0,2048,2048,7fc12345,7fc12345,0,0
4163,115,64,80,ff854321,quaternion,quaternion,0,0,0,0,2048,2048,ffc54321,ffc54321,0,0
4164,115,128,64,00000000,quaternion,quaternion,0,0,0,0,2048,2048,41212000,41212000,0,0
4165,115,128,64,80000000,quaternion,quaternion,0,0,0,0,2048,2048,3fa12000,3fa12000,0,0
4166,115,128,64,3f000000,quaternion,quaternion,0,0,0,0,2048,2048,40b54400,40b54400,0,0
4167,115,128,64,3f800000,quaternion,quaternion,0,0,0,0,2048,2048,41212000,41212000,0,0
4168,115,128,64,7fc12345,quaternion,quaternion,0,0,0,0,2048,2048,7fc12345,7fc12345,0,0
4169,115,128,64,ff854321,quaternion,quaternion,0,0,0,0,2048,2048,ffc54321,ffc54321,0,0
4170,115,64,128,00000000,quaternion,quaternion,0,0,0,0,2048,2048,c3049400,c3049400,0,0
4171,115,64,128,80000000,quaternion,quaternion,0,0,0,0,2048,2048,c1849400,c1849400,0,0
4172,115,64,128,3f000000,quaternion,quaternion,0,0,0,0,2048,2048,c2952680,c2952680,0,0
4173,115,64,128,3f800000,quaternion,quaternion,0,0,0,0,2048,2048,c3049400,c3049400,0,0
4174,115,64,128,7fc12345,quaternion,quaternion,0,0,0,0,2048,2048,7fc12345,7fc12345,0,0
4175,115,64,128,ff854321,quaternion,quaternion,0,0,0,0,2048,2048,ffc54321,ffc54321,0,0
4176,116,64,256,00000000,quaternion,quaternion,0,0,0,0,2048,2048,c2db0000,c2db0000,0,0
4177,116,64,256,80000000,quaternion,quaternion,0,0,0,0,2048,2048,80000000,80000000,0,0
4178,116,64,256,3f000000,quaternion,quaternion,0,0,0,0,2048,2048,c25b0000,c25b0000,0,0
4179,116,64,256,3f800000,quaternion,quaternion,0,0,0,0,2048,2048,c2db0000,c2db0000,0,0
4180,116,64,256,7fc12345,quaternion,quaternion,0,0,0,0,2048,2048,7fc12345,7fc12345,0,0
4181,116,64,256,ff854321,quaternion,quaternion,0,0,0,0,2048,2048,ffc54321,ffc54321,0,0
4182,116,64,64,00000000,quaternion,quaternion,0,0,0,0,2048,2048,41a68000,41a68000,0,0
4183,116,64,64,80000000,quaternion,quaternion,0,0,0,0,2048,2048,00000000,00000000,0,0
4184,116,64,64,3f000000,quaternion,quaternion,0,0,0,0,2048,2048,41268000,41268000,0,0
4185,116,64,64,3f800000,quaternion,quaternion,0,0,0,0,2048,2048,41a68000,41a68000,0,0
4186,116,64,64,7fc12345,quaternion,quaternion,0,0,0,0,2048,2048,7fc12345,7fc12345,0,0
4187,116,64,64,ff854321,quaternion,quaternion,0,0,0,0,2048,2048,ffc54321,ffc54321,0,0
4188,116,64,48,00000000,quaternion,quaternion,0,0,0,0,2048,2048,c1ad8000,c1ad8000,0,0
4189,116,64,48,80000000,quaternion,quaternion,0,0,0,0,2048,2048,80000000,80000000,0,0
4190,116,64,48,3f000000,quaternion,quaternion,0,0,0,0,2048,2048,c12d8000,c12d8000,0,0
4191,116,64,48,3f800000,quaternion,quaternion,0,0,0,0,2048,2048,c1ad8000,c1ad8000,0,0
4192,116,64,48,7fc12345,quaternion,quaternion,0,0,0,0,2048,2048,7fc12345,7fc12345,0,0
4193,116,64,48,ff854321,quaternion,quaternion,0,0,0,0,2048,2048,ffc54321,ffc54321,0,0
4194,116,64,80,00000000,quaternion,quaternion,0,0,0,0,2048,2048,bf380000,bf380000,0,0
4195,116,64,80,80000000,quaternion,quaternion,0,0,0,0,2048,2048,80000000,80000000,0,0
4196,116,64,80,3f000000,quaternion,quaternion,0,0,0,0,2048,2048,beb80000,beb80000,0,0
4197,116,64,80,3f800000,quaternion,quaternion,0,0,0,0,2048,2048,bf380000,bf380000,0,0
4198,116,64,80,7fc12345,quaternion,quaternion,0,0,0,0,2048,2048,7fc12345,7fc12345,0,0
4199,116,64,80,ff854321,quaternion,quaternion,0,0,0,0,2048,2048,ffc54321,ffc54321,0,0
4200,116,128,64,00000000,quaternion,quaternion,0,0,0,0,2048,2048,41a68000,41a68000,0,0
4201,116,128,64,80000000,quaternion,quaternion,0,0,0,0,2048,2048,00000000,00000000,0,0
4202,116,128,64,3f000000,quaternion,quaternion,0,0,0,0,2048,2048,41268000,41268000,0,0
4203,116,128,64,3f800000,quaternion,quaternion,0,0,0,0,2048,2048,41a68000,41a68000,0,0
4204,116,128,64,7fc12345,quaternion,quaternion,0,0,0,0,2048,2048,7fc12345,7fc12345,0,0
4205,116,128,64,ff854321,quaternion,quaternion,0,0,0,0,2048,2048,ffc54321,ffc54321,0,0
4206,116,64,128,00000000,quaternion,quaternion,0,0,0,0,2048,2048,c3015800,c3015800,0,0
4207,116,64,128,80000000,quaternion,quaternion,0,0,0,0,2048,2048,80000000,80000000,0,0
4208,116,64,128,3f000000,quaternion,quaternion,0,0,0,0,2048,2048,c2815800,c2815800,0,0
4209,116,64,128,3f800000,quaternion,quaternion,0,0,0,0,2048,2048,c3015800,c3015800,0,0
4210,116,64,128,7fc12345,quaternion,quaternion,0,0,0,0,2048,2048,7fc12345,7fc12345,0,0
4211,116,64,128,ff854321,quaternion,quaternion,0,0,0,0,2048,2048,ffc54321,ffc54321,0,0
4212,117,64,256,00000000,quaternion,quaternion,0,0,0,0,2048,2048,c2d19400,c2d19400,0,0
4213,117,64,256,80000000,quaternion,quaternion,0,0,0,0,2048,2048,c2d19400,c2d19400,0,0
4214,117,64,256,3f000000,quaternion,quaternion,0,0,0,0,2048,2048,c2d19400,c2d19400,0,0
4215,117,64,256,3f800000,quaternion,quaternion,0,0,0,0,2048,2048,c2d19400,c2d19400,0,0
4216,117,64,256,7fc12345,quaternion,quaternion,0,0,0,0,2048,2048,7fc12345,7fc12345,0,0
4217,117,64,256,ff854321,quaternion,quaternion,0,0,0,0,2048,2048,ffc54321,ffc54321,0,0
4218,117,64,64,00000000,quaternion,quaternion,0,0,0,0,2048,2048,42002800,42002800,0,0
4219,117,64,64,80000000,quaternion,quaternion,0,0,0,0,2048,2048,42002800,42002800,0,0
4220,117,64,64,3f000000,quaternion,quaternion,0,0,0,0,2048,2048,42002800,42002800,0,0
4221,117,64,64,3f800000,quaternion,quaternion,0,0,0,0,2048,2048,42002800,42002800,0,0
4222,117,64,64,7fc12345,quaternion,quaternion,0,0,0,0,2048,2048,7fc12345,7fc12345,0,0
4223,117,64,64,ff854321,quaternion,quaternion,0,0,0,0,2048,2048,ffc54321,ffc54321,0,0
4224,117,64,48,00000000,quaternion,quaternion,0,0,0,0,2048,2048,c1496000,c1496000,0,0
4225,117,64,48,80000000,quaternion,quaternion,0,0,0,0,2048,2048,c1496000,c1496000,0,0
4226,117,64,48,3f000000,quaternion,quaternion,0,0,0,0,2048,2048,c1496000,c1496000,0,0
4227,117,64,48,3f800000,quaternion,quaternion,0,0,0,0,2048,2048,c1496000,c1496000,0,0
4228,117,64,48,7fc12345,quaternion,quaternion,0,0,0,0,2048,2048,7fc12345,7fc12345,0,0
4229,117,64,48,ff854321,quaternion,quaternion,0,0,0,0,2048,2048,ffc54321,ffc54321,0,0
4230,117,64,80,00000000,quaternion,quaternion,0,0,0,0,2048,2048,c0580000,c0580000,0,0
4231,117,64,80,80000000,quaternion,quaternion,0,0,0,0,2048,2048,c0580000,c0580000,0,0
4232,117,64,80,3f000000,quaternion,quaternion,0,0,0,0,2048,2048,c0580000,c0580000,0,0
4233,117,64,80,3f800000,quaternion,quaternion,0,0,0,0,2048,2048,c0580000,c0580000,0,0
4234,117,64,80,7fc12345,quaternion,quaternion,0,0,0,0,2048,2048,7fc12345,7fc12345,0,0
4235,117,64,80,ff854321,quaternion,quaternion,0,0,0,0,2048,2048,ffc54321,ffc54321,0,0
4236,117,128,64,00000000,quaternion,quaternion,0,0,0,0,2048,2048,42002800,42002800,0,0
4237,117,128,64,80000000,quaternion,quaternion,0,0,0,0,2048,2048,42002800,42002800,0,0
4238,117,128,64,3f000000,quaternion,quaternion,0,0,0,0,2048,2048,42002800,42002800,0,0
4239,117,128,64,3f800000,quaternion,quaternion,0,0,0,0,2048,2048,42002800,42002800,0,0
4240,117,128,64,7fc12345,quaternion,quaternion,0,0,0,0,2048,2048,7fc12345,7fc12345,0,0
4241,117,128,64,ff854321,quaternion,quaternion,0,0,0,0,2048,2048,ffc54321,ffc54321,0,0
4242,117,64,128,00000000,quaternion,quaternion,0,0,0,0,2048,2048,c2fb4000,c2fb4000,0,0
4243,117,64,128,80000000,quaternion,quaternion,0,0,0,0,2048,2048,c2fb4000,c2fb4000,0,0
4244,117,64,128,3f000000,quaternion,quaternion,0,0,0,0,2048,2048,c2fb4000,c2fb4000,0,0
4245,117,64,128,3f800000,quaternion,quaternion,0,0,0,0,2048,2048,c2fb4000,c2fb4000,0,0
4246,117,64,128,7fc12345,quaternion,quaternion,0,0,0,0,2048,2048,7fc12345,7fc12345,0,0
4247,117,64,128,ff854321,quaternion,quaternion,0,0,0,0,2048,2048,ffc54321,ffc54321,0,0
4248,118,64,256,00000000,quaternion,quaternion,0,0,0,0,2048,2048,c2c73000,c2c73000,0,0
4249,118,64,256,80000000,quaternion,quaternion,0,0,0,0,2048,2048,c2ae4a00,c2ae4a00,0,0
4250,118,64,256,3f000000,quaternion,quaternion,0,0,0,0,2048,2048,c2babd00,c2babd00,0,0
4251,118,64,256,3f800000,quaternion,quaternion,0,0,0,0,2048,2048,c2c73000,c2c73000,0,0
4252,118,64,256,7fc12345,quaternion,quaternion,0,0,0,0,2048,2048,7fc12345,7fc12345,0,0
4253,118,64,256,ff854321,quaternion,quaternion,0,0,0,0,2048,2048,ffc54321,ffc54321,0,0
4254,118,64,64,00000000,quaternion,quaternion,0,0,0,0,2048,2048,422f0000,422f0000,0,0
4255,118,64,64,80000000,quaternion,quaternion,0,0,0,0,2048,2048,42192000,42192000,0,0
4256,118,64,64,3f000000,quaternion,quaternion,0,0,0,0,2048,2048,42241000,42241000,0,0
4257,118,64,64,3f800000,quaternion,quaternion,0,0,0,0,2048,2048,422f0000,422f0000,0,0
4258,118,64,64,7fc12345,quaternion,quaternion,0,0,0,0,2048,2048,7fc12345,7fc12345,0,0
4259,118,64,64,ff854321,quaternion,quaternion,0,0,0,0,2048,2048,ffc54321,ffc54321,0,0
4260,118,64,48,00000000,quaternion,quaternion,0,0,0,0,2048,2048,c0400000,c0400000,0,0
4261,118,64,48,80000000,quaternion,quaternion,0,0,0,0,2048,2048,c0280000,c0280000,0,0
4262,118,64,48,3f000000,quaternion,quaternion,0,0,0,0,2048,2048,c0340000,c0340000,0,0
4263,118,64,48,3f800000,quaternion,quaternion,0,0,0,0,2048,2048,c0400000,c0400000,0,0
4264,118,64,48,7fc12345,quaternion,quaternion,0,0,0,0,2048,2048,7fc12345,7fc12345,0,0
4265,118,64,48,ff854321,quaternion,quaternion,0,0,0,0,2048,2048,ffc54321,ffc54321,0,0
4266,118,64,80,00000000,quaternion,quaternion,0,0,0,0,2048,2048,c0b18000,c0b18000,0,0
4267,118,64,80,80000000,quaternion,quaternion,0,0,0,0,2048,2048,c09b5000,c09b5000,0,0
4268,118,64,80,3f000000,quaternion,quaternion,0,0,0,0,2048,2048,c0a66800,c0a66800,0,0
4269,118,64,80,3f800000,quaternion,quaternion,0,0,0,0,2048,2048,c0b18000,c0b18000,0,0
4270,118,64,80,7fc12345,quaternion,quaternion,0,0,0,0,2048,2048,7fc12345,7fc12345,0,0
4271,118,64,80,ff854321,quaternion,quaternion,0,0,0,0,2048,2048,ffc54321,ffc54321,0,0
4272,118,128,64,00000000,quaternion,quaternion,0,0,0,0,2048,2048,422f0000,422f0000,0,0
4273,118,128,64,80000000,quaternion,quaternion,0,0,0,0,2048,2048,42192000,42192000,0,0
4274,118,128,64,3f000000,quaternion,quaternion,0,0,0,0,2048,2048,42241000,42241000,0,0
4275,118,128,64,3f800000,quaternion,quaternion,0,0,0,0,2048,2048,422f0000,422f0000,0,0
4276,118,128,64,7fc12345,quaternion,quaternion,0,0,0,0,2048,2048,7fc12345,7fc12345,0,0
4277,118,128,64,ff854321,quaternion,quaternion,0,0,0,0,2048,2048,ffc54321,ffc54321,0,0
4278,118,64,128,00000000,quaternion,quaternion,0,0,0,0,2048,2048,c2f2d800,c2f2d800,0,0
4279,118,64,128,80000000,quaternion,quaternion,0,0,0,0,2048,2048,c2d47d00,c2d47d00,0,0
4280,118,64,128,3f000000,quaternion,quaternion,0,0,0,0,2048,2048,c2e3aa80,c2e3aa80,0,0
4281,118,64,128,3f800000,quaternion,quaternion,0,0,0,0,2048,2048,c2f2d800,c2f2d800,0,0
4282,118,64,128,7fc12345,quaternion,quaternion,0,0,0,0,2048,2048,7fc12345,7fc12345,0,0
4283,118,64,128,ff854321,quaternion,quaternion,0,0,0,0,2048,2048,ffc54321,ffc54321,0,0
4284,119,64,256,00000000,quaternion,quaternion,0,0,0,0,2048,2048,c2c0c000,c2c0c000,0,0
4285,119,64,256,80000000,quaternion,quaternion,0,0,0,0,2048,2048,c2909000,c2909000,0,0
4286,119,64,256,3f000000,quaternion,quaternion,0,0,0,0,2048,2048,c2a8a800,c2a8a800,0,0
4287,119,64,256,3f800000,quaternion,quaternion,0,0,0,0,2048,2048,c2c0c000,c2c0c000,0,0
4288,119,64,256,7fc12345,quaternion,quaternion,0,0,0,0,2048,2048,7fc12345,7fc12345,0,0
4289,119,64,256,ff854321,quaternion,quaternion,0,0,0,0,2048,2048,ffc54321,ffc54321,0,0
4290,119,64,64,00000000,quaternion,quaternion,0,0,0,0,2048,2048,40fc0000,40fc0000,0,0
4291,119,64,64,80000000,quaternion,quaternion,0,0,0,0,2048,2048,40bd0000,40bd0000,0,0
4292,119,64,64,3f000000,quaternion,quaternion,0,0,0,0,2048,2048,40dc8000,40dc8000,0,0
4293,119,64,64,3f800000,quaternion,quaternion,0,0,0,0,2048,2048,40fc0000,40fc0000,0,0
4294,119,64,64,7fc12345,quaternion,quaternion,0,0,0,0,2048,2048,7fc12345,7fc12345,0,0
4295,119,64,64,ff854321,quaternion,quaternion,0,0,0,0,2048,2048,ffc54321,ffc54321,0,0
4296,119,64,48,00000000,quaternion,quaternion,0,0,0,0,2048,2048,c1d10000,c1d10000,0,0
4297,119,64,48,80000000,quaternion,quaternion,0,0,0,0,2048,2048,c19cc000,c19cc000,0,0
4298,119,64,48,3f000000,quaternion,quaternion,0,0,0,0,2048,2048,c1b6e000,c1b6e000,0,0
4299,119,64,48,3f800000,quaternion,quaternion,0,0,0,0,2048,2048,c1d10000,c1d10000,0,0
4300,119,64,48,7fc12345,quaternion,quaternion,0,0,0,0,2048,2048,7fc12345,7fc12345,0,0
4301,119,64,48,ff854321,quaternion,quaternion,0,0,0,0,2048,2048,ffc54321,ffc54321,0,0
4302,119,64,80,00000000,quaternion,quaternion,0,0,0,0,2048,2048,42278000,42278000,0,0
4303,119,64,80,80000000,quaternion,quaternion,0,0,0,0,2048,2048,41fb4000,41fb4000,0,0
4304,119,64,80,3f000000,quaternion,quaternion,0,0,0,0,2048,2048,42129000,42129000,0,0
4305,119,64,80,3f800000,quaternion,quaternion,0,0,0,0,2048,2048,42278000,42278000,0,0
4306,119,64,80,7fc12345,quaternion,quaternion,0,0,0,0,2048,2048,7fc12345,7fc12345,0,0
4307,119,64,80,ff854321,quaternion,quaternion,0,0,0,0,2048,2048,ffc54321,ffc54321,0,0
4308,119,128,64,00000000,quaternion,quaternion,0,0,0,0,2048,2048,40fc0000,40fc0000,0,0
4309,119,128,64,80000000,quaternion,quaternion,0,0,0,0,2048,2048,40bd0000,40bd0000,0,0
4310,119,128,64,3f000000,quaternion,quaternion,0,0,0,0,2048,2048,40dc8000,40dc8000,0,0
4311,119,128,64,3f800000,quaternion,quaternion,0,0,0,0,2048,2048,40fc0000,40fc0000,0,0
4312,119,128,64,7fc12345,quaternion,quaternion,0,0,0,0,2048,2048,7fc12345,7fc12345,0,0
4313,119,128,64,ff854321,quaternion,quaternion,0,0,0,0,2048,2048,ffc54321,ffc54321,0,0
4314,119,64,128,00000000,quaternion,quaternion,0,0,0,0,2048,2048,c2e08000,c2e08000,0,0
4315,119,64,128,80000000,quaternion,quaternion,0,0,0,0,2048,2048,c2a86000,c2a86000,0,0
4316,119,64,128,3f000000,quaternion,quaternion,0,0,0,0,2048,2048,c2c47000,c2c47000,0,0
4317,119,64,128,3f800000,quaternion,quaternion,0,0,0,0,2048,2048,c2e08000,c2e08000,0,0
4318,119,64,128,7fc12345,quaternion,quaternion,0,0,0,0,2048,2048,7fc12345,7fc12345,0,0
4319,119,64,128,ff854321,quaternion,quaternion,0,0,0,0,2048,2048,ffc54321,ffc54321,0,0
4320,120,64,256,00000000,quaternion,quaternion,0,0,0,0,2048,2048,c2b7d000,c2b7d000,0,0
4321,120,64,256,80000000,quaternion,quaternion,0,0,0,0,2048,2048,c265c400,c265c400,0,0
4322,120,64,256,3f000000,quaternion,quaternion,0,0,0,0,2048,2048,c2955900,c2955900,0,0
4323,120,64,256,3f800000,quaternion,quaternion,0,0,0,0,2048,2048,c2b7d000,c2b7d000,0,0
4324,120,64,256,7fc12345,quaternion,quaternion,0,0,0,0,2048,2048,7fc12345,7fc12345,0,0
4325,120,64,256,ff854321,quaternion,quaternion,0,0,0,0,2048,2048,ffc54321,ffc54321,0,0
4326,120,64,64,00000000,quaternion,quaternion,0,0,0,0,2048,2048,4196e000,4196e000,0,0
4327,120,64,64,80000000,quaternion,quaternion,0,0,0,0,2048,2048,413c9800,413c9800,0,0
4328,120,64,64,3f000000,quaternion,quaternion,0,0,0,0,2048,2048,41752c00,41752c00,0,0
4329,120,64,64,3f800000,quaternion,quaternion,0,0,0,0,2048,2048,4196e000,4196e000,0,0
4330,120,64,64,7fc12345,quaternion,quaternion,0,0,0,0,2048,2048,7fc12345,7fc12345,0,0
4331,120,64,64,ff854321,quaternion,quaternion,0,0,0,0,2048,2048,ffc54321,ffc54321,0,0
4332,120,64,48,00000000,quaternion,quaternion,0,0,0,0,2048,2048,c18a2000,c18a2000,0,0
4333,120,64,48,80000000,quaternion,quaternion,0,0,0,0,2048,2048,c12ca800,c12ca800,0,0
4334,120,64,48,3f000000,quaternion,quaternion,0,0,0,0,2048,2048,c1607400,c1607400,0,0
4335,120,64,48,3f800000,quaternion,quaternion,0,0,0,0,2048,2048,c18a2000,c18a2000,0,0
4336,120,64,48,7fc12345,quaternion,quaternion,0,0,0,0,2048,2048,7fc12345,7fc12345,0,0
4337,120,64,48,ff854321,quaternion,quaternion,0,0,0,0,2048,2048,ffc54321,ffc54321,0,0
4338,120,64,80,00000000,quaternion,quaternion,0,0,0,0,2048,2048,421be800,421be800,0,0
4339,120,64,80,80000000,quaternion,quaternion,0,0,0,0,2048,2048,41c2e200,41c2e200,0,0
4340,120,64,80,3f000000,quaternion,quaternion,0,0,0,0,2048,2048,41fd5900,41fd5900,0,0
4341,120,64,80,3f800000,quaternion,quaternion,0,0,0,0,2048,2048,421be800,421be800,0,0
4342,120,64,80,7fc12345,quaternion,quaternion,0,0,0,0,2048,2048,7fc12345,7fc12345,0,0
4343,120,64,80,ff854321,quaternion,quaternion,0,0,0,0,2048,2048,ffc54321,ffc54321,0,0
4344,120,128,64,00000000,quaternion,quaternion,0,0,0,0,2048,2048,4196e000,4196e000,0,0
4345,120,128,64,80000000,quaternion,quaternion,0,0,0,0,2048,2048,413c9800,413c9800,0,0
4346,120,128,64,3f000000,quaternion,quaternion,0,0,0,0,2048,2048,41752c00,41752c00,0,0
4347,120,128,64,3f800000,quaternion,quaternion,0,0,0,0,2048,2048,4196e000,4196e000,0,0
4348,120,128,64,7fc12345,quaternion,quaternion,0,0,0,0,2048,2048,7fc12345,7fc12345,0,0
4349,120,128,64,ff854321,quaternion,quaternion,0,0,0,0,2048,2048,ffc54321,ffc54321,0,0
4350,120,64,128,00000000,quaternion,quaternion,0,0,0,0,2048,2048,c2d98c00,c2d98c00,0,0
4351,120,64,128,80000000,quaternion,quaternion,0,0,0,0,2048,2048,c287f780,c287f780,0,0
4352,120,64,128,3f000000,quaternion,quaternion,0,0,0,0,2048,2048,c2b0c1c0,c2b0c1c0,0,0
4353,120,64,128,3f800000,quaternion,quaternion,0,0,0,0,2048,2048,c2d98c00,c2d98c00,0,0
4354,120,64,128,7fc12345,quaternion,quaternion,0,0,0,0,2048,2048,7fc12345,7fc12345,0,0
4355,120,64,128,ff854321,quaternion,quaternion,0,0,0,0,2048,2048,ffc54321,ffc54321,0,0
4356,121,64,256,00000000,quaternion,quaternion,0,0,0,0,2048,2048,c2ade800,c2ade800,0,0
4357,121,64,256,80000000,quaternion,quaternion,0,0,0,0,2048,2048,c22de800,c22de800,0,0
4358,121,64,256,3f000000,quaternion,quaternion,0,0,0,0,2048,2048,c2826e00,c2826e00,0,0
4359,121,64,256,3f800000,quaternion,quaternion,0,0,0,0,2048,2048,c2ade800,c2ade800,0,0
4360,121,64,256,7fc12345,quaternion,quaternion,0,0,0,0,2048,2048,7fc12345,7fc12345,0,0
4361,121,64,256,ff854321,quaternion,quaternion,0,0,0,0,2048,2048,ffc54321,ffc54321,0,0
4362,121,64,64,00000000,quaternion,quaternion,0,0,0,0,2048,2048,41f2a000,41f2a000,0,0
4363,121,64,64,80000000,quaternion,quaternion,0,0,0,0,2048,2048,4172a000,4172a000,0,0
4364,121,64,64,3f000000,quaternion,quaternion,0,0,0,0,2048,2048,41b5f800,41b5f800,0,0
4365,121,64,64,3f800000,quaternion,quaternion,0,0,0,0,2048,2048,41f2a000,41f2a000,0,0
4366,121,64,64,7fc12345,quaternion,quaternion,0,0,0,0,2048,2048,7fc12345,7fc12345,0,0
4367,121,64,64,ff854321,quaternion,quaternion,0,0,0,0,2048,2048,ffc54321,ffc54321,0,0
4368,121,64,48,00000000,quaternion,quaternion,0,0,0,0,2048,2048,c0fd8000,c0fd8000,0,0
4369,121,64,48,80000000,quaternion,quaternion,0,0,0,0,2048,2048,c07d8000,c07d8000,0,0
4370,121,64,48,3f000000,quaternion,quaternion,0,0,0,0,2048,2048,c0be2000,c0be2000,0,0
4371,121,64,48,3f800000,quaternion,quaternion,0,0,0,0,2048,2048,c0fd8000,c0fd8000,0,0
4372,121,64,48,7fc12345,quaternion,quaternion,0,0,0,0,2048,2048,7fc12345,7fc12345,0,0
4373,121,64,48,ff854321,quaternion,quaternion,0,0,0,0,2048,2048,ffc54321,ffc54321,0,0
4374,121,64,80,00000000,quaternion,quaternion,0,0,0,0,2048,2048,42124000,42124000,0,0
4375,121,64,80,80000000,quaternion,quaternion,0,0,0,0,2048,2048,41924000,41924000,0,0
4376,121,64,80,3f000000,quaternion,quaternion,0,0,0,0,2048,2048,41db6000,41db6000,0,0
4377,121,64,80,3f800000,quaternion,quaternion,0,0,0,0,2048,2048,42124000,42124000,0,0
4378,121,64,80,7fc12345,quaternion,quaternion,0,0,0,0,2048,2048,7fc12345,7fc12345,0,0
4379,121,64,80,ff854321,quaternion,quaternion,0,0,0,0,2048,2048,ffc54321,ffc54321,0,0
4380,121,128,64,00000000,quaternion,quaternion,0,0,0,0,2048,2048,41f2a000,41f2a000,0,0
4381,121,128,64,80000000,quaternion,quaternion,0,0,0,0,2048,2048,4172a000,4172a000,0,0
4382,121,128,64,3f000000,quaternion,quaternion,0,0,0,0,2048,2048,41b5f800,41b5f800,0,0
4383,121,128,64,3f800000,quaternion,quaternion,0,0,0,0,2048,2048,41f2a000,41f2a000,0,0
4384,121,128,64,7fc12345,quaternion,quaternion,0,0,0,0,2048,2048,7fc12345,7fc12345,0,0
4385,121,128,64,ff854321,quaternion,quaternion,0,0,0,0,2048,2048,ffc54321,ffc54321,0,0
4386,121,64,128,00000000,quaternion,quaternion,0,0,0,0,2048,2048,c2d1a000,c2d1a000,0,0
4387,121,64,128,80000000,quaternion,quaternion,0,0,0,0,2048,2048,c251a000,c251a000,0,0
4388,121,64,128,3f000000,quaternion,quaternion,0,0,0,0,2048,2048,c29d3800,c29d3800,0,0
4389,121,64,128,3f800000,quaternion,quaternion,0,0,0,0,2048,2048,c2d1a000,c2d1a000,0,0
4390,121,64,128,7fc12345,quaternion,quaternion,0,0,0,0,2048,2048,7fc12345,7fc12345,0,0
4391,121,64,128,ff854321,quaternion,quaternion,0,0,0,0,2048,2048,ffc54321,ffc54321,0,0
4392,122,64,256,00000000,quaternion,quaternion,0,0,0,0,2048,2048,c2a30800,c2a30800,0,0
4393,122,64,256,80000000,quaternion,quaternion,0,0,0,0,2048,2048,c1f48c00,c1f48c00,0,0
4394,122,64,256,3f000000,quaternion,quaternion,0,0,0,0,2048,2048,c2602b00,c2602b00,0,0
4395,122,64,256,3f800000,quaternion,quaternion,0,0,0,0,2048,2048,c2a30800,c2a30800,0,0
4396,122,64,256,7fc12345,quaternion,quaternion,0,0,0,0,2048,2048,7fc12345,7fc12345,0,0
4397,122,64,256,ff854321,quaternion,quaternion,0,0,0,0,2048,2048,ffc54321,ffc54321,0,0
4398,122,64,64,00000000,quaternion,quaternion,0,0,0,0,2048,2048,42292000,42292000,0,0
4399,122,64,64,80000000,quaternion,quaternion,0,0,0,0,2048,2048,417db000,417db000,0,0
4400,122,64,64,3f000000,quaternion,quaternion,0,0,0,0,2048,2048,41e88c00,41e88c00,0,0
4401,122,64,64,3f800000,quaternion,quaternion,0,0,0,0,2048,2048,42292000,42292000,0,0
4402,122,64,64,7fc12345,quaternion,quaternion,0,0,0,0,2048,2048,7fc12345,7fc12345,0,0
4403,122,64,64,ff854321,quaternion,quaternion,0,0,0,0,2048,2048,ffc54321,ffc54321,0,0
4404,122,64,48,00000000,quaternion,quaternion,0,0,0,0,2048,2048,3ff40000,3ff40000,0,0
4405,122,64,48,80000000,quaternion,quaternion,0,0,0,0,2048,2048,3f370000,3f370000,0,0
4406,122,64,48,3f000000,quaternion,quaternion,0,0,0,0,2048,2048,3fa7c000,3fa7c000,0,0
4407,122,64,48,3f800000,quaternion,quaternion,0,0,0,0,2048,2048,3ff40000,3ff40000,0,0
4408,122,64,48,7fc12345,quaternion,quaternion,0,0,0,0,2048,2048,7fc12345,7fc12345,0,0
4409,122,64,48,ff854321,quaternion,quaternion,0,0,0,0,2048,2048,ffc54321,ffc54321,0,0
4410,122,64,80,00000000,quaternion,quaternion,0,0,0,0,2048,2048,420a8800,420a8800,0,0
4411,122,64,80,80000000,quaternion,quaternion,0,0,0,0,2048,2048,414fcc00,414fcc00,0,0
4412,122,64,80,3f000000,quaternion,quaternion,0,0,0,0,2048,2048,41be7b00,41be7b00,0,0
4413,122,64,80,3f800000,quaternion,quaternion,0,0,0,0,2048,2048,420a8800,420a8800,0,0
4414,122,64,80,7fc12345,quaternion,quaternion,0,0,0,0,2048,2048,7fc12345,7fc12345,0,0
4415,122,64,80,ff854321,quaternion,quaternion,0,0,0,0,2048,2048,ffc54321,ffc54321,0,0
4416,122,128,64,00000000,quaternion,quaternion,0,0,0,0,2048,2048,42292000,42292000,0,0
4417,122,128,64,80000000,quaternion,quaternion,0,0,0,0,2048,2048,417db000,417db000,0,0
4418,122,128,64,3f000000,quaternion,quaternion,0,0,0,0,2048,2048,41e88c00,41e88c00,0,0
4419,122,128,64,3f800000,quaternion,quaternion,0,0,0,0,2048,2048,42292000,42292000,0,0
4420,122,128,64,7fc12345,quaternion,quaternion,0,0,0,0,2048,2048,7fc12345,7fc12345,0,0
4421,122,128,64,ff854321,quaternion,quaternion,0,0,0,0,2048,2048,ffc54321,ffc54321,0,0
4422,122,64,128,00000000,quaternion,quaternion,0,0,0,0,2048,2048,c2c8bc00,c2c8bc00,0,0
4423,122,64,128,80000000,quaternion,quaternion,0,0,0,0,2048,2048,c2168d00,c2168d00,0,0
4424,122,64,128,3f000000,quaternion,quaternion,0,0,0,0,2048,2048,c28a0140,c28a0140,0,0
4425,122,64,128,3f800000,quaternion,quaternion,0,0,0,0,2048,2048,c2c8bc00,c2c8bc00,0,0
4426,122,64,128,7fc12345,quaternion,quaternion,0,0,0,0,2048,2048,7fc12345,7fc12345,0,0
4427,122,64,128,ff854321,quaternion,quaternion,0,0,0,0,2048,2048,ffc54321,ffc54321,0,0
4428,123,64,256,00000000,quaternion,quaternion,0,0,0,0,2048,2048,c2973000,c2973000,0,0
4429,123,64,256,80000000,quaternion,quaternion,0,0,0,0,2048,2048,c1973000,c1973000,0,0
4430,123,64,256,3f000000,quaternion,quaternion,0,0,0,0,2048,2048,c23cfc00,c23cfc00,0,0
4431,123,64,256,3f800000,quaternion,quaternion,0,0,0,0,2048,2048,c2973000,c2973000,0,0
4432,123,64,256,7fc12345,quaternion,quaternion,0,0,0,0,2048,2048,7fc12345,7fc12345,0,0
4433,123,64,256,ff854321,quaternion,quaternion,0,0,0,0,2048,2048,ffc54321,ffc54321,0,0
4434,123,64,64,00000000,quaternion,quaternion,0,0,0,0,2048,2048,425ae000,425ae000,0,0
4435,123,64,64,80000000,quaternion,quaternion,0,0,0,0,2048,2048,415ae000,415ae000,0,0
4436,123,64,64,3f000000,quaternion,quaternion,0,0,0,0,2048,2048,4208cc00,4208cc00,0,0
4437,123,64,64,3f800000,quaternion,quaternion,0,0,0,0,2048,2048,425ae000,425ae000,0,0
4438,123,64,64,7fc12345,quaternion,quaternion,0,0,0,0,2048,2048,7fc12345,7fc12345,0,0
4439,123,64,64,ff854321,quaternion,quaternion,0,0,0,0,2048,2048,ffc54321,ffc54321,0,0
4440,123,64,48,00000000,quaternion,quaternion,0,0,0,0,2048,2048,41438000,41438000,0,0
4441,123,64,48,80000000,quaternion,quaternion,0,0,0,0,2048,2048,40438000,40438000,0,0
4442,123,64,48,3f000000,quaternion,quaternion,0,0,0,0,2048,2048,40f46000,40f46000,0,0
4443,123,64,48,3f800000,quaternion,quaternion,0,0,0,0,2048,2048,41438000,41438000,0,0
4444,123,64,48,7fc12345,quaternion,quaternion,0,0,0,0,2048,2048,7fc12345,7fc12345,0,0
4445,123,64,48,ff854321,quaternion,quaternion,0,0,0,0,2048,2048,ffc54321,ffc54321,0,0
4446,123,64,80,00000000,quaternion,quaternion,0,0,0,0,2048,2048,4204c000,4204c000,0,0
4447,123,64,80,80000000,quaternion,quaternion,0,0,0,0,2048,2048,4104c000,4104c000,0,0
4448,123,64,80,3f000000,quaternion,quaternion,0,0,0,0,2048,2048,41a5f000,41a5f000,0,0
4449,123,64,80,3f800000,quaternion,quaternion,0,0,0,0,2048,2048,4204c000,4204c000,0,0
4450,123,64,80,7fc12345,quaternion,quaternion,0,0,0,0,2048,2048,7fc12345,7fc12345,0,0
4451,123,64,80,ff854321,quaternion,quaternion,0,0,0,0,2048,2048,ffc54321,ffc54321,0,0
4452,123,128,64,00000000,quaternion,quaternion,0,0,0,0,2048,2048,425ae000,425ae000,0,0
4453,123,128,64,80000000,quaternion,quaternion,0,0,0,0,2048,2048,415ae000,415ae000,0,0
4454,123,128,64,3f000000,quaternion,quaternion,0,0,0,0,2048,2048,4208cc00,4208cc00,0,0
4455,123,128,64,3f800000,quaternion,quaternion,0,0,0,0,2048,2048,425ae000,425ae000,0,0
4456,123,128,64,7fc12345,quaternion,quaternion,0,0,0,0,2048,2048,7fc12345,7fc12345,0,0
4457,123,128,64,ff854321,quaternion,quaternion,0,0,0,0,2048,2048,ffc54321,ffc54321,0,0
4458,123,64,128,00000000,quaternion,quaternion,0,0,0,0,2048,2048,c2bee000,c2bee000,0,0
4459,123,64,128,80000000,quaternion,quaternion,0,0,0,0,2048,2048,c1bee000,c1bee000,0,0
4460,123,64,128,3f000000,quaternion,quaternion,0,0,0,0,2048,2048,c26e9800,c26e9800,0,0
4461,123,64,128,3f800000,quaternion,quaternion,0,0,0,0,2048,2048,c2bee000,c2bee000,0,0
4462,123,64,128,7fc12345,quaternion,quaternion,0,0,0,0,2048,2048,7fc12345,7fc12345,0,0
4463,123,64,128,ff854321,quaternion,quaternion,0,0,0,0,2048,2048,ffc54321,ffc54321,0,0
4464,124,64,256,00000000,quaternion,quaternion,0,0,0,0,2048,2048,c28a6000,c28a6000,0,0
4465,124,64,256,80000000,quaternion,quaternion,0,0,0,0,2048,2048,c10a6000,c10a6000,0,0
4466,124,64,256,3f000000,quaternion,quaternion,0,0,0,0,2048,2048,c21bac00,c21bac00,0,0
4467,124,64,256,3f800000,quaternion,quaternion,0,0,0,0,2048,2048,c28a6000,c28a6000,0,0
4468,124,64,256,7fc12345,quaternion,quaternion,0,0,0,0,2048,2048,7fc12345,7fc12345,0,0
4469,124,64,256,ff854321,quaternion,quaternion,0,0,0,0,2048,2048,ffc54321,ffc54321,0,0
4470,124,64,64,00000000,quaternion,quaternion,0,0,0,0,2048,2048,c1466000,c1466000,0,0
4471,124,64,64,80000000,quaternion,quaternion,0,0,0,0,2048,2048,bfc66000,bfc66000,0,0
4472,124,64,64,3f000000,quaternion,quaternion,0,0,0,0,2048,2048,c0df2c00,c0df2c00,0,0
4473,124,64,64,3f800000,quaternion,quaternion,0,0,0,0,2048,2048,c1466000,c1466000,0,0
4474,124,64,64,7fc12345,quaternion,quaternion,0,0,0,0,2048,2048,7fc12345,7fc12345,0,0
4475,124,64,64,ff854321,quaternion,quaternion,0,0,0,0,2048,2048,ffc54321,ffc54321,0,0
4476,124,64,48,00000000,quaternion,quaternion,0,0,0,0,2048,2048,41b82000,41b82000,0,0
4477,124,64,48,80000000,quaternion,quaternion,0,0,0,0,2048,2048,40382000,40382000,0,0
4478,124,64,48,3f000000,quaternion,quaternion,0,0,0,0,2048,2048,414f2400,414f2400,0,0
4479,124,64,48,3f800000,quaternion,quaternion,0,0,0,0,2048,2048,41b82000,41b82000,0,0
4480,124,64,48,7fc12345,quaternion,quaternion,0,0,0,0,2048,2048,7fc12345,7fc12345,0,0
4481,124,64,48,ff854321,quaternion,quaternion,0,0,0,0,2048,2048,ffc54321,ffc54321,0,0
4482,124,64,80,00000000,quaternion,quaternion,0,0,0,0,2048,2048,4200e800,4200e800,0,0
4483,124,64,80,80000000,quaternion,quaternion,0,0,0,0,2048,2048,4080e800,4080e800,0,0
4484,124,64,80,3f000000,quaternion,quaternion,0,0,0,0,2048,2048,41910500,41910500,0,0
4485,124,64,80,3f800000,quaternion,quaternion,0,0,0,0,2048,2048,4200e800,4200e800,0,0
4486,124,64,80,7fc12345,quaternion,quaternion,0,0,0,0,2048,2048,7fc12345,7fc12345,0,0
4487,124,64,80,ff854321,quaternion,quaternion,0,0,0,0,2048,2048,ffc54321,ffc54321,0,0
4488,124,128,64,00000000,quaternion,quaternion,0,0,0,0,2048,2048,c1466000,c1466000,0,0
4489,124,128,64,80000000,quaternion,quaternion,0,0,0,0,2048,2048,bfc66000,bfc66000,0,0
4490,124,128,64,3f000000,quaternion,quaternion,0,0,0,0,2048,2048,c0df2c00,c0df2c00,0,0
4491,124,128,64,3f800000,quaternion,quaternion,0,0,0,0,2048,2048,c1466000,c1466000,0,0
4492,124,128,64,7fc12345,quaternion,quaternion,0,0,0,0,2048,2048,7fc12345,7fc12345,0,0
4493,124,128,64,ff854321,quaternion,quaternion,0,0,0,0,2048,2048,ffc54321,ffc54321,0,0
4494,124,64,128,00000000,quaternion,quaternion,0,0,0,0,2048,2048,c2b40c00,c2b40c00,0,0
4495,124,64,128,80000000,quaternion,quaternion,0,0,0,0,2048,2048,c1340c00,c1340c00,0,0
4496,124,64,128,3f000000,quaternion,quaternion,0,0,0,0,2048,2048,c24a8d80,c24a8d80,0,0
4497,124,64,128,3f800000,quaternion,quaternion,0,0,0,0,2048,2048,c2b40c00,c2b40c00,0,0
4498,124,64,128,7fc12345,quaternion,quaternion,0,0,0,0,2048,2048,7fc12345,7fc12345,0,0
4499,124,64,128,ff854321,quaternion,quaternion,0,0,0,0,2048,2048,ffc54321,ffc54321,0,0
4500,125,64,256,00000000,quaternion,quaternion,0,0,0,0,2048,2048,c2793000,c2793000,0,0
4501,125,64,256,80000000,quaternion,quaternion,0,0,0,0,2048,2048,80000000,80000000,0,0
4502,125,64,256,3f000000,quaternion,quaternion,0,0,0,0,2048,2048,c1f93000,c1f93000,0,0
4503,125,64,256,3f800000,quaternion,quaternion,0,0,0,0,2048,2048,c2793000,c2793000,0,0
4504,125,64,256,7fc12345,quaternion,quaternion,0,0,0,0,2048,2048,7fc12345,7fc12345,0,0
4505,125,64,256,ff854321,quaternion,quaternion,0,0,0,0,2048,2048,ffc54321,ffc54321,0,0
4506,125,64,64,00000000,quaternion,quaternion,0,0,0,0,2048,2048,c1700000,c1700000,0,0
4507,125,64,64,80000000,quaternion,quaternion,0,0,0,0,2048,2048,80000000,80000000,0,0
4508,125,64,64,3f000000,quaternion,quaternion,0,0,0,0,2048,2048,c0f00000,c0f00000,0,0
4509,125,64,64,3f800000,quaternion,quaternion,0,0,0,0,2048,2048,c1700000,c1700000,0,0
4510,125,64,64,7fc12345,quaternion,quaternion,0,0,0,0,2048,2048,7fc12345,7fc12345,0,0
4511,125,64,64,ff854321,quaternion,quaternion,0,0,0,0,2048,2048,ffc54321,ffc54321,0,0
4512,125,64,48,00000000,quaternion,quaternion,0,0,0,0,2048,2048,42093000,42093000,0,0
4513,125,64,48,80000000,quaternion,quaternion,0,0,0,0,2048,2048,00000000,00000000,0,0
4514,125,64,48,3f000000,quaternion,quaternion,0,0,0,0,2048,2048,41893000,41893000,0,0
4515,125,64,48,3f800000,quaternion,quaternion,0,0,0,0,2048,2048,42093000,42093000,0,0
4516,125,64,48,7fc12345,quaternion,quaternion,0,0,0,0,2048,2048,7fc12345,7fc12345,0,0
4517,125,64,48,ff854321,quaternion,quaternion,0,0,0,0,2048,2048,ffc54321,ffc54321,0,0
4518,125,64,80,00000000,quaternion,quaternion,0,0,0,0,2048,2048,41fe0000,41fe0000,0,0
4519,125,64,80,80000000,quaternion,quaternion,0,0,0,0,2048,2048,00000000,00000000,0,0
4520,125,64,80,3f000000,quaternion,quaternion,0,0,0,0,2048,2048,417e0000,417e0000,0,0
4521,125,64,80,3f800000,quaternion,quaternion,0,0,0,0,2048,2048,41fe0000,41fe0000,0,0
4522,125,64,80,7fc12345,quaternion,quaternion,0,0,0,0,2048,2048,7fc12345,7fc12345,0,0
4523,125,64,80,ff854321,quaternion,quaternion,0,0,0,0,2048,2048,ffc54321,ffc54321,0,0
4524,125,128,64,00000000,quaternion,quaternion,0,0,0,0,2048,2048,c1700000,c1700000,0,0
4525,125,128,64,80000000,quaternion,quaternion,0,0,0,0,2048,2048,80000000,80000000,0,0
4526,125,128,64,3f000000,quaternion,quaternion,0,0,0,0,2048,2048,c0f00000,c0f00000,0,0
4527,125,128,64,3f800000,quaternion,quaternion,0,0,0,0,2048,2048,c1700000,c1700000,0,0
4528,125,128,64,7fc12345,quaternion,quaternion,0,0,0,0,2048,2048,7fc12345,7fc12345,0,0
4529,125,128,64,ff854321,quaternion,quaternion,0,0,0,0,2048,2048,ffc54321,ffc54321,0,0
4530,125,64,128,00000000,quaternion,quaternion,0,0,0,0,2048,2048,c2a84000,c2a84000,0,0
4531,125,64,128,80000000,quaternion,quaternion,0,0,0,0,2048,2048,80000000,80000000,0,0
4532,125,64,128,3f000000,quaternion,quaternion,0,0,0,0,2048,2048,c2284000,c2284000,0,0
4533,125,64,128,3f800000,quaternion,quaternion,0,0,0,0,2048,2048,c2a84000,c2a84000,0,0
4534,125,64,128,7fc12345,quaternion,quaternion,0,0,0,0,2048,2048,7fc12345,7fc12345,0,0
4535,125,64,128,ff854321,quaternion,quaternion,0,0,0,0,2048,2048,ffc54321,ffc54321,0,0
4536,126,64,256,00000000,quaternion,quaternion,0,0,0,0,2048,2048,c28a8000,c28a8000,0,0
4537,126,64,256,80000000,quaternion,quaternion,0,0,0,0,2048,2048,c28a8000,c28a8000,0,0
4538,126,64,256,3f000000,quaternion,quaternion,0,0,0,0,2048,2048,c28a8000,c28a8000,0,0
4539,126,64,256,3f800000,quaternion,quaternion,0,0,0,0,2048,2048,c28a8000,c28a8000,0,0
4540,126,64,256,7fc12345,quaternion,quaternion,0,0,0,0,2048,2048,7fc12345,7fc12345,0,0
4541,126,64,256,ff854321,quaternion,quaternion,0,0,0,0,2048,2048,ffc54321,ffc54321,0,0
4542,126,64,64,00000000,quaternion,quaternion,0,0,0,0,2048,2048,420c0000,420c0000,0,0
4543,126,64,64,80000000,quaternion,quaternion,0,0,0,0,2048,2048,420c0000,420c0000,0,0
4544,126,64,64,3f000000,quaternion,quaternion,0,0,0,0,2048,2048,420c0000,420c0000,0,0
4545,126,64,64,3f800000,quaternion,quaternion,0,0,0,0,2048,2048,420c0000,420c0000,0,0
4546,126,64,64,7fc12345,quaternion,quaternion,0,0,0,0,2048,2048,7fc12345,7fc12345,0,0
4547,126,64,64,ff854321,quaternion,quaternion,0,0,0,0,2048,2048,ffc54321,ffc54321,0,0
4548,126,64,48,00000000,quaternion,quaternion,0,0,0,0,2048,2048,3f800000,3f800000,0,0
4549,126,64,48,80000000,quaternion,quaternion,0,0,0,0,2048,2048,3f800000,3f800000,0,0
4550,126,64,48,3f000000,quaternion,quaternion,0,0,0,0,2048,2048,3f800000,3f800000,0,0
4551,126,64,48,3f800000,quaternion,quaternion,0,0,0,0,2048,2048,3f800000,3f800000,0,0
4552,126,64,48,7fc12345,quaternion,quaternion,0,0,0,0,2048,2048,7fc12345,7fc12345,0,0
4553,126,64,48,ff854321,quaternion,quaternion,0,0,0,0,2048,2048,ffc54321,ffc54321,0,0
4554,126,64,80,00000000,quaternion,quaternion,0,0,0,0,2048,2048,428a0000,428a0000,0,0
4555,126,64,80,80000000,quaternion,quaternion,0,0,0,0,2048,2048,428a0000,428a0000,0,0
4556,126,64,80,3f000000,quaternion,quaternion,0,0,0,0,2048,2048,428a0000,428a0000,0,0
4557,126,64,80,3f800000,quaternion,quaternion,0,0,0,0,2048,2048,428a0000,428a0000,0,0
4558,126,64,80,7fc12345,quaternion,quaternion,0,0,0,0,2048,2048,7fc12345,7fc12345,0,0
4559,126,64,80,ff854321,quaternion,quaternion,0,0,0,0,2048,2048,ffc54321,ffc54321,0,0
4560,126,128,64,00000000,quaternion,quaternion,0,0,0,0,2048,2048,420c0000,420c0000,0,0
4561,126,128,64,80000000,quaternion,quaternion,0,0,0,0,2048,2048,420c0000,420c0000,0,0
4562,126,128,64,3f000000,quaternion,quaternion,0,0,0,0,2048,2048,420c0000,420c0000,0,0
4563,126,128,64,3f800000,quaternion,quaternion,0,0,0,0,2048,2048,420c0000,420c0000,0,0
4564,126,128,64,7fc12345,quaternion,quaternion,0,0,0,0,2048,2048,7fc12345,7fc12345,0,0
4565,126,128,64,ff854321,quaternion,quaternion,0,0,0,0,2048,2048,ffc54321,ffc54321,0,0
4566,126,64,128,00000000,quaternion,quaternion,0,0,0,0,2048,2048,c2aa4000,c2aa4000,0,0
4567,126,64,128,80000000,quaternion,quaternion,0,0,0,0,2048,2048,c2aa4000,c2aa4000,0,0
4568,126,64,128,3f000000,quaternion,quaternion,0,0,0,0,2048,2048,c2aa4000,c2aa4000,0,0
4569,126,64,128,3f800000,quaternion,quaternion,0,0,0,0,2048,2048,c2aa4000,c2aa4000,0,0
4570,126,64,128,7fc12345,quaternion,quaternion,0,0,0,0,2048,2048,7fc12345,7fc12345,0,0
4571,126,64,128,ff854321,quaternion,quaternion,0,0,0,0,2048,2048,ffc54321,ffc54321,0,0
4572,127,64,256,00000000,quaternion,quaternion,0,0,0,0,2048,2048,c27c5800,c27c5800,0,0
4573,127,64,256,80000000,quaternion,quaternion,0,0,0,0,2048,2048,c25ccd00,c25ccd00,0,0
4574,127,64,256,3f000000,quaternion,quaternion,0,0,0,0,2048,2048,c26c9280,c26c9280,0,0
4575,127,64,256,3f800000,quaternion,quaternion,0,0,0,0,2048,2048,c27c5800,c27c5800,0,0
4576,127,64,256,7fc12345,quaternion,quaternion,0,0,0,0,2048,2048,7fc12345,7fc12345,0,0
4577,127,64,256,ff854321,quaternion,quaternion,0,0,0,0,2048,2048,ffc54321,ffc54321,0,0
4578,127,64,64,00000000,quaternion,quaternion,0,0,0,0,2048,2048,41fd6000,41fd6000,0,0
4579,127,64,64,80000000,quaternion,quaternion,0,0,0,0,2048,2048,41ddb400,41ddb400,0,0
4580,127,64,64,3f000000,quaternion,quaternion,0,0,0,0,2048,2048,41ed8a00,41ed8a00,0,0
4581,127,64,64,3f800000,quaternion,quaternion,0,0,0,0,2048,2048,41fd6000,41fd6000,0,0
4582,127,64,64,7fc12345,quaternion,quaternion,0,0,0,0,2048,2048,7fc12345,7fc12345,0,0
4583,127,64,64,ff854321,quaternion,quaternion,0,0,0,0,2048,2048,ffc54321,ffc54321,0,0
4584,127,64,48,00000000,quaternion,quaternion,0,0,0,0,2048,2048,4138e000,4138e000,0,0
4585,127,64,48,80000000,quaternion,quaternion,0,0,0,0,2048,2048,4121c400,4121c400,0,0
4586,127,64,48,3f000000,quaternion,quaternion,0,0,0,0,2048,2048,412d5200,412d5200,0,0
4587,127,64,48,3f800000,quaternion,quaternion,0,0,0,0,2048,2048,4138e000,4138e000,0,0
4588,127,64,48,7fc12345,quaternion,quaternion,0,0,0,0,2048,2048,7fc12345,7fc12345,0,0
4589,127,64,48,ff854321,quaternion,quaternion,0,0,0,0,2048,2048,ffc54321,ffc54321,0,0
4590,127,64,80,00000000,quaternion,quaternion,0,0,0,0,2048,2048,42879800,42879800,0,0
4591,127,64,80,80000000,quaternion,quaternion,0,0,0,0,2048,2048,426d4a00,426d4a00,0,0
4592,127,64,80,3f000000,quaternion,quaternion,0,0,0,0,2048,2048,427e3d00,427e3d00,0,0
4593,127,64,80,3f800000,quaternion,quaternion,0,0,0,0,2048,2048,42879800,42879800,0,0
4594,127,64,80,7fc12345,quaternion,quaternion,0,0,0,0,2048,2048,7fc12345,7fc12345,0,0
4595,127,64,80,ff854321,quaternion,quaternion,0,0,0,0,2048,2048,ffc54321,ffc54321,0,0
4596,127,128,64,00000000,quaternion,quaternion,0,0,0,0,2048,2048,41fd6000,41fd6000,0,0
4597,127,128,64,80000000,quaternion,quaternion,0,0,0,0,2048,2048,41ddb400,41ddb400,0,0
4598,127,128,64,3f000000,quaternion,quaternion,0,0,0,0,2048,2048,41ed8a00,41ed8a00,0,0
4599,127,128,64,3f800000,quaternion,quaternion,0,0,0,0,2048,2048,41fd6000,41fd6000,0,0
4600,127,128,64,7fc12345,quaternion,quaternion,0,0,0,0,2048,2048,7fc12345,7fc12345,0,0
4601,127,128,64,ff854321,quaternion,quaternion,0,0,0,0,2048,2048,ffc54321,ffc54321,0,0
4602,127,64,128,00000000,quaternion,quaternion,0,0,0,0,2048,2048,c29fe800,c29fe800,0,0
4603,127,64,128,80000000,quaternion,quaternion,0,0,0,0,2048,2048,c28beb00,c28beb00,0,0
4604,127,64,128,3f000000,quaternion,quaternion,0,0,0,0,2048,2048,c295e980,c295e980,0,0
4605,127,64,128,3f800000,quaternion,quaternion,0,0,0,0,2048,2048,c29fe800,c29fe800,0,0
4606,127,64,128,7fc12345,quaternion,quaternion,0,0,0,0,2048,2048,7fc12345,7fc12345,0,0
4607,127,64,128,ff854321,quaternion,quaternion,0,0,0,0,2048,2048,ffc54321,ffc54321,0,0
4608,128,64,256,00000000,quaternion,quaternion,0,0,0,0,2048,2048,c261c000,c261c000,0,0
4609,128,64,256,80000000,quaternion,quaternion,0,0,0,0,2048,2048,c2295000,c2295000,0,0
4610,128,64,256,3f000000,quaternion,quaternion,0,0,0,0,2048,2048,c2458800,c2458800,0,0
4611,128,64,256,3f800000,quaternion,quaternion,0,0,0,0,2048,2048,c261c000,c261c000,0,0
4612,128,64,256,7fc12345,quaternion,quaternion,0,0,0,0,2048,2048,7fc12345,7fc12345,0,0
4613,128,64,256,ff854321,quaternion,quaternion,0,0,0,0,2048,2048,ffc54321,ffc54321,0,0
4614,128,64,64,00000000,quaternion,quaternion,0,0,0,0,2048,2048,41e6a000,41e6a000,0,0
4615,128,64,64,80000000,quaternion,quaternion,0,0,0,0,2048,2048,41acf800,41acf800,0,0
4616,128,64,64,3f000000,quaternion,quaternion,0,0,0,0,2048,2048,41c9cc00,41c9cc00,0,0
4617,128,64,64,3f800000,quaternion,quaternion,0,0,0,0,2048,2048,41e6a000,41e6a000,0,0
4618,128,64,64,7fc12345,quaternion,quaternion,0,0,0,0,2048,2048,7fc12345,7fc12345,0,0
4619,128,64,64,ff854321,quaternion,quaternion,0,0,0,0,2048,2048,ffc54321,ffc54321,0,0
4620,128,64,48,00000000,quaternion,quaternion,0,0,0,0,2048,2048,41b4c000,41b4c000,0,0
4621,128,64,48,80000000,quaternion,quaternion,0,0,0,0,2048,2048,41879000,41879000,0,0
4622,128,64,48,3f000000,quaternion,quaternion,0,0,0,0,2048,2048,419e2800,419e2800,0,0
4623,128,64,48,3f800000,quaternion,quaternion,0,0,0,0,2048,2048,41b4c000,41b4c000,0,0
4624,128,64,48,7fc12345,quaternion,quaternion,0,0,0,0,2048,2048,7fc12345,7fc12345,0,0
4625,128,64,48,ff854321,quaternion,quaternion,0,0,0,0,2048,2048,ffc54321,ffc54321,0,0
4626,128,64,80,00000000,quaternion,quaternion,0,0,0,0,2048,2048,42862800,42862800,0,0
4627,128,64,80,80000000,quaternion,quaternion,0,0,0,0,2048,2048,42493c00,42493c00,0,0
4628,128,64,80,3f000000,quaternion,quaternion,0,0,0,0,2048,2048,426ac600,426ac600,0,0
4629,128,64,80,3f800000,quaternion,quaternion,0,0,0,0,2048,2048,42862800,42862800,0,0
4630,128,64,80,7fc12345,quaternion,quaternion,0,0,0,0,2048,2048,7fc12345,7fc12345,0,0
4631,128,64,80,ff854321,quaternion,quaternion,0,0,0,0,2048,2048,ffc54321,ffc54321,0,0
4632,128,128,64,00000000,quaternion,quaternion,0,0,0,0,2048,2048,41e6a000,41e6a000,0,0
4633,128,128,64,80000000,quaternion,quaternion,0,0,0,0,2048,2048,41acf800,41acf800,0,0
4634,128,128,64,3f000000,quaternion,quaternion,0,0,0,0,2048,2048,41c9cc00,41c9cc00,0,0
4635,128,128,64,3f800000,quaternion,quaternion,0,0,0,0,2048,2048,41e6a000,41e6a000,0,0
4636,128,128,64,7fc12345,quaternion,quaternion,0,0,0,0,2048,2048,7fc12345,7fc12345,0,0
4637,128,128,64,ff854321,quaternion,quaternion,0,0,0,0,2048,2048,ffc54321,ffc54321,0,0
4638,128,64,128,00000000,quaternion,quaternion,0,0,0,0,2048,2048,c2949800,c2949800,0,0
4639,128,64,128,80000000,quaternion,quaternion,0,0,0,0,2048,2048,c25ee400,c25ee400,0,0
4640,128,64,128,3f000000,quaternion,quaternion,0,0,0,0,2048,2048,c2820500,c2820500,0,0
4641,128,64,128,3f800000,quaternion,quaternion,0,0,0,0,2048,2048,c2949800,c2949800,0,0
4642,128,64,128,7fc12345,quaternion,quaternion,0,0,0,0,2048,2048,7fc12345,7fc12345,0,0
4643,128,64,128,ff854321,quaternion,quaternion,0,0,0,0,2048,2048,ffc54321,ffc54321,0,0
4644,129,64,256,00000000,quaternion,quaternion,0,0,0,0,2048,2048,c2453800,c2453800,0,0
4645,129,64,256,80000000,quaternion,quaternion,0,0,0,0,2048,2048,c1f68600,c1f68600,0,0
4646,129,64,256,3f000000,quaternion,quaternion,0,0,0,0,2048,2048,c2203d80,c2203d80,0,0
4647,129,64,256,3f800000,quaternion,quaternion,0,0,0,0,2048,2048,c2453800,c2453800,0,0
4648,129,64,256,7fc12345,quaternion,quaternion,0,0,0,0,2048,2048,7fc12345,7fc12345,0,0
4649,129,64,256,ff854321,quaternion,quaternion,0,0,0,0,2048,2048,ffc54321,ffc54321,0,0
4650,129,64,64,00000000,quaternion,quaternion,0,0,0,0,2048,2048,41d3c000,41d3c000,0,0
4651,129,64,64,80000000,quaternion,quaternion,0,0,0,0,2048,2048,41845800,41845800,0,0
4652,129,64,64,3f000000,quaternion,quaternion,0,0,0,0,2048,2048,41ac0c00,41ac0c00,0,0
4653,129,64,64,3f800000,quaternion,quaternion,0,0,0,0,2048,2048,41d3c000,41d3c000,0,0
4654,129,64,64,7fc12345,quaternion,quaternion,0,0,0,0,2048,2048,7fc12345,7fc12345,0,0
4655,129,64,64,ff854321,quaternion,quaternion,0,0,0,0,2048,2048,ffc54321,ffc54321,0,0
4656,129,64,48,00000000,quaternion,quaternion,0,0,0,0,2048,2048,42087800,42087800,0,0
4657,129,64,48,80000000,quaternion,quaternion,0,0,0,0,2048,2048,41aa9600,41aa9600,0,0
4658,129,64,48,3f000000,quaternion,quaternion,0,0,0,0,2048,2048,41ddc300,41ddc300,0,0
4659,129,64,48,3f800000,quaternion,quaternion,0,0,0,0,2048,2048,42087800,42087800,0,0
4660,129,64,48,7fc12345,quaternion,quaternion,0,0,0,0,2048,2048,7fc12345,7fc12345,0,0
4661,129,64,48,ff854321,quaternion,quaternion,0,0,0,0,2048,2048,ffc54321,ffc54321,0,0
4662,129,64,80,00000000,quaternion,quaternion,0,0,0,0,2048,2048,4285b000,4285b000,0,0
4663,129,64,80,80000000,quaternion,quaternion,0,0,0,0,2048,2048,42271c00,42271c00,0,0
4664,129,64,80,3f000000,quaternion,quaternion,0,0,0,0,2048,2048,42593e00,42593e00,0,0
4665,129,64,80,3f800000,quaternion,quaternion,0,0,0,0,2048,2048,4285b000,4285b000,0,0
4666,129,64,80,7fc12345,quaternion,quaternion,0,0,0,0,2048,2048,7fc12345,7fc12345,0,0
4667,129,64,80,ff854321,quaternion,quaternion,0,0,0,0,2048,2048,ffc54321,ffc54321,0,0
4668,129,128,64,00000000,quaternion,quaternion,0,0,0,0,2048,2048,41d3c000,41d3c000,0,0
4669,129,128,64,80000000,quaternion,quaternion,0,0,0,0,2048,2048,41845800,41845800,0,0
4670,129,128,64,3f000000,quaternion,quaternion,0,0,0,0,2048,2048,41ac0c00,41ac0c00,0,0
4671,129,128,64,3f800000,quaternion,quaternion,0,0,0,0,2048,2048,41d3c000,41d3c000,0,0
4672,129,128,64,7fc12345,quaternion,quaternion,0,0,0,0,2048,2048,7fc12345,7fc12345,0,0
4673,129,128,64,ff854321,quaternion,quaternion,0,0,0,0,2048,2048,ffc54321,ffc54321,0,0
4674,129,64,128,00000000,quaternion,quaternion,0,0,0,0,2048,2048,c2885000,c2885000,0,0
4675,129,64,128,80000000,quaternion,quaternion,0,0,0,0,2048,2048,c22a6400,c22a6400,0,0
4676,129,64,128,3f000000,quaternion,quaternion,0,0,0,0,2048,2048,c25d8200,c25d8200,0,0
4677,129,64,128,3f800000,quaternion,quaternion,0,0,0,0,2048,2048,c2885000,c2885000,0,0
4678,129,64,128,7fc12345,quaternion,quaternion,0,0,0,0,2048,2048,7fc12345,7fc12345,0,0
4679,129,64,128,ff854321,quaternion,quaternion,0,0,0,0,2048,2048,ffc54321,ffc54321,0,0
4680,130,64,256,00000000,quaternion,quaternion,0,0,0,0,2048,2048,c226c000,c226c000,0,0
4681,130,64,256,80000000,quaternion,quaternion,0,0,0,0,2048,2048,c1a6c000,c1a6c000,0,0
4682,130,64,256,3f000000,quaternion,quaternion,0,0,0,0,2048,2048,c1fa2000,c1fa2000,0,0
4683,130,64,256,3f800000,quaternion,quaternion,0,0,0,0,2048,2048,c226c000,c226c000,0,0
4684,130,64,256,7fc12345,quaternion,quaternion,0,0,0,0,2048,2048,7fc12345,7fc12345,0,0
4685,130,64,256,ff854321,quaternion,quaternion,0,0,0,0,2048,2048,ffc54321,ffc54321,0,0
4686,130,64,64,00000000,quaternion,quaternion,0,0,0,0,2048,2048,41c4c000,41c4c000,0,0
4687,130,64,64,80000000,quaternion,quaternion,0,0,0,0,2048,2048,4144c000,4144c000,0,0
4688,130,64,64,3f000000,quaternion,quaternion,0,0,0,0,2048,2048,41939000,41939000,0,0
4689,130,64,64,3f800000,quaternion,quaternion,0,0,0,0,2048,2048,41c4c000,41c4c000,0,0
4690,130,64,64,7fc12345,quaternion,quaternion,0,0,0,0,2048,2048,7fc12345,7fc12345,0,0
4691,130,64,64,ff854321,quaternion,quaternion,0,0,0,0,2048,2048,ffc54321,ffc54321,0,0
4692,130,64,48,00000000,quaternion,quaternion,0,0,0,0,2048,2048,42388000,42388000,0,0
4693,130,64,48,80000000,quaternion,quaternion,0,0,0,0,2048,2048,41b88000,41b88000,0,0
4694,130,64,48,3f000000,quaternion,quaternion,0,0,0,0,2048,2048,420a6000,420a6000,0,0
4695,130,64,48,3f800000,quaternion,quaternion,0,0,0,0,2048,2048,42388000,42388000,0,0
4696,130,64,48,7fc12345,quaternion,quaternion,0,0,0,0,2048,2048,7fc12345,7fc12345,0,0
4697,130,64,48,ff854321,quaternion,quaternion,0,0,0,0,2048,2048,ffc54321,ffc54321,0,0
4698,130,64,80,00000000,quaternion,quaternion,0,0,0,0,2048,2048,42863000,42863000,0,0
4699,130,64,80,80000000,quaternion,quaternion,0,0,0,0,2048,2048,42063000,42063000,0,0
4700,130,64,80,3f000000,quaternion,quaternion,0,0,0,0,2048,2048,42494800,42494800,0,0
4701,130,64,80,3f800000,quaternion,quaternion,0,0,0,0,2048,2048,42863000,42863000,0,0
4702,130,64,80,7fc12345,quaternion,quaternion,0,0,0,0,2048,2048,7fc12345,7fc12345,0,0
4703,130,64,80,ff854321,quaternion,quaternion,0,0,0,0,2048,2048,ffc54321,ffc54321,0,0
4704,130,128,64,00000000,quaternion,quaternion,0,0,0,0,2048,2048,41c4c000,41c4c000,0,0
4705,130,128,64,80000000,quaternion,quaternion,0,0,0,0,2048,2048,4144c000,4144c000,0,0
4706,130,128,64,3f000000,quaternion,quaternion,0,0,0,0,2048,2048,41939000,41939000,0,0
4707,130,128,64,3f800000,quaternion,quaternion,0,0,0,0,2048,2048,41c4c000,41c4c000,0,0
4708,130,128,64,7fc12345,quaternion,quaternion,0,0,0,0,2048,2048,7fc12345,7fc12345,0,0
4709,130,128,64,ff854321,quaternion,quaternion,0,0,0,0,2048,2048,ffc54321,ffc54321,0,0
4710,130,64,128,00000000,quaternion,quaternion,0,0,0,0,2048,2048,c2762000,c2762000,0,0
4711,130,64,128,80000000,quaternion,quaternion,0,0,0,0,2048,2048,c1f62000,c1f62000,0,0
4712,130,64,128,3f000000,quaternion,quaternion,0,0,0,0,2048,2048,c2389800,c2389800,0,0
4713,130,64,128,3f800000,quaternion,quaternion,0,0,0,0,2048,2048,c2762000,c2762000,0,0
4714,130,64,128,7fc12345,quaternion,quaternion,0,0,0,0,2048,2048,7fc12345,7fc12345,0,0
4715,130,64,128,ff854321,quaternion,quaternion,0,0,0,0,2048,2048,ffc54321,ffc54321,0,0
4716,131,64,256,00000000,quaternion,quaternion,0,0,0,0,2048,2048,c2065800,c2065800,0,0
4717,131,64,256,80000000,quaternion,quaternion,0,0,0,0,2048,2048,c1498400,c1498400,0,0
4718,131,64,256,3f000000,quaternion,quaternion,0,0,0,0,2048,2048,c1b8b900,c1b8b900,0,0
4719,131,64,256,3f800000,quaternion,quaternion,0,0,0,0,2048,2048,c2065800,c2065800,0,0
4720,131,64,256,7fc12345,quaternion,quaternion,0,0,0,0,2048,2048,7fc12345,7fc12345,0,0
4721,131,64,256,ff854321,quaternion,quaternion,0,0,0,0,2048,2048,ffc54321,ffc54321,0,0
4722,131,64,64,00000000,quaternion,quaternion,0,0,0,0,2048,2048,41b9a000,41b9a000,0,0
4723,131,64,64,80000000,quaternion,quaternion,0,0,0,0,2048,2048,410b3800,410b3800,0,0
4724,131,64,64,3f000000,quaternion,quaternion,0,0,0,0,2048,2048,417f3c00,417f3c00,0,0
4725,131,64,64,3f800000,quaternion,quaternion,0,0,0,0,2048,2048,41b9a000,41b9a000,0,0
4726,131,64,64,7fc12345,quaternion,quaternion,0,0,0,0,2048,2048,7fc12345,7fc12345,0,0
4727,131,64,64,ff854321,quaternion,quaternion,0,0,0,0,2048,2048,ffc54321,ffc54321,0,0
4728,131,64,48,00000000,quaternion,quaternion,0,0,0,0,2048,2048,426a7800,426a7800,0,0
4729,131,64,48,80000000,quaternion,quaternion,0,0,0,0,2048,2048,41afda00,41afda00,0,0
4730,131,64,48,3f000000,quaternion,quaternion,0,0,0,0,2048,2048,42213280,42213280,0,0
4731,131,64,48,3f800000,quaternion,quaternion,0,0,0,0,2048,2048,426a7800,426a7800,0,0
4732,131,64,48,7fc12345,quaternion,quaternion,0,0,0,0,2048,2048,7fc12345,7fc12345,0,0
4733,131,64,48,ff854321,quaternion,quaternion,0,0,0,0,2048,2048,ffc54321,ffc54321,0,0
4734,131,64,80,00000000,quaternion,quaternion,0,0,0,0,2048,2048,4287a800,4287a800,0,0
4735,131,64,80,80000000,quaternion,quaternion,0,0,0,0,2048,2048,41cb7c00,41cb7c00,0,0
4736,131,64,80,3f000000,quaternion,quaternion,0,0,0,0,2048,2048,423a8700,423a8700,0,0
4737,131,64,80,3f800000,quaternion,quaternion,0,0,0,0,2048,2048,4287a800,4287a800,0,0
4738,131,64,80,7fc12345,quaternion,quaternion,0,0,0,0,2048,2048,7fc12345,7fc12345,0,0
4739,131,64,80,ff854321,quaternion,quaternion,0,0,0,0,2048,2048,ffc54321,ffc54321,0,0
4740,131,128,64,00000000,quaternion,quaternion,0,0,0,0,2048,2048,41b9a000,41b9a000,0,0
4741,131,128,64,80000000,quaternion,quaternion,0,0,0,0,2048,2048,410b3800,410b3800,0,0
4742,131,128,64,3f000000,quaternion,quaternion,0,0,0,0,2048,2048,417f3c00,417f3c00,0,0
4743,131,128,64,3f800000,quaternion,quaternion,0,0,0,0,2048,2048,41b9a000,41b9a000,0,0
4744,131,128,64,7fc12345,quaternion,quaternion,0,0,0,0,2048,2048,7fc12345,7fc12345,0,0
4745,131,128,64,ff854321,quaternion,quaternion,0,0,0,0,2048,2048,ffc54321,ffc54321,0,0
4746,131,64,128,00000000,quaternion,quaternion,0,0,0,0,2048,2048,c259b000,c259b000,0,0
4747,131,64,128,80000000,quaternion,quaternion,0,0,0,0,2048,2048,c1a34400,c1a34400,0,0
4748,131,64,128,3f000000,quaternion,quaternion,0,0,0,0,2048,2048,c215a900,c215a900,0,0
4749,131,64,128,3f800000,quaternion,quaternion,0,0,0,0,2048,2048,c259b000,c259b000,0,0
4750,131,64,128,7fc12345,quaternion,quaternion,0,0,0,0,2048,2048,7fc12345,7fc12345,0,0
4751,131,64,128,ff854321,quaternion,quaternion,0,0,0,0,2048,2048,ffc54321,ffc54321,0,0
4752,132,64,256,00000000,quaternion,quaternion,0,0,0,0,2048,2048,c1c80000,c1c80000,0,0
4753,132,64,256,80000000,quaternion,quaternion,0,0,0,0,2048,2048,c0c80000,c0c80000,0,0
4754,132,64,256,3f000000,quaternion,quaternion,0,0,0,0,2048,2048,c17a0000,c17a0000,0,0
4755,132,64,256,3f800000,quaternion,quaternion,0,0,0,0,2048,2048,c1c80000,c1c80000,0,0
4756,132,64,256,7fc12345,quaternion,quaternion,0,0,0,0,2048,2048,7fc12345,7fc12345,0,0
4757,132,64,256,ff854321,quaternion,quaternion,0,0,0,0,2048,2048,ffc54321,ffc54321,0,0
4758,132,64,64,00000000,quaternion,quaternion,0,0,0,0,2048,2048,41b26000,41b26000,0,0
4759,132,64,64,80000000,quaternion,quaternion,0,0,0,0,2048,2048,40b26000,40b26000,0,0
4760,132,64,64,3f000000,quaternion,quaternion,0,0,0,0,2048,2048,415ef800,415ef800,0,0
4761,132,64,64,3f800000,quaternion,quaternion,0,0,0,0,2048,2048,41b26000,41b26000,0,0
4762,132,64,64,7fc12345,quaternion,quaternion,0,0,0,0,2048,2048,7fc12345,7fc12345,0,0
4763,132,64,64,ff854321,quaternion,quaternion,0,0,0,0,2048,2048,ffc54321,ffc54321,0,0
4764,132,64,48,00000000,quaternion,quaternion,0,0,0,0,2048,2048,428f3000,428f3000,0,0
4765,132,64,48,80000000,quaternion,quaternion,0,0,0,0,2048,2048,418f3000,418f3000,0,0
4766,132,64,48,3f000000,quaternion,quaternion,0,0,0,0,2048,2048,4232fc00,4232fc00,0,0
4767,132,64,48,3f800000,quaternion,quaternion,0,0,0,0,2048,2048,428f3000,428f3000,0,0
4768,132,64,48,7fc12345,quaternion,quaternion,0,0,0,0,2048,2048,7fc12345,7fc12345,0,0
4769,132,64,48,ff854321,quaternion,quaternion,0,0,0,0,2048,2048,ffc54321,ffc54321,0,0
4770,132,64,80,00000000,quaternion,quaternion,0,0,0,0,2048,2048,428a1800,428a1800,0,0
4771,132,64,80,80000000,quaternion,quaternion,0,0,0,0,2048,2048,418a1800,418a1800,0,0
4772,132,64,80,3f000000,quaternion,quaternion,0,0,0,0,2048,2048,422c9e00,422c9e00,0,0
4773,132,64,80,3f800000,quaternion,quaternion,0,0,0,0,2048,2048,428a1800,428a1800,0,0
4774,132,64,80,7fc12345,quaternion,quaternion,0,0,0,0,2048,2048,7fc12345,7fc12345,0,0
4775,132,64,80,ff854321,quaternion,quaternion,0,0,0,0,2048,2048,ffc54321,ffc54321,0,0
4776,132,128,64,00000000,quaternion,quaternion,0,0,0,0,2048,2048,41b26000,41b26000,0,0
4777,132,128,64,80000000,quaternion,quaternion,0,0,0,0,2048,2048,40b26000,40b26000,0,0
4778,132,128,64,3f000000,quaternion,quaternion,0,0,0,0,2048,2048,415ef800,415ef800,0,0
4779,132,128,64,3f800000,quaternion,quaternion,0,0,0,0,2048,2048,41b26000,41b26000,0,0
4780,132,128,64,7fc12345,quaternion,quaternion,0,0,0,0,2048,2048,7fc12345,7fc12345,0,0
4781,132,128,64,ff854321,quaternion,quaternion,0,0,0,0,2048,2048,ffc54321,ffc54321,0,0
4782,132,64,128,00000000,quaternion,quaternion,0,0,0,0,2048,2048,c23b5000,c23b5000,0,0
4783,132,64,128,80000000,quaternion,quaternion,0,0,0,0,2048,2048,c13b5000,c13b5000,0,0
4784,132,64,128,3f000000,quaternion,quaternion,0,0,0,0,2048,2048,c1ea2400,c1ea2400,0,0
4785,132,64,128,3f800000,quaternion,quaternion,0,0,0,0,2048,2048,c23b5000,c23b5000,0,0
4786,132,64,128,7fc12345,quaternion,quaternion,0,0,0,0,2048,2048,7fc12345,7fc12345,0,0
4787,132,64,128,ff854321,quaternion,quaternion,0,0,0,0,2048,2048,ffc54321,ffc54321,0,0
4788,133,64,256,00000000,quaternion,quaternion,0,0,0,0,2048,2048,c2288000,c2288000,0,0
4789,133,64,256,80000000,quaternion,quaternion,0,0,0,0,2048,2048,c0a88000,c0a88000,0,0
4790,133,64,256,3f000000,quaternion,quaternion,0,0,0,0,2048,2048,c1bd9000,c1bd9000,0,0
4791,133,64,256,3f800000,quaternion,quaternion,0,0,0,0,2048,2048,c2288000,c2288000,0,0
4792,133,64,256,7fc12345,quaternion,quaternion,0,0,0,0,2048,2048,7fc12345,7fc12345,0,0
4793,133,64,256,ff854321,quaternion,quaternion,0,0,0,0,2048,2048,ffc54321,ffc54321,0,0
4794,133,64,64,00000000,quaternion,quaternion,0,0,0,0,2048,2048,42788000,42788000,0,0
4795,133,64,64,80000000,quaternion,quaternion,0,0,0,0,2048,2048,40f88000,40f88000,0,0
4796,133,64,64,3f000000,quaternion,quaternion,0,0,0,0,2048,2048,420bc800,420bc800,0,0
4797,133,64,64,3f800000,quaternion,quaternion,0,0,0,0,2048,2048,42788000,42788000,0,0
4798,133,64,64,7fc12345,quaternion,quaternion,0,0,0,0,2048,2048,7fc12345,7fc12345,0,0
4799,133,64,64,ff854321,quaternion,quaternion,0,0,0,0,2048,2048,ffc54321,ffc54321,0,0
4800,133,64,48,00000000,quaternion,quaternion,0,0,0,0,2048,2048,41e10000,41e10000,0,0
4801,133,64,48,80000000,quaternion,quaternion,0,0,0,0,2048,2048,40610000,40610000,0,0
4802,133,64,48,3f000000,quaternion,quaternion,0,0,0,0,2048,2048,417d2000,417d2000,0,0
4803,133,64,48,3f800000,quaternion,quaternion,0,0,0,0,2048,2048,41e10000,41e10000,0,0
4804,133,64,48,7fc12345,quaternion,quaternion,0,0,0,0,2048,2048,7fc12345,7fc12345,0,0
4805,133,64,48,ff854321,quaternion,quaternion,0,0,0,0,2048,2048,ffc54321,ffc54321,0,0
4806,133,64,80,00000000,quaternion,quaternion,0,0,0,0,2048,2048,42c04000,42c04000,0,0
4807,133,64,80,80000000,quaternion,quaternion,0,0,0,0,2048,2048,41404000,41404000,0,0
4808,133,64,80,3f000000,quaternion,quaternion,0,0,0,0,2048,2048,42584800,42584800,0,0
4809,133,64,80,3f800000,quaternion,quaternion,0,0,0,0,2048,2048,42c04000,42c04000,0,0
4810,133,64,80,7fc12345,quaternion,quaternion,0,0,0,0,2048,2048,7fc12345,7fc12345,0,0
4811,133,64,80,ff854321,quaternion,quaternion,0,0,0,0,2048,2048,ffc54321,ffc54321,0,0
4812,133,128,64,00000000,quaternion,quaternion,0,0,0,0,2048,2048,42788000,42788000,0,0
4813,133,128,64,80000000,quaternion,quaternion,0,0,0,0,2048,2048,40f88000,40f88000,0,0
4814,133,128,64,3f000000,quaternion,quaternion,0,0,0,0,2048,2048,420bc800,420bc800,0,0
4815,133,128,64,3f800000,quaternion,quaternion,0,0,0,0,2048,2048,42788000,42788000,0,0
4816,133,128,64,7fc12345,quaternion,quaternion,0,0,0,0,2048,2048,7fc12345,7fc12345,0,0
4817,133,128,64,ff854321,quaternion,quaternion,0,0,0,0,2048,2048,ffc54321,ffc54321,0,0
4818,133,64,128,00000000,quaternion,quaternion,0,0,0,0,2048,2048,c2680000,c2680000,0,0
4819,133,64,128,80000000,quaternion,quaternion,0,0,0,0,2048,2048,c0e80000,c0e80000,0,0
4820,133,64,128,3f000000,quaternion,quaternion,0,0,0,0,2048,2048,c2028000,c2028000,0,0
4821,133,64,128,3f800000,quaternion,quaternion,0,0,0,0,2048,2048,c2680000,c2680000,0,0
4822,133,64,128,7fc12345,quaternion,quaternion,0,0,0,0,2048,2048,7fc12345,7fc12345,0,0
4823,133,64,128,ff854321,quaternion,quaternion,0,0,0,0,2048,2048,ffc54321,ffc54321,0,0
4824,134,64,256,00000000,quaternion,quaternion,0,0,0,0,2048,2048,c2091000,c2091000,0,0
4825,134,64,256,80000000,quaternion,quaternion,0,0,0,0,2048,2048,80000000,80000000,0,0
4826,134,64,256,3f000000,quaternion,quaternion,0,0,0,0,2048,2048,c1891000,c1891000,0,0
4827,134,64,256,3f800000,quaternion,quaternion,0,0,0,0,2048,2048,c2091000,c2091000,0,0
4828,134,64,256,7fc12345,quaternion,quaternion,0,0,0,0,2048,2048,7fc12345,7fc12345,0,0
4829,134,64,256,ff854321,quaternion,quaternion,0,0,0,0,2048,2048,ffc54321,ffc54321,0,0
4830,134,64,64,00000000,quaternion,quaternion,0,0,0,0,2048,2048,4271f800,4271f800,0,0
4831,134,64,64,80000000,quaternion,quaternion,0,0,0,0,2048,2048,00000000,00000000,0,0
4832,134,64,64,3f000000,quaternion,quaternion,0,0,0,0,2048,2048,41f1f800,41f1f800,0,0
4833,134,64,64,3f800000,quaternion,quaternion,0,0,0,0,2048,2048,4271f800,4271f800,0,0
4834,134,64,64,7fc12345,quaternion,quaternion,0,0,0,0,2048,2048,7fc12345,7fc12345,0,0
4835,134,64,64,ff854321,quaternion,quaternion,0,0,0,0,2048,2048,ffc54321,ffc54321,0,0
4836,134,64,48,00000000,quaternion,quaternion,0,0,0,0,2048,2048,41c2f000,41c2f000,0,0
4837,134,64,48,80000000,quaternion,quaternion,0,0,0,0,2048,2048,00000000,00000000,0,0
4838,134,64,48,3f000000,quaternion,quaternion,0,0,0,0,2048,2048,4142f000,4142f000,0,0
4839,134,64,48,3f800000,quaternion,quaternion,0,0,0,0,2048,2048,41c2f000,41c2f000,0,0
4840,134,64,48,7fc12345,quaternion,quaternion,0,0,0,0,2048,2048,7fc12345,7fc12345,0,0
4841,134,64,48,ff854321,quaternion,quaternion,0,0,0,0,2048,2048,ffc54321,ffc54321,0,0
4842,134,64,80,00000000,quaternion,quaternion,0,0,0,0,2048,2048,42c13c00,42c13c00,0,0
4843,134,64,80,80000000,quaternion,quaternion,0,0,0,0,2048,2048,00000000,00000000,0,0
4844,134,64,80,3f000000,quaternion,quaternion,0,0,0,0,2048,2048,42413c00,42413c00,0,0
4845,134,64,80,3f800000,quaternion,quaternion,0,0,0,0,2048,2048,42c13c00,42c13c00,0,0
4846,134,64,80,7fc12345,quaternion,quaternion,0,0,0,0,2048,2048,7fc12345,7fc12345,0,0
4847,134,64,80,ff854321,quaternion,quaternion,0,0,0,0,2048,2048,ffc54321,ffc54321,0,0
4848,134,128,64,00000000,quaternion,quaternion,0,0,0,0,2048,2048,4271f800,4271f800,0,0
4849,134,128,64,80000000,quaternion,quaternion,0,0,0,0,2048,2048,00000000,00000000,0,0
4850,134,128,64,3f000000,quaternion,quaternion,0,0,0,0,2048,2048,41f1f800,41f1f800,0,0
4851,134,128,64,3f800000,quaternion,quaternion,0,0,0,0,2048,2048,4271f800,4271f800,0,0
4852,134,128,64,7fc12345,quaternion,quaternion,0,0,0,0,2048,2048,7fc12345,7fc12345,0,0
4853,134,128,64,ff854321,quaternion,quaternion,0,0,0,0,2048,2048,ffc54321,ffc54321,0,0
4854,134,64,128,00000000,quaternion,quaternion,0,0,0,0,2048,2048,c24c8800,c24c8800,0,0
4855,134,64,128,80000000,quaternion,quaternion,0,0,0,0,2048,2048,80000000,80000000,0,0
4856,134,64,128,3f000000,quaternion,quaternion,0,0,0,0,2048,2048,c1cc8800,c1cc8800,0,0
4857,134,64,128,3f800000,quaternion,quaternion,0,0,0,0,2048,2048,c24c8800,c24c8800,0,0
4858,134,64,128,7fc12345,quaternion,quaternion,0,0,0,0,2048,2048,7fc12345,7fc12345,0,0
4859,134,64,128,ff854321,quaternion,quaternion,0,0,0,0,2048,2048,ffc54321,ffc54321,0,0
4860,135,64,256,00000000,quaternion,quaternion,0,0,0,0,2048,2048,c1cf6000,c1cf6000,0,0
4861,135,64,256,80000000,quaternion,quaternion,0,0,0,0,2048,2048,c1cf6000,c1cf6000,0,0
4862,135,64,256,3f000000,quaternion,quaternion,0,0,0,0,2048,2048,c1cf6000,c1cf6000,0,0
4863,135,64,256,3f800000,quaternion,quaternion,0,0,0,0,2048,2048,c1cf6000,c1cf6000,0,0
4864,135,64,256,7fc12345,quaternion,quaternion,0,0,0,0,2048,2048,7fc12345,7fc12345,0,0
4865,135,64,256,ff854321,quaternion,quaternion,0,0,0,0,2048,2048,ffc54321,ffc54321,0,0
4866,135,64,64,00000000,quaternion,quaternion,0,0,0,0,2048,2048,426d6000,426d6000,0,0
4867,135,64,64,80000000,quaternion,quaternion,0,0,0,0,2048,2048,426d6000,426d6000,0,0
4868,135,64,64,3f000000,quaternion,quaternion,0,0,0,0,2048,2048,426d6000,426d6000,0,0
4869,135,64,64,3f800000,quaternion,quaternion,0,0,0,0,2048,2048,426d6000,426d6000,0,0
4870,135,64,64,7fc12345,quaternion,quaternion,0,0,0,0,2048,2048,7fc12345,7fc12345,0,0
4871,135,64,64,ff854321,quaternion,quaternion,0,0,0,0,2048,2048,ffc54321,ffc54321,0,0
4872,135,64,48,00000000,quaternion,quaternion,0,0,0,0,2048,2048,41a8c000,41a8c000,0,0
4873,135,64,48,80000000,quaternion,quaternion,0,0,0,0,2048,2048,41a8c000,41a8c000,0,0
4874,135,64,48,3f000000,quaternion,quaternion,0,0,0,0,2048,2048,41a8c000,41a8c000,0,0
4875,135,64,48,3f800000,quaternion,quaternion,0,0,0,0,2048,2048,41a8c000,41a8c000,0,0
4876,135,64,48,7fc12345,quaternion,quaternion,0,0,0,0,2048,2048,7fc12345,7fc12345,0,0
4877,135,64,48,ff854321,quaternion,quaternion,0,0,0,0,2048,2048,ffc54321,ffc54321,0,0
4878,135,64,80,00000000,quaternion,quaternion,0,0,0,0,2048,2048,42c33000,42c33000,0,0
4879,135,64,80,80000000,quaternion,quaternion,0,0,0,0,2048,2048,42c33000,42c33000,0,0
4880,135,64,80,3f000000,quaternion,quaternion,0,0,0,0,2048,2048,42c33000,42c33000,0,0
4881,135,64,80,3f800000,quaternion,quaternion,0,0,0,0,2048,2048,42c33000,42c33000,0,0
4882,135,64,80,7fc12345,quaternion,quaternion,0,0,0,0,2048,2048,7fc12345,7fc12345,0,0
4883,135,64,80,ff854321,quaternion,quaternion,0,0,0,0,2048,2048,ffc54321,ffc54321,0,0
4884,135,128,64,00000000,quaternion,quaternion,0,0,0,0,2048,2048,426d6000,426d6000,0,0
4885,135,128,64,80000000,quaternion,quaternion,0,0,0,0,2048,2048,426d6000,426d6000,0,0
4886,135,128,64,3f000000,quaternion,quaternion,0,0,0,0,2048,2048,426d6000,426d6000,0,0
4887,135,128,64,3f800000,quaternion,quaternion,0,0,0,0,2048,2048,426d6000,426d6000,0,0
4888,135,128,64,7fc12345,quaternion,quaternion,0,0,0,0,2048,2048,7fc12345,7fc12345,0,0
4889,135,128,64,ff854321,quaternion,quaternion,0,0,0,0,2048,2048,ffc54321,ffc54321,0,0
4890,135,64,128,00000000,quaternion,quaternion,0,0,0,0,2048,2048,c22f2000,c22f2000,0,0
4891,135,64,128,80000000,quaternion,quaternion,0,0,0,0,2048,2048,c22f2000,c22f2000,0,0
4892,135,64,128,3f000000,quaternion,quaternion,0,0,0,0,2048,2048,c22f2000,c22f2000,0,0
4893,135,64,128,3f800000,quaternion,quaternion,0,0,0,0,2048,2048,c22f2000,c22f2000,0,0
4894,135,64,128,7fc12345,quaternion,quaternion,0,0,0,0,2048,2048,7fc12345,7fc12345,0,0
4895,135,64,128,ff854321,quaternion,quaternion,0,0,0,0,2048,2048,ffc54321,ffc54321,0,0
4896,136,64,256,00000000,quaternion,quaternion,0,0,0,0,2048,2048,c188c000,c188c000,0,0
4897,136,64,256,80000000,quaternion,quaternion,0,0,0,0,2048,2048,c16f5000,c16f5000,0,0
4898,136,64,256,3f000000,quaternion,quaternion,0,0,0,0,2048,2048,c1803400,c1803400,0,0
4899,136,64,256,3f800000,quaternion,quaternion,0,0,0,0,2048,2048,c188c000,c188c000,0,0
4900,136,64,256,7fc12345,quaternion,quaternion,0,0,0,0,2048,2048,7fc12345,7fc12345,0,0
4901,136,64,256,ff854321,quaternion,quaternion,0,0,0,0,2048,2048,ffc54321,ffc54321,0,0
4902,136,64,64,00000000,quaternion,quaternion,0,0,0,0,2048,2048,426ab800,426ab800,0,0
4903,136,64,64,80000000,quaternion,quaternion,0,0,0,0,2048,2048,424d6100,424d6100,0,0
4904,136,64,64,3f000000,quaternion,quaternion,0,0,0,0,2048,2048,425c0c80,425c0c80,0,0
4905,136,64,64,3f800000,quaternion,quaternion,0,0,0,0,2048,2048,426ab800,426ab800,0,0
4906,136,64,64,7fc12345,quaternion,quaternion,0,0,0,0,2048,2048,7fc12345,7fc12345,0,0
4907,136,64,64,ff854321,quaternion,quaternion,0,0,0,0,2048,2048,ffc54321,ffc54321,0,0
4908,136,64,48,00000000,quaternion,quaternion,0,0,0,0,2048,2048,41927000,41927000,0,0
4909,136,64,48,80000000,quaternion,quaternion,0,0,0,0,2048,2048,41802200,41802200,0,0
4910,136,64,48,3f000000,quaternion,quaternion,0,0,0,0,2048,2048,41894900,41894900,0,0
4911,136,64,48,3f800000,quaternion,quaternion,0,0,0,0,2048,2048,41927000,41927000,0,0
4912,136,64,48,7fc12345,quaternion,quaternion,0,0,0,0,2048,2048,7fc12345,7fc12345,0,0
4913,136,64,48,ff854321,quaternion,quaternion,0,0,0,0,2048,2048,ffc54321,ffc54321,0,0
4914,136,64,80,00000000,quaternion,quaternion,0,0,0,0,2048,2048,42c61c00,42c61c00,0,0
4915,136,64,80,80000000,quaternion,quaternion,0,0,0,0,2048,2048,42ad5880,42ad5880,0,0
4916,136,64,80,3f000000,quaternion,quaternion,0,0,0,0,2048,2048,42b9ba40,42b9ba40,0,0
4917,136,64,80,3f800000,quaternion,quaternion,0,0,0,0,2048,2048,42c61c00,42c61c00,0,0
4918,136,64,80,7fc12345,quaternion,quaternion,0,0,0,0,2048,2048,7fc12345,7fc12345,0,0
4919,136,64,80,ff854321,quaternion,quaternion,0,0,0,0,2048,2048,ffc54321,ffc54321,0,0
4920,136,128,64,00000000,quaternion,quaternion,0,0,0,0,2048,2048,426ab800,426ab800,0,0
4921,136,128,64,80000000,quaternion,quaternion,0,0,0,0,2048,2048,424d6100,424d6100,0,0
4922,136,128,64,3f000000,quaternion,quaternion,0,0,0,0,2048,2048,425c0c80,425c0c80,0,0
4923,136,128,64,3f800000,quaternion,quaternion,0,0,0,0,2048,2048,426ab800,426ab800,0,0
4924,136,128,64,7fc12345,quaternion,quaternion,0,0,0,0,2048,2048,7fc12345,7fc12345,0,0
4925,136,128,64,ff854321,quaternion,quaternion,0,0,0,0,2048,2048,ffc54321,ffc54321,0,0
4926,136,64,128,00000000,quaternion,quaternion,0,0,0,0,2048,2048,c20fc800,c20fc800,0,0
4927,136,64,128,80000000,quaternion,quaternion,0,0,0,0,2048,2048,c1fb9e00,c1fb9e00,0,0
4928,136,64,128,3f000000,quaternion,quaternion,0,0,0,0,2048,2048,c206cb80,c206cb80,0,0
4929,136,64,128,3f800000,quaternion,quaternion,0,0,0,0,2048,2048,c20fc800,c20fc800,0,0
4930,136,64,128,7fc12345,quaternion,quaternion,0,0,0,0,2048,2048,7fc12345,7fc12345,0,0
4931,136,64,128,ff854321,quaternion,quaternion,0,0,0,0,2048,2048,ffc54321,ffc54321,0,0
4932,137,64,256,00000000,quaternion,quaternion,0,0,0,0,2048,2048,c0f90000,c0f90000,0,0
4933,137,64,256,80000000,quaternion,quaternion,0,0,0,0,2048,2048,c0bac000,c0bac000,0,0
4934,137,64,256,3f000000,quaternion,quaternion,0,0,0,0,2048,2048,c0d9e000,c0d9e000,0,0
4935,137,64,256,3f800000,quaternion,quaternion,0,0,0,0,2048,2048,c0f90000,c0f90000,0,0
4936,137,64,256,7fc12345,quaternion,quaternion,0,0,0,0,2048,2048,7fc12345,7fc12345,0,0
4937,137,64,256,ff854321,quaternion,quaternion,0,0,0,0,2048,2048,ffc54321,ffc54321,0,0
4938,137,64,64,00000000,quaternion,quaternion,0,0,0,0,2048,2048,426a0000,426a0000,0,0
4939,137,64,64,80000000,quaternion,quaternion,0,0,0,0,2048,2048,422f8000,422f8000,0,0
4940,137,64,64,3f000000,quaternion,quaternion,0,0,0,0,2048,2048,424cc000,424cc000,0,0
4941,137,64,64,3f800000,quaternion,quaternion,0,0,0,0,2048,2048,426a0000,426a0000,0,0
4942,137,64,64,7fc12345,quaternion,quaternion,0,0,0,0,2048,2048,7fc12345,7fc12345,0,0
4943,137,64,64,ff854321,quaternion,quaternion,0,0,0,0,2048,2048,ffc54321,ffc54321,0,0
4944,137,64,48,00000000,quaternion,quaternion,0,0,0,0,2048,2048,41800000,41800000,0,0
4945,137,64,48,80000000,quaternion,quaternion,0,0,0,0,2048,2048,41400000,41400000,0,0
4946,137,64,48,3f000000,quaternion,quaternion,0,0,0,0,2048,2048,41600000,41600000,0,0
4947,137,64,48,3f800000,quaternion,quaternion,0,0,0,0,2048,2048,41800000,41800000,0,0
4948,137,64,48,7fc12345,quaternion,quaternion,0,0,0,0,2048,2048,7fc12345,7fc12345,0,0
4949,137,64,48,ff854321,quaternion,quaternion,0,0,0,0,2048,2048,ffc54321,ffc54321,0,0
4950,137,64,80,00000000,quaternion,quaternion,0,0,0,0,2048,2048,42ca0000,42ca0000,0,0
4951,137,64,80,80000000,quaternion,quaternion,0,0,0,0,2048,2048,42978000,42978000,0,0
4952,137,64,80,3f000000,quaternion,quaternion,0,0,0,0,2048,2048,42b0c000,42b0c000,0,0
4953,137,64,80,3f800000,quaternion,quaternion,0,0,0,0,2048,2048,42ca0000,42ca0000,0,0
4954,137,64,80,7fc12345,quaternion,quaternion,0,0,0,0,2048,2048,7fc12345,7fc12345,0,0
4955,137,64,80,ff854321,quaternion,quaternion,0,0,0,0,2048,2048,ffc54321,ffc54321,0,0
4956,137,128,64,00000000,quaternion,quaternion,0,0,0,0,2048,2048,426a0000,426a0000,0,0
4957,137,128,64,80000000,quaternion,quaternion,0,0,0,0,2048,2048,422f8000,422f8000,0,0
4958,137,128,64,3f000000,quaternion,quaternion,0,0,0,0,2048,2048,424cc000,424cc000,0,0
4959,137,128,64,3f800000,quaternion,quaternion,0,0,0,0,2048,2048,426a0000,426a0000,0,0
4960,137,128,64,7fc12345,quaternion,quaternion,0,0,0,0,2048,2048,7fc12345,7fc12345,0,0
4961,137,128,64,ff854321,quaternion,quaternion,0,0,0,0,2048,2048,ffc54321,ffc54321,0,0
4962,137,64,128,00000000,quaternion,quaternion,0,0,0,0,2048,2048,c1dd0000,c1dd0000,0,0
4963,137,64,128,80000000,quaternion,quaternion,0,0,0,0,2048,2048,c1a5c000,c1a5c000,0,0
4964,137,64,128,3f000000,quaternion,quaternion,0,0,0,0,2048,2048,c1c16000,c1c16000,0,0
4965,137,64,128,3f800000,quaternion,quaternion,0,0,0,0,2048,2048,c1dd0000,c1dd0000,0,0
4966,137,64,128,7fc12345,quaternion,quaternion,0,0,0,0,2048,2048,7fc12345,7fc12345,0,0
4967,137,64,128,ff854321,quaternion,quaternion,0,0,0,0,2048,2048,ffc54321,ffc54321,0,0
4968,138,64,256,00000000,quaternion,quaternion,0,0,0,0,2048,2048,40010000,40010000,0,0
4969,138,64,256,80000000,quaternion,quaternion,0,0,0,0,2048,2048,3fa14000,3fa14000,0,0
4970,138,64,256,3f000000,quaternion,quaternion,0,0,0,0,2048,2048,3fd1a000,3fd1a000,0,0
4971,138,64,256,3f800000,quaternion,quaternion,0,0,0,0,2048,2048,40010000,40010000,0,0
4972,138,64,256,7fc12345,quaternion,quaternion,0,0,0,0,2048,2048,7fc12345,7fc12345,0,0
4973,138,64,256,ff854321,quaternion,quaternion,0,0,0,0,2048,2048,ffc54321,ffc54321,0,0
4974,138,64,64,00000000,quaternion,quaternion,0,0,0,0,2048,2048,426b3800,426b3800,0,0
4975,138,64,64,80000000,quaternion,quaternion,0,0,0,0,2048,2048,42130300,42130300,0,0
4976,138,64,64,3f000000,quaternion,quaternion,0,0,0,0,2048,2048,423f1d80,423f1d80,0,0
4977,138,64,64,3f800000,quaternion,quaternion,0,0,0,0,2048,2048,426b3800,426b3800,0,0
4978,138,64,64,7fc12345,quaternion,quaternion,0,0,0,0,2048,2048,7fc12345,7fc12345,0,0
4979,138,64,64,ff854321,quaternion,quaternion,0,0,0,0,2048,2048,ffc54321,ffc54321,0,0
4980,138,64,48,00000000,quaternion,quaternion,0,0,0,0,2048,2048,4162e000,4162e000,0,0
4981,138,64,48,80000000,quaternion,quaternion,0,0,0,0,2048,2048,410dcc00,410dcc00,0,0
4982,138,64,48,3f000000,quaternion,quaternion,0,0,0,0,2048,2048,41385600,41385600,0,0
4983,138,64,48,3f800000,quaternion,quaternion,0,0,0,0,2048,2048,4162e000,4162e000,0,0
4984,138,64,48,7fc12345,quaternion,quaternion,0,0,0,0,2048,2048,7fc12345,7fc12345,0,0
4985,138,64,48,ff854321,quaternion,quaternion,0,0,0,0,2048,2048,ffc54321,ffc54321,0,0
4986,138,64,80,00000000,quaternion,quaternion,0,0,0,0,2048,2048,42cedc00,42cedc00,0,0
4987,138,64,80,80000000,quaternion,quaternion,0,0,0,0,2048,2048,42814980,42814980,0,0
4988,138,64,80,3f000000,quaternion,quaternion,0,0,0,0,2048,2048,42a812c0,42a812c0,0,0
4989,138,64,80,3f800000,quaternion,quaternion,0,0,0,0,2048,2048,42cedc00,42cedc00,0,0
4990,138,64,80,7fc12345,quaternion,quaternion,0,0,0,0,2048,2048,7fc12345,7fc12345,0,0
4991,138,64,80,ff854321,quaternion,quaternion,0,0,0,0,2048,2048,ffc54321,ffc54321,0,0
4992,138,128,64,00000000,quaternion,quaternion,0,0,0,0,2048,2048,426b3800,426b3800,0,0
4993,138,128,64,80000000,quaternion,quaternion,0,0,0,0,2048,2048,42130300,42130300,0,0
4994,138,128,64,3f000000,quaternion,quaternion,0,0,0,0,2048,2048,423f1d80,423f1d80,0,0
4995,138,128,64,3f800000,quaternion,quaternion,0,0,0,0,2048,2048,426b3800,426b3800,0,0
4996,138,128,64,7fc12345,quaternion,quaternion,0,0,0,0,2048,2048,7fc12345,7fc12345,0,0
4997,138,128,64,ff854321,quaternion,quaternion,0,0,0,0,2048,2048,ffc54321,ffc54321,0,0
4998,138,64,128,00000000,quaternion,quaternion,0,0,0,0,2048,2048,c1969000,c1969000,0,0
4999,138,64,128,80000000,quaternion,quaternion,0,0,0,0,2048,2048,c13c3400,c13c3400,0,0
5000,138,64,128,3f000000,quaternion,quaternion,0,0,0,0,2048,2048,c174aa00,c174aa00,0,0
5001,138,64,128,3f800000,quaternion,quaternion,0,0,0,0,2048,2048,c1969000,c1969000,0,0
5002,138,64,128,7fc12345,quaternion,quaternion,0,0,0,0,2048,2048,7fc12345,7fc12345,0,0
5003,138,64,128,ff854321,quaternion,quaternion,0,0,0,0,2048,2048,ffc54321,ffc54321,0,0
5004,139,64,256,00000000,quaternion,quaternion,0,0,0,0,2048,2048,4144c000,4144c000,0,0
5005,139,64,256,80000000,quaternion,quaternion,0,0,0,0,2048,2048,40c4c000,40c4c000,0,0
5006,139,64,256,3f000000,quaternion,quaternion,0,0,0,0,2048,2048,41139000,41139000,0,0
5007,139,64,256,3f800000,quaternion,quaternion,0,0,0,0,2048,2048,4144c000,4144c000,0,0
5008,139,64,256,7fc12345,quaternion,quaternion,0,0,0,0,2048,2048,7fc12345,7fc12345,0,0
5009,139,64,256,ff854321,quaternion,quaternion,0,0,0,0,2048,2048,ffc54321,ffc54321,0,0
5010,139,64,64,00000000,quaternion,quaternion,0,0,0,0,2048,2048,426e6000,426e6000,0,0
5011,139,64,64,80000000,quaternion,quaternion,0,0,0,0,2048,2048,41ee6000,41ee6000,0,0
5012,139,64,64,3f000000,quaternion,quaternion,0,0,0,0,2048,2048,4232c800,4232c800,0,0
5013,139,64,64,3f800000,quaternion,quaternion,0,0,0,0,2048,2048,426e6000,426e6000,0,0
5014,139,64,64,7fc12345,quaternion,quaternion,0,0,0,0,2048,2048,7fc12345,7fc12345,0,0
5015,139,64,64,ff854321,quaternion,quaternion,0,0,0,0,2048,2048,ffc54321,ffc54321,0,0
5016,139,64,48,00000000,quaternion,quaternion,0,0,0,0,2048,2048,414d8000,414d8000,0,0
5017,139,64,48,80000000,quaternion,quaternion,0,0,0,0,2048,2048,40cd8000,40cd8000,0,0
5018,139,64,48,3f000000,quaternion,quaternion,0,0,0,0,2048,2048,411a2000,411a2000,0,0
5019,139,64,48,3f800000,quaternion,quaternion,0,0,0,0,2048,2048,414d8000,414d8000,0,0
5020,139,64,48,7fc12345,quaternion,quaternion,0,0,0,0,2048,2048,7fc12345,7fc12345,0,0
5021,139,64,48,ff854321,quaternion,quaternion,0,0,0,0,2048,2048,ffc54321,ffc54321,0,0
5022,139,64,80,00000000,quaternion,quaternion,0,0,0,0,2048,2048,42d4b000,42d4b000,0,0
5023,139,64,80,80000000,quaternion,quaternion,0,0,0,0,2048,2048,4254b000,4254b000,0,0
5024,139,64,80,3f000000,quaternion,quaternion,0,0,0,0,2048,2048,429f8400,429f8400,0,0
5025,139,64,80,3f800000,quaternion,quaternion,0,0,0,0,2048,2048,42d4b000,42d4b000,0,0
5026,139,64,80,7fc12345,quaternion,quaternion,0,0,0,0,2048,2048,7fc12345,7fc12345,0,0
5027,139,64,80,ff854321,quaternion,quaternion,0,0,0,0,2048,2048,ffc54321,ffc54321,0,0
5028,139,128,64,00000000,quaternion,quaternion,0,0,0,0,2048,2048,426e6000,426e6000,0,0
5029,139,128,64,80000000,quaternion,quaternion,0,0,0,0,2048,2048,41ee6000,41ee6000,0,0
5030,139,128,64,3f000000,quaternion,quaternion,0,0,0,0,2048,2048,4232c800,4232c800,0,0
5031,139,128,64,3f800000,quaternion,quaternion,0,0,0,0,2048,2048,426e6000,426e6000,0,0
5032,139,128,64,7fc12345,quaternion,quaternion,0,0,0,0,2048,2048,7fc12345,7fc12345,0,0
5033,139,128,64,ff854321,quaternion,quaternion,0,0,0,0,2048,2048,ffc54321,ffc54321,0,0
5034,139,64,128,00000000,quaternion,quaternion,0,0,0,0,2048,2048,c1188000,c1188000,0,0
5035,139,64,128,80000000,quaternion,quaternion,0,0,0,0,2048,2048,c0988000,c0988000,0,0
5036,139,64,128,3f000000,quaternion,quaternion,0,0,0,0,2048,2048,c0e4c000,c0e4c000,0,0
5037,139,64,128,3f800000,quaternion,quaternion,0,0,0,0,2048,2048,c1188000,c1188000,0,0
5038,139,64,128,7fc12345,quaternion,quaternion,0,0,0,0,2048,2048,7fc12345,7fc12345,0,0
5039,139,64,128,ff854321,quaternion,quaternion,0,0,0,0,2048,2048,ffc54321,ffc54321,0,0
5040,140,64,256,00000000,quaternion,quaternion,0,0,0,0,2048,2048,c1700000,c1700000,0,0
5041,140,64,256,80000000,quaternion,quaternion,0,0,0,0,2048,2048,c0b40000,c0b40000,0,0
5042,140,64,256,3f000000,quaternion,quaternion,0,0,0,0,2048,2048,c1250000,c1250000,0,0
5043,140,64,256,3f800000,quaternion,quaternion,0,0,0,0,2048,2048,c1700000,c1700000,0,0
5044,140,64,256,7fc12345,quaternion,quaternion,0,0,0,0,2048,2048,7fc12345,7fc12345,0,0
5045,140,64,256,ff854321,quaternion,quaternion,0,0,0,0,2048,2048,ffc54321,ffc54321,0,0
5046,140,64,64,00000000,quaternion,quaternion,0,0,0,0,2048,2048,42b28000,42b28000,0,0
5047,140,64,64,80000000,quaternion,quaternion,0,0,0,0,2048,2048,4205e000,4205e000,0,0
5048,140,64,64,3f000000,quaternion,quaternion,0,0,0,0,2048,2048,42757000,42757000,0,0
5049,140,64,64,3f800000,quaternion,quaternion,0,0,0,0,2048,2048,42b28000,42b28000,0,0
5050,140,64,64,7fc12345,quaternion,quaternion,0,0,0,0,2048,2048,7fc12345,7fc12345,0,0
5051,140,64,64,ff854321,quaternion,quaternion,0,0,0,0,2048,2048,ffc54321,ffc54321,0,0
5052,140,64,48,00000000,quaternion,quaternion,0,0,0,0,2048,2048,425d0000,425d0000,0,0
5053,140,64,48,80000000,quaternion,quaternion,0,0,0,0,2048,2048,41a5c000,41a5c000,0,0
5054,140,64,48,3f000000,quaternion,quaternion,0,0,0,0,2048,2048,4217f000,4217f000,0,0
5055,140,64,48,3f800000,quaternion,quaternion,0,0,0,0,2048,2048,425d0000,425d0000,0,0
5056,140,64,48,7fc12345,quaternion,quaternion,0,0,0,0,2048,2048,7fc12345,7fc12345,0,0
5057,140,64,48,ff854321,quaternion,quaternion,0,0,0,0,2048,2048,ffc54321,ffc54321,0,0
5058,140,64,80,00000000,quaternion,quaternion,0,0,0,0,2048,2048,42f68000,42f68000,0,0
5059,140,64,80,80000000,quaternion,quaternion,0,0,0,0,2048,2048,4238e000,4238e000,0,0
5060,140,64,80,3f000000,quaternion,quaternion,0,0,0,0,2048,2048,42a97800,42a97800,0,0
5061,140,64,80,3f800000,quaternion,quaternion,0,0,0,0,2048,2048,42f68000,42f68000,0,0
5062,140,64,80,7fc12345,quaternion,quaternion,0,0,0,0,2048,2048,7fc12345,7fc12345,0,0
5063,140,64,80,ff854321,quaternion,quaternion,0,0,0,0,2048,2048,ffc54321,ffc54321,0,0
5064,140,128,64,00000000,quaternion,quaternion,0,0,0,0,2048,2048,42b28000,42b28000,0,0
5065,140,128,64,80000000,quaternion,quaternion,0,0,0,0,2048,2048,4205e000,4205e000,0,0
5066,140,128,64,3f000000,quaternion,quaternion,0,0,0,0,2048,2048,42757000,42757000,0,0
5067,140,128,64,3f800000,quaternion,quaternion,0,0,0,0,2048,2048,42b28000,42b28000,0,0
5068,140,128,64,7fc12345,quaternion,quaternion,0,0,0,0,2048,2048,7fc12345,7fc12345,0,0
5069,140,128,64,ff854321,quaternion,quaternion,0,0,0,0,2048,2048,ffc54321,ffc54321,0,0
5070,140,64,128,00000000,quaternion,quaternion,0,0,0,0,2048,2048,c1f70000,c1f70000,0,0
5071,140,64,128,80000000,quaternion,quaternion,0,0,0,0,2048,2048,c1394000,c1394000,0,0
5072,140,64,128,3f000000,quaternion,quaternion,0,0,0,0,2048,2048,c1a9d000,c1a9d000,0,0
5073,140,64,128,3f800000,quaternion,quaternion,0,0,0,0,2048,2048,c1f70000,c1f70000,0,0
5074,140,64,128,7fc12345,quaternion,quaternion,0,0,0,0,2048,2048,7fc12345,7fc12345,0,0
5075,140,64,128,ff854321,quaternion,quaternion,0,0,0,0,2048,2048,ffc54321,ffc54321,0,0
5076,141,64,256,00000000,quaternion,quaternion,0,0,0,0,2048,2048,c0ae4000,c0ae4000,0,0
5077,141,64,256,80000000,quaternion,quaternion,0,0,0,0,2048,2048,bfae4000,bfae4000,0,0
5078,141,64,256,3f000000,quaternion,quaternion,0,0,0,0,2048,2048,c059d000,c059d000,0,0
5079,141,64,256,3f800000,quaternion,quaternion,0,0,0,0,2048,2048,c0ae4000,c0ae4000,0,0
5080,141,64,256,7fc12345,quaternion,quaternion,0,0,0,0,2048,2048,7fc12345,7fc12345,0,0
5081,141,64,256,ff854321,quaternion,quaternion,0,0,0,0,2048,2048,ffc54321,ffc54321,0,0
5082,141,64,64,00000000,quaternion,quaternion,0,0,0,0,2048,2048,42b2a000,42b2a000,0,0
5083,141,64,64,80000000,quaternion,quaternion,0,0,0,0,2048,2048,41b2a000,41b2a000,0,0
5084,141,64,64,3f000000,quaternion,quaternion,0,0,0,0,2048,2048,425f4800,425f4800,0,0
5085,141,64,64,3f800000,quaternion,quaternion,0,0,0,0,2048,2048,42b2a000,42b2a000,0,0
5086,141,64,64,7fc12345,quaternion,quaternion,0,0,0,0,2048,2048,7fc12345,7fc12345,0,0
5087,141,64,64,ff854321,quaternion,quaternion,0,0,0,0,2048,2048,ffc54321,ffc54321,0,0
5088,141,64,48,00000000,quaternion,quaternion,0,0,0,0,2048,2048,4254c000,4254c000,0,0
5089,141,64,48,80000000,quaternion,quaternion,0,0,0,0,2048,2048,4154c000,4154c000,0,0
5090,141,64,48,3f000000,quaternion,quaternion,0,0,0,0,2048,2048,4204f800,4204f800,0,0
5091,141,64,48,3f800000,quaternion,quaternion,0,0,0,0,2048,2048,4254c000,4254c000,0,0
5092,141,64,48,7fc12345,quaternion,quaternion,0,0,0,0,2048,2048,7fc12345,7fc12345,0,0
5093,141,64,48,ff854321,quaternion,quaternion,0,0,0,0,2048,2048,ffc54321,ffc54321,0,0
5094,141,64,80,00000000,quaternion,quaternion,0,0,0,0,2048,2048,42fae000,42fae000,0,0
5095,141,64,80,80000000,quaternion,quaternion,0,0,0,0,2048,2048,41fae000,41fae000,0,0
5096,141,64,80,3f000000,quaternion,quaternion,0,0,0,0,2048,2048,429ccc00,429ccc00,0,0
5097,141,64,80,3f800000,quaternion,quaternion,0,0,0,0,2048,2048,42fae000,42fae000,0,0
5098,141,64,80,7fc12345,quaternion,quaternion,0,0,0,0,2048,2048,7fc12345,7fc12345,0,0
5099,141,64,80,ff854321,quaternion,quaternion,0,0,0,0,2048,2048,ffc54321,ffc54321,0,0
5100,141,128,64,00000000,quaternion,quaternion,0,0,0,0,2048,2048,42b2a000,42b2a000,0,0
5101,141,128,64,80000000,quaternion,quaternion,0,0,0,0,2048,2048,41b2a000,41b2a000,0,0
5102,141,128,64,3f000000,quaternion,quaternion,0,0,0,0,2048,2048,425f4800,425f4800,0,0
5103,141,128,64,3f800000,quaternion,quaternion,0,0,0,0,2048,2048,42b2a000,42b2a000,0,0
5104,141,128,64,7fc12345,quaternion,quaternion,0,0,0,0,2048,2048,7fc12345,7fc12345,0,0
5105,141,128,64,ff854321,quaternion,quaternion,0,0,0,0,2048,2048,ffc54321,ffc54321,0,0
5106,141,64,128,00000000,quaternion,quaternion,0,0,0,0,2048,2048,c1b28000,c1b28000,0,0
5107,141,64,128,80000000,quaternion,quaternion,0,0,0,0,2048,2048,c0b28000,c0b28000,0,0
5108,141,64,128,3f000000,quaternion,quaternion,0,0,0,0,2048,2048,c15f2000,c15f2000,0,0
5109,141,64,128,3f800000,quaternion,quaternion,0,0,0,0,2048,2048,c1b28000,c1b28000,0,0
5110,141,64,128,7fc12345,quaternion,quaternion,0,0,0,0,2048,2048,7fc12345,7fc12345,0,0
5111,141,64,128,ff854321,quaternion,quaternion,0,0,0,0,2048,2048,ffc54321,ffc54321,0,0
5112,142,64,256,00000000,quaternion,quaternion,0,0,0,0,2048,2048,40930000,40930000,0,0
5113,142,64,256,80000000,quaternion,quaternion,0,0,0,0,2048,2048,3f130000,3f130000,0,0
5114,142,64,256,3f000000,quaternion,quaternion,0,0,0,0,2048,2048,40256000,40256000,0,0
5115,142,64,256,3f800000,quaternion,quaternion,0,0,0,0,2048,2048,40930000,40930000,0,0
5116,142,64,256,7fc12345,quaternion,quaternion,0,0,0,0,2048,2048,7fc12345,7fc12345,0,0
5117,142,64,256,ff854321,quaternion,quaternion,0,0,0,0,2048,2048,ffc54321,ffc54321,0,0
5118,142,64,64,00000000,quaternion,quaternion,0,0,0,0,2048,2048,42b3b800,42b3b800,0,0
5119,142,64,64,80000000,quaternion,quaternion,0,0,0,0,2048,2048,4133b800,4133b800,0,0
5120,142,64,64,3f000000,quaternion,quaternion,0,0,0,0,2048,2048,424a2f00,424a2f00,0,0
5121,142,64,64,3f800000,quaternion,quaternion,0,0,0,0,2048,2048,42b3b800,42b3b800,0,0
5122,142,64,64,7fc12345,quaternion,quaternion,0,0,0,0,2048,2048,7fc12345,7fc12345,0,0
5123,142,64,64,ff854321,quaternion,quaternion,0,0,0,0,2048,2048,ffc54321,ffc54321,0,0
5124,142,64,48,00000000,quaternion,quaternion,0,0,0,0,2048,2048,424e7000,424e7000,0,0
5125,142,64,48,80000000,quaternion,quaternion,0,0,0,0,2048,2048,40ce7000,40ce7000,0,0
5126,142,64,48,3f000000,quaternion,quaternion,0,0,0,0,2048,2048,41e83e00,41e83e00,0,0
5127,142,64,48,3f800000,quaternion,quaternion,0,0,0,0,2048,2048,424e7000,424e7000,0,0
5128,142,64,48,7fc12345,quaternion,quaternion,0,0,0,0,2048,2048,7fc12345,7fc12345,0,0
5129,142,64,48,ff854321,quaternion,quaternion,0,0,0,0,2048,2048,ffc54321,ffc54321,0,0
5130,142,64,80,00000000,quaternion,quaternion,0,0,0,0,2048,2048,c3000400,c3000400,0,0
5131,142,64,80,80000000,quaternion,quaternion,0,0,0,0,2048,2048,c1800400,c1800400,0,0
5132,142,64,80,3f000000,quaternion,quaternion,0,0,0,0,2048,2048,c2900480,c2900480,0,0
5133,142,64,80,3f800000,quaternion,quaternion,0,0,0,0,2048,2048,c3000400,c3000400,0,0
5134,142,64,80,7fc12345,quaternion,quaternion,0,0,0,0,2048,2048,7fc12345,7fc12345,0,0
5135,142,64,80,ff854321,quaternion,quaternion,0,0,0,0,2048,2048,ffc54321,ffc54321,0,0
5136,142,128,64,00000000,quaternion,quaternion,0,0,0,0,2048,2048,42b3b800,42b3b800,0,0
5137,142,128,64,80000000,quaternion,quaternion,0,0,0,0,2048,2048,4133b800,4133b800,0,0
5138,142,128,64,3f000000,quaternion,quaternion,0,0,0,0,2048,2048,424a2f00,424a2f00,0,0
5139,142,128,64,3f800000,quaternion,quaternion,0,0,0,0,2048,2048,42b3b800,42b3b800,0,0
5140,142,128,64,7fc12345,quaternion,quaternion,0,0,0,0,2048,2048,7fc12345,7fc12345,0,0
5141,142,128,64,ff854321,quaternion,quaternion,0,0,0,0,2048,2048,ffc54321,ffc54321,0,0
5142,142,64,128,00000000,quaternion,quaternion,0,0,0,0,2048,2048,c1544000,c1544000,0,0
5143,142,64,128,80000000,quaternion,quaternion,0,0,0,0,2048,2048,bfd44000,bfd44000,0,0
5144,142,64,128,3f000000,quaternion,quaternion,0,0,0,0,2048,2048,c0eec800,c0eec800,0,0
5145,142,64,128,3f800000,quaternion,quaternion,0,0,0,0,2048,2048,c1544000,c1544000,0,0
5146,142,64,128,7fc12345,quaternion,quaternion,0,0,0,0,2048,2048,7fc12345,7fc12345,0,0
5147,142,64,128,ff854321,quaternion,quaternion,0,0,0,0,2048,2048,ffc54321,ffc54321,0,0
5148,143,64,256,00000000,quaternion,quaternion,0,0,0,0,2048,2048,4171e000,4171e000,0,0
5149,143,64,256,80000000,quaternion,quaternion,0,0,0,0,2048,2048,00000000,00000000,0,0
5150,143,64,256,3f000000,quaternion,quaternion,0,0,0,0,2048,2048,40f1e000,40f1e000,0,0
5151,143,64,256,3f800000,quaternion,quaternion,0,0,0,0,2048,2048,4171e000,4171e000,0,0
5152,143,64,256,7fc12345,quaternion,quaternion,0,0,0,0,2048,2048,7fc12345,7fc12345,0,0
5153,143,64,256,ff854321,quaternion,quaternion,0,0,0,0,2048,2048,ffc54321,ffc54321,0,0
5154,143,64,64,00000000,quaternion,quaternion,0,0,0,0,2048,2048,42b5c800,42b5c800,0,0
5155,143,64,64,80000000,quaternion,quaternion,0,0,0,0,2048,2048,00000000,00000000,0,0
5156,143,64,64,3f000000,quaternion,quaternion,0,0,0,0,2048,2048,4235c800,4235c800,0,0
5157,143,64,64,3f800000,quaternion,quaternion,0,0,0,0,2048,2048,42b5c800,42b5c800,0,0
5158,143,64,64,7fc12345,quaternion,quaternion,0,0,0,0,2048,2048,7fc12345,7fc12345,0,0
5159,143,64,64,ff854321,quaternion,quaternion,0,0,0,0,2048,2048,ffc54321,ffc54321,0,0
5160,143,64,48,00000000,quaternion,quaternion,0,0,0,0,2048,2048,424a1000,424a1000,0,0
5161,143,64,48,80000000,quaternion,quaternion,0,0,0,0,2048,2048,00000000,00000000,0,0
5162,143,64,48,3f000000,quaternion,quaternion,0,0,0,0,2048,2048,41ca1000,41ca1000,0,0
5163,143,64,48,3f800000,quaternion,quaternion,0,0,0,0,2048,2048,424a1000,424a1000,0,0
5164,143,64,48,7fc12345,quaternion,quaternion,0,0,0,0,2048,2048,7fc12345,7fc12345,0,0
5165,143,64,48,ff854321,quaternion,quaternion,0,0,0,0,2048,2048,ffc54321,ffc54321,0,0
5166,143,64,80,00000000,quaternion,quaternion,0,0,0,0,2048,2048,c2f9b800,c2f9b800,0,0
5167,143,64,80,80000000,quaternion,quaternion,0,0,0,0,2048,2048,80000000,80000000,0,0
5168,143,64,80,3f000000,quaternion,quaternion,0,0,0,0,2048,2048,c279b800,c279b800,0,0
5169,143,64,80,3f800000,quaternion,quaternion,0,0,0,0,2048,2048,c2f9b800,c2f9b800,0,0
5170,143,64,80,7fc12345,quaternion,quaternion,0,0,0,0,2048,2048,7fc12345,7fc12345,0,0
5171,143,64,80,ff854321,quaternion,quaternion,0,0,0,0,2048,2048,ffc54321,ffc54321,0,0
5172,143,128,64,00000000,quaternion,quaternion,0,0,0,0,2048,2048,42b5c800,42b5c800,0,0
5173,143,128,64,80000000,quaternion,quaternion,0,0,0,0,2048,2048,00000000,00000000,0,0
5174,143,128,64,3f000000,quaternion,quaternion,0,0,0,0,2048,2048,4235c800,4235c800,0,0
5175,143,128,64,3f800000,quaternion,quaternion,0,0,0,0,2048,2048,42b5c800,42b5c800,0,0
5176,143,128,64,7fc12345,quaternion,quaternion,0,0,0,0,2048,2048,7fc12345,7fc12345,0,0
5177,143,128,64,ff854321,quaternion,quaternion,0,0,0,0,2048,2048,ffc54321,ffc54321,0,0
5178,143,64,128,00000000,quaternion,quaternion,0,0,0,0,2048,2048,c06f0000,c06f0000,0,0
5179,143,64,128,80000000,quaternion,quaternion,0,0,0,0,2048,2048,80000000,80000000,0,0
5180,143,64,128,3f000000,quaternion,quaternion,0,0,0,0,2048,2048,bfef0000,bfef0000,0,0
5181,143,64,128,3f800000,quaternion,quaternion,0,0,0,0,2048,2048,c06f0000,c06f0000,0,0
5182,143,64,128,7fc12345,quaternion,quaternion,0,0,0,0,2048,2048,7fc12345,7fc12345,0,0
5183,143,64,128,ff854321,quaternion,quaternion,0,0,0,0,2048,2048,ffc54321,ffc54321,0,0
5184,144,64,256,00000000,quaternion,quaternion,0,0,0,0,2048,2048,41d10000,41d10000,0,0
5185,144,64,256,80000000,quaternion,quaternion,0,0,0,0,2048,2048,41d10000,41d10000,0,0
5186,144,64,256,3f000000,quaternion,quaternion,0,0,0,0,2048,2048,41d10000,41d10000,0,0
5187,144,64,256,3f800000,quaternion,quaternion,0,0,0,0,2048,2048,41d10000,41d10000,0,0
5188,144,64,256,7fc12345,quaternion,quaternion,0,0,0,0,2048,2048,7fc12345,7fc12345,0,0
5189,144,64,256,ff854321,quaternion,quaternion,0,0,0,0,2048,2048,ffc54321,ffc54321,0,0
5190,144,64,64,00000000,quaternion,quaternion,0,0,0,0,2048,2048,42b8d000,42b8d000,0,0
5191,144,64,64,80000000,quaternion,quaternion,0,0,0,0,2048,2048,42b8d000,42b8d000,0,0
5192,144,64,64,3f000000,quaternion,quaternion,0,0,0,0,2048,2048,42b8d000,42b8d000,0,0
5193,144,64,64,3f800000,quaternion,quaternion,0,0,0,0,2048,2048,42b8d000,42b8d000,0,0
5194,144,64,64,7fc12345,quaternion,quaternion,0,0,0,0,2048,2048,7fc12345,7fc12345,0,0
5195,144,64,64,ff854321,quaternion,quaternion,0,0,0,0,2048,2048,ffc54321,ffc54321,0,0
5196,144,64,48,00000000,quaternion,quaternion,0,0,0,0,2048,2048,4247a000,4247a000,0,0
5197,144,64,48,80000000,quaternion,quaternion,0,0,0,0,2048,2048,4247a000,4247a000,0,0
5198,144,64,48,3f000000,quaternion,quaternion,0,0,0,0,2048,2048,4247a000,4247a000,0,0
5199,144,64,48,3f800000,quaternion,quaternion,0,0,0,0,2048,2048,4247a000,4247a000,0,0
5200,144,64,48,7fc12345,quaternion,quaternion,0,0,0,0,2048,2048,7fc12345,7fc12345,0,0
5201,144,64,48,ff854321,quaternion,quaternion,0,0,0,0,2048,2048,ffc54321,ffc54321,0,0
5202,144,64,80,00000000,quaternion,quaternion,0,0,0,0,2048,2048,c2f27000,c2f27000,0,0
5203,144,64,80,80000000,quaternion,quaternion,0,0,0,0,2048,2048,c2f27000,c2f27000,0,0
5204,144,64,80,3f000000,quaternion,quaternion,0,0,0,0,2048,2048,c2f27000,c2f27000,0,0
5205,144,64,80,3f800000,quaternion,quaternion,0,0,0,0,2048,2048,c2f27000,c2f27000,0,0
5206,144,64,80,7fc12345,quaternion,quaternion,0,0,0,0,2048,2048,7fc12345,7fc12345,0,0
5207,144,64,80,ff854321,quaternion,quaternion,0,0,0,0,2048,2048,ffc54321,ffc54321,0,0
5208,144,128,64,00000000,quaternion,quaternion,0,0,0,0,2048,2048,42b8d000,42b8d000,0,0
5209,144,128,64,80000000,quaternion,quaternion,0,0,0,0,2048,2048,42b8d000,42b8d000,0,0
5210,144,128,64,3f000000,quaternion,quaternion,0,0,0,0,2048,2048,42b8d000,42b8d000,0,0
5211,144,128,64,3f800000,quaternion,quaternion,0,0,0,0,2048,2048,42b8d000,42b8d000,0,0
5212,144,128,64,7fc12345,quaternion,quaternion,0,0,0,0,2048,2048,7fc12345,7fc12345,0,0
5213,144,128,64,ff854321,quaternion,quaternion,0,0,0,0,2048,2048,ffc54321,ffc54321,0,0
5214,144,64,128,00000000,quaternion,quaternion,0,0,0,0,2048,2048,40c90000,40c90000,0,0
5215,144,64,128,80000000,quaternion,quaternion,0,0,0,0,2048,2048,40c90000,40c90000,0,0
5216,144,64,128,3f000000,quaternion,quaternion,0,0,0,0,2048,2048,40c90000,40c90000,0,0
5217,144,64,128,3f800000,quaternion,quaternion,0,0,0,0,2048,2048,40c90000,40c90000,0,0
5218,144,64,128,7fc12345,quaternion,quaternion,0,0,0,0,2048,2048,7fc12345,7fc12345,0,0
5219,144,64,128,ff854321,quaternion,quaternion,0,0,0,0,2048,2048,ffc54321,ffc54321,0,0
5220,145,64,256,00000000,quaternion,quaternion,0,0,0,0,2048,2048,42167800,42167800,0,0
5221,145,64,256,80000000,quaternion,quaternion,0,0,0,0,2048,2048,4203a900,4203a900,0,0
5222,145,64,256,3f000000,quaternion,quaternion,0,0,0,0,2048,2048,420d1080,420d1080,0,0
5223,145,64,256,3f800000,quaternion,quaternion,0,0,0,0,2048,2048,42167800,42167800,0,0
5224,145,64,256,7fc12345,quaternion,quaternion,0,0,0,0,2048,2048,7fc12345,7fc12345,0,0
5225,145,64,256,ff854321,quaternion,quaternion,0,0,0,0,2048,2048,ffc54321,ffc54321,0,0
5226,145,64,64,00000000,quaternion,quaternion,0,0,0,0,2048,2048,42bcd000,42bcd000,0,0
5227,145,64,64,80000000,quaternion,quaternion,0,0,0,0,2048,2048,42a53600,42a53600,0,0
5228,145,64,64,3f000000,quaternion,quaternion,0,0,0,0,2048,2048,42b10300,42b10300,0,0
5229,145,64,64,3f800000,quaternion,quaternion,0,0,0,0,2048,2048,42bcd000,42bcd000,0,0
5230,145,64,64,7fc12345,quaternion,quaternion,0,0,0,0,2048,2048,7fc12345,7fc12345,0,0
5231,145,64,64,ff854321,quaternion,quaternion,0,0,0,0,2048,2048,ffc54321,ffc54321,0,0
5232,145,64,48,00000000,quaternion,quaternion,0,0,0,0,2048,2048,42472000,42472000,0,0
5233,145,64,48,80000000,quaternion,quaternion,0,0,0,0,2048,2048,422e3c00,422e3c00,0,0
5234,145,64,48,3f000000,quaternion,quaternion,0,0,0,0,2048,2048,423aae00,423aae00,0,0
5235,145,64,48,3f800000,quaternion,quaternion,0,0,0,0,2048,2048,42472000,42472000,0,0
5236,145,64,48,7fc12345,quaternion,quaternion,0,0,0,0,2048,2048,7fc12345,7fc12345,0,0
5237,145,64,48,ff854321,quaternion,quaternion,0,0,0,0,2048,2048,ffc54321,ffc54321,0,0
5238,145,64,80,00000000,quaternion,quaternion,0,0,0,0,2048,2048,c2ea3000,c2ea3000,0,0
5239,145,64,80,80000000,quaternion,quaternion,0,0,0,0,2048,2048,c2ccea00,c2ccea00,0,0
5240,145,64,80,3f000000,quaternion,quaternion,0,0,0,0,2048,2048,c2db8d00,c2db8d00,0,0
5241,145,64,80,3f800000,quaternion,quaternion,0,0,0,0,2048,2048,c2ea3000,c2ea3000,0,0
5242,145,64,80,7fc12345,quaternion,quaternion,0,0,0,0,2048,2048,7fc12345,7fc12345,0,0
5243,145,64,80,ff854321,quaternion,quaternion,0,0,0,0,2048,2048,ffc54321,ffc54321,0,0
5244,145,128,64,00000000,quaternion,quaternion,0,0,0,0,2048,2048,42bcd000,42bcd000,0,0
5245,145,128,64,80000000,quaternion,quaternion,0,0,0,0,2048,2048,42a53600,42a53600,0,0
5246,145,128,64,3f000000,quaternion,quaternion,0,0,0,0,2048,2048,42b10300,42b10300,0,0
5247,145,128,64,3f800000,quaternion,quaternion,0,0,0,0,2048,2048,42bcd000,42bcd000,0,0
5248,145,128,64,7fc12345,quaternion,quaternion,0,0,0,0,2048,2048,7fc12345,7fc12345,0,0
5249,145,128,64,ff854321,quaternion,quaternion,0,0,0,0,2048,2048,ffc54321,ffc54321,0,0
5250,145,64,128,00000000,quaternion,quaternion,0,0,0,0,2048,2048,41864000,41864000,0,0
5251,145,64,128,80000000,quaternion,quaternion,0,0,0,0,2048,2048,416af000,416af000,0,0
5252,145,64,128,3f000000,quaternion,quaternion,0,0,0,0,2048,2048,417bb800,417bb800,0,0
5253,145,64,128,3f800000,quaternion,quaternion,0,0,0,0,2048,2048,41864000,41864000,0,0
5254,145,64,128,7fc12345,quaternion,quaternion,0,0,0,0,2048,2048,7fc12345,7fc12345,0,0
5255,145,64,128,ff854321,quaternion,quaternion,0,0,0,0,2048,2048,ffc54321,ffc54321,0,0
5256,146,64,256,00000000,quaternion,quaternion,0,0,0,0,2048,2048,42466000,42466000,0,0
5257,146,64,256,80000000,quaternion,quaternion,0,0,0,0,2048,2048,4214c800,4214c800,0,0
5258,146,64,256,3f000000,quaternion,quaternion,0,0,0,0,2048,2048,422d9400,422d9400,0,0
5259,146,64,256,3f800000,quaternion,quaternion,0,0,0,0,2048,2048,42466000,42466000,0,0
5260,146,64,256,7fc12345,quaternion,quaternion,0,0,0,0,2048,2048,7fc12345,7fc12345,0,0
5261,146,64,256,ff854321,quaternion,quaternion,0,0,0,0,2048,2048,ffc54321,ffc54321,0,0
5262,146,64,64,00000000,quaternion,quaternion,0,0,0,0,2048,2048,42c1c800,42c1c800,0,0
5263,146,64,64,80000000,quaternion,quaternion,0,0,0,0,2048,2048,42915600,42915600,0,0
5264,146,64,64,3f000000,quaternion,quaternion,0,0,0,0,2048,2048,42a98f00,42a98f00,0,0
5265,146,64,64,3f800000,quaternion,quaternion,0,0,0,0,2048,2048,42c1c800,42c1c800,0,0
5266,146,64,64,7fc12345,quaternion,quaternion,0,0,0,0,2048,2048,7fc12345,7fc12345,0,0
5267,146,64,64,ff854321,quaternion,quaternion,0,0,0,0,2048,2048,ffc54321,ffc54321,0,0
5268,146,64,48,00000000,quaternion,quaternion,0,0,0,0,2048,2048,42489000,42489000,0,0
5269,146,64,48,80000000,quaternion,quaternion,0,0,0,0,2048,2048,42166c00,42166c00,0,0
5270,146,64,48,3f000000,quaternion,quaternion,0,0,0,0,2048,2048,422f7e00,422f7e00,0,0
5271,146,64,48,3f800000,quaternion,quaternion,0,0,0,0,2048,2048,42489000,42489000,0,0
5272,146,64,48,7fc12345,quaternion,quaternion,0,0,0,0,2048,2048,7fc12345,7fc12345,0,0
5273,146,64,48,ff854321,quaternion,quaternion,0,0,0,0,2048,2048,ffc54321,ffc54321,0,0
5274,146,64,80,00000000,quaternion,quaternion,0,0,0,0,2048,2048,c2e0f800,c2e0f800,0,0
5275,146,64,80,80000000,quaternion,quaternion,0,0,0,0,2048,2048,c2a8ba00,c2a8ba00,0,0
5276,146,64,80,3f000000,quaternion,quaternion,0,0,0,0,2048,2048,c2c4d900,c2c4d900,0,0
5277,146,64,80,3f800000,quaternion,quaternion,0,0,0,0,2048,2048,c2e0f800,c2e0f800,0,0
5278,146,64,80,7fc12345,quaternion,quaternion,0,0,0,0,2048,2048,7fc12345,7fc12345,0,0
5279,146,64,80,ff854321,quaternion,quaternion,0,0,0,0,2048,2048,ffc54321,ffc54321,0,0
5280,146,128,64,00000000,quaternion,quaternion,0,0,0,0,2048,2048,42c1c800,42c1c800,0,0
5281,146,128,64,80000000,quaternion,quaternion,0,0,0,0,2048,2048,42915600,42915600,0,0
5282,146,128,64,3f000000,quaternion,quaternion,0,0,0,0,2048,2048,42a98f00,42a98f00,0,0
5283,146,128,64,3f800000,quaternion,quaternion,0,0,0,0,2048,2048,42c1c800,42c1c800,0,0
5284,146,128,64,7fc12345,quaternion,quaternion,0,0,0,0,2048,2048,7fc12345,7fc12345,0,0
5285,146,128,64,ff854321,quaternion,quaternion,0,0,0,0,2048,2048,ffc54321,ffc54321,0,0
5286,146,64,128,00000000,quaternion,quaternion,0,0,0,0,2048,2048,41de2000,41de2000,0,0
5287,146,64,128,80000000,quaternion,quaternion,0,0,0,0,2048,2048,41a69800,41a69800,0,0
5288,146,64,128,3f000000,quaternion,quaternion,0,0,0,0,2048,2048,41c25c00,41c25c00,0,0
5289,146,64,128,3f800000,quaternion,quaternion,0,0,0,0,2048,2048,41de2000,41de2000,0,0
5290,146,64,128,7fc12345,quaternion,quaternion,0,0,0,0,2048,2048,7fc12345,7fc12345,0,0
5291,146,64,128,ff854321,quaternion,quaternion,0,0,0,0,2048,2048,ffc54321,ffc54321,0,0
5292,147,64,256,00000000,quaternion,quaternion,0,0,0,0,2048,2048,41420000,41420000,0,0
5293,147,64,256,80000000,quaternion,quaternion,0,0,0,0,2048,2048,40f28000,40f28000,0,0
5294,147,64,256,3f000000,quaternion,quaternion,0,0,0,0,2048,2048,411da000,411da000,0,0
5295,147,64,256,3f800000,quaternion,quaternion,0,0,0,0,2048,2048,41420000,41420000,0,0
5296,147,64,256,7fc12345,quaternion,quaternion,0,0,0,0,2048,2048,7fc12345,7fc12345,0,0
5297,147,64,256,ff854321,quaternion,quaternion,0,0,0,0,2048,2048,ffc54321,ffc54321,0,0
5298,147,64,64,00000000,quaternion,quaternion,0,0,0,0,2048,2048,42e8c000,42e8c000,0,0
5299,147,64,64,80000000,quaternion,quaternion,0,0,0,0,2048,2048,42917800,42917800,0,0
5300,147,64,64,3f000000,quaternion,quaternion,0,0,0,0,2048,2048,42bd1c00,42bd1c00,0,0
5301,147,64,64,3f800000,quaternion,quaternion,0,0,0,0,2048,2048,42e8c000,42e8c000,0,0
5302,147,64,64,7fc12345,quaternion,quaternion,0,0,0,0,2048,2048,7fc12345,7fc12345,0,0
5303,147,64,64,ff854321,quaternion,quaternion,0,0,0,0,2048,2048,ffc54321,ffc54321,0,0
5304,147,64,48,00000000,quaternion,quaternion,0,0,0,0,2048,2048,42a4c000,42a4c000,0,0
5305,147,64,48,80000000,quaternion,quaternion,0,0,0,0,2048,2048,424df000,424df000,0,0
5306,147,64,48,3f000000,quaternion,quaternion,0,0,0,0,2048,2048,4285dc00,4285dc00,0,0
5307,147,64,48,3f800000,quaternion,quaternion,0,0,0,0,2048,2048,42a4c000,42a4c000,0,0
5308,147,64,48,7fc12345,quaternion,quaternion,0,0,0,0,2048,2048,7fc12345,7fc12345,0,0
5309,147,64,48,ff854321,quaternion,quaternion,0,0,0,0,2048,2048,ffc54321,ffc54321,0,0
5310,147,64,80,00000000,quaternion,quaternion,0,0,0,0,2048,2048,c2d38000,c2d38000,0,0
5311,147,64,80,80000000,quaternion,quaternion,0,0,0,0,2048,2048,c2843000,c2843000,0,0
5312,147,64,80,3f000000,quaternion,quaternion,0,0,0,0,2048,2048,c2abd800,c2abd800,0,0
5313,147,64,80,3f800000,quaternion,quaternion,0,0,0,0,2048,2048,c2d38000,c2d38000,0,0
5314,147,64,80,7fc12345,quaternion,quaternion,0,0,0,0,2048,2048,7fc12345,7fc12345,0,0
5315,147,64,80,ff854321,quaternion,quaternion,0,0,0,0,2048,2048,ffc54321,ffc54321,0,0
5316,147,128,64,00000000,quaternion,quaternion,0,0,0,0,2048,2048,42e8c000,42e8c000,0,0
5317,147,128,64,80000000,quaternion,quaternion,0,0,0,0,2048,2048,42917800,42917800,0,0
5318,147,128,64,3f000000,quaternion,quaternion,0,0,0,0,2048,2048,42bd1c00,42bd1c00,0,0
5319,147,128,64,3f800000,quaternion,quaternion,0,0,0,0,2048,2048,42e8c000,42e8c000,0,0
5320,147,128,64,7fc12345,quaternion,quaternion,0,0,0,0,2048,2048,7fc12345,7fc12345,0,0
5321,147,128,64,ff854321,quaternion,quaternion,0,0,0,0,2048,2048,ffc54321,ffc54321,0,0
5322,147,64,128,00000000,quaternion,quaternion,0,0,0,0,2048,2048,c0700000,c0700000,0,0
5323,147,64,128,80000000,quaternion,quaternion,0,0,0,0,2048,2048,c0160000,c0160000,0,0
5324,147,64,128,3f000000,quaternion,quaternion,0,0,0,0,2048,2048,c0430000,c0430000,0,0
5325,147,64,128,3f800000,quaternion,quaternion,0,0,0,0,2048,2048,c0700000,c0700000,0,0
5326,147,64,128,7fc12345,quaternion,quaternion,0,0,0,0,2048,2048,7fc12345,7fc12345,0,0
5327,147,64,128,ff854321,quaternion,quaternion,0,0,0,0,2048,2048,ffc54321,ffc54321,0,0
5328,148,64,256,00000000,quaternion,quaternion,0,0,0,0,2048,2048,41bb0000,41bb0000,0,0
5329,148,64,256,80000000,quaternion,quaternion,0,0,0,0,2048,2048,413b0000,413b0000,0,0
5330,148,64,256,3f000000,quaternion,quaternion,0,0,0,0,2048,2048,418c4000,418c4000,0,0
5331,148,64,256,3f800000,quaternion,quaternion,0,0,0,0,2048,2048,41bb0000,41bb0000,0,0
5332,148,64,256,7fc12345,quaternion,quaternion,0,0,0,0,2048,2048,7fc12345,7fc12345,0,0
5333,148,64,256,ff854321,quaternion,quaternion,0,0,0,0,2048,2048,ffc54321,ffc54321,0,0
5334,148,64,64,00000000,quaternion,quaternion,0,0,0,0,2048,2048,42ec4400,42ec4400,0,0
5335,148,64,64,80000000,quaternion,quaternion,0,0,0,0,2048,2048,426c4400,426c4400,0,0
5336,148,64,64,3f000000,quaternion,quaternion,0,0,0,0,2048,2048,42b13300,42b13300,0,0
5337,148,64,64,3f800000,quaternion,quaternion,0,0,0,0,2048,2048,42ec4400,42ec4400,0,0
5338,148,64,64,7fc12345,quaternion,quaternion,0,0,0,0,2048,2048,7fc12345,7fc12345,0,0
5339,148,64,64,ff854321,quaternion,quaternion,0,0,0,0,2048,2048,ffc54321,ffc54321,0,0
5340,148,64,48,00000000,quaternion,quaternion,0,0,0,0,2048,2048,42a40400,42a40400,0,0
5341,148,64,48,80000000,quaternion,quaternion,0,0,0,0,2048,2048,42240400,42240400,0,0
5342,148,64,48,3f000000,quaternion,quaternion,0,0,0,0,2048,2048,42760600,42760600,0,0
5343,148,64,48,3f800000,quaternion,quaternion,0,0,0,0,2048,2048,42a40400,42a40400,0,0
5344,148,64,48,7fc12345,quaternion,quaternion,0,0,0,0,2048,2048,7fc12345,7fc12345,0,0
5345,148,64,48,ff854321,quaternion,quaternion,0,0,0,0,2048,2048,ffc54321,ffc54321,0,0
5346,148,64,80,00000000,quaternion,quaternion,0,0,0,0,2048,2048,c2cbbc00,c2cbbc00,0,0
5347,148,64,80,80000000,quaternion,quaternion,0,0,0,0,2048,2048,c24bbc00,c24bbc00,0,0
5348,148,64,80,3f000000,quaternion,quaternion,0,0,0,0,2048,2048,c298cd00,c298cd00,0,0
5349,148,64,80,3f800000,quaternion,quaternion,0,0,0,0,2048,2048,c2cbbc00,c2cbbc00,0,0
5350,148,64,80,7fc12345,quaternion,quaternion,0,0,0,0,2048,2048,7fc12345,7fc12345,0,0
5351,148,64,80,ff854321,quaternion,quaternion,0,0,0,0,2048,2048,ffc54321,ffc54321,0,0
5352,148,128,64,00000000,quaternion,quaternion,0,0,0,0,2048,2048,42ec4400,42ec4400,0,0
5353,148,128,64,80000000,quaternion,quaternion,0,0,0,0,2048,2048,426c4400,426c4400,0,0
5354,148,128,64,3f000000,quaternion,quaternion,0,0,0,0,2048,2048,42b13300,42b13300,0,0
5355,148,128,64,3f800000,quaternion,quaternion,0,0,0,0,2048,2048,42ec4400,42ec4400,0,0
5356,148,128,64,7fc12345,quaternion,quaternion,0,0,0,0,2048,2048,7fc12345,7fc12345,0,0
5357,148,128,64,ff854321,quaternion,quaternion,0,0,0,0,2048,2048,ffc54321,ffc54321,0,0
5358,148,64,128,00000000,quaternion,quaternion,0,0,0,0,2048,2048,40d04000,40d04000,0,0
5359,148,64,128,80000000,quaternion,quaternion,0,0,0,0,2048,2048,40504000,40504000,0,0
5360,148,64,128,3f000000,quaternion,quaternion,0,0,0,0,2048,2048,409c3000,409c3000,0,0
5361,148,64,128,3f800000,quaternion,quaternion,0,0,0,0,2048,2048,40d04000,40d04000,0,0
5362,148,64,128,7fc12345,quaternion,quaternion,0,0,0,0,2048,2048,7fc12345,7fc12345,0,0
5363,148,64,128,ff854321,quaternion,quaternion,0,0,0,0,2048,2048,ffc54321,ffc54321,0,0
5364,149,64,256,00000000,quaternion,quaternion,0,0,0,0,2048,2048,420c7000,420c7000,0,0
5365,149,64,256,80000000,quaternion,quaternion,0,0,0,0,2048,2048,4152a800,4152a800,0,0
5366,149,64,256,3f000000,quaternion,quaternion,0,0,0,0,2048,2048,41c11a00,41c11a00,0,0
5367,149,64,256,3f800000,quaternion,quaternion,0,0,0,0,2048,2048,420c7000,420c7000,0,0
5368,149,64,256,7fc12345,quaternion,quaternion,0,0,0,0,2048,2048,7fc12345,7fc12345,0,0
5369,149,64,256,ff854321,quaternion,quaternion,0,0,0,0,2048,2048,ffc54321,ffc54321,0,0
5370,149,64,64,00000000,quaternion,quaternion,0,0,0,0,2048,2048,42f0c000,42f0c000,0,0
5371,149,64,64,80000000,quaternion,quaternion,0,0,0,0,2048,2048,42349000,42349000,0,0
5372,149,64,64,3f000000,quaternion,quaternion,0,0,0,0,2048,2048,42a58400,42a58400,0,0
5373,149,64,64,3f800000,quaternion,quaternion,0,0,0,0,2048,2048,42f0c000,42f0c000,0,0
5374,149,64,64,7fc12345,quaternion,quaternion,0,0,0,0,2048,2048,7fc12345,7fc12345,0,0
5375,149,64,64,ff854321,quaternion,quaternion,0,0,0,0,2048,2048,ffc54321,ffc54321,0,0
5376,149,64,48,00000000,quaternion,quaternion,0,0,0,0,2048,2048,42a44000,42a44000,0,0
5377,149,64,48,80000000,quaternion,quaternion,0,0,0,0,2048,2048,41f66000,41f66000,0,0
5378,149,64,48,3f000000,quaternion,quaternion,0,0,0,0,2048,2048,4261d800,4261d800,0,0
5379,149,64,48,3f800000,quaternion,quaternion,0,0,0,0,2048,2048,42a44000,42a44000,0,0
5380,149,64,48,7fc12345,quaternion,quaternion,0,0,0,0,2048,2048,7fc12345,7fc12345,0,0
5381,149,64,48,ff854321,quaternion,quaternion,0,0,0,0,2048,2048,ffc54321,ffc54321,0,0
5382,149,64,80,00000000,quaternion,quaternion,0,0,0,0,2048,2048,c2c30000,c2c30000,0,0
5383,149,64,80,80000000,quaternion,quaternion,0,0,0,0,2048,2048,c2124000,c2124000,0,0
5384,149,64,80,3f000000,quaternion,quaternion,0,0,0,0,2048,2048,c2861000,c2861000,0,0
5385,149,64,80,3f800000,quaternion,quaternion,0,0,0,0,2048,2048,c2c30000,c2c30000,0,0
5386,149,64,80,7fc12345,quaternion,quaternion,0,0,0,0,2048,2048,7fc12345,7fc12345,0,0
5387,149,64,80,ff854321,quaternion,quaternion,0,0,0,0,2048,2048,ffc54321,ffc54321,0,0
5388,149,128,64,00000000,quaternion,quaternion,0,0,0,0,2048,2048,42f0c000,42f0c000,0,0
5389,149,128,64,80000000,quaternion,quaternion,0,0,0,0,2048,2048,42349000,42349000,0,0
5390,149,128,64,3f000000,quaternion,quaternion,0,0,0,0,2048,2048,42a58400,42a58400,0,0
5391,149,128,64,3f800000,quaternion,quaternion,0,0,0,0,2048,2048,42f0c000,42f0c000,0,0
5392,149,128,64,7fc12345,quaternion,quaternion,0,0,0,0,2048,2048,7fc12345,7fc12345,0,0
5393,149,128,64,ff854321,quaternion,quaternion,0,0,0,0,2048,2048,ffc54321,ffc54321,0,0
5394,149,64,128,00000000,quaternion,quaternion,0,0,0,0,2048,2048,418a0000,418a0000,0,0
5395,149,64,128,80000000,quaternion,quaternion,0,0,0,0,2048,2048,40cf0000,40cf0000,0,0
5396,149,64,128,3f000000,quaternion,quaternion,0,0,0,0,2048,2048,413dc000,413dc000,0,0
5397,149,64,128,3f800000,quaternion,quaternion,0,0,0,0,2048,2048,418a0000,418a0000,0,0
5398,149,64,128,7fc12345,quaternion,quaternion,0,0,0,0,2048,2048,7fc12345,7fc12345,0,0
5399,149,64,128,ff854321,quaternion,quaternion,0,0,0,0,2048,2048,ffc54321,ffc54321,0,0
5400,150,64,256,00000000,quaternion,quaternion,0,0,0,0,2048,2048,423d5000,423d5000,0,0
5401,150,64,256,80000000,quaternion,quaternion,0,0,0,0,2048,2048,413d5000,413d5000,0,0
5402,150,64,256,3f000000,quaternion,quaternion,0,0,0,0,2048,2048,41eca400,41eca400,0,0
5403,150,64,256,3f800000,quaternion,quaternion,0,0,0,0,2048,2048,423d5000,423d5000,0,0
5404,150,64,256,7fc12345,quaternion,quaternion,0,0,0,0,2048,2048,7fc12345,7fc12345,0,0
5405,150,64,256,ff854321,quaternion,quaternion,0,0,0,0,2048,2048,ffc54321,ffc54321,0,0
5406,150,64,64,00000000,quaternion,quaternion,0,0,0,0,2048,2048,42f63400,42f63400,0,0
5407,150,64,64,80000000,quaternion,quaternion,0,0,0,0,2048,2048,41f63400,41f63400,0,0
5408,150,64,64,3f000000,quaternion,quaternion,0,0,0,0,2048,2048,4299e080,4299e080,0,0
5409,150,64,64,3f800000,quaternion,quaternion,0,0,0,0,2048,2048,42f63400,42f63400,0,0
5410,150,64,64,7fc12345,quaternion,quaternion,0,0,0,0,2048,2048,7fc12345,7fc12345,0,0
5411,150,64,64,ff854321,quaternion,quaternion,0,0,0,0,2048,2048,ffc54321,ffc54321,0,0
5412,150,64,48,00000000,quaternion,quaternion,0,0,0,0,2048,2048,42a57400,42a57400,0,0
5413,150,64,48,80000000,quaternion,quaternion,0,0,0,0,2048,2048,41a57400,41a57400,0,0
5414,150,64,48,3f000000,quaternion,quaternion,0,0,0,0,2048,2048,424ed100,424ed100,0,0
5415,150,64,48,3f800000,quaternion,quaternion,0,0,0,0,2048,2048,42a57400,42a57400,0,0
5416,150,64,48,7fc12345,quaternion,quaternion,0,0,0,0,2048,2048,7fc12345,7fc12345,0,0
5417,150,64,48,ff854321,quaternion,quaternion,0,0,0,0,2048,2048,ffc54321,ffc54321,0,0
5418,150,64,80,00000000,quaternion,quaternion,0,0,0,0,2048,2048,c2b94c00,c2b94c00,0,0
5419,150,64,80,80000000,quaternion,quaternion,0,0,0,0,2048,2048,c1b94c00,c1b94c00,0,0
5420,150,64,80,3f000000,quaternion,quaternion,0,0,0,0,2048,2048,c2679f00,c2679f00,0,0
5421,150,64,80,3f800000,quaternion,quaternion,0,0,0,0,2048,2048,c2b94c00,c2b94c00,0,0
5422,150,64,80,7fc12345,quaternion,quaternion,0,0,0,0,2048,2048,7fc12345,7fc12345,0,0
5423,150,64,80,ff854321,quaternion,quaternion,0,0,0,0,2048,2048,ffc54321,ffc54321,0,0
5424,150,128,64,00000000,quaternion,quaternion,0,0,0,0,2048,2048,42f63400,42f63400,0,0
5425,150,128,64,80000000,quaternion,quaternion,0,0,0,0,2048,2048,41f63400,41f63400,0,0
5426,150,128,64,3f000000,quaternion,quaternion,0,0,0,0,2048,2048,4299e080,4299e080,0,0
5427,150,128,64,3f800000,quaternion,quaternion,0,0,0,0,2048,2048,42f63400,42f63400,0,0
5428,150,128,64,7fc12345,quaternion,quaternion,0,0,0,0,2048,2048,7fc12345,7fc12345,0,0
5429,150,128,64,ff854321,quaternion,quaternion,0,0,0,0,2048,2048,ffc54321,ffc54321,0,0
5430,150,64,128,00000000,quaternion,quaternion,0,0,0,0,2048,2048,41e3d000,41e3d000,0,0
5431,150,64,128,80000000,quaternion,quaternion,0,0,0,0,2048,2048,40e3d000,40e3d000,0,0
5432,150,64,128,3f000000,quaternion,quaternion,0,0,0,0,2048,2048,418e6200,418e6200,0,0
5433,150,64,128,3f800000,quaternion,quaternion,0,0,0,0,2048,2048,41e3d000,41e3d000,0,0
5434,150,64,128,7fc12345,quaternion,quaternion,0,0,0,0,2048,2048,7fc12345,7fc12345,0,0
5435,150,64,128,ff854321,quaternion,quaternion,0,0,0,0,2048,2048,ffc54321,ffc54321,0,0
5436,151,64,256,00000000,quaternion,quaternion,0,0,0,0,2048,2048,c0800000,c0800000,0,0
5437,151,64,256,80000000,quaternion,quaternion,0,0,0,0,2048,2048,bf000000,bf000000,0,0
5438,151,64,256,3f000000,quaternion,quaternion,0,0,0,0,2048,2048,c0100000,c0100000,0,0
5439,151,64,256,3f800000,quaternion,quaternion,0,0,0,0,2048,2048,c0800000,c0800000,0,0
5440,151,64,256,7fc12345,quaternion,quaternion,0,0,0,0,2048,2048,7fc12345,7fc12345,0,0
5441,151,64,256,ff854321,quaternion,quaternion,0,0,0,0,2048,2048,ffc54321,ffc54321,0,0
5442,151,64,64,00000000,quaternion,quaternion,0,0,0,0,2048,2048,c301d000,c301d000,0,0
5443,151,64,64,80000000,quaternion,quaternion,0,0,0,0,2048,2048,c181d000,c181d000,0,0
5444,151,64,64,3f000000,quaternion,quaternion,0,0,0,0,2048,2048,c2920a00,c2920a00,0,0
5445,151,64,64,3f800000,quaternion,quaternion,0,0,0,0,2048,2048,c301d000,c301d000,0,0
5446,151,64,64,7fc12345,quaternion,quaternion,0,0,0,0,2048,2048,7fc12345,7fc12345,0,0
5447,151,64,64,ff854321,quaternion,quaternion,0,0,0,0,2048,2048,ffc54321,ffc54321,0,0
5448,151,64,48,00000000,quaternion,quaternion,0,0,0,0,2048,2048,42a7a000,42a7a000,0,0
5449,151,64,48,80000000,quaternion,quaternion,0,0,0,0,2048,2048,4127a000,4127a000,0,0
5450,151,64,48,3f000000,quaternion,quaternion,0,0,0,0,2048,2048,423c9400,423c9400,0,0
5451,151,64,48,3f800000,quaternion,quaternion,0,0,0,0,2048,2048,42a7a000,42a7a000,0,0
5452,151,64,48,7fc12345,quaternion,quaternion,0,0,0,0,2048,2048,7fc12345,7fc12345,0,0
5453,151,64,48,ff854321,quaternion,quaternion,0,0,0,0,2048,2048,ffc54321,ffc54321,0,0
5454,151,64,80,00000000,quaternion,quaternion,0,0,0,0,2048,2048,c2aea000,c2aea000,0,0
5455,151,64,80,80000000,quaternion,quaternion,0,0,0,0,2048,2048,c12ea000,c12ea000,0,0
5456,151,64,80,3f000000,quaternion,quaternion,0,0,0,0,2048,2048,c2447400,c2447400,0,0
5457,151,64,80,3f800000,quaternion,quaternion,0,0,0,0,2048,2048,c2aea000,c2aea000,0,0
5458,151,64,80,7fc12345,quaternion,quaternion,0,0,0,0,2048,2048,7fc12345,7fc12345,0,0
5459,151,64,80,ff854321,quaternion,quaternion,0,0,0,0,2048,2048,ffc54321,ffc54321,0,0
5460,151,128,64,00000000,quaternion,quaternion,0,0,0,0,2048,2048,c301d000,c301d000,0,0
5461,151,128,64,80000000,quaternion,quaternion,0,0,0,0,2048,2048,c181d000,c181d000,0,0
5462,151,128,64,3f000000,quaternion,quaternion,0,0,0,0,2048,2048,c2920a00,c2920a00,0,0
5463,151,128,64,3f800000,quaternion,quaternion,0,0,0,0,2048,2048,c301d000,c301d000,0,0
5464,151,128,64,7fc12345,quaternion,quaternion,0,0,0,0,2048,2048,7fc12345,7fc12345,0,0
5465,151,128,64,ff854321,quaternion,quaternion,0,0,0,0,2048,2048,ffc54321,ffc54321,0,0
5466,151,64,128,00000000,quaternion,quaternion,0,0,0,0,2048,2048,4220c000,4220c000,0,0
5467,151,64,128,80000000,quaternion,quaternion,0,0,0,0,2048,2048,40a0c000,40a0c000,0,0
5468,151,64,128,3f000000,quaternion,quaternion,0,0,0,0,2048,2048,41b4d800,41b4d800,0,0
5469,151,64,128,3f800000,quaternion,quaternion,0,0,0,0,2048,2048,4220c000,4220c000,0,0
5470,151,64,128,7fc12345,quaternion,quaternion,0,0,0,0,2048,2048,7fc12345,7fc12345,0,0
5471,151,64,128,ff854321,quaternion,quaternion,0,0,0,0,2048,2048,ffc54321,ffc54321,0,0
5472,152,64,256,00000000,quaternion,quaternion,0,0,0,0,2048,2048,c0da4000,c0da4000,0,0
5473,152,64,256,80000000,quaternion,quaternion,0,0,0,0,2048,2048,80000000,80000000,0,0
5474,152,64,256,3f000000,quaternion,quaternion,0,0,0,0,2048,2048,c05a4000,c05a4000,0,0
5475,152,64,256,3f800000,quaternion,quaternion,0,0,0,0,2048,2048,c0da4000,c0da4000,0,0
5476,152,64,256,7fc12345,quaternion,quaternion,0,0,0,0,2048,2048,7fc12345,7fc12345,0,0
5477,152,64,256,ff854321,quaternion,quaternion,0,0,0,0,2048,2048,ffc54321,ffc54321,0,0
5478,152,64,64,00000000,quaternion,quaternion,0,0,0,0,2048,2048,c2fc3c00,c2fc3c00,0,0
5479,152,64,64,80000000,quaternion,quaternion,0,0,0,0,2048,2048,80000000,80000000,0,0
5480,152,64,64,3f000000,quaternion,quaternion,0,0,0,0,2048,2048,c27c3c00,c27c3c00,0,0
5481,152,64,64,3f800000,quaternion,quaternion,0,0,0,0,2048,2048,c2fc3c00,c2fc3c00,0,0
5482,152,64,64,7fc12345,quaternion,quaternion,0,0,0,0,2048,2048,7fc12345,7fc12345,0,0
5483,152,64,64,ff854321,quaternion,quaternion,0,0,0,0,2048,2048,ffc54321,ffc54321,0,0
5484,152,64,48,00000000,quaternion,quaternion,0,0,0,0,2048,2048,42aac400,42aac400,0,0
5485,152,64,48,80000000,quaternion,quaternion,0,0,0,0,2048,2048,00000000,00000000,0,0
5486,152,64,48,3f000000,quaternion,quaternion,0,0,0,0,2048,2048,422ac400,422ac400,0,0
5487,152,64,48,3f800000,quaternion,quaternion,0,0,0,0,2048,2048,42aac400,42aac400,0,0
5488,152,64,48,7fc12345,quaternion,quaternion,0,0,0,0,2048,2048,7fc12345,7fc12345,0,0
5489,152,64,48,ff854321,quaternion,quaternion,0,0,0,0,2048,2048,ffc54321,ffc54321,0,0
5490,152,64,80,00000000,quaternion,quaternion,0,0,0,0,2048,2048,c2a2fc00,c2a2fc00,0,0
5491,152,64,80,80000000,quaternion,quaternion,0,0,0,0,2048,2048,80000000,80000000,0,0
5492,152,64,80,3f000000,quaternion,quaternion,0,0,0,0,2048,2048,c222fc00,c222fc00,0,0
5493,152,64,80,3f800000,quaternion,quaternion,0,0,0,0,2048,2048,c2a2fc00,c2a2fc00,0,0
5494,152,64,80,7fc12345,quaternion,quaternion,0,0,0,0,2048,2048,7fc12345,7fc12345,0,0
5495,152,64,80,ff854321,quaternion,quaternion,0,0,0,0,2048,2048,ffc54321,ffc54321,0,0
5496,152,128,64,00000000,quaternion,quaternion,0,0,0,0,2048,2048,c2fc3c00,c2fc3c00,0,0
5497,152,128,64,80000000,quaternion,quaternion,0,0,0,0,2048,2048,80000000,80000000,0,0
5498,152,128,64,3f000000,quaternion,quaternion,0,0,0,0,2048,2048,c27c3c00,c27c3c00,0,0
5499,152,128,64,3f800000,quaternion,quaternion,0,0,0,0,2048,2048,c2fc3c00,c2fc3c00,0,0
5500,152,128,64,7fc12345,quaternion,quaternion,0,0,0,0,2048,2048,7fc12345,7fc12345,0,0
5501,152,128,64,ff854321,quaternion,quaternion,0,0,0,0,2048,2048,ffc54321,ffc54321,0,0
5502,152,64,128,00000000,quaternion,quaternion,0,0,0,0,2048,2048,42518800,42518800,0,0
5503,152,64,128,80000000,quaternion,quaternion,0,0,0,0,2048,2048,00000000,00000000,0,0
5504,152,64,128,3f000000,quaternion,quaternion,0,0,0,0,2048,2048,41d18800,41d18800,0,0
5505,152,64,128,3f800000,quaternion,quaternion,0,0,0,0,2048,2048,42518800,42518800,0,0
5506,152,64,128,7fc12345,quaternion,quaternion,0,0,0,0,2048,2048,7fc12345,7fc12345,0,0
5507,152,64,128,ff854321,quaternion,quaternion,0,0,0,0,2048,2048,ffc54321,ffc54321,0,0
5508,153,64,256,00000000,quaternion,quaternion,0,0,0,0,2048,2048,c1128000,c1128000,0,0
5509,153,64,256,80000000,quaternion,quaternion,0,0,0,0,2048,2048,c1128000,c1128000,0,0
5510,153,64,256,3f000000,quaternion,quaternion,0,0,0,0,2048,2048,c1128000,c1128000,0,0
5511,153,64,256,3f800000,quaternion,quaternion,0,0,0,0,2048,2048,c1128000,c1128000,0,0
5512,153,64,256,7fc12345,quaternion,quaternion,0,0,0,0,2048,2048,7fc12345,7fc12345,0,0
5513,153,64,256,ff854321,quaternion,quaternion,0,0,0,0,2048,2048,ffc54321,ffc54321,0,0
5514,153,64,64,00000000,quaternion,quaternion,0,0,0,0,2048,2048,c2f3e000,c2f3e000,0,0
5515,153,64,64,80000000,quaternion,quaternion,0,0,0,0,2048,2048,c2f3e000,c2f3e000,0,0
5516,153,64,64,3f000000,quaternion,quaternion,0,0,0,0,2048,2048,c2f3e000,c2f3e000,0,0
5517,153,64,64,3f800000,quaternion,quaternion,0,0,0,0,2048,2048,c2f3e000,c2f3e000,0,0
5518,153,64,64,7fc12345,quaternion,quaternion,0,0,0,0,2048,2048,7fc12345,7fc12345,0,0
5519,153,64,64,ff854321,quaternion,quaternion,0,0,0,0,2048,2048,ffc54321,ffc54321,0,0
5520,153,64,48,00000000,quaternion,quaternion,0,0,0,0,2048,2048,42aee000,42aee000,0,0
5521,153,64,48,80000000,quaternion,quaternion,0,0,0,0,2048,2048,42aee000,42aee000,0,0
5522,153,64,48,3f000000,quaternion,quaternion,0,0,0,0,2048,2048,42aee000,42aee000,0,0
5523,153,64,48,3f800000,quaternion,quaternion,0,0,0,0,2048,2048,42aee000,42aee000,0,0
5524,153,64,48,7fc12345,quaternion,quaternion,0,0,0,0,2048,2048,7fc12345,7fc12345,0,0
5525,153,64,48,ff854321,quaternion,quaternion,0,0,0,0,2048,2048,ffc54321,ffc54321,0,0
5526,153,64,80,00000000,quaternion,quaternion,0,0,0,0,2048,2048,c2966000,c2966000,0,0
5527,153,64,80,80000000,quaternion,quaternion,0,0,0,0,2048,2048,c2966000,c2966000,0,0
5528,153,64,80,3f000000,quaternion,quaternion,0,0,0,0,2048,2048,c2966000,c2966000,0,0
5529,153,64,80,3f800000,quaternion,quaternion,0,0,0,0,2048,2048,c2966000,c2966000,0,0
5530,153,64,80,7fc12345,quaternion,quaternion,0,0,0,0,2048,2048,7fc12345,7fc12345,0,0
5531,153,64,80,ff854321,quaternion,quaternion,0,0,0,0,2048,2048,ffc54321,ffc54321,0,0
5532,153,128,64,00000000,quaternion,quaternion,0,0,0,0,2048,2048,c2f3e000,c2f3e000,0,0
5533,153,128,64,80000000,quaternion,quaternion,0,0,0,0,2048,2048,c2f3e000,c2f3e000,0,0
5534,153,128,64,3f000000,quaternion,quaternion,0,0,0,0,2048,2048,c2f3e000,c2f3e000,0,0
5535,153,128,64,3f800000,quaternion,quaternion,0,0,0,0,2048,2048,c2f3e000,c2f3e000,0,0
5536,153,128,64,7fc12345,quaternion,quaternion,0,0,0,0,2048,2048,7fc12345,7fc12345,0,0
5537,153,128,64,ff854321,quaternion,quaternion,0,0,0,0,2048,2048,ffc54321,ffc54321,0,0
5538,153,64,128,00000000,quaternion,quaternion,0,0,0,0,2048,2048,42822000,42822000,0,0
5539,153,64,128,80000000,quaternion,quaternion,0,0,0,0,2048,2048,42822000,42822000,0,0
5540,153,64,128,3f000000,quaternion,quaternion,0,0,0,0,2048,2048,42822000,42822000,0,0
5541,153,64,128,3f800000,quaternion,quaternion,0,0,0,0,2048,2048,42822000,42822000,0,0
5542,153,64,128,7fc12345,quaternion,quaternion,0,0,0,0,2048,2048,7fc12345,7fc12345,0,0
5543,153,64,128,ff854321,quaternion,quaternion,0,0,0,0,2048,2048,ffc54321,ffc54321,0,0
5544,154,64,256,00000000,quaternion,quaternion,0,0,0,0,2048,2048,421d0000,421d0000,0,0
5545,154,64,256,80000000,quaternion,quaternion,0,0,0,0,2048,2048,42096000,42096000,0,0
5546,154,64,256,3f000000,quaternion,quaternion,0,0,0,0,2048,2048,42133000,42133000,0,0
5547,154,64,256,3f800000,quaternion,quaternion,0,0,0,0,2048,2048,421d0000,421d0000,0,0
5548,154,64,256,7fc12345,quaternion,quaternion,0,0,0,0,2048,2048,7fc12345,7fc12345,0,0
5549,154,64,256,ff854321,quaternion,quaternion,0,0,0,0,2048,2048,ffc54321,ffc54321,0,0
5550,154,64,64,00000000,quaternion,quaternion,0,0,0,0,2048,2048,c2e14000,c2e14000,0,0
5551,154,64,64,80000000,quaternion,quaternion,0,0,0,0,2048,2048,c2c51800,c2c51800,0,0
5552,154,64,64,3f000000,quaternion,quaternion,0,0,0,0,2048,2048,c2d32c00,c2d32c00,0,0
5553,154,64,64,3f800000,quaternion,quaternion,0,0,0,0,2048,2048,c2e14000,c2e14000,0,0
5554,154,64,64,7fc12345,quaternion,quaternion,0,0,0,0,2048,2048,7fc12345,7fc12345,0,0
5555,154,64,64,ff854321,quaternion,quaternion,0,0,0,0,2048,2048,ffc54321,ffc54321,0,0
5556,154,64,48,00000000,quaternion,quaternion,0,0,0,0,2048,2048,42db0000,42db0000,0,0
5557,154,64,48,80000000,quaternion,quaternion,0,0,0,0,2048,2048,42bfa000,42bfa000,0,0
5558,154,64,48,3f000000,quaternion,quaternion,0,0,0,0,2048,2048,42cd5000,42cd5000,0,0
5559,154,64,48,3f800000,quaternion,quaternion,0,0,0,0,2048,2048,42db0000,42db0000,0,0
5560,154,64,48,7fc12345,quaternion,quaternion,0,0,0,0,2048,2048,7fc12345,7fc12345,0,0
5561,154,64,48,ff854321,quaternion,quaternion,0,0,0,0,2048,2048,ffc54321,ffc54321,0,0
5562,154,64,80,00000000,quaternion,quaternion,0,0,0,0,2048,2048,c29d4000,c29d4000,0,0
5563,154,64,80,80000000,quaternion,quaternion,0,0,0,0,2048,2048,c2899800,c2899800,0,0
5564,154,64,80,3f000000,quaternion,quaternion,0,0,0,0,2048,2048,c2936c00,c2936c00,0,0
5565,154,64,80,3f800000,quaternion,quaternion,0,0,0,0,2048,2048,c29d4000,c29d4000,0,0
5566,154,64,80,7fc12345,quaternion,quaternion,0,0,0,0,2048,2048,7fc12345,7fc12345,0,0
5567,154,64,80,ff854321,quaternion,quaternion,0,0,0,0,2048,2048,ffc54321,ffc54321,0,0
5568,154,128,64,00000000,quaternion,quaternion,0,0,0,0,2048,2048,c2e14000,c2e14000,0,0
5569,154,128,64,80000000,quaternion,quaternion,0,0,0,0,2048,2048,c2c51800,c2c51800,0,0
5570,154,128,64,3f000000,quaternion,quaternion,0,0,0,0,2048,2048,c2d32c00,c2d32c00,0,0
5571,154,128,64,3f800000,quaternion,quaternion,0,0,0,0,2048,2048,c2e14000,c2e14000,0,0
5572,154,128,64,7fc12345,quaternion,quaternion,0,0,0,0,2048,2048,7fc12345,7fc12345,0,0
5573,154,128,64,ff854321,quaternion,quaternion,0,0,0,0,2048,2048,ffc54321,ffc54321,0,0
5574,154,64,128,00000000,quaternion,quaternion,0,0,0,0,2048,2048,41bb0000,41bb0000,0,0
5575,154,64,128,80000000,quaternion,quaternion,0,0,0,0,2048,2048,41a3a000,41a3a000,0,0
5576,154,64,128,3f000000,quaternion,quaternion,0,0,0,0,2048,2048,41af5000,41af5000,0,0
5577,154,64,128,3f800000,quaternion,quaternion,0,0,0,0,2048,2048,41bb0000,41bb0000,0,0
5578,154,64,128,7fc12345,quaternion,quaternion,0,0,0,0,2048,2048,7fc12345,7fc12345,0,0
5579,154,64,128,ff854321,quaternion,quaternion,0,0,0,0,2048,2048,ffc54321,ffc54321,0,0
5580,155,64,256,00000000,quaternion,quaternion,0,0,0,0,2048,2048,4210c000,4210c000,0,0
5581,155,64,256,80000000,quaternion,quaternion,0,0,0,0,2048,2048,41d92000,41d92000,0,0
5582,155,64,256,3f000000,quaternion,quaternion,0,0,0,0,2048,2048,41fd5000,41fd5000,0,0
5583,155,64,256,3f800000,quaternion,quaternion,0,0,0,0,2048,2048,4210c000,4210c000,0,0
5584,155,64,256,7fc12345,quaternion,quaternion,0,0,0,0,2048,2048,7fc12345,7fc12345,0,0
5585,155,64,256,ff854321,quaternion,quaternion,0,0,0,0,2048,2048,ffc54321,ffc54321,0,0
5586,155,64,64,00000000,quaternion,quaternion,0,0,0,0,2048,2048,c2da5800,c2da5800,0,0
5587,155,64,64,80000000,quaternion,quaternion,0,0,0,0,2048,2048,c2a3c200,c2a3c200,0,0
5588,155,64,64,3f000000,quaternion,quaternion,0,0,0,0,2048,2048,c2bf0d00,c2bf0d00,0,0
5589,155,64,64,3f800000,quaternion,quaternion,0,0,0,0,2048,2048,c2da5800,c2da5800,0,0
5590,155,64,64,7fc12345,quaternion,quaternion,0,0,0,0,2048,2048,7fc12345,7fc12345,0,0
5591,155,64,64,ff854321,quaternion,quaternion,0,0,0,0,2048,2048,ffc54321,ffc54321,0,0
5592,155,64,48,00000000,quaternion,quaternion,0,0,0,0,2048,2048,42dda800,42dda800,0,0
5593,155,64,48,80000000,quaternion,quaternion,0,0,0,0,2048,2048,42a63e00,42a63e00,0,0
5594,155,64,48,3f000000,quaternion,quaternion,0,0,0,0,2048,2048,42c1f300,42c1f300,0,0
5595,155,64,48,3f800000,quaternion,quaternion,0,0,0,0,2048,2048,42dda800,42dda800,0,0
5596,155,64,48,7fc12345,quaternion,quaternion,0,0,0,0,2048,2048,7fc12345,7fc12345,0,0
5597,155,64,48,ff854321,quaternion,quaternion,0,0,0,0,2048,2048,ffc54321,ffc54321,0,0
5598,155,64,80,00000000,quaternion,quaternion,0,0,0,0,2048,2048,c2921800,c2921800,0,0
5599,155,64,80,80000000,quaternion,quaternion,0,0,0,0,2048,2048,c25b2400,c25b2400,0,0
5600,155,64,80,3f000000,quaternion,quaternion,0,0,0,0,2048,2048,c27faa00,c27faa00,0,0
5601,155,64,80,3f800000,quaternion,quaternion,0,0,0,0,2048,2048,c2921800,c2921800,0,0
5602,155,64,80,7fc12345,quaternion,quaternion,0,0,0,0,2048,2048,7fc12345,7fc12345,0,0
5603,155,64,80,ff854321,quaternion,quaternion,0,0,0,0,2048,2048,ffc54321,ffc54321,0,0
5604,155,128,64,00000000,quaternion,quaternion,0,0,0,0,2048,2048,c2da5800,c2da5800,0,0
5605,155,128,64,80000000,quaternion,quaternion,0,0,0,0,2048,2048,c2a3c200,c2a3c200,0,0
5606,155,128,64,3f000000,quaternion,quaternion,0,0,0,0,2048,2048,c2bf0d00,c2bf0d00,0,0
5607,155,128,64,3f800000,quaternion,quaternion,0,0,0,0,2048,2048,c2da5800,c2da5800,0,0
5608,155,128,64,7fc12345,quaternion,quaternion,0,0,0,0,2048,2048,7fc12345,7fc12345,0,0
5609,155,128,64,ff854321,quaternion,quaternion,0,0,0,0,2048,2048,ffc54321,ffc54321,0,0
5610,155,64,128,00000000,quaternion,quaternion,0,0,0,0,2048,2048,419a9000,419a9000,0,0
5611,155,64,128,80000000,quaternion,quaternion,0,0,0,0,2048,2048,4167d800,4167d800,0,0
5612,155,64,128,3f000000,quaternion,quaternion,0,0,0,0,2048,2048,41873e00,41873e00,0,0
5613,155,64,128,3f800000,quaternion,quaternion,0,0,0,0,2048,2048,419a9000,419a9000,0,0
5614,155,64,128,7fc12345,quaternion,quaternion,0,0,0,0,2048,2048,7fc12345,7fc12345,0,0
5615,155,64,128,ff854321,quaternion,quaternion,0,0,0,0,2048,2048,ffc54321,ffc54321,0,0
5616,156,64,256,00000000,quaternion,quaternion,0,0,0,0,2048,2048,42067000,42067000,0,0
5617,156,64,256,80000000,quaternion,quaternion,0,0,0,0,2048,2048,41a80c00,41a80c00,0,0
5618,156,64,256,3f000000,quaternion,quaternion,0,0,0,0,2048,2048,41da7600,41da7600,0,0
5619,156,64,256,3f800000,quaternion,quaternion,0,0,0,0,2048,2048,42067000,42067000,0,0
5620,156,64,256,7fc12345,quaternion,quaternion,0,0,0,0,2048,2048,7fc12345,7fc12345,0,0
5621,156,64,256,ff854321,quaternion,quaternion,0,0,0,0,2048,2048,ffc54321,ffc54321,0,0
5622,156,64,64,00000000,quaternion,quaternion,0,0,0,0,2048,2048,c2d27800,c2d27800,0,0
5623,156,64,64,80000000,quaternion,quaternion,0,0,0,0,2048,2048,c2838b00,c2838b00,0,0
5624,156,64,64,3f000000,quaternion,quaternion,0,0,0,0,2048,2048,c2ab0180,c2ab0180,0,0
5625,156,64,64,3f800000,quaternion,quaternion,0,0,0,0,2048,2048,c2d27800,c2d27800,0,0
5626,156,64,64,7fc12345,quaternion,quaternion,0,0,0,0,2048,2048,7fc12345,7fc12345,0,0
5627,156,64,64,ff854321,quaternion,quaternion,0,0,0,0,2048,2048,ffc54321,ffc54321,0,0
5628,156,64,48,00000000,quaternion,quaternion,0,0,0,0,2048,2048,42e14800,42e14800,0,0
5629,156,64,48,80000000,quaternion,quaternion,0,0,0,0,2048,2048,428ccd00,428ccd00,0,0
5630,156,64,48,3f000000,quaternion,quaternion,0,0,0,0,2048,2048,42b70a80,42b70a80,0,0
5631,156,64,48,3f800000,quaternion,quaternion,0,0,0,0,2048,2048,42e14800,42e14800,0,0
5632,156,64,48,7fc12345,quaternion,quaternion,0,0,0,0,2048,2048,7fc12345,7fc12345,0,0
5633,156,64,48,ff854321,quaternion,quaternion,0,0,0,0,2048,2048,ffc54321,ffc54321,0,0
5634,156,64,80,00000000,quaternion,quaternion,0,0,0,0,2048,2048,c285f800,c285f800,0,0
5635,156,64,80,80000000,quaternion,quaternion,0,0,0,0,2048,2048,c2277600,c2277600,0,0
5636,156,64,80,3f000000,quaternion,quaternion,0,0,0,0,2048,2048,c259b300,c259b300,0,0
5637,156,64,80,3f800000,quaternion,quaternion,0,0,0,0,2048,2048,c285f800,c285f800,0,0
5638,156,64,80,7fc12345,quaternion,quaternion,0,0,0,0,2048,2048,7fc12345,7fc12345,0,0
5639,156,64,80,ff854321,quaternion,quaternion,0,0,0,0,2048,2048,ffc54321,ffc54321,0,0
5640,156,128,64,00000000,quaternion,quaternion,0,0,0,0,2048,2048,c2d27800,c2d27800,0,0
5641,156,128,64,80000000,quaternion,quaternion,0,0,0,0,2048,2048,c2838b00,c2838b00,0,0
5642,156,128,64,3f000000,quaternion,quaternion,0,0,0,0,2048,2048,c2ab0180,c2ab0180,0,0
5643,156,128,64,3f800000,quaternion,quaternion,0,0,0,0,2048,2048,c2d27800,c2d27800,0,0
5644,156,128,64,7fc12345,quaternion,quaternion,0,0,0,0,2048,2048,7fc12345,7fc12345,0,0
5645,156,128,64,ff854321,quaternion,quaternion,0,0,0,0,2048,2048,ffc54321,ffc54321,0,0
5646,156,64,128,00000000,quaternion,quaternion,0,0,0,0,2048,2048,417c0000,417c0000,0,0
5647,156,64,128,80000000,quaternion,quaternion,0,0,0,0,2048,2048,411d8000,411d8000,0,0
5648,156,64,128,3f000000,quaternion,quaternion,0,0,0,0,2048,2048,414cc000,414cc000,0,0
5649,156,64,128,3f800000,quaternion,quaternion,0,0,0,0,2048,2048,417c0000,417c0000,0,0
5650,156,64,128,7fc12345,quaternion,quaternion,0,0,0,0,2048,2048,7fc12345,7fc12345,0,0
5651,156,64,128,ff854321,quaternion,quaternion,0,0,0,0,2048,2048,ffc54321,ffc54321,0,0
5652,157,64,256,00000000,quaternion,quaternion,0,0,0,0,2048,2048,41fc2000,41fc2000,0,0
5653,157,64,256,80000000,quaternion,quaternion,0,0,0,0,2048,2048,417c2000,417c2000,0,0
5654,157,64,256,3f000000,quaternion,quaternion,0,0,0,0,2048,2048,41bd1800,41bd1800,0,0
5655,157,64,256,3f800000,quaternion,quaternion,0,0,0,0,2048,2048,41fc2000,41fc2000,0,0
5656,157,64,256,7fc12345,quaternion,quaternion,0,0,0,0,2048,2048,7fc12345,7fc12345,0,0
5657,157,64,256,ff854321,quaternion,quaternion,0,0,0,0,2048,2048,ffc54321,ffc54321,0,0
5658,157,64,64,00000000,quaternion,quaternion,0,0,0,0,2048,2048,c2c9a000,c2c9a000,0,0
5659,157,64,64,80000000,quaternion,quaternion,0,0,0,0,2048,2048,c249a000,c249a000,0,0
5660,157,64,64,3f000000,quaternion,quaternion,0,0,0,0,2048,2048,c2973800,c2973800,0,0
5661,157,64,64,3f800000,quaternion,quaternion,0,0,0,0,2048,2048,c2c9a000,c2c9a000,0,0
5662,157,64,64,7fc12345,quaternion,quaternion,0,0,0,0,2048,2048,7fc12345,7fc12345,0,0
5663,157,64,64,ff854321,quaternion,quaternion,0,0,0,0,2048,2048,ffc54321,ffc54321,0,0
5664,157,64,48,00000000,quaternion,quaternion,0,0,0,0,2048,2048,42e5e000,42e5e000,0,0
5665,157,64,48,80000000,quaternion,quaternion,0,0,0,0,2048,2048,4265e000,4265e000,0,0
5666,157,64,48,3f000000,quaternion,quaternion,0,0,0,0,2048,2048,42ac6800,42ac6800,0,0
5667,157,64,48,3f800000,quaternion,quaternion,0,0,0,0,2048,2048,42e5e000,42e5e000,0,0
5668,157,64,48,7fc12345,quaternion,quaternion,0,0,0,0,2048,2048,7fc12345,7fc12345,0,0
5669,157,64,48,ff854321,quaternion,quaternion,0,0,0,0,2048,2048,ffc54321,ffc54321,0,0
5670,157,64,80,00000000,quaternion,quaternion,0,0,0,0,2048,2048,c271c000,c271c000,0,0
5671,157,64,80,80000000,quaternion,quaternion,0,0,0,0,2048,2048,c1f1c000,c1f1c000,0,0
5672,157,64,80,3f000000,quaternion,quaternion,0,0,0,0,2048,2048,c2355000,c2355000,0,0
5673,157,64,80,3f800000,quaternion,quaternion,0,0,0,0,2048,2048,c271c000,c271c000,0,0
5674,157,64,80,7fc12345,quaternion,quaternion,0,0,0,0,2048,2048,7fc12345,7fc12345,0,0
5675,157,64,80,ff854321,quaternion,quaternion,0,0,0,0,2048,2048,ffc54321,ffc54321,0,0
5676,157,128,64,00000000,quaternion,quaternion,0,0,0,0,2048,2048,c2c9a000,c2c9a000,0,0
5677,157,128,64,80000000,quaternion,quaternion,0,0,0,0,2048,2048,c249a000,c249a000,0,0
5678,157,128,64,3f000000,quaternion,quaternion,0,0,0,0,2048,2048,c2973800,c2973800,0,0
5679,157,128,64,3f800000,quaternion,quaternion,0,0,0,0,2048,2048,c2c9a000,c2c9a000,0,0
5680,157,128,64,7fc12345,quaternion,quaternion,0,0,0,0,2048,2048,7fc12345,7fc12345,0,0
5681,157,128,64,ff854321,quaternion,quaternion,0,0,0,0,2048,2048,ffc54321,ffc54321,0,0
5682,157,64,128,00000000,quaternion,quaternion,0,0,0,0,2048,2048,414aa000,414aa000,0,0
5683,157,64,128,80000000,quaternion,quaternion,0,0,0,0,2048,2048,40caa000,40caa000,0,0
5684,157,64,128,3f000000,quaternion,quaternion,0,0,0,0,2048,2048,4117f800,4117f800,0,0
5685,157,64,128,3f800000,quaternion,quaternion,0,0,0,0,2048,2048,414aa000,414aa000,0,0
5686,157,64,128,7fc12345,quaternion,quaternion,0,0,0,0,2048,2048,7fc12345,7fc12345,0,0
5687,157,64,128,ff854321,quaternion,quaternion,0,0,0,0,2048,2048,ffc54321,ffc54321,0,0
5688,158,64,256,00000000,quaternion,quaternion,0,0,0,0,2048,2048,41ef4000,41ef4000,0,0
5689,158,64,256,80000000,quaternion,quaternion,0,0,0,0,2048,2048,41337000,41337000,0,0
5690,158,64,256,3f000000,quaternion,quaternion,0,0,0,0,2048,2048,41a47c00,41a47c00,0,0
5691,158,64,256,3f800000,quaternion,quaternion,0,0,0,0,2048,2048,41ef4000,41ef4000,0,0
5692,158,64,256,7fc12345,quaternion,quaternion,0,0,0,0,2048,2048,7fc12345,7fc12345,0,0
5693,158,64,256,ff854321,quaternion,quaternion,0,0,0,0,2048,2048,ffc54321,ffc54321,0,0
5694,158,64,64,00000000,quaternion,quaternion,0,0,0,0,2048,2048,c2bfd000,c2bfd000,0,0
5695,158,64,64,80000000,quaternion,quaternion,0,0,0,0,2048,2048,c20fdc00,c20fdc00,0,0
5696,158,64,64,3f000000,quaternion,quaternion,0,0,0,0,2048,2048,c283df00,c283df00,0,0
5697,158,64,64,3f800000,quaternion,quaternion,0,0,0,0,2048,2048,c2bfd000,c2bfd000,0,0
5698,158,64,64,7fc12345,quaternion,quaternion,0,0,0,0,2048,2048,7fc12345,7fc12345,0,0
5699,158,64,64,ff854321,quaternion,quaternion,0,0,0,0,2048,2048,ffc54321,ffc54321,0,0
5700,158,64,48,00000000,quaternion,quaternion,0,0,0,0,2048,2048,42eb7000,42eb7000,0,0
5701,158,64,48,80000000,quaternion,quaternion,0,0,0,0,2048,2048,42309400,42309400,0,0
5702,158,64,48,3f000000,quaternion,quaternion,0,0,0,0,2048,2048,42a1dd00,42a1dd00,0,0
5703,158,64,48,3f800000,quaternion,quaternion,0,0,0,0,2048,2048,42eb7000,42eb7000,0,0
5704,158,64,48,7fc12345,quaternion,quaternion,0,0,0,0,2048,2048,7fc12345,7fc12345,0,0
5705,158,64,48,ff854321,quaternion,quaternion,0,0,0,0,2048,2048,ffc54321,ffc54321,0,0
5706,158,64,80,00000000,quaternion,quaternion,0,0,0,0,2048,2048,c255a000,c255a000,0,0
5707,158,64,80,80000000,quaternion,quaternion,0,0,0,0,2048,2048,c1a03800,c1a03800,0,0
5708,158,64,80,3f000000,quaternion,quaternion,0,0,0,0,2048,2048,c212de00,c212de00,0,0
5709,158,64,80,3f800000,quaternion,quaternion,0,0,0,0,2048,2048,c255a000,c255a000,0,0
5710,158,64,80,7fc12345,quaternion,quaternion,0,0,0,0,2048,2048,7fc12345,7fc12345,0,0
5711,158,64,80,ff854321,quaternion,quaternion,0,0,0,0,2048,2048,ffc54321,ffc54321,0,0
5712,158,128,64,00000000,quaternion,quaternion,0,0,0,0,2048,2048,c2bfd000,c2bfd000,0,0
5713,158,128,64,80000000,quaternion,quaternion,0,0,0,0,2048,2048,c20fdc00,c20fdc00,0,0
5714,158,128,64,3f000000,quaternion,quaternion,0,0,0,0,2048,2048,c283df00,c283df00,0,0
5715,158,128,64,3f800000,quaternion,quaternion,0,0,0,0,2048,2048,c2bfd000,c2bfd000,0,0
5716,158,128,64,7fc12345,quaternion,quaternion,0,0,0,0,2048,2048,7fc12345,7fc12345,0,0
5717,158,128,64,ff854321,quaternion,quaternion,0,0,0,0,2048,2048,ffc54321,ffc54321,0,0
5718,158,64,128,00000000,quaternion,quaternion,0,0,0,0,2048,2048,41210000,41210000,0,0
5719,158,64,128,80000000,quaternion,quaternion,0,0,0,0,2048,2048,40718000,40718000,0,0
5720,158,64,128,3f000000,quaternion,quaternion,0,0,0,0,2048,2048,40dd6000,40dd6000,0,0
5721,158,64,128,3f800000,quaternion,quaternion,0,0,0,0,2048,2048,41210000,41210000,0,0
5722,158,64,128,7fc12345,quaternion,quaternion,0,0,0,0,2048,2048,7fc12345,7fc12345,0,0
5723,158,64,128,ff854321,quaternion,quaternion,0,0,0,0,2048,2048,ffc54321,ffc54321,0,0
5724,159,64,256,00000000,quaternion,quaternion,0,0,0,0,2048,2048,41e64000,41e64000,0,0
5725,159,64,256,80000000,quaternion,quaternion,0,0,0,0,2048,2048,40e64000,40e64000,0,0
5726,159,64,256,3f000000,quaternion,quaternion,0,0,0,0,2048,2048,418fe800,418fe800,0,0
5727,159,64,256,3f800000,quaternion,quaternion,0,0,0,0,2048,2048,41e64000,41e64000,0,0
5728,159,64,256,7fc12345,quaternion,quaternion,0,0,0,0,2048,2048,7fc12345,7fc12345,0,0
5729,159,64,256,ff854321,quaternion,quaternion,0,0,0,0,2048,2048,ffc54321,ffc54321,0,0
5730,159,64,64,00000000,quaternion,quaternion,0,0,0,0,2048,2048,c2b50800,c2b50800,0,0
5731,159,64,64,80000000,quaternion,quaternion,0,0,0,0,2048,2048,c1b50800,c1b50800,0,0
5732,159,64,64,3f000000,quaternion,quaternion,0,0,0,0,2048,2048,c2624a00,c2624a00,0,0
5733,159,64,64,3f800000,quaternion,quaternion,0,0,0,0,2048,2048,c2b50800,c2b50800,0,0
5734,159,64,64,7fc12345,quaternion,quaternion,0,0,0,0,2048,2048,7fc12345,7fc12345,0,0
5735,159,64,64,ff854321,quaternion,quaternion,0,0,0,0,2048,2048,ffc54321,ffc54321,0,0
5736,159,64,48,00000000,quaternion,quaternion,0,0,0,0,2048,2048,c3072400,c3072400,0,0
5737,159,64,48,80000000,quaternion,quaternion,0,0,0,0,2048,2048,c2072400,c2072400,0,0
5738,159,64,48,3f000000,quaternion,quaternion,0,0,0,0,2048,2048,c2a8ed00,c2a8ed00,0,0
5739,159,64,48,3f800000,quaternion,quaternion,0,0,0,0,2048,2048,c3072400,c3072400,0,0
5740,159,64,48,7fc12345,quaternion,quaternion,0,0,0,0,2048,2048,7fc12345,7fc12345,0,0
5741,159,64,48,ff854321,quaternion,quaternion,0,0,0,0,2048,2048,ffc54321,ffc54321,0,0
5742,159,64,80,00000000,quaternion,quaternion,0,0,0,0,2048,2048,c2379000,c2379000,0,0
5743,159,64,80,80000000,quaternion,quaternion,0,0,0,0,2048,2048,c1379000,c1379000,0,0
5744,159,64,80,3f000000,quaternion,quaternion,0,0,0,0,2048,2048,c1e57400,c1e57400,0,0
5745,159,64,80,3f800000,quaternion,quaternion,0,0,0,0,2048,2048,c2379000,c2379000,0,0
5746,159,64,80,7fc12345,quaternion,quaternion,0,0,0,0,2048,2048,7fc12345,7fc12345,0,0
5747,159,64,80,ff854321,quaternion,quaternion,0,0,0,0,2048,2048,ffc54321,ffc54321,0,0
5748,159,128,64,00000000,quaternion,quaternion,0,0,0,0,2048,2048,c2b50800,c2b50800,0,0
5749,159,128,64,80000000,quaternion,quaternion,0,0,0,0,2048,2048,c1b50800,c1b50800,0,0
5750,159,128,64,3f000000,quaternion,quaternion,0,0,0,0,2048,2048,c2624a00,c2624a00,0,0
5751,159,128,64,3f800000,quaternion,quaternion,0,0,0,0,2048,2048,c2b50800,c2b50800,0,0
5752,159,128,64,7fc12345,quaternion,quaternion,0,0,0,0,2048,2048,7fc12345,7fc12345,0,0
5753,159,128,64,ff854321,quaternion,quaternion,0,0,0,0,2048,2048,ffc54321,ffc54321,0,0
5754,159,64,128,00000000,quaternion,quaternion,0,0,0,0,2048,2048,40fe4000,40fe4000,0,0
5755,159,64,128,80000000,quaternion,quaternion,0,0,0,0,2048,2048,3ffe4000,3ffe4000,0,0
5756,159,64,128,3f000000,quaternion,quaternion,0,0,0,0,2048,2048,409ee800,409ee800,0,0
5757,159,64,128,3f800000,quaternion,quaternion,0,0,0,0,2048,2048,40fe4000,40fe4000,0,0
5758,159,64,128,7fc12345,quaternion,quaternion,0,0,0,0,2048,2048,7fc12345,7fc12345,0,0
5759,159,64,128,ff854321,quaternion,quaternion,0,0,0,0,2048,2048,ffc54321,ffc54321,0,0
5760,160,64,256,00000000,quaternion,quaternion,0,0,0,0,2048,2048,41e12000,41e12000,0,0
5761,160,64,256,80000000,quaternion,quaternion,0,0,0,0,2048,2048,40612000,40612000,0,0
5762,160,64,256,3f000000,quaternion,quaternion,0,0,0,0,2048,2048,417d4400,417d4400,0,0
5763,160,64,256,3f800000,quaternion,quaternion,0,0,0,0,2048,2048,41e12000,41e12000,0,0
5764,160,64,256,7fc12345,quaternion,quaternion,0,0,0,0,2048,2048,7fc12345,7fc12345,0,0
5765,160,64,256,ff854321,quaternion,quaternion,0,0,0,0,2048,2048,ffc54321,ffc54321,0,0
5766,160,64,64,00000000,quaternion,quaternion,0,0,0,0,2048,2048,c2a94800,c2a94800,0,0
5767,160,64,64,80000000,quaternion,quaternion,0,0,0,0,2048,2048,c1294800,c1294800,0,0
5768,160,64,64,3f000000,quaternion,quaternion,0,0,0,0,2048,2048,c23e7100,c23e7100,0,0
5769,160,64,64,3f800000,quaternion,quaternion,0,0,0,0,2048,2048,c2a94800,c2a94800,0,0
5770,160,64,64,7fc12345,quaternion,quaternion,0,0,0,0,2048,2048,7fc12345,7fc12345,0,0
5771,160,64,64,ff854321,quaternion,quaternion,0,0,0,0,2048,2048,ffc54321,ffc54321,0,0
5772,160,64,48,00000000,quaternion,quaternion,0,0,0,0,2048,2048,c3036400,c3036400,0,0
5773,160,64,48,80000000,quaternion,quaternion,0,0,0,0,2048,2048,c1836400,c1836400,0,0
5774,160,64,48,3f000000,quaternion,quaternion,0,0,0,0,2048,2048,c293d080,c293d080,0,0
5775,160,64,48,3f800000,quaternion,quaternion,0,0,0,0,2048,2048,c3036400,c3036400,0,0
5776,160,64,48,7fc12345,quaternion,quaternion,0,0,0,0,2048,2048,7fc12345,7fc12345,0,0
5777,160,64,48,ff854321,quaternion,quaternion,0,0,0,0,2048,2048,ffc54321,ffc54321,0,0
5778,160,64,80,00000000,quaternion,quaternion,0,0,0,0,2048,2048,c2179000,c2179000,0,0
5779,160,64,80,80000000,quaternion,quaternion,0,0,0,0,2048,2048,c0979000,c0979000,0,0
5780,160,64,80,3f000000,quaternion,quaternion,0,0,0,0,2048,2048,c1aa8200,c1aa8200,0,0
5781,160,64,80,3f800000,quaternion,quaternion,0,0,0,0,2048,2048,c2179000,c2179000,0,0
5782,160,64,80,7fc12345,quaternion,quaternion,0,0,0,0,2048,2048,7fc12345,7fc12345,0,0
5783,160,64,80,ff854321,quaternion,quaternion,0,0,0,0,2048,2048,ffc54321,ffc54321,0,0
5784,160,128,64,00000000,quaternion,quaternion,0,0,0,0,2048,2048,c2a94800,c2a94800,0,0
5785,160,128,64,80000000,quaternion,quaternion,0,0,0,0,2048,2048,c1294800,c1294800,0,0
5786,160,128,64,3f000000,quaternion,quaternion,0,0,0,0,2048,2048,c23e7100,c23e7100,0,0
5787,160,128,64,3f800000,quaternion,quaternion,0,0,0,0,2048,2048,c2a94800,c2a94800,0,0
5788,160,128,64,7fc12345,quaternion,quaternion,0,0,0,0,2048,2048,7fc12345,7fc12345,0,0
5789,160,128,64,ff854321,quaternion,quaternion,0,0,0,0,2048,2048,ffc54321,ffc54321,0,0
5790,160,64,128,00000000,quaternion,quaternion,0,0,0,0,2048,2048,40ca0000,40ca0000,0,0
5791,160,64,128,80000000,quaternion,quaternion,0,0,0,0,2048,2048,3f4a0000,3f4a0000,0,0
5792,160,64,128,3f000000,quaternion,quaternion,0,0,0,0,2048,2048,40634000,40634000,0,0
5793,160,64,128,3f800000,quaternion,quaternion,0,0,0,0,2048,2048,40ca0000,40ca0000,0,0
5794,160,64,128,7fc12345,quaternion,quaternion,0,0,0,0,2048,2048,7fc12345,7fc12345,0,0
5795,160,64,128,ff854321,quaternion,quaternion,0,0,0,0,2048,2048,ffc54321,ffc54321,0,0
5796,161,64,256,00000000,quaternion,quaternion,0,0,0,0,2048,2048,4284c000,4284c000,0,0
5797,161,64,256,80000000,quaternion,quaternion,0,0,0,0,2048,2048,00000000,00000000,0,0
5798,161,64,256,3f000000,quaternion,quaternion,0,0,0,0,2048,2048,4204c000,4204c000,0,0
5799,161,64,256,3f800000,quaternion,quaternion,0,0,0,0,2048,2048,4284c000,4284c000,0,0
5800,161,64,256,7fc12345,quaternion,quaternion,0,0,0,0,2048,2048,7fc12345,7fc12345,0,0
5801,161,64,256,ff854321,quaternion,quaternion,0,0,0,0,2048,2048,ffc54321,ffc54321,0,0
5802,161,64,64,00000000,quaternion,quaternion,0,0,0,0,2048,2048,c2ab0000,c2ab0000,0,0
5803,161,64,64,80000000,quaternion,quaternion,0,0,0,0,2048,2048,80000000,80000000,0,0
5804,161,64,64,3f000000,quaternion,quaternion,0,0,0,0,2048,2048,c22b0000,c22b0000,0,0
5805,161,64,64,3f800000,quaternion,quaternion,0,0,0,0,2048,2048,c2ab0000,c2ab0000,0,0
5806,161,64,64,7fc12345,quaternion,quaternion,0,0,0,0,2048,2048,7fc12345,7fc12345,0,0
5807,161,64,64,ff854321,quaternion,quaternion,0,0,0,0,2048,2048,ffc54321,ffc54321,0,0
5808,161,64,48,00000000,quaternion,quaternion,0,0,0,0,2048,2048,c2ef0000,c2ef0000,0,0
5809,161,64,48,80000000,quaternion,quaternion,0,0,0,0,2048,2048,80000000,80000000,0,0
5810,161,64,48,3f000000,quaternion,quaternion,0,0,0,0,2048,2048,c26f0000,c26f0000,0,0
5811,161,64,48,3f800000,quaternion,quaternion,0,0,0,0,2048,2048,c2ef0000,c2ef0000,0,0
5812,161,64,48,7fc12345,quaternion,quaternion,0,0,0,0,2048,2048,7fc12345,7fc12345,0,0
5813,161,64,48,ff854321,quaternion,quaternion,0,0,0,0,2048,2048,ffc54321,ffc54321,0,0
5814,161,64,80,00000000,quaternion,quaternion,0,0,0,0,2048,2048,c24e0000,c24e0000,0,0
5815,161,64,80,80000000,quaternion,quaternion,0,0,0,0,2048,2048,80000000,80000000,0,0
5816,161,64,80,3f000000,quaternion,quaternion,0,0,0,0,2048,2048,c1ce0000,c1ce0000,0,0
5817,161,64,80,3f800000,quaternion,quaternion,0,0,0,0,2048,2048,c24e0000,c24e0000,0,0
5818,161,64,80,7fc12345,quaternion,quaternion,0,0,0,0,2048,2048,7fc12345,7fc12345,0,0
5819,161,64,80,ff854321,quaternion,quaternion,0,0,0,0,2048,2048,ffc54321,ffc54321,0,0
5820,161,128,64,00000000,quaternion,quaternion,0,0,0,0,2048,2048,c2ab0000,c2ab0000,0,0
5821,161,128,64,80000000,quaternion,quaternion,0,0,0,0,2048,2048,80000000,80000000,0,0
5822,161,128,64,3f000000,quaternion,quaternion,0,0,0,0,2048,2048,c22b0000,c22b0000,0,0
5823,161,128,64,3f800000,quaternion,quaternion,0,0,0,0,2048,2048,c2ab0000,c2ab0000,0,0
5824,161,128,64,7fc12345,quaternion,quaternion,0,0,0,0,2048,2048,7fc12345,7fc12345,0,0
5825,161,128,64,ff854321,quaternion,quaternion,0,0,0,0,2048,2048,ffc54321,ffc54321,0,0
5826,161,64,128,00000000,quaternion,quaternion,0,0,0,0,2048,2048,424a0000,424a0000,0,0
5827,161,64,128,80000000,quaternion,quaternion,0,0,0,0,2048,2048,00000000,00000000,0,0
5828,161,64,128,3f000000,quaternion,quaternion,0,0,0,0,2048,2048,41ca0000,41ca0000,0,0
5829,161,64,128,3f800000,quaternion,quaternion,0,0,0,0,2048,2048,424a0000,424a0000,0,0
5830,161,64,128,7fc12345,quaternion,quaternion,0,0,0,0,2048,2048,7fc12345,7fc12345,0,0
5831,161,64,128,ff854321,quaternion,quaternion,0,0,0,0,2048,2048,ffc54321,ffc54321,0,0
5832,162,64,256,00000000,quaternion,quaternion,0,0,0,0,2048,2048,42820400,42820400,0,0
5833,162,64,256,80000000,quaternion,quaternion,0,0,0,0,2048,2048,42820400,42820400,0,0
5834,162,64,256,3f000000,quaternion,quaternion,0,0,0,0,2048,2048,42820400,42820400,0,0
5835,162,64,256,3f800000,quaternion,quaternion,0,0,0,0,2048,2048,42820400,42820400,0,0
5836,162,64,256,7fc12345,quaternion,quaternion,0,0,0,0,2048,2048,7fc12345,7fc12345,0,0
5837,162,64,256,ff854321,quaternion,quaternion,0,0,0,0,2048,2048,ffc54321,ffc54321,0,0
5838,162,64,64,00000000,quaternion,quaternion,0,0,0,0,2048,2048,c2a0b400,c2a0b400,0,0
5839,162,64,64,80000000,quaternion,quaternion,0,0,0,0,2048,2048,c2a0b400,c2a0b400,0,0
5840,162,64,64,3f000000,quaternion,quaternion,0,0,0,0,2048,2048,c2a0b400,c2a0b400,0,0
5841,162,64,64,3f800000,quaternion,quaternion,0,0,0,0,2048,2048,c2a0b400,c2a0b400,0,0
5842,162,64,64,7fc12345,quaternion,quaternion,0,0,0,0,2048,2048,7fc12345,7fc12345,0,0
5843,162,64,64,ff854321,quaternion,quaternion,0,0,0,0,2048,2048,ffc54321,ffc54321,0,0
5844,162,64,48,00000000,quaternion,quaternion,0,0,0,0,2048,2048,c2e8f400,c2e8f400,0,0
5845,162,64,48,80000000,quaternion,quaternion,0,0,0,0,2048,2048,c2e8f400,c2e8f400,0,0
5846,162,64,48,3f000000,quaternion,quaternion,0,0,0,0,2048,2048,c2e8f400,c2e8f400,0,0
5847,162,64,48,3f800000,quaternion,quaternion,0,0,0,0,2048,2048,c2e8f400,c2e8f400,0,0
5848,162,64,48,7fc12345,quaternion,quaternion,0,0,0,0,2048,2048,7fc12345,7fc12345,0,0
5849,162,64,48,ff854321,quaternion,quaternion,0,0,0,0,2048,2048,ffc54321,ffc54321,0,0
5850,162,64,80,00000000,quaternion,quaternion,0,0,0,0,2048,2048,c230e800,c230e800,0,0
5851,162,64,80,80000000,quaternion,quaternion,0,0,0,0,2048,2048,c230e800,c230e800,0,0
5852,162,64,80,3f000000,quaternion,quaternion,0,0,0,0,2048,2048,c230e800,c230e800,0,0
5853,162,64,80,3f800000,quaternion,quaternion,0,0,0,0,2048,2048,c230e800,c230e800,0,0
5854,162,64,80,7fc12345,quaternion,quaternion,0,0,0,0,2048,2048,7fc12345,7fc12345,0,0
5855,162,64,80,ff854321,quaternion,quaternion,0,0,0,0,2048,2048,ffc54321,ffc54321,0,0
5856,162,128,64,00000000,quaternion,quaternion,0,0,0,0,2048,2048,c2a0b400,c2a0b400,0,0
5857,162,128,64,80000000,quaternion,quaternion,0,0,0,0,2048,2048,c2a0b400,c2a0b400,0,0
5858,162,128,64,3f000000,quaternion,quaternion,0,0,0,0,2048,2048,c2a0b400,c2a0b400,0,0
5859,162,128,64,3f800000,quaternion,quaternion,0,0,0,0,2048,2048,c2a0b400,c2a0b400,0,0
5860,162,128,64,7fc12345,quaternion,quaternion,0,0,0,0,2048,2048,7fc12345,7fc12345,0,0
5861,162,128,64,ff854321,quaternion,quaternion,0,0,0,0,2048,2048,ffc54321,ffc54321,0,0
5862,162,64,128,00000000,quaternion,quaternion,0,0,0,0,2048,2048,42409000,42409000,0,0
5863,162,64,128,80000000,quaternion,quaternion,0,0,0,0,2048,2048,42409000,42409000,0,0
5864,162,64,128,3f000000,quaternion,quaternion,0,0,0,0,2048,2048,42409000,42409000,0,0
5865,162,64,128,3f800000,quaternion,quaternion,0,0,0,0,2048,2048,42409000,42409000,0,0
5866,162,64,128,7fc12345,quaternion,quaternion,0,0,0,0,2048,2048,7fc12345,7fc12345,0,0
5867,162,64,128,ff854321,quaternion,quaternion,0,0,0,0,2048,2048,ffc54321,ffc54321,0,0
5868,163,64,256,00000000,quaternion,quaternion,0,0,0,0,2048,2048,42804000,42804000,0,0
5869,163,64,256,80000000,quaternion,quaternion,0,0,0,0,2048,2048,42607000,42607000,0,0
5870,163,64,256,3f000000,quaternion,quaternion,0,0,0,0,2048,2048,42707800,42707800,0,0
5871,163,64,256,3f800000,quaternion,quaternion,0,0,0,0,2048,2048,42804000,42804000,0,0
5872,163,64,256,7fc12345,quaternion,quaternion,0,0,0,0,2048,2048,7fc12345,7fc12345,0,0
5873,163,64,256,ff854321,quaternion,quaternion,0,0,0,0,2048,2048,ffc54321,ffc54321,0,0
5874,163,64,64,00000000,quaternion,quaternion,0,0,0,0,2048,2048,c2957000,c2957000,0,0
5875,163,64,64,80000000,quaternion,quaternion,0,0,0,0,2048,2048,c282c200,c282c200,0,0
5876,163,64,64,3f000000,quaternion,quaternion,0,0,0,0,2048,2048,c28c1900,c28c1900,0,0
5877,163,64,64,3f800000,quaternion,quaternion,0,0,0,0,2048,2048,c2957000,c2957000,0,0
5878,163,64,64,7fc12345,quaternion,quaternion,0,0,0,0,2048,2048,7fc12345,7fc12345,0,0
5879,163,64,64,ff854321,quaternion,quaternion,0,0,0,0,2048,2048,ffc54321,ffc54321,0,0
5880,163,64,48,00000000,quaternion,quaternion,0,0,0,0,2048,2048,c2e1f000,c2e1f000,0,0
5881,163,64,48,80000000,quaternion,quaternion,0,0,0,0,2048,2048,c2c5b200,c2c5b200,0,0
5882,163,64,48,3f000000,quaternion,quaternion,0,0,0,0,2048,2048,c2d3d100,c2d3d100,0,0
5883,163,64,48,3f800000,quaternion,quaternion,0,0,0,0,2048,2048,c2e1f000,c2e1f000,0,0
5884,163,64,48,7fc12345,quaternion,quaternion,0,0,0,0,2048,2048,7fc12345,7fc12345,0,0
5885,163,64,48,ff854321,quaternion,quaternion,0,0,0,0,2048,2048,ffc54321,ffc54321,0,0
5886,163,64,80,00000000,quaternion,quaternion,0,0,0,0,2048,2048,c211e000,c211e000,0,0
5887,163,64,80,80000000,quaternion,quaternion,0,0,0,0,2048,2048,c1ff4800,c1ff4800,0,0
5888,163,64,80,3f000000,quaternion,quaternion,0,0,0,0,2048,2048,c208c200,c208c200,0,0
5889,163,64,80,3f800000,quaternion,quaternion,0,0,0,0,2048,2048,c211e000,c211e000,0,0
5890,163,64,80,7fc12345,quaternion,quaternion,0,0,0,0,2048,2048,7fc12345,7fc12345,0,0
5891,163,64,80,ff854321,quaternion,quaternion,0,0,0,0,2048,2048,ffc54321,ffc54321,0,0
5892,163,128,64,00000000,quaternion,quaternion,0,0,0,0,2048,2048,c2957000,c2957000,0,0
5893,163,128,64,80000000,quaternion,quaternion,0,0,0,0,2048,2048,c282c200,c282c200,0,0
5894,163,128,64,3f000000,quaternion,quaternion,0,0,0,0,2048,2048,c28c1900,c28c1900,0,0
5895,163,128,64,3f800000,quaternion,quaternion,0,0,0,0,2048,2048,c2957000,c2957000,0,0
5896,163,128,64,7fc12345,quaternion,quaternion,0,0,0,0,2048,2048,7fc12345,7fc12345,0,0
5897,163,128,64,ff854321,quaternion,quaternion,0,0,0,0,2048,2048,ffc54321,ffc54321,0,0
5898,163,64,128,00000000,quaternion,quaternion,0,0,0,0,2048,2048,42391000,42391000,0,0
5899,163,64,128,80000000,quaternion,quaternion,0,0,0,0,2048,2048,4221ee00,4221ee00,0,0
5900,163,64,128,3f000000,quaternion,quaternion,0,0,0,0,2048,2048,422d7f00,422d7f00,0,0
5901,163,64,128,3f800000,quaternion,quaternion,0,0,0,0,2048,2048,42391000,42391000,0,0
5902,163,64,128,7fc12345,quaternion,quaternion,0,0,0,0,2048,2048,7fc12345,7fc12345,0,0
5903,163,64,128,ff854321,quaternion,quaternion,0,0,0,0,2048,2048,ffc54321,ffc54321,0,0
5904,164,64,256,00000000,quaternion,quaternion,0,0,0,0,2048,2048,427ee800,427ee800,0,0
5905,164,64,256,80000000,quaternion,quaternion,0,0,0,0,2048,2048,423f2e00,423f2e00,0,0
5906,164,64,256,3f000000,quaternion,quaternion,0,0,0,0,2048,2048,425f0b00,425f0b00,0,0
5907,164,64,256,3f800000,quaternion,quaternion,0,0,0,0,2048,2048,427ee800,427ee800,0,0
5908,164,64,256,7fc12345,quaternion,quaternion,0,0,0,0,2048,2048,7fc12345,7fc12345,0,0
5909,164,64,256,ff854321,quaternion,quaternion,0,0,0,0,2048,2048,ffc54321,ffc54321,0,0
5910,164,64,64,00000000,quaternion,quaternion,0,0,0,0,2048,2048,c2893400,c2893400,0,0
5911,164,64,64,80000000,quaternion,quaternion,0,0,0,0,2048,2048,c24dce00,c24dce00,0,0
5912,164,64,64,3f000000,quaternion,quaternion,0,0,0,0,2048,2048,c2701b00,c2701b00,0,0
5913,164,64,64,3f800000,quaternion,quaternion,0,0,0,0,2048,2048,c2893400,c2893400,0,0
5914,164,64,64,7fc12345,quaternion,quaternion,0,0,0,0,2048,2048,7fc12345,7fc12345,0,0
5915,164,64,64,ff854321,quaternion,quaternion,0,0,0,0,2048,2048,ffc54321,ffc54321,0,0
5916,164,64,48,00000000,quaternion,quaternion,0,0,0,0,2048,2048,c2d9f400,c2d9f400,0,0
5917,164,64,48,80000000,quaternion,quaternion,0,0,0,0,2048,2048,c2a37700,c2a37700,0,0
5918,164,64,48,3f000000,quaternion,quaternion,0,0,0,0,2048,2048,c2beb580,c2beb580,0,0
5919,164,64,48,3f800000,quaternion,quaternion,0,0,0,0,2048,2048,c2d9f400,c2d9f400,0,0
5920,164,64,48,7fc12345,quaternion,quaternion,0,0,0,0,2048,2048,7fc12345,7fc12345,0,0
5921,164,64,48,ff854321,quaternion,quaternion,0,0,0,0,2048,2048,ffc54321,ffc54321,0,0
5922,164,64,80,00000000,quaternion,quaternion,0,0,0,0,2048,2048,c1e1d000,c1e1d000,0,0
5923,164,64,80,80000000,quaternion,quaternion,0,0,0,0,2048,2048,c1a95c00,c1a95c00,0,0
5924,164,64,80,3f000000,quaternion,quaternion,0,0,0,0,2048,2048,c1c59600,c1c59600,0,0
5925,164,64,80,3f800000,quaternion,quaternion,0,0,0,0,2048,2048,c1e1d000,c1e1d000,0,0
5926,164,64,80,7fc12345,quaternion,quaternion,0,0,0,0,2048,2048,7fc12345,7fc12345,0,0
5927,164,64,80,ff854321,quaternion,quaternion,0,0,0,0,2048,2048,ffc54321,ffc54321,0,0
5928,164,128,64,00000000,quaternion,quaternion,0,0,0,0,2048,2048,c2893400,c2893400,0,0
5929,164,128,64,80000000,quaternion,quaternion,0,0,0,0,2048,2048,c24dce00,c24dce00,0,0
5930,164,128,64,3f000000,quaternion,quaternion,0,0,0,0,2048,2048,c2701b00,c2701b00,0,0
5931,164,128,64,3f800000,quaternion,quaternion,0,0,0,0,2048,2048,c2893400,c2893400,0,0
5932,164,128,64,7fc12345,quaternion,quaternion,0,0,0,0,2048,2048,7fc12345,7fc12345,0,0
5933,164,128,64,ff854321,quaternion,quaternion,0,0,0,0,2048,2048,ffc54321,ffc54321,0,0
5934,164,64,128,00000000,quaternion,quaternion,0,0,0,0,2048,2048,42338000,42338000,0,0
5935,164,64,128,80000000,quaternion,quaternion,0,0,0,0,2048,2048,4206a000,4206a000,0,0
5936,164,64,128,3f000000,quaternion,quaternion,0,0,0,0,2048,2048,421d1000,421d1000,0,0
5937,164,64,128,3f800000,quaternion,quaternion,0,0,0,0,2048,2048,42338000,42338000,0,0
5938,164,64,128,7fc12345,quaternion,quaternion,0,0,0,0,2048,2048,7fc12345,7fc12345,0,0
5939,164,64,128,ff854321,quaternion,quaternion,0,0,0,0,2048,2048,ffc54321,ffc54321,0,0
5940,165,64,256,00000000,quaternion,quaternion,0,0,0,0,2048,2048,427f4000,427f4000,0,0
5941,165,64,256,80000000,quaternion,quaternion,0,0,0,0,2048,2048,421f8800,421f8800,0,0
5942,165,64,256,3f000000,quaternion,quaternion,0,0,0,0,2048,2048,424f6400,424f6400,0,0
5943,165,64,256,3f800000,quaternion,quaternion,0,0,0,0,2048,2048,427f4000,427f4000,0,0
5944,165,64,256,7fc12345,quaternion,quaternion,0,0,0,0,2048,2048,7fc12345,7fc12345,0,0
5945,165,64,256,ff854321,quaternion,quaternion,0,0,0,0,2048,2048,ffc54321,ffc54321,0,0
5946,165,64,64,00000000,quaternion,quaternion,0,0,0,0,2048,2048,c2780000,c2780000,0,0
5947,165,64,64,80000000,quaternion,quaternion,0,0,0,0,2048,2048,c21b0000,c21b0000,0,0
5948,165,64,64,3f000000,quaternion,quaternion,0,0,0,0,2048,2048,c2498000,c2498000,0,0
5949,165,64,64,3f800000,quaternion,quaternion,0,0,0,0,2048,2048,c2780000,c2780000,0,0
5950,165,64,64,7fc12345,quaternion,quaternion,0,0,0,0,2048,2048,7fc12345,7fc12345,0,0
5951,165,64,64,ff854321,quaternion,quaternion,0,0,0,0,2048,2048,ffc54321,ffc54321,0,0
5952,165,64,48,00000000,quaternion,quaternion,0,0,0,0,2048,2048,c2d10000,c2d10000,0,0
5953,165,64,48,80000000,quaternion,quaternion,0,0,0,0,2048,2048,c282a000,c282a000,0,0
5954,165,64,48,3f000000,quaternion,quaternion,0,0,0,0,2048,2048,c2a9d000,c2a9d000,0,0
5955,165,64,48,3f800000,quaternion,quaternion,0,0,0,0,2048,2048,c2d10000,c2d10000,0,0
5956,165,64,48,7fc12345,quaternion,quaternion,0,0,0,0,2048,2048,7fc12345,7fc12345,0,0
5957,165,64,48,ff854321,quaternion,quaternion,0,0,0,0,2048,2048,ffc54321,ffc54321,0,0
5958,165,64,80,00000000,quaternion,quaternion,0,0,0,0,2048,2048,c19c0000,c19c0000,0,0
5959,165,64,80,80000000,quaternion,quaternion,0,0,0,0,2048,2048,c1430000,c1430000,0,0
5960,165,64,80,3f000000,quaternion,quaternion,0,0,0,0,2048,2048,c17d8000,c17d8000,0,0
5961,165,64,80,3f800000,quaternion,quaternion,0,0,0,0,2048,2048,c19c0000,c19c0000,0,0
5962,165,64,80,7fc12345,quaternion,quaternion,0,0,0,0,2048,2048,7fc12345,7fc12345,0,0
5963,165,64,80,ff854321,quaternion,quaternion,0,0,0,0,2048,2048,ffc54321,ffc54321,0,0
5964,165,128,64,00000000,quaternion,quaternion,0,0,0,0,2048,2048,c2780000,c2780000,0,0
5965,165,128,64,80000000,quaternion,quaternion,0,0,0,0,2048,2048,c21b0000,c21b0000,0,0
5966,165,128,64,3f000000,quaternion,quaternion,0,0,0,0,2048,2048,c2498000,c2498000,0,0
5967,165,128,64,3f800000,quaternion,quaternion,0,0,0,0,2048,2048,c2780000,c2780000,0,0
5968,165,128,64,7fc12345,quaternion,quaternion,0,0,0,0,2048,2048,7fc12345,7fc12345,0,0
5969,165,128,64,ff854321,quaternion,quaternion,0,0,0,0,2048,2048,ffc54321,ffc54321,0,0
5970,165,64,128,00000000,quaternion,quaternion,0,0,0,0,2048,2048,422fe000,422fe000,0,0
5971,165,64,128,80000000,quaternion,quaternion,0,0,0,0,2048,2048,41dbd800,41dbd800,0,0
5972,165,64,128,3f000000,quaternion,quaternion,0,0,0,0,2048,2048,420ee600,420ee600,0,0
5973,165,64,128,3f800000,quaternion,quaternion,0,0,0,0,2048,2048,422fe000,422fe000,0,0
5974,165,64,128,7fc12345,quaternion,quaternion,0,0,0,0,2048,2048,7fc12345,7fc12345,0,0
5975,165,64,128,ff854321,quaternion,quaternion,0,0,0,0,2048,2048,ffc54321,ffc54321,0,0
5976,166,64,256,00000000,quaternion,quaternion,0,0,0,0,2048,2048,4280c400,4280c400,0,0
5977,166,64,256,80000000,quaternion,quaternion,0,0,0,0,2048,2048,4200c400,4200c400,0,0
5978,166,64,256,3f000000,quaternion,quaternion,0,0,0,0,2048,2048,42412600,42412600,0,0
5979,166,64,256,3f800000,quaternion,quaternion,0,0,0,0,2048,2048,4280c400,4280c400,0,0
5980,166,64,256,7fc12345,quaternion,quaternion,0,0,0,0,2048,2048,7fc12345,7fc12345,0,0
5981,166,64,256,ff854321,quaternion,quaternion,0,0,0,0,2048,2048,ffc54321,ffc54321,0,0
5982,166,64,64,00000000,quaternion,quaternion,0,0,0,0,2048,2048,c25ba800,c25ba800,0,0
5983,166,64,64,80000000,quaternion,quaternion,0,0,0,0,2048,2048,c1dba800,c1dba800,0,0
5984,166,64,64,3f000000,quaternion,quaternion,0,0,0,0,2048,2048,c224be00,c224be00,0,0
5985,166,64,64,3f800000,quaternion,quaternion,0,0,0,0,2048,2048,c25ba800,c25ba800,0,0
5986,166,64,64,7fc12345,quaternion,quaternion,0,0,0,0,2048,2048,7fc12345,7fc12345,0,0
5987,166,64,64,ff854321,quaternion,quaternion,0,0,0,0,2048,2048,ffc54321,ffc54321,0,0
5988,166,64,48,00000000,quaternion,quaternion,0,0,0,0,2048,2048,c2c71400,c2c71400,0,0
5989,166,64,48,80000000,quaternion,quaternion,0,0,0,0,2048,2048,c2471400,c2471400,0,0
5990,166,64,48,3f000000,quaternion,quaternion,0,0,0,0,2048,2048,c2954f00,c2954f00,0,0
5991,166,64,48,3f800000,quaternion,quaternion,0,0,0,0,2048,2048,c2c71400,c2c71400,0,0
5992,166,64,48,7fc12345,quaternion,quaternion,0,0,0,0,2048,2048,7fc12345,7fc12345,0,0
5993,166,64,48,ff854321,quaternion,quaternion,0,0,0,0,2048,2048,ffc54321,ffc54321,0,0
5994,166,64,80,00000000,quaternion,quaternion,0,0,0,0,2048,2048,c124a000,c124a000,0,0
5995,166,64,80,80000000,quaternion,quaternion,0,0,0,0,2048,2048,c0a4a000,c0a4a000,0,0
5996,166,64,80,3f000000,quaternion,quaternion,0,0,0,0,2048,2048,c0f6f000,c0f6f000,0,0
5997,166,64,80,3f800000,quaternion,quaternion,0,0,0,0,2048,2048,c124a000,c124a000,0,0
5998,166,64,80,7fc12345,quaternion,quaternion,0,0,0,0,2048,2048,7fc12345,7fc12345,0,0
5999,166,64,80,ff854321,quaternion,quaternion,0,0,0,0,2048,2048,ffc54321,ffc54321,0,0
6000,166,128,64,00000000,quaternion,quaternion,0,0,0,0,2048,2048,c25ba800,c25ba800,0,0
6001,166,128,64,80000000,quaternion,quaternion,0,0,0,0,2048,2048,c1dba800,c1dba800,0,0
6002,166,128,64,3f000000,quaternion,quaternion,0,0,0,0,2048,2048,c224be00,c224be00,0,0
6003,166,128,64,3f800000,quaternion,quaternion,0,0,0,0,2048,2048,c25ba800,c25ba800,0,0
6004,166,128,64,7fc12345,quaternion,quaternion,0,0,0,0,2048,2048,7fc12345,7fc12345,0,0
6005,166,128,64,ff854321,quaternion,quaternion,0,0,0,0,2048,2048,ffc54321,ffc54321,0,0
6006,166,64,128,00000000,quaternion,quaternion,0,0,0,0,2048,2048,422e3000,422e3000,0,0
6007,166,64,128,80000000,quaternion,quaternion,0,0,0,0,2048,2048,41ae3000,41ae3000,0,0
6008,166,64,128,3f000000,quaternion,quaternion,0,0,0,0,2048,2048,4202a400,4202a400,0,0
6009,166,64,128,3f800000,quaternion,quaternion,0,0,0,0,2048,2048,422e3000,422e3000,0,0
6010,166,64,128,7fc12345,quaternion,quaternion,0,0,0,0,2048,2048,7fc12345,7fc12345,0,0
6011,166,64,128,ff854321,quaternion,quaternion,0,0,0,0,2048,2048,ffc54321,ffc54321,0,0
6012,167,64,256,00000000,quaternion,quaternion,0,0,0,0,2048,2048,4282e000,4282e000,0,0
6013,167,64,256,80000000,quaternion,quaternion,0,0,0,0,2048,2048,41c45000,41c45000,0,0
6014,167,64,256,3f000000,quaternion,quaternion,0,0,0,0,2048,2048,4233f400,4233f400,0,0
6015,167,64,256,3f800000,quaternion,quaternion,0,0,0,0,2048,2048,4282e000,4282e000,0,0
6016,167,64,256,7fc12345,quaternion,quaternion,0,0,0,0,2048,2048,7fc12345,7fc12345,0,0
6017,167,64,256,ff854321,quaternion,quaternion,0,0,0,0,2048,2048,ffc54321,ffc54321,0,0
6018,167,64,64,00000000,quaternion,quaternion,0,0,0,0,2048,2048,c23d6000,c23d6000,0,0
6019,167,64,64,80000000,quaternion,quaternion,0,0,0,0,2048,2048,c18e0800,c18e0800,0,0
6020,167,64,64,3f000000,quaternion,quaternion,0,0,0,0,2048,2048,c2023200,c2023200,0,0
6021,167,64,64,3f800000,quaternion,quaternion,0,0,0,0,2048,2048,c23d6000,c23d6000,0,0
6022,167,64,64,7fc12345,quaternion,quaternion,0,0,0,0,2048,2048,7fc12345,7fc12345,0,0
6023,167,64,64,ff854321,quaternion,quaternion,0,0,0,0,2048,2048,ffc54321,ffc54321,0,0
6024,167,64,48,00000000,quaternion,quaternion,0,0,0,0,2048,2048,c2bc3000,c2bc3000,0,0
6025,167,64,48,80000000,quaternion,quaternion,0,0,0,0,2048,2048,c20d2400,c20d2400,0,0
6026,167,64,48,3f000000,quaternion,quaternion,0,0,0,0,2048,2048,c2816100,c2816100,0,0
6027,167,64,48,3f800000,quaternion,quaternion,0,0,0,0,2048,2048,c2bc3000,c2bc3000,0,0
6028,167,64,48,7fc12345,quaternion,quaternion,0,0,0,0,2048,2048,7fc12345,7fc12345,0,0
6029,167,64,48,ff854321,quaternion,quaternion,0,0,0,0,2048,2048,ffc54321,ffc54321,0,0
6030,167,64,80,00000000,quaternion,quaternion,0,0,0,0,2048,2048,bf180000,bf180000,0,0
6031,167,64,80,80000000,quaternion,quaternion,0,0,0,0,2048,2048,be640000,be640000,0,0
6032,167,64,80,3f000000,quaternion,quaternion,0,0,0,0,2048,2048,bed10000,bed10000,0,0
6033,167,64,80,3f800000,quaternion,quaternion,0,0,0,0,2048,2048,bf180000,bf180000,0,0
6034,167,64,80,7fc12345,quaternion,quaternion,0,0,0,0,2048,2048,7fc12345,7fc12345,0,0
6035,167,64,80,ff854321,quaternion,quaternion,0,0,0,0,2048,2048,ffc54321,ffc54321,0,0
6036,167,128,64,00000000,quaternion,quaternion,0,0,0,0,2048,2048,c23d6000,c23d6000,0,0
6037,167,128,64,80000000,quaternion,quaternion,0,0,0,0,2048,2048,c18e0800,c18e0800,0,0
6038,167,128,64,3f000000,quaternion,quaternion,0,0,0,0,2048,2048,c2023200,c2023200,0,0
6039,167,128,64,3f800000,quaternion,quaternion,0,0,0,0,2048,2048,c23d6000,c23d6000,0,0
6040,167,128,64,7fc12345,quaternion,quaternion,0,0,0,0,2048,2048,7fc12345,7fc12345,0,0
6041,167,128,64,ff854321,quaternion,quaternion,0,0,0,0,2048,2048,ffc54321,ffc54321,0,0
6042,167,64,128,00000000,quaternion,quaternion,0,0,0,0,2048,2048,422e7000,422e7000,0,0
6043,167,64,128,80000000,quaternion,quaternion,0,0,0,0,2048,2048,4182d400,4182d400,0,0
6044,167,64,128,3f000000,quaternion,quaternion,0,0,0,0,2048,2048,41efda00,41efda00,0,0
6045,167,64,128,3f800000,quaternion,quaternion,0,0,0,0,2048,2048,422e7000,422e7000,0,0
6046,167,64,128,7fc12345,quaternion,quaternion,0,0,0,0,2048,2048,7fc12345,7fc12345,0,0
6047,167,64,128,ff854321,quaternion,quaternion,0,0,0,0,2048,2048,ffc54321,ffc54321,0,0
