pad_replay: REPLAY <- .autoport/refset/neutral.inputs (v2, 0 logic frames, seed=0x0ad12345, providers=no(legacy))
[58:35:701] [[38;2;144;238;144minfo[0m] Compiled Version: a833b077f0
[58:35:701] [[38;2;144;238;144minfo[0m] Portable mod enabled
[58:35:701] [[38;2;144;238;144minfo[0m] Overriding config directory with: /home/emeric/code/jak-project/build/game
-------- CPU Information --------
 Brand: GenuineIntel
 Model: Intel(R) Core(TM) i7-10510U CPU @ 1.80GHz
 AVX  : true
 AVX2 : true
[58:35:701] [[38;2;144;238;144minfo[0m] No project path provided, looking for data/ folder in current directory
[58:35:701] [[38;2;064;224;208mdebug[0m] Current executable directory - /home/emeric/code/jak-project/build/game/gk
[58:35:701] [[38;2;064;224;208mdebug[0m] Using development repo path: /home/emeric/code/jak-project
[58:35:701] [[38;2;144;238;144minfo[0m] AVX2 mode disabled
[58:35:701] [[38;2;064;224;208mdebug[0m] removing 1 log files
[58:35:701] [[38;2;064;224;208mdebug[0m] removing /home/emeric/code/jak-project/log/jak1.2026-09-07T11-56-50.log
[58:35:702] [info] OpenGOAL Runtime 1.0
[58:35:713] [info] GFX Init
[58:35:714] [info] Loading debug settings at /home/emeric/code/jak-project/build/game/OpenGOAL/jak1/misc/debug-settings.json
[58:35:714] [info] Loading display settings at /home/emeric/code/jak-project/build/game/OpenGOAL/jak1/settings/display-settings.json
[58:35:740] [info] SDL Initialized, compiled with version - 3004004 | linked with version - 3004004
[58:35:740] [info] gl init took 0.026s

[58:35:796] [info] gpu caps: GL 4.6 bptc=true rgtc=true s3tc=true etc2=true astc=true -> asset profile 'pc-bc'
[58:35:797] [info] managed assets: recorded GPU profile 'pc-bc' for the next launch
[58:35:983] [warn] [pbr-tess] capability query: supports_tessellation=1 glPatchParameteri=RESOLVED GL_VERSION='4.6 (Core Profile) Mesa 25.3.6'
[58:35:993] [warn] [pbr-tess] 'tfrag3_tess' tess-control + tess-eval stages COMPILED OK
[58:36:019] [warn] [pbr-tess] 'tfrag3_tess' program LINKED OK (link infolog: (empty))
[58:36:019] [warn] [pbr-tess] TFRAG3_TESS build result: context_supports=1 program_okay=1 => tess_program_ok=1 (REAL tessellation available)
A55-RSS shaders rss=153Mo vsz=709Mo R:gpu=0Mo tas=0Mo ee=0Mo dalvik=0Mo fichier=59Mo anon=93Mo vif=89Mo gros=1 80Mo/anon@2ca7000
A55-RSS renderer-ctor rss=153Mo vsz=709Mo R:gpu=0Mo tas=0Mo ee=0Mo dalvik=0Mo fichier=59Mo anon=93Mo vif=89Mo gros=1 81Mo/anon@2ca7000
[58:36:027] [info] OpenGL context version: 4.6 (Core Profile) Mesa 25.3.6
[58:36:027] [info] OpenGL context renderer: Mesa Intel(R) UHD Graphics (CML GT2)
[58:36:027] [info] OpenGL context vendor: Intel
[58:36:027] [info] OpenGL context shading language version: 4.60
A55-RSS common-debut rss=153Mo vsz=709Mo R:gpu=0Mo tas=0Mo ee=0Mo dalvik=0Mo fichier=59Mo anon=93Mo vif=89Mo gros=1 81Mo/anon@2ca7000
[58:36:029] [info] [recharged-master] override -> 0 (setting ON)
[58:36:029] [info] HD-MODELS fr3-select GAME: STOCK (enhanced-toggle=true)
[58:36:030] [info] [asset-route] GAME.fr3 -> /home/emeric/code/jak-project/out/jak1/fr3/GAME.fr3 (base-pack) custom=no 0B/t0 base=yes 1039218B/t1788572187

A55-RSS common-lu rss=154Mo vsz=709Mo R:gpu=0Mo tas=0Mo ee=0Mo dalvik=0Mo fichier=59Mo anon=94Mo vif=90Mo gros=1 81Mo/anon@2ca7000
A55-RSS common-decomp rss=160Mo vsz=715Mo R:gpu=0Mo tas=0Mo ee=0Mo dalvik=0Mo fichier=59Mo anon=100Mo vif=90Mo gros=1 81Mo/anon@2ca7000
A55-RSS common-serialize rss=165Mo vsz=720Mo R:gpu=0Mo tas=0Mo ee=0Mo dalvik=0Mo fichier=60Mo anon=105Mo vif=95Mo gros=1 86Mo/anon@2ca7000
A60-MERCPACK lev= NON COMPACTE sommets=9942 utilises=9942 cases(main=21662 mod=1834 conflit=0 libre=0) plage_hs=0 index_hs=0 mod_local=1 raison=rien-a-gagner
[58:36:047] [info] HD-MODELS merc-load lvl=GAME model=fuel-cell-lod0 tris=720 draws=2 effects=1
[58:36:047] [info] HD-MODELS merc-load lvl=GAME model=money-lod0 tris=224 draws=1 effects=1
[58:36:047] [info] HD-MODELS merc-load lvl=GAME model=money-lod1 tris=64 draws=1 effects=1
[58:36:047] [info] HD-MODELS merc-load lvl=GAME model=money-lod2 tris=20 draws=1 effects=1
[58:36:047] [info] HD-MODELS merc-load lvl=GAME model=buzzer-lod0 tris=320 draws=4 effects=2
[58:36:047] [info] HD-MODELS merc-load lvl=GAME model=ecovalve-geo tris=208 draws=2 effects=2
[58:36:047] [info] HD-MODELS merc-load lvl=GAME model=crate-wood-lod0 tris=244 draws=8 effects=1
[58:36:047] [info] HD-MODELS merc-load lvl=GAME model=crate-wood-lod1 tris=148 draws=6 effects=1
[58:36:047] [info] HD-MODELS merc-load lvl=GAME model=crate-wood-lod2 tris=36 draws=2 effects=1
[58:36:047] [info] HD-MODELS merc-load lvl=GAME model=crate-iron-lod0 tris=278 draws=6 effects=1
[58:36:047] [info] HD-MODELS merc-load lvl=GAME model=crate-iron-lod1 tris=102 draws=4 effects=1
[58:36:047] [info] HD-MODELS merc-load lvl=GAME model=crate-iron-lod2 tris=46 draws=3 effects=1
[58:36:047] [info] HD-MODELS merc-load lvl=GAME model=crate-steel-lod0 tris=206 draws=9 effects=1
[58:36:047] [info] HD-MODELS merc-load lvl=GAME model=crate-steel-lod1 tris=90 draws=6 effects=1
[58:36:047] [info] HD-MODELS merc-load lvl=GAME model=crate-steel-lod2 tris=30 draws=2 effects=1
[58:36:047] [info] HD-MODELS merc-load lvl=GAME model=crate-darkeco-lod0 tris=136 draws=5 effects=1
[58:36:047] [info] HD-MODELS merc-load lvl=GAME model=crate-darkeco-lod1 tris=80 draws=1 effects=1
[58:36:047] [info] HD-MODELS merc-load lvl=GAME model=crate-darkeco-lod2 tris=40 draws=1 effects=1
[58:36:047] [info] HD-MODELS merc-load lvl=GAME model=crate-barrel-lod0 tris=108 draws=2 effects=2
[58:36:047] [info] HD-MODELS merc-load lvl=GAME model=crate-barrel-lod1 tris=108 draws=2 effects=2
[58:36:047] [info] HD-MODELS merc-load lvl=GAME model=crate-barrel-lod2 tris=108 draws=2 effects=2
[58:36:047] [info] HD-MODELS merc-load lvl=GAME model=crate-bucket-lod0 tris=64 draws=1 effects=1
[58:36:047] [info] HD-MODELS merc-load lvl=GAME model=speaker-lod0 tris=851 draws=7 effects=1
[58:36:047] [info] HD-MODELS merc-load lvl=GAME model=fuelcell-naked-lod0 tris=2 draws=1 effects=1
[58:36:047] [info] HD-MODELS merc-load lvl=GAME model=eichar-lod0 tris=3593 draws=13 effects=4
[58:36:047] [info] HD-MODELS merc-tex lvl=GAME model=eichar-lod0 textures=[bam-armor,bam-bignail,bam-coat-wrinkles,bam-cotton-pants,bam-cotton-wrap,bam-dullwhite,bam-leather-belt,bam-multinail,bam-streak-hair-128x64,bam-target-16x16,e-white,programmer_eye_left,programmer_eye_right]
[58:36:047] [info] HD-MODELS merc-load lvl=GAME model=sidekick-lod0 tris=1296 draws=14 effects=4
[58:36:047] [info] HD-MODELS merc-tex lvl=GAME model=sidekick-lod0 textures=[bam-leather-belt,e-white,e-white-alpha,programmer_eye_left,programmer_eye_right,sk-armfur,sk-bodyfur,sk-ear,sk-finger,sk-orange2yellowfur,sk-shinywhite,sk-solidorangefur,sk-yellowfurnew]
[58:36:047] [info] HD-MODELS merc-load lvl=GAME model=deathcam-lod0 tris=2 draws=1 effects=1
[58:36:060] [info] custom texture replacements: 0 user files in /home/emeric/code/jak-project/custom_assets/jak1/texture_replacements, 31 bundled files in /home/emeric/code/jak-project/custom_assets/jak1/recharged_textures
FONTTEX upload name=gamefontnew/ascii.12hi source=stock gl=197 w=128 h=256
[58:36:062] [info] custom texture replacement (bundled-police): gamefontnew/ascii.12lo <- /home/emeric/code/jak-project/custom_assets/jak1/recharged_textures/gamefontnew/ascii.12lo.png
FONTTEX upload name=gamefontnew/ascii.12lo source=bundled-police gl=198 w=256 h=512
FONTTEX upload name=gamefontnew/ascii.24hi source=stock gl=199 w=256 h=512
[58:36:067] [info] custom texture replacement (bundled-police): gamefontnew/ascii.24lo <- /home/emeric/code/jak-project/custom_assets/jak1/recharged_textures/gamefontnew/ascii.24lo.png
FONTTEX upload name=gamefontnew/ascii.24lo source=bundled-police gl=200 w=512 h=1024
A55-RSS common-textures rss=163Mo vsz=733Mo R:gpu=0Mo tas=0Mo ee=0Mo dalvik=0Mo fichier=60Mo anon=103Mo vif=95Mo gros=1 90Mo/anon@2ca7000
A55-RSS merc-bufdata rss=163Mo vsz=733Mo R:gpu=0Mo tas=0Mo ee=0Mo dalvik=0Mo fichier=60Mo anon=103Mo vif=95Mo gros=1 90Mo/anon@2ca7000
A55-RSS merc-uploade rss=163Mo vsz=733Mo R:gpu=0Mo tas=0Mo ee=0Mo dalvik=0Mo fichier=60Mo anon=103Mo vif=95Mo gros=1 90Mo/anon@2ca7000
A55-RSS common-fin rss=163Mo vsz=733Mo R:gpu=0Mo tas=0Mo ee=0Mo dalvik=0Mo fichier=60Mo anon=103Mo vif=95Mo gros=1 90Mo/anon@2ca7000
A50-LEVRAM lev=GAME moment=charge verts=0.0MB idx=0.0MB tan=0.0MB tex=4.5MB merc=0.7MB coll=0.0MB packed=0.0MB bvh=0.0MB tod=0.0MB draws=0.0MB hfrag=0.0MB total=5.1MB
A57-MERC lev=GAME moment=charge modeles=27 effets=38 effets_mod=6 sommets=0.6MB(n=9942) index=0.1MB modsommets=0.1MB blercf=0.2MB blerci=0.0MB lump=0.0MB fragmask=0.0MB draws=0.0MB total=1.0MB
A58-MERCFREE lev= libere=0.6MB (sommets CPU ; index gardes)
A50-LEVRAM lev=GAME moment=apres-liberations verts=0.0MB idx=0.0MB tan=0.0MB tex=4.5MB merc=0.1MB coll=0.0MB packed=0.0MB bvh=0.0MB tod=0.0MB draws=0.0MB hfrag=0.0MB total=4.5MB
[58:36:145] [info] recharged-hud: loaded jak_heart_100 (1024x1024 -> 256x256) -> vram slot 8300
[58:36:159] [info] recharged-hud: loaded jak_heart_66 (1024x1024 -> 256x256) -> vram slot 8301
[58:36:173] [info] recharged-hud: loaded jak_heart_33 (1024x1024 -> 256x256) -> vram slot 8302
[58:36:187] [info] recharged-hud: loaded jak_heart_0 (1024x1024 -> 256x256) -> vram slot 8303
[58:36:211] [info] recharged-hud: loaded jak_gauge_empty (1280x1280 -> 320x320) -> vram slot 8304
[58:36:237] [info] recharged-hud: loaded jak_gauge_blue_full (1280x1280 -> 320x320) -> vram slot 8305
[58:36:265] [info] recharged-hud: loaded jak_gauge_red_full (1280x1280 -> 320x320) -> vram slot 8306
[58:36:291] [info] recharged-hud: loaded jak_gauge_yellow_full (1280x1280 -> 320x320) -> vram slot 8307
[58:36:299] [info] recharged-hud: loaded jak_gauge_blue_end (1280x1280 -> 320x320) -> vram slot 8308
[58:36:307] [info] recharged-hud: loaded jak_gauge_red_end (1280x1280 -> 320x320) -> vram slot 8309
[58:36:314] [info] recharged-hud: loaded jak_gauge_yellow_end (1280x1280 -> 320x320) -> vram slot 8310
[58:36:371] [info] loading-screen: loaded loading_jak (3072x3072) -> vram slot 8311 format=R8+swizzle(1,1,1,R) vram=9.00MB (+mips) rgb-non-blanc=0
LOADSCREEN-TEX nom=loading_jak 3072x3072 format=R8 vram_mo=9.00 rgb_non_blanc=0
[58:36:392] [info] loading-screen: loaded loading_precursor (2048x2048) -> vram slot 8312 format=R8+swizzle(1,1,1,R) vram=4.00MB (+mips) rgb-non-blanc=0
LOADSCREEN-TEX nom=loading_precursor 2048x2048 format=R8 vram_mo=4.00 rgb_non_blanc=0
A55-RSS renderer-buckets rss=246Mo vsz=837Mo R:gpu=0Mo tas=0Mo ee=0Mo dalvik=0Mo fichier=61Mo anon=185Mo vif=123Mo gros=2 116Mo/anon@2ca7000 35Mo/anon@7fdafa03d000
A55-RSS renderer-fin rss=246Mo vsz=837Mo R:gpu=0Mo tas=0Mo ee=0Mo dalvik=0Mo fichier=61Mo anon=185Mo vif=123Mo gros=2 116Mo/anon@2ca7000 35Mo/anon@7fdafa03d000
[58:36:399] [info] OpenGL initialized - v4.6 | Renderer: 4.6 (Core Profile) Mesa 25.3.6
[58:36:400] [info] [DISPLAY] Updating current display info
[58:36:400] [info] [DISPLAY] current display index is 0
[58:36:400] [info] [DISPLAY] Enumerating video modes
[58:36:401] [info] [DISPLAY]: Found monitor eDP-1 14", currently set to 1920x1080@59.96hz. Format: 370546692, Orientation: 0
[58:36:401] [info] [DISPLAY] Enumerating resolutions
[58:36:401] [info] [DISPLAY]: 1920x1080 is supported
[58:36:401] [info] [DISPLAY]: 1680x1050 is supported
[58:36:401] [info] [DISPLAY]: 1600x900 is supported
[58:36:401] [info] [DISPLAY]: 1440x1080 is supported
[58:36:401] [info] [DISPLAY]: 1440x900 is supported
[58:36:401] [info] [DISPLAY]: 1400x1050 is supported
[58:36:401] [info] [DISPLAY]: 1368x768 is supported
[58:36:401] [info] [DISPLAY]: 1280x1024 is supported
[58:36:401] [info] [DISPLAY]: 1280x960 is supported
[58:36:401] [info] [DISPLAY]: 1280x800 is supported
[58:36:401] [info] [DISPLAY]: 1280x720 is supported
[58:36:401] [info] [DISPLAY]: 1152x864 is supported
[58:36:401] [info] [DISPLAY]: 1152x720 is supported
[58:36:401] [info] [DISPLAY]: 1024x768 is supported
[58:36:401] [info] [DISPLAY]: 1024x576 is supported
[58:36:401] [info] [DISPLAY]: 960x600 is supported
[58:36:401] [info] [DISPLAY]: 928x580 is supported
[58:36:401] [info] [DISPLAY]: 864x486 is supported
[58:36:401] [info] [DISPLAY]: 800x600 is supported
[58:36:401] [info] [DISPLAY]: 800x500 is supported
[58:36:401] [info] [DISPLAY]: 768x480 is supported
[58:36:401] [info] [DISPLAY]: 720x480 is supported
[58:36:401] [info] [DISPLAY]: 720x400 is supported
[58:36:401] [info] [DISPLAY]: 640x480 is supported
[58:36:401] [info] [DISPLAY]: 640x400 is supported
[58:36:401] [info] [DISPLAY]: 640x350 is supported
[58:36:401] [info] [DISPLAY]: 320x240 is supported
[58:36:401] [info] [DISPLAY]: 320x200 is supported
[58:36:401] [info] Loading display settings at /home/emeric/code/jak-project/build/game/OpenGOAL/jak1/settings/display-settings.json
[58:36:401] [info] [DISPLAY] Setting to display mode: 0, with window_size: 640,480
[58:36:413] [info] [DISPLAY] windowed mode - resizing window to 640x480
[58:36:413] [info] Loading input settings at /home/emeric/code/jak-project/build/game/OpenGOAL/jak1/settings/input-settings.json
[58:36:449] [warn] No active game controllers could be found or loaded successfully - inputs will not work!
[58:36:471] [debug] # Initialize IOP...
[58:36:471] [debug] [IOP] Restart!
[58:36:471] [debug] # IOP initialized
[58:36:471] [debug] [IOP] Wait for OVERLORD to start...
[58:36:472] [debug] # Initialize DMP...
[58:36:481] [debug] # DMP initialized
[58:36:481] [debug] [DECI2] Waiting for EE to register protos
[58:36:481] [debug] # Initialize EE-Worker...
[58:36:481] [debug] # EE-Worker initialized
[58:36:482] [debug] # Initialize EE...
[58:36:482] [debug] Main memory mapped at 0x0000002123000000
[58:36:482] [debug] Main memory size 0x8000000 bytes (128.000 MB)
[58:36:482] [debug] [EE] Initialization complete!
[58:36:482] [debug] # EE initialized
[58:36:482] [debug] [EE] Run!
[58:36:482] [info] GFX Loop
A36-CT-DIAG init &ct=0xbf64f0 ct=30 31 32 33
dkernel: boot mode
dkernel: debug-mem mode
[58:36:482] [info] gkernel: global heap 0x0013fd20 to 0x046b82e0 (size 69.470 MB)
[58:36:482] [info] gkernel: debug heap 0x05000000 to 0x07ff0000 (size 47.938 MB, gap 9.281 MB)
[58:36:483] [info] Initializing CD drive. This may take a while...
[58:36:483] [debug] Disk type 20

[58:36:483] [debug] Rebooting IOP...
[58:36:483] [info] Initializing CD drive. This may take a while...
[58:36:483] [debug] Disk type 20

[58:36:483] [debug] Initializing CD library in ISO_CD mode...
arg 1 : fakeiso
arg 2 : SCREEN1.USA
[58:36:483] [debug] [IOP] Run!
[58:36:507] [debug] [OVERLORD] LoadISOFileToIOP VAGDIR  AYB, 10420/-1 bytes
[58:36:507] [debug] [OVERLORD] Queue 2 (1/4), LoadSingle
[58:36:507] [debug]   PRI 2 elt 0 LoadSingle @ #x7FDAF0601520
[58:36:507] [debug] [OVERLORD] FS Open VAGDIR  AYB
[58:36:507] [debug] [OVERLORD] FS_Close VAGDIR  AYB @ 47/48
[58:36:507] [debug] [OVERLORD] LoadISOFileToEE SCREEN1 USA, 8388608/-1 bytes
[58:36:507] [debug] [OVERLORD] Queue 2 (1/4), LoadSingle
[58:36:508] [debug]   PRI 2 elt 0 LoadSingle @ #x7FDAF0601520
[58:36:508] [debug] [OVERLORD] FS Open SCREEN1 USA
[58:36:509] [debug] [OVERLORD] FS_Close SCREEN1 USA @ 292/480
[58:36:509] [info] InitIOP OK
[58:36:524] [info] [recharged-lighting] override -> 0 (setting ON)
[58:36:524] [info] AOPERF mode=0 quality=1 strength=1 fps=66.7 busy_ms=19.01
PACE-SWAP-X86 n=0 dt_ms=52.351
PACE-SWAP-X86 n=1 dt_ms=41.077
PACE-SWAP-X86 n=2 dt_ms=40.336
PACE-SWAP-X86 n=3 dt_ms=40.295
PACE-SWAP-X86 n=4 dt_ms=40.348
PACE-SWAP-X86 n=5 dt_ms=40.340
PACE-SWAP-X86 n=6 dt_ms=40.295
PACE-SWAP-X86 n=7 dt_ms=40.358
PACE-SWAP-X86 n=8 dt_ms=40.291
PACE-SWAP-X86 n=9 dt_ms=40.307
PACE-SWAP-X86 n=10 dt_ms=40.472
PACE-SWAP-X86 n=11 dt_ms=40.314
PACE-SWAP-X86 n=12 dt_ms=40.309
PACE-SWAP-X86 n=13 dt_ms=40.421
PACE-SWAP-X86 n=14 dt_ms=40.345
PACE-SWAP-X86 n=15 dt_ms=40.393
PACE-SWAP-X86 n=16 dt_ms=40.358
PACE-SWAP-X86 n=17 dt_ms=40.380
PACE-SWAP-X86 n=18 dt_ms=40.345
PACE-SWAP-X86 n=19 dt_ms=40.368
PACE-SWAP-X86 n=20 dt_ms=41.015
PACE-SWAP-X86 n=21 dt_ms=40.331
PACE-SWAP-X86 n=22 dt_ms=40.343
PACE-SWAP-X86 n=23 dt_ms=40.343
PACE-SWAP-X86 n=24 dt_ms=40.292
PACE-SWAP-X86 n=25 dt_ms=40.366
PACE-SWAP-X86 n=26 dt_ms=40.374
PACE-SWAP-X86 n=27 dt_ms=40.350
PACE-SWAP-X86 n=28 dt_ms=40.323
PACE-SWAP-X86 n=29 dt_ms=40.281
PACE-SWAP-X86 n=30 dt_ms=40.306
PACE-SWAP-X86 n=31 dt_ms=40.352
PACE-SWAP-X86 n=32 dt_ms=40.339
PACE-SWAP-X86 n=33 dt_ms=40.254
PACE-SWAP-X86 n=34 dt_ms=40.312
PACE-SWAP-X86 n=35 dt_ms=40.304
PACE-SWAP-X86 n=36 dt_ms=40.282
PACE-SWAP-X86 n=37 dt_ms=40.291
PACE-SWAP-X86 n=38 dt_ms=40.281
PACE-SWAP-X86 n=39 dt_ms=40.311
PACE-SWAP-X86 n=40 dt_ms=40.328
PACE-SWAP-X86 n=41 dt_ms=40.322
PACE-SWAP-X86 n=42 dt_ms=40.309
PACE-SWAP-X86 n=43 dt_ms=40.287
PACE-SWAP-X86 n=44 dt_ms=40.273
PACE-SWAP-X86 n=45 dt_ms=40.527
PACE-SWAP-X86 n=46 dt_ms=40.278
PACE-SWAP-X86 n=47 dt_ms=40.310
PACE-SWAP-X86 n=48 dt_ms=40.405
PACE-SWAP-X86 n=49 dt_ms=40.364
PACE-SWAP-X86 n=50 dt_ms=40.342
PACE-SWAP-X86 n=51 dt_ms=40.419
PACE-SWAP-X86 n=52 dt_ms=40.338
PACE-SWAP-X86 n=53 dt_ms=40.345
PACE-SWAP-X86 n=54 dt_ms=40.316
PACE-SWAP-X86 n=55 dt_ms=40.345
PACE-SWAP-X86 n=56 dt_ms=40.371
PACE-SWAP-X86 n=57 dt_ms=40.295
PACE-SWAP-X86 n=58 dt_ms=40.307
PACE-SWAP-X86 n=59 dt_ms=40.306
PACE-SWAP-X86 n=60 dt_ms=40.267
PACE-SWAP-X86 n=61 dt_ms=40.243
PACE-SWAP-X86 n=62 dt_ms=40.246
PACE-SWAP-X86 n=63 dt_ms=40.247
PACE-SWAP-X86 n=64 dt_ms=40.375
PACE-SWAP-X86 n=65 dt_ms=40.257
PACE-SWAP-X86 n=66 dt_ms=40.280
PACE-SWAP-X86 n=67 dt_ms=40.306
PACE-SWAP-X86 n=68 dt_ms=40.280
PACE-SWAP-X86 n=69 dt_ms=40.257
PACE-SWAP-X86 n=70 dt_ms=40.256
PACE-SWAP-X86 n=71 dt_ms=40.304
PACE-SWAP-X86 n=72 dt_ms=40.244
[58:39:514] [info] [DECI2] Add new protocol driver 1 for 0xe042
gproto: proto open at socket 1
[58:39:514] [info] InitSound
[58:39:514] [info] InitRPC
kernel: RPC port #0 started [DEB1]
kernel: RPC port #1 started [DEB2]
kernel: RPC port #2 started [DEB3]
kernel: RPC port #3 started [DEB4]
kernel: RPC port #4 started [DEB5]
kernel: RPC port #5 started [DEB6]
[58:39:514] [debug] [XSocketServer:8112] initialized
[58:39:514] [info] [Deci2Server:8112] awaiting connections
[58:39:514] [info] Initialized GOAL heap in 0.11 ms
[58:39:514] [debug] [Load and Link DGO From C] kernel
[58:39:514] [debug] [Begin Loading DGO RPC] KERNEL.CGO, 0x3eb82c0, 0x42b82c0, 0x181e80
[58:39:514] [debug] [DECI2] Waiting for listener...
[58:39:514] [debug] [OVERLORD] Queue 0 (1/4), LoadDGO
[58:39:514] [debug]   PRI 0 elt 0 LoadDGO @ #xC44720
[58:39:514] [debug] [OVERLORD] FS Open KERNEL  CGO
[58:39:514] [info] [Overlord DGO] Got DGO file header for KERNEL.CGO with 8 objects
[58:39:514] [debug] [link and exec] gcommon            0  20748 heap-use   270634  3145728: 0x181e4a
[58:39:514] [debug] link finish: gcommon
[58:39:515] [debug] [link and exec] gstring-h          0     95 heap-use   285424  3145728: 0x185810
[58:39:515] [debug] link finish: gstring-h
[58:39:515] [debug] [link and exec] gkernel-h          0  14758 heap-use   285424  3145728: 0x185810
[58:39:515] [debug] link finish: gkernel-h
[58:39:515] [debug] [link and exec] gkernel            0  34845 heap-use   286960  3145728: 0x185e10
[58:39:515] [debug] link finish: gkernel
[58:39:516] [debug] [link and exec] pskernel           0   5226 heap-use  3655408  3145728: 0x4bc410
[58:39:516] [debug] link finish: pskernel
[58:39:517] [debug] [link and exec] gstring            0  11883 heap-use  3657776  3145728: 0x4bcd50
[58:39:517] [debug] link finish: gstring
[58:39:517] [debug] [link and exec] dgo-h              0   1226 heap-use  3700889  3145728: 0x4c75b9
[58:39:517] [debug] link finish: dgo-h
[58:39:517] [debug] [OVERLORD] FS_Close KERNEL  CGO @ 294/72
[58:39:517] [debug] [link and exec] gstate             1   2773 heap-use  3701088  3145728: 0x4c7680
[58:39:517] [debug] link finish: gstate
[58:39:517] [info] Got correct kernel version 2.0, loaded in 2.9 ms
BOOTREPLAY begin mode=capture tag=init index=0 count=0
BOOTREPLAY record mode=capture tag=native-pc-rng index=0 count=1
BOOTREPLAY record mode=capture tag=native-mips-rng index=1 count=2
BOOTREPLAY record mode=capture tag=native-mips-R index=2 count=3
NPCF-LOG fichier=/home/emeric/code/jak-project/build/game/OpenGOAL/jak1/settings/npc_flicker.txt plateforme=x86
[58:39:517] [debug] [Load and Link DGO From C] game
[58:39:517] [debug] [Begin Loading DGO RPC] GAME.CGO, 0x3eb82c0, 0x42b82c0, 0x4ce740
[58:39:517] [debug] [OVERLORD] Queue 0 (1/4), LoadDGO
[58:39:517] [debug]   PRI 0 elt 0 LoadDGO @ #xC44720
[58:39:517] [debug] [OVERLORD] FS Open GAME    CGO
[58:39:518] [info] [Overlord DGO] Got DGO file header for GAME.CGO with 353 objects
[58:39:518] [debug] [link and exec] types-h            0    717 heap-use  3729920  3145728: 0x4ce720
[58:39:518] [debug] link finish: types-h
[58:39:518] [debug] [link and exec] vu1-macros         0   3923 heap-use  3730096  3145728: 0x4ce7d0
[58:39:518] [debug] link finish: vu1-macros
[58:39:518] [debug] [link and exec] math               0   4276 heap-use  3730720  3145728: 0x4cea40
[58:39:518] [debug] link finish: math
[58:39:518] [debug] [link and exec] vector-h           0  23570 heap-use  3733096  3145728: 0x4cf388
[58:39:518] [debug] link finish: vector-h
[58:39:518] [debug] [link and exec] gravity-h          0     95 heap-use  3738304  3145728: 0x4d07e0
[58:39:518] [debug] link finish: gravity-h
[58:39:518] [debug] [link and exec] bounding-box-h     0   1572 heap-use  3738304  3145728: 0x4d07e0
[58:39:518] [debug] link finish: bounding-box-h
[58:39:519] [debug] [link and exec] matrix-h           0   1888 heap-use  3738624  3145728: 0x4d0920
[58:39:519] [debug] link finish: matrix-h
[58:39:519] [debug] [link and exec] quaternion-h       0   1165 heap-use  3738976  3145728: 0x4d0a80
[58:39:519] [debug] link finish: quaternion-h
[58:39:519] [debug] [link and exec] euler-h            0   1206 heap-use  3739120  3145728: 0x4d0b10
[58:39:519] [debug] link finish: euler-h
[58:39:519] [debug] [link and exec] transform-h        0   1240 heap-use  3739312  3145728: 0x4d0bd0
[58:39:519] [debug] link finish: transform-h
[58:39:519] [debug] [link and exec] geometry-h         0   1618 heap-use  3739488  3145728: 0x4d0c80
[58:39:519] [debug] link finish: geometry-h
[58:39:519] [debug] [link and exec] trigonometry-h     0     95 heap-use  3739664  3145728: 0x4d0d30
[58:39:519] [debug] link finish: trigonometry-h
[58:39:519] [debug] [link and exec] transformq-h       0   3363 heap-use  3739664  3145728: 0x4d0d30
[58:39:519] [debug] link finish: transformq-h
[58:39:519] [debug] [link and exec] bounding-box       0   2055 heap-use  3740320  3145728: 0x4d0fc0
[58:39:519] [debug] link finish: bounding-box
[58:39:520] [debug] [link and exec] matrix             0  22961 heap-use  3741659  3145728: 0x4d14fb
[58:39:520] [debug] link finish: matrix
[58:39:520] [debug] [link and exec] transform          0   2480 heap-use  3761344  3145728: 0x4d61e0
[58:39:520] [debug] link finish: transform
[58:39:520] [debug] [link and exec] quaternion         0  17860 heap-use  3763017  3145728: 0x4d6869
[58:39:520] [debug] link finish: quaternion
[58:39:520] [debug] [link and exec] euler              0   4664 heap-use  3776285  3145728: 0x4d9c3d
[58:39:520] [debug] link finish: euler
[58:39:520] [debug] [link and exec] geometry           0  26228 heap-use  3780129  3145728: 0x4dab41
[58:39:520] [debug] link finish: geometry
[58:39:520] [debug] [link and exec] trigonometry       0  15141 heap-use  3801153  3145728: 0x4dfd61
[58:39:520] [debug] link finish: trigonometry
[58:39:521] [debug] [link and exec] gsound-h           0  30036 heap-use  3812240  3145728: 0x4e28b0
[58:39:521] [debug] link finish: gsound-h
[58:39:521] [debug] [link and exec] timer-h            0   4687 heap-use  3815952  3145728: 0x4e3730
[58:39:521] [debug] link finish: timer-h
[58:39:521] [debug] [link and exec] timer              0   2271 heap-use  3816720  3145728: 0x4e3a30
[58:39:521] [debug] link finish: timer
[58:39:521] [debug] [link and exec] vif-h              0   5275 heap-use  3818324  3145728: 0x4e4074
[58:39:521] [debug] link finish: vif-h
[58:39:521] [debug] [link and exec] dma-h              0  15222 heap-use  3818704  3145728: 0x4e41f0
[58:39:521] [debug] link finish: dma-h
[58:39:521] [debug] [link and exec] video-h            0   2245 heap-use  3821488  3145728: 0x4e4cd0
[58:39:521] [debug] link finish: video-h
[58:39:521] [debug] [link and exec] vu1-user-h         0   2832 heap-use  3821696  3145728: 0x4e4da0
[58:39:521] [debug] link finish: vu1-user-h
[58:39:522] [debug] [link and exec] dma                0   4367 heap-use  3822176  3145728: 0x4e4f80
[58:39:522] [debug] link finish: dma
[58:39:522] [debug] [link and exec] dma-buffer         0   4254 heap-use  3825464  3145728: 0x4e5c58
[58:39:522] [debug] link finish: dma-buffer
[58:39:522] [debug] [link and exec] dma-bucket         0    588 heap-use  3826768  3145728: 0x4e6170
[58:39:522] [debug] link finish: dma-bucket
[58:39:522] [debug] [link and exec] dma-disasm         0  15931 heap-use  3827153  3145728: 0x4e62f1
[58:39:522] [debug] link finish: dma-disasm
[58:39:522] [debug] [link and exec] pc-cheats          0     95 heap-use  3827387  3145728: 0x4e63db
[58:39:522] [debug] link finish: pc-cheats
[58:39:522] [debug] [link and exec] pckernel-h         0  16367 heap-use  3827387  3145728: 0x4e63db
[58:39:522] [debug] link finish: pckernel-h
[58:39:523] [debug] [link and exec] pckernel-impl      0  20069 heap-use  3834249  3145728: 0x4e7ea9
[58:39:523] [debug] link finish: pckernel-impl
[58:39:523] [debug] [link and exec] pc-debug-common    0    148 heap-use  3836448  3145728: 0x4e8740
[58:39:523] [debug] link finish: pc-debug-common
[58:39:523] [debug] [link and exec] pc-debug-methods   0  11767 heap-use  3836448  3145728: 0x4e8740
[58:39:523] [debug] link finish: pc-debug-methods
[58:39:523] [debug] [link and exec] pad                0  10434 heap-use  3836448  3145728: 0x4e8740
[58:39:523] [debug] link finish: pad
[58:39:523] [debug] [link and exec] gs                 0  43764 heap-use  3842220  3145728: 0x4e9dcc
[58:39:523] [debug] link finish: gs
[58:39:523] [debug] [link and exec] display-h          0  11485 heap-use  3851920  3145728: 0x4ec3b0
[58:39:523] [debug] link finish: display-h
[58:39:524] [debug] [link and exec] vector             0  16273 heap-use  3854960  3145728: 0x4ecf90
[58:39:524] [debug] link finish: vector
[58:39:524] [debug] [link and exec] file-io            0   4610 heap-use  3867056  3145728: 0x4efed0
[58:39:524] [debug] link finish: file-io
[58:39:524] [debug] [link and exec] loader-h           0   6562 heap-use  3869337  3145728: 0x4f07b9
[58:39:524] [debug] link finish: loader-h
[58:39:524] [debug] [link and exec] texture-h          0  11229 heap-use  3870736  3145728: 0x4f0d30
[58:39:524] [debug] link finish: texture-h
[58:39:524] [debug] [link and exec] level-h            0  20335 heap-use  3872672  3145728: 0x4f14c0
[58:39:524] [debug] link finish: level-h
[58:39:525] [debug] [link and exec] math-camera-h      0   7840 heap-use  3881760  3145728: 0x4f3840
[58:39:525] [debug] link finish: math-camera-h
PACE-SWAP-X86 n=73 dt_ms=40.348
[58:39:525] [debug] [link and exec] math-camera        0  17342 heap-use  3882048  3145728: 0x4f3960
[58:39:525] [debug] link finish: math-camera
[58:39:525] [debug] [link and exec] font-h             0  11677 heap-use  3895764  3145728: 0x4f6ef4
[58:39:525] [debug] link finish: font-h
[58:39:525] [debug] [link and exec] decomp-h           0    870 heap-use  3900176  3145728: 0x4f8030
[58:39:525] [debug] link finish: decomp-h
[58:39:525] [debug] [link and exec] display            0  13564 heap-use  3900272  3145728: 0x4f8090
[58:39:526] [debug] link finish: display
[58:39:530] [debug] [link and exec] connect            0  10470 heap-use 20303380  3145728: 0x149cb34
[58:39:530] [debug] link finish: connect
[58:39:531] [debug] [link and exec] text-h             0  81166 heap-use 20308368  3145728: 0x149deb0
[58:39:531] [debug] link finish: text-h
[58:39:531] [debug] [link and exec] settings-h         0   5926 heap-use 20374368  3145728: 0x14ae080
[58:39:531] [debug] link finish: settings-h
[58:39:532] [debug] [link and exec] knuth-rand         0   1924 heap-use 20374784  3145728: 0x14ae220
[58:39:532] [debug] link finish: knuth-rand
BOOTREPLAY record mode=capture tag=scf-time index=3 count=4
[58:39:532] [debug] [link and exec] cutscene-skip      0   2189 heap-use 20375808  3145728: 0x14ae620
[58:39:532] [debug] link finish: cutscene-skip
[58:39:532] [debug] [link and exec] capture            0   3807 heap-use 20377190  3145728: 0x14aeb86
[58:39:532] [debug] link finish: capture
[58:39:532] [debug] [link and exec] memory-usage-h     0   1604 heap-use 20377300  3145728: 0x14aebf4
[58:39:532] [debug] link finish: memory-usage-h
[58:39:532] [debug] [link and exec] texture            0  39692 heap-use 20377466  3145728: 0x14aec9a
[58:39:532] [debug] link finish: texture
[58:39:533] [debug] [link and exec] main-h             0   5463 heap-use 20412464  3145728: 0x14b7550
[58:39:533] [debug] link finish: main-h
[58:39:533] [debug] [link and exec] mspace-h           0   4675 heap-use 20416288  3145728: 0x14b8440
[58:39:533] [debug] link finish: mspace-h
[58:39:533] [debug] [link and exec] drawable-h         0   1105 heap-use 20416960  3145728: 0x14b86e0
[58:39:533] [debug] link finish: drawable-h
[58:39:533] [debug] [link and exec] drawable-group-h   0    828 heap-use 20417216  3145728: 0x14b87e0
[58:39:533] [debug] link finish: drawable-group-h
[58:39:533] [debug] [link and exec] drawable-inline-array-h 0    693 heap-use 20417376  3145728: 0x14b8880
[58:39:533] [debug] link finish: drawable-inline-array-h
[58:39:534] [debug] [link and exec] draw-node-h        0   2171 heap-use 20417504  3145728: 0x14b8900
[58:39:534] [debug] link finish: draw-node-h
[58:39:534] [debug] [link and exec] drawable-tree-h    0   1507 heap-use 20417872  3145728: 0x14b8a70
[58:39:534] [debug] link finish: drawable-tree-h
[58:39:534] [debug] [link and exec] drawable-actor-h   0   2161 heap-use 20418128  3145728: 0x14b8b70
[58:39:534] [debug] link finish: drawable-actor-h
[58:39:534] [debug] [link and exec] drawable-ambient-h 0   3768 heap-use 20418544  3145728: 0x14b8d10
[58:39:534] [debug] link finish: drawable-ambient-h
[58:39:534] [debug] [link and exec] game-task-h        0     95 heap-use 20419200  3145728: 0x14b8fa0
[58:39:534] [debug] link finish: game-task-h
[58:39:534] [debug] [link and exec] hint-control-h     0   2074 heap-use 20419200  3145728: 0x14b8fa0
[58:39:534] [debug] link finish: hint-control-h
[58:39:534] [debug] [link and exec] generic-h          0  15959 heap-use 20419488  3145728: 0x14b90c0
[58:39:534] [debug] link finish: generic-h
[58:39:534] [debug] [link and exec] lights-h           0   6214 heap-use 20430496  3145728: 0x14bbbc0
[58:39:534] [debug] link finish: lights-h
[58:39:535] [debug] [link and exec] ocean-h            0  29007 heap-use 20431600  3145728: 0x14bc010
[58:39:535] [debug] link finish: ocean-h
[58:39:535] [debug] [link and exec] ocean-trans-tables 0   5384 heap-use 20438048  3145728: 0x14bd940
[58:39:535] [debug] link finish: ocean-trans-tables
[58:39:535] [debug] [link and exec] ocean-tables       0  58277 heap-use 20442857  3145728: 0x14bec09
[58:39:535] [debug] link finish: ocean-tables
[58:39:535] [debug] [link and exec] ocean-frames       0  65692 heap-use 20499847  3145728: 0x14ccaa7
[58:39:535] [debug] link finish: ocean-frames
[58:39:535] [debug] [link and exec] sky-h              0   9165 heap-use 20565420  3145728: 0x14dcacc
[58:39:535] [debug] link finish: sky-h
[58:39:535] [debug] [link and exec] mood-h             0   6958 heap-use 20568368  3145728: 0x14dd650
[58:39:535] [debug] link finish: mood-h
[58:39:535] [debug] [link and exec] time-of-day-h      0   9069 heap-use 20569744  3145728: 0x14ddbb0
[58:39:535] [debug] link finish: time-of-day-h
[58:39:536] [debug] [link and exec] art-h              0  18697 heap-use 20572832  3145728: 0x14de7c0
[58:39:536] [debug] link finish: art-h
[58:39:536] [debug] [link and exec] generic-vu1-h      0   2826 heap-use 20575088  3145728: 0x14df090
[58:39:536] [debug] link finish: generic-vu1-h
[58:39:536] [debug] [link and exec] merc-h             0  23761 heap-use 20575376  3145728: 0x14df1b0
[58:39:536] [debug] link finish: merc-h
[58:39:536] [debug] [link and exec] generic-merc-h     0   9675 heap-use 20577840  3145728: 0x14dfb50
[58:39:536] [debug] link finish: generic-merc-h
[58:39:536] [debug] [link and exec] generic-tie-h      0  15554 heap-use 20578720  3145728: 0x14dfec0
[58:39:536] [debug] link finish: generic-tie-h
[58:39:536] [debug] [link and exec] generic-work-h     0   5966 heap-use 20580176  3145728: 0x14e0470
[58:39:536] [debug] link finish: generic-work-h
[58:39:537] [debug] [link and exec] shadow-cpu-h       0  10893 heap-use 20581388  3145728: 0x14e092c
[58:39:537] [debug] link finish: shadow-cpu-h
[58:39:537] [debug] [link and exec] shadow-vu1-h       0     95 heap-use 20583584  3145728: 0x14e11c0
[58:39:537] [debug] link finish: shadow-vu1-h
[58:39:537] [debug] [link and exec] memcard-h          0   4472 heap-use 20583584  3145728: 0x14e11c0
[58:39:537] [debug] link finish: memcard-h
[58:39:537] [debug] [link and exec] game-info-h        0   9585 heap-use 20584896  3145728: 0x14e16e0
[58:39:537] [debug] link finish: game-info-h
[58:39:537] [debug] [link and exec] wind-h             0   1839 heap-use 20587584  3145728: 0x14e2160
[58:39:537] [debug] link finish: wind-h
[58:39:537] [debug] [link and exec] prototype-h        0  12710 heap-use 20588064  3145728: 0x14e2340
[58:39:537] [debug] link finish: prototype-h
[58:39:537] [debug] [link and exec] joint-h            0   6771 heap-use 20588944  3145728: 0x14e26b0
[58:39:538] [debug] link finish: joint-h
[58:39:538] [debug] [link and exec] bones-h            0   6607 heap-use 20589424  3145728: 0x14e2890
[58:39:538] [debug] link finish: bones-h
[58:39:538] [debug] [link and exec] engines            0    662 heap-use 20590368  3145728: 0x14e2c40
[58:39:538] [debug] link finish: engines
[58:39:538] [debug] [link and exec] res-h              0   1758 heap-use 20619760  3145728: 0x14e9f10
[58:39:538] [debug] link finish: res-h
[58:39:538] [debug] [link and exec] res                0  15566 heap-use 20620185  3145728: 0x14ea0b9
[58:39:538] [debug] link finish: res
[58:39:539] [debug] [link and exec] lights             0   2041 heap-use 20633328  3145728: 0x14ed410
[58:39:539] [debug] link finish: lights
[58:39:539] [debug] [link and exec] dynamics-h         0   2043 heap-use 20634656  3145728: 0x14ed940
[58:39:539] [debug] link finish: dynamics-h
[58:39:539] [debug] [link and exec] surface-h          0  18753 heap-use 20635431  3145728: 0x14edc47
[58:39:539] [debug] link finish: surface-h
[58:39:539] [debug] [link and exec] pat-h              0   5391 heap-use 20648296  3145728: 0x14f0e88
[58:39:539] [debug] link finish: pat-h
[58:39:539] [debug] [link and exec] fact-h             0  10457 heap-use 20648768  3145728: 0x14f1060
[58:39:539] [debug] link finish: fact-h
[58:39:540] [debug] [link and exec] aligner-h          0   1605 heap-use 20651792  3145728: 0x14f1c30
[58:39:540] [debug] link finish: aligner-h
[58:39:540] [debug] [link and exec] game-h             0   4254 heap-use 20652032  3145728: 0x14f1d20
[58:39:540] [debug] link finish: game-h
[58:39:540] [debug] [link and exec] generic-obs-h      0   9608 heap-use 20652720  3145728: 0x14f1fd0
[58:39:540] [debug] link finish: generic-obs-h
[58:39:540] [debug] [link and exec] pov-camera-h       0   1254 heap-use 20653792  3145728: 0x14f2400
[58:39:540] [debug] link finish: pov-camera-h
[58:39:540] [debug] [link and exec] sync-info-h        0   6472 heap-use 20653968  3145728: 0x14f24b0
[58:39:540] [debug] link finish: sync-info-h
[58:39:540] [debug] [link and exec] smush-control-h    0   3849 heap-use 20654864  3145728: 0x14f2830
[58:39:540] [debug] link finish: smush-control-h
[58:39:541] [debug] [link and exec] trajectory-h       0    847 heap-use 20656880  3145728: 0x14f3010
[58:39:541] [debug] link finish: trajectory-h
[58:39:541] [debug] [link and exec] debug-h            0   2016 heap-use 20657008  3145728: 0x14f3090
[58:39:541] [debug] link finish: debug-h
[58:39:541] [debug] [link and exec] joint-mod-h        0  21731 heap-use 20657296  3145728: 0x14f31b0
[58:39:541] [debug] link finish: joint-mod-h
[58:39:541] [debug] [link and exec] collide-func-h     0     95 heap-use 20669296  3145728: 0x14f6090
[58:39:541] [debug] link finish: collide-func-h
[58:39:541] [debug] [link and exec] collide-mesh-h     0   3882 heap-use 20669296  3145728: 0x14f6090
[58:39:541] [debug] link finish: collide-mesh-h
[58:39:542] [debug] [link and exec] collide-shape-h    0  23112 heap-use 20710912  3145728: 0x1500320
[58:39:542] [debug] link finish: collide-shape-h
[58:39:542] [debug] [link and exec] collide-target-h   0  23234 heap-use 20752720  3145728: 0x150a670
[58:39:542] [debug] link finish: collide-target-h
[58:39:542] [debug] [link and exec] collide-touch-h    0   4418 heap-use 20753296  3145728: 0x150a8b0
[58:39:542] [debug] link finish: collide-touch-h
[58:39:543] [debug] [link and exec] collide-edge-grab-h 0  17864 heap-use 20770104  3145728: 0x150ea58
[58:39:543] [debug] link finish: collide-edge-grab-h
[58:39:543] [debug] [link and exec] process-drawable-h 0   7731 heap-use 20780996  3145728: 0x15114e4
[58:39:543] [debug] link finish: process-drawable-h
[58:39:543] [debug] [link and exec] effect-control-h   0   1589 heap-use 20786355  3145728: 0x15129d3
[58:39:543] [debug] link finish: effect-control-h
[58:39:543] [debug] [link and exec] collide-frag-h     0   4135 heap-use 20786704  3145728: 0x1512b30
[58:39:543] [debug] link finish: collide-frag-h
[58:39:543] [debug] [link and exec] projectiles-h      0   3321 heap-use 20787312  3145728: 0x1512d90
[58:39:543] [debug] link finish: projectiles-h
[58:39:543] [debug] [link and exec] target-h           0   3714 heap-use 20787840  3145728: 0x1512fa0
[58:39:544] [debug] link finish: target-h
[58:39:544] [debug] [link and exec] depth-cue-h        0   2098 heap-use 20788160  3145728: 0x15130e0
[58:39:544] [debug] link finish: depth-cue-h
[58:39:544] [debug] [link and exec] stats-h            0   4282 heap-use 20788352  3145728: 0x15131a0
[58:39:544] [debug] link finish: stats-h
[58:39:544] [debug] [link and exec] bsp-h              0   8167 heap-use 20789056  3145728: 0x1513460
[58:39:544] [debug] link finish: bsp-h
[58:39:544] [debug] [link and exec] collide-cache-h    0   8756 heap-use 20789904  3145728: 0x15137b0
[58:39:544] [debug] link finish: collide-cache-h
[58:39:544] [debug] [link and exec] collide-h          0    135 heap-use 21149760  3145728: 0x156b560
[58:39:544] [debug] link finish: collide-h
[58:39:545] [debug] [link and exec] shrubbery-h        0  18566 heap-use 21149788  3145728: 0x156b57c
[58:39:545] [debug] link finish: shrubbery-h
[58:39:545] [debug] [link and exec] tie-h              0  14963 heap-use 21151808  3145728: 0x156bd60
[58:39:545] [debug] link finish: tie-h
[58:39:545] [debug] [link and exec] tfrag-h            0  20394 heap-use 21153008  3145728: 0x156c210
[58:39:545] [debug] link finish: tfrag-h
[58:39:545] [debug] [link and exec] background-h       0   3147 heap-use 21155216  3145728: 0x156cab0
[58:39:545] [debug] link finish: background-h
[58:39:545] [debug] [link and exec] subdivide-h        0  11349 heap-use 21155312  3145728: 0x156cb10
[58:39:545] [debug] link finish: subdivide-h
[58:39:545] [debug] [link and exec] entity-h           0  13085 heap-use 21157328  3145728: 0x156d2f0
[58:39:545] [debug] link finish: entity-h
[58:39:545] [debug] [link and exec] sprite-h           0   6064 heap-use 21158976  3145728: 0x156d960
[58:39:545] [debug] link finish: sprite-h
[58:39:545] [debug] [link and exec] shadow-h           0   1901 heap-use 21159360  3145728: 0x156dae0
[58:39:545] [debug] link finish: shadow-h
[58:39:546] [debug] [link and exec] eye-h              0   4516 heap-use 21161720  3145728: 0x156e418
[58:39:546] [debug] link finish: eye-h
[58:39:546] [debug] [link and exec] sparticle-launcher-h 0   7268 heap-use 21163216  3145728: 0x156e9f0
[58:39:546] [debug] link finish: sparticle-launcher-h
[58:39:546] [debug] [link and exec] sparticle-h        0   5635 heap-use 21163824  3145728: 0x156ec50
[58:39:546] [debug] link finish: sparticle-h
[58:39:546] [debug] [link and exec] actor-link-h       0   5575 heap-use 21164208  3145728: 0x156edd0
[58:39:546] [debug] link finish: actor-link-h
[58:39:547] [debug] [link and exec] camera-h           0  23043 heap-use 21167616  3145728: 0x156fb20
[58:39:547] [debug] link finish: camera-h
[58:39:547] [debug] [link and exec] cam-debug-h        0   2866 heap-use 21170432  3145728: 0x1570620
[58:39:547] [debug] link finish: cam-debug-h
[58:39:547] [debug] [link and exec] cam-interface-h    0    783 heap-use 21171102  3145728: 0x15708be
[58:39:547] [debug] link finish: cam-interface-h
[58:39:547] [debug] [link and exec] cam-update-h       0   1520 heap-use 21171326  3145728: 0x157099e
[58:39:547] [debug] link finish: cam-update-h
[58:39:547] [debug] [link and exec] assert-h           0   1148 heap-use 21171744  3145728: 0x1570b40
[58:39:547] [debug] link finish: assert-h
[58:39:548] [debug] [link and exec] hud-h              0   5645 heap-use 21172048  3145728: 0x1570c70
[58:39:548] [debug] link finish: hud-h
[58:39:548] [debug] [link and exec] progress-h         0   9969 heap-use 21172592  3145728: 0x1570e90
[58:39:548] [debug] link finish: progress-h
[58:39:548] [debug] [link and exec] rpc-h              0   3998 heap-use 21173440  3145728: 0x15711e0
[58:39:548] [debug] link finish: rpc-h
[58:39:548] [debug] [link and exec] path-h             0   3461 heap-use 21175344  3145728: 0x1571950
[58:39:548] [debug] link finish: path-h
[58:39:549] [debug] [link and exec] navigate-h         0  16184 heap-use 21176640  3145728: 0x1571e60
[58:39:549] [debug] link finish: navigate-h
[58:39:549] [debug] [link and exec] load-dgo           0   7998 heap-use 21179456  3145728: 0x1572960
[58:39:549] [debug] link finish: load-dgo
[58:39:549] [debug] [link and exec] ramdisk            0   2670 heap-use 21184937  3145728: 0x1573ec9
[58:39:549] [debug] link finish: ramdisk
[58:39:549] [debug] [link and exec] gsound             0  28991 heap-use 21185807  3145728: 0x157422f
[58:39:549] [debug] link finish: gsound
IRX version 2.0
STALL: waiting for IOP on RPC port #1
STALL: waiting for IOP on RPC port #1
[58:39:555] [debug] [link and exec] transformq         0   8453 heap-use 21221112  3145728: 0x157cc18
[58:39:555] [debug] link finish: transformq
[58:39:556] [debug] [link and exec] collide-func       0   4410 heap-use 21226697  3145728: 0x157e1e9
[58:39:556] [debug] link finish: collide-func
[58:39:556] [debug] [link and exec] joint              0  38208 heap-use 21230432  3145728: 0x157f080
[58:39:556] [debug] link finish: joint
[58:39:558] [debug] [link and exec] cylinder           0   8199 heap-use 21259488  3145728: 0x1586200
[58:39:558] [debug] link finish: cylinder
[58:39:558] [debug] [link and exec] wind               0   3074 heap-use 21265680  3145728: 0x1587a30
[58:39:559] [debug] link finish: wind
[58:39:559] [debug] [link and exec] bsp                0  12034 heap-use 21269060  3145728: 0x1588764
[58:39:559] [debug] link finish: bsp
[58:39:559] [debug] [link and exec] subdivide          0  13259 heap-use 21278652  3145728: 0x158acdc
[58:39:559] [debug] link finish: subdivide
[58:39:559] [debug] [link and exec] sprite             0  20807 heap-use 21297776  3150020: 0x158f790
[58:39:559] [debug] link finish: sprite
[58:39:561] [debug] [link and exec] sprite-distort     0   7057 heap-use 24682032  3150020: 0x18c9b50
[58:39:561] [debug] link finish: sprite-distort
[58:39:561] [debug] [link and exec] debug-sphere       0   8450 heap-use 24689264  3150020: 0x18cb790
[58:39:561] [debug] link finish: debug-sphere
[58:39:561] [debug] [link and exec] debug              0  31294 heap-use 24696688  3150020: 0x18cd490
[58:39:561] [debug] link finish: debug
[58:39:561] [debug] [link and exec] merc-vu1           0    163 heap-use 24699134  3150020: 0x18cde1e
[58:39:561] [debug] link finish: merc-vu1
[58:39:561] [debug] [link and exec] merc-blend-shape   0   7284 heap-use 24699175  3150020: 0x18cde47
[58:39:561] [debug] link finish: merc-blend-shape
[58:39:562] [debug] [link and exec] merc               0  11038 heap-use 24702192  3150020: 0x18cea10
[58:39:562] [debug] link finish: merc
[58:39:562] [debug] [link and exec] ripple             0   5922 heap-use 24708510  3150020: 0x18d02be
[58:39:562] [debug] link finish: ripple
[58:39:562] [debug] [link and exec] bones              0  33971 heap-use 24712036  3150020: 0x18d1084
[58:39:562] [debug] link finish: bones
[58:39:562] [debug] [link and exec] generic-vu0        0    166 heap-use 24736912  3150020: 0x18d71b0
[58:39:562] [debug] link finish: generic-vu0
[58:39:562] [debug] [link and exec] generic            0   1708 heap-use 24736954  3150020: 0x18d71da
[58:39:562] [debug] link finish: generic
[58:39:563] [debug] [link and exec] generic-vu1        0   1486 heap-use 24737845  3150020: 0x18d7555
[58:39:563] [debug] link finish: generic-vu1
[58:39:563] [debug] [link and exec] generic-effect     0   2637 heap-use 24738858  3150020: 0x18d794a
[58:39:563] [debug] link finish: generic-effect
[58:39:563] [debug] [link and exec] generic-merc       0   3524 heap-use 24741152  3150020: 0x18d8240
[58:39:563] [debug] link finish: generic-merc
[58:39:563] [debug] [link and exec] generic-tie        0   2829 heap-use 24743408  3150020: 0x18d8b10
[58:39:563] [debug] link finish: generic-tie
[58:39:563] [debug] [link and exec] shadow-cpu         0  10719 heap-use 24745280  3150020: 0x18d9260
[58:39:563] [debug] link finish: shadow-cpu
[58:39:563] [debug] [link and exec] shadow-vu1         0   4133 heap-use 24753088  3150020: 0x18db0e0
[58:39:563] [debug] link finish: shadow-vu1
[58:39:564] [debug] [link and exec] depth-cue          0   6055 heap-use 24754512  3150020: 0x18db670
[58:39:564] [debug] link finish: depth-cue
[58:39:564] [debug] [link and exec] font               0  34708 heap-use 24759758  3150020: 0x18dcaee
[58:39:564] [debug] link finish: font
[58:39:564] [debug] [link and exec] decomp             0   4555 heap-use 24799072  3150020: 0x18e6480
[58:39:564] [debug] link finish: decomp
[58:39:564] [debug] [link and exec] background         0   9605 heap-use 24802576  3150020: 0x18e7230
[58:39:564] [debug] link finish: background
[58:39:564] [debug] [link and exec] draw-node          0   2566 heap-use 24811288  3150020: 0x18e9438
[58:39:564] [debug] link finish: draw-node
[58:39:565] [debug] [link and exec] shrubbery          0  12214 heap-use 24812825  3150020: 0x18e9a39
PACE-SWAP-X86 n=74 dt_ms=40.296
[58:39:565] [debug] link finish: shrubbery
[58:39:566] [debug] [link and exec] shrub-work         0   7886 heap-use 24821883  3150020: 0x18ebd9b
[58:39:566] [debug] link finish: shrub-work
[58:39:566] [debug] [link and exec] tfrag-near         0   2258 heap-use 24829405  3150020: 0x18edafd
[58:39:566] [debug] link finish: tfrag-near
[58:39:566] [debug] [link and exec] tfrag              0  12381 heap-use 24829512  3150020: 0x18edb68
[58:39:566] [debug] link finish: tfrag
[58:39:567] [debug] [link and exec] tfrag-methods      0  10054 heap-use 24839136  3150020: 0x18f0100
[58:39:567] [debug] link finish: tfrag-methods
[58:39:568] [debug] [link and exec] tfrag-work         0    540 heap-use 24846017  3150020: 0x18f1be1
[58:39:568] [debug] link finish: tfrag-work
[58:39:568] [debug] [link and exec] tie                0  14247 heap-use 24846232  3150020: 0x18f1cb8
[58:39:568] [debug] link finish: tie
[58:39:569] [debug] [link and exec] tie-near           0   5849 heap-use 24852304  3150020: 0x18f3470
[58:39:569] [debug] link finish: tie-near
[58:39:569] [debug] [link and exec] tie-work           0   1120 heap-use 24855376  3150020: 0x18f4070
[58:39:569] [debug] link finish: tie-work
[58:39:569] [debug] [link and exec] tie-methods        0  10957 heap-use 24856173  3150020: 0x18f438d
[58:39:569] [debug] link finish: tie-methods
[58:39:570] [debug] [link and exec] sync-info          0  13527 heap-use 24863168  3150020: 0x18f5ee0
[58:39:570] [debug] link finish: sync-info
[58:39:571] [debug] [link and exec] trajectory         0   2998 heap-use 24872240  3150020: 0x18f8250
[58:39:571] [debug] link finish: trajectory
[58:39:572] [debug] [link and exec] sparticle-launcher 0  27547 heap-use 24874244  3150020: 0x18f8a24
[58:39:572] [debug] link finish: sparticle-launcher
[58:39:572] [debug] [link and exec] sparticle          0  12089 heap-use 24919776  3150020: 0x1903c00
[58:39:572] [debug] link finish: sparticle
[58:39:574] [debug] [link and exec] entity-table       0   2800 heap-use 28710304  3150020: 0x1ca12c0
[58:39:574] [debug] link finish: entity-table
[58:39:574] [debug] [link and exec] loader             0  33234 heap-use 28715099  3150020: 0x1ca257b
[58:39:574] [debug] link finish: loader
[58:39:575] [debug] [link and exec] task-control-h     0   4489 heap-use 28742280  3150020: 0x1ca8fa8
[58:39:575] [debug] link finish: task-control-h
[58:39:575] [debug] [link and exec] speedruns-h        0    830 heap-use 28742928  3150020: 0x1ca9230
[58:39:575] [debug] link finish: speedruns-h
[58:39:575] [debug] [link and exec] game-info          0  31783 heap-use 28743024  3150020: 0x1ca9290
[58:39:575] [debug] link finish: game-info
[58:39:577] [debug] [link and exec] game-save          0  45247 heap-use 28827392  3150020: 0x1cbdc20
[58:39:577] [debug] link finish: game-save
[58:39:578] [debug] [link and exec] settings           0  10104 heap-use 28857696  3150020: 0x1cc5280
[58:39:578] [debug] link finish: settings
[58:39:578] [debug] [link and exec] pc-anim-util       0   4043 heap-use 28865984  3150020: 0x1cc72e0
[58:39:578] [debug] link finish: pc-anim-util
[58:39:578] [debug] [link and exec] autosplit-h        0  16475 heap-use 28869041  3150020: 0x1cc7ed1
[58:39:578] [debug] link finish: autosplit-h
[58:39:578] [debug] [link and exec] autosplit          0  12739 heap-use 28869152  3150020: 0x1cc7f40
[58:39:578] [debug] link finish: autosplit
[58:39:578] [debug] [link and exec] speedruns          0  20139 heap-use 28880023  3150020: 0x1cca9b7
[58:39:578] [debug] link finish: speedruns
[58:39:579] [debug] [link and exec] pckernel-common    0  45425 heap-use 28895189  3150020: 0x1cce4f5
[58:39:579] [debug] link finish: pckernel-common
pckernel version: 1.11
[58:39:580] [debug] [link and exec] pckernel           0  74099 heap-use 28928838  3150020: 0x1cd6866
[58:39:580] [debug] link finish: pckernel
pc settings reset
Setting window size to 640 x 480
[PC Settings]: Valid default game-size resolution set 1920 x 1080
[PC Settings]: fullscreen resolution defaulted to 1920 x 1080
[PC] PC Settings found at '/home/emeric/code/jak-project/build/game/OpenGOAL/jak1/settings/settings.ini'...loading!
****** CALL TO kopen() ******
[PC Settings]: Valid game-size resolution 1920 x 1080
[58:39:581] [info] [mesh-subdiv] level -> 1 round(s) (applies at next level load)
pc settings file read: "/home/emeric/code/jak-project/build/game/OpenGOAL/jak1/settings/settings.ini"
[58:39:581] [debug] [link and exec] mood-tables        0  52566 heap-use 29054192  3150020: 0x1cf5210
[58:39:581] [debug] link finish: mood-tables
[58:39:582] [debug] [link and exec] mood               0  84755 heap-use 29138484  3150020: 0x1d09b54
[58:39:582] [debug] link finish: mood
[58:39:582] [debug] [link and exec] weather-part       0  16166 heap-use 29193840  3150020: 0x1d17390
[58:39:582] [debug] link finish: weather-part
[58:39:582] [debug] [link and exec] time-of-day        0  14537 heap-use 29206388  3150020: 0x1d1a494
[58:39:582] [debug] link finish: time-of-day
[58:39:582] [debug] [link and exec] sky-utils          0   1144 heap-use 29217520  3150020: 0x1d1d010
[58:39:582] [debug] link finish: sky-utils
[58:39:582] [debug] [link and exec] sky                0   5012 heap-use 29218346  3150020: 0x1d1d34a
[58:39:582] [debug] link finish: sky
[58:39:582] [debug] [link and exec] sky-tng            0  19695 heap-use 29220064  3150020: 0x1d1da00
[58:39:582] [debug] link finish: sky-tng
[58:39:583] [debug] [link and exec] load-boundary-h    0   4666 heap-use 29236844  3150020: 0x1d21b8c
[58:39:583] [debug] link finish: load-boundary-h
[58:39:583] [debug] [link and exec] load-boundary      0  50128 heap-use 29237696  3150020: 0x1d21ee0
[58:39:583] [debug] link finish: load-boundary
[58:39:584] [debug] [link and exec] load-boundary-data 0  53784 heap-use 29269564  3150020: 0x1d29b5c
[58:39:584] [debug] link finish: load-boundary-data
[58:39:584] [debug] [link and exec] level-info         0  57942 heap-use 29321712  3150020: 0x1d36710
[58:39:584] [debug] link finish: level-info
[58:39:584] [debug] [link and exec] level              0  41110 heap-use 29358248  3150020: 0x1d3f5c8
[58:39:584] [debug] link finish: level
[58:39:586] [debug] [link and exec] text               0  13049 heap-use 29534160  3150020: 0x1d6a4f0
[58:39:586] [debug] link finish: text
[58:39:586] [debug] [link and exec] collide-probe      0   7712 heap-use 29610160  3150020: 0x1d7cdd0
[58:39:586] [debug] link finish: collide-probe
[58:39:586] [debug] [link and exec] collide-frag       0   3073 heap-use 29615296  3150020: 0x1d7e1e0
[58:39:586] [debug] link finish: collide-frag
[58:39:587] [debug] [link and exec] collide-mesh       0   6226 heap-use 29617124  3150020: 0x1d7e904
[58:39:587] [debug] link finish: collide-mesh
[58:39:588] [debug] [link and exec] collide-touch      0   7270 heap-use 29621152  3150020: 0x1d7f8c0
[58:39:588] [debug] link finish: collide-touch
[58:39:589] [debug] [link and exec] collide-edge-grab  0  12557 heap-use 29626288  3150020: 0x1d80cd0
[58:39:589] [debug] link finish: collide-edge-grab
[58:39:590] [debug] [link and exec] collide-shape      0  61833 heap-use 29635344  3150020: 0x1d83030
[58:39:590] [debug] link finish: collide-shape
[58:39:593] [debug] [link and exec] collide-shape-rider 0   8640 heap-use 29682428  3150020: 0x1d8e81c
[58:39:593] [debug] link finish: collide-shape-rider
[58:39:594] [debug] [link and exec] collide            0    253 heap-use 29689239  3150020: 0x1d902b7
[58:39:594] [debug] link finish: collide
[58:39:594] [debug] [link and exec] merc-death         0   2512 heap-use 29689340  3150020: 0x1d9031c
[58:39:594] [debug] link finish: merc-death
[58:39:594] [debug] [link and exec] water-h            0   5401 heap-use 29690432  3150020: 0x1d90760
[58:39:594] [debug] link finish: water-h
[58:39:594] [debug] [link and exec] camera             0  48586 heap-use 29690816  3150020: 0x1d908e0
[58:39:594] [debug] link finish: camera
[58:39:595] [debug] [link and exec] cam-interface      0   1883 heap-use 29728281  3150020: 0x1d99b39
[58:39:595] [debug] link finish: cam-interface
[58:39:595] [debug] [link and exec] cam-master         0  39768 heap-use 29729184  3150020: 0x1d99ec0
[58:39:595] [debug] link finish: cam-master
[58:39:595] [debug] [link and exec] cam-states         0  98010 heap-use 29761328  3150020: 0x1da1c50
[58:39:596] [debug] link finish: cam-states
[58:39:596] [debug] [link and exec] cam-states-dbg     0  22499 heap-use 29833680  3150020: 0x1db36f0
[58:39:596] [debug] link finish: cam-states-dbg
[58:39:596] [debug] [link and exec] cam-combiner       0  11715 heap-use 29848192  3150020: 0x1db6fa0
[58:39:596] [debug] link finish: cam-combiner
[58:39:596] [debug] [link and exec] cam-update         0  15779 heap-use 29857530  3150020: 0x1db941a
[58:39:596] [debug] link finish: cam-update
[58:39:596] [debug] [link and exec] vol-h              0   3407 heap-use 29869120  3150020: 0x1dbc160
[58:39:596] [debug] link finish: vol-h
[58:39:596] [debug] [link and exec] cam-layout         0 100698 heap-use 29870304  3150020: 0x1dbc600
[58:39:596] [debug] link finish: cam-layout
[58:39:597] [debug] [link and exec] cam-debug          0  51342 heap-use 29873968  3150020: 0x1dbd450
[58:39:597] [debug] link finish: cam-debug
[58:39:597] [debug] [link and exec] cam-start          0   1247 heap-use 29875504  3150020: 0x1dbda50
[58:39:597] [debug] link finish: cam-start
[58:39:597] [debug] [link and exec] process-drawable   0  30689 heap-use 29876114  3150020: 0x1dbdcb2
[58:39:597] [debug] link finish: process-drawable
[58:39:598] [debug] [link and exec] hint-control       0   6697 heap-use 29897551  3150020: 0x1dc306f
[58:39:598] [debug] link finish: hint-control
[58:39:598] [debug] [link and exec] ambient            0  32561 heap-use 29902538  3150020: 0x1dc43ea
[58:39:598] [debug] link finish: ambient
[58:39:599] [debug] [link and exec] assert             0   1519 heap-use 29926926  3150020: 0x1dca32e
[58:39:599] [debug] link finish: assert
[58:39:599] [debug] [link and exec] generic-obs        0  60440 heap-use 29928020  3150020: 0x1dca774
[58:39:599] [debug] link finish: generic-obs
[58:39:599] [debug] [link and exec] target-util        0  36149 heap-use 29973593  3150020: 0x1dd5979
[58:39:599] [debug] link finish: target-util
[58:39:600] [debug] [link and exec] target-part        0  45157 heap-use 29994999  3150020: 0x1ddad17
[58:39:600] [debug] link finish: target-part
[58:39:600] [debug] [link and exec] collide-reaction-target 0  14177 heap-use 30030469  3150020: 0x1de37a5
[58:39:600] [debug] link finish: collide-reaction-target
[58:39:600] [debug] [link and exec] logic-target       0  56986 heap-use 30042482  3150020: 0x1de6692
[58:39:600] [debug] link finish: logic-target
[58:39:600] [debug] [link and exec] sidekick           0   7665 heap-use 30079943  3150020: 0x1def8e7
[58:39:600] [debug] link finish: sidekick
[58:39:600] [debug] [link and exec] voicebox           0   9342 heap-use 30084976  3150020: 0x1df0c90
[58:39:601] [debug] link finish: voicebox
[58:39:601] [debug] [link and exec] target-handler     0  22299 heap-use 30090448  3150020: 0x1df21f0
[58:39:601] [debug] link finish: target-handler
[58:39:601] [debug] [link and exec] target             0 138109 heap-use 30108658  3150020: 0x1df6912
[58:39:601] [debug] link finish: target
[58:39:601] [debug] [link and exec] target2            0 118100 heap-use 30221042  3150020: 0x1e12012
[58:39:601] [debug] link finish: target2
[58:39:602] [debug] [link and exec] target-death       0  52759 heap-use 30326352  3150020: 0x1e2bb70
[58:39:602] [debug] link finish: target-death
[58:39:602] [debug] [link and exec] menu               0  31338 heap-use 30367104  3150020: 0x1e35aa0
[58:39:602] [debug] link finish: menu
[58:39:602] [debug] [link and exec] drawable           0  41344 heap-use 30369020  3150020: 0x1e3621c
[58:39:602] [debug] link finish: drawable
[58:39:603] [debug] [link and exec] drawable-group     0   3052 heap-use 30389344  3150020: 0x1e3b180
[58:39:603] [debug] link finish: drawable-group
[58:39:604] [debug] [link and exec] drawable-inline-array 0    543 heap-use 30391239  3150020: 0x1e3b8e7
[58:39:604] [debug] link finish: drawable-inline-array
[58:39:604] [debug] [link and exec] drawable-tree      0   1733 heap-use 30391317  3150020: 0x1e3b935
[58:39:604] [debug] link finish: drawable-tree
[58:39:604] [debug] [link and exec] prototype          0   2904 heap-use 30392546  3150020: 0x1e3be02
[58:39:604] [debug] link finish: prototype
[58:39:605] [debug] [link and exec] main-collide       0   1365 heap-use 30394671  3150020: 0x1e3c64f
[58:39:605] [debug] link finish: main-collide
[58:39:605] [debug] [link and exec] video              0   3080 heap-use 30395724  3150020: 0x1e3ca6c
[58:39:605] [debug] link finish: video
PACE-SWAP-X86 n=75 dt_ms=40.239
[58:39:605] [debug] [link and exec] main               0  65801 heap-use 30397496  3150020: 0x1e3d158
[58:39:605] [debug] link finish: main
[58:39:605] [debug] [link and exec] collide-cache      0  34874 heap-use 30446996  3150020: 0x1e492b4
[58:39:605] [debug] link finish: collide-cache
[58:39:608] [debug] [link and exec] relocate           0   7312 heap-use 30474080  3150020: 0x1e4fc80
[58:39:608] [debug] link finish: relocate
[58:39:610] [debug] [link and exec] memory-usage       0  12426 heap-use 30478694  3150020: 0x1e50e86
[58:39:610] [debug] link finish: memory-usage
[58:39:610] [debug] [link and exec] entity             0  39691 heap-use 30478722  3150020: 0x1e50ea2
[58:39:610] [debug] link finish: entity
[58:39:612] [debug] [link and exec] path               0   7545 heap-use 30509058  3150020: 0x1e58522
[58:39:612] [debug] link finish: path
[58:39:613] [debug] [link and exec] vol                0   7142 heap-use 30514123  3150020: 0x1e598eb
[58:39:613] [debug] link finish: vol
[58:39:614] [debug] [link and exec] navigate           0  67212 heap-use 30519860  3150020: 0x1e5af54
[58:39:614] [debug] link finish: navigate
[58:39:616] [debug] [link and exec] aligner            0   3510 heap-use 30572528  3150020: 0x1e67d10
[58:39:616] [debug] link finish: aligner
[58:39:617] [debug] [link and exec] effect-control     0  23102 heap-use 30574820  3150020: 0x1e68604
[58:39:617] [debug] link finish: effect-control
[58:39:617] [debug] [link and exec] water              0  39100 heap-use 30594818  3150020: 0x1e6d422
[58:39:617] [debug] link finish: water
[58:39:618] [debug] [link and exec] collectables-part  0  48733 heap-use 30624528  3150020: 0x1e74830
[58:39:619] [debug] link finish: collectables-part
[58:39:619] [debug] [link and exec] collectables       0  84077 heap-use 30664370  3150020: 0x1e7e3d2
[58:39:619] [debug] link finish: collectables
[58:39:621] [debug] [link and exec] task-control       0  63059 heap-use 30724928  3150020: 0x1e8d060
[58:39:622] [debug] link finish: task-control
[58:39:623] [debug] [link and exec] process-taskable   0  35525 heap-use 30768789  3150020: 0x1e97bb5
[58:39:623] [debug] link finish: process-taskable
[58:39:625] [debug] [link and exec] pov-camera         0   9368 heap-use 30793672  3150020: 0x1e9dce8
[58:39:625] [debug] link finish: pov-camera
[58:39:626] [debug] [link and exec] powerups           0  18849 heap-use 30800055  3150020: 0x1e9f5d7
[58:39:626] [debug] link finish: powerups
[58:39:626] [debug] [link and exec] crates             0  67253 heap-use 30814804  3150020: 0x1ea2f74
[58:39:626] [debug] link finish: crates
[58:39:627] [debug] [link and exec] hud                0  14190 heap-use 30872944  3150020: 0x1eb1290
[58:39:627] [debug] link finish: hud
[58:39:628] [debug] [link and exec] hud-classes        0  53794 heap-use 30883610  3150020: 0x1eb3c3a
[58:39:628] [debug] link finish: hud-classes
[58:39:630] [debug] [link and exec] progress-static    0  15738 heap-use 30921968  3150020: 0x1ebd210
[58:39:630] [debug] link finish: progress-static
[58:39:630] [debug] [link and exec] progress-part      0  35850 heap-use 30934089  3150020: 0x1ec0169
[58:39:630] [debug] link finish: progress-part
[58:39:631] [debug] [link and exec] progress-draw      0  43132 heap-use 30962133  3150020: 0x1ec6ef5
[58:39:631] [debug] link finish: progress-draw
[58:39:632] [debug] [link and exec] progress           0  79154 heap-use 30997772  3150020: 0x1ecfa2c
[58:39:632] [debug] link finish: progress
[58:39:633] [debug] [link and exec] progress-pc        0 258698 heap-use 31074016  3150020: 0x1ee2400
[58:39:634] [debug] link finish: progress-pc
[58:39:634] [debug] [link and exec] mesh-browser-pc    0  73585 heap-use 31320313  3150020: 0x1f1e619
[58:39:634] [debug] link finish: mesh-browser-pc
[58:39:635] [debug] [link and exec] jak-hd             0 123239 heap-use 31450656  3150020: 0x1f3e340
[58:39:635] [debug] link finish: jak-hd
[58:39:636] [debug] [link and exec] jak-hd-physics     0 324597 heap-use 31674880  3150020: 0x1f74f20
[58:39:636] [debug] link finish: jak-hd-physics
[58:39:637] [debug] [link and exec] phys-room          0 160288 heap-use 33664960  3150020: 0x215ace0
[58:39:637] [debug] link finish: phys-room
[58:39:637] [debug] [link and exec] credits            0   4032 heap-use 33802064  3150020: 0x217c470
[58:39:637] [debug] link finish: credits
[58:39:637] [debug] [link and exec] projectiles        0  33471 heap-use 33804879  3150020: 0x217cf6f
[58:39:637] [debug] link finish: projectiles
[58:39:638] [debug] [link and exec] ocean              0  13276 heap-use 33829348  3150020: 0x2182f04
[58:39:638] [debug] link finish: ocean
[58:39:639] [debug] [link and exec] ocean-vu0          0    664 heap-use 33839312  3150020: 0x21855f0
[58:39:639] [debug] link finish: ocean-vu0
[58:39:639] [debug] [link and exec] ocean-texture      0   3563 heap-use 33839760  3150020: 0x21857b0
[58:39:639] [debug] link finish: ocean-texture
[58:39:639] [debug] [link and exec] ocean-mid          0  20737 heap-use 33842064  3150020: 0x21860b0
[58:39:639] [debug] link finish: ocean-mid
[58:39:639] [debug] [link and exec] ocean-transition   0  15783 heap-use 33858894  3150020: 0x218a26e
[58:39:639] [debug] link finish: ocean-transition
[58:39:639] [debug] [link and exec] ocean-near         0   8288 heap-use 33872095  3150020: 0x218d5ff
[58:39:639] [debug] link finish: ocean-near
[58:39:639] [debug] [link and exec] shadow             0   3697 heap-use 33878802  3150020: 0x218f032
[58:39:639] [debug] link finish: shadow
[58:39:639] [debug] [link and exec] eye                0  14290 heap-use 33881364  3150020: 0x218fa34
[58:39:639] [debug] link finish: eye
[58:39:639] [debug] [link and exec] glist-h            0   3260 heap-use 33893764  3150020: 0x2192aa4
[58:39:639] [debug] link finish: glist-h
[58:39:640] [debug] [link and exec] glist              0   4345 heap-use 33894146  3150020: 0x2192c22
[58:39:640] [debug] link finish: glist
[58:39:640] [debug] [link and exec] anim-tester        0  65570 heap-use 33894585  3150020: 0x2192dd9
[58:39:640] [debug] link finish: anim-tester
[58:39:640] [debug] [link and exec] viewer             0   7288 heap-use 33896419  3150020: 0x2193503
[58:39:640] [debug] link finish: viewer
[58:39:640] [debug] [link and exec] part-tester        0   3583 heap-use 33901529  3150020: 0x21948f9
[58:39:640] [debug] link finish: part-tester
[58:39:640] [debug] [link and exec] default-menu       0 256938 heap-use 33901763  3150020: 0x21949e3
[58:39:641] [debug] link finish: default-menu
[58:39:641] [debug] [link and exec] anim-tester-x      0  21499 heap-use 33904590  3150020: 0x21954ee
[58:39:641] [debug] link finish: anim-tester-x
[58:39:641] [debug] [link and exec] entity-debug       0  24231 heap-use 33905609  3150020: 0x21958e9
[58:39:641] [debug] link finish: entity-debug
[58:39:641] [debug] [link and exec] subtitle           0  40410 heap-use 33905644  3150020: 0x219590c
[58:39:641] [debug] link finish: subtitle
[58:39:642] [debug] [link and exec] default-menu-pc    0  85108 heap-use 34196345  3150020: 0x21dc899
[58:39:642] [debug] link finish: default-menu-pc
[58:39:642] [debug] [link and exec] dir-tpages         0  22608 heap-use 34198055  3150020: 0x21dcf47
[58:39:642] [debug] link finish: dir-tpages
[58:39:642] [debug] [link and exec] tpage-463          0 242720 heap-use 34217392  3150020: 0x21e1ad0
[58:39:642] [debug] link finish: tpage-463
[58:39:642] [debug] [link and exec] tpage-2            0 152752 heap-use 34230632  3150020: 0x21e4e88
[58:39:642] [debug] link finish: tpage-2
[58:39:642] [debug] [link and exec] tpage-880          0  16944 heap-use 34235820  3150020: 0x21e62cc
[58:39:642] [debug] link finish: tpage-880
[58:39:643] [debug] [link and exec] tpage-256          0  17168 heap-use 34236244  3150020: 0x21e6474
[58:39:643] [debug] link finish: tpage-256
[58:39:643] [debug] [link and exec] tpage-1278         0 181088 heap-use 34236912  3150020: 0x21e6710
[58:39:643] [debug] link finish: tpage-1278
[58:39:643] [debug] [link and exec] texture-upload     0    720 heap-use 34237648  3150020: 0x21e69f0
[58:39:643] [debug] link finish: texture-upload
[58:39:643] [debug] [link and exec] tpage-1032         0 263456 heap-use 34237768  3150020: 0x21e6a68
[58:39:643] [debug] link finish: tpage-1032
[58:39:643] [debug] [link and exec] tpage-62           0  34496 heap-use 34501124  3150020: 0x2226f24
[58:39:643] [debug] link finish: tpage-62
[58:39:644] [debug] [link and exec] tpage-1532         0  34224 heap-use 34502708  3150020: 0x2227554
[58:39:644] [debug] link finish: tpage-1532
[58:39:644] [debug] [link and exec] fuel-cell          0  21728 heap-use 34504072  3150020: 0x2227aa8
[58:39:644] [debug] link finish: fuel-cell
[58:39:644] [debug] [link and exec] money              0   6400 heap-use 34525366  3150020: 0x222cdd6
[58:39:644] [debug] link finish: money
[58:39:644] [debug] [link and exec] buzzer             0  12048 heap-use 34531376  3150020: 0x222e550
[58:39:644] [debug] link finish: buzzer
[58:39:644] [debug] [link and exec] ecovalve           0   5280 heap-use 34543024  3150020: 0x22312d0
[58:39:644] [debug] link finish: ecovalve
[58:39:644] [debug] [link and exec] crate              0  64416 heap-use 34547904  3150020: 0x22325e0
[58:39:644] [debug] link finish: crate
[58:39:644] [debug] [link and exec] speaker            0  23184 heap-use 34611344  3150020: 0x2241db0
[58:39:644] [debug] link finish: speaker
[58:39:644] [debug] [link and exec] fuelcell-naked     0   4736 heap-use 34634192  3150020: 0x22476f0
[58:39:644] [debug] link finish: fuelcell-naked
PACE-SWAP-X86 n=76 dt_ms=40.238
[58:39:646] [debug] [link and exec] eichar             0 1349024 heap-use 34638592  3150020: 0x2248820
[58:39:646] [debug] link finish: eichar
[58:39:647] [debug] [link and exec] sidekick           0 675936 heap-use 35957940  3150020: 0x238a9d4
[58:39:648] [debug] link finish: sidekick
[58:39:648] [debug] [link and exec] deathcam           0   1888 heap-use 36619560  3150020: 0x242c248
[58:39:648] [debug] link finish: deathcam
[58:39:648] [debug] [link and exec] game-cnt           0    224 heap-use 36621184  3150020: 0x242c8a0
[58:39:648] [debug] link finish: game-cnt
[58:39:648] [debug] [link and exec] rigid-body-h       0   3065 heap-use 36621328  3150020: 0x242c930
[58:39:648] [debug] link finish: rigid-body-h
[58:39:648] [debug] [link and exec] water-anim         0  23985 heap-use 36621584  3150020: 0x242ca30
[58:39:648] [debug] link finish: water-anim
[58:39:649] [debug] [link and exec] dark-eco-pool      0   8581 heap-use 36634928  3150020: 0x242fe50
[58:39:649] [debug] link finish: dark-eco-pool
[58:39:649] [debug] [link and exec] rigid-body         0  23313 heap-use 36641072  3150020: 0x2431650
[58:39:649] [debug] link finish: rigid-body
[58:39:651] [debug] [link and exec] nav-enemy-h        0   8546 heap-use 36654032  3150020: 0x24348f0
[58:39:651] [debug] link finish: nav-enemy-h
[58:39:652] [debug] [link and exec] nav-enemy          0  54490 heap-use 36654496  3150020: 0x2434ac0
[58:39:652] [debug] link finish: nav-enemy
[58:39:655] [debug] [link and exec] baseplat           0  13655 heap-use 36695357  3150020: 0x243ea5d
[58:39:655] [debug] link finish: baseplat
[58:39:656] [debug] [link and exec] basebutton         0  22781 heap-use 36704176  3150020: 0x2440cd0
[58:39:656] [debug] link finish: basebutton
[58:39:657] [debug] [link and exec] tippy              0   2406 heap-use 36718896  3150020: 0x2444650
[58:39:657] [debug] link finish: tippy
[58:39:657] [debug] [link and exec] joint-exploder     0  16874 heap-use 36719872  3150020: 0x2444a20
[58:39:657] [debug] link finish: joint-exploder
[58:39:658] [debug] [link and exec] babak              0  12734 heap-use 36729056  3150020: 0x2446e00
[58:39:658] [debug] link finish: babak
[58:39:659] [debug] [link and exec] sharkey            0  25402 heap-use 36737731  3150020: 0x2448fe3
[58:39:659] [debug] link finish: sharkey
[58:39:660] [debug] [link and exec] orb-cache          0  11901 heap-use 36754448  3150020: 0x244d130
[58:39:660] [debug] link finish: orb-cache
[58:39:661] [debug] [link and exec] plat               0   8089 heap-use 36761931  3150020: 0x244ee6b
[58:39:661] [debug] link finish: plat
[58:39:661] [debug] [link and exec] plat-button        0  14978 heap-use 36766848  3150020: 0x24501a0
[58:39:661] [debug] link finish: plat-button
[58:39:662] [debug] [link and exec] plat-eco           0  10475 heap-use 36776160  3150020: 0x2452600
[58:39:662] [debug] link finish: plat-eco
[58:39:663] [debug] [link and exec] ropebridge         0  19996 heap-use 36782384  3150020: 0x2453e50
[58:39:663] [debug] link finish: ropebridge
[58:39:664] [debug] [link and exec] ticky              0   1877 heap-use 36794352  3150020: 0x2456d10
[58:39:664] [debug] link finish: ticky
[58:39:664] [debug] [link and exec] hud-classes-pc     0  47454 heap-use 36795104  3150020: 0x2457000
[58:39:664] [debug] link finish: hud-classes-pc
[58:39:665] [debug] [link and exec] loading-screen-pc  0  14542 heap-use 36828608  3150020: 0x245f2e0
[58:39:665] [debug] link finish: loading-screen-pc
[58:39:665] [debug] [OVERLORD] FS_Close GAME    CGO @ 296/4800
[58:39:665] [debug] [link and exec] cutscene-skip-draw 1  31103 heap-use 36839673  3150020: 0x2461e19
[58:39:665] [debug] link finish: cutscene-skip-draw
BOOTREPLAY record mode=capture tag=goal-vu-R index=4 count=5
BOOTREPLAY record mode=capture tag=*knuth-rand-state* index=5 count=6
BOOTREPLAY record mode=capture tag=*random-generator* index=6 count=7
BOOTREPLAY record mode=capture tag=*display* index=7 count=8
BOOTREPLAY record mode=capture tag=native-pc-rng index=8 count=9
BOOTREPLAY record mode=capture tag=native-mips-rng index=9 count=10
BOOTREPLAY record mode=capture tag=native-mips-R index=10 count=11
BOOTREPLAY finish mode=capture tag=finish index=11 count=11 fingerprint=8cafacae708f4b5a
[58:39:666] [info] calling play
(play :use-vis 0 :init-game 0) has been called!
*kernel-boot-message*: play
-----------> begin load title-vis [tit.DGO]
Starting level load clock
[58:39:673] [debug] [OVERLORD] Queue 0 (1/4), LoadDGO
[58:39:673] [debug]   PRI 0 elt 0 LoadDGO @ #xC44720
[58:39:673] [debug] [OVERLORD] FS Open TIT     DGO
[58:39:677] [info] [Overlord DGO] Got DGO file header for TIT.DGO with 15 objects
[58:39:677] [debug] link finish: static-screen
[58:39:677] [debug] link finish: title-obs
[58:39:678] [debug] link finish: tpage-1609
[58:39:678] [debug] link finish: tpage-416
[58:39:678] [debug] link finish: tpage-415
[58:39:678] [debug] link finish: tpage-397
[58:39:678] [debug] link finish: tpage-1499
[58:39:679] [debug] link finish: logo
[58:39:679] [debug] link finish: logo-black
[58:39:679] [debug] link finish: logo-cam
[58:39:679] [debug] link finish: logo-volumes
[58:39:679] [debug] link finish: ndi
[58:39:679] [debug] link finish: ndi-cam
[58:39:679] [debug] link finish: ndi-volumes
[58:39:680] [debug] [OVERLORD] FS_Close TIT     DGO @ 320/696
Elapsed time for level =       0.0000s
NOTICE: loaded title-vis, 193216 bytes (188.6875 K) at top 1324224
[58:39:680] [debug] link finish: title-vis
BOOTLINE etape=affichage-demarre niveau=title
[58:39:680] [info] InitListenerConnect
[58:39:680] [info] InitCheckListener
kernel: machine started
Language set to 1
IOP language: FRE
[58:39:680] [warn] sceGsResetGraph: mode 0 inter 1 omode 2 fmode 1
REFSET case index=0 layer=historical name=origine/h00
PACE-SWAP-X86 n=77 dt_ms=40.220
PACE-SWAP-X86 n=78 dt_ms=40.869
PACE-SWAP-X86 n=79 dt_ms=40.251
PACE-SWAP-X86 n=80 dt_ms=40.272
PACE-SWAP-X86 n=81 dt_ms=40.228
PACE-SWAP-X86 n=82 dt_ms=40.240
PACE-SWAP-X86 n=83 dt_ms=40.238
PACE-SWAP-X86 n=84 dt_ms=40.210
PACE-SWAP-X86 n=85 dt_ms=40.240
PACE-SWAP-X86 n=86 dt_ms=40.283
PACE-SWAP-X86 n=87 dt_ms=40.251
PACE-SWAP-X86 n=88 dt_ms=40.225
PACE-SWAP-X86 n=89 dt_ms=40.241
PACE-SWAP-X86 n=90 dt_ms=40.218
PACE-SWAP-X86 n=91 dt_ms=40.264
PACE-SWAP-X86 n=92 dt_ms=40.342
PACE-SWAP-X86 n=93 dt_ms=40.231
PACE-SWAP-X86 n=94 dt_ms=40.196
REFSET provenance-init version=1 data=56f0364a8789c816 input=f97b073c2df76fb4 input_source=loaded-replay actor_rng_state=not-restored-by-sidecars
REFSET mode=replay dir=.autoport/refset steps=1 vues=1 res=320x180 settle=180/600
REFSET vue  0 id=legacy cont=village1-hut niveau=village1 heures=ff
A36-TXT-DIAG fmt="~D~S.TXT" dest=0x4c7294 fmtptr=0x219b1a4 arg2=0x1 arg3=0x219b244 arg4=0x21231816d4
A36-TXT-DIAG dispatch 'D'(0x44)
A36-TXT-DIAG caseD in=0x1 len=-1 pad=0x20 kitoa="1" regidx=0 &ct=0xbf64f0 ct=30 31 32 33
A36-TXT-DIAG dispatch 'S'(0x53)
A36-TXT-DIAG out="1subtit.TXT"
A36-STR-DIAG rpc name="1subtit.TXT" chunk=-1 ee_addr=0x219c7c0 maxlen=0x40000
[58:40:373] [info] FBO Setup: requested 640x480, msaa 1
[58:40:373] [debug] [OVERLORD] LoadISOFileToEE 1SUBTIT TXT, 262144/-1 bytes
[58:40:373] [debug] [OVERLORD] Queue 2 (1/4), LoadSingle
[58:40:373] [debug]   PRI 2 elt 0 LoadSingle @ #x7FDAF18DB850
[58:40:373] [debug] [OVERLORD] FS Open 1SUBTIT TXT
[58:40:374] [info] FBO Setup: not using second temporary buffer
[58:40:375] [debug] [OVERLORD] FS_Close 1SUBTIT TXT @ 24/120
A36-TXT-DIAG fmt="~D~S.TXT" dest=0x4c7294 fmtptr=0x219b224 arg2=0x1 arg3=0x219b244 arg4=0x21231816d4
A36-TXT-DIAG dispatch 'D'(0x44)
A36-TXT-DIAG caseD in=0x1 len=-1 pad=0x20 kitoa="1" regidx=0 &ct=0xbf64f0 ct=30 31 32 33
A36-TXT-DIAG dispatch 'S'(0x53)
A36-TXT-DIAG out="1subtit.TXT"
[58:40:375] [debug] link finish: 1subtit.TXT
Kernel dispatch time: 694.796 ms
[00000000] vec4s
	x: 0.0000
	y: 0.0000
	z: 0.0000
	w: 0.0000
(play :use-vis 0 :init-game 0) has been called!
LOADSCREEN-CONT arm continue=title-start niveau=title
GJCC-MODE mode=0 rayon=122880.0000 maxtris=460
A36-TXT-DIAG fmt="~D~S.TXT" dest=0x4c7294 fmtptr=0x1d6c8f4 arg2=0x1 arg3=0x1d6c984 arg4=0x21231816d4
A36-TXT-DIAG dispatch 'D'(0x44)
A36-TXT-DIAG caseD in=0x1 len=-1 pad=0x20 kitoa="1" regidx=0 &ct=0xbf64f0 ct=30 31 32 33
A36-TXT-DIAG dispatch 'S'(0x53)
A36-TXT-DIAG out="1common.TXT"
A36-STR-DIAG rpc name="1common.TXT" chunk=-1 ee_addr=0x1d6ce00 maxlen=0x10000
[58:40:375] [debug] [OVERLORD] LoadISOFileToEE 1COMMON TXT, 65536/-1 bytes
[58:40:375] [debug] [OVERLORD] Queue 2 (1/4), LoadSingle
[58:40:375] [debug]   PRI 2 elt 0 LoadSingle @ #x7FDAF18DB850
[58:40:375] [debug] [OVERLORD] FS Open 1COMMON TXT
[58:40:375] [debug] [OVERLORD] FS_Close 1COMMON TXT @ 1/72
A36-TXT-DIAG fmt="~D~S.TXT" dest=0x4c7294 fmtptr=0x1d6c964 arg2=0x1 arg3=0x1d6c984 arg4=0x21231816d4
A36-TXT-DIAG dispatch 'D'(0x44)
A36-TXT-DIAG caseD in=0x1 len=-1 pad=0x20 kitoa="1" regidx=0 &ct=0xbf64f0 ct=30 31 32 33
A36-TXT-DIAG dispatch 'S'(0x53)
A36-TXT-DIAG out="1common.TXT"
[58:40:375] [debug] link finish: 1common.TXT
A36-TXT-DIAG fmt="~D~S.TXT" dest=0x4c7294 fmtptr=0x1d6c8f4 arg2=0x0 arg3=0x1d6c994 arg4=0x21231816d4
A36-TXT-DIAG dispatch 'D'(0x44)
A36-TXT-DIAG caseD in=0x0 len=-1 pad=0x20 kitoa="0" regidx=0 &ct=0xbf64f0 ct=30 31 32 33
A36-TXT-DIAG dispatch 'S'(0x53)
A36-TXT-DIAG out="0common.TXT"
A36-STR-DIAG rpc name="0common.TXT" chunk=-1 ee_addr=0x149e080 maxlen=0x10000
[58:40:375] [debug] [OVERLORD] LoadISOFileToEE 0COMMON TXT, 65536/-1 bytes
[58:40:375] [debug] [OVERLORD] Queue 2 (1/4), LoadSingle
[58:40:375] [debug]   PRI 2 elt 0 LoadSingle @ #x7FDAF18DB850
[58:40:375] [debug] [OVERLORD] FS Open 0COMMON TXT
[58:40:375] [debug] [OVERLORD] FS_Close 0COMMON TXT @ 0/72
A36-TXT-DIAG fmt="~D~S.TXT" dest=0x4c7294 fmtptr=0x1d6c964 arg2=0x0 arg3=0x1d6c994 arg4=0x21231816d4
A36-TXT-DIAG dispatch 'D'(0x44)
A36-TXT-DIAG caseD in=0x0 len=-1 pad=0x20 kitoa="0" regidx=0 &ct=0xbf64f0 ct=30 31 32 33
A36-TXT-DIAG dispatch 'S'(0x53)
A36-TXT-DIAG out="0common.TXT"
[58:40:375] [debug] link finish: 0common.TXT
[58:40:376] [info] [npc-flicker/loader] keepalive=0 evincable_en_dessinant=0 evictions=0 eviction_avec_merc_vivant=0 refus_merc_vivant=0 pression=0 niveaux_max=0 passe2=0 vecteur_vide=0 cle_absente=0 age_max=0
CINEVP draw=640x480+280+30 src=640x480 srcasp=1.3333 drawasp=1.3333
CUTREFRAME-FOV fov=11650.8447 tan-half=0.6248
CUTREFRAME cut=1 asp=1.3333 h=0.6248 v=0.4686 frame-asp=1.3333
CUTREFRAME cut=0 asp=1.3333 h=0.6248 v=0.4686 frame-asp=1.3333
CUTREFRAME cut=1 asp=1.6000 h=0.7497 v=0.4686 frame-asp=1.6000
CUTREFRAME cut=0 asp=1.6000 h=0.7497 v=0.4686 frame-asp=1.5999
CUTREFRAME cut=1 asp=1.7777 h=0.8330 v=0.4686 frame-asp=1.7777
CUTREFRAME cut=0 asp=1.7777 h=0.8330 v=0.4686 frame-asp=1.7777
CUTREFRAME cut=1 asp=2.1666 h=1.0153 v=0.4686 frame-asp=2.1666
CUTREFRAME cut=0 asp=2.1666 h=1.0153 v=0.4686 frame-asp=2.1666
CUTREFRAME cut=1 asp=2.2222 h=1.0413 v=0.4686 frame-asp=2.2222
CUTREFRAME cut=0 asp=2.2222 h=1.0413 v=0.4686 frame-asp=2.2222
CUTREFRAME cut=1 asp=2.3333 h=1.0934 v=0.4686 frame-asp=2.3333
CUTREFRAME cut=0 asp=2.3333 h=1.0934 v=0.4686 frame-asp=2.3333
CUTREFRAME cut=1 asp=3.5555 h=1.6661 v=0.4686 frame-asp=3.5555
CUTREFRAME cut=0 asp=3.5555 h=1.6661 v=0.4686 frame-asp=3.5555
CUTREFRAME-BARS vis=0 asp=1.3333 bytes=0
CUTREFRAME-BARS vis=1 asp=1.3333 bytes=144
LOADSCREEN-SEUIL delay=150 hold=300 repere=300emes-de-seconde pause-ignoree=#t
LOADSCREEN-CTRL src=rien noir=0 held=#f shown=#f
LOADSCREEN-CTRL src=pov-camera noir=10 held=#f shown=#f
LOADSCREEN-CTRL src=basebutton noir=15 held=#f shown=#f
LOADSCREEN-CTRL src=load-gate attente=0 held=#t shown=#f
LOADSCREEN-CTRL src=load-gate attente=150 held=#t shown=#t
LOADSCREEN-LAG lag=15 ancienne-regle-rearme=#t episode-conserve=#t held=#t shown=#f
LOADSCREEN-LAG lag=180 ancienne-regle-rearme=#t episode-conserve=#t held=#t shown=#t
LOADSCREEN-LAG lag=450 ancienne-regle-rearme=#t episode-conserve=#f held=#t shown=#f
LOADSCREEN-CTRL src=release held=#f shown=#f
GLCR-MEM phase=debut episode=1 rss_mo=350.0
PACE-SWAP-X86 n=95 dt_ms=17.908
pad_replay: ANCHOR reached at logic frame 3 (replay); rng forced to 0x0ad12345
Load music village1
Displaying level title [display]
Swapping in tit VIS [dumping #f]
GAWIN win=1200x540 win-asp=2.2222 aspect-ratio=2.2222 scissor=1200x540 bars=0/0 auto=#t vis=#f lbox=#t
[58:40:389] [info] [mb-diag] relief push pct=150
[OVERLORD RAMDISK] loading file tit.VIS with size 16
[58:40:389] [info] HD-MODELS fr3-select title: STOCK (enhanced-toggle=true)
[58:40:389] [debug] [OVERLORD] LoadISOFileToIOP TIT     VIS, 16/-1 bytes
[58:40:389] [info] [hd-phys] toggle push: false lvl 1 -> true lvl 2
[58:40:389] [info] [hd-phys] PARAMSRC=package path=/home/emeric/code/jak-project/recharged_assets/physics_chains.txt
[58:40:389] [info] [hd-phys] section [eyescale] is not ours (skipped)
[58:40:390] [info] [asset-route] title.fr3 -> /home/emeric/code/jak-project/out/jak1/fr3/title.fr3 (base-pack) custom=no 0B/t0 base=yes 497030B/t1788572200

[58:40:391] [warn] Failed to find texture at 0, using random (direct: [ 3] sky-direct)
[58:40:392] [info] [eyescale] PARAMSRC=package on=1 gainup=1.000 blerc_gain=1.000 blerc_grow_cap=0.2629 blerc_close_cap=0.1978 blerc_orbit=1.000 blerc_orbit_r0=1.000 blerc_orbit_r1=2.000 slot_lines=8 path=/home/emeric/code/jak-project/recharged_assets/physics_chains.txt
[58:40:392] [debug] [OVERLORD] Queue 2 (1/4), LoadSingle
[58:40:392] [debug]   PRI 2 elt 0 LoadSingle @ #x7FDAF09DAD20
[58:40:392] [debug] [OVERLORD] FS Open TIT     VIS
[58:40:392] [info] [eyescale] anchor slot=0 rest_iris=0.89062 rest_pupil=0.43750 gainup=1.000 blerc_gain=1.000 blerc_grow_cap=0.2629 blerc_close_cap=0.1978 orbit=1.000 orbit_r0=1.000 orbit_r1=2.000
[58:40:392] [info] [eyescale] anchor slot=1 rest_iris=0.89062 rest_pupil=0.43750 gainup=1.000 blerc_gain=1.000 blerc_grow_cap=0.2629 blerc_close_cap=0.1978 orbit=1.000 orbit_r0=1.000 orbit_r1=2.000
[58:40:392] [info] [eyescale] anchor slot=2 rest_iris=0.37500 rest_pupil=0.00000 gainup=1.000 blerc_gain=1.000 blerc_grow_cap=0.2629 blerc_close_cap=0.1978 orbit=1.000 orbit_r0=1.000 orbit_r1=2.000
[58:40:392] [info] [eyescale] anchor slot=3 rest_iris=0.37500 rest_pupil=0.00000 gainup=1.000 blerc_gain=1.000 blerc_grow_cap=0.2629 blerc_close_cap=0.1978 orbit=1.000 orbit_r0=1.000 orbit_r1=2.000
[58:40:392] [info] [eyescale] anchor slot=4 rest_iris=1.00000 rest_pupil=1.00000 gainup=1.000 blerc_gain=1.000 blerc_grow_cap=0.2629 blerc_close_cap=0.1978 orbit=1.000 orbit_r0=1.000 orbit_r1=2.000
[58:40:392] [info] [eyescale] anchor slot=5 rest_iris=1.00000 rest_pupil=1.00000 gainup=1.000 blerc_gain=1.000 blerc_grow_cap=0.2629 blerc_close_cap=0.1978 orbit=1.000 orbit_r0=1.000 orbit_r1=2.000
[58:40:392] [info] [eyescale] anchor slot=6 rest_iris=1.09375 rest_pupil=0.50000 gainup=1.000 blerc_gain=1.000 blerc_grow_cap=0.2629 blerc_close_cap=0.1978 orbit=1.000 orbit_r0=1.000 orbit_r1=2.000
[58:40:392] [info] [eyescale] anchor slot=7 rest_iris=1.09375 rest_pupil=0.50000 gainup=1.000 blerc_gain=1.000 blerc_grow_cap=0.2629 blerc_close_cap=0.1978 orbit=1.000 orbit_r0=1.000 orbit_r1=2.000
[58:40:392] [info] [hd-phys] MESHSRC=package path=/home/emeric/code/jak-project/recharged_assets/physics_mesh.txt links-with-samples=4 dropped=0 apex-links=4 apex-dropped=0
[58:40:392] [info] [hd-phys] rigid-stage records (SPEC 11): rg=2
[58:40:392] [info] [hd-phys] BSURFSRC=package bsets=96 dropped=0
[58:40:392] [info] [hd-phys] params loaded: 1 models, 2 chains
[JAK-HD-TGT] st=target-continue
****** CALL TO loado(jak-hd-ag) ******
[SCE] sceOpen(/home/emeric/code/jak-project/out/jak1/obj/jak-hd-ag.go) failed.
dkernel: file read !open 'out/jak1/obj/jak-hd-ag.go' (-1)
[HD-COMP] asset missing (jak-hd art-group not loadable) — HD unavailable
GOT UNKNOWN INIT: dead
****** CALL TO loado(dax-hd-ag) ******
[SCE] sceOpen(/home/emeric/code/jak-project/out/jak1/obj/dax-hd-ag.go) failed.
dkernel: file read !open 'out/jak1/obj/dax-hd-ag.go' (-1)
[HD-COMP] asset missing (dax-hd art-group not loadable) — HD unavailable
GOT UNKNOWN INIT: dead
GAMEPLAY: enter title
LOADSCREEN-CONT open continue=title-start tours-retenus=1
GLCR-MEM phase=fin episode=1 rss_mo=353.9
LOADSCREEN-FRAME episode=1 masque=2 images=1 duree_ms=0.0 fps_moyen=0.00 ecart_max_ms=0.0 a_t_ms=0
LOADSCREEN-FRAME-S episode=1 s=0 images=1 fps=1 ecart_max_ms=0.0
LOADSCREEN-FRAME-FIN episode=1 derniere_seconde_images=1 ecart_max_ms=0.0
A51-FR3 lev=title compresse=0.5MB decompresse=3.3MB disque=0.00s zstd=0.00s
[58:40:395] [debug] [OVERLORD] FS_Close TIT     VIS @ 71/48
A55-RSS fr3-decomp rss=353Mo vsz=1704Mo R:gpu=0Mo tas=0Mo ee=61Mo dalvik=0Mo fichier=66Mo anon=226Mo vif=189Mo gros=4 116Mo/anon@2ca7000 61Mo/ee@2123080000 32Mo/anon@7fdaec000000 35Mo/anon@7fdafa03d000
A55-RSS fr3-serialize rss=357Mo vsz=1704Mo R:gpu=0Mo tas=0Mo ee=61Mo dalvik=0Mo fichier=66Mo anon=229Mo vif=193Mo gros=4 116Mo/anon@2ca7000 61Mo/ee@2123080000 32Mo/anon@7fdaec000000 35Mo/anon@7fdafa03d000
PACE-SWAP-X86 n=96 dt_ms=15.599
A60-MERCPACK lev=title COMPACTE sommets 22518 -> 22515 (1.4MB -> 1.4MB, gagne 0.0MB en RAM ET AUTANT dans le tampon GPU) cases(main=28315 mod=0 libre=0)
[58:40:405] [info] HD-MODELS merc-load lvl=title model=logo-english-lod0 tris=7927 draws=5 effects=3
[58:40:405] [info] HD-MODELS merc-load lvl=title model=logo-japan-lod0 tris=9215 draws=5 effects=3
[58:40:405] [info] HD-MODELS merc-load lvl=title model=logo-black-lod0 tris=119 draws=1 effects=1
[58:40:405] [info] HD-MODELS merc-load lvl=title model=logo-cam-lod0 tris=2 draws=1 effects=1
[58:40:405] [info] HD-MODELS merc-load lvl=title model=logo-volumes-english-lod0 tris=704 draws=1 effects=1
[58:40:405] [info] HD-MODELS merc-load lvl=title model=logo-volumes-japan-lod0 tris=652 draws=1 effects=1
[58:40:405] [info] HD-MODELS merc-load lvl=title model=ndi-lod0 tris=1076 draws=4 effects=1
[58:40:405] [info] HD-MODELS merc-load lvl=title model=ndi-cam-lod0 tris=2 draws=1 effects=1
[58:40:405] [info] HD-MODELS merc-load lvl=title model=ndi-volumes-lod0 tris=742 draws=1 effects=1
[58:40:405] [info] [gda-crease] tfrag tree verts=4 groups=0 multicluster(hardedge)=0 clusters=0 edge_welded_seam_verts=3 crease=60deg
[58:40:405] [info] [gda-facet] tfrag tree verts=4 single_face(perface)=0 ground_verts=0 ground_single_face=0 ground_perface_pct=0.0
[58:40:405] [info] [gda-crease] tfrag tree verts=4 groups=0 multicluster(hardedge)=0 clusters=0 edge_welded_seam_verts=3 crease=60deg
[58:40:405] [info] [gda-facet] tfrag tree verts=4 single_face(perface)=0 ground_verts=0 ground_single_face=0 ground_perface_pct=0.0
[58:40:405] [info] [gda-crease] tfrag tree verts=4 groups=0 multicluster(hardedge)=0 clusters=0 edge_welded_seam_verts=3 crease=60deg
[58:40:405] [info] [gda-facet] tfrag tree verts=4 single_face(perface)=0 ground_verts=0 ground_single_face=0 ground_perface_pct=0.0
------------> Load from file: 0.002s, import 0.006s, decomp 0.003s unpack 0.001s
A55-TANGENT lev=title expand=0.0ms verts=12
A55-RSS fr3-unpack rss=358Mo vsz=1704Mo R:gpu=0Mo tas=0Mo ee=61Mo dalvik=0Mo fichier=66Mo anon=230Mo vif=189Mo gros=4 116Mo/anon@2ca7000 61Mo/ee@2123080000 32Mo/anon@7fdaec000000 35Mo/anon@7fdafa03d000
Adding level village1
-----------> begin load village1-vis [vi1.DGO]
Starting level load clock
Setting level title display command to special
[58:40:424] [info] FBO Setup: requested 480x216, msaa 1
[58:40:424] [debug] [OVERLORD] Queue 0 (1/4), LoadDGO
[58:40:424] [debug]   PRI 0 elt 0 LoadDGO @ #xC44720
[58:40:424] [debug] [OVERLORD] FS Open VI1     DGO
[58:40:424] [info] FBO Setup: not using second temporary buffer
[58:40:424] [info] [Overlord DGO] Got DGO file header for VI1.DGO with 55 objects
CINEVP draw=1200x540+0+0 src=1200x540 srcasp=2.2222 drawasp=2.2222
PACE-SWAP-X86 n=97 dt_ms=23.045
GLCR-MEM phase=debut episode=2 rss_mo=358.9
PACE-SWAP-X86 n=98 dt_ms=16.789
GAMEPLAY: enter title
A54-VERTFREE lev=title sys=tie libere=0.0MB (sommets ; tangentes rendues aussi)
PACE-SWAP-X86 n=99 dt_ms=16.624
NOTE: coming out of blackout on next frame, doing all loads now...
A54-VERTFREE lev=title sys=tfrag libere=0.0MB (sommets ; tangentes rendues aussi)
GLCR-MEM phase=fin episode=2 rss_mo=358.9
LOADSCREEN-FRAME episode=2 masque=4 images=2 duree_ms=16.4 fps_moyen=60.81 ecart_max_ms=16.4 a_t_ms=16
LOADSCREEN-FRAME-S episode=2 s=0 images=2 fps=2 ecart_max_ms=16.4
LOADSCREEN-FRAME-FIN episode=2 derniere_seconde_images=2 ecart_max_ms=16.4
BOOTLINE etape=pretitre-want-levels
BOOTLINE etape=titre-attend-ndi-spool
A55-RSS merc-bufdata rss=358Mo vsz=1716Mo R:gpu=0Mo tas=0Mo ee=61Mo dalvik=0Mo fichier=66Mo anon=230Mo vif=189Mo gros=4 116Mo/anon@2ca7000 61Mo/ee@2123080000 32Mo/anon@7fdaec000000 35Mo/anon@7fdafa03d000
A55-RSS merc-uploade rss=358Mo vsz=1718Mo R:gpu=0Mo tas=0Mo ee=61Mo dalvik=0Mo fichier=66Mo anon=230Mo vif=189Mo gros=4 116Mo/anon@2ca7000 61Mo/ee@2123080000 32Mo/anon@7fdaec000000 35Mo/anon@7fdafa03d000
stage merc took 10.09 ms
Loader::update slow setup: 10.1ms
A50-LEVRAM lev=title moment=charge verts=0.0MB idx=0.0MB tan=0.0MB tex=1.8MB merc=1.5MB coll=0.0MB packed=0.0MB bvh=0.0MB tod=0.0MB draws=0.0MB hfrag=0.0MB total=3.3MB
A57-MERC lev=title moment=charge modeles=9 effets=13 effets_mod=0 sommets=1.4MB(n=22515) index=0.1MB modsommets=0.0MB blercf=0.0MB blerci=0.0MB lump=0.0MB fragmask=0.0MB draws=0.0MB total=1.5MB
A58-MERCFREE lev=title libere=1.4MB (sommets CPU ; index gardes)
A50-LEVRAM lev=title moment=apres-liberations verts=0.0MB idx=0.0MB tan=0.0MB tex=1.8MB merc=0.1MB coll=0.0MB packed=0.0MB bvh=0.0MB tod=0.0MB draws=0.0MB hfrag=0.0MB total=1.9MB
A57-MERC lev=title moment=apres-liberations modeles=9 effets=13 effets_mod=0 sommets=0.0MB(n=0) index=0.1MB modsommets=0.0MB blercf=0.0MB blerci=0.0MB lump=0.0MB fragmask=0.0MB draws=0.0MB total=0.1MB
LSWIN-COUT niveau=title uv_ms=0.0 liberation_ms=0.0 merc_ms=0.1 rapport_ms=0.0 total_ms=0.1
Blackout loads done. Current status:  title is loaded.
GLCR-MEM phase=debut episode=3 rss_mo=358.9
PACE-SWAP-X86 n=100 dt_ms=16.535
A36-STR-DIAG rpc name="ndi-intro" chunk=0 ee_addr=0x84000 maxlen=0x3fc00
[58:40:478] [debug] [OVERLORD] LoadISOFileToIOP NDINTRO STR, 512/-1 bytes
[JAK-HD-TGT] st=target-title
[58:40:478] [debug] [OVERLORD] Queue 2 (1/4), LoadSingle
[58:40:478] [debug]   PRI 0 elt 0 LoadDGO @ #xC44720
[58:40:478] [debug]   PRI 2 elt 0 LoadSingle @ #x7FDAF18DB850
[58:40:478] [debug] [OVERLORD] FS Open NDINTRO STR
[58:40:490] [debug] [OVERLORD] FS_Close NDINTRO STR @ 97/48
[58:40:490] [debug]   PRI 0 elt 0 LoadDGO @ #xC44720
[58:40:490] [debug] [OVERLORD] LoadISOFileChunkToEE NDINTRO STR : 116736 offset 1
[58:40:491] [debug] [OVERLORD] Queue 2 (1/4), LoadSingle
[58:40:491] [debug]   PRI 0 elt 0 LoadDGO @ #xC44720
[58:40:491] [debug]   PRI 2 elt 0 LoadSingle @ #x7FDAF18DB840
[58:40:491] [debug] [OVERLORD] FS Open NDINTRO STR
PACE-SWAP-X86 n=101 dt_ms=16.602
[58:40:494] [debug] link finish: villagep-obs
[58:40:495] [debug] [OVERLORD] FS_Close NDINTRO STR @ 97/97
[58:40:495] [debug]   PRI 0 elt 0 LoadDGO @ #xC44720
PACE-SWAP-X86 n=102 dt_ms=16.703
[58:40:511] [debug] link finish: ndi-intro
PACE-SWAP-X86 n=103 dt_ms=16.607
PACE-SWAP-X86 n=104 dt_ms=16.639
[58:40:545] [debug] [OVERLORD] Queue 3 (1/4), QueueVAG
[58:40:545] [debug]   PRI 0 elt 0 LoadDGO @ #xC44720
[58:40:545] [debug]   PRI 3 elt 0 QueueVAG @ #xC471A0
[58:40:545] [debug] [OVERLORD] FS_OpenWad VAGWAD  FRE
PACE-SWAP-X86 n=105 dt_ms=16.647
PACE-SWAP-X86 n=106 dt_ms=16.621
[58:40:578] [debug] link finish: oracle
PACE-SWAP-X86 n=107 dt_ms=16.641
PACE-SWAP-X86 n=108 dt_ms=16.655
PACE-SWAP-X86 n=109 dt_ms=16.601
[58:40:628] [info] [recharged-grass] R21OCC goal-publish #1 ncull=0 ntr=0 nmoving=0
PACE-SWAP-X86 n=110 dt_ms=16.638
PACE-SWAP-X86 n=111 dt_ms=16.670
[58:40:661] [debug] link finish: farmer
PACE-SWAP-X86 n=112 dt_ms=16.613
PACE-SWAP-X86 n=113 dt_ms=16.659
PACE-SWAP-X86 n=114 dt_ms=16.645
PACE-SWAP-X86 n=115 dt_ms=16.625
PACE-SWAP-X86 n=116 dt_ms=16.666
[58:40:744] [debug] link finish: explorer
PACE-SWAP-X86 n=117 dt_ms=16.640
PACE-SWAP-X86 n=118 dt_ms=16.610
GLCR-MEM phase=fin episode=3 rss_mo=359.0
LOADSCREEN-FRAME episode=3 masque=8 images=19 duree_ms=289.5 fps_moyen=62.18 ecart_max_ms=16.7 a_t_ms=156
LOADSCREEN-FRAME-S episode=3 s=0 images=19 fps=19 ecart_max_ms=16.7
LOADSCREEN-FRAME-FIN episode=3 derniere_seconde_images=19 ecart_max_ms=16.7
BOOTLINE etape=titre-spawn-logo
BOOTLINE etape=ndi-attend-spool
BOOTLINE etape=ndi-spool-pret
PACE-SWAP-X86 n=119 dt_ms=16.643
A36-STR-DIAG rpc name="ndi-intro" chunk=1 ee_addr=0xc1c00 maxlen=0x3fc00
[58:40:794] [debug] [OVERLORD] LoadISOFileChunkToEE NDINTRO STR : 118784 offset 58
[58:40:794] [debug] [OVERLORD] Queue 2 (1/4), LoadSingle
[58:40:795] [debug]   PRI 0 elt 0 LoadDGO @ #xC44720
[58:40:795] [debug]   PRI 2 elt 0 LoadSingle @ #x7FDAF18DB840
[58:40:795] [debug]   PRI 3 elt 0 QueueVAG @ #xC471A0
[58:40:795] [debug] [OVERLORD] FS Open NDINTRO STR
HDSKINMODEL model=ndi-lod0 load_id=0 max_bones=19 known=1 used=17 list=3,4,5,6,7,8,9,10,11,12,13,14,15,16,17,18,19,
HDSKINMODEL model=ndi-cam-lod0 load_id=0 max_bones=4 known=1 used=1 list=4,
HDSKINMODEL model=sidekick-lod0 load_id=18446744073709551615 max_bones=47 known=1 used=45 list=3,4,5,6,7,8,9,10,11,12,13,14,15,16,17,18,19,20,21,22,23,24,25,26,27,28,29,30,31,32,33,34,35,36,37,38,39,40,41,42,43,44,45,46,47,
[58:40:795] [info] [eyegap] geom model=sidekick-lod0 hd=0 eyes=2/3 flex=13/13 span=583.83 rad=358.81/358.81 bind_gap=404.19 ok=1
[58:40:795] [info] [eyeorb] geom verts=202 rim=64/64 r0=1.00 r1=2.00 bind_seam=0.000/0.000 ok=1 meas=1
[58:40:795] [info] [eyeorb] geom verts=13 rim=6/5 r0=1.00 r1=2.00 bind_seam=149.886/149.886 ok=1 meas=1
HDSKINMODEL model=ndi-volumes-lod0 load_id=0 max_bones=27 known=1 used=24 list=4,5,6,7,8,9,10,11,12,13,14,15,16,17,18,19,20,21,22,23,24,25,26,27,
[58:40:801] [debug] [OVERLORD] FS_Close NDINTRO STR @ 97/154
[58:40:801] [debug]   PRI 0 elt 0 LoadDGO @ #xC44720
[58:40:801] [debug]   PRI 3 elt 0 QueueVAG @ #xC471A0
PACE-SWAP-X86 n=120 dt_ms=17.854
[58:40:812] [debug] link finish: ndi-intro
PACE-SWAP-X86 n=121 dt_ms=15.528
[58:40:828] [debug] link finish: assistant
BLACKCENSUS via=blackout-time src=display dur=15 frames=27 tenue=22 contenu=0 mm=game lev0=title/active lev1=village1/loading courts=0 courts-tenus=0 total=27 nues=5
PACE-SWAP-X86 n=122 dt_ms=16.565
NOTE: coming out of blackout on next frame, doing all loads now...
Blackout loads done. Current status:  title is loaded.
PACE-SWAP-X86 n=123 dt_ms=16.683
PACE-SWAP-X86 n=124 dt_ms=16.604
[58:40:878] [info] [recharged-grass] R21OCC goal-publish #2 ncull=0 ntr=0 nmoving=0
PACE-SWAP-X86 n=125 dt_ms=16.576
PACE-SWAP-X86 n=126 dt_ms=16.671
[58:40:911] [debug] link finish: sage
PACE-SWAP-X86 n=127 dt_ms=16.585
PACE-SWAP-X86 n=128 dt_ms=16.615
PACE-SWAP-X86 n=129 dt_ms=16.702
PACE-SWAP-X86 n=130 dt_ms=16.556
PACE-SWAP-X86 n=131 dt_ms=16.681
[58:40:995] [debug] link finish: yakow
Setting force-inside?[village1] to #t
PACE-SWAP-X86 n=132 dt_ms=16.673
PACE-SWAP-X86 n=133 dt_ms=16.569
PACE-SWAP-X86 n=134 dt_ms=16.640
PACE-SWAP-X86 n=135 dt_ms=16.670
PACE-SWAP-X86 n=136 dt_ms=16.576
[58:41:078] [debug] link finish: village-obs
PACE-SWAP-X86 n=137 dt_ms=16.623
PACE-SWAP-X86 n=138 dt_ms=16.679
PACE-SWAP-X86 n=139 dt_ms=16.597
[58:41:128] [info] [recharged-grass] R21OCC goal-publish #3 ncull=0 ntr=0 nmoving=0
PACE-SWAP-X86 n=140 dt_ms=16.673
PACE-SWAP-X86 n=141 dt_ms=16.627
[58:41:161] [debug] link finish: fishermans-boat
PACE-SWAP-X86 n=142 dt_ms=16.673
PACE-SWAP-X86 n=143 dt_ms=16.564
PACE-SWAP-X86 n=144 dt_ms=16.639
PACE-SWAP-X86 n=145 dt_ms=16.570
PACE-SWAP-X86 n=146 dt_ms=16.631
[58:41:244] [debug] link finish: village1-part
PACE-SWAP-X86 n=147 dt_ms=16.691
PACE-SWAP-X86 n=148 dt_ms=16.582
PACE-SWAP-X86 n=149 dt_ms=16.672
PACE-SWAP-X86 n=150 dt_ms=16.639
PACE-SWAP-X86 n=151 dt_ms=16.607
[58:41:328] [debug] link finish: village1-part2
PACE-SWAP-X86 n=152 dt_ms=16.765
PACE-SWAP-X86 n=153 dt_ms=16.600
AUTOPORT-FRAMES n=60
FEATURE lighting-census armed=1 hits=152
anim_cen_blend=0
anim_cen_degen=0
anim_cen_done=0
anim_cen_hist_n=0
anim_cen_ident=177
anim_cen_moved=0
anim_cen_movemax_q=0
anim_cen_oob=0
anim_cen_other=0
anim_cen_other_chan=0
anim_cen_other_p0z=0
anim_cen_other_unk=0
anim_cen_seekend=0
anim_cen_static=0
anim_cen_total=177
anim_cen_zero=0
anim_cpp_ksum_x1000=60000
anim_djm_noroot=416
anim_djm_rotv=0
anim_djm_shift=0
anim_djm_total=416
anim_goal_ksum_x1000=60000
anim_pace_catchup_clamps=0
anim_pace_ceiling_clamps=0
anim_pace_grid_snaps=55
anim_pace_k_max=3
anim_pace_rebase_max_x1000=20
anim_pace_rebase_n=36
anim_pace_rebase_sum_x1000=712
anim_pace_skip_frames=1
anim_probe_branch=0
anim_probe_jump_max_x1000=0
anim_probe_jump_steps=0
anim_probe_n=0
anim_probe_raw_frame_q=0
anim_probe_raw_id=0
anim_probe_raw_p0_q=0
anim_probe_raw_q=0
anim_probe_raw_rate_q=0
anim_probe_rawstep_mean_x1000=0
anim_probe_rawstep_n=0
anim_probe_rej_clamped=0
anim_probe_rej_frozen=0
anim_probe_rej_id=0
anim_probe_rej_rate=0
anim_probe_rej_step=0
anim_probe_rejected=0
anim_probe_samples=0
anim_probe_steps_60=0
anim_render_armed=1
anim_render_frames=60
anim_render_frames_retimed=0
anim_render_step_err_max_us=999999
anim_render_step_err_pushed_us=450
anim_render_steps_judged=17
anim_step_bitexact_30=999999
anim_step_bitexact_60=999999
anim_step_disp_60_x100=5970
anim_step_ee_jitter_worst_us=2849
anim_step_eejit_60_us=2849
anim_step_fps_60_x100=5970
anim_step_frames_60=59
anim_step_jitter_60_us=999999
anim_step_jitter_worst_fps=0
anim_step_jitter_worst_us=999999
anim_step_localus_60=999999
anim_step_model_jitter_60_us=999999
anim_step_model_jitter_worst_us=0
anim_step_nonident_30=999999
anim_step_nonident_60=999999
anim_step_nonidentgrid_30=999999
anim_step_nonidentgrid_60=999999
anim_step_offgrid_f60=5
anim_step_ongrid_30=999999
anim_step_ongrid_60=999999
anim_step_ongrid_f60=54
anim_step_present_jitter_worst_us=0
anim_step_rawjit_worst_us=999999
anim_step_rephase_f60=36
anim_step_steps_60=17
anim_step_straddle_dropped=0
anim_step_sweep_segments=0
anim_sweep_bitexact_fail=2
anim_sweep_defects=8
anim_sweep_eq_disp_x100=0
anim_sweep_jitter_over=0
anim_sweep_missing_rates=6
anim_sweep_rate_miss=0
anim_sweep_wanted=6
gpu_ms_frames=57
gpu_timer_supported=1
hd_fr3_stock=2
hdr_aux_clamped_reads=0
hdr_aux_guards=0
hdr_cfg_bad_first_cfg=0
hdr_cfg_bad_first_draw=0
hdr_cfg_bad_first_fmt8=0
hdr_cfg_bad_first_frame=0
hdr_cfg_bad_first_shader=0
hdr_cfg_bad_first_sites=0
hdr_cfg_bad_origine_lumiere=0
hdr_cfg_bad_origine_total=0
hdr_cfg_bad_recharged=0
hdr_cfg_frames_origine_lumiere=0
hdr_cfg_frames_origine_total=60
hdr_cfg_frames_recharged=0
hdr_chain_frames=0
hdr_curve_kink_max_x1000=10
hdr_curve_mode=0
hdr_curve_monotone_bad=0
hdr_curve_samples=8000
hdr_curve_unbounded_bad=0
hdr_defect_1_saturation=1
hdr_defect_2_hl_contrast=1
hdr_defect_3_curve=0
hdr_defect_4_origine_lumiere_set=1
hdr_defect_5_sites_three_configs=1
hdr_display_guards=2
hdr_fallback_used=0
hdr_frames=60
hdr_knee_x1000=900
hdr_lighting_on=0
hdr_master_on=0
hdr_oetf_occurrences=70
hdr_oetf_progs=5
hdr_overbright_px=0
hdr_probe_frames=0
hdr_probe_max_x1000=0
hdr_probe_px=0
hdr_probe_state=1
hdr_progs_scanned=53
hdr_tonemap_defects=4
hotreload_frame_bound_hits=0
hotreload_partial_frames=0
hotreload_passes=0
hotreload_pixels_changed=0
hotreload_regime=0
hotreload_reuploaded=0
hotreload_rt_bound_hits=0
lc_orig_A=0
lc_orig_B=0
lc_orig_C=0
lc_orig_D=0
lc_orig_E=0
lc_orig_light_A=0
lc_orig_light_B=0
lc_orig_light_C=0
lc_orig_light_D=0
lc_orig_light_E=0
lc_orig_light_un=0
lc_orig_un=0
lc_rech_A=0
lc_rech_B=0
lc_rech_C=0
lc_rech_D=0
lc_rech_E=0
lc_rech_un=0
ldr_ref_delta=0
light_census_A=0
light_census_B=0
light_census_C=0
light_census_D=0
light_census_E=0
light_census_classified=0
light_census_frames=60
light_census_rb_bad_0=0
light_census_rb_bad_1=0
light_census_rb_bad_2=0
light_census_rb_bad_3=0
light_census_rb_checks=0
light_census_rb_mismatch=0
light_census_rb_noloc=0
light_census_residual=0
light_census_total=0
light_census_un_depth=0
light_census_un_hfrag=0
light_census_un_stock=0
light_census_unaccounted=0
npc_evict_pass2=0
npc_evict_pressure_frames=0
npc_evict_refused_live_merc=0
npc_evict_straggler=0
npc_evict_with_live_merc=0
npc_evictable_while_drawing=0
npc_level_age_max=20
npc_level_evictions=0
npc_loaded_levels_max=1
npc_merc_keepalive_frames=33
npc_merc_key_missing=0
npc_merc_vec_empty=0
origin_bitexact_defects=1
origin_font_master_bypass=8
origin_mipmap_suppressed=0
origin_shrub_native_suppressed=0
refset_bootstrap_records=11
shade_draws_no_model=0
shade_frames=60
shade_gate_reads_outside=5
shade_hits=0
shade_hosts=5
shade_hosts_missing=0
shade_model_lines=2496
shade_prog_track_checks=60
shade_prog_track_mismatch=0
shade_programs_seen=53
shade_variants=1
shade_world_frag_lines=13347
tick_alpha_unified=1
tick_armed=0
tick_catchup_clamps=0
tick_ceiling_clamps=0
tick_conserve_err_pct_x100=0
tick_conserve_frames=0
tick_frames=0
tick_lock_armed=1
tick_lock_err_pct_x100=0
tick_lock_events=0
tick_lock_strict=1
tick_lock_transients=0
tick_locked_pct=0
tick_pose_err_pct_x100=999999
tick_pose_frames=0
tick_pose_frames_retimed=0
tick_pose_steps_judged=0
tick_rate_dev_pct_x100=999999
tick_rate_windows=0
tick_ticks=0
tick_time_dropped_ms=0
tick_time_fabricated_us=0
tick_unlock_events=0
tick_worst_dev_pct_x100=999999
tonemap_draws=0
tonemap_sites=1
tonemap_sites_config=1
tonemap_sites_cumulative=0
tonemap_sites_explicit=0
tonemap_sites_implicit=0
tonemap_sites_shader=0
uncap_armed=1
uncap_busy_hz_x100=0
uncap_cap_fps_x100=6000
uncap_cap_setting_x100=6000
uncap_ceiling_busy_ms_x100=0
uncap_ceiling_busy_samples=0
uncap_ceiling_cap_fps_x100=0
uncap_ceiling_config_stable=0
uncap_ceiling_frames=0
uncap_ceiling_hz=0
uncap_ceiling_hz_x100=0
uncap_ceiling_panel_hz=0
uncap_ceiling_swap_interval_applied=999
uncap_ceiling_swap_interval_wanted=999
uncap_ceiling_window=0
uncap_choice_fps=60
uncap_choice_index=2
uncap_choice_unlimited=0
uncap_choices_expected=8
uncap_choices_n=8
uncap_defects=7
uncap_disp_fps_max_x100=0
uncap_dynscale_target_max=60
uncap_frames=59
uncap_over_windows=0
uncap_panel_hz=60
uncap_pose_err=999999
uncap_pose_tol=833
uncap_present_mismatch_frames=0
uncap_presents=0
uncap_regime_entered=0
uncap_scene_dev_pct_x100=999999
uncap_scene_last_units_per_s_x100=0
uncap_scene_units_per_s_x100=0
uncap_scene_vblanks=61
uncap_scene_window_dev_pct_x100=999999
uncap_scene_windows=0
uncap_swap_interval_applied=0
uncap_swap_interval_wanted=0
uncap_target_fps_x100=6000
uncap_tick_rate_dev_pct_x100=999999
uncap_time_dropped_ms=0
uncap_v_cap=1
uncap_v_ceiling=1
uncap_v_choices=0
uncap_v_dynscale=0
uncap_v_pose=1
uncap_v_present=1
uncap_v_scene=1
uncap_v_tick_rate=1
uncap_v_windows=1
uncap_windows=0
anim_sweep_host_60=x86-native
anim_sweep_mode=x86-native
gpu_ms_buckets=0.9863
gpu_ms_etie=0.0000
gpu_ms_generic=0.0096
gpu_ms_hfrag=0.0000
gpu_ms_merc=0.1012
gpu_ms_ocean=0.0019
gpu_ms_other=0.3413
gpu_ms_shrub=0.0019
gpu_ms_sprite=0.4536
gpu_ms_tfrag=0.0075
gpu_ms_tie=0.0019
hdr_aux_clamped_sites=aucun
hdr_build_flavour=normal
hdr_format=RGBA8
refset_bootstrap_boundary=before-play-actors-not-restored
refset_bootstrap_fingerprint=8cafacae708f4b5a
tick_drift_ms=0.0
uncap_ceiling_cause=non-mesure-aucune-fenetre
uncap_clock=render_pace
PACE-SWAP-X86 n=154 dt_ms=16.626
[58:41:378] [info] [recharged-grass] R21OCC goal-publish #4 ncull=0 ntr=0 nmoving=0
PACE-SWAP-X86 n=155 dt_ms=16.652
PACE-SWAP-X86 n=156 dt_ms=16.557
[58:41:411] [debug] link finish: sequence-a-village1
PACE-SWAP-X86 n=157 dt_ms=16.588
PACE-SWAP-X86 n=158 dt_ms=16.625
PACE-SWAP-X86 n=159 dt_ms=16.686
PACE-SWAP-X86 n=160 dt_ms=16.556
[58:41:478] [debug] link finish: tpage-398
PACE-SWAP-X86 n=161 dt_ms=16.619
[58:41:495] [debug] link finish: tpage-400
PACE-SWAP-X86 n=162 dt_ms=16.687
[58:41:511] [debug] link finish: tpage-399
PACE-SWAP-X86 n=163 dt_ms=16.567
[58:41:528] [debug] link finish: tpage-401
[58:41:528] [info] AOPERF mode=0 quality=1 strength=1 fps=60.0 busy_ms=0.67
PACE-SWAP-X86 n=164 dt_ms=16.664
[58:41:545] [debug] link finish: tpage-1470
PACE-SWAP-X86 n=165 dt_ms=16.633
[58:41:561] [debug] link finish: assistant
PACE-SWAP-X86 n=166 dt_ms=16.627
[58:41:578] [debug] link finish: evilplant
PACE-SWAP-X86 n=167 dt_ms=16.601
[58:41:595] [debug] link finish: explorer
PACE-SWAP-X86 n=168 dt_ms=16.660
[58:41:611] [debug] link finish: farmer
PACE-SWAP-X86 n=169 dt_ms=16.573
[58:41:628] [debug] link finish: fishermans-boat
[58:41:628] [info] [recharged-grass] R21OCC goal-publish #5 ncull=0 ntr=0 nmoving=0
PACE-SWAP-X86 n=170 dt_ms=16.644
[58:41:645] [debug] link finish: hutlamp
PACE-SWAP-X86 n=171 dt_ms=16.704
[58:41:661] [debug] link finish: mayorgears
PACE-SWAP-X86 n=172 dt_ms=16.596
[58:41:678] [debug] link finish: medres-beach
PACE-SWAP-X86 n=173 dt_ms=16.593
[58:41:695] [debug] link finish: medres-beach1
PACE-SWAP-X86 n=174 dt_ms=16.723
[58:41:711] [debug] link finish: medres-beach2
[58:41:712] [info] [eyescale] slot=2 kind=iris draws=56 covered=0 changed=0 raw_min=0.3750 raw_max=0.3750 cov_raw_min=1000000000.0000 cov_raw_max=-1000000000.0000 cov_out_min=1000000000.0000 cov_out_max=-1000000000.0000 rest=0.37500 restshare=1.000 anchor=0.37500
[58:41:712] [info] [eyescale] slot=2 kind=pupil draws=56 covered=0 changed=0 raw_min=0.0000 raw_max=0.0000 cov_raw_min=1000000000.0000 cov_raw_max=-1000000000.0000 cov_out_min=1000000000.0000 cov_out_max=-1000000000.0000 rest=0.00000 restshare=1.000 anchor=0.00000
[58:41:712] [info] [eyescale] slot=3 kind=iris draws=56 covered=0 changed=0 raw_min=0.3750 raw_max=0.3750 cov_raw_min=1000000000.0000 cov_raw_max=-1000000000.0000 cov_out_min=1000000000.0000 cov_out_max=-1000000000.0000 rest=0.37500 restshare=1.000 anchor=0.37500
[58:41:712] [info] [eyescale] slot=3 kind=pupil draws=56 covered=0 changed=0 raw_min=0.0000 raw_max=0.0000 cov_raw_min=1000000000.0000 cov_raw_max=-1000000000.0000 cov_out_min=1000000000.0000 cov_out_max=-1000000000.0000 rest=0.00000 restshare=1.000 anchor=0.00000
PACE-SWAP-X86 n=175 dt_ms=16.565
[58:41:728] [debug] link finish: medres-beach3
PACE-SWAP-X86 n=176 dt_ms=16.640
[58:41:744] [debug] link finish: medres-jungle
PACE-SWAP-X86 n=177 dt_ms=16.677
[58:41:761] [debug] link finish: medres-jungle1
PACE-SWAP-X86 n=178 dt_ms=16.583
[58:41:778] [debug] link finish: medres-jungle2
PACE-SWAP-X86 n=179 dt_ms=16.669
[58:41:795] [debug] link finish: medres-misty
PACE-SWAP-X86 n=180 dt_ms=16.635
[58:41:811] [debug] link finish: medres-training
PACE-SWAP-X86 n=181 dt_ms=16.584
[58:41:828] [debug] link finish: medres-village11
PACE-SWAP-X86 n=182 dt_ms=16.609
[58:41:844] [debug] link finish: medres-village12
PACE-SWAP-X86 n=183 dt_ms=16.677
[58:41:861] [debug] link finish: medres-village13
PACE-SWAP-X86 n=184 dt_ms=16.598
[58:41:878] [debug] link finish: oracle
PACE-SWAP-X86 n=185 dt_ms=16.642
[58:41:895] [debug] link finish: orb-cache-top
PACE-SWAP-X86 n=186 dt_ms=16.647
[58:41:911] [debug] link finish: reflector-middle
PACE-SWAP-X86 n=187 dt_ms=16.607
[58:41:928] [debug] link finish: revcycle
PACE-SWAP-X86 n=188 dt_ms=16.662
[58:41:945] [debug] link finish: revcycleprop
PACE-SWAP-X86 n=189 dt_ms=16.629
[58:41:961] [debug] link finish: ropebridge-32
PACE-SWAP-X86 n=190 dt_ms=16.584
[58:41:978] [debug] link finish: sage
PACE-SWAP-X86 n=191 dt_ms=16.641
[58:41:994] [debug] link finish: sagesail
PACE-SWAP-X86 n=192 dt_ms=16.703
[58:42:011] [debug] link finish: sharkey
PACE-SWAP-X86 n=193 dt_ms=16.581
[58:42:028] [debug] link finish: villa-starfish
PACE-SWAP-X86 n=194 dt_ms=16.656
[58:42:045] [debug] link finish: village-cam
PACE-SWAP-X86 n=195 dt_ms=16.698
[58:42:061] [debug] link finish: village1cam
PACE-SWAP-X86 n=196 dt_ms=16.633
[58:42:078] [debug] link finish: warp-gate-switch
PACE-SWAP-X86 n=197 dt_ms=16.584
[58:42:094] [debug] link finish: warpgate
PACE-SWAP-X86 n=198 dt_ms=16.693
[58:42:111] [debug] link finish: water-anim-village1
PACE-SWAP-X86 n=199 dt_ms=16.652
[58:42:128] [debug] link finish: windmill-sail
PACE-SWAP-X86 n=200 dt_ms=16.585
[58:42:145] [debug] link finish: windspinner
PACE-SWAP-X86 n=201 dt_ms=16.701
[58:42:161] [debug] link finish: yakow
PACE-SWAP-X86 n=202 dt_ms=16.654
[58:42:185] [debug] [OVERLORD] FS_Close VI1     DGO @ 299/5616
[58:42:185] [debug]   PRI 3 elt 0 QueueVAG @ #xC471A0
PACE-SWAP-X86 n=203 dt_ms=16.580
Elapsed time for level =       1.7833s
NOTICE: loaded village1-vis, 7479408 bytes (7304.1093 K) at top 10712176
[58:42:195] [debug] link finish: village1-vis
PACE-SWAP-X86 n=204 dt_ms=16.689
PACE-SWAP-X86 n=205 dt_ms=16.544
[58:42:228] [info] HD-MODELS fr3-select village1: STOCK (enhanced-toggle=true)
[58:42:229] [info] [asset-route] village1.fr3 -> /home/emeric/code/jak-project/out/jak1/fr3/village1.fr3 (base-pack) custom=no 0B/t0 base=yes 13912721B/t1788572191

PACE-SWAP-X86 n=206 dt_ms=16.668
PACE-SWAP-X86 n=207 dt_ms=16.703
PACE-SWAP-X86 n=208 dt_ms=16.585
A51-FR3 lev=village1 compresse=13.3MB decompresse=38.3MB disque=0.01s zstd=0.05s
A55-RSS fr3-decomp rss=409Mo vsz=1759Mo R:gpu=0Mo tas=0Mo ee=61Mo dalvik=0Mo fichier=66Mo anon=281Mo vif=201Mo gros=5 116Mo/anon@2ca7000 61Mo/ee@2123080000 38Mo/anon@7fdac59bd000 32Mo/anon@7fdaec000000 35Mo/anon@7fdafa03d000
PACE-SWAP-X86 n=209 dt_ms=16.707
A55-RSS fr3-serialize rss=443Mo vsz=1759Mo R:gpu=0Mo tas=0Mo ee=61Mo dalvik=0Mo fichier=66Mo anon=314Mo vif=240Mo gros=6 116Mo/anon@2ca7000 61Mo/ee@2123080000 38Mo/anon@7fdac59bd000 53Mo/anon@7fdacc000000 32Mo/anon@7fdaec000000 35Mo/anon@7fdafa03d000
A60-MERCPACK lev=village1 COMPACTE sommets 50764 -> 50752 (3.1MB -> 3.1MB, gagne 0.0MB en RAM ET AUTANT dans le tampon GPU) cases(main=90968 mod=11079 libre=0)
[58:42:311] [info] HD-MODELS merc-load lvl=village1 model=assistant-lod0 tris=5236 draws=21 effects=4
[58:42:311] [info] HD-MODELS merc-tex lvl=village1 model=assistant-lod0 textures=[assis-belly,assis-beltandstraps,assis-belttabs,assis-brownstrapas,assis-choker,assis-flesh4x4,assis-glasses,assis-glove,assis-hair,assis-lens,assis-pants,assis-shirt4x4,assis-shirttrim4x4,assis-shirtwrinkle,assis-torch-guard-01,assis-torch-nozzle-01,assis-whitecloth4x4,assis-wraps,farmer-teeth,programmer_eye_left,programmer_eye_right]
[58:42:311] [info] HD-MODELS merc-load lvl=village1 model=evilplant-lod0 tris=168 draws=5 effects=1
[58:42:311] [info] HD-MODELS merc-load lvl=village1 model=explorer-lod0 tris=2990 draws=17 effects=3
[58:42:311] [info] HD-MODELS merc-load lvl=village1 model=farmer-lod0 tris=3540 draws=19 effects=1
PACE-SWAP-X86 n=210 dt_ms=16.681
[58:42:311] [info] HD-MODELS merc-load lvl=village1 model=farmer-lod1 tris=719 draws=17 effects=1
[58:42:311] [info] HD-MODELS merc-load lvl=village1 model=fishermans-boat-lod0 tris=1918 draws=17 effects=3
[58:42:311] [info] HD-MODELS merc-load lvl=village1 model=fishermans-boat-lod1 tris=541 draws=16 effects=1
[58:42:311] [info] HD-MODELS merc-load lvl=village1 model=hutlamp-lod0 tris=128 draws=3 effects=1
[58:42:311] [info] HD-MODELS merc-load lvl=village1 model=mayorgears-geo tris=120 draws=4 effects=1
[58:42:311] [info] HD-MODELS merc-load lvl=village1 model=medres-beach-lod0 tris=688 draws=9 effects=1
[58:42:311] [info] HD-MODELS merc-load lvl=village1 model=medres-beach1-lod0 tris=941 draws=6 effects=1
[58:42:311] [info] HD-MODELS merc-load lvl=village1 model=medres-beach2-lod0 tris=956 draws=7 effects=1
[58:42:311] [info] HD-MODELS merc-load lvl=village1 model=medres-beach3-lod0 tris=1004 draws=5 effects=1
[58:42:311] [info] HD-MODELS merc-load lvl=village1 model=medres-jungle-lod0 tris=90 draws=4 effects=1
[58:42:311] [info] HD-MODELS merc-load lvl=village1 model=medres-jungle1-lod0 tris=1157 draws=10 effects=1
[58:42:311] [info] HD-MODELS merc-load lvl=village1 model=medres-jungle2-lod0 tris=278 draws=2 effects=1
[58:42:311] [info] HD-MODELS merc-load lvl=village1 model=medres-misty-lod0 tris=2768 draws=6 effects=1
[58:42:311] [info] HD-MODELS merc-load lvl=village1 model=medres-training-lod0 tris=812 draws=4 effects=1
[58:42:311] [info] HD-MODELS merc-load lvl=village1 model=medres-village11-lod0 tris=550 draws=9 effects=1
[58:42:311] [info] HD-MODELS merc-load lvl=village1 model=medres-village12-lod0 tris=504 draws=8 effects=1
[58:42:311] [info] HD-MODELS merc-load lvl=village1 model=medres-village13-lod0 tris=1200 draws=4 effects=1
[58:42:311] [info] HD-MODELS merc-load lvl=village1 model=oracle-lod0 tris=2 draws=1 effects=1
[58:42:311] [info] HD-MODELS merc-load lvl=village1 model=orb-cache-top-lod0 tris=238 draws=5 effects=2
[58:42:311] [info] HD-MODELS merc-load lvl=village1 model=orb-cache-top-lod1 tris=102 draws=4 effects=2
[58:42:311] [info] HD-MODELS merc-load lvl=village1 model=reflector-middle-geo tris=292 draws=6 effects=2
[58:42:311] [info] HD-MODELS merc-load lvl=village1 model=revcycle-geo tris=1103 draws=16 effects=2
[58:42:311] [info] HD-MODELS merc-load lvl=village1 model=revcycleprop-lod0 tris=298 draws=4 effects=2
[58:42:311] [info] HD-MODELS merc-load lvl=village1 model=ropebridge-32-lod0 tris=500 draws=2 effects=1
[58:42:311] [info] HD-MODELS merc-load lvl=village1 model=ropebridge-32-lod1 tris=64 draws=1 effects=1
[58:42:311] [info] HD-MODELS merc-load lvl=village1 model=sage-lod0 tris=5163 draws=27 effects=4
[58:42:311] [info] HD-MODELS merc-tex lvl=village1 model=sage-lod0 textures=[1bluering,2redrings,beardandsideburns,bird-body,bird-foot,bird-head,bird-headpiece,bird-tail,bird-wings,e-white,eyebrows,farmer-teeth,fingers,hair,leather,lensconnector,logend,mentorbark,mentordiapers,mentorleatherstitches,mentorstaff,mentorstitches,programmer_eye_left,programmer_eye_right,skinhair,staffrings]
[58:42:311] [info] HD-MODELS merc-load lvl=village1 model=sagesail-lod0 tris=144 draws=5 effects=1
[58:42:311] [info] HD-MODELS merc-load lvl=village1 model=sagesail-lod1 tris=92 draws=5 effects=1
[58:42:311] [info] HD-MODELS merc-load lvl=village1 model=sagesail-lod2 tris=54 draws=5 effects=1
[58:42:311] [info] HD-MODELS merc-load lvl=village1 model=sharkey-lod0 tris=1854 draws=11 effects=1
[58:42:311] [info] HD-MODELS merc-load lvl=village1 model=villa-starfish-lod0 tris=30 draws=2 effects=1
[58:42:311] [info] HD-MODELS merc-load lvl=village1 model=village-cam-lod0 tris=2 draws=1 effects=1
[58:42:311] [info] HD-MODELS merc-load lvl=village1 model=village1cam-lod0 tris=2 draws=1 effects=1
[58:42:311] [info] HD-MODELS merc-load lvl=village1 model=warp-gate-switch-lod0 tris=60 draws=3 effects=2
[58:42:311] [info] HD-MODELS merc-load lvl=village1 model=warpgate-lod0 tris=2 draws=1 effects=1
[58:42:311] [info] HD-MODELS merc-load lvl=village1 model=water-anim-village1-rice-paddy-lod0 tris=1316 draws=1 effects=1
[58:42:311] [info] HD-MODELS merc-load lvl=village1 model=water-anim-village1-rice-paddy-mid-lod0 tris=1739 draws=1 effects=1
[58:42:311] [info] HD-MODELS merc-load lvl=village1 model=water-anim-village1-rice-paddy-top-lod0 tris=1281 draws=1 effects=1
[58:42:311] [info] HD-MODELS merc-load lvl=village1 model=water-anim-village1-fountain-lod0 tris=92 draws=1 effects=1
[58:42:311] [info] HD-MODELS merc-load lvl=village1 model=windmill-sail-lod0 tris=428 draws=4 effects=1
[58:42:311] [info] HD-MODELS merc-load lvl=village1 model=windmill-sail-lod1 tris=176 draws=4 effects=1
[58:42:311] [info] HD-MODELS merc-load lvl=village1 model=windmill-sail-lod2 tris=112 draws=3 effects=1
[58:42:311] [info] HD-MODELS merc-load lvl=village1 model=windspinner-lod0 tris=272 draws=4 effects=1
[58:42:311] [info] HD-MODELS merc-load lvl=village1 model=windspinner-lod1 tris=68 draws=4 effects=1
[58:42:311] [info] HD-MODELS merc-load lvl=village1 model=yakow-lod0 tris=1808 draws=10 effects=2
[58:42:311] [info] HD-MODELS merc-load lvl=village1 model=yakow-lod1 tris=480 draws=7 effects=2
[58:42:314] [info] [foliage-wind] lexique charge : 55 prototypes de vegetation depuis /home/emeric/code/jak-project/recharged_assets/foliage_wind_protos.txt
PACE-SWAP-X86 n=211 dt_ms=16.559
PACE-SWAP-X86 n=212 dt_ms=16.618
PACE-SWAP-X86 n=213 dt_ms=16.698
AUTOPORT-FRAMES n=120
FEATURE lighting-census armed=1 hits=332
anim_cen_blend=0
anim_cen_degen=0
anim_cen_done=0
anim_cen_hist_n=0
anim_cen_ident=477
anim_cen_moved=0
anim_cen_movemax_q=0
anim_cen_oob=0
anim_cen_other=0
anim_cen_other_chan=0
anim_cen_other_p0z=0
anim_cen_other_unk=0
anim_cen_seekend=0
anim_cen_static=0
anim_cen_total=477
anim_cen_zero=0
anim_cpp_ksum_x1000=120000
anim_djm_noroot=956
anim_djm_rotv=0
anim_djm_shift=0
anim_djm_total=956
anim_goal_ksum_x1000=120000
anim_pace_catchup_clamps=0
anim_pace_ceiling_clamps=0
anim_pace_grid_snaps=115
anim_pace_k_max=3
anim_pace_rebase_max_x1000=20
anim_pace_rebase_n=36
anim_pace_rebase_sum_x1000=712
anim_pace_skip_frames=1
anim_probe_branch=0
anim_probe_jump_max_x1000=0
anim_probe_jump_steps=0
anim_probe_n=0
anim_probe_raw_frame_q=0
anim_probe_raw_id=0
anim_probe_raw_p0_q=0
anim_probe_raw_q=0
anim_probe_raw_rate_q=0
anim_probe_rawstep_mean_x1000=0
anim_probe_rawstep_n=0
anim_probe_rej_clamped=0
anim_probe_rej_frozen=0
anim_probe_rej_id=0
anim_probe_rej_rate=0
anim_probe_rej_step=0
anim_probe_rejected=0
anim_probe_samples=0
anim_probe_steps_60=0
anim_render_armed=1
anim_render_frames=120
anim_render_frames_retimed=0
anim_render_step_err_max_us=999999
anim_render_step_err_pushed_us=450
anim_render_steps_judged=77
anim_step_bitexact_30=999999
anim_step_bitexact_60=999999
anim_step_disp_60_x100=5985
anim_step_ee_jitter_worst_us=2007
anim_step_eejit_60_us=2007
anim_step_fps_60_x100=5985
anim_step_frames_60=119
anim_step_jitter_60_us=999999
anim_step_jitter_worst_fps=0
anim_step_jitter_worst_us=999999
anim_step_localus_60=999999
anim_step_model_jitter_60_us=999999
anim_step_model_jitter_worst_us=0
anim_step_nonident_30=999999
anim_step_nonident_60=999999
anim_step_nonidentgrid_30=999999
anim_step_nonidentgrid_60=999999
anim_step_offgrid_f60=5
anim_step_ongrid_30=999999
anim_step_ongrid_60=999999
anim_step_ongrid_f60=114
anim_step_present_jitter_worst_us=0
anim_step_rawjit_worst_us=999999
anim_step_rephase_f60=36
anim_step_steps_60=77
anim_step_straddle_dropped=0
anim_step_sweep_segments=0
anim_sweep_bitexact_fail=2
anim_sweep_defects=8
anim_sweep_eq_disp_x100=0
anim_sweep_jitter_over=0
anim_sweep_missing_rates=6
anim_sweep_rate_miss=0
anim_sweep_wanted=6
gpu_ms_frames=117
gpu_timer_supported=1
hd_fr3_stock=3
hdr_aux_clamped_reads=0
hdr_aux_guards=0
hdr_cfg_bad_first_cfg=0
hdr_cfg_bad_first_draw=0
hdr_cfg_bad_first_fmt8=0
hdr_cfg_bad_first_frame=0
hdr_cfg_bad_first_shader=0
hdr_cfg_bad_first_sites=0
hdr_cfg_bad_origine_lumiere=0
hdr_cfg_bad_origine_total=0
hdr_cfg_bad_recharged=0
hdr_cfg_frames_origine_lumiere=0
hdr_cfg_frames_origine_total=120
hdr_cfg_frames_recharged=0
hdr_chain_frames=0
hdr_curve_kink_max_x1000=10
hdr_curve_mode=0
hdr_curve_monotone_bad=0
hdr_curve_samples=8000
hdr_curve_unbounded_bad=0
hdr_defect_1_saturation=1
hdr_defect_2_hl_contrast=1
hdr_defect_3_curve=0
hdr_defect_4_origine_lumiere_set=1
hdr_defect_5_sites_three_configs=1
hdr_display_guards=2
hdr_fallback_used=0
hdr_frames=120
hdr_knee_x1000=900
hdr_lighting_on=0
hdr_master_on=0
hdr_oetf_occurrences=70
hdr_oetf_progs=5
hdr_overbright_px=0
hdr_probe_frames=0
hdr_probe_max_x1000=0
hdr_probe_px=0
hdr_probe_state=1
hdr_progs_scanned=53
hdr_tonemap_defects=4
hotreload_frame_bound_hits=0
hotreload_partial_frames=0
hotreload_passes=0
hotreload_pixels_changed=0
hotreload_regime=0
hotreload_reuploaded=0
hotreload_rt_bound_hits=0
lc_orig_A=0
lc_orig_B=0
lc_orig_C=0
lc_orig_D=0
lc_orig_E=0
lc_orig_light_A=0
lc_orig_light_B=0
lc_orig_light_C=0
lc_orig_light_D=0
lc_orig_light_E=0
lc_orig_light_un=0
lc_orig_un=0
lc_rech_A=0
lc_rech_B=0
lc_rech_C=0
lc_rech_D=0
lc_rech_E=0
lc_rech_un=0
ldr_ref_delta=0
light_census_A=0
light_census_B=0
light_census_C=0
light_census_D=0
light_census_E=0
light_census_classified=0
light_census_frames=120
light_census_rb_bad_0=0
light_census_rb_bad_1=0
light_census_rb_bad_2=0
light_census_rb_bad_3=0
light_census_rb_checks=0
light_census_rb_mismatch=0
light_census_rb_noloc=0
light_census_residual=0
light_census_total=0
light_census_un_depth=0
light_census_un_hfrag=0
light_census_un_stock=0
light_census_unaccounted=0
npc_evict_pass2=0
npc_evict_pressure_frames=0
npc_evict_refused_live_merc=0
npc_evict_straggler=0
npc_evict_with_live_merc=0
npc_evictable_while_drawing=0
npc_level_age_max=20
npc_level_evictions=0
npc_loaded_levels_max=1
npc_merc_keepalive_frames=93
npc_merc_key_missing=0
npc_merc_vec_empty=0
origin_bitexact_defects=1
origin_font_master_bypass=8
origin_mipmap_suppressed=0
origin_shrub_native_suppressed=0
refset_bootstrap_records=11
shade_draws_no_model=0
shade_frames=120
shade_gate_reads_outside=5
shade_hits=0
shade_hosts=5
shade_hosts_missing=0
shade_model_lines=2496
shade_prog_track_checks=120
shade_prog_track_mismatch=0
shade_programs_seen=53
shade_variants=1
shade_world_frag_lines=13347
tick_alpha_unified=1
tick_armed=0
tick_catchup_clamps=0
tick_ceiling_clamps=0
tick_conserve_err_pct_x100=0
tick_conserve_frames=0
tick_frames=0
tick_lock_armed=1
tick_lock_err_pct_x100=0
tick_lock_events=0
tick_lock_strict=1
tick_lock_transients=0
tick_locked_pct=0
tick_pose_err_pct_x100=999999
tick_pose_frames=0
tick_pose_frames_retimed=0
tick_pose_steps_judged=0
tick_rate_dev_pct_x100=999999
tick_rate_windows=0
tick_ticks=0
tick_time_dropped_ms=0
tick_time_fabricated_us=0
tick_unlock_events=0
tick_worst_dev_pct_x100=999999
tonemap_draws=0
tonemap_sites=1
tonemap_sites_config=1
tonemap_sites_cumulative=0
tonemap_sites_explicit=0
tonemap_sites_implicit=0
tonemap_sites_shader=0
uncap_armed=1
uncap_busy_hz_x100=0
uncap_cap_fps_x100=6000
uncap_cap_setting_x100=6000
uncap_ceiling_busy_ms_x100=0
uncap_ceiling_busy_samples=0
uncap_ceiling_cap_fps_x100=0
uncap_ceiling_config_stable=0
uncap_ceiling_frames=0
uncap_ceiling_hz=0
uncap_ceiling_hz_x100=0
uncap_ceiling_panel_hz=0
uncap_ceiling_swap_interval_applied=999
uncap_ceiling_swap_interval_wanted=999
uncap_ceiling_window=0
uncap_choice_fps=60
uncap_choice_index=2
uncap_choice_unlimited=0
uncap_choices_expected=8
uncap_choices_n=8
uncap_defects=7
uncap_disp_fps_max_x100=0
uncap_dynscale_target_max=60
uncap_frames=119
uncap_over_windows=0
uncap_panel_hz=60
uncap_pose_err=999999
uncap_pose_tol=833
uncap_present_mismatch_frames=0
uncap_presents=0
uncap_regime_entered=0
uncap_scene_dev_pct_x100=999999
uncap_scene_last_units_per_s_x100=0
uncap_scene_units_per_s_x100=0
uncap_scene_vblanks=121
uncap_scene_window_dev_pct_x100=999999
uncap_scene_windows=0
uncap_swap_interval_applied=0
uncap_swap_interval_wanted=0
uncap_target_fps_x100=6000
uncap_tick_rate_dev_pct_x100=999999
uncap_time_dropped_ms=0
uncap_v_cap=1
uncap_v_ceiling=1
uncap_v_choices=0
uncap_v_dynscale=0
uncap_v_pose=1
uncap_v_present=1
uncap_v_scene=1
uncap_v_tick_rate=1
uncap_v_windows=1
uncap_windows=0
anim_sweep_host_60=x86-native
anim_sweep_mode=x86-native
gpu_ms_buckets=0.9711
gpu_ms_etie=0.0000
gpu_ms_generic=0.0095
gpu_ms_hfrag=0.0000
gpu_ms_merc=0.1424
gpu_ms_ocean=0.0019
gpu_ms_other=0.2904
gpu_ms_shrub=0.0020
gpu_ms_sprite=0.4471
gpu_ms_tfrag=0.0079
gpu_ms_tie=0.0019
hdr_aux_clamped_sites=aucun
hdr_build_flavour=normal
hdr_format=RGBA8
refset_bootstrap_boundary=before-play-actors-not-restored
refset_bootstrap_fingerprint=8cafacae708f4b5a
tick_drift_ms=0.0
uncap_ceiling_cause=non-mesure-aucune-fenetre
uncap_clock=render_pace
PACE-SWAP-X86 n=214 dt_ms=16.724
PACE-SWAP-X86 n=215 dt_ms=16.471
PACE-SWAP-X86 n=216 dt_ms=16.642
PACE-SWAP-X86 n=217 dt_ms=16.645
PACE-SWAP-X86 n=218 dt_ms=16.633
PACE-SWAP-X86 n=219 dt_ms=16.642
PACE-SWAP-X86 n=220 dt_ms=16.630
PACE-SWAP-X86 n=221 dt_ms=16.636
PACE-SWAP-X86 n=222 dt_ms=16.676
PACE-SWAP-X86 n=223 dt_ms=16.611
PACE-SWAP-X86 n=224 dt_ms=16.649
PACE-SWAP-X86 n=225 dt_ms=16.666
[58:42:574] [info] [gpbrf-tie-normal] tie tree verts=319546 groups=159431 backfilled_normals=231278 edge_welded_seam_verts=160115
PACE-SWAP-X86 n=226 dt_ms=16.598
PACE-SWAP-X86 n=227 dt_ms=16.737
PACE-SWAP-X86 n=228 dt_ms=16.564
PACE-SWAP-X86 n=229 dt_ms=16.568
PACE-SWAP-X86 n=230 dt_ms=16.641
PACE-SWAP-X86 n=231 dt_ms=16.638
[58:42:664] [info] [gpbrf-tie-normal] tie tree verts=109512 groups=47395 backfilled_normals=64086 edge_welded_seam_verts=62117
PACE-SWAP-X86 n=232 dt_ms=16.645
PACE-SWAP-X86 n=233 dt_ms=16.584
[58:42:703] [info] [gpbrf-tie-normal] tie tree verts=82080 groups=19868 backfilled_normals=23463 edge_welded_seam_verts=62212
PACE-SWAP-X86 n=234 dt_ms=16.732
PACE-SWAP-X86 n=235 dt_ms=16.562
PACE-SWAP-X86 n=236 dt_ms=16.614
PACE-SWAP-X86 n=237 dt_ms=16.688
PACE-SWAP-X86 n=238 dt_ms=16.584
PACE-SWAP-X86 n=239 dt_ms=16.654
PACE-SWAP-X86 n=240 dt_ms=16.643
PACE-SWAP-X86 n=241 dt_ms=16.668
PACE-SWAP-X86 n=242 dt_ms=16.611
PACE-SWAP-X86 n=243 dt_ms=16.684
PACE-SWAP-X86 n=244 dt_ms=16.588
PACE-SWAP-X86 n=245 dt_ms=16.628
PACE-SWAP-X86 n=246 dt_ms=16.633
PACE-SWAP-X86 n=247 dt_ms=16.621
PACE-SWAP-X86 n=248 dt_ms=16.649
PACE-SWAP-X86 n=249 dt_ms=16.654
[58:42:967] [info] [gpbrf-tie-normal] tie tree verts=319546 groups=159431 backfilled_normals=231278 edge_welded_seam_verts=160115
PACE-SWAP-X86 n=250 dt_ms=16.758
PACE-SWAP-X86 n=251 dt_ms=16.486
PACE-SWAP-X86 n=252 dt_ms=16.676
PACE-SWAP-X86 n=253 dt_ms=16.585
PACE-SWAP-X86 n=254 dt_ms=16.652
[58:43:045] [info] [eyescale] slot=2 kind=iris draws=136 covered=0 changed=0 raw_min=0.3750 raw_max=0.3750 cov_raw_min=1000000000.0000 cov_raw_max=-1000000000.0000 cov_out_min=1000000000.0000 cov_out_max=-1000000000.0000 rest=0.37500 restshare=1.000 anchor=0.37500
[58:43:045] [info] [eyescale] slot=2 kind=pupil draws=136 covered=0 changed=0 raw_min=0.0000 raw_max=0.0000 cov_raw_min=1000000000.0000 cov_raw_max=-1000000000.0000 cov_out_min=1000000000.0000 cov_out_max=-1000000000.0000 rest=0.00000 restshare=1.000 anchor=0.00000
[58:43:045] [info] [eyescale] slot=3 kind=iris draws=136 covered=0 changed=0 raw_min=0.3750 raw_max=0.3750 cov_raw_min=1000000000.0000 cov_raw_max=-1000000000.0000 cov_out_min=1000000000.0000 cov_out_max=-1000000000.0000 rest=0.37500 restshare=1.000 anchor=0.37500
[58:43:045] [info] [eyescale] slot=3 kind=pupil draws=136 covered=0 changed=0 raw_min=0.0000 raw_max=0.0000 cov_raw_min=1000000000.0000 cov_raw_max=-1000000000.0000 cov_out_min=1000000000.0000 cov_out_max=-1000000000.0000 rest=0.00000 restshare=1.000 anchor=0.00000
[58:43:054] [info] [gpbrf-tie-normal] tie tree verts=109512 groups=47395 backfilled_normals=64086 edge_welded_seam_verts=62117
PACE-SWAP-X86 n=255 dt_ms=16.642
PACE-SWAP-X86 n=256 dt_ms=16.627
[58:43:092] [info] [gpbrf-tie-normal] tie tree verts=82080 groups=19868 backfilled_normals=23463 edge_welded_seam_verts=62212
PACE-SWAP-X86 n=257 dt_ms=16.651
PACE-SWAP-X86 n=258 dt_ms=16.728
PACE-SWAP-X86 n=259 dt_ms=16.543
PACE-SWAP-X86 n=260 dt_ms=16.655
PACE-SWAP-X86 n=261 dt_ms=16.608
PACE-SWAP-X86 n=262 dt_ms=16.630
PACE-SWAP-X86 n=263 dt_ms=16.647
PACE-SWAP-X86 n=264 dt_ms=16.661
PACE-SWAP-X86 n=265 dt_ms=16.610
PACE-SWAP-X86 n=266 dt_ms=16.629
PACE-SWAP-X86 n=267 dt_ms=16.647
PACE-SWAP-X86 n=268 dt_ms=16.638
PACE-SWAP-X86 n=269 dt_ms=16.624
PACE-SWAP-X86 n=270 dt_ms=16.655
PACE-SWAP-X86 n=271 dt_ms=16.633
[58:43:334] [info] [gpbrf-tie-normal] tie tree verts=292002 groups=144535 backfilled_normals=212779 edge_welded_seam_verts=147467
PACE-SWAP-X86 n=272 dt_ms=16.643
PACE-SWAP-X86 n=273 dt_ms=16.623
AUTOPORT-FRAMES n=180
FEATURE lighting-census armed=1 hits=512
anim_cen_blend=0
anim_cen_degen=0
anim_cen_done=0
anim_cen_hist_n=0
anim_cen_ident=777
anim_cen_moved=0
anim_cen_movemax_q=0
anim_cen_oob=0
anim_cen_other=0
anim_cen_other_chan=0
anim_cen_other_p0z=0
anim_cen_other_unk=0
anim_cen_seekend=0
anim_cen_static=0
anim_cen_total=777
anim_cen_zero=0
anim_cpp_ksum_x1000=180000
anim_djm_noroot=1496
anim_djm_rotv=0
anim_djm_shift=0
anim_djm_total=1496
anim_goal_ksum_x1000=180000
anim_pace_catchup_clamps=0
anim_pace_ceiling_clamps=0
anim_pace_grid_snaps=175
anim_pace_k_max=3
anim_pace_rebase_max_x1000=20
anim_pace_rebase_n=36
anim_pace_rebase_sum_x1000=712
anim_pace_skip_frames=1
anim_probe_branch=0
anim_probe_jump_max_x1000=0
anim_probe_jump_steps=0
anim_probe_n=0
anim_probe_raw_frame_q=0
anim_probe_raw_id=0
anim_probe_raw_p0_q=0
anim_probe_raw_q=0
anim_probe_raw_rate_q=0
anim_probe_rawstep_mean_x1000=0
anim_probe_rawstep_n=0
anim_probe_rej_clamped=0
anim_probe_rej_frozen=0
anim_probe_rej_id=0
anim_probe_rej_rate=0
anim_probe_rej_step=0
anim_probe_rejected=0
anim_probe_samples=0
anim_probe_steps_60=0
anim_render_armed=1
anim_render_frames=180
anim_render_frames_retimed=0
anim_render_step_err_max_us=999999
anim_render_step_err_pushed_us=450
anim_render_steps_judged=137
anim_step_bitexact_30=999999
anim_step_bitexact_60=999999
anim_step_disp_60_x100=5990
anim_step_ee_jitter_worst_us=1637
anim_step_eejit_60_us=1637
anim_step_fps_60_x100=5990
anim_step_frames_60=179
anim_step_jitter_60_us=999999
anim_step_jitter_worst_fps=0
anim_step_jitter_worst_us=999999
anim_step_localus_60=999999
anim_step_model_jitter_60_us=56
anim_step_model_jitter_worst_us=56
anim_step_nonident_30=999999
anim_step_nonident_60=999999
anim_step_nonidentgrid_30=999999
anim_step_nonidentgrid_60=999999
anim_step_offgrid_f60=5
anim_step_ongrid_30=999999
anim_step_ongrid_60=999999
anim_step_ongrid_f60=174
anim_step_present_jitter_worst_us=0
anim_step_rawjit_worst_us=999999
anim_step_rephase_f60=36
anim_step_steps_60=137
anim_step_straddle_dropped=0
anim_step_sweep_segments=0
anim_sweep_bitexact_fail=2
anim_sweep_defects=8
anim_sweep_eq_disp_x100=0
anim_sweep_jitter_over=0
anim_sweep_missing_rates=6
anim_sweep_rate_miss=0
anim_sweep_wanted=6
gpu_ms_frames=177
gpu_timer_supported=1
hd_fr3_stock=3
hdr_aux_clamped_reads=0
hdr_aux_guards=0
hdr_cfg_bad_first_cfg=0
hdr_cfg_bad_first_draw=0
hdr_cfg_bad_first_fmt8=0
hdr_cfg_bad_first_frame=0
hdr_cfg_bad_first_shader=0
hdr_cfg_bad_first_sites=0
hdr_cfg_bad_origine_lumiere=0
hdr_cfg_bad_origine_total=0
hdr_cfg_bad_recharged=0
hdr_cfg_frames_origine_lumiere=0
hdr_cfg_frames_origine_total=180
hdr_cfg_frames_recharged=0
hdr_chain_frames=0
hdr_curve_kink_max_x1000=10
hdr_curve_mode=0
hdr_curve_monotone_bad=0
hdr_curve_samples=8000
hdr_curve_unbounded_bad=0
hdr_defect_1_saturation=1
hdr_defect_2_hl_contrast=1
hdr_defect_3_curve=0
hdr_defect_4_origine_lumiere_set=1
hdr_defect_5_sites_three_configs=1
hdr_display_guards=2
hdr_fallback_used=0
hdr_frames=180
hdr_knee_x1000=900
hdr_lighting_on=0
hdr_master_on=0
hdr_oetf_occurrences=70
hdr_oetf_progs=5
hdr_overbright_px=0
hdr_probe_frames=0
hdr_probe_max_x1000=0
hdr_probe_px=0
hdr_probe_state=1
hdr_progs_scanned=53
hdr_tonemap_defects=4
hotreload_frame_bound_hits=0
hotreload_partial_frames=0
hotreload_passes=0
hotreload_pixels_changed=0
hotreload_regime=0
hotreload_reuploaded=0
hotreload_rt_bound_hits=0
lc_orig_A=0
lc_orig_B=0
lc_orig_C=0
lc_orig_D=0
lc_orig_E=0
lc_orig_light_A=0
lc_orig_light_B=0
lc_orig_light_C=0
lc_orig_light_D=0
lc_orig_light_E=0
lc_orig_light_un=0
lc_orig_un=0
lc_rech_A=0
lc_rech_B=0
lc_rech_C=0
lc_rech_D=0
lc_rech_E=0
lc_rech_un=0
ldr_ref_delta=0
light_census_A=0
light_census_B=0
light_census_C=0
light_census_D=0
light_census_E=0
light_census_classified=0
light_census_frames=180
light_census_rb_bad_0=0
light_census_rb_bad_1=0
light_census_rb_bad_2=0
light_census_rb_bad_3=0
light_census_rb_checks=0
light_census_rb_mismatch=0
light_census_rb_noloc=0
light_census_residual=0
light_census_total=0
light_census_un_depth=0
light_census_un_hfrag=0
light_census_un_stock=0
light_census_unaccounted=0
npc_evict_pass2=0
npc_evict_pressure_frames=0
npc_evict_refused_live_merc=0
npc_evict_straggler=0
npc_evict_with_live_merc=0
npc_evictable_while_drawing=0
npc_level_age_max=20
npc_level_evictions=0
npc_loaded_levels_max=1
npc_merc_keepalive_frames=153
npc_merc_key_missing=0
npc_merc_vec_empty=0
origin_bitexact_defects=1
origin_font_master_bypass=8
origin_mipmap_suppressed=0
origin_shrub_native_suppressed=0
refset_bootstrap_records=11
shade_draws_no_model=0
shade_frames=180
shade_gate_reads_outside=5
shade_hits=0
shade_hosts=5
shade_hosts_missing=0
shade_model_lines=2496
shade_prog_track_checks=180
shade_prog_track_mismatch=0
shade_programs_seen=53
shade_variants=1
shade_world_frag_lines=13347
tick_alpha_unified=1
tick_armed=0
tick_catchup_clamps=0
tick_ceiling_clamps=0
tick_conserve_err_pct_x100=0
tick_conserve_frames=0
tick_frames=0
tick_lock_armed=1
tick_lock_err_pct_x100=0
tick_lock_events=0
tick_lock_strict=1
tick_lock_transients=0
tick_locked_pct=0
tick_pose_err_pct_x100=999999
tick_pose_frames=0
tick_pose_frames_retimed=0
tick_pose_steps_judged=0
tick_rate_dev_pct_x100=999999
tick_rate_windows=0
tick_ticks=0
tick_time_dropped_ms=0
tick_time_fabricated_us=0
tick_unlock_events=0
tick_worst_dev_pct_x100=999999
tonemap_draws=0
tonemap_sites=1
tonemap_sites_config=1
tonemap_sites_cumulative=0
tonemap_sites_explicit=0
tonemap_sites_implicit=0
tonemap_sites_shader=0
uncap_armed=1
uncap_busy_hz_x100=0
uncap_cap_fps_x100=6000
uncap_cap_setting_x100=6000
uncap_ceiling_busy_ms_x100=0
uncap_ceiling_busy_samples=0
uncap_ceiling_cap_fps_x100=0
uncap_ceiling_config_stable=0
uncap_ceiling_frames=0
uncap_ceiling_hz=0
uncap_ceiling_hz_x100=0
uncap_ceiling_panel_hz=0
uncap_ceiling_swap_interval_applied=999
uncap_ceiling_swap_interval_wanted=999
uncap_ceiling_window=0
uncap_choice_fps=60
uncap_choice_index=2
uncap_choice_unlimited=0
uncap_choices_expected=8
uncap_choices_n=8
uncap_defects=7
uncap_disp_fps_max_x100=0
uncap_dynscale_target_max=60
uncap_frames=179
uncap_over_windows=0
uncap_panel_hz=60
uncap_pose_err=999999
uncap_pose_tol=833
uncap_present_mismatch_frames=0
uncap_presents=0
uncap_regime_entered=0
uncap_scene_dev_pct_x100=999999
uncap_scene_last_units_per_s_x100=0
uncap_scene_units_per_s_x100=0
uncap_scene_vblanks=181
uncap_scene_window_dev_pct_x100=999999
uncap_scene_windows=0
uncap_swap_interval_applied=0
uncap_swap_interval_wanted=0
uncap_target_fps_x100=6000
uncap_tick_rate_dev_pct_x100=999999
uncap_time_dropped_ms=0
uncap_v_cap=1
uncap_v_ceiling=1
uncap_v_choices=0
uncap_v_dynscale=0
uncap_v_pose=1
uncap_v_present=1
uncap_v_scene=1
uncap_v_tick_rate=1
uncap_v_windows=1
uncap_windows=0
anim_sweep_host_60=x86-native
anim_sweep_mode=x86-native
gpu_ms_buckets=0.9606
gpu_ms_etie=0.0000
gpu_ms_generic=0.0095
gpu_ms_hfrag=0.0000
gpu_ms_merc=0.1539
gpu_ms_ocean=0.0019
gpu_ms_other=0.2709
gpu_ms_shrub=0.0020
gpu_ms_sprite=0.4453
gpu_ms_tfrag=0.0078
gpu_ms_tie=0.0019
hdr_aux_clamped_sites=aucun
hdr_build_flavour=normal
hdr_format=RGBA8
refset_bootstrap_boundary=before-play-actors-not-restored
refset_bootstrap_fingerprint=8cafacae708f4b5a
tick_drift_ms=0.0
uncap_ceiling_cause=non-mesure-aucune-fenetre
uncap_clock=render_pace
PACE-SWAP-X86 n=274 dt_ms=16.588
[58:43:386] [info] [gpbrf-tie-normal] tie tree verts=47904 groups=22271 backfilled_normals=32102 edge_welded_seam_verts=25633
PACE-SWAP-X86 n=275 dt_ms=16.663
[58:43:411] [info] [gpbrf-tie-normal] tie tree verts=57396 groups=15033 backfilled_normals=18040 edge_welded_seam_verts=42363
PACE-SWAP-X86 n=276 dt_ms=16.642
PACE-SWAP-X86 n=277 dt_ms=16.647
PACE-SWAP-X86 n=278 dt_ms=16.662
PACE-SWAP-X86 n=279 dt_ms=16.618
[58:43:473] [info] [gpbrf-tie-normal] tie tree verts=100608 groups=52931 backfilled_normals=89987 edge_welded_seam_verts=47677
PACE-SWAP-X86 n=280 dt_ms=16.647
[58:43:491] [info] [gpbrf-tie-normal] tie tree verts=19022 groups=9460 backfilled_normals=12171 edge_welded_seam_verts=9562
PACE-SWAP-X86 n=281 dt_ms=16.630
[58:43:503] [info] [gpbrf-tie-normal] tie tree verts=24726 groups=8682 backfilled_normals=12575 edge_welded_seam_verts=16044
PACE-SWAP-X86 n=282 dt_ms=16.707
PACE-SWAP-X86 n=283 dt_ms=16.578
PACE-SWAP-X86 n=284 dt_ms=16.635
[58:43:547] [info] [gda-crease] tfrag tree verts=75960 groups=36522 multicluster(hardedge)=11124 clusters=49309 edge_welded_seam_verts=39438 crease=60deg
[58:43:547] [info] [gda-facet] tfrag tree verts=75960 single_face(perface)=3148 ground_verts=13848 ground_single_face=606 ground_perface_pct=4.4
[58:43:553] [info] [gda-crease] tfrag tree verts=96 groups=50 multicluster(hardedge)=0 clusters=50 edge_welded_seam_verts=46 crease=60deg
[58:43:553] [info] [gda-facet] tfrag tree verts=96 single_face(perface)=0 ground_verts=15 ground_single_face=0 ground_perface_pct=0.0
[58:43:555] [info] [gda-crease] tfrag tree verts=3014 groups=1647 multicluster(hardedge)=651 clusters=2387 edge_welded_seam_verts=1367 crease=60deg
[58:43:555] [info] [gda-facet] tfrag tree verts=3014 single_face(perface)=633 ground_verts=933 ground_single_face=135 ground_perface_pct=14.5
[58:43:556] [info] [gda-crease] tfrag tree verts=208 groups=120 multicluster(hardedge)=23 clusters=143 edge_welded_seam_verts=88 crease=60deg
[58:43:556] [info] [gda-facet] tfrag tree verts=208 single_face(perface)=26 ground_verts=106 ground_single_face=11 ground_perface_pct=10.4
PACE-SWAP-X86 n=285 dt_ms=16.662
PACE-SWAP-X86 n=286 dt_ms=16.748
[58:43:584] [info] [gda-crease] tfrag tree verts=53576 groups=25252 multicluster(hardedge)=8612 clusters=35195 edge_welded_seam_verts=28324 crease=60deg
[58:43:585] [info] [gda-facet] tfrag tree verts=53576 single_face(perface)=3005 ground_verts=9886 ground_single_face=572 ground_perface_pct=5.8
[58:43:589] [info] [gda-crease] tfrag tree verts=96 groups=50 multicluster(hardedge)=0 clusters=50 edge_welded_seam_verts=46 crease=60deg
[58:43:589] [info] [gda-facet] tfrag tree verts=96 single_face(perface)=0 ground_verts=15 ground_single_face=0 ground_perface_pct=0.0
[58:43:590] [info] [gda-crease] tfrag tree verts=3014 groups=1647 multicluster(hardedge)=651 clusters=2387 edge_welded_seam_verts=1367 crease=60deg
[58:43:591] [info] [gda-facet] tfrag tree verts=3014 single_face(perface)=633 ground_verts=933 ground_single_face=135 ground_perface_pct=14.5
[58:43:591] [info] [gda-crease] tfrag tree verts=208 groups=120 multicluster(hardedge)=23 clusters=143 edge_welded_seam_verts=88 crease=60deg
[58:43:591] [info] [gda-facet] tfrag tree verts=208 single_face(perface)=26 ground_verts=106 ground_single_face=11 ground_perface_pct=10.4
PACE-SWAP-X86 n=287 dt_ms=16.507
[58:43:601] [info] [gda-crease] tfrag tree verts=18644 groups=8374 multicluster(hardedge)=4576 clusters=14262 edge_welded_seam_verts=10116 crease=60deg
[58:43:601] [info] [gda-facet] tfrag tree verts=18644 single_face(perface)=3192 ground_verts=4038 ground_single_face=566 ground_perface_pct=14.0
[58:43:602] [info] [gda-crease] tfrag tree verts=28 groups=16 multicluster(hardedge)=14 clusters=30 edge_welded_seam_verts=12 crease=60deg
[58:43:602] [info] [gda-facet] tfrag tree verts=28 single_face(perface)=6 ground_verts=6 ground_single_face=2 ground_perface_pct=33.3
[58:43:604] [info] [gda-crease] tfrag tree verts=3014 groups=1647 multicluster(hardedge)=651 clusters=2387 edge_welded_seam_verts=1367 crease=60deg
[58:43:604] [info] [gda-facet] tfrag tree verts=3014 single_face(perface)=633 ground_verts=933 ground_single_face=135 ground_perface_pct=14.5
[58:43:605] [info] [gda-crease] tfrag tree verts=208 groups=120 multicluster(hardedge)=23 clusters=143 edge_welded_seam_verts=88 crease=60deg
[58:43:605] [info] [gda-facet] tfrag tree verts=208 single_face(perface)=26 ground_verts=106 ground_single_face=11 ground_perface_pct=10.4
PACE-SWAP-X86 n=288 dt_ms=16.656
PACE-SWAP-X86 n=289 dt_ms=16.685
PACE-SWAP-X86 n=290 dt_ms=16.590
[58:43:654] [info] [foliage-wind] sidecar shrub charge : 22 niveaux depuis /home/emeric/code/jak-project/recharged_assets/foliage_wind_shrub.txt
PACE-SWAP-X86 n=291 dt_ms=16.640
PACE-SWAP-X86 n=292 dt_ms=16.643
PACE-SWAP-X86 n=293 dt_ms=16.675
PACE-SWAP-X86 n=294 dt_ms=16.613
PACE-SWAP-X86 n=295 dt_ms=16.665
PACE-SWAP-X86 n=296 dt_ms=16.613
[58:43:744] [info] [foliage-wind] SHRUB ground lev=village1 tree=0 terrain_tris=439130 instances=3489 sol_trouve=3127 enfonces=2720 pivot_rejete=153 enfoncement_max_mm=6043 base_w_max=0.000061 sidecar=1 raideur_instances=2067 wind_max_idx=3567
------------> Load from file: 0.006s, import 0.021s, decomp 0.050s unpack 1.436s
A55-TANGENT lev=village1 expand=46.4ms verts=1722000
A55-RSS fr3-unpack rss=524Mo vsz=1854Mo R:gpu=0Mo tas=0Mo ee=61Mo dalvik=0Mo fichier=66Mo anon=395Mo vif=333Mo gros=7 120Mo/anon@2ca7000 61Mo/ee@2123080000 40Mo/anon@7fdab8000000 63Mo/anon@7fdac0000000 64Mo/anon@7fdacc000000 32Mo/anon@7fdaec000000 35Mo/anon@7fdafa03d000
PACE-SWAP-X86 n=297 dt_ms=16.653
[58:43:769] [info] [foliage-contact] TIE load lev=village1 geo=0 plants=37 vertices=2072 bytes=328320 mapping_ok=true active=true
[58:43:777] [info] [foliage-contact] TIE load lev=village1 geo=1 plants=37 vertices=2072 bytes=328320 mapping_ok=true active=true
[58:43:784] [info] [foliage-contact] TIE load lev=village1 geo=2 plants=37 vertices=1036 bytes=229584 mapping_ok=true active=true
[58:43:787] [info] [foliage-contact] TIE load lev=village1 geo=3 plants=37 vertices=296 bytes=98904 mapping_ok=true active=true
stage tie took 26.05 ms
Loader::update slow setup: 26.1ms
PACE-SWAP-X86 n=298 dt_ms=26.940
PACE-SWAP-X86 n=299 dt_ms=16.623
[58:43:805] [warn] [loader] OpenGL warn 0x1 S8246 T8250: using glBufferSubData(buffer 73, offset 3145728, size 1048576) to update a GL_STATIC_DRAW buffer
[58:43:805] [warn] [loader] OpenGL warn 0x1 S8246 T8250: using glBufferSubData(buffer 73, offset 4194304, size 1048576) to update a GL_STATIC_DRAW buffer
[58:43:805] [warn] [loader] OpenGL warn 0x1 S8246 T8250: using glBufferSubData(buffer 73, offset 5242880, size 1048576) to update a GL_STATIC_DRAW buffer
PACE-SWAP-X86 n=300 dt_ms=16.664
[58:43:822] [warn] [loader] OpenGL warn 0x1 S8246 T8250: using glBufferSubData(buffer 73, offset 6291456, size 1048576) to update a GL_STATIC_DRAW buffer
[58:43:822] [warn] [loader] OpenGL warn 0x1 S8246 T8250: using glBufferSubData(buffer 73, offset 7340032, size 1048576) to update a GL_STATIC_DRAW buffer
[58:43:822] [warn] [loader] OpenGL warn 0x1 S8246 T8250: using glBufferSubData(buffer 73, offset 8388608, size 1048576) to update a GL_STATIC_DRAW buffer
PACE-SWAP-X86 n=301 dt_ms=16.588
[58:43:838] [warn] [loader] OpenGL warn 0x1 S8246 T8250: using glBufferSubData(buffer 73, offset 9437184, size 788288) to update a GL_STATIC_DRAW buffer
PACE-SWAP-X86 n=302 dt_ms=16.617
[58:43:855] [warn] [loader] OpenGL warn 0x1 S8246 T8250: using glBufferSubData(buffer 77, offset 3145728, size 358656) to update a GL_STATIC_DRAW buffer
PACE-SWAP-X86 n=303 dt_ms=16.634
PACE-SWAP-X86 n=304 dt_ms=16.682
[58:43:889] [warn] [loader] OpenGL warn 0x1 S8246 T8250: using glBufferSubData(buffer 86, offset 3145728, size 1048576) to update a GL_STATIC_DRAW buffer
PACE-SWAP-X86 n=305 dt_ms=16.651
[58:43:905] [warn] [loader] OpenGL warn 0x1 S8246 T8250: using glBufferSubData(buffer 86, offset 4194304, size 1048576) to update a GL_STATIC_DRAW buffer
[58:43:905] [warn] [loader] OpenGL warn 0x1 S8246 T8250: using glBufferSubData(buffer 86, offset 5242880, size 1048576) to update a GL_STATIC_DRAW buffer
[58:43:906] [warn] [loader] OpenGL warn 0x1 S8246 T8250: using glBufferSubData(buffer 86, offset 6291456, size 1048576) to update a GL_STATIC_DRAW buffer
PACE-SWAP-X86 n=306 dt_ms=16.568
[58:43:922] [warn] [loader] OpenGL warn 0x1 S8246 T8250: using glBufferSubData(buffer 86, offset 7340032, size 1048576) to update a GL_STATIC_DRAW buffer
[58:43:922] [warn] [loader] OpenGL warn 0x1 S8246 T8250: using glBufferSubData(buffer 86, offset 8388608, size 1048576) to update a GL_STATIC_DRAW buffer
[58:43:922] [warn] [loader] OpenGL warn 0x1 S8246 T8250: using glBufferSubData(buffer 86, offset 9437184, size 788288) to update a GL_STATIC_DRAW buffer
PACE-SWAP-X86 n=307 dt_ms=16.602
PACE-SWAP-X86 n=308 dt_ms=16.708
[58:43:955] [warn] [loader] OpenGL warn 0x1 S8246 T8250: using glBufferSubData(buffer 90, offset 3145728, size 358656) to update a GL_STATIC_DRAW buffer
PACE-SWAP-X86 n=309 dt_ms=16.534
PACE-SWAP-X86 n=310 dt_ms=16.749
[58:43:989] [warn] [loader] OpenGL warn 0x1 S8246 T8250: using glBufferSubData(buffer 99, offset 3145728, size 1048576) to update a GL_STATIC_DRAW buffer
[58:43:989] [warn] [loader] OpenGL warn 0x1 S8246 T8250: using glBufferSubData(buffer 99, offset 4194304, size 1048576) to update a GL_STATIC_DRAW buffer
PACE-SWAP-X86 n=311 dt_ms=16.528
[58:44:005] [warn] [loader] OpenGL warn 0x1 S8246 T8250: using glBufferSubData(buffer 99, offset 5242880, size 1048576) to update a GL_STATIC_DRAW buffer
[58:44:006] [warn] [loader] OpenGL warn 0x1 S8246 T8250: using glBufferSubData(buffer 99, offset 6291456, size 1048576) to update a GL_STATIC_DRAW buffer
[58:44:006] [warn] [loader] OpenGL warn 0x1 S8246 T8250: using glBufferSubData(buffer 99, offset 7340032, size 1048576) to update a GL_STATIC_DRAW buffer
PACE-SWAP-X86 n=312 dt_ms=16.605
[58:44:022] [warn] [loader] OpenGL warn 0x1 S8246 T8250: using glBufferSubData(buffer 99, offset 8388608, size 955456) to update a GL_STATIC_DRAW buffer
PACE-SWAP-X86 n=313 dt_ms=16.554
PACE-SWAP-X86 n=314 dt_ms=16.621
[58:44:056] [warn] [loader] OpenGL warn 0x1 S8246 T8250: using glBufferSubData(buffer 112, offset 3145728, size 73728) to update a GL_STATIC_DRAW buffer
PACE-SWAP-X86 n=315 dt_ms=16.679
PACE-SWAP-X86 n=316 dt_ms=16.531
PACE-SWAP-X86 n=317 dt_ms=16.580
PACE-SWAP-X86 n=318 dt_ms=16.542
PACE-SWAP-X86 n=319 dt_ms=16.578
PACE-SWAP-X86 n=320 dt_ms=16.724
PACE-SWAP-X86 n=321 dt_ms=16.453
PACE-SWAP-X86 n=322 dt_ms=16.554
PACE-SWAP-X86 n=323 dt_ms=16.622
PACE-SWAP-X86 n=324 dt_ms=16.615
PACE-SWAP-X86 n=325 dt_ms=16.690
PACE-SWAP-X86 n=326 dt_ms=16.429
PACE-SWAP-X86 n=327 dt_ms=16.636
PACE-SWAP-X86 n=328 dt_ms=16.812
PACE-SWAP-X86 n=329 dt_ms=16.600
PACE-SWAP-X86 n=330 dt_ms=16.381
PACE-SWAP-X86 n=331 dt_ms=16.615
PACE-SWAP-X86 n=332 dt_ms=16.785
PACE-SWAP-X86 n=333 dt_ms=16.713
AUTOPORT-FRAMES n=240
FEATURE lighting-census armed=1 hits=692
anim_cen_blend=0
anim_cen_degen=0
anim_cen_done=0
anim_cen_hist_n=0
anim_cen_ident=1077
anim_cen_moved=0
anim_cen_movemax_q=0
anim_cen_oob=0
anim_cen_other=0
anim_cen_other_chan=0
anim_cen_other_p0z=0
anim_cen_other_unk=0
anim_cen_seekend=0
anim_cen_static=0
anim_cen_total=1077
anim_cen_zero=0
anim_cpp_ksum_x1000=241000
anim_djm_noroot=2036
anim_djm_rotv=0
anim_djm_shift=0
anim_djm_total=2036
anim_goal_ksum_x1000=240000
anim_pace_catchup_clamps=0
anim_pace_ceiling_clamps=0
anim_pace_grid_snaps=234
anim_pace_k_max=3
anim_pace_rebase_max_x1000=20
anim_pace_rebase_n=56
anim_pace_rebase_sum_x1000=1094
anim_pace_skip_frames=1
anim_probe_branch=0
anim_probe_jump_max_x1000=0
anim_probe_jump_steps=0
anim_probe_n=0
anim_probe_raw_frame_q=0
anim_probe_raw_id=0
anim_probe_raw_p0_q=0
anim_probe_raw_q=0
anim_probe_raw_rate_q=0
anim_probe_rawstep_mean_x1000=0
anim_probe_rawstep_n=0
anim_probe_rej_clamped=0
anim_probe_rej_frozen=0
anim_probe_rej_id=0
anim_probe_rej_rate=0
anim_probe_rej_step=0
anim_probe_rejected=0
anim_probe_samples=0
anim_probe_steps_60=0
anim_render_armed=1
anim_render_frames=240
anim_render_frames_retimed=0
anim_render_step_err_max_us=999999
anim_render_step_err_pushed_us=488
anim_render_steps_judged=176
anim_step_bitexact_30=999999
anim_step_bitexact_60=999999
anim_step_disp_60_x100=5977
anim_step_ee_jitter_worst_us=1565
anim_step_eejit_60_us=1565
anim_step_fps_60_x100=5977
anim_step_frames_60=239
anim_step_jitter_60_us=999999
anim_step_jitter_worst_fps=0
anim_step_jitter_worst_us=999999
anim_step_localus_60=999999
anim_step_model_jitter_60_us=68
anim_step_model_jitter_worst_us=68
anim_step_nonident_30=999999
anim_step_nonident_60=999999
anim_step_nonidentgrid_30=999999
anim_step_nonidentgrid_60=999999
anim_step_offgrid_f60=6
anim_step_ongrid_30=999999
anim_step_ongrid_60=999999
anim_step_ongrid_f60=233
anim_step_present_jitter_worst_us=0
anim_step_rawjit_worst_us=999999
anim_step_rephase_f60=56
anim_step_steps_60=176
anim_step_straddle_dropped=0
anim_step_sweep_segments=0
anim_sweep_bitexact_fail=2
anim_sweep_defects=8
anim_sweep_eq_disp_x100=0
anim_sweep_jitter_over=0
anim_sweep_missing_rates=6
anim_sweep_rate_miss=0
anim_sweep_wanted=6
gpu_ms_frames=237
gpu_timer_supported=1
hd_fr3_stock=3
hdr_aux_clamped_reads=0
hdr_aux_guards=0
hdr_cfg_bad_first_cfg=0
hdr_cfg_bad_first_draw=0
hdr_cfg_bad_first_fmt8=0
hdr_cfg_bad_first_frame=0
hdr_cfg_bad_first_shader=0
hdr_cfg_bad_first_sites=0
hdr_cfg_bad_origine_lumiere=0
hdr_cfg_bad_origine_total=0
hdr_cfg_bad_recharged=0
hdr_cfg_frames_origine_lumiere=0
hdr_cfg_frames_origine_total=240
hdr_cfg_frames_recharged=0
hdr_chain_frames=0
hdr_curve_kink_max_x1000=10
hdr_curve_mode=0
hdr_curve_monotone_bad=0
hdr_curve_samples=8000
hdr_curve_unbounded_bad=0
hdr_defect_1_saturation=1
hdr_defect_2_hl_contrast=1
hdr_defect_3_curve=0
hdr_defect_4_origine_lumiere_set=1
hdr_defect_5_sites_three_configs=1
hdr_display_guards=2
hdr_fallback_used=0
hdr_frames=240
hdr_knee_x1000=900
hdr_lighting_on=0
hdr_master_on=0
hdr_oetf_occurrences=70
hdr_oetf_progs=5
hdr_overbright_px=0
hdr_probe_frames=0
hdr_probe_max_x1000=0
hdr_probe_px=0
hdr_probe_state=1
hdr_progs_scanned=53
hdr_tonemap_defects=4
hotreload_frame_bound_hits=0
hotreload_partial_frames=0
hotreload_passes=0
hotreload_pixels_changed=0
hotreload_regime=0
hotreload_reuploaded=0
hotreload_rt_bound_hits=0
lc_orig_A=0
lc_orig_B=0
lc_orig_C=0
lc_orig_D=0
lc_orig_E=0
lc_orig_light_A=0
lc_orig_light_B=0
lc_orig_light_C=0
lc_orig_light_D=0
lc_orig_light_E=0
lc_orig_light_un=0
lc_orig_un=0
lc_rech_A=0
lc_rech_B=0
lc_rech_C=0
lc_rech_D=0
lc_rech_E=0
lc_rech_un=0
ldr_ref_delta=0
light_census_A=0
light_census_B=0
light_census_C=0
light_census_D=0
light_census_E=0
light_census_classified=0
light_census_frames=240
light_census_rb_bad_0=0
light_census_rb_bad_1=0
light_census_rb_bad_2=0
light_census_rb_bad_3=0
light_census_rb_checks=0
light_census_rb_mismatch=0
light_census_rb_noloc=0
light_census_residual=0
light_census_total=0
light_census_un_depth=0
light_census_un_hfrag=0
light_census_un_stock=0
light_census_unaccounted=0
npc_evict_pass2=0
npc_evict_pressure_frames=0
npc_evict_refused_live_merc=0
npc_evict_straggler=0
npc_evict_with_live_merc=0
npc_evictable_while_drawing=1
npc_level_age_max=20
npc_level_evictions=0
npc_loaded_levels_max=1
npc_merc_keepalive_frames=213
npc_merc_key_missing=0
npc_merc_vec_empty=0
origin_bitexact_defects=1
origin_font_master_bypass=8
origin_mipmap_suppressed=0
origin_shrub_native_suppressed=0
refset_bootstrap_records=11
shade_draws_no_model=0
shade_frames=240
shade_gate_reads_outside=5
shade_hits=0
shade_hosts=5
shade_hosts_missing=0
shade_model_lines=2496
shade_prog_track_checks=240
shade_prog_track_mismatch=0
shade_programs_seen=53
shade_variants=1
shade_world_frag_lines=13347
tick_alpha_unified=1
tick_armed=0
tick_catchup_clamps=0
tick_ceiling_clamps=0
tick_conserve_err_pct_x100=0
tick_conserve_frames=0
tick_frames=0
tick_lock_armed=1
tick_lock_err_pct_x100=0
tick_lock_events=0
tick_lock_strict=1
tick_lock_transients=0
tick_locked_pct=0
tick_pose_err_pct_x100=999999
tick_pose_frames=0
tick_pose_frames_retimed=0
tick_pose_steps_judged=0
tick_rate_dev_pct_x100=999999
tick_rate_windows=0
tick_ticks=0
tick_time_dropped_ms=0
tick_time_fabricated_us=0
tick_unlock_events=0
tick_worst_dev_pct_x100=999999
tonemap_draws=0
tonemap_sites=1
tonemap_sites_config=1
tonemap_sites_cumulative=0
tonemap_sites_explicit=0
tonemap_sites_implicit=0
tonemap_sites_shader=0
uncap_armed=1
uncap_busy_hz_x100=0
uncap_cap_fps_x100=6000
uncap_cap_setting_x100=6000
uncap_ceiling_busy_ms_x100=0
uncap_ceiling_busy_samples=0
uncap_ceiling_cap_fps_x100=0
uncap_ceiling_config_stable=0
uncap_ceiling_frames=0
uncap_ceiling_hz=0
uncap_ceiling_hz_x100=0
uncap_ceiling_panel_hz=0
uncap_ceiling_swap_interval_applied=999
uncap_ceiling_swap_interval_wanted=999
uncap_ceiling_window=0
uncap_choice_fps=60
uncap_choice_index=2
uncap_choice_unlimited=0
uncap_choices_expected=8
uncap_choices_n=8
uncap_defects=7
uncap_disp_fps_max_x100=0
uncap_dynscale_target_max=60
uncap_frames=239
uncap_over_windows=0
uncap_panel_hz=60
uncap_pose_err=999999
uncap_pose_tol=833
uncap_present_mismatch_frames=0
uncap_presents=0
uncap_regime_entered=0
uncap_scene_dev_pct_x100=999999
uncap_scene_last_units_per_s_x100=0
uncap_scene_units_per_s_x100=0
uncap_scene_vblanks=241
uncap_scene_window_dev_pct_x100=999999
uncap_scene_windows=0
uncap_swap_interval_applied=0
uncap_swap_interval_wanted=0
uncap_target_fps_x100=6000
uncap_tick_rate_dev_pct_x100=999999
uncap_time_dropped_ms=0
uncap_v_cap=1
uncap_v_ceiling=1
uncap_v_choices=0
uncap_v_dynscale=0
uncap_v_pose=1
uncap_v_present=1
uncap_v_scene=1
uncap_v_tick_rate=1
uncap_v_windows=1
uncap_windows=0
anim_sweep_host_60=x86-native
anim_sweep_mode=x86-native
gpu_ms_buckets=0.9569
gpu_ms_etie=0.0000
gpu_ms_generic=0.0095
gpu_ms_hfrag=0.0000
gpu_ms_merc=0.1605
gpu_ms_ocean=0.0019
gpu_ms_other=0.2621
gpu_ms_shrub=0.0019
gpu_ms_sprite=0.4440
gpu_ms_tfrag=0.0078
gpu_ms_tie=0.0019
hdr_aux_clamped_sites=aucun
hdr_build_flavour=normal
hdr_format=RGBA8
refset_bootstrap_boundary=before-play-actors-not-restored
refset_bootstrap_fingerprint=8cafacae708f4b5a
tick_drift_ms=0.0
uncap_ceiling_cause=non-mesure-aucune-fenetre
uncap_clock=render_pace
PACE-SWAP-X86 n=334 dt_ms=16.724
[58:44:390] [info] [eyescale] slot=2 kind=iris draws=216 covered=0 changed=0 raw_min=0.3750 raw_max=0.3750 cov_raw_min=1000000000.0000 cov_raw_max=-1000000000.0000 cov_out_min=1000000000.0000 cov_out_max=-1000000000.0000 rest=0.37500 restshare=1.000 anchor=0.37500
[58:44:390] [info] [eyescale] slot=2 kind=pupil draws=216 covered=0 changed=0 raw_min=0.0000 raw_max=0.0000 cov_raw_min=1000000000.0000 cov_raw_max=-1000000000.0000 cov_out_min=1000000000.0000 cov_out_max=-1000000000.0000 rest=0.00000 restshare=1.000 anchor=0.00000
[58:44:390] [info] [eyescale] slot=3 kind=iris draws=216 covered=0 changed=0 raw_min=0.3750 raw_max=0.3750 cov_raw_min=1000000000.0000 cov_raw_max=-1000000000.0000 cov_out_min=1000000000.0000 cov_out_max=-1000000000.0000 rest=0.37500 restshare=1.000 anchor=0.37500
[58:44:390] [info] [eyescale] slot=3 kind=pupil draws=216 covered=0 changed=0 raw_min=0.0000 raw_max=0.0000 cov_raw_min=1000000000.0000 cov_raw_max=-1000000000.0000 cov_out_min=1000000000.0000 cov_out_max=-1000000000.0000 rest=0.00000 restshare=1.000 anchor=0.00000
PACE-SWAP-X86 n=335 dt_ms=16.354
PACE-SWAP-X86 n=336 dt_ms=16.747
PACE-SWAP-X86 n=337 dt_ms=16.521
PACE-SWAP-X86 n=338 dt_ms=16.390
PACE-SWAP-X86 n=339 dt_ms=16.766
PACE-SWAP-X86 n=340 dt_ms=16.453
PACE-SWAP-X86 n=341 dt_ms=16.973
PACE-SWAP-X86 n=342 dt_ms=16.599
PACE-SWAP-X86 n=343 dt_ms=16.467
PACE-SWAP-X86 n=344 dt_ms=16.635
PACE-SWAP-X86 n=345 dt_ms=16.432
PACE-SWAP-X86 n=346 dt_ms=16.923
PACE-SWAP-X86 n=347 dt_ms=16.283
PACE-SWAP-X86 n=348 dt_ms=16.993
PACE-SWAP-X86 n=349 dt_ms=16.661
PACE-SWAP-X86 n=350 dt_ms=16.422
A36-STR-DIAG rpc name="ndi-intro" chunk=2 ee_addr=0x84000 maxlen=0x3fc00
[58:44:655] [debug] [OVERLORD] LoadISOFileChunkToEE NDINTRO STR : 104448 offset 116
[58:44:655] [debug] [OVERLORD] Queue 2 (1/4), LoadSingle
[58:44:655] [debug]   PRI 2 elt 0 LoadSingle @ #x7FDAF18DB840
[58:44:655] [debug]   PRI 3 elt 0 QueueVAG @ #xC471A0
[58:44:655] [debug] [OVERLORD] FS Open NDINTRO STR
[58:44:661] [debug] [OVERLORD] FS_Close NDINTRO STR @ 97/212
[58:44:661] [debug]   PRI 3 elt 0 QueueVAG @ #xC471A0
PACE-SWAP-X86 n=351 dt_ms=16.559
[58:44:672] [debug] link finish: ndi-intro
PACE-SWAP-X86 n=352 dt_ms=16.533
PACE-SWAP-X86 n=353 dt_ms=16.759
PACE-SWAP-X86 n=354 dt_ms=16.495
PACE-SWAP-X86 n=355 dt_ms=16.683
PACE-SWAP-X86 n=356 dt_ms=16.338
PACE-SWAP-X86 n=357 dt_ms=16.621
PACE-SWAP-X86 n=358 dt_ms=16.844
A54-VERTFREE lev=village1 sys=tie libere=59.7MB (sommets ; tangentes rendues aussi)
PACE-SWAP-X86 n=359 dt_ms=16.590
PACE-SWAP-X86 n=360 dt_ms=16.477
PACE-SWAP-X86 n=361 dt_ms=16.771
PACE-SWAP-X86 n=362 dt_ms=16.556
PACE-SWAP-X86 n=363 dt_ms=16.544
PACE-SWAP-X86 n=364 dt_ms=16.649
PACE-SWAP-X86 n=365 dt_ms=16.655
PACE-SWAP-X86 n=366 dt_ms=16.507
PACE-SWAP-X86 n=367 dt_ms=16.580
PACE-SWAP-X86 n=368 dt_ms=16.606
PACE-SWAP-X86 n=369 dt_ms=16.598
PACE-SWAP-X86 n=370 dt_ms=16.583
A54-VERTFREE lev=village1 sys=tfrag libere=4.8MB (sommets ; tangentes rendues aussi)
PACE-SWAP-X86 n=371 dt_ms=16.621
PACE-SWAP-X86 n=372 dt_ms=16.577
PACE-SWAP-X86 n=373 dt_ms=16.567
PACE-SWAP-X86 n=374 dt_ms=16.536
[58:45:055] [warn] [loader] OpenGL warn 0x1 S8246 T8250: using glBufferSubData(buffer 157, offset 3145728, size 1048576) to update a GL_STATIC_DRAW buffer
PACE-SWAP-X86 n=375 dt_ms=16.718
[58:45:072] [warn] [loader] OpenGL warn 0x1 S8246 T8250: using glBufferSubData(buffer 157, offset 4194304, size 475744) to update a GL_STATIC_DRAW buffer
PACE-SWAP-X86 n=376 dt_ms=16.591
PACE-SWAP-X86 n=377 dt_ms=16.746
PACE-SWAP-X86 n=378 dt_ms=16.508
PACE-SWAP-X86 n=379 dt_ms=16.588
[58:45:139] [warn] [loader] OpenGL warn 0x1 S8246 T8250: using glBufferSubData(buffer 159, offset 3145728, size 1048576) to update a GL_STATIC_DRAW buffer
PACE-SWAP-X86 n=380 dt_ms=16.527
[58:45:155] [warn] [loader] OpenGL warn 0x1 S8246 T8250: using glBufferSubData(buffer 159, offset 4194304, size 1048576) to update a GL_STATIC_DRAW buffer
PACE-SWAP-X86 n=381 dt_ms=16.646
[58:45:172] [warn] [loader] OpenGL warn 0x1 S8246 T8250: using glBufferSubData(buffer 159, offset 5242880, size 1048576) to update a GL_STATIC_DRAW buffer
PACE-SWAP-X86 n=382 dt_ms=16.593
[58:45:189] [warn] [loader] OpenGL warn 0x1 S8246 T8250: using glBufferSubData(buffer 159, offset 6291456, size 902400) to update a GL_STATIC_DRAW buffer
A55-RSS merc-bufdata rss=524Mo vsz=2079Mo R:gpu=0Mo tas=0Mo ee=61Mo dalvik=0Mo fichier=66Mo anon=395Mo vif=244Mo gros=7 120Mo/anon@2ca7000 61Mo/ee@2123080000 40Mo/anon@7fdab8000000 63Mo/anon@7fdac0000000 64Mo/anon@7fdacc000000 32Mo/anon@7fdaec000000 35Mo/anon@7fdafa03d000
stage merc took 8.34 ms
Loader::update slow setup: 8.9ms
PACE-SWAP-X86 n=383 dt_ms=16.519
PACE-SWAP-X86 n=384 dt_ms=16.801
PACE-SWAP-X86 n=385 dt_ms=16.578
[58:45:239] [warn] [loader] OpenGL warn 0x1 S8246 T8250: using glBufferSubData(buffer 160, offset 393216, size 14972) to update a GL_STATIC_DRAW buffer
PACE-SWAP-X86 n=386 dt_ms=16.557
A55-RSS merc-uploade rss=524Mo vsz=2085Mo R:gpu=0Mo tas=0Mo ee=61Mo dalvik=0Mo fichier=66Mo anon=395Mo vif=244Mo gros=7 120Mo/anon@2ca7000 61Mo/ee@2123080000 40Mo/anon@7fdab8000000 63Mo/anon@7fdac0000000 64Mo/anon@7fdacc000000 32Mo/anon@7fdaec000000 35Mo/anon@7fdafa03d000
stage merc took 7.52 ms
Loader::update slow setup: 7.6ms
PACE-SWAP-X86 n=387 dt_ms=16.510
PACE-SWAP-X86 n=388 dt_ms=16.698
PACE-SWAP-X86 n=389 dt_ms=16.594
PACE-SWAP-X86 n=390 dt_ms=16.530
PACE-SWAP-X86 n=391 dt_ms=16.665
PACE-SWAP-X86 n=392 dt_ms=16.625
PACE-SWAP-X86 n=393 dt_ms=16.517
AUTOPORT-FRAMES n=300
FEATURE lighting-census armed=1 hits=872
anim_cen_blend=0
anim_cen_degen=0
anim_cen_done=0
anim_cen_hist_n=0
anim_cen_ident=1377
anim_cen_moved=0
anim_cen_movemax_q=0
anim_cen_oob=0
anim_cen_other=0
anim_cen_other_chan=0
anim_cen_other_p0z=0
anim_cen_other_unk=0
anim_cen_seekend=0
anim_cen_static=0
anim_cen_total=1377
anim_cen_zero=0
anim_cpp_ksum_x1000=301000
anim_djm_noroot=2576
anim_djm_rotv=0
anim_djm_shift=0
anim_djm_total=2576
anim_goal_ksum_x1000=300000
anim_pace_catchup_clamps=0
anim_pace_ceiling_clamps=0
anim_pace_grid_snaps=291
anim_pace_k_max=3
anim_pace_rebase_max_x1000=20
anim_pace_rebase_n=59
anim_pace_rebase_sum_x1000=1070
anim_pace_skip_frames=1
anim_probe_branch=0
anim_probe_jump_max_x1000=0
anim_probe_jump_steps=0
anim_probe_n=0
anim_probe_raw_frame_q=0
anim_probe_raw_id=0
anim_probe_raw_p0_q=0
anim_probe_raw_q=0
anim_probe_raw_rate_q=0
anim_probe_rawstep_mean_x1000=0
anim_probe_rawstep_n=0
anim_probe_rej_clamped=0
anim_probe_rej_frozen=0
anim_probe_rej_id=0
anim_probe_rej_rate=0
anim_probe_rej_step=0
anim_probe_rejected=0
anim_probe_samples=0
anim_probe_steps_60=0
anim_render_armed=1
anim_render_frames=300
anim_render_frames_retimed=0
anim_render_step_err_max_us=999999
anim_render_step_err_pushed_us=488
anim_render_steps_judged=234
anim_step_bitexact_30=999999
anim_step_bitexact_60=999999
anim_step_disp_60_x100=5982
anim_step_ee_jitter_worst_us=1401
anim_step_eejit_60_us=1401
anim_step_fps_60_x100=5982
anim_step_frames_60=299
anim_step_jitter_60_us=999999
anim_step_jitter_worst_fps=0
anim_step_jitter_worst_us=999999
anim_step_localus_60=999999
anim_step_model_jitter_60_us=91
anim_step_model_jitter_worst_us=91
anim_step_nonident_30=999999
anim_step_nonident_60=999999
anim_step_nonidentgrid_30=999999
anim_step_nonidentgrid_60=999999
anim_step_offgrid_f60=9
anim_step_ongrid_30=999999
anim_step_ongrid_60=999999
anim_step_ongrid_f60=290
anim_step_present_jitter_worst_us=0
anim_step_rawjit_worst_us=999999
anim_step_rephase_f60=59
anim_step_steps_60=234
anim_step_straddle_dropped=0
anim_step_sweep_segments=0
anim_sweep_bitexact_fail=2
anim_sweep_defects=8
anim_sweep_eq_disp_x100=0
anim_sweep_jitter_over=0
anim_sweep_missing_rates=6
anim_sweep_rate_miss=0
anim_sweep_wanted=6
gpu_ms_frames=297
gpu_timer_supported=1
hd_fr3_stock=3
hdr_aux_clamped_reads=0
hdr_aux_guards=0
hdr_cfg_bad_first_cfg=0
hdr_cfg_bad_first_draw=0
hdr_cfg_bad_first_fmt8=0
hdr_cfg_bad_first_frame=0
hdr_cfg_bad_first_shader=0
hdr_cfg_bad_first_sites=0
hdr_cfg_bad_origine_lumiere=0
hdr_cfg_bad_origine_total=0
hdr_cfg_bad_recharged=0
hdr_cfg_frames_origine_lumiere=0
hdr_cfg_frames_origine_total=300
hdr_cfg_frames_recharged=0
hdr_chain_frames=0
hdr_curve_kink_max_x1000=10
hdr_curve_mode=0
hdr_curve_monotone_bad=0
hdr_curve_samples=8000
hdr_curve_unbounded_bad=0
hdr_defect_1_saturation=1
hdr_defect_2_hl_contrast=1
hdr_defect_3_curve=0
hdr_defect_4_origine_lumiere_set=1
hdr_defect_5_sites_three_configs=1
hdr_display_guards=2
hdr_fallback_used=0
hdr_frames=300
hdr_knee_x1000=900
hdr_lighting_on=0
hdr_master_on=0
hdr_oetf_occurrences=70
hdr_oetf_progs=5
hdr_overbright_px=0
hdr_probe_frames=0
hdr_probe_max_x1000=0
hdr_probe_px=0
hdr_probe_state=1
hdr_progs_scanned=53
hdr_tonemap_defects=4
hotreload_frame_bound_hits=0
hotreload_partial_frames=0
hotreload_passes=0
hotreload_pixels_changed=0
hotreload_regime=0
hotreload_reuploaded=0
hotreload_rt_bound_hits=0
lc_orig_A=0
lc_orig_B=0
lc_orig_C=0
lc_orig_D=0
lc_orig_E=0
lc_orig_light_A=0
lc_orig_light_B=0
lc_orig_light_C=0
lc_orig_light_D=0
lc_orig_light_E=0
lc_orig_light_un=0
lc_orig_un=0
lc_rech_A=0
lc_rech_B=0
lc_rech_C=0
lc_rech_D=0
lc_rech_E=0
lc_rech_un=0
ldr_ref_delta=0
light_census_A=0
light_census_B=0
light_census_C=0
light_census_D=0
light_census_E=0
light_census_classified=0
light_census_frames=300
light_census_rb_bad_0=0
light_census_rb_bad_1=0
light_census_rb_bad_2=0
light_census_rb_bad_3=0
light_census_rb_checks=0
light_census_rb_mismatch=0
light_census_rb_noloc=0
light_census_residual=0
light_census_total=0
light_census_un_depth=0
light_census_un_hfrag=0
light_census_un_stock=0
light_census_unaccounted=0
npc_evict_pass2=0
npc_evict_pressure_frames=0
npc_evict_refused_live_merc=0
npc_evict_straggler=0
npc_evict_with_live_merc=0
npc_evictable_while_drawing=1
npc_level_age_max=20
npc_level_evictions=0
npc_loaded_levels_max=1
npc_merc_keepalive_frames=273
npc_merc_key_missing=0
npc_merc_vec_empty=0
origin_bitexact_defects=1
origin_font_master_bypass=8
origin_mipmap_suppressed=0
origin_shrub_native_suppressed=0
refset_bootstrap_records=11
shade_draws_no_model=0
shade_frames=300
shade_gate_reads_outside=5
shade_hits=0
shade_hosts=5
shade_hosts_missing=0
shade_model_lines=2496
shade_prog_track_checks=300
shade_prog_track_mismatch=0
shade_programs_seen=53
shade_variants=1
shade_world_frag_lines=13347
tick_alpha_unified=1
tick_armed=0
tick_catchup_clamps=0
tick_ceiling_clamps=0
tick_conserve_err_pct_x100=0
tick_conserve_frames=0
tick_frames=0
tick_lock_armed=1
tick_lock_err_pct_x100=0
tick_lock_events=0
tick_lock_strict=1
tick_lock_transients=0
tick_locked_pct=0
tick_pose_err_pct_x100=999999
tick_pose_frames=0
tick_pose_frames_retimed=0
tick_pose_steps_judged=0
tick_rate_dev_pct_x100=999999
tick_rate_windows=0
tick_ticks=0
tick_time_dropped_ms=0
tick_time_fabricated_us=0
tick_unlock_events=0
tick_worst_dev_pct_x100=999999
tonemap_draws=0
tonemap_sites=1
tonemap_sites_config=1
tonemap_sites_cumulative=0
tonemap_sites_explicit=0
tonemap_sites_implicit=0
tonemap_sites_shader=0
uncap_armed=1
uncap_busy_hz_x100=0
uncap_cap_fps_x100=6000
uncap_cap_setting_x100=6000
uncap_ceiling_busy_ms_x100=0
uncap_ceiling_busy_samples=0
uncap_ceiling_cap_fps_x100=0
uncap_ceiling_config_stable=0
uncap_ceiling_frames=0
uncap_ceiling_hz=0
uncap_ceiling_hz_x100=0
uncap_ceiling_panel_hz=0
uncap_ceiling_swap_interval_applied=999
uncap_ceiling_swap_interval_wanted=999
uncap_ceiling_window=0
uncap_choice_fps=60
uncap_choice_index=2
uncap_choice_unlimited=0
uncap_choices_expected=8
uncap_choices_n=8
uncap_defects=7
uncap_disp_fps_max_x100=0
uncap_dynscale_target_max=60
uncap_frames=299
uncap_over_windows=0
uncap_panel_hz=60
uncap_pose_err=999999
uncap_pose_tol=833
uncap_present_mismatch_frames=0
uncap_presents=0
uncap_regime_entered=0
uncap_scene_dev_pct_x100=999999
uncap_scene_last_units_per_s_x100=0
uncap_scene_units_per_s_x100=0
uncap_scene_vblanks=301
uncap_scene_window_dev_pct_x100=999999
uncap_scene_windows=0
uncap_swap_interval_applied=0
uncap_swap_interval_wanted=0
uncap_target_fps_x100=6000
uncap_tick_rate_dev_pct_x100=999999
uncap_time_dropped_ms=0
uncap_v_cap=1
uncap_v_ceiling=1
uncap_v_choices=0
uncap_v_dynscale=0
uncap_v_pose=1
uncap_v_present=1
uncap_v_scene=1
uncap_v_tick_rate=1
uncap_v_windows=1
uncap_windows=0
anim_sweep_host_60=x86-native
anim_sweep_mode=x86-native
gpu_ms_buckets=0.9567
gpu_ms_etie=0.0000
gpu_ms_generic=0.0095
gpu_ms_hfrag=0.0000
gpu_ms_merc=0.1654
gpu_ms_ocean=0.0019
gpu_ms_other=0.2574
gpu_ms_shrub=0.0019
gpu_ms_sprite=0.4439
gpu_ms_tfrag=0.0077
gpu_ms_tie=0.0019
hdr_aux_clamped_sites=aucun
hdr_build_flavour=normal
hdr_format=RGBA8
refset_bootstrap_boundary=before-play-actors-not-restored
refset_bootstrap_fingerprint=8cafacae708f4b5a
tick_drift_ms=0.0
uncap_ceiling_cause=non-mesure-aucune-fenetre
uncap_clock=render_pace
PACE-SWAP-X86 n=394 dt_ms=16.661
[58:45:389] [info] [recharged-grass] R21OCC goal-publish #20 ncull=0 ntr=0 nmoving=0
PACE-SWAP-X86 n=395 dt_ms=16.562
PACE-SWAP-X86 n=396 dt_ms=16.571
A50-LEVRAM lev=village1 moment=charge verts=4.5MB idx=7.4MB tan=0.0MB tex=10.5MB merc=3.5MB coll=6.9MB packed=7.9MB bvh=0.1MB tod=1.7MB draws=0.2MB hfrag=0.0MB total=42.5MB
A57-MERC lev=village1 moment=charge modeles=50 effets=68 effets_mod=12 sommets=3.1MB(n=50752) index=0.4MB modsommets=0.4MB blercf=0.6MB blerci=0.1MB lump=0.0MB fragmask=0.0MB draws=0.0MB total=4.5MB
A58-MERCFREE lev=village1 libere=3.1MB (sommets CPU ; index gardes)
A50-LEVRAM lev=village1 moment=apres-liberations verts=4.5MB idx=7.4MB tan=0.0MB tex=10.5MB merc=0.4MB coll=6.9MB packed=7.9MB bvh=0.1MB tod=1.7MB draws=0.2MB hfrag=0.0MB total=39.4MB
A57-MERC lev=village1 moment=apres-liberations modeles=50 effets=68 effets_mod=12 sommets=0.0MB(n=0) index=0.4MB modsommets=0.4MB blercf=0.6MB blerci=0.1MB lump=0.0MB fragmask=0.0MB draws=0.0MB total=1.4MB
LSWIN-COUT niveau=village1 uv_ms=0.0 liberation_ms=0.0 merc_ms=1.0 rapport_ms=0.0 total_ms=1.0
PACE-SWAP-X86 n=397 dt_ms=16.762
PACE-SWAP-X86 n=398 dt_ms=16.450
PACE-SWAP-X86 n=399 dt_ms=16.599
PACE-SWAP-X86 n=400 dt_ms=16.614
PACE-SWAP-X86 n=401 dt_ms=16.637
PACE-SWAP-X86 n=402 dt_ms=16.600
PACE-SWAP-X86 n=403 dt_ms=16.772
PACE-SWAP-X86 n=404 dt_ms=16.589
PACE-SWAP-X86 n=405 dt_ms=16.551
PACE-SWAP-X86 n=406 dt_ms=16.584
PACE-SWAP-X86 n=407 dt_ms=16.620
PACE-SWAP-X86 n=408 dt_ms=16.641
PACE-SWAP-X86 n=409 dt_ms=16.603
PACE-SWAP-X86 n=410 dt_ms=16.563
PACE-SWAP-X86 n=411 dt_ms=16.627
PACE-SWAP-X86 n=412 dt_ms=16.648
PACE-SWAP-X86 n=413 dt_ms=16.591
PACE-SWAP-X86 n=414 dt_ms=16.628
[58:45:722] [info] [eyescale] slot=2 kind=iris draws=296 covered=0 changed=0 raw_min=0.3750 raw_max=0.3750 cov_raw_min=1000000000.0000 cov_raw_max=-1000000000.0000 cov_out_min=1000000000.0000 cov_out_max=-1000000000.0000 rest=0.37500 restshare=1.000 anchor=0.37500
[58:45:722] [info] [eyescale] slot=2 kind=pupil draws=296 covered=0 changed=0 raw_min=0.0000 raw_max=0.0000 cov_raw_min=1000000000.0000 cov_raw_max=-1000000000.0000 cov_out_min=1000000000.0000 cov_out_max=-1000000000.0000 rest=0.00000 restshare=1.000 anchor=0.00000
[58:45:722] [info] [eyescale] slot=3 kind=iris draws=296 covered=0 changed=0 raw_min=0.3750 raw_max=0.3750 cov_raw_min=1000000000.0000 cov_raw_max=-1000000000.0000 cov_out_min=1000000000.0000 cov_out_max=-1000000000.0000 rest=0.37500 restshare=1.000 anchor=0.37500
[58:45:722] [info] [eyescale] slot=3 kind=pupil draws=296 covered=0 changed=0 raw_min=0.0000 raw_max=0.0000 cov_raw_min=1000000000.0000 cov_raw_max=-1000000000.0000 cov_out_min=1000000000.0000 cov_out_max=-1000000000.0000 rest=0.00000 restshare=1.000 anchor=0.00000
PACE-SWAP-X86 n=415 dt_ms=16.650
PACE-SWAP-X86 n=416 dt_ms=16.662
PACE-SWAP-X86 n=417 dt_ms=16.524
PACE-SWAP-X86 n=418 dt_ms=16.594
PACE-SWAP-X86 n=419 dt_ms=16.664
HDSKIN frames=300 bad_frames=0 hd_frames=0 hd_bad_frames=0 packets=1200 hd_packets=0 nan_bones=0 far_bones=0 hd_nan_bones=0 hd_far_bones=0 repaired=0 missing=0 worst_m=0.0
HDSKINLEN frames=300 hd_frames=0 hd_stretch_frames=0 hd_stretch_bones=0 bones_judged=0 torn=0 same=0 nan=0 null=0 rep=0 worst_ratio=0.00 worst_m=0.00 rigs=0 norig=0 hd_bad_frames=0 hd_bad_bones=0 cmd_judged=0 cmd_bones=0 cmd_frames=0 cmd_worst_m=0.00 cmd_nostock=0 scl_bones=0 scl_frames=0 scl_worst=0.00 ring_ok=0 ring_bad=0 ring_nostamp=0 ring_judged=0 ring_far=0 stock_w_bad=0 hd_w_bad=0 scl_abs_bones=0 scl_unjudged=0
PACE-SWAP-X86 n=420 dt_ms=16.633
PACE-SWAP-X86 n=421 dt_ms=16.699
PACE-SWAP-X86 n=422 dt_ms=16.461
PACE-SWAP-X86 n=423 dt_ms=16.664
PACE-SWAP-X86 n=424 dt_ms=16.659
PACE-SWAP-X86 n=425 dt_ms=16.587
PACE-SWAP-X86 n=426 dt_ms=16.713
PACE-SWAP-X86 n=427 dt_ms=16.572
PACE-SWAP-X86 n=428 dt_ms=16.606
PACE-SWAP-X86 n=429 dt_ms=16.686
PACE-SWAP-X86 n=430 dt_ms=16.716
PACE-SWAP-X86 n=431 dt_ms=16.522
PACE-SWAP-X86 n=432 dt_ms=16.649
PACE-SWAP-X86 n=433 dt_ms=16.638
PACE-SWAP-X86 n=434 dt_ms=16.558
PACE-SWAP-X86 n=435 dt_ms=16.513
PACE-SWAP-X86 n=436 dt_ms=16.654
PACE-SWAP-X86 n=437 dt_ms=16.506
PACE-SWAP-X86 n=438 dt_ms=16.614
PACE-SWAP-X86 n=439 dt_ms=16.759
PACE-SWAP-X86 n=440 dt_ms=16.438
PACE-SWAP-X86 n=441 dt_ms=16.719
PACE-SWAP-X86 n=442 dt_ms=16.658
PACE-SWAP-X86 n=443 dt_ms=16.552
PACE-SWAP-X86 n=444 dt_ms=16.719
PACE-SWAP-X86 n=445 dt_ms=16.507
PACE-SWAP-X86 n=446 dt_ms=16.588
PACE-SWAP-X86 n=447 dt_ms=16.696
PACE-SWAP-X86 n=448 dt_ms=16.744
PACE-SWAP-X86 n=449 dt_ms=16.444
PACE-SWAP-X86 n=450 dt_ms=16.645
PACE-SWAP-X86 n=451 dt_ms=16.686
PACE-SWAP-X86 n=452 dt_ms=16.571
PACE-SWAP-X86 n=453 dt_ms=17.025
AUTOPORT-FRAMES n=360
FEATURE lighting-census armed=1 hits=1052
anim_cen_blend=0
anim_cen_degen=0
anim_cen_done=0
anim_cen_hist_n=0
anim_cen_ident=1677
anim_cen_moved=0
anim_cen_movemax_q=0
anim_cen_oob=0
anim_cen_other=0
anim_cen_other_chan=0
anim_cen_other_p0z=0
anim_cen_other_unk=0
anim_cen_seekend=0
anim_cen_static=0
anim_cen_total=1677
anim_cen_zero=0
anim_cpp_ksum_x1000=361000
anim_djm_noroot=3116
anim_djm_rotv=0
anim_djm_shift=0
anim_djm_total=3116
anim_goal_ksum_x1000=360000
anim_pace_catchup_clamps=0
anim_pace_ceiling_clamps=0
anim_pace_grid_snaps=350
anim_pace_k_max=3
anim_pace_rebase_max_x1000=20
anim_pace_rebase_n=59
anim_pace_rebase_sum_x1000=1070
anim_pace_skip_frames=1
anim_probe_branch=0
anim_probe_jump_max_x1000=0
anim_probe_jump_steps=0
anim_probe_n=0
anim_probe_raw_frame_q=0
anim_probe_raw_id=0
anim_probe_raw_p0_q=0
anim_probe_raw_q=0
anim_probe_raw_rate_q=0
anim_probe_rawstep_mean_x1000=0
anim_probe_rawstep_n=0
anim_probe_rej_clamped=0
anim_probe_rej_frozen=0
anim_probe_rej_id=0
anim_probe_rej_rate=0
anim_probe_rej_step=0
anim_probe_rejected=0
anim_probe_samples=0
anim_probe_steps_60=0
anim_render_armed=1
anim_render_frames=360
anim_render_frames_retimed=0
anim_render_step_err_max_us=999999
anim_render_step_err_pushed_us=488
anim_render_steps_judged=294
anim_step_bitexact_30=999999
anim_step_bitexact_60=999999
anim_step_disp_60_x100=5985
anim_step_ee_jitter_worst_us=1279
anim_step_eejit_60_us=1279
anim_step_fps_60_x100=5985
anim_step_frames_60=359
anim_step_jitter_60_us=999999
anim_step_jitter_worst_fps=0
anim_step_jitter_worst_us=999999
anim_step_localus_60=999999
anim_step_model_jitter_60_us=90
anim_step_model_jitter_worst_us=90
anim_step_nonident_30=999999
anim_step_nonident_60=999999
anim_step_nonidentgrid_30=999999
anim_step_nonidentgrid_60=999999
anim_step_offgrid_f60=9
anim_step_ongrid_30=999999
anim_step_ongrid_60=999999
anim_step_ongrid_f60=350
anim_step_present_jitter_worst_us=0
anim_step_rawjit_worst_us=999999
anim_step_rephase_f60=59
anim_step_steps_60=294
anim_step_straddle_dropped=0
anim_step_sweep_segments=0
anim_sweep_bitexact_fail=2
anim_sweep_defects=8
anim_sweep_eq_disp_x100=0
anim_sweep_jitter_over=0
anim_sweep_missing_rates=6
anim_sweep_rate_miss=0
anim_sweep_wanted=6
gpu_ms_frames=357
gpu_timer_supported=1
hd_fr3_stock=3
hdr_aux_clamped_reads=0
hdr_aux_guards=0
hdr_cfg_bad_first_cfg=0
hdr_cfg_bad_first_draw=0
hdr_cfg_bad_first_fmt8=0
hdr_cfg_bad_first_frame=0
hdr_cfg_bad_first_shader=0
hdr_cfg_bad_first_sites=0
hdr_cfg_bad_origine_lumiere=0
hdr_cfg_bad_origine_total=0
hdr_cfg_bad_recharged=0
hdr_cfg_frames_origine_lumiere=0
hdr_cfg_frames_origine_total=360
hdr_cfg_frames_recharged=0
hdr_chain_frames=0
hdr_curve_kink_max_x1000=10
hdr_curve_mode=0
hdr_curve_monotone_bad=0
hdr_curve_samples=8000
hdr_curve_unbounded_bad=0
hdr_defect_1_saturation=1
hdr_defect_2_hl_contrast=1
hdr_defect_3_curve=0
hdr_defect_4_origine_lumiere_set=1
hdr_defect_5_sites_three_configs=1
hdr_display_guards=2
hdr_fallback_used=0
hdr_frames=360
hdr_knee_x1000=900
hdr_lighting_on=0
hdr_master_on=0
hdr_oetf_occurrences=70
hdr_oetf_progs=5
hdr_overbright_px=0
hdr_probe_frames=0
hdr_probe_max_x1000=0
hdr_probe_px=0
hdr_probe_state=1
hdr_progs_scanned=53
hdr_tonemap_defects=4
hotreload_frame_bound_hits=0
hotreload_partial_frames=0
hotreload_passes=0
hotreload_pixels_changed=0
hotreload_regime=0
hotreload_reuploaded=0
hotreload_rt_bound_hits=0
lc_orig_A=0
lc_orig_B=0
lc_orig_C=0
lc_orig_D=0
lc_orig_E=0
lc_orig_light_A=0
lc_orig_light_B=0
lc_orig_light_C=0
lc_orig_light_D=0
lc_orig_light_E=0
lc_orig_light_un=0
lc_orig_un=0
lc_rech_A=0
lc_rech_B=0
lc_rech_C=0
lc_rech_D=0
lc_rech_E=0
lc_rech_un=0
ldr_ref_delta=0
light_census_A=0
light_census_B=0
light_census_C=0
light_census_D=0
light_census_E=0
light_census_classified=0
light_census_frames=360
light_census_rb_bad_0=0
light_census_rb_bad_1=0
light_census_rb_bad_2=0
light_census_rb_bad_3=0
light_census_rb_checks=0
light_census_rb_mismatch=0
light_census_rb_noloc=0
light_census_residual=0
light_census_total=0
light_census_un_depth=0
light_census_un_hfrag=0
light_census_un_stock=0
light_census_unaccounted=0
npc_evict_pass2=0
npc_evict_pressure_frames=0
npc_evict_refused_live_merc=0
npc_evict_straggler=0
npc_evict_with_live_merc=0
npc_evictable_while_drawing=1
npc_level_age_max=57
npc_level_evictions=0
npc_loaded_levels_max=2
npc_merc_keepalive_frames=333
npc_merc_key_missing=0
npc_merc_vec_empty=0
origin_bitexact_defects=1
origin_font_master_bypass=8
origin_mipmap_suppressed=0
origin_shrub_native_suppressed=0
refset_bootstrap_records=11
shade_draws_no_model=0
shade_frames=360
shade_gate_reads_outside=5
shade_hits=0
shade_hosts=5
shade_hosts_missing=0
shade_model_lines=2496
shade_prog_track_checks=360
shade_prog_track_mismatch=0
shade_programs_seen=53
shade_variants=1
shade_world_frag_lines=13347
tick_alpha_unified=1
tick_armed=0
tick_catchup_clamps=0
tick_ceiling_clamps=0
tick_conserve_err_pct_x100=0
tick_conserve_frames=0
tick_frames=0
tick_lock_armed=1
tick_lock_err_pct_x100=0
tick_lock_events=0
tick_lock_strict=1
tick_lock_transients=0
tick_locked_pct=0
tick_pose_err_pct_x100=999999
tick_pose_frames=0
tick_pose_frames_retimed=0
tick_pose_steps_judged=0
tick_rate_dev_pct_x100=999999
tick_rate_windows=0
tick_ticks=0
tick_time_dropped_ms=0
tick_time_fabricated_us=0
tick_unlock_events=0
tick_worst_dev_pct_x100=999999
tonemap_draws=0
tonemap_sites=1
tonemap_sites_config=1
tonemap_sites_cumulative=0
tonemap_sites_explicit=0
tonemap_sites_implicit=0
tonemap_sites_shader=0
uncap_armed=1
uncap_busy_hz_x100=45180
uncap_cap_fps_x100=6000
uncap_cap_setting_x100=6000
uncap_ceiling_busy_ms_x100=221
uncap_ceiling_busy_samples=300
uncap_ceiling_cap_fps_x100=6000
uncap_ceiling_config_stable=0
uncap_ceiling_frames=0
uncap_ceiling_hz=60
uncap_ceiling_hz_x100=5982
uncap_ceiling_panel_hz=60
uncap_ceiling_swap_interval_applied=1
uncap_ceiling_swap_interval_wanted=1
uncap_ceiling_window=1
uncap_choice_fps=60
uncap_choice_index=2
uncap_choice_unlimited=0
uncap_choices_expected=8
uncap_choices_n=8
uncap_defects=6
uncap_disp_fps_max_x100=5982
uncap_dynscale_target_max=60
uncap_frames=359
uncap_over_windows=0
uncap_panel_hz=60
uncap_pose_err=999999
uncap_pose_tol=833
uncap_present_mismatch_frames=0
uncap_presents=396
uncap_regime_entered=0
uncap_scene_dev_pct_x100=999999
uncap_scene_last_units_per_s_x100=102086
uncap_scene_units_per_s_x100=0
uncap_scene_vblanks=361
uncap_scene_window_dev_pct_x100=999999
uncap_scene_windows=1
uncap_swap_interval_applied=0
uncap_swap_interval_wanted=0
uncap_target_fps_x100=6000
uncap_tick_rate_dev_pct_x100=999999
uncap_time_dropped_ms=0
uncap_v_cap=1
uncap_v_ceiling=1
uncap_v_choices=0
uncap_v_dynscale=0
uncap_v_pose=1
uncap_v_present=0
uncap_v_scene=1
uncap_v_tick_rate=1
uncap_v_windows=1
uncap_windows=1
anim_sweep_host_60=x86-native
anim_sweep_mode=x86-native
gpu_ms_buckets=0.9640
gpu_ms_etie=0.0000
gpu_ms_generic=0.0095
gpu_ms_hfrag=0.0000
gpu_ms_merc=0.1732
gpu_ms_ocean=0.0019
gpu_ms_other=0.2561
gpu_ms_shrub=0.0020
gpu_ms_sprite=0.4443
gpu_ms_tfrag=0.0078
gpu_ms_tie=0.0019
hdr_aux_clamped_sites=aucun
hdr_build_flavour=normal
hdr_format=RGBA8
refset_bootstrap_boundary=before-play-actors-not-restored
refset_bootstrap_fingerprint=8cafacae708f4b5a
tick_drift_ms=0.0
uncap_ceiling_cause=indetermine
uncap_clock=render_pace
PACE-SWAP-X86 n=454 dt_ms=16.218
PACE-SWAP-X86 n=455 dt_ms=16.590
PACE-SWAP-X86 n=456 dt_ms=16.629
PACE-SWAP-X86 n=457 dt_ms=16.637
PACE-SWAP-X86 n=458 dt_ms=16.567
PACE-SWAP-X86 n=459 dt_ms=16.654
PACE-SWAP-X86 n=460 dt_ms=16.677
PACE-SWAP-X86 n=461 dt_ms=16.471
PACE-SWAP-X86 n=462 dt_ms=16.637
PACE-SWAP-X86 n=463 dt_ms=16.678
[58:46:539] [info] AOPERF mode=0 quality=1 strength=1 fps=60.1 busy_ms=0.68
PACE-SWAP-X86 n=464 dt_ms=16.710
PACE-SWAP-X86 n=465 dt_ms=16.610
PACE-SWAP-X86 n=466 dt_ms=16.673
PACE-SWAP-X86 n=467 dt_ms=16.599
PACE-SWAP-X86 n=468 dt_ms=16.651
PACE-SWAP-X86 n=469 dt_ms=16.651
PACE-SWAP-X86 n=470 dt_ms=16.568
PACE-SWAP-X86 n=471 dt_ms=16.594
PACE-SWAP-X86 n=472 dt_ms=16.691
PACE-SWAP-X86 n=473 dt_ms=16.742
PACE-SWAP-X86 n=474 dt_ms=16.461
PACE-SWAP-X86 n=475 dt_ms=16.678
PACE-SWAP-X86 n=476 dt_ms=16.489
PACE-SWAP-X86 n=477 dt_ms=16.692
PACE-SWAP-X86 n=478 dt_ms=16.587
PACE-SWAP-X86 n=479 dt_ms=16.686
PACE-SWAP-X86 n=480 dt_ms=16.592
PACE-SWAP-X86 n=481 dt_ms=16.755
PACE-SWAP-X86 n=482 dt_ms=16.490
PACE-SWAP-X86 n=483 dt_ms=16.728
PACE-SWAP-X86 n=484 dt_ms=16.686
PACE-SWAP-X86 n=485 dt_ms=16.621
PACE-SWAP-X86 n=486 dt_ms=16.771
PACE-SWAP-X86 n=487 dt_ms=16.495
PACE-SWAP-X86 n=488 dt_ms=16.571
PACE-SWAP-X86 n=489 dt_ms=16.592
PACE-SWAP-X86 n=490 dt_ms=16.660
PACE-SWAP-X86 n=491 dt_ms=16.606
PACE-SWAP-X86 n=492 dt_ms=16.623
PACE-SWAP-X86 n=493 dt_ms=16.663
PACE-SWAP-X86 n=494 dt_ms=16.577
[58:47:055] [info] [eyescale] slot=2 kind=iris draws=376 covered=0 changed=0 raw_min=0.3750 raw_max=0.3750 cov_raw_min=1000000000.0000 cov_raw_max=-1000000000.0000 cov_out_min=1000000000.0000 cov_out_max=-1000000000.0000 rest=0.37500 restshare=1.000 anchor=0.37500
[58:47:055] [info] [eyescale] slot=2 kind=pupil draws=376 covered=0 changed=0 raw_min=0.0000 raw_max=0.0000 cov_raw_min=1000000000.0000 cov_raw_max=-1000000000.0000 cov_out_min=1000000000.0000 cov_out_max=-1000000000.0000 rest=0.00000 restshare=1.000 anchor=0.00000
[58:47:055] [info] [eyescale] slot=3 kind=iris draws=376 covered=0 changed=0 raw_min=0.3750 raw_max=0.3750 cov_raw_min=1000000000.0000 cov_raw_max=-1000000000.0000 cov_out_min=1000000000.0000 cov_out_max=-1000000000.0000 rest=0.37500 restshare=1.000 anchor=0.37500
[58:47:056] [info] [eyescale] slot=3 kind=pupil draws=376 covered=0 changed=0 raw_min=0.0000 raw_max=0.0000 cov_raw_min=1000000000.0000 cov_raw_max=-1000000000.0000 cov_out_min=1000000000.0000 cov_out_max=-1000000000.0000 rest=0.00000 restshare=1.000 anchor=0.00000
PACE-SWAP-X86 n=495 dt_ms=16.607
PACE-SWAP-X86 n=496 dt_ms=16.659
PACE-SWAP-X86 n=497 dt_ms=16.556
PACE-SWAP-X86 n=498 dt_ms=16.650
PACE-SWAP-X86 n=499 dt_ms=16.658
PACE-SWAP-X86 n=500 dt_ms=16.610
PACE-SWAP-X86 n=501 dt_ms=16.612
PACE-SWAP-X86 n=502 dt_ms=16.665
PACE-SWAP-X86 n=503 dt_ms=16.541
PACE-SWAP-X86 n=504 dt_ms=16.657
PACE-SWAP-X86 n=505 dt_ms=16.546
PACE-SWAP-X86 n=506 dt_ms=16.655
PACE-SWAP-X86 n=507 dt_ms=16.646
PACE-SWAP-X86 n=508 dt_ms=16.625
PACE-SWAP-X86 n=509 dt_ms=16.571
PACE-SWAP-X86 n=510 dt_ms=16.612
PACE-SWAP-X86 n=511 dt_ms=16.696
PACE-SWAP-X86 n=512 dt_ms=16.570
PACE-SWAP-X86 n=513 dt_ms=16.692
AUTOPORT-FRAMES n=420
FEATURE lighting-census armed=1 hits=1232
anim_cen_blend=0
anim_cen_degen=0
anim_cen_done=0
anim_cen_hist_n=0
anim_cen_ident=1977
anim_cen_moved=0
anim_cen_movemax_q=0
anim_cen_oob=0
anim_cen_other=0
anim_cen_other_chan=0
anim_cen_other_p0z=0
anim_cen_other_unk=0
anim_cen_seekend=0
anim_cen_static=0
anim_cen_total=1977
anim_cen_zero=0
anim_cpp_ksum_x1000=421000
anim_djm_noroot=3656
anim_djm_rotv=0
anim_djm_shift=0
anim_djm_total=3656
anim_goal_ksum_x1000=420000
anim_pace_catchup_clamps=0
anim_pace_ceiling_clamps=0
anim_pace_grid_snaps=409
anim_pace_k_max=3
anim_pace_rebase_max_x1000=20
anim_pace_rebase_n=60
anim_pace_rebase_sum_x1000=1068
anim_pace_skip_frames=1
anim_probe_branch=0
anim_probe_jump_max_x1000=0
anim_probe_jump_steps=0
anim_probe_n=0
anim_probe_raw_frame_q=0
anim_probe_raw_id=0
anim_probe_raw_p0_q=0
anim_probe_raw_q=0
anim_probe_raw_rate_q=0
anim_probe_rawstep_mean_x1000=0
anim_probe_rawstep_n=0
anim_probe_rej_clamped=0
anim_probe_rej_frozen=0
anim_probe_rej_id=0
anim_probe_rej_rate=0
anim_probe_rej_step=0
anim_probe_rejected=0
anim_probe_samples=0
anim_probe_steps_60=0
anim_render_armed=1
anim_render_frames=420
anim_render_frames_retimed=0
anim_render_step_err_max_us=397
anim_render_step_err_pushed_us=488
anim_render_steps_judged=354
anim_step_bitexact_30=999999
anim_step_bitexact_60=999999
anim_step_disp_60_x100=5987
anim_step_ee_jitter_worst_us=1185
anim_step_eejit_60_us=1185
anim_step_fps_60_x100=5987
anim_step_frames_60=419
anim_step_jitter_60_us=999999
anim_step_jitter_worst_fps=0
anim_step_jitter_worst_us=999999
anim_step_localus_60=999999
anim_step_model_jitter_60_us=92
anim_step_model_jitter_worst_us=92
anim_step_nonident_30=999999
anim_step_nonident_60=999999
anim_step_nonidentgrid_30=999999
anim_step_nonidentgrid_60=999999
anim_step_offgrid_f60=11
anim_step_ongrid_30=999999
anim_step_ongrid_60=999999
anim_step_ongrid_f60=408
anim_step_present_jitter_worst_us=0
anim_step_rawjit_worst_us=999999
anim_step_rephase_f60=60
anim_step_steps_60=354
anim_step_straddle_dropped=0
anim_step_sweep_segments=0
anim_sweep_bitexact_fail=2
anim_sweep_defects=8
anim_sweep_eq_disp_x100=0
anim_sweep_jitter_over=0
anim_sweep_missing_rates=6
anim_sweep_rate_miss=0
anim_sweep_wanted=6
gpu_ms_frames=417
gpu_timer_supported=1
hd_fr3_stock=3
hdr_aux_clamped_reads=0
hdr_aux_guards=0
hdr_cfg_bad_first_cfg=0
hdr_cfg_bad_first_draw=0
hdr_cfg_bad_first_fmt8=0
hdr_cfg_bad_first_frame=0
hdr_cfg_bad_first_shader=0
hdr_cfg_bad_first_sites=0
hdr_cfg_bad_origine_lumiere=0
hdr_cfg_bad_origine_total=0
hdr_cfg_bad_recharged=0
hdr_cfg_frames_origine_lumiere=0
hdr_cfg_frames_origine_total=420
hdr_cfg_frames_recharged=0
hdr_chain_frames=0
hdr_curve_kink_max_x1000=10
hdr_curve_mode=0
hdr_curve_monotone_bad=0
hdr_curve_samples=8000
hdr_curve_unbounded_bad=0
hdr_defect_1_saturation=1
hdr_defect_2_hl_contrast=1
hdr_defect_3_curve=0
hdr_defect_4_origine_lumiere_set=1
hdr_defect_5_sites_three_configs=1
hdr_display_guards=2
hdr_fallback_used=0
hdr_frames=420
hdr_knee_x1000=900
hdr_lighting_on=0
hdr_master_on=0
hdr_oetf_occurrences=70
hdr_oetf_progs=5
hdr_overbright_px=0
hdr_probe_frames=0
hdr_probe_max_x1000=0
hdr_probe_px=0
hdr_probe_state=1
hdr_progs_scanned=53
hdr_tonemap_defects=4
hotreload_frame_bound_hits=0
hotreload_partial_frames=0
hotreload_passes=0
hotreload_pixels_changed=0
hotreload_regime=0
hotreload_reuploaded=0
hotreload_rt_bound_hits=0
lc_orig_A=0
lc_orig_B=0
lc_orig_C=0
lc_orig_D=0
lc_orig_E=0
lc_orig_light_A=0
lc_orig_light_B=0
lc_orig_light_C=0
lc_orig_light_D=0
lc_orig_light_E=0
lc_orig_light_un=0
lc_orig_un=0
lc_rech_A=0
lc_rech_B=0
lc_rech_C=0
lc_rech_D=0
lc_rech_E=0
lc_rech_un=0
ldr_ref_delta=0
light_census_A=0
light_census_B=0
light_census_C=0
light_census_D=0
light_census_E=0
light_census_classified=0
light_census_frames=420
light_census_rb_bad_0=0
light_census_rb_bad_1=0
light_census_rb_bad_2=0
light_census_rb_bad_3=0
light_census_rb_checks=0
light_census_rb_mismatch=0
light_census_rb_noloc=0
light_census_residual=0
light_census_total=0
light_census_un_depth=0
light_census_un_hfrag=0
light_census_un_stock=0
light_census_unaccounted=0
npc_evict_pass2=0
npc_evict_pressure_frames=0
npc_evict_refused_live_merc=0
npc_evict_straggler=0
npc_evict_with_live_merc=0
npc_evictable_while_drawing=1
npc_level_age_max=117
npc_level_evictions=0
npc_loaded_levels_max=2
npc_merc_keepalive_frames=393
npc_merc_key_missing=0
npc_merc_vec_empty=0
origin_bitexact_defects=1
origin_font_master_bypass=8
origin_mipmap_suppressed=0
origin_shrub_native_suppressed=0
refset_bootstrap_records=11
shade_draws_no_model=0
shade_frames=420
shade_gate_reads_outside=5
shade_hits=0
shade_hosts=5
shade_hosts_missing=0
shade_model_lines=2496
shade_prog_track_checks=420
shade_prog_track_mismatch=0
shade_programs_seen=53
shade_variants=1
shade_world_frag_lines=13347
tick_alpha_unified=1
tick_armed=0
tick_catchup_clamps=0
tick_ceiling_clamps=0
tick_conserve_err_pct_x100=0
tick_conserve_frames=0
tick_frames=0
tick_lock_armed=1
tick_lock_err_pct_x100=0
tick_lock_events=0
tick_lock_strict=1
tick_lock_transients=0
tick_locked_pct=0
tick_pose_err_pct_x100=999999
tick_pose_frames=0
tick_pose_frames_retimed=0
tick_pose_steps_judged=0
tick_rate_dev_pct_x100=999999
tick_rate_windows=0
tick_ticks=0
tick_time_dropped_ms=0
tick_time_fabricated_us=0
tick_unlock_events=0
tick_worst_dev_pct_x100=999999
tonemap_draws=0
tonemap_sites=1
tonemap_sites_config=1
tonemap_sites_cumulative=0
tonemap_sites_explicit=0
tonemap_sites_implicit=0
tonemap_sites_shader=0
uncap_armed=1
uncap_busy_hz_x100=45180
uncap_cap_fps_x100=6000
uncap_cap_setting_x100=6000
uncap_ceiling_busy_ms_x100=221
uncap_ceiling_busy_samples=300
uncap_ceiling_cap_fps_x100=6000
uncap_ceiling_config_stable=0
uncap_ceiling_frames=0
uncap_ceiling_hz=60
uncap_ceiling_hz_x100=5982
uncap_ceiling_panel_hz=60
uncap_ceiling_swap_interval_applied=1
uncap_ceiling_swap_interval_wanted=1
uncap_ceiling_window=1
uncap_choice_fps=60
uncap_choice_index=2
uncap_choice_unlimited=0
uncap_choices_expected=8
uncap_choices_n=8
uncap_defects=5
uncap_disp_fps_max_x100=5982
uncap_dynscale_target_max=60
uncap_frames=419
uncap_over_windows=0
uncap_panel_hz=60
uncap_pose_err=397
uncap_pose_tol=833
uncap_present_mismatch_frames=0
uncap_presents=396
uncap_regime_entered=0
uncap_scene_dev_pct_x100=999999
uncap_scene_last_units_per_s_x100=102086
uncap_scene_units_per_s_x100=0
uncap_scene_vblanks=421
uncap_scene_window_dev_pct_x100=999999
uncap_scene_windows=1
uncap_swap_interval_applied=0
uncap_swap_interval_wanted=0
uncap_target_fps_x100=6000
uncap_tick_rate_dev_pct_x100=999999
uncap_time_dropped_ms=0
uncap_v_cap=1
uncap_v_ceiling=1
uncap_v_choices=0
uncap_v_dynscale=0
uncap_v_pose=0
uncap_v_present=0
uncap_v_scene=1
uncap_v_tick_rate=1
uncap_v_windows=1
uncap_windows=1
anim_sweep_host_60=x86-native
anim_sweep_mode=x86-native
gpu_ms_buckets=0.9689
gpu_ms_etie=0.0000
gpu_ms_generic=0.0095
gpu_ms_hfrag=0.0000
gpu_ms_merc=0.1791
gpu_ms_ocean=0.0019
gpu_ms_other=0.2543
gpu_ms_shrub=0.0019
gpu_ms_sprite=0.4452
gpu_ms_tfrag=0.0077
gpu_ms_tie=0.0019
hdr_aux_clamped_sites=aucun
hdr_build_flavour=normal
hdr_format=RGBA8
refset_bootstrap_boundary=before-play-actors-not-restored
refset_bootstrap_fingerprint=8cafacae708f4b5a
tick_drift_ms=0.0
uncap_ceiling_cause=indetermine
uncap_clock=render_pace
PACE-SWAP-X86 n=514 dt_ms=16.602
PACE-SWAP-X86 n=515 dt_ms=16.605
PACE-SWAP-X86 n=516 dt_ms=16.632
PACE-SWAP-X86 n=517 dt_ms=16.685
PACE-SWAP-X86 n=518 dt_ms=16.563
PACE-SWAP-X86 n=519 dt_ms=16.546
PACE-SWAP-X86 n=520 dt_ms=16.774
PACE-SWAP-X86 n=521 dt_ms=16.593
PACE-SWAP-X86 n=522 dt_ms=16.563
PACE-SWAP-X86 n=523 dt_ms=16.692
PACE-SWAP-X86 n=524 dt_ms=16.565
PACE-SWAP-X86 n=525 dt_ms=16.544
PACE-SWAP-X86 n=526 dt_ms=16.747
PACE-SWAP-X86 n=527 dt_ms=16.571
HDSKINMODEL model=eichar-lod0 load_id=18446744073709551615 max_bones=81 known=1 used=79 list=3,4,5,6,7,8,9,10,11,12,13,14,15,16,17,18,19,20,21,22,23,24,25,26,27,28,29,30,31,32,33,34,35,36,37,38,39,40,41,42,43,44,45,46,47,48,49,50,51,52,53,54,55,56,57,58,59,60,61,62,63,64,65,66,67,68,69,70,71,72,73,74,75,76,77,78,79,80,81,
PACE-SWAP-X86 n=528 dt_ms=16.364
PACE-SWAP-X86 n=529 dt_ms=16.633
PACE-SWAP-X86 n=530 dt_ms=16.627
PACE-SWAP-X86 n=531 dt_ms=16.606
PACE-SWAP-X86 n=532 dt_ms=16.554
PACE-SWAP-X86 n=533 dt_ms=16.632
PACE-SWAP-X86 n=534 dt_ms=16.651
PACE-SWAP-X86 n=535 dt_ms=16.626
PACE-SWAP-X86 n=536 dt_ms=16.648
PACE-SWAP-X86 n=537 dt_ms=16.564
PACE-SWAP-X86 n=538 dt_ms=16.630
PACE-SWAP-X86 n=539 dt_ms=16.641
PACE-SWAP-X86 n=540 dt_ms=16.700
PACE-SWAP-X86 n=541 dt_ms=16.633
PACE-SWAP-X86 n=542 dt_ms=16.676
PACE-SWAP-X86 n=543 dt_ms=16.534
PACE-SWAP-X86 n=544 dt_ms=16.636
PACE-SWAP-X86 n=545 dt_ms=16.549
PACE-SWAP-X86 n=546 dt_ms=16.654
PACE-SWAP-X86 n=547 dt_ms=16.550
PACE-SWAP-X86 n=548 dt_ms=16.605
PACE-SWAP-X86 n=549 dt_ms=16.700
PACE-SWAP-X86 n=550 dt_ms=16.656
PACE-SWAP-X86 n=551 dt_ms=16.561
PACE-SWAP-X86 n=552 dt_ms=16.586
PACE-SWAP-X86 n=553 dt_ms=16.643
PACE-SWAP-X86 n=554 dt_ms=16.583
PACE-SWAP-X86 n=555 dt_ms=16.628
PACE-SWAP-X86 n=556 dt_ms=16.629
PACE-SWAP-X86 n=557 dt_ms=16.598
PACE-SWAP-X86 n=558 dt_ms=16.579
PACE-SWAP-X86 n=559 dt_ms=16.704
PACE-SWAP-X86 n=560 dt_ms=16.526
PACE-SWAP-X86 n=561 dt_ms=16.579
PACE-SWAP-X86 n=562 dt_ms=16.689
PACE-SWAP-X86 n=563 dt_ms=16.621
PACE-SWAP-X86 n=564 dt_ms=16.591
PACE-SWAP-X86 n=565 dt_ms=16.647
PACE-SWAP-X86 n=566 dt_ms=16.544
PACE-SWAP-X86 n=567 dt_ms=16.629
PACE-SWAP-X86 n=568 dt_ms=16.637
PACE-SWAP-X86 n=569 dt_ms=16.561
PACE-SWAP-X86 n=570 dt_ms=16.740
PACE-SWAP-X86 n=571 dt_ms=16.541
PACE-SWAP-X86 n=572 dt_ms=16.797
PACE-SWAP-X86 n=573 dt_ms=16.410
AUTOPORT-FRAMES n=480
FEATURE lighting-census armed=1 hits=1412
anim_cen_blend=0
anim_cen_degen=0
anim_cen_done=0
anim_cen_hist_n=0
anim_cen_ident=2277
anim_cen_moved=0
anim_cen_movemax_q=0
anim_cen_oob=0
anim_cen_other=0
anim_cen_other_chan=0
anim_cen_other_p0z=0
anim_cen_other_unk=0
anim_cen_seekend=0
anim_cen_static=0
anim_cen_total=2277
anim_cen_zero=0
anim_cpp_ksum_x1000=481000
anim_djm_noroot=4196
anim_djm_rotv=0
anim_djm_shift=0
anim_djm_total=4196
anim_goal_ksum_x1000=480000
anim_pace_catchup_clamps=0
anim_pace_ceiling_clamps=0
anim_pace_grid_snaps=469
anim_pace_k_max=3
anim_pace_rebase_max_x1000=20
anim_pace_rebase_n=60
anim_pace_rebase_sum_x1000=1068
anim_pace_skip_frames=1
anim_probe_branch=0
anim_probe_jump_max_x1000=0
anim_probe_jump_steps=0
anim_probe_n=0
anim_probe_raw_frame_q=0
anim_probe_raw_id=0
anim_probe_raw_p0_q=0
anim_probe_raw_q=0
anim_probe_raw_rate_q=0
anim_probe_rawstep_mean_x1000=0
anim_probe_rawstep_n=0
anim_probe_rej_clamped=0
anim_probe_rej_frozen=0
anim_probe_rej_id=0
anim_probe_rej_rate=0
anim_probe_rej_step=0
anim_probe_rejected=0
anim_probe_samples=0
anim_probe_steps_60=0
anim_render_armed=1
anim_render_frames=480
anim_render_frames_retimed=0
anim_render_step_err_max_us=397
anim_render_step_err_pushed_us=488
anim_render_steps_judged=414
anim_step_bitexact_30=999999
anim_step_bitexact_60=999999
anim_step_disp_60_x100=5988
anim_step_ee_jitter_worst_us=1108
anim_step_eejit_60_us=1108
anim_step_fps_60_x100=5988
anim_step_frames_60=479
anim_step_jitter_60_us=999999
anim_step_jitter_worst_fps=0
anim_step_jitter_worst_us=999999
anim_step_localus_60=999999
anim_step_model_jitter_60_us=90
anim_step_model_jitter_worst_us=90
anim_step_nonident_30=999999
anim_step_nonident_60=999999
anim_step_nonidentgrid_30=999999
anim_step_nonidentgrid_60=999999
anim_step_offgrid_f60=11
anim_step_ongrid_30=999999
anim_step_ongrid_60=999999
anim_step_ongrid_f60=468
anim_step_present_jitter_worst_us=0
anim_step_rawjit_worst_us=999999
anim_step_rephase_f60=60
anim_step_steps_60=414
anim_step_straddle_dropped=0
anim_step_sweep_segments=0
anim_sweep_bitexact_fail=2
anim_sweep_defects=8
anim_sweep_eq_disp_x100=0
anim_sweep_jitter_over=0
anim_sweep_missing_rates=6
anim_sweep_rate_miss=0
anim_sweep_wanted=6
gpu_ms_frames=477
gpu_timer_supported=1
hd_fr3_stock=3
hdr_aux_clamped_reads=0
hdr_aux_guards=0
hdr_cfg_bad_first_cfg=0
hdr_cfg_bad_first_draw=0
hdr_cfg_bad_first_fmt8=0
hdr_cfg_bad_first_frame=0
hdr_cfg_bad_first_shader=0
hdr_cfg_bad_first_sites=0
hdr_cfg_bad_origine_lumiere=0
hdr_cfg_bad_origine_total=0
hdr_cfg_bad_recharged=0
hdr_cfg_frames_origine_lumiere=0
hdr_cfg_frames_origine_total=480
hdr_cfg_frames_recharged=0
hdr_chain_frames=0
hdr_curve_kink_max_x1000=10
hdr_curve_mode=0
hdr_curve_monotone_bad=0
hdr_curve_samples=8000
hdr_curve_unbounded_bad=0
hdr_defect_1_saturation=1
hdr_defect_2_hl_contrast=1
hdr_defect_3_curve=0
hdr_defect_4_origine_lumiere_set=1
hdr_defect_5_sites_three_configs=1
hdr_display_guards=2
hdr_fallback_used=0
hdr_frames=480
hdr_knee_x1000=900
hdr_lighting_on=0
hdr_master_on=0
hdr_oetf_occurrences=70
hdr_oetf_progs=5
hdr_overbright_px=0
hdr_probe_frames=0
hdr_probe_max_x1000=0
hdr_probe_px=0
hdr_probe_state=1
hdr_progs_scanned=53
hdr_tonemap_defects=4
hotreload_frame_bound_hits=0
hotreload_partial_frames=0
hotreload_passes=0
hotreload_pixels_changed=0
hotreload_regime=0
hotreload_reuploaded=0
hotreload_rt_bound_hits=0
lc_orig_A=0
lc_orig_B=0
lc_orig_C=0
lc_orig_D=0
lc_orig_E=0
lc_orig_light_A=0
lc_orig_light_B=0
lc_orig_light_C=0
lc_orig_light_D=0
lc_orig_light_E=0
lc_orig_light_un=0
lc_orig_un=0
lc_rech_A=0
lc_rech_B=0
lc_rech_C=0
lc_rech_D=0
lc_rech_E=0
lc_rech_un=0
ldr_ref_delta=0
light_census_A=0
light_census_B=0
light_census_C=0
light_census_D=0
light_census_E=0
light_census_classified=0
light_census_frames=480
light_census_rb_bad_0=0
light_census_rb_bad_1=0
light_census_rb_bad_2=0
light_census_rb_bad_3=0
light_census_rb_checks=0
light_census_rb_mismatch=0
light_census_rb_noloc=0
light_census_residual=0
light_census_total=0
light_census_un_depth=0
light_census_un_hfrag=0
light_census_un_stock=0
light_census_unaccounted=0
npc_evict_pass2=0
npc_evict_pressure_frames=0
npc_evict_refused_live_merc=0
npc_evict_straggler=0
npc_evict_with_live_merc=0
npc_evictable_while_drawing=1
npc_level_age_max=177
npc_level_evictions=0
npc_loaded_levels_max=2
npc_merc_keepalive_frames=453
npc_merc_key_missing=0
npc_merc_vec_empty=0
origin_bitexact_defects=1
origin_font_master_bypass=8
origin_mipmap_suppressed=0
origin_shrub_native_suppressed=0
refset_bootstrap_records=11
shade_draws_no_model=0
shade_frames=480
shade_gate_reads_outside=5
shade_hits=0
shade_hosts=5
shade_hosts_missing=0
shade_model_lines=2496
shade_prog_track_checks=480
shade_prog_track_mismatch=0
shade_programs_seen=53
shade_variants=1
shade_world_frag_lines=13347
tick_alpha_unified=1
tick_armed=0
tick_catchup_clamps=0
tick_ceiling_clamps=0
tick_conserve_err_pct_x100=0
tick_conserve_frames=0
tick_frames=0
tick_lock_armed=1
tick_lock_err_pct_x100=0
tick_lock_events=0
tick_lock_strict=1
tick_lock_transients=0
tick_locked_pct=0
tick_pose_err_pct_x100=999999
tick_pose_frames=0
tick_pose_frames_retimed=0
tick_pose_steps_judged=0
tick_rate_dev_pct_x100=999999
tick_rate_windows=0
tick_ticks=0
tick_time_dropped_ms=0
tick_time_fabricated_us=0
tick_unlock_events=0
tick_worst_dev_pct_x100=999999
tonemap_draws=0
tonemap_sites=1
tonemap_sites_config=1
tonemap_sites_cumulative=0
tonemap_sites_explicit=0
tonemap_sites_implicit=0
tonemap_sites_shader=0
uncap_armed=1
uncap_busy_hz_x100=45180
uncap_cap_fps_x100=6000
uncap_cap_setting_x100=6000
uncap_ceiling_busy_ms_x100=221
uncap_ceiling_busy_samples=300
uncap_ceiling_cap_fps_x100=6000
uncap_ceiling_config_stable=0
uncap_ceiling_frames=0
uncap_ceiling_hz=60
uncap_ceiling_hz_x100=5982
uncap_ceiling_panel_hz=60
uncap_ceiling_swap_interval_applied=1
uncap_ceiling_swap_interval_wanted=1
uncap_ceiling_window=1
uncap_choice_fps=60
uncap_choice_index=2
uncap_choice_unlimited=0
uncap_choices_expected=8
uncap_choices_n=8
uncap_defects=5
uncap_disp_fps_max_x100=5982
uncap_dynscale_target_max=60
uncap_frames=479
uncap_over_windows=0
uncap_panel_hz=60
uncap_pose_err=397
uncap_pose_tol=833
uncap_present_mismatch_frames=0
uncap_presents=396
uncap_regime_entered=0
uncap_scene_dev_pct_x100=999999
uncap_scene_last_units_per_s_x100=102086
uncap_scene_units_per_s_x100=0
uncap_scene_vblanks=481
uncap_scene_window_dev_pct_x100=999999
uncap_scene_windows=1
uncap_swap_interval_applied=0
uncap_swap_interval_wanted=0
uncap_target_fps_x100=6000
uncap_tick_rate_dev_pct_x100=999999
uncap_time_dropped_ms=0
uncap_v_cap=1
uncap_v_ceiling=1
uncap_v_choices=0
uncap_v_dynscale=0
uncap_v_pose=0
uncap_v_present=0
uncap_v_scene=1
uncap_v_tick_rate=1
uncap_v_windows=1
uncap_windows=1
anim_sweep_host_60=x86-native
anim_sweep_mode=x86-native
gpu_ms_buckets=0.9879
gpu_ms_etie=0.0000
gpu_ms_generic=0.0095
gpu_ms_hfrag=0.0000
gpu_ms_merc=0.1891
gpu_ms_ocean=0.0019
gpu_ms_other=0.2627
gpu_ms_shrub=0.0019
gpu_ms_sprite=0.4459
gpu_ms_tfrag=0.0077
gpu_ms_tie=0.0019
hdr_aux_clamped_sites=aucun
hdr_build_flavour=normal
hdr_format=RGBA8
refset_bootstrap_boundary=before-play-actors-not-restored
refset_bootstrap_fingerprint=8cafacae708f4b5a
tick_drift_ms=0.0
uncap_ceiling_cause=indetermine
uncap_clock=render_pace
PACE-SWAP-X86 n=574 dt_ms=16.604
[58:48:389] [info] [eyescale] slot=0 kind=iris draws=48 covered=0 changed=0 raw_min=0.8906 raw_max=0.8906 cov_raw_min=1000000000.0000 cov_raw_max=-1000000000.0000 cov_out_min=1000000000.0000 cov_out_max=-1000000000.0000 rest=0.89062 restshare=1.000 anchor=0.89062
[58:48:389] [info] [eyescale] slot=0 kind=pupil draws=48 covered=0 changed=0 raw_min=0.4375 raw_max=0.4375 cov_raw_min=1000000000.0000 cov_raw_max=-1000000000.0000 cov_out_min=1000000000.0000 cov_out_max=-1000000000.0000 rest=0.43750 restshare=1.000 anchor=0.43750
[58:48:389] [info] [eyescale] slot=1 kind=iris draws=48 covered=0 changed=0 raw_min=0.8906 raw_max=0.8906 cov_raw_min=1000000000.0000 cov_raw_max=-1000000000.0000 cov_out_min=1000000000.0000 cov_out_max=-1000000000.0000 rest=0.89062 restshare=1.000 anchor=0.89062
[58:48:389] [info] [eyescale] slot=1 kind=pupil draws=48 covered=0 changed=0 raw_min=0.4375 raw_max=0.4375 cov_raw_min=1000000000.0000 cov_raw_max=-1000000000.0000 cov_out_min=1000000000.0000 cov_out_max=-1000000000.0000 rest=0.43750 restshare=1.000 anchor=0.43750
[58:48:389] [info] [eyescale] slot=2 kind=iris draws=456 covered=0 changed=0 raw_min=0.3750 raw_max=0.3750 cov_raw_min=1000000000.0000 cov_raw_max=-1000000000.0000 cov_out_min=1000000000.0000 cov_out_max=-1000000000.0000 rest=0.37500 restshare=1.000 anchor=0.37500
[58:48:389] [info] [eyescale] slot=2 kind=pupil draws=456 covered=0 changed=0 raw_min=0.0000 raw_max=0.0000 cov_raw_min=1000000000.0000 cov_raw_max=-1000000000.0000 cov_out_min=1000000000.0000 cov_out_max=-1000000000.0000 rest=0.00000 restshare=1.000 anchor=0.00000
[58:48:389] [info] [eyescale] slot=3 kind=iris draws=456 covered=0 changed=0 raw_min=0.3750 raw_max=0.3750 cov_raw_min=1000000000.0000 cov_raw_max=-1000000000.0000 cov_out_min=1000000000.0000 cov_out_max=-1000000000.0000 rest=0.37500 restshare=1.000 anchor=0.37500
[58:48:389] [info] [eyescale] slot=3 kind=pupil draws=456 covered=0 changed=0 raw_min=0.0000 raw_max=0.0000 cov_raw_min=1000000000.0000 cov_raw_max=-1000000000.0000 cov_out_min=1000000000.0000 cov_out_max=-1000000000.0000 rest=0.00000 restshare=1.000 anchor=0.00000
PACE-SWAP-X86 n=575 dt_ms=16.568
PACE-SWAP-X86 n=576 dt_ms=16.944
PACE-SWAP-X86 n=577 dt_ms=16.445
PACE-SWAP-X86 n=578 dt_ms=16.515
A36-STR-DIAG rpc name="ndi-intro" chunk=3 ee_addr=0xc1c00 maxlen=0x3fc00
[58:48:455] [debug] [OVERLORD] LoadISOFileChunkToEE NDINTRO STR : 118784 offset 167
[58:48:455] [debug] [OVERLORD] Queue 2 (1/4), LoadSingle
[58:48:455] [debug]   PRI 2 elt 0 LoadSingle @ #x7FDAF18DB840
[58:48:455] [debug]   PRI 3 elt 0 QueueVAG @ #xC471A0
[58:48:455] [debug] [OVERLORD] FS Open NDINTRO STR
[58:48:461] [debug] [OVERLORD] FS_Close NDINTRO STR @ 97/263
[58:48:461] [debug]   PRI 3 elt 0 QueueVAG @ #xC471A0
PACE-SWAP-X86 n=579 dt_ms=16.494
[58:48:472] [debug] link finish: ndi-intro
PACE-SWAP-X86 n=580 dt_ms=16.791
PACE-SWAP-X86 n=581 dt_ms=16.615
PACE-SWAP-X86 n=582 dt_ms=16.498
PACE-SWAP-X86 n=583 dt_ms=16.858
PACE-SWAP-X86 n=584 dt_ms=16.276
PACE-SWAP-X86 n=585 dt_ms=16.646
PACE-SWAP-X86 n=586 dt_ms=16.758
PACE-SWAP-X86 n=587 dt_ms=16.520
PACE-SWAP-X86 n=588 dt_ms=16.652
PACE-SWAP-X86 n=589 dt_ms=16.574
PACE-SWAP-X86 n=590 dt_ms=16.506
PACE-SWAP-X86 n=591 dt_ms=16.493
PACE-SWAP-X86 n=592 dt_ms=16.748
PACE-SWAP-X86 n=593 dt_ms=16.532
PACE-SWAP-X86 n=594 dt_ms=16.606
PACE-SWAP-X86 n=595 dt_ms=16.652
PACE-SWAP-X86 n=596 dt_ms=16.591
PACE-SWAP-X86 n=597 dt_ms=16.549
PACE-SWAP-X86 n=598 dt_ms=16.527
PACE-SWAP-X86 n=599 dt_ms=16.712
PACE-SWAP-X86 n=600 dt_ms=16.524
PACE-SWAP-X86 n=601 dt_ms=16.643
PACE-SWAP-X86 n=602 dt_ms=16.676
PACE-SWAP-X86 n=603 dt_ms=16.541
PACE-SWAP-X86 n=604 dt_ms=16.797
PACE-SWAP-X86 n=605 dt_ms=16.497
PACE-SWAP-X86 n=606 dt_ms=16.701
PACE-SWAP-X86 n=607 dt_ms=16.584
PACE-SWAP-X86 n=608 dt_ms=16.490
PACE-SWAP-X86 n=609 dt_ms=16.608
PACE-SWAP-X86 n=610 dt_ms=16.632
PACE-SWAP-X86 n=611 dt_ms=16.483
PACE-SWAP-X86 n=612 dt_ms=16.661
PACE-SWAP-X86 n=613 dt_ms=16.772
PACE-SWAP-X86 n=614 dt_ms=16.548
PACE-SWAP-X86 n=615 dt_ms=16.614
PACE-SWAP-X86 n=616 dt_ms=16.583
PACE-SWAP-X86 n=617 dt_ms=16.552
PACE-SWAP-X86 n=618 dt_ms=16.642
PACE-SWAP-X86 n=619 dt_ms=16.707
PACE-SWAP-X86 n=620 dt_ms=16.458
PACE-SWAP-X86 n=621 dt_ms=16.593
PACE-SWAP-X86 n=622 dt_ms=16.643
PACE-SWAP-X86 n=623 dt_ms=16.563
PACE-SWAP-X86 n=624 dt_ms=16.600
PACE-SWAP-X86 n=625 dt_ms=16.731
PACE-SWAP-X86 n=626 dt_ms=16.472
PACE-SWAP-X86 n=627 dt_ms=16.615
PACE-SWAP-X86 n=628 dt_ms=16.618
PACE-SWAP-X86 n=629 dt_ms=16.560
PACE-SWAP-X86 n=630 dt_ms=16.629
PACE-SWAP-X86 n=631 dt_ms=16.625
PACE-SWAP-X86 n=632 dt_ms=16.574
PACE-SWAP-X86 n=633 dt_ms=16.655
AUTOPORT-FRAMES n=540
FEATURE lighting-census armed=1 hits=1592
anim_cen_blend=0
anim_cen_degen=0
anim_cen_done=0
anim_cen_hist_n=0
anim_cen_ident=2577
anim_cen_moved=0
anim_cen_movemax_q=0
anim_cen_oob=0
anim_cen_other=0
anim_cen_other_chan=0
anim_cen_other_p0z=0
anim_cen_other_unk=0
anim_cen_seekend=0
anim_cen_static=0
anim_cen_total=2577
anim_cen_zero=0
anim_cpp_ksum_x1000=541000
anim_djm_noroot=4736
anim_djm_rotv=0
anim_djm_shift=0
anim_djm_total=4736
anim_goal_ksum_x1000=540000
anim_pace_catchup_clamps=0
anim_pace_ceiling_clamps=0
anim_pace_grid_snaps=527
anim_pace_k_max=3
anim_pace_rebase_max_x1000=20
anim_pace_rebase_n=64
anim_pace_rebase_sum_x1000=1071
anim_pace_skip_frames=1
anim_probe_branch=0
anim_probe_jump_max_x1000=0
anim_probe_jump_steps=0
anim_probe_n=0
anim_probe_raw_frame_q=0
anim_probe_raw_id=0
anim_probe_raw_p0_q=0
anim_probe_raw_q=0
anim_probe_raw_rate_q=0
anim_probe_rawstep_mean_x1000=0
anim_probe_rawstep_n=0
anim_probe_rej_clamped=0
anim_probe_rej_frozen=0
anim_probe_rej_id=0
anim_probe_rej_rate=0
anim_probe_rej_step=0
anim_probe_rejected=0
anim_probe_samples=0
anim_probe_steps_60=0
anim_render_armed=1
anim_render_frames=540
anim_render_frames_retimed=0
anim_render_step_err_max_us=397
anim_render_step_err_pushed_us=488
anim_render_steps_judged=471
anim_step_bitexact_30=999999
anim_step_bitexact_60=999999
anim_step_disp_60_x100=5990
anim_step_ee_jitter_worst_us=1046
anim_step_eejit_60_us=1046
anim_step_fps_60_x100=5990
anim_step_frames_60=539
anim_step_jitter_60_us=999999
anim_step_jitter_worst_fps=0
anim_step_jitter_worst_us=999999
anim_step_localus_60=999999
anim_step_model_jitter_60_us=94
anim_step_model_jitter_worst_us=94
anim_step_nonident_30=999999
anim_step_nonident_60=999999
anim_step_nonidentgrid_30=999999
anim_step_nonidentgrid_60=999999
anim_step_offgrid_f60=13
anim_step_ongrid_30=999999
anim_step_ongrid_60=999999
anim_step_ongrid_f60=526
anim_step_present_jitter_worst_us=0
anim_step_rawjit_worst_us=999999
anim_step_rephase_f60=64
anim_step_steps_60=471
anim_step_straddle_dropped=0
anim_step_sweep_segments=0
anim_sweep_bitexact_fail=2
anim_sweep_defects=8
anim_sweep_eq_disp_x100=0
anim_sweep_jitter_over=0
anim_sweep_missing_rates=6
anim_sweep_rate_miss=0
anim_sweep_wanted=6
gpu_ms_frames=537
gpu_timer_supported=1
hd_fr3_stock=3
hdr_aux_clamped_reads=0
hdr_aux_guards=0
hdr_cfg_bad_first_cfg=0
hdr_cfg_bad_first_draw=0
hdr_cfg_bad_first_fmt8=0
hdr_cfg_bad_first_frame=0
hdr_cfg_bad_first_shader=0
hdr_cfg_bad_first_sites=0
hdr_cfg_bad_origine_lumiere=0
hdr_cfg_bad_origine_total=0
hdr_cfg_bad_recharged=0
hdr_cfg_frames_origine_lumiere=0
hdr_cfg_frames_origine_total=540
hdr_cfg_frames_recharged=0
hdr_chain_frames=0
hdr_curve_kink_max_x1000=10
hdr_curve_mode=0
hdr_curve_monotone_bad=0
hdr_curve_samples=8000
hdr_curve_unbounded_bad=0
hdr_defect_1_saturation=1
hdr_defect_2_hl_contrast=1
hdr_defect_3_curve=0
hdr_defect_4_origine_lumiere_set=1
hdr_defect_5_sites_three_configs=1
hdr_display_guards=2
hdr_fallback_used=0
hdr_frames=540
hdr_knee_x1000=900
hdr_lighting_on=0
hdr_master_on=0
hdr_oetf_occurrences=70
hdr_oetf_progs=5
hdr_overbright_px=0
hdr_probe_frames=0
hdr_probe_max_x1000=0
hdr_probe_px=0
hdr_probe_state=1
hdr_progs_scanned=53
hdr_tonemap_defects=4
hotreload_frame_bound_hits=0
hotreload_partial_frames=0
hotreload_passes=0
hotreload_pixels_changed=0
hotreload_regime=0
hotreload_reuploaded=0
hotreload_rt_bound_hits=0
lc_orig_A=0
lc_orig_B=0
lc_orig_C=0
lc_orig_D=0
lc_orig_E=0
lc_orig_light_A=0
lc_orig_light_B=0
lc_orig_light_C=0
lc_orig_light_D=0
lc_orig_light_E=0
lc_orig_light_un=0
lc_orig_un=0
lc_rech_A=0
lc_rech_B=0
lc_rech_C=0
lc_rech_D=0
lc_rech_E=0
lc_rech_un=0
ldr_ref_delta=0
light_census_A=0
light_census_B=0
light_census_C=0
light_census_D=0
light_census_E=0
light_census_classified=0
light_census_frames=540
light_census_rb_bad_0=0
light_census_rb_bad_1=0
light_census_rb_bad_2=0
light_census_rb_bad_3=0
light_census_rb_checks=0
light_census_rb_mismatch=0
light_census_rb_noloc=0
light_census_residual=0
light_census_total=0
light_census_un_depth=0
light_census_un_hfrag=0
light_census_un_stock=0
light_census_unaccounted=0
npc_evict_pass2=0
npc_evict_pressure_frames=0
npc_evict_refused_live_merc=0
npc_evict_straggler=0
npc_evict_with_live_merc=0
npc_evictable_while_drawing=1
npc_level_age_max=237
npc_level_evictions=0
npc_loaded_levels_max=2
npc_merc_keepalive_frames=513
npc_merc_key_missing=0
npc_merc_vec_empty=0
origin_bitexact_defects=1
origin_font_master_bypass=8
origin_mipmap_suppressed=0
origin_shrub_native_suppressed=0
refset_bootstrap_records=11
shade_draws_no_model=0
shade_frames=540
shade_gate_reads_outside=5
shade_hits=0
shade_hosts=5
shade_hosts_missing=0
shade_model_lines=2496
shade_prog_track_checks=540
shade_prog_track_mismatch=0
shade_programs_seen=53
shade_variants=1
shade_world_frag_lines=13347
tick_alpha_unified=1
tick_armed=0
tick_catchup_clamps=0
tick_ceiling_clamps=0
tick_conserve_err_pct_x100=0
tick_conserve_frames=0
tick_frames=0
tick_lock_armed=1
tick_lock_err_pct_x100=0
tick_lock_events=0
tick_lock_strict=1
tick_lock_transients=0
tick_locked_pct=0
tick_pose_err_pct_x100=999999
tick_pose_frames=0
tick_pose_frames_retimed=0
tick_pose_steps_judged=0
tick_rate_dev_pct_x100=999999
tick_rate_windows=0
tick_ticks=0
tick_time_dropped_ms=0
tick_time_fabricated_us=0
tick_unlock_events=0
tick_worst_dev_pct_x100=999999
tonemap_draws=0
tonemap_sites=1
tonemap_sites_config=1
tonemap_sites_cumulative=0
tonemap_sites_explicit=0
tonemap_sites_implicit=0
tonemap_sites_shader=0
uncap_armed=1
uncap_busy_hz_x100=45180
uncap_cap_fps_x100=6000
uncap_cap_setting_x100=6000
uncap_ceiling_busy_ms_x100=221
uncap_ceiling_busy_samples=300
uncap_ceiling_cap_fps_x100=6000
uncap_ceiling_config_stable=0
uncap_ceiling_frames=0
uncap_ceiling_hz=60
uncap_ceiling_hz_x100=5982
uncap_ceiling_panel_hz=60
uncap_ceiling_swap_interval_applied=1
uncap_ceiling_swap_interval_wanted=1
uncap_ceiling_window=1
uncap_choice_fps=60
uncap_choice_index=2
uncap_choice_unlimited=0
uncap_choices_expected=8
uncap_choices_n=8
uncap_defects=5
uncap_disp_fps_max_x100=5982
uncap_dynscale_target_max=60
uncap_frames=539
uncap_over_windows=0
uncap_panel_hz=60
uncap_pose_err=397
uncap_pose_tol=833
uncap_present_mismatch_frames=0
uncap_presents=396
uncap_regime_entered=0
uncap_scene_dev_pct_x100=999999
uncap_scene_last_units_per_s_x100=102086
uncap_scene_units_per_s_x100=0
uncap_scene_vblanks=541
uncap_scene_window_dev_pct_x100=999999
uncap_scene_windows=1
uncap_swap_interval_applied=0
uncap_swap_interval_wanted=0
uncap_target_fps_x100=6000
uncap_tick_rate_dev_pct_x100=999999
uncap_time_dropped_ms=0
uncap_v_cap=1
uncap_v_ceiling=1
uncap_v_choices=0
uncap_v_dynscale=0
uncap_v_pose=0
uncap_v_present=0
uncap_v_scene=1
uncap_v_tick_rate=1
uncap_v_windows=1
uncap_windows=1
anim_sweep_host_60=x86-native
anim_sweep_mode=x86-native
gpu_ms_buckets=1.0106
gpu_ms_etie=0.0000
gpu_ms_generic=0.0095
gpu_ms_hfrag=0.0000
gpu_ms_merc=0.1998
gpu_ms_ocean=0.0019
gpu_ms_other=0.2751
gpu_ms_shrub=0.0019
gpu_ms_sprite=0.4456
gpu_ms_tfrag=0.0077
gpu_ms_tie=0.0019
hdr_aux_clamped_sites=aucun
hdr_build_flavour=normal
hdr_format=RGBA8
refset_bootstrap_boundary=before-play-actors-not-restored
refset_bootstrap_fingerprint=8cafacae708f4b5a
tick_drift_ms=0.0
uncap_ceiling_cause=indetermine
uncap_clock=render_pace
PACE-SWAP-X86 n=634 dt_ms=16.562
PACE-SWAP-X86 n=635 dt_ms=16.481
PACE-SWAP-X86 n=636 dt_ms=16.813
PACE-SWAP-X86 n=637 dt_ms=16.552
PACE-SWAP-X86 n=638 dt_ms=16.536
PACE-SWAP-X86 n=639 dt_ms=16.521
PACE-SWAP-X86 n=640 dt_ms=16.657
PACE-SWAP-X86 n=641 dt_ms=16.698
PACE-SWAP-X86 n=642 dt_ms=16.610
PACE-SWAP-X86 n=643 dt_ms=16.704
PACE-SWAP-X86 n=644 dt_ms=16.497
PACE-SWAP-X86 n=645 dt_ms=16.606
PACE-SWAP-X86 n=646 dt_ms=16.654
PACE-SWAP-X86 n=647 dt_ms=16.580
PACE-SWAP-X86 n=648 dt_ms=16.628
PACE-SWAP-X86 n=649 dt_ms=16.622
PACE-SWAP-X86 n=650 dt_ms=16.670
PACE-SWAP-X86 n=651 dt_ms=16.604
PACE-SWAP-X86 n=652 dt_ms=16.635
PACE-SWAP-X86 n=653 dt_ms=16.613
PACE-SWAP-X86 n=654 dt_ms=16.654
[58:49:722] [info] [eyescale] slot=0 kind=iris draws=128 covered=0 changed=0 raw_min=0.8906 raw_max=0.8906 cov_raw_min=1000000000.0000 cov_raw_max=-1000000000.0000 cov_out_min=1000000000.0000 cov_out_max=-1000000000.0000 rest=0.89062 restshare=1.000 anchor=0.89062
[58:49:722] [info] [eyescale] slot=0 kind=pupil draws=128 covered=0 changed=0 raw_min=0.4375 raw_max=0.4375 cov_raw_min=1000000000.0000 cov_raw_max=-1000000000.0000 cov_out_min=1000000000.0000 cov_out_max=-1000000000.0000 rest=0.43750 restshare=1.000 anchor=0.43750
[58:49:722] [info] [eyescale] slot=1 kind=iris draws=128 covered=0 changed=0 raw_min=0.8906 raw_max=0.8906 cov_raw_min=1000000000.0000 cov_raw_max=-1000000000.0000 cov_out_min=1000000000.0000 cov_out_max=-1000000000.0000 rest=0.89062 restshare=1.000 anchor=0.89062
[58:49:722] [info] [eyescale] slot=1 kind=pupil draws=128 covered=0 changed=0 raw_min=0.4375 raw_max=0.4375 cov_raw_min=1000000000.0000 cov_raw_max=-1000000000.0000 cov_out_min=1000000000.0000 cov_out_max=-1000000000.0000 rest=0.43750 restshare=1.000 anchor=0.43750
[58:49:722] [info] [eyescale] slot=2 kind=iris draws=536 covered=0 changed=0 raw_min=0.3750 raw_max=0.3750 cov_raw_min=1000000000.0000 cov_raw_max=-1000000000.0000 cov_out_min=1000000000.0000 cov_out_max=-1000000000.0000 rest=0.37500 restshare=1.000 anchor=0.37500
[58:49:722] [info] [eyescale] slot=2 kind=pupil draws=536 covered=0 changed=0 raw_min=0.0000 raw_max=0.0000 cov_raw_min=1000000000.0000 cov_raw_max=-1000000000.0000 cov_out_min=1000000000.0000 cov_out_max=-1000000000.0000 rest=0.00000 restshare=1.000 anchor=0.00000
[58:49:722] [info] [eyescale] slot=3 kind=iris draws=536 covered=0 changed=0 raw_min=0.3750 raw_max=0.3750 cov_raw_min=1000000000.0000 cov_raw_max=-1000000000.0000 cov_out_min=1000000000.0000 cov_out_max=-1000000000.0000 rest=0.37500 restshare=1.000 anchor=0.37500
[58:49:722] [info] [eyescale] slot=3 kind=pupil draws=536 covered=0 changed=0 raw_min=0.0000 raw_max=0.0000 cov_raw_min=1000000000.0000 cov_raw_max=-1000000000.0000 cov_out_min=1000000000.0000 cov_out_max=-1000000000.0000 rest=0.00000 restshare=1.000 anchor=0.00000
PACE-SWAP-X86 n=655 dt_ms=16.602
PACE-SWAP-X86 n=656 dt_ms=16.674
PACE-SWAP-X86 n=657 dt_ms=16.590
PACE-SWAP-X86 n=658 dt_ms=16.616
PACE-SWAP-X86 n=659 dt_ms=16.654
PACE-SWAP-X86 n=660 dt_ms=16.628
PACE-SWAP-X86 n=661 dt_ms=16.644
PACE-SWAP-X86 n=662 dt_ms=16.610
PACE-SWAP-X86 n=663 dt_ms=16.661
PACE-SWAP-X86 n=664 dt_ms=16.615
PACE-SWAP-X86 n=665 dt_ms=16.604
PACE-SWAP-X86 n=666 dt_ms=16.702
PACE-SWAP-X86 n=667 dt_ms=16.601
PACE-SWAP-X86 n=668 dt_ms=16.605
PACE-SWAP-X86 n=669 dt_ms=16.623
PACE-SWAP-X86 n=670 dt_ms=16.636
PACE-SWAP-X86 n=671 dt_ms=16.633
PACE-SWAP-X86 n=672 dt_ms=16.623
PACE-SWAP-X86 n=673 dt_ms=16.658
PACE-SWAP-X86 n=674 dt_ms=16.627
PACE-SWAP-X86 n=675 dt_ms=16.621
PACE-SWAP-X86 n=676 dt_ms=16.619
PACE-SWAP-X86 n=677 dt_ms=16.610
PACE-SWAP-X86 n=678 dt_ms=16.615
PACE-SWAP-X86 n=679 dt_ms=16.659
PACE-SWAP-X86 n=680 dt_ms=16.617
PACE-SWAP-X86 n=681 dt_ms=16.619
PACE-SWAP-X86 n=682 dt_ms=16.620
PACE-SWAP-X86 n=683 dt_ms=16.658
PACE-SWAP-X86 n=684 dt_ms=16.628
PACE-SWAP-X86 n=685 dt_ms=16.608
PACE-SWAP-X86 n=686 dt_ms=16.624
PACE-SWAP-X86 n=687 dt_ms=16.630
PACE-SWAP-X86 n=688 dt_ms=16.653
PACE-SWAP-X86 n=689 dt_ms=16.614
PACE-SWAP-X86 n=690 dt_ms=16.656
PACE-SWAP-X86 n=691 dt_ms=16.605
PACE-SWAP-X86 n=692 dt_ms=16.615
[58:50:355] [info] [LEVEL-WARP] armed *listener-function* = #x39e6a24 for continue 'village1-hut'
[DECI2] send while not connected, not sending!
[58:50:355] [info] [LEVEL-WARP] get-continue-by-name("village1-hut") -> #x1d375e4
[58:50:355] [info] [LEVEL-WARP] pos override (-116 14 40)m: trans (-638860.06 139319.7 769990.6) -> (-475136 57344 163840)
LEVEL-WARP-POS name=village1-hut x=-116.0 y=14.0 z=40.0
REFSET pose x=-116.00 y=14.00 z=40.00 cap=163.0
[58:50:355] [info] [LEVEL-WARP] (start 'play village1-hut) -> *target* #x1be2b4
LEVEL-WARP-SPAWN name=village1-hut target=#x1be2b4
REFSET warp1 lf=600 (le plan demarre dans 300 images)
PACE-SWAP-X86 n=693 dt_ms=16.709
[58:50:372] [debug] [OVERLORD] FS_Close VAGWAD  FRE @ 281/43213
[JAK-HD-TGT] st=target-continue
GAMEPLAY: enter title
1827508        #x1be2b4              0.0000        #<target target waiting-to-run :state #f :flags  :stack 0/1024 :heap 34832/49152 @ #x1be2b4>
[DECI2] send while not connected, not sending!
AUTOPORT-FRAMES n=600
FEATURE lighting-census armed=1 hits=1772
anim_cen_blend=0
anim_cen_degen=0
anim_cen_done=0
anim_cen_hist_n=0
anim_cen_ident=2872
anim_cen_moved=0
anim_cen_movemax_q=0
anim_cen_oob=0
anim_cen_other=0
anim_cen_other_chan=0
anim_cen_other_p0z=0
anim_cen_other_unk=0
anim_cen_seekend=0
anim_cen_static=0
anim_cen_total=2872
anim_cen_zero=0
anim_cpp_ksum_x1000=601000
anim_djm_noroot=5272
anim_djm_rotv=0
anim_djm_shift=0
anim_djm_total=5272
anim_goal_ksum_x1000=600000
anim_pace_catchup_clamps=0
anim_pace_ceiling_clamps=0
anim_pace_grid_snaps=587
anim_pace_k_max=3
anim_pace_rebase_max_x1000=20
anim_pace_rebase_n=64
anim_pace_rebase_sum_x1000=1071
anim_pace_skip_frames=1
anim_probe_branch=0
anim_probe_jump_max_x1000=0
anim_probe_jump_steps=0
anim_probe_n=0
anim_probe_raw_frame_q=0
anim_probe_raw_id=0
anim_probe_raw_p0_q=0
anim_probe_raw_q=0
anim_probe_raw_rate_q=0
anim_probe_rawstep_mean_x1000=0
anim_probe_rawstep_n=0
anim_probe_rej_clamped=0
anim_probe_rej_frozen=0
anim_probe_rej_id=0
anim_probe_rej_rate=0
anim_probe_rej_step=0
anim_probe_rejected=0
anim_probe_samples=0
anim_probe_steps_60=0
anim_render_armed=1
anim_render_frames=600
anim_render_frames_retimed=0
anim_render_step_err_max_us=397
anim_render_step_err_pushed_us=488
anim_render_steps_judged=531
anim_step_bitexact_30=999999
anim_step_bitexact_60=999999
anim_step_disp_60_x100=5991
anim_step_ee_jitter_worst_us=992
anim_step_eejit_60_us=992
anim_step_fps_60_x100=5991
anim_step_frames_60=599
anim_step_jitter_60_us=999999
anim_step_jitter_worst_fps=0
anim_step_jitter_worst_us=999999
anim_step_localus_60=999999
anim_step_model_jitter_60_us=91
anim_step_model_jitter_worst_us=91
anim_step_nonident_30=999999
anim_step_nonident_60=999999
anim_step_nonidentgrid_30=999999
anim_step_nonidentgrid_60=999999
anim_step_offgrid_f60=13
anim_step_ongrid_30=999999
anim_step_ongrid_60=999999
anim_step_ongrid_f60=586
anim_step_present_jitter_worst_us=0
anim_step_rawjit_worst_us=999999
anim_step_rephase_f60=64
anim_step_steps_60=531
anim_step_straddle_dropped=0
anim_step_sweep_segments=0
anim_sweep_bitexact_fail=2
anim_sweep_defects=8
anim_sweep_eq_disp_x100=0
anim_sweep_jitter_over=0
anim_sweep_missing_rates=6
anim_sweep_rate_miss=0
anim_sweep_wanted=6
gpu_ms_frames=597
gpu_timer_supported=1
hd_fr3_stock=3
hdr_aux_clamped_reads=0
hdr_aux_guards=0
hdr_cfg_bad_first_cfg=0
hdr_cfg_bad_first_draw=0
hdr_cfg_bad_first_fmt8=0
hdr_cfg_bad_first_frame=0
hdr_cfg_bad_first_shader=0
hdr_cfg_bad_first_sites=0
hdr_cfg_bad_origine_lumiere=0
hdr_cfg_bad_origine_total=0
hdr_cfg_bad_recharged=0
hdr_cfg_frames_origine_lumiere=0
hdr_cfg_frames_origine_total=600
hdr_cfg_frames_recharged=0
hdr_chain_frames=0
hdr_curve_kink_max_x1000=10
hdr_curve_mode=0
hdr_curve_monotone_bad=0
hdr_curve_samples=8000
hdr_curve_unbounded_bad=0
hdr_defect_1_saturation=1
hdr_defect_2_hl_contrast=1
hdr_defect_3_curve=0
hdr_defect_4_origine_lumiere_set=1
hdr_defect_5_sites_three_configs=1
hdr_display_guards=2
hdr_fallback_used=0
hdr_frames=600
hdr_knee_x1000=900
hdr_lighting_on=0
hdr_master_on=0
hdr_oetf_occurrences=70
hdr_oetf_progs=5
hdr_overbright_px=0
hdr_probe_frames=0
hdr_probe_max_x1000=0
hdr_probe_px=0
hdr_probe_state=1
hdr_progs_scanned=53
hdr_tonemap_defects=4
hotreload_frame_bound_hits=0
hotreload_partial_frames=0
hotreload_passes=0
hotreload_pixels_changed=0
hotreload_regime=0
hotreload_reuploaded=0
hotreload_rt_bound_hits=0
lc_orig_A=0
lc_orig_B=0
lc_orig_C=0
lc_orig_D=0
lc_orig_E=0
lc_orig_light_A=0
lc_orig_light_B=0
lc_orig_light_C=0
lc_orig_light_D=0
lc_orig_light_E=0
lc_orig_light_un=0
lc_orig_un=0
lc_rech_A=0
lc_rech_B=0
lc_rech_C=0
lc_rech_D=0
lc_rech_E=0
lc_rech_un=0
ldr_ref_delta=0
light_census_A=0
light_census_B=0
light_census_C=0
light_census_D=0
light_census_E=0
light_census_classified=0
light_census_frames=600
light_census_rb_bad_0=0
light_census_rb_bad_1=0
light_census_rb_bad_2=0
light_census_rb_bad_3=0
light_census_rb_checks=0
light_census_rb_mismatch=0
light_census_rb_noloc=0
light_census_residual=0
light_census_total=0
light_census_un_depth=0
light_census_un_hfrag=0
light_census_un_stock=0
light_census_unaccounted=0
npc_evict_pass2=0
npc_evict_pressure_frames=0
npc_evict_refused_live_merc=0
npc_evict_straggler=0
npc_evict_with_live_merc=0
npc_evictable_while_drawing=1
npc_level_age_max=297
npc_level_evictions=0
npc_loaded_levels_max=2
npc_merc_keepalive_frames=573
npc_merc_key_missing=0
npc_merc_vec_empty=0
origin_bitexact_defects=1
origin_font_master_bypass=8
origin_mipmap_suppressed=0
origin_shrub_native_suppressed=0
refset_bootstrap_records=11
shade_draws_no_model=0
shade_frames=600
shade_gate_reads_outside=5
shade_hits=0
shade_hosts=5
shade_hosts_missing=0
shade_model_lines=2496
shade_prog_track_checks=600
shade_prog_track_mismatch=0
shade_programs_seen=53
shade_variants=1
shade_world_frag_lines=13347
tick_alpha_unified=1
tick_armed=0
tick_catchup_clamps=0
tick_ceiling_clamps=0
tick_conserve_err_pct_x100=0
tick_conserve_frames=0
tick_frames=0
tick_lock_armed=1
tick_lock_err_pct_x100=0
tick_lock_events=0
tick_lock_strict=1
tick_lock_transients=0
tick_locked_pct=0
tick_pose_err_pct_x100=999999
tick_pose_frames=0
tick_pose_frames_retimed=0
tick_pose_steps_judged=0
tick_rate_dev_pct_x100=999999
tick_rate_windows=0
tick_ticks=0
tick_time_dropped_ms=0
tick_time_fabricated_us=0
tick_unlock_events=0
tick_worst_dev_pct_x100=999999
tonemap_draws=0
tonemap_sites=1
tonemap_sites_config=1
tonemap_sites_cumulative=0
tonemap_sites_explicit=0
tonemap_sites_implicit=0
tonemap_sites_shader=0
uncap_armed=1
uncap_busy_hz_x100=45180
uncap_cap_fps_x100=6000
uncap_cap_setting_x100=6000
uncap_ceiling_busy_ms_x100=221
uncap_ceiling_busy_samples=300
uncap_ceiling_cap_fps_x100=6000
uncap_ceiling_config_stable=0
uncap_ceiling_frames=0
uncap_ceiling_hz=60
uncap_ceiling_hz_x100=5982
uncap_ceiling_panel_hz=60
uncap_ceiling_swap_interval_applied=1
uncap_ceiling_swap_interval_wanted=1
uncap_ceiling_window=1
uncap_choice_fps=60
uncap_choice_index=2
uncap_choice_unlimited=0
uncap_choices_expected=8
uncap_choices_n=8
uncap_defects=5
uncap_disp_fps_max_x100=5982
uncap_dynscale_target_max=60
uncap_frames=599
uncap_over_windows=0
uncap_panel_hz=60
uncap_pose_err=397
uncap_pose_tol=833
uncap_present_mismatch_frames=0
uncap_presents=396
uncap_regime_entered=0
uncap_scene_dev_pct_x100=999999
uncap_scene_last_units_per_s_x100=102086
uncap_scene_units_per_s_x100=0
uncap_scene_vblanks=601
uncap_scene_window_dev_pct_x100=999999
uncap_scene_windows=1
uncap_swap_interval_applied=0
uncap_swap_interval_wanted=0
uncap_target_fps_x100=6000
uncap_tick_rate_dev_pct_x100=999999
uncap_time_dropped_ms=0
uncap_v_cap=1
uncap_v_ceiling=1
uncap_v_choices=0
uncap_v_dynscale=0
uncap_v_pose=0
uncap_v_present=0
uncap_v_scene=1
uncap_v_tick_rate=1
uncap_v_windows=1
uncap_windows=1
anim_sweep_host_60=x86-native
anim_sweep_mode=x86-native
gpu_ms_buckets=1.0304
gpu_ms_etie=0.0000
gpu_ms_generic=0.0095
gpu_ms_hfrag=0.0000
gpu_ms_merc=0.2100
gpu_ms_ocean=0.0019
gpu_ms_other=0.2846
gpu_ms_shrub=0.0019
gpu_ms_sprite=0.4456
gpu_ms_tfrag=0.0077
gpu_ms_tie=0.0019
hdr_aux_clamped_sites=aucun
hdr_build_flavour=normal
hdr_format=RGBA8
refset_bootstrap_boundary=before-play-actors-not-restored
refset_bootstrap_fingerprint=8cafacae708f4b5a
tick_drift_ms=0.0
uncap_ceiling_cause=indetermine
uncap_clock=render_pace
GLCR-MEM phase=debut episode=4 rss_mo=524.5
PACE-SWAP-X86 n=694 dt_ms=16.530
Discarding level title
----------- kill #<level active title @ #x4f16f4> (status active)
[58:50:389] [info] [recharged-grass] R21OCC goal-publish #40 ncull=0 ntr=0 nmoving=0
PACE-SWAP-X86 n=695 dt_ms=16.652
ERROR: "ndi-intro+2" could not find a master slot to unlink for #<art-joint-anim ndi-volumes-ndi-intro :length 30 @ #x8f1c4>.
ERROR: "ndi-intro+2" could not find a master slot to unlink for #<art-joint-anim ndi-cam-ndi-intro :length 4 @ #x8dfb4>.
ERROR: "ndi-intro+2" could not find a master slot to unlink for #<art-joint-anim ndi-ndi-intro :length 19 @ #x8cb54>.
Adding level beach
NOTE: coming out of blackout on next frame, doing all loads now...
Blackout loads done. Current status:  village1 is loaded.
-----------> begin load beach-vis [bea.DGO]
  title is loaded.
Starting level load clock
Displaying level village1 [display]
[58:50:405] [debug] [OVERLORD] Queue 0 (1/4), LoadDGO
[58:50:405] [debug]   PRI 0 elt 0 LoadDGO @ #xC44720
[58:50:405] [debug] [OVERLORD] FS Open BEA     DGO
Setting force-inside?[village1] to #f
[58:50:406] [info] [Overlord DGO] Got DGO file header for BEA.DGO with 50 objects
PACE-SWAP-X86 n=696 dt_ms=16.599
Unload soundbank empty1
Swapping in vi1 VIS [dumping #f]
GAMEPLAY: enter village1
[OVERLORD RAMDISK] loading file vi1.VIS with size 617696
[58:50:425] [debug] [OVERLORD] LoadISOFileToIOP VI1     VIS, 617696/-1 bytes
[58:50:425] [debug] [OVERLORD] Queue 2 (1/4), LoadSingle
[58:50:425] [debug]   PRI 0 elt 0 LoadDGO @ #xC44720
[58:50:425] [debug]   PRI 2 elt 0 LoadSingle @ #x7FDAF09DAD20
[58:50:425] [debug] [OVERLORD] FS Open VI1     VIS
[58:50:427] [warn] [pbr-tess] GL_MAX_TESS_GEN_LEVEL = 64
[58:50:427] [info] [foliage-wind] TIE census lev=village1 tree=0 wind_draws=0 wind_instances=0 static_draws=49 stiffness_min=0 stiffness_max=0 stiffness_mean=0
[58:50:427] [info] [foliage-wind] TIE sway-cover lev=village1 tree=0 geo=0 lexique=1 proto_names_size=43 protos=43 veg_protos=0 non_classes=43 inst_total=2688 inst_veg=0 inst_swayed=0 verts=319546 v_sway=0 v_neutre=319546 v_windpath=0 v_sansproto=0 vconflit=0 vg_desync=0 plain_inds=0 noms_non_classes=lil-rock-06.mb,lil-bigrock-02.mb,wallsmall-04.mb,groundlarge.mb,cliffsmall-bottomed.mb,cliffmed-8m-bottomed.mb,wallmed-01.mb,groundsmall.mb,walltall-02.mb,walltall-01.mb,wallsmall-02.mb,cliffplatsmall.mb,+31
[58:50:428] [info] [foliage-wind] TIE census lev=village1 tree=1 wind_draws=3 wind_instances=14 static_draws=92 stiffness_min=0.25 stiffness_max=0.25 stiffness_mean=0.25
[58:50:428] [info] [foliage-wind] TIE sway-cover lev=village1 tree=1 geo=0 lexique=1 proto_names_size=43 protos=43 veg_protos=0 non_classes=43 inst_total=870 inst_veg=0 inst_swayed=0 verts=109512 v_sway=0 v_neutre=109512 v_windpath=4060 v_sansproto=4060 vconflit=0 vg_desync=0 plain_inds=0 noms_non_classes=vil1-hut-roofcap.mb,vil1-hut-beam-back.mb,vil1-hut-beam-front.mb,vil1-feedbag.mb,vil1-planterbox-01.mb,vil1-fireplace-01.mb,vil1-barrel-01.mb,vil1-bucket-01.mb,vil1-bed-01.mb,vil1-rug-01.mb,vil1-haybale-block.mb,vil1-shelf-01.mb,+31
[58:50:428] [info] [foliage-wind] TIE census lev=village1 tree=2 wind_draws=4 wind_instances=65 static_draws=20 stiffness_min=0.1 stiffness_max=0.1 stiffness_mean=0.09999994
[58:50:428] [info] [foliage-wind] TIE sway-cover lev=village1 tree=2 geo=0 lexique=1 proto_names_size=11 protos=11 veg_protos=4 non_classes=7 inst_total=216 inst_veg=118 inst_swayed=118 verts=82080 v_sway=24788 v_neutre=57292 v_windpath=40820 v_sansproto=40820 vconflit=0 vg_desync=0 plain_inds=0 noms_non_classes=vil1-portal.mb,vil1-sagemachine-ring.mb,vil1-sagemachine-bamboo.mb,vil1-sagemachine-joint45.mb,vil1-sagemachine-joint.mb,v1-lores-mountains.mb,v1-lores-rockwall.mb
[58:50:429] [info] [foliage-wind] TIE sway-cover lev=village1 tree=0 geo=1 lexique=1 proto_names_size=43 protos=43 veg_protos=0 non_classes=43 inst_total=2688 inst_veg=0 inst_swayed=0 verts=319546 v_sway=0 v_neutre=319546 v_windpath=0 v_sansproto=0 vconflit=0 vg_desync=0 plain_inds=0 noms_non_classes=lil-rock-06.mb,lil-bigrock-02.mb,wallsmall-04.mb,groundlarge.mb,cliffsmall-bottomed.mb,cliffmed-8m-bottomed.mb,wallmed-01.mb,groundsmall.mb,walltall-02.mb,walltall-01.mb,wallsmall-02.mb,cliffplatsmall.mb,+31
[58:50:430] [info] [foliage-wind] TIE sway-cover lev=village1 tree=1 geo=1 lexique=1 proto_names_size=43 protos=43 veg_protos=0 non_classes=43 inst_total=870 inst_veg=0 inst_swayed=0 verts=109512 v_sway=0 v_neutre=109512 v_windpath=4060 v_sansproto=4060 vconflit=0 vg_desync=0 plain_inds=0 noms_non_classes=vil1-hut-roofcap.mb,vil1-hut-beam-back.mb,vil1-hut-beam-front.mb,vil1-feedbag.mb,vil1-planterbox-01.mb,vil1-fireplace-01.mb,vil1-barrel-01.mb,vil1-bucket-01.mb,vil1-bed-01.mb,vil1-rug-01.mb,vil1-haybale-block.mb,vil1-shelf-01.mb,+31
[58:50:430] [info] [foliage-wind] TIE sway-cover lev=village1 tree=2 geo=1 lexique=1 proto_names_size=11 protos=11 veg_protos=4 non_classes=7 inst_total=216 inst_veg=118 inst_swayed=118 verts=82080 v_sway=24788 v_neutre=57292 v_windpath=40820 v_sansproto=40820 vconflit=0 vg_desync=0 plain_inds=0 noms_non_classes=vil1-portal.mb,vil1-sagemachine-ring.mb,vil1-sagemachine-bamboo.mb,vil1-sagemachine-joint45.mb,vil1-sagemachine-joint.mb,v1-lores-mountains.mb,v1-lores-rockwall.mb
[58:50:431] [info] [foliage-wind] TIE sway-cover lev=village1 tree=0 geo=2 lexique=1 proto_names_size=43 protos=43 veg_protos=0 non_classes=43 inst_total=2688 inst_veg=0 inst_swayed=0 verts=292002 v_sway=0 v_neutre=292002 v_windpath=0 v_sansproto=0 vconflit=0 vg_desync=0 plain_inds=0 noms_non_classes=lil-rock-06.mb,lil-bigrock-02.mb,wallsmall-04.mb,groundlarge.mb,cliffsmall-bottomed.mb,cliffmed-8m-bottomed.mb,wallmed-01.mb,groundsmall.mb,walltall-02.mb,walltall-01.mb,wallsmall-02.mb,cliffplatsmall.mb,+31
[58:50:432] [info] [foliage-wind] TIE sway-cover lev=village1 tree=1 geo=2 lexique=1 proto_names_size=43 protos=43 veg_protos=0 non_classes=43 inst_total=870 inst_veg=0 inst_swayed=0 verts=47904 v_sway=0 v_neutre=47904 v_windpath=2324 v_sansproto=2324 vconflit=0 vg_desync=0 plain_inds=0 noms_non_classes=vil1-hut-roofcap.mb,vil1-hut-beam-back.mb,vil1-hut-beam-front.mb,vil1-feedbag.mb,vil1-planterbox-01.mb,vil1-fireplace-01.mb,vil1-barrel-01.mb,vil1-bucket-01.mb,vil1-bed-01.mb,vil1-rug-01.mb,vil1-haybale-block.mb,vil1-shelf-01.mb,+31
[58:50:433] [info] [foliage-wind] TIE sway-cover lev=village1 tree=2 geo=2 lexique=1 proto_names_size=11 protos=11 veg_protos=4 non_classes=7 inst_total=216 inst_veg=118 inst_swayed=118 verts=57396 v_sway=17396 v_neutre=40000 v_windpath=24700 v_sansproto=24700 vconflit=0 vg_desync=0 plain_inds=0 noms_non_classes=vil1-portal.mb,vil1-sagemachine-ring.mb,vil1-sagemachine-bamboo.mb,vil1-sagemachine-joint45.mb,vil1-sagemachine-joint.mb,v1-lores-mountains.mb,v1-lores-rockwall.mb
[58:50:433] [info] [foliage-wind] TIE sway-cover lev=village1 tree=0 geo=3 lexique=1 proto_names_size=43 protos=43 veg_protos=0 non_classes=43 inst_total=2688 inst_veg=0 inst_swayed=0 verts=100608 v_sway=0 v_neutre=100608 v_windpath=0 v_sansproto=0 vconflit=0 vg_desync=0 plain_inds=0 noms_non_classes=lil-rock-06.mb,lil-bigrock-02.mb,wallsmall-04.mb,groundlarge.mb,cliffsmall-bottomed.mb,cliffmed-8m-bottomed.mb,wallmed-01.mb,groundsmall.mb,walltall-02.mb,walltall-01.mb,wallsmall-02.mb,cliffplatsmall.mb,+31
[58:50:434] [info] [foliage-wind] TIE sway-cover lev=village1 tree=1 geo=3 lexique=1 proto_names_size=43 protos=43 veg_protos=0 non_classes=43 inst_total=870 inst_veg=0 inst_swayed=0 verts=19022 v_sway=0 v_neutre=19022 v_windpath=952 v_sansproto=952 vconflit=0 vg_desync=0 plain_inds=0 noms_non_classes=vil1-hut-roofcap.mb,vil1-hut-beam-back.mb,vil1-hut-beam-front.mb,vil1-feedbag.mb,vil1-planterbox-01.mb,vil1-fireplace-01.mb,vil1-barrel-01.mb,vil1-bucket-01.mb,vil1-bed-01.mb,vil1-rug-01.mb,vil1-haybale-block.mb,vil1-shelf-01.mb,+31
[58:50:435] [info] [foliage-wind] TIE sway-cover lev=village1 tree=2 geo=3 lexique=1 proto_names_size=11 protos=11 veg_protos=4 non_classes=7 inst_total=216 inst_veg=118 inst_swayed=118 verts=24726 v_sway=9421 v_neutre=15305 v_windpath=7410 v_sansproto=7410 vconflit=0 vg_desync=0 plain_inds=0 noms_non_classes=vil1-portal.mb,vil1-sagemachine-ring.mb,vil1-sagemachine-bamboo.mb,vil1-sagemachine-joint45.mb,vil1-sagemachine-joint.mb,v1-lores-mountains.mb,v1-lores-rockwall.mb
[58:50:435] [info] TIE setup: 8.1ms
[58:50:436] [info] [foliage-wind] TIE flutter uniforms amp_loc=7 time_loc=8 phase_loc=9 height_loc=10 bend_loc=11 reach_loc=12 (all >= 0 means the per-vertex flutter, the per-instance crown bend and the essai-16 tip ramp are live in the linked program)
[58:50:436] [info] [foliage-wind] SHRUB sway-cover lev=village1 tree=0 instances=3489 verts=145939 sway_bytes=1167512 shared_color_slots=692 sol_trouve=3127 enfonces=2720 natif_raideur=2067 sidecar=1 natif_on=1
[58:50:436] [info] [foliage-contact] SHRUB anchors lev=village1 tree=0 plants=2800 matrices=3489
[58:50:439] [info] shrub caster sanitize: tree 0 kept 101425 tris, dropped 34 sliver tris (> 30 m)
[58:50:441] [debug] [OVERLORD] FS_Close VI1     VIS @ 50/336
[58:50:441] [debug]   PRI 0 elt 0 LoadDGO @ #xC44720
PACE-SWAP-X86 n=697 dt_ms=25.088
Load soundbank village1
PACE-SWAP-X86 n=698 dt_ms=16.531
GAMEPLAY: enter village1
PACE-SWAP-X86 n=699 dt_ms=16.644
GLCR-MEM phase=fin episode=4 rss_mo=528.4
LOADSCREEN-FRAME episode=4 masque=4 images=6 duree_ms=92.6 fps_moyen=53.99 ecart_max_ms=40.5 a_t_ms=73
LOADSCREEN-FRAME-S episode=4 s=0 images=6 fps=6 ecart_max_ms=40.5
LOADSCREEN-FRAME-FIN episode=4 derniere_seconde_images=6 ecart_max_ms=40.5
PACE-SWAP-X86 n=700 dt_ms=16.858
[58:50:497] [debug] link finish: mistycannon
HDSKINMODEL model=medres-beach-lod0 load_id=1 max_bones=3 known=1 used=1 list=3,
HDSKINMODEL model=money-lod0 load_id=18446744073709551615 max_bones=3 known=1 used=1 list=3,
HDSKINMODEL model=medres-beach1-lod0 load_id=1 max_bones=3 known=1 used=1 list=3,
HDSKINMODEL model=medres-beach2-lod0 load_id=1 max_bones=3 known=1 used=1 list=3,
HDSKINMODEL model=medres-jungle1-lod0 load_id=1 max_bones=8 known=1 used=6 list=3,4,5,6,7,8,
HDSKINEV frame=607 model=medres-jungle1-lod0 hd=0 used=6 nan=0 far=2 miss=0 far_slot=7 far_m=51.0 ref_slot=4 ref_cam_m=566.9 ref_cam=(-367.78,-15.50,431.07) far_list=8:50.8@(-415.7,-7.1,445.7);7:51.0@(-415.9,-7.0,445.8);
HDSKINMODEL model=medres-beach3-lod0 load_id=1 max_bones=3 known=1 used=1 list=3,
HDSKINMODEL model=crate-iron-lod0 load_id=18446744073709551615 max_bones=3 known=1 used=1 list=3,
HDSKINMODEL model=hutlamp-lod0 load_id=1 max_bones=3 known=1 used=1 list=3,
HDSKINMODEL model=farmer-lod0 load_id=1 max_bones=42 known=1 used=38 list=3,4,5,6,7,8,9,10,11,12,13,14,15,16,17,18,19,20,21,22,23,24,27,28,29,30,31,32,33,34,35,36,37,38,39,40,41,42,
PACE-SWAP-X86 n=701 dt_ms=16.513
HDSKINEV frame=608 model=medres-jungle1-lod0 hd=0 used=6 nan=0 far=2 miss=0 far_slot=7 far_m=51.1 ref_slot=4 ref_cam_m=566.9 ref_cam=(-367.78,-15.50,431.07) far_list=8:50.7@(-415.6,-7.2,445.7);7:51.1@(-416.0,-7.0,445.9);
PACE-SWAP-X86 n=702 dt_ms=16.600
HDSKINEV frame=609 model=medres-jungle1-lod0 hd=0 used=6 nan=0 far=2 miss=0 far_slot=7 far_m=51.3 ref_slot=4 ref_cam_m=566.9 ref_cam=(-367.78,-15.50,431.07) far_list=8:50.5@(-415.5,-7.2,445.6);7:51.3@(-416.1,-7.0,445.9);
PACE-SWAP-X86 n=703 dt_ms=16.712
HDSKINEV frame=610 model=medres-jungle1-lod0 hd=0 used=6 nan=0 far=2 miss=0 far_slot=7 far_m=51.4 ref_slot=4 ref_cam_m=566.9 ref_cam=(-367.78,-15.50,431.07) far_list=8:50.4@(-415.3,-7.3,445.6);7:51.4@(-416.2,-6.9,445.9);
CUTSKIP scene=ndi-intro type=film saut=echec cablable=#t abandons=0 images=585
CUTNATIVE-RUN scene=ndi-intro natif_vrai=0 geste_abandons=0
PACE-SWAP-X86 n=704 dt_ms=16.529
[JAK-HD-TGT] st=target-stance
HDSKINEV frame=611 model=medres-jungle1-lod0 hd=0 used=6 nan=0 far=2 miss=0 far_slot=7 far_m=51.5 ref_slot=4 ref_cam_m=566.9 ref_cam=(-367.78,-15.50,431.07) far_list=8:50.3@(-415.2,-7.3,445.6);7:51.5@(-416.3,-6.9,446.0);
PACE-SWAP-X86 n=705 dt_ms=16.641
[58:50:580] [debug] link finish: babak-with-cannon
HDSKINEV frame=612 model=medres-jungle1-lod0 hd=0 used=6 nan=0 far=2 miss=0 far_slot=7 far_m=51.6 ref_slot=4 ref_cam_m=566.9 ref_cam=(-367.78,-15.50,431.07) far_list=8:50.2@(-415.1,-7.3,445.5);7:51.6@(-416.4,-6.8,446.0);
PACE-SWAP-X86 n=706 dt_ms=16.655
HDSKINEV frame=613 model=medres-jungle1-lod0 hd=0 used=6 nan=0 far=2 miss=0 far_slot=7 far_m=51.8 ref_slot=4 ref_cam_m=566.9 ref_cam=(-367.78,-15.50,431.07) far_list=8:50.1@(-415.0,-7.4,445.5);7:51.8@(-416.5,-6.8,446.0);
BLACKCENSUS via=blackout-time src=hors-process dur=10 frames=14 tenue=6 contenu=0 mm=game lev0=beach/loading lev1=village1/active courts=0 courts-tenus=0 total=41 nues=13
PACE-SWAP-X86 n=707 dt_ms=16.638
NOTE: coming out of blackout on next frame, doing all loads now...
Blackout loads done. Current status:  village1 is loaded.
  title is loaded.
HDSKINEV frame=614 model=medres-jungle1-lod0 hd=0 used=6 nan=0 far=2 miss=0 far_slot=7 far_m=51.9 ref_slot=4 ref_cam_m=566.9 ref_cam=(-367.78,-15.50,431.07) far_list=8:49.9@(-414.9,-7.4,445.4);7:51.9@(-416.7,-6.8,446.1);
PACE-SWAP-X86 n=708 dt_ms=16.542
HDSKINEV frame=615 model=medres-jungle1-lod0 hd=0 used=6 nan=0 far=2 miss=0 far_slot=7 far_m=52.0 ref_slot=4 ref_cam_m=566.9 ref_cam=(-367.78,-15.50,431.07) far_list=8:49.8@(-414.8,-7.5,445.4);7:52.0@(-416.8,-6.7,446.1);
PACE-SWAP-X86 n=709 dt_ms=16.718
HDSKINEV frame=616 model=medres-jungle1-lod0 hd=0 used=6 nan=0 far=2 miss=0 far_slot=7 far_m=52.1 ref_slot=4 ref_cam_m=566.9 ref_cam=(-367.78,-15.50,431.07) far_list=8:49.7@(-414.7,-7.5,445.3);7:52.1@(-416.9,-6.7,446.1);
PACE-SWAP-X86 n=710 dt_ms=16.553
[58:50:663] [debug] link finish: air-h
HDSKINEV frame=617 model=medres-jungle1-lod0 hd=0 used=6 nan=0 far=2 miss=0 far_slot=7 far_m=52.2 ref_slot=4 ref_cam_m=566.9 ref_cam=(-367.78,-15.50,431.07) far_list=8:49.6@(-414.6,-7.6,445.3);7:52.2@(-417.0,-6.6,446.2);
PACE-SWAP-X86 n=711 dt_ms=16.661
HDSKINEV frame=618 model=medres-jungle1-lod0 hd=0 used=6 nan=0 far=2 miss=0 far_slot=7 far_m=52.4 ref_slot=4 ref_cam_m=566.9 ref_cam=(-367.78,-15.50,431.07) far_list=8:49.4@(-414.5,-7.6,445.2);7:52.4@(-417.1,-6.6,446.2);
PACE-SWAP-X86 n=712 dt_ms=16.600
HDSKINEV frame=619 model=medres-jungle1-lod0 hd=0 used=6 nan=0 far=2 miss=0 far_slot=7 far_m=52.5 ref_slot=4 ref_cam_m=566.9 ref_cam=(-367.78,-15.50,431.07) far_list=8:49.3@(-414.4,-7.6,445.2);7:52.5@(-417.2,-6.5,446.2);
PACE-SWAP-X86 n=713 dt_ms=16.632
HDSKINEV frame=620 model=medres-jungle1-lod0 hd=0 used=6 nan=0 far=2 miss=0 far_slot=7 far_m=52.6 ref_slot=4 ref_cam_m=566.9 ref_cam=(-367.78,-15.50,431.07) far_list=8:49.2@(-414.3,-7.7,445.1);7:52.6@(-417.3,-6.5,446.3);
PACE-SWAP-X86 n=714 dt_ms=16.594
HDSKINEV frame=621 model=medres-jungle1-lod0 hd=0 used=6 nan=0 far=2 miss=0 far_slot=7 far_m=52.7 ref_slot=4 ref_cam_m=566.9 ref_cam=(-367.78,-15.50,431.07) far_list=8:49.1@(-414.2,-7.7,445.1);7:52.7@(-417.5,-6.4,446.3);
PACE-SWAP-X86 n=715 dt_ms=16.639
[58:50:747] [debug] link finish: air
HDSKINEV frame=622 model=medres-jungle1-lod0 hd=0 used=6 nan=0 far=2 miss=0 far_slot=7 far_m=52.9 ref_slot=4 ref_cam_m=566.9 ref_cam=(-367.78,-15.50,431.07) far_list=8:48.9@(-414.1,-7.8,445.0);7:52.9@(-417.6,-6.4,446.3);
PACE-SWAP-X86 n=716 dt_ms=17.731
[JAK-HD-TGT] st=target-falling
HDSKINEV frame=623 model=medres-jungle1-lod0 hd=0 used=6 nan=0 far=2 miss=0 far_slot=7 far_m=53.0 ref_slot=4 ref_cam_m=566.9 ref_cam=(-367.78,-15.50,431.07) far_list=8:48.8@(-413.9,-7.8,445.0);7:53.0@(-417.7,-6.4,446.4);
PACE-SWAP-X86 n=717 dt_ms=15.529
HDSKINEV frame=624 model=medres-jungle1-lod0 hd=0 used=6 nan=0 far=2 miss=0 far_slot=7 far_m=53.1 ref_slot=4 ref_cam_m=566.9 ref_cam=(-367.78,-15.50,431.07) far_list=8:48.7@(-413.8,-7.9,444.9);7:53.1@(-417.8,-6.3,446.4);
PACE-SWAP-X86 n=718 dt_ms=16.691
HDSKINEV frame=625 model=medres-jungle1-lod0 hd=0 used=6 nan=0 far=2 miss=0 far_slot=7 far_m=53.2 ref_slot=4 ref_cam_m=566.9 ref_cam=(-367.78,-15.50,431.07) far_list=8:48.6@(-413.7,-7.9,444.9);7:53.2@(-417.9,-6.3,446.4);
PACE-SWAP-X86 n=719 dt_ms=16.554
HDSKINEV frame=626 model=medres-jungle1-lod0 hd=0 used=6 nan=0 far=2 miss=0 far_slot=7 far_m=53.4 ref_slot=4 ref_cam_m=566.9 ref_cam=(-367.78,-15.50,431.07) far_list=8:48.5@(-413.6,-7.9,444.8);7:53.4@(-418.0,-6.2,446.5);
PACE-SWAP-X86 n=720 dt_ms=16.623
[58:50:830] [debug] link finish: wobbler
PACE-SWAP-X86 n=721 dt_ms=16.613
PACE-SWAP-X86 n=722 dt_ms=16.645
PACE-SWAP-X86 n=723 dt_ms=16.651
PACE-SWAP-X86 n=724 dt_ms=16.586
[JAK-HD-TGT] st=target-duck-stance
PACE-SWAP-X86 n=725 dt_ms=16.640
[58:50:914] [debug] link finish: twister
PACE-SWAP-X86 n=726 dt_ms=16.663
HDSKIN frames=600 bad_frames=26 hd_frames=0 hd_bad_frames=0 packets=2898 hd_packets=0 nan_bones=0 far_bones=52 hd_nan_bones=0 hd_far_bones=0 repaired=0 missing=0 worst_m=54.1
HDSKINLEN frames=600 hd_frames=0 hd_stretch_frames=0 hd_stretch_bones=0 bones_judged=0 torn=0 same=0 nan=0 null=0 rep=0 worst_ratio=0.00 worst_m=0.00 rigs=0 norig=0 hd_bad_frames=0 hd_bad_bones=0 cmd_judged=0 cmd_bones=0 cmd_frames=0 cmd_worst_m=0.00 cmd_nostock=0 scl_bones=0 scl_frames=0 scl_worst=0.00 ring_ok=0 ring_bad=0 ring_nostamp=0 ring_judged=0 ring_far=0 stock_w_bad=0 hd_w_bad=0 scl_abs_bones=0 scl_unjudged=0
PACE-SWAP-X86 n=727 dt_ms=16.708
PACE-SWAP-X86 n=728 dt_ms=16.633
PACE-SWAP-X86 n=729 dt_ms=16.626
PACE-SWAP-X86 n=730 dt_ms=16.657
[58:50:997] [debug] link finish: beach-obs
PACE-SWAP-X86 n=731 dt_ms=16.594
PACE-SWAP-X86 n=732 dt_ms=16.659
PACE-SWAP-X86 n=733 dt_ms=16.668
PACE-SWAP-X86 n=734 dt_ms=16.598
[58:51:066] [info] [eyescale] slot=0 kind=iris draws=198 covered=0 changed=0 raw_min=0.8906 raw_max=0.8906 cov_raw_min=1000000000.0000 cov_raw_max=-1000000000.0000 cov_out_min=1000000000.0000 cov_out_max=-1000000000.0000 rest=0.89062 restshare=1.000 anchor=0.89062
[58:51:066] [info] [eyescale] slot=0 kind=pupil draws=198 covered=0 changed=0 raw_min=0.4375 raw_max=0.4375 cov_raw_min=1000000000.0000 cov_raw_max=-1000000000.0000 cov_out_min=1000000000.0000 cov_out_max=-1000000000.0000 rest=0.43750 restshare=1.000 anchor=0.43750
[58:51:066] [info] [eyescale] slot=1 kind=iris draws=198 covered=0 changed=0 raw_min=0.8906 raw_max=0.8906 cov_raw_min=1000000000.0000 cov_raw_max=-1000000000.0000 cov_out_min=1000000000.0000 cov_out_max=-1000000000.0000 rest=0.89062 restshare=1.000 anchor=0.89062
[58:51:066] [info] [eyescale] slot=1 kind=pupil draws=198 covered=0 changed=0 raw_min=0.4375 raw_max=0.4375 cov_raw_min=1000000000.0000 cov_raw_max=-1000000000.0000 cov_out_min=1000000000.0000 cov_out_max=-1000000000.0000 rest=0.43750 restshare=1.000 anchor=0.43750
[58:51:066] [info] [eyescale] slot=2 kind=iris draws=606 covered=0 changed=0 raw_min=0.3750 raw_max=0.3750 cov_raw_min=1000000000.0000 cov_raw_max=-1000000000.0000 cov_out_min=1000000000.0000 cov_out_max=-1000000000.0000 rest=0.37500 restshare=1.000 anchor=0.37500
[58:51:066] [info] [eyescale] slot=2 kind=pupil draws=606 covered=0 changed=0 raw_min=0.0000 raw_max=0.0000 cov_raw_min=1000000000.0000 cov_raw_max=-1000000000.0000 cov_out_min=1000000000.0000 cov_out_max=-1000000000.0000 rest=0.00000 restshare=1.000 anchor=0.00000
[58:51:066] [info] [eyescale] slot=3 kind=iris draws=606 covered=0 changed=0 raw_min=0.3750 raw_max=0.3750 cov_raw_min=1000000000.0000 cov_raw_max=-1000000000.0000 cov_out_min=1000000000.0000 cov_out_max=-1000000000.0000 rest=0.37500 restshare=1.000 anchor=0.37500
[58:51:066] [info] [eyescale] slot=3 kind=pupil draws=606 covered=0 changed=0 raw_min=0.0000 raw_max=0.0000 cov_raw_min=1000000000.0000 cov_raw_max=-1000000000.0000 cov_out_min=1000000000.0000 cov_out_max=-1000000000.0000 rest=0.00000 restshare=1.000 anchor=0.00000
PACE-SWAP-X86 n=735 dt_ms=16.607
[58:51:080] [debug] link finish: bird-lady
PACE-SWAP-X86 n=736 dt_ms=16.569
PACE-SWAP-X86 n=737 dt_ms=16.673
PACE-SWAP-X86 n=738 dt_ms=16.581
PACE-SWAP-X86 n=739 dt_ms=16.662
PACE-SWAP-X86 n=740 dt_ms=16.622
[58:51:164] [debug] link finish: bird-lady-beach
PACE-SWAP-X86 n=741 dt_ms=16.651
PACE-SWAP-X86 n=742 dt_ms=16.592
PACE-SWAP-X86 n=743 dt_ms=16.680
PACE-SWAP-X86 n=744 dt_ms=16.683
PACE-SWAP-X86 n=745 dt_ms=16.564
[58:51:247] [debug] link finish: mayor
PACE-SWAP-X86 n=746 dt_ms=16.585
PACE-SWAP-X86 n=747 dt_ms=16.661
PACE-SWAP-X86 n=748 dt_ms=16.608
PACE-SWAP-X86 n=749 dt_ms=16.705
PACE-SWAP-X86 n=750 dt_ms=16.597
[58:51:330] [debug] link finish: sculptor
PACE-SWAP-X86 n=751 dt_ms=16.587
PACE-SWAP-X86 n=752 dt_ms=16.595
PACE-SWAP-X86 n=753 dt_ms=16.633
AUTOPORT-FRAMES n=660
FEATURE lighting-census armed=1 hits=24674
anim_cen_blend=0
anim_cen_degen=0
anim_cen_done=0
anim_cen_hist_n=0
anim_cen_ident=4425
anim_cen_moved=0
anim_cen_movemax_q=0
anim_cen_oob=0
anim_cen_other=0
anim_cen_other_chan=0
anim_cen_other_p0z=0
anim_cen_other_unk=0
anim_cen_seekend=0
anim_cen_static=0
anim_cen_total=4425
anim_cen_zero=0
anim_cpp_ksum_x1000=662000
anim_djm_noroot=7532
anim_djm_rotv=0
anim_djm_shift=0
anim_djm_total=7532
anim_goal_ksum_x1000=660000
anim_pace_catchup_clamps=0
anim_pace_ceiling_clamps=0
anim_pace_grid_snaps=644
anim_pace_k_max=3
anim_pace_rebase_max_x1000=20
anim_pace_rebase_n=89
anim_pace_rebase_sum_x1000=1567
anim_pace_skip_frames=1
anim_probe_branch=1
anim_probe_jump_max_x1000=1000
anim_probe_jump_steps=1
anim_probe_n=53
anim_probe_raw_frame_q=14747
anim_probe_raw_id=51889908
anim_probe_raw_p0_q=65536
anim_probe_raw_q=14747
anim_probe_raw_rate_q=273
anim_probe_rawstep_mean_x1000=1020
anim_probe_rawstep_n=52
anim_probe_rej_clamped=0
anim_probe_rej_frozen=0
anim_probe_rej_id=0
anim_probe_rej_rate=0
anim_probe_rej_step=0
anim_probe_rejected=0
anim_probe_samples=53
anim_probe_steps_60=52
anim_render_armed=1
anim_render_frames=660
anim_render_frames_retimed=0
anim_render_step_err_max_us=397
anim_render_step_err_pushed_us=488
anim_render_steps_judged=563
anim_step_bitexact_30=999999
anim_step_bitexact_60=999999
anim_step_disp_60_x100=5987
anim_step_ee_jitter_worst_us=1002
anim_step_eejit_60_us=1002
anim_step_fps_60_x100=5987
anim_step_frames_60=659
anim_step_jitter_60_us=999999
anim_step_jitter_worst_fps=0
anim_step_jitter_worst_us=999999
anim_step_localus_60=999999
anim_step_model_jitter_60_us=90
anim_step_model_jitter_worst_us=90
anim_step_nonident_30=999999
anim_step_nonident_60=999999
anim_step_nonidentgrid_30=999999
anim_step_nonidentgrid_60=999999
anim_step_offgrid_f60=16
anim_step_ongrid_30=999999
anim_step_ongrid_60=999999
anim_step_ongrid_f60=643
anim_step_present_jitter_worst_us=0
anim_step_rawjit_worst_us=999999
anim_step_rephase_f60=89
anim_step_steps_60=563
anim_step_straddle_dropped=0
anim_step_sweep_segments=0
anim_sweep_bitexact_fail=2
anim_sweep_defects=8
anim_sweep_eq_disp_x100=0
anim_sweep_jitter_over=0
anim_sweep_missing_rates=6
anim_sweep_rate_miss=0
anim_sweep_wanted=6
gpu_ms_frames=657
gpu_timer_supported=1
hd_fr3_stock=3
hdr_aux_clamped_reads=0
hdr_aux_guards=1
hdr_cfg_bad_first_cfg=0
hdr_cfg_bad_first_draw=0
hdr_cfg_bad_first_fmt8=0
hdr_cfg_bad_first_frame=0
hdr_cfg_bad_first_shader=0
hdr_cfg_bad_first_sites=0
hdr_cfg_bad_origine_lumiere=0
hdr_cfg_bad_origine_total=0
hdr_cfg_bad_recharged=0
hdr_cfg_frames_origine_lumiere=0
hdr_cfg_frames_origine_total=660
hdr_cfg_frames_recharged=0
hdr_chain_frames=0
hdr_curve_kink_max_x1000=10
hdr_curve_mode=0
hdr_curve_monotone_bad=0
hdr_curve_samples=8000
hdr_curve_unbounded_bad=0
hdr_defect_1_saturation=1
hdr_defect_2_hl_contrast=1
hdr_defect_3_curve=0
hdr_defect_4_origine_lumiere_set=1
hdr_defect_5_sites_three_configs=1
hdr_display_guards=2
hdr_fallback_used=0
hdr_frames=660
hdr_knee_x1000=900
hdr_lighting_on=0
hdr_master_on=0
hdr_oetf_occurrences=70
hdr_oetf_progs=5
hdr_overbright_px=0
hdr_probe_frames=0
hdr_probe_max_x1000=0
hdr_probe_px=0
hdr_probe_state=1
hdr_progs_scanned=53
hdr_tonemap_defects=4
hotreload_frame_bound_hits=0
hotreload_partial_frames=0
hotreload_passes=0
hotreload_pixels_changed=0
hotreload_regime=0
hotreload_reuploaded=0
hotreload_rt_bound_hits=0
lc_orig_A=0
lc_orig_B=0
lc_orig_C=0
lc_orig_D=0
lc_orig_E=0
lc_orig_light_A=0
lc_orig_light_B=0
lc_orig_light_C=0
lc_orig_light_D=0
lc_orig_light_E=0
lc_orig_light_un=0
lc_orig_un=0
lc_rech_A=0
lc_rech_B=0
lc_rech_C=0
lc_rech_D=0
lc_rech_E=0
lc_rech_un=0
ldr_ref_delta=0
light_census_A=0
light_census_B=0
light_census_C=0
light_census_D=0
light_census_E=0
light_census_classified=0
light_census_frames=660
light_census_rb_bad_0=0
light_census_rb_bad_1=0
light_census_rb_bad_2=0
light_census_rb_bad_3=0
light_census_rb_checks=69
light_census_rb_mismatch=0
light_census_rb_noloc=23
light_census_residual=0
light_census_total=22784
light_census_un_depth=0
light_census_un_hfrag=0
light_census_un_stock=22784
light_census_unaccounted=22784
npc_evict_pass2=0
npc_evict_pressure_frames=0
npc_evict_refused_live_merc=0
npc_evict_straggler=0
npc_evict_with_live_merc=0
npc_evictable_while_drawing=1
npc_level_age_max=299
npc_level_evictions=0
npc_loaded_levels_max=2
npc_merc_keepalive_frames=626
npc_merc_key_missing=0
npc_merc_vec_empty=0
origin_bitexact_defects=1
origin_font_master_bypass=8
origin_mipmap_suppressed=58
origin_shrub_native_suppressed=1
refset_bootstrap_records=11
refset_wind_clock_pinned=58
shade_draws_no_model=55
shade_frames=660
shade_gate_reads_outside=5
shade_hits=22729
shade_hosts=5
shade_hosts_missing=0
shade_model_lines=2496
shade_prog_track_checks=660
shade_prog_track_mismatch=0
shade_programs_seen=53
shade_variants=1
shade_world_frag_lines=13347
tick_alpha_unified=1
tick_armed=0
tick_catchup_clamps=0
tick_ceiling_clamps=0
tick_conserve_err_pct_x100=0
tick_conserve_frames=0
tick_frames=0
tick_lock_armed=1
tick_lock_err_pct_x100=0
tick_lock_events=0
tick_lock_strict=1
tick_lock_transients=0
tick_locked_pct=0
tick_pose_err_pct_x100=999999
tick_pose_frames=0
tick_pose_frames_retimed=0
tick_pose_steps_judged=0
tick_rate_dev_pct_x100=999999
tick_rate_windows=0
tick_ticks=0
tick_time_dropped_ms=0
tick_time_fabricated_us=0
tick_unlock_events=0
tick_worst_dev_pct_x100=999999
tonemap_draws=0
tonemap_sites=1
tonemap_sites_config=1
tonemap_sites_cumulative=0
tonemap_sites_explicit=0
tonemap_sites_implicit=0
tonemap_sites_shader=0
uncap_armed=1
uncap_busy_hz_x100=128638
uncap_cap_fps_x100=6000
uncap_cap_setting_x100=6000
uncap_ceiling_busy_ms_x100=78
uncap_ceiling_busy_samples=301
uncap_ceiling_cap_fps_x100=6000
uncap_ceiling_config_stable=1
uncap_ceiling_frames=0
uncap_ceiling_hz=60
uncap_ceiling_hz_x100=6000
uncap_ceiling_panel_hz=60
uncap_ceiling_swap_interval_applied=0
uncap_ceiling_swap_interval_wanted=0
uncap_ceiling_window=2
uncap_choice_fps=60
uncap_choice_index=2
uncap_choice_unlimited=0
uncap_choices_expected=8
uncap_choices_n=8
uncap_defects=4
uncap_disp_fps_max_x100=6000
uncap_dynscale_target_max=60
uncap_frames=659
uncap_over_windows=0
uncap_panel_hz=60
uncap_pose_err=397
uncap_pose_tol=833
uncap_present_mismatch_frames=0
uncap_presents=697
uncap_regime_entered=0
uncap_scene_dev_pct_x100=999999
uncap_scene_last_units_per_s_x100=102400
uncap_scene_units_per_s_x100=0
uncap_scene_vblanks=661
uncap_scene_window_dev_pct_x100=999999
uncap_scene_windows=2
uncap_swap_interval_applied=0
uncap_swap_interval_wanted=0
uncap_target_fps_x100=6000
uncap_tick_rate_dev_pct_x100=999999
uncap_time_dropped_ms=0
uncap_v_cap=1
uncap_v_ceiling=0
uncap_v_choices=0
uncap_v_dynscale=0
uncap_v_pose=0
uncap_v_present=0
uncap_v_scene=1
uncap_v_tick_rate=1
uncap_v_windows=1
uncap_windows=2
anim_sweep_host_60=x86-native
anim_sweep_mode=x86-native
gpu_ms_buckets=1.5070
gpu_ms_etie=0.0000
gpu_ms_generic=0.0093
gpu_ms_hfrag=0.0000
gpu_ms_merc=0.2121
gpu_ms_ocean=0.0157
gpu_ms_other=0.2911
gpu_ms_shrub=0.0931
gpu_ms_sprite=0.4373
gpu_ms_tfrag=0.2258
gpu_ms_tie=0.1572
hdr_aux_clamped_sites=aucun
hdr_build_flavour=normal
hdr_format=RGBA8
refset_bootstrap_boundary=before-play-actors-not-restored
refset_bootstrap_fingerprint=8cafacae708f4b5a
tick_drift_ms=0.0
uncap_ceiling_cause=la-consigne
uncap_clock=render_pace
PACE-SWAP-X86 n=754 dt_ms=16.621
PACE-SWAP-X86 n=755 dt_ms=16.637
[58:51:414] [debug] link finish: pelican
PACE-SWAP-X86 n=756 dt_ms=16.651
PACE-SWAP-X86 n=757 dt_ms=16.553
PACE-SWAP-X86 n=758 dt_ms=16.707
PACE-SWAP-X86 n=759 dt_ms=16.584
PACE-SWAP-X86 n=760 dt_ms=16.703
[58:51:497] [debug] link finish: lurkerworm
PACE-SWAP-X86 n=761 dt_ms=16.546
PACE-SWAP-X86 n=762 dt_ms=16.628
PACE-SWAP-X86 n=763 dt_ms=16.618
[58:51:550] [info] AOPERF mode=0 quality=1 strength=1 fps=60.0 busy_ms=3.12
PACE-SWAP-X86 n=764 dt_ms=16.598
PACE-SWAP-X86 n=765 dt_ms=16.686
[58:51:580] [debug] link finish: lurkercrab
PACE-SWAP-X86 n=766 dt_ms=16.607
PACE-SWAP-X86 n=767 dt_ms=16.580
PACE-SWAP-X86 n=768 dt_ms=16.610
PACE-SWAP-X86 n=769 dt_ms=16.638
PACE-SWAP-X86 n=770 dt_ms=16.625
[58:51:664] [debug] link finish: lurkerpuppy
PACE-SWAP-X86 n=771 dt_ms=16.646
PACE-SWAP-X86 n=772 dt_ms=16.564
PACE-SWAP-X86 n=773 dt_ms=16.608
PACE-SWAP-X86 n=774 dt_ms=16.653
PACE-SWAP-X86 n=775 dt_ms=16.652
[58:51:747] [debug] link finish: beach-rocks
PACE-SWAP-X86 n=776 dt_ms=16.578
PACE-SWAP-X86 n=777 dt_ms=16.626
PACE-SWAP-X86 n=778 dt_ms=16.598
PACE-SWAP-X86 n=779 dt_ms=16.627
PACE-SWAP-X86 n=780 dt_ms=16.677
[58:51:830] [debug] link finish: seagull
PACE-SWAP-X86 n=781 dt_ms=16.562
PACE-SWAP-X86 n=782 dt_ms=16.648
PACE-SWAP-X86 n=783 dt_ms=16.657
PACE-SWAP-X86 n=784 dt_ms=16.593
PACE-SWAP-X86 n=785 dt_ms=16.614
[58:51:914] [debug] link finish: beach-part
PACE-SWAP-X86 n=786 dt_ms=16.672
PACE-SWAP-X86 n=787 dt_ms=16.555
PACE-SWAP-X86 n=788 dt_ms=16.627
PACE-SWAP-X86 n=789 dt_ms=16.644
[58:51:980] [debug] link finish: tpage-212
PACE-SWAP-X86 n=790 dt_ms=16.629
[58:51:997] [debug] link finish: tpage-214
PACE-SWAP-X86 n=791 dt_ms=16.623
[58:52:014] [debug] link finish: tpage-213
PACE-SWAP-X86 n=792 dt_ms=16.659
[58:52:030] [debug] link finish: tpage-215
PACE-SWAP-X86 n=793 dt_ms=16.615
[58:52:047] [debug] link finish: babak
PACE-SWAP-X86 n=794 dt_ms=16.612
[58:52:064] [debug] link finish: barrel
PACE-SWAP-X86 n=795 dt_ms=16.662
[58:52:080] [debug] link finish: beachcam
PACE-SWAP-X86 n=796 dt_ms=16.573
[58:52:097] [debug] link finish: bird-lady
PACE-SWAP-X86 n=797 dt_ms=16.605
[58:52:114] [debug] link finish: bird-lady-beach
PACE-SWAP-X86 n=798 dt_ms=16.705
[58:52:130] [debug] link finish: bladeassm
PACE-SWAP-X86 n=799 dt_ms=16.630
[58:52:147] [debug] link finish: ecovalve
PACE-SWAP-X86 n=800 dt_ms=16.560
[58:52:164] [debug] link finish: ecoventrock
PACE-SWAP-X86 n=801 dt_ms=16.641
[58:52:180] [debug] link finish: flutflut
PACE-SWAP-X86 n=802 dt_ms=16.595
[58:52:197] [debug] link finish: flutflutegg
PACE-SWAP-X86 n=803 dt_ms=16.625
[58:52:214] [debug] link finish: grottopole
PACE-SWAP-X86 n=804 dt_ms=16.692
[58:52:230] [debug] link finish: harvester
PACE-SWAP-X86 n=805 dt_ms=16.564
[58:52:247] [debug] link finish: kickrock
PACE-SWAP-X86 n=806 dt_ms=16.594
[58:52:264] [debug] link finish: lrocklrg
PACE-SWAP-X86 n=807 dt_ms=16.720
[58:52:280] [debug] link finish: lurkercrab
PACE-SWAP-X86 n=808 dt_ms=16.558
[58:52:297] [debug] link finish: lurkerpuppy
PACE-SWAP-X86 n=809 dt_ms=16.688
[58:52:314] [debug] link finish: lurkerworm
PACE-SWAP-X86 n=810 dt_ms=16.604
[58:52:330] [debug] link finish: mayor
PACE-SWAP-X86 n=811 dt_ms=16.588
[58:52:347] [debug] link finish: mistycannon
PACE-SWAP-X86 n=812 dt_ms=16.606
[58:52:364] [debug] link finish: orb-cache-top
PACE-SWAP-X86 n=813 dt_ms=16.660
[58:52:380] [debug] link finish: pelican
AUTOPORT-FRAMES n=720
FEATURE lighting-census armed=1 hits=49574
anim_cen_blend=0
anim_cen_degen=0
anim_cen_done=0
anim_cen_hist_n=0
anim_cen_ident=6105
anim_cen_moved=0
anim_cen_movemax_q=0
anim_cen_oob=0
anim_cen_other=0
anim_cen_other_chan=0
anim_cen_other_p0z=0
anim_cen_other_unk=0
anim_cen_seekend=0
anim_cen_static=0
anim_cen_total=6105
anim_cen_zero=0
anim_cpp_ksum_x1000=722000
anim_djm_noroot=10002
anim_djm_rotv=0
anim_djm_shift=0
anim_djm_total=10002
anim_goal_ksum_x1000=720000
anim_pace_catchup_clamps=0
anim_pace_ceiling_clamps=0
anim_pace_grid_snaps=704
anim_pace_k_max=3
anim_pace_rebase_max_x1000=20
anim_pace_rebase_n=89
anim_pace_rebase_sum_x1000=1567
anim_pace_skip_frames=1
anim_probe_branch=1
anim_probe_jump_max_x1000=1000
anim_probe_jump_steps=1
anim_probe_n=113
anim_probe_raw_frame_q=31132
anim_probe_raw_id=51889908
anim_probe_raw_p0_q=65536
anim_probe_raw_q=31132
anim_probe_raw_rate_q=273
anim_probe_rawstep_mean_x1000=1009
anim_probe_rawstep_n=112
anim_probe_rej_clamped=0
anim_probe_rej_frozen=0
anim_probe_rej_id=0
anim_probe_rej_rate=0
anim_probe_rej_step=0
anim_probe_rejected=0
anim_probe_samples=113
anim_probe_steps_60=112
anim_render_armed=1
anim_render_frames=720
anim_render_frames_retimed=0
anim_render_step_err_max_us=397
anim_render_step_err_pushed_us=488
anim_render_steps_judged=623
anim_step_bitexact_30=999999
anim_step_bitexact_60=999999
anim_step_disp_60_x100=5988
anim_step_ee_jitter_worst_us=960
anim_step_eejit_60_us=960
anim_step_fps_60_x100=5988
anim_step_frames_60=719
anim_step_jitter_60_us=999999
anim_step_jitter_worst_fps=0
anim_step_jitter_worst_us=999999
anim_step_localus_60=999999
anim_step_model_jitter_60_us=86
anim_step_model_jitter_worst_us=86
anim_step_nonident_30=999999
anim_step_nonident_60=999999
anim_step_nonidentgrid_30=999999
anim_step_nonidentgrid_60=999999
anim_step_offgrid_f60=16
anim_step_ongrid_30=999999
anim_step_ongrid_60=999999
anim_step_ongrid_f60=703
anim_step_present_jitter_worst_us=0
anim_step_rawjit_worst_us=999999
anim_step_rephase_f60=89
anim_step_steps_60=623
anim_step_straddle_dropped=0
anim_step_sweep_segments=0
anim_sweep_bitexact_fail=2
anim_sweep_defects=8
anim_sweep_eq_disp_x100=0
anim_sweep_jitter_over=0
anim_sweep_missing_rates=6
anim_sweep_rate_miss=0
anim_sweep_wanted=6
gpu_ms_frames=717
gpu_timer_supported=1
hd_fr3_stock=3
hdr_aux_clamped_reads=0
hdr_aux_guards=1
hdr_cfg_bad_first_cfg=0
hdr_cfg_bad_first_draw=0
hdr_cfg_bad_first_fmt8=0
hdr_cfg_bad_first_frame=0
hdr_cfg_bad_first_shader=0
hdr_cfg_bad_first_sites=0
hdr_cfg_bad_origine_lumiere=0
hdr_cfg_bad_origine_total=0
hdr_cfg_bad_recharged=0
hdr_cfg_frames_origine_lumiere=0
hdr_cfg_frames_origine_total=720
hdr_cfg_frames_recharged=0
hdr_chain_frames=0
hdr_curve_kink_max_x1000=10
hdr_curve_mode=0
hdr_curve_monotone_bad=0
hdr_curve_samples=8000
hdr_curve_unbounded_bad=0
hdr_defect_1_saturation=1
hdr_defect_2_hl_contrast=1
hdr_defect_3_curve=0
hdr_defect_4_origine_lumiere_set=1
hdr_defect_5_sites_three_configs=1
hdr_display_guards=2
hdr_fallback_used=0
hdr_frames=720
hdr_knee_x1000=900
hdr_lighting_on=0
hdr_master_on=0
hdr_oetf_occurrences=70
hdr_oetf_progs=5
hdr_overbright_px=0
hdr_probe_frames=0
hdr_probe_max_x1000=0
hdr_probe_px=0
hdr_probe_state=1
hdr_progs_scanned=53
hdr_tonemap_defects=4
hotreload_frame_bound_hits=0
hotreload_partial_frames=0
hotreload_passes=0
hotreload_pixels_changed=0
hotreload_regime=0
hotreload_reuploaded=0
hotreload_rt_bound_hits=0
lc_orig_A=0
lc_orig_B=0
lc_orig_C=0
lc_orig_D=0
lc_orig_E=0
lc_orig_light_A=0
lc_orig_light_B=0
lc_orig_light_C=0
lc_orig_light_D=0
lc_orig_light_E=0
lc_orig_light_un=0
lc_orig_un=0
lc_rech_A=0
lc_rech_B=0
lc_rech_C=0
lc_rech_D=0
lc_rech_E=0
lc_rech_un=0
ldr_ref_delta=0
light_census_A=0
light_census_B=0
light_census_C=0
light_census_D=0
light_census_E=0
light_census_classified=0
light_census_frames=720
light_census_rb_bad_0=0
light_census_rb_bad_1=0
light_census_rb_bad_2=0
light_census_rb_bad_3=0
light_census_rb_checks=138
light_census_rb_mismatch=0
light_census_rb_noloc=46
light_census_residual=0
light_census_total=47564
light_census_un_depth=0
light_census_un_hfrag=0
light_census_un_stock=47564
light_census_unaccounted=47564
npc_evict_pass2=0
npc_evict_pressure_frames=0
npc_evict_refused_live_merc=0
npc_evict_straggler=0
npc_evict_with_live_merc=0
npc_evictable_while_drawing=1
npc_level_age_max=299
npc_level_evictions=0
npc_loaded_levels_max=2
npc_merc_keepalive_frames=686
npc_merc_key_missing=0
npc_merc_vec_empty=0
origin_bitexact_defects=1
origin_font_master_bypass=8
origin_mipmap_suppressed=118
origin_shrub_native_suppressed=1
refset_bootstrap_records=11
refset_wind_clock_pinned=118
shade_draws_no_model=115
shade_frames=720
shade_gate_reads_outside=5
shade_hits=47449
shade_hosts=5
shade_hosts_missing=0
shade_model_lines=2496
shade_prog_track_checks=720
shade_prog_track_mismatch=0
shade_programs_seen=53
shade_variants=1
shade_world_frag_lines=13347
tick_alpha_unified=1
tick_armed=0
tick_catchup_clamps=0
tick_ceiling_clamps=0
tick_conserve_err_pct_x100=0
tick_conserve_frames=0
tick_frames=0
tick_lock_armed=1
tick_lock_err_pct_x100=0
tick_lock_events=0
tick_lock_strict=1
tick_lock_transients=0
tick_locked_pct=0
tick_pose_err_pct_x100=999999
tick_pose_frames=0
tick_pose_frames_retimed=0
tick_pose_steps_judged=0
tick_rate_dev_pct_x100=999999
tick_rate_windows=0
tick_ticks=0
tick_time_dropped_ms=0
tick_time_fabricated_us=0
tick_unlock_events=0
tick_worst_dev_pct_x100=999999
tonemap_draws=0
tonemap_sites=1
tonemap_sites_config=1
tonemap_sites_cumulative=0
tonemap_sites_explicit=0
tonemap_sites_implicit=0
tonemap_sites_shader=0
uncap_armed=1
uncap_busy_hz_x100=128638
uncap_cap_fps_x100=6000
uncap_cap_setting_x100=6000
uncap_ceiling_busy_ms_x100=78
uncap_ceiling_busy_samples=301
uncap_ceiling_cap_fps_x100=6000
uncap_ceiling_config_stable=1
uncap_ceiling_frames=0
uncap_ceiling_hz=60
uncap_ceiling_hz_x100=6000
uncap_ceiling_panel_hz=60
uncap_ceiling_swap_interval_applied=0
uncap_ceiling_swap_interval_wanted=0
uncap_ceiling_window=2
uncap_choice_fps=60
uncap_choice_index=2
uncap_choice_unlimited=0
uncap_choices_expected=8
uncap_choices_n=8
uncap_defects=4
uncap_disp_fps_max_x100=6000
uncap_dynscale_target_max=60
uncap_frames=719
uncap_over_windows=0
uncap_panel_hz=60
uncap_pose_err=397
uncap_pose_tol=833
uncap_present_mismatch_frames=0
uncap_presents=697
uncap_regime_entered=0
uncap_scene_dev_pct_x100=999999
uncap_scene_last_units_per_s_x100=102400
uncap_scene_units_per_s_x100=0
uncap_scene_vblanks=721
uncap_scene_window_dev_pct_x100=999999
uncap_scene_windows=2
uncap_swap_interval_applied=0
uncap_swap_interval_wanted=0
uncap_target_fps_x100=6000
uncap_tick_rate_dev_pct_x100=999999
uncap_time_dropped_ms=0
uncap_v_cap=1
uncap_v_ceiling=0
uncap_v_choices=0
uncap_v_dynscale=0
uncap_v_pose=0
uncap_v_present=0
uncap_v_scene=1
uncap_v_tick_rate=1
uncap_v_windows=1
uncap_windows=2
anim_sweep_host_60=x86-native
anim_sweep_mode=x86-native
gpu_ms_buckets=1.9612
gpu_ms_etie=0.0000
gpu_ms_generic=0.0091
gpu_ms_hfrag=0.0000
gpu_ms_merc=0.2138
gpu_ms_ocean=0.0273
gpu_ms_other=0.2954
gpu_ms_shrub=0.1623
gpu_ms_sprite=0.4311
gpu_ms_tfrag=0.4457
gpu_ms_tie=0.3126
hdr_aux_clamped_sites=aucun
hdr_build_flavour=normal
hdr_format=RGBA8
refset_bootstrap_boundary=before-play-actors-not-restored
refset_bootstrap_fingerprint=8cafacae708f4b5a
tick_drift_ms=0.0
uncap_ceiling_cause=la-consigne
uncap_clock=render_pace
PACE-SWAP-X86 n=814 dt_ms=16.606
[58:52:397] [debug] link finish: sack
[58:52:399] [info] [eyescale] slot=0 kind=iris draws=278 covered=0 changed=0 raw_min=0.8906 raw_max=0.8906 cov_raw_min=1000000000.0000 cov_raw_max=-1000000000.0000 cov_out_min=1000000000.0000 cov_out_max=-1000000000.0000 rest=0.89062 restshare=1.000 anchor=0.89062
[58:52:399] [info] [eyescale] slot=0 kind=pupil draws=278 covered=0 changed=0 raw_min=0.4375 raw_max=0.4375 cov_raw_min=1000000000.0000 cov_raw_max=-1000000000.0000 cov_out_min=1000000000.0000 cov_out_max=-1000000000.0000 rest=0.43750 restshare=1.000 anchor=0.43750
[58:52:399] [info] [eyescale] slot=1 kind=iris draws=278 covered=0 changed=0 raw_min=0.8906 raw_max=0.8906 cov_raw_min=1000000000.0000 cov_raw_max=-1000000000.0000 cov_out_min=1000000000.0000 cov_out_max=-1000000000.0000 rest=0.89062 restshare=1.000 anchor=0.89062
[58:52:399] [info] [eyescale] slot=1 kind=pupil draws=278 covered=0 changed=0 raw_min=0.4375 raw_max=0.4375 cov_raw_min=1000000000.0000 cov_raw_max=-1000000000.0000 cov_out_min=1000000000.0000 cov_out_max=-1000000000.0000 rest=0.43750 restshare=1.000 anchor=0.43750
[58:52:399] [info] [eyescale] slot=2 kind=iris draws=686 covered=0 changed=0 raw_min=0.3750 raw_max=0.3750 cov_raw_min=1000000000.0000 cov_raw_max=-1000000000.0000 cov_out_min=1000000000.0000 cov_out_max=-1000000000.0000 rest=0.37500 restshare=1.000 anchor=0.37500
[58:52:399] [info] [eyescale] slot=2 kind=pupil draws=686 covered=0 changed=0 raw_min=0.0000 raw_max=0.0000 cov_raw_min=1000000000.0000 cov_raw_max=-1000000000.0000 cov_out_min=1000000000.0000 cov_out_max=-1000000000.0000 rest=0.00000 restshare=1.000 anchor=0.00000
[58:52:399] [info] [eyescale] slot=3 kind=iris draws=686 covered=0 changed=0 raw_min=0.3750 raw_max=0.3750 cov_raw_min=1000000000.0000 cov_raw_max=-1000000000.0000 cov_out_min=1000000000.0000 cov_out_max=-1000000000.0000 rest=0.37500 restshare=1.000 anchor=0.37500
[58:52:399] [info] [eyescale] slot=3 kind=pupil draws=686 covered=0 changed=0 raw_min=0.0000 raw_max=0.0000 cov_raw_min=1000000000.0000 cov_raw_max=-1000000000.0000 cov_out_min=1000000000.0000 cov_out_max=-1000000000.0000 rest=0.00000 restshare=1.000 anchor=0.00000
PACE-SWAP-X86 n=815 dt_ms=16.662
[58:52:414] [debug] link finish: sculptor
PACE-SWAP-X86 n=816 dt_ms=16.666
[58:52:430] [debug] link finish: sculptor-muse
PACE-SWAP-X86 n=817 dt_ms=16.592
[58:52:447] [debug] link finish: seagull
PACE-SWAP-X86 n=818 dt_ms=16.629
[58:52:464] [debug] link finish: sharkey
PACE-SWAP-X86 n=819 dt_ms=16.718
[58:52:480] [debug] link finish: windmill-one
PACE-SWAP-X86 n=820 dt_ms=16.641
[58:52:501] [debug] [OVERLORD] FS_Close BEA     DGO @ 297/5256
PACE-SWAP-X86 n=821 dt_ms=16.601
Elapsed time for level =       2.1000s
NOTICE: loaded beach-vis, 6378976 bytes (6229.4687 K) at top 9908448
[58:52:514] [debug] link finish: beach-vis
PACE-SWAP-X86 n=822 dt_ms=16.671
PACE-SWAP-X86 n=823 dt_ms=16.638
[58:52:547] [info] HD-MODELS fr3-select beach: STOCK (enhanced-toggle=true)
[58:52:548] [info] [asset-route] beach.fr3 -> /home/emeric/code/jak-project/out/jak1/fr3/beach.fr3 (base-pack) custom=no 0B/t0 base=yes 13059195B/t1788572191

PACE-SWAP-X86 n=824 dt_ms=16.629
A36-STR-DIAG rpc name="fishermans-boat-ride-to-misty" chunk=0 ee_addr=0x84000 maxlen=0x3fc00
[58:52:564] [debug] [OVERLORD] LoadISOFileToIOP FIBRTMISSTR, 512/-1 bytes
[58:52:564] [debug] [OVERLORD] Queue 2 (1/4), LoadSingle
[58:52:564] [debug]   PRI 2 elt 0 LoadSingle @ #x7FDAF18DB850
[58:52:564] [debug] [OVERLORD] FS Open FIBRTMISSTR
PACE-SWAP-X86 n=825 dt_ms=16.720
[58:52:582] [debug] [OVERLORD] FS_Close FIBRTMISSTR @ 147/48
[58:52:582] [debug] [OVERLORD] LoadISOFileChunkToEE FIBRTMISSTR : 145408 offset 1
[58:52:582] [debug] [OVERLORD] Queue 2 (1/4), LoadSingle
[58:52:582] [debug]   PRI 2 elt 0 LoadSingle @ #x7FDAF18DB840
[58:52:582] [debug] [OVERLORD] FS Open FIBRTMISSTR
[58:52:587] [debug] [OVERLORD] FS_Close FIBRTMISSTR @ 147/97
PACE-SWAP-X86 n=826 dt_ms=16.571
[58:52:597] [debug] link finish: fishermans-boat-ride-to-misty
A36-STR-DIAG rpc name="explorer-introduction" chunk=0 ee_addr=0xc1c00 maxlen=0x3fc00
[58:52:597] [debug] [OVERLORD] LoadISOFileToIOP EXINTRODSTR, 512/-1 bytes
[58:52:597] [debug] [OVERLORD] Queue 2 (1/4), LoadSingle
[58:52:597] [debug]   PRI 2 elt 0 LoadSingle @ #x7FDAF18DB850
[58:52:597] [debug] [OVERLORD] FS Open EXINTRODSTR
[58:52:601] [debug] [OVERLORD] FS_Close EXINTRODSTR @ 125/48
[58:52:601] [debug] [OVERLORD] LoadISOFileChunkToEE EXINTRODSTR : 71680 offset 1
[58:52:601] [debug] [OVERLORD] Queue 2 (1/4), LoadSingle
[58:52:601] [debug]   PRI 2 elt 0 LoadSingle @ #x7FDAF18DB840
[58:52:601] [debug] [OVERLORD] FS Open EXINTRODSTR
[58:52:605] [debug] [OVERLORD] FS_Close EXINTRODSTR @ 125/73
A51-FR3 lev=beach compresse=12.5MB decompresse=39.9MB disque=0.00s zstd=0.06s
PACE-SWAP-X86 n=827 dt_ms=16.677
[58:52:614] [debug] link finish: explorer-introduction
A55-RSS fr3-decomp rss=568Mo vsz=2144Mo R:gpu=0Mo tas=0Mo ee=61Mo dalvik=0Mo fichier=67Mo anon=439Mo vif=262Mo gros=8 124Mo/anon@2ca7000 61Mo/ee@2123080000 39Mo/anon@7fdaafa17000 40Mo/anon@7fdab8000000 63Mo/anon@7fdac0000000 64Mo/anon@7fdacc000000 32Mo/anon@7fdaec000000 35Mo/anon@7fdafa03d000
PACE-SWAP-X86 n=828 dt_ms=16.613
A55-RSS fr3-serialize rss=568Mo vsz=2144Mo R:gpu=0Mo tas=0Mo ee=61Mo dalvik=0Mo fichier=67Mo anon=439Mo vif=302Mo gros=8 124Mo/anon@2ca7000 61Mo/ee@2123080000 39Mo/anon@7fdaafa17000 40Mo/anon@7fdab8000000 63Mo/anon@7fdac0000000 64Mo/anon@7fdacc000000 32Mo/anon@7fdaec000000 35Mo/anon@7fdafa03d000
A60-MERCPACK lev=beach COMPACTE sommets 51639 -> 51619 (3.2MB -> 3.2MB, gagne 0.0MB en RAM ET AUTANT dans le tampon GPU) cases(main=88689 mod=4964 libre=0)
[58:52:634] [info] HD-MODELS merc-load lvl=beach model=babak-lod0 tris=3078 draws=11 effects=3
[58:52:634] [info] HD-MODELS merc-load lvl=beach model=babak-lod1 tris=1501 draws=10 effects=3
[58:52:634] [info] HD-MODELS merc-load lvl=beach model=babak-lod2 tris=595 draws=9 effects=3
[58:52:634] [info] HD-MODELS merc-load lvl=beach model=barrel-lod0 tris=108 draws=2 effects=2
[58:52:634] [info] HD-MODELS merc-load lvl=beach model=beachcam-lod0 tris=2 draws=1 effects=1
[58:52:634] [info] HD-MODELS merc-load lvl=beach model=bird-lady-lod0 tris=3336 draws=22 effects=3
[58:52:634] [info] HD-MODELS merc-load lvl=beach model=bird-lady-beach-lod0 tris=3336 draws=22 effects=3
[58:52:634] [info] HD-MODELS merc-load lvl=beach model=bladeassm-lod0 tris=554 draws=4 effects=1
[58:52:634] [info] HD-MODELS merc-load lvl=beach model=bladeassm-lod1 tris=132 draws=4 effects=1
[58:52:634] [info] HD-MODELS merc-load lvl=beach model=bladeassm-lod2 tris=19 draws=3 effects=1
[58:52:634] [info] HD-MODELS merc-load lvl=beach model=ecovalve-geo tris=208 draws=2 effects=2
[58:52:634] [info] HD-MODELS merc-load lvl=beach model=ecoventrock-lod0 tris=368 draws=1 effects=1
[58:52:634] [info] HD-MODELS merc-load lvl=beach model=ecoventrock-lod1 tris=24 draws=1 effects=1
[58:52:634] [info] HD-MODELS merc-load lvl=beach model=flutflut-lod0 tris=1899 draws=15 effects=2
[58:52:634] [info] HD-MODELS merc-load lvl=beach model=flutflutegg-lod0 tris=272 draws=1 effects=1
[58:52:634] [info] HD-MODELS merc-load lvl=beach model=flutflutegg-lod1 tris=80 draws=1 effects=1
[58:52:634] [info] HD-MODELS merc-load lvl=beach model=flutflutegg-lod2 tris=80 draws=1 effects=1
[58:52:634] [info] HD-MODELS merc-load lvl=beach model=grottopole-lod0 tris=312 draws=3 effects=1
[58:52:634] [info] HD-MODELS merc-load lvl=beach model=grottopole-lod1 tris=96 draws=3 effects=1
[58:52:634] [info] HD-MODELS merc-load lvl=beach model=harvester-lod0 tris=872 draws=9 effects=1
[58:52:634] [info] HD-MODELS merc-load lvl=beach model=harvester-lod1 tris=322 draws=9 effects=1
[58:52:634] [info] HD-MODELS merc-load lvl=beach model=harvester-lod2 tris=162 draws=8 effects=1
[58:52:634] [info] HD-MODELS merc-load lvl=beach model=kickrock-lod0 tris=40 draws=1 effects=1
[58:52:634] [info] HD-MODELS merc-load lvl=beach model=lrocklrg-lod0 tris=280 draws=1 effects=1
[58:52:634] [info] HD-MODELS merc-load lvl=beach model=lurkercrab-lod0 tris=1732 draws=10 effects=2
[58:52:634] [info] HD-MODELS merc-load lvl=beach model=lurkercrab-lod1 tris=516 draws=8 effects=2
[58:52:634] [info] HD-MODELS merc-load lvl=beach model=lurkercrab-lod2 tris=122 draws=8 effects=2
[58:52:634] [info] HD-MODELS merc-load lvl=beach model=lurkerpuppy-lod0 tris=2568 draws=14 effects=2
[58:52:634] [info] HD-MODELS merc-load lvl=beach model=lurkerpuppy-lod1 tris=1274 draws=13 effects=2
[58:52:634] [info] HD-MODELS merc-load lvl=beach model=lurkerpuppy-lod2 tris=606 draws=12 effects=2
[58:52:634] [info] HD-MODELS merc-load lvl=beach model=lurkerworm-lod0 tris=2212 draws=10 effects=2
[58:52:634] [info] HD-MODELS merc-load lvl=beach model=lurkerworm-lod1 tris=8 draws=1 effects=1
[58:52:634] [info] HD-MODELS merc-load lvl=beach model=mayor-lod0 tris=3013 draws=16 effects=4
[58:52:634] [info] HD-MODELS merc-load lvl=beach model=mistycannon-lod0 tris=3058 draws=8 effects=2
[58:52:634] [info] HD-MODELS merc-load lvl=beach model=mistycannon-lod1 tris=372 draws=6 effects=2
[58:52:634] [info] HD-MODELS merc-load lvl=beach model=orb-cache-top-lod0 tris=238 draws=5 effects=2
[58:52:634] [info] HD-MODELS merc-load lvl=beach model=orb-cache-top-lod1 tris=102 draws=4 effects=2
[58:52:634] [info] HD-MODELS merc-load lvl=beach model=pelican-lod0 tris=2038 draws=15 effects=2
[58:52:634] [info] HD-MODELS merc-load lvl=beach model=pelican-lod1 tris=940 draws=12 effects=2
[58:52:634] [info] HD-MODELS merc-load lvl=beach model=pelican-lod2 tris=406 draws=11 effects=1
[58:52:634] [info] HD-MODELS merc-load lvl=beach model=sack-lod0 tris=341 draws=2 effects=1
[58:52:634] [info] HD-MODELS merc-load lvl=beach model=sculptor-lod0 tris=2744 draws=20 effects=5
[58:52:634] [info] HD-MODELS merc-load lvl=beach model=sculptor-muse-lod0 tris=1610 draws=14 effects=2
[58:52:634] [info] HD-MODELS merc-load lvl=beach model=seagull-lod0 tris=73 draws=5 effects=1
[58:52:634] [info] HD-MODELS merc-load lvl=beach model=sharkey-lod0 tris=1854 draws=11 effects=1
[58:52:634] [info] HD-MODELS merc-load lvl=beach model=windmill-one-lod0 tris=1520 draws=8 effects=2
[58:52:634] [info] HD-MODELS merc-load lvl=beach model=windmill-one-lod1 tris=394 draws=9 effects=2
[58:52:634] [info] HD-MODELS merc-load lvl=beach model=windmill-one-lod2 tris=54 draws=3 effects=1
PACE-SWAP-X86 n=829 dt_ms=16.672
A36-STR-DIAG rpc name="fishermans-boat-ride-to-misty" chunk=0 ee_addr=0x84000 maxlen=0x3fc00
[58:52:647] [debug] [OVERLORD] LoadISOFileChunkToEE FIBRTMISSTR : 145408 offset 1
[58:52:647] [debug] [OVERLORD] Queue 2 (1/4), LoadSingle
[58:52:647] [debug]   PRI 2 elt 0 LoadSingle @ #x7FDAF18DB840
[58:52:647] [debug] [OVERLORD] FS Open FIBRTMISSTR
[58:52:649] [debug] [OVERLORD] Queue 3 (1/4), QueueVAG
[58:52:649] [debug]   PRI 2 elt 0 LoadSingle @ #x7FDAF18DB840
[58:52:649] [debug]   PRI 3 elt 0 QueueVAG @ #xC471A0
[58:52:649] [debug] [OVERLORD] FS_OpenWad VAGWAD  FRE
[58:52:656] [debug] [OVERLORD] FS_Close FIBRTMISSTR @ 147/97
[58:52:656] [debug]   PRI 3 elt 0 QueueVAG @ #xC471A0
PACE-SWAP-X86 n=830 dt_ms=16.589
[58:52:664] [debug] link finish: fishermans-boat-ride-to-misty
PACE-SWAP-X86 n=831 dt_ms=16.654
PACE-SWAP-X86 n=832 dt_ms=16.837
PACE-SWAP-X86 n=833 dt_ms=16.390
PACE-SWAP-X86 n=834 dt_ms=16.657
PACE-SWAP-X86 n=835 dt_ms=16.621
PACE-SWAP-X86 n=836 dt_ms=16.617
PACE-SWAP-X86 n=837 dt_ms=16.659
PACE-SWAP-X86 n=838 dt_ms=16.625
PACE-SWAP-X86 n=839 dt_ms=16.640
PACE-SWAP-X86 n=840 dt_ms=16.648
PACE-SWAP-X86 n=841 dt_ms=16.629
PACE-SWAP-X86 n=842 dt_ms=16.652
PACE-SWAP-X86 n=843 dt_ms=16.649
PACE-SWAP-X86 n=844 dt_ms=16.644
[58:52:909] [info] [gpbrf-tie-normal] tie tree verts=342314 groups=146800 backfilled_normals=209312 edge_welded_seam_verts=195514
PACE-SWAP-X86 n=845 dt_ms=16.686
PACE-SWAP-X86 n=846 dt_ms=16.632
PACE-SWAP-X86 n=847 dt_ms=16.616
PACE-SWAP-X86 n=848 dt_ms=16.640
PACE-SWAP-X86 n=849 dt_ms=16.613
PACE-SWAP-X86 n=850 dt_ms=16.678
PACE-SWAP-X86 n=851 dt_ms=16.613
PACE-SWAP-X86 n=852 dt_ms=16.636
PACE-SWAP-X86 n=853 dt_ms=16.653
PACE-SWAP-X86 n=854 dt_ms=16.615
PACE-SWAP-X86 n=855 dt_ms=16.683
PACE-SWAP-X86 n=856 dt_ms=16.580
PACE-SWAP-X86 n=857 dt_ms=16.642
PACE-SWAP-X86 n=858 dt_ms=16.635
PACE-SWAP-X86 n=859 dt_ms=16.627
PACE-SWAP-X86 n=860 dt_ms=16.624
PACE-SWAP-X86 n=861 dt_ms=16.662
PACE-SWAP-X86 n=862 dt_ms=16.616
[58:53:209] [info] [gpbrf-tie-normal] tie tree verts=342314 groups=146800 backfilled_normals=209312 edge_welded_seam_verts=195514
PACE-SWAP-X86 n=863 dt_ms=16.669
PACE-SWAP-X86 n=864 dt_ms=16.655
PACE-SWAP-X86 n=865 dt_ms=16.631
PACE-SWAP-X86 n=866 dt_ms=16.644
PACE-SWAP-X86 n=867 dt_ms=16.629
PACE-SWAP-X86 n=868 dt_ms=16.662
PACE-SWAP-X86 n=869 dt_ms=16.600
PACE-SWAP-X86 n=870 dt_ms=16.750
PACE-SWAP-X86 n=871 dt_ms=16.642
PACE-SWAP-X86 n=872 dt_ms=16.634
PACE-SWAP-X86 n=873 dt_ms=16.543
AUTOPORT-FRAMES n=780
FEATURE lighting-census armed=1 hits=74474
anim_cen_blend=0
anim_cen_degen=0
anim_cen_done=0
anim_cen_hist_n=0
anim_cen_ident=7785
anim_cen_moved=0
anim_cen_movemax_q=0
anim_cen_oob=0
anim_cen_other=0
anim_cen_other_chan=0
anim_cen_other_p0z=0
anim_cen_other_unk=0
anim_cen_seekend=0
anim_cen_static=0
anim_cen_total=7785
anim_cen_zero=0
anim_cpp_ksum_x1000=782000
anim_djm_noroot=12727
anim_djm_rotv=0
anim_djm_shift=0
anim_djm_total=12727
anim_goal_ksum_x1000=780000
anim_pace_catchup_clamps=0
anim_pace_ceiling_clamps=0
anim_pace_grid_snaps=764
anim_pace_k_max=3
anim_pace_rebase_max_x1000=20
anim_pace_rebase_n=89
anim_pace_rebase_sum_x1000=1567
anim_pace_skip_frames=1
anim_probe_branch=1
anim_probe_jump_max_x1000=1000
anim_probe_jump_steps=1
anim_probe_n=173
anim_probe_raw_frame_q=47518
anim_probe_raw_id=51889908
anim_probe_raw_p0_q=65536
anim_probe_raw_q=47518
anim_probe_raw_rate_q=273
anim_probe_rawstep_mean_x1000=1006
anim_probe_rawstep_n=172
anim_probe_rej_clamped=0
anim_probe_rej_frozen=0
anim_probe_rej_id=0
anim_probe_rej_rate=0
anim_probe_rej_step=0
anim_probe_rejected=0
anim_probe_samples=173
anim_probe_steps_60=172
anim_render_armed=1
anim_render_frames=780
anim_render_frames_retimed=0
anim_render_step_err_max_us=397
anim_render_step_err_pushed_us=488
anim_render_steps_judged=683
anim_step_bitexact_30=999999
anim_step_bitexact_60=999999
anim_step_disp_60_x100=5989
anim_step_ee_jitter_worst_us=922
anim_step_eejit_60_us=922
anim_step_fps_60_x100=5989
anim_step_frames_60=779
anim_step_jitter_60_us=128
anim_step_jitter_worst_fps=0
anim_step_jitter_worst_us=128
anim_step_localus_60=128
anim_step_model_jitter_60_us=84
anim_step_model_jitter_worst_us=84
anim_step_nonident_30=999999
anim_step_nonident_60=999999
anim_step_nonidentgrid_30=999999
anim_step_nonidentgrid_60=999999
anim_step_offgrid_f60=16
anim_step_ongrid_30=999999
anim_step_ongrid_60=999999
anim_step_ongrid_f60=763
anim_step_present_jitter_worst_us=0
anim_step_rawjit_worst_us=0
anim_step_rephase_f60=89
anim_step_steps_60=683
anim_step_straddle_dropped=0
anim_step_sweep_segments=0
anim_sweep_bitexact_fail=2
anim_sweep_defects=8
anim_sweep_eq_disp_x100=0
anim_sweep_jitter_over=0
anim_sweep_missing_rates=6
anim_sweep_rate_miss=0
anim_sweep_wanted=6
gpu_ms_frames=777
gpu_timer_supported=1
hd_fr3_stock=4
hdr_aux_clamped_reads=0
hdr_aux_guards=1
hdr_cfg_bad_first_cfg=0
hdr_cfg_bad_first_draw=0
hdr_cfg_bad_first_fmt8=0
hdr_cfg_bad_first_frame=0
hdr_cfg_bad_first_shader=0
hdr_cfg_bad_first_sites=0
hdr_cfg_bad_origine_lumiere=0
hdr_cfg_bad_origine_total=0
hdr_cfg_bad_recharged=0
hdr_cfg_frames_origine_lumiere=0
hdr_cfg_frames_origine_total=780
hdr_cfg_frames_recharged=0
hdr_chain_frames=0
hdr_curve_kink_max_x1000=10
hdr_curve_mode=0
hdr_curve_monotone_bad=0
hdr_curve_samples=8000
hdr_curve_unbounded_bad=0
hdr_defect_1_saturation=1
hdr_defect_2_hl_contrast=1
hdr_defect_3_curve=0
hdr_defect_4_origine_lumiere_set=1
hdr_defect_5_sites_three_configs=1
hdr_display_guards=2
hdr_fallback_used=0
hdr_frames=780
hdr_knee_x1000=900
hdr_lighting_on=0
hdr_master_on=0
hdr_oetf_occurrences=70
hdr_oetf_progs=5
hdr_overbright_px=0
hdr_probe_frames=0
hdr_probe_max_x1000=0
hdr_probe_px=0
hdr_probe_state=1
hdr_progs_scanned=53
hdr_tonemap_defects=4
hotreload_frame_bound_hits=0
hotreload_partial_frames=0
hotreload_passes=0
hotreload_pixels_changed=0
hotreload_regime=0
hotreload_reuploaded=0
hotreload_rt_bound_hits=0
lc_orig_A=0
lc_orig_B=0
lc_orig_C=0
lc_orig_D=0
lc_orig_E=0
lc_orig_light_A=0
lc_orig_light_B=0
lc_orig_light_C=0
lc_orig_light_D=0
lc_orig_light_E=0
lc_orig_light_un=0
lc_orig_un=0
lc_rech_A=0
lc_rech_B=0
lc_rech_C=0
lc_rech_D=0
lc_rech_E=0
lc_rech_un=0
ldr_ref_delta=0
light_census_A=0
light_census_B=0
light_census_C=0
light_census_D=0
light_census_E=0
light_census_classified=0
light_census_frames=780
light_census_rb_bad_0=0
light_census_rb_bad_1=0
light_census_rb_bad_2=0
light_census_rb_bad_3=0
light_census_rb_checks=216
light_census_rb_mismatch=0
light_census_rb_noloc=76
light_census_residual=0
light_census_total=72344
light_census_un_depth=0
light_census_un_hfrag=0
light_census_un_stock=72344
light_census_unaccounted=72344
npc_evict_pass2=0
npc_evict_pressure_frames=0
npc_evict_refused_live_merc=0
npc_evict_straggler=0
npc_evict_with_live_merc=0
npc_evictable_while_drawing=1
npc_level_age_max=299
npc_level_evictions=0
npc_loaded_levels_max=2
npc_merc_keepalive_frames=746
npc_merc_key_missing=0
npc_merc_vec_empty=0
origin_bitexact_defects=1
origin_font_master_bypass=8
origin_mipmap_suppressed=178
origin_shrub_native_suppressed=1
refset_bootstrap_records=11
refset_wind_clock_pinned=178
shade_draws_no_model=175
shade_frames=780
shade_gate_reads_outside=5
shade_hits=72169
shade_hosts=5
shade_hosts_missing=0
shade_model_lines=2496
shade_prog_track_checks=780
shade_prog_track_mismatch=0
shade_programs_seen=53
shade_variants=1
shade_world_frag_lines=13347
tick_alpha_unified=1
tick_armed=0
tick_catchup_clamps=0
tick_ceiling_clamps=0
tick_conserve_err_pct_x100=0
tick_conserve_frames=0
tick_frames=0
tick_lock_armed=1
tick_lock_err_pct_x100=0
tick_lock_events=0
tick_lock_strict=1
tick_lock_transients=0
tick_locked_pct=0
tick_pose_err_pct_x100=999999
tick_pose_frames=0
tick_pose_frames_retimed=0
tick_pose_steps_judged=0
tick_rate_dev_pct_x100=999999
tick_rate_windows=0
tick_ticks=0
tick_time_dropped_ms=0
tick_time_fabricated_us=0
tick_unlock_events=0
tick_worst_dev_pct_x100=999999
tonemap_draws=0
tonemap_sites=1
tonemap_sites_config=1
tonemap_sites_cumulative=0
tonemap_sites_explicit=0
tonemap_sites_implicit=0
tonemap_sites_shader=0
uncap_armed=1
uncap_busy_hz_x100=128638
uncap_cap_fps_x100=6000
uncap_cap_setting_x100=6000
uncap_ceiling_busy_ms_x100=78
uncap_ceiling_busy_samples=301
uncap_ceiling_cap_fps_x100=6000
uncap_ceiling_config_stable=1
uncap_ceiling_frames=0
uncap_ceiling_hz=60
uncap_ceiling_hz_x100=6000
uncap_ceiling_panel_hz=60
uncap_ceiling_swap_interval_applied=0
uncap_ceiling_swap_interval_wanted=0
uncap_ceiling_window=2
uncap_choice_fps=60
uncap_choice_index=2
uncap_choice_unlimited=0
uncap_choices_expected=8
uncap_choices_n=8
uncap_defects=4
uncap_disp_fps_max_x100=6000
uncap_dynscale_target_max=60
uncap_frames=779
uncap_over_windows=0
uncap_panel_hz=60
uncap_pose_err=397
uncap_pose_tol=833
uncap_present_mismatch_frames=0
uncap_presents=697
uncap_regime_entered=0
uncap_scene_dev_pct_x100=999999
uncap_scene_last_units_per_s_x100=102400
uncap_scene_units_per_s_x100=0
uncap_scene_vblanks=781
uncap_scene_window_dev_pct_x100=999999
uncap_scene_windows=2
uncap_swap_interval_applied=0
uncap_swap_interval_wanted=0
uncap_target_fps_x100=6000
uncap_tick_rate_dev_pct_x100=999999
uncap_time_dropped_ms=0
uncap_v_cap=1
uncap_v_ceiling=0
uncap_v_choices=0
uncap_v_dynscale=0
uncap_v_pose=0
uncap_v_present=0
uncap_v_scene=1
uncap_v_tick_rate=1
uncap_v_windows=1
uncap_windows=2
anim_sweep_host_60=x86-native
anim_sweep_mode=x86-native
gpu_ms_buckets=2.3605
gpu_ms_etie=0.0000
gpu_ms_generic=0.0089
gpu_ms_hfrag=0.0000
gpu_ms_merc=0.2160
gpu_ms_ocean=0.0380
gpu_ms_other=0.2997
gpu_ms_shrub=0.2230
gpu_ms_sprite=0.4266
gpu_ms_tfrag=0.6361
gpu_ms_tie=0.4495
hdr_aux_clamped_sites=aucun
hdr_build_flavour=normal
hdr_format=RGBA8
refset_bootstrap_boundary=before-play-actors-not-restored
refset_bootstrap_fingerprint=8cafacae708f4b5a
tick_drift_ms=0.0
uncap_ceiling_cause=la-consigne
uncap_clock=render_pace
PACE-SWAP-X86 n=874 dt_ms=16.624
PACE-SWAP-X86 n=875 dt_ms=16.640
PACE-SWAP-X86 n=876 dt_ms=16.668
PACE-SWAP-X86 n=877 dt_ms=16.631
PACE-SWAP-X86 n=878 dt_ms=16.658
PACE-SWAP-X86 n=879 dt_ms=16.646
[58:53:495] [info] [gpbrf-tie-normal] tie tree verts=300558 groups=135505 backfilled_normals=196524 edge_welded_seam_verts=165053
PACE-SWAP-X86 n=880 dt_ms=16.625
PACE-SWAP-X86 n=881 dt_ms=16.680
PACE-SWAP-X86 n=882 dt_ms=16.616
PACE-SWAP-X86 n=883 dt_ms=16.638
PACE-SWAP-X86 n=884 dt_ms=16.607
PACE-SWAP-X86 n=885 dt_ms=16.655
PACE-SWAP-X86 n=886 dt_ms=16.628
[58:53:599] [info] [gpbrf-tie-normal] tie tree verts=97498 groups=46656 backfilled_normals=79941 edge_welded_seam_verts=50842
PACE-SWAP-X86 n=887 dt_ms=16.664
PACE-SWAP-X86 n=888 dt_ms=16.656
PACE-SWAP-X86 n=889 dt_ms=16.607
PACE-SWAP-X86 n=890 dt_ms=16.678
PACE-SWAP-X86 n=891 dt_ms=16.624
PACE-SWAP-X86 n=892 dt_ms=16.617
[58:53:698] [info] [gda-crease] tfrag tree verts=114598 groups=53801 multicluster(hardedge)=16974 clusters=73953 edge_welded_seam_verts=60797 crease=60deg
[58:53:698] [info] [gda-facet] tfrag tree verts=114598 single_face(perface)=4944 ground_verts=15480 ground_single_face=1014 ground_perface_pct=6.6
[58:53:711] [info] [gda-crease] tfrag tree verts=110 groups=45 multicluster(hardedge)=3 clusters=48 edge_welded_seam_verts=65 crease=60deg
[58:53:711] [info] [gda-facet] tfrag tree verts=110 single_face(perface)=5 ground_verts=0 ground_single_face=0 ground_perface_pct=0.0
PACE-SWAP-X86 n=893 dt_ms=16.621
PACE-SWAP-X86 n=894 dt_ms=16.685
[58:53:733] [info] [eyescale] slot=0 kind=iris draws=358 covered=0 changed=0 raw_min=0.8906 raw_max=0.8906 cov_raw_min=1000000000.0000 cov_raw_max=-1000000000.0000 cov_out_min=1000000000.0000 cov_out_max=-1000000000.0000 rest=0.89062 restshare=1.000 anchor=0.89062
[58:53:733] [info] [eyescale] slot=0 kind=pupil draws=358 covered=0 changed=0 raw_min=0.4375 raw_max=0.4375 cov_raw_min=1000000000.0000 cov_raw_max=-1000000000.0000 cov_out_min=1000000000.0000 cov_out_max=-1000000000.0000 rest=0.43750 restshare=1.000 anchor=0.43750
[58:53:733] [info] [eyescale] slot=1 kind=iris draws=358 covered=0 changed=0 raw_min=0.8906 raw_max=0.8906 cov_raw_min=1000000000.0000 cov_raw_max=-1000000000.0000 cov_out_min=1000000000.0000 cov_out_max=-1000000000.0000 rest=0.89062 restshare=1.000 anchor=0.89062
[58:53:733] [info] [eyescale] slot=1 kind=pupil draws=358 covered=0 changed=0 raw_min=0.4375 raw_max=0.4375 cov_raw_min=1000000000.0000 cov_raw_max=-1000000000.0000 cov_out_min=1000000000.0000 cov_out_max=-1000000000.0000 rest=0.43750 restshare=1.000 anchor=0.43750
[58:53:733] [info] [eyescale] slot=2 kind=iris draws=766 covered=0 changed=0 raw_min=0.3750 raw_max=0.3750 cov_raw_min=1000000000.0000 cov_raw_max=-1000000000.0000 cov_out_min=1000000000.0000 cov_out_max=-1000000000.0000 rest=0.37500 restshare=1.000 anchor=0.37500
[58:53:733] [info] [eyescale] slot=2 kind=pupil draws=766 covered=0 changed=0 raw_min=0.0000 raw_max=0.0000 cov_raw_min=1000000000.0000 cov_raw_max=-1000000000.0000 cov_out_min=1000000000.0000 cov_out_max=-1000000000.0000 rest=0.00000 restshare=1.000 anchor=0.00000
[58:53:733] [info] [eyescale] slot=3 kind=iris draws=766 covered=0 changed=0 raw_min=0.3750 raw_max=0.3750 cov_raw_min=1000000000.0000 cov_raw_max=-1000000000.0000 cov_out_min=1000000000.0000 cov_out_max=-1000000000.0000 rest=0.37500 restshare=1.000 anchor=0.37500
[58:53:733] [info] [eyescale] slot=3 kind=pupil draws=766 covered=0 changed=0 raw_min=0.0000 raw_max=0.0000 cov_raw_min=1000000000.0000 cov_raw_max=-1000000000.0000 cov_out_min=1000000000.0000 cov_out_max=-1000000000.0000 rest=0.00000 restshare=1.000 anchor=0.00000
PACE-SWAP-X86 n=895 dt_ms=16.613
PACE-SWAP-X86 n=896 dt_ms=16.625
PACE-SWAP-X86 n=897 dt_ms=16.653
[58:53:783] [info] [gda-crease] tfrag tree verts=88974 groups=41454 multicluster(hardedge)=15044 clusters=59354 edge_welded_seam_verts=47520 crease=60deg
[58:53:783] [info] [gda-facet] tfrag tree verts=88974 single_face(perface)=4976 ground_verts=12356 ground_single_face=1015 ground_perface_pct=8.2
[58:53:794] [info] [gda-crease] tfrag tree verts=110 groups=45 multicluster(hardedge)=3 clusters=48 edge_welded_seam_verts=65 crease=60deg
[58:53:794] [info] [gda-facet] tfrag tree verts=110 single_face(perface)=5 ground_verts=0 ground_single_face=0 ground_perface_pct=0.0
PACE-SWAP-X86 n=898 dt_ms=16.656
[58:53:813] [info] [gda-crease] tfrag tree verts=29774 groups=13398 multicluster(hardedge)=8451 clusters=25259 edge_welded_seam_verts=16376 crease=60deg
[58:53:813] [info] [gda-facet] tfrag tree verts=29774 single_face(perface)=5659 ground_verts=5167 ground_single_face=1020 ground_perface_pct=19.7
PACE-SWAP-X86 n=899 dt_ms=16.649
[58:53:816] [info] [gda-crease] tfrag tree verts=110 groups=45 multicluster(hardedge)=3 clusters=48 edge_welded_seam_verts=65 crease=60deg
[58:53:816] [info] [gda-facet] tfrag tree verts=110 single_face(perface)=5 ground_verts=0 ground_single_face=0 ground_perface_pct=0.0
PACE-SWAP-X86 n=900 dt_ms=16.800
PACE-SWAP-X86 n=901 dt_ms=16.550
PACE-SWAP-X86 n=902 dt_ms=16.611
PACE-SWAP-X86 n=903 dt_ms=16.649
[58:53:891] [info] [foliage-wind] SHRUB ground lev=beach tree=0 terrain_tris=338204 instances=2272 sol_trouve=1883 enfonces=1753 pivot_rejete=215 enfoncement_max_mm=4442 base_w_max=0.000061 sidecar=1 raideur_instances=1083 wind_max_idx=2335
------------> Load from file: 0.004s, import 0.019s, decomp 0.056s unpack 1.258s
A55-TANGENT lev=beach expand=39.2ms verts=1316360
PACE-SWAP-X86 n=904 dt_ms=16.655
A55-RSS fr3-unpack rss=549Mo vsz=2104Mo R:gpu=0Mo tas=0Mo ee=61Mo dalvik=0Mo fichier=67Mo anon=420Mo vif=369Mo gros=7 124Mo/anon@2ca7000 61Mo/ee@2123080000 61Mo/anon@7fdab8000000 63Mo/anon@7fdac0000000 64Mo/anon@7fdacc000000 32Mo/anon@7fdaec000000 35Mo/anon@7fdafa03d000
PACE-SWAP-X86 n=905 dt_ms=16.502
[58:53:919] [info] [foliage-contact] TIE load lev=beach geo=0 plants=80 vertices=4480 bytes=1369256 mapping_ok=true active=true
[58:53:926] [info] [foliage-contact] TIE load lev=beach geo=1 plants=80 vertices=4480 bytes=1369256 mapping_ok=true active=true
[58:53:932] [info] [foliage-contact] TIE load lev=beach geo=2 plants=80 vertices=4480 bytes=1202232 mapping_ok=true active=true
[58:53:934] [info] [foliage-contact] TIE load lev=beach geo=3 plants=80 vertices=1280 bytes=389992 mapping_ok=true active=true
stage tie took 20.64 ms
Loader::update slow setup: 20.7ms
PACE-SWAP-X86 n=906 dt_ms=23.980
PACE-SWAP-X86 n=907 dt_ms=16.726
[58:53:954] [warn] [loader] OpenGL warn 0x1 S8246 T8250: using glBufferSubData(buffer 203, offset 3145728, size 1048576) to update a GL_STATIC_DRAW buffer
[58:53:955] [warn] [loader] OpenGL warn 0x1 S8246 T8250: using glBufferSubData(buffer 203, offset 4194304, size 1048576) to update a GL_STATIC_DRAW buffer
[58:53:955] [warn] [loader] OpenGL warn 0x1 S8246 T8250: using glBufferSubData(buffer 203, offset 5242880, size 1048576) to update a GL_STATIC_DRAW buffer
PACE-SWAP-X86 n=908 dt_ms=16.619
[58:53:971] [warn] [loader] OpenGL warn 0x1 S8246 T8250: using glBufferSubData(buffer 203, offset 6291456, size 1048576) to update a GL_STATIC_DRAW buffer
[58:53:971] [warn] [loader] OpenGL warn 0x1 S8246 T8250: using glBufferSubData(buffer 203, offset 7340032, size 1048576) to update a GL_STATIC_DRAW buffer
[58:53:971] [warn] [loader] OpenGL warn 0x1 S8246 T8250: using glBufferSubData(buffer 203, offset 8388608, size 1048576) to update a GL_STATIC_DRAW buffer
PACE-SWAP-X86 n=909 dt_ms=16.626
[58:53:988] [warn] [loader] OpenGL warn 0x1 S8246 T8250: using glBufferSubData(buffer 203, offset 9437184, size 1048576) to update a GL_STATIC_DRAW buffer
[58:53:988] [warn] [loader] OpenGL warn 0x1 S8246 T8250: using glBufferSubData(buffer 203, offset 10485760, size 468288) to update a GL_STATIC_DRAW buffer
PACE-SWAP-X86 n=910 dt_ms=16.615
[58:54:005] [warn] [loader] OpenGL warn 0x1 S8246 T8250: using glBufferSubData(buffer 208, offset 3145728, size 1048576) to update a GL_STATIC_DRAW buffer
PACE-SWAP-X86 n=911 dt_ms=16.662
[58:54:021] [warn] [loader] OpenGL warn 0x1 S8246 T8250: using glBufferSubData(buffer 208, offset 4194304, size 1048576) to update a GL_STATIC_DRAW buffer
[58:54:021] [warn] [loader] OpenGL warn 0x1 S8246 T8250: using glBufferSubData(buffer 208, offset 5242880, size 1048576) to update a GL_STATIC_DRAW buffer
[58:54:021] [warn] [loader] OpenGL warn 0x1 S8246 T8250: using glBufferSubData(buffer 208, offset 6291456, size 1048576) to update a GL_STATIC_DRAW buffer
PACE-SWAP-X86 n=912 dt_ms=16.645
[58:54:038] [warn] [loader] OpenGL warn 0x1 S8246 T8250: using glBufferSubData(buffer 208, offset 7340032, size 1048576) to update a GL_STATIC_DRAW buffer
[58:54:038] [warn] [loader] OpenGL warn 0x1 S8246 T8250: using glBufferSubData(buffer 208, offset 8388608, size 1048576) to update a GL_STATIC_DRAW buffer
[58:54:038] [warn] [loader] OpenGL warn 0x1 S8246 T8250: using glBufferSubData(buffer 208, offset 9437184, size 1048576) to update a GL_STATIC_DRAW buffer
PACE-SWAP-X86 n=913 dt_ms=16.671
[58:54:054] [warn] [loader] OpenGL warn 0x1 S8246 T8250: using glBufferSubData(buffer 208, offset 10485760, size 468288) to update a GL_STATIC_DRAW buffer
PACE-SWAP-X86 n=914 dt_ms=16.611
[58:54:071] [warn] [loader] OpenGL warn 0x1 S8246 T8250: using glBufferSubData(buffer 213, offset 3145728, size 1048576) to update a GL_STATIC_DRAW buffer
[58:54:071] [warn] [loader] OpenGL warn 0x1 S8246 T8250: using glBufferSubData(buffer 213, offset 4194304, size 1048576) to update a GL_STATIC_DRAW buffer
PACE-SWAP-X86 n=915 dt_ms=16.619
[58:54:088] [warn] [loader] OpenGL warn 0x1 S8246 T8250: using glBufferSubData(buffer 213, offset 5242880, size 1048576) to update a GL_STATIC_DRAW buffer
[58:54:088] [warn] [loader] OpenGL warn 0x1 S8246 T8250: using glBufferSubData(buffer 213, offset 6291456, size 1048576) to update a GL_STATIC_DRAW buffer
[58:54:088] [warn] [loader] OpenGL warn 0x1 S8246 T8250: using glBufferSubData(buffer 213, offset 7340032, size 1048576) to update a GL_STATIC_DRAW buffer
PACE-SWAP-X86 n=916 dt_ms=16.709
[58:54:104] [warn] [loader] OpenGL warn 0x1 S8246 T8250: using glBufferSubData(buffer 213, offset 8388608, size 1048576) to update a GL_STATIC_DRAW buffer
[58:54:105] [warn] [loader] OpenGL warn 0x1 S8246 T8250: using glBufferSubData(buffer 213, offset 9437184, size 180672) to update a GL_STATIC_DRAW buffer
PACE-SWAP-X86 n=917 dt_ms=16.593
PACE-SWAP-X86 n=918 dt_ms=16.638
PACE-SWAP-X86 n=919 dt_ms=16.668
PACE-SWAP-X86 n=920 dt_ms=16.598
PACE-SWAP-X86 n=921 dt_ms=16.722
PACE-SWAP-X86 n=922 dt_ms=16.606
PACE-SWAP-X86 n=923 dt_ms=16.727
PACE-SWAP-X86 n=924 dt_ms=16.459
PACE-SWAP-X86 n=925 dt_ms=16.696
PACE-SWAP-X86 n=926 dt_ms=16.591
PACE-SWAP-X86 n=927 dt_ms=16.656
PACE-SWAP-X86 n=928 dt_ms=16.756
PACE-SWAP-X86 n=929 dt_ms=16.429
PACE-SWAP-X86 n=930 dt_ms=16.742
PACE-SWAP-X86 n=931 dt_ms=16.750
PACE-SWAP-X86 n=932 dt_ms=16.506
PACE-SWAP-X86 n=933 dt_ms=16.627
AUTOPORT-FRAMES n=840
FEATURE lighting-census armed=1 hits=99374
anim_cen_blend=0
anim_cen_degen=0
anim_cen_done=0
anim_cen_hist_n=0
anim_cen_ident=9465
anim_cen_moved=0
anim_cen_movemax_q=0
anim_cen_oob=0
anim_cen_other=0
anim_cen_other_chan=0
anim_cen_other_p0z=0
anim_cen_other_unk=0
anim_cen_seekend=0
anim_cen_static=0
anim_cen_total=9465
anim_cen_zero=0
anim_cpp_ksum_x1000=843000
anim_djm_noroot=15390
anim_djm_rotv=0
anim_djm_shift=0
anim_djm_total=15390
anim_goal_ksum_x1000=840000
anim_pace_catchup_clamps=0
anim_pace_ceiling_clamps=0
anim_pace_grid_snaps=823
anim_pace_k_max=3
anim_pace_rebase_max_x1000=20
anim_pace_rebase_n=116
anim_pace_rebase_sum_x1000=2107
anim_pace_skip_frames=1
anim_probe_branch=1
anim_probe_jump_max_x1000=1000
anim_probe_jump_steps=2
anim_probe_n=233
anim_probe_raw_frame_q=63903
anim_probe_raw_id=51889908
anim_probe_raw_p0_q=65536
anim_probe_raw_q=63903
anim_probe_raw_rate_q=273
anim_probe_rawstep_mean_x1000=1005
anim_probe_rawstep_n=232
anim_probe_rej_clamped=0
anim_probe_rej_frozen=0
anim_probe_rej_id=0
anim_probe_rej_rate=0
anim_probe_rej_step=0
anim_probe_rejected=0
anim_probe_samples=233
anim_probe_steps_60=232
anim_render_armed=1
anim_render_frames=840
anim_render_frames_retimed=0
anim_render_step_err_max_us=397
anim_render_step_err_pushed_us=560
anim_render_steps_judged=716
anim_step_bitexact_30=999999
anim_step_bitexact_60=999999
anim_step_disp_60_x100=5987
anim_step_ee_jitter_worst_us=924
anim_step_eejit_60_us=924
anim_step_fps_60_x100=5987
anim_step_frames_60=839
anim_step_jitter_60_us=623
anim_step_jitter_worst_fps=0
anim_step_jitter_worst_us=623
anim_step_localus_60=623
anim_step_model_jitter_60_us=84
anim_step_model_jitter_worst_us=84
anim_step_nonident_30=999999
anim_step_nonident_60=999999
anim_step_nonidentgrid_30=999999
anim_step_nonidentgrid_60=999999
anim_step_offgrid_f60=17
anim_step_ongrid_30=999999
anim_step_ongrid_60=999999
anim_step_ongrid_f60=822
anim_step_present_jitter_worst_us=0
anim_step_rawjit_worst_us=0
anim_step_rephase_f60=115
anim_step_steps_60=716
anim_step_straddle_dropped=0
anim_step_sweep_segments=0
anim_sweep_bitexact_fail=2
anim_sweep_defects=8
anim_sweep_eq_disp_x100=0
anim_sweep_jitter_over=0
anim_sweep_missing_rates=6
anim_sweep_rate_miss=0
anim_sweep_wanted=6
gpu_ms_frames=837
gpu_timer_supported=1
hd_fr3_stock=4
hdr_aux_clamped_reads=0
hdr_aux_guards=1
hdr_cfg_bad_first_cfg=0
hdr_cfg_bad_first_draw=0
hdr_cfg_bad_first_fmt8=0
hdr_cfg_bad_first_frame=0
hdr_cfg_bad_first_shader=0
hdr_cfg_bad_first_sites=0
hdr_cfg_bad_origine_lumiere=0
hdr_cfg_bad_origine_total=0
hdr_cfg_bad_recharged=0
hdr_cfg_frames_origine_lumiere=0
hdr_cfg_frames_origine_total=840
hdr_cfg_frames_recharged=0
hdr_chain_frames=0
hdr_curve_kink_max_x1000=10
hdr_curve_mode=0
hdr_curve_monotone_bad=0
hdr_curve_samples=8000
hdr_curve_unbounded_bad=0
hdr_defect_1_saturation=1
hdr_defect_2_hl_contrast=1
hdr_defect_3_curve=0
hdr_defect_4_origine_lumiere_set=1
hdr_defect_5_sites_three_configs=1
hdr_display_guards=2
hdr_fallback_used=0
hdr_frames=840
hdr_knee_x1000=900
hdr_lighting_on=0
hdr_master_on=0
hdr_oetf_occurrences=70
hdr_oetf_progs=5
hdr_overbright_px=0
hdr_probe_frames=0
hdr_probe_max_x1000=0
hdr_probe_px=0
hdr_probe_state=1
hdr_progs_scanned=53
hdr_tonemap_defects=4
hotreload_frame_bound_hits=0
hotreload_partial_frames=0
hotreload_passes=0
hotreload_pixels_changed=0
hotreload_regime=0
hotreload_reuploaded=0
hotreload_rt_bound_hits=0
lc_orig_A=0
lc_orig_B=0
lc_orig_C=0
lc_orig_D=0
lc_orig_E=0
lc_orig_light_A=0
lc_orig_light_B=0
lc_orig_light_C=0
lc_orig_light_D=0
lc_orig_light_E=0
lc_orig_light_un=0
lc_orig_un=0
lc_rech_A=0
lc_rech_B=0
lc_rech_C=0
lc_rech_D=0
lc_rech_E=0
lc_rech_un=0
ldr_ref_delta=0
light_census_A=0
light_census_B=0
light_census_C=0
light_census_D=0
light_census_E=0
light_census_classified=0
light_census_frames=840
light_census_rb_bad_0=0
light_census_rb_bad_1=0
light_census_rb_bad_2=0
light_census_rb_bad_3=0
light_census_rb_checks=297
light_census_rb_mismatch=0
light_census_rb_noloc=103
light_census_residual=0
light_census_total=97124
light_census_un_depth=0
light_census_un_hfrag=0
light_census_un_stock=97124
light_census_unaccounted=97124
npc_evict_pass2=0
npc_evict_pressure_frames=0
npc_evict_refused_live_merc=0
npc_evict_straggler=0
npc_evict_with_live_merc=0
npc_evictable_while_drawing=1
npc_level_age_max=299
npc_level_evictions=0
npc_loaded_levels_max=2
npc_merc_keepalive_frames=806
npc_merc_key_missing=0
npc_merc_vec_empty=0
origin_bitexact_defects=1
origin_font_master_bypass=8
origin_mipmap_suppressed=238
origin_shrub_native_suppressed=1
refset_bootstrap_records=11
refset_wind_clock_pinned=238
shade_draws_no_model=235
shade_frames=840
shade_gate_reads_outside=5
shade_hits=96889
shade_hosts=5
shade_hosts_missing=0
shade_model_lines=2496
shade_prog_track_checks=840
shade_prog_track_mismatch=0
shade_programs_seen=53
shade_variants=1
shade_world_frag_lines=13347
tick_alpha_unified=1
tick_armed=0
tick_catchup_clamps=0
tick_ceiling_clamps=0
tick_conserve_err_pct_x100=0
tick_conserve_frames=0
tick_frames=0
tick_lock_armed=1
tick_lock_err_pct_x100=0
tick_lock_events=0
tick_lock_strict=1
tick_lock_transients=0
tick_locked_pct=0
tick_pose_err_pct_x100=999999
tick_pose_frames=0
tick_pose_frames_retimed=0
tick_pose_steps_judged=0
tick_rate_dev_pct_x100=999999
tick_rate_windows=0
tick_ticks=0
tick_time_dropped_ms=0
tick_time_fabricated_us=0
tick_unlock_events=0
tick_worst_dev_pct_x100=999999
tonemap_draws=0
tonemap_sites=1
tonemap_sites_config=1
tonemap_sites_cumulative=0
tonemap_sites_explicit=0
tonemap_sites_implicit=0
tonemap_sites_shader=0
uncap_armed=1
uncap_busy_hz_x100=128638
uncap_cap_fps_x100=6000
uncap_cap_setting_x100=6000
uncap_ceiling_busy_ms_x100=78
uncap_ceiling_busy_samples=301
uncap_ceiling_cap_fps_x100=6000
uncap_ceiling_config_stable=1
uncap_ceiling_frames=0
uncap_ceiling_hz=60
uncap_ceiling_hz_x100=6000
uncap_ceiling_panel_hz=60
uncap_ceiling_swap_interval_applied=0
uncap_ceiling_swap_interval_wanted=0
uncap_ceiling_window=2
uncap_choice_fps=60
uncap_choice_index=2
uncap_choice_unlimited=0
uncap_choices_expected=8
uncap_choices_n=8
uncap_defects=4
uncap_disp_fps_max_x100=6000
uncap_dynscale_target_max=60
uncap_frames=839
uncap_over_windows=0
uncap_panel_hz=60
uncap_pose_err=397
uncap_pose_tol=833
uncap_present_mismatch_frames=0
uncap_presents=697
uncap_regime_entered=0
uncap_scene_dev_pct_x100=999999
uncap_scene_last_units_per_s_x100=102400
uncap_scene_units_per_s_x100=0
uncap_scene_vblanks=841
uncap_scene_window_dev_pct_x100=999999
uncap_scene_windows=2
uncap_swap_interval_applied=0
uncap_swap_interval_wanted=0
uncap_target_fps_x100=6000
uncap_tick_rate_dev_pct_x100=999999
uncap_time_dropped_ms=0
uncap_v_cap=1
uncap_v_ceiling=0
uncap_v_choices=0
uncap_v_dynscale=0
uncap_v_pose=0
uncap_v_present=0
uncap_v_scene=1
uncap_v_tick_rate=1
uncap_v_windows=1
uncap_windows=2
anim_sweep_host_60=x86-native
anim_sweep_mode=x86-native
gpu_ms_buckets=2.7543
gpu_ms_etie=0.0000
gpu_ms_generic=0.0087
gpu_ms_hfrag=0.0000
gpu_ms_merc=0.2173
gpu_ms_ocean=0.0585
gpu_ms_other=0.3030
gpu_ms_shrub=0.2734
gpu_ms_sprite=0.4218
gpu_ms_tfrag=0.8064
gpu_ms_tie=0.6035
hdr_aux_clamped_sites=aucun
hdr_build_flavour=normal
hdr_format=RGBA8
refset_bootstrap_boundary=before-play-actors-not-restored
refset_bootstrap_fingerprint=8cafacae708f4b5a
tick_drift_ms=0.0
uncap_ceiling_cause=la-consigne
uncap_clock=render_pace
PACE-SWAP-X86 n=934 dt_ms=16.631
PACE-SWAP-X86 n=935 dt_ms=16.648
PACE-SWAP-X86 n=936 dt_ms=16.606
PACE-SWAP-X86 n=937 dt_ms=16.671
PACE-SWAP-X86 n=938 dt_ms=16.572
PACE-SWAP-X86 n=939 dt_ms=16.703
PACE-SWAP-X86 n=940 dt_ms=16.526
PACE-SWAP-X86 n=941 dt_ms=16.574
PACE-SWAP-X86 n=942 dt_ms=16.595
PACE-SWAP-X86 n=943 dt_ms=16.657
PACE-SWAP-X86 n=944 dt_ms=16.735
PACE-SWAP-X86 n=945 dt_ms=16.620
PACE-SWAP-X86 n=946 dt_ms=16.627
PACE-SWAP-X86 n=947 dt_ms=16.653
PACE-SWAP-X86 n=948 dt_ms=16.630
PACE-SWAP-X86 n=949 dt_ms=16.614
PACE-SWAP-X86 n=950 dt_ms=16.641
PACE-SWAP-X86 n=951 dt_ms=16.686
PACE-SWAP-X86 n=952 dt_ms=16.629
PACE-SWAP-X86 n=953 dt_ms=16.701
PACE-SWAP-X86 n=954 dt_ms=16.530
PACE-SWAP-X86 n=955 dt_ms=16.665
PACE-SWAP-X86 n=956 dt_ms=16.581
PACE-SWAP-X86 n=957 dt_ms=16.637
PACE-SWAP-X86 n=958 dt_ms=16.684
PACE-SWAP-X86 n=959 dt_ms=16.565
A54-VERTFREE lev=beach sys=tie libere=41.3MB (sommets ; tangentes rendues aussi)
PACE-SWAP-X86 n=960 dt_ms=16.569
PACE-SWAP-X86 n=961 dt_ms=16.783
[58:54:854] [warn] [loader] OpenGL warn 0x1 S8246 T8250: using glBufferSubData(buffer 227, offset 3145728, size 521408) to update a GL_STATIC_DRAW buffer
PACE-SWAP-X86 n=962 dt_ms=16.547
PACE-SWAP-X86 n=963 dt_ms=16.693
PACE-SWAP-X86 n=964 dt_ms=16.599
PACE-SWAP-X86 n=965 dt_ms=16.711
PACE-SWAP-X86 n=966 dt_ms=16.514
A54-VERTFREE lev=beach sys=tfrag libere=7.1MB (sommets ; tangentes rendues aussi)
PACE-SWAP-X86 n=967 dt_ms=16.647
PACE-SWAP-X86 n=968 dt_ms=16.581
PACE-SWAP-X86 n=969 dt_ms=16.637
PACE-SWAP-X86 n=970 dt_ms=16.686
PACE-SWAP-X86 n=971 dt_ms=16.602
PACE-SWAP-X86 n=972 dt_ms=16.655
PACE-SWAP-X86 n=973 dt_ms=16.652
[58:55:054] [warn] [loader] OpenGL warn 0x1 S8246 T8250: using glBufferSubData(buffer 241, offset 3145728, size 1048576) to update a GL_STATIC_DRAW buffer
PACE-SWAP-X86 n=974 dt_ms=16.610
[58:55:071] [warn] [loader] OpenGL warn 0x1 S8246 T8250: using glBufferSubData(buffer 241, offset 4194304, size 1048576) to update a GL_STATIC_DRAW buffer
[58:55:074] [info] [eyescale] slot=0 kind=iris draws=438 covered=0 changed=0 raw_min=0.8906 raw_max=0.8906 cov_raw_min=1000000000.0000 cov_raw_max=-1000000000.0000 cov_out_min=1000000000.0000 cov_out_max=-1000000000.0000 rest=0.89062 restshare=1.000 anchor=0.89062
[58:55:074] [info] [eyescale] slot=0 kind=pupil draws=438 covered=0 changed=0 raw_min=0.4375 raw_max=0.4375 cov_raw_min=1000000000.0000 cov_raw_max=-1000000000.0000 cov_out_min=1000000000.0000 cov_out_max=-1000000000.0000 rest=0.43750 restshare=1.000 anchor=0.43750
[58:55:074] [info] [eyescale] slot=1 kind=iris draws=438 covered=0 changed=0 raw_min=0.8906 raw_max=0.8906 cov_raw_min=1000000000.0000 cov_raw_max=-1000000000.0000 cov_out_min=1000000000.0000 cov_out_max=-1000000000.0000 rest=0.89062 restshare=1.000 anchor=0.89062
[58:55:074] [info] [eyescale] slot=1 kind=pupil draws=438 covered=0 changed=0 raw_min=0.4375 raw_max=0.4375 cov_raw_min=1000000000.0000 cov_raw_max=-1000000000.0000 cov_out_min=1000000000.0000 cov_out_max=-1000000000.0000 rest=0.43750 restshare=1.000 anchor=0.43750
[58:55:074] [info] [eyescale] slot=2 kind=iris draws=846 covered=0 changed=0 raw_min=0.3750 raw_max=0.3750 cov_raw_min=1000000000.0000 cov_raw_max=-1000000000.0000 cov_out_min=1000000000.0000 cov_out_max=-1000000000.0000 rest=0.37500 restshare=1.000 anchor=0.37500
[58:55:074] [info] [eyescale] slot=2 kind=pupil draws=846 covered=0 changed=0 raw_min=0.0000 raw_max=0.0000 cov_raw_min=1000000000.0000 cov_raw_max=-1000000000.0000 cov_out_min=1000000000.0000 cov_out_max=-1000000000.0000 rest=0.00000 restshare=1.000 anchor=0.00000
[58:55:074] [info] [eyescale] slot=3 kind=iris draws=846 covered=0 changed=0 raw_min=0.3750 raw_max=0.3750 cov_raw_min=1000000000.0000 cov_raw_max=-1000000000.0000 cov_out_min=1000000000.0000 cov_out_max=-1000000000.0000 rest=0.37500 restshare=1.000 anchor=0.37500
[58:55:074] [info] [eyescale] slot=3 kind=pupil draws=846 covered=0 changed=0 raw_min=0.0000 raw_max=0.0000 cov_raw_min=1000000000.0000 cov_raw_max=-1000000000.0000 cov_out_min=1000000000.0000 cov_out_max=-1000000000.0000 rest=0.00000 restshare=1.000 anchor=0.00000
PACE-SWAP-X86 n=975 dt_ms=16.643
[58:55:088] [warn] [loader] OpenGL warn 0x1 S8246 T8250: using glBufferSubData(buffer 241, offset 5242880, size 1048576) to update a GL_STATIC_DRAW buffer
PACE-SWAP-X86 n=976 dt_ms=16.676
[58:55:104] [warn] [loader] OpenGL warn 0x1 S8246 T8250: using glBufferSubData(buffer 241, offset 6291456, size 1048576) to update a GL_STATIC_DRAW buffer
PACE-SWAP-X86 n=977 dt_ms=16.594
[58:55:121] [warn] [loader] OpenGL warn 0x1 S8246 T8250: using glBufferSubData(buffer 241, offset 7340032, size 1048576) to update a GL_STATIC_DRAW buffer
PACE-SWAP-X86 n=978 dt_ms=16.638
[58:55:138] [warn] [loader] OpenGL warn 0x1 S8246 T8250: using glBufferSubData(buffer 241, offset 8388608, size 1048576) to update a GL_STATIC_DRAW buffer
PACE-SWAP-X86 n=979 dt_ms=16.668
[58:55:154] [warn] [loader] OpenGL warn 0x1 S8246 T8250: using glBufferSubData(buffer 241, offset 9437184, size 231744) to update a GL_STATIC_DRAW buffer
A55-RSS merc-bufdata rss=550Mo vsz=2243Mo R:gpu=0Mo tas=0Mo ee=61Mo dalvik=0Mo fichier=67Mo anon=421Mo vif=303Mo gros=7 125Mo/anon@2ca7000 61Mo/ee@2123080000 61Mo/anon@7fdab8000000 63Mo/anon@7fdac0000000 64Mo/anon@7fdacc000000 32Mo/anon@7fdaec000000 35Mo/anon@7fdafa03d000
stage merc took 9.59 ms
Loader::update slow setup: 9.7ms
PACE-SWAP-X86 n=980 dt_ms=16.613
PACE-SWAP-X86 n=981 dt_ms=16.658
PACE-SWAP-X86 n=982 dt_ms=16.647
A55-RSS merc-uploade rss=550Mo vsz=2247Mo R:gpu=0Mo tas=0Mo ee=61Mo dalvik=0Mo fichier=67Mo anon=421Mo vif=303Mo gros=7 125Mo/anon@2ca7000 61Mo/ee@2123080000 61Mo/anon@7fdab8000000 63Mo/anon@7fdac0000000 64Mo/anon@7fdacc000000 32Mo/anon@7fdaec000000 35Mo/anon@7fdafa03d000
stage merc took 8.70 ms
Loader::update slow setup: 8.7ms
PACE-SWAP-X86 n=983 dt_ms=16.570
PACE-SWAP-X86 n=984 dt_ms=16.689
PACE-SWAP-X86 n=985 dt_ms=16.670
PACE-SWAP-X86 n=986 dt_ms=16.590
PACE-SWAP-X86 n=987 dt_ms=16.601
PACE-SWAP-X86 n=988 dt_ms=16.687
PACE-SWAP-X86 n=989 dt_ms=16.588
PACE-SWAP-X86 n=990 dt_ms=16.615
PACE-SWAP-X86 n=991 dt_ms=16.692
PACE-SWAP-X86 n=992 dt_ms=16.603
REFSET start lf=900 warp1=600 settle=180
A50-LEVRAM lev=beach moment=charge verts=2.8MB idx=5.5MB tan=0.0MB tex=14.2MB merc=3.5MB coll=9.2MB packed=6.5MB bvh=0.0MB tod=0.9MB draws=0.2MB hfrag=0.0MB total=42.8MB
A57-MERC lev=beach moment=charge modeles=48 effets=84 effets_mod=12 sommets=3.2MB(n=51619) index=0.4MB modsommets=0.2MB blercf=0.5MB blerci=0.1MB lump=0.0MB fragmask=0.0MB draws=0.0MB total=4.2MB
A58-MERCFREE lev=beach libere=3.2MB (sommets CPU ; index gardes)
A50-LEVRAM lev=beach moment=apres-liberations verts=2.8MB idx=5.5MB tan=0.0MB tex=14.2MB merc=0.4MB coll=9.2MB packed=6.5MB bvh=0.0MB tod=0.9MB draws=0.2MB hfrag=0.0MB total=39.6MB
A57-MERC lev=beach moment=apres-liberations modeles=48 effets=84 effets_mod=12 sommets=0.0MB(n=0) index=0.4MB modsommets=0.2MB blercf=0.5MB blerci=0.1MB lump=0.0MB fragmask=0.0MB draws=0.0MB total=1.1MB
LSWIN-COUT niveau=beach uv_ms=0.0 liberation_ms=0.0 merc_ms=0.7 rapport_ms=0.0 total_ms=0.7
PACE-SWAP-X86 n=993 dt_ms=16.648
[58:55:388] [info] [LEVEL-WARP] second warp arme pour le jeu d'images de reference
REFSET rewarp armed
------------------------- PC unloading title
[DECI2] send while not connected, not sending!
[58:55:388] [info] [LEVEL-WARP] get-continue-by-name("village1-hut") -> #x1d375e4
[58:55:388] [info] [LEVEL-WARP] pos override (-116 14 40)m: trans (-475136 57344 163840) -> (-475136 57344 163840)
LEVEL-WARP-POS name=village1-hut x=-116.0 y=14.0 z=40.0
REFSET pose x=-116.00 y=14.00 z=40.00 cap=163.0
[58:55:388] [info] [LEVEL-WARP] (start 'play village1-hut) -> *target* #x1be2b4
LEVEL-WARP-SPAWN name=village1-hut target=#x1be2b4
AUTOPORT-FRAMES n=900
FEATURE lighting-census armed=1 hits=124274
anim_cen_blend=0
anim_cen_degen=0
anim_cen_done=0
anim_cen_hist_n=0
anim_cen_ident=11145
anim_cen_moved=0
anim_cen_movemax_q=0
anim_cen_oob=0
anim_cen_other=0
anim_cen_other_chan=0
anim_cen_other_p0z=0
anim_cen_other_unk=0
anim_cen_seekend=0
anim_cen_static=0
anim_cen_total=11145
anim_cen_zero=0
anim_cpp_ksum_x1000=903000
anim_djm_noroot=17928
anim_djm_rotv=0
anim_djm_shift=0
anim_djm_total=17928
anim_goal_ksum_x1000=900000
anim_pace_catchup_clamps=0
anim_pace_ceiling_clamps=0
anim_pace_grid_snaps=883
anim_pace_k_max=3
anim_pace_rebase_max_x1000=20
anim_pace_rebase_n=118
anim_pace_rebase_sum_x1000=2128
anim_pace_skip_frames=1
anim_probe_branch=1
anim_probe_jump_max_x1000=1000
anim_probe_jump_steps=2
anim_probe_n=293
anim_probe_raw_frame_q=80289
anim_probe_raw_id=51889908
anim_probe_raw_p0_q=65536
anim_probe_raw_q=80289
anim_probe_raw_rate_q=273
anim_probe_rawstep_mean_x1000=1004
anim_probe_rawstep_n=292
anim_probe_rej_clamped=0
anim_probe_rej_frozen=0
anim_probe_rej_id=0
anim_probe_rej_rate=0
anim_probe_rej_step=0
anim_probe_rejected=0
anim_probe_samples=293
anim_probe_steps_60=292
anim_render_armed=1
anim_render_frames=900
anim_render_frames_retimed=0
anim_render_step_err_max_us=397
anim_render_step_err_pushed_us=560
anim_render_steps_judged=773
anim_step_bitexact_30=999999
anim_step_bitexact_60=999999
anim_step_disp_60_x100=5988
anim_step_ee_jitter_worst_us=893
anim_step_eejit_60_us=893
anim_step_fps_60_x100=5988
anim_step_frames_60=899
anim_step_jitter_60_us=556
anim_step_jitter_worst_fps=0
anim_step_jitter_worst_us=556
anim_step_localus_60=556
anim_step_model_jitter_60_us=82
anim_step_model_jitter_worst_us=82
anim_step_nonident_30=999999
anim_step_nonident_60=999999
anim_step_nonidentgrid_30=999999
anim_step_nonidentgrid_60=999999
anim_step_offgrid_f60=17
anim_step_ongrid_30=999999
anim_step_ongrid_60=999999
anim_step_ongrid_f60=882
anim_step_present_jitter_worst_us=0
anim_step_rawjit_worst_us=0
anim_step_rephase_f60=118
anim_step_steps_60=773
anim_step_straddle_dropped=0
anim_step_sweep_segments=0
anim_sweep_bitexact_fail=2
anim_sweep_defects=8
anim_sweep_eq_disp_x100=0
anim_sweep_jitter_over=0
anim_sweep_missing_rates=6
anim_sweep_rate_miss=0
anim_sweep_wanted=6
gpu_ms_frames=897
gpu_timer_supported=1
hd_fr3_stock=4
hdr_aux_clamped_reads=0
hdr_aux_guards=1
hdr_cfg_bad_first_cfg=0
hdr_cfg_bad_first_draw=0
hdr_cfg_bad_first_fmt8=0
hdr_cfg_bad_first_frame=0
hdr_cfg_bad_first_shader=0
hdr_cfg_bad_first_sites=0
hdr_cfg_bad_origine_lumiere=0
hdr_cfg_bad_origine_total=0
hdr_cfg_bad_recharged=0
hdr_cfg_frames_origine_lumiere=0
hdr_cfg_frames_origine_total=900
hdr_cfg_frames_recharged=0
hdr_chain_frames=0
hdr_curve_kink_max_x1000=10
hdr_curve_mode=0
hdr_curve_monotone_bad=0
hdr_curve_samples=8000
hdr_curve_unbounded_bad=0
hdr_defect_1_saturation=1
hdr_defect_2_hl_contrast=1
hdr_defect_3_curve=0
hdr_defect_4_origine_lumiere_set=1
hdr_defect_5_sites_three_configs=1
hdr_display_guards=2
hdr_fallback_used=0
hdr_frames=900
hdr_hl_contrast_worst_pct=0
hdr_knee_x1000=900
hdr_lighting_on=0
hdr_master_on=0
hdr_oetf_occurrences=70
hdr_oetf_progs=5
hdr_overbright_px=0
hdr_probe_frames=0
hdr_probe_max_x1000=0
hdr_probe_px=0
hdr_probe_state=1
hdr_progs_scanned=53
hdr_refset_hours_paired=0
hdr_sat_denom_px=0
hdr_sat_px_origine_lumiere=0
hdr_sat_px_origine_total=0
hdr_sat_px_recharged=0
hdr_sat_white_px_origine_lumiere=0
hdr_sat_white_px_origine_total=0
hdr_sat_white_px_recharged=0
hdr_tonemap_defects=4
hotreload_frame_bound_hits=0
hotreload_partial_frames=0
hotreload_passes=0
hotreload_pixels_changed=0
hotreload_regime=0
hotreload_reuploaded=0
hotreload_rt_bound_hits=0
lc_orig_A=0
lc_orig_B=0
lc_orig_C=0
lc_orig_D=0
lc_orig_E=0
lc_orig_light_A=0
lc_orig_light_B=0
lc_orig_light_C=0
lc_orig_light_D=0
lc_orig_light_E=0
lc_orig_light_un=0
lc_orig_un=826
lc_rech_A=0
lc_rech_B=0
lc_rech_C=0
lc_rech_D=0
lc_rech_E=0
lc_rech_un=0
ldr_ref_delta=0
light_census_A=0
light_census_B=0
light_census_C=0
light_census_D=0
light_census_E=0
light_census_classified=0
light_census_frames=900
light_census_rb_bad_0=0
light_census_rb_bad_1=0
light_census_rb_bad_2=0
light_census_rb_bad_3=0
light_census_rb_checks=372
light_census_rb_mismatch=0
light_census_rb_noloc=128
light_census_residual=0
light_census_total=121904
light_census_un_depth=0
light_census_un_hfrag=0
light_census_un_stock=121904
light_census_unaccounted=121904
npc_evict_pass2=0
npc_evict_pressure_frames=0
npc_evict_refused_live_merc=0
npc_evict_straggler=0
npc_evict_with_live_merc=0
npc_evictable_while_drawing=1
npc_level_age_max=299
npc_level_evictions=0
npc_loaded_levels_max=3
npc_merc_keepalive_frames=866
npc_merc_key_missing=0
npc_merc_vec_empty=0
origin_bitexact_defects=1
origin_font_master_bypass=8
origin_mipmap_suppressed=298
origin_shrub_native_suppressed=1
refpix_images_origine=0
refpix_images_origine_lumiere=0
refpix_images_recharged=0
refpix_maxdiff_origine=254
refpix_maxdiff_origine_lumiere=254
refpix_maxdiff_recharged=254
refset_bootstrap_records=11
refset_cam_armed=1
refset_cam_asks=898
refset_cam_hour_sweep=0
refset_cam_overrides=0
refset_cam_pins=300
refset_captured=0
refset_census_coverage_missing=38
refset_census_replay_runs=0
refset_compared=0
refset_decode_bad=0
refset_fixed_tick_armed=0
refset_hours_mask=1
refset_interior_views=0
refset_late_arms=0
refset_levels=0
refset_levels_missing=21
refset_levels_playable=21
refset_load_margin_min=0
refset_load_margin_n=0
refset_load_settle=600
refset_load_steps=1
refset_missing=0
refset_mood_calls=1795
refset_mood_pins=0
refset_mood_span_max=0
refset_mood_span_min=0
refset_order_by_hour=0
refset_pace_alpha=1000000
refset_pace_armed=1
refset_pace_skip=0
refset_pair_gap_lf=0
refset_parts_extra_calls=0
refset_parts_frozen_first_lf=0
refset_parts_frozen_frames=0
refset_parts_repin_lf=0
refset_parts_repins=0
refset_parts_steps=0
refset_pitch_sweep=0
refset_plan_base_lf=0
refset_prewarps=0
refset_probe_frames=0
refset_probe_px=0
refset_provenance_bad=0
refset_provenance_checked=0
refset_pump_logic=901
refset_pump_render=0
refset_raw_alpha_max=1000000
refset_raw_alpha_min=300021
refset_raw_alpha_n=901
refset_replay_diffpx=0
refset_replay_flaky=254
refset_replay_maxdiff=254
refset_replay_run_maxdiff=254
refset_rewarps=0
refset_roundtrip_bad=0
refset_settle=180
refset_shot_views=0
refset_size_bad=0
refset_sky_levels_n=1
refset_sky_missing=8
refset_sky_unknown_n=20
refset_sky_views=0
refset_sky_worst_pm=1000
refset_slip_max=0
refset_slip_min=0
refset_slip_nonzero=0
refset_step_anchor_set=0
refset_step_done=0
refset_steps=1
refset_text_calls=0
refset_text_muted=0
refset_text_steps_with=0
refset_text_steps_without=0
refset_vant_base_lf=0
refset_views=1
refset_views_without_level=0
refset_warp1_lf=600
refset_warp_at=600
refset_warp_per_step=1
refset_wind_clock_pinned=298
refset_yaw_sweep=0
shade_draws_no_model=295
shade_frames=900
shade_gate_reads_outside=5
shade_hits=121609
shade_hosts=5
shade_hosts_missing=0
shade_model_lines=2496
shade_prog_track_checks=900
shade_prog_track_mismatch=0
shade_programs_seen=53
shade_variants=1
shade_world_frag_lines=13347
tick_alpha_unified=1
tick_armed=0
tick_catchup_clamps=0
tick_ceiling_clamps=0
tick_conserve_err_pct_x100=0
tick_conserve_frames=0
tick_frames=0
tick_lock_armed=1
tick_lock_err_pct_x100=0
tick_lock_events=0
tick_lock_strict=1
tick_lock_transients=0
tick_locked_pct=0
tick_pose_err_pct_x100=999999
tick_pose_frames=0
tick_pose_frames_retimed=0
tick_pose_steps_judged=0
tick_rate_dev_pct_x100=999999
tick_rate_windows=0
tick_ticks=0
tick_time_dropped_ms=0
tick_time_fabricated_us=0
tick_unlock_events=0
tick_worst_dev_pct_x100=999999
tonemap_draws=0
tonemap_sites=1
tonemap_sites_config=1
tonemap_sites_cumulative=0
tonemap_sites_explicit=0
tonemap_sites_implicit=0
tonemap_sites_shader=0
uncap_armed=1
uncap_busy_hz_x100=128638
uncap_cap_fps_x100=6000
uncap_cap_setting_x100=6000
uncap_ceiling_busy_ms_x100=78
uncap_ceiling_busy_samples=301
uncap_ceiling_cap_fps_x100=6000
uncap_ceiling_config_stable=1
uncap_ceiling_frames=0
uncap_ceiling_hz=60
uncap_ceiling_hz_x100=6000
uncap_ceiling_panel_hz=60
uncap_ceiling_swap_interval_applied=0
uncap_ceiling_swap_interval_wanted=0
uncap_ceiling_window=2
uncap_choice_fps=60
uncap_choice_index=2
uncap_choice_unlimited=0
uncap_choices_expected=8
uncap_choices_n=8
uncap_defects=4
uncap_disp_fps_max_x100=6000
uncap_dynscale_target_max=60
uncap_frames=899
uncap_over_windows=0
uncap_panel_hz=60
uncap_pose_err=397
uncap_pose_tol=833
uncap_present_mismatch_frames=0
uncap_presents=697
uncap_regime_entered=0
uncap_scene_dev_pct_x100=999999
uncap_scene_last_units_per_s_x100=102400
uncap_scene_units_per_s_x100=0
uncap_scene_vblanks=901
uncap_scene_window_dev_pct_x100=999999
uncap_scene_windows=2
uncap_swap_interval_applied=0
uncap_swap_interval_wanted=0
uncap_target_fps_x100=6000
uncap_tick_rate_dev_pct_x100=999999
uncap_time_dropped_ms=0
uncap_v_cap=1
uncap_v_ceiling=0
uncap_v_choices=0
uncap_v_dynscale=0
uncap_v_pose=0
uncap_v_present=0
uncap_v_scene=1
uncap_v_tick_rate=1
uncap_v_windows=1
uncap_windows=2
anim_sweep_host_60=x86-native
anim_sweep_mode=x86-native
gpu_ms_buckets=3.0405
gpu_ms_etie=0.0000
gpu_ms_generic=0.0085
gpu_ms_hfrag=0.0000
gpu_ms_merc=0.2272
gpu_ms_ocean=0.0726
gpu_ms_other=0.3079
gpu_ms_shrub=0.3127
gpu_ms_sprite=0.4157
gpu_ms_tfrag=0.9358
gpu_ms_tie=0.6998
hdr_aux_clamped_sites=aucun
hdr_build_flavour=normal
hdr_format=RGBA8
npc_evicted_level_last=title
origin_build_flavour=normal
refset_bootstrap_boundary=before-play-actors-not-restored
refset_bootstrap_fingerprint=8cafacae708f4b5a
refset_levels_list=aucun
refset_levels_missing_list=training+village1+beach+jungle+jungleb+misty+firecanyon+village2+sunken+sunkenb+swamp+rolling+ogre+village3+snow+maincave+darkcave+robocave+lavatube+citadel+finalboss
refset_mode=replay
refset_platform=x86
refset_sky_levels=village1
refset_sky_missing_list=village1@h00:9999+village1@h03:9999+village1@h06:9999+village1@h09:9999+village1@h12:9999+village1@h15:9999+village1@h18:9999+village1@h21:9999
refset_sky_unknown=training+beach+jungle+jungleb+misty+firecanyon+village2+sunken+sunkenb+swamp+rolling+ogre+village3+snow+maincave+darkcave+robocave+lavatube+citadel+finalboss
refset_witness_origine=485f09d6c07bc24c
refset_witness_origine_flavour=normal
tick_drift_ms=0.0
uncap_ceiling_cause=la-consigne
uncap_clock=render_pace
PACE-SWAP-X86 n=994 dt_ms=16.663
REFSET repin-particules lf=902 (ancre=901)
REFSET repin-particules fait
[58:55:405] [info] [recharged-grass] R21OCC goal-publish #60 ncull=7 ntr=7 nmoving=7 cull[0]=(-126.0,46.2,217.0 r1.80) cull[1]=(-63.3,13.9,28.2 r1.44) cull[2]=(-59.6,15.4,40.4 r1.44) cull[3]=(-72.1,15.9,76.1 r1.44) cull[4]=(-115.2,16.1,42.7 r1.44) cull[5]=(-108.6,16.1,36.3 r1.44) cull[6]=(-108.7,16.1,49.6 r1.44) tr[0]=(-65.5,11.0,67.9 r1.20) tr[1]=(-122.6,10.8,34.8 r1.20) tr[2]=(-23.9,3.0,-78.6 r1.20)
[JAK-HD-TGT] st=target-continue
GAMEPLAY: enter village1
1827508        #x1be2b4              0.0000        #<target target waiting-to-run :state #f :flags  :stack 0/1024 :heap 34832/49152 @ #x1be2b4>
[58:55:406] [info] [WANT-LEVELS] armed *listener-function* for spec 'village1,beach'
[DECI2] send while not connected, not sending!
WANT-LEVELS lev1=village1 lev2=beach -> #x0
PACE-SWAP-X86 n=995 dt_ms=16.624
0        #x0              0.0000        0
[DECI2] send while not connected, not sending!
[58:55:424] [info] [foliage-wind] verdicts open=10 v1_native_dev=0 (dead_slots=0 rate_dev=0.000% ref=game wind_steps=902 expected=902 sat=0.000% samples=23621) v2_base_shift_mm=999999 v3_still=999999 v4_divergent=999999 (pairs=29879) v5_peak=999999% (0.000 Hz, fenetre 0 s) v6_base_to_crown=0.100 v7_env_cv=0.000 v8_tip_gradient_min=-1.000 (mesurees=1350 non_mesurables=2336) v9_dir_spread=-1.0 deg (ok=0) instances=3686 shrubs=3489 sol=3127 enfonces=2720 natif_raideur=2067 trees_drawn=6 option_on=0 bend_m=0.000 native_shear_peak=0.0000
[58:55:425] [info] [foliage-wind] shear-audit lev=village1 on=0 rate_ticks=1 paused=0 wind_time=901 frames=300 fps=60.13 samples=23635 wind_draws_submitted=2096 frond=0.0000 raw_rms=0.3741 raw_peak=0.9510 satfrac=0.0000 stock_peak=0.212779 stock_rms=0.052214 applied_peak=0.212779 applied_rms=0.052214 ratio_peak=1.000 ratio_rms=1.000 dstock_peak=0.004519 dstock_rms=0.000822 dapplied_peak=0.004519 dapplied_rms=0.000822 dratio_peak=1.000 dratio_rms=1.000 dmotion_per_s=0.049412
PACE-SWAP-X86 n=996 dt_ms=16.677
GLCR-MEM phase=debut episode=5 rss_mo=550.8
PACE-SWAP-X86 n=997 dt_ms=16.581
GAMEPLAY: enter village1
GLCR-MEM phase=fin episode=5 rss_mo=550.8
LOADSCREEN-FRAME episode=5 masque=4 images=1 duree_ms=0.0 fps_moyen=0.00 ecart_max_ms=0.0 a_t_ms=0
LOADSCREEN-FRAME-S episode=5 s=0 images=1 fps=1 ecart_max_ms=0.0
LOADSCREEN-FRAME-FIN episode=5 derniere_seconde_images=1 ecart_max_ms=0.0
PACE-SWAP-X86 n=998 dt_ms=16.632
NOTE: coming out of blackout on next frame, doing all loads now...
Blackout loads done. Current status:  beach is loaded.
  village1 is loaded.
PACE-SWAP-X86 n=999 dt_ms=16.639
PACE-SWAP-X86 n=1000 dt_ms=16.740
PACE-SWAP-X86 n=1001 dt_ms=16.548
PACE-SWAP-X86 n=1002 dt_ms=16.609
[JAK-HD-TGT] st=target-stance
PACE-SWAP-X86 n=1003 dt_ms=16.729
PACE-SWAP-X86 n=1004 dt_ms=16.599
BLACKCENSUS via=bg-a src=target dur=30 frames=11 tenue=1 contenu=0 mm=game lev0=beach/loaded lev1=village1/active courts=0 courts-tenus=0 total=52 nues=23
PACE-SWAP-X86 n=1005 dt_ms=16.608
NOTE: coming out of blackout on next frame, doing all loads now...
Blackout loads done. Current status:  beach is loaded.
  village1 is loaded.
PACE-SWAP-X86 n=1006 dt_ms=16.648
PACE-SWAP-X86 n=1007 dt_ms=16.612
PACE-SWAP-X86 n=1008 dt_ms=16.634
PACE-SWAP-X86 n=1009 dt_ms=16.680
PACE-SWAP-X86 n=1010 dt_ms=16.579
