[10:43:111] [[38;2;144;238;144minfo[0m] Compiled Version: f78470358
[10:43:111] [[38;2;144;238;144minfo[0m] Portable mod enabled
[10:43:112] [[38;2;144;238;144minfo[0m] Overriding config directory with: /home/emeric/code/jak-project/build-x86/game
-------- CPU Information --------
 Brand: GenuineIntel
 Model: Intel(R) Core(TM) i7-10510U CPU @ 1.80GHz
 AVX  : true
 AVX2 : true
[10:43:112] [[38;2;144;238;144minfo[0m] No project path provided, looking for data/ folder in current directory
[10:43:112] [[38;2;064;224;208mdebug[0m] Current executable directory - /home/emeric/code/jak-project/build-x86/game/gk
[10:43:112] [[38;2;064;224;208mdebug[0m] Using development repo path: /home/emeric/code/jak-project
[10:43:112] [[38;2;144;238;144minfo[0m] AVX2 mode disabled
[10:43:112] [[38;2;064;224;208mdebug[0m] removing 1 log files
[10:43:112] [[38;2;064;224;208mdebug[0m] removing /home/emeric/code/jak-project/log/jak1.2026-07-01T09-31-48.log
[10:43:112] [info] OpenGOAL Runtime 1.0
[10:43:119] [info] GFX Init
[10:43:119] [info] Loading debug settings at /home/emeric/code/jak-project/build-x86/game/OpenGOAL/jak1/misc/debug-settings.json
[10:43:129] [info] SDL Initialized, compiled with version - 3004004 | linked with version - 3004004
[10:43:129] [info] gl init took 0.010s

[10:43:201] [info] OpenGL context version: 4.6 (Core Profile) Mesa 25.3.6
[10:43:201] [info] OpenGL context renderer: Mesa Intel(R) UHD Graphics (CML GT2)
[10:43:201] [info] OpenGL context vendor: Intel
[10:43:201] [info] OpenGL context shading language version: 4.60
[10:43:284] [info] OpenGL initialized - v4.6 | Renderer: 4.6 (Core Profile) Mesa 25.3.6
[10:43:285] [info] [DISPLAY] Updating current display info
[10:43:285] [info] [DISPLAY] current display index is 0
[10:43:285] [info] [DISPLAY] Enumerating video modes
[10:43:285] [info] [DISPLAY]: Found monitor Affichage intégré, currently set to 1920x1080@60hz. Format: 370546692, Orientation: 0
[10:43:285] [info] [DISPLAY] Enumerating resolutions
[10:43:285] [info] [DISPLAY]: 1920x1080 is supported
[10:43:285] [info] [DISPLAY]: 1680x1050 is supported
[10:43:285] [info] [DISPLAY]: 1600x900 is supported
[10:43:285] [info] [DISPLAY]: 1440x1080 is supported
[10:43:285] [info] [DISPLAY]: 1440x900 is supported
[10:43:285] [info] [DISPLAY]: 1400x1050 is supported
[10:43:285] [info] [DISPLAY]: 1368x768 is supported
[10:43:285] [info] [DISPLAY]: 1280x1024 is supported
[10:43:285] [info] [DISPLAY]: 1280x960 is supported
[10:43:285] [info] [DISPLAY]: 1280x800 is supported
[10:43:285] [info] [DISPLAY]: 1280x720 is supported
[10:43:285] [info] [DISPLAY]: 1152x864 is supported
[10:43:285] [info] [DISPLAY]: 1024x768 is supported
[10:43:285] [info] [DISPLAY]: 864x486 is supported
[10:43:285] [info] [DISPLAY]: 800x600 is supported
[10:43:285] [info] [DISPLAY]: 720x480 is supported
[10:43:285] [info] [DISPLAY]: 640x480 is supported
[10:43:285] [info] Loading display settings at /home/emeric/code/jak-project/build-x86/game/OpenGOAL/jak1/settings/display-settings.json
[10:43:285] [info] [DISPLAY] Setting to display mode: 2, with window_size: 640,480
[10:43:285] [error] SDL Error: unable to move window before enabling borderless windowed mode - Cause: wayland cannot position non-popup windows
[10:43:285] [info] Loading input settings at /home/emeric/code/jak-project/build-x86/game/OpenGOAL/jak1/settings/input-settings.json
[10:43:331] [warn] No active game controllers could be found or loaded successfully - inputs will not work!
[10:43:331] [debug] # Initialize IOP...
[10:43:331] [debug] [IOP] Restart!
[10:43:331] [debug] # IOP initialized
[10:43:331] [debug] [IOP] Wait for OVERLORD to start...
[10:43:331] [debug] # Initialize DMP...
[10:43:344] [debug] # DMP initialized
[10:43:344] [debug] [DECI2] Waiting for EE to register protos
[10:43:344] [debug] # Initialize EE-Worker...
[10:43:345] [debug] # EE-Worker initialized
[10:43:345] [debug] # Initialize EE...
[10:43:345] [debug] Main memory mapped at 0x0000002123000000
[10:43:345] [debug] Main memory size 0x8000000 bytes (128.000 MB)
[10:43:345] [debug] [EE] Initialization complete!
[10:43:345] [debug] # EE initialized
[10:43:345] [debug] [EE] Run!
[10:43:345] [info] GFX Loop
A36-CT-DIAG init &ct=0x9a5330 ct=30 31 32 33
dkernel: boot mode
dkernel: debug-mem mode
[10:43:390] [info] gkernel: global heap 0x0013fd20 to 0x046b82e0 (size 69.470 MB)
[10:43:396] [info] gkernel: debug heap 0x05000000 to 0x07ff0000 (size 47.938 MB, gap 9.281 MB)
[10:43:396] [info] Initializing CD drive. This may take a while...
[10:43:396] [debug] Disk type 20

[10:43:396] [debug] Rebooting IOP...
[10:43:396] [info] Initializing CD drive. This may take a while...
[10:43:396] [debug] Disk type 20

[10:43:396] [debug] Initializing CD library in ISO_CD mode...
arg 1 : fakeiso
arg 2 : SCREEN1.USA
[10:43:396] [debug] [IOP] Run!
[10:43:413] [debug] [OVERLORD] LoadISOFileToIOP VAGDIR  AYB, 10420/-1 bytes
[10:43:414] [debug] [OVERLORD] Queue 2 (1/4), LoadSingle
[10:43:414] [debug]   PRI 2 elt 0 LoadSingle @ #x7F510C601520
[10:43:414] [debug] [OVERLORD] FS Open VAGDIR  AYB
[10:43:414] [debug] [OVERLORD] FS_Close VAGDIR  AYB @ 47/48
[10:43:414] [debug] [OVERLORD] LoadISOFileToEE SCREEN1 USA, 8388608/-1 bytes
[10:43:414] [debug] [OVERLORD] Queue 2 (1/4), LoadSingle
[10:43:414] [debug]   PRI 2 elt 0 LoadSingle @ #x7F510C601520
[10:43:414] [debug] [OVERLORD] FS Open SCREEN1 USA
[10:43:415] [debug] [OVERLORD] FS_Close SCREEN1 USA @ 292/480
[10:43:415] [info] InitIOP OK
[10:46:419] [info] [DECI2] Add new protocol driver 1 for 0xe042
gproto: proto open at socket 1
[10:46:419] [info] InitSound
[10:46:419] [info] InitRPC
kernel: RPC port #0 started [DEB1]
kernel: RPC port #1 started [DEB2]
kernel: RPC port #2 started [DEB3]
kernel: RPC port #3 started [DEB4]
kernel: RPC port #4 started [DEB5]
kernel: RPC port #5 started [DEB6]
[10:46:419] [info] Initialized GOAL heap in 0.022 ms
[10:46:419] [debug] [Load and Link DGO From C] kernel
[10:46:419] [debug] [Begin Loading DGO RPC] KERNEL.CGO, 0x3eb82c0, 0x42b82c0, 0x181e80
[10:46:419] [debug] [XSocketServer:8112] initialized
[10:46:419] [info] [Deci2Server:8112] awaiting connections
[10:46:419] [debug] [OVERLORD] Queue 0 (1/4), LoadDGO
[10:46:419] [debug]   PRI 0 elt 0 LoadDGO @ #x9F2AC0
[10:46:419] [debug] [OVERLORD] FS Open KERNEL  CGO
[10:46:419] [debug] [DECI2] Waiting for listener...
[10:46:419] [info] [Overlord DGO] Got DGO file header for KERNEL.CGO with 8 objects
[10:46:419] [debug] [link and exec] gcommon            0  20748 heap-use   270634  3145728: 0x181e4a
[10:46:419] [debug] link finish: gcommon
[10:46:420] [debug] [link and exec] gstring-h          0     95 heap-use   285424  3145728: 0x185810
[10:46:420] [debug] link finish: gstring-h
[10:46:420] [debug] [link and exec] gkernel-h          0  14758 heap-use   285424  3145728: 0x185810
[10:46:420] [debug] link finish: gkernel-h
[10:46:420] [debug] [link and exec] gkernel            0  34845 heap-use   286960  3145728: 0x185e10
[10:46:420] [debug] link finish: gkernel
[10:46:421] [debug] [link and exec] pskernel           0   5226 heap-use  3655408  3145728: 0x4bc410
[10:46:421] [debug] link finish: pskernel
[10:46:421] [debug] [link and exec] gstring            0  11883 heap-use  3657776  3145728: 0x4bcd50
[10:46:421] [debug] link finish: gstring
[10:46:421] [debug] [link and exec] dgo-h              0   1226 heap-use  3700889  3145728: 0x4c75b9
[10:46:421] [debug] link finish: dgo-h
[10:46:421] [debug] [OVERLORD] FS_Close KERNEL  CGO @ 318/72
[10:46:421] [debug] [link and exec] gstate             1   2773 heap-use  3701088  3145728: 0x4c7680
[10:46:421] [debug] link finish: gstate
[10:46:421] [info] Got correct kernel version 2.0, loaded in 2.1 ms
[10:46:421] [debug] [Load and Link DGO From C] game
[10:46:421] [debug] [Begin Loading DGO RPC] GAME.CGO, 0x3eb82c0, 0x42b82c0, 0x4cae00
[10:46:421] [debug] [OVERLORD] Queue 0 (1/4), LoadDGO
[10:46:421] [debug]   PRI 0 elt 0 LoadDGO @ #x9F2AC0
[10:46:421] [debug] [OVERLORD] FS Open GAME    CGO
[10:46:421] [info] [Overlord DGO] Got DGO file header for GAME.CGO with 346 objects
[10:46:421] [debug] [link and exec] types-h            0    717 heap-use  3715264  3145728: 0x4cade0
[10:46:421] [debug] link finish: types-h
[10:46:422] [debug] [link and exec] vu1-macros         0   3923 heap-use  3715440  3145728: 0x4cae90
[10:46:422] [debug] link finish: vu1-macros
[10:46:422] [debug] [link and exec] math               0   4276 heap-use  3716064  3145728: 0x4cb100
[10:46:422] [debug] link finish: math
[10:46:422] [debug] [link and exec] vector-h           0  23570 heap-use  3718440  3145728: 0x4cba48
[10:46:422] [debug] link finish: vector-h
[10:46:422] [debug] [link and exec] gravity-h          0     95 heap-use  3723648  3145728: 0x4ccea0
[10:46:422] [debug] link finish: gravity-h
[10:46:422] [debug] [link and exec] bounding-box-h     0   1572 heap-use  3723648  3145728: 0x4ccea0
[10:46:422] [debug] link finish: bounding-box-h
[10:46:422] [debug] [link and exec] matrix-h           0   1888 heap-use  3723968  3145728: 0x4ccfe0
[10:46:422] [debug] link finish: matrix-h
[10:46:422] [debug] [link and exec] quaternion-h       0   1165 heap-use  3724320  3145728: 0x4cd140
[10:46:422] [debug] link finish: quaternion-h
[10:46:423] [debug] [link and exec] euler-h            0   1206 heap-use  3724464  3145728: 0x4cd1d0
[10:46:423] [debug] link finish: euler-h
[10:46:423] [debug] [link and exec] transform-h        0   1240 heap-use  3724656  3145728: 0x4cd290
[10:46:423] [debug] link finish: transform-h
[10:46:423] [debug] [link and exec] geometry-h         0   1618 heap-use  3724832  3145728: 0x4cd340
[10:46:423] [debug] link finish: geometry-h
[10:46:423] [debug] [link and exec] trigonometry-h     0     95 heap-use  3725008  3145728: 0x4cd3f0
[10:46:423] [debug] link finish: trigonometry-h
[10:46:423] [debug] [link and exec] transformq-h       0   3363 heap-use  3725008  3145728: 0x4cd3f0
[10:46:423] [debug] link finish: transformq-h
[10:46:423] [debug] [link and exec] bounding-box       0   2055 heap-use  3725664  3145728: 0x4cd680
[10:46:423] [debug] link finish: bounding-box
[10:46:423] [debug] [link and exec] matrix             0  22961 heap-use  3727003  3145728: 0x4cdbbb
[10:46:423] [debug] link finish: matrix
[10:46:424] [debug] [link and exec] transform          0   2480 heap-use  3746688  3145728: 0x4d28a0
[10:46:424] [debug] link finish: transform
[10:46:424] [debug] [link and exec] quaternion         0  17860 heap-use  3748361  3145728: 0x4d2f29
[10:46:424] [debug] link finish: quaternion
[10:46:424] [debug] [link and exec] euler              0   4664 heap-use  3761629  3145728: 0x4d62fd
[10:46:424] [debug] link finish: euler
[10:46:424] [debug] [link and exec] geometry           0  26228 heap-use  3765473  3145728: 0x4d7201
[10:46:424] [debug] link finish: geometry
[10:46:424] [debug] [link and exec] trigonometry       0  15141 heap-use  3786497  3145728: 0x4dc421
[10:46:424] [debug] link finish: trigonometry
[10:46:424] [debug] [link and exec] gsound-h           0  30036 heap-use  3797584  3145728: 0x4def70
[10:46:424] [debug] link finish: gsound-h
[10:46:424] [debug] [link and exec] timer-h            0   4687 heap-use  3801296  3145728: 0x4dfdf0
[10:46:424] [debug] link finish: timer-h
[10:46:425] [debug] [link and exec] timer              0   2271 heap-use  3802064  3145728: 0x4e00f0
[10:46:425] [debug] link finish: timer
[10:46:425] [debug] [link and exec] vif-h              0   5275 heap-use  3803668  3145728: 0x4e0734
[10:46:425] [debug] link finish: vif-h
[10:46:425] [debug] [link and exec] dma-h              0  15222 heap-use  3804048  3145728: 0x4e08b0
[10:46:425] [debug] link finish: dma-h
[10:46:425] [debug] [link and exec] video-h            0   2245 heap-use  3806832  3145728: 0x4e1390
[10:46:425] [debug] link finish: video-h
[10:46:425] [debug] [link and exec] vu1-user-h         0   2832 heap-use  3807040  3145728: 0x4e1460
[10:46:425] [debug] link finish: vu1-user-h
[10:46:425] [debug] [link and exec] dma                0   4367 heap-use  3807520  3145728: 0x4e1640
[10:46:425] [debug] link finish: dma
[10:46:425] [debug] [link and exec] dma-buffer         0   4254 heap-use  3810808  3145728: 0x4e2318
[10:46:425] [debug] link finish: dma-buffer
[10:46:426] [debug] [link and exec] dma-bucket         0    588 heap-use  3812112  3145728: 0x4e2830
[10:46:426] [debug] link finish: dma-bucket
[10:46:426] [debug] [link and exec] dma-disasm         0  15931 heap-use  3812497  3145728: 0x4e29b1
[10:46:426] [debug] link finish: dma-disasm
[10:46:426] [debug] [link and exec] pc-cheats          0     95 heap-use  3812731  3145728: 0x4e2a9b
[10:46:426] [debug] link finish: pc-cheats
[10:46:426] [debug] [link and exec] pckernel-h         0  16233 heap-use  3812731  3145728: 0x4e2a9b
[10:46:426] [debug] link finish: pckernel-h
[10:46:426] [debug] [link and exec] pckernel-impl      0  14526 heap-use  3819561  3145728: 0x4e4549
[10:46:426] [debug] link finish: pckernel-impl
[10:46:426] [debug] [link and exec] pc-debug-common    0    148 heap-use  3820960  3145728: 0x4e4ac0
[10:46:426] [debug] link finish: pc-debug-common
[10:46:426] [debug] [link and exec] pc-debug-methods   0  11767 heap-use  3820960  3145728: 0x4e4ac0
[10:46:426] [debug] link finish: pc-debug-methods
[10:46:427] [debug] [link and exec] pad                0  10434 heap-use  3820960  3145728: 0x4e4ac0
[10:46:427] [debug] link finish: pad
[10:46:427] [debug] [link and exec] gs                 0  43764 heap-use  3826732  3145728: 0x4e614c
[10:46:427] [debug] link finish: gs
[10:46:427] [debug] [link and exec] display-h          0   9725 heap-use  3836432  3145728: 0x4e8730
[10:46:427] [debug] link finish: display-h
[10:46:427] [debug] [link and exec] vector             0  16273 heap-use  3838016  3145728: 0x4e8d60
[10:46:427] [debug] link finish: vector
[10:46:427] [debug] [link and exec] file-io            0   4610 heap-use  3850112  3145728: 0x4ebca0
[10:46:427] [debug] link finish: file-io
[10:46:427] [debug] [link and exec] loader-h           0   6562 heap-use  3852393  3145728: 0x4ec589
[10:46:427] [debug] link finish: loader-h
[10:46:428] [debug] [link and exec] texture-h          0  11229 heap-use  3853792  3145728: 0x4ecb00
[10:46:428] [debug] link finish: texture-h
[10:46:428] [debug] [link and exec] level-h            0  20335 heap-use  3855728  3145728: 0x4ed290
[10:46:428] [debug] link finish: level-h
[10:46:428] [debug] [link and exec] math-camera-h      0   7840 heap-use  3864816  3145728: 0x4ef610
[10:46:428] [debug] link finish: math-camera-h
[10:46:428] [debug] [link and exec] math-camera        0  17034 heap-use  3865104  3145728: 0x4ef730
[10:46:428] [debug] link finish: math-camera
[10:46:428] [debug] [link and exec] font-h             0  11677 heap-use  3878676  3145728: 0x4f2c34
[10:46:428] [debug] link finish: font-h
[10:46:429] [debug] [link and exec] decomp-h           0    870 heap-use  3883088  3145728: 0x4f3d70
[10:46:429] [debug] link finish: decomp-h
[10:46:429] [debug] [link and exec] display            0  12932 heap-use  3883184  3145728: 0x4f3dd0
[10:46:429] [debug] link finish: display
[10:46:430] [debug] [link and exec] connect            0  10470 heap-use 20285860  3145728: 0x14986c4
[10:46:430] [debug] link finish: connect
[10:46:431] [debug] [link and exec] text-h             0  65052 heap-use 20290848  3145728: 0x1499a40
[10:46:431] [debug] link finish: text-h
[10:46:431] [debug] [link and exec] settings-h         0   5926 heap-use 20340464  3145728: 0x14a5c10
[10:46:431] [debug] link finish: settings-h
[10:46:431] [debug] [link and exec] knuth-rand         0   1924 heap-use 20340880  3145728: 0x14a5db0
[10:46:431] [debug] link finish: knuth-rand
[10:46:431] [debug] [link and exec] capture            0   3807 heap-use 20341904  3145728: 0x14a61b0
[10:46:431] [debug] link finish: capture
[10:46:431] [debug] [link and exec] memory-usage-h     0   1604 heap-use 20342004  3145728: 0x14a6214
[10:46:431] [debug] link finish: memory-usage-h
[10:46:431] [debug] [link and exec] texture            0  39692 heap-use 20342170  3145728: 0x14a62ba
[10:46:431] [debug] link finish: texture
[10:46:432] [debug] [link and exec] main-h             0   5265 heap-use 20377168  3145728: 0x14aeb70
[10:46:432] [debug] link finish: main-h
[10:46:432] [debug] [link and exec] mspace-h           0   4675 heap-use 20380832  3145728: 0x14af9c0
[10:46:432] [debug] link finish: mspace-h
[10:46:433] [debug] [link and exec] drawable-h         0   1105 heap-use 20381504  3145728: 0x14afc60
[10:46:433] [debug] link finish: drawable-h
[10:46:433] [debug] [link and exec] drawable-group-h   0    828 heap-use 20381760  3145728: 0x14afd60
[10:46:433] [debug] link finish: drawable-group-h
[10:46:433] [debug] [link and exec] drawable-inline-array-h 0    693 heap-use 20381920  3145728: 0x14afe00
[10:46:433] [debug] link finish: drawable-inline-array-h
[10:46:433] [debug] [link and exec] draw-node-h        0   2171 heap-use 20382048  3145728: 0x14afe80
[10:46:433] [debug] link finish: draw-node-h
[10:46:433] [debug] [link and exec] drawable-tree-h    0   1507 heap-use 20382416  3145728: 0x14afff0
[10:46:433] [debug] link finish: drawable-tree-h
[10:46:433] [debug] [link and exec] drawable-actor-h   0   2161 heap-use 20382672  3145728: 0x14b00f0
[10:46:433] [debug] link finish: drawable-actor-h
[10:46:433] [debug] [link and exec] drawable-ambient-h 0   3768 heap-use 20383088  3145728: 0x14b0290
[10:46:433] [debug] link finish: drawable-ambient-h
[10:46:433] [debug] [link and exec] game-task-h        0     95 heap-use 20383744  3145728: 0x14b0520
[10:46:434] [debug] link finish: game-task-h
[10:46:434] [debug] [link and exec] hint-control-h     0   2074 heap-use 20383744  3145728: 0x14b0520
[10:46:434] [debug] link finish: hint-control-h
[10:46:434] [debug] [link and exec] generic-h          0  15959 heap-use 20384032  3145728: 0x14b0640
[10:46:434] [debug] link finish: generic-h
[10:46:434] [debug] [link and exec] lights-h           0   6214 heap-use 20395040  3145728: 0x14b3140
[10:46:434] [debug] link finish: lights-h
[10:46:434] [debug] [link and exec] ocean-h            0  29007 heap-use 20396144  3145728: 0x14b3590
[10:46:434] [debug] link finish: ocean-h
[10:46:434] [debug] [link and exec] ocean-trans-tables 0   5384 heap-use 20402592  3145728: 0x14b4ec0
[10:46:434] [debug] link finish: ocean-trans-tables
[10:46:434] [debug] [link and exec] ocean-tables       0  58277 heap-use 20407401  3145728: 0x14b6189
[10:46:434] [debug] link finish: ocean-tables
[10:46:434] [debug] [link and exec] ocean-frames       0  65692 heap-use 20464391  3145728: 0x14c4027
[10:46:434] [debug] link finish: ocean-frames
[10:46:435] [debug] [link and exec] sky-h              0   9165 heap-use 20529964  3145728: 0x14d404c
[10:46:435] [debug] link finish: sky-h
[10:46:435] [debug] [link and exec] mood-h             0   6958 heap-use 20532912  3145728: 0x14d4bd0
[10:46:435] [debug] link finish: mood-h
[10:46:435] [debug] [link and exec] time-of-day-h      0   9069 heap-use 20534288  3145728: 0x14d5130
[10:46:435] [debug] link finish: time-of-day-h
[10:46:435] [debug] [link and exec] art-h              0  18697 heap-use 20537376  3145728: 0x14d5d40
[10:46:435] [debug] link finish: art-h
[10:46:435] [debug] [link and exec] generic-vu1-h      0   2826 heap-use 20539632  3145728: 0x14d6610
[10:46:435] [debug] link finish: generic-vu1-h
[10:46:435] [debug] [link and exec] merc-h             0  23761 heap-use 20539920  3145728: 0x14d6730
[10:46:435] [debug] link finish: merc-h
[10:46:436] [debug] [link and exec] generic-merc-h     0   9675 heap-use 20542384  3145728: 0x14d70d0
[10:46:436] [debug] link finish: generic-merc-h
[10:46:436] [debug] [link and exec] generic-tie-h      0  15554 heap-use 20543264  3145728: 0x14d7440
[10:46:436] [debug] link finish: generic-tie-h
[10:46:436] [debug] [link and exec] generic-work-h     0   5966 heap-use 20544720  3145728: 0x14d79f0
[10:46:436] [debug] link finish: generic-work-h
[10:46:436] [debug] [link and exec] shadow-cpu-h       0  10893 heap-use 20545932  3145728: 0x14d7eac
[10:46:436] [debug] link finish: shadow-cpu-h
[10:46:436] [debug] [link and exec] shadow-vu1-h       0     95 heap-use 20548128  3145728: 0x14d8740
[10:46:436] [debug] link finish: shadow-vu1-h
[10:46:436] [debug] [link and exec] memcard-h          0   4472 heap-use 20548128  3145728: 0x14d8740
[10:46:436] [debug] link finish: memcard-h
[10:46:436] [debug] [link and exec] game-info-h        0   9585 heap-use 20549440  3145728: 0x14d8c60
[10:46:436] [debug] link finish: game-info-h
[10:46:437] [debug] [link and exec] wind-h             0   1730 heap-use 20552128  3145728: 0x14d96e0
[10:46:437] [debug] link finish: wind-h
[10:46:437] [debug] [link and exec] prototype-h        0  12710 heap-use 20552528  3145728: 0x14d9870
[10:46:437] [debug] link finish: prototype-h
[10:46:437] [debug] [link and exec] joint-h            0   6771 heap-use 20553408  3145728: 0x14d9be0
[10:46:437] [debug] link finish: joint-h
[10:46:437] [debug] [link and exec] bones-h            0   6607 heap-use 20553888  3145728: 0x14d9dc0
[10:46:437] [debug] link finish: bones-h
[10:46:437] [debug] [link and exec] engines            0    662 heap-use 20554832  3145728: 0x14da170
[10:46:437] [debug] link finish: engines
[10:46:437] [debug] [link and exec] res-h              0   1758 heap-use 20584224  3145728: 0x14e1440
[10:46:437] [debug] link finish: res-h
[10:46:437] [debug] [link and exec] res                0  15566 heap-use 20584649  3145728: 0x14e15e9
[10:46:437] [debug] link finish: res
[10:46:438] [debug] [link and exec] lights             0   2041 heap-use 20597792  3145728: 0x14e4940
[10:46:438] [debug] link finish: lights
[10:46:438] [debug] [link and exec] dynamics-h         0   2043 heap-use 20599120  3145728: 0x14e4e70
[10:46:438] [debug] link finish: dynamics-h
[10:46:438] [debug] [link and exec] surface-h          0  18753 heap-use 20599895  3145728: 0x14e5177
[10:46:438] [debug] link finish: surface-h
[10:46:439] [debug] [link and exec] pat-h              0   5391 heap-use 20612760  3145728: 0x14e83b8
[10:46:439] [debug] link finish: pat-h
[10:46:439] [debug] [link and exec] fact-h             0  10457 heap-use 20613232  3145728: 0x14e8590
[10:46:439] [debug] link finish: fact-h
[10:46:439] [debug] [link and exec] aligner-h          0   1605 heap-use 20616256  3145728: 0x14e9160
[10:46:439] [debug] link finish: aligner-h
[10:46:439] [debug] [link and exec] game-h             0   4254 heap-use 20616496  3145728: 0x14e9250
[10:46:439] [debug] link finish: game-h
[10:46:439] [debug] [link and exec] generic-obs-h      0   9608 heap-use 20617184  3145728: 0x14e9500
[10:46:439] [debug] link finish: generic-obs-h
[10:46:439] [debug] [link and exec] pov-camera-h       0   1254 heap-use 20618256  3145728: 0x14e9930
[10:46:439] [debug] link finish: pov-camera-h
[10:46:439] [debug] [link and exec] sync-info-h        0   6472 heap-use 20618432  3145728: 0x14e99e0
[10:46:439] [debug] link finish: sync-info-h
[10:46:440] [debug] [link and exec] smush-control-h    0   3849 heap-use 20619328  3145728: 0x14e9d60
[10:46:440] [debug] link finish: smush-control-h
[10:46:440] [debug] [link and exec] trajectory-h       0    847 heap-use 20621344  3145728: 0x14ea540
[10:46:440] [debug] link finish: trajectory-h
[10:46:440] [debug] [link and exec] debug-h            0   2016 heap-use 20621472  3145728: 0x14ea5c0
[10:46:440] [debug] link finish: debug-h
[10:46:440] [debug] [link and exec] joint-mod-h        0  21731 heap-use 20621760  3145728: 0x14ea6e0
[10:46:440] [debug] link finish: joint-mod-h
[10:46:441] [debug] [link and exec] collide-func-h     0     95 heap-use 20633760  3145728: 0x14ed5c0
[10:46:441] [debug] link finish: collide-func-h
[10:46:441] [debug] [link and exec] collide-mesh-h     0   3882 heap-use 20633760  3145728: 0x14ed5c0
[10:46:441] [debug] link finish: collide-mesh-h
[10:46:441] [debug] [link and exec] collide-shape-h    0  22441 heap-use 20675376  3145728: 0x14f7850
[10:46:441] [debug] link finish: collide-shape-h
[10:46:442] [debug] [link and exec] collide-target-h   0  23234 heap-use 20716640  3145728: 0x1501980
[10:46:442] [debug] link finish: collide-target-h
[10:46:442] [debug] [link and exec] collide-touch-h    0   4418 heap-use 20717216  3145728: 0x1501bc0
[10:46:442] [debug] link finish: collide-touch-h
[10:46:442] [debug] [link and exec] collide-edge-grab-h 0  17864 heap-use 20734024  3145728: 0x1505d68
[10:46:442] [debug] link finish: collide-edge-grab-h
[10:46:442] [debug] [link and exec] process-drawable-h 0   2063 heap-use 20744916  3145728: 0x15087f4
[10:46:442] [debug] link finish: process-drawable-h
[10:46:442] [debug] [link and exec] effect-control-h   0   1589 heap-use 20746439  3145728: 0x1508de7
[10:46:442] [debug] link finish: effect-control-h
[10:46:443] [debug] [link and exec] collide-frag-h     0   4135 heap-use 20746784  3145728: 0x1508f40
[10:46:443] [debug] link finish: collide-frag-h
[10:46:443] [debug] [link and exec] projectiles-h      0   3321 heap-use 20747392  3145728: 0x15091a0
[10:46:443] [debug] link finish: projectiles-h
[10:46:443] [debug] [link and exec] target-h           0   3714 heap-use 20747920  3145728: 0x15093b0
[10:46:443] [debug] link finish: target-h
[10:46:443] [debug] [link and exec] depth-cue-h        0   2098 heap-use 20748240  3145728: 0x15094f0
[10:46:443] [debug] link finish: depth-cue-h
[10:46:443] [debug] [link and exec] stats-h            0   4282 heap-use 20748432  3145728: 0x15095b0
[10:46:443] [debug] link finish: stats-h
[10:46:443] [debug] [link and exec] bsp-h              0   8167 heap-use 20749136  3145728: 0x1509870
[10:46:443] [debug] link finish: bsp-h
[10:46:443] [debug] [link and exec] collide-cache-h    0   8756 heap-use 20749984  3145728: 0x1509bc0
[10:46:443] [debug] link finish: collide-cache-h
[10:46:443] [debug] [link and exec] collide-h          0    135 heap-use 21109840  3145728: 0x1561970
[10:46:444] [debug] link finish: collide-h
[10:46:444] [debug] [link and exec] shrubbery-h        0  18566 heap-use 21109868  3145728: 0x156198c
[10:46:444] [debug] link finish: shrubbery-h
[10:46:444] [debug] [link and exec] tie-h              0  14963 heap-use 21111888  3145728: 0x1562170
[10:46:444] [debug] link finish: tie-h
[10:46:444] [debug] [link and exec] tfrag-h            0  20394 heap-use 21113088  3145728: 0x1562620
[10:46:444] [debug] link finish: tfrag-h
[10:46:444] [debug] [link and exec] background-h       0   3147 heap-use 21115296  3145728: 0x1562ec0
[10:46:444] [debug] link finish: background-h
[10:46:444] [debug] [link and exec] subdivide-h        0  11349 heap-use 21115392  3145728: 0x1562f20
[10:46:444] [debug] link finish: subdivide-h
[10:46:444] [debug] [link and exec] entity-h           0  13085 heap-use 21117408  3145728: 0x1563700
[10:46:444] [debug] link finish: entity-h
[10:46:444] [debug] [link and exec] sprite-h           0   6064 heap-use 21119056  3145728: 0x1563d70
[10:46:444] [debug] link finish: sprite-h
[10:46:445] [debug] [link and exec] shadow-h           0   1901 heap-use 21119440  3145728: 0x1563ef0
[10:46:445] [debug] link finish: shadow-h
[10:46:445] [debug] [link and exec] eye-h              0   4516 heap-use 21121800  3145728: 0x1564828
[10:46:445] [debug] link finish: eye-h
[10:46:445] [debug] [link and exec] sparticle-launcher-h 0   7268 heap-use 21123296  3145728: 0x1564e00
[10:46:445] [debug] link finish: sparticle-launcher-h
[10:46:445] [debug] [link and exec] sparticle-h        0   5635 heap-use 21123904  3145728: 0x1565060
[10:46:445] [debug] link finish: sparticle-h
[10:46:445] [debug] [link and exec] actor-link-h       0   5575 heap-use 21124288  3145728: 0x15651e0
[10:46:445] [debug] link finish: actor-link-h
[10:46:446] [debug] [link and exec] camera-h           0  23043 heap-use 21127696  3145728: 0x1565f30
[10:46:446] [debug] link finish: camera-h
[10:46:446] [debug] [link and exec] cam-debug-h        0   2866 heap-use 21130512  3145728: 0x1566a30
[10:46:446] [debug] link finish: cam-debug-h
[10:46:446] [debug] [link and exec] cam-interface-h    0    783 heap-use 21131182  3145728: 0x1566cce
[10:46:446] [debug] link finish: cam-interface-h
[10:46:446] [debug] [link and exec] cam-update-h       0   1520 heap-use 21131406  3145728: 0x1566dae
[10:46:446] [debug] link finish: cam-update-h
[10:46:447] [debug] [link and exec] assert-h           0   1148 heap-use 21131824  3145728: 0x1566f50
[10:46:447] [debug] link finish: assert-h
[10:46:447] [debug] [link and exec] hud-h              0   5645 heap-use 21132128  3145728: 0x1567080
[10:46:447] [debug] link finish: hud-h
[10:46:447] [debug] [link and exec] progress-h         0   9883 heap-use 21132672  3145728: 0x15672a0
[10:46:447] [debug] link finish: progress-h
[10:46:447] [debug] [link and exec] rpc-h              0   3998 heap-use 21133520  3145728: 0x15675f0
[10:46:447] [debug] link finish: rpc-h
[10:46:447] [debug] [link and exec] path-h             0   3461 heap-use 21135424  3145728: 0x1567d60
[10:46:447] [debug] link finish: path-h
[10:46:448] [debug] [link and exec] navigate-h         0  16184 heap-use 21136720  3145728: 0x1568270
[10:46:448] [debug] link finish: navigate-h
[10:46:448] [debug] [link and exec] load-dgo           0   7998 heap-use 21139536  3145728: 0x1568d70
[10:46:448] [debug] link finish: load-dgo
[10:46:448] [debug] [link and exec] ramdisk            0   2670 heap-use 21145017  3145728: 0x156a2d9
[10:46:448] [debug] link finish: ramdisk
[10:46:448] [debug] [link and exec] gsound             0  28991 heap-use 21145887  3145728: 0x156a63f
[10:46:448] [debug] link finish: gsound
IRX version 2.0
STALL: waiting for IOP on RPC port #1
STALL: waiting for IOP on RPC port #1
[10:46:450] [debug] [link and exec] transformq         0   8453 heap-use 21181192  3145728: 0x1573028
[10:46:450] [debug] link finish: transformq
[10:46:451] [debug] [link and exec] collide-func       0   4410 heap-use 21186777  3145728: 0x15745f9
[10:46:451] [debug] link finish: collide-func
[10:46:451] [debug] [link and exec] joint              0  34122 heap-use 21190512  3145728: 0x1575490
[10:46:451] [debug] link finish: joint
[10:46:453] [debug] [link and exec] cylinder           0   8199 heap-use 21216800  3145728: 0x157bb40
[10:46:453] [debug] link finish: cylinder
[10:46:453] [debug] [link and exec] wind               0   1411 heap-use 21222992  3145728: 0x157d370
[10:46:453] [debug] link finish: wind
[10:46:453] [debug] [link and exec] bsp                0  12034 heap-use 21225220  3145728: 0x157dc24
[10:46:453] [debug] link finish: bsp
[10:46:454] [debug] [link and exec] subdivide          0  13259 heap-use 21234812  3145728: 0x158019c
[10:46:454] [debug] link finish: subdivide
[10:46:454] [debug] [link and exec] sprite             0  20807 heap-use 21253936  3150020: 0x1584c50
[10:46:454] [debug] link finish: sprite
[10:46:454] [debug] [link and exec] sprite-distort     0   7057 heap-use 24638192  3150020: 0x18bf010
[10:46:454] [debug] link finish: sprite-distort
[10:46:455] [debug] [link and exec] debug-sphere       0   8450 heap-use 24645424  3150020: 0x18c0c50
[10:46:455] [debug] link finish: debug-sphere
[10:46:455] [debug] [link and exec] debug              0  31294 heap-use 24652848  3150020: 0x18c2950
[10:46:455] [debug] link finish: debug
[10:46:455] [debug] [link and exec] merc-vu1           0    163 heap-use 24655294  3150020: 0x18c32de
[10:46:455] [debug] link finish: merc-vu1
[10:46:455] [debug] [link and exec] merc-blend-shape   0   7284 heap-use 24655335  3150020: 0x18c3307
[10:46:455] [debug] link finish: merc-blend-shape
[10:46:455] [debug] [link and exec] merc               0  11038 heap-use 24658352  3150020: 0x18c3ed0
[10:46:455] [debug] link finish: merc
[10:46:456] [debug] [link and exec] ripple             0   5922 heap-use 24664670  3150020: 0x18c577e
[10:46:456] [debug] link finish: ripple
[10:46:456] [debug] [link and exec] bones              0  31812 heap-use 24668196  3150020: 0x18c6544
[10:46:456] [debug] link finish: bones
[10:46:456] [debug] [link and exec] generic-vu0        0    166 heap-use 24691136  3150020: 0x18cbee0
[10:46:456] [debug] link finish: generic-vu0
[10:46:456] [debug] [link and exec] generic            0   1708 heap-use 24691178  3150020: 0x18cbf0a
[10:46:456] [debug] link finish: generic
[10:46:456] [debug] [link and exec] generic-vu1        0   1486 heap-use 24692069  3150020: 0x18cc285
[10:46:456] [debug] link finish: generic-vu1
[10:46:456] [debug] [link and exec] generic-effect     0   2637 heap-use 24693082  3150020: 0x18cc67a
[10:46:456] [debug] link finish: generic-effect
[10:46:456] [debug] [link and exec] generic-merc       0   3524 heap-use 24695376  3150020: 0x18ccf70
[10:46:457] [debug] link finish: generic-merc
[10:46:457] [debug] [link and exec] generic-tie        0   2829 heap-use 24697632  3150020: 0x18cd840
[10:46:457] [debug] link finish: generic-tie
[10:46:457] [debug] [link and exec] shadow-cpu         0  10719 heap-use 24699504  3150020: 0x18cdf90
[10:46:457] [debug] link finish: shadow-cpu
[10:46:457] [debug] [link and exec] shadow-vu1         0   4133 heap-use 24707312  3150020: 0x18cfe10
[10:46:457] [debug] link finish: shadow-vu1
[10:46:457] [debug] [link and exec] depth-cue          0   6055 heap-use 24708736  3150020: 0x18d03a0
[10:46:457] [debug] link finish: depth-cue
[10:46:457] [debug] [link and exec] font               0  32545 heap-use 24713982  3150020: 0x18d181e
[10:46:457] [debug] link finish: font
[10:46:458] [debug] [link and exec] decomp             0   4555 heap-use 24745504  3150020: 0x18d9340
[10:46:458] [debug] link finish: decomp
[10:46:458] [debug] [link and exec] background         0   9605 heap-use 24749008  3150020: 0x18da0f0
[10:46:458] [debug] link finish: background
[10:46:458] [debug] [link and exec] draw-node          0   2566 heap-use 24757720  3150020: 0x18dc2f8
[10:46:458] [debug] link finish: draw-node
[10:46:459] [debug] [link and exec] shrubbery          0  12214 heap-use 24759257  3150020: 0x18dc8f9
[10:46:459] [debug] link finish: shrubbery
[10:46:459] [debug] [link and exec] shrub-work         0   7886 heap-use 24768315  3150020: 0x18dec5b
[10:46:459] [debug] link finish: shrub-work
[10:46:460] [debug] [link and exec] tfrag-near         0   2258 heap-use 24775837  3150020: 0x18e09bd
[10:46:460] [debug] link finish: tfrag-near
[10:46:460] [debug] [link and exec] tfrag              0  12381 heap-use 24775944  3150020: 0x18e0a28
[10:46:460] [debug] link finish: tfrag
[10:46:460] [debug] [link and exec] tfrag-methods      0  10054 heap-use 24785568  3150020: 0x18e2fc0
[10:46:460] [debug] link finish: tfrag-methods
[10:46:461] [debug] [link and exec] tfrag-work         0    540 heap-use 24792449  3150020: 0x18e4aa1
[10:46:461] [debug] link finish: tfrag-work
[10:46:461] [debug] [link and exec] tie                0  14247 heap-use 24792664  3150020: 0x18e4b78
[10:46:461] [debug] link finish: tie
[10:46:462] [debug] [link and exec] tie-near           0   5849 heap-use 24798736  3150020: 0x18e6330
[10:46:462] [debug] link finish: tie-near
[10:46:462] [debug] [link and exec] tie-work           0   1120 heap-use 24801808  3150020: 0x18e6f30
[10:46:462] [debug] link finish: tie-work
[10:46:462] [debug] [link and exec] tie-methods        0  10957 heap-use 24802605  3150020: 0x18e724d
[10:46:462] [debug] link finish: tie-methods
[10:46:463] [debug] [link and exec] sync-info          0  13527 heap-use 24809600  3150020: 0x18e8da0
[10:46:463] [debug] link finish: sync-info
[10:46:464] [debug] [link and exec] trajectory         0   2998 heap-use 24818672  3150020: 0x18eb110
[10:46:465] [debug] link finish: trajectory
[10:46:465] [debug] [link and exec] sparticle-launcher 0  27547 heap-use 24820676  3150020: 0x18eb8e4
[10:46:465] [debug] link finish: sparticle-launcher
[10:46:465] [debug] [link and exec] sparticle          0  11927 heap-use 24866208  3150020: 0x18f6ac0
[10:46:466] [debug] link finish: sparticle
[10:46:466] [debug] [link and exec] entity-table       0   2800 heap-use 28656640  3150020: 0x1c94120
[10:46:466] [debug] link finish: entity-table
[10:46:466] [debug] [link and exec] loader             0  23684 heap-use 28661435  3150020: 0x1c953db
[10:46:466] [debug] link finish: loader
[10:46:468] [debug] [link and exec] task-control-h     0   4489 heap-use 28680952  3150020: 0x1c9a018
[10:46:468] [debug] link finish: task-control-h
[10:46:468] [debug] [link and exec] speedruns-h        0    830 heap-use 28681600  3150020: 0x1c9a2a0
[10:46:468] [debug] link finish: speedruns-h
[10:46:468] [debug] [link and exec] game-info          0  31738 heap-use 28681696  3150020: 0x1c9a300
[10:46:468] [debug] link finish: game-info
[10:46:469] [debug] [link and exec] game-save          0  45247 heap-use 28766080  3150020: 0x1caeca0
[10:46:469] [debug] link finish: game-save
[10:46:470] [debug] [link and exec] settings           0   9976 heap-use 28796384  3150020: 0x1cb6300
[10:46:470] [debug] link finish: settings
[10:46:471] [debug] [link and exec] pc-anim-util       0   4043 heap-use 28804560  3150020: 0x1cb82f0
[10:46:471] [debug] link finish: pc-anim-util
[10:46:471] [debug] [link and exec] autosplit-h        0  16475 heap-use 28807617  3150020: 0x1cb8ee1
[10:46:471] [debug] link finish: autosplit-h
[10:46:471] [debug] [link and exec] autosplit          0  12739 heap-use 28807728  3150020: 0x1cb8f50
[10:46:471] [debug] link finish: autosplit
[10:46:471] [debug] [link and exec] speedruns          0  20125 heap-use 28818599  3150020: 0x1cbb9c7
[10:46:471] [debug] link finish: speedruns
[10:46:471] [debug] [link and exec] pckernel-common    0  39133 heap-use 28833765  3150020: 0x1cbf505
[10:46:471] [debug] link finish: pckernel-common
pckernel version: 1.10
[10:46:472] [debug] [link and exec] pckernel           0  61254 heap-use 28862353  3150020: 0x1cc64b1
[10:46:472] [debug] link finish: pckernel
pc settings reset
Setting borderless/fullscreen size to 640 x 480
[PC Settings]: Valid default game-size resolution set 1920 x 1080
[PC Settings]: fullscreen resolution defaulted to 1920 x 1080
[PC] PC Settings found at '/home/emeric/code/jak-project/build-x86/game/OpenGOAL/jak1/settings/pc-settings.gc'...loading!
****** CALL TO kopen() ******
[PC Settings]: Valid game-size resolution 1920 x 1080
pc settings file read: "/home/emeric/code/jak-project/build-x86/game/OpenGOAL/jak1/settings/pc-settings.gc"
[10:46:474] [debug] [link and exec] mood-tables        0  52566 heap-use 28977424  3150020: 0x1ce2630
[10:46:474] [debug] link finish: mood-tables
[10:46:474] [debug] [link and exec] mood               0  84581 heap-use 29061716  3150020: 0x1cf6f74
[10:46:474] [debug] link finish: mood
[10:46:474] [debug] [link and exec] weather-part       0  16166 heap-use 29116928  3150020: 0x1d04720
[10:46:474] [debug] link finish: weather-part
[10:46:474] [debug] [link and exec] time-of-day        0  14537 heap-use 29129476  3150020: 0x1d07824
[10:46:474] [debug] link finish: time-of-day
[10:46:475] [debug] [link and exec] sky-utils          0   1144 heap-use 29140608  3150020: 0x1d0a3a0
[10:46:475] [debug] link finish: sky-utils
[10:46:475] [debug] [link and exec] sky                0   5012 heap-use 29141434  3150020: 0x1d0a6da
[10:46:475] [debug] link finish: sky
[10:46:475] [debug] [link and exec] sky-tng            0  19695 heap-use 29143152  3150020: 0x1d0ad90
[10:46:475] [debug] link finish: sky-tng
[10:46:475] [debug] [link and exec] load-boundary-h    0   4666 heap-use 29159932  3150020: 0x1d0ef1c
[10:46:475] [debug] link finish: load-boundary-h
[10:46:475] [debug] [link and exec] load-boundary      0  47784 heap-use 29160784  3150020: 0x1d0f270
[10:46:475] [debug] link finish: load-boundary
[10:46:476] [debug] [link and exec] load-boundary-data 0  53784 heap-use 29190844  3150020: 0x1d167dc
[10:46:476] [debug] link finish: load-boundary-data
[10:46:476] [debug] [link and exec] level-info         0  57942 heap-use 29242992  3150020: 0x1d23390
[10:46:476] [debug] link finish: level-info
[10:46:476] [debug] [link and exec] level              0  40603 heap-use 29279544  3150020: 0x1d2c258
[10:46:477] [debug] link finish: level
[10:46:478] [debug] [link and exec] text               0  12987 heap-use 29455104  3150020: 0x1d57020
[10:46:478] [debug] link finish: text
[10:46:479] [debug] [link and exec] collide-probe      0   7712 heap-use 29531072  3150020: 0x1d698e0
[10:46:479] [debug] link finish: collide-probe
[10:46:479] [debug] [link and exec] collide-frag       0   3073 heap-use 29536208  3150020: 0x1d6acf0
[10:46:479] [debug] link finish: collide-frag
[10:46:480] [debug] [link and exec] collide-mesh       0   6226 heap-use 29538036  3150020: 0x1d6b414
[10:46:480] [debug] link finish: collide-mesh
[10:46:481] [debug] [link and exec] collide-touch      0   7270 heap-use 29542064  3150020: 0x1d6c3d0
[10:46:481] [debug] link finish: collide-touch
[10:46:481] [debug] [link and exec] collide-edge-grab  0  12557 heap-use 29547200  3150020: 0x1d6d7e0
[10:46:482] [debug] link finish: collide-edge-grab
[10:46:483] [debug] [link and exec] collide-shape      0  61334 heap-use 29556256  3150020: 0x1d6fb40
[10:46:483] [debug] link finish: collide-shape
[10:46:486] [debug] [link and exec] collide-shape-rider 0   8640 heap-use 29602956  3150020: 0x1d7b1ac
[10:46:486] [debug] link finish: collide-shape-rider
[10:46:487] [debug] [link and exec] collide            0    253 heap-use 29609767  3150020: 0x1d7cc47
[10:46:487] [debug] link finish: collide
[10:46:487] [debug] [link and exec] merc-death         0   2512 heap-use 29609868  3150020: 0x1d7ccac
[10:46:487] [debug] link finish: merc-death
[10:46:487] [debug] [link and exec] water-h            0   5401 heap-use 29610960  3150020: 0x1d7d0f0
[10:46:487] [debug] link finish: water-h
[10:46:487] [debug] [link and exec] camera             0  48586 heap-use 29611344  3150020: 0x1d7d270
[10:46:487] [debug] link finish: camera
[10:46:488] [debug] [link and exec] cam-interface      0   1883 heap-use 29648809  3150020: 0x1d864c9
[10:46:488] [debug] link finish: cam-interface
[10:46:488] [debug] [link and exec] cam-master         0  39768 heap-use 29649712  3150020: 0x1d86850
[10:46:488] [debug] link finish: cam-master
[10:46:489] [debug] [link and exec] cam-states         0  98010 heap-use 29681856  3150020: 0x1d8e5e0
[10:46:489] [debug] link finish: cam-states
[10:46:489] [debug] [link and exec] cam-states-dbg     0  22499 heap-use 29754208  3150020: 0x1da0080
[10:46:489] [debug] link finish: cam-states-dbg
[10:46:489] [debug] [link and exec] cam-combiner       0  11715 heap-use 29768720  3150020: 0x1da3930
[10:46:489] [debug] link finish: cam-combiner
[10:46:489] [debug] [link and exec] cam-update         0  13981 heap-use 29778058  3150020: 0x1da5daa
[10:46:489] [debug] link finish: cam-update
[10:46:489] [debug] [link and exec] vol-h              0   3407 heap-use 29788432  3150020: 0x1da8630
[10:46:489] [debug] link finish: vol-h
[10:46:489] [debug] [link and exec] cam-layout         0 100698 heap-use 29789616  3150020: 0x1da8ad0
[10:46:489] [debug] link finish: cam-layout
[10:46:490] [debug] [link and exec] cam-debug          0  51342 heap-use 29793280  3150020: 0x1da9920
[10:46:490] [debug] link finish: cam-debug
[10:46:490] [debug] [link and exec] cam-start          0   1247 heap-use 29794816  3150020: 0x1da9f20
[10:46:490] [debug] link finish: cam-start
[10:46:490] [debug] [link and exec] process-drawable   0  29243 heap-use 29795426  3150020: 0x1daa182
[10:46:490] [debug] link finish: process-drawable
[10:46:491] [debug] [link and exec] hint-control       0   6697 heap-use 29815791  3150020: 0x1daf10f
[10:46:491] [debug] link finish: hint-control
[10:46:491] [debug] [link and exec] ambient            0  32561 heap-use 29820778  3150020: 0x1db048a
[10:46:491] [debug] link finish: ambient
[10:46:492] [debug] [link and exec] assert             0   1519 heap-use 29845166  3150020: 0x1db63ce
[10:46:492] [debug] link finish: assert
[10:46:492] [debug] [link and exec] generic-obs        0  59939 heap-use 29846260  3150020: 0x1db6814
[10:46:492] [debug] link finish: generic-obs
[10:46:492] [debug] [link and exec] target-util        0  36149 heap-use 29891481  3150020: 0x1dc18b9
[10:46:493] [debug] link finish: target-util
[10:46:493] [debug] [link and exec] target-part        0  45157 heap-use 29912887  3150020: 0x1dc6c57
[10:46:493] [debug] link finish: target-part
[10:46:493] [debug] [link and exec] collide-reaction-target 0  14177 heap-use 29948357  3150020: 0x1dcf6e5
[10:46:493] [debug] link finish: collide-reaction-target
[10:46:493] [debug] [link and exec] logic-target       0  56894 heap-use 29960370  3150020: 0x1dd25d2
[10:46:493] [debug] link finish: logic-target
[10:46:493] [debug] [link and exec] sidekick           0   7665 heap-use 29997767  3150020: 0x1ddb7e7
[10:46:493] [debug] link finish: sidekick
[10:46:493] [debug] [link and exec] voicebox           0   9342 heap-use 30002800  3150020: 0x1ddcb90
[10:46:493] [debug] link finish: voicebox
[10:46:494] [debug] [link and exec] target-handler     0  22299 heap-use 30008272  3150020: 0x1dde0f0
[10:46:494] [debug] link finish: target-handler
[10:46:494] [debug] [link and exec] target             0 138109 heap-use 30026482  3150020: 0x1de2812
[10:46:494] [debug] link finish: target
[10:46:494] [debug] [link and exec] target2            0 118100 heap-use 30138866  3150020: 0x1dfdf12
[10:46:494] [debug] link finish: target2
[10:46:495] [debug] [link and exec] target-death       0  51704 heap-use 30244176  3150020: 0x1e17a70
[10:46:495] [debug] link finish: target-death
[10:46:495] [debug] [link and exec] menu               0  31338 heap-use 30284144  3150020: 0x1e21690
[10:46:495] [debug] link finish: menu
[10:46:495] [debug] [link and exec] drawable           0  39953 heap-use 30286060  3150020: 0x1e21e0c
[10:46:495] [debug] link finish: drawable
[10:46:496] [debug] [link and exec] drawable-group     0   3052 heap-use 30305584  3150020: 0x1e26a50
[10:46:496] [debug] link finish: drawable-group
[10:46:497] [debug] [link and exec] drawable-inline-array 0    543 heap-use 30307479  3150020: 0x1e271b7
[10:46:497] [debug] link finish: drawable-inline-array
[10:46:497] [debug] [link and exec] drawable-tree      0   1733 heap-use 30307557  3150020: 0x1e27205
[10:46:497] [debug] link finish: drawable-tree
[10:46:497] [debug] [link and exec] prototype          0   2904 heap-use 30308786  3150020: 0x1e276d2
[10:46:497] [debug] link finish: prototype
[10:46:498] [debug] [link and exec] main-collide       0   1365 heap-use 30310911  3150020: 0x1e27f1f
[10:46:498] [debug] link finish: main-collide
[10:46:498] [debug] [link and exec] video              0   3080 heap-use 30311964  3150020: 0x1e2833c
[10:46:498] [debug] link finish: video
[10:46:498] [debug] [link and exec] main               0  31376 heap-use 30313736  3150020: 0x1e28a28
[10:46:498] [debug] link finish: main
[10:46:498] [debug] [link and exec] collide-cache      0  29917 heap-use 30337172  3150020: 0x1e2e5b4
[10:46:498] [debug] link finish: collide-cache
[10:46:501] [debug] [link and exec] relocate           0   7312 heap-use 30360480  3150020: 0x1e340c0
[10:46:501] [debug] link finish: relocate
[10:46:503] [debug] [link and exec] memory-usage       0  12426 heap-use 30365094  3150020: 0x1e352c6
[10:46:503] [debug] link finish: memory-usage
[10:46:503] [debug] [link and exec] entity             0  38282 heap-use 30365122  3150020: 0x1e352e2
[10:46:503] [debug] link finish: entity
[10:46:505] [debug] [link and exec] path               0   7545 heap-use 30394370  3150020: 0x1e3c522
[10:46:505] [debug] link finish: path
[10:46:506] [debug] [link and exec] vol                0   7142 heap-use 30399435  3150020: 0x1e3d8eb
[10:46:506] [debug] link finish: vol
[10:46:507] [debug] [link and exec] navigate           0  67212 heap-use 30405172  3150020: 0x1e3ef54
[10:46:507] [debug] link finish: navigate
[10:46:510] [debug] [link and exec] aligner            0   3510 heap-use 30457840  3150020: 0x1e4bd10
[10:46:510] [debug] link finish: aligner
[10:46:510] [debug] [link and exec] effect-control     0  23102 heap-use 30460132  3150020: 0x1e4c604
[10:46:510] [debug] link finish: effect-control
[10:46:511] [debug] [link and exec] water              0  39100 heap-use 30480130  3150020: 0x1e51422
[10:46:511] [debug] link finish: water
[10:46:512] [debug] [link and exec] collectables-part  0  48733 heap-use 30509840  3150020: 0x1e58830
[10:46:512] [debug] link finish: collectables-part
[10:46:512] [debug] [link and exec] collectables       0  84077 heap-use 30549682  3150020: 0x1e623d2
[10:46:512] [debug] link finish: collectables
[10:46:515] [debug] [link and exec] task-control       0  63059 heap-use 30610240  3150020: 0x1e71060
[10:46:515] [debug] link finish: task-control
[10:46:516] [debug] [link and exec] process-taskable   0  35510 heap-use 30654101  3150020: 0x1e7bbb5
[10:46:516] [debug] link finish: process-taskable
[10:46:518] [debug] [link and exec] pov-camera         0   9249 heap-use 30679000  3150020: 0x1e81cf8
[10:46:518] [debug] link finish: pov-camera
[10:46:519] [debug] [link and exec] powerups           0  18849 heap-use 30685367  3150020: 0x1e835d7
[10:46:519] [debug] link finish: powerups
[10:46:519] [debug] [link and exec] crates             0  38929 heap-use 30700116  3150020: 0x1e86f74
[10:46:519] [debug] link finish: crates
[10:46:521] [debug] [link and exec] hud                0  14190 heap-use 30727088  3150020: 0x1e8d8d0
[10:46:521] [debug] link finish: hud
[10:46:522] [debug] [link and exec] hud-classes        0  53794 heap-use 30737754  3150020: 0x1e9027a
[10:46:522] [debug] link finish: hud-classes
[10:46:524] [debug] [link and exec] progress-static    0  15722 heap-use 30776112  3150020: 0x1e99850
[10:46:524] [debug] link finish: progress-static
[10:46:524] [debug] [link and exec] progress-part      0  35850 heap-use 30788217  3150020: 0x1e9c799
[10:46:524] [debug] link finish: progress-part
[10:46:524] [debug] [link and exec] progress-draw      0  43132 heap-use 30816261  3150020: 0x1ea3525
[10:46:524] [debug] link finish: progress-draw
[10:46:526] [debug] [link and exec] progress           0  77673 heap-use 30851900  3150020: 0x1eac05c
[10:46:526] [debug] link finish: progress
[10:46:527] [debug] [link and exec] progress-pc        0 197604 heap-use 30926752  3150020: 0x1ebe4c0
[10:46:527] [debug] link finish: progress-pc
[10:46:528] [debug] [link and exec] credits            0   4032 heap-use 31124681  3150020: 0x1eee9e9
[10:46:528] [debug] link finish: credits
[10:46:528] [debug] [link and exec] projectiles        0  33471 heap-use 31127503  3150020: 0x1eef4ef
[10:46:528] [debug] link finish: projectiles
[10:46:529] [debug] [link and exec] ocean              0  13276 heap-use 31151972  3150020: 0x1ef5484
[10:46:529] [debug] link finish: ocean
[10:46:529] [debug] [link and exec] ocean-vu0          0    664 heap-use 31161936  3150020: 0x1ef7b70
[10:46:529] [debug] link finish: ocean-vu0
[10:46:530] [debug] [link and exec] ocean-texture      0   3563 heap-use 31162384  3150020: 0x1ef7d30
[10:46:530] [debug] link finish: ocean-texture
[10:46:530] [debug] [link and exec] ocean-mid          0  20737 heap-use 31164688  3150020: 0x1ef8630
[10:46:530] [debug] link finish: ocean-mid
[10:46:530] [debug] [link and exec] ocean-transition   0  15783 heap-use 31181518  3150020: 0x1efc7ee
[10:46:530] [debug] link finish: ocean-transition
[10:46:530] [debug] [link and exec] ocean-near         0   8288 heap-use 31194719  3150020: 0x1effb7f
[10:46:530] [debug] link finish: ocean-near
[10:46:530] [debug] [link and exec] shadow             0   3697 heap-use 31201426  3150020: 0x1f015b2
[10:46:530] [debug] link finish: shadow
[10:46:530] [debug] [link and exec] eye                0  14290 heap-use 31203988  3150020: 0x1f01fb4
[10:46:530] [debug] link finish: eye
[10:46:530] [debug] [link and exec] glist-h            0   3260 heap-use 31216388  3150020: 0x1f05024
[10:46:530] [debug] link finish: glist-h
[10:46:531] [debug] [link and exec] glist              0   4345 heap-use 31216770  3150020: 0x1f051a2
[10:46:531] [debug] link finish: glist
[10:46:531] [debug] [link and exec] anim-tester        0  65570 heap-use 31217209  3150020: 0x1f05359
[10:46:531] [debug] link finish: anim-tester
[10:46:531] [debug] [link and exec] viewer             0   7288 heap-use 31219043  3150020: 0x1f05a83
[10:46:531] [debug] link finish: viewer
[10:46:531] [debug] [link and exec] part-tester        0   3583 heap-use 31224153  3150020: 0x1f06e79
[10:46:531] [debug] link finish: part-tester
[10:46:531] [debug] [link and exec] default-menu       0 256938 heap-use 31224387  3150020: 0x1f06f63
[10:46:531] [debug] link finish: default-menu
[10:46:531] [debug] [link and exec] anim-tester-x      0  21499 heap-use 31227214  3150020: 0x1f07a6e
[10:46:531] [debug] link finish: anim-tester-x
[10:46:532] [debug] [link and exec] entity-debug       0  24231 heap-use 31228233  3150020: 0x1f07e69
[10:46:532] [debug] link finish: entity-debug
[10:46:532] [debug] [link and exec] subtitle           0  29403 heap-use 31228268  3150020: 0x1f07e8c
[10:46:532] [debug] link finish: subtitle
[10:46:532] [debug] [link and exec] default-menu-pc    0  84868 heap-use 31510304  3150020: 0x1f4cc40
[10:46:532] [debug] link finish: default-menu-pc
[10:46:532] [debug] [link and exec] dir-tpages         0  22608 heap-use 31512007  3150020: 0x1f4d2e7
[10:46:532] [debug] link finish: dir-tpages
[10:46:533] [debug] [link and exec] tpage-463          0 242720 heap-use 31531344  3150020: 0x1f51e70
[10:46:533] [debug] link finish: tpage-463
[10:46:533] [debug] [link and exec] tpage-2            0 152752 heap-use 31544584  3150020: 0x1f55228
[10:46:533] [debug] link finish: tpage-2
[10:46:533] [debug] [link and exec] tpage-880          0  16944 heap-use 31549772  3150020: 0x1f5666c
[10:46:533] [debug] link finish: tpage-880
[10:46:533] [debug] [link and exec] tpage-256          0  17168 heap-use 31550196  3150020: 0x1f56814
[10:46:533] [debug] link finish: tpage-256
[10:46:533] [debug] [link and exec] tpage-1278         0 181088 heap-use 31550864  3150020: 0x1f56ab0
[10:46:533] [debug] link finish: tpage-1278
[10:46:533] [debug] [link and exec] texture-upload     0    720 heap-use 31551600  3150020: 0x1f56d90
[10:46:533] [debug] link finish: texture-upload
[10:46:534] [debug] [link and exec] tpage-1032         0 263456 heap-use 31551720  3150020: 0x1f56e08
[10:46:534] [debug] link finish: tpage-1032
[10:46:534] [debug] [link and exec] tpage-62           0  34496 heap-use 31815076  3150020: 0x1f972c4
[10:46:534] [debug] link finish: tpage-62
[10:46:534] [debug] [link and exec] tpage-1532         0  34224 heap-use 31816660  3150020: 0x1f978f4
[10:46:534] [debug] link finish: tpage-1532
[10:46:534] [debug] [link and exec] fuel-cell          0  21728 heap-use 31818024  3150020: 0x1f97e48
[10:46:534] [debug] link finish: fuel-cell
[10:46:534] [debug] [link and exec] money              0   6400 heap-use 31839318  3150020: 0x1f9d176
[10:46:534] [debug] link finish: money
[10:46:534] [debug] [link and exec] buzzer             0  12048 heap-use 31845328  3150020: 0x1f9e8f0
[10:46:534] [debug] link finish: buzzer
[10:46:535] [debug] [link and exec] ecovalve           0   5280 heap-use 31856976  3150020: 0x1fa1670
[10:46:535] [debug] link finish: ecovalve
[10:46:535] [debug] [link and exec] crate              0  64416 heap-use 31861856  3150020: 0x1fa2980
[10:46:535] [debug] link finish: crate
[10:46:535] [debug] [link and exec] speaker            0  23184 heap-use 31925296  3150020: 0x1fb2150
[10:46:535] [debug] link finish: speaker
[10:46:535] [debug] [link and exec] fuelcell-naked     0   4736 heap-use 31948144  3150020: 0x1fb7a90
[10:46:535] [debug] link finish: fuelcell-naked
[10:46:536] [debug] [link and exec] eichar             0 1349024 heap-use 31952544  3150020: 0x1fb8bc0
[10:46:536] [debug] link finish: eichar
[10:46:536] [debug] [link and exec] sidekick           0 675936 heap-use 33271892  3150020: 0x20fad74
[10:46:536] [debug] link finish: sidekick
[10:46:536] [debug] [link and exec] deathcam           0   1888 heap-use 33933512  3150020: 0x219c5e8
[10:46:536] [debug] link finish: deathcam
[10:46:536] [debug] [link and exec] game-cnt           0    224 heap-use 33935136  3150020: 0x219cc40
[10:46:536] [debug] link finish: game-cnt
[10:46:536] [debug] [link and exec] rigid-body-h       0   3065 heap-use 33935280  3150020: 0x219ccd0
[10:46:536] [debug] link finish: rigid-body-h
[10:46:537] [debug] [link and exec] water-anim         0  23985 heap-use 33935536  3150020: 0x219cdd0
[10:46:537] [debug] link finish: water-anim
[10:46:537] [debug] [link and exec] dark-eco-pool      0   8581 heap-use 33948880  3150020: 0x21a01f0
[10:46:537] [debug] link finish: dark-eco-pool
[10:46:538] [debug] [link and exec] rigid-body         0  23313 heap-use 33955024  3150020: 0x21a19f0
[10:46:538] [debug] link finish: rigid-body
[10:46:540] [debug] [link and exec] nav-enemy-h        0   8546 heap-use 33967984  3150020: 0x21a4c90
[10:46:540] [debug] link finish: nav-enemy-h
[10:46:540] [debug] [link and exec] nav-enemy          0  54490 heap-use 33968448  3150020: 0x21a4e60
[10:46:540] [debug] link finish: nav-enemy
[10:46:543] [debug] [link and exec] baseplat           0  13655 heap-use 34009309  3150020: 0x21aedfd
[10:46:543] [debug] link finish: baseplat
[10:46:544] [debug] [link and exec] basebutton         0  22781 heap-use 34018128  3150020: 0x21b1070
[10:46:544] [debug] link finish: basebutton
[10:46:545] [debug] [link and exec] tippy              0   2406 heap-use 34032848  3150020: 0x21b49f0
[10:46:545] [debug] link finish: tippy
[10:46:545] [debug] [link and exec] joint-exploder     0  16874 heap-use 34033824  3150020: 0x21b4dc0
[10:46:545] [debug] link finish: joint-exploder
[10:46:546] [debug] [link and exec] babak              0  12734 heap-use 34043008  3150020: 0x21b71a0
[10:46:546] [debug] link finish: babak
[10:46:547] [debug] [link and exec] sharkey            0  25402 heap-use 34051683  3150020: 0x21b9383
[10:46:547] [debug] link finish: sharkey
[10:46:548] [debug] [link and exec] orb-cache          0  11901 heap-use 34068400  3150020: 0x21bd4d0
[10:46:548] [debug] link finish: orb-cache
[10:46:548] [debug] [link and exec] plat               0   8089 heap-use 34075883  3150020: 0x21bf20b
[10:46:548] [debug] link finish: plat
[10:46:549] [debug] [link and exec] plat-button        0  14978 heap-use 34080800  3150020: 0x21c0540
[10:46:549] [debug] link finish: plat-button
[10:46:550] [debug] [link and exec] plat-eco           0  10475 heap-use 34090112  3150020: 0x21c29a0
[10:46:550] [debug] link finish: plat-eco
[10:46:551] [debug] [link and exec] ropebridge         0  19996 heap-use 34096336  3150020: 0x21c41f0
[10:46:551] [debug] link finish: ropebridge
[10:46:552] [debug] [link and exec] ticky              0   1877 heap-use 34108304  3150020: 0x21c70b0
[10:46:552] [debug] link finish: ticky
[10:46:552] [debug] [OVERLORD] FS_Close GAME    CGO @ 320/4320
[10:46:552] [debug] [link and exec] hud-classes-pc     1  19720 heap-use 34109056  3150020: 0x21c73a0
[10:46:552] [debug] link finish: hud-classes-pc
[10:46:553] [info] calling play
(play :use-vis 0 :init-game 0) has been called!
*kernel-boot-message*: play
-----------> begin load title-vis [tit.DGO]
Starting level load clock
[10:46:554] [debug] [OVERLORD] Queue 0 (1/4), LoadDGO
[10:46:554] [debug]   PRI 0 elt 0 LoadDGO @ #x9F2AC0
[10:46:554] [debug] [OVERLORD] FS Open TIT     DGO
[10:46:554] [info] [Overlord DGO] Got DGO file header for TIT.DGO with 15 objects
[10:46:554] [debug] link finish: static-screen
[10:46:555] [debug] link finish: title-obs
[10:46:555] [debug] link finish: tpage-1609
[10:46:555] [debug] link finish: tpage-416
[10:46:555] [debug] link finish: tpage-415
[10:46:555] [debug] link finish: tpage-397
[10:46:555] [debug] link finish: tpage-1499
[10:46:556] [debug] link finish: logo
[10:46:556] [debug] link finish: logo-black
[10:46:556] [debug] link finish: logo-cam
[10:46:556] [debug] link finish: logo-volumes
[10:46:556] [debug] link finish: ndi
[10:46:556] [debug] link finish: ndi-cam
[10:46:556] [debug] link finish: ndi-volumes
[10:46:556] [debug] [OVERLORD] FS_Close TIT     DGO @ 316/696
Elapsed time for level =       0.0000s
NOTICE: loaded title-vis, 193216 bytes (188.6875 K) at top 1323264
[10:46:557] [debug] link finish: title-vis
[10:46:557] [info] InitListenerConnect
[10:46:557] [info] InitCheckListener
kernel: machine started
[10:46:557] [warn] sceGsResetGraph: mode 0 inter 1 omode 2 fmode 1
A36-TXT-DIAG fmt="~D~S.TXT" dest=0x4c7294 fmtptr=0x1f0c054 arg2=0x0 arg3=0x1f0c0f4 arg4=0x21231816d4
A36-TXT-DIAG dispatch 'D'(0x44)
A36-TXT-DIAG caseD in=0x0 len=-1 pad=0x20 kitoa="0" regidx=0 &ct=0x9a5330 ct=30 31 32 33
A36-TXT-DIAG dispatch 'S'(0x53)
A36-TXT-DIAG out="0subtit.TXT"
A36-STR-DIAG rpc name="0subtit.TXT" chunk=-1 ee_addr=0x1f0cc40 maxlen=0x40000
[10:46:557] [info] FBO Setup: requested 640x480, msaa 1
[10:46:557] [debug] [OVERLORD] LoadISOFileToEE 0SUBTIT TXT, 262144/-1 bytes
[10:46:557] [debug] [OVERLORD] Queue 2 (1/4), LoadSingle
[10:46:557] [debug]   PRI 2 elt 0 LoadSingle @ #x7F510D8DB8D0
[10:46:557] [debug] [OVERLORD] FS Open 0SUBTIT TXT
[10:46:557] [debug] [OVERLORD] FS_Close 0SUBTIT TXT @ 23/120
A36-TXT-DIAG fmt="~D~S.TXT" dest=0x4c7294 fmtptr=0x1f0c0d4 arg2=0x0 arg3=0x1f0c0f4 arg4=0x21231816d4
A36-TXT-DIAG dispatch 'D'(0x44)
A36-TXT-DIAG caseD in=0x0 len=-1 pad=0x20 kitoa="0" regidx=0 &ct=0x9a5330 ct=30 31 32 33
A36-TXT-DIAG dispatch 'S'(0x53)
A36-TXT-DIAG out="0subtit.TXT"
[10:46:557] [debug] link finish: 0subtit.TXT
[00000000] vec4s
	x: 0.0000
	y: 0.0000
	z: 0.0000
	w: 0.0000
(play :use-vis 0 :init-game 0) has been called!
[10:46:557] [info] FBO Setup: not using second temporary buffer
A36-TXT-DIAG fmt="~D~S.TXT" dest=0x4c7294 fmtptr=0x1d59404 arg2=0x0 arg3=0x1d59494 arg4=0x21231816d4
A36-TXT-DIAG dispatch 'D'(0x44)
A36-TXT-DIAG caseD in=0x0 len=-1 pad=0x20 kitoa="0" regidx=0 &ct=0x9a5330 ct=30 31 32 33
A36-TXT-DIAG dispatch 'S'(0x53)
A36-TXT-DIAG out="0common.TXT"
A36-STR-DIAG rpc name="0common.TXT" chunk=-1 ee_addr=0x1d59900 maxlen=0x10000
[10:46:558] [debug] [OVERLORD] LoadISOFileToEE 0COMMON TXT, 65536/-1 bytes
[10:46:558] [debug] [OVERLORD] Queue 2 (1/4), LoadSingle
[10:46:558] [debug]   PRI 2 elt 0 LoadSingle @ #x7F510D8DB8D0
[10:46:558] [debug] [OVERLORD] FS Open 0COMMON TXT
[10:46:558] [debug] [OVERLORD] FS_Close 0COMMON TXT @ 0/48
A36-TXT-DIAG fmt="~D~S.TXT" dest=0x4c7294 fmtptr=0x1d59474 arg2=0x0 arg3=0x1d59494 arg4=0x21231816d4
A36-TXT-DIAG dispatch 'D'(0x44)
A36-TXT-DIAG caseD in=0x0 len=-1 pad=0x20 kitoa="0" regidx=0 &ct=0x9a5330 ct=30 31 32 33
A36-TXT-DIAG dispatch 'S'(0x53)
A36-TXT-DIAG out="0common.TXT"
[10:46:558] [debug] link finish: 0common.TXT
A36-TXT-DIAG fmt="~D~S.TXT" dest=0x4c7294 fmtptr=0x1d59404 arg2=0x0 arg3=0x1d594a4 arg4=0x21231816d4
A36-TXT-DIAG dispatch 'D'(0x44)
A36-TXT-DIAG caseD in=0x0 len=-1 pad=0x20 kitoa="0" regidx=0 &ct=0x9a5330 ct=30 31 32 33
A36-TXT-DIAG dispatch 'S'(0x53)
A36-TXT-DIAG out="0common.TXT"
A36-STR-DIAG rpc name="0common.TXT" chunk=-1 ee_addr=0x1499c40 maxlen=0xc000
[10:46:558] [debug] [OVERLORD] LoadISOFileToEE 0COMMON TXT, 49152/-1 bytes
[10:46:559] [debug] [OVERLORD] Queue 2 (1/4), LoadSingle
[10:46:559] [debug]   PRI 2 elt 0 LoadSingle @ #x7F510D8DB8D0
[10:46:559] [debug] [OVERLORD] FS Open 0COMMON TXT
[10:46:559] [debug] [OVERLORD] FS_Close 0COMMON TXT @ 0/48
A36-TXT-DIAG fmt="~D~S.TXT" dest=0x4c7294 fmtptr=0x1d59474 arg2=0x0 arg3=0x1d594a4 arg4=0x21231816d4
A36-TXT-DIAG dispatch 'D'(0x44)
A36-TXT-DIAG caseD in=0x0 len=-1 pad=0x20 kitoa="0" regidx=0 &ct=0x9a5330 ct=30 31 32 33
A36-TXT-DIAG dispatch 'S'(0x53)
A36-TXT-DIAG out="0common.TXT"
[10:46:559] [debug] link finish: 0common.TXT
Load music village1
Displaying level title [display]
Swapping in tit VIS [dumping #f]
[10:46:559] [warn] Failed to find texture at 0, using random (direct: [ 3] sky-direct)
[OVERLORD RAMDISK] loading file tit.VIS with size 16
[10:46:559] [debug] [OVERLORD] LoadISOFileToIOP TIT     VIS, 16/-1 bytes
GAMEPLAY: enter title
[10:46:559] [debug] [OVERLORD] Queue 2 (1/4), LoadSingle
[10:46:559] [debug]   PRI 2 elt 0 LoadSingle @ #x7F510C9DADA0
[10:46:559] [debug] [OVERLORD] FS Open TIT     VIS
[10:46:562] [debug] [OVERLORD] FS_Close TIT     VIS @ 71/48
------------> Load from file: 0.000s, import 0.002s, decomp 0.003s unpack 0.000s
Adding level village1
[10:46:575] [info] FBO Setup: requested 1920x1080, msaa 1
-----------> begin load village1-vis [vi1.DGO]
Starting level load clock
Setting level title display command to special
[10:46:575] [debug] [OVERLORD] Queue 0 (1/4), LoadDGO
[10:46:575] [debug]   PRI 0 elt 0 LoadDGO @ #x9F2AC0
[10:46:575] [debug] [OVERLORD] FS Open VI1     DGO
[10:46:575] [info] [Overlord DGO] Got DGO file header for VI1.DGO with 55 objects
[10:46:578] [info] FBO Setup: not using second temporary buffer
GAMEPLAY: enter title
A36-STR-DIAG rpc name="ndi-intro" chunk=0 ee_addr=0x84000 maxlen=0x3fc00
[10:46:644] [debug] [OVERLORD] LoadISOFileToIOP NDINTRO STR, 512/-1 bytes
[10:46:645] [debug] [OVERLORD] Queue 2 (1/4), LoadSingle
[10:46:645] [debug]   PRI 0 elt 0 LoadDGO @ #x9F2AC0
[10:46:645] [debug]   PRI 2 elt 0 LoadSingle @ #x7F510D8DB8D0
[10:46:645] [debug] [OVERLORD] FS Open NDINTRO STR
[10:46:648] [debug] [OVERLORD] FS_Close NDINTRO STR @ 97/48
[10:46:648] [debug]   PRI 0 elt 0 LoadDGO @ #x9F2AC0
[10:46:648] [debug] [OVERLORD] LoadISOFileChunkToEE NDINTRO STR : 116736 offset 1
[10:46:649] [debug] [OVERLORD] Queue 2 (1/4), LoadSingle
[10:46:649] [debug]   PRI 0 elt 0 LoadDGO @ #x9F2AC0
[10:46:649] [debug]   PRI 2 elt 0 LoadSingle @ #x7F510D8DB8C0
[10:46:649] [debug] [OVERLORD] FS Open NDINTRO STR
[10:46:654] [debug] [OVERLORD] FS_Close NDINTRO STR @ 97/97
[10:46:654] [debug]   PRI 0 elt 0 LoadDGO @ #x9F2AC0
[10:46:661] [debug] link finish: ndi-intro
[10:46:661] [debug] link finish: villagep-obs
[10:46:695] [debug] [OVERLORD] Queue 3 (1/4), QueueVAG
[10:46:695] [debug]   PRI 0 elt 0 LoadDGO @ #x9F2AC0
[10:46:695] [debug]   PRI 3 elt 0 QueueVAG @ #x9F5540
[10:46:695] [debug] [OVERLORD] FS_OpenWad VAGWAD  ENG
[10:46:744] [debug] link finish: oracle
[10:46:828] [debug] link finish: farmer
[10:46:911] [debug] link finish: explorer
A36-STR-DIAG rpc name="ndi-intro" chunk=1 ee_addr=0xc1c00 maxlen=0x3fc00
[10:46:961] [debug] [OVERLORD] LoadISOFileChunkToEE NDINTRO STR : 118784 offset 58
[10:46:961] [debug] [OVERLORD] Queue 2 (1/4), LoadSingle
[10:46:961] [debug]   PRI 0 elt 0 LoadDGO @ #x9F2AC0
[10:46:961] [debug]   PRI 2 elt 0 LoadSingle @ #x7F510D8DB8C0
[10:46:961] [debug]   PRI 3 elt 0 QueueVAG @ #x9F5540
[10:46:961] [debug] [OVERLORD] FS Open NDINTRO STR
[10:46:967] [debug] [OVERLORD] FS_Close NDINTRO STR @ 97/154
[10:46:967] [debug]   PRI 0 elt 0 LoadDGO @ #x9F2AC0
[10:46:967] [debug]   PRI 3 elt 0 QueueVAG @ #x9F5540
[10:46:979] [debug] link finish: ndi-intro
NOTE: coming out of blackout on next frame, doing all loads now...
Blackout loads done. Current status:  title is loaded.
[10:47:011] [debug] link finish: assistant
[10:47:094] [debug] link finish: sage
Setting force-inside?[village1] to #t
[10:47:178] [debug] link finish: yakow
[10:47:261] [debug] link finish: village-obs
[10:47:344] [debug] link finish: fishermans-boat
[10:47:427] [debug] link finish: village1-part
[10:47:511] [debug] link finish: village1-part2
[10:47:594] [debug] link finish: sequence-a-village1
[10:47:661] [debug] link finish: tpage-398
[10:47:677] [debug] link finish: tpage-400
[10:47:694] [debug] link finish: tpage-399
[10:47:711] [debug] link finish: tpage-401
[10:47:727] [debug] link finish: tpage-1470
[10:47:744] [debug] link finish: assistant
[10:47:761] [debug] link finish: evilplant
[10:47:777] [debug] link finish: explorer
[10:47:794] [debug] link finish: farmer
[10:47:811] [debug] link finish: fishermans-boat
[10:47:827] [debug] link finish: hutlamp
[10:47:844] [debug] link finish: mayorgears
[10:47:861] [debug] link finish: medres-beach
[10:47:878] [debug] link finish: medres-beach1
[10:47:894] [debug] link finish: medres-beach2
[10:47:911] [debug] link finish: medres-beach3
[10:47:927] [debug] link finish: medres-jungle
[10:47:944] [debug] link finish: medres-jungle1
[10:47:961] [debug] link finish: medres-jungle2
[10:47:977] [debug] link finish: medres-misty
[10:47:994] [debug] link finish: medres-training
[10:48:011] [debug] link finish: medres-village11
[10:48:027] [debug] link finish: medres-village12
[10:48:044] [debug] link finish: medres-village13
[10:48:061] [debug] link finish: oracle
[10:48:078] [debug] link finish: orb-cache-top
[10:48:094] [debug] link finish: reflector-middle
[10:48:111] [debug] link finish: revcycle
[10:48:127] [debug] link finish: revcycleprop
[10:48:144] [debug] link finish: ropebridge-32
[10:48:161] [debug] link finish: sage
[10:48:177] [debug] link finish: sagesail
[10:48:194] [debug] link finish: sharkey
[10:48:211] [debug] link finish: villa-starfish
[10:48:227] [debug] link finish: village-cam
[10:48:244] [debug] link finish: village1cam
[10:48:261] [debug] link finish: warp-gate-switch
[10:48:277] [debug] link finish: warpgate
[10:48:294] [debug] link finish: water-anim-village1
[10:48:311] [debug] link finish: windmill-sail
[10:48:327] [debug] link finish: windspinner
[10:48:344] [debug] link finish: yakow
[10:48:368] [debug] [OVERLORD] FS_Close VI1     DGO @ 295/5616
[10:48:368] [debug]   PRI 3 elt 0 QueueVAG @ #x9F5540
Elapsed time for level =       1.8166s
NOTICE: loaded village1-vis, 7479408 bytes (7304.1093 K) at top 10713072
[10:48:378] [debug] link finish: village1-vis
------------> Load from file: 0.007s, import 0.028s, decomp 0.059s unpack 0.034s
stage tie took 11.79 ms
Loader::update slow setup: 11.8ms
[10:48:577] [warn] [loader] OpenGL warn 0x1 S8246 T8250: using glBufferSubData(buffer 69, offset 3145728, size 1048576) to update a GL_STATIC_DRAW buffer
[10:48:578] [warn] [loader] OpenGL warn 0x1 S8246 T8250: using glBufferSubData(buffer 69, offset 4194304, size 1048576) to update a GL_STATIC_DRAW buffer
[10:48:578] [warn] [loader] OpenGL warn 0x1 S8246 T8250: using glBufferSubData(buffer 69, offset 5242880, size 1048576) to update a GL_STATIC_DRAW buffer
[10:48:594] [warn] [loader] OpenGL warn 0x1 S8246 T8250: using glBufferSubData(buffer 69, offset 6291456, size 1048576) to update a GL_STATIC_DRAW buffer
[10:48:594] [warn] [loader] OpenGL warn 0x1 S8246 T8250: using glBufferSubData(buffer 69, offset 7340032, size 1048576) to update a GL_STATIC_DRAW buffer
[10:48:595] [warn] [loader] OpenGL warn 0x1 S8246 T8250: using glBufferSubData(buffer 69, offset 8388608, size 1048576) to update a GL_STATIC_DRAW buffer
[10:48:611] [warn] [loader] OpenGL warn 0x1 S8246 T8250: using glBufferSubData(buffer 69, offset 9437184, size 788288) to update a GL_STATIC_DRAW buffer
[10:48:628] [warn] [loader] OpenGL warn 0x1 S8246 T8250: using glBufferSubData(buffer 71, offset 3145728, size 358656) to update a GL_STATIC_DRAW buffer
[10:48:662] [warn] [loader] OpenGL warn 0x1 S8246 T8250: using glBufferSubData(buffer 75, offset 3145728, size 1048576) to update a GL_STATIC_DRAW buffer
[10:48:677] [warn] [loader] OpenGL warn 0x1 S8246 T8250: using glBufferSubData(buffer 75, offset 4194304, size 1048576) to update a GL_STATIC_DRAW buffer
[10:48:678] [warn] [loader] OpenGL warn 0x1 S8246 T8250: using glBufferSubData(buffer 75, offset 5242880, size 1048576) to update a GL_STATIC_DRAW buffer
[10:48:678] [warn] [loader] OpenGL warn 0x1 S8246 T8250: using glBufferSubData(buffer 75, offset 6291456, size 1048576) to update a GL_STATIC_DRAW buffer
[10:48:694] [warn] [loader] OpenGL warn 0x1 S8246 T8250: using glBufferSubData(buffer 75, offset 7340032, size 1048576) to update a GL_STATIC_DRAW buffer
[10:48:694] [warn] [loader] OpenGL warn 0x1 S8246 T8250: using glBufferSubData(buffer 75, offset 8388608, size 1048576) to update a GL_STATIC_DRAW buffer
[10:48:695] [warn] [loader] OpenGL warn 0x1 S8246 T8250: using glBufferSubData(buffer 75, offset 9437184, size 788288) to update a GL_STATIC_DRAW buffer
[10:48:727] [warn] [loader] OpenGL warn 0x1 S8246 T8250: using glBufferSubData(buffer 77, offset 3145728, size 358656) to update a GL_STATIC_DRAW buffer
[10:48:761] [warn] [loader] OpenGL warn 0x1 S8246 T8250: using glBufferSubData(buffer 81, offset 3145728, size 1048576) to update a GL_STATIC_DRAW buffer
[10:48:762] [warn] [loader] OpenGL warn 0x1 S8246 T8250: using glBufferSubData(buffer 81, offset 4194304, size 1048576) to update a GL_STATIC_DRAW buffer
[10:48:777] [warn] [loader] OpenGL warn 0x1 S8246 T8250: using glBufferSubData(buffer 81, offset 5242880, size 1048576) to update a GL_STATIC_DRAW buffer
[10:48:778] [warn] [loader] OpenGL warn 0x1 S8246 T8250: using glBufferSubData(buffer 81, offset 6291456, size 1048576) to update a GL_STATIC_DRAW buffer
[10:48:779] [warn] [loader] OpenGL warn 0x1 S8246 T8250: using glBufferSubData(buffer 81, offset 7340032, size 1048576) to update a GL_STATIC_DRAW buffer
[10:48:794] [warn] [loader] OpenGL warn 0x1 S8246 T8250: using glBufferSubData(buffer 81, offset 8388608, size 955456) to update a GL_STATIC_DRAW buffer
[10:48:845] [warn] [loader] OpenGL warn 0x1 S8246 T8250: using glBufferSubData(buffer 87, offset 3145728, size 73728) to update a GL_STATIC_DRAW buffer
[10:49:828] [warn] [loader] OpenGL warn 0x1 S8246 T8250: using glBufferSubData(buffer 113, offset 3145728, size 1048576) to update a GL_STATIC_DRAW buffer
[10:49:844] [warn] [loader] OpenGL warn 0x1 S8246 T8250: using glBufferSubData(buffer 113, offset 4194304, size 475744) to update a GL_STATIC_DRAW buffer
[10:49:911] [warn] [loader] OpenGL warn 0x1 S8246 T8250: using glBufferSubData(buffer 114, offset 3145728, size 1048576) to update a GL_STATIC_DRAW buffer
[10:49:928] [warn] [loader] OpenGL warn 0x1 S8246 T8250: using glBufferSubData(buffer 114, offset 4194304, size 1048576) to update a GL_STATIC_DRAW buffer
[10:49:944] [warn] [loader] OpenGL warn 0x1 S8246 T8250: using glBufferSubData(buffer 114, offset 5242880, size 1048576) to update a GL_STATIC_DRAW buffer
[10:49:961] [warn] [loader] OpenGL warn 0x1 S8246 T8250: using glBufferSubData(buffer 114, offset 6291456, size 902400) to update a GL_STATIC_DRAW buffer
[10:50:011] [warn] [loader] OpenGL warn 0x1 S8246 T8250: using glBufferSubData(buffer 115, offset 393216, size 14972) to update a GL_STATIC_DRAW buffer
[10:50:224] [debug] [DECI2] Connected!
[DECI2] Got message: 32 0 0xe042 H -> E
A36-STR-DIAG rpc name="ndi-intro" chunk=2 ee_addr=0x84000 maxlen=0x3fc00
[10:50:828] [debug] [OVERLORD] LoadISOFileChunkToEE NDINTRO STR : 104448 offset 116
[10:50:828] [debug] [OVERLORD] Queue 2 (1/4), LoadSingle
[10:50:828] [debug]   PRI 2 elt 0 LoadSingle @ #x7F510D8DB8C0
[10:50:828] [debug]   PRI 3 elt 0 QueueVAG @ #x9F5540
[10:50:828] [debug] [OVERLORD] FS Open NDINTRO STR
[10:50:833] [debug] [OVERLORD] FS_Close NDINTRO STR @ 97/212
[10:50:833] [debug]   PRI 3 elt 0 QueueVAG @ #x9F5540
[10:50:845] [debug] link finish: ndi-intro
A36-STR-DIAG rpc name="ndi-intro" chunk=3 ee_addr=0xc1c00 maxlen=0x3fc00
[10:54:628] [debug] [OVERLORD] LoadISOFileChunkToEE NDINTRO STR : 118784 offset 167
[10:54:628] [debug] [OVERLORD] Queue 2 (1/4), LoadSingle
[10:54:628] [debug]   PRI 2 elt 0 LoadSingle @ #x7F510D8DB8C0
[10:54:628] [debug]   PRI 3 elt 0 QueueVAG @ #x9F5540
[10:54:628] [debug] [OVERLORD] FS Open NDINTRO STR
[10:54:634] [debug] [OVERLORD] FS_Close NDINTRO STR @ 97/263
[10:54:634] [debug]   PRI 3 elt 0 QueueVAG @ #x9F5540
[10:54:647] [debug] link finish: ndi-intro
A36-STR-DIAG rpc name="ndi-intro" chunk=0 ee_addr=0x84000 maxlen=0x3fc00
[10:58:461] [debug] [OVERLORD] LoadISOFileChunkToEE NDINTRO STR : 116736 offset 1
[10:58:462] [debug] [OVERLORD] Queue 2 (1/4), LoadSingle
[10:58:462] [debug]   PRI 2 elt 0 LoadSingle @ #x7F510D8DB8C0
[10:58:462] [debug]   PRI 3 elt 0 QueueVAG @ #x9F5540
[10:58:462] [debug] [OVERLORD] FS Open NDINTRO STR
[10:58:467] [debug] [OVERLORD] FS_Close NDINTRO STR @ 97/97
[10:58:467] [debug]   PRI 3 elt 0 QueueVAG @ #x9F5540
[10:58:478] [debug] link finish: ndi-intro
[11:02:262] [debug] [OVERLORD] FS_Close VAGWAD  ENG @ 280/43285
A36-STR-DIAG rpc name="logo-intro" chunk=0 ee_addr=0xc1c00 maxlen=0x3fc00
Displaying level village1 [display-self]
[11:02:278] [debug] [OVERLORD] LoadISOFileToIOP LOINTRO STR, 512/-1 bytes
[11:02:278] [debug] [OVERLORD] Queue 2 (1/4), LoadSingle
[11:02:278] [debug]   PRI 2 elt 0 LoadSingle @ #x7F510D8DB8D0
[11:02:278] [debug] [OVERLORD] FS Open LOINTRO STR
[11:02:282] [debug] [OVERLORD] FS_Close LOINTRO STR @ 98/48
[11:02:282] [debug] [OVERLORD] LoadISOFileChunkToEE LOINTRO STR : 47104 offset 1
[11:02:282] [debug] [OVERLORD] Queue 2 (1/4), LoadSingle
[11:02:282] [debug]   PRI 2 elt 0 LoadSingle @ #x7F510D8DB8C0
[11:02:282] [debug] [OVERLORD] FS Open LOINTRO STR
[11:02:285] [debug] [OVERLORD] FS_Close LOINTRO STR @ 98/49
[11:02:294] [debug] link finish: logo-intro
Unload soundbank empty1
Swapping in vi1 VIS [dumping tit]
[OVERLORD RAMDISK] loading file vi1.VIS with size 617696
[11:02:294] [debug] [OVERLORD] LoadISOFileToIOP VI1     VIS, 617696/-1 bytes
[11:02:294] [debug] [OVERLORD] Queue 2 (1/4), LoadSingle
[11:02:294] [debug]   PRI 2 elt 0 LoadSingle @ #x7F510C9DADA0
[11:02:294] [debug] [OVERLORD] FS Open VI1     VIS
[11:02:306] [info] TIE setup: 7.4ms
[11:02:310] [debug] [OVERLORD] FS_Close VI1     VIS @ 50/336
Load soundbank village1
[11:02:329] [debug] [OVERLORD] Queue 3 (1/4), QueueVAG
[11:02:329] [debug]   PRI 3 elt 0 QueueVAG @ #x9F5540
[11:02:329] [debug] [OVERLORD] FS_OpenWad VAGWAD  ENG
Turning level village1 off
----------- kill #<level active village1 @ #x4edef4> (status active)
Setting force-inside?[village1] to #t
[11:02:362] [debug] [OVERLORD] FS_Close VAGWAD  ENG @ 280/43093
WARNING: flushing RPC port #5
[11:02:397] [debug] [OVERLORD] Queue 3 (1/4), QueueVAG
[11:02:397] [debug]   PRI 3 elt 0 QueueVAG @ #x9F5540
[11:02:397] [debug] [OVERLORD] FS_OpenWad VAGWAD  ENG
[11:02:399] [debug] [OVERLORD] FS_Close VAGWAD  ENG @ 280/43081
[11:02:399] [debug] [OVERLORD] Queue 3 (1/4), QueueVAG
[11:02:399] [debug]   PRI 3 elt 0 QueueVAG @ #x9F5540
[11:02:399] [debug] [OVERLORD] FS_OpenWad VAGWAD  ENG
A36-STR-DIAG rpc name="logo-intro" chunk=1 ee_addr=0x84000 maxlen=0x3fc00
[11:02:412] [debug] [OVERLORD] LoadISOFileChunkToEE LOINTRO STR : 176128 offset 24
[11:02:412] [debug] [OVERLORD] Queue 2 (1/4), LoadSingle
[11:02:412] [debug]   PRI 2 elt 0 LoadSingle @ #x7F510D8DB8C0
[11:02:412] [debug]   PRI 3 elt 0 QueueVAG @ #x9F5540
[11:02:412] [debug] [OVERLORD] FS Open LOINTRO STR
[11:02:419] [debug] [OVERLORD] FS_Close LOINTRO STR @ 98/144
[11:02:419] [debug]   PRI 3 elt 0 QueueVAG @ #x9F5540
[11:02:429] [debug] link finish: logo-intro
NOTE: coming out of blackout on next frame, doing all loads now...
Blackout loads done. Current status:  village1 is loaded.
  title is loaded.
A36-STR-DIAG rpc name="logo-intro" chunk=2 ee_addr=0xc1c00 maxlen=0x3fc00
[11:04:677] [debug] [OVERLORD] LoadISOFileChunkToEE LOINTRO STR : 53248 offset 110
[11:04:677] [debug] [OVERLORD] Queue 2 (1/4), LoadSingle
[11:04:677] [debug]   PRI 2 elt 0 LoadSingle @ #x7F510D8DB8C0
[11:04:677] [debug]   PRI 3 elt 0 QueueVAG @ #x9F5540
[11:04:677] [debug] [OVERLORD] FS Open LOINTRO STR
[11:04:681] [debug] [OVERLORD] FS_Close LOINTRO STR @ 98/182
[11:04:681] [debug]   PRI 3 elt 0 QueueVAG @ #x9F5540
[11:04:693] [debug] link finish: logo-intro
Displaying level village1 [display-self]
A36-STR-DIAG rpc name="logo-intro-2" chunk=0 ee_addr=0x84000 maxlen=0x3fc00
[11:06:878] [debug] [OVERLORD] LoadISOFileToIOP LOI2    STR, 512/-1 bytes
[11:06:878] [debug] [OVERLORD] Queue 2 (1/4), LoadSingle
[11:06:878] [debug]   PRI 2 elt 0 LoadSingle @ #x7F510D8DB8D0
[11:06:878] [debug]   PRI 3 elt 0 QueueVAG @ #x9F5540
[11:06:878] [debug] [OVERLORD] FS Open LOI2    STR
[11:06:882] [debug] [OVERLORD] FS_Close LOI2    STR @ 100/48
[11:06:882] [debug]   PRI 3 elt 0 QueueVAG @ #x9F5540
[11:06:882] [debug] [OVERLORD] LoadISOFileChunkToEE LOI2    STR : 14336 offset 1
[11:06:882] [debug] [OVERLORD] Queue 2 (1/4), LoadSingle
[11:06:882] [debug]   PRI 2 elt 0 LoadSingle @ #x7F510D8DB8C0
[11:06:882] [debug]   PRI 3 elt 0 QueueVAG @ #x9F5540
[11:06:882] [debug] [OVERLORD] FS Open LOI2    STR
[11:06:886] [debug] [OVERLORD] FS_Close LOI2    STR @ 100/49
[11:06:886] [debug]   PRI 3 elt 0 QueueVAG @ #x9F5540
[11:06:895] [debug] link finish: logo-intro-2
[11:09:095] [debug] [OVERLORD] FS_Close VAGWAD  ENG @ 280/43075
A36-STR-DIAG rpc name="assistant-introduction-blue-eco-switch" chunk=0 ee_addr=0xc1c00 maxlen=0x3fc00
[11:09:112] [debug] [OVERLORD] LoadISOFileToIOP ASIBESWISTR, 512/-1 bytes
[11:09:112] [debug] [OVERLORD] Queue 2 (1/4), LoadSingle
[11:09:112] [debug]   PRI 2 elt 0 LoadSingle @ #x7F510D8DB8D0
[11:09:112] [debug] [OVERLORD] FS Open ASIBESWISTR
[11:09:115] [debug] [OVERLORD] FS_Close ASIBESWISTR @ 133/48
[11:09:115] [debug] [OVERLORD] LoadISOFileChunkToEE ASIBESWISTR : 145408 offset 1
[11:09:116] [debug] [OVERLORD] Queue 2 (1/4), LoadSingle
[11:09:116] [debug]   PRI 2 elt 0 LoadSingle @ #x7F510D8DB8C0
[11:09:116] [debug] [OVERLORD] FS Open ASIBESWISTR
[11:09:121] [debug] [OVERLORD] FS_Close ASIBESWISTR @ 133/97
[11:09:128] [debug] link finish: assistant-introduction-blue-eco-switch
[DECI2] Got message: 294 0 0xe042 H -> E
[11:09:145] [debug] link finish: *listener*
A36-STR-DIAG rpc name="sage-intro-sequence-d1" chunk=0 ee_addr=0x84000 maxlen=0x3fc00
Discarding level title
[11:09:178] [debug] [OVERLORD] LoadISOFileToIOP SAISD1  STR, 512/-1 bytes
----------- kill #<level active title @ #x4ed4c4> (status active)
[11:09:179] [debug] [OVERLORD] Queue 2 (1/4), LoadSingle
[11:09:179] [debug]   PRI 2 elt 0 LoadSingle @ #x7F510D8DB8D0
[11:09:179] [debug] [OVERLORD] FS Open SAISD1  STR
[11:09:182] [debug] [OVERLORD] FS_Close SAISD1  STR @ 139/48
[11:09:182] [debug] [OVERLORD] LoadISOFileChunkToEE SAISD1  STR : 145408 offset 1
[11:09:182] [debug] [OVERLORD] Queue 2 (1/4), LoadSingle
[11:09:182] [debug]   PRI 2 elt 0 LoadSingle @ #x7F510D8DB8C0
[11:09:182] [debug] [OVERLORD] FS Open SAISD1  STR
[11:09:188] [debug] [OVERLORD] FS_Close SAISD1  STR @ 139/97
[11:09:195] [debug] link finish: sage-intro-sequence-d1
A36-STR-DIAG rpc name="assistant-introduction-blue-eco-switch" chunk=0 ee_addr=0xc1c00 maxlen=0x3fc00
Adding level training
[11:09:195] [debug] [OVERLORD] LoadISOFileChunkToEE ASIBESWISTR : 145408 offset 1
-----------> begin load training-vis [tra.DGO]
Starting level load clock
[11:09:195] [debug] [OVERLORD] Queue 2 (1/4), LoadSingle
Setting level village1 display command to special
Setting force-inside?[village1] to #f
[11:09:195] [debug]   PRI 2 elt 0 LoadSingle @ #x7F510D8DB8C0
[11:09:195] [debug] [OVERLORD] FS Open ASIBESWISTR
[11:09:196] [debug] [OVERLORD] Queue 0 (1/4), LoadDGO
[11:09:196] [debug]   PRI 0 elt 0 LoadDGO @ #x9F2AC0
[11:09:196] [debug]   PRI 2 elt 0 LoadSingle @ #x7F510D8DB8C0
[11:09:196] [debug] [OVERLORD] FS Open TRA     DGO
[11:09:196] [debug] [OVERLORD] FS_Close ASIBESWISTR @ 133/97
[11:09:197] [debug]   PRI 0 elt 0 LoadDGO @ #x9F2AC0
[11:09:197] [info] [Overlord DGO] Got DGO file header for TRA.DGO with 19 objects
[11:09:212] [debug] link finish: assistant-introduction-blue-eco-switch
[11:09:280] [debug] link finish: training-obs
[11:09:378] [debug] link finish: training-part
[11:09:444] [debug] link finish: tpage-1309
[11:09:461] [debug] link finish: tpage-1311
[11:09:478] [debug] link finish: tpage-1310
[11:09:494] [debug] link finish: tpage-1308
[11:09:511] [debug] link finish: tpage-775
[11:09:528] [debug] link finish: ecovalve
[11:09:544] [debug] link finish: jng-iris-door
[11:09:561] [debug] link finish: plat-eco
[11:09:578] [debug] link finish: pontoonfive
[11:09:594] [debug] link finish: scarecrow-a
[11:09:611] [debug] link finish: scarecrow-b
[11:09:628] [debug] link finish: sharkey
[11:09:644] [debug] link finish: trainingcam
[11:09:661] [debug] link finish: warp-gate-switch
[11:09:678] [debug] link finish: warpgate
[11:09:694] [debug] link finish: water-anim-training
[11:09:709] [debug] [OVERLORD] FS_Close TRA     DGO @ 307/3360
Elapsed time for level =       0.5166s
NOTICE: loaded training-vis, 4547952 bytes (4441.3593 K) at top 6171312
[11:09:711] [debug] link finish: training-vis
Displaying level training [display]
Unload soundbank empty2
Load soundbank training
Swapping in tra VIS [dumping vi1]
[OVERLORD RAMDISK] loading file tra.VIS with size 215152
[11:09:795] [debug] [OVERLORD] LoadISOFileToIOP TRA     VIS, 215152/-1 bytes
[11:09:795] [debug] [OVERLORD] Queue 2 (1/4), LoadSingle
[11:09:795] [debug]   PRI 2 elt 0 LoadSingle @ #x7F510C9DADA0
[11:09:795] [debug] [OVERLORD] FS Open TRA     VIS
[11:09:802] [debug] [OVERLORD] FS_Close TRA     VIS @ 62/144
------------> Load from file: 0.005s, import 0.025s, decomp 0.044s unpack 0.039s
stage tie took 14.33 ms
Loader::update slow setup: 14.3ms
A36-STR-DIAG rpc name="fuel-cell-victory-7" chunk=0 ee_addr=0xc1c00 maxlen=0x3fc00
[11:09:878] [debug] [OVERLORD] LoadISOFileToIOP FUCV7   STR, 512/-1 bytes
[11:09:878] [debug] [OVERLORD] Queue 2 (1/4), LoadSingle
[11:09:878] [debug]   PRI 2 elt 0 LoadSingle @ #x7F510D8DB8D0
[11:09:878] [debug] [OVERLORD] FS Open FUCV7   STR
[11:09:881] [debug] [OVERLORD] FS_Close FUCV7   STR @ 78/48
[11:09:881] [debug] [OVERLORD] LoadISOFileChunkToEE FUCV7   STR : 145408 offset 1
[11:09:882] [debug] [OVERLORD] Queue 2 (1/4), LoadSingle
[11:09:882] [debug]   PRI 2 elt 0 LoadSingle @ #x7F510D8DB8C0
[11:09:882] [debug] [OVERLORD] FS Open FUCV7   STR
[11:09:887] [debug] [OVERLORD] FS_Close FUCV7   STR @ 78/97
[11:09:894] [warn] [loader] OpenGL warn 0x1 S8246 T8250: using glBufferSubData(buffer 157, offset 3145728, size 1048576) to update a GL_STATIC_DRAW buffer
[11:09:894] [debug] link finish: fuel-cell-victory-7
[11:09:895] [warn] [loader] OpenGL warn 0x1 S8246 T8250: using glBufferSubData(buffer 157, offset 4194304, size 1048576) to update a GL_STATIC_DRAW buffer
[11:09:895] [warn] [loader] OpenGL warn 0x1 S8246 T8250: using glBufferSubData(buffer 157, offset 5242880, size 1048576) to update a GL_STATIC_DRAW buffer
A36-STR-DIAG rpc name="fuel-cell-victory-3" chunk=0 ee_addr=0x84000 maxlen=0x3fc00
[11:09:911] [warn] [loader] OpenGL warn 0x1 S8246 T8250: using glBufferSubData(buffer 157, offset 6291456, size 1048576) to update a GL_STATIC_DRAW buffer
[11:09:911] [debug] [OVERLORD] LoadISOFileToIOP FUCV3   STR, 512/-1 bytes
[11:09:911] [debug] [OVERLORD] Queue 2 (1/4), LoadSingle
[11:09:911] [debug]   PRI 2 elt 0 LoadSingle @ #x7F510D8DB8D0
[11:09:911] [debug] [OVERLORD] FS Open FUCV3   STR
[11:09:911] [warn] [loader] OpenGL warn 0x1 S8246 T8250: using glBufferSubData(buffer 157, offset 7340032, size 1048576) to update a GL_STATIC_DRAW buffer
[11:09:911] [warn] [loader] OpenGL warn 0x1 S8246 T8250: using glBufferSubData(buffer 157, offset 8388608, size 1048576) to update a GL_STATIC_DRAW buffer
[11:09:914] [debug] [OVERLORD] FS_Close FUCV3   STR @ 74/48
[11:09:914] [debug] [OVERLORD] LoadISOFileChunkToEE FUCV3   STR : 167936 offset 1
[11:09:914] [debug] [OVERLORD] Queue 2 (1/4), LoadSingle
[11:09:914] [debug]   PRI 2 elt 0 LoadSingle @ #x7F510D8DB8C0
[11:09:914] [debug] [OVERLORD] FS Open FUCV3   STR
[11:09:921] [debug] [OVERLORD] FS_Close FUCV3   STR @ 74/121
[11:09:927] [warn] [loader] OpenGL warn 0x1 S8246 T8250: using glBufferSubData(buffer 157, offset 9437184, size 1048576) to update a GL_STATIC_DRAW buffer
[11:09:928] [debug] link finish: fuel-cell-victory-3
[11:09:928] [warn] [loader] OpenGL warn 0x1 S8246 T8250: using glBufferSubData(buffer 157, offset 10485760, size 1048576) to update a GL_STATIC_DRAW buffer
[11:09:928] [warn] [loader] OpenGL warn 0x1 S8246 T8250: using glBufferSubData(buffer 157, offset 11534336, size 1048576) to update a GL_STATIC_DRAW buffer
A36-STR-DIAG rpc name="fuel-cell-victory-7" chunk=0 ee_addr=0xc1c00 maxlen=0x3fc00
[11:09:944] [warn] [loader] OpenGL warn 0x1 S8246 T8250: using glBufferSubData(buffer 157, offset 12582912, size 822144) to update a GL_STATIC_DRAW buffer
[11:09:944] [debug] [OVERLORD] LoadISOFileChunkToEE FUCV7   STR : 145408 offset 1
[11:09:944] [debug] [OVERLORD] Queue 2 (1/4), LoadSingle
[11:09:944] [debug]   PRI 2 elt 0 LoadSingle @ #x7F510D8DB8C0
[11:09:944] [debug] [OVERLORD] FS Open FUCV7   STR
[11:09:950] [debug] [OVERLORD] FS_Close FUCV7   STR @ 78/97
[11:09:961] [debug] link finish: fuel-cell-victory-7
[11:09:961] [warn] [loader] OpenGL warn 0x1 S8246 T8250: using glBufferSubData(buffer 161, offset 3145728, size 1048576) to update a GL_STATIC_DRAW buffer
[11:09:962] [warn] [loader] OpenGL warn 0x1 S8246 T8250: using glBufferSubData(buffer 161, offset 4194304, size 1048576) to update a GL_STATIC_DRAW buffer
NOTE: coming out of blackout on next frame, doing all loads now...
[11:09:977] [warn] [loader] OpenGL warn 0x1 S8246 T8250: using glBufferSubData(buffer 161, offset 5242880, size 1048576) to update a GL_STATIC_DRAW buffer
[11:09:978] [warn] [loader] OpenGL warn 0x1 S8246 T8250: using glBufferSubData(buffer 161, offset 6291456, size 1048576) to update a GL_STATIC_DRAW buffer
[11:09:978] [warn] [loader] OpenGL warn 0x1 S8246 T8250: using glBufferSubData(buffer 161, offset 7340032, size 1048576) to update a GL_STATIC_DRAW buffer
[11:09:978] [warn] [loader] OpenGL warn 0x1 S8246 T8250: using glBufferSubData(buffer 161, offset 8388608, size 1048576) to update a GL_STATIC_DRAW buffer
[11:09:978] [warn] [loader] OpenGL warn 0x1 S8246 T8250: using glBufferSubData(buffer 161, offset 9437184, size 1048576) to update a GL_STATIC_DRAW buffer
[11:09:979] [warn] [loader] OpenGL warn 0x1 S8246 T8250: using glBufferSubData(buffer 161, offset 10485760, size 1048576) to update a GL_STATIC_DRAW buffer
[11:09:979] [warn] [loader] OpenGL warn 0x1 S8246 T8250: using glBufferSubData(buffer 161, offset 11534336, size 1048576) to update a GL_STATIC_DRAW buffer
[11:09:979] [warn] [loader] OpenGL warn 0x1 S8246 T8250: using glBufferSubData(buffer 161, offset 12582912, size 822144) to update a GL_STATIC_DRAW buffer
[11:09:980] [warn] [loader] OpenGL warn 0x1 S8246 T8250: using glBufferSubData(buffer 165, offset 3145728, size 1048576) to update a GL_STATIC_DRAW buffer
[11:09:980] [warn] [loader] OpenGL warn 0x1 S8246 T8250: using glBufferSubData(buffer 165, offset 4194304, size 1048576) to update a GL_STATIC_DRAW buffer
[11:09:981] [warn] [loader] OpenGL warn 0x1 S8246 T8250: using glBufferSubData(buffer 165, offset 5242880, size 1048576) to update a GL_STATIC_DRAW buffer
[11:09:981] [warn] [loader] OpenGL warn 0x1 S8246 T8250: using glBufferSubData(buffer 165, offset 6291456, size 1048576) to update a GL_STATIC_DRAW buffer
[11:09:981] [warn] [loader] OpenGL warn 0x1 S8246 T8250: using glBufferSubData(buffer 165, offset 7340032, size 1048576) to update a GL_STATIC_DRAW buffer
[11:09:981] [warn] [loader] OpenGL warn 0x1 S8246 T8250: using glBufferSubData(buffer 165, offset 8388608, size 1048576) to update a GL_STATIC_DRAW buffer
[11:09:982] [warn] [loader] OpenGL warn 0x1 S8246 T8250: using glBufferSubData(buffer 165, offset 9437184, size 1048576) to update a GL_STATIC_DRAW buffer
[11:09:982] [warn] [loader] OpenGL warn 0x1 S8246 T8250: using glBufferSubData(buffer 165, offset 10485760, size 1028480) to update a GL_STATIC_DRAW buffer
[11:09:982] [warn] [loader] OpenGL warn 0x1 S8246 T8250: using glBufferSubData(buffer 169, offset 3145728, size 985088) to update a GL_STATIC_DRAW buffer
[11:10:012] [warn] [loader] OpenGL warn 0x1 S8246 T8250: using glBufferSubData(buffer 180, offset 3145728, size 1048576) to update a GL_STATIC_DRAW buffer
[11:10:012] [warn] [loader] OpenGL warn 0x1 S8246 T8250: using glBufferSubData(buffer 180, offset 4194304, size 1048576) to update a GL_STATIC_DRAW buffer
[11:10:012] [warn] [loader] OpenGL warn 0x1 S8246 T8250: using glBufferSubData(buffer 180, offset 5242880, size 668416) to update a GL_STATIC_DRAW buffer
Blackout loads done. Current status:  village1 is loaded.
  training is loaded.
  title is loaded.
[11:10:026] [info] TIE setup: 7.5ms
------------------------- PC unloading title
[11:10:029] [debug] [OVERLORD] Queue 3 (1/4), QueueVAG
[11:10:029] [debug]   PRI 3 elt 0 QueueVAG @ #x9F5540
[11:10:029] [debug] [OVERLORD] FS_OpenWad VAGWAD  ENG
Kernel dispatch time: 51.813 ms
[DECI2] Got message: 201 0 0xe042 H -> E
[11:21:146] [debug] link finish: *listener*
[DECI2] Got message: 201 0 0xe042 H -> E
[11:21:180] [debug] link finish: *listener*
[DECI2] Got message: 201 0 0xe042 H -> E
[11:21:213] [debug] link finish: *listener*
[DECI2] Got message: 171 0 0xe042 H -> E
[11:21:248] [debug] link finish: *listener*
[dyn-rs] state avg-fps=60.0 scale=100% target=30 floor=40 locked=#f
[DECI2] Got message: 345 0 0xe042 H -> E
[11:22:147] [debug] link finish: *listener*
GDFIX-MARK P0 recreate STUCK-AT-FLOOR: heavy flat 15fps (sim-a 15, sim-b 0) -> descend to floor 40 (load-following, stays UNLOCKED)
[DECI2] Got message: 192 0 0xe042 H -> E
[11:22:446] [debug] link finish: *listener*
[DECI2] Got message: 192 0 0xe042 H -> E
[11:22:479] [debug] link finish: *listener*
[dyn-rs] LOWER to 90% (avg fps 28.8 < tgt 30) locked=#f
[11:22:529] [info] FBO Setup: requested 1728x972, msaa 1
[11:22:535] [info] FBO Setup: not using second temporary buffer
[dyn-rs] LOWER to 80% (avg fps 15.0 < tgt 30) locked=#f
[11:23:028] [info] FBO Setup: requested 1536x864, msaa 1
[11:23:032] [info] FBO Setup: not using second temporary buffer
[dyn-rs] state avg-fps=15.0 scale=80% target=30 floor=40 locked=#f
[dyn-rs] LOWER to 70% (avg fps 15.0 < tgt 30) locked=#f
[11:23:529] [info] FBO Setup: requested 1344x756, msaa 1
[11:23:532] [info] FBO Setup: not using second temporary buffer
[dyn-rs] LOWER to 60% (avg fps 15.0 < tgt 30) locked=#f
[11:24:029] [info] FBO Setup: requested 1152x648, msaa 1
[11:24:030] [info] FBO Setup: not using second temporary buffer
[dyn-rs] LOWER to 50% (avg fps 15.0 < tgt 30) locked=#f
[11:24:529] [info] FBO Setup: requested 960x540, msaa 1
[11:24:529] [info] FBO Setup: not using second temporary buffer
[dyn-rs] LOWER to 40% (avg fps 15.0 < tgt 30) locked=#f
[11:25:029] [info] FBO Setup: requested 768x432, msaa 1
[11:25:029] [info] FBO Setup: not using second temporary buffer
[dyn-rs] state avg-fps=15.0 scale=40% target=30 floor=40 locked=#f
[dyn-rs] state avg-fps=15.0 scale=40% target=30 floor=40 locked=#f
[dyn-rs] state avg-fps=15.0 scale=40% target=30 floor=40 locked=#f
[dyn-rs] state avg-fps=15.0 scale=40% target=30 floor=40 locked=#f
[DECI2] Got message: 349 0 0xe042 H -> E
[11:31:447] [debug] link finish: *listener*
GDFIX-MARK P1 CLIMB+LOCK (bug#2): curve 56-0.4*scale -> at 40 fps=40 headroom -> climb 40->60, probe 70 fails (28<30), back to 60, LOCK
[DECI2] Got message: 192 0 0xe042 H -> E
[11:31:763] [debug] link finish: *listener*
[DECI2] Got message: 192 0 0xe042 H -> E
[dyn-rs] RAISE to 50% (avg fps 32.9 > tgt 30, headroom -- probing up)
[11:31:796] [debug] link finish: *listener*
[11:31:813] [info] FBO Setup: requested 960x540, msaa 1
[11:31:814] [info] FBO Setup: not using second temporary buffer
[dyn-rs] RAISE to 60% (avg fps 35.9 > tgt 30, headroom -- probing up)
[11:32:813] [info] FBO Setup: requested 1152x648, msaa 1
[11:32:814] [info] FBO Setup: not using second temporary buffer
[dyn-rs] state avg-fps=32.0 scale=60% target=30 floor=40 locked=#f
[dyn-rs] RAISE to 70% (avg fps 32.0 > tgt 30, headroom -- probing up)
[11:33:813] [info] FBO Setup: requested 1344x756, msaa 1
[11:33:814] [info] FBO Setup: not using second temporary buffer
[dyn-rs] LOWER to 60% (avg fps 28.0 < tgt 30) locked=#t
[11:34:313] [info] FBO Setup: requested 1152x648, msaa 1
[11:34:313] [info] FBO Setup: not using second temporary buffer
[dyn-rs] state avg-fps=31.9 scale=60% target=30 floor=40 locked=#t
[dyn-rs] LOCK at 60% (holding avg fps 31.9 >= tgt 30); no re-probe until avg >= 36.9
[dyn-rs] state avg-fps=31.9 scale=60% target=30 floor=40 locked=#t
[dyn-rs] state avg-fps=31.9 scale=60% target=30 floor=40 locked=#t
[dyn-rs] state avg-fps=31.9 scale=60% target=30 floor=40 locked=#t
A36-STR-DIAG rpc name="eichar-ambient-3" chunk=0 ee_addr=0xc1c00 maxlen=0x3fc00
[11:42:246] [debug] [OVERLORD] LoadISOFileToIOP EIA3    STR, 512/-1 bytes
[11:42:246] [debug] [OVERLORD] Queue 2 (1/4), LoadSingle
[11:42:246] [debug]   PRI 2 elt 0 LoadSingle @ #x7F510D8DB8D0
[11:42:246] [debug]   PRI 3 elt 0 QueueVAG @ #x9F5540
[11:42:246] [debug] [OVERLORD] FS Open EIA3    STR
[11:42:253] [debug] [OVERLORD] FS_Close EIA3    STR @ 84/48
[11:42:253] [debug]   PRI 3 elt 0 QueueVAG @ #x9F5540
[11:42:253] [debug] [OVERLORD] LoadISOFileChunkToEE EIA3    STR : 43008 offset 1
[11:42:254] [debug] [OVERLORD] Queue 2 (1/4), LoadSingle
[11:42:254] [debug]   PRI 2 elt 0 LoadSingle @ #x7F510D8DB8C0
[11:42:254] [debug]   PRI 3 elt 0 QueueVAG @ #x9F5540
[11:42:254] [debug] [OVERLORD] FS Open EIA3    STR
[11:42:257] [debug] [OVERLORD] FS_Close EIA3    STR @ 84/49
[11:42:257] [debug]   PRI 3 elt 0 QueueVAG @ #x9F5540
[11:42:262] [debug] link finish: eichar-ambient-3
A36-STR-DIAG rpc name="fuel-cell-victory-3" chunk=0 ee_addr=0x84000 maxlen=0x3fc00
[11:42:263] [debug] [OVERLORD] LoadISOFileChunkToEE FUCV3   STR : 167936 offset 1
[11:42:263] [debug] [OVERLORD] Queue 2 (1/4), LoadSingle
[11:42:263] [debug]   PRI 2 elt 0 LoadSingle @ #x7F510D8DB8C0
[11:42:263] [debug]   PRI 3 elt 0 QueueVAG @ #x9F5540
[11:42:263] [debug] [OVERLORD] FS Open FUCV3   STR
[11:42:270] [debug] [OVERLORD] FS_Close FUCV3   STR @ 74/121
[11:42:270] [debug]   PRI 3 elt 0 QueueVAG @ #x9F5540
[11:42:279] [debug] link finish: fuel-cell-victory-3
[11:42:279] [debug] [OVERLORD] FS_Close VAGWAD  ENG @ 280/20529
[11:42:279] [debug] [OVERLORD] Queue 3 (1/4), PlayVag
[11:42:279] [debug]   PRI 3 elt 0 PlayVag @ #x9F5540
[dyn-rs] state avg-fps=31.9 scale=60% target=30 floor=40 locked=#t
A36-STR-DIAG rpc name="fuel-cell-victory-7" chunk=0 ee_addr=0xc1c00 maxlen=0x3fc00
[11:44:996] [debug] [OVERLORD] LoadISOFileChunkToEE FUCV7   STR : 145408 offset 1
[11:44:996] [debug] [OVERLORD] Queue 2 (1/4), LoadSingle
[11:44:996] [debug]   PRI 2 elt 0 LoadSingle @ #x7F510D8DB8C0
[11:44:996] [debug] [OVERLORD] FS Open FUCV7   STR
[11:44:998] [debug] [OVERLORD] Queue 3 (1/4), QueueVAG
[11:44:998] [debug]   PRI 2 elt 0 LoadSingle @ #x7F510D8DB8C0
[11:44:998] [debug]   PRI 3 elt 0 QueueVAG @ #x9F5540
[11:44:998] [debug] [OVERLORD] FS_OpenWad VAGWAD  ENG
[11:45:005] [debug] [OVERLORD] FS_Close FUCV7   STR @ 78/97
[11:45:005] [debug]   PRI 3 elt 0 QueueVAG @ #x9F5540
[11:45:013] [debug] link finish: fuel-cell-victory-7
[dyn-rs] state avg-fps=31.9 scale=60% target=30 floor=40 locked=#t
[dyn-rs] state avg-fps=31.9 scale=60% target=30 floor=40 locked=#t
[DECI2] Got message: 322 0 0xe042 H -> E
[11:47:763] [debug] link finish: *listener*
GDFIX-MARK P2 STAY-LOCKED: same curve -> HOLD at 60 (one step below the first scale <target); no oscillation
[dyn-rs] state avg-fps=31.9 scale=60% target=30 floor=40 locked=#t
[dyn-rs] state avg-fps=31.9 scale=60% target=30 floor=40 locked=#t
[dyn-rs] state avg-fps=31.9 scale=60% target=30 floor=40 locked=#t
[dyn-rs] state avg-fps=31.9 scale=60% target=30 floor=40 locked=#t
[DECI2] Got message: 336 0 0xe042 H -> E
[11:57:064] [debug] link finish: *listener*
GDFIX-MARK P3 UNLOCK on lighter scene: curve 68-0.4*scale -> 60 now gives 44 (>= lock+5) -> unlock -> re-climb to 90, LOCK
[dyn-rs] state avg-fps=31.9 scale=60% target=30 floor=40 locked=#t
[DECI2] Got message: 192 0 0xe042 H -> E
[11:57:364] [debug] link finish: *listener*
[DECI2] Got message: 192 0 0xe042 H -> E
[11:57:397] [debug] link finish: *listener*
[dyn-rs] UNLOCK (avg fps 43.9 >= lock+5 36.9, scene lighter -> re-probe up)
[dyn-rs] RAISE to 70% (avg fps 43.9 > tgt 30, headroom -- probing up)
[11:58:913] [info] FBO Setup: requested 1344x756, msaa 1
[11:58:916] [info] FBO Setup: not using second temporary buffer
[dyn-rs] state avg-fps=40.0 scale=70% target=30 floor=40 locked=#f
[dyn-rs] RAISE to 80% (avg fps 40.0 > tgt 30, headroom -- probing up)
[11:59:913] [info] FBO Setup: requested 1536x864, msaa 1
[11:59:917] [info] FBO Setup: not using second temporary buffer
[dyn-rs] RAISE to 90% (avg fps 36.0 > tgt 30, headroom -- probing up)
[12:00:913] [info] FBO Setup: requested 1728x972, msaa 1
[12:00:917] [info] FBO Setup: not using second temporary buffer
[dyn-rs] state avg-fps=32.0 scale=90% target=30 floor=40 locked=#f
ERROR: sp-launch-particles called during processing, and queue is full
ERROR: sp-launch-particles called during processing, and queue is full
ERROR: sp-launch-particles called during processing, and queue is full
ERROR: sp-launch-particles called during processing, and queue is full
[dyn-rs] RAISE to 100% (avg fps 32.0 > tgt 30, headroom -- probing up)
[12:01:896] [info] FBO Setup: requested 1920x1080, msaa 1
[12:01:902] [info] FBO Setup: not using second temporary buffer
[dyn-rs] LOWER to 90% (avg fps 28.0 < tgt 30) locked=#t
[12:02:396] [info] FBO Setup: requested 1728x972, msaa 1
[12:02:397] [info] FBO Setup: not using second temporary buffer
[dyn-rs] state avg-fps=31.9 scale=90% target=30 floor=40 locked=#t
[dyn-rs] LOCK at 90% (holding avg fps 31.9 >= tgt 30); no re-probe until avg >= 36.9
[dyn-rs] state avg-fps=31.9 scale=90% target=30 floor=40 locked=#t
[dyn-rs] state avg-fps=31.9 scale=90% target=30 floor=40 locked=#t
[dyn-rs] state avg-fps=31.9 scale=90% target=30 floor=40 locked=#t
[dyn-rs] state avg-fps=31.9 scale=90% target=30 floor=40 locked=#t
[dyn-rs] state avg-fps=31.9 scale=90% target=30 floor=40 locked=#t
A36-STR-DIAG rpc name="eichar-ambient-3" chunk=0 ee_addr=0xc1c00 maxlen=0x3fc00
[12:14:947] [debug] [OVERLORD] LoadISOFileChunkToEE EIA3    STR : 43008 offset 1
[12:14:947] [debug] [OVERLORD] Queue 2 (1/4), LoadSingle
[12:14:947] [debug]   PRI 2 elt 0 LoadSingle @ #x7F510D8DB8C0
[12:14:947] [debug]   PRI 3 elt 0 QueueVAG @ #x9F5540
[12:14:947] [debug] [OVERLORD] FS Open EIA3    STR
[12:14:950] [debug] [OVERLORD] FS_Close EIA3    STR @ 84/49
[12:14:950] [debug]   PRI 3 elt 0 QueueVAG @ #x9F5540
[12:14:964] [debug] link finish: eichar-ambient-3
A36-STR-DIAG rpc name="fuel-cell-victory-3" chunk=0 ee_addr=0x84000 maxlen=0x3fc00
[12:14:964] [debug] [OVERLORD] LoadISOFileChunkToEE FUCV3   STR : 167936 offset 1
[12:14:964] [debug] [OVERLORD] Queue 2 (1/4), LoadSingle
[12:14:964] [debug]   PRI 2 elt 0 LoadSingle @ #x7F510D8DB8C0
[12:14:964] [debug]   PRI 3 elt 0 QueueVAG @ #x9F5540
[12:14:964] [debug] [OVERLORD] FS Open FUCV3   STR
[12:14:971] [debug] [OVERLORD] FS_Close FUCV3   STR @ 74/121
[12:14:971] [debug]   PRI 3 elt 0 QueueVAG @ #x9F5540
[12:14:980] [debug] link finish: fuel-cell-victory-3
[12:14:980] [debug] [OVERLORD] FS_Close VAGWAD  ENG @ 280/20529
[12:14:980] [debug] [OVERLORD] Queue 3 (1/4), PlayVag
[12:14:980] [debug]   PRI 3 elt 0 PlayVag @ #x9F5540
[dyn-rs] state avg-fps=31.9 scale=90% target=30 floor=40 locked=#t
[dyn-rs] state avg-fps=31.9 scale=90% target=30 floor=40 locked=#t
[DECI2] Got message: 340 0 0xe042 H -> E
[12:17:364] [debug] link finish: *listener*
GDFIX-MARK P4 RE-CLAMP (bug#1): floor->10, heavy flat 15 -> descend to 10, then raise Min-Render-Scale 10->60 -> snap up to 60
[DECI2] Got message: 201 0 0xe042 H -> E
[12:17:664] [debug] link finish: *listener*
[dyn-rs] RE-CLAMP: setting changed -> floor=10% target=30, scale re-clamped to 90%
[DECI2] Got message: 192 0 0xe042 H -> E
A36-STR-DIAG rpc name="fuel-cell-victory-7" chunk=0 ee_addr=0xc1c00 maxlen=0x3fc00
[12:17:698] [debug] [OVERLORD] LoadISOFileChunkToEE FUCV7   STR : 145408 offset 1
[12:17:698] [debug] [OVERLORD] Queue 2 (1/4), LoadSingle
[12:17:698] [debug]   PRI 2 elt 0 LoadSingle @ #x7F510D8DB8C0
[12:17:698] [debug] [OVERLORD] FS Open FUCV7   STR
[12:17:698] [debug] link finish: *listener*
[12:17:703] [debug] [OVERLORD] FS_Close FUCV7   STR @ 78/97
[12:17:714] [debug] link finish: fuel-cell-victory-7
[DECI2] Got message: 192 0 0xe042 H -> E
[12:17:731] [debug] link finish: *listener*
[12:17:748] [debug] [OVERLORD] Queue 3 (1/4), QueueVAG
[12:17:748] [debug]   PRI 3 elt 0 QueueVAG @ #x9F5540
[12:17:748] [debug] [OVERLORD] FS_OpenWad VAGWAD  ENG
[dyn-rs] LOWER to 80% (avg fps 15.0 < tgt 30) locked=#f
[12:18:197] [info] FBO Setup: requested 1536x864, msaa 1
[12:18:204] [info] FBO Setup: not using second temporary buffer
[dyn-rs] LOWER to 70% (avg fps 15.0 < tgt 30) locked=#f
[12:18:697] [info] FBO Setup: requested 1344x756, msaa 1
[12:18:702] [info] FBO Setup: not using second temporary buffer
[dyn-rs] LOWER to 60% (avg fps 15.0 < tgt 30) locked=#f
[12:19:197] [info] FBO Setup: requested 1152x648, msaa 1
[12:19:199] [info] FBO Setup: not using second temporary buffer
[dyn-rs] state avg-fps=15.0 scale=60% target=30 floor=10 locked=#f
[dyn-rs] LOWER to 50% (avg fps 15.0 < tgt 30) locked=#f
[12:19:699] [info] FBO Setup: requested 960x540, msaa 1
[12:19:699] [info] FBO Setup: not using second temporary buffer
[dyn-rs] LOWER to 40% (avg fps 15.0 < tgt 30) locked=#f
[12:20:197] [info] FBO Setup: requested 768x432, msaa 1
[12:20:198] [info] FBO Setup: not using second temporary buffer
[dyn-rs] LOWER to 30% (avg fps 15.0 < tgt 30) locked=#f
[12:20:697] [info] FBO Setup: requested 576x324, msaa 1
[12:20:697] [info] FBO Setup: not using second temporary buffer
[dyn-rs] LOWER to 20% (avg fps 15.0 < tgt 30) locked=#f
[12:21:197] [info] FBO Setup: requested 384x216, msaa 1
[12:21:198] [info] FBO Setup: not using second temporary buffer
[dyn-rs] state avg-fps=15.0 scale=20% target=30 floor=10 locked=#f
[dyn-rs] LOWER to 10% (avg fps 15.0 < tgt 30) locked=#f
[12:21:697] [info] FBO Setup: requested 192x108, msaa 1
[12:21:698] [info] FBO Setup: not using second temporary buffer
[dyn-rs] state avg-fps=15.0 scale=10% target=30 floor=10 locked=#f
[dyn-rs] state avg-fps=15.0 scale=10% target=30 floor=10 locked=#f
[DECI2] Got message: 201 0 0xe042 H -> E
[12:26:664] [debug] link finish: *listener*
[dyn-rs] RE-CLAMP: setting changed -> floor=60% target=30, scale re-clamped to 60%
[12:26:697] [info] FBO Setup: requested 1152x648, msaa 1
[12:26:700] [info] FBO Setup: not using second temporary buffer
[dyn-rs] state avg-fps=15.0 scale=60% target=30 floor=60 locked=#f
[dyn-rs] state avg-fps=15.0 scale=60% target=30 floor=60 locked=#f
[DECI2] Got message: 342 0 0xe042 H -> E
[12:30:664] [debug] link finish: *listener*
GDFIX-MARK P5 OFF=manual: disarm sim, disable dynamic, manual render-scale 55 -> effective scale == 55 (FBO becomes 55% of base)
[DECI2] Got message: 192 0 0xe042 H -> E
[12:30:964] [debug] link finish: *listener*
[DECI2] Got message: 192 0 0xe042 H -> E
[dyn-rs] RAISE to 70% (avg fps 34.2 > tgt 30, headroom -- probing up)
[12:30:998] [debug] link finish: *listener*
[12:31:014] [info] FBO Setup: requested 1344x756, msaa 1
[DECI2] Got message: 169 0 0xe042 H -> E
[12:31:018] [info] FBO Setup: not using second temporary buffer
[12:31:031] [debug] link finish: *listener*
[DECI2] Got message: 201 0 0xe042 H -> E
[12:31:064] [info] FBO Setup: requested 1920x1080, msaa 1
[12:31:065] [debug] link finish: *listener*
[12:31:070] [info] FBO Setup: not using second temporary buffer
[12:31:097] [info] FBO Setup: requested 1056x594, msaa 1
[12:31:098] [info] FBO Setup: not using second temporary buffer
