[0/2] Re-checking globbed directories...
[1/2] Re-running CMake...
-- Statically Link? OFF
-- GOALC backend: x86
-- GCC detected - Setting Defaults
-- curl version=[8.3.0-DEV]
-- Picky compiler options: -W -Wall -pedantic -Wbad-function-cast -Wconversion -Winline -Wmissing-declarations -Wmissing-prototypes -Wnested-externs -Wno-long-long -Wno-multichar -Wpointer-arith -Wshadow -Wsign-compare -Wundef -Wunused -Wwrite-strings -Wcast-align -Wdeclaration-after-statement -Wempty-body -Wendif-labels -Wfloat-equal -Wignored-qualifiers -Wno-format-nonliteral -Wno-sign-conversion -Wno-system-headers -Wstrict-prototypes -Wtype-limits -Wvla -Wmissing-parameter-type -Wold-style-declaration -Wstrict-aliasing=3 -Wformat=2 -Warray-bounds=2 -ftree-vrp -Wduplicated-cond -Wnull-dereference -fdelete-null-pointer-checks -Wshift-negative-value -Wshift-overflow=2 -Walloc-zero -Wduplicated-branches -Wformat-overflow=2 -Wformat-truncation=1 -Wrestrict -Warith-conversion -Wdouble-promotion -Wenum-conversion -Wunused-const-variable
-- Enabled features: SSL IPv6 unixsockets AsynchDNS Largefile alt-svc HSTS NTLM HTTPS-proxy threadsafe PSL
-- Enabled protocols: DICT FILE FTP FTPS GOPHER GOPHERS HTTP HTTPS IMAP IMAPS MQTT POP3 POP3S RTSP SMB SMBS SMTP SMTPS TELNET TFTP
-- Enabled SSL backends: OpenSSL
CMake Deprecation Warning at third-party/replxx/CMakeLists.txt:1 (cmake_minimum_required):
  Compatibility with CMake < 3.10 will be removed from a future version of
  CMake.

  Update the VERSION argument <min> value.  Or, use the <min>...<max> syntax
  to tell CMake that the project requires at least <min> but has been updated
  to work with policies introduced by <max> or earlier.


-- {fmt} version: 11.1.4
-- Build type: Release
-- write_revision_h(): /home/emeric/code/jak-project
-- Git found, using it to get revision info
-- Dynamically Linking SDL
-- dynamic libX11 -> libX11.so.6
-- dynamic libXext -> libXext.so.6
-- dynamic libXcursor -> libXcursor.so.1
-- dynamic libXi -> libXi.so.6
-- dynamic libXfixes -> libXfixes.so.3
-- dynamic libXrandr -> libXrandr.so.2
-- dynamic libXrender -> libXrender.so.1
-- dynamic libXtst -> libXtst.so.6
-- Checking for module 'fribidi'
--   Found fribidi, version 1.0.16
-- dynamic libfribidi -> libfribidi.so.0
-- Checking for module 'libthai'
--   Found libthai, version 0.1.29
-- dynamic libthai -> libthai.so.0
-- Checking for module 'libdrm'
--   Found libdrm, version 2.4.133
-- Checking for module 'gbm'
--   Package 'gbm' not found
-- Checking for modules 'wayland-client>=1.18;wayland-egl;wayland-cursor;egl;xkbcommon>=0.5.0'
--   Found wayland-client, version 1.24.0
--   Found wayland-egl, version 18.1.0
--   Found wayland-cursor, version 1.24.0
--   Found egl, version 1.5
--   Found xkbcommon, version 1.11.0
-- dynamic libwayland-client -> libwayland-client.so.0
-- dynamic libwayland-egl -> libwayland-egl.so.1
-- dynamic libwayland-cursor -> libwayland-cursor.so.0
-- dynamic libxkbcommon -> libxkbcommon.so.0
-- Checking for module 'libdecor-0'
--   Package 'libdecor-0' not found
-- dynamic libudev -> libudev.so.1
-- Checking for one of the modules 'ibus-1.0;ibus'
-- Checking for one of the modules 'liburing-ffi'
-- Checking for modules 'libunwind;libunwind-generic'
--   Package 'libunwind' not found
--   Package 'libunwind-generic' not found
-- Checking for module 'libusb-1.0>=1.0.16'
--   Package 'libusb-1.0' not found
-- Could NOT find LibUSB (missing: LibUSB_LIBRARY LibUSB_INCLUDE_PATH) (found version "LibUSB_VERSION-NOTFOUND")
-- 
-- SDL3 was configured with the following options:
-- 
-- Platform: Linux-6.19.8-200.fc43.x86_64
-- 64-bit:   TRUE
-- Compiler: /usr/bin/cc
-- Revision: SDL-3.4.4-harness-pre-reset-2026-09-03-159-gc48cf08517
-- Vendor:   
-- 
-- Subsystems:
--   Audio:    OFF
--   Video:    ON
--   GPU:      ON
--   Render:   OFF
--   Camera:   OFF
--   Joystick: ON
--   Haptic:   ON
--   Hidapi:   ON
--   Power:    OFF
--   Sensor:   OFF
--   Dialog:   ON
--   Tray:     ON
-- 
-- Options:
--   SDL_ALSA                    (Wanted: OFF): OFF
--   SDL_ALSA_SHARED             (Wanted: OFF): OFF
--   SDL_ALTIVEC                 (Wanted: OFF): OFF
--   SDL_ARMNEON                 (Wanted: OFF): OFF
--   SDL_ASAN                    (Wanted: OFF): OFF
--   SDL_ASSEMBLY                (Wanted: ON): ON
--   SDL_ASSERTIONS              (Wanted: auto): auto
--   SDL_AVX                     (Wanted: ON): ON
--   SDL_AVX2                    (Wanted: ON): ON
--   SDL_AVX512F                 (Wanted: ON): ON
--   SDL_BACKGROUNDING_SIGNAL    (Wanted: OFF): OFF
--   SDL_CCACHE                  (Wanted: OFF): OFF
--   SDL_CLANG_TIDY              (Wanted: OFF): OFF
--   SDL_CLOCK_GETTIME           (Wanted: ON): ON
--   SDL_COCOA                   (Wanted: OFF): OFF
--   SDL_DBUS                    (Wanted: ON): ON
--   SDL_DEPS_SHARED             (Wanted: ON): OFF
--   SDL_DIRECTX                 (Wanted: OFF): OFF
--   SDL_DISKAUDIO               (Wanted: OFF): OFF
--   SDL_DLOPEN_NOTES            (Wanted: ON): ON
--   SDL_DUMMYAUDIO              (Wanted: OFF): OFF
--   SDL_DUMMYCAMERA             (Wanted: OFF): OFF
--   SDL_DUMMYVIDEO              (Wanted: ON): ON
--   SDL_EXAMPLES                (Wanted: OFF): OFF
--   SDL_EXAMPLES_LINK_SHARED    (Wanted: ON): OFF
--   SDL_FOREGROUNDING_SIGNAL    (Wanted: OFF): OFF
--   SDL_FRIBIDI                 (Wanted: ON): ON
--   SDL_FRIBIDI_SHARED          (Wanted: ON): ON
--   SDL_GCC_ATOMICS             (Wanted: ON): ON
--   SDL_HIDAPI                  (Wanted: ON): ON
--   SDL_HIDAPI_JOYSTICK         (Wanted: ON): ON
--   SDL_HIDAPI_LIBUSB           (Wanted: ON): OFF
--   SDL_HIDAPI_LIBUSB_SHARED    (Wanted: ON): OFF
--   SDL_IBUS                    (Wanted: ON): OFF
--   SDL_INSTALL                 (Wanted: OFF): OFF
--   SDL_INSTALL_TESTS           (Wanted: OFF): OFF
--   SDL_JACK                    (Wanted: OFF): OFF
--   SDL_JACK_SHARED             (Wanted: OFF): OFF
--   SDL_KMSDRM                  (Wanted: ON): OFF
--   SDL_KMSDRM_SHARED           (Wanted: ON): OFF
--   SDL_LASX                    (Wanted: OFF): OFF
--   SDL_LIBC                    (Wanted: ON): ON
--   SDL_LIBICONV                (Wanted: OFF): OFF
--   SDL_LIBTHAI                 (Wanted: ON): ON
--   SDL_LIBTHAI_SHARED          (Wanted: ON): ON
--   SDL_LIBUDEV                 (Wanted: ON): ON
--   SDL_LIBURING                (Wanted: ON): OFF
--   SDL_LSX                     (Wanted: OFF): OFF
--   SDL_METAL                   (Wanted: OFF): OFF
--   SDL_MMX                     (Wanted: ON): ON
--   SDL_OFFSCREEN               (Wanted: ON): ON
--   SDL_OPENGL                  (Wanted: ON): ON
--   SDL_OPENGLES                (Wanted: ON): ON
--   SDL_OPENVR                  (Wanted: OFF): OFF
--   SDL_OSS                     (Wanted: OFF): OFF
--   SDL_PIPEWIRE                (Wanted: ON): OFF
--   SDL_PIPEWIRE_SHARED         (Wanted: ON): OFF
--   SDL_PTHREADS                (Wanted: ON): ON
--   SDL_PTHREADS_SEM            (Wanted: ON): ON
--   SDL_PULSEAUDIO              (Wanted: OFF): OFF
--   SDL_PULSEAUDIO_SHARED       (Wanted: OFF): OFF
--   SDL_RENDER_D3D              (Wanted: OFF): OFF
--   SDL_RENDER_D3D11            (Wanted: OFF): OFF
--   SDL_RENDER_D3D12            (Wanted: OFF): OFF
--   SDL_RENDER_GPU              (Wanted: OFF): OFF
--   SDL_RENDER_METAL            (Wanted: OFF): OFF
--   SDL_RENDER_VULKAN           (Wanted: OFF): OFF
--   SDL_ROCKCHIP                (Wanted: OFF): OFF
--   SDL_RPATH                   (Wanted: ON): ON
--   SDL_RPI                     (Wanted: OFF): OFF
--   SDL_SNDIO                   (Wanted: OFF): OFF
--   SDL_SNDIO_SHARED            (Wanted: OFF): OFF
--   SDL_SSE                     (Wanted: ON): ON
--   SDL_SSE2                    (Wanted: ON): ON
--   SDL_SSE3                    (Wanted: ON): ON
--   SDL_SSE4_1                  (Wanted: ON): ON
--   SDL_SSE4_2                  (Wanted: ON): ON
--   SDL_SYSTEM_ICONV            (Wanted: ON): ON
--   SDL_TESTS                   (Wanted: OFF): OFF
--   SDL_TESTS_LINK_SHARED       (Wanted: ON): OFF
--   SDL_UNINSTALL               (Wanted: OFF): OFF
--   SDL_VIRTUAL_JOYSTICK        (Wanted: ON): ON
--   SDL_VIVANTE                 (Wanted: OFF): OFF
--   SDL_VULKAN                  (Wanted: ON): ON
--   SDL_WASAPI                  (Wanted: OFF): OFF
--   SDL_WAYLAND                 (Wanted: ON): ON
--   SDL_WAYLAND_LIBDECOR        (Wanted: ON): OFF
--   SDL_WAYLAND_LIBDECOR_SHARED (Wanted: ON): OFF
--   SDL_WAYLAND_SHARED          (Wanted: ON): ON
--   SDL_X11                     (Wanted: ON): ON
--   SDL_X11_SHARED              (Wanted: ON): ON
--   SDL_X11_XCURSOR             (Wanted: ON): ON
--   SDL_X11_XDBE                (Wanted: ON): ON
--   SDL_X11_XFIXES              (Wanted: ON): ON
--   SDL_X11_XINPUT              (Wanted: ON): ON
--   SDL_X11_XRANDR              (Wanted: ON): ON
--   SDL_X11_XSCRNSAVER          (Wanted: OFF): OFF
--   SDL_X11_XSHAPE              (Wanted: ON): ON
--   SDL_X11_XSYNC               (Wanted: ON): ON
--   SDL_X11_XTEST               (Wanted: OFF): OFF
--   SDL_XINPUT                  (Wanted: OFF): OFF
-- 
--  Build Shared Library: ON
--  Build Static Library: OFF
-- 
-- Enabled backends:
--   Video drivers: dummy offscreen wayland(dynamic) x11(dynamic)
--   X11 libraries: xcursor xdbe xfixes xinput2 xrandr xshape xsync
--   Render drivers: ogl ogl_es2
--   GPU drivers: vulkan
--   Audio drivers: dummy
--   Joystick drivers: hidapi linux virtual
--   Camera drivers: dummy
-- 
-- If something was not detected, although the libraries
-- were installed, then make sure you have set the
-- CMAKE_C_FLAGS and CMAKE_PREFIX_PATH CMake variables correctly.
-- 
-- Non-ARM64 architecture detected
CMake Deprecation Warning at third-party/googletest/CMakeLists.txt:4 (cmake_minimum_required):
  Compatibility with CMake < 3.10 will be removed from a future version of
  CMake.

  Update the VERSION argument <min> value.  Or, use the <min>...<max> syntax
  to tell CMake that the project requires at least <min> but has been updated
  to work with policies introduced by <max> or earlier.


CMake Deprecation Warning at third-party/googletest/googlemock/CMakeLists.txt:39 (cmake_minimum_required):
  Compatibility with CMake < 3.10 will be removed from a future version of
  CMake.

  Update the VERSION argument <min> value.  Or, use the <min>...<max> syntax
  to tell CMake that the project requires at least <min> but has been updated
  to work with policies introduced by <max> or earlier.


CMake Deprecation Warning at third-party/googletest/googletest/CMakeLists.txt:49 (cmake_minimum_required):
  Compatibility with CMake < 3.10 will be removed from a future version of
  CMake.

  Update the VERSION argument <min> value.  Or, use the <min>...<max> syntax
  to tell CMake that the project requires at least <min> but has been updated
  to work with policies introduced by <max> or earlier.


CMake Warning (dev) at third-party/draco/CMakeLists.txt:40 (include):
  Policy CMP0148 is not set: The FindPythonInterp and FindPythonLibs modules
  are removed.  Run "cmake --help-policy CMP0148" for policy details.  Use
  the cmake_policy command to set the policy and suppress this warning.

This warning is for project developers.  Use -Wno-dev to suppress it.

--- Running combined CXX flags test, flags: -Wno-deprecated-declarations
--- Passed combined CXX flags test
CMake Deprecation Warning at third-party/discord-rpc/CMakeLists.txt:1 (cmake_minimum_required):
  Compatibility with CMake < 3.10 will be removed from a future version of
  CMake.

  Update the VERSION argument <min> value.  Or, use the <min>...<max> syntax
  to tell CMake that the project requires at least <min> but has been updated
  to work with policies introduced by <max> or earlier.


-- dynamically linking zydis
Enabling CAPSTONE_ARM64_SUPPORT
-- Configuring done (1.9s)
-- Generating done (0.5s)
-- Build files have been written to: /home/emeric/code/jak-project/build
[0/4] Re-checking globbed directories...
[1/170] Building C object third-party/SDL/CMakeFiles/SDL3-shared.dir/src/SDL.c.o
[2/170] Building CXX object common/CMakeFiles/common.dir/custom_data/pack_helpers.cpp.o
[3/170] Building CXX object common/CMakeFiles/common.dir/versions/versions.cpp.o
[4/170] Linking C shared library third-party/SDL/libSDL3.so.0.4.4
[5/170] cd /home/emeric/code/jak-project/build/third-party/discord-rpc && /usr/bin/clang-format -i -style=file -fallback-style=none /home/emeric/code/jak-project/third-party/discord-rpc/include/discord_register.h /home/emeric/code/jak-project/third-party/discord-rpc/include/discord_rpc.h /home/emeric/code/jak-project/third-party/discord-rpc/src/backoff.h /home/emeric/code/jak-project/third-party/discord-rpc/src/connection.h /home/emeric/code/jak-project/third-party/discord-rpc/src/connection_unix.cpp /home/emeric/code/jak-project/third-party/discord-rpc/src/connection_win.cpp /home/emeric/code/jak-project/third-party/discord-rpc/src/discord_register_linux.cpp /home/emeric/code/jak-project/third-party/discord-rpc/src/discord_register_win.cpp /home/emeric/code/jak-project/third-party/discord-rpc/src/discord_rpc.cpp /home/emeric/code/jak-project/third-party/discord-rpc/src/dllmain.cpp /home/emeric/code/jak-project/third-party/discord-rpc/src/msg_queue.h /home/emeric/code/jak-project/third-party/discord-rpc/src/rpc_connection.cpp /home/emeric/code/jak-project/third-party/discord-rpc/src/rpc_connection.h /home/emeric/code/jak-project/third-party/discord-rpc/src/serialization.cpp /home/emeric/code/jak-project/third-party/discord-rpc/src/serialization.h
[6/170] Building CXX object common/CMakeFiles/common.dir/custom_data/TangentDerive.cpp.o
[7/170] Building CXX object common/CMakeFiles/common.dir/custom_data/MeshSubdivide.cpp.o
[8/170] Building CXX object common/CMakeFiles/common.dir/util/gltf_util.cpp.o
[9/170] Building CXX object decompiler/CMakeFiles/decomp.dir/analysis/atomic_op_builder.cpp.o
In file included from /home/emeric/code/jak-project/decompiler/analysis/atomic_op_builder.cpp:6:
/home/emeric/code/jak-project/./common/symbols.h: In function ‘constexpr int true_symbol_offset(GameVersion)’:
/home/emeric/code/jak-project/./common/symbols.h:514:1: warning: control reaches end of non-void function [-Wreturn-type]
  514 | }
      | ^
/home/emeric/code/jak-project/./common/symbols.h: In function ‘constexpr int empty_pair_offset_from_s7(GameVersion)’:
/home/emeric/code/jak-project/./common/symbols.h:526:1: warning: control reaches end of non-void function [-Wreturn-type]
  526 | }
      | ^
[10/170] Building CXX object decompiler/CMakeFiles/decomp.dir/analysis/cfg_builder.cpp.o
[11/170] Building CXX object decompiler/CMakeFiles/decomp.dir/analysis/expression_build.cpp.o
[12/170] Building CXX object common/CMakeFiles/common.dir/custom_data/TFrag3Data.cpp.o
[13/170] Building CXX object decompiler/CMakeFiles/decomp.dir/analysis/analyze_inspect_method.cpp.o
[14/170] Building CXX object common/CMakeFiles/common.dir/custom_data/MeshConsolidate.cpp.o
/home/emeric/code/jak-project/common/custom_data/MeshConsolidate.cpp: In lambda function:
/home/emeric/code/jak-project/common/custom_data/MeshConsolidate.cpp:887:59: warning: declaration of ‘std::array<unsigned int, 3>* out’ shadows a parameter [-Wshadow]
  887 |   auto face_group_triple = [&](u32 f, std::array<u32, 3>* out) {
      |                                       ~~~~~~~~~~~~~~~~~~~~^~~
/home/emeric/code/jak-project/common/custom_data/MeshConsolidate.cpp:553:40: note: shadowed declaration is here
  553 |                       MeshAuditReport* out,
      |                       ~~~~~~~~~~~~~~~~~^~~
/home/emeric/code/jak-project/common/custom_data/MeshConsolidate.cpp: In function ‘void tfrag3::mesh_consolidate(Level&, const MeshConsolidateConfig&, MeshAuditReport*, MeshBakeData*)’:
/home/emeric/code/jak-project/common/custom_data/MeshConsolidate.cpp:607:8: warning: variable ‘tangent_ptr’ set but not used [-Wunused-but-set-variable]
  607 |   auto tangent_ptr = [&](size_t i) -> math::Vector4f* {
      |        ^~~~~~~~~~~
/home/emeric/code/jak-project/common/custom_data/MeshConsolidate.cpp: In function ‘bool tfrag3::mesh_consolidate_bake_write(const std::string&, const MeshBakeData&, const std::string&)’:
/home/emeric/code/jak-project/common/custom_data/MeshConsolidate.cpp:4148:40: warning: cast from type ‘const unsigned char*’ to type ‘void*’ casts away qualifiers [-Wcast-qual]
 4148 |     file_util::write_binary_file(path, (void*)blob.data(), blob.size());
      |                                        ^~~~~~~~~~~~~~~~~~
[15/170] Building CXX object decompiler/CMakeFiles/decomp.dir/analysis/find_defpartgroup.cpp.o
/home/emeric/code/jak-project/decompiler/analysis/find_defpartgroup.cpp: In function ‘void decompiler::{anonymous}::read_static_group_data(decompiler::DecompiledDataElement*, const decompiler::Env&, decompiler::DefpartgroupElement::StaticInfo&)’:
/home/emeric/code/jak-project/decompiler/analysis/find_defpartgroup.cpp:106:18: warning: dereferencing type-punned pointer will break strict-aliasing rules [-Wstrict-aliasing]
  106 |     item.fade = *reinterpret_cast<float*>(&array_words.at(item_idx + 1).data);
      |                  ^~~~~~~~~~~~~~~~~~~~~~~~~~~~~~~~~~~~~~~~~~~~~~~~~~~~~~~~~~~~
/home/emeric/code/jak-project/decompiler/analysis/find_defpartgroup.cpp:107:21: warning: dereferencing type-punned pointer will break strict-aliasing rules [-Wstrict-aliasing]
  107 |     item.falloff = *reinterpret_cast<float*>(&array_words.at(item_idx + 2).data);
      |                     ^~~~~~~~~~~~~~~~~~~~~~~~~~~~~~~~~~~~~~~~~~~~~~~~~~~~~~~~~~~~
/home/emeric/code/jak-project/decompiler/analysis/find_defpartgroup.cpp:123:23: warning: dereferencing type-punned pointer will break strict-aliasing rules [-Wstrict-aliasing]
  123 |       group.rot[i] = *reinterpret_cast<float*>(&word.data);
      |                       ^~~~~~~~~~~~~~~~~~~~~~~~~~~~~~~~~~~~
/home/emeric/code/jak-project/decompiler/analysis/find_defpartgroup.cpp:131:25: warning: dereferencing type-punned pointer will break strict-aliasing rules [-Wstrict-aliasing]
  131 |       group.scale[i] = *reinterpret_cast<float*>(&word.data);
      |                         ^~~~~~~~~~~~~~~~~~~~~~~~~~~~~~~~~~~~
/home/emeric/code/jak-project/decompiler/analysis/find_defpartgroup.cpp:141:24: warning: dereferencing type-punned pointer will break strict-aliasing rules [-Wstrict-aliasing]
  141 |     group.bounds[i] = *reinterpret_cast<float*>(&word.data);
      |                        ^~~~~~~~~~~~~~~~~~~~~~~~~~~~~~~~~~~~
[16/170] Building CXX object decompiler/CMakeFiles/decomp.dir/analysis/final_output.cpp.o
/home/emeric/code/jak-project/decompiler/analysis/final_output.cpp: In function ‘void decompiler::{anonymous}::append_body_to_function_definition(goos::Object*, const std::vector<goos::Object>&, const decompiler::FunctionVariableDefinitions&, const TypeSpec&, GameVersion)’:
/home/emeric/code/jak-project/decompiler/analysis/final_output.cpp:48:53: warning: unused parameter ‘version’ [-Wunused-parameter]
   48 |                                         GameVersion version) {
      |                                         ~~~~~~~~~~~~^~~~~~~
[17/170] Linking CXX shared library common/libcommon.so
[18/170] Building CXX object decompiler/CMakeFiles/decomp.dir/analysis/find_defstates.cpp.o
[19/170] Building CXX object decompiler/CMakeFiles/decomp.dir/analysis/inline_asm_rewrite.cpp.o
[20/170] Building CXX object decompiler/CMakeFiles/decomp.dir/analysis/label_types.cpp.o
[21/170] Building CXX object decompiler/CMakeFiles/decomp.dir/analysis/find_skelgroups.cpp.o
/home/emeric/code/jak-project/decompiler/analysis/find_skelgroups.cpp: In function ‘decompiler::DefskelgroupElement::StaticInfo decompiler::{anonymous}::inspect_skel_group_data_jak1(decompiler::DecompiledDataElement*, const decompiler::Env&)’:
/home/emeric/code/jak-project/decompiler/analysis/find_skelgroups.cpp:80:25: warning: dereferencing type-punned pointer will break strict-aliasing rules [-Wstrict-aliasing]
   80 |     result.bounds[i] = *reinterpret_cast<float*>(&word.data);
      |                         ^~~~~~~~~~~~~~~~~~~~~~~~~~~~~~~~~~~~
/home/emeric/code/jak-project/decompiler/analysis/find_skelgroups.cpp:91:26: warning: dereferencing type-punned pointer will break strict-aliasing rules [-Wstrict-aliasing]
   91 |   result.longest_edge = *reinterpret_cast<float*>(&edge_word.data);
      |                          ^~~~~~~~~~~~~~~~~~~~~~~~~~~~~~~~~~~~~~~~~
/home/emeric/code/jak-project/decompiler/analysis/find_skelgroups.cpp: In function ‘decompiler::DefskelgroupElement::StaticInfo decompiler::{anonymous}::inspect_skel_group_data_jak2(decompiler::DecompiledDataElement*, const decompiler::Env&)’:
/home/emeric/code/jak-project/decompiler/analysis/find_skelgroups.cpp:176:25: warning: dereferencing type-punned pointer will break strict-aliasing rules [-Wstrict-aliasing]
  176 |     result.bounds[i] = *reinterpret_cast<float*>(&word.data);
      |                         ^~~~~~~~~~~~~~~~~~~~~~~~~~~~~~~~~~~~
/home/emeric/code/jak-project/decompiler/analysis/find_skelgroups.cpp:187:26: warning: dereferencing type-punned pointer will break strict-aliasing rules [-Wstrict-aliasing]
  187 |   result.longest_edge = *reinterpret_cast<float*>(&edge_word.data);
      |                          ^~~~~~~~~~~~~~~~~~~~~~~~~~~~~~~~~~~~~~~~~
/home/emeric/code/jak-project/decompiler/analysis/find_skelgroups.cpp: In function ‘decompiler::DefskelgroupElement::StaticInfo decompiler::{anonymous}::inspect_skel_group_data_jak3(decompiler::DecompiledDataElement*, const decompiler::Env&)’:
/home/emeric/code/jak-project/decompiler/analysis/find_skelgroups.cpp:287:25: warning: dereferencing type-punned pointer will break strict-aliasing rules [-Wstrict-aliasing]
  287 |     result.bounds[i] = *reinterpret_cast<float*>(&word.data);
      |                         ^~~~~~~~~~~~~~~~~~~~~~~~~~~~~~~~~~~~
/home/emeric/code/jak-project/decompiler/analysis/find_skelgroups.cpp:298:26: warning: dereferencing type-punned pointer will break strict-aliasing rules [-Wstrict-aliasing]
  298 |   result.longest_edge = *reinterpret_cast<float*>(&edge_word.data);
      |                          ^~~~~~~~~~~~~~~~~~~~~~~~~~~~~~~~~~~~~~~~~
/home/emeric/code/jak-project/decompiler/analysis/find_skelgroups.cpp: In function ‘decompiler::DefskelgroupElement::ClothParams decompiler::get_cloth_params(const DecompilerLabel&, Env&)’:
/home/emeric/code/jak-project/decompiler/analysis/find_skelgroups.cpp:506:21: warning: dereferencing type-punned pointer will break strict-aliasing rules [-Wstrict-aliasing]
  506 |   params.gravity = *reinterpret_cast<float*>(&words.at(start_word_idx + 1).data);
      |                     ^~~~~~~~~~~~~~~~~~~~~~~~~~~~~~~~~~~~~~~~~~~~~~~~~~~~~~~~~~~~
/home/emeric/code/jak-project/decompiler/analysis/find_skelgroups.cpp:507:18: warning: dereferencing type-punned pointer will break strict-aliasing rules [-Wstrict-aliasing]
  507 |   params.wind = *reinterpret_cast<float*>(&words.at(start_word_idx + 2).data);
      |                  ^~~~~~~~~~~~~~~~~~~~~~~~~~~~~~~~~~~~~~~~~~~~~~~~~~~~~~~~~~~~
/home/emeric/code/jak-project/decompiler/analysis/find_skelgroups.cpp:550:23: warning: dereferencing type-punned pointer will break strict-aliasing rules [-Wstrict-aliasing]
  550 |   params.thickness = *reinterpret_cast<float*>(&words.at(start_word_idx + 14).data);
      |                       ^~~~~~~~~~~~~~~~~~~~~~~~~~~~~~~~~~~~~~~~~~~~~~~~~~~~~~~~~~~~~
/home/emeric/code/jak-project/decompiler/analysis/find_skelgroups.cpp:552:18: warning: dereferencing type-punned pointer will break strict-aliasing rules [-Wstrict-aliasing]
  552 |   params.drag = *reinterpret_cast<float*>(&words.at(start_word_idx + 16).data);
      |                  ^~~~~~~~~~~~~~~~~~~~~~~~~~~~~~~~~~~~~~~~~~~~~~~~~~~~~~~~~~~~~
/home/emeric/code/jak-project/decompiler/analysis/find_skelgroups.cpp:553:35: warning: dereferencing type-punned pointer will break strict-aliasing rules [-Wstrict-aliasing]
  553 |   params.ball_collision_radius = *reinterpret_cast<float*>(&words.at(start_word_idx + 17).data);
      |                                   ^~~~~~~~~~~~~~~~~~~~~~~~~~~~~~~~~~~~~~~~~~~~~~~~~~~~~~~~~~~~~
[22/170] Building CXX object decompiler/CMakeFiles/decomp.dir/analysis/reg_usage.cpp.o
[23/170] Building CXX object decompiler/CMakeFiles/decomp.dir/analysis/static_refs.cpp.o
[24/170] Building CXX object decompiler/CMakeFiles/decomp.dir/analysis/mips2c.cpp.o
In file included from /home/emeric/code/jak-project/decompiler/analysis/mips2c.cpp:6:
/home/emeric/code/jak-project/./common/symbols.h: In function ‘constexpr int true_symbol_offset(GameVersion)’:
/home/emeric/code/jak-project/./common/symbols.h:514:1: warning: control reaches end of non-void function [-Wreturn-type]
  514 | }
      | ^
[25/170] Building CXX object decompiler/CMakeFiles/decomp.dir/analysis/symbol_def_map.cpp.o
[26/170] Building CXX object decompiler/CMakeFiles/decomp.dir/data/game_count.cpp.o
[27/170] Building CXX object decompiler/CMakeFiles/decomp.dir/data/dir_tpages.cpp.o
[28/170] Building CXX object decompiler/CMakeFiles/decomp.dir/analysis/type_analysis.cpp.o
[29/170] Building CXX object decompiler/CMakeFiles/decomp.dir/analysis/variable_naming.cpp.o
[30/170] Building CXX object decompiler/CMakeFiles/decomp.dir/data/TextureDB.cpp.o
[31/170] Building CXX object decompiler/CMakeFiles/decomp.dir/data/streamed_audio.cpp.o
[32/170] Building CXX object decompiler/CMakeFiles/decomp.dir/data/game_text.cpp.o
/home/emeric/code/jak-project/decompiler/data/game_text.cpp: In function ‘decompiler::GameTextResult decompiler::process_game_text(ObjectFileData&, GameTextVersion)’:
/home/emeric/code/jak-project/decompiler/data/game_text.cpp:119:79: warning: comparison of integer expressions of different signedness: ‘int’ and ‘std::vector<int>::size_type’ {aka ‘long unsigned int’} [-Wsign-compare]
  119 |        j < align16(8 + 1 + (int)group_name.length()) / 4 && (group_start + j) < read_words.size();
      |                                                             ~~~~~~~~~~~~~~~~~~^~~~~~~~~~~~~~~~~~~
[33/170] Building CXX object decompiler/CMakeFiles/decomp.dir/analysis/insert_lets.cpp.o
/home/emeric/code/jak-project/decompiler/analysis/insert_lets.cpp: In lambda function:
/home/emeric/code/jak-project/decompiler/analysis/insert_lets.cpp:469:71: warning: declaration of ‘val’ shadows a previous local [-Wshadow]
  469 |         auto find_int_in_vector = [](const std::vector<int>& vec, int val) {
      |                                                                   ~~~~^~~
/home/emeric/code/jak-project/decompiler/analysis/insert_lets.cpp:464:12: note: shadowed declaration is here
  464 |       auto val = param_val->to_form(env).as_int();
      |            ^~~
/home/emeric/code/jak-project/decompiler/analysis/insert_lets.cpp: In lambda function:
/home/emeric/code/jak-project/decompiler/analysis/insert_lets.cpp:576:87: warning: declaration of ‘decompiler::FormPool& pool’ shadows a parameter [-Wshadow]
  576 |       [&](FormElement* /*s_in*/, const MatchResult& mr, const Env& /*env*/, FormPool& pool) {
      |                                                                             ~~~~~~~~~~^~~~
/home/emeric/code/jak-project/decompiler/analysis/insert_lets.cpp:314:46: note: shadowed declaration is here
  314 |                                    FormPool& pool,
      |                                    ~~~~~~~~~~^~~~
/home/emeric/code/jak-project/decompiler/analysis/insert_lets.cpp: In function ‘decompiler::FormElement* decompiler::{anonymous}::rewrite_call_parent_state_handler(decompiler::LetElement*, const decompiler::Env&, decompiler::FormPool&)’:
/home/emeric/code/jak-project/decompiler/analysis/insert_lets.cpp:1813:75: warning: unused parameter ‘env’ [-Wunused-parameter]
 1813 | FormElement* rewrite_call_parent_state_handler(LetElement* in, const Env& env, FormPool& pool) {
      |                                                                ~~~~~~~~~~~^~~
/home/emeric/code/jak-project/decompiler/analysis/insert_lets.cpp: In lambda function:
/home/emeric/code/jak-project/decompiler/analysis/insert_lets.cpp:1964:83: warning: declaration of ‘decompiler::FormPool& pool’ shadows a parameter [-Wshadow]
 1964 |       [&](FormElement* s_in, const MatchResult& /*mr*/, const Env& env, FormPool& pool) {
      |                                                                         ~~~~~~~~~~^~~~
/home/emeric/code/jak-project/decompiler/analysis/insert_lets.cpp:1906:73: note: shadowed declaration is here
 1906 | FormElement* rewrite_proc_new(LetElement* in, const Env& env, FormPool& pool) {
      |                                                               ~~~~~~~~~~^~~~
/home/emeric/code/jak-project/decompiler/analysis/insert_lets.cpp:1964:68: warning: declaration of ‘const decompiler::Env& env’ shadows a parameter [-Wshadow]
 1964 |       [&](FormElement* s_in, const MatchResult& /*mr*/, const Env& env, FormPool& pool) {
      |                                                         ~~~~~~~~~~~^~~
/home/emeric/code/jak-project/decompiler/analysis/insert_lets.cpp:1906:58: note: shadowed declaration is here
 1906 | FormElement* rewrite_proc_new(LetElement* in, const Env& env, FormPool& pool) {
      |                                               ~~~~~~~~~~~^~~
/home/emeric/code/jak-project/decompiler/analysis/insert_lets.cpp: In lambda function:
/home/emeric/code/jak-project/decompiler/analysis/insert_lets.cpp:2324:87: warning: declaration of ‘decompiler::FormPool& pool’ shadows a parameter [-Wshadow]
 2324 |       [&](FormElement* /*s_in*/, const MatchResult& /*mr*/, const Env& env, FormPool& pool) {
      |                                                                             ~~~~~~~~~~^~~~
/home/emeric/code/jak-project/decompiler/analysis/insert_lets.cpp:2118:76: note: shadowed declaration is here
 2118 | FormElement* rewrite_attack_info(LetElement* in, const Env& env, FormPool& pool) {
      |                                                                  ~~~~~~~~~~^~~~
/home/emeric/code/jak-project/decompiler/analysis/insert_lets.cpp:2324:72: warning: declaration of ‘const decompiler::Env& env’ shadows a parameter [-Wshadow]
 2324 |       [&](FormElement* /*s_in*/, const MatchResult& /*mr*/, const Env& env, FormPool& pool) {
      |                                                             ~~~~~~~~~~~^~~
/home/emeric/code/jak-project/decompiler/analysis/insert_lets.cpp:2118:61: note: shadowed declaration is here
 2118 | FormElement* rewrite_attack_info(LetElement* in, const Env& env, FormPool& pool) {
      |                                                  ~~~~~~~~~~~^~~
/home/emeric/code/jak-project/decompiler/analysis/insert_lets.cpp: In lambda function:
/home/emeric/code/jak-project/decompiler/analysis/insert_lets.cpp:2616:93: warning: declaration of ‘decompiler::FormPool& pool’ shadows a parameter [-Wshadow]
 2616 |         [&](FormElement* /*s_in*/, const MatchResult& /*mr*/, const Env& /*env*/, FormPool& pool) {
      |                                                                                   ~~~~~~~~~~^~~~
/home/emeric/code/jak-project/decompiler/analysis/insert_lets.cpp:2550:79: note: shadowed declaration is here
 2550 | FormElement* rewrite_rand_float_gen(LetElement* in, const Env& env, FormPool& pool) {
      |                                                                     ~~~~~~~~~~^~~~
/home/emeric/code/jak-project/decompiler/analysis/insert_lets.cpp: In lambda function:
/home/emeric/code/jak-project/decompiler/analysis/insert_lets.cpp:3444:39: warning: declaration of ‘decompiler::FormPool& pool’ shadows a parameter [-Wshadow]
 3444 |     auto get_src_form = [&](FormPool& pool, FormElement* elt, const RegisterAccess& ptr_name,
      |                             ~~~~~~~~~~^~~~
/home/emeric/code/jak-project/decompiler/analysis/insert_lets.cpp:3141:54: note: shadowed declaration is here
 3141 |                                            FormPool& pool) {
      |                                            ~~~~~~~~~~^~~~
/home/emeric/code/jak-project/decompiler/analysis/insert_lets.cpp: In function ‘decompiler::FormElement* decompiler::{anonymous}::rewrite_dma_buffer_add_gs_set(const std::vector<decompiler::LetElement*>&, const decompiler::Env&, decompiler::FormPool&)’:
/home/emeric/code/jak-project/decompiler/analysis/insert_lets.cpp:3567:30: warning: declaration of ‘it’ shadows a previous local [-Wshadow]
 3567 |       } else if (const auto& it = reg_id_to_int_map.find(reg_name); it != reg_id_to_int_map.end()) {
      |                              ^~
/home/emeric/code/jak-project/decompiler/analysis/insert_lets.cpp:3542:19: note: shadowed declaration is here
 3542 |       const auto& it = reg_id_to_def_map.find(reg_name);
      |                   ^~
[34/170] Building CXX object decompiler/CMakeFiles/decomp.dir/Disasm/Instruction.cpp.o
[35/170] Building CXX object decompiler/CMakeFiles/decomp.dir/Disasm/InstructionDecode.cpp.o
[36/170] Building CXX object decompiler/CMakeFiles/decomp.dir/Function/BasicBlocks.cpp.o
[37/170] Building CXX object decompiler/CMakeFiles/decomp.dir/data/tpage.cpp.o
[38/170] Building CXX object decompiler/CMakeFiles/decomp.dir/Function/Function.cpp.o
[39/170] Building CXX object decompiler/CMakeFiles/decomp.dir/IR2/AtomicOp.cpp.o
[40/170] Building CXX object decompiler/CMakeFiles/decomp.dir/Function/CfgVtx.cpp.o
In file included from /home/emeric/code/jak-project/decompiler/Function/CfgVtx.cpp:7:
/home/emeric/code/jak-project/./common/symbols.h: In function ‘constexpr int true_symbol_offset(GameVersion)’:
/home/emeric/code/jak-project/./common/symbols.h:514:1: warning: control reaches end of non-void function [-Wreturn-type]
  514 | }
      | ^
[41/170] Building CXX object decompiler/CMakeFiles/decomp.dir/IR2/AtomicOpForm.cpp.o
[42/170] Building CXX object decompiler/CMakeFiles/decomp.dir/IR2/bitfields.cpp.o
[43/170] Building CXX object decompiler/CMakeFiles/decomp.dir/IR2/AtomicOpTypeAnalysis.cpp.o
[44/170] Building CXX object decompiler/CMakeFiles/decomp.dir/IR2/ExpressionHelpers.cpp.o
[45/170] Building CXX object decompiler/CMakeFiles/decomp.dir/IR2/Env.cpp.o
/home/emeric/code/jak-project/decompiler/IR2/Env.cpp: In member function ‘void decompiler::Env::set_remap_for_function(const decompiler::Function&)’:
/home/emeric/code/jak-project/decompiler/IR2/Env.cpp:31:50: warning: declaration of ‘func’ shadows a member of ‘decompiler::Env’ [-Wshadow]
   31 | void Env::set_remap_for_function(const Function& func) {
      |                                  ~~~~~~~~~~~~~~~~^~~~
In file included from /home/emeric/code/jak-project/decompiler/IR2/Env.cpp:1:
/home/emeric/code/jak-project/decompiler/IR2/Env.h:242:13: note: shadowed declaration is here
  242 |   Function* func = nullptr;
      |             ^~~~
[46/170] Building CXX object decompiler/CMakeFiles/decomp.dir/IR2/GenericElementMatcher.cpp.o
/home/emeric/code/jak-project/decompiler/IR2/GenericElementMatcher.cpp: In member function ‘bool decompiler::DerefTokenMatcher::do_match(decompiler::DerefToken&, decompiler::MatchResult::Maps*) const’:
/home/emeric/code/jak-project/decompiler/IR2/GenericElementMatcher.cpp:965:7: warning: this statement may fall through [-Wimplicit-fallthrough=]
  965 |       if (m_kind != Kind::ANY_EXPR_OR_INT) {
      |       ^~
/home/emeric/code/jak-project/decompiler/IR2/GenericElementMatcher.cpp:968:5: note: here
  968 |     case Kind::ANY_INTEGER:
      |     ^~~~
[47/170] Building CXX object decompiler/CMakeFiles/decomp.dir/IR2/FormStack.cpp.o
[48/170] Building CXX object decompiler/CMakeFiles/decomp.dir/IR2/LabelDB.cpp.o
[49/170] Building CXX object decompiler/CMakeFiles/decomp.dir/IR2/OpenGoalMapping.cpp.o
[50/170] Building CXX object decompiler/CMakeFiles/decomp.dir/IR2/Form.cpp.o
/home/emeric/code/jak-project/decompiler/IR2/Form.cpp: In member function ‘goos::Object decompiler::DefskelgroupElement::ClothParams::to_list(const std::string&, const decompiler::Env&) const’:
/home/emeric/code/jak-project/decompiler/IR2/Form.cpp:3130:83: warning: passing ‘u16’ {aka ‘short unsigned int’} chooses ‘int’ over ‘unsigned int’ [-Wsign-promo]
 3130 |           {pretty_print::to_symbol("mesh"), pretty_print::to_symbol(std::to_string(mesh))}));
      |                                                                     ~~~~~~~~~~~~~~^~~~~~
/home/emeric/code/jak-project/decompiler/IR2/Form.cpp:3130:83: warning:   in call to ‘std::string std::__cxx11::to_string(int)’ [-Wsign-promo]
/home/emeric/code/jak-project/decompiler/IR2/Form.cpp:3144:88: warning: passing ‘u16’ {aka ‘short unsigned int’} chooses ‘int’ over ‘unsigned int’ [-Wsign-promo]
 3144 |         {pretty_print::to_symbol("cloth-width"), pretty_print::to_symbol(std::to_string(width))}));
      |                                                                          ~~~~~~~~~~~~~~^~~~~~~
/home/emeric/code/jak-project/decompiler/IR2/Form.cpp:3144:88: warning:   in call to ‘std::string std::__cxx11::to_string(int)’ [-Wsign-promo]
/home/emeric/code/jak-project/decompiler/IR2/Form.cpp:3149:73: warning: passing ‘u16’ {aka ‘short unsigned int’} chooses ‘int’ over ‘unsigned int’ [-Wsign-promo]
 3149 |                                   pretty_print::to_symbol(std::to_string(sphere_constraints))}));
      |                                                           ~~~~~~~~~~~~~~^~~~~~~~~~~~~~~~~~~~
/home/emeric/code/jak-project/decompiler/IR2/Form.cpp:3149:73: warning:   in call to ‘std::string std::__cxx11::to_string(int)’ [-Wsign-promo]
/home/emeric/code/jak-project/decompiler/IR2/Form.cpp:3154:73: warning: passing ‘u16’ {aka ‘short unsigned int’} chooses ‘int’ over ‘unsigned int’ [-Wsign-promo]
 3154 |                                   pretty_print::to_symbol(std::to_string(disc_constraints))}));
      |                                                           ~~~~~~~~~~~~~~^~~~~~~~~~~~~~~~~~
/home/emeric/code/jak-project/decompiler/IR2/Form.cpp:3154:73: warning:   in call to ‘std::string std::__cxx11::to_string(int)’ [-Wsign-promo]
/home/emeric/code/jak-project/decompiler/IR2/Form.cpp:3159:73: warning: passing ‘u16’ {aka ‘short unsigned int’} chooses ‘int’ over ‘unsigned int’ [-Wsign-promo]
 3159 |                                   pretty_print::to_symbol(std::to_string(anchor_points))}));
      |                                                           ~~~~~~~~~~~~~~^~~~~~~~~~~~~~~
/home/emeric/code/jak-project/decompiler/IR2/Form.cpp:3159:73: warning:   in call to ‘std::string std::__cxx11::to_string(int)’ [-Wsign-promo]
/home/emeric/code/jak-project/decompiler/IR2/Form.cpp:3198:86: warning: passing ‘u16’ {aka ‘short unsigned int’} chooses ‘int’ over ‘unsigned int’ [-Wsign-promo]
 3198 |                                                pretty_print::to_symbol(std::to_string(xform))}));
      |                                                                        ~~~~~~~~~~~~~~^~~~~~~
/home/emeric/code/jak-project/decompiler/IR2/Form.cpp:3198:86: warning:   in call to ‘std::string std::__cxx11::to_string(int)’ [-Wsign-promo]
/home/emeric/code/jak-project/decompiler/IR2/Form.cpp:3213:73: warning: passing ‘u8’ {aka ‘unsigned char’} chooses ‘int’ over ‘unsigned int’ [-Wsign-promo]
 3213 |                                   pretty_print::to_symbol(std::to_string(iterations))}));
      |                                                           ~~~~~~~~~~~~~~^~~~~~~~~~~~
/home/emeric/code/jak-project/decompiler/IR2/Form.cpp:3213:73: warning:   in call to ‘std::string std::__cxx11::to_string(int)’ [-Wsign-promo]
/home/emeric/code/jak-project/decompiler/IR2/Form.cpp:3218:73: warning: passing ‘u8’ {aka ‘unsigned char’} chooses ‘int’ over ‘unsigned int’ [-Wsign-promo]
 3218 |                                   pretty_print::to_symbol(std::to_string(timestep_freq))}));
      |                                                           ~~~~~~~~~~~~~~^~~~~~~~~~~~~~~
/home/emeric/code/jak-project/decompiler/IR2/Form.cpp:3218:73: warning:   in call to ‘std::string std::__cxx11::to_string(int)’ [-Wsign-promo]
[51/170] Building CXX object decompiler/CMakeFiles/decomp.dir/level_extractor/extract_collide_frags.cpp.o
[52/170] Building CXX object decompiler/CMakeFiles/decomp.dir/level_extractor/extract_common.cpp.o
[53/170] Building CXX object decompiler/CMakeFiles/decomp.dir/level_extractor/extract_actors.cpp.o
[54/170] Building CXX object decompiler/CMakeFiles/decomp.dir/level_extractor/extract_hfrag.cpp.o
[55/170] Building CXX object decompiler/CMakeFiles/decomp.dir/level_extractor/extract_joint_group.cpp.o
[56/170] Building CXX object decompiler/CMakeFiles/decomp.dir/level_extractor/BspHeader.cpp.o
/home/emeric/code/jak-project/decompiler/level_extractor/BspHeader.cpp: In member function ‘void level_tools::PrototypeBucketTie::read_from_file(TypedRef, const decompiler::DecompilerTypeSystem&, GameVersion)’:
/home/emeric/code/jak-project/decompiler/level_extractor/BspHeader.cpp:995:11: warning: writing 4 bytes into a region of size 0 [-Wstringop-overflow=]
  995 |     memcpy(block_start + 4 * i, &word.data, 4);
      |     ~~~~~~^~~~~~~~~~~~~~~~~~~~~~~~~~~~~~~~~~~~
In file included from /home/emeric/code/jak-project/decompiler/level_extractor/BspHeader.cpp:1:
/home/emeric/code/jak-project/decompiler/level_extractor/BspHeader.h:500:6: note: at offset 4 into destination object ‘level_tools::PrototypeBucketTie::frag_count’ of size 4
  500 |   u8 frag_count[4] = {0};
      |      ^~~~~~~~~~
/home/emeric/code/jak-project/decompiler/level_extractor/BspHeader.cpp:995:11: warning: writing 4 bytes into a region of size 0 [-Wstringop-overflow=]
  995 |     memcpy(block_start + 4 * i, &word.data, 4);
      |     ~~~~~~^~~~~~~~~~~~~~~~~~~~~~~~~~~~~~~~~~~~
/home/emeric/code/jak-project/decompiler/level_extractor/BspHeader.h:500:6: note: at offset 8 into destination object ‘level_tools::PrototypeBucketTie::frag_count’ of size 4
  500 |   u8 frag_count[4] = {0};
      |      ^~~~~~~~~~
/home/emeric/code/jak-project/decompiler/level_extractor/BspHeader.cpp:995:11: warning: writing 4 bytes into a region of size 0 [-Wstringop-overflow=]
  995 |     memcpy(block_start + 4 * i, &word.data, 4);
      |     ~~~~~~^~~~~~~~~~~~~~~~~~~~~~~~~~~~~~~~~~~~
/home/emeric/code/jak-project/decompiler/level_extractor/BspHeader.h:500:6: note: at offset 12 into destination object ‘level_tools::PrototypeBucketTie::frag_count’ of size 4
  500 |   u8 frag_count[4] = {0};
      |      ^~~~~~~~~~
/home/emeric/code/jak-project/decompiler/level_extractor/BspHeader.cpp:995:11: warning: writing 4 bytes into a region of size 0 [-Wstringop-overflow=]
  995 |     memcpy(block_start + 4 * i, &word.data, 4);
      |     ~~~~~~^~~~~~~~~~~~~~~~~~~~~~~~~~~~~~~~~~~~
/home/emeric/code/jak-project/decompiler/level_extractor/BspHeader.h:500:6: note: at offset 16 into destination object ‘level_tools::PrototypeBucketTie::frag_count’ of size 4
  500 |   u8 frag_count[4] = {0};
      |      ^~~~~~~~~~
/home/emeric/code/jak-project/decompiler/level_extractor/BspHeader.cpp:995:11: warning: writing 4 bytes into a region of size 0 [-Wstringop-overflow=]
  995 |     memcpy(block_start + 4 * i, &word.data, 4);
      |     ~~~~~~^~~~~~~~~~~~~~~~~~~~~~~~~~~~~~~~~~~~
/home/emeric/code/jak-project/decompiler/level_extractor/BspHeader.h:500:6: note: at offset 20 into destination object ‘level_tools::PrototypeBucketTie::frag_count’ of size 4
  500 |   u8 frag_count[4] = {0};
      |      ^~~~~~~~~~
[57/170] Building CXX object decompiler/CMakeFiles/decomp.dir/level_extractor/extract_anim.cpp.o
In file included from /home/emeric/code/jak-project/decompiler/level_extractor/extract_anim.h:6,
                 from /home/emeric/code/jak-project/decompiler/level_extractor/extract_anim.cpp:1:
/home/emeric/code/jak-project/./goalc/build_actor/common/build_actor.h: In constructor ‘Joint::Joint(const std::string&, int, int, math::Matrix4f)’:
/home/emeric/code/jak-project/./goalc/build_actor/common/build_actor.h:15:73: warning: declaration of ‘bind_pose’ shadows a member of ‘Joint’ [-Wshadow]
   15 |   Joint(const std::string& name, int number, int parent, math::Matrix4f bind_pose) {
      |                                                          ~~~~~~~~~~~~~~~^~~~~~~~~
/home/emeric/code/jak-project/./goalc/build_actor/common/build_actor.h:13:18: note: shadowed declaration is here
   13 |   math::Matrix4f bind_pose{};
      |                  ^~~~~~~~~
/home/emeric/code/jak-project/./goalc/build_actor/common/build_actor.h:15:50: warning: declaration of ‘parent’ shadows a member of ‘Joint’ [-Wshadow]
   15 |   Joint(const std::string& name, int number, int parent, math::Matrix4f bind_pose) {
      |                                              ~~~~^~~~~~
/home/emeric/code/jak-project/./goalc/build_actor/common/build_actor.h:12:7: note: shadowed declaration is here
   12 |   int parent;
      |       ^~~~~~
/home/emeric/code/jak-project/./goalc/build_actor/common/build_actor.h:15:38: warning: declaration of ‘number’ shadows a member of ‘Joint’ [-Wshadow]
   15 |   Joint(const std::string& name, int number, int parent, math::Matrix4f bind_pose) {
      |                                  ~~~~^~~~~~
/home/emeric/code/jak-project/./goalc/build_actor/common/build_actor.h:11:7: note: shadowed declaration is here
   11 |   s32 number;
      |       ^~~~~~
/home/emeric/code/jak-project/./goalc/build_actor/common/build_actor.h:15:28: warning: declaration of ‘name’ shadows a member of ‘Joint’ [-Wshadow]
   15 |   Joint(const std::string& name, int number, int parent, math::Matrix4f bind_pose) {
      |         ~~~~~~~~~~~~~~~~~~~^~~~
/home/emeric/code/jak-project/./goalc/build_actor/common/build_actor.h:10:15: note: shadowed declaration is here
   10 |   std::string name;
      |               ^~~~
[58/170] Building CXX object decompiler/CMakeFiles/decomp.dir/level_extractor/extract_tfrag.cpp.o
[59/170] Building CXX object decompiler/CMakeFiles/decomp.dir/IR2/FormExpressionAnalysis.cpp.o
/home/emeric/code/jak-project/decompiler/IR2/FormExpressionAnalysis.cpp: In function ‘bool decompiler::{anonymous}::try_to_rewrite_matrix_inline_ctor(const decompiler::Env&, decompiler::FormPool&, decompiler::FormStack&)’:
/home/emeric/code/jak-project/decompiler/IR2/FormExpressionAnalysis.cpp:3275:12: warning: enumeration value ‘JakX’ not handled in switch [-Wswitch]
 3275 |     switch (env.version) {
      |            ^
[60/170] Building CXX object decompiler/CMakeFiles/decomp.dir/level_extractor/extract_level.cpp.o
In file included from /home/emeric/code/jak-project/decompiler/level_extractor/extract_anim.h:6,
                 from /home/emeric/code/jak-project/decompiler/level_extractor/extract_level.cpp:6:
/home/emeric/code/jak-project/./goalc/build_actor/common/build_actor.h: In constructor ‘Joint::Joint(const std::string&, int, int, math::Matrix4f)’:
/home/emeric/code/jak-project/./goalc/build_actor/common/build_actor.h:15:73: warning: declaration of ‘bind_pose’ shadows a member of ‘Joint’ [-Wshadow]
   15 |   Joint(const std::string& name, int number, int parent, math::Matrix4f bind_pose) {
      |                                                          ~~~~~~~~~~~~~~~^~~~~~~~~
/home/emeric/code/jak-project/./goalc/build_actor/common/build_actor.h:13:18: note: shadowed declaration is here
   13 |   math::Matrix4f bind_pose{};
      |                  ^~~~~~~~~
/home/emeric/code/jak-project/./goalc/build_actor/common/build_actor.h:15:50: warning: declaration of ‘parent’ shadows a member of ‘Joint’ [-Wshadow]
   15 |   Joint(const std::string& name, int number, int parent, math::Matrix4f bind_pose) {
      |                                              ~~~~^~~~~~
/home/emeric/code/jak-project/./goalc/build_actor/common/build_actor.h:12:7: note: shadowed declaration is here
   12 |   int parent;
      |       ^~~~~~
/home/emeric/code/jak-project/./goalc/build_actor/common/build_actor.h:15:38: warning: declaration of ‘number’ shadows a member of ‘Joint’ [-Wshadow]
   15 |   Joint(const std::string& name, int number, int parent, math::Matrix4f bind_pose) {
      |                                  ~~~~^~~~~~
/home/emeric/code/jak-project/./goalc/build_actor/common/build_actor.h:11:7: note: shadowed declaration is here
   11 |   s32 number;
      |       ^~~~~~
/home/emeric/code/jak-project/./goalc/build_actor/common/build_actor.h:15:28: warning: declaration of ‘name’ shadows a member of ‘Joint’ [-Wshadow]
   15 |   Joint(const std::string& name, int number, int parent, math::Matrix4f bind_pose) {
      |         ~~~~~~~~~~~~~~~~~~~^~~~
/home/emeric/code/jak-project/./goalc/build_actor/common/build_actor.h:10:15: note: shadowed declaration is here
   10 |   std::string name;
      |               ^~~~
In file included from /home/emeric/code/jak-project/decompiler/level_extractor/extract_level.cpp:25:
/home/emeric/code/jak-project/./goalc/build_actor/jak1/build_actor.h: In constructor ‘jak1::ArtJointGeo::ArtJointGeo(const std::string&, std::vector<jak1::CollideMesh>, std::vector<Joint>&, const jak1::BuildActorParams1&)’:
/home/emeric/code/jak-project/./goalc/build_actor/jak1/build_actor.h:155:49: warning: declaration of ‘cmeshes’ shadows a member of ‘jak1::ArtJointGeo’ [-Wshadow]
  155 |                        std::vector<CollideMesh> cmeshes,
      |                        ~~~~~~~~~~~~~~~~~~~~~~~~~^~~~~~~
/home/emeric/code/jak-project/./goalc/build_actor/jak1/build_actor.h:145:28: note: shadowed declaration is here
  145 |   std::vector<CollideMesh> cmeshes;
      |                            ^~~~~~~
/home/emeric/code/jak-project/./goalc/build_actor/jak1/build_actor.h:154:43: warning: declaration of ‘name’ shadows a member of ‘jak1::ArtJointGeo’ [-Wshadow]
  154 |   explicit ArtJointGeo(const std::string& name,
      |                        ~~~~~~~~~~~~~~~~~~~^~~~
In file included from /home/emeric/code/jak-project/./goalc/build_actor/common/build_actor.h:6:
/home/emeric/code/jak-project/./goalc/build_actor/common/art_types.h:12:15: note: shadowed declaration is here
   12 |   std::string name;
      |               ^~~~
/home/emeric/code/jak-project/./goalc/build_actor/jak1/build_actor.h: In constructor ‘jak1::ArtJointAnim::ArtJointAnim(const std::string&, const std::vector<Joint>&)’:
/home/emeric/code/jak-project/./goalc/build_actor/jak1/build_actor.h:186:35: warning: declaration of ‘name’ shadows a member of ‘jak1::ArtJointAnim’ [-Wshadow]
  186 |   ArtJointAnim(const std::string& name, const std::vector<Joint>& joints) {
      |                ~~~~~~~~~~~~~~~~~~~^~~~
/home/emeric/code/jak-project/./goalc/build_actor/common/art_types.h:12:15: note: shadowed declaration is here
   12 |   std::string name;
      |               ^~~~
[61/170] Building CXX object decompiler/CMakeFiles/decomp.dir/level_extractor/extract_shrub.cpp.o
[62/170] Building CXX object decompiler/CMakeFiles/decomp.dir/level_extractor/extract_tie.cpp.o
[63/170] Building CXX object decompiler/CMakeFiles/decomp.dir/level_extractor/merc_replacement.cpp.o
/home/emeric/code/jak-project/decompiler/level_extractor/merc_replacement.cpp: In function ‘void decompiler::extract(tfrag3::MercModel&, gltf_util::MercExtractData&, const tinygltf::Model&, const std::vector<gltf_util::NodeWithTransform>&, u32, u32, u32, bool&)’:
/home/emeric/code/jak-project/decompiler/level_extractor/merc_replacement.cpp:97:17: warning: unused variable ‘mat’ [-Wunused-variable]
   97 |     const auto& mat = model.materials[mat_idx];
      |                 ^~~
[64/170] Building CXX object decompiler/CMakeFiles/decomp.dir/level_extractor/MercData.cpp.o
[65/170] Building CXX object decompiler/CMakeFiles/decomp.dir/level_extractor/extract_merc.cpp.o
[66/170] Building CXX object decompiler/CMakeFiles/decomp.dir/level_extractor/fr3_to_gltf.cpp.o
/home/emeric/code/jak-project/decompiler/level_extractor/fr3_to_gltf.cpp: In function ‘void {anonymous}::add_merc(const tfrag3::Level&, const std::map<std::__cxx11::basic_string<char>, level_tools::ArtData>&, const tfrag3::MercModel&, tinygltf::Model&, std::unordered_map<int, int>&)’:
/home/emeric/code/jak-project/decompiler/level_extractor/fr3_to_gltf.cpp:1299:17: warning: comparison of integer expressions of different signedness: ‘int’ and ‘std::vector<tinygltf::Skin>::size_type’ {aka ‘long unsigned int’} [-Wsign-compare]
 1299 |       node.skin < model.skins.size()) {
      |       ~~~~~~~~~~^~~~~~~~~~~~~~~~~~~~
[67/170] Building CXX object decompiler/CMakeFiles/decomp.dir/ObjectFile/LinkedObjectFileCreation.cpp.o
[68/170] Building CXX object decompiler/CMakeFiles/decomp.dir/util/config_parsers.cpp.o
[69/170] Building CXX object decompiler/CMakeFiles/decomp.dir/ObjectFile/LinkedObjectFile.cpp.o
/home/emeric/code/jak-project/decompiler/ObjectFile/LinkedObjectFile.cpp: In member function ‘void decompiler::LinkedObjectFile::find_functions(GameVersion)’:
/home/emeric/code/jak-project/decompiler/ObjectFile/LinkedObjectFile.cpp:419:51: warning: declaration of ‘version’ shadows a member of ‘decompiler::LinkedObjectFile’ [-Wshadow]
  419 | void LinkedObjectFile::find_functions(GameVersion version) {
      |                                       ~~~~~~~~~~~~^~~~~~~
In file included from /home/emeric/code/jak-project/decompiler/ObjectFile/LinkedObjectFile.cpp:6:
/home/emeric/code/jak-project/decompiler/ObjectFile/LinkedObjectFile.h:144:15: note: shadowed declaration is here
  144 |   GameVersion version;
      |               ^~~~~~~
[70/170] Building CXX object decompiler/CMakeFiles/decomp.dir/ObjectFile/ObjectFileDB.cpp.o
[71/170] Building CXX object decompiler/CMakeFiles/decomp.dir/types2/types2.cpp.o
/home/emeric/code/jak-project/decompiler/types2/types2.cpp: In function ‘bool decompiler::types2::tp_lca(TypeState*, const TypeState&, decompiler::DecompilerTypeSystem&)’:
/home/emeric/code/jak-project/decompiler/types2/types2.cpp:409:18: warning: declaration of ‘x’ shadows a previous local [-Wshadow]
  409 |       for (auto& x : combined->stack_slot_types) {
      |                  ^
/home/emeric/code/jak-project/decompiler/types2/types2.cpp:404:14: note: shadowed declaration is here
  404 |   for (auto& x : add.stack_slot_types) {
      |              ^
[72/170] Building CXX object decompiler/CMakeFiles/decomp.dir/types2/ForwardProp.cpp.o
[73/170] Building CXX object decompiler/CMakeFiles/decomp.dir/ObjectFile/ObjectFileDB_IR2.cpp.o
/home/emeric/code/jak-project/decompiler/ObjectFile/ObjectFileDB_IR2.cpp: In member function ‘void decompiler::ObjectFileDB::ir2_analyze_all_types(const ghc::filesystem::path&, const std::optional<std::__cxx11::basic_string<char> >&, const std::unordered_set<std::__cxx11::basic_string<char> >&)’:
/home/emeric/code/jak-project/decompiler/ObjectFile/ObjectFileDB_IR2.cpp:373:27: warning: declaration of ‘obj_name’ shadows a previous local [-Wshadow]
  373 |         for (const auto& [obj_name, type_names] : all_type_names) {
      |                           ^~~~~~~~
/home/emeric/code/jak-project/decompiler/ObjectFile/ObjectFileDB_IR2.cpp:366:15: note: shadowed declaration is here
  366 |   for (auto& [obj_name, obj_info] : per_object) {
      |               ^~~~~~~~
[74/170] Building CXX object decompiler/CMakeFiles/decomp.dir/util/DecompilerTypeSystem.cpp.o
[75/170] Creating library symlink third-party/SDL/libSDL3.so.0 third-party/SDL/libSDL3.so
[76/170] Building CXX object decompiler/CMakeFiles/decomp.dir/util/goal_data_reader.cpp.o
[77/170] Linking CXX shared library third-party/imgui/libimgui.so
[78/170] Building CXX object decompiler/CMakeFiles/decomp.dir/util/sparticle_decompile.cpp.o
[79/170] Building CXX object game/CMakeFiles/runtime.dir/graphics/opengl_renderer/background/Hfrag.cpp.o
[80/170] Building CXX object game/CMakeFiles/runtime.dir/graphics/opengl_renderer/background/background_common.cpp.o
/home/emeric/code/jak-project/game/graphics/opengl_renderer/background/background_common.cpp: In function ‘void first_tfrag_draw_setup(const GoalBackgroundCameraData&, SharedRenderState*, ShaderId)’:
/home/emeric/code/jak-project/game/graphics/opengl_renderer/background/background_common.cpp:3059:15: warning: declaration of ‘sd’ shadows a previous local [-Wshadow]
 3059 |         float sd = -uu / 0.45f;
      |               ^~
/home/emeric/code/jak-project/game/graphics/opengl_renderer/background/background_common.cpp:2249:9: note: shadowed declaration is here
 2249 |   float sd[3] = {-gs.recharged_pbr_shadow[0], -gs.recharged_pbr_shadow[1], -gs.recharged_pbr_shadow[2]};
      |         ^~
[81/170] Building CXX object game/CMakeFiles/runtime.dir/graphics/opengl_renderer/background/foliage_wind.cpp.o
[82/170] Building CXX object decompiler/CMakeFiles/decomp.dir/decompilation_process.cpp.o
[83/170] Building CXX object game/CMakeFiles/runtime.dir/graphics/opengl_renderer/background/MeshBrowserGizmos.cpp.o
[84/170] Building CXX object decompiler/CMakeFiles/decomp.dir/util/data_decompile.cpp.o
/home/emeric/code/jak-project/decompiler/util/data_decompile.cpp: In lambda function:
/home/emeric/code/jak-project/decompiler/util/data_decompile.cpp:1685:64: warning: declaration of ‘const TypeSpec& ts’ shadows a parameter [-Wshadow]
 1685 |   auto print_int = [](s64 val, bool is_signed, const TypeSpec& ts, s64 hex_cutoff = 100) {
      |                                                ~~~~~~~~~~~~~~~~^~
/home/emeric/code/jak-project/decompiler/util/data_decompile.cpp:1633:48: note: shadowed declaration is here
 1633 |                              const TypeSystem& ts,
      |                              ~~~~~~~~~~~~~~~~~~^~
/home/emeric/code/jak-project/decompiler/util/data_decompile.cpp: In lambda function:
/home/emeric/code/jak-project/decompiler/util/data_decompile.cpp:1695:53: warning: declaration of ‘const TypeSpec& ts’ shadows a parameter [-Wshadow]
 1695 |   auto print_float = [](double val, const TypeSpec& ts) {
      |                                     ~~~~~~~~~~~~~~~~^~
/home/emeric/code/jak-project/decompiler/util/data_decompile.cpp:1633:48: note: shadowed declaration is here
 1633 |                              const TypeSystem& ts,
      |                              ~~~~~~~~~~~~~~~~~~^~
[85/170] Building CXX object game/CMakeFiles/runtime.dir/graphics/opengl_renderer/background/Shrub.cpp.o
/home/emeric/code/jak-project/game/graphics/opengl_renderer/background/Shrub.cpp: In lambda function:
/home/emeric/code/jak-project/game/graphics/opengl_renderer/background/Shrub.cpp:427:30: warning: declaration of ‘i’ shadows a previous local [-Wshadow]
  427 |       auto edge_sq = [&](u32 i, u32 j) {
      |                          ~~~~^
/home/emeric/code/jak-project/game/graphics/opengl_renderer/background/Shrub.cpp:256:12: note: shadowed declaration is here
  256 |     size_t i = 0;
      |            ^
[86/170] Building CXX object decompiler/CMakeFiles/decomp.dir/config.cpp.o
[87/170] Building CXX object game/CMakeFiles/runtime.dir/graphics/opengl_renderer/BucketRenderer.cpp.o
[88/170] Building CXX object game/CMakeFiles/runtime.dir/graphics/opengl_renderer/BlitDisplays.cpp.o
/home/emeric/code/jak-project/game/graphics/opengl_renderer/BlitDisplays.cpp: In member function ‘virtual void BlitDisplays::render(DmaFollower&, SharedRenderState*, ScopedProfilerNode&)’:
/home/emeric/code/jak-project/game/graphics/opengl_renderer/BlitDisplays.cpp:40:47: warning: unused parameter ‘prof’ [-Wunused-parameter]
   40 |                           ScopedProfilerNode& prof) {
      |                           ~~~~~~~~~~~~~~~~~~~~^~~~
[89/170] Linking CXX shared library decompiler/libdecomp.so
[90/170] Building CXX object game/CMakeFiles/runtime.dir/graphics/opengl_renderer/background/TFragment.cpp.o
[91/170] Building CXX object game/CMakeFiles/runtime.dir/graphics/opengl_renderer/CollideMeshRenderer.cpp.o
[92/170] Building CXX object game/CMakeFiles/runtime.dir/graphics/opengl_renderer/background/Tie3.cpp.o
/home/emeric/code/jak-project/game/graphics/opengl_renderer/background/Tie3.cpp: In member function ‘void Tie3::load_from_fr3_data(const LevelData*)’:
/home/emeric/code/jak-project/game/graphics/opengl_renderer/background/Tie3.cpp:371:12: warning: declaration of ‘ul’ shadows a previous local [-Wshadow]
  371 |       auto ul = scoped_prof("load-tree");
      |            ^~
/home/emeric/code/jak-project/game/graphics/opengl_renderer/background/Tie3.cpp:294:8: note: shadowed declaration is here
  294 |   auto ul = scoped_prof("update-load");
      |        ^~
[93/170] Building CXX object game/CMakeFiles/runtime.dir/graphics/opengl_renderer/hdr.cpp.o
[94/170] Building CXX object game/CMakeFiles/runtime.dir/graphics/opengl_renderer/DepthCue.cpp.o
[95/170] Building CXX object game/CMakeFiles/runtime.dir/graphics/opengl_renderer/DirectRenderer2.cpp.o
[96/170] Building CXX object game/CMakeFiles/runtime.dir/graphics/opengl_renderer/DirectRenderer.cpp.o
[97/170] Building CXX object game/CMakeFiles/runtime.dir/graphics/opengl_renderer/foreground/Generic2_Build.cpp.o
[98/170] Building CXX object game/CMakeFiles/runtime.dir/graphics/refset.cpp.o
/home/emeric/code/jak-project/game/graphics/refset.cpp: In lambda function:
/home/emeric/code/jak-project/game/graphics/refset.cpp:1735:23: warning: passing ‘bool’ chooses ‘int’ over ‘unsigned int’ [-Wsign-promo]
 1735 |     add(std::to_string(tune.set));
      |         ~~~~~~~~~~~~~~^~~~~~~~~~
/home/emeric/code/jak-project/game/graphics/refset.cpp:1735:23: warning:   in call to ‘std::string std::__cxx11::to_string(int)’ [-Wsign-promo]
/home/emeric/code/jak-project/game/graphics/refset.cpp: In function ‘bool refset::enabled()’:
/home/emeric/code/jak-project/game/graphics/refset.cpp:2021:18: warning: declaration of ‘v’ shadows a previous local [-Wshadow]
 2021 |       const long v = std::strtol(av, nullptr, 10);
      |                  ^
/home/emeric/code/jak-project/game/graphics/refset.cpp:1970:8: note: shadowed declaration is here
 1970 |   char v[32] = {0};
      |        ^
/home/emeric/code/jak-project/game/graphics/refset.cpp:2030:18: warning: declaration of ‘v’ shadows a previous local [-Wshadow]
 2030 |       const long v = std::strtol(sv, nullptr, 10);
      |                  ^
/home/emeric/code/jak-project/game/graphics/refset.cpp:1970:8: note: shadowed declaration is here
 1970 |   char v[32] = {0};
      |        ^
/home/emeric/code/jak-project/game/graphics/refset.cpp:2165:34: warning: declaration of ‘d’ shadows a previous local [-Wshadow]
 2165 |         int a = 0, b = 0, c = 0, d = 0;
      |                                  ^
/home/emeric/code/jak-project/game/graphics/refset.cpp:2000:8: note: shadowed declaration is here
 2000 |   char d[512] = {0};
      |        ^
/home/emeric/code/jak-project/game/graphics/refset.cpp:2178:27: warning: declaration of ‘d’ shadows a previous local [-Wshadow]
 2178 |         int p = 0, y = 0, d = 0, h = 0;
      |                           ^
/home/emeric/code/jak-project/game/graphics/refset.cpp:2000:8: note: shadowed declaration is here
 2000 |   char d[512] = {0};
      |        ^
[99/170] Building CXX object game/CMakeFiles/runtime.dir/graphics/opengl_renderer/foreground/Generic2_DMA.cpp.o
/home/emeric/code/jak-project/game/graphics/opengl_renderer/foreground/Generic2_DMA.cpp: In member function ‘void Generic2::process_dma_prim(DmaFollower&, u32)’:
/home/emeric/code/jak-project/game/graphics/opengl_renderer/foreground/Generic2_DMA.cpp:579:15: warning: cast from type ‘const u8*’ {aka ‘const unsigned char*’} to type ‘u64*’ {aka ‘long unsigned int*’} casts away qualifiers [-Wcast-qual]
  579 |   u64* u64s = (u64*)direct_setup.data;
      |               ^~~~~~~~~~~~~~~~~~~~~~~
[100/170] Building CXX object game/CMakeFiles/runtime.dir/graphics/opengl_renderer/foreground/Generic2_OpenGL.cpp.o
[101/170] Building CXX object game/CMakeFiles/runtime.dir/graphics/opengl_renderer/foreground/Generic2.cpp.o
[102/170] Building CXX object game/CMakeFiles/runtime.dir/graphics/opengl_renderer/EyeRenderer.cpp.o
[103/170] Building CXX object game/CMakeFiles/runtime.dir/graphics/opengl_renderer/foreground/Generic2BucketRenderer.cpp.o
[104/170] Building CXX object game/CMakeFiles/runtime.dir/graphics/opengl_renderer/foreground/Merc2BucketRenderer.cpp.o
[105/170] Building CXX object game/CMakeFiles/runtime.dir/graphics/opengl_renderer/foreground/Shadow2.cpp.o
[106/170] Building CXX object game/CMakeFiles/runtime.dir/graphics/opengl_renderer/ocean/CommonOceanRenderer.cpp.o
/home/emeric/code/jak-project/game/graphics/opengl_renderer/ocean/CommonOceanRenderer.cpp: In member function ‘void CommonOceanRenderer::kick_from_mid(const u8*)’:
/home/emeric/code/jak-project/game/graphics/opengl_renderer/ocean/CommonOceanRenderer.cpp:369:32: warning: variable ‘reg_desc’ set but not used [-Wunused-but-set-variable]
  369 |     GifTag::RegisterDescriptor reg_desc[16];
      |                                ^~~~~~~~
[107/170] Building CXX object game/CMakeFiles/runtime.dir/graphics/opengl_renderer/loader/LoaderStages.cpp.o
In file included from /home/emeric/code/jak-project/game/graphics/opengl_renderer/loader/LoaderStages.cpp:10:
/home/emeric/code/jak-project/./common/util/rss_census.h: In function ‘void rss_census::mark(const char*)’:
/home/emeric/code/jak-project/./common/util/rss_census.h:115:34: warning: ‘mallinfo mallinfo()’ is deprecated [-Wdeprecated-declarations]
  115 |     struct mallinfo mi = mallinfo();
      |                          ~~~~~~~~^~
In file included from /home/emeric/code/jak-project/./common/util/rss_census.h:30:
/usr/include/malloc.h:114:24: note: declared here
  114 | extern struct mallinfo mallinfo (void) __THROW __MALLOC_DEPRECATED;
      |                        ^~~~~~~~
[108/170] Building CXX object game/CMakeFiles/runtime.dir/graphics/opengl_renderer/ocean/OceanMid.cpp.o
[109/170] Building CXX object game/CMakeFiles/runtime.dir/graphics/opengl_renderer/ocean/OceanMid_PS2.cpp.o
[110/170] Building CXX object game/CMakeFiles/runtime.dir/graphics/opengl_renderer/ocean/OceanMidAndFar.cpp.o
[111/170] Building CXX object game/CMakeFiles/runtime.dir/graphics/opengl_renderer/loader/Loader.cpp.o
In file included from /home/emeric/code/jak-project/game/graphics/opengl_renderer/loader/Loader.cpp:25:
/home/emeric/code/jak-project/./common/util/rss_census.h: In function ‘void rss_census::mark(const char*)’:
/home/emeric/code/jak-project/./common/util/rss_census.h:115:34: warning: ‘mallinfo mallinfo()’ is deprecated [-Wdeprecated-declarations]
  115 |     struct mallinfo mi = mallinfo();
      |                          ~~~~~~~~^~
In file included from /home/emeric/code/jak-project/./common/util/rss_census.h:30:
/usr/include/malloc.h:114:24: note: declared here
  114 | extern struct mallinfo mallinfo (void) __THROW __MALLOC_DEPRECATED;
      |                        ^~~~~~~~
[112/170] Building CXX object game/CMakeFiles/runtime.dir/graphics/opengl_renderer/foreground/Merc2.cpp.o
/home/emeric/code/jak-project/game/graphics/opengl_renderer/foreground/Merc2.cpp: In member function ‘void Merc2::model_mod_draws(int, const tfrag3::MercModel*, const LevelData*, const u8*, const u8*, ModBuffers*, MercDebugStats*)’:
/home/emeric/code/jak-project/game/graphics/opengl_renderer/foreground/Merc2.cpp:1356:12: warning: declaration of ‘p’ shadows a previous local [-Wshadow]
 1356 |       auto p = scoped_prof("vert-math");
      |            ^
/home/emeric/code/jak-project/game/graphics/opengl_renderer/foreground/Merc2.cpp:1289:8: note: shadowed declaration is here
 1289 |   auto p = scoped_prof("update-verts");
      |        ^
/home/emeric/code/jak-project/game/graphics/opengl_renderer/foreground/Merc2.cpp: In member function ‘void Merc2::handle_pc_model(const DmaTransfer&, SharedRenderState*, ScopedProfilerNode&, MercDebugStats*)’:
/home/emeric/code/jak-project/game/graphics/opengl_renderer/foreground/Merc2.cpp:2270:24: warning: declaration of ‘p’ shadows a previous local [-Wshadow]
 2270 |       for (const auto& p : s_hd_cover_pairs) {
      |                        ^
/home/emeric/code/jak-project/game/graphics/opengl_renderer/foreground/Merc2.cpp:2212:8: note: shadowed declaration is here
 2212 |   auto p = scoped_prof("init-pc");
      |        ^
[113/170] Building CXX object game/CMakeFiles/runtime.dir/graphics/opengl_renderer/ocean/OceanNear.cpp.o
[114/170] Building CXX object game/CMakeFiles/runtime.dir/graphics/opengl_renderer/ocean/OceanTexture_PC.cpp.o
/home/emeric/code/jak-project/game/graphics/opengl_renderer/ocean/OceanTexture_PC.cpp: In member function ‘void OceanTexture::run_L3_PC_jak2()’:
/home/emeric/code/jak-project/game/graphics/opengl_renderer/ocean/OceanTexture_PC.cpp:517:6: warning: ‘res2.Vf::data[2]’ is used uninitialized [-Wuninitialized]
  517 |   Vf res2;  // vf22
      |      ^~~~
/home/emeric/code/jak-project/game/graphics/opengl_renderer/ocean/OceanTexture_PC.cpp:517:6: warning: ‘res2.Vf::data[3]’ is used uninitialized [-Wuninitialized]
In file included from /home/emeric/code/jak-project/game/graphics/opengl_renderer/ocean/OceanTexture.h:3,
                 from /home/emeric/code/jak-project/game/graphics/opengl_renderer/ocean/OceanTexture_PC.cpp:1:
In member function ‘void Vf::add(Mask, const Vf&, float)’,
    inlined from ‘void OceanTexture::run_L3_PC_jak2()’ at /home/emeric/code/jak-project/game/graphics/opengl_renderer/ocean/OceanTexture_PC.cpp:556:11:
/home/emeric/code/jak-project/./game/common/vu.h:295:24: warning: ‘res2.Vf::data[0]’ is used uninitialized [-Wuninitialized]
  295 |         data[i] = a[i] + b;
      |                   ~~~~~^~~
/home/emeric/code/jak-project/game/graphics/opengl_renderer/ocean/OceanTexture_PC.cpp: In member function ‘void OceanTexture::run_L3_PC_jak2()’:
/home/emeric/code/jak-project/game/graphics/opengl_renderer/ocean/OceanTexture_PC.cpp:517:6: note: ‘res2.Vf::data[0]’ was declared here
  517 |   Vf res2;  // vf22
      |      ^~~~
In function ‘void {anonymous}::sq_buffer(Mask, const Vf&, Vf*)’,
    inlined from ‘void OceanTexture::run_L3_PC_jak2()’ at /home/emeric/code/jak-project/game/graphics/opengl_renderer/ocean/OceanTexture_PC.cpp:567:50:
/home/emeric/code/jak-project/game/graphics/opengl_renderer/ocean/OceanTexture_PC.cpp:124:21: warning: ‘res2.Vf::data[1]’ is used uninitialized [-Wuninitialized]
  124 |       dest->data[i] = src.data[i];
      |       ~~~~~~~~~~~~~~^~~~~~~~~~~~~
/home/emeric/code/jak-project/game/graphics/opengl_renderer/ocean/OceanTexture_PC.cpp: In member function ‘void OceanTexture::run_L3_PC_jak2()’:
/home/emeric/code/jak-project/game/graphics/opengl_renderer/ocean/OceanTexture_PC.cpp:517:6: note: ‘res2.Vf::data[1]’ was declared here
  517 |   Vf res2;  // vf22
      |      ^~~~
[115/170] Building CXX object game/CMakeFiles/runtime.dir/graphics/opengl_renderer/ocean/OceanTexture.cpp.o
[116/170] Building CXX object game/CMakeFiles/runtime.dir/graphics/opengl_renderer/ocean/OceanNear_PS2.cpp.o
[117/170] Building CXX object game/CMakeFiles/runtime.dir/graphics/opengl_renderer/AmbientOcclusion.cpp.o
[118/170] Building CXX object game/CMakeFiles/runtime.dir/graphics/opengl_renderer/opengl_utils.cpp.o
[119/170] Building CXX object game/CMakeFiles/runtime.dir/graphics/opengl_renderer/ProgressRenderer.cpp.o
[120/170] Building CXX object game/CMakeFiles/runtime.dir/graphics/opengl_renderer/Shadow_PS2.cpp.o
[121/170] Building CXX object game/CMakeFiles/runtime.dir/graphics/opengl_renderer/GrassRenderer.cpp.o
[122/170] Building CXX object game/CMakeFiles/runtime.dir/graphics/opengl_renderer/ShadowRenderer.cpp.o
[123/170] Building CXX object game/CMakeFiles/runtime.dir/graphics/opengl_renderer/SkyBlendGPU.cpp.o
[124/170] Building CXX object game/CMakeFiles/runtime.dir/graphics/opengl_renderer/SkyBlendCPU.cpp.o
[125/170] Building CXX object game/CMakeFiles/runtime.dir/graphics/opengl_renderer/SlowTimeEffect.cpp.o
[126/170] Building CXX object game/CMakeFiles/runtime.dir/graphics/opengl_renderer/SkyRenderer.cpp.o
[127/170] Building CXX object game/CMakeFiles/runtime.dir/graphics/opengl_renderer/OpenGLRenderer.cpp.o
In file included from /home/emeric/code/jak-project/game/graphics/opengl_renderer/OpenGLRenderer.cpp:14:
/home/emeric/code/jak-project/./common/util/rss_census.h: In function ‘void rss_census::mark(const char*)’:
/home/emeric/code/jak-project/./common/util/rss_census.h:115:34: warning: ‘mallinfo mallinfo()’ is deprecated [-Wdeprecated-declarations]
  115 |     struct mallinfo mi = mallinfo();
      |                          ~~~~~~~~^~
In file included from /home/emeric/code/jak-project/./common/util/rss_census.h:30:
/usr/include/malloc.h:114:24: note: declared here
  114 | extern struct mallinfo mallinfo (void) __THROW __MALLOC_DEPRECATED;
      |                        ^~~~~~~~
[128/170] Building CXX object game/CMakeFiles/runtime.dir/graphics/opengl_renderer/GrassBakeCore.cpp.o
/home/emeric/code/jak-project/game/graphics/opengl_renderer/GrassBakeCore.cpp: In function ‘grass_bake::BakeData grass_bake::scan_level(const tfrag3::Level&, const std::string&, u64, const ScanParams&)’:
/home/emeric/code/jak-project/game/graphics/opengl_renderer/GrassBakeCore.cpp:1320:23: warning: declaration of ‘U’ shadows a global declaration [-Wshadow]
 1320 |       constexpr float U = 4096.f;
      |                       ^
In file included from /home/emeric/code/jak-project/game/graphics/opengl_renderer/GrassBakeCore.cpp:1:
/home/emeric/code/jak-project/game/graphics/opengl_renderer/GrassBakeCore.h:42:17: note: shadowed declaration is here
   42 | constexpr float U = 4096.0f;              // GOAL world units per meter
      |                 ^
/home/emeric/code/jak-project/game/graphics/opengl_renderer/GrassBakeCore.cpp: In function ‘grass_bake::ExpandResult grass_bake::expand(const BakeData&, float)’:
/home/emeric/code/jak-project/game/graphics/opengl_renderer/GrassBakeCore.cpp:1740:8: warning: variable ‘cap_droop’ set but not used [-Wunused-but-set-variable]
 1740 |   auto cap_droop = [&](const float base[3], u32 host, const float n[3], float h_nat) -> float {
      |        ^~~~~~~~~
/home/emeric/code/jak-project/game/graphics/opengl_renderer/GrassBakeCore.cpp:1868:17: warning: ‘ox’ may be used uninitialized [-Wmaybe-uninitialized]
 1868 |           float ox, oz, ry, d2;
      |                 ^~
/home/emeric/code/jak-project/game/graphics/opengl_renderer/GrassBakeCore.cpp:1868:21: warning: ‘oz’ may be used uninitialized [-Wmaybe-uninitialized]
 1868 |           float ox, oz, ry, d2;
      |                     ^~
/home/emeric/code/jak-project/game/graphics/opengl_renderer/GrassBakeCore.cpp:2000:33: warning: ‘ry’ may be used uninitialized [-Wmaybe-uninitialized]
 2000 |             float depth_m = (ry - by) / U;  // strip drops below the lip -> positive
      |                             ~~~~^~~~~
/home/emeric/code/jak-project/game/graphics/opengl_renderer/GrassBakeCore.cpp:1997:27: note: ‘ry’ was declared here
 1997 |           float ox2, oz2, ry, d2;
      |                           ^~
[129/170] Building CXX object game/CMakeFiles/runtime.dir/graphics/opengl_renderer/sprite/GlowRenderer.cpp.o
/home/emeric/code/jak-project/game/graphics/opengl_renderer/sprite/GlowRenderer.cpp: In member function ‘void GlowRenderer::add_sprite_pass_3(const SpriteGlowOutput&, int)’:
/home/emeric/code/jak-project/game/graphics/opengl_renderer/sprite/GlowRenderer.cpp:512:12: warning: declaration of ‘x’ shadows a previous local [-Wshadow]
  512 |     GsZbuf x(data.adgif.clamp_data);
      |            ^
/home/emeric/code/jak-project/game/graphics/opengl_renderer/sprite/GlowRenderer.cpp:445:7: note: shadowed declaration is here
  445 |   int x = sprite_idx / kDownsampleBatchWidth;
      |       ^
[130/170] Building CXX object game/CMakeFiles/runtime.dir/graphics/opengl_renderer/sprite/Sprite3_Glow.cpp.o
[131/170] Building CXX object game/CMakeFiles/runtime.dir/graphics/opengl_renderer/sprite/Sprite3_Distort.cpp.o
[132/170] Building CXX object game/CMakeFiles/runtime.dir/graphics/opengl_renderer/TextureUploadHandler.cpp.o
[133/170] Building CXX object game/CMakeFiles/runtime.dir/graphics/opengl_renderer/sprite/Sprite3.cpp.o
[134/170] Building CXX object game/CMakeFiles/runtime.dir/graphics/opengl_renderer/VisDataHandler.cpp.o
[135/170] Building CXX object game/CMakeFiles/runtime.dir/graphics/opengl_renderer/Warp.cpp.o
[136/170] Building CXX object game/CMakeFiles/runtime.dir/system/pad_replay.cpp.o
[137/170] Building CXX object game/CMakeFiles/runtime.dir/graphics/opengl_renderer/TextureAnimatorDefs.cpp.o
[138/170] Building CXX object game/CMakeFiles/runtime.dir/graphics/opengl_renderer/TextureAnimator.cpp.o
In file included from /home/emeric/code/jak-project/./common/dma/dma.h:12,
                 from /home/emeric/code/jak-project/./common/dma/gs.h:3,
                 from /home/emeric/code/jak-project/./common/custom_data/Tfrag3Data.h:7,
                 from /home/emeric/code/jak-project/game/graphics/opengl_renderer/TextureAnimator.h:8,
                 from /home/emeric/code/jak-project/game/graphics/opengl_renderer/TextureAnimator.cpp:1:
/home/emeric/code/jak-project/game/graphics/opengl_renderer/TextureAnimator.cpp: In member function ‘void TextureAnimator::run_clut_blender_group(DmaTransfer&, int, u64, TexturePool*)’:
/home/emeric/code/jak-project/game/graphics/opengl_renderer/TextureAnimator.cpp:1685:24: warning: comparison of integer expressions of different signedness: ‘u32’ {aka ‘unsigned int’} and ‘int’ [-Wsign-compare]
 1685 |   ASSERT(tf.size_bytes == 16 + tbps_size);
      |          ~~~~~~~~~~~~~~^~~~~~~~~~~~~~~~~
/home/emeric/code/jak-project/./common/util/Assert.h:29:11: note: in definition of macro ‘ASSERT’
   29 |   (void)((EX) || (private_assert_failed(#EX, __FILE__, __LINE__, __PRETTY_FUNCTION__), 0))
      |           ^~
[139/170] Building CXX object goalc/CMakeFiles/compiler.dir/build_actor/common/animation_processing.cpp.o
[140/170] Building CXX object game/CMakeFiles/runtime.dir/graphics/pipelines/opengl.cpp.o
/home/emeric/code/jak-project/game/graphics/pipelines/opengl.cpp: In constructor ‘GraphicsData::GraphicsData(GameVersion)’:
/home/emeric/code/jak-project/game/graphics/pipelines/opengl.cpp:212:28: warning: declaration of ‘version’ shadows a member of ‘GraphicsData’ [-Wshadow]
  212 |   GraphicsData(GameVersion version)
      |                ~~~~~~~~~~~~^~~~~~~
/home/emeric/code/jak-project/game/graphics/pipelines/opengl.cpp:210:15: note: shadowed declaration is here
  210 |   GameVersion version;
      |               ^~~~~~~
/home/emeric/code/jak-project/game/graphics/pipelines/opengl.cpp: In lambda function:
/home/emeric/code/jak-project/game/graphics/pipelines/opengl.cpp:493:83: warning: declaration of ‘err’ shadows a previous local [-Wshadow]
  493 |   auto compile_shader = [](GLenum type, const char* src, GLint& compile_ok, char* err) -> GLuint {
      |                                                                             ~~~~~~^~~
/home/emeric/code/jak-project/game/graphics/pipelines/opengl.cpp:491:8: note: shadowed declaration is here
  491 |   char err[len];
      |        ^~~
/home/emeric/code/jak-project/game/graphics/pipelines/opengl.cpp:493:65: warning: declaration of ‘compile_ok’ shadows a previous local [-Wshadow]
  493 |   auto compile_shader = [](GLenum type, const char* src, GLint& compile_ok, char* err) -> GLuint {
      |                                                          ~~~~~~~^~~~~~~~~~
/home/emeric/code/jak-project/game/graphics/pipelines/opengl.cpp:490:9: note: shadowed declaration is here
  490 |   GLint compile_ok;
      |         ^~~~~~~~~~
[141/170] Building CXX object game/CMakeFiles/runtime.dir/kernel/common/kmachine.cpp.o
/home/emeric/code/jak-project/game/kernel/common/kmachine.cpp: In function ‘void pc_set_axis_scale(u32)’:
/home/emeric/code/jak-project/game/kernel/common/kmachine.cpp:1009:70: warning: dereferencing type-punned pointer will break strict-aliasing rules [-Wstrict-aliasing]
 1009 |     Display::GetMainDisplay()->get_input_manager()->set_axis_scale(*((float*)&val));
      |                                                                     ~^~~~~~~~~~~~~
/home/emeric/code/jak-project/game/kernel/common/kmachine.cpp: In function ‘u32 pc_get_axis_scale()’:
/home/emeric/code/jak-project/game/kernel/common/kmachine.cpp:1019:12: warning: dereferencing type-punned pointer will break strict-aliasing rules [-Wstrict-aliasing]
 1019 |   return *((u32*)&out);
      |           ~^~~~~~~~~~~
/home/emeric/code/jak-project/game/kernel/common/kmachine.cpp: In function ‘u64 CPadGetData(u64)’:
/home/emeric/code/jak-project/game/kernel/common/kmachine.cpp:212:19: warning: this statement may fall through [-Wimplicit-fallthrough=]
  212 |       cpad->state = 41;
      |       ~~~~~~~~~~~~^~~~
/home/emeric/code/jak-project/game/kernel/common/kmachine.cpp:213:5: note: here
  213 |     case 41:  // controller mode - change to dualshock mode!
      |     ^~~~
In file included from /home/emeric/code/jak-project/game/kernel/common/kmachine.cpp:7:
/home/emeric/code/jak-project/./common/symbols.h: In function ‘constexpr int true_symbol_offset(GameVersion)’:
/home/emeric/code/jak-project/./common/symbols.h:514:1: warning: control reaches end of non-void function [-Wreturn-type]
  514 | }
      | ^
/home/emeric/code/jak-project/game/kernel/common/kmachine.cpp: In function ‘u64 pc_get_display_name(u32, u32)’:
/home/emeric/code/jak-project/game/kernel/common/kmachine.cpp:640:9: warning: ‘char* strcpy(char*, const char*)’ offset 0 is out of the bounds [0, 0] [-Warray-bounds=]
  640 |   strcpy(Ptr<String>(str_dest_ptr).c()->data(), encoded_name.c_str());
      |   ~~~~~~^~~~~~~~~~~~~~~~~~~~~~~~~~~~~~~~~~~~~~~~~~~~~~~~~~~~~~~~~~~~~
/home/emeric/code/jak-project/game/kernel/common/kmachine.cpp: In function ‘u64 pc_get_controller_name(u32, u32)’:
/home/emeric/code/jak-project/game/kernel/common/kmachine.cpp:836:9: warning: ‘char* strcpy(char*, const char*)’ offset 0 is out of the bounds [0, 0] [-Warray-bounds=]
  836 |   strcpy(Ptr<String>(str_dest_ptr).c()->data(), encoded_name.c_str());
      |   ~~~~~~^~~~~~~~~~~~~~~~~~~~~~~~~~~~~~~~~~~~~~~~~~~~~~~~~~~~~~~~~~~~~
[142/170] Building CXX object goalc/CMakeFiles/compiler.dir/build_level/common/build_level.cpp.o
In file included from /home/emeric/code/jak-project/./goalc/build_actor/jak1/build_actor.h:7,
                 from /home/emeric/code/jak-project/./goalc/build_actor/common/MercExtract.h:5,
                 from /home/emeric/code/jak-project/goalc/build_level/common/build_level.h:12,
                 from /home/emeric/code/jak-project/goalc/build_level/common/build_level.cpp:1:
/home/emeric/code/jak-project/./goalc/build_actor/common/build_actor.h: In constructor ‘Joint::Joint(const std::string&, int, int, math::Matrix4f)’:
/home/emeric/code/jak-project/./goalc/build_actor/common/build_actor.h:15:73: warning: declaration of ‘bind_pose’ shadows a member of ‘Joint’ [-Wshadow]
   15 |   Joint(const std::string& name, int number, int parent, math::Matrix4f bind_pose) {
      |                                                          ~~~~~~~~~~~~~~~^~~~~~~~~
/home/emeric/code/jak-project/./goalc/build_actor/common/build_actor.h:13:18: note: shadowed declaration is here
   13 |   math::Matrix4f bind_pose{};
      |                  ^~~~~~~~~
/home/emeric/code/jak-project/./goalc/build_actor/common/build_actor.h:15:50: warning: declaration of ‘parent’ shadows a member of ‘Joint’ [-Wshadow]
   15 |   Joint(const std::string& name, int number, int parent, math::Matrix4f bind_pose) {
      |                                              ~~~~^~~~~~
/home/emeric/code/jak-project/./goalc/build_actor/common/build_actor.h:12:7: note: shadowed declaration is here
   12 |   int parent;
      |       ^~~~~~
/home/emeric/code/jak-project/./goalc/build_actor/common/build_actor.h:15:38: warning: declaration of ‘number’ shadows a member of ‘Joint’ [-Wshadow]
   15 |   Joint(const std::string& name, int number, int parent, math::Matrix4f bind_pose) {
      |                                  ~~~~^~~~~~
/home/emeric/code/jak-project/./goalc/build_actor/common/build_actor.h:11:7: note: shadowed declaration is here
   11 |   s32 number;
      |       ^~~~~~
/home/emeric/code/jak-project/./goalc/build_actor/common/build_actor.h:15:28: warning: declaration of ‘name’ shadows a member of ‘Joint’ [-Wshadow]
   15 |   Joint(const std::string& name, int number, int parent, math::Matrix4f bind_pose) {
      |         ~~~~~~~~~~~~~~~~~~~^~~~
/home/emeric/code/jak-project/./goalc/build_actor/common/build_actor.h:10:15: note: shadowed declaration is here
   10 |   std::string name;
      |               ^~~~
/home/emeric/code/jak-project/./goalc/build_actor/jak1/build_actor.h: In constructor ‘jak1::ArtJointGeo::ArtJointGeo(const std::string&, std::vector<jak1::CollideMesh>, std::vector<Joint>&, const jak1::BuildActorParams1&)’:
/home/emeric/code/jak-project/./goalc/build_actor/jak1/build_actor.h:155:49: warning: declaration of ‘cmeshes’ shadows a member of ‘jak1::ArtJointGeo’ [-Wshadow]
  155 |                        std::vector<CollideMesh> cmeshes,
      |                        ~~~~~~~~~~~~~~~~~~~~~~~~~^~~~~~~
/home/emeric/code/jak-project/./goalc/build_actor/jak1/build_actor.h:145:28: note: shadowed declaration is here
  145 |   std::vector<CollideMesh> cmeshes;
      |                            ^~~~~~~
/home/emeric/code/jak-project/./goalc/build_actor/jak1/build_actor.h:154:43: warning: declaration of ‘name’ shadows a member of ‘jak1::ArtJointGeo’ [-Wshadow]
  154 |   explicit ArtJointGeo(const std::string& name,
      |                        ~~~~~~~~~~~~~~~~~~~^~~~
In file included from /home/emeric/code/jak-project/./goalc/build_actor/jak1/build_actor.h:6:
/home/emeric/code/jak-project/./goalc/build_actor/common/art_types.h:12:15: note: shadowed declaration is here
   12 |   std::string name;
      |               ^~~~
/home/emeric/code/jak-project/./goalc/build_actor/jak1/build_actor.h: In constructor ‘jak1::ArtJointAnim::ArtJointAnim(const std::string&, const std::vector<Joint>&)’:
/home/emeric/code/jak-project/./goalc/build_actor/jak1/build_actor.h:186:35: warning: declaration of ‘name’ shadows a member of ‘jak1::ArtJointAnim’ [-Wshadow]
  186 |   ArtJointAnim(const std::string& name, const std::vector<Joint>& joints) {
      |                ~~~~~~~~~~~~~~~~~~~^~~~
/home/emeric/code/jak-project/./goalc/build_actor/common/art_types.h:12:15: note: shadowed declaration is here
   12 |   std::string name;
      |               ^~~~
In file included from /home/emeric/code/jak-project/./goalc/build_actor/common/MercExtract.h:6:
/home/emeric/code/jak-project/./goalc/build_actor/jak2/build_actor.h: In constructor ‘jak2::ArtJointGeo::ArtJointGeo(const std::string&, std::vector<jak2::CollideMesh>, std::vector<Joint>&, const jak2::BuildActorParams2&)’:
/home/emeric/code/jak-project/./goalc/build_actor/jak2/build_actor.h:137:49: warning: declaration of ‘cmeshes’ shadows a member of ‘jak2::ArtJointGeo’ [-Wshadow]
  137 |                        std::vector<CollideMesh> cmeshes,
      |                        ~~~~~~~~~~~~~~~~~~~~~~~~~^~~~~~~
/home/emeric/code/jak-project/./goalc/build_actor/jak2/build_actor.h:127:28: note: shadowed declaration is here
  127 |   std::vector<CollideMesh> cmeshes;
      |                            ^~~~~~~
/home/emeric/code/jak-project/./goalc/build_actor/jak2/build_actor.h:136:43: warning: declaration of ‘name’ shadows a member of ‘jak2::ArtJointGeo’ [-Wshadow]
  136 |   explicit ArtJointGeo(const std::string& name,
      |                        ~~~~~~~~~~~~~~~~~~~^~~~
/home/emeric/code/jak-project/./goalc/build_actor/common/art_types.h:12:15: note: shadowed declaration is here
   12 |   std::string name;
      |               ^~~~
/home/emeric/code/jak-project/./goalc/build_actor/jak2/build_actor.h: In constructor ‘jak2::ArtJointAnim::ArtJointAnim(const std::string&, const std::vector<Joint>&)’:
/home/emeric/code/jak-project/./goalc/build_actor/jak2/build_actor.h:167:35: warning: declaration of ‘name’ shadows a member of ‘jak2::ArtJointAnim’ [-Wshadow]
  167 |   ArtJointAnim(const std::string& name, const std::vector<Joint>& joints) {
      |                ~~~~~~~~~~~~~~~~~~~^~~~
/home/emeric/code/jak-project/./goalc/build_actor/common/art_types.h:12:15: note: shadowed declaration is here
   12 |   std::string name;
      |               ^~~~
In file included from /home/emeric/code/jak-project/./goalc/build_actor/common/MercExtract.h:7:
/home/emeric/code/jak-project/./goalc/build_actor/jak3/build_actor.h: In constructor ‘jak3::ArtJointGeo::ArtJointGeo(const std::string&, std::vector<jak3::CollideMesh>, std::vector<Joint>&, const jak3::BuildActorParams3&)’:
/home/emeric/code/jak-project/./goalc/build_actor/jak3/build_actor.h:143:49: warning: declaration of ‘cmeshes’ shadows a member of ‘jak3::ArtJointGeo’ [-Wshadow]
  143 |                        std::vector<CollideMesh> cmeshes,
      |                        ~~~~~~~~~~~~~~~~~~~~~~~~~^~~~~~~
/home/emeric/code/jak-project/./goalc/build_actor/jak3/build_actor.h:133:28: note: shadowed declaration is here
  133 |   std::vector<CollideMesh> cmeshes;
      |                            ^~~~~~~
/home/emeric/code/jak-project/./goalc/build_actor/jak3/build_actor.h:142:43: warning: declaration of ‘name’ shadows a member of ‘jak3::ArtJointGeo’ [-Wshadow]
  142 |   explicit ArtJointGeo(const std::string& name,
      |                        ~~~~~~~~~~~~~~~~~~~^~~~
/home/emeric/code/jak-project/./goalc/build_actor/common/art_types.h:12:15: note: shadowed declaration is here
   12 |   std::string name;
      |               ^~~~
/home/emeric/code/jak-project/./goalc/build_actor/jak3/build_actor.h: In constructor ‘jak3::ArtJointAnim::ArtJointAnim(const std::string&, const std::vector<Joint>&)’:
/home/emeric/code/jak-project/./goalc/build_actor/jak3/build_actor.h:173:35: warning: declaration of ‘name’ shadows a member of ‘jak3::ArtJointAnim’ [-Wshadow]
  173 |   ArtJointAnim(const std::string& name, const std::vector<Joint>& joints) {
      |                ~~~~~~~~~~~~~~~~~~~^~~~
/home/emeric/code/jak-project/./goalc/build_actor/common/art_types.h:12:15: note: shadowed declaration is here
   12 |   std::string name;
      |               ^~~~
[143/170] Building CXX object goalc/CMakeFiles/compiler.dir/build_actor/common/MercExtract.cpp.o
In file included from /home/emeric/code/jak-project/./goalc/build_actor/jak1/build_actor.h:7,
                 from /home/emeric/code/jak-project/goalc/build_actor/common/MercExtract.h:5,
                 from /home/emeric/code/jak-project/goalc/build_actor/common/MercExtract.cpp:1:
/home/emeric/code/jak-project/./goalc/build_actor/common/build_actor.h: In constructor ‘Joint::Joint(const std::string&, int, int, math::Matrix4f)’:
/home/emeric/code/jak-project/./goalc/build_actor/common/build_actor.h:15:73: warning: declaration of ‘bind_pose’ shadows a member of ‘Joint’ [-Wshadow]
   15 |   Joint(const std::string& name, int number, int parent, math::Matrix4f bind_pose) {
      |                                                          ~~~~~~~~~~~~~~~^~~~~~~~~
/home/emeric/code/jak-project/./goalc/build_actor/common/build_actor.h:13:18: note: shadowed declaration is here
   13 |   math::Matrix4f bind_pose{};
      |                  ^~~~~~~~~
/home/emeric/code/jak-project/./goalc/build_actor/common/build_actor.h:15:50: warning: declaration of ‘parent’ shadows a member of ‘Joint’ [-Wshadow]
   15 |   Joint(const std::string& name, int number, int parent, math::Matrix4f bind_pose) {
      |                                              ~~~~^~~~~~
/home/emeric/code/jak-project/./goalc/build_actor/common/build_actor.h:12:7: note: shadowed declaration is here
   12 |   int parent;
      |       ^~~~~~
/home/emeric/code/jak-project/./goalc/build_actor/common/build_actor.h:15:38: warning: declaration of ‘number’ shadows a member of ‘Joint’ [-Wshadow]
   15 |   Joint(const std::string& name, int number, int parent, math::Matrix4f bind_pose) {
      |                                  ~~~~^~~~~~
/home/emeric/code/jak-project/./goalc/build_actor/common/build_actor.h:11:7: note: shadowed declaration is here
   11 |   s32 number;
      |       ^~~~~~
/home/emeric/code/jak-project/./goalc/build_actor/common/build_actor.h:15:28: warning: declaration of ‘name’ shadows a member of ‘Joint’ [-Wshadow]
   15 |   Joint(const std::string& name, int number, int parent, math::Matrix4f bind_pose) {
      |         ~~~~~~~~~~~~~~~~~~~^~~~
/home/emeric/code/jak-project/./goalc/build_actor/common/build_actor.h:10:15: note: shadowed declaration is here
   10 |   std::string name;
      |               ^~~~
/home/emeric/code/jak-project/./goalc/build_actor/jak1/build_actor.h: In constructor ‘jak1::ArtJointGeo::ArtJointGeo(const std::string&, std::vector<jak1::CollideMesh>, std::vector<Joint>&, const jak1::BuildActorParams1&)’:
/home/emeric/code/jak-project/./goalc/build_actor/jak1/build_actor.h:155:49: warning: declaration of ‘cmeshes’ shadows a member of ‘jak1::ArtJointGeo’ [-Wshadow]
  155 |                        std::vector<CollideMesh> cmeshes,
      |                        ~~~~~~~~~~~~~~~~~~~~~~~~~^~~~~~~
/home/emeric/code/jak-project/./goalc/build_actor/jak1/build_actor.h:145:28: note: shadowed declaration is here
  145 |   std::vector<CollideMesh> cmeshes;
      |                            ^~~~~~~
/home/emeric/code/jak-project/./goalc/build_actor/jak1/build_actor.h:154:43: warning: declaration of ‘name’ shadows a member of ‘jak1::ArtJointGeo’ [-Wshadow]
  154 |   explicit ArtJointGeo(const std::string& name,
      |                        ~~~~~~~~~~~~~~~~~~~^~~~
In file included from /home/emeric/code/jak-project/./goalc/build_actor/jak1/build_actor.h:6:
/home/emeric/code/jak-project/./goalc/build_actor/common/art_types.h:12:15: note: shadowed declaration is here
   12 |   std::string name;
      |               ^~~~
/home/emeric/code/jak-project/./goalc/build_actor/jak1/build_actor.h: In constructor ‘jak1::ArtJointAnim::ArtJointAnim(const std::string&, const std::vector<Joint>&)’:
/home/emeric/code/jak-project/./goalc/build_actor/jak1/build_actor.h:186:35: warning: declaration of ‘name’ shadows a member of ‘jak1::ArtJointAnim’ [-Wshadow]
  186 |   ArtJointAnim(const std::string& name, const std::vector<Joint>& joints) {
      |                ~~~~~~~~~~~~~~~~~~~^~~~
/home/emeric/code/jak-project/./goalc/build_actor/common/art_types.h:12:15: note: shadowed declaration is here
   12 |   std::string name;
      |               ^~~~
In file included from /home/emeric/code/jak-project/goalc/build_actor/common/MercExtract.h:6:
/home/emeric/code/jak-project/./goalc/build_actor/jak2/build_actor.h: In constructor ‘jak2::ArtJointGeo::ArtJointGeo(const std::string&, std::vector<jak2::CollideMesh>, std::vector<Joint>&, const jak2::BuildActorParams2&)’:
/home/emeric/code/jak-project/./goalc/build_actor/jak2/build_actor.h:137:49: warning: declaration of ‘cmeshes’ shadows a member of ‘jak2::ArtJointGeo’ [-Wshadow]
  137 |                        std::vector<CollideMesh> cmeshes,
      |                        ~~~~~~~~~~~~~~~~~~~~~~~~~^~~~~~~
/home/emeric/code/jak-project/./goalc/build_actor/jak2/build_actor.h:127:28: note: shadowed declaration is here
  127 |   std::vector<CollideMesh> cmeshes;
      |                            ^~~~~~~
/home/emeric/code/jak-project/./goalc/build_actor/jak2/build_actor.h:136:43: warning: declaration of ‘name’ shadows a member of ‘jak2::ArtJointGeo’ [-Wshadow]
  136 |   explicit ArtJointGeo(const std::string& name,
      |                        ~~~~~~~~~~~~~~~~~~~^~~~
/home/emeric/code/jak-project/./goalc/build_actor/common/art_types.h:12:15: note: shadowed declaration is here
   12 |   std::string name;
      |               ^~~~
/home/emeric/code/jak-project/./goalc/build_actor/jak2/build_actor.h: In constructor ‘jak2::ArtJointAnim::ArtJointAnim(const std::string&, const std::vector<Joint>&)’:
/home/emeric/code/jak-project/./goalc/build_actor/jak2/build_actor.h:167:35: warning: declaration of ‘name’ shadows a member of ‘jak2::ArtJointAnim’ [-Wshadow]
  167 |   ArtJointAnim(const std::string& name, const std::vector<Joint>& joints) {
      |                ~~~~~~~~~~~~~~~~~~~^~~~
/home/emeric/code/jak-project/./goalc/build_actor/common/art_types.h:12:15: note: shadowed declaration is here
   12 |   std::string name;
      |               ^~~~
In file included from /home/emeric/code/jak-project/goalc/build_actor/common/MercExtract.h:7:
/home/emeric/code/jak-project/./goalc/build_actor/jak3/build_actor.h: In constructor ‘jak3::ArtJointGeo::ArtJointGeo(const std::string&, std::vector<jak3::CollideMesh>, std::vector<Joint>&, const jak3::BuildActorParams3&)’:
/home/emeric/code/jak-project/./goalc/build_actor/jak3/build_actor.h:143:49: warning: declaration of ‘cmeshes’ shadows a member of ‘jak3::ArtJointGeo’ [-Wshadow]
  143 |                        std::vector<CollideMesh> cmeshes,
      |                        ~~~~~~~~~~~~~~~~~~~~~~~~~^~~~~~~
/home/emeric/code/jak-project/./goalc/build_actor/jak3/build_actor.h:133:28: note: shadowed declaration is here
  133 |   std::vector<CollideMesh> cmeshes;
      |                            ^~~~~~~
/home/emeric/code/jak-project/./goalc/build_actor/jak3/build_actor.h:142:43: warning: declaration of ‘name’ shadows a member of ‘jak3::ArtJointGeo’ [-Wshadow]
  142 |   explicit ArtJointGeo(const std::string& name,
      |                        ~~~~~~~~~~~~~~~~~~~^~~~
/home/emeric/code/jak-project/./goalc/build_actor/common/art_types.h:12:15: note: shadowed declaration is here
   12 |   std::string name;
      |               ^~~~
/home/emeric/code/jak-project/./goalc/build_actor/jak3/build_actor.h: In constructor ‘jak3::ArtJointAnim::ArtJointAnim(const std::string&, const std::vector<Joint>&)’:
/home/emeric/code/jak-project/./goalc/build_actor/jak3/build_actor.h:173:35: warning: declaration of ‘name’ shadows a member of ‘jak3::ArtJointAnim’ [-Wshadow]
  173 |   ArtJointAnim(const std::string& name, const std::vector<Joint>& joints) {
      |                ~~~~~~~~~~~~~~~~~~~^~~~
/home/emeric/code/jak-project/./goalc/build_actor/common/art_types.h:12:15: note: shadowed declaration is here
   12 |   std::string name;
      |               ^~~~
[144/170] Building CXX object game/CMakeFiles/runtime.dir/kernel/jak1/kmachine.cpp.o
In file included from /home/emeric/code/jak-project/game/kernel/jak1/kmachine.cpp:58:
/home/emeric/code/jak-project/./game/kernel/common/ksocket.h:22:5: warning: redundant redeclaration of ‘u32 ReceiveToBuffer(char*)’ in same scope [-Wredundant-decls]
   22 | u32 ReceiveToBuffer(char* buff);
      |     ^~~~~~~~~~~~~~~
/home/emeric/code/jak-project/./game/kernel/common/ksocket.h:14:5: note: previous declaration of ‘u32 ReceiveToBuffer(char*)’
   14 | u32 ReceiveToBuffer(char* buff);
      |     ^~~~~~~~~~~~~~~
/home/emeric/code/jak-project/game/kernel/jak1/kmachine.cpp: In function ‘u64 jak1::f1_warp_run()’:
/home/emeric/code/jak-project/game/kernel/jak1/kmachine.cpp:5849:8: warning: unused variable ‘cont_buf’ [-Wunused-variable]
 5849 |   char cont_buf[128] = {0};
      |        ^~~~~~~~
/home/emeric/code/jak-project/game/kernel/jak1/kmachine.cpp: In function ‘bool jak1::want_prop_requested(const char*, const char*, char*, size_t)’:
/home/emeric/code/jak-project/game/kernel/jak1/kmachine.cpp:6643:62: warning: unused parameter ‘prop’ [-Wunused-parameter]
 6643 | static bool want_prop_requested(const char* env, const char* prop, char* out, size_t out_sz) {
      |                                                  ~~~~~~~~~~~~^~~~
/home/emeric/code/jak-project/game/kernel/jak1/kmachine.cpp: In function ‘bool jak1::phys_room_requested(const char*, const char*, char*, size_t)’:
/home/emeric/code/jak-project/game/kernel/jak1/kmachine.cpp:6827:62: warning: unused parameter ‘prop’ [-Wunused-parameter]
 6827 | static bool phys_room_requested(const char* env, const char* prop, char* out, size_t out_sz) {
      |                                                  ~~~~~~~~~~~~^~~~
In file included from /home/emeric/code/jak-project/game/kernel/jak1/kmachine.cpp:25:
/home/emeric/code/jak-project/./common/symbols.h: In function ‘constexpr int true_symbol_offset(GameVersion)’:
/home/emeric/code/jak-project/./common/symbols.h:514:1: warning: control reaches end of non-void function [-Wreturn-type]
  514 | }
      | ^
[145/170] Building CXX object goalc/CMakeFiles/compiler.dir/build_level/jak2/build_level.cpp.o
In file included from /home/emeric/code/jak-project/./goalc/build_actor/jak1/build_actor.h:7,
                 from /home/emeric/code/jak-project/./goalc/build_actor/common/MercExtract.h:5,
                 from /home/emeric/code/jak-project/./goalc/build_level/common/build_level.h:12,
                 from /home/emeric/code/jak-project/goalc/build_level/jak2/build_level.h:3,
                 from /home/emeric/code/jak-project/goalc/build_level/jak2/build_level.cpp:1:
/home/emeric/code/jak-project/./goalc/build_actor/common/build_actor.h: In constructor ‘Joint::Joint(const std::string&, int, int, math::Matrix4f)’:
/home/emeric/code/jak-project/./goalc/build_actor/common/build_actor.h:15:73: warning: declaration of ‘bind_pose’ shadows a member of ‘Joint’ [-Wshadow]
   15 |   Joint(const std::string& name, int number, int parent, math::Matrix4f bind_pose) {
      |                                                          ~~~~~~~~~~~~~~~^~~~~~~~~
/home/emeric/code/jak-project/./goalc/build_actor/common/build_actor.h:13:18: note: shadowed declaration is here
   13 |   math::Matrix4f bind_pose{};
      |                  ^~~~~~~~~
/home/emeric/code/jak-project/./goalc/build_actor/common/build_actor.h:15:50: warning: declaration of ‘parent’ shadows a member of ‘Joint’ [-Wshadow]
   15 |   Joint(const std::string& name, int number, int parent, math::Matrix4f bind_pose) {
      |                                              ~~~~^~~~~~
/home/emeric/code/jak-project/./goalc/build_actor/common/build_actor.h:12:7: note: shadowed declaration is here
   12 |   int parent;
      |       ^~~~~~
/home/emeric/code/jak-project/./goalc/build_actor/common/build_actor.h:15:38: warning: declaration of ‘number’ shadows a member of ‘Joint’ [-Wshadow]
   15 |   Joint(const std::string& name, int number, int parent, math::Matrix4f bind_pose) {
      |                                  ~~~~^~~~~~
/home/emeric/code/jak-project/./goalc/build_actor/common/build_actor.h:11:7: note: shadowed declaration is here
   11 |   s32 number;
      |       ^~~~~~
/home/emeric/code/jak-project/./goalc/build_actor/common/build_actor.h:15:28: warning: declaration of ‘name’ shadows a member of ‘Joint’ [-Wshadow]
   15 |   Joint(const std::string& name, int number, int parent, math::Matrix4f bind_pose) {
      |         ~~~~~~~~~~~~~~~~~~~^~~~
/home/emeric/code/jak-project/./goalc/build_actor/common/build_actor.h:10:15: note: shadowed declaration is here
   10 |   std::string name;
      |               ^~~~
/home/emeric/code/jak-project/./goalc/build_actor/jak1/build_actor.h: In constructor ‘jak1::ArtJointGeo::ArtJointGeo(const std::string&, std::vector<jak1::CollideMesh>, std::vector<Joint>&, const jak1::BuildActorParams1&)’:
/home/emeric/code/jak-project/./goalc/build_actor/jak1/build_actor.h:155:49: warning: declaration of ‘cmeshes’ shadows a member of ‘jak1::ArtJointGeo’ [-Wshadow]
  155 |                        std::vector<CollideMesh> cmeshes,
      |                        ~~~~~~~~~~~~~~~~~~~~~~~~~^~~~~~~
/home/emeric/code/jak-project/./goalc/build_actor/jak1/build_actor.h:145:28: note: shadowed declaration is here
  145 |   std::vector<CollideMesh> cmeshes;
      |                            ^~~~~~~
/home/emeric/code/jak-project/./goalc/build_actor/jak1/build_actor.h:154:43: warning: declaration of ‘name’ shadows a member of ‘jak1::ArtJointGeo’ [-Wshadow]
  154 |   explicit ArtJointGeo(const std::string& name,
      |                        ~~~~~~~~~~~~~~~~~~~^~~~
In file included from /home/emeric/code/jak-project/./goalc/build_actor/jak1/build_actor.h:6:
/home/emeric/code/jak-project/./goalc/build_actor/common/art_types.h:12:15: note: shadowed declaration is here
   12 |   std::string name;
      |               ^~~~
/home/emeric/code/jak-project/./goalc/build_actor/jak1/build_actor.h: In constructor ‘jak1::ArtJointAnim::ArtJointAnim(const std::string&, const std::vector<Joint>&)’:
/home/emeric/code/jak-project/./goalc/build_actor/jak1/build_actor.h:186:35: warning: declaration of ‘name’ shadows a member of ‘jak1::ArtJointAnim’ [-Wshadow]
  186 |   ArtJointAnim(const std::string& name, const std::vector<Joint>& joints) {
      |                ~~~~~~~~~~~~~~~~~~~^~~~
/home/emeric/code/jak-project/./goalc/build_actor/common/art_types.h:12:15: note: shadowed declaration is here
   12 |   std::string name;
      |               ^~~~
In file included from /home/emeric/code/jak-project/./goalc/build_actor/common/MercExtract.h:6:
/home/emeric/code/jak-project/./goalc/build_actor/jak2/build_actor.h: In constructor ‘jak2::ArtJointGeo::ArtJointGeo(const std::string&, std::vector<jak2::CollideMesh>, std::vector<Joint>&, const jak2::BuildActorParams2&)’:
/home/emeric/code/jak-project/./goalc/build_actor/jak2/build_actor.h:137:49: warning: declaration of ‘cmeshes’ shadows a member of ‘jak2::ArtJointGeo’ [-Wshadow]
  137 |                        std::vector<CollideMesh> cmeshes,
      |                        ~~~~~~~~~~~~~~~~~~~~~~~~~^~~~~~~
/home/emeric/code/jak-project/./goalc/build_actor/jak2/build_actor.h:127:28: note: shadowed declaration is here
  127 |   std::vector<CollideMesh> cmeshes;
      |                            ^~~~~~~
/home/emeric/code/jak-project/./goalc/build_actor/jak2/build_actor.h:136:43: warning: declaration of ‘name’ shadows a member of ‘jak2::ArtJointGeo’ [-Wshadow]
  136 |   explicit ArtJointGeo(const std::string& name,
      |                        ~~~~~~~~~~~~~~~~~~~^~~~
/home/emeric/code/jak-project/./goalc/build_actor/common/art_types.h:12:15: note: shadowed declaration is here
   12 |   std::string name;
      |               ^~~~
/home/emeric/code/jak-project/./goalc/build_actor/jak2/build_actor.h: In constructor ‘jak2::ArtJointAnim::ArtJointAnim(const std::string&, const std::vector<Joint>&)’:
/home/emeric/code/jak-project/./goalc/build_actor/jak2/build_actor.h:167:35: warning: declaration of ‘name’ shadows a member of ‘jak2::ArtJointAnim’ [-Wshadow]
  167 |   ArtJointAnim(const std::string& name, const std::vector<Joint>& joints) {
      |                ~~~~~~~~~~~~~~~~~~~^~~~
/home/emeric/code/jak-project/./goalc/build_actor/common/art_types.h:12:15: note: shadowed declaration is here
   12 |   std::string name;
      |               ^~~~
In file included from /home/emeric/code/jak-project/./goalc/build_actor/common/MercExtract.h:7:
/home/emeric/code/jak-project/./goalc/build_actor/jak3/build_actor.h: In constructor ‘jak3::ArtJointGeo::ArtJointGeo(const std::string&, std::vector<jak3::CollideMesh>, std::vector<Joint>&, const jak3::BuildActorParams3&)’:
/home/emeric/code/jak-project/./goalc/build_actor/jak3/build_actor.h:143:49: warning: declaration of ‘cmeshes’ shadows a member of ‘jak3::ArtJointGeo’ [-Wshadow]
  143 |                        std::vector<CollideMesh> cmeshes,
      |                        ~~~~~~~~~~~~~~~~~~~~~~~~~^~~~~~~
/home/emeric/code/jak-project/./goalc/build_actor/jak3/build_actor.h:133:28: note: shadowed declaration is here
  133 |   std::vector<CollideMesh> cmeshes;
      |                            ^~~~~~~
/home/emeric/code/jak-project/./goalc/build_actor/jak3/build_actor.h:142:43: warning: declaration of ‘name’ shadows a member of ‘jak3::ArtJointGeo’ [-Wshadow]
  142 |   explicit ArtJointGeo(const std::string& name,
      |                        ~~~~~~~~~~~~~~~~~~~^~~~
/home/emeric/code/jak-project/./goalc/build_actor/common/art_types.h:12:15: note: shadowed declaration is here
   12 |   std::string name;
      |               ^~~~
/home/emeric/code/jak-project/./goalc/build_actor/jak3/build_actor.h: In constructor ‘jak3::ArtJointAnim::ArtJointAnim(const std::string&, const std::vector<Joint>&)’:
/home/emeric/code/jak-project/./goalc/build_actor/jak3/build_actor.h:173:35: warning: declaration of ‘name’ shadows a member of ‘jak3::ArtJointAnim’ [-Wshadow]
  173 |   ArtJointAnim(const std::string& name, const std::vector<Joint>& joints) {
      |                ~~~~~~~~~~~~~~~~~~~^~~~
/home/emeric/code/jak-project/./goalc/build_actor/common/art_types.h:12:15: note: shadowed declaration is here
   12 |   std::string name;
      |               ^~~~
[146/170] Building CXX object goalc/CMakeFiles/compiler.dir/build_level/common/Entity.cpp.o
/home/emeric/code/jak-project/goalc/build_level/common/Entity.cpp: In function ‘math::Vector4f vectorm3_from_json(const nlohmann::json_abi_v3_12_0::json&)’:
/home/emeric/code/jak-project/goalc/build_level/common/Entity.cpp:3:57: warning: declaration of ‘json’ shadows a global declaration [-Wshadow]
    3 | math::Vector4f vectorm3_from_json(const nlohmann::json& json) {
      |                                   ~~~~~~~~~~~~~~~~~~~~~~^~~~
In file included from /home/emeric/code/jak-project/./common/repl/repl_wrapper.h:8,
                 from /home/emeric/code/jak-project/./common/goos/Reader.h:21,
                 from /home/emeric/code/jak-project/./common/goos/Printer.h:7,
                 from /home/emeric/code/jak-project/goalc/build_level/common/Entity.h:5,
                 from /home/emeric/code/jak-project/goalc/build_level/common/Entity.cpp:1:
/home/emeric/code/jak-project/./common/repl/config.h:12:7: note: shadowed declaration is here
   12 | using json = nlohmann::json;
      |       ^~~~
/home/emeric/code/jak-project/goalc/build_level/common/Entity.cpp: In function ‘math::Vector4f vectorm4_from_json(const nlohmann::json_abi_v3_12_0::json&)’:
/home/emeric/code/jak-project/goalc/build_level/common/Entity.cpp:13:57: warning: declaration of ‘json’ shadows a global declaration [-Wshadow]
   13 | math::Vector4f vectorm4_from_json(const nlohmann::json& json) {
      |                                   ~~~~~~~~~~~~~~~~~~~~~~^~~~
/home/emeric/code/jak-project/./common/repl/config.h:12:7: note: shadowed declaration is here
   12 | using json = nlohmann::json;
      |       ^~~~
/home/emeric/code/jak-project/goalc/build_level/common/Entity.cpp: In function ‘math::Vector4f movie_pos_from_json(const nlohmann::json_abi_v3_12_0::json&)’:
/home/emeric/code/jak-project/goalc/build_level/common/Entity.cpp:22:58: warning: declaration of ‘json’ shadows a global declaration [-Wshadow]
   22 | math::Vector4f movie_pos_from_json(const nlohmann::json& json) {
      |                                    ~~~~~~~~~~~~~~~~~~~~~~^~~~
/home/emeric/code/jak-project/./common/repl/config.h:12:7: note: shadowed declaration is here
   12 | using json = nlohmann::json;
      |       ^~~~
/home/emeric/code/jak-project/goalc/build_level/common/Entity.cpp: In function ‘math::Vector4f vector_from_json(const nlohmann::json_abi_v3_12_0::json&)’:
/home/emeric/code/jak-project/goalc/build_level/common/Entity.cpp:32:55: warning: declaration of ‘json’ shadows a global declaration [-Wshadow]
   32 | math::Vector4f vector_from_json(const nlohmann::json& json) {
      |                                 ~~~~~~~~~~~~~~~~~~~~~~^~~~
/home/emeric/code/jak-project/./common/repl/config.h:12:7: note: shadowed declaration is here
   12 | using json = nlohmann::json;
      |       ^~~~
/home/emeric/code/jak-project/goalc/build_level/common/Entity.cpp: In function ‘math::Vector4f vector_vol_from_json(const nlohmann::json_abi_v3_12_0::json&)’:
/home/emeric/code/jak-project/goalc/build_level/common/Entity.cpp:41:59: warning: declaration of ‘json’ shadows a global declaration [-Wshadow]
   41 | math::Vector4f vector_vol_from_json(const nlohmann::json& json) {
      |                                     ~~~~~~~~~~~~~~~~~~~~~~^~~~
/home/emeric/code/jak-project/./common/repl/config.h:12:7: note: shadowed declaration is here
   12 | using json = nlohmann::json;
      |       ^~~~
/home/emeric/code/jak-project/goalc/build_level/common/Entity.cpp: In function ‘std::vector<T> enum_from_json(const nlohmann::json_abi_v3_12_0::json&, decompiler::DecompilerTypeSystem&)’:
/home/emeric/code/jak-project/goalc/build_level/common/Entity.cpp:96:53: warning: declaration of ‘json’ shadows a global declaration [-Wshadow]
   96 | std::vector<T> enum_from_json(const nlohmann::json& json, decompiler::DecompilerTypeSystem& dts) {
      |                               ~~~~~~~~~~~~~~~~~~~~~~^~~~
/home/emeric/code/jak-project/./common/repl/config.h:12:7: note: shadowed declaration is here
   12 | using json = nlohmann::json;
      |       ^~~~
/home/emeric/code/jak-project/goalc/build_level/common/Entity.cpp: In lambda function:
/home/emeric/code/jak-project/goalc/build_level/common/Entity.cpp:112:35: warning: declaration of ‘json’ shadows a global declaration [-Wshadow]
  112 |             const nlohmann::json& json,
      |             ~~~~~~~~~~~~~~~~~~~~~~^~~~
/home/emeric/code/jak-project/./common/repl/config.h:12:7: note: shadowed declaration is here
   12 | using json = nlohmann::json;
      |       ^~~~
/home/emeric/code/jak-project/goalc/build_level/common/Entity.cpp: In lambda function:
/home/emeric/code/jak-project/goalc/build_level/common/Entity.cpp:123:35: warning: declaration of ‘json’ shadows a global declaration [-Wshadow]
  123 |             const nlohmann::json& json,
      |             ~~~~~~~~~~~~~~~~~~~~~~^~~~
/home/emeric/code/jak-project/./common/repl/config.h:12:7: note: shadowed declaration is here
   12 | using json = nlohmann::json;
      |       ^~~~
/home/emeric/code/jak-project/goalc/build_level/common/Entity.cpp: In lambda function:
/home/emeric/code/jak-project/goalc/build_level/common/Entity.cpp:134:35: warning: declaration of ‘json’ shadows a global declaration [-Wshadow]
  134 |             const nlohmann::json& json,
      |             ~~~~~~~~~~~~~~~~~~~~~~^~~~
/home/emeric/code/jak-project/./common/repl/config.h:12:7: note: shadowed declaration is here
   12 | using json = nlohmann::json;
      |       ^~~~
/home/emeric/code/jak-project/goalc/build_level/common/Entity.cpp: In lambda function:
/home/emeric/code/jak-project/goalc/build_level/common/Entity.cpp:144:35: warning: declaration of ‘json’ shadows a global declaration [-Wshadow]
  144 |             const nlohmann::json& json,
      |             ~~~~~~~~~~~~~~~~~~~~~~^~~~
/home/emeric/code/jak-project/./common/repl/config.h:12:7: note: shadowed declaration is here
   12 | using json = nlohmann::json;
      |       ^~~~
/home/emeric/code/jak-project/goalc/build_level/common/Entity.cpp: In lambda function:
/home/emeric/code/jak-project/goalc/build_level/common/Entity.cpp:155:35: warning: declaration of ‘json’ shadows a global declaration [-Wshadow]
  155 |             const nlohmann::json& json,
      |             ~~~~~~~~~~~~~~~~~~~~~~^~~~
/home/emeric/code/jak-project/./common/repl/config.h:12:7: note: shadowed declaration is here
   12 | using json = nlohmann::json;
      |       ^~~~
/home/emeric/code/jak-project/goalc/build_level/common/Entity.cpp: In lambda function:
/home/emeric/code/jak-project/goalc/build_level/common/Entity.cpp:166:35: warning: declaration of ‘json’ shadows a global declaration [-Wshadow]
  166 |             const nlohmann::json& json,
      |             ~~~~~~~~~~~~~~~~~~~~~~^~~~
/home/emeric/code/jak-project/./common/repl/config.h:12:7: note: shadowed declaration is here
   12 | using json = nlohmann::json;
      |       ^~~~
/home/emeric/code/jak-project/goalc/build_level/common/Entity.cpp: In lambda function:
/home/emeric/code/jak-project/goalc/build_level/common/Entity.cpp:176:35: warning: declaration of ‘json’ shadows a global declaration [-Wshadow]
  176 |             const nlohmann::json& json,
      |             ~~~~~~~~~~~~~~~~~~~~~~^~~~
/home/emeric/code/jak-project/./common/repl/config.h:12:7: note: shadowed declaration is here
   12 | using json = nlohmann::json;
      |       ^~~~
/home/emeric/code/jak-project/goalc/build_level/common/Entity.cpp: In lambda function:
/home/emeric/code/jak-project/goalc/build_level/common/Entity.cpp:188:35: warning: declaration of ‘json’ shadows a global declaration [-Wshadow]
  188 |             const nlohmann::json& json,
      |             ~~~~~~~~~~~~~~~~~~~~~~^~~~
/home/emeric/code/jak-project/./common/repl/config.h:12:7: note: shadowed declaration is here
   12 | using json = nlohmann::json;
      |       ^~~~
/home/emeric/code/jak-project/goalc/build_level/common/Entity.cpp: In lambda function:
/home/emeric/code/jak-project/goalc/build_level/common/Entity.cpp:207:35: warning: declaration of ‘json’ shadows a global declaration [-Wshadow]
  207 |             const nlohmann::json& json,
      |             ~~~~~~~~~~~~~~~~~~~~~~^~~~
/home/emeric/code/jak-project/./common/repl/config.h:12:7: note: shadowed declaration is here
   12 | using json = nlohmann::json;
      |       ^~~~
/home/emeric/code/jak-project/goalc/build_level/common/Entity.cpp: In lambda function:
/home/emeric/code/jak-project/goalc/build_level/common/Entity.cpp:218:35: warning: declaration of ‘json’ shadows a global declaration [-Wshadow]
  218 |             const nlohmann::json& json,
      |             ~~~~~~~~~~~~~~~~~~~~~~^~~~
/home/emeric/code/jak-project/./common/repl/config.h:12:7: note: shadowed declaration is here
   12 | using json = nlohmann::json;
      |       ^~~~
/home/emeric/code/jak-project/goalc/build_level/common/Entity.cpp: In lambda function:
/home/emeric/code/jak-project/goalc/build_level/common/Entity.cpp:229:35: warning: declaration of ‘json’ shadows a global declaration [-Wshadow]
  229 |             const nlohmann::json& json,
      |             ~~~~~~~~~~~~~~~~~~~~~~^~~~
/home/emeric/code/jak-project/./common/repl/config.h:12:7: note: shadowed declaration is here
   12 | using json = nlohmann::json;
      |       ^~~~
/home/emeric/code/jak-project/goalc/build_level/common/Entity.cpp: In lambda function:
/home/emeric/code/jak-project/goalc/build_level/common/Entity.cpp:241:35: warning: declaration of ‘json’ shadows a global declaration [-Wshadow]
  241 |             const nlohmann::json& json,
      |             ~~~~~~~~~~~~~~~~~~~~~~^~~~
/home/emeric/code/jak-project/./common/repl/config.h:12:7: note: shadowed declaration is here
   12 | using json = nlohmann::json;
      |       ^~~~
/home/emeric/code/jak-project/goalc/build_level/common/Entity.cpp: In lambda function:
/home/emeric/code/jak-project/goalc/build_level/common/Entity.cpp:252:35: warning: declaration of ‘json’ shadows a global declaration [-Wshadow]
  252 |             const nlohmann::json& json,
      |             ~~~~~~~~~~~~~~~~~~~~~~^~~~
/home/emeric/code/jak-project/./common/repl/config.h:12:7: note: shadowed declaration is here
   12 | using json = nlohmann::json;
      |       ^~~~
/home/emeric/code/jak-project/goalc/build_level/common/Entity.cpp: In lambda function:
/home/emeric/code/jak-project/goalc/build_level/common/Entity.cpp:263:35: warning: declaration of ‘json’ shadows a global declaration [-Wshadow]
  263 |             const nlohmann::json& json,
      |             ~~~~~~~~~~~~~~~~~~~~~~^~~~
/home/emeric/code/jak-project/./common/repl/config.h:12:7: note: shadowed declaration is here
   12 | using json = nlohmann::json;
      |       ^~~~
/home/emeric/code/jak-project/goalc/build_level/common/Entity.cpp: In lambda function:
/home/emeric/code/jak-project/goalc/build_level/common/Entity.cpp:274:35: warning: declaration of ‘json’ shadows a global declaration [-Wshadow]
  274 |             const nlohmann::json& json,
      |             ~~~~~~~~~~~~~~~~~~~~~~^~~~
/home/emeric/code/jak-project/./common/repl/config.h:12:7: note: shadowed declaration is here
   12 | using json = nlohmann::json;
      |       ^~~~
/home/emeric/code/jak-project/goalc/build_level/common/Entity.cpp: In lambda function:
/home/emeric/code/jak-project/goalc/build_level/common/Entity.cpp:285:35: warning: declaration of ‘json’ shadows a global declaration [-Wshadow]
  285 |             const nlohmann::json& json,
      |             ~~~~~~~~~~~~~~~~~~~~~~^~~~
/home/emeric/code/jak-project/./common/repl/config.h:12:7: note: shadowed declaration is here
   12 | using json = nlohmann::json;
      |       ^~~~
/home/emeric/code/jak-project/goalc/build_level/common/Entity.cpp: In lambda function:
/home/emeric/code/jak-project/goalc/build_level/common/Entity.cpp:297:35: warning: declaration of ‘json’ shadows a global declaration [-Wshadow]
  297 |             const nlohmann::json& json,
      |             ~~~~~~~~~~~~~~~~~~~~~~^~~~
/home/emeric/code/jak-project/./common/repl/config.h:12:7: note: shadowed declaration is here
   12 | using json = nlohmann::json;
      |       ^~~~
/home/emeric/code/jak-project/goalc/build_level/common/Entity.cpp: In lambda function:
/home/emeric/code/jak-project/goalc/build_level/common/Entity.cpp:308:35: warning: declaration of ‘json’ shadows a global declaration [-Wshadow]
  308 |             const nlohmann::json& json,
      |             ~~~~~~~~~~~~~~~~~~~~~~^~~~
/home/emeric/code/jak-project/./common/repl/config.h:12:7: note: shadowed declaration is here
   12 | using json = nlohmann::json;
      |       ^~~~
/home/emeric/code/jak-project/goalc/build_level/common/Entity.cpp: In lambda function:
/home/emeric/code/jak-project/goalc/build_level/common/Entity.cpp:318:46: warning: declaration of ‘json’ shadows a global declaration [-Wshadow]
  318 |                        const nlohmann::json& json,
      |                        ~~~~~~~~~~~~~~~~~~~~~~^~~~
/home/emeric/code/jak-project/./common/repl/config.h:12:7: note: shadowed declaration is here
   12 | using json = nlohmann::json;
      |       ^~~~
[147/170] Building CXX object goalc/CMakeFiles/compiler.dir/build_level/jak1/Entity.cpp.o
[148/170] Building CXX object goalc/CMakeFiles/compiler.dir/build_level/jak2/Entity.cpp.o
[149/170] Building CXX object goalc/CMakeFiles/compiler.dir/build_level/jak1/build_level.cpp.o
In file included from /home/emeric/code/jak-project/./goalc/build_actor/jak1/build_actor.h:7,
                 from /home/emeric/code/jak-project/./goalc/build_actor/common/MercExtract.h:5,
                 from /home/emeric/code/jak-project/./goalc/build_level/common/build_level.h:12,
                 from /home/emeric/code/jak-project/goalc/build_level/jak1/build_level.h:3,
                 from /home/emeric/code/jak-project/goalc/build_level/jak1/build_level.cpp:1:
/home/emeric/code/jak-project/./goalc/build_actor/common/build_actor.h: In constructor ‘Joint::Joint(const std::string&, int, int, math::Matrix4f)’:
/home/emeric/code/jak-project/./goalc/build_actor/common/build_actor.h:15:73: warning: declaration of ‘bind_pose’ shadows a member of ‘Joint’ [-Wshadow]
   15 |   Joint(const std::string& name, int number, int parent, math::Matrix4f bind_pose) {
      |                                                          ~~~~~~~~~~~~~~~^~~~~~~~~
/home/emeric/code/jak-project/./goalc/build_actor/common/build_actor.h:13:18: note: shadowed declaration is here
   13 |   math::Matrix4f bind_pose{};
      |                  ^~~~~~~~~
/home/emeric/code/jak-project/./goalc/build_actor/common/build_actor.h:15:50: warning: declaration of ‘parent’ shadows a member of ‘Joint’ [-Wshadow]
   15 |   Joint(const std::string& name, int number, int parent, math::Matrix4f bind_pose) {
      |                                              ~~~~^~~~~~
/home/emeric/code/jak-project/./goalc/build_actor/common/build_actor.h:12:7: note: shadowed declaration is here
   12 |   int parent;
      |       ^~~~~~
/home/emeric/code/jak-project/./goalc/build_actor/common/build_actor.h:15:38: warning: declaration of ‘number’ shadows a member of ‘Joint’ [-Wshadow]
   15 |   Joint(const std::string& name, int number, int parent, math::Matrix4f bind_pose) {
      |                                  ~~~~^~~~~~
/home/emeric/code/jak-project/./goalc/build_actor/common/build_actor.h:11:7: note: shadowed declaration is here
   11 |   s32 number;
      |       ^~~~~~
/home/emeric/code/jak-project/./goalc/build_actor/common/build_actor.h:15:28: warning: declaration of ‘name’ shadows a member of ‘Joint’ [-Wshadow]
   15 |   Joint(const std::string& name, int number, int parent, math::Matrix4f bind_pose) {
      |         ~~~~~~~~~~~~~~~~~~~^~~~
/home/emeric/code/jak-project/./goalc/build_actor/common/build_actor.h:10:15: note: shadowed declaration is here
   10 |   std::string name;
      |               ^~~~
/home/emeric/code/jak-project/./goalc/build_actor/jak1/build_actor.h: In constructor ‘jak1::ArtJointGeo::ArtJointGeo(const std::string&, std::vector<jak1::CollideMesh>, std::vector<Joint>&, const jak1::BuildActorParams1&)’:
/home/emeric/code/jak-project/./goalc/build_actor/jak1/build_actor.h:155:49: warning: declaration of ‘cmeshes’ shadows a member of ‘jak1::ArtJointGeo’ [-Wshadow]
  155 |                        std::vector<CollideMesh> cmeshes,
      |                        ~~~~~~~~~~~~~~~~~~~~~~~~~^~~~~~~
/home/emeric/code/jak-project/./goalc/build_actor/jak1/build_actor.h:145:28: note: shadowed declaration is here
  145 |   std::vector<CollideMesh> cmeshes;
      |                            ^~~~~~~
/home/emeric/code/jak-project/./goalc/build_actor/jak1/build_actor.h:154:43: warning: declaration of ‘name’ shadows a member of ‘jak1::ArtJointGeo’ [-Wshadow]
  154 |   explicit ArtJointGeo(const std::string& name,
      |                        ~~~~~~~~~~~~~~~~~~~^~~~
In file included from /home/emeric/code/jak-project/./goalc/build_actor/jak1/build_actor.h:6:
/home/emeric/code/jak-project/./goalc/build_actor/common/art_types.h:12:15: note: shadowed declaration is here
   12 |   std::string name;
      |               ^~~~
/home/emeric/code/jak-project/./goalc/build_actor/jak1/build_actor.h: In constructor ‘jak1::ArtJointAnim::ArtJointAnim(const std::string&, const std::vector<Joint>&)’:
/home/emeric/code/jak-project/./goalc/build_actor/jak1/build_actor.h:186:35: warning: declaration of ‘name’ shadows a member of ‘jak1::ArtJointAnim’ [-Wshadow]
  186 |   ArtJointAnim(const std::string& name, const std::vector<Joint>& joints) {
      |                ~~~~~~~~~~~~~~~~~~~^~~~
/home/emeric/code/jak-project/./goalc/build_actor/common/art_types.h:12:15: note: shadowed declaration is here
   12 |   std::string name;
      |               ^~~~
In file included from /home/emeric/code/jak-project/./goalc/build_actor/common/MercExtract.h:6:
/home/emeric/code/jak-project/./goalc/build_actor/jak2/build_actor.h: In constructor ‘jak2::ArtJointGeo::ArtJointGeo(const std::string&, std::vector<jak2::CollideMesh>, std::vector<Joint>&, const jak2::BuildActorParams2&)’:
/home/emeric/code/jak-project/./goalc/build_actor/jak2/build_actor.h:137:49: warning: declaration of ‘cmeshes’ shadows a member of ‘jak2::ArtJointGeo’ [-Wshadow]
  137 |                        std::vector<CollideMesh> cmeshes,
      |                        ~~~~~~~~~~~~~~~~~~~~~~~~~^~~~~~~
/home/emeric/code/jak-project/./goalc/build_actor/jak2/build_actor.h:127:28: note: shadowed declaration is here
  127 |   std::vector<CollideMesh> cmeshes;
      |                            ^~~~~~~
/home/emeric/code/jak-project/./goalc/build_actor/jak2/build_actor.h:136:43: warning: declaration of ‘name’ shadows a member of ‘jak2::ArtJointGeo’ [-Wshadow]
  136 |   explicit ArtJointGeo(const std::string& name,
      |                        ~~~~~~~~~~~~~~~~~~~^~~~
/home/emeric/code/jak-project/./goalc/build_actor/common/art_types.h:12:15: note: shadowed declaration is here
   12 |   std::string name;
      |               ^~~~
/home/emeric/code/jak-project/./goalc/build_actor/jak2/build_actor.h: In constructor ‘jak2::ArtJointAnim::ArtJointAnim(const std::string&, const std::vector<Joint>&)’:
/home/emeric/code/jak-project/./goalc/build_actor/jak2/build_actor.h:167:35: warning: declaration of ‘name’ shadows a member of ‘jak2::ArtJointAnim’ [-Wshadow]
  167 |   ArtJointAnim(const std::string& name, const std::vector<Joint>& joints) {
      |                ~~~~~~~~~~~~~~~~~~~^~~~
/home/emeric/code/jak-project/./goalc/build_actor/common/art_types.h:12:15: note: shadowed declaration is here
   12 |   std::string name;
      |               ^~~~
In file included from /home/emeric/code/jak-project/./goalc/build_actor/common/MercExtract.h:7:
/home/emeric/code/jak-project/./goalc/build_actor/jak3/build_actor.h: In constructor ‘jak3::ArtJointGeo::ArtJointGeo(const std::string&, std::vector<jak3::CollideMesh>, std::vector<Joint>&, const jak3::BuildActorParams3&)’:
/home/emeric/code/jak-project/./goalc/build_actor/jak3/build_actor.h:143:49: warning: declaration of ‘cmeshes’ shadows a member of ‘jak3::ArtJointGeo’ [-Wshadow]
  143 |                        std::vector<CollideMesh> cmeshes,
      |                        ~~~~~~~~~~~~~~~~~~~~~~~~~^~~~~~~
/home/emeric/code/jak-project/./goalc/build_actor/jak3/build_actor.h:133:28: note: shadowed declaration is here
  133 |   std::vector<CollideMesh> cmeshes;
      |                            ^~~~~~~
/home/emeric/code/jak-project/./goalc/build_actor/jak3/build_actor.h:142:43: warning: declaration of ‘name’ shadows a member of ‘jak3::ArtJointGeo’ [-Wshadow]
  142 |   explicit ArtJointGeo(const std::string& name,
      |                        ~~~~~~~~~~~~~~~~~~~^~~~
/home/emeric/code/jak-project/./goalc/build_actor/common/art_types.h:12:15: note: shadowed declaration is here
   12 |   std::string name;
      |               ^~~~
/home/emeric/code/jak-project/./goalc/build_actor/jak3/build_actor.h: In constructor ‘jak3::ArtJointAnim::ArtJointAnim(const std::string&, const std::vector<Joint>&)’:
/home/emeric/code/jak-project/./goalc/build_actor/jak3/build_actor.h:173:35: warning: declaration of ‘name’ shadows a member of ‘jak3::ArtJointAnim’ [-Wshadow]
  173 |   ArtJointAnim(const std::string& name, const std::vector<Joint>& joints) {
      |                ~~~~~~~~~~~~~~~~~~~^~~~
/home/emeric/code/jak-project/./goalc/build_actor/common/art_types.h:12:15: note: shadowed declaration is here
   12 |   std::string name;
      |               ^~~~
[150/170] Building CXX object goalc/CMakeFiles/compiler.dir/build_level/jak3/Entity.cpp.o
[151/170] Building CXX object goalc/CMakeFiles/compiler.dir/build_level/common/gltf_mesh_extract.cpp.o
[152/170] Building CXX object goalc/CMakeFiles/compiler.dir/build_level/common/Tfrag.cpp.o
[153/170] Building CXX object goalc/CMakeFiles/compiler.dir/build_level/jak3/build_level.cpp.o
In file included from /home/emeric/code/jak-project/./goalc/build_actor/jak1/build_actor.h:7,
                 from /home/emeric/code/jak-project/./goalc/build_actor/common/MercExtract.h:5,
                 from /home/emeric/code/jak-project/./goalc/build_level/common/build_level.h:12,
                 from /home/emeric/code/jak-project/goalc/build_level/jak3/build_level.h:3,
                 from /home/emeric/code/jak-project/goalc/build_level/jak3/build_level.cpp:1:
/home/emeric/code/jak-project/./goalc/build_actor/common/build_actor.h: In constructor ‘Joint::Joint(const std::string&, int, int, math::Matrix4f)’:
/home/emeric/code/jak-project/./goalc/build_actor/common/build_actor.h:15:73: warning: declaration of ‘bind_pose’ shadows a member of ‘Joint’ [-Wshadow]
   15 |   Joint(const std::string& name, int number, int parent, math::Matrix4f bind_pose) {
      |                                                          ~~~~~~~~~~~~~~~^~~~~~~~~
/home/emeric/code/jak-project/./goalc/build_actor/common/build_actor.h:13:18: note: shadowed declaration is here
   13 |   math::Matrix4f bind_pose{};
      |                  ^~~~~~~~~
/home/emeric/code/jak-project/./goalc/build_actor/common/build_actor.h:15:50: warning: declaration of ‘parent’ shadows a member of ‘Joint’ [-Wshadow]
   15 |   Joint(const std::string& name, int number, int parent, math::Matrix4f bind_pose) {
      |                                              ~~~~^~~~~~
/home/emeric/code/jak-project/./goalc/build_actor/common/build_actor.h:12:7: note: shadowed declaration is here
   12 |   int parent;
      |       ^~~~~~
/home/emeric/code/jak-project/./goalc/build_actor/common/build_actor.h:15:38: warning: declaration of ‘number’ shadows a member of ‘Joint’ [-Wshadow]
   15 |   Joint(const std::string& name, int number, int parent, math::Matrix4f bind_pose) {
      |                                  ~~~~^~~~~~
/home/emeric/code/jak-project/./goalc/build_actor/common/build_actor.h:11:7: note: shadowed declaration is here
   11 |   s32 number;
      |       ^~~~~~
/home/emeric/code/jak-project/./goalc/build_actor/common/build_actor.h:15:28: warning: declaration of ‘name’ shadows a member of ‘Joint’ [-Wshadow]
   15 |   Joint(const std::string& name, int number, int parent, math::Matrix4f bind_pose) {
      |         ~~~~~~~~~~~~~~~~~~~^~~~
/home/emeric/code/jak-project/./goalc/build_actor/common/build_actor.h:10:15: note: shadowed declaration is here
   10 |   std::string name;
      |               ^~~~
/home/emeric/code/jak-project/./goalc/build_actor/jak1/build_actor.h: In constructor ‘jak1::ArtJointGeo::ArtJointGeo(const std::string&, std::vector<jak1::CollideMesh>, std::vector<Joint>&, const jak1::BuildActorParams1&)’:
/home/emeric/code/jak-project/./goalc/build_actor/jak1/build_actor.h:155:49: warning: declaration of ‘cmeshes’ shadows a member of ‘jak1::ArtJointGeo’ [-Wshadow]
  155 |                        std::vector<CollideMesh> cmeshes,
      |                        ~~~~~~~~~~~~~~~~~~~~~~~~~^~~~~~~
/home/emeric/code/jak-project/./goalc/build_actor/jak1/build_actor.h:145:28: note: shadowed declaration is here
  145 |   std::vector<CollideMesh> cmeshes;
      |                            ^~~~~~~
/home/emeric/code/jak-project/./goalc/build_actor/jak1/build_actor.h:154:43: warning: declaration of ‘name’ shadows a member of ‘jak1::ArtJointGeo’ [-Wshadow]
  154 |   explicit ArtJointGeo(const std::string& name,
      |                        ~~~~~~~~~~~~~~~~~~~^~~~
In file included from /home/emeric/code/jak-project/./goalc/build_actor/jak1/build_actor.h:6:
/home/emeric/code/jak-project/./goalc/build_actor/common/art_types.h:12:15: note: shadowed declaration is here
   12 |   std::string name;
      |               ^~~~
/home/emeric/code/jak-project/./goalc/build_actor/jak1/build_actor.h: In constructor ‘jak1::ArtJointAnim::ArtJointAnim(const std::string&, const std::vector<Joint>&)’:
/home/emeric/code/jak-project/./goalc/build_actor/jak1/build_actor.h:186:35: warning: declaration of ‘name’ shadows a member of ‘jak1::ArtJointAnim’ [-Wshadow]
  186 |   ArtJointAnim(const std::string& name, const std::vector<Joint>& joints) {
      |                ~~~~~~~~~~~~~~~~~~~^~~~
/home/emeric/code/jak-project/./goalc/build_actor/common/art_types.h:12:15: note: shadowed declaration is here
   12 |   std::string name;
      |               ^~~~
In file included from /home/emeric/code/jak-project/./goalc/build_actor/common/MercExtract.h:6:
/home/emeric/code/jak-project/./goalc/build_actor/jak2/build_actor.h: In constructor ‘jak2::ArtJointGeo::ArtJointGeo(const std::string&, std::vector<jak2::CollideMesh>, std::vector<Joint>&, const jak2::BuildActorParams2&)’:
/home/emeric/code/jak-project/./goalc/build_actor/jak2/build_actor.h:137:49: warning: declaration of ‘cmeshes’ shadows a member of ‘jak2::ArtJointGeo’ [-Wshadow]
  137 |                        std::vector<CollideMesh> cmeshes,
      |                        ~~~~~~~~~~~~~~~~~~~~~~~~~^~~~~~~
/home/emeric/code/jak-project/./goalc/build_actor/jak2/build_actor.h:127:28: note: shadowed declaration is here
  127 |   std::vector<CollideMesh> cmeshes;
      |                            ^~~~~~~
/home/emeric/code/jak-project/./goalc/build_actor/jak2/build_actor.h:136:43: warning: declaration of ‘name’ shadows a member of ‘jak2::ArtJointGeo’ [-Wshadow]
  136 |   explicit ArtJointGeo(const std::string& name,
      |                        ~~~~~~~~~~~~~~~~~~~^~~~
/home/emeric/code/jak-project/./goalc/build_actor/common/art_types.h:12:15: note: shadowed declaration is here
   12 |   std::string name;
      |               ^~~~
/home/emeric/code/jak-project/./goalc/build_actor/jak2/build_actor.h: In constructor ‘jak2::ArtJointAnim::ArtJointAnim(const std::string&, const std::vector<Joint>&)’:
/home/emeric/code/jak-project/./goalc/build_actor/jak2/build_actor.h:167:35: warning: declaration of ‘name’ shadows a member of ‘jak2::ArtJointAnim’ [-Wshadow]
  167 |   ArtJointAnim(const std::string& name, const std::vector<Joint>& joints) {
      |                ~~~~~~~~~~~~~~~~~~~^~~~
/home/emeric/code/jak-project/./goalc/build_actor/common/art_types.h:12:15: note: shadowed declaration is here
   12 |   std::string name;
      |               ^~~~
In file included from /home/emeric/code/jak-project/./goalc/build_actor/common/MercExtract.h:7:
/home/emeric/code/jak-project/./goalc/build_actor/jak3/build_actor.h: In constructor ‘jak3::ArtJointGeo::ArtJointGeo(const std::string&, std::vector<jak3::CollideMesh>, std::vector<Joint>&, const jak3::BuildActorParams3&)’:
/home/emeric/code/jak-project/./goalc/build_actor/jak3/build_actor.h:143:49: warning: declaration of ‘cmeshes’ shadows a member of ‘jak3::ArtJointGeo’ [-Wshadow]
  143 |                        std::vector<CollideMesh> cmeshes,
      |                        ~~~~~~~~~~~~~~~~~~~~~~~~~^~~~~~~
/home/emeric/code/jak-project/./goalc/build_actor/jak3/build_actor.h:133:28: note: shadowed declaration is here
  133 |   std::vector<CollideMesh> cmeshes;
      |                            ^~~~~~~
/home/emeric/code/jak-project/./goalc/build_actor/jak3/build_actor.h:142:43: warning: declaration of ‘name’ shadows a member of ‘jak3::ArtJointGeo’ [-Wshadow]
  142 |   explicit ArtJointGeo(const std::string& name,
      |                        ~~~~~~~~~~~~~~~~~~~^~~~
/home/emeric/code/jak-project/./goalc/build_actor/common/art_types.h:12:15: note: shadowed declaration is here
   12 |   std::string name;
      |               ^~~~
/home/emeric/code/jak-project/./goalc/build_actor/jak3/build_actor.h: In constructor ‘jak3::ArtJointAnim::ArtJointAnim(const std::string&, const std::vector<Joint>&)’:
/home/emeric/code/jak-project/./goalc/build_actor/jak3/build_actor.h:173:35: warning: declaration of ‘name’ shadows a member of ‘jak3::ArtJointAnim’ [-Wshadow]
  173 |   ArtJointAnim(const std::string& name, const std::vector<Joint>& joints) {
      |                ~~~~~~~~~~~~~~~~~~~^~~~
/home/emeric/code/jak-project/./goalc/build_actor/common/art_types.h:12:15: note: shadowed declaration is here
   12 |   std::string name;
      |               ^~~~
[154/170] Building CXX object goalc/CMakeFiles/compiler.dir/build_level/jak3/LevelFile.cpp.o
[155/170] Building CXX object goalc/CMakeFiles/compiler.dir/build_level/common/Tie.cpp.o
[156/170] Building CXX object goalc/CMakeFiles/compiler.dir/build_level/jak1/LevelFile.cpp.o
/home/emeric/code/jak-project/goalc/build_level/jak1/LevelFile.cpp: In function ‘size_t jak1::generate_adgif_shader_array(const AdgifShaderArray&, DataObjectGenerator&)’:
/home/emeric/code/jak-project/goalc/build_level/jak1/LevelFile.cpp:97:21: warning: cast from type ‘const AdGifData*’ to type ‘u32*’ {aka ‘unsigned int*’} casts away qualifiers [-Wcast-qual]
   97 |       memcpy(&data, (u32*)&adgif + i, sizeof(u32));
      |                     ^~~~~~~~~~~~
[157/170] Building CXX object goalc/CMakeFiles/compiler.dir/build_level/jak2/LevelFile.cpp.o
[158/170] Linking CXX static library game/libruntime.a
[159/170] Building CXX object goalc/CMakeFiles/compiler.dir/build_actor/common/build_actor.cpp.o
In file included from /home/emeric/code/jak-project/goalc/build_actor/common/build_actor.cpp:1:
/home/emeric/code/jak-project/goalc/build_actor/common/build_actor.h: In constructor ‘Joint::Joint(const std::string&, int, int, math::Matrix4f)’:
/home/emeric/code/jak-project/goalc/build_actor/common/build_actor.h:15:73: warning: declaration of ‘bind_pose’ shadows a member of ‘Joint’ [-Wshadow]
   15 |   Joint(const std::string& name, int number, int parent, math::Matrix4f bind_pose) {
      |                                                          ~~~~~~~~~~~~~~~^~~~~~~~~
/home/emeric/code/jak-project/goalc/build_actor/common/build_actor.h:13:18: note: shadowed declaration is here
   13 |   math::Matrix4f bind_pose{};
      |                  ^~~~~~~~~
/home/emeric/code/jak-project/goalc/build_actor/common/build_actor.h:15:50: warning: declaration of ‘parent’ shadows a member of ‘Joint’ [-Wshadow]
   15 |   Joint(const std::string& name, int number, int parent, math::Matrix4f bind_pose) {
      |                                              ~~~~^~~~~~
/home/emeric/code/jak-project/goalc/build_actor/common/build_actor.h:12:7: note: shadowed declaration is here
   12 |   int parent;
      |       ^~~~~~
/home/emeric/code/jak-project/goalc/build_actor/common/build_actor.h:15:38: warning: declaration of ‘number’ shadows a member of ‘Joint’ [-Wshadow]
   15 |   Joint(const std::string& name, int number, int parent, math::Matrix4f bind_pose) {
      |                                  ~~~~^~~~~~
/home/emeric/code/jak-project/goalc/build_actor/common/build_actor.h:11:7: note: shadowed declaration is here
   11 |   s32 number;
      |       ^~~~~~
/home/emeric/code/jak-project/goalc/build_actor/common/build_actor.h:15:28: warning: declaration of ‘name’ shadows a member of ‘Joint’ [-Wshadow]
   15 |   Joint(const std::string& name, int number, int parent, math::Matrix4f bind_pose) {
      |         ~~~~~~~~~~~~~~~~~~~^~~~
/home/emeric/code/jak-project/goalc/build_actor/common/build_actor.h:10:15: note: shadowed declaration is here
   10 |   std::string name;
      |               ^~~~
In file included from /home/emeric/code/jak-project/./goalc/build_actor/common/MercExtract.h:5,
                 from /home/emeric/code/jak-project/goalc/build_actor/common/build_actor.cpp:6:
/home/emeric/code/jak-project/./goalc/build_actor/jak1/build_actor.h: In constructor ‘jak1::ArtJointGeo::ArtJointGeo(const std::string&, std::vector<jak1::CollideMesh>, std::vector<Joint>&, const jak1::BuildActorParams1&)’:
/home/emeric/code/jak-project/./goalc/build_actor/jak1/build_actor.h:155:49: warning: declaration of ‘cmeshes’ shadows a member of ‘jak1::ArtJointGeo’ [-Wshadow]
  155 |                        std::vector<CollideMesh> cmeshes,
      |                        ~~~~~~~~~~~~~~~~~~~~~~~~~^~~~~~~
/home/emeric/code/jak-project/./goalc/build_actor/jak1/build_actor.h:145:28: note: shadowed declaration is here
  145 |   std::vector<CollideMesh> cmeshes;
      |                            ^~~~~~~
/home/emeric/code/jak-project/./goalc/build_actor/jak1/build_actor.h:154:43: warning: declaration of ‘name’ shadows a member of ‘jak1::ArtJointGeo’ [-Wshadow]
  154 |   explicit ArtJointGeo(const std::string& name,
      |                        ~~~~~~~~~~~~~~~~~~~^~~~
In file included from /home/emeric/code/jak-project/goalc/build_actor/common/build_actor.h:6:
/home/emeric/code/jak-project/./goalc/build_actor/common/art_types.h:12:15: note: shadowed declaration is here
   12 |   std::string name;
      |               ^~~~
/home/emeric/code/jak-project/./goalc/build_actor/jak1/build_actor.h: In constructor ‘jak1::ArtJointAnim::ArtJointAnim(const std::string&, const std::vector<Joint>&)’:
/home/emeric/code/jak-project/./goalc/build_actor/jak1/build_actor.h:186:35: warning: declaration of ‘name’ shadows a member of ‘jak1::ArtJointAnim’ [-Wshadow]
  186 |   ArtJointAnim(const std::string& name, const std::vector<Joint>& joints) {
      |                ~~~~~~~~~~~~~~~~~~~^~~~
/home/emeric/code/jak-project/./goalc/build_actor/common/art_types.h:12:15: note: shadowed declaration is here
   12 |   std::string name;
      |               ^~~~
In file included from /home/emeric/code/jak-project/./goalc/build_actor/common/MercExtract.h:6:
/home/emeric/code/jak-project/./goalc/build_actor/jak2/build_actor.h: In constructor ‘jak2::ArtJointGeo::ArtJointGeo(const std::string&, std::vector<jak2::CollideMesh>, std::vector<Joint>&, const jak2::BuildActorParams2&)’:
/home/emeric/code/jak-project/./goalc/build_actor/jak2/build_actor.h:137:49: warning: declaration of ‘cmeshes’ shadows a member of ‘jak2::ArtJointGeo’ [-Wshadow]
  137 |                        std::vector<CollideMesh> cmeshes,
      |                        ~~~~~~~~~~~~~~~~~~~~~~~~~^~~~~~~
/home/emeric/code/jak-project/./goalc/build_actor/jak2/build_actor.h:127:28: note: shadowed declaration is here
  127 |   std::vector<CollideMesh> cmeshes;
      |                            ^~~~~~~
/home/emeric/code/jak-project/./goalc/build_actor/jak2/build_actor.h:136:43: warning: declaration of ‘name’ shadows a member of ‘jak2::ArtJointGeo’ [-Wshadow]
  136 |   explicit ArtJointGeo(const std::string& name,
      |                        ~~~~~~~~~~~~~~~~~~~^~~~
/home/emeric/code/jak-project/./goalc/build_actor/common/art_types.h:12:15: note: shadowed declaration is here
   12 |   std::string name;
      |               ^~~~
/home/emeric/code/jak-project/./goalc/build_actor/jak2/build_actor.h: In constructor ‘jak2::ArtJointAnim::ArtJointAnim(const std::string&, const std::vector<Joint>&)’:
/home/emeric/code/jak-project/./goalc/build_actor/jak2/build_actor.h:167:35: warning: declaration of ‘name’ shadows a member of ‘jak2::ArtJointAnim’ [-Wshadow]
  167 |   ArtJointAnim(const std::string& name, const std::vector<Joint>& joints) {
      |                ~~~~~~~~~~~~~~~~~~~^~~~
/home/emeric/code/jak-project/./goalc/build_actor/common/art_types.h:12:15: note: shadowed declaration is here
   12 |   std::string name;
      |               ^~~~
In file included from /home/emeric/code/jak-project/./goalc/build_actor/common/MercExtract.h:7:
/home/emeric/code/jak-project/./goalc/build_actor/jak3/build_actor.h: In constructor ‘jak3::ArtJointGeo::ArtJointGeo(const std::string&, std::vector<jak3::CollideMesh>, std::vector<Joint>&, const jak3::BuildActorParams3&)’:
/home/emeric/code/jak-project/./goalc/build_actor/jak3/build_actor.h:143:49: warning: declaration of ‘cmeshes’ shadows a member of ‘jak3::ArtJointGeo’ [-Wshadow]
  143 |                        std::vector<CollideMesh> cmeshes,
      |                        ~~~~~~~~~~~~~~~~~~~~~~~~~^~~~~~~
/home/emeric/code/jak-project/./goalc/build_actor/jak3/build_actor.h:133:28: note: shadowed declaration is here
  133 |   std::vector<CollideMesh> cmeshes;
      |                            ^~~~~~~
/home/emeric/code/jak-project/./goalc/build_actor/jak3/build_actor.h:142:43: warning: declaration of ‘name’ shadows a member of ‘jak3::ArtJointGeo’ [-Wshadow]
  142 |   explicit ArtJointGeo(const std::string& name,
      |                        ~~~~~~~~~~~~~~~~~~~^~~~
/home/emeric/code/jak-project/./goalc/build_actor/common/art_types.h:12:15: note: shadowed declaration is here
   12 |   std::string name;
      |               ^~~~
/home/emeric/code/jak-project/./goalc/build_actor/jak3/build_actor.h: In constructor ‘jak3::ArtJointAnim::ArtJointAnim(const std::string&, const std::vector<Joint>&)’:
/home/emeric/code/jak-project/./goalc/build_actor/jak3/build_actor.h:173:35: warning: declaration of ‘name’ shadows a member of ‘jak3::ArtJointAnim’ [-Wshadow]
  173 |   ArtJointAnim(const std::string& name, const std::vector<Joint>& joints) {
      |                ~~~~~~~~~~~~~~~~~~~^~~~
/home/emeric/code/jak-project/./goalc/build_actor/common/art_types.h:12:15: note: shadowed declaration is here
   12 |   std::string name;
      |               ^~~~
[160/170] Building CXX object goalc/CMakeFiles/compiler.dir/build_actor/jak3/build_actor.cpp.o
In file included from /home/emeric/code/jak-project/goalc/build_actor/jak3/build_actor.h:7,
                 from /home/emeric/code/jak-project/goalc/build_actor/jak3/build_actor.cpp:1:
/home/emeric/code/jak-project/./goalc/build_actor/common/build_actor.h: In constructor ‘Joint::Joint(const std::string&, int, int, math::Matrix4f)’:
/home/emeric/code/jak-project/./goalc/build_actor/common/build_actor.h:15:73: warning: declaration of ‘bind_pose’ shadows a member of ‘Joint’ [-Wshadow]
   15 |   Joint(const std::string& name, int number, int parent, math::Matrix4f bind_pose) {
      |                                                          ~~~~~~~~~~~~~~~^~~~~~~~~
/home/emeric/code/jak-project/./goalc/build_actor/common/build_actor.h:13:18: note: shadowed declaration is here
   13 |   math::Matrix4f bind_pose{};
      |                  ^~~~~~~~~
/home/emeric/code/jak-project/./goalc/build_actor/common/build_actor.h:15:50: warning: declaration of ‘parent’ shadows a member of ‘Joint’ [-Wshadow]
   15 |   Joint(const std::string& name, int number, int parent, math::Matrix4f bind_pose) {
      |                                              ~~~~^~~~~~
/home/emeric/code/jak-project/./goalc/build_actor/common/build_actor.h:12:7: note: shadowed declaration is here
   12 |   int parent;
      |       ^~~~~~
/home/emeric/code/jak-project/./goalc/build_actor/common/build_actor.h:15:38: warning: declaration of ‘number’ shadows a member of ‘Joint’ [-Wshadow]
   15 |   Joint(const std::string& name, int number, int parent, math::Matrix4f bind_pose) {
      |                                  ~~~~^~~~~~
/home/emeric/code/jak-project/./goalc/build_actor/common/build_actor.h:11:7: note: shadowed declaration is here
   11 |   s32 number;
      |       ^~~~~~
/home/emeric/code/jak-project/./goalc/build_actor/common/build_actor.h:15:28: warning: declaration of ‘name’ shadows a member of ‘Joint’ [-Wshadow]
   15 |   Joint(const std::string& name, int number, int parent, math::Matrix4f bind_pose) {
      |         ~~~~~~~~~~~~~~~~~~~^~~~
/home/emeric/code/jak-project/./goalc/build_actor/common/build_actor.h:10:15: note: shadowed declaration is here
   10 |   std::string name;
      |               ^~~~
/home/emeric/code/jak-project/goalc/build_actor/jak3/build_actor.h: In constructor ‘jak3::ArtJointGeo::ArtJointGeo(const std::string&, std::vector<jak3::CollideMesh>, std::vector<Joint>&, const jak3::BuildActorParams3&)’:
/home/emeric/code/jak-project/goalc/build_actor/jak3/build_actor.h:143:49: warning: declaration of ‘cmeshes’ shadows a member of ‘jak3::ArtJointGeo’ [-Wshadow]
  143 |                        std::vector<CollideMesh> cmeshes,
      |                        ~~~~~~~~~~~~~~~~~~~~~~~~~^~~~~~~
/home/emeric/code/jak-project/goalc/build_actor/jak3/build_actor.h:133:28: note: shadowed declaration is here
  133 |   std::vector<CollideMesh> cmeshes;
      |                            ^~~~~~~
/home/emeric/code/jak-project/goalc/build_actor/jak3/build_actor.h:142:43: warning: declaration of ‘name’ shadows a member of ‘jak3::ArtJointGeo’ [-Wshadow]
  142 |   explicit ArtJointGeo(const std::string& name,
      |                        ~~~~~~~~~~~~~~~~~~~^~~~
In file included from /home/emeric/code/jak-project/goalc/build_actor/jak3/build_actor.h:6:
/home/emeric/code/jak-project/./goalc/build_actor/common/art_types.h:12:15: note: shadowed declaration is here
   12 |   std::string name;
      |               ^~~~
/home/emeric/code/jak-project/goalc/build_actor/jak3/build_actor.h: In constructor ‘jak3::ArtJointAnim::ArtJointAnim(const std::string&, const std::vector<Joint>&)’:
/home/emeric/code/jak-project/goalc/build_actor/jak3/build_actor.h:173:35: warning: declaration of ‘name’ shadows a member of ‘jak3::ArtJointAnim’ [-Wshadow]
  173 |   ArtJointAnim(const std::string& name, const std::vector<Joint>& joints) {
      |                ~~~~~~~~~~~~~~~~~~~^~~~
/home/emeric/code/jak-project/./goalc/build_actor/common/art_types.h:12:15: note: shadowed declaration is here
   12 |   std::string name;
      |               ^~~~
In file included from /home/emeric/code/jak-project/./goalc/build_actor/common/MercExtract.h:5,
                 from /home/emeric/code/jak-project/goalc/build_actor/jak3/build_actor.cpp:6:
/home/emeric/code/jak-project/./goalc/build_actor/jak1/build_actor.h: In constructor ‘jak1::ArtJointGeo::ArtJointGeo(const std::string&, std::vector<jak1::CollideMesh>, std::vector<Joint>&, const jak1::BuildActorParams1&)’:
/home/emeric/code/jak-project/./goalc/build_actor/jak1/build_actor.h:155:49: warning: declaration of ‘cmeshes’ shadows a member of ‘jak1::ArtJointGeo’ [-Wshadow]
  155 |                        std::vector<CollideMesh> cmeshes,
      |                        ~~~~~~~~~~~~~~~~~~~~~~~~~^~~~~~~
/home/emeric/code/jak-project/./goalc/build_actor/jak1/build_actor.h:145:28: note: shadowed declaration is here
  145 |   std::vector<CollideMesh> cmeshes;
      |                            ^~~~~~~
/home/emeric/code/jak-project/./goalc/build_actor/jak1/build_actor.h:154:43: warning: declaration of ‘name’ shadows a member of ‘jak1::ArtJointGeo’ [-Wshadow]
  154 |   explicit ArtJointGeo(const std::string& name,
      |                        ~~~~~~~~~~~~~~~~~~~^~~~
/home/emeric/code/jak-project/./goalc/build_actor/common/art_types.h:12:15: note: shadowed declaration is here
   12 |   std::string name;
      |               ^~~~
/home/emeric/code/jak-project/./goalc/build_actor/jak1/build_actor.h: In constructor ‘jak1::ArtJointAnim::ArtJointAnim(const std::string&, const std::vector<Joint>&)’:
/home/emeric/code/jak-project/./goalc/build_actor/jak1/build_actor.h:186:35: warning: declaration of ‘name’ shadows a member of ‘jak1::ArtJointAnim’ [-Wshadow]
  186 |   ArtJointAnim(const std::string& name, const std::vector<Joint>& joints) {
      |                ~~~~~~~~~~~~~~~~~~~^~~~
/home/emeric/code/jak-project/./goalc/build_actor/common/art_types.h:12:15: note: shadowed declaration is here
   12 |   std::string name;
      |               ^~~~
In file included from /home/emeric/code/jak-project/./goalc/build_actor/common/MercExtract.h:6:
/home/emeric/code/jak-project/./goalc/build_actor/jak2/build_actor.h: In constructor ‘jak2::ArtJointGeo::ArtJointGeo(const std::string&, std::vector<jak2::CollideMesh>, std::vector<Joint>&, const jak2::BuildActorParams2&)’:
/home/emeric/code/jak-project/./goalc/build_actor/jak2/build_actor.h:137:49: warning: declaration of ‘cmeshes’ shadows a member of ‘jak2::ArtJointGeo’ [-Wshadow]
  137 |                        std::vector<CollideMesh> cmeshes,
      |                        ~~~~~~~~~~~~~~~~~~~~~~~~~^~~~~~~
/home/emeric/code/jak-project/./goalc/build_actor/jak2/build_actor.h:127:28: note: shadowed declaration is here
  127 |   std::vector<CollideMesh> cmeshes;
      |                            ^~~~~~~
/home/emeric/code/jak-project/./goalc/build_actor/jak2/build_actor.h:136:43: warning: declaration of ‘name’ shadows a member of ‘jak2::ArtJointGeo’ [-Wshadow]
  136 |   explicit ArtJointGeo(const std::string& name,
      |                        ~~~~~~~~~~~~~~~~~~~^~~~
/home/emeric/code/jak-project/./goalc/build_actor/common/art_types.h:12:15: note: shadowed declaration is here
   12 |   std::string name;
      |               ^~~~
/home/emeric/code/jak-project/./goalc/build_actor/jak2/build_actor.h: In constructor ‘jak2::ArtJointAnim::ArtJointAnim(const std::string&, const std::vector<Joint>&)’:
/home/emeric/code/jak-project/./goalc/build_actor/jak2/build_actor.h:167:35: warning: declaration of ‘name’ shadows a member of ‘jak2::ArtJointAnim’ [-Wshadow]
  167 |   ArtJointAnim(const std::string& name, const std::vector<Joint>& joints) {
      |                ~~~~~~~~~~~~~~~~~~~^~~~
/home/emeric/code/jak-project/./goalc/build_actor/common/art_types.h:12:15: note: shadowed declaration is here
   12 |   std::string name;
      |               ^~~~
/home/emeric/code/jak-project/goalc/build_actor/jak3/build_actor.cpp: In member function ‘size_t jak3::ArtJointGeo::generate_mesh(DataObjectGenerator&) const’:
/home/emeric/code/jak-project/goalc/build_actor/jak3/build_actor.cpp:287:14: warning: declaration of ‘data’ shadows a member of ‘jak3::ArtJointGeo’ [-Wshadow]
  287 |   for (auto& data : cmeshes) {
      |              ^~~~
/home/emeric/code/jak-project/goalc/build_actor/jak3/build_actor.h:132:22: note: shadowed declaration is here
  132 |   std::vector<Joint> data;
      |                      ^~~~
/home/emeric/code/jak-project/goalc/build_actor/jak3/build_actor.cpp: In member function ‘int jak3::ArtGroup::get_joint_idx(const std::string&)’:
/home/emeric/code/jak-project/goalc/build_actor/jak3/build_actor.cpp:561:48: warning: declaration of ‘name’ shadows a member of ‘jak3::ArtGroup’ [-Wshadow]
  561 | int ArtGroup::get_joint_idx(const std::string& name) {
      |                             ~~~~~~~~~~~~~~~~~~~^~~~
/home/emeric/code/jak-project/./goalc/build_actor/common/art_types.h:12:15: note: shadowed declaration is here
   12 |   std::string name;
      |               ^~~~
[161/170] Building CXX object goalc/CMakeFiles/compiler.dir/build_actor/jak1/build_actor.cpp.o
In file included from /home/emeric/code/jak-project/goalc/build_actor/jak1/build_actor.h:7,
                 from /home/emeric/code/jak-project/goalc/build_actor/jak1/build_actor.cpp:1:
/home/emeric/code/jak-project/./goalc/build_actor/common/build_actor.h: In constructor ‘Joint::Joint(const std::string&, int, int, math::Matrix4f)’:
/home/emeric/code/jak-project/./goalc/build_actor/common/build_actor.h:15:73: warning: declaration of ‘bind_pose’ shadows a member of ‘Joint’ [-Wshadow]
   15 |   Joint(const std::string& name, int number, int parent, math::Matrix4f bind_pose) {
      |                                                          ~~~~~~~~~~~~~~~^~~~~~~~~
/home/emeric/code/jak-project/./goalc/build_actor/common/build_actor.h:13:18: note: shadowed declaration is here
   13 |   math::Matrix4f bind_pose{};
      |                  ^~~~~~~~~
/home/emeric/code/jak-project/./goalc/build_actor/common/build_actor.h:15:50: warning: declaration of ‘parent’ shadows a member of ‘Joint’ [-Wshadow]
   15 |   Joint(const std::string& name, int number, int parent, math::Matrix4f bind_pose) {
      |                                              ~~~~^~~~~~
/home/emeric/code/jak-project/./goalc/build_actor/common/build_actor.h:12:7: note: shadowed declaration is here
   12 |   int parent;
      |       ^~~~~~
/home/emeric/code/jak-project/./goalc/build_actor/common/build_actor.h:15:38: warning: declaration of ‘number’ shadows a member of ‘Joint’ [-Wshadow]
   15 |   Joint(const std::string& name, int number, int parent, math::Matrix4f bind_pose) {
      |                                  ~~~~^~~~~~
/home/emeric/code/jak-project/./goalc/build_actor/common/build_actor.h:11:7: note: shadowed declaration is here
   11 |   s32 number;
      |       ^~~~~~
/home/emeric/code/jak-project/./goalc/build_actor/common/build_actor.h:15:28: warning: declaration of ‘name’ shadows a member of ‘Joint’ [-Wshadow]
   15 |   Joint(const std::string& name, int number, int parent, math::Matrix4f bind_pose) {
      |         ~~~~~~~~~~~~~~~~~~~^~~~
/home/emeric/code/jak-project/./goalc/build_actor/common/build_actor.h:10:15: note: shadowed declaration is here
   10 |   std::string name;
      |               ^~~~
/home/emeric/code/jak-project/goalc/build_actor/jak1/build_actor.h: In constructor ‘jak1::ArtJointGeo::ArtJointGeo(const std::string&, std::vector<jak1::CollideMesh>, std::vector<Joint>&, const jak1::BuildActorParams1&)’:
/home/emeric/code/jak-project/goalc/build_actor/jak1/build_actor.h:155:49: warning: declaration of ‘cmeshes’ shadows a member of ‘jak1::ArtJointGeo’ [-Wshadow]
  155 |                        std::vector<CollideMesh> cmeshes,
      |                        ~~~~~~~~~~~~~~~~~~~~~~~~~^~~~~~~
/home/emeric/code/jak-project/goalc/build_actor/jak1/build_actor.h:145:28: note: shadowed declaration is here
  145 |   std::vector<CollideMesh> cmeshes;
      |                            ^~~~~~~
/home/emeric/code/jak-project/goalc/build_actor/jak1/build_actor.h:154:43: warning: declaration of ‘name’ shadows a member of ‘jak1::ArtJointGeo’ [-Wshadow]
  154 |   explicit ArtJointGeo(const std::string& name,
      |                        ~~~~~~~~~~~~~~~~~~~^~~~
In file included from /home/emeric/code/jak-project/goalc/build_actor/jak1/build_actor.h:6:
/home/emeric/code/jak-project/./goalc/build_actor/common/art_types.h:12:15: note: shadowed declaration is here
   12 |   std::string name;
      |               ^~~~
/home/emeric/code/jak-project/goalc/build_actor/jak1/build_actor.h: In constructor ‘jak1::ArtJointAnim::ArtJointAnim(const std::string&, const std::vector<Joint>&)’:
/home/emeric/code/jak-project/goalc/build_actor/jak1/build_actor.h:186:35: warning: declaration of ‘name’ shadows a member of ‘jak1::ArtJointAnim’ [-Wshadow]
  186 |   ArtJointAnim(const std::string& name, const std::vector<Joint>& joints) {
      |                ~~~~~~~~~~~~~~~~~~~^~~~
/home/emeric/code/jak-project/./goalc/build_actor/common/art_types.h:12:15: note: shadowed declaration is here
   12 |   std::string name;
      |               ^~~~
In file included from /home/emeric/code/jak-project/./goalc/build_actor/common/MercExtract.h:6,
                 from /home/emeric/code/jak-project/goalc/build_actor/jak1/build_actor.cpp:6:
/home/emeric/code/jak-project/./goalc/build_actor/jak2/build_actor.h: In constructor ‘jak2::ArtJointGeo::ArtJointGeo(const std::string&, std::vector<jak2::CollideMesh>, std::vector<Joint>&, const jak2::BuildActorParams2&)’:
/home/emeric/code/jak-project/./goalc/build_actor/jak2/build_actor.h:137:49: warning: declaration of ‘cmeshes’ shadows a member of ‘jak2::ArtJointGeo’ [-Wshadow]
  137 |                        std::vector<CollideMesh> cmeshes,
      |                        ~~~~~~~~~~~~~~~~~~~~~~~~~^~~~~~~
/home/emeric/code/jak-project/./goalc/build_actor/jak2/build_actor.h:127:28: note: shadowed declaration is here
  127 |   std::vector<CollideMesh> cmeshes;
      |                            ^~~~~~~
/home/emeric/code/jak-project/./goalc/build_actor/jak2/build_actor.h:136:43: warning: declaration of ‘name’ shadows a member of ‘jak2::ArtJointGeo’ [-Wshadow]
  136 |   explicit ArtJointGeo(const std::string& name,
      |                        ~~~~~~~~~~~~~~~~~~~^~~~
/home/emeric/code/jak-project/./goalc/build_actor/common/art_types.h:12:15: note: shadowed declaration is here
   12 |   std::string name;
      |               ^~~~
/home/emeric/code/jak-project/./goalc/build_actor/jak2/build_actor.h: In constructor ‘jak2::ArtJointAnim::ArtJointAnim(const std::string&, const std::vector<Joint>&)’:
/home/emeric/code/jak-project/./goalc/build_actor/jak2/build_actor.h:167:35: warning: declaration of ‘name’ shadows a member of ‘jak2::ArtJointAnim’ [-Wshadow]
  167 |   ArtJointAnim(const std::string& name, const std::vector<Joint>& joints) {
      |                ~~~~~~~~~~~~~~~~~~~^~~~
/home/emeric/code/jak-project/./goalc/build_actor/common/art_types.h:12:15: note: shadowed declaration is here
   12 |   std::string name;
      |               ^~~~
In file included from /home/emeric/code/jak-project/./goalc/build_actor/common/MercExtract.h:7:
/home/emeric/code/jak-project/./goalc/build_actor/jak3/build_actor.h: In constructor ‘jak3::ArtJointGeo::ArtJointGeo(const std::string&, std::vector<jak3::CollideMesh>, std::vector<Joint>&, const jak3::BuildActorParams3&)’:
/home/emeric/code/jak-project/./goalc/build_actor/jak3/build_actor.h:143:49: warning: declaration of ‘cmeshes’ shadows a member of ‘jak3::ArtJointGeo’ [-Wshadow]
  143 |                        std::vector<CollideMesh> cmeshes,
      |                        ~~~~~~~~~~~~~~~~~~~~~~~~~^~~~~~~
/home/emeric/code/jak-project/./goalc/build_actor/jak3/build_actor.h:133:28: note: shadowed declaration is here
  133 |   std::vector<CollideMesh> cmeshes;
      |                            ^~~~~~~
/home/emeric/code/jak-project/./goalc/build_actor/jak3/build_actor.h:142:43: warning: declaration of ‘name’ shadows a member of ‘jak3::ArtJointGeo’ [-Wshadow]
  142 |   explicit ArtJointGeo(const std::string& name,
      |                        ~~~~~~~~~~~~~~~~~~~^~~~
/home/emeric/code/jak-project/./goalc/build_actor/common/art_types.h:12:15: note: shadowed declaration is here
   12 |   std::string name;
      |               ^~~~
/home/emeric/code/jak-project/./goalc/build_actor/jak3/build_actor.h: In constructor ‘jak3::ArtJointAnim::ArtJointAnim(const std::string&, const std::vector<Joint>&)’:
/home/emeric/code/jak-project/./goalc/build_actor/jak3/build_actor.h:173:35: warning: declaration of ‘name’ shadows a member of ‘jak3::ArtJointAnim’ [-Wshadow]
  173 |   ArtJointAnim(const std::string& name, const std::vector<Joint>& joints) {
      |                ~~~~~~~~~~~~~~~~~~~^~~~
/home/emeric/code/jak-project/./goalc/build_actor/common/art_types.h:12:15: note: shadowed declaration is here
   12 |   std::string name;
      |               ^~~~
/home/emeric/code/jak-project/goalc/build_actor/jak1/build_actor.cpp: In member function ‘size_t jak1::ArtJointGeo::generate_mesh(DataObjectGenerator&) const’:
/home/emeric/code/jak-project/goalc/build_actor/jak1/build_actor.cpp:303:14: warning: declaration of ‘data’ shadows a member of ‘jak1::ArtJointGeo’ [-Wshadow]
  303 |   for (auto& data : cmeshes) {
      |              ^~~~
/home/emeric/code/jak-project/goalc/build_actor/jak1/build_actor.h:144:22: note: shadowed declaration is here
  144 |   std::vector<Joint> data;
      |                      ^~~~
/home/emeric/code/jak-project/goalc/build_actor/jak1/build_actor.cpp: In member function ‘int jak1::ArtGroup::get_joint_idx(const std::string&)’:
/home/emeric/code/jak-project/goalc/build_actor/jak1/build_actor.cpp:564:48: warning: declaration of ‘name’ shadows a member of ‘jak1::ArtGroup’ [-Wshadow]
  564 | int ArtGroup::get_joint_idx(const std::string& name) {
      |                             ~~~~~~~~~~~~~~~~~~~^~~~
/home/emeric/code/jak-project/./goalc/build_actor/common/art_types.h:12:15: note: shadowed declaration is here
   12 |   std::string name;
      |               ^~~~
[162/170] Building CXX object goalc/CMakeFiles/compiler.dir/build_actor/jak2/build_actor.cpp.o
In file included from /home/emeric/code/jak-project/goalc/build_actor/jak2/build_actor.h:7,
                 from /home/emeric/code/jak-project/goalc/build_actor/jak2/build_actor.cpp:1:
/home/emeric/code/jak-project/./goalc/build_actor/common/build_actor.h: In constructor ‘Joint::Joint(const std::string&, int, int, math::Matrix4f)’:
/home/emeric/code/jak-project/./goalc/build_actor/common/build_actor.h:15:73: warning: declaration of ‘bind_pose’ shadows a member of ‘Joint’ [-Wshadow]
   15 |   Joint(const std::string& name, int number, int parent, math::Matrix4f bind_pose) {
      |                                                          ~~~~~~~~~~~~~~~^~~~~~~~~
/home/emeric/code/jak-project/./goalc/build_actor/common/build_actor.h:13:18: note: shadowed declaration is here
   13 |   math::Matrix4f bind_pose{};
      |                  ^~~~~~~~~
/home/emeric/code/jak-project/./goalc/build_actor/common/build_actor.h:15:50: warning: declaration of ‘parent’ shadows a member of ‘Joint’ [-Wshadow]
   15 |   Joint(const std::string& name, int number, int parent, math::Matrix4f bind_pose) {
      |                                              ~~~~^~~~~~
/home/emeric/code/jak-project/./goalc/build_actor/common/build_actor.h:12:7: note: shadowed declaration is here
   12 |   int parent;
      |       ^~~~~~
/home/emeric/code/jak-project/./goalc/build_actor/common/build_actor.h:15:38: warning: declaration of ‘number’ shadows a member of ‘Joint’ [-Wshadow]
   15 |   Joint(const std::string& name, int number, int parent, math::Matrix4f bind_pose) {
      |                                  ~~~~^~~~~~
/home/emeric/code/jak-project/./goalc/build_actor/common/build_actor.h:11:7: note: shadowed declaration is here
   11 |   s32 number;
      |       ^~~~~~
/home/emeric/code/jak-project/./goalc/build_actor/common/build_actor.h:15:28: warning: declaration of ‘name’ shadows a member of ‘Joint’ [-Wshadow]
   15 |   Joint(const std::string& name, int number, int parent, math::Matrix4f bind_pose) {
      |         ~~~~~~~~~~~~~~~~~~~^~~~
/home/emeric/code/jak-project/./goalc/build_actor/common/build_actor.h:10:15: note: shadowed declaration is here
   10 |   std::string name;
      |               ^~~~
/home/emeric/code/jak-project/goalc/build_actor/jak2/build_actor.h: In constructor ‘jak2::ArtJointGeo::ArtJointGeo(const std::string&, std::vector<jak2::CollideMesh>, std::vector<Joint>&, const jak2::BuildActorParams2&)’:
/home/emeric/code/jak-project/goalc/build_actor/jak2/build_actor.h:137:49: warning: declaration of ‘cmeshes’ shadows a member of ‘jak2::ArtJointGeo’ [-Wshadow]
  137 |                        std::vector<CollideMesh> cmeshes,
      |                        ~~~~~~~~~~~~~~~~~~~~~~~~~^~~~~~~
/home/emeric/code/jak-project/goalc/build_actor/jak2/build_actor.h:127:28: note: shadowed declaration is here
  127 |   std::vector<CollideMesh> cmeshes;
      |                            ^~~~~~~
/home/emeric/code/jak-project/goalc/build_actor/jak2/build_actor.h:136:43: warning: declaration of ‘name’ shadows a member of ‘jak2::ArtJointGeo’ [-Wshadow]
  136 |   explicit ArtJointGeo(const std::string& name,
      |                        ~~~~~~~~~~~~~~~~~~~^~~~
In file included from /home/emeric/code/jak-project/goalc/build_actor/jak2/build_actor.h:6:
/home/emeric/code/jak-project/./goalc/build_actor/common/art_types.h:12:15: note: shadowed declaration is here
   12 |   std::string name;
      |               ^~~~
/home/emeric/code/jak-project/goalc/build_actor/jak2/build_actor.h: In constructor ‘jak2::ArtJointAnim::ArtJointAnim(const std::string&, const std::vector<Joint>&)’:
/home/emeric/code/jak-project/goalc/build_actor/jak2/build_actor.h:167:35: warning: declaration of ‘name’ shadows a member of ‘jak2::ArtJointAnim’ [-Wshadow]
  167 |   ArtJointAnim(const std::string& name, const std::vector<Joint>& joints) {
      |                ~~~~~~~~~~~~~~~~~~~^~~~
/home/emeric/code/jak-project/./goalc/build_actor/common/art_types.h:12:15: note: shadowed declaration is here
   12 |   std::string name;
      |               ^~~~
In file included from /home/emeric/code/jak-project/./goalc/build_actor/common/MercExtract.h:5,
                 from /home/emeric/code/jak-project/goalc/build_actor/jak2/build_actor.cpp:6:
/home/emeric/code/jak-project/./goalc/build_actor/jak1/build_actor.h: In constructor ‘jak1::ArtJointGeo::ArtJointGeo(const std::string&, std::vector<jak1::CollideMesh>, std::vector<Joint>&, const jak1::BuildActorParams1&)’:
/home/emeric/code/jak-project/./goalc/build_actor/jak1/build_actor.h:155:49: warning: declaration of ‘cmeshes’ shadows a member of ‘jak1::ArtJointGeo’ [-Wshadow]
  155 |                        std::vector<CollideMesh> cmeshes,
      |                        ~~~~~~~~~~~~~~~~~~~~~~~~~^~~~~~~
/home/emeric/code/jak-project/./goalc/build_actor/jak1/build_actor.h:145:28: note: shadowed declaration is here
  145 |   std::vector<CollideMesh> cmeshes;
      |                            ^~~~~~~
/home/emeric/code/jak-project/./goalc/build_actor/jak1/build_actor.h:154:43: warning: declaration of ‘name’ shadows a member of ‘jak1::ArtJointGeo’ [-Wshadow]
  154 |   explicit ArtJointGeo(const std::string& name,
      |                        ~~~~~~~~~~~~~~~~~~~^~~~
/home/emeric/code/jak-project/./goalc/build_actor/common/art_types.h:12:15: note: shadowed declaration is here
   12 |   std::string name;
      |               ^~~~
/home/emeric/code/jak-project/./goalc/build_actor/jak1/build_actor.h: In constructor ‘jak1::ArtJointAnim::ArtJointAnim(const std::string&, const std::vector<Joint>&)’:
/home/emeric/code/jak-project/./goalc/build_actor/jak1/build_actor.h:186:35: warning: declaration of ‘name’ shadows a member of ‘jak1::ArtJointAnim’ [-Wshadow]
  186 |   ArtJointAnim(const std::string& name, const std::vector<Joint>& joints) {
      |                ~~~~~~~~~~~~~~~~~~~^~~~
/home/emeric/code/jak-project/./goalc/build_actor/common/art_types.h:12:15: note: shadowed declaration is here
   12 |   std::string name;
      |               ^~~~
In file included from /home/emeric/code/jak-project/./goalc/build_actor/common/MercExtract.h:7:
/home/emeric/code/jak-project/./goalc/build_actor/jak3/build_actor.h: In constructor ‘jak3::ArtJointGeo::ArtJointGeo(const std::string&, std::vector<jak3::CollideMesh>, std::vector<Joint>&, const jak3::BuildActorParams3&)’:
/home/emeric/code/jak-project/./goalc/build_actor/jak3/build_actor.h:143:49: warning: declaration of ‘cmeshes’ shadows a member of ‘jak3::ArtJointGeo’ [-Wshadow]
  143 |                        std::vector<CollideMesh> cmeshes,
      |                        ~~~~~~~~~~~~~~~~~~~~~~~~~^~~~~~~
/home/emeric/code/jak-project/./goalc/build_actor/jak3/build_actor.h:133:28: note: shadowed declaration is here
  133 |   std::vector<CollideMesh> cmeshes;
      |                            ^~~~~~~
/home/emeric/code/jak-project/./goalc/build_actor/jak3/build_actor.h:142:43: warning: declaration of ‘name’ shadows a member of ‘jak3::ArtJointGeo’ [-Wshadow]
  142 |   explicit ArtJointGeo(const std::string& name,
      |                        ~~~~~~~~~~~~~~~~~~~^~~~
/home/emeric/code/jak-project/./goalc/build_actor/common/art_types.h:12:15: note: shadowed declaration is here
   12 |   std::string name;
      |               ^~~~
/home/emeric/code/jak-project/./goalc/build_actor/jak3/build_actor.h: In constructor ‘jak3::ArtJointAnim::ArtJointAnim(const std::string&, const std::vector<Joint>&)’:
/home/emeric/code/jak-project/./goalc/build_actor/jak3/build_actor.h:173:35: warning: declaration of ‘name’ shadows a member of ‘jak3::ArtJointAnim’ [-Wshadow]
  173 |   ArtJointAnim(const std::string& name, const std::vector<Joint>& joints) {
      |                ~~~~~~~~~~~~~~~~~~~^~~~
/home/emeric/code/jak-project/./goalc/build_actor/common/art_types.h:12:15: note: shadowed declaration is here
   12 |   std::string name;
      |               ^~~~
/home/emeric/code/jak-project/goalc/build_actor/jak2/build_actor.cpp: In member function ‘size_t jak2::ArtJointGeo::generate_mesh(DataObjectGenerator&) const’:
/home/emeric/code/jak-project/goalc/build_actor/jak2/build_actor.cpp:287:14: warning: declaration of ‘data’ shadows a member of ‘jak2::ArtJointGeo’ [-Wshadow]
  287 |   for (auto& data : cmeshes) {
      |              ^~~~
/home/emeric/code/jak-project/goalc/build_actor/jak2/build_actor.h:126:22: note: shadowed declaration is here
  126 |   std::vector<Joint> data;
      |                      ^~~~
/home/emeric/code/jak-project/goalc/build_actor/jak2/build_actor.cpp: In member function ‘int jak2::ArtGroup::get_joint_idx(const std::string&)’:
/home/emeric/code/jak-project/goalc/build_actor/jak2/build_actor.cpp:549:48: warning: declaration of ‘name’ shadows a member of ‘jak2::ArtGroup’ [-Wshadow]
  549 | int ArtGroup::get_joint_idx(const std::string& name) {
      |                             ~~~~~~~~~~~~~~~~~~~^~~~
/home/emeric/code/jak-project/./goalc/build_actor/common/art_types.h:12:15: note: shadowed declaration is here
   12 |   std::string name;
      |               ^~~~
[163/170] Building CXX object goalc/CMakeFiles/compiler.dir/make/Tools.cpp.o
In file included from /home/emeric/code/jak-project/./goalc/build_actor/jak1/build_actor.h:7,
                 from /home/emeric/code/jak-project/goalc/make/Tools.cpp:7:
/home/emeric/code/jak-project/./goalc/build_actor/common/build_actor.h: In constructor ‘Joint::Joint(const std::string&, int, int, math::Matrix4f)’:
/home/emeric/code/jak-project/./goalc/build_actor/common/build_actor.h:15:73: warning: declaration of ‘bind_pose’ shadows a member of ‘Joint’ [-Wshadow]
   15 |   Joint(const std::string& name, int number, int parent, math::Matrix4f bind_pose) {
      |                                                          ~~~~~~~~~~~~~~~^~~~~~~~~
/home/emeric/code/jak-project/./goalc/build_actor/common/build_actor.h:13:18: note: shadowed declaration is here
   13 |   math::Matrix4f bind_pose{};
      |                  ^~~~~~~~~
/home/emeric/code/jak-project/./goalc/build_actor/common/build_actor.h:15:50: warning: declaration of ‘parent’ shadows a member of ‘Joint’ [-Wshadow]
   15 |   Joint(const std::string& name, int number, int parent, math::Matrix4f bind_pose) {
      |                                              ~~~~^~~~~~
/home/emeric/code/jak-project/./goalc/build_actor/common/build_actor.h:12:7: note: shadowed declaration is here
   12 |   int parent;
      |       ^~~~~~
/home/emeric/code/jak-project/./goalc/build_actor/common/build_actor.h:15:38: warning: declaration of ‘number’ shadows a member of ‘Joint’ [-Wshadow]
   15 |   Joint(const std::string& name, int number, int parent, math::Matrix4f bind_pose) {
      |                                  ~~~~^~~~~~
/home/emeric/code/jak-project/./goalc/build_actor/common/build_actor.h:11:7: note: shadowed declaration is here
   11 |   s32 number;
      |       ^~~~~~
/home/emeric/code/jak-project/./goalc/build_actor/common/build_actor.h:15:28: warning: declaration of ‘name’ shadows a member of ‘Joint’ [-Wshadow]
   15 |   Joint(const std::string& name, int number, int parent, math::Matrix4f bind_pose) {
      |         ~~~~~~~~~~~~~~~~~~~^~~~
/home/emeric/code/jak-project/./goalc/build_actor/common/build_actor.h:10:15: note: shadowed declaration is here
   10 |   std::string name;
      |               ^~~~
/home/emeric/code/jak-project/./goalc/build_actor/jak1/build_actor.h: In constructor ‘jak1::ArtJointGeo::ArtJointGeo(const std::string&, std::vector<jak1::CollideMesh>, std::vector<Joint>&, const jak1::BuildActorParams1&)’:
/home/emeric/code/jak-project/./goalc/build_actor/jak1/build_actor.h:155:49: warning: declaration of ‘cmeshes’ shadows a member of ‘jak1::ArtJointGeo’ [-Wshadow]
  155 |                        std::vector<CollideMesh> cmeshes,
      |                        ~~~~~~~~~~~~~~~~~~~~~~~~~^~~~~~~
/home/emeric/code/jak-project/./goalc/build_actor/jak1/build_actor.h:145:28: note: shadowed declaration is here
  145 |   std::vector<CollideMesh> cmeshes;
      |                            ^~~~~~~
/home/emeric/code/jak-project/./goalc/build_actor/jak1/build_actor.h:154:43: warning: declaration of ‘name’ shadows a member of ‘jak1::ArtJointGeo’ [-Wshadow]
  154 |   explicit ArtJointGeo(const std::string& name,
      |                        ~~~~~~~~~~~~~~~~~~~^~~~
In file included from /home/emeric/code/jak-project/./goalc/build_actor/jak1/build_actor.h:6:
/home/emeric/code/jak-project/./goalc/build_actor/common/art_types.h:12:15: note: shadowed declaration is here
   12 |   std::string name;
      |               ^~~~
/home/emeric/code/jak-project/./goalc/build_actor/jak1/build_actor.h: In constructor ‘jak1::ArtJointAnim::ArtJointAnim(const std::string&, const std::vector<Joint>&)’:
/home/emeric/code/jak-project/./goalc/build_actor/jak1/build_actor.h:186:35: warning: declaration of ‘name’ shadows a member of ‘jak1::ArtJointAnim’ [-Wshadow]
  186 |   ArtJointAnim(const std::string& name, const std::vector<Joint>& joints) {
      |                ~~~~~~~~~~~~~~~~~~~^~~~
/home/emeric/code/jak-project/./goalc/build_actor/common/art_types.h:12:15: note: shadowed declaration is here
   12 |   std::string name;
      |               ^~~~
In file included from /home/emeric/code/jak-project/./goalc/build_actor/common/MercExtract.h:6,
                 from /home/emeric/code/jak-project/./goalc/build_level/common/build_level.h:12,
                 from /home/emeric/code/jak-project/./goalc/build_level/jak1/build_level.h:3,
                 from /home/emeric/code/jak-project/goalc/make/Tools.cpp:8:
/home/emeric/code/jak-project/./goalc/build_actor/jak2/build_actor.h: In constructor ‘jak2::ArtJointGeo::ArtJointGeo(const std::string&, std::vector<jak2::CollideMesh>, std::vector<Joint>&, const jak2::BuildActorParams2&)’:
/home/emeric/code/jak-project/./goalc/build_actor/jak2/build_actor.h:137:49: warning: declaration of ‘cmeshes’ shadows a member of ‘jak2::ArtJointGeo’ [-Wshadow]
  137 |                        std::vector<CollideMesh> cmeshes,
      |                        ~~~~~~~~~~~~~~~~~~~~~~~~~^~~~~~~
/home/emeric/code/jak-project/./goalc/build_actor/jak2/build_actor.h:127:28: note: shadowed declaration is here
  127 |   std::vector<CollideMesh> cmeshes;
      |                            ^~~~~~~
/home/emeric/code/jak-project/./goalc/build_actor/jak2/build_actor.h:136:43: warning: declaration of ‘name’ shadows a member of ‘jak2::ArtJointGeo’ [-Wshadow]
  136 |   explicit ArtJointGeo(const std::string& name,
      |                        ~~~~~~~~~~~~~~~~~~~^~~~
/home/emeric/code/jak-project/./goalc/build_actor/common/art_types.h:12:15: note: shadowed declaration is here
   12 |   std::string name;
      |               ^~~~
/home/emeric/code/jak-project/./goalc/build_actor/jak2/build_actor.h: In constructor ‘jak2::ArtJointAnim::ArtJointAnim(const std::string&, const std::vector<Joint>&)’:
/home/emeric/code/jak-project/./goalc/build_actor/jak2/build_actor.h:167:35: warning: declaration of ‘name’ shadows a member of ‘jak2::ArtJointAnim’ [-Wshadow]
  167 |   ArtJointAnim(const std::string& name, const std::vector<Joint>& joints) {
      |                ~~~~~~~~~~~~~~~~~~~^~~~
/home/emeric/code/jak-project/./goalc/build_actor/common/art_types.h:12:15: note: shadowed declaration is here
   12 |   std::string name;
      |               ^~~~
In file included from /home/emeric/code/jak-project/./goalc/build_actor/common/MercExtract.h:7:
/home/emeric/code/jak-project/./goalc/build_actor/jak3/build_actor.h: In constructor ‘jak3::ArtJointGeo::ArtJointGeo(const std::string&, std::vector<jak3::CollideMesh>, std::vector<Joint>&, const jak3::BuildActorParams3&)’:
/home/emeric/code/jak-project/./goalc/build_actor/jak3/build_actor.h:143:49: warning: declaration of ‘cmeshes’ shadows a member of ‘jak3::ArtJointGeo’ [-Wshadow]
  143 |                        std::vector<CollideMesh> cmeshes,
      |                        ~~~~~~~~~~~~~~~~~~~~~~~~~^~~~~~~
/home/emeric/code/jak-project/./goalc/build_actor/jak3/build_actor.h:133:28: note: shadowed declaration is here
  133 |   std::vector<CollideMesh> cmeshes;
      |                            ^~~~~~~
/home/emeric/code/jak-project/./goalc/build_actor/jak3/build_actor.h:142:43: warning: declaration of ‘name’ shadows a member of ‘jak3::ArtJointGeo’ [-Wshadow]
  142 |   explicit ArtJointGeo(const std::string& name,
      |                        ~~~~~~~~~~~~~~~~~~~^~~~
/home/emeric/code/jak-project/./goalc/build_actor/common/art_types.h:12:15: note: shadowed declaration is here
   12 |   std::string name;
      |               ^~~~
/home/emeric/code/jak-project/./goalc/build_actor/jak3/build_actor.h: In constructor ‘jak3::ArtJointAnim::ArtJointAnim(const std::string&, const std::vector<Joint>&)’:
/home/emeric/code/jak-project/./goalc/build_actor/jak3/build_actor.h:173:35: warning: declaration of ‘name’ shadows a member of ‘jak3::ArtJointAnim’ [-Wshadow]
  173 |   ArtJointAnim(const std::string& name, const std::vector<Joint>& joints) {
      |                ~~~~~~~~~~~~~~~~~~~^~~~
/home/emeric/code/jak-project/./goalc/build_actor/common/art_types.h:12:15: note: shadowed declaration is here
   12 |   std::string name;
      |               ^~~~
In file included from /home/emeric/code/jak-project/./common/goos/Object.h:57,
                 from /home/emeric/code/jak-project/./common/goos/Reader.h:19,
                 from /home/emeric/code/jak-project/goalc/make/Tools.h:3,
                 from /home/emeric/code/jak-project/goalc/make/Tools.cpp:1:
/home/emeric/code/jak-project/./goalc/emitter/Instruction.h: In function ‘constexpr emitter::ARM64::Field emitter::ARM64::Imm12(u32)’:
/home/emeric/code/jak-project/./goalc/emitter/Instruction.h:74:12: warning: comparison of unsigned expression in ‘>= 0’ is always true [-Wtype-limits]
   74 |   ASSERT(x >= 0 && x <= 4095);
      |          ~~^~~~
/home/emeric/code/jak-project/./common/util/Assert.h:29:11: note: in definition of macro ‘ASSERT’
   29 |   (void)((EX) || (private_assert_failed(#EX, __FILE__, __LINE__, __PRETTY_FUNCTION__), 0))
      |           ^~
[164/170] Linking CXX shared library goalc/libcompiler.so
[165/170] Linking CXX executable goalc/goalc
[166/170] Building CXX object game/CMakeFiles/gk.dir/main.cpp.o
[167/170] Linking CXX executable game/gk
[npc-flicker] garde OK — 47 proprietes tenues
