# foliage-wind (essai 11) — VENT NATIF DES BUISSONS, extrait des DGO de jak1 par
# decompiler/level_extractor/extract_shrub.cpp (SHRUB_WIND_DUMP_DIR). Une entree `level` par niveau,
# puis `proto <idx> <nom> stiffness <s> dists <4> rdists <4>` (stiffness = rdists.w, near-stiff = dists.y,
# rlength-stiff = rdists.y) et `inst <matrix_idx> <proto_idx> <wind_index>` dans l ordre des matrices du fr3.
# Relu et VERIFIE (comptes, noms) par common/custom_data/TFrag3Data.cpp::foliage_wind_finalize_level.
level jungleb tree 0 protos 1 instances 6
proto 0 jng-vinebase-02.mb stiffness 0.000000 dists 204800.0000 102400.0000 0.0000 286720.0000 rdists 0.00001221 0.00000977 0.00001744 0.00000000
inst 0 0 0
inst 1 0 1
inst 2 0 2
inst 3 0 3
inst 4 0 4
inst 5 0 5
level beach tree 0 protos 20 instances 2272
proto 0 bch-grass.mb stiffness 0.300000 dists 225280.0000 112640.0000 0.0000 327680.0000 rdists 0.00000977 0.00000888 0.00001395 0.30000001
proto 1 bch-cattail-01.mb stiffness 0.300000 dists 225280.0000 112640.0000 0.0000 327680.0000 rdists 0.00000977 0.00000888 0.00001395 0.30000001
proto 2 bch-shrub-grass.mb stiffness 0.100000 dists 225280.0000 112640.0000 0.0000 327680.0000 rdists 0.00000977 0.00000888 0.00001395 0.10000000
proto 3 bch-splinters-02.mb stiffness 0.000000 dists 307200.0000 153600.0000 0.0000 737280.0000 rdists 0.00000233 0.00000651 0.00000332 0.00000000
proto 4 bch-mossrock2.mb stiffness 0.000000 dists 143360.0000 71680.0000 0.0000 450560.0000 rdists 0.00000326 0.00001395 0.00000465 0.00000000
proto 5 bch-palmplanttop.mb stiffness 0.300000 dists 327680.0000 163840.0000 0.0000 491520.0000 rdists 0.00000610 0.00000610 0.00000872 0.30000001
proto 6 bch-bush.mb stiffness 0.000000 dists 40960.0000 20480.0000 0.0000 40960.0000 rdists inf 0.00004883 inf 0.00000000
proto 7 shrubpebbles-01.mb stiffness 0.000000 dists 143360.0000 71680.0000 0.0000 450560.0000 rdists 0.00000326 0.00001395 0.00000465 0.00000000
proto 8 shrubpebbles-02.mb stiffness 0.000000 dists 143360.0000 71680.0000 0.0000 450560.0000 rdists 0.00000326 0.00001395 0.00000465 0.00000000
proto 9 bch-kelp.mb stiffness 0.900000 dists 307200.0000 153600.0000 0.0000 737280.0000 rdists 0.00000233 0.00000651 0.00000332 0.89999998
proto 10 bch-coral-leaf.mb stiffness 0.600000 dists 307200.0000 153600.0000 0.0000 737280.0000 rdists 0.00000233 0.00000651 0.00000332 0.60000002
proto 11 fan-coralgroup.mb stiffness 0.500000 dists 307200.0000 153600.0000 0.0000 737280.0000 rdists 0.00000233 0.00000651 0.00000332 0.50000000
proto 12 pole-2.mb stiffness 0.000000 dists 245760.0000 122880.0000 0.0000 696320.0000 rdists 0.00000222 0.00000814 0.00000317 0.00000000
proto 13 bch-rrtie.mb stiffness 0.000000 dists 245760.0000 122880.0000 0.0000 696320.0000 rdists 0.00000222 0.00000814 0.00000317 0.00000000
proto 14 bch-mossrock.mb stiffness 0.000000 dists 225280.0000 112640.0000 0.0000 614400.0000 rdists 0.00000257 0.00000888 0.00000367 0.00000000
proto 15 bch-fullmoss.mb stiffness 0.000000 dists 143360.0000 71680.0000 0.0000 450560.0000 rdists 0.00000326 0.00001395 0.00000465 0.00000000
proto 16 bch-mossrock3.mb stiffness 0.000000 dists 143360.0000 71680.0000 0.0000 450560.0000 rdists 0.00000326 0.00001395 0.00000465 0.00000000
proto 17 bch-exotic-plant.mb stiffness 0.000000 dists 102400.0000 51200.0000 0.0000 245760.0000 rdists 0.00000698 0.00001953 0.00000996 0.00000000
proto 18 bch-plantflower.mb stiffness 0.000000 dists 307200.0000 153600.0000 0.0000 737280.0000 rdists 0.00000233 0.00000651 0.00000332 0.00000000
proto 19 bch-idolrubble-01.mb stiffness 0.000000 dists 307200.0000 153600.0000 0.0000 737280.0000 rdists 0.00000233 0.00000651 0.00000332 0.00000000
inst 0 0 1015
inst 1 0 1016
inst 2 0 1017
inst 3 0 1018
inst 4 0 1019
inst 5 0 1020
inst 6 0 1021
inst 7 0 1022
inst 8 0 1026
inst 9 0 1023
inst 10 0 1024
inst 11 0 1025
inst 12 0 1030
inst 13 0 1031
inst 14 0 1032
inst 15 0 1033
inst 16 0 1897
inst 17 0 1898
inst 18 0 1027
inst 19 0 1028
inst 20 0 1029
inst 21 0 1034
inst 22 0 1035
inst 23 0 1036
inst 24 0 22
inst 25 0 101
inst 26 0 1493
inst 27 0 1494
inst 28 0 1893
inst 29 0 1965
inst 30 0 1966
inst 31 0 1918
inst 32 0 583
inst 33 0 595
inst 34 0 602
inst 35 0 604
inst 36 0 605
inst 37 0 615
inst 38 0 2288
inst 39 0 2293
inst 40 0 555
inst 41 0 552
inst 42 0 553
inst 43 0 556
inst 44 0 557
inst 45 0 558
inst 46 0 559
inst 47 0 563
inst 48 0 550
inst 49 0 561
inst 50 0 2297
inst 51 0 100
inst 52 0 554
inst 53 0 562
inst 54 0 576
inst 55 0 2277
inst 56 0 21
inst 57 0 39
inst 58 0 40
inst 59 0 98
inst 60 0 99
inst 61 0 2309
inst 62 0 2312
inst 63 0 2304
inst 64 0 599
inst 65 0 613
inst 66 0 614
inst 67 0 877
inst 68 0 878
inst 69 0 997
inst 70 0 998
inst 71 0 612
inst 72 0 2271
inst 73 0 2279
inst 74 0 546
inst 75 0 548
inst 76 0 600
inst 77 0 603
inst 78 0 609
inst 79 0 618
inst 80 0 880
inst 81 0 882
inst 82 0 370
inst 83 0 598
inst 84 0 606
inst 85 0 607
inst 86 0 608
inst 87 0 883
inst 88 0 38
inst 89 0 92
inst 90 0 366
inst 91 0 367
inst 92 0 368
inst 93 0 369
inst 94 0 879
inst 95 0 881
inst 96 0 547
inst 97 0 570
inst 98 0 575
inst 99 0 578
inst 100 0 2254
inst 101 0 2261
inst 102 0 2280
inst 103 0 549
inst 104 0 93
inst 105 0 577
inst 106 0 1880
inst 107 0 2324
inst 108 0 2325
inst 109 0 2333
inst 110 0 567
inst 111 0 588
inst 112 0 566
inst 113 0 569
inst 114 0 1506
inst 115 0 1962
inst 116 0 2267
inst 117 0 573
inst 118 0 574
inst 119 0 1505
inst 120 0 411
inst 121 0 1885
inst 122 0 1963
inst 123 0 1964
inst 124 0 568
inst 125 0 591
inst 126 0 593
inst 127 0 2266
inst 128 0 359
inst 129 0 360
inst 130 0 361
inst 131 0 362
inst 132 0 363
inst 133 0 364
inst 134 0 365
inst 135 0 90
inst 136 0 246
inst 137 0 247
inst 138 0 248
inst 139 0 249
inst 140 0 250
inst 141 0 19
inst 142 0 89
inst 143 0 91
inst 144 0 85
inst 145 0 88
inst 146 0 353
inst 147 0 354
inst 148 0 355
inst 149 0 356
inst 150 0 357
inst 151 0 358
inst 152 0 35
inst 153 0 82
inst 154 0 86
inst 155 0 264
inst 156 0 18
inst 157 0 36
inst 158 0 84
inst 159 0 87
inst 160 0 16
inst 161 0 78
inst 162 0 346
inst 163 0 347
inst 164 0 348
inst 165 0 350
inst 166 0 34
inst 167 0 352
inst 168 0 343
inst 169 0 344
inst 170 0 345
inst 171 0 4
inst 172 0 14
inst 173 0 340
inst 174 0 349
inst 175 0 351
inst 176 0 31
inst 177 0 69
inst 178 0 70
inst 179 0 74
inst 180 0 75
inst 181 0 341
inst 182 0 342
inst 183 0 339
inst 184 0 324
inst 185 0 330
inst 186 0 13
inst 187 0 67
inst 188 0 68
inst 189 0 331
inst 190 0 333
inst 191 0 338
inst 192 0 2318
inst 193 0 2320
inst 194 0 2321
inst 195 0 2327
inst 196 0 2330
inst 197 0 1844
inst 198 0 2329
inst 199 0 2331
inst 200 0 251
inst 201 0 253
inst 202 0 262
inst 203 0 263
inst 204 0 1873
inst 205 0 2219
inst 206 0 261
inst 207 0 1843
inst 208 0 12
inst 209 0 29
inst 210 0 63
inst 211 0 77
inst 212 0 1961
inst 213 0 2226
inst 214 0 72
inst 215 0 252
inst 216 0 265
inst 217 0 266
inst 218 0 379
inst 219 0 1959
inst 220 0 2232
inst 221 0 2238
inst 222 0 2239
inst 223 0 1866
inst 224 0 271
inst 225 0 404
inst 226 0 405
inst 227 0 406
inst 228 0 412
inst 229 0 413
inst 230 0 414
inst 231 0 268
inst 232 0 400
inst 233 0 401
inst 234 0 402
inst 235 0 403
inst 236 0 407
inst 237 0 408
inst 238 0 409
inst 239 0 410
inst 240 0 269
inst 241 0 275
inst 242 0 377
inst 243 0 378
inst 244 0 270
inst 245 0 272
inst 246 0 273
inst 247 0 267
inst 248 0 276
inst 249 0 371
inst 250 0 372
inst 251 0 375
inst 252 0 376
inst 253 0 274
inst 254 0 373
inst 255 0 374
inst 256 0 8
inst 257 0 27
inst 258 0 28
inst 259 0 57
inst 260 0 58
inst 261 0 62
inst 262 0 327
inst 263 0 336
inst 264 0 9
inst 265 0 54
inst 266 0 325
inst 267 0 326
inst 268 0 334
inst 269 0 335
inst 270 0 337
inst 271 0 61
inst 272 0 321
inst 273 0 322
inst 274 0 323
inst 275 0 328
inst 276 0 329
inst 277 0 332
inst 278 0 55
inst 279 0 64
inst 280 0 10
inst 281 0 105
inst 282 0 318
inst 283 0 2230
inst 284 0 2235
inst 285 0 2237
inst 286 0 319
inst 287 0 320
inst 288 0 26
inst 289 0 50
inst 290 0 1954
inst 291 0 1955
inst 292 0 1957
inst 293 0 1960
inst 294 0 65
inst 295 0 106
inst 296 0 1
inst 297 0 23
inst 298 0 44
inst 299 0 45
inst 300 0 46
inst 301 0 309
inst 302 0 1958
inst 303 0 1956
inst 304 0 7
inst 305 0 51
inst 306 0 52
inst 307 0 107
inst 308 0 2251
inst 309 0 2252
inst 310 0 1953
inst 311 0 2249
inst 312 0 2
inst 313 0 1840
inst 314 0 1862
inst 315 0 1950
inst 316 0 1951
inst 317 0 1952
inst 318 0 2243
inst 319 0 48
inst 320 0 311
inst 321 0 314
inst 322 0 315
inst 323 0 316
inst 324 0 317
inst 325 0 308
inst 326 0 312
inst 327 0 313
inst 328 0 302
inst 329 0 303
inst 330 0 305
inst 331 0 432
inst 332 0 304
inst 333 0 306
inst 334 0 307
inst 335 0 310
inst 336 0 0
inst 337 0 425
inst 338 0 426
inst 339 0 428
inst 340 0 429
inst 341 0 2094
inst 342 0 42
inst 343 0 43
inst 344 0 424
inst 345 0 505
inst 346 0 525
inst 347 0 526
inst 348 0 24
inst 349 0 25
inst 350 0 430
inst 351 0 431
inst 352 0 398
inst 353 0 415
inst 354 0 416
inst 355 0 417
inst 356 0 418
inst 357 0 419
inst 358 0 423
inst 359 0 427
inst 360 0 380
inst 361 0 386
inst 362 0 421
inst 363 0 422
inst 364 0 492
inst 365 0 509
inst 366 0 399
inst 367 0 420
inst 368 0 444
inst 369 0 447
inst 370 0 451
inst 371 0 452
inst 372 0 453
inst 373 0 454
inst 374 0 459
inst 375 0 460
inst 376 0 395
inst 377 0 396
inst 378 0 397
inst 379 0 448
inst 380 0 461
inst 381 0 385
inst 382 0 387
inst 383 0 449
inst 384 0 474
inst 385 0 481
inst 386 0 483
inst 387 0 484
inst 388 0 529
inst 389 0 530
inst 390 0 532
inst 391 0 1949
inst 392 0 498
inst 393 0 506
inst 394 0 507
inst 395 0 508
inst 396 0 521
inst 397 0 523
inst 398 0 527
inst 399 0 1861
inst 400 0 437
inst 401 0 438
inst 402 0 495
inst 403 0 513
inst 404 0 514
inst 405 0 515
inst 406 0 494
inst 407 0 524
inst 408 0 533
inst 409 0 535
inst 410 0 537
inst 411 0 541
inst 412 0 542
inst 413 0 543
inst 414 0 544
inst 415 0 516
inst 416 0 388
inst 417 0 389
inst 418 0 500
inst 419 0 383
inst 420 0 433
inst 421 0 434
inst 422 0 501
inst 423 0 511
inst 424 0 435
inst 425 0 439
inst 426 0 440
inst 427 0 441
inst 428 0 442
inst 429 0 534
inst 430 0 545
inst 431 0 394
inst 432 0 456
inst 433 0 457
inst 434 0 458
inst 435 0 445
inst 436 0 446
inst 437 0 450
inst 438 0 455
inst 439 0 393
inst 440 0 381
inst 441 0 382
inst 442 0 384
inst 443 0 391
inst 444 0 436
inst 445 0 443
inst 446 0 390
inst 447 0 392
inst 448 0 475
inst 449 0 476
inst 450 0 478
inst 451 0 486
inst 452 0 489
inst 453 0 490
inst 454 0 485
inst 455 0 1855
inst 456 0 467
inst 457 0 468
inst 458 0 538
inst 459 0 539
inst 460 0 540
inst 461 0 536
inst 462 0 466
inst 463 0 469
inst 464 0 462
inst 465 0 1828
inst 466 0 1946
inst 467 0 1947
inst 468 0 1948
inst 469 0 465
inst 470 0 518
inst 471 0 519
inst 472 0 1824
inst 473 0 1944
inst 474 0 1945
inst 475 0 1941
inst 476 1 102
inst 477 1 103
inst 478 1 174
inst 479 1 175
inst 480 1 208
inst 481 1 2160
inst 482 1 2163
inst 483 1 2164
inst 484 1 560
inst 485 1 564
inst 486 1 580
inst 487 1 584
inst 488 1 585
inst 489 1 586
inst 490 1 596
inst 491 1 104
inst 492 1 592
inst 493 1 594
inst 494 1 597
inst 495 1 601
inst 496 1 610
inst 497 1 616
inst 498 1 617
inst 499 1 579
inst 500 1 95
inst 501 1 96
inst 502 1 571
inst 503 1 572
inst 504 1 587
inst 505 1 589
inst 506 1 590
inst 507 1 551
inst 508 1 164
inst 509 1 169
inst 510 1 1891
inst 511 1 1895
inst 512 1 2158
inst 513 1 2159
inst 514 1 2183
inst 515 1 209
inst 516 1 149
inst 517 1 167
inst 518 1 581
inst 519 1 1607
inst 520 1 1890
inst 521 1 2178
inst 522 1 2335
inst 523 1 163
inst 524 1 41
inst 525 1 97
inst 526 1 152
inst 527 1 153
inst 528 1 154
inst 529 1 1884
inst 530 1 1887
inst 531 1 5
inst 532 1 1563
inst 533 1 1611
inst 534 1 1666
inst 535 1 1667
inst 536 1 1645
inst 537 1 151
inst 538 1 150
inst 539 1 1888
inst 540 1 17
inst 541 1 20
inst 542 1 37
inst 543 1 81
inst 544 1 83
inst 545 1 1503
inst 546 1 1875
inst 547 1 94
inst 548 1 15
inst 549 1 33
inst 550 1 76
inst 551 1 79
inst 552 1 80
inst 553 1 2101
inst 554 1 2102
inst 555 1 1504
inst 556 1 11
inst 557 1 30
inst 558 1 32
inst 559 1 59
inst 560 1 66
inst 561 1 71
inst 562 1 73
inst 563 1 1499
inst 564 1 2105
inst 565 1 2106
inst 566 1 2107
inst 567 1 2108
inst 568 1 2109
inst 569 1 2104
inst 570 1 60
inst 571 1 1502
inst 572 1 1868
inst 573 1 1879
inst 574 1 2100
inst 575 1 582
inst 576 1 3
inst 577 1 1876
inst 578 1 2099
inst 579 1 2103
inst 580 1 155
inst 581 1 156
inst 582 1 157
inst 583 1 565
inst 584 1 1832
inst 585 1 1857
inst 586 1 1841
inst 587 1 1869
inst 588 1 1609
inst 589 1 1610
inst 590 1 1626
inst 591 1 1675
inst 592 1 1676
inst 593 1 1677
inst 594 1 1684
inst 595 1 1815
inst 596 1 1778
inst 597 1 1807
inst 598 1 1808
inst 599 1 1829
inst 600 1 1830
inst 601 1 1856
inst 602 1 1928
inst 603 1 1816
inst 604 1 6
inst 605 1 47
inst 606 1 49
inst 607 1 53
inst 608 1 493
inst 609 1 1865
inst 610 1 1929
inst 611 1 56
inst 612 1 491
inst 613 1 497
inst 614 1 510
inst 615 1 512
inst 616 1 1860
inst 617 1 499
inst 618 1 1864
inst 619 1 1917
inst 620 1 531
inst 621 1 1836
inst 622 1 1837
inst 623 1 1850
inst 624 1 1901
inst 625 1 1911
inst 626 1 1913
inst 627 1 1927
inst 628 1 496
inst 629 1 503
inst 630 1 517
inst 631 1 520
inst 632 1 522
inst 633 1 528
inst 634 1 502
inst 635 1 1912
inst 636 1 1827
inst 637 1 1931
inst 638 1 1932
inst 639 1 2127
inst 640 1 2128
inst 641 1 2132
inst 642 1 2133
inst 643 1 2334
inst 644 1 218
inst 645 1 219
inst 646 1 221
inst 647 1 222
inst 648 1 504
inst 649 1 2144
inst 650 1 2145
inst 651 1 2146
inst 652 1 1699
inst 653 1 1715
inst 654 1 1716
inst 655 1 1721
inst 656 1 1734
inst 657 1 1735
inst 658 1 1752
inst 659 1 1753
inst 660 1 229
inst 661 1 237
inst 662 1 238
inst 663 1 242
inst 664 1 1821
inst 665 1 1835
inst 666 1 220
inst 667 1 1736
inst 668 1 1713
inst 669 1 1714
inst 670 1 1722
inst 671 2 170
inst 672 2 171
inst 673 2 172
inst 674 2 173
inst 675 2 176
inst 676 2 187
inst 677 2 210
inst 678 2 1498
inst 679 2 180
inst 680 2 181
inst 681 2 182
inst 682 2 184
inst 683 2 185
inst 684 2 190
inst 685 2 186
inst 686 2 197
inst 687 2 177
inst 688 2 178
inst 689 2 179
inst 690 2 188
inst 691 2 194
inst 692 2 195
inst 693 2 183
inst 694 2 189
inst 695 2 191
inst 696 2 192
inst 697 2 196
inst 698 2 201
inst 699 2 1495
inst 700 2 1497
inst 701 2 193
inst 702 2 1496
inst 703 2 198
inst 704 2 199
inst 705 2 200
inst 706 2 203
inst 707 2 2197
inst 708 2 2199
inst 709 2 2200
inst 710 2 202
inst 711 2 205
inst 712 2 206
inst 713 2 207
inst 714 2 1849
inst 715 2 1896
inst 716 2 1899
inst 717 2 204
inst 718 2 2198
inst 719 2 1500
inst 720 2 1902
inst 721 2 2179
inst 722 2 2181
inst 723 2 2182
inst 724 2 2185
inst 725 2 1501
inst 726 2 2180
inst 727 2 158
inst 728 2 159
inst 729 2 161
inst 730 2 1892
inst 731 2 1894
inst 732 2 168
inst 733 2 1903
inst 734 2 2188
inst 735 2 2270
inst 736 2 2276
inst 737 2 2278
inst 738 2 2286
inst 739 2 2298
inst 740 2 2299
inst 741 2 2300
inst 742 2 2301
inst 743 2 2269
inst 744 2 2273
inst 745 2 2274
inst 746 2 2281
inst 747 2 2283
inst 748 2 2284
inst 749 2 2275
inst 750 2 2296
inst 751 2 2305
inst 752 2 2308
inst 753 2 2310
inst 754 2 2311
inst 755 2 2315
inst 756 2 2316
inst 757 2 2287
inst 758 2 2295
inst 759 2 129
inst 760 2 131
inst 761 2 1847
inst 762 2 2171
inst 763 2 2208
inst 764 2 2212
inst 765 2 2174
inst 766 2 2314
inst 767 2 2190
inst 768 2 2191
inst 769 2 2203
inst 770 2 2204
inst 771 2 2210
inst 772 2 2175
inst 773 2 2211
inst 774 2 2215
inst 775 2 162
inst 776 2 165
inst 777 2 166
inst 778 2 160
inst 779 2 2187
inst 780 2 2189
inst 781 2 2206
inst 782 2 2207
inst 783 2 127
inst 784 2 128
inst 785 2 142
inst 786 2 144
inst 787 2 145
inst 788 2 146
inst 789 2 2213
inst 790 2 2214
inst 791 2 111
inst 792 2 112
inst 793 2 113
inst 794 2 143
inst 795 2 147
inst 796 2 1848
inst 797 2 1889
inst 798 2 148
inst 799 2 611
inst 800 2 2257
inst 801 2 2260
inst 802 2 2289
inst 803 2 2290
inst 804 2 2292
inst 805 2 2319
inst 806 2 2332
inst 807 2 121
inst 808 2 122
inst 809 2 124
inst 810 2 2317
inst 811 2 2322
inst 812 2 2323
inst 813 2 120
inst 814 2 1845
inst 815 2 135
inst 816 2 140
inst 817 2 1883
inst 818 2 2253
inst 819 2 2262
inst 820 2 2263
inst 821 2 2264
inst 822 2 2268
inst 823 2 125
inst 824 2 126
inst 825 2 1846
inst 826 2 1882
inst 827 2 123
inst 828 2 1881
inst 829 2 134
inst 830 2 141
inst 831 2 256
inst 832 2 257
inst 833 2 259
inst 834 2 260
inst 835 2 1877
inst 836 2 1878
inst 837 2 2326
inst 838 2 2328
inst 839 2 1870
inst 840 2 1871
inst 841 2 1872
inst 842 2 1874
inst 843 2 2218
inst 844 2 254
inst 845 2 255
inst 846 2 258
inst 847 2 115
inst 848 2 116
inst 849 2 117
inst 850 2 119
inst 851 2 2227
inst 852 2 2228
inst 853 2 2229
inst 854 2 118
inst 855 2 1842
inst 856 2 1867
inst 857 2 2222
inst 858 2 2236
inst 859 2 2240
inst 860 2 2241
inst 861 2 114
inst 862 2 2225
inst 863 2 132
inst 864 2 133
inst 865 2 136
inst 866 2 138
inst 867 2 139
inst 868 2 130
inst 869 2 1886
inst 870 2 137
inst 871 2 1992
inst 872 2 1994
inst 873 2 2001
inst 874 2 2002
inst 875 2 2004
inst 876 2 108
inst 877 2 109
inst 878 2 110
inst 879 2 2005
inst 880 2 2006
inst 881 2 2007
inst 882 2 2013
inst 883 2 2231
inst 884 2 1999
inst 885 2 2000
inst 886 2 2003
inst 887 2 1989
inst 888 2 2009
inst 889 2 2010
inst 890 2 2011
inst 891 2 2012
inst 892 2 2014
inst 893 2 2015
inst 894 2 2016
inst 895 2 1995
inst 896 2 1996
inst 897 2 1997
inst 898 2 1998
inst 899 2 2044
inst 900 2 1990
inst 901 2 1991
inst 902 2 1993
inst 903 2 1789
inst 904 2 1790
inst 905 2 1811
inst 906 2 1820
inst 907 2 2046
inst 908 2 2053
inst 909 2 2045
inst 910 2 2047
inst 911 2 1831
inst 912 2 1839
inst 913 2 1854
inst 914 2 2019
inst 915 2 2020
inst 916 2 2008
inst 917 2 2017
inst 918 2 2018
inst 919 2 1732
inst 920 2 1747
inst 921 2 1754
inst 922 2 1780
inst 923 2 1781
inst 924 2 1812
inst 925 2 1810
inst 926 2 1838
inst 927 2 1863
inst 928 2 2234
inst 929 2 2242
inst 930 2 2245
inst 931 2 2246
inst 932 2 2247
inst 933 2 2248
inst 934 2 2250
inst 935 2 1852
inst 936 2 1853
inst 937 2 1859
inst 938 2 1909
inst 939 2 1910
inst 940 2 1915
inst 941 2 1916
inst 942 2 1914
inst 943 2 212
inst 944 2 1822
inst 945 2 1826
inst 946 2 1900
inst 947 2 2134
inst 948 2 1833
inst 949 2 1858
inst 950 2 1851
inst 951 2 213
inst 952 2 214
inst 953 2 215
inst 954 2 216
inst 955 2 217
inst 956 2 223
inst 957 2 224
inst 958 2 211
inst 959 2 226
inst 960 2 227
inst 961 2 228
inst 962 2 230
inst 963 2 231
inst 964 2 232
inst 965 2 1834
inst 966 2 1733
inst 967 2 234
inst 968 2 235
inst 969 2 239
inst 970 2 240
inst 971 2 241
inst 972 2 233
inst 973 2 236
inst 974 2 225
inst 975 2 1723
inst 976 2 1724
inst 977 2 1725
inst 978 2 1726
inst 979 2 1727
inst 980 2 1729
inst 981 2 1823
inst 982 2 2054
inst 983 2 244
inst 984 2 245
inst 985 2 243
inst 986 2 1825
inst 987 3 292
inst 988 3 295
inst 989 3 296
inst 990 3 297
inst 991 3 298
inst 992 3 299
inst 993 3 300
inst 994 3 301
inst 995 3 277
inst 996 3 278
inst 997 3 279
inst 998 3 280
inst 999 3 281
inst 1000 3 291
inst 1001 3 293
inst 1002 3 294
inst 1003 3 283
inst 1004 3 282
inst 1005 3 284
inst 1006 4 285
inst 1007 4 286
inst 1008 4 287
inst 1009 4 290
inst 1010 4 1624
inst 1011 4 1625
inst 1012 4 1678
inst 1013 4 1679
inst 1014 4 288
inst 1015 4 1904
inst 1016 4 1905
inst 1017 4 1906
inst 1018 4 1907
inst 1019 4 1908
inst 1020 4 289
inst 1021 5 913
inst 1022 5 916
inst 1023 5 918
inst 1024 5 919
inst 1025 5 967
inst 1026 5 968
inst 1027 5 969
inst 1028 5 970
inst 1029 5 908
inst 1030 5 909
inst 1031 5 912
inst 1032 5 926
inst 1033 5 927
inst 1034 5 928
inst 1035 5 915
inst 1036 5 917
inst 1037 5 887
inst 1038 5 895
inst 1039 5 896
inst 1040 5 897
inst 1041 5 899
inst 1042 5 900
inst 1043 5 901
inst 1044 5 2098
inst 1045 5 1782
inst 1046 5 1786
inst 1047 5 1787
inst 1048 5 2031
inst 1049 5 2042
inst 1050 5 2205
inst 1051 5 2192
inst 1052 5 2112
inst 1053 5 788
inst 1054 5 835
inst 1055 5 836
inst 1056 5 838
inst 1057 5 839
inst 1058 5 840
inst 1059 5 841
inst 1060 5 787
inst 1061 5 473
inst 1062 5 480
inst 1063 5 482
inst 1064 5 1923
inst 1065 5 1924
inst 1066 5 1925
inst 1067 5 479
inst 1068 5 837
inst 1069 5 470
inst 1070 5 471
inst 1071 5 488
inst 1072 5 1933
inst 1073 5 2142
inst 1074 5 463
inst 1075 5 464
inst 1076 5 487
inst 1077 5 742
inst 1078 5 1779
inst 1079 5 1936
inst 1080 5 472
inst 1081 5 743
inst 1082 5 1934
inst 1083 5 1935
inst 1084 5 2126
inst 1085 5 757
inst 1086 5 758
inst 1087 5 759
inst 1088 5 767
inst 1089 5 768
inst 1090 5 789
inst 1091 5 744
inst 1092 5 790
inst 1093 5 1212
inst 1094 5 1213
inst 1095 5 1214
inst 1096 5 1215
inst 1097 5 1220
inst 1098 5 1221
inst 1099 5 1164
inst 1100 5 1165
inst 1101 6 958
inst 1102 6 959
inst 1103 6 960
inst 1104 6 961
inst 1105 6 962
inst 1106 6 965
inst 1107 6 966
inst 1108 6 996
inst 1109 6 977
inst 1110 6 981
inst 1111 6 984
inst 1112 6 963
inst 1113 6 964
inst 1114 6 978
inst 1115 6 979
inst 1116 6 980
inst 1117 6 988
inst 1118 6 990
inst 1119 6 992
inst 1120 6 1012
inst 1121 6 974
inst 1122 6 993
inst 1123 6 994
inst 1124 6 995
inst 1125 6 985
inst 1126 6 986
inst 1127 6 987
inst 1128 6 989
inst 1129 6 991
inst 1130 6 1010
inst 1131 6 1011
inst 1132 6 1013
inst 1133 6 948
inst 1134 6 952
inst 1135 6 953
inst 1136 6 955
inst 1137 6 1106
inst 1138 6 1107
inst 1139 6 1109
inst 1140 6 1111
inst 1141 6 956
inst 1142 6 957
inst 1143 6 971
inst 1144 6 972
inst 1145 6 973
inst 1146 6 975
inst 1147 6 976
inst 1148 6 954
inst 1149 6 951
inst 1150 6 1112
inst 1151 6 1113
inst 1152 6 1114
inst 1153 6 945
inst 1154 6 946
inst 1155 6 1108
inst 1156 6 1110
inst 1157 6 933
inst 1158 6 934
inst 1159 6 935
inst 1160 6 943
inst 1161 6 944
inst 1162 6 949
inst 1163 6 950
inst 1164 6 1115
inst 1165 6 1084
inst 1166 6 1077
inst 1167 6 1079
inst 1168 6 1082
inst 1169 6 1088
inst 1170 6 1089
inst 1171 6 1090
inst 1172 6 1092
inst 1173 6 940
inst 1174 6 1081
inst 1175 6 1087
inst 1176 6 1080
inst 1177 6 1083
inst 1178 6 1085
inst 1179 6 1086
inst 1180 6 1091
inst 1181 6 921
inst 1182 6 938
inst 1183 6 920
inst 1184 6 922
inst 1185 6 923
inst 1186 6 939
inst 1187 6 947
inst 1188 6 1078
inst 1189 6 941
inst 1190 6 1067
inst 1191 6 1068
inst 1192 6 1070
inst 1193 6 1072
inst 1194 6 1074
inst 1195 6 1075
inst 1196 6 942
inst 1197 6 930
inst 1198 6 931
inst 1199 6 936
inst 1200 6 1066
inst 1201 6 929
inst 1202 6 932
inst 1203 6 937
inst 1204 6 1003
inst 1205 6 1069
inst 1206 6 1071
inst 1207 6 1073
inst 1208 6 1076
inst 1209 6 999
inst 1210 6 1000
inst 1211 6 1001
inst 1212 6 1002
inst 1213 6 889
inst 1214 6 890
inst 1215 6 891
inst 1216 6 1063
inst 1217 6 1098
inst 1218 6 1105
inst 1219 6 1064
inst 1220 6 1065
inst 1221 6 1099
inst 1222 6 1128
inst 1223 6 1094
inst 1224 6 1095
inst 1225 6 1097
inst 1226 6 1102
inst 1227 6 1103
inst 1228 6 1104
inst 1229 6 1118
inst 1230 6 1093
inst 1231 6 1096
inst 1232 6 1100
inst 1233 6 1101
inst 1234 6 1120
inst 1235 6 1121
inst 1236 6 1124
inst 1237 6 907
inst 1238 6 1123
inst 1239 6 1125
inst 1240 6 1129
inst 1241 6 1116
inst 1242 6 1117
inst 1243 6 1119
inst 1244 6 1122
inst 1245 6 849
inst 1246 6 853
inst 1247 6 855
inst 1248 6 1008
inst 1249 6 1009
inst 1250 6 1048
inst 1251 6 1126
inst 1252 6 1127
inst 1253 6 851
inst 1254 6 1037
inst 1255 6 1049
inst 1256 6 852
inst 1257 6 854
inst 1258 6 905
inst 1259 6 906
inst 1260 6 1047
inst 1261 6 846
inst 1262 6 847
inst 1263 6 892
inst 1264 6 893
inst 1265 6 848
inst 1266 6 850
inst 1267 6 1038
inst 1268 6 1039
inst 1269 6 1134
inst 1270 6 1136
inst 1271 6 894
inst 1272 6 1132
inst 1273 6 1133
inst 1274 6 1135
inst 1275 6 1139
inst 1276 6 1140
inst 1277 6 856
inst 1278 6 1007
inst 1279 6 1040
inst 1280 6 1130
inst 1281 6 1131
inst 1282 6 1137
inst 1283 6 1138
inst 1284 6 1141
inst 1285 6 860
inst 1286 6 903
inst 1287 6 857
inst 1288 6 858
inst 1289 6 859
inst 1290 6 904
inst 1291 6 1006
inst 1292 6 1041
inst 1293 6 697
inst 1294 6 698
inst 1295 6 699
inst 1296 6 701
inst 1297 6 709
inst 1298 6 726
inst 1299 6 727
inst 1300 6 728
inst 1301 6 677
inst 1302 6 687
inst 1303 6 710
inst 1304 6 711
inst 1305 6 712
inst 1306 6 720
inst 1307 6 721
inst 1308 6 675
inst 1309 6 673
inst 1310 6 689
inst 1311 6 690
inst 1312 6 692
inst 1313 6 695
inst 1314 6 724
inst 1315 6 725
inst 1316 6 729
inst 1317 6 660
inst 1318 6 670
inst 1319 6 691
inst 1320 6 671
inst 1321 6 672
inst 1322 6 674
inst 1323 6 676
inst 1324 6 696
inst 1325 6 680
inst 1326 6 681
inst 1327 6 684
inst 1328 6 678
inst 1329 6 679
inst 1330 6 683
inst 1331 6 685
inst 1332 6 686
inst 1333 6 868
inst 1334 6 872
inst 1335 6 874
inst 1336 6 1043
inst 1337 6 1046
inst 1338 6 682
inst 1339 6 688
inst 1340 6 716
inst 1341 6 864
inst 1342 6 865
inst 1343 6 866
inst 1344 6 861
inst 1345 6 862
inst 1346 6 863
inst 1347 6 1014
inst 1348 6 870
inst 1349 6 867
inst 1350 6 875
inst 1351 6 869
inst 1352 6 871
inst 1353 6 873
inst 1354 6 1042
inst 1355 6 1044
inst 1356 6 1045
inst 1357 6 694
inst 1358 6 704
inst 1359 6 705
inst 1360 6 706
inst 1361 6 707
inst 1362 6 708
inst 1363 6 702
inst 1364 6 703
inst 1365 6 713
inst 1366 6 719
inst 1367 6 715
inst 1368 6 717
inst 1369 6 718
inst 1370 6 722
inst 1371 6 723
inst 1372 6 714
inst 1373 6 732
inst 1374 6 733
inst 1375 6 735
inst 1376 6 738
inst 1377 6 739
inst 1378 6 730
inst 1379 6 731
inst 1380 6 737
inst 1381 6 633
inst 1382 6 634
inst 1383 6 636
inst 1384 6 637
inst 1385 6 736
inst 1386 6 734
inst 1387 6 740
inst 1388 6 741
inst 1389 6 646
inst 1390 6 649
inst 1391 6 650
inst 1392 6 652
inst 1393 6 657
inst 1394 6 659
inst 1395 6 700
inst 1396 6 693
inst 1397 6 638
inst 1398 6 642
inst 1399 6 645
inst 1400 6 647
inst 1401 6 648
inst 1402 6 658
inst 1403 6 662
inst 1404 6 661
inst 1405 6 620
inst 1406 6 626
inst 1407 6 628
inst 1408 6 630
inst 1409 6 631
inst 1410 6 627
inst 1411 6 629
inst 1412 6 632
inst 1413 6 621
inst 1414 6 622
inst 1415 6 829
inst 1416 6 619
inst 1417 6 651
inst 1418 6 624
inst 1419 6 625
inst 1420 6 623
inst 1421 6 655
inst 1422 6 664
inst 1423 6 656
inst 1424 6 665
inst 1425 6 653
inst 1426 6 654
inst 1427 6 663
inst 1428 6 669
inst 1429 6 640
inst 1430 6 643
inst 1431 6 644
inst 1432 6 666
inst 1433 6 667
inst 1434 6 668
inst 1435 6 639
inst 1436 6 641
inst 1437 6 818
inst 1438 6 1051
inst 1439 6 830
inst 1440 6 832
inst 1441 6 833
inst 1442 6 819
inst 1443 6 834
inst 1444 6 1050
inst 1445 6 809
inst 1446 6 820
inst 1447 6 822
inst 1448 6 825
inst 1449 6 826
inst 1450 6 828
inst 1451 6 827
inst 1452 6 831
inst 1453 6 806
inst 1454 6 810
inst 1455 6 813
inst 1456 6 814
inst 1457 6 815
inst 1458 6 816
inst 1459 6 817
inst 1460 6 823
inst 1461 6 800
inst 1462 6 804
inst 1463 6 1055
inst 1464 6 793
inst 1465 6 821
inst 1466 6 803
inst 1467 6 824
inst 1468 6 1052
inst 1469 6 802
inst 1470 6 805
inst 1471 6 807
inst 1472 6 808
inst 1473 6 811
inst 1474 6 812
inst 1475 6 1053
inst 1476 6 1056
inst 1477 6 772
inst 1478 6 783
inst 1479 6 794
inst 1480 6 795
inst 1481 6 796
inst 1482 6 797
inst 1483 6 798
inst 1484 6 1057
inst 1485 6 773
inst 1486 6 1250
inst 1487 6 1251
inst 1488 6 1252
inst 1489 6 1253
inst 1490 6 771
inst 1491 6 775
inst 1492 6 777
inst 1493 6 1243
inst 1494 6 1248
inst 1495 6 1262
inst 1496 6 1267
inst 1497 6 1239
inst 1498 6 1242
inst 1499 6 1245
inst 1500 6 1254
inst 1501 6 751
inst 1502 6 752
inst 1503 6 753
inst 1504 6 1257
inst 1505 6 1260
inst 1506 6 1261
inst 1507 6 1259
inst 1508 6 1266
inst 1509 6 1240
inst 1510 6 1241
inst 1511 6 1244
inst 1512 6 1247
inst 1513 6 1249
inst 1514 6 1255
inst 1515 6 1256
inst 1516 6 1258
inst 1517 6 754
inst 1518 6 756
inst 1519 6 1269
inst 1520 6 1281
inst 1521 6 750
inst 1522 6 755
inst 1523 6 1276
inst 1524 6 1280
inst 1525 6 1272
inst 1526 6 1274
inst 1527 6 1273
inst 1528 6 1277
inst 1529 6 1278
inst 1530 6 1279
inst 1531 6 1265
inst 1532 6 1275
inst 1533 6 747
inst 1534 6 749
inst 1535 6 1059
inst 1536 6 1060
inst 1537 6 748
inst 1538 6 1268
inst 1539 6 1270
inst 1540 6 1271
inst 1541 6 1154
inst 1542 6 1156
inst 1543 6 1157
inst 1544 6 1158
inst 1545 6 1230
inst 1546 6 1238
inst 1547 6 746
inst 1548 6 1155
inst 1549 6 1143
inst 1550 6 1146
inst 1551 6 1159
inst 1552 6 1160
inst 1553 6 1228
inst 1554 6 1231
inst 1555 6 1142
inst 1556 6 1153
inst 1557 6 1144
inst 1558 6 1150
inst 1559 6 1151
inst 1560 6 1152
inst 1561 6 1145
inst 1562 6 1147
inst 1563 6 1148
inst 1564 6 1149
inst 1565 6 1162
inst 1566 6 1163
inst 1567 6 1168
inst 1568 6 1176
inst 1569 6 1232
inst 1570 6 1233
inst 1571 6 1161
inst 1572 6 1229
inst 1573 6 1172
inst 1574 6 1173
inst 1575 6 1174
inst 1576 6 1234
inst 1577 6 1169
inst 1578 6 1170
inst 1579 6 1171
inst 1580 6 1177
inst 1581 6 1179
inst 1582 6 1181
inst 1583 6 1182
inst 1584 6 1188
inst 1585 6 1175
inst 1586 6 1178
inst 1587 6 1180
inst 1588 6 1235
inst 1589 6 1184
inst 1590 6 1187
inst 1591 6 1190
inst 1592 6 1237
inst 1593 6 1183
inst 1594 6 1185
inst 1595 6 1186
inst 1596 6 1189
inst 1597 6 1194
inst 1598 6 1195
inst 1599 6 1217
inst 1600 6 1236
inst 1601 6 1191
inst 1602 6 1192
inst 1603 6 1193
inst 1604 6 1227
inst 1605 6 1219
inst 1606 6 1222
inst 1607 6 1223
inst 1608 6 1224
inst 1609 6 1196
inst 1610 6 1197
inst 1611 6 1198
inst 1612 6 1200
inst 1613 6 764
inst 1614 6 1004
inst 1615 6 635
inst 1616 6 799
inst 1617 6 801
inst 1618 6 1005
inst 1619 6 1054
inst 1620 6 1058
inst 1621 6 762
inst 1622 6 786
inst 1623 6 761
inst 1624 6 763
inst 1625 6 765
inst 1626 6 766
inst 1627 6 1061
inst 1628 6 1062
inst 1629 6 774
inst 1630 6 776
inst 1631 6 779
inst 1632 6 780
inst 1633 6 782
inst 1634 6 781
inst 1635 6 784
inst 1636 6 785
inst 1637 6 1203
inst 1638 6 1204
inst 1639 6 1205
inst 1640 6 1199
inst 1641 6 1201
inst 1642 6 1202
inst 1643 6 1246
inst 1644 6 778
inst 1645 6 1209
inst 1646 6 1225
inst 1647 6 1207
inst 1648 6 1208
inst 1649 6 1206
inst 1650 6 1210
inst 1651 7 1380
inst 1652 7 1397
inst 1653 7 1399
inst 1654 7 1401
inst 1655 7 1414
inst 1656 7 1415
inst 1657 7 1416
inst 1658 7 1418
inst 1659 7 1382
inst 1660 7 1385
inst 1661 7 1388
inst 1662 7 1378
inst 1663 7 1379
inst 1664 7 1387
inst 1665 7 1398
inst 1666 7 1402
inst 1667 7 1370
inst 1668 7 1372
inst 1669 7 1377
inst 1670 7 1420
inst 1671 7 1421
inst 1672 7 1422
inst 1673 7 1424
inst 1674 7 1425
inst 1675 7 1361
inst 1676 7 1375
inst 1677 7 1391
inst 1678 7 1393
inst 1679 7 1427
inst 1680 7 1428
inst 1681 7 1368
inst 1682 7 1369
inst 1683 7 1357
inst 1684 7 1359
inst 1685 7 1364
inst 1686 7 1366
inst 1687 7 1396
inst 1688 7 1389
inst 1689 7 1390
inst 1690 7 1426
inst 1691 7 1343
inst 1692 7 1344
inst 1693 7 1348
inst 1694 7 1349
inst 1695 7 1353
inst 1696 7 1430
inst 1697 7 1435
inst 1698 7 1358
inst 1699 7 1449
inst 1700 7 1450
inst 1701 7 1451
inst 1702 7 1452
inst 1703 7 1455
inst 1704 7 1457
inst 1705 7 1458
inst 1706 7 1429
inst 1707 7 1334
inst 1708 7 1336
inst 1709 7 1338
inst 1710 7 1341
inst 1711 7 1342
inst 1712 7 1346
inst 1713 7 1432
inst 1714 7 1434
inst 1715 7 1328
inst 1716 7 1329
inst 1717 7 1331
inst 1718 7 1333
inst 1719 7 1465
inst 1720 7 1466
inst 1721 7 1467
inst 1722 7 1456
inst 1723 7 1318
inst 1724 7 1319
inst 1725 7 1320
inst 1726 7 1322
inst 1727 7 1325
inst 1728 7 1327
inst 1729 7 1410
inst 1730 7 1468
inst 1731 7 1288
inst 1732 7 1305
inst 1733 7 1307
inst 1734 7 1310
inst 1735 7 1314
inst 1736 7 1304
inst 1737 7 1309
inst 1738 7 1444
inst 1739 7 1291
inst 1740 7 1403
inst 1741 7 1406
inst 1742 7 1408
inst 1743 7 1409
inst 1744 7 1439
inst 1745 7 1290
inst 1746 7 1404
inst 1747 7 1294
inst 1748 7 1296
inst 1749 7 1297
inst 1750 7 1301
inst 1751 7 1442
inst 1752 7 1447
inst 1753 7 1292
inst 1754 7 1440
inst 1755 7 1282
inst 1756 7 1283
inst 1757 7 1285
inst 1758 7 1286
inst 1759 8 1381
inst 1760 8 1383
inst 1761 8 1384
inst 1762 8 1386
inst 1763 8 1400
inst 1764 8 1417
inst 1765 8 1419
inst 1766 8 1423
inst 1767 8 1356
inst 1768 8 1373
inst 1769 8 1374
inst 1770 8 1376
inst 1771 8 1392
inst 1772 8 1394
inst 1773 8 1367
inst 1774 8 1371
inst 1775 8 1351
inst 1776 8 1352
inst 1777 8 1354
inst 1778 8 1362
inst 1779 8 1363
inst 1780 8 1365
inst 1781 8 1360
inst 1782 8 1395
inst 1783 8 1345
inst 1784 8 1347
inst 1785 8 1350
inst 1786 8 1431
inst 1787 8 1433
inst 1788 8 1436
inst 1789 8 1437
inst 1790 8 1355
inst 1791 8 1453
inst 1792 8 1454
inst 1793 8 1484
inst 1794 8 1486
inst 1795 8 1487
inst 1796 8 1488
inst 1797 8 1489
inst 1798 8 1492
inst 1799 8 1459
inst 1800 8 1460
inst 1801 8 1462
inst 1802 8 1463
inst 1803 8 1464
inst 1804 8 1485
inst 1805 8 1491
inst 1806 8 1490
inst 1807 8 1321
inst 1808 8 1324
inst 1809 8 1337
inst 1810 8 1339
inst 1811 8 1340
inst 1812 8 1438
inst 1813 8 1335
inst 1814 8 1461
inst 1815 8 1312
inst 1816 8 1313
inst 1817 8 1317
inst 1818 8 1411
inst 1819 8 1412
inst 1820 8 1413
inst 1821 8 1323
inst 1822 8 1326
inst 1823 8 1330
inst 1824 8 1332
inst 1825 8 1469
inst 1826 8 1470
inst 1827 8 1473
inst 1828 8 1474
inst 1829 8 1475
inst 1830 8 1476
inst 1831 8 1477
inst 1832 8 1478
inst 1833 8 1479
inst 1834 8 1480
inst 1835 8 1481
inst 1836 8 1482
inst 1837 8 1483
inst 1838 8 1472
inst 1839 8 1289
inst 1840 8 1306
inst 1841 8 1308
inst 1842 8 1311
inst 1843 8 1405
inst 1844 8 1315
inst 1845 8 1316
inst 1846 8 1471
inst 1847 8 1300
inst 1848 8 1303
inst 1849 8 1407
inst 1850 8 1445
inst 1851 8 1448
inst 1852 8 1287
inst 1853 8 1299
inst 1854 8 1443
inst 1855 8 1284
inst 1856 8 1293
inst 1857 8 1295
inst 1858 8 1298
inst 1859 8 1441
inst 1860 8 1446
inst 1861 8 1302
inst 1862 9 1507
inst 1863 9 1508
inst 1864 9 1509
inst 1865 9 1510
inst 1866 9 1519
inst 1867 9 1520
inst 1868 9 1521
inst 1869 9 1522
inst 1870 9 1513
inst 1871 9 1514
inst 1872 9 1515
inst 1873 9 1516
inst 1874 10 1511
inst 1875 10 1517
inst 1876 10 1518
inst 1877 11 1512
inst 1878 12 1523
inst 1879 12 1524
inst 1880 12 1526
inst 1881 12 1549
inst 1882 12 1550
inst 1883 12 1551
inst 1884 12 1556
inst 1885 12 1557
inst 1886 12 1525
inst 1887 12 1559
inst 1888 12 1560
inst 1889 12 1561
inst 1890 12 1562
inst 1891 12 1528
inst 1892 12 1529
inst 1893 12 1558
inst 1894 12 1527
inst 1895 12 1530
inst 1896 13 1534
inst 1897 13 1535
inst 1898 13 1543
inst 1899 13 1544
inst 1900 13 1545
inst 1901 13 1553
inst 1902 13 1554
inst 1903 13 1555
inst 1904 13 1532
inst 1905 13 1533
inst 1906 13 1537
inst 1907 13 1538
inst 1908 13 1539
inst 1909 13 1541
inst 1910 13 1536
inst 1911 13 1552
inst 1912 13 1681
inst 1913 13 1682
inst 1914 13 1531
inst 1915 13 1540
inst 1916 13 1542
inst 1917 13 1546
inst 1918 13 1547
inst 1919 13 1548
inst 1920 14 1566
inst 1921 14 1606
inst 1922 14 2147
inst 1923 14 2148
inst 1924 14 2149
inst 1925 14 2150
inst 1926 14 2151
inst 1927 14 2152
inst 1928 14 1584
inst 1929 14 1585
inst 1930 14 1586
inst 1931 14 1588
inst 1932 14 1589
inst 1933 14 1590
inst 1934 14 1564
inst 1935 14 1565
inst 1936 14 1603
inst 1937 14 1604
inst 1938 14 1651
inst 1939 14 1652
inst 1940 14 1653
inst 1941 14 1654
inst 1942 14 1658
inst 1943 14 1601
inst 1944 14 1593
inst 1945 14 1594
inst 1946 14 1595
inst 1947 14 1596
inst 1948 14 1597
inst 1949 14 1587
inst 1950 14 1591
inst 1951 14 1657
inst 1952 14 1616
inst 1953 14 1617
inst 1954 14 1618
inst 1955 14 1574
inst 1956 14 1575
inst 1957 14 1576
inst 1958 14 1602
inst 1959 14 1660
inst 1960 14 1567
inst 1961 14 1568
inst 1962 14 1570
inst 1963 14 1641
inst 1964 14 1642
inst 1965 14 1643
inst 1966 14 1605
inst 1967 14 1659
inst 1968 14 1569
inst 1969 14 1571
inst 1970 14 1578
inst 1971 14 1579
inst 1972 14 1580
inst 1973 14 1581
inst 1974 14 1582
inst 1975 14 1583
inst 1976 14 1630
inst 1977 14 1631
inst 1978 14 1632
inst 1979 14 1633
inst 1980 14 1635
inst 1981 14 1636
inst 1982 14 1592
inst 1983 14 1600
inst 1984 14 1971
inst 1985 14 1972
inst 1986 14 1977
inst 1987 14 1978
inst 1988 14 1979
inst 1989 14 1980
inst 1990 14 2116
inst 1991 14 2117
inst 1992 14 1967
inst 1993 14 1975
inst 1994 14 1976
inst 1995 14 1984
inst 1996 14 1985
inst 1997 14 1986
inst 1998 14 1987
inst 1999 14 1988
inst 2000 14 1669
inst 2001 14 1670
inst 2002 14 2021
inst 2003 14 2022
inst 2004 14 2023
inst 2005 14 2024
inst 2006 14 2025
inst 2007 14 2026
inst 2008 14 1973
inst 2009 14 1974
inst 2010 14 1981
inst 2011 14 1982
inst 2012 14 1983
inst 2013 14 1968
inst 2014 14 1969
inst 2015 14 1970
inst 2016 14 1619
inst 2017 14 1620
inst 2018 14 1621
inst 2019 14 1622
inst 2020 14 1629
inst 2021 14 1627
inst 2022 14 1628
inst 2023 14 1634
inst 2024 14 1680
inst 2025 14 1683
inst 2026 14 1784
inst 2027 14 1785
inst 2028 14 1792
inst 2029 14 1819
inst 2030 14 1671
inst 2031 14 1668
inst 2032 14 1801
inst 2033 14 1802
inst 2034 14 1942
inst 2035 14 1943
inst 2036 14 2122
inst 2037 14 2123
inst 2038 14 1813
inst 2039 14 1814
inst 2040 14 1937
inst 2041 14 1938
inst 2042 14 1939
inst 2043 14 1940
inst 2044 14 2118
inst 2045 14 2119
inst 2046 14 2120
inst 2047 14 2121
inst 2048 14 1613
inst 2049 14 1614
inst 2050 14 1615
inst 2051 14 1793
inst 2052 14 1794
inst 2053 14 1637
inst 2054 14 1638
inst 2055 14 1640
inst 2056 14 1797
inst 2057 14 1798
inst 2058 14 2039
inst 2059 14 2040
inst 2060 14 2041
inst 2061 14 1783
inst 2062 14 1795
inst 2063 14 1796
inst 2064 14 1749
inst 2065 14 1750
inst 2066 14 1788
inst 2067 14 1799
inst 2068 14 1800
inst 2069 14 1803
inst 2070 14 1804
inst 2071 14 1791
inst 2072 14 1738
inst 2073 14 1739
inst 2074 14 1740
inst 2075 14 1744
inst 2076 14 1751
inst 2077 14 1766
inst 2078 14 1768
inst 2079 14 1748
inst 2080 14 1737
inst 2081 14 1746
inst 2082 14 1760
inst 2083 14 1772
inst 2084 14 1741
inst 2085 14 1742
inst 2086 14 1743
inst 2087 14 1745
inst 2088 14 1756
inst 2089 14 1755
inst 2090 14 1757
inst 2091 14 1758
inst 2092 14 1761
inst 2093 14 1769
inst 2094 14 1770
inst 2095 14 1771
inst 2096 14 1692
inst 2097 14 1693
inst 2098 14 1762
inst 2099 14 1763
inst 2100 14 1764
inst 2101 14 1765
inst 2102 14 1767
inst 2103 14 1759
inst 2104 14 1687
inst 2105 14 1688
inst 2106 14 1694
inst 2107 14 1701
inst 2108 14 1720
inst 2109 14 1728
inst 2110 14 1685
inst 2111 14 1686
inst 2112 14 1697
inst 2113 14 1717
inst 2114 14 1718
inst 2115 14 1719
inst 2116 14 1689
inst 2117 14 1690
inst 2118 14 1691
inst 2119 14 1700
inst 2120 14 1704
inst 2121 14 1707
inst 2122 14 1702
inst 2123 14 1703
inst 2124 14 1705
inst 2125 14 1706
inst 2126 15 1598
inst 2127 15 1649
inst 2128 15 1650
inst 2129 15 1662
inst 2130 15 1664
inst 2131 15 1665
inst 2132 15 1673
inst 2133 15 1674
inst 2134 15 1572
inst 2135 15 1577
inst 2136 15 1646
inst 2137 15 1647
inst 2138 15 1648
inst 2139 15 1599
inst 2140 15 1661
inst 2141 15 1663
inst 2142 15 1573
inst 2143 16 1608
inst 2144 16 1612
inst 2145 16 1656
inst 2146 16 1805
inst 2147 16 1817
inst 2148 16 2036
inst 2149 16 2037
inst 2150 16 2173
inst 2151 16 2035
inst 2152 16 2048
inst 2153 16 2049
inst 2154 16 2050
inst 2155 16 2051
inst 2156 16 1806
inst 2157 16 2038
inst 2158 16 2043
inst 2159 16 1774
inst 2160 16 1776
inst 2161 16 2027
inst 2162 16 2029
inst 2163 16 2030
inst 2164 16 2033
inst 2165 16 2034
inst 2166 16 2052
inst 2167 16 1698
inst 2168 16 1708
inst 2169 16 1709
inst 2170 16 1710
inst 2171 16 1711
inst 2172 16 1773
inst 2173 16 1775
inst 2174 16 1777
inst 2175 16 1712
inst 2176 17 1623
inst 2177 17 1672
inst 2178 17 2137
inst 2179 17 2138
inst 2180 17 2139
inst 2181 18 2161
inst 2182 18 2165
inst 2183 18 2195
inst 2184 18 2196
inst 2185 18 2285
inst 2186 18 2306
inst 2187 18 2307
inst 2188 18 2313
inst 2189 18 2220
inst 2190 18 2221
inst 2191 18 2255
inst 2192 18 2258
inst 2193 18 2272
inst 2194 18 2291
inst 2195 18 2294
inst 2196 18 2282
inst 2197 18 2156
inst 2198 18 2157
inst 2199 18 2162
inst 2200 18 2167
inst 2201 18 2256
inst 2202 18 2265
inst 2203 18 2155
inst 2204 18 2259
inst 2205 18 1639
inst 2206 18 1644
inst 2207 18 1655
inst 2208 18 2176
inst 2209 18 2184
inst 2210 18 2186
inst 2211 18 2209
inst 2212 18 2177
inst 2213 18 2110
inst 2214 18 2111
inst 2215 18 2113
inst 2216 18 2114
inst 2217 18 2115
inst 2218 18 2223
inst 2219 18 2224
inst 2220 18 2233
inst 2221 18 2129
inst 2222 18 2130
inst 2223 18 2135
inst 2224 18 2136
inst 2225 18 2140
inst 2226 18 2141
inst 2227 18 2143
inst 2228 18 2244
inst 2229 18 1818
inst 2230 18 2028
inst 2231 18 2032
inst 2232 18 2131
inst 2233 19 2055
inst 2234 19 2060
inst 2235 19 2063
inst 2236 19 2064
inst 2237 19 2076
inst 2238 19 2079
inst 2239 19 2085
inst 2240 19 2093
inst 2241 19 2058
inst 2242 19 2059
inst 2243 19 2061
inst 2244 19 2062
inst 2245 19 2065
inst 2246 19 2072
inst 2247 19 2074
inst 2248 19 2087
inst 2249 19 2057
inst 2250 19 2077
inst 2251 19 2089
inst 2252 19 2090
inst 2253 19 2056
inst 2254 19 2075
inst 2255 19 2078
inst 2256 19 2091
inst 2257 19 2067
inst 2258 19 2068
inst 2259 19 2080
inst 2260 19 2086
inst 2261 19 2088
inst 2262 19 2066
inst 2263 19 2070
inst 2264 19 2081
inst 2265 19 2069
inst 2266 19 2071
inst 2267 19 2084
inst 2268 19 2092
inst 2269 19 2073
inst 2270 19 2082
inst 2271 19 2083
level snow tree 0 protos 9 instances 2086
proto 0 icecave-icicles-small.mb stiffness 0.000000 dists 409600.0000 204800.0000 0.0000 491520.0000 rdists 0.00001221 0.00000488 0.00001744 0.00000000
proto 1 ropetie-small.mb stiffness 0.000000 dists 327680.0000 163840.0000 0.0000 409600.0000 rdists 0.00001221 0.00000610 0.00001744 0.00000000
proto 2 snow-crystals-geo.mb stiffness 0.000000 dists 491520.0000 245760.0000 0.0000 573440.0000 rdists 0.00001221 0.00000407 0.00001744 0.00000000
proto 3 snow-clump.mb stiffness 0.000000 dists 286720.0000 143360.0000 0.0000 368640.0000 rdists 0.00001221 0.00000698 0.00001744 0.00000000
proto 4 snow-floorboardstrap.mb stiffness 0.000000 dists 204800.0000 102400.0000 0.0000 245760.0000 rdists 0.00002441 0.00000977 0.00003488 0.00000000
proto 5 ropetie-fortwall-doubleshort.mb stiffness 0.000000 dists 573440.0000 286720.0000 0.0000 696320.0000 rdists 0.00000814 0.00000349 0.00001163 0.00000000
proto 6 ropetie-fortwall-singleshort.mb stiffness 0.000000 dists 573440.0000 286720.0000 0.0000 696320.0000 rdists 0.00000814 0.00000349 0.00001163 0.00000000
proto 7 ropetie-torch.mb stiffness 0.000000 dists 163840.0000 81920.0000 0.0000 204800.0000 rdists 0.00002441 0.00001221 0.00003488 0.00000000
proto 8 snow-grassclump.mb stiffness 0.600000 dists 245760.0000 122880.0000 0.0000 327680.0000 rdists 0.00001221 0.00000814 0.00001744 0.60000002
inst 0 0 824
inst 1 0 825
inst 2 0 826
inst 3 0 827
inst 4 0 828
inst 5 0 829
inst 6 0 830
inst 7 0 834
inst 8 0 1
inst 9 0 3
inst 10 0 749
inst 11 0 750
inst 12 0 831
inst 13 0 835
inst 14 0 832
inst 15 0 833
inst 16 0 13
inst 17 0 14
inst 18 0 751
inst 19 0 752
inst 20 0 753
inst 21 0 0
inst 22 0 2
inst 23 0 12
inst 24 0 763
inst 25 0 764
inst 26 0 765
inst 27 0 766
inst 28 0 818
inst 29 0 819
inst 30 0 821
inst 31 0 754
inst 32 0 755
inst 33 0 756
inst 34 0 757
inst 35 0 809
inst 36 0 810
inst 37 0 811
inst 38 0 747
inst 39 0 748
inst 40 0 149
inst 41 0 150
inst 42 0 158
inst 43 0 159
inst 44 0 164
inst 45 0 171
inst 46 0 169
inst 47 0 170
inst 48 0 152
inst 49 0 153
inst 50 0 154
inst 51 0 155
inst 52 0 156
inst 53 0 157
inst 54 0 172
inst 55 0 151
inst 56 0 162
inst 57 0 165
inst 58 0 166
inst 59 0 167
inst 60 0 168
inst 61 0 160
inst 62 0 161
inst 63 0 163
inst 64 0 759
inst 65 0 760
inst 66 0 761
inst 67 0 762
inst 68 0 820
inst 69 0 822
inst 70 0 823
inst 71 0 758
inst 72 0 673
inst 73 0 674
inst 74 0 812
inst 75 0 813
inst 76 0 814
inst 77 0 816
inst 78 0 817
inst 79 0 815
inst 80 0 670
inst 81 0 672
inst 82 0 675
inst 83 0 676
inst 84 0 680
inst 85 0 682
inst 86 0 669
inst 87 0 671
inst 88 0 218
inst 89 0 219
inst 90 0 220
inst 91 0 659
inst 92 0 657
inst 93 0 658
inst 94 0 660
inst 95 0 661
inst 96 0 678
inst 97 0 683
inst 98 0 684
inst 99 0 685
inst 100 0 727
inst 101 0 728
inst 102 0 729
inst 103 0 730
inst 104 0 199
inst 105 0 201
inst 106 0 202
inst 107 0 203
inst 108 0 204
inst 109 0 197
inst 110 0 198
inst 111 0 200
inst 112 0 221
inst 113 0 222
inst 114 0 679
inst 115 0 686
inst 116 0 687
inst 117 0 217
inst 118 0 677
inst 119 0 681
inst 120 0 205
inst 121 0 206
inst 122 0 207
inst 123 0 208
inst 124 0 209
inst 125 0 210
inst 126 0 211
inst 127 0 224
inst 128 0 141
inst 129 0 142
inst 130 0 143
inst 131 0 144
inst 132 0 173
inst 133 0 174
inst 134 0 175
inst 135 0 178
inst 136 0 39
inst 137 0 40
inst 138 0 41
inst 139 0 42
inst 140 0 43
inst 141 0 51
inst 142 0 176
inst 143 0 177
inst 144 0 19
inst 145 0 20
inst 146 0 48
inst 147 0 49
inst 148 0 52
inst 149 0 54
inst 150 0 55
inst 151 0 60
inst 152 0 45
inst 153 0 56
inst 154 0 57
inst 155 0 44
inst 156 0 50
inst 157 0 53
inst 158 0 46
inst 159 0 47
inst 160 0 65
inst 161 0 66
inst 162 0 67
inst 163 0 68
inst 164 0 72
inst 165 0 73
inst 166 0 744
inst 167 0 745
inst 168 0 28
inst 169 0 31
inst 170 0 32
inst 171 0 36
inst 172 0 37
inst 173 0 38
inst 174 0 64
inst 175 0 71
inst 176 0 18
inst 177 0 21
inst 178 0 22
inst 179 0 23
inst 180 0 59
inst 181 0 58
inst 182 0 29
inst 183 0 30
inst 184 0 33
inst 185 0 34
inst 186 0 61
inst 187 0 62
inst 188 0 26
inst 189 0 35
inst 190 0 63
inst 191 0 27
inst 192 0 731
inst 193 0 732
inst 194 0 734
inst 195 0 739
inst 196 0 741
inst 197 0 742
inst 198 0 743
inst 199 0 746
inst 200 0 663
inst 201 0 664
inst 202 0 725
inst 203 0 726
inst 204 0 662
inst 205 0 733
inst 206 0 735
inst 207 0 740
inst 208 0 689
inst 209 0 690
inst 210 0 691
inst 211 0 692
inst 212 0 693
inst 213 0 694
inst 214 0 688
inst 215 0 738
inst 216 0 214
inst 217 0 216
inst 218 0 666
inst 219 0 667
inst 220 0 668
inst 221 0 665
inst 222 0 736
inst 223 0 737
inst 224 0 223
inst 225 0 213
inst 226 0 215
inst 227 0 212
inst 228 1 8
inst 229 1 9
inst 230 1 10
inst 231 1 11
inst 232 1 630
inst 233 1 631
inst 234 1 632
inst 235 1 634
inst 236 1 562
inst 237 1 628
inst 238 1 629
inst 239 1 561
inst 240 1 623
inst 241 1 626
inst 242 1 627
inst 243 1 633
inst 244 1 443
inst 245 1 444
inst 246 1 615
inst 247 1 616
inst 248 1 617
inst 249 1 618
inst 250 1 624
inst 251 1 625
inst 252 1 559
inst 253 1 593
inst 254 1 596
inst 255 1 600
inst 256 1 601
inst 257 1 560
inst 258 1 594
inst 259 1 597
inst 260 1 489
inst 261 1 490
inst 262 1 595
inst 263 1 598
inst 264 1 619
inst 265 1 620
inst 266 1 621
inst 267 1 622
inst 268 1 267
inst 269 1 564
inst 270 1 602
inst 271 1 603
inst 272 1 642
inst 273 1 599
inst 274 1 565
inst 275 1 566
inst 276 1 260
inst 277 1 274
inst 278 1 313
inst 279 1 334
inst 280 1 567
inst 281 1 655
inst 282 1 656
inst 283 1 563
inst 284 1 264
inst 285 1 265
inst 286 1 569
inst 287 1 570
inst 288 1 309
inst 289 1 310
inst 290 1 311
inst 291 1 568
inst 292 1 4
inst 293 1 5
inst 294 1 453
inst 295 1 454
inst 296 1 641
inst 297 1 455
inst 298 1 456
inst 299 1 643
inst 300 1 266
inst 301 1 268
inst 302 1 307
inst 303 1 639
inst 304 1 640
inst 305 1 646
inst 306 1 644
inst 307 1 645
inst 308 1 273
inst 309 1 312
inst 310 1 333
inst 311 1 335
inst 312 1 336
inst 313 1 654
inst 314 1 332
inst 315 1 653
inst 316 1 261
inst 317 1 262
inst 318 1 263
inst 319 1 269
inst 320 1 492
inst 321 1 510
inst 322 1 308
inst 323 1 270
inst 324 1 438
inst 325 1 440
inst 326 1 441
inst 327 1 442
inst 328 1 506
inst 329 1 271
inst 330 1 272
inst 331 1 505
inst 332 1 511
inst 333 1 512
inst 334 1 513
inst 335 1 525
inst 336 1 526
inst 337 1 527
inst 338 1 509
inst 339 1 514
inst 340 1 6
inst 341 1 7
inst 342 1 439
inst 343 1 531
inst 344 1 532
inst 345 1 536
inst 346 1 537
inst 347 1 491
inst 348 1 15
inst 349 1 16
inst 350 1 145
inst 351 1 146
inst 352 1 147
inst 353 1 148
inst 354 1 227
inst 355 1 17
inst 356 1 582
inst 357 1 583
inst 358 1 584
inst 359 1 589
inst 360 1 590
inst 361 1 591
inst 362 1 592
inst 363 1 608
inst 364 1 477
inst 365 1 478
inst 366 1 585
inst 367 1 586
inst 368 1 587
inst 369 1 588
inst 370 1 609
inst 371 1 581
inst 372 1 604
inst 373 1 607
inst 374 1 610
inst 375 1 611
inst 376 1 612
inst 377 1 613
inst 378 1 605
inst 379 1 606
inst 380 1 457
inst 381 1 458
inst 382 1 486
inst 383 1 635
inst 384 1 636
inst 385 1 637
inst 386 1 638
inst 387 1 614
inst 388 1 479
inst 389 1 481
inst 390 1 483
inst 391 1 487
inst 392 1 493
inst 393 1 485
inst 394 1 488
inst 395 1 494
inst 396 1 480
inst 397 1 482
inst 398 1 518
inst 399 1 519
inst 400 1 520
inst 401 1 521
inst 402 1 522
inst 403 1 484
inst 404 1 24
inst 405 1 25
inst 406 1 69
inst 407 1 70
inst 408 1 74
inst 409 1 187
inst 410 1 188
inst 411 1 517
inst 412 1 225
inst 413 1 226
inst 414 2 767
inst 415 2 768
inst 416 2 769
inst 417 2 770
inst 418 2 771
inst 419 2 772
inst 420 2 773
inst 421 2 774
inst 422 2 776
inst 423 2 777
inst 424 2 778
inst 425 2 780
inst 426 2 781
inst 427 2 782
inst 428 2 783
inst 429 2 775
inst 430 2 802
inst 431 2 803
inst 432 2 805
inst 433 2 806
inst 434 2 807
inst 435 2 808
inst 436 2 784
inst 437 2 785
inst 438 2 787
inst 439 2 789
inst 440 2 790
inst 441 2 791
inst 442 2 792
inst 443 2 779
inst 444 2 786
inst 445 2 788
inst 446 2 793
inst 447 2 795
inst 448 2 797
inst 449 2 798
inst 450 2 799
inst 451 2 800
inst 452 2 801
inst 453 2 794
inst 454 2 189
inst 455 2 190
inst 456 2 191
inst 457 2 192
inst 458 2 193
inst 459 2 194
inst 460 2 196
inst 461 2 796
inst 462 2 179
inst 463 2 180
inst 464 2 181
inst 465 2 182
inst 466 2 184
inst 467 2 185
inst 468 2 186
inst 469 2 195
inst 470 2 127
inst 471 2 128
inst 472 2 129
inst 473 2 130
inst 474 2 137
inst 475 2 138
inst 476 2 140
inst 477 2 139
inst 478 2 233
inst 479 2 234
inst 480 2 235
inst 481 2 710
inst 482 2 711
inst 483 2 712
inst 484 2 713
inst 485 2 804
inst 486 2 241
inst 487 2 242
inst 488 2 243
inst 489 2 236
inst 490 2 237
inst 491 2 238
inst 492 2 239
inst 493 2 709
inst 494 2 698
inst 495 2 701
inst 496 2 702
inst 497 2 715
inst 498 2 720
inst 499 2 722
inst 500 2 723
inst 501 2 240
inst 502 2 228
inst 503 2 229
inst 504 2 230
inst 505 2 231
inst 506 2 232
inst 507 2 714
inst 508 2 699
inst 509 2 700
inst 510 2 695
inst 511 2 707
inst 512 2 716
inst 513 2 718
inst 514 2 719
inst 515 2 724
inst 516 2 708
inst 517 2 721
inst 518 2 126
inst 519 2 696
inst 520 2 704
inst 521 2 717
inst 522 2 697
inst 523 2 703
inst 524 2 705
inst 525 2 706
inst 526 2 248
inst 527 2 256
inst 528 2 257
inst 529 2 251
inst 530 2 252
inst 531 2 253
inst 532 2 254
inst 533 2 255
inst 534 2 247
inst 535 2 258
inst 536 2 259
inst 537 2 244
inst 538 2 245
inst 539 2 246
inst 540 2 249
inst 541 2 250
inst 542 2 75
inst 543 2 76
inst 544 2 109
inst 545 2 110
inst 546 2 111
inst 547 2 114
inst 548 2 112
inst 549 2 183
inst 550 2 78
inst 551 2 79
inst 552 2 80
inst 553 2 81
inst 554 2 86
inst 555 2 87
inst 556 2 104
inst 557 2 77
inst 558 2 83
inst 559 2 84
inst 560 2 85
inst 561 2 88
inst 562 2 89
inst 563 2 90
inst 564 2 91
inst 565 2 82
inst 566 2 93
inst 567 2 94
inst 568 2 96
inst 569 2 97
inst 570 2 98
inst 571 2 100
inst 572 2 92
inst 573 2 95
inst 574 2 115
inst 575 2 116
inst 576 2 117
inst 577 2 132
inst 578 2 133
inst 579 2 135
inst 580 2 131
inst 581 2 113
inst 582 2 120
inst 583 2 121
inst 584 2 122
inst 585 2 123
inst 586 2 124
inst 587 2 125
inst 588 2 134
inst 589 2 136
inst 590 2 102
inst 591 2 103
inst 592 2 108
inst 593 2 119
inst 594 2 105
inst 595 2 106
inst 596 2 107
inst 597 2 118
inst 598 2 99
inst 599 2 101
inst 600 3 445
inst 601 3 446
inst 602 3 447
inst 603 3 448
inst 604 3 449
inst 605 3 450
inst 606 3 451
inst 607 3 452
inst 608 3 294
inst 609 3 295
inst 610 3 296
inst 611 3 542
inst 612 3 545
inst 613 3 546
inst 614 3 551
inst 615 3 552
inst 616 3 547
inst 617 3 548
inst 618 3 549
inst 619 3 550
inst 620 3 557
inst 621 3 558
inst 622 3 543
inst 623 3 544
inst 624 3 288
inst 625 3 289
inst 626 3 290
inst 627 3 291
inst 628 3 300
inst 629 3 301
inst 630 3 553
inst 631 3 554
inst 632 3 298
inst 633 3 299
inst 634 3 302
inst 635 3 303
inst 636 3 304
inst 637 3 305
inst 638 3 306
inst 639 3 293
inst 640 3 275
inst 641 3 276
inst 642 3 277
inst 643 3 280
inst 644 3 282
inst 645 3 283
inst 646 3 292
inst 647 3 297
inst 648 3 468
inst 649 3 470
inst 650 3 471
inst 651 3 472
inst 652 3 473
inst 653 3 474
inst 654 3 475
inst 655 3 476
inst 656 3 534
inst 657 3 538
inst 658 3 540
inst 659 3 541
inst 660 3 579
inst 661 3 580
inst 662 3 467
inst 663 3 469
inst 664 3 278
inst 665 3 281
inst 666 3 284
inst 667 3 285
inst 668 3 279
inst 669 3 286
inst 670 3 287
inst 671 3 499
inst 672 3 500
inst 673 3 501
inst 674 3 502
inst 675 3 503
inst 676 3 504
inst 677 3 508
inst 678 3 497
inst 679 3 498
inst 680 3 460
inst 681 3 461
inst 682 3 462
inst 683 3 463
inst 684 3 465
inst 685 3 466
inst 686 3 555
inst 687 3 556
inst 688 3 495
inst 689 3 496
inst 690 3 528
inst 691 3 529
inst 692 3 530
inst 693 3 507
inst 694 3 459
inst 695 3 464
inst 696 3 523
inst 697 3 524
inst 698 3 533
inst 699 3 535
inst 700 3 539
inst 701 3 515
inst 702 3 516
inst 703 4 316
inst 704 4 317
inst 705 4 318
inst 706 4 319
inst 707 4 320
inst 708 4 321
inst 709 4 322
inst 710 4 323
inst 711 4 315
inst 712 4 324
inst 713 4 326
inst 714 4 328
inst 715 4 329
inst 716 4 331
inst 717 4 314
inst 718 4 330
inst 719 4 325
inst 720 4 327
inst 721 5 358
inst 722 5 361
inst 723 5 363
inst 724 5 366
inst 725 5 408
inst 726 5 416
inst 727 5 418
inst 728 5 420
inst 729 5 337
inst 730 5 344
inst 731 5 347
inst 732 5 350
inst 733 5 403
inst 734 5 405
inst 735 5 353
inst 736 5 356
inst 737 5 373
inst 738 5 375
inst 739 5 378
inst 740 5 414
inst 741 5 423
inst 742 5 431
inst 743 5 435
inst 744 5 411
inst 745 5 371
inst 746 5 573
inst 747 5 575
inst 748 5 577
inst 749 5 339
inst 750 5 571
inst 751 5 341
inst 752 5 368
inst 753 5 390
inst 754 5 393
inst 755 5 396
inst 756 5 398
inst 757 5 401
inst 758 5 426
inst 759 5 429
inst 760 5 433
inst 761 5 381
inst 762 5 388
inst 763 5 383
inst 764 5 385
inst 765 6 354
inst 766 6 359
inst 767 6 360
inst 768 6 362
inst 769 6 364
inst 770 6 365
inst 771 6 367
inst 772 6 410
inst 773 6 412
inst 774 6 413
inst 775 6 415
inst 776 6 419
inst 777 6 421
inst 778 6 422
inst 779 6 409
inst 780 6 417
inst 781 6 349
inst 782 6 351
inst 783 6 352
inst 784 6 357
inst 785 6 404
inst 786 6 406
inst 787 6 407
inst 788 6 355
inst 789 6 342
inst 790 6 343
inst 791 6 572
inst 792 6 338
inst 793 6 340
inst 794 6 345
inst 795 6 346
inst 796 6 348
inst 797 6 424
inst 798 6 425
inst 799 6 427
inst 800 6 428
inst 801 6 432
inst 802 6 434
inst 803 6 436
inst 804 6 437
inst 805 6 391
inst 806 6 392
inst 807 6 394
inst 808 6 400
inst 809 6 397
inst 810 6 399
inst 811 6 402
inst 812 6 430
inst 813 6 369
inst 814 6 370
inst 815 6 372
inst 816 6 374
inst 817 6 379
inst 818 6 576
inst 819 6 578
inst 820 6 574
inst 821 6 387
inst 822 6 382
inst 823 6 384
inst 824 6 386
inst 825 6 376
inst 826 6 377
inst 827 6 380
inst 828 6 389
inst 829 6 395
inst 830 7 647
inst 831 7 648
inst 832 7 649
inst 833 7 650
inst 834 7 651
inst 835 7 652
inst 836 8 1171
inst 837 8 1172
inst 838 8 1173
inst 839 8 1615
inst 840 8 1616
inst 841 8 1617
inst 842 8 1618
inst 843 8 1620
inst 844 8 1202
inst 845 8 1204
inst 846 8 1205
inst 847 8 1174
inst 848 8 1175
inst 849 8 1197
inst 850 8 1206
inst 851 8 1208
inst 852 8 1671
inst 853 8 1672
inst 854 8 1748
inst 855 8 1749
inst 856 8 1750
inst 857 8 1751
inst 858 8 1619
inst 859 8 1621
inst 860 8 1608
inst 861 8 1667
inst 862 8 1668
inst 863 8 1766
inst 864 8 1767
inst 865 8 1768
inst 866 8 1669
inst 867 8 1670
inst 868 8 1165
inst 869 8 1166
inst 870 8 1198
inst 871 8 1199
inst 872 8 1200
inst 873 8 1201
inst 874 8 1203
inst 875 8 1207
inst 876 8 1143
inst 877 8 1150
inst 878 8 1151
inst 879 8 1153
inst 880 8 1141
inst 881 8 1142
inst 882 8 1152
inst 883 8 1154
inst 884 8 1136
inst 885 8 1137
inst 886 8 1138
inst 887 8 1139
inst 888 8 1140
inst 889 8 1144
inst 890 8 1145
inst 891 8 1146
inst 892 8 1609
inst 893 8 1610
inst 894 8 1611
inst 895 8 1964
inst 896 8 1965
inst 897 8 1966
inst 898 8 1147
inst 899 8 1148
inst 900 8 1747
inst 901 8 1762
inst 902 8 1763
inst 903 8 1764
inst 904 8 1765
inst 905 8 1822
inst 906 8 1823
inst 907 8 1825
inst 908 8 1819
inst 909 8 1826
inst 910 8 1831
inst 911 8 1832
inst 912 8 1833
inst 913 8 1824
inst 914 8 1828
inst 915 8 1829
inst 916 8 1752
inst 917 8 1755
inst 918 8 1769
inst 919 8 1770
inst 920 8 1771
inst 921 8 1818
inst 922 8 1820
inst 923 8 1821
inst 924 8 1660
inst 925 8 1662
inst 926 8 1663
inst 927 8 1664
inst 928 8 1665
inst 929 8 1666
inst 930 8 1753
inst 931 8 1754
inst 932 8 1590
inst 933 8 1591
inst 934 8 1592
inst 935 8 1606
inst 936 8 1622
inst 937 8 1624
inst 938 8 1607
inst 939 8 1661
inst 940 8 1633
inst 941 8 1594
inst 942 8 1595
inst 943 8 1623
inst 944 8 1625
inst 945 8 1626
inst 946 8 1627
inst 947 8 1628
inst 948 8 1596
inst 949 8 1603
inst 950 8 1629
inst 951 8 1630
inst 952 8 1631
inst 953 8 1604
inst 954 8 1632
inst 955 8 1605
inst 956 8 1597
inst 957 8 1598
inst 958 8 1599
inst 959 8 1600
inst 960 8 1601
inst 961 8 1602
inst 962 8 1589
inst 963 8 1593
inst 964 8 1188
inst 965 8 1189
inst 966 8 1190
inst 967 8 1192
inst 968 8 1193
inst 969 8 1194
inst 970 8 1195
inst 971 8 1196
inst 972 8 1176
inst 973 8 1182
inst 974 8 1183
inst 975 8 1184
inst 976 8 1186
inst 977 8 1187
inst 978 8 1185
inst 979 8 1191
inst 980 8 1180
inst 981 8 1181
inst 982 8 1133
inst 983 8 1134
inst 984 8 1135
inst 985 8 1177
inst 986 8 1178
inst 987 8 1179
inst 988 8 1130
inst 989 8 1131
inst 990 8 1132
inst 991 8 1156
inst 992 8 1157
inst 993 8 1158
inst 994 8 1149
inst 995 8 1155
inst 996 8 1116
inst 997 8 1117
inst 998 8 1118
inst 999 8 1119
inst 1000 8 1120
inst 1001 8 1959
inst 1002 8 1164
inst 1003 8 1958
inst 1004 8 1088
inst 1005 8 1089
inst 1006 8 1090
inst 1007 8 1168
inst 1008 8 1967
inst 1009 8 1968
inst 1010 8 1969
inst 1011 8 1159
inst 1012 8 1083
inst 1013 8 1084
inst 1014 8 1085
inst 1015 8 1086
inst 1016 8 1087
inst 1017 8 1099
inst 1018 8 1169
inst 1019 8 1170
inst 1020 8 1080
inst 1021 8 1503
inst 1022 8 1504
inst 1023 8 1505
inst 1024 8 1506
inst 1025 8 1081
inst 1026 8 1082
inst 1027 8 1100
inst 1028 8 1490
inst 1029 8 1491
inst 1030 8 1492
inst 1031 8 1634
inst 1032 8 1635
inst 1033 8 1640
inst 1034 8 1493
inst 1035 8 1494
inst 1036 8 1508
inst 1037 8 1511
inst 1038 8 1512
inst 1039 8 1614
inst 1040 8 1612
inst 1041 8 1613
inst 1042 8 1507
inst 1043 8 1513
inst 1044 8 1515
inst 1045 8 1516
inst 1046 8 1517
inst 1047 8 1518
inst 1048 8 1519
inst 1049 8 1641
inst 1050 8 1642
inst 1051 8 1495
inst 1052 8 1487
inst 1053 8 1488
inst 1054 8 1489
inst 1055 8 1497
inst 1056 8 1498
inst 1057 8 1638
inst 1058 8 1639
inst 1059 8 1520
inst 1060 8 1501
inst 1061 8 1502
inst 1062 8 1521
inst 1063 8 1524
inst 1064 8 1536
inst 1065 8 1537
inst 1066 8 1636
inst 1067 8 1637
inst 1068 8 1522
inst 1069 8 1523
inst 1070 8 1525
inst 1071 8 1526
inst 1072 8 1527
inst 1073 8 1538
inst 1074 8 1509
inst 1075 8 1510
inst 1076 8 1550
inst 1077 8 1551
inst 1078 8 1552
inst 1079 8 1560
inst 1080 8 1562
inst 1081 8 1573
inst 1082 8 1574
inst 1083 8 1561
inst 1084 8 1555
inst 1085 8 1557
inst 1086 8 1558
inst 1087 8 1559
inst 1088 8 1553
inst 1089 8 1554
inst 1090 8 1556
inst 1091 8 1566
inst 1092 8 1740
inst 1093 8 1744
inst 1094 8 1760
inst 1095 8 1761
inst 1096 8 1830
inst 1097 8 1745
inst 1098 8 1746
inst 1099 8 1827
inst 1100 8 1736
inst 1101 8 1737
inst 1102 8 1738
inst 1103 8 1739
inst 1104 8 1743
inst 1105 8 1759
inst 1106 8 1741
inst 1107 8 1742
inst 1108 8 1732
inst 1109 8 1733
inst 1110 8 1734
inst 1111 8 1735
inst 1112 8 1756
inst 1113 8 1757
inst 1114 8 1758
inst 1115 8 1797
inst 1116 8 1795
inst 1117 8 1798
inst 1118 8 1812
inst 1119 8 1815
inst 1120 8 1813
inst 1121 8 1796
inst 1122 8 1799
inst 1123 8 1814
inst 1124 8 1694
inst 1125 8 1695
inst 1126 8 1772
inst 1127 8 1773
inst 1128 8 1774
inst 1129 8 1657
inst 1130 8 1658
inst 1131 8 1659
inst 1132 8 1791
inst 1133 8 1792
inst 1134 8 1793
inst 1135 8 1794
inst 1136 8 1809
inst 1137 8 1816
inst 1138 8 1817
inst 1139 8 1790
inst 1140 8 1801
inst 1141 8 1802
inst 1142 8 1803
inst 1143 8 1804
inst 1144 8 1800
inst 1145 8 1810
inst 1146 8 1808
inst 1147 8 1811
inst 1148 8 1785
inst 1149 8 1786
inst 1150 8 1787
inst 1151 8 1788
inst 1152 8 1789
inst 1153 8 1805
inst 1154 8 1806
inst 1155 8 1807
inst 1156 8 1652
inst 1157 8 1653
inst 1158 8 1654
inst 1159 8 1689
inst 1160 8 1690
inst 1161 8 1688
inst 1162 8 1692
inst 1163 8 1693
inst 1164 8 1644
inst 1165 8 1645
inst 1166 8 1646
inst 1167 8 1648
inst 1168 8 1650
inst 1169 8 1643
inst 1170 8 1647
inst 1171 8 1649
inst 1172 8 1655
inst 1173 8 1656
inst 1174 8 1673
inst 1175 8 1674
inst 1176 8 1675
inst 1177 8 1700
inst 1178 8 1701
inst 1179 8 1691
inst 1180 8 1683
inst 1181 8 1684
inst 1182 8 1685
inst 1183 8 1703
inst 1184 8 1682
inst 1185 8 1686
inst 1186 8 1687
inst 1187 8 1702
inst 1188 8 1575
inst 1189 8 1576
inst 1190 8 1577
inst 1191 8 1586
inst 1192 8 1587
inst 1193 8 1588
inst 1194 8 1546
inst 1195 8 1651
inst 1196 8 1578
inst 1197 8 1579
inst 1198 8 1580
inst 1199 8 1581
inst 1200 8 1582
inst 1201 8 1583
inst 1202 8 1584
inst 1203 8 1585
inst 1204 8 1567
inst 1205 8 1568
inst 1206 8 1571
inst 1207 8 1572
inst 1208 8 1547
inst 1209 8 1548
inst 1210 8 1549
inst 1211 8 1569
inst 1212 8 1539
inst 1213 8 1543
inst 1214 8 1544
inst 1215 8 1545
inst 1216 8 1565
inst 1217 8 1564
inst 1218 8 1563
inst 1219 8 1570
inst 1220 8 1724
inst 1221 8 1728
inst 1222 8 1729
inst 1223 8 1730
inst 1224 8 1731
inst 1225 8 1838
inst 1226 8 1839
inst 1227 8 1840
inst 1228 8 1727
inst 1229 8 1842
inst 1230 8 1847
inst 1231 8 1848
inst 1232 8 1849
inst 1233 8 1725
inst 1234 8 1726
inst 1235 8 1841
inst 1236 8 1716
inst 1237 8 1717
inst 1238 8 1718
inst 1239 8 1719
inst 1240 8 1720
inst 1241 8 1721
inst 1242 8 1722
inst 1243 8 1723
inst 1244 8 1778
inst 1245 8 1779
inst 1246 8 1780
inst 1247 8 1843
inst 1248 8 1835
inst 1249 8 1844
inst 1250 8 1845
inst 1251 8 1846
inst 1252 8 1704
inst 1253 8 1775
inst 1254 8 1776
inst 1255 8 1777
inst 1256 8 1783
inst 1257 8 1781
inst 1258 8 1784
inst 1259 8 1834
inst 1260 8 1679
inst 1261 8 1680
inst 1262 8 1681
inst 1263 8 1696
inst 1264 8 1697
inst 1265 8 1698
inst 1266 8 1699
inst 1267 8 1782
inst 1268 8 1710
inst 1269 8 1711
inst 1270 8 1712
inst 1271 8 1713
inst 1272 8 1714
inst 1273 8 1715
inst 1274 8 1836
inst 1275 8 1837
inst 1276 8 1333
inst 1277 8 1335
inst 1278 8 1353
inst 1279 8 1707
inst 1280 8 1708
inst 1281 8 1709
inst 1282 8 1705
inst 1283 8 1706
inst 1284 8 1676
inst 1285 8 1677
inst 1286 8 1678
inst 1287 8 1912
inst 1288 8 1914
inst 1289 8 1916
inst 1290 8 1917
inst 1291 8 1919
inst 1292 8 1271
inst 1293 8 1336
inst 1294 8 1338
inst 1295 8 1910
inst 1296 8 1911
inst 1297 8 1913
inst 1298 8 1915
inst 1299 8 1918
inst 1300 8 1327
inst 1301 8 1328
inst 1302 8 1331
inst 1303 8 1354
inst 1304 8 1355
inst 1305 8 1356
inst 1306 8 1332
inst 1307 8 1334
inst 1308 8 1272
inst 1309 8 1273
inst 1310 8 1993
inst 1311 8 1997
inst 1312 8 1274
inst 1313 8 1330
inst 1314 8 1337
inst 1315 8 1329
inst 1316 8 1319
inst 1317 8 1320
inst 1318 8 1321
inst 1319 8 1326
inst 1320 8 1348
inst 1321 8 1350
inst 1322 8 1351
inst 1323 8 1352
inst 1324 8 1276
inst 1325 8 1277
inst 1326 8 1347
inst 1327 8 1994
inst 1328 8 1995
inst 1329 8 1996
inst 1330 8 1998
inst 1331 8 1349
inst 1332 8 2000
inst 1333 8 2003
inst 1334 8 2004
inst 1335 8 2006
inst 1336 8 1999
inst 1337 8 2002
inst 1338 8 2005
inst 1339 8 2001
inst 1340 8 2010
inst 1341 8 2011
inst 1342 8 2012
inst 1343 8 2013
inst 1344 8 1275
inst 1345 8 2007
inst 1346 8 2008
inst 1347 8 2009
inst 1348 8 845
inst 1349 8 846
inst 1350 8 847
inst 1351 8 868
inst 1352 8 1160
inst 1353 8 1161
inst 1354 8 1162
inst 1355 8 1163
inst 1356 8 849
inst 1357 8 877
inst 1358 8 848
inst 1359 8 850
inst 1360 8 867
inst 1361 8 1030
inst 1362 8 1031
inst 1363 8 1032
inst 1364 8 836
inst 1365 8 863
inst 1366 8 871
inst 1367 8 837
inst 1368 8 838
inst 1369 8 840
inst 1370 8 844
inst 1371 8 866
inst 1372 8 851
inst 1373 8 852
inst 1374 8 853
inst 1375 8 855
inst 1376 8 856
inst 1377 8 876
inst 1378 8 1041
inst 1379 8 842
inst 1380 8 872
inst 1381 8 874
inst 1382 8 875
inst 1383 8 841
inst 1384 8 864
inst 1385 8 865
inst 1386 8 870
inst 1387 8 873
inst 1388 8 857
inst 1389 8 858
inst 1390 8 859
inst 1391 8 878
inst 1392 8 843
inst 1393 8 854
inst 1394 8 869
inst 1395 8 839
inst 1396 8 1023
inst 1397 8 1029
inst 1398 8 1018
inst 1399 8 860
inst 1400 8 861
inst 1401 8 862
inst 1402 8 967
inst 1403 8 968
inst 1404 8 1021
inst 1405 8 1019
inst 1406 8 1022
inst 1407 8 1025
inst 1408 8 1026
inst 1409 8 1027
inst 1410 8 1028
inst 1411 8 1024
inst 1412 8 1076
inst 1413 8 1077
inst 1414 8 1078
inst 1415 8 1095
inst 1416 8 1121
inst 1417 8 1122
inst 1418 8 1079
inst 1419 8 1167
inst 1420 8 1096
inst 1421 8 1097
inst 1422 8 1098
inst 1423 8 1128
inst 1424 8 1129
inst 1425 8 1073
inst 1426 8 1074
inst 1427 8 1075
inst 1428 8 1093
inst 1429 8 1094
inst 1430 8 1123
inst 1431 8 1124
inst 1432 8 1125
inst 1433 8 1070
inst 1434 8 1071
inst 1435 8 1072
inst 1436 8 1107
inst 1437 8 1111
inst 1438 8 1114
inst 1439 8 1115
inst 1440 8 1126
inst 1441 8 1127
inst 1442 8 1112
inst 1443 8 1113
inst 1444 8 1036
inst 1445 8 1037
inst 1446 8 1960
inst 1447 8 1963
inst 1448 8 1106
inst 1449 8 1108
inst 1450 8 1109
inst 1451 8 1110
inst 1452 8 1039
inst 1453 8 1953
inst 1454 8 1954
inst 1455 8 1956
inst 1456 8 1957
inst 1457 8 1038
inst 1458 8 1961
inst 1459 8 1962
inst 1460 8 1042
inst 1461 8 1043
inst 1462 8 1948
inst 1463 8 1020
inst 1464 8 1033
inst 1465 8 1034
inst 1466 8 1035
inst 1467 8 1044
inst 1468 8 1045
inst 1469 8 1947
inst 1470 8 1950
inst 1471 8 1951
inst 1472 8 1952
inst 1473 8 1955
inst 1474 8 1040
inst 1475 8 1949
inst 1476 8 953
inst 1477 8 954
inst 1478 8 955
inst 1479 8 956
inst 1480 8 957
inst 1481 8 958
inst 1482 8 960
inst 1483 8 961
inst 1484 8 882
inst 1485 8 883
inst 1486 8 884
inst 1487 8 885
inst 1488 8 886
inst 1489 8 903
inst 1490 8 904
inst 1491 8 959
inst 1492 8 879
inst 1493 8 880
inst 1494 8 881
inst 1495 8 890
inst 1496 8 895
inst 1497 8 897
inst 1498 8 962
inst 1499 8 887
inst 1500 8 891
inst 1501 8 892
inst 1502 8 893
inst 1503 8 901
inst 1504 8 902
inst 1505 8 888
inst 1506 8 889
inst 1507 8 894
inst 1508 8 964
inst 1509 8 969
inst 1510 8 970
inst 1511 8 963
inst 1512 8 965
inst 1513 8 966
inst 1514 8 971
inst 1515 8 973
inst 1516 8 918
inst 1517 8 919
inst 1518 8 922
inst 1519 8 923
inst 1520 8 927
inst 1521 8 929
inst 1522 8 931
inst 1523 8 972
inst 1524 8 905
inst 1525 8 906
inst 1526 8 907
inst 1527 8 908
inst 1528 8 896
inst 1529 8 898
inst 1530 8 900
inst 1531 8 899
inst 1532 8 911
inst 1533 8 915
inst 1534 8 924
inst 1535 8 925
inst 1536 8 916
inst 1537 8 926
inst 1538 8 909
inst 1539 8 910
inst 1540 8 920
inst 1541 8 928
inst 1542 8 930
inst 1543 8 932
inst 1544 8 933
inst 1545 8 934
inst 1546 8 980
inst 1547 8 921
inst 1548 8 938
inst 1549 8 939
inst 1550 8 940
inst 1551 8 935
inst 1552 8 936
inst 1553 8 937
inst 1554 8 979
inst 1555 8 981
inst 1556 8 913
inst 1557 8 941
inst 1558 8 942
inst 1559 8 943
inst 1560 8 945
inst 1561 8 947
inst 1562 8 951
inst 1563 8 952
inst 1564 8 949
inst 1565 8 950
inst 1566 8 912
inst 1567 8 917
inst 1568 8 914
inst 1569 8 944
inst 1570 8 946
inst 1571 8 948
inst 1572 8 994
inst 1573 8 997
inst 1574 8 1000
inst 1575 8 1002
inst 1576 8 1003
inst 1577 8 1004
inst 1578 8 995
inst 1579 8 996
inst 1580 8 975
inst 1581 8 976
inst 1582 8 978
inst 1583 8 974
inst 1584 8 977
inst 1585 8 998
inst 1586 8 999
inst 1587 8 1001
inst 1588 8 985
inst 1589 8 989
inst 1590 8 990
inst 1591 8 991
inst 1592 8 992
inst 1593 8 993
inst 1594 8 1046
inst 1595 8 1005
inst 1596 8 982
inst 1597 8 983
inst 1598 8 1050
inst 1599 8 1051
inst 1600 8 984
inst 1601 8 986
inst 1602 8 987
inst 1603 8 988
inst 1604 8 1482
inst 1605 8 1483
inst 1606 8 1485
inst 1607 8 1486
inst 1608 8 1496
inst 1609 8 1499
inst 1610 8 1514
inst 1611 8 1500
inst 1612 8 1461
inst 1613 8 1462
inst 1614 8 1477
inst 1615 8 1478
inst 1616 8 1479
inst 1617 8 1480
inst 1618 8 1481
inst 1619 8 1484
inst 1620 8 1532
inst 1621 8 1533
inst 1622 8 1534
inst 1623 8 2082
inst 1624 8 1463
inst 1625 8 2083
inst 1626 8 2084
inst 1627 8 2085
inst 1628 8 1535
inst 1629 8 1540
inst 1630 8 1541
inst 1631 8 1542
inst 1632 8 1529
inst 1633 8 1530
inst 1634 8 1531
inst 1635 8 1528
inst 1636 8 1471
inst 1637 8 1473
inst 1638 8 1464
inst 1639 8 1465
inst 1640 8 1466
inst 1641 8 1067
inst 1642 8 1068
inst 1643 8 1069
inst 1644 8 1468
inst 1645 8 1469
inst 1646 8 1470
inst 1647 8 1474
inst 1648 8 1475
inst 1649 8 1476
inst 1650 8 1467
inst 1651 8 1472
inst 1652 8 1091
inst 1653 8 1092
inst 1654 8 1101
inst 1655 8 1104
inst 1656 8 1105
inst 1657 8 1064
inst 1658 8 1065
inst 1659 8 1066
inst 1660 8 1007
inst 1661 8 1008
inst 1662 8 1009
inst 1663 8 1016
inst 1664 8 1062
inst 1665 8 1063
inst 1666 8 1102
inst 1667 8 1103
inst 1668 8 1006
inst 1669 8 1010
inst 1670 8 1011
inst 1671 8 1012
inst 1672 8 1013
inst 1673 8 1014
inst 1674 8 1015
inst 1675 8 1017
inst 1676 8 1053
inst 1677 8 1054
inst 1678 8 1055
inst 1679 8 1056
inst 1680 8 1057
inst 1681 8 1222
inst 1682 8 1225
inst 1683 8 1226
inst 1684 8 1213
inst 1685 8 1214
inst 1686 8 1217
inst 1687 8 1218
inst 1688 8 1219
inst 1689 8 1220
inst 1690 8 1224
inst 1691 8 1221
inst 1692 8 1216
inst 1693 8 1984
inst 1694 8 1988
inst 1695 8 1989
inst 1696 8 1991
inst 1697 8 1215
inst 1698 8 1983
inst 1699 8 1223
inst 1700 8 1048
inst 1701 8 1049
inst 1702 8 1059
inst 1703 8 1060
inst 1704 8 1061
inst 1705 8 1210
inst 1706 8 1047
inst 1707 8 1052
inst 1708 8 1209
inst 1709 8 1211
inst 1710 8 1970
inst 1711 8 1971
inst 1712 8 1972
inst 1713 8 1973
inst 1714 8 1058
inst 1715 8 1212
inst 1716 8 1981
inst 1717 8 1986
inst 1718 8 1987
inst 1719 8 1985
inst 1720 8 1990
inst 1721 8 1992
inst 1722 8 1979
inst 1723 8 1982
inst 1724 8 1903
inst 1725 8 1905
inst 1726 8 1974
inst 1727 8 1975
inst 1728 8 1977
inst 1729 8 1978
inst 1730 8 1980
inst 1731 8 1976
inst 1732 8 2072
inst 1733 8 2074
inst 1734 8 2075
inst 1735 8 2076
inst 1736 8 2077
inst 1737 8 2079
inst 1738 8 2080
inst 1739 8 2081
inst 1740 8 2049
inst 1741 8 2050
inst 1742 8 2051
inst 1743 8 2052
inst 1744 8 2053
inst 1745 8 2054
inst 1746 8 2073
inst 1747 8 2078
inst 1748 8 1452
inst 1749 8 1453
inst 1750 8 1454
inst 1751 8 2059
inst 1752 8 2055
inst 1753 8 2056
inst 1754 8 2057
inst 1755 8 2058
inst 1756 8 1440
inst 1757 8 1443
inst 1758 8 1444
inst 1759 8 1445
inst 1760 8 1446
inst 1761 8 1447
inst 1762 8 1441
inst 1763 8 1442
inst 1764 8 1368
inst 1765 8 1369
inst 1766 8 1370
inst 1767 8 1371
inst 1768 8 1372
inst 1769 8 1373
inst 1770 8 1374
inst 1771 8 1375
inst 1772 8 2039
inst 1773 8 2042
inst 1774 8 2043
inst 1775 8 2044
inst 1776 8 2045
inst 1777 8 2047
inst 1778 8 2046
inst 1779 8 2048
inst 1780 8 1400
inst 1781 8 1401
inst 1782 8 1437
inst 1783 8 1376
inst 1784 8 1377
inst 1785 8 1378
inst 1786 8 2040
inst 1787 8 2041
inst 1788 8 1432
inst 1789 8 1433
inst 1790 8 1434
inst 1791 8 1435
inst 1792 8 1439
inst 1793 8 1450
inst 1794 8 1402
inst 1795 8 1436
inst 1796 8 1424
inst 1797 8 1426
inst 1798 8 1451
inst 1799 8 1455
inst 1800 8 1458
inst 1801 8 1438
inst 1802 8 1448
inst 1803 8 1449
inst 1804 8 1414
inst 1805 8 1415
inst 1806 8 1416
inst 1807 8 1417
inst 1808 8 1418
inst 1809 8 1428
inst 1810 8 1425
inst 1811 8 1427
inst 1812 8 1406
inst 1813 8 1407
inst 1814 8 1408
inst 1815 8 1409
inst 1816 8 1422
inst 1817 8 1429
inst 1818 8 1430
inst 1819 8 1431
inst 1820 8 1412
inst 1821 8 1420
inst 1822 8 1423
inst 1823 8 1419
inst 1824 8 1421
inst 1825 8 1410
inst 1826 8 1411
inst 1827 8 1413
inst 1828 8 1920
inst 1829 8 1921
inst 1830 8 1922
inst 1831 8 1923
inst 1832 8 1924
inst 1833 8 1925
inst 1834 8 1926
inst 1835 8 1928
inst 1836 8 1901
inst 1837 8 1908
inst 1838 8 1902
inst 1839 8 1904
inst 1840 8 1906
inst 1841 8 1907
inst 1842 8 1909
inst 1843 8 1927
inst 1844 8 1460
inst 1845 8 2060
inst 1846 8 2061
inst 1847 8 2062
inst 1848 8 2063
inst 1849 8 1459
inst 1850 8 1456
inst 1851 8 1457
inst 1852 8 2067
inst 1853 8 2068
inst 1854 8 2069
inst 1855 8 2070
inst 1856 8 2071
inst 1857 8 2064
inst 1858 8 2065
inst 1859 8 2066
inst 1860 8 1324
inst 1861 8 1344
inst 1862 8 1325
inst 1863 8 1339
inst 1864 8 1340
inst 1865 8 1341
inst 1866 8 1345
inst 1867 8 1346
inst 1868 8 1308
inst 1869 8 1322
inst 1870 8 1323
inst 1871 8 1316
inst 1872 8 1317
inst 1873 8 1318
inst 1874 8 1342
inst 1875 8 1343
inst 1876 8 1299
inst 1877 8 1301
inst 1878 8 1302
inst 1879 8 1303
inst 1880 8 1304
inst 1881 8 1305
inst 1882 8 1306
inst 1883 8 1307
inst 1884 8 2014
inst 1885 8 2015
inst 1886 8 2016
inst 1887 8 2020
inst 1888 8 2021
inst 1889 8 2023
inst 1890 8 2024
inst 1891 8 1278
inst 1892 8 1289
inst 1893 8 1297
inst 1894 8 1309
inst 1895 8 1310
inst 1896 8 1311
inst 1897 8 1315
inst 1898 8 1298
inst 1899 8 1300
inst 1900 8 1290
inst 1901 8 1291
inst 1902 8 1292
inst 1903 8 1293
inst 1904 8 1295
inst 1905 8 1296
inst 1906 8 1294
inst 1907 8 1314
inst 1908 8 1281
inst 1909 8 1283
inst 1910 8 1284
inst 1911 8 1286
inst 1912 8 1313
inst 1913 8 1285
inst 1914 8 1287
inst 1915 8 1288
inst 1916 8 1228
inst 1917 8 1229
inst 1918 8 1230
inst 1919 8 1231
inst 1920 8 1279
inst 1921 8 1280
inst 1922 8 1282
inst 1923 8 1312
inst 1924 8 1251
inst 1925 8 1254
inst 1926 8 1261
inst 1927 8 1270
inst 1928 8 2017
inst 1929 8 2018
inst 1930 8 2019
inst 1931 8 2022
inst 1932 8 1264
inst 1933 8 1360
inst 1934 8 1361
inst 1935 8 1362
inst 1936 8 1363
inst 1937 8 1253
inst 1938 8 1263
inst 1939 8 1265
inst 1940 8 1364
inst 1941 8 2032
inst 1942 8 2033
inst 1943 8 2036
inst 1944 8 2037
inst 1945 8 2038
inst 1946 8 1366
inst 1947 8 1367
inst 1948 8 2026
inst 1949 8 2027
inst 1950 8 2025
inst 1951 8 2028
inst 1952 8 2031
inst 1953 8 2034
inst 1954 8 2029
inst 1955 8 2030
inst 1956 8 1235
inst 1957 8 1236
inst 1958 8 1238
inst 1959 8 1227
inst 1960 8 1232
inst 1961 8 1233
inst 1962 8 1234
inst 1963 8 1237
inst 1964 8 1240
inst 1965 8 1241
inst 1966 8 1243
inst 1967 8 1244
inst 1968 8 1246
inst 1969 8 1248
inst 1970 8 1239
inst 1971 8 1245
inst 1972 8 1256
inst 1973 8 1257
inst 1974 8 1252
inst 1975 8 1255
inst 1976 8 1258
inst 1977 8 1259
inst 1978 8 1260
inst 1979 8 1262
inst 1980 8 1266
inst 1981 8 1267
inst 1982 8 1269
inst 1983 8 1242
inst 1984 8 1247
inst 1985 8 1249
inst 1986 8 1250
inst 1987 8 1268
inst 1988 8 1379
inst 1989 8 1380
inst 1990 8 1381
inst 1991 8 1390
inst 1992 8 1393
inst 1993 8 1394
inst 1994 8 2035
inst 1995 8 1365
inst 1996 8 1386
inst 1997 8 1387
inst 1998 8 1389
inst 1999 8 1382
inst 2000 8 1383
inst 2001 8 1384
inst 2002 8 1385
inst 2003 8 1388
inst 2004 8 1358
inst 2005 8 1850
inst 2006 8 1851
inst 2007 8 1852
inst 2008 8 1853
inst 2009 8 1855
inst 2010 8 1357
inst 2011 8 1359
inst 2012 8 1854
inst 2013 8 1881
inst 2014 8 1938
inst 2015 8 1939
inst 2016 8 1940
inst 2017 8 1403
inst 2018 8 1404
inst 2019 8 1405
inst 2020 8 1395
inst 2021 8 1396
inst 2022 8 1397
inst 2023 8 1398
inst 2024 8 1399
inst 2025 8 1941
inst 2026 8 1391
inst 2027 8 1392
inst 2028 8 1875
inst 2029 8 1876
inst 2030 8 1877
inst 2031 8 1878
inst 2032 8 1879
inst 2033 8 1880
inst 2034 8 1882
inst 2035 8 1874
inst 2036 8 1857
inst 2037 8 1858
inst 2038 8 1859
inst 2039 8 1860
inst 2040 8 1861
inst 2041 8 1862
inst 2042 8 1942
inst 2043 8 1943
inst 2044 8 1856
inst 2045 8 1929
inst 2046 8 1931
inst 2047 8 1944
inst 2048 8 1945
inst 2049 8 1946
inst 2050 8 1863
inst 2051 8 1864
inst 2052 8 1866
inst 2053 8 1868
inst 2054 8 1869
inst 2055 8 1870
inst 2056 8 1871
inst 2057 8 1872
inst 2058 8 1873
inst 2059 8 1930
inst 2060 8 1893
inst 2061 8 1894
inst 2062 8 1895
inst 2063 8 1896
inst 2064 8 1897
inst 2065 8 1898
inst 2066 8 1865
inst 2067 8 1867
inst 2068 8 1883
inst 2069 8 1884
inst 2070 8 1885
inst 2071 8 1886
inst 2072 8 1887
inst 2073 8 1888
inst 2074 8 1889
inst 2075 8 1936
inst 2076 8 1932
inst 2077 8 1933
inst 2078 8 1934
inst 2079 8 1892
inst 2080 8 1899
inst 2081 8 1900
inst 2082 8 1935
inst 2083 8 1937
inst 2084 8 1890
inst 2085 8 1891
level village1 tree 0 protos 19 instances 3489
proto 0 vil-riceplant-01.mb stiffness 0.400000 dists 266240.0000 133120.0000 0.0000 409600.0000 rdists 0.00000698 0.00000751 0.00000996 0.40000001
proto 1 shrub-grass-03.mb stiffness 0.100000 dists 225280.0000 112640.0000 0.0000 327680.0000 rdists 0.00000977 0.00000888 0.00001395 0.10000000
proto 2 bamboo.mb stiffness 0.000000 dists 245760.0000 122880.0000 0.0000 327680.0000 rdists 0.00001221 0.00000814 0.00001744 0.00000000
proto 3 vil1-beachrock-hole-filler.mb stiffness 0.000000 dists 204800.0000 102400.0000 0.0000 286720.0000 rdists 0.00001221 0.00000977 0.00001744 0.00000000
proto 4 vil-cattail-01.mb stiffness 0.300000 dists 225280.0000 112640.0000 0.0000 327680.0000 rdists 0.00000977 0.00000888 0.00001395 0.30000001
proto 5 grass.mb stiffness 0.300000 dists 225280.0000 112640.0000 0.0000 327680.0000 rdists 0.00000977 0.00000888 0.00001395 0.30000001
proto 6 leafy-plant.mb stiffness 0.300000 dists 245760.0000 122880.0000 0.0000 327680.0000 rdists 0.00001221 0.00000814 0.00001744 0.30000001
proto 7 plantflower.mb stiffness 0.250000 dists 204800.0000 102400.0000 0.0000 286720.0000 rdists 0.00001221 0.00000977 0.00001744 0.25000000
proto 8 bushpalm.mb stiffness 0.000000 dists 40960.0000 20480.0000 0.0000 40960.0000 rdists inf 0.00004883 inf 0.00000000
proto 9 exotic-plant-half.mb stiffness 0.300000 dists 245760.0000 122880.0000 0.0000 327680.0000 rdists 0.00001221 0.00000814 0.00001744 0.30000001
proto 10 shrubrocks.mb stiffness 0.000000 dists 122880.0000 61440.0000 0.0000 204800.0000 rdists 0.00001221 0.00001628 0.00001744 0.00000000
proto 11 vil1-planktie.mb stiffness 0.000000 dists 204800.0000 102400.0000 0.0000 286720.0000 rdists 0.00001221 0.00000977 0.00001744 0.00000000
proto 12 vil1-haybale-tuft.mb stiffness 0.000000 dists 245760.0000 122880.0000 0.0000 409600.0000 rdists 0.00000610 0.00000814 0.00000872 0.00000000
proto 13 vil1-cupsmall.mb stiffness 0.000000 dists 163840.0000 81920.0000 0.0000 204800.0000 rdists 0.00002441 0.00001221 0.00003488 0.00000000
proto 14 vil1-map-01.mb stiffness 0.000000 dists 163840.0000 81920.0000 0.0000 204800.0000 rdists 0.00002441 0.00001221 0.00003488 0.00000000
proto 15 vil1-map-03.mb stiffness 0.000000 dists 163840.0000 81920.0000 0.0000 204800.0000 rdists 0.00002441 0.00001221 0.00003488 0.00000000
proto 16 vil1-map-02.mb stiffness 0.000000 dists 163840.0000 81920.0000 0.0000 204800.0000 rdists 0.00002441 0.00001221 0.00003488 0.00000000
proto 17 vil1-map-04.mb stiffness 0.000000 dists 163840.0000 81920.0000 0.0000 204800.0000 rdists 0.00002441 0.00001221 0.00003488 0.00000000
proto 18 palmplant-top.mb stiffness 0.300000 dists 327680.0000 163840.0000 0.0000 491520.0000 rdists 0.00000610 0.00000610 0.00000872 0.30000001
inst 0 0 20
inst 1 0 21
inst 2 0 22
inst 3 0 23
inst 4 0 25
inst 5 0 26
inst 6 0 27
inst 7 0 28
inst 8 0 3
inst 9 0 41
inst 10 0 43
inst 11 0 44
inst 12 0 1
inst 13 0 24
inst 14 0 40
inst 15 0 42
inst 16 0 2
inst 17 0 16
inst 18 0 17
inst 19 0 18
inst 20 0 19
inst 21 0 51
inst 22 0 29
inst 23 0 30
inst 24 0 48
inst 25 0 50
inst 26 0 45
inst 27 0 46
inst 28 0 47
inst 29 0 31
inst 30 0 32
inst 31 0 49
inst 32 0 7
inst 33 0 8
inst 34 0 9
inst 35 0 10
inst 36 0 11
inst 37 0 13
inst 38 0 14
inst 39 0 15
inst 40 0 36
inst 41 0 37
inst 42 0 38
inst 43 0 39
inst 44 0 34
inst 45 0 6
inst 46 0 35
inst 47 0 33
inst 48 0 0
inst 49 0 4
inst 50 0 5
inst 51 0 12
inst 52 1 283
inst 53 1 284
inst 54 1 285
inst 55 1 289
inst 56 1 290
inst 57 1 291
inst 58 1 1637
inst 59 1 1638
inst 60 1 171
inst 61 1 174
inst 62 1 260
inst 63 1 261
inst 64 1 1633
inst 65 1 1634
inst 66 1 305
inst 67 1 1636
inst 68 1 67
inst 69 1 68
inst 70 1 156
inst 71 1 162
inst 72 1 1658
inst 73 1 1664
inst 74 1 1657
inst 75 1 1659
inst 76 1 146
inst 77 1 164
inst 78 1 165
inst 79 1 1643
inst 80 1 1644
inst 81 1 1645
inst 82 1 1646
inst 83 1 155
inst 84 1 1388
inst 85 1 1389
inst 86 1 1390
inst 87 1 1412
inst 88 1 1413
inst 89 1 1414
inst 90 1 1415
inst 91 1 1421
inst 92 1 1284
inst 93 1 1311
inst 94 1 1312
inst 95 1 1313
inst 96 1 1331
inst 97 1 1332
inst 98 1 69
inst 99 1 1330
inst 100 1 189
inst 101 1 194
inst 102 1 454
inst 103 1 1241
inst 104 1 1266
inst 105 1 1376
inst 106 1 1267
inst 107 1 1300
inst 108 1 70
inst 109 1 71
inst 110 1 72
inst 111 1 185
inst 112 1 195
inst 113 1 186
inst 114 1 453
inst 115 1 1240
inst 116 1 286
inst 117 1 293
inst 118 1 294
inst 119 1 296
inst 120 1 297
inst 121 1 1641
inst 122 1 1642
inst 123 1 292
inst 124 1 268
inst 125 1 274
inst 126 1 1702
inst 127 1 1705
inst 128 1 1706
inst 129 1 1772
inst 130 1 275
inst 131 1 1771
inst 132 1 278
inst 133 1 280
inst 134 1 281
inst 135 1 282
inst 136 1 299
inst 137 1 301
inst 138 1 302
inst 139 1 1765
inst 140 1 1768
inst 141 1 1769
inst 142 1 1776
inst 143 1 1777
inst 144 1 1704
inst 145 1 1770
inst 146 1 1766
inst 147 1 1767
inst 148 1 257
inst 149 1 258
inst 150 1 259
inst 151 1 269
inst 152 1 1632
inst 153 1 1635
inst 154 1 270
inst 155 1 1703
inst 156 1 170
inst 157 1 172
inst 158 1 180
inst 159 1 181
inst 160 1 183
inst 161 1 1631
inst 162 1 177
inst 163 1 262
inst 164 1 148
inst 165 1 152
inst 166 1 153
inst 167 1 159
inst 168 1 1628
inst 169 1 1629
inst 170 1 1630
inst 171 1 175
inst 172 1 96
inst 173 1 107
inst 174 1 108
inst 175 1 128
inst 176 1 151
inst 177 1 154
inst 178 1 163
inst 179 1 1627
inst 180 1 187
inst 181 1 457
inst 182 1 1210
inst 183 1 1223
inst 184 1 1224
inst 185 1 1227
inst 186 1 1228
inst 187 1 1355
inst 188 1 58
inst 189 1 59
inst 190 1 60
inst 191 1 61
inst 192 1 62
inst 193 1 2174
inst 194 1 2175
inst 195 1 1229
inst 196 1 191
inst 197 1 1226
inst 198 1 1294
inst 199 1 1295
inst 200 1 1296
inst 201 1 1263
inst 202 1 1264
inst 203 1 1265
inst 204 1 188
inst 205 1 193
inst 206 1 438
inst 207 1 442
inst 208 1 443
inst 209 1 1233
inst 210 1 1239
inst 211 1 192
inst 212 1 2166
inst 213 1 2169
inst 214 1 2170
inst 215 1 2171
inst 216 1 2176
inst 217 1 2177
inst 218 1 63
inst 219 1 2173
inst 220 1 2165
inst 221 1 2179
inst 222 1 2172
inst 223 1 2164
inst 224 1 2167
inst 225 1 2168
inst 226 1 2178
inst 227 1 2163
inst 228 1 1187
inst 229 1 1188
inst 230 1 1209
inst 231 1 1213
inst 232 1 1217
inst 233 1 1218
inst 234 1 1207
inst 235 1 1208
inst 236 1 1215
inst 237 1 1219
inst 238 1 1221
inst 239 1 1212
inst 240 1 1214
inst 241 1 1216
inst 242 1 1220
inst 243 1 1222
inst 244 1 447
inst 245 1 449
inst 246 1 1235
inst 247 1 1236
inst 248 1 1242
inst 249 1 1243
inst 250 1 190
inst 251 1 1234
inst 252 1 52
inst 253 1 54
inst 254 1 445
inst 255 1 526
inst 256 1 527
inst 257 1 528
inst 258 1 529
inst 259 1 169
inst 260 1 56
inst 261 1 57
inst 262 1 91
inst 263 1 106
inst 264 1 130
inst 265 1 131
inst 266 1 53
inst 267 1 55
inst 268 1 1193
inst 269 1 1195
inst 270 1 1197
inst 271 1 1198
inst 272 1 1200
inst 273 1 111
inst 274 1 1199
inst 275 1 99
inst 276 1 520
inst 277 1 522
inst 278 1 523
inst 279 1 537
inst 280 1 538
inst 281 1 532
inst 282 1 539
inst 283 1 1206
inst 284 1 113
inst 285 1 114
inst 286 1 136
inst 287 1 137
inst 288 1 141
inst 289 1 1459
inst 290 1 112
inst 291 1 524
inst 292 1 110
inst 293 1 521
inst 294 1 525
inst 295 1 1192
inst 296 1 1194
inst 297 1 518
inst 298 1 519
inst 299 1 1191
inst 300 1 100
inst 301 1 105
inst 302 1 129
inst 303 1 132
inst 304 1 133
inst 305 1 144
inst 306 1 98
inst 307 1 135
inst 308 1 541
inst 309 1 542
inst 310 1 544
inst 311 1 1669
inst 312 1 1678
inst 313 1 1680
inst 314 1 1681
inst 315 1 1682
inst 316 1 1671
inst 317 1 1672
inst 318 1 1673
inst 319 1 1674
inst 320 1 1676
inst 321 1 1677
inst 322 1 1670
inst 323 1 1675
inst 324 1 411
inst 325 1 412
inst 326 1 414
inst 327 1 545
inst 328 1 2039
inst 329 1 2116
inst 330 1 2117
inst 331 1 543
inst 332 1 2037
inst 333 1 2094
inst 334 1 2095
inst 335 1 2096
inst 336 1 415
inst 337 1 416
inst 338 1 2040
inst 339 1 2097
inst 340 1 1781
inst 341 1 2043
inst 342 1 2062
inst 343 1 2064
inst 344 1 1780
inst 345 1 2067
inst 346 1 2068
inst 347 1 2069
inst 348 1 1931
inst 349 1 1938
inst 350 1 1942
inst 351 1 1944
inst 352 1 2041
inst 353 1 2063
inst 354 1 2065
inst 355 1 2066
inst 356 1 1992
inst 357 1 1994
inst 358 1 1996
inst 359 1 2038
inst 360 1 2036
inst 361 1 1932
inst 362 1 1933
inst 363 1 2042
inst 364 1 1988
inst 365 1 1989
inst 366 1 1990
inst 367 1 1995
inst 368 1 2000
inst 369 1 1993
inst 370 1 1997
inst 371 1 2035
inst 372 1 2244
inst 373 1 2249
inst 374 1 2251
inst 375 1 2252
inst 376 1 2253
inst 377 1 2256
inst 378 1 2257
inst 379 1 2269
inst 380 1 2245
inst 381 1 2247
inst 382 1 2248
inst 383 1 2250
inst 384 1 2266
inst 385 1 2267
inst 386 1 2268
inst 387 1 2246
inst 388 1 241
inst 389 1 242
inst 390 1 243
inst 391 1 1894
inst 392 1 1895
inst 393 1 1896
inst 394 1 1898
inst 395 1 103
inst 396 1 244
inst 397 1 1875
inst 398 1 1876
inst 399 1 1882
inst 400 1 1883
inst 401 1 1892
inst 402 1 1897
inst 403 1 1893
inst 404 1 1816
inst 405 1 1817
inst 406 1 1819
inst 407 1 1880
inst 408 1 1945
inst 409 1 1877
inst 410 1 1878
inst 411 1 1943
inst 412 1 1854
inst 413 1 1868
inst 414 1 1869
inst 415 1 1870
inst 416 1 1871
inst 417 1 1872
inst 418 1 1879
inst 419 1 1881
inst 420 1 1856
inst 421 1 1857
inst 422 1 1812
inst 423 1 1815
inst 424 1 1818
inst 425 1 1852
inst 426 1 1853
inst 427 1 1855
inst 428 1 1814
inst 429 1 1833
inst 430 1 1834
inst 431 1 1835
inst 432 1 1836
inst 433 1 1837
inst 434 1 1838
inst 435 1 1813
inst 436 1 64
inst 437 1 65
inst 438 1 66
inst 439 1 117
inst 440 1 123
inst 441 1 2517
inst 442 1 2518
inst 443 1 2519
inst 444 1 2521
inst 445 1 2522
inst 446 1 2529
inst 447 1 2532
inst 448 1 2515
inst 449 1 2516
inst 450 1 2520
inst 451 1 2523
inst 452 1 1439
inst 453 1 1440
inst 454 1 1443
inst 455 1 1444
inst 456 1 1473
inst 457 1 1460
inst 458 1 2530
inst 459 1 2531
inst 460 1 1502
inst 461 1 1505
inst 462 1 1506
inst 463 1 1507
inst 464 1 1529
inst 465 1 1530
inst 466 1 1541
inst 467 1 1477
inst 468 1 92
inst 469 1 116
inst 470 1 119
inst 471 1 122
inst 472 1 240
inst 473 1 245
inst 474 1 246
inst 475 1 1873
inst 476 1 1582
inst 477 1 1583
inst 478 1 1594
inst 479 1 1601
inst 480 1 2366
inst 481 1 2367
inst 482 1 1508
inst 483 1 124
inst 484 1 2346
inst 485 1 2358
inst 486 1 2359
inst 487 1 2360
inst 488 1 2362
inst 489 1 2363
inst 490 1 2364
inst 491 1 2357
inst 492 1 2334
inst 493 1 2365
inst 494 1 2371
inst 495 1 2372
inst 496 1 2373
inst 497 1 2374
inst 498 1 2368
inst 499 1 2361
inst 500 1 1586
inst 501 1 1587
inst 502 1 1595
inst 503 1 1596
inst 504 1 1600
inst 505 1 2386
inst 506 1 1478
inst 507 1 1497
inst 508 1 2382
inst 509 1 2383
inst 510 1 2384
inst 511 1 2390
inst 512 1 2385
inst 513 1 2387
inst 514 1 2388
inst 515 1 2389
inst 516 1 1584
inst 517 1 1585
inst 518 1 1588
inst 519 1 1589
inst 520 1 1590
inst 521 1 1622
inst 522 1 1623
inst 523 1 1625
inst 524 1 1606
inst 525 1 1608
inst 526 1 1612
inst 527 1 1607
inst 528 1 1611
inst 529 1 1609
inst 530 1 2391
inst 531 1 2392
inst 532 1 2375
inst 533 1 2376
inst 534 1 2380
inst 535 1 2393
inst 536 1 2394
inst 537 1 2395
inst 538 1 2396
inst 539 1 2397
inst 540 1 2379
inst 541 1 1610
inst 542 1 2377
inst 543 1 2378
inst 544 1 2381
inst 545 2 76
inst 546 2 77
inst 547 2 79
inst 548 2 80
inst 549 2 81
inst 550 2 82
inst 551 2 83
inst 552 2 84
inst 553 2 73
inst 554 2 74
inst 555 2 75
inst 556 2 78
inst 557 3 85
inst 558 3 86
inst 559 3 87
inst 560 3 88
inst 561 3 89
inst 562 3 90
inst 563 4 1157
inst 564 4 1158
inst 565 4 1159
inst 566 4 1160
inst 567 4 1164
inst 568 4 1416
inst 569 4 1417
inst 570 4 1418
inst 571 4 1124
inst 572 4 1125
inst 573 4 1126
inst 574 4 1127
inst 575 4 1128
inst 576 4 1129
inst 577 4 2187
inst 578 4 1420
inst 579 4 227
inst 580 4 311
inst 581 4 1949
inst 582 4 1950
inst 583 4 1951
inst 584 4 1952
inst 585 4 2119
inst 586 4 2120
inst 587 4 201
inst 588 4 323
inst 589 4 324
inst 590 4 2240
inst 591 4 2242
inst 592 4 2243
inst 593 4 2241
inst 594 4 1948
inst 595 4 327
inst 596 4 328
inst 597 4 332
inst 598 4 1172
inst 599 4 1176
inst 600 4 1178
inst 601 4 2484
inst 602 4 2489
inst 603 4 309
inst 604 4 312
inst 605 4 318
inst 606 4 319
inst 607 4 325
inst 608 4 333
inst 609 4 310
inst 610 4 331
inst 611 4 219
inst 612 4 317
inst 613 4 2093
inst 614 4 2406
inst 615 4 2421
inst 616 4 307
inst 617 4 308
inst 618 4 2422
inst 619 4 209
inst 620 4 216
inst 621 4 218
inst 622 4 1820
inst 623 4 1998
inst 624 4 1999
inst 625 4 226
inst 626 4 220
inst 627 4 1285
inst 628 4 1333
inst 629 4 1335
inst 630 4 1336
inst 631 4 1337
inst 632 4 1391
inst 633 4 1392
inst 634 4 1419
inst 635 4 458
inst 636 4 459
inst 637 4 460
inst 638 4 1283
inst 639 4 1334
inst 640 4 2190
inst 641 4 1281
inst 642 4 1282
inst 643 4 232
inst 644 4 235
inst 645 4 236
inst 646 4 237
inst 647 4 239
inst 648 4 1927
inst 649 4 2188
inst 650 4 2189
inst 651 4 95
inst 652 4 125
inst 653 4 126
inst 654 4 127
inst 655 4 1926
inst 656 4 233
inst 657 4 234
inst 658 4 238
inst 659 4 93
inst 660 4 120
inst 661 4 208
inst 662 4 1924
inst 663 4 1925
inst 664 4 94
inst 665 4 121
inst 666 4 249
inst 667 4 210
inst 668 4 211
inst 669 4 247
inst 670 4 1827
inst 671 4 1828
inst 672 4 2369
inst 673 4 104
inst 674 4 248
inst 675 4 1841
inst 676 4 1842
inst 677 4 1843
inst 678 4 2336
inst 679 4 2342
inst 680 4 2343
inst 681 4 2344
inst 682 4 2345
inst 683 4 2333
inst 684 4 2339
inst 685 4 2340
inst 686 4 2341
inst 687 4 2370
inst 688 4 2335
inst 689 4 2337
inst 690 4 2338
inst 691 4 276
inst 692 4 277
inst 693 4 295
inst 694 4 1758
inst 695 4 1759
inst 696 4 1760
inst 697 4 1774
inst 698 4 1775
inst 699 4 263
inst 700 4 264
inst 701 4 271
inst 702 4 272
inst 703 4 306
inst 704 4 1639
inst 705 4 1640
inst 706 4 273
inst 707 4 279
inst 708 4 287
inst 709 4 288
inst 710 4 298
inst 711 4 300
inst 712 4 303
inst 713 4 304
inst 714 4 1762
inst 715 4 1754
inst 716 4 1755
inst 717 4 1756
inst 718 4 1763
inst 719 4 1753
inst 720 4 1757
inst 721 4 1761
inst 722 4 1764
inst 723 4 173
inst 724 4 253
inst 725 4 254
inst 726 4 255
inst 727 4 256
inst 728 4 267
inst 729 4 265
inst 730 4 266
inst 731 4 176
inst 732 4 179
inst 733 4 182
inst 734 4 184
inst 735 4 250
inst 736 4 251
inst 737 4 252
inst 738 4 178
inst 739 4 150
inst 740 4 157
inst 741 4 199
inst 742 4 455
inst 743 4 1340
inst 744 4 1359
inst 745 4 1360
inst 746 4 1339
inst 747 4 158
inst 748 4 160
inst 749 4 161
inst 750 4 166
inst 751 4 167
inst 752 4 168
inst 753 4 149
inst 754 4 147
inst 755 4 451
inst 756 4 1260
inst 757 4 1261
inst 758 4 1262
inst 759 4 1372
inst 760 4 452
inst 761 4 1338
inst 762 4 1361
inst 763 4 437
inst 764 4 439
inst 765 4 440
inst 766 4 441
inst 767 4 456
inst 768 4 1225
inst 769 4 1298
inst 770 4 1211
inst 771 4 196
inst 772 4 197
inst 773 4 198
inst 774 4 444
inst 775 4 446
inst 776 4 450
inst 777 4 1238
inst 778 4 1237
inst 779 4 97
inst 780 4 101
inst 781 4 109
inst 782 4 143
inst 783 4 530
inst 784 4 531
inst 785 4 1201
inst 786 4 448
inst 787 4 118
inst 788 4 138
inst 789 4 139
inst 790 4 1453
inst 791 4 1454
inst 792 4 1455
inst 793 4 1456
inst 794 4 1479
inst 795 4 102
inst 796 4 115
inst 797 4 134
inst 798 4 140
inst 799 4 145
inst 800 4 1492
inst 801 4 142
inst 802 4 1474
inst 803 4 1501
inst 804 4 1503
inst 805 4 1504
inst 806 4 1542
inst 807 4 1575
inst 808 4 1576
inst 809 4 1581
inst 810 4 1491
inst 811 4 1577
inst 812 4 1578
inst 813 4 1579
inst 814 4 1580
inst 815 4 1603
inst 816 4 1604
inst 817 4 1605
inst 818 4 1598
inst 819 4 335
inst 820 4 350
inst 821 4 352
inst 822 4 354
inst 823 4 363
inst 824 4 364
inst 825 4 365
inst 826 4 366
inst 827 4 337
inst 828 4 338
inst 829 4 340
inst 830 4 341
inst 831 4 348
inst 832 4 349
inst 833 4 351
inst 834 4 353
inst 835 4 339
inst 836 4 347
inst 837 5 1136
inst 838 5 1144
inst 839 5 1145
inst 840 5 1146
inst 841 5 1149
inst 842 5 1165
inst 843 5 1167
inst 844 5 1168
inst 845 5 1153
inst 846 5 1154
inst 847 5 1155
inst 848 5 1163
inst 849 5 1134
inst 850 5 1135
inst 851 5 1151
inst 852 5 1166
inst 853 5 1137
inst 854 5 1142
inst 855 5 1152
inst 856 5 1156
inst 857 5 1140
inst 858 5 1141
inst 859 5 1147
inst 860 5 1148
inst 861 5 493
inst 862 5 1161
inst 863 5 1432
inst 864 5 1162
inst 865 5 1426
inst 866 5 1427
inst 867 5 1428
inst 868 5 1130
inst 869 5 476
inst 870 5 480
inst 871 5 482
inst 872 5 1429
inst 873 5 1430
inst 874 5 1431
inst 875 5 481
inst 876 5 1425
inst 877 5 1357
inst 878 5 1386
inst 879 5 1387
inst 880 5 1394
inst 881 5 1401
inst 882 5 475
inst 883 5 477
inst 884 5 483
inst 885 5 1324
inst 886 5 1325
inst 887 5 1326
inst 888 5 1341
inst 889 5 1342
inst 890 5 1353
inst 891 5 1354
inst 892 5 1666
inst 893 5 1323
inst 894 5 1345
inst 895 5 1343
inst 896 5 1344
inst 897 5 1358
inst 898 5 1366
inst 899 5 1319
inst 900 5 1322
inst 901 5 1722
inst 902 5 1725
inst 903 5 1726
inst 904 5 1727
inst 905 5 1729
inst 906 5 1731
inst 907 5 1732
inst 908 5 1733
inst 909 5 1712
inst 910 5 1714
inst 911 5 1715
inst 912 5 1716
inst 913 5 1723
inst 914 5 1724
inst 915 5 1728
inst 916 5 1730
inst 917 5 1708
inst 918 5 1741
inst 919 5 1748
inst 920 5 1749
inst 921 5 1752
inst 922 5 1710
inst 923 5 1711
inst 924 5 1713
inst 925 5 1742
inst 926 5 1743
inst 927 5 1750
inst 928 5 1751
inst 929 5 1744
inst 930 5 1745
inst 931 5 1746
inst 932 5 1747
inst 933 5 1694
inst 934 5 1717
inst 935 5 1718
inst 936 5 1719
inst 937 5 1720
inst 938 5 1721
inst 939 5 1707
inst 940 5 1709
inst 941 5 1735
inst 942 5 1736
inst 943 5 1737
inst 944 5 1740
inst 945 5 1738
inst 946 5 1739
inst 947 5 1692
inst 948 5 1693
inst 949 5 1695
inst 950 5 1696
inst 951 5 1697
inst 952 5 1698
inst 953 5 1699
inst 954 5 1700
inst 955 5 1734
inst 956 5 1773
inst 957 5 1380
inst 958 5 1662
inst 959 5 1665
inst 960 5 1367
inst 961 5 1660
inst 962 5 1661
inst 963 5 1663
inst 964 5 1701
inst 965 5 1405
inst 966 5 1406
inst 967 5 1407
inst 968 5 1408
inst 969 5 1409
inst 970 5 1410
inst 971 5 494
inst 972 5 1422
inst 973 5 470
inst 974 5 1113
inst 975 5 1114
inst 976 5 1115
inst 977 5 1116
inst 978 5 1117
inst 979 5 1118
inst 980 5 1411
inst 981 5 1120
inst 982 5 1122
inst 983 5 1123
inst 984 5 468
inst 985 5 469
inst 986 5 471
inst 987 5 1112
inst 988 5 1119
inst 989 5 2185
inst 990 5 2186
inst 991 5 2207
inst 992 5 2209
inst 993 5 2226
inst 994 5 2229
inst 995 5 2271
inst 996 5 1121
inst 997 5 1383
inst 998 5 1393
inst 999 5 1397
inst 1000 5 1399
inst 1001 5 1402
inst 1002 5 1403
inst 1003 5 1404
inst 1004 5 1385
inst 1005 5 1286
inst 1006 5 1316
inst 1007 5 1317
inst 1008 5 1318
inst 1009 5 1320
inst 1010 5 1356
inst 1011 5 1321
inst 1012 5 1384
inst 1013 5 1254
inst 1014 5 1255
inst 1015 5 1291
inst 1016 5 1305
inst 1017 5 1307
inst 1018 5 1314
inst 1019 5 1315
inst 1020 5 1398
inst 1021 5 2198
inst 1022 5 2202
inst 1023 5 2211
inst 1024 5 2208
inst 1025 5 2210
inst 1026 5 1288
inst 1027 5 1289
inst 1028 5 1290
inst 1029 5 1327
inst 1030 5 1328
inst 1031 5 1346
inst 1032 5 1347
inst 1033 5 1351
inst 1034 5 1352
inst 1035 5 1278
inst 1036 5 1329
inst 1037 5 1301
inst 1038 5 1306
inst 1039 5 1308
inst 1040 5 1275
inst 1041 5 1276
inst 1042 5 1277
inst 1043 5 1279
inst 1044 5 1280
inst 1045 5 1364
inst 1046 5 1365
inst 1047 5 1369
inst 1048 5 1368
inst 1049 5 1249
inst 1050 5 1349
inst 1051 5 1348
inst 1052 5 1350
inst 1053 5 1373
inst 1054 5 1377
inst 1055 5 1378
inst 1056 5 1379
inst 1057 5 1374
inst 1058 5 1375
inst 1059 5 1363
inst 1060 5 1362
inst 1061 5 1244
inst 1062 5 1251
inst 1063 5 1252
inst 1064 5 1270
inst 1065 5 1271
inst 1066 5 1272
inst 1067 5 1273
inst 1068 5 1304
inst 1069 5 1230
inst 1070 5 1231
inst 1071 5 1232
inst 1072 5 1248
inst 1073 5 1250
inst 1074 5 1299
inst 1075 5 1247
inst 1076 5 1297
inst 1077 5 533
inst 1078 5 534
inst 1079 5 535
inst 1080 5 536
inst 1081 5 1189
inst 1082 5 1190
inst 1083 5 1196
inst 1084 5 1253
inst 1085 5 1436
inst 1086 5 1447
inst 1087 5 1467
inst 1088 5 1433
inst 1089 5 1434
inst 1090 5 1451
inst 1091 5 1452
inst 1092 5 1468
inst 1093 5 2121
inst 1094 5 2122
inst 1095 5 2123
inst 1096 5 2124
inst 1097 5 2125
inst 1098 5 2126
inst 1099 5 2127
inst 1100 5 2279
inst 1101 5 2274
inst 1102 5 2275
inst 1103 5 2277
inst 1104 5 2278
inst 1105 5 407
inst 1106 5 408
inst 1107 5 2103
inst 1108 5 2104
inst 1109 5 1778
inst 1110 5 1779
inst 1111 5 2030
inst 1112 5 2031
inst 1113 5 2032
inst 1114 5 2033
inst 1115 5 2034
inst 1116 5 2276
inst 1117 5 418
inst 1118 5 1955
inst 1119 5 2016
inst 1120 5 2070
inst 1121 5 2013
inst 1122 5 2014
inst 1123 5 2015
inst 1124 5 2044
inst 1125 5 2195
inst 1126 5 2200
inst 1127 5 2220
inst 1128 5 2223
inst 1129 5 2228
inst 1130 5 2231
inst 1131 5 2230
inst 1132 5 2272
inst 1133 5 1953
inst 1134 5 2203
inst 1135 5 2204
inst 1136 5 2254
inst 1137 5 2255
inst 1138 5 2265
inst 1139 5 1954
inst 1140 5 2224
inst 1141 5 464
inst 1142 5 465
inst 1143 5 1937
inst 1144 5 1947
inst 1145 5 463
inst 1146 5 1930
inst 1147 5 1799
inst 1148 5 1800
inst 1149 5 202
inst 1150 5 212
inst 1151 5 1906
inst 1152 5 1907
inst 1153 5 1908
inst 1154 5 1909
inst 1155 5 1910
inst 1156 5 1946
inst 1157 5 2196
inst 1158 5 2197
inst 1159 5 2201
inst 1160 5 2234
inst 1161 5 2199
inst 1162 5 2221
inst 1163 5 2225
inst 1164 5 2227
inst 1165 5 2212
inst 1166 5 2214
inst 1167 5 2232
inst 1168 5 2233
inst 1169 5 2217
inst 1170 5 2270
inst 1171 5 2205
inst 1172 5 2206
inst 1173 5 2192
inst 1174 5 2258
inst 1175 5 2261
inst 1176 5 2262
inst 1177 5 2263
inst 1178 5 2264
inst 1179 5 2219
inst 1180 5 2222
inst 1181 5 2193
inst 1182 5 2218
inst 1183 5 2213
inst 1184 5 2215
inst 1185 5 2216
inst 1186 5 2191
inst 1187 5 2259
inst 1188 5 2260
inst 1189 5 505
inst 1190 5 1887
inst 1191 5 1888
inst 1192 5 1916
inst 1193 5 1884
inst 1194 5 1885
inst 1195 5 1886
inst 1196 5 2194
inst 1197 5 206
inst 1198 5 203
inst 1199 5 1915
inst 1200 5 1917
inst 1201 5 2289
inst 1202 5 2290
inst 1203 5 2291
inst 1204 5 200
inst 1205 5 207
inst 1206 5 1889
inst 1207 5 1890
inst 1208 5 1891
inst 1209 5 204
inst 1210 5 205
inst 1211 5 1918
inst 1212 5 1923
inst 1213 5 1902
inst 1214 5 1904
inst 1215 5 1914
inst 1216 5 1919
inst 1217 5 1920
inst 1218 5 1901
inst 1219 5 1903
inst 1220 5 1905
inst 1221 5 2500
inst 1222 5 2501
inst 1223 5 2502
inst 1224 5 2504
inst 1225 5 2506
inst 1226 5 2507
inst 1227 5 2508
inst 1228 5 2499
inst 1229 5 1437
inst 1230 5 1438
inst 1231 5 1482
inst 1232 5 1483
inst 1233 5 1493
inst 1234 5 1457
inst 1235 5 2503
inst 1236 5 2505
inst 1237 5 1450
inst 1238 5 1498
inst 1239 5 1448
inst 1240 5 1449
inst 1241 5 1441
inst 1242 5 1442
inst 1243 5 1435
inst 1244 5 1458
inst 1245 5 1485
inst 1246 5 1486
inst 1247 5 1480
inst 1248 5 1481
inst 1249 5 1484
inst 1250 5 1487
inst 1251 5 1445
inst 1252 5 1446
inst 1253 5 1524
inst 1254 5 1525
inst 1255 5 1528
inst 1256 5 2524
inst 1257 5 2525
inst 1258 5 2526
inst 1259 5 2527
inst 1260 5 2528
inst 1261 5 1499
inst 1262 5 1519
inst 1263 5 1522
inst 1264 5 1545
inst 1265 5 1488
inst 1266 5 1523
inst 1267 5 1526
inst 1268 5 1527
inst 1269 5 1512
inst 1270 5 1516
inst 1271 5 1540
inst 1272 5 1489
inst 1273 5 1490
inst 1274 5 1494
inst 1275 5 1500
inst 1276 5 1544
inst 1277 5 1555
inst 1278 5 1591
inst 1279 5 1593
inst 1280 5 1518
inst 1281 5 1520
inst 1282 5 1592
inst 1283 5 1517
inst 1284 5 1521
inst 1285 5 1472
inst 1286 5 1475
inst 1287 5 1476
inst 1288 5 1495
inst 1289 5 1469
inst 1290 5 1470
inst 1291 5 1471
inst 1292 5 1466
inst 1293 5 1514
inst 1294 5 1543
inst 1295 5 1597
inst 1296 5 1509
inst 1297 5 1513
inst 1298 5 1515
inst 1299 5 1510
inst 1300 5 1511
inst 1301 5 1562
inst 1302 5 1563
inst 1303 5 1567
inst 1304 5 1599
inst 1305 5 1615
inst 1306 5 1617
inst 1307 5 1566
inst 1308 5 1568
inst 1309 5 2398
inst 1310 5 2399
inst 1311 5 2401
inst 1312 5 2402
inst 1313 5 2403
inst 1314 5 2404
inst 1315 5 1616
inst 1316 5 1618
inst 1317 5 1548
inst 1318 5 1550
inst 1319 5 1553
inst 1320 5 1546
inst 1321 5 1547
inst 1322 5 1549
inst 1323 5 1554
inst 1324 5 1556
inst 1325 5 1558
inst 1326 5 1559
inst 1327 5 1561
inst 1328 5 1619
inst 1329 5 1564
inst 1330 5 1565
inst 1331 5 1551
inst 1332 5 1552
inst 1333 5 1572
inst 1334 5 1573
inst 1335 5 1574
inst 1336 5 1602
inst 1337 5 1620
inst 1338 5 1557
inst 1339 5 1560
inst 1340 5 1621
inst 1341 5 1613
inst 1342 5 1626
inst 1343 5 2400
inst 1344 5 1614
inst 1345 5 1569
inst 1346 5 1570
inst 1347 5 1571
inst 1348 5 1624
inst 1349 5 2467
inst 1350 5 2468
inst 1351 5 2469
inst 1352 5 2487
inst 1353 5 2488
inst 1354 5 3359
inst 1355 5 3360
inst 1356 5 3361
inst 1357 5 3356
inst 1358 5 3371
inst 1359 5 3372
inst 1360 5 3373
inst 1361 5 3379
inst 1362 5 3382
inst 1363 5 3437
inst 1364 5 3362
inst 1365 5 3400
inst 1366 5 3403
inst 1367 5 3425
inst 1368 5 3355
inst 1369 5 3357
inst 1370 5 3358
inst 1371 5 3375
inst 1372 5 3424
inst 1373 5 3376
inst 1374 5 3399
inst 1375 5 3401
inst 1376 5 3374
inst 1377 5 3377
inst 1378 5 3380
inst 1379 5 3381
inst 1380 5 3398
inst 1381 5 3411
inst 1382 5 3413
inst 1383 5 3414
inst 1384 5 3415
inst 1385 5 3417
inst 1386 5 3418
inst 1387 5 3419
inst 1388 5 3429
inst 1389 5 3435
inst 1390 5 3436
inst 1391 5 3384
inst 1392 5 3387
inst 1393 5 3388
inst 1394 5 3389
inst 1395 5 3390
inst 1396 5 3434
inst 1397 5 3402
inst 1398 5 3405
inst 1399 5 3420
inst 1400 5 3421
inst 1401 5 3422
inst 1402 5 3423
inst 1403 5 3426
inst 1404 5 3392
inst 1405 5 3383
inst 1406 5 3391
inst 1407 5 3404
inst 1408 5 3406
inst 1409 5 3438
inst 1410 5 3397
inst 1411 5 3378
inst 1412 5 3396
inst 1413 5 3431
inst 1414 5 3432
inst 1415 5 3395
inst 1416 5 3408
inst 1417 5 3409
inst 1418 5 3410
inst 1419 5 3412
inst 1420 5 3430
inst 1421 5 2463
inst 1422 5 2464
inst 1423 5 2465
inst 1424 5 2466
inst 1425 5 2496
inst 1426 5 3416
inst 1427 5 3427
inst 1428 5 3428
inst 1429 5 2455
inst 1430 5 2456
inst 1431 5 2457
inst 1432 5 3393
inst 1433 5 3394
inst 1434 5 3407
inst 1435 5 3385
inst 1436 5 3386
inst 1437 5 2482
inst 1438 5 2461
inst 1439 5 2462
inst 1440 5 2494
inst 1441 5 2495
inst 1442 5 2458
inst 1443 5 2459
inst 1444 5 2460
inst 1445 5 2443
inst 1446 5 2444
inst 1447 5 2445
inst 1448 5 2453
inst 1449 5 2454
inst 1450 5 2490
inst 1451 5 2491
inst 1452 5 2450
inst 1453 5 362
inst 1454 5 370
inst 1455 5 2429
inst 1456 5 2430
inst 1457 5 360
inst 1458 5 361
inst 1459 5 2451
inst 1460 5 2452
inst 1461 5 358
inst 1462 5 359
inst 1463 5 2428
inst 1464 5 357
inst 1465 5 371
inst 1466 5 2446
inst 1467 5 2447
inst 1468 5 2448
inst 1469 5 346
inst 1470 5 2431
inst 1471 5 2432
inst 1472 5 2433
inst 1473 5 2434
inst 1474 5 2440
inst 1475 5 2426
inst 1476 5 2427
inst 1477 5 2470
inst 1478 5 2471
inst 1479 5 2472
inst 1480 5 2473
inst 1481 5 2474
inst 1482 5 2475
inst 1483 5 2477
inst 1484 5 2478
inst 1485 5 1183
inst 1486 5 1184
inst 1487 5 1185
inst 1488 5 1186
inst 1489 5 1687
inst 1490 5 1690
inst 1491 5 1691
inst 1492 5 2476
inst 1493 5 398
inst 1494 5 399
inst 1495 5 2139
inst 1496 5 2144
inst 1497 5 2145
inst 1498 5 2146
inst 1499 5 2150
inst 1500 5 2157
inst 1501 5 326
inst 1502 5 400
inst 1503 5 401
inst 1504 5 1683
inst 1505 5 1688
inst 1506 5 1689
inst 1507 5 2152
inst 1508 5 2153
inst 1509 5 1174
inst 1510 5 1175
inst 1511 5 1686
inst 1512 5 2479
inst 1513 5 368
inst 1514 5 2480
inst 1515 5 2481
inst 1516 5 1685
inst 1517 5 1173
inst 1518 5 1180
inst 1519 5 1182
inst 1520 5 1179
inst 1521 5 1181
inst 1522 5 1668
inst 1523 5 1679
inst 1524 5 1684
inst 1525 5 334
inst 1526 5 355
inst 1527 5 356
inst 1528 5 369
inst 1529 5 2442
inst 1530 5 2449
inst 1531 5 336
inst 1532 5 367
inst 1533 5 342
inst 1534 5 343
inst 1535 5 344
inst 1536 5 345
inst 1537 5 2424
inst 1538 5 2423
inst 1539 5 2441
inst 1540 5 2425
inst 1541 5 2137
inst 1542 5 2138
inst 1543 5 2142
inst 1544 5 2143
inst 1545 5 2156
inst 1546 5 2141
inst 1547 5 2154
inst 1548 5 2155
inst 1549 5 329
inst 1550 5 330
inst 1551 5 2134
inst 1552 5 2147
inst 1553 5 2151
inst 1554 5 2133
inst 1555 5 2140
inst 1556 5 2148
inst 1557 5 2113
inst 1558 5 2149
inst 1559 5 402
inst 1560 5 403
inst 1561 5 2131
inst 1562 5 2132
inst 1563 5 2135
inst 1564 5 2136
inst 1565 5 315
inst 1566 5 393
inst 1567 5 394
inst 1568 5 2101
inst 1569 5 2102
inst 1570 5 2114
inst 1571 5 2115
inst 1572 5 2118
inst 1573 5 313
inst 1574 5 314
inst 1575 5 409
inst 1576 5 410
inst 1577 5 413
inst 1578 5 2110
inst 1579 5 2105
inst 1580 5 316
inst 1581 5 2416
inst 1582 5 2089
inst 1583 5 2099
inst 1584 5 2111
inst 1585 5 2112
inst 1586 5 2408
inst 1587 5 2409
inst 1588 5 2100
inst 1589 5 2074
inst 1590 5 2091
inst 1591 5 2413
inst 1592 5 2414
inst 1593 5 2090
inst 1594 5 2098
inst 1595 5 2407
inst 1596 5 2415
inst 1597 5 322
inst 1598 5 2075
inst 1599 5 2087
inst 1600 5 2092
inst 1601 5 2109
inst 1602 5 2076
inst 1603 5 2088
inst 1604 5 2108
inst 1605 5 230
inst 1606 5 2023
inst 1607 5 2024
inst 1608 5 2025
inst 1609 5 2026
inst 1610 5 2027
inst 1611 5 2028
inst 1612 5 2029
inst 1613 5 222
inst 1614 5 2048
inst 1615 5 2058
inst 1616 5 2060
inst 1617 5 2061
inst 1618 5 2072
inst 1619 5 231
inst 1620 5 2073
inst 1621 5 2050
inst 1622 5 2051
inst 1623 5 2057
inst 1624 5 2410
inst 1625 5 2417
inst 1626 5 2046
inst 1627 5 2047
inst 1628 5 2059
inst 1629 5 2285
inst 1630 5 320
inst 1631 5 321
inst 1632 5 2107
inst 1633 5 2045
inst 1634 5 2286
inst 1635 5 2411
inst 1636 5 2412
inst 1637 5 2280
inst 1638 5 2282
inst 1639 5 2283
inst 1640 5 2284
inst 1641 5 229
inst 1642 5 461
inst 1643 5 2281
inst 1644 5 2071
inst 1645 5 1935
inst 1646 5 1957
inst 1647 5 1958
inst 1648 5 1959
inst 1649 5 228
inst 1650 5 462
inst 1651 5 1934
inst 1652 5 1956
inst 1653 5 221
inst 1654 5 417
inst 1655 5 1974
inst 1656 5 1978
inst 1657 5 1980
inst 1658 5 1982
inst 1659 5 1979
inst 1660 5 1981
inst 1661 5 217
inst 1662 5 1983
inst 1663 5 1984
inst 1664 5 1985
inst 1665 5 1986
inst 1666 5 1975
inst 1667 5 1976
inst 1668 5 1977
inst 1669 5 429
inst 1670 5 430
inst 1671 5 2005
inst 1672 5 2006
inst 1673 5 2007
inst 1674 5 2008
inst 1675 5 2009
inst 1676 5 1936
inst 1677 5 214
inst 1678 5 225
inst 1679 5 1098
inst 1680 5 2002
inst 1681 5 2004
inst 1682 5 223
inst 1683 5 224
inst 1684 5 2010
inst 1685 5 1101
inst 1686 5 1102
inst 1687 5 1103
inst 1688 5 1858
inst 1689 5 1860
inst 1690 5 433
inst 1691 5 431
inst 1692 5 432
inst 1693 5 1826
inst 1694 5 1100
inst 1695 5 1824
inst 1696 5 1859
inst 1697 5 1862
inst 1698 5 1863
inst 1699 5 1864
inst 1700 5 1865
inst 1701 5 504
inst 1702 5 1795
inst 1703 5 1796
inst 1704 5 2003
inst 1705 5 503
inst 1706 5 1991
inst 1707 5 2001
inst 1708 5 1987
inst 1709 5 1829
inst 1710 5 1830
inst 1711 5 1831
inst 1712 5 1097
inst 1713 5 1099
inst 1714 5 215
inst 1715 5 1782
inst 1716 5 1786
inst 1717 5 1783
inst 1718 5 1784
inst 1719 5 1785
inst 1720 5 1787
inst 1721 5 213
inst 1722 5 1788
inst 1723 5 1789
inst 1724 5 1797
inst 1725 5 1080
inst 1726 5 1081
inst 1727 5 1840
inst 1728 5 1790
inst 1729 5 1791
inst 1730 5 1792
inst 1731 5 1793
inst 1732 5 1794
inst 1733 5 1093
inst 1734 5 1094
inst 1735 5 1821
inst 1736 5 1822
inst 1737 5 1092
inst 1738 5 1823
inst 1739 5 1861
inst 1740 5 1104
inst 1741 5 1832
inst 1742 5 1848
inst 1743 5 1105
inst 1744 5 1106
inst 1745 5 1107
inst 1746 5 1108
inst 1747 5 1109
inst 1748 5 1825
inst 1749 5 1069
inst 1750 5 1089
inst 1751 5 1086
inst 1752 5 1087
inst 1753 5 1088
inst 1754 5 1090
inst 1755 5 1847
inst 1756 5 1874
inst 1757 5 2347
inst 1758 5 2350
inst 1759 5 2354
inst 1760 5 2356
inst 1761 5 1067
inst 1762 5 1068
inst 1763 5 1110
inst 1764 5 1111
inst 1765 5 1072
inst 1766 5 1074
inst 1767 5 1077
inst 1768 5 1078
inst 1769 5 1083
inst 1770 5 1844
inst 1771 5 1845
inst 1772 5 1846
inst 1773 5 499
inst 1774 5 500
inst 1775 5 1082
inst 1776 5 1849
inst 1777 5 2351
inst 1778 5 1839
inst 1779 5 1850
inst 1780 5 1851
inst 1781 5 2348
inst 1782 5 2355
inst 1783 5 1073
inst 1784 5 2352
inst 1785 5 2353
inst 1786 5 1079
inst 1787 5 2349
inst 1788 6 466
inst 1789 6 467
inst 1790 6 472
inst 1791 6 1132
inst 1792 6 1133
inst 1793 6 1138
inst 1794 6 1139
inst 1795 6 2084
inst 1796 6 419
inst 1797 6 420
inst 1798 6 497
inst 1799 6 1939
inst 1800 6 1940
inst 1801 6 1941
inst 1802 6 2083
inst 1803 6 2273
inst 1804 6 405
inst 1805 6 406
inst 1806 6 2017
inst 1807 6 2018
inst 1808 6 2020
inst 1809 6 2021
inst 1810 6 2022
inst 1811 6 2106
inst 1812 6 1967
inst 1813 6 1968
inst 1814 6 1970
inst 1815 6 2054
inst 1816 6 2055
inst 1817 6 2011
inst 1818 6 2012
inst 1819 6 2019
inst 1820 6 395
inst 1821 6 396
inst 1822 6 397
inst 1823 6 404
inst 1824 6 1169
inst 1825 6 1170
inst 1826 6 1171
inst 1827 6 1177
inst 1828 6 2077
inst 1829 6 2078
inst 1830 6 2080
inst 1831 6 2405
inst 1832 6 2418
inst 1833 6 2419
inst 1834 6 2420
inst 1835 6 2079
inst 1836 6 1972
inst 1837 6 2053
inst 1838 6 2056
inst 1839 6 1966
inst 1840 6 1969
inst 1841 6 1973
inst 1842 6 2049
inst 1843 6 2052
inst 1844 6 372
inst 1845 6 373
inst 1846 6 374
inst 1847 6 375
inst 1848 6 376
inst 1849 6 377
inst 1850 6 1965
inst 1851 6 1971
inst 1852 6 473
inst 1853 6 474
inst 1854 6 478
inst 1855 6 479
inst 1856 6 1396
inst 1857 6 1400
inst 1858 6 1424
inst 1859 6 1423
inst 1860 6 1245
inst 1861 6 1269
inst 1862 6 1274
inst 1863 6 1287
inst 1864 6 1309
inst 1865 6 1310
inst 1866 6 1370
inst 1867 6 1395
inst 1868 6 546
inst 1869 6 2180
inst 1870 6 2181
inst 1871 6 2182
inst 1872 6 2183
inst 1873 6 2184
inst 1874 6 547
inst 1875 6 548
inst 1876 6 1268
inst 1877 6 1302
inst 1878 6 1303
inst 1879 6 1537
inst 1880 6 1538
inst 1881 6 1539
inst 1882 6 1256
inst 1883 6 1899
inst 1884 6 509
inst 1885 6 510
inst 1886 6 511
inst 1887 6 512
inst 1888 6 513
inst 1889 6 1921
inst 1890 6 1922
inst 1891 6 1900
inst 1892 6 434
inst 1893 6 435
inst 1894 6 436
inst 1895 6 1084
inst 1896 6 2160
inst 1897 6 2161
inst 1898 6 2287
inst 1899 6 2288
inst 1900 6 1065
inst 1901 6 1066
inst 1902 6 1070
inst 1903 6 1075
inst 1904 6 1076
inst 1905 6 1095
inst 1906 6 1096
inst 1907 6 1085
inst 1908 6 1801
inst 1909 6 1802
inst 1910 6 1804
inst 1911 6 1805
inst 1912 6 1806
inst 1913 6 1807
inst 1914 6 1808
inst 1915 6 1071
inst 1916 6 1532
inst 1917 6 1533
inst 1918 6 1534
inst 1919 6 1535
inst 1920 6 1536
inst 1921 6 1531
inst 1922 7 489
inst 1923 7 490
inst 1924 7 492
inst 1925 7 1131
inst 1926 7 3452
inst 1927 7 3520
inst 1928 7 3521
inst 1929 7 3522
inst 1930 7 3339
inst 1931 7 3340
inst 1932 7 3464
inst 1933 7 3465
inst 1934 7 3466
inst 1935 7 381
inst 1936 7 3451
inst 1937 7 3453
inst 1938 7 2435
inst 1939 7 2483
inst 1940 7 3366
inst 1941 7 3367
inst 1942 7 3433
inst 1943 7 2436
inst 1944 7 2437
inst 1945 7 2438
inst 1946 7 2439
inst 1947 7 3341
inst 1948 7 3363
inst 1949 7 3365
inst 1950 7 3460
inst 1951 7 3461
inst 1952 7 3462
inst 1953 7 3364
inst 1954 7 385
inst 1955 7 386
inst 1956 7 387
inst 1957 7 388
inst 1958 7 389
inst 1959 7 390
inst 1960 7 391
inst 1961 7 392
inst 1962 7 384
inst 1963 7 488
inst 1964 7 495
inst 1965 7 496
inst 1966 7 1381
inst 1967 7 1382
inst 1968 7 1465
inst 1969 7 540
inst 1970 7 378
inst 1971 7 380
inst 1972 7 508
inst 1973 7 1911
inst 1974 7 1912
inst 1975 7 1913
inst 1976 7 382
inst 1977 7 379
inst 1978 7 383
inst 1979 7 1928
inst 1980 7 1929
inst 1981 7 3456
inst 1982 7 3454
inst 1983 7 3455
inst 1984 7 515
inst 1985 8 2771
inst 1986 8 2775
inst 1987 8 2776
inst 1988 8 2783
inst 1989 8 2784
inst 1990 8 2785
inst 1991 8 2786
inst 1992 8 2797
inst 1993 8 2802
inst 1994 8 2804
inst 1995 8 2793
inst 1996 8 2795
inst 1997 8 2796
inst 1998 8 2798
inst 1999 8 2799
inst 2000 8 2800
inst 2001 8 2782
inst 2002 8 2770
inst 2003 8 2772
inst 2004 8 2773
inst 2005 8 2774
inst 2006 8 2777
inst 2007 8 2778
inst 2008 8 2779
inst 2009 8 2839
inst 2010 8 2840
inst 2011 8 2841
inst 2012 8 2842
inst 2013 8 2787
inst 2014 8 2794
inst 2015 8 2780
inst 2016 8 2781
inst 2017 8 2791
inst 2018 8 2809
inst 2019 8 2810
inst 2020 8 2788
inst 2021 8 2789
inst 2022 8 2792
inst 2023 8 2801
inst 2024 8 2803
inst 2025 8 2816
inst 2026 8 2824
inst 2027 8 2790
inst 2028 8 2814
inst 2029 8 2815
inst 2030 8 2818
inst 2031 8 2832
inst 2032 8 2833
inst 2033 8 2812
inst 2034 8 2813
inst 2035 8 2883
inst 2036 8 2807
inst 2037 8 2811
inst 2038 8 2829
inst 2039 8 2805
inst 2040 8 2806
inst 2041 8 2834
inst 2042 8 2835
inst 2043 8 2836
inst 2044 8 2837
inst 2045 8 2838
inst 2046 8 2887
inst 2047 8 2808
inst 2048 8 2879
inst 2049 8 2844
inst 2050 8 2817
inst 2051 8 2819
inst 2052 8 2820
inst 2053 8 2821
inst 2054 8 2822
inst 2055 8 2831
inst 2056 8 2843
inst 2057 8 2892
inst 2058 8 2893
inst 2059 8 2894
inst 2060 8 2895
inst 2061 8 2896
inst 2062 8 2845
inst 2063 8 2898
inst 2064 8 2899
inst 2065 8 2826
inst 2066 8 2827
inst 2067 8 2828
inst 2068 8 2830
inst 2069 8 2877
inst 2070 8 2823
inst 2071 8 2825
inst 2072 8 2878
inst 2073 8 2880
inst 2074 8 2884
inst 2075 8 2885
inst 2076 8 2881
inst 2077 8 2882
inst 2078 8 2889
inst 2079 8 2890
inst 2080 8 2891
inst 2081 8 2645
inst 2082 8 2646
inst 2083 8 2695
inst 2084 8 2710
inst 2085 8 2846
inst 2086 8 2851
inst 2087 8 2901
inst 2088 8 2902
inst 2089 8 2849
inst 2090 8 2854
inst 2091 8 2847
inst 2092 8 2848
inst 2093 8 2850
inst 2094 8 2852
inst 2095 8 2855
inst 2096 8 2888
inst 2097 8 2869
inst 2098 8 2886
inst 2099 8 484
inst 2100 8 486
inst 2101 8 2866
inst 2102 8 2867
inst 2103 8 485
inst 2104 8 487
inst 2105 8 2870
inst 2106 8 2875
inst 2107 8 2876
inst 2108 8 2897
inst 2109 8 2863
inst 2110 8 2868
inst 2111 8 2864
inst 2112 8 2865
inst 2113 8 2574
inst 2114 8 2575
inst 2115 8 2638
inst 2116 8 2639
inst 2117 8 2640
inst 2118 8 2698
inst 2119 8 2708
inst 2120 8 2727
inst 2121 8 2579
inst 2122 8 2580
inst 2123 8 2618
inst 2124 8 2576
inst 2125 8 2577
inst 2126 8 2578
inst 2127 8 2637
inst 2128 8 2726
inst 2129 8 2722
inst 2130 8 2723
inst 2131 8 2903
inst 2132 8 2904
inst 2133 8 2905
inst 2134 8 2643
inst 2135 8 2644
inst 2136 8 2694
inst 2137 8 2717
inst 2138 8 2718
inst 2139 8 2724
inst 2140 8 2642
inst 2141 8 2719
inst 2142 8 2720
inst 2143 8 2721
inst 2144 8 2693
inst 2145 8 2641
inst 2146 8 2620
inst 2147 8 2621
inst 2148 8 2622
inst 2149 8 2623
inst 2150 8 2624
inst 2151 8 2697
inst 2152 8 2725
inst 2153 8 2712
inst 2154 8 2713
inst 2155 8 2743
inst 2156 8 2744
inst 2157 8 2745
inst 2158 8 2696
inst 2159 8 2711
inst 2160 8 2714
inst 2161 8 2730
inst 2162 8 2736
inst 2163 8 2737
inst 2164 8 2735
inst 2165 8 2715
inst 2166 8 2734
inst 2167 8 2716
inst 2168 8 2733
inst 2169 8 2731
inst 2170 8 2732
inst 2171 8 2738
inst 2172 8 2740
inst 2173 8 2741
inst 2174 8 2728
inst 2175 8 2729
inst 2176 8 2739
inst 2177 8 2572
inst 2178 8 2573
inst 2179 8 2857
inst 2180 8 2858
inst 2181 8 2860
inst 2182 8 2861
inst 2183 8 2900
inst 2184 8 2570
inst 2185 8 2874
inst 2186 8 2862
inst 2187 8 2871
inst 2188 8 2872
inst 2189 8 2873
inst 2190 8 2853
inst 2191 8 2856
inst 2192 8 2859
inst 2193 8 2559
inst 2194 8 2560
inst 2195 8 2561
inst 2196 8 2562
inst 2197 8 2616
inst 2198 8 2566
inst 2199 8 2619
inst 2200 8 2636
inst 2201 8 2762
inst 2202 8 2571
inst 2203 8 2550
inst 2204 8 2557
inst 2205 8 2558
inst 2206 8 2568
inst 2207 8 2569
inst 2208 8 2709
inst 2209 8 2582
inst 2210 8 2632
inst 2211 8 2633
inst 2212 8 2634
inst 2213 8 2635
inst 2214 8 2706
inst 2215 8 2707
inst 2216 8 2612
inst 2217 8 2598
inst 2218 8 2629
inst 2219 8 2689
inst 2220 8 2581
inst 2221 8 2583
inst 2222 8 2626
inst 2223 8 2631
inst 2224 8 2701
inst 2225 8 2563
inst 2226 8 2564
inst 2227 8 2584
inst 2228 8 2585
inst 2229 8 2613
inst 2230 8 2614
inst 2231 8 2565
inst 2232 8 2615
inst 2233 8 2552
inst 2234 8 2553
inst 2235 8 2554
inst 2236 8 2551
inst 2237 8 2555
inst 2238 8 2556
inst 2239 8 2567
inst 2240 8 2617
inst 2241 8 2747
inst 2242 8 2748
inst 2243 8 2749
inst 2244 8 2750
inst 2245 8 2760
inst 2246 8 2761
inst 2247 8 2746
inst 2248 8 2752
inst 2249 8 2769
inst 2250 8 2763
inst 2251 8 2764
inst 2252 8 2765
inst 2253 8 2766
inst 2254 8 2767
inst 2255 8 2768
inst 2256 8 2742
inst 2257 8 3025
inst 2258 8 3151
inst 2259 8 3152
inst 2260 8 3153
inst 2261 8 3154
inst 2262 8 3158
inst 2263 8 2758
inst 2264 8 2759
inst 2265 8 3157
inst 2266 8 3168
inst 2267 8 3169
inst 2268 8 3170
inst 2269 8 3171
inst 2270 8 3155
inst 2271 8 3156
inst 2272 8 2751
inst 2273 8 3167
inst 2274 8 3185
inst 2275 8 3186
inst 2276 8 3187
inst 2277 8 3188
inst 2278 8 3189
inst 2279 8 3190
inst 2280 8 3191
inst 2281 8 3160
inst 2282 8 3159
inst 2283 8 3161
inst 2284 8 3162
inst 2285 8 3163
inst 2286 8 3164
inst 2287 8 3165
inst 2288 8 3166
inst 2289 8 3178
inst 2290 8 3179
inst 2291 8 3181
inst 2292 8 3182
inst 2293 8 3183
inst 2294 8 3192
inst 2295 8 3193
inst 2296 8 3194
inst 2297 8 3172
inst 2298 8 3184
inst 2299 8 3180
inst 2300 8 3173
inst 2301 8 3174
inst 2302 8 3175
inst 2303 8 3176
inst 2304 8 3177
inst 2305 8 2603
inst 2306 8 2609
inst 2307 8 2703
inst 2308 8 2699
inst 2309 8 2704
inst 2310 8 2705
inst 2311 8 2755
inst 2312 8 2753
inst 2313 8 2627
inst 2314 8 2628
inst 2315 8 2630
inst 2316 8 2597
inst 2317 8 2607
inst 2318 8 2608
inst 2319 8 2625
inst 2320 8 2700
inst 2321 8 2586
inst 2322 8 2680
inst 2323 8 2592
inst 2324 8 2594
inst 2325 8 2611
inst 2326 8 2589
inst 2327 8 2590
inst 2328 8 2591
inst 2329 8 2683
inst 2330 8 2587
inst 2331 8 2681
inst 2332 8 2682
inst 2333 8 2684
inst 2334 8 2685
inst 2335 8 2588
inst 2336 8 2593
inst 2337 8 2599
inst 2338 8 2600
inst 2339 8 2601
inst 2340 8 2602
inst 2341 8 2606
inst 2342 8 2610
inst 2343 8 2702
inst 2344 8 2754
inst 2345 8 2650
inst 2346 8 2651
inst 2347 8 2652
inst 2348 8 2653
inst 2349 8 2604
inst 2350 8 2605
inst 2351 8 2757
inst 2352 8 2756
inst 2353 8 2686
inst 2354 8 2687
inst 2355 8 2688
inst 2356 8 2596
inst 2357 8 2647
inst 2358 8 2648
inst 2359 8 2649
inst 2360 8 2595
inst 2361 8 2659
inst 2362 8 2672
inst 2363 8 2674
inst 2364 8 2675
inst 2365 8 2691
inst 2366 8 2692
inst 2367 8 2657
inst 2368 8 2658
inst 2369 8 2654
inst 2370 8 2660
inst 2371 8 2661
inst 2372 8 2665
inst 2373 8 2677
inst 2374 8 2678
inst 2375 8 2679
inst 2376 8 2690
inst 2377 8 2668
inst 2378 8 2669
inst 2379 8 2670
inst 2380 8 2671
inst 2381 8 2673
inst 2382 8 2666
inst 2383 8 2667
inst 2384 8 2676
inst 2385 8 2663
inst 2386 8 3023
inst 2387 8 3024
inst 2388 8 3026
inst 2389 8 2655
inst 2390 8 2656
inst 2391 8 2662
inst 2392 8 2664
inst 2393 8 3010
inst 2394 8 3011
inst 2395 8 3012
inst 2396 8 3013
inst 2397 8 3018
inst 2398 8 3019
inst 2399 8 3020
inst 2400 8 3021
inst 2401 8 2997
inst 2402 8 2998
inst 2403 8 2999
inst 2404 8 3014
inst 2405 8 3015
inst 2406 8 3016
inst 2407 8 3017
inst 2408 8 3022
inst 2409 8 2977
inst 2410 8 2978
inst 2411 8 2979
inst 2412 8 2993
inst 2413 8 2995
inst 2414 8 2996
inst 2415 8 3000
inst 2416 8 3001
inst 2417 8 3006
inst 2418 8 3007
inst 2419 8 3008
inst 2420 8 3009
inst 2421 8 3002
inst 2422 8 3003
inst 2423 8 3004
inst 2424 8 3005
inst 2425 8 2983
inst 2426 8 2985
inst 2427 8 2986
inst 2428 8 2988
inst 2429 8 2989
inst 2430 8 2991
inst 2431 8 2987
inst 2432 8 2992
inst 2433 8 2910
inst 2434 8 2911
inst 2435 8 2919
inst 2436 8 2920
inst 2437 8 2922
inst 2438 8 2923
inst 2439 8 2924
inst 2440 8 2927
inst 2441 8 2933
inst 2442 8 2913
inst 2443 8 2914
inst 2444 8 2915
inst 2445 8 2916
inst 2446 8 2917
inst 2447 8 2925
inst 2448 8 2926
inst 2449 8 2939
inst 2450 8 2941
inst 2451 8 2942
inst 2452 8 2943
inst 2453 8 2944
inst 2454 8 2945
inst 2455 8 2947
inst 2456 8 2958
inst 2457 8 2936
inst 2458 8 2966
inst 2459 8 2967
inst 2460 8 2973
inst 2461 8 2934
inst 2462 8 2935
inst 2463 8 2957
inst 2464 8 2959
inst 2465 8 2960
inst 2466 8 2961
inst 2467 8 2974
inst 2468 8 2975
inst 2469 8 2976
inst 2470 8 2954
inst 2471 8 2955
inst 2472 8 2956
inst 2473 8 2940
inst 2474 8 2948
inst 2475 8 2949
inst 2476 8 2952
inst 2477 8 2953
inst 2478 8 2946
inst 2479 8 2950
inst 2480 8 2951
inst 2481 8 2980
inst 2482 8 2981
inst 2483 8 2982
inst 2484 8 2994
inst 2485 8 2965
inst 2486 8 2963
inst 2487 8 2964
inst 2488 8 2962
inst 2489 8 2990
inst 2490 8 426
inst 2491 8 2984
inst 2492 8 2968
inst 2493 8 2969
inst 2494 8 2970
inst 2495 8 2971
inst 2496 8 2972
inst 2497 8 3073
inst 2498 8 3075
inst 2499 8 3096
inst 2500 8 3097
inst 2501 8 3098
inst 2502 8 3099
inst 2503 8 3108
inst 2504 8 3109
inst 2505 8 3077
inst 2506 8 3074
inst 2507 8 3076
inst 2508 8 3091
inst 2509 8 3110
inst 2510 8 3111
inst 2511 8 3112
inst 2512 8 3195
inst 2513 8 3095
inst 2514 8 3136
inst 2515 8 3093
inst 2516 8 3094
inst 2517 8 3100
inst 2518 8 3101
inst 2519 8 3105
inst 2520 8 3106
inst 2521 8 3104
inst 2522 8 3138
inst 2523 8 3139
inst 2524 8 3140
inst 2525 8 3102
inst 2526 8 3103
inst 2527 8 3135
inst 2528 8 3137
inst 2529 8 3027
inst 2530 8 3028
inst 2531 8 3029
inst 2532 8 3030
inst 2533 8 3034
inst 2534 8 3035
inst 2535 8 3036
inst 2536 8 3041
inst 2537 8 3043
inst 2538 8 3055
inst 2539 8 3056
inst 2540 8 3058
inst 2541 8 3037
inst 2542 8 3038
inst 2543 8 3039
inst 2544 8 3040
inst 2545 8 3067
inst 2546 8 3068
inst 2547 8 3069
inst 2548 8 3070
inst 2549 8 3071
inst 2550 8 3072
inst 2551 8 3107
inst 2552 8 3042
inst 2553 8 3229
inst 2554 8 3230
inst 2555 8 3231
inst 2556 8 3233
inst 2557 8 3031
inst 2558 8 3232
inst 2559 8 3032
inst 2560 8 3033
inst 2561 8 3066
inst 2562 8 3079
inst 2563 8 3081
inst 2564 8 3082
inst 2565 8 3083
inst 2566 8 3084
inst 2567 8 3078
inst 2568 8 3090
inst 2569 8 3050
inst 2570 8 3054
inst 2571 8 3059
inst 2572 8 3060
inst 2573 8 3062
inst 2574 8 3063
inst 2575 8 3064
inst 2576 8 3065
inst 2577 8 3045
inst 2578 8 3047
inst 2579 8 3044
inst 2580 8 3048
inst 2581 8 3061
inst 2582 8 3052
inst 2583 8 3053
inst 2584 8 3057
inst 2585 8 427
inst 2586 8 514
inst 2587 8 428
inst 2588 8 2158
inst 2589 8 2159
inst 2590 8 3046
inst 2591 8 3049
inst 2592 8 3051
inst 2593 8 3089
inst 2594 8 3114
inst 2595 8 3115
inst 2596 8 3126
inst 2597 8 3127
inst 2598 8 3128
inst 2599 8 3129
inst 2600 8 3113
inst 2601 8 3123
inst 2602 8 3130
inst 2603 8 3121
inst 2604 8 3122
inst 2605 8 3125
inst 2606 8 3118
inst 2607 8 3119
inst 2608 8 3124
inst 2609 8 3085
inst 2610 8 3087
inst 2611 8 3116
inst 2612 8 3117
inst 2613 8 3120
inst 2614 8 3086
inst 2615 8 3088
inst 2616 8 3092
inst 2617 8 421
inst 2618 8 422
inst 2619 8 423
inst 2620 8 424
inst 2621 8 425
inst 2622 8 506
inst 2623 8 507
inst 2624 8 3080
inst 2625 8 3221
inst 2626 8 3222
inst 2627 8 3223
inst 2628 8 3224
inst 2629 8 3225
inst 2630 8 2908
inst 2631 8 2909
inst 2632 8 2918
inst 2633 8 3205
inst 2634 8 3207
inst 2635 8 3208
inst 2636 8 3218
inst 2637 8 3219
inst 2638 8 3220
inst 2639 8 3211
inst 2640 8 3213
inst 2641 8 3212
inst 2642 8 3214
inst 2643 8 3215
inst 2644 8 3216
inst 2645 8 3217
inst 2646 8 2906
inst 2647 8 2907
inst 2648 8 2912
inst 2649 8 2929
inst 2650 8 2930
inst 2651 8 2931
inst 2652 8 2932
inst 2653 8 2937
inst 2654 8 2938
inst 2655 8 2921
inst 2656 8 2928
inst 2657 8 3134
inst 2658 8 3143
inst 2659 8 3144
inst 2660 8 3145
inst 2661 8 3132
inst 2662 8 3133
inst 2663 8 3131
inst 2664 8 3141
inst 2665 8 3150
inst 2666 8 3197
inst 2667 8 3210
inst 2668 8 3149
inst 2669 8 3206
inst 2670 8 3209
inst 2671 8 3146
inst 2672 8 3142
inst 2673 8 3199
inst 2674 8 3200
inst 2675 8 3201
inst 2676 8 3202
inst 2677 8 3147
inst 2678 8 3148
inst 2679 8 3196
inst 2680 8 3198
inst 2681 8 3226
inst 2682 8 3227
inst 2683 8 3234
inst 2684 8 3241
inst 2685 8 3242
inst 2686 8 3228
inst 2687 8 3203
inst 2688 8 3204
inst 2689 8 3238
inst 2690 8 3239
inst 2691 8 3243
inst 2692 8 3235
inst 2693 8 3236
inst 2694 8 3237
inst 2695 8 3240
inst 2696 8 3244
inst 2697 8 3245
inst 2698 8 3249
inst 2699 8 3252
inst 2700 8 3253
inst 2701 8 3246
inst 2702 8 3248
inst 2703 8 3250
inst 2704 8 3251
inst 2705 8 3247
inst 2706 9 2128
inst 2707 9 2130
inst 2708 9 2485
inst 2709 9 2486
inst 2710 9 2492
inst 2711 9 2493
inst 2712 9 2497
inst 2713 9 2498
inst 2714 9 1961
inst 2715 9 1962
inst 2716 9 1963
inst 2717 9 2081
inst 2718 9 2082
inst 2719 9 2085
inst 2720 9 2086
inst 2721 9 2129
inst 2722 9 1143
inst 2723 9 1150
inst 2724 9 2235
inst 2725 9 2236
inst 2726 9 2237
inst 2727 9 2238
inst 2728 9 2239
inst 2729 9 491
inst 2730 9 498
inst 2731 9 1798
inst 2732 9 1810
inst 2733 9 2162
inst 2734 9 1960
inst 2735 9 1964
inst 2736 9 516
inst 2737 9 517
inst 2738 9 1648
inst 2739 9 1649
inst 2740 9 1651
inst 2741 9 1653
inst 2742 9 1654
inst 2743 9 1655
inst 2744 9 1656
inst 2745 9 1667
inst 2746 9 1257
inst 2747 9 1258
inst 2748 9 1259
inst 2749 9 1293
inst 2750 9 1371
inst 2751 9 1647
inst 2752 9 1650
inst 2753 9 1652
inst 2754 9 1461
inst 2755 9 1462
inst 2756 9 1463
inst 2757 9 1464
inst 2758 9 1496
inst 2759 9 1866
inst 2760 9 1246
inst 2761 9 1292
inst 2762 9 501
inst 2763 9 1803
inst 2764 9 1809
inst 2765 9 1811
inst 2766 9 502
inst 2767 9 1091
inst 2768 9 1867
inst 2769 10 879
inst 2770 10 880
inst 2771 10 881
inst 2772 10 882
inst 2773 10 885
inst 2774 10 906
inst 2775 10 907
inst 2776 10 908
inst 2777 10 892
inst 2778 10 896
inst 2779 10 919
inst 2780 10 941
inst 2781 10 942
inst 2782 10 943
inst 2783 10 878
inst 2784 10 884
inst 2785 10 875
inst 2786 10 876
inst 2787 10 877
inst 2788 10 897
inst 2789 10 898
inst 2790 10 936
inst 2791 10 939
inst 2792 10 940
inst 2793 10 901
inst 2794 10 902
inst 2795 10 938
inst 2796 10 883
inst 2797 10 903
inst 2798 10 899
inst 2799 10 900
inst 2800 10 937
inst 2801 10 887
inst 2802 10 889
inst 2803 10 890
inst 2804 10 912
inst 2805 10 913
inst 2806 10 914
inst 2807 10 921
inst 2808 10 922
inst 2809 10 893
inst 2810 10 895
inst 2811 10 925
inst 2812 10 931
inst 2813 10 934
inst 2814 10 1064
inst 2815 10 920
inst 2816 10 927
inst 2817 10 909
inst 2818 10 911
inst 2819 10 904
inst 2820 10 905
inst 2821 10 910
inst 2822 10 918
inst 2823 10 923
inst 2824 10 924
inst 2825 10 894
inst 2826 10 926
inst 2827 10 928
inst 2828 10 929
inst 2829 10 930
inst 2830 10 932
inst 2831 10 933
inst 2832 10 891
inst 2833 10 888
inst 2834 10 915
inst 2835 10 935
inst 2836 10 945
inst 2837 10 971
inst 2838 10 977
inst 2839 10 979
inst 2840 10 886
inst 2841 10 975
inst 2842 10 976
inst 2843 10 981
inst 2844 10 982
inst 2845 10 916
inst 2846 10 917
inst 2847 10 978
inst 2848 10 980
inst 2849 10 947
inst 2850 10 989
inst 2851 10 995
inst 2852 10 997
inst 2853 10 1000
inst 2854 10 1001
inst 2855 10 1005
inst 2856 10 1006
inst 2857 10 972
inst 2858 10 1002
inst 2859 10 1003
inst 2860 10 1004
inst 2861 10 973
inst 2862 10 974
inst 2863 10 944
inst 2864 10 950
inst 2865 10 863
inst 2866 10 968
inst 2867 10 970
inst 2868 10 983
inst 2869 10 984
inst 2870 10 985
inst 2871 10 986
inst 2872 10 1057
inst 2873 10 603
inst 2874 10 765
inst 2875 10 766
inst 2876 10 988
inst 2877 10 994
inst 2878 10 1007
inst 2879 10 990
inst 2880 10 987
inst 2881 10 770
inst 2882 10 781
inst 2883 10 948
inst 2884 10 949
inst 2885 10 996
inst 2886 10 998
inst 2887 10 999
inst 2888 10 604
inst 2889 10 600
inst 2890 10 777
inst 2891 10 784
inst 2892 10 991
inst 2893 10 992
inst 2894 10 993
inst 2895 10 596
inst 2896 10 946
inst 2897 10 839
inst 2898 10 858
inst 2899 10 859
inst 2900 10 860
inst 2901 10 861
inst 2902 10 864
inst 2903 10 868
inst 2904 10 869
inst 2905 10 549
inst 2906 10 621
inst 2907 10 827
inst 2908 10 829
inst 2909 10 834
inst 2910 10 840
inst 2911 10 866
inst 2912 10 865
inst 2913 10 620
inst 2914 10 820
inst 2915 10 821
inst 2916 10 862
inst 2917 10 867
inst 2918 10 870
inst 2919 10 828
inst 2920 10 1061
inst 2921 10 560
inst 2922 10 824
inst 2923 10 825
inst 2924 10 826
inst 2925 10 619
inst 2926 10 818
inst 2927 10 652
inst 2928 10 653
inst 2929 10 571
inst 2930 10 672
inst 2931 10 673
inst 2932 10 684
inst 2933 10 822
inst 2934 10 823
inst 2935 10 1062
inst 2936 10 969
inst 2937 10 584
inst 2938 10 701
inst 2939 10 719
inst 2940 10 720
inst 2941 10 736
inst 2942 10 750
inst 2943 10 594
inst 2944 10 685
inst 2945 10 566
inst 2946 10 570
inst 2947 10 667
inst 2948 10 668
inst 2949 10 670
inst 2950 10 671
inst 2951 10 654
inst 2952 10 819
inst 2953 10 683
inst 2954 10 733
inst 2955 10 583
inst 2956 10 588
inst 2957 10 702
inst 2958 10 812
inst 2959 10 618
inst 2960 10 813
inst 2961 10 593
inst 2962 10 602
inst 2963 10 762
inst 2964 10 763
inst 2965 10 767
inst 2966 10 769
inst 2967 10 764
inst 2968 10 737
inst 2969 10 606
inst 2970 10 608
inst 2971 10 774
inst 2972 10 775
inst 2973 10 776
inst 2974 10 779
inst 2975 10 607
inst 2976 10 768
inst 2977 10 613
inst 2978 10 729
inst 2979 10 749
inst 2980 10 791
inst 2981 10 793
inst 2982 10 734
inst 2983 10 735
inst 2984 10 761
inst 2985 10 605
inst 2986 10 792
inst 2987 10 795
inst 2988 10 796
inst 2989 10 799
inst 2990 10 771
inst 2991 10 794
inst 2992 10 601
inst 2993 10 599
inst 2994 10 609
inst 2995 10 756
inst 2996 10 758
inst 2997 10 785
inst 2998 10 760
inst 2999 10 783
inst 3000 10 780
inst 3001 10 595
inst 3002 10 597
inst 3003 10 598
inst 3004 10 753
inst 3005 10 757
inst 3006 10 778
inst 3007 10 755
inst 3008 10 759
inst 3009 10 782
inst 3010 10 805
inst 3011 10 1202
inst 3012 10 1203
inst 3013 10 1204
inst 3014 10 772
inst 3015 10 773
inst 3016 10 754
inst 3017 10 802
inst 3018 10 803
inst 3019 10 807
inst 3020 10 797
inst 3021 10 617
inst 3022 10 806
inst 3023 10 809
inst 3024 10 1205
inst 3025 10 844
inst 3026 10 952
inst 3027 10 1011
inst 3028 10 1012
inst 3029 10 1013
inst 3030 10 1018
inst 3031 10 1019
inst 3032 10 1020
inst 3033 10 957
inst 3034 10 1032
inst 3035 10 1034
inst 3036 10 1035
inst 3037 10 1036
inst 3038 10 1037
inst 3039 10 1038
inst 3040 10 1022
inst 3041 10 951
inst 3042 10 1008
inst 3043 10 1009
inst 3044 10 1010
inst 3045 10 1016
inst 3046 10 1017
inst 3047 10 1058
inst 3048 10 1021
inst 3049 10 956
inst 3050 10 1015
inst 3051 10 1029
inst 3052 10 1030
inst 3053 10 1060
inst 3054 10 1031
inst 3055 10 1059
inst 3056 10 1014
inst 3057 10 837
inst 3058 10 847
inst 3059 10 848
inst 3060 10 849
inst 3061 10 850
inst 3062 10 851
inst 3063 10 852
inst 3064 10 853
inst 3065 10 838
inst 3066 10 842
inst 3067 10 856
inst 3068 10 871
inst 3069 10 964
inst 3070 10 1042
inst 3071 10 841
inst 3072 10 854
inst 3073 10 836
inst 3074 10 846
inst 3075 10 855
inst 3076 10 1040
inst 3077 10 1043
inst 3078 10 845
inst 3079 10 857
inst 3080 10 1052
inst 3081 10 958
inst 3082 10 961
inst 3083 10 1041
inst 3084 10 1048
inst 3085 10 1033
inst 3086 10 1039
inst 3087 10 963
inst 3088 10 1050
inst 3089 10 637
inst 3090 10 817
inst 3091 10 830
inst 3092 10 831
inst 3093 10 832
inst 3094 10 833
inst 3095 10 835
inst 3096 10 816
inst 3097 10 559
inst 3098 10 564
inst 3099 10 565
inst 3100 10 639
inst 3101 10 650
inst 3102 10 651
inst 3103 10 555
inst 3104 10 638
inst 3105 10 553
inst 3106 10 631
inst 3107 10 632
inst 3108 10 633
inst 3109 10 636
inst 3110 10 554
inst 3111 10 625
inst 3112 10 634
inst 3113 10 558
inst 3114 10 563
inst 3115 10 646
inst 3116 10 647
inst 3117 10 648
inst 3118 10 649
inst 3119 10 663
inst 3120 10 635
inst 3121 10 551
inst 3122 10 622
inst 3123 10 624
inst 3124 10 628
inst 3125 10 629
inst 3126 10 630
inst 3127 10 642
inst 3128 10 552
inst 3129 10 562
inst 3130 10 643
inst 3131 10 644
inst 3132 10 645
inst 3133 10 658
inst 3134 10 661
inst 3135 10 556
inst 3136 10 557
inst 3137 10 550
inst 3138 10 623
inst 3139 10 627
inst 3140 10 1053
inst 3141 10 626
inst 3142 10 640
inst 3143 10 641
inst 3144 10 751
inst 3145 10 966
inst 3146 10 967
inst 3147 10 1049
inst 3148 10 1051
inst 3149 10 962
inst 3150 10 1056
inst 3151 10 752
inst 3152 10 1054
inst 3153 10 569
inst 3154 10 665
inst 3155 10 666
inst 3156 10 669
inst 3157 10 681
inst 3158 10 682
inst 3159 10 815
inst 3160 10 664
inst 3161 10 576
inst 3162 10 696
inst 3163 10 697
inst 3164 10 700
inst 3165 10 575
inst 3166 10 695
inst 3167 10 698
inst 3168 10 814
inst 3169 10 582
inst 3170 10 714
inst 3171 10 717
inst 3172 10 718
inst 3173 10 728
inst 3174 10 587
inst 3175 10 699
inst 3176 10 716
inst 3177 10 580
inst 3178 10 581
inst 3179 10 710
inst 3180 10 711
inst 3181 10 712
inst 3182 10 715
inst 3183 10 725
inst 3184 10 713
inst 3185 10 592
inst 3186 10 730
inst 3187 10 731
inst 3188 10 732
inst 3189 10 744
inst 3190 10 745
inst 3191 10 747
inst 3192 10 586
inst 3193 10 590
inst 3194 10 726
inst 3195 10 727
inst 3196 10 741
inst 3197 10 742
inst 3198 10 585
inst 3199 10 591
inst 3200 10 746
inst 3201 10 612
inst 3202 10 614
inst 3203 10 786
inst 3204 10 787
inst 3205 10 788
inst 3206 10 789
inst 3207 10 790
inst 3208 10 748
inst 3209 10 615
inst 3210 10 800
inst 3211 10 801
inst 3212 10 804
inst 3213 10 810
inst 3214 10 616
inst 3215 10 808
inst 3216 10 798
inst 3217 10 574
inst 3218 10 677
inst 3219 10 678
inst 3220 10 679
inst 3221 10 689
inst 3222 10 568
inst 3223 10 662
inst 3224 10 680
inst 3225 10 579
inst 3226 10 693
inst 3227 10 704
inst 3228 10 707
inst 3229 10 690
inst 3230 10 691
inst 3231 10 692
inst 3232 10 694
inst 3233 10 721
inst 3234 10 722
inst 3235 10 724
inst 3236 10 723
inst 3237 10 705
inst 3238 10 706
inst 3239 10 708
inst 3240 10 709
inst 3241 10 739
inst 3242 10 740
inst 3243 10 811
inst 3244 10 610
inst 3245 10 743
inst 3246 10 589
inst 3247 10 611
inst 3248 10 738
inst 3249 10 567
inst 3250 10 656
inst 3251 10 660
inst 3252 10 675
inst 3253 10 676
inst 3254 10 655
inst 3255 10 659
inst 3256 10 674
inst 3257 10 572
inst 3258 10 577
inst 3259 10 688
inst 3260 10 573
inst 3261 10 578
inst 3262 10 687
inst 3263 10 703
inst 3264 10 686
inst 3265 10 2298
inst 3266 10 2300
inst 3267 10 2302
inst 3268 10 2303
inst 3269 10 2304
inst 3270 10 2301
inst 3271 10 657
inst 3272 10 561
inst 3273 10 2293
inst 3274 10 2296
inst 3275 10 2307
inst 3276 10 2294
inst 3277 10 2297
inst 3278 10 2299
inst 3279 10 2305
inst 3280 10 2306
inst 3281 10 843
inst 3282 10 872
inst 3283 10 873
inst 3284 10 874
inst 3285 10 953
inst 3286 10 954
inst 3287 10 1023
inst 3288 10 1024
inst 3289 10 959
inst 3290 10 965
inst 3291 10 1026
inst 3292 10 1027
inst 3293 10 955
inst 3294 10 960
inst 3295 10 1028
inst 3296 10 1025
inst 3297 10 1045
inst 3298 10 1046
inst 3299 10 1047
inst 3300 10 1055
inst 3301 10 1063
inst 3302 10 2328
inst 3303 10 2295
inst 3304 10 1044
inst 3305 10 2292
inst 3306 10 2316
inst 3307 10 2317
inst 3308 10 2327
inst 3309 10 2329
inst 3310 10 2331
inst 3311 10 2332
inst 3312 10 2318
inst 3313 10 2309
inst 3314 10 2310
inst 3315 10 2311
inst 3316 10 2312
inst 3317 10 2313
inst 3318 10 2314
inst 3319 10 2308
inst 3320 10 2330
inst 3321 10 2319
inst 3322 10 2321
inst 3323 10 2322
inst 3324 10 2323
inst 3325 10 2324
inst 3326 10 2326
inst 3327 10 2315
inst 3328 10 2325
inst 3329 10 2320
inst 3330 11 2539
inst 3331 11 2540
inst 3332 11 2544
inst 3333 11 2547
inst 3334 11 2548
inst 3335 11 3368
inst 3336 11 3369
inst 3337 11 3370
inst 3338 11 2509
inst 3339 11 2510
inst 3340 11 2511
inst 3341 11 2512
inst 3342 11 2513
inst 3343 11 2514
inst 3344 11 2537
inst 3345 11 2538
inst 3346 11 2541
inst 3347 11 2542
inst 3348 11 2543
inst 3349 11 2545
inst 3350 11 2546
inst 3351 11 2533
inst 3352 11 2534
inst 3353 11 2549
inst 3354 11 2535
inst 3355 11 2536
inst 3356 12 3289
inst 3357 12 3290
inst 3358 12 3291
inst 3359 12 3334
inst 3360 12 3335
inst 3361 12 3336
inst 3362 12 3337
inst 3363 12 3338
inst 3364 12 3285
inst 3365 12 3286
inst 3366 12 3292
inst 3367 12 3293
inst 3368 12 3300
inst 3369 12 3287
inst 3370 12 3288
inst 3371 12 3299
inst 3372 12 3305
inst 3373 12 3306
inst 3374 12 3307
inst 3375 12 3350
inst 3376 12 3352
inst 3377 12 3353
inst 3378 12 3354
inst 3379 12 3284
inst 3380 12 3294
inst 3381 12 3295
inst 3382 12 3297
inst 3383 12 3298
inst 3384 12 3301
inst 3385 12 3302
inst 3386 12 3296
inst 3387 12 3303
inst 3388 12 3312
inst 3389 12 3313
inst 3390 12 3315
inst 3391 12 3329
inst 3392 12 3330
inst 3393 12 3331
inst 3394 12 3304
inst 3395 12 3351
inst 3396 12 3320
inst 3397 12 3321
inst 3398 12 3324
inst 3399 12 3327
inst 3400 12 3328
inst 3401 12 3333
inst 3402 12 3314
inst 3403 12 3332
inst 3404 12 3308
inst 3405 12 3309
inst 3406 12 3317
inst 3407 12 3326
inst 3408 12 3311
inst 3409 12 3316
inst 3410 12 3318
inst 3411 12 3325
inst 3412 12 3254
inst 3413 12 3257
inst 3414 12 3258
inst 3415 12 3263
inst 3416 12 3275
inst 3417 12 3276
inst 3418 12 3283
inst 3419 12 3310
inst 3420 12 3264
inst 3421 12 3267
inst 3422 12 3268
inst 3423 12 3269
inst 3424 12 3273
inst 3425 12 3323
inst 3426 12 3319
inst 3427 12 3322
inst 3428 12 3260
inst 3429 12 3261
inst 3430 12 3262
inst 3431 12 3266
inst 3432 12 3270
inst 3433 12 3271
inst 3434 12 3272
inst 3435 12 3265
inst 3436 12 3259
inst 3437 12 3277
inst 3438 12 3278
inst 3439 12 3279
inst 3440 12 3282
inst 3441 12 3255
inst 3442 12 3256
inst 3443 12 3274
inst 3444 12 3280
inst 3445 12 3281
inst 3446 13 3348
inst 3447 13 3349
inst 3448 14 3439
inst 3449 15 3440
inst 3450 16 3441
inst 3451 17 3442
inst 3452 18 3538
inst 3453 18 3539
inst 3454 18 3540
inst 3455 18 3541
inst 3456 18 3542
inst 3457 18 3550
inst 3458 18 3551
inst 3459 18 3553
inst 3460 18 3531
inst 3461 18 3535
inst 3462 18 3537
inst 3463 18 3544
inst 3464 18 3549
inst 3465 18 3552
inst 3466 18 3534
inst 3467 18 3536
inst 3468 18 3556
inst 3469 18 3560
inst 3470 18 3561
inst 3471 18 3562
inst 3472 18 3563
inst 3473 18 3564
inst 3474 18 3565
inst 3475 18 3566
inst 3476 18 3532
inst 3477 18 3533
inst 3478 18 3543
inst 3479 18 3548
inst 3480 18 3554
inst 3481 18 3555
inst 3482 18 3545
inst 3483 18 3546
inst 3484 18 3557
inst 3485 18 3558
inst 3486 18 3559
inst 3487 18 3567
inst 3488 18 3547
level ogre tree 0 protos 18 instances 2682
proto 0 ogr-scrub.mb stiffness 0.000000 dists 245760.0000 122880.0000 0.0000 368640.0000 rdists 0.00000814 0.00000814 0.00001163 0.00000000
proto 1 ogr-cave-mush-01-geo.mb stiffness 0.000000 dists 368640.0000 184320.0000 0.0000 491520.0000 rdists 0.00000814 0.00000543 0.00001163 0.00000000
proto 2 ogr-cave-mush-01grp-geo.mb stiffness 0.000000 dists 368640.0000 184320.0000 0.0000 491520.0000 rdists 0.00000814 0.00000543 0.00001163 0.00000000
proto 3 ogr-metal-braces.mb stiffness 0.000000 dists 245760.0000 122880.0000 0.0000 368640.0000 rdists 0.00000814 0.00000814 0.00001163 0.00000000
proto 4 ogr-metal-pins.mb stiffness 0.000000 dists 245760.0000 122880.0000 0.0000 368640.0000 rdists 0.00000814 0.00000814 0.00001163 0.00000000
proto 5 ogr-metal-bolts.mb stiffness 0.000000 dists 245760.0000 122880.0000 0.0000 368640.0000 rdists 0.00000814 0.00000814 0.00001163 0.00000000
proto 6 ogr-pebbles-03.mb stiffness 0.000000 dists 245760.0000 122880.0000 0.0000 368640.0000 rdists 0.00000814 0.00000814 0.00001163 0.00000000
proto 7 ogr-grassstuff-01.mb stiffness 0.000000 dists 245760.0000 122880.0000 0.0000 368640.0000 rdists 0.00000814 0.00000814 0.00001163 0.00000000
proto 8 ogr-lavenders.mb stiffness 0.000000 dists 245760.0000 122880.0000 0.0000 368640.0000 rdists 0.00000814 0.00000814 0.00001163 0.00000000
proto 9 ogr-grassstuff-03.mb stiffness 0.000000 dists 245760.0000 122880.0000 0.0000 368640.0000 rdists 0.00000814 0.00000814 0.00001163 0.00000000
proto 10 ogr-mushrooms01.mb stiffness 0.000000 dists 245760.0000 122880.0000 0.0000 368640.0000 rdists 0.00000814 0.00000814 0.00001163 0.00000000
proto 11 ogr-grassstuff-02.mb stiffness 0.000000 dists 245760.0000 122880.0000 0.0000 368640.0000 rdists 0.00000814 0.00000814 0.00001163 0.00000000
proto 12 ogr-fuzzyplant.mb stiffness 0.000000 dists 245760.0000 122880.0000 0.0000 368640.0000 rdists 0.00000814 0.00000814 0.00001163 0.00000000
proto 13 pebblegroup.mb stiffness 0.000000 dists 245760.0000 122880.0000 0.0000 368640.0000 rdists 0.00000814 0.00000814 0.00001163 0.00000000
proto 14 pebblegroup-02.mb stiffness 0.000000 dists 245760.0000 122880.0000 0.0000 368640.0000 rdists 0.00000814 0.00000814 0.00001163 0.00000000
proto 15 pebblegroup-01.mb stiffness 0.000000 dists 245760.0000 122880.0000 0.0000 368640.0000 rdists 0.00000814 0.00000814 0.00001163 0.00000000
proto 16 lavarockshrub.mb stiffness 0.000000 dists 368640.0000 184320.0000 0.0000 491520.0000 rdists 0.00000814 0.00000543 0.00001163 0.00000000
proto 17 toprockshrub.mb stiffness 0.000000 dists 368640.0000 184320.0000 0.0000 491520.0000 rdists 0.00000814 0.00000543 0.00001163 0.00000000
inst 0 0 856
inst 1 0 857
inst 2 0 858
inst 3 0 859
inst 4 0 860
inst 5 0 2470
inst 6 0 2472
inst 7 0 2473
inst 8 0 863
inst 9 0 866
inst 10 0 867
inst 11 0 882
inst 12 0 883
inst 13 0 2471
inst 14 0 861
inst 15 0 862
inst 16 0 865
inst 17 0 868
inst 18 0 869
inst 19 0 870
inst 20 0 879
inst 21 0 880
inst 22 0 864
inst 23 0 881
inst 24 0 884
inst 25 0 885
inst 26 0 889
inst 27 0 890
inst 28 0 891
inst 29 0 892
inst 30 0 877
inst 31 0 878
inst 32 0 886
inst 33 0 887
inst 34 0 888
inst 35 0 897
inst 36 0 918
inst 37 0 919
inst 38 0 895
inst 39 0 896
inst 40 0 0
inst 41 0 1
inst 42 0 2
inst 43 0 4
inst 44 0 5
inst 45 0 6
inst 46 0 7
inst 47 0 3
inst 48 0 10
inst 49 0 32
inst 50 0 33
inst 51 0 34
inst 52 0 36
inst 53 0 37
inst 54 0 8
inst 55 0 9
inst 56 0 24
inst 57 0 25
inst 58 0 27
inst 59 0 29
inst 60 0 30
inst 61 0 31
inst 62 0 26
inst 63 0 35
inst 64 0 11
inst 65 0 12
inst 66 0 13
inst 67 0 14
inst 68 0 15
inst 69 0 16
inst 70 0 18
inst 71 0 28
inst 72 0 19
inst 73 0 20
inst 74 0 21
inst 75 0 22
inst 76 0 23
inst 77 0 2680
inst 78 0 2681
inst 79 0 17
inst 80 1 351
inst 81 1 352
inst 82 1 353
inst 83 1 354
inst 84 1 355
inst 85 1 356
inst 86 1 357
inst 87 1 358
inst 88 1 340
inst 89 1 341
inst 90 1 343
inst 91 1 344
inst 92 1 345
inst 93 1 346
inst 94 1 361
inst 95 1 350
inst 96 1 315
inst 97 1 320
inst 98 1 322
inst 99 1 323
inst 100 1 324
inst 101 1 325
inst 102 1 326
inst 103 1 327
inst 104 1 362
inst 105 1 363
inst 106 1 364
inst 107 1 331
inst 108 1 333
inst 109 1 334
inst 110 1 335
inst 111 1 332
inst 112 1 38
inst 113 1 154
inst 114 1 155
inst 115 1 162
inst 116 1 163
inst 117 1 164
inst 118 1 165
inst 119 1 166
inst 120 1 39
inst 121 1 158
inst 122 1 159
inst 123 1 160
inst 124 1 161
inst 125 1 226
inst 126 1 156
inst 127 1 157
inst 128 1 40
inst 129 1 94
inst 130 1 95
inst 131 1 96
inst 132 1 297
inst 133 1 310
inst 134 1 98
inst 135 1 99
inst 136 1 293
inst 137 1 294
inst 138 1 359
inst 139 1 360
inst 140 1 317
inst 141 1 365
inst 142 1 295
inst 143 1 296
inst 144 1 176
inst 145 1 177
inst 146 1 178
inst 147 1 179
inst 148 1 195
inst 149 1 197
inst 150 1 174
inst 151 1 175
inst 152 1 171
inst 153 1 181
inst 154 1 182
inst 155 1 183
inst 156 1 184
inst 157 1 185
inst 158 1 204
inst 159 1 196
inst 160 1 138
inst 161 1 139
inst 162 1 140
inst 163 1 141
inst 164 1 145
inst 165 1 146
inst 166 1 147
inst 167 1 172
inst 168 1 144
inst 169 1 150
inst 170 1 180
inst 171 1 264
inst 172 1 142
inst 173 1 143
inst 174 1 262
inst 175 1 263
inst 176 1 92
inst 177 1 224
inst 178 1 97
inst 179 1 225
inst 180 1 167
inst 181 1 168
inst 182 1 169
inst 183 1 170
inst 184 1 41
inst 185 1 43
inst 186 1 45
inst 187 1 85
inst 188 1 90
inst 189 1 91
inst 190 1 84
inst 191 1 93
inst 192 1 78
inst 193 1 79
inst 194 1 80
inst 195 1 246
inst 196 1 81
inst 197 1 82
inst 198 1 83
inst 199 1 89
inst 200 1 250
inst 201 1 275
inst 202 1 276
inst 203 1 277
inst 204 1 278
inst 205 1 285
inst 206 1 311
inst 207 1 279
inst 208 1 186
inst 209 1 191
inst 210 1 192
inst 211 1 193
inst 212 1 194
inst 213 1 206
inst 214 1 260
inst 215 1 261
inst 216 1 130
inst 217 1 131
inst 218 1 133
inst 219 1 134
inst 220 1 208
inst 221 1 210
inst 222 1 205
inst 223 1 207
inst 224 1 68
inst 225 1 69
inst 226 1 70
inst 227 1 71
inst 228 1 135
inst 229 1 136
inst 230 1 198
inst 231 1 137
inst 232 1 86
inst 233 1 87
inst 234 1 88
inst 235 1 190
inst 236 1 187
inst 237 1 188
inst 238 1 189
inst 239 1 67
inst 240 1 200
inst 241 1 211
inst 242 1 212
inst 243 1 213
inst 244 1 128
inst 245 1 132
inst 246 1 199
inst 247 1 209
inst 248 1 112
inst 249 1 121
inst 250 1 122
inst 251 1 123
inst 252 1 126
inst 253 1 111
inst 254 1 129
inst 255 1 127
inst 256 1 113
inst 257 1 114
inst 258 1 117
inst 259 1 201
inst 260 1 217
inst 261 1 110
inst 262 1 120
inst 263 1 125
inst 264 1 203
inst 265 1 116
inst 266 1 118
inst 267 1 119
inst 268 1 202
inst 269 1 218
inst 270 1 219
inst 271 1 124
inst 272 1 75
inst 273 1 77
inst 274 1 106
inst 275 1 152
inst 276 1 153
inst 277 1 148
inst 278 1 149
inst 279 1 151
inst 280 1 73
inst 281 1 223
inst 282 1 72
inst 283 1 220
inst 284 1 74
inst 285 1 76
inst 286 1 105
inst 287 1 107
inst 288 1 62
inst 289 1 63
inst 290 1 64
inst 291 1 65
inst 292 1 66
inst 293 1 103
inst 294 1 221
inst 295 1 222
inst 296 1 55
inst 297 1 59
inst 298 1 232
inst 299 1 109
inst 300 1 115
inst 301 1 56
inst 302 1 104
inst 303 1 108
inst 304 1 48
inst 305 1 49
inst 306 1 50
inst 307 1 51
inst 308 1 101
inst 309 1 102
inst 310 1 173
inst 311 1 44
inst 312 1 54
inst 313 1 57
inst 314 1 58
inst 315 1 60
inst 316 1 61
inst 317 1 52
inst 318 1 53
inst 319 1 100
inst 320 1 46
inst 321 1 244
inst 322 1 245
inst 323 1 255
inst 324 1 256
inst 325 1 257
inst 326 1 42
inst 327 1 47
inst 328 1 247
inst 329 1 248
inst 330 1 251
inst 331 1 309
inst 332 1 249
inst 333 1 252
inst 334 1 253
inst 335 1 254
inst 336 1 215
inst 337 1 228
inst 338 1 229
inst 339 1 230
inst 340 1 231
inst 341 1 259
inst 342 1 214
inst 343 1 216
inst 344 1 235
inst 345 1 236
inst 346 1 237
inst 347 1 240
inst 348 1 241
inst 349 1 242
inst 350 1 243
inst 351 1 227
inst 352 1 238
inst 353 1 239
inst 354 1 233
inst 355 1 234
inst 356 2 336
inst 357 2 337
inst 358 2 338
inst 359 2 339
inst 360 2 342
inst 361 2 347
inst 362 2 348
inst 363 2 349
inst 364 2 314
inst 365 2 316
inst 366 2 318
inst 367 2 319
inst 368 2 321
inst 369 2 328
inst 370 2 329
inst 371 2 330
inst 372 2 287
inst 373 2 289
inst 374 2 290
inst 375 2 298
inst 376 2 299
inst 377 2 300
inst 378 2 301
inst 379 2 302
inst 380 2 303
inst 381 2 304
inst 382 2 305
inst 383 2 307
inst 384 2 312
inst 385 2 308
inst 386 2 313
inst 387 2 306
inst 388 2 265
inst 389 2 266
inst 390 2 267
inst 391 2 268
inst 392 2 269
inst 393 2 270
inst 394 2 273
inst 395 2 274
inst 396 2 272
inst 397 2 283
inst 398 2 284
inst 399 2 286
inst 400 2 282
inst 401 2 258
inst 402 2 271
inst 403 2 281
inst 404 2 291
inst 405 2 292
inst 406 2 280
inst 407 2 288
inst 408 3 366
inst 409 3 367
inst 410 3 368
inst 411 3 369
inst 412 3 388
inst 413 3 389
inst 414 3 391
inst 415 3 454
inst 416 3 411
inst 417 3 412
inst 418 3 413
inst 419 3 494
inst 420 3 495
inst 421 3 552
inst 422 3 553
inst 423 3 455
inst 424 3 464
inst 425 3 465
inst 426 3 475
inst 427 3 484
inst 428 3 828
inst 429 3 829
inst 430 3 390
inst 431 3 410
inst 432 3 432
inst 433 3 433
inst 434 3 434
inst 435 3 435
inst 436 3 474
inst 437 3 485
inst 438 4 370
inst 439 4 373
inst 440 4 383
inst 441 4 384
inst 442 4 504
inst 443 4 509
inst 444 4 510
inst 445 4 515
inst 446 4 371
inst 447 4 372
inst 448 4 374
inst 449 4 375
inst 450 4 377
inst 451 4 378
inst 452 4 382
inst 453 4 385
inst 454 4 540
inst 455 4 541
inst 456 4 546
inst 457 4 547
inst 458 4 548
inst 459 4 549
inst 460 4 550
inst 461 4 551
inst 462 4 379
inst 463 4 380
inst 464 4 542
inst 465 4 543
inst 466 4 544
inst 467 4 381
inst 468 4 545
inst 469 4 376
inst 470 4 505
inst 471 4 506
inst 472 4 508
inst 473 4 511
inst 474 4 512
inst 475 4 514
inst 476 4 507
inst 477 4 513
inst 478 4 499
inst 479 4 500
inst 480 4 502
inst 481 4 503
inst 482 4 558
inst 483 4 561
inst 484 4 498
inst 485 4 501
inst 486 4 531
inst 487 4 533
inst 488 4 782
inst 489 4 783
inst 490 4 784
inst 491 4 529
inst 492 4 530
inst 493 4 532
inst 494 4 536
inst 495 4 556
inst 496 4 559
inst 497 4 560
inst 498 4 537
inst 499 4 539
inst 500 4 557
inst 501 4 534
inst 502 4 394
inst 503 4 396
inst 504 4 397
inst 505 4 398
inst 506 4 399
inst 507 4 792
inst 508 4 795
inst 509 4 797
inst 510 4 400
inst 511 4 401
inst 512 4 402
inst 513 4 403
inst 514 4 404
inst 515 4 473
inst 516 4 800
inst 517 4 393
inst 518 4 392
inst 519 4 395
inst 520 4 458
inst 521 4 460
inst 522 4 461
inst 523 4 407
inst 524 4 799
inst 525 4 802
inst 526 4 459
inst 527 4 462
inst 528 4 463
inst 529 4 528
inst 530 4 535
inst 531 4 538
inst 532 4 405
inst 533 4 406
inst 534 4 523
inst 535 4 524
inst 536 4 525
inst 537 4 526
inst 538 4 780
inst 539 4 785
inst 540 4 787
inst 541 4 781
inst 542 4 424
inst 543 4 425
inst 544 4 521
inst 545 4 788
inst 546 4 790
inst 547 4 791
inst 548 4 516
inst 549 4 786
inst 550 4 414
inst 551 4 416
inst 552 4 417
inst 553 4 420
inst 554 4 421
inst 555 4 789
inst 556 4 418
inst 557 4 419
inst 558 4 422
inst 559 4 426
inst 560 4 427
inst 561 4 428
inst 562 4 429
inst 563 4 519
inst 564 4 423
inst 565 4 415
inst 566 4 469
inst 567 4 470
inst 568 4 810
inst 569 4 811
inst 570 4 813
inst 571 4 815
inst 572 4 818
inst 573 4 819
inst 574 4 816
inst 575 4 817
inst 576 4 821
inst 577 4 839
inst 578 4 840
inst 579 4 841
inst 580 4 842
inst 581 4 820
inst 582 4 472
inst 583 4 793
inst 584 4 796
inst 585 4 798
inst 586 4 801
inst 587 4 803
inst 588 4 794
inst 589 4 471
inst 590 4 492
inst 591 4 804
inst 592 4 806
inst 593 4 807
inst 594 4 809
inst 595 4 814
inst 596 4 812
inst 597 4 468
inst 598 4 444
inst 599 4 445
inst 600 4 446
inst 601 4 517
inst 602 4 518
inst 603 4 520
inst 604 4 522
inst 605 4 527
inst 606 4 436
inst 607 4 437
inst 608 4 438
inst 609 4 442
inst 610 4 443
inst 611 4 451
inst 612 4 440
inst 613 4 441
inst 614 4 448
inst 615 4 449
inst 616 4 450
inst 617 4 479
inst 618 4 480
inst 619 4 439
inst 620 4 447
inst 621 4 483
inst 622 4 478
inst 623 4 481
inst 624 4 488
inst 625 4 489
inst 626 4 490
inst 627 4 491
inst 628 4 493
inst 629 4 482
inst 630 4 832
inst 631 4 834
inst 632 4 835
inst 633 4 837
inst 634 4 844
inst 635 4 847
inst 636 4 849
inst 637 4 836
inst 638 4 833
inst 639 4 838
inst 640 4 843
inst 641 4 846
inst 642 4 850
inst 643 4 855
inst 644 4 845
inst 645 4 848
inst 646 4 823
inst 647 4 824
inst 648 4 826
inst 649 4 827
inst 650 4 851
inst 651 4 805
inst 652 4 808
inst 653 4 822
inst 654 4 852
inst 655 4 854
inst 656 4 853
inst 657 4 825
inst 658 5 386
inst 659 5 387
inst 660 5 430
inst 661 5 431
inst 662 5 496
inst 663 5 497
inst 664 5 554
inst 665 5 555
inst 666 5 409
inst 667 5 452
inst 668 5 453
inst 669 5 466
inst 670 5 467
inst 671 5 408
inst 672 5 456
inst 673 5 457
inst 674 5 486
inst 675 5 487
inst 676 5 830
inst 677 5 831
inst 678 5 476
inst 679 5 477
inst 680 6 613
inst 681 6 616
inst 682 6 617
inst 683 6 618
inst 684 6 619
inst 685 6 620
inst 686 6 621
inst 687 6 622
inst 688 6 623
inst 689 6 624
inst 690 6 625
inst 691 6 636
inst 692 6 637
inst 693 6 614
inst 694 6 635
inst 695 6 777
inst 696 6 630
inst 697 6 632
inst 698 6 633
inst 699 6 634
inst 700 6 769
inst 701 6 770
inst 702 6 615
inst 703 6 631
inst 704 6 627
inst 705 6 628
inst 706 6 629
inst 707 6 638
inst 708 6 772
inst 709 6 626
inst 710 6 773
inst 711 6 771
inst 712 6 610
inst 713 6 612
inst 714 6 639
inst 715 6 763
inst 716 6 766
inst 717 6 611
inst 718 6 767
inst 719 6 768
inst 720 6 653
inst 721 6 760
inst 722 6 762
inst 723 6 654
inst 724 6 655
inst 725 6 764
inst 726 6 765
inst 727 6 779
inst 728 6 755
inst 729 6 756
inst 730 6 757
inst 731 6 774
inst 732 6 775
inst 733 6 758
inst 734 6 759
inst 735 6 761
inst 736 6 746
inst 737 6 747
inst 738 6 748
inst 739 6 749
inst 740 6 752
inst 741 6 753
inst 742 6 754
inst 743 6 776
inst 744 6 586
inst 745 6 604
inst 746 6 605
inst 747 6 606
inst 748 6 683
inst 749 6 685
inst 750 6 686
inst 751 6 688
inst 752 6 596
inst 753 6 597
inst 754 6 598
inst 755 6 601
inst 756 6 680
inst 757 6 681
inst 758 6 682
inst 759 6 684
inst 760 6 593
inst 761 6 603
inst 762 6 651
inst 763 6 652
inst 764 6 679
inst 765 6 712
inst 766 6 713
inst 767 6 602
inst 768 6 643
inst 769 6 644
inst 770 6 714
inst 771 6 715
inst 772 6 716
inst 773 6 717
inst 774 6 718
inst 775 6 719
inst 776 6 739
inst 777 6 741
inst 778 6 742
inst 779 6 743
inst 780 6 744
inst 781 6 745
inst 782 6 751
inst 783 6 750
inst 784 6 727
inst 785 6 733
inst 786 6 734
inst 787 6 735
inst 788 6 737
inst 789 6 738
inst 790 6 740
inst 791 6 736
inst 792 6 724
inst 793 6 725
inst 794 6 726
inst 795 6 728
inst 796 6 729
inst 797 6 731
inst 798 6 730
inst 799 6 732
inst 800 6 721
inst 801 6 722
inst 802 6 640
inst 803 6 641
inst 804 6 642
inst 805 6 645
inst 806 6 723
inst 807 6 720
inst 808 6 574
inst 809 6 575
inst 810 6 660
inst 811 6 689
inst 812 6 690
inst 813 6 691
inst 814 6 687
inst 815 6 778
inst 816 6 571
inst 817 6 608
inst 818 6 704
inst 819 6 569
inst 820 6 570
inst 821 6 573
inst 822 6 659
inst 823 6 693
inst 824 6 594
inst 825 6 661
inst 826 6 662
inst 827 6 663
inst 828 6 664
inst 829 6 665
inst 830 6 609
inst 831 6 692
inst 832 6 588
inst 833 6 589
inst 834 6 668
inst 835 6 669
inst 836 6 670
inst 837 6 671
inst 838 6 587
inst 839 6 672
inst 840 6 565
inst 841 6 566
inst 842 6 581
inst 843 6 582
inst 844 6 656
inst 845 6 657
inst 846 6 658
inst 847 6 607
inst 848 6 568
inst 849 6 572
inst 850 6 578
inst 851 6 579
inst 852 6 580
inst 853 6 562
inst 854 6 563
inst 855 6 567
inst 856 6 576
inst 857 6 694
inst 858 6 696
inst 859 6 577
inst 860 6 583
inst 861 6 584
inst 862 6 595
inst 863 6 564
inst 864 6 697
inst 865 6 698
inst 866 6 699
inst 867 6 700
inst 868 6 701
inst 869 6 702
inst 870 6 703
inst 871 6 695
inst 872 6 600
inst 873 6 666
inst 874 6 667
inst 875 6 675
inst 876 6 677
inst 877 6 599
inst 878 6 676
inst 879 6 678
inst 880 6 649
inst 881 6 650
inst 882 6 705
inst 883 6 706
inst 884 6 707
inst 885 6 709
inst 886 6 592
inst 887 6 585
inst 888 6 591
inst 889 6 647
inst 890 6 648
inst 891 6 674
inst 892 6 710
inst 893 6 711
inst 894 6 646
inst 895 6 673
inst 896 6 708
inst 897 6 590
inst 898 7 871
inst 899 7 872
inst 900 7 873
inst 901 7 874
inst 902 7 875
inst 903 7 893
inst 904 7 894
inst 905 7 921
inst 906 7 899
inst 907 7 900
inst 908 7 901
inst 909 7 903
inst 910 7 904
inst 911 7 913
inst 912 7 910
inst 913 7 911
inst 914 7 914
inst 915 7 915
inst 916 7 916
inst 917 7 917
inst 918 7 920
inst 919 7 905
inst 920 7 906
inst 921 7 908
inst 922 8 876
inst 923 8 953
inst 924 8 954
inst 925 8 955
inst 926 8 979
inst 927 8 980
inst 928 8 981
inst 929 8 2656
inst 930 8 909
inst 931 8 992
inst 932 8 993
inst 933 8 994
inst 934 8 2365
inst 935 8 2367
inst 936 8 2655
inst 937 8 2657
inst 938 8 898
inst 939 8 907
inst 940 8 912
inst 941 8 1040
inst 942 8 1041
inst 943 8 1042
inst 944 8 1078
inst 945 8 1079
inst 946 8 902
inst 947 8 1014
inst 948 8 1015
inst 949 8 2379
inst 950 8 2366
inst 951 8 2378
inst 952 8 2380
inst 953 8 1016
inst 954 8 1101
inst 955 8 1102
inst 956 8 1103
inst 957 8 1140
inst 958 8 1141
inst 959 8 1142
inst 960 8 1169
inst 961 8 1077
inst 962 8 1170
inst 963 8 1225
inst 964 8 1226
inst 965 8 1227
inst 966 8 2663
inst 967 8 2664
inst 968 8 2667
inst 969 8 1168
inst 970 8 1302
inst 971 8 1303
inst 972 8 1304
inst 973 8 1328
inst 974 8 1329
inst 975 8 1330
inst 976 8 1420
inst 977 8 1421
inst 978 8 1272
inst 979 8 1387
inst 980 8 1388
inst 981 8 2669
inst 982 8 2670
inst 983 8 1270
inst 984 8 1386
inst 985 8 1271
inst 986 8 1491
inst 987 8 1492
inst 988 8 1493
inst 989 8 1504
inst 990 8 1505
inst 991 8 1506
inst 992 8 1551
inst 993 8 1422
inst 994 8 1552
inst 995 8 1584
inst 996 8 1585
inst 997 8 1586
inst 998 8 1606
inst 999 8 1607
inst 1000 8 1608
inst 1001 8 1550
inst 1002 8 1630
inst 1003 8 1631
inst 1004 8 1649
inst 1005 8 1651
inst 1006 8 2397
inst 1007 8 2398
inst 1008 8 2399
inst 1009 8 1632
inst 1010 8 1688
inst 1011 8 1689
inst 1012 8 1690
inst 1013 8 1737
inst 1014 8 1738
inst 1015 8 1739
inst 1016 8 1770
inst 1017 8 1650
inst 1018 8 1769
inst 1019 8 1811
inst 1020 8 1812
inst 1021 8 1813
inst 1022 8 1830
inst 1023 8 1831
inst 1024 8 1832
inst 1025 8 1768
inst 1026 8 1843
inst 1027 8 1844
inst 1028 8 1845
inst 1029 8 1857
inst 1030 8 1929
inst 1031 8 1930
inst 1032 8 1856
inst 1033 8 1858
inst 1034 8 1974
inst 1035 8 1975
inst 1036 8 1976
inst 1037 8 1987
inst 1038 8 1988
inst 1039 8 1989
inst 1040 8 2413
inst 1041 8 2445
inst 1042 8 1931
inst 1043 8 1943
inst 1044 8 1956
inst 1045 8 2414
inst 1046 8 1942
inst 1047 8 1944
inst 1048 8 1955
inst 1049 8 1957
inst 1050 8 2281
inst 1051 8 2282
inst 1052 8 2309
inst 1053 8 2310
inst 1054 8 2311
inst 1055 8 2322
inst 1056 8 2323
inst 1057 8 2324
inst 1058 8 2202
inst 1059 8 2234
inst 1060 8 2235
inst 1061 8 2236
inst 1062 8 2247
inst 1063 8 2248
inst 1064 8 2249
inst 1065 8 2283
inst 1066 8 2062
inst 1067 8 2078
inst 1068 8 2109
inst 1069 8 2110
inst 1070 8 2111
inst 1071 8 2175
inst 1072 8 2176
inst 1073 8 2177
inst 1074 8 2146
inst 1075 8 2147
inst 1076 8 2148
inst 1077 8 2162
inst 1078 8 2164
inst 1079 8 2200
inst 1080 8 2201
inst 1081 8 2077
inst 1082 8 2014
inst 1083 8 2015
inst 1084 8 2048
inst 1085 8 2049
inst 1086 8 2050
inst 1087 8 2063
inst 1088 8 2482
inst 1089 8 2061
inst 1090 8 2035
inst 1091 8 2037
inst 1092 8 2090
inst 1093 8 2091
inst 1094 8 2092
inst 1095 8 2163
inst 1096 8 2079
inst 1097 8 2036
inst 1098 8 2000
inst 1099 8 2001
inst 1100 8 2002
inst 1101 8 2458
inst 1102 8 2459
inst 1103 8 2483
inst 1104 8 2013
inst 1105 8 2481
inst 1106 8 2415
inst 1107 8 2426
inst 1108 8 2428
inst 1109 8 2447
inst 1110 8 2427
inst 1111 8 2446
inst 1112 8 2460
inst 1113 9 923
inst 1114 9 925
inst 1115 9 928
inst 1116 9 929
inst 1117 9 930
inst 1118 9 2474
inst 1119 9 2475
inst 1120 9 2476
inst 1121 9 926
inst 1122 9 927
inst 1123 9 931
inst 1124 9 932
inst 1125 9 933
inst 1126 9 960
inst 1127 9 922
inst 1128 9 924
inst 1129 9 934
inst 1130 9 958
inst 1131 9 959
inst 1132 9 963
inst 1133 9 964
inst 1134 9 935
inst 1135 9 936
inst 1136 9 961
inst 1137 9 965
inst 1138 9 966
inst 1139 9 967
inst 1140 9 984
inst 1141 9 985
inst 1142 9 986
inst 1143 9 987
inst 1144 9 962
inst 1145 9 970
inst 1146 9 971
inst 1147 9 972
inst 1148 9 973
inst 1149 9 974
inst 1150 9 997
inst 1151 9 998
inst 1152 9 969
inst 1153 9 1001
inst 1154 9 1002
inst 1155 9 1003
inst 1156 9 2372
inst 1157 9 2373
inst 1158 9 2385
inst 1159 9 999
inst 1160 9 1000
inst 1161 9 1023
inst 1162 9 1024
inst 1163 9 1025
inst 1164 9 2383
inst 1165 9 2384
inst 1166 9 2370
inst 1167 9 2371
inst 1168 9 2386
inst 1169 9 1019
inst 1170 9 1026
inst 1171 9 1034
inst 1172 9 1035
inst 1173 9 1050
inst 1174 9 1020
inst 1175 9 1021
inst 1176 9 1022
inst 1177 9 1055
inst 1178 9 1058
inst 1179 9 1059
inst 1180 9 1060
inst 1181 9 1082
inst 1182 9 1083
inst 1183 9 1084
inst 1184 9 1085
inst 1185 9 1090
inst 1186 9 1091
inst 1187 9 1094
inst 1188 9 1095
inst 1189 9 1096
inst 1190 9 1107
inst 1191 9 1092
inst 1192 9 1093
inst 1193 9 1028
inst 1194 9 1045
inst 1195 9 1046
inst 1196 9 1047
inst 1197 9 1049
inst 1198 9 1027
inst 1199 9 1033
inst 1200 9 1051
inst 1201 9 1052
inst 1202 9 1053
inst 1203 9 1054
inst 1204 9 1056
inst 1205 9 1088
inst 1206 9 1057
inst 1207 9 1089
inst 1208 9 1048
inst 1209 9 1121
inst 1210 9 1122
inst 1211 9 1123
inst 1212 9 1125
inst 1213 9 1126
inst 1214 9 1149
inst 1215 9 1150
inst 1216 9 1151
inst 1217 9 1108
inst 1218 9 1110
inst 1219 9 1111
inst 1220 9 1112
inst 1221 9 1133
inst 1222 9 1106
inst 1223 9 1109
inst 1224 9 1124
inst 1225 9 1145
inst 1226 9 1146
inst 1227 9 1152
inst 1228 9 1154
inst 1229 9 1183
inst 1230 9 1185
inst 1231 9 1147
inst 1232 9 1148
inst 1233 9 1155
inst 1234 9 1156
inst 1235 9 1157
inst 1236 9 1177
inst 1237 9 1178
inst 1238 9 1134
inst 1239 9 1135
inst 1240 9 1153
inst 1241 9 1173
inst 1242 9 1175
inst 1243 9 1176
inst 1244 9 1186
inst 1245 9 1187
inst 1246 9 1188
inst 1247 9 1174
inst 1248 9 1184
inst 1249 9 2356
inst 1250 9 2357
inst 1251 9 2359
inst 1252 9 2360
inst 1253 9 1179
inst 1254 9 1180
inst 1255 9 1181
inst 1256 9 1182
inst 1257 9 1192
inst 1258 9 1193
inst 1259 9 1194
inst 1260 9 1198
inst 1261 9 1207
inst 1262 9 1208
inst 1263 9 2355
inst 1264 9 2358
inst 1265 9 1195
inst 1266 9 1196
inst 1267 9 1197
inst 1268 9 1287
inst 1269 9 1288
inst 1270 9 1199
inst 1271 9 1200
inst 1272 9 1234
inst 1273 9 1201
inst 1274 9 1202
inst 1275 9 1203
inst 1276 9 1204
inst 1277 9 1205
inst 1278 9 1206
inst 1279 9 1232
inst 1280 9 1235
inst 1281 9 1230
inst 1282 9 1231
inst 1283 9 1239
inst 1284 9 1240
inst 1285 9 1241
inst 1286 9 1242
inst 1287 9 1243
inst 1288 9 1233
inst 1289 9 1246
inst 1290 9 1247
inst 1291 9 1254
inst 1292 9 1255
inst 1293 9 1256
inst 1294 9 1259
inst 1295 9 1244
inst 1296 9 1245
inst 1297 9 1257
inst 1298 9 1261
inst 1299 9 1262
inst 1300 9 1263
inst 1301 9 1279
inst 1302 9 1280
inst 1303 9 1281
inst 1304 9 1258
inst 1305 9 1289
inst 1306 9 1290
inst 1307 9 1291
inst 1308 9 1307
inst 1309 9 1308
inst 1310 9 1309
inst 1311 9 1310
inst 1312 9 1286
inst 1313 9 1313
inst 1314 9 1318
inst 1315 9 1319
inst 1316 9 1321
inst 1317 9 1333
inst 1318 9 1338
inst 1319 9 1339
inst 1320 9 1323
inst 1321 9 1282
inst 1322 9 1283
inst 1323 9 1311
inst 1324 9 1260
inst 1325 9 1264
inst 1326 9 1265
inst 1327 9 1312
inst 1328 9 1322
inst 1329 9 1337
inst 1330 9 1340
inst 1331 9 1341
inst 1332 9 1342
inst 1333 9 1334
inst 1334 9 1335
inst 1335 9 1336
inst 1336 9 1320
inst 1337 9 1275
inst 1338 9 1276
inst 1339 9 1362
inst 1340 9 1363
inst 1341 9 1364
inst 1342 9 1365
inst 1343 9 1277
inst 1344 9 1278
inst 1345 9 1368
inst 1346 9 1369
inst 1347 9 1372
inst 1348 9 1374
inst 1349 9 1375
inst 1350 9 1404
inst 1351 9 1366
inst 1352 9 1361
inst 1353 9 1370
inst 1354 9 1371
inst 1355 9 1391
inst 1356 9 1392
inst 1357 9 1405
inst 1358 9 1403
inst 1359 9 1373
inst 1360 9 1367
inst 1361 9 1397
inst 1362 9 1398
inst 1363 9 1402
inst 1364 9 1395
inst 1365 9 1396
inst 1366 9 1393
inst 1367 9 1394
inst 1368 9 1401
inst 1369 9 1355
inst 1370 9 1356
inst 1371 9 1357
inst 1372 9 1358
inst 1373 9 1359
inst 1374 9 1360
inst 1375 9 1427
inst 1376 9 1428
inst 1377 9 1466
inst 1378 9 1467
inst 1379 9 1468
inst 1380 9 1480
inst 1381 9 1481
inst 1382 9 1465
inst 1383 9 1482
inst 1384 9 1483
inst 1385 9 1462
inst 1386 9 1463
inst 1387 9 1464
inst 1388 9 1496
inst 1389 9 1497
inst 1390 9 1499
inst 1391 9 1518
inst 1392 9 1519
inst 1393 9 1474
inst 1394 9 1475
inst 1395 9 1476
inst 1396 9 1486
inst 1397 9 1509
inst 1398 9 1511
inst 1399 9 1485
inst 1400 9 1484
inst 1401 9 1406
inst 1402 9 1407
inst 1403 9 1408
inst 1404 9 1429
inst 1405 9 1430
inst 1406 9 1431
inst 1407 9 1450
inst 1408 9 1452
inst 1409 9 1453
inst 1410 9 1454
inst 1411 9 1455
inst 1412 9 1399
inst 1413 9 1400
inst 1414 9 1413
inst 1415 9 1414
inst 1416 9 1415
inst 1417 9 1432
inst 1418 9 1435
inst 1419 9 1426
inst 1420 9 1433
inst 1421 9 1434
inst 1422 9 1436
inst 1423 9 1437
inst 1424 9 1451
inst 1425 9 1470
inst 1426 9 1471
inst 1427 9 1472
inst 1428 9 1473
inst 1429 9 1478
inst 1430 9 1469
inst 1431 9 1479
inst 1432 9 1425
inst 1433 9 1513
inst 1434 9 1514
inst 1435 9 1515
inst 1436 9 1524
inst 1437 9 1525
inst 1438 9 1526
inst 1439 9 1498
inst 1440 9 1517
inst 1441 9 1527
inst 1442 9 1528
inst 1443 9 1529
inst 1444 9 1510
inst 1445 9 1512
inst 1446 9 1520
inst 1447 9 1521
inst 1448 9 1522
inst 1449 9 1555
inst 1450 9 1557
inst 1451 9 1558
inst 1452 9 1565
inst 1453 9 1566
inst 1454 9 1567
inst 1455 9 1622
inst 1456 9 1556
inst 1457 9 1543
inst 1458 9 1568
inst 1459 9 1574
inst 1460 9 1576
inst 1461 9 1569
inst 1462 9 1570
inst 1463 9 1544
inst 1464 9 1545
inst 1465 9 1571
inst 1466 9 1572
inst 1467 9 1573
inst 1468 9 1578
inst 1469 9 1579
inst 1470 9 1591
inst 1471 9 1575
inst 1472 9 1621
inst 1473 9 1596
inst 1474 9 1597
inst 1475 9 1598
inst 1476 9 1599
inst 1477 9 1600
inst 1478 9 1601
inst 1479 9 1577
inst 1480 9 1595
inst 1481 9 1589
inst 1482 9 1590
inst 1483 9 1611
inst 1484 9 1613
inst 1485 9 1614
inst 1486 9 1592
inst 1487 9 1593
inst 1488 9 1594
inst 1489 9 1615
inst 1490 9 1616
inst 1491 9 1617
inst 1492 9 1623
inst 1493 9 1624
inst 1494 9 1625
inst 1495 9 1637
inst 1496 9 1612
inst 1497 9 1619
inst 1498 9 1620
inst 1499 9 1639
inst 1500 9 1641
inst 1501 9 1635
inst 1502 9 1636
inst 1503 9 1638
inst 1504 9 1640
inst 1505 9 1661
inst 1506 9 1662
inst 1507 9 1663
inst 1508 9 2402
inst 1509 9 2404
inst 1510 9 2405
inst 1511 9 1618
inst 1512 9 2403
inst 1513 9 1642
inst 1514 9 1643
inst 1515 9 1644
inst 1516 9 1654
inst 1517 9 1656
inst 1518 9 1658
inst 1519 9 1659
inst 1520 9 1660
inst 1521 9 1664
inst 1522 9 1665
inst 1523 9 1666
inst 1524 9 1667
inst 1525 9 1668
inst 1526 9 1669
inst 1527 9 1655
inst 1528 9 1657
inst 1529 9 1676
inst 1530 9 1677
inst 1531 9 1678
inst 1532 9 1680
inst 1533 9 1681
inst 1534 9 1682
inst 1535 9 1679
inst 1536 9 1683
inst 1537 9 1674
inst 1538 9 1693
inst 1539 9 1694
inst 1540 9 1671
inst 1541 9 1672
inst 1542 9 1670
inst 1543 9 1673
inst 1544 9 1675
inst 1545 9 1718
inst 1546 9 1719
inst 1547 9 1720
inst 1548 9 1721
inst 1549 9 1722
inst 1550 9 1723
inst 1551 9 2406
inst 1552 9 2407
inst 1553 9 1697
inst 1554 9 1698
inst 1555 9 1699
inst 1556 9 1700
inst 1557 9 1701
inst 1558 9 1702
inst 1559 9 1695
inst 1560 9 1696
inst 1561 9 1703
inst 1562 9 1704
inst 1563 9 1705
inst 1564 9 1730
inst 1565 9 2346
inst 1566 9 2347
inst 1567 9 2348
inst 1568 9 2408
inst 1569 9 1742
inst 1570 9 1744
inst 1571 9 1745
inst 1572 9 1746
inst 1573 9 1747
inst 1574 9 1748
inst 1575 9 1731
inst 1576 9 1732
inst 1577 9 1750
inst 1578 9 1751
inst 1579 9 1752
inst 1580 9 1753
inst 1581 9 1754
inst 1582 9 1755
inst 1583 9 1743
inst 1584 9 1749
inst 1585 9 1758
inst 1586 9 1761
inst 1587 9 1762
inst 1588 9 1763
inst 1589 9 1756
inst 1590 9 1757
inst 1591 9 1759
inst 1592 9 1760
inst 1593 9 1773
inst 1594 9 1774
inst 1595 9 1789
inst 1596 9 1790
inst 1597 9 1791
inst 1598 9 1799
inst 1599 9 1775
inst 1600 9 1776
inst 1601 9 1804
inst 1602 9 1806
inst 1603 9 1819
inst 1604 9 1823
inst 1605 9 1824
inst 1606 9 1798
inst 1607 9 1800
inst 1608 9 1825
inst 1609 9 1801
inst 1610 9 1802
inst 1611 9 1803
inst 1612 9 1820
inst 1613 9 1821
inst 1614 9 1822
inst 1615 9 1835
inst 1616 9 1805
inst 1617 9 1817
inst 1618 9 1865
inst 1619 9 1868
inst 1620 9 1837
inst 1621 9 1838
inst 1622 9 1869
inst 1623 9 1870
inst 1624 9 1836
inst 1625 9 2291
inst 1626 9 2292
inst 1627 9 2302
inst 1628 9 2303
inst 1629 9 2304
inst 1630 9 2343
inst 1631 9 2344
inst 1632 9 2345
inst 1633 9 2314
inst 1634 9 2315
inst 1635 9 2327
inst 1636 9 2328
inst 1637 9 2329
inst 1638 9 2330
inst 1639 9 2316
inst 1640 9 2317
inst 1641 9 2286
inst 1642 9 2287
inst 1643 9 2288
inst 1644 9 2289
inst 1645 9 2293
inst 1646 9 2294
inst 1647 9 2295
inst 1648 9 2290
inst 1649 9 2269
inst 1650 9 2270
inst 1651 9 2297
inst 1652 9 2298
inst 1653 9 2299
inst 1654 9 2300
inst 1655 9 2301
inst 1656 9 2296
inst 1657 9 2209
inst 1658 9 2210
inst 1659 9 2211
inst 1660 9 2254
inst 1661 9 2255
inst 1662 9 2262
inst 1663 9 2263
inst 1664 9 2264
inst 1665 9 2239
inst 1666 9 2240
inst 1667 9 2241
inst 1668 9 2242
inst 1669 9 2258
inst 1670 9 2256
inst 1671 9 2252
inst 1672 9 2253
inst 1673 9 2259
inst 1674 9 2265
inst 1675 9 2266
inst 1676 9 2267
inst 1677 9 2260
inst 1678 9 2261
inst 1679 9 2268
inst 1680 9 2257
inst 1681 9 2218
inst 1682 9 2220
inst 1683 9 2225
inst 1684 9 2226
inst 1685 9 2228
inst 1686 9 2229
inst 1687 9 2219
inst 1688 9 2227
inst 1689 9 2180
inst 1690 9 2182
inst 1691 9 2212
inst 1692 9 2214
inst 1693 9 2216
inst 1694 9 2217
inst 1695 9 2213
inst 1696 9 2215
inst 1697 9 2118
inst 1698 9 2119
inst 1699 9 2120
inst 1700 9 2181
inst 1701 9 2183
inst 1702 9 2190
inst 1703 9 2191
inst 1704 9 2192
inst 1705 9 2054
inst 1706 9 2066
inst 1707 9 2067
inst 1708 9 2068
inst 1709 9 2069
inst 1710 9 2114
inst 1711 9 2115
inst 1712 9 2117
inst 1713 9 2070
inst 1714 9 2072
inst 1715 9 2082
inst 1716 9 2097
inst 1717 9 2098
inst 1718 9 2083
inst 1719 9 2071
inst 1720 9 2116
inst 1721 9 2141
inst 1722 9 2193
inst 1723 9 2194
inst 1724 9 2195
inst 1725 9 2206
inst 1726 9 2207
inst 1727 9 2208
inst 1728 9 2205
inst 1729 9 2153
inst 1730 9 2154
inst 1731 9 2221
inst 1732 9 2222
inst 1733 9 2223
inst 1734 9 2224
inst 1735 9 2151
inst 1736 9 2152
inst 1737 9 2139
inst 1738 9 2155
inst 1739 9 2157
inst 1740 9 2084
inst 1741 9 2085
inst 1742 9 2095
inst 1743 9 2096
inst 1744 9 2140
inst 1745 9 2102
inst 1746 9 2167
inst 1747 9 2168
inst 1748 9 2169
inst 1749 9 2170
inst 1750 9 2103
inst 1751 9 2104
inst 1752 9 2156
inst 1753 9 1873
inst 1754 9 1874
inst 1755 9 1875
inst 1756 9 1876
inst 1757 9 2677
inst 1758 9 2678
inst 1759 9 2679
inst 1760 9 1818
inst 1761 9 1862
inst 1762 9 1863
inst 1763 9 1864
inst 1764 9 1866
inst 1765 9 1867
inst 1766 9 1871
inst 1767 9 1816
inst 1768 9 1872
inst 1769 9 1947
inst 1770 9 1949
inst 1771 9 1950
inst 1772 9 1961
inst 1773 9 1962
inst 1774 9 1963
inst 1775 9 1861
inst 1776 9 1879
inst 1777 9 1964
inst 1778 9 1968
inst 1779 9 1969
inst 1780 9 1993
inst 1781 9 1994
inst 1782 9 1995
inst 1783 9 1960
inst 1784 9 1967
inst 1785 9 1848
inst 1786 9 1849
inst 1787 9 1850
inst 1788 9 1851
inst 1789 9 1892
inst 1790 9 1897
inst 1791 9 1877
inst 1792 9 1878
inst 1793 9 1895
inst 1794 9 1898
inst 1795 9 1899
inst 1796 9 1900
inst 1797 9 1901
inst 1798 9 1893
inst 1799 9 1894
inst 1800 9 1896
inst 1801 9 1904
inst 1802 9 1905
inst 1803 9 1906
inst 1804 9 1907
inst 1805 9 1908
inst 1806 9 1909
inst 1807 9 1902
inst 1808 9 1903
inst 1809 9 1916
inst 1810 9 1934
inst 1811 9 1935
inst 1812 9 1936
inst 1813 9 1937
inst 1814 9 1948
inst 1815 9 1917
inst 1816 9 1918
inst 1817 9 2026
inst 1818 9 2027
inst 1819 9 2028
inst 1820 9 2055
inst 1821 9 2056
inst 1822 9 2029
inst 1823 9 2030
inst 1824 9 2053
inst 1825 9 2040
inst 1826 9 2041
inst 1827 9 2042
inst 1828 9 2043
inst 1829 9 2099
inst 1830 9 2100
inst 1831 9 2101
inst 1832 9 2025
inst 1833 9 2005
inst 1834 9 2020
inst 1835 9 2021
inst 1836 9 2467
inst 1837 9 2486
inst 1838 9 2487
inst 1839 9 2488
inst 1840 9 2489
inst 1841 9 2019
inst 1842 9 2022
inst 1843 9 2023
inst 1844 9 2024
inst 1845 9 2006
inst 1846 9 2007
inst 1847 9 2008
inst 1848 9 2018
inst 1849 9 2438
inst 1850 9 2452
inst 1851 9 2463
inst 1852 9 2464
inst 1853 9 2465
inst 1854 9 2466
inst 1855 9 2468
inst 1856 9 2469
inst 1857 9 2435
inst 1858 9 2436
inst 1859 9 2437
inst 1860 9 2439
inst 1861 9 2440
inst 1862 9 2451
inst 1863 9 2450
inst 1864 9 2453
inst 1865 9 1979
inst 1866 9 1980
inst 1867 9 1982
inst 1868 9 2431
inst 1869 9 2432
inst 1870 9 1992
inst 1871 9 2433
inst 1872 9 2434
inst 1873 9 2418
inst 1874 9 2419
inst 1875 9 2420
inst 1876 9 2421
inst 1877 9 1965
inst 1878 9 1966
inst 1879 9 1981
inst 1880 10 943
inst 1881 10 944
inst 1882 10 2643
inst 1883 10 2644
inst 1884 10 2645
inst 1885 10 2649
inst 1886 10 2650
inst 1887 10 2651
inst 1888 10 937
inst 1889 10 938
inst 1890 10 939
inst 1891 10 1006
inst 1892 10 2387
inst 1893 10 2388
inst 1894 10 2389
inst 1895 10 945
inst 1896 10 1061
inst 1897 10 1062
inst 1898 10 1063
inst 1899 10 1067
inst 1900 10 1068
inst 1901 10 1069
inst 1902 10 1004
inst 1903 10 1005
inst 1904 10 1127
inst 1905 10 1128
inst 1906 10 1158
inst 1907 10 1159
inst 1908 10 1160
inst 1909 10 1210
inst 1910 10 1211
inst 1911 10 1129
inst 1912 10 1215
inst 1913 10 1216
inst 1914 10 1217
inst 1915 10 1248
inst 1916 10 1249
inst 1917 10 1250
inst 1918 10 1294
inst 1919 10 1209
inst 1920 10 1349
inst 1921 10 1350
inst 1922 10 1351
inst 1923 10 1376
inst 1924 10 1377
inst 1925 10 1378
inst 1926 10 1292
inst 1927 10 1293
inst 1928 10 1345
inst 1929 10 1438
inst 1930 10 1439
inst 1931 10 1440
inst 1932 10 1444
inst 1933 10 1445
inst 1934 10 1343
inst 1935 10 1344
inst 1936 10 1456
inst 1937 10 1457
inst 1938 10 1458
inst 1939 10 1532
inst 1940 10 1537
inst 1941 10 1538
inst 1942 10 1539
inst 1943 10 1446
inst 1944 10 1533
inst 1945 10 1559
inst 1946 10 1560
inst 1947 10 1561
inst 1948 10 1712
inst 1949 10 1713
inst 1950 10 1714
inst 1951 10 1531
inst 1952 10 1708
inst 1953 10 1724
inst 1954 10 1726
inst 1955 10 1783
inst 1956 10 1784
inst 1957 10 1785
inst 1958 10 1706
inst 1959 10 1707
inst 1960 10 1777
inst 1961 10 1778
inst 1962 10 1779
inst 1963 10 1792
inst 1964 10 1793
inst 1965 10 1794
inst 1966 10 2350
inst 1967 10 1725
inst 1968 10 1880
inst 1969 10 1881
inst 1970 10 1882
inst 1971 10 2671
inst 1972 10 2672
inst 1973 10 2673
inst 1974 10 2349
inst 1975 10 2351
inst 1976 10 2272
inst 1977 10 2273
inst 1978 10 2331
inst 1979 10 2332
inst 1980 10 2333
inst 1981 10 2337
inst 1982 10 2338
inst 1983 10 2339
inst 1984 10 2129
inst 1985 10 2133
inst 1986 10 2134
inst 1987 10 2135
inst 1988 10 2184
inst 1989 10 2185
inst 1990 10 2186
inst 1991 10 2271
inst 1992 10 1888
inst 1993 10 2121
inst 1994 10 2122
inst 1995 10 2123
inst 1996 10 1886
inst 1997 10 1887
inst 1998 10 2127
inst 1999 10 2128
inst 2000 10 1910
inst 2001 10 1911
inst 2002 10 1912
inst 2003 10 1919
inst 2004 10 1920
inst 2005 10 1921
inst 2006 11 946
inst 2007 11 948
inst 2008 11 2646
inst 2009 11 2647
inst 2010 11 2648
inst 2011 11 2652
inst 2012 11 2653
inst 2013 11 2654
inst 2014 11 940
inst 2015 11 942
inst 2016 11 956
inst 2017 11 957
inst 2018 11 982
inst 2019 11 983
inst 2020 11 941
inst 2021 11 947
inst 2022 11 996
inst 2023 11 1007
inst 2024 11 1008
inst 2025 11 2369
inst 2026 11 2390
inst 2027 11 2391
inst 2028 11 2392
inst 2029 11 995
inst 2030 11 1017
inst 2031 11 1018
inst 2032 11 1029
inst 2033 11 1030
inst 2034 11 2368
inst 2035 11 2381
inst 2036 11 1009
inst 2037 11 2382
inst 2038 11 1071
inst 2039 11 1072
inst 2040 11 1080
inst 2041 11 1081
inst 2042 11 1104
inst 2043 11 1117
inst 2044 11 1118
inst 2045 11 1119
inst 2046 11 1032
inst 2047 11 1043
inst 2048 11 1044
inst 2049 11 1064
inst 2050 11 1065
inst 2051 11 1066
inst 2052 11 1031
inst 2053 11 1070
inst 2054 11 1113
inst 2055 11 1116
inst 2056 11 1130
inst 2057 11 1131
inst 2058 11 1132
inst 2059 11 1105
inst 2060 11 1114
inst 2061 11 1115
inst 2062 11 1143
inst 2063 11 1161
inst 2064 11 1162
inst 2065 11 1163
inst 2066 11 1189
inst 2067 11 1190
inst 2068 11 1191
inst 2069 11 1144
inst 2070 11 1172
inst 2071 11 1212
inst 2072 11 1213
inst 2073 11 1214
inst 2074 11 1218
inst 2075 11 1219
inst 2076 11 1220
inst 2077 11 1171
inst 2078 11 1228
inst 2079 11 1236
inst 2080 11 1251
inst 2081 11 1252
inst 2082 11 1253
inst 2083 11 1229
inst 2084 11 1237
inst 2085 11 1238
inst 2086 11 1297
inst 2087 11 1306
inst 2088 11 1314
inst 2089 11 1315
inst 2090 11 1316
inst 2091 11 1317
inst 2092 11 1284
inst 2093 11 1285
inst 2094 11 1273
inst 2095 11 1274
inst 2096 11 1295
inst 2097 11 1305
inst 2098 11 1332
inst 2099 11 1380
inst 2100 11 1389
inst 2101 11 1296
inst 2102 11 1346
inst 2103 11 1347
inst 2104 11 1348
inst 2105 11 1352
inst 2106 11 1353
inst 2107 11 1354
inst 2108 11 1443
inst 2109 11 1331
inst 2110 11 1409
inst 2111 11 1410
inst 2112 11 1411
inst 2113 11 1412
inst 2114 11 1379
inst 2115 11 1381
inst 2116 11 1390
inst 2117 11 1442
inst 2118 11 1447
inst 2119 11 1448
inst 2120 11 1449
inst 2121 11 1494
inst 2122 11 1495
inst 2123 11 1507
inst 2124 11 1540
inst 2125 11 1541
inst 2126 11 1424
inst 2127 11 1459
inst 2128 11 1460
inst 2129 11 1461
inst 2130 11 1477
inst 2131 11 1423
inst 2132 11 1441
inst 2133 11 1508
inst 2134 11 1534
inst 2135 11 1535
inst 2136 11 1536
inst 2137 11 1553
inst 2138 11 1562
inst 2139 11 1563
inst 2140 11 1564
inst 2141 11 1542
inst 2142 11 1587
inst 2143 11 1588
inst 2144 11 1609
inst 2145 11 1610
inst 2146 11 1633
inst 2147 11 1634
inst 2148 11 2401
inst 2149 11 1554
inst 2150 11 1652
inst 2151 11 1653
inst 2152 11 1691
inst 2153 11 1692
inst 2154 11 1715
inst 2155 11 1716
inst 2156 11 1717
inst 2157 11 2400
inst 2158 11 1709
inst 2159 11 1727
inst 2160 11 1728
inst 2161 11 1786
inst 2162 11 1787
inst 2163 11 1788
inst 2164 11 1710
inst 2165 11 1711
inst 2166 11 1740
inst 2167 11 1741
inst 2168 11 1771
inst 2169 11 1772
inst 2170 11 1780
inst 2171 11 1781
inst 2172 11 1782
inst 2173 11 1729
inst 2174 11 1795
inst 2175 11 1814
inst 2176 11 1815
inst 2177 11 1833
inst 2178 11 1834
inst 2179 11 2354
inst 2180 11 1796
inst 2181 11 1797
inst 2182 11 1859
inst 2183 11 1860
inst 2184 11 1883
inst 2185 11 1884
inst 2186 11 1885
inst 2187 11 2674
inst 2188 11 2675
inst 2189 11 2676
inst 2190 11 1846
inst 2191 11 1847
inst 2192 11 1890
inst 2193 11 1891
inst 2194 11 1913
inst 2195 11 1889
inst 2196 11 2352
inst 2197 11 2353
inst 2198 11 2237
inst 2199 11 2238
inst 2200 11 2250
inst 2201 11 2251
inst 2202 11 2284
inst 2203 11 2285
inst 2204 11 2334
inst 2205 11 2335
inst 2206 11 2136
inst 2207 11 2137
inst 2208 11 2149
inst 2209 11 2150
inst 2210 11 2178
inst 2211 11 2179
inst 2212 11 2203
inst 2213 11 2204
inst 2214 11 2064
inst 2215 11 2065
inst 2216 11 2125
inst 2217 11 2126
inst 2218 11 2130
inst 2219 11 2131
inst 2220 11 2132
inst 2221 11 2138
inst 2222 11 2051
inst 2223 11 2080
inst 2224 11 2081
inst 2225 11 2093
inst 2226 11 2094
inst 2227 11 2113
inst 2228 11 2052
inst 2229 11 2112
inst 2230 11 2003
inst 2231 11 2016
inst 2232 11 2017
inst 2233 11 2038
inst 2234 11 2039
inst 2235 11 2484
inst 2236 11 2485
inst 2237 11 2124
inst 2238 11 1991
inst 2239 11 2429
inst 2240 11 2430
inst 2241 11 2448
inst 2242 11 2449
inst 2243 11 2461
inst 2244 11 2462
inst 2245 11 2004
inst 2246 11 1922
inst 2247 11 1923
inst 2248 11 1924
inst 2249 11 1932
inst 2250 11 1933
inst 2251 11 1946
inst 2252 11 1914
inst 2253 11 1915
inst 2254 11 1959
inst 2255 11 1978
inst 2256 11 2416
inst 2257 11 2417
inst 2258 11 1977
inst 2259 11 1990
inst 2260 11 1945
inst 2261 11 1958
inst 2262 11 2312
inst 2263 11 2313
inst 2264 11 2325
inst 2265 11 2326
inst 2266 11 2340
inst 2267 11 2341
inst 2268 11 2342
inst 2269 11 2336
inst 2270 11 2166
inst 2271 11 2188
inst 2272 11 2189
inst 2273 11 2276
inst 2274 11 2165
inst 2275 11 2187
inst 2276 11 2274
inst 2277 11 2275
inst 2278 12 949
inst 2279 12 950
inst 2280 12 951
inst 2281 12 952
inst 2282 12 975
inst 2283 12 976
inst 2284 12 977
inst 2285 12 978
inst 2286 12 988
inst 2287 12 989
inst 2288 12 991
inst 2289 12 2363
inst 2290 12 2364
inst 2291 12 2377
inst 2292 12 2660
inst 2293 12 990
inst 2294 12 1010
inst 2295 12 1011
inst 2296 12 1012
inst 2297 12 1013
inst 2298 12 1036
inst 2299 12 1037
inst 2300 12 1038
inst 2301 12 1039
inst 2302 12 2361
inst 2303 12 2362
inst 2304 12 2374
inst 2305 12 2375
inst 2306 12 2661
inst 2307 12 2658
inst 2308 12 2659
inst 2309 12 2376
inst 2310 12 1073
inst 2311 12 1074
inst 2312 12 1097
inst 2313 12 1098
inst 2314 12 1099
inst 2315 12 1100
inst 2316 12 1075
inst 2317 12 1076
inst 2318 12 1138
inst 2319 12 1164
inst 2320 12 1165
inst 2321 12 1166
inst 2322 12 1167
inst 2323 12 1136
inst 2324 12 1137
inst 2325 12 1139
inst 2326 12 1298
inst 2327 12 1299
inst 2328 12 1300
inst 2329 12 1301
inst 2330 12 2665
inst 2331 12 2666
inst 2332 12 2668
inst 2333 12 2662
inst 2334 12 1221
inst 2335 12 1222
inst 2336 12 1223
inst 2337 12 1266
inst 2338 12 1267
inst 2339 12 1268
inst 2340 12 1269
inst 2341 12 1224
inst 2342 12 1324
inst 2343 12 1325
inst 2344 12 1326
inst 2345 12 1382
inst 2346 12 1383
inst 2347 12 1384
inst 2348 12 1385
inst 2349 12 1327
inst 2350 12 1418
inst 2351 12 1419
inst 2352 12 1487
inst 2353 12 1488
inst 2354 12 1489
inst 2355 12 1503
inst 2356 12 1416
inst 2357 12 1417
inst 2358 12 1500
inst 2359 12 1501
inst 2360 12 1546
inst 2361 12 1547
inst 2362 12 1548
inst 2363 12 1549
inst 2364 12 1490
inst 2365 12 1502
inst 2366 12 1582
inst 2367 12 1583
inst 2368 12 1602
inst 2369 12 1603
inst 2370 12 1604
inst 2371 12 1605
inst 2372 12 1580
inst 2373 12 1581
inst 2374 12 1626
inst 2375 12 1627
inst 2376 12 2393
inst 2377 12 2394
inst 2378 12 2395
inst 2379 12 2396
inst 2380 12 1628
inst 2381 12 1629
inst 2382 12 1645
inst 2383 12 1646
inst 2384 12 1684
inst 2385 12 1685
inst 2386 12 1686
inst 2387 12 1687
inst 2388 12 1647
inst 2389 12 1648
inst 2390 12 1733
inst 2391 12 1734
inst 2392 12 1735
inst 2393 12 1764
inst 2394 12 1765
inst 2395 12 1766
inst 2396 12 1767
inst 2397 12 1736
inst 2398 12 1807
inst 2399 12 1808
inst 2400 12 1809
inst 2401 12 1810
inst 2402 12 1826
inst 2403 12 1827
inst 2404 12 1828
inst 2405 12 1829
inst 2406 12 2305
inst 2407 12 2306
inst 2408 12 2307
inst 2409 12 2308
inst 2410 12 2318
inst 2411 12 2319
inst 2412 12 2320
inst 2413 12 2321
inst 2414 12 2243
inst 2415 12 2244
inst 2416 12 2245
inst 2417 12 2246
inst 2418 12 2279
inst 2419 12 2280
inst 2420 12 2277
inst 2421 12 2278
inst 2422 12 2142
inst 2423 12 2143
inst 2424 12 2171
inst 2425 12 2172
inst 2426 12 2173
inst 2427 12 2174
inst 2428 12 2198
inst 2429 12 2199
inst 2430 12 2145
inst 2431 12 2231
inst 2432 12 2230
inst 2433 12 2232
inst 2434 12 2144
inst 2435 12 2196
inst 2436 12 2197
inst 2437 12 2233
inst 2438 12 2057
inst 2439 12 2058
inst 2440 12 2059
inst 2441 12 2060
inst 2442 12 2107
inst 2443 12 2108
inst 2444 12 2105
inst 2445 12 2106
inst 2446 12 2011
inst 2447 12 2012
inst 2448 12 2047
inst 2449 12 2477
inst 2450 12 2478
inst 2451 12 2044
inst 2452 12 2045
inst 2453 12 2046
inst 2454 12 2034
inst 2455 12 2073
inst 2456 12 2075
inst 2457 12 2089
inst 2458 12 2074
inst 2459 12 2031
inst 2460 12 2032
inst 2461 12 2033
inst 2462 12 2158
inst 2463 12 2159
inst 2464 12 2160
inst 2465 12 2161
inst 2466 12 2076
inst 2467 12 2086
inst 2468 12 2087
inst 2469 12 2088
inst 2470 12 1839
inst 2471 12 1840
inst 2472 12 1841
inst 2473 12 1842
inst 2474 12 1852
inst 2475 12 1854
inst 2476 12 1853
inst 2477 12 1855
inst 2478 12 1927
inst 2479 12 1928
inst 2480 12 1939
inst 2481 12 1941
inst 2482 12 1951
inst 2483 12 1952
inst 2484 12 1925
inst 2485 12 1926
inst 2486 12 1970
inst 2487 12 1972
inst 2488 12 1983
inst 2489 12 1984
inst 2490 12 1985
inst 2491 12 1986
inst 2492 12 2441
inst 2493 12 2442
inst 2494 12 1953
inst 2495 12 1954
inst 2496 12 1973
inst 2497 12 2409
inst 2498 12 2410
inst 2499 12 1938
inst 2500 12 1940
inst 2501 12 1971
inst 2502 12 1996
inst 2503 12 1997
inst 2504 12 1998
inst 2505 12 1999
inst 2506 12 2480
inst 2507 12 2009
inst 2508 12 2010
inst 2509 12 2479
inst 2510 12 2425
inst 2511 12 2443
inst 2512 12 2456
inst 2513 12 2457
inst 2514 12 2423
inst 2515 12 2444
inst 2516 12 2454
inst 2517 12 2455
inst 2518 12 2411
inst 2519 12 2412
inst 2520 12 2424
inst 2521 12 2422
inst 2522 13 968
inst 2523 13 1086
inst 2524 13 1087
inst 2525 13 1120
inst 2526 13 1516
inst 2527 13 1523
inst 2528 13 1530
inst 2529 14 2490
inst 2530 14 2491
inst 2531 14 2492
inst 2532 14 2493
inst 2533 14 2494
inst 2534 14 2495
inst 2535 14 2496
inst 2536 14 2497
inst 2537 14 2500
inst 2538 14 2501
inst 2539 14 2502
inst 2540 14 2503
inst 2541 14 2504
inst 2542 14 2505
inst 2543 14 2498
inst 2544 14 2499
inst 2545 14 2508
inst 2546 14 2511
inst 2547 14 2512
inst 2548 14 2513
inst 2549 14 2514
inst 2550 14 2515
inst 2551 14 2506
inst 2552 14 2507
inst 2553 14 2510
inst 2554 14 2517
inst 2555 14 2518
inst 2556 14 2519
inst 2557 14 2520
inst 2558 14 2521
inst 2559 14 2509
inst 2560 14 2516
inst 2561 14 2523
inst 2562 14 2524
inst 2563 14 2525
inst 2564 14 2526
inst 2565 14 2527
inst 2566 14 2528
inst 2567 14 2529
inst 2568 14 2522
inst 2569 14 2531
inst 2570 14 2532
inst 2571 14 2533
inst 2572 14 2534
inst 2573 14 2535
inst 2574 14 2537
inst 2575 14 2538
inst 2576 14 2530
inst 2577 14 2546
inst 2578 14 2547
inst 2579 14 2548
inst 2580 14 2549
inst 2581 14 2550
inst 2582 14 2551
inst 2583 14 2552
inst 2584 14 2553
inst 2585 14 2539
inst 2586 14 2540
inst 2587 14 2541
inst 2588 14 2542
inst 2589 14 2543
inst 2590 14 2544
inst 2591 14 2545
inst 2592 14 2536
inst 2593 14 2554
inst 2594 14 2555
inst 2595 15 2556
inst 2596 15 2557
inst 2597 15 2558
inst 2598 15 2559
inst 2599 15 2560
inst 2600 15 2561
inst 2601 15 2562
inst 2602 15 2563
inst 2603 15 2565
inst 2604 15 2566
inst 2605 15 2567
inst 2606 15 2568
inst 2607 15 2569
inst 2608 15 2570
inst 2609 15 2571
inst 2610 15 2564
inst 2611 15 2576
inst 2612 15 2577
inst 2613 15 2578
inst 2614 15 2579
inst 2615 15 2580
inst 2616 15 2581
inst 2617 15 2582
inst 2618 15 2583
inst 2619 15 2573
inst 2620 15 2574
inst 2621 15 2572
inst 2622 15 2575
inst 2623 16 2617
inst 2624 16 2618
inst 2625 16 2621
inst 2626 16 2622
inst 2627 16 2623
inst 2628 16 2624
inst 2629 16 2626
inst 2630 16 2635
inst 2631 16 2599
inst 2632 16 2609
inst 2633 16 2610
inst 2634 16 2611
inst 2635 16 2612
inst 2636 16 2625
inst 2637 16 2600
inst 2638 16 2634
inst 2639 16 2586
inst 2640 16 2587
inst 2641 16 2588
inst 2642 16 2590
inst 2643 16 2591
inst 2644 16 2592
inst 2645 16 2632
inst 2646 16 2584
inst 2647 16 2585
inst 2648 16 2589
inst 2649 16 2596
inst 2650 16 2597
inst 2651 16 2627
inst 2652 16 2628
inst 2653 16 2598
inst 2654 16 2631
inst 2655 16 2614
inst 2656 16 2615
inst 2657 16 2616
inst 2658 16 2619
inst 2659 16 2620
inst 2660 16 2629
inst 2661 16 2630
inst 2662 16 2613
inst 2663 16 2601
inst 2664 16 2602
inst 2665 16 2603
inst 2666 16 2633
inst 2667 16 2604
inst 2668 16 2605
inst 2669 16 2606
inst 2670 16 2607
inst 2671 16 2594
inst 2672 16 2608
inst 2673 16 2593
inst 2674 16 2595
inst 2675 17 2636
inst 2676 17 2637
inst 2677 17 2638
inst 2678 17 2639
inst 2679 17 2640
inst 2680 17 2641
inst 2681 17 2642
level swamp tree 0 protos 32 instances 3125
proto 0 swp-small-leaf.mb stiffness 0.000000 dists 245760.0000 122880.0000 0.0000 327680.0000 rdists 0.00001221 0.00000814 0.00001744 0.00000000
proto 1 swp-cattail-02.mb stiffness 0.300000 dists 163840.0000 81920.0000 0.0000 450560.0000 rdists 0.00000349 0.00001221 0.00000498 0.30000001
proto 2 swp-grass-02.mb stiffness 0.300000 dists 245760.0000 122880.0000 0.0000 327680.0000 rdists 0.00001221 0.00000814 0.00001744 0.30000001
proto 3 swp-leafy-plant.mb stiffness 0.300000 dists 245760.0000 122880.0000 0.0000 327680.0000 rdists 0.00001221 0.00000814 0.00001744 0.30000001
proto 4 swp-multithorns-06.mb stiffness 0.000000 dists 245760.0000 122880.0000 0.0000 327680.0000 rdists 0.00001221 0.00000814 0.00001744 0.00000000
proto 5 swp-multithorns-08c.mb stiffness 0.000000 dists 450560.0000 225280.0000 0.0000 573440.0000 rdists 0.00000814 0.00000444 0.00001163 0.00000000
proto 6 swp-multithorns-05.mb stiffness 0.000000 dists 245760.0000 122880.0000 0.0000 327680.0000 rdists 0.00001221 0.00000814 0.00001744 0.00000000
proto 7 swp-multithorns-07.mb stiffness 0.000000 dists 450560.0000 225280.0000 0.0000 573440.0000 rdists 0.00000814 0.00000444 0.00001163 0.00000000
proto 8 swp-multithorns-08.mb stiffness 0.000000 dists 450560.0000 225280.0000 0.0000 573440.0000 rdists 0.00000814 0.00000444 0.00001163 0.00000000
proto 9 swp-multithorns-07a.mb stiffness 0.000000 dists 450560.0000 225280.0000 0.0000 573440.0000 rdists 0.00000814 0.00000444 0.00001163 0.00000000
proto 10 swp-multithorns-07b.mb stiffness 0.000000 dists 450560.0000 225280.0000 0.0000 573440.0000 rdists 0.00000814 0.00000444 0.00001163 0.00000000
proto 11 swp-multithorns-08a.mb stiffness 0.000000 dists 450560.0000 225280.0000 0.0000 573440.0000 rdists 0.00000814 0.00000444 0.00001163 0.00000000
proto 12 swp-multithorns-09a.mb stiffness 0.000000 dists 450560.0000 225280.0000 0.0000 573440.0000 rdists 0.00000814 0.00000444 0.00001163 0.00000000
proto 13 swp-multithorns-09b.mb stiffness 0.000000 dists 450560.0000 225280.0000 0.0000 573440.0000 rdists 0.00000814 0.00000444 0.00001163 0.00000000
proto 14 swp-multithorns-09c.mb stiffness 0.000000 dists 450560.0000 225280.0000 0.0000 573440.0000 rdists 0.00000814 0.00000444 0.00001163 0.00000000
proto 15 root-06.mb stiffness 0.000000 dists 245760.0000 122880.0000 0.0000 368640.0000 rdists 0.00000814 0.00000814 0.00001163 0.00000000
proto 16 swp-moss-03m.mb stiffness 0.300000 dists 245760.0000 122880.0000 0.0000 450560.0000 rdists 0.00000488 0.00000814 0.00000698 0.30000001
proto 17 swp-branch-04moss.mb stiffness 0.000000 dists 245760.0000 122880.0000 0.0000 450560.0000 rdists 0.00000488 0.00000814 0.00000698 0.00000000
proto 18 swp-branch-03.mb stiffness 0.000000 dists 163840.0000 81920.0000 0.0000 245760.0000 rdists 0.00001221 0.00001221 0.00001744 0.00000000
proto 19 swp-branch-03m.mb stiffness 0.000000 dists 245760.0000 122880.0000 0.0000 450560.0000 rdists 0.00000488 0.00000814 0.00000698 0.00000000
proto 20 swp-grass-01.mb stiffness 0.300000 dists 245760.0000 122880.0000 0.0000 327680.0000 rdists 0.00001221 0.00000814 0.00001744 0.30000001
proto 21 swp-pad.mb stiffness 0.400000 dists 245760.0000 122880.0000 0.0000 327680.0000 rdists 0.00001221 0.00000814 0.00001744 0.40000001
proto 22 swp-scum.mb stiffness 0.500000 dists 245760.0000 122880.0000 0.0000 327680.0000 rdists 0.00001221 0.00000814 0.00001744 0.50000000
proto 23 swp-spanmoss-01.mb stiffness 0.400000 dists 245760.0000 122880.0000 0.0000 450560.0000 rdists 0.00000488 0.00000814 0.00000698 0.40000001
proto 24 swp-planktie-03.mb stiffness 0.000000 dists 245760.0000 122880.0000 0.0000 368640.0000 rdists 0.00000814 0.00000814 0.00001163 0.00000000
proto 25 swp-planktie-04.mb stiffness 0.000000 dists 245760.0000 122880.0000 0.0000 368640.0000 rdists 0.00000814 0.00000814 0.00001163 0.00000000
proto 26 swp-planktie-05.mb stiffness 0.000000 dists 245760.0000 122880.0000 0.0000 368640.0000 rdists 0.00000814 0.00000814 0.00001163 0.00000000
proto 27 roofgrass.mb stiffness 0.300000 dists 163840.0000 81920.0000 0.0000 245760.0000 rdists 0.00001221 0.00001221 0.00001744 0.30000001
proto 28 roofgrass2.mb stiffness 0.300000 dists 163840.0000 81920.0000 0.0000 245760.0000 rdists 0.00001221 0.00001221 0.00001744 0.30000001
proto 29 swp-planktie-02.mb stiffness 0.000000 dists 245760.0000 122880.0000 0.0000 368640.0000 rdists 0.00000814 0.00000814 0.00001163 0.00000000
proto 30 dirtmoundfinal.mb stiffness 0.000000 dists 163840.0000 81920.0000 0.0000 245760.0000 rdists 0.00001221 0.00001221 0.00001744 0.00000000
proto 31 swp-moss-01m.mb stiffness 0.000000 dists 245760.0000 122880.0000 0.0000 450560.0000 rdists 0.00000488 0.00000814 0.00000698 0.00000000
inst 0 0 1601
inst 1 0 1602
inst 2 0 1603
inst 3 0 1604
inst 4 0 1605
inst 5 0 1606
inst 6 0 1608
inst 7 0 1640
inst 8 0 382
inst 9 0 383
inst 10 0 1632
inst 11 0 1633
inst 12 0 1634
inst 13 0 1638
inst 14 0 1639
inst 15 0 1607
inst 16 0 315
inst 17 0 316
inst 18 0 372
inst 19 0 373
inst 20 0 374
inst 21 0 377
inst 22 0 1600
inst 23 0 1673
inst 24 0 375
inst 25 0 376
inst 26 0 378
inst 27 0 380
inst 28 0 381
inst 29 0 1609
inst 30 0 379
inst 31 0 1599
inst 32 0 307
inst 33 0 308
inst 34 0 309
inst 35 0 310
inst 36 0 311
inst 37 0 313
inst 38 0 1682
inst 39 0 314
inst 40 0 312
inst 41 0 1668
inst 42 0 1670
inst 43 0 1671
inst 44 0 1674
inst 45 0 1675
inst 46 0 1676
inst 47 0 1672
inst 48 0 319
inst 49 0 1664
inst 50 0 1666
inst 51 0 1667
inst 52 0 1669
inst 53 0 1677
inst 54 0 1678
inst 55 0 1665
inst 56 0 317
inst 57 0 320
inst 58 0 321
inst 59 0 322
inst 60 0 323
inst 61 0 324
inst 62 0 325
inst 63 0 1663
inst 64 0 1611
inst 65 0 1612
inst 66 0 1613
inst 67 0 1637
inst 68 0 1641
inst 69 0 1642
inst 70 0 1643
inst 71 0 1636
inst 72 0 368
inst 73 0 369
inst 74 0 370
inst 75 0 384
inst 76 0 1614
inst 77 0 386
inst 78 0 1610
inst 79 0 1635
inst 80 0 356
inst 81 0 363
inst 82 0 365
inst 83 0 1616
inst 84 0 1617
inst 85 0 1644
inst 86 0 1646
inst 87 0 1615
inst 88 0 352
inst 89 0 1618
inst 90 0 1619
inst 91 0 1621
inst 92 0 1622
inst 93 0 1623
inst 94 0 1620
inst 95 0 1645
inst 96 0 354
inst 97 0 364
inst 98 0 367
inst 99 0 385
inst 100 0 404
inst 101 0 405
inst 102 0 366
inst 103 0 371
inst 104 0 345
inst 105 0 348
inst 106 0 353
inst 107 0 358
inst 108 0 362
inst 109 0 406
inst 110 0 342
inst 111 0 355
inst 112 0 328
inst 113 0 329
inst 114 0 330
inst 115 0 331
inst 116 0 332
inst 117 0 333
inst 118 0 334
inst 119 0 340
inst 120 0 335
inst 121 0 336
inst 122 0 338
inst 123 0 343
inst 124 0 341
inst 125 0 344
inst 126 0 337
inst 127 0 339
inst 128 0 302
inst 129 0 303
inst 130 0 304
inst 131 0 305
inst 132 0 1679
inst 133 0 1681
inst 134 0 306
inst 135 0 1680
inst 136 0 297
inst 137 0 298
inst 138 0 300
inst 139 0 301
inst 140 0 326
inst 141 0 327
inst 142 0 318
inst 143 0 299
inst 144 0 222
inst 145 0 223
inst 146 0 280
inst 147 0 281
inst 148 0 1332
inst 149 0 1333
inst 150 0 1334
inst 151 0 224
inst 152 0 225
inst 153 0 226
inst 154 0 227
inst 155 0 228
inst 156 0 232
inst 157 0 233
inst 158 0 240
inst 159 0 282
inst 160 0 220
inst 161 0 221
inst 162 0 284
inst 163 0 286
inst 164 0 288
inst 165 0 290
inst 166 0 291
inst 167 0 402
inst 168 0 242
inst 169 0 248
inst 170 0 287
inst 171 0 401
inst 172 0 403
inst 173 0 229
inst 174 0 219
inst 175 0 289
inst 176 0 230
inst 177 0 231
inst 178 0 241
inst 179 0 255
inst 180 0 256
inst 181 0 257
inst 182 0 258
inst 183 0 234
inst 184 0 245
inst 185 0 246
inst 186 0 252
inst 187 0 254
inst 188 0 259
inst 189 0 261
inst 190 0 247
inst 191 0 253
inst 192 0 251
inst 193 0 283
inst 194 0 285
inst 195 0 292
inst 196 0 293
inst 197 0 294
inst 198 0 295
inst 199 0 296
inst 200 0 196
inst 201 0 197
inst 202 0 198
inst 203 0 202
inst 204 0 211
inst 205 0 212
inst 206 0 250
inst 207 0 249
inst 208 0 195
inst 209 0 199
inst 210 0 200
inst 211 0 201
inst 212 0 203
inst 213 0 206
inst 214 0 209
inst 215 0 204
inst 216 0 210
inst 217 0 216
inst 218 0 217
inst 219 0 218
inst 220 0 215
inst 221 0 208
inst 222 0 213
inst 223 0 214
inst 224 0 243
inst 225 0 244
inst 226 0 260
inst 227 0 269
inst 228 0 270
inst 229 0 273
inst 230 0 277
inst 231 0 278
inst 232 0 191
inst 233 0 192
inst 234 0 193
inst 235 0 194
inst 236 0 207
inst 237 0 275
inst 238 0 205
inst 239 0 279
inst 240 0 263
inst 241 0 264
inst 242 0 266
inst 243 0 268
inst 244 0 271
inst 245 0 272
inst 246 0 262
inst 247 0 267
inst 248 0 235
inst 249 0 236
inst 250 0 237
inst 251 0 238
inst 252 0 239
inst 253 0 274
inst 254 0 276
inst 255 0 265
inst 256 0 357
inst 257 0 360
inst 258 0 1624
inst 259 0 1625
inst 260 0 1626
inst 261 0 1627
inst 262 0 1650
inst 263 0 359
inst 264 0 349
inst 265 0 350
inst 266 0 351
inst 267 0 361
inst 268 0 1651
inst 269 0 1659
inst 270 0 1660
inst 271 0 1652
inst 272 0 1628
inst 273 0 1629
inst 274 0 1630
inst 275 0 1647
inst 276 0 1648
inst 277 0 1631
inst 278 0 1649
inst 279 0 1661
inst 280 0 25
inst 281 0 26
inst 282 0 27
inst 283 0 28
inst 284 0 2206
inst 285 0 2207
inst 286 0 2208
inst 287 0 29
inst 288 0 1654
inst 289 0 1655
inst 290 0 1656
inst 291 0 1658
inst 292 0 346
inst 293 0 347
inst 294 0 1653
inst 295 0 1657
inst 296 0 188
inst 297 0 189
inst 298 0 387
inst 299 0 388
inst 300 0 389
inst 301 0 407
inst 302 0 409
inst 303 0 190
inst 304 0 0
inst 305 0 2
inst 306 0 16
inst 307 0 17
inst 308 0 18
inst 309 0 186
inst 310 0 187
inst 311 0 185
inst 312 0 19
inst 313 0 51
inst 314 0 52
inst 315 0 53
inst 316 0 716
inst 317 0 717
inst 318 0 718
inst 319 0 1
inst 320 0 9
inst 321 0 10
inst 322 0 22
inst 323 0 39
inst 324 0 40
inst 325 0 8
inst 326 0 23
inst 327 0 24
inst 328 0 12
inst 329 0 30
inst 330 0 31
inst 331 0 44
inst 332 0 47
inst 333 0 48
inst 334 0 49
inst 335 0 43
inst 336 0 20
inst 337 0 54
inst 338 0 55
inst 339 0 56
inst 340 0 57
inst 341 0 21
inst 342 0 41
inst 343 0 42
inst 344 0 13
inst 345 0 14
inst 346 0 15
inst 347 0 32
inst 348 0 45
inst 349 0 50
inst 350 0 46
inst 351 0 11
inst 352 0 7
inst 353 0 34
inst 354 0 35
inst 355 0 60
inst 356 0 61
inst 357 0 62
inst 358 0 58
inst 359 0 59
inst 360 0 3
inst 361 0 4
inst 362 0 6
inst 363 0 63
inst 364 0 64
inst 365 0 74
inst 366 0 5
inst 367 0 33
inst 368 0 72
inst 369 0 73
inst 370 0 390
inst 371 0 392
inst 372 0 393
inst 373 0 394
inst 374 0 395
inst 375 0 65
inst 376 0 38
inst 377 0 66
inst 378 0 67
inst 379 0 69
inst 380 0 70
inst 381 0 71
inst 382 0 1996
inst 383 0 391
inst 384 0 408
inst 385 0 410
inst 386 0 411
inst 387 0 412
inst 388 0 413
inst 389 0 415
inst 390 0 416
inst 391 0 417
inst 392 0 179
inst 393 0 180
inst 394 0 181
inst 395 0 182
inst 396 0 183
inst 397 0 184
inst 398 0 418
inst 399 0 414
inst 400 0 112
inst 401 0 114
inst 402 0 115
inst 403 0 116
inst 404 0 173
inst 405 0 174
inst 406 0 176
inst 407 0 178
inst 408 0 117
inst 409 0 118
inst 410 0 119
inst 411 0 120
inst 412 0 121
inst 413 0 122
inst 414 0 400
inst 415 0 113
inst 416 0 167
inst 417 0 168
inst 418 0 169
inst 419 0 170
inst 420 0 171
inst 421 0 175
inst 422 0 177
inst 423 0 172
inst 424 0 158
inst 425 0 160
inst 426 0 161
inst 427 0 162
inst 428 0 163
inst 429 0 164
inst 430 0 166
inst 431 0 165
inst 432 0 123
inst 433 0 124
inst 434 0 127
inst 435 0 396
inst 436 0 397
inst 437 0 398
inst 438 0 399
inst 439 0 125
inst 440 0 128
inst 441 0 129
inst 442 0 156
inst 443 0 157
inst 444 0 159
inst 445 0 155
inst 446 0 126
inst 447 0 130
inst 448 0 37
inst 449 0 68
inst 450 0 75
inst 451 0 76
inst 452 0 77
inst 453 0 78
inst 454 0 79
inst 455 0 36
inst 456 0 81
inst 457 0 82
inst 458 0 83
inst 459 0 84
inst 460 0 85
inst 461 0 86
inst 462 0 94
inst 463 0 80
inst 464 0 93
inst 465 0 95
inst 466 0 97
inst 467 0 107
inst 468 0 111
inst 469 0 131
inst 470 0 132
inst 471 0 133
inst 472 0 96
inst 473 0 104
inst 474 0 105
inst 475 0 106
inst 476 0 108
inst 477 0 109
inst 478 0 110
inst 479 0 92
inst 480 0 135
inst 481 0 136
inst 482 0 137
inst 483 0 138
inst 484 0 139
inst 485 0 140
inst 486 0 145
inst 487 0 134
inst 488 0 141
inst 489 0 142
inst 490 0 144
inst 491 0 148
inst 492 0 149
inst 493 0 150
inst 494 0 151
inst 495 0 143
inst 496 0 89
inst 497 0 90
inst 498 0 98
inst 499 0 99
inst 500 0 100
inst 501 0 101
inst 502 0 102
inst 503 0 103
inst 504 0 87
inst 505 0 146
inst 506 0 147
inst 507 0 152
inst 508 0 153
inst 509 0 154
inst 510 0 88
inst 511 0 91
inst 512 0 1997
inst 513 0 1995
inst 514 1 446
inst 515 1 447
inst 516 1 448
inst 517 1 449
inst 518 1 450
inst 519 1 451
inst 520 1 454
inst 521 1 455
inst 522 1 424
inst 523 1 427
inst 524 1 429
inst 525 1 2156
inst 526 1 421
inst 527 1 422
inst 528 1 423
inst 529 1 719
inst 530 1 1424
inst 531 1 1425
inst 532 1 1426
inst 533 1 1716
inst 534 1 1717
inst 535 1 1722
inst 536 1 452
inst 537 1 453
inst 538 1 456
inst 539 1 458
inst 540 1 460
inst 541 1 1417
inst 542 1 1418
inst 543 1 1419
inst 544 1 1420
inst 545 1 804
inst 546 1 419
inst 547 1 426
inst 548 1 428
inst 549 1 430
inst 550 1 431
inst 551 1 432
inst 552 1 433
inst 553 1 425
inst 554 1 420
inst 555 1 439
inst 556 1 444
inst 557 1 445
inst 558 1 824
inst 559 1 825
inst 560 1 2162
inst 561 1 434
inst 562 1 435
inst 563 1 436
inst 564 1 437
inst 565 1 441
inst 566 1 442
inst 567 1 443
inst 568 1 438
inst 569 1 440
inst 570 1 488
inst 571 1 489
inst 572 1 490
inst 573 1 491
inst 574 1 502
inst 575 1 1927
inst 576 1 1952
inst 577 1 503
inst 578 1 457
inst 579 1 459
inst 580 1 462
inst 581 1 463
inst 582 1 2070
inst 583 1 2091
inst 584 1 2092
inst 585 1 2093
inst 586 1 464
inst 587 1 466
inst 588 1 477
inst 589 1 478
inst 590 1 1756
inst 591 1 465
inst 592 1 1755
inst 593 1 461
inst 594 1 476
inst 595 1 773
inst 596 1 1814
inst 597 1 1815
inst 598 1 1816
inst 599 1 1817
inst 600 1 1818
inst 601 1 1819
inst 602 1 467
inst 603 1 473
inst 604 1 474
inst 605 1 1800
inst 606 1 1801
inst 607 1 1802
inst 608 1 1803
inst 609 1 475
inst 610 1 480
inst 611 1 486
inst 612 1 487
inst 613 1 492
inst 614 1 1889
inst 615 1 1890
inst 616 1 1891
inst 617 1 1799
inst 618 1 472
inst 619 1 481
inst 620 1 1795
inst 621 1 470
inst 622 1 726
inst 623 1 479
inst 624 1 1892
inst 625 1 1893
inst 626 1 494
inst 627 1 495
inst 628 1 496
inst 629 1 497
inst 630 1 500
inst 631 1 501
inst 632 1 1960
inst 633 1 493
inst 634 1 484
inst 635 1 1918
inst 636 1 1919
inst 637 1 1920
inst 638 1 482
inst 639 1 483
inst 640 1 498
inst 641 1 499
inst 642 1 746
inst 643 1 747
inst 644 1 748
inst 645 1 749
inst 646 1 1871
inst 647 1 1872
inst 648 1 2114
inst 649 1 2132
inst 650 1 468
inst 651 1 469
inst 652 1 1792
inst 653 1 1793
inst 654 1 1794
inst 655 1 1870
inst 656 1 471
inst 657 1 1869
inst 658 1 730
inst 659 1 731
inst 660 1 1781
inst 661 1 1786
inst 662 1 1789
inst 663 1 1790
inst 664 1 1791
inst 665 1 732
inst 666 1 485
inst 667 2 517
inst 668 2 520
inst 669 2 522
inst 670 2 524
inst 671 2 537
inst 672 2 538
inst 673 2 539
inst 674 2 1686
inst 675 2 526
inst 676 2 527
inst 677 2 528
inst 678 2 536
inst 679 2 554
inst 680 2 525
inst 681 2 553
inst 682 2 1687
inst 683 2 530
inst 684 2 531
inst 685 2 555
inst 686 2 2047
inst 687 2 2048
inst 688 2 2245
inst 689 2 2246
inst 690 2 529
inst 691 2 532
inst 692 2 2052
inst 693 2 2053
inst 694 2 2054
inst 695 2 2055
inst 696 2 2049
inst 697 2 2050
inst 698 2 2051
inst 699 2 515
inst 700 2 518
inst 701 2 523
inst 702 2 1689
inst 703 2 1690
inst 704 2 516
inst 705 2 521
inst 706 2 1688
inst 707 2 511
inst 708 2 512
inst 709 2 513
inst 710 2 514
inst 711 2 1662
inst 712 2 1693
inst 713 2 519
inst 714 2 1691
inst 715 2 543
inst 716 2 541
inst 717 2 542
inst 718 2 1692
inst 719 2 1694
inst 720 2 1695
inst 721 2 1696
inst 722 2 1697
inst 723 2 533
inst 724 2 534
inst 725 2 535
inst 726 2 544
inst 727 2 545
inst 728 2 546
inst 729 2 540
inst 730 2 1698
inst 731 2 508
inst 732 2 1684
inst 733 2 1710
inst 734 2 1711
inst 735 2 1726
inst 736 2 1727
inst 737 2 1729
inst 738 2 1730
inst 739 2 1712
inst 740 2 1713
inst 741 2 1715
inst 742 2 1719
inst 743 2 1720
inst 744 2 1728
inst 745 2 1731
inst 746 2 1732
inst 747 2 704
inst 748 2 1413
inst 749 2 1414
inst 750 2 1431
inst 751 2 1434
inst 752 2 1435
inst 753 2 1464
inst 754 2 1471
inst 755 2 1583
inst 756 2 1584
inst 757 2 1585
inst 758 2 1721
inst 759 2 1724
inst 760 2 1733
inst 761 2 1734
inst 762 2 1714
inst 763 2 549
inst 764 2 550
inst 765 2 551
inst 766 2 552
inst 767 2 510
inst 768 2 506
inst 769 2 507
inst 770 2 509
inst 771 2 504
inst 772 2 703
inst 773 2 724
inst 774 2 725
inst 775 2 702
inst 776 2 1596
inst 777 2 1723
inst 778 2 505
inst 779 2 1581
inst 780 2 1735
inst 781 2 1736
inst 782 2 1580
inst 783 2 1737
inst 784 2 1587
inst 785 2 1598
inst 786 2 1592
inst 787 2 701
inst 788 2 1707
inst 789 2 1706
inst 790 2 1708
inst 791 2 1709
inst 792 2 1718
inst 793 2 1725
inst 794 2 1597
inst 795 2 1441
inst 796 2 1442
inst 797 2 1446
inst 798 2 2006
inst 799 2 2007
inst 800 2 2008
inst 801 2 2009
inst 802 2 2010
inst 803 2 1440
inst 804 2 1443
inst 805 2 1445
inst 806 2 1453
inst 807 2 1454
inst 808 2 1455
inst 809 2 1470
inst 810 2 1438
inst 811 2 1444
inst 812 2 1467
inst 813 2 1468
inst 814 2 1469
inst 815 2 1433
inst 816 2 1436
inst 817 2 1437
inst 818 2 1439
inst 819 2 1430
inst 820 2 1448
inst 821 2 1449
inst 822 2 1450
inst 823 2 1432
inst 824 2 1447
inst 825 2 1451
inst 826 2 1452
inst 827 2 1416
inst 828 2 1421
inst 829 2 1422
inst 830 2 1427
inst 831 2 1428
inst 832 2 1423
inst 833 2 1429
inst 834 2 1415
inst 835 2 800
inst 836 2 844
inst 837 2 2209
inst 838 2 2210
inst 839 2 2211
inst 840 2 2212
inst 841 2 2213
inst 842 2 705
inst 843 2 706
inst 844 2 806
inst 845 2 2253
inst 846 2 2257
inst 847 2 2258
inst 848 2 2259
inst 849 2 699
inst 850 2 700
inst 851 2 2248
inst 852 2 2249
inst 853 2 2250
inst 854 2 2725
inst 855 2 805
inst 856 2 2251
inst 857 2 2254
inst 858 2 2255
inst 859 2 696
inst 860 2 801
inst 861 2 803
inst 862 2 2061
inst 863 2 2062
inst 864 2 697
inst 865 2 698
inst 866 2 802
inst 867 2 2057
inst 868 2 2080
inst 869 2 2082
inst 870 2 2083
inst 871 2 2084
inst 872 2 694
inst 873 2 2059
inst 874 2 2060
inst 875 2 2085
inst 876 2 2086
inst 877 2 2087
inst 878 2 2088
inst 879 2 2252
inst 880 2 2724
inst 881 2 2081
inst 882 2 2256
inst 883 2 2101
inst 884 2 2063
inst 885 2 2065
inst 886 2 2089
inst 887 2 2090
inst 888 2 2056
inst 889 2 2058
inst 890 2 2064
inst 891 2 2004
inst 892 2 2005
inst 893 2 2107
inst 894 2 2108
inst 895 2 2109
inst 896 2 695
inst 897 2 2066
inst 898 2 2103
inst 899 2 2096
inst 900 2 2097
inst 901 2 2069
inst 902 2 2094
inst 903 2 2095
inst 904 2 2102
inst 905 2 2068
inst 906 2 2067
inst 907 2 1835
inst 908 2 1836
inst 909 2 1844
inst 910 2 1845
inst 911 2 1846
inst 912 2 1847
inst 913 2 1848
inst 914 2 1849
inst 915 2 1824
inst 916 2 1825
inst 917 2 1830
inst 918 2 1831
inst 919 2 1832
inst 920 2 1833
inst 921 2 693
inst 922 2 692
inst 923 2 556
inst 924 2 557
inst 925 2 720
inst 926 2 721
inst 927 2 772
inst 928 2 2243
inst 929 2 2244
inst 930 2 2247
inst 931 2 761
inst 932 2 762
inst 933 2 763
inst 934 2 764
inst 935 2 765
inst 936 2 766
inst 937 2 769
inst 938 2 722
inst 939 2 2016
inst 940 2 2017
inst 941 2 2018
inst 942 2 2019
inst 943 2 2020
inst 944 2 2021
inst 945 2 2022
inst 946 2 2024
inst 947 2 768
inst 948 2 770
inst 949 2 558
inst 950 2 767
inst 951 2 771
inst 952 2 2023
inst 953 2 2025
inst 954 2 723
inst 955 2 2159
inst 956 2 2164
inst 957 2 2165
inst 958 2 2166
inst 959 2 547
inst 960 2 2155
inst 961 2 2163
inst 962 2 2167
inst 963 2 2268
inst 964 2 2270
inst 965 2 2272
inst 966 2 2157
inst 967 2 2158
inst 968 2 2160
inst 969 2 2161
inst 970 2 2026
inst 971 2 548
inst 972 2 833
inst 973 2 834
inst 974 2 835
inst 975 2 836
inst 976 2 837
inst 977 2 838
inst 978 2 2689
inst 979 2 839
inst 980 2 2267
inst 981 2 2727
inst 982 2 2728
inst 983 2 2269
inst 984 2 2271
inst 985 2 2726
inst 986 2 2612
inst 987 2 580
inst 988 2 581
inst 989 2 582
inst 990 2 583
inst 991 2 584
inst 992 2 585
inst 993 2 586
inst 994 2 587
inst 995 2 569
inst 996 2 570
inst 997 2 572
inst 998 2 575
inst 999 2 576
inst 1000 2 577
inst 1001 2 578
inst 1002 2 579
inst 1003 2 560
inst 1004 2 561
inst 1005 2 562
inst 1006 2 563
inst 1007 2 564
inst 1008 2 565
inst 1009 2 559
inst 1010 2 2274
inst 1011 2 567
inst 1012 2 568
inst 1013 2 571
inst 1014 2 573
inst 1015 2 826
inst 1016 2 827
inst 1017 2 574
inst 1018 2 566
inst 1019 2 819
inst 1020 2 820
inst 1021 2 840
inst 1022 2 2029
inst 1023 2 2237
inst 1024 2 2240
inst 1025 2 2242
inst 1026 2 2241
inst 1027 2 2168
inst 1028 2 818
inst 1029 2 2027
inst 1030 2 2028
inst 1031 2 2030
inst 1032 2 2031
inst 1033 2 2032
inst 1034 2 2033
inst 1035 2 2174
inst 1036 2 2176
inst 1037 2 2729
inst 1038 2 2731
inst 1039 2 2732
inst 1040 2 2734
inst 1041 2 2169
inst 1042 2 2175
inst 1043 2 822
inst 1044 2 823
inst 1045 2 2172
inst 1046 2 2173
inst 1047 2 2730
inst 1048 2 2733
inst 1049 2 2170
inst 1050 2 2171
inst 1051 2 774
inst 1052 2 776
inst 1053 2 842
inst 1054 2 843
inst 1055 2 1813
inst 1056 2 1856
inst 1057 2 2619
inst 1058 2 777
inst 1059 2 662
inst 1060 2 663
inst 1061 2 1853
inst 1062 2 1854
inst 1063 2 1855
inst 1064 2 2221
inst 1065 2 1850
inst 1066 2 775
inst 1067 2 1820
inst 1068 2 1821
inst 1069 2 1822
inst 1070 2 1823
inst 1071 2 1827
inst 1072 2 1828
inst 1073 2 1829
inst 1074 2 1826
inst 1075 2 813
inst 1076 2 2216
inst 1077 2 1852
inst 1078 2 2217
inst 1079 2 2218
inst 1080 2 2219
inst 1081 2 2220
inst 1082 2 1851
inst 1083 2 601
inst 1084 2 602
inst 1085 2 614
inst 1086 2 615
inst 1087 2 616
inst 1088 2 841
inst 1089 2 1932
inst 1090 2 1938
inst 1091 2 604
inst 1092 2 605
inst 1093 2 612
inst 1094 2 1926
inst 1095 2 1941
inst 1096 2 1943
inst 1097 2 611
inst 1098 2 613
inst 1099 2 2224
inst 1100 2 2225
inst 1101 2 2226
inst 1102 2 2227
inst 1103 2 2222
inst 1104 2 2223
inst 1105 2 2228
inst 1106 2 610
inst 1107 2 607
inst 1108 2 608
inst 1109 2 609
inst 1110 2 708
inst 1111 2 710
inst 1112 2 845
inst 1113 2 606
inst 1114 2 1942
inst 1115 2 589
inst 1116 2 590
inst 1117 2 799
inst 1118 2 603
inst 1119 2 1930
inst 1120 2 1976
inst 1121 2 1977
inst 1122 2 1978
inst 1123 2 591
inst 1124 2 592
inst 1125 2 2236
inst 1126 2 2235
inst 1127 2 588
inst 1128 2 2234
inst 1129 2 2238
inst 1130 2 2239
inst 1131 2 595
inst 1132 2 596
inst 1133 2 597
inst 1134 2 598
inst 1135 2 599
inst 1136 2 600
inst 1137 2 797
inst 1138 2 798
inst 1139 2 593
inst 1140 2 634
inst 1141 2 1971
inst 1142 2 1973
inst 1143 2 594
inst 1144 2 1968
inst 1145 2 1969
inst 1146 2 1970
inst 1147 2 617
inst 1148 2 618
inst 1149 2 619
inst 1150 2 620
inst 1151 2 621
inst 1152 2 1954
inst 1153 2 622
inst 1154 2 786
inst 1155 2 636
inst 1156 2 715
inst 1157 2 635
inst 1158 2 707
inst 1159 2 709
inst 1160 2 714
inst 1161 2 623
inst 1162 2 624
inst 1163 2 1961
inst 1164 2 1963
inst 1165 2 1964
inst 1166 2 1965
inst 1167 2 1966
inst 1168 2 633
inst 1169 2 1967
inst 1170 2 625
inst 1171 2 626
inst 1172 2 630
inst 1173 2 631
inst 1174 2 632
inst 1175 2 1949
inst 1176 2 1947
inst 1177 2 1962
inst 1178 2 1948
inst 1179 2 684
inst 1180 2 685
inst 1181 2 686
inst 1182 2 687
inst 1183 2 688
inst 1184 2 689
inst 1185 2 690
inst 1186 2 691
inst 1187 2 681
inst 1188 2 682
inst 1189 2 1837
inst 1190 2 678
inst 1191 2 680
inst 1192 2 1874
inst 1193 2 1875
inst 1194 2 1876
inst 1195 2 2140
inst 1196 2 2141
inst 1197 2 2142
inst 1198 2 2145
inst 1199 2 2146
inst 1200 2 2147
inst 1201 2 744
inst 1202 2 745
inst 1203 2 1867
inst 1204 2 1868
inst 1205 2 2133
inst 1206 2 2139
inst 1207 2 679
inst 1208 2 683
inst 1209 2 1873
inst 1210 2 2143
inst 1211 2 739
inst 1212 2 754
inst 1213 2 757
inst 1214 2 2110
inst 1215 2 2111
inst 1216 2 2112
inst 1217 2 2113
inst 1218 2 2148
inst 1219 2 751
inst 1220 2 752
inst 1221 2 753
inst 1222 2 740
inst 1223 2 750
inst 1224 2 755
inst 1225 2 756
inst 1226 2 2125
inst 1227 2 743
inst 1228 2 2130
inst 1229 2 2137
inst 1230 2 2134
inst 1231 2 2135
inst 1232 2 2136
inst 1233 2 2138
inst 1234 2 2144
inst 1235 2 742
inst 1236 2 2127
inst 1237 2 2128
inst 1238 2 2129
inst 1239 2 741
inst 1240 2 2124
inst 1241 2 2126
inst 1242 2 2131
inst 1243 2 661
inst 1244 2 1860
inst 1245 2 1861
inst 1246 2 1862
inst 1247 2 1857
inst 1248 2 2215
inst 1249 2 812
inst 1250 2 1810
inst 1251 2 664
inst 1252 2 665
inst 1253 2 1798
inst 1254 2 1858
inst 1255 2 1882
inst 1256 2 669
inst 1257 2 811
inst 1258 2 1807
inst 1259 2 666
inst 1260 2 1804
inst 1261 2 1805
inst 1262 2 1806
inst 1263 2 1840
inst 1264 2 1994
inst 1265 2 668
inst 1266 2 1859
inst 1267 2 1863
inst 1268 2 2011
inst 1269 2 2012
inst 1270 2 2013
inst 1271 2 2014
inst 1272 2 2015
inst 1273 2 670
inst 1274 2 1993
inst 1275 2 671
inst 1276 2 672
inst 1277 2 1839
inst 1278 2 1880
inst 1279 2 677
inst 1280 2 667
inst 1281 2 1838
inst 1282 2 1992
inst 1283 2 676
inst 1284 2 729
inst 1285 2 1865
inst 1286 2 1866
inst 1287 2 1877
inst 1288 2 1878
inst 1289 2 1879
inst 1290 2 675
inst 1291 2 673
inst 1292 2 807
inst 1293 2 808
inst 1294 2 809
inst 1295 2 810
inst 1296 2 1841
inst 1297 2 1864
inst 1298 2 1881
inst 1299 2 1783
inst 1300 2 728
inst 1301 2 1785
inst 1302 2 674
inst 1303 2 727
inst 1304 2 1780
inst 1305 2 1784
inst 1306 2 1782
inst 1307 2 637
inst 1308 2 656
inst 1309 2 657
inst 1310 2 658
inst 1311 2 659
inst 1312 2 2229
inst 1313 2 2231
inst 1314 2 2232
inst 1315 2 652
inst 1316 2 654
inst 1317 2 655
inst 1318 2 1885
inst 1319 2 1886
inst 1320 2 1894
inst 1321 2 1895
inst 1322 2 2346
inst 1323 2 629
inst 1324 2 639
inst 1325 2 640
inst 1326 2 712
inst 1327 2 713
inst 1328 2 627
inst 1329 2 638
inst 1330 2 711
inst 1331 2 650
inst 1332 2 1905
inst 1333 2 1917
inst 1334 2 651
inst 1335 2 1899
inst 1336 2 1900
inst 1337 2 1901
inst 1338 2 641
inst 1339 2 660
inst 1340 2 2230
inst 1341 2 2233
inst 1342 2 2342
inst 1343 2 2343
inst 1344 2 2344
inst 1345 2 2345
inst 1346 2 1902
inst 1347 2 648
inst 1348 2 653
inst 1349 2 1904
inst 1350 2 2037
inst 1351 2 649
inst 1352 2 1903
inst 1353 2 2036
inst 1354 2 2038
inst 1355 2 646
inst 1356 2 758
inst 1357 2 759
inst 1358 2 1915
inst 1359 2 2034
inst 1360 2 2035
inst 1361 2 2039
inst 1362 2 2040
inst 1363 2 733
inst 1364 2 734
inst 1365 2 735
inst 1366 2 736
inst 1367 2 737
inst 1368 2 738
inst 1369 2 647
inst 1370 2 760
inst 1371 2 643
inst 1372 2 645
inst 1373 2 2177
inst 1374 2 2190
inst 1375 2 2191
inst 1376 2 628
inst 1377 2 642
inst 1378 2 644
inst 1379 2 2183
inst 1380 2 2189
inst 1381 2 2181
inst 1382 2 2182
inst 1383 2 2187
inst 1384 2 2188
inst 1385 3 828
inst 1386 3 829
inst 1387 3 830
inst 1388 3 831
inst 1389 3 832
inst 1390 3 2264
inst 1391 3 2266
inst 1392 3 2273
inst 1393 3 816
inst 1394 3 817
inst 1395 3 2261
inst 1396 3 2262
inst 1397 3 2263
inst 1398 3 814
inst 1399 3 815
inst 1400 3 2265
inst 1401 3 782
inst 1402 3 1330
inst 1403 3 1338
inst 1404 3 1343
inst 1405 3 1349
inst 1406 3 1811
inst 1407 3 1812
inst 1408 3 2077
inst 1409 3 785
inst 1410 3 793
inst 1411 3 794
inst 1412 3 795
inst 1413 3 796
inst 1414 3 821
inst 1415 3 783
inst 1416 3 784
inst 1417 3 1331
inst 1418 3 1337
inst 1419 3 2071
inst 1420 3 2073
inst 1421 3 2099
inst 1422 3 2100
inst 1423 3 2078
inst 1424 3 2079
inst 1425 3 2074
inst 1426 3 2075
inst 1427 3 2076
inst 1428 3 2104
inst 1429 3 2105
inst 1430 3 2106
inst 1431 3 2072
inst 1432 3 2098
inst 1433 3 1339
inst 1434 3 1340
inst 1435 3 1341
inst 1436 3 1757
inst 1437 3 1758
inst 1438 3 1834
inst 1439 3 1843
inst 1440 3 1771
inst 1441 3 787
inst 1442 3 788
inst 1443 3 789
inst 1444 3 790
inst 1445 3 791
inst 1446 3 792
inst 1447 3 781
inst 1448 3 1808
inst 1449 3 2123
inst 1450 3 2149
inst 1451 3 2150
inst 1452 3 2151
inst 1453 3 2152
inst 1454 3 2153
inst 1455 3 2154
inst 1456 3 1809
inst 1457 3 2115
inst 1458 3 2116
inst 1459 3 2117
inst 1460 3 2118
inst 1461 3 2119
inst 1462 3 2120
inst 1463 3 2121
inst 1464 3 2122
inst 1465 3 1345
inst 1466 3 1348
inst 1467 3 1796
inst 1468 3 1797
inst 1469 3 2567
inst 1470 3 2568
inst 1471 3 1344
inst 1472 3 1342
inst 1473 3 779
inst 1474 3 1346
inst 1475 3 1787
inst 1476 3 1788
inst 1477 3 1842
inst 1478 3 1897
inst 1479 3 1898
inst 1480 3 1347
inst 1481 3 778
inst 1482 3 2045
inst 1483 3 2046
inst 1484 3 1896
inst 1485 3 2041
inst 1486 3 2042
inst 1487 3 2043
inst 1488 3 2044
inst 1489 3 780
inst 1490 3 1916
inst 1491 4 846
inst 1492 4 882
inst 1493 4 911
inst 1494 4 913
inst 1495 4 941
inst 1496 4 1351
inst 1497 4 1410
inst 1498 4 1411
inst 1499 4 914
inst 1500 4 915
inst 1501 4 918
inst 1502 4 923
inst 1503 4 927
inst 1504 4 942
inst 1505 4 1271
inst 1506 4 1412
inst 1507 4 883
inst 1508 4 884
inst 1509 4 1350
inst 1510 4 1352
inst 1511 4 1353
inst 1512 4 1359
inst 1513 4 881
inst 1514 4 921
inst 1515 4 888
inst 1516 4 889
inst 1517 4 891
inst 1518 4 892
inst 1519 4 893
inst 1520 4 1376
inst 1521 4 890
inst 1522 4 885
inst 1523 4 880
inst 1524 4 886
inst 1525 4 887
inst 1526 4 922
inst 1527 4 1369
inst 1528 4 1371
inst 1529 5 907
inst 1530 5 908
inst 1531 5 939
inst 1532 5 1210
inst 1533 5 1212
inst 1534 5 1273
inst 1535 5 1274
inst 1536 5 1275
inst 1537 5 857
inst 1538 5 877
inst 1539 5 879
inst 1540 5 1198
inst 1541 5 1208
inst 1542 5 1209
inst 1543 5 1286
inst 1544 5 1211
inst 1545 5 849
inst 1546 5 853
inst 1547 5 878
inst 1548 5 848
inst 1549 5 855
inst 1550 5 856
inst 1551 5 858
inst 1552 5 1290
inst 1553 5 1205
inst 1554 5 1287
inst 1555 5 1576
inst 1556 5 1207
inst 1557 5 876
inst 1558 5 1395
inst 1559 5 875
inst 1560 5 1390
inst 1561 5 1199
inst 1562 5 1276
inst 1563 5 1277
inst 1564 5 1278
inst 1565 5 1751
inst 1566 5 1752
inst 1567 5 854
inst 1568 5 864
inst 1569 5 947
inst 1570 5 1193
inst 1571 5 1200
inst 1572 5 1764
inst 1573 5 1765
inst 1574 5 1766
inst 1575 5 1282
inst 1576 5 847
inst 1577 5 871
inst 1578 5 872
inst 1579 5 873
inst 1580 5 1280
inst 1581 5 1281
inst 1582 5 1409
inst 1583 5 1398
inst 1584 5 1201
inst 1585 5 1284
inst 1586 5 1285
inst 1587 5 1406
inst 1588 5 1407
inst 1589 5 1408
inst 1590 5 1283
inst 1591 5 1405
inst 1592 5 1206
inst 1593 5 850
inst 1594 5 852
inst 1595 5 865
inst 1596 5 868
inst 1597 5 1196
inst 1598 5 1197
inst 1599 5 859
inst 1600 5 1279
inst 1601 5 1314
inst 1602 5 1315
inst 1603 5 861
inst 1604 5 863
inst 1605 5 869
inst 1606 5 851
inst 1607 5 866
inst 1608 5 867
inst 1609 5 1202
inst 1610 5 1203
inst 1611 5 1204
inst 1612 5 860
inst 1613 5 862
inst 1614 5 870
inst 1615 5 874
inst 1616 6 1743
inst 1617 6 1744
inst 1618 6 1745
inst 1619 6 1746
inst 1620 6 1747
inst 1621 6 1748
inst 1622 6 1749
inst 1623 6 1750
inst 1624 6 910
inst 1625 6 912
inst 1626 6 916
inst 1627 6 1738
inst 1628 6 1739
inst 1629 6 1741
inst 1630 6 1742
inst 1631 6 1740
inst 1632 6 919
inst 1633 6 935
inst 1634 6 938
inst 1635 6 940
inst 1636 6 1268
inst 1637 6 1269
inst 1638 6 1270
inst 1639 6 917
inst 1640 6 929
inst 1641 6 930
inst 1642 6 931
inst 1643 6 932
inst 1644 6 933
inst 1645 6 934
inst 1646 6 936
inst 1647 6 937
inst 1648 6 895
inst 1649 6 897
inst 1650 6 920
inst 1651 6 1354
inst 1652 6 1362
inst 1653 6 1393
inst 1654 6 1394
inst 1655 6 909
inst 1656 6 899
inst 1657 6 1361
inst 1658 6 1383
inst 1659 6 1387
inst 1660 6 1388
inst 1661 6 1355
inst 1662 6 1356
inst 1663 6 1357
inst 1664 6 905
inst 1665 6 925
inst 1666 6 926
inst 1667 6 928
inst 1668 6 1391
inst 1669 6 1392
inst 1670 6 904
inst 1671 6 1389
inst 1672 6 1288
inst 1673 6 1399
inst 1674 6 1400
inst 1675 6 1384
inst 1676 6 894
inst 1677 6 1386
inst 1678 6 1402
inst 1679 6 1385
inst 1680 6 900
inst 1681 6 1192
inst 1682 6 1194
inst 1683 6 1195
inst 1684 6 1358
inst 1685 6 1403
inst 1686 6 1404
inst 1687 6 1360
inst 1688 6 901
inst 1689 6 902
inst 1690 6 1363
inst 1691 6 1364
inst 1692 6 1367
inst 1693 6 1368
inst 1694 6 1370
inst 1695 6 898
inst 1696 6 1375
inst 1697 6 1397
inst 1698 6 896
inst 1699 6 1396
inst 1700 6 1401
inst 1701 6 1365
inst 1702 6 1366
inst 1703 6 1372
inst 1704 6 1374
inst 1705 6 1378
inst 1706 6 1379
inst 1707 6 906
inst 1708 6 1289
inst 1709 6 1373
inst 1710 6 1377
inst 1711 6 924
inst 1712 6 903
inst 1713 6 1380
inst 1714 6 1381
inst 1715 6 1382
inst 1716 7 943
inst 1717 7 945
inst 1718 7 946
inst 1719 7 948
inst 1720 7 949
inst 1721 7 955
inst 1722 7 996
inst 1723 7 1001
inst 1724 7 951
inst 1725 7 966
inst 1726 7 968
inst 1727 7 969
inst 1728 7 980
inst 1729 7 981
inst 1730 7 950
inst 1731 7 956
inst 1732 7 953
inst 1733 7 954
inst 1734 7 957
inst 1735 7 963
inst 1736 7 964
inst 1737 7 1291
inst 1738 7 1294
inst 1739 7 952
inst 1740 7 1085
inst 1741 7 986
inst 1742 8 1005
inst 1743 8 1006
inst 1744 8 1008
inst 1745 8 1267
inst 1746 8 1272
inst 1747 8 1303
inst 1748 8 1304
inst 1749 8 1305
inst 1750 8 999
inst 1751 8 1000
inst 1752 8 1002
inst 1753 8 1003
inst 1754 8 1223
inst 1755 8 1224
inst 1756 8 1004
inst 1757 8 1009
inst 1758 8 1307
inst 1759 8 1582
inst 1760 8 1591
inst 1761 8 1593
inst 1762 8 1594
inst 1763 8 1595
inst 1764 8 1683
inst 1765 8 1685
inst 1766 8 997
inst 1767 8 1306
inst 1768 8 1586
inst 1769 8 1589
inst 1770 8 998
inst 1771 8 971
inst 1772 8 1588
inst 1773 8 995
inst 1774 8 991
inst 1775 8 1011
inst 1776 8 1114
inst 1777 8 1225
inst 1778 8 1226
inst 1779 8 1007
inst 1780 8 1010
inst 1781 8 1115
inst 1782 8 993
inst 1783 8 994
inst 1784 8 1100
inst 1785 8 1218
inst 1786 8 1301
inst 1787 8 1704
inst 1788 8 992
inst 1789 8 1227
inst 1790 8 973
inst 1791 8 1107
inst 1792 8 1701
inst 1793 8 1703
inst 1794 8 1108
inst 1795 8 1302
inst 1796 8 1702
inst 1797 8 1705
inst 1798 8 975
inst 1799 8 976
inst 1800 8 977
inst 1801 8 1300
inst 1802 8 974
inst 1803 8 1036
inst 1804 8 1216
inst 1805 8 1217
inst 1806 8 944
inst 1807 8 965
inst 1808 8 967
inst 1809 8 1295
inst 1810 8 1296
inst 1811 8 1297
inst 1812 8 1299
inst 1813 8 972
inst 1814 8 970
inst 1815 8 1257
inst 1816 8 1310
inst 1817 8 1311
inst 1818 8 1312
inst 1819 8 1313
inst 1820 8 1324
inst 1821 8 960
inst 1822 8 982
inst 1823 8 983
inst 1824 8 984
inst 1825 8 985
inst 1826 8 1043
inst 1827 8 1084
inst 1828 8 1298
inst 1829 8 978
inst 1830 8 989
inst 1831 8 990
inst 1832 8 1046
inst 1833 8 1241
inst 1834 8 1308
inst 1835 8 1309
inst 1836 8 1292
inst 1837 8 1293
inst 1838 8 979
inst 1839 8 988
inst 1840 8 987
inst 1841 9 1024
inst 1842 9 1029
inst 1843 9 1031
inst 1844 9 1112
inst 1845 9 1125
inst 1846 9 1182
inst 1847 9 1219
inst 1848 9 1221
inst 1849 9 1037
inst 1850 9 1157
inst 1851 9 1159
inst 1852 9 1169
inst 1853 9 1187
inst 1854 9 1213
inst 1855 9 1699
inst 1856 9 1098
inst 1857 9 1041
inst 1858 9 1161
inst 1859 9 1163
inst 1860 9 1167
inst 1861 9 1231
inst 1862 9 1233
inst 1863 9 1039
inst 1864 9 1177
inst 1865 9 958
inst 1866 9 961
inst 1867 9 1015
inst 1868 9 1022
inst 1869 9 1065
inst 1870 9 1255
inst 1871 9 1316
inst 1872 9 1165
inst 1873 9 1044
inst 1874 9 1247
inst 1875 9 1020
inst 1876 9 1082
inst 1877 9 1242
inst 1878 10 1025
inst 1879 10 1030
inst 1880 10 1032
inst 1881 10 1113
inst 1882 10 1126
inst 1883 10 1183
inst 1884 10 1220
inst 1885 10 1222
inst 1886 10 1038
inst 1887 10 1158
inst 1888 10 1160
inst 1889 10 1170
inst 1890 10 1178
inst 1891 10 1188
inst 1892 10 1214
inst 1893 10 1099
inst 1894 10 1042
inst 1895 10 1164
inst 1896 10 1166
inst 1897 10 1168
inst 1898 10 1232
inst 1899 10 1234
inst 1900 10 1040
inst 1901 10 1700
inst 1902 10 962
inst 1903 10 1016
inst 1904 10 1021
inst 1905 10 1023
inst 1906 10 1066
inst 1907 10 1256
inst 1908 10 1317
inst 1909 10 1162
inst 1910 10 1045
inst 1911 10 959
inst 1912 10 1083
inst 1913 10 1243
inst 1914 10 1248
inst 1915 11 1026
inst 1916 11 1028
inst 1917 11 1033
inst 1918 11 1034
inst 1919 11 1035
inst 1920 11 1122
inst 1921 11 1149
inst 1922 11 1150
inst 1923 11 1104
inst 1924 11 1105
inst 1925 11 1106
inst 1926 11 1123
inst 1927 11 1229
inst 1928 11 1027
inst 1929 11 1124
inst 1930 11 1148
inst 1931 11 1109
inst 1932 11 1110
inst 1933 11 1111
inst 1934 11 1185
inst 1935 11 1259
inst 1936 11 1325
inst 1937 11 1228
inst 1938 11 1230
inst 1939 11 1014
inst 1940 11 1012
inst 1941 11 1060
inst 1942 11 1061
inst 1943 11 1186
inst 1944 11 1258
inst 1945 11 1260
inst 1946 11 1327
inst 1947 11 1054
inst 1948 11 1321
inst 1949 11 1051
inst 1950 11 1052
inst 1951 11 1059
inst 1952 11 1322
inst 1953 11 1323
inst 1954 11 1326
inst 1955 11 1053
inst 1956 11 1184
inst 1957 11 1252
inst 1958 11 1050
inst 1959 11 1055
inst 1960 11 1056
inst 1961 11 1058
inst 1962 11 1318
inst 1963 11 1062
inst 1964 11 1064
inst 1965 11 1238
inst 1966 11 1240
inst 1967 11 1262
inst 1968 11 1263
inst 1969 11 1013
inst 1970 11 1254
inst 1971 11 1047
inst 1972 11 1237
inst 1973 11 1245
inst 1974 11 1246
inst 1975 11 1048
inst 1976 11 1049
inst 1977 11 1235
inst 1978 11 1244
inst 1979 11 1265
inst 1980 11 1266
inst 1981 11 1057
inst 1982 11 1063
inst 1983 11 1253
inst 1984 11 1264
inst 1985 11 1319
inst 1986 11 1320
inst 1987 11 1017
inst 1988 11 1018
inst 1989 11 1019
inst 1990 11 1236
inst 1991 11 1239
inst 1992 11 1261
inst 1993 12 1116
inst 1994 12 1130
inst 1995 12 1133
inst 1996 12 1136
inst 1997 12 1139
inst 1998 12 1142
inst 1999 12 1145
inst 2000 12 1151
inst 2001 12 1089
inst 2002 12 1092
inst 2003 12 1095
inst 2004 12 1171
inst 2005 12 1174
inst 2006 12 1086
inst 2007 12 1119
inst 2008 12 1179
inst 2009 12 1067
inst 2010 12 1070
inst 2011 12 1073
inst 2012 12 1101
inst 2013 12 1154
inst 2014 12 1189
inst 2015 12 1249
inst 2016 12 1127
inst 2017 12 1079
inst 2018 12 1076
inst 2019 13 1117
inst 2020 13 1131
inst 2021 13 1134
inst 2022 13 1137
inst 2023 13 1140
inst 2024 13 1143
inst 2025 13 1146
inst 2026 13 1152
inst 2027 13 1087
inst 2028 13 1090
inst 2029 13 1093
inst 2030 13 1096
inst 2031 13 1172
inst 2032 13 1175
inst 2033 13 1120
inst 2034 13 1180
inst 2035 13 1068
inst 2036 13 1071
inst 2037 13 1074
inst 2038 13 1102
inst 2039 13 1155
inst 2040 13 1190
inst 2041 13 1250
inst 2042 13 1128
inst 2043 13 1080
inst 2044 13 1077
inst 2045 14 1118
inst 2046 14 1121
inst 2047 14 1135
inst 2048 14 1138
inst 2049 14 1141
inst 2050 14 1144
inst 2051 14 1147
inst 2052 14 1153
inst 2053 14 1088
inst 2054 14 1091
inst 2055 14 1094
inst 2056 14 1097
inst 2057 14 1173
inst 2058 14 1176
inst 2059 14 1215
inst 2060 14 1181
inst 2061 14 1069
inst 2062 14 1075
inst 2063 14 1103
inst 2064 14 1156
inst 2065 14 1191
inst 2066 14 1251
inst 2067 14 1129
inst 2068 14 1132
inst 2069 14 1081
inst 2070 14 1072
inst 2071 14 1078
inst 2072 15 1329
inst 2073 15 1335
inst 2074 15 1336
inst 2075 15 1456
inst 2076 15 1457
inst 2077 15 1465
inst 2078 15 1466
inst 2079 15 1590
inst 2080 15 1328
inst 2081 15 1458
inst 2082 15 1459
inst 2083 15 1461
inst 2084 15 1463
inst 2085 16 1529
inst 2086 16 1531
inst 2087 16 1533
inst 2088 16 1535
inst 2089 16 1537
inst 2090 16 1543
inst 2091 16 1545
inst 2092 16 1547
inst 2093 16 1460
inst 2094 16 1462
inst 2095 16 1491
inst 2096 16 1539
inst 2097 16 1551
inst 2098 16 1553
inst 2099 16 1573
inst 2100 16 1541
inst 2101 16 1515
inst 2102 16 1517
inst 2103 16 1519
inst 2104 16 1521
inst 2105 16 1523
inst 2106 16 1525
inst 2107 16 1527
inst 2108 16 1549
inst 2109 16 1499
inst 2110 16 1505
inst 2111 16 1507
inst 2112 16 1509
inst 2113 16 1511
inst 2114 16 1562
inst 2115 16 1999
inst 2116 16 1513
inst 2117 16 1481
inst 2118 16 1483
inst 2119 16 1485
inst 2120 16 1487
inst 2121 16 1489
inst 2122 16 1493
inst 2123 16 1497
inst 2124 16 1495
inst 2125 16 1501
inst 2126 16 1555
inst 2127 16 1557
inst 2128 16 1560
inst 2129 16 1503
inst 2130 16 1578
inst 2131 17 1476
inst 2132 17 1565
inst 2133 17 1566
inst 2134 17 1567
inst 2135 17 1568
inst 2136 17 1569
inst 2137 17 1570
inst 2138 17 1571
inst 2139 17 1472
inst 2140 17 1563
inst 2141 17 1564
inst 2142 17 1574
inst 2143 17 1575
inst 2144 17 1579
inst 2145 17 2000
inst 2146 17 1474
inst 2147 17 1558
inst 2148 18 1473
inst 2149 18 1475
inst 2150 18 1477
inst 2151 18 1478
inst 2152 18 1479
inst 2153 18 2723
inst 2154 19 1528
inst 2155 19 1530
inst 2156 19 1532
inst 2157 19 1534
inst 2158 19 1536
inst 2159 19 1542
inst 2160 19 1546
inst 2161 19 1548
inst 2162 19 1512
inst 2163 19 1514
inst 2164 19 1516
inst 2165 19 1518
inst 2166 19 1520
inst 2167 19 1522
inst 2168 19 1526
inst 2169 19 1524
inst 2170 19 1490
inst 2171 19 1494
inst 2172 19 1538
inst 2173 19 1540
inst 2174 19 1550
inst 2175 19 1552
inst 2176 19 1572
inst 2177 19 1544
inst 2178 19 1498
inst 2179 19 1502
inst 2180 19 1504
inst 2181 19 1506
inst 2182 19 1510
inst 2183 19 1998
inst 2184 19 1508
inst 2185 19 1561
inst 2186 19 1484
inst 2187 19 1486
inst 2188 19 1488
inst 2189 19 1492
inst 2190 19 1496
inst 2191 19 1480
inst 2192 19 1482
inst 2193 19 1577
inst 2194 19 1554
inst 2195 19 1556
inst 2196 19 1559
inst 2197 19 1500
inst 2198 20 2214
inst 2199 20 2275
inst 2200 20 2618
inst 2201 20 2621
inst 2202 20 2708
inst 2203 20 2709
inst 2204 20 2710
inst 2205 20 2711
inst 2206 20 1980
inst 2207 20 2609
inst 2208 20 2610
inst 2209 20 2611
inst 2210 20 2617
inst 2211 20 2615
inst 2212 20 2616
inst 2213 20 2620
inst 2214 20 1981
inst 2215 20 1982
inst 2216 20 2613
inst 2217 20 2614
inst 2218 20 1979
inst 2219 20 2260
inst 2220 20 2721
inst 2221 20 2722
inst 2222 20 1928
inst 2223 20 1929
inst 2224 20 1935
inst 2225 20 1936
inst 2226 20 1937
inst 2227 20 1931
inst 2228 20 1933
inst 2229 20 1934
inst 2230 20 1762
inst 2231 20 1763
inst 2232 20 1769
inst 2233 20 1770
inst 2234 20 1772
inst 2235 20 2002
inst 2236 20 2001
inst 2237 20 2003
inst 2238 20 1754
inst 2239 20 1775
inst 2240 20 1777
inst 2241 20 1778
inst 2242 20 1779
inst 2243 20 1753
inst 2244 20 1767
inst 2245 20 1776
inst 2246 20 1774
inst 2247 20 1939
inst 2248 20 1940
inst 2249 20 1759
inst 2250 20 1760
inst 2251 20 1761
inst 2252 20 1768
inst 2253 20 1773
inst 2254 20 1884
inst 2255 20 1887
inst 2256 20 1888
inst 2257 20 1925
inst 2258 20 1921
inst 2259 20 1922
inst 2260 20 1923
inst 2261 20 1924
inst 2262 20 1983
inst 2263 20 1984
inst 2264 20 1985
inst 2265 20 1986
inst 2266 20 1987
inst 2267 20 1989
inst 2268 20 1990
inst 2269 20 1991
inst 2270 20 1944
inst 2271 20 1945
inst 2272 20 1946
inst 2273 20 1972
inst 2274 20 1974
inst 2275 20 1975
inst 2276 20 1950
inst 2277 20 1988
inst 2278 20 1955
inst 2279 20 1956
inst 2280 20 1957
inst 2281 20 1958
inst 2282 20 1959
inst 2283 20 1883
inst 2284 20 1953
inst 2285 20 1951
inst 2286 20 1907
inst 2287 20 1908
inst 2288 20 1909
inst 2289 20 1910
inst 2290 20 1911
inst 2291 20 2178
inst 2292 20 1906
inst 2293 20 2179
inst 2294 20 2198
inst 2295 20 2203
inst 2296 20 2205
inst 2297 20 1912
inst 2298 20 1913
inst 2299 20 1914
inst 2300 20 2201
inst 2301 20 2202
inst 2302 20 2204
inst 2303 20 2180
inst 2304 20 2184
inst 2305 20 2186
inst 2306 20 2193
inst 2307 20 2194
inst 2308 20 2195
inst 2309 20 2197
inst 2310 20 2185
inst 2311 20 2192
inst 2312 20 2196
inst 2313 20 2199
inst 2314 20 2200
inst 2315 21 2276
inst 2316 21 2277
inst 2317 21 2278
inst 2318 21 2279
inst 2319 21 2283
inst 2320 21 2294
inst 2321 21 2317
inst 2322 21 2318
inst 2323 21 2295
inst 2324 21 2296
inst 2325 21 2297
inst 2326 21 2298
inst 2327 21 2299
inst 2328 21 2300
inst 2329 21 2301
inst 2330 21 2313
inst 2331 21 2302
inst 2332 21 2303
inst 2333 21 2304
inst 2334 21 2319
inst 2335 21 2531
inst 2336 21 2532
inst 2337 21 2533
inst 2338 21 2316
inst 2339 21 2535
inst 2340 21 2536
inst 2341 21 2537
inst 2342 21 2555
inst 2343 21 2565
inst 2344 21 2566
inst 2345 21 2530
inst 2346 21 2534
inst 2347 21 2411
inst 2348 21 2412
inst 2349 21 2413
inst 2350 21 2414
inst 2351 21 2415
inst 2352 21 2416
inst 2353 21 2417
inst 2354 21 2418
inst 2355 21 2396
inst 2356 21 2397
inst 2357 21 2401
inst 2358 21 2404
inst 2359 21 2408
inst 2360 21 2410
inst 2361 21 2398
inst 2362 21 2409
inst 2363 21 2402
inst 2364 21 2405
inst 2365 21 2406
inst 2366 21 2407
inst 2367 21 2557
inst 2368 21 2399
inst 2369 21 2400
inst 2370 21 2403
inst 2371 21 2558
inst 2372 21 2559
inst 2373 21 2561
inst 2374 21 2562
inst 2375 21 2563
inst 2376 21 2564
inst 2377 21 2560
inst 2378 21 2556
inst 2379 21 2472
inst 2380 21 2473
inst 2381 21 2474
inst 2382 21 2476
inst 2383 21 2477
inst 2384 21 2478
inst 2385 21 2479
inst 2386 21 2480
inst 2387 21 2426
inst 2388 21 2427
inst 2389 21 2428
inst 2390 21 2429
inst 2391 21 2469
inst 2392 21 2470
inst 2393 21 2471
inst 2394 21 2475
inst 2395 21 2430
inst 2396 21 2431
inst 2397 21 2432
inst 2398 21 2446
inst 2399 21 2447
inst 2400 21 2449
inst 2401 21 2433
inst 2402 21 2434
inst 2403 21 2448
inst 2404 21 2452
inst 2405 21 2456
inst 2406 21 2458
inst 2407 21 2581
inst 2408 21 2582
inst 2409 21 2583
inst 2410 21 2445
inst 2411 21 2328
inst 2412 21 2329
inst 2413 21 2333
inst 2414 21 2334
inst 2415 21 2335
inst 2416 21 2336
inst 2417 21 2337
inst 2418 21 2338
inst 2419 21 2327
inst 2420 21 2453
inst 2421 21 2455
inst 2422 21 2450
inst 2423 21 2451
inst 2424 21 2454
inst 2425 21 2330
inst 2426 21 2332
inst 2427 21 2339
inst 2428 21 2360
inst 2429 21 2361
inst 2430 21 2368
inst 2431 21 2369
inst 2432 21 2370
inst 2433 21 2367
inst 2434 21 2331
inst 2435 21 2362
inst 2436 21 2363
inst 2437 21 2364
inst 2438 21 2365
inst 2439 21 2366
inst 2440 21 2358
inst 2441 21 2359
inst 2442 22 2576
inst 2443 22 2577
inst 2444 22 2595
inst 2445 22 2603
inst 2446 22 2605
inst 2447 22 2606
inst 2448 22 2607
inst 2449 22 2608
inst 2450 22 2382
inst 2451 22 2598
inst 2452 22 2600
inst 2453 22 2601
inst 2454 22 2602
inst 2455 22 2688
inst 2456 22 2604
inst 2457 22 2625
inst 2458 22 2281
inst 2459 22 2284
inst 2460 22 2285
inst 2461 22 2286
inst 2462 22 2314
inst 2463 22 2315
inst 2464 22 2280
inst 2465 22 2282
inst 2466 22 2290
inst 2467 22 2291
inst 2468 22 2377
inst 2469 22 2378
inst 2470 22 2575
inst 2471 22 2287
inst 2472 22 2288
inst 2473 22 2289
inst 2474 22 2484
inst 2475 22 2485
inst 2476 22 2487
inst 2477 22 2490
inst 2478 22 2481
inst 2479 22 2482
inst 2480 22 2483
inst 2481 22 2486
inst 2482 22 2385
inst 2483 22 2386
inst 2484 22 2592
inst 2485 22 2593
inst 2486 22 2596
inst 2487 22 2597
inst 2488 22 2599
inst 2489 22 2594
inst 2490 22 2383
inst 2491 22 2388
inst 2492 22 2379
inst 2493 22 2380
inst 2494 22 2381
inst 2495 22 2384
inst 2496 22 2387
inst 2497 22 2389
inst 2498 22 2371
inst 2499 22 2374
inst 2500 22 2375
inst 2501 22 2392
inst 2502 22 2372
inst 2503 22 2376
inst 2504 22 2393
inst 2505 22 2394
inst 2506 22 2501
inst 2507 22 2515
inst 2508 22 2518
inst 2509 22 2519
inst 2510 22 2520
inst 2511 22 2587
inst 2512 22 2588
inst 2513 22 2488
inst 2514 22 2511
inst 2515 22 2512
inst 2516 22 2513
inst 2517 22 2516
inst 2518 22 2517
inst 2519 22 2589
inst 2520 22 2590
inst 2521 22 2591
inst 2522 22 2492
inst 2523 22 2493
inst 2524 22 2497
inst 2525 22 2498
inst 2526 22 2491
inst 2527 22 2489
inst 2528 22 2496
inst 2529 22 2500
inst 2530 22 2504
inst 2531 22 2506
inst 2532 22 2507
inst 2533 22 2508
inst 2534 22 2509
inst 2535 22 2510
inst 2536 22 2514
inst 2537 22 2499
inst 2538 22 2463
inst 2539 22 2464
inst 2540 22 2465
inst 2541 22 2466
inst 2542 22 2467
inst 2543 22 2390
inst 2544 22 2391
inst 2545 22 2494
inst 2546 22 2460
inst 2547 22 2585
inst 2548 22 2502
inst 2549 22 2503
inst 2550 22 2505
inst 2551 22 2461
inst 2552 22 2462
inst 2553 22 2495
inst 2554 22 2419
inst 2555 22 2422
inst 2556 22 2423
inst 2557 22 2424
inst 2558 22 2395
inst 2559 22 2425
inst 2560 22 2459
inst 2561 22 2468
inst 2562 22 2437
inst 2563 22 2444
inst 2564 22 2579
inst 2565 22 2580
inst 2566 22 2420
inst 2567 22 2421
inst 2568 22 2586
inst 2569 22 2584
inst 2570 22 2293
inst 2571 22 2521
inst 2572 22 2522
inst 2573 22 2573
inst 2574 22 2574
inst 2575 22 2292
inst 2576 22 2305
inst 2577 22 2306
inst 2578 22 2307
inst 2579 22 2308
inst 2580 22 2311
inst 2581 22 2569
inst 2582 22 2570
inst 2583 22 2309
inst 2584 22 2571
inst 2585 22 2572
inst 2586 22 2523
inst 2587 22 2526
inst 2588 22 2527
inst 2589 22 2528
inst 2590 22 2529
inst 2591 22 2538
inst 2592 22 2524
inst 2593 22 2525
inst 2594 22 2540
inst 2595 22 2541
inst 2596 22 2552
inst 2597 22 2310
inst 2598 22 2312
inst 2599 22 2539
inst 2600 22 2553
inst 2601 22 2554
inst 2602 22 2323
inst 2603 22 2324
inst 2604 22 2325
inst 2605 22 2326
inst 2606 22 2347
inst 2607 22 2436
inst 2608 22 2373
inst 2609 22 2435
inst 2610 22 2351
inst 2611 22 2320
inst 2612 22 2322
inst 2613 22 2348
inst 2614 22 2349
inst 2615 22 2355
inst 2616 22 2356
inst 2617 22 2357
inst 2618 22 2544
inst 2619 22 2547
inst 2620 22 2550
inst 2621 22 2542
inst 2622 22 2543
inst 2623 22 2548
inst 2624 22 2549
inst 2625 22 2551
inst 2626 22 2352
inst 2627 22 2353
inst 2628 22 2321
inst 2629 22 2340
inst 2630 22 2341
inst 2631 22 2350
inst 2632 22 2545
inst 2633 22 2546
inst 2634 22 2441
inst 2635 22 2443
inst 2636 22 2457
inst 2637 22 2442
inst 2638 22 2354
inst 2639 22 2439
inst 2640 22 2440
inst 2641 22 2438
inst 2642 22 2578
inst 2643 23 2657
inst 2644 23 2658
inst 2645 23 2659
inst 2646 23 2664
inst 2647 23 2665
inst 2648 23 3041
inst 2649 23 3064
inst 2650 23 3065
inst 2651 23 2662
inst 2652 23 3070
inst 2653 23 3092
inst 2654 23 3093
inst 2655 23 3094
inst 2656 23 3095
inst 2657 23 3096
inst 2658 23 2663
inst 2659 23 3045
inst 2660 23 3091
inst 2661 23 3097
inst 2662 23 3098
inst 2663 23 3099
inst 2664 23 3100
inst 2665 23 3101
inst 2666 23 3102
inst 2667 23 2716
inst 2668 23 2717
inst 2669 23 2718
inst 2670 23 2719
inst 2671 23 2720
inst 2672 23 3071
inst 2673 23 2661
inst 2674 23 3090
inst 2675 23 2672
inst 2676 23 2673
inst 2677 23 2674
inst 2678 23 2675
inst 2679 23 2678
inst 2680 23 2687
inst 2681 23 3042
inst 2682 23 3103
inst 2683 23 2652
inst 2684 23 2653
inst 2685 23 2670
inst 2686 23 2671
inst 2687 23 2685
inst 2688 23 2686
inst 2689 23 2683
inst 2690 23 2684
inst 2691 23 2666
inst 2692 23 2668
inst 2693 23 2656
inst 2694 23 2660
inst 2695 23 2669
inst 2696 23 2654
inst 2697 23 2667
inst 2698 23 2655
inst 2699 23 2623
inst 2700 23 2624
inst 2701 23 2712
inst 2702 23 2713
inst 2703 23 3066
inst 2704 23 3072
inst 2705 23 2714
inst 2706 23 2715
inst 2707 23 2679
inst 2708 23 3075
inst 2709 23 3076
inst 2710 23 3079
inst 2711 23 3080
inst 2712 23 3081
inst 2713 23 3082
inst 2714 23 2677
inst 2715 23 2690
inst 2716 23 3069
inst 2717 23 3077
inst 2718 23 2681
inst 2719 23 2682
inst 2720 23 2680
inst 2721 23 3068
inst 2722 23 2676
inst 2723 23 2692
inst 2724 23 2693
inst 2725 23 2694
inst 2726 23 2695
inst 2727 23 2698
inst 2728 23 2705
inst 2729 23 2706
inst 2730 23 2691
inst 2731 23 2700
inst 2732 23 2701
inst 2733 23 2702
inst 2734 23 2707
inst 2735 23 2696
inst 2736 23 2697
inst 2737 23 2703
inst 2738 23 2704
inst 2739 23 2626
inst 2740 23 2627
inst 2741 23 2628
inst 2742 23 2630
inst 2743 23 2631
inst 2744 23 2633
inst 2745 23 3073
inst 2746 23 2622
inst 2747 23 2632
inst 2748 23 2634
inst 2749 23 2635
inst 2750 23 2636
inst 2751 23 2637
inst 2752 23 2638
inst 2753 23 3074
inst 2754 23 2629
inst 2755 23 2639
inst 2756 23 2640
inst 2757 23 2641
inst 2758 23 2647
inst 2759 23 2648
inst 2760 23 2649
inst 2761 23 2650
inst 2762 23 2642
inst 2763 23 2643
inst 2764 23 2644
inst 2765 23 2645
inst 2766 23 3040
inst 2767 23 3078
inst 2768 23 2699
inst 2769 23 2646
inst 2770 23 2651
inst 2771 23 3043
inst 2772 23 3044
inst 2773 23 3046
inst 2774 23 3047
inst 2775 23 3048
inst 2776 23 3051
inst 2777 23 3052
inst 2778 23 3062
inst 2779 23 3049
inst 2780 23 3050
inst 2781 23 3053
inst 2782 23 3054
inst 2783 23 3055
inst 2784 23 3056
inst 2785 23 3057
inst 2786 23 3063
inst 2787 23 3038
inst 2788 23 3059
inst 2789 23 3060
inst 2790 23 3061
inst 2791 23 3067
inst 2792 23 3039
inst 2793 23 3058
inst 2794 24 3111
inst 2795 24 3112
inst 2796 24 3113
inst 2797 24 3114
inst 2798 24 3115
inst 2799 24 3116
inst 2800 24 3117
inst 2801 24 3118
inst 2802 24 2785
inst 2803 24 2787
inst 2804 24 2788
inst 2805 24 2789
inst 2806 24 2790
inst 2807 24 2791
inst 2808 24 2792
inst 2809 24 2795
inst 2810 24 2799
inst 2811 24 2800
inst 2812 24 3119
inst 2813 24 3120
inst 2814 24 3121
inst 2815 24 3122
inst 2816 24 3123
inst 2817 24 3124
inst 2818 24 2794
inst 2819 24 2802
inst 2820 24 2804
inst 2821 24 2793
inst 2822 24 2803
inst 2823 24 2797
inst 2824 24 2798
inst 2825 24 2796
inst 2826 24 2767
inst 2827 24 2770
inst 2828 24 2781
inst 2829 24 2782
inst 2830 24 2783
inst 2831 24 2784
inst 2832 24 2786
inst 2833 24 2801
inst 2834 24 2765
inst 2835 24 2766
inst 2836 24 2768
inst 2837 24 2815
inst 2838 24 2816
inst 2839 24 2817
inst 2840 24 3109
inst 2841 24 2769
inst 2842 24 2771
inst 2843 24 2773
inst 2844 24 2774
inst 2845 24 2775
inst 2846 24 2776
inst 2847 24 2778
inst 2848 24 2780
inst 2849 24 2772
inst 2850 24 2762
inst 2851 24 2763
inst 2852 24 2764
inst 2853 24 2818
inst 2854 24 3104
inst 2855 24 2777
inst 2856 24 2805
inst 2857 24 2779
inst 2858 24 2738
inst 2859 24 2739
inst 2860 24 2740
inst 2861 24 2741
inst 2862 24 2742
inst 2863 24 2743
inst 2864 24 2744
inst 2865 24 2806
inst 2866 24 2735
inst 2867 24 2736
inst 2868 24 2745
inst 2869 24 2746
inst 2870 24 2807
inst 2871 24 2808
inst 2872 24 2810
inst 2873 24 2737
inst 2874 24 2747
inst 2875 24 2748
inst 2876 24 2749
inst 2877 24 2812
inst 2878 24 2813
inst 2879 24 2814
inst 2880 24 2809
inst 2881 24 2811
inst 2882 24 2751
inst 2883 24 2752
inst 2884 24 2753
inst 2885 24 2754
inst 2886 24 2755
inst 2887 24 2760
inst 2888 24 2761
inst 2889 24 2750
inst 2890 24 2757
inst 2891 24 2758
inst 2892 24 2759
inst 2893 24 2756
inst 2894 25 2868
inst 2895 25 2870
inst 2896 25 2871
inst 2897 25 2872
inst 2898 25 2873
inst 2899 25 2908
inst 2900 25 2909
inst 2901 25 2910
inst 2902 25 2893
inst 2903 25 2901
inst 2904 25 2902
inst 2905 25 2922
inst 2906 25 2923
inst 2907 25 2924
inst 2908 25 2925
inst 2909 25 2907
inst 2910 25 2866
inst 2911 25 2867
inst 2912 25 2876
inst 2913 25 2877
inst 2914 25 2878
inst 2915 25 2879
inst 2916 25 2874
inst 2917 25 2875
inst 2918 25 2832
inst 2919 25 2833
inst 2920 25 2834
inst 2921 25 2835
inst 2922 25 2836
inst 2923 25 2869
inst 2924 25 2837
inst 2925 25 2838
inst 2926 25 2857
inst 2927 25 2859
inst 2928 25 2860
inst 2929 25 2861
inst 2930 25 2862
inst 2931 25 2863
inst 2932 25 2864
inst 2933 25 2865
inst 2934 25 2831
inst 2935 25 2851
inst 2936 25 2852
inst 2937 25 2853
inst 2938 25 2854
inst 2939 25 2855
inst 2940 25 2856
inst 2941 25 2858
inst 2942 25 2827
inst 2943 25 2828
inst 2944 25 2839
inst 2945 25 2840
inst 2946 25 2842
inst 2947 25 2849
inst 2948 25 2829
inst 2949 25 2830
inst 2950 25 2843
inst 2951 25 2844
inst 2952 25 2846
inst 2953 25 2847
inst 2954 25 2848
inst 2955 25 2884
inst 2956 25 2850
inst 2957 25 2845
inst 2958 25 2885
inst 2959 25 2886
inst 2960 25 2895
inst 2961 25 2896
inst 2962 25 2897
inst 2963 25 2898
inst 2964 25 2899
inst 2965 25 2900
inst 2966 25 2888
inst 2967 25 2889
inst 2968 25 2890
inst 2969 25 2891
inst 2970 25 2892
inst 2971 25 2903
inst 2972 25 2906
inst 2973 25 2894
inst 2974 25 2819
inst 2975 25 2820
inst 2976 25 2821
inst 2977 25 2822
inst 2978 25 2823
inst 2979 25 2824
inst 2980 25 2911
inst 2981 25 2914
inst 2982 25 2880
inst 2983 25 2881
inst 2984 25 2882
inst 2985 25 2883
inst 2986 25 2912
inst 2987 25 2919
inst 2988 25 2887
inst 2989 25 2915
inst 2990 25 2825
inst 2991 25 2826
inst 2992 25 2904
inst 2993 25 2926
inst 2994 25 2928
inst 2995 25 3085
inst 2996 25 2841
inst 2997 25 2905
inst 2998 25 2917
inst 2999 25 2918
inst 3000 25 2927
inst 3001 25 3105
inst 3002 25 3106
inst 3003 25 3108
inst 3004 25 3107
inst 3005 25 2929
inst 3006 25 2913
inst 3007 25 2916
inst 3008 26 2920
inst 3009 26 2921
inst 3010 26 2965
inst 3011 26 2966
inst 3012 26 2971
inst 3013 26 2972
inst 3014 26 3083
inst 3015 26 3110
inst 3016 26 2961
inst 3017 26 2962
inst 3018 26 2963
inst 3019 26 2964
inst 3020 26 2967
inst 3021 26 2968
inst 3022 26 2969
inst 3023 26 2970
inst 3024 26 2954
inst 3025 26 2955
inst 3026 26 2956
inst 3027 26 2957
inst 3028 26 2958
inst 3029 26 2959
inst 3030 26 2960
inst 3031 26 2973
inst 3032 26 2946
inst 3033 26 2947
inst 3034 26 2948
inst 3035 26 2949
inst 3036 26 2950
inst 3037 26 2951
inst 3038 26 2952
inst 3039 26 2953
inst 3040 26 2939
inst 3041 26 2940
inst 3042 26 2941
inst 3043 26 2942
inst 3044 26 2943
inst 3045 26 3084
inst 3046 26 2944
inst 3047 26 2945
inst 3048 26 2931
inst 3049 26 2932
inst 3050 26 2933
inst 3051 26 2934
inst 3052 26 2935
inst 3053 26 2936
inst 3054 26 2937
inst 3055 26 2938
inst 3056 26 2930
inst 3057 27 2974
inst 3058 27 2975
inst 3059 27 2980
inst 3060 28 2976
inst 3061 28 2977
inst 3062 28 2978
inst 3063 28 2979
inst 3064 28 2981
inst 3065 29 3003
inst 3066 29 3004
inst 3067 29 3005
inst 3068 29 3007
inst 3069 29 3008
inst 3070 29 3009
inst 3071 29 3010
inst 3072 29 3011
inst 3073 29 2995
inst 3074 29 2996
inst 3075 29 2997
inst 3076 29 2998
inst 3077 29 2999
inst 3078 29 3000
inst 3079 29 3001
inst 3080 29 3002
inst 3081 29 2982
inst 3082 29 2983
inst 3083 29 2984
inst 3084 29 2985
inst 3085 29 2986
inst 3086 29 2987
inst 3087 29 2988
inst 3088 29 3006
inst 3089 29 2990
inst 3090 29 2991
inst 3091 29 2992
inst 3092 29 3012
inst 3093 29 2993
inst 3094 29 2994
inst 3095 29 2989
inst 3096 30 3025
inst 3097 30 3026
inst 3098 30 3027
inst 3099 30 3029
inst 3100 30 3030
inst 3101 30 3031
inst 3102 30 3032
inst 3103 30 3033
inst 3104 30 3016
inst 3105 30 3017
inst 3106 30 3018
inst 3107 30 3019
inst 3108 30 3020
inst 3109 30 3021
inst 3110 30 3024
inst 3111 30 3028
inst 3112 30 3014
inst 3113 30 3015
inst 3114 30 3034
inst 3115 30 3035
inst 3116 30 3036
inst 3117 30 3037
inst 3118 30 3022
inst 3119 30 3023
inst 3120 30 3013
inst 3121 31 3086
inst 3122 31 3087
inst 3123 31 3088
inst 3124 31 3089
level lavatube tree 0 protos 5 instances 1016
proto 0 lava-lilrocks.mb stiffness 0.000000 dists 368640.0000 184320.0000 0.0000 450560.0000 rdists 0.00001221 0.00000543 0.00001744 0.00000000
proto 1 lava-metalplank-bolts.mb stiffness 0.000000 dists 204800.0000 102400.0000 0.0000 286720.0000 rdists 0.00001221 0.00000977 0.00001744 0.00000000
proto 2 lava-sewer-fatrivet.mb stiffness 0.000000 dists 286720.0000 143360.0000 0.0000 368640.0000 rdists 0.00001221 0.00000698 0.00001744 0.00000000
proto 3 lava-sewer-chains-01.mb stiffness 0.000000 dists 286720.0000 143360.0000 0.0000 368640.0000 rdists 0.00001221 0.00000698 0.00001744 0.00000000
proto 4 lava-sewer-chains-hook.mb stiffness 0.000000 dists 286720.0000 143360.0000 0.0000 368640.0000 rdists 0.00001221 0.00000698 0.00001744 0.00000000
inst 0 0 92
inst 1 0 93
inst 2 0 94
inst 3 0 95
inst 4 0 96
inst 5 0 97
inst 6 0 104
inst 7 0 106
inst 8 0 141
inst 9 0 142
inst 10 0 143
inst 11 0 144
inst 12 0 145
inst 13 0 146
inst 14 0 151
inst 15 0 105
inst 16 0 131
inst 17 0 132
inst 18 0 133
inst 19 0 134
inst 20 0 155
inst 21 0 157
inst 22 0 162
inst 23 0 130
inst 24 0 148
inst 25 0 149
inst 26 0 150
inst 27 0 154
inst 28 0 156
inst 29 0 147
inst 30 0 152
inst 31 0 153
inst 32 0 119
inst 33 0 120
inst 34 0 122
inst 35 0 123
inst 36 0 124
inst 37 0 136
inst 38 0 137
inst 39 0 135
inst 40 0 158
inst 41 0 159
inst 42 0 160
inst 43 0 161
inst 44 0 121
inst 45 0 138
inst 46 0 139
inst 47 0 140
inst 48 0 107
inst 49 0 108
inst 50 0 117
inst 51 0 126
inst 52 0 127
inst 53 0 125
inst 54 0 128
inst 55 0 129
inst 56 0 112
inst 57 0 114
inst 58 0 115
inst 59 0 118
inst 60 0 109
inst 61 0 110
inst 62 0 111
inst 63 0 116
inst 64 0 86
inst 65 0 98
inst 66 0 99
inst 67 0 100
inst 68 0 101
inst 69 0 102
inst 70 0 103
inst 71 0 113
inst 72 0 87
inst 73 0 88
inst 74 0 89
inst 75 0 90
inst 76 0 91
inst 77 0 85
inst 78 1 1030
inst 79 1 1032
inst 80 1 1040
inst 81 1 1041
inst 82 1 1042
inst 83 1 1052
inst 84 1 1054
inst 85 1 1055
inst 86 1 1031
inst 87 1 1033
inst 88 1 1045
inst 89 1 1047
inst 90 1 1053
inst 91 1 1079
inst 92 1 1035
inst 93 1 1043
inst 94 1 1022
inst 95 1 1023
inst 96 1 1024
inst 97 1 1025
inst 98 1 1034
inst 99 1 1044
inst 100 1 1049
inst 101 1 1046
inst 102 1 1020
inst 103 1 1026
inst 104 1 1039
inst 105 1 1048
inst 106 1 1050
inst 107 1 1074
inst 108 1 1075
inst 109 1 1037
inst 110 1 1003
inst 111 1 1027
inst 112 1 1029
inst 113 1 1036
inst 114 1 1038
inst 115 1 1051
inst 116 1 1021
inst 117 1 1078
inst 118 1 994
inst 119 1 995
inst 120 1 997
inst 121 1 1000
inst 122 1 1006
inst 123 1 1007
inst 124 1 1028
inst 125 1 1001
inst 126 1 944
inst 127 1 945
inst 128 1 947
inst 129 1 1002
inst 130 1 1072
inst 131 1 1073
inst 132 1 1080
inst 133 1 1081
inst 134 1 943
inst 135 1 948
inst 136 1 949
inst 137 1 950
inst 138 1 951
inst 139 1 1005
inst 140 1 1004
inst 141 1 946
inst 142 1 986
inst 143 1 987
inst 144 1 988
inst 145 1 990
inst 146 1 992
inst 147 1 993
inst 148 1 1077
inst 149 1 1076
inst 150 1 977
inst 151 1 978
inst 152 1 979
inst 153 1 984
inst 154 1 991
inst 155 1 1064
inst 156 1 1065
inst 157 1 985
inst 158 1 980
inst 159 1 982
inst 160 1 996
inst 161 1 998
inst 162 1 999
inst 163 1 981
inst 164 1 989
inst 165 1 1018
inst 166 1 957
inst 167 1 967
inst 168 1 972
inst 169 1 973
inst 170 1 974
inst 171 1 983
inst 172 1 1017
inst 173 1 1019
inst 174 1 969
inst 175 1 970
inst 176 1 971
inst 177 1 976
inst 178 1 1060
inst 179 1 1061
inst 180 1 1066
inst 181 1 1067
inst 182 1 1058
inst 183 1 1059
inst 184 1 1063
inst 185 1 1095
inst 186 1 1096
inst 187 1 1098
inst 188 1 1100
inst 189 1 1062
inst 190 1 960
inst 191 1 961
inst 192 1 962
inst 193 1 963
inst 194 1 965
inst 195 1 964
inst 196 1 966
inst 197 1 975
inst 198 1 1068
inst 199 1 1069
inst 200 1 1092
inst 201 1 1094
inst 202 1 1097
inst 203 1 1099
inst 204 1 1093
inst 205 1 968
inst 206 1 930
inst 207 1 931
inst 208 1 938
inst 209 1 939
inst 210 1 1010
inst 211 1 1083
inst 212 1 1088
inst 213 1 1089
inst 214 1 936
inst 215 1 937
inst 216 1 940
inst 217 1 941
inst 218 1 942
inst 219 1 1070
inst 220 1 1071
inst 221 1 1082
inst 222 1 932
inst 223 1 934
inst 224 1 935
inst 225 1 959
inst 226 1 1016
inst 227 1 1084
inst 228 1 1086
inst 229 1 933
inst 230 1 953
inst 231 1 955
inst 232 1 956
inst 233 1 958
inst 234 1 1056
inst 235 1 1057
inst 236 1 954
inst 237 1 952
inst 238 1 1008
inst 239 1 1012
inst 240 1 1013
inst 241 1 1090
inst 242 1 1091
inst 243 1 1011
inst 244 1 1085
inst 245 1 1087
inst 246 1 527
inst 247 1 528
inst 248 1 539
inst 249 1 541
inst 250 1 542
inst 251 1 1014
inst 252 1 1015
inst 253 1 1009
inst 254 1 530
inst 255 1 531
inst 256 1 532
inst 257 1 533
inst 258 1 537
inst 259 1 538
inst 260 1 540
inst 261 1 529
inst 262 1 511
inst 263 1 512
inst 264 1 513
inst 265 1 525
inst 266 1 526
inst 267 1 534
inst 268 1 536
inst 269 1 535
inst 270 1 514
inst 271 1 515
inst 272 1 516
inst 273 1 517
inst 274 1 521
inst 275 1 522
inst 276 1 524
inst 277 1 523
inst 278 1 307
inst 279 1 309
inst 280 1 310
inst 281 1 311
inst 282 1 312
inst 283 1 520
inst 284 1 518
inst 285 1 519
inst 286 1 313
inst 287 1 314
inst 288 1 315
inst 289 1 316
inst 290 1 317
inst 291 1 318
inst 292 1 321
inst 293 1 308
inst 294 1 319
inst 295 1 320
inst 296 1 323
inst 297 1 324
inst 298 1 327
inst 299 1 328
inst 300 1 330
inst 301 1 322
inst 302 1 184
inst 303 1 185
inst 304 1 186
inst 305 1 267
inst 306 1 270
inst 307 1 279
inst 308 1 280
inst 309 1 282
inst 310 1 170
inst 311 1 171
inst 312 1 172
inst 313 1 187
inst 314 1 188
inst 315 1 189
inst 316 1 190
inst 317 1 269
inst 318 1 175
inst 319 1 176
inst 320 1 209
inst 321 1 211
inst 322 1 212
inst 323 1 221
inst 324 1 222
inst 325 1 224
inst 326 1 174
inst 327 1 325
inst 328 1 333
inst 329 1 334
inst 330 1 343
inst 331 1 344
inst 332 1 329
inst 333 1 173
inst 334 1 660
inst 335 1 673
inst 336 1 674
inst 337 1 681
inst 338 1 682
inst 339 1 683
inst 340 1 684
inst 341 1 685
inst 342 1 677
inst 343 1 678
inst 344 1 680
inst 345 1 686
inst 346 1 687
inst 347 1 688
inst 348 1 689
inst 349 1 679
inst 350 1 665
inst 351 1 666
inst 352 1 667
inst 353 1 668
inst 354 1 669
inst 355 1 670
inst 356 1 672
inst 357 1 671
inst 358 1 181
inst 359 1 296
inst 360 1 298
inst 361 1 659
inst 362 1 661
inst 363 1 662
inst 364 1 664
inst 365 1 663
inst 366 1 265
inst 367 1 268
inst 368 1 281
inst 369 1 294
inst 370 1 299
inst 371 1 300
inst 372 1 305
inst 373 1 306
inst 374 1 254
inst 375 1 263
inst 376 1 284
inst 377 1 293
inst 378 1 302
inst 379 1 295
inst 380 1 266
inst 381 1 301
inst 382 1 264
inst 383 1 271
inst 384 1 283
inst 385 1 286
inst 386 1 297
inst 387 1 303
inst 388 1 304
inst 389 1 256
inst 390 1 180
inst 391 1 272
inst 392 1 273
inst 393 1 274
inst 394 1 275
inst 395 1 287
inst 396 1 288
inst 397 1 285
inst 398 1 676
inst 399 1 690
inst 400 1 697
inst 401 1 698
inst 402 1 699
inst 403 1 700
inst 404 1 701
inst 405 1 675
inst 406 1 691
inst 407 1 693
inst 408 1 694
inst 409 1 696
inst 410 1 702
inst 411 1 703
inst 412 1 704
inst 413 1 695
inst 414 1 692
inst 415 1 706
inst 416 1 711
inst 417 1 713
inst 418 1 714
inst 419 1 715
inst 420 1 716
inst 421 1 705
inst 422 1 710
inst 423 1 712
inst 424 1 718
inst 425 1 719
inst 426 1 720
inst 427 1 721
inst 428 1 722
inst 429 1 717
inst 430 1 257
inst 431 1 289
inst 432 1 291
inst 433 1 292
inst 434 1 177
inst 435 1 179
inst 436 1 290
inst 437 1 709
inst 438 1 349
inst 439 1 350
inst 440 1 351
inst 441 1 352
inst 442 1 353
inst 443 1 354
inst 444 1 708
inst 445 1 707
inst 446 1 276
inst 447 1 278
inst 448 1 363
inst 449 1 178
inst 450 1 182
inst 451 1 183
inst 452 1 255
inst 453 1 277
inst 454 1 358
inst 455 1 359
inst 456 1 360
inst 457 1 361
inst 458 1 362
inst 459 1 365
inst 460 1 366
inst 461 1 357
inst 462 1 205
inst 463 1 223
inst 464 1 226
inst 465 1 235
inst 466 1 236
inst 467 1 238
inst 468 1 241
inst 469 1 242
inst 470 1 198
inst 471 1 213
inst 472 1 225
inst 473 1 227
inst 474 1 228
inst 475 1 239
inst 476 1 240
inst 477 1 237
inst 478 1 207
inst 479 1 243
inst 480 1 244
inst 481 1 247
inst 482 1 248
inst 483 1 347
inst 484 1 208
inst 485 1 210
inst 486 1 245
inst 487 1 246
inst 488 1 345
inst 489 1 346
inst 490 1 348
inst 491 1 206
inst 492 1 214
inst 493 1 196
inst 494 1 164
inst 495 1 166
inst 496 1 167
inst 497 1 215
inst 498 1 216
inst 499 1 217
inst 500 1 229
inst 501 1 230
inst 502 1 218
inst 503 1 231
inst 504 1 234
inst 505 1 163
inst 506 1 165
inst 507 1 168
inst 508 1 169
inst 509 1 232
inst 510 1 197
inst 511 1 199
inst 512 1 220
inst 513 1 233
inst 514 1 433
inst 515 1 435
inst 516 1 436
inst 517 1 219
inst 518 1 367
inst 519 1 368
inst 520 1 369
inst 521 1 370
inst 522 1 371
inst 523 1 372
inst 524 1 364
inst 525 1 422
inst 526 1 424
inst 527 1 425
inst 528 1 426
inst 529 1 427
inst 530 1 429
inst 531 1 431
inst 532 1 432
inst 533 1 434
inst 534 1 405
inst 535 1 406
inst 536 1 407
inst 537 1 417
inst 538 1 419
inst 539 1 420
inst 540 1 428
inst 541 1 430
inst 542 1 326
inst 543 1 331
inst 544 1 335
inst 545 1 339
inst 546 1 340
inst 547 1 341
inst 548 1 342
inst 549 1 336
inst 550 1 337
inst 551 1 413
inst 552 1 414
inst 553 1 415
inst 554 1 416
inst 555 1 418
inst 556 1 338
inst 557 1 332
inst 558 1 390
inst 559 1 409
inst 560 1 410
inst 561 1 411
inst 562 1 412
inst 563 1 423
inst 564 1 421
inst 565 1 408
inst 566 1 391
inst 567 1 392
inst 568 1 393
inst 569 1 394
inst 570 1 401
inst 571 1 403
inst 572 1 404
inst 573 1 389
inst 574 1 388
inst 575 1 396
inst 576 1 397
inst 577 1 398
inst 578 1 399
inst 579 1 400
inst 580 1 395
inst 581 1 402
inst 582 1 373
inst 583 1 375
inst 584 1 376
inst 585 1 384
inst 586 1 385
inst 587 1 386
inst 588 1 387
inst 589 1 374
inst 590 1 872
inst 591 1 873
inst 592 1 879
inst 593 1 883
inst 594 1 890
inst 595 1 891
inst 596 1 892
inst 597 1 893
inst 598 1 866
inst 599 1 867
inst 600 1 868
inst 601 1 869
inst 602 1 876
inst 603 1 877
inst 604 1 882
inst 605 1 878
inst 606 1 355
inst 607 1 870
inst 608 1 874
inst 609 1 875
inst 610 1 880
inst 611 1 356
inst 612 1 871
inst 613 1 881
inst 614 1 483
inst 615 1 485
inst 616 1 486
inst 617 1 487
inst 618 1 488
inst 619 1 489
inst 620 1 482
inst 621 1 484
inst 622 1 444
inst 623 1 445
inst 624 1 619
inst 625 1 621
inst 626 1 622
inst 627 1 631
inst 628 1 632
inst 629 1 634
inst 630 1 447
inst 631 1 449
inst 632 1 617
inst 633 1 620
inst 634 1 657
inst 635 1 658
inst 636 1 448
inst 637 1 450
inst 638 1 446
inst 639 1 480
inst 640 1 499
inst 641 1 501
inst 642 1 502
inst 643 1 646
inst 644 1 652
inst 645 1 633
inst 646 1 479
inst 647 1 481
inst 648 1 491
inst 649 1 492
inst 650 1 493
inst 651 1 494
inst 652 1 490
inst 653 1 504
inst 654 1 475
inst 655 1 476
inst 656 1 477
inst 657 1 478
inst 658 1 563
inst 659 1 574
inst 660 1 743
inst 661 1 754
inst 662 1 559
inst 663 1 561
inst 664 1 562
inst 665 1 573
inst 666 1 576
inst 667 1 600
inst 668 1 564
inst 669 1 599
inst 670 1 474
inst 671 1 575
inst 672 1 588
inst 673 1 590
inst 674 1 593
inst 675 1 594
inst 676 1 472
inst 677 1 473
inst 678 1 606
inst 679 1 615
inst 680 1 618
inst 681 1 645
inst 682 1 654
inst 683 1 655
inst 684 1 656
inst 685 1 653
inst 686 1 608
inst 687 1 635
inst 688 1 647
inst 689 1 649
inst 690 1 650
inst 691 1 648
inst 692 1 636
inst 693 1 651
inst 694 1 623
inst 695 1 624
inst 696 1 625
inst 697 1 626
inst 698 1 637
inst 699 1 640
inst 700 1 638
inst 701 1 616
inst 702 1 437
inst 703 1 440
inst 704 1 441
inst 705 1 495
inst 706 1 496
inst 707 1 497
inst 708 1 510
inst 709 1 639
inst 710 1 498
inst 711 1 500
inst 712 1 503
inst 713 1 505
inst 714 1 506
inst 715 1 507
inst 716 1 508
inst 717 1 509
inst 718 1 458
inst 719 1 459
inst 720 1 460
inst 721 1 464
inst 722 1 741
inst 723 1 744
inst 724 1 753
inst 725 1 756
inst 726 1 461
inst 727 1 739
inst 728 1 742
inst 729 1 755
inst 730 1 768
inst 731 1 779
inst 732 1 462
inst 733 1 463
inst 734 1 728
inst 735 1 737
inst 736 1 740
inst 737 1 767
inst 738 1 775
inst 739 1 776
inst 740 1 780
inst 741 1 758
inst 742 1 730
inst 743 1 757
inst 744 1 769
inst 745 1 770
inst 746 1 771
inst 747 1 772
inst 748 1 773
inst 749 1 774
inst 750 1 377
inst 751 1 379
inst 752 1 380
inst 753 1 381
inst 754 1 382
inst 755 1 383
inst 756 1 378
inst 757 1 777
inst 758 1 452
inst 759 1 457
inst 760 1 745
inst 761 1 746
inst 762 1 747
inst 763 1 738
inst 764 1 760
inst 765 1 778
inst 766 1 453
inst 767 1 454
inst 768 1 455
inst 769 1 748
inst 770 1 759
inst 771 1 761
inst 772 1 762
inst 773 1 764
inst 774 1 729
inst 775 1 750
inst 776 1 751
inst 777 1 752
inst 778 1 763
inst 779 1 766
inst 780 1 456
inst 781 1 749
inst 782 1 548
inst 783 1 557
inst 784 1 578
inst 785 1 595
inst 786 1 596
inst 787 1 597
inst 788 1 560
inst 789 1 587
inst 790 1 550
inst 791 1 565
inst 792 1 577
inst 793 1 580
inst 794 1 589
inst 795 1 591
inst 796 1 592
inst 797 1 558
inst 798 1 466
inst 799 1 471
inst 800 1 566
inst 801 1 567
inst 802 1 765
inst 803 1 451
inst 804 1 731
inst 805 1 598
inst 806 1 568
inst 807 1 569
inst 808 1 570
inst 809 1 581
inst 810 1 582
inst 811 1 584
inst 812 1 579
inst 813 1 470
inst 814 1 467
inst 815 1 468
inst 816 1 469
inst 817 1 549
inst 818 1 572
inst 819 1 583
inst 820 1 586
inst 821 1 571
inst 822 1 438
inst 823 1 442
inst 824 1 443
inst 825 1 585
inst 826 1 627
inst 827 1 628
inst 828 1 465
inst 829 1 551
inst 830 1 607
inst 831 1 609
inst 832 1 629
inst 833 1 641
inst 834 1 643
inst 835 1 644
inst 836 1 439
inst 837 1 642
inst 838 1 630
inst 839 2 249
inst 840 2 250
inst 841 2 252
inst 842 2 253
inst 843 2 258
inst 844 2 259
inst 845 2 260
inst 846 2 261
inst 847 2 191
inst 848 2 192
inst 849 2 194
inst 850 2 195
inst 851 2 200
inst 852 2 201
inst 853 2 202
inst 854 2 203
inst 855 2 204
inst 856 2 262
inst 857 2 723
inst 858 2 726
inst 859 2 727
inst 860 2 734
inst 861 2 193
inst 862 2 251
inst 863 2 546
inst 864 2 547
inst 865 2 724
inst 866 2 725
inst 867 2 732
inst 868 2 735
inst 869 2 736
inst 870 2 733
inst 871 2 543
inst 872 2 544
inst 873 2 545
inst 874 2 552
inst 875 2 553
inst 876 2 555
inst 877 2 556
inst 878 2 554
inst 879 2 601
inst 880 2 602
inst 881 2 603
inst 882 2 604
inst 883 2 610
inst 884 2 611
inst 885 2 612
inst 886 2 605
inst 887 2 614
inst 888 2 613
inst 889 3 782
inst 890 3 783
inst 891 3 786
inst 892 3 787
inst 893 3 788
inst 894 3 789
inst 895 3 894
inst 896 3 895
inst 897 3 785
inst 898 3 807
inst 899 3 809
inst 900 3 810
inst 901 3 811
inst 902 3 813
inst 903 3 814
inst 904 3 781
inst 905 3 821
inst 906 3 822
inst 907 3 823
inst 908 3 827
inst 909 3 828
inst 910 3 829
inst 911 3 859
inst 912 3 897
inst 913 3 815
inst 914 3 818
inst 915 3 819
inst 916 3 820
inst 917 3 825
inst 918 3 826
inst 919 3 817
inst 920 3 858
inst 921 3 832
inst 922 3 861
inst 923 3 862
inst 924 3 863
inst 925 3 864
inst 926 3 865
inst 927 3 898
inst 928 3 899
inst 929 3 792
inst 930 3 798
inst 931 3 805
inst 932 3 806
inst 933 3 831
inst 934 3 900
inst 935 3 901
inst 936 3 830
inst 937 3 794
inst 938 3 795
inst 939 3 797
inst 940 3 799
inst 941 3 802
inst 942 3 803
inst 943 3 896
inst 944 3 801
inst 945 3 834
inst 946 3 835
inst 947 3 902
inst 948 3 903
inst 949 3 904
inst 950 3 905
inst 951 3 906
inst 952 3 804
inst 953 3 791
inst 954 3 857
inst 955 3 884
inst 956 3 885
inst 957 3 886
inst 958 3 888
inst 959 3 889
inst 960 3 800
inst 961 3 852
inst 962 3 853
inst 963 3 854
inst 964 3 856
inst 965 3 927
inst 966 3 928
inst 967 3 929
inst 968 3 855
inst 969 3 848
inst 970 3 849
inst 971 3 850
inst 972 3 922
inst 973 3 923
inst 974 3 924
inst 975 3 925
inst 976 3 926
inst 977 3 846
inst 978 3 847
inst 979 3 916
inst 980 3 917
inst 981 3 918
inst 982 3 919
inst 983 3 920
inst 984 3 921
inst 985 3 836
inst 986 3 837
inst 987 3 838
inst 988 3 840
inst 989 3 841
inst 990 3 908
inst 991 3 909
inst 992 3 907
inst 993 3 842
inst 994 3 843
inst 995 3 844
inst 996 3 911
inst 997 3 914
inst 998 3 912
inst 999 3 913
inst 1000 3 910
inst 1001 3 915
inst 1002 4 784
inst 1003 4 793
inst 1004 4 808
inst 1005 4 812
inst 1006 4 816
inst 1007 4 824
inst 1008 4 833
inst 1009 4 860
inst 1010 4 790
inst 1011 4 839
inst 1012 4 845
inst 1013 4 851
inst 1014 4 887
inst 1015 4 796
level finalboss tree 0 protos 1 instances 1675
proto 0 fin-tree.mb stiffness 0.100000 dists 1228800.0000 614400.0000 0.0000 2048000.0000 rdists 0.00000122 0.00000163 0.00000174 0.10000000
inst 0 0 477
inst 1 0 478
inst 2 0 479
inst 3 0 480
inst 4 0 481
inst 5 0 490
inst 6 0 510
inst 7 0 519
inst 8 0 488
inst 9 0 492
inst 10 0 513
inst 11 0 514
inst 12 0 487
inst 13 0 508
inst 14 0 509
inst 15 0 512
inst 16 0 482
inst 17 0 483
inst 18 0 484
inst 19 0 485
inst 20 0 486
inst 21 0 494
inst 22 0 489
inst 23 0 491
inst 24 0 497
inst 25 0 511
inst 26 0 515
inst 27 0 507
inst 28 0 516
inst 29 0 493
inst 30 0 495
inst 31 0 496
inst 32 0 506
inst 33 0 766
inst 34 0 769
inst 35 0 770
inst 36 0 771
inst 37 0 774
inst 38 0 775
inst 39 0 607
inst 40 0 756
inst 41 0 760
inst 42 0 762
inst 43 0 763
inst 44 0 767
inst 45 0 768
inst 46 0 772
inst 47 0 773
inst 48 0 653
inst 49 0 654
inst 50 0 657
inst 51 0 658
inst 52 0 659
inst 53 0 660
inst 54 0 661
inst 55 0 662
inst 56 0 757
inst 57 0 758
inst 58 0 759
inst 59 0 761
inst 60 0 764
inst 61 0 765
inst 62 0 652
inst 63 0 656
inst 64 0 523
inst 65 0 524
inst 66 0 525
inst 67 0 526
inst 68 0 527
inst 69 0 528
inst 70 0 601
inst 71 0 602
inst 72 0 716
inst 73 0 517
inst 74 0 518
inst 75 0 521
inst 76 0 522
inst 77 0 529
inst 78 0 600
inst 79 0 520
inst 80 0 646
inst 81 0 604
inst 82 0 605
inst 83 0 606
inst 84 0 712
inst 85 0 713
inst 86 0 714
inst 87 0 715
inst 88 0 630
inst 89 0 631
inst 90 0 651
inst 91 0 603
inst 92 0 642
inst 93 0 643
inst 94 0 644
inst 95 0 645
inst 96 0 690
inst 97 0 691
inst 98 0 648
inst 99 0 649
inst 100 0 650
inst 101 0 668
inst 102 0 647
inst 103 0 655
inst 104 0 687
inst 105 0 688
inst 106 0 663
inst 107 0 664
inst 108 0 666
inst 109 0 667
inst 110 0 689
inst 111 0 665
inst 112 0 623
inst 113 0 624
inst 114 0 625
inst 115 0 627
inst 116 0 628
inst 117 0 640
inst 118 0 669
inst 119 0 671
inst 120 0 682
inst 121 0 683
inst 122 0 684
inst 123 0 702
inst 124 0 704
inst 125 0 685
inst 126 0 686
inst 127 0 670
inst 128 0 866
inst 129 0 867
inst 130 0 896
inst 131 0 909
inst 132 0 910
inst 133 0 911
inst 134 0 912
inst 135 0 913
inst 136 0 882
inst 137 0 864
inst 138 0 865
inst 139 0 868
inst 140 0 869
inst 141 0 872
inst 142 0 873
inst 143 0 883
inst 144 0 894
inst 145 0 908
inst 146 0 870
inst 147 0 871
inst 148 0 895
inst 149 0 897
inst 150 0 898
inst 151 0 905
inst 152 0 904
inst 153 0 907
inst 154 0 929
inst 155 0 930
inst 156 0 931
inst 157 0 932
inst 158 0 933
inst 159 0 906
inst 160 0 677
inst 161 0 678
inst 162 0 697
inst 163 0 698
inst 164 0 699
inst 165 0 700
inst 166 0 701
inst 167 0 881
inst 168 0 886
inst 169 0 874
inst 170 0 875
inst 171 0 877
inst 172 0 878
inst 173 0 876
inst 174 0 879
inst 175 0 880
inst 176 0 632
inst 177 0 673
inst 178 0 675
inst 179 0 676
inst 180 0 629
inst 181 0 672
inst 182 0 680
inst 183 0 681
inst 184 0 709
inst 185 0 1599
inst 186 0 1600
inst 187 0 1601
inst 188 0 1602
inst 189 0 1603
inst 190 0 674
inst 191 0 679
inst 192 0 634
inst 193 0 637
inst 194 0 638
inst 195 0 639
inst 196 0 641
inst 197 0 633
inst 198 0 636
inst 199 0 635
inst 200 0 694
inst 201 0 695
inst 202 0 696
inst 203 0 706
inst 204 0 707
inst 205 0 708
inst 206 0 622
inst 207 0 626
inst 208 0 1589
inst 209 0 1595
inst 210 0 1596
inst 211 0 1597
inst 212 0 692
inst 213 0 693
inst 214 0 710
inst 215 0 711
inst 216 0 1605
inst 217 0 1606
inst 218 0 1607
inst 219 0 1604
inst 220 0 1608
inst 221 0 1590
inst 222 0 1594
inst 223 0 1598
inst 224 0 609
inst 225 0 610
inst 226 0 611
inst 227 0 613
inst 228 0 615
inst 229 0 616
inst 230 0 705
inst 231 0 703
inst 232 0 1586
inst 233 0 1591
inst 234 0 608
inst 235 0 612
inst 236 0 614
inst 237 0 617
inst 238 0 1592
inst 239 0 1593
inst 240 0 1562
inst 241 0 1563
inst 242 0 1587
inst 243 0 1611
inst 244 0 1612
inst 245 0 1613
inst 246 0 1609
inst 247 0 1610
inst 248 0 1565
inst 249 0 1574
inst 250 0 1581
inst 251 0 1566
inst 252 0 1567
inst 253 0 1584
inst 254 0 1585
inst 255 0 1588
inst 256 0 316
inst 257 0 317
inst 258 0 318
inst 259 0 320
inst 260 0 321
inst 261 0 322
inst 262 0 323
inst 263 0 324
inst 264 0 312
inst 265 0 313
inst 266 0 334
inst 267 0 310
inst 268 0 311
inst 269 0 314
inst 270 0 315
inst 271 0 319
inst 272 0 325
inst 273 0 326
inst 274 0 327
inst 275 0 328
inst 276 0 329
inst 277 0 333
inst 278 0 336
inst 279 0 337
inst 280 0 924
inst 281 0 925
inst 282 0 926
inst 283 0 927
inst 284 0 928
inst 285 0 335
inst 286 0 338
inst 287 0 339
inst 288 0 44
inst 289 0 45
inst 290 0 49
inst 291 0 340
inst 292 0 341
inst 293 0 330
inst 294 0 331
inst 295 0 332
inst 296 0 50
inst 297 0 51
inst 298 0 53
inst 299 0 54
inst 300 0 46
inst 301 0 47
inst 302 0 48
inst 303 0 59
inst 304 0 30
inst 305 0 31
inst 306 0 32
inst 307 0 43
inst 308 0 52
inst 309 0 55
inst 310 0 56
inst 311 0 58
inst 312 0 1545
inst 313 0 1546
inst 314 0 1547
inst 315 0 1558
inst 316 0 40
inst 317 0 41
inst 318 0 42
inst 319 0 57
inst 320 0 888
inst 321 0 900
inst 322 0 901
inst 323 0 902
inst 324 0 903
inst 325 0 920
inst 326 0 921
inst 327 0 887
inst 328 0 917
inst 329 0 918
inst 330 0 914
inst 331 0 915
inst 332 0 916
inst 333 0 919
inst 334 0 922
inst 335 0 923
inst 336 0 893
inst 337 0 1552
inst 338 0 1553
inst 339 0 1554
inst 340 0 1555
inst 341 0 1556
inst 342 0 1548
inst 343 0 1557
inst 344 0 1559
inst 345 0 889
inst 346 0 890
inst 347 0 892
inst 348 0 891
inst 349 0 884
inst 350 0 899
inst 351 0 885
inst 352 0 1614
inst 353 0 1615
inst 354 0 1616
inst 355 0 1543
inst 356 0 1544
inst 357 0 1617
inst 358 0 1549
inst 359 0 1550
inst 360 0 1536
inst 361 0 1537
inst 362 0 1538
inst 363 0 1539
inst 364 0 1540
inst 365 0 1541
inst 366 0 1551
inst 367 0 1542
inst 368 0 1561
inst 369 0 1564
inst 370 0 1571
inst 371 0 1578
inst 372 0 1560
inst 373 0 1533
inst 374 0 1534
inst 375 0 1535
inst 376 0 1569
inst 377 0 1570
inst 378 0 1572
inst 379 0 1568
inst 380 0 1573
inst 381 0 1575
inst 382 0 1576
inst 383 0 1577
inst 384 0 26
inst 385 0 28
inst 386 0 39
inst 387 0 27
inst 388 0 33
inst 389 0 34
inst 390 0 35
inst 391 0 36
inst 392 0 0
inst 393 0 4
inst 394 0 19
inst 395 0 1
inst 396 0 23
inst 397 0 24
inst 398 0 25
inst 399 0 29
inst 400 0 6
inst 401 0 7
inst 402 0 10
inst 403 0 14
inst 404 0 8
inst 405 0 12
inst 406 0 13
inst 407 0 15
inst 408 0 1658
inst 409 0 1669
inst 410 0 1656
inst 411 0 5
inst 412 0 1659
inst 413 0 1674
inst 414 0 9
inst 415 0 1655
inst 416 0 60
inst 417 0 61
inst 418 0 62
inst 419 0 20
inst 420 0 21
inst 421 0 22
inst 422 0 38
inst 423 0 37
inst 424 0 65
inst 425 0 66
inst 426 0 67
inst 427 0 68
inst 428 0 69
inst 429 0 63
inst 430 0 64
inst 431 0 79
inst 432 0 157
inst 433 0 159
inst 434 0 1664
inst 435 0 1657
inst 436 0 75
inst 437 0 76
inst 438 0 77
inst 439 0 78
inst 440 0 141
inst 441 0 74
inst 442 0 71
inst 443 0 72
inst 444 0 140
inst 445 0 143
inst 446 0 144
inst 447 0 73
inst 448 0 2
inst 449 0 3
inst 450 0 11
inst 451 0 16
inst 452 0 17
inst 453 0 18
inst 454 0 1670
inst 455 0 1672
inst 456 0 153
inst 457 0 154
inst 458 0 156
inst 459 0 158
inst 460 0 1660
inst 461 0 1662
inst 462 0 1663
inst 463 0 1665
inst 464 0 151
inst 465 0 152
inst 466 0 155
inst 467 0 1661
inst 468 0 1666
inst 469 0 1668
inst 470 0 1671
inst 471 0 1673
inst 472 0 830
inst 473 0 831
inst 474 0 1646
inst 475 0 1648
inst 476 0 1649
inst 477 0 1650
inst 478 0 1651
inst 479 0 150
inst 480 0 1531
inst 481 0 1652
inst 482 0 1653
inst 483 0 1530
inst 484 0 1532
inst 485 0 1654
inst 486 0 1644
inst 487 0 1647
inst 488 0 1637
inst 489 0 1638
inst 490 0 1639
inst 491 0 1640
inst 492 0 1641
inst 493 0 1642
inst 494 0 1643
inst 495 0 1645
inst 496 0 1579
inst 497 0 1623
inst 498 0 1580
inst 499 0 1582
inst 500 0 1583
inst 501 0 1527
inst 502 0 1528
inst 503 0 1529
inst 504 0 1621
inst 505 0 1622
inst 506 0 1636
inst 507 0 1620
inst 508 0 1618
inst 509 0 1619
inst 510 0 1624
inst 511 0 1625
inst 512 0 499
inst 513 0 500
inst 514 0 502
inst 515 0 505
inst 516 0 726
inst 517 0 727
inst 518 0 731
inst 519 0 549
inst 520 0 724
inst 521 0 1429
inst 522 0 1433
inst 523 0 1434
inst 524 0 498
inst 525 0 501
inst 526 0 503
inst 527 0 504
inst 528 0 1393
inst 529 0 1394
inst 530 0 1396
inst 531 0 1397
inst 532 0 1398
inst 533 0 1399
inst 534 0 1406
inst 535 0 1407
inst 536 0 754
inst 537 0 755
inst 538 0 1384
inst 539 0 1377
inst 540 0 722
inst 541 0 723
inst 542 0 725
inst 543 0 1395
inst 544 0 1387
inst 545 0 1400
inst 546 0 1401
inst 547 0 1402
inst 548 0 1403
inst 549 0 1404
inst 550 0 1405
inst 551 0 1408
inst 552 0 1367
inst 553 0 1368
inst 554 0 1369
inst 555 0 1375
inst 556 0 1376
inst 557 0 1409
inst 558 0 1374
inst 559 0 1388
inst 560 0 1383
inst 561 0 1385
inst 562 0 1386
inst 563 0 1391
inst 564 0 1392
inst 565 0 1378
inst 566 0 1389
inst 567 0 1390
inst 568 0 1371
inst 569 0 1372
inst 570 0 1380
inst 571 0 1370
inst 572 0 1373
inst 573 0 1382
inst 574 0 1379
inst 575 0 1381
inst 576 0 718
inst 577 0 728
inst 578 0 717
inst 579 0 719
inst 580 0 729
inst 581 0 730
inst 582 0 720
inst 583 0 721
inst 584 0 735
inst 585 0 749
inst 586 0 732
inst 587 0 736
inst 588 0 750
inst 589 0 751
inst 590 0 752
inst 591 0 753
inst 592 0 287
inst 593 0 288
inst 594 0 738
inst 595 0 739
inst 596 0 741
inst 597 0 733
inst 598 0 734
inst 599 0 746
inst 600 0 737
inst 601 0 740
inst 602 0 743
inst 603 0 744
inst 604 0 745
inst 605 0 747
inst 606 0 748
inst 607 0 742
inst 608 0 267
inst 609 0 268
inst 610 0 271
inst 611 0 274
inst 612 0 277
inst 613 0 278
inst 614 0 290
inst 615 0 291
inst 616 0 204
inst 617 0 263
inst 618 0 272
inst 619 0 273
inst 620 0 275
inst 621 0 276
inst 622 0 279
inst 623 0 280
inst 624 0 195
inst 625 0 196
inst 626 0 197
inst 627 0 198
inst 628 0 199
inst 629 0 202
inst 630 0 203
inst 631 0 262
inst 632 0 618
inst 633 0 619
inst 634 0 620
inst 635 0 621
inst 636 0 264
inst 637 0 265
inst 638 0 266
inst 639 0 289
inst 640 0 854
inst 641 0 858
inst 642 0 145
inst 643 0 146
inst 644 0 147
inst 645 0 148
inst 646 0 149
inst 647 0 1667
inst 648 0 828
inst 649 0 857
inst 650 0 855
inst 651 0 859
inst 652 0 860
inst 653 0 861
inst 654 0 862
inst 655 0 863
inst 656 0 1520
inst 657 0 1522
inst 658 0 1523
inst 659 0 1524
inst 660 0 1525
inst 661 0 1526
inst 662 0 1517
inst 663 0 1521
inst 664 0 781
inst 665 0 782
inst 666 0 784
inst 667 0 785
inst 668 0 827
inst 669 0 829
inst 670 0 1519
inst 671 0 1518
inst 672 0 185
inst 673 0 186
inst 674 0 188
inst 675 0 189
inst 676 0 283
inst 677 0 282
inst 678 0 285
inst 679 0 286
inst 680 0 180
inst 681 0 184
inst 682 0 201
inst 683 0 181
inst 684 0 182
inst 685 0 183
inst 686 0 284
inst 687 0 200
inst 688 0 187
inst 689 0 235
inst 690 0 236
inst 691 0 238
inst 692 0 239
inst 693 0 242
inst 694 0 243
inst 695 0 244
inst 696 0 776
inst 697 0 778
inst 698 0 779
inst 699 0 780
inst 700 0 783
inst 701 0 237
inst 702 0 240
inst 703 0 241
inst 704 0 1626
inst 705 0 1630
inst 706 0 1631
inst 707 0 1632
inst 708 0 1633
inst 709 0 1627
inst 710 0 1634
inst 711 0 1635
inst 712 0 1081
inst 713 0 1085
inst 714 0 1628
inst 715 0 1629
inst 716 0 1514
inst 717 0 1512
inst 718 0 1515
inst 719 0 1516
inst 720 0 807
inst 721 0 808
inst 722 0 809
inst 723 0 823
inst 724 0 826
inst 725 0 777
inst 726 0 1513
inst 727 0 811
inst 728 0 812
inst 729 0 813
inst 730 0 814
inst 731 0 815
inst 732 0 821
inst 733 0 822
inst 734 0 824
inst 735 0 825
inst 736 0 1047
inst 737 0 1058
inst 738 0 1062
inst 739 0 1083
inst 740 0 1084
inst 741 0 1057
inst 742 0 1080
inst 743 0 1082
inst 744 0 1063
inst 745 0 1064
inst 746 0 1065
inst 747 0 1066
inst 748 0 1067
inst 749 0 1059
inst 750 0 1060
inst 751 0 1061
inst 752 0 1051
inst 753 0 1052
inst 754 0 1053
inst 755 0 1056
inst 756 0 1046
inst 757 0 1048
inst 758 0 1049
inst 759 0 1050
inst 760 0 1074
inst 761 0 1075
inst 762 0 1076
inst 763 0 1077
inst 764 0 1078
inst 765 0 1079
inst 766 0 1054
inst 767 0 1055
inst 768 0 1422
inst 769 0 1424
inst 770 0 1425
inst 771 0 1426
inst 772 0 1428
inst 773 0 1431
inst 774 0 1432
inst 775 0 1430
inst 776 0 1420
inst 777 0 1489
inst 778 0 1490
inst 779 0 1491
inst 780 0 1492
inst 781 0 1421
inst 782 0 1423
inst 783 0 1427
inst 784 0 1486
inst 785 0 1493
inst 786 0 1494
inst 787 0 1495
inst 788 0 1496
inst 789 0 1497
inst 790 0 1487
inst 791 0 1488
inst 792 0 1476
inst 793 0 1477
inst 794 0 1504
inst 795 0 1506
inst 796 0 1511
inst 797 0 1478
inst 798 0 1505
inst 799 0 1485
inst 800 0 1417
inst 801 0 1418
inst 802 0 1419
inst 803 0 1435
inst 804 0 1436
inst 805 0 1437
inst 806 0 1507
inst 807 0 1509
inst 808 0 1473
inst 809 0 1475
inst 810 0 1479
inst 811 0 1502
inst 812 0 1472
inst 813 0 1480
inst 814 0 1501
inst 815 0 1503
inst 816 0 1483
inst 817 0 1484
inst 818 0 1414
inst 819 0 1415
inst 820 0 1416
inst 821 0 1443
inst 822 0 1474
inst 823 0 1508
inst 824 0 1410
inst 825 0 1510
inst 826 0 270
inst 827 0 1411
inst 828 0 1412
inst 829 0 1413
inst 830 0 1481
inst 831 0 1482
inst 832 0 1440
inst 833 0 1441
inst 834 0 1442
inst 835 0 1500
inst 836 0 1438
inst 837 0 1439
inst 838 0 1498
inst 839 0 1499
inst 840 0 1446
inst 841 0 1447
inst 842 0 1448
inst 843 0 1450
inst 844 0 1451
inst 845 0 1453
inst 846 0 1444
inst 847 0 1445
inst 848 0 1455
inst 849 0 1456
inst 850 0 1457
inst 851 0 1458
inst 852 0 1449
inst 853 0 1452
inst 854 0 1454
inst 855 0 1459
inst 856 0 1463
inst 857 0 1464
inst 858 0 1465
inst 859 0 1468
inst 860 0 1461
inst 861 0 1462
inst 862 0 1466
inst 863 0 1460
inst 864 0 471
inst 865 0 472
inst 866 0 473
inst 867 0 474
inst 868 0 1471
inst 869 0 1467
inst 870 0 1469
inst 871 0 1470
inst 872 0 449
inst 873 0 450
inst 874 0 451
inst 875 0 452
inst 876 0 453
inst 877 0 454
inst 878 0 469
inst 879 0 470
inst 880 0 456
inst 881 0 457
inst 882 0 458
inst 883 0 459
inst 884 0 460
inst 885 0 475
inst 886 0 476
inst 887 0 455
inst 888 0 463
inst 889 0 465
inst 890 0 466
inst 891 0 467
inst 892 0 468
inst 893 0 461
inst 894 0 462
inst 895 0 464
inst 896 0 245
inst 897 0 246
inst 898 0 247
inst 899 0 249
inst 900 0 281
inst 901 0 1070
inst 902 0 1071
inst 903 0 269
inst 904 0 250
inst 905 0 251
inst 906 0 294
inst 907 0 295
inst 908 0 248
inst 909 0 1068
inst 910 0 1069
inst 911 0 1072
inst 912 0 190
inst 913 0 191
inst 914 0 192
inst 915 0 193
inst 916 0 194
inst 917 0 212
inst 918 0 225
inst 919 0 1073
inst 920 0 220
inst 921 0 221
inst 922 0 222
inst 923 0 223
inst 924 0 224
inst 925 0 292
inst 926 0 296
inst 927 0 229
inst 928 0 216
inst 929 0 217
inst 930 0 252
inst 931 0 253
inst 932 0 213
inst 933 0 215
inst 934 0 218
inst 935 0 219
inst 936 0 205
inst 937 0 209
inst 938 0 214
inst 939 0 254
inst 940 0 255
inst 941 0 256
inst 942 0 210
inst 943 0 211
inst 944 0 257
inst 945 0 258
inst 946 0 261
inst 947 0 226
inst 948 0 227
inst 949 0 206
inst 950 0 207
inst 951 0 208
inst 952 0 231
inst 953 0 232
inst 954 0 233
inst 955 0 259
inst 956 0 260
inst 957 0 228
inst 958 0 230
inst 959 0 234
inst 960 0 298
inst 961 0 299
inst 962 0 300
inst 963 0 301
inst 964 0 302
inst 965 0 309
inst 966 0 293
inst 967 0 297
inst 968 0 1087
inst 969 0 1088
inst 970 0 303
inst 971 0 304
inst 972 0 305
inst 973 0 306
inst 974 0 307
inst 975 0 308
inst 976 0 1086
inst 977 0 1090
inst 978 0 1091
inst 979 0 1092
inst 980 0 1095
inst 981 0 1089
inst 982 0 1093
inst 983 0 1094
inst 984 0 1098
inst 985 0 1099
inst 986 0 1100
inst 987 0 1101
inst 988 0 1102
inst 989 0 1131
inst 990 0 1096
inst 991 0 1097
inst 992 0 1112
inst 993 0 1113
inst 994 0 1114
inst 995 0 1124
inst 996 0 1125
inst 997 0 1126
inst 998 0 1127
inst 999 0 1130
inst 1000 0 1122
inst 1001 0 1132
inst 1002 0 1133
inst 1003 0 1134
inst 1004 0 1135
inst 1005 0 1121
inst 1006 0 1123
inst 1007 0 1128
inst 1008 0 1105
inst 1009 0 1107
inst 1010 0 1103
inst 1011 0 1104
inst 1012 0 1110
inst 1013 0 1111
inst 1014 0 1129
inst 1015 0 1106
inst 1016 0 1115
inst 1017 0 1116
inst 1018 0 1117
inst 1019 0 1118
inst 1020 0 1119
inst 1021 0 1120
inst 1022 0 1108
inst 1023 0 1109
inst 1024 0 125
inst 1025 0 126
inst 1026 0 129
inst 1027 0 541
inst 1028 0 542
inst 1029 0 544
inst 1030 0 545
inst 1031 0 548
inst 1032 0 134
inst 1033 0 530
inst 1034 0 531
inst 1035 0 532
inst 1036 0 533
inst 1037 0 534
inst 1038 0 127
inst 1039 0 128
inst 1040 0 101
inst 1041 0 102
inst 1042 0 103
inst 1043 0 536
inst 1044 0 538
inst 1045 0 535
inst 1046 0 537
inst 1047 0 543
inst 1048 0 107
inst 1049 0 104
inst 1050 0 105
inst 1051 0 106
inst 1052 0 108
inst 1053 0 109
inst 1054 0 539
inst 1055 0 540
inst 1056 0 100
inst 1057 0 118
inst 1058 0 119
inst 1059 0 123
inst 1060 0 124
inst 1061 0 130
inst 1062 0 133
inst 1063 0 135
inst 1064 0 843
inst 1065 0 847
inst 1066 0 115
inst 1067 0 116
inst 1068 0 117
inst 1069 0 120
inst 1070 0 131
inst 1071 0 132
inst 1072 0 832
inst 1073 0 833
inst 1074 0 834
inst 1075 0 835
inst 1076 0 836
inst 1077 0 839
inst 1078 0 840
inst 1079 0 849
inst 1080 0 842
inst 1081 0 846
inst 1082 0 837
inst 1083 0 838
inst 1084 0 841
inst 1085 0 844
inst 1086 0 845
inst 1087 0 848
inst 1088 0 83
inst 1089 0 84
inst 1090 0 85
inst 1091 0 86
inst 1092 0 88
inst 1093 0 89
inst 1094 0 70
inst 1095 0 82
inst 1096 0 121
inst 1097 0 122
inst 1098 0 136
inst 1099 0 138
inst 1100 0 139
inst 1101 0 546
inst 1102 0 87
inst 1103 0 547
inst 1104 0 166
inst 1105 0 80
inst 1106 0 93
inst 1107 0 94
inst 1108 0 95
inst 1109 0 98
inst 1110 0 99
inst 1111 0 81
inst 1112 0 164
inst 1113 0 179
inst 1114 0 165
inst 1115 0 167
inst 1116 0 168
inst 1117 0 169
inst 1118 0 174
inst 1119 0 142
inst 1120 0 90
inst 1121 0 92
inst 1122 0 96
inst 1123 0 97
inst 1124 0 137
inst 1125 0 170
inst 1126 0 172
inst 1127 0 173
inst 1128 0 160
inst 1129 0 161
inst 1130 0 177
inst 1131 0 162
inst 1132 0 175
inst 1133 0 176
inst 1134 0 178
inst 1135 0 163
inst 1136 0 790
inst 1137 0 850
inst 1138 0 852
inst 1139 0 853
inst 1140 0 851
inst 1141 0 91
inst 1142 0 171
inst 1143 0 856
inst 1144 0 786
inst 1145 0 787
inst 1146 0 789
inst 1147 0 792
inst 1148 0 798
inst 1149 0 799
inst 1150 0 802
inst 1151 0 804
inst 1152 0 387
inst 1153 0 390
inst 1154 0 391
inst 1155 0 392
inst 1156 0 393
inst 1157 0 560
inst 1158 0 562
inst 1159 0 563
inst 1160 0 1331
inst 1161 0 1351
inst 1162 0 388
inst 1163 0 389
inst 1164 0 394
inst 1165 0 395
inst 1166 0 396
inst 1167 0 564
inst 1168 0 1323
inst 1169 0 1324
inst 1170 0 1325
inst 1171 0 1326
inst 1172 0 1327
inst 1173 0 1328
inst 1174 0 1330
inst 1175 0 1332
inst 1176 0 379
inst 1177 0 380
inst 1178 0 381
inst 1179 0 382
inst 1180 0 383
inst 1181 0 384
inst 1182 0 1321
inst 1183 0 1322
inst 1184 0 111
inst 1185 0 112
inst 1186 0 557
inst 1187 0 558
inst 1188 0 110
inst 1189 0 113
inst 1190 0 114
inst 1191 0 556
inst 1192 0 1316
inst 1193 0 376
inst 1194 0 378
inst 1195 0 377
inst 1196 0 385
inst 1197 0 386
inst 1198 0 559
inst 1199 0 561
inst 1200 0 1306
inst 1201 0 1307
inst 1202 0 1308
inst 1203 0 1314
inst 1204 0 1315
inst 1205 0 1317
inst 1206 0 1318
inst 1207 0 1319
inst 1208 0 1303
inst 1209 0 1305
inst 1210 0 1309
inst 1211 0 1310
inst 1212 0 1312
inst 1213 0 1313
inst 1214 0 1302
inst 1215 0 1304
inst 1216 0 1348
inst 1217 0 1355
inst 1218 0 1349
inst 1219 0 1350
inst 1220 0 1352
inst 1221 0 1353
inst 1222 0 1356
inst 1223 0 1357
inst 1224 0 1334
inst 1225 0 1335
inst 1226 0 1338
inst 1227 0 1345
inst 1228 0 1329
inst 1229 0 1346
inst 1230 0 1347
inst 1231 0 1354
inst 1232 0 1361
inst 1233 0 1362
inst 1234 0 1363
inst 1235 0 1365
inst 1236 0 1336
inst 1237 0 1337
inst 1238 0 1364
inst 1239 0 1366
inst 1240 0 1339
inst 1241 0 1340
inst 1242 0 1341
inst 1243 0 1342
inst 1244 0 1343
inst 1245 0 1358
inst 1246 0 1360
inst 1247 0 1359
inst 1248 0 973
inst 1249 0 984
inst 1250 0 985
inst 1251 0 986
inst 1252 0 987
inst 1253 0 1320
inst 1254 0 1333
inst 1255 0 1344
inst 1256 0 988
inst 1257 0 989
inst 1258 0 990
inst 1259 0 991
inst 1260 0 964
inst 1261 0 966
inst 1262 0 974
inst 1263 0 976
inst 1264 0 372
inst 1265 0 373
inst 1266 0 374
inst 1267 0 421
inst 1268 0 422
inst 1269 0 424
inst 1270 0 571
inst 1271 0 572
inst 1272 0 968
inst 1273 0 969
inst 1274 0 970
inst 1275 0 971
inst 1276 0 965
inst 1277 0 967
inst 1278 0 975
inst 1279 0 375
inst 1280 0 796
inst 1281 0 788
inst 1282 0 793
inst 1283 0 794
inst 1284 0 795
inst 1285 0 797
inst 1286 0 801
inst 1287 0 791
inst 1288 0 810
inst 1289 0 816
inst 1290 0 819
inst 1291 0 817
inst 1292 0 818
inst 1293 0 820
inst 1294 0 805
inst 1295 0 806
inst 1296 0 574
inst 1297 0 577
inst 1298 0 938
inst 1299 0 1030
inst 1300 0 1031
inst 1301 0 1311
inst 1302 0 800
inst 1303 0 803
inst 1304 0 426
inst 1305 0 431
inst 1306 0 1029
inst 1307 0 1032
inst 1308 0 1034
inst 1309 0 573
inst 1310 0 575
inst 1311 0 947
inst 1312 0 352
inst 1313 0 358
inst 1314 0 425
inst 1315 0 427
inst 1316 0 428
inst 1317 0 353
inst 1318 0 356
inst 1319 0 354
inst 1320 0 940
inst 1321 0 576
inst 1322 0 934
inst 1323 0 355
inst 1324 0 357
inst 1325 0 359
inst 1326 0 429
inst 1327 0 430
inst 1328 0 1240
inst 1329 0 1242
inst 1330 0 1243
inst 1331 0 1249
inst 1332 0 936
inst 1333 0 937
inst 1334 0 939
inst 1335 0 935
inst 1336 0 1225
inst 1337 0 1226
inst 1338 0 1238
inst 1339 0 1244
inst 1340 0 1239
inst 1341 0 1241
inst 1342 0 1250
inst 1343 0 1251
inst 1344 0 1246
inst 1345 0 1247
inst 1346 0 1252
inst 1347 0 1253
inst 1348 0 1254
inst 1349 0 1256
inst 1350 0 1245
inst 1351 0 1248
inst 1352 0 1171
inst 1353 0 1172
inst 1354 0 1174
inst 1355 0 1175
inst 1356 0 1176
inst 1357 0 1177
inst 1358 0 1178
inst 1359 0 1255
inst 1360 0 1181
inst 1361 0 1182
inst 1362 0 1187
inst 1363 0 1188
inst 1364 0 1230
inst 1365 0 1231
inst 1366 0 1179
inst 1367 0 1180
inst 1368 0 1191
inst 1369 0 1192
inst 1370 0 1170
inst 1371 0 1183
inst 1372 0 1184
inst 1373 0 1185
inst 1374 0 1186
inst 1375 0 1189
inst 1376 0 1219
inst 1377 0 1220
inst 1378 0 1221
inst 1379 0 1223
inst 1380 0 1224
inst 1381 0 1227
inst 1382 0 1228
inst 1383 0 1229
inst 1384 0 1214
inst 1385 0 1215
inst 1386 0 1216
inst 1387 0 1217
inst 1388 0 1218
inst 1389 0 1199
inst 1390 0 1200
inst 1391 0 1190
inst 1392 0 1232
inst 1393 0 1233
inst 1394 0 1234
inst 1395 0 1257
inst 1396 0 1258
inst 1397 0 1259
inst 1398 0 1282
inst 1399 0 1222
inst 1400 0 1260
inst 1401 0 1261
inst 1402 0 1262
inst 1403 0 1263
inst 1404 0 1264
inst 1405 0 1235
inst 1406 0 1236
inst 1407 0 1237
inst 1408 0 361
inst 1409 0 363
inst 1410 0 366
inst 1411 0 1010
inst 1412 0 1011
inst 1413 0 1012
inst 1414 0 1013
inst 1415 0 1014
inst 1416 0 400
inst 1417 0 401
inst 1418 0 402
inst 1419 0 993
inst 1420 0 1009
inst 1421 0 992
inst 1422 0 994
inst 1423 0 995
inst 1424 0 1016
inst 1425 0 1018
inst 1426 0 1019
inst 1427 0 1021
inst 1428 0 1026
inst 1429 0 1027
inst 1430 0 1028
inst 1431 0 1015
inst 1432 0 364
inst 1433 0 365
inst 1434 0 996
inst 1435 0 360
inst 1436 0 362
inst 1437 0 1020
inst 1438 0 1023
inst 1439 0 1024
inst 1440 0 980
inst 1441 0 981
inst 1442 0 982
inst 1443 0 983
inst 1444 0 1033
inst 1445 0 1017
inst 1446 0 1022
inst 1447 0 1025
inst 1448 0 949
inst 1449 0 951
inst 1450 0 952
inst 1451 0 953
inst 1452 0 1044
inst 1453 0 977
inst 1454 0 978
inst 1455 0 979
inst 1456 0 1036
inst 1457 0 1038
inst 1458 0 1039
inst 1459 0 1040
inst 1460 0 1041
inst 1461 0 1042
inst 1462 0 1043
inst 1463 0 1045
inst 1464 0 941
inst 1465 0 943
inst 1466 0 945
inst 1467 0 946
inst 1468 0 1035
inst 1469 0 942
inst 1470 0 944
inst 1471 0 1037
inst 1472 0 367
inst 1473 0 368
inst 1474 0 415
inst 1475 0 416
inst 1476 0 417
inst 1477 0 999
inst 1478 0 423
inst 1479 0 568
inst 1480 0 565
inst 1481 0 566
inst 1482 0 567
inst 1483 0 998
inst 1484 0 412
inst 1485 0 413
inst 1486 0 1000
inst 1487 0 414
inst 1488 0 972
inst 1489 0 569
inst 1490 0 570
inst 1491 0 1002
inst 1492 0 1003
inst 1493 0 1004
inst 1494 0 1005
inst 1495 0 1006
inst 1496 0 956
inst 1497 0 957
inst 1498 0 958
inst 1499 0 959
inst 1500 0 961
inst 1501 0 963
inst 1502 0 960
inst 1503 0 962
inst 1504 0 399
inst 1505 0 405
inst 1506 0 408
inst 1507 0 420
inst 1508 0 409
inst 1509 0 410
inst 1510 0 1001
inst 1511 0 369
inst 1512 0 550
inst 1513 0 551
inst 1514 0 552
inst 1515 0 553
inst 1516 0 554
inst 1517 0 997
inst 1518 0 418
inst 1519 0 419
inst 1520 0 370
inst 1521 0 403
inst 1522 0 404
inst 1523 0 406
inst 1524 0 407
inst 1525 0 371
inst 1526 0 397
inst 1527 0 398
inst 1528 0 948
inst 1529 0 950
inst 1530 0 955
inst 1531 0 954
inst 1532 0 555
inst 1533 0 1008
inst 1534 0 411
inst 1535 0 1007
inst 1536 0 342
inst 1537 0 344
inst 1538 0 345
inst 1539 0 346
inst 1540 0 347
inst 1541 0 348
inst 1542 0 350
inst 1543 0 594
inst 1544 0 584
inst 1545 0 596
inst 1546 0 597
inst 1547 0 343
inst 1548 0 349
inst 1549 0 351
inst 1550 0 592
inst 1551 0 595
inst 1552 0 1299
inst 1553 0 1136
inst 1554 0 1137
inst 1555 0 1138
inst 1556 0 1139
inst 1557 0 1140
inst 1558 0 591
inst 1559 0 593
inst 1560 0 587
inst 1561 0 586
inst 1562 0 588
inst 1563 0 589
inst 1564 0 598
inst 1565 0 599
inst 1566 0 585
inst 1567 0 590
inst 1568 0 1150
inst 1569 0 1151
inst 1570 0 1152
inst 1571 0 1156
inst 1572 0 1163
inst 1573 0 1153
inst 1574 0 1154
inst 1575 0 1155
inst 1576 0 1165
inst 1577 0 1166
inst 1578 0 1168
inst 1579 0 1167
inst 1580 0 1169
inst 1581 0 1173
inst 1582 0 1161
inst 1583 0 1162
inst 1584 0 1164
inst 1585 0 1141
inst 1586 0 1143
inst 1587 0 1144
inst 1588 0 1145
inst 1589 0 1147
inst 1590 0 1148
inst 1591 0 1149
inst 1592 0 1298
inst 1593 0 1146
inst 1594 0 1295
inst 1595 0 1157
inst 1596 0 1158
inst 1597 0 1159
inst 1598 0 1160
inst 1599 0 1142
inst 1600 0 432
inst 1601 0 433
inst 1602 0 434
inst 1603 0 436
inst 1604 0 441
inst 1605 0 442
inst 1606 0 443
inst 1607 0 447
inst 1608 0 439
inst 1609 0 444
inst 1610 0 445
inst 1611 0 446
inst 1612 0 448
inst 1613 0 435
inst 1614 0 437
inst 1615 0 440
inst 1616 0 1193
inst 1617 0 1194
inst 1618 0 1195
inst 1619 0 1204
inst 1620 0 1301
inst 1621 0 1196
inst 1622 0 1296
inst 1623 0 1297
inst 1624 0 578
inst 1625 0 579
inst 1626 0 580
inst 1627 0 581
inst 1628 0 582
inst 1629 0 583
inst 1630 0 438
inst 1631 0 1300
inst 1632 0 1197
inst 1633 0 1201
inst 1634 0 1202
inst 1635 0 1203
inst 1636 0 1205
inst 1637 0 1210
inst 1638 0 1212
inst 1639 0 1198
inst 1640 0 1276
inst 1641 0 1277
inst 1642 0 1278
inst 1643 0 1279
inst 1644 0 1281
inst 1645 0 1280
inst 1646 0 1211
inst 1647 0 1213
inst 1648 0 1207
inst 1649 0 1209
inst 1650 0 1286
inst 1651 0 1288
inst 1652 0 1289
inst 1653 0 1290
inst 1654 0 1206
inst 1655 0 1208
inst 1656 0 1284
inst 1657 0 1285
inst 1658 0 1287
inst 1659 0 1291
inst 1660 0 1292
inst 1661 0 1293
inst 1662 0 1294
inst 1663 0 1283
inst 1664 0 1267
inst 1665 0 1269
inst 1666 0 1271
inst 1667 0 1272
inst 1668 0 1265
inst 1669 0 1266
inst 1670 0 1268
inst 1671 0 1270
inst 1672 0 1275
inst 1673 0 1273
inst 1674 0 1274
level jungle tree 0 protos 26 instances 3010
proto 0 spike.mb stiffness 0.000000 dists 204800.0000 102400.0000 0.0000 245760.0000 rdists 0.00002441 0.00000977 0.00003488 0.00000000
proto 1 pole3.mb stiffness 0.000000 dists 204800.0000 102400.0000 0.0000 286720.0000 rdists 0.00001221 0.00000977 0.00001744 0.00000000
proto 2 jng-vinebase.mb stiffness 0.000000 dists 204800.0000 102400.0000 0.0000 286720.0000 rdists 0.00001221 0.00000977 0.00001744 0.00000000
proto 3 palmplant-top.mb stiffness 0.300000 dists 327680.0000 163840.0000 0.0000 491520.0000 rdists 0.00000610 0.00000610 0.00000872 0.30000001
proto 4 bigleaves.mb stiffness 0.000000 dists 184320.0000 92160.0000 0.0000 368640.0000 rdists 0.00000543 0.00001085 0.00000775 0.00000000
proto 5 rock-shrub.mb stiffness 0.000000 dists 184320.0000 92160.0000 0.0000 368640.0000 rdists 0.00000543 0.00001085 0.00000775 0.00000000
proto 6 trunk02vine1.mb stiffness 0.000000 dists 184320.0000 92160.0000 0.0000 368640.0000 rdists 0.00000543 0.00001085 0.00000775 0.00000000
proto 7 trunk02vine2.mb stiffness 0.000000 dists 184320.0000 92160.0000 0.0000 368640.0000 rdists 0.00000543 0.00001085 0.00000775 0.00000000
proto 8 trunk02vine3.mb stiffness 0.000000 dists 184320.0000 92160.0000 0.0000 368640.0000 rdists 0.00000543 0.00001085 0.00000775 0.00000000
proto 9 smallsingleleaf.mb stiffness 0.000000 dists 122880.0000 61440.0000 0.0000 163840.0000 rdists 0.00002441 0.00001628 0.00003488 0.00000000
proto 10 trunk01vine.mb stiffness 0.000000 dists 184320.0000 92160.0000 0.0000 368640.0000 rdists 0.00000543 0.00001085 0.00000775 0.00000000
proto 11 jng-grass.mb stiffness 0.000000 dists 184320.0000 92160.0000 0.0000 368640.0000 rdists 0.00000543 0.00001085 0.00000775 0.00000000
proto 12 jng-clump-leaf-01.mb stiffness 0.000000 dists 184320.0000 92160.0000 0.0000 368640.0000 rdists 0.00000543 0.00001085 0.00000775 0.00000000
proto 13 plant_6.mb stiffness 0.000000 dists 184320.0000 92160.0000 0.0000 368640.0000 rdists 0.00000543 0.00001085 0.00000775 0.00000000
proto 14 jng-clump-leaf-02.mb stiffness 0.000000 dists 184320.0000 92160.0000 0.0000 368640.0000 rdists 0.00000543 0.00001085 0.00000775 0.00000000
proto 15 plant_3.mb stiffness 0.000000 dists 184320.0000 92160.0000 0.0000 368640.0000 rdists 0.00000543 0.00001085 0.00000775 0.00000000
proto 16 jng-palm-leaf-01.mb stiffness 0.000000 dists 184320.0000 92160.0000 0.0000 368640.0000 rdists 0.00000543 0.00001085 0.00000775 0.00000000
proto 17 jng-curvedleafplant.mb stiffness 0.000000 dists 184320.0000 92160.0000 0.0000 368640.0000 rdists 0.00000543 0.00001085 0.00000775 0.00000000
proto 18 jng-flatgrass.mb stiffness 0.000000 dists 184320.0000 92160.0000 0.0000 368640.0000 rdists 0.00000543 0.00001085 0.00000775 0.00000000
proto 19 jng-half-fern.mb stiffness 0.000000 dists 184320.0000 92160.0000 0.0000 368640.0000 rdists 0.00000543 0.00001085 0.00000775 0.00000000
proto 20 jng-fuzzystalk.mb stiffness 0.000000 dists 184320.0000 92160.0000 0.0000 368640.0000 rdists 0.00000543 0.00001085 0.00000775 0.00000000
proto 21 jng-lavanders.mb stiffness 0.000000 dists 184320.0000 92160.0000 0.0000 368640.0000 rdists 0.00000543 0.00001085 0.00000775 0.00000000
proto 22 jng-tall-grass.mb stiffness 0.000000 dists 184320.0000 92160.0000 0.0000 368640.0000 rdists 0.00000543 0.00001085 0.00000775 0.00000000
proto 23 jng-cattailplant.mb stiffness 0.400000 dists 184320.0000 92160.0000 0.0000 368640.0000 rdists 0.00000543 0.00001085 0.00000775 0.40000001
proto 24 jng-cattailplant2.mb stiffness 0.400000 dists 184320.0000 92160.0000 0.0000 368640.0000 rdists 0.00000543 0.00001085 0.00000775 0.40000001
proto 25 jng-pebbles-01.mb stiffness 0.000000 dists 184320.0000 92160.0000 0.0000 368640.0000 rdists 0.00000543 0.00001085 0.00000775 0.00000000
inst 0 0 76
inst 1 0 77
inst 2 0 80
inst 3 0 81
inst 4 0 84
inst 5 0 87
inst 6 0 109
inst 7 0 112
inst 8 0 78
inst 9 0 79
inst 10 0 105
inst 11 0 106
inst 12 0 107
inst 13 0 108
inst 14 0 85
inst 15 0 113
inst 16 0 70
inst 17 0 74
inst 18 0 75
inst 19 0 82
inst 20 0 110
inst 21 0 111
inst 22 0 114
inst 23 0 83
inst 24 0 72
inst 25 0 73
inst 26 0 89
inst 27 0 103
inst 28 0 115
inst 29 0 104
inst 30 0 88
inst 31 0 86
inst 32 0 69
inst 33 0 91
inst 34 0 92
inst 35 0 93
inst 36 0 94
inst 37 0 116
inst 38 0 118
inst 39 0 119
inst 40 0 64
inst 41 0 68
inst 42 0 90
inst 43 0 96
inst 44 0 100
inst 45 0 101
inst 46 0 102
inst 47 0 71
inst 48 0 65
inst 49 0 66
inst 50 0 67
inst 51 0 98
inst 52 0 99
inst 53 0 117
inst 54 0 95
inst 55 0 97
inst 56 0 12
inst 57 0 23
inst 58 0 24
inst 59 0 37
inst 60 0 43
inst 61 0 10
inst 62 0 11
inst 63 0 33
inst 64 0 13
inst 65 0 14
inst 66 0 25
inst 67 0 26
inst 68 0 35
inst 69 0 46
inst 70 0 42
inst 71 0 44
inst 72 0 2
inst 73 0 16
inst 74 0 27
inst 75 0 38
inst 76 0 48
inst 77 0 1
inst 78 0 15
inst 79 0 47
inst 80 0 7
inst 81 0 8
inst 82 0 19
inst 83 0 22
inst 84 0 36
inst 85 0 41
inst 86 0 0
inst 87 0 9
inst 88 0 6
inst 89 0 20
inst 90 0 21
inst 91 0 32
inst 92 0 34
inst 93 0 40
inst 94 0 39
inst 95 0 18
inst 96 0 3
inst 97 0 17
inst 98 0 28
inst 99 0 29
inst 100 0 30
inst 101 0 31
inst 102 0 49
inst 103 0 45
inst 104 0 4
inst 105 0 5
inst 106 1 50
inst 107 1 51
inst 108 1 52
inst 109 1 60
inst 110 1 61
inst 111 1 63
inst 112 1 136
inst 113 1 137
inst 114 1 54
inst 115 1 55
inst 116 1 56
inst 117 1 57
inst 118 1 58
inst 119 1 59
inst 120 1 62
inst 121 1 53
inst 122 2 125
inst 123 2 126
inst 124 2 128
inst 125 2 130
inst 126 2 131
inst 127 2 132
inst 128 2 133
inst 129 2 134
inst 130 2 120
inst 131 2 121
inst 132 2 122
inst 133 2 123
inst 134 2 124
inst 135 2 129
inst 136 2 135
inst 137 2 127
inst 138 3 149
inst 139 3 152
inst 140 3 153
inst 141 3 154
inst 142 3 155
inst 143 3 156
inst 144 3 158
inst 145 3 159
inst 146 3 138
inst 147 3 140
inst 148 3 141
inst 149 3 142
inst 150 3 143
inst 151 3 144
inst 152 3 148
inst 153 3 139
inst 154 3 146
inst 155 3 147
inst 156 3 150
inst 157 3 151
inst 158 3 157
inst 159 3 145
inst 160 4 160
inst 161 4 161
inst 162 4 2801
inst 163 4 2802
inst 164 4 2803
inst 165 4 2804
inst 166 4 2805
inst 167 4 2825
inst 168 4 2809
inst 169 4 2810
inst 170 4 2819
inst 171 4 2820
inst 172 4 2821
inst 173 4 2822
inst 174 4 2823
inst 175 4 2824
inst 176 4 2806
inst 177 4 2807
inst 178 4 2814
inst 179 4 2818
inst 180 4 2828
inst 181 4 2829
inst 182 4 2830
inst 183 4 2808
inst 184 4 2816
inst 185 4 2826
inst 186 4 2827
inst 187 4 2832
inst 188 4 2833
inst 189 4 2815
inst 190 4 2817
inst 191 4 2831
inst 192 4 1287
inst 193 4 1289
inst 194 4 1274
inst 195 4 1288
inst 196 4 1290
inst 197 4 1291
inst 198 4 2184
inst 199 4 2185
inst 200 4 2186
inst 201 4 2190
inst 202 4 1272
inst 203 4 1282
inst 204 4 1283
inst 205 4 1284
inst 206 4 1285
inst 207 4 1286
inst 208 4 2168
inst 209 4 2170
inst 210 4 2171
inst 211 4 2182
inst 212 4 2187
inst 213 4 2188
inst 214 4 2189
inst 215 4 2191
inst 216 4 1251
inst 217 4 1256
inst 218 4 1257
inst 219 4 1262
inst 220 4 1261
inst 221 4 2166
inst 222 4 2167
inst 223 4 2183
inst 224 4 1250
inst 225 4 2102
inst 226 4 2103
inst 227 4 2104
inst 228 4 2105
inst 229 4 2139
inst 230 4 2140
inst 231 4 1255
inst 232 4 2055
inst 233 4 2056
inst 234 4 2057
inst 235 4 2058
inst 236 4 2098
inst 237 4 2100
inst 238 4 2101
inst 239 4 2106
inst 240 4 1983
inst 241 4 1984
inst 242 4 2082
inst 243 4 2083
inst 244 4 2084
inst 245 4 2085
inst 246 4 2086
inst 247 4 2087
inst 248 4 2062
inst 249 4 2063
inst 250 4 2065
inst 251 4 2067
inst 252 4 2099
inst 253 4 2064
inst 254 4 2066
inst 255 4 2068
inst 256 4 1094
inst 257 4 1096
inst 258 4 1097
inst 259 4 1098
inst 260 4 1253
inst 261 4 1247
inst 262 4 2138
inst 263 4 1263
inst 264 4 1095
inst 265 4 1099
inst 266 4 1100
inst 267 4 1184
inst 268 4 1185
inst 269 4 2136
inst 270 4 2135
inst 271 4 2137
inst 272 4 1696
inst 273 4 1698
inst 274 4 2021
inst 275 4 2054
inst 276 4 1660
inst 277 4 1661
inst 278 4 1662
inst 279 4 1663
inst 280 4 1650
inst 281 4 1651
inst 282 4 1697
inst 283 4 1699
inst 284 4 1700
inst 285 4 2019
inst 286 4 2020
inst 287 4 2022
inst 288 4 162
inst 289 4 163
inst 290 4 164
inst 291 4 165
inst 292 4 1913
inst 293 4 1978
inst 294 4 1995
inst 295 4 2362
inst 296 4 1980
inst 297 4 1990
inst 298 4 1991
inst 299 4 1992
inst 300 4 1979
inst 301 4 1982
inst 302 4 1981
inst 303 4 1985
inst 304 4 1701
inst 305 4 1703
inst 306 4 1707
inst 307 4 1708
inst 308 4 1709
inst 309 4 1710
inst 310 4 1711
inst 311 4 1713
inst 312 4 1986
inst 313 4 1989
inst 314 4 1993
inst 315 4 1994
inst 316 4 1712
inst 317 4 1714
inst 318 4 1987
inst 319 4 1988
inst 320 4 1652
inst 321 4 1653
inst 322 4 1654
inst 323 4 1655
inst 324 4 1656
inst 325 4 1658
inst 326 4 1092
inst 327 4 1702
inst 328 4 1705
inst 329 4 1704
inst 330 4 1706
inst 331 4 1657
inst 332 4 1659
inst 333 5 166
inst 334 5 167
inst 335 5 168
inst 336 5 169
inst 337 5 170
inst 338 6 171
inst 339 6 207
inst 340 6 225
inst 341 6 513
inst 342 6 549
inst 343 6 567
inst 344 6 621
inst 345 6 729
inst 346 6 279
inst 347 6 387
inst 348 6 459
inst 349 6 495
inst 350 6 693
inst 351 6 711
inst 352 6 783
inst 353 6 603
inst 354 6 351
inst 355 6 423
inst 356 6 585
inst 357 7 172
inst 358 7 226
inst 359 7 514
inst 360 7 550
inst 361 7 568
inst 362 7 604
inst 363 7 622
inst 364 7 730
inst 365 7 280
inst 366 7 388
inst 367 7 496
inst 368 7 694
inst 369 7 712
inst 370 7 784
inst 371 7 460
inst 372 7 586
inst 373 7 352
inst 374 7 424
inst 375 7 208
inst 376 8 173
inst 377 8 227
inst 378 8 515
inst 379 8 551
inst 380 8 569
inst 381 8 605
inst 382 8 623
inst 383 8 731
inst 384 8 281
inst 385 8 389
inst 386 8 497
inst 387 8 695
inst 388 8 713
inst 389 8 785
inst 390 8 461
inst 391 8 587
inst 392 8 353
inst 393 8 425
inst 394 8 209
inst 395 9 613
inst 396 9 614
inst 397 9 615
inst 398 9 616
inst 399 9 617
inst 400 9 619
inst 401 9 620
inst 402 9 736
inst 403 9 194
inst 404 9 195
inst 405 9 196
inst 406 9 202
inst 407 9 203
inst 408 9 611
inst 409 9 612
inst 410 9 618
inst 411 9 737
inst 412 9 738
inst 413 9 739
inst 414 9 741
inst 415 9 745
inst 416 9 746
inst 417 9 733
inst 418 9 734
inst 419 9 523
inst 420 9 525
inst 421 9 744
inst 422 9 740
inst 423 9 742
inst 424 9 743
inst 425 9 732
inst 426 9 735
inst 427 9 640
inst 428 9 641
inst 429 9 642
inst 430 9 643
inst 431 9 644
inst 432 9 646
inst 433 9 655
inst 434 9 656
inst 435 9 647
inst 436 9 648
inst 437 9 649
inst 438 9 650
inst 439 9 654
inst 440 9 645
inst 441 9 652
inst 442 9 653
inst 443 9 658
inst 444 9 661
inst 445 9 662
inst 446 9 663
inst 447 9 664
inst 448 9 670
inst 449 9 671
inst 450 9 651
inst 451 9 528
inst 452 9 524
inst 453 9 526
inst 454 9 527
inst 455 9 674
inst 456 9 659
inst 457 9 660
inst 458 9 673
inst 459 9 191
inst 460 9 205
inst 461 9 206
inst 462 9 606
inst 463 9 607
inst 464 9 609
inst 465 9 190
inst 466 9 193
inst 467 9 552
inst 468 9 553
inst 469 9 554
inst 470 9 555
inst 471 9 556
inst 472 9 557
inst 473 9 608
inst 474 9 610
inst 475 9 197
inst 476 9 198
inst 477 9 199
inst 478 9 200
inst 479 9 204
inst 480 9 565
inst 481 9 566
inst 482 9 558
inst 483 9 473
inst 484 9 474
inst 485 9 559
inst 486 9 560
inst 487 9 561
inst 488 9 562
inst 489 9 563
inst 490 9 564
inst 491 9 174
inst 492 9 175
inst 493 9 176
inst 494 9 177
inst 495 9 178
inst 496 9 180
inst 497 9 201
inst 498 9 192
inst 499 9 183
inst 500 9 184
inst 501 9 185
inst 502 9 186
inst 503 9 187
inst 504 9 188
inst 505 9 181
inst 506 9 182
inst 507 9 516
inst 508 9 517
inst 509 9 518
inst 510 9 521
inst 511 9 522
inst 512 9 529
inst 513 9 530
inst 514 9 179
inst 515 9 665
inst 516 9 666
inst 517 9 667
inst 518 9 668
inst 519 9 669
inst 520 9 519
inst 521 9 520
inst 522 9 672
inst 523 9 532
inst 524 9 533
inst 525 9 534
inst 526 9 535
inst 527 9 537
inst 528 9 538
inst 529 9 547
inst 530 9 548
inst 531 9 539
inst 532 9 540
inst 533 9 541
inst 534 9 542
inst 535 9 543
inst 536 9 546
inst 537 9 544
inst 538 9 545
inst 539 9 625
inst 540 9 626
inst 541 9 627
inst 542 9 629
inst 543 9 630
inst 544 9 637
inst 545 9 638
inst 546 9 536
inst 547 9 631
inst 548 9 632
inst 549 9 633
inst 550 9 634
inst 551 9 635
inst 552 9 636
inst 553 9 624
inst 554 9 628
inst 555 9 244
inst 556 9 245
inst 557 9 246
inst 558 9 247
inst 559 9 250
inst 560 9 259
inst 561 9 260
inst 562 9 248
inst 563 9 252
inst 564 9 253
inst 565 9 254
inst 566 9 255
inst 567 9 258
inst 568 9 249
inst 569 9 256
inst 570 9 257
inst 571 9 228
inst 572 9 229
inst 573 9 230
inst 574 9 231
inst 575 9 232
inst 576 9 233
inst 577 9 242
inst 578 9 251
inst 579 9 236
inst 580 9 238
inst 581 9 239
inst 582 9 240
inst 583 9 235
inst 584 9 237
inst 585 9 234
inst 586 9 241
inst 587 9 679
inst 588 9 680
inst 589 9 682
inst 590 9 676
inst 591 9 677
inst 592 9 678
inst 593 9 691
inst 594 9 692
inst 595 9 570
inst 596 9 571
inst 597 9 572
inst 598 9 573
inst 599 9 574
inst 600 9 681
inst 601 9 688
inst 602 9 689
inst 603 9 578
inst 604 9 683
inst 605 9 684
inst 606 9 685
inst 607 9 686
inst 608 9 687
inst 609 9 575
inst 610 9 576
inst 611 9 581
inst 612 9 582
inst 613 9 583
inst 614 9 584
inst 615 9 577
inst 616 9 580
inst 617 9 690
inst 618 9 579
inst 619 9 210
inst 620 9 211
inst 621 9 213
inst 622 9 748
inst 623 9 749
inst 624 9 750
inst 625 9 763
inst 626 9 764
inst 627 9 759
inst 628 9 752
inst 629 9 753
inst 630 9 754
inst 631 9 760
inst 632 9 761
inst 633 9 751
inst 634 9 758
inst 635 9 215
inst 636 9 216
inst 637 9 217
inst 638 9 219
inst 639 9 221
inst 640 9 223
inst 641 9 224
inst 642 9 212
inst 643 9 755
inst 644 9 756
inst 645 9 757
inst 646 9 762
inst 647 9 218
inst 648 9 220
inst 649 9 222
inst 650 9 214
inst 651 9 465
inst 652 9 466
inst 653 9 468
inst 654 9 475
inst 655 9 469
inst 656 9 470
inst 657 9 471
inst 658 9 472
inst 659 9 267
inst 660 9 274
inst 661 9 275
inst 662 9 462
inst 663 9 463
inst 664 9 464
inst 665 9 467
inst 666 9 476
inst 667 9 262
inst 668 9 265
inst 669 9 282
inst 670 9 283
inst 671 9 285
inst 672 9 286
inst 673 9 266
inst 674 9 268
inst 675 9 288
inst 676 9 289
inst 677 9 290
inst 678 9 291
inst 679 9 292
inst 680 9 293
inst 681 9 294
inst 682 9 284
inst 683 9 272
inst 684 9 273
inst 685 9 295
inst 686 9 263
inst 687 9 264
inst 688 9 277
inst 689 9 278
inst 690 9 287
inst 691 9 413
inst 692 9 416
inst 693 9 417
inst 694 9 269
inst 695 9 270
inst 696 9 271
inst 697 9 276
inst 698 9 296
inst 699 9 407
inst 700 9 408
inst 701 9 409
inst 702 9 421
inst 703 9 422
inst 704 9 414
inst 705 9 415
inst 706 9 420
inst 707 9 410
inst 708 9 411
inst 709 9 412
inst 710 9 794
inst 711 9 798
inst 712 9 406
inst 713 9 418
inst 714 9 419
inst 715 9 334
inst 716 9 335
inst 717 9 336
inst 718 9 337
inst 719 9 338
inst 720 9 339
inst 721 9 349
inst 722 9 350
inst 723 9 345
inst 724 9 346
inst 725 9 714
inst 726 9 715
inst 727 9 717
inst 728 9 718
inst 729 9 340
inst 730 9 347
inst 731 9 791
inst 732 9 792
inst 733 9 799
inst 734 9 800
inst 735 9 793
inst 736 9 795
inst 737 9 796
inst 738 9 797
inst 739 9 719
inst 740 9 720
inst 741 9 343
inst 742 9 344
inst 743 9 716
inst 744 9 341
inst 745 9 348
inst 746 9 342
inst 747 9 722
inst 748 9 727
inst 749 9 726
inst 750 9 786
inst 751 9 787
inst 752 9 788
inst 753 9 789
inst 754 9 790
inst 755 9 317
inst 756 9 331
inst 757 9 332
inst 758 9 721
inst 759 9 723
inst 760 9 724
inst 761 9 725
inst 762 9 728
inst 763 9 308
inst 764 9 309
inst 765 9 320
inst 766 9 321
inst 767 9 322
inst 768 9 316
inst 769 9 318
inst 770 9 319
inst 771 9 326
inst 772 9 323
inst 773 9 324
inst 774 9 325
inst 775 9 330
inst 776 9 305
inst 777 9 306
inst 778 9 327
inst 779 9 696
inst 780 9 697
inst 781 9 698
inst 782 9 699
inst 783 9 700
inst 784 9 701
inst 785 9 702
inst 786 9 709
inst 787 9 489
inst 788 9 505
inst 789 9 507
inst 790 9 509
inst 791 9 511
inst 792 9 504
inst 793 9 512
inst 794 9 710
inst 795 9 595
inst 796 9 596
inst 797 9 597
inst 798 9 598
inst 799 9 599
inst 800 9 602
inst 801 9 486
inst 802 9 488
inst 803 9 482
inst 804 9 483
inst 805 9 484
inst 806 9 490
inst 807 9 491
inst 808 9 485
inst 809 9 487
inst 810 9 492
inst 811 9 766
inst 812 9 769
inst 813 9 770
inst 814 9 771
inst 815 9 772
inst 816 9 778
inst 817 9 781
inst 818 9 782
inst 819 9 478
inst 820 9 479
inst 821 9 480
inst 822 9 481
inst 823 9 493
inst 824 9 494
inst 825 9 767
inst 826 9 768
inst 827 9 589
inst 828 9 590
inst 829 9 591
inst 830 9 592
inst 831 9 593
inst 832 9 594
inst 833 9 600
inst 834 9 601
inst 835 9 773
inst 836 9 774
inst 837 9 775
inst 838 9 776
inst 839 9 777
inst 840 9 780
inst 841 9 779
inst 842 9 588
inst 843 9 499
inst 844 9 500
inst 845 9 705
inst 846 9 707
inst 847 9 503
inst 848 9 506
inst 849 9 508
inst 850 9 510
inst 851 9 367
inst 852 9 498
inst 853 9 501
inst 854 9 502
inst 855 9 703
inst 856 9 704
inst 857 9 706
inst 858 9 708
inst 859 9 374
inst 860 9 375
inst 861 9 376
inst 862 9 378
inst 863 9 380
inst 864 9 381
inst 865 9 382
inst 866 9 383
inst 867 9 390
inst 868 9 391
inst 869 9 392
inst 870 9 393
inst 871 9 394
inst 872 9 395
inst 873 9 368
inst 874 9 377
inst 875 9 303
inst 876 9 304
inst 877 9 311
inst 878 9 307
inst 879 9 310
inst 880 9 312
inst 881 9 328
inst 882 9 329
inst 883 9 313
inst 884 9 314
inst 885 9 385
inst 886 9 298
inst 887 9 299
inst 888 9 300
inst 889 9 301
inst 890 9 302
inst 891 9 371
inst 892 9 372
inst 893 9 396
inst 894 9 379
inst 895 9 384
inst 896 9 370
inst 897 9 373
inst 898 9 386
inst 899 9 401
inst 900 9 402
inst 901 9 403
inst 902 9 404
inst 903 9 397
inst 904 9 398
inst 905 9 399
inst 906 9 400
inst 907 9 442
inst 908 9 443
inst 909 9 444
inst 910 9 445
inst 911 9 446
inst 912 9 448
inst 913 9 457
inst 914 9 458
inst 915 9 426
inst 916 9 427
inst 917 9 428
inst 918 9 429
inst 919 9 430
inst 920 9 447
inst 921 9 454
inst 922 9 455
inst 923 9 449
inst 924 9 450
inst 925 9 451
inst 926 9 452
inst 927 9 456
inst 928 9 431
inst 929 9 432
inst 930 9 453
inst 931 9 435
inst 932 9 436
inst 933 9 437
inst 934 9 438
inst 935 9 439
inst 936 9 440
inst 937 9 433
inst 938 9 434
inst 939 9 354
inst 940 9 355
inst 941 9 356
inst 942 9 357
inst 943 9 358
inst 944 9 359
inst 945 9 360
inst 946 9 362
inst 947 9 365
inst 948 9 366
inst 949 9 364
inst 950 9 361
inst 951 9 363
inst 952 10 189
inst 953 10 261
inst 954 10 297
inst 955 10 315
inst 956 10 333
inst 957 10 405
inst 958 10 639
inst 959 10 657
inst 960 10 369
inst 961 10 441
inst 962 10 477
inst 963 10 531
inst 964 10 675
inst 965 10 747
inst 966 10 765
inst 967 10 243
inst 968 11 804
inst 969 11 819
inst 970 11 820
inst 971 11 826
inst 972 11 2647
inst 973 11 2649
inst 974 11 2651
inst 975 11 2652
inst 976 11 801
inst 977 11 802
inst 978 11 803
inst 979 11 815
inst 980 11 817
inst 981 11 821
inst 982 11 822
inst 983 11 823
inst 984 11 828
inst 985 11 829
inst 986 11 830
inst 987 11 831
inst 988 11 832
inst 989 11 833
inst 990 11 2646
inst 991 11 827
inst 992 11 848
inst 993 11 849
inst 994 11 851
inst 995 11 805
inst 996 11 850
inst 997 11 845
inst 998 11 846
inst 999 11 847
inst 1000 11 1366
inst 1001 11 2631
inst 1002 11 2644
inst 1003 11 2672
inst 1004 11 2676
inst 1005 11 2677
inst 1006 11 2679
inst 1007 11 2680
inst 1008 11 1363
inst 1009 11 1364
inst 1010 11 2634
inst 1011 11 2641
inst 1012 11 1365
inst 1013 11 2632
inst 1014 11 2633
inst 1015 11 2636
inst 1016 11 836
inst 1017 11 842
inst 1018 11 843
inst 1019 11 844
inst 1020 11 2654
inst 1021 11 839
inst 1022 11 840
inst 1023 11 841
inst 1024 11 1367
inst 1025 11 1368
inst 1026 11 2673
inst 1027 11 835
inst 1028 11 838
inst 1029 11 2653
inst 1030 11 834
inst 1031 11 837
inst 1032 11 2425
inst 1033 11 2427
inst 1034 11 2428
inst 1035 11 2429
inst 1036 11 2444
inst 1037 11 2445
inst 1038 11 2446
inst 1039 11 2497
inst 1040 11 2459
inst 1041 11 2474
inst 1042 11 2475
inst 1043 11 2476
inst 1044 11 2480
inst 1045 11 2481
inst 1046 11 2494
inst 1047 11 2496
inst 1048 11 2256
inst 1049 11 2421
inst 1050 11 2423
inst 1051 11 2424
inst 1052 11 2437
inst 1053 11 2438
inst 1054 11 2440
inst 1055 11 2441
inst 1056 11 2457
inst 1057 11 2458
inst 1058 11 2464
inst 1059 11 2465
inst 1060 11 2466
inst 1061 11 2482
inst 1062 11 2442
inst 1063 11 2493
inst 1064 11 1358
inst 1065 11 1359
inst 1066 11 1360
inst 1067 11 1362
inst 1068 11 2613
inst 1069 11 2639
inst 1070 11 2640
inst 1071 11 1361
inst 1072 11 2614
inst 1073 11 2615
inst 1074 11 2616
inst 1075 11 2617
inst 1076 11 2619
inst 1077 11 2622
inst 1078 11 2638
inst 1079 11 2460
inst 1080 11 2562
inst 1081 11 2564
inst 1082 11 2571
inst 1083 11 2573
inst 1084 11 2574
inst 1085 11 2575
inst 1086 11 2576
inst 1087 11 2591
inst 1088 11 2597
inst 1089 11 2627
inst 1090 11 2628
inst 1091 11 2629
inst 1092 11 2630
inst 1093 11 2623
inst 1094 11 2624
inst 1095 11 2618
inst 1096 11 2663
inst 1097 11 2664
inst 1098 11 2665
inst 1099 11 2666
inst 1100 11 2667
inst 1101 11 2668
inst 1102 11 2669
inst 1103 11 2670
inst 1104 11 811
inst 1105 11 813
inst 1106 11 814
inst 1107 11 2658
inst 1108 11 2659
inst 1109 11 2661
inst 1110 11 816
inst 1111 11 818
inst 1112 11 806
inst 1113 11 807
inst 1114 11 808
inst 1115 11 825
inst 1116 11 853
inst 1117 11 2656
inst 1118 11 812
inst 1119 11 824
inst 1120 11 1393
inst 1121 11 1394
inst 1122 11 1403
inst 1123 11 1404
inst 1124 11 2662
inst 1125 11 809
inst 1126 11 810
inst 1127 11 2657
inst 1128 11 1386
inst 1129 11 1388
inst 1130 11 1389
inst 1131 11 1390
inst 1132 11 1391
inst 1133 11 2238
inst 1134 11 1392
inst 1135 11 2237
inst 1136 11 1382
inst 1137 11 1384
inst 1138 11 1385
inst 1139 11 2220
inst 1140 11 2222
inst 1141 11 2223
inst 1142 11 1387
inst 1143 11 2219
inst 1144 11 2225
inst 1145 11 2226
inst 1146 11 2231
inst 1147 11 2233
inst 1148 11 2234
inst 1149 11 2241
inst 1150 11 2221
inst 1151 11 2224
inst 1152 11 1248
inst 1153 11 1249
inst 1154 11 1259
inst 1155 11 2235
inst 1156 11 2244
inst 1157 11 2227
inst 1158 11 2242
inst 1159 11 2243
inst 1160 11 1381
inst 1161 11 1395
inst 1162 11 1396
inst 1163 11 1401
inst 1164 11 1402
inst 1165 11 1405
inst 1166 11 1383
inst 1167 11 2655
inst 1168 11 1379
inst 1169 11 1399
inst 1170 11 1422
inst 1171 11 1782
inst 1172 11 1380
inst 1173 11 1397
inst 1174 11 1398
inst 1175 11 1400
inst 1176 11 1426
inst 1177 11 1427
inst 1178 11 1783
inst 1179 11 2072
inst 1180 11 1409
inst 1181 11 1774
inst 1182 11 1777
inst 1183 11 2073
inst 1184 11 1413
inst 1185 11 1415
inst 1186 11 1416
inst 1187 11 1417
inst 1188 11 1410
inst 1189 11 1412
inst 1190 11 1414
inst 1191 11 1411
inst 1192 11 1181
inst 1193 11 1182
inst 1194 11 1237
inst 1195 11 1240
inst 1196 11 1243
inst 1197 11 1244
inst 1198 11 1377
inst 1199 11 1378
inst 1200 11 1369
inst 1201 11 1370
inst 1202 11 1371
inst 1203 11 1372
inst 1204 11 1374
inst 1205 11 1375
inst 1206 11 1373
inst 1207 11 1376
inst 1208 11 1310
inst 1209 11 1314
inst 1210 11 1419
inst 1211 11 1420
inst 1212 11 1424
inst 1213 11 1418
inst 1214 11 1423
inst 1215 11 1421
inst 1216 11 1180
inst 1217 11 1302
inst 1218 11 1406
inst 1219 11 1407
inst 1220 11 1408
inst 1221 11 1683
inst 1222 11 1305
inst 1223 11 1309
inst 1224 11 2415
inst 1225 11 2416
inst 1226 11 2417
inst 1227 11 2418
inst 1228 11 2419
inst 1229 11 2431
inst 1230 11 2432
inst 1231 11 2468
inst 1232 11 2434
inst 1233 11 2472
inst 1234 11 2488
inst 1235 11 2489
inst 1236 11 2499
inst 1237 11 2433
inst 1238 11 2436
inst 1239 11 2470
inst 1240 11 2453
inst 1241 11 2478
inst 1242 11 2486
inst 1243 11 2449
inst 1244 11 2450
inst 1245 11 2484
inst 1246 11 2485
inst 1247 11 2498
inst 1248 11 2487
inst 1249 11 2500
inst 1250 11 2502
inst 1251 11 2503
inst 1252 11 2561
inst 1253 11 2454
inst 1254 11 2455
inst 1255 11 2479
inst 1256 11 2567
inst 1257 11 2569
inst 1258 11 2578
inst 1259 11 2579
inst 1260 11 2584
inst 1261 11 2585
inst 1262 11 2568
inst 1263 11 2583
inst 1264 11 1443
inst 1265 11 2518
inst 1266 11 2520
inst 1267 11 2521
inst 1268 11 2537
inst 1269 11 1442
inst 1270 11 2581
inst 1271 11 1441
inst 1272 11 1444
inst 1273 11 1445
inst 1274 11 1446
inst 1275 11 1447
inst 1276 11 1448
inst 1277 11 1449
inst 1278 11 2515
inst 1279 11 2516
inst 1280 11 2508
inst 1281 11 2509
inst 1282 11 2510
inst 1283 11 2512
inst 1284 11 2504
inst 1285 11 2505
inst 1286 11 2507
inst 1287 11 2513
inst 1288 11 1439
inst 1289 11 2532
inst 1290 11 2595
inst 1291 11 2598
inst 1292 11 2535
inst 1293 11 2592
inst 1294 11 2593
inst 1295 11 2594
inst 1296 11 1932
inst 1297 11 1933
inst 1298 11 1934
inst 1299 11 1935
inst 1300 11 1936
inst 1301 11 2530
inst 1302 11 2533
inst 1303 11 1440
inst 1304 11 1938
inst 1305 11 1939
inst 1306 11 1940
inst 1307 11 1942
inst 1308 11 2246
inst 1309 11 2529
inst 1310 11 2543
inst 1311 11 1937
inst 1312 11 2524
inst 1313 11 2526
inst 1314 11 2539
inst 1315 11 2540
inst 1316 11 2541
inst 1317 11 2522
inst 1318 11 2247
inst 1319 11 2544
inst 1320 11 1429
inst 1321 11 1430
inst 1322 11 1431
inst 1323 11 1434
inst 1324 11 1961
inst 1325 11 1965
inst 1326 11 1966
inst 1327 11 1425
inst 1328 11 1435
inst 1329 11 1436
inst 1330 11 1437
inst 1331 11 1438
inst 1332 11 1941
inst 1333 11 1943
inst 1334 11 1432
inst 1335 11 1433
inst 1336 11 1726
inst 1337 11 1778
inst 1338 11 1779
inst 1339 11 1780
inst 1340 11 1781
inst 1341 11 1786
inst 1342 11 1787
inst 1343 11 1428
inst 1344 11 1350
inst 1345 11 1351
inst 1346 11 1352
inst 1347 11 1353
inst 1348 11 1354
inst 1349 11 1355
inst 1350 11 1784
inst 1351 11 1785
inst 1352 11 1338
inst 1353 11 1715
inst 1354 11 1722
inst 1355 11 1729
inst 1356 11 1796
inst 1357 11 1720
inst 1358 11 1723
inst 1359 11 1730
inst 1360 11 1328
inst 1361 11 1799
inst 1362 11 1800
inst 1363 11 1335
inst 1364 11 1794
inst 1365 11 1795
inst 1366 11 1797
inst 1367 11 1798
inst 1368 11 1342
inst 1369 11 1345
inst 1370 11 1347
inst 1371 11 1788
inst 1372 11 1792
inst 1373 11 1356
inst 1374 11 1340
inst 1375 12 852
inst 1376 12 854
inst 1377 12 855
inst 1378 12 856
inst 1379 13 987
inst 1380 13 989
inst 1381 13 992
inst 1382 13 993
inst 1383 13 994
inst 1384 13 997
inst 1385 13 998
inst 1386 13 999
inst 1387 13 988
inst 1388 13 996
inst 1389 13 1053
inst 1390 13 990
inst 1391 13 991
inst 1392 13 1050
inst 1393 13 1051
inst 1394 13 1052
inst 1395 13 1000
inst 1396 13 1003
inst 1397 13 1004
inst 1398 13 1005
inst 1399 13 1008
inst 1400 13 1009
inst 1401 13 1010
inst 1402 13 995
inst 1403 13 1061
inst 1404 13 1067
inst 1405 13 1054
inst 1406 13 1055
inst 1407 13 1060
inst 1408 13 1006
inst 1409 13 1007
inst 1410 13 1011
inst 1411 13 1012
inst 1412 13 1016
inst 1413 13 1017
inst 1414 13 1018
inst 1415 13 1019
inst 1416 13 1023
inst 1417 13 1001
inst 1418 13 1002
inst 1419 13 1014
inst 1420 13 1015
inst 1421 13 1020
inst 1422 13 1021
inst 1423 13 1070
inst 1424 13 1073
inst 1425 13 1013
inst 1426 13 1022
inst 1427 13 1026
inst 1428 13 1027
inst 1429 13 1028
inst 1430 13 1029
inst 1431 13 1041
inst 1432 13 1042
inst 1433 13 1043
inst 1434 13 1044
inst 1435 13 1063
inst 1436 13 1064
inst 1437 13 1065
inst 1438 13 1068
inst 1439 13 1069
inst 1440 13 1071
inst 1441 13 1072
inst 1442 13 1045
inst 1443 13 887
inst 1444 13 888
inst 1445 13 889
inst 1446 13 890
inst 1447 13 891
inst 1448 13 921
inst 1449 13 922
inst 1450 13 923
inst 1451 13 894
inst 1452 13 1056
inst 1453 13 1057
inst 1454 13 1058
inst 1455 13 1059
inst 1456 13 1062
inst 1457 13 1066
inst 1458 13 886
inst 1459 13 892
inst 1460 13 893
inst 1461 13 924
inst 1462 13 925
inst 1463 13 926
inst 1464 13 927
inst 1465 13 895
inst 1466 13 896
inst 1467 13 930
inst 1468 13 931
inst 1469 13 932
inst 1470 13 935
inst 1471 13 937
inst 1472 13 938
inst 1473 13 928
inst 1474 13 929
inst 1475 13 981
inst 1476 13 986
inst 1477 13 977
inst 1478 13 978
inst 1479 13 979
inst 1480 13 980
inst 1481 13 982
inst 1482 13 983
inst 1483 13 968
inst 1484 13 969
inst 1485 13 970
inst 1486 13 973
inst 1487 13 974
inst 1488 13 976
inst 1489 13 985
inst 1490 13 984
inst 1491 13 956
inst 1492 13 957
inst 1493 13 961
inst 1494 13 962
inst 1495 13 965
inst 1496 13 971
inst 1497 13 972
inst 1498 13 975
inst 1499 13 940
inst 1500 13 959
inst 1501 13 960
inst 1502 13 966
inst 1503 13 967
inst 1504 13 958
inst 1505 13 963
inst 1506 13 964
inst 1507 13 875
inst 1508 13 1620
inst 1509 13 1623
inst 1510 13 1629
inst 1511 13 1630
inst 1512 13 1631
inst 1513 13 1632
inst 1514 13 1633
inst 1515 13 1037
inst 1516 13 1612
inst 1517 13 1644
inst 1518 13 1038
inst 1519 13 1074
inst 1520 13 2845
inst 1521 13 1621
inst 1522 13 1624
inst 1523 13 1024
inst 1524 13 1025
inst 1525 13 1034
inst 1526 13 1035
inst 1527 13 1046
inst 1528 13 1048
inst 1529 13 1039
inst 1530 13 1040
inst 1531 13 1047
inst 1532 13 1075
inst 1533 13 1076
inst 1534 13 1077
inst 1535 13 1078
inst 1536 13 1079
inst 1537 13 1080
inst 1538 13 1049
inst 1539 13 870
inst 1540 13 871
inst 1541 13 872
inst 1542 13 873
inst 1543 13 1636
inst 1544 13 1637
inst 1545 13 1641
inst 1546 13 874
inst 1547 13 1614
inst 1548 13 1616
inst 1549 13 1617
inst 1550 13 1646
inst 1551 13 1648
inst 1552 13 1649
inst 1553 13 1613
inst 1554 13 1639
inst 1555 13 866
inst 1556 13 867
inst 1557 13 878
inst 1558 13 1552
inst 1559 13 1554
inst 1560 13 1572
inst 1561 13 868
inst 1562 13 869
inst 1563 13 1560
inst 1564 13 1561
inst 1565 13 1567
inst 1566 13 1568
inst 1567 13 1580
inst 1568 13 879
inst 1569 13 1562
inst 1570 13 1549
inst 1571 13 1531
inst 1572 13 1532
inst 1573 13 1675
inst 1574 13 1030
inst 1575 13 1031
inst 1576 13 1032
inst 1577 13 1033
inst 1578 13 1036
inst 1579 13 1557
inst 1580 13 1672
inst 1581 13 1673
inst 1582 13 1674
inst 1583 13 1677
inst 1584 13 1676
inst 1585 13 1678
inst 1586 13 1679
inst 1587 13 880
inst 1588 13 881
inst 1589 13 882
inst 1590 13 884
inst 1591 13 885
inst 1592 13 952
inst 1593 13 953
inst 1594 13 954
inst 1595 13 955
inst 1596 13 1575
inst 1597 13 1665
inst 1598 13 1669
inst 1599 13 1670
inst 1600 13 1671
inst 1601 13 883
inst 1602 13 1578
inst 1603 13 942
inst 1604 13 943
inst 1605 13 944
inst 1606 13 946
inst 1607 13 948
inst 1608 13 951
inst 1609 13 939
inst 1610 13 941
inst 1611 13 949
inst 1612 13 1548
inst 1613 13 1666
inst 1614 13 1667
inst 1615 13 1668
inst 1616 13 950
inst 1617 13 1081
inst 1618 13 1082
inst 1619 13 860
inst 1620 13 861
inst 1621 13 900
inst 1622 13 901
inst 1623 13 902
inst 1624 13 908
inst 1625 13 909
inst 1626 13 910
inst 1627 13 862
inst 1628 13 863
inst 1629 13 864
inst 1630 13 865
inst 1631 13 945
inst 1632 13 947
inst 1633 13 903
inst 1634 13 907
inst 1635 13 911
inst 1636 13 933
inst 1637 13 934
inst 1638 13 936
inst 1639 13 2843
inst 1640 13 2844
inst 1641 13 2847
inst 1642 13 2848
inst 1643 13 917
inst 1644 13 912
inst 1645 13 913
inst 1646 13 914
inst 1647 13 915
inst 1648 13 916
inst 1649 13 919
inst 1650 13 920
inst 1651 13 858
inst 1652 13 859
inst 1653 13 876
inst 1654 13 877
inst 1655 13 904
inst 1656 13 905
inst 1657 13 906
inst 1658 13 918
inst 1659 13 897
inst 1660 13 898
inst 1661 13 899
inst 1662 13 857
inst 1663 14 2314
inst 1664 14 2317
inst 1665 14 2318
inst 1666 14 2319
inst 1667 14 2354
inst 1668 14 2355
inst 1669 14 2356
inst 1670 14 2358
inst 1671 14 2267
inst 1672 14 2268
inst 1673 14 2270
inst 1674 14 2273
inst 1675 14 2296
inst 1676 14 2301
inst 1677 14 2346
inst 1678 14 2309
inst 1679 14 1083
inst 1680 14 1084
inst 1681 14 1085
inst 1682 14 1112
inst 1683 14 2692
inst 1684 14 2706
inst 1685 14 2799
inst 1686 14 2800
inst 1687 14 1105
inst 1688 14 1106
inst 1689 14 2688
inst 1690 14 2694
inst 1691 14 2349
inst 1692 14 2351
inst 1693 14 2689
inst 1694 14 2695
inst 1695 14 2259
inst 1696 14 2262
inst 1697 14 2263
inst 1698 14 2281
inst 1699 14 2287
inst 1700 14 2328
inst 1701 14 2330
inst 1702 14 2288
inst 1703 14 2249
inst 1704 14 2250
inst 1705 14 2274
inst 1706 14 2276
inst 1707 14 2306
inst 1708 14 2320
inst 1709 14 2324
inst 1710 14 2280
inst 1711 14 1101
inst 1712 14 1107
inst 1713 14 1111
inst 1714 14 1967
inst 1715 14 2339
inst 1716 14 2684
inst 1717 14 2341
inst 1718 14 2342
inst 1719 14 1103
inst 1720 14 1108
inst 1721 14 2093
inst 1722 14 2094
inst 1723 14 2095
inst 1724 14 2097
inst 1725 14 2096
inst 1726 14 1968
inst 1727 14 1086
inst 1728 14 1174
inst 1729 14 1175
inst 1730 14 1271
inst 1731 14 1273
inst 1732 14 1276
inst 1733 14 1277
inst 1734 14 1280
inst 1735 14 1087
inst 1736 14 1088
inst 1737 14 1264
inst 1738 14 1266
inst 1739 14 1270
inst 1740 14 1292
inst 1741 14 1173
inst 1742 14 1269
inst 1743 14 1183
inst 1744 14 1239
inst 1745 14 1241
inst 1746 14 1252
inst 1747 14 1258
inst 1748 14 1260
inst 1749 14 2141
inst 1750 14 2169
inst 1751 14 1091
inst 1752 14 1235
inst 1753 14 1242
inst 1754 14 1313
inst 1755 14 1315
inst 1756 14 1316
inst 1757 14 1110
inst 1758 14 1238
inst 1759 14 1089
inst 1760 14 1104
inst 1761 14 1109
inst 1762 14 1322
inst 1763 14 1323
inst 1764 14 1343
inst 1765 14 1349
inst 1766 14 1830
inst 1767 14 1319
inst 1768 14 1325
inst 1769 14 1330
inst 1770 14 1332
inst 1771 14 1320
inst 1772 14 1324
inst 1773 14 1331
inst 1774 14 1357
inst 1775 14 1093
inst 1776 14 1178
inst 1777 14 1293
inst 1778 14 1294
inst 1779 14 1312
inst 1780 14 1317
inst 1781 14 1681
inst 1782 14 1090
inst 1783 14 1295
inst 1784 14 1296
inst 1785 14 1297
inst 1786 14 1299
inst 1787 14 1301
inst 1788 14 1303
inst 1789 14 1682
inst 1790 14 1684
inst 1791 14 1803
inst 1792 14 1805
inst 1793 14 1812
inst 1794 14 1904
inst 1795 14 1910
inst 1796 14 1914
inst 1797 14 2558
inst 1798 14 1912
inst 1799 14 1816
inst 1800 14 1821
inst 1801 14 1831
inst 1802 14 1321
inst 1803 14 1344
inst 1804 14 1826
inst 1805 14 1102
inst 1806 14 1806
inst 1807 15 2765
inst 1808 15 2836
inst 1809 15 2837
inst 1810 15 2838
inst 1811 15 2839
inst 1812 15 2840
inst 1813 15 2841
inst 1814 15 2842
inst 1815 15 2744
inst 1816 15 2754
inst 1817 15 2756
inst 1818 15 2758
inst 1819 15 2766
inst 1820 15 2750
inst 1821 15 2755
inst 1822 15 2762
inst 1823 15 1488
inst 1824 15 1491
inst 1825 15 2739
inst 1826 15 2743
inst 1827 15 2747
inst 1828 15 2748
inst 1829 15 2770
inst 1830 15 2751
inst 1831 15 2076
inst 1832 15 2077
inst 1833 15 2079
inst 1834 15 2081
inst 1835 15 1492
inst 1836 15 1493
inst 1837 15 2727
inst 1838 15 2753
inst 1839 15 1486
inst 1840 15 1487
inst 1841 15 1499
inst 1842 15 1514
inst 1843 15 2729
inst 1844 15 2730
inst 1845 15 2736
inst 1846 15 2768
inst 1847 15 1482
inst 1848 15 1483
inst 1849 15 1484
inst 1850 15 1520
inst 1851 15 1485
inst 1852 15 1515
inst 1853 15 1516
inst 1854 15 1517
inst 1855 15 1512
inst 1856 15 1523
inst 1857 15 1526
inst 1858 15 1529
inst 1859 15 1530
inst 1860 15 1521
inst 1861 15 1489
inst 1862 15 1490
inst 1863 15 1494
inst 1864 15 1495
inst 1865 15 1513
inst 1866 15 1519
inst 1867 15 1524
inst 1868 15 1525
inst 1869 15 1527
inst 1870 15 1518
inst 1871 15 1164
inst 1872 15 1165
inst 1873 15 1501
inst 1874 15 1502
inst 1875 15 2732
inst 1876 15 2734
inst 1877 15 1153
inst 1878 15 1500
inst 1879 15 1166
inst 1880 15 2599
inst 1881 15 2603
inst 1882 15 2606
inst 1883 15 2607
inst 1884 15 2612
inst 1885 15 2601
inst 1886 15 2604
inst 1887 15 1474
inst 1888 15 1475
inst 1889 15 1477
inst 1890 15 1478
inst 1891 15 1479
inst 1892 15 1480
inst 1893 15 1481
inst 1894 15 2740
inst 1895 15 1470
inst 1896 15 1471
inst 1897 15 1472
inst 1898 15 1476
inst 1899 15 2720
inst 1900 15 2725
inst 1901 15 1469
inst 1902 15 2763
inst 1903 15 1461
inst 1904 15 1462
inst 1905 15 1463
inst 1906 15 1464
inst 1907 15 1465
inst 1908 15 1466
inst 1909 15 1467
inst 1910 15 1468
inst 1911 15 2132
inst 1912 15 2133
inst 1913 15 2134
inst 1914 15 1473
inst 1915 15 1457
inst 1916 15 1458
inst 1917 15 1459
inst 1918 15 1460
inst 1919 15 2121
inst 1920 15 2122
inst 1921 15 2123
inst 1922 15 2124
inst 1923 15 2125
inst 1924 15 2126
inst 1925 15 2127
inst 1926 15 2129
inst 1927 15 1154
inst 1928 15 1510
inst 1929 15 1511
inst 1930 15 1959
inst 1931 15 1999
inst 1932 15 2850
inst 1933 15 2130
inst 1934 15 2128
inst 1935 15 1127
inst 1936 15 1625
inst 1937 15 1626
inst 1938 15 1627
inst 1939 15 1628
inst 1940 15 1635
inst 1941 15 2074
inst 1942 15 1622
inst 1943 15 1124
inst 1944 15 1125
inst 1945 15 1126
inst 1946 15 1615
inst 1947 15 1647
inst 1948 15 1619
inst 1949 15 1634
inst 1950 15 1645
inst 1951 15 1122
inst 1952 15 1638
inst 1953 15 1640
inst 1954 15 2192
inst 1955 15 2193
inst 1956 15 2202
inst 1957 15 1123
inst 1958 15 2196
inst 1959 15 1120
inst 1960 15 1121
inst 1961 15 2160
inst 1962 15 2161
inst 1963 15 2163
inst 1964 15 2164
inst 1965 15 1643
inst 1966 15 1618
inst 1967 15 1534
inst 1968 15 1535
inst 1969 15 1538
inst 1970 15 2151
inst 1971 15 2153
inst 1972 15 1536
inst 1973 15 2155
inst 1974 15 1537
inst 1975 15 1498
inst 1976 15 1555
inst 1977 15 1556
inst 1978 15 2849
inst 1979 15 1522
inst 1980 15 1528
inst 1981 15 1533
inst 1982 15 1553
inst 1983 15 1119
inst 1984 15 1569
inst 1985 15 1571
inst 1986 15 1574
inst 1987 15 2144
inst 1988 15 2156
inst 1989 15 2159
inst 1990 15 2143
inst 1991 15 1149
inst 1992 15 1150
inst 1993 15 1151
inst 1994 15 1152
inst 1995 15 2147
inst 1996 15 2150
inst 1997 15 1559
inst 1998 15 1563
inst 1999 15 2109
inst 2000 15 2110
inst 2001 15 2112
inst 2002 15 2115
inst 2003 15 2116
inst 2004 15 2117
inst 2005 15 2119
inst 2006 15 2120
inst 2007 15 1540
inst 2008 15 2033
inst 2009 15 2039
inst 2010 15 2107
inst 2011 15 2108
inst 2012 15 2111
inst 2013 15 2113
inst 2014 15 2114
inst 2015 15 1451
inst 2016 15 2023
inst 2017 15 2025
inst 2018 15 2026
inst 2019 15 2028
inst 2020 15 2030
inst 2021 15 2000
inst 2022 15 1545
inst 2023 15 1452
inst 2024 15 1453
inst 2025 15 1454
inst 2026 15 1509
inst 2027 15 2017
inst 2028 15 2006
inst 2029 15 1450
inst 2030 15 1455
inst 2031 15 1497
inst 2032 15 1541
inst 2033 15 1542
inst 2034 15 1543
inst 2035 15 1456
inst 2036 15 1539
inst 2037 15 1544
inst 2038 15 2038
inst 2039 15 1147
inst 2040 15 1148
inst 2041 15 1692
inst 2042 15 1693
inst 2043 15 1694
inst 2044 15 1695
inst 2045 15 1496
inst 2046 15 1596
inst 2047 15 1145
inst 2048 15 1146
inst 2049 15 1688
inst 2050 15 1689
inst 2051 15 1690
inst 2052 15 1691
inst 2053 15 2043
inst 2054 15 2034
inst 2055 15 1144
inst 2056 15 1546
inst 2057 15 1547
inst 2058 15 2014
inst 2059 15 2015
inst 2060 15 1685
inst 2061 15 1686
inst 2062 15 1687
inst 2063 15 1504
inst 2064 15 1505
inst 2065 15 1506
inst 2066 15 1508
inst 2067 15 2506
inst 2068 15 2546
inst 2069 15 2549
inst 2070 15 2550
inst 2071 15 1507
inst 2072 15 1916
inst 2073 15 1919
inst 2074 15 1920
inst 2075 15 2555
inst 2076 15 1917
inst 2077 15 1918
inst 2078 15 2552
inst 2079 15 1157
inst 2080 15 1158
inst 2081 15 1159
inst 2082 15 1162
inst 2083 15 1163
inst 2084 15 2846
inst 2085 15 1945
inst 2086 15 1946
inst 2087 15 1877
inst 2088 15 1928
inst 2089 15 1929
inst 2090 15 1931
inst 2091 15 1947
inst 2092 15 1924
inst 2093 15 1948
inst 2094 15 1949
inst 2095 15 1114
inst 2096 15 1156
inst 2097 15 1160
inst 2098 15 1161
inst 2099 15 1840
inst 2100 15 1846
inst 2101 15 1997
inst 2102 15 1858
inst 2103 15 1879
inst 2104 15 1952
inst 2105 15 1953
inst 2106 15 1954
inst 2107 15 1955
inst 2108 15 1956
inst 2109 15 1957
inst 2110 15 1155
inst 2111 15 1849
inst 2112 15 1859
inst 2113 15 1860
inst 2114 15 1861
inst 2115 15 1862
inst 2116 15 1863
inst 2117 15 1865
inst 2118 15 1810
inst 2119 15 1886
inst 2120 15 1887
inst 2121 15 1950
inst 2122 15 1838
inst 2123 15 1842
inst 2124 15 1864
inst 2125 15 1804
inst 2126 15 1833
inst 2127 15 1132
inst 2128 15 1133
inst 2129 15 1134
inst 2130 15 1135
inst 2131 15 1136
inst 2132 15 1856
inst 2133 15 2005
inst 2134 15 2002
inst 2135 15 1138
inst 2136 15 1139
inst 2137 15 1140
inst 2138 15 1141
inst 2139 15 1142
inst 2140 15 1143
inst 2141 15 1137
inst 2142 15 1852
inst 2143 15 1116
inst 2144 15 1117
inst 2145 15 1118
inst 2146 15 1128
inst 2147 15 1130
inst 2148 15 1129
inst 2149 15 2013
inst 2150 15 2011
inst 2151 15 1113
inst 2152 15 1115
inst 2153 15 1131
inst 2154 16 2697
inst 2155 16 2699
inst 2156 16 2700
inst 2157 16 2701
inst 2158 16 2702
inst 2159 16 2703
inst 2160 16 2712
inst 2161 16 2717
inst 2162 16 1231
inst 2163 16 2359
inst 2164 16 2686
inst 2165 16 2690
inst 2166 16 2715
inst 2167 16 1221
inst 2168 16 1232
inst 2169 16 2716
inst 2170 16 1188
inst 2171 16 2272
inst 2172 16 2292
inst 2173 16 2293
inst 2174 16 2298
inst 2175 16 2304
inst 2176 16 2311
inst 2177 16 2316
inst 2178 16 1210
inst 2179 16 1230
inst 2180 16 2348
inst 2181 16 2682
inst 2182 16 2710
inst 2183 16 2713
inst 2184 16 2360
inst 2185 16 2361
inst 2186 16 1189
inst 2187 16 1211
inst 2188 16 1212
inst 2189 16 2258
inst 2190 16 2282
inst 2191 16 2327
inst 2192 16 2334
inst 2193 16 1190
inst 2194 16 2252
inst 2195 16 2321
inst 2196 16 2323
inst 2197 16 2325
inst 2198 16 2365
inst 2199 16 2366
inst 2200 16 1213
inst 2201 16 2255
inst 2202 16 1191
inst 2203 16 1192
inst 2204 16 1193
inst 2205 16 1194
inst 2206 16 1196
inst 2207 16 2344
inst 2208 16 2329
inst 2209 16 2340
inst 2210 16 1167
inst 2211 16 1168
inst 2212 16 1209
inst 2213 16 1229
inst 2214 16 2088
inst 2215 16 2683
inst 2216 16 2681
inst 2217 16 1195
inst 2218 16 1233
inst 2219 16 1275
inst 2220 16 1278
inst 2221 16 2707
inst 2222 16 2708
inst 2223 16 2811
inst 2224 16 1224
inst 2225 16 2704
inst 2226 16 1222
inst 2227 16 1223
inst 2228 16 1225
inst 2229 16 1226
inst 2230 16 1227
inst 2231 16 1228
inst 2232 16 1169
inst 2233 16 1234
inst 2234 16 1172
inst 2235 16 1245
inst 2236 16 1246
inst 2237 16 1265
inst 2238 16 1267
inst 2239 16 1268
inst 2240 16 1281
inst 2241 16 1279
inst 2242 16 1236
inst 2243 16 1590
inst 2244 16 1592
inst 2245 16 1603
inst 2246 16 1604
inst 2247 16 1605
inst 2248 16 1607
inst 2249 16 1254
inst 2250 16 1208
inst 2251 16 1215
inst 2252 16 1220
inst 2253 16 2089
inst 2254 16 2090
inst 2255 16 2091
inst 2256 16 2092
inst 2257 16 1608
inst 2258 16 1206
inst 2259 16 1216
inst 2260 16 1217
inst 2261 16 1329
inst 2262 16 1970
inst 2263 16 1973
inst 2264 16 1218
inst 2265 16 1219
inst 2266 16 1176
inst 2267 16 1177
inst 2268 16 1186
inst 2269 16 1307
inst 2270 16 1311
inst 2271 16 1318
inst 2272 16 1664
inst 2273 16 1187
inst 2274 16 1179
inst 2275 16 1298
inst 2276 16 1300
inst 2277 16 1306
inst 2278 16 1333
inst 2279 16 1334
inst 2280 16 1304
inst 2281 16 1308
inst 2282 16 1207
inst 2283 16 1214
inst 2284 16 1905
inst 2285 16 2557
inst 2286 16 2560
inst 2287 16 2363
inst 2288 16 2364
inst 2289 16 2559
inst 2290 16 1170
inst 2291 16 1171
inst 2292 16 1807
inst 2293 16 1809
inst 2294 16 1895
inst 2295 16 1907
inst 2296 16 1908
inst 2297 16 1909
inst 2298 16 1198
inst 2299 16 1199
inst 2300 16 1772
inst 2301 16 1773
inst 2302 16 1808
inst 2303 16 1813
inst 2304 16 1811
inst 2305 16 1896
inst 2306 16 1201
inst 2307 16 1203
inst 2308 16 1205
inst 2309 16 1829
inst 2310 16 1832
inst 2311 16 1197
inst 2312 16 1200
inst 2313 16 1202
inst 2314 16 1337
inst 2315 16 1339
inst 2316 16 1204
inst 2317 16 1341
inst 2318 16 1346
inst 2319 16 1348
inst 2320 17 2303
inst 2321 17 2310
inst 2322 17 2313
inst 2323 17 2315
inst 2324 17 2336
inst 2325 17 2337
inst 2326 17 2338
inst 2327 17 2353
inst 2328 17 2266
inst 2329 17 2269
inst 2330 17 2297
inst 2331 17 2300
inst 2332 17 2343
inst 2333 17 2347
inst 2334 17 2299
inst 2335 17 2308
inst 2336 17 1503
inst 2337 17 2248
inst 2338 17 2253
inst 2339 17 2257
inst 2340 17 2277
inst 2341 17 2278
inst 2342 17 2285
inst 2343 17 2286
inst 2344 17 1897
inst 2345 17 1898
inst 2346 17 1962
inst 2347 17 1963
inst 2348 17 1974
inst 2349 17 2326
inst 2350 17 2335
inst 2351 17 2291
inst 2352 17 1566
inst 2353 17 1583
inst 2354 17 1593
inst 2355 17 1594
inst 2356 17 1595
inst 2357 17 1597
inst 2358 17 1598
inst 2359 17 1606
inst 2360 17 1326
inst 2361 17 1327
inst 2362 17 1336
inst 2363 17 1822
inst 2364 17 1823
inst 2365 17 1824
inst 2366 17 1969
inst 2367 17 1591
inst 2368 18 2731
inst 2369 18 2742
inst 2370 18 2745
inst 2371 18 2746
inst 2372 18 2749
inst 2373 18 2752
inst 2374 18 2767
inst 2375 18 2769
inst 2376 18 2685
inst 2377 18 2687
inst 2378 18 2728
inst 2379 18 2735
inst 2380 18 2737
inst 2381 18 2738
inst 2382 18 2764
inst 2383 18 2741
inst 2384 18 1610
inst 2385 18 2075
inst 2386 18 2198
inst 2387 18 2199
inst 2388 18 2761
inst 2389 18 2757
inst 2390 18 2759
inst 2391 18 2760
inst 2392 18 1551
inst 2393 18 2031
inst 2394 18 2032
inst 2395 18 2040
inst 2396 18 2078
inst 2397 18 2118
inst 2398 18 2152
inst 2399 18 2080
inst 2400 18 2158
inst 2401 18 2162
inst 2402 18 2165
inst 2403 18 2194
inst 2404 18 2195
inst 2405 18 2200
inst 2406 18 2201
inst 2407 18 2197
inst 2408 18 1564
inst 2409 18 1570
inst 2410 18 1587
inst 2411 18 1589
inst 2412 18 1573
inst 2413 18 1588
inst 2414 18 2154
inst 2415 18 2157
inst 2416 18 1581
inst 2417 18 1582
inst 2418 18 1586
inst 2419 18 2148
inst 2420 18 2149
inst 2421 18 1550
inst 2422 18 1584
inst 2423 18 1585
inst 2424 18 1558
inst 2425 18 1565
inst 2426 18 1576
inst 2427 18 1577
inst 2428 18 2145
inst 2429 18 2146
inst 2430 18 1579
inst 2431 18 1609
inst 2432 18 2600
inst 2433 18 2602
inst 2434 18 2605
inst 2435 18 2608
inst 2436 18 2609
inst 2437 18 2611
inst 2438 18 2719
inst 2439 18 2733
inst 2440 18 2131
inst 2441 18 2721
inst 2442 18 2722
inst 2443 18 2723
inst 2444 18 2724
inst 2445 18 2726
inst 2446 18 2610
inst 2447 18 2718
inst 2448 18 1899
inst 2449 18 1921
inst 2450 18 1922
inst 2451 18 1923
inst 2452 18 1925
inst 2453 18 1944
inst 2454 18 2517
inst 2455 18 2553
inst 2456 18 1834
inst 2457 18 1841
inst 2458 18 1878
inst 2459 18 1883
inst 2460 18 1903
inst 2461 18 1902
inst 2462 18 1901
inst 2463 18 1900
inst 2464 18 1996
inst 2465 18 2007
inst 2466 18 2008
inst 2467 18 2009
inst 2468 18 2024
inst 2469 18 2027
inst 2470 18 2041
inst 2471 18 2042
inst 2472 18 2029
inst 2473 18 2035
inst 2474 18 2036
inst 2475 18 2044
inst 2476 18 2045
inst 2477 18 2046
inst 2478 18 2047
inst 2479 18 2037
inst 2480 18 1847
inst 2481 18 1958
inst 2482 18 1960
inst 2483 18 1998
inst 2484 18 1848
inst 2485 18 1881
inst 2486 18 1882
inst 2487 18 2851
inst 2488 18 1857
inst 2489 18 2003
inst 2490 18 2010
inst 2491 18 2012
inst 2492 18 2016
inst 2493 18 2018
inst 2494 18 2001
inst 2495 18 2004
inst 2496 18 1926
inst 2497 18 1930
inst 2498 18 2548
inst 2499 18 2551
inst 2500 18 2554
inst 2501 18 1835
inst 2502 18 1927
inst 2503 18 2547
inst 2504 18 1837
inst 2505 18 1839
inst 2506 18 1843
inst 2507 18 1888
inst 2508 18 1951
inst 2509 18 1884
inst 2510 18 1885
inst 2511 18 1836
inst 2512 18 1850
inst 2513 18 1851
inst 2514 18 1853
inst 2515 18 1855
inst 2516 18 1820
inst 2517 19 2305
inst 2518 19 2312
inst 2519 19 2350
inst 2520 19 2352
inst 2521 19 2357
inst 2522 19 2693
inst 2523 19 2711
inst 2524 19 2714
inst 2525 19 2271
inst 2526 19 2290
inst 2527 19 2294
inst 2528 19 2295
inst 2529 19 2302
inst 2530 19 2332
inst 2531 19 2345
inst 2532 19 2307
inst 2533 19 2173
inst 2534 19 2698
inst 2535 19 2709
inst 2536 19 2812
inst 2537 19 2813
inst 2538 19 2834
inst 2539 19 2835
inst 2540 19 2696
inst 2541 19 1599
inst 2542 19 1600
inst 2543 19 1601
inst 2544 19 1602
inst 2545 19 1680
inst 2546 19 2059
inst 2547 19 2060
inst 2548 19 2172
inst 2549 19 2254
inst 2550 19 2260
inst 2551 19 2261
inst 2552 19 2264
inst 2553 19 2265
inst 2554 19 2333
inst 2555 19 2289
inst 2556 19 2331
inst 2557 19 1915
inst 2558 19 2251
inst 2559 19 2275
inst 2560 19 2279
inst 2561 19 2283
inst 2562 19 2322
inst 2563 19 2525
inst 2564 19 2284
inst 2565 19 1815
inst 2566 19 1825
inst 2567 19 1964
inst 2568 19 1971
inst 2569 19 1972
inst 2570 19 1975
inst 2571 19 2061
inst 2572 19 1911
inst 2573 19 1802
inst 2574 19 1817
inst 2575 19 1906
inst 2576 19 1818
inst 2577 19 1827
inst 2578 19 1828
inst 2579 19 1976
inst 2580 19 1977
inst 2581 20 2778
inst 2582 20 2785
inst 2583 20 2789
inst 2584 20 2790
inst 2585 20 2792
inst 2586 20 2794
inst 2587 20 2797
inst 2588 20 2798
inst 2589 20 2385
inst 2590 20 2386
inst 2591 20 2390
inst 2592 20 2405
inst 2593 20 2407
inst 2594 20 2787
inst 2595 20 2795
inst 2596 20 2783
inst 2597 20 2369
inst 2598 20 2370
inst 2599 20 2373
inst 2600 20 2375
inst 2601 20 2376
inst 2602 20 2378
inst 2603 20 2382
inst 2604 20 2384
inst 2605 20 2392
inst 2606 20 2397
inst 2607 20 2398
inst 2608 20 2414
inst 2609 20 2772
inst 2610 20 2773
inst 2611 20 2774
inst 2612 20 2394
inst 2613 20 1750
inst 2614 20 1751
inst 2615 20 1753
inst 2616 20 1758
inst 2617 20 1766
inst 2618 20 2203
inst 2619 20 2210
inst 2620 20 2213
inst 2621 20 1611
inst 2622 20 2142
inst 2623 20 2174
inst 2624 20 2176
inst 2625 20 2177
inst 2626 20 2178
inst 2627 20 2179
inst 2628 20 1764
inst 2629 20 1739
inst 2630 20 1740
inst 2631 20 1744
inst 2632 20 1745
inst 2633 20 1746
inst 2634 20 1747
inst 2635 20 1770
inst 2636 20 1763
inst 2637 20 1732
inst 2638 20 1735
inst 2639 20 1737
inst 2640 20 1742
inst 2641 20 1754
inst 2642 20 1759
inst 2643 20 1880
inst 2644 20 1748
inst 2645 20 1866
inst 2646 20 1867
inst 2647 20 1868
inst 2648 20 1870
inst 2649 20 1876
inst 2650 20 1894
inst 2651 20 2556
inst 2652 20 2367
inst 2653 20 1844
inst 2654 20 1845
inst 2655 20 1872
inst 2656 20 1874
inst 2657 20 1875
inst 2658 20 1890
inst 2659 21 2401
inst 2660 21 2402
inst 2661 21 2403
inst 2662 21 2410
inst 2663 21 2411
inst 2664 21 2412
inst 2665 21 2413
inst 2666 21 2796
inst 2667 21 2645
inst 2668 21 2691
inst 2669 21 2705
inst 2670 21 2784
inst 2671 21 2786
inst 2672 21 2788
inst 2673 21 2791
inst 2674 21 2779
inst 2675 21 2371
inst 2676 21 2372
inst 2677 21 2383
inst 2678 21 2387
inst 2679 21 2388
inst 2680 21 2399
inst 2681 21 2404
inst 2682 21 2389
inst 2683 21 2406
inst 2684 21 2408
inst 2685 21 2771
inst 2686 21 2780
inst 2687 21 2781
inst 2688 21 2782
inst 2689 21 2400
inst 2690 21 2409
inst 2691 21 2204
inst 2692 21 2205
inst 2693 21 2206
inst 2694 21 2207
inst 2695 21 2208
inst 2696 21 2209
inst 2697 21 2211
inst 2698 21 2793
inst 2699 21 1642
inst 2700 21 2181
inst 2701 21 2214
inst 2702 21 2215
inst 2703 21 2216
inst 2704 21 2217
inst 2705 21 2230
inst 2706 21 2212
inst 2707 21 1756
inst 2708 21 1760
inst 2709 21 1761
inst 2710 21 2175
inst 2711 21 2180
inst 2712 21 2228
inst 2713 21 1749
inst 2714 21 2229
inst 2715 21 1741
inst 2716 21 1743
inst 2717 21 1752
inst 2718 21 1765
inst 2719 21 1768
inst 2720 21 1769
inst 2721 21 1771
inst 2722 21 1767
inst 2723 21 2368
inst 2724 21 2374
inst 2725 21 2377
inst 2726 21 2379
inst 2727 21 2380
inst 2728 21 2391
inst 2729 21 2393
inst 2730 21 2381
inst 2731 21 1869
inst 2732 21 1892
inst 2733 21 1893
inst 2734 21 2776
inst 2735 21 2777
inst 2736 21 2775
inst 2737 21 2395
inst 2738 21 2396
inst 2739 21 1755
inst 2740 21 1819
inst 2741 21 1854
inst 2742 21 1871
inst 2743 21 1873
inst 2744 21 1891
inst 2745 21 1814
inst 2746 21 1889
inst 2747 21 1731
inst 2748 21 1733
inst 2749 21 1734
inst 2750 21 1736
inst 2751 21 1738
inst 2752 21 1762
inst 2753 21 1757
inst 2754 22 2451
inst 2755 22 2463
inst 2756 22 2635
inst 2757 22 2637
inst 2758 22 2642
inst 2759 22 2674
inst 2760 22 2675
inst 2761 22 2678
inst 2762 22 2430
inst 2763 22 2443
inst 2764 22 2461
inst 2765 22 2462
inst 2766 22 2473
inst 2767 22 2495
inst 2768 22 2447
inst 2769 22 2452
inst 2770 22 2420
inst 2771 22 2422
inst 2772 22 2439
inst 2773 22 2456
inst 2774 22 2490
inst 2775 22 2491
inst 2776 22 2492
inst 2777 22 2426
inst 2778 22 2467
inst 2779 22 2563
inst 2780 22 2565
inst 2781 22 2570
inst 2782 22 2572
inst 2783 22 2589
inst 2784 22 2477
inst 2785 22 2483
inst 2786 22 2236
inst 2787 22 2620
inst 2788 22 2621
inst 2789 22 2648
inst 2790 22 2650
inst 2791 22 2660
inst 2792 22 2671
inst 2793 22 2643
inst 2794 22 2050
inst 2795 22 2051
inst 2796 22 2052
inst 2797 22 2218
inst 2798 22 2232
inst 2799 22 2240
inst 2800 22 2245
inst 2801 22 2239
inst 2802 22 2071
inst 2803 22 2587
inst 2804 22 2588
inst 2805 22 2596
inst 2806 22 2626
inst 2807 22 2586
inst 2808 22 2590
inst 2809 22 2625
inst 2810 22 1789
inst 2811 22 1801
inst 2812 22 2049
inst 2813 22 2053
inst 2814 22 2069
inst 2815 22 2048
inst 2816 22 1790
inst 2817 22 2070
inst 2818 22 2435
inst 2819 22 2448
inst 2820 22 2469
inst 2821 22 2471
inst 2822 22 2501
inst 2823 22 2511
inst 2824 22 2519
inst 2825 22 2566
inst 2826 22 2514
inst 2827 22 2528
inst 2828 22 2534
inst 2829 22 2536
inst 2830 22 2577
inst 2831 22 2580
inst 2832 22 2582
inst 2833 22 2545
inst 2834 22 1727
inst 2835 22 1775
inst 2836 22 1776
inst 2837 22 2527
inst 2838 22 2538
inst 2839 22 2542
inst 2840 22 2523
inst 2841 22 2531
inst 2842 22 1719
inst 2843 22 1721
inst 2844 22 1728
inst 2845 22 1791
inst 2846 22 1793
inst 2847 22 1716
inst 2848 22 1724
inst 2849 22 1725
inst 2850 22 1717
inst 2851 22 1718
inst 2852 23 2852
inst 2853 23 2853
inst 2854 23 2945
inst 2855 23 2974
inst 2856 23 2975
inst 2857 23 2976
inst 2858 23 2977
inst 2859 23 2978
inst 2860 23 2863
inst 2861 23 2864
inst 2862 23 2873
inst 2863 23 2862
inst 2864 23 2872
inst 2865 24 2965
inst 2866 24 2966
inst 2867 24 2967
inst 2868 24 2968
inst 2869 24 2969
inst 2870 24 2970
inst 2871 24 2971
inst 2872 24 2972
inst 2873 24 2958
inst 2874 24 2959
inst 2875 24 2960
inst 2876 24 2961
inst 2877 24 2962
inst 2878 24 2963
inst 2879 24 2964
inst 2880 24 2973
inst 2881 24 2950
inst 2882 24 2951
inst 2883 24 2952
inst 2884 24 2953
inst 2885 24 2954
inst 2886 24 2955
inst 2887 24 2956
inst 2888 24 2957
inst 2889 24 2941
inst 2890 24 2942
inst 2891 24 2943
inst 2892 24 2944
inst 2893 24 2946
inst 2894 24 2947
inst 2895 24 2948
inst 2896 24 2949
inst 2897 24 2935
inst 2898 24 2936
inst 2899 24 2937
inst 2900 24 2938
inst 2901 24 2939
inst 2902 24 2940
inst 2903 24 2933
inst 2904 24 2934
inst 2905 24 2854
inst 2906 24 2855
inst 2907 24 2866
inst 2908 24 2867
inst 2909 24 2929
inst 2910 24 2930
inst 2911 24 2931
inst 2912 24 2932
inst 2913 24 2858
inst 2914 24 2859
inst 2915 24 2865
inst 2916 24 2871
inst 2917 24 2875
inst 2918 24 2856
inst 2919 24 2857
inst 2920 24 2876
inst 2921 24 2860
inst 2922 24 2861
inst 2923 24 2868
inst 2924 24 2869
inst 2925 24 2870
inst 2926 24 2877
inst 2927 24 2879
inst 2928 24 2874
inst 2929 24 2881
inst 2930 24 2882
inst 2931 24 2878
inst 2932 24 2880
inst 2933 25 2995
inst 2934 25 2996
inst 2935 25 2997
inst 2936 25 2998
inst 2937 25 2999
inst 2938 25 3000
inst 2939 25 3001
inst 2940 25 3002
inst 2941 25 2985
inst 2942 25 2989
inst 2943 25 2990
inst 2944 25 2991
inst 2945 25 2993
inst 2946 25 2994
inst 2947 25 3003
inst 2948 25 2992
inst 2949 25 2916
inst 2950 25 2979
inst 2951 25 2987
inst 2952 25 3005
inst 2953 25 3006
inst 2954 25 3007
inst 2955 25 3008
inst 2956 25 3009
inst 2957 25 2981
inst 2958 25 2982
inst 2959 25 2983
inst 2960 25 2984
inst 2961 25 2986
inst 2962 25 3004
inst 2963 25 2980
inst 2964 25 2988
inst 2965 25 2908
inst 2966 25 2909
inst 2967 25 2910
inst 2968 25 2912
inst 2969 25 2914
inst 2970 25 2915
inst 2971 25 2913
inst 2972 25 2917
inst 2973 25 2902
inst 2974 25 2903
inst 2975 25 2904
inst 2976 25 2905
inst 2977 25 2907
inst 2978 25 2911
inst 2979 25 2906
inst 2980 25 2918
inst 2981 25 2887
inst 2982 25 2888
inst 2983 25 2890
inst 2984 25 2891
inst 2985 25 2892
inst 2986 25 2919
inst 2987 25 2900
inst 2988 25 2901
inst 2989 25 2883
inst 2990 25 2884
inst 2991 25 2885
inst 2992 25 2886
inst 2993 25 2893
inst 2994 25 2894
inst 2995 25 2895
inst 2996 25 2889
inst 2997 25 2896
inst 2998 25 2897
inst 2999 25 2920
inst 3000 25 2921
inst 3001 25 2927
inst 3002 25 2928
inst 3003 25 2898
inst 3004 25 2899
inst 3005 25 2924
inst 3006 25 2925
inst 3007 25 2926
inst 3008 25 2922
inst 3009 25 2923
level intro tree 0 protos 8 instances 179
proto 0 mis-twig-01.mb stiffness 0.000000 dists 225280.0000 112640.0000 0.0000 327680.0000 rdists 0.00000977 0.00000888 0.00001395 0.00000000
proto 1 mis-twig-02.mb stiffness 0.000000 dists 225280.0000 112640.0000 0.0000 327680.0000 rdists 0.00000977 0.00000888 0.00001395 0.00000000
proto 2 mis-shrub-03.mb stiffness 0.000000 dists 225280.0000 112640.0000 0.0000 327680.0000 rdists 0.00000977 0.00000888 0.00001395 0.00000000
proto 3 mis-shrub-06.mb stiffness 0.000000 dists 225280.0000 112640.0000 0.0000 327680.0000 rdists 0.00000977 0.00000888 0.00001395 0.00000000
proto 4 mis-shrub-04.mb stiffness 0.000000 dists 225280.0000 112640.0000 0.0000 327680.0000 rdists 0.00000977 0.00000888 0.00001395 0.00000000
proto 5 mis-shrub-02.mb stiffness 0.000000 dists 225280.0000 112640.0000 0.0000 327680.0000 rdists 0.00000977 0.00000888 0.00001395 0.00000000
proto 6 mis-shrub-01.mb stiffness 0.000000 dists 225280.0000 112640.0000 0.0000 327680.0000 rdists 0.00000977 0.00000888 0.00001395 0.00000000
proto 7 mis-shrub-05.mb stiffness 0.000000 dists 225280.0000 112640.0000 0.0000 327680.0000 rdists 0.00000977 0.00000888 0.00001395 0.00000000
inst 0 0 0
inst 1 0 1
inst 2 0 2
inst 3 0 6
inst 4 1 3
inst 5 1 4
inst 6 1 5
inst 7 2 46
inst 8 2 48
inst 9 2 53
inst 10 2 83
inst 11 2 86
inst 12 2 88
inst 13 2 99
inst 14 2 167
inst 15 2 107
inst 16 2 111
inst 17 2 120
inst 18 2 136
inst 19 2 137
inst 20 2 144
inst 21 2 176
inst 22 2 45
inst 23 2 16
inst 24 2 27
inst 25 2 28
inst 26 2 58
inst 27 2 68
inst 28 2 81
inst 29 2 97
inst 30 2 7
inst 31 3 54
inst 32 3 56
inst 33 3 84
inst 34 3 89
inst 35 3 127
inst 36 3 146
inst 37 3 151
inst 38 3 168
inst 39 3 8
inst 40 3 11
inst 41 3 18
inst 42 3 35
inst 43 3 71
inst 44 3 73
inst 45 3 95
inst 46 3 98
inst 47 3 69
inst 48 3 90
inst 49 3 91
inst 50 3 75
inst 51 3 93
inst 52 4 9
inst 53 4 51
inst 54 4 52
inst 55 4 155
inst 56 4 156
inst 57 4 159
inst 58 4 171
inst 59 4 173
inst 60 4 115
inst 61 4 122
inst 62 4 124
inst 63 4 126
inst 64 4 129
inst 65 4 133
inst 66 4 145
inst 67 4 161
inst 68 4 23
inst 69 4 38
inst 70 4 41
inst 71 4 62
inst 72 4 140
inst 73 4 141
inst 74 4 150
inst 75 4 142
inst 76 4 108
inst 77 4 110
inst 78 4 113
inst 79 4 177
inst 80 4 119
inst 81 4 121
inst 82 4 174
inst 83 4 175
inst 84 4 13
inst 85 4 29
inst 86 4 76
inst 87 4 79
inst 88 4 94
inst 89 4 32
inst 90 4 59
inst 91 4 82
inst 92 5 24
inst 93 5 25
inst 94 5 55
inst 95 5 64
inst 96 5 65
inst 97 5 85
inst 98 5 104
inst 99 5 154
inst 100 5 43
inst 101 5 80
inst 102 5 105
inst 103 5 106
inst 104 5 147
inst 105 5 158
inst 106 5 47
inst 107 5 163
inst 108 5 10
inst 109 5 31
inst 110 5 67
inst 111 5 118
inst 112 5 130
inst 113 5 131
inst 114 5 135
inst 115 5 149
inst 116 5 21
inst 117 5 70
inst 118 5 92
inst 119 6 12
inst 120 6 20
inst 121 6 26
inst 122 6 39
inst 123 6 50
inst 124 6 57
inst 125 6 100
inst 126 6 138
inst 127 6 33
inst 128 6 34
inst 129 6 36
inst 130 6 37
inst 131 6 116
inst 132 6 123
inst 133 6 178
inst 134 6 42
inst 135 6 14
inst 136 6 30
inst 137 6 60
inst 138 6 61
inst 139 6 74
inst 140 6 77
inst 141 6 96
inst 142 6 101
inst 143 7 157
inst 144 7 160
inst 145 7 162
inst 146 7 164
inst 147 7 165
inst 148 7 169
inst 149 7 170
inst 150 7 172
inst 151 7 19
inst 152 7 49
inst 153 7 63
inst 154 7 87
inst 155 7 102
inst 156 7 103
inst 157 7 152
inst 158 7 153
inst 159 7 117
inst 160 7 125
inst 161 7 128
inst 162 7 132
inst 163 7 134
inst 164 7 139
inst 165 7 148
inst 166 7 166
inst 167 7 40
inst 168 7 109
inst 169 7 114
inst 170 7 17
inst 171 7 44
inst 172 7 78
inst 173 7 112
inst 174 7 143
inst 175 7 66
inst 176 7 15
inst 177 7 22
inst 178 7 72
level citadel tree 0 protos 5 instances 674
proto 0 rope-supportknot.mb stiffness 0.000000 dists 163840.0000 81920.0000 0.0000 245760.0000 rdists 0.00001221 0.00001221 0.00001744 0.00000000
proto 1 rope-planktie.mb stiffness 0.000000 dists 163840.0000 81920.0000 0.0000 245760.0000 rdists 0.00001221 0.00001221 0.00001744 0.00000000
proto 2 rope-hanging.mb stiffness 0.200000 dists 163840.0000 81920.0000 0.0000 245760.0000 rdists 0.00001221 0.00001221 0.00001744 0.20000000
proto 3 rivet.mb stiffness 0.000000 dists 184320.0000 92160.0000 0.0000 307200.0000 rdists 0.00000814 0.00001085 0.00001163 0.00000000
proto 4 gen-coil.mb stiffness 0.000000 dists 143360.0000 71680.0000 0.0000 225280.0000 rdists 0.00001221 0.00001395 0.00001744 0.00000000
inst 0 0 0
inst 1 0 1
inst 2 0 2
inst 3 0 27
inst 4 0 28
inst 5 0 29
inst 6 0 69
inst 7 0 70
inst 8 0 3
inst 9 0 4
inst 10 0 5
inst 11 0 14
inst 12 0 16
inst 13 0 19
inst 14 0 26
inst 15 0 68
inst 16 0 470
inst 17 0 471
inst 18 0 472
inst 19 0 473
inst 20 0 475
inst 21 0 477
inst 22 0 478
inst 23 0 479
inst 24 0 465
inst 25 0 466
inst 26 0 467
inst 27 0 15
inst 28 0 17
inst 29 0 18
inst 30 0 24
inst 31 0 469
inst 32 0 207
inst 33 0 584
inst 34 0 587
inst 35 0 590
inst 36 0 591
inst 37 0 592
inst 38 0 666
inst 39 0 667
inst 40 0 583
inst 41 0 585
inst 42 0 586
inst 43 0 588
inst 44 0 468
inst 45 0 474
inst 46 0 476
inst 47 0 589
inst 48 0 575
inst 49 0 576
inst 50 0 577
inst 51 0 578
inst 52 0 579
inst 53 0 580
inst 54 0 581
inst 55 0 582
inst 56 0 209
inst 57 0 211
inst 58 0 654
inst 59 0 655
inst 60 0 206
inst 61 0 665
inst 62 0 668
inst 63 0 216
inst 64 0 222
inst 65 0 227
inst 66 0 341
inst 67 0 342
inst 68 0 343
inst 69 0 345
inst 70 0 350
inst 71 0 458
inst 72 0 6
inst 73 0 7
inst 74 0 8
inst 75 0 217
inst 76 0 218
inst 77 0 23
inst 78 0 25
inst 79 0 220
inst 80 0 446
inst 81 0 447
inst 82 0 448
inst 83 0 456
inst 84 0 455
inst 85 0 457
inst 86 0 459
inst 87 0 460
inst 88 0 450
inst 89 0 453
inst 90 0 607
inst 91 0 673
inst 92 0 449
inst 93 0 451
inst 94 0 452
inst 95 0 454
inst 96 0 645
inst 97 0 646
inst 98 0 647
inst 99 0 443
inst 100 0 444
inst 101 0 445
inst 102 0 461
inst 103 0 463
inst 104 0 593
inst 105 0 594
inst 106 0 595
inst 107 0 596
inst 108 0 597
inst 109 0 598
inst 110 0 190
inst 111 0 194
inst 112 0 195
inst 113 0 198
inst 114 0 200
inst 115 0 542
inst 116 0 543
inst 117 0 541
inst 118 0 196
inst 119 0 462
inst 120 0 639
inst 121 0 640
inst 122 0 641
inst 123 0 642
inst 124 0 643
inst 125 0 644
inst 126 0 672
inst 127 0 205
inst 128 0 489
inst 129 0 491
inst 130 0 492
inst 131 0 493
inst 132 0 608
inst 133 0 609
inst 134 0 610
inst 135 0 362
inst 136 0 611
inst 137 0 612
inst 138 0 613
inst 139 0 614
inst 140 0 615
inst 141 0 616
inst 142 0 488
inst 143 0 490
inst 144 0 393
inst 145 0 394
inst 146 0 396
inst 147 0 397
inst 148 0 408
inst 149 0 619
inst 150 0 669
inst 151 0 670
inst 152 0 398
inst 153 0 407
inst 154 0 412
inst 155 0 409
inst 156 0 410
inst 157 0 413
inst 158 0 411
inst 159 0 414
inst 160 0 383
inst 161 0 384
inst 162 0 620
inst 163 0 671
inst 164 0 395
inst 165 0 399
inst 166 0 400
inst 167 0 401
inst 168 0 377
inst 169 0 378
inst 170 0 379
inst 171 0 380
inst 172 0 382
inst 173 0 390
inst 174 0 617
inst 175 0 385
inst 176 0 381
inst 177 0 618
inst 178 0 391
inst 179 1 9
inst 180 1 12
inst 181 1 354
inst 182 1 355
inst 183 1 356
inst 184 1 505
inst 185 1 506
inst 186 1 507
inst 187 1 20
inst 188 1 21
inst 189 1 22
inst 190 1 30
inst 191 1 31
inst 192 1 427
inst 193 1 435
inst 194 1 11
inst 195 1 128
inst 196 1 132
inst 197 1 136
inst 198 1 140
inst 199 1 168
inst 200 1 188
inst 201 1 212
inst 202 1 430
inst 203 1 438
inst 204 1 440
inst 205 1 441
inst 206 1 664
inst 207 1 429
inst 208 1 432
inst 209 1 433
inst 210 1 436
inst 211 1 351
inst 212 1 352
inst 213 1 353
inst 214 1 415
inst 215 1 417
inst 216 1 418
inst 217 1 420
inst 218 1 339
inst 219 1 221
inst 220 1 223
inst 221 1 422
inst 222 1 424
inst 223 1 425
inst 224 1 547
inst 225 1 219
inst 226 1 421
inst 227 1 120
inst 228 1 156
inst 229 1 160
inst 230 1 164
inst 231 1 172
inst 232 1 180
inst 233 1 124
inst 234 1 170
inst 235 1 197
inst 236 1 464
inst 237 1 544
inst 238 1 545
inst 239 1 546
inst 240 1 174
inst 241 1 176
inst 242 1 182
inst 243 1 357
inst 244 1 359
inst 245 1 361
inst 246 1 512
inst 247 1 514
inst 248 1 515
inst 249 1 516
inst 250 1 517
inst 251 1 568
inst 252 1 569
inst 253 1 570
inst 254 1 572
inst 255 1 573
inst 256 1 574
inst 257 1 210
inst 258 1 513
inst 259 1 144
inst 260 1 184
inst 261 1 186
inst 262 1 567
inst 263 1 605
inst 264 1 208
inst 265 1 566
inst 266 1 571
inst 267 1 656
inst 268 1 657
inst 269 1 658
inst 270 1 659
inst 271 1 660
inst 272 1 661
inst 273 1 662
inst 274 1 663
inst 275 1 148
inst 276 1 191
inst 277 1 199
inst 278 1 486
inst 279 1 487
inst 280 1 152
inst 281 1 178
inst 282 1 201
inst 283 1 601
inst 284 1 603
inst 285 1 648
inst 286 1 650
inst 287 1 652
inst 288 1 599
inst 289 1 480
inst 290 1 485
inst 291 1 386
inst 292 1 387
inst 293 1 392
inst 294 1 402
inst 295 1 404
inst 296 1 405
inst 297 1 482
inst 298 1 483
inst 299 1 388
inst 300 1 389
inst 301 2 10
inst 302 2 13
inst 303 2 340
inst 304 2 344
inst 305 2 346
inst 306 2 416
inst 307 2 419
inst 308 2 426
inst 309 2 169
inst 310 2 171
inst 311 2 173
inst 312 2 428
inst 313 2 431
inst 314 2 434
inst 315 2 437
inst 316 2 423
inst 317 2 185
inst 318 2 187
inst 319 2 189
inst 320 2 439
inst 321 2 442
inst 322 2 600
inst 323 2 602
inst 324 2 604
inst 325 2 177
inst 326 2 179
inst 327 2 181
inst 328 2 183
inst 329 2 651
inst 330 2 653
inst 331 2 175
inst 332 2 649
inst 333 2 358
inst 334 2 360
inst 335 2 403
inst 336 2 406
inst 337 2 481
inst 338 2 484
inst 339 2 606
inst 340 3 494
inst 341 3 495
inst 342 3 496
inst 343 3 497
inst 344 3 498
inst 345 3 499
inst 346 3 500
inst 347 3 501
inst 348 3 41
inst 349 3 502
inst 350 3 504
inst 351 3 508
inst 352 3 509
inst 353 3 510
inst 354 3 511
inst 355 3 503
inst 356 3 84
inst 357 3 85
inst 358 3 88
inst 359 3 137
inst 360 3 138
inst 361 3 139
inst 362 3 142
inst 363 3 143
inst 364 3 38
inst 365 3 42
inst 366 3 43
inst 367 3 324
inst 368 3 327
inst 369 3 39
inst 370 3 40
inst 371 3 325
inst 372 3 310
inst 373 3 317
inst 374 3 318
inst 375 3 319
inst 376 3 320
inst 377 3 633
inst 378 3 634
inst 379 3 635
inst 380 3 290
inst 381 3 291
inst 382 3 292
inst 383 3 293
inst 384 3 294
inst 385 3 302
inst 386 3 295
inst 387 3 296
inst 388 3 297
inst 389 3 301
inst 390 3 309
inst 391 3 312
inst 392 3 316
inst 393 3 298
inst 394 3 299
inst 395 3 300
inst 396 3 213
inst 397 3 214
inst 398 3 311
inst 399 3 314
inst 400 3 215
inst 401 3 303
inst 402 3 313
inst 403 3 315
inst 404 3 96
inst 405 3 98
inst 406 3 108
inst 407 3 111
inst 408 3 112
inst 409 3 113
inst 410 3 114
inst 411 3 115
inst 412 3 89
inst 413 3 90
inst 414 3 93
inst 415 3 94
inst 416 3 95
inst 417 3 109
inst 418 3 118
inst 419 3 119
inst 420 3 125
inst 421 3 224
inst 422 3 91
inst 423 3 92
inst 424 3 97
inst 425 3 101
inst 426 3 102
inst 427 3 110
inst 428 3 33
inst 429 3 34
inst 430 3 35
inst 431 3 36
inst 432 3 321
inst 433 3 322
inst 434 3 225
inst 435 3 226
inst 436 3 116
inst 437 3 134
inst 438 3 99
inst 439 3 100
inst 440 3 117
inst 441 3 130
inst 442 3 131
inst 443 3 129
inst 444 3 146
inst 445 3 147
inst 446 3 150
inst 447 3 151
inst 448 3 145
inst 449 3 149
inst 450 3 133
inst 451 3 135
inst 452 3 83
inst 453 3 86
inst 454 3 87
inst 455 3 326
inst 456 3 328
inst 457 3 329
inst 458 3 71
inst 459 3 141
inst 460 3 46
inst 461 3 47
inst 462 3 32
inst 463 3 37
inst 464 3 44
inst 465 3 45
inst 466 3 48
inst 467 3 49
inst 468 3 347
inst 469 3 348
inst 470 3 349
inst 471 3 627
inst 472 3 628
inst 473 3 629
inst 474 3 631
inst 475 3 73
inst 476 3 621
inst 477 3 622
inst 478 3 623
inst 479 3 624
inst 480 3 625
inst 481 3 626
inst 482 3 630
inst 483 3 632
inst 484 3 67
inst 485 3 121
inst 486 3 126
inst 487 3 127
inst 488 3 72
inst 489 3 323
inst 490 3 62
inst 491 3 63
inst 492 3 65
inst 493 3 66
inst 494 3 123
inst 495 3 562
inst 496 3 563
inst 497 3 564
inst 498 3 565
inst 499 3 64
inst 500 3 74
inst 501 3 75
inst 502 3 76
inst 503 3 161
inst 504 3 165
inst 505 3 166
inst 506 3 167
inst 507 3 122
inst 508 3 536
inst 509 3 537
inst 510 3 538
inst 511 3 539
inst 512 3 550
inst 513 3 551
inst 514 3 554
inst 515 3 552
inst 516 3 56
inst 517 3 57
inst 518 3 58
inst 519 3 61
inst 520 3 336
inst 521 3 337
inst 522 3 338
inst 523 3 553
inst 524 3 540
inst 525 3 549
inst 526 3 555
inst 527 3 556
inst 528 3 557
inst 529 3 548
inst 530 3 560
inst 531 3 561
inst 532 3 153
inst 533 3 154
inst 534 3 155
inst 535 3 157
inst 536 3 158
inst 537 3 159
inst 538 3 81
inst 539 3 82
inst 540 3 162
inst 541 3 163
inst 542 3 192
inst 543 3 193
inst 544 3 203
inst 545 3 204
inst 546 3 78
inst 547 3 79
inst 548 3 52
inst 549 3 53
inst 550 3 54
inst 551 3 55
inst 552 3 330
inst 553 3 331
inst 554 3 332
inst 555 3 80
inst 556 3 50
inst 557 3 60
inst 558 3 333
inst 559 3 334
inst 560 3 335
inst 561 3 59
inst 562 3 77
inst 563 3 51
inst 564 3 519
inst 565 3 520
inst 566 3 521
inst 567 3 524
inst 568 3 525
inst 569 3 526
inst 570 3 533
inst 571 3 534
inst 572 3 523
inst 573 3 531
inst 574 3 532
inst 575 3 558
inst 576 3 518
inst 577 3 522
inst 578 3 535
inst 579 3 559
inst 580 3 235
inst 581 3 241
inst 582 3 247
inst 583 3 249
inst 584 3 251
inst 585 3 252
inst 586 3 253
inst 587 3 202
inst 588 3 228
inst 589 3 233
inst 590 3 236
inst 591 3 527
inst 592 3 528
inst 593 3 529
inst 594 3 530
inst 595 3 250
inst 596 3 266
inst 597 3 280
inst 598 3 283
inst 599 3 284
inst 600 3 285
inst 601 3 636
inst 602 3 637
inst 603 3 638
inst 604 3 263
inst 605 3 265
inst 606 3 267
inst 607 3 268
inst 608 3 272
inst 609 3 278
inst 610 3 281
inst 611 3 282
inst 612 3 271
inst 613 3 286
inst 614 3 287
inst 615 3 288
inst 616 3 269
inst 617 3 270
inst 618 3 279
inst 619 3 289
inst 620 3 365
inst 621 3 366
inst 622 3 367
inst 623 3 368
inst 624 3 369
inst 625 3 370
inst 626 3 363
inst 627 3 364
inst 628 3 238
inst 629 3 239
inst 630 3 240
inst 631 3 248
inst 632 3 254
inst 633 3 255
inst 634 3 256
inst 635 3 259
inst 636 3 230
inst 637 3 231
inst 638 3 232
inst 639 3 234
inst 640 3 229
inst 641 3 257
inst 642 3 258
inst 643 3 237
inst 644 3 260
inst 645 3 261
inst 646 3 262
inst 647 3 371
inst 648 3 372
inst 649 3 373
inst 650 3 374
inst 651 3 264
inst 652 3 375
inst 653 3 376
inst 654 4 103
inst 655 4 104
inst 656 4 107
inst 657 4 304
inst 658 4 305
inst 659 4 306
inst 660 4 307
inst 661 4 308
inst 662 4 242
inst 663 4 273
inst 664 4 274
inst 665 4 275
inst 666 4 276
inst 667 4 277
inst 668 4 105
inst 669 4 106
inst 670 4 244
inst 671 4 245
inst 672 4 243
inst 673 4 246
level village2 tree 0 protos 29 instances 4387
proto 0 vil2-grass-whispy.mb stiffness 0.500000 dists 163840.0000 81920.0000 0.0000 266240.0000 rdists 0.00000977 0.00001221 0.00001395 0.50000000
proto 1 vil2-plankstrap.mb stiffness 0.000000 dists 163840.0000 81920.0000 0.0000 245760.0000 rdists 0.00001221 0.00001221 0.00001744 0.00000000
proto 2 vil2-tenttassle.mb stiffness 0.900000 dists 327680.0000 163840.0000 0.0000 491520.0000 rdists 0.00000610 0.00000610 0.00000872 0.89999998
proto 3 vil2-lil-shrubtree.mb stiffness 0.400000 dists 368640.0000 184320.0000 0.0000 491520.0000 rdists 0.00000814 0.00000543 0.00001163 0.40000001
proto 4 kart-rope.mb stiffness 0.000000 dists 163840.0000 81920.0000 0.0000 245760.0000 rdists 0.00001221 0.00001221 0.00001744 0.00000000
proto 5 v2-kelp.mb stiffness 0.500000 dists 450560.0000 225280.0000 0.0000 532480.0000 rdists 0.00001221 0.00000444 0.00001744 0.50000000
proto 6 v2-coral-leaf.mb stiffness 0.400000 dists 327680.0000 163840.0000 0.0000 409600.0000 rdists 0.00001221 0.00000610 0.00001744 0.40000001
proto 7 v2-coral-seaweed.mb stiffness 0.500000 dists 286720.0000 143360.0000 0.0000 409600.0000 rdists 0.00000814 0.00000698 0.00001163 0.50000000
proto 8 v2-coral-fan.mb stiffness 0.400000 dists 409600.0000 204800.0000 0.0000 532480.0000 rdists 0.00000814 0.00000488 0.00001163 0.40000001
proto 9 rock-hole-filler.mb stiffness 0.000000 dists 327680.0000 163840.0000 0.0000 409600.0000 rdists 0.00001221 0.00000610 0.00001744 0.00000000
proto 10 vil2-planktie.mb stiffness 0.000000 dists 163840.0000 81920.0000 0.0000 245760.0000 rdists 0.00001221 0.00001221 0.00001744 0.00000000
proto 11 vil2-cupsmall.mb stiffness 0.000000 dists 143360.0000 71680.0000 0.0000 163840.0000 rdists 0.00004883 0.00001395 0.00006975 0.00000000
proto 12 vil2-sage-wallmap.mb stiffness 0.000000 dists 143360.0000 71680.0000 0.0000 163840.0000 rdists 0.00004883 0.00001395 0.00006975 0.00000000
proto 13 vil2-sagenotes-01.mb stiffness 0.000000 dists 122880.0000 61440.0000 0.0000 204800.0000 rdists 0.00001221 0.00001628 0.00001744 0.00000000
proto 14 vil2-sagehut-debris-01.mb stiffness 0.000000 dists 122880.0000 61440.0000 0.0000 204800.0000 rdists 0.00001221 0.00001628 0.00001744 0.00000000
proto 15 vil2-sagehut-debris-02.mb stiffness 0.000000 dists 122880.0000 61440.0000 0.0000 204800.0000 rdists 0.00001221 0.00001628 0.00001744 0.00000000
proto 16 vil2-sagenotes-02.mb stiffness 0.000000 dists 122880.0000 61440.0000 0.0000 204800.0000 rdists 0.00001221 0.00001628 0.00001744 0.00000000
proto 17 vil2-sagenotes-04.mb stiffness 0.000000 dists 122880.0000 61440.0000 0.0000 204800.0000 rdists 0.00001221 0.00001628 0.00001744 0.00000000
proto 18 vil2-sagenotes-03.mb stiffness 0.000000 dists 122880.0000 61440.0000 0.0000 204800.0000 rdists 0.00001221 0.00001628 0.00001744 0.00000000
proto 19 vil2-platesmall.mb stiffness 0.000000 dists 143360.0000 71680.0000 0.0000 163840.0000 rdists 0.00004883 0.00001395 0.00006975 0.00000000
proto 20 vil2-shrubrocks.mb stiffness 0.000000 dists 122880.0000 61440.0000 0.0000 204800.0000 rdists 0.00001221 0.00001628 0.00001744 0.00000000
proto 21 vil2-grass.mb stiffness 0.500000 dists 245760.0000 122880.0000 0.0000 327680.0000 rdists 0.00001221 0.00000814 0.00001744 0.50000000
proto 22 vil2-bonzaibranch-01.mb stiffness 0.700000 dists 491520.0000 245760.0000 0.0000 614400.0000 rdists 0.00000814 0.00000407 0.00001163 0.69999999
proto 23 vil2-grass-long.mb stiffness 0.500000 dists 245760.0000 122880.0000 0.0000 327680.0000 rdists 0.00001221 0.00000814 0.00001744 0.50000000
proto 24 vil2-cattail.mb stiffness 0.350000 dists 286720.0000 143360.0000 0.0000 327680.0000 rdists 0.00002441 0.00000698 0.00003488 0.34999999
proto 25 vil2-bonzaicanopy-01.mb stiffness 0.700000 dists 491520.0000 245760.0000 0.0000 614400.0000 rdists 0.00000814 0.00000407 0.00001163 0.69999999
proto 26 vil2-pine-shrub.mb stiffness 0.500000 dists 286720.0000 143360.0000 0.0000 409600.0000 rdists 0.00000814 0.00000698 0.00001163 0.50000000
proto 27 vil2-grass-burned.mb stiffness 0.200000 dists 245760.0000 122880.0000 0.0000 327680.0000 rdists 0.00001221 0.00000814 0.00001744 0.20000000
proto 28 vil2-wheat.mb stiffness 0.500000 dists 245760.0000 122880.0000 0.0000 327680.0000 rdists 0.00001221 0.00000814 0.00001744 0.50000000
inst 0 0 22
inst 1 0 23
inst 2 0 26
inst 3 0 243
inst 4 0 244
inst 5 0 245
inst 6 0 349
inst 7 0 353
inst 8 0 15
inst 9 0 16
inst 10 0 20
inst 11 0 24
inst 12 0 25
inst 13 0 17
inst 14 0 19
inst 15 0 21
inst 16 0 1
inst 17 0 2
inst 18 0 3
inst 19 0 4
inst 20 0 6
inst 21 0 8
inst 22 0 11
inst 23 0 12
inst 24 0 18
inst 25 0 0
inst 26 0 5
inst 27 0 7
inst 28 0 9
inst 29 0 10
inst 30 0 13
inst 31 0 14
inst 32 0 342
inst 33 0 343
inst 34 0 344
inst 35 0 347
inst 36 0 348
inst 37 0 350
inst 38 0 351
inst 39 0 352
inst 40 0 354
inst 41 0 355
inst 42 0 356
inst 43 0 357
inst 44 0 358
inst 45 0 359
inst 46 0 345
inst 47 0 346
inst 48 0 249
inst 49 0 250
inst 50 0 251
inst 51 0 258
inst 52 0 260
inst 53 0 246
inst 54 0 247
inst 55 0 248
inst 56 0 37
inst 57 0 38
inst 58 0 268
inst 59 0 269
inst 60 0 255
inst 61 0 256
inst 62 0 257
inst 63 0 259
inst 64 0 66
inst 65 0 67
inst 66 0 68
inst 67 0 69
inst 68 0 70
inst 69 0 71
inst 70 0 261
inst 71 0 266
inst 72 0 3109
inst 73 0 3113
inst 74 0 252
inst 75 0 267
inst 76 0 253
inst 77 0 254
inst 78 0 3111
inst 79 0 3112
inst 80 0 27
inst 81 0 28
inst 82 0 29
inst 83 0 31
inst 84 0 34
inst 85 0 35
inst 86 0 36
inst 87 0 30
inst 88 0 40
inst 89 0 42
inst 90 0 48
inst 91 0 39
inst 92 0 44
inst 93 0 49
inst 94 0 32
inst 95 0 33
inst 96 0 73
inst 97 0 74
inst 98 0 238
inst 99 0 262
inst 100 0 263
inst 101 0 264
inst 102 0 265
inst 103 0 3110
inst 104 0 3106
inst 105 0 3107
inst 106 0 3108
inst 107 0 237
inst 108 0 239
inst 109 0 240
inst 110 0 241
inst 111 0 242
inst 112 0 41
inst 113 0 43
inst 114 0 45
inst 115 0 46
inst 116 0 47
inst 117 0 50
inst 118 0 72
inst 119 0 77
inst 120 0 60
inst 121 0 61
inst 122 0 62
inst 123 0 63
inst 124 0 64
inst 125 0 65
inst 126 0 75
inst 127 0 76
inst 128 0 219
inst 129 0 220
inst 130 0 221
inst 131 0 222
inst 132 0 224
inst 133 0 226
inst 134 0 228
inst 135 0 229
inst 136 0 51
inst 137 0 52
inst 138 0 53
inst 139 0 54
inst 140 0 55
inst 141 0 56
inst 142 0 223
inst 143 0 225
inst 144 0 231
inst 145 0 234
inst 146 0 236
inst 147 0 227
inst 148 0 230
inst 149 0 232
inst 150 0 233
inst 151 0 235
inst 152 0 187
inst 153 0 188
inst 154 0 192
inst 155 0 193
inst 156 0 216
inst 157 0 186
inst 158 0 217
inst 159 0 218
inst 160 0 58
inst 161 0 59
inst 162 0 197
inst 163 0 57
inst 164 0 189
inst 165 0 190
inst 166 0 191
inst 167 0 194
inst 168 0 213
inst 169 0 214
inst 170 0 215
inst 171 0 195
inst 172 0 196
inst 173 0 198
inst 174 0 199
inst 175 0 200
inst 176 0 201
inst 177 0 206
inst 178 0 208
inst 179 0 209
inst 180 0 210
inst 181 0 211
inst 182 0 207
inst 183 0 212
inst 184 0 273
inst 185 0 274
inst 186 0 275
inst 187 0 278
inst 188 0 202
inst 189 0 203
inst 190 0 204
inst 191 0 205
inst 192 0 481
inst 193 0 482
inst 194 0 484
inst 195 0 486
inst 196 0 487
inst 197 0 488
inst 198 0 490
inst 199 0 491
inst 200 0 494
inst 201 0 496
inst 202 0 492
inst 203 0 493
inst 204 0 497
inst 205 0 483
inst 206 0 495
inst 207 0 489
inst 208 0 78
inst 209 0 79
inst 210 0 80
inst 211 0 500
inst 212 0 480
inst 213 0 485
inst 214 0 498
inst 215 0 499
inst 216 0 84
inst 217 0 89
inst 218 0 90
inst 219 0 91
inst 220 0 92
inst 221 0 81
inst 222 0 82
inst 223 0 83
inst 224 0 270
inst 225 0 271
inst 226 0 280
inst 227 0 282
inst 228 0 283
inst 229 0 272
inst 230 0 276
inst 231 0 277
inst 232 0 279
inst 233 0 284
inst 234 0 291
inst 235 0 292
inst 236 0 293
inst 237 0 295
inst 238 0 296
inst 239 0 281
inst 240 0 285
inst 241 0 286
inst 242 0 287
inst 243 0 290
inst 244 0 85
inst 245 0 288
inst 246 0 289
inst 247 0 294
inst 248 0 301
inst 249 0 303
inst 250 0 304
inst 251 0 305
inst 252 0 308
inst 253 0 86
inst 254 0 87
inst 255 0 88
inst 256 0 114
inst 257 0 115
inst 258 0 116
inst 259 0 117
inst 260 0 118
inst 261 0 119
inst 262 0 120
inst 263 0 121
inst 264 0 123
inst 265 0 124
inst 266 0 125
inst 267 0 126
inst 268 0 127
inst 269 0 128
inst 270 0 339
inst 271 0 122
inst 272 0 324
inst 273 0 329
inst 274 0 336
inst 275 0 338
inst 276 0 325
inst 277 0 326
inst 278 0 327
inst 279 0 328
inst 280 0 330
inst 281 0 331
inst 282 0 335
inst 283 0 340
inst 284 0 332
inst 285 0 334
inst 286 0 337
inst 287 0 341
inst 288 0 129
inst 289 0 130
inst 290 0 131
inst 291 0 132
inst 292 0 133
inst 293 0 134
inst 294 0 140
inst 295 0 333
inst 296 0 136
inst 297 0 137
inst 298 0 138
inst 299 0 139
inst 300 0 148
inst 301 0 149
inst 302 0 152
inst 303 0 135
inst 304 0 141
inst 305 0 142
inst 306 0 146
inst 307 0 150
inst 308 0 151
inst 309 0 143
inst 310 0 145
inst 311 0 147
inst 312 0 154
inst 313 0 155
inst 314 0 157
inst 315 0 159
inst 316 0 160
inst 317 0 161
inst 318 0 164
inst 319 0 144
inst 320 0 156
inst 321 0 162
inst 322 0 172
inst 323 0 183
inst 324 0 184
inst 325 0 153
inst 326 0 158
inst 327 0 163
inst 328 0 171
inst 329 0 173
inst 330 0 174
inst 331 0 176
inst 332 0 177
inst 333 0 180
inst 334 0 181
inst 335 0 185
inst 336 0 166
inst 337 0 167
inst 338 0 168
inst 339 0 169
inst 340 0 170
inst 341 0 315
inst 342 0 316
inst 343 0 317
inst 344 0 111
inst 345 0 112
inst 346 0 175
inst 347 0 178
inst 348 0 179
inst 349 0 182
inst 350 0 113
inst 351 0 165
inst 352 0 297
inst 353 0 298
inst 354 0 300
inst 355 0 302
inst 356 0 306
inst 357 0 307
inst 358 0 312
inst 359 0 299
inst 360 0 94
inst 361 0 96
inst 362 0 102
inst 363 0 99
inst 364 0 100
inst 365 0 101
inst 366 0 103
inst 367 0 104
inst 368 0 93
inst 369 0 98
inst 370 0 109
inst 371 0 106
inst 372 0 107
inst 373 0 108
inst 374 0 95
inst 375 0 97
inst 376 0 318
inst 377 0 319
inst 378 0 320
inst 379 0 321
inst 380 0 322
inst 381 0 323
inst 382 0 110
inst 383 0 105
inst 384 0 309
inst 385 0 310
inst 386 0 311
inst 387 0 313
inst 388 0 314
inst 389 1 427
inst 390 1 428
inst 391 1 429
inst 392 1 430
inst 393 1 431
inst 394 1 432
inst 395 1 433
inst 396 1 479
inst 397 1 420
inst 398 1 422
inst 399 1 424
inst 400 1 426
inst 401 1 434
inst 402 1 421
inst 403 1 423
inst 404 1 425
inst 405 1 368
inst 406 1 369
inst 407 1 370
inst 408 1 371
inst 409 1 372
inst 410 1 373
inst 411 1 367
inst 412 1 419
inst 413 1 360
inst 414 1 362
inst 415 1 364
inst 416 1 366
inst 417 1 374
inst 418 1 361
inst 419 1 363
inst 420 1 365
inst 421 2 537
inst 422 2 538
inst 423 2 539
inst 424 2 540
inst 425 2 541
inst 426 2 542
inst 427 2 544
inst 428 2 545
inst 429 2 528
inst 430 2 530
inst 431 2 531
inst 432 2 532
inst 433 2 533
inst 434 2 535
inst 435 2 536
inst 436 2 543
inst 437 2 521
inst 438 2 522
inst 439 2 523
inst 440 2 524
inst 441 2 526
inst 442 2 527
inst 443 2 529
inst 444 2 534
inst 445 2 503
inst 446 2 504
inst 447 2 506
inst 448 2 508
inst 449 2 509
inst 450 2 525
inst 451 2 519
inst 452 2 520
inst 453 2 507
inst 454 2 512
inst 455 2 513
inst 456 2 515
inst 457 2 518
inst 458 2 501
inst 459 2 502
inst 460 2 505
inst 461 2 441
inst 462 2 442
inst 463 2 463
inst 464 2 511
inst 465 2 516
inst 466 2 510
inst 467 2 514
inst 468 2 517
inst 469 2 438
inst 470 2 439
inst 471 2 440
inst 472 2 462
inst 473 2 464
inst 474 2 465
inst 475 2 466
inst 476 2 443
inst 477 2 435
inst 478 2 436
inst 479 2 437
inst 480 2 458
inst 481 2 468
inst 482 2 469
inst 483 2 470
inst 484 2 467
inst 485 2 445
inst 486 2 446
inst 487 2 447
inst 488 2 459
inst 489 2 460
inst 490 2 461
inst 491 2 478
inst 492 2 444
inst 493 2 376
inst 494 2 377
inst 495 2 381
inst 496 2 382
inst 497 2 404
inst 498 2 405
inst 499 2 408
inst 500 2 448
inst 501 2 450
inst 502 2 451
inst 503 2 452
inst 504 2 474
inst 505 2 475
inst 506 2 476
inst 507 2 477
inst 508 2 449
inst 509 2 454
inst 510 2 455
inst 511 2 472
inst 512 2 473
inst 513 2 453
inst 514 2 456
inst 515 2 471
inst 516 2 457
inst 517 2 379
inst 518 2 383
inst 519 2 384
inst 520 2 401
inst 521 2 402
inst 522 2 403
inst 523 2 406
inst 524 2 380
inst 525 2 386
inst 526 2 387
inst 527 2 390
inst 528 2 399
inst 529 2 400
inst 530 2 416
inst 531 2 417
inst 532 2 385
inst 533 2 397
inst 534 2 398
inst 535 2 409
inst 536 2 410
inst 537 2 411
inst 538 2 375
inst 539 2 407
inst 540 2 378
inst 541 2 392
inst 542 2 394
inst 543 2 395
inst 544 2 412
inst 545 2 413
inst 546 2 415
inst 547 2 391
inst 548 2 396
inst 549 2 388
inst 550 2 393
inst 551 2 418
inst 552 2 389
inst 553 2 414
inst 554 3 546
inst 555 3 2339
inst 556 3 2340
inst 557 3 2341
inst 558 3 2419
inst 559 3 2420
inst 560 3 4193
inst 561 3 4194
inst 562 3 2386
inst 563 3 2387
inst 564 3 2528
inst 565 3 2529
inst 566 3 3078
inst 567 3 3079
inst 568 3 3457
inst 569 3 4183
inst 570 3 1640
inst 571 3 1641
inst 572 3 1642
inst 573 3 1691
inst 574 3 1692
inst 575 3 2423
inst 576 3 2424
inst 577 3 2838
inst 578 3 2832
inst 579 3 2841
inst 580 3 2843
inst 581 3 2844
inst 582 3 2845
inst 583 3 2357
inst 584 3 2358
inst 585 3 2422
inst 586 3 2833
inst 587 3 2834
inst 588 3 2835
inst 589 3 2836
inst 590 3 2837
inst 591 3 2839
inst 592 3 2840
inst 593 3 2842
inst 594 4 547
inst 595 4 548
inst 596 4 549
inst 597 4 550
inst 598 4 551
inst 599 4 552
inst 600 4 553
inst 601 4 554
inst 602 4 555
inst 603 4 556
inst 604 4 558
inst 605 4 560
inst 606 4 561
inst 607 4 563
inst 608 4 557
inst 609 4 559
inst 610 4 562
inst 611 4 564
inst 612 5 877
inst 613 5 878
inst 614 5 880
inst 615 5 884
inst 616 5 885
inst 617 5 886
inst 618 5 887
inst 619 5 889
inst 620 5 864
inst 621 5 866
inst 622 5 867
inst 623 5 868
inst 624 5 870
inst 625 5 874
inst 626 5 875
inst 627 5 869
inst 628 5 883
inst 629 5 888
inst 630 5 1368
inst 631 5 1369
inst 632 5 1373
inst 633 5 879
inst 634 5 881
inst 635 5 882
inst 636 5 1367
inst 637 5 1370
inst 638 5 1371
inst 639 5 1374
inst 640 5 1375
inst 641 5 1377
inst 642 5 1378
inst 643 5 1379
inst 644 5 842
inst 645 5 844
inst 646 5 849
inst 647 5 865
inst 648 5 871
inst 649 5 872
inst 650 5 873
inst 651 5 876
inst 652 5 855
inst 653 5 856
inst 654 5 839
inst 655 5 850
inst 656 5 838
inst 657 5 840
inst 658 5 841
inst 659 5 843
inst 660 5 846
inst 661 5 851
inst 662 5 853
inst 663 5 845
inst 664 5 848
inst 665 5 854
inst 666 5 857
inst 667 5 862
inst 668 5 847
inst 669 5 1316
inst 670 5 852
inst 671 5 858
inst 672 5 859
inst 673 5 860
inst 674 5 861
inst 675 5 863
inst 676 5 1380
inst 677 5 1381
inst 678 5 1382
inst 679 5 1383
inst 680 5 1384
inst 681 5 1386
inst 682 5 1391
inst 683 5 1392
inst 684 5 702
inst 685 5 1376
inst 686 5 1389
inst 687 5 1372
inst 688 5 1385
inst 689 5 1387
inst 690 5 1388
inst 691 5 1390
inst 692 5 708
inst 693 5 709
inst 694 5 710
inst 695 5 715
inst 696 5 716
inst 697 5 717
inst 698 5 718
inst 699 5 720
inst 700 5 704
inst 701 5 713
inst 702 5 714
inst 703 5 703
inst 704 5 705
inst 705 5 711
inst 706 5 712
inst 707 5 719
inst 708 5 730
inst 709 5 1322
inst 710 5 1323
inst 711 5 1324
inst 712 5 1325
inst 713 5 1327
inst 714 5 696
inst 715 5 707
inst 716 5 699
inst 717 5 675
inst 718 5 680
inst 719 5 697
inst 720 5 701
inst 721 5 706
inst 722 5 695
inst 723 5 698
inst 724 5 676
inst 725 5 677
inst 726 5 678
inst 727 5 679
inst 728 5 691
inst 729 5 700
inst 730 5 670
inst 731 5 681
inst 732 5 674
inst 733 5 689
inst 734 5 692
inst 735 5 673
inst 736 5 690
inst 737 5 669
inst 738 5 671
inst 739 5 672
inst 740 5 735
inst 741 5 736
inst 742 5 738
inst 743 5 740
inst 744 5 745
inst 745 5 755
inst 746 5 756
inst 747 5 1355
inst 748 5 747
inst 749 5 748
inst 750 5 749
inst 751 5 750
inst 752 5 751
inst 753 5 754
inst 754 5 757
inst 755 5 759
inst 756 5 761
inst 757 5 767
inst 758 5 768
inst 759 5 769
inst 760 5 770
inst 761 5 772
inst 762 5 753
inst 763 5 758
inst 764 5 764
inst 765 5 765
inst 766 5 766
inst 767 5 771
inst 768 5 760
inst 769 5 762
inst 770 5 763
inst 771 5 752
inst 772 5 744
inst 773 5 741
inst 774 5 734
inst 775 5 737
inst 776 5 739
inst 777 5 746
inst 778 5 1362
inst 779 5 1363
inst 780 5 1354
inst 781 5 1356
inst 782 5 1357
inst 783 5 1358
inst 784 5 1360
inst 785 5 1366
inst 786 5 1361
inst 787 5 1364
inst 788 5 1342
inst 789 5 1345
inst 790 5 1347
inst 791 5 1352
inst 792 5 1359
inst 793 5 743
inst 794 5 1365
inst 795 5 742
inst 796 5 1321
inst 797 5 1348
inst 798 5 1351
inst 799 5 1341
inst 800 5 1343
inst 801 5 1344
inst 802 5 1346
inst 803 5 1353
inst 804 5 1319
inst 805 5 1320
inst 806 5 1332
inst 807 5 1333
inst 808 5 1315
inst 809 5 1318
inst 810 5 1326
inst 811 5 1317
inst 812 5 722
inst 813 5 723
inst 814 5 725
inst 815 5 727
inst 816 5 732
inst 817 5 1330
inst 818 5 1334
inst 819 5 1339
inst 820 5 731
inst 821 5 683
inst 822 5 728
inst 823 5 729
inst 824 5 721
inst 825 5 724
inst 826 5 726
inst 827 5 733
inst 828 5 686
inst 829 5 687
inst 830 5 688
inst 831 5 693
inst 832 5 682
inst 833 5 685
inst 834 5 684
inst 835 5 694
inst 836 5 1335
inst 837 5 1336
inst 838 5 1337
inst 839 5 1338
inst 840 5 1328
inst 841 5 1329
inst 842 5 1331
inst 843 5 1340
inst 844 5 610
inst 845 5 657
inst 846 5 658
inst 847 5 660
inst 848 5 662
inst 849 5 667
inst 850 5 1350
inst 851 5 1349
inst 852 5 663
inst 853 5 664
inst 854 5 665
inst 855 5 666
inst 856 5 656
inst 857 5 659
inst 858 5 661
inst 859 5 668
inst 860 5 604
inst 861 5 612
inst 862 5 608
inst 863 5 615
inst 864 5 605
inst 865 5 611
inst 866 5 616
inst 867 5 606
inst 868 5 792
inst 869 5 802
inst 870 5 803
inst 871 5 804
inst 872 5 806
inst 873 5 807
inst 874 5 808
inst 875 5 809
inst 876 5 786
inst 877 5 787
inst 878 5 789
inst 879 5 790
inst 880 5 798
inst 881 5 788
inst 882 5 791
inst 883 5 797
inst 884 5 781
inst 885 5 800
inst 886 5 805
inst 887 5 782
inst 888 5 799
inst 889 5 801
inst 890 5 810
inst 891 5 811
inst 892 5 773
inst 893 5 774
inst 894 5 785
inst 895 5 816
inst 896 5 817
inst 897 5 818
inst 898 5 780
inst 899 5 783
inst 900 5 777
inst 901 5 779
inst 902 5 794
inst 903 5 795
inst 904 5 776
inst 905 5 778
inst 906 5 793
inst 907 5 796
inst 908 5 812
inst 909 5 813
inst 910 5 822
inst 911 5 814
inst 912 5 815
inst 913 5 823
inst 914 5 784
inst 915 5 775
inst 916 5 827
inst 917 5 829
inst 918 5 831
inst 919 5 836
inst 920 5 819
inst 921 5 820
inst 922 5 821
inst 923 5 824
inst 924 5 832
inst 925 5 833
inst 926 5 835
inst 927 5 837
inst 928 5 825
inst 929 5 826
inst 930 5 828
inst 931 5 830
inst 932 5 619
inst 933 5 620
inst 934 5 621
inst 935 5 622
inst 936 5 623
inst 937 5 628
inst 938 5 639
inst 939 5 834
inst 940 5 624
inst 941 5 627
inst 942 5 637
inst 943 5 640
inst 944 5 617
inst 945 5 618
inst 946 5 629
inst 947 5 638
inst 948 5 626
inst 949 5 644
inst 950 5 645
inst 951 5 647
inst 952 5 649
inst 953 5 654
inst 954 5 625
inst 955 5 635
inst 956 5 630
inst 957 5 631
inst 958 5 632
inst 959 5 633
inst 960 5 642
inst 961 5 634
inst 962 5 636
inst 963 5 641
inst 964 5 566
inst 965 5 572
inst 966 5 573
inst 967 5 574
inst 968 5 575
inst 969 5 577
inst 970 5 582
inst 971 5 583
inst 972 5 569
inst 973 5 570
inst 974 5 584
inst 975 5 565
inst 976 5 567
inst 977 5 568
inst 978 5 580
inst 979 5 589
inst 980 5 585
inst 981 5 586
inst 982 5 587
inst 983 5 588
inst 984 5 578
inst 985 5 579
inst 986 5 581
inst 987 5 590
inst 988 5 653
inst 989 5 643
inst 990 5 646
inst 991 5 648
inst 992 5 655
inst 993 5 650
inst 994 5 651
inst 995 5 652
inst 996 5 597
inst 997 5 602
inst 998 5 609
inst 999 5 607
inst 1000 5 613
inst 1001 5 614
inst 1002 5 571
inst 1003 5 576
inst 1004 5 596
inst 1005 5 598
inst 1006 5 591
inst 1007 5 592
inst 1008 5 593
inst 1009 5 594
inst 1010 5 595
inst 1011 5 603
inst 1012 5 600
inst 1013 5 599
inst 1014 5 601
inst 1015 6 1394
inst 1016 6 1418
inst 1017 6 1438
inst 1018 6 1440
inst 1019 6 1443
inst 1020 6 1444
inst 1021 6 1463
inst 1022 6 1465
inst 1023 6 1165
inst 1024 6 1185
inst 1025 6 1190
inst 1026 6 1210
inst 1027 6 1212
inst 1028 6 1413
inst 1029 6 1415
inst 1030 6 1393
inst 1031 6 1265
inst 1032 6 1285
inst 1033 6 1287
inst 1034 6 1290
inst 1035 6 1291
inst 1036 6 1310
inst 1037 6 1312
inst 1038 6 1419
inst 1039 6 1191
inst 1040 6 1215
inst 1041 6 1235
inst 1042 6 1240
inst 1043 6 1241
inst 1044 6 1260
inst 1045 6 1262
inst 1046 6 1266
inst 1047 6 1066
inst 1048 6 1090
inst 1049 6 1091
inst 1050 6 1110
inst 1051 6 1115
inst 1052 6 1135
inst 1053 6 1137
inst 1054 6 1187
inst 1055 6 1140
inst 1056 6 1141
inst 1057 6 1160
inst 1058 6 1162
inst 1059 6 1237
inst 1060 6 1216
inst 1061 6 1116
inst 1062 6 1166
inst 1063 6 1040
inst 1064 6 1041
inst 1065 6 1060
inst 1066 6 1062
inst 1067 6 1085
inst 1068 6 1112
inst 1069 6 1065
inst 1070 6 1087
inst 1071 6 960
inst 1072 6 962
inst 1073 6 965
inst 1074 6 966
inst 1075 6 1016
inst 1076 6 1037
inst 1077 6 1015
inst 1078 6 1035
inst 1079 6 915
inst 1080 6 916
inst 1081 6 987
inst 1082 6 990
inst 1083 6 991
inst 1084 6 1010
inst 1085 6 1012
inst 1086 6 985
inst 1087 6 890
inst 1088 6 891
inst 1089 6 910
inst 1090 6 912
inst 1091 6 937
inst 1092 6 940
inst 1093 6 941
inst 1094 6 935
inst 1095 7 1420
inst 1096 7 1421
inst 1097 7 1423
inst 1098 7 1431
inst 1099 7 1432
inst 1100 7 1439
inst 1101 7 1445
inst 1102 7 1446
inst 1103 7 1448
inst 1104 7 1449
inst 1105 7 1451
inst 1106 7 1456
inst 1107 7 1464
inst 1108 7 1447
inst 1109 7 1457
inst 1110 7 1462
inst 1111 7 1398
inst 1112 7 1399
inst 1113 7 1400
inst 1114 7 1401
inst 1115 7 1406
inst 1116 7 1407
inst 1117 7 1414
inst 1118 7 1416
inst 1119 7 1196
inst 1120 7 1198
inst 1121 7 1395
inst 1122 7 1396
inst 1123 7 1450
inst 1124 7 1466
inst 1125 7 1397
inst 1126 7 1412
inst 1127 7 1170
inst 1128 7 1171
inst 1129 7 1172
inst 1130 7 1178
inst 1131 7 1179
inst 1132 7 1184
inst 1133 7 1186
inst 1134 7 1188
inst 1135 7 1147
inst 1136 7 1163
inst 1137 7 1203
inst 1138 7 1173
inst 1139 7 1211
inst 1140 7 1195
inst 1141 7 1197
inst 1142 7 1213
inst 1143 7 1120
inst 1144 7 1122
inst 1145 7 1128
inst 1146 7 1136
inst 1147 7 1138
inst 1148 7 1167
inst 1149 7 1168
inst 1150 7 1169
inst 1151 7 1142
inst 1152 7 1153
inst 1153 7 1154
inst 1154 7 1145
inst 1155 7 1121
inst 1156 7 1123
inst 1157 7 1134
inst 1158 7 1161
inst 1159 7 1242
inst 1160 7 1243
inst 1161 7 1426
inst 1162 7 1422
inst 1163 7 1424
inst 1164 7 1425
inst 1165 7 1437
inst 1166 7 1441
inst 1167 7 1267
inst 1168 7 1268
inst 1169 7 1279
inst 1170 7 1286
inst 1171 7 1295
inst 1172 7 1296
inst 1173 7 1297
inst 1174 7 1313
inst 1175 7 1292
inst 1176 7 1293
inst 1177 7 1294
inst 1178 7 1303
inst 1179 7 1304
inst 1180 7 1309
inst 1181 7 1311
inst 1182 7 1298
inst 1183 7 1271
inst 1184 7 1272
inst 1185 7 1273
inst 1186 7 1269
inst 1187 7 1278
inst 1188 7 1284
inst 1189 7 1270
inst 1190 7 1288
inst 1191 7 1193
inst 1192 7 1194
inst 1193 7 1220
inst 1194 7 1221
inst 1195 7 1222
inst 1196 7 1238
inst 1197 7 1204
inst 1198 7 1209
inst 1199 7 1144
inst 1200 7 1148
inst 1201 7 1143
inst 1202 7 1146
inst 1203 7 1159
inst 1204 7 1192
inst 1205 7 1228
inst 1206 7 1236
inst 1207 7 1245
inst 1208 7 1246
inst 1209 7 1248
inst 1210 7 1244
inst 1211 7 1253
inst 1212 7 1254
inst 1213 7 1259
inst 1214 7 1261
inst 1215 7 1219
inst 1216 7 1223
inst 1217 7 1217
inst 1218 7 1218
inst 1219 7 1229
inst 1220 7 1234
inst 1221 7 1247
inst 1222 7 1263
inst 1223 7 1094
inst 1224 7 1095
inst 1225 7 1097
inst 1226 7 1109
inst 1227 7 1117
inst 1228 7 1096
inst 1229 7 1098
inst 1230 7 1113
inst 1231 7 1046
inst 1232 7 1047
inst 1233 7 1063
inst 1234 7 1092
inst 1235 7 1093
inst 1236 7 1103
inst 1237 7 1104
inst 1238 7 1111
inst 1239 7 1067
inst 1240 7 1068
inst 1241 7 1069
inst 1242 7 1079
inst 1243 7 1084
inst 1244 7 1119
inst 1245 7 1118
inst 1246 7 1129
inst 1247 7 1070
inst 1248 7 1086
inst 1249 7 1048
inst 1250 7 1071
inst 1251 7 1072
inst 1252 7 1088
inst 1253 7 1078
inst 1254 7 1073
inst 1255 7 1042
inst 1256 7 1043
inst 1257 7 1044
inst 1258 7 1053
inst 1259 7 1054
inst 1260 7 1059
inst 1261 7 1061
inst 1262 7 1045
inst 1263 7 1021
inst 1264 7 1023
inst 1265 7 1028
inst 1266 7 1029
inst 1267 7 1036
inst 1268 7 1020
inst 1269 7 1022
inst 1270 7 1038
inst 1271 7 968
inst 1272 7 970
inst 1273 7 972
inst 1274 7 978
inst 1275 7 984
inst 1276 7 988
inst 1277 7 971
inst 1278 7 973
inst 1279 7 942
inst 1280 7 953
inst 1281 7 961
inst 1282 7 1018
inst 1283 7 1019
inst 1284 7 1034
inst 1285 7 969
inst 1286 7 1017
inst 1287 7 918
inst 1288 7 919
inst 1289 7 920
inst 1290 7 921
inst 1291 7 923
inst 1292 7 934
inst 1293 7 979
inst 1294 7 986
inst 1295 7 944
inst 1296 7 959
inst 1297 7 943
inst 1298 7 917
inst 1299 7 928
inst 1300 7 929
inst 1301 7 936
inst 1302 7 967
inst 1303 7 896
inst 1304 7 898
inst 1305 7 946
inst 1306 7 947
inst 1307 7 945
inst 1308 7 963
inst 1309 7 948
inst 1310 7 954
inst 1311 7 892
inst 1312 7 893
inst 1313 7 903
inst 1314 7 904
inst 1315 7 911
inst 1316 7 894
inst 1317 7 895
inst 1318 7 909
inst 1319 7 992
inst 1320 7 993
inst 1321 7 994
inst 1322 7 998
inst 1323 7 1003
inst 1324 7 1004
inst 1325 7 1009
inst 1326 7 1011
inst 1327 7 897
inst 1328 7 913
inst 1329 7 922
inst 1330 7 938
inst 1331 7 995
inst 1332 7 996
inst 1333 7 997
inst 1334 7 1013
inst 1335 8 1427
inst 1336 8 1430
inst 1337 8 1433
inst 1338 8 1434
inst 1339 8 1435
inst 1340 8 1436
inst 1341 8 1442
inst 1342 8 1452
inst 1343 8 1454
inst 1344 8 1455
inst 1345 8 1458
inst 1346 8 1460
inst 1347 8 1461
inst 1348 8 1467
inst 1349 8 1453
inst 1350 8 1459
inst 1351 8 1404
inst 1352 8 1405
inst 1353 8 1408
inst 1354 8 1410
inst 1355 8 1411
inst 1356 8 1417
inst 1357 8 1402
inst 1358 8 1403
inst 1359 8 1189
inst 1360 8 1199
inst 1361 8 1200
inst 1362 8 1201
inst 1363 8 1207
inst 1364 8 1208
inst 1365 8 1214
inst 1366 8 1409
inst 1367 8 1277
inst 1368 8 1280
inst 1369 8 1301
inst 1370 8 1307
inst 1371 8 1308
inst 1372 8 1314
inst 1373 8 1428
inst 1374 8 1429
inst 1375 8 1289
inst 1376 8 1305
inst 1377 8 1306
inst 1378 8 1282
inst 1379 8 1283
inst 1380 8 1299
inst 1381 8 1300
inst 1382 8 1302
inst 1383 8 1225
inst 1384 8 1226
inst 1385 8 1239
inst 1386 8 1249
inst 1387 8 1250
inst 1388 8 1251
inst 1389 8 1256
inst 1390 8 1264
inst 1391 8 1274
inst 1392 8 1275
inst 1393 8 1276
inst 1394 8 1281
inst 1395 8 1252
inst 1396 8 1255
inst 1397 8 1257
inst 1398 8 1258
inst 1399 8 1158
inst 1400 8 1174
inst 1401 8 1175
inst 1402 8 1177
inst 1403 8 1180
inst 1404 8 1176
inst 1405 8 1182
inst 1406 8 1183
inst 1407 8 1125
inst 1408 8 1126
inst 1409 8 1127
inst 1410 8 1132
inst 1411 8 1133
inst 1412 8 1139
inst 1413 8 1157
inst 1414 8 1181
inst 1415 8 1151
inst 1416 8 1156
inst 1417 8 1202
inst 1418 8 1205
inst 1419 8 1206
inst 1420 8 1152
inst 1421 8 1155
inst 1422 8 1164
inst 1423 8 1227
inst 1424 8 1230
inst 1425 8 1231
inst 1426 8 1224
inst 1427 8 1232
inst 1428 8 1149
inst 1429 8 1150
inst 1430 8 1233
inst 1431 8 1100
inst 1432 8 1101
inst 1433 8 1102
inst 1434 8 1105
inst 1435 8 1106
inst 1436 8 1107
inst 1437 8 1108
inst 1438 8 1114
inst 1439 8 1074
inst 1440 8 1075
inst 1441 8 1076
inst 1442 8 1081
inst 1443 8 1131
inst 1444 8 1124
inst 1445 8 1099
inst 1446 8 1130
inst 1447 8 1033
inst 1448 8 1039
inst 1449 8 1052
inst 1450 8 1055
inst 1451 8 1056
inst 1452 8 1057
inst 1453 8 1058
inst 1454 8 1064
inst 1455 8 1049
inst 1456 8 1050
inst 1457 8 1082
inst 1458 8 1083
inst 1459 8 1089
inst 1460 8 1077
inst 1461 8 1080
inst 1462 8 1051
inst 1463 8 974
inst 1464 8 975
inst 1465 8 976
inst 1466 8 989
inst 1467 8 1027
inst 1468 8 1030
inst 1469 8 1031
inst 1470 8 1032
inst 1471 8 924
inst 1472 8 925
inst 1473 8 931
inst 1474 8 980
inst 1475 8 981
inst 1476 8 977
inst 1477 8 982
inst 1478 8 983
inst 1479 8 952
inst 1480 8 955
inst 1481 8 957
inst 1482 8 958
inst 1483 8 1024
inst 1484 8 1025
inst 1485 8 1026
inst 1486 8 956
inst 1487 8 899
inst 1488 8 900
inst 1489 8 906
inst 1490 8 950
inst 1491 8 951
inst 1492 8 902
inst 1493 8 949
inst 1494 8 964
inst 1495 8 901
inst 1496 8 926
inst 1497 8 932
inst 1498 8 933
inst 1499 8 939
inst 1500 8 1005
inst 1501 8 927
inst 1502 8 930
inst 1503 8 999
inst 1504 8 1000
inst 1505 8 1001
inst 1506 8 1014
inst 1507 8 1002
inst 1508 8 1006
inst 1509 8 1007
inst 1510 8 1008
inst 1511 8 907
inst 1512 8 908
inst 1513 8 905
inst 1514 8 914
inst 1515 9 1468
inst 1516 9 1469
inst 1517 9 1470
inst 1518 9 1471
inst 1519 10 1494
inst 1520 10 1495
inst 1521 10 1496
inst 1522 10 1497
inst 1523 10 1498
inst 1524 10 1499
inst 1525 10 1500
inst 1526 10 1507
inst 1527 10 1506
inst 1528 10 1511
inst 1529 10 1512
inst 1530 10 1513
inst 1531 10 1514
inst 1532 10 1502
inst 1533 10 1515
inst 1534 10 1516
inst 1535 10 1477
inst 1536 10 1480
inst 1537 10 1482
inst 1538 10 1483
inst 1539 10 1486
inst 1540 10 1491
inst 1541 10 1492
inst 1542 10 1493
inst 1543 10 1478
inst 1544 10 1503
inst 1545 10 1504
inst 1546 10 1505
inst 1547 10 1501
inst 1548 10 1484
inst 1549 10 1485
inst 1550 10 1487
inst 1551 10 1473
inst 1552 10 1474
inst 1553 10 1475
inst 1554 10 1488
inst 1555 10 1489
inst 1556 10 1472
inst 1557 10 1476
inst 1558 10 1481
inst 1559 10 1479
inst 1560 10 1490
inst 1561 11 1508
inst 1562 11 1509
inst 1563 11 1568
inst 1564 11 1578
inst 1565 11 1579
inst 1566 11 1580
inst 1567 11 1581
inst 1568 11 1583
inst 1569 11 1582
inst 1570 12 1510
inst 1571 13 1517
inst 1572 13 1518
inst 1573 13 1521
inst 1574 13 1545
inst 1575 13 1546
inst 1576 13 1549
inst 1577 13 1553
inst 1578 13 1559
inst 1579 13 1520
inst 1580 13 1538
inst 1581 13 1540
inst 1582 13 1556
inst 1583 13 1519
inst 1584 13 1558
inst 1585 14 1522
inst 1586 14 1534
inst 1587 14 1535
inst 1588 14 1536
inst 1589 14 1537
inst 1590 15 1523
inst 1591 15 1527
inst 1592 15 1528
inst 1593 15 1529
inst 1594 15 1530
inst 1595 15 1531
inst 1596 15 1532
inst 1597 15 1533
inst 1598 15 1526
inst 1599 15 1524
inst 1600 15 1525
inst 1601 16 1539
inst 1602 16 1551
inst 1603 16 1557
inst 1604 16 1560
inst 1605 16 1561
inst 1606 17 1541
inst 1607 17 1542
inst 1608 17 1543
inst 1609 17 1544
inst 1610 18 1547
inst 1611 18 1548
inst 1612 18 1550
inst 1613 18 1552
inst 1614 18 1563
inst 1615 18 1564
inst 1616 18 1565
inst 1617 18 1567
inst 1618 18 1554
inst 1619 18 1555
inst 1620 18 1562
inst 1621 18 1566
inst 1622 19 1569
inst 1623 19 1570
inst 1624 19 1571
inst 1625 19 1572
inst 1626 19 1573
inst 1627 19 1574
inst 1628 19 1575
inst 1629 19 1576
inst 1630 19 1577
inst 1631 20 3048
inst 1632 20 3092
inst 1633 20 3764
inst 1634 20 4136
inst 1635 20 4137
inst 1636 20 4138
inst 1637 20 4139
inst 1638 20 4322
inst 1639 20 3090
inst 1640 20 3091
inst 1641 20 3095
inst 1642 20 3100
inst 1643 20 3101
inst 1644 20 3102
inst 1645 20 3086
inst 1646 20 3087
inst 1647 20 3067
inst 1648 20 3068
inst 1649 20 3070
inst 1650 20 3071
inst 1651 20 3072
inst 1652 20 3075
inst 1653 20 3088
inst 1654 20 4140
inst 1655 20 1614
inst 1656 20 3045
inst 1657 20 4141
inst 1658 20 3042
inst 1659 20 3055
inst 1660 20 3058
inst 1661 20 3059
inst 1662 20 3069
inst 1663 20 3089
inst 1664 20 3096
inst 1665 20 3098
inst 1666 20 3103
inst 1667 20 3105
inst 1668 20 3094
inst 1669 20 3097
inst 1670 20 3099
inst 1671 20 3104
inst 1672 20 3253
inst 1673 20 3254
inst 1674 20 3255
inst 1675 20 4116
inst 1676 20 4117
inst 1677 20 3093
inst 1678 20 3830
inst 1679 20 4100
inst 1680 20 4101
inst 1681 20 4111
inst 1682 20 4113
inst 1683 20 4114
inst 1684 20 4115
inst 1685 20 4110
inst 1686 20 4112
inst 1687 20 3448
inst 1688 20 3449
inst 1689 20 4124
inst 1690 20 4125
inst 1691 20 4164
inst 1692 20 4166
inst 1693 20 4167
inst 1694 20 4126
inst 1695 20 3256
inst 1696 20 3257
inst 1697 20 3259
inst 1698 20 3260
inst 1699 20 3261
inst 1700 20 4120
inst 1701 20 3258
inst 1702 20 4121
inst 1703 20 3470
inst 1704 20 3471
inst 1705 20 4108
inst 1706 20 4129
inst 1707 20 4118
inst 1708 20 4119
inst 1709 20 4122
inst 1710 20 4123
inst 1711 20 4104
inst 1712 20 4105
inst 1713 20 4127
inst 1714 20 4128
inst 1715 20 3249
inst 1716 20 4102
inst 1717 20 4103
inst 1718 20 4109
inst 1719 20 3251
inst 1720 20 4094
inst 1721 20 4099
inst 1722 20 4177
inst 1723 20 4179
inst 1724 20 3467
inst 1725 20 4096
inst 1726 20 4098
inst 1727 20 3290
inst 1728 20 3292
inst 1729 20 3294
inst 1730 20 3295
inst 1731 20 3296
inst 1732 20 3297
inst 1733 20 4107
inst 1734 20 4106
inst 1735 20 4090
inst 1736 20 4091
inst 1737 20 4092
inst 1738 20 4093
inst 1739 20 4095
inst 1740 20 4097
inst 1741 20 3289
inst 1742 20 3291
inst 1743 20 4082
inst 1744 20 4083
inst 1745 20 4084
inst 1746 20 4085
inst 1747 20 4086
inst 1748 20 4087
inst 1749 20 4165
inst 1750 20 3293
inst 1751 20 4168
inst 1752 20 4169
inst 1753 20 4170
inst 1754 20 4171
inst 1755 20 4172
inst 1756 20 4173
inst 1757 20 4088
inst 1758 20 4089
inst 1759 20 2871
inst 1760 20 2883
inst 1761 20 3001
inst 1762 20 3391
inst 1763 20 3392
inst 1764 20 3393
inst 1765 20 3394
inst 1766 20 3395
inst 1767 20 2886
inst 1768 20 2922
inst 1769 20 2948
inst 1770 20 3003
inst 1771 20 3004
inst 1772 20 2854
inst 1773 20 2880
inst 1774 20 3002
inst 1775 20 1607
inst 1776 20 1608
inst 1777 20 1609
inst 1778 20 1610
inst 1779 20 1611
inst 1780 20 1612
inst 1781 20 1613
inst 1782 20 1616
inst 1783 20 2938
inst 1784 20 2949
inst 1785 20 3859
inst 1786 20 4175
inst 1787 20 4176
inst 1788 20 3858
inst 1789 20 3860
inst 1790 20 1606
inst 1791 20 2861
inst 1792 20 2862
inst 1793 20 2874
inst 1794 20 2877
inst 1795 20 2997
inst 1796 20 2998
inst 1797 20 2999
inst 1798 20 3000
inst 1799 20 2894
inst 1800 20 2897
inst 1801 20 2900
inst 1802 20 2903
inst 1803 20 2918
inst 1804 20 4359
inst 1805 20 4362
inst 1806 20 2917
inst 1807 20 2906
inst 1808 20 2909
inst 1809 20 2919
inst 1810 20 2920
inst 1811 20 2921
inst 1812 20 2857
inst 1813 20 2916
inst 1814 20 2860
inst 1815 20 2932
inst 1816 20 2935
inst 1817 20 2951
inst 1818 20 2954
inst 1819 20 2950
inst 1820 20 2957
inst 1821 20 3873
inst 1822 20 3005
inst 1823 20 1584
inst 1824 20 1586
inst 1825 20 1587
inst 1826 20 1588
inst 1827 20 1596
inst 1828 20 1597
inst 1829 20 1605
inst 1830 20 1615
inst 1831 20 3277
inst 1832 20 3278
inst 1833 20 3279
inst 1834 20 3280
inst 1835 20 3447
inst 1836 20 3450
inst 1837 20 1585
inst 1838 20 1589
inst 1839 20 1590
inst 1840 20 1592
inst 1841 20 1594
inst 1842 20 1599
inst 1843 20 1600
inst 1844 20 1603
inst 1845 20 1598
inst 1846 20 3446
inst 1847 20 1604
inst 1848 20 3909
inst 1849 20 3961
inst 1850 20 1591
inst 1851 20 1593
inst 1852 20 1595
inst 1853 20 1601
inst 1854 20 1602
inst 1855 20 2979
inst 1856 20 2982
inst 1857 20 3011
inst 1858 20 3014
inst 1859 20 3017
inst 1860 20 3039
inst 1861 20 3898
inst 1862 20 3899
inst 1863 20 3020
inst 1864 20 3040
inst 1865 20 3907
inst 1866 20 3908
inst 1867 20 3910
inst 1868 20 3038
inst 1869 20 3897
inst 1870 20 3900
inst 1871 20 3007
inst 1872 20 3923
inst 1873 20 3929
inst 1874 20 3993
inst 1875 20 4019
inst 1876 20 3008
inst 1877 20 3916
inst 1878 20 3921
inst 1879 20 3937
inst 1880 20 3945
inst 1881 20 3953
inst 1882 20 3969
inst 1883 20 3977
inst 1884 20 3985
inst 1885 20 4015
inst 1886 20 4018
inst 1887 20 3265
inst 1888 20 3266
inst 1889 20 3267
inst 1890 20 3269
inst 1891 20 3469
inst 1892 20 3250
inst 1893 20 3252
inst 1894 20 3468
inst 1895 20 3264
inst 1896 20 3270
inst 1897 20 3271
inst 1898 20 3272
inst 1899 20 3273
inst 1900 20 3285
inst 1901 20 3268
inst 1902 20 3286
inst 1903 20 3282
inst 1904 20 3283
inst 1905 20 3284
inst 1906 20 3287
inst 1907 20 3288
inst 1908 20 4081
inst 1909 20 3262
inst 1910 20 3263
inst 1911 20 4070
inst 1912 20 4071
inst 1913 20 4072
inst 1914 20 4073
inst 1915 20 4074
inst 1916 20 4076
inst 1917 20 4077
inst 1918 20 4080
inst 1919 20 3274
inst 1920 20 3275
inst 1921 20 3276
inst 1922 20 3281
inst 1923 20 4075
inst 1924 20 4078
inst 1925 20 4079
inst 1926 21 4258
inst 1927 21 4260
inst 1928 21 4261
inst 1929 21 4262
inst 1930 21 4268
inst 1931 21 4270
inst 1932 21 4283
inst 1933 21 4284
inst 1934 21 4191
inst 1935 21 4212
inst 1936 21 4216
inst 1937 21 4217
inst 1938 21 4257
inst 1939 21 4317
inst 1940 21 4186
inst 1941 21 4192
inst 1942 21 4184
inst 1943 21 4187
inst 1944 21 4188
inst 1945 21 4189
inst 1946 21 4211
inst 1947 21 4292
inst 1948 21 4295
inst 1949 21 4321
inst 1950 21 4023
inst 1951 21 4214
inst 1952 21 4215
inst 1953 21 4224
inst 1954 21 4225
inst 1955 21 4024
inst 1956 21 4185
inst 1957 21 4190
inst 1958 21 2334
inst 1959 21 2335
inst 1960 21 4131
inst 1961 21 4133
inst 1962 21 4134
inst 1963 21 4135
inst 1964 21 4293
inst 1965 21 4294
inst 1966 21 2336
inst 1967 21 3119
inst 1968 21 4031
inst 1969 21 4032
inst 1970 21 4162
inst 1971 21 2330
inst 1972 21 4130
inst 1973 21 4161
inst 1974 21 2331
inst 1975 21 2332
inst 1976 21 2435
inst 1977 21 2437
inst 1978 21 4037
inst 1979 21 4042
inst 1980 21 2333
inst 1981 21 4022
inst 1982 21 4029
inst 1983 21 4030
inst 1984 21 2338
inst 1985 21 4028
inst 1986 21 2432
inst 1987 21 4027
inst 1988 21 4036
inst 1989 21 2337
inst 1990 21 4259
inst 1991 21 4263
inst 1992 21 4265
inst 1993 21 4271
inst 1994 21 4272
inst 1995 21 4289
inst 1996 21 4290
inst 1997 21 4269
inst 1998 21 2436
inst 1999 21 3761
inst 2000 21 3768
inst 2001 21 4040
inst 2002 21 2433
inst 2003 21 4038
inst 2004 21 4213
inst 2005 21 4218
inst 2006 21 3081
inst 2007 21 3082
inst 2008 21 3759
inst 2009 21 3760
inst 2010 21 3762
inst 2011 21 3763
inst 2012 21 3080
inst 2013 21 3765
inst 2014 21 3084
inst 2015 21 3756
inst 2016 21 3833
inst 2017 21 3073
inst 2018 21 3076
inst 2019 21 3083
inst 2020 21 3085
inst 2021 21 3757
inst 2022 21 3043
inst 2023 21 3046
inst 2024 21 3049
inst 2025 21 3766
inst 2026 21 3769
inst 2027 21 3771
inst 2028 21 2434
inst 2029 21 3770
inst 2030 21 3065
inst 2031 21 3438
inst 2032 21 3439
inst 2033 21 3064
inst 2034 21 3066
inst 2035 21 3054
inst 2036 21 3056
inst 2037 21 3767
inst 2038 21 3203
inst 2039 21 3436
inst 2040 21 3440
inst 2041 21 3455
inst 2042 21 3456
inst 2043 21 3458
inst 2044 21 3459
inst 2045 21 3454
inst 2046 21 3360
inst 2047 21 3361
inst 2048 21 3543
inst 2049 21 3545
inst 2050 21 3437
inst 2051 21 3451
inst 2052 21 3452
inst 2053 21 3453
inst 2054 21 3120
inst 2055 21 3194
inst 2056 21 3475
inst 2057 21 3478
inst 2058 21 3485
inst 2059 21 3192
inst 2060 21 3193
inst 2061 21 3481
inst 2062 21 3195
inst 2063 21 3196
inst 2064 21 3197
inst 2065 21 3480
inst 2066 21 3834
inst 2067 21 3473
inst 2068 21 3474
inst 2069 21 3482
inst 2070 21 3552
inst 2071 21 3553
inst 2072 21 3564
inst 2073 21 3565
inst 2074 21 3566
inst 2075 21 3554
inst 2076 21 3557
inst 2077 21 3567
inst 2078 21 3201
inst 2079 21 3202
inst 2080 21 3630
inst 2081 21 3777
inst 2082 21 3778
inst 2083 21 3779
inst 2084 21 3776
inst 2085 21 3563
inst 2086 21 3123
inst 2087 21 3124
inst 2088 21 3125
inst 2089 21 3198
inst 2090 21 3199
inst 2091 21 3121
inst 2092 21 3122
inst 2093 21 3200
inst 2094 21 3126
inst 2095 21 3127
inst 2096 21 3128
inst 2097 21 3134
inst 2098 21 3488
inst 2099 21 3489
inst 2100 21 3492
inst 2101 21 3129
inst 2102 21 3559
inst 2103 21 3560
inst 2104 21 3558
inst 2105 21 3130
inst 2106 21 3131
inst 2107 21 3132
inst 2108 21 3133
inst 2109 21 3487
inst 2110 21 3463
inst 2111 21 3464
inst 2112 21 3465
inst 2113 21 3466
inst 2114 21 3496
inst 2115 21 3499
inst 2116 21 3494
inst 2117 21 3495
inst 2118 21 3550
inst 2119 21 3631
inst 2120 21 3634
inst 2121 21 3635
inst 2122 21 3640
inst 2123 21 3359
inst 2124 21 3548
inst 2125 21 3544
inst 2126 21 3206
inst 2127 21 3208
inst 2128 21 3339
inst 2129 21 3536
inst 2130 21 3639
inst 2131 21 3338
inst 2132 21 3337
inst 2133 21 3636
inst 2134 21 3204
inst 2135 21 3205
inst 2136 21 3541
inst 2137 21 3713
inst 2138 21 3207
inst 2139 21 3537
inst 2140 21 3538
inst 2141 21 3632
inst 2142 21 3461
inst 2143 21 3462
inst 2144 21 3561
inst 2145 21 3562
inst 2146 21 3627
inst 2147 21 3715
inst 2148 21 3712
inst 2149 21 3714
inst 2150 21 3136
inst 2151 21 3137
inst 2152 21 3503
inst 2153 21 3506
inst 2154 21 4178
inst 2155 21 3502
inst 2156 21 3460
inst 2157 21 3501
inst 2158 21 3138
inst 2159 21 3139
inst 2160 21 3334
inst 2161 21 3508
inst 2162 21 3135
inst 2163 21 3509
inst 2164 21 3510
inst 2165 21 3513
inst 2166 21 3143
inst 2167 21 3389
inst 2168 21 3520
inst 2169 21 3140
inst 2170 21 3335
inst 2171 21 3336
inst 2172 21 3388
inst 2173 21 3390
inst 2174 21 3385
inst 2175 21 3386
inst 2176 21 3387
inst 2177 21 3515
inst 2178 21 3516
inst 2179 21 3517
inst 2180 21 3628
inst 2181 21 3629
inst 2182 21 3210
inst 2183 21 3212
inst 2184 21 3362
inst 2185 21 3363
inst 2186 21 3364
inst 2187 21 3648
inst 2188 21 3649
inst 2189 21 3209
inst 2190 21 3613
inst 2191 21 3614
inst 2192 21 3615
inst 2193 21 3621
inst 2194 21 3644
inst 2195 21 3647
inst 2196 21 3642
inst 2197 21 3643
inst 2198 21 3527
inst 2199 21 3529
inst 2200 21 3531
inst 2201 21 3625
inst 2202 21 3626
inst 2203 21 3534
inst 2204 21 3211
inst 2205 21 3530
inst 2206 21 3619
inst 2207 21 3620
inst 2208 21 3624
inst 2209 21 3706
inst 2210 21 3707
inst 2211 21 3618
inst 2212 21 3215
inst 2213 21 3523
inst 2214 21 3365
inst 2215 21 3590
inst 2216 21 3592
inst 2217 21 3595
inst 2218 21 3597
inst 2219 21 3598
inst 2220 21 3599
inst 2221 21 3602
inst 2222 21 3366
inst 2223 21 3686
inst 2224 21 3690
inst 2225 21 4180
inst 2226 21 4181
inst 2227 21 3591
inst 2228 21 3685
inst 2229 21 3687
inst 2230 21 3606
inst 2231 21 3609
inst 2232 21 3610
inst 2233 21 3611
inst 2234 21 3617
inst 2235 21 3612
inst 2236 21 3705
inst 2237 21 3605
inst 2238 21 3225
inst 2239 21 3226
inst 2240 21 3227
inst 2241 21 3709
inst 2242 21 3710
inst 2243 21 3711
inst 2244 21 3616
inst 2245 21 3604
inst 2246 21 3213
inst 2247 21 3216
inst 2248 21 3218
inst 2249 21 3522
inst 2250 21 3214
inst 2251 21 3217
inst 2252 21 3524
inst 2253 21 3622
inst 2254 21 3156
inst 2255 21 3158
inst 2256 21 3701
inst 2257 21 3704
inst 2258 21 3708
inst 2259 21 3699
inst 2260 21 3700
inst 2261 21 3623
inst 2262 21 3144
inst 2263 21 3145
inst 2264 21 3146
inst 2265 21 3152
inst 2266 21 3846
inst 2267 21 3847
inst 2268 21 3141
inst 2269 21 3142
inst 2270 21 3155
inst 2271 21 3159
inst 2272 21 3161
inst 2273 21 3164
inst 2274 21 3157
inst 2275 21 3160
inst 2276 21 3153
inst 2277 21 3154
inst 2278 21 3147
inst 2279 21 3148
inst 2280 21 3149
inst 2281 21 3150
inst 2282 21 3151
inst 2283 21 3651
inst 2284 21 3848
inst 2285 21 3851
inst 2286 21 3237
inst 2287 21 3238
inst 2288 21 3239
inst 2289 21 3240
inst 2290 21 3162
inst 2291 21 3652
inst 2292 21 3655
inst 2293 21 3163
inst 2294 21 3165
inst 2295 21 3167
inst 2296 21 3664
inst 2297 21 3665
inst 2298 21 3666
inst 2299 21 3669
inst 2300 21 3166
inst 2301 21 3241
inst 2302 21 3243
inst 2303 21 3659
inst 2304 21 3662
inst 2305 21 3242
inst 2306 21 3244
inst 2307 21 3245
inst 2308 21 3657
inst 2309 21 3658
inst 2310 21 1617
inst 2311 21 3441
inst 2312 21 3442
inst 2313 21 3443
inst 2314 21 3692
inst 2315 21 3694
inst 2316 21 3367
inst 2317 21 3693
inst 2318 21 3220
inst 2319 21 3221
inst 2320 21 3222
inst 2321 21 3223
inst 2322 21 3219
inst 2323 21 3224
inst 2324 21 1618
inst 2325 21 3697
inst 2326 21 1619
inst 2327 21 1620
inst 2328 21 3370
inst 2329 21 3444
inst 2330 21 3445
inst 2331 21 3569
inst 2332 21 3570
inst 2333 21 3571
inst 2334 21 3576
inst 2335 21 3578
inst 2336 21 3581
inst 2337 21 3584
inst 2338 21 3755
inst 2339 21 3585
inst 2340 21 3588
inst 2341 21 3574
inst 2342 21 3177
inst 2343 21 3178
inst 2344 21 3179
inst 2345 21 3678
inst 2346 21 3680
inst 2347 21 3683
inst 2348 21 3577
inst 2349 21 3583
inst 2350 21 3173
inst 2351 21 3176
inst 2352 21 3673
inst 2353 21 3748
inst 2354 21 3171
inst 2355 21 3172
inst 2356 21 3676
inst 2357 21 3679
inst 2358 21 3181
inst 2359 21 3182
inst 2360 21 3228
inst 2361 21 3233
inst 2362 21 3235
inst 2363 21 3236
inst 2364 21 3671
inst 2365 21 3672
inst 2366 21 3183
inst 2367 21 3184
inst 2368 21 3185
inst 2369 21 3230
inst 2370 21 3231
inst 2371 21 3232
inst 2372 21 3180
inst 2373 21 3229
inst 2374 21 3169
inst 2375 21 3170
inst 2376 21 3746
inst 2377 21 3747
inst 2378 21 3749
inst 2379 21 3174
inst 2380 21 3175
inst 2381 21 3750
inst 2382 21 4063
inst 2383 21 4064
inst 2384 21 4065
inst 2385 21 4066
inst 2386 21 4067
inst 2387 21 4068
inst 2388 21 4069
inst 2389 21 3168
inst 2390 21 3247
inst 2391 21 3248
inst 2392 21 3751
inst 2393 21 3752
inst 2394 21 3753
inst 2395 21 4059
inst 2396 21 4060
inst 2397 21 3754
inst 2398 21 4046
inst 2399 21 4052
inst 2400 21 4053
inst 2401 21 4054
inst 2402 21 4061
inst 2403 21 4062
inst 2404 21 4057
inst 2405 21 4058
inst 2406 21 3725
inst 2407 21 3729
inst 2408 21 3739
inst 2409 21 3743
inst 2410 21 3744
inst 2411 21 3745
inst 2412 21 3234
inst 2413 21 3246
inst 2414 21 3740
inst 2415 21 3741
inst 2416 21 3742
inst 2417 21 4045
inst 2418 21 4047
inst 2419 21 4050
inst 2420 21 3724
inst 2421 21 3726
inst 2422 21 3188
inst 2423 21 3190
inst 2424 21 3732
inst 2425 21 3736
inst 2426 21 3737
inst 2427 21 3186
inst 2428 21 3738
inst 2429 21 3187
inst 2430 21 3717
inst 2431 21 3718
inst 2432 21 3719
inst 2433 21 3722
inst 2434 21 3731
inst 2435 21 3189
inst 2436 21 3191
inst 2437 21 3733
inst 2438 21 2864
inst 2439 21 2865
inst 2440 21 2870
inst 2441 21 2872
inst 2442 21 2875
inst 2443 21 2884
inst 2444 21 2890
inst 2445 21 4386
inst 2446 21 2878
inst 2447 21 2891
inst 2448 21 2892
inst 2449 21 2901
inst 2450 21 4381
inst 2451 21 2867
inst 2452 21 2868
inst 2453 21 2869
inst 2454 21 2895
inst 2455 21 2898
inst 2456 21 4344
inst 2457 21 4347
inst 2458 21 4360
inst 2459 21 2893
inst 2460 21 2904
inst 2461 21 4384
inst 2462 21 4363
inst 2463 21 4365
inst 2464 21 4366
inst 2465 21 4367
inst 2466 21 4368
inst 2467 21 4369
inst 2468 21 4349
inst 2469 21 4352
inst 2470 21 2858
inst 2471 21 2863
inst 2472 21 2887
inst 2473 21 2913
inst 2474 21 2855
inst 2475 21 2866
inst 2476 21 2881
inst 2477 21 2889
inst 2478 21 4334
inst 2479 21 4357
inst 2480 21 4375
inst 2481 21 4378
inst 2482 21 4339
inst 2483 21 4354
inst 2484 21 2915
inst 2485 21 4342
inst 2486 21 2910
inst 2487 21 2914
inst 2488 21 2927
inst 2489 21 2928
inst 2490 21 2929
inst 2491 21 2907
inst 2492 21 2912
inst 2493 21 4337
inst 2494 21 2930
inst 2495 21 2931
inst 2496 21 2947
inst 2497 21 2988
inst 2498 21 2923
inst 2499 21 2925
inst 2500 21 2926
inst 2501 21 3864
inst 2502 21 2939
inst 2503 21 2960
inst 2504 21 2961
inst 2505 21 2962
inst 2506 21 2963
inst 2507 21 2987
inst 2508 21 2990
inst 2509 21 2989
inst 2510 21 2936
inst 2511 21 2952
inst 2512 21 2933
inst 2513 21 2944
inst 2514 21 2945
inst 2515 21 2958
inst 2516 21 3874
inst 2517 21 2946
inst 2518 21 2973
inst 2519 21 2974
inst 2520 21 2975
inst 2521 21 2976
inst 2522 21 2977
inst 2523 21 2986
inst 2524 21 2955
inst 2525 21 2972
inst 2526 21 3032
inst 2527 21 3034
inst 2528 21 3036
inst 2529 21 2978
inst 2530 21 2980
inst 2531 21 2983
inst 2532 21 2985
inst 2533 21 3889
inst 2534 21 3024
inst 2535 21 3026
inst 2536 21 3896
inst 2537 21 3906
inst 2538 21 3031
inst 2539 21 3030
inst 2540 21 3895
inst 2541 21 3905
inst 2542 21 3006
inst 2543 21 3028
inst 2544 21 3029
inst 2545 21 3033
inst 2546 21 3904
inst 2547 21 3911
inst 2548 21 3025
inst 2549 21 3027
inst 2550 21 3018
inst 2551 21 3021
inst 2552 21 3023
inst 2553 21 3901
inst 2554 21 3012
inst 2555 21 3015
inst 2556 21 3035
inst 2557 21 3915
inst 2558 21 3037
inst 2559 21 3912
inst 2560 21 3917
inst 2561 21 3992
inst 2562 21 3009
inst 2563 21 3920
inst 2564 21 3913
inst 2565 21 3914
inst 2566 21 4009
inst 2567 21 4010
inst 2568 21 4011
inst 2569 21 4013
inst 2570 21 4014
inst 2571 21 4016
inst 2572 21 3041
inst 2573 21 4001
inst 2574 21 3956
inst 2575 21 3957
inst 2576 21 3960
inst 2577 21 3967
inst 2578 21 4002
inst 2579 21 4003
inst 2580 21 3962
inst 2581 21 4008
inst 2582 21 3925
inst 2583 21 3930
inst 2584 21 3988
inst 2585 21 3989
inst 2586 21 3994
inst 2587 21 3922
inst 2588 21 3991
inst 2589 21 4000
inst 2590 21 3928
inst 2591 21 3932
inst 2592 21 3933
inst 2593 21 3935
inst 2594 21 3936
inst 2595 21 3944
inst 2596 21 3924
inst 2597 21 3927
inst 2598 21 3965
inst 2599 21 3970
inst 2600 21 3973
inst 2601 21 3978
inst 2602 21 4005
inst 2603 21 3959
inst 2604 21 3964
inst 2605 21 3968
inst 2606 21 3976
inst 2607 21 3980
inst 2608 21 3981
inst 2609 21 3983
inst 2610 21 3984
inst 2611 21 3986
inst 2612 21 3972
inst 2613 21 3975
inst 2614 21 3940
inst 2615 21 3941
inst 2616 21 3946
inst 2617 21 3949
inst 2618 21 3954
inst 2619 21 3938
inst 2620 21 3943
inst 2621 21 4004
inst 2622 21 3952
inst 2623 21 4006
inst 2624 21 4007
inst 2625 21 3948
inst 2626 21 3951
inst 2627 22 2038
inst 2628 22 2053
inst 2629 22 2055
inst 2630 22 2311
inst 2631 22 2313
inst 2632 22 2314
inst 2633 22 2315
inst 2634 22 2321
inst 2635 22 2316
inst 2636 22 2318
inst 2637 22 2322
inst 2638 22 4151
inst 2639 22 4152
inst 2640 22 4154
inst 2641 22 4155
inst 2642 22 4159
inst 2643 22 2324
inst 2644 22 2329
inst 2645 22 2312
inst 2646 22 2317
inst 2647 22 2319
inst 2648 22 4148
inst 2649 22 4150
inst 2650 22 4153
inst 2651 22 2059
inst 2652 22 4145
inst 2653 22 4157
inst 2654 22 4143
inst 2655 22 4147
inst 2656 22 4149
inst 2657 22 4158
inst 2658 22 4160
inst 2659 22 2040
inst 2660 22 2041
inst 2661 22 2042
inst 2662 22 2043
inst 2663 22 2044
inst 2664 22 2045
inst 2665 22 2046
inst 2666 22 2037
inst 2667 22 2047
inst 2668 22 2049
inst 2669 22 2050
inst 2670 22 2051
inst 2671 22 2048
inst 2672 22 2052
inst 2673 22 2054
inst 2674 22 2039
inst 2675 22 2066
inst 2676 22 2070
inst 2677 22 2071
inst 2678 22 2072
inst 2679 22 2073
inst 2680 22 2056
inst 2681 22 2060
inst 2682 22 4156
inst 2683 22 2069
inst 2684 22 2383
inst 2685 22 2385
inst 2686 22 2377
inst 2687 22 2378
inst 2688 22 2065
inst 2689 22 2067
inst 2690 22 2068
inst 2691 22 1788
inst 2692 22 1789
inst 2693 22 1790
inst 2694 22 1791
inst 2695 22 1793
inst 2696 22 1794
inst 2697 22 1795
inst 2698 22 1796
inst 2699 22 2292
inst 2700 22 2294
inst 2701 22 2299
inst 2702 22 1792
inst 2703 22 2293
inst 2704 22 2297
inst 2705 22 2298
inst 2706 22 2300
inst 2707 22 2302
inst 2708 22 2303
inst 2709 22 2310
inst 2710 22 2325
inst 2711 22 2327
inst 2712 22 2295
inst 2713 22 2296
inst 2714 22 2308
inst 2715 22 1775
inst 2716 22 1777
inst 2717 22 2301
inst 2718 22 2304
inst 2719 22 2305
inst 2720 22 2309
inst 2721 22 2306
inst 2722 22 2307
inst 2723 22 1769
inst 2724 22 1773
inst 2725 22 2062
inst 2726 22 2320
inst 2727 22 1772
inst 2728 22 2326
inst 2729 22 2323
inst 2730 22 2328
inst 2731 22 2057
inst 2732 22 2058
inst 2733 22 4142
inst 2734 22 4144
inst 2735 22 4146
inst 2736 22 2064
inst 2737 22 2061
inst 2738 22 2063
inst 2739 22 1901
inst 2740 22 1903
inst 2741 22 1904
inst 2742 22 1908
inst 2743 22 1771
inst 2744 22 1770
inst 2745 22 1774
inst 2746 22 1776
inst 2747 22 1892
inst 2748 22 1894
inst 2749 22 1895
inst 2750 22 1896
inst 2751 22 1902
inst 2752 22 1906
inst 2753 22 1907
inst 2754 22 1909
inst 2755 22 2397
inst 2756 22 2404
inst 2757 22 2406
inst 2758 22 2412
inst 2759 22 2413
inst 2760 22 2414
inst 2761 22 2415
inst 2762 22 2416
inst 2763 22 2075
inst 2764 22 2076
inst 2765 22 2400
inst 2766 22 2401
inst 2767 22 2398
inst 2768 22 2399
inst 2769 22 2403
inst 2770 22 2405
inst 2771 22 2079
inst 2772 22 2460
inst 2773 22 2381
inst 2774 22 2382
inst 2775 22 2384
inst 2776 22 2376
inst 2777 22 2379
inst 2778 22 2380
inst 2779 22 2074
inst 2780 22 2078
inst 2781 22 2082
inst 2782 22 2402
inst 2783 22 2077
inst 2784 22 2080
inst 2785 22 2081
inst 2786 22 2083
inst 2787 22 2084
inst 2788 22 2085
inst 2789 22 2087
inst 2790 22 2408
inst 2791 22 2409
inst 2792 22 2407
inst 2793 22 2410
inst 2794 22 2411
inst 2795 22 2089
inst 2796 22 2099
inst 2797 22 2101
inst 2798 22 2090
inst 2799 22 2091
inst 2800 22 2092
inst 2801 22 2086
inst 2802 22 2088
inst 2803 22 2096
inst 2804 22 2097
inst 2805 22 2513
inst 2806 22 2093
inst 2807 22 2094
inst 2808 22 2095
inst 2809 22 2098
inst 2810 22 2100
inst 2811 22 2514
inst 2812 22 2515
inst 2813 22 2516
inst 2814 22 2518
inst 2815 22 2509
inst 2816 22 2511
inst 2817 22 2512
inst 2818 22 2517
inst 2819 22 2464
inst 2820 22 2453
inst 2821 22 2457
inst 2822 22 2458
inst 2823 22 2459
inst 2824 22 2461
inst 2825 22 2465
inst 2826 22 2454
inst 2827 22 2446
inst 2828 22 2443
inst 2829 22 2445
inst 2830 22 2447
inst 2831 22 2466
inst 2832 22 2462
inst 2833 22 2463
inst 2834 22 2468
inst 2835 22 2451
inst 2836 22 2444
inst 2837 22 2448
inst 2838 22 2450
inst 2839 22 2467
inst 2840 22 2469
inst 2841 22 2452
inst 2842 22 2455
inst 2843 22 1898
inst 2844 22 1900
inst 2845 22 2480
inst 2846 22 1893
inst 2847 22 1897
inst 2848 22 1899
inst 2849 22 2449
inst 2850 22 2456
inst 2851 22 2476
inst 2852 22 2477
inst 2853 22 2478
inst 2854 22 2479
inst 2855 22 2484
inst 2856 22 2510
inst 2857 22 2482
inst 2858 22 2483
inst 2859 22 3324
inst 2860 22 2485
inst 2861 22 2486
inst 2862 22 2487
inst 2863 22 2488
inst 2864 22 2489
inst 2865 22 2490
inst 2866 22 2492
inst 2867 22 1919
inst 2868 22 1924
inst 2869 22 1926
inst 2870 22 1929
inst 2871 22 1930
inst 2872 22 1931
inst 2873 22 1932
inst 2874 22 1933
inst 2875 22 1927
inst 2876 22 1928
inst 2877 22 2237
inst 2878 22 2475
inst 2879 22 2491
inst 2880 22 2493
inst 2881 22 2481
inst 2882 22 1925
inst 2883 22 1622
inst 2884 22 1623
inst 2885 22 1631
inst 2886 22 1632
inst 2887 22 1634
inst 2888 22 1635
inst 2889 22 1636
inst 2890 22 1637
inst 2891 22 1626
inst 2892 22 1627
inst 2893 22 1628
inst 2894 22 1629
inst 2895 22 1630
inst 2896 22 1621
inst 2897 22 1624
inst 2898 22 1625
inst 2899 22 1741
inst 2900 22 1742
inst 2901 22 1748
inst 2902 22 1753
inst 2903 22 1754
inst 2904 22 1633
inst 2905 22 1638
inst 2906 22 1639
inst 2907 22 1722
inst 2908 22 1743
inst 2909 22 1744
inst 2910 22 1746
inst 2911 22 1747
inst 2912 22 1749
inst 2913 22 1751
inst 2914 22 1752
inst 2915 22 1718
inst 2916 22 1725
inst 2917 22 1716
inst 2918 22 1719
inst 2919 22 1720
inst 2920 22 1721
inst 2921 22 1723
inst 2922 22 1724
inst 2923 22 1735
inst 2924 22 1739
inst 2925 22 1717
inst 2926 22 1727
inst 2927 22 1728
inst 2928 22 1737
inst 2929 22 1738
inst 2930 22 1745
inst 2931 22 1732
inst 2932 22 1734
inst 2933 22 1731
inst 2934 22 1729
inst 2935 22 1740
inst 2936 22 1733
inst 2937 22 1736
inst 2938 22 1750
inst 2939 22 1755
inst 2940 22 1756
inst 2941 22 1758
inst 2942 22 1760
inst 2943 22 1761
inst 2944 22 1759
inst 2945 22 1726
inst 2946 22 1730
inst 2947 22 3416
inst 2948 22 3417
inst 2949 22 3419
inst 2950 22 3424
inst 2951 22 3428
inst 2952 22 3429
inst 2953 22 3425
inst 2954 22 3427
inst 2955 22 1757
inst 2956 22 1762
inst 2957 22 1763
inst 2958 22 3431
inst 2959 22 3433
inst 2960 22 3426
inst 2961 22 3430
inst 2962 22 3432
inst 2963 22 2791
inst 2964 22 2806
inst 2965 22 3415
inst 2966 22 3418
inst 2967 22 3420
inst 2968 22 3421
inst 2969 22 3422
inst 2970 22 3423
inst 2971 22 2785
inst 2972 22 2807
inst 2973 22 2787
inst 2974 22 2788
inst 2975 22 2789
inst 2976 22 2790
inst 2977 22 2802
inst 2978 22 2805
inst 2979 22 2763
inst 2980 22 2764
inst 2981 22 2765
inst 2982 22 2766
inst 2983 22 2767
inst 2984 22 2768
inst 2985 22 2770
inst 2986 22 2771
inst 2987 22 2754
inst 2988 22 2755
inst 2989 22 2756
inst 2990 22 2757
inst 2991 22 2758
inst 2992 22 2759
inst 2993 22 2762
inst 2994 22 2769
inst 2995 22 2782
inst 2996 22 2786
inst 2997 22 2803
inst 2998 22 2804
inst 2999 22 2808
inst 3000 22 2809
inst 3001 22 2810
inst 3002 22 2761
inst 3003 22 2773
inst 3004 22 2774
inst 3005 22 2776
inst 3006 22 2781
inst 3007 22 2772
inst 3008 22 2775
inst 3009 22 2780
inst 3010 22 2760
inst 3011 22 1713
inst 3012 22 1714
inst 3013 22 1715
inst 3014 22 1812
inst 3015 22 1813
inst 3016 22 1814
inst 3017 22 1815
inst 3018 22 1905
inst 3019 22 1809
inst 3020 22 1950
inst 3021 22 1951
inst 3022 22 1952
inst 3023 22 1807
inst 3024 22 1810
inst 3025 22 1811
inst 3026 22 1816
inst 3027 22 2721
inst 3028 22 2722
inst 3029 22 2723
inst 3030 22 2724
inst 3031 22 2728
inst 3032 22 2729
inst 3033 22 1708
inst 3034 22 1709
inst 3035 22 2730
inst 3036 22 2732
inst 3037 22 1710
inst 3038 22 1711
inst 3039 22 2733
inst 3040 22 2734
inst 3041 22 1707
inst 3042 22 1712
inst 3043 22 2783
inst 3044 22 2784
inst 3045 22 2777
inst 3046 22 2778
inst 3047 22 2779
inst 3048 22 2725
inst 3049 22 2726
inst 3050 22 2727
inst 3051 22 2713
inst 3052 22 2714
inst 3053 22 2715
inst 3054 22 2717
inst 3055 22 2718
inst 3056 22 2719
inst 3057 22 2712
inst 3058 22 2716
inst 3059 22 2688
inst 3060 22 2691
inst 3061 22 2692
inst 3062 22 2693
inst 3063 22 2694
inst 3064 22 2696
inst 3065 22 2735
inst 3066 22 2720
inst 3067 22 2689
inst 3068 22 2690
inst 3069 22 2695
inst 3070 22 2697
inst 3071 22 2736
inst 3072 22 2738
inst 3073 22 2731
inst 3074 22 2737
inst 3075 22 1916
inst 3076 22 1920
inst 3077 22 1921
inst 3078 22 1922
inst 3079 22 1923
inst 3080 22 1915
inst 3081 22 1917
inst 3082 22 1918
inst 3083 22 1797
inst 3084 22 1948
inst 3085 22 1808
inst 3086 22 1944
inst 3087 22 1946
inst 3088 22 1947
inst 3089 22 1945
inst 3090 22 1949
inst 3091 22 1696
inst 3092 22 1803
inst 3093 22 1694
inst 3094 22 1798
inst 3095 22 1799
inst 3096 22 1804
inst 3097 22 1805
inst 3098 22 1806
inst 3099 22 2247
inst 3100 22 2248
inst 3101 22 1698
inst 3102 22 1699
inst 3103 22 1700
inst 3104 22 1701
inst 3105 22 1800
inst 3106 22 1801
inst 3107 22 2284
inst 3108 22 2288
inst 3109 22 2289
inst 3110 22 2290
inst 3111 22 2291
inst 3112 22 1693
inst 3113 22 1695
inst 3114 22 1697
inst 3115 22 2277
inst 3116 22 2278
inst 3117 22 2279
inst 3118 22 2280
inst 3119 22 2281
inst 3120 22 2274
inst 3121 22 2275
inst 3122 22 2276
inst 3123 22 2636
inst 3124 22 2637
inst 3125 22 2638
inst 3126 22 2640
inst 3127 22 2666
inst 3128 22 2668
inst 3129 22 2700
inst 3130 22 2282
inst 3131 22 2704
inst 3132 22 2706
inst 3133 22 2698
inst 3134 22 2699
inst 3135 22 2701
inst 3136 22 2703
inst 3137 22 2705
inst 3138 22 2702
inst 3139 22 2113
inst 3140 22 2114
inst 3141 22 2115
inst 3142 22 2116
inst 3143 22 2117
inst 3144 22 2118
inst 3145 22 2119
inst 3146 22 2120
inst 3147 22 2103
inst 3148 22 2105
inst 3149 22 2107
inst 3150 22 2108
inst 3151 22 2109
inst 3152 22 2110
inst 3153 22 2111
inst 3154 22 2112
inst 3155 22 2519
inst 3156 22 2520
inst 3157 22 2521
inst 3158 22 2522
inst 3159 22 2524
inst 3160 22 2102
inst 3161 22 2104
inst 3162 22 2523
inst 3163 22 2527
inst 3164 22 3319
inst 3165 22 3321
inst 3166 22 3317
inst 3167 22 3322
inst 3168 22 3323
inst 3169 22 2525
inst 3170 22 2526
inst 3171 22 2131
inst 3172 22 2133
inst 3173 22 2136
inst 3174 22 2137
inst 3175 22 2138
inst 3176 22 2139
inst 3177 22 2140
inst 3178 22 2132
inst 3179 22 2127
inst 3180 22 2134
inst 3181 22 2135
inst 3182 22 2106
inst 3183 22 2123
inst 3184 22 2126
inst 3185 22 2128
inst 3186 22 2130
inst 3187 22 3331
inst 3188 22 3332
inst 3189 22 3333
inst 3190 22 2121
inst 3191 22 2122
inst 3192 22 2124
inst 3193 22 2125
inst 3194 22 2129
inst 3195 22 2178
inst 3196 22 3376
inst 3197 22 3377
inst 3198 22 2174
inst 3199 22 2175
inst 3200 22 2176
inst 3201 22 3326
inst 3202 22 3330
inst 3203 22 3343
inst 3204 22 3345
inst 3205 22 3346
inst 3206 22 3347
inst 3207 22 3349
inst 3208 22 3316
inst 3209 22 3320
inst 3210 22 3318
inst 3211 22 2231
inst 3212 22 2236
inst 3213 22 2239
inst 3214 22 2240
inst 3215 22 2244
inst 3216 22 3340
inst 3217 22 3344
inst 3218 22 3348
inst 3219 22 3378
inst 3220 22 3380
inst 3221 22 3381
inst 3222 22 3382
inst 3223 22 3383
inst 3224 22 3384
inst 3225 22 3341
inst 3226 22 3342
inst 3227 22 2148
inst 3228 22 2177
inst 3229 22 3328
inst 3230 22 3329
inst 3231 22 3375
inst 3232 22 3379
inst 3233 22 3325
inst 3234 22 3327
inst 3235 22 2173
inst 3236 22 2146
inst 3237 22 2161
inst 3238 22 2169
inst 3239 22 2147
inst 3240 22 2149
inst 3241 22 2160
inst 3242 22 2172
inst 3243 22 2165
inst 3244 22 2164
inst 3245 22 2166
inst 3246 22 2168
inst 3247 22 2144
inst 3248 22 2141
inst 3249 22 2142
inst 3250 22 2143
inst 3251 22 2156
inst 3252 22 2170
inst 3253 22 2158
inst 3254 22 2159
inst 3255 22 2162
inst 3256 22 2163
inst 3257 22 2167
inst 3258 22 2171
inst 3259 22 2150
inst 3260 22 2151
inst 3261 22 2152
inst 3262 22 2153
inst 3263 22 2154
inst 3264 22 2155
inst 3265 22 2157
inst 3266 22 2145
inst 3267 22 2227
inst 3268 22 2229
inst 3269 22 2230
inst 3270 22 2241
inst 3271 22 2242
inst 3272 22 2243
inst 3273 22 2245
inst 3274 22 2238
inst 3275 22 2233
inst 3276 22 2235
inst 3277 22 2260
inst 3278 22 3356
inst 3279 22 3358
inst 3280 22 2232
inst 3281 22 2234
inst 3282 22 2228
inst 3283 22 2261
inst 3284 22 2262
inst 3285 22 2256
inst 3286 22 2259
inst 3287 22 3351
inst 3288 22 3352
inst 3289 22 3355
inst 3290 22 3357
inst 3291 22 1969
inst 3292 22 2257
inst 3293 22 2263
inst 3294 22 2264
inst 3295 22 3354
inst 3296 22 2258
inst 3297 22 3350
inst 3298 22 3353
inst 3299 22 2265
inst 3300 22 2266
inst 3301 22 2267
inst 3302 22 2585
inst 3303 22 2587
inst 3304 22 2588
inst 3305 22 2592
inst 3306 22 1802
inst 3307 22 2250
inst 3308 22 2270
inst 3309 22 2271
inst 3310 22 2272
inst 3311 22 2273
inst 3312 22 2246
inst 3313 22 2268
inst 3314 22 2269
inst 3315 22 1967
inst 3316 22 2591
inst 3317 22 1964
inst 3318 22 2586
inst 3319 22 2589
inst 3320 22 2590
inst 3321 22 2593
inst 3322 22 1963
inst 3323 22 1972
inst 3324 22 2549
inst 3325 22 2550
inst 3326 22 1968
inst 3327 22 1965
inst 3328 22 1966
inst 3329 22 1970
inst 3330 22 1971
inst 3331 22 2199
inst 3332 22 2200
inst 3333 22 2201
inst 3334 22 2202
inst 3335 22 2203
inst 3336 22 2204
inst 3337 22 2206
inst 3338 22 2207
inst 3339 22 2195
inst 3340 22 2196
inst 3341 22 2197
inst 3342 22 2220
inst 3343 22 2194
inst 3344 22 2222
inst 3345 22 2223
inst 3346 22 2225
inst 3347 22 2211
inst 3348 22 2212
inst 3349 22 2219
inst 3350 22 2205
inst 3351 22 2217
inst 3352 22 2221
inst 3353 22 2224
inst 3354 22 2226
inst 3355 22 2210
inst 3356 22 2214
inst 3357 22 2215
inst 3358 22 2216
inst 3359 22 2208
inst 3360 22 2209
inst 3361 22 2213
inst 3362 22 2218
inst 3363 22 2180
inst 3364 22 2181
inst 3365 22 2190
inst 3366 22 2191
inst 3367 22 2192
inst 3368 22 2193
inst 3369 22 2198
inst 3370 22 2189
inst 3371 22 2184
inst 3372 22 2185
inst 3373 22 2187
inst 3374 22 2179
inst 3375 22 2182
inst 3376 22 2183
inst 3377 22 2186
inst 3378 22 2188
inst 3379 22 1973
inst 3380 22 2552
inst 3381 22 2554
inst 3382 22 2551
inst 3383 22 2547
inst 3384 22 2553
inst 3385 22 2546
inst 3386 22 2548
inst 3387 22 1978
inst 3388 22 1979
inst 3389 22 1980
inst 3390 22 1981
inst 3391 22 1974
inst 3392 22 1975
inst 3393 22 1976
inst 3394 22 1977
inst 3395 22 2255
inst 3396 22 2286
inst 3397 22 2287
inst 3398 22 2249
inst 3399 22 2251
inst 3400 22 2252
inst 3401 22 2253
inst 3402 22 2254
inst 3403 22 2615
inst 3404 22 2616
inst 3405 22 2619
inst 3406 22 2620
inst 3407 22 2621
inst 3408 22 2622
inst 3409 22 2283
inst 3410 22 2285
inst 3411 22 2672
inst 3412 22 2667
inst 3413 22 2671
inst 3414 22 2673
inst 3415 22 2674
inst 3416 22 2614
inst 3417 22 2617
inst 3418 22 2618
inst 3419 22 2543
inst 3420 22 2643
inst 3421 22 2541
inst 3422 22 2542
inst 3423 22 2641
inst 3424 22 2642
inst 3425 22 2644
inst 3426 22 2669
inst 3427 22 2536
inst 3428 22 2537
inst 3429 22 2538
inst 3430 22 2540
inst 3431 22 2539
inst 3432 22 2544
inst 3433 22 2545
inst 3434 22 2670
inst 3435 22 2639
inst 3436 22 2645
inst 3437 23 1646
inst 3438 23 1647
inst 3439 23 1648
inst 3440 23 1649
inst 3441 23 1650
inst 3442 23 1651
inst 3443 23 1653
inst 3444 23 1656
inst 3445 23 1674
inst 3446 23 1643
inst 3447 23 1644
inst 3448 23 1645
inst 3449 23 1652
inst 3450 23 1654
inst 3451 23 1655
inst 3452 23 1657
inst 3453 23 1672
inst 3454 23 1673
inst 3455 23 1676
inst 3456 23 1677
inst 3457 23 1678
inst 3458 23 1680
inst 3459 23 1681
inst 3460 23 1682
inst 3461 23 1664
inst 3462 23 1665
inst 3463 23 1666
inst 3464 23 4201
inst 3465 23 1661
inst 3466 23 1663
inst 3467 23 1679
inst 3468 23 1662
inst 3469 23 4208
inst 3470 23 4209
inst 3471 23 4296
inst 3472 23 4297
inst 3473 23 4308
inst 3474 23 4309
inst 3475 23 4310
inst 3476 23 4311
inst 3477 23 4200
inst 3478 23 4204
inst 3479 23 4205
inst 3480 23 4207
inst 3481 23 4199
inst 3482 23 4203
inst 3483 23 4206
inst 3484 23 4202
inst 3485 23 3047
inst 3486 23 4219
inst 3487 23 4220
inst 3488 23 4221
inst 3489 23 4222
inst 3490 23 4223
inst 3491 23 4264
inst 3492 23 4210
inst 3493 23 3057
inst 3494 23 3060
inst 3495 23 3061
inst 3496 23 3062
inst 3497 23 3063
inst 3498 23 3074
inst 3499 23 3077
inst 3500 23 3044
inst 3501 23 1658
inst 3502 23 1660
inst 3503 23 1668
inst 3504 23 1669
inst 3505 23 1670
inst 3506 23 1659
inst 3507 23 1667
inst 3508 23 1675
inst 3509 23 1689
inst 3510 23 1690
inst 3511 23 3408
inst 3512 23 3435
inst 3513 23 4330
inst 3514 23 4331
inst 3515 23 4333
inst 3516 23 1671
inst 3517 23 3414
inst 3518 23 4323
inst 3519 23 4324
inst 3520 23 4325
inst 3521 23 4326
inst 3522 23 4327
inst 3523 23 4329
inst 3524 23 4328
inst 3525 23 3406
inst 3526 23 3409
inst 3527 23 3410
inst 3528 23 3411
inst 3529 23 3407
inst 3530 23 3412
inst 3531 23 4332
inst 3532 23 3413
inst 3533 23 3396
inst 3534 23 3400
inst 3535 23 3401
inst 3536 23 3402
inst 3537 23 3403
inst 3538 23 3404
inst 3539 23 3405
inst 3540 23 3434
inst 3541 23 2856
inst 3542 23 2873
inst 3543 23 2882
inst 3544 23 2885
inst 3545 23 2888
inst 3546 23 3398
inst 3547 23 3399
inst 3548 23 3397
inst 3549 23 2940
inst 3550 23 2941
inst 3551 23 2964
inst 3552 23 2967
inst 3553 23 2968
inst 3554 23 3885
inst 3555 23 4174
inst 3556 23 2924
inst 3557 23 2984
inst 3558 23 3010
inst 3559 23 3963
inst 3560 23 3971
inst 3561 23 3979
inst 3562 23 4017
inst 3563 23 3884
inst 3564 23 3886
inst 3565 23 2876
inst 3566 23 2879
inst 3567 23 2902
inst 3568 23 2991
inst 3569 23 2992
inst 3570 23 4382
inst 3571 23 4383
inst 3572 23 4385
inst 3573 23 2859
inst 3574 23 2908
inst 3575 23 4340
inst 3576 23 4341
inst 3577 23 4343
inst 3578 23 4348
inst 3579 23 2905
inst 3580 23 2993
inst 3581 23 2899
inst 3582 23 4350
inst 3583 23 4351
inst 3584 23 4361
inst 3585 23 4364
inst 3586 23 2896
inst 3587 23 4345
inst 3588 23 4346
inst 3589 23 4336
inst 3590 23 4355
inst 3591 23 4356
inst 3592 23 4358
inst 3593 23 4376
inst 3594 23 4377
inst 3595 23 4379
inst 3596 23 4353
inst 3597 23 2911
inst 3598 23 2934
inst 3599 23 2937
inst 3600 23 2942
inst 3601 23 2943
inst 3602 23 3855
inst 3603 23 4335
inst 3604 23 4338
inst 3605 23 2959
inst 3606 23 3865
inst 3607 23 3866
inst 3608 23 3867
inst 3609 23 2965
inst 3610 23 2953
inst 3611 23 3856
inst 3612 23 3857
inst 3613 23 3875
inst 3614 23 3876
inst 3615 23 3877
inst 3616 23 3878
inst 3617 23 3879
inst 3618 23 3880
inst 3619 23 2956
inst 3620 23 2966
inst 3621 23 3016
inst 3622 23 3931
inst 3623 23 3995
inst 3624 23 3013
inst 3625 23 3019
inst 3626 23 3022
inst 3627 23 3918
inst 3628 23 2981
inst 3629 23 3947
inst 3630 23 3955
inst 3631 23 3987
inst 3632 23 3939
inst 3633 24 4025
inst 3634 24 4132
inst 3635 24 4291
inst 3636 24 4298
inst 3637 24 4299
inst 3638 24 4300
inst 3639 24 4302
inst 3640 24 4312
inst 3641 24 3479
inst 3642 24 3483
inst 3643 24 3484
inst 3644 24 3772
inst 3645 24 4020
inst 3646 24 4303
inst 3647 24 4021
inst 3648 24 4301
inst 3649 24 3542
inst 3650 24 3773
inst 3651 24 3774
inst 3652 24 3775
inst 3653 24 4026
inst 3654 24 4041
inst 3655 24 3758
inst 3656 24 4039
inst 3657 24 3549
inst 3658 24 3593
inst 3659 24 3594
inst 3660 24 3633
inst 3661 24 3637
inst 3662 24 3638
inst 3663 24 3546
inst 3664 24 3547
inst 3665 24 3472
inst 3666 24 3486
inst 3667 24 3490
inst 3668 24 3491
inst 3669 24 3551
inst 3670 24 3555
inst 3671 24 3476
inst 3672 24 3477
inst 3673 24 3493
inst 3674 24 3497
inst 3675 24 3498
inst 3676 24 3532
inst 3677 24 3535
inst 3678 24 3539
inst 3679 24 3540
inst 3680 24 3556
inst 3681 24 3525
inst 3682 24 3526
inst 3683 24 3608
inst 3684 24 3646
inst 3685 24 3641
inst 3686 24 3645
inst 3687 24 3528
inst 3688 24 3533
inst 3689 24 3596
inst 3690 24 3600
inst 3691 24 3684
inst 3692 24 3688
inst 3693 24 3589
inst 3694 24 3601
inst 3695 24 3603
inst 3696 24 3607
inst 3697 24 1683
inst 3698 24 1684
inst 3699 24 1685
inst 3700 24 1686
inst 3701 24 1687
inst 3702 24 1688
inst 3703 24 3844
inst 3704 24 3863
inst 3705 24 3852
inst 3706 24 4370
inst 3707 24 4371
inst 3708 24 4372
inst 3709 24 4373
inst 3710 24 4374
inst 3711 24 4380
inst 3712 24 3862
inst 3713 24 3861
inst 3714 24 3868
inst 3715 24 3869
inst 3716 24 3870
inst 3717 24 3871
inst 3718 24 3872
inst 3719 24 3853
inst 3720 24 3854
inst 3721 24 3882
inst 3722 24 3887
inst 3723 24 3888
inst 3724 24 3890
inst 3725 24 3891
inst 3726 24 3892
inst 3727 24 3881
inst 3728 24 3883
inst 3729 24 3575
inst 3730 24 3582
inst 3731 24 3586
inst 3732 24 3587
inst 3733 24 3691
inst 3734 24 3695
inst 3735 24 3696
inst 3736 24 3689
inst 3737 24 3568
inst 3738 24 3572
inst 3739 24 3573
inst 3740 24 3903
inst 3741 24 3958
inst 3742 24 3999
inst 3743 24 3579
inst 3744 24 3580
inst 3745 24 3919
inst 3746 24 3926
inst 3747 24 3990
inst 3748 24 3996
inst 3749 24 3893
inst 3750 24 3894
inst 3751 24 3902
inst 3752 24 4012
inst 3753 24 3942
inst 3754 24 3950
inst 3755 24 3966
inst 3756 24 3974
inst 3757 24 3982
inst 3758 24 3998
inst 3759 24 3934
inst 3760 24 3997
inst 3761 24 3504
inst 3762 24 3505
inst 3763 24 3507
inst 3764 24 3511
inst 3765 24 3512
inst 3766 24 3518
inst 3767 24 3519
inst 3768 24 3500
inst 3769 24 3650
inst 3770 24 3654
inst 3771 24 3845
inst 3772 24 3849
inst 3773 24 3850
inst 3774 24 3521
inst 3775 24 3702
inst 3776 24 3514
inst 3777 24 3656
inst 3778 24 3660
inst 3779 24 3661
inst 3780 24 3663
inst 3781 24 3667
inst 3782 24 3653
inst 3783 24 3698
inst 3784 24 3703
inst 3785 24 3677
inst 3786 24 3682
inst 3787 24 4048
inst 3788 24 4049
inst 3789 24 4051
inst 3790 24 4055
inst 3791 24 4056
inst 3792 24 3668
inst 3793 24 3721
inst 3794 24 3730
inst 3795 24 3734
inst 3796 24 3735
inst 3797 24 3670
inst 3798 24 3674
inst 3799 24 3675
inst 3800 24 3681
inst 3801 24 3723
inst 3802 24 4044
inst 3803 24 3716
inst 3804 24 3720
inst 3805 24 3727
inst 3806 24 3728
inst 3807 25 1778
inst 3808 25 1780
inst 3809 25 1782
inst 3810 25 1783
inst 3811 25 1784
inst 3812 25 1785
inst 3813 25 1786
inst 3814 25 1787
inst 3815 25 1882
inst 3816 25 1883
inst 3817 25 1884
inst 3818 25 1885
inst 3819 25 1886
inst 3820 25 1910
inst 3821 25 1779
inst 3822 25 1781
inst 3823 25 1838
inst 3824 25 1839
inst 3825 25 1852
inst 3826 25 1853
inst 3827 25 1854
inst 3828 25 1954
inst 3829 25 1955
inst 3830 25 1957
inst 3831 25 2441
inst 3832 25 3115
inst 3833 25 3117
inst 3834 25 2438
inst 3835 25 2440
inst 3836 25 2442
inst 3837 25 1956
inst 3838 25 1953
inst 3839 25 1857
inst 3840 25 1859
inst 3841 25 1865
inst 3842 25 2027
inst 3843 25 2033
inst 3844 25 2035
inst 3845 25 1863
inst 3846 25 1864
inst 3847 25 1869
inst 3848 25 1911
inst 3849 25 1912
inst 3850 25 1858
inst 3851 25 1860
inst 3852 25 1861
inst 3853 25 1862
inst 3854 25 1866
inst 3855 25 1832
inst 3856 25 1833
inst 3857 25 1834
inst 3858 25 1835
inst 3859 25 1836
inst 3860 25 1868
inst 3861 25 1870
inst 3862 25 1871
inst 3863 25 1872
inst 3864 25 1873
inst 3865 25 1874
inst 3866 25 1875
inst 3867 25 1876
inst 3868 25 1913
inst 3869 25 1914
inst 3870 25 1867
inst 3871 25 2015
inst 3872 25 2016
inst 3873 25 2017
inst 3874 25 2018
inst 3875 25 2019
inst 3876 25 2021
inst 3877 25 2013
inst 3878 25 2014
inst 3879 25 2740
inst 3880 25 2742
inst 3881 25 2020
inst 3882 25 2022
inst 3883 25 2024
inst 3884 25 2739
inst 3885 25 2741
inst 3886 25 2743
inst 3887 25 2030
inst 3888 25 2012
inst 3889 25 2023
inst 3890 25 2025
inst 3891 25 2026
inst 3892 25 2028
inst 3893 25 2029
inst 3894 25 2031
inst 3895 25 2793
inst 3896 25 2797
inst 3897 25 2798
inst 3898 25 2799
inst 3899 25 2794
inst 3900 25 2032
inst 3901 25 2034
inst 3902 25 2036
inst 3903 25 2750
inst 3904 25 2753
inst 3905 25 2752
inst 3906 25 2792
inst 3907 25 2795
inst 3908 25 2796
inst 3909 25 2800
inst 3910 25 2801
inst 3911 25 2010
inst 3912 25 2744
inst 3913 25 2745
inst 3914 25 2746
inst 3915 25 2747
inst 3916 25 2748
inst 3917 25 2749
inst 3918 25 2751
inst 3919 25 1998
inst 3920 25 1999
inst 3921 25 2002
inst 3922 25 2006
inst 3923 25 2007
inst 3924 25 2008
inst 3925 25 2009
inst 3926 25 2011
inst 3927 25 1993
inst 3928 25 1994
inst 3929 25 1997
inst 3930 25 2000
inst 3931 25 2001
inst 3932 25 2003
inst 3933 25 2004
inst 3934 25 2005
inst 3935 25 1823
inst 3936 25 1888
inst 3937 25 1889
inst 3938 25 1890
inst 3939 25 1891
inst 3940 25 1935
inst 3941 25 1855
inst 3942 25 1856
inst 3943 25 2495
inst 3944 25 2496
inst 3945 25 2498
inst 3946 25 2499
inst 3947 25 2502
inst 3948 25 2500
inst 3949 25 2501
inst 3950 25 2503
inst 3951 25 2470
inst 3952 25 2472
inst 3953 25 2473
inst 3954 25 2474
inst 3955 25 3114
inst 3956 25 3116
inst 3957 25 3118
inst 3958 25 2439
inst 3959 25 2504
inst 3960 25 2505
inst 3961 25 2507
inst 3962 25 2494
inst 3963 25 2497
inst 3964 25 2506
inst 3965 25 2508
inst 3966 25 2471
inst 3967 25 1842
inst 3968 25 1846
inst 3969 25 1850
inst 3970 25 1851
inst 3971 25 1837
inst 3972 25 1840
inst 3973 25 1841
inst 3974 25 1887
inst 3975 25 1822
inst 3976 25 1824
inst 3977 25 1825
inst 3978 25 1826
inst 3979 25 1845
inst 3980 25 1847
inst 3981 25 1848
inst 3982 25 1849
inst 3983 25 1936
inst 3984 25 1937
inst 3985 25 1938
inst 3986 25 1817
inst 3987 25 1818
inst 3988 25 1819
inst 3989 25 1820
inst 3990 25 1821
inst 3991 25 1767
inst 3992 25 1768
inst 3993 25 1939
inst 3994 25 1940
inst 3995 25 1941
inst 3996 25 1942
inst 3997 25 1943
inst 3998 25 1934
inst 3999 25 1827
inst 4000 25 1829
inst 4001 25 1881
inst 4002 25 1828
inst 4003 25 1830
inst 4004 25 1831
inst 4005 25 1843
inst 4006 25 1844
inst 4007 25 1704
inst 4008 25 1764
inst 4009 25 1765
inst 4010 25 1766
inst 4011 25 1877
inst 4012 25 1878
inst 4013 25 1879
inst 4014 25 1880
inst 4015 25 1702
inst 4016 25 2609
inst 4017 25 2610
inst 4018 25 2611
inst 4019 25 2613
inst 4020 25 1703
inst 4021 25 1705
inst 4022 25 1706
inst 4023 25 2556
inst 4024 25 2558
inst 4025 25 2646
inst 4026 25 2652
inst 4027 25 2555
inst 4028 25 2557
inst 4029 25 2559
inst 4030 25 2612
inst 4031 25 1987
inst 4032 25 1988
inst 4033 25 1989
inst 4034 25 1991
inst 4035 25 2684
inst 4036 25 1992
inst 4037 25 1995
inst 4038 25 1996
inst 4039 25 2708
inst 4040 25 2709
inst 4041 25 2710
inst 4042 25 1990
inst 4043 25 2683
inst 4044 25 2685
inst 4045 25 2686
inst 4046 25 2687
inst 4047 25 2656
inst 4048 25 2657
inst 4049 25 2658
inst 4050 25 2659
inst 4051 25 2660
inst 4052 25 2662
inst 4053 25 2707
inst 4054 25 2711
inst 4055 25 2647
inst 4056 25 2648
inst 4057 25 2650
inst 4058 25 2654
inst 4059 25 2661
inst 4060 25 2663
inst 4061 25 2664
inst 4062 25 2665
inst 4063 25 1985
inst 4064 25 2565
inst 4065 25 1982
inst 4066 25 1984
inst 4067 25 1986
inst 4068 25 2604
inst 4069 25 2605
inst 4070 25 2606
inst 4071 25 2580
inst 4072 25 2581
inst 4073 25 2582
inst 4074 25 1961
inst 4075 25 2583
inst 4076 25 2584
inst 4077 25 2607
inst 4078 25 2608
inst 4079 25 1958
inst 4080 25 1959
inst 4081 25 1962
inst 4082 25 2568
inst 4083 25 2569
inst 4084 25 1983
inst 4085 25 2566
inst 4086 25 2567
inst 4087 25 2571
inst 4088 25 2572
inst 4089 25 2560
inst 4090 25 2561
inst 4091 25 2562
inst 4092 25 1960
inst 4093 25 2563
inst 4094 25 2564
inst 4095 25 2575
inst 4096 25 2576
inst 4097 25 2577
inst 4098 25 2570
inst 4099 25 2578
inst 4100 25 2579
inst 4101 25 2573
inst 4102 25 2574
inst 4103 25 2649
inst 4104 25 2655
inst 4105 25 2651
inst 4106 25 2653
inst 4107 26 2351
inst 4108 26 2355
inst 4109 26 2356
inst 4110 26 2425
inst 4111 26 2426
inst 4112 26 2427
inst 4113 26 2430
inst 4114 26 2431
inst 4115 26 2344
inst 4116 26 2348
inst 4117 26 2349
inst 4118 26 2350
inst 4119 26 2353
inst 4120 26 2354
inst 4121 26 2352
inst 4122 26 2421
inst 4123 26 2360
inst 4124 26 2389
inst 4125 26 2390
inst 4126 26 2391
inst 4127 26 2392
inst 4128 26 4182
inst 4129 26 4197
inst 4130 26 4198
inst 4131 26 2342
inst 4132 26 2343
inst 4133 26 2347
inst 4134 26 2345
inst 4135 26 2346
inst 4136 26 4163
inst 4137 26 4195
inst 4138 26 4196
inst 4139 26 2363
inst 4140 26 2364
inst 4141 26 2371
inst 4142 26 2375
inst 4143 26 2418
inst 4144 26 2359
inst 4145 26 2374
inst 4146 26 2388
inst 4147 26 2362
inst 4148 26 2530
inst 4149 26 2531
inst 4150 26 2532
inst 4151 26 2533
inst 4152 26 2534
inst 4153 26 2361
inst 4154 26 2393
inst 4155 26 2365
inst 4156 26 2368
inst 4157 26 2369
inst 4158 26 2373
inst 4159 26 2395
inst 4160 26 2417
inst 4161 26 2370
inst 4162 26 2372
inst 4163 26 3052
inst 4164 26 3053
inst 4165 26 2394
inst 4166 26 3050
inst 4167 26 3051
inst 4168 26 2366
inst 4169 26 2367
inst 4170 26 2396
inst 4171 26 2817
inst 4172 26 2827
inst 4173 26 2828
inst 4174 26 2831
inst 4175 26 2852
inst 4176 26 2853
inst 4177 26 2428
inst 4178 26 2429
inst 4179 26 2846
inst 4180 26 2847
inst 4181 26 2818
inst 4182 26 2819
inst 4183 26 2829
inst 4184 26 2830
inst 4185 26 2970
inst 4186 26 2971
inst 4187 26 2822
inst 4188 26 2823
inst 4189 26 2824
inst 4190 26 2825
inst 4191 26 2969
inst 4192 26 2994
inst 4193 26 2995
inst 4194 26 2996
inst 4195 26 2815
inst 4196 26 2811
inst 4197 26 2812
inst 4198 26 2813
inst 4199 26 2814
inst 4200 26 2816
inst 4201 26 2820
inst 4202 26 2826
inst 4203 26 2535
inst 4204 26 2594
inst 4205 26 2595
inst 4206 26 2596
inst 4207 26 2597
inst 4208 26 2599
inst 4209 26 2600
inst 4210 26 2601
inst 4211 26 2623
inst 4212 26 2624
inst 4213 26 2627
inst 4214 26 2628
inst 4215 26 2598
inst 4216 26 2602
inst 4217 26 2603
inst 4218 26 2626
inst 4219 26 2629
inst 4220 26 2630
inst 4221 26 2631
inst 4222 26 2632
inst 4223 26 2633
inst 4224 26 2634
inst 4225 26 2635
inst 4226 26 2625
inst 4227 26 2675
inst 4228 26 2676
inst 4229 26 2677
inst 4230 26 2678
inst 4231 26 2680
inst 4232 26 2681
inst 4233 26 2682
inst 4234 26 2679
inst 4235 26 2850
inst 4236 26 2851
inst 4237 26 2821
inst 4238 26 2848
inst 4239 26 2849
inst 4240 27 3305
inst 4241 27 3308
inst 4242 27 3309
inst 4243 27 3310
inst 4244 27 3311
inst 4245 27 3312
inst 4246 27 3313
inst 4247 27 3371
inst 4248 27 3302
inst 4249 27 3303
inst 4250 27 3304
inst 4251 27 3307
inst 4252 27 3315
inst 4253 27 3373
inst 4254 27 3306
inst 4255 27 3314
inst 4256 27 3299
inst 4257 27 3300
inst 4258 27 3301
inst 4259 27 3368
inst 4260 27 3369
inst 4261 27 3374
inst 4262 27 3298
inst 4263 27 3372
inst 4264 28 4240
inst 4265 28 4282
inst 4266 28 4285
inst 4267 28 4286
inst 4268 28 4287
inst 4269 28 4288
inst 4270 28 4313
inst 4271 28 4314
inst 4272 28 4245
inst 4273 28 4255
inst 4274 28 4315
inst 4275 28 4241
inst 4276 28 4242
inst 4277 28 4243
inst 4278 28 4244
inst 4279 28 4316
inst 4280 28 4033
inst 4281 28 4034
inst 4282 28 4035
inst 4283 28 4306
inst 4284 28 4307
inst 4285 28 4318
inst 4286 28 4319
inst 4287 28 4320
inst 4288 28 4226
inst 4289 28 4247
inst 4290 28 4248
inst 4291 28 4304
inst 4292 28 4249
inst 4293 28 4250
inst 4294 28 4251
inst 4295 28 4305
inst 4296 28 4273
inst 4297 28 4274
inst 4298 28 4275
inst 4299 28 4276
inst 4300 28 4277
inst 4301 28 4278
inst 4302 28 4280
inst 4303 28 4281
inst 4304 28 4227
inst 4305 28 4228
inst 4306 28 4229
inst 4307 28 4231
inst 4308 28 4232
inst 4309 28 4267
inst 4310 28 4230
inst 4311 28 4279
inst 4312 28 4256
inst 4313 28 4235
inst 4314 28 4236
inst 4315 28 4237
inst 4316 28 4238
inst 4317 28 4246
inst 4318 28 4252
inst 4319 28 4253
inst 4320 28 3827
inst 4321 28 3828
inst 4322 28 3829
inst 4323 28 4233
inst 4324 28 4234
inst 4325 28 4239
inst 4326 28 4254
inst 4327 28 4266
inst 4328 28 3780
inst 4329 28 3781
inst 4330 28 3783
inst 4331 28 3786
inst 4332 28 3820
inst 4333 28 3822
inst 4334 28 3824
inst 4335 28 3825
inst 4336 28 3787
inst 4337 28 3788
inst 4338 28 3789
inst 4339 28 3790
inst 4340 28 3793
inst 4341 28 3782
inst 4342 28 3784
inst 4343 28 3785
inst 4344 28 3812
inst 4345 28 3813
inst 4346 28 3815
inst 4347 28 3817
inst 4348 28 3826
inst 4349 28 3819
inst 4350 28 3821
inst 4351 28 3823
inst 4352 28 3807
inst 4353 28 3808
inst 4354 28 3809
inst 4355 28 3816
inst 4356 28 3810
inst 4357 28 3811
inst 4358 28 3814
inst 4359 28 3818
inst 4360 28 3794
inst 4361 28 3795
inst 4362 28 3796
inst 4363 28 3797
inst 4364 28 3806
inst 4365 28 4043
inst 4366 28 3791
inst 4367 28 3792
inst 4368 28 3802
inst 4369 28 3800
inst 4370 28 3801
inst 4371 28 3798
inst 4372 28 3799
inst 4373 28 3803
inst 4374 28 3804
inst 4375 28 3805
inst 4376 28 3835
inst 4377 28 3836
inst 4378 28 3837
inst 4379 28 3838
inst 4380 28 3839
inst 4381 28 3840
inst 4382 28 3831
inst 4383 28 3832
inst 4384 28 3843
inst 4385 28 3842
inst 4386 28 3841
level training tree 0 protos 8 instances 1704
proto 0 spike.mb stiffness 0.000000 dists 204800.0000 102400.0000 0.0000 245760.0000 rdists 0.00002441 0.00000977 0.00003488 0.00000000
proto 1 rockwall-shrub.mb stiffness 0.000000 dists 409600.0000 204800.0000 0.0000 491520.0000 rdists 0.00001221 0.00000488 0.00001744 0.00000000
proto 2 palmplant-top.mb stiffness 0.000000 dists 225280.0000 112640.0000 0.0000 409600.0000 rdists 0.00000543 0.00000888 0.00000775 0.00000000
proto 3 bushpalm.mb stiffness 0.000000 dists 409600.0000 204800.0000 0.0000 491520.0000 rdists 0.00001221 0.00000488 0.00001744 0.00000000
proto 4 bigleaves.mb stiffness 0.500000 dists 409600.0000 204800.0000 0.0000 491520.0000 rdists 0.00001221 0.00000488 0.00001744 0.50000000
proto 5 grass-02.mb stiffness 0.700000 dists 245760.0000 122880.0000 0.0000 409600.0000 rdists 0.00000610 0.00000814 0.00000872 0.69999999
proto 6 grass-01.mb stiffness 0.700000 dists 245760.0000 122880.0000 0.0000 409600.0000 rdists 0.00000610 0.00000814 0.00000872 0.69999999
proto 7 rocks.mb stiffness 0.700000 dists 245760.0000 122880.0000 0.0000 409600.0000 rdists 0.00000610 0.00000814 0.00000872 0.69999999
inst 0 0 13
inst 1 0 14
inst 2 0 15
inst 3 0 18
inst 4 0 23
inst 5 0 24
inst 6 0 26
inst 7 0 27
inst 8 0 5
inst 9 0 7
inst 10 0 9
inst 11 0 10
inst 12 0 20
inst 13 0 22
inst 14 0 19
inst 15 0 21
inst 16 0 6
inst 17 0 48
inst 18 0 49
inst 19 0 51
inst 20 0 52
inst 21 0 53
inst 22 0 56
inst 23 0 8
inst 24 0 46
inst 25 0 50
inst 26 0 57
inst 27 0 60
inst 28 0 45
inst 29 0 47
inst 30 0 54
inst 31 0 58
inst 32 0 59
inst 33 0 63
inst 34 0 64
inst 35 0 72
inst 36 0 73
inst 37 0 74
inst 38 0 76
inst 39 0 55
inst 40 0 61
inst 41 0 62
inst 42 0 67
inst 43 0 68
inst 44 0 69
inst 45 0 65
inst 46 0 71
inst 47 0 75
inst 48 0 90
inst 49 0 93
inst 50 0 94
inst 51 0 95
inst 52 0 96
inst 53 0 98
inst 54 0 66
inst 55 0 70
inst 56 0 78
inst 57 0 79
inst 58 0 87
inst 59 0 89
inst 60 0 91
inst 61 0 88
inst 62 0 92
inst 63 0 97
inst 64 0 4
inst 65 0 11
inst 66 0 12
inst 67 0 17
inst 68 0 39
inst 69 0 43
inst 70 0 16
inst 71 0 25
inst 72 0 31
inst 73 0 41
inst 74 0 0
inst 75 0 28
inst 76 0 30
inst 77 0 34
inst 78 0 38
inst 79 0 44
inst 80 0 2
inst 81 0 32
inst 82 0 40
inst 83 0 42
inst 84 0 3
inst 85 0 29
inst 86 0 35
inst 87 0 37
inst 88 0 102
inst 89 0 103
inst 90 0 106
inst 91 0 107
inst 92 0 109
inst 93 0 1
inst 94 0 33
inst 95 0 36
inst 96 0 81
inst 97 0 82
inst 98 0 83
inst 99 0 84
inst 100 0 85
inst 101 0 86
inst 102 0 77
inst 103 0 80
inst 104 0 100
inst 105 0 104
inst 106 0 105
inst 107 0 108
inst 108 0 124
inst 109 0 125
inst 110 0 99
inst 111 0 101
inst 112 0 110
inst 113 0 111
inst 114 0 112
inst 115 0 113
inst 116 0 121
inst 117 0 123
inst 118 0 120
inst 119 0 122
inst 120 0 114
inst 121 0 116
inst 122 0 117
inst 123 0 118
inst 124 0 119
inst 125 0 115
inst 126 1 126
inst 127 1 127
inst 128 1 128
inst 129 2 139
inst 130 2 148
inst 131 2 149
inst 132 2 150
inst 133 2 151
inst 134 2 157
inst 135 2 159
inst 136 2 160
inst 137 2 136
inst 138 2 147
inst 139 2 152
inst 140 2 153
inst 141 2 154
inst 142 2 155
inst 143 2 135
inst 144 2 146
inst 145 2 129
inst 146 2 141
inst 147 2 142
inst 148 2 143
inst 149 2 144
inst 150 2 145
inst 151 2 138
inst 152 2 140
inst 153 2 133
inst 154 2 134
inst 155 2 137
inst 156 2 158
inst 157 2 156
inst 158 2 130
inst 159 2 131
inst 160 2 132
inst 161 3 377
inst 162 3 379
inst 163 3 380
inst 164 3 381
inst 165 3 382
inst 166 3 383
inst 167 3 384
inst 168 3 385
inst 169 3 370
inst 170 3 371
inst 171 3 373
inst 172 3 374
inst 173 3 375
inst 174 3 372
inst 175 3 376
inst 176 3 378
inst 177 3 204
inst 178 3 205
inst 179 3 212
inst 180 3 366
inst 181 3 367
inst 182 3 368
inst 183 3 369
inst 184 3 396
inst 185 3 197
inst 186 3 202
inst 187 3 207
inst 188 3 208
inst 189 3 209
inst 190 3 210
inst 191 3 203
inst 192 3 206
inst 193 3 180
inst 194 3 194
inst 195 3 195
inst 196 3 198
inst 197 3 199
inst 198 3 191
inst 199 3 192
inst 200 3 196
inst 201 3 184
inst 202 3 187
inst 203 3 211
inst 204 3 189
inst 205 3 183
inst 206 3 188
inst 207 3 193
inst 208 3 190
inst 209 3 167
inst 210 3 168
inst 211 3 169
inst 212 3 170
inst 213 3 175
inst 214 3 181
inst 215 3 200
inst 216 3 201
inst 217 3 176
inst 218 3 177
inst 219 3 178
inst 220 3 185
inst 221 3 186
inst 222 3 173
inst 223 3 174
inst 224 3 182
inst 225 3 386
inst 226 3 387
inst 227 3 388
inst 228 3 399
inst 229 3 400
inst 230 3 395
inst 231 3 397
inst 232 3 398
inst 233 3 390
inst 234 3 391
inst 235 3 393
inst 236 3 485
inst 237 3 364
inst 238 3 365
inst 239 3 389
inst 240 3 394
inst 241 3 213
inst 242 3 214
inst 243 3 215
inst 244 3 216
inst 245 3 217
inst 246 3 218
inst 247 3 221
inst 248 3 392
inst 249 3 336
inst 250 3 337
inst 251 3 338
inst 252 3 341
inst 253 3 342
inst 254 3 357
inst 255 3 339
inst 256 3 340
inst 257 3 222
inst 258 3 223
inst 259 3 224
inst 260 3 226
inst 261 3 227
inst 262 3 228
inst 263 3 219
inst 264 3 220
inst 265 3 343
inst 266 3 344
inst 267 3 345
inst 268 3 346
inst 269 3 347
inst 270 3 355
inst 271 3 361
inst 272 3 225
inst 273 3 304
inst 274 3 352
inst 275 3 354
inst 276 3 362
inst 277 3 348
inst 278 3 350
inst 279 3 351
inst 280 3 363
inst 281 3 306
inst 282 3 307
inst 283 3 308
inst 284 3 310
inst 285 3 312
inst 286 3 356
inst 287 3 305
inst 288 3 353
inst 289 3 409
inst 290 3 434
inst 291 3 435
inst 292 3 436
inst 293 3 437
inst 294 3 438
inst 295 3 439
inst 296 3 440
inst 297 3 410
inst 298 3 411
inst 299 3 413
inst 300 3 442
inst 301 3 406
inst 302 3 407
inst 303 3 408
inst 304 3 441
inst 305 3 414
inst 306 3 417
inst 307 3 418
inst 308 3 444
inst 309 3 445
inst 310 3 405
inst 311 3 412
inst 312 3 443
inst 313 3 420
inst 314 3 421
inst 315 3 422
inst 316 3 447
inst 317 3 448
inst 318 3 449
inst 319 3 423
inst 320 3 446
inst 321 3 161
inst 322 3 163
inst 323 3 171
inst 324 3 172
inst 325 3 430
inst 326 3 431
inst 327 3 165
inst 328 3 166
inst 329 3 264
inst 330 3 265
inst 331 3 266
inst 332 3 267
inst 333 3 272
inst 334 3 162
inst 335 3 164
inst 336 3 179
inst 337 3 404
inst 338 3 424
inst 339 3 415
inst 340 3 416
inst 341 3 403
inst 342 3 432
inst 343 3 401
inst 344 3 402
inst 345 3 426
inst 346 3 427
inst 347 3 428
inst 348 3 429
inst 349 3 450
inst 350 3 425
inst 351 3 433
inst 352 3 419
inst 353 3 231
inst 354 3 232
inst 355 3 234
inst 356 3 235
inst 357 3 236
inst 358 3 229
inst 359 3 233
inst 360 3 230
inst 361 3 239
inst 362 3 241
inst 363 3 242
inst 364 3 243
inst 365 3 244
inst 366 3 237
inst 367 3 238
inst 368 3 240
inst 369 3 247
inst 370 3 248
inst 371 3 250
inst 372 3 262
inst 373 3 263
inst 374 3 269
inst 375 3 245
inst 376 3 246
inst 377 3 256
inst 378 3 257
inst 379 3 270
inst 380 3 271
inst 381 3 258
inst 382 3 260
inst 383 3 261
inst 384 3 268
inst 385 3 301
inst 386 3 315
inst 387 3 316
inst 388 3 317
inst 389 3 302
inst 390 3 303
inst 391 3 309
inst 392 3 349
inst 393 3 282
inst 394 3 283
inst 395 3 284
inst 396 3 285
inst 397 3 297
inst 398 3 298
inst 399 3 299
inst 400 3 300
inst 401 3 252
inst 402 3 253
inst 403 3 255
inst 404 3 249
inst 405 3 251
inst 406 3 254
inst 407 3 259
inst 408 3 273
inst 409 3 274
inst 410 3 275
inst 411 3 276
inst 412 3 278
inst 413 3 281
inst 414 3 277
inst 415 3 279
inst 416 3 280
inst 417 3 327
inst 418 3 329
inst 419 3 330
inst 420 3 331
inst 421 3 332
inst 422 3 333
inst 423 3 334
inst 424 3 335
inst 425 3 324
inst 426 3 359
inst 427 3 360
inst 428 3 311
inst 429 3 358
inst 430 3 325
inst 431 3 326
inst 432 3 328
inst 433 3 318
inst 434 3 319
inst 435 3 320
inst 436 3 321
inst 437 3 322
inst 438 3 323
inst 439 3 313
inst 440 3 314
inst 441 3 287
inst 442 3 288
inst 443 3 290
inst 444 3 291
inst 445 3 292
inst 446 3 293
inst 447 3 294
inst 448 3 286
inst 449 3 296
inst 450 3 289
inst 451 3 295
inst 452 4 479
inst 453 4 480
inst 454 4 481
inst 455 4 482
inst 456 4 483
inst 457 4 484
inst 458 4 486
inst 459 4 487
inst 460 4 476
inst 461 4 477
inst 462 4 478
inst 463 4 488
inst 464 4 489
inst 465 4 490
inst 466 4 491
inst 467 4 492
inst 468 4 465
inst 469 4 468
inst 470 4 469
inst 471 4 470
inst 472 4 471
inst 473 4 472
inst 474 4 473
inst 475 4 474
inst 476 4 493
inst 477 4 494
inst 478 4 495
inst 479 4 496
inst 480 4 497
inst 481 4 498
inst 482 4 499
inst 483 4 475
inst 484 4 452
inst 485 4 453
inst 486 4 457
inst 487 4 460
inst 488 4 461
inst 489 4 466
inst 490 4 463
inst 491 4 464
inst 492 4 451
inst 493 4 454
inst 494 4 455
inst 495 4 456
inst 496 4 458
inst 497 4 462
inst 498 4 467
inst 499 4 459
inst 500 4 503
inst 501 4 504
inst 502 4 511
inst 503 4 512
inst 504 4 517
inst 505 4 518
inst 506 4 519
inst 507 4 500
inst 508 4 506
inst 509 4 507
inst 510 4 508
inst 511 4 509
inst 512 4 510
inst 513 4 505
inst 514 4 502
inst 515 4 501
inst 516 4 550
inst 517 4 551
inst 518 4 555
inst 519 4 556
inst 520 4 557
inst 521 4 558
inst 522 4 559
inst 523 4 560
inst 524 4 546
inst 525 4 547
inst 526 4 552
inst 527 4 554
inst 528 4 545
inst 529 4 548
inst 530 4 549
inst 531 4 553
inst 532 4 529
inst 533 4 531
inst 534 4 532
inst 535 4 534
inst 536 4 535
inst 537 4 536
inst 538 4 537
inst 539 4 538
inst 540 4 539
inst 541 4 540
inst 542 4 544
inst 543 4 541
inst 544 4 542
inst 545 4 543
inst 546 4 528
inst 547 4 530
inst 548 4 515
inst 549 4 520
inst 550 4 521
inst 551 4 522
inst 552 4 523
inst 553 4 524
inst 554 4 513
inst 555 4 533
inst 556 4 526
inst 557 4 527
inst 558 4 514
inst 559 4 525
inst 560 4 516
inst 561 5 775
inst 562 5 780
inst 563 5 785
inst 564 5 786
inst 565 5 787
inst 566 5 788
inst 567 5 790
inst 568 5 792
inst 569 5 770
inst 570 5 771
inst 571 5 772
inst 572 5 773
inst 573 5 774
inst 574 5 781
inst 575 5 789
inst 576 5 791
inst 577 5 740
inst 578 5 743
inst 579 5 744
inst 580 5 765
inst 581 5 766
inst 582 5 767
inst 583 5 769
inst 584 5 783
inst 585 5 742
inst 586 5 745
inst 587 5 746
inst 588 5 762
inst 589 5 763
inst 590 5 764
inst 591 5 741
inst 592 5 761
inst 593 5 736
inst 594 5 737
inst 595 5 779
inst 596 5 782
inst 597 5 784
inst 598 5 776
inst 599 5 777
inst 600 5 778
inst 601 5 718
inst 602 5 719
inst 603 5 728
inst 604 5 729
inst 605 5 730
inst 606 5 733
inst 607 5 731
inst 608 5 732
inst 609 5 753
inst 610 5 754
inst 611 5 755
inst 612 5 757
inst 613 5 758
inst 614 5 760
inst 615 5 739
inst 616 5 738
inst 617 5 723
inst 618 5 724
inst 619 5 725
inst 620 5 726
inst 621 5 818
inst 622 5 756
inst 623 5 734
inst 624 5 735
inst 625 5 747
inst 626 5 748
inst 627 5 749
inst 628 5 751
inst 629 5 835
inst 630 5 750
inst 631 5 752
inst 632 5 768
inst 633 5 828
inst 634 5 830
inst 635 5 831
inst 636 5 836
inst 637 5 827
inst 638 5 832
inst 639 5 833
inst 640 5 834
inst 641 5 821
inst 642 5 838
inst 643 5 839
inst 644 5 822
inst 645 5 829
inst 646 5 837
inst 647 5 841
inst 648 5 759
inst 649 5 819
inst 650 5 825
inst 651 5 826
inst 652 5 816
inst 653 5 817
inst 654 5 823
inst 655 5 824
inst 656 5 840
inst 657 5 844
inst 658 5 845
inst 659 5 846
inst 660 5 847
inst 661 5 848
inst 662 5 849
inst 663 5 851
inst 664 5 842
inst 665 5 621
inst 666 5 628
inst 667 5 625
inst 668 5 626
inst 669 5 629
inst 670 5 630
inst 671 5 631
inst 672 5 850
inst 673 5 611
inst 674 5 612
inst 675 5 613
inst 676 5 624
inst 677 5 910
inst 678 5 622
inst 679 5 623
inst 680 5 627
inst 681 5 905
inst 682 5 906
inst 683 5 908
inst 684 5 912
inst 685 5 904
inst 686 5 907
inst 687 5 909
inst 688 5 911
inst 689 5 714
inst 690 5 716
inst 691 5 721
inst 692 5 810
inst 693 5 717
inst 694 5 720
inst 695 5 722
inst 696 5 727
inst 697 5 609
inst 698 5 610
inst 699 5 710
inst 700 5 711
inst 701 5 712
inst 702 5 811
inst 703 5 713
inst 704 5 715
inst 705 5 804
inst 706 5 805
inst 707 5 809
inst 708 5 812
inst 709 5 813
inst 710 5 814
inst 711 5 815
inst 712 5 808
inst 713 5 796
inst 714 5 798
inst 715 5 799
inst 716 5 800
inst 717 5 801
inst 718 5 806
inst 719 5 807
inst 720 5 803
inst 721 5 595
inst 722 5 703
inst 723 5 704
inst 724 5 705
inst 725 5 706
inst 726 5 707
inst 727 5 708
inst 728 5 709
inst 729 5 566
inst 730 5 568
inst 731 5 597
inst 732 5 672
inst 733 5 675
inst 734 5 676
inst 735 5 569
inst 736 5 673
inst 737 5 693
inst 738 5 694
inst 739 5 698
inst 740 5 699
inst 741 5 701
inst 742 5 702
inst 743 5 696
inst 744 5 697
inst 745 5 589
inst 746 5 683
inst 747 5 684
inst 748 5 685
inst 749 5 686
inst 750 5 695
inst 751 5 596
inst 752 5 700
inst 753 5 633
inst 754 5 634
inst 755 5 635
inst 756 5 636
inst 757 5 637
inst 758 5 638
inst 759 5 820
inst 760 5 802
inst 761 5 639
inst 762 5 640
inst 763 5 641
inst 764 5 643
inst 765 5 644
inst 766 5 645
inst 767 5 632
inst 768 5 647
inst 769 5 689
inst 770 5 690
inst 771 5 691
inst 772 5 692
inst 773 5 793
inst 774 5 794
inst 775 5 795
inst 776 5 797
inst 777 5 650
inst 778 5 651
inst 779 5 654
inst 780 5 646
inst 781 5 648
inst 782 5 649
inst 783 5 655
inst 784 5 656
inst 785 5 614
inst 786 5 620
inst 787 5 843
inst 788 5 852
inst 789 5 872
inst 790 5 615
inst 791 5 616
inst 792 5 642
inst 793 5 660
inst 794 5 868
inst 795 5 870
inst 796 5 617
inst 797 5 618
inst 798 5 619
inst 799 5 871
inst 800 5 874
inst 801 5 853
inst 802 5 854
inst 803 5 857
inst 804 5 873
inst 805 5 652
inst 806 5 653
inst 807 5 855
inst 808 5 856
inst 809 5 657
inst 810 5 659
inst 811 5 663
inst 812 5 664
inst 813 5 658
inst 814 5 666
inst 815 5 661
inst 816 5 662
inst 817 5 562
inst 818 5 564
inst 819 5 565
inst 820 5 567
inst 821 5 599
inst 822 5 677
inst 823 5 678
inst 824 5 679
inst 825 5 1188
inst 826 5 1189
inst 827 5 1205
inst 828 5 1206
inst 829 5 1187
inst 830 5 561
inst 831 5 681
inst 832 5 682
inst 833 5 1186
inst 834 5 1202
inst 835 5 1207
inst 836 5 1208
inst 837 5 1209
inst 838 5 1210
inst 839 5 1211
inst 840 5 1203
inst 841 5 1170
inst 842 5 1171
inst 843 5 1172
inst 844 5 1173
inst 845 5 1178
inst 846 5 1180
inst 847 5 1169
inst 848 5 1204
inst 849 5 1213
inst 850 5 1214
inst 851 5 1215
inst 852 5 1241
inst 853 5 1243
inst 854 5 1244
inst 855 5 1249
inst 856 5 1212
inst 857 5 1174
inst 858 5 1175
inst 859 5 1184
inst 860 5 1167
inst 861 5 1168
inst 862 5 1185
inst 863 5 1190
inst 864 5 1201
inst 865 5 1152
inst 866 5 1153
inst 867 5 1183
inst 868 5 1151
inst 869 5 1179
inst 870 5 1165
inst 871 5 1181
inst 872 5 1182
inst 873 5 1159
inst 874 5 1160
inst 875 5 1161
inst 876 5 1162
inst 877 5 1154
inst 878 5 1163
inst 879 5 1164
inst 880 5 1166
inst 881 5 1221
inst 882 5 1223
inst 883 5 1261
inst 884 5 1262
inst 885 5 1263
inst 886 5 1264
inst 887 5 1265
inst 888 5 1276
inst 889 5 1216
inst 890 5 1217
inst 891 5 1226
inst 892 5 1228
inst 893 5 1218
inst 894 5 1219
inst 895 5 1220
inst 896 5 1222
inst 897 5 1260
inst 898 5 1267
inst 899 5 1268
inst 900 5 1269
inst 901 5 1270
inst 902 5 1274
inst 903 5 1275
inst 904 5 1266
inst 905 5 1254
inst 906 5 1255
inst 907 5 1257
inst 908 5 1258
inst 909 5 1271
inst 910 5 1253
inst 911 5 1272
inst 912 5 1273
inst 913 5 1229
inst 914 5 1233
inst 915 5 1234
inst 916 5 1237
inst 917 5 1238
inst 918 5 1240
inst 919 5 1242
inst 920 5 1227
inst 921 5 1225
inst 922 5 1230
inst 923 5 1251
inst 924 5 1256
inst 925 5 1259
inst 926 5 1252
inst 927 5 1235
inst 928 5 1224
inst 929 5 1176
inst 930 5 1177
inst 931 5 1191
inst 932 5 1192
inst 933 5 1200
inst 934 5 1245
inst 935 5 1246
inst 936 5 1247
inst 937 5 1196
inst 938 5 1197
inst 939 5 1198
inst 940 5 1231
inst 941 5 1232
inst 942 5 1236
inst 943 5 1239
inst 944 5 1248
inst 945 5 592
inst 946 5 598
inst 947 5 600
inst 948 5 601
inst 949 5 602
inst 950 5 688
inst 951 5 680
inst 952 5 674
inst 953 5 582
inst 954 5 585
inst 955 5 603
inst 956 5 606
inst 957 5 607
inst 958 5 604
inst 959 5 605
inst 960 5 563
inst 961 5 573
inst 962 5 577
inst 963 5 578
inst 964 5 579
inst 965 5 580
inst 966 5 581
inst 967 5 594
inst 968 5 583
inst 969 5 572
inst 970 5 574
inst 971 5 575
inst 972 5 1156
inst 973 5 1157
inst 974 5 1158
inst 975 5 576
inst 976 5 1155
inst 977 5 587
inst 978 5 590
inst 979 5 687
inst 980 5 584
inst 981 5 586
inst 982 5 588
inst 983 5 591
inst 984 5 593
inst 985 5 1060
inst 986 5 1061
inst 987 5 1065
inst 988 5 1067
inst 989 5 1068
inst 990 5 1075
inst 991 5 1076
inst 992 5 1070
inst 993 5 1037
inst 994 5 1038
inst 995 5 1039
inst 996 5 1040
inst 997 5 1041
inst 998 5 1043
inst 999 5 1066
inst 1000 5 1069
inst 1001 5 1057
inst 1002 5 1058
inst 1003 5 1074
inst 1004 5 1059
inst 1005 5 1071
inst 1006 5 1042
inst 1007 5 1072
inst 1008 5 1073
inst 1009 5 1142
inst 1010 5 1144
inst 1011 5 1145
inst 1012 5 1146
inst 1013 5 1147
inst 1014 5 1148
inst 1015 5 1149
inst 1016 5 1150
inst 1017 5 1133
inst 1018 5 1136
inst 1019 5 1137
inst 1020 5 1138
inst 1021 5 1139
inst 1022 5 1140
inst 1023 5 1141
inst 1024 5 1143
inst 1025 5 570
inst 1026 5 1127
inst 1027 5 1193
inst 1028 5 1194
inst 1029 5 1195
inst 1030 5 1199
inst 1031 5 1250
inst 1032 5 571
inst 1033 5 1126
inst 1034 5 1131
inst 1035 5 1124
inst 1036 5 1130
inst 1037 5 1132
inst 1038 5 1128
inst 1039 5 1125
inst 1040 5 1129
inst 1041 5 1062
inst 1042 5 1063
inst 1043 5 1106
inst 1044 5 1107
inst 1045 5 1108
inst 1046 5 1109
inst 1047 5 1119
inst 1048 5 1064
inst 1049 5 1054
inst 1050 5 1078
inst 1051 5 1097
inst 1052 5 1102
inst 1053 5 1056
inst 1054 5 1098
inst 1055 5 1099
inst 1056 5 1105
inst 1057 5 1116
inst 1058 5 1118
inst 1059 5 1123
inst 1060 5 1134
inst 1061 5 1121
inst 1062 5 1122
inst 1063 5 1135
inst 1064 5 1120
inst 1065 5 1110
inst 1066 5 1111
inst 1067 5 1112
inst 1068 5 1113
inst 1069 5 1114
inst 1070 5 1100
inst 1071 5 1115
inst 1072 5 1117
inst 1073 5 864
inst 1074 5 901
inst 1075 5 903
inst 1076 5 863
inst 1077 5 865
inst 1078 5 866
inst 1079 5 867
inst 1080 5 902
inst 1081 5 882
inst 1082 5 888
inst 1083 5 896
inst 1084 5 897
inst 1085 5 898
inst 1086 5 899
inst 1087 5 900
inst 1088 5 869
inst 1089 5 889
inst 1090 5 892
inst 1091 5 893
inst 1092 5 894
inst 1093 5 916
inst 1094 5 939
inst 1095 5 880
inst 1096 5 895
inst 1097 5 914
inst 1098 5 917
inst 1099 5 920
inst 1100 5 936
inst 1101 5 913
inst 1102 5 915
inst 1103 5 938
inst 1104 5 940
inst 1105 5 667
inst 1106 5 669
inst 1107 5 670
inst 1108 5 860
inst 1109 5 861
inst 1110 5 665
inst 1111 5 668
inst 1112 5 862
inst 1113 5 877
inst 1114 5 878
inst 1115 5 887
inst 1116 5 875
inst 1117 5 881
inst 1118 5 671
inst 1119 5 858
inst 1120 5 859
inst 1121 5 884
inst 1122 5 885
inst 1123 5 891
inst 1124 5 883
inst 1125 5 890
inst 1126 5 937
inst 1127 5 879
inst 1128 5 886
inst 1129 5 933
inst 1130 5 934
inst 1131 5 980
inst 1132 5 981
inst 1133 5 982
inst 1134 5 995
inst 1135 5 935
inst 1136 5 876
inst 1137 5 921
inst 1138 5 923
inst 1139 5 924
inst 1140 5 927
inst 1141 5 928
inst 1142 5 929
inst 1143 5 930
inst 1144 5 919
inst 1145 5 926
inst 1146 5 941
inst 1147 5 942
inst 1148 5 943
inst 1149 5 954
inst 1150 5 918
inst 1151 5 922
inst 1152 5 925
inst 1153 5 947
inst 1154 5 948
inst 1155 5 949
inst 1156 5 951
inst 1157 5 952
inst 1158 5 956
inst 1159 5 950
inst 1160 5 953
inst 1161 5 957
inst 1162 5 958
inst 1163 5 959
inst 1164 5 960
inst 1165 5 944
inst 1166 5 945
inst 1167 5 946
inst 1168 5 955
inst 1169 5 969
inst 1170 5 970
inst 1171 5 971
inst 1172 5 972
inst 1173 5 976
inst 1174 5 979
inst 1175 5 931
inst 1176 5 932
inst 1177 5 963
inst 1178 5 965
inst 1179 5 966
inst 1180 5 967
inst 1181 5 968
inst 1182 5 961
inst 1183 5 962
inst 1184 5 964
inst 1185 5 974
inst 1186 5 975
inst 1187 5 987
inst 1188 5 992
inst 1189 5 977
inst 1190 5 973
inst 1191 5 978
inst 1192 5 989
inst 1193 5 983
inst 1194 5 985
inst 1195 5 986
inst 1196 5 991
inst 1197 5 990
inst 1198 5 984
inst 1199 5 988
inst 1200 5 993
inst 1201 5 1032
inst 1202 5 1033
inst 1203 5 1035
inst 1204 5 1036
inst 1205 5 1045
inst 1206 5 1049
inst 1207 5 1050
inst 1208 5 1034
inst 1209 5 1024
inst 1210 5 1025
inst 1211 5 1027
inst 1212 5 1028
inst 1213 5 1029
inst 1214 5 1030
inst 1215 5 1026
inst 1216 5 1031
inst 1217 5 998
inst 1218 5 999
inst 1219 5 1007
inst 1220 5 1008
inst 1221 5 1009
inst 1222 5 994
inst 1223 5 996
inst 1224 5 1023
inst 1225 5 1000
inst 1226 5 1001
inst 1227 5 1002
inst 1228 5 1003
inst 1229 5 1004
inst 1230 5 1005
inst 1231 5 1006
inst 1232 5 997
inst 1233 5 1047
inst 1234 5 1048
inst 1235 5 1051
inst 1236 5 1052
inst 1237 5 1081
inst 1238 5 1053
inst 1239 5 1046
inst 1240 5 1044
inst 1241 5 1079
inst 1242 5 1094
inst 1243 5 1095
inst 1244 5 1077
inst 1245 5 1096
inst 1246 5 1101
inst 1247 5 1080
inst 1248 5 1055
inst 1249 5 1089
inst 1250 5 1090
inst 1251 5 1103
inst 1252 5 1082
inst 1253 5 1083
inst 1254 5 1084
inst 1255 5 1093
inst 1256 5 1104
inst 1257 5 1014
inst 1258 5 1092
inst 1259 5 1015
inst 1260 5 1085
inst 1261 5 1086
inst 1262 5 1087
inst 1263 5 1088
inst 1264 5 1091
inst 1265 5 1010
inst 1266 5 1011
inst 1267 5 1012
inst 1268 5 1016
inst 1269 5 1017
inst 1270 5 1018
inst 1271 5 1019
inst 1272 5 1013
inst 1273 5 1021
inst 1274 5 1022
inst 1275 5 1020
inst 1276 6 1287
inst 1277 6 1288
inst 1278 6 1289
inst 1279 6 1290
inst 1280 6 1291
inst 1281 6 1345
inst 1282 6 1346
inst 1283 6 1553
inst 1284 6 1284
inst 1285 6 1286
inst 1286 6 1294
inst 1287 6 1295
inst 1288 6 1296
inst 1289 6 1298
inst 1290 6 1292
inst 1291 6 1293
inst 1292 6 608
inst 1293 6 1282
inst 1294 6 1283
inst 1295 6 1285
inst 1296 6 1303
inst 1297 6 1304
inst 1298 6 1305
inst 1299 6 1312
inst 1300 6 1279
inst 1301 6 1280
inst 1302 6 1281
inst 1303 6 1299
inst 1304 6 1300
inst 1305 6 1301
inst 1306 6 1297
inst 1307 6 1277
inst 1308 6 1306
inst 1309 6 1307
inst 1310 6 1308
inst 1311 6 1309
inst 1312 6 1310
inst 1313 6 1325
inst 1314 6 1326
inst 1315 6 1311
inst 1316 6 1313
inst 1317 6 1315
inst 1318 6 1320
inst 1319 6 1321
inst 1320 6 1322
inst 1321 6 1323
inst 1322 6 1324
inst 1323 6 1327
inst 1324 6 1328
inst 1325 6 1329
inst 1326 6 1335
inst 1327 6 1337
inst 1328 6 1338
inst 1329 6 1339
inst 1330 6 1330
inst 1331 6 1331
inst 1332 6 1302
inst 1333 6 1340
inst 1334 6 1342
inst 1335 6 1343
inst 1336 6 1344
inst 1337 6 1278
inst 1338 6 1336
inst 1339 6 1341
inst 1340 6 1520
inst 1341 6 1528
inst 1342 6 1562
inst 1343 6 1611
inst 1344 6 1613
inst 1345 6 1556
inst 1346 6 1557
inst 1347 6 1559
inst 1348 6 1529
inst 1349 6 1575
inst 1350 6 1581
inst 1351 6 1617
inst 1352 6 1619
inst 1353 6 1699
inst 1354 6 1703
inst 1355 6 1566
inst 1356 6 1539
inst 1357 6 1651
inst 1358 6 1657
inst 1359 6 1659
inst 1360 6 1662
inst 1361 6 1668
inst 1362 6 1695
inst 1363 6 1696
inst 1364 6 1541
inst 1365 6 1542
inst 1366 6 1623
inst 1367 6 1625
inst 1368 6 1669
inst 1369 6 1531
inst 1370 6 1670
inst 1371 6 1672
inst 1372 6 1532
inst 1373 6 1534
inst 1374 6 1535
inst 1375 6 1589
inst 1376 6 1634
inst 1377 6 1687
inst 1378 6 1629
inst 1379 6 1632
inst 1380 6 1546
inst 1381 6 1676
inst 1382 6 1680
inst 1383 6 1684
inst 1384 6 1688
inst 1385 6 1675
inst 1386 6 1678
inst 1387 6 1691
inst 1388 6 1537
inst 1389 6 1593
inst 1390 6 1640
inst 1391 6 1643
inst 1392 6 1646
inst 1393 6 1694
inst 1394 6 1583
inst 1395 6 1587
inst 1396 6 1526
inst 1397 6 1600
inst 1398 6 1602
inst 1399 6 1604
inst 1400 6 1605
inst 1401 6 1608
inst 1402 6 1648
inst 1403 6 1596
inst 1404 6 1316
inst 1405 6 1317
inst 1406 6 1318
inst 1407 6 1319
inst 1408 6 1333
inst 1409 6 1334
inst 1410 6 1314
inst 1411 6 1332
inst 1412 6 1350
inst 1413 6 1363
inst 1414 6 1364
inst 1415 6 1365
inst 1416 6 1368
inst 1417 6 1369
inst 1418 6 1366
inst 1419 6 1367
inst 1420 6 1347
inst 1421 6 1348
inst 1422 6 1351
inst 1423 6 1352
inst 1424 6 1361
inst 1425 6 1372
inst 1426 6 1378
inst 1427 6 1349
inst 1428 6 1354
inst 1429 6 1355
inst 1430 6 1357
inst 1431 6 1359
inst 1432 6 1360
inst 1433 6 1358
inst 1434 6 1362
inst 1435 6 1356
inst 1436 6 1375
inst 1437 6 1376
inst 1438 6 1377
inst 1439 6 1379
inst 1440 6 1370
inst 1441 6 1371
inst 1442 6 1373
inst 1443 6 1374
inst 1444 6 1353
inst 1445 7 1518
inst 1446 7 1554
inst 1447 7 1555
inst 1448 7 1568
inst 1449 7 1570
inst 1450 7 1571
inst 1451 7 1572
inst 1452 7 1697
inst 1453 7 1521
inst 1454 7 1522
inst 1455 7 1576
inst 1456 7 1582
inst 1457 7 1701
inst 1458 7 1577
inst 1459 7 1578
inst 1460 7 1579
inst 1461 7 1519
inst 1462 7 1558
inst 1463 7 1563
inst 1464 7 1564
inst 1465 7 1565
inst 1466 7 1560
inst 1467 7 1561
inst 1468 7 1569
inst 1469 7 1573
inst 1470 7 1574
inst 1471 7 1580
inst 1472 7 1698
inst 1473 7 1700
inst 1474 7 1702
inst 1475 7 1552
inst 1476 7 1567
inst 1477 7 1405
inst 1478 7 1406
inst 1479 7 1416
inst 1480 7 1417
inst 1481 7 1422
inst 1482 7 1426
inst 1483 7 1427
inst 1484 7 1653
inst 1485 7 1614
inst 1486 7 1615
inst 1487 7 1652
inst 1488 7 1655
inst 1489 7 1661
inst 1490 7 1650
inst 1491 7 1654
inst 1492 7 1612
inst 1493 7 1540
inst 1494 7 1549
inst 1495 7 1664
inst 1496 7 1530
inst 1497 7 1618
inst 1498 7 1620
inst 1499 7 1621
inst 1500 7 1616
inst 1501 7 1550
inst 1502 7 1551
inst 1503 7 1658
inst 1504 7 1663
inst 1505 7 1665
inst 1506 7 1667
inst 1507 7 1656
inst 1508 7 1660
inst 1509 7 1544
inst 1510 7 1622
inst 1511 7 1624
inst 1512 7 1626
inst 1513 7 1627
inst 1514 7 1628
inst 1515 7 1633
inst 1516 7 1666
inst 1517 7 1533
inst 1518 7 1591
inst 1519 7 1635
inst 1520 7 1636
inst 1521 7 1685
inst 1522 7 1686
inst 1523 7 1630
inst 1524 7 1631
inst 1525 7 1543
inst 1526 7 1674
inst 1527 7 1677
inst 1528 7 1679
inst 1529 7 1682
inst 1530 7 1683
inst 1531 7 1671
inst 1532 7 1673
inst 1533 7 1547
inst 1534 7 1548
inst 1535 7 1689
inst 1536 7 1690
inst 1537 7 1692
inst 1538 7 1693
inst 1539 7 1545
inst 1540 7 1681
inst 1541 7 1523
inst 1542 7 1524
inst 1543 7 1585
inst 1544 7 1588
inst 1545 7 1590
inst 1546 7 1592
inst 1547 7 1584
inst 1548 7 1586
inst 1549 7 1525
inst 1550 7 1536
inst 1551 7 1639
inst 1552 7 1641
inst 1553 7 1642
inst 1554 7 1638
inst 1555 7 1644
inst 1556 7 1637
inst 1557 7 1538
inst 1558 7 1594
inst 1559 7 1595
inst 1560 7 1597
inst 1561 7 1601
inst 1562 7 1647
inst 1563 7 1649
inst 1564 7 1645
inst 1565 7 1527
inst 1566 7 1599
inst 1567 7 1606
inst 1568 7 1607
inst 1569 7 1609
inst 1570 7 1610
inst 1571 7 1598
inst 1572 7 1603
inst 1573 7 1396
inst 1574 7 1409
inst 1575 7 1412
inst 1576 7 1413
inst 1577 7 1414
inst 1578 7 1415
inst 1579 7 1423
inst 1580 7 1410
inst 1581 7 1380
inst 1582 7 1393
inst 1583 7 1394
inst 1584 7 1407
inst 1585 7 1408
inst 1586 7 1395
inst 1587 7 1397
inst 1588 7 1411
inst 1589 7 1398
inst 1590 7 1399
inst 1591 7 1400
inst 1592 7 1401
inst 1593 7 1402
inst 1594 7 1403
inst 1595 7 1424
inst 1596 7 1425
inst 1597 7 1381
inst 1598 7 1382
inst 1599 7 1383
inst 1600 7 1384
inst 1601 7 1419
inst 1602 7 1418
inst 1603 7 1385
inst 1604 7 1386
inst 1605 7 1388
inst 1606 7 1389
inst 1607 7 1390
inst 1608 7 1391
inst 1609 7 1392
inst 1610 7 1404
inst 1611 7 1420
inst 1612 7 1421
inst 1613 7 1497
inst 1614 7 1498
inst 1615 7 1501
inst 1616 7 1502
inst 1617 7 1503
inst 1618 7 1504
inst 1619 7 1506
inst 1620 7 1387
inst 1621 7 1438
inst 1622 7 1471
inst 1623 7 1472
inst 1624 7 1477
inst 1625 7 1478
inst 1626 7 1479
inst 1627 7 1486
inst 1628 7 1490
inst 1629 7 1440
inst 1630 7 1441
inst 1631 7 1499
inst 1632 7 1505
inst 1633 7 1512
inst 1634 7 1500
inst 1635 7 1507
inst 1636 7 1439
inst 1637 7 1431
inst 1638 7 1467
inst 1639 7 1468
inst 1640 7 1469
inst 1641 7 1475
inst 1642 7 1480
inst 1643 7 1432
inst 1644 7 1470
inst 1645 7 1435
inst 1646 7 1481
inst 1647 7 1483
inst 1648 7 1484
inst 1649 7 1489
inst 1650 7 1485
inst 1651 7 1434
inst 1652 7 1482
inst 1653 7 1428
inst 1654 7 1447
inst 1655 7 1448
inst 1656 7 1463
inst 1657 7 1464
inst 1658 7 1465
inst 1659 7 1474
inst 1660 7 1466
inst 1661 7 1433
inst 1662 7 1450
inst 1663 7 1452
inst 1664 7 1454
inst 1665 7 1513
inst 1666 7 1449
inst 1667 7 1473
inst 1668 7 1476
inst 1669 7 1488
inst 1670 7 1491
inst 1671 7 1492
inst 1672 7 1496
inst 1673 7 1494
inst 1674 7 1495
inst 1675 7 1437
inst 1676 7 1487
inst 1677 7 1458
inst 1678 7 1460
inst 1679 7 1461
inst 1680 7 1510
inst 1681 7 1436
inst 1682 7 1453
inst 1683 7 1459
inst 1684 7 1493
inst 1685 7 1455
inst 1686 7 1457
inst 1687 7 1429
inst 1688 7 1430
inst 1689 7 1444
inst 1690 7 1451
inst 1691 7 1456
inst 1692 7 1508
inst 1693 7 1442
inst 1694 7 1443
inst 1695 7 1446
inst 1696 7 1516
inst 1697 7 1517
inst 1698 7 1462
inst 1699 7 1509
inst 1700 7 1511
inst 1701 7 1445
inst 1702 7 1515
inst 1703 7 1514
level firecanyon tree 0 protos 4 instances 664
proto 0 fcn-bush.mb stiffness 0.000000 dists 450560.0000 225280.0000 0.0000 655360.0000 rdists 0.00000488 0.00000444 0.00000698 0.00000000
proto 1 fire-burnt-shrub-01.mb stiffness 0.000000 dists 491520.0000 245760.0000 0.0000 614400.0000 rdists 0.00000814 0.00000407 0.00001163 0.00000000
proto 2 fire-burnt-grass.mb stiffness 0.000000 dists 491520.0000 245760.0000 0.0000 614400.0000 rdists 0.00000814 0.00000407 0.00001163 0.00000000
proto 3 smrockshrubgroup.mb stiffness 0.400000 dists 368640.0000 184320.0000 0.0000 450560.0000 rdists 0.00001221 0.00000543 0.00001744 0.40000001
inst 0 0 306
inst 1 0 307
inst 2 0 308
inst 3 0 309
inst 4 0 310
inst 5 0 312
inst 6 0 313
inst 7 0 314
inst 8 0 322
inst 9 0 323
inst 10 0 324
inst 11 0 326
inst 12 0 327
inst 13 0 328
inst 14 0 311
inst 15 0 315
inst 16 0 79
inst 17 0 330
inst 18 0 331
inst 19 0 332
inst 20 0 333
inst 21 0 334
inst 22 0 335
inst 23 0 329
inst 24 0 47
inst 25 0 52
inst 26 0 55
inst 27 0 66
inst 28 0 67
inst 29 0 78
inst 30 0 81
inst 31 0 107
inst 32 0 54
inst 33 0 59
inst 34 0 61
inst 35 0 62
inst 36 0 56
inst 37 0 57
inst 38 0 63
inst 39 0 64
inst 40 0 48
inst 41 0 49
inst 42 0 50
inst 43 0 74
inst 44 0 75
inst 45 0 77
inst 46 0 73
inst 47 0 65
inst 48 0 23
inst 49 0 24
inst 50 0 25
inst 51 0 44
inst 52 0 76
inst 53 0 83
inst 54 0 51
inst 55 0 80
inst 56 0 29
inst 57 0 30
inst 58 0 16
inst 59 0 20
inst 60 0 21
inst 61 0 22
inst 62 0 31
inst 63 0 32
inst 64 0 60
inst 65 0 69
inst 66 0 85
inst 67 0 87
inst 68 0 291
inst 69 0 53
inst 70 0 58
inst 71 0 70
inst 72 0 89
inst 73 0 90
inst 74 0 95
inst 75 0 103
inst 76 0 104
inst 77 0 300
inst 78 0 289
inst 79 0 290
inst 80 0 71
inst 81 0 84
inst 82 0 86
inst 83 0 72
inst 84 0 82
inst 85 0 68
inst 86 0 91
inst 87 0 92
inst 88 0 8
inst 89 0 113
inst 90 0 114
inst 91 0 116
inst 92 0 117
inst 93 0 88
inst 94 0 93
inst 95 0 94
inst 96 0 19
inst 97 0 36
inst 98 0 39
inst 99 0 40
inst 100 0 41
inst 101 0 106
inst 102 0 42
inst 103 0 43
inst 104 0 0
inst 105 0 1
inst 106 0 6
inst 107 0 7
inst 108 0 45
inst 109 0 17
inst 110 0 18
inst 111 0 46
inst 112 0 26
inst 113 0 27
inst 114 0 33
inst 115 0 2
inst 116 0 28
inst 117 0 35
inst 118 0 37
inst 119 0 38
inst 120 0 11
inst 121 0 13
inst 122 0 14
inst 123 0 10
inst 124 0 15
inst 125 0 12
inst 126 0 34
inst 127 0 105
inst 128 0 96
inst 129 0 97
inst 130 0 98
inst 131 0 99
inst 132 0 101
inst 133 0 298
inst 134 0 299
inst 135 0 102
inst 136 0 111
inst 137 0 112
inst 138 0 9
inst 139 0 110
inst 140 0 115
inst 141 0 118
inst 142 0 100
inst 143 0 109
inst 144 1 148
inst 145 1 149
inst 146 1 150
inst 147 1 155
inst 148 1 156
inst 149 1 172
inst 150 1 173
inst 151 1 174
inst 152 1 119
inst 153 1 120
inst 154 1 126
inst 155 1 135
inst 156 1 144
inst 157 1 145
inst 158 1 146
inst 159 1 147
inst 160 1 137
inst 161 1 139
inst 162 1 140
inst 163 1 142
inst 164 1 171
inst 165 1 136
inst 166 1 138
inst 167 1 141
inst 168 1 124
inst 169 1 123
inst 170 1 125
inst 171 1 153
inst 172 1 154
inst 173 1 170
inst 174 1 121
inst 175 1 143
inst 176 1 128
inst 177 1 130
inst 178 1 133
inst 179 1 134
inst 180 1 152
inst 181 1 122
inst 182 1 127
inst 183 1 151
inst 184 1 186
inst 185 1 187
inst 186 1 188
inst 187 1 189
inst 188 1 190
inst 189 1 129
inst 190 1 131
inst 191 1 132
inst 192 1 182
inst 193 1 179
inst 194 1 180
inst 195 1 181
inst 196 1 218
inst 197 1 219
inst 198 1 223
inst 199 1 255
inst 200 1 183
inst 201 1 212
inst 202 1 216
inst 203 1 275
inst 204 1 217
inst 205 1 274
inst 206 1 184
inst 207 1 185
inst 208 1 191
inst 209 1 192
inst 210 1 194
inst 211 1 197
inst 212 1 198
inst 213 1 199
inst 214 1 200
inst 215 1 224
inst 216 1 203
inst 217 1 176
inst 218 1 177
inst 219 1 178
inst 220 1 193
inst 221 1 195
inst 222 1 196
inst 223 1 201
inst 224 1 208
inst 225 1 220
inst 226 1 202
inst 227 1 204
inst 228 1 205
inst 229 1 206
inst 230 1 207
inst 231 1 209
inst 232 1 214
inst 233 1 221
inst 234 1 222
inst 235 1 227
inst 236 1 213
inst 237 1 215
inst 238 1 210
inst 239 1 211
inst 240 1 225
inst 241 1 258
inst 242 1 259
inst 243 1 260
inst 244 1 261
inst 245 1 273
inst 246 1 276
inst 247 1 226
inst 248 2 158
inst 249 2 162
inst 250 2 163
inst 251 2 281
inst 252 2 282
inst 253 2 283
inst 254 2 284
inst 255 2 288
inst 256 2 159
inst 257 2 160
inst 258 2 161
inst 259 2 168
inst 260 2 285
inst 261 2 286
inst 262 2 157
inst 263 2 287
inst 264 2 166
inst 265 2 167
inst 266 2 175
inst 267 2 252
inst 268 2 264
inst 269 2 164
inst 270 2 165
inst 271 2 169
inst 272 2 238
inst 273 2 240
inst 274 2 241
inst 275 2 263
inst 276 2 271
inst 277 2 249
inst 278 2 265
inst 279 2 272
inst 280 2 231
inst 281 2 242
inst 282 2 243
inst 283 2 244
inst 284 2 254
inst 285 2 228
inst 286 2 229
inst 287 2 230
inst 288 2 233
inst 289 2 246
inst 290 2 247
inst 291 2 251
inst 292 2 253
inst 293 2 232
inst 294 2 245
inst 295 2 250
inst 296 2 234
inst 297 2 267
inst 298 2 269
inst 299 2 277
inst 300 2 278
inst 301 2 235
inst 302 2 262
inst 303 2 239
inst 304 2 279
inst 305 2 237
inst 306 2 280
inst 307 2 266
inst 308 2 268
inst 309 2 270
inst 310 2 236
inst 311 2 248
inst 312 2 256
inst 313 2 340
inst 314 2 341
inst 315 2 349
inst 316 2 353
inst 317 2 366
inst 318 2 367
inst 319 2 368
inst 320 2 348
inst 321 2 351
inst 322 2 362
inst 323 2 257
inst 324 2 339
inst 325 2 361
inst 326 2 364
inst 327 2 365
inst 328 2 354
inst 329 2 355
inst 330 2 357
inst 331 2 356
inst 332 2 358
inst 333 2 360
inst 334 2 359
inst 335 2 363
inst 336 2 343
inst 337 2 347
inst 338 2 350
inst 339 2 352
inst 340 2 342
inst 341 2 344
inst 342 2 345
inst 343 2 346
inst 344 3 701
inst 345 3 702
inst 346 3 703
inst 347 3 704
inst 348 3 705
inst 349 3 706
inst 350 3 829
inst 351 3 831
inst 352 3 698
inst 353 3 699
inst 354 3 700
inst 355 3 707
inst 356 3 708
inst 357 3 709
inst 358 3 828
inst 359 3 830
inst 360 3 689
inst 361 3 690
inst 362 3 691
inst 363 3 692
inst 364 3 695
inst 365 3 696
inst 366 3 710
inst 367 3 697
inst 368 3 686
inst 369 3 687
inst 370 3 688
inst 371 3 713
inst 372 3 693
inst 373 3 694
inst 374 3 711
inst 375 3 712
inst 376 3 876
inst 377 3 877
inst 378 3 878
inst 379 3 879
inst 380 3 881
inst 381 3 882
inst 382 3 684
inst 383 3 685
inst 384 3 680
inst 385 3 681
inst 386 3 682
inst 387 3 683
inst 388 3 714
inst 389 3 715
inst 390 3 718
inst 391 3 880
inst 392 3 675
inst 393 3 676
inst 394 3 677
inst 395 3 678
inst 396 3 679
inst 397 3 735
inst 398 3 716
inst 399 3 717
inst 400 3 667
inst 401 3 672
inst 402 3 730
inst 403 3 732
inst 404 3 733
inst 405 3 855
inst 406 3 673
inst 407 3 674
inst 408 3 661
inst 409 3 662
inst 410 3 663
inst 411 3 664
inst 412 3 724
inst 413 3 848
inst 414 3 849
inst 415 3 856
inst 416 3 659
inst 417 3 719
inst 418 3 720
inst 419 3 725
inst 420 3 660
inst 421 3 721
inst 422 3 722
inst 423 3 723
inst 424 3 670
inst 425 3 671
inst 426 3 731
inst 427 3 850
inst 428 3 858
inst 429 3 859
inst 430 3 668
inst 431 3 669
inst 432 3 665
inst 433 3 666
inst 434 3 852
inst 435 3 854
inst 436 3 851
inst 437 3 734
inst 438 3 853
inst 439 3 857
inst 440 3 658
inst 441 3 727
inst 442 3 728
inst 443 3 737
inst 444 3 738
inst 445 3 739
inst 446 3 726
inst 447 3 736
inst 448 3 651
inst 449 3 653
inst 450 3 654
inst 451 3 655
inst 452 3 656
inst 453 3 740
inst 454 3 657
inst 455 3 729
inst 456 3 648
inst 457 3 741
inst 458 3 742
inst 459 3 744
inst 460 3 755
inst 461 3 649
inst 462 3 650
inst 463 3 652
inst 464 3 644
inst 465 3 645
inst 466 3 746
inst 467 3 748
inst 468 3 754
inst 469 3 646
inst 470 3 743
inst 471 3 745
inst 472 3 753
inst 473 3 760
inst 474 3 761
inst 475 3 860
inst 476 3 861
inst 477 3 862
inst 478 3 647
inst 479 3 747
inst 480 3 642
inst 481 3 643
inst 482 3 756
inst 483 3 757
inst 484 3 758
inst 485 3 765
inst 486 3 863
inst 487 3 759
inst 488 3 638
inst 489 3 641
inst 490 3 749
inst 491 3 751
inst 492 3 752
inst 493 3 762
inst 494 3 763
inst 495 3 764
inst 496 3 632
inst 497 3 633
inst 498 3 636
inst 499 3 640
inst 500 3 785
inst 501 3 637
inst 502 3 639
inst 503 3 750
inst 504 3 634
inst 505 3 635
inst 506 3 767
inst 507 3 768
inst 508 3 769
inst 509 3 770
inst 510 3 772
inst 511 3 773
inst 512 3 626
inst 513 3 628
inst 514 3 766
inst 515 3 774
inst 516 3 775
inst 517 3 776
inst 518 3 827
inst 519 3 771
inst 520 3 777
inst 521 3 779
inst 522 3 780
inst 523 3 782
inst 524 3 784
inst 525 3 627
inst 526 3 778
inst 527 3 781
inst 528 3 624
inst 529 3 625
inst 530 3 629
inst 531 3 631
inst 532 3 803
inst 533 3 844
inst 534 3 630
inst 535 3 783
inst 536 3 621
inst 537 3 622
inst 538 3 623
inst 539 3 842
inst 540 3 843
inst 541 3 845
inst 542 3 846
inst 543 3 847
inst 544 3 612
inst 545 3 614
inst 546 3 615
inst 547 3 616
inst 548 3 617
inst 549 3 620
inst 550 3 618
inst 551 3 619
inst 552 3 786
inst 553 3 787
inst 554 3 788
inst 555 3 790
inst 556 3 797
inst 557 3 798
inst 558 3 613
inst 559 3 791
inst 560 3 608
inst 561 3 609
inst 562 3 610
inst 563 3 611
inst 564 3 792
inst 565 3 793
inst 566 3 794
inst 567 3 789
inst 568 3 603
inst 569 3 604
inst 570 3 605
inst 571 3 606
inst 572 3 795
inst 573 3 796
inst 574 3 799
inst 575 3 607
inst 576 3 600
inst 577 3 601
inst 578 3 889
inst 579 3 890
inst 580 3 891
inst 581 3 892
inst 582 3 893
inst 583 3 602
inst 584 3 594
inst 585 3 839
inst 586 3 840
inst 587 3 841
inst 588 3 864
inst 589 3 595
inst 590 3 596
inst 591 3 597
inst 592 3 884
inst 593 3 885
inst 594 3 886
inst 595 3 887
inst 596 3 888
inst 597 3 599
inst 598 3 838
inst 599 3 598
inst 600 3 583
inst 601 3 584
inst 602 3 808
inst 603 3 809
inst 604 3 810
inst 605 3 811
inst 606 3 818
inst 607 3 819
inst 608 3 578
inst 609 3 823
inst 610 3 824
inst 611 3 825
inst 612 3 868
inst 613 3 580
inst 614 3 581
inst 615 3 582
inst 616 3 574
inst 617 3 575
inst 618 3 576
inst 619 3 812
inst 620 3 867
inst 621 3 820
inst 622 3 821
inst 623 3 822
inst 624 3 579
inst 625 3 815
inst 626 3 816
inst 627 3 817
inst 628 3 865
inst 629 3 866
inst 630 3 813
inst 631 3 814
inst 632 3 588
inst 633 3 589
inst 634 3 590
inst 635 3 804
inst 636 3 806
inst 637 3 833
inst 638 3 837
inst 639 3 591
inst 640 3 834
inst 641 3 577
inst 642 3 585
inst 643 3 586
inst 644 3 587
inst 645 3 832
inst 646 3 835
inst 647 3 836
inst 648 3 593
inst 649 3 805
inst 650 3 807
inst 651 3 592
inst 652 3 802
inst 653 3 826
inst 654 3 800
inst 655 3 801
inst 656 3 871
inst 657 3 872
inst 658 3 873
inst 659 3 874
inst 660 3 875
inst 661 3 883
inst 662 3 869
inst 663 3 870
level sunkenb tree 0 protos 2 instances 301
proto 0 sun-mushroom-ears.mb stiffness 0.400000 dists 491520.0000 245760.0000 0.0000 737280.0000 rdists 0.00000407 0.00000407 0.00000581 0.40000001
proto 1 hotpipe-coil.mb stiffness 0.000000 dists 225280.0000 112640.0000 0.0000 327680.0000 rdists 0.00000977 0.00000888 0.00001395 0.00000000
inst 0 0 0
inst 1 0 1
inst 2 0 2
inst 3 0 3
inst 4 0 4
inst 5 0 5
inst 6 0 6
inst 7 0 7
inst 8 0 13
inst 9 0 18
inst 10 0 19
inst 11 0 8
inst 12 0 9
inst 13 0 10
inst 14 0 11
inst 15 0 12
inst 16 0 15
inst 17 0 17
inst 18 0 20
inst 19 0 21
inst 20 0 22
inst 21 0 23
inst 22 0 24
inst 23 0 25
inst 24 0 14
inst 25 0 16
inst 26 1 156
inst 27 1 157
inst 28 1 158
inst 29 1 159
inst 30 1 160
inst 31 1 201
inst 32 1 202
inst 33 1 203
inst 34 1 133
inst 35 1 134
inst 36 1 135
inst 37 1 196
inst 38 1 199
inst 39 1 200
inst 40 1 204
inst 41 1 205
inst 42 1 123
inst 43 1 124
inst 44 1 216
inst 45 1 217
inst 46 1 218
inst 47 1 219
inst 48 1 220
inst 49 1 225
inst 50 1 126
inst 51 1 127
inst 52 1 128
inst 53 1 129
inst 54 1 130
inst 55 1 131
inst 56 1 132
inst 57 1 125
inst 58 1 161
inst 59 1 162
inst 60 1 163
inst 61 1 164
inst 62 1 165
inst 63 1 183
inst 64 1 197
inst 65 1 198
inst 66 1 176
inst 67 1 177
inst 68 1 178
inst 69 1 179
inst 70 1 184
inst 71 1 185
inst 72 1 181
inst 73 1 182
inst 74 1 166
inst 75 1 167
inst 76 1 168
inst 77 1 169
inst 78 1 170
inst 79 1 191
inst 80 1 192
inst 81 1 193
inst 82 1 186
inst 83 1 187
inst 84 1 188
inst 85 1 189
inst 86 1 190
inst 87 1 180
inst 88 1 194
inst 89 1 195
inst 90 1 149
inst 91 1 150
inst 92 1 151
inst 93 1 152
inst 94 1 153
inst 95 1 154
inst 96 1 155
inst 97 1 213
inst 98 1 146
inst 99 1 208
inst 100 1 214
inst 101 1 215
inst 102 1 147
inst 103 1 148
inst 104 1 211
inst 105 1 212
inst 106 1 69
inst 107 1 70
inst 108 1 136
inst 109 1 137
inst 110 1 138
inst 111 1 139
inst 112 1 140
inst 113 1 141
inst 114 1 209
inst 115 1 210
inst 116 1 207
inst 117 1 206
inst 118 1 142
inst 119 1 143
inst 120 1 144
inst 121 1 145
inst 122 1 222
inst 123 1 223
inst 124 1 221
inst 125 1 224
inst 126 1 62
inst 127 1 63
inst 128 1 64
inst 129 1 65
inst 130 1 261
inst 131 1 262
inst 132 1 263
inst 133 1 264
inst 134 1 66
inst 135 1 67
inst 136 1 68
inst 137 1 61
inst 138 1 74
inst 139 1 75
inst 140 1 256
inst 141 1 257
inst 142 1 258
inst 143 1 259
inst 144 1 260
inst 145 1 265
inst 146 1 71
inst 147 1 72
inst 148 1 76
inst 149 1 77
inst 150 1 78
inst 151 1 79
inst 152 1 80
inst 153 1 73
inst 154 1 278
inst 155 1 279
inst 156 1 280
inst 157 1 281
inst 158 1 282
inst 159 1 283
inst 160 1 284
inst 161 1 285
inst 162 1 226
inst 163 1 227
inst 164 1 228
inst 165 1 229
inst 166 1 230
inst 167 1 235
inst 168 1 276
inst 169 1 277
inst 170 1 26
inst 171 1 27
inst 172 1 28
inst 173 1 29
inst 174 1 44
inst 175 1 45
inst 176 1 46
inst 177 1 47
inst 178 1 50
inst 179 1 56
inst 180 1 57
inst 181 1 58
inst 182 1 59
inst 183 1 60
inst 184 1 48
inst 185 1 49
inst 186 1 81
inst 187 1 82
inst 188 1 83
inst 189 1 84
inst 190 1 85
inst 191 1 86
inst 192 1 87
inst 193 1 88
inst 194 1 247
inst 195 1 248
inst 196 1 249
inst 197 1 250
inst 198 1 231
inst 199 1 234
inst 200 1 232
inst 201 1 233
inst 202 1 239
inst 203 1 240
inst 204 1 251
inst 205 1 252
inst 206 1 253
inst 207 1 254
inst 208 1 255
inst 209 1 246
inst 210 1 236
inst 211 1 241
inst 212 1 242
inst 213 1 243
inst 214 1 244
inst 215 1 245
inst 216 1 237
inst 217 1 238
inst 218 1 286
inst 219 1 287
inst 220 1 288
inst 221 1 289
inst 222 1 290
inst 223 1 291
inst 224 1 292
inst 225 1 293
inst 226 1 171
inst 227 1 172
inst 228 1 173
inst 229 1 174
inst 230 1 175
inst 231 1 296
inst 232 1 294
inst 233 1 295
inst 234 1 119
inst 235 1 120
inst 236 1 300
inst 237 1 121
inst 238 1 122
inst 239 1 297
inst 240 1 298
inst 241 1 299
inst 242 1 111
inst 243 1 112
inst 244 1 113
inst 245 1 114
inst 246 1 115
inst 247 1 116
inst 248 1 117
inst 249 1 118
inst 250 1 266
inst 251 1 267
inst 252 1 268
inst 253 1 269
inst 254 1 270
inst 255 1 274
inst 256 1 275
inst 257 1 271
inst 258 1 101
inst 259 1 106
inst 260 1 107
inst 261 1 108
inst 262 1 109
inst 263 1 110
inst 264 1 273
inst 265 1 272
inst 266 1 97
inst 267 1 98
inst 268 1 99
inst 269 1 100
inst 270 1 103
inst 271 1 104
inst 272 1 105
inst 273 1 102
inst 274 1 91
inst 275 1 92
inst 276 1 93
inst 277 1 94
inst 278 1 95
inst 279 1 89
inst 280 1 90
inst 281 1 96
inst 282 1 31
inst 283 1 32
inst 284 1 33
inst 285 1 34
inst 286 1 30
inst 287 1 41
inst 288 1 42
inst 289 1 43
inst 290 1 36
inst 291 1 37
inst 292 1 38
inst 293 1 39
inst 294 1 40
inst 295 1 54
inst 296 1 55
inst 297 1 35
inst 298 1 51
inst 299 1 52
inst 300 1 53
level village3 tree 0 protos 18 instances 2263
proto 0 vil3-metal-pins.mb stiffness 0.000000 dists 573440.0000 286720.0000 0.0000 614400.0000 rdists 0.00002441 0.00000349 0.00003488 0.00000000
proto 1 vil3-gondola-house-joint.mb stiffness 0.000000 dists 163840.0000 81920.0000 0.0000 204800.0000 rdists 0.00002441 0.00001221 0.00003488 0.00000000
proto 2 vil3-minecart-plank-bolts.mb stiffness 0.000000 dists 122880.0000 61440.0000 0.0000 143360.0000 rdists 0.00004883 0.00001628 0.00006975 0.00000000
proto 3 vil3-gondola-bolts.mb stiffness 0.000000 dists 163840.0000 81920.0000 0.0000 204800.0000 rdists 0.00002441 0.00001221 0.00003488 0.00000000
proto 4 vil3-mini-lavarocks.mb stiffness 0.000000 dists 204800.0000 102400.0000 0.0000 245760.0000 rdists 0.00002441 0.00000977 0.00003488 0.00000000
proto 5 vil3-sulphur-crystals-02.mb stiffness 0.000000 dists 204800.0000 102400.0000 0.0000 266240.0000 rdists 0.00001628 0.00000977 0.00002325 0.00000000
proto 6 vil3-planktie.mb stiffness 0.000000 dists 163840.0000 81920.0000 0.0000 204800.0000 rdists 0.00002441 0.00001221 0.00003488 0.00000000
proto 7 vil3-lilplanktie.mb stiffness 0.000000 dists 163840.0000 81920.0000 0.0000 204800.0000 rdists 0.00002441 0.00001221 0.00003488 0.00000000
proto 8 vil3-shrubrocks.mb stiffness 0.000000 dists 286720.0000 143360.0000 0.0000 327680.0000 rdists 0.00002441 0.00000698 0.00003488 0.00000000
proto 9 vil3-hut-debris-01.mb stiffness 0.000000 dists 122880.0000 61440.0000 0.0000 184320.0000 rdists 0.00001628 0.00001628 0.00002325 0.00000000
proto 10 vil3-hut-debris-02.mb stiffness 0.000000 dists 122880.0000 61440.0000 0.0000 184320.0000 rdists 0.00001628 0.00001628 0.00002325 0.00000000
proto 11 vil3-hut-debris-03.mb stiffness 0.000000 dists 122880.0000 61440.0000 0.0000 184320.0000 rdists 0.00001628 0.00001628 0.00002325 0.00000000
proto 12 vil3-sagenotes-01.mb stiffness 0.000000 dists 122880.0000 61440.0000 0.0000 184320.0000 rdists 0.00001628 0.00001628 0.00002325 0.00000000
proto 13 vil3-sagenotes-02.mb stiffness 0.000000 dists 122880.0000 61440.0000 0.0000 184320.0000 rdists 0.00001628 0.00001628 0.00002325 0.00000000
proto 14 vil3-sagenotes-03.mb stiffness 0.000000 dists 122880.0000 61440.0000 0.0000 184320.0000 rdists 0.00001628 0.00001628 0.00002325 0.00000000
proto 15 vil3-mushroom-01-geo.mb stiffness 0.000000 dists 266240.0000 133120.0000 0.0000 327680.0000 rdists 0.00001628 0.00000751 0.00002325 0.00000000
proto 16 vil3-ladder-rung.mb stiffness 0.000000 dists 163840.0000 81920.0000 0.0000 204800.0000 rdists 0.00002441 0.00001221 0.00003488 0.00000000
proto 17 vil3-cave-shards.mb stiffness 0.000000 dists 245760.0000 122880.0000 0.0000 286720.0000 rdists 0.00002441 0.00000814 0.00003488 0.00000000
inst 0 0 1576
inst 1 0 1577
inst 2 0 1578
inst 3 0 1579
inst 4 0 1580
inst 5 0 1581
inst 6 0 1582
inst 7 0 1611
inst 8 0 749
inst 9 0 750
inst 10 0 1014
inst 11 0 1609
inst 12 0 1613
inst 13 0 1614
inst 14 0 1615
inst 15 0 1616
inst 16 0 747
inst 17 0 755
inst 18 0 756
inst 19 0 757
inst 20 0 758
inst 21 0 915
inst 22 0 918
inst 23 0 746
inst 24 0 752
inst 25 0 753
inst 26 0 754
inst 27 0 759
inst 28 0 745
inst 29 0 748
inst 30 0 751
inst 31 0 744
inst 32 0 720
inst 33 0 724
inst 34 0 738
inst 35 0 740
inst 36 0 741
inst 37 0 1015
inst 38 0 1610
inst 39 0 1612
inst 40 0 636
inst 41 0 637
inst 42 0 722
inst 43 0 1009
inst 44 0 1010
inst 45 0 1011
inst 46 0 1012
inst 47 0 723
inst 48 0 729
inst 49 0 730
inst 50 0 731
inst 51 0 732
inst 52 0 736
inst 53 0 739
inst 54 0 721
inst 55 0 725
inst 56 0 635
inst 57 0 726
inst 58 0 727
inst 59 0 733
inst 60 0 634
inst 61 0 718
inst 62 0 719
inst 63 0 728
inst 64 0 81
inst 65 0 84
inst 66 0 103
inst 67 0 104
inst 68 0 107
inst 69 0 111
inst 70 0 112
inst 71 0 118
inst 72 0 79
inst 73 0 80
inst 74 0 82
inst 75 0 621
inst 76 0 625
inst 77 0 626
inst 78 0 632
inst 79 0 83
inst 80 0 105
inst 81 0 106
inst 82 0 110
inst 83 0 114
inst 84 0 115
inst 85 0 116
inst 86 0 117
inst 87 0 108
inst 88 0 63
inst 89 0 66
inst 90 0 67
inst 91 0 68
inst 92 0 71
inst 93 0 72
inst 94 0 113
inst 95 0 109
inst 96 0 617
inst 97 0 619
inst 98 0 620
inst 99 0 623
inst 100 0 627
inst 101 0 633
inst 102 0 616
inst 103 0 624
inst 104 0 614
inst 105 0 615
inst 106 0 622
inst 107 0 629
inst 108 0 643
inst 109 0 644
inst 110 0 618
inst 111 0 628
inst 112 0 607
inst 113 0 608
inst 114 0 609
inst 115 0 610
inst 116 0 611
inst 117 0 642
inst 118 0 645
inst 119 0 640
inst 120 0 61
inst 121 0 64
inst 122 0 74
inst 123 0 75
inst 124 0 606
inst 125 0 65
inst 126 0 73
inst 127 0 641
inst 128 0 920
inst 129 0 927
inst 130 0 928
inst 131 0 929
inst 132 0 931
inst 133 0 932
inst 134 0 933
inst 135 0 919
inst 136 0 923
inst 137 0 925
inst 138 0 926
inst 139 0 930
inst 140 0 934
inst 141 0 935
inst 142 0 924
inst 143 0 938
inst 144 0 936
inst 145 0 1346
inst 146 0 1349
inst 147 0 1571
inst 148 0 1572
inst 149 0 1573
inst 150 0 1574
inst 151 0 937
inst 152 0 941
inst 153 0 942
inst 154 0 943
inst 155 0 944
inst 156 0 945
inst 157 0 946
inst 158 0 1348
inst 159 0 1347
inst 160 0 916
inst 161 0 954
inst 162 0 955
inst 163 0 956
inst 164 0 958
inst 165 0 959
inst 166 0 960
inst 167 0 917
inst 168 0 949
inst 169 0 950
inst 170 0 952
inst 171 0 953
inst 172 0 962
inst 173 0 963
inst 174 0 951
inst 175 0 961
inst 176 0 701
inst 177 0 704
inst 178 0 705
inst 179 0 708
inst 180 0 709
inst 181 0 715
inst 182 0 957
inst 183 0 964
inst 184 0 702
inst 185 0 703
inst 186 0 706
inst 187 0 707
inst 188 0 713
inst 189 0 714
inst 190 0 700
inst 191 0 710
inst 192 0 670
inst 193 0 671
inst 194 0 674
inst 195 0 677
inst 196 0 1016
inst 197 0 1017
inst 198 0 1605
inst 199 0 1606
inst 200 0 666
inst 201 0 667
inst 202 0 669
inst 203 0 687
inst 204 0 688
inst 205 0 689
inst 206 0 737
inst 207 0 668
inst 208 0 648
inst 209 0 649
inst 210 0 651
inst 211 0 660
inst 212 0 661
inst 213 0 662
inst 214 0 656
inst 215 0 663
inst 216 0 653
inst 217 0 654
inst 218 0 655
inst 219 0 657
inst 220 0 658
inst 221 0 659
inst 222 0 650
inst 223 0 652
inst 224 0 676
inst 225 0 678
inst 226 0 679
inst 227 0 680
inst 228 0 1601
inst 229 0 1602
inst 230 0 1604
inst 231 0 1607
inst 232 0 683
inst 233 0 684
inst 234 0 685
inst 235 0 686
inst 236 0 692
inst 237 0 682
inst 238 0 681
inst 239 0 675
inst 240 0 693
inst 241 0 694
inst 242 0 696
inst 243 0 697
inst 244 0 712
inst 245 0 1603
inst 246 0 1608
inst 247 0 695
inst 248 0 1583
inst 249 0 1584
inst 250 0 1585
inst 251 0 1586
inst 252 0 1587
inst 253 0 1588
inst 254 0 1589
inst 255 0 711
inst 256 0 95
inst 257 0 96
inst 258 0 97
inst 259 0 98
inst 260 0 99
inst 261 0 100
inst 262 0 123
inst 263 0 134
inst 264 0 121
inst 265 0 122
inst 266 0 125
inst 267 0 126
inst 268 0 129
inst 269 0 136
inst 270 0 124
inst 271 0 135
inst 272 0 128
inst 273 0 132
inst 274 0 147
inst 275 0 149
inst 276 0 150
inst 277 0 151
inst 278 0 152
inst 279 0 133
inst 280 0 130
inst 281 0 131
inst 282 0 139
inst 283 0 141
inst 284 0 142
inst 285 0 143
inst 286 0 144
inst 287 0 127
inst 288 0 589
inst 289 0 596
inst 290 0 603
inst 291 0 824
inst 292 0 825
inst 293 0 826
inst 294 0 827
inst 295 0 830
inst 296 0 588
inst 297 0 591
inst 298 0 593
inst 299 0 594
inst 300 0 597
inst 301 0 598
inst 302 0 602
inst 303 0 592
inst 304 0 829
inst 305 0 832
inst 306 0 834
inst 307 0 835
inst 308 0 836
inst 309 0 837
inst 310 0 148
inst 311 0 831
inst 312 0 526
inst 313 0 527
inst 314 0 529
inst 315 0 530
inst 316 0 531
inst 317 0 540
inst 318 0 534
inst 319 0 541
inst 320 0 580
inst 321 0 581
inst 322 0 583
inst 323 0 590
inst 324 0 595
inst 325 0 599
inst 326 0 600
inst 327 0 601
inst 328 0 564
inst 329 0 569
inst 330 0 573
inst 331 0 574
inst 332 0 575
inst 333 0 582
inst 334 0 584
inst 335 0 585
inst 336 0 562
inst 337 0 563
inst 338 0 566
inst 339 0 567
inst 340 0 568
inst 341 0 572
inst 342 0 565
inst 343 0 576
inst 344 0 570
inst 345 0 577
inst 346 0 1338
inst 347 0 1339
inst 348 0 1340
inst 349 0 1341
inst 350 0 1343
inst 351 0 571
inst 352 0 545
inst 353 0 552
inst 354 0 559
inst 355 0 815
inst 356 0 819
inst 357 0 820
inst 358 0 821
inst 359 0 822
inst 360 0 528
inst 361 0 533
inst 362 0 537
inst 363 0 538
inst 364 0 814
inst 365 0 817
inst 366 0 539
inst 367 0 816
inst 368 0 547
inst 369 0 549
inst 370 0 550
inst 371 0 553
inst 372 0 557
inst 373 0 558
inst 374 0 544
inst 375 0 548
inst 376 0 546
inst 377 0 551
inst 378 0 555
inst 379 0 556
inst 380 0 1337
inst 381 0 1599
inst 382 0 1600
inst 383 0 554
inst 384 0 43
inst 385 0 44
inst 386 0 47
inst 387 0 48
inst 388 0 51
inst 389 0 52
inst 390 0 57
inst 391 0 58
inst 392 0 45
inst 393 0 49
inst 394 0 50
inst 395 0 54
inst 396 0 55
inst 397 0 56
inst 398 0 140
inst 399 0 46
inst 400 0 88
inst 401 0 89
inst 402 0 90
inst 403 0 91
inst 404 0 92
inst 405 0 70
inst 406 0 53
inst 407 0 87
inst 408 0 1
inst 409 0 2
inst 410 0 12
inst 411 0 17
inst 412 0 76
inst 413 0 1530
inst 414 0 62
inst 415 0 69
inst 416 0 155
inst 417 0 156
inst 418 0 158
inst 419 0 159
inst 420 0 160
inst 421 0 163
inst 422 0 169
inst 423 0 170
inst 424 0 535
inst 425 0 536
inst 426 0 841
inst 427 0 844
inst 428 0 845
inst 429 0 846
inst 430 0 532
inst 431 0 168
inst 432 0 162
inst 433 0 165
inst 434 0 167
inst 435 0 157
inst 436 0 161
inst 437 0 842
inst 438 0 843
inst 439 0 164
inst 440 0 18
inst 441 0 1598
inst 442 0 2070
inst 443 0 2071
inst 444 0 2072
inst 445 0 2073
inst 446 0 15
inst 447 0 166
inst 448 0 1513
inst 449 0 1590
inst 450 0 1591
inst 451 0 1592
inst 452 0 1593
inst 453 0 1594
inst 454 0 1595
inst 455 0 1596
inst 456 0 1517
inst 457 0 1518
inst 458 0 1519
inst 459 0 1520
inst 460 0 1521
inst 461 0 1522
inst 462 0 1523
inst 463 0 1512
inst 464 0 7
inst 465 0 13
inst 466 0 14
inst 467 0 16
inst 468 0 20
inst 469 0 1514
inst 470 0 1515
inst 471 0 1516
inst 472 0 0
inst 473 0 5
inst 474 0 8
inst 475 0 10
inst 476 0 19
inst 477 0 3
inst 478 0 4
inst 479 0 21
inst 480 0 187
inst 481 0 191
inst 482 0 1524
inst 483 0 1525
inst 484 0 1526
inst 485 0 1527
inst 486 0 1528
inst 487 0 1529
inst 488 0 178
inst 489 0 180
inst 490 0 188
inst 491 0 6
inst 492 0 9
inst 493 0 11
inst 494 0 175
inst 495 0 1597
inst 496 0 176
inst 497 0 181
inst 498 0 182
inst 499 0 183
inst 500 0 185
inst 501 0 190
inst 502 0 177
inst 503 0 179
inst 504 0 184
inst 505 0 2065
inst 506 0 2066
inst 507 0 2067
inst 508 0 2074
inst 509 0 2075
inst 510 0 186
inst 511 0 189
inst 512 0 2068
inst 513 0 2069
inst 514 1 24
inst 515 1 27
inst 516 1 28
inst 517 1 34
inst 518 1 37
inst 519 1 38
inst 520 1 39
inst 521 1 40
inst 522 1 22
inst 523 1 23
inst 524 1 25
inst 525 1 26
inst 526 1 29
inst 527 1 30
inst 528 1 31
inst 529 1 32
inst 530 1 33
inst 531 1 35
inst 532 1 36
inst 533 2 911
inst 534 2 913
inst 535 2 914
inst 536 2 965
inst 537 2 966
inst 538 2 967
inst 539 2 968
inst 540 2 969
inst 541 2 921
inst 542 2 922
inst 543 2 971
inst 544 2 972
inst 545 2 1537
inst 546 2 1538
inst 547 2 1575
inst 548 2 970
inst 549 2 974
inst 550 2 1350
inst 551 2 1531
inst 552 2 1533
inst 553 2 1534
inst 554 2 1535
inst 555 2 1536
inst 556 2 973
inst 557 2 939
inst 558 2 940
inst 559 2 976
inst 560 2 977
inst 561 2 978
inst 562 2 979
inst 563 2 975
inst 564 2 1532
inst 565 2 742
inst 566 2 743
inst 567 2 906
inst 568 2 907
inst 569 2 908
inst 570 2 909
inst 571 2 910
inst 572 2 912
inst 573 2 734
inst 574 2 735
inst 575 2 899
inst 576 2 901
inst 577 2 902
inst 578 2 903
inst 579 2 904
inst 580 2 905
inst 581 2 947
inst 582 2 948
inst 583 2 981
inst 584 2 982
inst 585 2 983
inst 586 2 984
inst 587 2 986
inst 588 2 980
inst 589 2 698
inst 590 2 699
inst 591 2 987
inst 592 2 988
inst 593 2 690
inst 594 2 989
inst 595 2 990
inst 596 2 985
inst 597 2 892
inst 598 2 893
inst 599 2 1013
inst 600 2 1539
inst 601 2 1541
inst 602 2 1542
inst 603 2 1543
inst 604 2 1544
inst 605 2 612
inst 606 2 630
inst 607 2 631
inst 608 2 887
inst 609 2 888
inst 610 2 889
inst 611 2 890
inst 612 2 891
inst 613 2 863
inst 614 2 864
inst 615 2 77
inst 616 2 78
inst 617 2 865
inst 618 2 866
inst 619 2 867
inst 620 2 868
inst 621 2 871
inst 622 2 872
inst 623 2 1006
inst 624 2 1007
inst 625 2 1008
inst 626 2 613
inst 627 2 870
inst 628 2 869
inst 629 2 716
inst 630 2 717
inst 631 2 895
inst 632 2 896
inst 633 2 897
inst 634 2 898
inst 635 2 900
inst 636 2 894
inst 637 2 673
inst 638 2 991
inst 639 2 992
inst 640 2 993
inst 641 2 994
inst 642 2 691
inst 643 2 672
inst 644 2 995
inst 645 2 664
inst 646 2 665
inst 647 2 997
inst 648 2 998
inst 649 2 999
inst 650 2 1000
inst 651 2 996
inst 652 2 1540
inst 653 2 638
inst 654 2 639
inst 655 2 646
inst 656 2 647
inst 657 2 1002
inst 658 2 1003
inst 659 2 1004
inst 660 2 1001
inst 661 2 101
inst 662 2 102
inst 663 2 855
inst 664 2 856
inst 665 2 857
inst 666 2 858
inst 667 2 859
inst 668 2 860
inst 669 2 93
inst 670 2 94
inst 671 2 849
inst 672 2 850
inst 673 2 851
inst 674 2 852
inst 675 2 853
inst 676 2 854
inst 677 2 145
inst 678 2 146
inst 679 2 790
inst 680 2 791
inst 681 2 792
inst 682 2 793
inst 683 2 1561
inst 684 2 1562
inst 685 2 120
inst 686 2 786
inst 687 2 787
inst 688 2 789
inst 689 2 119
inst 690 2 847
inst 691 2 788
inst 692 2 848
inst 693 2 60
inst 694 2 85
inst 695 2 86
inst 696 2 877
inst 697 2 878
inst 698 2 880
inst 699 2 861
inst 700 2 862
inst 701 2 1005
inst 702 2 59
inst 703 2 605
inst 704 2 873
inst 705 2 874
inst 706 2 875
inst 707 2 876
inst 708 2 604
inst 709 2 41
inst 710 2 42
inst 711 2 881
inst 712 2 882
inst 713 2 883
inst 714 2 884
inst 715 2 885
inst 716 2 879
inst 717 2 137
inst 718 2 138
inst 719 2 781
inst 720 2 782
inst 721 2 783
inst 722 2 784
inst 723 2 785
inst 724 2 886
inst 725 2 794
inst 726 2 795
inst 727 2 833
inst 728 2 1553
inst 729 2 1555
inst 730 2 1556
inst 731 2 1557
inst 732 2 1558
inst 733 2 797
inst 734 2 798
inst 735 2 799
inst 736 2 1549
inst 737 2 1551
inst 738 2 1552
inst 739 2 796
inst 740 2 1554
inst 741 2 800
inst 742 2 801
inst 743 2 828
inst 744 2 1547
inst 745 2 1548
inst 746 2 1545
inst 747 2 1546
inst 748 2 1550
inst 749 2 578
inst 750 2 579
inst 751 2 802
inst 752 2 803
inst 753 2 804
inst 754 2 805
inst 755 2 586
inst 756 2 587
inst 757 2 772
inst 758 2 773
inst 759 2 774
inst 760 2 775
inst 761 2 840
inst 762 2 838
inst 763 2 1559
inst 764 2 1560
inst 765 2 153
inst 766 2 154
inst 767 2 776
inst 768 2 777
inst 769 2 778
inst 770 2 779
inst 771 2 839
inst 772 2 780
inst 773 2 770
inst 774 2 771
inst 775 2 818
inst 776 2 1567
inst 777 2 1569
inst 778 2 1570
inst 779 2 524
inst 780 2 525
inst 781 2 812
inst 782 2 823
inst 783 2 1563
inst 784 2 1565
inst 785 2 1566
inst 786 2 768
inst 787 2 769
inst 788 2 1568
inst 789 2 560
inst 790 2 561
inst 791 2 807
inst 792 2 808
inst 793 2 809
inst 794 2 810
inst 795 2 811
inst 796 2 806
inst 797 2 542
inst 798 2 1342
inst 799 2 1344
inst 800 2 543
inst 801 2 813
inst 802 2 1564
inst 803 2 1345
inst 804 3 1712
inst 805 3 1713
inst 806 3 1717
inst 807 3 1718
inst 808 3 1722
inst 809 3 1723
inst 810 3 1727
inst 811 3 1728
inst 812 3 1327
inst 813 3 1328
inst 814 3 1332
inst 815 3 1333
inst 816 3 1702
inst 817 3 1703
inst 818 3 1708
inst 819 3 1707
inst 820 3 171
inst 821 3 172
inst 822 3 1732
inst 823 3 1733
inst 824 3 1734
inst 825 3 1735
inst 826 3 173
inst 827 3 174
inst 828 4 1659
inst 829 4 1661
inst 830 4 1662
inst 831 4 1663
inst 832 4 1664
inst 833 4 1665
inst 834 4 1666
inst 835 4 1667
inst 836 4 1646
inst 837 4 1647
inst 838 4 1654
inst 839 4 1655
inst 840 4 1656
inst 841 4 1657
inst 842 4 1658
inst 843 4 1660
inst 844 4 1650
inst 845 4 1651
inst 846 4 1652
inst 847 4 1653
inst 848 4 1644
inst 849 4 1645
inst 850 4 1648
inst 851 4 1649
inst 852 4 1367
inst 853 4 1368
inst 854 4 1369
inst 855 4 1370
inst 856 4 1379
inst 857 4 1380
inst 858 4 1381
inst 859 4 1382
inst 860 4 424
inst 861 4 425
inst 862 4 426
inst 863 4 427
inst 864 4 436
inst 865 4 437
inst 866 4 438
inst 867 4 439
inst 868 4 414
inst 869 4 415
inst 870 4 416
inst 871 4 417
inst 872 4 420
inst 873 4 429
inst 874 4 422
inst 875 4 423
inst 876 4 430
inst 877 4 431
inst 878 4 432
inst 879 4 433
inst 880 4 434
inst 881 4 435
inst 882 4 1375
inst 883 4 428
inst 884 4 1371
inst 885 4 1372
inst 886 4 1373
inst 887 4 1374
inst 888 4 1377
inst 889 4 1365
inst 890 4 1376
inst 891 4 1378
inst 892 4 1050
inst 893 4 1051
inst 894 4 1052
inst 895 4 1053
inst 896 4 1057
inst 897 4 1058
inst 898 4 1055
inst 899 4 1056
inst 900 4 396
inst 901 4 398
inst 902 4 399
inst 903 4 401
inst 904 4 1059
inst 905 4 1060
inst 906 4 1061
inst 907 4 1054
inst 908 4 386
inst 909 4 387
inst 910 4 388
inst 911 4 390
inst 912 4 391
inst 913 4 392
inst 914 4 393
inst 915 4 400
inst 916 4 394
inst 917 4 395
inst 918 4 402
inst 919 4 403
inst 920 4 404
inst 921 4 405
inst 922 4 397
inst 923 4 389
inst 924 4 410
inst 925 4 421
inst 926 4 406
inst 927 4 407
inst 928 4 408
inst 929 4 409
inst 930 4 418
inst 931 4 419
inst 932 4 192
inst 933 4 193
inst 934 4 194
inst 935 4 195
inst 936 4 199
inst 937 4 411
inst 938 4 412
inst 939 4 413
inst 940 4 198
inst 941 4 201
inst 942 4 202
inst 943 4 444
inst 944 4 445
inst 945 4 494
inst 946 4 495
inst 947 4 196
inst 948 4 217
inst 949 4 218
inst 950 4 197
inst 951 4 203
inst 952 4 204
inst 953 4 440
inst 954 4 441
inst 955 4 200
inst 956 4 487
inst 957 4 507
inst 958 4 1032
inst 959 4 1033
inst 960 4 1034
inst 961 4 1035
inst 962 4 1036
inst 963 4 1037
inst 964 4 289
inst 965 4 290
inst 966 4 287
inst 967 4 288
inst 968 4 486
inst 969 4 488
inst 970 4 489
inst 971 4 506
inst 972 4 214
inst 973 4 228
inst 974 4 446
inst 975 4 484
inst 976 4 485
inst 977 4 213
inst 978 4 478
inst 979 4 479
inst 980 4 280
inst 981 4 281
inst 982 4 282
inst 983 4 285
inst 984 4 229
inst 985 4 279
inst 986 4 226
inst 987 4 447
inst 988 4 207
inst 989 4 208
inst 990 4 212
inst 991 4 227
inst 992 4 205
inst 993 4 206
inst 994 4 442
inst 995 4 443
inst 996 4 283
inst 997 4 450
inst 998 4 451
inst 999 4 482
inst 1000 4 483
inst 1001 4 225
inst 1002 4 480
inst 1003 4 481
inst 1004 4 500
inst 1005 4 501
inst 1006 4 496
inst 1007 4 497
inst 1008 4 498
inst 1009 4 499
inst 1010 4 284
inst 1011 4 286
inst 1012 4 250
inst 1013 4 251
inst 1014 4 256
inst 1015 4 458
inst 1016 4 518
inst 1017 4 519
inst 1018 4 456
inst 1019 4 457
inst 1020 4 219
inst 1021 4 220
inst 1022 4 221
inst 1023 4 222
inst 1024 4 224
inst 1025 4 234
inst 1026 4 235
inst 1027 4 223
inst 1028 4 491
inst 1029 4 493
inst 1030 4 209
inst 1031 4 210
inst 1032 4 492
inst 1033 4 216
inst 1034 4 211
inst 1035 4 215
inst 1036 4 232
inst 1037 4 233
inst 1038 4 502
inst 1039 4 503
inst 1040 4 505
inst 1041 4 230
inst 1042 4 231
inst 1043 4 490
inst 1044 4 247
inst 1045 4 248
inst 1046 4 249
inst 1047 4 452
inst 1048 4 453
inst 1049 4 449
inst 1050 4 504
inst 1051 4 448
inst 1052 4 236
inst 1053 4 238
inst 1054 4 239
inst 1055 4 459
inst 1056 4 460
inst 1057 4 461
inst 1058 4 454
inst 1059 4 455
inst 1060 4 242
inst 1061 4 243
inst 1062 4 464
inst 1063 4 465
inst 1064 4 244
inst 1065 4 245
inst 1066 4 240
inst 1067 4 246
inst 1068 4 462
inst 1069 4 237
inst 1070 4 241
inst 1071 4 252
inst 1072 4 253
inst 1073 4 463
inst 1074 4 466
inst 1075 4 467
inst 1076 4 469
inst 1077 4 470
inst 1078 4 471
inst 1079 4 473
inst 1080 4 474
inst 1081 4 475
inst 1082 4 468
inst 1083 4 472
inst 1084 4 1451
inst 1085 4 1453
inst 1086 4 1478
inst 1087 4 1479
inst 1088 4 1480
inst 1089 4 1481
inst 1090 4 1482
inst 1091 4 1483
inst 1092 4 1434
inst 1093 4 1435
inst 1094 4 1448
inst 1095 4 1449
inst 1096 4 1454
inst 1097 4 1455
inst 1098 4 1450
inst 1099 4 1452
inst 1100 4 1444
inst 1101 4 1445
inst 1102 4 1447
inst 1103 4 1438
inst 1104 4 1439
inst 1105 4 1440
inst 1106 4 1441
inst 1107 4 1446
inst 1108 4 1430
inst 1109 4 1431
inst 1110 4 1456
inst 1111 4 1457
inst 1112 4 1436
inst 1113 4 1437
inst 1114 4 1443
inst 1115 4 1442
inst 1116 4 1428
inst 1117 4 1429
inst 1118 4 1458
inst 1119 4 1459
inst 1120 4 1460
inst 1121 4 1461
inst 1122 4 1432
inst 1123 4 1433
inst 1124 4 1464
inst 1125 4 1465
inst 1126 4 1466
inst 1127 4 1467
inst 1128 4 1426
inst 1129 4 1427
inst 1130 4 1462
inst 1131 4 1463
inst 1132 4 1414
inst 1133 4 1415
inst 1134 4 1416
inst 1135 4 1417
inst 1136 4 1472
inst 1137 4 1473
inst 1138 4 1474
inst 1139 4 1475
inst 1140 4 1422
inst 1141 4 1423
inst 1142 4 1424
inst 1143 4 1425
inst 1144 4 1418
inst 1145 4 1419
inst 1146 4 1420
inst 1147 4 1421
inst 1148 4 1042
inst 1149 4 1043
inst 1150 4 1635
inst 1151 4 1636
inst 1152 4 1638
inst 1153 4 1639
inst 1154 4 1040
inst 1155 4 1041
inst 1156 4 1038
inst 1157 4 1039
inst 1158 4 1044
inst 1159 4 1045
inst 1160 4 1047
inst 1161 4 1048
inst 1162 4 1049
inst 1163 4 1046
inst 1164 4 1031
inst 1165 4 1410
inst 1166 4 1411
inst 1167 4 1413
inst 1168 4 1476
inst 1169 4 1477
inst 1170 4 1471
inst 1171 4 1637
inst 1172 4 1406
inst 1173 4 1407
inst 1174 4 1408
inst 1175 4 1409
inst 1176 4 1468
inst 1177 4 1469
inst 1178 4 1412
inst 1179 4 1470
inst 1180 4 1019
inst 1181 4 1020
inst 1182 4 1021
inst 1183 4 1028
inst 1184 4 1026
inst 1185 4 1027
inst 1186 4 1029
inst 1187 4 1030
inst 1188 4 765
inst 1189 4 766
inst 1190 4 767
inst 1191 4 1024
inst 1192 4 1025
inst 1193 4 1018
inst 1194 4 1022
inst 1195 4 1023
inst 1196 4 368
inst 1197 4 369
inst 1198 4 373
inst 1199 4 760
inst 1200 4 761
inst 1201 4 763
inst 1202 4 762
inst 1203 4 764
inst 1204 4 374
inst 1205 4 375
inst 1206 4 376
inst 1207 4 378
inst 1208 4 379
inst 1209 4 380
inst 1210 4 381
inst 1211 4 372
inst 1212 4 327
inst 1213 4 328
inst 1214 4 329
inst 1215 4 330
inst 1216 4 331
inst 1217 4 332
inst 1218 4 333
inst 1219 4 334
inst 1220 4 384
inst 1221 4 385
inst 1222 4 1640
inst 1223 4 1641
inst 1224 4 1642
inst 1225 4 1643
inst 1226 4 366
inst 1227 4 367
inst 1228 4 319
inst 1229 4 320
inst 1230 4 321
inst 1231 4 322
inst 1232 4 323
inst 1233 4 324
inst 1234 4 335
inst 1235 4 336
inst 1236 4 477
inst 1237 4 520
inst 1238 4 521
inst 1239 4 337
inst 1240 4 338
inst 1241 4 476
inst 1242 4 522
inst 1243 4 523
inst 1244 4 360
inst 1245 4 364
inst 1246 4 365
inst 1247 4 382
inst 1248 4 383
inst 1249 4 370
inst 1250 4 371
inst 1251 4 377
inst 1252 4 352
inst 1253 4 356
inst 1254 4 357
inst 1255 4 358
inst 1256 4 359
inst 1257 4 361
inst 1258 4 362
inst 1259 4 363
inst 1260 4 345
inst 1261 4 346
inst 1262 4 348
inst 1263 4 351
inst 1264 4 353
inst 1265 4 354
inst 1266 4 355
inst 1267 4 347
inst 1268 4 339
inst 1269 4 340
inst 1270 4 341
inst 1271 4 342
inst 1272 4 349
inst 1273 4 350
inst 1274 4 343
inst 1275 4 344
inst 1276 4 325
inst 1277 4 326
inst 1278 4 512
inst 1279 4 513
inst 1280 4 514
inst 1281 4 515
inst 1282 4 516
inst 1283 4 517
inst 1284 4 299
inst 1285 4 300
inst 1286 4 508
inst 1287 4 509
inst 1288 4 510
inst 1289 4 511
inst 1290 4 301
inst 1291 4 302
inst 1292 4 308
inst 1293 4 310
inst 1294 4 312
inst 1295 4 313
inst 1296 4 314
inst 1297 4 315
inst 1298 4 316
inst 1299 4 311
inst 1300 4 303
inst 1301 4 304
inst 1302 4 305
inst 1303 4 306
inst 1304 4 317
inst 1305 4 307
inst 1306 4 309
inst 1307 4 318
inst 1308 4 264
inst 1309 4 265
inst 1310 4 266
inst 1311 4 267
inst 1312 4 272
inst 1313 4 276
inst 1314 4 277
inst 1315 4 278
inst 1316 4 274
inst 1317 4 254
inst 1318 4 255
inst 1319 4 257
inst 1320 4 258
inst 1321 4 259
inst 1322 4 262
inst 1323 4 263
inst 1324 4 291
inst 1325 4 292
inst 1326 4 293
inst 1327 4 295
inst 1328 4 296
inst 1329 4 297
inst 1330 4 298
inst 1331 4 275
inst 1332 4 269
inst 1333 4 270
inst 1334 4 271
inst 1335 4 260
inst 1336 4 261
inst 1337 4 268
inst 1338 4 273
inst 1339 4 294
inst 1340 4 1383
inst 1341 4 1384
inst 1342 4 1385
inst 1343 4 1402
inst 1344 4 1403
inst 1345 4 1363
inst 1346 4 1364
inst 1347 4 1366
inst 1348 4 1351
inst 1349 4 1352
inst 1350 4 1353
inst 1351 4 1354
inst 1352 4 1355
inst 1353 4 1356
inst 1354 4 1358
inst 1355 4 1405
inst 1356 4 1359
inst 1357 4 1360
inst 1358 4 1362
inst 1359 4 1388
inst 1360 4 1389
inst 1361 4 1398
inst 1362 4 1361
inst 1363 4 1404
inst 1364 4 1390
inst 1365 4 1391
inst 1366 4 1392
inst 1367 4 1393
inst 1368 4 1357
inst 1369 4 1386
inst 1370 4 1387
inst 1371 4 1399
inst 1372 4 1395
inst 1373 4 1396
inst 1374 4 1397
inst 1375 4 1394
inst 1376 4 1400
inst 1377 4 1401
inst 1378 5 1144
inst 1379 5 1145
inst 1380 5 1146
inst 1381 5 1150
inst 1382 5 1154
inst 1383 5 1156
inst 1384 5 1157
inst 1385 5 1158
inst 1386 5 1143
inst 1387 5 1148
inst 1388 5 1149
inst 1389 5 1155
inst 1390 5 1160
inst 1391 5 1161
inst 1392 5 1162
inst 1393 5 1151
inst 1394 5 1153
inst 1395 5 1159
inst 1396 5 1269
inst 1397 5 1319
inst 1398 5 1325
inst 1399 5 1326
inst 1400 5 1147
inst 1401 5 1152
inst 1402 5 1110
inst 1403 5 1111
inst 1404 5 1176
inst 1405 5 1177
inst 1406 5 1191
inst 1407 5 1195
inst 1408 5 1267
inst 1409 5 1268
inst 1410 5 1183
inst 1411 5 1184
inst 1412 5 1185
inst 1413 5 1188
inst 1414 5 1189
inst 1415 5 1201
inst 1416 5 1190
inst 1417 5 1198
inst 1418 5 1167
inst 1419 5 1172
inst 1420 5 1182
inst 1421 5 1179
inst 1422 5 1206
inst 1423 5 1173
inst 1424 5 1207
inst 1425 5 1208
inst 1426 5 1095
inst 1427 5 1164
inst 1428 5 1165
inst 1429 5 1170
inst 1430 5 1178
inst 1431 5 1324
inst 1432 5 1174
inst 1433 5 1166
inst 1434 5 1083
inst 1435 5 1084
inst 1436 5 1089
inst 1437 5 1097
inst 1438 5 1112
inst 1439 5 1085
inst 1440 5 1093
inst 1441 5 1096
inst 1442 5 1186
inst 1443 5 1192
inst 1444 5 1193
inst 1445 5 1194
inst 1446 5 1196
inst 1447 5 1197
inst 1448 5 1199
inst 1449 5 1320
inst 1450 5 1200
inst 1451 5 1321
inst 1452 5 1322
inst 1453 5 1203
inst 1454 5 1204
inst 1455 5 1205
inst 1456 5 1187
inst 1457 5 1202
inst 1458 5 1092
inst 1459 5 1098
inst 1460 5 1163
inst 1461 5 1169
inst 1462 5 1171
inst 1463 5 1181
inst 1464 5 1168
inst 1465 5 1180
inst 1466 5 1071
inst 1467 5 1072
inst 1468 5 1078
inst 1469 5 1264
inst 1470 5 1265
inst 1471 5 1323
inst 1472 5 1175
inst 1473 5 1266
inst 1474 5 1076
inst 1475 5 1082
inst 1476 5 1086
inst 1477 5 1087
inst 1478 5 1088
inst 1479 5 1099
inst 1480 5 1101
inst 1481 5 1091
inst 1482 5 1063
inst 1483 5 1067
inst 1484 5 1073
inst 1485 5 1103
inst 1486 5 1066
inst 1487 5 1064
inst 1488 5 1065
inst 1489 5 1075
inst 1490 5 1070
inst 1491 5 1094
inst 1492 5 1104
inst 1493 5 1090
inst 1494 5 1069
inst 1495 5 1077
inst 1496 5 1100
inst 1497 5 1102
inst 1498 5 1317
inst 1499 5 1318
inst 1500 5 1316
inst 1501 5 1105
inst 1502 5 1106
inst 1503 5 1107
inst 1504 5 1108
inst 1505 5 1109
inst 1506 5 1079
inst 1507 5 1252
inst 1508 5 1253
inst 1509 5 1254
inst 1510 5 1261
inst 1511 5 1262
inst 1512 5 1263
inst 1513 5 1081
inst 1514 5 1120
inst 1515 5 1121
inst 1516 5 1134
inst 1517 5 1255
inst 1518 5 1256
inst 1519 5 1257
inst 1520 5 1126
inst 1521 5 1127
inst 1522 5 1278
inst 1523 5 1291
inst 1524 5 1292
inst 1525 5 1297
inst 1526 5 1298
inst 1527 5 1302
inst 1528 5 1305
inst 1529 5 1310
inst 1530 5 1128
inst 1531 5 1129
inst 1532 5 1130
inst 1533 5 1142
inst 1534 5 1258
inst 1535 5 1122
inst 1536 5 1132
inst 1537 5 1133
inst 1538 5 1074
inst 1539 5 1114
inst 1540 5 1115
inst 1541 5 1118
inst 1542 5 1080
inst 1543 5 1113
inst 1544 5 1062
inst 1545 5 1068
inst 1546 5 1131
inst 1547 5 1250
inst 1548 5 1314
inst 1549 5 1315
inst 1550 5 1249
inst 1551 5 1251
inst 1552 5 1116
inst 1553 5 1117
inst 1554 5 1119
inst 1555 5 1125
inst 1556 5 1136
inst 1557 5 1138
inst 1558 5 1124
inst 1559 5 1137
inst 1560 5 1312
inst 1561 5 1313
inst 1562 5 1139
inst 1563 5 1140
inst 1564 5 1141
inst 1565 5 1311
inst 1566 5 1135
inst 1567 5 1259
inst 1568 5 1260
inst 1569 5 1123
inst 1570 5 1272
inst 1571 5 1279
inst 1572 5 1283
inst 1573 5 1284
inst 1574 5 1287
inst 1575 5 1288
inst 1576 5 1277
inst 1577 5 1285
inst 1578 5 1293
inst 1579 5 1299
inst 1580 5 1300
inst 1581 5 1303
inst 1582 5 1306
inst 1583 5 1304
inst 1584 5 1270
inst 1585 5 1282
inst 1586 5 1271
inst 1587 5 1281
inst 1588 5 1301
inst 1589 5 1273
inst 1590 5 1274
inst 1591 5 1275
inst 1592 5 1276
inst 1593 5 1289
inst 1594 5 1210
inst 1595 5 1212
inst 1596 5 1220
inst 1597 5 1211
inst 1598 5 1216
inst 1599 5 1222
inst 1600 5 1223
inst 1601 5 1224
inst 1602 5 1290
inst 1603 5 1296
inst 1604 5 1307
inst 1605 5 1309
inst 1606 5 1295
inst 1607 5 1308
inst 1608 5 1217
inst 1609 5 1294
inst 1610 5 1209
inst 1611 5 1226
inst 1612 5 1229
inst 1613 5 1236
inst 1614 5 1237
inst 1615 5 1241
inst 1616 5 1244
inst 1617 5 1246
inst 1618 5 1214
inst 1619 5 1215
inst 1620 5 1228
inst 1621 5 1230
inst 1622 5 1234
inst 1623 5 1221
inst 1624 5 1227
inst 1625 5 1231
inst 1626 5 1233
inst 1627 5 1248
inst 1628 5 1238
inst 1629 5 1245
inst 1630 5 1235
inst 1631 5 1240
inst 1632 5 1232
inst 1633 5 1247
inst 1634 5 1219
inst 1635 5 1225
inst 1636 5 1242
inst 1637 5 1243
inst 1638 5 1218
inst 1639 5 1239
inst 1640 5 1280
inst 1641 5 1286
inst 1642 5 1213
inst 1643 6 1674
inst 1644 6 1675
inst 1645 6 1680
inst 1646 6 1681
inst 1647 6 1682
inst 1648 6 1683
inst 1649 6 1684
inst 1650 6 1685
inst 1651 6 1669
inst 1652 6 1671
inst 1653 6 1676
inst 1654 6 1677
inst 1655 6 1679
inst 1656 6 1672
inst 1657 6 1673
inst 1658 6 1678
inst 1659 6 1690
inst 1660 6 1691
inst 1661 6 1692
inst 1662 6 1693
inst 1663 6 1698
inst 1664 6 1700
inst 1665 6 1701
inst 1666 6 1699
inst 1667 6 1696
inst 1668 6 1686
inst 1669 6 1687
inst 1670 6 1689
inst 1671 6 1694
inst 1672 6 1695
inst 1673 6 1697
inst 1674 6 1688
inst 1675 6 1484
inst 1676 6 1508
inst 1677 6 1511
inst 1678 6 1719
inst 1679 6 1724
inst 1680 6 1729
inst 1681 6 1668
inst 1682 6 1670
inst 1683 6 1329
inst 1684 6 1334
inst 1685 6 1632
inst 1686 6 1633
inst 1687 6 1634
inst 1688 6 1704
inst 1689 6 1709
inst 1690 6 1714
inst 1691 6 1487
inst 1692 6 1997
inst 1693 6 1998
inst 1694 6 1999
inst 1695 6 2000
inst 1696 6 2004
inst 1697 6 2009
inst 1698 6 1631
inst 1699 6 2062
inst 1700 6 2063
inst 1701 6 2064
inst 1702 6 2260
inst 1703 6 2261
inst 1704 6 2262
inst 1705 6 1629
inst 1706 6 1630
inst 1707 6 1494
inst 1708 6 1495
inst 1709 6 1496
inst 1710 6 1497
inst 1711 6 1502
inst 1712 6 1503
inst 1713 6 1504
inst 1714 6 1505
inst 1715 6 1490
inst 1716 6 1491
inst 1717 6 1492
inst 1718 6 1493
inst 1719 6 1498
inst 1720 6 1499
inst 1721 6 1500
inst 1722 6 1501
inst 1723 6 1978
inst 1724 6 1979
inst 1725 6 1980
inst 1726 6 1981
inst 1727 6 2059
inst 1728 6 2060
inst 1729 6 2061
inst 1730 6 2056
inst 1731 6 2058
inst 1732 6 2057
inst 1733 7 1506
inst 1734 7 1507
inst 1735 7 1720
inst 1736 7 1721
inst 1737 7 1725
inst 1738 7 1726
inst 1739 7 1730
inst 1740 7 1731
inst 1741 7 1486
inst 1742 7 1710
inst 1743 7 1711
inst 1744 7 1715
inst 1745 7 1716
inst 1746 7 1485
inst 1747 7 1509
inst 1748 7 1510
inst 1749 7 1330
inst 1750 7 1331
inst 1751 7 1335
inst 1752 7 1336
inst 1753 7 1488
inst 1754 7 1489
inst 1755 7 1705
inst 1756 7 1706
inst 1757 7 1993
inst 1758 7 1995
inst 1759 7 2001
inst 1760 7 2002
inst 1761 7 2003
inst 1762 7 2005
inst 1763 7 1992
inst 1764 7 1996
inst 1765 7 1983
inst 1766 7 1984
inst 1767 7 1987
inst 1768 7 2006
inst 1769 7 1989
inst 1770 7 2007
inst 1771 7 2008
inst 1772 7 2010
inst 1773 7 1964
inst 1774 7 1965
inst 1775 7 1968
inst 1776 7 1970
inst 1777 7 1973
inst 1778 7 1977
inst 1779 7 1986
inst 1780 7 1990
inst 1781 7 1967
inst 1782 7 1971
inst 1783 7 1974
inst 1784 7 1976
inst 1785 8 1621
inst 1786 8 1622
inst 1787 8 1623
inst 1788 8 1624
inst 1789 8 1625
inst 1790 8 1626
inst 1791 8 1627
inst 1792 8 2081
inst 1793 8 1618
inst 1794 8 1619
inst 1795 8 1620
inst 1796 8 2084
inst 1797 8 1617
inst 1798 8 1628
inst 1799 8 2082
inst 1800 8 2199
inst 1801 8 2078
inst 1802 8 2080
inst 1803 8 2085
inst 1804 8 2098
inst 1805 8 2219
inst 1806 8 2220
inst 1807 8 2076
inst 1808 8 2221
inst 1809 8 2168
inst 1810 8 2169
inst 1811 8 2225
inst 1812 8 2229
inst 1813 8 2223
inst 1814 8 2224
inst 1815 8 2226
inst 1816 8 2227
inst 1817 8 2117
inst 1818 8 2194
inst 1819 8 2077
inst 1820 8 2079
inst 1821 8 2083
inst 1822 8 2143
inst 1823 8 2218
inst 1824 8 2222
inst 1825 8 2197
inst 1826 8 2198
inst 1827 8 2209
inst 1828 8 2097
inst 1829 8 2110
inst 1830 8 2156
inst 1831 8 2195
inst 1832 8 2196
inst 1833 8 2170
inst 1834 8 2171
inst 1835 8 2230
inst 1836 8 2232
inst 1837 8 2118
inst 1838 8 2228
inst 1839 8 2231
inst 1840 8 2144
inst 1841 8 2132
inst 1842 8 2134
inst 1843 8 2140
inst 1844 8 2141
inst 1845 8 2159
inst 1846 8 2186
inst 1847 8 2142
inst 1848 8 2208
inst 1849 8 2128
inst 1850 8 2139
inst 1851 8 2162
inst 1852 8 2163
inst 1853 8 2202
inst 1854 8 2203
inst 1855 8 2204
inst 1856 8 2215
inst 1857 8 2103
inst 1858 8 2113
inst 1859 8 2124
inst 1860 8 2151
inst 1861 8 2244
inst 1862 8 2087
inst 1863 8 2115
inst 1864 8 2211
inst 1865 8 2107
inst 1866 8 2135
inst 1867 8 2161
inst 1868 8 2187
inst 1869 8 2120
inst 1870 8 2233
inst 1871 8 2086
inst 1872 8 2160
inst 1873 8 2088
inst 1874 8 2190
inst 1875 8 2175
inst 1876 8 2176
inst 1877 8 2101
inst 1878 8 2108
inst 1879 8 2136
inst 1880 8 2100
inst 1881 8 2121
inst 1882 8 2137
inst 1883 8 2172
inst 1884 8 2173
inst 1885 8 2234
inst 1886 8 2119
inst 1887 8 2145
inst 1888 8 2146
inst 1889 8 2114
inst 1890 8 2148
inst 1891 8 2243
inst 1892 8 2090
inst 1893 8 2091
inst 1894 8 2147
inst 1895 8 2174
inst 1896 8 2235
inst 1897 8 2122
inst 1898 8 2237
inst 1899 8 2238
inst 1900 8 2239
inst 1901 8 2188
inst 1902 8 2189
inst 1903 8 2191
inst 1904 8 2089
inst 1905 8 2200
inst 1906 8 2240
inst 1907 8 2123
inst 1908 8 2149
inst 1909 8 2150
inst 1910 8 2236
inst 1911 8 2241
inst 1912 8 2242
inst 1913 8 2102
inst 1914 8 2166
inst 1915 8 2167
inst 1916 8 2216
inst 1917 8 2116
inst 1918 8 2164
inst 1919 8 2165
inst 1920 8 2214
inst 1921 8 2096
inst 1922 8 2154
inst 1923 8 2252
inst 1924 8 2253
inst 1925 8 2254
inst 1926 8 2201
inst 1927 8 2129
inst 1928 8 2256
inst 1929 8 2131
inst 1930 8 2257
inst 1931 8 2258
inst 1932 8 2259
inst 1933 8 2130
inst 1934 8 2158
inst 1935 8 2217
inst 1936 8 2255
inst 1937 8 2111
inst 1938 8 2184
inst 1939 8 2185
inst 1940 8 2112
inst 1941 8 2153
inst 1942 8 2206
inst 1943 8 2207
inst 1944 8 2099
inst 1945 8 2155
inst 1946 8 2183
inst 1947 8 2109
inst 1948 8 2210
inst 1949 8 2212
inst 1950 8 2213
inst 1951 8 2192
inst 1952 8 2193
inst 1953 8 2138
inst 1954 8 2157
inst 1955 8 2106
inst 1956 8 2127
inst 1957 8 2181
inst 1958 8 2205
inst 1959 8 2249
inst 1960 8 2182
inst 1961 8 2104
inst 1962 8 2133
inst 1963 8 2177
inst 1964 8 2179
inst 1965 8 2246
inst 1966 8 2250
inst 1967 8 2095
inst 1968 8 2251
inst 1969 8 2093
inst 1970 8 2247
inst 1971 8 2094
inst 1972 8 2126
inst 1973 8 2105
inst 1974 8 2178
inst 1975 8 2180
inst 1976 8 2248
inst 1977 8 2092
inst 1978 8 2125
inst 1979 8 2245
inst 1980 8 2152
inst 1981 9 1760
inst 1982 9 1761
inst 1983 9 1762
inst 1984 9 1772
inst 1985 9 1778
inst 1986 9 1779
inst 1987 9 1780
inst 1988 9 1796
inst 1989 9 1753
inst 1990 9 1763
inst 1991 9 1769
inst 1992 9 1771
inst 1993 9 1790
inst 1994 9 1742
inst 1995 9 1754
inst 1996 9 1770
inst 1997 9 1744
inst 1998 9 1799
inst 1999 9 1805
inst 2000 9 1806
inst 2001 9 1807
inst 2002 9 1815
inst 2003 9 1743
inst 2004 9 1797
inst 2005 9 1787
inst 2006 9 1788
inst 2007 9 1808
inst 2008 9 1816
inst 2009 9 1736
inst 2010 9 1745
inst 2011 9 1814
inst 2012 9 1798
inst 2013 9 1781
inst 2014 9 1751
inst 2015 9 1752
inst 2016 9 1789
inst 2017 10 1755
inst 2018 10 1756
inst 2019 10 1757
inst 2020 10 1773
inst 2021 10 1774
inst 2022 10 1775
inst 2023 10 1791
inst 2024 10 1792
inst 2025 10 1746
inst 2026 10 1747
inst 2027 10 1748
inst 2028 10 1764
inst 2029 10 1766
inst 2030 10 1737
inst 2031 10 1738
inst 2032 10 1765
inst 2033 10 1800
inst 2034 10 1801
inst 2035 10 1802
inst 2036 10 1809
inst 2037 10 1810
inst 2038 10 1811
inst 2039 10 1739
inst 2040 10 1793
inst 2041 10 1784
inst 2042 10 1782
inst 2043 10 1783
inst 2044 11 1758
inst 2045 11 1759
inst 2046 11 1776
inst 2047 11 1777
inst 2048 11 1795
inst 2049 11 1803
inst 2050 11 1804
inst 2051 11 1813
inst 2052 11 1749
inst 2053 11 1750
inst 2054 11 1767
inst 2055 11 1794
inst 2056 11 1812
inst 2057 11 1740
inst 2058 11 1741
inst 2059 11 1768
inst 2060 11 1785
inst 2061 11 1786
inst 2062 12 1833
inst 2063 12 1839
inst 2064 12 1841
inst 2065 12 1844
inst 2066 12 1881
inst 2067 12 1883
inst 2068 12 1884
inst 2069 12 1887
inst 2070 12 1843
inst 2071 12 1857
inst 2072 12 1859
inst 2073 12 1860
inst 2074 12 1863
inst 2075 12 1835
inst 2076 12 1836
inst 2077 12 1847
inst 2078 12 1823
inst 2079 12 1825
inst 2080 12 1831
inst 2081 12 1849
inst 2082 12 1851
inst 2083 12 1852
inst 2084 12 1855
inst 2085 12 1828
inst 2086 12 1817
inst 2087 12 1820
inst 2088 12 1873
inst 2089 12 1875
inst 2090 12 1876
inst 2091 12 1879
inst 2092 12 1819
inst 2093 12 1827
inst 2094 12 1867
inst 2095 12 1868
inst 2096 12 1865
inst 2097 12 1871
inst 2098 13 1818
inst 2099 13 1826
inst 2100 13 1834
inst 2101 13 1842
inst 2102 13 1850
inst 2103 13 1858
inst 2104 13 1874
inst 2105 13 1882
inst 2106 13 1866
inst 2107 14 1832
inst 2108 14 1837
inst 2109 14 1838
inst 2110 14 1840
inst 2111 14 1846
inst 2112 14 1885
inst 2113 14 1886
inst 2114 14 1888
inst 2115 14 1821
inst 2116 14 1822
inst 2117 14 1824
inst 2118 14 1829
inst 2119 14 1853
inst 2120 14 1854
inst 2121 14 1856
inst 2122 14 1830
inst 2123 14 1845
inst 2124 14 1861
inst 2125 14 1862
inst 2126 14 1864
inst 2127 14 1869
inst 2128 14 1870
inst 2129 14 1872
inst 2130 14 1848
inst 2131 14 1877
inst 2132 14 1880
inst 2133 14 1878
inst 2134 15 1909
inst 2135 15 1910
inst 2136 15 1916
inst 2137 15 1919
inst 2138 15 1920
inst 2139 15 1958
inst 2140 15 1960
inst 2141 15 1961
inst 2142 15 1906
inst 2143 15 1911
inst 2144 15 1912
inst 2145 15 1915
inst 2146 15 1907
inst 2147 15 1908
inst 2148 15 1957
inst 2149 15 1959
inst 2150 15 1893
inst 2151 15 1894
inst 2152 15 1895
inst 2153 15 1922
inst 2154 15 1924
inst 2155 15 1925
inst 2156 15 1917
inst 2157 15 1918
inst 2158 15 1903
inst 2159 15 1904
inst 2160 15 1905
inst 2161 15 1914
inst 2162 15 1942
inst 2163 15 1913
inst 2164 15 1921
inst 2165 15 1923
inst 2166 15 1892
inst 2167 15 1897
inst 2168 15 1898
inst 2169 15 1944
inst 2170 15 1946
inst 2171 15 1947
inst 2172 15 1952
inst 2173 15 1896
inst 2174 15 1929
inst 2175 15 1930
inst 2176 15 1931
inst 2177 15 1937
inst 2178 15 1938
inst 2179 15 1945
inst 2180 15 1954
inst 2181 15 1953
inst 2182 15 1939
inst 2183 15 1941
inst 2184 15 1948
inst 2185 15 1949
inst 2186 15 1950
inst 2187 15 1951
inst 2188 15 1899
inst 2189 15 1943
inst 2190 15 1889
inst 2191 15 1890
inst 2192 15 1891
inst 2193 15 1900
inst 2194 15 1901
inst 2195 15 1902
inst 2196 15 1962
inst 2197 15 1940
inst 2198 15 1928
inst 2199 15 1932
inst 2200 15 1933
inst 2201 15 1934
inst 2202 15 1955
inst 2203 15 1956
inst 2204 15 1935
inst 2205 15 1936
inst 2206 15 1926
inst 2207 15 1927
inst 2208 16 1969
inst 2209 16 1972
inst 2210 16 1975
inst 2211 16 1982
inst 2212 16 1985
inst 2213 16 1988
inst 2214 16 1991
inst 2215 16 1994
inst 2216 16 1963
inst 2217 16 1966
inst 2218 17 2011
inst 2219 17 2017
inst 2220 17 2018
inst 2221 17 2019
inst 2222 17 2020
inst 2223 17 2041
inst 2224 17 2042
inst 2225 17 2043
inst 2226 17 2045
inst 2227 17 2046
inst 2228 17 2047
inst 2229 17 2048
inst 2230 17 2049
inst 2231 17 2050
inst 2232 17 2052
inst 2233 17 2044
inst 2234 17 2013
inst 2235 17 2014
inst 2236 17 2015
inst 2237 17 2016
inst 2238 17 2023
inst 2239 17 2024
inst 2240 17 2012
inst 2241 17 2022
inst 2242 17 2026
inst 2243 17 2027
inst 2244 17 2028
inst 2245 17 2029
inst 2246 17 2031
inst 2247 17 2021
inst 2248 17 2034
inst 2249 17 2025
inst 2250 17 2037
inst 2251 17 2038
inst 2252 17 2039
inst 2253 17 2040
inst 2254 17 2051
inst 2255 17 2054
inst 2256 17 2055
inst 2257 17 2053
inst 2258 17 2032
inst 2259 17 2035
inst 2260 17 2030
inst 2261 17 2033
inst 2262 17 2036
level robocave tree 0 protos 22 instances 1764
proto 0 CAV-platsupports-02.mb stiffness 0.000000 dists 122880.0000 61440.0000 0.0000 163840.0000 rdists 0.00002441 0.00001628 0.00003488 0.00000000
proto 1 CAV-platsupports-03.mb stiffness 0.000000 dists 122880.0000 61440.0000 0.0000 163840.0000 rdists 0.00002441 0.00001628 0.00003488 0.00000000
proto 2 CAV-platsupports-01.mb stiffness 0.000000 dists 122880.0000 61440.0000 0.0000 163840.0000 rdists 0.00002441 0.00001628 0.00003488 0.00000000
proto 3 CAV-platsupportsfiller-01.mb stiffness 0.000000 dists 122880.0000 61440.0000 0.0000 163840.0000 rdists 0.00002441 0.00001628 0.00003488 0.00000000
proto 4 CAV-scaffoldsupport-rope-01.mb stiffness 0.000000 dists 122880.0000 61440.0000 0.0000 163840.0000 rdists 0.00002441 0.00001628 0.00003488 0.00000000
proto 5 CAV-scaffoldsupport-rope-02.mb stiffness 0.000000 dists 122880.0000 61440.0000 0.0000 163840.0000 rdists 0.00002441 0.00001628 0.00003488 0.00000000
proto 6 cv-supportpole-topA.mb stiffness 0.000000 dists 184320.0000 92160.0000 0.0000 286720.0000 rdists 0.00000977 0.00001085 0.00001395 0.00000000
proto 7 cv-supportpole-topB.mb stiffness 0.000000 dists 184320.0000 92160.0000 0.0000 286720.0000 rdists 0.00000977 0.00001085 0.00001395 0.00000000
proto 8 cv-shortsupport-topA.mb stiffness 0.000000 dists 184320.0000 92160.0000 0.0000 286720.0000 rdists 0.00000977 0.00001085 0.00001395 0.00000000
proto 9 cv-shortsupport-topB.mb stiffness 0.000000 dists 184320.0000 92160.0000 0.0000 286720.0000 rdists 0.00000977 0.00001085 0.00001395 0.00000000
proto 10 cav-mushroom-03-geo.mb stiffness 0.000000 dists 184320.0000 92160.0000 0.0000 286720.0000 rdists 0.00000977 0.00001085 0.00001395 0.00000000
proto 11 cav-mushroom-05-geo.mb stiffness 0.000000 dists 184320.0000 92160.0000 0.0000 286720.0000 rdists 0.00000977 0.00001085 0.00001395 0.00000000
proto 12 cav-mushroom-04-geo.mb stiffness 0.000000 dists 184320.0000 92160.0000 0.0000 286720.0000 rdists 0.00000977 0.00001085 0.00001395 0.00000000
proto 13 cav-mushroom-02-geo.mb stiffness 0.000000 dists 184320.0000 92160.0000 0.0000 286720.0000 rdists 0.00000977 0.00001085 0.00001395 0.00000000
proto 14 cav-mushroom-01-geo.mb stiffness 0.000000 dists 184320.0000 92160.0000 0.0000 286720.0000 rdists 0.00000977 0.00001085 0.00001395 0.00000000
proto 15 cav-pebbles-01.mb stiffness 0.000000 dists 102400.0000 51200.0000 0.0000 184320.0000 rdists 0.00001221 0.00001953 0.00001744 0.00000000
proto 16 cav-pebbles-04.mb stiffness 0.000000 dists 102400.0000 51200.0000 0.0000 184320.0000 rdists 0.00001221 0.00001953 0.00001744 0.00000000
proto 17 cav-pebbles-02.mb stiffness 0.000000 dists 102400.0000 51200.0000 0.0000 184320.0000 rdists 0.00001221 0.00001953 0.00001744 0.00000000
proto 18 cav-pebbles-03.mb stiffness 0.000000 dists 102400.0000 51200.0000 0.0000 184320.0000 rdists 0.00001221 0.00001953 0.00001744 0.00000000
proto 19 cav-pebbles-05.mb stiffness 0.000000 dists 102400.0000 51200.0000 0.0000 184320.0000 rdists 0.00001221 0.00001953 0.00001744 0.00000000
proto 20 rockgrp-small.mb stiffness 0.000000 dists 184320.0000 92160.0000 0.0000 286720.0000 rdists 0.00000977 0.00001085 0.00001395 0.00000000
proto 21 rockgrp-large.mb stiffness 0.000000 dists 184320.0000 92160.0000 0.0000 286720.0000 rdists 0.00000977 0.00001085 0.00001395 0.00000000
inst 0 0 9
inst 1 0 39
inst 2 0 42
inst 3 0 43
inst 4 0 62
inst 5 0 84
inst 6 0 86
inst 7 0 89
inst 8 0 48
inst 9 0 67
inst 10 0 81
inst 11 0 2
inst 12 0 18
inst 13 0 27
inst 14 0 75
inst 15 0 82
inst 16 0 0
inst 17 0 1
inst 18 0 11
inst 19 0 17
inst 20 0 69
inst 21 0 96
inst 22 0 115
inst 23 0 94
inst 24 0 900
inst 25 0 903
inst 26 0 908
inst 27 0 911
inst 28 0 1109
inst 29 0 946
inst 30 0 1110
inst 31 1 13
inst 32 1 40
inst 33 1 44
inst 34 1 60
inst 35 1 63
inst 36 1 64
inst 37 1 85
inst 38 1 97
inst 39 1 46
inst 40 1 52
inst 41 1 55
inst 42 1 68
inst 43 1 14
inst 44 1 16
inst 45 1 59
inst 46 1 61
inst 47 1 5
inst 48 1 10
inst 49 1 37
inst 50 1 91
inst 51 1 101
inst 52 1 102
inst 53 1 3
inst 54 1 4
inst 55 1 7
inst 56 1 8
inst 57 1 26
inst 58 1 36
inst 59 1 95
inst 60 1 116
inst 61 1 33
inst 62 1 107
inst 63 1 6
inst 64 1 28
inst 65 1 29
inst 66 1 38
inst 67 1 50
inst 68 1 70
inst 69 1 76
inst 70 1 106
inst 71 1 897
inst 72 1 938
inst 73 1 942
inst 74 1 58
inst 75 1 947
inst 76 2 12
inst 77 2 41
inst 78 2 45
inst 79 2 57
inst 80 2 71
inst 81 2 78
inst 82 2 87
inst 83 2 98
inst 84 2 47
inst 85 2 49
inst 86 2 80
inst 87 2 83
inst 88 2 90
inst 89 2 113
inst 90 2 20
inst 91 2 88
inst 92 2 31
inst 93 2 32
inst 94 2 34
inst 95 2 35
inst 96 2 92
inst 97 2 93
inst 98 2 99
inst 99 2 24
inst 100 2 943
inst 101 2 944
inst 102 2 1126
inst 103 2 945
inst 104 2 72
inst 105 2 103
inst 106 2 51
inst 107 2 79
inst 108 2 936
inst 109 2 937
inst 110 2 939
inst 111 2 940
inst 112 2 941
inst 113 2 1125
inst 114 2 1127
inst 115 3 15
inst 116 3 19
inst 117 3 53
inst 118 3 54
inst 119 3 65
inst 120 3 66
inst 121 3 109
inst 122 3 110
inst 123 3 22
inst 124 3 100
inst 125 3 114
inst 126 3 21
inst 127 3 73
inst 128 3 74
inst 129 3 111
inst 130 3 112
inst 131 3 25
inst 132 3 30
inst 133 3 77
inst 134 3 104
inst 135 3 105
inst 136 3 108
inst 137 3 23
inst 138 3 56
inst 139 3 912
inst 140 3 1111
inst 141 3 1112
inst 142 3 1113
inst 143 3 1115
inst 144 3 1114
inst 145 3 1116
inst 146 3 1117
inst 147 3 904
inst 148 3 905
inst 149 4 146
inst 150 4 151
inst 151 4 156
inst 152 4 157
inst 153 4 158
inst 154 4 1102
inst 155 4 1103
inst 156 4 1104
inst 157 4 806
inst 158 4 807
inst 159 4 1088
inst 160 4 1089
inst 161 4 1090
inst 162 4 1095
inst 163 4 1096
inst 164 4 1097
inst 165 4 1136
inst 166 4 1137
inst 167 4 1143
inst 168 4 1144
inst 169 4 799
inst 170 4 800
inst 171 4 801
inst 172 4 808
inst 173 4 1128
inst 174 4 1129
inst 175 4 1130
inst 176 4 1142
inst 177 4 792
inst 178 4 793
inst 179 4 794
inst 180 4 1135
inst 181 4 452
inst 182 4 453
inst 183 4 466
inst 184 4 494
inst 185 4 515
inst 186 4 516
inst 187 4 706
inst 188 4 152
inst 189 4 644
inst 190 4 645
inst 191 4 643
inst 192 4 147
inst 193 4 148
inst 194 4 734
inst 195 4 735
inst 196 4 153
inst 197 4 305
inst 198 4 306
inst 199 4 307
inst 200 4 319
inst 201 4 320
inst 202 4 340
inst 203 4 481
inst 204 4 495
inst 205 4 284
inst 206 4 291
inst 207 4 292
inst 208 4 480
inst 209 4 482
inst 210 4 536
inst 211 4 537
inst 212 4 538
inst 213 4 501
inst 214 4 502
inst 215 4 522
inst 216 4 524
inst 217 4 707
inst 218 4 708
inst 219 4 713
inst 220 4 523
inst 221 4 509
inst 222 4 510
inst 223 4 531
inst 224 4 714
inst 225 4 715
inst 226 4 503
inst 227 4 508
inst 228 4 529
inst 229 4 326
inst 230 4 327
inst 231 4 328
inst 232 4 756
inst 233 4 321
inst 234 4 530
inst 235 4 496
inst 236 4 517
inst 237 4 286
inst 238 4 487
inst 239 4 488
inst 240 4 489
inst 241 4 285
inst 242 4 312
inst 243 4 313
inst 244 4 314
inst 245 4 460
inst 246 4 461
inst 247 4 454
inst 248 4 467
inst 249 4 468
inst 250 4 473
inst 251 4 474
inst 252 4 475
inst 253 4 651
inst 254 4 658
inst 255 4 736
inst 256 4 741
inst 257 4 742
inst 258 4 748
inst 259 4 749
inst 260 4 459
inst 261 4 334
inst 262 4 335
inst 263 4 341
inst 264 4 333
inst 265 4 757
inst 266 4 755
inst 267 4 743
inst 268 4 750
inst 269 4 298
inst 270 4 299
inst 271 4 300
inst 272 4 543
inst 273 4 544
inst 274 4 545
inst 275 4 293
inst 276 4 342
inst 277 4 176
inst 278 4 177
inst 279 4 178
inst 280 4 181
inst 281 4 182
inst 282 4 183
inst 283 4 141
inst 284 4 142
inst 285 4 187
inst 286 4 188
inst 287 4 192
inst 288 4 193
inst 289 4 1075
inst 290 4 1076
inst 291 4 186
inst 292 4 191
inst 293 4 119
inst 294 4 127
inst 295 4 135
inst 296 4 1074
inst 297 4 1081
inst 298 4 1082
inst 299 4 1083
inst 300 4 118
inst 301 4 117
inst 302 4 125
inst 303 4 133
inst 304 4 1067
inst 305 4 1068
inst 306 4 126
inst 307 4 134
inst 308 4 1069
inst 309 4 389
inst 310 4 390
inst 311 4 410
inst 312 4 411
inst 313 4 431
inst 314 4 432
inst 315 4 637
inst 316 4 143
inst 317 4 275
inst 318 4 592
inst 319 4 593
inst 320 4 162
inst 321 4 163
inst 322 4 622
inst 323 4 636
inst 324 4 638
inst 325 4 347
inst 326 4 348
inst 327 4 349
inst 328 4 578
inst 329 4 579
inst 330 4 776
inst 331 4 1053
inst 332 4 1054
inst 333 4 166
inst 334 4 167
inst 335 4 168
inst 336 4 171
inst 337 4 172
inst 338 4 173
inst 339 4 161
inst 340 4 608
inst 341 4 397
inst 342 4 433
inst 343 4 438
inst 344 4 439
inst 345 4 445
inst 346 4 650
inst 347 4 657
inst 348 4 391
inst 349 4 404
inst 350 4 405
inst 351 4 446
inst 352 4 447
inst 353 4 652
inst 354 4 659
inst 355 4 398
inst 356 4 440
inst 357 4 418
inst 358 4 419
inst 359 4 425
inst 360 4 426
inst 361 4 412
inst 362 4 396
inst 363 4 403
inst 364 4 417
inst 365 4 276
inst 366 4 277
inst 367 4 624
inst 368 4 629
inst 369 4 630
inst 370 4 631
inst 371 4 623
inst 372 4 424
inst 373 4 609
inst 374 4 610
inst 375 4 615
inst 376 4 665
inst 377 4 666
inst 378 4 664
inst 379 4 594
inst 380 4 599
inst 381 4 616
inst 382 4 617
inst 383 4 671
inst 384 4 672
inst 385 4 673
inst 386 4 784
inst 387 4 601
inst 388 4 600
inst 389 4 383
inst 390 4 1055
inst 391 4 1060
inst 392 4 1061
inst 393 4 1062
inst 394 4 585
inst 395 4 586
inst 396 4 587
inst 397 4 354
inst 398 4 355
inst 399 4 356
inst 400 4 777
inst 401 4 778
inst 402 4 783
inst 403 4 785
inst 404 4 580
inst 405 4 227
inst 406 4 231
inst 407 4 232
inst 408 4 233
inst 409 4 247
inst 410 4 251
inst 411 4 252
inst 412 4 253
inst 413 4 222
inst 414 4 223
inst 415 4 242
inst 416 4 243
inst 417 4 226
inst 418 4 228
inst 419 4 246
inst 420 4 248
inst 421 4 550
inst 422 4 762
inst 423 4 1552
inst 424 4 1553
inst 425 4 1554
inst 426 4 1559
inst 427 4 1560
inst 428 4 1561
inst 429 4 217
inst 430 4 218
inst 431 4 237
inst 432 4 238
inst 433 4 216
inst 434 4 236
inst 435 4 221
inst 436 4 241
inst 437 4 196
inst 438 4 201
inst 439 4 206
inst 440 4 211
inst 441 4 1026
inst 442 4 1041
inst 443 4 1047
inst 444 4 1048
inst 445 4 198
inst 446 4 203
inst 447 4 208
inst 448 4 213
inst 449 4 197
inst 450 4 202
inst 451 4 207
inst 452 4 212
inst 453 4 551
inst 454 4 552
inst 455 4 763
inst 456 4 764
inst 457 4 1027
inst 458 4 1040
inst 459 4 1025
inst 460 4 1039
inst 461 4 558
inst 462 4 770
inst 463 4 771
inst 464 4 1032
inst 465 4 1033
inst 466 4 1034
inst 467 4 1046
inst 468 4 769
inst 469 4 720
inst 470 4 721
inst 471 4 722
inst 472 4 361
inst 473 4 362
inst 474 4 375
inst 475 4 376
inst 476 4 564
inst 477 4 728
inst 478 4 363
inst 479 4 368
inst 480 4 377
inst 481 4 382
inst 482 4 557
inst 483 4 571
inst 484 4 727
inst 485 4 700
inst 486 4 701
inst 487 4 729
inst 488 4 384
inst 489 4 559
inst 490 4 573
inst 491 4 692
inst 492 4 699
inst 493 4 369
inst 494 4 370
inst 495 4 678
inst 496 4 685
inst 497 4 679
inst 498 4 680
inst 499 4 686
inst 500 4 687
inst 501 4 1012
inst 502 4 1013
inst 503 4 1018
inst 504 4 693
inst 505 4 694
inst 506 4 565
inst 507 4 566
inst 508 4 572
inst 509 4 997
inst 510 4 998
inst 511 4 999
inst 512 4 1004
inst 513 4 1005
inst 514 4 1011
inst 515 4 1019
inst 516 4 1020
inst 517 4 876
inst 518 4 884
inst 519 4 885
inst 520 4 890
inst 521 4 976
inst 522 4 977
inst 523 4 978
inst 524 4 990
inst 525 4 878
inst 526 4 891
inst 527 4 892
inst 528 4 970
inst 529 4 971
inst 530 4 1006
inst 531 4 877
inst 532 4 969
inst 533 4 862
inst 534 4 863
inst 535 4 864
inst 536 4 922
inst 537 4 923
inst 538 4 955
inst 539 4 956
inst 540 4 957
inst 541 4 855
inst 542 4 869
inst 543 4 915
inst 544 4 948
inst 545 4 983
inst 546 4 992
inst 547 4 924
inst 548 4 991
inst 549 4 820
inst 550 4 821
inst 551 4 822
inst 552 4 834
inst 553 4 841
inst 554 4 842
inst 555 4 843
inst 556 4 883
inst 557 4 814
inst 558 4 827
inst 559 4 835
inst 560 4 848
inst 561 4 1119
inst 562 4 1120
inst 563 4 1118
inst 564 4 813
inst 565 4 930
inst 566 4 949
inst 567 4 950
inst 568 4 963
inst 569 4 964
inst 570 4 984
inst 571 4 985
inst 572 4 962
inst 573 4 857
inst 574 4 870
inst 575 4 871
inst 576 4 856
inst 577 4 916
inst 578 4 917
inst 579 4 929
inst 580 4 931
inst 581 4 828
inst 582 4 836
inst 583 4 849
inst 584 4 850
inst 585 4 815
inst 586 4 829
inst 587 5 159
inst 588 5 160
inst 589 5 1091
inst 590 5 1098
inst 591 5 1099
inst 592 5 1105
inst 593 5 1106
inst 594 5 1567
inst 595 5 309
inst 596 5 323
inst 597 5 484
inst 598 5 519
inst 599 5 540
inst 600 5 1092
inst 601 5 154
inst 602 5 155
inst 603 5 287
inst 604 5 288
inst 605 5 308
inst 606 5 322
inst 607 5 483
inst 608 5 497
inst 609 5 710
inst 610 5 498
inst 611 5 344
inst 612 5 455
inst 613 5 470
inst 614 5 539
inst 615 5 737
inst 616 5 738
inst 617 5 456
inst 618 5 518
inst 619 5 504
inst 620 5 505
inst 621 5 511
inst 622 5 512
inst 623 5 526
inst 624 5 533
inst 625 5 716
inst 626 5 717
inst 627 5 315
inst 628 5 316
inst 629 5 329
inst 630 5 330
inst 631 5 490
inst 632 5 491
inst 633 5 709
inst 634 5 525
inst 635 5 469
inst 636 5 476
inst 637 5 477
inst 638 5 546
inst 639 5 547
inst 640 5 758
inst 641 5 759
inst 642 5 532
inst 643 5 336
inst 644 5 463
inst 645 5 744
inst 646 5 745
inst 647 5 751
inst 648 5 752
inst 649 5 337
inst 650 5 462
inst 651 5 150
inst 652 5 796
inst 653 5 802
inst 654 5 803
inst 655 5 809
inst 656 5 810
inst 657 5 1566
inst 658 5 1568
inst 659 5 393
inst 660 5 434
inst 661 5 435
inst 662 5 646
inst 663 5 647
inst 664 5 144
inst 665 5 145
inst 666 5 149
inst 667 5 413
inst 668 5 414
inst 669 5 595
inst 670 5 596
inst 671 5 626
inst 672 5 639
inst 673 5 640
inst 674 5 392
inst 675 5 270
inst 676 5 271
inst 677 5 272
inst 678 5 273
inst 679 5 274
inst 680 5 268
inst 681 5 269
inst 682 5 165
inst 683 5 442
inst 684 5 449
inst 685 5 653
inst 686 5 654
inst 687 5 660
inst 688 5 661
inst 689 5 343
inst 690 5 441
inst 691 5 399
inst 692 5 400
inst 693 5 406
inst 694 5 407
inst 695 5 421
inst 696 5 428
inst 697 5 420
inst 698 5 448
inst 699 5 278
inst 700 5 602
inst 701 5 603
inst 702 5 625
inst 703 5 632
inst 704 5 633
inst 705 5 279
inst 706 5 427
inst 707 5 611
inst 708 5 612
inst 709 5 618
inst 710 5 619
inst 711 5 668
inst 712 5 667
inst 713 5 674
inst 714 5 675
inst 715 5 1131
inst 716 5 1138
inst 717 5 1139
inst 718 5 1145
inst 719 5 1146
inst 720 5 1555
inst 721 5 1562
inst 722 5 795
inst 723 5 295
inst 724 5 554
inst 725 5 766
inst 726 5 1029
inst 727 5 1043
inst 728 5 1556
inst 729 5 1563
inst 730 5 1132
inst 731 5 249
inst 732 5 250
inst 733 5 254
inst 734 5 255
inst 735 5 262
inst 736 5 263
inst 737 5 265
inst 738 5 266
inst 739 5 239
inst 740 5 240
inst 741 5 245
inst 742 5 257
inst 743 5 258
inst 744 5 259
inst 745 5 260
inst 746 5 244
inst 747 5 256
inst 748 5 261
inst 749 5 264
inst 750 5 267
inst 751 5 301
inst 752 5 302
inst 753 5 1049
inst 754 5 1050
inst 755 5 765
inst 756 5 772
inst 757 5 773
inst 758 5 294
inst 759 5 1028
inst 760 5 1035
inst 761 5 1036
inst 762 5 1042
inst 763 5 209
inst 764 5 214
inst 765 5 229
inst 766 5 234
inst 767 5 210
inst 768 5 215
inst 769 5 230
inst 770 5 235
inst 771 5 199
inst 772 5 219
inst 773 5 200
inst 774 5 205
inst 775 5 220
inst 776 5 225
inst 777 5 204
inst 778 5 224
inst 779 5 121
inst 780 5 124
inst 781 5 128
inst 782 5 129
inst 783 5 132
inst 784 5 140
inst 785 5 136
inst 786 5 137
inst 787 5 351
inst 788 5 1070
inst 789 5 1071
inst 790 5 1077
inst 791 5 1078
inst 792 5 1084
inst 793 5 1085
inst 794 5 120
inst 795 5 378
inst 796 5 379
inst 797 5 731
inst 798 5 1056
inst 799 5 1057
inst 800 5 553
inst 801 5 567
inst 802 5 568
inst 803 5 350
inst 804 5 364
inst 805 5 365
inst 806 5 581
inst 807 5 582
inst 808 5 780
inst 809 5 723
inst 810 5 724
inst 811 5 371
inst 812 5 385
inst 813 5 386
inst 814 5 730
inst 815 5 1063
inst 816 5 1064
inst 817 5 560
inst 818 5 561
inst 819 5 357
inst 820 5 779
inst 821 5 786
inst 822 5 787
inst 823 5 358
inst 824 5 372
inst 825 5 588
inst 826 5 589
inst 827 5 681
inst 828 5 695
inst 829 5 696
inst 830 5 574
inst 831 5 575
inst 832 5 688
inst 833 5 702
inst 834 5 703
inst 835 5 1000
inst 836 5 1001
inst 837 5 1014
inst 838 5 1015
inst 839 5 1021
inst 840 5 1022
inst 841 5 682
inst 842 5 689
inst 843 5 164
inst 844 5 169
inst 845 5 179
inst 846 5 184
inst 847 5 170
inst 848 5 180
inst 849 5 185
inst 850 5 174
inst 851 5 986
inst 852 5 175
inst 853 5 190
inst 854 5 195
inst 855 5 1007
inst 856 5 1008
inst 857 5 189
inst 858 5 194
inst 859 5 919
inst 860 5 952
inst 861 5 958
inst 862 5 959
inst 863 5 979
inst 864 5 980
inst 865 5 993
inst 866 5 994
inst 867 5 932
inst 868 5 933
inst 869 5 951
inst 870 5 965
inst 871 5 966
inst 872 5 972
inst 873 5 973
inst 874 5 987
inst 875 5 823
inst 876 5 824
inst 877 5 844
inst 878 5 845
inst 879 5 866
inst 880 5 886
inst 881 5 887
inst 882 5 926
inst 883 5 816
inst 884 5 817
inst 885 5 837
inst 886 5 838
inst 887 5 859
inst 888 5 880
inst 889 5 925
inst 890 5 865
inst 891 5 858
inst 892 5 872
inst 893 5 873
inst 894 5 879
inst 895 5 893
inst 896 5 894
inst 897 5 918
inst 898 5 852
inst 899 5 830
inst 900 5 831
inst 901 5 1121
inst 902 5 1122
inst 903 5 851
inst 904 6 310
inst 905 6 324
inst 906 6 485
inst 907 6 499
inst 908 6 520
inst 909 6 711
inst 910 6 760
inst 911 6 471
inst 912 6 317
inst 913 6 331
inst 914 6 492
inst 915 6 506
inst 916 6 513
inst 917 6 534
inst 918 6 718
inst 919 6 527
inst 920 6 338
inst 921 6 345
inst 922 6 457
inst 923 6 464
inst 924 6 541
inst 925 6 548
inst 926 6 739
inst 927 6 478
inst 928 6 436
inst 929 6 443
inst 930 6 450
inst 931 6 648
inst 932 6 655
inst 933 6 662
inst 934 6 746
inst 935 6 753
inst 936 6 289
inst 937 6 296
inst 938 6 303
inst 939 6 1030
inst 940 6 1037
inst 941 6 1044
inst 942 6 1051
inst 943 6 1100
inst 944 6 767
inst 945 6 774
inst 946 6 1140
inst 947 6 1147
inst 948 6 1557
inst 949 6 1564
inst 950 6 1093
inst 951 6 1107
inst 952 6 122
inst 953 6 130
inst 954 6 138
inst 955 6 555
inst 956 6 797
inst 957 6 804
inst 958 6 811
inst 959 6 1133
inst 960 6 387
inst 961 6 562
inst 962 6 576
inst 963 6 697
inst 964 6 704
inst 965 6 1065
inst 966 6 569
inst 967 6 1058
inst 968 6 280
inst 969 6 394
inst 970 6 415
inst 971 6 597
inst 972 6 613
inst 973 6 627
inst 974 6 641
inst 975 6 669
inst 976 6 408
inst 977 6 422
inst 978 6 429
inst 979 6 604
inst 980 6 620
inst 981 6 634
inst 982 6 676
inst 983 6 401
inst 984 6 352
inst 985 6 366
inst 986 6 380
inst 987 6 583
inst 988 6 725
inst 989 6 1072
inst 990 6 1079
inst 991 6 1086
inst 992 6 359
inst 993 6 373
inst 994 6 590
inst 995 6 683
inst 996 6 690
inst 997 6 732
inst 998 6 788
inst 999 6 781
inst 1000 6 974
inst 1001 6 981
inst 1002 6 988
inst 1003 6 995
inst 1004 6 1002
inst 1005 6 1016
inst 1006 6 1009
inst 1007 6 1023
inst 1008 6 860
inst 1009 6 888
inst 1010 6 920
inst 1011 6 927
inst 1012 6 934
inst 1013 6 960
inst 1014 6 881
inst 1015 6 895
inst 1016 6 818
inst 1017 6 825
inst 1018 6 832
inst 1019 6 839
inst 1020 6 846
inst 1021 6 853
inst 1022 6 867
inst 1023 6 953
inst 1024 6 967
inst 1025 6 1123
inst 1026 6 874
inst 1027 7 311
inst 1028 7 325
inst 1029 7 486
inst 1030 7 500
inst 1031 7 521
inst 1032 7 712
inst 1033 7 761
inst 1034 7 472
inst 1035 7 318
inst 1036 7 332
inst 1037 7 493
inst 1038 7 507
inst 1039 7 514
inst 1040 7 535
inst 1041 7 719
inst 1042 7 528
inst 1043 7 339
inst 1044 7 346
inst 1045 7 458
inst 1046 7 465
inst 1047 7 542
inst 1048 7 549
inst 1049 7 740
inst 1050 7 479
inst 1051 7 437
inst 1052 7 444
inst 1053 7 451
inst 1054 7 649
inst 1055 7 656
inst 1056 7 663
inst 1057 7 747
inst 1058 7 754
inst 1059 7 290
inst 1060 7 297
inst 1061 7 304
inst 1062 7 1031
inst 1063 7 1038
inst 1064 7 1045
inst 1065 7 1052
inst 1066 7 1101
inst 1067 7 768
inst 1068 7 775
inst 1069 7 1141
inst 1070 7 1148
inst 1071 7 1558
inst 1072 7 1565
inst 1073 7 1094
inst 1074 7 1108
inst 1075 7 131
inst 1076 7 139
inst 1077 7 556
inst 1078 7 1059
inst 1079 7 798
inst 1080 7 805
inst 1081 7 812
inst 1082 7 1134
inst 1083 7 388
inst 1084 7 563
inst 1085 7 577
inst 1086 7 698
inst 1087 7 705
inst 1088 7 733
inst 1089 7 1066
inst 1090 7 570
inst 1091 7 281
inst 1092 7 395
inst 1093 7 416
inst 1094 7 598
inst 1095 7 614
inst 1096 7 628
inst 1097 7 642
inst 1098 7 670
inst 1099 7 409
inst 1100 7 423
inst 1101 7 430
inst 1102 7 605
inst 1103 7 621
inst 1104 7 635
inst 1105 7 677
inst 1106 7 402
inst 1107 7 353
inst 1108 7 381
inst 1109 7 584
inst 1110 7 1073
inst 1111 7 1080
inst 1112 7 1087
inst 1113 7 123
inst 1114 7 726
inst 1115 7 360
inst 1116 7 374
inst 1117 7 591
inst 1118 7 684
inst 1119 7 691
inst 1120 7 782
inst 1121 7 789
inst 1122 7 367
inst 1123 7 882
inst 1124 7 896
inst 1125 7 975
inst 1126 7 982
inst 1127 7 1003
inst 1128 7 1010
inst 1129 7 1017
inst 1130 7 1024
inst 1131 7 861
inst 1132 7 875
inst 1133 7 889
inst 1134 7 921
inst 1135 7 928
inst 1136 7 935
inst 1137 7 989
inst 1138 7 996
inst 1139 7 819
inst 1140 7 826
inst 1141 7 840
inst 1142 7 847
inst 1143 7 854
inst 1144 7 954
inst 1145 7 961
inst 1146 7 868
inst 1147 7 968
inst 1148 7 1124
inst 1149 7 833
inst 1150 8 282
inst 1151 8 606
inst 1152 8 790
inst 1153 8 898
inst 1154 8 901
inst 1155 8 906
inst 1156 8 909
inst 1157 8 913
inst 1158 9 283
inst 1159 9 607
inst 1160 9 791
inst 1161 9 899
inst 1162 9 902
inst 1163 9 907
inst 1164 9 910
inst 1165 9 914
inst 1166 10 1157
inst 1167 10 1161
inst 1168 10 1206
inst 1169 10 1208
inst 1170 10 1209
inst 1171 10 1211
inst 1172 10 1213
inst 1173 10 1537
inst 1174 10 1170
inst 1175 10 1230
inst 1176 10 1236
inst 1177 10 1247
inst 1178 10 1248
inst 1179 10 1533
inst 1180 10 1223
inst 1181 10 1224
inst 1182 10 1215
inst 1183 10 1218
inst 1184 10 1228
inst 1185 10 1235
inst 1186 10 1285
inst 1187 10 1461
inst 1188 10 1465
inst 1189 10 1162
inst 1190 10 1174
inst 1191 10 1176
inst 1192 10 1242
inst 1193 10 1243
inst 1194 10 1244
inst 1195 10 1486
inst 1196 10 1238
inst 1197 10 1171
inst 1198 10 1255
inst 1199 10 1260
inst 1200 10 1261
inst 1201 10 1542
inst 1202 10 1544
inst 1203 10 1249
inst 1204 10 1252
inst 1205 10 1254
inst 1206 10 1182
inst 1207 10 1281
inst 1208 10 1514
inst 1209 10 1538
inst 1210 10 1545
inst 1211 10 1548
inst 1212 10 1549
inst 1213 10 1546
inst 1214 10 1270
inst 1215 10 1272
inst 1216 10 1277
inst 1217 10 1292
inst 1218 10 1482
inst 1219 10 1487
inst 1220 10 1489
inst 1221 10 1491
inst 1222 10 1149
inst 1223 10 1150
inst 1224 10 1151
inst 1225 10 1194
inst 1226 10 1200
inst 1227 10 1512
inst 1228 10 1278
inst 1229 10 1492
inst 1230 10 1155
inst 1231 10 1156
inst 1232 10 1203
inst 1233 10 1153
inst 1234 10 1199
inst 1235 10 1510
inst 1236 11 1166
inst 1237 11 1188
inst 1238 11 1220
inst 1239 11 1225
inst 1240 11 1231
inst 1241 11 1462
inst 1242 11 1467
inst 1243 11 1469
inst 1244 11 1178
inst 1245 11 1190
inst 1246 11 1259
inst 1247 11 1280
inst 1248 11 1485
inst 1249 11 1543
inst 1250 11 1550
inst 1251 11 1173
inst 1252 11 1515
inst 1253 11 1152
inst 1254 12 1158
inst 1255 12 1159
inst 1256 12 1160
inst 1257 12 1207
inst 1258 12 1210
inst 1259 12 1295
inst 1260 12 1534
inst 1261 12 1536
inst 1262 12 1169
inst 1263 12 1232
inst 1264 12 1240
inst 1265 12 1241
inst 1266 12 1257
inst 1267 12 1258
inst 1268 12 1541
inst 1269 12 1284
inst 1270 12 1163
inst 1271 12 1184
inst 1272 12 1217
inst 1273 12 1219
inst 1274 12 1221
inst 1275 12 1283
inst 1276 12 1290
inst 1277 12 1466
inst 1278 12 1246
inst 1279 12 1256
inst 1280 12 1269
inst 1281 12 1275
inst 1282 12 1289
inst 1283 12 1484
inst 1284 12 1490
inst 1285 12 1294
inst 1286 12 1191
inst 1287 12 1201
inst 1288 12 1265
inst 1289 12 1268
inst 1290 12 1506
inst 1291 12 1509
inst 1292 12 1532
inst 1293 12 1547
inst 1294 12 1154
inst 1295 12 1204
inst 1296 12 1276
inst 1297 12 1279
inst 1298 12 1291
inst 1299 12 1293
inst 1300 12 1274
inst 1301 12 1202
inst 1302 12 1488
inst 1303 13 1167
inst 1304 13 1205
inst 1305 13 1212
inst 1306 13 1227
inst 1307 13 1286
inst 1308 13 1468
inst 1309 13 1470
inst 1310 13 1535
inst 1311 13 1179
inst 1312 13 1180
inst 1313 13 1251
inst 1314 13 1253
inst 1315 13 1539
inst 1316 13 1540
inst 1317 13 1233
inst 1318 13 1234
inst 1319 13 1164
inst 1320 13 1216
inst 1321 13 1222
inst 1322 13 1229
inst 1323 13 1237
inst 1324 13 1282
inst 1325 13 1463
inst 1326 13 1288
inst 1327 13 1175
inst 1328 13 1177
inst 1329 13 1185
inst 1330 13 1245
inst 1331 13 1271
inst 1332 13 1273
inst 1333 13 1495
inst 1334 13 1239
inst 1335 13 1189
inst 1336 13 1196
inst 1337 13 1262
inst 1338 13 1263
inst 1339 13 1264
inst 1340 13 1267
inst 1341 13 1513
inst 1342 13 1531
inst 1343 13 1186
inst 1344 13 1187
inst 1345 13 1481
inst 1346 13 1493
inst 1347 13 1516
inst 1348 13 1517
inst 1349 13 1197
inst 1350 13 1198
inst 1351 13 1494
inst 1352 14 1165
inst 1353 14 1168
inst 1354 14 1172
inst 1355 14 1214
inst 1356 14 1226
inst 1357 14 1287
inst 1358 14 1464
inst 1359 14 1530
inst 1360 14 1181
inst 1361 14 1183
inst 1362 14 1250
inst 1363 14 1266
inst 1364 14 1483
inst 1365 14 1507
inst 1366 14 1508
inst 1367 14 1551
inst 1368 14 1195
inst 1369 14 1511
inst 1370 14 1192
inst 1371 14 1193
inst 1372 15 1300
inst 1373 15 1309
inst 1374 15 1329
inst 1375 15 1331
inst 1376 15 1332
inst 1377 15 1337
inst 1378 15 1341
inst 1379 15 1354
inst 1380 15 1314
inst 1381 15 1317
inst 1382 15 1359
inst 1383 15 1372
inst 1384 15 1375
inst 1385 15 1377
inst 1386 15 1380
inst 1387 15 1355
inst 1388 15 1340
inst 1389 15 1344
inst 1390 15 1350
inst 1391 15 1356
inst 1392 15 1357
inst 1393 15 1368
inst 1394 15 1308
inst 1395 15 1334
inst 1396 15 1371
inst 1397 15 1373
inst 1398 15 1378
inst 1399 15 1395
inst 1400 15 1396
inst 1401 15 1399
inst 1402 15 1499
inst 1403 15 1312
inst 1404 15 1319
inst 1405 15 1387
inst 1406 15 1388
inst 1407 15 1389
inst 1408 15 1391
inst 1409 15 1392
inst 1410 15 1519
inst 1411 15 1526
inst 1412 15 1320
inst 1413 15 1325
inst 1414 15 1404
inst 1415 15 1502
inst 1416 15 1318
inst 1417 15 1383
inst 1418 15 1296
inst 1419 15 1385
inst 1420 15 1297
inst 1421 15 1299
inst 1422 15 1327
inst 1423 15 1328
inst 1424 15 1521
inst 1425 15 1522
inst 1426 15 1528
inst 1427 15 1525
inst 1428 15 1503
inst 1429 16 1306
inst 1430 16 1310
inst 1431 16 1330
inst 1432 16 1338
inst 1433 16 1339
inst 1434 16 1342
inst 1435 16 1348
inst 1436 16 1362
inst 1437 16 1311
inst 1438 16 1333
inst 1439 16 1335
inst 1440 16 1346
inst 1441 16 1394
inst 1442 16 1471
inst 1443 16 1475
inst 1444 16 1473
inst 1445 16 1321
inst 1446 16 1322
inst 1447 16 1374
inst 1448 16 1381
inst 1449 16 1382
inst 1450 16 1386
inst 1451 16 1524
inst 1452 16 1315
inst 1453 16 1324
inst 1454 16 1376
inst 1455 16 1397
inst 1456 16 1405
inst 1457 16 1406
inst 1458 16 1408
inst 1459 16 1403
inst 1460 16 1370
inst 1461 16 1504
inst 1462 16 1527
inst 1463 16 1529
inst 1464 16 1298
inst 1465 17 1301
inst 1466 17 1302
inst 1467 17 1304
inst 1468 17 1307
inst 1469 17 1347
inst 1470 17 1424
inst 1471 17 1460
inst 1472 17 1476
inst 1473 17 1449
inst 1474 17 1451
inst 1475 17 1452
inst 1476 17 1456
inst 1477 17 1457
inst 1478 17 1458
inst 1479 17 1455
inst 1480 17 1459
inst 1481 17 1433
inst 1482 17 1434
inst 1483 17 1447
inst 1484 17 1448
inst 1485 17 1446
inst 1486 17 1450
inst 1487 17 1453
inst 1488 17 1454
inst 1489 17 1425
inst 1490 17 1426
inst 1491 17 1427
inst 1492 17 1428
inst 1493 17 1429
inst 1494 17 1432
inst 1495 17 1430
inst 1496 17 1431
inst 1497 17 1343
inst 1498 17 1416
inst 1499 17 1417
inst 1500 17 1418
inst 1501 17 1419
inst 1502 17 1420
inst 1503 17 1421
inst 1504 17 1422
inst 1505 17 1367
inst 1506 17 1410
inst 1507 17 1412
inst 1508 17 1413
inst 1509 17 1414
inst 1510 17 1415
inst 1511 17 1360
inst 1512 17 1423
inst 1513 17 1438
inst 1514 17 1439
inst 1515 17 1440
inst 1516 17 1441
inst 1517 17 1442
inst 1518 17 1435
inst 1519 17 1436
inst 1520 17 1437
inst 1521 17 1379
inst 1522 17 1390
inst 1523 17 1400
inst 1524 17 1496
inst 1525 17 1411
inst 1526 17 1443
inst 1527 17 1444
inst 1528 17 1445
inst 1529 17 1393
inst 1530 17 1401
inst 1531 17 1518
inst 1532 17 1520
inst 1533 17 1323
inst 1534 18 1303
inst 1535 18 1336
inst 1536 18 1349
inst 1537 18 1351
inst 1538 18 1353
inst 1539 18 1472
inst 1540 18 1478
inst 1541 18 1479
inst 1542 18 1313
inst 1543 18 1358
inst 1544 18 1363
inst 1545 18 1369
inst 1546 18 1384
inst 1547 18 1398
inst 1548 18 1501
inst 1549 18 1352
inst 1550 18 1326
inst 1551 18 1505
inst 1552 18 1523
inst 1553 18 1407
inst 1554 19 1305
inst 1555 19 1345
inst 1556 19 1361
inst 1557 19 1364
inst 1558 19 1365
inst 1559 19 1474
inst 1560 19 1477
inst 1561 19 1480
inst 1562 19 1316
inst 1563 19 1402
inst 1564 19 1409
inst 1565 19 1497
inst 1566 19 1498
inst 1567 19 1500
inst 1568 19 1366
inst 1569 20 1569
inst 1570 20 1571
inst 1571 20 1595
inst 1572 20 1597
inst 1573 20 1599
inst 1574 20 1607
inst 1575 20 1626
inst 1576 20 1627
inst 1577 20 1609
inst 1578 20 1610
inst 1579 20 1611
inst 1580 20 1628
inst 1581 20 1629
inst 1582 20 1670
inst 1583 20 1612
inst 1584 20 1630
inst 1585 20 1585
inst 1586 20 1589
inst 1587 20 1605
inst 1588 20 1662
inst 1589 20 1664
inst 1590 20 1601
inst 1591 20 1603
inst 1592 20 1604
inst 1593 20 1656
inst 1594 20 1666
inst 1595 20 1720
inst 1596 20 1726
inst 1597 20 1728
inst 1598 20 1658
inst 1599 20 1660
inst 1600 20 1668
inst 1601 20 1678
inst 1602 20 1680
inst 1603 20 1682
inst 1604 20 1684
inst 1605 20 1686
inst 1606 20 1688
inst 1607 20 1694
inst 1608 20 1674
inst 1609 20 1690
inst 1610 20 1698
inst 1611 20 1700
inst 1612 20 1718
inst 1613 20 1676
inst 1614 20 1692
inst 1615 20 1696
inst 1616 20 1672
inst 1617 20 1614
inst 1618 20 1616
inst 1619 20 1620
inst 1620 20 1706
inst 1621 20 1708
inst 1622 20 1710
inst 1623 20 1702
inst 1624 20 1704
inst 1625 20 1618
inst 1626 20 1619
inst 1627 20 1622
inst 1628 20 1714
inst 1629 20 1716
inst 1630 20 1621
inst 1631 20 1624
inst 1632 20 1712
inst 1633 20 1583
inst 1634 20 1584
inst 1635 20 1586
inst 1636 20 1587
inst 1637 20 1582
inst 1638 20 1591
inst 1639 20 1593
inst 1640 20 1722
inst 1641 20 1650
inst 1642 20 1651
inst 1643 20 1652
inst 1644 20 1653
inst 1645 20 1654
inst 1646 20 1731
inst 1647 20 1736
inst 1648 20 1724
inst 1649 20 1636
inst 1650 20 1638
inst 1651 20 1640
inst 1652 20 1642
inst 1653 20 1646
inst 1654 20 1648
inst 1655 20 1644
inst 1656 20 1733
inst 1657 20 1573
inst 1658 20 1574
inst 1659 20 1576
inst 1660 20 1578
inst 1661 20 1632
inst 1662 20 1740
inst 1663 20 1580
inst 1664 20 1634
inst 1665 20 1741
inst 1666 20 1742
inst 1667 20 1743
inst 1668 20 1744
inst 1669 20 1745
inst 1670 20 1746
inst 1671 20 1738
inst 1672 20 1739
inst 1673 20 1748
inst 1674 20 1749
inst 1675 20 1750
inst 1676 20 1751
inst 1677 20 1752
inst 1678 20 1753
inst 1679 20 1761
inst 1680 20 1747
inst 1681 20 1754
inst 1682 20 1755
inst 1683 20 1756
inst 1684 20 1759
inst 1685 20 1760
inst 1686 20 1762
inst 1687 20 1763
inst 1688 20 1758
inst 1689 20 1757
inst 1690 21 1570
inst 1691 21 1572
inst 1692 21 1596
inst 1693 21 1598
inst 1694 21 1600
inst 1695 21 1602
inst 1696 21 1608
inst 1697 21 1631
inst 1698 21 1669
inst 1699 21 1671
inst 1700 21 1673
inst 1701 21 1675
inst 1702 21 1677
inst 1703 21 1685
inst 1704 21 1689
inst 1705 21 1613
inst 1706 21 1679
inst 1707 21 1683
inst 1708 21 1687
inst 1709 21 1693
inst 1710 21 1697
inst 1711 21 1699
inst 1712 21 1681
inst 1713 21 1691
inst 1714 21 1615
inst 1715 21 1617
inst 1716 21 1703
inst 1717 21 1707
inst 1718 21 1711
inst 1719 21 1695
inst 1720 21 1701
inst 1721 21 1705
inst 1722 21 1588
inst 1723 21 1590
inst 1724 21 1592
inst 1725 21 1594
inst 1726 21 1606
inst 1727 21 1665
inst 1728 21 1661
inst 1729 21 1663
inst 1730 21 1657
inst 1731 21 1721
inst 1732 21 1723
inst 1733 21 1725
inst 1734 21 1727
inst 1735 21 1729
inst 1736 21 1667
inst 1737 21 1659
inst 1738 21 1645
inst 1739 21 1713
inst 1740 21 1715
inst 1741 21 1717
inst 1742 21 1719
inst 1743 21 1730
inst 1744 21 1735
inst 1745 21 1709
inst 1746 21 1641
inst 1747 21 1647
inst 1748 21 1649
inst 1749 21 1655
inst 1750 21 1734
inst 1751 21 1643
inst 1752 21 1737
inst 1753 21 1732
inst 1754 21 1577
inst 1755 21 1579
inst 1756 21 1581
inst 1757 21 1623
inst 1758 21 1625
inst 1759 21 1633
inst 1760 21 1635
inst 1761 21 1639
inst 1762 21 1637
inst 1763 21 1575
level sunken tree 0 protos 8 instances 709
proto 0 hotpipe-coil.mb stiffness 0.000000 dists 225280.0000 112640.0000 0.0000 327680.0000 rdists 0.00000977 0.00000888 0.00001395 0.00000000
proto 1 sun-mushroom-ears.mb stiffness 0.400000 dists 491520.0000 245760.0000 0.0000 737280.0000 rdists 0.00000407 0.00000407 0.00000581 0.40000001
proto 2 sun-coral-fan.mb stiffness 0.400000 dists 491520.0000 245760.0000 0.0000 737280.0000 rdists 0.00000407 0.00000407 0.00000581 0.40000001
proto 3 sun-coral-seaweed.mb stiffness 0.500000 dists 286720.0000 143360.0000 0.0000 409600.0000 rdists 0.00000814 0.00000698 0.00001163 0.50000000
proto 4 sun-coral-leaf.mb stiffness 0.400000 dists 368640.0000 184320.0000 0.0000 450560.0000 rdists 0.00001221 0.00000543 0.00001744 0.40000001
proto 5 sun-kelp.mb stiffness 0.400000 dists 491520.0000 245760.0000 0.0000 737280.0000 rdists 0.00000407 0.00000407 0.00000581 0.40000001
proto 6 sun-coral-sponge.mb stiffness 0.000000 dists 286720.0000 143360.0000 0.0000 409600.0000 rdists 0.00000814 0.00000698 0.00001163 0.00000000
proto 7 sun-mushroom-group.mb stiffness 0.400000 dists 491520.0000 245760.0000 0.0000 737280.0000 rdists 0.00000407 0.00000407 0.00000581 0.40000001
inst 0 0 150
inst 1 0 151
inst 2 0 152
inst 3 0 153
inst 4 0 154
inst 5 0 135
inst 6 0 136
inst 7 0 137
inst 8 0 157
inst 9 0 158
inst 10 0 159
inst 11 0 160
inst 12 0 161
inst 13 0 162
inst 14 0 155
inst 15 0 156
inst 16 0 140
inst 17 0 141
inst 18 0 120
inst 19 0 121
inst 20 0 122
inst 21 0 123
inst 22 0 138
inst 23 0 139
inst 24 0 144
inst 25 0 145
inst 26 0 146
inst 27 0 147
inst 28 0 148
inst 29 0 149
inst 30 0 142
inst 31 0 143
inst 32 0 0
inst 33 0 1
inst 34 0 2
inst 35 0 3
inst 36 0 4
inst 37 0 253
inst 38 0 163
inst 39 0 164
inst 40 0 273
inst 41 0 274
inst 42 0 275
inst 43 0 276
inst 44 0 254
inst 45 0 255
inst 46 0 256
inst 47 0 257
inst 48 0 265
inst 49 0 266
inst 50 0 267
inst 51 0 268
inst 52 0 269
inst 53 0 270
inst 54 0 271
inst 55 0 272
inst 56 0 259
inst 57 0 260
inst 58 0 261
inst 59 0 262
inst 60 0 258
inst 61 0 277
inst 62 0 263
inst 63 0 264
inst 64 0 125
inst 65 0 126
inst 66 0 127
inst 67 0 128
inst 68 0 129
inst 69 0 124
inst 70 0 130
inst 71 0 131
inst 72 0 308
inst 73 0 309
inst 74 0 310
inst 75 0 316
inst 76 0 317
inst 77 0 132
inst 78 0 133
inst 79 0 134
inst 80 0 313
inst 81 0 371
inst 82 0 372
inst 83 0 105
inst 84 0 106
inst 85 0 107
inst 86 0 314
inst 87 0 315
inst 88 0 318
inst 89 0 319
inst 90 0 320
inst 91 0 321
inst 92 0 322
inst 93 0 368
inst 94 0 369
inst 95 0 370
inst 96 0 298
inst 97 0 303
inst 98 0 304
inst 99 0 305
inst 100 0 306
inst 101 0 307
inst 102 0 311
inst 103 0 312
inst 104 0 293
inst 105 0 294
inst 106 0 295
inst 107 0 296
inst 108 0 300
inst 109 0 301
inst 110 0 302
inst 111 0 299
inst 112 0 283
inst 113 0 284
inst 114 0 288
inst 115 0 289
inst 116 0 290
inst 117 0 291
inst 118 0 292
inst 119 0 297
inst 120 0 280
inst 121 0 281
inst 122 0 282
inst 123 0 287
inst 124 0 278
inst 125 0 279
inst 126 0 285
inst 127 0 286
inst 128 0 108
inst 129 0 109
inst 130 0 110
inst 131 0 115
inst 132 0 116
inst 133 0 117
inst 134 0 118
inst 135 0 119
inst 136 0 112
inst 137 0 113
inst 138 0 114
inst 139 0 170
inst 140 0 171
inst 141 0 172
inst 142 0 173
inst 143 0 111
inst 144 0 165
inst 145 0 166
inst 146 0 167
inst 147 0 168
inst 148 0 169
inst 149 0 326
inst 150 0 327
inst 151 0 174
inst 152 0 328
inst 153 0 329
inst 154 0 330
inst 155 0 331
inst 156 0 332
inst 157 0 323
inst 158 0 324
inst 159 0 325
inst 160 0 95
inst 161 0 96
inst 162 0 97
inst 163 0 98
inst 164 0 100
inst 165 0 101
inst 166 0 102
inst 167 0 103
inst 168 0 333
inst 169 0 334
inst 170 0 335
inst 171 0 336
inst 172 0 342
inst 173 0 337
inst 174 0 99
inst 175 0 104
inst 176 0 374
inst 177 0 375
inst 178 0 376
inst 179 0 377
inst 180 0 338
inst 181 0 339
inst 182 0 340
inst 183 0 341
inst 184 0 343
inst 185 0 344
inst 186 0 345
inst 187 0 346
inst 188 0 347
inst 189 0 351
inst 190 0 352
inst 191 0 373
inst 192 0 348
inst 193 0 353
inst 194 0 354
inst 195 0 355
inst 196 0 356
inst 197 0 357
inst 198 0 349
inst 199 0 350
inst 200 0 358
inst 201 0 359
inst 202 0 360
inst 203 0 380
inst 204 0 381
inst 205 0 382
inst 206 0 361
inst 207 0 362
inst 208 0 363
inst 209 0 364
inst 210 0 365
inst 211 0 366
inst 212 0 367
inst 213 0 378
inst 214 0 379
inst 215 1 70
inst 216 1 72
inst 217 1 73
inst 218 1 453
inst 219 1 454
inst 220 1 455
inst 221 1 456
inst 222 1 457
inst 223 1 74
inst 224 1 75
inst 225 1 78
inst 226 1 79
inst 227 1 80
inst 228 1 81
inst 229 1 82
inst 230 1 71
inst 231 1 62
inst 232 1 65
inst 233 1 66
inst 234 1 67
inst 235 1 68
inst 236 1 69
inst 237 1 76
inst 238 1 77
inst 239 1 48
inst 240 1 53
inst 241 1 54
inst 242 1 55
inst 243 1 56
inst 244 1 61
inst 245 1 63
inst 246 1 64
inst 247 1 57
inst 248 1 59
inst 249 1 60
inst 250 1 680
inst 251 1 681
inst 252 1 684
inst 253 1 685
inst 254 1 687
inst 255 1 44
inst 256 1 45
inst 257 1 46
inst 258 1 47
inst 259 1 49
inst 260 1 50
inst 261 1 52
inst 262 1 58
inst 263 1 226
inst 264 1 581
inst 265 1 584
inst 266 1 585
inst 267 1 587
inst 268 1 682
inst 269 1 683
inst 270 1 686
inst 271 1 218
inst 272 1 219
inst 273 1 220
inst 274 1 221
inst 275 1 222
inst 276 1 223
inst 277 1 224
inst 278 1 225
inst 279 1 528
inst 280 1 529
inst 281 1 530
inst 282 1 532
inst 283 1 533
inst 284 1 535
inst 285 1 542
inst 286 1 543
inst 287 1 521
inst 288 1 522
inst 289 1 523
inst 290 1 524
inst 291 1 525
inst 292 1 526
inst 293 1 527
inst 294 1 520
inst 295 1 596
inst 296 1 597
inst 297 1 598
inst 298 1 599
inst 299 1 600
inst 300 1 601
inst 301 1 602
inst 302 1 603
inst 303 1 513
inst 304 1 514
inst 305 1 515
inst 306 1 518
inst 307 1 519
inst 308 1 512
inst 309 1 516
inst 310 1 517
inst 311 1 582
inst 312 1 583
inst 313 1 586
inst 314 1 591
inst 315 1 592
inst 316 1 594
inst 317 1 580
inst 318 1 593
inst 319 1 588
inst 320 1 595
inst 321 1 646
inst 322 1 647
inst 323 1 649
inst 324 1 650
inst 325 1 589
inst 326 1 590
inst 327 1 196
inst 328 1 197
inst 329 1 198
inst 330 1 199
inst 331 1 200
inst 332 1 645
inst 333 1 648
inst 334 1 651
inst 335 1 214
inst 336 1 215
inst 337 1 216
inst 338 1 217
inst 339 1 192
inst 340 1 193
inst 341 1 194
inst 342 1 195
inst 343 1 567
inst 344 1 568
inst 345 1 569
inst 346 1 570
inst 347 1 571
inst 348 1 572
inst 349 1 573
inst 350 1 557
inst 351 1 549
inst 352 1 551
inst 353 1 552
inst 354 1 553
inst 355 1 554
inst 356 1 555
inst 357 1 556
inst 358 1 559
inst 359 1 544
inst 360 1 545
inst 361 1 546
inst 362 1 547
inst 363 1 548
inst 364 1 550
inst 365 1 558
inst 366 1 565
inst 367 1 537
inst 368 1 541
inst 369 1 560
inst 370 1 561
inst 371 1 562
inst 372 1 563
inst 373 1 564
inst 374 1 566
inst 375 1 184
inst 376 1 185
inst 377 1 531
inst 378 1 534
inst 379 1 536
inst 380 1 538
inst 381 1 539
inst 382 1 540
inst 383 1 205
inst 384 1 206
inst 385 1 208
inst 386 1 209
inst 387 1 210
inst 388 1 211
inst 389 1 212
inst 390 1 213
inst 391 1 177
inst 392 1 179
inst 393 1 180
inst 394 1 181
inst 395 1 182
inst 396 1 183
inst 397 1 186
inst 398 1 187
inst 399 1 656
inst 400 1 669
inst 401 1 670
inst 402 1 673
inst 403 1 675
inst 404 1 175
inst 405 1 176
inst 406 1 178
inst 407 1 201
inst 408 1 202
inst 409 1 203
inst 410 1 204
inst 411 1 632
inst 412 1 635
inst 413 1 636
inst 414 1 207
inst 415 1 611
inst 416 1 615
inst 417 1 620
inst 418 1 621
inst 419 1 624
inst 420 1 625
inst 421 1 631
inst 422 1 633
inst 423 1 657
inst 424 1 674
inst 425 1 618
inst 426 1 619
inst 427 1 622
inst 428 1 623
inst 429 1 630
inst 430 1 634
inst 431 1 652
inst 432 1 653
inst 433 1 654
inst 434 1 655
inst 435 1 658
inst 436 1 668
inst 437 1 671
inst 438 1 672
inst 439 1 638
inst 440 1 639
inst 441 1 640
inst 442 1 641
inst 443 1 642
inst 444 1 643
inst 445 1 189
inst 446 1 190
inst 447 1 610
inst 448 1 612
inst 449 1 613
inst 450 1 614
inst 451 1 616
inst 452 1 617
inst 453 1 188
inst 454 1 191
inst 455 1 690
inst 456 1 691
inst 457 1 692
inst 458 1 693
inst 459 1 694
inst 460 1 695
inst 461 1 702
inst 462 1 644
inst 463 1 696
inst 464 1 697
inst 465 1 698
inst 466 1 699
inst 467 1 700
inst 468 1 701
inst 469 1 703
inst 470 1 704
inst 471 1 39
inst 472 1 40
inst 473 1 41
inst 474 1 42
inst 475 1 43
inst 476 1 236
inst 477 1 237
inst 478 1 51
inst 479 1 235
inst 480 1 231
inst 481 1 232
inst 482 1 234
inst 483 1 238
inst 484 1 239
inst 485 1 249
inst 486 1 250
inst 487 1 227
inst 488 1 228
inst 489 1 229
inst 490 1 230
inst 491 1 240
inst 492 1 242
inst 493 1 243
inst 494 1 233
inst 495 1 246
inst 496 1 241
inst 497 1 244
inst 498 1 245
inst 499 1 247
inst 500 1 248
inst 501 1 251
inst 502 1 252
inst 503 1 31
inst 504 1 32
inst 505 1 33
inst 506 1 34
inst 507 1 35
inst 508 1 36
inst 509 1 37
inst 510 1 38
inst 511 1 21
inst 512 1 23
inst 513 1 20
inst 514 1 26
inst 515 1 27
inst 516 1 28
inst 517 1 29
inst 518 1 30
inst 519 1 13
inst 520 1 14
inst 521 1 17
inst 522 1 18
inst 523 1 19
inst 524 1 22
inst 525 1 24
inst 526 1 25
inst 527 1 5
inst 528 1 7
inst 529 1 8
inst 530 1 9
inst 531 1 10
inst 532 1 12
inst 533 1 15
inst 534 1 16
inst 535 1 6
inst 536 1 11
inst 537 2 423
inst 538 2 427
inst 539 2 435
inst 540 2 436
inst 541 2 444
inst 542 2 445
inst 543 2 451
inst 544 2 452
inst 545 2 84
inst 546 2 85
inst 547 2 86
inst 548 2 421
inst 549 2 473
inst 550 2 474
inst 551 2 475
inst 552 2 422
inst 553 2 83
inst 554 2 88
inst 555 2 87
inst 556 3 386
inst 557 3 407
inst 558 3 415
inst 559 3 416
inst 560 3 437
inst 561 3 438
inst 562 3 458
inst 563 3 488
inst 564 3 637
inst 565 3 659
inst 566 3 660
inst 567 3 661
inst 568 3 662
inst 569 3 689
inst 570 3 505
inst 571 3 511
inst 572 3 89
inst 573 3 90
inst 574 3 91
inst 575 3 391
inst 576 3 396
inst 577 3 479
inst 578 3 383
inst 579 3 392
inst 580 3 480
inst 581 3 485
inst 582 4 92
inst 583 4 93
inst 584 4 94
inst 585 5 428
inst 586 5 429
inst 587 5 431
inst 588 5 439
inst 589 5 448
inst 590 5 449
inst 591 5 450
inst 592 5 459
inst 593 5 414
inst 594 5 440
inst 595 5 676
inst 596 5 677
inst 597 5 678
inst 598 5 430
inst 599 5 432
inst 600 5 433
inst 601 5 503
inst 602 5 504
inst 603 5 574
inst 604 5 575
inst 605 5 576
inst 606 5 663
inst 607 5 664
inst 608 5 679
inst 609 5 501
inst 610 5 577
inst 611 5 605
inst 612 5 606
inst 613 5 607
inst 614 5 608
inst 615 5 609
inst 616 5 502
inst 617 5 384
inst 618 5 385
inst 619 5 387
inst 620 5 388
inst 621 5 389
inst 622 5 401
inst 623 5 406
inst 624 5 489
inst 625 5 399
inst 626 5 400
inst 627 5 469
inst 628 5 470
inst 629 5 471
inst 630 5 472
inst 631 5 484
inst 632 5 390
inst 633 5 420
inst 634 5 688
inst 635 5 408
inst 636 5 409
inst 637 5 410
inst 638 5 411
inst 639 6 441
inst 640 6 460
inst 641 6 461
inst 642 6 462
inst 643 6 463
inst 644 6 464
inst 645 6 465
inst 646 6 466
inst 647 6 393
inst 648 6 394
inst 649 6 402
inst 650 6 403
inst 651 6 404
inst 652 6 405
inst 653 6 424
inst 654 6 442
inst 655 6 412
inst 656 6 413
inst 657 6 417
inst 658 6 418
inst 659 6 434
inst 660 6 425
inst 661 6 426
inst 662 6 443
inst 663 6 506
inst 664 6 578
inst 665 6 579
inst 666 6 604
inst 667 6 665
inst 668 6 666
inst 669 6 667
inst 670 6 419
inst 671 6 477
inst 672 6 482
inst 673 6 483
inst 674 6 486
inst 675 6 487
inst 676 6 395
inst 677 6 397
inst 678 6 398
inst 679 6 467
inst 680 6 468
inst 681 6 481
inst 682 6 476
inst 683 6 478
inst 684 7 446
inst 685 7 447
inst 686 7 490
inst 687 7 491
inst 688 7 507
inst 689 7 508
inst 690 7 509
inst 691 7 510
inst 692 7 626
inst 693 7 627
inst 694 7 705
inst 695 7 706
inst 696 7 707
inst 697 7 708
inst 698 7 628
inst 699 7 629
inst 700 7 492
inst 701 7 494
inst 702 7 495
inst 703 7 496
inst 704 7 497
inst 705 7 498
inst 706 7 500
inst 707 7 493
inst 708 7 499
level darkcave tree 0 protos 8 instances 454
proto 0 CAV-platsupports-01.mb stiffness 0.000000 dists 122880.0000 61440.0000 0.0000 163840.0000 rdists 0.00002441 0.00001628 0.00003488 0.00000000
proto 1 CAV-platsupports-03.mb stiffness 0.000000 dists 122880.0000 61440.0000 0.0000 163840.0000 rdists 0.00002441 0.00001628 0.00003488 0.00000000
proto 2 CAV-platsupportsfiller-01.mb stiffness 0.000000 dists 122880.0000 61440.0000 0.0000 163840.0000 rdists 0.00002441 0.00001628 0.00003488 0.00000000
proto 3 CAV-platsupports-02.mb stiffness 0.000000 dists 122880.0000 61440.0000 0.0000 163840.0000 rdists 0.00002441 0.00001628 0.00003488 0.00000000
proto 4 CAV-scaffoldsupport-rope-01.mb stiffness 0.000000 dists 122880.0000 61440.0000 0.0000 163840.0000 rdists 0.00002441 0.00001628 0.00003488 0.00000000
proto 5 CAV-scaffoldsupport-rope-02.mb stiffness 0.000000 dists 122880.0000 61440.0000 0.0000 163840.0000 rdists 0.00002441 0.00001628 0.00003488 0.00000000
proto 6 cv-supportpole-topA.mb stiffness 0.000000 dists 184320.0000 92160.0000 0.0000 286720.0000 rdists 0.00000977 0.00001085 0.00001395 0.00000000
proto 7 cv-supportpole-topB.mb stiffness 0.000000 dists 184320.0000 92160.0000 0.0000 286720.0000 rdists 0.00000977 0.00001085 0.00001395 0.00000000
inst 0 0 0
inst 1 0 5
inst 2 0 6
inst 3 0 7
inst 4 0 14
inst 5 0 26
inst 6 0 30
inst 7 1 3
inst 8 1 15
inst 9 1 16
inst 10 1 19
inst 11 1 21
inst 12 1 22
inst 13 1 23
inst 14 1 27
inst 15 1 1
inst 16 1 2
inst 17 1 8
inst 18 1 9
inst 19 1 12
inst 20 1 13
inst 21 1 4
inst 22 2 430
inst 23 2 431
inst 24 2 432
inst 25 2 433
inst 26 2 434
inst 27 2 435
inst 28 2 436
inst 29 2 437
inst 30 2 17
inst 31 2 18
inst 32 2 449
inst 33 2 450
inst 34 2 451
inst 35 2 452
inst 36 2 453
inst 37 2 20
inst 38 2 438
inst 39 2 439
inst 40 2 440
inst 41 2 441
inst 42 2 442
inst 43 2 443
inst 44 2 444
inst 45 2 445
inst 46 2 10
inst 47 2 11
inst 48 2 446
inst 49 2 447
inst 50 2 448
inst 51 3 24
inst 52 3 25
inst 53 3 28
inst 54 3 29
inst 55 4 87
inst 56 4 88
inst 57 4 89
inst 58 4 94
inst 59 4 95
inst 60 4 96
inst 61 4 381
inst 62 4 382
inst 63 4 108
inst 64 4 109
inst 65 4 110
inst 66 4 305
inst 67 4 388
inst 68 4 389
inst 69 4 390
inst 70 4 383
inst 71 4 101
inst 72 4 409
inst 73 4 410
inst 74 4 411
inst 75 4 423
inst 76 4 424
inst 77 4 425
inst 78 4 304
inst 79 4 313
inst 80 4 403
inst 81 4 404
inst 82 4 417
inst 83 4 418
inst 84 4 306
inst 85 4 402
inst 86 4 416
inst 87 4 115
inst 88 4 116
inst 89 4 117
inst 90 4 122
inst 91 4 123
inst 92 4 124
inst 93 4 102
inst 94 4 103
inst 95 4 136
inst 96 4 137
inst 97 4 138
inst 98 4 143
inst 99 4 144
inst 100 4 145
inst 101 4 129
inst 102 4 130
inst 103 4 318
inst 104 4 319
inst 105 4 320
inst 106 4 325
inst 107 4 326
inst 108 4 327
inst 109 4 311
inst 110 4 312
inst 111 4 341
inst 112 4 346
inst 113 4 347
inst 114 4 348
inst 115 4 332
inst 116 4 333
inst 117 4 334
inst 118 4 131
inst 119 4 31
inst 120 4 32
inst 121 4 33
inst 122 4 38
inst 123 4 40
inst 124 4 52
inst 125 4 353
inst 126 4 374
inst 127 4 66
inst 128 4 67
inst 129 4 68
inst 130 4 164
inst 131 4 165
inst 132 4 166
inst 133 4 178
inst 134 4 59
inst 135 4 150
inst 136 4 151
inst 137 4 152
inst 138 4 157
inst 139 4 158
inst 140 4 171
inst 141 4 172
inst 142 4 173
inst 143 4 192
inst 144 4 199
inst 145 4 185
inst 146 4 159
inst 147 4 290
inst 148 4 297
inst 149 4 276
inst 150 4 283
inst 151 4 361
inst 152 4 362
inst 153 4 368
inst 154 4 369
inst 155 4 375
inst 156 4 376
inst 157 4 360
inst 158 4 367
inst 159 4 54
inst 160 4 60
inst 161 4 61
inst 162 4 179
inst 163 4 180
inst 164 4 53
inst 165 4 354
inst 166 4 355
inst 167 4 298
inst 168 4 299
inst 169 4 278
inst 170 4 285
inst 171 4 340
inst 172 4 277
inst 173 4 284
inst 174 4 339
inst 175 4 193
inst 176 4 194
inst 177 4 200
inst 178 4 201
inst 179 4 186
inst 180 4 187
inst 181 4 292
inst 182 4 291
inst 183 4 248
inst 184 4 255
inst 185 4 262
inst 186 4 269
inst 187 4 39
inst 188 4 80
inst 189 4 81
inst 190 4 82
inst 191 4 235
inst 192 4 249
inst 193 4 256
inst 194 4 263
inst 195 4 270
inst 196 4 73
inst 197 4 241
inst 198 4 45
inst 199 4 206
inst 200 4 213
inst 201 4 220
inst 202 4 227
inst 203 4 395
inst 204 4 221
inst 205 4 222
inst 206 4 228
inst 207 4 208
inst 208 4 215
inst 209 4 397
inst 210 4 234
inst 211 4 207
inst 212 4 214
inst 213 4 396
inst 214 4 229
inst 215 4 250
inst 216 4 257
inst 217 4 264
inst 218 4 271
inst 219 4 46
inst 220 4 47
inst 221 4 74
inst 222 4 75
inst 223 4 242
inst 224 4 236
inst 225 4 243
inst 226 5 90
inst 227 5 91
inst 228 5 97
inst 229 5 98
inst 230 5 384
inst 231 5 385
inst 232 5 391
inst 233 5 392
inst 234 5 112
inst 235 5 308
inst 236 5 111
inst 237 5 118
inst 238 5 119
inst 239 5 307
inst 240 5 328
inst 241 5 329
inst 242 5 105
inst 243 5 125
inst 244 5 126
inst 245 5 412
inst 246 5 413
inst 247 5 426
inst 248 5 427
inst 249 5 104
inst 250 5 405
inst 251 5 419
inst 252 5 314
inst 253 5 321
inst 254 5 315
inst 255 5 322
inst 256 5 406
inst 257 5 420
inst 258 5 69
inst 259 5 70
inst 260 5 146
inst 261 5 147
inst 262 5 174
inst 263 5 175
inst 264 5 280
inst 265 5 287
inst 266 5 140
inst 267 5 160
inst 268 5 161
inst 269 5 294
inst 270 5 139
inst 271 5 301
inst 272 5 132
inst 273 5 133
inst 274 5 62
inst 275 5 188
inst 276 5 189
inst 277 5 279
inst 278 5 286
inst 279 5 342
inst 280 5 343
inst 281 5 63
inst 282 5 195
inst 283 5 196
inst 284 5 300
inst 285 5 350
inst 286 5 293
inst 287 5 335
inst 288 5 336
inst 289 5 349
inst 290 5 41
inst 291 5 42
inst 292 5 49
inst 293 5 56
inst 294 5 83
inst 295 5 84
inst 296 5 34
inst 297 5 35
inst 298 5 238
inst 299 5 245
inst 300 5 259
inst 301 5 266
inst 302 5 251
inst 303 5 258
inst 304 5 252
inst 305 5 273
inst 306 5 356
inst 307 5 357
inst 308 5 363
inst 309 5 364
inst 310 5 370
inst 311 5 371
inst 312 5 377
inst 313 5 378
inst 314 5 76
inst 315 5 77
inst 316 5 237
inst 317 5 244
inst 318 5 265
inst 319 5 272
inst 320 5 48
inst 321 5 55
inst 322 5 210
inst 323 5 217
inst 324 5 153
inst 325 5 154
inst 326 5 167
inst 327 5 168
inst 328 5 182
inst 329 5 203
inst 330 5 224
inst 331 5 231
inst 332 5 398
inst 333 5 399
inst 334 5 223
inst 335 5 230
inst 336 5 209
inst 337 5 216
inst 338 5 181
inst 339 5 202
inst 340 6 92
inst 341 6 99
inst 342 6 113
inst 343 6 120
inst 344 6 309
inst 345 6 330
inst 346 6 386
inst 347 6 393
inst 348 6 106
inst 349 6 127
inst 350 6 323
inst 351 6 407
inst 352 6 414
inst 353 6 421
inst 354 6 428
inst 355 6 316
inst 356 6 71
inst 357 6 141
inst 358 6 148
inst 359 6 162
inst 360 6 176
inst 361 6 281
inst 362 6 288
inst 363 6 134
inst 364 6 64
inst 365 6 190
inst 366 6 197
inst 367 6 337
inst 368 6 344
inst 369 6 351
inst 370 6 295
inst 371 6 302
inst 372 6 36
inst 373 6 43
inst 374 6 50
inst 375 6 85
inst 376 6 253
inst 377 6 260
inst 378 6 267
inst 379 6 274
inst 380 6 78
inst 381 6 239
inst 382 6 246
inst 383 6 358
inst 384 6 365
inst 385 6 372
inst 386 6 379
inst 387 6 57
inst 388 6 204
inst 389 6 211
inst 390 6 218
inst 391 6 400
inst 392 6 155
inst 393 6 169
inst 394 6 183
inst 395 6 225
inst 396 6 232
inst 397 7 93
inst 398 7 100
inst 399 7 114
inst 400 7 121
inst 401 7 310
inst 402 7 331
inst 403 7 387
inst 404 7 394
inst 405 7 128
inst 406 7 317
inst 407 7 324
inst 408 7 408
inst 409 7 415
inst 410 7 422
inst 411 7 429
inst 412 7 107
inst 413 7 72
inst 414 7 142
inst 415 7 149
inst 416 7 163
inst 417 7 177
inst 418 7 296
inst 419 7 303
inst 420 7 135
inst 421 7 65
inst 422 7 191
inst 423 7 198
inst 424 7 338
inst 425 7 345
inst 426 7 352
inst 427 7 282
inst 428 7 289
inst 429 7 44
inst 430 7 51
inst 431 7 86
inst 432 7 254
inst 433 7 261
inst 434 7 268
inst 435 7 275
inst 436 7 37
inst 437 7 79
inst 438 7 240
inst 439 7 247
inst 440 7 359
inst 441 7 366
inst 442 7 373
inst 443 7 380
inst 444 7 58
inst 445 7 156
inst 446 7 170
inst 447 7 205
inst 448 7 212
inst 449 7 219
inst 450 7 401
inst 451 7 184
inst 452 7 226
inst 453 7 233
level maincave tree 0 protos 16 instances 1310
proto 0 cv-supportpole-topA.mb stiffness 0.000000 dists 184320.0000 92160.0000 0.0000 286720.0000 rdists 0.00000977 0.00001085 0.00001395 0.00000000
proto 1 cv-supportpole-topB.mb stiffness 0.000000 dists 184320.0000 92160.0000 0.0000 286720.0000 rdists 0.00000977 0.00001085 0.00001395 0.00000000
proto 2 cv-shortsupport-topA.mb stiffness 0.000000 dists 184320.0000 92160.0000 0.0000 286720.0000 rdists 0.00000977 0.00001085 0.00001395 0.00000000
proto 3 cv-shortsupport-topB.mb stiffness 0.000000 dists 184320.0000 92160.0000 0.0000 286720.0000 rdists 0.00000977 0.00001085 0.00001395 0.00000000
proto 4 cav-pebbles-01.mb stiffness 0.000000 dists 102400.0000 51200.0000 0.0000 184320.0000 rdists 0.00001221 0.00001953 0.00001744 0.00000000
proto 5 cav-pebbles-02.mb stiffness 0.000000 dists 102400.0000 51200.0000 0.0000 184320.0000 rdists 0.00001221 0.00001953 0.00001744 0.00000000
proto 6 cav-pebbles-03.mb stiffness 0.000000 dists 102400.0000 51200.0000 0.0000 184320.0000 rdists 0.00001221 0.00001953 0.00001744 0.00000000
proto 7 cav-splinters-02.mb stiffness 0.000000 dists 102400.0000 51200.0000 0.0000 184320.0000 rdists 0.00001221 0.00001953 0.00001744 0.00000000
proto 8 cav-splinters-03.mb stiffness 0.000000 dists 102400.0000 51200.0000 0.0000 184320.0000 rdists 0.00001221 0.00001953 0.00001744 0.00000000
proto 9 cav-splinters-01.mb stiffness 0.000000 dists 102400.0000 51200.0000 0.0000 184320.0000 rdists 0.00001221 0.00001953 0.00001744 0.00000000
proto 10 cav-firepole-geoextend.mb stiffness 0.000000 dists 245760.0000 122880.0000 0.0000 368640.0000 rdists 0.00000814 0.00000814 0.00001163 0.00000000
proto 11 cav-mushroom-01-geo.mb stiffness 0.000000 dists 184320.0000 92160.0000 0.0000 286720.0000 rdists 0.00000977 0.00001085 0.00001395 0.00000000
proto 12 cav-mushroom-05-geo.mb stiffness 0.000000 dists 184320.0000 92160.0000 0.0000 286720.0000 rdists 0.00000977 0.00001085 0.00001395 0.00000000
proto 13 cav-mushroom-04-geo.mb stiffness 0.000000 dists 184320.0000 92160.0000 0.0000 286720.0000 rdists 0.00000977 0.00001085 0.00001395 0.00000000
proto 14 cav-mushroom-02-geo.mb stiffness 0.000000 dists 184320.0000 92160.0000 0.0000 286720.0000 rdists 0.00000977 0.00001085 0.00001395 0.00000000
proto 15 cav-mushroom-03-geo.mb stiffness 0.000000 dists 184320.0000 92160.0000 0.0000 286720.0000 rdists 0.00000977 0.00001085 0.00001395 0.00000000
inst 0 0 0
inst 1 0 2
inst 2 0 4
inst 3 0 6
inst 4 0 8
inst 5 0 10
inst 6 0 12
inst 7 1 1
inst 8 1 3
inst 9 1 5
inst 10 1 7
inst 11 1 9
inst 12 1 11
inst 13 1 13
inst 14 2 14
inst 15 2 16
inst 16 2 18
inst 17 2 20
inst 18 2 22
inst 19 3 15
inst 20 3 17
inst 21 3 19
inst 22 3 21
inst 23 3 23
inst 24 4 308
inst 25 4 312
inst 26 4 329
inst 27 4 332
inst 28 4 333
inst 29 4 339
inst 30 4 340
inst 31 4 341
inst 32 4 219
inst 33 4 220
inst 34 4 230
inst 35 4 231
inst 36 4 243
inst 37 4 304
inst 38 4 307
inst 39 4 311
inst 40 4 139
inst 41 4 142
inst 42 4 143
inst 43 4 144
inst 44 4 205
inst 45 4 208
inst 46 4 209
inst 47 4 218
inst 48 4 162
inst 49 4 165
inst 50 4 166
inst 51 4 202
inst 52 4 203
inst 53 4 204
inst 54 4 214
inst 55 4 217
inst 56 4 258
inst 57 4 259
inst 58 4 261
inst 59 4 262
inst 60 4 268
inst 61 4 269
inst 62 4 276
inst 63 4 277
inst 64 4 221
inst 65 4 224
inst 66 4 225
inst 67 4 242
inst 68 4 253
inst 69 4 254
inst 70 4 249
inst 71 4 250
inst 72 4 172
inst 73 4 178
inst 74 4 179
inst 75 4 235
inst 76 4 236
inst 77 4 237
inst 78 4 238
inst 79 4 239
inst 80 4 167
inst 81 4 175
inst 82 4 244
inst 83 4 170
inst 84 4 171
inst 85 4 247
inst 86 4 248
inst 87 4 173
inst 88 4 129
inst 89 4 147
inst 90 4 150
inst 91 4 151
inst 92 4 154
inst 93 4 155
inst 94 4 212
inst 95 4 213
inst 96 4 52
inst 97 4 53
inst 98 4 60
inst 99 4 63
inst 100 4 64
inst 101 4 65
inst 102 4 125
inst 103 4 128
inst 104 4 42
inst 105 4 118
inst 106 4 121
inst 107 4 123
inst 108 4 124
inst 109 4 130
inst 110 4 122
inst 111 4 132
inst 112 4 24
inst 113 4 27
inst 114 4 33
inst 115 4 36
inst 116 4 39
inst 117 4 135
inst 118 4 134
inst 119 4 138
inst 120 4 46
inst 121 4 47
inst 122 4 56
inst 123 4 57
inst 124 4 116
inst 125 4 157
inst 126 4 158
inst 127 4 49
inst 128 4 71
inst 129 4 72
inst 130 4 75
inst 131 4 76
inst 132 4 102
inst 133 4 183
inst 134 4 184
inst 135 4 68
inst 136 4 29
inst 137 4 31
inst 138 4 38
inst 139 4 43
inst 140 4 107
inst 141 4 113
inst 142 4 35
inst 143 4 117
inst 144 4 90
inst 145 4 91
inst 146 4 95
inst 147 4 96
inst 148 4 99
inst 149 4 110
inst 150 4 101
inst 151 4 106
inst 152 4 273
inst 153 4 274
inst 154 4 275
inst 155 4 281
inst 156 4 302
inst 157 4 303
inst 158 4 265
inst 159 4 266
inst 160 4 284
inst 161 4 286
inst 162 4 288
inst 163 4 289
inst 164 4 290
inst 165 4 293
inst 166 4 296
inst 167 4 282
inst 168 4 200
inst 169 4 241
inst 170 4 291
inst 171 4 174
inst 172 4 234
inst 173 4 240
inst 174 4 299
inst 175 4 301
inst 176 4 82
inst 177 4 186
inst 178 4 189
inst 179 4 197
inst 180 4 198
inst 181 4 190
inst 182 4 201
inst 183 4 191
inst 184 4 77
inst 185 4 85
inst 186 4 86
inst 187 4 89
inst 188 4 78
inst 189 4 81
inst 190 5 145
inst 191 5 163
inst 192 5 206
inst 193 5 215
inst 194 5 305
inst 195 5 330
inst 196 5 337
inst 197 5 338
inst 198 5 168
inst 199 5 176
inst 200 5 222
inst 201 5 245
inst 202 5 252
inst 203 5 255
inst 204 5 278
inst 205 5 228
inst 206 5 44
inst 207 5 48
inst 208 5 50
inst 209 5 61
inst 210 5 66
inst 211 5 126
inst 212 5 148
inst 213 5 140
inst 214 5 25
inst 215 5 28
inst 216 5 30
inst 217 5 37
inst 218 5 40
inst 219 5 119
inst 220 5 136
inst 221 5 114
inst 222 5 264
inst 223 5 267
inst 224 5 271
inst 225 5 272
inst 226 5 280
inst 227 5 287
inst 228 5 257
inst 229 5 260
inst 230 5 283
inst 231 5 292
inst 232 5 294
inst 233 5 295
inst 234 5 297
inst 235 5 298
inst 236 5 285
inst 237 5 300
inst 238 5 187
inst 239 6 321
inst 240 6 323
inst 241 6 324
inst 242 6 331
inst 243 6 334
inst 244 6 335
inst 245 6 336
inst 246 6 342
inst 247 6 315
inst 248 6 317
inst 249 6 320
inst 250 6 325
inst 251 6 326
inst 252 6 327
inst 253 6 328
inst 254 6 322
inst 255 6 306
inst 256 6 309
inst 257 6 310
inst 258 6 313
inst 259 6 314
inst 260 6 316
inst 261 6 318
inst 262 6 319
inst 263 6 141
inst 264 6 149
inst 265 6 152
inst 266 6 153
inst 267 6 207
inst 268 6 210
inst 269 6 211
inst 270 6 146
inst 271 6 229
inst 272 6 232
inst 273 6 233
inst 274 6 251
inst 275 6 256
inst 276 6 263
inst 277 6 270
inst 278 6 279
inst 279 6 169
inst 280 6 177
inst 281 6 196
inst 282 6 223
inst 283 6 246
inst 284 6 216
inst 285 6 226
inst 286 6 227
inst 287 6 51
inst 288 6 54
inst 289 6 55
inst 290 6 159
inst 291 6 160
inst 292 6 161
inst 293 6 180
inst 294 6 164
inst 295 6 181
inst 296 6 188
inst 297 6 192
inst 298 6 193
inst 299 6 199
inst 300 6 194
inst 301 6 195
inst 302 6 182
inst 303 6 45
inst 304 6 67
inst 305 6 127
inst 306 6 133
inst 307 6 156
inst 308 6 58
inst 309 6 59
inst 310 6 62
inst 311 6 26
inst 312 6 32
inst 313 6 34
inst 314 6 41
inst 315 6 120
inst 316 6 137
inst 317 6 115
inst 318 6 131
inst 319 6 103
inst 320 6 104
inst 321 6 105
inst 322 6 69
inst 323 6 70
inst 324 6 73
inst 325 6 74
inst 326 6 185
inst 327 6 97
inst 328 6 98
inst 329 6 109
inst 330 6 111
inst 331 6 108
inst 332 6 92
inst 333 6 94
inst 334 6 100
inst 335 6 79
inst 336 6 80
inst 337 6 83
inst 338 6 84
inst 339 6 87
inst 340 6 88
inst 341 6 93
inst 342 6 112
inst 343 7 343
inst 344 7 360
inst 345 7 433
inst 346 7 461
inst 347 7 565
inst 348 7 568
inst 349 7 583
inst 350 7 584
inst 351 7 345
inst 352 7 349
inst 353 7 369
inst 354 7 344
inst 355 7 350
inst 356 7 351
inst 357 7 367
inst 358 7 368
inst 359 7 410
inst 360 7 475
inst 361 7 477
inst 362 7 490
inst 363 7 545
inst 364 7 387
inst 365 7 556
inst 366 7 560
inst 367 7 372
inst 368 7 375
inst 369 7 381
inst 370 7 393
inst 371 7 498
inst 372 7 507
inst 373 7 509
inst 374 7 390
inst 375 7 512
inst 376 8 555
inst 377 8 564
inst 378 8 566
inst 379 8 569
inst 380 8 570
inst 381 8 572
inst 382 8 574
inst 383 8 576
inst 384 8 538
inst 385 8 539
inst 386 8 562
inst 387 8 580
inst 388 8 581
inst 389 8 582
inst 390 8 559
inst 391 8 563
inst 392 8 423
inst 393 8 424
inst 394 8 455
inst 395 8 419
inst 396 8 422
inst 397 8 427
inst 398 8 429
inst 399 8 430
inst 400 8 388
inst 401 8 385
inst 402 8 420
inst 403 8 425
inst 404 8 426
inst 405 8 428
inst 406 8 431
inst 407 8 421
inst 408 8 432
inst 409 8 438
inst 410 8 464
inst 411 8 447
inst 412 8 448
inst 413 8 449
inst 414 8 451
inst 415 8 452
inst 416 8 346
inst 417 8 357
inst 418 8 371
inst 419 8 434
inst 420 8 436
inst 421 8 437
inst 422 8 439
inst 423 8 462
inst 424 8 362
inst 425 8 361
inst 426 8 363
inst 427 8 440
inst 428 8 444
inst 429 8 446
inst 430 8 453
inst 431 8 465
inst 432 8 366
inst 433 8 373
inst 434 8 374
inst 435 8 380
inst 436 8 348
inst 437 8 354
inst 438 8 365
inst 439 8 370
inst 440 8 519
inst 441 8 527
inst 442 8 534
inst 443 8 535
inst 444 8 536
inst 445 8 521
inst 446 8 554
inst 447 8 558
inst 448 8 530
inst 449 8 551
inst 450 8 552
inst 451 8 533
inst 452 8 524
inst 453 8 525
inst 454 8 526
inst 455 8 523
inst 456 8 409
inst 457 8 414
inst 458 8 480
inst 459 8 486
inst 460 8 544
inst 461 8 553
inst 462 8 541
inst 463 8 550
inst 464 8 398
inst 465 8 399
inst 466 8 401
inst 467 8 405
inst 468 8 407
inst 469 8 418
inst 470 8 400
inst 471 8 403
inst 472 8 378
inst 473 8 379
inst 474 8 383
inst 475 8 394
inst 476 8 469
inst 477 8 392
inst 478 8 395
inst 479 8 396
inst 480 8 474
inst 481 8 491
inst 482 8 482
inst 483 8 467
inst 484 8 470
inst 485 8 476
inst 486 8 479
inst 487 8 481
inst 488 8 500
inst 489 8 508
inst 490 8 510
inst 491 8 514
inst 492 8 516
inst 493 8 517
inst 494 8 518
inst 495 8 484
inst 496 8 493
inst 497 8 494
inst 498 8 497
inst 499 8 499
inst 500 8 501
inst 501 8 504
inst 502 8 505
inst 503 9 561
inst 504 9 567
inst 505 9 571
inst 506 9 573
inst 507 9 575
inst 508 9 577
inst 509 9 578
inst 510 9 585
inst 511 9 413
inst 512 9 537
inst 513 9 540
inst 514 9 542
inst 515 9 543
inst 516 9 547
inst 517 9 557
inst 518 9 579
inst 519 9 528
inst 520 9 532
inst 521 9 546
inst 522 9 520
inst 523 9 522
inst 524 9 531
inst 525 9 548
inst 526 9 549
inst 527 9 472
inst 528 9 478
inst 529 9 483
inst 530 9 485
inst 531 9 487
inst 532 9 488
inst 533 9 489
inst 534 9 529
inst 535 9 441
inst 536 9 443
inst 537 9 450
inst 538 9 456
inst 539 9 457
inst 540 9 458
inst 541 9 459
inst 542 9 460
inst 543 9 347
inst 544 9 352
inst 545 9 358
inst 546 9 364
inst 547 9 435
inst 548 9 442
inst 549 9 445
inst 550 9 463
inst 551 9 355
inst 552 9 356
inst 553 9 376
inst 554 9 386
inst 555 9 391
inst 556 9 353
inst 557 9 359
inst 558 9 454
inst 559 9 382
inst 560 9 384
inst 561 9 389
inst 562 9 466
inst 563 9 468
inst 564 9 471
inst 565 9 473
inst 566 9 377
inst 567 9 404
inst 568 9 406
inst 569 9 408
inst 570 9 411
inst 571 9 412
inst 572 9 415
inst 573 9 402
inst 574 9 417
inst 575 9 502
inst 576 9 503
inst 577 9 506
inst 578 9 511
inst 579 9 513
inst 580 9 515
inst 581 9 397
inst 582 9 416
inst 583 9 492
inst 584 9 495
inst 585 9 496
inst 586 10 586
inst 587 11 1184
inst 588 11 1248
inst 589 11 1249
inst 590 11 1250
inst 591 11 1251
inst 592 11 1252
inst 593 11 1253
inst 594 11 1254
inst 595 11 1186
inst 596 11 1187
inst 597 11 1188
inst 598 11 1189
inst 599 11 1191
inst 600 11 1192
inst 601 11 1183
inst 602 11 1185
inst 603 11 1164
inst 604 11 1165
inst 605 11 1170
inst 606 11 1180
inst 607 11 1181
inst 608 11 1182
inst 609 11 1190
inst 610 11 1193
inst 611 11 1152
inst 612 11 1153
inst 613 11 1155
inst 614 11 1157
inst 615 11 1158
inst 616 11 1151
inst 617 11 1159
inst 618 11 1160
inst 619 11 1106
inst 620 11 1194
inst 621 11 1195
inst 622 11 1196
inst 623 11 1199
inst 624 11 1200
inst 625 11 1201
inst 626 11 1202
inst 627 11 1221
inst 628 11 1222
inst 629 11 1223
inst 630 11 1224
inst 631 11 1236
inst 632 11 1305
inst 633 11 1197
inst 634 11 1198
inst 635 11 1229
inst 636 11 1230
inst 637 11 1231
inst 638 11 1303
inst 639 11 1161
inst 640 11 1162
inst 641 11 1163
inst 642 11 1304
inst 643 11 1234
inst 644 11 1235
inst 645 11 1240
inst 646 11 1237
inst 647 11 1238
inst 648 11 1239
inst 649 11 1232
inst 650 11 1233
inst 651 11 1128
inst 652 11 1129
inst 653 11 1130
inst 654 11 1131
inst 655 11 1132
inst 656 11 1133
inst 657 11 1137
inst 658 11 1156
inst 659 11 1268
inst 660 11 1270
inst 661 11 1276
inst 662 11 1283
inst 663 11 1274
inst 664 11 1275
inst 665 11 1298
inst 666 11 1300
inst 667 11 603
inst 668 11 604
inst 669 11 605
inst 670 11 609
inst 671 11 1147
inst 672 11 1269
inst 673 11 1277
inst 674 11 1284
inst 675 11 588
inst 676 11 589
inst 677 11 591
inst 678 11 593
inst 679 11 594
inst 680 11 597
inst 681 11 598
inst 682 11 602
inst 683 11 701
inst 684 11 702
inst 685 11 703
inst 686 11 704
inst 687 11 725
inst 688 11 977
inst 689 11 587
inst 690 11 726
inst 691 11 686
inst 692 11 687
inst 693 11 688
inst 694 11 729
inst 695 11 697
inst 696 11 698
inst 697 11 699
inst 698 11 700
inst 699 11 685
inst 700 11 961
inst 701 11 962
inst 702 11 965
inst 703 11 969
inst 704 11 972
inst 705 11 973
inst 706 11 730
inst 707 11 939
inst 708 11 940
inst 709 11 943
inst 710 11 945
inst 711 11 958
inst 712 11 941
inst 713 11 942
inst 714 11 944
inst 715 11 918
inst 716 11 920
inst 717 11 922
inst 718 11 923
inst 719 11 975
inst 720 11 976
inst 721 11 979
inst 722 11 978
inst 723 11 921
inst 724 11 924
inst 725 11 926
inst 726 11 927
inst 727 11 928
inst 728 11 929
inst 729 11 919
inst 730 11 925
inst 731 11 900
inst 732 11 907
inst 733 11 908
inst 734 11 909
inst 735 11 911
inst 736 11 912
inst 737 11 913
inst 738 11 917
inst 739 11 897
inst 740 11 808
inst 741 11 809
inst 742 11 810
inst 743 11 811
inst 744 11 812
inst 745 11 898
inst 746 11 899
inst 747 11 1002
inst 748 11 1003
inst 749 11 1004
inst 750 11 1008
inst 751 11 1009
inst 752 11 1010
inst 753 11 1011
inst 754 11 1101
inst 755 11 1022
inst 756 11 1023
inst 757 11 1036
inst 758 11 1104
inst 759 11 1105
inst 760 11 1033
inst 761 11 1034
inst 762 11 1035
inst 763 11 991
inst 764 11 992
inst 765 11 993
inst 766 11 994
inst 767 11 1072
inst 768 11 1073
inst 769 11 1040
inst 770 11 1045
inst 771 11 1079
inst 772 11 1080
inst 773 11 1081
inst 774 11 1082
inst 775 11 1083
inst 776 11 1084
inst 777 11 916
inst 778 11 1074
inst 779 11 642
inst 780 11 643
inst 781 11 651
inst 782 11 652
inst 783 11 662
inst 784 11 732
inst 785 11 804
inst 786 11 970
inst 787 11 784
inst 788 11 785
inst 789 11 786
inst 790 11 787
inst 791 11 789
inst 792 11 830
inst 793 11 805
inst 794 11 806
inst 795 11 612
inst 796 11 613
inst 797 11 615
inst 798 11 616
inst 799 11 617
inst 800 11 959
inst 801 11 731
inst 802 11 960
inst 803 11 753
inst 804 11 754
inst 805 11 733
inst 806 11 734
inst 807 11 735
inst 808 11 736
inst 809 11 744
inst 810 11 614
inst 811 11 862
inst 812 11 863
inst 813 11 864
inst 814 11 876
inst 815 11 879
inst 816 11 880
inst 817 11 807
inst 818 11 788
inst 819 11 857
inst 820 11 858
inst 821 11 868
inst 822 11 869
inst 823 11 829
inst 824 11 831
inst 825 11 859
inst 826 11 860
inst 827 11 766
inst 828 11 767
inst 829 11 768
inst 830 11 758
inst 831 11 759
inst 832 11 760
inst 833 12 1148
inst 834 12 1149
inst 835 12 1150
inst 836 12 1171
inst 837 12 1172
inst 838 12 1241
inst 839 12 1242
inst 840 12 1243
inst 841 12 1212
inst 842 12 1213
inst 843 12 1216
inst 844 12 1217
inst 845 12 1218
inst 846 12 1219
inst 847 12 1301
inst 848 12 1302
inst 849 12 1050
inst 850 12 1055
inst 851 12 1056
inst 852 12 1057
inst 853 12 1058
inst 854 12 1069
inst 855 12 1070
inst 856 12 1220
inst 857 12 995
inst 858 12 996
inst 859 12 997
inst 860 12 1017
inst 861 12 1059
inst 862 12 1060
inst 863 12 1102
inst 864 12 1103
inst 865 12 590
inst 866 12 707
inst 867 12 708
inst 868 12 727
inst 869 12 728
inst 870 12 824
inst 871 12 825
inst 872 12 1154
inst 873 12 618
inst 874 12 856
inst 875 12 930
inst 876 12 931
inst 877 12 932
inst 878 12 933
inst 879 12 802
inst 880 12 803
inst 881 12 761
inst 882 12 776
inst 883 12 777
inst 884 12 836
inst 885 12 866
inst 886 12 870
inst 887 12 762
inst 888 12 763
inst 889 12 775
inst 890 13 1174
inst 891 13 1176
inst 892 13 1177
inst 893 13 1178
inst 894 13 1179
inst 895 13 1244
inst 896 13 1246
inst 897 13 1247
inst 898 13 1203
inst 899 13 1204
inst 900 13 1205
inst 901 13 1206
inst 902 13 1210
inst 903 13 1211
inst 904 13 1309
inst 905 13 1245
inst 906 13 1117
inst 907 13 1118
inst 908 13 1124
inst 909 13 1125
inst 910 13 1126
inst 911 13 1142
inst 912 13 1173
inst 913 13 1175
inst 914 13 595
inst 915 13 596
inst 916 13 599
inst 917 13 601
inst 918 13 1143
inst 919 13 1144
inst 920 13 1145
inst 921 13 1146
inst 922 13 902
inst 923 13 906
inst 924 13 1107
inst 925 13 1108
inst 926 13 1109
inst 927 13 592
inst 928 13 600
inst 929 13 1119
inst 930 13 980
inst 931 13 981
inst 932 13 982
inst 933 13 983
inst 934 13 985
inst 935 13 986
inst 936 13 987
inst 937 13 905
inst 938 13 712
inst 939 13 713
inst 940 13 718
inst 941 13 719
inst 942 13 720
inst 943 13 904
inst 944 13 901
inst 945 13 903
inst 946 13 840
inst 947 13 841
inst 948 13 842
inst 949 13 884
inst 950 13 885
inst 951 13 881
inst 952 13 882
inst 953 13 883
inst 954 13 679
inst 955 13 680
inst 956 13 681
inst 957 13 955
inst 958 13 963
inst 959 13 964
inst 960 13 971
inst 961 13 974
inst 962 13 621
inst 963 13 625
inst 964 13 950
inst 965 13 952
inst 966 13 954
inst 967 13 953
inst 968 13 956
inst 969 13 957
inst 970 13 635
inst 971 13 636
inst 972 13 638
inst 973 13 640
inst 974 13 641
inst 975 13 646
inst 976 13 649
inst 977 13 742
inst 978 13 620
inst 979 13 622
inst 980 13 623
inst 981 13 626
inst 982 13 627
inst 983 13 655
inst 984 13 619
inst 985 13 624
inst 986 13 670
inst 987 13 745
inst 988 13 747
inst 989 13 793
inst 990 13 794
inst 991 13 795
inst 992 13 737
inst 993 13 743
inst 994 13 871
inst 995 13 872
inst 996 13 873
inst 997 13 874
inst 998 13 875
inst 999 13 790
inst 1000 13 791
inst 1001 13 792
inst 1002 13 847
inst 1003 13 848
inst 1004 13 850
inst 1005 13 639
inst 1006 13 647
inst 1007 13 746
inst 1008 13 648
inst 1009 13 656
inst 1010 13 769
inst 1011 13 771
inst 1012 13 772
inst 1013 13 773
inst 1014 13 774
inst 1015 13 779
inst 1016 13 748
inst 1017 13 849
inst 1018 13 1012
inst 1019 13 1013
inst 1020 13 1014
inst 1021 13 1015
inst 1022 13 1016
inst 1023 13 1005
inst 1024 13 1006
inst 1025 13 1007
inst 1026 13 1029
inst 1027 13 1032
inst 1028 13 1041
inst 1029 13 1042
inst 1030 13 1098
inst 1031 13 1099
inst 1032 13 1044
inst 1033 13 1100
inst 1034 13 1061
inst 1035 13 1064
inst 1036 13 1065
inst 1037 13 1067
inst 1038 13 1086
inst 1039 13 1087
inst 1040 13 1089
inst 1041 13 1043
inst 1042 13 1085
inst 1043 14 1166
inst 1044 14 1167
inst 1045 14 1168
inst 1046 14 1169
inst 1047 14 1255
inst 1048 14 1256
inst 1049 14 1257
inst 1050 14 1258
inst 1051 14 1225
inst 1052 14 1226
inst 1053 14 1227
inst 1054 14 1228
inst 1055 14 1306
inst 1056 14 1273
inst 1057 14 1279
inst 1058 14 1280
inst 1059 14 606
inst 1060 14 607
inst 1061 14 608
inst 1062 14 610
inst 1063 14 611
inst 1064 14 1127
inst 1065 14 1271
inst 1066 14 1272
inst 1067 14 689
inst 1068 14 690
inst 1069 14 691
inst 1070 14 696
inst 1071 14 966
inst 1072 14 967
inst 1073 14 968
inst 1074 14 721
inst 1075 14 722
inst 1076 14 895
inst 1077 14 984
inst 1078 14 988
inst 1079 14 989
inst 1080 14 990
inst 1081 14 1075
inst 1082 14 723
inst 1083 14 799
inst 1084 14 800
inst 1085 14 801
inst 1086 14 826
inst 1087 14 827
inst 1088 14 828
inst 1089 14 893
inst 1090 14 894
inst 1091 14 749
inst 1092 14 750
inst 1093 14 751
inst 1094 14 752
inst 1095 14 934
inst 1096 14 935
inst 1097 14 936
inst 1098 14 937
inst 1099 14 770
inst 1100 14 778
inst 1101 14 780
inst 1102 14 781
inst 1103 14 782
inst 1104 14 783
inst 1105 14 764
inst 1106 14 765
inst 1107 14 1030
inst 1108 14 1031
inst 1109 14 1076
inst 1110 14 1095
inst 1111 14 1096
inst 1112 14 1097
inst 1113 14 1077
inst 1114 14 1094
inst 1115 14 1088
inst 1116 14 1090
inst 1117 14 1091
inst 1118 14 1092
inst 1119 14 1093
inst 1120 14 1078
inst 1121 15 1259
inst 1122 15 1260
inst 1123 15 1262
inst 1124 15 1263
inst 1125 15 1264
inst 1126 15 1265
inst 1127 15 1266
inst 1128 15 1267
inst 1129 15 1207
inst 1130 15 1208
inst 1131 15 1209
inst 1132 15 1214
inst 1133 15 1299
inst 1134 15 1307
inst 1135 15 1308
inst 1136 15 1261
inst 1137 15 1139
inst 1138 15 1134
inst 1139 15 1135
inst 1140 15 1136
inst 1141 15 1140
inst 1142 15 1288
inst 1143 15 1289
inst 1144 15 1293
inst 1145 15 714
inst 1146 15 716
inst 1147 15 724
inst 1148 15 1282
inst 1149 15 1285
inst 1150 15 1138
inst 1151 15 1141
inst 1152 15 1290
inst 1153 15 1120
inst 1154 15 1121
inst 1155 15 1122
inst 1156 15 1123
inst 1157 15 1296
inst 1158 15 1297
inst 1159 15 1215
inst 1160 15 1292
inst 1161 15 1114
inst 1162 15 1116
inst 1163 15 1287
inst 1164 15 1286
inst 1165 15 1113
inst 1166 15 1294
inst 1167 15 1295
inst 1168 15 1291
inst 1169 15 706
inst 1170 15 709
inst 1171 15 711
inst 1172 15 717
inst 1173 15 1278
inst 1174 15 710
inst 1175 15 715
inst 1176 15 1281
inst 1177 15 822
inst 1178 15 823
inst 1179 15 891
inst 1180 15 1111
inst 1181 15 1110
inst 1182 15 1112
inst 1183 15 1115
inst 1184 15 705
inst 1185 15 675
inst 1186 15 682
inst 1187 15 683
inst 1188 15 684
inst 1189 15 692
inst 1190 15 693
inst 1191 15 694
inst 1192 15 695
inst 1193 15 938
inst 1194 15 946
inst 1195 15 947
inst 1196 15 948
inst 1197 15 949
inst 1198 15 951
inst 1199 15 674
inst 1200 15 676
inst 1201 15 650
inst 1202 15 659
inst 1203 15 661
inst 1204 15 671
inst 1205 15 672
inst 1206 15 673
inst 1207 15 677
inst 1208 15 678
inst 1209 15 628
inst 1210 15 629
inst 1211 15 630
inst 1212 15 633
inst 1213 15 738
inst 1214 15 739
inst 1215 15 741
inst 1216 15 660
inst 1217 15 798
inst 1218 15 813
inst 1219 15 814
inst 1220 15 815
inst 1221 15 816
inst 1222 15 817
inst 1223 15 818
inst 1224 15 821
inst 1225 15 665
inst 1226 15 666
inst 1227 15 667
inst 1228 15 668
inst 1229 15 669
inst 1230 15 740
inst 1231 15 796
inst 1232 15 797
inst 1233 15 637
inst 1234 15 631
inst 1235 15 632
inst 1236 15 634
inst 1237 15 644
inst 1238 15 645
inst 1239 15 653
inst 1240 15 654
inst 1241 15 852
inst 1242 15 855
inst 1243 15 657
inst 1244 15 658
inst 1245 15 853
inst 1246 15 854
inst 1247 15 663
inst 1248 15 664
inst 1249 15 1019
inst 1250 15 1020
inst 1251 15 1021
inst 1252 15 1024
inst 1253 15 1025
inst 1254 15 1026
inst 1255 15 1027
inst 1256 15 1028
inst 1257 15 1037
inst 1258 15 1046
inst 1259 15 1047
inst 1260 15 1048
inst 1261 15 1049
inst 1262 15 1052
inst 1263 15 1054
inst 1264 15 1018
inst 1265 15 999
inst 1266 15 1000
inst 1267 15 1001
inst 1268 15 1051
inst 1269 15 1071
inst 1270 15 1038
inst 1271 15 1039
inst 1272 15 1053
inst 1273 15 910
inst 1274 15 914
inst 1275 15 915
inst 1276 15 1062
inst 1277 15 1063
inst 1278 15 1066
inst 1279 15 998
inst 1280 15 1068
inst 1281 15 887
inst 1282 15 888
inst 1283 15 889
inst 1284 15 819
inst 1285 15 820
inst 1286 15 890
inst 1287 15 892
inst 1288 15 896
inst 1289 15 833
inst 1290 15 834
inst 1291 15 835
inst 1292 15 837
inst 1293 15 838
inst 1294 15 839
inst 1295 15 878
inst 1296 15 886
inst 1297 15 846
inst 1298 15 851
inst 1299 15 861
inst 1300 15 865
inst 1301 15 867
inst 1302 15 844
inst 1303 15 832
inst 1304 15 877
inst 1305 15 755
inst 1306 15 756
inst 1307 15 757
inst 1308 15 843
inst 1309 15 845
level rolling tree 0 protos 20 instances 4465
proto 0 tall-grass-01.mb stiffness 0.400000 dists 225280.0000 112640.0000 0.0000 409600.0000 rdists 0.00000543 0.00000888 0.00000775 0.40000001
proto 1 rol-cattailplant.mb stiffness 0.400000 dists 225280.0000 112640.0000 0.0000 409600.0000 rdists 0.00000543 0.00000888 0.00000775 0.40000001
proto 2 rol-cattailplant2.mb stiffness 0.400000 dists 225280.0000 112640.0000 0.0000 409600.0000 rdists 0.00000543 0.00000888 0.00000775 0.40000001
proto 3 rol-bonzaibranch-01.mb stiffness 0.700000 dists 450560.0000 225280.0000 0.0000 819200.0000 rdists 0.00000271 0.00000444 0.00000388 0.69999999
proto 4 rol-bonzaicanopy-01.mb stiffness 0.700000 dists 532480.0000 266240.0000 0.0000 819200.0000 rdists 0.00000349 0.00000376 0.00000498 0.69999999
proto 5 rol-bonzai-lowrez-trunk.mb stiffness 0.000000 dists 409600.0000 204800.0000 0.0000 819200.0000 rdists 0.00000244 0.00000488 0.00000349 0.00000000
proto 6 rol-bonzaicanopy.mb stiffness 0.000000 dists 409600.0000 204800.0000 0.0000 819200.0000 rdists 0.00000244 0.00000488 0.00000349 0.00000000
proto 7 rock-shrub.mb stiffness 0.000000 dists 225280.0000 112640.0000 0.0000 409600.0000 rdists 0.00000543 0.00000888 0.00000775 0.00000000
proto 8 rol-grassgroup.mb stiffness 0.400000 dists 225280.0000 112640.0000 0.0000 409600.0000 rdists 0.00000543 0.00000888 0.00000775 0.40000001
proto 9 rol-grass.mb stiffness 0.400000 dists 225280.0000 112640.0000 0.0000 409600.0000 rdists 0.00000543 0.00000888 0.00000775 0.40000001
proto 10 rol-mushroomgroup.mb stiffness 0.400000 dists 225280.0000 112640.0000 0.0000 409600.0000 rdists 0.00000543 0.00000888 0.00000775 0.40000001
proto 11 rol-flower-grass-group.mb stiffness 0.400000 dists 225280.0000 112640.0000 0.0000 409600.0000 rdists 0.00000543 0.00000888 0.00000775 0.40000001
proto 12 rol-pebblegroup.mb stiffness 0.400000 dists 225280.0000 112640.0000 0.0000 409600.0000 rdists 0.00000543 0.00000888 0.00000775 0.40000001
proto 13 rol-lavanders.mb stiffness 0.400000 dists 225280.0000 112640.0000 0.0000 409600.0000 rdists 0.00000543 0.00000888 0.00000775 0.40000001
proto 14 rol-fuzzystalk.mb stiffness 0.400000 dists 225280.0000 112640.0000 0.0000 409600.0000 rdists 0.00000543 0.00000888 0.00000775 0.40000001
proto 15 rol-pebbles.mb stiffness 0.400000 dists 225280.0000 112640.0000 0.0000 409600.0000 rdists 0.00000543 0.00000888 0.00000775 0.40000001
proto 16 rol-mushrooms.mb stiffness 0.400000 dists 225280.0000 112640.0000 0.0000 409600.0000 rdists 0.00000543 0.00000888 0.00000775 0.40000001
proto 17 rol-tall-grass.mb stiffness 0.400000 dists 225280.0000 112640.0000 0.0000 409600.0000 rdists 0.00000543 0.00000888 0.00000775 0.40000001
proto 18 rol-tall-grass-flowers.mb stiffness 0.400000 dists 225280.0000 112640.0000 0.0000 409600.0000 rdists 0.00000543 0.00000888 0.00000775 0.40000001
proto 19 rol-flatgrass.mb stiffness 0.400000 dists 225280.0000 112640.0000 0.0000 409600.0000 rdists 0.00000543 0.00000888 0.00000775 0.40000001
inst 0 0 42
inst 1 0 43
inst 2 0 48
inst 3 0 51
inst 4 0 53
inst 5 0 54
inst 6 0 95
inst 7 0 97
inst 8 0 38
inst 9 0 44
inst 10 0 49
inst 11 0 40
inst 12 0 41
inst 13 0 47
inst 14 0 52
inst 15 0 57
inst 16 0 78
inst 17 0 80
inst 18 0 82
inst 19 0 92
inst 20 0 93
inst 21 0 94
inst 22 0 79
inst 23 0 96
inst 24 0 83
inst 25 0 84
inst 26 0 89
inst 27 0 90
inst 28 0 85
inst 29 0 86
inst 30 0 81
inst 31 0 91
inst 32 0 50
inst 33 0 98
inst 34 0 99
inst 35 0 100
inst 36 0 108
inst 37 0 129
inst 38 0 132
inst 39 0 133
inst 40 0 101
inst 41 0 131
inst 42 0 103
inst 43 0 104
inst 44 0 105
inst 45 0 107
inst 46 0 130
inst 47 0 141
inst 48 0 31
inst 49 0 32
inst 50 0 35
inst 51 0 39
inst 52 0 46
inst 53 0 55
inst 54 0 56
inst 55 0 45
inst 56 0 27
inst 57 0 28
inst 58 0 29
inst 59 0 30
inst 60 0 33
inst 61 0 34
inst 62 0 36
inst 63 0 37
inst 64 0 59
inst 65 0 63
inst 66 0 65
inst 67 0 66
inst 68 0 67
inst 69 0 74
inst 70 0 87
inst 71 0 88
inst 72 0 64
inst 73 0 69
inst 74 0 71
inst 75 0 73
inst 76 0 61
inst 77 0 62
inst 78 0 68
inst 79 0 70
inst 80 0 13
inst 81 0 14
inst 82 0 16
inst 83 0 17
inst 84 0 18
inst 85 0 6
inst 86 0 7
inst 87 0 23
inst 88 0 77
inst 89 0 58
inst 90 0 60
inst 91 0 72
inst 92 0 75
inst 93 0 76
inst 94 0 5
inst 95 0 8
inst 96 0 2
inst 97 0 20
inst 98 0 1
inst 99 0 24
inst 100 0 3
inst 101 0 12
inst 102 0 19
inst 103 0 4
inst 104 0 0
inst 105 0 10
inst 106 0 21
inst 107 0 9
inst 108 0 25
inst 109 0 11
inst 110 0 15
inst 111 0 26
inst 112 0 344
inst 113 0 345
inst 114 0 349
inst 115 0 351
inst 116 0 355
inst 117 0 366
inst 118 0 367
inst 119 0 22
inst 120 0 343
inst 121 0 346
inst 122 0 347
inst 123 0 348
inst 124 0 352
inst 125 0 350
inst 126 0 353
inst 127 0 354
inst 128 0 110
inst 129 0 111
inst 130 0 115
inst 131 0 127
inst 132 0 128
inst 133 0 102
inst 134 0 106
inst 135 0 109
inst 136 0 113
inst 137 0 119
inst 138 0 120
inst 139 0 123
inst 140 0 124
inst 141 0 112
inst 142 0 114
inst 143 0 126
inst 144 0 134
inst 145 0 135
inst 146 0 136
inst 147 0 137
inst 148 0 140
inst 149 0 152
inst 150 0 154
inst 151 0 153
inst 152 0 144
inst 153 0 146
inst 154 0 147
inst 155 0 142
inst 156 0 138
inst 157 0 139
inst 158 0 148
inst 159 0 151
inst 160 0 121
inst 161 0 122
inst 162 0 143
inst 163 0 116
inst 164 0 117
inst 165 0 118
inst 166 0 125
inst 167 0 150
inst 168 0 356
inst 169 0 357
inst 170 0 363
inst 171 0 364
inst 172 0 370
inst 173 0 149
inst 174 0 145
inst 175 0 155
inst 176 0 358
inst 177 0 359
inst 178 0 368
inst 179 0 360
inst 180 0 361
inst 181 0 365
inst 182 0 369
inst 183 0 371
inst 184 0 156
inst 185 0 157
inst 186 0 158
inst 187 0 159
inst 188 0 160
inst 189 0 161
inst 190 0 163
inst 191 0 362
inst 192 0 164
inst 193 0 165
inst 194 0 166
inst 195 0 167
inst 196 0 168
inst 197 0 169
inst 198 0 170
inst 199 0 162
inst 200 0 172
inst 201 0 174
inst 202 0 175
inst 203 0 180
inst 204 0 182
inst 205 0 183
inst 206 0 173
inst 207 0 181
inst 208 0 176
inst 209 0 178
inst 210 0 171
inst 211 0 177
inst 212 0 179
inst 213 1 184
inst 214 1 185
inst 215 1 186
inst 216 1 189
inst 217 1 190
inst 218 1 191
inst 219 1 193
inst 220 1 194
inst 221 1 187
inst 222 1 188
inst 223 1 195
inst 224 1 196
inst 225 1 197
inst 226 1 198
inst 227 1 199
inst 228 1 192
inst 229 1 330
inst 230 1 331
inst 231 1 332
inst 232 1 333
inst 233 1 334
inst 234 1 335
inst 235 1 336
inst 236 1 337
inst 237 1 318
inst 238 1 319
inst 239 1 320
inst 240 1 339
inst 241 1 340
inst 242 1 341
inst 243 1 342
inst 244 1 338
inst 245 1 321
inst 246 1 322
inst 247 1 323
inst 248 1 325
inst 249 1 328
inst 250 1 329
inst 251 1 326
inst 252 1 327
inst 253 1 316
inst 254 1 317
inst 255 1 324
inst 256 2 201
inst 257 2 202
inst 258 2 203
inst 259 2 208
inst 260 2 209
inst 261 2 210
inst 262 2 211
inst 263 2 212
inst 264 2 204
inst 265 2 205
inst 266 2 206
inst 267 2 299
inst 268 2 302
inst 269 2 303
inst 270 2 200
inst 271 2 207
inst 272 2 305
inst 273 2 306
inst 274 2 307
inst 275 2 308
inst 276 2 309
inst 277 2 300
inst 278 2 304
inst 279 3 3467
inst 280 3 3468
inst 281 3 3473
inst 282 3 3474
inst 283 3 3476
inst 284 3 3477
inst 285 3 3478
inst 286 3 3480
inst 287 3 3470
inst 288 3 3471
inst 289 3 3472
inst 290 3 3464
inst 291 3 3465
inst 292 3 3469
inst 293 3 3479
inst 294 3 3481
inst 295 3 3537
inst 296 3 3538
inst 297 3 3540
inst 298 3 3541
inst 299 3 3542
inst 300 3 3544
inst 301 3 3466
inst 302 3 3475
inst 303 3 3522
inst 304 3 3524
inst 305 3 3526
inst 306 3 3527
inst 307 3 3535
inst 308 3 3536
inst 309 3 3539
inst 310 3 3543
inst 311 3 3517
inst 312 3 3521
inst 313 3 3523
inst 314 3 3528
inst 315 3 3529
inst 316 3 3530
inst 317 3 3532
inst 318 3 3534
inst 319 3 243
inst 320 3 3516
inst 321 3 3519
inst 322 3 3520
inst 323 3 3525
inst 324 3 3531
inst 325 3 3533
inst 326 3 3518
inst 327 3 3413
inst 328 3 3416
inst 329 3 3418
inst 330 3 3410
inst 331 3 3411
inst 332 3 3412
inst 333 3 3415
inst 334 3 3417
inst 335 3 246
inst 336 3 247
inst 337 3 248
inst 338 3 249
inst 339 3 245
inst 340 3 241
inst 341 3 242
inst 342 3 244
inst 343 3 3482
inst 344 3 3483
inst 345 3 3484
inst 346 3 3485
inst 347 3 3486
inst 348 3 3489
inst 349 3 3490
inst 350 3 3491
inst 351 3 294
inst 352 3 295
inst 353 3 3459
inst 354 3 3460
inst 355 3 259
inst 356 3 289
inst 357 3 3487
inst 358 3 3488
inst 359 3 291
inst 360 3 298
inst 361 3 3456
inst 362 3 3463
inst 363 3 3414
inst 364 3 296
inst 365 3 3461
inst 366 3 290
inst 367 3 293
inst 368 3 3455
inst 369 3 3458
inst 370 3 292
inst 371 3 297
inst 372 3 3454
inst 373 3 3457
inst 374 3 3462
inst 375 3 3507
inst 376 3 3508
inst 377 3 3513
inst 378 3 3515
inst 379 3 3506
inst 380 3 3509
inst 381 3 3510
inst 382 3 3514
inst 383 3 220
inst 384 3 3393
inst 385 3 260
inst 386 3 3424
inst 387 3 3425
inst 388 3 219
inst 389 3 3511
inst 390 3 3512
inst 391 3 221
inst 392 3 257
inst 393 3 262
inst 394 3 3394
inst 395 3 3422
inst 396 3 3427
inst 397 3 214
inst 398 3 258
inst 399 3 256
inst 400 3 3421
inst 401 3 3423
inst 402 3 263
inst 403 3 3428
inst 404 3 3392
inst 405 3 261
inst 406 3 3426
inst 407 3 3550
inst 408 3 3551
inst 409 3 3553
inst 410 3 3554
inst 411 3 3555
inst 412 3 3556
inst 413 3 3558
inst 414 3 3570
inst 415 3 3579
inst 416 3 3583
inst 417 3 3585
inst 418 3 3586
inst 419 3 3612
inst 420 3 3552
inst 421 3 3557
inst 422 3 3584
inst 423 3 267
inst 424 3 269
inst 425 3 270
inst 426 3 271
inst 427 3 272
inst 428 3 273
inst 429 3 3434
inst 430 3 3435
inst 431 3 3609
inst 432 3 3616
inst 433 3 3613
inst 434 3 3614
inst 435 3 3607
inst 436 3 3610
inst 437 3 3611
inst 438 3 3615
inst 439 3 3433
inst 440 3 268
inst 441 3 3432
inst 442 3 3436
inst 443 3 3437
inst 444 3 3438
inst 445 3 264
inst 446 3 3429
inst 447 3 3430
inst 448 3 3633
inst 449 3 3634
inst 450 3 3639
inst 451 3 3641
inst 452 3 265
inst 453 3 266
inst 454 3 3431
inst 455 3 3619
inst 456 3 3608
inst 457 3 3632
inst 458 3 3635
inst 459 3 3636
inst 460 3 3637
inst 461 3 3638
inst 462 3 3640
inst 463 3 3621
inst 464 3 3623
inst 465 3 3625
inst 466 3 3618
inst 467 3 3620
inst 468 3 3622
inst 469 3 3624
inst 470 3 3626
inst 471 3 3568
inst 472 3 3572
inst 473 3 3574
inst 474 3 3576
inst 475 3 3569
inst 476 3 3571
inst 477 3 3575
inst 478 3 3577
inst 479 3 3559
inst 480 3 3560
inst 481 3 3562
inst 482 3 3563
inst 483 3 3564
inst 484 3 3566
inst 485 3 3565
inst 486 3 3567
inst 487 3 3709
inst 488 3 3710
inst 489 3 3561
inst 490 3 3582
inst 491 3 3573
inst 492 3 3578
inst 493 3 3580
inst 494 3 3581
inst 495 3 3688
inst 496 3 3695
inst 497 3 3713
inst 498 3 3706
inst 499 3 3707
inst 500 3 3708
inst 501 3 3711
inst 502 3 3617
inst 503 3 3686
inst 504 3 3690
inst 505 3 3687
inst 506 3 3689
inst 507 3 3691
inst 508 3 3692
inst 509 3 3693
inst 510 3 3694
inst 511 3 3672
inst 512 3 3673
inst 513 3 3674
inst 514 3 3675
inst 515 3 3677
inst 516 3 3679
inst 517 3 3678
inst 518 3 3680
inst 519 3 3720
inst 520 3 3721
inst 521 3 3722
inst 522 3 3723
inst 523 3 3724
inst 524 3 3712
inst 525 3 3714
inst 526 3 3676
inst 527 3 3716
inst 528 3 3717
inst 529 3 4061
inst 530 3 4062
inst 531 3 4063
inst 532 3 3715
inst 533 3 3718
inst 534 3 3719
inst 535 3 215
inst 536 3 218
inst 537 3 254
inst 538 3 3387
inst 539 3 3388
inst 540 3 3391
inst 541 3 3419
inst 542 3 213
inst 543 3 3497
inst 544 3 3499
inst 545 3 3500
inst 546 3 216
inst 547 3 217
inst 548 3 3386
inst 549 3 3389
inst 550 3 3390
inst 551 3 3503
inst 552 3 3505
inst 553 3 3766
inst 554 3 3767
inst 555 3 3498
inst 556 3 3501
inst 557 3 3502
inst 558 3 3504
inst 559 3 3739
inst 560 3 3744
inst 561 3 3747
inst 562 3 3768
inst 563 3 3769
inst 564 3 3774
inst 565 3 3736
inst 566 3 3737
inst 567 3 233
inst 568 3 234
inst 569 3 3402
inst 570 3 3403
inst 571 3 240
inst 572 3 3409
inst 573 3 255
inst 574 3 3420
inst 575 3 239
inst 576 3 3408
inst 577 3 236
inst 578 3 237
inst 579 3 238
inst 580 3 3405
inst 581 3 3406
inst 582 3 3407
inst 583 3 3653
inst 584 3 3654
inst 585 3 231
inst 586 3 232
inst 587 3 235
inst 588 3 3400
inst 589 3 3401
inst 590 3 3404
inst 591 3 3655
inst 592 3 3657
inst 593 3 3658
inst 594 3 3659
inst 595 3 3660
inst 596 3 3661
inst 597 3 3652
inst 598 3 3656
inst 599 3 3745
inst 600 3 3750
inst 601 3 3751
inst 602 3 3753
inst 603 3 3748
inst 604 3 3749
inst 605 3 3752
inst 606 3 3754
inst 607 3 3756
inst 608 3 3757
inst 609 3 3765
inst 610 3 3773
inst 611 3 3771
inst 612 3 3746
inst 613 3 3770
inst 614 3 3772
inst 615 3 3783
inst 616 3 3785
inst 617 3 3786
inst 618 3 3787
inst 619 3 3788
inst 620 3 3789
inst 621 3 3838
inst 622 3 3764
inst 623 3 3782
inst 624 3 3836
inst 625 3 3842
inst 626 3 3780
inst 627 3 3784
inst 628 3 3839
inst 629 3 3840
inst 630 3 3841
inst 631 3 3741
inst 632 3 3743
inst 633 3 3759
inst 634 3 3735
inst 635 3 3738
inst 636 3 3742
inst 637 3 3740
inst 638 3 3758
inst 639 3 3761
inst 640 3 3805
inst 641 3 3806
inst 642 3 3808
inst 643 3 3760
inst 644 3 3755
inst 645 3 3762
inst 646 3 3763
inst 647 3 3815
inst 648 3 3816
inst 649 3 3817
inst 650 3 3818
inst 651 3 3819
inst 652 3 3820
inst 653 3 3821
inst 654 3 3822
inst 655 3 3801
inst 656 3 3802
inst 657 3 3804
inst 658 3 3800
inst 659 3 3803
inst 660 3 3807
inst 661 3 3809
inst 662 3 3823
inst 663 3 3795
inst 664 3 3796
inst 665 3 3828
inst 666 3 3834
inst 667 3 3835
inst 668 3 3781
inst 669 3 3833
inst 670 3 3837
inst 671 3 3825
inst 672 3 3793
inst 673 3 3797
inst 674 3 3798
inst 675 3 3799
inst 676 3 3827
inst 677 3 3824
inst 678 3 3826
inst 679 3 3791
inst 680 3 3830
inst 681 3 3832
inst 682 3 3790
inst 683 3 3792
inst 684 3 3794
inst 685 3 3829
inst 686 3 3831
inst 687 3 3871
inst 688 3 3883
inst 689 3 3885
inst 690 3 3868
inst 691 3 3869
inst 692 3 3882
inst 693 3 3884
inst 694 3 3886
inst 695 3 3888
inst 696 3 3890
inst 697 3 3891
inst 698 3 3892
inst 699 3 3893
inst 700 3 3894
inst 701 3 3895
inst 702 3 3889
inst 703 3 3872
inst 704 3 3873
inst 705 3 3874
inst 706 3 3875
inst 707 3 3867
inst 708 3 3870
inst 709 3 3876
inst 710 3 3887
inst 711 3 3858
inst 712 3 3860
inst 713 3 3861
inst 714 3 3862
inst 715 3 3897
inst 716 3 3896
inst 717 3 3898
inst 718 3 3899
inst 719 3 3844
inst 720 3 3845
inst 721 3 3847
inst 722 3 3864
inst 723 3 3866
inst 724 3 3859
inst 725 3 3863
inst 726 3 3865
inst 727 3 3848
inst 728 3 3849
inst 729 3 3851
inst 730 3 3925
inst 731 3 3926
inst 732 3 3843
inst 733 3 3846
inst 734 3 3852
inst 735 3 3921
inst 736 3 3922
inst 737 3 3924
inst 738 3 3929
inst 739 3 3920
inst 740 3 3923
inst 741 3 3927
inst 742 3 3928
inst 743 3 3910
inst 744 3 3911
inst 745 3 3912
inst 746 3 3913
inst 747 3 3914
inst 748 3 3917
inst 749 3 3919
inst 750 3 3850
inst 751 3 3962
inst 752 3 3969
inst 753 3 3970
inst 754 3 3971
inst 755 3 3972
inst 756 3 3915
inst 757 3 3916
inst 758 3 3918
inst 759 3 3944
inst 760 3 3945
inst 761 3 3946
inst 762 3 3947
inst 763 3 3948
inst 764 3 3951
inst 765 3 3952
inst 766 3 3953
inst 767 3 3973
inst 768 3 3974
inst 769 3 3968
inst 770 3 3975
inst 771 3 3976
inst 772 3 3977
inst 773 3 3949
inst 774 3 3950
inst 775 3 3983
inst 776 3 3984
inst 777 3 3960
inst 778 3 3961
inst 779 3 3964
inst 780 3 3965
inst 781 3 3966
inst 782 3 3967
inst 783 3 3980
inst 784 3 3982
inst 785 3 3987
inst 786 3 3978
inst 787 3 3979
inst 788 3 3981
inst 789 3 3985
inst 790 3 3986
inst 791 3 4055
inst 792 3 4058
inst 793 3 4059
inst 794 3 4069
inst 795 3 4070
inst 796 3 4056
inst 797 3 4057
inst 798 3 4060
inst 799 3 4300
inst 800 3 4301
inst 801 3 4302
inst 802 3 4303
inst 803 3 4295
inst 804 3 4296
inst 805 3 4297
inst 806 3 4298
inst 807 3 4064
inst 808 3 4066
inst 809 3 4068
inst 810 3 4067
inst 811 3 4071
inst 812 3 4072
inst 813 3 4073
inst 814 3 4299
inst 815 3 4288
inst 816 3 4289
inst 817 3 4290
inst 818 3 4291
inst 819 3 4292
inst 820 3 4293
inst 821 3 4294
inst 822 3 4065
inst 823 3 4313
inst 824 3 4314
inst 825 3 4315
inst 826 3 4316
inst 827 3 4317
inst 828 3 4318
inst 829 3 4319
inst 830 3 4320
inst 831 3 4309
inst 832 3 4310
inst 833 3 4311
inst 834 3 4312
inst 835 3 4285
inst 836 3 4286
inst 837 3 4287
inst 838 3 4321
inst 839 3 4367
inst 840 3 4368
inst 841 3 4369
inst 842 3 4304
inst 843 3 4305
inst 844 3 4306
inst 845 3 4307
inst 846 3 4308
inst 847 3 4362
inst 848 3 4363
inst 849 3 4364
inst 850 3 4366
inst 851 3 4394
inst 852 3 4365
inst 853 3 4370
inst 854 3 4371
inst 855 3 4386
inst 856 3 4388
inst 857 3 4389
inst 858 3 4390
inst 859 3 4391
inst 860 3 4387
inst 861 3 4392
inst 862 3 4393
inst 863 3 4377
inst 864 3 4380
inst 865 3 4381
inst 866 3 4384
inst 867 3 4378
inst 868 3 4382
inst 869 3 4383
inst 870 3 4385
inst 871 3 4257
inst 872 3 4258
inst 873 3 4265
inst 874 3 4395
inst 875 3 4396
inst 876 3 4397
inst 877 3 4402
inst 878 3 4403
inst 879 3 4259
inst 880 3 4260
inst 881 3 4262
inst 882 3 4256
inst 883 3 4261
inst 884 3 4263
inst 885 3 4264
inst 886 3 4379
inst 887 3 4405
inst 888 3 4410
inst 889 3 4411
inst 890 3 4398
inst 891 3 4399
inst 892 3 4400
inst 893 3 4401
inst 894 3 4412
inst 895 3 4280
inst 896 3 4281
inst 897 3 4284
inst 898 3 4408
inst 899 3 4404
inst 900 3 4406
inst 901 3 4407
inst 902 3 4409
inst 903 3 4270
inst 904 3 4275
inst 905 3 4276
inst 906 3 4277
inst 907 3 4279
inst 908 3 4278
inst 909 3 4282
inst 910 3 4283
inst 911 3 4267
inst 912 3 4268
inst 913 3 4272
inst 914 3 4273
inst 915 3 4274
inst 916 3 4266
inst 917 3 4269
inst 918 3 4271
inst 919 3 3935
inst 920 3 3936
inst 921 3 3937
inst 922 3 3938
inst 923 3 3939
inst 924 3 3940
inst 925 3 3941
inst 926 3 3942
inst 927 3 4079
inst 928 3 4082
inst 929 3 4083
inst 930 3 4088
inst 931 3 4089
inst 932 3 4091
inst 933 3 4092
inst 934 3 3943
inst 935 3 4080
inst 936 3 4081
inst 937 3 4086
inst 938 3 4093
inst 939 3 4094
inst 940 3 4095
inst 941 3 4096
inst 942 3 4097
inst 943 3 4100
inst 944 3 4101
inst 945 3 4106
inst 946 3 4090
inst 947 3 4098
inst 948 3 4099
inst 949 3 4102
inst 950 3 4084
inst 951 3 4038
inst 952 3 4039
inst 953 3 4085
inst 954 3 4087
inst 955 3 4103
inst 956 3 4104
inst 957 3 4105
inst 958 3 4107
inst 959 3 4108
inst 960 3 4110
inst 961 3 4111
inst 962 3 4112
inst 963 3 4113
inst 964 3 4032
inst 965 3 4036
inst 966 3 4037
inst 967 3 4116
inst 968 3 4131
inst 969 3 4244
inst 970 3 4241
inst 971 3 4242
inst 972 3 4109
inst 973 3 4114
inst 974 3 4115
inst 975 3 4128
inst 976 3 4132
inst 977 3 4133
inst 978 3 4134
inst 979 3 4135
inst 980 3 4127
inst 981 3 4129
inst 982 3 4130
inst 983 3 4227
inst 984 3 4237
inst 985 3 4238
inst 986 3 4236
inst 987 3 4239
inst 988 3 4240
inst 989 3 4245
inst 990 3 4243
inst 991 3 4229
inst 992 3 4232
inst 993 3 4233
inst 994 3 4234
inst 995 3 4235
inst 996 3 4226
inst 997 3 4228
inst 998 3 4230
inst 999 3 4213
inst 1000 3 4214
inst 1001 3 4215
inst 1002 3 4217
inst 1003 3 4218
inst 1004 3 4219
inst 1005 3 4220
inst 1006 3 4231
inst 1007 3 4353
inst 1008 3 4354
inst 1009 3 4355
inst 1010 3 4356
inst 1011 3 4359
inst 1012 3 4361
inst 1013 3 4212
inst 1014 3 4216
inst 1015 3 4199
inst 1016 3 4204
inst 1017 3 4205
inst 1018 3 4206
inst 1019 3 4352
inst 1020 3 4357
inst 1021 3 4358
inst 1022 3 4360
inst 1023 3 4184
inst 1024 3 4185
inst 1025 3 4187
inst 1026 3 4201
inst 1027 3 4202
inst 1028 3 4198
inst 1029 3 4200
inst 1030 3 4203
inst 1031 3 4189
inst 1032 3 4190
inst 1033 3 4191
inst 1034 3 4192
inst 1035 3 4194
inst 1036 3 4195
inst 1037 3 4196
inst 1038 3 4197
inst 1039 3 4180
inst 1040 3 4181
inst 1041 3 4179
inst 1042 3 4182
inst 1043 3 4183
inst 1044 3 4186
inst 1045 3 4188
inst 1046 3 4193
inst 1047 3 4003
inst 1048 3 4004
inst 1049 3 4005
inst 1050 3 4006
inst 1051 3 4007
inst 1052 3 4008
inst 1053 3 3959
inst 1054 3 3963
inst 1055 3 3988
inst 1056 3 3991
inst 1057 3 3992
inst 1058 3 3994
inst 1059 3 3996
inst 1060 3 4011
inst 1061 3 4009
inst 1062 3 4010
inst 1063 3 4017
inst 1064 3 4018
inst 1065 3 4019
inst 1066 3 4020
inst 1067 3 4035
inst 1068 3 4031
inst 1069 3 4033
inst 1070 3 4034
inst 1071 3 3989
inst 1072 3 3990
inst 1073 3 3993
inst 1074 3 3995
inst 1075 3 3997
inst 1076 3 4012
inst 1077 3 4013
inst 1078 3 4014
inst 1079 3 4040
inst 1080 3 4043
inst 1081 3 4044
inst 1082 3 4045
inst 1083 3 4046
inst 1084 3 4048
inst 1085 3 4015
inst 1086 3 4016
inst 1087 3 4146
inst 1088 3 4148
inst 1089 3 4149
inst 1090 3 4150
inst 1091 3 4041
inst 1092 3 4042
inst 1093 3 4047
inst 1094 3 4049
inst 1095 3 4152
inst 1096 3 4154
inst 1097 3 4155
inst 1098 3 4157
inst 1099 3 4158
inst 1100 3 4147
inst 1101 3 4151
inst 1102 3 4153
inst 1103 3 4161
inst 1104 3 4173
inst 1105 3 4156
inst 1106 3 4159
inst 1107 3 4160
inst 1108 3 4162
inst 1109 3 4163
inst 1110 3 4169
inst 1111 3 4174
inst 1112 3 4176
inst 1113 3 4178
inst 1114 3 4170
inst 1115 3 4171
inst 1116 3 4172
inst 1117 3 4175
inst 1118 3 4177
inst 1119 3 4339
inst 1120 3 4340
inst 1121 3 4341
inst 1122 3 4345
inst 1123 3 4346
inst 1124 3 4342
inst 1125 3 4343
inst 1126 3 4344
inst 1127 3 4337
inst 1128 3 4338
inst 1129 4 3546
inst 1130 4 3548
inst 1131 4 3595
inst 1132 4 3596
inst 1133 4 3597
inst 1134 4 3598
inst 1135 4 3600
inst 1136 4 3601
inst 1137 4 3587
inst 1138 4 3588
inst 1139 4 3589
inst 1140 4 3590
inst 1141 4 3591
inst 1142 4 3592
inst 1143 4 3593
inst 1144 4 3594
inst 1145 4 280
inst 1146 4 281
inst 1147 4 3445
inst 1148 4 3446
inst 1149 4 3545
inst 1150 4 3547
inst 1151 4 3549
inst 1152 4 3599
inst 1153 4 279
inst 1154 4 284
inst 1155 4 287
inst 1156 4 288
inst 1157 4 3444
inst 1158 4 3449
inst 1159 4 3452
inst 1160 4 3453
inst 1161 4 276
inst 1162 4 3441
inst 1163 4 3492
inst 1164 4 3493
inst 1165 4 3494
inst 1166 4 3495
inst 1167 4 3496
inst 1168 4 274
inst 1169 4 3642
inst 1170 4 3644
inst 1171 4 3646
inst 1172 4 277
inst 1173 4 278
inst 1174 4 3439
inst 1175 4 3442
inst 1176 4 3443
inst 1177 4 282
inst 1178 4 283
inst 1179 4 285
inst 1180 4 286
inst 1181 4 3447
inst 1182 4 3448
inst 1183 4 3450
inst 1184 4 3451
inst 1185 4 3628
inst 1186 4 3629
inst 1187 4 3643
inst 1188 4 3645
inst 1189 4 3663
inst 1190 4 3627
inst 1191 4 3630
inst 1192 4 3631
inst 1193 4 3648
inst 1194 4 3650
inst 1195 4 275
inst 1196 4 3440
inst 1197 4 3662
inst 1198 4 3664
inst 1199 4 3665
inst 1200 4 3666
inst 1201 4 222
inst 1202 4 223
inst 1203 4 3668
inst 1204 4 3670
inst 1205 4 224
inst 1206 4 3647
inst 1207 4 3649
inst 1208 4 3651
inst 1209 4 3398
inst 1210 4 3730
inst 1211 4 3731
inst 1212 4 3732
inst 1213 4 3733
inst 1214 4 3734
inst 1215 4 3778
inst 1216 4 3396
inst 1217 4 3667
inst 1218 4 3669
inst 1219 4 3671
inst 1220 4 225
inst 1221 4 226
inst 1222 4 3395
inst 1223 4 3397
inst 1224 4 3399
inst 1225 4 3725
inst 1226 4 3727
inst 1227 4 3729
inst 1228 4 3811
inst 1229 4 3775
inst 1230 4 3776
inst 1231 4 3777
inst 1232 4 3779
inst 1233 4 3905
inst 1234 4 3906
inst 1235 4 3908
inst 1236 4 3909
inst 1237 4 3810
inst 1238 4 3812
inst 1239 4 3813
inst 1240 4 3814
inst 1241 4 3877
inst 1242 4 3878
inst 1243 4 3879
inst 1244 4 3880
inst 1245 4 3881
inst 1246 4 3726
inst 1247 4 3907
inst 1248 4 3728
inst 1249 4 3854
inst 1250 4 3856
inst 1251 4 3857
inst 1252 4 3900
inst 1253 4 3901
inst 1254 4 3902
inst 1255 4 3903
inst 1256 4 3904
inst 1257 4 3602
inst 1258 4 3605
inst 1259 4 3606
inst 1260 4 3697
inst 1261 4 3704
inst 1262 4 3705
inst 1263 4 3603
inst 1264 4 3604
inst 1265 4 3682
inst 1266 4 3684
inst 1267 4 3696
inst 1268 4 3698
inst 1269 4 3699
inst 1270 4 3700
inst 1271 4 3701
inst 1272 4 3703
inst 1273 4 4074
inst 1274 4 4075
inst 1275 4 4076
inst 1276 4 4077
inst 1277 4 4078
inst 1278 4 4372
inst 1279 4 4374
inst 1280 4 3702
inst 1281 4 4251
inst 1282 4 4252
inst 1283 4 4253
inst 1284 4 4254
inst 1285 4 4255
inst 1286 4 4373
inst 1287 4 4375
inst 1288 4 4376
inst 1289 4 3930
inst 1290 4 3933
inst 1291 4 3934
inst 1292 4 3853
inst 1293 4 3855
inst 1294 4 3681
inst 1295 4 3683
inst 1296 4 3685
inst 1297 4 4050
inst 1298 4 4052
inst 1299 4 4246
inst 1300 4 4247
inst 1301 4 4248
inst 1302 4 4250
inst 1303 4 3931
inst 1304 4 3932
inst 1305 4 4208
inst 1306 4 4210
inst 1307 4 4221
inst 1308 4 4222
inst 1309 4 4223
inst 1310 4 4224
inst 1311 4 4225
inst 1312 4 4249
inst 1313 4 4348
inst 1314 4 4350
inst 1315 4 4351
inst 1316 4 4207
inst 1317 4 4209
inst 1318 4 4211
inst 1319 4 4347
inst 1320 4 4349
inst 1321 4 3954
inst 1322 4 3956
inst 1323 4 3999
inst 1324 4 4001
inst 1325 4 4002
inst 1326 4 3955
inst 1327 4 3957
inst 1328 4 3958
inst 1329 4 4022
inst 1330 4 4026
inst 1331 4 4028
inst 1332 4 4053
inst 1333 4 4054
inst 1334 4 3998
inst 1335 4 4000
inst 1336 4 4051
inst 1337 4 4117
inst 1338 4 4123
inst 1339 4 4124
inst 1340 4 4126
inst 1341 4 4118
inst 1342 4 4119
inst 1343 4 4120
inst 1344 4 4121
inst 1345 4 4021
inst 1346 4 4023
inst 1347 4 4024
inst 1348 4 4025
inst 1349 4 4027
inst 1350 4 4029
inst 1351 4 4030
inst 1352 4 4125
inst 1353 4 4136
inst 1354 4 4137
inst 1355 4 4138
inst 1356 4 4139
inst 1357 4 4140
inst 1358 4 4144
inst 1359 4 4145
inst 1360 4 4122
inst 1361 4 4322
inst 1362 4 4323
inst 1363 4 4324
inst 1364 4 4325
inst 1365 4 4326
inst 1366 4 4141
inst 1367 4 4142
inst 1368 4 4143
inst 1369 4 4165
inst 1370 4 4167
inst 1371 4 4168
inst 1372 4 4327
inst 1373 4 4328
inst 1374 4 4329
inst 1375 4 4330
inst 1376 4 4331
inst 1377 4 4332
inst 1378 4 4333
inst 1379 4 4334
inst 1380 4 4335
inst 1381 4 4336
inst 1382 4 4164
inst 1383 4 4166
inst 1384 5 227
inst 1385 5 250
inst 1386 6 228
inst 1387 6 229
inst 1388 6 230
inst 1389 6 251
inst 1390 6 252
inst 1391 6 253
inst 1392 7 301
inst 1393 7 310
inst 1394 7 311
inst 1395 7 312
inst 1396 7 313
inst 1397 7 314
inst 1398 7 315
inst 1399 8 486
inst 1400 8 1333
inst 1401 8 1763
inst 1402 8 1764
inst 1403 8 1765
inst 1404 8 1775
inst 1405 8 1776
inst 1406 8 1793
inst 1407 8 372
inst 1408 8 485
inst 1409 8 1245
inst 1410 8 1717
inst 1411 8 1718
inst 1412 8 1746
inst 1413 8 1747
inst 1414 8 1361
inst 1415 8 413
inst 1416 8 550
inst 1417 8 1020
inst 1418 8 1494
inst 1419 8 1679
inst 1420 8 1682
inst 1421 8 684
inst 1422 8 1687
inst 1423 8 452
inst 1424 8 457
inst 1425 8 980
inst 1426 8 1269
inst 1427 8 1481
inst 1428 8 990
inst 1429 8 1370
inst 1430 8 1709
inst 1431 8 1700
inst 1432 8 1812
inst 1433 8 1822
inst 1434 8 1823
inst 1435 8 1828
inst 1436 8 1829
inst 1437 8 1831
inst 1438 8 1832
inst 1439 8 1372
inst 1440 8 1373
inst 1441 8 1858
inst 1442 8 2048
inst 1443 8 2291
inst 1444 8 2674
inst 1445 8 3304
inst 1446 8 1374
inst 1447 8 1022
inst 1448 8 1461
inst 1449 8 1638
inst 1450 8 1736
inst 1451 8 1002
inst 1452 8 1046
inst 1453 8 1247
inst 1454 8 1463
inst 1455 8 1620
inst 1456 8 1729
inst 1457 8 1733
inst 1458 8 1742
inst 1459 8 2735
inst 1460 8 1447
inst 1461 8 1462
inst 1462 8 1621
inst 1463 8 742
inst 1464 8 1070
inst 1465 8 1571
inst 1466 8 1575
inst 1467 8 1585
inst 1468 8 1586
inst 1469 8 1652
inst 1470 8 1659
inst 1471 8 753
inst 1472 8 1085
inst 1473 8 1282
inst 1474 8 1401
inst 1475 8 1632
inst 1476 8 1058
inst 1477 8 1622
inst 1478 8 1570
inst 1479 8 1280
inst 1480 8 1283
inst 1481 8 1602
inst 1482 8 1603
inst 1483 8 1611
inst 1484 8 1612
inst 1485 8 1090
inst 1486 8 1386
inst 1487 8 871
inst 1488 8 879
inst 1489 8 1182
inst 1490 8 1538
inst 1491 8 1539
inst 1492 8 1545
inst 1493 8 1546
inst 1494 8 841
inst 1495 8 921
inst 1496 8 945
inst 1497 8 2749
inst 1498 8 2758
inst 1499 8 2763
inst 1500 8 2772
inst 1501 8 2790
inst 1502 8 2729
inst 1503 8 811
inst 1504 8 825
inst 1505 8 1424
inst 1506 8 1524
inst 1507 8 1527
inst 1508 8 950
inst 1509 8 1420
inst 1510 8 818
inst 1511 8 867
inst 1512 8 904
inst 1513 8 1413
inst 1514 8 857
inst 1515 8 1552
inst 1516 8 1557
inst 1517 8 1515
inst 1518 8 1516
inst 1519 8 859
inst 1520 8 868
inst 1521 8 891
inst 1522 8 918
inst 1523 8 1510
inst 1524 8 1544
inst 1525 8 1517
inst 1526 8 1518
inst 1527 8 2474
inst 1528 8 3097
inst 1529 8 3139
inst 1530 8 3148
inst 1531 8 3150
inst 1532 8 3228
inst 1533 8 3232
inst 1534 8 3246
inst 1535 8 2222
inst 1536 8 2340
inst 1537 8 3122
inst 1538 8 3266
inst 1539 8 3283
inst 1540 8 3290
inst 1541 8 1857
inst 1542 8 3238
inst 1543 8 2074
inst 1544 8 2880
inst 1545 8 2988
inst 1546 8 3237
inst 1547 8 2455
inst 1548 8 2456
inst 1549 8 2457
inst 1550 8 3236
inst 1551 8 2501
inst 1552 8 3317
inst 1553 8 3318
inst 1554 8 3319
inst 1555 8 3338
inst 1556 8 3339
inst 1557 8 3255
inst 1558 8 3320
inst 1559 8 2718
inst 1560 8 2783
inst 1561 8 3341
inst 1562 8 3377
inst 1563 8 3378
inst 1564 8 2742
inst 1565 8 2748
inst 1566 8 2707
inst 1567 8 1923
inst 1568 8 2775
inst 1569 8 2785
inst 1570 8 2787
inst 1571 8 3357
inst 1572 8 3366
inst 1573 8 2761
inst 1574 8 2765
inst 1575 8 2713
inst 1576 8 2714
inst 1577 8 2715
inst 1578 8 2723
inst 1579 8 2724
inst 1580 8 2725
inst 1581 8 2732
inst 1582 8 3337
inst 1583 8 2792
inst 1584 8 3343
inst 1585 8 2774
inst 1586 8 3342
inst 1587 9 625
inst 1588 9 626
inst 1589 9 628
inst 1590 9 629
inst 1591 9 636
inst 1592 9 637
inst 1593 9 720
inst 1594 9 1760
inst 1595 9 617
inst 1596 9 623
inst 1597 9 624
inst 1598 9 719
inst 1599 9 1352
inst 1600 9 1762
inst 1601 9 627
inst 1602 9 1761
inst 1603 9 641
inst 1604 9 643
inst 1605 9 647
inst 1606 9 648
inst 1607 9 649
inst 1608 9 653
inst 1609 9 654
inst 1610 9 638
inst 1611 9 1198
inst 1612 9 1354
inst 1613 9 1355
inst 1614 9 1356
inst 1615 9 1357
inst 1616 9 1358
inst 1617 9 642
inst 1618 9 652
inst 1619 9 602
inst 1620 9 603
inst 1621 9 611
inst 1622 9 612
inst 1623 9 613
inst 1624 9 615
inst 1625 9 616
inst 1626 9 1766
inst 1627 9 1756
inst 1628 9 1758
inst 1629 9 1759
inst 1630 9 1767
inst 1631 9 1768
inst 1632 9 1769
inst 1633 9 614
inst 1634 9 618
inst 1635 9 1194
inst 1636 9 1195
inst 1637 9 1196
inst 1638 9 1750
inst 1639 9 1751
inst 1640 9 1197
inst 1641 9 1202
inst 1642 9 1207
inst 1643 9 651
inst 1644 9 655
inst 1645 9 1426
inst 1646 9 1200
inst 1647 9 1201
inst 1648 9 1752
inst 1649 9 1753
inst 1650 9 1757
inst 1651 9 584
inst 1652 9 588
inst 1653 9 593
inst 1654 9 1337
inst 1655 9 1781
inst 1656 9 1785
inst 1657 9 1786
inst 1658 9 1787
inst 1659 9 1338
inst 1660 9 1342
inst 1661 9 1777
inst 1662 9 1778
inst 1663 9 1779
inst 1664 9 599
inst 1665 9 598
inst 1666 9 1334
inst 1667 9 573
inst 1668 9 582
inst 1669 9 583
inst 1670 9 585
inst 1671 9 587
inst 1672 9 592
inst 1673 9 1332
inst 1674 9 586
inst 1675 9 1222
inst 1676 9 1223
inst 1677 9 1224
inst 1678 9 1344
inst 1679 9 1782
inst 1680 9 574
inst 1681 9 1225
inst 1682 9 572
inst 1683 9 631
inst 1684 9 632
inst 1685 9 1230
inst 1686 9 1347
inst 1687 9 1770
inst 1688 9 1771
inst 1689 9 1773
inst 1690 9 1772
inst 1691 9 1228
inst 1692 9 1229
inst 1693 9 1780
inst 1694 9 1788
inst 1695 9 1789
inst 1696 9 1790
inst 1697 9 630
inst 1698 9 1351
inst 1699 9 635
inst 1700 9 639
inst 1701 9 640
inst 1702 9 1353
inst 1703 9 633
inst 1704 9 634
inst 1705 9 1349
inst 1706 9 1350
inst 1707 9 645
inst 1708 9 650
inst 1709 9 661
inst 1710 9 656
inst 1711 9 657
inst 1712 9 662
inst 1713 9 644
inst 1714 9 1425
inst 1715 9 659
inst 1716 9 664
inst 1717 9 665
inst 1718 9 666
inst 1719 9 671
inst 1720 9 658
inst 1721 9 660
inst 1722 9 1359
inst 1723 9 670
inst 1724 9 674
inst 1725 9 675
inst 1726 9 679
inst 1727 9 680
inst 1728 9 717
inst 1729 9 1745
inst 1730 9 669
inst 1731 9 1204
inst 1732 9 1205
inst 1733 9 1362
inst 1734 9 1743
inst 1735 9 646
inst 1736 9 1203
inst 1737 9 1206
inst 1738 9 1360
inst 1739 9 667
inst 1740 9 672
inst 1741 9 677
inst 1742 9 678
inst 1743 9 718
inst 1744 9 1364
inst 1745 9 716
inst 1746 9 1744
inst 1747 9 682
inst 1748 9 683
inst 1749 9 685
inst 1750 9 686
inst 1751 9 687
inst 1752 9 999
inst 1753 9 1367
inst 1754 9 681
inst 1755 9 953
inst 1756 9 956
inst 1757 9 960
inst 1758 9 961
inst 1759 9 1365
inst 1760 9 1366
inst 1761 9 998
inst 1762 9 1714
inst 1763 9 690
inst 1764 9 691
inst 1765 9 692
inst 1766 9 694
inst 1767 9 957
inst 1768 9 688
inst 1769 9 689
inst 1770 9 959
inst 1771 9 693
inst 1772 9 965
inst 1773 9 1368
inst 1774 9 1710
inst 1775 9 1711
inst 1776 9 962
inst 1777 9 1712
inst 1778 9 1713
inst 1779 9 501
inst 1780 9 504
inst 1781 9 505
inst 1782 9 1688
inst 1783 9 663
inst 1784 9 668
inst 1785 9 673
inst 1786 9 1363
inst 1787 9 508
inst 1788 9 509
inst 1789 9 553
inst 1790 9 555
inst 1791 9 1315
inst 1792 9 1720
inst 1793 9 556
inst 1794 9 557
inst 1795 9 423
inst 1796 9 474
inst 1797 9 476
inst 1798 9 484
inst 1799 9 487
inst 1800 9 502
inst 1801 9 506
inst 1802 9 503
inst 1803 9 376
inst 1804 9 422
inst 1805 9 552
inst 1806 9 1684
inst 1807 9 1685
inst 1808 9 1497
inst 1809 9 500
inst 1810 9 507
inst 1811 9 511
inst 1812 9 513
inst 1813 9 551
inst 1814 9 964
inst 1815 9 955
inst 1816 9 958
inst 1817 9 1000
inst 1818 9 952
inst 1819 9 510
inst 1820 9 545
inst 1821 9 1495
inst 1822 9 1686
inst 1823 9 373
inst 1824 9 512
inst 1825 9 549
inst 1826 9 1488
inst 1827 9 519
inst 1828 9 695
inst 1829 9 697
inst 1830 9 700
inst 1831 9 966
inst 1832 9 967
inst 1833 9 514
inst 1834 9 1369
inst 1835 9 520
inst 1836 9 546
inst 1837 9 516
inst 1838 9 517
inst 1839 9 1318
inst 1840 9 518
inst 1841 9 1317
inst 1842 9 515
inst 1843 9 566
inst 1844 9 567
inst 1845 9 568
inst 1846 9 569
inst 1847 9 570
inst 1848 9 1331
inst 1849 9 571
inst 1850 9 1330
inst 1851 9 563
inst 1852 9 578
inst 1853 9 579
inst 1854 9 580
inst 1855 9 1226
inst 1856 9 1792
inst 1857 9 565
inst 1858 9 581
inst 1859 9 1215
inst 1860 9 1218
inst 1861 9 1220
inst 1862 9 1227
inst 1863 9 1340
inst 1864 9 1341
inst 1865 9 1328
inst 1866 9 1343
inst 1867 9 1213
inst 1868 9 1214
inst 1869 9 1232
inst 1870 9 1339
inst 1871 9 1216
inst 1872 9 1217
inst 1873 9 1208
inst 1874 9 1791
inst 1875 9 559
inst 1876 9 560
inst 1877 9 561
inst 1878 9 562
inst 1879 9 1798
inst 1880 9 1799
inst 1881 9 564
inst 1882 9 1794
inst 1883 9 1210
inst 1884 9 1211
inst 1885 9 1212
inst 1886 9 1231
inst 1887 9 1329
inst 1888 9 1335
inst 1889 9 1336
inst 1890 9 1795
inst 1891 9 575
inst 1892 9 577
inst 1893 9 589
inst 1894 9 590
inst 1895 9 591
inst 1896 9 597
inst 1897 9 558
inst 1898 9 576
inst 1899 9 596
inst 1900 9 600
inst 1901 9 601
inst 1902 9 1802
inst 1903 9 1803
inst 1904 9 1801
inst 1905 9 594
inst 1906 9 595
inst 1907 9 470
inst 1908 9 471
inst 1909 9 473
inst 1910 9 1115
inst 1911 9 1121
inst 1912 9 1209
inst 1913 9 1219
inst 1914 9 1221
inst 1915 9 1116
inst 1916 9 1117
inst 1917 9 1118
inst 1918 9 1132
inst 1919 9 1807
inst 1920 9 1804
inst 1921 9 1119
inst 1922 9 1346
inst 1923 9 483
inst 1924 9 1233
inst 1925 9 1234
inst 1926 9 1236
inst 1927 9 472
inst 1928 9 475
inst 1929 9 480
inst 1930 9 482
inst 1931 9 478
inst 1932 9 489
inst 1933 9 491
inst 1934 9 492
inst 1935 9 493
inst 1936 9 477
inst 1937 9 479
inst 1938 9 1235
inst 1939 9 1811
inst 1940 9 1816
inst 1941 9 610
inst 1942 9 1120
inst 1943 9 1128
inst 1944 9 1129
inst 1945 9 1805
inst 1946 9 1806
inst 1947 9 607
inst 1948 9 622
inst 1949 9 1348
inst 1950 9 605
inst 1951 9 606
inst 1952 9 608
inst 1953 9 1810
inst 1954 9 609
inst 1955 9 1126
inst 1956 9 1127
inst 1957 9 1131
inst 1958 9 1167
inst 1959 9 1814
inst 1960 9 1130
inst 1961 9 1813
inst 1962 9 1815
inst 1963 9 1172
inst 1964 9 1175
inst 1965 9 1176
inst 1966 9 1179
inst 1967 9 1180
inst 1968 9 1181
inst 1969 9 1379
inst 1970 9 1171
inst 1971 9 375
inst 1972 9 377
inst 1973 9 378
inst 1974 9 421
inst 1975 9 1500
inst 1976 9 374
inst 1977 9 1496
inst 1978 9 1499
inst 1979 9 1471
inst 1980 9 1473
inst 1981 9 1477
inst 1982 9 1501
inst 1983 9 1693
inst 1984 9 1694
inst 1985 9 1237
inst 1986 9 1498
inst 1987 9 381
inst 1988 9 418
inst 1989 9 419
inst 1990 9 1239
inst 1991 9 1467
inst 1992 9 1465
inst 1993 9 1466
inst 1994 9 1469
inst 1995 9 1009
inst 1996 9 1240
inst 1997 9 1472
inst 1998 9 1475
inst 1999 9 1006
inst 2000 9 1474
inst 2001 9 379
inst 2002 9 1485
inst 2003 9 383
inst 2004 9 420
inst 2005 9 1468
inst 2006 9 1483
inst 2007 9 1486
inst 2008 9 1678
inst 2009 9 1681
inst 2010 9 380
inst 2011 9 384
inst 2012 9 1013
inst 2013 9 1016
inst 2014 9 1019
inst 2015 9 1011
inst 2016 9 385
inst 2017 9 417
inst 2018 9 1482
inst 2019 9 386
inst 2020 9 387
inst 2021 9 390
inst 2022 9 416
inst 2023 9 1490
inst 2024 9 388
inst 2025 9 1316
inst 2026 9 1484
inst 2027 9 415
inst 2028 9 548
inst 2029 9 1258
inst 2030 9 1487
inst 2031 9 1492
inst 2032 9 389
inst 2033 9 547
inst 2034 9 1256
inst 2035 9 488
inst 2036 9 496
inst 2037 9 498
inst 2038 9 1699
inst 2039 9 490
inst 2040 9 497
inst 2041 9 499
inst 2042 9 1695
inst 2043 9 1003
inst 2044 9 1004
inst 2045 9 1244
inst 2046 9 1248
inst 2047 9 1429
inst 2048 9 1430
inst 2049 9 1698
inst 2050 9 1478
inst 2051 9 494
inst 2052 9 495
inst 2053 9 1433
inst 2054 9 1452
inst 2055 9 1456
inst 2056 9 1459
inst 2057 9 1464
inst 2058 9 1436
inst 2059 9 1449
inst 2060 9 1454
inst 2061 9 1455
inst 2062 9 1457
inst 2063 9 1458
inst 2064 9 1445
inst 2065 9 1451
inst 2066 9 1453
inst 2067 9 1007
inst 2068 9 1008
inst 2069 9 1242
inst 2070 9 1250
inst 2071 9 1427
inst 2072 9 1428
inst 2073 9 1470
inst 2074 9 1476
inst 2075 9 1001
inst 2076 9 1015
inst 2077 9 1017
inst 2078 9 1238
inst 2079 9 1432
inst 2080 9 1460
inst 2081 9 1018
inst 2082 9 1012
inst 2083 9 1251
inst 2084 9 1255
inst 2085 9 1442
inst 2086 9 1696
inst 2087 9 1697
inst 2088 9 1435
inst 2089 9 1446
inst 2090 9 1249
inst 2091 9 1252
inst 2092 9 1253
inst 2093 9 1437
inst 2094 9 1438
inst 2095 9 1441
inst 2096 9 1443
inst 2097 9 1241
inst 2098 9 1450
inst 2099 9 604
inst 2100 9 620
inst 2101 9 621
inst 2102 9 1148
inst 2103 9 1155
inst 2104 9 1156
inst 2105 9 1345
inst 2106 9 1124
inst 2107 9 713
inst 2108 9 714
inst 2109 9 1149
inst 2110 9 1153
inst 2111 9 1154
inst 2112 9 1375
inst 2113 9 619
inst 2114 9 715
inst 2115 9 1164
inst 2116 9 1165
inst 2117 9 1826
inst 2118 9 1827
inst 2119 9 1166
inst 2120 9 1122
inst 2121 9 1123
inst 2122 9 1157
inst 2123 9 1146
inst 2124 9 1147
inst 2125 9 1161
inst 2126 9 1163
inst 2127 9 1168
inst 2128 9 1377
inst 2129 9 1125
inst 2130 9 1169
inst 2131 9 708
inst 2132 9 709
inst 2133 9 710
inst 2134 9 711
inst 2135 9 1151
inst 2136 9 712
inst 2137 9 1152
inst 2138 9 1376
inst 2139 9 1144
inst 2140 9 1160
inst 2141 9 1162
inst 2142 9 1142
inst 2143 9 1143
inst 2144 9 1158
inst 2145 9 1159
inst 2146 9 1145
inst 2147 9 706
inst 2148 9 707
inst 2149 9 1133
inst 2150 9 1134
inst 2151 9 1817
inst 2152 9 1819
inst 2153 9 1820
inst 2154 9 1818
inst 2155 9 1137
inst 2156 9 1138
inst 2157 9 1139
inst 2158 9 1140
inst 2159 9 1141
inst 2160 9 1135
inst 2161 9 1136
inst 2162 9 1821
inst 2163 9 1173
inst 2164 9 1174
inst 2165 9 1177
inst 2166 9 1178
inst 2167 9 2044
inst 2168 9 1378
inst 2169 9 1170
inst 2170 9 1825
inst 2171 9 2024
inst 2172 9 2865
inst 2173 9 3161
inst 2174 9 3163
inst 2175 9 3164
inst 2176 9 3167
inst 2177 9 2045
inst 2178 9 2271
inst 2179 9 2029
inst 2180 9 2270
inst 2181 9 2485
inst 2182 9 3165
inst 2183 9 3171
inst 2184 9 3216
inst 2185 9 3217
inst 2186 9 3169
inst 2187 9 2021
inst 2188 9 2023
inst 2189 9 2027
inst 2190 9 2268
inst 2191 9 3166
inst 2192 9 3170
inst 2193 9 2026
inst 2194 9 2028
inst 2195 9 2266
inst 2196 9 2275
inst 2197 9 2276
inst 2198 9 2280
inst 2199 9 2281
inst 2200 9 2498
inst 2201 9 3160
inst 2202 9 3162
inst 2203 9 1246
inst 2204 9 1434
inst 2205 9 1439
inst 2206 9 1440
inst 2207 9 1444
inst 2208 9 1448
inst 2209 9 2283
inst 2210 9 2285
inst 2211 9 3172
inst 2212 9 3174
inst 2213 9 3175
inst 2214 9 2025
inst 2215 9 2278
inst 2216 9 2279
inst 2217 9 2284
inst 2218 9 3168
inst 2219 9 3181
inst 2220 9 3183
inst 2221 9 3185
inst 2222 9 2269
inst 2223 9 3176
inst 2224 9 3178
inst 2225 9 3179
inst 2226 9 2282
inst 2227 9 2006
inst 2228 9 2008
inst 2229 9 2263
inst 2230 9 2265
inst 2231 9 2863
inst 2232 9 2010
inst 2233 9 2267
inst 2234 9 2864
inst 2235 9 1991
inst 2236 9 1992
inst 2237 9 1993
inst 2238 9 2005
inst 2239 9 3193
inst 2240 9 3194
inst 2241 9 3195
inst 2242 9 2007
inst 2243 9 2004
inst 2244 9 3197
inst 2245 9 3198
inst 2246 9 3199
inst 2247 9 3200
inst 2248 9 3203
inst 2249 9 2862
inst 2250 9 3196
inst 2251 9 2018
inst 2252 9 2286
inst 2253 9 2287
inst 2254 9 2871
inst 2255 9 2019
inst 2256 9 2264
inst 2257 9 2492
inst 2258 9 3204
inst 2259 9 1990
inst 2260 9 2003
inst 2261 9 2272
inst 2262 9 3205
inst 2263 9 3219
inst 2264 9 3222
inst 2265 9 2009
inst 2266 9 3218
inst 2267 9 2042
inst 2268 9 2051
inst 2269 9 3220
inst 2270 9 3221
inst 2271 9 3301
inst 2272 9 2043
inst 2273 9 2273
inst 2274 9 2020
inst 2275 9 3208
inst 2276 9 3223
inst 2277 9 3224
inst 2278 9 3173
inst 2279 9 3177
inst 2280 9 3180
inst 2281 9 3182
inst 2282 9 3225
inst 2283 9 2274
inst 2284 9 2277
inst 2285 9 2494
inst 2286 9 2496
inst 2287 9 2497
inst 2288 9 2499
inst 2289 9 2500
inst 2290 9 3207
inst 2291 9 1855
inst 2292 9 1973
inst 2293 9 1974
inst 2294 9 2292
inst 2295 9 2872
inst 2296 9 2288
inst 2297 9 2289
inst 2298 9 3202
inst 2299 9 2040
inst 2300 9 2041
inst 2301 9 2290
inst 2302 9 2860
inst 2303 9 3298
inst 2304 9 3296
inst 2305 9 3299
inst 2306 9 3297
inst 2307 9 1848
inst 2308 9 1849
inst 2309 9 2476
inst 2310 9 3076
inst 2311 9 3077
inst 2312 9 3081
inst 2313 9 3083
inst 2314 9 1851
inst 2315 9 2001
inst 2316 9 2002
inst 2317 9 3084
inst 2318 9 1852
inst 2319 9 2480
inst 2320 9 3078
inst 2321 9 3082
inst 2322 9 1975
inst 2323 9 2050
inst 2324 9 2060
inst 2325 9 2061
inst 2326 9 2861
inst 2327 9 3063
inst 2328 9 3310
inst 2329 9 2062
inst 2330 9 2049
inst 2331 9 3305
inst 2332 9 3306
inst 2333 9 3313
inst 2334 9 2068
inst 2335 9 2071
inst 2336 9 3311
inst 2337 9 3312
inst 2338 9 2067
inst 2339 9 2487
inst 2340 9 2490
inst 2341 9 2491
inst 2342 9 3064
inst 2343 9 3071
inst 2344 9 3067
inst 2345 9 3068
inst 2346 9 3073
inst 2347 9 3307
inst 2348 9 3308
inst 2349 9 3309
inst 2350 9 3061
inst 2351 9 3062
inst 2352 9 3069
inst 2353 9 3070
inst 2354 9 3072
inst 2355 9 1846
inst 2356 9 1847
inst 2357 9 2479
inst 2358 9 3042
inst 2359 9 3045
inst 2360 9 3046
inst 2361 9 3229
inst 2362 9 1976
inst 2363 9 1999
inst 2364 9 1988
inst 2365 9 1977
inst 2366 9 1989
inst 2367 9 2000
inst 2368 9 2475
inst 2369 9 3043
inst 2370 9 3044
inst 2371 9 1841
inst 2372 9 1842
inst 2373 9 1843
inst 2374 9 1979
inst 2375 9 2473
inst 2376 9 3088
inst 2377 9 3095
inst 2378 9 1978
inst 2379 9 1998
inst 2380 9 3086
inst 2381 9 3087
inst 2382 9 2014
inst 2383 9 3085
inst 2384 9 1840
inst 2385 9 1844
inst 2386 9 1845
inst 2387 9 2038
inst 2388 9 2489
inst 2389 9 3052
inst 2390 9 3057
inst 2391 9 3060
inst 2392 9 3226
inst 2393 9 3227
inst 2394 9 2017
inst 2395 9 2039
inst 2396 9 2483
inst 2397 9 3049
inst 2398 9 3055
inst 2399 9 3056
inst 2400 9 2484
inst 2401 9 3050
inst 2402 9 2016
inst 2403 9 3053
inst 2404 9 3133
inst 2405 9 3134
inst 2406 9 3135
inst 2407 9 2013
inst 2408 9 3047
inst 2409 9 3048
inst 2410 9 3051
inst 2411 9 2037
inst 2412 9 2486
inst 2413 9 3130
inst 2414 9 2012
inst 2415 9 2035
inst 2416 9 2493
inst 2417 9 3131
inst 2418 9 3132
inst 2419 9 1838
inst 2420 9 1839
inst 2421 9 1980
inst 2422 9 2471
inst 2423 9 3094
inst 2424 9 3096
inst 2425 9 2472
inst 2426 9 3092
inst 2427 9 1997
inst 2428 9 3091
inst 2429 9 3098
inst 2430 9 3151
inst 2431 9 3155
inst 2432 9 3090
inst 2433 9 3093
inst 2434 9 3089
inst 2435 9 1835
inst 2436 9 1836
inst 2437 9 3102
inst 2438 9 3103
inst 2439 9 3104
inst 2440 9 3108
inst 2441 9 1834
inst 2442 9 1837
inst 2443 9 1853
inst 2444 9 2477
inst 2445 9 3106
inst 2446 9 3110
inst 2447 9 3099
inst 2448 9 3105
inst 2449 9 3107
inst 2450 9 3230
inst 2451 9 1863
inst 2452 9 2033
inst 2453 9 3128
inst 2454 9 3129
inst 2455 9 1833
inst 2456 9 2046
inst 2457 9 2047
inst 2458 9 3100
inst 2459 9 2031
inst 2460 9 2032
inst 2461 9 3117
inst 2462 9 3118
inst 2463 9 3125
inst 2464 9 3156
inst 2465 9 1854
inst 2466 9 1996
inst 2467 9 2011
inst 2468 9 3152
inst 2469 9 3153
inst 2470 9 3154
inst 2471 9 3157
inst 2472 9 3158
inst 2473 9 3159
inst 2474 9 1995
inst 2475 9 1856
inst 2476 9 1981
inst 2477 9 3113
inst 2478 9 3114
inst 2479 9 3115
inst 2480 9 3124
inst 2481 9 3116
inst 2482 9 2034
inst 2483 9 3074
inst 2484 9 3075
inst 2485 9 3142
inst 2486 9 3143
inst 2487 9 3144
inst 2488 9 3146
inst 2489 9 2488
inst 2490 9 3059
inst 2491 9 2058
inst 2492 9 3136
inst 2493 9 3137
inst 2494 9 3138
inst 2495 9 3140
inst 2496 9 3127
inst 2497 9 2059
inst 2498 9 3147
inst 2499 9 2065
inst 2500 9 2066
inst 2501 9 3244
inst 2502 9 3245
inst 2503 9 3145
inst 2504 9 3149
inst 2505 9 3242
inst 2506 9 3243
inst 2507 9 2075
inst 2508 9 2077
inst 2509 9 2815
inst 2510 9 2817
inst 2511 9 2969
inst 2512 9 2970
inst 2513 9 2971
inst 2514 9 2030
inst 2515 9 2053
inst 2516 9 2054
inst 2517 9 2055
inst 2518 9 2056
inst 2519 9 3141
inst 2520 9 3235
inst 2521 9 2057
inst 2522 9 3233
inst 2523 9 2967
inst 2524 9 2975
inst 2525 9 3126
inst 2526 9 3239
inst 2527 9 3240
inst 2528 9 2064
inst 2529 9 2478
inst 2530 9 3030
inst 2531 9 2072
inst 2532 9 2073
inst 2533 9 2078
inst 2534 9 2339
inst 2535 9 2968
inst 2536 9 2976
inst 2537 9 2973
inst 2538 9 2036
inst 2539 9 2335
inst 2540 9 2337
inst 2541 9 2979
inst 2542 9 2076
inst 2543 9 2332
inst 2544 9 2070
inst 2545 9 2338
inst 2546 9 2974
inst 2547 9 2085
inst 2548 9 2549
inst 2549 9 2551
inst 2550 9 2818
inst 2551 9 2819
inst 2552 9 2869
inst 2553 9 2870
inst 2554 9 2981
inst 2555 9 2552
inst 2556 9 2629
inst 2557 9 2079
inst 2558 9 2083
inst 2559 9 2084
inst 2560 9 2978
inst 2561 9 2982
inst 2562 9 2816
inst 2563 9 2369
inst 2564 9 2539
inst 2565 9 2540
inst 2566 9 2541
inst 2567 9 2812
inst 2568 9 2545
inst 2569 9 2546
inst 2570 9 2550
inst 2571 9 2101
inst 2572 9 2106
inst 2573 9 2362
inst 2574 9 2543
inst 2575 9 2547
inst 2576 9 2363
inst 2577 9 2542
inst 2578 9 2881
inst 2579 9 2080
inst 2580 9 2081
inst 2581 9 2082
inst 2582 9 2977
inst 2583 9 2980
inst 2584 9 2983
inst 2585 9 2985
inst 2586 9 2986
inst 2587 9 2088
inst 2588 9 2355
inst 2589 9 2548
inst 2590 9 2086
inst 2591 9 2087
inst 2592 9 2349
inst 2593 9 2553
inst 2594 9 2813
inst 2595 9 2105
inst 2596 9 2357
inst 2597 9 2361
inst 2598 9 2882
inst 2599 9 2964
inst 2600 9 2097
inst 2601 9 2814
inst 2602 9 2544
inst 2603 9 2096
inst 2604 9 2100
inst 2605 9 2561
inst 2606 9 2566
inst 2607 9 2567
inst 2608 9 2568
inst 2609 9 2104
inst 2610 9 2963
inst 2611 9 450
inst 2612 9 455
inst 2613 9 696
inst 2614 9 963
inst 2615 9 1371
inst 2616 9 1705
inst 2617 9 1706
inst 2618 9 1707
inst 2619 9 435
inst 2620 9 445
inst 2621 9 449
inst 2622 9 451
inst 2623 9 456
inst 2624 9 458
inst 2625 9 459
inst 2626 9 454
inst 2627 9 698
inst 2628 9 703
inst 2629 9 704
inst 2630 9 970
inst 2631 9 975
inst 2632 9 968
inst 2633 9 971
inst 2634 9 699
inst 2635 9 438
inst 2636 9 439
inst 2637 9 440
inst 2638 9 469
inst 2639 9 468
inst 2640 9 702
inst 2641 9 974
inst 2642 9 705
inst 2643 9 969
inst 2644 9 972
inst 2645 9 973
inst 2646 9 977
inst 2647 9 981
inst 2648 9 986
inst 2649 9 976
inst 2650 9 701
inst 2651 9 523
inst 2652 9 524
inst 2653 9 525
inst 2654 9 526
inst 2655 9 978
inst 2656 9 985
inst 2657 9 522
inst 2658 9 521
inst 2659 9 527
inst 2660 9 528
inst 2661 9 529
inst 2662 9 530
inst 2663 9 542
inst 2664 9 543
inst 2665 9 979
inst 2666 9 983
inst 2667 9 453
inst 2668 9 466
inst 2669 9 467
inst 2670 9 536
inst 2671 9 537
inst 2672 9 538
inst 2673 9 437
inst 2674 9 535
inst 2675 9 987
inst 2676 9 988
inst 2677 9 991
inst 2678 9 992
inst 2679 9 997
inst 2680 9 1489
inst 2681 9 544
inst 2682 9 993
inst 2683 9 984
inst 2684 9 995
inst 2685 9 996
inst 2686 9 1320
inst 2687 9 989
inst 2688 9 1677
inst 2689 9 982
inst 2690 9 1319
inst 2691 9 392
inst 2692 9 393
inst 2693 9 395
inst 2694 9 396
inst 2695 9 410
inst 2696 9 412
inst 2697 9 391
inst 2698 9 1491
inst 2699 9 397
inst 2700 9 398
inst 2701 9 399
inst 2702 9 408
inst 2703 9 409
inst 2704 9 424
inst 2705 9 1479
inst 2706 9 1480
inst 2707 9 533
inst 2708 9 539
inst 2709 9 1114
inst 2710 9 1323
inst 2711 9 1324
inst 2712 9 534
inst 2713 9 541
inst 2714 9 1322
inst 2715 9 401
inst 2716 9 406
inst 2717 9 407
inst 2718 9 1260
inst 2719 9 1263
inst 2720 9 531
inst 2721 9 532
inst 2722 9 540
inst 2723 9 1325
inst 2724 9 1326
inst 2725 9 1327
inst 2726 9 1670
inst 2727 9 1671
inst 2728 9 1674
inst 2729 9 1675
inst 2730 9 1676
inst 2731 9 404
inst 2732 9 1265
inst 2733 9 1266
inst 2734 9 1267
inst 2735 9 400
inst 2736 9 405
inst 2737 9 402
inst 2738 9 426
inst 2739 9 444
inst 2740 9 1056
inst 2741 9 1066
inst 2742 9 1067
inst 2743 9 1068
inst 2744 9 1069
inst 2745 9 446
inst 2746 9 460
inst 2747 9 441
inst 2748 9 448
inst 2749 9 461
inst 2750 9 462
inst 2751 9 464
inst 2752 9 1065
inst 2753 9 1657
inst 2754 9 443
inst 2755 9 732
inst 2756 9 1072
inst 2757 9 1073
inst 2758 9 1077
inst 2759 9 1664
inst 2760 9 1665
inst 2761 9 1071
inst 2762 9 1082
inst 2763 9 747
inst 2764 9 748
inst 2765 9 749
inst 2766 9 750
inst 2767 9 768
inst 2768 9 1666
inst 2769 9 1668
inst 2770 9 1667
inst 2771 9 433
inst 2772 9 442
inst 2773 9 1064
inst 2774 9 436
inst 2775 9 465
inst 2776 9 447
inst 2777 9 463
inst 2778 9 1658
inst 2779 9 741
inst 2780 9 744
inst 2781 9 745
inst 2782 9 763
inst 2783 9 766
inst 2784 9 1079
inst 2785 9 1660
inst 2786 9 1076
inst 2787 9 764
inst 2788 9 765
inst 2789 9 769
inst 2790 9 771
inst 2791 9 775
inst 2792 9 743
inst 2793 9 746
inst 2794 9 762
inst 2795 9 774
inst 2796 9 1588
inst 2797 9 1590
inst 2798 9 770
inst 2799 9 776
inst 2800 9 781
inst 2801 9 1594
inst 2802 9 1595
inst 2803 9 428
inst 2804 9 429
inst 2805 9 430
inst 2806 9 431
inst 2807 9 432
inst 2808 9 1653
inst 2809 9 434
inst 2810 9 1654
inst 2811 9 726
inst 2812 9 728
inst 2813 9 729
inst 2814 9 1063
inst 2815 9 1268
inst 2816 9 403
inst 2817 9 427
inst 2818 9 425
inst 2819 9 730
inst 2820 9 731
inst 2821 9 740
inst 2822 9 772
inst 2823 9 1598
inst 2824 9 738
inst 2825 9 739
inst 2826 9 1655
inst 2827 9 721
inst 2828 9 722
inst 2829 9 724
inst 2830 9 725
inst 2831 9 736
inst 2832 9 1279
inst 2833 9 727
inst 2834 9 1277
inst 2835 9 1579
inst 2836 9 1582
inst 2837 9 1587
inst 2838 9 1589
inst 2839 9 773
inst 2840 9 1113
inst 2841 9 1597
inst 2842 9 1596
inst 2843 9 783
inst 2844 9 785
inst 2845 9 786
inst 2846 9 787
inst 2847 9 1592
inst 2848 9 1593
inst 2849 9 1580
inst 2850 9 1591
inst 2851 9 760
inst 2852 9 1573
inst 2853 9 1574
inst 2854 9 737
inst 2855 9 758
inst 2856 9 759
inst 2857 9 761
inst 2858 9 1581
inst 2859 9 778
inst 2860 9 779
inst 2861 9 782
inst 2862 9 1576
inst 2863 9 1577
inst 2864 9 784
inst 2865 9 777
inst 2866 9 1572
inst 2867 9 1259
inst 2868 9 1737
inst 2869 9 1738
inst 2870 9 1739
inst 2871 9 1740
inst 2872 9 411
inst 2873 9 1021
inst 2874 9 414
inst 2875 9 1030
inst 2876 9 1031
inst 2877 9 1036
inst 2878 9 1037
inst 2879 9 1039
inst 2880 9 1264
inst 2881 9 1262
inst 2882 9 1644
inst 2883 9 1023
inst 2884 9 1024
inst 2885 9 1025
inst 2886 9 1026
inst 2887 9 1027
inst 2888 9 1029
inst 2889 9 1646
inst 2890 9 1645
inst 2891 9 1034
inst 2892 9 1639
inst 2893 9 1641
inst 2894 9 1722
inst 2895 9 1730
inst 2896 9 1261
inst 2897 9 1640
inst 2898 9 1642
inst 2899 9 1038
inst 2900 9 1042
inst 2901 9 1043
inst 2902 9 1047
inst 2903 9 1054
inst 2904 9 1055
inst 2905 9 1059
inst 2906 9 1048
inst 2907 9 1035
inst 2908 9 1041
inst 2909 9 1044
inst 2910 9 1049
inst 2911 9 1050
inst 2912 9 1051
inst 2913 9 1052
inst 2914 9 1053
inst 2915 9 1617
inst 2916 9 1618
inst 2917 9 1619
inst 2918 9 1728
inst 2919 9 1033
inst 2920 9 1040
inst 2921 9 1624
inst 2922 9 1625
inst 2923 9 1721
inst 2924 9 1726
inst 2925 9 1727
inst 2926 9 1731
inst 2927 9 1724
inst 2928 9 1616
inst 2929 9 1725
inst 2930 9 1732
inst 2931 9 754
inst 2932 9 1060
inst 2933 9 1075
inst 2934 9 1273
inst 2935 9 1278
inst 2936 9 1057
inst 2937 9 1061
inst 2938 9 1062
inst 2939 9 1074
inst 2940 9 1271
inst 2941 9 1275
inst 2942 9 1634
inst 2943 9 1627
inst 2944 9 1276
inst 2945 9 1272
inst 2946 9 1626
inst 2947 9 733
inst 2948 9 734
inst 2949 9 751
inst 2950 9 752
inst 2951 9 755
inst 2952 9 756
inst 2953 9 757
inst 2954 9 767
inst 2955 9 791
inst 2956 9 1080
inst 2957 9 1081
inst 2958 9 1083
inst 2959 9 1383
inst 2960 9 1636
inst 2961 9 1078
inst 2962 9 1629
inst 2963 9 1274
inst 2964 9 1605
inst 2965 9 1606
inst 2966 9 1607
inst 2967 9 1615
inst 2968 9 1270
inst 2969 9 1608
inst 2970 9 1609
inst 2971 9 1281
inst 2972 9 1284
inst 2973 9 1285
inst 2974 9 1601
inst 2975 9 1635
inst 2976 9 1637
inst 2977 9 1599
inst 2978 9 1600
inst 2979 9 790
inst 2980 9 793
inst 2981 9 794
inst 2982 9 1186
inst 2983 9 1188
inst 2984 9 1189
inst 2985 9 1286
inst 2986 9 1568
inst 2987 9 788
inst 2988 9 928
inst 2989 9 929
inst 2990 9 1187
inst 2991 9 1311
inst 2992 9 1312
inst 2993 9 1569
inst 2994 9 1185
inst 2995 9 795
inst 2996 9 797
inst 2997 9 1084
inst 2998 9 1288
inst 2999 9 1380
inst 3000 9 1382
inst 3001 9 1384
inst 3002 9 1385
inst 3003 9 800
inst 3004 9 803
inst 3005 9 1086
inst 3006 9 1087
inst 3007 9 1089
inst 3008 9 1387
inst 3009 9 1289
inst 3010 9 1381
inst 3011 9 1088
inst 3012 9 1091
inst 3013 9 1092
inst 3014 9 1191
inst 3015 9 1290
inst 3016 9 1388
inst 3017 9 1389
inst 3018 9 1395
inst 3019 9 839
inst 3020 9 840
inst 3021 9 1399
inst 3022 9 1400
inst 3023 9 1403
inst 3024 9 1404
inst 3025 9 822
inst 3026 9 1093
inst 3027 9 798
inst 3028 9 801
inst 3029 9 802
inst 3030 9 804
inst 3031 9 805
inst 3032 9 821
inst 3033 9 796
inst 3034 9 823
inst 3035 9 832
inst 3036 9 833
inst 3037 9 834
inst 3038 9 835
inst 3039 9 836
inst 3040 9 837
inst 3041 9 838
inst 3042 9 820
inst 3043 9 937
inst 3044 9 940
inst 3045 9 941
inst 3046 9 944
inst 3047 9 946
inst 3048 9 949
inst 3049 9 1313
inst 3050 9 930
inst 3051 9 815
inst 3052 9 924
inst 3053 9 948
inst 3054 9 1309
inst 3055 9 1530
inst 3056 9 1531
inst 3057 9 817
inst 3058 9 1310
inst 3059 9 845
inst 3060 9 846
inst 3061 9 1391
inst 3062 9 1392
inst 3063 9 1394
inst 3064 9 1402
inst 3065 9 844
inst 3066 9 1094
inst 3067 9 849
inst 3068 9 850
inst 3069 9 858
inst 3070 9 1294
inst 3071 9 1396
inst 3072 9 1398
inst 3073 9 847
inst 3074 9 1390
inst 3075 9 1184
inst 3076 9 1297
inst 3077 9 1393
inst 3078 9 842
inst 3079 9 843
inst 3080 9 848
inst 3081 9 875
inst 3082 9 1298
inst 3083 9 873
inst 3084 9 1406
inst 3085 9 1407
inst 3086 9 1409
inst 3087 9 874
inst 3088 9 1408
inst 3089 9 1549
inst 3090 9 1192
inst 3091 9 872
inst 3092 9 877
inst 3093 9 1183
inst 3094 9 1536
inst 3095 9 1537
inst 3096 9 1293
inst 3097 9 878
inst 3098 9 1548
inst 3099 9 853
inst 3100 9 951
inst 3101 9 1306
inst 3102 9 1528
inst 3103 9 935
inst 3104 9 936
inst 3105 9 1292
inst 3106 9 1529
inst 3107 9 870
inst 3108 9 876
inst 3109 9 1540
inst 3110 9 854
inst 3111 9 856
inst 3112 9 869
inst 3113 9 1555
inst 3114 9 1556
inst 3115 9 880
inst 3116 9 902
inst 3117 9 903
inst 3118 9 905
inst 3119 9 1405
inst 3120 9 1554
inst 3121 9 881
inst 3122 9 1299
inst 3123 9 2373
inst 3124 9 2386
inst 3125 9 2942
inst 3126 9 3257
inst 3127 9 3260
inst 3128 9 3262
inst 3129 9 3263
inst 3130 9 2113
inst 3131 9 2387
inst 3132 9 2388
inst 3133 9 2390
inst 3134 9 2581
inst 3135 9 2584
inst 3136 9 2380
inst 3137 9 2384
inst 3138 9 2925
inst 3139 9 2945
inst 3140 9 2391
inst 3141 9 2394
inst 3142 9 2395
inst 3143 9 2397
inst 3144 9 2913
inst 3145 9 2941
inst 3146 9 2944
inst 3147 9 2591
inst 3148 9 2938
inst 3149 9 2582
inst 3150 9 2585
inst 3151 9 2587
inst 3152 9 2588
inst 3153 9 2937
inst 3154 9 2940
inst 3155 9 2368
inst 3156 9 3258
inst 3157 9 2089
inst 3158 9 2099
inst 3159 9 2367
inst 3160 9 2375
inst 3161 9 2376
inst 3162 9 2966
inst 3163 9 2123
inst 3164 9 2124
inst 3165 9 2126
inst 3166 9 2131
inst 3167 9 2137
inst 3168 9 2374
inst 3169 9 3256
inst 3170 9 3259
inst 3171 9 2571
inst 3172 9 2572
inst 3173 9 2574
inst 3174 9 2575
inst 3175 9 2579
inst 3176 9 2580
inst 3177 9 2138
inst 3178 9 2098
inst 3179 9 2136
inst 3180 9 2142
inst 3181 9 2143
inst 3182 9 2144
inst 3183 9 2883
inst 3184 9 2884
inst 3185 9 2573
inst 3186 9 2578
inst 3187 9 2396
inst 3188 9 2909
inst 3189 9 2952
inst 3190 9 2953
inst 3191 9 2954
inst 3192 9 2960
inst 3193 9 2958
inst 3194 9 2959
inst 3195 9 2920
inst 3196 9 2924
inst 3197 9 3315
inst 3198 9 2962
inst 3199 9 2168
inst 3200 9 2879
inst 3201 9 2961
inst 3202 9 2957
inst 3203 9 2156
inst 3204 9 2157
inst 3205 9 2167
inst 3206 9 2936
inst 3207 9 3265
inst 3208 9 2163
inst 3209 9 2383
inst 3210 9 3314
inst 3211 9 2927
inst 3212 9 2928
inst 3213 9 2930
inst 3214 9 2931
inst 3215 9 2923
inst 3216 9 2932
inst 3217 9 2933
inst 3218 9 2934
inst 3219 9 2601
inst 3220 9 2949
inst 3221 9 2589
inst 3222 9 2599
inst 3223 9 2939
inst 3224 9 2943
inst 3225 9 2155
inst 3226 9 2149
inst 3227 9 2604
inst 3228 9 2605
inst 3229 9 2873
inst 3230 9 2600
inst 3231 9 2926
inst 3232 9 2947
inst 3233 9 2948
inst 3234 9 2590
inst 3235 9 2151
inst 3236 9 2152
inst 3237 9 2154
inst 3238 9 2162
inst 3239 9 2595
inst 3240 9 2597
inst 3241 9 2502
inst 3242 9 2946
inst 3243 9 2158
inst 3244 9 2160
inst 3245 9 2603
inst 3246 9 2606
inst 3247 9 2608
inst 3248 9 2153
inst 3249 9 2159
inst 3250 9 2598
inst 3251 9 2406
inst 3252 9 2407
inst 3253 9 2408
inst 3254 9 2409
inst 3255 9 2410
inst 3256 9 2413
inst 3257 9 2503
inst 3258 9 2507
inst 3259 9 2414
inst 3260 9 2418
inst 3261 9 2419
inst 3262 9 2886
inst 3263 9 2415
inst 3264 9 2420
inst 3265 9 2885
inst 3266 9 3376
inst 3267 9 2405
inst 3268 9 2890
inst 3269 9 2894
inst 3270 9 2897
inst 3271 9 2903
inst 3272 9 2904
inst 3273 9 2908
inst 3274 9 2893
inst 3275 9 2891
inst 3276 9 3374
inst 3277 9 3375
inst 3278 9 3385
inst 3279 9 2412
inst 3280 9 2892
inst 3281 9 2895
inst 3282 9 2896
inst 3283 9 2184
inst 3284 9 2188
inst 3285 9 2902
inst 3286 9 2907
inst 3287 9 2183
inst 3288 9 2905
inst 3289 9 2906
inst 3290 9 2910
inst 3291 9 2174
inst 3292 9 2175
inst 3293 9 2176
inst 3294 9 2616
inst 3295 9 2878
inst 3296 9 2918
inst 3297 9 2177
inst 3298 9 2182
inst 3299 9 2189
inst 3300 9 2192
inst 3301 9 2193
inst 3302 9 2874
inst 3303 9 2609
inst 3304 9 2876
inst 3305 9 2610
inst 3306 9 2619
inst 3307 9 2199
inst 3308 9 2200
inst 3309 9 2206
inst 3310 9 2207
inst 3311 9 2411
inst 3312 9 2875
inst 3313 9 2194
inst 3314 9 2198
inst 3315 9 2912
inst 3316 9 2914
inst 3317 9 2916
inst 3318 9 2921
inst 3319 9 2911
inst 3320 9 2915
inst 3321 9 2919
inst 3322 9 3316
inst 3323 9 2613
inst 3324 9 2614
inst 3325 9 2615
inst 3326 9 2625
inst 3327 9 2626
inst 3328 9 2611
inst 3329 9 2612
inst 3330 9 2922
inst 3331 9 2172
inst 3332 9 2506
inst 3333 9 2623
inst 3334 9 2617
inst 3335 9 2622
inst 3336 9 2178
inst 3337 9 2620
inst 3338 9 2621
inst 3339 9 2180
inst 3340 9 2197
inst 3341 9 2202
inst 3342 9 2204
inst 3343 9 2205
inst 3344 9 2211
inst 3345 9 2185
inst 3346 9 2618
inst 3347 9 2165
inst 3348 9 2169
inst 3349 9 2171
inst 3350 9 2161
inst 3351 9 2164
inst 3352 9 2607
inst 3353 9 2627
inst 3354 9 2628
inst 3355 9 2166
inst 3356 9 2170
inst 3357 9 2181
inst 3358 9 2186
inst 3359 9 2179
inst 3360 9 2173
inst 3361 9 2877
inst 3362 9 2624
inst 3363 9 2302
inst 3364 9 2505
inst 3365 9 3210
inst 3366 9 3211
inst 3367 9 3209
inst 3368 9 3212
inst 3369 9 2404
inst 3370 9 2187
inst 3371 9 2190
inst 3372 9 2196
inst 3373 9 2191
inst 3374 9 2195
inst 3375 9 2201
inst 3376 9 2512
inst 3377 9 3213
inst 3378 9 3214
inst 3379 9 2416
inst 3380 9 2417
inst 3381 9 2426
inst 3382 9 2429
inst 3383 9 2518
inst 3384 9 2887
inst 3385 9 3369
inst 3386 9 3370
inst 3387 9 1930
inst 3388 9 1933
inst 3389 9 2520
inst 3390 9 2522
inst 3391 9 2888
inst 3392 9 2430
inst 3393 9 2521
inst 3394 9 2889
inst 3395 9 3368
inst 3396 9 3371
inst 3397 9 3372
inst 3398 9 3373
inst 3399 9 3380
inst 3400 9 3384
inst 3401 9 2425
inst 3402 9 3367
inst 3403 9 1926
inst 3404 9 1927
inst 3405 9 1929
inst 3406 9 1931
inst 3407 9 2424
inst 3408 9 1932
inst 3409 9 1934
inst 3410 9 2422
inst 3411 9 931
inst 3412 9 933
inst 3413 9 934
inst 3414 9 939
inst 3415 9 947
inst 3416 9 943
inst 3417 9 1314
inst 3418 9 926
inst 3419 9 812
inst 3420 9 814
inst 3421 9 829
inst 3422 9 830
inst 3423 9 922
inst 3424 9 1307
inst 3425 9 816
inst 3426 9 923
inst 3427 9 809
inst 3428 9 810
inst 3429 9 827
inst 3430 9 828
inst 3431 9 1415
inst 3432 9 1416
inst 3433 9 1417
inst 3434 9 813
inst 3435 9 824
inst 3436 9 826
inst 3437 9 882
inst 3438 9 1419
inst 3439 9 807
inst 3440 9 1418
inst 3441 9 1421
inst 3442 9 1423
inst 3443 9 925
inst 3444 9 927
inst 3445 9 1410
inst 3446 9 1411
inst 3447 9 1412
inst 3448 9 1414
inst 3449 9 852
inst 3450 9 855
inst 3451 9 864
inst 3452 9 1107
inst 3453 9 1108
inst 3454 9 1109
inst 3455 9 1098
inst 3456 9 1097
inst 3457 9 1104
inst 3458 9 1110
inst 3459 9 914
inst 3460 9 916
inst 3461 9 919
inst 3462 9 1301
inst 3463 9 1304
inst 3464 9 920
inst 3465 9 884
inst 3466 9 1296
inst 3467 9 863
inst 3468 9 911
inst 3469 9 1303
inst 3470 9 860
inst 3471 9 861
inst 3472 9 865
inst 3473 9 913
inst 3474 9 915
inst 3475 9 1099
inst 3476 9 1100
inst 3477 9 1105
inst 3478 9 1522
inst 3479 9 1523
inst 3480 9 1096
inst 3481 9 1095
inst 3482 9 1102
inst 3483 9 886
inst 3484 9 887
inst 3485 9 888
inst 3486 9 889
inst 3487 9 1300
inst 3488 9 1502
inst 3489 9 883
inst 3490 9 1521
inst 3491 9 893
inst 3492 9 894
inst 3493 9 895
inst 3494 9 897
inst 3495 9 898
inst 3496 9 909
inst 3497 9 892
inst 3498 9 896
inst 3499 9 899
inst 3500 9 900
inst 3501 9 906
inst 3502 9 907
inst 3503 9 908
inst 3504 9 1193
inst 3505 9 1305
inst 3506 9 910
inst 3507 9 3358
inst 3508 9 3359
inst 3509 9 3360
inst 3510 9 3381
inst 3511 9 3383
inst 3512 9 2212
inst 3513 9 3379
inst 3514 9 3382
inst 3515 9 2208
inst 3516 9 2209
inst 3517 9 2320
inst 3518 9 2523
inst 3519 9 2203
inst 3520 9 2421
inst 3521 9 2427
inst 3522 9 2210
inst 3523 9 1921
inst 3524 9 1922
inst 3525 9 2428
inst 3526 9 2525
inst 3527 9 1924
inst 3528 9 1925
inst 3529 9 1928
inst 3530 9 2423
inst 3531 9 1937
inst 3532 9 1940
inst 3533 9 1941
inst 3534 9 1943
inst 3535 9 2326
inst 3536 9 2526
inst 3537 9 2323
inst 3538 9 1938
inst 3539 9 2306
inst 3540 9 2307
inst 3541 9 2309
inst 3542 9 2311
inst 3543 9 2312
inst 3544 9 2313
inst 3545 9 2517
inst 3546 9 2310
inst 3547 9 2304
inst 3548 9 2305
inst 3549 9 2515
inst 3550 9 2300
inst 3551 9 2301
inst 3552 9 2303
inst 3553 9 2308
inst 3554 9 2516
inst 3555 9 2316
inst 3556 9 2317
inst 3557 9 2318
inst 3558 9 2319
inst 3559 9 2321
inst 3560 9 2315
inst 3561 9 2519
inst 3562 9 2314
inst 3563 9 2324
inst 3564 9 3215
inst 3565 9 3361
inst 3566 9 3362
inst 3567 9 3363
inst 3568 9 3364
inst 3569 9 2322
inst 3570 9 2524
inst 3571 9 2838
inst 3572 9 2839
inst 3573 9 2840
inst 3574 9 4447
inst 3575 9 4448
inst 3576 9 4449
inst 3577 9 4450
inst 3578 9 4451
inst 3579 9 4442
inst 3580 9 4452
inst 3581 9 4453
inst 3582 9 4454
inst 3583 9 4441
inst 3584 9 4443
inst 3585 9 4445
inst 3586 9 4446
inst 3587 9 1948
inst 3588 9 2835
inst 3589 9 2836
inst 3590 9 2837
inst 3591 9 2841
inst 3592 9 2842
inst 3593 9 1944
inst 3594 9 1947
inst 3595 9 1957
inst 3596 9 2530
inst 3597 9 2533
inst 3598 9 2535
inst 3599 9 2536
inst 3600 9 1949
inst 3601 9 1950
inst 3602 9 4444
inst 3603 9 1955
inst 3604 9 2325
inst 3605 9 2528
inst 3606 9 2534
inst 3607 9 4438
inst 3608 9 1954
inst 3609 9 2529
inst 3610 9 2532
inst 3611 9 1960
inst 3612 9 1961
inst 3613 9 2327
inst 3614 9 2531
inst 3615 9 2537
inst 3616 9 2901
inst 3617 9 1956
inst 3618 9 2830
inst 3619 9 4455
inst 3620 9 4457
inst 3621 9 4458
inst 3622 9 4436
inst 3623 9 4437
inst 3624 9 4439
inst 3625 9 4440
inst 3626 9 4456
inst 3627 9 1971
inst 3628 9 2826
inst 3629 9 2829
inst 3630 9 2831
inst 3631 9 2832
inst 3632 9 2833
inst 3633 9 1972
inst 3634 9 4459
inst 3635 9 2239
inst 3636 9 2241
inst 3637 9 2242
inst 3638 9 2243
inst 3639 9 2244
inst 3640 9 2245
inst 3641 9 2463
inst 3642 9 3268
inst 3643 9 2217
inst 3644 9 2219
inst 3645 9 2220
inst 3646 9 2221
inst 3647 9 2223
inst 3648 9 2451
inst 3649 9 2216
inst 3650 9 2867
inst 3651 9 1850
inst 3652 9 3101
inst 3653 9 3109
inst 3654 9 3111
inst 3655 9 3112
inst 3656 9 3119
inst 3657 9 2240
inst 3658 9 3270
inst 3659 9 1860
inst 3660 9 1862
inst 3661 9 3123
inst 3662 9 1859
inst 3663 9 3121
inst 3664 9 2481
inst 3665 9 1861
inst 3666 9 3120
inst 3667 9 2329
inst 3668 9 2330
inst 3669 9 3033
inst 3670 9 3035
inst 3671 9 3041
inst 3672 9 1866
inst 3673 9 3037
inst 3674 9 1864
inst 3675 9 2453
inst 3676 9 2868
inst 3677 9 3029
inst 3678 9 3271
inst 3679 9 3272
inst 3680 9 2452
inst 3681 9 3034
inst 3682 9 3036
inst 3683 9 2333
inst 3684 9 2857
inst 3685 9 2858
inst 3686 9 3011
inst 3687 9 3018
inst 3688 9 3022
inst 3689 9 3038
inst 3690 9 3039
inst 3691 9 1865
inst 3692 9 1867
inst 3693 9 2859
inst 3694 9 3020
inst 3695 9 3023
inst 3696 9 3024
inst 3697 9 3040
inst 3698 9 2331
inst 3699 9 2213
inst 3700 9 2214
inst 3701 9 2237
inst 3702 9 2238
inst 3703 9 3291
inst 3704 9 3292
inst 3705 9 2215
inst 3706 9 2218
inst 3707 9 2248
inst 3708 9 2249
inst 3709 9 2252
inst 3710 9 2258
inst 3711 9 2464
inst 3712 9 2465
inst 3713 9 2257
inst 3714 9 3293
inst 3715 9 2224
inst 3716 9 2225
inst 3717 9 2226
inst 3718 9 2227
inst 3719 9 2454
inst 3720 9 2466
inst 3721 9 3288
inst 3722 9 2247
inst 3723 9 2253
inst 3724 9 2254
inst 3725 9 2467
inst 3726 9 2468
inst 3727 9 3287
inst 3728 9 3289
inst 3729 9 2250
inst 3730 9 2251
inst 3731 9 1872
inst 3732 9 2229
inst 3733 9 2230
inst 3734 9 2231
inst 3735 9 2232
inst 3736 9 3013
inst 3737 9 3273
inst 3738 9 2228
inst 3739 9 1869
inst 3740 9 2336
inst 3741 9 3012
inst 3742 9 3015
inst 3743 9 3016
inst 3744 9 3017
inst 3745 9 3019
inst 3746 9 3025
inst 3747 9 2235
inst 3748 9 2458
inst 3749 9 2469
inst 3750 9 2470
inst 3751 9 3284
inst 3752 9 3285
inst 3753 9 2234
inst 3754 9 3274
inst 3755 9 2246
inst 3756 9 2256
inst 3757 9 2259
inst 3758 9 2260
inst 3759 9 2262
inst 3760 9 3281
inst 3761 9 3282
inst 3762 9 2255
inst 3763 9 2334
inst 3764 9 2342
inst 3765 9 2343
inst 3766 9 2344
inst 3767 9 2347
inst 3768 9 2354
inst 3769 9 2810
inst 3770 9 3021
inst 3771 9 2352
inst 3772 9 2991
inst 3773 9 3027
inst 3774 9 3247
inst 3775 9 3248
inst 3776 9 1870
inst 3777 9 3032
inst 3778 9 2341
inst 3779 9 2090
inst 3780 9 2092
inst 3781 9 2093
inst 3782 9 2094
inst 3783 9 2095
inst 3784 9 2984
inst 3785 9 2348
inst 3786 9 2353
inst 3787 9 1868
inst 3788 9 1877
inst 3789 9 3026
inst 3790 9 3028
inst 3791 9 3031
inst 3792 9 3006
inst 3793 9 2091
inst 3794 9 3249
inst 3795 9 2108
inst 3796 9 2110
inst 3797 9 2115
inst 3798 9 2556
inst 3799 9 2559
inst 3800 9 2563
inst 3801 9 2560
inst 3802 9 2565
inst 3803 9 2111
inst 3804 9 2114
inst 3805 9 2120
inst 3806 9 2121
inst 3807 9 2127
inst 3808 9 2125
inst 3809 9 2112
inst 3810 9 2116
inst 3811 9 2103
inst 3812 9 2107
inst 3813 9 2356
inst 3814 9 2359
inst 3815 9 2360
inst 3816 9 2366
inst 3817 9 3250
inst 3818 9 2554
inst 3819 9 2109
inst 3820 9 2365
inst 3821 9 2372
inst 3822 9 3322
inst 3823 9 3323
inst 3824 9 3324
inst 3825 9 2562
inst 3826 9 2555
inst 3827 9 2345
inst 3828 9 2997
inst 3829 9 2998
inst 3830 9 3000
inst 3831 9 3009
inst 3832 9 2459
inst 3833 9 2460
inst 3834 9 1871
inst 3835 9 1874
inst 3836 9 2346
inst 3837 9 2350
inst 3838 9 2351
inst 3839 9 2992
inst 3840 9 2993
inst 3841 9 2994
inst 3842 9 3002
inst 3843 9 2236
inst 3844 9 2461
inst 3845 9 3279
inst 3846 9 3280
inst 3847 9 2261
inst 3848 9 3278
inst 3849 9 3277
inst 3850 9 3276
inst 3851 9 1876
inst 3852 9 1879
inst 3853 9 2855
inst 3854 9 2987
inst 3855 9 2989
inst 3856 9 3008
inst 3857 9 3001
inst 3858 9 3275
inst 3859 9 1875
inst 3860 9 1878
inst 3861 9 2990
inst 3862 9 2996
inst 3863 9 2999
inst 3864 9 3251
inst 3865 9 3005
inst 3866 9 1873
inst 3867 9 1880
inst 3868 9 1881
inst 3869 9 1882
inst 3870 9 2856
inst 3871 9 3007
inst 3872 9 3010
inst 3873 9 3004
inst 3874 9 1883
inst 3875 9 2364
inst 3876 9 2370
inst 3877 9 3328
inst 3878 9 2371
inst 3879 9 2377
inst 3880 9 2378
inst 3881 9 2379
inst 3882 9 2358
inst 3883 9 1885
inst 3884 9 1886
inst 3885 9 1887
inst 3886 9 1888
inst 3887 9 1884
inst 3888 9 3327
inst 3889 9 3329
inst 3890 9 3330
inst 3891 9 2128
inst 3892 9 2130
inst 3893 9 2557
inst 3894 9 2558
inst 3895 9 2569
inst 3896 9 2570
inst 3897 9 2118
inst 3898 9 2122
inst 3899 9 2134
inst 3900 9 2135
inst 3901 9 2140
inst 3902 9 2141
inst 3903 9 2129
inst 3904 9 2564
inst 3905 9 2576
inst 3906 9 2577
inst 3907 9 3325
inst 3908 9 3331
inst 3909 9 3332
inst 3910 9 3333
inst 3911 9 2119
inst 3912 9 2132
inst 3913 9 2133
inst 3914 9 2139
inst 3915 9 1890
inst 3916 9 1892
inst 3917 9 1894
inst 3918 9 2820
inst 3919 9 1889
inst 3920 9 1891
inst 3921 9 1893
inst 3922 9 1895
inst 3923 9 2145
inst 3924 9 2146
inst 3925 9 2148
inst 3926 9 2583
inst 3927 9 2592
inst 3928 9 2593
inst 3929 9 2594
inst 3930 9 2147
inst 3931 9 2389
inst 3932 9 2392
inst 3933 9 2393
inst 3934 9 2399
inst 3935 9 2401
inst 3936 9 2596
inst 3937 9 2602
inst 3938 9 2586
inst 3939 9 1896
inst 3940 9 1898
inst 3941 9 2382
inst 3942 9 2385
inst 3943 9 3336
inst 3944 9 2381
inst 3945 9 3334
inst 3946 9 3335
inst 3947 9 1897
inst 3948 9 1899
inst 3949 9 1900
inst 3950 9 1901
inst 3951 9 1902
inst 3952 9 2398
inst 3953 9 2853
inst 3954 9 2854
inst 3955 9 2293
inst 3956 9 2295
inst 3957 9 2296
inst 3958 9 2297
inst 3959 9 2298
inst 3960 9 2299
inst 3961 9 2403
inst 3962 9 2400
inst 3963 9 1904
inst 3964 9 2848
inst 3965 9 2849
inst 3966 9 1903
inst 3967 9 1905
inst 3968 9 2402
inst 3969 9 3340
inst 3970 9 2294
inst 3971 9 3346
inst 3972 9 3347
inst 3973 9 3348
inst 3974 9 3349
inst 3975 9 3350
inst 3976 9 3351
inst 3977 9 3353
inst 3978 9 3356
inst 3979 9 1911
inst 3980 9 2900
inst 3981 9 3352
inst 3982 9 3354
inst 3983 9 3355
inst 3984 9 1909
inst 3985 9 2508
inst 3986 9 2510
inst 3987 9 2844
inst 3988 9 2847
inst 3989 9 4429
inst 3990 9 4430
inst 3991 9 4431
inst 3992 9 1906
inst 3993 9 1907
inst 3994 9 1908
inst 3995 9 2514
inst 3996 9 2504
inst 3997 9 2899
inst 3998 9 1910
inst 3999 9 1912
inst 4000 9 2509
inst 4001 9 2845
inst 4002 9 2846
inst 4003 9 1913
inst 4004 9 1982
inst 4005 9 1983
inst 4006 9 2822
inst 4007 9 4413
inst 4008 9 4414
inst 4009 9 2513
inst 4010 9 4428
inst 4011 9 1916
inst 4012 9 1917
inst 4013 9 2823
inst 4014 9 2824
inst 4015 9 1914
inst 4016 9 1915
inst 4017 9 2511
inst 4018 9 2898
inst 4019 9 2825
inst 4020 9 4416
inst 4021 9 4417
inst 4022 9 4418
inst 4023 9 4419
inst 4024 9 4420
inst 4025 9 4425
inst 4026 9 4415
inst 4027 9 1918
inst 4028 9 2821
inst 4029 9 1984
inst 4030 9 2852
inst 4031 9 1919
inst 4032 9 1920
inst 4033 9 1985
inst 4034 9 2850
inst 4035 9 4421
inst 4036 9 4424
inst 4037 9 4427
inst 4038 9 4432
inst 4039 9 4433
inst 4040 9 4434
inst 4041 9 4426
inst 4042 9 4435
inst 4043 9 1936
inst 4044 9 1939
inst 4045 9 1942
inst 4046 9 1945
inst 4047 9 2527
inst 4048 9 1935
inst 4049 9 4422
inst 4050 9 4423
inst 4051 9 1970
inst 4052 9 2827
inst 4053 9 4460
inst 4054 9 4461
inst 4055 9 4462
inst 4056 9 4463
inst 4057 9 4464
inst 4058 9 2828
inst 4059 9 1964
inst 4060 9 1967
inst 4061 9 1968
inst 4062 9 2538
inst 4063 9 1965
inst 4064 9 1966
inst 4065 9 1969
inst 4066 9 2328
inst 4067 9 1946
inst 4068 9 1951
inst 4069 9 1952
inst 4070 9 1953
inst 4071 9 1958
inst 4072 9 1959
inst 4073 9 1987
inst 4074 9 1986
inst 4075 9 1962
inst 4076 9 1963
inst 4077 10 382
inst 4078 10 954
inst 4079 10 1199
inst 4080 10 1662
inst 4081 10 1663
inst 4082 10 1669
inst 4083 10 1719
inst 4084 10 1748
inst 4085 10 1010
inst 4086 10 1028
inst 4087 10 1045
inst 4088 10 1690
inst 4089 10 1691
inst 4090 10 2022
inst 4091 10 1257
inst 4092 10 1689
inst 4093 10 735
inst 4094 10 780
inst 4095 10 1190
inst 4096 10 1550
inst 4097 10 1563
inst 4098 10 1650
inst 4099 10 1651
inst 4100 10 1661
inst 4101 10 789
inst 4102 10 917
inst 4103 10 942
inst 4104 10 1101
inst 4105 10 1103
inst 4106 10 1534
inst 4107 10 1535
inst 4108 10 792
inst 4109 10 2063
inst 4110 10 2069
inst 4111 10 2102
inst 4112 10 2117
inst 4113 10 3054
inst 4114 10 3252
inst 4115 10 3300
inst 4116 10 2052
inst 4117 10 1519
inst 4118 10 1520
inst 4119 10 1503
inst 4120 11 481
inst 4121 11 554
inst 4122 11 676
inst 4123 11 1692
inst 4124 11 1754
inst 4125 11 1755
inst 4126 11 1774
inst 4127 11 1783
inst 4128 11 1243
inst 4129 11 1796
inst 4130 11 1797
inst 4131 11 1808
inst 4132 11 1809
inst 4133 11 1824
inst 4134 11 1005
inst 4135 11 1431
inst 4136 11 394
inst 4137 11 994
inst 4138 11 1321
inst 4139 11 1493
inst 4140 11 1708
inst 4141 11 1014
inst 4142 11 1254
inst 4143 11 1680
inst 4144 11 723
inst 4145 11 1032
inst 4146 11 1112
inst 4147 11 1578
inst 4148 11 1623
inst 4149 11 1628
inst 4150 11 1656
inst 4151 11 1643
inst 4152 11 1150
inst 4153 11 2015
inst 4154 11 2482
inst 4155 11 2495
inst 4156 11 2659
inst 4157 11 3201
inst 4158 11 3295
inst 4159 11 3303
inst 4160 11 2233
inst 4161 11 2866
inst 4162 11 3231
inst 4163 11 3234
inst 4164 11 3241
inst 4165 11 3267
inst 4166 11 3286
inst 4167 11 1994
inst 4168 11 1604
inst 4169 11 1613
inst 4170 11 1723
inst 4171 11 2150
inst 4172 11 2702
inst 4173 11 1287
inst 4174 11 1741
inst 4175 11 3302
inst 4176 11 2462
inst 4177 11 2972
inst 4178 11 3321
inst 4179 11 3326
inst 4180 11 3344
inst 4181 11 3345
inst 4182 11 3261
inst 4183 11 3264
inst 4184 11 831
inst 4185 11 1308
inst 4186 11 1397
inst 4187 11 1551
inst 4188 11 1558
inst 4189 11 1564
inst 4190 11 1566
inst 4191 11 938
inst 4192 11 3365
inst 4193 11 1302
inst 4194 12 1673
inst 4195 12 1683
inst 4196 12 1702
inst 4197 12 1704
inst 4198 12 1715
inst 4199 12 1716
inst 4200 12 1784
inst 4201 12 1800
inst 4202 12 1583
inst 4203 12 1584
inst 4204 12 1630
inst 4205 12 1631
inst 4206 12 1647
inst 4207 12 1648
inst 4208 12 1649
inst 4209 12 1672
inst 4210 12 1703
inst 4211 12 1735
inst 4212 12 1830
inst 4213 12 3253
inst 4214 12 3254
inst 4215 12 3269
inst 4216 12 3294
inst 4217 12 1701
inst 4218 12 799
inst 4219 12 932
inst 4220 12 1565
inst 4221 12 1567
inst 4222 12 1610
inst 4223 12 1614
inst 4224 12 1633
inst 4225 12 1734
inst 4226 12 1526
inst 4227 12 1532
inst 4228 12 1533
inst 4229 12 1547
inst 4230 12 1559
inst 4231 12 1560
inst 4232 12 1562
inst 4233 12 1561
inst 4234 12 901
inst 4235 12 912
inst 4236 12 1106
inst 4237 12 1512
inst 4238 12 1513
inst 4239 12 1514
inst 4240 12 1525
inst 4241 12 1553
inst 4242 13 806
inst 4243 13 808
inst 4244 13 885
inst 4245 13 1422
inst 4246 13 2434
inst 4247 13 2439
inst 4248 13 2442
inst 4249 13 2445
inst 4250 13 890
inst 4251 13 1111
inst 4252 13 1295
inst 4253 13 1511
inst 4254 13 1541
inst 4255 13 1542
inst 4256 13 1543
inst 4257 13 1291
inst 4258 13 862
inst 4259 14 2432
inst 4260 14 2436
inst 4261 14 2441
inst 4262 14 2446
inst 4263 14 2447
inst 4264 14 2449
inst 4265 14 2450
inst 4266 14 3058
inst 4267 14 851
inst 4268 14 866
inst 4269 14 819
inst 4270 15 2648
inst 4271 15 2654
inst 4272 15 2656
inst 4273 15 2667
inst 4274 15 2671
inst 4275 15 2672
inst 4276 15 3189
inst 4277 15 3192
inst 4278 15 2637
inst 4279 15 2644
inst 4280 15 2645
inst 4281 15 2664
inst 4282 15 2673
inst 4283 15 3191
inst 4284 15 2646
inst 4285 15 3186
inst 4286 15 2633
inst 4287 15 2641
inst 4288 15 2642
inst 4289 15 2650
inst 4290 15 3065
inst 4291 15 3080
inst 4292 15 2639
inst 4293 15 2643
inst 4294 15 2658
inst 4295 15 2661
inst 4296 15 2663
inst 4297 15 2668
inst 4298 15 2677
inst 4299 15 2679
inst 4300 15 2681
inst 4301 15 2634
inst 4302 15 2688
inst 4303 15 2693
inst 4304 15 2695
inst 4305 15 2698
inst 4306 15 2699
inst 4307 15 2706
inst 4308 15 2709
inst 4309 15 2711
inst 4310 15 2720
inst 4311 15 2721
inst 4312 15 2736
inst 4313 15 2744
inst 4314 15 2752
inst 4315 15 2757
inst 4316 15 2767
inst 4317 15 2716
inst 4318 15 2683
inst 4319 15 2684
inst 4320 15 2687
inst 4321 15 2691
inst 4322 15 2692
inst 4323 15 2694
inst 4324 15 2676
inst 4325 15 2689
inst 4326 15 2722
inst 4327 15 2727
inst 4328 15 2730
inst 4329 15 2733
inst 4330 15 2754
inst 4331 15 2726
inst 4332 15 2756
inst 4333 15 2705
inst 4334 15 1504
inst 4335 15 1505
inst 4336 15 1506
inst 4337 15 1507
inst 4338 15 1508
inst 4339 15 2781
inst 4340 15 2788
inst 4341 15 2771
inst 4342 15 2776
inst 4343 15 2784
inst 4344 15 2786
inst 4345 15 2793
inst 4346 15 2795
inst 4347 15 2766
inst 4348 15 2780
inst 4349 15 2789
inst 4350 15 2804
inst 4351 15 2764
inst 4352 15 2798
inst 4353 15 2760
inst 4354 16 1749
inst 4355 16 2647
inst 4356 16 2655
inst 4357 16 2657
inst 4358 16 2660
inst 4359 16 2666
inst 4360 16 2670
inst 4361 16 3187
inst 4362 16 2640
inst 4363 16 2653
inst 4364 16 2665
inst 4365 16 2770
inst 4366 16 2791
inst 4367 16 3206
inst 4368 16 3188
inst 4369 16 3190
inst 4370 16 2636
inst 4371 16 2651
inst 4372 16 2704
inst 4373 16 2708
inst 4374 16 2743
inst 4375 16 3066
inst 4376 16 2652
inst 4377 16 2728
inst 4378 16 1509
inst 4379 16 2747
inst 4380 16 2750
inst 4381 16 2751
inst 4382 16 2779
inst 4383 16 2768
inst 4384 16 2769
inst 4385 16 2734
inst 4386 16 2631
inst 4387 16 2632
inst 4388 16 2635
inst 4389 16 2638
inst 4390 16 2649
inst 4391 16 2678
inst 4392 16 2686
inst 4393 16 2965
inst 4394 16 2712
inst 4395 16 2917
inst 4396 16 2929
inst 4397 16 2935
inst 4398 16 2955
inst 4399 16 2956
inst 4400 16 2700
inst 4401 16 2701
inst 4402 16 2740
inst 4403 16 2741
inst 4404 16 2762
inst 4405 16 2777
inst 4406 16 2794
inst 4407 16 2843
inst 4408 16 2778
inst 4409 16 2717
inst 4410 16 2796
inst 4411 16 2797
inst 4412 16 2799
inst 4413 16 2801
inst 4414 16 2805
inst 4415 16 2807
inst 4416 16 2834
inst 4417 16 2800
inst 4418 16 2630
inst 4419 16 2662
inst 4420 16 2669
inst 4421 16 2675
inst 4422 16 2682
inst 4423 16 2811
inst 4424 16 2995
inst 4425 16 3014
inst 4426 16 2685
inst 4427 16 2690
inst 4428 16 2696
inst 4429 16 2703
inst 4430 16 2710
inst 4431 16 2719
inst 4432 16 3003
inst 4433 16 2680
inst 4434 16 2737
inst 4435 16 2739
inst 4436 16 2745
inst 4437 16 2746
inst 4438 16 2753
inst 4439 16 2773
inst 4440 16 2755
inst 4441 16 2731
inst 4442 16 2782
inst 4443 16 2808
inst 4444 16 2851
inst 4445 17 2431
inst 4446 17 2433
inst 4447 17 2437
inst 4448 17 2438
inst 4449 17 2440
inst 4450 17 2448
inst 4451 17 2950
inst 4452 17 2951
inst 4453 17 2444
inst 4454 17 2443
inst 4455 18 2435
inst 4456 18 3184
inst 4457 19 2697
inst 4458 19 2738
inst 4459 19 2759
inst 4460 19 2802
inst 4461 19 2803
inst 4462 19 2806
inst 4463 19 2809
inst 4464 19 3079
level misty tree 0 protos 20 instances 2082
proto 0 fence.mb stiffness 0.000000 dists 245760.0000 122880.0000 0.0000 655360.0000 rdists 0.00000244 0.00000814 0.00000349 0.00000000
proto 1 shortpole.mb stiffness 0.000000 dists 225280.0000 112640.0000 0.0000 327680.0000 rdists 0.00000977 0.00000888 0.00001395 0.00000000
proto 2 rock-shrub.mb stiffness 0.000000 dists 225280.0000 112640.0000 0.0000 327680.0000 rdists 0.00000977 0.00000888 0.00001395 0.00000000
proto 3 chain-straight.mb stiffness 0.100000 dists 102400.0000 51200.0000 0.0000 327680.0000 rdists 0.00000444 0.00001953 0.00000634 0.10000000
proto 4 chain-curve.mb stiffness 0.100000 dists 102400.0000 51200.0000 0.0000 327680.0000 rdists 0.00000444 0.00001953 0.00000634 0.10000000
proto 5 rail1.mb stiffness 0.000000 dists 225280.0000 112640.0000 0.0000 327680.0000 rdists 0.00000977 0.00000888 0.00001395 0.00000000
proto 6 rail2.mb stiffness 0.000000 dists 225280.0000 112640.0000 0.0000 327680.0000 rdists 0.00000977 0.00000888 0.00001395 0.00000000
proto 7 bottomsupports.mb stiffness 0.000000 dists 245760.0000 122880.0000 0.0000 368640.0000 rdists 0.00000814 0.00000814 0.00001163 0.00000000
proto 8 knot.mb stiffness 0.000000 dists 122880.0000 61440.0000 0.0000 163840.0000 rdists 0.00002441 0.00001628 0.00003488 0.00000000
proto 9 one-rail.mb stiffness 0.000000 dists 122880.0000 61440.0000 0.0000 163840.0000 rdists 0.00002441 0.00001628 0.00003488 0.00000000
proto 10 lid.mb stiffness 0.000000 dists 163840.0000 81920.0000 0.0000 245760.0000 rdists 0.00001221 0.00001221 0.00001744 0.00000000
proto 11 chain.mb stiffness 0.000000 dists 204800.0000 102400.0000 0.0000 327680.0000 rdists 0.00000814 0.00000977 0.00001163 0.00000000
proto 12 mis-shrub-03.mb stiffness 0.000000 dists 225280.0000 112640.0000 0.0000 327680.0000 rdists 0.00000977 0.00000888 0.00001395 0.00000000
proto 13 mis-shrub-04.mb stiffness 0.000000 dists 225280.0000 112640.0000 0.0000 327680.0000 rdists 0.00000977 0.00000888 0.00001395 0.00000000
proto 14 mis-shrub-05.mb stiffness 0.000000 dists 225280.0000 112640.0000 0.0000 327680.0000 rdists 0.00000977 0.00000888 0.00001395 0.00000000
proto 15 mis-shrub-02.mb stiffness 0.000000 dists 225280.0000 112640.0000 0.0000 327680.0000 rdists 0.00000977 0.00000888 0.00001395 0.00000000
proto 16 mis-shrub-01.mb stiffness 0.000000 dists 225280.0000 112640.0000 0.0000 327680.0000 rdists 0.00000977 0.00000888 0.00001395 0.00000000
proto 17 mis-shrub-06.mb stiffness 0.000000 dists 225280.0000 112640.0000 0.0000 327680.0000 rdists 0.00000977 0.00000888 0.00001395 0.00000000
proto 18 mis-twig-01.mb stiffness 0.000000 dists 225280.0000 112640.0000 0.0000 327680.0000 rdists 0.00000977 0.00000888 0.00001395 0.00000000
proto 19 mis-twig-02.mb stiffness 0.000000 dists 225280.0000 112640.0000 0.0000 327680.0000 rdists 0.00000977 0.00000888 0.00001395 0.00000000
inst 0 0 0
inst 1 0 1
inst 2 0 21
inst 3 0 22
inst 4 0 23
inst 5 1 8
inst 6 1 9
inst 7 1 10
inst 8 1 11
inst 9 1 12
inst 10 1 13
inst 11 1 14
inst 12 1 15
inst 13 1 17
inst 14 1 19
inst 15 1 24
inst 16 1 25
inst 17 1 28
inst 18 1 30
inst 19 1 44
inst 20 1 16
inst 21 1 36
inst 22 1 37
inst 23 1 38
inst 24 1 39
inst 25 1 40
inst 26 1 41
inst 27 1 42
inst 28 1 43
inst 29 1 26
inst 30 1 27
inst 31 1 32
inst 32 1 33
inst 33 1 34
inst 34 1 29
inst 35 1 31
inst 36 1 35
inst 37 1 2
inst 38 1 3
inst 39 1 4
inst 40 1 5
inst 41 1 6
inst 42 1 7
inst 43 1 18
inst 44 1 20
inst 45 1 252
inst 46 1 253
inst 47 1 254
inst 48 1 255
inst 49 1 256
inst 50 1 257
inst 51 1 259
inst 52 1 251
inst 53 1 245
inst 54 1 246
inst 55 1 247
inst 56 1 288
inst 57 1 289
inst 58 1 293
inst 59 1 294
inst 60 1 295
inst 61 1 248
inst 62 1 249
inst 63 1 250
inst 64 1 292
inst 65 1 374
inst 66 1 260
inst 67 1 290
inst 68 1 291
inst 69 1 263
inst 70 1 264
inst 71 1 265
inst 72 1 266
inst 73 1 267
inst 74 1 269
inst 75 1 270
inst 76 1 271
inst 77 1 274
inst 78 1 275
inst 79 1 281
inst 80 1 282
inst 81 1 285
inst 82 1 286
inst 83 1 268
inst 84 1 280
inst 85 1 316
inst 86 1 375
inst 87 1 376
inst 88 1 377
inst 89 1 378
inst 90 1 379
inst 91 1 380
inst 92 1 381
inst 93 1 283
inst 94 1 287
inst 95 1 417
inst 96 1 420
inst 97 1 421
inst 98 1 422
inst 99 1 317
inst 100 1 284
inst 101 1 394
inst 102 1 395
inst 103 1 397
inst 104 1 398
inst 105 1 401
inst 106 1 407
inst 107 1 408
inst 108 1 409
inst 109 1 400
inst 110 1 402
inst 111 1 403
inst 112 1 404
inst 113 1 396
inst 114 1 399
inst 115 1 405
inst 116 1 406
inst 117 1 414
inst 118 1 415
inst 119 1 416
inst 120 1 423
inst 121 1 424
inst 122 1 425
inst 123 1 418
inst 124 1 419
inst 125 1 411
inst 126 1 412
inst 127 1 413
inst 128 1 410
inst 129 2 45
inst 130 2 46
inst 131 2 47
inst 132 2 48
inst 133 2 49
inst 134 2 50
inst 135 2 51
inst 136 3 52
inst 137 3 56
inst 138 3 59
inst 139 3 62
inst 140 3 384
inst 141 3 385
inst 142 3 388
inst 143 3 391
inst 144 3 65
inst 145 3 66
inst 146 4 382
inst 147 4 383
inst 148 4 386
inst 149 4 387
inst 150 4 389
inst 151 4 390
inst 152 4 392
inst 153 4 393
inst 154 4 54
inst 155 4 55
inst 156 4 57
inst 157 4 58
inst 158 4 60
inst 159 4 61
inst 160 4 63
inst 161 4 53
inst 162 4 64
inst 163 5 77
inst 164 5 78
inst 165 5 79
inst 166 5 261
inst 167 5 262
inst 168 5 272
inst 169 5 276
inst 170 5 278
inst 171 5 83
inst 172 5 85
inst 173 5 86
inst 174 5 87
inst 175 5 94
inst 176 5 76
inst 177 5 89
inst 178 5 90
inst 179 5 67
inst 180 5 68
inst 181 5 69
inst 182 5 70
inst 183 5 71
inst 184 5 84
inst 185 6 75
inst 186 6 80
inst 187 6 91
inst 188 6 92
inst 189 6 258
inst 190 6 273
inst 191 6 277
inst 192 6 279
inst 193 6 73
inst 194 6 81
inst 195 6 82
inst 196 6 88
inst 197 6 72
inst 198 6 74
inst 199 6 93
inst 200 7 95
inst 201 7 110
inst 202 7 125
inst 203 7 140
inst 204 7 155
inst 205 7 170
inst 206 7 185
inst 207 7 230
inst 208 7 200
inst 209 7 215
inst 210 8 100
inst 211 8 102
inst 212 8 231
inst 213 8 233
inst 214 8 235
inst 215 8 237
inst 216 8 238
inst 217 8 240
inst 218 8 96
inst 219 8 98
inst 220 8 103
inst 221 8 105
inst 222 8 107
inst 223 8 109
inst 224 8 244
inst 225 8 242
inst 226 8 111
inst 227 8 115
inst 228 8 118
inst 229 8 122
inst 230 8 124
inst 231 8 135
inst 232 8 117
inst 233 8 120
inst 234 8 126
inst 235 8 130
inst 236 8 133
inst 237 8 137
inst 238 8 139
inst 239 8 150
inst 240 8 113
inst 241 8 132
inst 242 8 141
inst 243 8 143
inst 244 8 145
inst 245 8 148
inst 246 8 152
inst 247 8 154
inst 248 8 128
inst 249 8 147
inst 250 8 156
inst 251 8 158
inst 252 8 160
inst 253 8 163
inst 254 8 165
inst 255 8 167
inst 256 8 177
inst 257 8 162
inst 258 8 171
inst 259 8 173
inst 260 8 175
inst 261 8 178
inst 262 8 182
inst 263 8 192
inst 264 8 169
inst 265 8 180
inst 266 8 186
inst 267 8 188
inst 268 8 190
inst 269 8 193
inst 270 8 197
inst 271 8 199
inst 272 8 184
inst 273 8 195
inst 274 8 201
inst 275 8 203
inst 276 8 205
inst 277 8 208
inst 278 8 210
inst 279 8 212
inst 280 8 225
inst 281 8 207
inst 282 8 216
inst 283 8 218
inst 284 8 220
inst 285 8 223
inst 286 8 227
inst 287 8 229
inst 288 8 214
inst 289 8 222
inst 290 9 101
inst 291 9 104
inst 292 9 232
inst 293 9 234
inst 294 9 236
inst 295 9 239
inst 296 9 241
inst 297 9 243
inst 298 9 97
inst 299 9 114
inst 300 9 116
inst 301 9 119
inst 302 9 121
inst 303 9 99
inst 304 9 106
inst 305 9 108
inst 306 9 127
inst 307 9 129
inst 308 9 136
inst 309 9 138
inst 310 9 112
inst 311 9 123
inst 312 9 131
inst 313 9 134
inst 314 9 142
inst 315 9 153
inst 316 9 164
inst 317 9 166
inst 318 9 144
inst 319 9 146
inst 320 9 149
inst 321 9 151
inst 322 9 157
inst 323 9 159
inst 324 9 161
inst 325 9 174
inst 326 9 176
inst 327 9 181
inst 328 9 168
inst 329 9 179
inst 330 9 187
inst 331 9 189
inst 332 9 194
inst 333 9 196
inst 334 9 198
inst 335 9 172
inst 336 9 183
inst 337 9 191
inst 338 9 202
inst 339 9 209
inst 340 9 211
inst 341 9 213
inst 342 9 221
inst 343 9 224
inst 344 9 204
inst 345 9 206
inst 346 9 217
inst 347 9 219
inst 348 9 226
inst 349 9 228
inst 350 10 301
inst 351 10 302
inst 352 10 303
inst 353 10 304
inst 354 10 305
inst 355 10 306
inst 356 10 309
inst 357 10 310
inst 358 10 308
inst 359 10 311
inst 360 10 312
inst 361 10 314
inst 362 10 315
inst 363 10 296
inst 364 10 307
inst 365 10 313
inst 366 10 298
inst 367 10 299
inst 368 10 300
inst 369 10 297
inst 370 11 354
inst 371 11 355
inst 372 11 356
inst 373 11 357
inst 374 11 358
inst 375 11 359
inst 376 11 372
inst 377 11 373
inst 378 11 346
inst 379 11 347
inst 380 11 348
inst 381 11 349
inst 382 11 350
inst 383 11 351
inst 384 11 352
inst 385 11 353
inst 386 11 364
inst 387 11 365
inst 388 11 366
inst 389 11 367
inst 390 11 368
inst 391 11 369
inst 392 11 370
inst 393 11 371
inst 394 11 326
inst 395 11 327
inst 396 11 328
inst 397 11 329
inst 398 11 360
inst 399 11 361
inst 400 11 362
inst 401 11 363
inst 402 11 332
inst 403 11 333
inst 404 11 334
inst 405 11 335
inst 406 11 336
inst 407 11 337
inst 408 11 338
inst 409 11 339
inst 410 11 343
inst 411 11 344
inst 412 11 345
inst 413 11 330
inst 414 11 331
inst 415 11 340
inst 416 11 341
inst 417 11 342
inst 418 11 320
inst 419 11 321
inst 420 11 322
inst 421 11 323
inst 422 11 324
inst 423 11 325
inst 424 11 318
inst 425 11 319
inst 426 12 937
inst 427 12 940
inst 428 12 1488
inst 429 12 2012
inst 430 12 2016
inst 431 12 2022
inst 432 12 2025
inst 433 12 2030
inst 434 12 1391
inst 435 12 1400
inst 436 12 1430
inst 437 12 1533
inst 438 12 1534
inst 439 12 1539
inst 440 12 1546
inst 441 12 938
inst 442 12 945
inst 443 12 953
inst 444 12 955
inst 445 12 963
inst 446 12 1278
inst 447 12 1328
inst 448 12 1558
inst 449 12 1656
inst 450 12 1296
inst 451 12 1360
inst 452 12 1361
inst 453 12 1368
inst 454 12 1420
inst 455 12 1529
inst 456 12 1246
inst 457 12 1354
inst 458 12 1623
inst 459 12 1625
inst 460 12 1876
inst 461 12 1884
inst 462 12 1936
inst 463 12 1954
inst 464 12 1957
inst 465 12 1958
inst 466 12 984
inst 467 12 1593
inst 468 12 1599
inst 469 12 1680
inst 470 12 1688
inst 471 12 1742
inst 472 12 1756
inst 473 12 1647
inst 474 12 1301
inst 475 12 1303
inst 476 12 1378
inst 477 12 1384
inst 478 12 1422
inst 479 12 1180
inst 480 12 1200
inst 481 12 1204
inst 482 12 1146
inst 483 12 1385
inst 484 12 1389
inst 485 12 1703
inst 486 12 1705
inst 487 12 1769
inst 488 12 1774
inst 489 12 1317
inst 490 12 474
inst 491 12 475
inst 492 12 477
inst 493 12 482
inst 494 12 511
inst 495 12 512
inst 496 12 517
inst 497 12 712
inst 498 12 718
inst 499 12 734
inst 500 12 771
inst 501 12 777
inst 502 12 778
inst 503 12 795
inst 504 12 720
inst 505 12 745
inst 506 12 438
inst 507 12 657
inst 508 12 694
inst 509 12 801
inst 510 12 806
inst 511 12 808
inst 512 12 785
inst 513 12 802
inst 514 12 430
inst 515 12 607
inst 516 12 611
inst 517 12 817
inst 518 12 838
inst 519 12 840
inst 520 12 848
inst 521 12 426
inst 522 12 1069
inst 523 12 1071
inst 524 12 1104
inst 525 12 1105
inst 526 12 1110
inst 527 12 1128
inst 528 12 1724
inst 529 12 1148
inst 530 12 917
inst 531 12 990
inst 532 12 997
inst 533 12 1068
inst 534 12 1729
inst 535 12 1076
inst 536 12 1716
inst 537 12 1736
inst 538 12 535
inst 539 12 553
inst 540 12 555
inst 541 12 572
inst 542 12 573
inst 543 12 1612
inst 544 12 580
inst 545 12 587
inst 546 12 889
inst 547 12 895
inst 548 12 898
inst 549 12 967
inst 550 12 979
inst 551 12 885
inst 552 12 903
inst 553 12 981
inst 554 12 1881
inst 555 12 1903
inst 556 12 1929
inst 557 12 1946
inst 558 12 1981
inst 559 12 1983
inst 560 12 1999
inst 561 12 2001
inst 562 12 1165
inst 563 12 1166
inst 564 12 1173
inst 565 12 1921
inst 566 12 1922
inst 567 12 1976
inst 568 12 1924
inst 569 12 1978
inst 570 12 1024
inst 571 12 1028
inst 572 12 1037
inst 573 12 1807
inst 574 12 1813
inst 575 12 1831
inst 576 12 1833
inst 577 12 1841
inst 578 12 1798
inst 579 12 1866
inst 580 12 1872
inst 581 12 1905
inst 582 12 1938
inst 583 12 1963
inst 584 12 1889
inst 585 12 1766
inst 586 12 920
inst 587 12 1017
inst 588 12 1021
inst 589 12 1004
inst 590 12 1015
inst 591 13 1485
inst 592 13 1489
inst 593 13 1490
inst 594 13 2014
inst 595 13 2015
inst 596 13 2017
inst 597 13 2018
inst 598 13 2027
inst 599 13 463
inst 600 13 464
inst 601 13 467
inst 602 13 469
inst 603 13 471
inst 604 13 473
inst 605 13 525
inst 606 13 462
inst 607 13 943
inst 608 13 944
inst 609 13 1434
inst 610 13 1476
inst 611 13 1477
inst 612 13 1494
inst 613 13 1497
inst 614 13 1474
inst 615 13 1436
inst 616 13 1437
inst 617 13 1439
inst 618 13 1464
inst 619 13 1465
inst 620 13 1483
inst 621 13 1433
inst 622 13 1435
inst 623 13 506
inst 624 13 507
inst 625 13 509
inst 626 13 524
inst 627 13 722
inst 628 13 723
inst 629 13 726
inst 630 13 740
inst 631 13 480
inst 632 13 483
inst 633 13 486
inst 634 13 488
inst 635 13 496
inst 636 13 466
inst 637 13 495
inst 638 13 715
inst 639 13 732
inst 640 13 749
inst 641 13 752
inst 642 13 766
inst 643 13 773
inst 644 13 786
inst 645 13 787
inst 646 13 789
inst 647 13 736
inst 648 13 737
inst 649 13 810
inst 650 13 811
inst 651 13 812
inst 652 13 717
inst 653 13 733
inst 654 13 735
inst 655 13 1393
inst 656 13 1394
inst 657 13 1395
inst 658 13 1443
inst 659 13 1444
inst 660 13 1666
inst 661 13 1438
inst 662 13 1471
inst 663 13 1264
inst 664 13 1319
inst 665 13 1320
inst 666 13 1323
inst 667 13 1332
inst 668 13 1335
inst 669 13 1397
inst 670 13 1401
inst 671 13 1531
inst 672 13 1547
inst 673 13 1548
inst 674 13 1552
inst 675 13 1553
inst 676 13 1555
inst 677 13 1540
inst 678 13 1536
inst 679 13 933
inst 680 13 1445
inst 681 13 1446
inst 682 13 1447
inst 683 13 1549
inst 684 13 1657
inst 685 13 1405
inst 686 13 1663
inst 687 13 950
inst 688 13 956
inst 689 13 1196
inst 690 13 1219
inst 691 13 1195
inst 692 13 1197
inst 693 13 1215
inst 694 13 1216
inst 695 13 1222
inst 696 13 1273
inst 697 13 1275
inst 698 13 1282
inst 699 13 1270
inst 700 13 1271
inst 701 13 959
inst 702 13 1266
inst 703 13 1227
inst 704 13 1279
inst 705 13 1281
inst 706 13 1339
inst 707 13 1343
inst 708 13 1413
inst 709 13 1408
inst 710 13 1221
inst 711 13 1356
inst 712 13 1358
inst 713 13 1522
inst 714 13 1526
inst 715 13 1286
inst 716 13 1345
inst 717 13 1348
inst 718 13 1349
inst 719 13 762
inst 720 13 783
inst 721 13 793
inst 722 13 794
inst 723 13 798
inst 724 13 756
inst 725 13 775
inst 726 13 788
inst 727 13 689
inst 728 13 691
inst 729 13 697
inst 730 13 698
inst 731 13 707
inst 732 13 695
inst 733 13 702
inst 734 13 705
inst 735 13 853
inst 736 13 854
inst 737 13 858
inst 738 13 859
inst 739 13 864
inst 740 13 865
inst 741 13 760
inst 742 13 765
inst 743 13 830
inst 744 13 833
inst 745 13 839
inst 746 13 855
inst 747 13 857
inst 748 13 835
inst 749 13 852
inst 750 13 856
inst 751 13 627
inst 752 13 662
inst 753 13 686
inst 754 13 687
inst 755 13 875
inst 756 13 863
inst 757 13 866
inst 758 13 867
inst 759 13 630
inst 760 13 632
inst 761 13 633
inst 762 13 646
inst 763 13 647
inst 764 13 650
inst 765 13 626
inst 766 13 876
inst 767 13 638
inst 768 13 649
inst 769 13 658
inst 770 13 659
inst 771 13 660
inst 772 13 661
inst 773 13 666
inst 774 13 651
inst 775 13 427
inst 776 13 437
inst 777 13 439
inst 778 13 440
inst 779 13 442
inst 780 13 444
inst 781 13 447
inst 782 13 669
inst 783 13 814
inst 784 13 818
inst 785 13 822
inst 786 13 825
inst 787 13 843
inst 788 13 847
inst 789 13 849
inst 790 13 878
inst 791 13 614
inst 792 13 615
inst 793 13 870
inst 794 13 871
inst 795 13 872
inst 796 13 880
inst 797 13 613
inst 798 13 846
inst 799 13 590
inst 800 13 608
inst 801 13 621
inst 802 13 622
inst 803 13 680
inst 804 13 675
inst 805 13 678
inst 806 13 617
inst 807 13 434
inst 808 13 451
inst 809 13 454
inst 810 13 455
inst 811 13 559
inst 812 13 429
inst 813 13 432
inst 814 13 609
inst 815 13 527
inst 816 13 586
inst 817 13 595
inst 818 13 597
inst 819 13 578
inst 820 13 581
inst 821 13 602
inst 822 13 603
inst 823 13 533
inst 824 13 536
inst 825 13 542
inst 826 13 571
inst 827 13 576
inst 828 13 577
inst 829 13 526
inst 830 13 604
inst 831 13 1059
inst 832 13 1601
inst 833 13 1604
inst 834 13 1606
inst 835 13 1608
inst 836 13 1610
inst 837 13 1618
inst 838 13 1619
inst 839 13 544
inst 840 13 545
inst 841 13 546
inst 842 13 547
inst 843 13 556
inst 844 13 538
inst 845 13 540
inst 846 13 1614
inst 847 13 1236
inst 848 13 1620
inst 849 13 1622
inst 850 13 1626
inst 851 13 1627
inst 852 13 1628
inst 853 13 1877
inst 854 13 1990
inst 855 13 1239
inst 856 13 1568
inst 857 13 1235
inst 858 13 1238
inst 859 13 1240
inst 860 13 1571
inst 861 13 1633
inst 862 13 1640
inst 863 13 1289
inst 864 13 1291
inst 865 13 1642
inst 866 13 1649
inst 867 13 1651
inst 868 13 1762
inst 869 13 1763
inst 870 13 1644
inst 871 13 1561
inst 872 13 1562
inst 873 13 1563
inst 874 13 1699
inst 875 13 1754
inst 876 13 1566
inst 877 13 1567
inst 878 13 1574
inst 879 13 1366
inst 880 13 1369
inst 881 13 1370
inst 882 13 1675
inst 883 13 1747
inst 884 13 1299
inst 885 13 1744
inst 886 13 1745
inst 887 13 1309
inst 888 13 1371
inst 889 13 1372
inst 890 13 1421
inst 891 13 1450
inst 892 13 1451
inst 893 13 1452
inst 894 13 1416
inst 895 13 1250
inst 896 13 1500
inst 897 13 1667
inst 898 13 1671
inst 899 13 1673
inst 900 13 1748
inst 901 13 1753
inst 902 13 1247
inst 903 13 1248
inst 904 13 1377
inst 905 13 1381
inst 906 13 1502
inst 907 13 1376
inst 908 13 1249
inst 909 13 1305
inst 910 13 1306
inst 911 13 1597
inst 912 13 1677
inst 913 13 1679
inst 914 13 1683
inst 915 13 1687
inst 916 13 1875
inst 917 13 1933
inst 918 13 1989
inst 919 13 1190
inst 920 13 1201
inst 921 13 1202
inst 922 13 1600
inst 923 13 1700
inst 924 13 1206
inst 925 13 1674
inst 926 13 1587
inst 927 13 1183
inst 928 13 1585
inst 929 13 1927
inst 930 13 1928
inst 931 13 1985
inst 932 13 1986
inst 933 13 1582
inst 934 13 1874
inst 935 13 1897
inst 936 13 1917
inst 937 13 1942
inst 938 13 1971
inst 939 13 1974
inst 940 13 1977
inst 941 13 1996
inst 942 13 1174
inst 943 13 1207
inst 944 13 1208
inst 945 13 1210
inst 946 13 1214
inst 947 13 1251
inst 948 13 1256
inst 949 13 1509
inst 950 13 1188
inst 951 13 1032
inst 952 13 1038
inst 953 13 1041
inst 954 13 1044
inst 955 13 1518
inst 956 13 1171
inst 957 13 1514
inst 958 13 1517
inst 959 13 1027
inst 960 13 1030
inst 961 13 1170
inst 962 13 1914
inst 963 13 1025
inst 964 13 1036
inst 965 13 1169
inst 966 13 1179
inst 967 13 1800
inst 968 13 1886
inst 969 13 1906
inst 970 13 1908
inst 971 13 1939
inst 972 13 1764
inst 973 13 1765
inst 974 13 1767
inst 975 13 1425
inst 976 13 1428
inst 977 13 1429
inst 978 13 1455
inst 979 13 1456
inst 980 13 1460
inst 981 13 1779
inst 982 13 1458
inst 983 13 1315
inst 984 13 1318
inst 985 13 1783
inst 986 13 1784
inst 987 13 1785
inst 988 13 1316
inst 989 13 1771
inst 990 13 1782
inst 991 13 1074
inst 992 13 1077
inst 993 13 1082
inst 994 13 1717
inst 995 13 1726
inst 996 13 1776
inst 997 13 1777
inst 998 13 1778
inst 999 13 1102
inst 1000 13 1126
inst 1001 13 1129
inst 1002 13 1131
inst 1003 13 1140
inst 1004 13 1149
inst 1005 13 1152
inst 1006 13 1164
inst 1007 13 1787
inst 1008 13 1793
inst 1009 13 1796
inst 1010 13 1808
inst 1011 13 1809
inst 1012 13 1810
inst 1013 13 1819
inst 1014 13 1042
inst 1015 13 1805
inst 1016 13 1825
inst 1017 13 1827
inst 1018 13 1828
inst 1019 13 1850
inst 1020 13 1864
inst 1021 13 1802
inst 1022 13 1822
inst 1023 13 1018
inst 1024 13 1023
inst 1025 13 1835
inst 1026 13 1842
inst 1027 13 1843
inst 1028 13 1846
inst 1029 13 1848
inst 1030 13 1133
inst 1031 13 1851
inst 1032 13 1852
inst 1033 13 1868
inst 1034 13 1867
inst 1035 13 1816
inst 1036 13 1817
inst 1037 13 1844
inst 1038 13 1847
inst 1039 13 986
inst 1040 13 1046
inst 1041 13 1047
inst 1042 13 1722
inst 1043 13 1080
inst 1044 13 1721
inst 1045 13 1723
inst 1046 13 1728
inst 1047 13 988
inst 1048 13 1061
inst 1049 13 1065
inst 1050 13 1063
inst 1051 13 1603
inst 1052 13 1057
inst 1053 13 1058
inst 1054 13 1067
inst 1055 13 1100
inst 1056 13 1117
inst 1057 13 1118
inst 1058 13 1119
inst 1059 13 1120
inst 1060 13 1088
inst 1061 13 1089
inst 1062 13 1099
inst 1063 13 921
inst 1064 13 924
inst 1065 13 930
inst 1066 13 1008
inst 1067 13 1137
inst 1068 13 1138
inst 1069 13 1139
inst 1070 13 1135
inst 1071 13 887
inst 1072 13 890
inst 1073 13 891
inst 1074 13 900
inst 1075 13 974
inst 1076 13 977
inst 1077 13 980
inst 1078 13 1602
inst 1079 13 911
inst 1080 13 888
inst 1081 14 492
inst 1082 14 493
inst 1083 14 505
inst 1084 14 508
inst 1085 14 513
inst 1086 14 515
inst 1087 14 519
inst 1088 14 521
inst 1089 14 714
inst 1090 14 725
inst 1091 14 727
inst 1092 14 729
inst 1093 14 710
inst 1094 14 711
inst 1095 14 741
inst 1096 14 742
inst 1097 14 458
inst 1098 14 470
inst 1099 14 472
inst 1100 14 481
inst 1101 14 484
inst 1102 14 497
inst 1103 14 460
inst 1104 14 461
inst 1105 14 478
inst 1106 14 487
inst 1107 14 490
inst 1108 14 498
inst 1109 14 499
inst 1110 14 500
inst 1111 14 713
inst 1112 14 485
inst 1113 14 1486
inst 1114 14 1487
inst 1115 14 1491
inst 1116 14 2026
inst 1117 14 2031
inst 1118 14 2033
inst 1119 14 2037
inst 1120 14 2029
inst 1121 14 936
inst 1122 14 1475
inst 1123 14 1478
inst 1124 14 1493
inst 1125 14 1496
inst 1126 14 1498
inst 1127 14 1499
inst 1128 14 941
inst 1129 14 1392
inst 1130 14 1431
inst 1131 14 1441
inst 1132 14 1466
inst 1133 14 1468
inst 1134 14 1472
inst 1135 14 1473
inst 1136 14 1480
inst 1137 14 1541
inst 1138 14 1542
inst 1139 14 1543
inst 1140 14 1545
inst 1141 14 1554
inst 1142 14 1662
inst 1143 14 1482
inst 1144 14 1481
inst 1145 14 1217
inst 1146 14 1260
inst 1147 14 1262
inst 1148 14 1263
inst 1149 14 1321
inst 1150 14 1325
inst 1151 14 1331
inst 1152 14 1398
inst 1153 14 1333
inst 1154 14 1404
inst 1155 14 1556
inst 1156 14 1557
inst 1157 14 1665
inst 1158 14 1324
inst 1159 14 1326
inst 1160 14 1399
inst 1161 14 960
inst 1162 14 1220
inst 1163 14 1223
inst 1164 14 1268
inst 1165 14 1269
inst 1166 14 1272
inst 1167 14 1218
inst 1168 14 1267
inst 1169 14 1225
inst 1170 14 1229
inst 1171 14 1230
inst 1172 14 1231
inst 1173 14 1280
inst 1174 14 1334
inst 1175 14 1403
inst 1176 14 1329
inst 1177 14 1406
inst 1178 14 1409
inst 1179 14 1412
inst 1180 14 1415
inst 1181 14 1655
inst 1182 14 1658
inst 1183 14 1411
inst 1184 14 1660
inst 1185 14 1285
inst 1186 14 1337
inst 1187 14 1342
inst 1188 14 1344
inst 1189 14 1233
inst 1190 14 1338
inst 1191 14 1414
inst 1192 14 1341
inst 1193 14 932
inst 1194 14 1290
inst 1195 14 1346
inst 1196 14 1351
inst 1197 14 1353
inst 1198 14 1284
inst 1199 14 1287
inst 1200 14 1347
inst 1201 14 1357
inst 1202 14 1363
inst 1203 14 1730
inst 1204 14 1732
inst 1205 14 1733
inst 1206 14 1735
inst 1207 14 1355
inst 1208 14 1525
inst 1209 14 730
inst 1210 14 746
inst 1211 14 748
inst 1212 14 750
inst 1213 14 768
inst 1214 14 770
inst 1215 14 772
inst 1216 14 743
inst 1217 14 782
inst 1218 14 791
inst 1219 14 792
inst 1220 14 796
inst 1221 14 797
inst 1222 14 803
inst 1223 14 809
inst 1224 14 754
inst 1225 14 719
inst 1226 14 738
inst 1227 14 781
inst 1228 14 799
inst 1229 14 716
inst 1230 14 751
inst 1231 14 774
inst 1232 14 780
inst 1233 14 761
inst 1234 14 763
inst 1235 14 764
inst 1236 14 834
inst 1237 14 755
inst 1238 14 758
inst 1239 14 759
inst 1240 14 784
inst 1241 14 623
inst 1242 14 624
inst 1243 14 688
inst 1244 14 696
inst 1245 14 700
inst 1246 14 706
inst 1247 14 701
inst 1248 14 703
inst 1249 14 861
inst 1250 14 869
inst 1251 14 874
inst 1252 14 831
inst 1253 14 628
inst 1254 14 629
inst 1255 14 868
inst 1256 14 832
inst 1257 14 631
inst 1258 14 642
inst 1259 14 643
inst 1260 14 644
inst 1261 14 648
inst 1262 14 636
inst 1263 14 640
inst 1264 14 641
inst 1265 14 435
inst 1266 14 443
inst 1267 14 446
inst 1268 14 667
inst 1269 14 668
inst 1270 14 673
inst 1271 14 677
inst 1272 14 653
inst 1273 14 815
inst 1274 14 816
inst 1275 14 820
inst 1276 14 821
inst 1277 14 823
inst 1278 14 826
inst 1279 14 828
inst 1280 14 842
inst 1281 14 845
inst 1282 14 850
inst 1283 14 873
inst 1284 14 877
inst 1285 14 882
inst 1286 14 883
inst 1287 14 829
inst 1288 14 844
inst 1289 14 591
inst 1290 14 619
inst 1291 14 620
inst 1292 14 681
inst 1293 14 684
inst 1294 14 634
inst 1295 14 676
inst 1296 14 618
inst 1297 14 428
inst 1298 14 431
inst 1299 14 433
inst 1300 14 452
inst 1301 14 550
inst 1302 14 605
inst 1303 14 450
inst 1304 14 683
inst 1305 14 579
inst 1306 14 584
inst 1307 14 589
inst 1308 14 593
inst 1309 14 594
inst 1310 14 598
inst 1311 14 599
inst 1312 14 600
inst 1313 14 528
inst 1314 14 531
inst 1315 14 1056
inst 1316 14 1611
inst 1317 14 1613
inst 1318 14 1615
inst 1319 14 1616
inst 1320 14 592
inst 1321 14 532
inst 1322 14 537
inst 1323 14 539
inst 1324 14 541
inst 1325 14 543
inst 1326 14 560
inst 1327 14 530
inst 1328 14 606
inst 1329 14 457
inst 1330 14 548
inst 1331 14 566
inst 1332 14 568
inst 1333 14 569
inst 1334 14 570
inst 1335 14 575
inst 1336 14 562
inst 1337 14 1232
inst 1338 14 1621
inst 1339 14 1629
inst 1340 14 1630
inst 1341 14 1631
inst 1342 14 1885
inst 1343 14 1959
inst 1344 14 1991
inst 1345 14 1237
inst 1346 14 1569
inst 1347 14 1570
inst 1348 14 1632
inst 1349 14 1634
inst 1350 14 1635
inst 1351 14 1637
inst 1352 14 1639
inst 1353 14 1575
inst 1354 14 1577
inst 1355 14 1643
inst 1356 14 1648
inst 1357 14 1650
inst 1358 14 1653
inst 1359 14 1242
inst 1360 14 1638
inst 1361 14 1559
inst 1362 14 1560
inst 1363 14 1564
inst 1364 14 1565
inst 1365 14 1682
inst 1366 14 1693
inst 1367 14 1573
inst 1368 14 1576
inst 1369 14 1297
inst 1370 14 1298
inst 1371 14 1300
inst 1372 14 1364
inst 1373 14 1365
inst 1374 14 1367
inst 1375 14 1294
inst 1376 14 1295
inst 1377 14 1749
inst 1378 14 1751
inst 1379 14 1752
inst 1380 14 1757
inst 1381 14 1758
inst 1382 14 1759
inst 1383 14 1761
inst 1384 14 1743
inst 1385 14 1302
inst 1386 14 1374
inst 1387 14 1375
inst 1388 14 1417
inst 1389 14 1448
inst 1390 14 1449
inst 1391 14 1676
inst 1392 14 1520
inst 1393 14 1198
inst 1394 14 1199
inst 1395 14 1379
inst 1396 14 1670
inst 1397 14 1672
inst 1398 14 1308
inst 1399 14 1310
inst 1400 14 1380
inst 1401 14 1892
inst 1402 14 1904
inst 1403 14 1953
inst 1404 14 1982
inst 1405 14 1987
inst 1406 14 2005
inst 1407 14 2008
inst 1408 14 1686
inst 1409 14 1583
inst 1410 14 1595
inst 1411 14 1925
inst 1412 14 1943
inst 1413 14 1697
inst 1414 14 1596
inst 1415 14 1681
inst 1416 14 1694
inst 1417 14 1591
inst 1418 14 1592
inst 1419 14 1185
inst 1420 14 1186
inst 1421 14 1586
inst 1422 14 1588
inst 1423 14 1590
inst 1424 14 1598
inst 1425 14 1168
inst 1426 14 1890
inst 1427 14 1896
inst 1428 14 1916
inst 1429 14 1920
inst 1430 14 1973
inst 1431 14 1579
inst 1432 14 1580
inst 1433 14 1213
inst 1434 14 1254
inst 1435 14 1255
inst 1436 14 1312
inst 1437 14 1505
inst 1438 14 1506
inst 1439 14 1507
inst 1440 14 1508
inst 1441 14 1182
inst 1442 14 1191
inst 1443 14 1193
inst 1444 14 1211
inst 1445 14 1212
inst 1446 14 1513
inst 1447 14 1184
inst 1448 14 1187
inst 1449 14 1029
inst 1450 14 1034
inst 1451 14 1040
inst 1452 14 1172
inst 1453 14 1177
inst 1454 14 1192
inst 1455 14 1515
inst 1456 14 1516
inst 1457 14 1797
inst 1458 14 1799
inst 1459 14 1801
inst 1460 14 1888
inst 1461 14 1961
inst 1462 14 1967
inst 1463 14 1026
inst 1464 14 1031
inst 1465 14 1424
inst 1466 14 1426
inst 1467 14 1427
inst 1468 14 1457
inst 1469 14 1462
inst 1470 14 1780
inst 1471 14 1453
inst 1472 14 1454
inst 1473 14 1106
inst 1474 14 1108
inst 1475 14 1112
inst 1476 14 1162
inst 1477 14 1163
inst 1478 14 1718
inst 1479 14 1719
inst 1480 14 1775
inst 1481 14 1386
inst 1482 14 1704
inst 1483 14 1707
inst 1484 14 1772
inst 1485 14 1773
inst 1486 14 1795
inst 1487 14 1313
inst 1488 14 1382
inst 1489 14 1125
inst 1490 14 1130
inst 1491 14 1141
inst 1492 14 1153
inst 1493 14 1155
inst 1494 14 1143
inst 1495 14 1161
inst 1496 14 1159
inst 1497 14 1045
inst 1498 14 1811
inst 1499 14 1818
inst 1500 14 1820
inst 1501 14 1823
inst 1502 14 1826
inst 1503 14 1786
inst 1504 14 1792
inst 1505 14 1019
inst 1506 14 1815
inst 1507 14 1832
inst 1508 14 1836
inst 1509 14 1837
inst 1510 14 1839
inst 1511 14 1845
inst 1512 14 1789
inst 1513 14 1804
inst 1514 14 1824
inst 1515 14 1858
inst 1516 14 1859
inst 1517 14 1860
inst 1518 14 1862
inst 1519 14 1865
inst 1520 14 1821
inst 1521 14 1016
inst 1522 14 1853
inst 1523 14 1854
inst 1524 14 1855
inst 1525 14 1856
inst 1526 14 1870
inst 1527 14 1871
inst 1528 14 1812
inst 1529 14 1081
inst 1530 14 1720
inst 1531 14 1727
inst 1532 14 1739
inst 1533 14 1740
inst 1534 14 1731
inst 1535 14 1075
inst 1536 14 1709
inst 1537 14 1049
inst 1538 14 1050
inst 1539 14 1051
inst 1540 14 1052
inst 1541 14 1053
inst 1542 14 1711
inst 1543 14 1712
inst 1544 14 1714
inst 1545 14 1084
inst 1546 14 1086
inst 1547 14 1090
inst 1548 14 1091
inst 1549 14 1114
inst 1550 14 1072
inst 1551 14 1078
inst 1552 14 1079
inst 1553 14 1121
inst 1554 14 1123
inst 1555 14 1124
inst 1556 14 1134
inst 1557 14 1136
inst 1558 14 1132
inst 1559 14 1098
inst 1560 14 1101
inst 1561 14 899
inst 1562 14 970
inst 1563 14 976
inst 1564 14 985
inst 1565 14 989
inst 1566 14 1066
inst 1567 14 1064
inst 1568 14 1055
inst 1569 14 902
inst 1570 14 904
inst 1571 14 999
inst 1572 14 1002
inst 1573 14 1007
inst 1574 14 1093
inst 1575 14 1092
inst 1576 14 994
inst 1577 14 906
inst 1578 14 918
inst 1579 14 1009
inst 1580 14 1012
inst 1581 14 919
inst 1582 14 910
inst 1583 14 1005
inst 1584 15 935
inst 1585 15 939
inst 1586 15 1432
inst 1587 15 1484
inst 1588 15 2019
inst 1589 15 2023
inst 1590 15 2035
inst 1591 15 2036
inst 1592 15 1258
inst 1593 15 1261
inst 1594 15 1532
inst 1595 15 1535
inst 1596 15 1544
inst 1597 15 1550
inst 1598 15 1664
inst 1599 15 1467
inst 1600 15 947
inst 1601 15 948
inst 1602 15 954
inst 1603 15 961
inst 1604 15 1265
inst 1605 15 1336
inst 1606 15 1340
inst 1607 15 1259
inst 1608 15 1292
inst 1609 15 1293
inst 1610 15 1352
inst 1611 15 1362
inst 1612 15 1523
inst 1613 15 1524
inst 1614 15 1530
inst 1615 15 1283
inst 1616 15 1624
inst 1617 15 1636
inst 1618 15 1646
inst 1619 15 1937
inst 1620 15 1950
inst 1621 15 1951
inst 1622 15 2006
inst 1623 15 962
inst 1624 15 983
inst 1625 15 1581
inst 1626 15 1690
inst 1627 15 1691
inst 1628 15 1695
inst 1629 15 1755
inst 1630 15 1931
inst 1631 15 1932
inst 1632 15 1304
inst 1633 15 1307
inst 1634 15 1373
inst 1635 15 1418
inst 1636 15 1423
inst 1637 15 1459
inst 1638 15 1746
inst 1639 15 1760
inst 1640 15 1203
inst 1641 15 1510
inst 1642 15 1512
inst 1643 15 1669
inst 1644 15 1701
inst 1645 15 1584
inst 1646 15 1589
inst 1647 15 1750
inst 1648 15 504
inst 1649 15 721
inst 1650 15 724
inst 1651 15 753
inst 1652 15 769
inst 1653 15 779
inst 1654 15 790
inst 1655 15 804
inst 1656 15 476
inst 1657 15 491
inst 1658 15 708
inst 1659 15 709
inst 1660 15 836
inst 1661 15 851
inst 1662 15 516
inst 1663 15 757
inst 1664 15 436
inst 1665 15 448
inst 1666 15 625
inst 1667 15 671
inst 1668 15 672
inst 1669 15 679
inst 1670 15 884
inst 1671 15 699
inst 1672 15 453
inst 1673 15 563
inst 1674 15 585
inst 1675 15 610
inst 1676 15 879
inst 1677 15 841
inst 1678 15 449
inst 1679 15 674
inst 1680 15 1070
inst 1681 15 1127
inst 1682 15 1156
inst 1683 15 1158
inst 1684 15 1706
inst 1685 15 1781
inst 1686 15 1387
inst 1687 15 1791
inst 1688 15 995
inst 1689 15 1085
inst 1690 15 1097
inst 1691 15 1122
inst 1692 15 1710
inst 1693 15 1713
inst 1694 15 1725
inst 1695 15 1109
inst 1696 15 529
inst 1697 15 534
inst 1698 15 978
inst 1699 15 1607
inst 1700 15 1609
inst 1701 15 565
inst 1702 15 583
inst 1703 15 601
inst 1704 15 892
inst 1705 15 896
inst 1706 15 912
inst 1707 15 993
inst 1708 15 1001
inst 1709 15 1003
inst 1710 15 913
inst 1711 15 969
inst 1712 15 1176
inst 1713 15 1178
inst 1714 15 1919
inst 1715 15 1923
inst 1716 15 1944
inst 1717 15 1945
inst 1718 15 1882
inst 1719 15 1894
inst 1720 15 1898
inst 1721 15 1975
inst 1722 15 1980
inst 1723 15 1994
inst 1724 15 2009
inst 1725 15 1899
inst 1726 15 2010
inst 1727 15 2011
inst 1728 15 1035
inst 1729 15 1043
inst 1730 15 1194
inst 1731 15 1878
inst 1732 15 1907
inst 1733 15 1962
inst 1734 15 1895
inst 1735 15 1965
inst 1736 15 1010
inst 1737 15 1011
inst 1738 15 1020
inst 1739 15 1830
inst 1740 15 1838
inst 1741 15 1857
inst 1742 15 1861
inst 1743 15 1803
inst 1744 15 908
inst 1745 15 909
inst 1746 15 923
inst 1747 16 459
inst 1748 16 934
inst 1749 16 942
inst 1750 16 1479
inst 1751 16 1492
inst 1752 16 2021
inst 1753 16 2028
inst 1754 16 2034
inst 1755 16 1327
inst 1756 16 1396
inst 1757 16 1402
inst 1758 16 1537
inst 1759 16 1538
inst 1760 16 1661
inst 1761 16 1469
inst 1762 16 1519
inst 1763 16 951
inst 1764 16 952
inst 1765 16 957
inst 1766 16 958
inst 1767 16 964
inst 1768 16 1960
inst 1769 16 1224
inst 1770 16 1277
inst 1771 16 931
inst 1772 16 1228
inst 1773 16 1311
inst 1774 16 1419
inst 1775 16 1461
inst 1776 16 1641
inst 1777 16 1652
inst 1778 16 1226
inst 1779 16 1684
inst 1780 16 1685
inst 1781 16 1893
inst 1782 16 1901
inst 1783 16 1935
inst 1784 16 1947
inst 1785 16 1988
inst 1786 16 1956
inst 1787 16 1167
inst 1788 16 1189
inst 1789 16 1689
inst 1790 16 1696
inst 1791 16 1698
inst 1792 16 1918
inst 1793 16 1926
inst 1794 16 1934
inst 1795 16 1039
inst 1796 16 1145
inst 1797 16 1257
inst 1798 16 1383
inst 1799 16 1504
inst 1800 16 1511
inst 1801 16 1503
inst 1802 16 1205
inst 1803 16 1768
inst 1804 16 1814
inst 1805 16 1834
inst 1806 16 1912
inst 1807 16 1913
inst 1808 16 1033
inst 1809 16 1806
inst 1810 16 1849
inst 1811 16 465
inst 1812 16 468
inst 1813 16 479
inst 1814 16 489
inst 1815 16 494
inst 1816 16 510
inst 1817 16 514
inst 1818 16 523
inst 1819 16 639
inst 1820 16 685
inst 1821 16 693
inst 1822 16 728
inst 1823 16 744
inst 1824 16 800
inst 1825 16 813
inst 1826 16 501
inst 1827 16 612
inst 1828 16 637
inst 1829 16 819
inst 1830 16 837
inst 1831 16 881
inst 1832 16 1734
inst 1833 16 1737
inst 1834 16 1738
inst 1835 16 441
inst 1836 16 552
inst 1837 16 558
inst 1838 16 564
inst 1839 16 574
inst 1840 16 596
inst 1841 16 670
inst 1842 16 635
inst 1843 16 1054
inst 1844 16 1073
inst 1845 16 1083
inst 1846 16 1087
inst 1847 16 1094
inst 1848 16 1107
inst 1849 16 1708
inst 1850 16 1715
inst 1851 16 926
inst 1852 16 1006
inst 1853 16 1014
inst 1854 16 1022
inst 1855 16 1116
inst 1856 16 1151
inst 1857 16 1103
inst 1858 16 1157
inst 1859 16 894
inst 1860 16 901
inst 1861 16 972
inst 1862 16 975
inst 1863 16 991
inst 1864 16 1000
inst 1865 16 1062
inst 1866 16 1060
inst 1867 16 907
inst 1868 16 914
inst 1869 16 915
inst 1870 16 922
inst 1871 16 925
inst 1872 16 928
inst 1873 16 929
inst 1874 16 996
inst 1875 16 1900
inst 1876 16 1915
inst 1877 16 1969
inst 1878 16 1972
inst 1879 16 1998
inst 1880 16 2004
inst 1881 16 1880
inst 1882 16 2002
inst 1883 16 1869
inst 1884 16 1887
inst 1885 16 1940
inst 1886 16 1941
inst 1887 16 1909
inst 1888 16 1910
inst 1889 17 1440
inst 1890 17 1470
inst 1891 17 1495
inst 1892 17 1521
inst 1893 17 2013
inst 1894 17 2020
inst 1895 17 2024
inst 1896 17 2032
inst 1897 17 1274
inst 1898 17 1322
inst 1899 17 1330
inst 1900 17 1407
inst 1901 17 1410
inst 1902 17 1551
inst 1903 17 1659
inst 1904 17 1442
inst 1905 17 946
inst 1906 17 949
inst 1907 17 966
inst 1908 17 1234
inst 1909 17 1350
inst 1910 17 1527
inst 1911 17 1528
inst 1912 17 1276
inst 1913 17 965
inst 1914 17 982
inst 1915 17 1241
inst 1916 17 1243
inst 1917 17 1244
inst 1918 17 1245
inst 1919 17 1288
inst 1920 17 1359
inst 1921 17 1883
inst 1922 17 1902
inst 1923 17 1948
inst 1924 17 1949
inst 1925 17 1952
inst 1926 17 1955
inst 1927 17 2003
inst 1928 17 2007
inst 1929 17 1572
inst 1930 17 1578
inst 1931 17 1594
inst 1932 17 1692
inst 1933 17 1930
inst 1934 17 1654
inst 1935 17 1678
inst 1936 17 1645
inst 1937 17 1181
inst 1938 17 1209
inst 1939 17 1252
inst 1940 17 1253
inst 1941 17 1314
inst 1942 17 1501
inst 1943 17 1668
inst 1944 17 1741
inst 1945 17 1388
inst 1946 17 1390
inst 1947 17 1463
inst 1948 17 1702
inst 1949 17 1770
inst 1950 17 1790
inst 1951 17 1794
inst 1952 17 1788
inst 1953 17 503
inst 1954 17 520
inst 1955 17 522
inst 1956 17 731
inst 1957 17 739
inst 1958 17 747
inst 1959 17 767
inst 1960 17 805
inst 1961 17 502
inst 1962 17 518
inst 1963 17 690
inst 1964 17 692
inst 1965 17 824
inst 1966 17 704
inst 1967 17 776
inst 1968 17 807
inst 1969 17 616
inst 1970 17 645
inst 1971 17 652
inst 1972 17 663
inst 1973 17 664
inst 1974 17 827
inst 1975 17 862
inst 1976 17 860
inst 1977 17 445
inst 1978 17 551
inst 1979 17 561
inst 1980 17 656
inst 1981 17 665
inst 1982 17 682
inst 1983 17 654
inst 1984 17 655
inst 1985 17 1111
inst 1986 17 1113
inst 1987 17 1142
inst 1988 17 1144
inst 1989 17 1150
inst 1990 17 1154
inst 1991 17 1147
inst 1992 17 1160
inst 1993 17 905
inst 1994 17 916
inst 1995 17 987
inst 1996 17 998
inst 1997 17 1048
inst 1998 17 1095
inst 1999 17 1096
inst 2000 17 1115
inst 2001 17 456
inst 2002 17 554
inst 2003 17 567
inst 2004 17 582
inst 2005 17 588
inst 2006 17 1617
inst 2007 17 549
inst 2008 17 557
inst 2009 17 886
inst 2010 17 893
inst 2011 17 897
inst 2012 17 968
inst 2013 17 971
inst 2014 17 973
inst 2015 17 992
inst 2016 17 1605
inst 2017 17 1873
inst 2018 17 1879
inst 2019 17 1891
inst 2020 17 1911
inst 2021 17 1979
inst 2022 17 1984
inst 2023 17 2000
inst 2024 17 1175
inst 2025 17 1964
inst 2026 17 1966
inst 2027 17 1970
inst 2028 17 1992
inst 2029 17 1993
inst 2030 17 1995
inst 2031 17 1968
inst 2032 17 1997
inst 2033 17 927
inst 2034 17 1013
inst 2035 17 1840
inst 2036 17 1863
inst 2037 17 1829
inst 2038 18 2038
inst 2039 18 2053
inst 2040 18 2054
inst 2041 18 2055
inst 2042 18 2060
inst 2043 18 2062
inst 2044 18 2064
inst 2045 18 2073
inst 2046 18 2046
inst 2047 18 2047
inst 2048 18 2048
inst 2049 18 2051
inst 2050 18 2076
inst 2051 18 2077
inst 2052 18 2078
inst 2053 18 2040
inst 2054 18 2065
inst 2055 18 2066
inst 2056 18 2067
inst 2057 18 2071
inst 2058 18 2072
inst 2059 18 2075
inst 2060 19 2039
inst 2061 19 2041
inst 2062 19 2042
inst 2063 19 2043
inst 2064 19 2056
inst 2065 19 2057
inst 2066 19 2058
inst 2067 19 2059
inst 2068 19 2044
inst 2069 19 2049
inst 2070 19 2050
inst 2071 19 2052
inst 2072 19 2079
inst 2073 19 2080
inst 2074 19 2081
inst 2075 19 2045
inst 2076 19 2063
inst 2077 19 2068
inst 2078 19 2069
inst 2079 19 2070
inst 2080 19 2074
inst 2081 19 2061
