rel_frame,dpos,drot,x86_lvl,arm_lvl
0,14.1,0.11808,misty,misty
1,1.4,0.11808,misty,misty
2,28.2,0.11808,misty,misty
3,15.4,0.11808,misty,misty
4,14.1,0.11808,misty,misty
5,29.6,0.11808,misty,misty
6,39.3,0.11808,misty,misty
7,26.6,0.11808,misty,misty
8,36.4,0.11808,misty,misty
9,29.3,0.11808,misty,misty
10,33.5,0.11808,misty,misty
11,26.5,0.11808,misty,misty
12,30.6,0.11808,misty,misty
13,40.2,0.11808,misty,misty
14,33.1,0.11808,misty,misty
15,37.2,0.11808,misty,misty
16,30.3,0.11808,misty,misty
17,34.3,0.11808,misty,misty
18,27.4,0.11808,misty,misty
19,31.4,0.11808,misty,misty
20,24.3,0.11808,misty,misty
21,33.9,0.11808,misty,misty
22,37.7,0.11808,misty,misty
23,30.8,0.11808,misty,misty
24,34.8,0.11808,misty,misty
25,27.9,0.11808,misty,misty
26,31.8,0.11808,misty,misty
27,25.0,0.11808,misty,misty
28,34.0,0.11808,misty,misty
29,37.8,0.11808,misty,misty
30,31.2,0.11808,misty,misty
31,34.9,0.11808,misty,misty
32,28.1,0.11808,misty,misty
33,31.9,0.11808,misty,misty
34,25.3,0.11808,misty,misty
35,34.0,0.11808,misty,misty
36,37.3,0.11808,misty,misty
37,30.8,0.11808,misty,misty
38,34.3,0.11808,misty,misty
39,28.0,0.11808,misty,misty
40,20993.4,10790.45660,misty,misty
41,20996.3,11351.35299,misty,misty
42,21002.0,11351.35299,misty,misty
43,21006.7,11351.35299,misty,misty
44,21009.4,11351.35299,misty,misty
45,21014.1,11351.35299,misty,misty
46,21016.7,11351.35299,misty,misty
47,21021.2,11351.35299,misty,misty
48,21023.8,11351.35299,misty,misty
49,21029.1,11351.35299,misty,misty
50,21030.8,11351.35299,misty,misty
51,21035.9,11351.35299,misty,misty
52,21037.6,11351.35299,misty,misty
53,21042.6,11351.35299,misty,misty
54,21043.4,11351.35299,misty,misty
55,21043.4,11351.35299,misty,misty
56,23073.3,609.18529,misty,misty
57,22965.9,0.11657,misty,misty
58,22643.9,0.11657,misty,misty
59,22483.0,0.11657,misty,misty
60,22214.6,0.11657,misty,misty
61,22053.8,0.11657,misty,misty
62,21785.4,0.11657,misty,misty
63,21624.4,0.11657,misty,misty
64,21356.1,0.11657,misty,misty
65,21087.9,0.11657,misty,misty
66,20873.3,0.11657,misty,misty
67,20605.0,0.11657,misty,misty
68,20444.0,0.11657,misty,misty
69,20175.8,0.11657,misty,misty
70,20014.8,0.11657,misty,misty
71,19746.4,0.11657,misty,misty
72,19585.5,0.11657,misty,misty
73,19263.5,0.11657,misty,misty
74,18995.3,0.11657,misty,misty
75,18834.3,0.11657,misty,misty
76,18566.0,0.11657,misty,misty
77,18405.0,0.11657,misty,misty
78,18136.8,0.11657,misty,misty
79,17975.8,0.11657,misty,misty
80,17653.8,0.11657,misty,misty
81,17385.5,0.11657,misty,misty
82,17224.5,0.11657,misty,misty
83,16956.3,0.11657,misty,misty
84,16795.3,0.11657,misty,misty
85,16473.4,0.11657,misty,misty
86,16366.0,0.11657,misty,misty
87,16044.0,0.11657,misty,misty
88,15935.5,0.11657,misty,misty
89,15604.9,0.11657,misty,misty
90,15329.4,0.11657,misty,misty
91,15164.1,0.11657,misty,misty
92,14833.5,0.11657,misty,misty
93,14723.3,0.11657,misty,misty
94,14392.8,0.11657,misty,misty
95,14227.4,0.11657,misty,misty
96,13951.9,0.11657,misty,misty
97,13676.5,0.11657,misty,misty
98,13511.1,0.11657,misty,misty
99,13180.5,0.11657,misty,misty
100,13070.3,0.11657,misty,misty
101,12739.8,0.11657,misty,misty
102,12574.5,0.11657,misty,misty
103,12299.0,0.11657,misty,misty
104,12133.8,0.11657,misty,misty
105,11858.3,0.11657,misty,misty
106,11527.5,0.11657,misty,misty
107,11417.4,0.11657,misty,misty
108,11086.8,0.11657,misty,misty
109,10921.5,0.11657,misty,misty
110,10646.0,0.11657,misty,misty
111,10480.8,0.11657,misty,misty
112,10205.3,0.11657,misty,misty
113,10039.9,0.11657,misty,misty
114,9764.5,0.11657,misty,misty
115,9433.9,0.11657,misty,misty
116,9268.5,0.11657,misty,misty
117,8993.0,0.11657,misty,misty
118,8827.8,0.11657,misty,misty
119,8552.3,0.11657,misty,misty
120,8387.0,0.11657,misty,misty
121,8111.5,0.11657,misty,misty
122,7780.9,0.11657,misty,misty
123,7615.6,0.11657,misty,misty
124,7340.1,0.11657,misty,misty
125,7174.8,0.11657,misty,misty
126,6899.4,0.11657,misty,misty
127,6734.0,0.11657,misty,misty
128,6458.5,0.11657,misty,misty
129,6128.0,0.11657,misty,misty
130,5962.8,0.11657,misty,misty
131,5687.3,0.11657,misty,misty
132,5521.9,0.11657,misty,misty
133,5246.4,0.11657,misty,misty
134,5081.1,0.11657,misty,misty
135,4750.5,0.11657,misty,misty
136,4640.3,0.11657,misty,misty
137,4309.8,0.11657,misty,misty
138,4034.3,0.11657,misty,misty
139,3869.0,0.11657,misty,misty
140,3593.5,0.11657,misty,misty
141,3428.1,0.11657,misty,misty
142,3097.5,0.11657,misty,misty
143,2987.4,0.11657,misty,misty
144,2656.8,0.11657,misty,misty
145,2381.3,0.11657,misty,misty
146,2216.0,0.11657,misty,misty
147,1940.5,0.11657,misty,misty
148,1775.3,0.11657,misty,misty
149,1444.5,0.11657,misty,misty
150,1334.5,0.11657,misty,misty
151,1003.8,0.11657,misty,misty
152,838.5,0.11657,misty,misty
153,563.1,0.11657,misty,misty
154,287.5,0.11657,misty,misty
155,122.3,0.11657,misty,misty
156,0.0,0.11657,misty,misty
157,318.5,0.11657,misty,misty
158,649.1,0.11657,misty,misty
159,371.9,0.11657,misty,misty
160,413.3,0.11657,misty,misty
161,454.6,0.11657,misty,misty
162,385.8,0.11657,misty,misty
163,482.1,0.11657,misty,misty
164,358.3,0.11657,misty,misty
165,454.5,0.11657,misty,misty
166,385.6,0.11657,misty,misty
167,427.0,0.11657,misty,misty
168,358.1,0.11657,misty,misty
169,399.5,0.11657,misty,misty
170,496.0,0.11657,misty,misty
171,427.0,0.11657,misty,misty
172,468.4,0.11657,misty,misty
173,399.5,0.11657,misty,misty
174,440.8,0.11657,misty,misty
175,371.9,0.11657,misty,misty
176,413.3,0.11657,misty,misty
177,344.3,0.11657,misty,misty
178,440.9,0.11657,misty,misty
179,482.3,0.11657,misty,misty
180,413.3,0.11657,misty,misty
181,454.5,0.11657,misty,misty
182,385.8,0.11657,misty,misty
183,427.0,0.11657,misty,misty
184,358.1,0.11657,misty,misty
185,454.8,0.11657,misty,misty
186,495.9,0.11657,misty,misty
187,427.1,0.11657,misty,misty
188,468.4,0.11657,misty,misty
189,399.5,0.11657,misty,misty
190,440.8,0.11657,misty,misty
191,372.0,0.11657,misty,misty
192,468.3,0.11657,misty,misty
193,509.5,0.11657,misty,misty
194,440.9,0.11657,misty,misty
195,482.1,0.11657,misty,misty
196,413.3,0.11657,misty,misty
197,454.5,0.11657,misty,misty
198,385.8,0.11657,misty,misty
199,482.0,0.11657,misty,misty
200,358.1,0.11657,misty,misty
201,454.5,0.11657,misty,misty
202,495.8,0.11657,misty,misty
203,427.1,0.11657,misty,misty
204,468.4,0.11657,misty,misty
205,399.4,0.11657,misty,misty
206,495.9,0.11657,misty,misty
207,372.0,0.11657,misty,misty
208,468.3,0.11657,misty,misty
209,509.8,0.11657,misty,misty
210,440.8,0.11657,misty,misty
211,537.3,0.11657,misty,misty
212,413.1,0.11657,misty,misty
213,509.8,0.11657,misty,misty
214,385.8,0.11657,misty,misty
215,482.1,0.11657,misty,misty
216,414.3,0.11657,misty,misty
217,458.5,0.11657,misty,misty
218,557.0,0.11657,misty,misty
219,431.6,0.11657,misty,misty
220,529.0,0.11657,misty,misty
221,403.9,0.11657,misty,misty
222,501.2,0.11657,misty,misty
223,431.8,0.11657,misty,misty
224,473.5,0.11657,misty,misty
225,571.0,0.11657,misty,misty
226,445.5,0.11657,misty,misty
227,543.0,0.11657,misty,misty
228,417.8,0.11657,misty,misty
229,515.3,0.11657,misty,misty
230,445.5,0.11657,misty,misty
231,487.3,0.11657,misty,misty
232,417.8,0.11657,misty,misty
233,459.5,0.11657,misty,misty
234,556.9,0.11657,misty,misty
235,431.8,0.11657,misty,misty
236,529.3,0.11657,misty,misty
237,459.5,0.11657,misty,misty
238,501.3,0.11657,misty,misty
239,431.6,0.11657,misty,misty
240,473.4,0.11657,misty,misty
241,570.9,0.11657,misty,misty
242,501.3,0.11657,misty,misty
243,543.0,0.11657,misty,misty
244,473.4,0.11657,misty,misty
245,515.1,0.11657,misty,misty
246,445.6,0.11657,misty,misty
247,487.4,0.11657,misty,misty
248,417.8,0.11657,misty,misty
249,515.3,0.11657,misty,misty
250,557.0,0.11657,misty,misty
251,487.3,0.11657,misty,misty
252,529.1,0.11657,misty,misty
253,459.6,0.11657,misty,misty
254,501.4,0.11657,misty,misty
255,598.8,0.11657,misty,misty
256,529.1,0.11657,misty,misty
257,570.9,0.11657,misty,misty
258,501.1,0.11657,misty,misty
259,543.0,0.11657,misty,misty
260,473.5,0.11657,misty,misty
261,515.3,0.11657,misty,misty
262,445.5,0.11657,misty,misty
263,543.0,0.11657,misty,misty
264,584.9,0.11657,misty,misty
265,515.1,0.11657,misty,misty
266,557.0,0.11657,misty,misty
267,487.4,0.11657,misty,misty
268,584.8,0.11657,misty,misty
269,459.5,0.11657,misty,misty
270,557.0,0.11657,misty,misty
271,431.6,0.11657,misty,misty
272,529.1,0.11657,misty,misty
273,571.0,0.11657,misty,misty
274,501.3,0.11657,misty,misty
275,598.8,0.11657,misty,misty
276,473.3,0.11657,misty,misty
277,682.2,0.11657,misty,misty
278,779.8,0.11657,misty,misty
279,710.3,0.11657,misty,misty
280,752.0,0.11657,misty,misty
281,849.4,0.11657,misty,misty
282,724.0,0.11657,misty,misty
283,821.6,0.11657,misty,misty
284,696.1,0.11657,misty,misty
285,793.6,0.11657,misty,misty
286,724.0,0.11657,misty,misty
287,765.8,0.11657,misty,misty
288,863.4,0.11657,misty,misty
289,738.0,0.11657,misty,misty
290,835.4,0.11657,misty,misty
291,765.9,0.11657,misty,misty
292,807.6,0.11657,misty,misty
293,738.0,0.11657,misty,misty
294,779.8,0.11657,misty,misty
295,710.1,0.11657,misty,misty
296,751.9,0.11657,misty,misty
297,849.4,0.11657,misty,misty
298,779.8,0.11657,misty,misty
299,821.5,0.11657,misty,misty
300,751.9,0.11657,misty,misty
301,793.7,0.11657,misty,misty
302,891.3,0.11657,misty,misty
303,765.7,0.11657,misty,misty
304,863.4,0.11657,misty,misty
305,793.8,0.11657,misty,misty
306,835.4,0.11657,misty,misty
307,765.8,0.11657,misty,misty
308,807.6,0.11657,misty,misty
309,738.0,0.11657,misty,misty
310,779.8,0.11657,misty,misty
311,877.3,0.11657,misty,misty
312,807.5,0.11657,misty,misty
313,849.3,0.11657,misty,misty
314,779.8,0.11657,misty,misty
315,821.6,0.11657,misty,misty
316,752.0,0.11657,misty,misty
317,793.6,0.11657,misty,misty
318,724.0,0.11657,misty,misty
319,826.9,0.11657,misty,misty
320,704.9,0.11657,misty,misty
321,808.4,0.11657,misty,misty
322,848.1,0.11657,misty,misty
323,767.6,0.11657,misty,misty
324,795.1,0.11657,misty,misty
325,718.0,0.11657,misty,misty
326,796.9,0.11657,misty,misty
327,721.7,0.11657,misty,misty
328,747.8,0.11657,misty,misty
329,774.7,0.11657,misty,misty
330,701.9,0.11657,misty,misty
331,777.1,0.11657,misty,misty
332,658.6,0.11657,misty,misty
333,733.0,0.11657,misty,misty
334,664.8,0.11657,misty,misty
335,691.7,0.11657,misty,misty
336,717.2,0.11657,misty,misty
337,653.0,0.11657,misty,misty
338,723.1,0.11657,misty,misty
339,616.6,0.11657,misty,misty
340,685.7,0.11657,misty,misty
341,625.2,0.11657,misty,misty
342,650.7,0.11657,misty,misty
343,592.3,0.11657,misty,misty
344,618.0,0.11657,misty,misty
345,685.9,0.11657,misty,misty
346,587.0,0.11657,misty,misty
347,654.9,0.11657,misty,misty
348,599.0,0.11657,misty,misty
349,625.7,0.11657,misty,misty
350,652.0,0.11657,misty,misty
351,598.2,0.11657,misty,misty
352,664.6,0.11657,misty,misty
353,572.1,0.11657,misty,misty
354,756.8,0.11657,misty,misty
355,783.7,0.11657,misty,misty
356,731.2,0.11657,misty,misty
357,758.3,0.11657,misty,misty
358,707.0,0.11657,misty,misty
359,734.3,0.11657,misty,misty
360,761.6,0.11657,misty,misty
361,750.4,0.11657,misty,misty
362,777.9,0.11657,misty,misty
363,728.5,0.11657,misty,misty
364,756.2,0.11657,misty,misty
365,707.2,0.11657,misty,misty
366,774.0,0.11657,misty,misty
367,686.5,0.11657,misty,misty
368,753.8,0.11657,misty,misty
369,782.5,0.11657,misty,misty
370,734.0,0.11657,misty,misty
371,762.9,0.11657,misty,misty
372,714.8,0.11657,misty,misty
373,782.5,0.11657,misty,misty
374,695.7,0.11657,misty,misty
375,763.8,0.11657,misty,misty
376,677.1,0.11657,misty,misty
377,745.3,0.11657,misty,misty
378,775.0,0.11657,misty,misty
379,727.1,0.11657,misty,misty
380,795.8,0.11657,misty,misty
381,708.9,0.11657,misty,misty
382,777.9,0.11657,misty,misty
383,690.9,0.11657,misty,misty
384,760.2,0.11657,misty,misty
385,790.2,0.11657,misty,misty
386,742.4,0.11657,misty,misty
387,811.8,0.11657,misty,misty
388,724.6,0.11657,misty,misty
389,794.3,0.11657,misty,misty
390,673.4,0.11657,misty,misty
391,776.9,0.11657,misty,misty
392,808.0,0.11657,misty,misty
393,759.4,0.11657,misty,misty
394,830.3,0.11657,misty,misty
395,903.8,0.11657,misty,misty
396,813.2,0.11657,misty,misty
397,764.7,0.11657,misty,misty
398,796.4,0.11657,misty,misty
399,747.7,0.11657,misty,misty
400,779.6,0.11657,misty,misty
401,851.4,0.11657,misty,misty
402,762.8,0.11657,misty,misty
403,835.2,0.11657,misty,misty
404,786.8,0.11657,misty,misty
405,819.2,0.11657,misty,misty
406,770.6,0.11657,misty,misty
407,803.4,0.11657,misty,misty
408,754.6,0.11657,misty,misty
409,787.9,0.11657,misty,misty
410,863.4,0.11657,misty,misty
411,814.3,0.11657,misty,misty
412,849.1,0.11657,misty,misty
413,799.7,0.11657,misty,misty
414,835.0,0.11657,misty,misty
415,785.5,0.11657,misty,misty
416,864.1,0.11657,misty,misty
417,899.9,0.11657,misty,misty
418,851.4,0.11657,misty,misty
419,888.0,0.11657,misty,misty
420,839.1,0.11657,misty,misty
421,876.7,0.11657,misty,misty
422,827.2,0.11657,misty,misty
423,910.4,0.11657,misty,misty
424,951.1,0.11657,misty,misty
425,900.8,0.11657,misty,misty
426,942.6,0.11657,misty,misty
427,891.8,0.11657,misty,misty
428,934.6,0.11657,misty,misty
429,883.5,0.11657,misty,misty
430,974.8,0.11657,misty,misty
431,875.7,0.11657,misty,misty
432,968.9,0.11657,misty,misty
433,1014.2,0.11657,misty,misty
434,963.8,0.11657,misty,misty
435,1010.4,0.11657,misty,misty
436,959.1,0.11657,misty,misty
437,1058.2,0.11657,misty,misty
438,954.9,0.11657,misty,misty
439,1057.1,0.11657,misty,misty
440,1110.9,0.11657,misty,misty
441,1056.4,0.11657,misty,misty
442,1166.5,0.11657,misty,misty
443,1056.2,0.11657,misty,misty
444,1169.2,0.11657,misty,misty
445,1056.5,0.11657,misty,misty
446,1168.4,0.11657,misty,misty
447,1163.6,0.11657,misty,misty
448,1158.7,0.11657,misty,misty
449,1263.0,0.11657,misty,misty
450,1138.4,0.11657,misty,misty
451,1239.0,0.11657,misty,misty
452,1110.9,0.11657,misty,misty
453,1210.5,0.11657,misty,misty
454,1139.4,0.11657,misty,misty
455,1182.1,0.11657,misty,misty
456,1110.9,0.11657,misty,misty
457,1153.5,0.11657,misty,misty
458,1253.3,0.11657,misty,misty
459,1125.3,0.11657,misty,misty
460,1224.8,0.11657,misty,misty
461,1153.6,0.11657,misty,misty
462,1196.4,0.11657,misty,misty
463,1125.1,0.11657,misty,misty
464,1167.9,0.11657,misty,misty
465,1267.5,0.11657,misty,misty
466,1139.5,0.11657,misty,misty
467,1239.0,0.11657,misty,misty
468,1167.9,0.11657,misty,misty
469,1210.5,0.11657,misty,misty
470,1137.6,0.11657,misty,misty
471,1174.5,0.11657,misty,misty
472,1211.5,0.11657,misty,misty
473,1136.6,0.11657,misty,misty
474,1229.5,0.11657,misty,misty
475,1158.0,0.11657,misty,misty
476,1199.9,0.11657,misty,misty
477,1130.0,0.11657,misty,misty
478,1171.9,0.11657,misty,misty
479,1102.1,0.11657,misty,misty
480,1144.0,0.11657,misty,misty
481,1241.6,0.11657,misty,misty
482,1171.9,0.11657,misty,misty
483,1213.8,0.11657,misty,misty
484,1144.0,0.11657,misty,misty
485,1185.9,0.11657,misty,misty
486,1116.3,0.11657,misty,misty
487,1213.8,0.11657,misty,misty
488,1088.3,0.11657,misty,misty
489,1185.9,0.11657,misty,misty
490,1227.8,0.11657,misty,misty
491,1158.0,0.11657,misty,misty
492,1199.9,0.11657,misty,misty
493,1130.1,0.11657,misty,misty
494,1227.8,0.11657,misty,misty
495,1102.1,0.11657,misty,misty
496,1199.8,0.11657,misty,misty
497,1241.6,0.11657,misty,misty
498,1171.9,0.11657,misty,misty
499,1213.8,0.11657,misty,misty
500,1144.0,0.11657,misty,misty
501,1241.6,0.11657,misty,misty
502,1116.1,0.11657,misty,misty
503,1213.9,0.11657,misty,misty
504,1255.6,0.11657,misty,misty
505,1185.9,0.11657,misty,misty
506,1227.8,0.11657,misty,misty
507,1158.0,0.11657,misty,misty
508,1255.8,0.11657,misty,misty
509,1130.1,0.11657,misty,misty
510,1227.8,0.11657,misty,misty
511,1158.0,0.11657,misty,misty
512,1199.9,0.11657,misty,misty
513,1297.6,0.11657,misty,misty
514,1171.9,0.11657,misty,misty
515,1269.5,0.11657,misty,misty
516,1144.0,0.11657,misty,misty
517,1241.8,0.11657,misty,misty
518,1171.9,0.11657,misty,misty
519,1213.8,0.11657,misty,misty
520,1144.1,0.11657,misty,misty
521,1185.9,0.11657,misty,misty
522,1283.6,0.11657,misty,misty
523,1213.9,0.11657,misty,misty
524,1255.6,0.11657,misty,misty
525,1185.8,0.11657,misty,misty
526,1227.7,0.11657,misty,misty
527,1158.0,0.11657,misty,misty
528,1199.8,0.11657,misty,misty
529,1297.5,0.11657,misty,misty
530,1227.9,0.11657,misty,misty
531,1269.6,0.11657,misty,misty
532,1199.8,0.11657,misty,misty
533,1241.6,0.11657,misty,misty
534,1091.1,0.11657,misty,misty
535,853.9,0.11657,misty,misty
536,20629.9,484.53549,misty,misty
537,20453.8,484.53549,misty,misty
538,20277.9,484.53549,misty,misty
539,20172.3,484.53549,misty,misty
540,20172.3,484.53549,misty,misty
541,20172.3,484.53549,misty,misty
542,20172.3,484.53549,misty,misty
543,20172.3,484.53549,misty,misty
544,20172.3,484.53549,misty,misty
545,20172.3,484.53549,misty,misty
546,20172.3,484.53549,misty,misty
547,20172.3,484.53549,misty,misty
548,20172.3,484.53549,misty,misty
549,20172.3,484.53549,misty,misty
550,20172.3,484.53549,misty,misty
551,20172.3,484.53549,misty,misty
552,20172.3,484.53549,misty,misty
553,20172.3,484.53549,misty,misty
554,20172.3,484.53549,misty,misty
555,20172.4,484.53549,misty,misty
556,20172.3,484.53549,misty,misty
557,20172.3,484.53549,misty,misty
558,20172.3,484.53549,misty,misty
559,20172.3,484.53549,misty,misty
560,20172.3,484.53549,misty,misty
561,20172.3,484.53549,misty,misty
562,20172.3,484.53549,misty,misty
563,20172.3,484.53549,misty,misty
564,20172.3,484.53549,misty,misty
565,20172.3,484.53549,misty,misty
566,20172.3,484.53549,misty,misty
567,20172.3,484.53549,misty,misty
568,20172.3,484.53549,misty,misty
569,19741.1,484.53549,misty,misty
570,18698.8,484.53549,misty,misty
571,18439.3,470.44565,misty,misty
572,18337.7,419.11957,misty,misty
573,18235.5,367.44298,misty,misty
574,18131.0,314.66029,misty,misty
575,18025.9,261.79421,misty,misty
576,17918.9,208.28624,misty,misty
577,17811.0,156.09437,misty,misty
578,17701.3,107.35675,misty,misty
579,17590.9,73.77674,misty,misty
580,17478.7,79.99864,misty,misty
581,17365.7,121.19926,misty,misty
582,17251.0,175.79123,misty,misty
583,17135.6,234.71217,misty,misty
584,17018.3,296.70606,misty,misty
585,16900.6,359.95257,misty,misty
586,16781.0,425.36442,misty,misty
587,16661.0,491.40412,misty,misty
588,16539.1,559.10715,misty,misty
589,16416.8,627.29709,misty,misty
590,16292.9,697.17922,misty,misty
591,16168.5,767.47279,misty,misty
592,16042.3,839.45455,misty,misty
593,15915.9,911.74023,misty,misty
594,15787.8,985.49079,misty,misty
595,15659.3,1059.56787,misty,misty
596,15529.1,1135.39477,misty,misty
597,15398.7,1211.42393,misty,misty
598,15266.8,1288.80376,misty,misty
599,15134.5,1366.43553,misty,misty
600,15000.8,1445.83212,misty,misty
601,14866.8,1525.33660,misty,misty
602,14731.3,1606.03426,misty,misty
603,14595.7,1686.91677,misty,misty
604,14458.6,1769.61372,misty,misty
605,14321.3,1852.34736,misty,misty
606,14182.6,1936.22682,misty,misty
607,14043.8,2020.16381,misty,misty
608,13903.6,2105.58433,misty,misty
609,13763.3,2190.97801,misty,misty
610,13621.8,2277.49080,misty,misty
611,13480.2,2363.98858,misty,misty
612,13337.4,2451.95148,misty,misty
613,13194.4,2539.84757,misty,misty
614,13050.3,2629.08757,misty,misty
615,12906.2,2718.17507,misty,misty
616,12760.9,2808.17561,misty,misty
617,12615.5,2898.02984,misty,misty
618,12469.3,2989.20561,misty,misty
619,12323.0,3080.15580,misty,misty
620,12175.6,3171.94838,misty,misty
621,12028.3,3263.51171,misty,misty
622,11880.1,3356.29157,misty,misty
623,11731.9,3448.77449,misty,misty
624,11582.9,3542.08812,misty,misty
625,11433.8,3635.08389,misty,misty
626,11284.0,3729.07634,misty,misty
627,11134.2,3822.68854,misty,misty
628,10983.8,3916.86712,misty,misty
629,10840.5,4006.21381,misty,misty
630,10682.4,4105.20504,misty,misty
631,10531.3,4199.33227,misty,misty
632,10380.0,4294.14147,misty,misty
633,10228.4,4388.47037,misty,misty
634,10076.6,4483.26904,misty,misty
635,9924.7,4577.55544,misty,misty
636,9772.4,4672.28648,misty,misty
637,9620.3,4766.47248,misty,misty
638,9467.9,4861.00952,misty,misty
639,9315.6,4954.96729,misty,misty
640,9162.9,5049.41932,misty,misty
641,9010.5,5143.26338,misty,misty
642,8858.0,5237.14969,misty,misty
643,8705.4,5330.40500,misty,misty
644,8552.8,5423.97973,misty,misty
645,8400.3,5516.90657,misty,misty
646,8248.0,5609.53249,misty,misty
647,8095.7,5701.49195,misty,misty
648,7943.6,5793.62021,misty,misty
649,7791.6,5885.07201,misty,misty
650,7639.8,5976.23609,misty,misty
651,7488.2,6066.70088,misty,misty
652,7336.9,6156.92335,misty,misty
653,7185.8,6246.43502,misty,misty
654,7035.1,6335.69821,misty,misty
655,6884.6,6424.23408,misty,misty
656,6734.6,6512.23526,misty,misty
657,6584.9,6599.48601,misty,misty
659,6286.9,6772.51393,misty,misty
660,6138.7,6857.80962,misty,misty
661,5990.9,6942.30937,misty,misty
662,5843.9,7026.33644,misty,misty
663,5697.3,7109.58588,misty,misty
664,5551.4,7192.10924,misty,misty
665,5406.1,7273.82988,misty,misty
666,5262.0,7354.74663,misty,misty
667,5118.1,7434.84348,misty,misty
668,4975.6,7514.07447,misty,misty
669,4833.7,7592.46986,misty,misty
670,4693.1,7669.97560,misty,misty
671,4553.1,7746.63988,misty,misty
672,4414.7,7822.27371,misty,misty
673,4277.1,7897.04169,misty,misty
674,4141.2,7970.95457,misty,misty
675,4006.3,8044.02344,misty,misty
676,3873.3,8115.93397,misty,misty
677,3741.5,8186.95597,misty,misty
678,3611.7,8256.92270,misty,misty
679,3483.6,8326.01545,misty,misty
680,3357.8,8394.09123,misty,misty
681,3233.8,8461.30062,misty,misty
682,3112.6,8527.19185,misty,misty
683,2993.7,8592.16342,misty,misty
684,2877.8,8656.01367,misty,misty
685,2764.9,8718.98154,misty,misty
686,2655.7,8780.81819,misty,misty
687,2549.8,8841.77379,misty,misty
688,2448.5,8901.45548,misty,misty
689,2351.2,8960.22947,misty,misty
690,2259.4,9017.87346,misty,misty
691,2172.7,9074.64402,misty,misty
692,2092.3,9130.17448,misty,misty
693,2018.1,9184.81269,misty,misty
694,1951.3,9238.12361,misty,misty
695,1891.9,9290.52759,misty,misty
696,1841.1,9341.72546,misty,misty
697,1798.9,9392.05051,misty,misty
698,1766.1,9441.19691,misty,misty
699,1742.6,9489.48674,misty,misty
700,1728.9,9536.48986,misty,misty
701,1724.9,9582.61017,misty,misty
702,1730.3,9627.56794,misty,misty
703,1745.0,9671.68716,misty,misty
704,1768.5,9714.66535,misty,misty
705,1800.2,9756.82013,misty,misty
706,1839.3,9797.75890,misty,misty
707,1885.4,9837.85796,misty,misty
708,1937.5,9876.78907,misty,misty
709,1995.3,9914.90155,misty,misty
710,2057.6,9951.90280,misty,misty
711,2124.3,9988.11457,misty,misty
712,2194.2,10023.16278,misty,misty
713,2267.5,10057.40998,misty,misty
714,2343.1,10090.63624,misty,misty
715,2421.1,10123.12520,misty,misty
716,2500.5,10154.48933,misty,misty
717,2581.7,10185.07857,misty,misty
718,2663.5,10214.66299,misty,misty
719,2746.7,10243.53241,misty,misty
720,2830.0,10271.44311,misty,misty
721,2914.1,10298.66347,misty,misty
722,2998.0,10324.91725,misty,misty
723,3082.2,10350.48554,misty,misty
724,3165.9,10375.10031,misty,misty
725,3249.8,10399.04163,misty,misty
726,3332.9,10422.09818,misty,misty
727,3415.8,10444.51928,misty,misty
728,3497.7,10466.04048,misty,misty
729,3579.3,10486.92528,misty,misty
730,3659.7,10507.01788,misty,misty
731,3739.6,10526.53075,misty,misty
732,3818.1,10545.21243,misty,misty
733,3896.1,10563.29885,misty,misty
734,3972.5,10580.70132,misty,misty
735,4048.2,10597.59341,misty,misty
736,4122.3,10613.67458,misty,misty
737,4195.6,10629.17273,misty,misty
738,4267.2,10644.06798,misty,misty
739,4337.9,10658.50557,misty,misty
740,4406.7,10672.29700,misty,misty
741,4474.6,10685.60700,misty,misty
742,4540.6,10698.25417,misty,misty
743,4605.4,10710.40809,misty,misty
744,4668.3,10721.98098,misty,misty
745,4730.1,10733.11408,misty,misty
746,4789.9,10743.64845,misty,misty
747,4848.4,10753.72928,misty,misty
748,4904.9,10763.34405,misty,misty
749,4960.1,10772.59209,misty,misty
750,5013.2,10781.35920,misty,misty
751,5064.8,10789.74808,misty,misty
752,5114.4,10797.65849,misty,misty
753,5162.4,10805.18930,misty,misty
754,5208.3,10812.23640,misty,misty
755,5252.7,10818.89373,misty,misty
756,5294.9,10825.19767,misty,misty
757,5335.4,10831.21162,misty,misty
758,5373.9,10836.82743,misty,misty
759,5410.5,10842.10957,misty,misty
760,5445.0,10847.00037,misty,misty
761,5477.7,10851.55538,misty,misty
762,5508.1,10855.76449,misty,misty
763,5536.7,10859.66966,misty,misty
764,5563.0,10863.23411,misty,misty
765,5587.4,10866.49115,misty,misty
766,5609.6,10869.42722,misty,misty
767,5629.8,10872.06501,misty,misty
768,5647.8,10874.40437,misty,misty
769,5663.5,10876.45501,misty,misty
770,5677.1,10878.21874,misty,misty
771,5688.5,10879.69556,misty,misty
772,5697.7,10880.90394,misty,misty
773,5704.5,10881.83632,misty,misty
774,5981.1,10882.45821,misty,misty
775,7916.5,10882.74988,misty,misty
776,9370.0,10882.90269,misty,misty
777,9370.0,10882.90269,misty,misty
778,9370.0,10882.90269,misty,misty
779,9370.0,10882.90269,misty,misty
780,9370.0,10882.90269,misty,misty
781,9370.0,10882.90269,misty,misty
782,9370.0,10882.90269,misty,misty
783,9370.0,10882.90269,misty,misty
784,9370.0,10882.90269,misty,misty
785,9370.0,10882.90269,misty,misty
786,9370.0,10882.90269,misty,misty
787,9370.0,10882.90269,misty,misty
788,9370.0,10882.90269,misty,misty
789,9370.0,10882.90269,misty,misty
790,9370.0,10882.90269,misty,misty
791,9370.0,10882.90269,misty,misty
792,9370.0,10882.90269,misty,misty
793,9370.0,10882.90269,misty,misty
794,9370.0,10882.90269,misty,misty
795,9370.0,10882.90269,misty,misty
796,9370.0,10882.90269,misty,misty
797,9370.0,10882.90269,misty,misty
798,9374.3,10882.90269,misty,misty
799,9381.4,10882.90269,misty,misty
800,9382.1,10882.90269,misty,misty
801,9382.1,10882.90269,misty,misty
802,0.0,0.11657,misty,misty
803,0.0,0.11657,misty,misty
804,0.0,0.11657,misty,misty
805,0.0,0.11657,misty,misty
806,0.0,0.11657,misty,misty
807,0.0,0.11657,misty,misty
808,0.0,0.11657,misty,misty
809,0.0,0.11657,misty,misty
810,0.0,0.11657,misty,misty
811,0.0,0.11657,misty,misty
812,0.0,0.11657,misty,misty
813,0.0,0.11657,misty,misty
814,0.0,0.11657,misty,misty
815,0.0,0.11657,misty,misty
816,0.0,0.11657,misty,misty
817,0.0,0.11657,misty,misty
818,0.0,0.11657,misty,misty
819,0.0,0.11657,misty,misty
820,0.0,0.11657,misty,misty
821,0.0,0.11657,misty,misty
822,0.0,0.11657,misty,misty
823,0.0,0.11657,misty,misty
824,0.0,0.11657,misty,misty
825,0.0,0.11657,misty,misty
826,0.0,0.11657,misty,misty
827,0.0,0.11657,misty,misty
828,0.0,0.11657,misty,misty
829,0.0,0.11657,misty,misty
830,0.0,0.11657,misty,misty
831,0.0,0.11657,misty,misty
832,0.0,0.11657,misty,misty
833,0.0,0.11657,misty,misty
834,0.0,0.11657,misty,misty
835,0.0,0.11657,misty,misty
836,0.0,0.11657,misty,misty
837,0.0,0.11657,misty,misty
838,0.0,0.11657,misty,misty
839,0.0,0.11657,misty,misty
840,0.0,0.11657,misty,misty
841,0.0,0.11657,misty,misty
842,0.0,0.11657,misty,misty
843,0.0,0.11657,misty,misty
844,0.0,0.11657,misty,misty
845,0.0,0.11657,misty,misty
846,0.0,0.11657,misty,misty
847,0.0,0.11657,misty,misty
848,0.0,0.11657,misty,misty
849,0.0,0.11657,misty,misty
850,0.0,0.11657,misty,misty
851,0.0,0.11657,misty,misty
852,0.0,0.11657,misty,misty
853,0.0,0.11657,misty,misty
854,0.0,0.11657,misty,misty
855,0.0,0.11657,misty,misty
856,0.0,0.11657,misty,misty
857,0.0,0.11657,misty,misty
858,0.0,0.11657,misty,misty
859,0.0,0.11657,misty,misty
860,0.0,0.11657,misty,misty
861,0.0,0.11657,misty,misty
862,0.0,0.11657,misty,misty
863,0.0,0.11657,misty,misty
864,0.0,0.11657,misty,misty
865,0.0,0.11657,misty,misty
866,0.0,0.11657,misty,misty
867,0.0,0.11657,misty,misty
868,0.0,0.11657,misty,misty
869,0.0,0.11657,misty,misty
870,0.0,0.11657,misty,misty
871,0.0,0.11657,misty,misty
872,0.0,0.11657,misty,misty
873,0.0,0.11657,misty,misty
874,0.0,0.11657,misty,misty
875,0.0,0.11657,misty,misty
876,0.0,0.11657,misty,misty
877,0.0,0.11657,misty,misty
878,0.0,0.11657,misty,misty
879,0.0,0.11657,misty,misty
880,0.0,0.11657,misty,misty
881,0.0,0.11657,misty,misty
882,0.0,0.11657,misty,misty
883,0.0,0.11657,misty,misty
884,0.0,0.11657,misty,misty
885,0.0,0.11657,misty,misty
886,0.0,0.11657,misty,misty
887,0.0,0.11657,misty,misty
888,0.0,0.11657,misty,misty
889,0.0,0.11657,misty,misty
890,0.0,0.11657,misty,misty
891,0.0,0.11657,misty,misty
892,0.0,0.11657,misty,misty
893,0.0,0.11657,misty,misty
894,0.0,0.11657,misty,misty
895,0.0,0.11657,misty,misty
896,0.0,0.11657,misty,misty
897,0.0,0.11657,misty,misty
898,0.0,0.11657,misty,misty
899,0.0,0.11657,misty,misty
900,0.0,0.11657,misty,misty
901,0.0,0.11657,misty,misty
902,0.0,0.11657,misty,misty
903,0.0,0.11657,misty,misty
904,0.0,0.11657,misty,misty
905,0.0,0.11657,misty,misty
906,0.0,0.11657,misty,misty
907,0.0,0.11657,misty,misty
908,0.0,0.11657,misty,misty
909,0.0,0.11657,misty,misty
910,0.0,0.11657,misty,misty
911,0.0,0.11657,misty,misty
912,0.0,0.11657,misty,misty
913,0.0,0.11657,misty,misty
914,0.0,0.11657,misty,misty
915,0.0,0.11657,misty,misty
916,0.0,0.11657,misty,misty
917,0.0,0.11657,misty,misty
918,0.0,0.11657,misty,misty
919,0.0,0.11657,misty,misty
920,0.0,0.11657,misty,misty
921,0.0,0.11657,misty,misty
922,0.0,0.11657,misty,misty
923,0.0,0.11657,misty,misty
924,0.0,0.11657,misty,misty
925,0.0,0.11657,misty,misty
926,0.0,0.11657,misty,misty
927,0.0,0.11657,misty,misty
928,0.0,0.11657,misty,misty
929,0.0,0.11657,misty,misty
930,0.0,0.11657,misty,misty
931,0.0,0.11657,misty,misty
932,0.0,0.11657,misty,misty
933,0.0,0.11657,misty,misty
934,0.0,0.11657,misty,misty
935,0.0,0.11657,misty,misty
936,0.0,0.11657,misty,misty
937,0.0,0.11657,misty,misty
938,0.0,0.11657,misty,misty
939,0.0,0.11657,misty,misty
940,0.0,0.11657,misty,misty
941,0.0,0.11657,misty,misty
942,0.0,0.11657,misty,misty
943,0.0,0.11657,misty,misty
944,0.0,0.11657,misty,misty
945,0.0,0.11657,misty,misty
946,0.0,0.11657,misty,misty
947,0.0,0.11657,misty,misty
948,0.0,0.11657,misty,misty
949,0.0,0.11657,misty,misty
950,0.0,0.11657,misty,misty
951,0.0,0.11657,misty,misty
952,0.0,0.11657,misty,misty
953,0.0,0.11657,misty,misty
954,0.0,0.11657,misty,misty
955,0.0,0.11657,misty,misty
956,0.0,0.11657,misty,misty
957,0.0,0.11657,misty,misty
958,0.0,0.11657,misty,misty
959,0.0,0.11657,misty,misty
960,0.0,0.11657,misty,misty
961,0.0,0.11657,misty,misty
962,0.0,0.11657,misty,misty
963,0.0,0.11657,misty,misty
964,0.0,0.11657,misty,misty
965,0.0,0.11657,misty,misty
966,0.0,0.11657,misty,misty
967,0.0,0.11657,misty,misty
968,0.0,0.11657,misty,misty
969,0.0,0.11657,misty,misty
970,0.0,0.11657,misty,misty
971,0.0,0.11657,misty,misty
972,0.0,0.11657,misty,misty
973,0.0,0.11657,misty,misty
974,0.0,0.11657,misty,misty
975,0.0,0.11657,misty,misty
976,0.0,0.11657,misty,misty
977,0.0,0.11657,misty,misty
978,0.0,0.11657,misty,misty
979,0.0,0.11657,misty,misty
980,0.0,0.11657,misty,misty
981,0.0,0.11657,misty,misty
982,0.0,0.11657,misty,misty
983,0.0,0.11657,misty,misty
984,0.0,0.11657,misty,misty
985,0.0,0.11657,misty,misty
986,0.0,0.11657,misty,misty
987,0.0,0.11657,misty,misty
988,0.0,0.11657,misty,misty
989,0.0,0.11657,misty,misty
990,0.0,0.11657,misty,misty
991,0.0,0.11657,misty,misty
992,0.0,0.11657,misty,misty
993,0.0,0.11657,misty,misty
994,0.0,0.11657,misty,misty
995,0.0,0.11657,misty,misty
996,0.0,0.11657,misty,misty
997,0.0,0.11657,misty,misty
998,0.0,0.11657,misty,misty
999,0.0,0.11657,misty,misty
1000,0.0,0.11657,misty,misty
1001,0.0,0.11657,misty,misty
1002,0.0,0.11657,misty,misty
1003,0.0,0.11657,misty,misty
1004,0.0,0.11657,misty,misty
1005,0.0,0.11657,misty,misty
1006,0.0,0.11657,misty,misty
1007,0.0,0.11657,misty,misty
1008,0.0,0.11657,misty,misty
1009,0.0,0.11657,misty,misty
1010,0.0,0.11657,misty,misty
1011,0.0,0.11657,misty,misty
1012,0.0,0.11657,misty,misty
1013,0.0,0.11657,misty,misty
1014,0.0,0.11657,misty,misty
1015,0.0,0.11657,misty,misty
1016,0.0,0.11657,misty,misty
1017,0.0,0.11657,misty,misty
1018,0.0,0.11657,misty,misty
1019,0.0,0.11657,misty,misty
1020,0.0,0.11657,misty,misty
1021,0.0,0.11657,misty,misty
1022,0.0,0.11657,misty,misty
1023,0.0,0.11657,misty,misty
1024,0.0,0.11657,misty,misty
1025,0.0,0.11657,misty,misty
1026,0.0,0.11657,misty,misty
1027,0.0,0.11657,misty,misty
1028,0.0,0.11657,misty,misty
1029,0.0,0.11657,misty,misty
1030,0.0,0.11657,misty,misty
1031,0.0,0.11657,misty,misty
1032,0.0,0.11657,misty,misty
1033,0.0,0.11657,misty,misty
1034,0.0,0.11657,misty,misty
1035,0.0,0.11657,misty,misty
1036,0.0,0.11657,misty,misty
1037,0.0,0.11657,misty,misty
1038,0.0,0.11657,misty,misty
1039,0.0,0.11657,misty,misty
1040,0.0,0.11657,misty,misty
1041,0.0,0.11657,misty,misty
1042,0.0,0.11657,misty,misty
1043,0.0,0.11657,misty,misty
1044,0.0,0.11657,misty,misty
1045,0.0,0.11657,misty,misty
1046,0.0,0.11657,misty,misty
1047,0.0,0.11657,misty,misty
1048,0.0,0.11657,misty,misty
1049,0.0,0.11657,misty,misty
1050,0.0,0.11657,misty,misty
1051,0.0,0.11657,misty,misty
1052,0.0,0.11657,misty,misty
1053,0.0,0.11657,misty,misty
1054,0.0,0.11657,misty,misty
1055,0.0,0.11657,misty,misty
1056,0.0,0.11657,misty,misty
1057,0.0,0.11657,misty,misty
1058,0.0,0.11657,misty,misty
1059,0.0,0.11657,misty,misty
1060,0.0,0.11657,misty,misty
1061,0.0,0.11657,misty,misty
1062,0.0,0.11657,misty,misty
1063,0.0,0.11657,misty,misty
1064,0.0,0.11657,misty,misty
1065,0.0,0.11657,misty,misty
1066,0.0,0.11657,misty,misty
1067,0.0,0.11657,misty,misty
1068,0.0,0.11657,misty,misty
1069,0.0,0.11657,misty,misty
1070,0.0,0.11657,misty,misty
1071,0.0,0.11657,misty,misty
1072,0.0,0.11657,misty,misty
1073,0.0,0.11657,misty,misty
1074,0.0,0.11657,misty,misty
1075,0.0,0.11657,misty,misty
1076,0.0,0.11657,misty,misty
1077,0.0,0.11657,misty,misty
1078,0.0,0.11657,misty,misty
1079,0.0,0.11657,misty,misty
1080,0.0,0.11657,misty,misty
1081,0.0,0.11657,misty,misty
1082,0.0,0.11657,misty,misty
1083,0.0,0.11657,misty,misty
1084,0.0,0.11657,misty,misty
1085,0.0,0.11657,misty,misty
1086,0.0,0.11657,misty,misty
1087,0.0,0.11657,misty,misty
1088,0.0,0.11657,misty,misty
1089,0.0,0.11657,misty,misty
1090,0.0,0.11657,misty,misty
1091,0.0,0.11657,misty,misty
1092,0.0,0.11657,misty,misty
1093,0.0,0.11657,misty,misty
1094,0.0,0.11657,misty,misty
1095,0.0,0.11657,misty,misty
1096,0.0,0.11657,misty,misty
1097,0.0,0.11657,misty,misty
1098,0.0,0.11657,misty,misty
1099,0.0,0.11657,misty,misty
1100,0.0,0.11657,misty,misty
1101,0.0,0.11657,misty,misty
1102,0.0,0.11657,misty,misty
1103,0.0,0.11657,misty,misty
1104,0.0,0.11657,misty,misty
1105,0.0,0.11657,misty,misty
1106,0.0,0.11657,misty,misty
1107,0.0,0.11657,misty,misty
1108,0.0,0.11657,misty,misty
1109,0.0,0.11657,misty,misty
1110,0.0,0.11657,misty,misty
1111,0.0,0.11657,misty,misty
1112,0.0,0.11657,misty,misty
1113,0.0,0.11657,misty,misty
1114,0.0,0.11657,misty,misty
1115,0.0,0.11657,misty,misty
1116,0.0,0.11657,misty,misty
1117,0.0,0.11657,misty,misty
1118,0.0,0.11657,misty,misty
1119,0.0,0.11657,misty,misty
1120,0.0,0.11657,misty,misty
1121,0.0,0.11657,misty,misty
1122,0.0,0.11657,misty,misty
1123,0.0,0.11657,misty,misty
1124,0.0,0.11657,misty,misty
1125,0.0,0.11657,misty,misty
1126,0.0,0.11657,misty,misty
1127,0.0,0.11657,misty,misty
1128,0.0,0.11657,misty,misty
1129,0.0,0.11657,misty,misty
1130,0.0,0.11657,misty,misty
1131,0.0,0.11657,misty,misty
1132,0.0,0.11657,misty,misty
1133,0.0,0.11657,misty,misty
1134,0.0,0.11657,misty,misty
1135,0.0,0.11657,misty,misty
1136,0.0,0.11657,misty,misty
1137,0.0,0.11657,misty,misty
1138,0.0,0.11657,misty,misty
1139,0.0,0.11657,misty,misty
1140,0.0,0.11657,misty,misty
1141,0.0,0.11657,misty,misty
1142,0.0,0.11657,misty,misty
1143,0.0,0.11657,misty,misty
1144,0.0,0.11657,misty,misty
1145,0.0,0.11657,misty,misty
1146,0.0,0.11657,misty,misty
1147,0.0,0.11657,misty,misty
1148,0.0,0.11657,misty,misty
1149,0.0,0.11657,misty,misty
1150,0.0,0.11657,misty,misty
1151,0.0,0.11657,misty,misty
1152,0.0,0.11657,misty,misty
1153,0.0,0.11657,misty,misty
1154,0.0,0.11657,misty,misty
1155,0.0,0.11657,misty,misty
1156,0.0,0.11657,misty,misty
1157,0.0,0.11657,misty,misty
1158,0.0,0.11657,misty,misty
1159,0.0,0.11657,misty,misty
1160,0.0,0.11657,misty,misty
1161,0.0,0.11657,misty,misty
1162,0.0,0.11657,misty,misty
1163,0.0,0.11657,misty,misty
1164,0.0,0.11657,misty,misty
1165,0.0,0.11657,misty,misty
1166,0.0,0.11657,misty,misty
1167,0.0,0.11657,misty,misty
1168,6003.4,3072.73815,misty,misty
1169,6003.4,3072.73815,misty,misty
1170,6003.4,3072.73815,misty,misty
1171,6003.4,3072.73815,misty,misty
1172,6003.4,3072.73815,misty,misty
1173,6003.4,3072.73815,misty,misty
1174,6003.4,3072.73815,misty,misty
1175,6003.4,3072.73815,misty,misty
1176,6025.9,3068.06914,misty,misty
1177,6050.7,3063.03127,misty,misty
1178,6114.5,3050.46759,misty,misty
1179,6183.1,3037.69114,misty,misty
1180,6282.6,3020.46164,misty,misty
1181,6386.8,3004.01021,misty,misty
1182,6514.0,2986.16450,misty,misty
1183,6645.2,2970.10939,misty,misty
1184,6790.5,2954.95906,misty,misty
1185,6939.5,2942.37302,misty,misty
1186,7093.2,2932.47767,misty,misty
1187,7249.0,2925.54446,misty,misty
1188,7399.9,2921.85813,misty,misty
1189,7551.1,2920.97134,misty,misty
1190,7687.4,2922.41541,misty,misty
1191,7821.8,2925.94603,misty,misty
1192,7931.1,2930.37763,misty,misty
1193,8036.4,2935.91731,misty,misty
1194,8106.5,2940.35613,misty,misty
1195,8170.0,2944.86782,misty,misty
1196,8188.5,2946.18151,misty,misty
1197,8198.2,2946.81952,misty,misty
1198,8153.7,2943.60653,misty,misty
1199,8097.8,2939.90209,misty,misty
1200,7979.4,2932.95766,misty,misty
1201,7847.8,2927.04008,misty,misty
1202,7646.5,2921.83007,misty,misty
1203,7431.1,2921.53375,misty,misty
1204,7141.6,2930.16166,misty,misty
1205,6839.3,2950.56298,misty,misty
1206,6463.6,2993.01773,misty,misty
1207,6082.0,3056.80606,misty,misty
1208,5616.5,3166.31962,misty,misty
1209,5165.0,3311.87859,misty,misty
1210,4684.1,3528.34427,misty,misty
1211,4301.6,3791.13889,misty,misty
1212,4064.7,4128.12932,misty,misty
1213,4088.7,4505.55094,misty,misty
1214,4427.1,4942.99508,misty,misty
1215,5048.3,5406.73454,misty,misty
1216,5921.9,5908.48090,misty,misty
1217,6953.9,6420.75675,misty,misty
1218,8126.0,6947.27540,misty,misty
1219,9376.5,7469.46860,misty,misty
1220,10700.4,7984.46919,misty,misty
1221,12064.4,8482.45402,misty,misty
1222,13459.8,8954.88011,misty,misty
1223,14874.0,9400.10207,misty,misty
1225,17705.4,10179.09710,misty,misty
1226,19095.2,10505.47377,misty,misty
1227,20476.6,10794.74947,misty,misty
1228,21805.2,11036.22598,misty,misty
1229,23113.7,11241.22110,misty,misty
1230,24346.4,11402.02589,misty,misty
1231,25547.4,11530.34902,misty,misty
1232,26650.2,11622.26007,misty,misty
1233,27710.0,11688.26746,misty,misty
1234,28649.9,11727.94004,misty,misty
1235,29535.2,11749.65493,misty,misty
1236,30279.8,11756.13633,misty,misty
1237,30957.7,11752.85383,misty,misty
1238,31181.4,11749.91769,misty,misty
1239,31181.3,11749.91769,misty,misty
1240,31181.3,11749.91769,misty,misty
1241,31181.2,11749.91769,misty,misty
1242,31181.2,11749.91769,misty,misty
1243,31181.1,11749.91769,misty,misty
1244,31181.0,11749.91769,misty,misty
1245,31181.0,11749.91769,misty,misty
1246,31181.0,11749.91769,misty,misty
1247,31180.9,11749.91769,misty,misty
1248,31180.9,11749.91769,misty,misty
1249,31180.8,11749.91769,misty,misty
1250,31180.8,11749.91769,misty,misty
1251,31180.8,11749.91769,misty,misty
1252,31180.8,11749.91769,misty,misty
1253,31180.7,11749.91769,misty,misty
1254,31180.7,11749.91769,misty,misty
1255,31180.7,11749.91769,misty,misty
1256,31180.7,11749.91769,misty,misty
1257,31180.7,11749.91769,misty,misty
1258,31180.7,11749.91769,misty,misty
1259,31180.7,11749.91769,misty,misty
1260,31180.7,11749.91769,misty,misty
1261,31180.7,11749.91769,misty,misty
1262,0.3,0.13402,misty,misty
1263,0.7,0.21397,misty,misty
1264,1.7,0.23159,misty,misty
1265,3.1,0.27409,misty,misty
1266,4.5,0.40041,misty,misty
1267,7.0,0.65489,misty,misty
1268,10.9,1.09454,misty,misty
1269,12.9,1.33406,misty,misty
1270,16.9,1.84415,misty,misty
1271,19.2,2.17129,misty,misty
1272,23.3,2.61821,misty,misty
1273,25.2,2.80408,misty,misty
1274,29.5,3.26024,misty,misty
1275,31.0,3.45549,misty,misty
1276,36.6,3.98264,misty,misty
1277,36.5,3.90724,misty,misty
1278,42.2,4.38379,misty,misty
1279,46.6,4.72650,misty,misty
1280,47.5,4.89248,misty,misty
1281,51.7,5.52443,misty,misty
1282,52.4,5.60186,misty,misty
1283,58.6,6.14490,misty,misty
1284,57.0,6.02133,misty,misty
1285,63.5,6.90665,misty,misty
1286,67.9,7.49638,misty,misty
1287,67.9,7.54190,misty,misty
1288,72.6,8.05317,misty,misty
1289,72.2,7.95463,misty,misty
1290,79.3,8.71591,misty,misty
1291,76.3,8.44620,misty,misty
1292,83.3,9.25759,misty,misty
1293,80.0,8.83230,misty,misty
1294,87.1,9.52361,misty,misty
1295,86.1,9.31108,misty,misty
1296,90.7,9.77064,misty,misty
1297,98.3,10.73232,misty,misty
1298,93.9,10.29960,misty,misty
1299,101.6,11.29784,misty,misty
1300,96.8,10.80188,misty,misty
1301,104.6,11.63902,misty,misty
1302,102.8,11.48906,misty,misty
1303,107.4,12.14826,misty,misty
1304,115.7,13.09914,misty,misty
1305,110.1,12.36655,misty,misty
1306,118.3,13.24619,misty,misty
1307,115.9,12.94753,misty,misty
1308,120.6,13.59081,misty,misty
1309,118.0,13.43517,misty,misty
1310,122.6,14.13273,misty,misty
1311,131.1,15.21521,misty,misty
1312,124.7,14.49913,misty,misty
1313,133.2,15.46237,misty,misty
1314,130.3,15.19840,misty,misty
1315,134.9,15.80910,misty,misty
1316,131.7,15.43001,misty,misty
1317,136.3,15.90537,misty,misty
1318,132.9,15.49040,misty,misty
1319,137.6,16.17140,misty,misty
1320,146.7,17.24285,misty,misty
1321,142.8,16.83602,misty,misty
1322,147.6,17.47043,misty,misty
1323,143.7,17.03471,misty,misty
1324,148.4,17.69372,misty,misty
1325,144.3,17.30182,misty,misty
1326,139.0,16.73166,misty,misty
1327,158.2,19.15369,misty,misty
1328,153.8,18.67172,misty,misty
1329,158.6,19.36703,misty,misty
1330,154.0,18.96571,misty,misty
1331,158.6,19.56468,misty,misty
1332,154.3,19.07959,misty,misty
1333,158.6,19.79554,misty,misty
1334,173.6,21.73744,misty,misty
1335,163.3,20.45255,misty,misty
1336,167.9,21.18738,misty,misty
1337,163.0,20.76867,misty,misty
1338,167.5,21.57491,misty,misty
1339,162.3,21.05677,misty,misty
1340,171.7,22.36493,misty,misty
1341,161.6,21.05943,misty,misty
1342,170.9,22.38114,misty,misty
1343,175.2,23.18164,misty,misty
1344,170.0,22.60005,misty,misty
1345,174.4,23.20632,misty,misty
1346,168.9,22.57692,misty,misty
1347,178.1,24.05688,misty,misty
1348,167.7,22.77892,misty,misty
1349,176.9,24.25234,misty,misty
1350,180.9,25.04376,misty,misty
1351,175.4,24.33852,misty,misty
1352,179.5,25.13043,misty,misty
1353,173.7,24.53354,misty,misty
1354,183.0,26.20295,misty,misty
1355,172.1,24.78806,misty,misty
1356,181.0,26.28777,misty,misty
1357,175.0,25.51987,misty,misty
1358,178.9,26.38860,misty,misty
1359,183.0,27.38770,misty,misty
1360,177.0,26.69665,misty,misty
1361,185.8,28.16938,misty,misty
1362,174.5,26.65467,misty,misty
1363,183.4,28.26487,misty,misty
1364,177.2,27.48695,misty,misty
1365,180.9,28.45871,misty,misty
1366,174.7,27.74442,misty,misty
1367,178.2,28.33194,misty,misty
1368,186.8,30.04692,misty,misty
1369,175.6,28.56639,misty,misty
1370,183.9,30.45248,misty,misty
1371,177.7,29.55595,misty,misty
1372,181.1,30.35676,misty,misty
1373,174.6,29.46322,misty,misty
1374,178.0,30.46276,misty,misty
1375,181.4,31.70795,misty,misty
1376,174.8,30.96369,misty,misty
1377,182.9,32.51301,misty,misty
1378,176.5,31.59011,misty,misty
1379,179.4,32.63343,misty,misty
1380,187.3,34.78450,misty,misty
1381,175.9,33.11649,misty,misty
1382,183.6,35.21151,misty,misty
1383,177.2,34.13071,misty,misty
1384,179.9,35.04614,misty,misty
1385,173.4,34.25368,misty,misty
1386,176.1,35.39665,misty,misty
1387,169.5,34.36721,misty,misty
1388,172.2,35.39922,misty,misty
1389,165.7,34.36519,misty,misty
1390,172.9,36.57863,misty,misty
1391,161.6,34.67389,misty,misty
1392,168.6,36.92747,misty,misty
1393,171.1,37.92234,misty,misty
1394,164.5,37.00727,misty,misty
1395,166.9,38.29345,misty,misty
1396,160.3,37.38735,misty,misty
1397,166.9,39.51861,misty,misty
1398,156.1,37.37794,misty,misty
1399,162.6,39.55492,misty,misty
1400,164.5,40.68233,misty,misty
1401,158.1,39.78425,misty,misty
1402,159.9,41.23776,misty,misty
1403,153.5,40.12635,misty,misty
1404,159.4,42.58340,misty,misty
1405,149.0,40.35660,misty,misty
1406,154.7,42.90514,misty,misty
1407,152.4,42.91821,misty,misty
1408,149.9,43.01588,misty,misty
1409,151.6,44.30427,misty,misty
1410,145.3,43.17033,misty,misty
1411,150.6,45.73707,misty,misty
1412,140.5,43.36804,misty,misty
1413,145.8,46.25991,misty,misty
1414,139.5,45.10295,misty,misty
1415,140.9,46.37058,misty,misty
1416,141.9,47.81233,misty,misty
1417,136.0,46.55002,misty,misty
1418,140.5,49.50091,misty,misty
1419,134.6,48.33566,misty,misty
1420,135.5,49.91671,misty,misty
1421,129.7,48.45793,misty,misty
1422,130.6,49.84139,misty,misty
1423,134.9,52.92822,misty,misty
1424,125.7,50.46661,misty,misty
1425,130.0,53.65784,misty,misty
1426,124.2,52.39674,misty,misty
1427,125.0,53.79154,misty,misty
1428,119.6,52.40613,misty,misty
1429,120.4,54.18155,misty,misty
1430,114.9,52.90510,misty,misty
1431,115.8,54.54094,misty,misty
1432,119.3,57.93858,misty,misty
1433,114.2,56.50190,misty,misty
1434,114.8,58.12313,misty,misty
1435,109.8,56.60086,misty,misty
1436,110.5,58.40163,misty,misty
1437,105.8,56.82807,misty,misty
1438,106.5,58.63703,misty,misty
1439,110.0,62.31966,misty,misty
1440,105.4,60.92199,misty,misty
1441,106.3,62.66839,misty,misty
1442,101.8,61.11220,misty,misty
1443,102.9,63.21325,misty,misty
1444,98.7,61.87729,misty,misty
1445,99.8,63.88047,misty,misty
1446,95.9,62.32504,misty,misty
1447,99.8,65.97062,misty,misty
1448,101.1,67.94185,misty,misty
1449,97.5,66.27776,misty,misty
1450,99.2,68.51335,misty,misty
1451,95.8,66.84296,misty,misty
1452,97.7,69.01547,misty,misty
1453,94.5,67.28121,misty,misty
1454,99.4,71.32624,misty,misty
1455,93.8,67.55312,misty,misty
1456,99.0,71.68751,misty,misty
1457,101.7,73.90790,misty,misty
1458,99.0,72.14388,misty,misty
1459,104.9,76.32671,misty,misty
1460,99.7,72.33117,misty,misty
1461,106.0,76.54411,misty,misty
1462,100.8,72.54195,misty,misty
1463,107.5,77.21567,misty,misty
1464,111.6,79.82872,misty,misty
1465,109.5,77.87710,misty,misty
1466,117.2,82.40348,misty,misty
1467,112.0,78.11598,misty,misty
1468,120.1,82.78649,misty,misty
1469,125.1,85.31783,misty,misty
1470,123.5,83.53590,misty,misty
1471,121.5,81.51019,misty,misty
1472,127.1,84.10275,misty,misty
1473,136.5,88.97855,misty,misty
1474,131.0,84.47141,misty,misty
1475,140.9,89.41864,misty,misty
1476,135.1,85.00366,misty,misty
1477,145.6,90.22516,misty,misty
1478,143.8,88.03433,misty,misty
1479,150.5,90.60632,misty,misty
1480,162.1,95.71583,misty,misty
1481,155.6,90.78774,misty,misty
1482,167.8,96.21821,misty,misty
1483,160.8,91.37982,misty,misty
1484,173.4,97.00569,misty,misty
1485,171.1,94.56991,misty,misty
1486,179.1,97.42646,misty,misty
1487,176.6,94.96055,misty,misty
1488,184.9,97.99328,misty,misty
1489,198.8,103.94986,misty,misty
1490,196.5,101.50401,misty,misty
1491,205.2,104.31926,misty,misty
1492,202.7,101.69862,misty,misty
1493,211.7,104.75284,misty,misty
1494,208.8,102.20163,misty,misty
1495,218.2,105.45377,misty,misty
1496,234.5,111.67232,misty,misty
1497,231.1,108.87406,misty,misty
1498,241.4,112.05151,misty,misty
1499,237.7,109.36229,misty,misty
1500,247.7,112.88973,misty,misty
1501,243.5,110.16804,misty,misty
1502,253.6,113.57781,misty,misty
1503,248.9,110.67171,misty,misty
1504,266.6,117.23122,misty,misty
1505,277.0,120.75454,misty,misty
1506,272.2,117.95409,misty,misty
1507,283.0,121.57129,misty,misty
1508,278.3,118.61921,misty,misty
1509,289.8,122.12223,misty,misty
1510,310.6,129.18124,misty,misty
1511,305.7,126.12963,misty,misty
1512,292.2,119.64700,misty,misty
1513,314.3,126.76082,misty,misty
1514,328.1,130.46810,misty,misty
1515,323.3,127.15601,misty,misty
1516,347.6,134.42805,misty,misty
1517,333.0,127.59681,misty,misty
1518,358.2,135.05087,misty,misty
1519,343.0,128.04790,misty,misty
1520,369.3,135.43953,misty,misty
1521,385.7,139.27895,misty,misty
1522,381.0,135.77753,misty,misty
1523,409.6,143.32314,misty,misty
1524,393.2,136.02244,misty,misty
1525,423.1,143.66863,misty,misty
1526,405.8,136.16998,misty,misty
1527,437.2,143.92232,misty,misty
1528,431.7,140.16610,misty,misty
1529,451.9,144.02633,misty,misty
1530,486.4,151.81868,misty,misty
1531,466.8,143.97376,misty,misty
1532,502.8,151.85528,misty,misty
1533,482.2,143.88721,misty,misty
1534,519.6,151.83488,misty,misty
1535,513.0,147.78919,misty,misty
1536,536.8,151.81231,misty,misty
1537,577.0,159.99488,misty,misty
1538,554.5,151.80593,misty,misty
1539,596.6,159.94067,misty,misty
1540,589.8,155.70060,misty,misty
1541,616.6,159.67124,misty,misty
1542,645.1,163.74074,misty,misty
1543,637.2,159.35751,misty,misty
1544,685.3,167.75144,misty,misty
1545,658.1,159.07731,misty,misty
1546,707.9,167.50793,misty,misty
1547,699.1,163.03559,misty,misty
1548,731.0,167.23165,misty,misty
1549,721.7,162.74271,misty,misty
1550,754.4,166.92345,misty,misty
1551,744.6,162.32351,misty,misty
1552,778.2,166.54719,misty,misty
1553,835.8,175.43477,misty,misty
1554,826.0,170.58161,misty,misty
1555,862.3,174.52133,misty,misty
1556,851.3,169.69607,misty,misty
1557,889.2,173.99105,misty,misty
1558,877.0,169.15101,misty,misty
1559,916.2,173.39017,misty,misty
1560,983.4,182.34046,misty,misty
1561,970.7,177.40209,misty,misty
1562,919.8,166.12927,misty,misty
1563,999.4,176.53230,misty,misty
1564,1042.7,180.97847,misty,misty
1565,1028.3,175.96342,misty,misty
1566,1072.7,180.09062,misty,misty
1567,1057.5,174.87943,misty,misty
1568,1134.5,183.93090,misty,misty
1569,1181.9,188.37685,misty,misty
1570,1165.8,183.20074,misty,misty
1571,1259.1,194.86933,misty,misty
1572,1197.3,182.21782,misty,misty
1573,1248.3,186.35321,misty,misty
1574,1228.7,180.96715,misty,misty
1575,1317.5,190.33544,misty,misty
1576,1297.5,185.03652,misty,misty
1577,1352.2,189.44232,misty,misty
1578,1407.7,193.67893,misty,misty
1579,1386.8,188.07460,misty,misty
1580,1483.7,197.18580,misty,misty
1581,1421.4,186.64827,misty,misty
1582,1520.8,196.16859,misty,misty
1583,1497.6,190.76706,misty,misty
1584,1557.9,195.10513,misty,misty
1585,1620.1,199.37298,misty,misty
1586,1594.7,193.61136,misty,misty
1587,1703.9,202.91126,misty,misty
1588,1631.5,192.14848,misty,misty
1589,1744.2,201.66597,misty,misty
1590,1812.5,206.21812,misty,misty
1591,1784.4,200.48568,misty,misty
1592,1853.7,204.68251,misty,misty
1593,1824.4,198.68090,misty,misty
1594,1946.3,208.26827,misty,misty
1595,1864.0,197.31128,misty,misty
1596,1988.9,206.93964,misty,misty
1597,1956.6,201.02784,misty,misty
1598,2031.1,205.38258,misty,misty
1599,1997.3,199.38309,misty,misty
1600,2072.9,203.76639,misty,misty
1601,2208.9,213.56496,misty,misty
1602,2114.2,202.33829,misty,misty
1603,2254.3,211.96760,misty,misty
1604,2215.8,205.80117,misty,misty
1605,2299.0,210.20740,misty,misty
1606,2257.4,204.13940,misty,misty
1607,2342.2,208.68618,misty,misty
1608,2490.9,218.33420,misty,misty
1609,2383.2,206.75861,misty,misty
1610,2533.8,216.33200,misty,misty
1611,2488.0,210.04763,misty,misty
1612,2573.6,214.61048,misty,misty
1613,2525.1,208.46779,misty,misty
1614,2610.3,212.90139,misty,misty
1615,2558.6,206.55533,misty,misty
1616,2714.7,216.15056,misty,misty
1617,2803.1,220.40291,misty,misty
1618,2746.2,214.18734,misty,misty
1619,2834.8,218.83250,misty,misty
1620,2997.7,228.53135,misty,misty
1621,2863.5,216.59831,misty,misty
1622,3027.4,226.34060,misty,misty
1623,2965.0,219.84993,misty,misty
1624,3053.7,224.31343,misty,misty
1625,2988.7,217.88841,misty,misty
1626,3076.9,222.35564,misty,misty
1627,3009.1,215.88440,misty,misty
1628,3097.0,220.09041,misty,misty
1629,3267.4,229.83328,misty,misty
1630,3195.5,223.31185,misty,misty
1631,3285.8,227.68755,misty,misty
1632,3210.9,220.97879,misty,misty
1633,3301.2,225.23220,misty,misty
1634,3223.2,218.61795,misty,misty
1635,3313.6,223.08622,misty,misty
1636,3232.6,216.51042,misty,misty
1637,3408.2,226.47735,misty,misty
1638,3498.1,230.69853,misty,misty
1639,3416.0,223.92299,misty,misty
1640,3505.2,228.31308,misty,misty
1641,3420.8,221.70694,misty,misty
1642,3509.6,226.05488,misty,misty
1643,3423.1,219.31113,misty,misty
1644,3600.7,229.04465,misty,misty
1645,3691.0,233.29399,misty,misty
1646,3600.5,226.41151,misty,misty
1647,3690.6,230.58643,misty,misty
1648,3597.6,223.85824,misty,misty
1649,3687.5,228.16214,misty,misty
1650,3592.0,221.23654,misty,misty
1651,3774.1,230.97741,misty,misty
1652,3584.0,218.60496,misty,misty
1653,3766.7,228.41631,misty,misty
1654,3855.3,232.52151,misty,misty
1655,3756.6,225.55157,misty,misty
1656,3939.2,235.33876,misty,misty
1657,3744.1,222.96225,misty,misty
1658,3926.7,232.79512,misty,misty
1659,3729.0,220.41791,misty,misty
1660,3911.9,230.17611,misty,misty
1661,4000.2,234.39472,misty,misty
1662,3894.5,227.39360,misty,misty
1663,4079.2,236.93725,misty,misty
1664,3874.6,224.52912,misty,misty
1665,4059.6,234.29092,misty,misty
1666,3950.5,227.38662,misty,misty
1667,4037.5,231.62473,misty,misty
1668,3926.8,224.58507,misty,misty
1669,4013.4,228.46583,misty,misty
1670,4197.6,238.06969,misty,misty
1671,3986.9,225.54963,misty,misty
1672,4170.8,235.27608,misty,misty
1673,4057.5,228.38552,misty,misty
1674,4141.9,232.43877,misty,misty
1675,4027.1,225.44709,misty,misty
1676,4110.6,229.26421,misty,misty
1677,4295.2,238.47927,misty,misty
1678,4077.5,226.17778,misty,misty
1679,3960.2,219.42364,misty,misty
1680,4142.9,228.95493,misty,misty
1681,4225.5,232.87582,misty,misty
1682,4106.0,225.78483,misty,misty
1683,4188.0,229.55983,misty,misty
1684,4067.1,222.49044,misty,misty
1685,4148.4,226.40980,misty,misty
1686,4329.9,235.91760,misty,misty
1687,4208.1,229.03169,misty,misty
1688,4287.6,232.95420,misty,misty
1689,4164.8,225.91455,misty,misty
1690,4243.5,229.79001,misty,misty
1691,4119.6,222.70625,misty,misty
1692,4298.8,232.04845,misty,misty
1693,4376.8,235.94686,misty,misty
1694,4251.0,228.87816,misty,misty
1695,4328.1,232.59027,misty,misty
1696,4201.9,225.66973,misty,misty
1697,4277.9,229.65369,misty,misty
1698,4150.9,222.51166,misty,misty
1699,4326.8,231.40831,misty,misty
1700,4098.3,219.05163,misty,misty
1701,4273.1,228.30406,misty,misty
1702,4346.2,232.03971,misty,misty
1703,4217.7,225.06237,misty,misty
1704,4289.9,228.91308,misty,misty
1705,4160.9,222.08452,misty,misty
1706,4332.2,230.94936,misty,misty
1707,4102.5,218.44189,misty,misty
1708,4272.7,227.38731,misty,misty
1709,4342.2,231.08253,misty,misty
1710,4211.7,224.00139,misty,misty
1711,4280.0,227.44853,misty,misty
1712,4149.4,220.66585,misty,misty
1713,4315.4,229.95415,misty,misty
1714,4085.0,217.68450,misty,misty
1715,4247.4,226.38109,misty,misty
1716,4016.7,214.30595,misty,misty
1717,4174.0,223.34937,misty,misty
1718,4039.5,216.50125,misty,misty
1719,4096.8,219.99869,misty,misty
1720,4248.5,228.95628,misty,misty
1721,4017.4,217.03057,misty,misty
1722,4168.2,225.76820,misty,misty
1723,3938.1,213.53583,misty,misty
1724,4089.7,222.39084,misty,misty
1725,3957.3,215.69614,misty,misty
1726,4017.3,219.35581,misty,misty
1727,4172.6,228.17919,misty,misty
1728,3951.9,216.38372,misty,misty
1729,4110.7,225.44156,misty,misty
1730,3893.1,213.57661,misty,misty
1731,4055.6,222.42477,misty,misty
1732,3935.7,215.73545,misty,misty
1733,4006.8,219.33628,misty,misty
1734,3889.5,212.62151,misty,misty
1735,3964.1,216.15635,misty,misty
1736,4136.8,224.86670,misty,misty
1737,4022.9,218.18101,misty,misty
1738,4103.2,221.61947,misty,misty
1739,3991.3,214.80053,misty,misty
1740,4074.7,218.19849,misty,misty
1741,3964.4,211.42537,misty,misty
1742,4050.6,214.92007,misty,misty
1743,4237.5,223.49166,misty,misty
1744,4130.6,216.87959,misty,misty
1745,4222.3,220.43653,misty,misty
1746,4116.2,213.73377,misty,misty
1747,4211.4,217.06007,misty,misty
1748,4105.5,210.43222,misty,misty
1749,4204.3,213.89437,misty,misty
1750,4408.8,222.24757,misty,misty
1751,4304.2,215.57342,misty,misty
1752,4409.6,218.82212,misty,misty
1753,4305.5,212.13690,misty,misty
1754,4413.7,215.25946,misty,misty
1755,4310.1,208.46041,misty,misty
1756,4421.2,211.64167,misty,misty
1757,4318.1,205.03926,misty,misty
1758,4542.2,213.22279,misty,misty
1759,4659.6,216.47898,misty,misty
1760,4557.6,209.82377,misty,misty
1761,4679.0,212.90128,misty,misty
1762,4576.2,206.35897,misty,misty
1763,4816.0,214.46514,misty,misty
1764,4597.5,203.11981,misty,misty
1765,4843.9,211.02791,misty,misty
1766,4978.2,214.14843,misty,misty
1767,4874.5,207.64245,misty,misty
1768,5012.3,210.59171,misty,misty
1769,4908.2,203.95023,misty,misty
1770,5173.2,211.72123,misty,misty
1771,4944.5,200.58289,misty,misty
1772,5215.7,208.30259,misty,misty
1773,5110.3,201.76474,misty,misty
1774,5261.1,204.73424,misty,misty
1775,5414.5,207.76135,misty,misty
1776,5309.4,201.30281,misty,misty
1777,5600.5,208.75894,misty,misty
1778,5360.3,197.64035,misty,misty
1779,5660.0,204.97772,misty,misty
1780,5553.0,198.55969,misty,misty
1781,5722.3,201.34551,misty,misty
1782,5898.0,204.03900,misty,misty
1783,5787.5,197.65143,misty,misty
1784,6113.6,204.89395,misty,misty
1785,5855.3,194.01913,misty,misty
1786,6189.4,201.22055,misty,misty
1787,6076.2,194.92920,misty,misty
1788,6268.3,197.56162,misty,misty
1789,6617.7,204.62506,misty,misty
1790,6349.5,193.96848,misty,misty
1791,6707.7,201.03807,misty,misty
1792,6433.3,190.37917,misty,misty
1793,6802.3,197.36336,misty,misty
1794,6690.0,190.86086,misty,misty
1795,6910.4,192.77602,misty,misty
1796,6463.2,178.19402,misty,misty
1797,7039.3,187.45381,misty,misty
1798,7476.6,192.00716,misty,misty
1799,7186.2,180.88749,misty,misty
1800,7642.4,184.66014,misty,misty
1801,7536.6,176.97466,misty,misty
1802,7820.3,176.17824,misty,misty
1803,7714.4,168.11752,misty,misty
1804,8003.6,167.01050,misty,misty
1805,7890.3,159.16524,misty,misty
1806,8513.7,165.88108,misty,misty
1807,8669.2,160.06625,misty,misty
1808,8542.9,152.45638,misty,misty
1809,8825.1,151.60095,misty,misty
1810,8682.5,144.47384,misty,misty
1811,8961.1,143.47184,misty,misty
1812,8803.0,136.74040,misty,misty
1813,9298.3,138.94592,misty,misty
1814,9579.5,137.96105,misty,misty
1815,9400.2,131.74106,misty,misty
1816,9674.6,130.86850,misty,misty
1817,9483.2,124.96311,misty,misty
1818,9750.7,124.27056,misty,misty
1819,9547.9,118.68496,misty,misty
1820,10043.9,120.60672,misty,misty
1821,9594.7,112.89617,misty,misty
1822,10086.8,114.84176,misty,misty
1823,10337.7,114.42462,misty,misty
1824,10112.2,109.39462,misty,misty
1825,10357.4,109.29090,misty,misty
1826,10120.2,104.66968,misty,misty
1827,10601.9,107.01959,misty,misty
1828,10111.7,100.37367,misty,misty
1829,10589.0,102.55082,misty,misty
1830,10332.4,98.40077,misty,misty
1831,10559.4,98.83467,misty,misty
1832,10785.6,99.08615,misty,misty
1833,10513.4,95.29286,misty,misty
1834,10979.1,97.74856,misty,misty
1835,10452.0,92.10956,misty,misty
1836,10910.3,94.80047,misty,misty
1837,10622.2,91.43643,misty,misty
1838,10826.0,92.31145,misty,misty
1839,11024.9,93.42990,misty,misty
1840,10726.7,90.34562,misty,misty
1841,11164.5,93.28297,misty,misty
1842,10613.1,88.32830,misty,misty
1843,11042.2,91.90071,misty,misty
1844,10730.3,89.32147,misty,misty
1845,10905.3,90.90160,misty,misty
1846,11074.6,92.63235,misty,misty
1847,10754.3,90.17304,misty,misty
1848,11156.9,94.03224,misty,misty
1849,10831.5,91.59637,misty,misty
1850,10982.2,93.60045,misty,misty
1851,10652.0,91.48727,misty,misty
1852,10794.1,93.93858,misty,misty
1853,10696.6,94.21391,misty,misty
1854,10593.5,94.45785,misty,misty
1855,10957.4,99.15706,misty,misty
1856,10611.3,97.36231,misty,misty
1857,10731.5,100.12579,misty,misty
1858,10383.3,98.41998,misty,misty
1859,10493.5,101.67241,misty,misty
1860,10143.8,100.15791,misty,misty
1861,10243.6,103.63107,misty,misty
1862,9673.9,99.06230,misty,misty
1863,8980.3,91.45541,misty,misty
1864,8039.6,82.27936,misty,misty
1865,7044.6,72.73226,misty,misty
1866,2048189.1,5795.46862,misty,misty
1867,2048963.9,6718.18677,misty,misty
1868,2049745.8,6716.03568,misty,misty
1869,2050507.8,6713.87980,misty,misty
1870,2051281.7,6711.73110,misty,misty
1871,2052025.3,6709.57253,misty,misty
1872,2052680.6,6707.78569,misty,misty
1873,2052879.0,6707.51302,misty,misty
1874,2053035.6,6707.29087,misty,misty
1875,2053059.5,6707.29087,misty,misty
1876,2053073.4,6707.29087,misty,misty
1877,2053102.1,6707.29087,misty,misty
1878,2053111.6,6707.29087,misty,misty
1879,2053140.3,6707.29087,misty,misty
1880,2053163.9,6707.29087,misty,misty
1881,2053178.3,6707.29087,misty,misty
1882,2053201.8,6707.29087,misty,misty
1883,2053216.1,6707.29087,misty,misty
1884,2053244.7,6707.29087,misty,misty
1885,2053254.2,6707.29087,misty,misty
1886,2053282.8,6707.29087,misty,misty
1887,2053292.3,6707.29087,misty,misty
1888,2053321.1,6707.29087,misty,misty
1889,2053349.4,6707.29087,misty,misty
1890,2053358.9,6707.29087,misty,misty
1891,2053387.4,6707.29087,misty,misty
1892,2053396.8,6707.29087,misty,misty
1893,2053425.6,6707.29087,misty,misty
1894,2053439.9,6707.29087,misty,misty
1895,2053463.7,6707.29087,misty,misty
1896,2053492.2,6707.29087,misty,misty
1897,2053501.8,6707.29087,misty,misty
1898,2053530.5,6707.29087,misty,misty
1899,2053540.0,6707.29087,misty,misty
1900,2053568.4,6707.29087,misty,misty
1901,2053582.8,6707.29087,misty,misty
1902,2053606.5,6707.29087,misty,misty
1903,2053620.7,6707.29087,misty,misty
1904,2053644.7,6707.29087,misty,misty
1905,2053673.2,6707.29087,misty,misty
1906,2053139.0,6707.55035,misty,misty
1907,2043827.1,6712.02525,misty,misty
1908,2034501.4,6716.53282,misty,misty
1909,2025103.6,6721.24671,misty,misty
1910,2015697.5,6726.07362,misty,misty
1911,2006221.1,6730.73160,misty,misty
1912,1996751.5,6735.31997,misty,misty
1913,1987184.8,6740.11254,misty,misty
1914,1977640.0,6745.03080,misty,misty
1915,1968004.3,6749.97058,misty,misty
1916,1958382.0,6754.83499,misty,misty
1917,1948675.3,6759.90661,misty,misty
1918,1938983.1,6765.10475,misty,misty
1919,1929207.8,6770.14425,misty,misty
1920,1919452.0,6775.21040,misty,misty
1921,1909619.5,6780.48000,misty,misty
1922,1899785.1,6785.66734,misty,misty
1923,1889889.7,6790.88188,misty,misty
1924,1879991.9,6796.22981,misty,misty
1925,1870036.4,6801.79291,misty,misty
1926,1860078.5,6807.27667,misty,misty
1927,1850069.3,6812.59713,misty,misty
1928,1840062.3,6818.04646,misty,misty
1929,1829985.7,6823.71936,misty,misty
1930,1819923.4,6829.31782,misty,misty
1931,1809794.3,6834.92055,misty,misty
1932,1799680.1,6840.65643,misty,misty
1933,1789501.7,6846.43907,misty,misty
1934,1779341.8,6852.24848,misty,misty
1935,1769112.9,6858.08177,misty,misty
1936,1758906.3,6863.83599,misty,misty
1937,1748645.8,6869.61145,misty,misty
1938,1738383.1,6875.51948,misty,misty
1939,1728081.7,6881.63857,misty,misty
1940,1717778.4,6887.69273,misty,misty
1941,1707442.5,6893.77980,misty,misty
1942,1697097.4,6900.00019,misty,misty
1943,1686726.5,6906.25692,misty,misty
1944,1676358.0,6912.54080,misty,misty
1945,1665943.4,6918.85394,misty,misty
1946,1655546.9,6925.09049,misty,misty
1947,1645099.5,6931.34391,misty,misty
1948,1634674.2,6937.72981,misty,misty
1949,1624201.0,6943.97191,misty,misty
1950,1613750.0,6950.11455,misty,misty
1951,1603261.6,6956.63979,misty,misty
1952,1592780.9,6963.34491,misty,misty
1953,1582279.7,6969.92342,misty,misty
1954,1571773.1,6976.50724,misty,misty
1955,1561255.9,6983.29076,misty,misty
1956,1550733.6,6990.02424,misty,misty
1957,1540203.5,6996.76387,misty,misty
1958,1529672.6,7003.63290,misty,misty
1959,1519129.5,7010.56680,misty,misty
1960,1508600.1,7017.53267,misty,misty
1961,1498041.0,7024.53421,misty,misty
1962,1487506.3,7031.46320,misty,misty
1963,1476945.0,7038.39318,misty,misty
1964,1466408.9,7045.45102,misty,misty
1965,1455852.5,7052.56487,misty,misty
1966,1445315.6,7059.70914,misty,misty
1967,1434764.5,7066.88371,misty,misty
1968,1424233.6,7073.98490,misty,misty
1969,1413700.6,7081.25691,misty,misty
1970,1403174.2,7088.69405,misty,misty
1971,1392651.2,7096.04322,misty,misty
1972,1382139.4,7103.28589,misty,misty
1973,1371633.6,7110.69666,misty,misty
1974,1361140.5,7118.27754,misty,misty
1975,1350656.1,7125.73748,misty,misty
1976,1340193.6,7133.17799,misty,misty
1977,1329729.9,7140.82318,misty,misty
1978,1319292.3,7148.44473,misty,misty
1979,1308859.3,7156.07393,misty,misty
1980,1298453.4,7163.83263,misty,misty
1981,1288055.5,7171.49492,misty,misty
1982,1277686.3,7179.13872,misty,misty
1983,1267334.8,7186.96667,misty,misty
1984,1257003.0,7194.77214,misty,misty
1985,1246694.1,7202.57211,misty,misty
1986,1236409.1,7210.49769,misty,misty
1987,1226150.3,7218.50182,misty,misty
1988,1215917.5,7226.53956,misty,misty
1989,1205713.6,7234.46177,misty,misty
1990,1195538.7,7242.26109,misty,misty
1991,1185397.1,7250.19392,misty,misty
1992,1175288.3,7258.30315,misty,misty
1993,1165208.4,7266.48865,misty,misty
1994,1155168.7,7274.70738,misty,misty
1995,1145161.5,7282.95272,misty,misty
1996,1135196.9,7291.12828,misty,misty
1997,1125268.6,7299.15897,misty,misty
1998,1115386.3,7307.25630,misty,misty
1999,1105542.8,7315.56301,misty,misty
2000,1095747.1,7323.95901,misty,misty
2001,1085997.5,7332.37330,misty,misty
2002,1076294.8,7340.71536,misty,misty
2003,1066643.7,7349.05331,misty,misty
2004,1057043.0,7357.51790,misty,misty
2005,1047498.1,7365.94028,misty,misty
2006,1038006.9,7374.33595,misty,misty
2007,1028574.6,7382.84929,misty,misty
2008,1019200.8,7391.33938,misty,misty
2009,1009888.9,7399.71614,misty,misty
2010,1000640.0,7408.16391,misty,misty
2011,991457.5,7416.80419,misty,misty
2012,982341.3,7425.53429,misty,misty
2013,973296.5,7434.16057,misty,misty
2014,964321.8,7442.64742,misty,misty
2015,955423.5,7451.23338,misty,misty
2016,946599.6,7460.00658,misty,misty
2017,937854.6,7468.74533,misty,misty
2018,929192.5,7477.44249,misty,misty
2019,920611.8,7486.18013,misty,misty
2020,912118.4,7494.86292,misty,misty
2021,903712.9,7503.49544,misty,misty
2022,895399.4,7512.22885,misty,misty
2023,887177.7,7521.05063,misty,misty
2024,879049.1,7529.89983,misty,misty
2025,871027.2,7538.74738,misty,misty
2026,863098.4,7547.51008,misty,misty
2027,855280.3,7556.27447,misty,misty
2028,847563.8,7565.17661,misty,misty
2029,839962.4,7574.13625,misty,misty
2030,832473.9,7583.09988,misty,misty
2031,825089.1,7592.09277,misty,misty
2032,817832.5,7601.02601,misty,misty
2033,810689.8,7609.81266,misty,misty
2034,803678.1,7618.62732,misty,misty
2035,796788.4,7627.64458,misty,misty
2036,790033.5,7636.68936,misty,misty
2037,783405.9,7645.56844,misty,misty
2038,776919.4,7654.45588,misty,misty
2039,770565.3,7663.44211,misty,misty
2040,764347.2,7672.45555,misty,misty
2041,761487.1,7676.75766,misty,misty
2042,752363.8,7690.43531,misty,misty
2043,746600.1,7699.34528,misty,misty
2044,740980.0,7708.36444,misty,misty
2045,735525.1,7717.35775,misty,misty
2046,730214.1,7726.25838,misty,misty
2047,725084.2,7735.29178,misty,misty
2048,720097.4,7744.37457,misty,misty
2049,715282.0,7753.30696,misty,misty
2050,710646.2,7762.24773,misty,misty
2051,706170.6,7771.35712,misty,misty
2052,701880.2,7780.55711,misty,misty
2053,697747.5,7789.68845,misty,misty
2054,693817.3,7798.66756,misty,misty
2055,690041.8,7807.56228,misty,misty
2056,686454.3,7816.53249,misty,misty
2057,683063.3,7825.53412,misty,misty
2058,679844.1,7834.39660,misty,misty
2059,676825.0,7843.25820,misty,misty
2060,673972.4,7852.29274,misty,misty
2061,671337.7,7861.35523,misty,misty
2062,668863.3,7870.34176,misty,misty
2063,666609.5,7879.33654,misty,misty
2064,664516.3,7888.26454,misty,misty
2065,662621.6,7897.12394,misty,misty
2066,660935.4,7906.08216,misty,misty
2067,659415.2,7915.12517,misty,misty
2068,658121.0,7924.14965,misty,misty
2069,656982.9,7933.10643,misty,misty
2070,656062.1,7941.89262,misty,misty
2071,655312.6,7950.58770,misty,misty
2072,654751.9,7959.35513,misty,misty
2073,654397.0,7968.29946,misty,misty
2074,654200.1,7977.27974,misty,misty
2075,654225.8,7986.04565,misty,misty
2076,654395.7,7994.70084,misty,misty
2077,654775.9,8003.53065,misty,misty
2078,655314.6,8012.46117,misty,misty
2079,656050.3,8021.32724,misty,misty
2080,656939.1,8030.01213,misty,misty
2081,657989.6,8038.59556,misty,misty
2082,659249.3,8047.24294,misty,misty
2083,660634.2,8055.99980,misty,misty
2084,662212.2,8064.68494,misty,misty
2085,663930.1,8073.26718,misty,misty
2086,665824.2,8081.91770,misty,misty
2087,667851.8,8090.63160,misty,misty
2088,670015.5,8099.18397,misty,misty
2089,672372.4,8107.61157,misty,misty
2090,674824.3,8116.06599,misty,misty
2091,677452.3,8124.64130,misty,misty
2092,680189.4,8133.21345,misty,misty
2093,683085.1,8141.79618,misty,misty
2094,686081.3,8150.33231,misty,misty
2095,689229.4,8158.68873,misty,misty
2096,692457.6,8166.96482,misty,misty
2097,695819.4,8175.36744,misty,misty
2098,699311.2,8183.70774,misty,misty
2099,702894.7,8191.92745,misty,misty
2100,706600.4,8200.19575,misty,misty
2101,710390.4,8208.53566,misty,misty
2102,714293.8,8216.67909,misty,misty
2103,717089.9,8222.37908,misty,misty
2104,717029.4,8222.37908,misty,misty
2105,716993.1,8222.37908,misty,misty
2106,716932.7,8222.37908,misty,misty
2107,716896.4,8222.37908,misty,misty
2108,716835.8,8222.37908,misty,misty
2109,716799.6,8222.37908,misty,misty
2110,716727.1,8222.37908,misty,misty
2111,716666.5,8222.37908,misty,misty
2112,716630.1,8222.37908,misty,misty
2113,716569.7,8222.37908,misty,misty
2114,716533.5,8222.37908,misty,misty
2115,716473.1,8222.37908,misty,misty
2116,716436.9,8222.37908,misty,misty
2117,716364.2,8222.37908,misty,misty
2118,716340.0,8222.37908,misty,misty
2119,716267.6,8222.37908,misty,misty
2120,716207.0,8222.37908,misty,misty
2121,716170.7,8222.37908,misty,misty
2122,716146.4,8222.37908,misty,misty
2123,716146.4,8222.37908,misty,misty
2124,4.8,1633.80562,misty,misty
2125,7.5,0.27405,misty,misty
2126,15.9,0.40594,misty,misty
2127,20.3,0.40594,misty,misty
2128,36.1,0.40594,misty,misty
2129,39.0,0.40594,misty,misty
2130,47.8,0.40594,misty,misty
2131,50.8,0.40594,misty,misty
2132,59.9,0.40594,misty,misty
2133,67.5,0.40594,misty,misty
2134,72.2,0.40594,misty,misty
2135,80.5,0.37560,misty,misty
2136,77.6,0.20049,misty,misty
2137,81.1,0.11644,misty,misty
2138,78.3,0.11644,misty,misty
2139,81.6,0.11644,misty,misty
2140,83.6,0.11644,misty,misty
2141,82.2,0.11644,misty,misty
2142,85.7,0.11644,misty,misty
2143,82.5,0.11644,misty,misty
2144,86.1,0.11644,misty,misty
2145,82.8,0.11644,misty,misty
2146,86.3,0.11644,misty,misty
2147,84.8,0.11644,misty,misty
2148,86.4,0.11644,misty,misty
2149,89.8,0.11644,misty,misty
2150,86.4,0.11644,misty,misty
2151,89.8,0.11644,misty,misty
2152,86.5,0.11644,misty,misty
2153,89.7,0.11644,misty,misty
2154,87.8,0.11644,misty,misty
2155,89.4,0.11644,misty,misty
2156,92.5,0.11644,misty,misty
2157,89.1,0.11644,misty,misty
2158,92.3,0.11644,misty,misty
2159,88.6,0.11644,misty,misty
2160,91.7,0.11644,misty,misty
2161,89.6,0.11644,misty,misty
2162,91.2,0.11644,misty,misty
2163,94.3,0.11644,misty,misty
2164,90.6,0.11644,misty,misty
2165,93.5,0.11644,misty,misty
2166,91.4,0.11644,misty,misty
2167,92.7,0.11644,misty,misty
2168,90.6,0.11644,misty,misty
2169,91.6,0.11644,misty,misty
2170,89.6,0.11644,misty,misty
2171,90.7,0.11644,misty,misty
2172,93.6,0.11644,misty,misty
2173,91.3,0.11644,misty,misty
2174,92.3,0.11644,misty,misty
2175,90.1,0.11644,misty,misty
2176,91.1,0.11644,misty,misty
2177,88.8,0.11644,misty,misty
2178,89.8,0.11644,misty,misty
2179,92.3,0.11644,misty,misty
2180,89.9,0.11644,misty,misty
2181,90.8,0.11644,misty,misty
2182,88.3,0.11644,misty,misty
2183,89.1,0.11644,misty,misty
2184,86.8,0.11644,misty,misty
2185,87.5,0.11644,misty,misty
2186,85.1,0.11644,misty,misty
2187,87.3,0.11644,misty,misty
2188,87.9,0.11644,misty,misty
2189,85.3,0.11644,misty,misty
2190,86.1,0.11644,misty,misty
2191,83.4,0.11644,misty,misty
2192,85.6,0.11644,misty,misty
2193,85.8,0.11644,misty,misty
2194,83.4,0.11644,misty,misty
2195,83.7,0.22585,misty,misty
2196,81.3,0.34960,misty,misty
2197,81.6,0.40539,misty,misty
2198,79.0,0.40539,misty,misty
2199,80.6,0.40539,misty,misty
2200,76.7,0.40539,misty,misty
2201,78.2,0.40539,misty,misty
2202,78.5,0.40539,misty,misty
2203,75.7,0.40539,misty,misty
2204,75.9,0.40539,misty,misty
2205,73.2,0.40539,misty,misty
2206,74.4,0.40539,misty,misty
2207,70.6,0.40539,misty,misty
2208,71.7,0.24686,misty,misty
2209,69.1,0.11898,misty,misty
2210,68.9,0.11645,misty,misty
2211,68.6,0.11645,misty,misty
2212,66.2,0.11645,misty,misty
2213,66.9,0.11645,misty,misty
2214,63.5,0.11645,misty,misty
2215,63.9,0.11645,misty,misty
2216,61.5,0.11645,misty,misty
2217,60.9,0.11645,misty,misty
2218,60.3,0.11645,misty,misty
2219,57.9,0.11645,misty,misty
2220,58.2,0.11645,misty,misty
2221,54.9,0.11645,misty,misty
2222,54.9,0.11645,misty,misty
2223,52.6,0.11645,misty,misty
2224,51.7,0.11645,misty,misty
2225,51.7,0.11645,misty,misty
2226,48.6,0.11645,misty,misty
2227,48.3,0.11645,misty,misty
2228,45.3,0.11645,misty,misty
2229,45.1,0.11645,misty,misty
2230,42.7,0.11645,misty,misty
2231,42.0,0.11645,misty,misty
2232,39.7,0.11645,misty,misty
2233,38.8,0.11645,misty,misty
2234,38.5,0.11645,misty,misty
2235,36.1,0.11645,misty,misty
2236,36.1,0.11645,misty,misty
2237,34.7,0.11645,misty,misty
2238,34.3,0.11645,misty,misty
2239,32.7,0.11645,misty,misty
2240,33.0,0.11645,misty,misty
2241,33.6,0.11645,misty,misty
2242,32.3,0.11645,misty,misty
2243,32.5,0.11645,misty,misty
2244,31.7,0.11645,misty,misty
2245,31.7,0.11645,misty,misty
2246,31.0,0.11645,misty,misty
2247,31.4,0.11645,misty,misty
2248,30.6,0.11645,misty,misty
2249,31.3,0.11645,misty,misty
2250,32.0,0.11645,misty,misty
2251,31.0,0.11645,misty,misty
2252,31.4,0.11645,misty,misty
2253,30.6,0.11645,misty,misty
2254,30.8,0.11645,misty,misty
2255,29.9,0.11645,misty,misty
2256,31.2,0.11645,misty,misty
2257,31.3,0.11645,misty,misty
2258,30.7,0.11645,misty,misty
2259,31.0,0.11645,misty,misty
2260,30.6,0.11645,misty,misty
2261,30.3,0.11645,misty,misty
2262,29.8,0.11645,misty,misty
2263,28.5,0.11645,misty,misty
2264,29.4,0.11645,misty,misty
2265,30.4,0.20082,misty,misty
2266,30.8,0.40656,misty,misty
2267,30.3,0.40656,misty,misty
2268,30.5,0.40656,misty,misty
2269,29.7,0.40656,misty,misty
2270,30.6,0.40656,misty,misty
2271,29.4,0.40656,misty,misty
2272,30.6,0.40656,misty,misty
2273,29.9,0.40656,misty,misty
2274,30.1,0.40656,misty,misty
2275,30.7,0.40656,misty,misty
2276,31.7,0.40656,misty,misty
2277,31.0,0.40656,misty,misty
2278,30.3,0.29551,misty,misty
2279,31.0,0.14035,misty,misty
2280,30.2,0.11644,misty,misty
2281,30.5,0.11644,misty,misty
2282,31.7,0.11644,misty,misty
2283,30.4,0.11644,misty,misty
2284,31.3,0.11644,misty,misty
2285,30.5,0.11644,misty,misty
2286,30.9,0.11644,misty,misty
2287,30.6,0.11644,misty,misty
2288,31.1,0.11644,misty,misty
2289,30.5,0.11644,misty,misty
2290,30.4,0.11644,misty,misty
2291,31.9,0.11644,misty,misty
2292,31.1,0.11644,misty,misty
2293,31.3,0.11644,misty,misty
2294,30.8,0.11644,misty,misty
2295,30.7,0.11644,misty,misty
2296,30.4,0.11644,misty,misty
2297,30.7,0.11644,misty,misty
2298,31.9,0.11644,misty,misty
2299,31.4,0.11644,misty,misty
2300,31.8,0.11644,misty,misty
2301,31.3,0.11644,misty,misty
2302,31.5,0.11644,misty,misty
2303,30.8,0.11644,misty,misty
2304,31.3,0.11644,misty,misty
2305,30.5,0.11644,misty,misty
2306,31.8,0.11644,misty,misty
2307,32.5,0.11644,misty,misty
2308,31.5,0.11644,misty,misty
2309,32.5,0.11644,misty,misty
2310,31.3,0.11644,misty,misty
2311,31.8,0.11644,misty,misty
2312,31.3,0.11644,misty,misty
2313,31.8,0.20837,misty,misty
2314,32.5,0.40621,misty,misty
2315,31.8,0.40621,misty,misty
2316,32.3,0.40621,misty,misty
2317,31.3,0.42455,misty,misty
2318,32.6,0.56232,misty,misty
2319,31.3,0.56232,misty,misty
2320,32.1,0.56232,misty,misty
2321,30.8,0.56232,misty,misty
2322,31.6,0.56232,misty,misty
2323,32.1,0.56232,misty,misty
2324,31.7,0.56232,misty,misty
2325,32.2,0.56232,misty,misty
2326,31.2,0.50930,misty,misty
2327,32.2,0.42178,misty,misty
2328,31.0,0.40536,misty,misty
2329,31.8,0.40536,misty,misty
2330,32.3,0.33147,misty,misty
2331,31.6,0.16479,misty,misty
2332,32.4,0.11645,misty,misty
2333,31.4,0.11645,misty,misty
2334,32.4,0.11645,misty,misty
2335,30.9,0.11645,misty,misty
2336,31.7,0.11645,misty,misty
2337,31.2,0.11645,misty,misty
2338,31.7,0.11645,misty,misty
2339,32.8,0.11645,misty,misty
2340,31.5,0.11645,misty,misty
2341,32.1,0.11645,misty,misty
2342,31.6,0.11645,misty,misty
2343,31.6,0.11645,misty,misty
2344,31.1,0.11645,misty,misty
2345,31.2,0.11645,misty,misty
2346,32.0,0.11645,misty,misty
2347,30.5,0.11645,misty,misty
2348,31.5,0.11645,misty,misty
2349,30.8,0.11645,misty,misty
2350,31.1,0.11645,misty,misty
2351,30.3,0.11645,misty,misty
2352,30.4,0.11645,misty,misty
2353,30.1,0.11645,misty,misty
2354,29.9,0.11645,misty,misty
2355,29.4,0.11645,misty,misty
2356,30.0,0.11645,misty,misty
2357,30.5,0.11645,misty,misty
2358,29.8,0.11645,misty,misty
2359,30.1,0.11645,misty,misty
2360,29.5,0.11645,misty,misty
2361,29.6,0.12105,misty,misty
2362,28.8,0.13364,misty,misty
2363,29.4,0.14919,misty,misty
2364,29.9,0.14919,misty,misty
2365,29.0,0.14919,misty,misty
2366,29.2,0.14919,misty,misty
2367,28.2,0.14919,misty,misty
2368,29.2,0.14919,misty,misty
2369,27.8,0.14919,misty,misty
2370,28.6,0.14919,misty,misty
2371,27.8,0.14919,misty,misty
2372,27.8,0.14919,misty,misty
2373,28.1,0.14919,misty,misty
2374,27.6,0.14197,misty,misty
2375,27.9,0.25123,misty,misty
2376,27.1,0.30753,misty,misty
2377,27.4,0.40662,misty,misty
2378,26.1,0.40662,misty,misty
2379,26.9,0.40662,misty,misty
2380,26.8,0.40662,misty,misty
2381,26.0,0.40662,misty,misty
2382,26.8,0.40662,misty,misty
2383,25.5,0.40662,misty,misty
2384,26.1,0.40662,misty,misty
2385,25.0,0.40662,misty,misty
2386,25.6,0.40662,misty,misty
2387,25.0,0.40662,misty,misty
2388,24.8,0.37353,misty,misty
2389,25.1,0.19851,misty,misty
2390,23.8,0.11644,misty,misty
2391,24.3,0.11644,misty,misty
2392,23.5,0.11644,misty,misty
2393,23.6,0.11644,misty,misty
2394,24.4,0.11644,misty,misty
2395,22.8,0.11644,misty,misty
2396,23.4,0.11644,misty,misty
2397,22.6,0.11644,misty,misty
2398,22.6,0.11644,misty,misty
2399,22.1,0.11644,misty,misty
2400,21.8,0.11644,misty,misty
2401,20.8,0.11644,misty,misty
2402,21.1,0.11644,misty,misty
2403,21.6,0.11644,misty,misty
2404,20.6,0.11644,misty,misty
2405,20.6,0.11644,misty,misty
2406,19.8,0.11644,misty,misty
2407,20.1,0.11644,misty,misty
2408,19.0,0.11644,misty,misty
2409,19.0,0.11644,misty,misty
2410,18.7,0.11644,misty,misty
2411,18.2,0.11644,misty,misty
2412,18.5,0.11644,misty,misty
2413,17.7,0.11644,misty,misty
2414,17.5,0.11644,misty,misty
2415,16.7,0.11644,misty,misty
2416,16.7,0.11644,misty,misty
2417,15.7,0.11644,misty,misty
2418,15.9,0.11644,misty,misty
2419,15.5,0.11644,misty,misty
2420,15.1,0.11644,misty,misty
2421,14.9,0.11644,misty,misty
2422,14.3,0.11644,misty,misty
2423,14.1,0.11644,misty,misty
2424,13.2,0.11644,misty,misty
2425,13.2,0.11644,misty,misty
2426,12.7,0.11644,misty,misty
2427,12.7,0.11644,misty,misty
2428,12.1,0.11644,misty,misty
2429,11.6,0.11644,misty,misty
2430,11.1,0.11644,misty,misty
2431,10.5,0.11644,misty,misty
2432,10.3,0.11644,misty,misty
2433,9.7,0.11644,misty,misty
2434,9.2,0.11644,misty,misty
2435,8.9,0.11644,misty,misty
2436,8.4,0.11644,misty,misty
2437,8.1,0.11644,misty,misty
2438,7.3,0.11644,misty,misty
2439,7.0,0.11644,misty,misty
2440,6.4,0.11644,misty,misty
2441,6.1,0.11644,misty,misty
2442,5.8,0.11644,misty,misty
2443,5.5,0.11644,misty,misty
2444,5.0,0.11644,misty,misty
2445,4.4,0.11644,misty,misty
2446,3.7,0.11644,misty,misty
2447,3.4,0.11644,misty,misty
2448,2.8,0.11644,misty,misty
2449,2.5,0.11644,misty,misty
2450,2.2,0.11644,misty,misty
2451,1.7,0.11644,misty,misty
2452,1.4,0.11644,misty,misty
2453,101559.6,2356.27370,misty,misty
2454,101559.4,2379.62659,misty,misty
2455,101559.2,2379.62659,misty,misty
2456,101559.0,2379.62659,misty,misty
2457,101558.8,2379.62659,misty,misty
2458,101558.8,2379.62659,misty,misty
2459,101558.8,2379.62659,misty,misty
2460,101558.8,2379.62659,misty,misty
2461,101558.8,2379.62659,misty,misty
2462,101558.8,2379.62659,misty,misty
2463,101558.8,2379.62659,misty,misty
2464,101558.8,2379.62659,misty,misty
2465,101558.8,2379.62659,misty,misty
2466,101558.8,2379.62659,misty,misty
2467,101558.8,2379.62659,misty,misty
2468,101558.8,2379.62659,misty,misty
2469,101558.8,2379.62659,misty,misty
2470,101558.8,2379.62659,misty,misty
2471,101558.8,2379.62659,misty,misty
2472,101558.8,2379.62659,misty,misty
2473,101558.8,2379.62659,misty,misty
2474,101558.8,2379.62659,misty,misty
2475,101558.8,2379.62659,misty,misty
2476,101558.8,2379.62659,misty,misty
2477,101558.8,2379.62659,misty,misty
2478,101558.8,2379.62659,misty,misty
2479,101558.8,2379.62659,misty,misty
2480,101558.8,2379.62659,misty,misty
2481,101558.8,2379.62659,misty,misty
2482,101558.8,2379.62659,misty,misty
2483,101558.8,2379.62659,misty,misty
2484,101558.8,2379.62659,misty,misty
2485,101558.8,2379.62659,misty,misty
2486,101558.8,2379.62659,misty,misty
2487,101558.8,2379.62659,misty,misty
2488,101558.8,2379.62659,misty,misty
2489,101558.8,2379.62659,misty,misty
2490,101558.8,2379.62659,misty,misty
2491,101558.8,2379.62659,misty,misty
2492,101558.8,2379.62659,misty,misty
2493,101558.8,2379.62659,misty,misty
2494,101558.8,2379.62659,misty,misty
2495,101558.8,2379.62659,misty,misty
2496,101558.8,2379.62659,misty,misty
2497,100345.1,2328.22108,misty,misty
2498,98732.9,2250.58786,misty,misty
2499,97009.1,2120.33696,misty,misty
2500,95260.1,1972.24955,misty,misty
2501,93426.8,1787.26835,misty,misty
2502,91592.9,1591.03740,misty,misty
2503,89708.3,1374.50431,misty,misty
2504,87852.3,1159.07535,misty,misty
2505,85976.7,951.28001,misty,misty
2506,84156.5,781.54448,misty,misty
2507,82335.1,688.57523,misty,misty
2508,80588.6,709.52922,misty,misty
2509,78839.8,835.02062,misty,misty
2510,77170.4,1024.85806,misty,misty
2511,76692.2,1075.37553,misty,misty
2512,73843.5,1474.60731,misty,misty
2513,72134.2,1675.55379,misty,misty
2514,70459.7,1883.12952,misty,misty
2515,68629.8,2062.88194,misty,misty
2516,66785.8,2229.43096,misty,misty
2517,64690.5,2357.96563,misty,misty
2518,62517.9,2468.24985,misty,misty
2519,59984.3,2532.50794,misty,misty
2520,57300.1,2573.92341,misty,misty
2521,54138.2,2561.57214,misty,misty
2522,50746.3,2521.89910,misty,misty
2523,46757.0,2420.73673,misty,misty
2524,42454.9,2286.95737,misty,misty
2525,37437.2,2083.48913,misty,misty
2526,32022.0,1841.46221,misty,misty
2527,25776.2,1520.94043,misty,misty
2528,19047.5,1155.49468,misty,misty
2529,11378.3,704.01810,misty,misty
2530,3140.8,217.87592,misty,misty
2531,27253.0,2086.43735,misty,misty
2532,71300.5,5369.97587,misty,misty
2533,133796.8,8818.20716,misty,misty
2534,208059.5,10784.31189,misty,misty
2535,264021.6,10032.74920,misty,misty
2536,307935.1,8261.44642,misty,misty
2537,325712.0,7369.57164,misty,misty
2538,325712.0,7365.48754,misty,misty
2539,325712.0,7365.48754,misty,misty
2540,325712.0,7365.48754,misty,misty
2541,325712.0,7365.48754,misty,misty
2542,325712.0,7365.48754,misty,misty
2543,325712.0,7365.48754,misty,misty
2544,325712.0,7365.48754,misty,misty
2545,325712.0,7365.48754,misty,misty
2546,325712.0,7365.48754,misty,misty
2547,325712.0,7365.48754,misty,misty
2548,325712.0,7365.48754,misty,misty
2549,325712.0,7365.48754,misty,misty
2550,325712.0,7365.48754,misty,misty
2551,325712.0,7365.48754,misty,misty
2552,325712.0,7365.48754,misty,misty
2553,325712.0,7365.48754,misty,misty
2554,325712.0,7365.48754,misty,misty
2555,0.0,247.59206,misty,misty
2556,0.0,0.11929,misty,misty
2557,0.2,0.11929,misty,misty
2558,0.2,0.11929,misty,misty
2559,0.2,0.11929,misty,misty
2560,0.0,0.11929,misty,misty
2561,0.0,0.11929,misty,misty
2562,0.0,0.11929,misty,misty
2563,0.0,0.11929,misty,misty
2564,0.2,0.11929,misty,misty
2565,0.0,0.11929,misty,misty
2566,0.0,0.11929,misty,misty
2567,0.0,0.11929,misty,misty
2568,0.2,0.11929,misty,misty
2569,0.2,0.11929,misty,misty
2570,0.0,0.11929,misty,misty
2571,0.0,0.11929,misty,misty
2572,0.0,0.11929,misty,misty
2573,0.0,0.11929,misty,misty
2574,0.0,0.11929,misty,misty
2575,0.2,0.11929,misty,misty
2576,0.0,0.11929,misty,misty
2577,0.0,0.11929,misty,misty
2578,0.2,0.11929,misty,misty
2579,0.2,0.11929,misty,misty
2580,0.0,0.11929,misty,misty
2581,0.0,0.11929,misty,misty
2582,0.0,0.11929,misty,misty
2583,0.0,0.11929,misty,misty
2584,0.2,0.11929,misty,misty
2585,0.0,0.11929,misty,misty
2586,0.0,0.11929,misty,misty
2587,0.2,0.11929,misty,misty
2588,0.2,0.11929,misty,misty
2589,0.2,0.11929,misty,misty
2590,0.0,0.11929,misty,misty
2591,0.0,0.11929,misty,misty
2592,0.0,0.11929,misty,misty
2593,0.0,0.11929,misty,misty
2594,0.2,0.11929,misty,misty
2595,0.2,0.11929,misty,misty
2596,0.0,0.11929,misty,misty
2597,0.0,0.11929,misty,misty
2598,0.2,0.11929,misty,misty
2599,0.0,0.11929,misty,misty
2600,0.0,0.11929,misty,misty
2601,0.0,0.11929,misty,misty
2602,0.0,0.11929,misty,misty
2603,0.0,0.11929,misty,misty
2604,0.2,0.11929,misty,misty
2605,0.2,0.11929,misty,misty
2606,0.0,0.11929,misty,misty
2607,0.0,0.11929,misty,misty
2608,0.2,0.11929,misty,misty
2609,0.0,0.11929,misty,misty
2610,0.0,0.11929,misty,misty
2611,0.0,0.11929,misty,misty
2612,0.0,0.11929,misty,misty
2613,0.0,0.11929,misty,misty
2614,0.2,0.11929,misty,misty
2615,0.0,0.11929,misty,misty
2616,0.0,0.11929,misty,misty
2617,0.0,0.11929,misty,misty
2618,0.2,0.11929,misty,misty
2619,0.0,0.11929,misty,misty
2620,0.0,0.11929,misty,misty
2621,0.0,0.11929,misty,misty
2622,0.0,0.11929,misty,misty
2623,0.0,0.11929,misty,misty
2624,0.0,0.11929,misty,misty
2625,0.2,0.11929,misty,misty
2626,0.0,0.11929,misty,misty
2627,0.0,0.11929,misty,misty
2628,0.0,0.11929,misty,misty
2629,0.0,0.11929,misty,misty
2630,0.0,0.11929,misty,misty
2631,0.0,0.11929,misty,misty
2632,0.0,0.11929,misty,misty
2633,0.0,0.11929,misty,misty
2634,0.2,0.11929,misty,misty
2635,0.2,0.11929,misty,misty
2636,0.0,0.11929,misty,misty
2637,0.0,0.11929,misty,misty
2638,0.0,0.11929,misty,misty
2639,0.0,0.11929,misty,misty
2640,0.0,0.11929,misty,misty
2641,0.0,0.11929,misty,misty
2642,0.0,0.11929,misty,misty
2643,0.0,0.11929,misty,misty
2644,0.2,0.11929,misty,misty
2645,0.0,0.11929,misty,misty
2646,0.0,0.11929,misty,misty
2647,0.0,0.11929,misty,misty
2648,0.0,0.11929,misty,misty
2649,0.0,0.11929,misty,misty
2650,0.0,0.11929,misty,misty
2651,0.0,0.11929,misty,misty
2652,0.0,0.11929,misty,misty
2653,0.0,0.11929,misty,misty
2654,0.0,0.11929,misty,misty
2655,0.2,0.11929,misty,misty
2656,0.0,0.11929,misty,misty
2657,0.0,0.11929,misty,misty
2658,0.0,0.11929,misty,misty
2659,0.0,0.11929,misty,misty
2660,0.0,0.11929,misty,misty
2661,0.0,0.11929,misty,misty
2662,0.0,0.11929,misty,misty
2663,0.0,0.11929,misty,misty
2664,0.2,0.11929,misty,misty
2665,0.2,0.11929,misty,misty
2666,0.0,0.11929,misty,misty
2667,0.0,0.11929,misty,misty
2668,0.0,0.11929,misty,misty
2669,0.0,0.11929,misty,misty
2670,0.0,0.11929,misty,misty
2671,0.0,0.11929,misty,misty
2672,0.0,0.11929,misty,misty
2673,0.0,0.11929,misty,misty
2674,0.2,0.11929,misty,misty
2675,0.2,0.11929,misty,misty
2676,0.0,0.11929,misty,misty
2677,0.0,0.11929,misty,misty
2678,0.0,0.11929,misty,misty
2679,0.0,0.11929,misty,misty
2680,0.0,0.11929,misty,misty
2681,0.0,0.11929,misty,misty
2682,0.0,0.11929,misty,misty
2683,0.0,0.11929,misty,misty
2684,0.2,0.11929,misty,misty
2685,0.2,0.11929,misty,misty
2686,0.0,0.11929,misty,misty
2687,0.0,0.11929,misty,misty
2688,0.0,0.11929,misty,misty
2689,0.0,0.11929,misty,misty
2690,0.0,0.11929,misty,misty
2691,0.0,0.11929,misty,misty
2692,0.0,0.11929,misty,misty
2693,0.0,0.11929,misty,misty
2694,0.2,0.11929,misty,misty
2695,0.2,0.11929,misty,misty
2696,0.0,0.11929,misty,misty
2697,0.0,0.11929,misty,misty
2698,0.0,0.11929,misty,misty
2699,0.0,0.11929,misty,misty
2700,0.0,0.11929,misty,misty
2701,0.0,0.11929,misty,misty
2702,0.0,0.11929,misty,misty
2703,0.0,0.11929,misty,misty
2704,0.2,0.11929,misty,misty
2705,0.2,0.11929,misty,misty
2706,0.0,0.11929,misty,misty
2707,0.0,0.11929,misty,misty
2708,0.0,0.11929,misty,misty
2709,0.0,0.11929,misty,misty
2710,0.0,0.11929,misty,misty
2711,0.0,0.11929,misty,misty
2712,0.0,0.11929,misty,misty
2713,0.0,0.11929,misty,misty
2714,0.2,0.11929,misty,misty
2715,0.0,0.11929,misty,misty
2716,0.0,0.11929,misty,misty
2717,0.2,0.11929,misty,misty
2718,0.0,0.11929,misty,misty
2719,0.0,0.11929,misty,misty
2720,0.0,0.11929,misty,misty
2721,0.0,0.11929,misty,misty
2722,0.0,0.11929,misty,misty
2723,0.0,0.11929,misty,misty
2724,0.2,0.11929,misty,misty
2725,0.0,0.11929,misty,misty
2726,0.0,0.11929,misty,misty
2727,0.0,0.11929,misty,misty
2728,0.0,0.11929,misty,misty
2729,0.0,0.11929,misty,misty
2730,0.0,0.11929,misty,misty
2731,0.0,0.11929,misty,misty
2732,0.0,0.11929,misty,misty
2733,415904.5,10525.37665,misty,misty
2734,415905.1,11942.03865,misty,misty
2735,415905.1,11942.04001,misty,misty
2736,415905.3,11942.05100,misty,misty
2737,415907.1,11942.08051,misty,misty
2738,415907.8,11942.08828,misty,misty
2739,415911.4,11942.15327,misty,misty
2740,415914.4,11942.23576,misty,misty
2741,415917.2,11942.31624,misty,misty
2742,415923.1,11942.48517,misty,misty
2743,415925.4,11942.54153,misty,misty
2744,415933.0,11942.71074,misty,misty
2745,415936.0,11942.79349,misty,misty
2746,415945.3,11943.06137,misty,misty
2747,415950.4,11943.19629,misty,misty
2748,415959.8,11943.42396,misty,misty
2749,94.2,1435.06625,misty,misty
2750,99.4,12.92244,misty,misty
2751,118.8,15.42138,misty,misty
2752,126.9,16.65126,misty,misty
2753,143.4,18.99971,misty,misty
2754,151.5,20.01546,misty,misty
2755,168.8,22.29316,misty,misty
2756,190.1,25.08357,misty,misty
2757,194.2,25.60977,misty,misty
2758,216.6,28.84403,misty,misty
2759,225.4,30.24294,misty,misty
2760,243.5,32.63481,misty,misty
2761,251.9,33.66642,misty,misty
2762,271.0,36.40645,misty,misty
2763,278.8,37.65531,misty,misty
2764,298.7,40.34767,misty,misty
2765,327.0,44.20126,misty,misty
2766,333.4,45.12727,misty,misty
2767,356.0,48.28219,misty,misty
2768,362.2,49.24135,misty,misty
2769,385.3,52.61327,misty,misty
2770,391.0,53.54860,misty,misty
2771,414.6,56.90379,misty,misty
2772,446.6,61.30418,misty,misty
2773,453.6,62.36744,misty,misty
2774,477.7,65.78757,misty,misty
2775,484.1,66.69922,misty,misty
2776,508.9,70.12547,misty,misty
2777,514.7,71.07144,misty,misty
2778,540.3,74.88453,misty,misty
2779,579.2,80.42909,misty,misty
2780,583.3,81.09699,misty,misty
2781,612.0,85.31942,misty,misty
2782,615.6,85.97457,misty,misty
2783,644.9,90.23660,misty,misty
2784,648.1,90.70183,misty,misty
2785,678.2,94.97973,misty,misty
2786,680.8,95.54288,misty,misty
2787,725.3,102.09744,misty,misty
2788,755.7,106.55547,misty,misty
2789,759.6,107.25942,misty,misty
2790,790.7,111.97560,misty,misty
2791,793.8,112.69231,misty,misty
2792,841.1,119.60290,misty,misty
2793,828.1,117.80755,misty,misty
2794,876.9,125.11950,misty,misty
2795,912.6,130.44203,misty,misty
2796,913.1,130.61569,misty,misty
2797,949.5,136.06286,misty,misty
2798,949.4,136.29725,misty,misty
2799,1004.4,144.65600,misty,misty
2800,985.3,142.10911,misty,misty
2801,1041.8,150.49782,misty,misty
2802,1040.6,150.41582,misty,misty
2803,1079.5,156.21084,misty,misty
2804,1117.2,161.92004,misty,misty
2805,1116.9,162.10672,misty,misty
2806,1176.4,171.19288,misty,misty
2807,1154.5,168.17594,misty,misty
2808,1215.6,177.47753,misty,misty
2809,1214.2,177.47726,misty,misty
2810,1255.4,183.86613,misty,misty
2811,1298.8,190.57809,misty,misty
2812,1294.6,190.10310,misty,misty
2813,1362.7,200.43389,misty,misty
2814,1333.9,196.32389,misty,misty
2815,1403.5,206.94978,misty,misty
2816,1397.8,206.45538,misty,misty
2817,1443.6,213.55447,misty,misty
2818,1487.8,220.32501,misty,misty
2819,1482.3,219.74435,misty,misty
2820,1553.7,230.53254,misty,misty
2821,1519.9,225.49522,misty,misty
2822,1591.8,236.01851,misty,misty
2823,1583.7,234.94677,misty,misty
2824,1628.5,241.81739,misty,misty
2825,1618.4,240.32431,misty,misty
2826,1663.4,246.95186,misty,misty
2827,1738.6,258.23054,misty,misty
2828,1724.8,256.22225,misty,misty
2829,1771.0,262.90791,misty,misty
2830,1755.7,260.44563,misty,misty
2831,1801.2,267.12990,misty,misty
2832,1784.3,264.73286,misty,misty
2833,1829.3,271.37334,misty,misty
2834,1811.3,268.53258,misty,misty
2835,1887.1,279.53416,misty,misty
2836,1930.9,285.99520,misty,misty
2837,1912.2,283.34241,misty,misty
2838,1955.8,289.71381,misty,misty
2839,1935.4,286.57102,misty,misty
2840,1978.7,293.04965,misty,misty
2841,1956.7,289.89688,misty,misty
2842,2033.1,301.23209,misty,misty
2843,2077.4,307.91345,misty,misty
2844,2053.0,304.44073,misty,misty
2845,2096.8,310.91683,misty,misty
2846,2071.1,306.93070,misty,misty
2847,2114.4,313.22723,misty,misty
2848,2087.4,309.38217,misty,misty
2849,2165.3,321.01246,misty,misty
2850,2102.2,311.71286,misty,misty
2851,2179.9,323.21725,misty,misty
2852,2221.5,329.47529,misty,misty
2853,2192.8,325.28035,misty,misty
2854,2234.0,331.53863,misty,misty
2855,2203.9,327.06263,misty,misty
2856,2281.0,338.62115,misty,misty
2857,2213.4,328.49883,misty,misty
2858,2290.8,339.68238,misty,misty
2859,2332.1,345.89898,misty,misty
2860,2298.6,341.16489,misty,misty
2861,2339.4,347.60482,misty,misty
2862,2305.1,342.61330,misty,misty
2863,2382.7,354.03065,misty,misty
2864,2309.7,343.19856,misty,misty
2865,2387.1,354.94863,misty,misty
2866,2350.6,349.74305,misty,misty
2867,2389.8,355.69709,misty,misty
2868,2466.9,367.19000,misty,misty
2869,2391.2,355.95964,misty,misty
2870,2468.0,367.54915,misty,misty
2871,2545.1,379.03525,misty,misty
2872,2467.5,367.67816,misty,misty
2873,2428.0,362.10156,misty,misty
2874,2465.6,367.80061,misty,misty
2875,2425.3,361.64900,misty,misty
2876,2462.1,367.03444,misty,misty
2877,2537.9,378.57026,misty,misty
2878,2457.1,366.70721,misty,misty
2879,2532.6,378.34671,misty,misty
2880,2490.3,372.13467,misty,misty
2881,2525.8,377.54709,misty,misty
2882,2482.6,371.18447,misty,misty
2883,2517.7,376.71587,misty,misty
2884,2591.9,388.13957,misty,misty
2885,2508.1,375.59484,misty,misty
2886,2581.7,386.66309,misty,misty
2887,2536.5,380.02710,misty,misty
2888,2570.3,385.16485,misty,misty
2889,2524.4,378.46711,misty,misty
2890,2557.5,383.74338,misty,misty
2891,2510.7,377.06474,misty,misty
2892,2582.9,388.18947,misty,misty
2893,2615.1,392.98889,misty,misty
2894,2567.6,385.87251,misty,misty
2895,2599.0,390.71779,misty,misty
2896,2550.9,383.59512,misty,misty
2897,2581.5,388.45241,misty,misty
2898,2532.8,381.30828,misty,misty
2899,2602.4,391.86851,misty,misty
2900,2632.1,396.40456,misty,misty
2901,2582.4,389.24543,misty,misty
2902,2611.4,394.02403,misty,misty
2903,2561.4,386.69694,misty,misty
2904,2589.6,391.15646,misty,misty
2905,2538.9,383.59018,misty,misty
2906,2605.9,393.82499,misty,misty
2907,2593.5,392.10712,misty,misty
2908,2581.4,390.42604,misty,misty
2909,2607.7,394.63285,misty,misty
2910,2556.1,387.00070,misty,misty
2911,2581.5,391.22045,misty,misty
2912,2529.4,383.57474,misty,misty
2913,2592.7,393.15484,misty,misty
2914,2501.7,379.35041,misty,misty
2915,2563.9,389.14663,misty,misty
2916,2587.7,393.20028,misty,misty
2917,2610.2,396.74703,misty,misty
2918,2594.9,394.53025,misty,misty
2919,2503.5,380.80467,misty,misty
2920,2563.1,390.16208,misty,misty
2921,2471.8,376.39751,misty,misty
2922,2530.5,385.60414,misty,misty
2923,2476.2,377.52314,misty,misty
2924,2496.3,380.83798,misty,misty
2925,2552.8,389.52489,misty,misty
2926,2461.5,375.63777,misty,misty
2927,2516.7,384.23501,misty,misty
2928,2425.5,370.49428,misty,misty
2929,2479.8,379.38152,misty,misty
2930,2460.9,376.88629,misty,misty
2931,2441.8,373.88875,misty,misty
2932,2493.8,381.84201,misty,misty
2933,2403.0,368.22605,misty,misty
2934,2453.9,376.62789,misty,misty
2935,2363.4,362.86406,misty,misty
2936,2412.7,370.62293,misty,misty
2937,2357.1,362.26539,misty,misty
2938,2370.7,364.61747,misty,misty
2939,2315.3,356.29301,misty,misty
2940,2327.8,358.51282,misty,misty
2941,2373.5,365.94243,misty,misty
2942,2284.2,352.46185,misty,misty
2943,2328.5,359.40983,misty,misty
2944,2272.7,350.90831,misty,misty
2945,2282.5,352.71602,misty,misty
2946,2226.9,344.38411,misty,misty
2947,2235.9,346.32397,misty,misty
2948,2276.2,353.03622,misty,misty
2949,2220.1,344.27408,misty,misty
2950,2227.4,345.36311,misty,misty
2951,2171.6,337.04300,misty,misty
2952,2177.6,338.41917,misty,misty
2953,2122.0,330.03471,misty,misty
2954,2127.2,331.11889,misty,misty
2955,2071.9,322.84280,misty,misty
2956,2105.3,328.53008,misty,misty
2957,2108.3,329.37755,misty,misty
2958,2052.9,321.05401,misty,misty
2959,2055.0,321.76274,misty,misty
2960,1999.9,313.43376,misty,misty
2961,2000.8,313.82551,misty,misty
2962,1946.0,305.32802,misty,misty
2963,1973.4,309.93290,misty,misty
2964,1891.8,297.33987,misty,misty
2965,1917.4,302.14775,misty,misty
2966,1915.3,302.53812,misty,misty
2967,1861.0,294.26523,misty,misty
2968,1857.6,294.09481,misty,misty
2969,1758.2,278.61201,misty,misty
2970,1823.8,289.30363,misty,misty
2971,1746.3,277.23797,misty,misty
2972,1764.3,280.66508,misty,misty
2973,1757.8,280.13687,misty,misty
2974,1704.1,272.01983,misty,misty
2975,1696.4,271.24761,misty,misty
2976,1643.3,263.10028,misty,misty
2977,1656.6,265.99042,misty,misty
2978,1582.4,254.62725,misty,misty
2979,1593.8,257.05131,misty,misty
2980,1541.2,248.94016,misty,misty
2981,1530.5,247.53899,misty,misty
2982,1517.9,245.93741,misty,misty
2983,1466.9,238.22775,misty,misty
2984,1579.5,257.22399,misty,misty
2985,1633.4,266.20726,misty,misty
2986,1623.2,265.18807,misty,misty
2987,1355.2,222.72321,misty,misty
2988,1338.4,220.65659,misty,misty
2989,1337.4,221.43492,misty,misty
2990,1271.3,211.08723,misty,misty
2991,1268.2,211.46074,misty,misty
2992,1218.6,203.81227,misty,misty
2993,1199.0,201.35669,misty,misty
2994,1149.9,193.87235,misty,misty
2995,1129.5,191.53856,misty,misty
2996,1080.9,184.21276,misty,misty
2997,1059.5,181.50809,misty,misty
2998,1047.0,180.46584,misty,misty
2999,1000.1,173.12568,misty,misty
3000,974.3,169.86163,misty,misty
3001,928.5,162.97735,misty,misty
3002,901.3,159.72417,misty,misty
3003,856.6,152.81580,misty,misty
3004,828.2,149.07266,misty,misty
3005,807.3,147.02991,misty,misty
3006,762.1,140.08830,misty,misty
3007,732.0,136.54565,misty,misty
3008,687.5,129.99240,misty,misty
3009,656.2,125.91333,misty,misty
3010,612.6,119.05276,misty,misty
3011,580.7,115.10479,misty,misty
3012,537.9,108.66205,misty,misty
3013,507.5,105.76802,misty,misty
3014,471.4,101.52368,misty,misty
3015,432.0,95.53532,misty,misty
3016,397.3,91.30906,misty,misty
3017,362.1,85.98513,misty,misty
3018,331.6,82.41872,misty,misty
3019,301.1,77.81021,misty,misty
3020,277.1,75.71315,misty,misty
3021,255.1,73.03668,misty,misty
3022,229.3,68.82035,misty,misty
3023,212.0,66.73483,misty,misty
3024,191.1,63.16003,misty,misty
3025,180.1,62.44089,misty,misty
3026,162.0,58.69158,misty,misty
3027,155.6,58.32548,misty,misty
3028,144.1,55.75348,misty,misty
3029,140.3,55.13231,misty,misty
3030,137.2,54.51458,misty,misty
3031,132.3,52.76824,misty,misty
3032,133.1,53.21634,misty,misty
3033,127.2,50.62455,misty,misty
3034,127.7,50.28040,misty,misty
3035,126.5,49.77777,misty,misty
3036,122.1,48.08438,misty,misty
3037,121.1,47.74858,misty,misty
3038,116.9,46.21668,misty,misty
3039,117.5,46.39663,misty,misty
3040,112.0,44.20163,misty,misty
3041,112.3,44.33540,misty,misty
3042,108.5,42.75218,misty,misty
3043,107.4,42.36880,misty,misty
3044,106.4,42.02172,misty,misty
3045,102.6,40.57669,misty,misty
3046,102.6,40.69266,misty,misty
3047,98.0,38.59770,misty,misty
3048,98.0,38.39827,misty,misty
3049,94.6,37.31960,misty,misty
3050,93.4,37.31532,misty,misty
3051,92.4,37.07687,misty,misty
3052,89.3,35.83608,misty,misty
3053,89.3,35.83509,misty,misty
3054,84.9,34.13108,misty,misty
3055,84.9,34.04715,misty,misty
3056,81.6,32.74909,misty,misty
3057,80.6,32.30118,misty,misty
3058,79.6,31.83362,misty,misty
3059,76.5,30.61531,misty,misty
3060,76.2,30.50442,misty,misty
3061,72.6,28.99538,misty,misty
3062,72.4,28.97790,misty,misty
3063,69.3,27.94120,misty,misty
3064,68.3,27.62365,misty,misty
3065,65.9,26.54665,misty,misty
3066,64.6,26.07384,misty,misty
3067,62.3,24.96649,misty,misty
3068,61.8,24.75319,misty,misty
3069,60.8,24.38567,misty,misty
3070,58.2,23.51192,misty,misty
3071,57.2,23.04025,misty,misty
3072,55.1,22.03377,misty,misty
3073,54.1,21.66380,misty,misty
3074,51.5,20.86092,misty,misty
3075,51.3,20.69748,misty,misty
3076,48.4,19.56422,misty,misty
3077,47.9,19.40974,misty,misty
3078,46.9,19.07278,misty,misty
3079,45.1,18.18014,misty,misty
3080,43.9,17.66233,misty,misty
3081,42.1,16.92931,misty,misty
3082,41.8,16.94841,misty,misty
3083,39.5,15.94163,misty,misty
3084,38.9,15.35107,misty,misty
3085,37.9,14.98053,misty,misty
3086,36.1,14.34174,misty,misty
3087,35.1,14.17747,misty,misty
3088,33.4,13.70231,misty,misty
3089,32.9,13.51364,misty,misty
3090,31.0,12.69550,misty,misty
3091,30.5,12.37219,misty,misty
3092,28.7,11.72134,misty,misty
3093,28.2,11.33155,misty,misty
3094,27.2,10.99916,misty,misty
3095,25.6,10.50547,misty,misty
3096,25.2,10.45253,misty,misty
3097,23.8,9.69569,misty,misty
3098,23.0,9.11597,misty,misty
3099,21.5,8.64280,misty,misty
3100,21.0,8.84552,misty,misty
3101,19.7,8.38544,misty,misty
3102,19.0,7.78853,misty,misty
3103,18.5,7.38204,misty,misty
3104,17.2,6.76349,misty,misty
3105,16.4,6.59272,misty,misty
3106,15.6,6.29912,misty,misty
3107,14.9,6.09704,misty,misty
3108,14.1,5.77825,misty,misty
3109,13.3,5.50455,misty,misty
3110,12.8,5.29156,misty,misty
3111,11.8,4.82009,misty,misty
3112,11.3,4.54456,misty,misty
3113,10.5,4.19240,misty,misty
3114,9.7,3.91627,misty,misty
3115,9.0,3.58618,misty,misty
3116,8.8,3.27626,misty,misty
3117,7.8,3.23317,misty,misty
3118,7.2,3.16204,misty,misty
3119,6.8,3.02317,misty,misty
3120,6.0,2.72093,misty,misty
3121,5.7,2.40476,misty,misty
3122,5.2,2.07882,misty,misty
3123,4.8,1.84011,misty,misty
3124,4.3,1.67548,misty,misty
3125,4.0,1.45923,misty,misty
3126,3.7,1.20383,misty,misty
3127,1201068.7,12751.46653,misty,misty
3128,1201068.5,10819.12977,misty,misty
3129,1201068.2,10819.13007,misty,misty
3130,1201068.1,10819.13007,misty,misty
3131,1201067.8,10819.15325,misty,misty
3132,1201067.8,10819.20197,misty,misty
3133,1201067.8,10819.24074,misty,misty
3134,1201067.9,10819.26992,misty,misty
3135,1201067.7,10819.28508,misty,misty
3136,1201067.8,10819.28508,misty,misty
3137,1201067.7,10819.28508,misty,misty
3138,1201067.7,10819.28508,misty,misty
3139,1201067.8,10819.28508,misty,misty
3140,1201067.8,10819.28508,misty,misty
3141,1201068.0,10819.28508,misty,misty
3142,1201068.0,10819.28508,misty,misty
3143,109.3,2077.76829,misty,misty
3144,112.4,0.12058,misty,misty
3145,111.9,0.12058,misty,misty
3146,116.7,0.12058,misty,misty
3147,114.2,0.12058,misty,misty
3148,118.9,0.12058,misty,misty
3149,118.0,0.12058,misty,misty
3150,120.8,0.12058,misty,misty
3151,123.5,0.12058,misty,misty
3152,122.4,0.12058,misty,misty
3153,126.9,0.12058,misty,misty
3154,123.7,0.12058,misty,misty
3155,128.1,0.12058,misty,misty
3156,126.6,0.12058,misty,misty
3157,129.0,0.12058,misty,misty
3158,131.3,0.12058,misty,misty
3159,129.7,0.12058,misty,misty
3160,133.8,0.12058,misty,misty
3161,130.0,0.12058,misty,misty
3162,134.0,0.12058,misty,misty
3163,132.1,0.12058,misty,misty
3164,134.0,0.12058,misty,misty
3165,132.0,0.12058,misty,misty
3166,133.7,0.12058,misty,misty
3167,137.4,0.12058,misty,misty
3168,133.2,0.12058,misty,misty
3169,136.7,0.12058,misty,misty
3170,134.4,0.12058,misty,misty
3171,135.8,0.12058,misty,misty
3172,133.3,0.12058,misty,misty
3173,134.6,0.12058,misty,misty
3174,132.0,0.12058,misty,misty
3175,133.2,0.12058,misty,misty
3176,136.1,0.12058,misty,misty
3177,133.4,0.12058,misty,misty
3178,134.3,0.12058,misty,misty
3179,131.4,0.12058,misty,misty
3180,132.2,0.12058,misty,misty
3181,134.6,0.12058,misty,misty
3182,131.6,0.12058,misty,misty
3183,132.1,0.12058,misty,misty
3184,129.0,0.12058,misty,misty
3185,129.4,0.12058,misty,misty
3186,126.2,0.12058,misty,misty
3187,126.4,0.12058,misty,misty
3188,123.2,0.12058,misty,misty
3189,124.8,0.12058,misty,misty
3190,124.8,0.12058,misty,misty
3191,121.4,0.12058,misty,misty
3192,121.1,0.12058,misty,misty
3193,117.7,0.12058,misty,misty
3194,117.3,0.12058,misty,misty
3195,113.9,0.12058,misty,misty
3196,114.7,0.12058,misty,misty
3197,113.9,0.12058,misty,misty
3198,110.4,0.12058,misty,misty
3199,109.4,0.12058,misty,misty
3200,105.9,0.12058,misty,misty
3201,104.8,0.12058,misty,misty
3202,101.2,0.12058,misty,misty
3203,96.7,0.12058,misty,misty
3204,97.3,0.12058,misty,misty
3205,97.4,0.12058,misty,misty
3206,95.3,0.12058,misty,misty
3207,91.4,0.12058,misty,misty
3208,89.5,0.12058,misty,misty
3209,85.8,0.12058,misty,misty
3210,85.1,0.12058,misty,misty
3211,81.5,0.12058,misty,misty
3212,76.9,0.12058,misty,misty
3213,75.0,0.12058,misty,misty
3214,72.0,0.12058,misty,misty
3215,69.5,0.12058,misty,misty
3216,65.4,0.12058,misty,misty
3217,62.8,0.12058,misty,misty
3218,59.0,0.12058,misty,misty
3219,57.5,0.12058,misty,misty
3220,52.9,0.12058,misty,misty
3221,48.6,0.12058,misty,misty
3222,47.4,0.12058,misty,misty
3223,44.4,0.12058,misty,misty
3224,43.2,0.12058,misty,misty
3225,40.6,0.12058,misty,misty
3226,39.0,0.12058,misty,misty
3227,36.7,0.12058,misty,misty
3228,37.0,0.12058,misty,misty
3229,37.6,0.12058,misty,misty
3230,34.6,0.12058,misty,misty
3231,33.6,0.12058,misty,misty
3232,33.1,0.12058,misty,misty
3233,33.4,0.12058,misty,misty
3234,32.8,0.12058,misty,misty
3235,34.6,0.12058,misty,misty
3236,34.9,0.12058,misty,misty
3237,35.7,0.12058,misty,misty
3238,35.2,0.12058,misty,misty
3239,35.5,0.12058,misty,misty
3240,33.8,0.12058,misty,misty
3241,31.8,0.12058,misty,misty
3242,30.7,0.12058,misty,misty
3243,31.0,0.12058,misty,misty
3244,31.9,0.12058,misty,misty
3245,31.3,0.12058,misty,misty
3246,29.9,0.12058,misty,misty
3247,27.9,0.12058,misty,misty
3248,27.4,0.12058,misty,misty
3249,26.8,0.12058,misty,misty
3250,25.9,0.12058,misty,misty
3251,23.9,0.12058,misty,misty
3252,23.4,0.12058,misty,misty
3253,23.7,0.12058,misty,misty
3254,23.2,0.12058,misty,misty
3255,23.5,0.12058,misty,misty
3256,22.0,0.12058,misty,misty
3257,20.0,0.12058,misty,misty
3258,20.7,0.12058,misty,misty
3259,23.5,0.12058,misty,misty
3260,22.0,0.12058,misty,misty
3261,20.0,0.12058,misty,misty
3262,18.0,0.12058,misty,misty
3263,16.0,0.12058,misty,misty
3264,17.8,0.12058,misty,misty
3265,18.8,0.12058,misty,misty
3266,18.0,0.12058,misty,misty
3267,16.0,0.12058,misty,misty
3268,17.3,0.12058,misty,misty
3269,19.7,0.12058,misty,misty
3270,18.1,0.12058,misty,misty
3271,16.1,0.12058,misty,misty
3272,14.1,0.12058,misty,misty
3273,12.1,0.12058,misty,misty
3274,12.6,0.12058,misty,misty
3275,15.4,0.12058,misty,misty
3276,14.1,0.12058,misty,misty
3277,12.1,0.12058,misty,misty
3278,12.0,0.12058,misty,misty
3279,12.0,0.12058,misty,misty
3280,12.0,0.12058,misty,misty
3281,12.0,0.12058,misty,misty
3282,11.6,0.12058,misty,misty
3283,11.0,0.12058,misty,misty
3284,12.0,0.12058,misty,misty
3285,12.0,0.12058,misty,misty
3286,10.2,0.12058,misty,misty
3287,8.2,0.12058,misty,misty
3288,8.0,0.12058,misty,misty
3289,8.0,0.12058,misty,misty
3290,8.0,0.12058,misty,misty
3291,8.0,0.12058,misty,misty
3292,6.2,0.12058,misty,misty
3293,4.2,0.12058,misty,misty
3294,4.0,0.12058,misty,misty
3295,4.0,0.12058,misty,misty
3296,4.0,0.12058,misty,misty
3297,4.0,0.12058,misty,misty
3298,4.0,0.12058,misty,misty
3299,4.0,0.12058,misty,misty
3300,3.4,0.12058,misty,misty
3301,4.2,0.12058,misty,misty
3302,4.0,0.12058,misty,misty
3303,4.0,0.12058,misty,misty
3304,4.0,0.12058,misty,misty
3305,4.0,0.12058,misty,misty
3306,4.0,0.12058,misty,misty
3307,4.0,0.12058,misty,misty
3308,4.0,0.12058,misty,misty
3309,4.0,0.12058,misty,misty
3310,4.0,0.12058,misty,misty
3311,4.0,0.12058,misty,misty
3312,2.5,0.12058,misty,misty
3313,1.1,0.12058,misty,misty
3314,0.0,0.12058,misty,misty
3315,0.0,0.12058,misty,misty
3316,0.0,0.12058,misty,misty
3317,0.0,0.12058,misty,misty
3318,1.6,0.12058,misty,misty
3319,3.6,0.12058,misty,misty
3320,4.0,0.12058,misty,misty
3321,4.0,0.12058,misty,misty
3322,4.0,0.12058,misty,misty
3323,4.0,0.12058,misty,misty
3324,4.0,0.12058,misty,misty
3325,4.0,0.12058,misty,misty
3326,4.0,0.12058,misty,misty
3327,4.0,0.12058,misty,misty
3328,4.0,0.12058,misty,misty
3329,4.0,0.12058,misty,misty
3330,2.5,0.12058,misty,misty
3331,0.6,0.12058,misty,misty
3332,1.3,0.12058,misty,misty
3333,3.6,0.12058,misty,misty
3334,4.0,0.12058,misty,misty
3335,4.0,0.12058,misty,misty
3336,4.0,0.12058,misty,misty
3337,4.0,0.12058,misty,misty
3338,4.0,0.12058,misty,misty
3339,4.0,0.12058,misty,misty
3340,4.0,0.12058,misty,misty
3341,4.0,0.12058,misty,misty
3342,4.0,0.12058,misty,misty
3343,4.0,0.12058,misty,misty
3344,5.7,0.12058,misty,misty
3345,7.1,0.12058,misty,misty
3346,8.0,0.12058,misty,misty
3347,8.0,0.12058,misty,misty
3348,8.0,0.12058,misty,misty
3349,8.0,0.12058,misty,misty
3350,6.7,0.12058,misty,misty
3351,4.7,0.12058,misty,misty
3352,4.0,0.12058,misty,misty
3353,4.0,0.12058,misty,misty
3354,6.3,0.12058,misty,misty
3355,7.2,0.12058,misty,misty
3356,8.0,0.12058,misty,misty
3357,8.0,0.12058,misty,misty
3358,8.0,0.12058,misty,misty
3359,8.0,0.12058,misty,misty
3360,8.0,0.12058,misty,misty
3361,8.0,0.12058,misty,misty
3362,6.8,0.12058,misty,misty
3363,4.9,0.12058,misty,misty
3364,5.1,0.12058,misty,misty
3365,7.9,0.12058,misty,misty
3366,8.0,0.12058,misty,misty
3367,8.0,0.12058,misty,misty
3368,8.0,0.12058,misty,misty
3369,8.0,0.12058,misty,misty
3370,8.0,0.12058,misty,misty
3371,8.0,0.12058,misty,misty
3372,6.9,0.12058,misty,misty
3373,4.9,0.12058,misty,misty
3374,5.7,0.12058,misty,misty
3375,7.1,0.12058,misty,misty
3376,8.0,0.12058,misty,misty
3377,8.0,0.12058,misty,misty
3378,8.0,0.12058,misty,misty
3379,8.0,0.12058,misty,misty
3380,8.0,0.12058,misty,misty
3381,8.0,0.12058,misty,misty
3382,6.9,0.12058,misty,misty
3383,5.0,0.12058,misty,misty
3384,4.9,0.12058,misty,misty
3385,7.7,0.12058,misty,misty
3386,8.0,0.12058,misty,misty
3387,8.0,0.12058,misty,misty
3388,8.0,0.12058,misty,misty
3389,8.0,0.12058,misty,misty
3390,8.0,0.12058,misty,misty
3391,8.0,0.12058,misty,misty
3392,7.0,0.12058,misty,misty
3393,5.0,0.12058,misty,misty
3394,5.5,0.12058,misty,misty
3395,6.9,0.12058,misty,misty
3396,8.0,0.12058,misty,misty
3397,8.0,0.12058,misty,misty
3398,8.0,0.12058,misty,misty
3399,8.0,0.12058,misty,misty
3400,8.0,0.12058,misty,misty
3401,8.0,0.12058,misty,misty
3402,7.1,0.12058,misty,misty
3403,5.1,0.12058,misty,misty
3404,4.0,0.12058,misty,misty
3405,4.0,0.12058,misty,misty
3406,4.0,0.12058,misty,misty
3407,4.0,0.12058,misty,misty
3408,4.0,0.12058,misty,misty
3409,4.0,0.12058,misty,misty
3410,5.4,0.12058,misty,misty
3411,6.8,0.12058,misty,misty
3412,7.2,0.12058,misty,misty
3413,5.2,0.12058,misty,misty
3414,4.0,0.12058,misty,misty
3415,4.0,0.12058,misty,misty
3416,4.0,0.12058,misty,misty
3417,4.0,0.12058,misty,misty
3418,4.0,0.12058,misty,misty
3419,4.0,0.12058,misty,misty
3420,4.0,0.12058,misty,misty
3421,4.0,0.12058,misty,misty
3422,4.0,0.12058,misty,misty
3423,4.0,0.12058,misty,misty
3424,4.0,0.12058,misty,misty
3425,4.0,0.12058,misty,misty
3426,1314.2,5.87297,misty,misty
3427,2764.9,20.87191,misty,misty
3428,8304.4,51.49104,misty,misty
3429,14865.6,127.31605,misty,misty
3430,20451.8,217.83976,misty,misty
3431,30124.7,307.85941,misty,misty
3432,36804.9,449.94958,misty,misty
3433,48548.0,566.24598,misty,misty
3434,55922.4,756.41787,misty,misty
3435,71258.7,901.81904,misty,misty
3436,73686.5,1171.36973,misty,misty
3437,91706.5,1246.43894,misty,misty
3438,103758.0,1620.34530,misty,misty
3439,110804.3,1894.77314,misty,misty
3440,121311.8,2076.36015,misty,misty
3441,132637.9,2356.41043,misty,misty
3442,136575.6,2668.76702,misty,misty
3443,143138.5,2791.60827,misty,misty
3444,144070.1,2988.21401,misty,misty
3445,144432.7,3028.52723,misty,misty
3446,141854.9,3075.36049,misty,misty
3447,136612.3,3039.65440,misty,misty
3448,131214.2,2961.47889,misty,misty
3449,123497.9,2868.13316,misty,misty
3450,115884.2,2745.20759,misty,misty
3451,106566.3,2607.42692,misty,misty
3452,97481.9,2443.15829,misty,misty
3453,87294.3,2264.09631,misty,misty
3454,80277.8,2067.55376,misty,misty
3455,67092.1,1898.94060,misty,misty
3456,57176.3,1619.17817,misty,misty
3457,47618.3,1378.99838,misty,misty
3458,38114.3,1137.62503,misty,misty
3459,30012.1,891.99140,misty,misty
3460,22449.9,666.39850,misty,misty
3461,17007.2,448.11205,misty,misty
3462,12231.6,280.26403,misty,misty
3463,10306.0,139.42094,misty,misty
3464,8680.6,82.11798,misty,misty
3465,8499.0,61.84798,misty,misty
3466,8226.7,59.86544,misty,misty
3467,7569.1,55.14461,misty,misty
3468,6922.9,50.36098,misty,misty
3469,6019.5,43.84845,misty,misty
3470,5183.5,37.71921,misty,misty
3471,4278.7,30.84581,misty,misty
3472,3439.9,24.47082,misty,misty
3473,2722.5,19.25734,misty,misty
3474,2102.8,14.79535,misty,misty
3475,1827.1,12.89985,misty,misty
3476,1529.9,10.79103,misty,misty
3477,1519.1,10.70246,misty,misty
3478,1461.9,10.14564,misty,misty
3479,1436.4,9.72870,misty,misty
3480,1381.4,9.34550,misty,misty
3481,1356.5,9.18841,misty,misty
3482,1341.6,8.87910,misty,misty
3483,1279.1,8.52920,misty,misty
3484,1264.4,8.58794,misty,misty
3485,1216.4,8.17638,misty,misty
3486,1189.8,7.85637,misty,misty
3487,1165.7,7.72304,misty,misty
3488,1118.0,7.42192,misty,misty
3489,1104.2,7.23888,misty,misty
3490,1058.4,6.90000,misty,misty
3491,1035.1,6.71158,misty,misty
3492,991.0,6.40955,misty,misty
3493,968.1,6.15543,misty,misty
3494,926.1,5.81052,misty,misty
3495,903.7,5.64310,misty,misty
3496,886.7,5.58863,misty,misty
3497,849.7,5.55598,misty,misty
3498,825.4,5.58097,misty,misty
3499,789.8,5.23714,misty,misty
3500,766.4,4.80508,misty,misty
3501,732.5,4.57656,misty,misty
3502,709.8,4.52026,misty,misty
3503,677.6,4.22413,misty,misty
3504,661.2,4.09941,misty,misty
3505,641.1,4.07070,misty,misty
3506,609.1,3.79625,misty,misty
3507,589.8,3.56787,misty,misty
3508,559.5,3.33937,misty,misty
3509,540.8,3.11119,misty,misty
3510,512.1,3.00755,misty,misty
3511,498.0,3.10130,misty,misty
3512,477.7,2.88447,misty,misty
3513,100334.7,14879.92916,misty,misty
3514,100350.7,13156.26704,misty,misty
3515,100360.0,13156.26581,misty,misty
3516,100374.0,13156.24466,misty,misty
3517,100382.2,13156.22832,misty,misty
3518,100397.3,13156.21771,misty,misty
3519,100402.0,13156.21771,misty,misty
3520,100414.9,13156.21771,misty,misty
3521,100425.1,13156.21771,misty,misty
3522,100430.3,13156.21771,misty,misty
3523,100438.9,13156.21771,misty,misty
3524,100443.3,13156.21771,misty,misty
3525,100452.1,13156.21771,misty,misty
3526,100454.4,13156.21771,misty,misty
3527,100461.6,13156.21771,misty,misty
3528,87114.7,2343.76453,misty,misty
3529,87112.4,2343.50417,misty,misty
3530,87109.7,2343.13497,misty,misty
3531,87108.7,2343.00482,misty,misty
3532,87105.4,2342.60605,misty,misty
3533,87104.3,2342.47220,misty,misty
3534,87099.9,2342.07825,misty,misty
3535,87097.8,2341.88335,misty,misty
3536,87094.0,2341.55852,misty,misty
3537,87091.6,2341.36409,misty,misty
3538,87087.2,2340.97595,misty,misty
3539,87081.5,2340.44033,misty,misty
3540,87078.9,2340.18102,misty,misty
3541,87072.4,2339.40268,misty,misty
3542,87068.8,2339.01365,misty,misty
3543,87062.7,2338.36472,misty,misty
3544,87058.3,2337.97208,misty,misty
3545,87051.4,2337.31435,misty,misty
3546,87045.4,2336.79271,misty,misty
3547,87038.8,2336.27265,misty,misty
3548,87028.8,2335.31561,misty,misty
3549,87023.7,2334.80018,misty,misty
3550,87014.0,2333.86027,misty,misty
3551,87004.6,2332.88963,misty,misty
3552,86998.5,2332.23425,misty,misty
3553,86985.6,2330.91665,misty,misty
3554,86981.2,2330.44460,misty,misty
3555,86967.6,2329.03065,misty,misty
3556,86960.6,2328.31429,misty,misty
3557,86948.4,2327.12175,misty,misty
3558,86941.1,2326.30621,misty,misty
3559,86928.7,2324.91655,misty,misty
3560,86912.8,2323.23486,misty,misty
3561,86905.0,2322.39216,misty,misty
3562,86891.0,2320.90425,misty,misty
3563,86882.9,2320.00598,misty,misty
3564,86868.4,2318.42348,misty,misty
3565,86859.9,2317.45988,misty,misty
3566,86845.0,2315.78625,misty,misty
3567,86836.2,2314.76332,misty,misty
3568,86817.9,2312.71603,misty,misty
3569,86802.8,2311.01085,misty,misty
3570,86793.0,2309.99281,misty,misty
3571,86777.5,2308.29785,misty,misty
3572,86767.5,2307.16023,misty,misty
3573,86751.6,2305.25006,misty,misty
3574,86741.5,2304.10273,misty,misty
3575,86722.0,2301.80951,misty,misty
3576,86705.0,2299.91459,misty,misty
3577,86695.1,2298.78004,misty,misty
3578,86677.9,2296.79585,misty,misty
3579,86667.8,2295.59553,misty,misty
3580,86650.4,2293.59402,misty,misty
3581,86639.7,2292.39475,misty,misty
3582,86619.2,2289.92188,misty,misty
3583,86611.9,2289.08740,misty,misty
3584,86591.1,2286.58019,misty,misty
3585,86573.3,2284.49171,misty,misty
3586,86562.8,2283.24026,misty,misty
3587,86541.5,2280.73098,misty,misty
3588,86534.4,2279.85874,misty,misty
3589,86513.0,2277.24645,misty,misty
3590,86505.5,2276.37828,misty,misty
3591,86484.4,2273.77677,misty,misty
3592,86466.4,2271.60355,misty,misty
3593,86455.9,2270.30079,misty,misty
3594,86434.4,2267.60938,misty,misty
3595,86426.9,2266.70716,misty,misty
3596,86405.9,2264.17847,misty,misty
3597,86398.5,2263.35746,misty,misty
3598,86377.6,2260.74169,misty,misty
3599,86359.8,2258.49229,misty,misty
3600,86349.0,2257.14953,misty,misty
3601,86328.3,2254.46710,misty,misty
3602,86321.0,2253.57162,misty,misty
3603,86300.5,2250.90039,misty,misty
3604,86293.3,2250.09083,misty,misty
3605,86273.0,2247.66629,misty,misty
3606,86262.4,2246.34703,misty,misty
3607,86245.3,2244.13344,misty,misty
3608,86235.3,2242.80467,misty,misty
3609,86218.4,2240.59044,misty,misty
3610,86198.9,2238.03607,misty,misty
3611,86188.7,2236.77509,misty,misty
3612,86172.7,2234.59111,misty,misty
3613,86162.7,2233.27236,misty,misty
3614,86147.0,2231.22488,misty,misty
3615,86137.1,2230.03273,misty,misty
3616,86121.7,2227.98700,misty,misty
3617,86102.9,2225.49977,misty,misty
3618,86093.5,2224.31229,misty,misty
3619,86078.5,2222.33709,misty,misty
3620,86069.8,2221.09500,misty,misty
3621,86054.8,2219.02590,misty,misty
3622,86046.2,2217.83692,misty,misty
3623,86031.5,2215.87678,misty,misty
3624,86023.2,2214.74050,misty,misty
3625,86006.2,2212.51200,misty,misty
3626,85992.3,2210.65302,misty,misty
3627,85984.3,2209.53893,misty,misty
3628,85970.8,2207.69183,misty,misty
3629,85963.0,2206.58665,misty,misty
3630,85950.4,2204.81129,misty,misty
3631,85942.5,2203.76731,misty,misty
3632,85927.9,2201.67585,misty,misty
3633,85915.4,2199.93916,misty,misty
3634,85908.5,2198.95657,misty,misty
3635,85896.6,2197.32141,misty,misty
3636,85889.9,2196.39248,misty,misty
3637,85879.0,2194.85637,misty,misty
3638,85872.1,2193.93322,misty,misty
3639,85859.5,2192.09002,misty,misty
3640,85855.1,2191.51187,misty,misty
3641,85843.1,2189.80260,misty,misty
3642,85833.6,2188.45666,misty,misty
3643,85827.5,2187.66074,misty,misty
3644,85818.5,2186.32747,misty,misty
3645,85813.2,2185.52735,misty,misty
3646,213.1,1794.06142,misty,misty
3647,206.6,0.11803,misty,misty
3648,195.5,0.11803,misty,misty
3649,189.0,0.11803,misty,misty
3650,178.5,0.11803,misty,misty
3651,165.4,0.11803,misty,misty
3652,160.9,0.11803,misty,misty
3653,148.3,0.11803,misty,misty
3654,141.8,0.11803,misty,misty
3655,130.7,0.11803,misty,misty
3656,124.2,0.11803,misty,misty
3657,113.6,0.11803,misty,misty
3658,100.5,0.11803,misty,misty
3659,96.0,0.11803,misty,misty
3660,82.9,0.11803,misty,misty
3661,76.4,0.11803,misty,misty
3662,65.9,0.11803,misty,misty
3663,59.3,0.11803,misty,misty
3664,48.8,0.11803,misty,misty
3665,42.2,0.11803,misty,misty
3666,31.2,0.11803,misty,misty
3667,18.1,0.11803,misty,misty
3668,11.6,0.11803,misty,misty
3669,1.0,0.11803,misty,misty
3670,2.1,0.11803,misty,misty
3671,15.6,0.11803,misty,misty
3672,22.1,0.11803,misty,misty
3673,33.8,0.11803,misty,misty
3674,45.8,0.11803,misty,misty
3675,51.3,0.11803,misty,misty
3676,62.8,0.11803,misty,misty
3677,69.8,0.11803,misty,misty
3678,81.5,0.11803,misty,misty
3679,89.0,0.11803,misty,misty
3680,99.1,0.11803,misty,misty
3681,104.5,0.11803,misty,misty
3682,117.6,0.11803,misty,misty
3683,129.8,0.11803,misty,misty
3684,135.3,0.11803,misty,misty
3685,144.9,0.11803,misty,misty
3686,151.4,0.11803,misty,misty
3687,165.3,0.11803,misty,misty
3688,170.3,0.11803,misty,misty
3689,183.3,0.11803,misty,misty
3690,182.4,0.11803,misty,misty
3691,179.3,0.11803,misty,misty
3692,180.8,0.11803,misty,misty
3693,178.3,0.11803,misty,misty
3694,182.5,0.11803,misty,misty
3695,177.5,0.11803,misty,misty
3696,180.6,0.11803,misty,misty
3697,182.7,0.11803,misty,misty
3698,179.5,0.11803,misty,misty
3699,181.4,0.11803,misty,misty
3700,179.4,0.11803,misty,misty
3701,182.3,0.11803,misty,misty
3702,184.0,0.11803,misty,misty
3703,182.0,0.11803,misty,misty
3704,183.4,0.11803,misty,misty
3705,180.4,0.11803,misty,misty
3706,182.1,0.11803,misty,misty
3707,179.2,0.11803,misty,misty
3708,183.0,0.11803,misty,misty
3709,178.4,0.11803,misty,misty
3710,182.5,0.11803,misty,misty
3711,183.6,0.11803,misty,misty
3712,180.5,0.11803,misty,misty
3713,183.1,0.11803,misty,misty
3714,180.5,0.11803,misty,misty
3715,183.4,0.11803,misty,misty
3716,178.3,0.11803,misty,misty
3717,182.4,0.11803,misty,misty
3718,178.5,0.11803,misty,misty
3719,178.1,0.11803,misty,misty
3720,181.6,0.11803,misty,misty
3721,180.0,0.11803,misty,misty
3722,183.9,0.11803,misty,misty
3723,179.3,0.11803,misty,misty
3724,183.4,0.11803,misty,misty
3725,180.4,0.11803,misty,misty
3726,181.4,0.11803,misty,misty
3727,178.5,0.11803,misty,misty
3728,179.1,0.11803,misty,misty
3729,181.1,0.11803,misty,misty
3730,177.6,0.11803,misty,misty
3731,184.2,0.11803,misty,misty
3732,181.0,0.11803,misty,misty
3733,182.9,0.11803,misty,misty
3734,180.9,0.11803,misty,misty
3735,181.5,0.11803,misty,misty
3736,185.6,0.11803,misty,misty
3737,180.5,0.11803,misty,misty
3738,184.5,0.11803,misty,misty
3739,181.4,0.11803,misty,misty
3740,183.1,0.11803,misty,misty
3741,180.7,0.11803,misty,misty
3742,182.1,0.11803,misty,misty
3743,179.1,0.11803,misty,misty
3744,183.6,0.11803,misty,misty
3745,185.1,0.11803,misty,misty
3746,181.9,0.11803,misty,misty
3747,183.4,0.11803,misty,misty
3748,181.4,0.11803,misty,misty
3749,182.4,0.11803,misty,misty
3750,179.3,0.11803,misty,misty
3751,183.4,0.11803,misty,misty
3752,185.0,0.11803,misty,misty
3753,182.6,0.11803,misty,misty
3754,184.6,0.11803,misty,misty
3755,182.2,0.11803,misty,misty
3756,183.0,0.11803,misty,misty
3757,179.9,0.11803,misty,misty
3758,184.4,0.11803,misty,misty
3759,183.9,0.11803,misty,misty
3760,182.9,0.11803,misty,misty
3761,184.6,0.11803,misty,misty
3762,180.5,0.11803,misty,misty
3763,179.4,0.11803,misty,misty
3764,178.5,0.11803,misty,misty
3765,184.8,0.11803,misty,misty
3766,179.6,0.11803,misty,misty
3767,183.9,0.11803,misty,misty
3768,181.4,0.11803,misty,misty
3769,183.1,0.11803,misty,misty
3770,186.6,0.11803,misty,misty
3771,181.5,0.11803,misty,misty
3772,183.5,0.11803,misty,misty
3773,176.9,0.11803,misty,misty
3774,181.9,0.11803,misty,misty
3775,180.8,0.11803,misty,misty
3776,183.0,0.11803,misty,misty
3777,180.0,0.11803,misty,misty
3778,182.6,0.11803,misty,misty
3779,185.6,0.11803,misty,misty
3780,180.9,0.11803,misty,misty
3781,184.9,0.11803,misty,misty
3782,182.4,0.11803,misty,misty
3783,183.9,0.11803,misty,misty
3784,180.9,0.11803,misty,misty
3785,182.5,0.11803,misty,misty
3786,179.6,0.11803,misty,misty
3787,181.1,0.11803,misty,misty
3788,185.6,0.11803,misty,misty
3789,183.2,0.11803,misty,misty
3790,184.1,0.11803,misty,misty
3791,180.9,0.11803,misty,misty
3792,183.4,0.11803,misty,misty
3793,181.0,0.11803,misty,misty
3794,182.0,0.11803,misty,misty
3795,186.1,0.11803,misty,misty
3796,183.0,0.11803,misty,misty
3797,184.9,0.11803,misty,misty
3798,182.5,0.11803,misty,misty
3799,184.2,0.11803,misty,misty
3800,180.6,0.11803,misty,misty
3801,182.6,0.11803,misty,misty
3802,186.6,0.11803,misty,misty
3803,184.1,0.11803,misty,misty
3804,185.0,0.11803,misty,misty
3805,181.8,0.11803,misty,misty
3806,182.9,0.11803,misty,misty
3807,178.4,0.11803,misty,misty
3808,182.9,0.11803,misty,misty
3809,186.4,0.11803,misty,misty
3810,184.4,0.11803,misty,misty
3811,186.1,0.11803,misty,misty
3812,183.0,0.11803,misty,misty
3813,184.4,0.11803,misty,misty
3814,181.8,0.11803,misty,misty
3815,185.9,0.11803,misty,misty
3816,179.4,0.11803,misty,misty
3817,180.9,0.11803,misty,misty
3818,184.5,0.11803,misty,misty
3819,183.5,0.11803,misty,misty
3820,185.5,0.11803,misty,misty
3821,182.4,0.11803,misty,misty
3822,186.0,0.11803,misty,misty
3823,182.2,0.11803,misty,misty
3824,185.6,0.11803,misty,misty
3825,182.4,0.11803,misty,misty
3826,70997.8,2275.19615,misty,misty
3827,70991.5,3292.31662,misty,misty
3828,70983.0,3292.31662,misty,misty
3829,70975.2,3292.31662,misty,misty
3830,70965.8,3292.31662,misty,misty
3831,70958.6,3292.31662,misty,misty
3832,70951.2,3292.31662,misty,misty
3833,70945.0,3292.31662,misty,misty
3834,70936.9,3292.31662,misty,misty
3835,70927.9,3292.31662,misty,misty
3836,70921.7,3292.31662,misty,misty
3837,70914.2,3292.31662,misty,misty
3838,70907.0,3292.31662,misty,misty
3839,70898.0,3292.31662,misty,misty
3840,70889.8,3292.31662,misty,misty
3841,70881.3,3292.31662,misty,misty
3842,70874.0,3292.31662,misty,misty
3843,70868.0,3292.31662,misty,misty
3844,70860.0,3292.31662,misty,misty
3845,70851.8,3292.31662,misty,misty
3846,70844.3,3292.31662,misty,misty
3847,70838.2,3292.31662,misty,misty
3848,70829.7,3292.31662,misty,misty
3849,70821.4,3292.31662,misty,misty
3850,70813.4,3292.31662,misty,misty
3851,70804.4,3292.31662,misty,misty
3852,70797.7,3292.31662,misty,misty
3853,70790.6,3292.31662,misty,misty
3854,70782.9,3292.31662,misty,misty
3855,70774.0,3292.31662,misty,misty
3856,70767.3,3292.31662,misty,misty
3857,70760.4,3292.31662,misty,misty
3858,70753.4,3292.31662,misty,misty
3859,70745.1,3292.31662,misty,misty
3860,70736.1,3292.31662,misty,misty
3861,70727.8,3292.31662,misty,misty
3862,70720.4,3292.31662,misty,misty
3863,70714.2,3292.31662,misty,misty
3864,70705.7,3292.31662,misty,misty
3865,70697.7,3292.31662,misty,misty
3866,70691.0,3292.31662,misty,misty
3867,70684.0,3292.31662,misty,misty
3868,70676.3,3292.31662,misty,misty
3869,70667.7,3292.31662,misty,misty
3870,70660.5,3292.31662,misty,misty
3871,70653.6,3292.31662,misty,misty
3872,49023.7,2697.83090,misty,misty
3873,13893.4,1575.44117,misty,misty
3874,128.8,476.67361,misty,misty
3875,128.1,0.11255,misty,misty
3876,126.9,0.11255,misty,misty
3877,126.9,0.11255,misty,misty
3878,125.7,0.11255,misty,misty
3879,125.3,0.11255,misty,misty
3880,124.0,0.11255,misty,misty
3881,124.5,0.11255,misty,misty
3882,124.1,0.11255,misty,misty
3883,122.6,0.11255,misty,misty
3884,122.7,0.11255,misty,misty
3885,122.0,0.11255,misty,misty
3886,122.0,0.11255,misty,misty
3887,120.2,0.11255,misty,misty
3888,120.2,0.11255,misty,misty
3889,119.6,0.11255,misty,misty
3890,119.3,0.11255,misty,misty
3891,118.9,0.11255,misty,misty
3892,116.0,0.11255,misty,misty
3893,114.0,0.11255,misty,misty
3894,112.0,0.11255,misty,misty
3895,112.0,0.11255,misty,misty
3896,110.8,0.11255,misty,misty
3897,110.1,0.11255,misty,misty
3898,110.1,0.11255,misty,misty
3899,109.2,0.11255,misty,misty
3900,109.2,0.11255,misty,misty
3901,107.7,0.11255,misty,misty
3902,107.4,0.11255,misty,misty
3903,106.8,0.11255,misty,misty
3904,102.7,0.11255,misty,misty
3905,100.3,0.11255,misty,misty
3906,99.9,0.11255,misty,misty
3907,101.8,0.11255,misty,misty
3908,100.9,0.11255,misty,misty
3909,100.3,0.11255,misty,misty
3910,99.9,0.11255,misty,misty
3911,101.2,0.11255,misty,misty
3912,99.5,0.11255,misty,misty
3913,96.6,0.11255,misty,misty
3914,96.3,0.11255,misty,misty
3915,95.6,0.11255,misty,misty
3916,96.5,0.11255,misty,misty
3917,95.6,0.11255,misty,misty
3918,95.7,0.11255,misty,misty
3919,94.1,0.11255,misty,misty
3920,92.7,0.11255,misty,misty
3921,90.9,0.11255,misty,misty
3922,90.8,0.11255,misty,misty
3923,91.4,0.11255,misty,misty
3924,90.9,0.11255,misty,misty
3925,90.7,0.11255,misty,misty
3926,89.3,0.11255,misty,misty
3927,87.9,0.11255,misty,misty
3928,85.6,0.11255,misty,misty
3929,84.7,0.11255,misty,misty
3930,83.6,0.11255,misty,misty
3931,82.2,0.11255,misty,misty
3932,81.3,0.11255,misty,misty
3933,82.8,0.11255,misty,misty
3934,81.7,0.11255,misty,misty
3935,79.0,0.11255,misty,misty
3936,78.2,0.11255,misty,misty
3937,77.4,0.11255,misty,misty
3938,78.4,0.11255,misty,misty
3939,78.8,0.11255,misty,misty
3940,77.5,0.11255,misty,misty
3941,77.3,0.11255,misty,misty
3942,75.3,0.11255,misty,misty
3943,74.9,0.11255,misty,misty
3944,74.8,0.11255,misty,misty
3945,73.3,0.11255,misty,misty
3946,73.1,0.11255,misty,misty
3947,72.4,0.11255,misty,misty
3948,71.9,0.11255,misty,misty
3949,69.7,0.11255,misty,misty
3950,69.2,0.11255,misty,misty
3951,68.3,0.11255,misty,misty
3952,68.7,0.11255,misty,misty
3953,68.3,0.11255,misty,misty
3954,67.7,0.11255,misty,misty
3955,69.8,0.11255,misty,misty
3956,67.8,0.11255,misty,misty
3957,65.1,0.11255,misty,misty
3958,63.7,0.11255,misty,misty
3959,65.9,0.11255,misty,misty
3960,65.2,0.11255,misty,misty
3961,64.7,0.11255,misty,misty
3962,64.4,0.11255,misty,misty
3963,62.7,0.11255,misty,misty
3964,61.7,0.11255,misty,misty
3965,60.4,0.11255,misty,misty
3966,60.5,0.11255,misty,misty
3967,57.6,0.11255,misty,misty
3968,57.1,0.11255,misty,misty
3969,55.7,0.11255,misty,misty
3970,55.1,0.11255,misty,misty
3971,53.6,0.11255,misty,misty
3972,53.1,0.11255,misty,misty
3973,53.3,0.11255,misty,misty
3974,54.4,0.11255,misty,misty
3975,53.2,0.11255,misty,misty
3976,52.7,0.11255,misty,misty
3977,51.6,0.11255,misty,misty
3978,49.7,0.11255,misty,misty
3979,49.6,0.11255,misty,misty
3980,49.2,0.11255,misty,misty
3981,49.9,0.11255,misty,misty
3982,49.4,0.11255,misty,misty
3983,48.5,0.11255,misty,misty
3984,47.1,0.11255,misty,misty
3985,47.2,0.11255,misty,misty
3986,46.4,0.11255,misty,misty
3987,44.8,0.11255,misty,misty
3988,44.3,0.11255,misty,misty
3989,43.2,0.11255,misty,misty
3990,44.6,0.11255,misty,misty
3991,43.6,0.11255,misty,misty
3992,44.3,0.11255,misty,misty
3993,41.9,0.11255,misty,misty
3994,39.4,0.11255,misty,misty
3995,39.9,0.11255,misty,misty
3996,40.0,0.11255,misty,misty
3997,40.1,0.11255,misty,misty
3998,38.5,0.11255,misty,misty
3999,37.6,0.11255,misty,misty
4000,35.6,0.11255,misty,misty
4001,34.8,0.11255,misty,misty
4002,35.0,0.11255,misty,misty
4003,32.9,0.11255,misty,misty
4004,31.9,0.11255,misty,misty
4005,30.6,0.11255,misty,misty
4006,31.9,0.11255,misty,misty
4007,30.6,0.11255,misty,misty
4008,28.8,0.11255,misty,misty
4009,27.6,0.11255,misty,misty
4010,26.2,0.11255,misty,misty
4011,26.9,0.11255,misty,misty
4012,25.6,0.11255,misty,misty
4013,26.9,0.11255,misty,misty
4014,26.4,0.11255,misty,misty
4015,24.5,0.11255,misty,misty
4016,21.9,0.11255,misty,misty
4017,21.8,0.11255,misty,misty
4018,23.8,0.11255,misty,misty
4019,21.5,0.11255,misty,misty
4020,21.5,0.11255,misty,misty
4021,20.3,0.11255,misty,misty
4022,19.8,0.11255,misty,misty
4023,18.0,0.11255,misty,misty
4024,17.4,0.11255,misty,misty
4025,16.8,0.11255,misty,misty
4026,17.2,0.11255,misty,misty
4027,17.9,0.11255,misty,misty
4028,16.9,0.11255,misty,misty
4029,16.2,0.11255,misty,misty
4030,14.8,0.11255,misty,misty
4031,13.6,0.11255,misty,misty
4032,12.2,0.11255,misty,misty
4033,12.4,0.11255,misty,misty
4034,13.3,0.11255,misty,misty
4035,12.4,0.11255,misty,misty
4036,12.4,0.11255,misty,misty
4037,10.5,0.11255,misty,misty
4038,8.8,0.11255,misty,misty
4039,6.6,0.11255,misty,misty
4040,5.7,0.11255,misty,misty
4041,3.5,0.11255,misty,misty
4042,3.5,0.11255,misty,misty
4043,4.2,0.11255,misty,misty
4044,4.6,0.11255,misty,misty
4045,2.9,0.11255,misty,misty
4046,0.3,0.11255,misty,misty
4047,0.0,0.11255,misty,misty
4048,1.0,0.11255,misty,misty
4049,0.4,0.11255,misty,misty
4050,0.3,0.11255,misty,misty
4051,1.8,0.11255,misty,misty
4052,3.8,0.11255,misty,misty
4053,5.1,0.11255,misty,misty
4054,5.5,0.11255,misty,misty
4055,5.9,0.11255,misty,misty
4056,4.3,0.11255,misty,misty
4057,4.2,0.11255,misty,misty
4058,5.9,0.11255,misty,misty
4059,7.0,0.11255,misty,misty
4060,9.0,0.11255,misty,misty
4061,8.7,0.11255,misty,misty
4062,9.8,0.11255,misty,misty
4063,9.8,0.11255,misty,misty
4064,11.7,0.11255,misty,misty
4065,10.5,0.11255,misty,misty
4066,9.0,0.11255,misty,misty
4067,11.3,0.11255,misty,misty
4068,14.0,0.11255,misty,misty
4069,14.6,0.11255,misty,misty
4070,12.7,0.11255,misty,misty
4071,13.8,0.11255,misty,misty
4072,14.9,0.11255,misty,misty
4073,16.4,0.11255,misty,misty
4074,18.1,0.11255,misty,misty
4075,17.9,0.11255,misty,misty
4076,18.6,0.11255,misty,misty
4077,19.7,0.11255,misty,misty
4078,21.9,0.11255,misty,misty
4079,22.5,0.11255,misty,misty
4080,23.9,0.11255,misty,misty
4081,24.9,0.11255,misty,misty
4082,26.2,0.11255,misty,misty
4083,26.8,0.11255,misty,misty
4084,26.6,0.11255,misty,misty
4085,27.2,0.11255,misty,misty
4086,26.8,0.11255,misty,misty
4087,27.3,0.11255,misty,misty
4088,27.1,0.11255,misty,misty
4089,28.9,0.11255,misty,misty
4090,31.8,0.11255,misty,misty
4091,31.1,0.11255,misty,misty
4092,31.2,0.11255,misty,misty
4093,31.1,0.11255,misty,misty
4094,32.7,0.11255,misty,misty
4095,33.8,0.11255,misty,misty
4096,35.6,0.11255,misty,misty
4097,35.7,0.11255,misty,misty
4098,36.0,0.11255,misty,misty
4099,36.0,0.11255,misty,misty
4100,35.8,0.11255,misty,misty
4101,36.4,0.11255,misty,misty
4102,36.0,0.11255,misty,misty
4103,38.0,0.11255,misty,misty
4104,40.7,0.11255,misty,misty
4105,40.9,0.11255,misty,misty
4106,41.4,0.11255,misty,misty
4107,41.0,0.11255,misty,misty
4108,41.7,0.11255,misty,misty
4109,41.4,0.11255,misty,misty
4110,41.6,0.11255,misty,misty
4111,43.1,0.11255,misty,misty
4112,45.8,0.11255,misty,misty
4113,47.1,0.11255,misty,misty
4114,48.7,0.11255,misty,misty
4115,49.1,0.11255,misty,misty
4116,49.3,0.11255,misty,misty
4117,50.0,0.11255,misty,misty
4118,48.1,0.11255,misty,misty
4119,50.2,0.11255,misty,misty
4120,52.8,0.11255,misty,misty
4121,54.0,0.11255,misty,misty
4122,53.8,0.11255,misty,misty
4123,52.6,0.11255,misty,misty
4124,54.5,0.11255,misty,misty
4125,55.4,0.11255,misty,misty
4126,57.2,0.11255,misty,misty
4127,8253.7,5496.47273,misty,misty
4128,21495.2,12994.34047,misty,misty
4129,26633.8,13371.04199,misty,misty
4130,26630.6,13085.45050,misty,misty
4131,26630.1,13085.45050,misty,misty
4132,26628.8,13085.45050,misty,misty
4133,26628.5,13085.45050,misty,misty
4134,26627.5,13085.45050,misty,misty
4135,0.0,1981.84498,misty,misty
4136,0.0,0.11802,misty,misty
4137,0.0,0.11802,misty,misty
4138,0.0,0.11802,misty,misty
4139,0.0,0.11802,misty,misty
4140,0.0,0.11802,misty,misty
4141,0.0,0.11802,misty,misty
4142,0.0,0.11802,misty,misty
4143,0.0,0.11802,misty,misty
4144,0.0,0.11802,misty,misty
4145,0.0,0.11802,misty,misty
4146,0.0,0.11802,misty,misty
4147,0.0,0.11802,misty,misty
4148,0.0,0.11802,misty,misty
4149,0.0,0.11802,misty,misty
4150,0.0,0.11802,misty,misty
4151,0.0,0.11802,misty,misty
4152,0.0,0.11802,misty,misty
4153,0.0,0.11802,misty,misty
4154,0.0,0.11802,misty,misty
4155,0.0,0.11802,misty,misty
4156,0.0,0.11802,misty,misty
4157,0.0,0.11802,misty,misty
4158,0.0,0.11802,misty,misty
4159,0.0,0.11802,misty,misty
4160,0.0,0.11802,misty,misty
4161,0.0,0.11802,misty,misty
4162,0.0,0.11802,misty,misty
4163,0.0,0.11802,misty,misty
4164,0.0,0.11802,misty,misty
4165,0.0,0.11802,misty,misty
4166,0.0,0.11802,misty,misty
4167,0.0,0.11802,misty,misty
4168,0.0,0.11802,misty,misty
4169,0.0,0.11802,misty,misty
4170,0.0,0.11802,misty,misty
4171,0.0,0.11802,misty,misty
4172,0.0,0.11802,misty,misty
4173,0.0,0.11802,misty,misty
4174,0.0,0.11802,misty,misty
4175,0.0,0.11802,misty,misty
4176,0.0,0.11802,misty,misty
4177,0.0,0.11802,misty,misty
4178,0.0,0.11802,misty,misty
4179,0.0,0.11802,misty,misty
4180,0.0,0.11802,misty,misty
4181,0.0,0.11802,misty,misty
4182,0.0,0.11802,misty,misty
4183,0.0,0.11802,misty,misty
4184,0.0,0.11802,misty,misty
4185,0.0,0.11802,misty,misty
4186,0.0,0.11802,misty,misty
4187,0.0,0.11802,misty,misty
4188,0.0,0.11802,misty,misty
4189,0.0,0.11802,misty,misty
4190,0.0,0.11802,misty,misty
4191,0.0,0.11802,misty,misty
4192,0.0,0.11802,misty,misty
4193,0.0,0.11802,misty,misty
4194,0.0,0.11802,misty,misty
4195,0.0,0.11802,misty,misty
4196,0.0,0.11802,misty,misty
4197,0.0,0.11802,misty,misty
4198,0.0,0.11802,misty,misty
4199,0.0,0.11802,misty,misty
4200,0.0,0.11802,misty,misty
4201,0.0,0.11802,misty,misty
4202,0.0,0.11802,misty,misty
4203,0.0,0.11802,misty,misty
4204,0.0,0.11802,misty,misty
4205,0.0,0.11802,misty,misty
4206,0.0,0.11802,misty,misty
4207,0.0,0.11802,misty,misty
4208,0.0,0.11802,misty,misty
4209,0.0,0.11802,misty,misty
4210,0.0,0.11802,misty,misty
4211,0.0,0.11802,misty,misty
4212,0.0,0.11802,misty,misty
4213,0.0,0.11802,misty,misty
4214,0.0,0.11802,misty,misty
4215,0.0,0.11802,misty,misty
4216,0.0,0.11802,misty,misty
4217,0.0,0.11802,misty,misty
4218,0.0,0.11802,misty,misty
4219,0.0,0.11802,misty,misty
4220,0.0,0.11802,misty,misty
4221,0.0,0.11802,misty,misty
4222,0.0,0.11802,misty,misty
4223,0.0,0.11802,misty,misty
4224,0.0,0.11802,misty,misty
4225,0.0,0.11802,misty,misty
4226,0.0,0.11802,misty,misty
4227,0.0,0.11802,misty,misty
4228,0.0,0.11802,misty,misty
4229,0.0,0.11802,misty,misty
4230,0.0,0.11802,misty,misty
4231,0.0,0.11802,misty,misty
4232,0.0,0.11802,misty,misty
4233,0.0,0.11802,misty,misty
4234,0.0,0.11802,misty,misty
4235,0.0,0.11802,misty,misty
4236,0.0,0.11802,misty,misty
4237,0.0,0.11802,misty,misty
4238,0.0,0.11802,misty,misty
4239,0.0,0.11802,misty,misty
4240,0.0,0.11802,misty,misty
4241,0.0,0.11802,misty,misty
4242,0.0,0.11802,misty,misty
4243,0.0,0.11802,misty,misty
4244,0.0,0.11802,misty,misty
4245,0.0,0.11802,misty,misty
4246,0.0,0.11802,misty,misty
4247,0.0,0.11802,misty,misty
4248,0.0,0.11802,misty,misty
4249,0.0,0.11802,misty,misty
4250,0.0,0.11802,misty,misty
4251,0.0,0.11802,misty,misty
4252,0.0,0.11802,misty,misty
4253,0.0,0.11802,misty,misty
4254,0.0,0.11802,misty,misty
4255,0.0,0.11802,misty,misty
4256,0.0,0.11802,misty,misty
4257,0.0,0.11802,misty,misty
4258,0.0,0.11802,misty,misty
4259,0.0,0.11802,misty,misty
4260,0.0,0.11802,misty,misty
4261,0.0,0.11802,misty,misty
4262,0.0,0.11802,misty,misty
4263,0.0,0.11802,misty,misty
4264,0.0,0.11802,misty,misty
4265,0.0,0.11802,misty,misty
4266,0.0,0.11802,misty,misty
4267,0.0,0.11802,misty,misty
4268,0.0,0.11802,misty,misty
4269,0.0,0.11802,misty,misty
4270,0.0,0.11802,misty,misty
4271,0.0,0.11802,misty,misty
4272,0.0,0.11802,misty,misty
4273,0.0,0.11802,misty,misty
4274,0.0,0.11802,misty,misty
4275,0.0,0.11802,misty,misty
4276,0.0,0.11802,misty,misty
4277,0.0,0.11802,misty,misty
4278,0.0,0.11802,misty,misty
4279,0.0,0.11802,misty,misty
4280,0.0,0.11802,misty,misty
4281,0.0,0.11802,misty,misty
4282,0.0,0.11802,misty,misty
4283,0.0,0.11802,misty,misty
4284,0.0,0.11802,misty,misty
4286,44649.6,8902.81043,misty,misty
4287,44649.6,8902.81043,misty,misty
4288,44649.6,8902.81043,misty,misty
4289,44649.6,8902.81043,misty,misty
4290,44649.6,8902.81043,misty,misty
4291,44649.6,8902.81043,misty,misty
4292,44649.6,8902.81043,misty,misty
4293,44649.6,8902.81043,misty,misty
4294,44649.6,8902.81043,misty,misty
4295,44649.6,8902.81043,misty,misty
4296,44649.6,8902.81043,misty,misty
4297,44649.6,8902.81043,misty,misty
4298,44649.6,8902.81043,misty,misty
4299,44649.6,8902.81043,misty,misty
4300,44649.6,8902.81043,misty,misty
4301,44649.6,8902.81043,misty,misty
4302,44649.6,8902.81043,misty,misty
4303,44649.6,8902.81043,misty,misty
4304,44649.6,8902.81043,misty,misty
4305,44649.6,8902.81043,misty,misty
4306,44649.6,8902.81043,misty,misty
4307,44649.6,8902.81043,misty,misty
4308,44649.6,8902.81043,misty,misty
4309,44649.6,8902.81043,misty,misty
4310,44649.6,8902.81043,misty,misty
4311,44649.6,8902.81043,misty,misty
4312,44649.6,8902.81043,misty,misty
4313,44649.6,8902.81043,misty,misty
4314,44649.6,8902.81043,misty,misty
4315,44649.6,8902.81043,misty,misty
4316,44649.6,8902.81043,misty,misty
4317,44649.6,8902.81043,misty,misty
4318,44649.6,8902.81043,misty,misty
4319,44649.6,8902.81043,misty,misty
4320,44649.6,8902.81043,misty,misty
4321,44649.6,8902.81043,misty,misty
4322,44649.6,8902.81043,misty,misty
4323,44649.6,8902.81043,misty,misty
4324,44649.6,8902.81043,misty,misty
4325,44649.6,8902.81043,misty,misty
4326,44649.6,8902.81043,misty,misty
4327,44649.6,8902.81043,misty,misty
4328,44649.6,8902.81043,misty,misty
4329,44649.6,8902.81043,misty,misty
4330,44649.6,8902.81043,misty,misty
4331,44649.6,8902.81043,misty,misty
4332,44649.6,8902.81043,misty,misty
4333,44649.6,8902.81043,misty,misty
4334,26597.8,6232.67033,misty,misty
4335,4360.4,1196.26318,misty,misty
4337,0.0,0.12136,misty,misty
4338,0.0,0.12136,misty,misty
4339,0.0,0.12136,misty,misty
4340,0.0,0.12136,misty,misty
4341,0.0,0.12136,misty,misty
4342,0.0,0.12136,misty,misty
4343,0.0,0.12136,misty,misty
4344,0.0,0.12136,misty,misty
4345,0.0,0.12136,misty,misty
4346,0.0,0.12136,misty,misty
4347,0.0,0.12136,misty,misty
4348,0.0,0.12136,misty,misty
4349,0.0,0.12136,misty,misty
4350,0.0,0.12136,misty,misty
4351,0.0,0.12136,misty,misty
4352,0.0,0.12136,misty,misty
4353,0.0,0.12136,misty,misty
4354,0.0,0.12136,misty,misty
4355,0.0,0.12136,misty,misty
4356,0.0,0.12136,misty,misty
4357,0.0,0.12136,misty,misty
4358,0.0,0.12136,misty,misty
4359,0.0,0.12136,misty,misty
4360,0.0,0.12136,misty,misty
4361,0.0,0.12136,misty,misty
4362,0.0,0.12136,misty,misty
4363,0.0,0.12136,misty,misty
4364,0.0,0.12136,misty,misty
4365,0.0,0.12136,misty,misty
4366,0.0,0.12136,misty,misty
4367,0.0,0.12136,misty,misty
4368,0.0,0.12136,misty,misty
4369,0.0,0.12136,misty,misty
4370,0.0,0.12136,misty,misty
4371,0.0,0.12136,misty,misty
4372,0.0,0.12136,misty,misty
4373,0.0,0.12136,misty,misty
4374,0.0,0.12136,misty,misty
4375,0.0,0.12136,misty,misty
4376,0.0,0.12136,misty,misty
4377,0.0,0.12136,misty,misty
4378,0.0,0.12136,misty,misty
4379,0.0,0.12136,misty,misty
4380,0.0,0.12136,misty,misty
4381,0.0,0.12136,misty,misty
4382,0.0,0.12136,misty,misty
4383,0.0,0.12136,misty,misty
4384,0.0,0.12136,misty,misty
4385,0.0,0.12136,misty,misty
4386,0.0,0.12136,misty,misty
4387,0.0,0.12136,misty,misty
4388,0.0,0.12136,misty,misty
4389,0.0,0.12136,misty,misty
4390,0.0,0.12136,misty,misty
4391,0.0,0.12136,misty,misty
4392,0.0,0.12136,misty,misty
4393,0.0,0.12136,misty,misty
4394,0.0,0.12136,misty,misty
4395,0.0,0.12136,misty,misty
4396,0.0,0.12136,misty,misty
4397,0.0,0.12136,misty,misty
4398,0.0,0.12136,misty,misty
4399,0.0,0.12136,misty,misty
4400,0.0,0.12136,misty,misty
4401,0.0,0.12136,misty,misty
4402,0.0,0.12136,misty,misty
4403,0.0,0.12136,misty,misty
4404,0.0,0.12136,misty,misty
4405,0.0,0.12136,misty,misty
4406,0.0,0.12136,misty,misty
4407,0.0,0.12136,misty,misty
4408,0.0,0.12136,misty,misty
4409,0.0,0.12136,misty,misty
4410,0.0,0.12136,misty,misty
4411,0.0,0.12136,misty,misty
4412,0.0,0.12136,misty,misty
4413,0.0,0.12136,misty,misty
4414,0.0,0.12136,misty,misty
4415,0.0,0.12136,misty,misty
4416,0.0,0.12136,misty,misty
4417,0.0,0.12136,misty,misty
4418,0.0,0.12136,misty,misty
4419,0.0,0.12136,misty,misty
4420,0.0,0.12136,misty,misty
4421,0.0,0.12136,misty,misty
4422,0.0,0.12136,misty,misty
4423,0.0,0.12136,misty,misty
4424,0.0,0.12136,misty,misty
4425,0.0,0.12136,misty,misty
4426,0.0,0.12136,misty,misty
4427,0.0,0.12136,misty,misty
4428,0.0,0.12136,misty,misty
4429,0.0,0.12136,misty,misty
4430,0.0,0.12136,misty,misty
4431,0.0,0.12136,misty,misty
4432,0.0,0.12136,misty,misty
4433,0.0,0.12136,misty,misty
4434,0.0,0.12136,misty,misty
4435,0.0,0.12136,misty,misty
4436,0.0,0.12136,misty,misty
4437,0.0,0.12136,misty,misty
4438,0.0,0.12136,misty,misty
4439,0.0,0.12136,misty,misty
4440,0.0,0.12136,misty,misty
4441,0.0,0.12136,misty,misty
4442,0.0,0.12136,misty,misty
4443,0.0,0.12136,misty,misty
4444,0.0,0.12136,misty,misty
4445,0.0,0.12136,misty,misty
4446,0.0,0.12136,misty,misty
4447,0.0,0.12136,misty,misty
4448,0.0,0.12136,misty,misty
4449,0.0,0.12136,misty,misty
4450,0.0,0.12136,misty,misty
4451,0.0,0.12136,misty,misty
4452,0.0,0.12136,misty,misty
4453,0.0,0.12136,misty,misty
4454,0.0,0.12136,misty,misty
4455,0.0,0.12136,misty,misty
4456,0.0,0.12136,misty,misty
4457,0.0,0.12136,misty,misty
4458,0.0,0.12136,misty,misty
4459,0.0,0.12136,misty,misty
4460,0.0,0.12136,misty,misty
4461,0.0,0.12136,misty,misty
4462,0.0,0.12136,misty,misty
4463,0.0,0.12136,misty,misty
4464,0.0,0.12136,misty,misty
4465,0.0,0.12136,misty,misty
4466,0.0,0.12136,misty,misty
4467,0.0,0.12136,misty,misty
4468,0.0,0.12136,misty,misty
4469,0.0,0.12136,misty,misty
4470,0.0,0.12136,misty,misty
4471,0.0,0.12136,misty,misty
4472,0.0,0.12136,misty,misty
4473,0.0,0.12136,misty,misty
4474,0.0,0.12136,misty,misty
4475,0.0,0.12136,misty,misty
4476,0.0,0.12136,misty,misty
4477,0.0,0.12136,misty,misty
4478,0.0,0.12136,misty,misty
4479,0.0,0.12136,misty,misty
4480,0.0,0.12136,misty,misty
4481,0.0,0.12136,misty,misty
4482,0.0,0.12136,misty,misty
4483,0.0,0.12136,misty,misty
4484,0.0,0.12136,misty,misty
4485,0.0,0.12136,misty,misty
4486,0.0,0.12136,misty,misty
4487,0.0,0.12136,misty,misty
4488,0.0,0.12136,misty,misty
4489,0.0,0.12136,misty,misty
4490,0.0,0.12136,misty,misty
4491,0.0,0.12136,misty,misty
4492,0.0,0.12136,misty,misty
4493,0.0,0.12136,misty,misty
4494,0.0,0.12136,misty,misty
4495,0.0,0.12136,misty,misty
4496,0.0,0.12136,misty,misty
4497,0.0,0.12136,misty,misty
4498,0.0,0.12136,misty,misty
4499,0.0,0.12136,misty,misty
4500,0.0,0.12136,misty,misty
4501,0.0,0.12136,misty,misty
4502,0.0,0.12136,misty,misty
4503,0.0,0.12136,misty,misty
4504,0.0,0.12136,misty,misty
4505,0.0,0.12136,misty,misty
4506,0.0,0.12136,misty,misty
4507,0.0,0.12136,misty,misty
4508,0.0,0.12136,misty,misty
4509,0.0,0.12136,misty,misty
4510,0.0,0.12136,misty,misty
4511,0.0,0.12136,misty,misty
4512,0.0,0.12136,misty,misty
4513,0.0,0.12136,misty,misty
4514,0.0,0.12136,misty,misty
4515,0.0,0.12136,misty,misty
4516,0.0,0.12136,misty,misty
4517,0.0,0.12136,misty,misty
4518,0.0,0.12136,misty,misty
4519,0.0,0.12136,misty,misty
4520,0.0,0.12136,misty,misty
4521,0.0,0.12136,misty,misty
4522,0.0,0.12136,misty,misty
4523,0.0,0.12136,misty,misty
4524,0.0,0.12136,misty,misty
4525,0.0,0.12136,misty,misty
4526,0.0,0.12136,misty,misty
4527,0.0,0.12136,misty,misty
4528,0.0,0.12136,misty,misty
4529,0.0,0.12136,misty,misty
4530,0.0,0.12136,misty,misty
4531,0.0,0.12136,misty,misty
4532,0.0,0.12136,misty,misty
4533,0.0,0.12136,misty,misty
4534,0.0,0.12136,misty,misty
4535,0.0,0.12136,misty,misty
4536,0.0,0.12136,misty,misty
4537,0.0,0.12136,misty,misty
4538,0.0,0.12136,misty,misty
4539,0.0,0.12136,misty,misty
4540,0.0,0.12136,misty,misty
4541,0.0,0.12136,misty,misty
4542,0.0,0.12136,misty,misty
4543,0.0,0.12136,misty,misty
4544,0.0,0.12136,misty,misty
4545,0.0,0.12136,misty,misty
4546,0.0,0.12136,misty,misty
4547,0.0,0.12136,misty,misty
4548,0.0,0.12136,misty,misty
4549,0.0,0.12136,misty,misty
4550,0.0,0.12136,misty,misty
4551,0.0,0.12136,misty,misty
4552,0.0,0.12136,misty,misty
4553,0.0,0.12136,misty,misty
4554,0.0,0.12136,misty,misty
4555,0.0,0.12136,misty,misty
4556,0.0,0.12136,misty,misty
4557,0.0,0.12136,misty,misty
4558,0.0,0.12136,misty,misty
4559,0.0,0.12136,misty,misty
4560,0.0,0.12136,misty,misty
4561,0.0,0.12136,misty,misty
4562,0.0,0.12136,misty,misty
4563,0.0,0.12136,misty,misty
4564,0.0,0.12136,misty,misty
4565,0.0,0.12136,misty,misty
4566,0.0,0.12136,misty,misty
4567,0.0,0.12136,misty,misty
4568,0.0,0.12136,misty,misty
4569,0.0,0.12136,misty,misty
4570,0.0,0.12136,misty,misty
4571,0.0,0.12136,misty,misty
4572,0.0,0.12136,misty,misty
4573,0.0,0.12136,misty,misty
4574,0.0,0.12136,misty,misty
4575,0.0,0.12136,misty,misty
4576,0.0,0.12136,misty,misty
4577,0.0,0.12136,misty,misty
4578,0.0,0.12136,misty,misty
4579,0.0,0.12136,misty,misty
4580,0.0,0.12136,misty,misty
4581,0.0,0.12136,misty,misty
4582,0.0,0.12136,misty,misty
4583,0.0,0.12136,misty,misty
4584,0.0,0.12136,misty,misty
4585,0.0,0.12136,misty,misty
4586,0.0,0.12136,misty,misty
4587,0.0,0.12136,misty,misty
4588,0.0,0.12136,misty,misty
4589,0.0,0.12136,misty,misty
4590,0.0,0.12136,misty,misty
4591,0.0,0.12136,misty,misty
4592,0.0,0.12136,misty,misty
4593,0.0,0.12136,misty,misty
4594,0.0,0.12136,misty,misty
4595,0.0,0.12136,misty,misty
4596,0.0,0.12136,misty,misty
4597,0.0,0.12136,misty,misty
4598,0.0,0.12136,misty,misty
4599,0.0,0.12136,misty,misty
4600,0.0,0.12136,misty,misty
4601,7451.1,189.47348,misty,misty
4602,17143.7,435.87338,misty,misty
4603,19462.2,494.72799,misty,misty
4604,19462.2,494.72799,misty,misty
4618,27.7,0.12136,misty,misty
4620,25.0,0.12136,misty,misty
4622,26.1,0.12136,misty,misty
4624,25.5,0.12136,misty,misty
4626,26.4,0.12136,misty,misty
4628,22.7,0.12136,misty,misty
4630,22.7,0.12136,misty,misty
4632,22.9,0.12136,misty,misty
4633,22.9,0.12136,misty,misty
4634,22.6,0.12136,misty,misty
4635,22.7,0.12136,misty,misty
4636,22.6,0.12136,misty,misty
4637,22.6,0.12136,misty,misty
4638,22.3,0.12136,misty,misty
4639,22.7,0.12136,misty,misty
4640,23.0,0.12136,misty,misty
4641,22.9,0.12136,misty,misty
4642,22.9,0.12136,misty,misty
4643,22.6,0.12136,misty,misty
4644,22.7,0.12136,misty,misty
4645,22.6,0.12136,misty,misty
4646,22.9,0.12136,misty,misty
4647,22.3,0.12136,misty,misty
4648,22.7,0.12136,misty,misty
4649,23.0,0.12136,misty,misty
4650,22.9,0.12136,misty,misty
4651,22.9,0.12136,misty,misty
4652,22.6,0.12136,misty,misty
4653,22.9,0.12136,misty,misty
4654,22.4,0.12136,misty,misty
4655,22.9,0.12136,misty,misty
4656,22.9,0.12136,misty,misty
4657,22.6,0.12136,misty,misty
4658,22.9,0.12136,misty,misty
4659,22.6,0.12136,misty,misty
4660,23.2,0.12136,misty,misty
4661,22.9,0.12136,misty,misty
4662,22.9,0.12136,misty,misty
4663,22.6,0.12136,misty,misty
4664,22.7,0.12136,misty,misty
4665,23.2,0.12136,misty,misty
4666,22.7,0.12136,misty,misty
4667,23.0,0.12136,misty,misty
4668,22.7,0.12136,misty,misty
4669,23.0,0.12136,misty,misty
4670,22.8,0.12136,misty,misty
4671,22.9,0.12136,misty,misty
4672,23.2,0.12136,misty,misty
4673,22.6,0.12136,misty,misty
4674,23.0,0.12136,misty,misty
4675,22.9,0.12136,misty,misty
4676,22.9,0.12136,misty,misty
4677,22.6,0.12136,misty,misty
4678,22.9,0.12136,misty,misty
4679,22.6,0.12136,misty,misty
4680,22.9,0.12136,misty,misty
4681,23.2,0.12136,misty,misty
4682,22.9,0.12136,misty,misty
4683,23.0,0.12136,misty,misty
4684,22.7,0.12136,misty,misty
4685,23.0,0.12136,misty,misty
4686,22.7,0.12136,misty,misty
4687,22.9,0.12136,misty,misty
4688,23.2,0.12136,misty,misty
4689,22.9,0.12136,misty,misty
4690,23.2,0.12136,misty,misty
4691,22.9,0.12136,misty,misty
4692,22.9,0.12136,misty,misty
4693,22.6,0.12136,misty,misty
4694,22.7,0.12136,misty,misty
4695,23.2,0.12136,misty,misty
4696,23.0,0.12136,misty,misty
4697,23.2,0.12136,misty,misty
4698,22.9,0.12136,misty,misty
4699,23.0,0.12136,misty,misty
4700,22.9,0.12136,misty,misty
4701,23.2,0.12136,misty,misty
4702,22.6,0.12136,misty,misty
4703,23.0,0.12136,misty,misty
4704,23.0,0.12136,misty,misty
4705,23.0,0.12136,misty,misty
4706,23.2,0.12136,misty,misty
4707,22.9,0.12136,misty,misty
4708,23.2,0.12136,misty,misty
4709,22.6,0.12136,misty,misty
4710,23.2,0.12136,misty,misty
4711,22.6,0.12136,misty,misty
4712,22.9,0.12136,misty,misty
4713,23.0,0.12136,misty,misty
4714,22.7,0.12136,misty,misty
4715,23.2,0.12136,misty,misty
4716,22.9,0.12136,misty,misty
4717,23.2,0.12136,misty,misty
4718,23.3,0.12136,misty,misty
4719,23.0,0.12136,misty,misty
4720,23.2,0.12136,misty,misty
4721,22.9,0.12136,misty,misty
4722,23.3,0.12136,misty,misty
4723,22.7,0.12136,misty,misty
4724,23.0,0.12136,misty,misty
4725,23.0,0.12136,misty,misty
4726,23.2,0.12136,misty,misty
4727,23.2,0.12136,misty,misty
4728,22.9,0.12136,misty,misty
4729,23.3,0.12136,misty,misty
4730,22.9,0.12136,misty,misty
4731,23.2,0.12136,misty,misty
4732,22.9,0.12136,misty,misty
4733,23.0,0.12136,misty,misty
4734,23.0,0.12136,misty,misty
4735,23.2,0.12136,misty,misty
4736,23.2,0.12136,misty,misty
4737,22.9,0.12136,misty,misty
4738,23.3,0.12136,misty,misty
4739,23.0,0.12136,misty,misty
4740,23.2,0.12136,misty,misty
4741,22.9,0.12136,misty,misty
4742,23.0,0.12136,misty,misty
4743,22.7,0.12136,misty,misty
4744,23.0,0.12136,misty,misty
4745,23.5,0.12136,misty,misty
4746,23.2,0.12136,misty,misty
4747,23.3,0.12136,misty,misty
4748,22.9,0.12136,misty,misty
4749,23.0,0.12136,misty,misty
4750,22.9,0.12136,misty,misty
4751,23.2,0.12136,misty,misty
4752,22.9,0.12136,misty,misty
4753,23.0,0.12136,misty,misty
4754,23.3,0.12136,misty,misty
4755,23.2,0.12136,misty,misty
4756,23.2,0.12136,misty,misty
4757,22.9,0.12136,misty,misty
4758,23.3,0.12136,misty,misty
4759,22.7,0.12136,misty,misty
4760,23.2,0.12136,misty,misty
4761,23.5,0.12136,misty,misty
4762,23.0,0.12136,misty,misty
4763,23.3,0.12136,misty,misty
4764,23.0,0.12136,misty,misty
4765,23.5,0.12136,misty,misty
4766,22.9,0.12136,misty,misty
4767,23.2,0.12136,misty,misty
4768,22.7,0.12136,misty,misty
4769,23.0,0.12136,misty,misty
4770,23.5,0.12136,misty,misty
4771,23.2,0.12136,misty,misty
4772,23.3,0.12136,misty,misty
4773,22.9,0.12136,misty,misty
4774,23.3,0.12136,misty,misty
4775,23.3,0.12136,misty,misty
4776,23.2,0.12136,misty,misty
4777,23.5,0.12136,misty,misty
4778,23.0,0.12136,misty,misty
4779,23.3,0.12136,misty,misty
4780,23.2,0.12136,misty,misty
4781,23.3,0.12136,misty,misty
4782,23.0,0.12136,misty,misty
4783,23.3,0.12136,misty,misty
4784,23.0,0.12136,misty,misty
4785,150355.6,3594.09215,misty,misty
4786,150355.0,3801.26924,misty,misty
4787,150355.4,3800.90949,misty,misty
4788,150354.9,3799.82904,misty,misty
4789,150354.9,3799.30982,misty,misty
4790,150354.6,3798.45251,misty,misty
4791,150354.6,3797.94491,misty,misty
4792,150354.6,3797.10618,misty,misty
4793,150354.2,3796.10642,misty,misty
4794,150354.7,3795.77410,misty,misty
4795,150354.2,3794.77257,misty,misty
4796,150354.4,3794.27067,misty,misty
4797,150354.5,3793.43519,misty,misty
4798,150354.8,3792.93380,misty,misty
4799,150355.0,3792.13175,misty,misty
4800,150354.8,3791.20146,misty,misty
4801,150354.9,3790.89169,misty,misty
4802,150355.0,3789.96187,misty,misty
4803,150355.4,3789.50133,misty,misty
4804,150355.9,3788.73441,misty,misty
4805,150356.0,3787.92931,misty,misty
4806,150356.2,3787.66696,misty,misty
4807,150356.8,3787.25705,misty,misty
4808,150357.0,3786.55009,misty,misty
4809,150357.6,3785.78414,misty,misty
4810,150358.0,3785.42065,misty,misty
4811,150358.3,3784.86354,misty,misty
4812,150358.7,3784.23215,misty,misty
4813,150359.5,3784.04341,misty,misty
4814,150359.9,3783.48284,misty,misty
4815,150360.5,3783.23495,misty,misty
4816,150361.1,3782.82138,misty,misty
4817,150361.5,3782.61228,misty,misty
4818,150362.3,3782.26409,misty,misty
4819,150362.7,3782.08008,misty,misty
4820,150363.3,3781.78303,misty,misty
4821,150363.8,3781.65211,misty,misty
4822,150364.7,3781.44322,misty,misty
4823,150365.3,3781.37180,misty,misty
4824,150366.3,3781.15496,misty,misty
4825,150366.6,3781.02395,misty,misty
4826,150367.2,3780.95448,misty,misty
4827,150368.2,3780.83838,misty,misty
4828,150368.7,3780.76914,misty,misty
4829,150369.2,3780.62481,misty,misty
4830,150369.6,3780.57564,misty,misty
4831,150370.6,3780.39511,misty,misty
4832,150371.1,3780.22145,misty,misty
4833,150371.7,3780.14852,misty,misty
4834,150372.7,3780.03284,misty,misty
4835,150373.1,3780.01386,misty,misty
4836,150373.6,3779.82456,misty,misty
4837,150374.1,3779.77588,misty,misty
4838,87235.1,2260.09652,misty,misty
4839,12621.0,399.84512,misty,misty
4840,1874.1,76.15063,misty,misty
4841,619.8,24.09302,misty,misty
4842,344.3,14.96856,misty,misty
4843,277.3,12.84102,misty,misty
4844,231.3,11.23843,misty,misty
4845,194.8,10.07748,misty,misty
4846,170.2,9.28914,misty,misty
4847,151.2,8.66367,misty,misty
4848,143.4,8.25308,misty,misty
4849,134.2,7.81997,misty,misty
4850,133.2,7.86420,misty,misty
4851,129.4,7.63203,misty,misty
4852,129.6,7.43322,misty,misty
4853,128.9,7.32108,misty,misty
4854,126.5,7.31722,misty,misty
4855,124.2,7.32187,misty,misty
4856,123.8,7.25911,misty,misty
4857,124.2,7.18309,misty,misty
4858,122.2,6.98581,misty,misty
4859,121.8,6.97687,misty,misty
4860,119.9,6.99628,misty,misty
4861,119.5,7.07955,misty,misty
4862,120.8,7.14397,misty,misty
4863,117.3,6.81525,misty,misty
4864,117.8,6.83691,misty,misty
4865,115.9,6.79527,misty,misty
4866,115.6,6.82025,misty,misty
4867,113.8,6.77861,misty,misty
4868,113.5,6.68753,misty,misty
4869,113.8,6.60799,misty,misty
4870,111.4,6.49654,misty,misty
4871,111.6,6.56098,misty,misty
4872,109.9,6.51932,misty,misty
4873,109.5,6.54431,misty,misty
4874,107.8,6.50267,misty,misty
4875,107.3,6.52765,misty,misty
4876,105.6,6.48601,misty,misty
4877,105.1,6.51101,misty,misty
4878,103.4,6.46936,misty,misty
4879,103.4,6.41272,misty,misty
4880,102.9,6.27113,misty,misty
4881,101.2,6.22672,misty,misty
4882,100.6,6.23937,misty,misty
4883,98.9,6.17935,misty,misty
4884,98.2,6.19813,misty,misty
4885,96.5,6.09484,misty,misty
4886,96.3,5.95327,misty,misty
4887,95.6,5.95550,misty,misty
4888,93.9,5.91386,misty,misty
4889,93.1,5.82918,misty,misty
4890,91.5,5.70056,misty,misty
4891,90.6,5.67484,misty,misty
4892,88.9,5.63320,misty,misty
4893,88.5,5.56767,misty,misty
4894,86.8,5.42609,misty,misty
4895,85.9,5.39058,misty,misty
4896,85.0,5.50274,misty,misty
4897,83.3,5.51440,misty,misty
4898,82.8,5.42832,misty,misty
4899,80.7,5.28674,misty,misty
4900,80.1,5.13415,misty,misty
4901,79.1,5.12686,misty,misty
4902,77.4,5.07772,misty,misty
4903,75.7,4.96780,misty,misty
4904,74.6,4.90897,misty,misty
4905,73.9,4.90897,misty,misty
4906,71.9,4.82734,misty,misty
4907,71.1,4.68578,misty,misty
4908,69.4,4.54422,misty,misty
4909,68.3,4.51757,misty,misty
4910,66.6,4.55533,misty,misty
4911,65.5,4.62471,misty,misty
4912,64.0,4.54644,misty,misty
4913,62.6,4.40488,misty,misty
4914,61.7,4.26332,misty,misty
4915,60.0,4.12177,misty,misty
4916,58.8,4.05627,misty,misty
4917,57.2,4.05627,misty,misty
4918,56.0,3.98133,misty,misty
4919,54.3,3.83978,misty,misty
4920,53.1,3.77208,misty,misty
4921,52.1,3.77208,misty,misty
4922,50.5,3.69935,misty,misty
4923,49.2,3.55783,misty,misty
4924,47.6,3.48790,misty,misty
4925,46.4,3.48790,misty,misty
4926,44.8,3.40825,misty,misty
4927,43.6,3.24836,misty,misty
4928,42.5,3.16686,misty,misty
4929,40.9,3.16686,misty,misty
4930,39.7,3.09860,misty,misty
4931,38.2,2.95710,misty,misty
4932,36.9,2.88276,misty,misty
4933,35.4,2.88276,misty,misty
4934,34.3,2.81672,misty,misty
4935,32.8,2.67524,misty,misty
4936,31.6,2.59870,misty,misty
4937,30.4,2.59870,misty,misty
4938,29.0,2.53490,misty,misty
4939,27.8,2.27865,misty,misty
4940,26.5,2.10013,misty,misty
4941,25.4,2.03083,misty,misty
4942,24.0,2.03083,misty,misty
4943,22.9,2.03083,misty,misty
4944,21.8,1.97040,misty,misty
4945,20.6,1.82908,misty,misty
4946,19.5,1.74708,misty,misty
4947,18.3,1.74708,misty,misty
4948,17.3,1.74708,misty,misty
4949,16.1,1.74708,misty,misty
4950,15.1,1.74708,misty,misty
4951,14.0,1.70552,misty,misty
4952,13.1,1.45026,misty,misty
4953,12.1,1.26663,misty,misty
4954,11.2,1.18043,misty,misty
4955,10.3,1.18043,misty,misty
4956,9.4,1.18043,misty,misty
4957,8.6,1.18043,misty,misty
4958,7.8,1.18043,misty,misty
4959,7.1,1.18043,misty,misty
4960,6.4,1.18043,misty,misty
4961,5.7,1.09483,misty,misty
4962,5.1,0.84798,misty,misty
4963,4.5,0.70811,misty,misty
4964,4.0,0.61747,misty,misty
4965,3.5,0.61747,misty,misty
4966,3.1,0.61747,misty,misty
4967,2.7,0.61747,misty,misty
4968,2.4,0.61747,misty,misty
4969,2.1,0.61747,misty,misty
4970,1.9,0.61747,misty,misty
4971,1.8,0.49014,misty,misty
4972,7636.3,445.62000,misty,misty
4973,31672.2,1856.12895,misty,misty
4974,0.0,0.12059,misty,misty
4975,0.0,0.12059,misty,misty
4976,0.0,0.12059,misty,misty
4977,0.0,0.12059,misty,misty
4978,0.0,0.12059,misty,misty
4979,0.0,0.12059,misty,misty
4980,0.0,0.12059,misty,misty
4981,0.0,0.12059,misty,misty
4982,0.0,0.12059,misty,misty
4983,0.0,0.12059,misty,misty
4984,0.0,0.12059,misty,misty
4985,0.0,0.12059,misty,misty
4986,0.0,0.12059,misty,misty
4987,0.0,0.12059,misty,misty
4988,0.0,0.12059,misty,misty
4989,0.0,0.12059,misty,misty
4990,0.0,0.12059,misty,misty
4991,0.0,0.12059,misty,misty
4992,0.0,0.12059,misty,misty
4993,0.0,0.12059,misty,misty
4994,0.0,0.12059,misty,misty
4995,0.0,0.12059,misty,misty
4996,0.0,0.12059,misty,misty
4997,0.0,0.12059,misty,misty
4998,0.0,0.12059,misty,misty
4999,0.0,0.12059,misty,misty
5000,0.0,0.12059,misty,misty
5001,0.0,0.12059,misty,misty
5002,0.0,0.12059,misty,misty
5003,0.0,0.12059,misty,misty
5004,0.0,0.12059,misty,misty
5005,0.0,0.12059,misty,misty
5006,0.0,0.12059,misty,misty
5007,0.0,0.12059,misty,misty
5008,0.0,0.12059,misty,misty
5009,0.0,0.12059,misty,misty
5010,0.0,0.12059,misty,misty
5011,0.0,0.12059,misty,misty
5012,0.0,0.12059,misty,misty
5013,0.0,0.12059,misty,misty
5014,0.0,0.12059,misty,misty
5015,0.0,0.12059,misty,misty
5016,0.0,0.12059,misty,misty
5017,0.0,0.12059,misty,misty
5018,0.0,0.12059,misty,misty
5019,0.0,0.12059,misty,misty
5020,0.0,0.12059,misty,misty
5021,0.0,0.12059,misty,misty
5022,0.0,0.12059,misty,misty
5023,0.0,0.12059,misty,misty
5024,0.0,0.12059,misty,misty
5025,0.0,0.12059,misty,misty
5026,0.0,0.12059,misty,misty
5027,0.0,0.12059,misty,misty
5028,0.0,0.12059,misty,misty
5029,0.0,0.12059,misty,misty
5030,0.0,0.12059,misty,misty
5031,0.0,0.12059,misty,misty
5032,0.0,0.12059,misty,misty
5033,0.0,0.12059,misty,misty
5034,0.0,0.12059,misty,misty
5035,0.0,0.12059,misty,misty
5036,0.0,0.12059,misty,misty
5037,0.0,0.12059,misty,misty
5038,0.0,0.12059,misty,misty
5039,0.0,0.12059,misty,misty
5040,0.0,0.12059,misty,misty
5041,0.0,0.12059,misty,misty
5042,0.0,0.12059,misty,misty
5043,0.0,0.12059,misty,misty
5044,0.0,0.12059,misty,misty
5045,0.0,0.12059,misty,misty
5046,0.0,0.12059,misty,misty
5047,0.0,0.12059,misty,misty
5048,0.0,0.12059,misty,misty
5049,0.0,0.12059,misty,misty
5050,0.0,0.12059,misty,misty
5051,0.0,0.12059,misty,misty
5052,0.0,0.12059,misty,misty
5053,0.0,0.12059,misty,misty
5054,0.0,0.12059,misty,misty
5055,0.0,0.12059,misty,misty
5056,0.0,0.12059,misty,misty
5057,0.0,0.12059,misty,misty
5058,0.0,0.12059,misty,misty
5059,0.0,0.12059,misty,misty
5060,0.0,0.12059,misty,misty
5061,0.0,0.12059,misty,misty
5062,0.0,0.12059,misty,misty
5063,0.0,0.12059,misty,misty
5064,0.0,0.12059,misty,misty
5065,119.7,0.12059,misty,misty
5066,228.0,0.12059,misty,misty
5067,309.1,0.12059,misty,misty
5068,857.4,0.12059,misty,misty
5069,1556.3,0.12059,misty,misty
5070,1961.0,0.12059,misty,misty
5071,2688.3,0.12059,misty,misty
5072,3460.0,0.12059,misty,misty
5073,3921.8,0.12059,misty,misty
5074,4844.6,0.12059,misty,misty
5075,5120.9,0.12059,misty,misty
5076,5930.3,0.12059,misty,misty
5077,6250.2,0.12059,misty,misty
5078,6724.2,0.12059,misty,misty
5079,6915.9,0.12059,misty,misty
5080,7096.9,0.12059,misty,misty
5081,7167.6,0.12059,misty,misty
5082,7167.6,0.12059,misty,misty
5083,7167.6,0.12059,misty,misty
5084,7167.6,0.12059,misty,misty
5085,7167.6,0.12059,misty,misty
5086,7167.6,0.12059,misty,misty
5087,7167.6,0.12059,misty,misty
5088,7167.6,0.12059,misty,misty
5089,7167.6,0.12059,misty,misty
5090,7167.6,0.12059,misty,misty
5091,7167.6,0.12059,misty,misty
5092,7167.6,0.12059,misty,misty
5093,7167.6,0.12059,misty,misty
5094,7167.6,0.12059,misty,misty
5095,7038.8,0.12059,misty,misty
5096,6885.5,0.12059,misty,misty
5097,6858.5,0.12059,misty,misty
5098,6120.7,0.12059,misty,misty
5099,5577.5,0.12059,misty,misty
5100,5004.3,0.12059,misty,misty
5101,4363.6,0.12059,misty,misty
5102,3707.6,0.12059,misty,misty
5103,3053.6,0.12059,misty,misty
5104,2400.0,0.12059,misty,misty
5105,1810.5,0.12059,misty,misty
5106,1237.4,0.12059,misty,misty
5107,798.9,0.12059,misty,misty
5108,396.0,0.12059,misty,misty
5109,188.4,0.12059,misty,misty
5110,34.4,0.12059,misty,misty
5111,0.0,0.12059,misty,misty
5112,0.0,0.12059,misty,misty
5113,0.0,0.12059,misty,misty
5114,0.0,0.12059,misty,misty
5115,0.0,0.12059,misty,misty
5116,0.0,0.12059,misty,misty
5117,0.0,0.12059,misty,misty
5118,0.0,0.12059,misty,misty
5119,0.0,0.12059,misty,misty
5120,0.0,0.12059,misty,misty
5121,0.0,0.12059,misty,misty
5122,0.0,0.12059,misty,misty
5123,0.0,0.12059,misty,misty
5124,0.0,0.12059,misty,misty
5125,0.0,0.12059,misty,misty
5126,0.0,0.12059,misty,misty
5127,0.0,0.12059,misty,misty
5128,0.0,0.12059,misty,misty
5129,0.0,0.12059,misty,misty
5130,0.0,0.12059,misty,misty
5131,0.0,0.12059,misty,misty
5132,0.0,0.12059,misty,misty
5133,0.0,0.12059,misty,misty
5134,0.0,0.12059,misty,misty
5135,0.0,0.12059,misty,misty
5136,0.0,0.12059,misty,misty
5137,0.0,0.12059,misty,misty
5138,0.0,0.12059,misty,misty
5139,0.0,0.12059,misty,misty
5140,0.0,0.12059,misty,misty
5141,0.0,0.12059,misty,misty
5142,0.0,0.12059,misty,misty
5143,0.0,0.12059,misty,misty
5144,0.0,0.12059,misty,misty
5145,0.0,0.12059,misty,misty
5146,0.0,0.12059,misty,misty
5147,0.0,0.12059,misty,misty
5148,0.0,0.12059,misty,misty
5149,0.0,0.12059,misty,misty
5150,0.0,0.12059,misty,misty
5151,0.0,0.12059,misty,misty
5152,0.0,0.12059,misty,misty
5153,0.0,0.12059,misty,misty
5154,0.0,0.12059,misty,misty
5155,0.0,0.12059,misty,misty
5156,0.0,0.12059,misty,misty
5157,0.0,0.12059,misty,misty
5158,0.0,0.12059,misty,misty
5159,0.0,0.12059,misty,misty
5160,0.0,0.12059,misty,misty
5161,0.0,0.12059,misty,misty
5162,0.0,0.12059,misty,misty
5163,0.0,0.12059,misty,misty
5164,0.0,0.12059,misty,misty
5165,0.0,0.12059,misty,misty
5166,0.0,0.12059,misty,misty
5167,0.0,0.12059,misty,misty
5168,0.0,0.12059,misty,misty
5169,0.0,0.12059,misty,misty
5170,0.0,0.12059,misty,misty
5171,0.0,0.12059,misty,misty
5172,0.0,0.12059,misty,misty
5173,0.0,0.12059,misty,misty
5174,0.0,0.12059,misty,misty
5175,0.0,0.12059,misty,misty
5176,0.0,0.12059,misty,misty
5177,0.0,0.12059,misty,misty
5178,0.0,0.12059,misty,misty
5179,0.0,0.12059,misty,misty
5180,0.0,0.12059,misty,misty
5181,0.0,0.12059,misty,misty
5182,0.0,0.12059,misty,misty
5183,0.0,0.12059,misty,misty
5184,0.0,0.12059,misty,misty
5185,0.0,0.12059,misty,misty
5186,0.0,0.12059,misty,misty
5187,0.0,0.12059,misty,misty
5188,0.0,0.12059,misty,misty
5189,0.0,0.12059,misty,misty
5190,0.0,0.12059,misty,misty
5191,0.0,0.12059,misty,misty
5192,0.0,0.12059,misty,misty
5193,0.0,0.12059,misty,misty
5194,0.0,0.12059,misty,misty
5195,0.0,0.12059,misty,misty
5196,0.0,0.12059,misty,misty
5197,10995.7,3450.52106,misty,misty
5198,21580.4,6778.27328,misty,misty
5199,30100.2,8572.48947,misty,misty
5200,30084.1,8724.74273,misty,misty
5201,30077.5,8724.77472,misty,misty
5202,30059.1,8724.87121,misty,misty
5203,30053.4,8724.87918,misty,misty
5204,30037.3,8724.87918,misty,misty
5205,30029.2,8724.91117,misty,misty
5206,30015.5,8724.99179,misty,misty
5207,29999.4,8725.01691,misty,misty
5208,29994.2,8725.01691,misty,misty
5209,29976.2,8725.03819,misty,misty
5210,29966.8,8725.05497,misty,misty
5211,29952.0,8725.11849,misty,misty
5212,29943.4,8725.16688,misty,misty
5213,29929.7,8725.20163,misty,misty
5214,29913.1,8725.20676,misty,misty
5215,29907.0,8725.23908,misty,misty
5216,29888.2,8725.33558,misty,misty
5217,29880.1,8725.33884,misty,misty
5218,29866.8,8725.33884,misty,misty
5219,29857.4,8725.37527,misty,misty
5220,29841.8,8725.45608,misty,misty
5221,29825.3,8725.50254,misty,misty
5222,29820.1,8725.51315,misty,misty
5223,29803.5,8725.59081,misty,misty
5224,29795.4,8725.63933,misty,misty
5225,29780.4,8725.66169,misty,misty
5226,29771.4,8725.66169,misty,misty
5227,24935.3,7906.22217,misty,misty
5228,9927.5,3465.54929,misty,misty
5229,384.2,205.51970,misty,misty
5230,389.7,2.33371,misty,misty
5231,387.2,2.39360,misty,misty
5232,389.6,2.41984,misty,misty
5233,384.9,2.36297,misty,misty
5234,386.8,2.42231,misty,misty
5235,384.2,2.39053,misty,misty
5236,391.7,2.24045,misty,misty
5237,385.7,2.18342,misty,misty
5238,391.8,2.39589,misty,misty
5239,393.8,2.42075,misty,misty
5240,388.9,2.36931,misty,misty
5241,391.0,2.41155,misty,misty
5242,387.7,2.36736,misty,misty
5243,392.4,2.33273,misty,misty
5244,386.0,2.33273,misty,misty
5245,392.3,2.41232,misty,misty
5246,391.2,2.40227,misty,misty
5247,389.5,2.36550,misty,misty
5248,391.4,2.42591,misty,misty
5249,388.0,2.47908,misty,misty
5250,391.3,2.54102,misty,misty
5251,384.2,2.42367,misty,misty
5252,391.7,2.37203,misty,misty
5253,394.1,2.44686,misty,misty
5254,390.6,2.40266,misty,misty
5255,394.0,2.33164,misty,misty
5256,389.5,2.33164,misty,misty
5257,393.7,2.30083,misty,misty
5258,387.7,2.15065,misty,misty
5259,392.7,2.19163,misty,misty
5260,389.1,2.32793,misty,misty
5261,391.0,2.38994,misty,misty
5262,388.7,2.23962,misty,misty
5263,387.0,2.19691,misty,misty
5264,394.3,2.35661,misty,misty
5265,388.0,2.31457,misty,misty
5266,391.3,2.31457,misty,misty
5267,386.0,2.37579,misty,misty
5268,387.3,2.40297,misty,misty
5269,383.2,2.31554,misty,misty
5270,385.1,2.31554,misty,misty
5271,391.2,2.44767,misty,misty
5272,383.9,2.36821,misty,misty
5273,387.9,2.36163,misty,misty
5274,384.7,2.39780,misty,misty
5275,387.1,2.39811,misty,misty
5276,381.4,2.24779,misty,misty
5277,381.9,2.20765,misty,misty
5278,384.3,2.33388,misty,misty
5279,381.3,2.29693,misty,misty
5280,385.5,2.14616,misty,misty
5281,381.4,2.10842,misty,misty
5282,381.7,2.28525,misty,misty
5283,379.4,2.29916,misty,misty
5284,378.8,2.14897,misty,misty
5285,378.0,2.10589,misty,misty
5286,378.7,2.28311,misty,misty
5287,377.6,2.36448,misty,misty
5288,373.4,2.40095,misty,misty
5289,375.8,2.40361,misty,misty
5290,372.5,2.20860,misty,misty
5291,372.8,2.13698,misty,misty
5292,370.1,2.27974,misty,misty
5293,369.8,2.32325,misty,misty
5294,369.7,2.17159,misty,misty
5295,363.5,2.13552,misty,misty
5296,363.8,2.31262,misty,misty
5297,358.1,2.32540,misty,misty
5298,357.1,2.17492,misty,misty
5299,345.3,2.02875,misty,misty
5300,479661.0,4247.11750,misty,misty
5301,479646.1,5048.66357,misty,misty
5302,479650.0,5048.33603,misty,misty
5303,479632.1,5044.43499,misty,misty
5304,479621.1,5042.05255,misty,misty
5305,479600.8,5038.10715,misty,misty
5306,479590.0,5035.61396,misty,misty
5307,479569.6,5031.46232,misty,misty
5308,479542.5,5026.14258,misty,misty
5309,479530.3,5023.40156,misty,misty
5310,479505.6,5018.78957,misty,misty
5311,479492.4,5016.02491,misty,misty
5312,479468.6,5010.92377,misty,misty
5313,479455.6,5007.78921,misty,misty
5314,479429.7,5002.77928,misty,misty
5315,479397.8,4996.65177,misty,misty
5316,479383.6,4993.27758,misty,misty
5317,479357.9,4987.69195,misty,misty
5318,479343.8,4984.24137,misty,misty
5319,479317.1,4978.51917,misty,misty
5320,479301.9,4975.03055,misty,misty
5321,479274.3,4969.22808,misty,misty
5322,479256.7,4965.45858,misty,misty
5323,479219.1,4958.03016,misty,misty
5324,479210.8,4955.51181,misty,misty
5325,479175.9,4947.98750,misty,misty
5326,479145.1,4941.39306,misty,misty
5327,479127.2,4937.37373,misty,misty
5328,479087.8,4929.40024,misty,misty
5329,479076.7,4926.74043,misty,misty
5330,479033.8,4918.56996,misty,misty
5336,1357.3,362.77294,misty,misty
5337,1393.6,374.30382,misty,misty
5338,1385.3,373.31291,misty,misty
5339,1424.0,385.68704,misty,misty
5340,1428.7,387.87040,misty,misty
5341,1457.8,396.93552,misty,misty
5342,1497.2,409.30691,misty,misty
5343,1487.7,407.81413,misty,misty
5344,1525.1,420.08231,misty,misty
5345,1513.7,418.13689,misty,misty
5346,1553.3,430.32816,misty,misty
5347,1555.5,431.71902,misty,misty
5348,1581.1,440.55011,misty,misty
5349,1619.9,453.29204,misty,misty
5350,1608.3,450.71973,misty,misty
5351,1649.3,463.31159,misty,misty
5352,1635.9,460.33772,misty,misty
5353,1674.8,472.70267,misty,misty
5354,1672.6,473.55991,misty,misty
5355,1696.6,482.24888,misty,misty
5356,1695.5,482.83253,misty,misty
5357,1721.8,491.35623,misty,misty
5358,1764.1,503.92376,misty,misty
5359,1764.5,504.36678,misty,misty
5360,1786.9,512.69730,misty,misty
5361,1782.4,512.81722,misty,misty
5362,1806.5,521.17769,misty,misty
5363,1802.9,521.24127,misty,misty
5364,1829.2,529.60047,misty,misty
5365,1841.7,533.78513,misty,misty
5366,1866.7,542.24284,misty,misty
5367,1891.6,550.75138,misty,misty
5368,1885.9,550.14494,misty,misty
5369,1908.7,558.17391,misty,misty
5370,1905.7,557.65233,misty,misty
5371,1933.1,565.92039,misty,misty
5372,1927.4,565.13619,misty,misty
5373,1964.8,577.66516,misty,misty
5374,1988.4,585.60251,misty,misty
5375,1981.6,584.47253,misty,misty
5376,2007.1,592.46899,misty,misty
5377,2001.8,591.37904,misty,misty
5378,2025.6,599.22189,misty,misty
5379,2018.9,597.84263,misty,misty
5380,2057.6,610.52361,misty,misty
5381,2081.1,618.62175,misty,misty
5382,2073.7,617.00028,misty,misty
5383,2097.6,624.70269,misty,misty
5384,2090.1,622.87467,misty,misty
5385,2114.2,630.45258,misty,misty
5386,2104.9,628.65726,misty,misty
5387,2142.3,641.29655,misty,misty
5388,2118.4,634.28817,misty,misty
5389,2158.4,646.37585,misty,misty
5390,2148.8,644.25861,misty,misty
5391,2170.7,651.96956,misty,misty
5392,2193.1,659.35870,misty,misty
5393,2182.4,656.86606,misty,misty
5394,2222.3,669.17701,misty,misty
5395,2214.4,666.66197,misty,misty
5396,2237.3,674.03726,misty,misty
5397,2226.9,671.37474,misty,misty
5398,2247.6,678.47229,misty,misty
5399,2284.3,690.59434,misty,misty
5400,2256.8,682.51958,misty,misty
5401,2295.4,694.71363,misty,misty
5402,2283.7,691.53830,misty,misty
5403,2304.3,698.52724,misty,misty
5404,2291.6,695.26247,misty,misty
5405,2312.3,702.18720,misty,misty
5406,2317.4,703.87156,misty,misty
5407,2323.1,705.49465,misty,misty
5408,2359.2,717.56940,misty,misty
5409,2344.8,714.05326,misty,misty
5410,2363.6,720.88974,misty,misty
5411,2348.4,717.23392,misty,misty
5412,2368.6,723.86526,misty,misty
5413,2355.6,719.98718,misty,misty
5414,2376.4,726.42608,misty,misty
5415,2414.3,738.07526,misty,misty
5416,2399.3,733.93028,misty,misty
5417,2418.3,740.32949,misty,misty
5418,2403.2,736.26294,misty,misty
5419,2422.2,742.79586,misty,misty
5420,2406.5,738.29895,misty,misty
5421,2425.1,744.23784,misty,misty
5422,2444.5,750.43055,misty,misty
5423,2446.2,751.37180,misty,misty
5424,2463.0,757.58503,misty,misty
5425,2445.9,752.83542,misty,misty
5426,2463.3,758.66446,misty,misty
5427,2445.6,753.82375,misty,misty
5428,2464.0,759.73344,misty,misty
5429,2448.2,754.86958,misty,misty
5430,2483.4,765.86340,misty,misty
5431,2500.4,771.37130,misty,misty
5432,2482.6,766.32392,misty,misty
5433,2499.9,772.08469,misty,misty
5434,2482.1,766.91147,misty,misty
5435,2516.7,777.84212,misty,misty
5436,2481.5,766.97038,misty,misty
5437,2515.7,777.65806,misty,misty
5438,2531.7,782.91098,misty,misty
5439,2512.0,777.34241,misty,misty
5440,2527.1,782.80953,misty,misty
5441,2507.3,777.37023,misty,misty
5442,2541.0,788.01329,misty,misty
5443,2505.8,776.78408,misty,misty
5444,2539.1,787.15905,misty,misty
5445,2502.1,775.79931,misty,misty
5446,2534.4,786.16818,misty,misty
5447,2549.4,791.12645,misty,misty
5448,2528.6,785.01448,misty,misty
5449,2559.2,795.02046,misty,misty
5450,2521.1,783.49444,misty,misty
5451,2553.3,793.64618,misty,misty
5452,2515.1,782.00134,misty,misty
5453,2545.7,791.96151,misty,misty
5454,2525.1,785.60493,misty,misty
5455,2540.1,790.10053,misty,misty
5456,2569.1,799.90418,misty,misty
5457,2529.0,788.05944,misty,misty
5458,2559.9,797.25967,misty,misty
5459,2540.3,790.27686,misty,misty
5460,2554.2,794.40026,misty,misty
5461,2532.4,787.94631,misty,misty
5462,2543.8,791.99893,misty,misty
5463,2554.7,795.85753,misty,misty
5464,2532.9,789.02386,misty,misty
5465,2563.1,798.28053,misty,misty
5466,2540.0,791.52727,misty,misty
5467,2550.5,795.39361,misty,misty
5468,2527.4,788.26890,misty,misty
5469,2538.2,791.63142,misty,misty
5470,2515.0,784.50031,misty,misty
5471,2525.6,788.04867,misty,misty
5472,2553.3,796.75711,misty,misty
5473,2530.1,789.63856,misty,misty
5474,2540.7,792.87068,misty,misty
5475,2517.6,785.43777,misty,misty
5476,2526.7,788.45346,misty,misty
5477,2502.1,781.04520,misty,misty
5478,2511.8,783.90420,misty,misty
5479,2539.0,791.87503,misty,misty
5480,2514.5,784.39582,misty,misty
5481,2523.1,787.25546,misty,misty
5482,2498.4,779.72806,misty,misty
5483,2506.6,782.62107,misty,misty
5484,2482.0,774.85937,misty,misty
5485,2507.1,782.18896,misty,misty
5486,2466.0,769.39166,misty,misty
5487,2490.6,777.06971,misty,misty
5488,2496.9,779.17462,misty,misty
5489,2471.0,771.30679,misty,misty
5490,2477.7,773.37994,misty,misty
5491,2453.7,765.44224,misty,misty
5492,2476.9,772.62799,misty,misty
5493,2434.8,760.04118,misty,misty
5494,2456.8,767.13755,misty,misty
5495,2431.0,759.07431,misty,misty
5499,2438.5,760.51591,misty,misty
5500,2396.4,747.39541,misty,misty
5501,2417.7,753.34620,misty,misty
5502,2375.9,740.25163,misty,misty
5503,2394.1,746.48156,misty,misty
5504,2399.4,747.65126,misty,misty
5505,2374.1,739.33558,misty,misty
5506,2392.9,745.09964,misty,misty
5507,2351.0,732.11315,misty,misty
5508,2369.3,737.58882,misty,misty
5509,2327.6,724.49279,misty,misty
5510,2345.0,729.75520,misty,misty
5511,2362.4,734.94489,misty,misty
5512,2320.9,721.86637,misty,misty
5513,2336.4,727.04688,misty,misty
5514,2294.3,714.03623,misty,misty
5515,2311.6,718.86875,misty,misty
5516,2285.3,710.06835,misty,misty
5517,2288.4,710.17230,misty,misty
5518,2275.1,705.80792,misty,misty
5519,2261.4,701.74406,misty,misty
5520,2275.9,706.07273,misty,misty
5521,2234.3,692.89686,misty,misty
5522,2247.5,696.82062,misty,misty
5523,2220.3,688.24553,misty,misty
5524,2220.5,687.87082,misty,misty
5525,2193.5,679.14691,misty,misty
5526,2193.9,678.67445,misty,misty
5527,2194.0,678.15977,misty,misty
5528,2165.6,669.09723,misty,misty
5529,2176.6,672.28781,misty,misty
5530,2148.6,663.32862,misty,misty
5531,2148.5,662.59489,misty,misty
5532,2121.5,653.66193,misty,misty
5533,2119.4,652.80293,misty,misty
5534,2090.3,643.90073,misty,misty
5536,2096.0,645.29038,misty,misty
5538,2065.6,634.78473,misty,misty
5540,1985.6,610.37893,misty,misty
5542,2000.1,613.45469,misty,misty
5544,1976.5,605.57276,misty,misty
5546,1941.3,593.65535,misty,misty
5548,1903.9,581.14800,misty,misty
5550,1864.5,568.17933,misty,misty
5552,1849.5,563.60670,misty,misty
5554,1806.7,549.40711,misty,misty
5556,1769.7,537.36556,misty,misty
5558,1723.2,522.22910,misty,misty
5559,1707.3,517.45020,misty,misty
5560,1673.3,507.14320,misty,misty
5561,1655.2,501.87215,misty,misty
5562,1621.5,491.27278,misty,misty
5563,1613.2,487.98315,misty,misty
5564,1571.3,475.29747,misty,misty
5565,1557.7,471.72558,misty,misty
5566,1523.0,461.13555,misty,misty
5567,1502.2,455.13217,misty,misty
5568,1481.8,448.59308,misty,misty
5569,1449.0,438.29072,misty,misty
5570,1433.1,433.80012,misty,misty
5571,1393.3,421.53655,misty,misty
5572,1378.0,416.44816,misty,misty
5573,1344.3,405.96068,misty,misty
5574,1326.4,399.91729,misty,misty
5575,1301.6,391.85620,misty,misty
5576,1265.3,381.16787,misty,misty
5577,1246.1,376.08664,misty,misty
5578,1206.6,364.26930,misty,misty
5579,1189.8,359.07340,misty,misty
5580,1156.1,348.82148,misty,misty
5581,1133.6,342.05312,misty,misty
5582,1101.7,332.31951,misty,misty
5583,1079.3,325.82862,misty,misty
5584,1059.4,320.08196,misty,misty
5585,1025.9,309.59130,misty,misty
5586,1009.2,303.95244,misty,misty
5587,979.7,295.31197,misty,misty
5588,957.2,288.68181,misty,misty
5589,928.6,280.00489,misty,misty
5590,905.8,273.46624,misty,misty
5591,884.2,267.64983,misty,misty
5592,859.4,260.38994,misty,misty
5593,840.0,254.23979,misty,misty
5594,813.9,245.76203,misty,misty
5595,796.4,239.55952,misty,misty
5596,769.8,231.63744,misty,misty
5597,747.6,226.06452,misty,misty
5598,721.8,218.52676,misty,misty
5599,708.5,213.48391,misty,misty
5600,690.2,207.50242,misty,misty
5601,667.3,200.51928,misty,misty
5602,647.1,194.56338,misty,misty
5603,622.7,187.83639,misty,misty
5604,92774.0,13010.09584,misty,misty
5606,92770.8,12186.09771,misty,misty
5608,92768.3,12185.00696,misty,misty
5610,92766.0,12183.90416,misty,misty
5612,92768.3,12182.96478,misty,misty
5614,92765.5,12182.03194,misty,misty
5615,92763.8,12181.56940,misty,misty
5616,92764.5,12181.17776,misty,misty
5617,92765.3,12180.70803,misty,misty
5618,92765.8,12180.29029,misty,misty
5619,92764.3,12179.87730,misty,misty
5620,92765.5,12179.62196,misty,misty
5621,92767.5,12179.32344,misty,misty
5622,92767.3,12178.90389,misty,misty
5623,92765.4,12178.57530,misty,misty
5624,92764.0,12178.22819,misty,misty
5625,92766.0,12178.00684,misty,misty
5626,92767.2,12177.67169,misty,misty
5627,92768.1,12177.40650,misty,misty
5628,92767.2,12177.12103,misty,misty
5629,92767.6,12176.91094,misty,misty
5630,92768.4,12176.73989,misty,misty
5631,92767.5,12176.48951,misty,misty
5632,92769.7,12176.29583,misty,misty
5633,92771.0,12176.00885,misty,misty
5634,92773.3,12175.87765,misty,misty
5635,92774.1,12175.64971,misty,misty
5636,92775.7,12175.49958,misty,misty
5637,92777.4,12175.42555,misty,misty
5638,92779.2,12175.29157,misty,misty
5639,826.2,867.04134,misty,misty
5640,820.8,109.77214,misty,misty
5641,841.2,112.77465,misty,misty
5642,844.0,113.17364,misty,misty
5643,860.1,115.03054,misty,misty
5644,862.8,115.02934,misty,misty
5645,877.5,116.80010,misty,misty
5646,897.1,119.71707,misty,misty
5647,890.2,118.94482,misty,misty
5648,911.1,121.85148,misty,misty
5649,910.2,121.85985,misty,misty
5650,922.3,123.64027,misty,misty
5651,920.2,123.45523,misty,misty
5652,931.5,125.08726,misty,misty
5653,943.6,126.70643,misty,misty
5654,942.1,126.47544,misty,misty
5655,960.3,128.87546,misty,misty
5656,959.1,128.45267,misty,misty
5657,971.7,129.85895,misty,misty
5658,968.6,129.45578,misty,misty
5659,978.6,130.89628,misty,misty
5660,981.2,131.39020,misty,misty
5661,984.1,131.73085,misty,misty
5662,1000.3,133.88112,misty,misty
5663,995.0,133.29715,misty,misty
5664,1004.6,134.56643,misty,misty
5665,1000.1,133.84954,misty,misty
5666,1007.6,134.88798,misty,misty
5667,1000.8,134.08721,misty,misty
5668,1014.3,135.87111,misty,misty
5669,1008.0,134.97217,misty,misty
5670,1015.6,135.97570,misty,misty
5671,1023.4,136.87160,misty,misty
5672,1017.1,135.89188,misty,misty
5673,1022.0,136.79342,misty,misty
5674,1013.8,135.72956,misty,misty
5675,1027.4,137.26143,misty,misty
5676,1013.5,135.27727,misty,misty
5677,1023.6,136.74514,misty,misty
5678,1028.2,137.40452,misty,misty
5679,1019.1,136.32307,misty,misty
5680,1021.2,136.77494,misty,misty
5681,1011.2,135.41069,misty,misty
5682,1021.1,136.68563,misty,misty
5683,1005.1,134.51723,misty,misty
5684,1013.2,135.63577,misty,misty
5685,1015.3,135.87686,misty,misty
5686,1005.2,134.49027,misty,misty
5687,1007.5,134.73375,misty,misty
5688,995.9,133.15581,misty,misty
5689,1002.1,133.92743,misty,misty
5690,986.1,131.59521,misty,misty
5691,993.3,132.43683,misty,misty
5692,985.7,131.50662,misty,misty
5693,978.9,130.55788,misty,misty
5694,976.5,130.58731,misty,misty
5695,963.4,129.06529,misty,misty
5696,967.4,129.44481,misty,misty
5697,949.6,126.93697,misty,misty
5698,953.1,127.17757,misty,misty
5699,933.8,124.64485,misty,misty
5700,934.4,124.92835,misty,misty
5701,925.7,123.84551,misty,misty
5702,917.9,122.58370,misty,misty
5703,919.6,122.68902,misty,misty
5704,900.0,120.26066,misty,misty
5705,898.8,120.35594,misty,misty
5706,883.9,118.29888,misty,misty
5707,878.9,117.44498,misty,misty
5708,863.7,115.35930,misty,misty
5709,856.6,114.60136,misty,misty
5710,852.8,114.10162,misty,misty
5711,833.2,111.45941,misty,misty
5712,831.0,111.14324,misty,misty
5713,815.6,109.13454,misty,misty
5714,805.5,107.82444,misty,misty
5715,789.1,105.62366,misty,misty
5716,780.9,104.50610,misty,misty
5717,775.3,103.71330,misty,misty
5718,754.7,100.86753,misty,misty
5719,747.1,99.82596,misty,misty
5720,730.0,97.49133,misty,misty
5721,718.9,95.93038,misty,misty
5722,700.6,93.58914,misty,misty
5723,689.0,92.15647,misty,misty
5724,672.1,89.89553,misty,misty
5725,659.3,88.28510,misty,misty
5726,648.3,86.78156,misty,misty
5727,630.7,84.43641,misty,misty
5728,615.2,82.60066,misty,misty
5729,596.9,80.12824,misty,misty
5730,583.9,77.90739,misty,misty
5731,566.6,75.39315,misty,misty
5732,550.6,73.52151,misty,misty
5733,531.5,71.24798,misty,misty
5734,515.0,69.01274,misty,misty
5735,500.0,66.88139,misty,misty
5736,480.0,64.13479,misty,misty
5737,461.2,61.64928,misty,misty
5738,440.7,59.14871,misty,misty
5739,422.1,56.86501,misty,misty
5740,402.5,54.08489,misty,misty
5741,382.7,51.41390,misty,misty
5742,362.7,48.82318,misty,misty
5743,343.4,46.23180,misty,misty
5744,327.0,43.81945,misty,misty
5745,310.2,41.48953,misty,misty
5746,293.6,39.29256,misty,misty
5747,276.4,36.97995,misty,misty
5748,259.3,34.76409,misty,misty
5749,242.7,32.68706,misty,misty
5750,229.0,30.68043,misty,misty
5751,215.7,28.66354,misty,misty
5752,200.6,26.74215,misty,misty
5753,186.9,25.01768,misty,misty
5754,174.6,23.25580,misty,misty
5755,164.9,21.72132,misty,misty
5756,153.5,20.24245,misty,misty
5757,142.7,18.75348,misty,misty
5758,133.6,17.30341,misty,misty
5759,123.1,15.76590,misty,misty
5760,116.1,14.57378,misty,misty
5761,106.5,13.25698,misty,misty
5762,96.5,12.24284,misty,misty
5763,86.8,11.15527,misty,misty
5764,81.5,10.43594,misty,misty
5765,77.1,9.82620,misty,misty
5766,69.9,8.97314,misty,misty
5767,66.4,8.37400,misty,misty
5768,62.8,7.73218,misty,misty
5769,60.4,7.27152,misty,misty
5770,55.7,6.80693,misty,misty
5771,53.5,6.65036,misty,misty
5772,52.1,6.43139,misty,misty
5773,51.8,6.28129,misty,misty
5774,22148.2,10530.80635,misty,misty
5775,22148.3,10530.90138,misty,misty
5776,22148.3,10530.91833,misty,misty
5777,22148.3,10530.93112,misty,misty
5778,22148.3,10530.93112,misty,misty
5779,22148.3,10530.94699,misty,misty
5780,22148.3,10531.00766,misty,misty
5781,22148.8,10531.05313,misty,misty
5782,22150.7,10531.05313,misty,misty
5783,22152.1,10531.08104,misty,misty
5784,22152.1,10531.19354,misty,misty
5785,22152.1,10531.27874,misty,misty
5786,22152.1,10531.27874,misty,misty
5787,22152.3,10531.29301,misty,misty
5788,22153.0,10531.35371,misty,misty
5789,22154.0,10531.41441,misty,misty
5790,22155.9,10531.47512,misty,misty
5791,22157.3,10531.53685,misty,misty
5792,22157.3,10531.60170,misty,misty
5793,22157.4,10531.66605,misty,misty
5794,22157.4,10531.72677,misty,misty
5795,22157.9,10531.79059,misty,misty
5796,22159.8,10531.86873,misty,misty
5797,22161.2,10531.95321,misty,misty
5798,22161.2,10532.06528,misty,misty
5799,22161.4,10532.17975,misty,misty
5800,22162.1,10532.30170,misty,misty
5801,22162.9,10532.41321,misty,misty
5802,22164.8,10532.47714,misty,misty
5803,22166.5,10532.54173,misty,misty
5804,22166.5,10532.60248,misty,misty
5805,22166.8,10532.68455,misty,misty
5806,22168.7,10532.87433,misty,misty
5807,22170.3,10533.04435,misty,misty
5808,22170.4,10533.10561,misty,misty
5809,0.0,0.11802,misty,misty
5810,0.0,0.11802,misty,misty
5811,0.0,0.11802,misty,misty
5812,0.0,0.11802,misty,misty
5813,0.0,0.11802,misty,misty
5814,0.0,0.11802,misty,misty
5815,0.0,0.11802,misty,misty
5816,0.0,0.11802,misty,misty
5817,0.0,0.11802,misty,misty
5818,0.0,0.11802,misty,misty
5819,0.0,0.11802,misty,misty
5820,0.0,0.11802,misty,misty
5821,0.0,0.11802,misty,misty
5822,0.0,0.11802,misty,misty
5823,0.0,0.11802,misty,misty
5824,0.0,0.11802,misty,misty
5825,0.0,0.11802,misty,misty
5826,0.0,0.11802,misty,misty
5827,0.0,0.11802,misty,misty
5828,0.0,0.11802,misty,misty
5829,0.0,0.11802,misty,misty
5830,0.0,0.11802,misty,misty
5831,0.0,0.11802,misty,misty
5832,0.0,0.11802,misty,misty
5833,0.0,0.11802,misty,misty
5834,0.0,0.11802,misty,misty
5835,0.0,0.11802,misty,misty
5836,0.0,0.11802,misty,misty
5837,0.0,0.11802,misty,misty
5838,0.0,0.11802,misty,misty
5839,0.0,0.11802,misty,misty
5840,0.0,0.11802,misty,misty
5841,0.0,0.11802,misty,misty
5842,0.0,0.11802,misty,misty
5843,0.0,0.11802,misty,misty
5844,0.0,0.11802,misty,misty
5845,0.0,0.11802,misty,misty
5846,0.0,0.11802,misty,misty
5847,0.0,0.11802,misty,misty
5848,0.0,0.11802,misty,misty
5849,0.0,0.11802,misty,misty
5850,0.0,0.11802,misty,misty
5851,0.0,0.11802,misty,misty
5852,0.0,0.11802,misty,misty
5853,0.0,0.11802,misty,misty
5854,0.0,0.11802,misty,misty
5855,0.0,0.11802,misty,misty
5856,0.0,0.11802,misty,misty
5857,0.0,0.11802,misty,misty
5858,0.0,0.11802,misty,misty
5859,0.0,0.11802,misty,misty
5860,0.0,0.11802,misty,misty
5861,0.0,0.11802,misty,misty
5862,0.0,0.11802,misty,misty
5863,0.0,0.11802,misty,misty
5864,0.0,0.11802,misty,misty
5865,0.0,0.11802,misty,misty
5866,0.0,0.11802,misty,misty
5867,0.0,0.11802,misty,misty
5868,0.0,0.11802,misty,misty
5869,0.0,0.11802,misty,misty
5870,0.0,0.11802,misty,misty
5871,0.0,0.11802,misty,misty
5872,0.0,0.11802,misty,misty
5873,0.0,0.11802,misty,misty
5874,0.0,0.11802,misty,misty
5875,0.0,0.11802,misty,misty
5876,0.0,0.11802,misty,misty
5877,0.0,0.11802,misty,misty
5878,0.0,0.11802,misty,misty
5879,0.0,0.11802,misty,misty
5880,0.0,0.11802,misty,misty
5881,0.0,0.11802,misty,misty
5882,0.0,0.11802,misty,misty
5883,0.0,0.11802,misty,misty
5884,0.0,0.11802,misty,misty
5885,0.0,0.11802,misty,misty
5886,0.0,0.11802,misty,misty
5887,0.0,0.11802,misty,misty
5888,0.0,0.11802,misty,misty
5889,0.0,0.11802,misty,misty
5890,0.0,0.11802,misty,misty
5891,0.0,0.11802,misty,misty
5892,0.0,0.11802,misty,misty
5893,0.0,0.11802,misty,misty
5894,0.0,0.11802,misty,misty
5895,0.0,0.11802,misty,misty
5896,0.0,0.11802,misty,misty
5897,0.0,0.11802,misty,misty
5898,0.0,0.11802,misty,misty
5899,0.0,0.11802,misty,misty
5900,0.0,0.11802,misty,misty
5901,0.0,0.11802,misty,misty
5902,0.0,0.11802,misty,misty
5903,19737.1,10181.06272,misty,misty
5904,19737.1,10181.06272,misty,misty
5905,19737.1,10181.06272,misty,misty
5906,19737.1,10181.06272,misty,misty
5907,19737.1,10181.06272,misty,misty
5908,19737.1,10181.06272,misty,misty
5909,19737.1,10181.06272,misty,misty
5910,19737.1,10181.06272,misty,misty
5911,19737.1,10181.06272,misty,misty
5912,19737.1,10181.06272,misty,misty
5913,19737.1,10181.06272,misty,misty
5914,19737.1,10181.06272,misty,misty
5915,19737.1,10181.06272,misty,misty
5916,19737.1,10181.06272,misty,misty
5917,19737.1,10181.06272,misty,misty
5918,19737.1,10181.06272,misty,misty
5919,19737.1,10181.06272,misty,misty
5920,19737.1,10181.06272,misty,misty
5921,19737.1,10181.06272,misty,misty
5922,19737.1,10181.06272,misty,misty
5923,19737.1,10181.06272,misty,misty
5924,19737.1,10181.06272,misty,misty
5925,19737.1,10181.06272,misty,misty
5926,19737.1,10181.06272,misty,misty
5927,19737.1,10181.06272,misty,misty
5928,19737.1,10181.06272,misty,misty
5929,19737.1,10181.06272,misty,misty
5930,19737.1,10181.06272,misty,misty
5931,19737.1,10181.06272,misty,misty
5932,19737.1,10181.06272,misty,misty
5933,19737.1,10181.06272,misty,misty
5934,19737.1,10181.06272,misty,misty
5935,19737.1,10181.06272,misty,misty
5936,19737.1,10181.06272,misty,misty
5937,19737.1,10181.06272,misty,misty
5938,19737.1,10181.06272,misty,misty
5939,19737.1,10181.06272,misty,misty
5940,0.0,0.11803,misty,misty
5941,0.0,0.11803,misty,misty
5942,0.0,0.11803,misty,misty
5943,0.0,0.11803,misty,misty
5944,0.0,0.11803,misty,misty
5945,0.0,0.11803,misty,misty
5946,0.0,0.11803,misty,misty
5947,0.0,0.11803,misty,misty
5948,0.0,0.11803,misty,misty
5949,9.1,0.11803,misty,misty
5950,17.6,0.11803,misty,misty
5951,45.8,0.11803,misty,misty
5952,86.1,0.11803,misty,misty
5953,194.5,0.11803,misty,misty
5954,223.1,0.11803,misty,misty
5955,311.1,0.11803,misty,misty
5956,358.5,0.11803,misty,misty
5957,439.8,0.11803,misty,misty
5958,569.2,0.11803,misty,misty
5959,660.3,0.11803,misty,misty
5960,689.7,0.11803,misty,misty
5961,768.3,0.11803,misty,misty
5962,804.1,0.11803,misty,misty
5963,902.3,0.11803,misty,misty
5964,908.1,0.11803,misty,misty
5965,925.4,0.11803,misty,misty
5966,925.7,0.11803,misty,misty
5967,925.7,0.11803,misty,misty
5968,925.7,0.11803,misty,misty
5969,925.7,0.11803,misty,misty
5970,925.7,0.11803,misty,misty
5971,925.7,0.11803,misty,misty
5972,925.7,0.11803,misty,misty
5973,925.7,0.11803,misty,misty
5974,925.7,0.11803,misty,misty
5975,925.7,0.11803,misty,misty
5976,925.7,0.11803,misty,misty
5977,925.7,0.11803,misty,misty
5978,925.7,0.11803,misty,misty
5979,925.7,0.11803,misty,misty
5980,925.7,0.11803,misty,misty
5981,925.7,0.11803,misty,misty
5982,925.7,0.11803,misty,misty
5983,925.7,0.11803,misty,misty
5984,925.7,0.11803,misty,misty
5985,925.7,0.11803,misty,misty
5986,925.7,0.11803,misty,misty
5987,925.7,0.11803,misty,misty
5988,925.7,0.11803,misty,misty
5989,925.7,0.11803,misty,misty
5990,925.7,0.11803,misty,misty
5991,925.7,0.11803,misty,misty
5992,925.7,0.11803,misty,misty
5993,925.7,0.11803,misty,misty
5994,925.7,0.11803,misty,misty
5995,925.7,0.11803,misty,misty
5996,925.7,0.11803,misty,misty
5997,925.7,0.11803,misty,misty
5998,920.8,0.11803,misty,misty
5999,909.0,0.11803,misty,misty
6000,888.2,0.11803,misty,misty
6001,853.8,0.11803,misty,misty
6002,812.1,0.11803,misty,misty
6003,759.1,0.11803,misty,misty
6004,702.6,0.11803,misty,misty
6005,640.3,0.11803,misty,misty
6006,575.4,0.11803,misty,misty
6007,506.2,0.11803,misty,misty
6008,437.2,0.11803,misty,misty
6009,368.6,0.11803,misty,misty
6010,302.1,0.11803,misty,misty
6011,239.6,0.11803,misty,misty
6012,181.3,0.11803,misty,misty
6013,130.5,0.11803,misty,misty
6014,84.8,0.11803,misty,misty
6015,48.5,0.11803,misty,misty
6016,20.5,0.11803,misty,misty
6017,8.2,0.11803,misty,misty
6018,0.0,0.11803,misty,misty
6019,0.0,0.11803,misty,misty
6020,0.0,0.11803,misty,misty
6021,0.0,0.11803,misty,misty
6022,0.0,0.11803,misty,misty
6023,0.0,0.11803,misty,misty
6024,0.0,0.11803,misty,misty
6025,0.0,0.11803,misty,misty
6026,0.0,0.11803,misty,misty
6027,0.0,0.11803,misty,misty
6028,0.0,0.11803,misty,misty
6029,0.0,0.11803,misty,misty
6030,0.0,0.11803,misty,misty
6031,0.0,0.11803,misty,misty
6032,0.0,0.11803,misty,misty
6033,0.0,0.11803,misty,misty
6034,0.0,0.11803,misty,misty
6035,0.0,0.11803,misty,misty
6036,0.0,0.11803,misty,misty
6037,0.0,0.11803,misty,misty
6038,0.0,0.11803,misty,misty
6039,0.0,0.11803,misty,misty
6040,0.0,0.11803,misty,misty
6041,0.0,0.11803,misty,misty
6042,0.0,0.11803,misty,misty
6043,0.0,0.11803,misty,misty
6044,0.0,0.11803,misty,misty
6045,0.0,0.11803,misty,misty
6046,0.0,0.11803,misty,misty
6047,0.0,0.11803,misty,misty
6048,0.0,0.11803,misty,misty
6049,0.0,0.11803,misty,misty
6050,0.0,0.11803,misty,misty
6051,0.0,0.11803,misty,misty
6052,0.0,0.11803,misty,misty
6053,0.0,0.11803,misty,misty
6054,0.0,0.11803,misty,misty
6055,0.0,0.11803,misty,misty
6056,0.0,0.11803,misty,misty
6057,0.0,0.11803,misty,misty
6058,0.0,0.11803,misty,misty
6059,0.0,0.11803,misty,misty
6060,0.0,0.11803,misty,misty
6061,0.0,0.11803,misty,misty
6062,0.0,0.11803,misty,misty
6063,0.0,0.11803,misty,misty
6064,0.0,0.11803,misty,misty
6065,0.0,0.11803,misty,misty
6066,0.0,0.11803,misty,misty
6067,0.0,0.11803,misty,misty
6068,0.0,0.11803,misty,misty
6069,0.0,0.11803,misty,misty
6070,0.0,0.11803,misty,misty
6071,0.0,0.11803,misty,misty
6072,0.0,0.11803,misty,misty
6073,0.0,0.11803,misty,misty
6074,0.0,0.11803,misty,misty
6075,0.0,0.11803,misty,misty
6076,0.0,0.11803,misty,misty
6077,0.0,0.11803,misty,misty
6078,0.0,0.11803,misty,misty
6079,0.0,0.11803,misty,misty
6080,10331.2,203.41092,misty,misty
6081,10342.0,1228.38741,misty,misty
6082,10358.1,1228.38741,misty,misty
6083,10376.6,1228.38741,misty,misty
6084,10388.2,1228.38741,misty,misty
6085,10404.3,1228.38741,misty,misty
6086,10408.0,1228.38741,misty,misty
6087,10431.5,1228.38741,misty,misty
6088,10449.5,1228.38741,misty,misty
6089,10467.2,1228.38741,misty,misty
6090,10470.9,1228.38741,misty,misty
6091,10484.7,1228.38741,misty,misty
6092,10502.9,1228.38741,misty,misty
6093,10509.1,1228.38741,misty,misty
6094,10520.3,1228.38741,misty,misty
6095,10540.0,1228.38741,misty,misty
6096,10560.8,1228.38741,misty,misty
6097,10575.7,1228.38741,misty,misty
6098,10581.8,1228.38741,misty,misty
6099,10592.1,1228.38741,misty,misty
6100,10613.7,1228.38741,misty,misty
6101,10636.2,1228.38741,misty,misty
6102,10651.2,1228.38741,misty,misty
6103,10660.4,1228.38741,misty,misty
6104,10684.9,1228.38741,misty,misty
6105,10711.3,1228.38741,misty,misty
6106,10731.2,1228.38741,misty,misty
6107,10740.4,1228.38741,misty,misty
6108,10755.8,1228.38741,misty,misty
6109,10777.3,1228.38741,misty,misty
6110,10804.5,1228.38741,misty,misty
6111,10818.6,1228.38741,misty,misty
6112,10826.8,1228.38741,misty,misty
6113,10851.1,1228.38741,misty,misty
6114,10879.9,1228.38741,misty,misty
6115,10892.2,1228.38741,misty,misty
6116,10916.9,1228.38741,misty,misty
6117,10940.8,1228.38741,misty,misty
6118,10974.0,1228.38741,misty,misty
6119,10999.4,1228.38741,misty,misty
6120,11022.3,1228.38741,misty,misty
6121,11046.3,1228.38741,misty,misty
6122,11056.4,1228.38741,misty,misty
6123,11075.5,1228.38741,misty,misty
6124,11084.8,1228.38741,misty,misty
6125,11115.8,1228.38741,misty,misty
6126,11141.6,1228.38741,misty,misty
6127,11167.3,1228.38741,misty,misty
6128,11176.6,1228.38741,misty,misty
6129,11192.1,1228.38741,misty,misty
6130,11201.8,1228.38741,misty,misty
6131,11235.1,1228.38741,misty,misty
6132,11240.4,1228.38741,misty,misty
6133,11258.8,1228.38741,misty,misty
6134,11284.1,1228.38741,misty,misty
6135,11293.6,1228.38741,misty,misty
6136,11308.2,1228.38741,misty,misty
6137,11331.9,1228.38741,misty,misty
6138,11350.7,1228.38741,misty,misty
6139,11360.0,1228.38741,misty,misty
6140,11375.6,1228.38741,misty,misty
6141,11398.0,1228.38741,misty,misty
6142,11407.1,1228.38741,misty,misty
6143,11422.8,1228.38741,misty,misty
6144,11447.6,1228.38741,misty,misty
6145,11462.8,1228.38741,misty,misty
6146,11472.1,1228.38741,misty,misty
6147,11486.1,1228.38741,misty,misty
6148,11499.8,1228.38741,misty,misty
6149,11532.2,1228.38741,misty,misty
6150,11545.6,1228.38741,misty,misty
6151,11554.7,1228.38741,misty,misty
6152,11583.7,1228.38741,misty,misty
6153,11608.0,1228.38741,misty,misty
6154,11616.2,1228.38741,misty,misty
6155,11628.8,1228.38741,misty,misty
6156,11649.0,1228.38741,misty,misty
6157,11672.6,1228.38741,misty,misty
6158,11692.0,1228.38741,misty,misty
6159,11700.4,1228.38741,misty,misty
6160,11710.2,1228.38741,misty,misty
6161,11730.4,1228.38741,misty,misty
6162,11749.7,1228.38741,misty,misty
6163,11772.5,1228.38741,misty,misty
6164,11789.8,1228.38741,misty,misty
6165,11796.9,1228.38741,misty,misty
6166,11809.8,1228.38741,misty,misty
6167,11825.9,1228.38741,misty,misty
6168,11841.9,1228.38741,misty,misty
6169,11861.8,1228.38741,misty,misty
6170,11876.4,1228.38741,misty,misty
6171,11888.7,1228.38741,misty,misty
6172,11903.6,1228.38741,misty,misty
6173,11907.8,1228.38741,misty,misty
6174,11921.3,1228.38741,misty,misty
6175,11935.3,1228.38741,misty,misty
6177,31033.9,11041.65031,misty,misty
6178,30978.8,11038.32867,misty,misty
6179,30959.8,11037.17384,misty,misty
6180,30902.7,11033.69700,misty,misty
6181,30612.1,10961.20537,misty,misty
6182,30556.1,9955.71498,misty,misty
6183,30521.0,9953.92943,misty,misty
6184,30463.4,9950.93992,misty,misty
6185,30428.4,9949.05185,misty,misty
6186,30370.9,9945.82641,misty,misty
6187,30310.1,9942.53493,misty,misty
6188,30260.4,9939.87624,misty,misty
6189,30195.4,9936.42587,misty,misty
6190,30155.5,9934.33141,misty,misty
6191,30088.8,9930.74195,misty,misty
6192,30047.5,9928.55822,misty,misty
6193,29966.0,9924.11263,misty,misty
6194,29897.2,9920.35254,misty,misty
6195,29855.3,9918.00909,misty,misty
6196,29785.8,9914.09138,misty,misty
6197,29741.4,9911.65912,misty,misty
6198,29668.0,9907.58640,misty,misty
6199,29622.7,9905.09573,misty,misty
6200,29532.8,9900.07396,misty,misty
6201,29501.8,9898.33344,misty,misty
6202,29410.7,9893.07111,misty,misty
6203,29331.7,9888.55356,misty,misty
6204,29283.3,9885.82198,misty,misty
6205,29201.6,9881.20841,misty,misty
6206,29150.9,9878.42226,misty,misty
6207,29051.5,9872.79400,misty,misty
6208,28967.9,9868.02830,misty,misty
6209,28883.4,9862.96126,misty,misty
6210,28832.4,9859.91466,misty,misty
6211,28780.2,9856.91988,misty,misty
6212,28694.0,9851.91143,misty,misty
6213,28641.5,9848.84148,misty,misty
6214,28537.8,9842.65643,misty,misty
6215,28484.1,9839.42103,misty,misty
6216,28395.2,9834.00860,misty,misty
6217,28305.8,9828.57255,misty,misty
6218,28251.2,9825.29934,misty,misty
6219,28140.4,9818.60104,misty,misty
6220,28101.5,9816.35176,misty,misty
6221,27989.1,9809.47805,misty,misty
6222,27950.0,9807.16618,misty,misty
6223,27838.6,9800.16629,misty,misty
6224,27782.7,9796.64158,misty,misty
6225,27687.0,9790.68566,misty,misty
6226,27570.7,9783.45950,misty,misty
6227,27531.0,9781.02543,misty,misty
6228,27415.6,9773.68913,misty,misty
6229,27375.5,9771.18218,misty,misty
6230,27259.1,9763.63318,misty,misty
6231,27199.5,9759.80917,misty,misty
6232,27101.3,9753.40855,misty,misty
6233,26982.1,9745.72068,misty,misty
6234,26940.9,9743.15057,misty,misty
6235,26820.4,9735.20269,misty,misty
6236,26777.9,9732.52521,misty,misty
6237,26655.4,9724.50771,misty,misty
6238,26593.3,9720.49325,misty,misty
6239,26492.6,9713.66764,misty,misty
6240,26372.2,9705.38949,misty,misty
6241,26269.3,9698.46443,misty,misty
6242,26207.7,9694.29057,misty,misty
6243,26102.6,9687.28095,misty,misty
6244,26037.8,9683.05878,misty,misty
6245,25974.6,9678.72899,misty,misty
6246,25871.4,9671.48807,misty,misty
6247,25808.6,9667.19401,misty,misty
6248,25705.2,9660.03311,misty,misty
6249,25621.3,9654.14893,misty,misty
6250,25537.7,9648.19827,misty,misty
6251,25411.4,9639.25308,misty,misty
6252,25347.1,9634.76668,misty,misty
6253,25242.0,9627.26953,misty,misty
6254,25178.4,9622.75630,misty,misty
6255,25072.4,9615.20814,misty,misty
6256,25007.0,9610.66300,misty,misty
6257,24880.3,9601.42778,misty,misty
6258,24776.3,9593.64794,misty,misty
6259,24714.1,9589.00578,misty,misty
6260,24609.5,9581.24294,misty,misty
6261,24545.4,9576.54526,misty,misty
6262,24438.9,9568.68445,misty,misty
6263,24353.6,9562.35924,misty,misty
6264,24247.9,9554.41756,misty,misty
6265,24143.1,9546.39999,misty,misty
6266,24081.1,9541.57166,misty,misty
6267,23975.0,9533.53574,misty,misty
6268,23910.0,9528.70255,misty,misty
6269,23803.9,9520.61989,misty,misty
6270,23739.1,9515.75519,misty,misty
6271,23612.7,9505.99375,misty,misty
6272,23549.3,9501.09580,misty,misty
6273,23444.5,9492.87075,misty,misty
6274,23339.9,9484.59966,misty,misty
6275,23277.8,9479.69453,misty,misty
6276,23175.8,9471.49321,misty,misty
6277,23113.7,9466.54239,misty,misty
6278,22988.7,9456.60184,misty,misty
6279,22927.4,9451.58727,misty,misty
6280,22826.0,9443.20365,misty,misty
6281,22721.9,9434.89680,misty,misty
6282,22659.1,9429.90596,misty,misty
6283,22557.4,9421.54296,misty,misty
6284,22496.2,9416.50571,misty,misty
6285,22373.8,9406.50768,misty,misty
6286,22331.4,9403.17784,misty,misty
6287,22209.7,9393.10411,misty,misty
6288,22148.7,9388.03625,misty,misty
6289,22051.1,9379.62923,misty,misty
6290,21937.2,9369.54944,misty,misty
6291,21898.4,9366.19852,misty,misty
6292,21778.2,9356.12267,misty,misty
6293,21719.6,9351.14081,misty,misty
6294,21622.7,9342.81258,misty,misty
6295,21563.7,9337.78959,misty,misty
6296,21466.4,9329.39336,misty,misty
6297,21372.1,9321.13764,misty,misty
6298,21315.8,9316.19004,misty,misty
6299,21202.6,9306.17779,misty,misty
6300,21144.9,9301.14398,misty,misty
6301,21051.1,9292.93859,misty,misty
6302,20995.1,9288.02874,misty,misty
6303,20902.6,9279.79211,misty,misty
6304,20847.3,9274.82943,misty,misty
6305,20756.1,9266.63286,misty,misty
6306,20647.6,9256.85004,misty,misty
6307,20594.2,9252.01631,misty,misty
6308,20505.2,9243.93915,misty,misty
6309,20451.8,9239.17598,misty,misty
6310,20362.1,9231.21880,misty,misty
6311,20309.2,9226.42369,misty,misty
6312,20225.0,9218.41012,misty,misty
6313,20123.4,9209.04402,misty,misty
6314,20071.9,9204.37946,misty,misty
6315,19987.8,9196.56964,misty,misty
6316,19938.0,9191.87055,misty,misty
6317,19856.4,9184.14964,misty,misty
6318,19807.1,9179.52930,misty,misty
6319,19727.3,9171.93739,misty,misty
6320,19679.0,9167.41024,misty,misty
6321,19585.0,9158.41595,misty,misty
6322,19508.3,9150.94619,misty,misty
6323,19462.3,9146.54638,misty,misty
6324,19385.6,9139.19946,misty,misty
6325,19341.0,9134.88928,misty,misty
6326,19264.9,9127.70979,misty,misty
6327,19220.3,9123.47674,misty,misty
6328,19136.0,9115.05675,misty,misty
6329,19066.7,9108.07991,misty,misty
6330,19024.7,9103.88855,misty,misty
6331,12361.3,2952.65948,misty,misty
6332,12366.8,2524.68543,misty,misty
6333,12415.3,2534.92141,misty,misty
6334,12402.7,2532.68476,misty,misty
6335,12447.2,2542.05162,misty,misty
6336,12461.1,2544.97981,misty,misty
6337,12472.3,2547.51138,misty,misty
6338,12492.6,2552.28286,misty,misty
6339,12484.6,2551.10675,misty,misty
6340,12516.3,2557.89972,misty,misty
6341,12493.4,2553.67163,misty,misty
6342,12519.6,2559.27445,misty,misty
6343,12508.0,2556.72212,misty,misty
6344,12518.0,2559.05708,misty,misty
6345,12500.7,2555.94729,misty,misty
6346,12503.7,2557.03060,misty,misty
6347,12515.6,2560.18541,misty,misty
6348,12481.6,2553.63138,misty,misty
6349,12490.6,2555.72822,misty,misty
6350,12463.8,2550.63272,misty,misty
6351,12456.7,2549.42823,misty,misty
6352,12428.2,2543.65334,misty,misty
6353,12419.1,2541.85248,misty,misty
6354,12405.9,2539.65974,misty,misty
6355,12372.1,2533.06260,misty,misty
6356,12364.5,2531.65420,misty,misty
6357,12326.1,2524.31889,misty,misty
6358,12304.9,2520.18692,misty,misty
6359,12265.4,2512.27645,misty,misty
6360,12240.4,2507.43692,misty,misty
6361,12221.8,2503.56881,misty,misty
6362,12168.1,2492.94713,misty,misty
6363,12145.7,2488.44751,misty,misty
6364,12098.5,2479.09179,misty,misty
6365,12035.2,2466.57973,misty,misty
6366,12015.7,2461.81775,misty,misty
6367,11977.2,2454.10032,misty,misty
6368,11923.0,2443.70250,misty,misty
6369,11889.2,2436.98524,misty,misty
6370,11847.4,2428.36947,misty,misty
6371,11790.8,2417.03209,misty,misty
6372,11745.4,2407.66576,misty,misty
6373,11686.0,2395.58719,misty,misty
6374,11638.3,2385.58934,misty,misty
6375,11578.2,2373.33871,misty,misty
6376,11531.5,2363.86798,misty,misty
6377,11472.2,2351.87047,misty,misty
6378,11412.0,2339.74842,misty,misty
6379,11355.1,2328.19796,misty,misty
6380,11289.3,2314.58929,misty,misty
6381,11232.2,2302.52749,misty,misty
6382,11161.9,2288.43412,misty,misty
6383,11103.2,2276.60316,misty,misty
6384,11028.5,2261.63104,misty,misty
6385,10969.2,2249.47228,misty,misty
6386,10904.0,2235.98707,misty,misty
6387,10830.3,2220.90310,misty,misty
6388,10761.9,2206.97819,misty,misty
6389,10687.1,2191.56946,misty,misty
6390,10622.8,2177.78032,misty,misty
6391,10541.6,2161.57939,misty,misty
6392,10471.6,2147.18015,misty,misty
6393,10396.8,2131.57509,misty,misty
6394,10320.4,2115.93381,misty,misty
6395,10244.6,2100.53253,misty,misty
6396,10165.0,2083.93604,misty,misty
6397,10091.1,2068.40905,misty,misty
6398,10005.6,2051.19481,misty,misty
6399,9929.2,2035.35441,misty,misty
6400,9849.7,2019.07620,misty,misty
6401,9763.8,2002.01044,misty,misty
6402,9682.7,1985.21979,misty,misty
6403,9597.8,1967.53239,misty,misty
6404,64432.0,13020.88944,misty,misty
6405,64405.7,14098.41028,misty,misty
6406,64388.2,14092.84007,misty,misty
6407,64366.2,14087.22205,misty,misty
6408,64340.2,14081.59083,misty,misty
6409,64320.9,14075.93778,misty,misty
6410,64293.0,14070.23132,misty,misty
6411,64275.5,14064.49193,misty,misty
6412,64250.9,14058.72705,misty,misty
6413,64229.8,14052.93507,misty,misty
6414,64208.7,14047.08741,misty,misty
6415,64184.6,14041.20575,misty,misty
6416,64167.4,14035.29553,misty,misty
6417,64140.6,14029.36008,misty,misty
6418,64122.2,14023.38432,misty,misty
6419,64101.3,14017.38038,misty,misty
6420,64076.7,14011.35044,misty,misty
6421,64054.0,14005.29456,misty,misty
6422,64036.9,13999.13650,misty,misty
6423,64018.9,13992.92557,misty,misty
6424,63992.9,13986.76517,misty,misty
6425,63974.8,13980.60332,misty,misty
6426,63948.9,13974.41602,misty,misty
6427,63933.0,13968.20294,misty,misty
6428,63910.1,13961.93470,misty,misty
6429,63891.0,13955.62878,misty,misty
6430,63873.7,13949.31363,misty,misty
6431,63847.9,13942.97777,misty,misty
6432,63831.3,13936.64515,misty,misty
6433,63807.0,13930.29869,misty,misty
6434,63791.8,13923.94152,misty,misty
6435,63768.9,13917.56511,misty,misty
6436,63751.1,13911.15059,misty,misty
6437,63733.3,13904.70406,misty,misty
6438,63714.8,13898.26143,misty,misty
6439,63698.5,13891.80560,misty,misty
6440,63677.1,13885.34091,misty,misty
6441,63660.3,13878.85771,misty,misty
6442,63638.5,13872.37855,misty,misty
6443,63622.2,13865.88759,misty,misty
6444,63604.8,13859.37465,misty,misty
6445,63586.5,13852.83788,misty,misty
6446,63572.5,13846.33485,misty,misty
6447,63552.1,13839.83653,misty,misty
6448,63536.2,13833.33040,misty,misty
6449,63517.2,13826.80828,misty,misty
6450,63503.3,13820.32020,misty,misty
6451,63483.2,13813.84047,misty,misty
6452,63467.8,13807.32395,misty,misty
6453,63454.1,13800.77690,misty,misty
6454,63438.8,13794.29257,misty,misty
6455,63424.8,13787.83570,misty,misty
6456,63406.1,13781.35820,misty,misty
6457,63390.9,13774.86032,misty,misty
6458,63373.6,13768.40933,misty,misty
6459,63363.1,13761.97980,misty,misty
6460,63349.4,13755.54448,misty,misty
6461,63336.1,13749.09854,misty,misty
6462,63321.9,13742.70124,misty,misty
6463,63303.3,13736.32848,misty,misty
6464,63290.6,13729.97847,misty,misty
6465,63275.9,13723.63846,misty,misty
6466,63268.4,13717.34578,misty,misty
6467,63250.7,13711.08267,misty,misty
6468,63241.2,13704.81736,misty,misty
6469,63226.8,13698.54574,misty,misty
6470,63217.9,13692.37547,misty,misty
6471,63208.3,13686.27836,misty,misty
6472,63193.7,13680.15137,misty,misty
6473,63184.8,13673.99571,misty,misty
6474,63168.4,13667.91748,misty,misty
6475,63162.2,13661.89967,misty,misty
6476,63152.8,13655.93021,misty,misty
6477,63142.7,13650.00088,misty,misty
6478,63133.6,13644.09429,misty,misty
6479,63120.1,13638.20593,misty,misty
6480,63113.7,13632.36376,misty,misty
6481,63100.6,13626.56368,misty,misty
6482,63096.5,13620.84149,misty,misty
6483,63082.7,13615.19026,misty,misty
6484,63077.4,13609.58842,misty,misty
6485,63070.1,13604.03401,misty,misty
6486,63063.1,13598.51707,misty,misty
6487,63059.0,13593.03802,misty,misty
6488,63046.6,13587.64563,misty,misty
6489,63042.2,13582.34032,misty,misty
6490,63032.6,13577.07418,misty,misty
6491,63029.4,13571.84953,misty,misty
6492,63021.7,13566.68804,misty,misty
6493,63017.0,13561.59523,misty,misty
6494,63014.4,13556.57259,misty,misty
6495,63004.6,13551.63060,misty,misty
6496,63003.3,13546.76401,misty,misty
6497,62997.0,13541.98761,misty,misty
6498,62995.0,13537.26818,misty,misty
6499,62987.3,13532.62000,misty,misty
6500,62984.1,13528.03564,misty,misty
6501,62981.4,13523.53242,misty,misty
6502,62978.7,13519.13437,misty,misty
6503,62978.8,13514.87432,misty,misty
6504,62973.4,13510.65317,misty,misty
6505,62973.7,13506.48481,misty,misty
6506,62968.5,13502.42978,misty,misty
6507,62967.6,13498.53071,misty,misty
6508,62966.3,13494.71241,misty,misty
6509,62966.3,13491.01127,misty,misty
6510,62969.1,13487.33840,misty,misty
6511,62965.2,13483.70867,misty,misty
6512,62966.0,13480.17115,misty,misty
6513,62964.7,13476.77381,misty,misty
6514,62967.7,13473.44091,misty,misty
6515,62964.6,13470.21057,misty,misty
6516,62966.3,13467.03040,misty,misty
6517,62973.2,13463.93102,misty,misty
6518,62973.0,13460.92755,misty,misty
6519,62975.5,13458.08132,misty,misty
6520,62974.0,13455.25557,misty,misty
6521,62976.5,13452.46538,misty,misty
6522,62977.7,13450.69178,misty,misty
6523,62980.4,13447.23411,misty,misty
6524,62988.4,13444.71365,misty,misty
6525,62989.5,13442.22022,misty,misty
6526,62993.9,13439.79532,misty,misty
6527,62993.4,13437.50195,misty,misty
6528,62997.9,13435.24805,misty,misty
6529,63002.3,13433.07030,misty,misty
6530,63013.4,13430.95582,misty,misty
6531,63012.3,13428.96958,misty,misty
6532,63019.3,13426.99962,misty,misty
6533,63023.3,13425.06253,misty,misty
6534,63027.2,13423.18380,misty,misty
6535,63035.0,13421.43414,misty,misty
6536,63038.0,13419.73168,misty,misty
6537,63045.9,13418.13717,misty,misty
6538,63046.0,13416.56874,misty,misty
6539,63057.1,13415.06183,misty,misty
6540,63061.4,13413.57831,misty,misty
6541,63068.6,13412.14926,misty,misty
6542,63075.5,13410.76557,misty,misty
6543,63078.2,13409.49349,misty,misty
6544,63087.9,13408.25220,misty,misty
6545,63090.8,13407.08981,misty,misty
6546,63102.7,13405.95543,misty,misty
6547,63109.6,13404.89937,misty,misty
6548,63113.3,13403.87103,misty,misty
6549,63122.6,13402.92476,misty,misty
6550,63127.3,13401.99805,misty,misty
6551,63137.9,13401.12677,misty,misty
6552,63140.0,13400.27793,misty,misty
6553,63151.8,13399.49647,misty,misty
6554,63157.2,13398.73306,misty,misty
6555,63167.8,13398.02774,misty,misty
6556,63176.1,13397.34001,misty,misty
6557,63182.0,13396.71381,misty,misty
6558,63192.3,13396.10014,misty,misty
6559,63197.1,13395.53275,misty,misty
6560,63209.6,13394.99444,misty,misty
6561,63215.7,13394.56584,misty,misty
6562,1593.4,1122.87669,misty,misty
6563,1589.5,0.11254,misty,misty
6564,1589.9,0.11254,misty,misty
6565,1592.6,0.11254,misty,misty
6566,1592.6,0.11254,misty,misty
6567,1595.2,0.11254,misty,misty
6568,1592.2,0.11254,misty,misty
6569,1592.7,0.11254,misty,misty
6570,1588.9,0.11254,misty,misty
6571,1591.9,0.11254,misty,misty
6572,1589.8,0.11254,misty,misty
6573,1592.8,0.11254,misty,misty
6574,1593.4,0.11254,misty,misty
6575,1590.4,0.11254,misty,misty
6576,1592.3,0.11254,misty,misty
6577,1590.4,0.11254,misty,misty
6578,1593.4,0.11254,misty,misty
6579,1588.3,0.11254,misty,misty
6580,1589.9,0.11254,misty,misty
6581,1587.0,0.11254,misty,misty
6582,1588.8,0.11254,misty,misty
6583,1592.9,0.11254,misty,misty
6584,1591.4,0.11254,misty,misty
6585,1591.2,0.11254,misty,misty
6586,1586.5,0.11254,misty,misty
6587,1591.7,0.11254,misty,misty
6588,1590.0,0.11254,misty,misty
6589,1591.9,0.11254,misty,misty
6590,1593.4,0.11254,misty,misty
6591,1589.3,0.11254,misty,misty
6592,1590.0,0.11254,misty,misty
6593,1588.7,0.11254,misty,misty
6594,1595.1,0.11254,misty,misty
6595,1588.1,0.11254,misty,misty
6596,1589.8,0.11254,misty,misty
6597,1589.3,0.11254,misty,misty
6598,1588.6,0.11254,misty,misty
6599,1591.8,0.11254,misty,misty
6600,1589.8,0.11254,misty,misty
6601,1593.8,0.11254,misty,misty
6602,1588.0,0.11254,misty,misty
6603,1581.1,0.11254,misty,misty
6604,1592.4,0.11254,misty,misty
6605,1591.9,0.11254,misty,misty
6606,1595.8,0.11254,misty,misty
6607,1589.5,0.11254,misty,misty
6608,1592.2,0.11254,misty,misty
6609,1587.9,0.11254,misty,misty
6610,1593.7,0.11254,misty,misty
6611,1590.2,0.11254,misty,misty
6612,1591.7,0.11254,misty,misty
6613,1594.5,0.11254,misty,misty
6614,1588.8,0.11254,misty,misty
6615,1594.2,0.11254,misty,misty
6616,1592.4,0.11254,misty,misty
6617,1592.7,0.11254,misty,misty
6618,1588.6,0.11254,misty,misty
6619,1591.6,0.11254,misty,misty
6620,1589.8,0.11254,misty,misty
6621,1591.9,0.11254,misty,misty
6622,1595.9,0.11254,misty,misty
6623,1591.7,0.11254,misty,misty
6624,38061.4,4275.96715,misty,misty
6625,38069.7,4593.40520,misty,misty
6626,38078.1,4593.40520,misty,misty
6627,38087.6,4593.40520,misty,misty
6628,38097.4,4593.40520,misty,misty
6629,38105.9,4593.40520,misty,misty
6630,38114.3,4593.40520,misty,misty
6631,38122.4,4593.40520,misty,misty
6632,38130.6,4593.40520,misty,misty
6633,38140.4,4593.40520,misty,misty
6634,38150.2,4593.40520,misty,misty
6635,38158.5,4593.40520,misty,misty
6636,38166.8,4593.40520,misty,misty
6637,38175.2,4593.40520,misty,misty
6638,38183.5,4593.40520,misty,misty
6639,38193.1,4593.40520,misty,misty
6640,38202.9,4593.40520,misty,misty
6641,38211.3,4593.40520,misty,misty
6642,38219.4,4593.40520,misty,misty
6643,38229.0,4593.40520,misty,misty
6644,38238.8,4593.40520,misty,misty
6645,38247.3,4593.40520,misty,misty
6646,38255.7,4593.40520,misty,misty
6647,38264.0,4593.40520,misty,misty
6648,38272.3,4593.40520,misty,misty
6649,38281.9,4593.40520,misty,misty
6650,38291.6,4593.40520,misty,misty
6651,38300.1,4593.40520,misty,misty
6652,38308.5,4593.40520,misty,misty
6653,38316.6,4593.40520,misty,misty
6654,38325.0,4593.40520,misty,misty
6655,38334.6,4593.40520,misty,misty
6656,38344.4,4593.40520,misty,misty
6657,38352.9,4593.40520,misty,misty
6658,38361.3,4593.40520,misty,misty
6659,38370.6,4593.40520,misty,misty
6660,38380.3,4593.40520,misty,misty
6661,38389.1,4593.40520,misty,misty
6662,38397.4,4593.40520,misty,misty
6663,38405.8,4593.40520,misty,misty
6664,38413.9,4593.40520,misty,misty
6665,38423.5,4593.40520,misty,misty
6666,38433.3,4593.40520,misty,misty
6667,38441.8,4593.40520,misty,misty
6668,38450.1,4593.40520,misty,misty
6669,38458.4,4593.40520,misty,misty
6670,38466.8,4593.40520,misty,misty
6671,38476.2,4593.40520,misty,misty
6672,38486.0,4593.40520,misty,misty
6673,38494.7,4593.40520,misty,misty
6674,38502.9,4593.40520,misty,misty
6675,38512.3,4593.40520,misty,misty
6676,38522.1,4593.40520,misty,misty
6677,38530.8,4593.40520,misty,misty
6678,38539.1,4593.40520,misty,misty
6679,38547.5,4593.40520,misty,misty
6680,38555.8,4593.40520,misty,misty
6681,38565.3,4593.40520,misty,misty
6682,38575.1,4593.40520,misty,misty
6683,38583.8,4593.40520,misty,misty
6684,38592.1,4593.40520,misty,misty
6685,38600.3,4593.40520,misty,misty
6686,38608.7,4593.40520,misty,misty
6687,38619.1,4593.40520,misty,misty
6688,38630.2,4593.40520,misty,misty
6689,38639.3,4593.40520,misty,misty
6690,38647.7,4593.40520,misty,misty
6691,38656.1,4593.40520,misty,misty
6692,38664.4,4593.40520,misty,misty
6693,38673.7,4593.40520,misty,misty
6694,38683.5,4593.40520,misty,misty
6695,38692.2,4593.40520,misty,misty
6696,38700.5,4593.40520,misty,misty
6697,38709.9,4593.40520,misty,misty
6698,38719.7,4593.40520,misty,misty
6699,38728.5,4593.40520,misty,misty
6700,38736.8,4593.40520,misty,misty
6701,38745.2,4593.40520,misty,misty
6702,38753.6,4593.40520,misty,misty
6703,38762.8,4593.40520,misty,misty
6704,38772.6,4593.40520,misty,misty
6705,38781.5,4593.40520,misty,misty
6706,38789.7,4593.40520,misty,misty
6707,38798.0,4593.40520,misty,misty
6708,38806.4,4593.40520,misty,misty
6709,38815.7,4593.40520,misty,misty
6710,38825.5,4593.40520,misty,misty
6711,38834.4,4593.40520,misty,misty
6712,38842.8,4593.40520,misty,misty
6713,38852.0,4593.40520,misty,misty
6714,38861.8,4593.40520,misty,misty
6715,38870.7,4593.40520,misty,misty
6716,38879.1,4593.40520,misty,misty
6717,38887.3,4593.40520,misty,misty
6718,38895.6,4593.40520,misty,misty
6719,38904.9,4593.40520,misty,misty
6720,38914.7,4593.40520,misty,misty
6721,38923.7,4593.40520,misty,misty
6722,38932.0,4593.40520,misty,misty
6723,38940.4,4593.40520,misty,misty
6724,38948.7,4593.40520,misty,misty
6725,38957.8,4593.40520,misty,misty
6726,38967.6,4593.40520,misty,misty
6727,38976.7,4593.40520,misty,misty
6728,38984.9,4593.40520,misty,misty
6729,38994.2,4593.40520,misty,misty
6730,39004.0,4593.40520,misty,misty
6731,39013.0,4593.40520,misty,misty
6732,39021.3,4593.40520,misty,misty
6733,39029.7,4593.40520,misty,misty
6734,39038.1,4593.40520,misty,misty
6735,39047.1,4593.40520,misty,misty
6736,39057.0,4593.40520,misty,misty
6737,39066.1,4593.40520,misty,misty
6738,39074.3,4593.40520,misty,misty
6739,39082.7,4593.40520,misty,misty
6740,39091.1,4593.40520,misty,misty
6741,39100.1,4593.40520,misty,misty
6742,39109.9,4593.40520,misty,misty
6743,39119.0,4593.40520,misty,misty
6744,39127.4,4593.40520,misty,misty
6745,39136.5,4593.40520,misty,misty
6746,39146.4,4593.40520,misty,misty
6747,39155.5,4593.40520,misty,misty
6748,39163.9,4593.40520,misty,misty
6749,39172.1,4593.40520,misty,misty
6750,39180.5,4593.40520,misty,misty
6751,39189.6,4593.40520,misty,misty
6752,39199.4,4593.40520,misty,misty
6753,39208.5,4593.40520,misty,misty
6754,39216.8,4593.40520,misty,misty
6755,39225.2,4593.40520,misty,misty
6756,39233.6,4593.40520,misty,misty
6757,39242.6,4593.40520,misty,misty
6758,39252.4,4593.40520,misty,misty
6759,39261.5,4593.40520,misty,misty
6760,39269.9,4593.40520,misty,misty
6761,39274.7,4593.40520,misty,misty
6762,39288.8,4593.40520,misty,misty
6763,39297.9,4593.40520,misty,misty
6764,39306.3,4593.40520,misty,misty
6765,39314.7,4593.40520,misty,misty
6766,39323.1,4593.40520,misty,misty
6767,39332.1,4593.40520,misty,misty
6768,39341.9,4593.40520,misty,misty
6769,39351.2,4593.40520,misty,misty
6770,39359.4,4593.40520,misty,misty
6771,39367.8,4593.40520,misty,misty
6772,39376.2,4593.40520,misty,misty
6773,39385.1,4593.40520,misty,misty
6774,39395.0,4593.40520,misty,misty
6775,39404.3,4593.40520,misty,misty
6776,39412.7,4593.40520,misty,misty
6777,39421.6,4593.40520,misty,misty
6778,39431.5,4593.40520,misty,misty
6779,39440.8,4593.40520,misty,misty
6780,39449.1,4593.40520,misty,misty
6781,39457.4,4593.40520,misty,misty
6782,39465.8,4593.40520,misty,misty
6783,0.0,3196.77741,misty,misty
6784,0.0,0.12059,misty,misty
6785,0.0,0.12059,misty,misty
6786,0.0,0.12059,misty,misty
6787,0.0,0.12059,misty,misty
6788,0.0,0.12059,misty,misty
6789,0.0,0.12059,misty,misty
6790,0.0,0.12059,misty,misty
6791,0.0,0.12059,misty,misty
6792,0.0,0.12059,misty,misty
6793,0.0,0.12059,misty,misty
6794,0.0,0.12059,misty,misty
6795,0.0,0.12059,misty,misty
6796,0.0,0.12059,misty,misty
6797,0.0,0.12059,misty,misty
6798,0.0,0.12059,misty,misty
6799,0.0,0.12059,misty,misty
6800,0.0,0.12059,misty,misty
6801,0.0,0.12059,misty,misty
6802,0.0,0.12059,misty,misty
6803,0.0,0.12059,misty,misty
6804,0.0,0.12059,misty,misty
6805,0.0,0.12059,misty,misty
6806,0.0,0.12059,misty,misty
6807,0.0,0.12059,misty,misty
6808,0.0,0.12059,misty,misty
6809,0.0,0.12059,misty,misty
6810,0.0,0.12059,misty,misty
6811,0.0,0.12059,misty,misty
6812,0.0,0.12059,misty,misty
6813,0.0,0.12059,misty,misty
6814,0.0,0.12059,misty,misty
6815,0.0,0.12059,misty,misty
6816,0.0,0.12059,misty,misty
6817,0.0,0.12059,misty,misty
6818,0.0,0.12059,misty,misty
6819,0.0,0.12059,misty,misty
6820,0.0,0.12059,misty,misty
6821,0.0,0.12059,misty,misty
6822,0.0,0.12059,misty,misty
6823,0.0,0.12059,misty,misty
6824,0.0,0.12059,misty,misty
6825,0.0,0.12059,misty,misty
6826,0.0,0.12059,misty,misty
6827,0.0,0.12059,misty,misty
6828,0.0,0.12059,misty,misty
6829,0.0,0.12059,misty,misty
6830,0.0,0.12059,misty,misty
6831,0.0,0.12059,misty,misty
6832,0.0,0.12059,misty,misty
6833,0.0,0.12059,misty,misty
6834,0.0,0.12059,misty,misty
6835,0.0,0.12059,misty,misty
6836,0.0,0.12059,misty,misty
6837,0.0,0.12059,misty,misty
6838,0.0,0.12059,misty,misty
6839,0.0,0.12059,misty,misty
6840,0.0,0.12059,misty,misty
6841,0.0,0.12059,misty,misty
6842,0.0,0.12059,misty,misty
6843,0.0,0.12059,misty,misty
6844,0.0,0.12059,misty,misty
6845,0.0,0.12059,misty,misty
6846,0.0,0.12059,misty,misty
6847,0.0,0.12059,misty,misty
6848,0.0,0.12059,misty,misty
6849,0.0,0.12059,misty,misty
6850,0.0,0.12059,misty,misty
6851,0.0,0.12059,misty,misty
6852,0.0,0.12059,misty,misty
6853,0.0,0.12059,misty,misty
6854,0.0,0.12059,misty,misty
6855,0.0,0.12059,misty,misty
6856,0.0,0.12059,misty,misty
6857,0.0,0.12059,misty,misty
6858,0.0,0.12059,misty,misty
6859,0.0,0.12059,misty,misty
6860,0.0,0.12059,misty,misty
6861,0.0,0.12059,misty,misty
6862,0.0,0.12059,misty,misty
6863,0.0,0.12059,misty,misty
6864,0.0,0.12059,misty,misty
6865,0.0,0.12059,misty,misty
6866,0.0,0.12059,misty,misty
6867,0.0,0.12059,misty,misty
6868,0.0,0.12059,misty,misty
6869,0.0,0.12059,misty,misty
6870,0.0,0.12059,misty,misty
6871,0.0,0.12059,misty,misty
6872,0.0,0.12059,misty,misty
6873,0.0,0.12059,misty,misty
6874,0.0,0.12059,misty,misty
6875,0.0,0.12059,misty,misty
6876,0.0,0.12059,misty,misty
6877,0.0,0.12059,misty,misty
6878,0.0,0.12059,misty,misty
6879,0.0,0.12059,misty,misty
6880,0.0,0.12059,misty,misty
6881,0.0,0.12059,misty,misty
6882,0.0,0.12059,misty,misty
6883,0.0,0.12059,misty,misty
6884,0.0,0.12059,misty,misty
6885,0.0,0.12059,misty,misty
6886,0.0,0.12059,misty,misty
6887,0.0,0.12059,misty,misty
6888,0.0,0.12059,misty,misty
6889,0.0,0.12059,misty,misty
6890,0.0,0.12059,misty,misty
6891,0.0,0.12059,misty,misty
6892,0.0,0.12059,misty,misty
6893,0.0,0.12059,misty,misty
6894,0.0,0.12059,misty,misty
6895,0.0,0.12059,misty,misty
6896,0.0,0.12059,misty,misty
6897,0.0,0.12059,misty,misty
6898,0.0,0.12059,misty,misty
6899,0.0,0.12059,misty,misty
6900,0.0,0.12059,misty,misty
6901,0.0,0.12059,misty,misty
6902,0.0,0.12059,misty,misty
6903,0.0,0.12059,misty,misty
6904,0.0,0.12059,misty,misty
6905,0.0,0.12059,misty,misty
6906,0.0,0.12059,misty,misty
6907,0.0,0.12059,misty,misty
6908,0.0,0.12059,misty,misty
6909,0.0,0.12059,misty,misty
6910,0.0,0.12059,misty,misty
6911,0.0,0.12059,misty,misty
6912,0.0,0.12059,misty,misty
6913,0.0,0.12059,misty,misty
6914,0.0,0.12059,misty,misty
6915,0.0,0.12059,misty,misty
6916,0.0,0.12059,misty,misty
6917,0.0,0.12059,misty,misty
6918,0.0,0.12059,misty,misty
6919,0.0,0.12059,misty,misty
6920,0.0,0.12059,misty,misty
6921,0.0,0.12059,misty,misty
6922,0.0,0.12059,misty,misty
6923,0.0,0.12059,misty,misty
6924,0.0,0.12059,misty,misty
6925,0.0,0.12059,misty,misty
6926,0.0,0.12059,misty,misty
6927,0.0,0.12059,misty,misty
6928,0.0,0.12059,misty,misty
6929,0.0,0.12059,misty,misty
6930,0.0,0.12059,misty,misty
6931,0.0,0.12059,misty,misty
6932,0.0,0.12059,misty,misty
6933,0.0,0.12059,misty,misty
6934,0.0,0.12059,misty,misty
6935,0.0,0.12059,misty,misty
6936,0.0,0.12059,misty,misty
6937,0.0,0.12059,misty,misty
6938,0.0,0.12059,misty,misty
6939,0.0,0.12059,misty,misty
6940,0.0,0.12059,misty,misty
6941,0.0,0.12059,misty,misty
6942,0.0,0.12059,misty,misty
6943,0.0,0.12059,misty,misty
6944,0.0,0.12059,misty,misty
6945,0.0,0.12059,misty,misty
6946,0.0,0.12059,misty,misty
6947,0.0,0.12059,misty,misty
6948,0.0,0.12059,misty,misty
6949,0.0,0.12059,misty,misty
6950,0.0,0.12059,misty,misty
6951,0.0,0.12059,misty,misty
6952,0.0,0.12059,misty,misty
6953,0.0,0.12059,misty,misty
6954,0.0,0.12059,misty,misty
6955,0.0,0.12059,misty,misty
6956,0.0,0.12059,misty,misty
6957,0.0,0.12059,misty,misty
6958,0.0,0.12059,misty,misty
6959,0.0,0.12059,misty,misty
6960,0.0,0.12059,misty,misty
6961,0.0,0.12059,misty,misty
6962,0.0,0.12059,misty,misty
6963,0.0,0.12059,misty,misty
6964,0.0,0.12059,misty,misty
6965,0.0,0.12059,misty,misty
6966,0.0,0.12059,misty,misty
6967,0.0,0.12059,misty,misty
6968,0.0,0.12059,misty,misty
6969,0.0,0.12059,misty,misty
6970,0.0,0.12059,misty,misty
6971,0.0,0.12059,misty,misty
6972,0.0,0.12059,misty,misty
6973,0.0,0.12059,misty,misty
6974,0.0,0.12059,misty,misty
6975,0.0,0.12059,misty,misty
6976,0.0,0.12059,misty,misty
6977,0.0,0.12059,misty,misty
6978,0.0,0.12059,misty,misty
6979,0.0,0.12059,misty,misty
6980,0.0,0.12059,misty,misty
6981,0.0,0.12059,misty,misty
6982,0.0,0.12059,misty,misty
6983,0.0,0.12059,misty,misty
6984,0.0,0.12059,misty,misty
6985,0.0,0.12059,misty,misty
6986,0.0,0.12059,misty,misty
6987,0.0,0.12059,misty,misty
6988,0.0,0.12059,misty,misty
6989,0.0,0.12059,misty,misty
6990,0.0,0.12059,misty,misty
6991,0.0,0.12059,misty,misty
6992,0.0,0.12059,misty,misty
6993,0.0,0.12059,misty,misty
6994,0.0,0.12059,misty,misty
6995,0.0,0.12059,misty,misty
6996,0.0,0.12059,misty,misty
6997,0.0,0.12059,misty,misty
6998,0.0,0.12059,misty,misty
6999,0.0,0.12059,misty,misty
7000,0.0,0.12059,misty,misty
7001,0.0,0.12059,misty,misty
7002,0.0,0.12059,misty,misty
7003,0.0,0.12059,misty,misty
7004,0.0,0.12059,misty,misty
7005,0.0,0.12059,misty,misty
7006,0.0,0.12059,misty,misty
7007,0.0,0.12059,misty,misty
7008,0.0,0.12059,misty,misty
7009,0.0,0.12059,misty,misty
7010,0.0,0.12059,misty,misty
7011,0.0,0.12059,misty,misty
7012,0.0,0.12059,misty,misty
7013,0.0,0.12059,misty,misty
7014,0.0,0.12059,misty,misty
7015,0.0,0.12059,misty,misty
7016,0.0,0.12059,misty,misty
7017,0.0,0.12059,misty,misty
7018,0.0,0.12059,misty,misty
7019,0.0,0.12059,misty,misty
7020,0.0,0.12059,misty,misty
7021,0.0,0.12059,misty,misty
7022,0.0,0.12059,misty,misty
7023,0.0,0.12059,misty,misty
7024,0.0,0.12059,misty,misty
7025,0.0,0.12059,misty,misty
7026,0.0,0.12059,misty,misty
7027,0.0,0.12059,misty,misty
7028,0.0,0.12059,misty,misty
7029,0.0,0.12059,misty,misty
7030,0.0,0.12059,misty,misty
7031,0.0,0.12059,misty,misty
7032,0.0,0.12059,misty,misty
7033,0.0,0.12059,misty,misty
7034,0.0,0.12059,misty,misty
7035,0.0,0.12059,misty,misty
7036,0.0,0.12059,misty,misty
7037,0.0,0.12059,misty,misty
7038,0.0,0.12059,misty,misty
7039,0.0,0.12059,misty,misty
7040,0.0,0.12059,misty,misty
7041,0.0,0.12059,misty,misty
7042,0.0,0.12059,misty,misty
7043,0.0,0.12059,misty,misty
7044,0.0,0.12059,misty,misty
7045,0.0,0.12059,misty,misty
7046,0.0,0.12059,misty,misty
7047,0.0,0.12059,misty,misty
7048,0.0,0.12059,misty,misty
7049,0.0,0.12059,misty,misty
7050,0.0,0.12059,misty,misty
7051,0.0,0.12059,misty,misty
7052,0.0,0.12059,misty,misty
7053,0.0,0.12059,misty,misty
7054,0.0,0.12059,misty,misty
7055,0.0,0.12059,misty,misty
7056,0.0,0.12059,misty,misty
7057,0.0,0.12059,misty,misty
7058,0.0,0.12059,misty,misty
7059,0.0,0.12059,misty,misty
7060,0.0,0.12059,misty,misty
7061,0.0,0.12059,misty,misty
7062,0.0,0.12059,misty,misty
7063,0.0,0.12059,misty,misty
7064,0.0,0.12059,misty,misty
7065,0.0,0.12059,misty,misty
7066,0.0,0.12059,misty,misty
7067,0.0,0.12059,misty,misty
7068,0.0,0.12059,misty,misty
7069,0.0,0.12059,misty,misty
7070,0.0,0.12059,misty,misty
7071,0.0,0.12059,misty,misty
7072,0.0,0.12059,misty,misty
7073,0.0,0.12059,misty,misty
7074,0.0,0.12059,misty,misty
7075,0.0,0.12059,misty,misty
7076,0.0,0.12059,misty,misty
7077,2.4,0.20393,misty,misty
7078,3.9,0.28638,misty,misty
7079,7.6,0.52600,misty,misty
7080,14.1,0.86657,misty,misty
7081,18.7,1.10028,misty,misty
7082,27.2,1.78065,misty,misty
7083,40.6,2.89087,misty,misty
7084,58.0,4.23429,misty,misty
7085,70.2,5.18261,misty,misty
7086,77.8,5.76917,misty,misty
7087,93.4,6.97881,misty,misty
7088,120.8,9.10568,misty,misty
7089,138.0,10.40558,misty,misty
7090,148.2,11.18568,misty,misty
7091,179.7,13.47132,misty,misty
7092,211.5,16.17714,misty,misty
7093,239.3,18.25373,misty,misty
7094,249.1,18.94641,misty,misty
7095,278.2,21.13549,misty,misty
7096,318.7,24.20982,misty,misty
7097,350.8,26.63904,misty,misty
7098,361.8,27.54959,misty,misty
7099,418.4,32.00621,misty,misty
7100,441.9,33.73614,misty,misty
7101,473.8,36.20069,misty,misty
7102,531.4,40.67096,misty,misty
7103,544.2,41.66390,misty,misty
7104,584.3,44.71810,misty,misty
7105,597.9,45.74328,misty,misty
7106,638.8,48.87357,misty,misty
7107,696.0,53.28490,misty,misty
7108,756.8,57.89304,misty,misty
7109,803.1,61.29128,misty,misty
7110,825.4,63.03921,misty,misty
7111,862.4,65.95444,misty,misty
7112,896.0,68.46486,misty,misty
7113,929.5,70.97580,misty,misty
7114,970.6,74.17459,misty,misty
7115,995.2,76.09887,misty,misty
7116,1045.4,80.05427,misty,misty
7117,1070.5,82.04330,misty,misty
7118,1140.4,87.23079,misty,misty
7119,1184.9,90.48136,misty,misty
7120,1211.7,92.43464,misty,misty
7121,1256.1,95.96312,misty,misty
7122,1309.5,100.33270,misty,misty
7123,1337.3,102.40904,misty,misty
7124,1383.9,105.87567,misty,misty
7125,1412.0,108.02122,misty,misty
7126,1459.0,111.59820,misty,misty
7127,1533.3,117.46143,misty,misty
7128,1581.6,121.16857,misty,misty
7129,1620.6,124.14069,misty,misty
7130,1669.8,127.81165,misty,misty
7131,1699.3,130.01254,misty,misty
7132,1748.9,133.80042,misty,misty
7133,1778.7,136.08874,misty,misty
7134,1839.5,140.70784,misty,misty
7135,1859.9,142.25272,misty,misty
7136,1969.1,150.68145,misty,misty
7137,2000.2,153.08606,misty,misty
7138,2052.1,157.09320,misty,misty
7139,2083.0,159.41035,misty,misty
7140,2144.8,164.05504,misty,misty
7141,2165.6,165.65070,misty,misty
7142,2227.8,170.43807,misty,misty
7143,2259.7,172.84255,misty,misty
7144,2312.9,176.84932,misty,misty
7145,2364.6,180.90926,misty,misty
7146,2395.4,183.34943,misty,misty
7147,2459.8,188.12641,misty,misty
7148,2481.4,189.71098,misty,misty
7149,2544.1,194.55564,misty,misty
7150,2575.0,196.99583,misty,misty
7151,2587.5,197.98535,misty,misty
7152,2682.5,205.03100,misty,misty
7153,2713.6,207.53161,misty,misty
7154,2776.2,212.51794,misty,misty
7155,2797.6,214.14406,misty,misty
7156,2862.1,219.02069,misty,misty
7157,2894.6,221.40704,misty,misty
7158,2948.8,225.38209,misty,misty
7159,3031.3,231.81158,misty,misty
7160,3095.8,236.83372,misty,misty
7161,3117.4,238.51918,misty,misty
7162,3179.9,243.34332,misty,misty
7163,3210.8,245.71912,misty,misty
7164,3264.4,249.76495,misty,misty
7165,3349.2,256.17539,misty,misty
7166,3410.9,260.88828,misty,misty
7167,3431.5,262.45544,misty,misty
7168,3493.2,267.16225,misty,misty
7169,3524.0,269.53876,misty,misty
7170,3575.5,273.49887,misty,misty
7171,3606.3,275.78927,misty,misty
7172,3657.8,279.60264,misty,misty
7173,3717.1,284.36841,misty,misty
7174,3798.4,290.58053,misty,misty
7175,3829.6,292.86833,misty,misty
7176,3878.7,296.65554,misty,misty
7177,3907.9,298.92466,misty,misty
7178,3957.0,302.61942,misty,misty
7179,3986.5,304.81837,misty,misty
7180,4034.0,308.52100,misty,misty
7181,4119.6,315.17865,misty,misty
7182,4168.7,318.83624,misty,misty
7183,4196.6,320.90226,misty,misty
7184,4243.1,324.34547,misty,misty
7185,4280.2,327.21842,misty,misty
7186,4326.7,330.81840,misty,misty
7187,4371.4,334.20159,misty,misty
7188,4398.3,336.23175,misty,misty
7189,4442.5,339.54758,misty,misty
7190,4469.0,341.53424,misty,misty
7191,4511.0,344.90320,misty,misty
7192,4536.0,346.93303,misty,misty
7193,4588.2,350.85934,misty,misty
7194,4605.9,352.15338,misty,misty
7195,4655.0,355.87106,misty,misty
7196,4719.4,360.74867,misty,misty
7197,4760.8,363.82357,misty,misty
7198,4783.1,365.64128,misty,misty
7199,4827.7,369.26012,misty,misty
7200,4843.2,370.39539,misty,misty
7201,4889.7,373.79937,misty,misty
7202,4917.7,375.94204,misty,misty
7203,4945.5,378.08005,misty,misty
7204,4981.7,380.76753,misty,misty
7205,5003.7,382.38118,misty,misty
7206,5043.2,385.55094,misty,misty
7207,5056.0,386.60227,misty,misty
7208,5096.4,389.59595,misty,misty
7209,5117.0,391.05819,misty,misty
7210,5147.6,393.41909,misty,misty
7211,5176.9,395.74990,misty,misty
7212,5194.8,397.08857,misty,misty
7213,5230.2,399.74734,misty,misty
7214,5241.1,400.58631,misty,misty
7215,5273.6,403.10064,misty,misty
7216,5289.6,404.35036,misty,misty
7217,5340.7,408.38182,misty,misty
7218,5355.3,409.54331,misty,misty
7219,5385.5,411.76251,misty,misty
7220,5400.7,412.86162,misty,misty
7221,5425.1,414.62657,misty,misty
7222,5439.7,415.68073,misty,misty
7223,5464.1,417.53222,misty,misty
7224,5478.7,418.65689,misty,misty
7225,5503.4,420.57454,misty,misty
7226,5533.1,422.84578,misty,misty
7227,5547.8,423.83761,misty,misty
7228,5571.9,425.50948,misty,misty
7229,5585.2,426.63484,misty,misty
7230,5607.3,428.51055,misty,misty
7231,5621.6,429.58531,misty,misty
7232,5645.5,431.37322,misty,misty
7233,5672.2,433.37664,misty,misty
7234,5685.4,434.36948,misty,misty
7235,5708.1,436.09426,misty,misty
7236,5721.6,437.13080,misty,misty
7237,5745.8,438.85759,misty,misty
7238,5760.4,439.89439,misty,misty
7239,5783.0,441.56770,misty,misty
7240,5796.3,442.56008,misty,misty
7241,5821.0,444.65691,misty,misty
7242,5841.1,446.42646,misty,misty
7243,5876.5,449.07178,misty,misty
7244,5889.4,449.99427,misty,misty
7245,5911.1,451.53222,misty,misty
7246,5933.1,453.18786,misty,misty
7247,5950.8,454.52039,misty,misty
7248,5966.7,455.72557,misty,misty
7249,5982.6,456.93138,misty,misty
7250,6002.1,458.50343,misty,misty
7251,6035.3,460.97255,misty,misty
7252,6048.5,461.87639,misty,misty
7253,6073.1,463.71213,misty,misty
7254,6085.0,464.63452,misty,misty
7255,6104.5,466.10049,misty,misty
7256,6123.9,467.55413,misty,misty
7257,6135.5,468.47648,misty,misty
7258,6158.8,470.32358,misty,misty
7259,6166.5,470.94295,misty,misty
7260,6189.7,472.78720,misty,misty
7261,6196.8,473.31867,misty,misty
7262,6217.9,474.91385,misty,misty
7263,6237.2,476.41282,misty,misty
7264,6248.9,477.31770,misty,misty
7265,6272.7,478.93896,misty,misty
7266,6280.6,479.47090,misty,misty
7267,6301.4,481.09368,misty,misty
7268,6308.1,481.63688,misty,misty
7269,6328.9,483.24284,misty,misty
7270,6346.4,484.58770,misty,misty
7271,6356.8,485.45555,misty,misty
7272,6377.3,487.13248,misty,misty
7273,6384.2,487.60482,misty,misty
7274,6404.7,489.04296,misty,misty
7275,6415.0,489.85823,misty,misty
7276,6432.2,491.21614,misty,misty
7277,6442.5,491.98926,misty,misty
7278,6459.7,493.27701,misty,misty
7279,6473.3,494.21120,misty,misty
7280,6487.0,495.13157,misty,misty
7281,6505.4,496.69011,misty,misty
7282,6514.3,497.48790,misty,misty
7283,6530.8,498.65780,misty,misty
7284,6540.8,499.34812,misty,misty
7285,6556.1,500.46618,misty,misty
7286,6565.0,501.13223,misty,misty
7287,6581.5,502.39049,misty,misty
7288,6601.6,503.95468,misty,misty
7289,6610.6,504.64592,misty,misty
7290,6625.5,505.78208,misty,misty
7291,6634.1,506.34091,misty,misty
7292,6648.5,507.27338,misty,misty
7293,6657.2,507.95360,misty,misty
7294,6671.6,509.10417,misty,misty
7295,6684.5,510.25480,misty,misty
7296,6694.6,511.17519,misty,misty
7297,6709.0,512.11948,misty,misty
7298,6717.6,512.67828,misty,misty
7299,6732.1,513.79325,misty,misty
7300,6740.7,514.48310,misty,misty
7301,6756.4,515.71689,misty,misty
7302,6764.0,516.31211,misty,misty
7303,6776.3,517.22968,misty,misty
7304,6788.7,518.13587,misty,misty
7305,6797.4,518.70079,misty,misty
7306,6811.8,519.64274,misty,misty
7307,6819.0,520.23881,misty,misty
7308,6833.7,521.42005,misty,misty
7309,6838.8,521.78036,misty,misty
7310,6854.0,522.86220,misty,misty
7311,6866.2,523.80358,misty,misty
7312,6873.5,524.36922,misty,misty
7313,6883.6,525.35589,misty,misty
7314,6889.6,525.95125,misty,misty
7315,6903.7,526.90679,misty,misty
7316,6908.6,527.20824,misty,misty
7317,6921.2,528.24211,misty,misty
7318,6925.2,528.60236,misty,misty
7319,6938.9,529.60175,misty,misty
7320,6950.9,530.39420,misty,misty
7321,6956.5,530.86477,misty,misty
7322,6968.0,531.80007,misty,misty
7323,6972.0,532.10176,misty,misty
7324,6983.9,533.00588,misty,misty
7325,6987.8,533.30710,misty,misty
7326,6999.8,534.21125,misty,misty
7327,7009.7,534.96379,misty,misty
7328,7015.7,535.41592,misty,misty
7329,7027.1,536.28936,misty,misty
7330,7030.9,536.57914,misty,misty
7331,7042.7,537.33655,misty,misty
7332,7048.6,537.70018,misty,misty
7333,7056.8,538.42749,misty,misty
7334,7066.4,539.26519,misty,misty
7335,7070.0,539.48299,misty,misty
7336,7080.5,540.15585,misty,misty
7337,7083.6,540.41079,misty,misty
7338,7092.8,541.16602,misty,misty
7339,7097.4,541.50543,misty,misty
7340,7105.1,542.06942,misty,misty
7341,7113.8,542.72413,misty,misty
7342,7116.7,542.94179,misty,misty
7343,7125.3,543.59563,misty,misty
7344,7128.2,543.81354,misty,misty
7345,7136.9,544.52671,misty,misty
7346,7141.2,544.88965,misty,misty
7347,7148.8,545.46897,misty,misty
7348,7155.0,545.92932,misty,misty
7349,7160.4,546.22098,misty,misty
7350,7168.1,546.69861,misty,misty
7351,7170.3,546.91651,misty,misty
7352,7177.1,547.55646,misty,misty
7353,7181.5,547.83066,misty,misty
7354,7188.6,548.28256,misty,misty
7355,7191.6,548.49650,misty,misty
7356,7196.5,548.85296,misty,misty
7357,7201.5,549.24783,misty,misty
7358,7204.5,549.48522,misty,misty
7359,7209.9,549.91988,misty,misty
7360,7212.6,550.13408,misty,misty
7361,7218.0,550.55605,misty,misty
7362,7221.3,550.81255,misty,misty
7363,7225.9,551.13184,misty,misty
7364,7228.6,551.31005,misty,misty
7365,7231.5,551.57138,misty,misty
7366,28712.8,6197.47351,misty,misty
7367,28712.8,6197.47351,misty,misty
7368,28712.8,6197.47351,misty,misty
7369,28712.8,6197.47351,misty,misty
7370,28712.8,6197.47351,misty,misty
7371,28712.8,6197.47351,misty,misty
7372,28712.8,6197.47351,misty,misty
7373,28712.8,6197.47351,misty,misty
7374,28712.8,6197.47351,misty,misty
7375,28712.8,6197.47351,misty,misty
7376,28712.8,6197.47351,misty,misty
7377,28712.8,6197.47351,misty,misty
7378,28712.8,6197.47351,misty,misty
7379,28712.8,6197.47351,misty,misty
7380,28712.8,6197.47351,misty,misty
7381,28712.8,6197.47351,misty,misty
7382,28712.8,6197.47351,misty,misty
7383,28712.8,6197.47351,misty,misty
7384,28713.0,6197.57274,misty,misty
7385,28713.2,6197.67215,misty,misty
7386,28713.4,6197.77161,misty,misty
7387,28713.6,6197.87082,misty,misty
7388,28716.1,6198.08940,misty,misty
7389,28718.6,6198.30945,misty,misty
7390,28719.2,6198.61122,misty,misty
7391,28719.8,6198.91484,misty,misty
7392,28722.6,6199.31471,misty,misty
7393,28725.3,6199.71774,misty,misty
7394,28728.2,6200.25227,misty,misty
7395,28731.2,6200.79227,misty,misty
7396,28734.1,6201.33112,misty,misty
7397,28736.9,6201.87068,misty,misty
7398,28742.0,6202.58301,misty,misty
7399,28747.4,6203.30464,misty,misty
7400,28750.7,6204.02712,misty,misty
7401,28754.0,6204.74977,misty,misty
7402,28759.5,6205.49155,misty,misty
7403,28765.1,6206.23472,misty,misty
7404,28770.6,6207.16128,misty,misty
7405,28776.2,6208.10331,misty,misty
7406,28782.1,6209.04476,misty,misty
7407,28787.9,6209.98627,misty,misty
7408,28793.9,6211.01794,misty,misty
7409,28799.9,6212.05823,misty,misty
7410,28806.2,6213.11761,misty,misty
7411,28812.5,6214.17870,misty,misty
7412,28820.5,6215.41715,misty,misty
7413,28828.7,6216.67641,misty,misty
7414,28835.4,6217.84873,misty,misty
7415,28841.9,6219.00850,misty,misty
7416,28850.4,6220.32801,misty,misty
7417,28859.2,6221.67029,misty,misty
7418,28868.0,6223.01163,misty,misty
7419,28876.8,6224.35322,misty,misty
7420,28884.1,6225.72628,misty,misty
7421,28891.3,6227.10456,misty,misty
7422,28899.9,6228.53553,misty,misty
7423,28909.1,6229.97488,misty,misty
7424,28920.2,6231.51638,misty,misty
7425,28931.6,6233.07536,misty,misty
7426,28941.5,6234.64732,misty,misty
7427,28951.3,6236.22117,misty,misty
7428,28960.9,6237.78224,misty,misty
7429,28970.4,6239.34089,misty,misty
7430,28981.9,6240.99613,misty,misty
7431,28994.0,6242.67261,misty,misty
7432,29004.4,6244.41283,misty,misty
7433,29014.7,6246.16730,misty,misty
7434,29026.7,6247.93837,misty,misty
7435,29038.7,6249.71334,misty,misty
7436,29049.7,6251.45762,misty,misty
7437,29060.3,6253.19408,misty,misty
7438,29072.4,6254.97207,misty,misty
7439,29085.1,6256.76069,misty,misty
7440,29097.8,6258.67835,misty,misty
7441,29110.6,6260.63200,misty,misty
7442,29123.6,6262.52061,misty,misty
7443,29136.5,6264.39052,misty,misty
7444,29149.7,6266.33463,misty,misty
7445,29162.9,6268.30161,misty,misty
7446,29176.2,6270.25613,misty,misty
7447,29189.6,6272.20676,misty,misty
7448,29203.2,6274.18333,misty,misty
7449,29216.9,6276.16817,misty,misty
7450,29230.7,6278.12644,misty,misty
7451,29244.3,6280.07533,misty,misty
7452,29259.6,6282.09570,misty,misty
7453,29275.5,6284.14168,misty,misty
7454,29290.2,6286.21252,misty,misty
7455,29272.2,6284.35633,misty,misty
7456,29274.9,6284.99992,misty,misty
7457,29198.1,6276.17515,misty,misty
7458,29163.0,6272.25265,misty,misty
7459,29054.0,6259.40323,misty,misty
7460,28991.1,6252.17252,misty,misty
7461,28848.2,6234.97314,misty,misty
7462,28765.8,6224.94163,misty,misty
7463,28597.4,6204.45239,misty,misty
7464,28378.1,6177.64258,misty,misty
7465,28265.7,6163.94507,misty,misty
7466,28069.6,6139.46155,misty,misty
7467,27951.3,6124.83740,misty,misty
7468,27748.8,6098.91159,misty,misty
7469,27589.6,6078.10957,misty,misty
7470,27429.6,6057.25077,misty,misty
7471,27188.2,6025.39182,misty,misty
7472,27066.9,6009.11049,misty,misty
7473,26892.6,5985.73407,misty,misty
7474,26788.9,5971.76477,misty,misty
7475,26625.6,5949.25752,misty,misty
7476,26533.8,5936.86598,misty,misty
7477,26393.1,5917.26686,misty,misty
7478,26262.3,5898.72268,misty,misty
7479,26184.4,5887.98027,misty,misty
7480,26088.5,5874.68277,misty,misty
7481,26055.2,5870.62270,misty,misty
7482,25995.5,5862.58985,misty,misty
7483,25992.4,5862.67909,misty,misty
7484,25978.2,5861.15304,misty,misty
7485,25985.9,5863.10368,misty,misty
7486,25997.1,5865.38901,misty,misty
7487,26009.2,5867.68117,misty,misty
7488,26020.0,5869.96038,misty,misty
7489,26030.1,5872.22840,misty,misty
7490,26040.3,5874.44835,misty,misty
7491,26050.3,5876.63429,misty,misty
7492,26061.8,5878.86852,misty,misty
7493,26074.2,5881.13653,misty,misty
7494,26085.3,5883.34545,misty,misty
7495,26095.9,5885.50896,misty,misty
7496,26106.4,5887.71990,misty,misty
7497,26116.9,5889.96890,misty,misty
7498,26128.6,5892.16882,misty,misty
7499,26141.4,5894.33054,misty,misty
7500,26152.9,5896.48970,misty,misty
7501,26163.7,5898.64767,misty,misty
7502,26174.5,5900.75041,misty,misty
7503,26185.4,5902.80567,misty,misty
7504,26196.3,5904.92261,misty,misty
7505,26207.2,5907.09406,misty,misty
7506,26218.2,5909.20373,misty,misty
7507,26229.1,5911.25692,misty,misty
7508,26240.2,5913.23681,misty,misty
7509,26251.3,5915.14734,misty,misty
7510,26262.4,5917.13661,misty,misty
7511,26273.6,5919.20307,misty,misty
7512,26284.8,5921.19975,misty,misty
7513,26296.0,5923.12432,misty,misty
7514,26307.2,5925.01533,misty,misty
7515,26318.2,5926.87288,misty,misty
7516,26328.6,5928.76184,misty,misty
7517,26337.5,5930.68439,misty,misty
7518,26347.8,5932.55741,misty,misty
7519,26359.2,5934.37577,misty,misty
7520,26369.5,5936.15198,misty,misty
7521,26378.7,5937.88118,misty,misty
7522,26388.9,5939.58775,misty,misty
7523,26400.0,5941.26830,misty,misty
7524,26410.5,5942.97038,misty,misty
7525,26419.7,5944.69730,misty,misty
7526,26428.9,5946.36367,misty,misty
7527,26438.0,5947.95214,misty,misty
7528,26447.2,5949.51712,misty,misty
7529,26456.2,5951.05150,misty,misty
7530,26465.4,5952.56452,misty,misty
7531,26474.6,5954.04832,misty,misty
7532,26483.7,5955.53820,misty,misty
7533,26492.6,5957.03710,misty,misty
7534,26501.6,5958.47871,misty,misty
7535,26510.8,5959.83883,misty,misty
7536,26518.8,5961.17058,misty,misty
7537,26525.6,5962.46115,misty,misty
7538,26533.2,5963.74476,misty,misty
7539,26542.0,5965.01556,misty,misty
7540,26550.0,5966.25870,misty,misty
7541,26556.7,5967.45752,misty,misty
7542,26563.3,5968.64415,misty,misty
7543,26570.0,5969.81140,misty,misty
7544,26576.5,5970.93997,misty,misty
7545,26582.9,5972.00324,misty,misty
7546,26590.1,5973.05975,misty,misty
7547,26598.7,5974.10414,misty,misty
7548,26606.4,5975.11665,misty,misty
7549,26612.9,5976.07292,misty,misty
7550,26619.4,5977.07149,misty,misty
7551,26625.9,5978.14971,misty,misty
7552,26632.2,5979.22291,misty,misty
7553,26638.8,5980.28499,misty,misty
7554,26645.4,5981.30477,misty,misty
7555,26652.0,5982.24139,misty,misty
7556,26658.5,5983.22472,misty,misty
7557,9512.3,1767.30322,misty,misty
7558,9501.2,1766.08170,misty,misty
7559,9488.0,1764.97311,misty,misty
7560,9476.0,1763.86750,misty,misty
7561,9465.7,1762.76615,misty,misty
7562,9455.6,1761.65273,misty,misty
7563,9446.0,1760.51034,misty,misty
7564,9435.7,1759.36852,misty,misty
7565,9424.1,1758.22644,misty,misty
7566,9412.8,1757.09777,misty,misty
7567,9402.6,1755.99924,misty,misty
7568,9392.9,1754.89908,misty,misty
7569,9384.3,1753.79612,misty,misty
7570,9375.4,1752.69484,misty,misty
7571,9365.4,1751.59772,misty,misty
7572,9355.1,1750.53537,misty,misty
7573,9344.0,1749.56900,misty,misty
7574,9333.1,1748.55015,misty,misty
7575,9323.2,1747.37645,misty,misty
7576,9313.7,1746.25373,misty,misty
7577,9305.3,1745.28824,misty,misty
7578,9296.7,1744.31206,misty,misty
7579,9287.2,1743.30464,misty,misty
7580,9277.7,1742.30839,misty,misty
7581,9267.9,1741.34369,misty,misty
7582,9258.5,1740.37973,misty,misty
7583,9250.3,1739.41744,misty,misty
7584,9241.8,1738.44659,misty,misty
7585,9232.5,1737.44662,misty,misty
7586,9223.1,1736.45491,misty,misty
7587,9214.3,1735.49369,misty,misty
7588,9205.6,1734.52444,misty,misty
7589,9196.3,1733.51994,misty,misty
7590,9187.5,1732.54107,misty,misty
7591,9180.9,1731.67233,misty,misty
7592,9173.7,1730.78681,misty,misty
7593,9164.6,1729.82694,misty,misty
7594,9155.7,1728.88357,misty,misty
7595,9147.7,1728.01543,misty,misty
7596,9139.6,1727.15417,misty,misty
7597,9131.3,1726.32398,misty,misty
7598,9123.4,1725.48824,misty,misty
7599,9116.8,1724.62137,misty,misty
7600,9110.3,1723.73523,misty,misty
7601,9102.7,1722.74036,misty,misty
7602,9095.2,1721.78208,misty,misty
7603,9088.2,1721.04458,misty,misty
7604,9081.1,1720.29481,misty,misty
7605,9073.6,1719.46689,misty,misty
7606,9066.1,1718.63955,misty,misty
7607,9058.6,1717.81833,misty,misty
7608,9051.2,1717.00809,misty,misty
7609,9044.3,1716.27050,misty,misty
7610,9037.5,1715.51853,misty,misty
7611,9031.5,1714.65520,misty,misty
7612,9025.3,1713.80639,misty,misty
7613,9017.2,1713.06928,misty,misty
7614,9061.8,1712.63337,misty,misty
7615,9095.4,1712.14252,misty,misty
7616,9224.1,1711.07606,misty,misty
7617,9166.6,1711.80908,misty,misty
7618,9127.8,1712.09804,misty,misty
7619,9089.6,1710.41850,misty,misty
7620,9073.4,1708.00309,misty,misty
7621,8927.6,1710.01948,misty,misty
7622,8890.2,1708.71861,misty,misty
7623,8792.7,1706.03414,misty,misty
7624,8663.0,1707.63785,misty,misty
7625,8615.5,1706.24074,misty,misty
7626,8543.0,1704.06273,misty,misty
7627,8556.9,1704.02212,misty,misty
7628,8563.2,1703.73470,misty,misty
7629,8592.5,1702.38339,misty,misty
7630,8603.9,1701.10646,misty,misty
7631,8767.4,1700.67623,misty,misty
7632,8818.2,1700.01157,misty,misty
7633,8898.9,1699.29652,misty,misty
7634,8878.4,1698.81851,misty,misty
7635,8806.4,1698.35570,misty,misty
7636,8766.0,1697.47467,misty,misty
7637,8776.0,1697.26687,misty,misty
7638,8797.9,1697.31575,misty,misty
7639,8853.7,1696.70621,misty,misty
7640,8881.8,1696.06090,misty,misty
7641,8924.3,1694.60628,misty,misty
7642,8919.9,1693.91457,misty,misty
7643,8913.9,1693.37095,misty,misty
7644,8901.3,1692.81708,misty,misty
7645,8885.8,1692.34181,misty,misty
7646,8861.2,1691.91517,misty,misty
7647,8855.3,1691.27713,misty,misty
7648,8847.9,1690.61214,misty,misty
7649,8843.1,1690.12416,misty,misty
7650,8838.2,1689.65977,misty,misty
7651,8833.4,1689.18388,misty,misty
7652,8828.7,1688.70431,misty,misty
7653,8824.4,1688.21527,misty,misty
7654,8820.4,1687.73427,misty,misty
7655,8816.9,1687.29461,misty,misty
7656,8813.3,1686.84450,misty,misty
7657,8807.1,1686.38967,misty,misty
7658,8803.7,1685.83917,misty,misty
7659,8799.0,1685.22900,misty,misty
7660,8793.8,1684.73315,misty,misty
7661,8789.6,1684.39392,misty,misty
7662,8786.1,1684.17376,misty,misty
7663,8783.9,1683.72512,misty,misty
7664,26001.3,7895.42159,misty,misty
7665,25998.6,7895.68365,misty,misty
7666,25995.6,7895.93674,misty,misty
7667,25995.2,7896.21945,misty,misty
7668,25995.2,7896.50564,misty,misty
7669,25995.3,7896.76306,misty,misty
7670,25995.3,7897.01675,misty,misty
7671,25993.8,7897.27002,misty,misty
7672,25992.0,7897.52301,misty,misty
7673,25991.4,7897.77646,misty,misty
7674,25990.8,7898.02904,misty,misty
7675,25989.3,7898.30030,misty,misty
7676,25987.5,7898.57363,misty,misty
7677,25987.3,7898.83978,misty,misty
7678,25987.4,7899.10522,misty,misty
7679,25985.4,7899.28306,misty,misty
7680,25983.1,7899.44581,misty,misty
7681,25983.5,7899.68357,misty,misty
7682,25984.3,7899.93604,misty,misty
7683,25982.9,7900.14765,misty,misty
7684,25981.2,7900.35043,misty,misty
7685,25981.2,7900.51967,misty,misty
7686,25981.4,7900.68195,misty,misty
7687,25980.6,7900.86034,misty,misty
7688,25979.6,7901.04201,misty,misty
7689,25978.3,7901.20830,misty,misty
7690,25976.7,7901.37023,misty,misty
7691,25977.0,7901.55822,misty,misty
7692,25977.8,7901.75226,misty,misty
7693,25976.9,7901.90449,misty,misty
7694,25975.3,7902.04639,misty,misty
7695,25974.4,7902.16366,misty,misty
7696,25973.6,7902.27538,misty,misty
7697,22044.2,2947.11185,misty,misty
7698,22044.2,2947.11185,misty,misty
7699,22044.2,2947.11185,misty,misty
7700,22044.2,2947.11185,misty,misty
7701,22044.2,2947.11185,misty,misty
7702,22044.2,2947.11185,misty,misty
7703,22044.2,2947.11185,misty,misty
7704,22044.2,2947.11185,misty,misty
7705,22044.2,2947.11185,misty,misty
7706,22044.2,2947.11185,misty,misty
7707,22044.2,2947.11185,misty,misty
7708,22044.2,2947.11185,misty,misty
7709,22044.2,2947.11185,misty,misty
7710,22044.2,2947.11185,misty,misty
7711,22044.2,2947.11185,misty,misty
7712,22044.2,2947.11185,misty,misty
7713,22044.2,2947.11185,misty,misty
7714,22044.2,2947.11185,misty,misty
7715,22044.2,2947.11185,misty,misty
7716,22044.2,2947.11185,misty,misty
7717,22044.2,2947.11185,misty,misty
7718,22044.2,2947.11185,misty,misty
7719,22044.2,2947.11185,misty,misty
7720,22044.2,2947.11185,misty,misty
7721,22044.2,2947.11185,misty,misty
7722,22044.2,2947.11185,misty,misty
7723,22044.2,2947.11185,misty,misty
7724,22044.2,2947.11185,misty,misty
7725,22044.2,2947.11185,misty,misty
7726,22044.2,2947.11185,misty,misty
7727,22044.2,2947.11185,misty,misty
7728,22044.2,2947.11185,misty,misty
7729,22044.2,2947.11185,misty,misty
7730,22044.2,2947.11185,misty,misty
7731,22044.2,2947.11185,misty,misty
7732,22044.2,2947.11185,misty,misty
7733,22044.2,2947.11185,misty,misty
7734,22044.2,2947.11185,misty,misty
7735,22044.2,2947.11185,misty,misty
7736,22044.2,2947.11185,misty,misty
7737,22044.2,2947.11185,misty,misty
7738,22044.2,2947.11185,misty,misty
7739,22044.2,2947.11185,misty,misty
7740,22044.2,2947.11185,misty,misty
7741,22044.2,2947.11185,misty,misty
7742,22044.2,2947.11185,misty,misty
7743,22044.2,2947.11185,misty,misty
7744,22044.2,2947.11185,misty,misty
7745,22044.2,2947.11185,misty,misty
7746,22044.2,2947.11185,misty,misty
7747,22044.2,2947.11185,misty,misty
7748,22044.2,2947.11185,misty,misty
7749,22044.2,2947.11185,misty,misty
7750,22044.2,2947.11185,misty,misty
7751,22044.2,2947.11185,misty,misty
7752,22044.2,2947.11185,misty,misty
7753,22044.2,2947.11185,misty,misty
7754,22044.2,2947.11185,misty,misty
7755,22044.2,2947.11185,misty,misty
7756,22044.2,2947.11185,misty,misty
7757,22044.2,2947.11185,misty,misty
7758,22044.2,2947.11185,misty,misty
7759,22044.2,2947.11185,misty,misty
7760,22044.2,2947.11185,misty,misty
7761,22044.2,2947.11185,misty,misty
7762,22044.2,2947.11185,misty,misty
7763,22044.2,2947.11185,misty,misty
7764,22044.2,2947.11185,misty,misty
7765,22044.2,2947.11185,misty,misty
7766,22044.2,2947.11185,misty,misty
7767,22044.2,2947.11185,misty,misty
7768,22044.2,2947.11185,misty,misty
7769,22044.2,2947.11185,misty,misty
7770,22044.2,2947.11185,misty,misty
7771,22044.2,2947.11185,misty,misty
7772,22044.2,2947.11185,misty,misty
7773,22044.2,2947.11185,misty,misty
7774,21948.2,7580.63808,misty,misty
7775,21920.3,10334.00053,misty,misty
7776,21874.2,10334.00053,misty,misty
7777,21830.9,10334.00053,misty,misty
7778,21738.5,10334.00053,misty,misty
7779,21634.7,10334.00053,misty,misty
7780,21572.7,10334.00053,misty,misty
7781,21438.3,10334.00053,misty,misty
7782,21355.9,10334.00053,misty,misty
7783,21156.9,10334.00053,misty,misty
7784,21028.5,10334.00053,misty,misty
7785,20679.1,10332.85321,misty,misty
7786,20477.1,10330.18953,misty,misty
7787,20081.1,10325.41753,misty,misty
7788,19651.3,10317.76337,misty,misty
7789,19334.9,10308.39856,misty,misty
7790,18765.7,10296.61667,misty,misty
7791,18499.5,10283.35733,misty,misty
7792,17902.9,10267.94988,misty,misty
7793,17542.2,10251.48059,misty,misty
7794,17028.4,10233.42796,misty,misty
7795,16541.2,10214.47403,misty,misty
7796,16187.3,10194.14602,misty,misty
7797,15689.6,10173.32470,misty,misty
7798,15411.2,10151.75756,misty,misty
7799,14981.0,10129.93753,misty,misty
7800,14687.8,10107.75921,misty,misty
7801,14371.1,10085.63701,misty,misty
7802,14097.3,10063.68494,misty,misty
7803,13859.7,10042.04103,misty,misty
7804,13607.7,10021.02422,misty,misty
7805,13427.1,10000.68373,misty,misty
7806,13208.8,9981.66549,misty,misty
7807,13046.3,9963.52688,misty,misty
7808,12883.1,9947.13363,misty,misty
7809,12742.9,9931.94574,misty,misty
7810,12634.4,9919.19227,misty,misty
7811,12527.6,9907.89996,misty,misty
7812,12459.9,9899.62985,misty,misty
7813,12395.5,9893.03822,misty,misty
7814,12368.3,9890.00986,misty,misty
7815,12346.3,9887.93038,misty,misty
7816,12340.0,9887.93038,misty,misty
7817,12338.2,9887.93038,misty,misty
7818,12336.9,9887.93038,misty,misty
7819,12337.8,9887.93038,misty,misty
7820,12340.6,9887.93038,misty,misty
7821,12342.8,9887.93038,misty,misty
7822,12346.7,9887.93038,misty,misty
7823,12349.3,9887.93038,misty,misty
7824,12353.7,9887.93038,misty,misty
7825,12356.6,9887.93038,misty,misty
7826,12358.0,9887.93038,misty,misty
7827,12358.7,9887.93038,misty,misty
7828,12358.8,9887.93038,misty,misty
7829,12358.8,9887.93038,misty,misty
7830,12358.8,9887.93038,misty,misty
7831,12358.8,9887.93038,misty,misty
7832,12358.8,9887.93038,misty,misty
7833,12358.8,9887.93038,misty,misty
7834,12358.8,9887.93038,misty,misty
7835,12358.8,9887.93038,misty,misty
7836,12358.8,9887.93038,misty,misty
7837,12358.8,9887.93038,misty,misty
7838,12358.8,9887.93038,misty,misty
7839,12358.8,9887.93038,misty,misty
7840,12358.8,9887.93038,misty,misty
7841,12358.8,9887.93038,misty,misty
7842,12358.8,9887.93038,misty,misty
7843,12358.8,9887.93038,misty,misty
7844,12358.8,9887.93038,misty,misty
7845,12358.8,9887.93038,misty,misty
7846,12358.8,9887.93038,misty,misty
7847,12358.8,9887.93038,misty,misty
7848,12358.8,9887.93038,misty,misty
7849,12358.8,9887.93038,misty,misty
7850,12358.8,9887.93038,misty,misty
7851,12358.8,9887.93038,misty,misty
7852,12328.0,9893.80930,misty,misty
7853,12302.6,9910.17462,misty,misty
7854,12780.6,9959.75524,misty,misty
7855,13867.6,10003.56711,misty,misty
7856,16699.3,10074.25656,misty,misty
7857,18700.5,10113.19416,misty,misty
7858,19917.2,10134.77672,misty,misty
7859,20313.3,10141.08016,misty,misty
7860,20365.3,10141.08016,misty,misty
7861,20395.6,10141.08016,misty,misty
7862,20459.6,10141.08016,misty,misty
7863,20527.7,10141.08016,misty,misty
7864,20573.3,10141.08016,misty,misty
7865,20663.4,10141.08016,misty,misty
7866,20704.7,10141.08016,misty,misty
7867,20802.8,10141.08016,misty,misty
7868,20854.1,10141.08016,misty,misty
7869,20874.1,10141.08016,misty,misty
7870,20885.8,10141.08016,misty,misty
7871,20888.1,10141.08016,misty,misty
7872,20888.1,10141.08016,misty,misty
7873,20885.2,10141.08016,misty,misty
7874,20883.3,10141.08016,misty,misty
7875,20876.0,10141.08016,misty,misty
7876,20872.1,10141.08016,misty,misty
7877,20865.2,10141.08016,misty,misty
7878,20851.2,10141.08016,misty,misty
7879,20839.1,10141.08016,misty,misty
7880,20832.8,10141.08016,misty,misty
7881,20822.2,10141.08016,misty,misty
7882,20815.9,10141.08016,misty,misty
7883,20803.4,10141.08016,misty,misty
7884,20796.9,10141.08016,misty,misty
7885,20786.3,10141.08016,misty,misty
7886,20773.3,10141.08016,misty,misty
7887,36166.8,3350.88027,misty,misty
7889,36140.3,3350.88027,misty,misty
7890,36120.5,3350.88027,misty,misty
7891,36113.6,3350.88027,misty,misty
7892,36093.5,3350.88027,misty,misty
7893,36076.1,3350.88027,misty,misty
7894,36064.8,3350.88027,misty,misty
7895,36045.8,3350.88027,misty,misty
7896,36035.6,3350.88027,misty,misty
7897,36014.9,3350.88027,misty,misty
7898,36007.3,3350.88027,misty,misty
7899,35984.5,3350.88027,misty,misty
7900,35969.1,3350.88027,misty,misty
7901,35953.6,3350.88027,misty,misty
7902,35930.3,3350.88027,misty,misty
7903,35922.6,3350.88027,misty,misty
7904,35901.9,3350.88027,misty,misty
7905,35895.3,3350.88027,misty,misty
7906,35873.0,3350.88027,misty,misty
7907,35844.0,3350.88027,misty,misty
7908,35823.4,3350.88027,misty,misty
7909,35815.6,3350.88027,misty,misty
7910,35792.7,3350.88027,misty,misty
7911,35786.1,3350.88027,misty,misty
7912,35766.3,3350.88027,misty,misty
7913,35754.4,3350.88027,misty,misty
7914,35742.6,3350.88027,misty,misty
7915,35722.8,3350.88027,misty,misty
7916,14380.9,12316.38042,misty,misty
7917,14293.1,12316.38042,misty,misty
7918,14079.9,12316.38042,misty,misty
7919,13981.7,12316.38042,misty,misty
7920,13863.1,12316.38042,misty,misty
7921,13754.6,12316.38042,misty,misty
7922,13739.1,12316.38042,misty,misty
7923,13698.7,12316.38042,misty,misty
7924,13696.5,12316.38042,misty,misty
7925,13691.2,12316.38042,misty,misty
7926,13682.0,12316.38042,misty,misty
7927,13671.6,12316.38042,misty,misty
7928,13649.3,12316.38042,misty,misty
7929,13635.0,12316.38042,misty,misty
7930,13617.2,12316.38042,misty,misty
7931,13606.5,12316.38042,misty,misty
7932,13591.3,12316.38042,misty,misty
7933,13582.5,12316.38042,misty,misty
7934,13565.6,12316.38042,misty,misty
7935,13555.1,12316.38042,misty,misty
7936,13540.0,12316.38042,misty,misty
7937,13531.5,12316.38042,misty,misty
7938,13524.5,12316.38042,misty,misty
7939,13515.9,12316.38042,misty,misty
7940,13513.2,12316.38042,misty,misty
7941,13509.1,12316.38042,misty,misty
7942,13508.7,12316.38042,misty,misty
7943,13508.7,12316.38042,misty,misty
7944,13508.7,12316.38042,misty,misty
7945,13508.7,12316.38042,misty,misty
7946,13508.7,12316.38042,misty,misty
7947,13508.7,12316.38042,misty,misty
7948,13505.5,12316.41136,misty,misty
7949,13505.0,12316.45058,misty,misty
7950,13508.2,12316.42935,misty,misty
7951,13515.5,12316.39091,misty,misty
7952,13485.3,12316.59122,misty,misty
7953,13455.3,12316.84679,misty,misty
7954,13437.2,12316.71294,misty,misty
7955,13432.1,12316.47783,misty,misty
7956,13457.2,12316.59014,misty,misty
7957,13489.7,12316.81805,misty,misty
7958,13523.4,12316.71570,misty,misty
7959,13557.8,12316.49165,misty,misty
7960,13598.4,12316.56781,misty,misty
7961,13642.6,12316.73771,misty,misty
7962,13688.9,12316.63455,misty,misty
7963,13737.4,12316.44481,misty,misty
7964,13733.6,12316.47596,misty,misty
7965,13710.8,12316.58738,misty,misty
7966,13689.8,12316.52660,misty,misty
7967,13669.5,12316.39547,misty,misty
7968,13635.3,12316.37170,misty,misty
7969,13596.2,12316.39079,misty,misty
7970,13556.7,12316.39056,misty,misty
7971,13517.4,12316.38281,misty,misty
7972,13511.9,12316.41593,misty,misty
7973,13521.2,12316.46492,misty,misty
7974,13531.2,12316.44864,misty,misty
7975,13541.8,12316.40309,misty,misty
7976,13538.1,12316.45717,misty,misty
7977,13528.0,12316.55746,misty,misty
7978,13512.5,12316.56331,misty,misty
7979,13494.9,12316.52327,misty,misty
7980,13483.2,12316.47940,misty,misty
7981,13474.5,12316.43257,misty,misty
7982,13472.9,12316.40958,misty,misty
7983,13474.8,12316.39909,misty,misty
7984,13478.6,12316.40813,misty,misty
7985,13483.4,12316.42571,misty,misty
7986,13488.4,12316.42197,misty,misty
7987,13493.5,12316.40684,misty,misty
7988,13496.5,12316.40806,misty,misty
7989,13498.4,12316.41871,misty,misty
7990,13499.1,12316.40849,misty,misty
7991,13499.1,12316.38506,misty,misty
7992,13499.1,12316.38456,misty,misty
7993,13499.1,12316.39649,misty,misty
7994,13499.2,12316.41286,misty,misty
7995,13499.5,12316.43275,misty,misty
7996,13499.6,12316.43613,misty,misty
7997,13499.6,12316.42911,misty,misty
7998,13500.1,12316.42684,misty,misty
7999,13500.9,12316.42823,misty,misty
8000,13501.2,12316.41777,misty,misty
8001,13501.2,12316.39930,misty,misty
8002,13501.4,12316.39699,misty,misty
8003,13501.6,12316.40635,misty,misty
8004,13501.7,12316.40156,misty,misty
8005,13501.7,12316.38748,misty,misty
8006,13501.7,12316.39088,misty,misty
8007,13501.7,12316.40771,misty,misty
8008,5798.8,4302.26667,misty,misty
8009,5798.8,4302.26667,misty,misty
8010,5798.8,4302.26667,misty,misty
8011,5798.8,4302.26667,misty,misty
8012,5798.8,4302.26667,misty,misty
8013,5798.8,4302.26667,misty,misty
8014,5798.8,4302.26667,misty,misty
8015,5798.8,4302.26667,misty,misty
8016,5798.8,4302.26667,misty,misty
8017,5798.8,4302.26667,misty,misty
8018,5798.8,4302.26667,misty,misty
8019,5798.8,4302.26667,misty,misty
8020,5798.8,4302.26667,misty,misty
8021,5798.8,4302.26667,misty,misty
8022,5798.8,4302.26667,misty,misty
8023,5798.8,4302.26667,misty,misty
8024,5798.8,4302.26667,misty,misty
8025,5798.8,4302.26667,misty,misty
8026,5798.8,4302.26667,misty,misty
8027,5798.8,4302.26667,misty,misty
8028,5798.8,4302.26667,misty,misty
8029,5798.8,4302.26667,misty,misty
8030,5798.8,4302.26667,misty,misty
8031,5798.8,4302.26667,misty,misty
8032,5798.8,4302.26667,misty,misty
8033,5798.8,4302.26667,misty,misty
8034,5798.8,4302.26667,misty,misty
8035,5798.8,4302.26667,misty,misty
8036,5798.8,4302.26667,misty,misty
8037,5798.8,4302.26667,misty,misty
8038,5798.8,4302.26667,misty,misty
8039,17840.8,4200.91818,misty,misty
8040,17840.7,4200.91818,misty,misty
8041,17841.4,4200.91818,misty,misty
8042,17841.9,4200.91818,misty,misty
8043,17842.9,4200.91818,misty,misty
8044,17843.6,4200.91818,misty,misty
8045,17845.4,4200.91818,misty,misty
8046,17848.0,4200.91818,misty,misty
8047,17848.8,4200.91818,misty,misty
8048,17851.5,4200.91818,misty,misty
8049,17853.2,4200.91818,misty,misty
8050,17856.3,4200.91818,misty,misty
8051,17857.2,4200.91818,misty,misty
8052,17858.7,4200.91818,misty,misty
8053,17860.3,4200.91818,misty,misty
8054,17863.9,4200.91818,misty,misty
8055,17867.9,4200.91818,misty,misty
8056,17874.6,4200.91818,misty,misty
8057,17877.9,4200.91818,misty,misty
8058,17879.8,4200.91818,misty,misty
8059,17885.8,4200.91818,misty,misty
8060,17889.8,4200.91818,misty,misty
8061,17896.7,4200.91818,misty,misty
8062,17899.2,4200.91818,misty,misty
8063,17906.7,4200.91818,misty,misty
8064,17912.3,4200.91818,misty,misty
8065,17915.2,4200.91818,misty,misty
8066,17919.6,4200.91818,misty,misty
8067,17925.5,4200.91818,misty,misty
8068,17937.8,4200.91818,misty,misty
8069,17940.8,4200.91818,misty,misty
8070,17950.5,4200.91818,misty,misty
8071,17955.5,4200.91818,misty,misty
8072,17964.0,4200.91818,misty,misty
8073,17970.6,4200.91818,misty,misty
8074,17974.5,4200.91818,misty,misty
8075,17986.4,4200.91818,misty,misty
8076,17990.6,4200.91818,misty,misty
8077,18002.9,4200.91818,misty,misty
8078,18009.0,4200.91818,misty,misty
8079,18018.0,4200.91818,misty,misty
8080,18027.0,4200.91818,misty,misty
8081,18034.5,4200.91818,misty,misty
8082,18049.1,4200.91818,misty,misty
8083,18053.2,4200.91818,misty,misty
8084,18065.3,4200.91818,misty,misty
8085,18071.2,4200.91818,misty,misty
8086,18080.8,4200.91818,misty,misty
8087,18092.1,4200.91818,misty,misty
8088,18099.1,4200.91818,misty,misty
8089,18112.1,4200.91818,misty,misty
8090,18116.5,4200.91818,misty,misty
8091,18129.9,4200.91818,misty,misty
8092,18136.9,4200.91818,misty,misty
8093,18147.0,4200.91818,misty,misty
8094,18152.9,4200.91818,misty,misty
8095,18163.1,4200.91818,misty,misty
8096,18173.5,4200.91818,misty,misty
8097,18178.7,4200.91818,misty,misty
8098,18189.5,4200.91818,misty,misty
8099,18195.2,4200.91818,misty,misty
8100,18205.0,4200.91818,misty,misty
8101,18210.0,4200.91818,misty,misty
8102,18218.2,4200.91818,misty,misty
8103,18226.6,4200.91818,misty,misty
8104,18233.4,4200.91818,misty,misty
8105,18240.6,4200.91818,misty,misty
8106,18245.2,4200.91818,misty,misty
8107,23709.0,12346.24482,misty,misty
8108,23709.0,9865.26080,misty,misty
8109,23709.0,9865.19676,misty,misty
8110,23709.0,9865.13165,misty,misty
8111,23709.0,9865.09197,misty,misty
8112,23709.0,9865.04164,misty,misty
8113,23709.0,9865.00927,misty,misty
8114,23709.0,9864.95630,misty,misty
8115,23709.0,9864.92316,misty,misty
8116,23709.0,9864.86895,misty,misty
8117,23709.0,9864.85903,misty,misty
8118,38568.0,1865.81726,misty,misty
8119,38511.8,3377.89370,misty,misty
8120,38451.3,3377.75731,misty,misty
8121,38360.4,3377.69728,misty,misty
8122,38265.9,3377.67038,misty,misty
8123,38140.9,3377.64321,misty,misty
8124,38011.5,3377.62999,misty,misty
8125,37843.7,3371.05170,misty,misty
8126,37666.7,3363.75517,misty,misty
8127,37403.1,3359.30687,misty,misty
8128,37128.2,3354.43017,misty,misty
8129,36736.7,3366.92627,misty,misty
8130,36337.6,3392.01615,misty,misty
8131,35847.4,3400.37832,misty,misty
8132,35353.1,3422.62167,misty,misty
8133,34796.4,3405.21304,misty,misty
8134,34239.0,3394.79838,misty,misty
8135,33650.3,3377.49471,misty,misty
8136,33063.3,3367.14735,misty,misty
8137,32471.3,3365.76529,misty,misty
8138,31882.2,3366.13300,misty,misty
8139,31316.2,3368.53457,misty,misty
8140,30755.0,3369.44581,misty,misty
8141,30248.5,3372.69861,misty,misty
8142,29746.9,3375.59940,misty,misty
8143,29327.0,3377.37334,misty,misty
8144,28911.3,3380.74421,misty,misty
8145,28605.3,3381.62406,misty,misty
8146,28301.8,3384.11047,misty,misty
8147,28081.0,3384.51507,misty,misty
8148,27861.2,3386.48952,misty,misty
8149,27674.7,3407.04110,misty,misty
8150,27488.4,3441.48972,misty,misty
8151,27336.0,3483.21985,misty,misty
8152,27184.1,3497.19185,misty,misty
8153,27061.1,3460.21140,misty,misty
8154,26938.4,3443.00360,misty,misty
8155,26840.1,3391.62078,misty,misty
8156,26742.4,3366.12759,misty,misty
8157,26668.5,3368.32466,misty,misty
8158,26595.2,3379.22177,misty,misty
8159,26538.0,3390.21161,misty,misty
8160,26481.3,3404.10320,misty,misty
8161,26444.1,3403.81385,misty,misty
8162,26407.7,3402.84619,misty,misty
8163,26381.0,3401.62712,misty,misty
8164,26355.0,3399.59590,misty,misty
8165,26341.8,3398.21180,misty,misty
8166,26329.3,3395.89152,misty,misty
8167,26322.5,3392.89368,misty,misty
8168,26315.9,3391.88522,misty,misty
8169,26314.4,3389.46596,misty,misty
8170,26313.0,3388.33306,misty,misty
8171,26313.1,3387.43704,misty,misty
8172,26313.4,3387.00480,misty,misty
8173,26313.4,3386.81932,misty,misty
8174,26313.4,3386.81851,misty,misty
8175,26313.4,3386.80071,misty,misty
8176,26313.4,3386.76329,misty,misty
8177,26313.4,3386.68089,misty,misty
8178,26313.4,3386.53224,misty,misty
8179,26313.4,3386.49157,misty,misty
8180,26313.4,3386.46913,misty,misty
8181,26313.4,3386.44885,misty,misty
8182,26313.4,3386.41289,misty,misty
8183,26313.4,3386.31483,misty,misty
8184,26313.4,3386.22905,misty,misty
8185,26313.4,3386.19520,misty,misty
8187,8500.5,12089.79889,misty,misty
8188,8500.5,12089.79889,misty,misty
8189,8500.5,12089.79889,misty,misty
8190,8500.5,12089.79889,misty,misty
8191,8500.5,12089.79889,misty,misty
8192,8500.5,12089.79889,misty,misty
8193,8500.5,12089.79889,misty,misty
8194,8500.5,12089.79889,misty,misty
8195,8500.5,12089.79889,misty,misty
8196,8500.5,12089.79889,misty,misty
8197,8500.5,12089.79889,misty,misty
8198,8500.5,12089.79889,misty,misty
8199,8425.7,12110.51654,misty,misty
8200,8861.2,12134.40476,misty,misty
8201,10682.9,12170.98843,misty,misty
8202,13646.8,12205.55839,misty,misty
8203,15795.7,12224.32731,misty,misty
8204,17730.5,12238.48988,misty,misty
8205,18157.8,12241.22387,misty,misty
8206,18177.5,12241.22387,misty,misty
8207,18220.9,12241.22387,misty,misty
8208,18270.8,12241.22387,misty,misty
8209,18334.3,12241.22387,misty,misty
8210,18401.7,12241.22387,misty,misty
8211,18475.7,12241.22387,misty,misty
8212,18551.3,12241.22387,misty,misty
8213,18621.2,12241.22387,misty,misty
8214,18689.2,12241.22387,misty,misty
8215,18744.7,12241.22387,misty,misty
8216,18795.9,12241.22387,misty,misty
8217,18822.7,12241.22387,misty,misty
8218,18841.3,12241.22387,misty,misty
8219,18846.2,12241.22387,misty,misty
8220,18846.2,12241.22387,misty,misty
8221,18844.4,12241.22387,misty,misty
8222,18842.1,12241.22387,misty,misty
8223,18838.3,12241.22387,misty,misty
8224,18834.3,12241.22387,misty,misty
8225,18829.2,12241.22387,misty,misty
8226,18823.8,12241.22387,misty,misty
8227,18816.5,12241.22387,misty,misty
8228,18808.1,12241.22387,misty,misty
8229,18800.1,12241.22387,misty,misty
8230,18792.3,12241.22387,misty,misty
8231,18782.9,12241.22387,misty,misty
8232,18772.8,12241.22387,misty,misty
8233,18762.6,12241.22387,misty,misty
8234,18752.5,12241.22387,misty,misty
8235,61786.5,6237.98877,misty,misty
8236,61775.6,7076.25741,misty,misty
8237,61763.9,7076.25741,misty,misty
8238,61751.7,7076.25741,misty,misty
8239,61739.3,7076.25741,misty,misty
8240,61726.7,7076.25741,misty,misty
8241,61714.3,7076.25741,misty,misty
8242,61701.7,7076.25741,misty,misty
8243,61688.4,7076.25741,misty,misty
8244,61674.6,7076.25741,misty,misty
8245,61660.8,7076.25741,misty,misty
8246,61646.6,7076.25741,misty,misty
8247,61632.6,7076.25741,misty,misty
8248,61618.9,7076.25741,misty,misty
8249,61605.0,7076.25741,misty,misty
8250,61590.8,7076.25741,misty,misty
8251,61575.9,7076.25741,misty,misty
8252,61560.5,7076.25741,misty,misty
8253,61545.3,7076.25741,misty,misty
8254,61530.0,7076.25741,misty,misty
8255,61516.3,7076.25741,misty,misty
8256,61503.7,7076.25741,misty,misty
8257,61489.6,7076.25741,misty,misty
8258,61474.2,7076.25741,misty,misty
8259,61460.6,7076.25741,misty,misty
8260,61448.0,7076.25741,misty,misty
8261,61433.9,7076.25741,misty,misty
8262,61418.5,7076.25741,misty,misty
8263,61404.8,7076.25741,misty,misty
8264,61392.3,7076.25741,misty,misty
8265,61379.8,7076.25741,misty,misty
8266,61367.9,7076.25741,misty,misty
8267,61355.4,7076.25741,misty,misty
8268,61343.0,7076.25741,misty,misty
8269,42814.0,14793.21194,misty,misty
8270,42633.7,14793.21194,misty,misty
8271,42477.7,14793.21194,misty,misty
8272,42342.9,14793.21194,misty,misty
8273,42232.4,14793.21194,misty,misty
8274,42143.9,14793.21194,misty,misty
8275,42084.7,14793.21194,misty,misty
8276,42053.0,14793.21194,misty,misty
8277,42037.1,14793.21194,misty,misty
8278,42036.2,14793.21194,misty,misty
8279,42031.6,14793.21194,misty,misty
8280,42023.5,14793.21194,misty,misty
8281,42014.1,14793.21194,misty,misty
8282,42003.6,14793.21194,misty,misty
8283,41992.5,14793.21194,misty,misty
8284,41980.8,14793.21194,misty,misty
8285,41967.9,14793.21194,misty,misty
8286,41953.2,14793.21194,misty,misty
8287,41939.2,14793.21194,misty,misty
8288,41926.1,14793.21194,misty,misty
8289,41913.1,14793.21194,misty,misty
8290,41899.9,14793.21194,misty,misty
8291,41887.9,14793.21194,misty,misty
8292,41877.3,14793.21194,misty,misty
8293,41868.6,14793.21194,misty,misty
8294,41862.0,14793.21194,misty,misty
8295,41857.2,14793.21194,misty,misty
8296,41854.6,14793.21194,misty,misty
8297,41853.2,14793.21194,misty,misty
8298,41853.2,14793.21194,misty,misty
8299,41853.2,14793.21194,misty,misty
8300,41853.2,14793.21194,misty,misty
8301,41853.2,14793.21194,misty,misty
8302,41853.2,14793.21194,misty,misty
8303,41853.2,14793.21194,misty,misty
8304,41853.2,14793.21194,misty,misty
8305,41853.2,14793.21194,misty,misty
8306,41853.2,14793.21194,misty,misty
8307,41853.2,14793.21194,misty,misty
8308,41853.2,14793.21194,misty,misty
8309,41853.2,14793.21194,misty,misty
8310,41853.2,14793.21194,misty,misty
8311,41853.2,14793.21194,misty,misty
8312,41853.2,14793.21194,misty,misty
8313,41853.2,14793.21194,misty,misty
8314,41853.2,14793.21194,misty,misty
8315,41853.2,14793.21194,misty,misty
8316,41853.2,14793.21194,misty,misty
8317,41853.2,14793.21194,misty,misty
8318,41853.2,14793.21194,misty,misty
8319,41853.2,14793.21194,misty,misty
8320,41853.2,14793.21194,misty,misty
8321,41853.2,14793.21194,misty,misty
8322,41853.2,14793.21194,misty,misty
8323,41853.2,14793.21194,misty,misty
8324,41853.2,14793.21194,misty,misty
8325,41853.2,14793.21194,misty,misty
8326,41853.2,14793.21194,misty,misty
8327,41853.2,14793.21194,misty,misty
8328,41853.2,14793.21194,misty,misty
8329,41853.2,14793.21194,misty,misty
8330,24733.9,14798.38461,misty,misty
8331,24733.9,14798.38461,misty,misty
8332,24733.9,14798.38461,misty,misty
8333,24733.9,14798.38461,misty,misty
8334,24733.9,14798.38461,misty,misty
8335,24733.9,14798.38461,misty,misty
8336,24733.9,14798.38461,misty,misty
8337,24733.9,14798.38461,misty,misty
8338,24733.9,14798.38461,misty,misty
8339,24733.9,14798.38461,misty,misty
8340,24733.9,14798.38461,misty,misty
8341,24733.9,14798.38461,misty,misty
8342,24733.9,14798.38461,misty,misty
8343,24733.9,14798.38461,misty,misty
8344,24733.9,14798.38461,misty,misty
8345,24733.9,14798.38461,misty,misty
8346,24733.9,14798.38461,misty,misty
8347,24733.9,14798.38461,misty,misty
8348,24733.9,14798.38461,misty,misty
8349,24733.9,14798.38461,misty,misty
8350,24733.9,14798.38461,misty,misty
8351,24733.9,14798.38461,misty,misty
8352,24733.9,14798.38461,misty,misty
8353,24733.9,14798.38461,misty,misty
8354,24733.9,14798.38461,misty,misty
8355,24733.9,14798.38461,misty,misty
8356,24733.9,14798.38461,misty,misty
8357,24733.9,14798.38461,misty,misty
8358,24733.9,14798.38461,misty,misty
8359,24733.9,14798.38461,misty,misty
8360,24733.9,14798.38461,misty,misty
8361,24733.9,14798.38461,misty,misty
8362,24733.9,14798.38461,misty,misty
8363,24733.9,14798.38461,misty,misty
8364,24733.9,14798.38461,misty,misty
8365,24733.9,14798.38461,misty,misty
8366,24733.9,14798.38461,misty,misty
8367,24733.9,14798.38461,misty,misty
8368,24733.9,14798.38461,misty,misty
8369,24733.9,14798.38461,misty,misty
8370,24733.9,14798.38461,misty,misty
8371,24733.9,14798.38461,misty,misty
8372,24733.9,14798.38461,misty,misty
8373,24733.9,14798.38461,misty,misty
8374,24733.9,14798.38461,misty,misty
8375,24733.9,14798.38461,misty,misty
8376,24733.9,14798.38461,misty,misty
8377,24733.9,14798.38461,misty,misty
8378,24733.9,14798.38461,misty,misty
8379,24733.9,14798.38461,misty,misty
8380,24733.9,14798.38461,misty,misty
8381,24733.9,14798.38461,misty,misty
8382,24733.9,14798.38461,misty,misty
8383,24733.9,14798.38461,misty,misty
8384,24733.9,14798.38461,misty,misty
8385,24733.9,14798.38461,misty,misty
8386,24733.9,14798.38461,misty,misty
8387,24733.9,14798.38461,misty,misty
8388,24733.9,14798.38461,misty,misty
8389,24733.9,14798.38461,misty,misty
8390,24733.9,14798.38461,misty,misty
8391,24733.9,14798.38461,misty,misty
8392,24733.9,14798.38461,misty,misty
8393,24733.9,14798.38461,misty,misty
8394,24733.9,14798.38461,misty,misty
8395,41176.4,12936.43448,misty,misty
8396,41191.5,12936.43448,misty,misty
8397,41207.0,12936.43448,misty,misty
8398,41224.5,12936.43448,misty,misty
8399,41242.0,12936.43448,misty,misty
8400,41259.6,12936.43448,misty,misty
8401,41277.2,12936.43448,misty,misty
8402,41296.7,12936.43448,misty,misty
8403,41316.4,12936.43448,misty,misty
8404,41336.3,12936.43448,misty,misty
8405,41356.3,12936.43448,misty,misty
8406,41378.6,12936.43448,misty,misty
8407,41401.2,12936.43448,misty,misty
8408,41421.4,12936.43448,misty,misty
8409,41441.5,12936.43448,misty,misty
8410,41464.4,12936.43448,misty,misty
8411,41487.4,12936.43448,misty,misty
8412,41511.6,12936.43448,misty,misty
8413,41536.0,12936.43448,misty,misty
8414,41559.3,12936.43448,misty,misty
8415,41582.5,12936.43448,misty,misty
8416,41607.3,12936.43448,misty,misty
8417,41632.2,12936.43448,misty,misty
8418,41657.6,12936.43448,misty,misty
8419,41683.3,12936.43448,misty,misty
8420,41709.1,12936.43448,misty,misty
8421,41734.8,12936.43448,misty,misty
8422,41736.2,12936.43448,misty,misty
8423,41783.2,12936.43448,misty,misty
8424,41810.5,12936.43448,misty,misty
8425,41837.8,12936.43448,misty,misty
8426,41864.1,12936.43448,misty,misty
8427,41890.5,12936.43448,misty,misty
8428,41916.9,12936.43448,misty,misty
8429,41943.2,12936.43448,misty,misty
8430,41968.3,12936.43448,misty,misty
8431,41993.0,12936.43448,misty,misty
8432,42018.9,12936.43448,misty,misty
8433,42045.1,12936.43448,misty,misty
8434,24956.7,5329.26978,misty,misty
8435,24999.2,4938.10453,misty,misty
8436,25039.8,4938.10453,misty,misty
8437,25080.2,4938.10453,misty,misty
8438,25121.7,4938.10453,misty,misty
8439,25163.7,4938.10453,misty,misty
8440,25203.7,4938.10453,misty,misty
8441,25243.2,4938.10453,misty,misty
8442,25280.7,4938.10453,misty,misty
8443,25318.0,4938.10453,misty,misty
8444,25355.8,4938.10453,misty,misty
8445,25393.8,4938.10453,misty,misty
8446,25430.5,4938.10453,misty,misty
8447,25467.1,4938.10453,misty,misty
8448,25502.7,4938.10453,misty,misty
8449,25538.3,4938.10453,misty,misty
8450,25571.9,4938.10453,misty,misty
8451,25605.1,4938.10453,misty,misty
8452,25637.6,4938.10453,misty,misty
8453,25669.8,4938.10453,misty,misty
8454,25699.4,4938.10453,misty,misty
8455,25728.2,4938.10453,misty,misty
8456,25755.5,4938.10453,misty,misty
8457,25782.5,4938.10453,misty,misty
8458,25808.9,4938.10453,misty,misty
8459,25835.3,4938.10453,misty,misty
8460,25858.6,4938.10453,misty,misty
8461,25881.2,4938.10453,misty,misty
8462,25902.3,4938.10453,misty,misty
8463,25923.2,4938.10453,misty,misty
8464,24677.1,13526.82477,misty,misty
8465,24677.1,11056.22952,misty,misty
8466,24677.1,11056.22702,misty,misty
8467,24677.1,11056.21678,misty,misty
8468,24677.1,11056.23383,misty,misty
8469,24677.1,11056.25883,misty,misty
8470,24677.1,11056.28111,misty,misty
8471,24677.1,11056.30124,misty,misty
8472,24677.1,11056.30087,misty,misty
8473,24677.1,11056.29437,misty,misty
8474,24677.1,11056.31771,misty,misty
8475,24677.1,11056.35151,misty,misty
8476,24677.1,11056.35101,misty,misty
8477,24677.1,11056.33840,misty,misty
8478,24677.1,11056.33640,misty,misty
8479,24677.1,11056.33673,misty,misty
8480,24677.1,11056.33773,misty,misty
8481,24677.1,11056.33776,misty,misty
8482,24677.1,11056.53480,misty,misty
8483,24677.1,11056.79884,misty,misty
8484,24677.1,11057.03958,misty,misty
8485,24677.1,11057.26188,misty,misty
8486,24677.1,11056.86695,misty,misty
8487,24677.1,11056.10839,misty,misty
8488,24677.1,11055.25244,misty,misty
8489,24677.1,11054.29177,misty,misty
8490,24677.1,11054.55226,misty,misty
8491,24677.1,11055.36356,misty,misty
8492,24677.1,11056.06049,misty,misty
8493,24677.1,11056.66296,misty,misty
8494,24677.1,11056.84973,misty,misty
8495,24677.1,11056.85080,misty,misty
8496,24677.1,11056.78136,misty,misty
8497,24677.1,11056.67358,misty,misty
8498,24677.1,11056.57947,misty,misty
8499,24677.1,11056.49126,misty,misty
8500,24677.1,11056.38103,misty,misty
8501,24677.1,11056.25750,misty,misty
8502,24677.1,11056.16099,misty,misty
8503,24677.1,11056.08095,misty,misty
8504,24677.1,11056.02774,misty,misty
8505,24677.1,11055.99172,misty,misty
8506,24677.1,11055.09740,misty,misty
8507,24677.1,11053.42553,misty,misty
8508,24677.1,11051.46096,misty,misty
8509,24677.1,11049.20186,misty,misty
8510,24677.1,11050.00978,misty,misty
8511,24677.1,11052.64011,misty,misty
8512,24677.1,11054.81568,misty,misty
8513,24677.1,11056.53360,misty,misty
8514,24677.1,11056.87543,misty,misty
8515,24677.1,11056.43443,misty,misty
8516,24677.1,11055.93363,misty,misty
8517,24677.1,11055.37431,misty,misty
8518,24677.1,11055.13049,misty,misty
8519,24677.1,11055.15144,misty,misty
8520,24677.1,11055.20723,misty,misty
8521,24677.1,11055.28915,misty,misty
8522,24677.1,11055.37805,misty,misty
8523,24677.1,11055.47157,misty,misty
8524,24677.1,11055.57356,misty,misty
8525,24677.1,11055.68170,misty,misty
8526,24677.1,11055.77940,misty,misty
8527,24677.1,11055.86854,misty,misty
8528,24677.1,11055.92061,misty,misty
8529,24677.1,11055.93749,misty,misty
8530,24677.1,11055.94673,misty,misty
8531,24677.1,11055.94673,misty,misty
8532,24677.1,11055.94643,misty,misty
8533,24677.1,11055.94742,misty,misty
8534,24677.1,11055.94045,misty,misty
8535,24677.1,11055.92567,misty,misty
8536,24677.1,11055.91885,misty,misty
8537,24677.1,11055.91930,misty,misty
8538,24677.1,11055.91962,misty,misty
8539,24677.1,11055.92034,misty,misty
8540,24677.1,11055.92084,misty,misty
8541,24677.1,11055.92084,misty,misty
8542,24677.1,11055.92096,misty,misty
8543,24677.1,11055.92150,misty,misty
8544,24677.1,11055.92217,misty,misty
8545,24677.1,11055.92294,misty,misty
8546,24677.1,11055.93773,misty,misty
8547,24677.1,11055.96946,misty,misty
8548,24677.1,11055.99021,misty,misty
8549,24677.1,11055.99526,misty,misty
8550,24677.1,11055.99864,misty,misty
8551,24677.1,11055.99929,misty,misty
8552,13575.3,3237.83005,misty,misty
8553,13575.3,3222.48646,misty,misty
8554,13575.3,3222.48646,misty,misty
8555,13575.3,3222.48646,misty,misty
8556,13575.3,3222.48646,misty,misty
8557,13575.3,3222.48646,misty,misty
8558,13575.3,3222.48646,misty,misty
8559,18912.0,9324.79847,misty,misty
8560,18912.0,9324.79847,misty,misty
8561,18912.0,9324.79847,misty,misty
8562,18912.0,9324.79847,misty,misty
8563,18912.0,9324.79847,misty,misty
8564,18912.0,9324.79847,misty,misty
8565,18912.0,9324.79847,misty,misty
8566,18912.0,9324.79847,misty,misty
8567,18912.0,9324.79847,misty,misty
8568,18912.0,9324.79847,misty,misty
8569,18912.0,9324.79847,misty,misty
8570,18912.0,9324.79847,misty,misty
8571,18912.0,9324.79847,misty,misty
8572,18912.0,9324.79847,misty,misty
8573,18912.0,9324.79847,misty,misty
8574,18912.0,9324.79847,misty,misty
8575,18912.0,9324.79847,misty,misty
8576,18912.0,9324.79847,misty,misty
8577,18912.0,9324.79847,misty,misty
8578,18912.0,9324.79847,misty,misty
8579,18912.0,9324.79847,misty,misty
8580,18912.0,9324.79847,misty,misty
8581,18912.0,9324.79847,misty,misty
8582,18912.0,9324.79847,misty,misty
8583,18912.0,9324.79847,misty,misty
8584,18912.0,9324.79847,misty,misty
8585,18912.0,9324.79847,misty,misty
8586,18912.0,9324.79847,misty,misty
8587,18912.0,9324.79847,misty,misty
8588,18912.0,9324.79847,misty,misty
8589,18912.0,9324.79847,misty,misty
8590,18912.0,9324.79847,misty,misty
8591,18912.0,9324.79847,misty,misty
8592,18912.0,9324.79847,misty,misty
8593,18912.0,9324.79847,misty,misty
8594,18912.0,9324.79847,misty,misty
8595,18912.0,9324.79847,misty,misty
8596,18912.0,9324.79847,misty,misty
8597,18912.0,9324.79847,misty,misty
8598,18912.0,9324.79847,misty,misty
8599,18912.0,9324.79847,misty,misty
8600,18912.0,9324.79847,misty,misty
8601,18912.0,9324.79847,misty,misty
8602,18912.0,9324.79847,misty,misty
8603,18912.0,9324.79847,misty,misty
8604,45723.5,6160.17732,misty,misty
8605,45723.5,8288.66393,misty,misty
8606,69474.5,11100.45725,misty,misty
8607,69474.5,10293.53635,misty,misty
8608,69474.5,10293.53635,misty,misty
8609,69474.5,10293.53635,misty,misty
8610,69474.5,10293.53635,misty,misty
8611,69474.5,10293.53635,misty,misty
8612,69474.5,10293.53635,misty,misty
8613,69474.5,10293.53635,misty,misty
8614,69474.5,10293.53635,misty,misty
8615,69474.5,10293.53635,misty,misty
8616,69474.5,10293.53635,misty,misty
8617,69474.5,10293.53635,misty,misty
8618,69474.5,10293.53635,misty,misty
8619,69474.5,10293.53635,misty,misty
8620,69474.5,10293.53635,misty,misty
8621,69474.5,10293.53635,misty,misty
8622,69474.5,10293.53635,misty,misty
8623,69474.5,10293.53635,misty,misty
8624,69474.5,10293.53635,misty,misty
8625,69474.5,10293.53635,misty,misty
8626,69474.5,10293.53635,misty,misty
8627,69474.5,10293.53635,misty,misty
8628,69474.5,10293.53635,misty,misty
8629,69474.5,10293.53635,misty,misty
8630,69474.5,10293.53635,misty,misty
8631,69474.5,10293.53635,misty,misty
8632,69474.5,10293.53635,misty,misty
8633,69474.5,10293.53635,misty,misty
8634,69474.5,10293.53635,misty,misty
8635,69474.5,10293.53635,misty,misty
8636,69474.5,10293.53635,misty,misty
8637,69474.5,10293.53635,misty,misty
8638,69474.5,10293.53635,misty,misty
8639,69474.5,10293.53635,misty,misty
8640,69474.5,10293.53635,misty,misty
8641,69474.5,10293.53635,misty,misty
8642,69474.5,10293.53635,misty,misty
8643,69474.5,10293.53635,misty,misty
8644,69474.5,10293.53635,misty,misty
8645,69474.5,10293.53635,misty,misty
8646,69474.5,10293.53635,misty,misty
8647,69474.5,10293.53635,misty,misty
8648,69474.5,10293.53635,misty,misty
8649,69474.5,10293.53635,misty,misty
8650,69474.5,10293.53635,misty,misty
8651,69474.5,10293.53635,misty,misty
8652,69474.5,10293.53635,misty,misty
8653,69474.5,10293.53635,misty,misty
8654,69474.5,10293.53635,misty,misty
8655,69474.5,10293.53635,misty,misty
8656,69474.5,10293.53635,misty,misty
8657,69474.5,10293.53635,misty,misty
8658,69474.5,10293.53635,misty,misty
8659,69474.5,10293.53635,misty,misty
8660,69474.5,10293.53635,misty,misty
8661,69474.5,10293.53635,misty,misty
8662,69474.5,10293.53635,misty,misty
8663,69474.5,10293.53635,misty,misty
8664,69474.5,10293.53635,misty,misty
8665,69474.5,10293.53635,misty,misty
8666,69474.5,10293.53635,misty,misty
8667,69474.5,10293.53635,misty,misty
8668,69474.5,10293.53635,misty,misty
8669,69474.5,10293.53635,misty,misty
8670,69474.5,10293.53635,misty,misty
8671,69474.5,10293.53635,misty,misty
8672,69474.5,10293.53635,misty,misty
8673,69474.5,10293.53635,misty,misty
8674,69474.5,10293.53635,misty,misty
8675,69474.5,10293.53635,misty,misty
8676,69474.5,10293.53635,misty,misty
8677,69474.5,10293.53635,misty,misty
8678,69474.5,10293.53635,misty,misty
8679,69474.5,10293.53635,misty,misty
8680,69474.5,10293.53635,misty,misty
8681,69474.5,10293.53635,misty,misty
8682,69474.5,10293.53635,misty,misty
8683,69474.5,10293.53635,misty,misty
8684,69474.5,10293.53635,misty,misty
8685,69474.5,10293.53635,misty,misty
8686,69474.5,10293.53635,misty,misty
8687,69474.5,10293.53635,misty,misty
8688,69474.5,10293.53635,misty,misty
8689,69474.5,10293.53635,misty,misty
8690,69474.5,10293.53635,misty,misty
8691,69474.5,10293.53635,misty,misty
8692,69474.5,10293.53635,misty,misty
8693,69474.5,10293.53635,misty,misty
8694,69474.5,10293.53635,misty,misty
8695,69474.5,10293.53635,misty,misty
8696,69474.5,10293.53635,misty,misty
8697,69474.5,10293.53635,misty,misty
8698,69474.5,10293.53635,misty,misty
8699,69474.5,10293.53635,misty,misty
8700,69474.5,10293.53635,misty,misty
8701,57607.3,10266.62608,misty,misty
8702,57607.3,10266.62608,misty,misty
8703,57607.3,10266.62608,misty,misty
8704,57607.3,10266.62608,misty,misty
8705,57607.3,10266.62608,misty,misty
8706,57607.3,10266.62608,misty,misty
8707,57607.3,10266.62608,misty,misty
8708,57607.3,10266.62608,misty,misty
8709,57607.3,10266.62608,misty,misty
8710,57607.3,10266.62608,misty,misty
8711,57607.3,10266.62608,misty,misty
8712,57607.3,10266.62608,misty,misty
8713,57607.3,10266.62608,misty,misty
8714,57607.3,10266.62608,misty,misty
8715,57607.3,10266.62608,misty,misty
8716,57607.3,10266.62608,misty,misty
8717,57607.3,10266.62608,misty,misty
8718,57607.3,10266.62608,misty,misty
8719,57607.3,10266.62608,misty,misty
8720,57607.3,10266.62608,misty,misty
8721,57607.3,10266.62608,misty,misty
8722,57607.3,10266.62608,misty,misty
8723,57607.3,10266.62608,misty,misty
8724,57607.3,10266.62608,misty,misty
8725,57607.3,10266.62608,misty,misty
8726,57607.3,10266.62608,misty,misty
8727,57607.3,10266.62608,misty,misty
8728,57607.3,10266.62608,misty,misty
8729,57607.3,10266.62608,misty,misty
8730,57607.3,10266.62608,misty,misty
8731,57607.3,10266.62608,misty,misty
8732,57607.3,10266.62608,misty,misty
8733,57607.3,10266.62608,misty,misty
8734,57607.3,10266.62608,misty,misty
8735,57607.3,10266.62608,misty,misty
8736,57607.3,10266.62608,misty,misty
8737,57607.3,10266.62608,misty,misty
8738,57607.3,10266.62608,misty,misty
8739,57607.3,10266.62608,misty,misty
8740,57607.3,10266.62608,misty,misty
8741,57607.3,10266.62608,misty,misty
8742,57607.3,10266.62608,misty,misty
8743,57607.3,10266.62608,misty,misty
8744,57607.3,10266.62608,misty,misty
8745,57607.3,10266.62608,misty,misty
8746,57607.3,10266.62608,misty,misty
8747,57607.3,10266.62608,misty,misty
8748,57607.3,10266.62608,misty,misty
8749,57607.3,10266.62608,misty,misty
8750,57607.3,10266.62608,misty,misty
8751,57607.3,10266.62608,misty,misty
8752,57607.3,10266.62608,misty,misty
8753,57607.3,10266.62608,misty,misty
8754,57607.3,10266.62608,misty,misty
8755,57607.3,10266.62608,misty,misty
8756,57607.3,10266.62608,misty,misty
8757,57607.3,10266.62608,misty,misty
8758,57607.3,10266.62608,misty,misty
8759,57607.3,10266.62608,misty,misty
8760,57607.3,10266.62608,misty,misty
8761,57607.3,10266.62608,misty,misty
8762,57607.3,10266.62608,misty,misty
8763,57607.3,10266.62608,misty,misty
8764,57607.3,10266.62608,misty,misty
8765,57607.3,10266.62608,misty,misty
8766,57607.3,10266.62608,misty,misty
8767,57607.3,10266.62608,misty,misty
8768,57607.3,10266.62608,misty,misty
8769,57607.3,10266.62608,misty,misty
8770,57607.3,10266.62608,misty,misty
8771,57607.3,10266.62608,misty,misty
8772,57607.3,10266.62608,misty,misty
8773,57607.3,10266.62608,misty,misty
8774,57607.3,10266.62608,misty,misty
8775,57607.3,10266.62608,misty,misty
8776,57607.3,10266.62608,misty,misty
8777,57607.3,10266.62608,misty,misty
8778,57607.3,10266.62608,misty,misty
8779,57607.3,10266.62608,misty,misty
8780,57607.3,10266.62608,misty,misty
8781,57607.3,10266.62608,misty,misty
8782,57607.3,10266.62608,misty,misty
8783,57607.3,10266.62608,misty,misty
8784,57607.3,10266.62608,misty,misty
8785,57607.3,10266.62608,misty,misty
8786,57607.3,10266.62608,misty,misty
8787,57607.3,10266.62608,misty,misty
8788,57607.3,10266.62608,misty,misty
8789,57607.3,10266.62608,misty,misty
8790,57607.3,10266.62608,misty,misty
8791,57607.3,10266.62608,misty,misty
8792,57607.3,10266.62608,misty,misty
8793,57607.3,10266.62608,misty,misty
8794,57607.3,10266.62608,misty,misty
8795,57607.3,10266.62608,misty,misty
8796,57607.3,10266.62608,misty,misty
8797,57607.3,10266.62608,misty,misty
8798,57607.3,10266.62608,misty,misty
8799,57607.3,10266.62608,misty,misty
8800,57607.3,10266.62608,misty,misty
8801,57607.3,10266.62608,misty,misty
8802,57607.3,10266.62608,misty,misty
8803,57607.3,10266.62608,misty,misty
8804,57607.3,10266.62608,misty,misty
8805,38407.3,5612.34183,misty,misty
8806,38407.3,3930.54723,misty,misty
8807,38407.3,3930.54723,misty,misty
8808,38407.3,3930.54723,misty,misty
8809,38407.3,3930.54723,misty,misty
8810,38407.3,3930.54723,misty,misty
8811,38407.3,3930.54723,misty,misty
8812,38407.3,3930.54723,misty,misty
8813,38407.3,3930.54723,misty,misty
8814,38407.3,3930.54723,misty,misty
8815,38407.3,3930.54723,misty,misty
8816,38407.3,3930.54723,misty,misty
8817,38407.3,3930.54723,misty,misty
8818,38407.3,3930.54723,misty,misty
8819,38407.3,3930.54723,misty,misty
8820,38407.3,3930.54723,misty,misty
8821,38407.3,3930.54723,misty,misty
8822,38407.3,3930.54723,misty,misty
8823,38407.3,3930.54723,misty,misty
8824,21078.2,7152.34561,misty,misty
8825,21078.2,7473.59291,misty,misty
8826,21078.2,7473.59291,misty,misty
8827,21078.2,7473.59291,misty,misty
8828,21078.2,7473.59291,misty,misty
8829,21078.2,7473.59291,misty,misty
8830,21078.2,7473.59291,misty,misty
8831,21078.2,7473.59291,misty,misty
8832,21078.2,7473.59291,misty,misty
8833,21078.2,7473.59291,misty,misty
8834,21078.2,7473.59291,misty,misty
8835,21078.2,7473.59291,misty,misty
8836,21078.2,7473.59291,misty,misty
8837,21078.2,7473.59291,misty,misty
8838,21078.2,7473.59291,misty,misty
8839,21078.2,7473.59291,misty,misty
8840,21078.2,7473.59291,misty,misty
8841,21078.2,7473.59291,misty,misty
8842,21078.2,7473.59291,misty,misty
8843,21078.2,7473.59291,misty,misty
8844,21078.2,7473.59291,misty,misty
8845,21078.2,7473.59291,misty,misty
8846,21078.2,7473.59291,misty,misty
8847,21078.2,7473.59291,misty,misty
8848,21078.2,7473.59291,misty,misty
8849,21078.2,7473.59291,misty,misty
8850,21078.2,7473.59291,misty,misty
8851,21078.2,7473.59291,misty,misty
8852,21078.2,7473.59291,misty,misty
8853,21078.2,7473.59291,misty,misty
8854,21078.2,7473.59291,misty,misty
8855,21078.2,7473.59291,misty,misty
8856,21078.2,7473.59291,misty,misty
8857,21078.2,7473.59291,misty,misty
8858,21078.2,7473.59291,misty,misty
8859,21078.2,7473.59291,misty,misty
8860,21078.2,7473.59291,misty,misty
8861,21078.2,7473.59291,misty,misty
8862,21078.2,7473.59291,misty,misty
8863,21078.2,7473.59291,misty,misty
8864,21078.2,7473.59291,misty,misty
8865,21078.2,7473.59291,misty,misty
8866,21078.2,7473.59291,misty,misty
8867,21078.2,7473.59291,misty,misty
8868,21078.2,7473.59291,misty,misty
8869,21078.2,7473.59291,misty,misty
8870,21078.2,7473.59291,misty,misty
8871,21078.2,7473.59291,misty,misty
8872,21078.2,7473.59291,misty,misty
8873,21078.2,7473.59291,misty,misty
8874,21078.2,7473.59291,misty,misty
8875,21078.2,7473.59291,misty,misty
8876,21078.2,7473.59291,misty,misty
8877,21078.2,7473.59291,misty,misty
8878,21078.2,7473.59291,misty,misty
8879,21078.2,7473.59291,misty,misty
8880,21078.2,7473.59291,misty,misty
8881,21078.2,7473.59291,misty,misty
8882,21078.2,7473.59291,misty,misty
8883,21078.2,7473.59291,misty,misty
8884,21078.2,7473.59291,misty,misty
8885,21078.2,7473.59291,misty,misty
8886,21078.2,7473.59291,misty,misty
8887,21078.2,7473.59291,misty,misty
8888,21078.2,7473.59291,misty,misty
8889,21078.2,7473.59291,misty,misty
8890,21078.2,7473.59291,misty,misty
8891,21078.2,7473.59291,misty,misty
8892,21078.2,7473.59291,misty,misty
8893,21078.2,7473.59291,misty,misty
8894,21078.2,7473.59291,misty,misty
8895,21078.2,7473.59291,misty,misty
8896,21078.2,7473.59291,misty,misty
8897,21078.2,7473.59291,misty,misty
8898,21078.2,7473.59291,misty,misty
8899,21078.2,7473.59291,misty,misty
8900,21078.2,7473.59291,misty,misty
8901,21078.2,7473.59291,misty,misty
8902,21078.2,7473.59291,misty,misty
8903,21078.2,7473.59291,misty,misty
8904,21078.2,7473.59291,misty,misty
8905,21078.2,7473.59291,misty,misty
8906,21078.2,7473.59291,misty,misty
8907,21078.2,7473.59291,misty,misty
8908,21078.2,7473.59291,misty,misty
8909,21078.2,7473.59291,misty,misty
8910,21078.2,7473.59291,misty,misty
8911,21078.2,7473.59291,misty,misty
8912,21078.2,7473.59291,misty,misty
8913,21078.2,7473.59291,misty,misty
8914,21078.2,7473.59291,misty,misty
8915,21078.2,7473.59291,misty,misty
8916,21078.2,7473.59291,misty,misty
8917,21078.2,7473.59291,misty,misty
8918,21078.2,7473.59291,misty,misty
8919,21078.2,7473.59291,misty,misty
8920,21078.2,7473.59291,misty,misty
8921,21078.2,7473.59291,misty,misty
8922,21078.2,7473.59291,misty,misty
8923,21078.2,7473.59291,misty,misty
8924,21078.2,7473.59291,misty,misty
8925,21078.2,7473.59291,misty,misty
8926,21078.2,7473.59291,misty,misty
8927,21078.2,7473.59291,misty,misty
8928,21078.2,7473.59291,misty,misty
8929,21078.2,7473.59291,misty,misty
8930,21078.2,7473.59291,misty,misty
8931,21078.2,7473.59291,misty,misty
8932,8257.3,4415.96319,misty,misty
8933,8257.3,4415.96319,misty,misty
8934,8257.3,4415.96319,misty,misty
8935,8257.3,4415.96319,misty,misty
8936,8257.3,4415.96319,misty,misty
8937,8257.3,4415.96319,misty,misty
8938,8257.3,4415.96319,misty,misty
8939,8257.3,4415.96319,misty,misty
8940,8257.3,4415.96319,misty,misty
8941,8257.3,4415.96319,misty,misty
8942,8257.3,4415.96319,misty,misty
8943,8257.3,4415.96319,misty,misty
8944,8257.3,4415.96319,misty,misty
8945,8257.3,4415.96319,misty,misty
8946,8257.3,4415.96319,misty,misty
8947,8257.3,4415.96319,misty,misty
8948,8257.3,4415.96319,misty,misty
8949,8257.3,4415.96319,misty,misty
8950,8257.3,4415.96319,misty,misty
8951,8257.3,4415.96319,misty,misty
8952,8257.3,4415.96319,misty,misty
8953,8257.3,4415.96319,misty,misty
8954,8257.3,4415.96319,misty,misty
8955,8257.3,4415.96319,misty,misty
8956,8257.3,4415.96319,misty,misty
8957,8257.3,4415.96319,misty,misty
8958,8257.3,4415.96319,misty,misty
8959,8257.3,4415.96319,misty,misty
8960,8257.3,4415.96319,misty,misty
8961,8257.3,4415.96319,misty,misty
8962,8257.3,4415.96319,misty,misty
8963,8257.3,4415.96319,misty,misty
8964,8257.3,4415.96319,misty,misty
8965,8257.3,4415.96319,misty,misty
8966,8257.3,4415.96319,misty,misty
8967,8257.3,4415.96319,misty,misty
8968,8257.3,4415.96319,misty,misty
8969,8257.3,4415.96319,misty,misty
8970,8257.3,4415.96319,misty,misty
8971,8257.3,4415.96319,misty,misty
8972,8257.3,4415.96319,misty,misty
8973,8257.3,4415.96319,misty,misty
8974,8257.3,4415.96319,misty,misty
8975,8257.3,4415.96319,misty,misty
8976,8257.3,4415.96319,misty,misty
8977,8257.3,4415.96319,misty,misty
8978,8257.3,4415.96319,misty,misty
8979,8257.3,4415.96319,misty,misty
8980,8257.3,4415.96319,misty,misty
8981,8257.3,4415.96319,misty,misty
8982,8257.3,4415.96319,misty,misty
8983,8257.3,4415.96319,misty,misty
8984,8257.3,4415.96319,misty,misty
8985,8257.3,4415.96319,misty,misty
8986,10797.8,1226.09225,misty,misty
8987,10797.8,1088.09471,misty,misty
8988,10797.8,1088.09471,misty,misty
8989,10797.8,1088.09471,misty,misty
8990,10797.8,1088.09471,misty,misty
8991,10797.8,1088.09471,misty,misty
8992,10797.8,1088.09471,misty,misty
8993,10797.8,1088.09471,misty,misty
8994,10797.8,1088.09471,misty,misty
8995,10797.8,1088.09471,misty,misty
8996,10797.8,1088.09471,misty,misty
8997,10797.8,1088.09471,misty,misty
8998,10797.8,1088.09471,misty,misty
8999,10797.8,1088.09471,misty,misty
9000,10797.8,1088.09471,misty,misty
9001,10797.8,1088.09471,misty,misty
9002,10797.8,1088.09471,misty,misty
9003,10797.8,1088.09471,misty,misty
9004,10797.8,1088.09471,misty,misty
9005,10797.8,1088.09471,misty,misty
9006,10797.8,1088.09471,misty,misty
9007,10797.8,1088.09471,misty,misty
9008,10797.8,1088.09471,misty,misty
9009,10797.8,1088.09471,misty,misty
9010,10797.8,1088.09471,misty,misty
9011,10797.8,1088.09471,misty,misty
9012,28950.2,9657.66342,misty,misty
9013,28950.2,8693.73511,misty,misty
9014,28950.2,8693.73511,misty,misty
9015,28950.2,8693.73511,misty,misty
9016,28950.2,8693.73511,misty,misty
9017,28950.2,8693.73511,misty,misty
9018,28950.2,8693.73511,misty,misty
9019,28950.2,8693.73511,misty,misty
9020,28950.2,8693.73511,misty,misty
9021,28950.2,8693.73511,misty,misty
9022,28950.2,8693.73511,misty,misty
9023,28950.2,8693.73511,misty,misty
9024,28950.2,8693.73511,misty,misty
9025,28950.2,8693.73511,misty,misty
9026,28950.2,8693.73511,misty,misty
9027,28950.2,8693.73511,misty,misty
9028,28950.2,8693.73511,misty,misty
9029,28950.2,8693.73511,misty,misty
9030,28950.2,8693.73511,misty,misty
9031,28950.2,8693.73511,misty,misty
9032,28950.2,8693.73511,misty,misty
9033,28950.2,8693.73511,misty,misty
9034,28950.2,8693.73511,misty,misty
9035,28950.2,8693.73511,misty,misty
9036,28950.2,8693.73511,misty,misty
9037,28950.2,8693.73511,misty,misty
9038,28950.2,8693.73511,misty,misty
9039,28950.2,8693.73511,misty,misty
9040,28950.2,8693.73511,misty,misty
9041,28950.2,8693.73511,misty,misty
9042,28950.2,8693.73511,misty,misty
9043,28950.2,8693.73511,misty,misty
9044,28950.2,8693.73511,misty,misty
9045,28950.2,8693.73511,misty,misty
9046,28950.2,8693.73511,misty,misty
9047,28950.2,8693.73511,misty,misty
9048,28950.2,8693.73511,misty,misty
9049,28950.2,8693.73511,misty,misty
9050,28950.2,8693.73511,misty,misty
9051,28950.2,8693.73511,misty,misty
9052,28950.2,8693.73511,misty,misty
9053,28950.2,8693.73511,misty,misty
9054,28950.2,8693.73511,misty,misty
9055,28950.2,8693.73511,misty,misty
9056,18681.6,1368.41736,misty,misty
9057,18681.6,1368.41736,misty,misty
9058,18681.6,1368.41736,misty,misty
9059,18681.6,1368.41736,misty,misty
9060,18681.6,1368.41736,misty,misty
9061,18681.6,1368.41736,misty,misty
9062,18681.6,1368.41736,misty,misty
9063,18681.6,1368.41736,misty,misty
9064,18681.6,1368.41736,misty,misty
9065,18681.6,1368.41736,misty,misty
9066,18681.6,1368.41736,misty,misty
9067,18681.6,1368.41736,misty,misty
9068,18681.6,1368.41736,misty,misty
9069,18681.6,1368.41736,misty,misty
9070,18681.6,1368.41736,misty,misty
9071,18681.6,1368.41736,misty,misty
9072,18681.6,1368.41736,misty,misty
9073,18681.6,1368.41736,misty,misty
9074,18681.6,1368.41736,misty,misty
9075,18681.6,1368.41736,misty,misty
9076,18681.6,1368.41736,misty,misty
9077,18681.6,1368.41736,misty,misty
9078,18681.6,1368.41736,misty,misty
9079,18681.6,1368.41736,misty,misty
9080,18681.6,1368.41736,misty,misty
9081,18681.6,1368.41736,misty,misty
9082,18681.6,1368.41736,misty,misty
9083,18681.6,1368.41736,misty,misty
9084,18681.6,1368.41736,misty,misty
9085,18681.6,1368.41736,misty,misty
9086,18681.6,1368.41736,misty,misty
9087,18681.6,1368.41736,misty,misty
9088,18681.6,1368.41736,misty,misty
9089,18681.6,1368.41736,misty,misty
9090,18681.6,1368.41736,misty,misty
9091,18681.6,1368.41736,misty,misty
9092,18681.6,1368.41736,misty,misty
9093,18681.6,1368.41736,misty,misty
9094,18681.6,1368.41736,misty,misty
9095,18681.6,1368.41736,misty,misty
9096,18681.6,1368.41736,misty,misty
9097,18681.6,1368.41736,misty,misty
9098,18681.6,1368.41736,misty,misty
9099,18681.6,1368.41736,misty,misty
9100,18681.6,1368.41736,misty,misty
9101,18681.6,1368.41736,misty,misty
9102,18681.6,1368.41736,misty,misty
9103,18681.6,1368.41736,misty,misty
9104,18681.6,1368.41736,misty,misty
9105,18681.6,1368.41736,misty,misty
9106,18681.6,1368.41736,misty,misty
9107,18681.6,1368.41736,misty,misty
9108,18681.6,1368.41736,misty,misty
9109,18681.6,1368.41736,misty,misty
9110,18681.6,1368.41736,misty,misty
9111,18681.6,1368.41736,misty,misty
9112,18681.6,1368.41736,misty,misty
9113,18681.6,1368.41736,misty,misty
9114,18681.6,1368.41736,misty,misty
9115,18681.6,1368.41736,misty,misty
9116,18681.6,1368.41736,misty,misty
9117,18681.6,1368.41736,misty,misty
9118,18681.6,1368.41736,misty,misty
9119,18681.6,1368.41736,misty,misty
9120,18681.6,1368.41736,misty,misty
9121,18681.6,1368.41736,misty,misty
9122,18681.6,1368.41736,misty,misty
9123,18681.6,1368.41736,misty,misty
9124,18681.6,1368.41736,misty,misty
9125,18681.6,1368.41736,misty,misty
9126,18681.6,1368.41736,misty,misty
9127,18681.6,1368.41736,misty,misty
9128,18681.6,1368.41736,misty,misty
9129,18681.6,1368.41736,misty,misty
9130,18681.6,1368.41736,misty,misty
9131,18681.6,1368.41736,misty,misty
9132,18681.6,1368.41736,misty,misty
9133,18681.6,1368.41736,misty,misty
9134,18681.6,1368.41736,misty,misty
9135,18681.6,1368.41736,misty,misty
9136,18681.6,1368.41736,misty,misty
9137,18681.6,1368.41736,misty,misty
9138,18681.6,1368.41736,misty,misty
9139,18681.6,1368.41736,misty,misty
9140,18681.6,1368.41736,misty,misty
9141,18681.6,1368.41736,misty,misty
9142,18681.6,1368.41736,misty,misty
9143,18681.6,1368.41736,misty,misty
9144,18681.6,1368.41736,misty,misty
9145,18681.6,1368.41736,misty,misty
9146,18681.6,1368.41736,misty,misty
9147,18681.6,1368.41736,misty,misty
9148,18681.6,1368.41736,misty,misty
9149,18681.6,1368.41736,misty,misty
9150,18681.6,1368.41736,misty,misty
9151,18681.6,1368.41736,misty,misty
9152,18681.6,1368.41736,misty,misty
9153,18681.6,1368.41736,misty,misty
9154,18681.6,1368.41736,misty,misty
9155,18681.6,1368.41736,misty,misty
9156,18681.6,1368.41736,misty,misty
9157,18681.6,1368.41736,misty,misty
9158,18681.6,1368.41736,misty,misty
9159,18681.6,1368.41736,misty,misty
9160,18681.6,1368.41736,misty,misty
9161,18681.6,1368.41736,misty,misty
9162,18681.6,1368.41736,misty,misty
9163,18681.6,1368.41736,misty,misty
9164,18681.6,1368.41736,misty,misty
9165,18681.6,1368.41736,misty,misty
9168,25828.1,10020.22026,misty,misty
9170,25828.1,10020.22026,misty,misty
9172,25828.1,10020.22026,misty,misty
9174,25828.1,10020.22026,misty,misty
9176,25828.1,10020.22026,misty,misty
9178,25828.1,10020.22026,misty,misty
9180,25828.1,10020.22026,misty,misty
9182,25828.1,10020.22026,misty,misty
9184,25828.1,10020.22026,misty,misty
9186,25828.1,10020.22026,misty,misty
9188,25828.1,10020.22026,misty,misty
9190,25828.1,10020.22026,misty,misty
9192,25828.1,10020.22026,misty,misty
9194,25828.1,10020.22026,misty,misty
9196,25828.1,10020.22026,misty,misty
9198,25828.1,10020.22026,misty,misty
9200,25828.1,10020.22026,misty,misty
9202,25828.1,10020.22026,misty,misty
9204,25828.1,10020.22026,misty,misty
9206,25828.1,10020.22026,misty,misty
9208,25828.1,10020.22026,misty,misty
9209,25828.1,10020.22026,misty,misty
9210,25828.1,10020.22026,misty,misty
9211,25828.1,10020.22026,misty,misty
9212,25828.1,10020.22026,misty,misty
9213,25828.1,10020.22026,misty,misty
9214,25828.1,10020.22026,misty,misty
9215,25828.1,10020.22026,misty,misty
9216,25828.1,10020.22026,misty,misty
9217,25828.1,10020.22026,misty,misty
9218,25828.1,10020.22026,misty,misty
9219,25828.1,10020.22026,misty,misty
9220,25828.1,10020.22026,misty,misty
9221,25828.1,10020.22026,misty,misty
9222,25828.1,10020.22026,misty,misty
9223,25828.1,10020.22026,misty,misty
9224,25828.1,10020.22026,misty,misty
9225,25828.1,10020.22026,misty,misty
9226,25828.1,10020.22026,misty,misty
9227,25828.1,10020.22026,misty,misty
9228,25828.1,10020.22026,misty,misty
9229,25828.1,10020.22026,misty,misty
9230,25828.1,10020.22026,misty,misty
9231,25828.1,10020.22026,misty,misty
9232,25828.1,10020.22026,misty,misty
9233,25828.1,10020.22026,misty,misty
9234,25828.1,10020.22026,misty,misty
9235,14589.2,7790.30469,misty,misty
9236,14589.2,8153.83479,misty,misty
9237,14589.2,8153.83479,misty,misty
9238,14589.2,8153.83479,misty,misty
9239,14589.2,8153.83479,misty,misty
9240,14589.2,8153.83479,misty,misty
9241,14589.2,8153.83479,misty,misty
9242,14589.2,8153.83479,misty,misty
9243,14589.2,8153.83479,misty,misty
9244,14589.2,8153.83479,misty,misty
9245,14589.2,8153.83479,misty,misty
9246,14589.2,8153.83479,misty,misty
9247,14589.2,8153.83479,misty,misty
9248,14589.2,8153.83479,misty,misty
9249,14589.2,8153.83479,misty,misty
9250,14589.2,8153.83479,misty,misty
9251,14589.2,8153.83479,misty,misty
9252,14589.2,8153.83479,misty,misty
9253,14589.2,8153.83479,misty,misty
9254,14589.2,8153.83479,misty,misty
9255,14589.2,8153.83479,misty,misty
9256,14589.2,8153.83479,misty,misty
9257,14589.2,8153.83479,misty,misty
9258,14589.2,8153.83479,misty,misty
9259,14589.2,8153.83479,misty,misty
9260,14589.2,8153.83479,misty,misty
9261,14589.2,8153.83479,misty,misty
9262,14589.2,8153.83479,misty,misty
9263,14589.2,8153.83479,misty,misty
9264,14589.2,8153.83479,misty,misty
9265,14589.2,8153.83479,misty,misty
9266,14589.2,8153.83479,misty,misty
9267,14589.2,8153.83479,misty,misty
9268,14589.2,8153.83479,misty,misty
9269,14589.2,8153.83479,misty,misty
9270,14589.2,8153.83479,misty,misty
9271,14589.2,8153.83479,misty,misty
9272,14589.2,8153.83479,misty,misty
9273,14589.2,8153.83479,misty,misty
9274,14589.2,8153.83479,misty,misty
9275,14589.2,8153.83479,misty,misty
9276,14589.2,8153.83479,misty,misty
9277,14589.2,8153.83479,misty,misty
9278,14589.2,8153.83479,misty,misty
9279,14589.2,8153.83479,misty,misty
9280,14589.2,8153.83479,misty,misty
9281,14589.2,8153.83479,misty,misty
9282,14589.2,8153.83479,misty,misty
9283,14589.2,8153.83479,misty,misty
9284,14589.2,8153.83479,misty,misty
9285,14589.2,8153.83479,misty,misty
9286,14589.2,8153.83479,misty,misty
9287,14589.2,8153.83479,misty,misty
9288,14589.2,8153.83479,misty,misty
9289,14589.2,8153.83479,misty,misty
9290,14589.2,8153.83479,misty,misty
9291,14589.2,8153.83479,misty,misty
9292,14589.2,8153.83479,misty,misty
9293,14589.2,8153.83479,misty,misty
9294,14589.2,8153.83479,misty,misty
9295,14589.2,8153.83479,misty,misty
9296,14589.2,8153.83479,misty,misty
9297,14589.2,8153.83479,misty,misty
9298,14589.2,8153.83479,misty,misty
9299,14589.2,8153.83479,misty,misty
9300,14589.2,8153.83479,misty,misty
9301,14589.2,8153.83479,misty,misty
9302,14589.2,8153.83479,misty,misty
9303,5352.2,2000.04463,misty,misty
9304,5352.2,1763.46631,misty,misty
9305,5352.2,1763.46631,misty,misty
9306,5352.2,1763.46631,misty,misty
9307,5352.2,1763.46631,misty,misty
9308,5352.2,1763.46631,misty,misty
9309,5352.2,1763.46631,misty,misty
9310,5352.2,1763.46631,misty,misty
9311,5352.2,1763.46631,misty,misty
9312,5352.2,1763.46631,misty,misty
9313,5352.2,1763.46631,misty,misty
9314,5352.2,1763.46631,misty,misty
9315,5352.2,1763.46631,misty,misty
9316,5352.2,1763.46631,misty,misty
9317,5352.2,1763.46631,misty,misty
9318,5352.2,1763.46631,misty,misty
9319,5352.2,1763.46631,misty,misty
9320,5352.2,1763.46631,misty,misty
9321,5352.2,1763.46631,misty,misty
9322,5352.2,1763.46631,misty,misty
9323,5352.2,1763.46631,misty,misty
9324,5352.2,1763.46631,misty,misty
9325,5352.2,1763.46631,misty,misty
9326,5352.2,1763.46631,misty,misty
9327,5352.2,1763.46631,misty,misty
9328,5352.2,1763.46631,misty,misty
9329,5352.2,1763.46631,misty,misty
9330,5352.2,1763.46631,misty,misty
9331,5352.2,1763.46631,misty,misty
9332,5352.2,1763.46631,misty,misty
9333,5352.2,1763.46631,misty,misty
9334,5352.2,1763.46631,misty,misty
9335,5352.2,1763.46631,misty,misty
9336,5352.2,1763.46631,misty,misty
9337,5352.2,1763.46631,misty,misty
9338,5352.2,1763.46631,misty,misty
9339,5352.2,1763.46631,misty,misty
9340,5352.2,1763.46631,misty,misty
9341,5352.2,1763.46631,misty,misty
9342,5352.2,1763.46631,misty,misty
9343,5352.2,1763.46631,misty,misty
9344,5352.2,1763.46631,misty,misty
9345,5352.2,1763.46631,misty,misty
9346,5352.2,1763.46631,misty,misty
9347,11845.3,6140.60211,misty,misty
9348,11845.3,6140.60211,misty,misty
9349,11845.3,6140.60211,misty,misty
9350,11845.3,6140.60211,misty,misty
9351,11845.3,6140.60211,misty,misty
9352,11845.3,6140.60211,misty,misty
9353,11845.3,6140.60211,misty,misty
9354,11845.3,6140.60211,misty,misty
9355,11845.3,6140.60211,misty,misty
9356,11845.3,6140.60211,misty,misty
9357,11845.3,6140.60211,misty,misty
9358,11845.3,6140.60211,misty,misty
9359,11845.3,6140.60211,misty,misty
9360,11845.3,6140.60211,misty,misty
9361,11845.3,6140.60211,misty,misty
9362,11845.3,6140.60211,misty,misty
9363,11845.3,6140.60211,misty,misty
9364,11845.3,6140.60211,misty,misty
9365,11845.3,6140.60211,misty,misty
9366,11845.3,6140.60211,misty,misty
9367,11845.3,6140.60211,misty,misty
9368,11845.3,6140.60211,misty,misty
9369,11845.3,6140.60211,misty,misty
9370,11845.3,6140.60211,misty,misty
9371,11845.3,6140.60211,misty,misty
9372,11845.3,6140.60211,misty,misty
9373,11845.3,6140.60211,misty,misty
9374,11845.3,6140.60211,misty,misty
9375,11845.3,6140.60211,misty,misty
9376,11845.3,6140.60211,misty,misty
9377,11845.3,6140.60211,misty,misty
9378,11845.3,6140.60211,misty,misty
9379,11845.3,6140.60211,misty,misty
9380,11845.3,6140.60211,misty,misty
9381,11845.3,6140.60211,misty,misty
9382,11845.3,6140.60211,misty,misty
9383,11845.3,6140.60211,misty,misty
9384,11845.3,6140.60211,misty,misty
9385,11845.3,6140.60211,misty,misty
9386,11845.3,6140.60211,misty,misty
9387,11845.3,6140.60211,misty,misty
9388,11845.3,6140.60211,misty,misty
9389,11845.3,6140.60211,misty,misty
9390,11845.3,6140.60211,misty,misty
9391,11845.3,6140.60211,misty,misty
9392,11845.3,6140.60211,misty,misty
9393,11845.3,6140.60211,misty,misty
9394,11845.3,6140.60211,misty,misty
9395,11845.3,6140.60211,misty,misty
9396,11845.3,6140.60211,misty,misty
9397,11845.3,6140.60211,misty,misty
9398,11845.3,6140.60211,misty,misty
9399,11845.3,6140.60211,misty,misty
9400,11845.3,6140.60211,misty,misty
9401,11845.3,6140.60211,misty,misty
9402,11845.3,6140.60211,misty,misty
9403,11845.3,6140.60211,misty,misty
9404,11845.3,6140.60211,misty,misty
9405,11845.3,6140.60211,misty,misty
9406,11845.3,6140.60211,misty,misty
9407,3982.5,8484.62847,misty,misty
9408,3982.5,9077.30560,misty,misty
9409,3982.5,9077.30560,misty,misty
9410,3982.5,9077.30560,misty,misty
9411,3982.5,9077.30560,misty,misty
9412,3982.5,9077.30560,misty,misty
9413,3982.5,9077.30560,misty,misty
9414,3982.5,9077.30560,misty,misty
9415,3982.5,9077.30560,misty,misty
9416,3982.5,9077.30560,misty,misty
9417,3982.5,9077.30560,misty,misty
9418,3982.5,9077.30560,misty,misty
9419,3982.5,9077.30560,misty,misty
9420,3982.5,9077.30560,misty,misty
9421,3982.5,9077.30560,misty,misty
9422,3982.5,9077.30560,misty,misty
9423,3982.5,9077.30560,misty,misty
9424,3982.5,9077.30560,misty,misty
9425,3982.5,9077.30560,misty,misty
9426,3982.5,9077.30560,misty,misty
9427,5422.3,3938.96944,misty,misty
9428,5422.3,3938.96944,misty,misty
9429,5422.3,3938.96944,misty,misty
9430,5422.3,3938.96944,misty,misty
9431,5422.3,3938.96944,misty,misty
9432,5422.3,3938.96944,misty,misty
9433,5422.3,3938.96944,misty,misty
9434,5422.3,3938.96944,misty,misty
9435,5422.3,3938.96944,misty,misty
9436,5422.3,3938.96944,misty,misty
9437,5422.3,3938.96944,misty,misty
9438,5422.3,3938.96944,misty,misty
9439,5422.3,3938.96944,misty,misty
9440,5422.3,3938.96944,misty,misty
9441,5422.3,3938.96944,misty,misty
9442,5422.3,3938.96944,misty,misty
9443,5422.3,3938.96944,misty,misty
9444,5422.3,3938.96944,misty,misty
9445,5422.3,3938.96944,misty,misty
9446,5422.3,3938.96944,misty,misty
9447,5422.3,3938.96944,misty,misty
9448,5422.3,3938.96944,misty,misty
9449,5422.3,3938.96944,misty,misty
9450,5422.3,3938.96944,misty,misty
9451,5422.3,3938.96944,misty,misty
9452,5422.3,3938.96944,misty,misty
9453,5422.3,3938.96944,misty,misty
9454,5422.3,3938.96944,misty,misty
9455,5422.3,3938.96944,misty,misty
9456,5422.3,3938.96944,misty,misty
9457,5422.3,3938.96944,misty,misty
9458,5422.3,3938.96944,misty,misty
9459,5422.3,3938.96944,misty,misty
9460,5422.3,3938.96944,misty,misty
9461,5422.3,3938.96944,misty,misty
9462,5422.3,3938.96944,misty,misty
9463,5422.3,3938.96944,misty,misty
9464,5422.3,3938.96944,misty,misty
9465,5422.3,3938.96944,misty,misty
9466,5422.3,3938.96944,misty,misty
9467,5422.3,3938.96944,misty,misty
9468,5422.3,3938.96944,misty,misty
9469,5422.3,3938.96944,misty,misty
9470,5422.3,3938.96944,misty,misty
9471,5422.3,3938.96944,misty,misty
9472,5422.3,3938.96944,misty,misty
9473,5422.3,3938.96944,misty,misty
9474,5422.3,3938.96944,misty,misty
9475,5422.3,3938.96944,misty,misty
9476,5422.3,3938.96944,misty,misty
9477,5422.3,3938.96944,misty,misty
9478,5422.3,3938.96944,misty,misty
9479,5422.3,3938.96944,misty,misty
9480,5422.3,3938.96944,misty,misty
9481,5422.3,3938.96944,misty,misty
9482,5422.3,3938.96944,misty,misty
9483,5422.3,3938.96944,misty,misty
9484,5422.3,3938.96944,misty,misty
9485,5422.3,3938.96944,misty,misty
9486,5422.3,3938.96944,misty,misty
9487,5422.3,3938.96944,misty,misty
9488,5422.3,3938.96944,misty,misty
9489,5422.3,3938.96944,misty,misty
9490,5422.3,3938.96944,misty,misty
9491,5422.3,3938.96944,misty,misty
9492,5422.3,3938.96944,misty,misty
9493,5422.3,3938.96944,misty,misty
9494,5422.3,3938.96944,misty,misty
9495,5422.3,3938.96944,misty,misty
9496,5422.3,3938.96944,misty,misty
9497,5422.3,3938.96944,misty,misty
9498,5422.3,3938.96944,misty,misty
9499,5422.3,3938.96944,misty,misty
9500,5422.3,3938.96944,misty,misty
9501,5422.3,3938.96944,misty,misty
9502,5422.3,3938.96944,misty,misty
9503,5422.3,3938.96944,misty,misty
9504,5422.3,3938.96944,misty,misty
9505,5422.3,3938.96944,misty,misty
9506,5422.3,3938.96944,misty,misty
9507,5422.3,3938.96944,misty,misty
9508,5422.3,3938.96944,misty,misty
9509,5422.3,3938.96944,misty,misty
9510,5422.3,3938.96944,misty,misty
9511,5422.3,3938.96944,misty,misty
9512,5422.3,3938.96944,misty,misty
9513,5422.3,3938.96944,misty,misty
9514,5422.3,3938.96944,misty,misty
9515,5422.3,3938.96944,misty,misty
9516,5422.3,3938.96944,misty,misty
9517,5422.3,3938.96944,misty,misty
9518,5422.3,3938.96944,misty,misty
9519,5422.3,3938.96944,misty,misty
9520,5422.3,3938.96944,misty,misty
9521,5422.3,3938.96944,misty,misty
9522,5422.3,3938.96944,misty,misty
9523,5422.3,3938.96944,misty,misty
9524,5422.3,3938.96944,misty,misty
9525,5422.3,3938.96944,misty,misty
9526,5422.3,3938.96944,misty,misty
9527,5422.3,3938.96944,misty,misty
9528,5422.3,3938.96944,misty,misty
9529,5422.3,3938.96944,misty,misty
9530,5422.3,3938.96944,misty,misty
9531,5422.3,3938.96944,misty,misty
9532,5422.3,3938.96944,misty,misty
9533,5422.3,3938.96944,misty,misty
9534,5422.3,3938.96944,misty,misty
9535,5422.3,3938.96944,misty,misty
9536,5422.3,3938.96944,misty,misty
9537,5422.3,3938.96944,misty,misty
9538,5422.3,3938.96944,misty,misty
9539,5422.3,3938.96944,misty,misty
9540,5422.3,3938.96944,misty,misty
9541,5422.3,3938.96944,misty,misty
9542,5422.3,3938.96944,misty,misty
9543,5422.3,3938.96944,misty,misty
9544,8198.0,10055.73972,misty,misty
9545,8198.0,10055.73972,misty,misty
9546,8198.0,10055.73972,misty,misty
9547,8198.0,10055.73972,misty,misty
9548,8198.0,10055.73972,misty,misty
9549,8198.0,10055.73972,misty,misty
9550,8198.0,10055.73972,misty,misty
9551,8198.0,10055.73972,misty,misty
9552,8198.0,10055.73972,misty,misty
9553,8198.0,10055.73972,misty,misty
9554,8198.0,10055.73972,misty,misty
9555,8198.0,10055.73972,misty,misty
9556,8198.0,10055.73972,misty,misty
9557,8198.0,10055.73972,misty,misty
9558,8198.0,10055.73972,misty,misty
9559,8198.0,10055.73972,misty,misty
9560,8198.0,10055.73972,misty,misty
9561,8198.0,10055.73972,misty,misty
9562,8198.0,10055.73972,misty,misty
9563,8198.0,10055.73972,misty,misty
9564,8198.0,10055.73972,misty,misty
9565,8198.0,10055.73972,misty,misty
9566,8198.0,10055.73972,misty,misty
9567,8198.0,10055.73972,misty,misty
9568,8198.0,10055.73972,misty,misty
9569,8198.0,10055.73972,misty,misty
9570,8198.0,10055.73972,misty,misty
9571,8198.0,10055.73972,misty,misty
9572,8198.0,10055.73972,misty,misty
9573,8198.0,10055.73972,misty,misty
9574,8198.0,10055.73972,misty,misty
9575,8198.0,10055.73972,misty,misty
9576,8198.0,10055.73972,misty,misty
9577,8198.0,10055.73972,misty,misty
9578,8198.0,10055.73972,misty,misty
9579,8198.0,10055.73972,misty,misty
9580,8198.0,10055.73972,misty,misty
9581,8198.0,10055.73972,misty,misty
9582,8198.0,10055.73972,misty,misty
9583,8198.0,10055.73972,misty,misty
9584,8198.0,10055.73972,misty,misty
9585,8198.0,10055.73972,misty,misty
9586,8198.0,10055.73972,misty,misty
9587,8198.0,10055.73972,misty,misty
9588,8198.0,10055.73972,misty,misty
9589,8198.0,10055.73972,misty,misty
9590,8198.0,10055.73972,misty,misty
9591,8198.0,10055.73972,misty,misty
9592,8198.0,10055.73972,misty,misty
9593,8198.0,10055.73972,misty,misty
9594,8198.0,10055.73972,misty,misty
9595,8198.0,10055.73972,misty,misty
9596,8198.0,10055.73972,misty,misty
9597,8198.0,10055.73972,misty,misty
9598,8198.0,10055.73972,misty,misty
9599,8198.0,10055.73972,misty,misty
9600,8198.0,10055.73972,misty,misty
9601,8198.0,10055.73972,misty,misty
9602,8198.0,10055.73972,misty,misty
9603,8198.0,10055.73972,misty,misty
9604,8198.0,10055.73972,misty,misty
9605,8198.0,10055.73972,misty,misty
9606,8198.0,10055.73972,misty,misty
9607,8198.0,10055.73972,misty,misty
9608,8198.0,10055.73972,misty,misty
9609,8198.0,10055.73972,misty,misty
9610,8198.0,10055.73972,misty,misty
9611,8198.0,10055.73972,misty,misty
9612,8198.0,10055.73972,misty,misty
9613,8198.0,10055.73972,misty,misty
9614,8198.0,10055.73972,misty,misty
9615,8198.0,10055.73972,misty,misty
9616,8198.0,10055.73972,misty,misty
9617,8198.0,10055.73972,misty,misty
9618,8198.0,10055.73972,misty,misty
9619,8198.0,10055.73972,misty,misty
9620,8198.0,10055.73972,misty,misty
9621,8198.0,10055.73972,misty,misty
9622,8198.0,10055.73972,misty,misty
9623,8198.0,10055.73972,misty,misty
9624,8198.0,10055.73972,misty,misty
9625,8198.0,10055.73972,misty,misty
9626,8198.0,10055.73972,misty,misty
9627,8198.0,10055.73972,misty,misty
9628,8198.0,10055.73972,misty,misty
9629,8198.0,10055.73972,misty,misty
9630,8198.0,10055.73972,misty,misty
9631,8198.0,10055.73972,misty,misty
9632,8198.0,10055.73972,misty,misty
9633,8198.0,10055.73972,misty,misty
9634,8198.0,10055.73972,misty,misty
9635,8198.0,10055.73972,misty,misty
9636,8198.0,10055.73972,misty,misty
9637,8198.0,10055.73972,misty,misty
9638,8198.0,10055.73972,misty,misty
9639,8198.0,10055.73972,misty,misty
9640,8198.0,10055.73972,misty,misty
9641,8198.0,10055.73972,misty,misty
9642,8198.0,10055.73972,misty,misty
9643,8198.0,10055.73972,misty,misty
9644,8198.0,10055.73972,misty,misty
9645,8198.0,10055.73972,misty,misty
9646,8198.0,10055.73972,misty,misty
9647,8198.0,10055.73972,misty,misty
9648,8198.0,10055.73972,misty,misty
9649,8198.0,10055.73972,misty,misty
9650,8198.0,10055.73972,misty,misty
9651,8198.0,10055.73972,misty,misty
9652,8198.0,10055.73972,misty,misty
9653,8198.0,10055.73972,misty,misty
9654,8198.0,10055.73972,misty,misty
9655,8198.0,10055.73972,misty,misty
9656,8198.0,10055.73972,misty,misty
9657,8198.0,10055.73972,misty,misty
9658,8198.0,10055.73972,misty,misty
9659,8198.0,10055.73972,misty,misty
9660,3768.2,3941.07346,misty,misty
9661,3768.2,3941.07346,misty,misty
9662,3768.2,3941.07346,misty,misty
9663,3768.2,3941.07346,misty,misty
9664,3768.2,3941.07346,misty,misty
9665,3768.2,3941.07346,misty,misty
9666,7584.2,1637.62833,misty,misty
9667,7584.2,2449.09505,misty,misty
9668,7584.2,2466.44265,misty,misty
9669,7584.2,2472.33753,misty,misty
9670,7584.2,2482.25823,misty,misty
9671,7584.2,2488.40154,misty,misty
9672,7584.2,2498.73161,misty,misty
9673,7584.2,2507.24595,misty,misty
9674,7584.2,2518.01881,misty,misty
9675,7584.2,2526.72244,misty,misty
9676,7584.2,2535.49501,misty,misty
9677,7584.2,2544.40335,misty,misty
9678,7584.2,2553.39152,misty,misty
9679,7584.2,2564.76974,misty,misty
9680,7584.2,2571.65675,misty,misty
9681,7584.2,2585.50780,misty,misty
9682,7584.2,2592.48159,misty,misty
9683,7584.2,2604.08639,misty,misty
9684,7584.2,2615.74863,misty,misty
9685,7584.2,2622.71491,misty,misty
9686,7584.2,2634.39790,misty,misty
9687,7584.2,2641.28075,misty,misty
9688,7584.2,2655.11539,misty,misty
9689,7584.2,2664.38680,misty,misty
9690,7584.2,2673.70965,misty,misty
9691,7584.2,2684.92951,misty,misty
9692,7584.2,2691.68226,misty,misty
9693,7584.2,2704.91595,misty,misty
9694,7584.2,2715.80380,misty,misty
9695,7584.2,2722.17589,misty,misty
9696,7584.2,2726.43484,misty,misty
9697,7584.2,2738.87842,misty,misty
9698,7584.2,2747.10024,misty,misty
9699,7584.2,2754.93015,misty,misty
9700,7584.2,2764.68876,misty,misty
9701,7584.2,2770.17278,misty,misty
9702,7584.2,2779.34052,misty,misty
9703,7584.2,2786.17671,misty,misty
9704,7584.2,2794.66054,misty,misty
9705,7584.2,2799.27604,misty,misty
9706,7584.2,2806.98702,misty,misty
9707,7584.2,2811.27251,misty,misty
9708,7584.2,2818.31717,misty,misty
9709,7584.2,2825.96214,misty,misty
9710,7584.2,2829.70657,misty,misty
9711,7584.2,2834.97046,misty,misty
9712,7584.2,2838.06016,misty,misty
9713,7584.2,2842.62596,misty,misty
9714,7584.2,2845.27031,misty,misty
9715,7584.2,2849.26484,misty,misty
9716,7584.2,2851.54548,misty,misty
9717,7584.2,2855.60532,misty,misty
9718,7584.2,2858.72507,misty,misty
9719,7584.2,2860.26450,misty,misty
9720,7584.2,2862.84482,misty,misty
9721,7584.2,2864.10470,misty,misty
9722,7584.2,2866.18610,misty,misty
9723,7584.2,2867.26791,misty,misty
9724,7584.2,2869.34229,misty,misty
9725,7584.2,2870.53806,misty,misty
9726,7584.2,2871.25290,misty,misty
9727,7584.2,2872.13872,misty,misty
9728,7584.2,2872.65211,misty,misty
9729,7584.2,2873.25366,misty,misty
9730,7584.2,2873.84008,misty,misty
9731,7584.2,2874.01779,misty,misty
9732,7584.2,2874.28368,misty,misty
9733,7584.2,2874.22926,misty,misty
9734,7584.2,2874.16247,misty,misty
9735,7584.2,2873.96375,misty,misty
9736,7584.2,2873.68657,misty,misty
9737,7584.2,2873.50373,misty,misty
9738,7584.2,2873.19637,misty,misty
9739,7584.2,2872.77125,misty,misty
9740,7584.2,2872.39577,misty,misty
9741,7584.2,2871.75426,misty,misty
9742,7584.2,2871.39179,misty,misty
9743,7584.2,2870.58182,misty,misty
9744,7584.2,2870.32647,misty,misty
9745,7584.2,2869.52293,misty,misty
9746,7584.2,2869.14413,misty,misty
9747,7584.2,2868.49659,misty,misty
9748,7584.2,2867.89602,misty,misty
9749,7584.2,2867.45164,misty,misty
9750,7584.2,2866.77468,misty,misty
9751,7584.2,2866.29522,misty,misty
9752,7584.2,2865.41416,misty,misty
9753,7584.2,2865.08882,misty,misty
9754,7584.2,2864.60671,misty,misty
9755,17051.0,10360.53246,misty,misty
9756,17051.0,7938.05900,misty,misty
9757,17051.0,7938.05900,misty,misty
9758,17051.0,7938.05900,misty,misty
9759,17051.0,7938.05900,misty,misty
9760,17051.0,7938.05900,misty,misty
9761,17051.0,7938.05900,misty,misty
9762,17051.0,7938.05900,misty,misty
9763,17051.0,7938.05900,misty,misty
9764,17051.0,7938.05900,misty,misty
9765,17051.0,7938.05900,misty,misty
9766,17053.3,7938.05900,misty,misty
9767,17053.3,7938.05900,misty,misty
9768,17053.3,7938.05900,misty,misty
9769,17053.3,7938.05900,misty,misty
9770,17053.3,7938.05900,misty,misty
9771,17053.3,7938.05900,misty,misty
9772,17053.3,7938.05900,misty,misty
9773,17053.3,7938.05900,misty,misty
9774,17053.3,7938.05900,misty,misty
9775,17053.3,7938.05900,misty,misty
9776,17053.3,7938.05900,misty,misty
9777,17053.3,7938.05900,misty,misty
9778,17053.3,7938.05900,misty,misty
9779,17053.3,7938.05900,misty,misty
9780,17053.3,7938.05900,misty,misty
9781,17053.3,7938.05900,misty,misty
9782,17053.3,7938.05900,misty,misty
9783,17053.3,7938.05900,misty,misty
9784,17053.3,7938.05900,misty,misty
9785,17053.3,7938.05900,misty,misty
9786,17053.3,7938.05900,misty,misty
9787,17053.3,7938.05900,misty,misty
9788,17053.3,7938.05900,misty,misty
9789,17053.3,7938.05900,misty,misty
9790,17053.3,7938.05900,misty,misty
9791,17053.3,7938.05900,misty,misty
9792,17053.3,7938.05900,misty,misty
9793,17053.3,7938.05900,misty,misty
9794,17053.3,7938.05900,misty,misty
9795,17053.3,7938.05900,misty,misty
9796,17053.3,7938.05900,misty,misty
9797,17053.3,7938.05900,misty,misty
9798,17053.3,7938.05900,misty,misty
9799,17053.3,7938.05900,misty,misty
9800,17053.3,7938.05900,misty,misty
9801,17053.3,7938.05900,misty,misty
9802,17053.3,7938.05900,misty,misty
9803,17053.3,7938.05900,misty,misty
9804,17053.3,7938.05900,misty,misty
9805,12149.4,1836.87682,misty,misty
9806,12149.4,1228.02149,misty,misty
9807,12149.4,1228.02149,misty,misty
9808,12149.4,1228.02149,misty,misty
9809,12149.4,1228.02149,misty,misty
9810,12149.4,1228.02149,misty,misty
9811,12149.4,1228.02149,misty,misty
9812,12149.4,1228.02149,misty,misty
9813,12149.4,1228.02149,misty,misty
9814,12149.4,1228.02149,misty,misty
9815,12149.4,1228.02149,misty,misty
9816,12149.4,1228.02149,misty,misty
9817,12149.4,1228.02149,misty,misty
9818,12149.4,1228.02149,misty,misty
9819,12149.4,1228.02149,misty,misty
9820,12149.4,1228.02149,misty,misty
9821,12149.4,1228.02149,misty,misty
9822,12149.4,1228.02149,misty,misty
9823,12149.4,1228.02149,misty,misty
9824,12149.4,1228.02149,misty,misty
9825,12149.4,1228.02149,misty,misty
9826,12149.4,1228.02149,misty,misty
9827,12149.4,1228.02149,misty,misty
9828,12149.4,1228.02149,misty,misty
9829,12149.4,1228.02149,misty,misty
9830,12149.4,1228.02149,misty,misty
9831,12149.4,1228.02149,misty,misty
9832,12149.4,1228.02149,misty,misty
9833,12149.4,1228.02149,misty,misty
9834,12149.4,1228.02149,misty,misty
9835,12149.4,1228.02149,misty,misty
9836,12149.4,1228.02149,misty,misty
9837,12149.4,1228.02149,misty,misty
9838,12149.4,1228.02149,misty,misty
9839,12149.4,1228.02149,misty,misty
9840,12149.4,1228.02149,misty,misty
9841,12149.4,1228.02149,misty,misty
9842,12149.4,1228.02149,misty,misty
9843,12149.4,1228.02149,misty,misty
9844,12149.4,1228.02149,misty,misty
9845,12149.4,1228.02149,misty,misty
9846,12149.4,1228.02149,misty,misty
9847,12149.4,1228.02149,misty,misty
9848,12149.4,1228.02149,misty,misty
9849,12149.4,1228.02149,misty,misty
9850,12149.4,1228.02149,misty,misty
9851,12149.4,1228.02149,misty,misty
9852,12149.4,1228.02149,misty,misty
9853,12149.4,1228.02149,misty,misty
9854,12149.4,1228.02149,misty,misty
9855,12149.4,1228.02149,misty,misty
9856,12149.4,1228.02149,misty,misty
9857,12149.4,1228.02149,misty,misty
9858,12149.4,1228.02149,misty,misty
9859,12149.4,1228.02149,misty,misty
9860,12149.4,1228.02149,misty,misty
9861,12149.4,1228.02149,misty,misty
9862,12149.4,1228.02149,misty,misty
9863,12149.4,1228.02149,misty,misty
9864,12149.4,1228.02149,misty,misty
9865,12149.4,1228.02149,misty,misty
9866,12149.4,1228.02149,misty,misty
9867,12149.4,1228.02149,misty,misty
9868,12149.4,1228.02149,misty,misty
9869,12149.4,1228.02149,misty,misty
9870,12149.4,1228.02149,misty,misty
9871,12149.4,1228.02149,misty,misty
9872,12149.4,1228.02149,misty,misty
9873,2634531.6,6906.72713,misty,misty
9874,2634531.6,9760.37537,misty,misty
9875,2635020.5,9760.37537,misty,misty
9876,2635386.9,9760.37537,misty,misty
9877,2635692.5,9760.37537,misty,misty
9878,2635875.8,9760.37537,misty,misty
9879,2636181.2,9760.37537,misty,misty
9880,2636364.4,9760.37537,misty,misty
9881,2636730.6,9760.37537,misty,misty
9882,2637036.2,9760.37537,misty,misty
9883,2637219.2,9760.37537,misty,misty
9884,2637524.9,9760.37537,misty,misty
9885,2638421.4,5061.79909,misty,misty
9886,2638726.7,5061.79909,misty,misty
9887,2638910.3,5061.79909,misty,misty
9888,2639276.9,5061.79909,misty,misty
9889,2639582.5,5061.79909,misty,misty
9890,2639765.8,5061.79909,misty,misty
9891,2640071.5,5061.79909,misty,misty
9892,2640254.9,5061.79909,misty,misty
9893,2640621.5,5061.79909,misty,misty
9894,2640743.7,5061.79909,misty,misty
9895,2641110.6,5061.79909,misty,misty
9896,2641232.8,5061.79909,misty,misty
9897,2641599.5,5061.79909,misty,misty
9898,2641782.8,5061.79909,misty,misty
9899,2642088.4,5061.79909,misty,misty
9900,2642271.7,5061.79909,misty,misty
9901,2642577.5,5061.79909,misty,misty
9902,2642944.2,5061.79909,misty,misty
9903,2643066.4,5061.79909,misty,misty
9904,2643433.0,5061.79909,misty,misty
9905,2643616.6,5061.79909,misty,misty
9906,2643922.1,5061.79909,misty,misty
9907,2644105.5,5061.79909,misty,misty
9908,2644411.2,5061.79909,misty,misty
9909,2644777.9,5061.79909,misty,misty
9910,2644900.1,5061.79909,misty,misty
9911,2645266.8,5061.79909,misty,misty
9912,2645450.4,5061.79909,misty,misty
9913,2645755.7,5061.79909,misty,misty
9914,2645939.3,5061.79909,misty,misty
9915,2646244.8,5061.79909,misty,misty
9916,2646428.1,5061.79909,misty,misty
9917,2646733.7,5061.79909,misty,misty
9918,2646917.3,5061.79909,misty,misty
9919,2647283.9,5061.79909,misty,misty
9920,2647589.5,5061.79909,misty,misty
9921,2647772.8,5061.79909,misty,misty
9922,2648078.6,5061.79909,misty,misty
9923,2648261.7,5061.79909,misty,misty
9924,2648567.3,5061.79909,misty,misty
9925,2648934.2,5061.79909,misty,misty
9926,2649117.6,5061.79909,misty,misty
9927,2649423.1,5061.79909,misty,misty
9928,2649789.8,5061.79909,misty,misty
9929,2650095.6,5061.79909,misty,misty
9930,2650401.1,5061.79909,misty,misty
9931,2650584.5,5061.79909,misty,misty
9932,2650951.2,5061.79909,misty,misty
9933,2651257.0,5061.79909,misty,misty
9934,2651440.3,5061.79909,misty,misty
9935,2651745.9,5061.79909,misty,misty
9936,2651929.3,5061.79909,misty,misty
9937,2652295.9,5061.79909,misty,misty
9938,2652418.4,5061.79909,misty,misty
9939,2652785.0,5061.79909,misty,misty
9940,2653090.6,5061.79909,misty,misty
9941,2653274.2,5061.79909,misty,misty
9942,2653579.8,5061.79909,misty,misty
9943,2653762.9,5061.79909,misty,misty
9944,2654129.8,5061.79909,misty,misty
9945,2654252.0,5061.79909,misty,misty
9946,2654619.0,5061.79909,misty,misty
9947,2654924.6,5061.79909,misty,misty
9948,2655107.9,5061.79909,misty,misty
9949,2655413.5,5061.79909,misty,misty
9950,2655596.8,5061.79909,misty,misty
9951,2655963.7,5061.79909,misty,misty
9952,2656086.0,5061.79909,misty,misty
9953,2656452.7,5061.79909,misty,misty
9954,2656758.5,5061.79909,misty,misty
9955,2656941.8,5061.79909,misty,misty
9956,2657247.4,5061.79909,misty,misty
9957,2657430.8,5061.79909,misty,misty
9958,2657797.5,5061.79909,misty,misty
9959,2657919.7,5061.79909,misty,misty
9960,2658286.7,5061.79909,misty,misty
9961,2658592.2,5061.79909,misty,misty
9962,2658775.8,5061.79909,misty,misty
9963,2659081.2,5061.79909,misty,misty
9964,2659264.5,5061.79909,misty,misty
9965,2659631.2,5061.79909,misty,misty
9966,2659753.5,5061.79909,misty,misty
9967,2660120.4,5061.79909,misty,misty
9968,2659603.8,12861.03757,misty,misty
9969,2659787.2,12861.03757,misty,misty
9970,2660153.9,12861.03757,misty,misty
9971,2660276.4,12861.03757,misty,misty
9972,2660642.9,12861.03757,misty,misty
9973,2660826.5,12861.03757,misty,misty
9974,2661132.1,12861.03757,misty,misty
9975,2661315.5,12861.03757,misty,misty
9976,2661621.3,12861.03757,misty,misty
9977,2661988.1,12861.03757,misty,misty
9978,2662110.3,12861.03757,misty,misty
9979,2662477.0,12861.03757,misty,misty
9980,2662660.7,12861.03757,misty,misty
9981,2662966.3,12861.03757,misty,misty
9982,2663149.7,12861.03757,misty,misty
9983,2663455.5,12861.03757,misty,misty
9984,2663638.6,12861.03757,misty,misty
9985,2663944.3,12861.03757,misty,misty
9986,2664311.2,12861.03757,misty,misty
9987,2664494.8,12861.03757,misty,misty
9988,2664800.2,12861.03757,misty,misty
9989,2664983.8,12861.03757,misty,misty
9990,2665289.5,12861.03757,misty,misty
9991,2665472.8,12861.03757,misty,misty
9992,2665778.5,12861.03757,misty,misty
9993,2665961.9,12861.03757,misty,misty
9994,2666328.8,12861.03757,misty,misty
9995,2666451.1,12861.03757,misty,misty
9996,2666818.1,12861.03757,misty,misty
9997,2667001.2,12861.03757,misty,misty
9998,2667307.1,12861.03757,misty,misty
9999,2667307.1,12861.03757,misty,misty
10000,3109766.2,9532.43172,misty,misty
10001,3142186.7,9750.81776,village1,misty
10002,3139011.7,11772.07234,village1,misty
10003,3139011.7,11772.07235,village1,misty
10004,3139011.7,11772.07235,village1,misty
10005,3139011.7,11772.07235,village1,misty
10006,3139011.7,11772.07235,village1,misty
10007,3139011.7,11772.07235,village1,misty
10008,3139011.7,11772.07235,village1,misty
10009,3139011.7,11772.07235,village1,misty
10010,3063116.6,6162.88913,village1,misty
10011,3063116.6,3854.62879,village1,misty
10012,3063116.6,3854.62879,village1,misty
10013,3063116.6,3854.62879,village1,misty
10014,3063116.6,3854.62879,village1,misty
10015,3063116.6,3854.62879,village1,misty
10016,3063116.6,3854.62879,village1,misty
10017,3063116.6,3854.62879,village1,misty
10018,3063116.6,3854.62879,village1,misty
10019,3063116.6,3854.62879,village1,misty
10020,3063116.6,3854.62879,village1,misty
10021,3063116.6,3854.62879,village1,misty
10022,3063116.6,3854.62879,village1,misty
10023,3063116.6,3854.62879,village1,misty
10024,3063116.6,3854.62879,village1,misty
10025,3063116.6,3854.62879,village1,misty
10026,3063116.6,3854.62879,village1,misty
10027,3063116.6,3854.62879,village1,misty
10028,3063116.6,3854.62879,village1,misty
10029,3063116.6,3854.62879,village1,misty
10030,3063116.6,3854.62879,village1,misty
10031,3063116.6,3854.62879,village1,misty
10032,3063116.6,3854.62879,village1,misty
10033,3063116.6,3854.62879,village1,misty
10034,3063116.6,3854.62879,village1,misty
10035,3063116.6,3854.62879,village1,misty
10036,3063116.6,3854.62879,village1,misty
10037,3063116.6,3854.62879,village1,misty
10038,3063116.6,3854.62879,village1,misty
10039,3063116.6,3854.62879,village1,misty
10040,3063116.6,3854.62879,village1,misty
10041,3063116.6,3854.62879,village1,misty
10042,3063116.6,3854.62879,village1,misty
10043,3063116.6,3854.62879,village1,misty
10044,3063116.6,3854.62879,village1,misty
10045,3063116.6,3854.62879,village1,misty
10046,3063116.6,3854.62879,village1,misty
10047,3063116.6,3854.62879,village1,misty
10048,3063116.6,3854.62879,village1,misty
10049,3063116.6,3854.62879,village1,misty
10050,3063116.6,3854.62879,village1,misty
10051,3063116.6,3854.62879,village1,misty
10052,3063116.6,3854.62879,village1,misty
10053,3063116.6,3854.62879,village1,misty
10054,3063116.6,3854.62879,village1,misty
10055,3063116.6,3854.62879,village1,misty
10056,3063116.6,3854.62879,village1,misty
10057,3063116.6,3854.62879,village1,misty
10058,3063116.6,3854.62879,village1,misty
10059,3063116.6,3854.62879,village1,misty
10060,3063116.6,3854.62879,village1,misty
10061,3063116.6,3854.62879,village1,misty
10062,3063116.6,3854.62879,village1,misty
10063,3063116.6,3854.62879,village1,misty
10064,3063116.6,3854.62879,village1,misty
10065,3063116.6,3854.62879,village1,misty
10066,3063116.6,3854.62879,village1,misty
10067,3063116.6,3854.62879,village1,misty
10068,3063116.6,3854.62879,village1,misty
10069,3063116.6,3854.62879,village1,misty
10070,3063116.6,3854.62879,village1,misty
10071,3063116.6,3854.62879,village1,misty
10072,3063116.6,3854.62879,village1,misty
10073,3063116.6,3854.62879,village1,misty
10074,3063116.6,3854.62879,village1,misty
10075,3063116.6,3854.62879,village1,misty
10076,3063116.6,3854.62879,village1,misty
10077,3063116.6,3854.62879,village1,misty
10078,3063116.6,3854.62879,village1,misty
10079,3063116.6,3854.62879,village1,misty
10080,3063116.6,3854.62879,village1,misty
10081,3063116.6,3854.62879,village1,misty
10082,3063116.6,3854.62879,village1,misty
10083,3063116.6,3854.62879,village1,misty
10084,3063116.6,3854.62879,village1,misty
10085,3063116.6,3854.62879,village1,misty
10086,3063116.6,3854.62879,village1,misty
10087,3063116.6,3854.62879,village1,misty
10088,3063116.6,3854.62879,village1,misty
10089,3063116.6,3854.62879,village1,misty
10090,3063116.6,3854.62879,village1,misty
10091,3063116.6,3854.62879,village1,misty
10092,3063116.6,3854.62879,village1,misty
10093,3063116.6,3854.62879,village1,misty
10094,3063116.6,3854.62879,village1,misty
10095,3063116.6,3854.62879,village1,misty
10096,3063116.6,3854.62879,village1,misty
10097,3063116.6,3854.62879,village1,misty
10098,3063116.6,3854.62879,village1,misty
10099,3063116.6,3854.62879,village1,misty
10100,3063116.6,3854.62879,village1,misty
10101,3063116.6,3854.62879,village1,misty
10102,3063116.6,3854.62879,village1,misty
10103,3063116.6,3854.62879,village1,misty
10104,3063116.6,3854.62879,village1,misty
10105,3063116.6,3854.62879,village1,misty
10106,3063116.6,3854.62879,village1,misty
10107,3063116.6,3854.62879,village1,misty
10108,3063116.6,3854.62879,village1,misty
10109,3063116.6,3854.62879,village1,misty
10110,3063116.6,3854.62879,village1,misty
10111,3063116.6,3854.62879,village1,misty
10112,3063116.6,3854.62879,village1,misty
10113,3063116.6,3854.62879,village1,misty
10114,3063116.6,3854.62879,village1,misty
10115,3063116.6,3854.62879,village1,misty
10116,3063116.6,3854.62879,village1,misty
10117,3063116.6,3854.62879,village1,misty
10118,3063116.6,3854.62879,village1,misty
10119,3063116.6,3854.62879,village1,misty
10120,3063116.6,3854.62879,village1,misty
10121,3063116.6,3854.62879,village1,misty
10122,3063116.6,3854.62879,village1,misty
10123,3122458.7,4385.50982,village1,misty
10124,3122458.7,5062.16257,village1,misty
10125,3122458.7,5062.16257,village1,misty
10126,3122458.7,5062.16257,village1,misty
10127,3122458.7,5062.16257,village1,misty
10128,3122458.7,5062.16257,village1,misty
10129,3122458.7,5062.16257,village1,misty
10130,3122458.7,5062.16257,village1,misty
10131,3122458.7,5062.16257,village1,misty
10132,3122458.7,5062.16257,village1,misty
10133,3122458.7,5062.16257,village1,misty
10134,3122458.7,5062.16257,village1,misty
10135,3122458.7,5062.16257,village1,misty
10136,3122458.7,5062.16257,village1,misty
10137,3122458.7,5062.16257,village1,misty
10138,3122458.7,5062.16257,village1,misty
10139,3122458.7,5062.16257,village1,misty
10140,3122458.7,5062.16257,village1,misty
10141,3122458.7,5062.16257,village1,misty
10142,3122458.7,5062.16257,village1,misty
10143,3122458.7,5062.16257,village1,misty
10144,3122458.7,5062.16257,village1,misty
10145,3122458.7,5062.16257,village1,misty
10146,3122458.7,5062.16257,village1,misty
10147,3122458.7,5062.16257,village1,misty
10148,3122458.7,5062.16257,village1,misty
10149,3122458.7,5062.16257,village1,misty
10150,3122458.7,5062.16257,village1,misty
10151,3122457.7,5062.16257,village1,misty
10152,3122455.1,5062.16257,village1,misty
10153,3122451.5,5062.16257,village1,misty
10154,3122441.8,5062.16257,village1,misty
10155,3122428.8,5062.16257,village1,misty
10156,3122421.9,5062.16257,village1,misty
10157,3122408.3,5062.16257,village1,misty
10158,3122399.5,5062.16257,village1,misty
10159,3122387.9,5062.16257,village1,misty
10160,3122382.4,5062.16257,village1,misty
10161,3122376.4,5062.16257,village1,misty
10162,3122373.7,5062.16257,village1,misty
10163,3122373.6,5062.16257,village1,misty
10164,3122373.6,5062.16257,village1,misty
10165,3122373.6,5062.16257,village1,misty
10166,3122373.6,5062.16257,village1,misty
10167,3122373.6,5062.16257,village1,misty
10168,3122373.6,5062.16257,village1,misty
10169,3122373.6,5062.16257,village1,misty
10170,3122373.6,5062.16257,village1,misty
10171,3122373.6,5062.16257,village1,misty
10172,3122373.6,5062.16257,village1,misty
10173,3122373.6,5062.16257,village1,misty
10174,3122373.6,5062.16257,village1,misty
10175,3122373.6,5062.16257,village1,misty
10176,3122373.6,5062.16257,village1,misty
10177,3122373.6,5062.16257,village1,misty
10178,3122373.6,5062.16257,village1,misty
10179,3122373.6,5062.16257,village1,misty
10180,3122373.6,5062.16257,village1,misty
10181,3122373.6,5062.16257,village1,misty
10182,3122373.6,5062.16257,village1,misty
10183,3122373.6,5062.16257,village1,misty
10184,3122373.6,5062.16257,village1,misty
10185,3122373.6,5062.16257,village1,misty
10186,3122373.6,5062.16257,village1,misty
10187,3122373.6,5062.16257,village1,misty
10188,3122373.6,5062.16257,village1,misty
10189,3122373.6,5062.16257,village1,misty
10190,3122373.6,5062.16257,village1,misty
10191,3122373.6,5062.16257,village1,misty
10192,3122373.6,5062.16257,village1,misty
10193,3122373.6,5062.16257,village1,misty
10194,3122373.6,5062.16257,village1,misty
10195,3122373.6,5062.16257,village1,misty
10196,3122373.6,5062.16257,village1,misty
10197,3122373.6,5062.16257,village1,misty
10198,3122373.6,5062.16257,village1,misty
10199,3122373.6,5062.16257,village1,misty
10200,3122373.6,5062.16257,village1,misty
10201,3122373.6,5062.16257,village1,misty
10202,3122373.6,5062.16257,village1,misty
10203,3122373.6,5062.16257,village1,misty
10204,3122373.6,5062.16257,village1,misty
10205,3122373.6,5062.16257,village1,misty
10206,3122373.6,5062.16257,village1,misty
10207,3122373.6,5062.16257,village1,misty
10208,3122373.6,5062.16257,village1,misty
10209,3122373.6,5062.16257,village1,misty
10210,3122373.6,5062.16257,village1,misty
10211,3122373.6,5062.16257,village1,misty
10212,3122373.6,5062.16257,village1,misty
10213,3122373.6,5062.16257,village1,misty
10214,3122373.6,5062.16257,village1,misty
10215,3122373.6,5062.16257,village1,misty
10216,3122373.6,5062.16257,village1,misty
10217,3114088.3,5829.29684,village1,misty
10218,3114088.3,7657.88080,village1,misty
10219,3114088.3,7664.28064,village1,misty
10220,3114088.3,7670.72642,village1,misty
10221,3114088.3,7677.21659,village1,misty
10222,3114088.3,7683.72013,village1,misty
10223,3114088.3,7690.38285,village1,misty
10262,3116143.6,7370.16789,village1,misty
10263,3116143.6,7370.62641,village1,misty
10264,3116143.6,7371.36152,village1,misty
10265,3116143.6,7372.92368,village1,misty
10266,3116143.6,7374.77118,village1,misty
10267,3116143.6,7377.37969,village1,misty
10268,3116143.6,7380.26027,village1,misty
10269,3116143.6,7383.79430,village1,misty
10270,3116143.6,7387.57068,village1,misty
10271,3116143.6,7392.09454,village1,misty
10272,3116143.6,7396.90803,village1,misty
10273,3116143.6,7402.42865,village1,misty
10274,3116143.6,7408.23302,village1,misty
10275,3116143.6,7414.52297,village1,misty
10276,3116143.6,7421.01587,village1,misty
10277,3116143.6,7428.05394,village1,misty
10278,3116143.6,7435.32532,village1,misty
10279,3116143.6,7443.18821,village1,misty
10280,3116143.6,7451.31400,village1,misty
10281,3116143.6,7459.74203,village1,misty
10282,3116143.6,7468.31152,village1,misty
10283,3116143.6,7477.31745,village1,misty
10284,3093777.5,10877.05400,village1,misty
10285,3093777.5,12352.30884,village1,misty
10286,3093777.5,12346.53290,village1,misty
10287,3093777.5,12340.65582,village1,misty
10288,3093777.5,12334.72295,village1,misty
10289,3093777.5,12328.77167,village1,misty
10290,3093777.5,12322.80781,village1,misty
10291,3093777.5,12316.85226,village1,misty
10292,3093777.5,12310.89891,village1,misty
10293,3093777.5,12304.99813,village1,misty
10294,3093777.5,12299.12330,village1,misty
10295,3093777.5,12293.24865,village1,misty
10296,3093777.5,12287.36977,village1,misty
10297,3093777.5,12281.51401,village1,misty
10298,3093777.5,12275.66876,village1,misty
10299,3093777.5,12269.87333,village1,misty
10300,3093777.5,12264.10603,village1,misty
10301,3093777.5,12258.49589,village1,misty
10302,3093777.5,12252.98514,village1,misty
10303,3093777.5,12247.51282,village1,misty
10304,3093777.5,12242.06447,village1,misty
10305,3093777.5,12236.72525,village1,misty
10306,3093777.5,12231.46132,village1,misty
10307,3110209.3,4008.70682,village1,misty
10308,3110209.3,4447.67515,village1,misty
10309,3110209.3,4447.67515,village1,misty
10310,3110209.3,4447.67515,village1,misty
10311,3110209.3,4447.67515,village1,misty
10312,3110209.3,4447.67515,village1,misty
10313,3110209.3,4447.67515,village1,misty
10314,3110209.3,4447.67515,village1,misty
10315,3110209.3,4447.67515,village1,misty
10316,3110209.3,4447.67515,village1,misty
10317,3110209.3,4447.67515,village1,misty
10318,3110209.3,4447.67515,village1,misty
10319,3110204.8,4447.67515,village1,misty
10320,3110204.8,4447.67515,village1,misty
10321,3110204.8,4447.67515,village1,misty
10322,3110204.8,4447.67515,village1,misty
10323,3110204.8,4447.67515,village1,misty
10324,3110204.8,4447.67515,village1,misty
10325,3110204.8,4447.67515,village1,misty
10326,3110204.8,4447.67515,village1,misty
10327,3110204.8,4447.67515,village1,misty
10328,3110204.8,4447.67515,village1,misty
10329,3110204.8,4447.67515,village1,misty
10330,3110204.8,4447.67515,village1,misty
10331,3110204.8,4447.67515,village1,misty
10332,3110204.8,4447.67515,village1,misty
10333,3110204.8,4447.67515,village1,misty
10334,3110204.8,4447.67515,village1,misty
10335,3110204.8,4447.67515,village1,misty
10336,3110204.8,4447.67515,village1,misty
10337,3110204.8,4447.67515,village1,misty
10338,3110204.8,4447.67515,village1,misty
10339,3110204.8,4447.67515,village1,misty
10340,3110204.8,4447.67515,village1,misty
10341,3110204.8,4447.67515,village1,misty
10342,3110204.8,4447.67515,village1,misty
10343,3110204.8,4447.67515,village1,misty
10344,3110204.8,4447.67515,village1,misty
10345,3110204.8,4447.67515,village1,misty
10346,3110204.8,4447.67515,village1,misty
10347,3110204.8,4447.67515,village1,misty
10348,3110204.8,4447.67515,village1,misty
10349,3110204.8,4447.67515,village1,misty
10350,3110204.8,4447.67515,village1,misty
10351,3110204.8,4447.67515,village1,misty
10352,3110204.8,4447.67515,village1,misty
10353,3110204.8,4447.67515,village1,misty
10354,3110204.8,4447.67515,village1,misty
10355,3110204.8,4447.67515,village1,misty
10356,3110204.8,4447.67515,village1,misty
10357,3110204.8,4447.67515,village1,misty
10358,3110204.8,4447.67515,village1,misty
10359,3110204.8,4447.67515,village1,misty
10360,3110204.8,4447.67515,village1,misty
10361,3110204.8,4447.67515,village1,misty
10362,3110204.8,4447.67515,village1,misty
10363,3110204.8,4447.67515,village1,misty
10364,3110204.8,4447.67515,village1,misty
10365,3110204.8,4447.67515,village1,misty
10366,3110204.8,4447.67515,village1,misty
10367,3110204.8,4447.67515,village1,misty
10368,3110204.8,4447.67515,village1,misty
10369,3110204.8,4447.67515,village1,misty
10370,3110204.8,4447.67515,village1,misty
10371,3110204.8,4447.67515,village1,misty
10372,3110204.8,4447.67515,village1,misty
10373,3110204.8,4447.67515,village1,misty
10374,3110204.8,4447.67515,village1,misty
10375,3110204.8,4447.67515,village1,misty
10376,3110204.8,4447.67515,village1,misty
10377,3110204.8,4447.67515,village1,misty
10378,3110204.8,4447.67515,village1,misty
10379,3110204.8,4447.67515,village1,misty
10380,3110204.8,4447.67515,village1,misty
10381,3110204.8,4447.67515,village1,misty
10382,3110204.8,4447.67515,village1,misty
10383,3110204.8,4447.67515,village1,misty
10384,3110204.8,4447.67515,village1,misty
10385,3110204.8,4447.67515,village1,misty
10386,3110204.8,4447.67515,village1,misty
10387,3110204.8,4447.67515,village1,misty
10388,3110204.8,4447.67515,village1,misty
10389,3110204.8,4447.67515,village1,misty
10390,3110204.8,4447.67515,village1,misty
10391,3110204.8,4447.67515,village1,misty
10392,3110204.8,4447.67515,village1,misty
10393,3110204.8,4447.67515,village1,misty
10394,3110204.8,4447.67515,village1,misty
10395,3110204.8,4447.67515,village1,misty
10396,3110204.8,4447.67515,village1,misty
10397,3110204.8,4447.67515,village1,misty
10398,3110204.8,4447.67515,village1,misty
10399,3110204.8,4447.67515,village1,misty
10400,3110204.8,4447.67515,village1,misty
10401,3110204.8,4447.67515,village1,misty
10402,3110204.8,4447.67515,village1,misty
10403,3110204.8,4447.67515,village1,misty
10404,3110204.8,4447.67515,village1,misty
10405,3110204.8,4447.67515,village1,misty
10406,3110204.8,4447.67515,village1,misty
10407,3110204.8,4447.67515,village1,misty
10408,3110204.8,4447.67515,village1,misty
10409,3110204.8,4447.67515,village1,misty
10410,3110204.8,4447.67515,village1,misty
10411,3110204.8,4447.67515,village1,misty
10412,3110204.8,4447.67515,village1,misty
10413,3119351.9,12223.05907,village1,misty
10414,3119351.9,11110.16906,village1,misty
10415,3119351.9,11110.16906,village1,misty
10416,3119351.8,11110.16906,village1,misty
10417,3119351.8,11110.16906,village1,misty
10418,3119351.8,11110.16906,village1,misty
10419,3119351.7,11110.16906,village1,misty
10420,3119351.7,11110.16906,village1,misty
10421,3119351.6,11110.16906,village1,misty
10422,3119351.6,11110.16906,village1,misty
10423,3119351.6,11110.16906,village1,misty
10424,3119351.5,11110.16906,village1,misty
10425,3119351.5,11110.16906,village1,misty
10426,3119351.4,11110.16906,village1,misty
10428,1100680.6,11262.01181,village1,misty
10429,1100575.8,11262.01181,village1,misty
10430,1100471.4,11262.01181,village1,misty
10431,1100366.8,11262.01181,village1,misty
10432,1100262.4,11262.01181,village1,misty
10433,1100157.8,11262.01181,village1,misty
10434,1100053.4,11262.01181,village1,misty
10435,1099949.0,11262.01181,village1,misty
10436,1099844.8,11262.01181,village1,misty
10437,1099740.9,11262.01181,village1,misty
10438,1099636.2,11262.01181,village1,misty
10439,1099531.9,11262.01181,village1,misty
10440,1099427.3,11262.01181,village1,misty
10441,1099323.6,11262.01181,village1,misty
10442,1099219.6,11262.01181,village1,misty
10443,1099115.8,11262.01181,village1,misty
10444,1099011.9,11262.01181,village1,misty
10445,1098907.9,11262.01181,village1,misty
10446,1098804.3,11262.01181,village1,misty
10447,1098700.4,11262.01181,village1,misty
10448,1098597.0,11262.01181,village1,misty
10449,1098493.2,11262.01181,village1,misty
10450,1098389.9,11262.01181,village1,misty
10451,1098286.4,11262.01181,village1,misty
10452,1098182.8,11262.01181,village1,misty
10453,1098079.6,11262.01181,village1,misty
10454,1097976.0,11262.01181,village1,misty
10455,1097873.0,11262.01181,village1,misty
10456,1097770.0,11262.01181,village1,misty
10457,1097667.2,11262.01181,village1,misty
10458,1097564.1,11262.01181,village1,misty
10459,1097461.0,11262.01181,village1,misty
10460,1097358.0,11262.01181,village1,misty
10461,1097255.1,11262.01181,village1,misty
10462,1097152.5,11262.01181,village1,misty
10463,1097050.1,11262.01181,village1,misty
10464,1096947.5,11262.01181,village1,misty
10465,1096844.6,11262.01181,village1,misty
10466,1096742.2,11262.01181,village1,misty
10467,1096640.0,11262.01181,village1,misty
10468,1096537.4,11262.01181,village1,misty
10469,1096435.0,11262.01181,village1,misty
10470,1096332.7,11262.01181,village1,misty
10471,1096230.7,11262.01181,village1,misty
10472,1096128.9,11262.01181,village1,misty
10473,1096027.0,11262.01181,village1,misty
10474,1095924.9,11262.01181,village1,misty
10475,1095823.3,11262.01181,village1,misty
10476,1095721.8,11262.01181,village1,misty
10477,1095620.4,11262.01181,village1,misty
10478,1095518.9,11262.01181,village1,misty
10479,1095417.4,11262.01181,village1,misty
10480,1095316.2,11262.01181,village1,misty
10481,1095215.1,11262.01181,village1,misty
10482,1095114.0,11262.01181,village1,misty
10483,1095013.0,11262.01181,village1,misty
10484,1094912.2,11262.01181,village1,misty
10485,1094811.4,11262.01181,village1,misty
10486,1094710.6,11262.01181,village1,misty
10487,1094609.6,11262.01181,village1,misty
10488,1094508.6,11262.01181,village1,misty
10489,1094408.3,11262.01181,village1,misty
10490,1094307.6,11262.01181,village1,misty
10491,1094206.9,11262.01181,village1,misty
10492,1094106.7,11262.01181,village1,misty
10493,1094006.4,11262.01181,village1,misty
10494,1093906.1,11262.01181,village1,misty
10495,1093806.2,11262.01181,village1,misty
10496,1093705.9,11262.01181,village1,misty
10497,1093605.7,11262.01181,village1,misty
10498,1093505.6,11262.01181,village1,misty
10499,1093406.1,11262.01181,village1,misty
10500,1093306.1,11262.01181,village1,misty
10501,1093206.2,11262.01181,village1,misty
10502,1093106.6,11262.01181,village1,misty
10503,1093006.9,11262.01181,village1,misty
10504,1092907.3,11262.01181,village1,misty
10505,1092807.4,11262.01181,village1,misty
10506,1092708.1,11262.01181,village1,misty
10507,1092608.6,11262.01181,village1,misty
10508,1092509.4,11262.01181,village1,misty
10509,1092410.0,11262.01181,village1,misty
10510,1092310.7,11262.01181,village1,misty
10511,1092211.5,11262.01181,village1,misty
10512,1092111.7,11262.01181,village1,misty
10513,1092012.6,11262.01181,village1,misty
10514,1091913.4,11262.01181,village1,misty
10515,1091814.6,11262.01181,village1,misty
10516,1091715.6,11262.01181,village1,misty
10517,1091616.4,11262.01181,village1,misty
10518,1091517.4,11262.01181,village1,misty
10519,1091418.0,11262.01181,village1,misty
10520,1091319.4,11262.01181,village1,misty
10521,1091220.5,11262.01181,village1,misty
10522,1091121.5,11262.01181,village1,misty
10523,1091022.7,11262.01181,village1,misty
10524,1090923.9,11262.01181,village1,misty
10525,1090825.2,11262.01181,village1,misty
10526,1090726.5,11262.01181,village1,misty
10527,1090628.0,11262.01181,village1,misty
10528,1090529.2,11262.01181,village1,misty
10529,1090430.2,11262.01181,village1,misty
10530,1090331.6,11262.01181,village1,misty
10531,1090233.2,11262.01181,village1,misty
10532,1090134.7,11262.01181,village1,misty
10533,1090035.9,11262.01181,village1,misty
10534,1089937.3,11262.01181,village1,misty
10535,1089838.7,11262.01181,village1,misty
10536,1089739.9,11262.01181,village1,misty
10537,1089641.0,11262.01181,village1,misty
10538,1089542.5,11262.01181,village1,misty
10539,1089444.1,11262.01181,village1,misty
10540,1089345.5,11262.01181,village1,misty
10541,1089247.0,11262.01181,village1,misty
10542,1089148.6,11262.01181,village1,misty
10543,1089050.4,11262.01181,village1,misty
10544,1088952.1,11262.01181,village1,misty
10545,1088853.5,11262.01181,village1,misty
10546,1088755.3,11262.01181,village1,misty
10547,1088656.9,11262.01181,village1,misty
10548,1088558.7,11262.01181,village1,misty
10549,1088460.3,11262.01181,village1,misty
10550,1088362.1,11262.01181,village1,misty
10551,1088264.0,11262.01181,village1,misty
10552,1088165.9,11262.01181,village1,misty
10553,1088068.0,11262.01181,village1,misty
10554,1087969.6,11262.01181,village1,misty
10555,1087871.6,11262.01181,village1,misty
10556,1087870.8,11262.01181,village1,misty
10557,1087870.6,11262.01181,village1,misty
10558,1039099.9,12113.66162,village1,misty
10565,66754.7,4755.83976,village1,village1
