CAM frame=0 e6 da 1c c9 f6 06 58 48 94 25 83 49 00 00 80 3f ee 2b 7f bf b6 6e db 3b 8f 0d a4 bd 00 00 00 00 00 00 00 00 31 1c 7f 3f 2c 9d aa 3d 00 00 00 00 0e a0 a4 3d d5 0f aa 3d dc 48 7e bf 00 00 00 00 7a 6e 31 c9 18 19 95 c8 dd 78 73 49 00 00 80 3f 99 9a a4 ca 11 c7 dc 46 e3 15 85 4a
CAM frame=1 e6 da 1c c9 f6 06 58 48 94 25 83 49 00 00 80 3f ee 2b 7f bf b6 6e db 3b 8f 0d a4 bd 00 00 00 00 00 00 00 00 31 1c 7f 3f 2c 9d aa 3d 00 00 00 00 0e a0 a4 3d d5 0f aa 3d dc 48 7e bf 00 00 00 00 7a 6e 31 c9 18 19 95 c8 dd 78 73 49 00 00 80 3f 99 9a a4 ca 11 c7 dc 46 e3 15 85 4a
CAM frame=2 e6 da 1c c9 f6 06 58 48 94 25 83 49 00 00 80 3f ee 2b 7f bf b6 6e db 3b 8f 0d a4 bd 00 00 00 00 00 00 00 00 31 1c 7f 3f 2c 9d aa 3d 00 00 00 00 0e a0 a4 3d d5 0f aa 3d dc 48 7e bf 00 00 00 00 7a 6e 31 c9 18 19 95 c8 dd 78 73 49 00 00 80 3f 99 9a a4 ca 11 c7 dc 46 e3 15 85 4a
CAM frame=3 e6 da 1c c9 f6 06 58 48 94 25 83 49 00 00 80 3f ee 2b 7f bf b6 6e db 3b 8f 0d a4 bd 00 00 00 00 00 00 00 00 31 1c 7f 3f 2c 9d aa 3d 00 00 00 00 0e a0 a4 3d d5 0f aa 3d dc 48 7e bf 00 00 00 00 7a 6e 31 c9 18 19 95 c8 dd 78 73 49 00 00 80 3f 99 9a a4 ca 11 c7 dc 46 e3 15 85 4a
CAM frame=4 e6 da 1c c9 f6 06 58 48 94 25 83 49 00 00 80 3f ee 2b 7f bf b6 6e db 3b 8f 0d a4 bd 00 00 00 00 00 00 00 00 31 1c 7f 3f 2c 9d aa 3d 00 00 00 00 0e a0 a4 3d d5 0f aa 3d dc 48 7e bf 00 00 00 00 7a 6e 31 c9 18 19 95 c8 dd 78 73 49 00 00 80 3f 99 9a a4 ca 11 c7 dc 46 e3 15 85 4a
CAM frame=5 e6 da 1c c9 f6 06 58 48 94 25 83 49 00 00 80 3f ee 2b 7f bf b6 6e db 3b 8f 0d a4 bd 00 00 00 00 00 00 00 00 31 1c 7f 3f 2c 9d aa 3d 00 00 00 00 0e a0 a4 3d d5 0f aa 3d dc 48 7e bf 00 00 00 00 7a 6e 31 c9 18 19 95 c8 dd 78 73 49 00 00 80 3f 99 9a a4 ca 11 c7 dc 46 e3 15 85 4a
CAM frame=6 e6 da 1c c9 f6 06 58 48 94 25 83 49 00 00 80 3f ee 2b 7f bf b6 6e db 3b 8f 0d a4 bd 00 00 00 00 00 00 00 00 31 1c 7f 3f 2c 9d aa 3d 00 00 00 00 0e a0 a4 3d d5 0f aa 3d dc 48 7e bf 00 00 00 00 7a 6e 31 c9 18 19 95 c8 dd 78 73 49 00 00 80 3f 99 9a a4 ca 11 c7 dc 46 e3 15 85 4a
CAM frame=7 e6 da 1c c9 f6 06 58 48 94 25 83 49 00 00 80 3f ee 2b 7f bf b6 6e db 3b 8f 0d a4 bd 00 00 00 00 00 00 00 00 31 1c 7f 3f 2c 9d aa 3d 00 00 00 00 0e a0 a4 3d d5 0f aa 3d dc 48 7e bf 00 00 00 00 7a 6e 31 c9 18 19 95 c8 dd 78 73 49 00 00 80 3f 99 9a a4 ca 11 c7 dc 46 e3 15 85 4a
CAM frame=8 e6 da 1c c9 f6 06 58 48 94 25 83 49 00 00 80 3f ee 2b 7f bf b6 6e db 3b 8f 0d a4 bd 00 00 00 00 00 00 00 00 31 1c 7f 3f 2c 9d aa 3d 00 00 00 00 0e a0 a4 3d d5 0f aa 3d dc 48 7e bf 00 00 00 00 7a 6e 31 c9 18 19 95 c8 dd 78 73 49 00 00 80 3f 99 9a a4 ca 11 c7 dc 46 e3 15 85 4a
CAM frame=9 e6 da 1c c9 f6 06 58 48 94 25 83 49 00 00 80 3f ee 2b 7f bf b6 6e db 3b 8f 0d a4 bd 00 00 00 00 00 00 00 00 31 1c 7f 3f 2c 9d aa 3d 00 00 00 00 0e a0 a4 3d d5 0f aa 3d dc 48 7e bf 00 00 00 00 7a 6e 31 c9 18 19 95 c8 dd 78 73 49 00 00 80 3f 99 9a a4 ca 11 c7 dc 46 e3 15 85 4a
CAM frame=10 e6 da 1c c9 f6 06 58 48 94 25 83 49 00 00 80 3f ee 2b 7f bf b6 6e db 3b 8f 0d a4 bd 00 00 00 00 00 00 00 00 31 1c 7f 3f 2c 9d aa 3d 00 00 00 00 0e a0 a4 3d d5 0f aa 3d dc 48 7e bf 00 00 00 00 7a 6e 31 c9 18 19 95 c8 dd 78 73 49 00 00 80 3f 99 9a a4 ca 11 c7 dc 46 e3 15 85 4a
CAM frame=11 e6 da 1c c9 f6 06 58 48 94 25 83 49 00 00 80 3f ee 2b 7f bf b6 6e db 3b 8f 0d a4 bd 00 00 00 00 00 00 00 00 31 1c 7f 3f 2c 9d aa 3d 00 00 00 00 0e a0 a4 3d d5 0f aa 3d dc 48 7e bf 00 00 00 00 7a 6e 31 c9 18 19 95 c8 dd 78 73 49 00 00 80 3f 99 9a a4 ca 11 c7 dc 46 e3 15 85 4a
CAM frame=12 e6 da 1c c9 f6 06 58 48 94 25 83 49 00 00 80 3f ee 2b 7f bf b6 6e db 3b 8f 0d a4 bd 00 00 00 00 00 00 00 00 31 1c 7f 3f 2c 9d aa 3d 00 00 00 00 0e a0 a4 3d d5 0f aa 3d dc 48 7e bf 00 00 00 00 7a 6e 31 c9 18 19 95 c8 dd 78 73 49 00 00 80 3f 99 9a a4 ca 11 c7 dc 46 e3 15 85 4a
CAM frame=13 e6 da 1c c9 f6 06 58 48 94 25 83 49 00 00 80 3f ee 2b 7f bf b6 6e db 3b 8f 0d a4 bd 00 00 00 00 00 00 00 00 31 1c 7f 3f 2c 9d aa 3d 00 00 00 00 0e a0 a4 3d d5 0f aa 3d dc 48 7e bf 00 00 00 00 7a 6e 31 c9 18 19 95 c8 dd 78 73 49 00 00 80 3f 99 9a a4 ca 11 c7 dc 46 e3 15 85 4a
CAM frame=14 e6 da 1c c9 f6 06 58 48 94 25 83 49 00 00 80 3f ee 2b 7f bf b6 6e db 3b 8f 0d a4 bd 00 00 00 00 00 00 00 00 31 1c 7f 3f 2c 9d aa 3d 00 00 00 00 0e a0 a4 3d d5 0f aa 3d dc 48 7e bf 00 00 00 00 7a 6e 31 c9 18 19 95 c8 dd 78 73 49 00 00 80 3f 99 9a a4 ca 11 c7 dc 46 e3 15 85 4a
CAM frame=15 e6 da 1c c9 f6 06 58 48 94 25 83 49 00 00 80 3f ee 2b 7f bf b6 6e db 3b 8f 0d a4 bd 00 00 00 00 00 00 00 00 31 1c 7f 3f 2c 9d aa 3d 00 00 00 00 0e a0 a4 3d d5 0f aa 3d dc 48 7e bf 00 00 00 00 7a 6e 31 c9 18 19 95 c8 dd 78 73 49 00 00 80 3f 99 9a a4 ca 11 c7 dc 46 e3 15 85 4a
CAM frame=16 e6 da 1c c9 f6 06 58 48 94 25 83 49 00 00 80 3f ee 2b 7f bf b6 6e db 3b 8f 0d a4 bd 00 00 00 00 00 00 00 00 31 1c 7f 3f 2c 9d aa 3d 00 00 00 00 0e a0 a4 3d d5 0f aa 3d dc 48 7e bf 00 00 00 00 7a 6e 31 c9 18 19 95 c8 dd 78 73 49 00 00 80 3f 99 9a a4 ca 11 c7 dc 46 e3 15 85 4a
CAM frame=17 e6 da 1c c9 f6 06 58 48 94 25 83 49 00 00 80 3f ee 2b 7f bf b6 6e db 3b 8f 0d a4 bd 00 00 00 00 00 00 00 00 31 1c 7f 3f 2c 9d aa 3d 00 00 00 00 0e a0 a4 3d d5 0f aa 3d dc 48 7e bf 00 00 00 00 7a 6e 31 c9 18 19 95 c8 dd 78 73 49 00 00 80 3f 99 9a a4 ca 11 c7 dc 46 e3 15 85 4a
CAM frame=18 e6 da 1c c9 f6 06 58 48 94 25 83 49 00 00 80 3f ee 2b 7f bf b6 6e db 3b 8f 0d a4 bd 00 00 00 00 00 00 00 00 31 1c 7f 3f 2c 9d aa 3d 00 00 00 00 0e a0 a4 3d d5 0f aa 3d dc 48 7e bf 00 00 00 00 7a 6e 31 c9 18 19 95 c8 dd 78 73 49 00 00 80 3f 99 9a a4 ca 11 c7 dc 46 e3 15 85 4a
CAM frame=19 e6 da 1c c9 f6 06 58 48 94 25 83 49 00 00 80 3f ee 2b 7f bf b6 6e db 3b 8f 0d a4 bd 00 00 00 00 00 00 00 00 31 1c 7f 3f 2c 9d aa 3d 00 00 00 00 0e a0 a4 3d d5 0f aa 3d dc 48 7e bf 00 00 00 00 7a 6e 31 c9 18 19 95 c8 dd 78 73 49 00 00 80 3f 99 9a a4 ca 11 c7 dc 46 e3 15 85 4a
CAM frame=20 e6 da 1c c9 f6 06 58 48 94 25 83 49 00 00 80 3f ee 2b 7f bf b6 6e db 3b 8f 0d a4 bd 00 00 00 00 00 00 00 00 31 1c 7f 3f 2c 9d aa 3d 00 00 00 00 0e a0 a4 3d d5 0f aa 3d dc 48 7e bf 00 00 00 00 7a 6e 31 c9 18 19 95 c8 dd 78 73 49 00 00 80 3f 99 9a a4 ca 11 c7 dc 46 e3 15 85 4a
CAM frame=21 e6 da 1c c9 f6 06 58 48 94 25 83 49 00 00 80 3f ee 2b 7f bf b6 6e db 3b 8f 0d a4 bd 00 00 00 00 00 00 00 00 31 1c 7f 3f 2c 9d aa 3d 00 00 00 00 0e a0 a4 3d d5 0f aa 3d dc 48 7e bf 00 00 00 00 7a 6e 31 c9 18 19 95 c8 dd 78 73 49 00 00 80 3f 99 9a a4 ca 11 c7 dc 46 e3 15 85 4a
CAM frame=22 e6 da 1c c9 f6 06 58 48 94 25 83 49 00 00 80 3f ee 2b 7f bf b6 6e db 3b 8f 0d a4 bd 00 00 00 00 00 00 00 00 31 1c 7f 3f 2c 9d aa 3d 00 00 00 00 0e a0 a4 3d d5 0f aa 3d dc 48 7e bf 00 00 00 00 7a 6e 31 c9 18 19 95 c8 dd 78 73 49 00 00 80 3f 99 9a a4 ca 11 c7 dc 46 e3 15 85 4a
CAM frame=23 e6 da 1c c9 f6 06 58 48 94 25 83 49 00 00 80 3f ee 2b 7f bf b6 6e db 3b 8f 0d a4 bd 00 00 00 00 00 00 00 00 31 1c 7f 3f 2c 9d aa 3d 00 00 00 00 0e a0 a4 3d d5 0f aa 3d dc 48 7e bf 00 00 00 00 7a 6e 31 c9 18 19 95 c8 dd 78 73 49 00 00 80 3f 99 9a a4 ca 11 c7 dc 46 e3 15 85 4a
CAM frame=24 e6 da 1c c9 f6 06 58 48 94 25 83 49 00 00 80 3f ee 2b 7f bf b6 6e db 3b 8f 0d a4 bd 00 00 00 00 00 00 00 00 31 1c 7f 3f 2c 9d aa 3d 00 00 00 00 0e a0 a4 3d d5 0f aa 3d dc 48 7e bf 00 00 00 00 7a 6e 31 c9 18 19 95 c8 dd 78 73 49 00 00 80 3f 99 9a a4 ca 11 c7 dc 46 e3 15 85 4a
CAM frame=25 e6 da 1c c9 f6 06 58 48 94 25 83 49 00 00 80 3f ee 2b 7f bf b6 6e db 3b 8f 0d a4 bd 00 00 00 00 00 00 00 00 31 1c 7f 3f 2c 9d aa 3d 00 00 00 00 0e a0 a4 3d d5 0f aa 3d dc 48 7e bf 00 00 00 00 7a 6e 31 c9 18 19 95 c8 dd 78 73 49 00 00 80 3f 99 9a a4 ca 11 c7 dc 46 e3 15 85 4a
CAM frame=26 e6 da 1c c9 f6 06 58 48 94 25 83 49 00 00 80 3f ee 2b 7f bf b6 6e db 3b 8f 0d a4 bd 00 00 00 00 00 00 00 00 31 1c 7f 3f 2c 9d aa 3d 00 00 00 00 0e a0 a4 3d d5 0f aa 3d dc 48 7e bf 00 00 00 00 7a 6e 31 c9 18 19 95 c8 dd 78 73 49 00 00 80 3f 99 9a a4 ca 11 c7 dc 46 e3 15 85 4a
CAM frame=27 e6 da 1c c9 f6 06 58 48 94 25 83 49 00 00 80 3f ee 2b 7f bf b6 6e db 3b 8f 0d a4 bd 00 00 00 00 00 00 00 00 31 1c 7f 3f 2c 9d aa 3d 00 00 00 00 0e a0 a4 3d d5 0f aa 3d dc 48 7e bf 00 00 00 00 7a 6e 31 c9 18 19 95 c8 dd 78 73 49 00 00 80 3f 99 9a a4 ca 11 c7 dc 46 e3 15 85 4a
CAM frame=28 e6 da 1c c9 f6 06 58 48 94 25 83 49 00 00 80 3f ee 2b 7f bf b6 6e db 3b 8f 0d a4 bd 00 00 00 00 00 00 00 00 31 1c 7f 3f 2c 9d aa 3d 00 00 00 00 0e a0 a4 3d d5 0f aa 3d dc 48 7e bf 00 00 00 00 7a 6e 31 c9 18 19 95 c8 dd 78 73 49 00 00 80 3f 99 9a a4 ca 11 c7 dc 46 e3 15 85 4a
CAM frame=29 e6 da 1c c9 f6 06 58 48 94 25 83 49 00 00 80 3f ee 2b 7f bf b6 6e db 3b 8f 0d a4 bd 00 00 00 00 00 00 00 00 31 1c 7f 3f 2c 9d aa 3d 00 00 00 00 0e a0 a4 3d d5 0f aa 3d dc 48 7e bf 00 00 00 00 7a 6e 31 c9 18 19 95 c8 dd 78 73 49 00 00 80 3f 99 9a a4 ca 11 c7 dc 46 e3 15 85 4a
CAM frame=30 e6 da 1c c9 f6 06 58 48 94 25 83 49 00 00 80 3f ee 2b 7f bf b6 6e db 3b 8f 0d a4 bd 00 00 00 00 00 00 00 00 31 1c 7f 3f 2c 9d aa 3d 00 00 00 00 0e a0 a4 3d d5 0f aa 3d dc 48 7e bf 00 00 00 00 7a 6e 31 c9 18 19 95 c8 dd 78 73 49 00 00 80 3f 99 9a a4 ca 11 c7 dc 46 e3 15 85 4a
CAM frame=31 e6 da 1c c9 f6 06 58 48 94 25 83 49 00 00 80 3f ee 2b 7f bf b6 6e db 3b 8f 0d a4 bd 00 00 00 00 00 00 00 00 31 1c 7f 3f 2c 9d aa 3d 00 00 00 00 0e a0 a4 3d d5 0f aa 3d dc 48 7e bf 00 00 00 00 7a 6e 31 c9 18 19 95 c8 dd 78 73 49 00 00 80 3f 99 9a a4 ca 11 c7 dc 46 e3 15 85 4a
CAM frame=32 e6 da 1c c9 f6 06 58 48 94 25 83 49 00 00 80 3f ee 2b 7f bf b6 6e db 3b 8f 0d a4 bd 00 00 00 00 00 00 00 00 31 1c 7f 3f 2c 9d aa 3d 00 00 00 00 0e a0 a4 3d d5 0f aa 3d dc 48 7e bf 00 00 00 00 7a 6e 31 c9 18 19 95 c8 dd 78 73 49 00 00 80 3f 99 9a a4 ca 11 c7 dc 46 e3 15 85 4a
CAM frame=33 e6 da 1c c9 f6 06 58 48 94 25 83 49 00 00 80 3f ee 2b 7f bf b6 6e db 3b 8f 0d a4 bd 00 00 00 00 00 00 00 00 31 1c 7f 3f 2c 9d aa 3d 00 00 00 00 0e a0 a4 3d d5 0f aa 3d dc 48 7e bf 00 00 00 00 7a 6e 31 c9 18 19 95 c8 dd 78 73 49 00 00 80 3f 99 9a a4 ca 11 c7 dc 46 e3 15 85 4a
CAM frame=34 e6 da 1c c9 f6 06 58 48 94 25 83 49 00 00 80 3f ee 2b 7f bf b6 6e db 3b 8f 0d a4 bd 00 00 00 00 00 00 00 00 31 1c 7f 3f 2c 9d aa 3d 00 00 00 00 0e a0 a4 3d d5 0f aa 3d dc 48 7e bf 00 00 00 00 7a 6e 31 c9 18 19 95 c8 dd 78 73 49 00 00 80 3f 99 9a a4 ca 11 c7 dc 46 e3 15 85 4a
CAM frame=35 e6 da 1c c9 f6 06 58 48 94 25 83 49 00 00 80 3f ee 2b 7f bf b6 6e db 3b 8f 0d a4 bd 00 00 00 00 00 00 00 00 31 1c 7f 3f 2c 9d aa 3d 00 00 00 00 0e a0 a4 3d d5 0f aa 3d dc 48 7e bf 00 00 00 00 7a 6e 31 c9 18 19 95 c8 dd 78 73 49 00 00 80 3f 99 9a a4 ca 11 c7 dc 46 e3 15 85 4a
CAM frame=36 e6 da 1c c9 f6 06 58 48 94 25 83 49 00 00 80 3f ee 2b 7f bf b6 6e db 3b 8f 0d a4 bd 00 00 00 00 00 00 00 00 31 1c 7f 3f 2c 9d aa 3d 00 00 00 00 0e a0 a4 3d d5 0f aa 3d dc 48 7e bf 00 00 00 00 7a 6e 31 c9 18 19 95 c8 dd 78 73 49 00 00 80 3f 99 9a a4 ca 11 c7 dc 46 e3 15 85 4a
CAM frame=37 e6 da 1c c9 f6 06 58 48 94 25 83 49 00 00 80 3f ee 2b 7f bf b6 6e db 3b 8f 0d a4 bd 00 00 00 00 00 00 00 00 31 1c 7f 3f 2c 9d aa 3d 00 00 00 00 0e a0 a4 3d d5 0f aa 3d dc 48 7e bf 00 00 00 00 7a 6e 31 c9 18 19 95 c8 dd 78 73 49 00 00 80 3f 99 9a a4 ca 11 c7 dc 46 e3 15 85 4a
CAM frame=38 e6 da 1c c9 f6 06 58 48 94 25 83 49 00 00 80 3f ee 2b 7f bf b6 6e db 3b 8f 0d a4 bd 00 00 00 00 00 00 00 00 31 1c 7f 3f 2c 9d aa 3d 00 00 00 00 0e a0 a4 3d d5 0f aa 3d dc 48 7e bf 00 00 00 00 7a 6e 31 c9 18 19 95 c8 dd 78 73 49 00 00 80 3f 99 9a a4 ca 11 c7 dc 46 e3 15 85 4a
CAM frame=39 e6 da 1c c9 f6 06 58 48 94 25 83 49 00 00 80 3f ee 2b 7f bf b6 6e db 3b 8f 0d a4 bd 00 00 00 00 00 00 00 00 31 1c 7f 3f 2c 9d aa 3d 00 00 00 00 0e a0 a4 3d d5 0f aa 3d dc 48 7e bf 00 00 00 00 7a 6e 31 c9 18 19 95 c8 dd 78 73 49 00 00 80 3f 99 9a a4 ca 11 c7 dc 46 e3 15 85 4a
CAM frame=40 e6 da 1c c9 f6 06 58 48 94 25 83 49 00 00 80 3f ee 2b 7f bf b6 6e db 3b 8f 0d a4 bd 00 00 00 00 00 00 00 00 31 1c 7f 3f 2c 9d aa 3d 00 00 00 00 0e a0 a4 3d d5 0f aa 3d dc 48 7e bf 00 00 00 00 7a 6e 31 c9 18 19 95 c8 dd 78 73 49 00 00 80 3f 99 9a a4 ca 11 c7 dc 46 e3 15 85 4a
CAM frame=41 e6 da 1c c9 f6 06 58 48 94 25 83 49 00 00 80 3f ee 2b 7f bf b6 6e db 3b 8f 0d a4 bd 00 00 00 00 00 00 00 00 31 1c 7f 3f 2c 9d aa 3d 00 00 00 00 0e a0 a4 3d d5 0f aa 3d dc 48 7e bf 00 00 00 00 7a 6e 31 c9 18 19 95 c8 dd 78 73 49 00 00 80 3f 99 9a a4 ca 11 c7 dc 46 e3 15 85 4a
CAM frame=42 e6 da 1c c9 f6 06 58 48 94 25 83 49 00 00 80 3f ee 2b 7f bf b6 6e db 3b 8f 0d a4 bd 00 00 00 00 00 00 00 00 31 1c 7f 3f 2c 9d aa 3d 00 00 00 00 0e a0 a4 3d d5 0f aa 3d dc 48 7e bf 00 00 00 00 7a 6e 31 c9 18 19 95 c8 dd 78 73 49 00 00 80 3f 99 9a a4 ca 11 c7 dc 46 e3 15 85 4a
CAM frame=43 e6 da 1c c9 f6 06 58 48 94 25 83 49 00 00 80 3f ee 2b 7f bf b6 6e db 3b 8f 0d a4 bd 00 00 00 00 00 00 00 00 31 1c 7f 3f 2c 9d aa 3d 00 00 00 00 0e a0 a4 3d d5 0f aa 3d dc 48 7e bf 00 00 00 00 7a 6e 31 c9 18 19 95 c8 dd 78 73 49 00 00 80 3f 99 9a a4 ca 11 c7 dc 46 e3 15 85 4a
CAM frame=44 e6 da 1c c9 f6 06 58 48 94 25 83 49 00 00 80 3f ee 2b 7f bf b6 6e db 3b 8f 0d a4 bd 00 00 00 00 00 00 00 00 31 1c 7f 3f 2c 9d aa 3d 00 00 00 00 0e a0 a4 3d d5 0f aa 3d dc 48 7e bf 00 00 00 00 7a 6e 31 c9 18 19 95 c8 dd 78 73 49 00 00 80 3f 99 9a a4 ca 11 c7 dc 46 e3 15 85 4a
CAM frame=45 e6 da 1c c9 f6 06 58 48 94 25 83 49 00 00 80 3f ee 2b 7f bf b6 6e db 3b 8f 0d a4 bd 00 00 00 00 00 00 00 00 31 1c 7f 3f 2c 9d aa 3d 00 00 00 00 0e a0 a4 3d d5 0f aa 3d dc 48 7e bf 00 00 00 00 7a 6e 31 c9 18 19 95 c8 dd 78 73 49 00 00 80 3f 99 9a a4 ca 11 c7 dc 46 e3 15 85 4a
CAM frame=46 e6 da 1c c9 f6 06 58 48 94 25 83 49 00 00 80 3f ee 2b 7f bf b6 6e db 3b 8f 0d a4 bd 00 00 00 00 00 00 00 00 31 1c 7f 3f 2c 9d aa 3d 00 00 00 00 0e a0 a4 3d d5 0f aa 3d dc 48 7e bf 00 00 00 00 7a 6e 31 c9 18 19 95 c8 dd 78 73 49 00 00 80 3f 99 9a a4 ca 11 c7 dc 46 e3 15 85 4a
CAM frame=47 e6 da 1c c9 f6 06 58 48 94 25 83 49 00 00 80 3f ee 2b 7f bf b6 6e db 3b 8f 0d a4 bd 00 00 00 00 00 00 00 00 31 1c 7f 3f 2c 9d aa 3d 00 00 00 00 0e a0 a4 3d d5 0f aa 3d dc 48 7e bf 00 00 00 00 7a 6e 31 c9 18 19 95 c8 dd 78 73 49 00 00 80 3f 99 9a a4 ca 11 c7 dc 46 e3 15 85 4a
CAM frame=48 00 00 00 00 00 00 00 00 00 00 00 00 00 00 80 3f 00 00 80 3f 00 00 00 00 00 00 00 00 00 00 00 00 00 00 00 00 00 00 80 3f 00 00 00 00 00 00 00 00 00 00 00 00 00 00 00 00 00 00 80 3f 00 00 00 00 00 00 00 00 00 00 00 00 00 00 00 00 00 00 80 3f 99 9a a4 ca 11 c7 dc 46 e3 15 85 4a
CAM frame=49 00 00 00 00 00 00 00 00 00 00 00 00 00 00 80 3f 00 00 80 3f 00 00 00 00 00 00 00 00 00 00 00 00 00 00 00 00 00 00 80 3f 00 00 00 00 00 00 00 00 00 00 00 00 00 00 00 00 00 00 80 3f 00 00 00 00 00 00 00 00 00 00 00 00 00 00 00 00 00 00 80 3f 99 9a a4 ca 11 c7 dc 46 e3 15 85 4a
CAM frame=50 73 c2 a5 ca 3e a4 35 47 b6 85 85 4a 00 00 80 3f 9c 89 d3 be 1d 76 dc 3d 87 7e 67 3f 00 00 00 00 00 00 20 33 85 34 7e 3f 04 17 f2 bd 00 00 00 00 f5 20 69 bf 04 0b 48 bd ec 0d d2 be 00 00 00 00 ce 6e d4 49 cc a4 37 49 cd d6 cc 4a 00 00 80 3f 99 9a a4 ca 11 c7 dc 46 e3 15 85 4a
CAM frame=51 71 c1 a5 ca 11 84 35 47 53 85 85 4a 00 00 80 3f f0 92 d3 be 1e b3 ea 3d 59 44 67 3f 00 00 00 00 00 00 62 b5 f7 f6 7d 3f 17 de 00 be 00 00 00 00 d1 1e 69 bf d7 02 55 bd 50 e4 d1 be 00 00 00 00 84 5e d4 49 56 42 44 49 f4 a7 cc 4a 00 00 80 3f 99 9a a4 ca 11 c7 dc 46 e3 15 85 4a
CAM frame=52 4a c0 a5 ca 3e 5f 35 47 e4 84 85 4a 00 00 80 3f 70 a0 d3 be 98 bf f5 3d 5a 13 67 3f 00 00 00 00 00 00 e0 b5 79 c4 7d 3f ff f0 06 be 00 00 00 00 c4 1b 69 bf f5 1b 5f bd f0 c7 d1 be 00 00 00 00 00 47 d4 49 1b 0f 4e 49 ba 81 cc 4a 00 00 80 3f 99 9a a4 ca 11 c7 dc 46 e3 15 85 4a
CAM frame=53 fc be a5 ca c6 35 35 47 66 84 85 4a 00 00 80 3f 60 b1 d3 be 62 46 fe 3d 8d ea 66 3f 00 00 00 00 00 40 17 b6 da 9b 7d 3f f0 a1 0b be 00 00 00 00 eb 17 69 bf 8f f0 66 bd 24 b7 d1 be 00 00 00 00 68 29 d4 49 fe a1 55 49 2b 63 cc 4a 00 00 80 3f 99 9a a4 ca 11 c7 dc 46 e3 15 85 4a
CAM frame=54 8a bd a5 ca a7 07 35 47 da 83 85 4a 00 00 80 3f e8 c5 d3 be 40 ad 02 3e 3a c6 66 3f 00 00 00 00 00 00 34 b6 05 79 7d 3f f6 87 0f be 00 00 00 00 42 13 69 bf 8f 7a 6d bd a8 ae d1 be 00 00 00 00 7e 05 d4 49 71 ee 5b 49 3e 49 cc 4a 00 00 80 3f 99 9a a4 ca 11 c7 dc 46 e3 15 85 4a
CAM frame=55 f3 bb a5 ca e1 d4 34 47 40 83 85 4a 00 00 80 3f 9c dc d3 be 2c 84 05 3e fe a6 66 3f 00 00 00 00 00 00 45 b6 55 5c 7d 3f a8 a9 12 be 00 00 00 00 18 0e 69 bf 36 c3 72 bd 64 ad d1 be 00 00 00 00 c6 dd d3 49 e4 fe 60 49 10 34 cc 4a 00 00 80 3f 99 9a a4 ca 11 c7 dc 46 e3 15 85 4a
CAM frame=56 35 ba a5 ca 78 9d 34 47 99 82 85 4a 00 00 80 3f 64 f7 d3 be 88 fc 07 3e c0 89 66 3f 00 00 00 00 00 80 52 b6 d1 42 7d 3f 34 64 15 be 00 00 00 00 02 08 69 bf d9 66 77 bd c4 b2 d1 be 00 00 00 00 ea ae d3 49 c2 69 65 49 99 21 cc 4a 00 00 80 3f 8f 72 a4 ca fa 17 16 47 10 92 85 4a
CAM frame=57 53 b8 a5 ca 64 61 34 47 e1 81 85 4a 00 00 80 3f 10 13 d4 be c4 1c 0a 3e 29 6f 66 3f 00 00 00 00 00 00 56 b6 72 2c 7d 3f 2f be 17 be 00 00 00 00 b7 01 69 bf 95 6c 7b bd 9c bb d1 be 00 00 00 00 74 7e d3 49 3b 39 69 49 76 11 cc 4a 00 00 80 3f 8f 72 a4 ca fa 17 16 47 10 92 85 4a
CAM frame=58 d8 b6 a5 ca 94 27 34 47 dd 80 85 4a 00 00 80 3f 50 08 d4 be 72 16 0c 3e 90 5e 66 3f 00 00 00 00 00 80 0c b6 8c 17 7d 3f 04 e8 19 be 00 00 00 00 2c 04 69 bf 36 f4 7e bd b0 9f d1 be 00 00 00 00 40 90 d3 49 eb b5 6c 49 60 fe cb 4a 00 00 80 3f 8f 72 a4 ca fa 17 16 47 10 92 85 4a
CAM frame=59 b3 b5 a5 ca c1 ef 33 47 8d 7f 85 4a 00 00 80 3f 2c b8 d3 be 22 d2 0d 3e 03 60 66 3f 00 00 00 00 00 00 ac 34 62 05 7d 3f 03 c3 1b be 00 00 00 00 5f 16 69 bf a2 d1 80 bd 78 41 d1 be 00 00 00 00 14 1b d4 49 cd a9 6f 49 c6 e5 cb 4a 00 00 80 3f 8f 72 a4 ca fa 17 16 47 10 92 85 4a
CAM frame=60 03 b5 a5 ca 72 bf 33 47 f7 7d 85 4a 00 00 80 3f 24 16 d3 be 84 37 0f 3e 5f 77 66 3f 00 00 00 00 00 80 66 36 2f f7 7c 3f 62 32 1d be 00 00 00 00 1d 3b 69 bf 7b 9c 81 bd ac 95 d0 be 00 00 00 00 d6 34 d5 49 4a e4 71 49 47 c7 cb 4a 00 00 80 3f 8f 72 a4 ca fa 17 16 47 10 92 85 4a
CAM frame=61 a0 b4 a5 ca 89 ad 33 47 91 7d 85 4a 00 00 80 3f 18 7e d2 be d4 6b 10 3e 1c 8e 66 3f 00 00 00 00 00 00 a9 36 e7 ea 7c 3f 48 6d 1e be 00 00 00 00 74 5d 69 bf 46 41 82 bd 5c f5 cf be 00 00 00 00 7a 40 d6 49 5d ca 73 49 1a ac cb 4a 00 00 80 3f 8f 72 a4 ca fa 17 16 47 10 92 85 4a
CAM frame=62 4e b4 a5 ca 17 9e 33 47 37 7d 85 4a 00 00 80 3f 20 f3 d1 be 0a 6c 11 3e b4 a3 66 3f 00 00 00 00 00 c0 ba 36 b5 e0 7c 3f e9 70 1f be 00 00 00 00 bc 7c 69 bf f8 bf 82 bd b8 63 cf be 00 00 00 00 de 34 d7 49 f8 58 75 49 02 94 cb 4a 00 00 80 3f 8f 72 a4 ca fa 17 16 47 10 92 85 4a
CAM frame=63 0f b4 a5 ca e7 90 33 47 dd 7c 85 4a 00 00 80 3f 58 81 d1 be 0e 26 12 3e 3a b6 66 3f 00 00 00 00 00 c0 b9 36 57 d9 7c 3f 57 2b 20 be 00 00 00 00 48 96 69 bf ae 11 83 bd 4c ed ce be 00 00 00 00 94 fc d7 49 11 75 76 49 00 81 cb 4a 00 00 80 3f 8f 72 a4 ca fa 17 16 47 10 92 85 4a
CAM frame=64 e9 b3 a5 ca dd 85 33 47 89 7c 85 4a 00 00 80 3f b0 09 d1 be 9a cc 12 3e bf ca 66 3f 00 00 00 00 00 c0 af 36 d5 d2 7c 3f 76 cf 20 be 00 00 00 00 13 b1 69 bf f8 4c 83 bd c8 71 ce be 00 00 00 00 68 ce d8 49 36 6c 77 49 07 6e cb 4a 00 00 80 3f 8f 72 a4 ca fa 17 16 47 10 92 85 4a
CAM frame=65 d8 b3 a5 ca 06 7d 33 47 31 7c 85 4a 00 00 80 3f 00 8d d0 be 00 5c 13 3e 39 e1 66 3f 00 00 00 00 00 40 a0 36 57 cd 7c 3f 61 59 21 be 00 00 00 00 e9 cc 69 bf 3a 6f 83 bd 2c f2 cd be 00 00 00 00 ba a8 d9 49 3e 38 78 49 49 5b cb 4a 00 00 80 3f 8f 72 a4 ca fa 17 16 47 10 92 85 4a
CAM frame=66 e2 b3 a5 ca 27 76 33 47 d9 7b 85 4a 00 00 80 3f 58 1e d0 be 1c b9 13 3e 76 f6 66 3f 00 00 00 00 00 40 90 36 f2 c9 7c 3f 57 ae 21 be 00 00 00 00 8e e5 69 bf ca 6e 83 bd 20 82 cd be 00 00 00 00 10 6a da 49 fe b0 78 49 d3 4b cb 4a 00 00 80 3f 8f 72 a4 ca fa 17 16 47 10 92 85 4a
CAM frame=67 fd b3 a5 ca 17 71 33 47 79 7b 85 4a 00 00 80 3f 84 94 cf be a6 0d 14 3e 1a 12 67 3f 00 00 00 00 00 80 77 36 17 c7 7c 3f bc f5 21 be 00 00 00 00 30 04 6a bf e4 51 83 bd b4 f7 cc be 00 00 00 00 d6 5a db 49 bc 0f 79 49 aa 39 cb 4a 00 00 80 3f 8f 72 a4 ca fa 17 16 47 10 92 85 4a
CAM frame=68 1c b4 a5 ca dc 6c 33 47 2c 7b 85 4a 00 00 80 3f 60 1e cf be 00 44 14 3e 69 2a 67 3f 00 00 00 00 00 80 57 36 6e c5 7c 3f 21 1f 22 be 00 00 00 00 57 1e 6a bf e0 28 83 bd b4 81 cc be 00 00 00 00 06 29 dc 49 08 41 79 49 ad 2a cb 4a 00 00 80 3f 8f 72 a4 ca fa 17 16 47 10 92 85 4a
CAM frame=69 38 b4 a5 ca 1d 69 33 47 e0 7a 85 4a 00 00 80 3f a0 a6 ce be 7a 6e 14 3e 7c 43 67 3f 00 00 00 00 00 00 39 36 4d c4 7c 3f 4c 3b 22 be 00 00 00 00 c8 38 6a bf 01 f4 82 bd 88 0a cc be 00 00 00 00 f0 f9 dc 49 b4 5c 79 49 da 1b cb 4a 00 00 80 3f 8f 72 a4 ca fa 17 16 47 10 92 85 4a
CAM frame=70 50 b4 a5 ca d8 65 33 47 9d 7a 85 4a 00 00 80 3f 2c 31 ce be ac 8f 14 3e 5d 5c 67 3f 00 00 00 00 00 80 1a 36 90 c3 7c 3f b5 4d 22 be 00 00 00 00 a9 52 6a bf 9c b8 82 bd f4 95 cb be 00 00 00 00 dc c6 dd 49 eb 68 79 49 90 0d cb 4a 00 00 80 3f 8f 72 a4 ca fa 17 16 47 10 92 85 4a
CAM frame=71 66 b4 a5 ca 00 63 33 47 60 7a 85 4a 00 00 80 3f 64 ba cd be f0 aa 14 3e b1 75 67 3f 00 00 00 00 00 00 fb 35 17 c3 7c 3f 78 59 22 be 00 00 00 00 bf 6c 6a bf f8 76 82 bd 4c 20 cb be 00 00 00 00 06 96 de 49 2a 6a 79 49 48 ff ca 4a 00 00 80 3f 8f 72 a4 ca fa 17 16 47 10 92 85 4a
CAM frame=72 79 b4 a5 ca 8e 60 33 47 29 7a 85 4a 00 00 80 3f 00 3f cd be 7a c2 14 3e 1f 90 67 3f 00 00 00 00 00 00 c3 35 cf c2 7c 3f 7f 60 22 be 00 00 00 00 c7 87 6a bf 8c 2e 82 bd 3c a6 ca be 00 00 00 00 3a 6d df 49 04 63 79 49 8e f0 ca 4a 00 00 80 3f 8f 72 a4 ca fa 17 16 47 10 92 85 4a
CAM frame=73 8b b4 a5 ca 7b 5e 33 47 f8 79 85 4a 00 00 80 3f b8 e0 cc be 76 d1 14 3e 69 a4 67 3f 00 00 00 00 00 00 9d 35 b9 c2 7c 3f 9c 62 22 be 00 00 00 00 67 9c 6a bf 8d f4 81 bd 14 49 ca be 00 00 00 00 7a 11 e0 49 4a 58 79 49 64 e5 ca 4a 00 00 80 3f 8f 72 a4 ca fa 17 16 47 10 92 85 4a
CAM frame=74 9a b4 a5 ca c0 5c 33 47 cc 79 85 4a 00 00 80 3f 84 82 cc be 6a de 14 3e b3 b8 67 3f 00 00 00 00 00 00 7e 35 ba c2 7c 3f 8c 62 22 be 00 00 00 00 f3 b0 6a bf da b8 81 bd 10 ec c9 be 00 00 00 00 90 b5 e0 49 06 4a 79 49 43 da ca 4a 00 00 80 3f 8f 72 a4 ca fa 17 16 47 10 92 85 4a
CAM frame=75 a9 b4 a5 ca 5a 5b 33 47 a5 79 85 4a 00 00 80 3f 88 20 cc be 12 ea 14 3e d1 cd 67 3f 00 00 00 00 00 00 46 35 cf c2 7c 3f 89 60 22 be 00 00 00 00 43 c6 6a bf 34 79 81 bd 5c 8b c9 be 00 00 00 00 36 60 e1 49 00 38 79 49 b5 ce ca 4a 00 00 80 3f 8f 72 a4 ca fa 17 16 47 10 92 85 4a
CAM frame=76 b7 b4 a5 ca 40 5a 33 47 80 79 85 4a 00 00 80 3f e4 d4 cb be 20 f2 14 3e 20 de 67 3f 00 00 00 00 00 00 18 35 e9 c2 7c 3f fb 5d 22 be 00 00 00 00 b0 d6 6a bf 48 47 81 bd c4 40 c9 be 00 00 00 00 c6 e3 e1 49 74 28 79 49 ce c5 ca 4a 00 00 80 3f 8f 72 a4 ca fa 17 16 47 10 92 85 4a
CAM frame=77 c2 b4 a5 ca 74 59 33 47 60 79 85 4a 00 00 80 3f 70 89 cb be c9 f9 14 3e 68 ee 67 3f 00 00 00 00 00 00 e8 34 07 c3 7c 3f 08 5b 22 be 00 00 00 00 10 e7 6a bf 1e 15 81 bd 5c f6 c8 be 00 00 00 00 12 67 e2 49 3f 18 79 49 ee bc ca 4a 00 00 80 3f 8f 72 a4 ca fa 17 16 47 10 92 85 4a
CAM frame=78 cd b4 a5 ca f4 58 33 47 43 79 85 4a 00 00 80 3f 78 3f cb be 0e 01 15 3e 54 fe 67 3f 00 00 00 00 00 00 c4 34 27 c3 7c 3f e5 57 22 be 00 00 00 00 12 f7 6a bf be e3 80 bd 6c ad c8 be 00 00 00 00 ba e7 e2 49 ef 07 79 49 37 b4 ca 4a 00 00 80 3f 8f 72 a4 ca fa 17 16 47 10 92 85 4a
CAM frame=79 d6 b4 a5 ca bd 58 33 47 29 79 85 4a 00 00 80 3f 00 0b cb be 7a 06 15 3e 97 09 68 3f 00 00 00 00 00 00 ac 34 3b c3 7c 3f fa 55 22 be 00 00 00 00 67 02 6b bf fc c0 80 bd b0 79 c8 be 00 00 00 00 de 42 e3 49 d5 fc 78 49 01 ae ca 4a 00 00 80 3f 8f 72 a4 ca fa 17 16 47 10 92 85 4a
CAM frame=80 de b4 a5 ca ba 58 33 47 12 79 85 4a 00 00 80 3f 0c da ca be be 0b 15 3e 13 14 68 3f 00 00 00 00 00 00 94 34 4b c3 7c 3f 6b 54 22 be 00 00 00 00 f7 0c 6b bf bc a0 80 bd 64 49 c8 be 00 00 00 00 e2 97 e3 49 d2 f2 78 49 32 a8 ca 4a 00 00 80 3f 8f 72 a4 ca fa 17 16 47 10 92 85 4a
CAM frame=81 e6 b4 a5 ca ba 58 33 47 fc 78 85 4a 00 00 80 3f e0 a0 ca be 34 12 15 3e 4d 20 68 3f 00 00 00 00 00 00 68 34 5a c3 7c 3f f4 52 22 be 00 00 00 00 4b 19 6b bf 58 7b 80 bd fc 10 c8 be 00 00 00 00 3c fb e3 49 ae e7 78 49 65 a1 ca 4a 00 00 80 3f 8f 72 a4 ca fa 17 16 47 10 92 85 4a
CAM frame=82 ed b4 a5 ca ba 58 33 47 e8 78 85 4a 00 00 80 3f a4 6e ca be 28 18 15 3e 03 2b 68 3f 00 00 00 00 00 00 48 34 64 c3 7c 3f f8 51 22 be 00 00 00 00 1b 24 6b bf bc 5a 80 bd 6c df c7 be 00 00 00 00 7e 52 e4 49 60 de 78 49 66 9b ca 4a 00 00 80 3f 8f 72 a4 ca fa 17 16 47 10 92 85 4a
CAM frame=83 f3 b4 a5 ca ba 58 33 47 d7 78 85 4a 00 00 80 3f 6c 51 ca be bb 1b 15 3e 3b 31 68 3f 00 00 00 00 00 00 40 34 69 c3 7c 3f 86 51 22 be 00 00 00 00 63 2a 6b bf dd 47 80 bd 94 c2 c7 be 00 00 00 00 24 85 e4 49 28 d9 78 49 e7 97 ca 4a 00 00 80 3f 8f 72 a4 ca fa 17 16 47 10 92 85 4a
CAM frame=84 f9 b4 a5 ca ba 58 33 47 c7 78 85 4a 00 00 80 3f 3c 39 ca be bc 1e 15 3e 62 36 68 3f 00 00 00 00 00 00 28 34 6c c3 7c 3f 35 51 22 be 00 00 00 00 98 2f 6b bf 4a 38 80 bd b4 aa c7 be 00 00 00 00 0a af e4 49 ec d4 78 49 02 95 ca 4a 00 00 80 3f 8f 72 a4 ca fa 17 16 47 10 92 85 4a
CAM frame=85 fe b4 a5 ca ba 58 33 47 b9 78 85 4a 00 00 80 3f b4 21 ca be b6 21 15 3e 68 3b 68 3f 00 00 00 00 00 00 08 34 6f c3 7c 3f f4 50 22 be 00 00 00 00 ac 34 6b bf 28 29 80 bd 7c 93 c7 be 00 00 00 00 de d7 e4 49 e2 d0 78 49 34 92 ca 4a 00 00 80 3f 8f 72 a4 ca fa 17 16 47 10 92 85 4a
CAM frame=86 03 b5 a5 ca ba 58 33 47 ac 78 85 4a 00 00 80 3f 1c 07 ca be 11 25 15 3e 0c 41 68 3f 00 00 00 00 00 00 20 34 72 c3 7c 3f aa 50 22 be 00 00 00 00 60 3a 6b bf 11 18 80 bd 40 79 c7 be 00 00 00 00 fa 05 e5 49 50 cc 78 49 02 8f ca 4a 00 00 80 3f 8f 72 a4 ca fa 17 16 47 10 92 85 4a
CAM frame=87 07 b5 a5 ca ba 58 33 47 a2 78 85 4a 00 00 80 3f 8c ee c9 be 05 28 15 3e 40 46 68 3f 00 00 00 00 00 00 30 34 76 c3 7c 3f 3e 50 22 be 00 00 00 00 a0 3f 6b bf 2e 08 80 bd 00 61 c7 be 00 00 00 00 8e 30 e5 49 da c7 78 49 0e 8c ca 4a 00 00 80 3f 8f 72 a4 ca fa 17 16 47 10 92 85 4a
CAM frame=88 0c b5 a5 ca ba 58 33 47 97 78 85 4a 00 00 80 3f 98 ee c9 be 08 28 15 3e 44 46 68 3f 00 00 00 00 00 00 28 34 76 c3 7c 3f 40 50 22 be 00 00 00 00 a4 3f 6b bf 30 08 80 bd 0c 61 c7 be 00 00 00 00 56 30 e5 49 e0 c7 78 49 14 8c ca 4a 00 00 80 3f 8f 72 a4 ca fa 17 16 47 10 92 85 4a
CAM frame=89 0f b5 a5 ca ba 58 33 47 8d 78 85 4a 00 00 80 3f 5c d5 c9 be 11 2b 15 3e 9b 4b 68 3f 00 00 00 00 00 00 20 34 7a c3 7c 3f d5 4f 22 be 00 00 00 00 09 45 6b bf c5 ef 7f bd 28 48 c7 be 00 00 00 00 16 5c e5 49 4a c3 78 49 0b 89 ca 4a 00 00 80 3f 8f 72 a4 ca fa 17 16 47 10 92 85 4a
CAM frame=90 13 b5 a5 ca ba 58 33 47 86 78 85 4a 00 00 80 3f 5c d5 c9 be 12 2b 15 3e 9b 4b 68 3f 00 00 00 00 00 00 28 34 7a c3 7c 3f d5 4f 22 be 00 00 00 00 09 45 6b bf c4 ef 7f bd 28 48 c7 be 00 00 00 00 f6 5b e5 49 4c c3 78 49 0c 89 ca 4a 00 00 80 3f 8f 72 a4 ca fa 17 16 47 10 92 85 4a
CAM frame=91 17 b5 a5 ca ba 58 33 47 7e 78 85 4a 00 00 80 3f 5c d5 c9 be 12 2b 15 3e 9b 4b 68 3f 00 00 00 00 00 00 20 34 7a c3 7c 3f d6 4f 22 be 00 00 00 00 09 45 6b bf c6 ef 7f bd 28 48 c7 be 00 00 00 00 d4 5b e5 49 4e c3 78 49 0c 89 ca 4a 00 00 80 3f 8f 72 a4 ca fa 17 16 47 10 92 85 4a
CAM frame=92 1b b5 a5 ca ba 58 33 47 77 78 85 4a 00 00 80 3f 28 bb c9 be d8 2d 15 3e 30 51 68 3f 00 00 00 00 00 00 00 34 83 c3 7c 3f fa 4e 22 be 00 00 00 00 a8 4a 6b bf 33 cd 7f bd 4c 2e c7 be 00 00 00 00 58 89 e5 49 e4 bd 78 49 ed 85 ca 4a 00 00 80 3f 8f 72 a4 ca fa 17 16 47 10 92 85 4a
CAM frame=93 1d b5 a5 ca ba 58 33 47 71 78 85 4a 00 00 80 3f 2c bb c9 be d8 2d 15 3e 30 51 68 3f 00 00 00 00 00 00 10 34 83 c3 7c 3f fa 4e 22 be 00 00 00 00 a8 4a 6b bf 37 cd 7f bd 50 2e c7 be 00 00 00 00 38 89 e5 49 e4 bd 78 49 ee 85 ca 4a 00 00 80 3f 8f 72 a4 ca fa 17 16 47 10 92 85 4a
CAM frame=94 1f b5 a5 ca ba 58 33 47 6b 78 85 4a 00 00 80 3f f0 a2 c9 be 50 30 15 3e 55 56 68 3f 00 00 00 00 00 00 00 34 8c c3 7c 3f 16 4e 22 be 00 00 00 00 d5 4f 6b bf 22 ad 7f bd 68 16 c7 be 00 00 00 00 4c b3 e5 49 b8 b8 78 49 05 83 ca 4a 00 00 80 3f 8f 72 a4 ca fa 17 16 47 10 92 85 4a
CAM frame=95 20 b5 a5 ca ba 58 33 47 67 78 85 4a 00 00 80 3f f0 a2 c9 be 52 30 15 3e 5c 56 68 3f 00 00 00 00 00 00 c0 33 8c c3 7c 3f 18 4e 22 be 00 00 00 00 dc 4f 6b bf 1d ad 7f bd 68 16 c7 be 00 00 00 00 4a b3 e5 49 b8 b8 78 49 08 83 ca 4a 00 00 80 3f 8f 72 a4 ca fa 17 16 47 10 92 85 4a
CAM frame=96 21 b5 a5 ca ba 58 33 47 63 78 85 4a 00 00 80 3f f8 a2 c9 be 50 30 15 3e 56 56 68 3f 00 00 00 00 00 00 08 34 8c c3 7c 3f 17 4e 22 be 00 00 00 00 d6 4f 6b bf 24 ad 7f bd 70 16 c7 be 00 00 00 00 22 b3 e5 49 b7 b8 78 49 06 83 ca 4a 00 00 80 3f 8f 72 a4 ca fa 17 16 47 10 92 85 4a
CAM frame=97 21 b5 a5 ca ba 58 33 47 5f 78 85 4a 00 00 80 3f f8 a2 c9 be 50 30 15 3e 56 56 68 3f 00 00 00 00 00 00 08 34 8c c3 7c 3f 17 4e 22 be 00 00 00 00 d6 4f 6b bf 24 ad 7f bd 70 16 c7 be 00 00 00 00 14 b3 e5 49 b5 b8 78 49 04 83 ca 4a 00 00 80 3f 8f 72 a4 ca fa 17 16 47 10 92 85 4a
CAM frame=98 22 b5 a5 ca ba 58 33 47 5b 78 85 4a 00 00 80 3f f8 a2 c9 be 50 30 15 3e 56 56 68 3f 00 00 00 00 00 00 08 34 8c c3 7c 3f 17 4e 22 be 00 00 00 00 d6 4f 6b bf 24 ad 7f bd 70 16 c7 be 00 00 00 00 02 b3 e5 49 b4 b8 78 49 04 83 ca 4a 00 00 80 3f 8f 72 a4 ca fa 17 16 47 10 92 85 4a
CAM frame=99 24 b5 a5 ca ba 58 33 47 58 78 85 4a 00 00 80 3f f8 a2 c9 be 50 30 15 3e 56 56 68 3f 00 00 00 00 00 00 08 34 8c c3 7c 3f 17 4e 22 be 00 00 00 00 d6 4f 6b bf 24 ad 7f bd 70 16 c7 be 00 00 00 00 f6 b2 e5 49 b4 b8 78 49 04 83 ca 4a 00 00 80 3f 8f 72 a4 ca fa 17 16 47 10 92 85 4a
CAM frame=100 25 b5 a5 ca ba 58 33 47 55 78 85 4a 00 00 80 3f 68 8b c9 be c3 32 15 3e 5e 5b 68 3f 00 00 00 00 00 00 e0 33 95 c3 7c 3f 46 4d 22 be 00 00 00 00 e8 54 6b bf f6 8d 7f bd 38 ff c6 be 00 00 00 00 fc db e5 49 be b3 78 49 39 80 ca 4a 00 00 80 3f 8f 72 a4 ca fa 17 16 47 10 92 85 4a
CAM frame=101 25 b5 a5 ca ba 58 33 47 52 78 85 4a 00 00 80 3f 7c 8b c9 be c4 32 15 3e 57 5b 68 3f 00 00 00 00 00 00 38 34 94 c3 7c 3f 48 4d 22 be 00 00 00 00 e1 54 6b bf 09 8e 7f bd 4c ff c6 be 00 00 00 00 c8 db e5 49 c4 b3 78 49 38 80 ca 4a 00 00 80 3f 8f 72 a4 ca fa 17 16 47 10 92 85 4a
CAM frame=102 26 b5 a5 ca ba 58 33 47 4e 78 85 4a 00 00 80 3f 84 8b c9 be c4 32 15 3e 53 5b 68 3f 00 00 00 00 00 00 60 34 94 c3 7c 3f 49 4d 22 be 00 00 00 00 dd 54 6b bf 10 8e 7f bd 54 ff c6 be 00 00 00 00 a6 db e5 49 c4 b3 78 49 38 80 ca 4a 00 00 80 3f 8f 72 a4 ca fa 17 16 47 10 92 85 4a
CAM frame=103 26 b5 a5 ca ba 58 33 47 4c 78 85 4a 00 00 80 3f 8c 8b c9 be c5 32 15 3e 53 5b 68 3f 00 00 00 00 00 00 70 34 94 c3 7c 3f 4a 4d 22 be 00 00 00 00 dd 54 6b bf 14 8e 7f bd 5c ff c6 be 00 00 00 00 94 db e5 49 c6 b3 78 49 39 80 ca 4a 00 00 80 3f 8f 72 a4 ca fa 17 16 47 10 92 85 4a
CAM frame=104 27 b5 a5 ca ba 58 33 47 4a 78 85 4a 00 00 80 3f 90 8b c9 be c5 32 15 3e 4f 5b 68 3f 00 00 00 00 00 00 88 34 94 c3 7c 3f 4b 4d 22 be 00 00 00 00 d9 54 6b bf 1d 8e 7f bd 60 ff c6 be 00 00 00 00 7e db e5 49 c8 b3 78 49 37 80 ca 4a 00 00 80 3f 8f 72 a4 ca fa 17 16 47 10 92 85 4a
CAM frame=105 27 b5 a5 ca ba 58 33 47 49 78 85 4a 00 00 80 3f 90 8b c9 be c6 32 15 3e 4f 5b 68 3f 00 00 00 00 00 00 8c 34 94 c3 7c 3f 4b 4d 22 be 00 00 00 00 d9 54 6b bf 1c 8e 7f bd 60 ff c6 be 00 00 00 00 7a db e5 49 c8 b3 78 49 37 80 ca 4a 00 00 80 3f 8f 72 a4 ca fa 17 16 47 10 92 85 4a
CAM frame=106 27 b5 a5 ca ba 58 33 47 49 78 85 4a 00 00 80 3f 90 8b c9 be c6 32 15 3e 4f 5b 68 3f 00 00 00 00 00 00 8c 34 94 c3 7c 3f 4b 4d 22 be 00 00 00 00 d9 54 6b bf 1c 8e 7f bd 60 ff c6 be 00 00 00 00 7a db e5 49 c8 b3 78 49 37 80 ca 4a 00 00 80 3f 8f 72 a4 ca fa 17 16 47 10 92 85 4a
CAM frame=107 27 b5 a5 ca ba 58 33 47 48 78 85 4a 00 00 80 3f 90 8b c9 be c6 32 15 3e 4f 5b 68 3f 00 00 00 00 00 00 8c 34 94 c3 7c 3f 4b 4d 22 be 00 00 00 00 d9 54 6b bf 1c 8e 7f bd 60 ff c6 be 00 00 00 00 76 db e5 49 c8 b3 78 49 36 80 ca 4a 00 00 80 3f 8f 72 a4 ca fa 17 16 47 10 92 85 4a
CAM frame=108 27 b5 a5 ca ba 58 33 47 46 78 85 4a 00 00 80 3f 90 8b c9 be c6 32 15 3e 4f 5b 68 3f 00 00 00 00 00 00 8c 34 94 c3 7c 3f 4b 4d 22 be 00 00 00 00 d9 54 6b bf 1c 8e 7f bd 60 ff c6 be 00 00 00 00 70 db e5 49 c6 b3 78 49 36 80 ca 4a 00 00 80 3f 8f 72 a4 ca fa 17 16 47 10 92 85 4a
CAM frame=109 27 b5 a5 ca ba 58 33 47 46 78 85 4a 00 00 80 3f 90 8b c9 be c6 32 15 3e 4f 5b 68 3f 00 00 00 00 00 00 8c 34 94 c3 7c 3f 4b 4d 22 be 00 00 00 00 d9 54 6b bf 1c 8e 7f bd 60 ff c6 be 00 00 00 00 70 db e5 49 c6 b3 78 49 36 80 ca 4a 00 00 80 3f 8f 72 a4 ca fa 17 16 47 10 92 85 4a
CAM frame=110 28 b5 a5 ca ba 58 33 47 43 78 85 4a 00 00 80 3f 90 8b c9 be c6 32 15 3e 4f 5b 68 3f 00 00 00 00 00 00 8c 34 94 c3 7c 3f 4b 4d 22 be 00 00 00 00 d9 54 6b bf 1c 8e 7f bd 60 ff c6 be 00 00 00 00 62 db e5 49 c7 b3 78 49 35 80 ca 4a 00 00 80 3f 8f 72 a4 ca fa 17 16 47 10 92 85 4a
CAM frame=111 28 b5 a5 ca ba 58 33 47 42 78 85 4a 00 00 80 3f 90 8b c9 be c6 32 15 3e 4f 5b 68 3f 00 00 00 00 00 00 8c 34 94 c3 7c 3f 4b 4d 22 be 00 00 00 00 d9 54 6b bf 1c 8e 7f bd 60 ff c6 be 00 00 00 00 5e db e5 49 c6 b3 78 49 35 80 ca 4a 00 00 80 3f 8f 72 a4 ca fa 17 16 47 10 92 85 4a
CAM frame=112 28 b5 a5 ca ba 58 33 47 42 78 85 4a 00 00 80 3f 90 8b c9 be c6 32 15 3e 4f 5b 68 3f 00 00 00 00 00 00 8c 34 94 c3 7c 3f 4b 4d 22 be 00 00 00 00 d9 54 6b bf 1c 8e 7f bd 60 ff c6 be 00 00 00 00 5e db e5 49 c6 b3 78 49 35 80 ca 4a 00 00 80 3f 8f 72 a4 ca fa 17 16 47 10 92 85 4a
CAM frame=113 28 b5 a5 ca ba 58 33 47 42 78 85 4a 00 00 80 3f 90 8b c9 be c6 32 15 3e 4f 5b 68 3f 00 00 00 00 00 00 8c 34 94 c3 7c 3f 4b 4d 22 be 00 00 00 00 d9 54 6b bf 1c 8e 7f bd 60 ff c6 be 00 00 00 00 5e db e5 49 c6 b3 78 49 35 80 ca 4a 00 00 80 3f 8f 72 a4 ca fa 17 16 47 10 92 85 4a
CAM frame=114 28 b5 a5 ca ba 58 33 47 42 78 85 4a 00 00 80 3f 90 8b c9 be c6 32 15 3e 4f 5b 68 3f 00 00 00 00 00 00 8c 34 94 c3 7c 3f 4b 4d 22 be 00 00 00 00 d9 54 6b bf 1c 8e 7f bd 60 ff c6 be 00 00 00 00 5e db e5 49 c6 b3 78 49 35 80 ca 4a 00 00 80 3f 8f 72 a4 ca fa 17 16 47 10 92 85 4a
CAM frame=115 28 b5 a5 ca ba 58 33 47 41 78 85 4a 00 00 80 3f 90 8b c9 be c6 32 15 3e 4f 5b 68 3f 00 00 00 00 00 00 8c 34 94 c3 7c 3f 4b 4d 22 be 00 00 00 00 d9 54 6b bf 1c 8e 7f bd 60 ff c6 be 00 00 00 00 5c db e5 49 c6 b3 78 49 34 80 ca 4a 00 00 80 3f 8f 72 a4 ca fa 17 16 47 10 92 85 4a
CAM frame=116 29 b5 a5 ca ba 58 33 47 40 78 85 4a 00 00 80 3f e4 a4 c9 be c9 30 15 3e ec 55 68 3f 00 00 00 00 00 00 70 34 84 c3 7c 3f de 4e 22 be 00 00 00 00 74 4f 6b bf aa b0 7f bd 54 18 c7 be 00 00 00 00 4c af e5 49 36 ba 78 49 3a 83 ca 4a 00 00 80 3f 8f 72 a4 ca fa 17 16 47 10 92 85 4a
CAM frame=117 29 b5 a5 ca ba 58 33 47 40 78 85 4a 00 00 80 3f 84 06 ca be 22 28 15 3e 07 41 68 3f 00 00 00 00 00 00 48 34 50 c3 7c 3f ea 53 22 be 00 00 00 00 79 3a 6b bf 44 1a 80 bd 8c 78 c7 be 00 00 00 00 28 05 e5 49 64 d1 78 49 ca 8e ca 4a 00 00 80 3f 86 74 a4 ca b6 d3 15 47 f9 8b 85 4a
CAM frame=118 29 b5 a5 ca ba 58 33 47 40 78 85 4a 00 00 80 3f 38 7d ca be c0 21 15 3e 75 27 68 3f 00 00 00 00 00 00 20 33 e3 c2 7c 3f 98 5e 22 be 00 00 00 00 f9 20 6b bf 0a 6e 80 bd 6c ed c7 be 00 00 00 00 4e 36 e4 49 d4 f4 78 49 b8 9c ca 4a 00 00 80 3f 7d 76 a4 ca 2d 4b 15 47 e2 85 85 4a
CAM frame=119 29 b5 a5 ca ba 58 33 47 40 78 85 4a 00 00 80 3f 5c 24 cb be 1c 15 15 3e 71 03 68 3f 00 00 00 00 00 00 80 b3 70 c2 7c 3f bf 69 22 be 00 00 00 00 eb fc 6a bf f2 e0 80 bd 14 92 c8 be 00 00 00 00 bc 12 e3 49 64 20 79 49 58 b0 ca 4a 00 00 80 3f 74 78 a4 ca 60 7e 14 47 cb 7f 85 4a
CAM frame=120 29 b5 a5 ca ba 58 33 47 40 78 85 4a 00 00 80 3f 30 c9 cb be 34 0b 15 3e b3 df 67 3f 00 00 00 00 00 00 30 b4 e1 c1 7c 3f a4 77 22 be 00 00 00 00 3b d9 6a bf 9f 54 81 bd 60 34 c9 be 00 00 00 00 ec f2 e1 49 e6 4f 79 49 8a c3 ca 4a 00 00 80 3f 6b 7a a4 ca 4f 6d 13 47 b4 79 85 4a
CAM frame=121 29 b5 a5 ca ba 58 33 47 40 78 85 4a 00 00 80 3f b8 86 cc be db fb 14 3e 96 b6 67 3f 00 00 00 00 00 00 70 b4 68 c1 7c 3f 6e 83 22 be 00 00 00 00 08 b0 6a bf 59 d6 81 bd 20 ef c9 be 00 00 00 00 a4 a7 e0 49 b0 7f 79 49 a0 d9 ca 4a 00 00 80 3f 62 7c a4 ca fa 17 12 47 9d 73 85 4a
CAM frame=122 29 b5 a5 ca ba 58 33 47 40 78 85 4a 00 00 80 3f c4 42 cd be 8a ee 14 3e 87 8d 67 3f 00 00 00 00 00 00 90 b4 d8 c0 7c 3f 5a 91 22 be 00 00 00 00 f7 86 6a bf eb 58 82 bd 58 a8 ca be 00 00 00 00 8e 5e df 49 8c b2 79 49 5a ef ca 4a 00 00 80 3f 59 7e a4 ca 60 7e 10 47 86 6d 85 4a
CAM frame=123 29 b5 a5 ca ba 58 33 47 40 78 85 4a 00 00 80 3f ec 00 ce be 34 e2 14 3e c9 63 67 3f 00 00 00 00 00 00 b4 b4 39 c0 7c 3f d0 a0 22 be 00 00 00 00 43 5d 6a bf 26 de 82 bd 98 63 cb be 00 00 00 00 68 11 de 49 12 e8 79 49 2a 05 cb 4a 00 00 80 3f 50 80 a4 ca 82 a0 0e 47 6f 67 85 4a
CAM frame=124 29 b5 a5 ca ba 58 33 47 3f 78 85 4a 00 00 80 3f dc bd ce be 80 d6 14 3e 1e 3a 67 3f 00 00 00 00 00 00 d8 b4 94 bf 7c 3f eb b0 22 be 00 00 00 00 a8 33 6a bf 36 63 83 bd 9c 1d cc be 00 00 00 00 08 c6 dc 49 51 1e 7a 49 b4 1a cb 4a 00 00 80 3f 47 82 a4 ca 60 7e 0c 47 58 61 85 4a
CAM frame=125 29 b5 a5 ca ba 58 33 47 3f 78 85 4a 00 00 80 3f 38 78 cf be a1 c5 14 3e 0f 11 67 3f 00 00 00 00 00 00 d8 b4 2b bf 7c 3f 1c bb 22 be 00 00 00 00 73 0a 6a bf e5 e1 83 bd 44 d5 cc be 00 00 00 00 d6 7e db 49 8c 4a 7a 49 05 30 cb 4a 00 00 80 3f 3e 84 a4 ca fa 17 0a 47 41 5b 85 4a
CAM frame=126 29 b5 a5 ca ba 58 33 47 3f 78 85 4a 00 00 80 3f cc 33 d0 be 98 b5 14 3e 86 e7 66 3f 00 00 00 00 00 00 cc b4 b5 be 7c 3f 8a c6 22 be 00 00 00 00 ce e0 69 bf 67 62 84 bd 14 8e cd be 00 00 00 00 28 35 da 49 cd 78 7a 49 54 45 cb 4a 00 00 80 3f 35 86 a4 ca 4f 6d 07 47 2a 55 85 4a
CAM frame=127 29 b5 a5 ca ba 58 33 47 3f 78 85 4a 00 00 80 3f 88 ee d0 be e3 a5 14 3e f5 bd 66 3f 00 00 00 00 00 00 b8 b4 3b be 7c 3f 57 d2 22 be 00 00 00 00 25 b7 69 bf c2 e2 84 bd 0c 46 ce be 00 00 00 00 86 ec d8 49 69 a7 7a 49 65 5a cb 4a 00 00 80 3f 2c 88 a4 ca 60 7e 04 47 13 4f 85 4a
CAM frame=128 29 b5 a5 ca ba 58 33 47 3e 78 85 4a 00 00 80 3f 68 94 d1 be 28 9d 14 3e b2 98 66 3f 00 00 00 00 00 00 d4 b4 93 bd 7c 3f aa e2 22 be 00 00 00 00 02 92 69 bf a5 59 85 bd 48 e9 ce be 00 00 00 00 52 c8 d7 49 1e da 7a 49 d9 6c cb 4a 00 00 80 3f 23 8a a4 ca 2d 4b 01 47 fc 48 85 4a
CAM frame=129 29 b5 a5 ca ba 58 33 47 3e 78 85 4a 00 00 80 3f 5c 35 d2 be 60 93 14 3e 73 74 66 3f 00 00 00 00 00 00 d8 b4 fd bc 7c 3f 2e f1 22 be 00 00 00 00 d7 6d 69 bf fb cb 85 bd b4 87 cf be 00 00 00 00 86 ac d6 49 18 09 7b 49 b4 7e cb 4a 00 00 80 3f 1a 8c a4 ca 6b a7 fb 46 e5 42 85 4a
CAM frame=130 29 b5 a5 ca ba 58 33 47 3e 78 85 4a 00 00 80 3f 3c d6 d2 be 24 88 14 3e 28 50 66 3f 00 00 00 00 00 00 d0 b4 77 bc 7c 3f 30 fe 22 be 00 00 00 00 90 49 69 bf 15 3d 86 bd 18 26 d0 be 00 00 00 00 9c 90 d5 49 89 35 7b 49 84 90 cb 4a 00 00 80 3f 11 8e a4 ca f4 2f f4 46 ce 3c 85 4a
CAM frame=131 29 b5 a5 ca ba 58 33 47 3e 78 85 4a 00 00 80 3f b4 63 d3 be ee 7c 14 3e 2a 30 66 3f 00 00 00 00 00 00 b8 b4 0f bc 7c 3f 42 08 23 be 00 00 00 00 88 29 69 bf 76 9f 86 bd 6c b1 d0 be 00 00 00 00 aa 96 d4 49 56 5a 7b 49 26 a0 cb 4a 00 00 80 3f 08 90 a4 ca f4 2f ec 46 b7 36 85 4a
CAM frame=132 29 b5 a5 ca ba 58 33 47 3e 78 85 4a 00 00 80 3f c8 f2 d3 be 92 75 14 3e 92 0f 66 3f 00 00 00 00 00 00 c8 b4 78 bb 7c 3f e7 16 23 be 00 00 00 00 10 09 69 bf b4 06 87 bd 30 3e d1 be 00 00 00 00 b8 99 d3 49 a8 86 7b 49 c4 af cb 4a 00 00 80 3f ff 91 a4 ca 6b a7 e3 46 a0 30 85 4a
CAM frame=133 29 b5 a5 ca ba 58 33 47 3e 78 85 4a 00 00 80 3f 98 81 d4 be da 6b 14 3e 00 ef 65 3f 00 00 00 00 00 00 bc b4 fb ba 7c 3f 00 23 23 be 00 00 00 00 84 e8 68 bf bf 6b 87 bd c8 ca d1 be 00 00 00 00 f6 9c d2 49 c8 ae 7b 49 59 bf cb 4a 00 00 80 3f f6 93 a4 ca 50 6f dd 46 89 2a 85 4a
CAM frame=134 9a b4 a5 ca c8 44 33 47 79 77 85 4a 00 00 80 3f 3c c7 cd be fe 2e 15 3e 8b 6d 67 3f 00 00 00 00 00 00 a2 b6 2f bd 7c 3f 64 ec 22 be 00 00 00 00 f3 69 6a bf 5c f8 82 bd 18 28 cb be 00 00 00 00 9c 74 de 49 75 59 7a 49 3d fb ca 4a 00 00 80 3f f1 94 a4 ca ab 53 dd 46 7d 27 85 4a
CAM frame=135 d9 b3 a5 ca da 29 33 47 b6 76 85 4a 00 00 80 3f 04 42 c9 be 3a e4 15 3e 1e 64 68 3f 00 00 00 00 00 80 19 b6 3e bc 7c 3f b6 03 23 be 00 00 00 00 98 64 6b bf 06 29 80 bd f0 b0 c6 be 00 00 00 00 ca 57 e6 49 7d cd 79 49 dd 6f ca 4a 00 00 80 3f 6f 95 a4 ca e8 45 dd 46 f7 25 85 4a
CAM frame=136 d6 b2 a5 ca 91 06 33 47 0f 76 85 4a 00 00 80 3f 78 2b c6 be f8 99 16 3e 64 06 69 3f 00 00 00 00 00 00 b9 35 f9 b8 7c 3f c7 54 23 be 00 00 00 00 08 0c 6c bf 4c dd 7c bd 00 a2 c3 be 00 00 00 00 86 b3 eb 49 f2 d2 79 49 b5 0b ca 4a 00 00 80 3f ae 95 a4 ca f8 3e dd 46 34 25 85 4a
CAM frame=137 d2 b1 a5 ca a5 e3 32 47 94 75 85 4a 00 00 80 3f 38 16 c4 be 4e 52 17 3e a0 6f 69 3f 00 00 00 00 00 40 8d 36 05 b4 7c 3f 34 cf 23 be 00 00 00 00 46 7b 6c bf a6 ed 7a bd d8 8f c1 be 00 00 00 00 93 4d ef 49 4e 41 7a 49 a5 c4 c9 4a 00 00 80 3f cd 95 a4 ca 7b 3b dd 46 d3 24 85 4a
CAM frame=138 9e b1 a5 ca 64 dc 32 47 76 75 85 4a 00 00 80 3f 28 a3 c2 be 2e e1 17 3e 6a b7 69 3f 00 00 00 00 00 00 ab 36 e8 af 7c 3f 99 34 24 be 00 00 00 00 dc c7 6c bf 1d ac 79 bd 70 1e c0 be 00 00 00 00 7f cd f1 49 c5 a6 7a 49 b7 92 c9 4a 00 00 80 3f d2 95 a4 ca eb 3a dd 46 c3 24 85 4a
CAM frame=139 6c b1 a5 ca ab d5 32 47 5e 75 85 4a 00 00 80 3f a8 a4 c1 be b8 51 18 3e a9 e7 69 3f 00 00 00 00 00 c0 a9 36 6e ac 7c 3f 0c 8a 24 be 00 00 00 00 ff fb 6c bf f4 e6 78 bd 9c 20 bf be 00 00 00 00 9a 83 f3 49 59 05 7b 49 ae 6f c9 4a 00 00 80 3f d2 95 a4 ca ed 3a dd 46 c3 24 85 4a
CAM frame=140 3f b1 a5 ca 95 cf 32 47 49 75 85 4a 00 00 80 3f 58 eb c0 be c0 b3 18 3e f3 09 6a 3f 00 00 00 00 00 00 9a 36 30 a9 7c 3f b7 d9 24 be 00 00 00 00 c7 21 6d bf 3f 71 78 bd 40 67 be be 00 00 00 00 3c c2 f4 49 d5 65 7b 49 77 55 c9 4a 00 00 80 3f d2 95 a4 ca ed 3a dd 46 c3 24 85 4a
CAM frame=141 17 b1 a5 ca 17 ca 32 47 37 75 85 4a 00 00 80 3f 24 77 c0 be ba 01 19 3e ae 1e 6a 3f 00 00 00 00 00 40 86 36 6b a6 7c 3f 87 1d 25 be 00 00 00 00 62 39 6d bf 19 42 78 bd 78 f2 bd be 00 00 00 00 db 89 f5 49 ba be 7b 49 5a 44 c9 4a 00 00 80 3f d2 95 a4 ca ed 3a dd 46 c3 24 85 4a
CAM frame=142 f2 b0 a5 ca 1e c5 32 47 2a 75 85 4a 00 00 80 3f 50 31 c0 be a1 3d 19 3e 8e 2a 6a 3f 00 00 00 00 00 00 64 36 2d a4 7c 3f 60 54 25 be 00 00 00 00 84 47 6d bf fe 3a 78 bd dc ab bd be 00 00 00 00 bf 01 f6 49 9e 0a 7c 49 8e 39 c9 4a 00 00 80 3f d2 95 a4 ca ed 3a dd 46 c3 24 85 4a
CAM frame=143 ce b0 a5 ca a0 c0 32 47 1d 75 85 4a 00 00 80 3f 88 01 c0 be 06 79 19 3e f0 31 6a 3f 00 00 00 00 00 00 34 36 d4 a1 7c 3f c8 8d 25 be 00 00 00 00 34 51 6d bf 0e 54 78 bd f0 7a bd be 00 00 00 00 d3 53 f6 49 38 5e 7c 49 82 31 c9 4a 00 00 80 3f d2 95 a4 ca ed 3a dd 46 c3 24 85 4a
CAM frame=144 af b0 a5 ca 97 bc 32 47 12 75 85 4a 00 00 80 3f 8c 01 c0 be 06 79 19 3e ec 31 6a 3f 00 00 00 00 00 00 36 36 d4 a1 7c 3f c8 8d 25 be 00 00 00 00 30 51 6d bf 16 54 78 bd f4 7a bd be 00 00 00 00 ca 53 f6 49 50 5e 7c 49 5f 31 c9 4a 00 00 80 3f d2 95 a4 ca ed 3a dd 46 c3 24 85 4a
CAM frame=145 94 b0 a5 ca ef b8 32 47 09 75 85 4a 00 00 80 3f 8c 01 c0 be 06 79 19 3e ec 31 6a 3f 00 00 00 00 00 80 35 36 d4 a1 7c 3f c8 8d 25 be 00 00 00 00 30 51 6d bf 17 54 78 bd f4 7a bd be 00 00 00 00 d2 53 f6 49 66 5e 7c 49 41 31 c9 4a 00 00 80 3f d2 95 a4 ca ed 3a dd 46 c3 24 85 4a
CAM frame=146 7b b0 a5 ca ab b5 32 47 01 75 85 4a 00 00 80 3f 8c 01 c0 be 05 79 19 3e ec 31 6a 3f 00 00 00 00 00 00 35 36 d4 a1 7c 3f c8 8d 25 be 00 00 00 00 30 51 6d bf 18 54 78 bd f4 7a bd be 00 00 00 00 da 53 f6 49 75 5e 7c 49 26 31 c9 4a 00 00 80 3f d2 95 a4 ca ed 3a dd 46 c3 24 85 4a
CAM frame=147 64 b0 a5 ca b7 b2 32 47 fa 74 85 4a 00 00 80 3f 8c 01 c0 be 05 79 19 3e ec 31 6a 3f 00 00 00 00 00 00 35 36 d4 a1 7c 3f c8 8d 25 be 00 00 00 00 30 51 6d bf 18 54 78 bd f4 7a bd be 00 00 00 00 e2 53 f6 49 86 5e 7c 49 0e 31 c9 4a 00 00 80 3f d2 95 a4 ca ed 3a dd 46 c3 24 85 4a
CAM frame=148 51 b0 a5 ca 0d b0 32 47 f4 74 85 4a 00 00 80 3f 38 15 c0 be ab 9c 19 3e 74 2c 6a 3f 00 00 00 00 00 00 16 36 23 a0 7c 3f 0e b7 25 be 00 00 00 00 3a 4d 6d bf db ab 78 bd 14 8d bd be 00 00 00 00 30 32 f6 49 ae a3 7c 49 37 32 c9 4a 00 00 80 3f d2 95 a4 ca ed 3a dd 46 c3 24 85 4a
CAM frame=149 3d b0 a5 ca a8 ad 32 47 ee 74 85 4a 00 00 80 3f a4 3e c0 be 97 d7 19 3e 88 21 6a 3f 00 00 00 00 00 00 d6 35 49 9d 7c 3f 8e fc 25 be 00 00 00 00 d6 44 6d bf 7d 4a 79 bd cc b3 bd be 00 00 00 00 1a eb f5 49 76 19 7d 49 40 35 c9 4a 00 00 80 3f d2 95 a4 ca ed 3a dd 46 c3 24 85 4a
CAM frame=150 2d b0 a5 ca 81 ab 32 47 e9 74 85 4a 00 00 80 3f d4 68 c0 be 1a 09 1a 3e d2 16 6a 3f 00 00 00 00 00 00 96 35 d7 9a 7c 3f 04 38 26 be 00 00 00 00 46 3c 6d bf 10 db 79 bd 98 db bd be 00 00 00 00 a9 a2 f5 49 65 7f 7d 49 b4 38 c9 4a 00 00 80 3f d2 95 a4 ca ed 3a dd 46 c3 24 85 4a
CAM frame=151 1f b0 a5 ca 8d a9 32 47 e6 74 85 4a 00 00 80 3f 48 81 c0 be 06 1e 1a 3e f1 10 6a 3f 00 00 00 00 00 00 76 35 c4 99 7c 3f 17 52 26 be 00 00 00 00 53 37 6d bf 33 22 7a bd e8 f2 bd be 00 00 00 00 bb 78 f5 49 1e ad 7d 49 f5 3a c9 4a 00 00 80 3f d2 95 a4 ca ed 3a dd 46 c3 24 85 4a
CAM frame=152 10 b0 a5 ca cd a7 32 47 e2 74 85 4a 00 00 80 3f a8 b0 c0 be 6f 3d 1a 3e e4 05 6a 3f 00 00 00 00 00 00 28 35 18 98 7c 3f c4 7a 26 be 00 00 00 00 b2 2d 6d bf 4a 9d 7a bd 60 20 be be 00 00 00 00 5a 27 f5 49 f6 f5 7d 49 a6 3f c9 4a 00 00 80 3f d2 95 a4 ca ed 3a dd 46 c3 24 85 4a
CAM frame=153 06 b0 a5 ca 3b a6 32 47 de 74 85 4a 00 00 80 3f 18 dd c0 be 6d 5a 1a 3e 8b fb 69 3f 00 00 00 00 00 00 d8 34 8a 96 7c 3f 6e a0 26 be 00 00 00 00 ab 24 6d bf 10 10 7b bd 10 4b be be 00 00 00 00 02 db f4 49 84 39 7e 49 16 44 c9 4a 00 00 80 3f d2 95 a4 ca ed 3a dd 46 c3 24 85 4a
CAM frame=154 fa af a5 ca cf a4 32 47 db 74 85 4a 00 00 80 3f 5c f5 c0 be f3 66 1a 3e 08 f6 69 3f 00 00 00 00 00 00 a8 34 d7 95 7c 3f 6d b1 26 be 00 00 00 00 bc 1f 6d bf 58 49 7b bd 78 62 be be 00 00 00 00 57 b1 f4 49 b6 58 7e 49 98 46 c9 4a 00 00 80 3f d2 95 a4 ca ed 3a dd 46 c3 24 85 4a
CAM frame=155 f0 af a5 ca 8a a3 32 47 d8 74 85 4a 00 00 80 3f 60 22 c1 be cf 79 1a 3e f9 eb 69 3f 00 00 00 00 00 00 40 34 bc 94 7c 3f 3e cc 26 be 00 00 00 00 95 16 6d bf 8e ac 7b bd 10 8e be be 00 00 00 00 ff 63 f4 49 0f 8b 7e 49 71 4b c9 4a 00 00 80 3f d2 95 a4 ca ed 3a dd 46 c3 24 85 4a
CAM frame=156 e8 af a5 ca 63 a2 32 47 d6 74 85 4a 00 00 80 3f 64 3a c1 be d7 81 1a 3e ac e6 69 3f 00 00 00 00 00 00 30 34 3c 94 7c 3f 5d d8 26 be 00 00 00 00 ae 11 6d bf 2d de 7b bd 5c a5 be be 00 00 00 00 b5 3a f4 49 70 a2 7e 49 12 4e c9 4a 00 00 80 3f d2 95 a4 ca ed 3a dd 46 c3 24 85 4a
CAM frame=157 e0 af a5 ca 5c a1 32 47 d2 74 85 4a 00 00 80 3f ec 52 c1 be f6 88 1a 3e 51 e1 69 3f 00 00 00 00 00 00 10 34 c5 93 7c 3f 93 e3 26 be 00 00 00 00 af 0c 6d bf 18 0f 7c bd 38 bd be be 00 00 00 00 86 10 f4 49 72 b8 7e 49 cd 50 c9 4a 00 00 80 3f d2 95 a4 ca ed 3a dd 46 c3 24 85 4a
CAM frame=158 d8 af a5 ca 6c a0 32 47 cf 74 85 4a 00 00 80 3f f0 6f c1 be 37 94 1a 3e d7 da 69 3f 00 00 00 00 00 00 e0 33 18 93 7c 3f e7 f3 26 be 00 00 00 00 c1 06 6d bf ab 4d 7c bd 58 d9 be be 00 00 00 00 9b de f3 49 5e d7 7e 49 ed 53 c9 4a 00 00 80 3f d2 95 a4 ca ed 3a dd 46 c3 24 85 4a
CAM frame=159 d2 af a5 ca 97 9f 32 47 cc 74 85 4a 00 00 80 3f 58 88 c1 be 7c 9c 1a 3e 74 d5 69 3f 00 00 00 00 00 00 60 33 95 92 7c 3f 59 00 27 be 00 00 00 00 c6 01 6d bf 5b 80 7c bd 08 f1 be be 00 00 00 00 9f b4 f3 49 52 ef 7e 49 9a 56 c9 4a 00 00 80 3f d2 95 a4 ca ed 3a dd 46 c3 24 85 4a
CAM frame=160 cc af a5 ca d7 9e 32 47 ca 74 85 4a 00 00 80 3f e8 a4 c1 be f9 a4 1a 3e 32 cf 69 3f 00 00 00 00 00 00 00 33 08 92 7c 3f a1 0d 27 be 00 00 00 00 f2 fb 6c bf b9 b9 7c bd c8 0c bf be 00 00 00 00 81 83 f3 49 4e 09 7f 49 c8 59 c9 4a 00 00 80 3f d2 95 a4 ca ed 3a dd 46 c3 24 85 4a
CAM frame=161 c6 af a5 ca 29 9e 32 47 ca 74 85 4a 00 00 80 3f 44 bd c1 be 30 ab 1a 3e e6 c9 69 3f 00 00 00 00 00 00 c0 32 9c 91 7c 3f da 17 27 be 00 00 00 00 fa f6 6c bf fd e8 7c bd 84 24 bf be 00 00 00 00 a6 59 f3 49 b2 1d 7f 49 88 5c c9 4a 00 00 80 3f d2 95 a4 ca ed 3a dd 46 c3 24 85 4a
CAM frame=162 c0 af a5 ca 8c 9d 32 47 c9 74 85 4a 00 00 80 3f a4 d9 c1 be b8 b1 1a 3e bc c3 69 3f 00 00 00 00 00 00 20 33 26 91 7c 3f 00 23 27 be 00 00 00 00 28 f1 6c bf ee 1e 7d bd 28 40 bf be 00 00 00 00 cc 28 f3 49 3d 34 7f 49 bd 5f c9 4a 00 00 80 3f d2 95 a4 ca ed 3a dd 46 c3 24 85 4a
CAM frame=163 bc af a5 ca fe 9c 32 47 c8 74 85 4a 00 00 80 3f f8 f4 c1 be 4c b7 1a 3e d5 bd 69 3f 00 00 00 00 00 00 00 32 bc 90 7c 3f fb 2c 27 be 00 00 00 00 91 eb 6c bf c5 51 7d bd d0 5a bf be 00 00 00 00 c7 f9 f2 49 bf 48 7f 49 dd 62 c9 4a 00 00 80 3f d2 95 a4 ca ed 3a dd 46 c3 24 85 4a
CAM frame=164 b8 af a5 ca 81 9c 32 47 c8 74 85 4a 00 00 80 3f 6c 0f c2 be 2c bc 1a 3e 22 b8 69 3f 00 00 00 00 00 00 c0 b2 5c 90 7c 3f 13 36 27 be 00 00 00 00 24 e6 6c bf 29 82 7d bd 9c 74 bf be 00 00 00 00 3f cc f2 49 b2 5b 7f 49 e6 65 c9 4a 00 00 80 3f d2 95 a4 ca ed 3a dd 46 c3 24 85 4a
CAM frame=165 b4 af a5 ca 0f 9c 32 47 c7 74 85 4a 00 00 80 3f d8 28 c2 be 86 c0 1a 3e af b2 69 3f 00 00 00 00 00 00 80 b3 03 90 7c 3f 74 3e 27 be 00 00 00 00 f1 e0 6c bf 19 b0 7d bd 70 8d bf be 00 00 00 00 83 a0 f2 49 53 6d 7f 49 d6 68 c9 4a 00 00 80 3f d2 95 a4 ca ed 3a dd 46 c3 24 85 4a
CAM frame=166 b0 af a5 ca aa 9b 32 47 c6 74 85 4a 00 00 80 3f 54 41 c2 be 68 c4 1a 3e 75 ad 69 3f 00 00 00 00 00 00 b0 b3 b1 8f 7c 3f 30 46 27 be 00 00 00 00 f1 db 6c bf cc db 7d bd 58 a5 bf be 00 00 00 00 65 76 f2 49 c2 7d 7f 49 ae 6b c9 4a 00 00 80 3f d2 95 a4 ca ed 3a dd 46 c3 24 85 4a
CAM frame=167 ac af a5 ca 52 9b 32 47 c5 74 85 4a 00 00 80 3f 5c 41 c2 be 67 c4 1a 3e 71 ad 69 3f 00 00 00 00 00 00 80 b3 b1 8f 7c 3f 31 46 27 be 00 00 00 00 ed db 6c bf d5 db 7d bd 60 a5 bf be 00 00 00 00 55 76 f2 49 c4 7d 7f 49 a9 6b c9 4a 00 00 80 3f d2 95 a4 ca ed 3a dd 46 c3 24 85 4a
CAM frame=168 a9 af a5 ca fb 9a 32 47 c3 74 85 4a 00 00 80 3f 5c 41 c2 be 67 c4 1a 3e 6e ad 69 3f 00 00 00 00 00 00 00 b3 b1 8f 7c 3f 30 46 27 be 00 00 00 00 ea db 6c bf d6 db 7d bd 60 a5 bf be 00 00 00 00 4c 76 f2 49 c4 7d 7f 49 a4 6b c9 4a 00 00 80 3f d2 95 a4 ca ed 3a dd 46 c3 24 85 4a
CAM frame=169 a6 af a5 ca ae 9a 32 47 c2 74 85 4a 00 00 80 3f c4 59 c2 be 0a c8 1a 3e 3b a8 69 3f 00 00 00 00 00 00 60 b3 62 8f 7c 3f a8 4d 27 be 00 00 00 00 ef d6 6c bf 0b 07 7e bd 38 bd bf be 00 00 00 00 53 4c f2 49 c0 8d 7f 49 7e 6e c9 4a 00 00 80 3f d2 95 a4 ca ed 3a dd 46 c3 24 85 4a
CAM frame=170 a2 af a5 ca 6b 9a 32 47 c2 74 85 4a 00 00 80 3f d4 59 c2 be 09 c8 1a 3e 35 a8 69 3f 00 00 00 00 00 00 80 b2 62 8f 7c 3f a8 4d 27 be 00 00 00 00 e9 d6 6c bf 1b 07 7e bd 48 bd bf be 00 00 00 00 38 4c f2 49 c2 8d 7f 49 79 6e c9 4a 00 00 80 3f d2 95 a4 ca ed 3a dd 46 c3 24 85 4a
CAM frame=171 a1 af a5 ca 2f 9a 32 47 c2 74 85 4a 00 00 80 3f 44 77 c2 be 34 cc 1a 3e e5 a1 69 3f 00 00 00 00 00 00 c0 b2 05 8f 7c 3f 6e 56 27 be 00 00 00 00 db d0 6c bf f3 3a 7e bd 0c da bf be 00 00 00 00 7f 19 f2 49 b2 a0 7f 49 e4 71 c9 4a 00 00 80 3f d2 95 a4 ca ed 3a dd 46 c3 24 85 4a
CAM frame=172 a0 af a5 ca f9 99 32 47 c2 74 85 4a 00 00 80 3f 4c 77 c2 be 34 cc 1a 3e e9 a1 69 3f 00 00 00 00 00 00 60 b3 05 8f 7c 3f 70 56 27 be 00 00 00 00 df d0 6c bf f8 3a 7e bd 14 da bf be 00 00 00 00 7e 19 f2 49 b5 a0 7f 49 e8 71 c9 4a 00 00 80 3f d2 95 a4 ca ed 3a dd 46 c3 24 85 4a
CAM frame=173 9f af a5 ca c9 99 32 47 c2 74 85 4a 00 00 80 3f 84 94 c2 be fe cf 1a 3e a9 9b 69 3f 00 00 00 00 00 00 00 b3 ad 8e 7c 3f c7 5e 27 be 00 00 00 00 dd ca 6c bf dd 6d 7e bd a4 f6 bf be 00 00 00 00 25 e7 f1 49 e6 b2 7f 49 50 75 c9 4a 00 00 80 3f d2 95 a4 ca ed 3a dd 46 c3 24 85 4a
CAM frame=174 9f af a5 ca 9c 99 32 47 c2 74 85 4a 00 00 80 3f 98 ae c2 be 3c d3 1a 3e 1b 96 69 3f 00 00 00 00 00 00 c0 b2 5f 8e 7c 3f 11 66 27 be 00 00 00 00 83 c5 6c bf 04 9b 7e bd 24 10 c0 be 00 00 00 00 3c ba f1 49 e3 c2 7f 49 61 78 c9 4a 00 00 80 3f d2 95 a4 ca ed 3a dd 46 c3 24 85 4a
CAM frame=175 9e af a5 ca 75 99 32 47 c1 74 85 4a 00 00 80 3f 28 c6 c2 be 23 d6 1a 3e 12 91 69 3f 00 00 00 00 00 00 80 32 1a 8e 7c 3f a0 6c 27 be 00 00 00 00 aa c0 6c bf c6 c3 7e bd 2c 27 c0 be 00 00 00 00 9d 91 f1 49 4a d1 7f 49 20 7b c9 4a 00 00 80 3f d2 95 a4 ca ed 3a dd 46 c3 24 85 4a
CAM frame=176 9c af a5 ca 51 99 32 47 c0 74 85 4a 00 00 80 3f 30 c6 c2 be 24 d6 1a 3e 0f 91 69 3f 00 00 00 00 00 00 60 33 1a 8e 7c 3f a0 6c 27 be 00 00 00 00 a7 c0 6c bf ce c3 7e bd 34 27 c0 be 00 00 00 00 8c 91 f1 49 4c d1 7f 49 1e 7b c9 4a 00 00 80 3f d2 95 a4 ca ed 3a dd 46 c3 24 85 4a
CAM frame=177 9b af a5 ca 31 99 32 47 c0 74 85 4a 00 00 80 3f 3c c6 c2 be 24 d6 1a 3e 0f 91 69 3f 00 00 00 00 00 00 80 33 1a 8e 7c 3f a2 6c 27 be 00 00 00 00 a7 c0 6c bf d5 c3 7e bd 40 27 c0 be 00 00 00 00 7e 91 f1 49 4e d1 7f 49 20 7b c9 4a 00 00 80 3f d2 95 a4 ca ed 3a dd 46 c3 24 85 4a
CAM frame=178 9b af a5 ca 14 99 32 47 c0 74 85 4a 00 00 80 3f 44 c6 c2 be 25 d6 1a 3e 0b 91 69 3f 00 00 00 00 00 00 c0 33 1a 8e 7c 3f a4 6c 27 be 00 00 00 00 a3 c0 6c bf e0 c3 7e bd 48 27 c0 be 00 00 00 00 6b 91 f1 49 54 d1 7f 49 20 7b c9 4a 00 00 80 3f d2 95 a4 ca ed 3a dd 46 c3 24 85 4a
CAM frame=179 9a af a5 ca fa 98 32 47 c0 74 85 4a 00 00 80 3f 48 c6 c2 be 26 d6 1a 3e 0b 91 69 3f 00 00 00 00 00 00 f0 33 1a 8e 7c 3f a6 6c 27 be 00 00 00 00 a3 c0 6c bf e5 c3 7e bd 4c 27 c0 be 00 00 00 00 68 91 f1 49 57 d1 7f 49 20 7b c9 4a 00 00 80 3f d2 95 a4 ca ed 3a dd 46 c3 24 85 4a
CAM frame=180 9a af a5 ca e1 98 32 47 c0 74 85 4a 00 00 80 3f 28 e2 c2 be 7a d9 1a 3e 1a 8b 69 3f 00 00 00 00 00 00 b0 33 c8 8d 7c 3f 4e 74 27 be 00 00 00 00 ea ba 6c bf 05 f4 7e bd 90 42 c0 be 00 00 00 00 65 61 f1 49 37 e2 7f 49 64 7e c9 4a 00 00 80 3f d2 95 a4 ca ed 3a dd 46 c3 24 85 4a
CAM frame=181 99 af a5 ca cd 98 32 47 c0 74 85 4a 00 00 80 3f c0 fa c2 be a0 d8 1a 3e fd 85 69 3f 00 00 00 00 00 00 f0 33 ac 8d 7c 3f f6 76 27 be 00 00 00 00 d5 b5 6c bf 3e 18 7f bd c0 5a c0 be 00 00 00 00 f7 36 f1 49 90 ea 7f 49 64 81 c9 4a 00 00 80 3f d2 95 a4 ca ed 3a dd 46 c3 24 85 4a
CAM frame=182 99 af a5 ca ba 98 32 47 c0 74 85 4a 00 00 80 3f c4 fa c2 be a0 d8 1a 3e fc 85 69 3f 00 00 00 00 00 00 08 34 ac 8d 7c 3f f7 76 27 be 00 00 00 00 d4 b5 6c bf 43 18 7f bd c4 5a c0 be 00 00 00 00 ef 36 f1 49 92 ea 7f 49 64 81 c9 4a 00 00 80 3f d2 95 a4 ca ed 3a dd 46 c3 24 85 4a
CAM frame=183 99 af a5 ca a8 98 32 47 c0 74 85 4a 00 00 80 3f cc fa c2 be a1 d8 1a 3e fc 85 69 3f 00 00 00 00 00 00 10 34 ac 8d 7c 3f f8 76 27 be 00 00 00 00 d4 b5 6c bf 4a 18 7f bd cc 5a c0 be 00 00 00 00 e5 36 f1 49 96 ea 7f 49 67 81 c9 4a 00 00 80 3f d2 95 a4 ca ed 3a dd 46 c3 24 85 4a
CAM frame=184 99 af a5 ca 9a 98 32 47 c0 74 85 4a 00 00 80 3f d4 fa c2 be a0 d8 1a 3e f8 85 69 3f 00 00 00 00 00 00 28 34 ac 8d 7c 3f f9 76 27 be 00 00 00 00 d0 b5 6c bf 54 18 7f bd d4 5a c0 be 00 00 00 00 d3 36 f1 49 98 ea 7f 49 66 81 c9 4a 00 00 80 3f d2 95 a4 ca ed 3a dd 46 c3 24 85 4a
CAM frame=185 99 af a5 ca 8d 98 32 47 c0 74 85 4a 00 00 80 3f d4 fa c2 be a0 d8 1a 3e f8 85 69 3f 00 00 00 00 00 00 28 34 ac 8d 7c 3f f9 76 27 be 00 00 00 00 d0 b5 6c bf 54 18 7f bd d4 5a c0 be 00 00 00 00 d3 36 f1 49 99 ea 7f 49 66 81 c9 4a 00 00 80 3f d2 95 a4 ca ed 3a dd 46 c3 24 85 4a
CAM frame=186 99 af a5 ca 80 98 32 47 c0 74 85 4a 00 00 80 3f d4 fa c2 be a0 d8 1a 3e f8 85 69 3f 00 00 00 00 00 00 28 34 ac 8d 7c 3f f9 76 27 be 00 00 00 00 d0 b5 6c bf 54 18 7f bd d4 5a c0 be 00 00 00 00 d3 36 f1 49 9a ea 7f 49 66 81 c9 4a 00 00 80 3f d2 95 a4 ca ed 3a dd 46 c3 24 85 4a
CAM frame=187 99 af a5 ca 74 98 32 47 c0 74 85 4a 00 00 80 3f d4 fa c2 be a0 d8 1a 3e f8 85 69 3f 00 00 00 00 00 00 28 34 ac 8d 7c 3f f9 76 27 be 00 00 00 00 d0 b5 6c bf 54 18 7f bd d4 5a c0 be 00 00 00 00 d3 36 f1 49 9b ea 7f 49 66 81 c9 4a 00 00 80 3f d2 95 a4 ca ed 3a dd 46 c3 24 85 4a
CAM frame=188 98 af a5 ca 67 98 32 47 c0 74 85 4a 00 00 80 3f 28 17 c3 be ba d8 1a 3e 0d 80 69 3f 00 00 00 00 00 00 00 34 7f 8d 7c 3f 37 7b 27 be 00 00 00 00 fb af 6c bf e5 43 7f bd a0 76 c0 be 00 00 00 00 ff 05 f1 49 18 f6 7f 49 d2 84 c9 4a 00 00 80 3f d2 95 a4 ca ed 3a dd 46 c3 24 85 4a
CAM frame=189 98 af a5 ca 5a 98 32 47 c0 74 85 4a 00 00 80 3f 94 2f c3 be de d8 1a 3e f2 7a 69 3f 00 00 00 00 00 00 d0 33 58 8d 7c 3f ee 7e 27 be 00 00 00 00 f2 aa 6c bf 86 69 7f bd 9c 8e c0 be 00 00 00 00 e2 db f0 49 0c 00 80 49 c5 87 c9 4a 00 00 80 3f d2 95 a4 ca ed 3a dd 46 c3 24 85 4a
CAM frame=190 98 af a5 ca 4c 98 32 47 c0 74 85 4a 00 00 80 3f 9c 2f c3 be e0 d8 1a 3e f2 7a 69 3f 00 00 00 00 00 00 f0 33 58 8d 7c 3f f0 7e 27 be 00 00 00 00 f2 aa 6c bf 8d 69 7f bd a4 8e c0 be 00 00 00 00 d8 db f0 49 0f 00 80 49 c7 87 c9 4a 00 00 80 3f d2 95 a4 ca ed 3a dd 46 c3 24 85 4a
CAM frame=191 98 af a5 ca 3e 98 32 47 c0 74 85 4a 00 00 80 3f a0 2f c3 be e0 d8 1a 3e ee 7a 69 3f 00 00 00 00 00 00 18 34 57 8d 7c 3f f1 7e 27 be 00 00 00 00 ee aa 6c bf 95 69 7f bd a8 8e c0 be 00 00 00 00 cb db f0 49 10 00 80 49 c5 87 c9 4a 00 00 80 3f d2 95 a4 ca ed 3a dd 46 c3 24 85 4a
CAM frame=192 97 af a5 ca 31 98 32 47 c0 74 85 4a 00 00 80 3f a0 2f c3 be e0 d8 1a 3e ee 7a 69 3f 00 00 00 00 00 00 20 34 57 8d 7c 3f f1 7e 27 be 00 00 00 00 ee aa 6c bf 94 69 7f bd a8 8e c0 be 00 00 00 00 cc db f0 49 10 00 80 49 c4 87 c9 4a 00 00 80 3f d2 95 a4 ca ed 3a dd 46 c3 24 85 4a
CAM frame=193 97 af a5 ca 25 98 32 47 c0 74 85 4a 00 00 80 3f 58 47 c3 be 50 d9 1a 3e fb 75 69 3f 00 00 00 00 00 00 00 34 2e 8d 7c 3f df 82 27 be 00 00 00 00 11 a6 6c bf 8d 8e 7f bd ec a5 c0 be 00 00 00 00 f5 b2 f0 49 2c 05 80 49 a2 8a c9 4a 00 00 80 3f d2 95 a4 ca ed 3a dd 46 c3 24 85 4a
CAM frame=194 97 af a5 ca 1c 98 32 47 bf 74 85 4a 00 00 80 3f 5c 47 c3 be 4e d9 1a 3e f1 75 69 3f 00 00 00 00 00 00 50 34 2e 8d 7c 3f de 82 27 be 00 00 00 00 07 a6 6c bf 9b 8e 7f bd f0 a5 c0 be 00 00 00 00 d7 b2 f0 49 2c 05 80 49 9c 8a c9 4a 00 00 80 3f d2 95 a4 ca ed 3a dd 46 c3 24 85 4a
CAM frame=195 97 af a5 ca 15 98 32 47 bf 74 85 4a 00 00 80 3f 5c 47 c3 be 50 d9 1a 3e f7 75 69 3f 00 00 00 00 00 00 20 34 2e 8d 7c 3f e0 82 27 be 00 00 00 00 0d a6 6c bf 96 8e 7f bd f0 a5 c0 be 00 00 00 00 e3 b2 f0 49 2d 05 80 49 a0 8a c9 4a 00 00 80 3f d2 95 a4 ca ed 3a dd 46 c3 24 85 4a
CAM frame=196 97 af a5 ca 11 98 32 47 bf 74 85 4a 00 00 80 3f 64 47 c3 be 50 d9 1a 3e f4 75 69 3f 00 00 00 00 00 00 48 34 2e 8d 7c 3f e1 82 27 be 00 00 00 00 0a a6 6c bf 9f 8e 7f bd f8 a5 c0 be 00 00 00 00 d3 b2 f0 49 2e 05 80 49 a0 8a c9 4a 00 00 80 3f d2 95 a4 ca ed 3a dd 46 c3 24 85 4a
CAM frame=197 97 af a5 ca 11 98 32 47 bf 74 85 4a 00 00 80 3f 64 47 c3 be 50 d9 1a 3e f0 75 69 3f 00 00 00 00 00 00 58 34 2e 8d 7c 3f e0 82 27 be 00 00 00 00 06 a6 6c bf a2 8e 7f bd f8 a5 c0 be 00 00 00 00 cb b2 f0 49 2e 05 80 49 9e 8a c9 4a 00 00 80 3f d2 95 a4 ca ed 3a dd 46 c3 24 85 4a
CAM frame=198 97 af a5 ca 11 98 32 47 bf 74 85 4a 00 00 80 3f 64 47 c3 be 50 d9 1a 3e f4 75 69 3f 00 00 00 00 00 00 40 34 2e 8d 7c 3f e1 82 27 be 00 00 00 00 0a a6 6c bf a0 8e 7f bd f8 a5 c0 be 00 00 00 00 d3 b2 f0 49 2e 05 80 49 a0 8a c9 4a 00 00 80 3f d2 95 a4 ca ed 3a dd 46 c3 24 85 4a
CAM frame=199 97 af a5 ca 11 98 32 47 bf 74 85 4a 00 00 80 3f 64 47 c3 be 50 d9 1a 3e f0 75 69 3f 00 00 00 00 00 00 58 34 2e 8d 7c 3f e0 82 27 be 00 00 00 00 06 a6 6c bf a2 8e 7f bd f8 a5 c0 be 00 00 00 00 cb b2 f0 49 2e 05 80 49 9e 8a c9 4a 00 00 80 3f d2 95 a4 ca ed 3a dd 46 c3 24 85 4a
CAM frame=200 97 af a5 ca 11 98 32 47 bf 74 85 4a 00 00 80 3f 10 5f c3 be 69 da 1a 3e f4 70 69 3f 00 00 00 00 00 00 10 34 fc 8c 7c 3f 87 87 27 be 00 00 00 00 28 a1 6c bf bc b4 7f bd 30 bd c0 be 00 00 00 00 01 8a f0 49 dc 0a 80 49 73 8d c9 4a 00 00 80 3f d2 95 a4 ca ed 3a dd 46 c3 24 85 4a
CAM frame=201 97 af a5 ca 11 98 32 47 bf 74 85 4a 00 00 80 3f 14 5f c3 be 6a da 1a 3e f1 70 69 3f 00 00 00 00 00 00 38 34 fc 8c 7c 3f 88 87 27 be 00 00 00 00 25 a1 6c bf c4 b4 7f bd 34 bd c0 be 00 00 00 00 f6 89 f0 49 de 0a 80 49 72 8d c9 4a 00 00 80 3f d2 95 a4 ca ed 3a dd 46 c3 24 85 4a
CAM frame=202 97 af a5 ca 11 98 32 47 bf 74 85 4a 00 00 80 3f 14 5f c3 be 6a da 1a 3e f1 70 69 3f 00 00 00 00 00 00 38 34 fc 8c 7c 3f 88 87 27 be 00 00 00 00 25 a1 6c bf c4 b4 7f bd 34 bd c0 be 00 00 00 00 f6 89 f0 49 de 0a 80 49 72 8d c9 4a 00 00 80 3f d2 95 a4 ca ed 3a dd 46 c3 24 85 4a
CAM frame=203 97 af a5 ca 11 98 32 47 bf 74 85 4a 00 00 80 3f 14 5f c3 be 6a da 1a 3e f1 70 69 3f 00 00 00 00 00 00 38 34 fc 8c 7c 3f 88 87 27 be 00 00 00 00 25 a1 6c bf c4 b4 7f bd 34 bd c0 be 00 00 00 00 f6 89 f0 49 de 0a 80 49 72 8d c9 4a 00 00 80 3f d2 95 a4 ca ed 3a dd 46 c3 24 85 4a
CAM frame=204 97 af a5 ca 11 98 32 47 bf 74 85 4a 00 00 80 3f 14 5f c3 be 6a da 1a 3e f1 70 69 3f 00 00 00 00 00 00 38 34 fc 8c 7c 3f 88 87 27 be 00 00 00 00 25 a1 6c bf c4 b4 7f bd 34 bd c0 be 00 00 00 00 f6 89 f0 49 de 0a 80 49 72 8d c9 4a 00 00 80 3f d2 95 a4 ca ed 3a dd 46 c3 24 85 4a
CAM frame=205 97 af a5 ca 11 98 32 47 bf 74 85 4a 00 00 80 3f 14 5f c3 be 6a da 1a 3e f1 70 69 3f 00 00 00 00 00 00 38 34 fc 8c 7c 3f 88 87 27 be 00 00 00 00 25 a1 6c bf c4 b4 7f bd 34 bd c0 be 00 00 00 00 f6 89 f0 49 de 0a 80 49 72 8d c9 4a 00 00 80 3f d2 95 a4 ca ed 3a dd 46 c3 24 85 4a
CAM frame=206 97 af a5 ca 11 98 32 47 bf 74 85 4a 00 00 80 3f 14 5f c3 be 6a da 1a 3e f1 70 69 3f 00 00 00 00 00 00 38 34 fc 8c 7c 3f 88 87 27 be 00 00 00 00 25 a1 6c bf c4 b4 7f bd 34 bd c0 be 00 00 00 00 f6 89 f0 49 de 0a 80 49 72 8d c9 4a 00 00 80 3f d2 95 a4 ca ed 3a dd 46 c3 24 85 4a
CAM frame=207 97 af a5 ca 11 98 32 47 bf 74 85 4a 00 00 80 3f 14 5f c3 be 6a da 1a 3e f1 70 69 3f 00 00 00 00 00 00 38 34 fc 8c 7c 3f 88 87 27 be 00 00 00 00 25 a1 6c bf c4 b4 7f bd 34 bd c0 be 00 00 00 00 f6 89 f0 49 de 0a 80 49 72 8d c9 4a 00 00 80 3f d2 95 a4 ca ed 3a dd 46 c3 24 85 4a
CAM frame=208 97 af a5 ca 11 98 32 47 bf 74 85 4a 00 00 80 3f 14 5f c3 be 6a da 1a 3e f1 70 69 3f 00 00 00 00 00 00 38 34 fc 8c 7c 3f 88 87 27 be 00 00 00 00 25 a1 6c bf c4 b4 7f bd 34 bd c0 be 00 00 00 00 f6 89 f0 49 de 0a 80 49 72 8d c9 4a 00 00 80 3f d2 95 a4 ca ed 3a dd 46 c3 24 85 4a
CAM frame=209 97 af a5 ca 11 98 32 47 bf 74 85 4a 00 00 80 3f 14 5f c3 be 6a da 1a 3e f1 70 69 3f 00 00 00 00 00 00 38 34 fc 8c 7c 3f 88 87 27 be 00 00 00 00 25 a1 6c bf c4 b4 7f bd 34 bd c0 be 00 00 00 00 f6 89 f0 49 de 0a 80 49 72 8d c9 4a 00 00 80 3f d2 95 a4 ca ed 3a dd 46 c3 24 85 4a
CAM frame=210 97 af a5 ca 11 98 32 47 bf 74 85 4a 00 00 80 3f d4 76 c3 be e8 db 1a 3e ea 6b 69 3f 00 00 00 00 00 00 08 34 c6 8c 7c 3f a0 8c 27 be 00 00 00 00 3e 9c 6c bf aa db 7f bd 78 d4 c0 be 00 00 00 00 fe 60 f0 49 e8 10 80 49 43 90 c9 4a 00 00 80 3f d2 95 a4 ca ed 3a dd 46 c3 24 85 4a
CAM frame=211 97 af a5 ca 11 98 32 47 bf 74 85 4a 00 00 80 3f dc 76 c3 be e9 db 1a 3e e9 6b 69 3f 00 00 00 00 00 00 10 34 c6 8c 7c 3f a1 8c 27 be 00 00 00 00 3d 9c 6c bf af db 7f bd 80 d4 c0 be 00 00 00 00 f1 60 f0 49 ea 10 80 49 45 90 c9 4a 00 00 80 3f d2 95 a4 ca ed 3a dd 46 c3 24 85 4a
CAM frame=212 97 af a5 ca 11 98 32 47 bf 74 85 4a 00 00 80 3f e4 76 c3 be ea db 1a 3e e9 6b 69 3f 00 00 00 00 00 00 20 34 c6 8c 7c 3f a3 8c 27 be 00 00 00 00 3d 9c 6c bf b5 db 7f bd 88 d4 c0 be 00 00 00 00 e7 60 f0 49 eb 10 80 49 48 90 c9 4a 00 00 80 3f d2 95 a4 ca ed 3a dd 46 c3 24 85 4a
CAM frame=213 97 af a5 ca 11 98 32 47 bf 74 85 4a 00 00 80 3f e8 76 c3 be ea db 1a 3e e5 6b 69 3f 00 00 00 00 00 00 48 34 c6 8c 7c 3f a4 8c 27 be 00 00 00 00 39 9c 6c bf bc db 7f bd 8c d4 c0 be 00 00 00 00 da 60 f0 49 ec 10 80 49 46 90 c9 4a 00 00 80 3f d2 95 a4 ca ed 3a dd 46 c3 24 85 4a
CAM frame=214 97 af a5 ca 11 98 32 47 bf 74 85 4a 00 00 80 3f e8 76 c3 be eb db 1a 3e e5 6b 69 3f 00 00 00 00 00 00 50 34 c6 8c 7c 3f a4 8c 27 be 00 00 00 00 39 9c 6c bf bb db 7f bd 8c d4 c0 be 00 00 00 00 da 60 f0 49 ed 10 80 49 46 90 c9 4a 00 00 80 3f d2 95 a4 ca ed 3a dd 46 c3 24 85 4a
CAM frame=215 97 af a5 ca 11 98 32 47 bf 74 85 4a 00 00 80 3f e8 76 c3 be eb db 1a 3e e5 6b 69 3f 00 00 00 00 00 00 50 34 c6 8c 7c 3f a4 8c 27 be 00 00 00 00 39 9c 6c bf bb db 7f bd 8c d4 c0 be 00 00 00 00 da 60 f0 49 ed 10 80 49 46 90 c9 4a 00 00 80 3f d2 95 a4 ca ed 3a dd 46 c3 24 85 4a
CAM frame=216 97 af a5 ca 11 98 32 47 bf 74 85 4a 00 00 80 3f e8 76 c3 be eb db 1a 3e e5 6b 69 3f 00 00 00 00 00 00 50 34 c6 8c 7c 3f a4 8c 27 be 00 00 00 00 39 9c 6c bf bb db 7f bd 8c d4 c0 be 00 00 00 00 da 60 f0 49 ed 10 80 49 46 90 c9 4a 00 00 80 3f d2 95 a4 ca ed 3a dd 46 c3 24 85 4a
CAM frame=217 97 af a5 ca 11 98 32 47 bf 74 85 4a 00 00 80 3f e8 76 c3 be eb db 1a 3e e5 6b 69 3f 00 00 00 00 00 00 50 34 c6 8c 7c 3f a4 8c 27 be 00 00 00 00 39 9c 6c bf bb db 7f bd 8c d4 c0 be 00 00 00 00 da 60 f0 49 ed 10 80 49 46 90 c9 4a 00 00 80 3f d2 95 a4 ca ed 3a dd 46 c3 24 85 4a
CAM frame=218 97 af a5 ca 11 98 32 47 bf 74 85 4a 00 00 80 3f e8 76 c3 be eb db 1a 3e e5 6b 69 3f 00 00 00 00 00 00 50 34 c6 8c 7c 3f a4 8c 27 be 00 00 00 00 39 9c 6c bf bb db 7f bd 8c d4 c0 be 00 00 00 00 da 60 f0 49 ed 10 80 49 46 90 c9 4a 00 00 80 3f d2 95 a4 ca ed 3a dd 46 c3 24 85 4a
CAM frame=219 97 af a5 ca 11 98 32 47 bf 74 85 4a 00 00 80 3f e8 76 c3 be eb db 1a 3e e5 6b 69 3f 00 00 00 00 00 00 50 34 c6 8c 7c 3f a4 8c 27 be 00 00 00 00 39 9c 6c bf bb db 7f bd 8c d4 c0 be 00 00 00 00 da 60 f0 49 ed 10 80 49 46 90 c9 4a 00 00 80 3f d2 95 a4 ca ed 3a dd 46 c3 24 85 4a
CAM frame=220 97 af a5 ca 11 98 32 47 bf 74 85 4a 00 00 80 3f e8 76 c3 be eb db 1a 3e e5 6b 69 3f 00 00 00 00 00 00 50 34 c6 8c 7c 3f a4 8c 27 be 00 00 00 00 39 9c 6c bf bb db 7f bd 8c d4 c0 be 00 00 00 00 da 60 f0 49 ed 10 80 49 46 90 c9 4a 00 00 80 3f d2 95 a4 ca ed 3a dd 46 c3 24 85 4a
CAM frame=221 97 af a5 ca 11 98 32 47 bf 74 85 4a 00 00 80 3f e8 76 c3 be eb db 1a 3e e5 6b 69 3f 00 00 00 00 00 00 50 34 c6 8c 7c 3f a4 8c 27 be 00 00 00 00 39 9c 6c bf bb db 7f bd 8c d4 c0 be 00 00 00 00 da 60 f0 49 ed 10 80 49 46 90 c9 4a 00 00 80 3f d2 95 a4 ca ed 3a dd 46 c3 24 85 4a
CAM frame=222 97 af a5 ca 11 98 32 47 bf 74 85 4a 00 00 80 3f e8 76 c3 be eb db 1a 3e e5 6b 69 3f 00 00 00 00 00 00 50 34 c6 8c 7c 3f a4 8c 27 be 00 00 00 00 39 9c 6c bf bb db 7f bd 8c d4 c0 be 00 00 00 00 da 60 f0 49 ed 10 80 49 46 90 c9 4a 00 00 80 3f d2 95 a4 ca ed 3a dd 46 c3 24 85 4a
CAM frame=223 97 af a5 ca 11 98 32 47 bf 74 85 4a 00 00 80 3f e8 76 c3 be eb db 1a 3e e5 6b 69 3f 00 00 00 00 00 00 50 34 c6 8c 7c 3f a4 8c 27 be 00 00 00 00 39 9c 6c bf bb db 7f bd 8c d4 c0 be 00 00 00 00 da 60 f0 49 ed 10 80 49 46 90 c9 4a 00 00 80 3f d2 95 a4 ca ed 3a dd 46 c3 24 85 4a
CAM frame=224 97 af a5 ca 11 98 32 47 bf 74 85 4a 00 00 80 3f e8 76 c3 be eb db 1a 3e e5 6b 69 3f 00 00 00 00 00 00 50 34 c6 8c 7c 3f a4 8c 27 be 00 00 00 00 39 9c 6c bf bb db 7f bd 8c d4 c0 be 00 00 00 00 da 60 f0 49 ed 10 80 49 46 90 c9 4a 00 00 80 3f d2 95 a4 ca ed 3a dd 46 c3 24 85 4a
CAM frame=225 97 af a5 ca 11 98 32 47 bf 74 85 4a 00 00 80 3f e8 76 c3 be eb db 1a 3e e5 6b 69 3f 00 00 00 00 00 00 50 34 c6 8c 7c 3f a4 8c 27 be 00 00 00 00 39 9c 6c bf bb db 7f bd 8c d4 c0 be 00 00 00 00 da 60 f0 49 ed 10 80 49 46 90 c9 4a 00 00 80 3f d2 95 a4 ca ed 3a dd 46 c3 24 85 4a
CAM frame=226 97 af a5 ca 11 98 32 47 bf 74 85 4a 00 00 80 3f e8 76 c3 be eb db 1a 3e e5 6b 69 3f 00 00 00 00 00 00 50 34 c6 8c 7c 3f a4 8c 27 be 00 00 00 00 39 9c 6c bf bb db 7f bd 8c d4 c0 be 00 00 00 00 da 60 f0 49 ed 10 80 49 46 90 c9 4a 00 00 80 3f d2 95 a4 ca ed 3a dd 46 c3 24 85 4a
CAM frame=227 97 af a5 ca 11 98 32 47 bf 74 85 4a 00 00 80 3f e8 76 c3 be eb db 1a 3e e5 6b 69 3f 00 00 00 00 00 00 50 34 c6 8c 7c 3f a4 8c 27 be 00 00 00 00 39 9c 6c bf bb db 7f bd 8c d4 c0 be 00 00 00 00 da 60 f0 49 ed 10 80 49 46 90 c9 4a 00 00 80 3f d2 95 a4 ca ed 3a dd 46 c3 24 85 4a
CAM frame=228 97 af a5 ca 11 98 32 47 bf 74 85 4a 00 00 80 3f e8 76 c3 be eb db 1a 3e e5 6b 69 3f 00 00 00 00 00 00 50 34 c6 8c 7c 3f a4 8c 27 be 00 00 00 00 39 9c 6c bf bb db 7f bd 8c d4 c0 be 00 00 00 00 da 60 f0 49 ed 10 80 49 46 90 c9 4a 00 00 80 3f d2 95 a4 ca ed 3a dd 46 c3 24 85 4a
CAM frame=229 97 af a5 ca 11 98 32 47 bf 74 85 4a 00 00 80 3f e8 76 c3 be eb db 1a 3e e5 6b 69 3f 00 00 00 00 00 00 50 34 c6 8c 7c 3f a4 8c 27 be 00 00 00 00 39 9c 6c bf bb db 7f bd 8c d4 c0 be 00 00 00 00 da 60 f0 49 ed 10 80 49 46 90 c9 4a 00 00 80 3f d2 95 a4 ca ed 3a dd 46 c3 24 85 4a
CAM frame=230 97 af a5 ca 11 98 32 47 bf 74 85 4a 00 00 80 3f e8 76 c3 be eb db 1a 3e e5 6b 69 3f 00 00 00 00 00 00 50 34 c6 8c 7c 3f a4 8c 27 be 00 00 00 00 39 9c 6c bf bb db 7f bd 8c d4 c0 be 00 00 00 00 da 60 f0 49 ed 10 80 49 46 90 c9 4a 00 00 80 3f d2 95 a4 ca ed 3a dd 46 c3 24 85 4a
CAM frame=231 97 af a5 ca 11 98 32 47 bf 74 85 4a 00 00 80 3f e8 76 c3 be eb db 1a 3e e5 6b 69 3f 00 00 00 00 00 00 50 34 c6 8c 7c 3f a4 8c 27 be 00 00 00 00 39 9c 6c bf bb db 7f bd 8c d4 c0 be 00 00 00 00 da 60 f0 49 ed 10 80 49 46 90 c9 4a 00 00 80 3f d2 95 a4 ca ed 3a dd 46 c3 24 85 4a
CAM frame=232 97 af a5 ca 11 98 32 47 bf 74 85 4a 00 00 80 3f 78 8e c3 be 06 da 1a 3e 0b 67 69 3f 00 00 00 00 00 00 28 34 b7 8c 7c 3f 0a 8e 27 be 00 00 00 00 5d 97 6c bf b6 fc 7f bd bc eb c0 be 00 00 00 00 38 38 f0 49 ff 13 80 49 2d 93 c9 4a 00 00 80 3f d2 95 a4 ca ed 3a dd 46 c3 24 85 4a
CAM frame=233 97 af a5 ca 11 98 32 47 bf 74 85 4a 00 00 80 3f 7c 8e c3 be 06 da 1a 3e 07 67 69 3f 00 00 00 00 00 00 40 34 b7 8c 7c 3f 0b 8e 27 be 00 00 00 00 59 97 6c bf bd fc 7f bd c0 eb c0 be 00 00 00 00 2b 38 f0 49 00 14 80 49 2c 93 c9 4a 00 00 80 3f d2 95 a4 ca ed 3a dd 46 c3 24 85 4a
CAM frame=234 97 af a5 ca 11 98 32 47 bf 74 85 4a 00 00 80 3f 8c 8e c3 be 09 da 1a 3e 0b 67 69 3f 00 00 00 00 00 00 50 34 b7 8c 7c 3f 0e 8e 27 be 00 00 00 00 5d 97 6c bf c1 fc 7f bd d0 eb c0 be 00 00 00 00 1e 38 f0 49 02 14 80 49 32 93 c9 4a 00 00 80 3f d2 95 a4 ca ed 3a dd 46 c3 24 85 4a
CAM frame=235 97 af a5 ca 11 98 32 47 bf 74 85 4a 00 00 80 3f a0 8e c3 be 0a da 1a 3e 06 67 69 3f 00 00 00 00 00 00 8c 34 b7 8c 7c 3f 11 8e 27 be 00 00 00 00 58 97 6c bf d1 fc 7f bd e4 eb c0 be 00 00 00 00 fa 37 f0 49 06 14 80 49 34 93 c9 4a 00 00 80 3f d2 95 a4 ca ed 3a dd 46 c3 24 85 4a
CAM frame=236 97 af a5 ca 11 98 32 47 bf 74 85 4a 00 00 80 3f b0 8e c3 be 0a da 1a 3e 00 67 69 3f 00 00 00 00 00 00 b4 34 b7 8c 7c 3f 12 8e 27 be 00 00 00 00 52 97 6c bf e0 fc 7f bd f4 eb c0 be 00 00 00 00 d7 37 f0 49 08 14 80 49 34 93 c9 4a 00 00 80 3f d2 95 a4 ca ed 3a dd 46 c3 24 85 4a
CAM frame=237 97 af a5 ca 11 98 32 47 bf 74 85 4a 00 00 80 3f b8 8e c3 be 0c da 1a 3e ff 66 69 3f 00 00 00 00 00 00 bc 34 b7 8c 7c 3f 13 8e 27 be 00 00 00 00 51 97 6c bf e4 fc 7f bd fc eb c0 be 00 00 00 00 cb 37 f0 49 09 14 80 49 36 93 c9 4a 00 00 80 3f d2 95 a4 ca ed 3a dd 46 c3 24 85 4a
CAM frame=238 97 af a5 ca 11 98 32 47 bf 74 85 4a 00 00 80 3f c0 8e c3 be 0c da 1a 3e fb 66 69 3f 00 00 00 00 00 00 c8 34 b7 8c 7c 3f 15 8e 27 be 00 00 00 00 4d 97 6c bf f0 fc 7f bd 04 ec c0 be 00 00 00 00 b9 37 f0 49 0a 14 80 49 36 93 c9 4a 00 00 80 3f d2 95 a4 ca ed 3a dd 46 c3 24 85 4a
CAM frame=239 97 af a5 ca 11 98 32 47 bf 74 85 4a 00 00 80 3f c4 8e c3 be 0e da 1a 3e fb 66 69 3f 00 00 00 00 00 00 d4 34 b7 8c 7c 3f 16 8e 27 be 00 00 00 00 4d 97 6c bf f6 fc 7f bd 08 ec c0 be 00 00 00 00 b3 37 f0 49 0d 14 80 49 36 93 c9 4a 00 00 80 3f d2 95 a4 ca ed 3a dd 46 c3 24 85 4a
CAM frame=240 97 af a5 ca 11 98 32 47 bf 74 85 4a 00 00 80 3f c4 8e c3 be 0d da 1a 3e f7 66 69 3f 00 00 00 00 00 00 d0 34 b7 8c 7c 3f 17 8e 27 be 00 00 00 00 49 97 6c bf 00 fd 7f bd 08 ec c0 be 00 00 00 00 ab 37 f0 49 0e 14 80 49 34 93 c9 4a 00 00 80 3f d2 95 a4 ca ed 3a dd 46 c3 24 85 4a
CAM frame=241 97 af a5 ca 11 98 32 47 bf 74 85 4a 00 00 80 3f c4 8e c3 be 0e da 1a 3e fb 66 69 3f 00 00 00 00 00 00 c4 34 b7 8c 7c 3f 19 8e 27 be 00 00 00 00 4d 97 6c bf 01 fd 7f bd 08 ec c0 be 00 00 00 00 b3 37 f0 49 0e 14 80 49 36 93 c9 4a 00 00 80 3f d2 95 a4 ca ed 3a dd 46 c3 24 85 4a
CAM frame=242 97 af a5 ca 11 98 32 47 bf 74 85 4a 00 00 80 3f c4 8e c3 be 0e da 1a 3e f7 66 69 3f 00 00 00 00 00 00 d0 34 b7 8c 7c 3f 18 8e 27 be 00 00 00 00 49 97 6c bf 02 fd 7f bd 08 ec c0 be 00 00 00 00 ab 37 f0 49 0e 14 80 49 34 93 c9 4a 00 00 80 3f d2 95 a4 ca ed 3a dd 46 c3 24 85 4a
CAM frame=243 97 af a5 ca 11 98 32 47 bf 74 85 4a 00 00 80 3f c4 8e c3 be 0f da 1a 3e fb 66 69 3f 00 00 00 00 00 00 c0 34 b7 8c 7c 3f 19 8e 27 be 00 00 00 00 4d 97 6c bf 03 fd 7f bd 08 ec c0 be 00 00 00 00 b3 37 f0 49 0f 14 80 49 36 93 c9 4a 00 00 80 3f d2 95 a4 ca ed 3a dd 46 c3 24 85 4a
CAM frame=244 97 af a5 ca 11 98 32 47 bf 74 85 4a 00 00 80 3f c4 8e c3 be 0e da 1a 3e f7 66 69 3f 00 00 00 00 00 00 c4 34 b7 8c 7c 3f 18 8e 27 be 00 00 00 00 49 97 6c bf 07 fd 7f bd 08 ec c0 be 00 00 00 00 ab 37 f0 49 0f 14 80 49 34 93 c9 4a 00 00 80 3f d2 95 a4 ca ed 3a dd 46 c3 24 85 4a
CAM frame=245 97 af a5 ca 11 98 32 47 bf 74 85 4a 00 00 80 3f c4 8e c3 be 0e da 1a 3e fb 66 69 3f 00 00 00 00 00 00 b4 34 b7 8c 7c 3f 1a 8e 27 be 00 00 00 00 4d 97 6c bf 09 fd 7f bd 08 ec c0 be 00 00 00 00 b3 37 f0 49 0f 14 80 49 36 93 c9 4a 00 00 80 3f d2 95 a4 ca ed 3a dd 46 c3 24 85 4a
CAM frame=246 97 af a5 ca 11 98 32 47 bf 74 85 4a 00 00 80 3f c4 8e c3 be 0e da 1a 3e f7 66 69 3f 00 00 00 00 00 00 c0 34 b7 8c 7c 3f 19 8e 27 be 00 00 00 00 49 97 6c bf 0b fd 7f bd 08 ec c0 be 00 00 00 00 ab 37 f0 49 10 14 80 49 34 93 c9 4a 00 00 80 3f d2 95 a4 ca ed 3a dd 46 c3 24 85 4a
CAM frame=247 97 af a5 ca 11 98 32 47 bf 74 85 4a 00 00 80 3f c4 8e c3 be 0e da 1a 3e fb 66 69 3f 00 00 00 00 00 00 b4 34 b7 8c 7c 3f 1a 8e 27 be 00 00 00 00 4d 97 6c bf 09 fd 7f bd 08 ec c0 be 00 00 00 00 b3 37 f0 49 0f 14 80 49 36 93 c9 4a 00 00 80 3f d2 95 a4 ca ed 3a dd 46 c3 24 85 4a
CAM frame=248 97 af a5 ca 11 98 32 47 bf 74 85 4a 00 00 80 3f c4 8e c3 be 0e da 1a 3e f7 66 69 3f 00 00 00 00 00 00 c0 34 b7 8c 7c 3f 19 8e 27 be 00 00 00 00 49 97 6c bf 0b fd 7f bd 08 ec c0 be 00 00 00 00 ab 37 f0 49 10 14 80 49 34 93 c9 4a 00 00 80 3f d2 95 a4 ca ed 3a dd 46 c3 24 85 4a
CAM frame=249 97 af a5 ca 11 98 32 47 bf 74 85 4a 00 00 80 3f c4 8e c3 be 0e da 1a 3e fb 66 69 3f 00 00 00 00 00 00 b4 34 b7 8c 7c 3f 1a 8e 27 be 00 00 00 00 4d 97 6c bf 09 fd 7f bd 08 ec c0 be 00 00 00 00 b3 37 f0 49 0f 14 80 49 36 93 c9 4a 00 00 80 3f d2 95 a4 ca ed 3a dd 46 c3 24 85 4a
CAM frame=250 97 af a5 ca 11 98 32 47 bf 74 85 4a 00 00 80 3f c4 8e c3 be 0e da 1a 3e f7 66 69 3f 00 00 00 00 00 00 c0 34 b7 8c 7c 3f 19 8e 27 be 00 00 00 00 49 97 6c bf 0b fd 7f bd 08 ec c0 be 00 00 00 00 ab 37 f0 49 10 14 80 49 34 93 c9 4a 00 00 80 3f d2 95 a4 ca ed 3a dd 46 c3 24 85 4a
CAM frame=251 97 af a5 ca 11 98 32 47 bf 74 85 4a 00 00 80 3f c4 8e c3 be 0e da 1a 3e fb 66 69 3f 00 00 00 00 00 00 b4 34 b7 8c 7c 3f 1a 8e 27 be 00 00 00 00 4d 97 6c bf 09 fd 7f bd 08 ec c0 be 00 00 00 00 b3 37 f0 49 0f 14 80 49 36 93 c9 4a 00 00 80 3f d2 95 a4 ca ed 3a dd 46 c3 24 85 4a
CAM frame=252 97 af a5 ca 11 98 32 47 bf 74 85 4a 00 00 80 3f c4 8e c3 be 0e da 1a 3e f7 66 69 3f 00 00 00 00 00 00 c0 34 b7 8c 7c 3f 19 8e 27 be 00 00 00 00 49 97 6c bf 0b fd 7f bd 08 ec c0 be 00 00 00 00 ab 37 f0 49 10 14 80 49 34 93 c9 4a 00 00 80 3f d2 95 a4 ca ed 3a dd 46 c3 24 85 4a
CAM frame=253 97 af a5 ca 11 98 32 47 bf 74 85 4a 00 00 80 3f c4 8e c3 be 0e da 1a 3e fb 66 69 3f 00 00 00 00 00 00 b4 34 b7 8c 7c 3f 1a 8e 27 be 00 00 00 00 4d 97 6c bf 09 fd 7f bd 08 ec c0 be 00 00 00 00 b3 37 f0 49 0f 14 80 49 36 93 c9 4a 00 00 80 3f d2 95 a4 ca ed 3a dd 46 c3 24 85 4a
CAM frame=254 97 af a5 ca 11 98 32 47 bf 74 85 4a 00 00 80 3f c4 8e c3 be 0e da 1a 3e f7 66 69 3f 00 00 00 00 00 00 c0 34 b7 8c 7c 3f 19 8e 27 be 00 00 00 00 49 97 6c bf 0b fd 7f bd 08 ec c0 be 00 00 00 00 ab 37 f0 49 10 14 80 49 34 93 c9 4a 00 00 80 3f d2 95 a4 ca ed 3a dd 46 c3 24 85 4a
CAM frame=255 97 af a5 ca 11 98 32 47 bf 74 85 4a 00 00 80 3f c4 8e c3 be 0e da 1a 3e fb 66 69 3f 00 00 00 00 00 00 b4 34 b7 8c 7c 3f 1a 8e 27 be 00 00 00 00 4d 97 6c bf 09 fd 7f bd 08 ec c0 be 00 00 00 00 b3 37 f0 49 0f 14 80 49 36 93 c9 4a 00 00 80 3f d2 95 a4 ca ed 3a dd 46 c3 24 85 4a
CAM frame=256 97 af a5 ca 11 98 32 47 bf 74 85 4a 00 00 80 3f c4 8e c3 be 0e da 1a 3e f7 66 69 3f 00 00 00 00 00 00 c0 34 b7 8c 7c 3f 19 8e 27 be 00 00 00 00 49 97 6c bf 0b fd 7f bd 08 ec c0 be 00 00 00 00 ab 37 f0 49 10 14 80 49 34 93 c9 4a 00 00 80 3f d2 95 a4 ca ed 3a dd 46 c3 24 85 4a
CAM frame=257 97 af a5 ca 11 98 32 47 bf 74 85 4a 00 00 80 3f c4 8e c3 be 0e da 1a 3e fb 66 69 3f 00 00 00 00 00 00 b4 34 b7 8c 7c 3f 1a 8e 27 be 00 00 00 00 4d 97 6c bf 09 fd 7f bd 08 ec c0 be 00 00 00 00 b3 37 f0 49 0f 14 80 49 36 93 c9 4a 00 00 80 3f d2 95 a4 ca ed 3a dd 46 c3 24 85 4a
CAM frame=258 97 af a5 ca 11 98 32 47 bf 74 85 4a 00 00 80 3f c4 8e c3 be 0e da 1a 3e f7 66 69 3f 00 00 00 00 00 00 c0 34 b7 8c 7c 3f 19 8e 27 be 00 00 00 00 49 97 6c bf 0b fd 7f bd 08 ec c0 be 00 00 00 00 ab 37 f0 49 10 14 80 49 34 93 c9 4a 00 00 80 3f d2 95 a4 ca ed 3a dd 46 c3 24 85 4a
CAM frame=259 97 af a5 ca 11 98 32 47 bf 74 85 4a 00 00 80 3f c4 8e c3 be 0e da 1a 3e fb 66 69 3f 00 00 00 00 00 00 b4 34 b7 8c 7c 3f 1a 8e 27 be 00 00 00 00 4d 97 6c bf 09 fd 7f bd 08 ec c0 be 00 00 00 00 b3 37 f0 49 0f 14 80 49 36 93 c9 4a 00 00 80 3f d2 95 a4 ca ed 3a dd 46 c3 24 85 4a
CAM frame=260 97 af a5 ca 11 98 32 47 bf 74 85 4a 00 00 80 3f c4 8e c3 be 0e da 1a 3e f7 66 69 3f 00 00 00 00 00 00 c0 34 b7 8c 7c 3f 19 8e 27 be 00 00 00 00 49 97 6c bf 0b fd 7f bd 08 ec c0 be 00 00 00 00 ab 37 f0 49 10 14 80 49 34 93 c9 4a 00 00 80 3f d2 95 a4 ca ed 3a dd 46 c3 24 85 4a
CAM frame=261 97 af a5 ca 11 98 32 47 bf 74 85 4a 00 00 80 3f c4 8e c3 be 0e da 1a 3e fb 66 69 3f 00 00 00 00 00 00 b4 34 b7 8c 7c 3f 1a 8e 27 be 00 00 00 00 4d 97 6c bf 09 fd 7f bd 08 ec c0 be 00 00 00 00 b3 37 f0 49 0f 14 80 49 36 93 c9 4a 00 00 80 3f d2 95 a4 ca ed 3a dd 46 c3 24 85 4a
CAM frame=262 97 af a5 ca 11 98 32 47 bf 74 85 4a 00 00 80 3f c4 8e c3 be 0e da 1a 3e f7 66 69 3f 00 00 00 00 00 00 c0 34 b7 8c 7c 3f 19 8e 27 be 00 00 00 00 49 97 6c bf 0b fd 7f bd 08 ec c0 be 00 00 00 00 ab 37 f0 49 10 14 80 49 34 93 c9 4a 00 00 80 3f d2 95 a4 ca ed 3a dd 46 c3 24 85 4a
CAM frame=263 97 af a5 ca 11 98 32 47 bf 74 85 4a 00 00 80 3f c4 8e c3 be 0e da 1a 3e fb 66 69 3f 00 00 00 00 00 00 b4 34 b7 8c 7c 3f 1a 8e 27 be 00 00 00 00 4d 97 6c bf 09 fd 7f bd 08 ec c0 be 00 00 00 00 b3 37 f0 49 0f 14 80 49 36 93 c9 4a 00 00 80 3f d2 95 a4 ca ed 3a dd 46 c3 24 85 4a
CAM frame=264 97 af a5 ca 11 98 32 47 bf 74 85 4a 00 00 80 3f c4 8e c3 be 0e da 1a 3e f7 66 69 3f 00 00 00 00 00 00 c0 34 b7 8c 7c 3f 19 8e 27 be 00 00 00 00 49 97 6c bf 0b fd 7f bd 08 ec c0 be 00 00 00 00 ab 37 f0 49 10 14 80 49 34 93 c9 4a 00 00 80 3f d2 95 a4 ca ed 3a dd 46 c3 24 85 4a
CAM frame=265 97 af a5 ca 11 98 32 47 bf 74 85 4a 00 00 80 3f c4 8e c3 be 0e da 1a 3e fb 66 69 3f 00 00 00 00 00 00 b4 34 b7 8c 7c 3f 1a 8e 27 be 00 00 00 00 4d 97 6c bf 09 fd 7f bd 08 ec c0 be 00 00 00 00 b3 37 f0 49 0f 14 80 49 36 93 c9 4a 00 00 80 3f d2 95 a4 ca ed 3a dd 46 c3 24 85 4a
CAM frame=266 97 af a5 ca 11 98 32 47 bf 74 85 4a 00 00 80 3f c4 8e c3 be 0e da 1a 3e f7 66 69 3f 00 00 00 00 00 00 c0 34 b7 8c 7c 3f 19 8e 27 be 00 00 00 00 49 97 6c bf 0b fd 7f bd 08 ec c0 be 00 00 00 00 ab 37 f0 49 10 14 80 49 34 93 c9 4a 00 00 80 3f d2 95 a4 ca ed 3a dd 46 c3 24 85 4a
CAM frame=267 97 af a5 ca 11 98 32 47 bf 74 85 4a 00 00 80 3f c4 8e c3 be 0e da 1a 3e fb 66 69 3f 00 00 00 00 00 00 b4 34 b7 8c 7c 3f 1a 8e 27 be 00 00 00 00 4d 97 6c bf 09 fd 7f bd 08 ec c0 be 00 00 00 00 b3 37 f0 49 0f 14 80 49 36 93 c9 4a 00 00 80 3f d2 95 a4 ca ed 3a dd 46 c3 24 85 4a
CAM frame=268 97 af a5 ca 11 98 32 47 bf 74 85 4a 00 00 80 3f c4 8e c3 be 0e da 1a 3e f7 66 69 3f 00 00 00 00 00 00 c0 34 b7 8c 7c 3f 19 8e 27 be 00 00 00 00 49 97 6c bf 0b fd 7f bd 08 ec c0 be 00 00 00 00 ab 37 f0 49 10 14 80 49 34 93 c9 4a 00 00 80 3f d2 95 a4 ca ed 3a dd 46 c3 24 85 4a
CAM frame=269 97 af a5 ca 11 98 32 47 bf 74 85 4a 00 00 80 3f c4 8e c3 be 0e da 1a 3e fb 66 69 3f 00 00 00 00 00 00 b4 34 b7 8c 7c 3f 1a 8e 27 be 00 00 00 00 4d 97 6c bf 09 fd 7f bd 08 ec c0 be 00 00 00 00 b3 37 f0 49 0f 14 80 49 36 93 c9 4a 00 00 80 3f d2 95 a4 ca ed 3a dd 46 c3 24 85 4a
CAM frame=270 97 af a5 ca 11 98 32 47 bf 74 85 4a 00 00 80 3f c4 8e c3 be 0e da 1a 3e f7 66 69 3f 00 00 00 00 00 00 c0 34 b7 8c 7c 3f 19 8e 27 be 00 00 00 00 49 97 6c bf 0b fd 7f bd 08 ec c0 be 00 00 00 00 ab 37 f0 49 10 14 80 49 34 93 c9 4a 00 00 80 3f d2 95 a4 ca ed 3a dd 46 c3 24 85 4a
CAM frame=271 97 af a5 ca 11 98 32 47 bf 74 85 4a 00 00 80 3f c4 8e c3 be 0e da 1a 3e fb 66 69 3f 00 00 00 00 00 00 b4 34 b7 8c 7c 3f 1a 8e 27 be 00 00 00 00 4d 97 6c bf 09 fd 7f bd 08 ec c0 be 00 00 00 00 b3 37 f0 49 0f 14 80 49 36 93 c9 4a 00 00 80 3f d2 95 a4 ca ed 3a dd 46 c3 24 85 4a
CAM frame=272 97 af a5 ca 11 98 32 47 bf 74 85 4a 00 00 80 3f c4 8e c3 be 0e da 1a 3e f7 66 69 3f 00 00 00 00 00 00 c0 34 b7 8c 7c 3f 19 8e 27 be 00 00 00 00 49 97 6c bf 0b fd 7f bd 08 ec c0 be 00 00 00 00 ab 37 f0 49 10 14 80 49 34 93 c9 4a 00 00 80 3f d2 95 a4 ca ed 3a dd 46 c3 24 85 4a
CAM frame=273 97 af a5 ca 11 98 32 47 bf 74 85 4a 00 00 80 3f c4 8e c3 be 0e da 1a 3e fb 66 69 3f 00 00 00 00 00 00 b4 34 b7 8c 7c 3f 1a 8e 27 be 00 00 00 00 4d 97 6c bf 09 fd 7f bd 08 ec c0 be 00 00 00 00 b3 37 f0 49 0f 14 80 49 36 93 c9 4a 00 00 80 3f d2 95 a4 ca ed 3a dd 46 c3 24 85 4a
CAM frame=274 97 af a5 ca 11 98 32 47 bf 74 85 4a 00 00 80 3f c4 8e c3 be 0e da 1a 3e f7 66 69 3f 00 00 00 00 00 00 c0 34 b7 8c 7c 3f 19 8e 27 be 00 00 00 00 49 97 6c bf 0b fd 7f bd 08 ec c0 be 00 00 00 00 ab 37 f0 49 10 14 80 49 34 93 c9 4a 00 00 80 3f d2 95 a4 ca ed 3a dd 46 c3 24 85 4a
CAM frame=275 97 af a5 ca 11 98 32 47 bf 74 85 4a 00 00 80 3f c4 8e c3 be 0e da 1a 3e fb 66 69 3f 00 00 00 00 00 00 b4 34 b7 8c 7c 3f 1a 8e 27 be 00 00 00 00 4d 97 6c bf 09 fd 7f bd 08 ec c0 be 00 00 00 00 b3 37 f0 49 0f 14 80 49 36 93 c9 4a 00 00 80 3f d2 95 a4 ca ed 3a dd 46 c3 24 85 4a
CAM frame=276 97 af a5 ca 11 98 32 47 bf 74 85 4a 00 00 80 3f c4 8e c3 be 0e da 1a 3e f7 66 69 3f 00 00 00 00 00 00 c0 34 b7 8c 7c 3f 19 8e 27 be 00 00 00 00 49 97 6c bf 0b fd 7f bd 08 ec c0 be 00 00 00 00 ab 37 f0 49 10 14 80 49 34 93 c9 4a 00 00 80 3f d2 95 a4 ca ed 3a dd 46 c3 24 85 4a
CAM frame=277 97 af a5 ca 11 98 32 47 bf 74 85 4a 00 00 80 3f c4 8e c3 be 0e da 1a 3e fb 66 69 3f 00 00 00 00 00 00 b4 34 b7 8c 7c 3f 1a 8e 27 be 00 00 00 00 4d 97 6c bf 09 fd 7f bd 08 ec c0 be 00 00 00 00 b3 37 f0 49 0f 14 80 49 36 93 c9 4a 00 00 80 3f d2 95 a4 ca ed 3a dd 46 c3 24 85 4a
CAM frame=278 97 af a5 ca 11 98 32 47 bf 74 85 4a 00 00 80 3f c4 8e c3 be 0e da 1a 3e f7 66 69 3f 00 00 00 00 00 00 c0 34 b7 8c 7c 3f 19 8e 27 be 00 00 00 00 49 97 6c bf 0b fd 7f bd 08 ec c0 be 00 00 00 00 ab 37 f0 49 10 14 80 49 34 93 c9 4a 00 00 80 3f d2 95 a4 ca ed 3a dd 46 c3 24 85 4a
CAM frame=279 97 af a5 ca 11 98 32 47 bf 74 85 4a 00 00 80 3f c4 8e c3 be 0e da 1a 3e fb 66 69 3f 00 00 00 00 00 00 b4 34 b7 8c 7c 3f 1a 8e 27 be 00 00 00 00 4d 97 6c bf 09 fd 7f bd 08 ec c0 be 00 00 00 00 b3 37 f0 49 0f 14 80 49 36 93 c9 4a 00 00 80 3f d2 95 a4 ca ed 3a dd 46 c3 24 85 4a
CAM frame=280 97 af a5 ca 11 98 32 47 bf 74 85 4a 00 00 80 3f c4 8e c3 be 0e da 1a 3e f7 66 69 3f 00 00 00 00 00 00 c0 34 b7 8c 7c 3f 19 8e 27 be 00 00 00 00 49 97 6c bf 0b fd 7f bd 08 ec c0 be 00 00 00 00 ab 37 f0 49 10 14 80 49 34 93 c9 4a 00 00 80 3f d2 95 a4 ca ed 3a dd 46 c3 24 85 4a
CAM frame=281 97 af a5 ca 11 98 32 47 bf 74 85 4a 00 00 80 3f c4 8e c3 be 0e da 1a 3e fb 66 69 3f 00 00 00 00 00 00 b4 34 b7 8c 7c 3f 1a 8e 27 be 00 00 00 00 4d 97 6c bf 09 fd 7f bd 08 ec c0 be 00 00 00 00 b3 37 f0 49 0f 14 80 49 36 93 c9 4a 00 00 80 3f d2 95 a4 ca ed 3a dd 46 c3 24 85 4a
CAM frame=282 97 af a5 ca 11 98 32 47 bf 74 85 4a 00 00 80 3f c4 8e c3 be 0e da 1a 3e f7 66 69 3f 00 00 00 00 00 00 c0 34 b7 8c 7c 3f 19 8e 27 be 00 00 00 00 49 97 6c bf 0b fd 7f bd 08 ec c0 be 00 00 00 00 ab 37 f0 49 10 14 80 49 34 93 c9 4a 00 00 80 3f d2 95 a4 ca ed 3a dd 46 c3 24 85 4a
CAM frame=283 97 af a5 ca 11 98 32 47 bf 74 85 4a 00 00 80 3f c4 8e c3 be 0e da 1a 3e fb 66 69 3f 00 00 00 00 00 00 b4 34 b7 8c 7c 3f 1a 8e 27 be 00 00 00 00 4d 97 6c bf 09 fd 7f bd 08 ec c0 be 00 00 00 00 b3 37 f0 49 0f 14 80 49 36 93 c9 4a 00 00 80 3f d2 95 a4 ca ed 3a dd 46 c3 24 85 4a
CAM frame=284 97 af a5 ca 11 98 32 47 bf 74 85 4a 00 00 80 3f c4 8e c3 be 0e da 1a 3e f7 66 69 3f 00 00 00 00 00 00 c0 34 b7 8c 7c 3f 19 8e 27 be 00 00 00 00 49 97 6c bf 0b fd 7f bd 08 ec c0 be 00 00 00 00 ab 37 f0 49 10 14 80 49 34 93 c9 4a 00 00 80 3f d2 95 a4 ca ed 3a dd 46 c3 24 85 4a
CAM frame=285 97 af a5 ca 11 98 32 47 bf 74 85 4a 00 00 80 3f c4 8e c3 be 0e da 1a 3e fb 66 69 3f 00 00 00 00 00 00 b4 34 b7 8c 7c 3f 1a 8e 27 be 00 00 00 00 4d 97 6c bf 09 fd 7f bd 08 ec c0 be 00 00 00 00 b3 37 f0 49 0f 14 80 49 36 93 c9 4a 00 00 80 3f d2 95 a4 ca ed 3a dd 46 c3 24 85 4a
CAM frame=286 97 af a5 ca 11 98 32 47 bf 74 85 4a 00 00 80 3f c4 8e c3 be 0e da 1a 3e f7 66 69 3f 00 00 00 00 00 00 c0 34 b7 8c 7c 3f 19 8e 27 be 00 00 00 00 49 97 6c bf 0b fd 7f bd 08 ec c0 be 00 00 00 00 ab 37 f0 49 10 14 80 49 34 93 c9 4a 00 00 80 3f d2 95 a4 ca ed 3a dd 46 c3 24 85 4a
CAM frame=287 97 af a5 ca 11 98 32 47 bf 74 85 4a 00 00 80 3f c4 8e c3 be 0e da 1a 3e fb 66 69 3f 00 00 00 00 00 00 b4 34 b7 8c 7c 3f 1a 8e 27 be 00 00 00 00 4d 97 6c bf 09 fd 7f bd 08 ec c0 be 00 00 00 00 b3 37 f0 49 0f 14 80 49 36 93 c9 4a 00 00 80 3f d2 95 a4 ca ed 3a dd 46 c3 24 85 4a
CAM frame=288 97 af a5 ca 11 98 32 47 bf 74 85 4a 00 00 80 3f c4 8e c3 be 0e da 1a 3e f7 66 69 3f 00 00 00 00 00 00 c0 34 b7 8c 7c 3f 19 8e 27 be 00 00 00 00 49 97 6c bf 0b fd 7f bd 08 ec c0 be 00 00 00 00 ab 37 f0 49 10 14 80 49 34 93 c9 4a 00 00 80 3f d2 95 a4 ca ed 3a dd 46 c3 24 85 4a
CAM frame=289 97 af a5 ca 11 98 32 47 bf 74 85 4a 00 00 80 3f c4 8e c3 be 0e da 1a 3e fb 66 69 3f 00 00 00 00 00 00 b4 34 b7 8c 7c 3f 1a 8e 27 be 00 00 00 00 4d 97 6c bf 09 fd 7f bd 08 ec c0 be 00 00 00 00 b3 37 f0 49 0f 14 80 49 36 93 c9 4a 00 00 80 3f d2 95 a4 ca ed 3a dd 46 c3 24 85 4a
CAM frame=290 97 af a5 ca 11 98 32 47 bf 74 85 4a 00 00 80 3f c4 8e c3 be 0e da 1a 3e f7 66 69 3f 00 00 00 00 00 00 c0 34 b7 8c 7c 3f 19 8e 27 be 00 00 00 00 49 97 6c bf 0b fd 7f bd 08 ec c0 be 00 00 00 00 ab 37 f0 49 10 14 80 49 34 93 c9 4a 00 00 80 3f d2 95 a4 ca ed 3a dd 46 c3 24 85 4a
CAM frame=291 97 af a5 ca 11 98 32 47 bf 74 85 4a 00 00 80 3f c4 8e c3 be 0e da 1a 3e fb 66 69 3f 00 00 00 00 00 00 b4 34 b7 8c 7c 3f 1a 8e 27 be 00 00 00 00 4d 97 6c bf 09 fd 7f bd 08 ec c0 be 00 00 00 00 b3 37 f0 49 0f 14 80 49 36 93 c9 4a 00 00 80 3f d2 95 a4 ca ed 3a dd 46 c3 24 85 4a
CAM frame=292 97 af a5 ca 11 98 32 47 bf 74 85 4a 00 00 80 3f c4 8e c3 be 0e da 1a 3e f7 66 69 3f 00 00 00 00 00 00 c0 34 b7 8c 7c 3f 19 8e 27 be 00 00 00 00 49 97 6c bf 0b fd 7f bd 08 ec c0 be 00 00 00 00 ab 37 f0 49 10 14 80 49 34 93 c9 4a 00 00 80 3f d2 95 a4 ca ed 3a dd 46 c3 24 85 4a
CAM frame=293 97 af a5 ca 11 98 32 47 bf 74 85 4a 00 00 80 3f c4 8e c3 be 0e da 1a 3e fb 66 69 3f 00 00 00 00 00 00 b4 34 b7 8c 7c 3f 1a 8e 27 be 00 00 00 00 4d 97 6c bf 09 fd 7f bd 08 ec c0 be 00 00 00 00 b3 37 f0 49 0f 14 80 49 36 93 c9 4a 00 00 80 3f d2 95 a4 ca ed 3a dd 46 c3 24 85 4a
CAM frame=294 97 af a5 ca 11 98 32 47 bf 74 85 4a 00 00 80 3f c4 8e c3 be 0e da 1a 3e f7 66 69 3f 00 00 00 00 00 00 c0 34 b7 8c 7c 3f 19 8e 27 be 00 00 00 00 49 97 6c bf 0b fd 7f bd 08 ec c0 be 00 00 00 00 ab 37 f0 49 10 14 80 49 34 93 c9 4a 00 00 80 3f d2 95 a4 ca ed 3a dd 46 c3 24 85 4a
CAM frame=295 97 af a5 ca 11 98 32 47 bf 74 85 4a 00 00 80 3f c4 8e c3 be 0e da 1a 3e fb 66 69 3f 00 00 00 00 00 00 b4 34 b7 8c 7c 3f 1a 8e 27 be 00 00 00 00 4d 97 6c bf 09 fd 7f bd 08 ec c0 be 00 00 00 00 b3 37 f0 49 0f 14 80 49 36 93 c9 4a 00 00 80 3f d2 95 a4 ca ed 3a dd 46 c3 24 85 4a
CAM frame=296 97 af a5 ca 11 98 32 47 bf 74 85 4a 00 00 80 3f c4 8e c3 be 0e da 1a 3e f7 66 69 3f 00 00 00 00 00 00 c0 34 b7 8c 7c 3f 19 8e 27 be 00 00 00 00 49 97 6c bf 0b fd 7f bd 08 ec c0 be 00 00 00 00 ab 37 f0 49 10 14 80 49 34 93 c9 4a 00 00 80 3f d2 95 a4 ca ed 3a dd 46 c3 24 85 4a
CAM frame=297 97 af a5 ca 11 98 32 47 bf 74 85 4a 00 00 80 3f c4 8e c3 be 0e da 1a 3e fb 66 69 3f 00 00 00 00 00 00 b4 34 b7 8c 7c 3f 1a 8e 27 be 00 00 00 00 4d 97 6c bf 09 fd 7f bd 08 ec c0 be 00 00 00 00 b3 37 f0 49 0f 14 80 49 36 93 c9 4a 00 00 80 3f d2 95 a4 ca ed 3a dd 46 c3 24 85 4a
CAM frame=298 97 af a5 ca 11 98 32 47 bf 74 85 4a 00 00 80 3f c4 8e c3 be 0e da 1a 3e f7 66 69 3f 00 00 00 00 00 00 c0 34 b7 8c 7c 3f 19 8e 27 be 00 00 00 00 49 97 6c bf 0b fd 7f bd 08 ec c0 be 00 00 00 00 ab 37 f0 49 10 14 80 49 34 93 c9 4a 00 00 80 3f d2 95 a4 ca ed 3a dd 46 c3 24 85 4a
CAM frame=299 97 af a5 ca 11 98 32 47 bf 74 85 4a 00 00 80 3f c4 8e c3 be 0e da 1a 3e fb 66 69 3f 00 00 00 00 00 00 b4 34 b7 8c 7c 3f 1a 8e 27 be 00 00 00 00 4d 97 6c bf 09 fd 7f bd 08 ec c0 be 00 00 00 00 b3 37 f0 49 0f 14 80 49 36 93 c9 4a 00 00 80 3f d2 95 a4 ca ed 3a dd 46 c3 24 85 4a
CAM frame=300 97 af a5 ca 11 98 32 47 bf 74 85 4a 00 00 80 3f c4 8e c3 be 0e da 1a 3e f7 66 69 3f 00 00 00 00 00 00 c0 34 b7 8c 7c 3f 19 8e 27 be 00 00 00 00 49 97 6c bf 0b fd 7f bd 08 ec c0 be 00 00 00 00 ab 37 f0 49 10 14 80 49 34 93 c9 4a 00 00 80 3f d2 95 a4 ca ed 3a dd 46 c3 24 85 4a
CAM frame=301 30 af a5 ca 20 a0 32 47 1f 76 85 4a 00 00 80 3f d8 35 c4 be ca cf 1a 3e 57 44 69 3f 00 00 00 00 00 00 10 34 28 8c 7c 3f 84 9b 27 be 00 00 00 00 b5 74 6c bf 40 76 80 bd 70 90 c1 be 00 00 00 00 fe 1c ef 49 7e 2c 80 49 d4 a7 c9 4a 00 00 80 3f d2 95 a4 ca ed 3a dd 46 c3 24 85 4a
CAM frame=302 ae ae a5 ca 34 aa 32 47 d9 77 85 4a 00 00 80 3f 7c 65 c5 be 25 bb 1a 3e 1e 05 69 3f 00 00 00 00 00 00 80 b4 39 8b 7c 3f 0a b2 27 be 00 00 00 00 7e 35 6c bf 96 4e 81 bd 40 bb c2 be 00 00 00 00 4a 17 ed 49 5c 57 80 49 0a cd c9 4a 00 00 80 3f d2 95 a4 ca ed 3a dd 46 c3 24 85 4a
CAM frame=303 26 ae a5 ca 04 b4 32 47 a3 79 85 4a 00 00 80 3f 5c 07 c7 be 82 a1 1a 3e 43 ad 68 3f 00 00 00 00 00 00 70 b5 c9 89 7c 3f a7 d4 27 be 00 00 00 00 c7 dd 6b bf 8a 7b 82 bd 58 56 c4 be 00 00 00 00 e4 4a ea 49 16 95 80 49 9b ff c9 4a 00 00 80 3f d2 95 a4 ca ed 3a dd 46 c3 24 85 4a
CAM frame=304 5e ad a5 ca dd ba 32 47 2e 7c 85 4a 00 00 80 3f bc 4e c9 be 7b 70 1a 3e af 31 68 3f 00 00 00 00 00 00 e2 b5 53 88 7c 3f c4 f7 27 be 00 00 00 00 db 61 6b bf 02 16 84 bd ac 94 c6 be 00 00 00 00 ec 5f e6 49 5e e0 80 49 b0 45 ca 4a 00 00 80 3f d2 95 a4 ca ed 3a dd 46 c3 24 85 4a
CAM frame=305 b8 ab a5 ca 07 9e 32 47 05 7e 85 4a 00 00 80 3f ac 04 cc be b2 55 1a 3e 34 9b 67 3f 00 00 00 00 00 80 82 b6 14 85 7c 3f cc 45 28 be 00 00 00 00 52 cc 6a bf 84 1c 86 bd 94 3e c9 be 00 00 00 00 38 af e1 49 a9 56 81 49 62 95 ca 4a 00 00 80 3f d2 95 a4 ca ed 3a dd 46 c3 24 85 4a
CAM frame=306 2f a9 a5 ca 5e 61 32 47 31 7f 85 4a 00 00 80 3f 68 e3 ce be 80 81 1a 3e 36 f6 66 3f 00 00 00 00 00 e0 11 b7 3b 7e 7c 3f e4 e9 28 be 00 00 00 00 62 2b 6a bf 5a 86 88 bd b0 0d cc be 00 00 00 00 f6 b0 dc 49 e6 14 82 49 6c e4 ca 4a 00 00 80 3f d2 95 a4 ca ed 3a dd 46 c3 24 85 4a
CAM frame=307 81 a5 a5 ca 09 ec 31 47 b7 7d 85 4a 00 00 80 3f 00 0f d1 be da 57 1b 3e fc 6f 66 3f 00 00 00 00 00 20 82 b7 98 70 7c 3f c6 2e 2a be 00 00 00 00 e2 af 69 bf 79 01 8b bd 68 26 ce be 00 00 00 00 ea e0 d8 49 7c 46 83 49 e4 15 cb 4a 00 00 80 3f d2 95 a4 ca ed 3a dd 46 c3 24 85 4a
CAM frame=308 41 a2 a5 ca 82 83 31 47 4c 7c 85 4a 00 00 80 3f 28 b1 d2 be 26 a1 1c 3e c1 02 66 3f 00 00 00 00 00 f0 ad b7 5e 5e 7c 3f 3b dd 2b be 00 00 00 00 ef 51 69 bf 28 7c 8d bd a4 b3 cf be 00 00 00 00 00 00 d6 49 46 c2 84 49 bc 33 cb 4a 00 00 80 3f d2 95 a4 ca ed 3a dd 46 c3 24 85 4a
CAM frame=309 e1 9e a5 ca 3b 18 31 47 fb 7a 85 4a 00 00 80 3f e0 fe d3 be 01 4f 1e 3e 9c a3 65 3f 00 00 00 00 00 e0 cb b7 bc 47 7c 3f ae ed 2d be 00 00 00 00 4c 06 69 bf 7e 13 90 bd d0 e9 d0 be 00 00 00 00 34 b3 d3 49 ab 86 86 49 0c 44 cb 4a 00 00 80 3f d2 95 a4 ca ed 3a dd 46 c3 24 85 4a
CAM frame=310 d9 9a a5 ca e5 96 30 47 bf 79 85 4a 00 00 80 3f a8 2b d5 be c0 57 20 3e 5e 47 65 3f 00 00 00 00 00 b0 e7 b7 a2 2c 7c 3f 1e 5e 30 be 00 00 00 00 ae c1 68 bf 53 e9 92 bd 94 fb d1 be 00 00 00 00 24 a1 d1 49 7c 96 88 49 4b 4c cb 4a 00 00 80 3f d2 95 a4 ca ed 3a dd 46 c3 24 85 4a
CAM frame=311 8b 97 a5 ca 48 27 30 47 0d 7a 85 4a 00 00 80 3f 48 b0 d6 be 2c 45 22 3e e9 d6 64 3f 00 00 00 00 00 a8 09 b8 b2 11 7c 3f 16 c2 32 be 00 00 00 00 51 68 68 bf b2 f8 95 bd b0 63 d3 be 00 00 00 00 a0 f6 ce 49 e8 a3 8a 49 44 5f cb 4a 00 00 80 3f d2 95 a4 ca ed 3a dd 46 c3 24 85 4a
CAM frame=312 9c 94 a5 ca 7b e0 2f 47 ed 7a 85 4a 00 00 80 3f 80 a3 d8 be a6 1a 24 3e 35 4c 64 3f 00 00 00 00 00 b8 27 b8 8c f6 7b 3f 78 22 35 be 00 00 00 00 65 f4 67 bf 6d 5b 99 bd 18 38 d5 be 00 00 00 00 2c 87 cb 49 ae b6 8c 49 21 7e cb 4a 00 00 80 3f d2 95 a4 ca ed 3a dd 46 c3 24 85 4a
CAM frame=313 ec 91 a5 ca fb 97 2f 47 8b 7b 85 4a 00 00 80 3f 40 cb da be 18 dd 25 3e 19 b4 63 3f 00 00 00 00 00 e0 42 b8 63 db 7b 3f f9 7a 37 be 00 00 00 00 c3 72 67 bf 0e e6 9c bd cc 3f d7 be 00 00 00 00 e6 b5 c7 49 a6 c7 8e 49 cf a1 cb 4a 00 00 80 3f d2 95 a4 ca ed 3a dd 46 c3 24 85 4a
CAM frame=314 72 8f a5 ca 0e 41 2f 47 cc 7b 85 4a 00 00 80 3f a8 e3 dc be 3f 70 27 3e 01 20 63 3f 00 00 00 00 00 40 51 b8 41 c2 7b 3f a1 9f 39 be 00 00 00 00 41 f3 66 bf 72 41 a0 bd c0 39 d9 be 00 00 00 00 4e fb c3 49 1d ae 90 49 75 c4 cb 4a 00 00 80 3f d2 95 a4 ca ed 3a dd 46 c3 24 85 4a
CAM frame=315 30 8d a5 ca 71 f5 2e 47 3c 7c 85 4a 00 00 80 3f 34 03 df be 1a df 28 3e 07 8a 62 3f 00 00 00 00 00 b0 57 b8 7a aa 7b 3f be a0 3b be 00 00 00 00 81 70 66 bf 3c 8b a3 bd 88 3b db be 00 00 00 00 12 31 c0 49 4f 78 92 49 2e e8 cb 4a 00 00 80 3f d2 95 a4 ca ed 3a dd 46 c3 24 85 4a
CAM frame=316 e5 8a a5 ca cb bb 2e 47 ad 7c 85 4a 00 00 80 3f dc 20 e1 be 74 42 2a 3e 4c f3 61 3f 00 00 00 00 00 c8 5c b8 e4 92 7b 3f 29 98 3d be 00 00 00 00 b6 ec 65 bf 66 d3 a6 bd 3c 3b dd be 00 00 00 00 3e 67 bc 49 0c 3a 94 49 dd 0a cc 4a 00 00 80 3f d2 95 a4 ca ed 3a dd 46 c3 24 85 4a
CAM frame=317 0d 89 a5 ca 6a 85 2e 47 f7 7c 85 4a 00 00 80 3f d4 17 e3 be 04 88 2b 3e e1 65 61 3f 00 00 00 00 00 c8 59 b8 db 7c 7b 3f ae 69 3f be 00 00 00 00 e7 70 65 bf 80 e4 a9 bd fc 15 df be 00 00 00 00 d4 de b8 49 42 da 95 49 3d 2a cc 4a 00 00 80 3f d2 95 a4 ca ed 3a dd 46 c3 24 85 4a
CAM frame=318 f0 87 a5 ca e8 58 2e 47 eb 7c 85 4a 00 00 80 3f f4 b6 e4 be 22 a2 2c 3e 60 ef 60 3f 00 00 00 00 00 78 48 b8 b2 69 7b 3f bd fa 40 be 00 00 00 00 bc 09 65 bf 3a 7f ac bd c0 9c e0 be 00 00 00 00 9c f0 b5 49 85 3f 97 49 f6 42 cc 4a 00 00 80 3f d2 95 a4 ca ed 3a dd 46 c3 24 85 4a
CAM frame=319 f3 86 a5 ca c8 31 2e 47 f1 7c 85 4a 00 00 80 3f ec 14 e6 be de 92 2d 3e 78 8a 60 3f 00 00 00 00 00 80 30 b8 31 59 7b 3f 84 51 42 be 00 00 00 00 08 b2 64 bf 78 b8 ae bd c0 e5 e1 be 00 00 00 00 f4 76 b3 49 7a 70 98 49 08 57 cc 4a 00 00 80 3f d2 95 a4 ca ed 3a dd 46 c3 24 85 4a
CAM frame=320 13 86 a5 ca 95 11 2e 47 0e 7d 85 4a 00 00 80 3f 80 36 e7 be 81 58 2e 3e 79 36 60 3f 00 00 00 00 00 f0 18 b8 7b 4b 7b 3f 78 6c 43 be 00 00 00 00 f9 68 64 bf 38 91 b0 bd cc f5 e2 be 00 00 00 00 10 6a b1 49 3f 6c 99 49 43 67 cc 4a 00 00 80 3f d2 95 a4 ca ed 3a dd 46 c3 24 85 4a
CAM frame=321 52 85 a5 ca c4 f7 2d 47 46 7d 85 4a 00 00 80 3f 70 44 e8 be 3f 03 2f 3e 5d e8 5f 3f 00 00 00 00 00 d0 01 b8 51 3f 7b 3f 0b 66 44 be 00 00 00 00 79 24 64 bf 2a 3f b2 bd dc f3 e3 be 00 00 00 00 44 80 af 49 5a 4b 9a 49 ba 76 cc 4a 00 00 80 3f d2 95 a4 ca ed 3a dd 46 c3 24 85 4a
CAM frame=322 b3 84 a5 ca 1a e5 2d 47 a1 7d 85 4a 00 00 80 3f ec 45 e9 be 72 8c 2f 3e b4 9e 5f 3f 00 00 00 00 00 20 d9 b7 08 35 7b 3f 25 38 45 be 00 00 00 00 c6 e2 63 bf ca c1 b3 bd 4c e7 e4 be 00 00 00 00 aa ac ad 49 5a 09 9b 49 70 86 cc 4a 00 00 80 3f d2 95 a4 ca ed 3a dd 46 c3 24 85 4a
CAM frame=323 27 84 a5 ca 31 d8 2d 47 1d 7e 85 4a 00 00 80 3f 74 32 ea be a1 ee 2f 3e 04 5c 5f 3f 00 00 00 00 00 60 b7 b7 0c 2d 7b 3f 9d da 45 be 00 00 00 00 14 a6 63 bf ce 0a b5 bd 2c c8 e5 be 00 00 00 00 ec fe ab 49 fa 9e 9b 49 e3 95 cc 4a 00 00 80 3f d2 95 a4 ca ed 3a dd 46 c3 24 85 4a
CAM frame=324 b3 83 a5 ca 48 cf 2d 47 9a 7e 85 4a 00 00 80 3f 3c 26 eb be be 3c 30 3e 15 18 5f 3f 00 00 00 00 00 70 99 b7 09 26 7b 3f ca 68 46 be 00 00 00 00 35 67 63 bf 30 48 b6 bd 04 b1 e6 be 00 00 00 00 1a 43 aa 49 84 24 9c 49 ac a6 cc 4a 00 00 80 3f d2 95 a4 ca ed 3a dd 46 c3 24 85 4a
CAM frame=325 3f 83 a5 ca 04 c9 2d 47 09 7f 85 4a 00 00 80 3f 50 15 ec be 54 7f 30 3e a8 d5 5e 3f 00 00 00 00 00 c0 7f b7 ac 1f 7b 3f 89 e9 46 be 00 00 00 00 44 29 63 bf c6 76 b7 bd c0 95 e7 be 00 00 00 00 22 8f a8 49 a0 9e 9c 49 53 b7 cc 4a 00 00 80 3f d2 95 a4 ca ed 3a dd 46 c3 24 85 4a
CAM frame=326 d5 82 a5 ca 5f c4 2d 47 5d 7f 85 4a 00 00 80 3f 78 ef ec be f6 bc 30 3e a7 98 5e 3f 00 00 00 00 00 e0 54 b7 c6 19 7b 3f 87 60 47 be 00 00 00 00 6d f0 62 bf 4a 8d b8 bd 5c 66 e8 be 00 00 00 00 68 00 a7 49 31 0f 9d 49 38 c6 cc 4a 00 00 80 3f d2 95 a4 ca ed 3a dd 46 c3 24 85 4a
CAM frame=327 6a 82 a5 ca 2c c0 2d 47 9e 7f 85 4a 00 00 80 3f 34 b3 ed be ae fa 30 3e 67 61 5e 3f 00 00 00 00 00 20 33 b7 16 14 7b 3f f5 d2 47 be 00 00 00 00 3f bd 62 bf 0a 8f b9 bd 20 21 e9 be 00 00 00 00 3a 9a a5 49 5a 7a 9d 49 18 d3 cc 4a 00 00 80 3f d2 95 a4 ca ed 3a dd 46 c3 24 85 4a
CAM frame=328 04 82 a5 ca be b8 2d 47 d2 7f 85 4a 00 00 80 3f bc 60 ee be 9f 34 31 3e 0d 30 5e 3f 00 00 00 00 00 80 15 b7 d6 0e 7b 3f 63 3c 48 be 00 00 00 00 ad 8f 62 bf de 77 ba bd 78 c6 e9 be 00 00 00 00 40 5c a4 49 a9 dc 9d 49 2c de cc 4a 00 00 80 3f d2 95 a4 ca ed 3a dd 46 c3 24 85 4a
CAM frame=329 a6 81 a5 ca 03 ad 2d 47 f8 7f 85 4a 00 00 80 3f ec e5 ee be 8a 60 31 3e 1a 0a 5e 3f 00 00 00 00 00 40 fd b6 d2 0a 7b 3f e1 8c 48 be 00 00 00 00 9c 6c 62 bf 82 2a bb bd 5c 45 ea be 00 00 00 00 18 68 a3 49 e0 27 9e 49 8f e6 cc 4a 00 00 80 3f d2 95 a4 ca ed 3a dd 46 c3 24 85 4a
CAM frame=330 54 81 a5 ca 10 a0 2d 47 16 80 85 4a 00 00 80 3f 58 69 ef be 72 8a 31 3e 9a e4 5d 3f 00 00 00 00 00 c0 cd b6 ed 06 7b 3f dd da 48 be 00 00 00 00 e2 49 62 bf c2 d9 bb bd a0 c2 ea be 00 00 00 00 be 76 a2 49 f7 70 9e 49 d6 ee cc 4a 00 00 80 3f d2 95 a4 ca ed 3a dd 46 c3 24 85 4a
CAM frame=331 0a 81 a5 ca 36 93 2d 47 36 80 85 4a 00 00 80 3f 88 da ef be 2f ac 31 3e 5a c4 5d 3f 00 00 00 00 00 80 a6 b6 b1 03 7b 3f 82 1b 49 be 00 00 00 00 ec 2b 62 bf 98 6e bc bd 9c 2e eb be 00 00 00 00 e0 a6 a1 49 e4 ad 9e 49 05 f6 cc 4a 00 00 80 3f d2 95 a4 ca ed 3a dd 46 c3 24 85 4a
CAM frame=332 c8 80 a5 ca 9d 87 2d 47 53 80 85 4a 00 00 80 3f f0 35 f0 be 63 c2 31 3e 82 aa 5d 3f 00 00 00 00 00 80 86 b6 5b 01 7b 3f 19 4a 49 be 00 00 00 00 ac 13 62 bf ae e1 bc bd 10 86 eb be 00 00 00 00 fc fe a0 49 86 da 9e 49 fc fb cc 4a 00 00 80 3f d2 95 a4 ca ed 3a dd 46 c3 24 85 4a
CAM frame=333 90 80 a5 ca 2e 7d 2d 47 70 80 85 4a 00 00 80 3f 20 7a f0 be c5 cf 31 3e 59 97 5d 3f 00 00 00 00 00 00 5f b6 cb ff 7a 3f 4d 69 49 be 00 00 00 00 8b 01 62 bf 4a 34 bd bd 78 c7 eb be 00 00 00 00 d0 81 a0 49 f5 f8 9e 49 8a 00 cd 4a 00 00 80 3f d2 95 a4 ca ed 3a dd 46 c3 24 85 4a
CAM frame=334 5f 80 a5 ca e1 73 2d 47 8e 80 85 4a 00 00 80 3f 60 c2 f0 be cc d6 31 3e 62 83 5d 3f 00 00 00 00 00 80 30 b6 8a fe 7a 3f 53 82 49 be 00 00 00 00 50 ee 61 bf 5a 84 bd bd 24 0d ec be 00 00 00 00 0c fd 9f 49 99 12 9f 49 b4 05 cd 4a 00 00 80 3f d2 95 a4 ca ed 3a dd 46 c3 24 85 4a
CAM frame=335 2f 80 a5 ca 9d 6b 2d 47 a8 80 85 4a 00 00 80 3f 80 f4 f0 be 53 dc 31 3e 76 75 5d 3f 00 00 00 00 00 00 11 b6 a1 fd 7a 3f 71 94 49 be 00 00 00 00 f0 e0 61 bf aa bc bd bd 70 3d ec be 00 00 00 00 0c a1 9f 49 08 25 9f 49 32 09 cd 4a 00 00 80 3f d2 95 a4 ca ed 3a dd 46 c3 24 85 4a
CAM frame=336 06 80 a5 ca 41 64 2d 47 c1 80 85 4a 00 00 80 3f 6c 27 f1 be e7 de 31 3e 7d 67 5d 3f 00 00 00 00 00 00 ee b5 e0 fc 7a 3f 70 a3 49 be 00 00 00 00 5d d3 61 bf b1 f2 bd bd ac 6e ec be 00 00 00 00 88 43 9f 49 f4 34 9f 49 ea 0c cd 4a 00 00 80 3f d2 95 a4 ca ed 3a dd 46 c3 24 85 4a
CAM frame=337 e1 7f a5 ca ba 5d 2d 47 da 80 85 4a 00 00 80 3f ec 5a f1 be 40 df 31 3e 6c 59 5d 3f 00 00 00 00 00 00 bb b5 3d fc 7a 3f 13 b0 49 be 00 00 00 00 96 c5 61 bf 06 27 be bd 90 a0 ec be 00 00 00 00 d4 e4 9e 49 f9 42 9f 49 c2 10 cd 4a 00 00 80 3f d2 95 a4 ca ed 3a dd 46 c3 24 85 4a
CAM frame=338 c4 7f a5 ca fb 57 2d 47 ef 80 85 4a 00 00 80 3f 34 8c f1 be 40 de 31 3e 0c 4c 5d 3f 00 00 00 00 00 00 8f b5 b5 fb 7a 3f a8 ba 49 be 00 00 00 00 6e b8 61 bf a8 57 be bd 64 d0 ec be 00 00 00 00 2a 8a 9e 49 26 4f 9f 49 86 14 cd 4a 00 00 80 3f d2 95 a4 ca ed 3a dd 46 c3 24 85 4a
CAM frame=339 a8 7f a5 ca f1 52 2d 47 04 81 85 4a 00 00 80 3f d0 a7 f1 be 74 dd 31 3e 8e 44 5d 3f 00 00 00 00 00 00 66 b5 6c fb 7a 3f 54 c0 49 be 00 00 00 00 0a b1 61 bf ac 72 be bd 30 eb ec be 00 00 00 00 8c 57 9e 49 ca 55 9f 49 9d 16 cd 4a 00 00 80 3f d2 95 a4 ca ed 3a dd 46 c3 24 85 4a
CAM frame=340 8e 7f a5 ca 7c 4e 2d 47 17 81 85 4a 00 00 80 3f dc a7 f1 be 73 dd 31 3e 88 44 5d 3f 00 00 00 00 00 00 58 b5 6c fb 7a 3f 55 c0 49 be 00 00 00 00 04 b1 61 bf b6 72 be bd 3c eb ec be 00 00 00 00 e4 57 9e 49 e4 55 9f 49 8c 16 cd 4a 00 00 80 3f d2 95 a4 ca ed 3a dd 46 c3 24 85 4a
CAM frame=341 78 7f a5 ca 8a 4a 2d 47 29 81 85 4a 00 00 80 3f 38 c3 f1 be 1c da 31 3e 3d 3d 5d 3f 00 00 00 00 00 00 32 b5 49 fb 7a 3f 12 c3 49 be 00 00 00 00 b5 a9 61 bf c4 8a be bd f0 05 ed be 00 00 00 00 ae 25 9e 49 19 5a 9f 49 c1 18 cd 4a 00 00 80 3f d2 95 a4 ca ed 3a dd 46 c3 24 85 4a
CAM frame=342 63 7f a5 ca 12 47 2d 47 38 81 85 4a 00 00 80 3f 48 c3 f1 be 1b da 31 3e 37 3d 5d 3f 00 00 00 00 00 00 1c b5 49 fb 7a 3f 12 c3 49 be 00 00 00 00 af a9 61 bf c9 8a be bd 00 06 ed be 00 00 00 00 ea 25 9e 49 2c 5a 9f 49 b4 18 cd 4a 00 00 80 3f d2 95 a4 ca ed 3a dd 46 c3 24 85 4a
CAM frame=343 52 7f a5 ca fc 43 2d 47 47 81 85 4a 00 00 80 3f 40 dc f1 be 7f d6 31 3e 91 36 5d 3f 00 00 00 00 00 00 f0 b4 31 fb 7a 3f f2 c4 49 be 00 00 00 00 fd a2 61 bf 31 a0 be bd 64 1e ed be 00 00 00 00 fe f7 9d 49 7e 5d 9f 49 bc 1a cd 4a 00 00 80 3f d2 95 a4 ca ed 3a dd 46 c3 24 85 4a
CAM frame=344 42 7f a5 ca 42 41 2d 47 55 81 85 4a 00 00 80 3f 40 dc f1 be 7e d6 31 3e 8e 36 5d 3f 00 00 00 00 00 00 e8 b4 31 fb 7a 3f f1 c4 49 be 00 00 00 00 fa a2 61 bf 32 a0 be bd 64 1e ed be 00 00 00 00 48 f8 9d 49 8c 5d 9f 49 b2 1a cd 4a 00 00 80 3f d2 95 a4 ca ed 3a dd 46 c3 24 85 4a
CAM frame=345 33 7f a5 ca e3 3e 2d 47 62 81 85 4a 00 00 80 3f 48 dc f1 be 80 d6 31 3e 92 36 5d 3f 00 00 00 00 00 00 e8 b4 31 fb 7a 3f f2 c4 49 be 00 00 00 00 fe a2 61 bf 30 a0 be bd 6c 1e ed be 00 00 00 00 90 f8 9d 49 9b 5d 9f 49 ae 1a cd 4a 00 00 80 3f d2 95 a4 ca ed 3a dd 46 c3 24 85 4a
CAM frame=346 27 7f a5 ca ca 3c 2d 47 6d 81 85 4a 00 00 80 3f 54 dc f1 be 7f d6 31 3e 8c 36 5d 3f 00 00 00 00 00 00 c0 b4 31 fb 7a 3f f4 c4 49 be 00 00 00 00 f8 a2 61 bf 39 a0 be bd 78 1e ed be 00 00 00 00 b2 f8 9d 49 a8 5d 9f 49 a8 1a cd 4a 00 00 80 3f d2 95 a4 ca ed 3a dd 46 c3 24 85 4a
CAM frame=347 1c 7f a5 ca e8 3a 2d 47 77 81 85 4a 00 00 80 3f 54 dc f1 be 7e d6 31 3e 88 36 5d 3f 00 00 00 00 00 00 b8 b4 31 fb 7a 3f f3 c4 49 be 00 00 00 00 f4 a2 61 bf 3a a0 be bd 78 1e ed be 00 00 00 00 e2 f8 9d 49 b3 5d 9f 49 a0 1a cd 4a 00 00 80 3f d2 95 a4 ca ed 3a dd 46 c3 24 85 4a
CAM frame=348 12 7f a5 ca 3e 39 2d 47 81 81 85 4a 00 00 80 3f 54 dc f1 be 80 d6 31 3e 8c 36 5d 3f 00 00 00 00 00 00 bc b4 31 fb 7a 3f f4 c4 49 be 00 00 00 00 f8 a2 61 bf 38 a0 be bd 78 1e ed be 00 00 00 00 20 f9 9d 49 be 5d 9f 49 9e 1a cd 4a 00 00 80 3f d2 95 a4 ca ed 3a dd 46 c3 24 85 4a
CAM frame=349 09 7f a5 ca c4 37 2d 47 89 81 85 4a 00 00 80 3f 54 dc f1 be 7f d6 31 3e 88 36 5d 3f 00 00 00 00 00 00 b8 b4 31 fb 7a 3f f3 c4 49 be 00 00 00 00 f4 a2 61 bf 3a a0 be bd 78 1e ed be 00 00 00 00 44 f9 9d 49 c6 5d 9f 49 96 1a cd 4a 00 00 80 3f d2 95 a4 ca ed 3a dd 46 c3 24 85 4a
CAM frame=350 01 7f a5 ca 72 36 2d 47 91 81 85 4a 00 00 80 3f 54 dc f1 be 80 d6 31 3e 8c 36 5d 3f 00 00 00 00 00 00 c0 b4 31 fb 7a 3f f4 c4 49 be 00 00 00 00 f8 a2 61 bf 38 a0 be bd 78 1e ed be 00 00 00 00 7a f9 9d 49 ce 5d 9f 49 96 1a cd 4a 00 00 80 3f d2 95 a4 ca ed 3a dd 46 c3 24 85 4a
CAM frame=351 fa 7e a5 ca 44 35 2d 47 97 81 85 4a 00 00 80 3f 54 dc f1 be 7f d6 31 3e 88 36 5d 3f 00 00 00 00 00 00 b8 b4 31 fb 7a 3f f3 c4 49 be 00 00 00 00 f4 a2 61 bf 3a a0 be bd 78 1e ed be 00 00 00 00 92 f9 9d 49 d4 5d 9f 49 8f 1a cd 4a 00 00 80 3f d2 95 a4 ca ed 3a dd 46 c3 24 85 4a
CAM frame=352 f4 7e a5 ca 3a 34 2d 47 9e 81 85 4a 00 00 80 3f 54 dc f1 be 80 d6 31 3e 8c 36 5d 3f 00 00 00 00 00 00 c0 b4 31 fb 7a 3f f4 c4 49 be 00 00 00 00 f8 a2 61 bf 38 a0 be bd 78 1e ed be 00 00 00 00 be f9 9d 49 db 5d 9f 49 90 1a cd 4a 00 00 80 3f d2 95 a4 ca ed 3a dd 46 c3 24 85 4a
CAM frame=353 ee 7e a5 ca 49 33 2d 47 a3 81 85 4a 00 00 80 3f 54 dc f1 be 7f d6 31 3e 88 36 5d 3f 00 00 00 00 00 00 b8 b4 31 fb 7a 3f f3 c4 49 be 00 00 00 00 f4 a2 61 bf 3a a0 be bd 78 1e ed be 00 00 00 00 d4 f9 9d 49 e0 5d 9f 49 89 1a cd 4a 00 00 80 3f d2 95 a4 ca ed 3a dd 46 c3 24 85 4a
CAM frame=354 e9 7e a5 ca 74 32 2d 47 a9 81 85 4a 00 00 80 3f 54 dc f1 be 80 d6 31 3e 8c 36 5d 3f 00 00 00 00 00 00 c0 b4 31 fb 7a 3f f4 c4 49 be 00 00 00 00 f8 a2 61 bf 38 a0 be bd 78 1e ed be 00 00 00 00 fa f9 9d 49 e5 5d 9f 49 8a 1a cd 4a 00 00 80 3f d2 95 a4 ca ed 3a dd 46 c3 24 85 4a
CAM frame=355 e3 7e a5 ca b9 31 2d 47 ae 81 85 4a 00 00 80 3f 54 dc f1 be 7f d6 31 3e 88 36 5d 3f 00 00 00 00 00 00 b8 b4 31 fb 7a 3f f3 c4 49 be 00 00 00 00 f4 a2 61 bf 3a a0 be bd 78 1e ed be 00 00 00 00 0e fa 9d 49 e8 5d 9f 49 85 1a cd 4a 00 00 80 3f d2 95 a4 ca ed 3a dd 46 c3 24 85 4a
CAM frame=356 e0 7e a5 ca 14 31 2d 47 b3 81 85 4a 00 00 80 3f 54 dc f1 be 80 d6 31 3e 8c 36 5d 3f 00 00 00 00 00 00 c0 b4 31 fb 7a 3f f4 c4 49 be 00 00 00 00 f8 a2 61 bf 38 a0 be bd 78 1e ed be 00 00 00 00 2e fa 9d 49 ed 5d 9f 49 86 1a cd 4a 00 00 80 3f d2 95 a4 ca ed 3a dd 46 c3 24 85 4a
CAM frame=357 dd 7e a5 ca 7e 30 2d 47 b6 81 85 4a 00 00 80 3f 54 dc f1 be 7f d6 31 3e 88 36 5d 3f 00 00 00 00 00 00 b8 b4 31 fb 7a 3f f3 c4 49 be 00 00 00 00 f4 a2 61 bf 3a a0 be bd 78 1e ed be 00 00 00 00 38 fa 9d 49 f1 5d 9f 49 82 1a cd 4a 00 00 80 3f d2 95 a4 ca ed 3a dd 46 c3 24 85 4a
CAM frame=358 d9 7e a5 ca f5 2f 2d 47 b9 81 85 4a 00 00 80 3f 54 dc f1 be 80 d6 31 3e 8c 36 5d 3f 00 00 00 00 00 00 c0 b4 31 fb 7a 3f f4 c4 49 be 00 00 00 00 f8 a2 61 bf 38 a0 be bd 78 1e ed be 00 00 00 00 50 fa 9d 49 f4 5d 9f 49 83 1a cd 4a 00 00 80 3f d2 95 a4 ca ed 3a dd 46 c3 24 85 4a
CAM frame=359 d6 7e a5 ca 7e 2f 2d 47 bc 81 85 4a 00 00 80 3f 54 dc f1 be 7f d6 31 3e 88 36 5d 3f 00 00 00 00 00 00 b8 b4 31 fb 7a 3f f3 c4 49 be 00 00 00 00 f4 a2 61 bf 3a a0 be bd 78 1e ed be 00 00 00 00 58 fa 9d 49 f6 5d 9f 49 7e 1a cd 4a 00 00 80 3f d2 95 a4 ca ed 3a dd 46 c3 24 85 4a
CAM frame=360 d4 7e a5 ca 10 2f 2d 47 bf 81 85 4a 00 00 80 3f 54 dc f1 be 80 d6 31 3e 8c 36 5d 3f 00 00 00 00 00 00 c0 b4 31 fb 7a 3f f4 c4 49 be 00 00 00 00 f8 a2 61 bf 38 a0 be bd 78 1e ed be 00 00 00 00 70 fa 9d 49 fa 5d 9f 49 81 1a cd 4a 00 00 80 3f d2 95 a4 ca ed 3a dd 46 c3 24 85 4a
CAM frame=361 d1 7e a5 ca ad 2e 2d 47 c0 81 85 4a 00 00 80 3f 54 dc f1 be 7f d6 31 3e 88 36 5d 3f 00 00 00 00 00 00 b8 b4 31 fb 7a 3f f3 c4 49 be 00 00 00 00 f4 a2 61 bf 3a a0 be bd 78 1e ed be 00 00 00 00 70 fa 9d 49 fa 5d 9f 49 7b 1a cd 4a 00 00 80 3f d2 95 a4 ca ed 3a dd 46 c3 24 85 4a
CAM frame=362 ce 7e a5 ca 5a 2e 2d 47 c4 81 85 4a 00 00 80 3f 54 dc f1 be 80 d6 31 3e 8c 36 5d 3f 00 00 00 00 00 00 c0 b4 31 fb 7a 3f f4 c4 49 be 00 00 00 00 f8 a2 61 bf 38 a0 be bd 78 1e ed be 00 00 00 00 8c fa 9d 49 fc 5d 9f 49 7d 1a cd 4a 00 00 80 3f d2 95 a4 ca ed 3a dd 46 c3 24 85 4a
CAM frame=363 ca 7e a5 ca 0a 2e 2d 47 c6 81 85 4a 00 00 80 3f 54 dc f1 be 7f d6 31 3e 88 36 5d 3f 00 00 00 00 00 00 b8 b4 31 fb 7a 3f f3 c4 49 be 00 00 00 00 f4 a2 61 bf 3a a0 be bd 78 1e ed be 00 00 00 00 94 fa 9d 49 fd 5d 9f 49 78 1a cd 4a 00 00 80 3f d2 95 a4 ca ed 3a dd 46 c3 24 85 4a
CAM frame=364 c8 7e a5 ca c9 2d 2d 47 c7 81 85 4a 00 00 80 3f 54 dc f1 be 80 d6 31 3e 8c 36 5d 3f 00 00 00 00 00 00 c0 b4 31 fb 7a 3f f4 c4 49 be 00 00 00 00 f8 a2 61 bf 38 a0 be bd 78 1e ed be 00 00 00 00 a2 fa 9d 49 fe 5d 9f 49 7a 1a cd 4a 00 00 80 3f d2 95 a4 ca ed 3a dd 46 c3 24 85 4a
CAM frame=365 c7 7e a5 ca 8c 2d 2d 47 c9 81 85 4a 00 00 80 3f 54 dc f1 be 7f d6 31 3e 88 36 5d 3f 00 00 00 00 00 00 b8 b4 31 fb 7a 3f f3 c4 49 be 00 00 00 00 f4 a2 61 bf 3a a0 be bd 78 1e ed be 00 00 00 00 a2 fa 9d 49 ff 5d 9f 49 76 1a cd 4a 00 00 80 3f d2 95 a4 ca ed 3a dd 46 c3 24 85 4a
CAM frame=366 c6 7e a5 ca 56 2d 2d 47 cb 81 85 4a 00 00 80 3f 54 dc f1 be 80 d6 31 3e 8c 36 5d 3f 00 00 00 00 00 00 c0 b4 31 fb 7a 3f f4 c4 49 be 00 00 00 00 f8 a2 61 bf 38 a0 be bd 78 1e ed be 00 00 00 00 b4 fa 9d 49 02 5e 9f 49 79 1a cd 4a 00 00 80 3f d2 95 a4 ca ed 3a dd 46 c3 24 85 4a
CAM frame=367 c6 7e a5 ca 26 2d 2d 47 ce 81 85 4a 00 00 80 3f 54 dc f1 be 7f d6 31 3e 88 36 5d 3f 00 00 00 00 00 00 b8 b4 31 fb 7a 3f f3 c4 49 be 00 00 00 00 f4 a2 61 bf 3a a0 be bd 78 1e ed be 00 00 00 00 b6 fa 9d 49 04 5e 9f 49 79 1a cd 4a 00 00 80 3f d2 95 a4 ca ed 3a dd 46 c3 24 85 4a
CAM frame=368 c6 7e a5 ca f8 2c 2d 47 d1 81 85 4a 00 00 80 3f 54 dc f1 be 80 d6 31 3e 8c 36 5d 3f 00 00 00 00 00 00 c0 b4 31 fb 7a 3f f4 c4 49 be 00 00 00 00 f8 a2 61 bf 38 a0 be bd 78 1e ed be 00 00 00 00 c8 fa 9d 49 07 5e 9f 49 7c 1a cd 4a 00 00 80 3f d2 95 a4 ca ed 3a dd 46 c3 24 85 4a
CAM frame=369 c4 7e a5 ca d4 2c 2d 47 d3 81 85 4a 00 00 80 3f 54 dc f1 be 7f d6 31 3e 88 36 5d 3f 00 00 00 00 00 00 b8 b4 31 fb 7a 3f f3 c4 49 be 00 00 00 00 f4 a2 61 bf 3a a0 be bd 78 1e ed be 00 00 00 00 cc fa 9d 49 07 5e 9f 49 79 1a cd 4a 00 00 80 3f d2 95 a4 ca ed 3a dd 46 c3 24 85 4a
CAM frame=370 c3 7e a5 ca ae 2c 2d 47 d4 81 85 4a 00 00 80 3f 54 dc f1 be 80 d6 31 3e 8c 36 5d 3f 00 00 00 00 00 00 c0 b4 31 fb 7a 3f f4 c4 49 be 00 00 00 00 f8 a2 61 bf 38 a0 be bd 78 1e ed be 00 00 00 00 da fa 9d 49 08 5e 9f 49 7c 1a cd 4a 00 00 80 3f d2 95 a4 ca ed 3a dd 46 c3 24 85 4a
CAM frame=371 c2 7e a5 ca 90 2c 2d 47 d5 81 85 4a 00 00 80 3f 54 dc f1 be 7f d6 31 3e 88 36 5d 3f 00 00 00 00 00 00 b8 b4 31 fb 7a 3f f3 c4 49 be 00 00 00 00 f4 a2 61 bf 3a a0 be bd 78 1e ed be 00 00 00 00 d6 fa 9d 49 08 5e 9f 49 78 1a cd 4a 00 00 80 3f d2 95 a4 ca ed 3a dd 46 c3 24 85 4a
CAM frame=372 c2 7e a5 ca 72 2c 2d 47 d6 81 85 4a 00 00 80 3f 54 dc f1 be 80 d6 31 3e 8c 36 5d 3f 00 00 00 00 00 00 c0 b4 31 fb 7a 3f f4 c4 49 be 00 00 00 00 f8 a2 61 bf 38 a0 be bd 78 1e ed be 00 00 00 00 e2 fa 9d 49 0a 5e 9f 49 7c 1a cd 4a 00 00 80 3f d2 95 a4 ca ed 3a dd 46 c3 24 85 4a
CAM frame=373 c1 7e a5 ca 5a 2c 2d 47 d7 81 85 4a 00 00 80 3f 54 dc f1 be 7f d6 31 3e 88 36 5d 3f 00 00 00 00 00 00 b8 b4 31 fb 7a 3f f3 c4 49 be 00 00 00 00 f4 a2 61 bf 3a a0 be bd 78 1e ed be 00 00 00 00 e0 fa 9d 49 0a 5e 9f 49 78 1a cd 4a 00 00 80 3f d2 95 a4 ca ed 3a dd 46 c3 24 85 4a
CAM frame=374 c1 7e a5 ca 42 2c 2d 47 d7 81 85 4a 00 00 80 3f 54 dc f1 be 80 d6 31 3e 8c 36 5d 3f 00 00 00 00 00 00 c0 b4 31 fb 7a 3f f4 c4 49 be 00 00 00 00 f8 a2 61 bf 38 a0 be bd 78 1e ed be 00 00 00 00 e8 fa 9d 49 0b 5e 9f 49 7a 1a cd 4a 00 00 80 3f d2 95 a4 ca ed 3a dd 46 c3 24 85 4a
CAM frame=375 c0 7e a5 ca 2b 2c 2d 47 d7 81 85 4a 00 00 80 3f 54 dc f1 be 7f d6 31 3e 88 36 5d 3f 00 00 00 00 00 00 b8 b4 31 fb 7a 3f f3 c4 49 be 00 00 00 00 f4 a2 61 bf 3a a0 be bd 78 1e ed be 00 00 00 00 e2 fa 9d 49 0b 5e 9f 49 76 1a cd 4a 00 00 80 3f d2 95 a4 ca ed 3a dd 46 c3 24 85 4a
CAM frame=376 c0 7e a5 ca 18 2c 2d 47 d7 81 85 4a 00 00 80 3f 54 dc f1 be 80 d6 31 3e 8c 36 5d 3f 00 00 00 00 00 00 c0 b4 31 fb 7a 3f f4 c4 49 be 00 00 00 00 f8 a2 61 bf 38 a0 be bd 78 1e ed be 00 00 00 00 ea fa 9d 49 0c 5e 9f 49 79 1a cd 4a 00 00 80 3f d2 95 a4 ca ed 3a dd 46 c3 24 85 4a
CAM frame=377 c0 7e a5 ca 08 2c 2d 47 d7 81 85 4a 00 00 80 3f 54 dc f1 be 7f d6 31 3e 88 36 5d 3f 00 00 00 00 00 00 b8 b4 31 fb 7a 3f f3 c4 49 be 00 00 00 00 f4 a2 61 bf 3a a0 be bd 78 1e ed be 00 00 00 00 e2 fa 9d 49 0c 5e 9f 49 76 1a cd 4a 00 00 80 3f d2 95 a4 ca ed 3a dd 46 c3 24 85 4a
CAM frame=378 c0 7e a5 ca f8 2b 2d 47 d7 81 85 4a 00 00 80 3f 54 dc f1 be 80 d6 31 3e 8c 36 5d 3f 00 00 00 00 00 00 c0 b4 31 fb 7a 3f f4 c4 49 be 00 00 00 00 f8 a2 61 bf 38 a0 be bd 78 1e ed be 00 00 00 00 ea fa 9d 49 0c 5e 9f 49 79 1a cd 4a 00 00 80 3f d2 95 a4 ca ed 3a dd 46 c3 24 85 4a
CAM frame=379 c0 7e a5 ca ea 2b 2d 47 d7 81 85 4a 00 00 80 3f 54 dc f1 be 7f d6 31 3e 88 36 5d 3f 00 00 00 00 00 00 b8 b4 31 fb 7a 3f f3 c4 49 be 00 00 00 00 f4 a2 61 bf 3a a0 be bd 78 1e ed be 00 00 00 00 e2 fa 9d 49 0d 5e 9f 49 76 1a cd 4a 00 00 80 3f d2 95 a4 ca ed 3a dd 46 c3 24 85 4a
CAM frame=380 c0 7e a5 ca de 2b 2d 47 d7 81 85 4a 00 00 80 3f 54 dc f1 be 80 d6 31 3e 8c 36 5d 3f 00 00 00 00 00 00 c0 b4 31 fb 7a 3f f4 c4 49 be 00 00 00 00 f8 a2 61 bf 38 a0 be bd 78 1e ed be 00 00 00 00 ea fa 9d 49 0e 5e 9f 49 79 1a cd 4a 00 00 80 3f d2 95 a4 ca ed 3a dd 46 c3 24 85 4a
CAM frame=381 c0 7e a5 ca d2 2b 2d 47 d8 81 85 4a 00 00 80 3f 54 dc f1 be 7f d6 31 3e 88 36 5d 3f 00 00 00 00 00 00 b8 b4 31 fb 7a 3f f3 c4 49 be 00 00 00 00 f4 a2 61 bf 3a a0 be bd 78 1e ed be 00 00 00 00 e6 fa 9d 49 0e 5e 9f 49 76 1a cd 4a 00 00 80 3f d2 95 a4 ca ed 3a dd 46 c3 24 85 4a
CAM frame=382 c0 7e a5 ca c8 2b 2d 47 d8 81 85 4a 00 00 80 3f 54 dc f1 be 80 d6 31 3e 8c 36 5d 3f 00 00 00 00 00 00 c0 b4 31 fb 7a 3f f4 c4 49 be 00 00 00 00 f8 a2 61 bf 38 a0 be bd 78 1e ed be 00 00 00 00 ee fa 9d 49 0e 5e 9f 49 7a 1a cd 4a 00 00 80 3f d2 95 a4 ca ed 3a dd 46 c3 24 85 4a
CAM frame=383 bf 7e a5 ca bd 2b 2d 47 d8 81 85 4a 00 00 80 3f 54 dc f1 be 7f d6 31 3e 88 36 5d 3f 00 00 00 00 00 00 b8 b4 31 fb 7a 3f f3 c4 49 be 00 00 00 00 f4 a2 61 bf 3a a0 be bd 78 1e ed be 00 00 00 00 e8 fa 9d 49 0e 5e 9f 49 76 1a cd 4a 00 00 80 3f d2 95 a4 ca ed 3a dd 46 c3 24 85 4a
CAM frame=384 bf 7e a5 ca b4 2b 2d 47 d9 81 85 4a 00 00 80 3f 54 dc f1 be 80 d6 31 3e 8c 36 5d 3f 00 00 00 00 00 00 c0 b4 31 fb 7a 3f f4 c4 49 be 00 00 00 00 f8 a2 61 bf 38 a0 be bd 78 1e ed be 00 00 00 00 f2 fa 9d 49 0f 5e 9f 49 79 1a cd 4a 00 00 80 3f d2 95 a4 ca ed 3a dd 46 c3 24 85 4a
CAM frame=385 bf 7e a5 ca a8 2b 2d 47 d9 81 85 4a 00 00 80 3f 54 dc f1 be 7f d6 31 3e 88 36 5d 3f 00 00 00 00 00 00 b8 b4 31 fb 7a 3f f3 c4 49 be 00 00 00 00 f4 a2 61 bf 3a a0 be bd 78 1e ed be 00 00 00 00 ea fa 9d 49 0f 5e 9f 49 77 1a cd 4a 00 00 80 3f d2 95 a4 ca ed 3a dd 46 c3 24 85 4a
CAM frame=386 bf 7e a5 ca 9e 2b 2d 47 d9 81 85 4a 00 00 80 3f 54 dc f1 be 80 d6 31 3e 8c 36 5d 3f 00 00 00 00 00 00 c0 b4 31 fb 7a 3f f4 c4 49 be 00 00 00 00 f8 a2 61 bf 38 a0 be bd 78 1e ed be 00 00 00 00 f2 fa 9d 49 10 5e 9f 49 79 1a cd 4a 00 00 80 3f d2 95 a4 ca ed 3a dd 46 c3 24 85 4a
CAM frame=387 bf 7e a5 ca 92 2b 2d 47 da 81 85 4a 00 00 80 3f 54 dc f1 be 7f d6 31 3e 88 36 5d 3f 00 00 00 00 00 00 b8 b4 31 fb 7a 3f f3 c4 49 be 00 00 00 00 f4 a2 61 bf 3a a0 be bd 78 1e ed be 00 00 00 00 ee fa 9d 49 10 5e 9f 49 77 1a cd 4a 00 00 80 3f d2 95 a4 ca ed 3a dd 46 c3 24 85 4a
CAM frame=388 bf 7e a5 ca 86 2b 2d 47 dd 81 85 4a 00 00 80 3f 54 dc f1 be 80 d6 31 3e 8c 36 5d 3f 00 00 00 00 00 00 c0 b4 31 fb 7a 3f f4 c4 49 be 00 00 00 00 f8 a2 61 bf 38 a0 be bd 78 1e ed be 00 00 00 00 02 fb 9d 49 12 5e 9f 49 7b 1a cd 4a 00 00 80 3f d2 95 a4 ca ed 3a dd 46 c3 24 85 4a
CAM frame=389 bf 7e a5 ca 7c 2b 2d 47 dd 81 85 4a 00 00 80 3f 54 dc f1 be 7f d6 31 3e 88 36 5d 3f 00 00 00 00 00 00 b8 b4 31 fb 7a 3f f3 c4 49 be 00 00 00 00 f4 a2 61 bf 3a a0 be bd 78 1e ed be 00 00 00 00 f8 fa 9d 49 12 5e 9f 49 79 1a cd 4a 00 00 80 3f d2 95 a4 ca ed 3a dd 46 c3 24 85 4a
CAM frame=390 bf 7e a5 ca 70 2b 2d 47 dd 81 85 4a 00 00 80 3f 54 dc f1 be 80 d6 31 3e 8c 36 5d 3f 00 00 00 00 00 00 c0 b4 31 fb 7a 3f f4 c4 49 be 00 00 00 00 f8 a2 61 bf 38 a0 be bd 78 1e ed be 00 00 00 00 02 fb 9d 49 13 5e 9f 49 7b 1a cd 4a 00 00 80 3f d2 95 a4 ca ed 3a dd 46 c3 24 85 4a
CAM frame=391 be 7e a5 ca 6a 2b 2d 47 dd 81 85 4a 00 00 80 3f 54 dc f1 be 7f d6 31 3e 88 36 5d 3f 00 00 00 00 00 00 b8 b4 31 fb 7a 3f f3 c4 49 be 00 00 00 00 f4 a2 61 bf 3a a0 be bd 78 1e ed be 00 00 00 00 fa fa 9d 49 12 5e 9f 49 78 1a cd 4a 00 00 80 3f d2 95 a4 ca ed 3a dd 46 c3 24 85 4a
CAM frame=392 be 7e a5 ca 68 2b 2d 47 dd 81 85 4a 00 00 80 3f 54 dc f1 be 80 d6 31 3e 8c 36 5d 3f 00 00 00 00 00 00 c0 b4 31 fb 7a 3f f4 c4 49 be 00 00 00 00 f8 a2 61 bf 38 a0 be bd 78 1e ed be 00 00 00 00 04 fb 9d 49 12 5e 9f 49 7a 1a cd 4a 00 00 80 3f d2 95 a4 ca ed 3a dd 46 c3 24 85 4a
CAM frame=393 be 7e a5 ca 68 2b 2d 47 dd 81 85 4a 00 00 80 3f 54 dc f1 be 7f d6 31 3e 88 36 5d 3f 00 00 00 00 00 00 b8 b4 31 fb 7a 3f f3 c4 49 be 00 00 00 00 f4 a2 61 bf 3a a0 be bd 78 1e ed be 00 00 00 00 fa fa 9d 49 12 5e 9f 49 78 1a cd 4a 00 00 80 3f d2 95 a4 ca ed 3a dd 46 c3 24 85 4a
CAM frame=394 be 7e a5 ca 68 2b 2d 47 dd 81 85 4a 00 00 80 3f 54 dc f1 be 80 d6 31 3e 8c 36 5d 3f 00 00 00 00 00 00 c0 b4 31 fb 7a 3f f4 c4 49 be 00 00 00 00 f8 a2 61 bf 38 a0 be bd 78 1e ed be 00 00 00 00 04 fb 9d 49 12 5e 9f 49 7a 1a cd 4a 00 00 80 3f d2 95 a4 ca ed 3a dd 46 c3 24 85 4a
CAM frame=395 be 7e a5 ca 68 2b 2d 47 dd 81 85 4a 00 00 80 3f 54 dc f1 be 7f d6 31 3e 88 36 5d 3f 00 00 00 00 00 00 b8 b4 31 fb 7a 3f f3 c4 49 be 00 00 00 00 f4 a2 61 bf 3a a0 be bd 78 1e ed be 00 00 00 00 fa fa 9d 49 12 5e 9f 49 78 1a cd 4a 00 00 80 3f d2 95 a4 ca ed 3a dd 46 c3 24 85 4a
CAM frame=396 be 7e a5 ca 68 2b 2d 47 dd 81 85 4a 00 00 80 3f 54 dc f1 be 80 d6 31 3e 8c 36 5d 3f 00 00 00 00 00 00 c0 b4 31 fb 7a 3f f4 c4 49 be 00 00 00 00 f8 a2 61 bf 38 a0 be bd 78 1e ed be 00 00 00 00 04 fb 9d 49 12 5e 9f 49 7a 1a cd 4a 00 00 80 3f d2 95 a4 ca ed 3a dd 46 c3 24 85 4a
CAM frame=397 be 7e a5 ca 68 2b 2d 47 dd 81 85 4a 00 00 80 3f 54 dc f1 be 7f d6 31 3e 88 36 5d 3f 00 00 00 00 00 00 b8 b4 31 fb 7a 3f f3 c4 49 be 00 00 00 00 f4 a2 61 bf 3a a0 be bd 78 1e ed be 00 00 00 00 fa fa 9d 49 12 5e 9f 49 78 1a cd 4a 00 00 80 3f d2 95 a4 ca ed 3a dd 46 c3 24 85 4a
CAM frame=398 be 7e a5 ca 68 2b 2d 47 dd 81 85 4a 00 00 80 3f 54 dc f1 be 80 d6 31 3e 8c 36 5d 3f 00 00 00 00 00 00 c0 b4 31 fb 7a 3f f4 c4 49 be 00 00 00 00 f8 a2 61 bf 38 a0 be bd 78 1e ed be 00 00 00 00 04 fb 9d 49 12 5e 9f 49 7a 1a cd 4a 00 00 80 3f d2 95 a4 ca ed 3a dd 46 c3 24 85 4a
CAM frame=399 be 7e a5 ca 68 2b 2d 47 dd 81 85 4a 00 00 80 3f 54 dc f1 be 7f d6 31 3e 88 36 5d 3f 00 00 00 00 00 00 b8 b4 31 fb 7a 3f f3 c4 49 be 00 00 00 00 f4 a2 61 bf 3a a0 be bd 78 1e ed be 00 00 00 00 fa fa 9d 49 12 5e 9f 49 78 1a cd 4a 00 00 80 3f d2 95 a4 ca ed 3a dd 46 c3 24 85 4a
CAM frame=400 be 7e a5 ca 68 2b 2d 47 dd 81 85 4a 00 00 80 3f 54 dc f1 be 80 d6 31 3e 8c 36 5d 3f 00 00 00 00 00 00 c0 b4 31 fb 7a 3f f4 c4 49 be 00 00 00 00 f8 a2 61 bf 38 a0 be bd 78 1e ed be 00 00 00 00 04 fb 9d 49 12 5e 9f 49 7a 1a cd 4a 00 00 80 3f d2 95 a4 ca ed 3a dd 46 c3 24 85 4a
CAM frame=401 be 7e a5 ca 68 2b 2d 47 dd 81 85 4a 00 00 80 3f 54 dc f1 be 7f d6 31 3e 88 36 5d 3f 00 00 00 00 00 00 b8 b4 31 fb 7a 3f f3 c4 49 be 00 00 00 00 f4 a2 61 bf 3a a0 be bd 78 1e ed be 00 00 00 00 fa fa 9d 49 12 5e 9f 49 78 1a cd 4a 00 00 80 3f d2 95 a4 ca ed 3a dd 46 c3 24 85 4a
CAM frame=402 be 7e a5 ca 68 2b 2d 47 dd 81 85 4a 00 00 80 3f 54 dc f1 be 80 d6 31 3e 8c 36 5d 3f 00 00 00 00 00 00 c0 b4 31 fb 7a 3f f4 c4 49 be 00 00 00 00 f8 a2 61 bf 38 a0 be bd 78 1e ed be 00 00 00 00 04 fb 9d 49 12 5e 9f 49 7a 1a cd 4a 00 00 80 3f d2 95 a4 ca ed 3a dd 46 c3 24 85 4a
CAM frame=403 be 7e a5 ca 68 2b 2d 47 dd 81 85 4a 00 00 80 3f 54 dc f1 be 7f d6 31 3e 88 36 5d 3f 00 00 00 00 00 00 b8 b4 31 fb 7a 3f f3 c4 49 be 00 00 00 00 f4 a2 61 bf 3a a0 be bd 78 1e ed be 00 00 00 00 fa fa 9d 49 12 5e 9f 49 78 1a cd 4a 00 00 80 3f d2 95 a4 ca ed 3a dd 46 c3 24 85 4a
CAM frame=404 be 7e a5 ca 68 2b 2d 47 dd 81 85 4a 00 00 80 3f 54 dc f1 be 80 d6 31 3e 8c 36 5d 3f 00 00 00 00 00 00 c0 b4 31 fb 7a 3f f4 c4 49 be 00 00 00 00 f8 a2 61 bf 38 a0 be bd 78 1e ed be 00 00 00 00 04 fb 9d 49 12 5e 9f 49 7a 1a cd 4a 00 00 80 3f d2 95 a4 ca ed 3a dd 46 c3 24 85 4a
CAM frame=405 be 7e a5 ca 68 2b 2d 47 dd 81 85 4a 00 00 80 3f 54 dc f1 be 7f d6 31 3e 88 36 5d 3f 00 00 00 00 00 00 b8 b4 31 fb 7a 3f f3 c4 49 be 00 00 00 00 f4 a2 61 bf 3a a0 be bd 78 1e ed be 00 00 00 00 fa fa 9d 49 12 5e 9f 49 78 1a cd 4a 00 00 80 3f d2 95 a4 ca ed 3a dd 46 c3 24 85 4a
CAM frame=406 be 7e a5 ca 68 2b 2d 47 dd 81 85 4a 00 00 80 3f 54 dc f1 be 80 d6 31 3e 8c 36 5d 3f 00 00 00 00 00 00 c0 b4 31 fb 7a 3f f4 c4 49 be 00 00 00 00 f8 a2 61 bf 38 a0 be bd 78 1e ed be 00 00 00 00 04 fb 9d 49 12 5e 9f 49 7a 1a cd 4a 00 00 80 3f d2 95 a4 ca ed 3a dd 46 c3 24 85 4a
CAM frame=407 be 7e a5 ca 68 2b 2d 47 dd 81 85 4a 00 00 80 3f e4 c5 f1 be 7e d0 31 3e fe 3c 5d 3f 00 00 00 00 00 00 9c b4 ce fb 7a 3f c0 b8 49 be 00 00 00 00 fe a8 61 bf f7 82 be bd 10 09 ed be 00 00 00 00 96 24 9e 49 8c 52 9f 49 0c 19 cd 4a 00 00 80 3f d2 95 a4 ca ed 3a dd 46 c3 24 85 4a
CAM frame=408 be 7e a5 ca 68 2b 2d 47 dd 81 85 4a 00 00 80 3f f0 c5 f1 be 7c d0 31 3e f7 3c 5d 3f 00 00 00 00 00 00 78 b4 ce fb 7a 3f c1 b8 49 be 00 00 00 00 f7 a8 61 bf fe 82 be bd 1c 09 ed be 00 00 00 00 78 24 9e 49 8c 52 9f 49 0a 19 cd 4a 00 00 80 3f d2 95 a4 ca ed 3a dd 46 c3 24 85 4a
CAM frame=409 be 7e a5 ca 68 2b 2d 47 dd 81 85 4a 00 00 80 3f f0 c5 f1 be 7c d0 31 3e f4 3c 5d 3f 00 00 00 00 00 00 60 b4 ce fb 7a 3f c0 b8 49 be 00 00 00 00 f4 a8 61 bf 00 83 be bd 1c 09 ed be 00 00 00 00 70 24 9e 49 8d 52 9f 49 08 19 cd 4a 00 00 80 3f d2 95 a4 ca ed 3a dd 46 c3 24 85 4a
CAM frame=410 be 7e a5 ca 68 2b 2d 47 dd 81 85 4a 00 00 80 3f f8 c5 f1 be 7e d0 31 3e f8 3c 5d 3f 00 00 00 00 00 00 68 b4 ce fb 7a 3f c2 b8 49 be 00 00 00 00 f8 a8 61 bf 00 83 be bd 24 09 ed be 00 00 00 00 70 24 9e 49 8e 52 9f 49 0d 19 cd 4a 00 00 80 3f d2 95 a4 ca ed 3a dd 46 c3 24 85 4a
CAM frame=411 be 7e a5 ca 68 2b 2d 47 dd 81 85 4a 00 00 80 3f 04 c6 f1 be 7d d0 31 3e f2 3c 5d 3f 00 00 00 00 00 00 20 b4 ce fb 7a 3f c2 b8 49 be 00 00 00 00 f2 a8 61 bf 07 83 be bd 30 09 ed be 00 00 00 00 54 24 9e 49 8e 52 9f 49 0c 19 cd 4a 00 00 80 3f d2 95 a4 ca ed 3a dd 46 c3 24 85 4a
CAM frame=412 be 7e a5 ca 68 2b 2d 47 dd 81 85 4a 00 00 80 3f 04 c6 f1 be 7a d0 31 3e ee 3c 5d 3f 00 00 00 00 00 00 18 b4 ce fb 7a 3f c1 b8 49 be 00 00 00 00 ee a8 61 bf 0a 83 be bd 30 09 ed be 00 00 00 00 4c 24 9e 49 8d 52 9f 49 0a 19 cd 4a 00 00 80 3f d2 95 a4 ca ed 3a dd 46 c3 24 85 4a
CAM frame=413 be 7e a5 ca 68 2b 2d 47 dd 81 85 4a 00 00 80 3f 04 c6 f1 be 7c d0 31 3e f2 3c 5d 3f 00 00 00 00 00 00 28 b4 ce fb 7a 3f c1 b8 49 be 00 00 00 00 f2 a8 61 bf 06 83 be bd 30 09 ed be 00 00 00 00 54 24 9e 49 8e 52 9f 49 0c 19 cd 4a 00 00 80 3f d2 95 a4 ca ed 3a dd 46 c3 24 85 4a
CAM frame=414 be 7e a5 ca 68 2b 2d 47 dd 81 85 4a 00 00 80 3f 04 c6 f1 be 7a d0 31 3e ee 3c 5d 3f 00 00 00 00 00 00 10 b4 ce fb 7a 3f c0 b8 49 be 00 00 00 00 ee a8 61 bf 08 83 be bd 30 09 ed be 00 00 00 00 4c 24 9e 49 8d 52 9f 49 0a 19 cd 4a 00 00 80 3f d2 95 a4 ca ed 3a dd 46 c3 24 85 4a
CAM frame=415 be 7e a5 ca 68 2b 2d 47 dd 81 85 4a 00 00 80 3f 04 c6 f1 be 7c d0 31 3e f2 3c 5d 3f 00 00 00 00 00 00 28 b4 ce fb 7a 3f c1 b8 49 be 00 00 00 00 f2 a8 61 bf 06 83 be bd 30 09 ed be 00 00 00 00 54 24 9e 49 8e 52 9f 49 0c 19 cd 4a 00 00 80 3f d2 95 a4 ca ed 3a dd 46 c3 24 85 4a
CAM frame=416 be 7e a5 ca 68 2b 2d 47 dd 81 85 4a 00 00 80 3f 04 c6 f1 be 7a d0 31 3e ee 3c 5d 3f 00 00 00 00 00 00 10 b4 ce fb 7a 3f c0 b8 49 be 00 00 00 00 ee a8 61 bf 08 83 be bd 30 09 ed be 00 00 00 00 4c 24 9e 49 8d 52 9f 49 0a 19 cd 4a 00 00 80 3f d2 95 a4 ca ed 3a dd 46 c3 24 85 4a
CAM frame=417 be 7e a5 ca 68 2b 2d 47 dd 81 85 4a 00 00 80 3f 04 c6 f1 be 7c d0 31 3e f2 3c 5d 3f 00 00 00 00 00 00 28 b4 ce fb 7a 3f c1 b8 49 be 00 00 00 00 f2 a8 61 bf 06 83 be bd 30 09 ed be 00 00 00 00 54 24 9e 49 8e 52 9f 49 0c 19 cd 4a 00 00 80 3f d2 95 a4 ca ed 3a dd 46 c3 24 85 4a
CAM frame=418 be 7e a5 ca 68 2b 2d 47 dd 81 85 4a 00 00 80 3f 04 c6 f1 be 7a d0 31 3e ee 3c 5d 3f 00 00 00 00 00 00 10 b4 ce fb 7a 3f c0 b8 49 be 00 00 00 00 ee a8 61 bf 08 83 be bd 30 09 ed be 00 00 00 00 4c 24 9e 49 8d 52 9f 49 0a 19 cd 4a 00 00 80 3f d2 95 a4 ca ed 3a dd 46 c3 24 85 4a
CAM frame=419 be 7e a5 ca 68 2b 2d 47 dd 81 85 4a 00 00 80 3f 04 c6 f1 be 7c d0 31 3e f2 3c 5d 3f 00 00 00 00 00 00 28 b4 ce fb 7a 3f c1 b8 49 be 00 00 00 00 f2 a8 61 bf 06 83 be bd 30 09 ed be 00 00 00 00 54 24 9e 49 8e 52 9f 49 0c 19 cd 4a 00 00 80 3f d2 95 a4 ca ed 3a dd 46 c3 24 85 4a
CAM frame=420 be 7e a5 ca 68 2b 2d 47 dd 81 85 4a 00 00 80 3f 04 c6 f1 be 7a d0 31 3e ee 3c 5d 3f 00 00 00 00 00 00 10 b4 ce fb 7a 3f c0 b8 49 be 00 00 00 00 ee a8 61 bf 08 83 be bd 30 09 ed be 00 00 00 00 4c 24 9e 49 8d 52 9f 49 0a 19 cd 4a 00 00 80 3f d2 95 a4 ca ed 3a dd 46 c3 24 85 4a
CAM frame=421 be 7e a5 ca 68 2b 2d 47 dd 81 85 4a 00 00 80 3f 04 c6 f1 be 7c d0 31 3e f2 3c 5d 3f 00 00 00 00 00 00 28 b4 ce fb 7a 3f c1 b8 49 be 00 00 00 00 f2 a8 61 bf 06 83 be bd 30 09 ed be 00 00 00 00 54 24 9e 49 8e 52 9f 49 0c 19 cd 4a 00 00 80 3f d2 95 a4 ca ed 3a dd 46 c3 24 85 4a
CAM frame=422 be 7e a5 ca 68 2b 2d 47 dd 81 85 4a 00 00 80 3f 04 c6 f1 be 7a d0 31 3e ee 3c 5d 3f 00 00 00 00 00 00 10 b4 ce fb 7a 3f c0 b8 49 be 00 00 00 00 ee a8 61 bf 08 83 be bd 30 09 ed be 00 00 00 00 4c 24 9e 49 8d 52 9f 49 0a 19 cd 4a 00 00 80 3f d2 95 a4 ca ed 3a dd 46 c3 24 85 4a
CAM frame=423 be 7e a5 ca 68 2b 2d 47 dd 81 85 4a 00 00 80 3f 04 c6 f1 be 7c d0 31 3e f2 3c 5d 3f 00 00 00 00 00 00 28 b4 ce fb 7a 3f c1 b8 49 be 00 00 00 00 f2 a8 61 bf 06 83 be bd 30 09 ed be 00 00 00 00 54 24 9e 49 8e 52 9f 49 0c 19 cd 4a 00 00 80 3f d2 95 a4 ca ed 3a dd 46 c3 24 85 4a
CAM frame=424 be 7e a5 ca 68 2b 2d 47 dd 81 85 4a 00 00 80 3f 04 c6 f1 be 7a d0 31 3e ee 3c 5d 3f 00 00 00 00 00 00 10 b4 ce fb 7a 3f c0 b8 49 be 00 00 00 00 ee a8 61 bf 08 83 be bd 30 09 ed be 00 00 00 00 4c 24 9e 49 8d 52 9f 49 0a 19 cd 4a 00 00 80 3f d2 95 a4 ca ed 3a dd 46 c3 24 85 4a
CAM frame=425 be 7e a5 ca 68 2b 2d 47 dd 81 85 4a 00 00 80 3f 04 c6 f1 be 7c d0 31 3e f2 3c 5d 3f 00 00 00 00 00 00 28 b4 ce fb 7a 3f c1 b8 49 be 00 00 00 00 f2 a8 61 bf 06 83 be bd 30 09 ed be 00 00 00 00 54 24 9e 49 8e 52 9f 49 0c 19 cd 4a 00 00 80 3f d2 95 a4 ca ed 3a dd 46 c3 24 85 4a
CAM frame=426 be 7e a5 ca 68 2b 2d 47 dd 81 85 4a 00 00 80 3f 04 c6 f1 be 7a d0 31 3e ee 3c 5d 3f 00 00 00 00 00 00 10 b4 ce fb 7a 3f c0 b8 49 be 00 00 00 00 ee a8 61 bf 08 83 be bd 30 09 ed be 00 00 00 00 4c 24 9e 49 8d 52 9f 49 0a 19 cd 4a 00 00 80 3f d2 95 a4 ca ed 3a dd 46 c3 24 85 4a
CAM frame=427 be 7e a5 ca 68 2b 2d 47 dd 81 85 4a 00 00 80 3f 04 c6 f1 be 7c d0 31 3e f2 3c 5d 3f 00 00 00 00 00 00 28 b4 ce fb 7a 3f c1 b8 49 be 00 00 00 00 f2 a8 61 bf 06 83 be bd 30 09 ed be 00 00 00 00 54 24 9e 49 8e 52 9f 49 0c 19 cd 4a 00 00 80 3f d2 95 a4 ca ed 3a dd 46 c3 24 85 4a
CAM frame=428 be 7e a5 ca 68 2b 2d 47 dd 81 85 4a 00 00 80 3f 04 c6 f1 be 7a d0 31 3e ee 3c 5d 3f 00 00 00 00 00 00 10 b4 ce fb 7a 3f c0 b8 49 be 00 00 00 00 ee a8 61 bf 08 83 be bd 30 09 ed be 00 00 00 00 4c 24 9e 49 8d 52 9f 49 0a 19 cd 4a 00 00 80 3f d2 95 a4 ca ed 3a dd 46 c3 24 85 4a
CAM frame=429 be 7e a5 ca 68 2b 2d 47 dd 81 85 4a 00 00 80 3f 04 c6 f1 be 7c d0 31 3e f2 3c 5d 3f 00 00 00 00 00 00 28 b4 ce fb 7a 3f c1 b8 49 be 00 00 00 00 f2 a8 61 bf 06 83 be bd 30 09 ed be 00 00 00 00 54 24 9e 49 8e 52 9f 49 0c 19 cd 4a 00 00 80 3f d2 95 a4 ca ed 3a dd 46 c3 24 85 4a
CAM frame=430 be 7e a5 ca 68 2b 2d 47 dd 81 85 4a 00 00 80 3f 04 c6 f1 be 7a d0 31 3e ee 3c 5d 3f 00 00 00 00 00 00 10 b4 ce fb 7a 3f c0 b8 49 be 00 00 00 00 ee a8 61 bf 08 83 be bd 30 09 ed be 00 00 00 00 4c 24 9e 49 8d 52 9f 49 0a 19 cd 4a 00 00 80 3f d2 95 a4 ca ed 3a dd 46 c3 24 85 4a
CAM frame=431 be 7e a5 ca 68 2b 2d 47 dd 81 85 4a 00 00 80 3f 04 c6 f1 be 7c d0 31 3e f2 3c 5d 3f 00 00 00 00 00 00 28 b4 ce fb 7a 3f c1 b8 49 be 00 00 00 00 f2 a8 61 bf 06 83 be bd 30 09 ed be 00 00 00 00 54 24 9e 49 8e 52 9f 49 0c 19 cd 4a 00 00 80 3f d2 95 a4 ca ed 3a dd 46 c3 24 85 4a
CAM frame=432 be 7e a5 ca 68 2b 2d 47 dd 81 85 4a 00 00 80 3f 04 c6 f1 be 7a d0 31 3e ee 3c 5d 3f 00 00 00 00 00 00 10 b4 ce fb 7a 3f c0 b8 49 be 00 00 00 00 ee a8 61 bf 08 83 be bd 30 09 ed be 00 00 00 00 4c 24 9e 49 8d 52 9f 49 0a 19 cd 4a 00 00 80 3f d2 95 a4 ca ed 3a dd 46 c3 24 85 4a
CAM frame=433 be 7e a5 ca 68 2b 2d 47 dd 81 85 4a 00 00 80 3f 04 c6 f1 be 7c d0 31 3e f2 3c 5d 3f 00 00 00 00 00 00 28 b4 ce fb 7a 3f c1 b8 49 be 00 00 00 00 f2 a8 61 bf 06 83 be bd 30 09 ed be 00 00 00 00 54 24 9e 49 8e 52 9f 49 0c 19 cd 4a 00 00 80 3f d2 95 a4 ca ed 3a dd 46 c3 24 85 4a
CAM frame=434 be 7e a5 ca 68 2b 2d 47 dd 81 85 4a 00 00 80 3f 04 c6 f1 be 7a d0 31 3e ee 3c 5d 3f 00 00 00 00 00 00 10 b4 ce fb 7a 3f c0 b8 49 be 00 00 00 00 ee a8 61 bf 08 83 be bd 30 09 ed be 00 00 00 00 4c 24 9e 49 8d 52 9f 49 0a 19 cd 4a 00 00 80 3f d2 95 a4 ca ed 3a dd 46 c3 24 85 4a
CAM frame=435 be 7e a5 ca 68 2b 2d 47 dd 81 85 4a 00 00 80 3f 04 c6 f1 be 7c d0 31 3e f2 3c 5d 3f 00 00 00 00 00 00 28 b4 ce fb 7a 3f c1 b8 49 be 00 00 00 00 f2 a8 61 bf 06 83 be bd 30 09 ed be 00 00 00 00 54 24 9e 49 8e 52 9f 49 0c 19 cd 4a 00 00 80 3f d2 95 a4 ca ed 3a dd 46 c3 24 85 4a
CAM frame=436 be 7e a5 ca 68 2b 2d 47 dd 81 85 4a 00 00 80 3f 04 c6 f1 be 7a d0 31 3e ee 3c 5d 3f 00 00 00 00 00 00 10 b4 ce fb 7a 3f c0 b8 49 be 00 00 00 00 ee a8 61 bf 08 83 be bd 30 09 ed be 00 00 00 00 4c 24 9e 49 8d 52 9f 49 0a 19 cd 4a 00 00 80 3f d2 95 a4 ca ed 3a dd 46 c3 24 85 4a
CAM frame=437 be 7e a5 ca 68 2b 2d 47 dd 81 85 4a 00 00 80 3f 04 c6 f1 be 7c d0 31 3e f2 3c 5d 3f 00 00 00 00 00 00 28 b4 ce fb 7a 3f c1 b8 49 be 00 00 00 00 f2 a8 61 bf 06 83 be bd 30 09 ed be 00 00 00 00 54 24 9e 49 8e 52 9f 49 0c 19 cd 4a 00 00 80 3f d2 95 a4 ca ed 3a dd 46 c3 24 85 4a
CAM frame=438 be 7e a5 ca 68 2b 2d 47 dd 81 85 4a 00 00 80 3f 04 c6 f1 be 7a d0 31 3e ee 3c 5d 3f 00 00 00 00 00 00 10 b4 ce fb 7a 3f c0 b8 49 be 00 00 00 00 ee a8 61 bf 08 83 be bd 30 09 ed be 00 00 00 00 4c 24 9e 49 8d 52 9f 49 0a 19 cd 4a 00 00 80 3f d2 95 a4 ca ed 3a dd 46 c3 24 85 4a
CAM frame=439 be 7e a5 ca 68 2b 2d 47 dd 81 85 4a 00 00 80 3f 04 c6 f1 be 7c d0 31 3e f2 3c 5d 3f 00 00 00 00 00 00 28 b4 ce fb 7a 3f c1 b8 49 be 00 00 00 00 f2 a8 61 bf 06 83 be bd 30 09 ed be 00 00 00 00 54 24 9e 49 8e 52 9f 49 0c 19 cd 4a 00 00 80 3f d2 95 a4 ca ed 3a dd 46 c3 24 85 4a
CAM frame=440 be 7e a5 ca 68 2b 2d 47 dd 81 85 4a 00 00 80 3f 04 c6 f1 be 7a d0 31 3e ee 3c 5d 3f 00 00 00 00 00 00 10 b4 ce fb 7a 3f c0 b8 49 be 00 00 00 00 ee a8 61 bf 08 83 be bd 30 09 ed be 00 00 00 00 4c 24 9e 49 8d 52 9f 49 0a 19 cd 4a 00 00 80 3f d2 95 a4 ca ed 3a dd 46 c3 24 85 4a
CAM frame=441 be 7e a5 ca 68 2b 2d 47 dd 81 85 4a 00 00 80 3f 04 c6 f1 be 7c d0 31 3e f2 3c 5d 3f 00 00 00 00 00 00 28 b4 ce fb 7a 3f c1 b8 49 be 00 00 00 00 f2 a8 61 bf 06 83 be bd 30 09 ed be 00 00 00 00 54 24 9e 49 8e 52 9f 49 0c 19 cd 4a 00 00 80 3f d2 95 a4 ca ed 3a dd 46 c3 24 85 4a
CAM frame=442 be 7e a5 ca 68 2b 2d 47 dd 81 85 4a 00 00 80 3f 04 c6 f1 be 7a d0 31 3e ee 3c 5d 3f 00 00 00 00 00 00 10 b4 ce fb 7a 3f c0 b8 49 be 00 00 00 00 ee a8 61 bf 08 83 be bd 30 09 ed be 00 00 00 00 4c 24 9e 49 8d 52 9f 49 0a 19 cd 4a 00 00 80 3f d2 95 a4 ca ed 3a dd 46 c3 24 85 4a
CAM frame=443 be 7e a5 ca 68 2b 2d 47 dd 81 85 4a 00 00 80 3f 04 c6 f1 be 7c d0 31 3e f2 3c 5d 3f 00 00 00 00 00 00 28 b4 ce fb 7a 3f c1 b8 49 be 00 00 00 00 f2 a8 61 bf 06 83 be bd 30 09 ed be 00 00 00 00 54 24 9e 49 8e 52 9f 49 0c 19 cd 4a 00 00 80 3f d2 95 a4 ca ed 3a dd 46 c3 24 85 4a
CAM frame=444 be 7e a5 ca 68 2b 2d 47 dd 81 85 4a 00 00 80 3f 04 c6 f1 be 7a d0 31 3e ee 3c 5d 3f 00 00 00 00 00 00 10 b4 ce fb 7a 3f c0 b8 49 be 00 00 00 00 ee a8 61 bf 08 83 be bd 30 09 ed be 00 00 00 00 4c 24 9e 49 8d 52 9f 49 0a 19 cd 4a 00 00 80 3f d2 95 a4 ca ed 3a dd 46 c3 24 85 4a
CAM frame=445 be 7e a5 ca 68 2b 2d 47 dd 81 85 4a 00 00 80 3f 04 c6 f1 be 7c d0 31 3e f2 3c 5d 3f 00 00 00 00 00 00 28 b4 ce fb 7a 3f c1 b8 49 be 00 00 00 00 f2 a8 61 bf 06 83 be bd 30 09 ed be 00 00 00 00 54 24 9e 49 8e 52 9f 49 0c 19 cd 4a 00 00 80 3f d2 95 a4 ca ed 3a dd 46 c3 24 85 4a
CAM frame=446 be 7e a5 ca 68 2b 2d 47 dd 81 85 4a 00 00 80 3f 04 c6 f1 be 7a d0 31 3e ee 3c 5d 3f 00 00 00 00 00 00 10 b4 ce fb 7a 3f c0 b8 49 be 00 00 00 00 ee a8 61 bf 08 83 be bd 30 09 ed be 00 00 00 00 4c 24 9e 49 8d 52 9f 49 0a 19 cd 4a 00 00 80 3f d2 95 a4 ca ed 3a dd 46 c3 24 85 4a
CAM frame=447 be 7e a5 ca 68 2b 2d 47 dd 81 85 4a 00 00 80 3f 04 c6 f1 be 7c d0 31 3e f2 3c 5d 3f 00 00 00 00 00 00 28 b4 ce fb 7a 3f c1 b8 49 be 00 00 00 00 f2 a8 61 bf 06 83 be bd 30 09 ed be 00 00 00 00 54 24 9e 49 8e 52 9f 49 0c 19 cd 4a 00 00 80 3f d2 95 a4 ca ed 3a dd 46 c3 24 85 4a
CAM frame=448 be 7e a5 ca 68 2b 2d 47 dd 81 85 4a 00 00 80 3f 04 c6 f1 be 7a d0 31 3e ee 3c 5d 3f 00 00 00 00 00 00 10 b4 ce fb 7a 3f c0 b8 49 be 00 00 00 00 ee a8 61 bf 08 83 be bd 30 09 ed be 00 00 00 00 4c 24 9e 49 8d 52 9f 49 0a 19 cd 4a 00 00 80 3f d2 95 a4 ca ed 3a dd 46 c3 24 85 4a
CAM frame=449 be 7e a5 ca 68 2b 2d 47 dd 81 85 4a 00 00 80 3f 04 c6 f1 be 7c d0 31 3e f2 3c 5d 3f 00 00 00 00 00 00 28 b4 ce fb 7a 3f c1 b8 49 be 00 00 00 00 f2 a8 61 bf 06 83 be bd 30 09 ed be 00 00 00 00 54 24 9e 49 8e 52 9f 49 0c 19 cd 4a 00 00 80 3f d2 95 a4 ca ed 3a dd 46 c3 24 85 4a
CAM frame=450 be 7e a5 ca 68 2b 2d 47 dd 81 85 4a 00 00 80 3f 04 c6 f1 be 7a d0 31 3e ee 3c 5d 3f 00 00 00 00 00 00 10 b4 ce fb 7a 3f c0 b8 49 be 00 00 00 00 ee a8 61 bf 08 83 be bd 30 09 ed be 00 00 00 00 4c 24 9e 49 8d 52 9f 49 0a 19 cd 4a 00 00 80 3f d2 95 a4 ca ed 3a dd 46 c3 24 85 4a
CAM frame=451 be 7e a5 ca 68 2b 2d 47 dd 81 85 4a 00 00 80 3f 04 c6 f1 be 7c d0 31 3e f2 3c 5d 3f 00 00 00 00 00 00 28 b4 ce fb 7a 3f c1 b8 49 be 00 00 00 00 f2 a8 61 bf 06 83 be bd 30 09 ed be 00 00 00 00 54 24 9e 49 8e 52 9f 49 0c 19 cd 4a 00 00 80 3f d2 95 a4 ca ed 3a dd 46 c3 24 85 4a
CAM frame=452 be 7e a5 ca 68 2b 2d 47 dd 81 85 4a 00 00 80 3f 04 c6 f1 be 7a d0 31 3e ee 3c 5d 3f 00 00 00 00 00 00 10 b4 ce fb 7a 3f c0 b8 49 be 00 00 00 00 ee a8 61 bf 08 83 be bd 30 09 ed be 00 00 00 00 4c 24 9e 49 8d 52 9f 49 0a 19 cd 4a 00 00 80 3f d2 95 a4 ca ed 3a dd 46 c3 24 85 4a
CAM frame=453 be 7e a5 ca 68 2b 2d 47 dd 81 85 4a 00 00 80 3f 04 c6 f1 be 7c d0 31 3e f2 3c 5d 3f 00 00 00 00 00 00 28 b4 ce fb 7a 3f c1 b8 49 be 00 00 00 00 f2 a8 61 bf 06 83 be bd 30 09 ed be 00 00 00 00 54 24 9e 49 8e 52 9f 49 0c 19 cd 4a 00 00 80 3f d2 95 a4 ca ed 3a dd 46 c3 24 85 4a
CAM frame=454 be 7e a5 ca 68 2b 2d 47 dd 81 85 4a 00 00 80 3f 50 af f1 be 9e cc 31 3e 56 43 5d 3f 00 00 00 00 00 00 18 b4 4c fc 7a 3f f0 ae 49 be 00 00 00 00 04 af 61 bf dc 67 be bd 60 f3 ec be 00 00 00 00 58 4e 9e 49 f6 48 9f 49 7b 17 cd 4a 00 00 80 3f d2 95 a4 ca ed 3a dd 46 c3 24 85 4a
CAM frame=455 be 7e a5 ca 68 2b 2d 47 dd 81 85 4a 00 00 80 3f 5c af f1 be a2 cc 31 3e 5a 43 5d 3f 00 00 00 00 00 00 08 b4 4c fc 7a 3f f3 ae 49 be 00 00 00 00 08 af 61 bf de 67 be bd 6c f3 ec be 00 00 00 00 50 4e 9e 49 f9 48 9f 49 80 17 cd 4a 00 00 80 3f d2 95 a4 ca ed 3a dd 46 c3 24 85 4a
CAM frame=456 be 7e a5 ca 68 2b 2d 47 dd 81 85 4a 00 00 80 3f 6c af f1 be a0 cc 31 3e 50 43 5d 3f 00 00 00 00 00 00 20 b3 4c fc 7a 3f f3 ae 49 be 00 00 00 00 fe ae 61 bf e6 67 be bd 7c f3 ec be 00 00 00 00 28 4e 9e 49 fa 48 9f 49 7e 17 cd 4a 00 00 80 3f d2 95 a4 ca ed 3a dd 46 c3 24 85 4a
CAM frame=457 be 7e a5 ca 68 2b 2d 47 dd 81 85 4a 00 00 80 3f 74 af f1 be a0 cc 31 3e 4f 43 5d 3f 00 00 00 00 00 00 00 b2 4c fc 7a 3f f5 ae 49 be 00 00 00 00 fd ae 61 bf ea 67 be bd 88 f3 ec be 00 00 00 00 1c 4e 9e 49 fb 48 9f 49 80 17 cd 4a 00 00 80 3f d2 95 a4 ca ed 3a dd 46 c3 24 85 4a
CAM frame=458 be 7e a5 ca 68 2b 2d 47 dd 81 85 4a 00 00 80 3f 78 af f1 be a0 cc 31 3e 4b 43 5d 3f 00 00 00 00 00 00 20 33 4c fc 7a 3f f5 ae 49 be 00 00 00 00 f9 ae 61 bf ee 67 be bd 8c f3 ec be 00 00 00 00 0e 4e 9e 49 fc 48 9f 49 80 17 cd 4a 00 00 80 3f d2 95 a4 ca ed 3a dd 46 c3 24 85 4a
CAM frame=459 be 7e a5 ca 68 2b 2d 47 dd 81 85 4a 00 00 80 3f 78 af f1 be a0 cc 31 3e 4b 43 5d 3f 00 00 00 00 00 00 00 33 4c fc 7a 3f f5 ae 49 be 00 00 00 00 f9 ae 61 bf ee 67 be bd 8c f3 ec be 00 00 00 00 0e 4e 9e 49 fc 48 9f 49 80 17 cd 4a 00 00 80 3f d2 95 a4 ca ed 3a dd 46 c3 24 85 4a
CAM frame=460 be 7e a5 ca 68 2b 2d 47 dd 81 85 4a 00 00 80 3f 78 af f1 be a0 cc 31 3e 4b 43 5d 3f 00 00 00 00 00 00 00 33 4c fc 7a 3f f5 ae 49 be 00 00 00 00 f9 ae 61 bf ee 67 be bd 8c f3 ec be 00 00 00 00 0e 4e 9e 49 fc 48 9f 49 80 17 cd 4a 00 00 80 3f d2 95 a4 ca ed 3a dd 46 c3 24 85 4a
CAM frame=461 be 7e a5 ca 68 2b 2d 47 dd 81 85 4a 00 00 80 3f 78 af f1 be a0 cc 31 3e 4b 43 5d 3f 00 00 00 00 00 00 00 33 4c fc 7a 3f f5 ae 49 be 00 00 00 00 f9 ae 61 bf ee 67 be bd 8c f3 ec be 00 00 00 00 0e 4e 9e 49 fc 48 9f 49 80 17 cd 4a 00 00 80 3f d2 95 a4 ca ed 3a dd 46 c3 24 85 4a
CAM frame=462 be 7e a5 ca 68 2b 2d 47 dd 81 85 4a 00 00 80 3f 78 af f1 be a0 cc 31 3e 4b 43 5d 3f 00 00 00 00 00 00 00 33 4c fc 7a 3f f5 ae 49 be 00 00 00 00 f9 ae 61 bf ee 67 be bd 8c f3 ec be 00 00 00 00 0e 4e 9e 49 fc 48 9f 49 80 17 cd 4a 00 00 80 3f d2 95 a4 ca ed 3a dd 46 c3 24 85 4a
CAM frame=463 be 7e a5 ca 68 2b 2d 47 dd 81 85 4a 00 00 80 3f 78 af f1 be a0 cc 31 3e 4b 43 5d 3f 00 00 00 00 00 00 00 33 4c fc 7a 3f f5 ae 49 be 00 00 00 00 f9 ae 61 bf ee 67 be bd 8c f3 ec be 00 00 00 00 0e 4e 9e 49 fc 48 9f 49 80 17 cd 4a 00 00 80 3f d2 95 a4 ca ed 3a dd 46 c3 24 85 4a
CAM frame=464 be 7e a5 ca 68 2b 2d 47 dd 81 85 4a 00 00 80 3f 78 af f1 be a0 cc 31 3e 4b 43 5d 3f 00 00 00 00 00 00 00 33 4c fc 7a 3f f5 ae 49 be 00 00 00 00 f9 ae 61 bf ee 67 be bd 8c f3 ec be 00 00 00 00 0e 4e 9e 49 fc 48 9f 49 80 17 cd 4a 00 00 80 3f d2 95 a4 ca ed 3a dd 46 c3 24 85 4a
CAM frame=465 be 7e a5 ca 68 2b 2d 47 dd 81 85 4a 00 00 80 3f 78 af f1 be a0 cc 31 3e 4b 43 5d 3f 00 00 00 00 00 00 00 33 4c fc 7a 3f f5 ae 49 be 00 00 00 00 f9 ae 61 bf ee 67 be bd 8c f3 ec be 00 00 00 00 0e 4e 9e 49 fc 48 9f 49 80 17 cd 4a 00 00 80 3f d2 95 a4 ca ed 3a dd 46 c3 24 85 4a
CAM frame=466 be 7e a5 ca 68 2b 2d 47 dd 81 85 4a 00 00 80 3f 78 af f1 be a0 cc 31 3e 4b 43 5d 3f 00 00 00 00 00 00 00 33 4c fc 7a 3f f5 ae 49 be 00 00 00 00 f9 ae 61 bf ee 67 be bd 8c f3 ec be 00 00 00 00 0e 4e 9e 49 fc 48 9f 49 80 17 cd 4a 00 00 80 3f d2 95 a4 ca ed 3a dd 46 c3 24 85 4a
CAM frame=467 be 7e a5 ca 68 2b 2d 47 dd 81 85 4a 00 00 80 3f 78 af f1 be a0 cc 31 3e 4b 43 5d 3f 00 00 00 00 00 00 00 33 4c fc 7a 3f f5 ae 49 be 00 00 00 00 f9 ae 61 bf ee 67 be bd 8c f3 ec be 00 00 00 00 0e 4e 9e 49 fc 48 9f 49 80 17 cd 4a 00 00 80 3f d2 95 a4 ca ed 3a dd 46 c3 24 85 4a
CAM frame=468 be 7e a5 ca 68 2b 2d 47 dd 81 85 4a 00 00 80 3f 78 af f1 be a0 cc 31 3e 4b 43 5d 3f 00 00 00 00 00 00 00 33 4c fc 7a 3f f5 ae 49 be 00 00 00 00 f9 ae 61 bf ee 67 be bd 8c f3 ec be 00 00 00 00 0e 4e 9e 49 fc 48 9f 49 80 17 cd 4a 00 00 80 3f d2 95 a4 ca ed 3a dd 46 c3 24 85 4a
CAM frame=469 be 7e a5 ca 68 2b 2d 47 dd 81 85 4a 00 00 80 3f 78 af f1 be a0 cc 31 3e 4b 43 5d 3f 00 00 00 00 00 00 00 33 4c fc 7a 3f f5 ae 49 be 00 00 00 00 f9 ae 61 bf ee 67 be bd 8c f3 ec be 00 00 00 00 0e 4e 9e 49 fc 48 9f 49 80 17 cd 4a 00 00 80 3f d2 95 a4 ca ed 3a dd 46 c3 24 85 4a
CAM frame=470 be 7e a5 ca 68 2b 2d 47 dd 81 85 4a 00 00 80 3f 78 af f1 be a0 cc 31 3e 4b 43 5d 3f 00 00 00 00 00 00 00 33 4c fc 7a 3f f5 ae 49 be 00 00 00 00 f9 ae 61 bf ee 67 be bd 8c f3 ec be 00 00 00 00 0e 4e 9e 49 fc 48 9f 49 80 17 cd 4a 00 00 80 3f d2 95 a4 ca ed 3a dd 46 c3 24 85 4a
CAM frame=471 be 7e a5 ca 68 2b 2d 47 dd 81 85 4a 00 00 80 3f 78 af f1 be a0 cc 31 3e 4b 43 5d 3f 00 00 00 00 00 00 00 33 4c fc 7a 3f f5 ae 49 be 00 00 00 00 f9 ae 61 bf ee 67 be bd 8c f3 ec be 00 00 00 00 0e 4e 9e 49 fc 48 9f 49 80 17 cd 4a 00 00 80 3f d2 95 a4 ca ed 3a dd 46 c3 24 85 4a
CAM frame=472 be 7e a5 ca 68 2b 2d 47 dd 81 85 4a 00 00 80 3f 78 af f1 be a0 cc 31 3e 4b 43 5d 3f 00 00 00 00 00 00 00 33 4c fc 7a 3f f5 ae 49 be 00 00 00 00 f9 ae 61 bf ee 67 be bd 8c f3 ec be 00 00 00 00 0e 4e 9e 49 fc 48 9f 49 80 17 cd 4a 00 00 80 3f d2 95 a4 ca ed 3a dd 46 c3 24 85 4a
CAM frame=473 be 7e a5 ca 68 2b 2d 47 dd 81 85 4a 00 00 80 3f 78 af f1 be a0 cc 31 3e 4b 43 5d 3f 00 00 00 00 00 00 00 33 4c fc 7a 3f f5 ae 49 be 00 00 00 00 f9 ae 61 bf ee 67 be bd 8c f3 ec be 00 00 00 00 0e 4e 9e 49 fc 48 9f 49 80 17 cd 4a 00 00 80 3f d2 95 a4 ca ed 3a dd 46 c3 24 85 4a
CAM frame=474 be 7e a5 ca 68 2b 2d 47 dd 81 85 4a 00 00 80 3f 78 af f1 be a0 cc 31 3e 4b 43 5d 3f 00 00 00 00 00 00 00 33 4c fc 7a 3f f5 ae 49 be 00 00 00 00 f9 ae 61 bf ee 67 be bd 8c f3 ec be 00 00 00 00 0e 4e 9e 49 fc 48 9f 49 80 17 cd 4a 00 00 80 3f d2 95 a4 ca ed 3a dd 46 c3 24 85 4a
CAM frame=475 be 7e a5 ca 68 2b 2d 47 dd 81 85 4a 00 00 80 3f 78 af f1 be a0 cc 31 3e 4b 43 5d 3f 00 00 00 00 00 00 00 33 4c fc 7a 3f f5 ae 49 be 00 00 00 00 f9 ae 61 bf ee 67 be bd 8c f3 ec be 00 00 00 00 0e 4e 9e 49 fc 48 9f 49 80 17 cd 4a 00 00 80 3f d2 95 a4 ca ed 3a dd 46 c3 24 85 4a
CAM frame=476 be 7e a5 ca 68 2b 2d 47 dd 81 85 4a 00 00 80 3f 78 af f1 be a0 cc 31 3e 4b 43 5d 3f 00 00 00 00 00 00 00 33 4c fc 7a 3f f5 ae 49 be 00 00 00 00 f9 ae 61 bf ee 67 be bd 8c f3 ec be 00 00 00 00 0e 4e 9e 49 fc 48 9f 49 80 17 cd 4a 00 00 80 3f d2 95 a4 ca ed 3a dd 46 c3 24 85 4a
CAM frame=477 be 7e a5 ca 68 2b 2d 47 dd 81 85 4a 00 00 80 3f 78 af f1 be a0 cc 31 3e 4b 43 5d 3f 00 00 00 00 00 00 00 33 4c fc 7a 3f f5 ae 49 be 00 00 00 00 f9 ae 61 bf ee 67 be bd 8c f3 ec be 00 00 00 00 0e 4e 9e 49 fc 48 9f 49 80 17 cd 4a 00 00 80 3f d2 95 a4 ca ed 3a dd 46 c3 24 85 4a
CAM frame=478 be 7e a5 ca 68 2b 2d 47 dd 81 85 4a 00 00 80 3f 78 af f1 be a0 cc 31 3e 4b 43 5d 3f 00 00 00 00 00 00 00 33 4c fc 7a 3f f5 ae 49 be 00 00 00 00 f9 ae 61 bf ee 67 be bd 8c f3 ec be 00 00 00 00 0e 4e 9e 49 fc 48 9f 49 80 17 cd 4a 00 00 80 3f d2 95 a4 ca ed 3a dd 46 c3 24 85 4a
CAM frame=479 be 7e a5 ca 68 2b 2d 47 dd 81 85 4a 00 00 80 3f 78 af f1 be a0 cc 31 3e 4b 43 5d 3f 00 00 00 00 00 00 00 33 4c fc 7a 3f f5 ae 49 be 00 00 00 00 f9 ae 61 bf ee 67 be bd 8c f3 ec be 00 00 00 00 0e 4e 9e 49 fc 48 9f 49 80 17 cd 4a 00 00 80 3f d2 95 a4 ca ed 3a dd 46 c3 24 85 4a
CAM frame=480 be 7e a5 ca 68 2b 2d 47 dd 81 85 4a 00 00 80 3f 78 af f1 be a0 cc 31 3e 4b 43 5d 3f 00 00 00 00 00 00 00 33 4c fc 7a 3f f5 ae 49 be 00 00 00 00 f9 ae 61 bf ee 67 be bd 8c f3 ec be 00 00 00 00 0e 4e 9e 49 fc 48 9f 49 80 17 cd 4a 00 00 80 3f d2 95 a4 ca ed 3a dd 46 c3 24 85 4a
CAM frame=481 be 7e a5 ca 68 2b 2d 47 dd 81 85 4a 00 00 80 3f 78 af f1 be a0 cc 31 3e 4b 43 5d 3f 00 00 00 00 00 00 00 33 4c fc 7a 3f f5 ae 49 be 00 00 00 00 f9 ae 61 bf ee 67 be bd 8c f3 ec be 00 00 00 00 0e 4e 9e 49 fc 48 9f 49 80 17 cd 4a 00 00 80 3f d2 95 a4 ca ed 3a dd 46 c3 24 85 4a
CAM frame=482 be 7e a5 ca 68 2b 2d 47 dd 81 85 4a 00 00 80 3f 78 af f1 be a0 cc 31 3e 4b 43 5d 3f 00 00 00 00 00 00 00 33 4c fc 7a 3f f5 ae 49 be 00 00 00 00 f9 ae 61 bf ee 67 be bd 8c f3 ec be 00 00 00 00 0e 4e 9e 49 fc 48 9f 49 80 17 cd 4a 00 00 80 3f d2 95 a4 ca ed 3a dd 46 c3 24 85 4a
CAM frame=483 be 7e a5 ca 68 2b 2d 47 dd 81 85 4a 00 00 80 3f 78 af f1 be a0 cc 31 3e 4b 43 5d 3f 00 00 00 00 00 00 00 33 4c fc 7a 3f f5 ae 49 be 00 00 00 00 f9 ae 61 bf ee 67 be bd 8c f3 ec be 00 00 00 00 0e 4e 9e 49 fc 48 9f 49 80 17 cd 4a 00 00 80 3f d2 95 a4 ca ed 3a dd 46 c3 24 85 4a
CAM frame=484 be 7e a5 ca 68 2b 2d 47 dd 81 85 4a 00 00 80 3f 78 af f1 be a0 cc 31 3e 4b 43 5d 3f 00 00 00 00 00 00 00 33 4c fc 7a 3f f5 ae 49 be 00 00 00 00 f9 ae 61 bf ee 67 be bd 8c f3 ec be 00 00 00 00 0e 4e 9e 49 fc 48 9f 49 80 17 cd 4a 00 00 80 3f d2 95 a4 ca ed 3a dd 46 c3 24 85 4a
CAM frame=485 be 7e a5 ca 68 2b 2d 47 dd 81 85 4a 00 00 80 3f 78 af f1 be a0 cc 31 3e 4b 43 5d 3f 00 00 00 00 00 00 00 33 4c fc 7a 3f f5 ae 49 be 00 00 00 00 f9 ae 61 bf ee 67 be bd 8c f3 ec be 00 00 00 00 0e 4e 9e 49 fc 48 9f 49 80 17 cd 4a 00 00 80 3f d2 95 a4 ca ed 3a dd 46 c3 24 85 4a
CAM frame=486 be 7e a5 ca 68 2b 2d 47 dd 81 85 4a 00 00 80 3f 78 af f1 be a0 cc 31 3e 4b 43 5d 3f 00 00 00 00 00 00 00 33 4c fc 7a 3f f5 ae 49 be 00 00 00 00 f9 ae 61 bf ee 67 be bd 8c f3 ec be 00 00 00 00 0e 4e 9e 49 fc 48 9f 49 80 17 cd 4a 00 00 80 3f d2 95 a4 ca ed 3a dd 46 c3 24 85 4a
CAM frame=487 be 7e a5 ca 68 2b 2d 47 dd 81 85 4a 00 00 80 3f 78 af f1 be a0 cc 31 3e 4b 43 5d 3f 00 00 00 00 00 00 00 33 4c fc 7a 3f f5 ae 49 be 00 00 00 00 f9 ae 61 bf ee 67 be bd 8c f3 ec be 00 00 00 00 0e 4e 9e 49 fc 48 9f 49 80 17 cd 4a 00 00 80 3f d2 95 a4 ca ed 3a dd 46 c3 24 85 4a
CAM frame=488 be 7e a5 ca 68 2b 2d 47 dd 81 85 4a 00 00 80 3f 78 af f1 be a0 cc 31 3e 4b 43 5d 3f 00 00 00 00 00 00 00 33 4c fc 7a 3f f5 ae 49 be 00 00 00 00 f9 ae 61 bf ee 67 be bd 8c f3 ec be 00 00 00 00 0e 4e 9e 49 fc 48 9f 49 80 17 cd 4a 00 00 80 3f d2 95 a4 ca ed 3a dd 46 c3 24 85 4a
CAM frame=489 be 7e a5 ca 68 2b 2d 47 dd 81 85 4a 00 00 80 3f 78 af f1 be a0 cc 31 3e 4b 43 5d 3f 00 00 00 00 00 00 00 33 4c fc 7a 3f f5 ae 49 be 00 00 00 00 f9 ae 61 bf ee 67 be bd 8c f3 ec be 00 00 00 00 0e 4e 9e 49 fc 48 9f 49 80 17 cd 4a 00 00 80 3f d2 95 a4 ca ed 3a dd 46 c3 24 85 4a
CAM frame=490 be 7e a5 ca 68 2b 2d 47 dd 81 85 4a 00 00 80 3f 78 af f1 be a0 cc 31 3e 4b 43 5d 3f 00 00 00 00 00 00 00 33 4c fc 7a 3f f5 ae 49 be 00 00 00 00 f9 ae 61 bf ee 67 be bd 8c f3 ec be 00 00 00 00 0e 4e 9e 49 fc 48 9f 49 80 17 cd 4a 00 00 80 3f d2 95 a4 ca ed 3a dd 46 c3 24 85 4a
CAM frame=491 be 7e a5 ca 68 2b 2d 47 dd 81 85 4a 00 00 80 3f 78 af f1 be a0 cc 31 3e 4b 43 5d 3f 00 00 00 00 00 00 00 33 4c fc 7a 3f f5 ae 49 be 00 00 00 00 f9 ae 61 bf ee 67 be bd 8c f3 ec be 00 00 00 00 0e 4e 9e 49 fc 48 9f 49 80 17 cd 4a 00 00 80 3f d2 95 a4 ca ed 3a dd 46 c3 24 85 4a
CAM frame=492 be 7e a5 ca 68 2b 2d 47 dd 81 85 4a 00 00 80 3f 78 af f1 be a0 cc 31 3e 4b 43 5d 3f 00 00 00 00 00 00 00 33 4c fc 7a 3f f5 ae 49 be 00 00 00 00 f9 ae 61 bf ee 67 be bd 8c f3 ec be 00 00 00 00 0e 4e 9e 49 fc 48 9f 49 80 17 cd 4a 00 00 80 3f d2 95 a4 ca ed 3a dd 46 c3 24 85 4a
CAM frame=493 be 7e a5 ca 68 2b 2d 47 dd 81 85 4a 00 00 80 3f 78 af f1 be a0 cc 31 3e 4b 43 5d 3f 00 00 00 00 00 00 00 33 4c fc 7a 3f f5 ae 49 be 00 00 00 00 f9 ae 61 bf ee 67 be bd 8c f3 ec be 00 00 00 00 0e 4e 9e 49 fc 48 9f 49 80 17 cd 4a 00 00 80 3f d2 95 a4 ca ed 3a dd 46 c3 24 85 4a
CAM frame=494 be 7e a5 ca 68 2b 2d 47 dd 81 85 4a 00 00 80 3f 78 af f1 be a0 cc 31 3e 4b 43 5d 3f 00 00 00 00 00 00 00 33 4c fc 7a 3f f5 ae 49 be 00 00 00 00 f9 ae 61 bf ee 67 be bd 8c f3 ec be 00 00 00 00 0e 4e 9e 49 fc 48 9f 49 80 17 cd 4a 00 00 80 3f d2 95 a4 ca ed 3a dd 46 c3 24 85 4a
CAM frame=495 be 7e a5 ca 68 2b 2d 47 dd 81 85 4a 00 00 80 3f 78 af f1 be a0 cc 31 3e 4b 43 5d 3f 00 00 00 00 00 00 00 33 4c fc 7a 3f f5 ae 49 be 00 00 00 00 f9 ae 61 bf ee 67 be bd 8c f3 ec be 00 00 00 00 0e 4e 9e 49 fc 48 9f 49 80 17 cd 4a 00 00 80 3f d2 95 a4 ca ed 3a dd 46 c3 24 85 4a
CAM frame=496 be 7e a5 ca 68 2b 2d 47 dd 81 85 4a 00 00 80 3f 78 af f1 be a0 cc 31 3e 4b 43 5d 3f 00 00 00 00 00 00 00 33 4c fc 7a 3f f5 ae 49 be 00 00 00 00 f9 ae 61 bf ee 67 be bd 8c f3 ec be 00 00 00 00 0e 4e 9e 49 fc 48 9f 49 80 17 cd 4a 00 00 80 3f d2 95 a4 ca ed 3a dd 46 c3 24 85 4a
CAM frame=497 be 7e a5 ca 68 2b 2d 47 dd 81 85 4a 00 00 80 3f 78 af f1 be a0 cc 31 3e 4b 43 5d 3f 00 00 00 00 00 00 00 33 4c fc 7a 3f f5 ae 49 be 00 00 00 00 f9 ae 61 bf ee 67 be bd 8c f3 ec be 00 00 00 00 0e 4e 9e 49 fc 48 9f 49 80 17 cd 4a 00 00 80 3f d2 95 a4 ca ed 3a dd 46 c3 24 85 4a
CAM frame=498 be 7e a5 ca 68 2b 2d 47 dd 81 85 4a 00 00 80 3f 78 af f1 be a0 cc 31 3e 4b 43 5d 3f 00 00 00 00 00 00 00 33 4c fc 7a 3f f5 ae 49 be 00 00 00 00 f9 ae 61 bf ee 67 be bd 8c f3 ec be 00 00 00 00 0e 4e 9e 49 fc 48 9f 49 80 17 cd 4a 00 00 80 3f d2 95 a4 ca ed 3a dd 46 c3 24 85 4a
CAM frame=499 be 7e a5 ca 68 2b 2d 47 dd 81 85 4a 00 00 80 3f 78 af f1 be a0 cc 31 3e 4b 43 5d 3f 00 00 00 00 00 00 00 33 4c fc 7a 3f f5 ae 49 be 00 00 00 00 f9 ae 61 bf ee 67 be bd 8c f3 ec be 00 00 00 00 0e 4e 9e 49 fc 48 9f 49 80 17 cd 4a 00 00 80 3f d2 95 a4 ca ed 3a dd 46 c3 24 85 4a
CAM frame=500 be 7e a5 ca 68 2b 2d 47 dd 81 85 4a 00 00 80 3f 78 af f1 be a0 cc 31 3e 4b 43 5d 3f 00 00 00 00 00 00 00 33 4c fc 7a 3f f5 ae 49 be 00 00 00 00 f9 ae 61 bf ee 67 be bd 8c f3 ec be 00 00 00 00 0e 4e 9e 49 fc 48 9f 49 80 17 cd 4a 00 00 80 3f d2 95 a4 ca ed 3a dd 46 c3 24 85 4a
CAM frame=501 be 7e a5 ca 68 2b 2d 47 dd 81 85 4a 00 00 80 3f 78 af f1 be a0 cc 31 3e 4b 43 5d 3f 00 00 00 00 00 00 00 33 4c fc 7a 3f f5 ae 49 be 00 00 00 00 f9 ae 61 bf ee 67 be bd 8c f3 ec be 00 00 00 00 0e 4e 9e 49 fc 48 9f 49 80 17 cd 4a 00 00 80 3f d2 95 a4 ca ed 3a dd 46 c3 24 85 4a
CAM frame=502 be 7e a5 ca 68 2b 2d 47 dd 81 85 4a 00 00 80 3f 78 af f1 be a0 cc 31 3e 4b 43 5d 3f 00 00 00 00 00 00 00 33 4c fc 7a 3f f5 ae 49 be 00 00 00 00 f9 ae 61 bf ee 67 be bd 8c f3 ec be 00 00 00 00 0e 4e 9e 49 fc 48 9f 49 80 17 cd 4a 00 00 80 3f d2 95 a4 ca ed 3a dd 46 c3 24 85 4a
CAM frame=503 be 7e a5 ca 68 2b 2d 47 dd 81 85 4a 00 00 80 3f 78 af f1 be a0 cc 31 3e 4b 43 5d 3f 00 00 00 00 00 00 00 33 4c fc 7a 3f f5 ae 49 be 00 00 00 00 f9 ae 61 bf ee 67 be bd 8c f3 ec be 00 00 00 00 0e 4e 9e 49 fc 48 9f 49 80 17 cd 4a 00 00 80 3f d2 95 a4 ca ed 3a dd 46 c3 24 85 4a
CAM frame=504 be 7e a5 ca 68 2b 2d 47 dd 81 85 4a 00 00 80 3f 78 af f1 be a0 cc 31 3e 4b 43 5d 3f 00 00 00 00 00 00 00 33 4c fc 7a 3f f5 ae 49 be 00 00 00 00 f9 ae 61 bf ee 67 be bd 8c f3 ec be 00 00 00 00 0e 4e 9e 49 fc 48 9f 49 80 17 cd 4a 00 00 80 3f d2 95 a4 ca ed 3a dd 46 c3 24 85 4a
CAM frame=505 be 7e a5 ca 68 2b 2d 47 dd 81 85 4a 00 00 80 3f 78 af f1 be a0 cc 31 3e 4b 43 5d 3f 00 00 00 00 00 00 00 33 4c fc 7a 3f f5 ae 49 be 00 00 00 00 f9 ae 61 bf ee 67 be bd 8c f3 ec be 00 00 00 00 0e 4e 9e 49 fc 48 9f 49 80 17 cd 4a 00 00 80 3f d2 95 a4 ca ed 3a dd 46 c3 24 85 4a
CAM frame=506 be 7e a5 ca 68 2b 2d 47 dd 81 85 4a 00 00 80 3f 78 af f1 be a0 cc 31 3e 4b 43 5d 3f 00 00 00 00 00 00 00 33 4c fc 7a 3f f5 ae 49 be 00 00 00 00 f9 ae 61 bf ee 67 be bd 8c f3 ec be 00 00 00 00 0e 4e 9e 49 fc 48 9f 49 80 17 cd 4a 00 00 80 3f d2 95 a4 ca ed 3a dd 46 c3 24 85 4a
CAM frame=507 be 7e a5 ca 68 2b 2d 47 dd 81 85 4a 00 00 80 3f 78 af f1 be a0 cc 31 3e 4b 43 5d 3f 00 00 00 00 00 00 00 33 4c fc 7a 3f f5 ae 49 be 00 00 00 00 f9 ae 61 bf ee 67 be bd 8c f3 ec be 00 00 00 00 0e 4e 9e 49 fc 48 9f 49 80 17 cd 4a 00 00 80 3f d2 95 a4 ca ed 3a dd 46 c3 24 85 4a
CAM frame=508 be 7e a5 ca 68 2b 2d 47 dd 81 85 4a 00 00 80 3f 78 af f1 be a0 cc 31 3e 4b 43 5d 3f 00 00 00 00 00 00 00 33 4c fc 7a 3f f5 ae 49 be 00 00 00 00 f9 ae 61 bf ee 67 be bd 8c f3 ec be 00 00 00 00 0e 4e 9e 49 fc 48 9f 49 80 17 cd 4a 00 00 80 3f d2 95 a4 ca ed 3a dd 46 c3 24 85 4a
CAM frame=509 be 7e a5 ca 68 2b 2d 47 dd 81 85 4a 00 00 80 3f 78 af f1 be a0 cc 31 3e 4b 43 5d 3f 00 00 00 00 00 00 00 33 4c fc 7a 3f f5 ae 49 be 00 00 00 00 f9 ae 61 bf ee 67 be bd 8c f3 ec be 00 00 00 00 0e 4e 9e 49 fc 48 9f 49 80 17 cd 4a 00 00 80 3f d2 95 a4 ca ed 3a dd 46 c3 24 85 4a
CAM frame=510 be 7e a5 ca 68 2b 2d 47 dd 81 85 4a 00 00 80 3f 78 af f1 be a0 cc 31 3e 4b 43 5d 3f 00 00 00 00 00 00 00 33 4c fc 7a 3f f5 ae 49 be 00 00 00 00 f9 ae 61 bf ee 67 be bd 8c f3 ec be 00 00 00 00 0e 4e 9e 49 fc 48 9f 49 80 17 cd 4a 00 00 80 3f d2 95 a4 ca ed 3a dd 46 c3 24 85 4a
CAM frame=511 be 7e a5 ca 68 2b 2d 47 dd 81 85 4a 00 00 80 3f 78 af f1 be a0 cc 31 3e 4b 43 5d 3f 00 00 00 00 00 00 00 33 4c fc 7a 3f f5 ae 49 be 00 00 00 00 f9 ae 61 bf ee 67 be bd 8c f3 ec be 00 00 00 00 0e 4e 9e 49 fc 48 9f 49 80 17 cd 4a 00 00 80 3f d2 95 a4 ca ed 3a dd 46 c3 24 85 4a
CAM frame=512 be 7e a5 ca 68 2b 2d 47 dd 81 85 4a 00 00 80 3f 78 af f1 be a0 cc 31 3e 4b 43 5d 3f 00 00 00 00 00 00 00 33 4c fc 7a 3f f5 ae 49 be 00 00 00 00 f9 ae 61 bf ee 67 be bd 8c f3 ec be 00 00 00 00 0e 4e 9e 49 fc 48 9f 49 80 17 cd 4a 00 00 80 3f d2 95 a4 ca ed 3a dd 46 c3 24 85 4a
CAM frame=513 be 7e a5 ca 68 2b 2d 47 dd 81 85 4a 00 00 80 3f 78 af f1 be a0 cc 31 3e 4b 43 5d 3f 00 00 00 00 00 00 00 33 4c fc 7a 3f f5 ae 49 be 00 00 00 00 f9 ae 61 bf ee 67 be bd 8c f3 ec be 00 00 00 00 0e 4e 9e 49 fc 48 9f 49 80 17 cd 4a 00 00 80 3f d2 95 a4 ca ed 3a dd 46 c3 24 85 4a
CAM frame=514 be 7e a5 ca 68 2b 2d 47 dd 81 85 4a 00 00 80 3f 78 af f1 be a0 cc 31 3e 4b 43 5d 3f 00 00 00 00 00 00 00 33 4c fc 7a 3f f5 ae 49 be 00 00 00 00 f9 ae 61 bf ee 67 be bd 8c f3 ec be 00 00 00 00 0e 4e 9e 49 fc 48 9f 49 80 17 cd 4a 00 00 80 3f d2 95 a4 ca ed 3a dd 46 c3 24 85 4a
CAM frame=515 be 7e a5 ca 68 2b 2d 47 dd 81 85 4a 00 00 80 3f 78 af f1 be a0 cc 31 3e 4b 43 5d 3f 00 00 00 00 00 00 00 33 4c fc 7a 3f f5 ae 49 be 00 00 00 00 f9 ae 61 bf ee 67 be bd 8c f3 ec be 00 00 00 00 0e 4e 9e 49 fc 48 9f 49 80 17 cd 4a 00 00 80 3f d2 95 a4 ca ed 3a dd 46 c3 24 85 4a
CAM frame=516 be 7e a5 ca 68 2b 2d 47 dd 81 85 4a 00 00 80 3f 78 af f1 be a0 cc 31 3e 4b 43 5d 3f 00 00 00 00 00 00 00 33 4c fc 7a 3f f5 ae 49 be 00 00 00 00 f9 ae 61 bf ee 67 be bd 8c f3 ec be 00 00 00 00 0e 4e 9e 49 fc 48 9f 49 80 17 cd 4a 00 00 80 3f d2 95 a4 ca ed 3a dd 46 c3 24 85 4a
CAM frame=517 be 7e a5 ca 68 2b 2d 47 dd 81 85 4a 00 00 80 3f 78 af f1 be a0 cc 31 3e 4b 43 5d 3f 00 00 00 00 00 00 00 33 4c fc 7a 3f f5 ae 49 be 00 00 00 00 f9 ae 61 bf ee 67 be bd 8c f3 ec be 00 00 00 00 0e 4e 9e 49 fc 48 9f 49 80 17 cd 4a 00 00 80 3f d2 95 a4 ca ed 3a dd 46 c3 24 85 4a
CAM frame=518 be 7e a5 ca 68 2b 2d 47 dd 81 85 4a 00 00 80 3f 78 af f1 be a0 cc 31 3e 4b 43 5d 3f 00 00 00 00 00 00 00 33 4c fc 7a 3f f5 ae 49 be 00 00 00 00 f9 ae 61 bf ee 67 be bd 8c f3 ec be 00 00 00 00 0e 4e 9e 49 fc 48 9f 49 80 17 cd 4a 00 00 80 3f d2 95 a4 ca ed 3a dd 46 c3 24 85 4a
CAM frame=519 be 7e a5 ca 68 2b 2d 47 dd 81 85 4a 00 00 80 3f 78 af f1 be a0 cc 31 3e 4b 43 5d 3f 00 00 00 00 00 00 00 33 4c fc 7a 3f f5 ae 49 be 00 00 00 00 f9 ae 61 bf ee 67 be bd 8c f3 ec be 00 00 00 00 0e 4e 9e 49 fc 48 9f 49 80 17 cd 4a 00 00 80 3f d2 95 a4 ca ed 3a dd 46 c3 24 85 4a
CAM frame=520 be 7e a5 ca 68 2b 2d 47 dd 81 85 4a 00 00 80 3f 78 af f1 be a0 cc 31 3e 4b 43 5d 3f 00 00 00 00 00 00 00 33 4c fc 7a 3f f5 ae 49 be 00 00 00 00 f9 ae 61 bf ee 67 be bd 8c f3 ec be 00 00 00 00 0e 4e 9e 49 fc 48 9f 49 80 17 cd 4a 00 00 80 3f d2 95 a4 ca ed 3a dd 46 c3 24 85 4a
CAM frame=521 be 7e a5 ca 68 2b 2d 47 dd 81 85 4a 00 00 80 3f 78 af f1 be a0 cc 31 3e 4b 43 5d 3f 00 00 00 00 00 00 00 33 4c fc 7a 3f f5 ae 49 be 00 00 00 00 f9 ae 61 bf ee 67 be bd 8c f3 ec be 00 00 00 00 0e 4e 9e 49 fc 48 9f 49 80 17 cd 4a 00 00 80 3f d2 95 a4 ca ed 3a dd 46 c3 24 85 4a
CAM frame=522 be 7e a5 ca 68 2b 2d 47 dd 81 85 4a 00 00 80 3f 78 af f1 be a0 cc 31 3e 4b 43 5d 3f 00 00 00 00 00 00 00 33 4c fc 7a 3f f5 ae 49 be 00 00 00 00 f9 ae 61 bf ee 67 be bd 8c f3 ec be 00 00 00 00 0e 4e 9e 49 fc 48 9f 49 80 17 cd 4a 00 00 80 3f d2 95 a4 ca ed 3a dd 46 c3 24 85 4a
CAM frame=523 be 7e a5 ca 68 2b 2d 47 dd 81 85 4a 00 00 80 3f 78 af f1 be a0 cc 31 3e 4b 43 5d 3f 00 00 00 00 00 00 00 33 4c fc 7a 3f f5 ae 49 be 00 00 00 00 f9 ae 61 bf ee 67 be bd 8c f3 ec be 00 00 00 00 0e 4e 9e 49 fc 48 9f 49 80 17 cd 4a 00 00 80 3f d2 95 a4 ca ed 3a dd 46 c3 24 85 4a
CAM frame=524 be 7e a5 ca 68 2b 2d 47 dd 81 85 4a 00 00 80 3f 78 af f1 be a0 cc 31 3e 4b 43 5d 3f 00 00 00 00 00 00 00 33 4c fc 7a 3f f5 ae 49 be 00 00 00 00 f9 ae 61 bf ee 67 be bd 8c f3 ec be 00 00 00 00 0e 4e 9e 49 fc 48 9f 49 80 17 cd 4a 00 00 80 3f d2 95 a4 ca ed 3a dd 46 c3 24 85 4a
CAM frame=525 be 7e a5 ca 68 2b 2d 47 dd 81 85 4a 00 00 80 3f 78 af f1 be a0 cc 31 3e 4b 43 5d 3f 00 00 00 00 00 00 00 33 4c fc 7a 3f f5 ae 49 be 00 00 00 00 f9 ae 61 bf ee 67 be bd 8c f3 ec be 00 00 00 00 0e 4e 9e 49 fc 48 9f 49 80 17 cd 4a 00 00 80 3f d2 95 a4 ca ed 3a dd 46 c3 24 85 4a
CAM frame=526 be 7e a5 ca 68 2b 2d 47 dd 81 85 4a 00 00 80 3f 78 af f1 be a0 cc 31 3e 4b 43 5d 3f 00 00 00 00 00 00 00 33 4c fc 7a 3f f5 ae 49 be 00 00 00 00 f9 ae 61 bf ee 67 be bd 8c f3 ec be 00 00 00 00 0e 4e 9e 49 fc 48 9f 49 80 17 cd 4a 00 00 80 3f d2 95 a4 ca ed 3a dd 46 c3 24 85 4a
CAM frame=527 be 7e a5 ca 68 2b 2d 47 dd 81 85 4a 00 00 80 3f 78 af f1 be a0 cc 31 3e 4b 43 5d 3f 00 00 00 00 00 00 00 33 4c fc 7a 3f f5 ae 49 be 00 00 00 00 f9 ae 61 bf ee 67 be bd 8c f3 ec be 00 00 00 00 0e 4e 9e 49 fc 48 9f 49 80 17 cd 4a 00 00 80 3f d2 95 a4 ca ed 3a dd 46 c3 24 85 4a
CAM frame=528 be 7e a5 ca 68 2b 2d 47 dd 81 85 4a 00 00 80 3f 78 af f1 be a0 cc 31 3e 4b 43 5d 3f 00 00 00 00 00 00 00 33 4c fc 7a 3f f5 ae 49 be 00 00 00 00 f9 ae 61 bf ee 67 be bd 8c f3 ec be 00 00 00 00 0e 4e 9e 49 fc 48 9f 49 80 17 cd 4a 00 00 80 3f d2 95 a4 ca ed 3a dd 46 c3 24 85 4a
CAM frame=529 be 7e a5 ca 68 2b 2d 47 dd 81 85 4a 00 00 80 3f 78 af f1 be a0 cc 31 3e 4b 43 5d 3f 00 00 00 00 00 00 00 33 4c fc 7a 3f f5 ae 49 be 00 00 00 00 f9 ae 61 bf ee 67 be bd 8c f3 ec be 00 00 00 00 0e 4e 9e 49 fc 48 9f 49 80 17 cd 4a 00 00 80 3f d2 95 a4 ca ed 3a dd 46 c3 24 85 4a
CAM frame=530 be 7e a5 ca 68 2b 2d 47 dd 81 85 4a 00 00 80 3f 78 af f1 be a0 cc 31 3e 4b 43 5d 3f 00 00 00 00 00 00 00 33 4c fc 7a 3f f5 ae 49 be 00 00 00 00 f9 ae 61 bf ee 67 be bd 8c f3 ec be 00 00 00 00 0e 4e 9e 49 fc 48 9f 49 80 17 cd 4a 00 00 80 3f d2 95 a4 ca ed 3a dd 46 c3 24 85 4a
CAM frame=531 be 7e a5 ca 68 2b 2d 47 dd 81 85 4a 00 00 80 3f 78 af f1 be a0 cc 31 3e 4b 43 5d 3f 00 00 00 00 00 00 00 33 4c fc 7a 3f f5 ae 49 be 00 00 00 00 f9 ae 61 bf ee 67 be bd 8c f3 ec be 00 00 00 00 0e 4e 9e 49 fc 48 9f 49 80 17 cd 4a 00 00 80 3f d2 95 a4 ca ed 3a dd 46 c3 24 85 4a
CAM frame=532 be 7e a5 ca 68 2b 2d 47 dd 81 85 4a 00 00 80 3f 78 af f1 be a0 cc 31 3e 4b 43 5d 3f 00 00 00 00 00 00 00 33 4c fc 7a 3f f5 ae 49 be 00 00 00 00 f9 ae 61 bf ee 67 be bd 8c f3 ec be 00 00 00 00 0e 4e 9e 49 fc 48 9f 49 80 17 cd 4a 00 00 80 3f d2 95 a4 ca ed 3a dd 46 c3 24 85 4a
CAM frame=533 be 7e a5 ca 68 2b 2d 47 dd 81 85 4a 00 00 80 3f 78 af f1 be a0 cc 31 3e 4b 43 5d 3f 00 00 00 00 00 00 00 33 4c fc 7a 3f f5 ae 49 be 00 00 00 00 f9 ae 61 bf ee 67 be bd 8c f3 ec be 00 00 00 00 0e 4e 9e 49 fc 48 9f 49 80 17 cd 4a 00 00 80 3f d2 95 a4 ca ed 3a dd 46 c3 24 85 4a
CAM frame=534 be 7e a5 ca 68 2b 2d 47 dd 81 85 4a 00 00 80 3f 78 af f1 be a0 cc 31 3e 4b 43 5d 3f 00 00 00 00 00 00 00 33 4c fc 7a 3f f5 ae 49 be 00 00 00 00 f9 ae 61 bf ee 67 be bd 8c f3 ec be 00 00 00 00 0e 4e 9e 49 fc 48 9f 49 80 17 cd 4a 00 00 80 3f d2 95 a4 ca ed 3a dd 46 c3 24 85 4a
CAM frame=535 be 7e a5 ca 68 2b 2d 47 dd 81 85 4a 00 00 80 3f 78 af f1 be a0 cc 31 3e 4b 43 5d 3f 00 00 00 00 00 00 00 33 4c fc 7a 3f f5 ae 49 be 00 00 00 00 f9 ae 61 bf ee 67 be bd 8c f3 ec be 00 00 00 00 0e 4e 9e 49 fc 48 9f 49 80 17 cd 4a 00 00 80 3f d2 95 a4 ca ed 3a dd 46 c3 24 85 4a
CAM frame=536 be 7e a5 ca 68 2b 2d 47 dd 81 85 4a 00 00 80 3f 78 af f1 be a0 cc 31 3e 4b 43 5d 3f 00 00 00 00 00 00 00 33 4c fc 7a 3f f5 ae 49 be 00 00 00 00 f9 ae 61 bf ee 67 be bd 8c f3 ec be 00 00 00 00 0e 4e 9e 49 fc 48 9f 49 80 17 cd 4a 00 00 80 3f d2 95 a4 ca ed 3a dd 46 c3 24 85 4a
CAM frame=537 be 7e a5 ca 68 2b 2d 47 dd 81 85 4a 00 00 80 3f 78 af f1 be a0 cc 31 3e 4b 43 5d 3f 00 00 00 00 00 00 00 33 4c fc 7a 3f f5 ae 49 be 00 00 00 00 f9 ae 61 bf ee 67 be bd 8c f3 ec be 00 00 00 00 0e 4e 9e 49 fc 48 9f 49 80 17 cd 4a 00 00 80 3f d2 95 a4 ca ed 3a dd 46 c3 24 85 4a
CAM frame=538 be 7e a5 ca 68 2b 2d 47 dd 81 85 4a 00 00 80 3f 78 af f1 be a0 cc 31 3e 4b 43 5d 3f 00 00 00 00 00 00 00 33 4c fc 7a 3f f5 ae 49 be 00 00 00 00 f9 ae 61 bf ee 67 be bd 8c f3 ec be 00 00 00 00 0e 4e 9e 49 fc 48 9f 49 80 17 cd 4a 00 00 80 3f d2 95 a4 ca ed 3a dd 46 c3 24 85 4a
CAM frame=539 be 7e a5 ca 68 2b 2d 47 dd 81 85 4a 00 00 80 3f 78 af f1 be a0 cc 31 3e 4b 43 5d 3f 00 00 00 00 00 00 00 33 4c fc 7a 3f f5 ae 49 be 00 00 00 00 f9 ae 61 bf ee 67 be bd 8c f3 ec be 00 00 00 00 0e 4e 9e 49 fc 48 9f 49 80 17 cd 4a 00 00 80 3f d2 95 a4 ca ed 3a dd 46 c3 24 85 4a
CAM frame=540 be 7e a5 ca 68 2b 2d 47 dd 81 85 4a 00 00 80 3f 78 af f1 be a0 cc 31 3e 4b 43 5d 3f 00 00 00 00 00 00 00 33 4c fc 7a 3f f5 ae 49 be 00 00 00 00 f9 ae 61 bf ee 67 be bd 8c f3 ec be 00 00 00 00 0e 4e 9e 49 fc 48 9f 49 80 17 cd 4a 00 00 80 3f d2 95 a4 ca ed 3a dd 46 c3 24 85 4a
CAM frame=541 be 7e a5 ca 68 2b 2d 47 dd 81 85 4a 00 00 80 3f 78 af f1 be a0 cc 31 3e 4b 43 5d 3f 00 00 00 00 00 00 00 33 4c fc 7a 3f f5 ae 49 be 00 00 00 00 f9 ae 61 bf ee 67 be bd 8c f3 ec be 00 00 00 00 0e 4e 9e 49 fc 48 9f 49 80 17 cd 4a 00 00 80 3f d2 95 a4 ca ed 3a dd 46 c3 24 85 4a
CAM frame=542 be 7e a5 ca 68 2b 2d 47 dd 81 85 4a 00 00 80 3f 78 af f1 be a0 cc 31 3e 4b 43 5d 3f 00 00 00 00 00 00 00 33 4c fc 7a 3f f5 ae 49 be 00 00 00 00 f9 ae 61 bf ee 67 be bd 8c f3 ec be 00 00 00 00 0e 4e 9e 49 fc 48 9f 49 80 17 cd 4a 00 00 80 3f d2 95 a4 ca ed 3a dd 46 c3 24 85 4a
CAM frame=543 be 7e a5 ca 68 2b 2d 47 dd 81 85 4a 00 00 80 3f 78 af f1 be a0 cc 31 3e 4b 43 5d 3f 00 00 00 00 00 00 00 33 4c fc 7a 3f f5 ae 49 be 00 00 00 00 f9 ae 61 bf ee 67 be bd 8c f3 ec be 00 00 00 00 0e 4e 9e 49 fc 48 9f 49 80 17 cd 4a 00 00 80 3f d2 95 a4 ca ed 3a dd 46 c3 24 85 4a
CAM frame=544 be 7e a5 ca 68 2b 2d 47 dd 81 85 4a 00 00 80 3f 78 af f1 be a0 cc 31 3e 4b 43 5d 3f 00 00 00 00 00 00 00 33 4c fc 7a 3f f5 ae 49 be 00 00 00 00 f9 ae 61 bf ee 67 be bd 8c f3 ec be 00 00 00 00 0e 4e 9e 49 fc 48 9f 49 80 17 cd 4a 00 00 80 3f d2 95 a4 ca ed 3a dd 46 c3 24 85 4a
CAM frame=545 be 7e a5 ca 68 2b 2d 47 dd 81 85 4a 00 00 80 3f 78 af f1 be a0 cc 31 3e 4b 43 5d 3f 00 00 00 00 00 00 00 33 4c fc 7a 3f f5 ae 49 be 00 00 00 00 f9 ae 61 bf ee 67 be bd 8c f3 ec be 00 00 00 00 0e 4e 9e 49 fc 48 9f 49 80 17 cd 4a 00 00 80 3f d2 95 a4 ca ed 3a dd 46 c3 24 85 4a
CAM frame=546 be 7e a5 ca 68 2b 2d 47 dd 81 85 4a 00 00 80 3f 78 af f1 be a0 cc 31 3e 4b 43 5d 3f 00 00 00 00 00 00 00 33 4c fc 7a 3f f5 ae 49 be 00 00 00 00 f9 ae 61 bf ee 67 be bd 8c f3 ec be 00 00 00 00 0e 4e 9e 49 fc 48 9f 49 80 17 cd 4a 00 00 80 3f d2 95 a4 ca ed 3a dd 46 c3 24 85 4a
CAM frame=547 be 7e a5 ca 68 2b 2d 47 dd 81 85 4a 00 00 80 3f 78 af f1 be a0 cc 31 3e 4b 43 5d 3f 00 00 00 00 00 00 00 33 4c fc 7a 3f f5 ae 49 be 00 00 00 00 f9 ae 61 bf ee 67 be bd 8c f3 ec be 00 00 00 00 0e 4e 9e 49 fc 48 9f 49 80 17 cd 4a 00 00 80 3f d2 95 a4 ca ed 3a dd 46 c3 24 85 4a
CAM frame=548 be 7e a5 ca 68 2b 2d 47 dd 81 85 4a 00 00 80 3f 78 af f1 be a0 cc 31 3e 4b 43 5d 3f 00 00 00 00 00 00 00 33 4c fc 7a 3f f5 ae 49 be 00 00 00 00 f9 ae 61 bf ee 67 be bd 8c f3 ec be 00 00 00 00 0e 4e 9e 49 fc 48 9f 49 80 17 cd 4a 00 00 80 3f d2 95 a4 ca ed 3a dd 46 c3 24 85 4a
CAM frame=549 be 7e a5 ca 68 2b 2d 47 dd 81 85 4a 00 00 80 3f 78 af f1 be a0 cc 31 3e 4b 43 5d 3f 00 00 00 00 00 00 00 33 4c fc 7a 3f f5 ae 49 be 00 00 00 00 f9 ae 61 bf ee 67 be bd 8c f3 ec be 00 00 00 00 0e 4e 9e 49 fc 48 9f 49 80 17 cd 4a 00 00 80 3f d2 95 a4 ca ed 3a dd 46 c3 24 85 4a
CAM frame=550 be 7e a5 ca 68 2b 2d 47 dd 81 85 4a 00 00 80 3f 78 af f1 be a0 cc 31 3e 4b 43 5d 3f 00 00 00 00 00 00 00 33 4c fc 7a 3f f5 ae 49 be 00 00 00 00 f9 ae 61 bf ee 67 be bd 8c f3 ec be 00 00 00 00 0e 4e 9e 49 fc 48 9f 49 80 17 cd 4a 00 00 80 3f d2 95 a4 ca ed 3a dd 46 c3 24 85 4a
CAM frame=551 be 7e a5 ca 68 2b 2d 47 dd 81 85 4a 00 00 80 3f 78 af f1 be a0 cc 31 3e 4b 43 5d 3f 00 00 00 00 00 00 00 33 4c fc 7a 3f f5 ae 49 be 00 00 00 00 f9 ae 61 bf ee 67 be bd 8c f3 ec be 00 00 00 00 0e 4e 9e 49 fc 48 9f 49 80 17 cd 4a 00 00 80 3f d2 95 a4 ca ed 3a dd 46 c3 24 85 4a
CAM frame=552 be 7e a5 ca 68 2b 2d 47 dd 81 85 4a 00 00 80 3f 78 af f1 be a0 cc 31 3e 4b 43 5d 3f 00 00 00 00 00 00 00 33 4c fc 7a 3f f5 ae 49 be 00 00 00 00 f9 ae 61 bf ee 67 be bd 8c f3 ec be 00 00 00 00 0e 4e 9e 49 fc 48 9f 49 80 17 cd 4a 00 00 80 3f d2 95 a4 ca ed 3a dd 46 c3 24 85 4a
CAM frame=553 be 7e a5 ca 68 2b 2d 47 dd 81 85 4a 00 00 80 3f 78 af f1 be a0 cc 31 3e 4b 43 5d 3f 00 00 00 00 00 00 00 33 4c fc 7a 3f f5 ae 49 be 00 00 00 00 f9 ae 61 bf ee 67 be bd 8c f3 ec be 00 00 00 00 0e 4e 9e 49 fc 48 9f 49 80 17 cd 4a 00 00 80 3f d2 95 a4 ca ed 3a dd 46 c3 24 85 4a
CAM frame=554 be 7e a5 ca 68 2b 2d 47 dd 81 85 4a 00 00 80 3f 78 af f1 be a0 cc 31 3e 4b 43 5d 3f 00 00 00 00 00 00 00 33 4c fc 7a 3f f5 ae 49 be 00 00 00 00 f9 ae 61 bf ee 67 be bd 8c f3 ec be 00 00 00 00 0e 4e 9e 49 fc 48 9f 49 80 17 cd 4a 00 00 80 3f d2 95 a4 ca ed 3a dd 46 c3 24 85 4a
CAM frame=555 be 7e a5 ca 68 2b 2d 47 dd 81 85 4a 00 00 80 3f 78 af f1 be a0 cc 31 3e 4b 43 5d 3f 00 00 00 00 00 00 00 33 4c fc 7a 3f f5 ae 49 be 00 00 00 00 f9 ae 61 bf ee 67 be bd 8c f3 ec be 00 00 00 00 0e 4e 9e 49 fc 48 9f 49 80 17 cd 4a 00 00 80 3f d2 95 a4 ca ed 3a dd 46 c3 24 85 4a
CAM frame=556 be 7e a5 ca 68 2b 2d 47 dd 81 85 4a 00 00 80 3f 78 af f1 be a0 cc 31 3e 4b 43 5d 3f 00 00 00 00 00 00 00 33 4c fc 7a 3f f5 ae 49 be 00 00 00 00 f9 ae 61 bf ee 67 be bd 8c f3 ec be 00 00 00 00 0e 4e 9e 49 fc 48 9f 49 80 17 cd 4a 00 00 80 3f d2 95 a4 ca ed 3a dd 46 c3 24 85 4a
CAM frame=557 be 7e a5 ca 68 2b 2d 47 dd 81 85 4a 00 00 80 3f 78 af f1 be a0 cc 31 3e 4b 43 5d 3f 00 00 00 00 00 00 00 33 4c fc 7a 3f f5 ae 49 be 00 00 00 00 f9 ae 61 bf ee 67 be bd 8c f3 ec be 00 00 00 00 0e 4e 9e 49 fc 48 9f 49 80 17 cd 4a 00 00 80 3f d2 95 a4 ca ed 3a dd 46 c3 24 85 4a
CAM frame=558 be 7e a5 ca 68 2b 2d 47 dd 81 85 4a 00 00 80 3f 78 af f1 be a0 cc 31 3e 4b 43 5d 3f 00 00 00 00 00 00 00 33 4c fc 7a 3f f5 ae 49 be 00 00 00 00 f9 ae 61 bf ee 67 be bd 8c f3 ec be 00 00 00 00 0e 4e 9e 49 fc 48 9f 49 80 17 cd 4a 00 00 80 3f d2 95 a4 ca ed 3a dd 46 c3 24 85 4a
CAM frame=559 be 7e a5 ca 68 2b 2d 47 dd 81 85 4a 00 00 80 3f 78 af f1 be a0 cc 31 3e 4b 43 5d 3f 00 00 00 00 00 00 00 33 4c fc 7a 3f f5 ae 49 be 00 00 00 00 f9 ae 61 bf ee 67 be bd 8c f3 ec be 00 00 00 00 0e 4e 9e 49 fc 48 9f 49 80 17 cd 4a 00 00 80 3f d2 95 a4 ca ed 3a dd 46 c3 24 85 4a
CAM frame=560 be 7e a5 ca 68 2b 2d 47 dd 81 85 4a 00 00 80 3f 78 af f1 be a0 cc 31 3e 4b 43 5d 3f 00 00 00 00 00 00 00 33 4c fc 7a 3f f5 ae 49 be 00 00 00 00 f9 ae 61 bf ee 67 be bd 8c f3 ec be 00 00 00 00 0e 4e 9e 49 fc 48 9f 49 80 17 cd 4a 00 00 80 3f d2 95 a4 ca ed 3a dd 46 c3 24 85 4a
CAM frame=561 be 7e a5 ca 68 2b 2d 47 dd 81 85 4a 00 00 80 3f 78 af f1 be a0 cc 31 3e 4b 43 5d 3f 00 00 00 00 00 00 00 33 4c fc 7a 3f f5 ae 49 be 00 00 00 00 f9 ae 61 bf ee 67 be bd 8c f3 ec be 00 00 00 00 0e 4e 9e 49 fc 48 9f 49 80 17 cd 4a 00 00 80 3f d2 95 a4 ca ed 3a dd 46 c3 24 85 4a
CAM frame=562 be 7e a5 ca 68 2b 2d 47 dd 81 85 4a 00 00 80 3f 78 af f1 be a0 cc 31 3e 4b 43 5d 3f 00 00 00 00 00 00 00 33 4c fc 7a 3f f5 ae 49 be 00 00 00 00 f9 ae 61 bf ee 67 be bd 8c f3 ec be 00 00 00 00 0e 4e 9e 49 fc 48 9f 49 80 17 cd 4a 00 00 80 3f d2 95 a4 ca ed 3a dd 46 c3 24 85 4a
CAM frame=563 be 7e a5 ca 68 2b 2d 47 dd 81 85 4a 00 00 80 3f 78 af f1 be a0 cc 31 3e 4b 43 5d 3f 00 00 00 00 00 00 00 33 4c fc 7a 3f f5 ae 49 be 00 00 00 00 f9 ae 61 bf ee 67 be bd 8c f3 ec be 00 00 00 00 0e 4e 9e 49 fc 48 9f 49 80 17 cd 4a 00 00 80 3f d2 95 a4 ca ed 3a dd 46 c3 24 85 4a
CAM frame=564 be 7e a5 ca 68 2b 2d 47 dd 81 85 4a 00 00 80 3f 78 af f1 be a0 cc 31 3e 4b 43 5d 3f 00 00 00 00 00 00 00 33 4c fc 7a 3f f5 ae 49 be 00 00 00 00 f9 ae 61 bf ee 67 be bd 8c f3 ec be 00 00 00 00 0e 4e 9e 49 fc 48 9f 49 80 17 cd 4a 00 00 80 3f d2 95 a4 ca ed 3a dd 46 c3 24 85 4a
CAM frame=565 be 7e a5 ca 68 2b 2d 47 dd 81 85 4a 00 00 80 3f 78 af f1 be a0 cc 31 3e 4b 43 5d 3f 00 00 00 00 00 00 00 33 4c fc 7a 3f f5 ae 49 be 00 00 00 00 f9 ae 61 bf ee 67 be bd 8c f3 ec be 00 00 00 00 0e 4e 9e 49 fc 48 9f 49 80 17 cd 4a 00 00 80 3f d2 95 a4 ca ed 3a dd 46 c3 24 85 4a
CAM frame=566 be 7e a5 ca 68 2b 2d 47 dd 81 85 4a 00 00 80 3f 78 af f1 be a0 cc 31 3e 4b 43 5d 3f 00 00 00 00 00 00 00 33 4c fc 7a 3f f5 ae 49 be 00 00 00 00 f9 ae 61 bf ee 67 be bd 8c f3 ec be 00 00 00 00 0e 4e 9e 49 fc 48 9f 49 80 17 cd 4a 00 00 80 3f d2 95 a4 ca ed 3a dd 46 c3 24 85 4a
CAM frame=567 be 7e a5 ca 68 2b 2d 47 dd 81 85 4a 00 00 80 3f 78 af f1 be a0 cc 31 3e 4b 43 5d 3f 00 00 00 00 00 00 00 33 4c fc 7a 3f f5 ae 49 be 00 00 00 00 f9 ae 61 bf ee 67 be bd 8c f3 ec be 00 00 00 00 0e 4e 9e 49 fc 48 9f 49 80 17 cd 4a 00 00 80 3f d2 95 a4 ca ed 3a dd 46 c3 24 85 4a
CAM frame=568 be 7e a5 ca 68 2b 2d 47 dd 81 85 4a 00 00 80 3f 78 af f1 be a0 cc 31 3e 4b 43 5d 3f 00 00 00 00 00 00 00 33 4c fc 7a 3f f5 ae 49 be 00 00 00 00 f9 ae 61 bf ee 67 be bd 8c f3 ec be 00 00 00 00 0e 4e 9e 49 fc 48 9f 49 80 17 cd 4a 00 00 80 3f d2 95 a4 ca ed 3a dd 46 c3 24 85 4a
CAM frame=569 be 7e a5 ca 68 2b 2d 47 dd 81 85 4a 00 00 80 3f 78 af f1 be a0 cc 31 3e 4b 43 5d 3f 00 00 00 00 00 00 00 33 4c fc 7a 3f f5 ae 49 be 00 00 00 00 f9 ae 61 bf ee 67 be bd 8c f3 ec be 00 00 00 00 0e 4e 9e 49 fc 48 9f 49 80 17 cd 4a 00 00 80 3f d2 95 a4 ca ed 3a dd 46 c3 24 85 4a
CAM frame=570 be 7e a5 ca 68 2b 2d 47 dd 81 85 4a 00 00 80 3f 78 af f1 be a0 cc 31 3e 4b 43 5d 3f 00 00 00 00 00 00 00 33 4c fc 7a 3f f5 ae 49 be 00 00 00 00 f9 ae 61 bf ee 67 be bd 8c f3 ec be 00 00 00 00 0e 4e 9e 49 fc 48 9f 49 80 17 cd 4a 00 00 80 3f d2 95 a4 ca ed 3a dd 46 c3 24 85 4a
CAM frame=571 be 7e a5 ca 68 2b 2d 47 dd 81 85 4a 00 00 80 3f 78 af f1 be a0 cc 31 3e 4b 43 5d 3f 00 00 00 00 00 00 00 33 4c fc 7a 3f f5 ae 49 be 00 00 00 00 f9 ae 61 bf ee 67 be bd 8c f3 ec be 00 00 00 00 0e 4e 9e 49 fc 48 9f 49 80 17 cd 4a 00 00 80 3f d2 95 a4 ca ed 3a dd 46 c3 24 85 4a
CAM frame=572 be 7e a5 ca 68 2b 2d 47 dd 81 85 4a 00 00 80 3f 78 af f1 be a0 cc 31 3e 4b 43 5d 3f 00 00 00 00 00 00 00 33 4c fc 7a 3f f5 ae 49 be 00 00 00 00 f9 ae 61 bf ee 67 be bd 8c f3 ec be 00 00 00 00 0e 4e 9e 49 fc 48 9f 49 80 17 cd 4a 00 00 80 3f d2 95 a4 ca ed 3a dd 46 c3 24 85 4a
CAM frame=573 be 7e a5 ca 68 2b 2d 47 dd 81 85 4a 00 00 80 3f 78 af f1 be a0 cc 31 3e 4b 43 5d 3f 00 00 00 00 00 00 00 33 4c fc 7a 3f f5 ae 49 be 00 00 00 00 f9 ae 61 bf ee 67 be bd 8c f3 ec be 00 00 00 00 0e 4e 9e 49 fc 48 9f 49 80 17 cd 4a 00 00 80 3f d2 95 a4 ca ed 3a dd 46 c3 24 85 4a
CAM frame=574 be 7e a5 ca 68 2b 2d 47 dd 81 85 4a 00 00 80 3f 78 af f1 be a0 cc 31 3e 4b 43 5d 3f 00 00 00 00 00 00 00 33 4c fc 7a 3f f5 ae 49 be 00 00 00 00 f9 ae 61 bf ee 67 be bd 8c f3 ec be 00 00 00 00 0e 4e 9e 49 fc 48 9f 49 80 17 cd 4a 00 00 80 3f d2 95 a4 ca ed 3a dd 46 c3 24 85 4a
CAM frame=575 be 7e a5 ca 68 2b 2d 47 dd 81 85 4a 00 00 80 3f 78 af f1 be a0 cc 31 3e 4b 43 5d 3f 00 00 00 00 00 00 00 33 4c fc 7a 3f f5 ae 49 be 00 00 00 00 f9 ae 61 bf ee 67 be bd 8c f3 ec be 00 00 00 00 0e 4e 9e 49 fc 48 9f 49 80 17 cd 4a 00 00 80 3f d2 95 a4 ca ed 3a dd 46 c3 24 85 4a
CAM frame=576 be 7e a5 ca 68 2b 2d 47 dd 81 85 4a 00 00 80 3f 78 af f1 be a0 cc 31 3e 4b 43 5d 3f 00 00 00 00 00 00 00 33 4c fc 7a 3f f5 ae 49 be 00 00 00 00 f9 ae 61 bf ee 67 be bd 8c f3 ec be 00 00 00 00 0e 4e 9e 49 fc 48 9f 49 80 17 cd 4a 00 00 80 3f d2 95 a4 ca ed 3a dd 46 c3 24 85 4a
CAM frame=577 be 7e a5 ca 68 2b 2d 47 dd 81 85 4a 00 00 80 3f 78 af f1 be a0 cc 31 3e 4b 43 5d 3f 00 00 00 00 00 00 00 33 4c fc 7a 3f f5 ae 49 be 00 00 00 00 f9 ae 61 bf ee 67 be bd 8c f3 ec be 00 00 00 00 0e 4e 9e 49 fc 48 9f 49 80 17 cd 4a 00 00 80 3f d2 95 a4 ca ed 3a dd 46 c3 24 85 4a
CAM frame=578 be 7e a5 ca 68 2b 2d 47 dd 81 85 4a 00 00 80 3f 78 af f1 be a0 cc 31 3e 4b 43 5d 3f 00 00 00 00 00 00 00 33 4c fc 7a 3f f5 ae 49 be 00 00 00 00 f9 ae 61 bf ee 67 be bd 8c f3 ec be 00 00 00 00 0e 4e 9e 49 fc 48 9f 49 80 17 cd 4a 00 00 80 3f d2 95 a4 ca ed 3a dd 46 c3 24 85 4a
CAM frame=579 be 7e a5 ca 68 2b 2d 47 dd 81 85 4a 00 00 80 3f 78 af f1 be a0 cc 31 3e 4b 43 5d 3f 00 00 00 00 00 00 00 33 4c fc 7a 3f f5 ae 49 be 00 00 00 00 f9 ae 61 bf ee 67 be bd 8c f3 ec be 00 00 00 00 0e 4e 9e 49 fc 48 9f 49 80 17 cd 4a 00 00 80 3f d2 95 a4 ca ed 3a dd 46 c3 24 85 4a
CAM frame=580 be 7e a5 ca 68 2b 2d 47 dd 81 85 4a 00 00 80 3f 78 af f1 be a0 cc 31 3e 4b 43 5d 3f 00 00 00 00 00 00 00 33 4c fc 7a 3f f5 ae 49 be 00 00 00 00 f9 ae 61 bf ee 67 be bd 8c f3 ec be 00 00 00 00 0e 4e 9e 49 fc 48 9f 49 80 17 cd 4a 00 00 80 3f d2 95 a4 ca ed 3a dd 46 c3 24 85 4a
CAM frame=581 be 7e a5 ca 68 2b 2d 47 dd 81 85 4a 00 00 80 3f 78 af f1 be a0 cc 31 3e 4b 43 5d 3f 00 00 00 00 00 00 00 33 4c fc 7a 3f f5 ae 49 be 00 00 00 00 f9 ae 61 bf ee 67 be bd 8c f3 ec be 00 00 00 00 0e 4e 9e 49 fc 48 9f 49 80 17 cd 4a 00 00 80 3f d2 95 a4 ca ed 3a dd 46 c3 24 85 4a
CAM frame=582 be 7e a5 ca 68 2b 2d 47 dd 81 85 4a 00 00 80 3f 78 af f1 be a0 cc 31 3e 4b 43 5d 3f 00 00 00 00 00 00 00 33 4c fc 7a 3f f5 ae 49 be 00 00 00 00 f9 ae 61 bf ee 67 be bd 8c f3 ec be 00 00 00 00 0e 4e 9e 49 fc 48 9f 49 80 17 cd 4a 00 00 80 3f d2 95 a4 ca ed 3a dd 46 c3 24 85 4a
CAM frame=583 be 7e a5 ca 68 2b 2d 47 dd 81 85 4a 00 00 80 3f 78 af f1 be a0 cc 31 3e 4b 43 5d 3f 00 00 00 00 00 00 00 33 4c fc 7a 3f f5 ae 49 be 00 00 00 00 f9 ae 61 bf ee 67 be bd 8c f3 ec be 00 00 00 00 0e 4e 9e 49 fc 48 9f 49 80 17 cd 4a 00 00 80 3f d2 95 a4 ca ed 3a dd 46 c3 24 85 4a
CAM frame=584 be 7e a5 ca 68 2b 2d 47 dd 81 85 4a 00 00 80 3f 78 af f1 be a0 cc 31 3e 4b 43 5d 3f 00 00 00 00 00 00 00 33 4c fc 7a 3f f5 ae 49 be 00 00 00 00 f9 ae 61 bf ee 67 be bd 8c f3 ec be 00 00 00 00 0e 4e 9e 49 fc 48 9f 49 80 17 cd 4a 00 00 80 3f d2 95 a4 ca ed 3a dd 46 c3 24 85 4a
CAM frame=585 be 7e a5 ca 68 2b 2d 47 dd 81 85 4a 00 00 80 3f 78 af f1 be a0 cc 31 3e 4b 43 5d 3f 00 00 00 00 00 00 00 33 4c fc 7a 3f f5 ae 49 be 00 00 00 00 f9 ae 61 bf ee 67 be bd 8c f3 ec be 00 00 00 00 0e 4e 9e 49 fc 48 9f 49 80 17 cd 4a 00 00 80 3f d2 95 a4 ca ed 3a dd 46 c3 24 85 4a
CAM frame=586 be 7e a5 ca 68 2b 2d 47 dd 81 85 4a 00 00 80 3f 78 af f1 be a0 cc 31 3e 4b 43 5d 3f 00 00 00 00 00 00 00 33 4c fc 7a 3f f5 ae 49 be 00 00 00 00 f9 ae 61 bf ee 67 be bd 8c f3 ec be 00 00 00 00 0e 4e 9e 49 fc 48 9f 49 80 17 cd 4a 00 00 80 3f d2 95 a4 ca ed 3a dd 46 c3 24 85 4a
CAM frame=587 be 7e a5 ca 68 2b 2d 47 dd 81 85 4a 00 00 80 3f 78 af f1 be a0 cc 31 3e 4b 43 5d 3f 00 00 00 00 00 00 00 33 4c fc 7a 3f f5 ae 49 be 00 00 00 00 f9 ae 61 bf ee 67 be bd 8c f3 ec be 00 00 00 00 0e 4e 9e 49 fc 48 9f 49 80 17 cd 4a 00 00 80 3f d2 95 a4 ca ed 3a dd 46 c3 24 85 4a
CAM frame=588 be 7e a5 ca 68 2b 2d 47 dd 81 85 4a 00 00 80 3f 78 af f1 be a0 cc 31 3e 4b 43 5d 3f 00 00 00 00 00 00 00 33 4c fc 7a 3f f5 ae 49 be 00 00 00 00 f9 ae 61 bf ee 67 be bd 8c f3 ec be 00 00 00 00 0e 4e 9e 49 fc 48 9f 49 80 17 cd 4a 00 00 80 3f d2 95 a4 ca ed 3a dd 46 c3 24 85 4a
CAM frame=589 be 7e a5 ca 68 2b 2d 47 dd 81 85 4a 00 00 80 3f 78 af f1 be a0 cc 31 3e 4b 43 5d 3f 00 00 00 00 00 00 00 33 4c fc 7a 3f f5 ae 49 be 00 00 00 00 f9 ae 61 bf ee 67 be bd 8c f3 ec be 00 00 00 00 0e 4e 9e 49 fc 48 9f 49 80 17 cd 4a 00 00 80 3f d2 95 a4 ca ed 3a dd 46 c3 24 85 4a
CAM frame=590 be 7e a5 ca 68 2b 2d 47 dd 81 85 4a 00 00 80 3f 78 af f1 be a0 cc 31 3e 4b 43 5d 3f 00 00 00 00 00 00 00 33 4c fc 7a 3f f5 ae 49 be 00 00 00 00 f9 ae 61 bf ee 67 be bd 8c f3 ec be 00 00 00 00 0e 4e 9e 49 fc 48 9f 49 80 17 cd 4a 00 00 80 3f d2 95 a4 ca ed 3a dd 46 c3 24 85 4a
CAM frame=591 be 7e a5 ca 68 2b 2d 47 dd 81 85 4a 00 00 80 3f 78 af f1 be a0 cc 31 3e 4b 43 5d 3f 00 00 00 00 00 00 00 33 4c fc 7a 3f f5 ae 49 be 00 00 00 00 f9 ae 61 bf ee 67 be bd 8c f3 ec be 00 00 00 00 0e 4e 9e 49 fc 48 9f 49 80 17 cd 4a 00 00 80 3f d2 95 a4 ca ed 3a dd 46 c3 24 85 4a
CAM frame=592 be 7e a5 ca 68 2b 2d 47 dd 81 85 4a 00 00 80 3f 78 af f1 be a0 cc 31 3e 4b 43 5d 3f 00 00 00 00 00 00 00 33 4c fc 7a 3f f5 ae 49 be 00 00 00 00 f9 ae 61 bf ee 67 be bd 8c f3 ec be 00 00 00 00 0e 4e 9e 49 fc 48 9f 49 80 17 cd 4a 00 00 80 3f d2 95 a4 ca ed 3a dd 46 c3 24 85 4a
CAM frame=593 be 7e a5 ca 68 2b 2d 47 dd 81 85 4a 00 00 80 3f 78 af f1 be a0 cc 31 3e 4b 43 5d 3f 00 00 00 00 00 00 00 33 4c fc 7a 3f f5 ae 49 be 00 00 00 00 f9 ae 61 bf ee 67 be bd 8c f3 ec be 00 00 00 00 0e 4e 9e 49 fc 48 9f 49 80 17 cd 4a 00 00 80 3f d2 95 a4 ca ed 3a dd 46 c3 24 85 4a
CAM frame=594 be 7e a5 ca 68 2b 2d 47 dd 81 85 4a 00 00 80 3f 78 af f1 be a0 cc 31 3e 4b 43 5d 3f 00 00 00 00 00 00 00 33 4c fc 7a 3f f5 ae 49 be 00 00 00 00 f9 ae 61 bf ee 67 be bd 8c f3 ec be 00 00 00 00 0e 4e 9e 49 fc 48 9f 49 80 17 cd 4a 00 00 80 3f d2 95 a4 ca ed 3a dd 46 c3 24 85 4a
CAM frame=595 be 7e a5 ca 68 2b 2d 47 dd 81 85 4a 00 00 80 3f 78 af f1 be a0 cc 31 3e 4b 43 5d 3f 00 00 00 00 00 00 00 33 4c fc 7a 3f f5 ae 49 be 00 00 00 00 f9 ae 61 bf ee 67 be bd 8c f3 ec be 00 00 00 00 0e 4e 9e 49 fc 48 9f 49 80 17 cd 4a 00 00 80 3f d2 95 a4 ca ed 3a dd 46 c3 24 85 4a
CAM frame=596 be 7e a5 ca 68 2b 2d 47 dd 81 85 4a 00 00 80 3f 78 af f1 be a0 cc 31 3e 4b 43 5d 3f 00 00 00 00 00 00 00 33 4c fc 7a 3f f5 ae 49 be 00 00 00 00 f9 ae 61 bf ee 67 be bd 8c f3 ec be 00 00 00 00 0e 4e 9e 49 fc 48 9f 49 80 17 cd 4a 00 00 80 3f d2 95 a4 ca ed 3a dd 46 c3 24 85 4a
CAM frame=597 be 7e a5 ca 68 2b 2d 47 dd 81 85 4a 00 00 80 3f 78 af f1 be a0 cc 31 3e 4b 43 5d 3f 00 00 00 00 00 00 00 33 4c fc 7a 3f f5 ae 49 be 00 00 00 00 f9 ae 61 bf ee 67 be bd 8c f3 ec be 00 00 00 00 0e 4e 9e 49 fc 48 9f 49 80 17 cd 4a 00 00 80 3f d2 95 a4 ca ed 3a dd 46 c3 24 85 4a
CAM frame=598 be 7e a5 ca 68 2b 2d 47 dd 81 85 4a 00 00 80 3f 78 af f1 be a0 cc 31 3e 4b 43 5d 3f 00 00 00 00 00 00 00 33 4c fc 7a 3f f5 ae 49 be 00 00 00 00 f9 ae 61 bf ee 67 be bd 8c f3 ec be 00 00 00 00 0e 4e 9e 49 fc 48 9f 49 80 17 cd 4a 00 00 80 3f d2 95 a4 ca ed 3a dd 46 c3 24 85 4a
CAM frame=599 be 7e a5 ca 68 2b 2d 47 dd 81 85 4a 00 00 80 3f 78 af f1 be a0 cc 31 3e 4b 43 5d 3f 00 00 00 00 00 00 00 33 4c fc 7a 3f f5 ae 49 be 00 00 00 00 f9 ae 61 bf ee 67 be bd 8c f3 ec be 00 00 00 00 0e 4e 9e 49 fc 48 9f 49 80 17 cd 4a 00 00 80 3f d2 95 a4 ca ed 3a dd 46 c3 24 85 4a
CAM frame=600 be 7e a5 ca 68 2b 2d 47 dd 81 85 4a 00 00 80 3f 78 af f1 be a0 cc 31 3e 4b 43 5d 3f 00 00 00 00 00 00 00 33 4c fc 7a 3f f5 ae 49 be 00 00 00 00 f9 ae 61 bf ee 67 be bd 8c f3 ec be 00 00 00 00 0e 4e 9e 49 fc 48 9f 49 80 17 cd 4a 00 00 80 3f d2 95 a4 ca ed 3a dd 46 c3 24 85 4a
CAM frame=601 be 7e a5 ca 68 2b 2d 47 dd 81 85 4a 00 00 80 3f 78 af f1 be a0 cc 31 3e 4b 43 5d 3f 00 00 00 00 00 00 00 33 4c fc 7a 3f f5 ae 49 be 00 00 00 00 f9 ae 61 bf ee 67 be bd 8c f3 ec be 00 00 00 00 0e 4e 9e 49 fc 48 9f 49 80 17 cd 4a 00 00 80 3f d2 95 a4 ca ed 3a dd 46 c3 24 85 4a
CAM frame=602 be 7e a5 ca 68 2b 2d 47 dd 81 85 4a 00 00 80 3f 78 af f1 be a0 cc 31 3e 4b 43 5d 3f 00 00 00 00 00 00 00 33 4c fc 7a 3f f5 ae 49 be 00 00 00 00 f9 ae 61 bf ee 67 be bd 8c f3 ec be 00 00 00 00 0e 4e 9e 49 fc 48 9f 49 80 17 cd 4a 00 00 80 3f d2 95 a4 ca ed 3a dd 46 c3 24 85 4a
CAM frame=603 be 7e a5 ca 68 2b 2d 47 dd 81 85 4a 00 00 80 3f 78 af f1 be a0 cc 31 3e 4b 43 5d 3f 00 00 00 00 00 00 00 33 4c fc 7a 3f f5 ae 49 be 00 00 00 00 f9 ae 61 bf ee 67 be bd 8c f3 ec be 00 00 00 00 0e 4e 9e 49 fc 48 9f 49 80 17 cd 4a 00 00 80 3f d2 95 a4 ca ed 3a dd 46 c3 24 85 4a
CAM frame=604 be 7e a5 ca 68 2b 2d 47 dd 81 85 4a 00 00 80 3f 78 af f1 be a0 cc 31 3e 4b 43 5d 3f 00 00 00 00 00 00 00 33 4c fc 7a 3f f5 ae 49 be 00 00 00 00 f9 ae 61 bf ee 67 be bd 8c f3 ec be 00 00 00 00 0e 4e 9e 49 fc 48 9f 49 80 17 cd 4a 00 00 80 3f d2 95 a4 ca ed 3a dd 46 c3 24 85 4a
CAM frame=605 be 7e a5 ca 68 2b 2d 47 dd 81 85 4a 00 00 80 3f 78 af f1 be a0 cc 31 3e 4b 43 5d 3f 00 00 00 00 00 00 00 33 4c fc 7a 3f f5 ae 49 be 00 00 00 00 f9 ae 61 bf ee 67 be bd 8c f3 ec be 00 00 00 00 0e 4e 9e 49 fc 48 9f 49 80 17 cd 4a 00 00 80 3f d2 95 a4 ca ed 3a dd 46 c3 24 85 4a
CAM frame=606 be 7e a5 ca 68 2b 2d 47 dd 81 85 4a 00 00 80 3f 78 af f1 be a0 cc 31 3e 4b 43 5d 3f 00 00 00 00 00 00 00 33 4c fc 7a 3f f5 ae 49 be 00 00 00 00 f9 ae 61 bf ee 67 be bd 8c f3 ec be 00 00 00 00 0e 4e 9e 49 fc 48 9f 49 80 17 cd 4a 00 00 80 3f d2 95 a4 ca ed 3a dd 46 c3 24 85 4a
CAM frame=607 be 7e a5 ca 68 2b 2d 47 dd 81 85 4a 00 00 80 3f 78 af f1 be a0 cc 31 3e 4b 43 5d 3f 00 00 00 00 00 00 00 33 4c fc 7a 3f f5 ae 49 be 00 00 00 00 f9 ae 61 bf ee 67 be bd 8c f3 ec be 00 00 00 00 0e 4e 9e 49 fc 48 9f 49 80 17 cd 4a 00 00 80 3f d2 95 a4 ca ed 3a dd 46 c3 24 85 4a
CAM frame=608 be 7e a5 ca 68 2b 2d 47 dd 81 85 4a 00 00 80 3f 78 af f1 be a0 cc 31 3e 4b 43 5d 3f 00 00 00 00 00 00 00 33 4c fc 7a 3f f5 ae 49 be 00 00 00 00 f9 ae 61 bf ee 67 be bd 8c f3 ec be 00 00 00 00 0e 4e 9e 49 fc 48 9f 49 80 17 cd 4a 00 00 80 3f d2 95 a4 ca ed 3a dd 46 c3 24 85 4a
CAM frame=609 be 7e a5 ca 68 2b 2d 47 dd 81 85 4a 00 00 80 3f 78 af f1 be a0 cc 31 3e 4b 43 5d 3f 00 00 00 00 00 00 00 33 4c fc 7a 3f f5 ae 49 be 00 00 00 00 f9 ae 61 bf ee 67 be bd 8c f3 ec be 00 00 00 00 0e 4e 9e 49 fc 48 9f 49 80 17 cd 4a 00 00 80 3f d2 95 a4 ca ed 3a dd 46 c3 24 85 4a
CAM frame=610 be 7e a5 ca 68 2b 2d 47 dd 81 85 4a 00 00 80 3f 78 af f1 be a0 cc 31 3e 4b 43 5d 3f 00 00 00 00 00 00 00 33 4c fc 7a 3f f5 ae 49 be 00 00 00 00 f9 ae 61 bf ee 67 be bd 8c f3 ec be 00 00 00 00 0e 4e 9e 49 fc 48 9f 49 80 17 cd 4a 00 00 80 3f d2 95 a4 ca ed 3a dd 46 c3 24 85 4a
CAM frame=611 be 7e a5 ca 68 2b 2d 47 dd 81 85 4a 00 00 80 3f 78 af f1 be a0 cc 31 3e 4b 43 5d 3f 00 00 00 00 00 00 00 33 4c fc 7a 3f f5 ae 49 be 00 00 00 00 f9 ae 61 bf ee 67 be bd 8c f3 ec be 00 00 00 00 0e 4e 9e 49 fc 48 9f 49 80 17 cd 4a 00 00 80 3f d2 95 a4 ca ed 3a dd 46 c3 24 85 4a
CAM frame=612 be 7e a5 ca 68 2b 2d 47 dd 81 85 4a 00 00 80 3f 78 af f1 be a0 cc 31 3e 4b 43 5d 3f 00 00 00 00 00 00 00 33 4c fc 7a 3f f5 ae 49 be 00 00 00 00 f9 ae 61 bf ee 67 be bd 8c f3 ec be 00 00 00 00 0e 4e 9e 49 fc 48 9f 49 80 17 cd 4a 00 00 80 3f d2 95 a4 ca ed 3a dd 46 c3 24 85 4a
CAM frame=613 be 7e a5 ca 68 2b 2d 47 dd 81 85 4a 00 00 80 3f 78 af f1 be a0 cc 31 3e 4b 43 5d 3f 00 00 00 00 00 00 00 33 4c fc 7a 3f f5 ae 49 be 00 00 00 00 f9 ae 61 bf ee 67 be bd 8c f3 ec be 00 00 00 00 0e 4e 9e 49 fc 48 9f 49 80 17 cd 4a 00 00 80 3f d2 95 a4 ca ed 3a dd 46 c3 24 85 4a
CAM frame=614 be 7e a5 ca 68 2b 2d 47 dd 81 85 4a 00 00 80 3f 78 af f1 be a0 cc 31 3e 4b 43 5d 3f 00 00 00 00 00 00 00 33 4c fc 7a 3f f5 ae 49 be 00 00 00 00 f9 ae 61 bf ee 67 be bd 8c f3 ec be 00 00 00 00 0e 4e 9e 49 fc 48 9f 49 80 17 cd 4a 00 00 80 3f d2 95 a4 ca ed 3a dd 46 c3 24 85 4a
CAM frame=615 be 7e a5 ca 68 2b 2d 47 dd 81 85 4a 00 00 80 3f 78 af f1 be a0 cc 31 3e 4b 43 5d 3f 00 00 00 00 00 00 00 33 4c fc 7a 3f f5 ae 49 be 00 00 00 00 f9 ae 61 bf ee 67 be bd 8c f3 ec be 00 00 00 00 0e 4e 9e 49 fc 48 9f 49 80 17 cd 4a 00 00 80 3f d2 95 a4 ca ed 3a dd 46 c3 24 85 4a
CAM frame=616 be 7e a5 ca 68 2b 2d 47 dd 81 85 4a 00 00 80 3f 78 af f1 be a0 cc 31 3e 4b 43 5d 3f 00 00 00 00 00 00 00 33 4c fc 7a 3f f5 ae 49 be 00 00 00 00 f9 ae 61 bf ee 67 be bd 8c f3 ec be 00 00 00 00 0e 4e 9e 49 fc 48 9f 49 80 17 cd 4a 00 00 80 3f d2 95 a4 ca ed 3a dd 46 c3 24 85 4a
CAM frame=617 be 7e a5 ca 68 2b 2d 47 dd 81 85 4a 00 00 80 3f 78 af f1 be a0 cc 31 3e 4b 43 5d 3f 00 00 00 00 00 00 00 33 4c fc 7a 3f f5 ae 49 be 00 00 00 00 f9 ae 61 bf ee 67 be bd 8c f3 ec be 00 00 00 00 0e 4e 9e 49 fc 48 9f 49 80 17 cd 4a 00 00 80 3f d2 95 a4 ca ed 3a dd 46 c3 24 85 4a
CAM frame=618 be 7e a5 ca 68 2b 2d 47 dd 81 85 4a 00 00 80 3f 78 af f1 be a0 cc 31 3e 4b 43 5d 3f 00 00 00 00 00 00 00 33 4c fc 7a 3f f5 ae 49 be 00 00 00 00 f9 ae 61 bf ee 67 be bd 8c f3 ec be 00 00 00 00 0e 4e 9e 49 fc 48 9f 49 80 17 cd 4a 00 00 80 3f d2 95 a4 ca ed 3a dd 46 c3 24 85 4a
CAM frame=619 be 7e a5 ca 68 2b 2d 47 dd 81 85 4a 00 00 80 3f 78 af f1 be a0 cc 31 3e 4b 43 5d 3f 00 00 00 00 00 00 00 33 4c fc 7a 3f f5 ae 49 be 00 00 00 00 f9 ae 61 bf ee 67 be bd 8c f3 ec be 00 00 00 00 0e 4e 9e 49 fc 48 9f 49 80 17 cd 4a 00 00 80 3f d2 95 a4 ca ed 3a dd 46 c3 24 85 4a
CAM frame=620 be 7e a5 ca 68 2b 2d 47 dd 81 85 4a 00 00 80 3f 78 af f1 be a0 cc 31 3e 4b 43 5d 3f 00 00 00 00 00 00 00 33 4c fc 7a 3f f5 ae 49 be 00 00 00 00 f9 ae 61 bf ee 67 be bd 8c f3 ec be 00 00 00 00 0e 4e 9e 49 fc 48 9f 49 80 17 cd 4a 00 00 80 3f d2 95 a4 ca ed 3a dd 46 c3 24 85 4a
CAM frame=621 be 7e a5 ca 68 2b 2d 47 dd 81 85 4a 00 00 80 3f 78 af f1 be a0 cc 31 3e 4b 43 5d 3f 00 00 00 00 00 00 00 33 4c fc 7a 3f f5 ae 49 be 00 00 00 00 f9 ae 61 bf ee 67 be bd 8c f3 ec be 00 00 00 00 0e 4e 9e 49 fc 48 9f 49 80 17 cd 4a 00 00 80 3f d2 95 a4 ca ed 3a dd 46 c3 24 85 4a
CAM frame=622 be 7e a5 ca 68 2b 2d 47 dd 81 85 4a 00 00 80 3f 78 af f1 be a0 cc 31 3e 4b 43 5d 3f 00 00 00 00 00 00 00 33 4c fc 7a 3f f5 ae 49 be 00 00 00 00 f9 ae 61 bf ee 67 be bd 8c f3 ec be 00 00 00 00 0e 4e 9e 49 fc 48 9f 49 80 17 cd 4a 00 00 80 3f d2 95 a4 ca ed 3a dd 46 c3 24 85 4a
CAM frame=623 be 7e a5 ca 68 2b 2d 47 dd 81 85 4a 00 00 80 3f 78 af f1 be a0 cc 31 3e 4b 43 5d 3f 00 00 00 00 00 00 00 33 4c fc 7a 3f f5 ae 49 be 00 00 00 00 f9 ae 61 bf ee 67 be bd 8c f3 ec be 00 00 00 00 0e 4e 9e 49 fc 48 9f 49 80 17 cd 4a 00 00 80 3f d2 95 a4 ca ed 3a dd 46 c3 24 85 4a
CAM frame=624 be 7e a5 ca 68 2b 2d 47 dd 81 85 4a 00 00 80 3f 78 af f1 be a0 cc 31 3e 4b 43 5d 3f 00 00 00 00 00 00 00 33 4c fc 7a 3f f5 ae 49 be 00 00 00 00 f9 ae 61 bf ee 67 be bd 8c f3 ec be 00 00 00 00 0e 4e 9e 49 fc 48 9f 49 80 17 cd 4a 00 00 80 3f d2 95 a4 ca ed 3a dd 46 c3 24 85 4a
CAM frame=625 be 7e a5 ca 68 2b 2d 47 dd 81 85 4a 00 00 80 3f 78 af f1 be a0 cc 31 3e 4b 43 5d 3f 00 00 00 00 00 00 00 33 4c fc 7a 3f f5 ae 49 be 00 00 00 00 f9 ae 61 bf ee 67 be bd 8c f3 ec be 00 00 00 00 0e 4e 9e 49 fc 48 9f 49 80 17 cd 4a 00 00 80 3f d2 95 a4 ca ed 3a dd 46 c3 24 85 4a
CAM frame=626 be 7e a5 ca 68 2b 2d 47 dd 81 85 4a 00 00 80 3f 78 af f1 be a0 cc 31 3e 4b 43 5d 3f 00 00 00 00 00 00 00 33 4c fc 7a 3f f5 ae 49 be 00 00 00 00 f9 ae 61 bf ee 67 be bd 8c f3 ec be 00 00 00 00 0e 4e 9e 49 fc 48 9f 49 80 17 cd 4a 00 00 80 3f d2 95 a4 ca ed 3a dd 46 c3 24 85 4a
CAM frame=627 be 7e a5 ca 68 2b 2d 47 dd 81 85 4a 00 00 80 3f 78 af f1 be a0 cc 31 3e 4b 43 5d 3f 00 00 00 00 00 00 00 33 4c fc 7a 3f f5 ae 49 be 00 00 00 00 f9 ae 61 bf ee 67 be bd 8c f3 ec be 00 00 00 00 0e 4e 9e 49 fc 48 9f 49 80 17 cd 4a 00 00 80 3f d2 95 a4 ca ed 3a dd 46 c3 24 85 4a
CAM frame=628 be 7e a5 ca 68 2b 2d 47 dd 81 85 4a 00 00 80 3f 78 af f1 be a0 cc 31 3e 4b 43 5d 3f 00 00 00 00 00 00 00 33 4c fc 7a 3f f5 ae 49 be 00 00 00 00 f9 ae 61 bf ee 67 be bd 8c f3 ec be 00 00 00 00 0e 4e 9e 49 fc 48 9f 49 80 17 cd 4a 00 00 80 3f d2 95 a4 ca ed 3a dd 46 c3 24 85 4a
CAM frame=629 be 7e a5 ca 68 2b 2d 47 dd 81 85 4a 00 00 80 3f 78 af f1 be a0 cc 31 3e 4b 43 5d 3f 00 00 00 00 00 00 00 33 4c fc 7a 3f f5 ae 49 be 00 00 00 00 f9 ae 61 bf ee 67 be bd 8c f3 ec be 00 00 00 00 0e 4e 9e 49 fc 48 9f 49 80 17 cd 4a 00 00 80 3f d2 95 a4 ca ed 3a dd 46 c3 24 85 4a
CAM frame=630 be 7e a5 ca 68 2b 2d 47 dd 81 85 4a 00 00 80 3f 78 af f1 be a0 cc 31 3e 4b 43 5d 3f 00 00 00 00 00 00 00 33 4c fc 7a 3f f5 ae 49 be 00 00 00 00 f9 ae 61 bf ee 67 be bd 8c f3 ec be 00 00 00 00 0e 4e 9e 49 fc 48 9f 49 80 17 cd 4a 00 00 80 3f d2 95 a4 ca ed 3a dd 46 c3 24 85 4a
CAM frame=631 be 7e a5 ca 68 2b 2d 47 dd 81 85 4a 00 00 80 3f 78 af f1 be a0 cc 31 3e 4b 43 5d 3f 00 00 00 00 00 00 00 33 4c fc 7a 3f f5 ae 49 be 00 00 00 00 f9 ae 61 bf ee 67 be bd 8c f3 ec be 00 00 00 00 0e 4e 9e 49 fc 48 9f 49 80 17 cd 4a 00 00 80 3f d2 95 a4 ca ed 3a dd 46 c3 24 85 4a
CAM frame=632 be 7e a5 ca 68 2b 2d 47 dd 81 85 4a 00 00 80 3f 78 af f1 be a0 cc 31 3e 4b 43 5d 3f 00 00 00 00 00 00 00 33 4c fc 7a 3f f5 ae 49 be 00 00 00 00 f9 ae 61 bf ee 67 be bd 8c f3 ec be 00 00 00 00 0e 4e 9e 49 fc 48 9f 49 80 17 cd 4a 00 00 80 3f d2 95 a4 ca ed 3a dd 46 c3 24 85 4a
CAM frame=633 be 7e a5 ca 68 2b 2d 47 dd 81 85 4a 00 00 80 3f 78 af f1 be a0 cc 31 3e 4b 43 5d 3f 00 00 00 00 00 00 00 33 4c fc 7a 3f f5 ae 49 be 00 00 00 00 f9 ae 61 bf ee 67 be bd 8c f3 ec be 00 00 00 00 0e 4e 9e 49 fc 48 9f 49 80 17 cd 4a 00 00 80 3f d2 95 a4 ca ed 3a dd 46 c3 24 85 4a
CAM frame=634 be 7e a5 ca 68 2b 2d 47 dd 81 85 4a 00 00 80 3f 78 af f1 be a0 cc 31 3e 4b 43 5d 3f 00 00 00 00 00 00 00 33 4c fc 7a 3f f5 ae 49 be 00 00 00 00 f9 ae 61 bf ee 67 be bd 8c f3 ec be 00 00 00 00 0e 4e 9e 49 fc 48 9f 49 80 17 cd 4a 00 00 80 3f d2 95 a4 ca ed 3a dd 46 c3 24 85 4a
CAM frame=635 be 7e a5 ca 68 2b 2d 47 dd 81 85 4a 00 00 80 3f 78 af f1 be a0 cc 31 3e 4b 43 5d 3f 00 00 00 00 00 00 00 33 4c fc 7a 3f f5 ae 49 be 00 00 00 00 f9 ae 61 bf ee 67 be bd 8c f3 ec be 00 00 00 00 0e 4e 9e 49 fc 48 9f 49 80 17 cd 4a 00 00 80 3f d2 95 a4 ca ed 3a dd 46 c3 24 85 4a
CAM frame=636 be 7e a5 ca 68 2b 2d 47 dd 81 85 4a 00 00 80 3f 78 af f1 be a0 cc 31 3e 4b 43 5d 3f 00 00 00 00 00 00 00 33 4c fc 7a 3f f5 ae 49 be 00 00 00 00 f9 ae 61 bf ee 67 be bd 8c f3 ec be 00 00 00 00 0e 4e 9e 49 fc 48 9f 49 80 17 cd 4a 00 00 80 3f d2 95 a4 ca ed 3a dd 46 c3 24 85 4a
CAM frame=637 be 7e a5 ca 68 2b 2d 47 dd 81 85 4a 00 00 80 3f 78 af f1 be a0 cc 31 3e 4b 43 5d 3f 00 00 00 00 00 00 00 33 4c fc 7a 3f f5 ae 49 be 00 00 00 00 f9 ae 61 bf ee 67 be bd 8c f3 ec be 00 00 00 00 0e 4e 9e 49 fc 48 9f 49 80 17 cd 4a 00 00 80 3f d2 95 a4 ca ed 3a dd 46 c3 24 85 4a
CAM frame=638 be 7e a5 ca 68 2b 2d 47 dd 81 85 4a 00 00 80 3f 78 af f1 be a0 cc 31 3e 4b 43 5d 3f 00 00 00 00 00 00 00 33 4c fc 7a 3f f5 ae 49 be 00 00 00 00 f9 ae 61 bf ee 67 be bd 8c f3 ec be 00 00 00 00 0e 4e 9e 49 fc 48 9f 49 80 17 cd 4a 00 00 80 3f d2 95 a4 ca ed 3a dd 46 c3 24 85 4a
CAM frame=639 be 7e a5 ca 68 2b 2d 47 dd 81 85 4a 00 00 80 3f 78 af f1 be a0 cc 31 3e 4b 43 5d 3f 00 00 00 00 00 00 00 33 4c fc 7a 3f f5 ae 49 be 00 00 00 00 f9 ae 61 bf ee 67 be bd 8c f3 ec be 00 00 00 00 0e 4e 9e 49 fc 48 9f 49 80 17 cd 4a 00 00 80 3f d2 95 a4 ca ed 3a dd 46 c3 24 85 4a
CAM frame=640 be 7e a5 ca 68 2b 2d 47 dd 81 85 4a 00 00 80 3f 78 af f1 be a0 cc 31 3e 4b 43 5d 3f 00 00 00 00 00 00 00 33 4c fc 7a 3f f5 ae 49 be 00 00 00 00 f9 ae 61 bf ee 67 be bd 8c f3 ec be 00 00 00 00 0e 4e 9e 49 fc 48 9f 49 80 17 cd 4a 00 00 80 3f d2 95 a4 ca ed 3a dd 46 c3 24 85 4a
CAM frame=641 be 7e a5 ca 68 2b 2d 47 dd 81 85 4a 00 00 80 3f 78 af f1 be a0 cc 31 3e 4b 43 5d 3f 00 00 00 00 00 00 00 33 4c fc 7a 3f f5 ae 49 be 00 00 00 00 f9 ae 61 bf ee 67 be bd 8c f3 ec be 00 00 00 00 0e 4e 9e 49 fc 48 9f 49 80 17 cd 4a 00 00 80 3f d2 95 a4 ca ed 3a dd 46 c3 24 85 4a
CAM frame=642 be 7e a5 ca 68 2b 2d 47 dd 81 85 4a 00 00 80 3f 78 af f1 be a0 cc 31 3e 4b 43 5d 3f 00 00 00 00 00 00 00 33 4c fc 7a 3f f5 ae 49 be 00 00 00 00 f9 ae 61 bf ee 67 be bd 8c f3 ec be 00 00 00 00 0e 4e 9e 49 fc 48 9f 49 80 17 cd 4a 00 00 80 3f d2 95 a4 ca ed 3a dd 46 c3 24 85 4a
CAM frame=643 be 7e a5 ca 68 2b 2d 47 dd 81 85 4a 00 00 80 3f 78 af f1 be a0 cc 31 3e 4b 43 5d 3f 00 00 00 00 00 00 00 33 4c fc 7a 3f f5 ae 49 be 00 00 00 00 f9 ae 61 bf ee 67 be bd 8c f3 ec be 00 00 00 00 0e 4e 9e 49 fc 48 9f 49 80 17 cd 4a 00 00 80 3f d2 95 a4 ca ed 3a dd 46 c3 24 85 4a
CAM frame=644 be 7e a5 ca 68 2b 2d 47 dd 81 85 4a 00 00 80 3f 78 af f1 be a0 cc 31 3e 4b 43 5d 3f 00 00 00 00 00 00 00 33 4c fc 7a 3f f5 ae 49 be 00 00 00 00 f9 ae 61 bf ee 67 be bd 8c f3 ec be 00 00 00 00 0e 4e 9e 49 fc 48 9f 49 80 17 cd 4a 00 00 80 3f d2 95 a4 ca ed 3a dd 46 c3 24 85 4a
CAM frame=645 be 7e a5 ca 68 2b 2d 47 dd 81 85 4a 00 00 80 3f 78 af f1 be a0 cc 31 3e 4b 43 5d 3f 00 00 00 00 00 00 00 33 4c fc 7a 3f f5 ae 49 be 00 00 00 00 f9 ae 61 bf ee 67 be bd 8c f3 ec be 00 00 00 00 0e 4e 9e 49 fc 48 9f 49 80 17 cd 4a 00 00 80 3f d2 95 a4 ca ed 3a dd 46 c3 24 85 4a
CAM frame=646 be 7e a5 ca 68 2b 2d 47 dd 81 85 4a 00 00 80 3f 78 af f1 be a0 cc 31 3e 4b 43 5d 3f 00 00 00 00 00 00 00 33 4c fc 7a 3f f5 ae 49 be 00 00 00 00 f9 ae 61 bf ee 67 be bd 8c f3 ec be 00 00 00 00 0e 4e 9e 49 fc 48 9f 49 80 17 cd 4a 00 00 80 3f d2 95 a4 ca ed 3a dd 46 c3 24 85 4a
CAM frame=647 be 7e a5 ca 68 2b 2d 47 dd 81 85 4a 00 00 80 3f 78 af f1 be a0 cc 31 3e 4b 43 5d 3f 00 00 00 00 00 00 00 33 4c fc 7a 3f f5 ae 49 be 00 00 00 00 f9 ae 61 bf ee 67 be bd 8c f3 ec be 00 00 00 00 0e 4e 9e 49 fc 48 9f 49 80 17 cd 4a 00 00 80 3f d2 95 a4 ca ed 3a dd 46 c3 24 85 4a
CAM frame=648 be 7e a5 ca 68 2b 2d 47 dd 81 85 4a 00 00 80 3f 78 af f1 be a0 cc 31 3e 4b 43 5d 3f 00 00 00 00 00 00 00 33 4c fc 7a 3f f5 ae 49 be 00 00 00 00 f9 ae 61 bf ee 67 be bd 8c f3 ec be 00 00 00 00 0e 4e 9e 49 fc 48 9f 49 80 17 cd 4a 00 00 80 3f d2 95 a4 ca ed 3a dd 46 c3 24 85 4a
CAM frame=649 be 7e a5 ca 68 2b 2d 47 dd 81 85 4a 00 00 80 3f 78 af f1 be a0 cc 31 3e 4b 43 5d 3f 00 00 00 00 00 00 00 33 4c fc 7a 3f f5 ae 49 be 00 00 00 00 f9 ae 61 bf ee 67 be bd 8c f3 ec be 00 00 00 00 0e 4e 9e 49 fc 48 9f 49 80 17 cd 4a 00 00 80 3f d2 95 a4 ca ed 3a dd 46 c3 24 85 4a
CAM frame=650 be 7e a5 ca 68 2b 2d 47 dd 81 85 4a 00 00 80 3f 78 af f1 be a0 cc 31 3e 4b 43 5d 3f 00 00 00 00 00 00 00 33 4c fc 7a 3f f5 ae 49 be 00 00 00 00 f9 ae 61 bf ee 67 be bd 8c f3 ec be 00 00 00 00 0e 4e 9e 49 fc 48 9f 49 80 17 cd 4a 00 00 80 3f d2 95 a4 ca ed 3a dd 46 c3 24 85 4a
CAM frame=651 be 7e a5 ca 68 2b 2d 47 dd 81 85 4a 00 00 80 3f 78 af f1 be a0 cc 31 3e 4b 43 5d 3f 00 00 00 00 00 00 00 33 4c fc 7a 3f f5 ae 49 be 00 00 00 00 f9 ae 61 bf ee 67 be bd 8c f3 ec be 00 00 00 00 0e 4e 9e 49 fc 48 9f 49 80 17 cd 4a 00 00 80 3f d2 95 a4 ca ed 3a dd 46 c3 24 85 4a
CAM frame=652 be 7e a5 ca 68 2b 2d 47 dd 81 85 4a 00 00 80 3f 78 af f1 be a0 cc 31 3e 4b 43 5d 3f 00 00 00 00 00 00 00 33 4c fc 7a 3f f5 ae 49 be 00 00 00 00 f9 ae 61 bf ee 67 be bd 8c f3 ec be 00 00 00 00 0e 4e 9e 49 fc 48 9f 49 80 17 cd 4a 00 00 80 3f d2 95 a4 ca ed 3a dd 46 c3 24 85 4a
CAM frame=653 be 7e a5 ca 68 2b 2d 47 dd 81 85 4a 00 00 80 3f 78 af f1 be a0 cc 31 3e 4b 43 5d 3f 00 00 00 00 00 00 00 33 4c fc 7a 3f f5 ae 49 be 00 00 00 00 f9 ae 61 bf ee 67 be bd 8c f3 ec be 00 00 00 00 0e 4e 9e 49 fc 48 9f 49 80 17 cd 4a 00 00 80 3f d2 95 a4 ca ed 3a dd 46 c3 24 85 4a
CAM frame=654 be 7e a5 ca 68 2b 2d 47 dd 81 85 4a 00 00 80 3f 78 af f1 be a0 cc 31 3e 4b 43 5d 3f 00 00 00 00 00 00 00 33 4c fc 7a 3f f5 ae 49 be 00 00 00 00 f9 ae 61 bf ee 67 be bd 8c f3 ec be 00 00 00 00 0e 4e 9e 49 fc 48 9f 49 80 17 cd 4a 00 00 80 3f d2 95 a4 ca ed 3a dd 46 c3 24 85 4a
CAM frame=655 be 7e a5 ca 68 2b 2d 47 dd 81 85 4a 00 00 80 3f 78 af f1 be a0 cc 31 3e 4b 43 5d 3f 00 00 00 00 00 00 00 33 4c fc 7a 3f f5 ae 49 be 00 00 00 00 f9 ae 61 bf ee 67 be bd 8c f3 ec be 00 00 00 00 0e 4e 9e 49 fc 48 9f 49 80 17 cd 4a 00 00 80 3f d2 95 a4 ca ed 3a dd 46 c3 24 85 4a
CAM frame=656 be 7e a5 ca 68 2b 2d 47 dd 81 85 4a 00 00 80 3f 78 af f1 be a0 cc 31 3e 4b 43 5d 3f 00 00 00 00 00 00 00 33 4c fc 7a 3f f5 ae 49 be 00 00 00 00 f9 ae 61 bf ee 67 be bd 8c f3 ec be 00 00 00 00 0e 4e 9e 49 fc 48 9f 49 80 17 cd 4a 00 00 80 3f d2 95 a4 ca ed 3a dd 46 c3 24 85 4a
CAM frame=657 be 7e a5 ca 68 2b 2d 47 dd 81 85 4a 00 00 80 3f 78 af f1 be a0 cc 31 3e 4b 43 5d 3f 00 00 00 00 00 00 00 33 4c fc 7a 3f f5 ae 49 be 00 00 00 00 f9 ae 61 bf ee 67 be bd 8c f3 ec be 00 00 00 00 0e 4e 9e 49 fc 48 9f 49 80 17 cd 4a 00 00 80 3f d2 95 a4 ca ed 3a dd 46 c3 24 85 4a
CAM frame=658 be 7e a5 ca 68 2b 2d 47 dd 81 85 4a 00 00 80 3f 78 af f1 be a0 cc 31 3e 4b 43 5d 3f 00 00 00 00 00 00 00 33 4c fc 7a 3f f5 ae 49 be 00 00 00 00 f9 ae 61 bf ee 67 be bd 8c f3 ec be 00 00 00 00 0e 4e 9e 49 fc 48 9f 49 80 17 cd 4a 00 00 80 3f d2 95 a4 ca ed 3a dd 46 c3 24 85 4a
CAM frame=659 be 7e a5 ca 68 2b 2d 47 dd 81 85 4a 00 00 80 3f 78 af f1 be a0 cc 31 3e 4b 43 5d 3f 00 00 00 00 00 00 00 33 4c fc 7a 3f f5 ae 49 be 00 00 00 00 f9 ae 61 bf ee 67 be bd 8c f3 ec be 00 00 00 00 0e 4e 9e 49 fc 48 9f 49 80 17 cd 4a 00 00 80 3f d2 95 a4 ca ed 3a dd 46 c3 24 85 4a
CAM frame=660 be 7e a5 ca 68 2b 2d 47 dd 81 85 4a 00 00 80 3f 78 af f1 be a0 cc 31 3e 4b 43 5d 3f 00 00 00 00 00 00 00 33 4c fc 7a 3f f5 ae 49 be 00 00 00 00 f9 ae 61 bf ee 67 be bd 8c f3 ec be 00 00 00 00 0e 4e 9e 49 fc 48 9f 49 80 17 cd 4a 00 00 80 3f d2 95 a4 ca ed 3a dd 46 c3 24 85 4a
CAM frame=661 be 7e a5 ca 68 2b 2d 47 dd 81 85 4a 00 00 80 3f 78 af f1 be a0 cc 31 3e 4b 43 5d 3f 00 00 00 00 00 00 00 33 4c fc 7a 3f f5 ae 49 be 00 00 00 00 f9 ae 61 bf ee 67 be bd 8c f3 ec be 00 00 00 00 0e 4e 9e 49 fc 48 9f 49 80 17 cd 4a 00 00 80 3f d2 95 a4 ca ed 3a dd 46 c3 24 85 4a
CAM frame=662 be 7e a5 ca 68 2b 2d 47 dd 81 85 4a 00 00 80 3f 78 af f1 be a0 cc 31 3e 4b 43 5d 3f 00 00 00 00 00 00 00 33 4c fc 7a 3f f5 ae 49 be 00 00 00 00 f9 ae 61 bf ee 67 be bd 8c f3 ec be 00 00 00 00 0e 4e 9e 49 fc 48 9f 49 80 17 cd 4a 00 00 80 3f d2 95 a4 ca ed 3a dd 46 c3 24 85 4a
CAM frame=663 be 7e a5 ca 68 2b 2d 47 dd 81 85 4a 00 00 80 3f 78 af f1 be a0 cc 31 3e 4b 43 5d 3f 00 00 00 00 00 00 00 33 4c fc 7a 3f f5 ae 49 be 00 00 00 00 f9 ae 61 bf ee 67 be bd 8c f3 ec be 00 00 00 00 0e 4e 9e 49 fc 48 9f 49 80 17 cd 4a 00 00 80 3f d2 95 a4 ca ed 3a dd 46 c3 24 85 4a
CAM frame=664 be 7e a5 ca 68 2b 2d 47 dd 81 85 4a 00 00 80 3f 78 af f1 be a0 cc 31 3e 4b 43 5d 3f 00 00 00 00 00 00 00 33 4c fc 7a 3f f5 ae 49 be 00 00 00 00 f9 ae 61 bf ee 67 be bd 8c f3 ec be 00 00 00 00 0e 4e 9e 49 fc 48 9f 49 80 17 cd 4a 00 00 80 3f d2 95 a4 ca ed 3a dd 46 c3 24 85 4a
CAM frame=665 be 7e a5 ca 68 2b 2d 47 dd 81 85 4a 00 00 80 3f 78 af f1 be a0 cc 31 3e 4b 43 5d 3f 00 00 00 00 00 00 00 33 4c fc 7a 3f f5 ae 49 be 00 00 00 00 f9 ae 61 bf ee 67 be bd 8c f3 ec be 00 00 00 00 0e 4e 9e 49 fc 48 9f 49 80 17 cd 4a 00 00 80 3f d2 95 a4 ca ed 3a dd 46 c3 24 85 4a
CAM frame=666 be 7e a5 ca 68 2b 2d 47 dd 81 85 4a 00 00 80 3f 78 af f1 be a0 cc 31 3e 4b 43 5d 3f 00 00 00 00 00 00 00 33 4c fc 7a 3f f5 ae 49 be 00 00 00 00 f9 ae 61 bf ee 67 be bd 8c f3 ec be 00 00 00 00 0e 4e 9e 49 fc 48 9f 49 80 17 cd 4a 00 00 80 3f d2 95 a4 ca ed 3a dd 46 c3 24 85 4a
CAM frame=667 be 7e a5 ca 68 2b 2d 47 dd 81 85 4a 00 00 80 3f 78 af f1 be a0 cc 31 3e 4b 43 5d 3f 00 00 00 00 00 00 00 33 4c fc 7a 3f f5 ae 49 be 00 00 00 00 f9 ae 61 bf ee 67 be bd 8c f3 ec be 00 00 00 00 0e 4e 9e 49 fc 48 9f 49 80 17 cd 4a 00 00 80 3f d2 95 a4 ca ed 3a dd 46 c3 24 85 4a
CAM frame=668 be 7e a5 ca 68 2b 2d 47 dd 81 85 4a 00 00 80 3f 78 af f1 be a0 cc 31 3e 4b 43 5d 3f 00 00 00 00 00 00 00 33 4c fc 7a 3f f5 ae 49 be 00 00 00 00 f9 ae 61 bf ee 67 be bd 8c f3 ec be 00 00 00 00 0e 4e 9e 49 fc 48 9f 49 80 17 cd 4a 00 00 80 3f d2 95 a4 ca ed 3a dd 46 c3 24 85 4a
CAM frame=669 be 7e a5 ca 68 2b 2d 47 dd 81 85 4a 00 00 80 3f 78 af f1 be a0 cc 31 3e 4b 43 5d 3f 00 00 00 00 00 00 00 33 4c fc 7a 3f f5 ae 49 be 00 00 00 00 f9 ae 61 bf ee 67 be bd 8c f3 ec be 00 00 00 00 0e 4e 9e 49 fc 48 9f 49 80 17 cd 4a 00 00 80 3f d2 95 a4 ca ed 3a dd 46 c3 24 85 4a
CAM frame=670 be 7e a5 ca 68 2b 2d 47 dd 81 85 4a 00 00 80 3f 78 af f1 be a0 cc 31 3e 4b 43 5d 3f 00 00 00 00 00 00 00 33 4c fc 7a 3f f5 ae 49 be 00 00 00 00 f9 ae 61 bf ee 67 be bd 8c f3 ec be 00 00 00 00 0e 4e 9e 49 fc 48 9f 49 80 17 cd 4a 00 00 80 3f d2 95 a4 ca ed 3a dd 46 c3 24 85 4a
CAM frame=671 be 7e a5 ca 68 2b 2d 47 dd 81 85 4a 00 00 80 3f 78 af f1 be a0 cc 31 3e 4b 43 5d 3f 00 00 00 00 00 00 00 33 4c fc 7a 3f f5 ae 49 be 00 00 00 00 f9 ae 61 bf ee 67 be bd 8c f3 ec be 00 00 00 00 0e 4e 9e 49 fc 48 9f 49 80 17 cd 4a 00 00 80 3f d2 95 a4 ca ed 3a dd 46 c3 24 85 4a
CAM frame=672 be 7e a5 ca 68 2b 2d 47 dd 81 85 4a 00 00 80 3f 78 af f1 be a0 cc 31 3e 4b 43 5d 3f 00 00 00 00 00 00 00 33 4c fc 7a 3f f5 ae 49 be 00 00 00 00 f9 ae 61 bf ee 67 be bd 8c f3 ec be 00 00 00 00 0e 4e 9e 49 fc 48 9f 49 80 17 cd 4a 00 00 80 3f d2 95 a4 ca ed 3a dd 46 c3 24 85 4a
CAM frame=673 be 7e a5 ca 68 2b 2d 47 dd 81 85 4a 00 00 80 3f 78 af f1 be a0 cc 31 3e 4b 43 5d 3f 00 00 00 00 00 00 00 33 4c fc 7a 3f f5 ae 49 be 00 00 00 00 f9 ae 61 bf ee 67 be bd 8c f3 ec be 00 00 00 00 0e 4e 9e 49 fc 48 9f 49 80 17 cd 4a 00 00 80 3f d2 95 a4 ca ed 3a dd 46 c3 24 85 4a
CAM frame=674 be 7e a5 ca 68 2b 2d 47 dd 81 85 4a 00 00 80 3f 78 af f1 be a0 cc 31 3e 4b 43 5d 3f 00 00 00 00 00 00 00 33 4c fc 7a 3f f5 ae 49 be 00 00 00 00 f9 ae 61 bf ee 67 be bd 8c f3 ec be 00 00 00 00 0e 4e 9e 49 fc 48 9f 49 80 17 cd 4a 00 00 80 3f d2 95 a4 ca ed 3a dd 46 c3 24 85 4a
CAM frame=675 be 7e a5 ca 68 2b 2d 47 dd 81 85 4a 00 00 80 3f 78 af f1 be a0 cc 31 3e 4b 43 5d 3f 00 00 00 00 00 00 00 33 4c fc 7a 3f f5 ae 49 be 00 00 00 00 f9 ae 61 bf ee 67 be bd 8c f3 ec be 00 00 00 00 0e 4e 9e 49 fc 48 9f 49 80 17 cd 4a 00 00 80 3f d2 95 a4 ca ed 3a dd 46 c3 24 85 4a
CAM frame=676 be 7e a5 ca 68 2b 2d 47 dd 81 85 4a 00 00 80 3f 78 af f1 be a0 cc 31 3e 4b 43 5d 3f 00 00 00 00 00 00 00 33 4c fc 7a 3f f5 ae 49 be 00 00 00 00 f9 ae 61 bf ee 67 be bd 8c f3 ec be 00 00 00 00 0e 4e 9e 49 fc 48 9f 49 80 17 cd 4a 00 00 80 3f d2 95 a4 ca ed 3a dd 46 c3 24 85 4a
CAM frame=677 be 7e a5 ca 68 2b 2d 47 dd 81 85 4a 00 00 80 3f 78 af f1 be a0 cc 31 3e 4b 43 5d 3f 00 00 00 00 00 00 00 33 4c fc 7a 3f f5 ae 49 be 00 00 00 00 f9 ae 61 bf ee 67 be bd 8c f3 ec be 00 00 00 00 0e 4e 9e 49 fc 48 9f 49 80 17 cd 4a 00 00 80 3f d2 95 a4 ca ed 3a dd 46 c3 24 85 4a
CAM frame=678 be 7e a5 ca 68 2b 2d 47 dd 81 85 4a 00 00 80 3f 78 af f1 be a0 cc 31 3e 4b 43 5d 3f 00 00 00 00 00 00 00 33 4c fc 7a 3f f5 ae 49 be 00 00 00 00 f9 ae 61 bf ee 67 be bd 8c f3 ec be 00 00 00 00 0e 4e 9e 49 fc 48 9f 49 80 17 cd 4a 00 00 80 3f d2 95 a4 ca ed 3a dd 46 c3 24 85 4a
CAM frame=679 be 7e a5 ca 68 2b 2d 47 dd 81 85 4a 00 00 80 3f 78 af f1 be a0 cc 31 3e 4b 43 5d 3f 00 00 00 00 00 00 00 33 4c fc 7a 3f f5 ae 49 be 00 00 00 00 f9 ae 61 bf ee 67 be bd 8c f3 ec be 00 00 00 00 0e 4e 9e 49 fc 48 9f 49 80 17 cd 4a 00 00 80 3f d2 95 a4 ca ed 3a dd 46 c3 24 85 4a
CAM frame=680 be 7e a5 ca 68 2b 2d 47 dd 81 85 4a 00 00 80 3f 78 af f1 be a0 cc 31 3e 4b 43 5d 3f 00 00 00 00 00 00 00 33 4c fc 7a 3f f5 ae 49 be 00 00 00 00 f9 ae 61 bf ee 67 be bd 8c f3 ec be 00 00 00 00 0e 4e 9e 49 fc 48 9f 49 80 17 cd 4a 00 00 80 3f d2 95 a4 ca ed 3a dd 46 c3 24 85 4a
CAM frame=681 be 7e a5 ca 68 2b 2d 47 dd 81 85 4a 00 00 80 3f 78 af f1 be a0 cc 31 3e 4b 43 5d 3f 00 00 00 00 00 00 00 33 4c fc 7a 3f f5 ae 49 be 00 00 00 00 f9 ae 61 bf ee 67 be bd 8c f3 ec be 00 00 00 00 0e 4e 9e 49 fc 48 9f 49 80 17 cd 4a 00 00 80 3f d2 95 a4 ca ed 3a dd 46 c3 24 85 4a
CAM frame=682 be 7e a5 ca 68 2b 2d 47 dd 81 85 4a 00 00 80 3f 78 af f1 be a0 cc 31 3e 4b 43 5d 3f 00 00 00 00 00 00 00 33 4c fc 7a 3f f5 ae 49 be 00 00 00 00 f9 ae 61 bf ee 67 be bd 8c f3 ec be 00 00 00 00 0e 4e 9e 49 fc 48 9f 49 80 17 cd 4a 00 00 80 3f d2 95 a4 ca ed 3a dd 46 c3 24 85 4a
CAM frame=683 be 7e a5 ca 68 2b 2d 47 dd 81 85 4a 00 00 80 3f 78 af f1 be a0 cc 31 3e 4b 43 5d 3f 00 00 00 00 00 00 00 33 4c fc 7a 3f f5 ae 49 be 00 00 00 00 f9 ae 61 bf ee 67 be bd 8c f3 ec be 00 00 00 00 0e 4e 9e 49 fc 48 9f 49 80 17 cd 4a 00 00 80 3f d2 95 a4 ca ed 3a dd 46 c3 24 85 4a
CAM frame=684 be 7e a5 ca 68 2b 2d 47 dd 81 85 4a 00 00 80 3f 78 af f1 be a0 cc 31 3e 4b 43 5d 3f 00 00 00 00 00 00 00 33 4c fc 7a 3f f5 ae 49 be 00 00 00 00 f9 ae 61 bf ee 67 be bd 8c f3 ec be 00 00 00 00 0e 4e 9e 49 fc 48 9f 49 80 17 cd 4a 00 00 80 3f d2 95 a4 ca ed 3a dd 46 c3 24 85 4a
CAM frame=685 be 7e a5 ca 68 2b 2d 47 dd 81 85 4a 00 00 80 3f 78 af f1 be a0 cc 31 3e 4b 43 5d 3f 00 00 00 00 00 00 00 33 4c fc 7a 3f f5 ae 49 be 00 00 00 00 f9 ae 61 bf ee 67 be bd 8c f3 ec be 00 00 00 00 0e 4e 9e 49 fc 48 9f 49 80 17 cd 4a 00 00 80 3f d2 95 a4 ca ed 3a dd 46 c3 24 85 4a
CAM frame=686 be 7e a5 ca 68 2b 2d 47 dd 81 85 4a 00 00 80 3f 78 af f1 be a0 cc 31 3e 4b 43 5d 3f 00 00 00 00 00 00 00 33 4c fc 7a 3f f5 ae 49 be 00 00 00 00 f9 ae 61 bf ee 67 be bd 8c f3 ec be 00 00 00 00 0e 4e 9e 49 fc 48 9f 49 80 17 cd 4a 00 00 80 3f d2 95 a4 ca ed 3a dd 46 c3 24 85 4a
CAM frame=687 be 7e a5 ca 68 2b 2d 47 dd 81 85 4a 00 00 80 3f 78 af f1 be a0 cc 31 3e 4b 43 5d 3f 00 00 00 00 00 00 00 33 4c fc 7a 3f f5 ae 49 be 00 00 00 00 f9 ae 61 bf ee 67 be bd 8c f3 ec be 00 00 00 00 0e 4e 9e 49 fc 48 9f 49 80 17 cd 4a 00 00 80 3f d2 95 a4 ca ed 3a dd 46 c3 24 85 4a
CAM frame=688 be 7e a5 ca 68 2b 2d 47 dd 81 85 4a 00 00 80 3f 78 af f1 be a0 cc 31 3e 4b 43 5d 3f 00 00 00 00 00 00 00 33 4c fc 7a 3f f5 ae 49 be 00 00 00 00 f9 ae 61 bf ee 67 be bd 8c f3 ec be 00 00 00 00 0e 4e 9e 49 fc 48 9f 49 80 17 cd 4a 00 00 80 3f d2 95 a4 ca ed 3a dd 46 c3 24 85 4a
CAM frame=689 be 7e a5 ca 68 2b 2d 47 dd 81 85 4a 00 00 80 3f 78 af f1 be a0 cc 31 3e 4b 43 5d 3f 00 00 00 00 00 00 00 33 4c fc 7a 3f f5 ae 49 be 00 00 00 00 f9 ae 61 bf ee 67 be bd 8c f3 ec be 00 00 00 00 0e 4e 9e 49 fc 48 9f 49 80 17 cd 4a 00 00 80 3f d2 95 a4 ca ed 3a dd 46 c3 24 85 4a
CAM frame=690 be 7e a5 ca 68 2b 2d 47 dd 81 85 4a 00 00 80 3f 78 af f1 be a0 cc 31 3e 4b 43 5d 3f 00 00 00 00 00 00 00 33 4c fc 7a 3f f5 ae 49 be 00 00 00 00 f9 ae 61 bf ee 67 be bd 8c f3 ec be 00 00 00 00 0e 4e 9e 49 fc 48 9f 49 80 17 cd 4a 00 00 80 3f d2 95 a4 ca ed 3a dd 46 c3 24 85 4a
CAM frame=691 be 7e a5 ca 68 2b 2d 47 dd 81 85 4a 00 00 80 3f 78 af f1 be a0 cc 31 3e 4b 43 5d 3f 00 00 00 00 00 00 00 33 4c fc 7a 3f f5 ae 49 be 00 00 00 00 f9 ae 61 bf ee 67 be bd 8c f3 ec be 00 00 00 00 0e 4e 9e 49 fc 48 9f 49 80 17 cd 4a 00 00 80 3f d2 95 a4 ca ed 3a dd 46 c3 24 85 4a
CAM frame=692 be 7e a5 ca 68 2b 2d 47 dd 81 85 4a 00 00 80 3f 78 af f1 be a0 cc 31 3e 4b 43 5d 3f 00 00 00 00 00 00 00 33 4c fc 7a 3f f5 ae 49 be 00 00 00 00 f9 ae 61 bf ee 67 be bd 8c f3 ec be 00 00 00 00 0e 4e 9e 49 fc 48 9f 49 80 17 cd 4a 00 00 80 3f d2 95 a4 ca ed 3a dd 46 c3 24 85 4a
CAM frame=693 be 7e a5 ca 68 2b 2d 47 dd 81 85 4a 00 00 80 3f 78 af f1 be a0 cc 31 3e 4b 43 5d 3f 00 00 00 00 00 00 00 33 4c fc 7a 3f f5 ae 49 be 00 00 00 00 f9 ae 61 bf ee 67 be bd 8c f3 ec be 00 00 00 00 0e 4e 9e 49 fc 48 9f 49 80 17 cd 4a 00 00 80 3f d2 95 a4 ca ed 3a dd 46 c3 24 85 4a
CAM frame=694 be 7e a5 ca 68 2b 2d 47 dd 81 85 4a 00 00 80 3f 78 af f1 be a0 cc 31 3e 4b 43 5d 3f 00 00 00 00 00 00 00 33 4c fc 7a 3f f5 ae 49 be 00 00 00 00 f9 ae 61 bf ee 67 be bd 8c f3 ec be 00 00 00 00 0e 4e 9e 49 fc 48 9f 49 80 17 cd 4a 00 00 80 3f d2 95 a4 ca ed 3a dd 46 c3 24 85 4a
CAM frame=695 be 7e a5 ca 68 2b 2d 47 dd 81 85 4a 00 00 80 3f 78 af f1 be a0 cc 31 3e 4b 43 5d 3f 00 00 00 00 00 00 00 33 4c fc 7a 3f f5 ae 49 be 00 00 00 00 f9 ae 61 bf ee 67 be bd 8c f3 ec be 00 00 00 00 0e 4e 9e 49 fc 48 9f 49 80 17 cd 4a 00 00 80 3f d2 95 a4 ca ed 3a dd 46 c3 24 85 4a
CAM frame=696 be 7e a5 ca 68 2b 2d 47 dd 81 85 4a 00 00 80 3f 78 af f1 be a0 cc 31 3e 4b 43 5d 3f 00 00 00 00 00 00 00 33 4c fc 7a 3f f5 ae 49 be 00 00 00 00 f9 ae 61 bf ee 67 be bd 8c f3 ec be 00 00 00 00 0e 4e 9e 49 fc 48 9f 49 80 17 cd 4a 00 00 80 3f d2 95 a4 ca ed 3a dd 46 c3 24 85 4a
CAM frame=697 be 7e a5 ca 68 2b 2d 47 dd 81 85 4a 00 00 80 3f 78 af f1 be a0 cc 31 3e 4b 43 5d 3f 00 00 00 00 00 00 00 33 4c fc 7a 3f f5 ae 49 be 00 00 00 00 f9 ae 61 bf ee 67 be bd 8c f3 ec be 00 00 00 00 0e 4e 9e 49 fc 48 9f 49 80 17 cd 4a 00 00 80 3f d2 95 a4 ca ed 3a dd 46 c3 24 85 4a
CAM frame=698 be 7e a5 ca 68 2b 2d 47 dd 81 85 4a 00 00 80 3f 78 af f1 be a0 cc 31 3e 4b 43 5d 3f 00 00 00 00 00 00 00 33 4c fc 7a 3f f5 ae 49 be 00 00 00 00 f9 ae 61 bf ee 67 be bd 8c f3 ec be 00 00 00 00 0e 4e 9e 49 fc 48 9f 49 80 17 cd 4a 00 00 80 3f d2 95 a4 ca ed 3a dd 46 c3 24 85 4a
CAM frame=699 be 7e a5 ca 68 2b 2d 47 dd 81 85 4a 00 00 80 3f 78 af f1 be a0 cc 31 3e 4b 43 5d 3f 00 00 00 00 00 00 00 33 4c fc 7a 3f f5 ae 49 be 00 00 00 00 f9 ae 61 bf ee 67 be bd 8c f3 ec be 00 00 00 00 0e 4e 9e 49 fc 48 9f 49 80 17 cd 4a 00 00 80 3f d2 95 a4 ca ed 3a dd 46 c3 24 85 4a
CAM frame=700 be 7e a5 ca 68 2b 2d 47 dd 81 85 4a 00 00 80 3f 78 af f1 be a0 cc 31 3e 4b 43 5d 3f 00 00 00 00 00 00 00 33 4c fc 7a 3f f5 ae 49 be 00 00 00 00 f9 ae 61 bf ee 67 be bd 8c f3 ec be 00 00 00 00 0e 4e 9e 49 fc 48 9f 49 80 17 cd 4a 00 00 80 3f d2 95 a4 ca ed 3a dd 46 c3 24 85 4a
CAM frame=701 be 7e a5 ca 68 2b 2d 47 dd 81 85 4a 00 00 80 3f 78 af f1 be a0 cc 31 3e 4b 43 5d 3f 00 00 00 00 00 00 00 33 4c fc 7a 3f f5 ae 49 be 00 00 00 00 f9 ae 61 bf ee 67 be bd 8c f3 ec be 00 00 00 00 0e 4e 9e 49 fc 48 9f 49 80 17 cd 4a 00 00 80 3f d2 95 a4 ca ed 3a dd 46 c3 24 85 4a
CAM frame=702 be 7e a5 ca 68 2b 2d 47 dd 81 85 4a 00 00 80 3f 78 af f1 be a0 cc 31 3e 4b 43 5d 3f 00 00 00 00 00 00 00 33 4c fc 7a 3f f5 ae 49 be 00 00 00 00 f9 ae 61 bf ee 67 be bd 8c f3 ec be 00 00 00 00 0e 4e 9e 49 fc 48 9f 49 80 17 cd 4a 00 00 80 3f d2 95 a4 ca ed 3a dd 46 c3 24 85 4a
CAM frame=703 be 7e a5 ca 68 2b 2d 47 dd 81 85 4a 00 00 80 3f 78 af f1 be a0 cc 31 3e 4b 43 5d 3f 00 00 00 00 00 00 00 33 4c fc 7a 3f f5 ae 49 be 00 00 00 00 f9 ae 61 bf ee 67 be bd 8c f3 ec be 00 00 00 00 0e 4e 9e 49 fc 48 9f 49 80 17 cd 4a 00 00 80 3f d2 95 a4 ca ed 3a dd 46 c3 24 85 4a
CAM frame=704 be 7e a5 ca 68 2b 2d 47 dd 81 85 4a 00 00 80 3f 78 af f1 be a0 cc 31 3e 4b 43 5d 3f 00 00 00 00 00 00 00 33 4c fc 7a 3f f5 ae 49 be 00 00 00 00 f9 ae 61 bf ee 67 be bd 8c f3 ec be 00 00 00 00 0e 4e 9e 49 fc 48 9f 49 80 17 cd 4a 00 00 80 3f d2 95 a4 ca ed 3a dd 46 c3 24 85 4a
CAM frame=705 be 7e a5 ca 68 2b 2d 47 dd 81 85 4a 00 00 80 3f 78 af f1 be a0 cc 31 3e 4b 43 5d 3f 00 00 00 00 00 00 00 33 4c fc 7a 3f f5 ae 49 be 00 00 00 00 f9 ae 61 bf ee 67 be bd 8c f3 ec be 00 00 00 00 0e 4e 9e 49 fc 48 9f 49 80 17 cd 4a 00 00 80 3f d2 95 a4 ca ed 3a dd 46 c3 24 85 4a
CAM frame=706 be 7e a5 ca 68 2b 2d 47 dd 81 85 4a 00 00 80 3f 78 af f1 be a0 cc 31 3e 4b 43 5d 3f 00 00 00 00 00 00 00 33 4c fc 7a 3f f5 ae 49 be 00 00 00 00 f9 ae 61 bf ee 67 be bd 8c f3 ec be 00 00 00 00 0e 4e 9e 49 fc 48 9f 49 80 17 cd 4a 00 00 80 3f d2 95 a4 ca ed 3a dd 46 c3 24 85 4a
CAM frame=707 be 7e a5 ca 68 2b 2d 47 dd 81 85 4a 00 00 80 3f 78 af f1 be a0 cc 31 3e 4b 43 5d 3f 00 00 00 00 00 00 00 33 4c fc 7a 3f f5 ae 49 be 00 00 00 00 f9 ae 61 bf ee 67 be bd 8c f3 ec be 00 00 00 00 0e 4e 9e 49 fc 48 9f 49 80 17 cd 4a 00 00 80 3f d2 95 a4 ca ed 3a dd 46 c3 24 85 4a
CAM frame=708 be 7e a5 ca 68 2b 2d 47 dd 81 85 4a 00 00 80 3f 78 af f1 be a0 cc 31 3e 4b 43 5d 3f 00 00 00 00 00 00 00 33 4c fc 7a 3f f5 ae 49 be 00 00 00 00 f9 ae 61 bf ee 67 be bd 8c f3 ec be 00 00 00 00 0e 4e 9e 49 fc 48 9f 49 80 17 cd 4a 00 00 80 3f d2 95 a4 ca ed 3a dd 46 c3 24 85 4a
CAM frame=709 be 7e a5 ca 68 2b 2d 47 dd 81 85 4a 00 00 80 3f 78 af f1 be a0 cc 31 3e 4b 43 5d 3f 00 00 00 00 00 00 00 33 4c fc 7a 3f f5 ae 49 be 00 00 00 00 f9 ae 61 bf ee 67 be bd 8c f3 ec be 00 00 00 00 0e 4e 9e 49 fc 48 9f 49 80 17 cd 4a 00 00 80 3f d2 95 a4 ca ed 3a dd 46 c3 24 85 4a
CAM frame=710 be 7e a5 ca 68 2b 2d 47 dd 81 85 4a 00 00 80 3f 78 af f1 be a0 cc 31 3e 4b 43 5d 3f 00 00 00 00 00 00 00 33 4c fc 7a 3f f5 ae 49 be 00 00 00 00 f9 ae 61 bf ee 67 be bd 8c f3 ec be 00 00 00 00 0e 4e 9e 49 fc 48 9f 49 80 17 cd 4a 00 00 80 3f d2 95 a4 ca ed 3a dd 46 c3 24 85 4a
CAM frame=711 be 7e a5 ca 68 2b 2d 47 dd 81 85 4a 00 00 80 3f 78 af f1 be a0 cc 31 3e 4b 43 5d 3f 00 00 00 00 00 00 00 33 4c fc 7a 3f f5 ae 49 be 00 00 00 00 f9 ae 61 bf ee 67 be bd 8c f3 ec be 00 00 00 00 0e 4e 9e 49 fc 48 9f 49 80 17 cd 4a 00 00 80 3f d2 95 a4 ca ed 3a dd 46 c3 24 85 4a
CAM frame=712 be 7e a5 ca 68 2b 2d 47 dd 81 85 4a 00 00 80 3f 78 af f1 be a0 cc 31 3e 4b 43 5d 3f 00 00 00 00 00 00 00 33 4c fc 7a 3f f5 ae 49 be 00 00 00 00 f9 ae 61 bf ee 67 be bd 8c f3 ec be 00 00 00 00 0e 4e 9e 49 fc 48 9f 49 80 17 cd 4a 00 00 80 3f d2 95 a4 ca ed 3a dd 46 c3 24 85 4a
CAM frame=713 be 7e a5 ca 68 2b 2d 47 dd 81 85 4a 00 00 80 3f 78 af f1 be a0 cc 31 3e 4b 43 5d 3f 00 00 00 00 00 00 00 33 4c fc 7a 3f f5 ae 49 be 00 00 00 00 f9 ae 61 bf ee 67 be bd 8c f3 ec be 00 00 00 00 0e 4e 9e 49 fc 48 9f 49 80 17 cd 4a 00 00 80 3f d2 95 a4 ca ed 3a dd 46 c3 24 85 4a
CAM frame=714 be 7e a5 ca 68 2b 2d 47 dd 81 85 4a 00 00 80 3f 78 af f1 be a0 cc 31 3e 4b 43 5d 3f 00 00 00 00 00 00 00 33 4c fc 7a 3f f5 ae 49 be 00 00 00 00 f9 ae 61 bf ee 67 be bd 8c f3 ec be 00 00 00 00 0e 4e 9e 49 fc 48 9f 49 80 17 cd 4a 00 00 80 3f d2 95 a4 ca ed 3a dd 46 c3 24 85 4a
CAM frame=715 be 7e a5 ca 68 2b 2d 47 dd 81 85 4a 00 00 80 3f 78 af f1 be a0 cc 31 3e 4b 43 5d 3f 00 00 00 00 00 00 00 33 4c fc 7a 3f f5 ae 49 be 00 00 00 00 f9 ae 61 bf ee 67 be bd 8c f3 ec be 00 00 00 00 0e 4e 9e 49 fc 48 9f 49 80 17 cd 4a 00 00 80 3f d2 95 a4 ca ed 3a dd 46 c3 24 85 4a
CAM frame=716 be 7e a5 ca 68 2b 2d 47 dd 81 85 4a 00 00 80 3f 78 af f1 be a0 cc 31 3e 4b 43 5d 3f 00 00 00 00 00 00 00 33 4c fc 7a 3f f5 ae 49 be 00 00 00 00 f9 ae 61 bf ee 67 be bd 8c f3 ec be 00 00 00 00 0e 4e 9e 49 fc 48 9f 49 80 17 cd 4a 00 00 80 3f d2 95 a4 ca ed 3a dd 46 c3 24 85 4a
CAM frame=717 be 7e a5 ca 68 2b 2d 47 dd 81 85 4a 00 00 80 3f 78 af f1 be a0 cc 31 3e 4b 43 5d 3f 00 00 00 00 00 00 00 33 4c fc 7a 3f f5 ae 49 be 00 00 00 00 f9 ae 61 bf ee 67 be bd 8c f3 ec be 00 00 00 00 0e 4e 9e 49 fc 48 9f 49 80 17 cd 4a 00 00 80 3f d2 95 a4 ca ed 3a dd 46 c3 24 85 4a
CAM frame=718 be 7e a5 ca 68 2b 2d 47 dd 81 85 4a 00 00 80 3f 78 af f1 be a0 cc 31 3e 4b 43 5d 3f 00 00 00 00 00 00 00 33 4c fc 7a 3f f5 ae 49 be 00 00 00 00 f9 ae 61 bf ee 67 be bd 8c f3 ec be 00 00 00 00 0e 4e 9e 49 fc 48 9f 49 80 17 cd 4a 00 00 80 3f d2 95 a4 ca ed 3a dd 46 c3 24 85 4a
CAM frame=719 be 7e a5 ca 68 2b 2d 47 dd 81 85 4a 00 00 80 3f 78 af f1 be a0 cc 31 3e 4b 43 5d 3f 00 00 00 00 00 00 00 33 4c fc 7a 3f f5 ae 49 be 00 00 00 00 f9 ae 61 bf ee 67 be bd 8c f3 ec be 00 00 00 00 0e 4e 9e 49 fc 48 9f 49 80 17 cd 4a 00 00 80 3f d2 95 a4 ca ed 3a dd 46 c3 24 85 4a
CAM frame=720 be 7e a5 ca 68 2b 2d 47 dd 81 85 4a 00 00 80 3f 78 af f1 be a0 cc 31 3e 4b 43 5d 3f 00 00 00 00 00 00 00 33 4c fc 7a 3f f5 ae 49 be 00 00 00 00 f9 ae 61 bf ee 67 be bd 8c f3 ec be 00 00 00 00 0e 4e 9e 49 fc 48 9f 49 80 17 cd 4a 00 00 80 3f d2 95 a4 ca ed 3a dd 46 c3 24 85 4a
CAM frame=721 be 7e a5 ca 68 2b 2d 47 dd 81 85 4a 00 00 80 3f 78 af f1 be a0 cc 31 3e 4b 43 5d 3f 00 00 00 00 00 00 00 33 4c fc 7a 3f f5 ae 49 be 00 00 00 00 f9 ae 61 bf ee 67 be bd 8c f3 ec be 00 00 00 00 0e 4e 9e 49 fc 48 9f 49 80 17 cd 4a 00 00 80 3f d2 95 a4 ca ed 3a dd 46 c3 24 85 4a
CAM frame=722 be 7e a5 ca 68 2b 2d 47 dd 81 85 4a 00 00 80 3f 78 af f1 be a0 cc 31 3e 4b 43 5d 3f 00 00 00 00 00 00 00 33 4c fc 7a 3f f5 ae 49 be 00 00 00 00 f9 ae 61 bf ee 67 be bd 8c f3 ec be 00 00 00 00 0e 4e 9e 49 fc 48 9f 49 80 17 cd 4a 00 00 80 3f d2 95 a4 ca ed 3a dd 46 c3 24 85 4a
CAM frame=723 be 7e a5 ca 68 2b 2d 47 dd 81 85 4a 00 00 80 3f 78 af f1 be a0 cc 31 3e 4b 43 5d 3f 00 00 00 00 00 00 00 33 4c fc 7a 3f f5 ae 49 be 00 00 00 00 f9 ae 61 bf ee 67 be bd 8c f3 ec be 00 00 00 00 0e 4e 9e 49 fc 48 9f 49 80 17 cd 4a 00 00 80 3f d2 95 a4 ca ed 3a dd 46 c3 24 85 4a
CAM frame=724 be 7e a5 ca 68 2b 2d 47 dd 81 85 4a 00 00 80 3f 78 af f1 be a0 cc 31 3e 4b 43 5d 3f 00 00 00 00 00 00 00 33 4c fc 7a 3f f5 ae 49 be 00 00 00 00 f9 ae 61 bf ee 67 be bd 8c f3 ec be 00 00 00 00 0e 4e 9e 49 fc 48 9f 49 80 17 cd 4a 00 00 80 3f d2 95 a4 ca ed 3a dd 46 c3 24 85 4a
CAM frame=725 be 7e a5 ca 68 2b 2d 47 dd 81 85 4a 00 00 80 3f 78 af f1 be a0 cc 31 3e 4b 43 5d 3f 00 00 00 00 00 00 00 33 4c fc 7a 3f f5 ae 49 be 00 00 00 00 f9 ae 61 bf ee 67 be bd 8c f3 ec be 00 00 00 00 0e 4e 9e 49 fc 48 9f 49 80 17 cd 4a 00 00 80 3f d2 95 a4 ca ed 3a dd 46 c3 24 85 4a
CAM frame=726 be 7e a5 ca 68 2b 2d 47 dd 81 85 4a 00 00 80 3f 78 af f1 be a0 cc 31 3e 4b 43 5d 3f 00 00 00 00 00 00 00 33 4c fc 7a 3f f5 ae 49 be 00 00 00 00 f9 ae 61 bf ee 67 be bd 8c f3 ec be 00 00 00 00 0e 4e 9e 49 fc 48 9f 49 80 17 cd 4a 00 00 80 3f d2 95 a4 ca ed 3a dd 46 c3 24 85 4a
CAM frame=727 be 7e a5 ca 68 2b 2d 47 dd 81 85 4a 00 00 80 3f 78 af f1 be a0 cc 31 3e 4b 43 5d 3f 00 00 00 00 00 00 00 33 4c fc 7a 3f f5 ae 49 be 00 00 00 00 f9 ae 61 bf ee 67 be bd 8c f3 ec be 00 00 00 00 0e 4e 9e 49 fc 48 9f 49 80 17 cd 4a 00 00 80 3f d2 95 a4 ca ed 3a dd 46 c3 24 85 4a
CAM frame=728 be 7e a5 ca 68 2b 2d 47 dd 81 85 4a 00 00 80 3f 78 af f1 be a0 cc 31 3e 4b 43 5d 3f 00 00 00 00 00 00 00 33 4c fc 7a 3f f5 ae 49 be 00 00 00 00 f9 ae 61 bf ee 67 be bd 8c f3 ec be 00 00 00 00 0e 4e 9e 49 fc 48 9f 49 80 17 cd 4a 00 00 80 3f d2 95 a4 ca ed 3a dd 46 c3 24 85 4a
CAM frame=729 be 7e a5 ca 68 2b 2d 47 dd 81 85 4a 00 00 80 3f 78 af f1 be a0 cc 31 3e 4b 43 5d 3f 00 00 00 00 00 00 00 33 4c fc 7a 3f f5 ae 49 be 00 00 00 00 f9 ae 61 bf ee 67 be bd 8c f3 ec be 00 00 00 00 0e 4e 9e 49 fc 48 9f 49 80 17 cd 4a 00 00 80 3f d2 95 a4 ca ed 3a dd 46 c3 24 85 4a
CAM frame=730 be 7e a5 ca 68 2b 2d 47 dd 81 85 4a 00 00 80 3f 78 af f1 be a0 cc 31 3e 4b 43 5d 3f 00 00 00 00 00 00 00 33 4c fc 7a 3f f5 ae 49 be 00 00 00 00 f9 ae 61 bf ee 67 be bd 8c f3 ec be 00 00 00 00 0e 4e 9e 49 fc 48 9f 49 80 17 cd 4a 00 00 80 3f d2 95 a4 ca ed 3a dd 46 c3 24 85 4a
CAM frame=731 be 7e a5 ca 68 2b 2d 47 dd 81 85 4a 00 00 80 3f 78 af f1 be a0 cc 31 3e 4b 43 5d 3f 00 00 00 00 00 00 00 33 4c fc 7a 3f f5 ae 49 be 00 00 00 00 f9 ae 61 bf ee 67 be bd 8c f3 ec be 00 00 00 00 0e 4e 9e 49 fc 48 9f 49 80 17 cd 4a 00 00 80 3f d2 95 a4 ca ed 3a dd 46 c3 24 85 4a
CAM frame=732 be 7e a5 ca 68 2b 2d 47 dd 81 85 4a 00 00 80 3f 78 af f1 be a0 cc 31 3e 4b 43 5d 3f 00 00 00 00 00 00 00 33 4c fc 7a 3f f5 ae 49 be 00 00 00 00 f9 ae 61 bf ee 67 be bd 8c f3 ec be 00 00 00 00 0e 4e 9e 49 fc 48 9f 49 80 17 cd 4a 00 00 80 3f d2 95 a4 ca ed 3a dd 46 c3 24 85 4a
CAM frame=733 be 7e a5 ca 68 2b 2d 47 dd 81 85 4a 00 00 80 3f 78 af f1 be a0 cc 31 3e 4b 43 5d 3f 00 00 00 00 00 00 00 33 4c fc 7a 3f f5 ae 49 be 00 00 00 00 f9 ae 61 bf ee 67 be bd 8c f3 ec be 00 00 00 00 0e 4e 9e 49 fc 48 9f 49 80 17 cd 4a 00 00 80 3f d2 95 a4 ca ed 3a dd 46 c3 24 85 4a
CAM frame=734 be 7e a5 ca 68 2b 2d 47 dd 81 85 4a 00 00 80 3f 78 af f1 be a0 cc 31 3e 4b 43 5d 3f 00 00 00 00 00 00 00 33 4c fc 7a 3f f5 ae 49 be 00 00 00 00 f9 ae 61 bf ee 67 be bd 8c f3 ec be 00 00 00 00 0e 4e 9e 49 fc 48 9f 49 80 17 cd 4a 00 00 80 3f d2 95 a4 ca ed 3a dd 46 c3 24 85 4a
CAM frame=735 be 7e a5 ca 68 2b 2d 47 dd 81 85 4a 00 00 80 3f 78 af f1 be a0 cc 31 3e 4b 43 5d 3f 00 00 00 00 00 00 00 33 4c fc 7a 3f f5 ae 49 be 00 00 00 00 f9 ae 61 bf ee 67 be bd 8c f3 ec be 00 00 00 00 0e 4e 9e 49 fc 48 9f 49 80 17 cd 4a 00 00 80 3f d2 95 a4 ca ed 3a dd 46 c3 24 85 4a
CAM frame=736 be 7e a5 ca 68 2b 2d 47 dd 81 85 4a 00 00 80 3f 78 af f1 be a0 cc 31 3e 4b 43 5d 3f 00 00 00 00 00 00 00 33 4c fc 7a 3f f5 ae 49 be 00 00 00 00 f9 ae 61 bf ee 67 be bd 8c f3 ec be 00 00 00 00 0e 4e 9e 49 fc 48 9f 49 80 17 cd 4a 00 00 80 3f d2 95 a4 ca ed 3a dd 46 c3 24 85 4a
CAM frame=737 be 7e a5 ca 68 2b 2d 47 dd 81 85 4a 00 00 80 3f 78 af f1 be a0 cc 31 3e 4b 43 5d 3f 00 00 00 00 00 00 00 33 4c fc 7a 3f f5 ae 49 be 00 00 00 00 f9 ae 61 bf ee 67 be bd 8c f3 ec be 00 00 00 00 0e 4e 9e 49 fc 48 9f 49 80 17 cd 4a 00 00 80 3f d2 95 a4 ca ed 3a dd 46 c3 24 85 4a
CAM frame=738 be 7e a5 ca 68 2b 2d 47 dd 81 85 4a 00 00 80 3f 78 af f1 be a0 cc 31 3e 4b 43 5d 3f 00 00 00 00 00 00 00 33 4c fc 7a 3f f5 ae 49 be 00 00 00 00 f9 ae 61 bf ee 67 be bd 8c f3 ec be 00 00 00 00 0e 4e 9e 49 fc 48 9f 49 80 17 cd 4a 00 00 80 3f d2 95 a4 ca ed 3a dd 46 c3 24 85 4a
CAM frame=739 be 7e a5 ca 68 2b 2d 47 dd 81 85 4a 00 00 80 3f 78 af f1 be a0 cc 31 3e 4b 43 5d 3f 00 00 00 00 00 00 00 33 4c fc 7a 3f f5 ae 49 be 00 00 00 00 f9 ae 61 bf ee 67 be bd 8c f3 ec be 00 00 00 00 0e 4e 9e 49 fc 48 9f 49 80 17 cd 4a 00 00 80 3f d2 95 a4 ca ed 3a dd 46 c3 24 85 4a
CAM frame=740 be 7e a5 ca 68 2b 2d 47 dd 81 85 4a 00 00 80 3f 78 af f1 be a0 cc 31 3e 4b 43 5d 3f 00 00 00 00 00 00 00 33 4c fc 7a 3f f5 ae 49 be 00 00 00 00 f9 ae 61 bf ee 67 be bd 8c f3 ec be 00 00 00 00 0e 4e 9e 49 fc 48 9f 49 80 17 cd 4a 00 00 80 3f d2 95 a4 ca ed 3a dd 46 c3 24 85 4a
CAM frame=741 be 7e a5 ca 68 2b 2d 47 dd 81 85 4a 00 00 80 3f 78 af f1 be a0 cc 31 3e 4b 43 5d 3f 00 00 00 00 00 00 00 33 4c fc 7a 3f f5 ae 49 be 00 00 00 00 f9 ae 61 bf ee 67 be bd 8c f3 ec be 00 00 00 00 0e 4e 9e 49 fc 48 9f 49 80 17 cd 4a 00 00 80 3f d2 95 a4 ca ed 3a dd 46 c3 24 85 4a
CAM frame=742 be 7e a5 ca 68 2b 2d 47 dd 81 85 4a 00 00 80 3f 78 af f1 be a0 cc 31 3e 4b 43 5d 3f 00 00 00 00 00 00 00 33 4c fc 7a 3f f5 ae 49 be 00 00 00 00 f9 ae 61 bf ee 67 be bd 8c f3 ec be 00 00 00 00 0e 4e 9e 49 fc 48 9f 49 80 17 cd 4a 00 00 80 3f d2 95 a4 ca ed 3a dd 46 c3 24 85 4a
CAM frame=743 be 7e a5 ca 68 2b 2d 47 dd 81 85 4a 00 00 80 3f 78 af f1 be a0 cc 31 3e 4b 43 5d 3f 00 00 00 00 00 00 00 33 4c fc 7a 3f f5 ae 49 be 00 00 00 00 f9 ae 61 bf ee 67 be bd 8c f3 ec be 00 00 00 00 0e 4e 9e 49 fc 48 9f 49 80 17 cd 4a 00 00 80 3f d2 95 a4 ca ed 3a dd 46 c3 24 85 4a
CAM frame=744 be 7e a5 ca 68 2b 2d 47 dd 81 85 4a 00 00 80 3f 78 af f1 be a0 cc 31 3e 4b 43 5d 3f 00 00 00 00 00 00 00 33 4c fc 7a 3f f5 ae 49 be 00 00 00 00 f9 ae 61 bf ee 67 be bd 8c f3 ec be 00 00 00 00 0e 4e 9e 49 fc 48 9f 49 80 17 cd 4a 00 00 80 3f d2 95 a4 ca ed 3a dd 46 c3 24 85 4a
CAM frame=745 be 7e a5 ca 68 2b 2d 47 dd 81 85 4a 00 00 80 3f 78 af f1 be a0 cc 31 3e 4b 43 5d 3f 00 00 00 00 00 00 00 33 4c fc 7a 3f f5 ae 49 be 00 00 00 00 f9 ae 61 bf ee 67 be bd 8c f3 ec be 00 00 00 00 0e 4e 9e 49 fc 48 9f 49 80 17 cd 4a 00 00 80 3f d2 95 a4 ca ed 3a dd 46 c3 24 85 4a
CAM frame=746 be 7e a5 ca 68 2b 2d 47 dd 81 85 4a 00 00 80 3f 78 af f1 be a0 cc 31 3e 4b 43 5d 3f 00 00 00 00 00 00 00 33 4c fc 7a 3f f5 ae 49 be 00 00 00 00 f9 ae 61 bf ee 67 be bd 8c f3 ec be 00 00 00 00 0e 4e 9e 49 fc 48 9f 49 80 17 cd 4a 00 00 80 3f d2 95 a4 ca ed 3a dd 46 c3 24 85 4a
CAM frame=747 be 7e a5 ca 68 2b 2d 47 dd 81 85 4a 00 00 80 3f 78 af f1 be a0 cc 31 3e 4b 43 5d 3f 00 00 00 00 00 00 00 33 4c fc 7a 3f f5 ae 49 be 00 00 00 00 f9 ae 61 bf ee 67 be bd 8c f3 ec be 00 00 00 00 0e 4e 9e 49 fc 48 9f 49 80 17 cd 4a 00 00 80 3f d2 95 a4 ca ed 3a dd 46 c3 24 85 4a
CAM frame=748 be 7e a5 ca 68 2b 2d 47 dd 81 85 4a 00 00 80 3f 78 af f1 be a0 cc 31 3e 4b 43 5d 3f 00 00 00 00 00 00 00 33 4c fc 7a 3f f5 ae 49 be 00 00 00 00 f9 ae 61 bf ee 67 be bd 8c f3 ec be 00 00 00 00 0e 4e 9e 49 fc 48 9f 49 80 17 cd 4a 00 00 80 3f d2 95 a4 ca ed 3a dd 46 c3 24 85 4a
CAM frame=749 be 7e a5 ca 68 2b 2d 47 dd 81 85 4a 00 00 80 3f 78 af f1 be a0 cc 31 3e 4b 43 5d 3f 00 00 00 00 00 00 00 33 4c fc 7a 3f f5 ae 49 be 00 00 00 00 f9 ae 61 bf ee 67 be bd 8c f3 ec be 00 00 00 00 0e 4e 9e 49 fc 48 9f 49 80 17 cd 4a 00 00 80 3f d2 95 a4 ca ed 3a dd 46 c3 24 85 4a
CAM frame=750 be 7e a5 ca 68 2b 2d 47 dd 81 85 4a 00 00 80 3f 78 af f1 be a0 cc 31 3e 4b 43 5d 3f 00 00 00 00 00 00 00 33 4c fc 7a 3f f5 ae 49 be 00 00 00 00 f9 ae 61 bf ee 67 be bd 8c f3 ec be 00 00 00 00 0e 4e 9e 49 fc 48 9f 49 80 17 cd 4a 00 00 80 3f d2 95 a4 ca ed 3a dd 46 c3 24 85 4a
CAM frame=751 be 7e a5 ca 68 2b 2d 47 dd 81 85 4a 00 00 80 3f 78 af f1 be a0 cc 31 3e 4b 43 5d 3f 00 00 00 00 00 00 00 33 4c fc 7a 3f f5 ae 49 be 00 00 00 00 f9 ae 61 bf ee 67 be bd 8c f3 ec be 00 00 00 00 0e 4e 9e 49 fc 48 9f 49 80 17 cd 4a 00 00 80 3f d2 95 a4 ca ed 3a dd 46 c3 24 85 4a
CAM frame=752 be 7e a5 ca 68 2b 2d 47 dd 81 85 4a 00 00 80 3f 78 af f1 be a0 cc 31 3e 4b 43 5d 3f 00 00 00 00 00 00 00 33 4c fc 7a 3f f5 ae 49 be 00 00 00 00 f9 ae 61 bf ee 67 be bd 8c f3 ec be 00 00 00 00 0e 4e 9e 49 fc 48 9f 49 80 17 cd 4a 00 00 80 3f d2 95 a4 ca ed 3a dd 46 c3 24 85 4a
CAM frame=753 be 7e a5 ca 68 2b 2d 47 dd 81 85 4a 00 00 80 3f 78 af f1 be a0 cc 31 3e 4b 43 5d 3f 00 00 00 00 00 00 00 33 4c fc 7a 3f f5 ae 49 be 00 00 00 00 f9 ae 61 bf ee 67 be bd 8c f3 ec be 00 00 00 00 0e 4e 9e 49 fc 48 9f 49 80 17 cd 4a 00 00 80 3f d2 95 a4 ca ed 3a dd 46 c3 24 85 4a
CAM frame=754 be 7e a5 ca 68 2b 2d 47 dd 81 85 4a 00 00 80 3f 78 af f1 be a0 cc 31 3e 4b 43 5d 3f 00 00 00 00 00 00 00 33 4c fc 7a 3f f5 ae 49 be 00 00 00 00 f9 ae 61 bf ee 67 be bd 8c f3 ec be 00 00 00 00 0e 4e 9e 49 fc 48 9f 49 80 17 cd 4a 00 00 80 3f d2 95 a4 ca ed 3a dd 46 c3 24 85 4a
CAM frame=755 be 7e a5 ca 68 2b 2d 47 dd 81 85 4a 00 00 80 3f 78 af f1 be a0 cc 31 3e 4b 43 5d 3f 00 00 00 00 00 00 00 33 4c fc 7a 3f f5 ae 49 be 00 00 00 00 f9 ae 61 bf ee 67 be bd 8c f3 ec be 00 00 00 00 0e 4e 9e 49 fc 48 9f 49 80 17 cd 4a 00 00 80 3f d2 95 a4 ca ed 3a dd 46 c3 24 85 4a
CAM frame=756 be 7e a5 ca 68 2b 2d 47 dd 81 85 4a 00 00 80 3f 78 af f1 be a0 cc 31 3e 4b 43 5d 3f 00 00 00 00 00 00 00 33 4c fc 7a 3f f5 ae 49 be 00 00 00 00 f9 ae 61 bf ee 67 be bd 8c f3 ec be 00 00 00 00 0e 4e 9e 49 fc 48 9f 49 80 17 cd 4a 00 00 80 3f d2 95 a4 ca ed 3a dd 46 c3 24 85 4a
CAM frame=757 be 7e a5 ca 68 2b 2d 47 dd 81 85 4a 00 00 80 3f 78 af f1 be a0 cc 31 3e 4b 43 5d 3f 00 00 00 00 00 00 00 33 4c fc 7a 3f f5 ae 49 be 00 00 00 00 f9 ae 61 bf ee 67 be bd 8c f3 ec be 00 00 00 00 0e 4e 9e 49 fc 48 9f 49 80 17 cd 4a 00 00 80 3f d2 95 a4 ca ed 3a dd 46 c3 24 85 4a
CAM frame=758 be 7e a5 ca 68 2b 2d 47 dd 81 85 4a 00 00 80 3f 78 af f1 be a0 cc 31 3e 4b 43 5d 3f 00 00 00 00 00 00 00 33 4c fc 7a 3f f5 ae 49 be 00 00 00 00 f9 ae 61 bf ee 67 be bd 8c f3 ec be 00 00 00 00 0e 4e 9e 49 fc 48 9f 49 80 17 cd 4a 00 00 80 3f d2 95 a4 ca ed 3a dd 46 c3 24 85 4a
CAM frame=759 be 7e a5 ca 68 2b 2d 47 dd 81 85 4a 00 00 80 3f 78 af f1 be a0 cc 31 3e 4b 43 5d 3f 00 00 00 00 00 00 00 33 4c fc 7a 3f f5 ae 49 be 00 00 00 00 f9 ae 61 bf ee 67 be bd 8c f3 ec be 00 00 00 00 0e 4e 9e 49 fc 48 9f 49 80 17 cd 4a 00 00 80 3f d2 95 a4 ca ed 3a dd 46 c3 24 85 4a
CAM frame=760 be 7e a5 ca 68 2b 2d 47 dd 81 85 4a 00 00 80 3f 78 af f1 be a0 cc 31 3e 4b 43 5d 3f 00 00 00 00 00 00 00 33 4c fc 7a 3f f5 ae 49 be 00 00 00 00 f9 ae 61 bf ee 67 be bd 8c f3 ec be 00 00 00 00 0e 4e 9e 49 fc 48 9f 49 80 17 cd 4a 00 00 80 3f d2 95 a4 ca ed 3a dd 46 c3 24 85 4a
CAM frame=761 be 7e a5 ca 68 2b 2d 47 dd 81 85 4a 00 00 80 3f 78 af f1 be a0 cc 31 3e 4b 43 5d 3f 00 00 00 00 00 00 00 33 4c fc 7a 3f f5 ae 49 be 00 00 00 00 f9 ae 61 bf ee 67 be bd 8c f3 ec be 00 00 00 00 0e 4e 9e 49 fc 48 9f 49 80 17 cd 4a 00 00 80 3f d2 95 a4 ca ed 3a dd 46 c3 24 85 4a
CAM frame=762 be 7e a5 ca 68 2b 2d 47 dd 81 85 4a 00 00 80 3f 78 af f1 be a0 cc 31 3e 4b 43 5d 3f 00 00 00 00 00 00 00 33 4c fc 7a 3f f5 ae 49 be 00 00 00 00 f9 ae 61 bf ee 67 be bd 8c f3 ec be 00 00 00 00 0e 4e 9e 49 fc 48 9f 49 80 17 cd 4a 00 00 80 3f d2 95 a4 ca ed 3a dd 46 c3 24 85 4a
CAM frame=763 be 7e a5 ca 68 2b 2d 47 dd 81 85 4a 00 00 80 3f 78 af f1 be a0 cc 31 3e 4b 43 5d 3f 00 00 00 00 00 00 00 33 4c fc 7a 3f f5 ae 49 be 00 00 00 00 f9 ae 61 bf ee 67 be bd 8c f3 ec be 00 00 00 00 0e 4e 9e 49 fc 48 9f 49 80 17 cd 4a 00 00 80 3f d2 95 a4 ca ed 3a dd 46 c3 24 85 4a
CAM frame=764 be 7e a5 ca 68 2b 2d 47 dd 81 85 4a 00 00 80 3f 78 af f1 be a0 cc 31 3e 4b 43 5d 3f 00 00 00 00 00 00 00 33 4c fc 7a 3f f5 ae 49 be 00 00 00 00 f9 ae 61 bf ee 67 be bd 8c f3 ec be 00 00 00 00 0e 4e 9e 49 fc 48 9f 49 80 17 cd 4a 00 00 80 3f d2 95 a4 ca ed 3a dd 46 c3 24 85 4a
CAM frame=765 be 7e a5 ca 68 2b 2d 47 dd 81 85 4a 00 00 80 3f 78 af f1 be a0 cc 31 3e 4b 43 5d 3f 00 00 00 00 00 00 00 33 4c fc 7a 3f f5 ae 49 be 00 00 00 00 f9 ae 61 bf ee 67 be bd 8c f3 ec be 00 00 00 00 0e 4e 9e 49 fc 48 9f 49 80 17 cd 4a 00 00 80 3f d2 95 a4 ca ed 3a dd 46 c3 24 85 4a
CAM frame=766 be 7e a5 ca 68 2b 2d 47 dd 81 85 4a 00 00 80 3f 78 af f1 be a0 cc 31 3e 4b 43 5d 3f 00 00 00 00 00 00 00 33 4c fc 7a 3f f5 ae 49 be 00 00 00 00 f9 ae 61 bf ee 67 be bd 8c f3 ec be 00 00 00 00 0e 4e 9e 49 fc 48 9f 49 80 17 cd 4a 00 00 80 3f d2 95 a4 ca ed 3a dd 46 c3 24 85 4a
CAM frame=767 be 7e a5 ca 68 2b 2d 47 dd 81 85 4a 00 00 80 3f 78 af f1 be a0 cc 31 3e 4b 43 5d 3f 00 00 00 00 00 00 00 33 4c fc 7a 3f f5 ae 49 be 00 00 00 00 f9 ae 61 bf ee 67 be bd 8c f3 ec be 00 00 00 00 0e 4e 9e 49 fc 48 9f 49 80 17 cd 4a 00 00 80 3f d2 95 a4 ca ed 3a dd 46 c3 24 85 4a
CAM frame=768 be 7e a5 ca 68 2b 2d 47 dd 81 85 4a 00 00 80 3f 78 af f1 be a0 cc 31 3e 4b 43 5d 3f 00 00 00 00 00 00 00 33 4c fc 7a 3f f5 ae 49 be 00 00 00 00 f9 ae 61 bf ee 67 be bd 8c f3 ec be 00 00 00 00 0e 4e 9e 49 fc 48 9f 49 80 17 cd 4a 00 00 80 3f d2 95 a4 ca ed 3a dd 46 c3 24 85 4a
CAM frame=769 be 7e a5 ca 68 2b 2d 47 dd 81 85 4a 00 00 80 3f 78 af f1 be a0 cc 31 3e 4b 43 5d 3f 00 00 00 00 00 00 00 33 4c fc 7a 3f f5 ae 49 be 00 00 00 00 f9 ae 61 bf ee 67 be bd 8c f3 ec be 00 00 00 00 0e 4e 9e 49 fc 48 9f 49 80 17 cd 4a 00 00 80 3f d2 95 a4 ca ed 3a dd 46 c3 24 85 4a
CAM frame=770 be 7e a5 ca 68 2b 2d 47 dd 81 85 4a 00 00 80 3f 78 af f1 be a0 cc 31 3e 4b 43 5d 3f 00 00 00 00 00 00 00 33 4c fc 7a 3f f5 ae 49 be 00 00 00 00 f9 ae 61 bf ee 67 be bd 8c f3 ec be 00 00 00 00 0e 4e 9e 49 fc 48 9f 49 80 17 cd 4a 00 00 80 3f d2 95 a4 ca ed 3a dd 46 c3 24 85 4a
CAM frame=771 be 7e a5 ca 68 2b 2d 47 dd 81 85 4a 00 00 80 3f 78 af f1 be a0 cc 31 3e 4b 43 5d 3f 00 00 00 00 00 00 00 33 4c fc 7a 3f f5 ae 49 be 00 00 00 00 f9 ae 61 bf ee 67 be bd 8c f3 ec be 00 00 00 00 0e 4e 9e 49 fc 48 9f 49 80 17 cd 4a 00 00 80 3f d2 95 a4 ca ed 3a dd 46 c3 24 85 4a
CAM frame=772 be 7e a5 ca 68 2b 2d 47 dd 81 85 4a 00 00 80 3f 78 af f1 be a0 cc 31 3e 4b 43 5d 3f 00 00 00 00 00 00 00 33 4c fc 7a 3f f5 ae 49 be 00 00 00 00 f9 ae 61 bf ee 67 be bd 8c f3 ec be 00 00 00 00 0e 4e 9e 49 fc 48 9f 49 80 17 cd 4a 00 00 80 3f d2 95 a4 ca ed 3a dd 46 c3 24 85 4a
CAM frame=773 be 7e a5 ca 68 2b 2d 47 dd 81 85 4a 00 00 80 3f 78 af f1 be a0 cc 31 3e 4b 43 5d 3f 00 00 00 00 00 00 00 33 4c fc 7a 3f f5 ae 49 be 00 00 00 00 f9 ae 61 bf ee 67 be bd 8c f3 ec be 00 00 00 00 0e 4e 9e 49 fc 48 9f 49 80 17 cd 4a 00 00 80 3f d2 95 a4 ca ed 3a dd 46 c3 24 85 4a
CAM frame=774 be 7e a5 ca 68 2b 2d 47 dd 81 85 4a 00 00 80 3f 78 af f1 be a0 cc 31 3e 4b 43 5d 3f 00 00 00 00 00 00 00 33 4c fc 7a 3f f5 ae 49 be 00 00 00 00 f9 ae 61 bf ee 67 be bd 8c f3 ec be 00 00 00 00 0e 4e 9e 49 fc 48 9f 49 80 17 cd 4a 00 00 80 3f d2 95 a4 ca ed 3a dd 46 c3 24 85 4a
CAM frame=775 be 7e a5 ca 68 2b 2d 47 dd 81 85 4a 00 00 80 3f 78 af f1 be a0 cc 31 3e 4b 43 5d 3f 00 00 00 00 00 00 00 33 4c fc 7a 3f f5 ae 49 be 00 00 00 00 f9 ae 61 bf ee 67 be bd 8c f3 ec be 00 00 00 00 0e 4e 9e 49 fc 48 9f 49 80 17 cd 4a 00 00 80 3f d2 95 a4 ca ed 3a dd 46 c3 24 85 4a
CAM frame=776 be 7e a5 ca 68 2b 2d 47 dd 81 85 4a 00 00 80 3f 78 af f1 be a0 cc 31 3e 4b 43 5d 3f 00 00 00 00 00 00 00 33 4c fc 7a 3f f5 ae 49 be 00 00 00 00 f9 ae 61 bf ee 67 be bd 8c f3 ec be 00 00 00 00 0e 4e 9e 49 fc 48 9f 49 80 17 cd 4a 00 00 80 3f d2 95 a4 ca ed 3a dd 46 c3 24 85 4a
CAM frame=777 be 7e a5 ca 68 2b 2d 47 dd 81 85 4a 00 00 80 3f 78 af f1 be a0 cc 31 3e 4b 43 5d 3f 00 00 00 00 00 00 00 33 4c fc 7a 3f f5 ae 49 be 00 00 00 00 f9 ae 61 bf ee 67 be bd 8c f3 ec be 00 00 00 00 0e 4e 9e 49 fc 48 9f 49 80 17 cd 4a 00 00 80 3f d2 95 a4 ca ed 3a dd 46 c3 24 85 4a
CAM frame=778 be 7e a5 ca 68 2b 2d 47 dd 81 85 4a 00 00 80 3f 78 af f1 be a0 cc 31 3e 4b 43 5d 3f 00 00 00 00 00 00 00 33 4c fc 7a 3f f5 ae 49 be 00 00 00 00 f9 ae 61 bf ee 67 be bd 8c f3 ec be 00 00 00 00 0e 4e 9e 49 fc 48 9f 49 80 17 cd 4a 00 00 80 3f d2 95 a4 ca ed 3a dd 46 c3 24 85 4a
CAM frame=779 be 7e a5 ca 68 2b 2d 47 dd 81 85 4a 00 00 80 3f 78 af f1 be a0 cc 31 3e 4b 43 5d 3f 00 00 00 00 00 00 00 33 4c fc 7a 3f f5 ae 49 be 00 00 00 00 f9 ae 61 bf ee 67 be bd 8c f3 ec be 00 00 00 00 0e 4e 9e 49 fc 48 9f 49 80 17 cd 4a 00 00 80 3f d2 95 a4 ca ed 3a dd 46 c3 24 85 4a
CAM frame=780 be 7e a5 ca 68 2b 2d 47 dd 81 85 4a 00 00 80 3f 78 af f1 be a0 cc 31 3e 4b 43 5d 3f 00 00 00 00 00 00 00 33 4c fc 7a 3f f5 ae 49 be 00 00 00 00 f9 ae 61 bf ee 67 be bd 8c f3 ec be 00 00 00 00 0e 4e 9e 49 fc 48 9f 49 80 17 cd 4a 00 00 80 3f d2 95 a4 ca ed 3a dd 46 c3 24 85 4a
CAM frame=781 be 7e a5 ca 68 2b 2d 47 dd 81 85 4a 00 00 80 3f 78 af f1 be a0 cc 31 3e 4b 43 5d 3f 00 00 00 00 00 00 00 33 4c fc 7a 3f f5 ae 49 be 00 00 00 00 f9 ae 61 bf ee 67 be bd 8c f3 ec be 00 00 00 00 0e 4e 9e 49 fc 48 9f 49 80 17 cd 4a 00 00 80 3f d2 95 a4 ca ed 3a dd 46 c3 24 85 4a
CAM frame=782 be 7e a5 ca 68 2b 2d 47 dd 81 85 4a 00 00 80 3f 78 af f1 be a0 cc 31 3e 4b 43 5d 3f 00 00 00 00 00 00 00 33 4c fc 7a 3f f5 ae 49 be 00 00 00 00 f9 ae 61 bf ee 67 be bd 8c f3 ec be 00 00 00 00 0e 4e 9e 49 fc 48 9f 49 80 17 cd 4a 00 00 80 3f d2 95 a4 ca ed 3a dd 46 c3 24 85 4a
CAM frame=783 be 7e a5 ca 68 2b 2d 47 dd 81 85 4a 00 00 80 3f 78 af f1 be a0 cc 31 3e 4b 43 5d 3f 00 00 00 00 00 00 00 33 4c fc 7a 3f f5 ae 49 be 00 00 00 00 f9 ae 61 bf ee 67 be bd 8c f3 ec be 00 00 00 00 0e 4e 9e 49 fc 48 9f 49 80 17 cd 4a 00 00 80 3f d2 95 a4 ca ed 3a dd 46 c3 24 85 4a
CAM frame=784 be 7e a5 ca 68 2b 2d 47 dd 81 85 4a 00 00 80 3f 78 af f1 be a0 cc 31 3e 4b 43 5d 3f 00 00 00 00 00 00 00 33 4c fc 7a 3f f5 ae 49 be 00 00 00 00 f9 ae 61 bf ee 67 be bd 8c f3 ec be 00 00 00 00 0e 4e 9e 49 fc 48 9f 49 80 17 cd 4a 00 00 80 3f d2 95 a4 ca ed 3a dd 46 c3 24 85 4a
CAM frame=785 be 7e a5 ca 68 2b 2d 47 dd 81 85 4a 00 00 80 3f 78 af f1 be a0 cc 31 3e 4b 43 5d 3f 00 00 00 00 00 00 00 33 4c fc 7a 3f f5 ae 49 be 00 00 00 00 f9 ae 61 bf ee 67 be bd 8c f3 ec be 00 00 00 00 0e 4e 9e 49 fc 48 9f 49 80 17 cd 4a 00 00 80 3f d2 95 a4 ca ed 3a dd 46 c3 24 85 4a
CAM frame=786 be 7e a5 ca 68 2b 2d 47 dd 81 85 4a 00 00 80 3f 78 af f1 be a0 cc 31 3e 4b 43 5d 3f 00 00 00 00 00 00 00 33 4c fc 7a 3f f5 ae 49 be 00 00 00 00 f9 ae 61 bf ee 67 be bd 8c f3 ec be 00 00 00 00 0e 4e 9e 49 fc 48 9f 49 80 17 cd 4a 00 00 80 3f d2 95 a4 ca ed 3a dd 46 c3 24 85 4a
CAM frame=787 be 7e a5 ca 68 2b 2d 47 dd 81 85 4a 00 00 80 3f 78 af f1 be a0 cc 31 3e 4b 43 5d 3f 00 00 00 00 00 00 00 33 4c fc 7a 3f f5 ae 49 be 00 00 00 00 f9 ae 61 bf ee 67 be bd 8c f3 ec be 00 00 00 00 0e 4e 9e 49 fc 48 9f 49 80 17 cd 4a 00 00 80 3f d2 95 a4 ca ed 3a dd 46 c3 24 85 4a
CAM frame=788 be 7e a5 ca 68 2b 2d 47 dd 81 85 4a 00 00 80 3f 78 af f1 be a0 cc 31 3e 4b 43 5d 3f 00 00 00 00 00 00 00 33 4c fc 7a 3f f5 ae 49 be 00 00 00 00 f9 ae 61 bf ee 67 be bd 8c f3 ec be 00 00 00 00 0e 4e 9e 49 fc 48 9f 49 80 17 cd 4a 00 00 80 3f d2 95 a4 ca ed 3a dd 46 c3 24 85 4a
CAM frame=789 be 7e a5 ca 68 2b 2d 47 dd 81 85 4a 00 00 80 3f 78 af f1 be a0 cc 31 3e 4b 43 5d 3f 00 00 00 00 00 00 00 33 4c fc 7a 3f f5 ae 49 be 00 00 00 00 f9 ae 61 bf ee 67 be bd 8c f3 ec be 00 00 00 00 0e 4e 9e 49 fc 48 9f 49 80 17 cd 4a 00 00 80 3f d2 95 a4 ca ed 3a dd 46 c3 24 85 4a
CAM frame=790 be 7e a5 ca 68 2b 2d 47 dd 81 85 4a 00 00 80 3f 78 af f1 be a0 cc 31 3e 4b 43 5d 3f 00 00 00 00 00 00 00 33 4c fc 7a 3f f5 ae 49 be 00 00 00 00 f9 ae 61 bf ee 67 be bd 8c f3 ec be 00 00 00 00 0e 4e 9e 49 fc 48 9f 49 80 17 cd 4a 00 00 80 3f d2 95 a4 ca ed 3a dd 46 c3 24 85 4a
CAM frame=791 be 7e a5 ca 68 2b 2d 47 dd 81 85 4a 00 00 80 3f 78 af f1 be a0 cc 31 3e 4b 43 5d 3f 00 00 00 00 00 00 00 33 4c fc 7a 3f f5 ae 49 be 00 00 00 00 f9 ae 61 bf ee 67 be bd 8c f3 ec be 00 00 00 00 0e 4e 9e 49 fc 48 9f 49 80 17 cd 4a 00 00 80 3f d2 95 a4 ca ed 3a dd 46 c3 24 85 4a
CAM frame=792 be 7e a5 ca 68 2b 2d 47 dd 81 85 4a 00 00 80 3f 78 af f1 be a0 cc 31 3e 4b 43 5d 3f 00 00 00 00 00 00 00 33 4c fc 7a 3f f5 ae 49 be 00 00 00 00 f9 ae 61 bf ee 67 be bd 8c f3 ec be 00 00 00 00 0e 4e 9e 49 fc 48 9f 49 80 17 cd 4a 00 00 80 3f d2 95 a4 ca ed 3a dd 46 c3 24 85 4a
CAM frame=793 be 7e a5 ca 68 2b 2d 47 dd 81 85 4a 00 00 80 3f 78 af f1 be a0 cc 31 3e 4b 43 5d 3f 00 00 00 00 00 00 00 33 4c fc 7a 3f f5 ae 49 be 00 00 00 00 f9 ae 61 bf ee 67 be bd 8c f3 ec be 00 00 00 00 0e 4e 9e 49 fc 48 9f 49 80 17 cd 4a 00 00 80 3f d2 95 a4 ca ed 3a dd 46 c3 24 85 4a
CAM frame=794 be 7e a5 ca 68 2b 2d 47 dd 81 85 4a 00 00 80 3f 78 af f1 be a0 cc 31 3e 4b 43 5d 3f 00 00 00 00 00 00 00 33 4c fc 7a 3f f5 ae 49 be 00 00 00 00 f9 ae 61 bf ee 67 be bd 8c f3 ec be 00 00 00 00 0e 4e 9e 49 fc 48 9f 49 80 17 cd 4a 00 00 80 3f d2 95 a4 ca ed 3a dd 46 c3 24 85 4a
CAM frame=795 be 7e a5 ca 68 2b 2d 47 dd 81 85 4a 00 00 80 3f 78 af f1 be a0 cc 31 3e 4b 43 5d 3f 00 00 00 00 00 00 00 33 4c fc 7a 3f f5 ae 49 be 00 00 00 00 f9 ae 61 bf ee 67 be bd 8c f3 ec be 00 00 00 00 0e 4e 9e 49 fc 48 9f 49 80 17 cd 4a 00 00 80 3f d2 95 a4 ca ed 3a dd 46 c3 24 85 4a
CAM frame=796 be 7e a5 ca 68 2b 2d 47 dd 81 85 4a 00 00 80 3f 78 af f1 be a0 cc 31 3e 4b 43 5d 3f 00 00 00 00 00 00 00 33 4c fc 7a 3f f5 ae 49 be 00 00 00 00 f9 ae 61 bf ee 67 be bd 8c f3 ec be 00 00 00 00 0e 4e 9e 49 fc 48 9f 49 80 17 cd 4a 00 00 80 3f d2 95 a4 ca ed 3a dd 46 c3 24 85 4a
CAM frame=797 be 7e a5 ca 68 2b 2d 47 dd 81 85 4a 00 00 80 3f 78 af f1 be a0 cc 31 3e 4b 43 5d 3f 00 00 00 00 00 00 00 33 4c fc 7a 3f f5 ae 49 be 00 00 00 00 f9 ae 61 bf ee 67 be bd 8c f3 ec be 00 00 00 00 0e 4e 9e 49 fc 48 9f 49 80 17 cd 4a 00 00 80 3f d2 95 a4 ca ed 3a dd 46 c3 24 85 4a
CAM frame=798 be 7e a5 ca 68 2b 2d 47 dd 81 85 4a 00 00 80 3f 78 af f1 be a0 cc 31 3e 4b 43 5d 3f 00 00 00 00 00 00 00 33 4c fc 7a 3f f5 ae 49 be 00 00 00 00 f9 ae 61 bf ee 67 be bd 8c f3 ec be 00 00 00 00 0e 4e 9e 49 fc 48 9f 49 80 17 cd 4a 00 00 80 3f d2 95 a4 ca ed 3a dd 46 c3 24 85 4a
CAM frame=799 be 7e a5 ca 68 2b 2d 47 dd 81 85 4a 00 00 80 3f 78 af f1 be a0 cc 31 3e 4b 43 5d 3f 00 00 00 00 00 00 00 33 4c fc 7a 3f f5 ae 49 be 00 00 00 00 f9 ae 61 bf ee 67 be bd 8c f3 ec be 00 00 00 00 0e 4e 9e 49 fc 48 9f 49 80 17 cd 4a 00 00 80 3f d2 95 a4 ca ed 3a dd 46 c3 24 85 4a
CAM frame=800 be 7e a5 ca 68 2b 2d 47 dd 81 85 4a 00 00 80 3f 78 af f1 be a0 cc 31 3e 4b 43 5d 3f 00 00 00 00 00 00 00 33 4c fc 7a 3f f5 ae 49 be 00 00 00 00 f9 ae 61 bf ee 67 be bd 8c f3 ec be 00 00 00 00 0e 4e 9e 49 fc 48 9f 49 80 17 cd 4a 00 00 80 3f d2 95 a4 ca ed 3a dd 46 c3 24 85 4a
CAM frame=801 be 7e a5 ca 68 2b 2d 47 dd 81 85 4a 00 00 80 3f 78 af f1 be a0 cc 31 3e 4b 43 5d 3f 00 00 00 00 00 00 00 33 4c fc 7a 3f f5 ae 49 be 00 00 00 00 f9 ae 61 bf ee 67 be bd 8c f3 ec be 00 00 00 00 0e 4e 9e 49 fc 48 9f 49 80 17 cd 4a 00 00 80 3f d2 95 a4 ca ed 3a dd 46 c3 24 85 4a
CAM frame=802 be 7e a5 ca 68 2b 2d 47 dd 81 85 4a 00 00 80 3f 78 af f1 be a0 cc 31 3e 4b 43 5d 3f 00 00 00 00 00 00 00 33 4c fc 7a 3f f5 ae 49 be 00 00 00 00 f9 ae 61 bf ee 67 be bd 8c f3 ec be 00 00 00 00 0e 4e 9e 49 fc 48 9f 49 80 17 cd 4a 00 00 80 3f d2 95 a4 ca ed 3a dd 46 c3 24 85 4a
CAM frame=803 be 7e a5 ca 68 2b 2d 47 dd 81 85 4a 00 00 80 3f 78 af f1 be a0 cc 31 3e 4b 43 5d 3f 00 00 00 00 00 00 00 33 4c fc 7a 3f f5 ae 49 be 00 00 00 00 f9 ae 61 bf ee 67 be bd 8c f3 ec be 00 00 00 00 0e 4e 9e 49 fc 48 9f 49 80 17 cd 4a 00 00 80 3f d2 95 a4 ca ed 3a dd 46 c3 24 85 4a
CAM frame=804 be 7e a5 ca 68 2b 2d 47 dd 81 85 4a 00 00 80 3f 78 af f1 be a0 cc 31 3e 4b 43 5d 3f 00 00 00 00 00 00 00 33 4c fc 7a 3f f5 ae 49 be 00 00 00 00 f9 ae 61 bf ee 67 be bd 8c f3 ec be 00 00 00 00 0e 4e 9e 49 fc 48 9f 49 80 17 cd 4a 00 00 80 3f d2 95 a4 ca ed 3a dd 46 c3 24 85 4a
CAM frame=805 be 7e a5 ca 68 2b 2d 47 dd 81 85 4a 00 00 80 3f 78 af f1 be a0 cc 31 3e 4b 43 5d 3f 00 00 00 00 00 00 00 33 4c fc 7a 3f f5 ae 49 be 00 00 00 00 f9 ae 61 bf ee 67 be bd 8c f3 ec be 00 00 00 00 0e 4e 9e 49 fc 48 9f 49 80 17 cd 4a 00 00 80 3f d2 95 a4 ca ed 3a dd 46 c3 24 85 4a
CAM frame=806 be 7e a5 ca 68 2b 2d 47 dd 81 85 4a 00 00 80 3f 78 af f1 be a0 cc 31 3e 4b 43 5d 3f 00 00 00 00 00 00 00 33 4c fc 7a 3f f5 ae 49 be 00 00 00 00 f9 ae 61 bf ee 67 be bd 8c f3 ec be 00 00 00 00 0e 4e 9e 49 fc 48 9f 49 80 17 cd 4a 00 00 80 3f d2 95 a4 ca ed 3a dd 46 c3 24 85 4a
CAM frame=807 be 7e a5 ca 68 2b 2d 47 dd 81 85 4a 00 00 80 3f 78 af f1 be a0 cc 31 3e 4b 43 5d 3f 00 00 00 00 00 00 00 33 4c fc 7a 3f f5 ae 49 be 00 00 00 00 f9 ae 61 bf ee 67 be bd 8c f3 ec be 00 00 00 00 0e 4e 9e 49 fc 48 9f 49 80 17 cd 4a 00 00 80 3f d2 95 a4 ca ed 3a dd 46 c3 24 85 4a
CAM frame=808 be 7e a5 ca 68 2b 2d 47 dd 81 85 4a 00 00 80 3f 78 af f1 be a0 cc 31 3e 4b 43 5d 3f 00 00 00 00 00 00 00 33 4c fc 7a 3f f5 ae 49 be 00 00 00 00 f9 ae 61 bf ee 67 be bd 8c f3 ec be 00 00 00 00 0e 4e 9e 49 fc 48 9f 49 80 17 cd 4a 00 00 80 3f d2 95 a4 ca ed 3a dd 46 c3 24 85 4a
CAM frame=809 be 7e a5 ca 68 2b 2d 47 dd 81 85 4a 00 00 80 3f 78 af f1 be a0 cc 31 3e 4b 43 5d 3f 00 00 00 00 00 00 00 33 4c fc 7a 3f f5 ae 49 be 00 00 00 00 f9 ae 61 bf ee 67 be bd 8c f3 ec be 00 00 00 00 0e 4e 9e 49 fc 48 9f 49 80 17 cd 4a 00 00 80 3f d2 95 a4 ca ed 3a dd 46 c3 24 85 4a
CAM frame=810 be 7e a5 ca 68 2b 2d 47 dd 81 85 4a 00 00 80 3f 78 af f1 be a0 cc 31 3e 4b 43 5d 3f 00 00 00 00 00 00 00 33 4c fc 7a 3f f5 ae 49 be 00 00 00 00 f9 ae 61 bf ee 67 be bd 8c f3 ec be 00 00 00 00 0e 4e 9e 49 fc 48 9f 49 80 17 cd 4a 00 00 80 3f d2 95 a4 ca ed 3a dd 46 c3 24 85 4a
CAM frame=811 be 7e a5 ca 68 2b 2d 47 dd 81 85 4a 00 00 80 3f 78 af f1 be a0 cc 31 3e 4b 43 5d 3f 00 00 00 00 00 00 00 33 4c fc 7a 3f f5 ae 49 be 00 00 00 00 f9 ae 61 bf ee 67 be bd 8c f3 ec be 00 00 00 00 0e 4e 9e 49 fc 48 9f 49 80 17 cd 4a 00 00 80 3f d2 95 a4 ca ed 3a dd 46 c3 24 85 4a
CAM frame=812 be 7e a5 ca 68 2b 2d 47 dd 81 85 4a 00 00 80 3f 78 af f1 be a0 cc 31 3e 4b 43 5d 3f 00 00 00 00 00 00 00 33 4c fc 7a 3f f5 ae 49 be 00 00 00 00 f9 ae 61 bf ee 67 be bd 8c f3 ec be 00 00 00 00 0e 4e 9e 49 fc 48 9f 49 80 17 cd 4a 00 00 80 3f d2 95 a4 ca ed 3a dd 46 c3 24 85 4a
CAM frame=813 be 7e a5 ca 68 2b 2d 47 dd 81 85 4a 00 00 80 3f 78 af f1 be a0 cc 31 3e 4b 43 5d 3f 00 00 00 00 00 00 00 33 4c fc 7a 3f f5 ae 49 be 00 00 00 00 f9 ae 61 bf ee 67 be bd 8c f3 ec be 00 00 00 00 0e 4e 9e 49 fc 48 9f 49 80 17 cd 4a 00 00 80 3f d2 95 a4 ca ed 3a dd 46 c3 24 85 4a
CAM frame=814 be 7e a5 ca 68 2b 2d 47 dd 81 85 4a 00 00 80 3f 78 af f1 be a0 cc 31 3e 4b 43 5d 3f 00 00 00 00 00 00 00 33 4c fc 7a 3f f5 ae 49 be 00 00 00 00 f9 ae 61 bf ee 67 be bd 8c f3 ec be 00 00 00 00 0e 4e 9e 49 fc 48 9f 49 80 17 cd 4a 00 00 80 3f d2 95 a4 ca ed 3a dd 46 c3 24 85 4a
CAM frame=815 be 7e a5 ca 68 2b 2d 47 dd 81 85 4a 00 00 80 3f 78 af f1 be a0 cc 31 3e 4b 43 5d 3f 00 00 00 00 00 00 00 33 4c fc 7a 3f f5 ae 49 be 00 00 00 00 f9 ae 61 bf ee 67 be bd 8c f3 ec be 00 00 00 00 0e 4e 9e 49 fc 48 9f 49 80 17 cd 4a 00 00 80 3f d2 95 a4 ca ed 3a dd 46 c3 24 85 4a
CAM frame=816 be 7e a5 ca 68 2b 2d 47 dd 81 85 4a 00 00 80 3f 78 af f1 be a0 cc 31 3e 4b 43 5d 3f 00 00 00 00 00 00 00 33 4c fc 7a 3f f5 ae 49 be 00 00 00 00 f9 ae 61 bf ee 67 be bd 8c f3 ec be 00 00 00 00 0e 4e 9e 49 fc 48 9f 49 80 17 cd 4a 00 00 80 3f d2 95 a4 ca ed 3a dd 46 c3 24 85 4a
CAM frame=817 be 7e a5 ca 68 2b 2d 47 dd 81 85 4a 00 00 80 3f 78 af f1 be a0 cc 31 3e 4b 43 5d 3f 00 00 00 00 00 00 00 33 4c fc 7a 3f f5 ae 49 be 00 00 00 00 f9 ae 61 bf ee 67 be bd 8c f3 ec be 00 00 00 00 0e 4e 9e 49 fc 48 9f 49 80 17 cd 4a 00 00 80 3f d2 95 a4 ca ed 3a dd 46 c3 24 85 4a
CAM frame=818 be 7e a5 ca 68 2b 2d 47 dd 81 85 4a 00 00 80 3f 78 af f1 be a0 cc 31 3e 4b 43 5d 3f 00 00 00 00 00 00 00 33 4c fc 7a 3f f5 ae 49 be 00 00 00 00 f9 ae 61 bf ee 67 be bd 8c f3 ec be 00 00 00 00 0e 4e 9e 49 fc 48 9f 49 80 17 cd 4a 00 00 80 3f d2 95 a4 ca ed 3a dd 46 c3 24 85 4a
CAM frame=819 be 7e a5 ca 68 2b 2d 47 dd 81 85 4a 00 00 80 3f 78 af f1 be a0 cc 31 3e 4b 43 5d 3f 00 00 00 00 00 00 00 33 4c fc 7a 3f f5 ae 49 be 00 00 00 00 f9 ae 61 bf ee 67 be bd 8c f3 ec be 00 00 00 00 0e 4e 9e 49 fc 48 9f 49 80 17 cd 4a 00 00 80 3f d2 95 a4 ca ed 3a dd 46 c3 24 85 4a
CAM frame=820 be 7e a5 ca 68 2b 2d 47 dd 81 85 4a 00 00 80 3f 78 af f1 be a0 cc 31 3e 4b 43 5d 3f 00 00 00 00 00 00 00 33 4c fc 7a 3f f5 ae 49 be 00 00 00 00 f9 ae 61 bf ee 67 be bd 8c f3 ec be 00 00 00 00 0e 4e 9e 49 fc 48 9f 49 80 17 cd 4a 00 00 80 3f d2 95 a4 ca ed 3a dd 46 c3 24 85 4a
CAM frame=821 be 7e a5 ca 68 2b 2d 47 dd 81 85 4a 00 00 80 3f 78 af f1 be a0 cc 31 3e 4b 43 5d 3f 00 00 00 00 00 00 00 33 4c fc 7a 3f f5 ae 49 be 00 00 00 00 f9 ae 61 bf ee 67 be bd 8c f3 ec be 00 00 00 00 0e 4e 9e 49 fc 48 9f 49 80 17 cd 4a 00 00 80 3f d2 95 a4 ca ed 3a dd 46 c3 24 85 4a
CAM frame=822 be 7e a5 ca 68 2b 2d 47 dd 81 85 4a 00 00 80 3f 78 af f1 be a0 cc 31 3e 4b 43 5d 3f 00 00 00 00 00 00 00 33 4c fc 7a 3f f5 ae 49 be 00 00 00 00 f9 ae 61 bf ee 67 be bd 8c f3 ec be 00 00 00 00 0e 4e 9e 49 fc 48 9f 49 80 17 cd 4a 00 00 80 3f d2 95 a4 ca ed 3a dd 46 c3 24 85 4a
CAM frame=823 be 7e a5 ca 68 2b 2d 47 dd 81 85 4a 00 00 80 3f 78 af f1 be a0 cc 31 3e 4b 43 5d 3f 00 00 00 00 00 00 00 33 4c fc 7a 3f f5 ae 49 be 00 00 00 00 f9 ae 61 bf ee 67 be bd 8c f3 ec be 00 00 00 00 0e 4e 9e 49 fc 48 9f 49 80 17 cd 4a 00 00 80 3f d2 95 a4 ca ed 3a dd 46 c3 24 85 4a
CAM frame=824 be 7e a5 ca 68 2b 2d 47 dd 81 85 4a 00 00 80 3f 78 af f1 be a0 cc 31 3e 4b 43 5d 3f 00 00 00 00 00 00 00 33 4c fc 7a 3f f5 ae 49 be 00 00 00 00 f9 ae 61 bf ee 67 be bd 8c f3 ec be 00 00 00 00 0e 4e 9e 49 fc 48 9f 49 80 17 cd 4a 00 00 80 3f d2 95 a4 ca ed 3a dd 46 c3 24 85 4a
CAM frame=825 be 7e a5 ca 68 2b 2d 47 dd 81 85 4a 00 00 80 3f 78 af f1 be a0 cc 31 3e 4b 43 5d 3f 00 00 00 00 00 00 00 33 4c fc 7a 3f f5 ae 49 be 00 00 00 00 f9 ae 61 bf ee 67 be bd 8c f3 ec be 00 00 00 00 0e 4e 9e 49 fc 48 9f 49 80 17 cd 4a 00 00 80 3f d2 95 a4 ca ed 3a dd 46 c3 24 85 4a
CAM frame=826 be 7e a5 ca 68 2b 2d 47 dd 81 85 4a 00 00 80 3f 78 af f1 be a0 cc 31 3e 4b 43 5d 3f 00 00 00 00 00 00 00 33 4c fc 7a 3f f5 ae 49 be 00 00 00 00 f9 ae 61 bf ee 67 be bd 8c f3 ec be 00 00 00 00 0e 4e 9e 49 fc 48 9f 49 80 17 cd 4a 00 00 80 3f d2 95 a4 ca ed 3a dd 46 c3 24 85 4a
CAM frame=827 be 7e a5 ca 68 2b 2d 47 dd 81 85 4a 00 00 80 3f 78 af f1 be a0 cc 31 3e 4b 43 5d 3f 00 00 00 00 00 00 00 33 4c fc 7a 3f f5 ae 49 be 00 00 00 00 f9 ae 61 bf ee 67 be bd 8c f3 ec be 00 00 00 00 0e 4e 9e 49 fc 48 9f 49 80 17 cd 4a 00 00 80 3f d2 95 a4 ca ed 3a dd 46 c3 24 85 4a
CAM frame=828 be 7e a5 ca 68 2b 2d 47 dd 81 85 4a 00 00 80 3f 78 af f1 be a0 cc 31 3e 4b 43 5d 3f 00 00 00 00 00 00 00 33 4c fc 7a 3f f5 ae 49 be 00 00 00 00 f9 ae 61 bf ee 67 be bd 8c f3 ec be 00 00 00 00 0e 4e 9e 49 fc 48 9f 49 80 17 cd 4a 00 00 80 3f d2 95 a4 ca ed 3a dd 46 c3 24 85 4a
CAM frame=829 be 7e a5 ca 68 2b 2d 47 dd 81 85 4a 00 00 80 3f 78 af f1 be a0 cc 31 3e 4b 43 5d 3f 00 00 00 00 00 00 00 33 4c fc 7a 3f f5 ae 49 be 00 00 00 00 f9 ae 61 bf ee 67 be bd 8c f3 ec be 00 00 00 00 0e 4e 9e 49 fc 48 9f 49 80 17 cd 4a 00 00 80 3f d2 95 a4 ca ed 3a dd 46 c3 24 85 4a
CAM frame=830 be 7e a5 ca 68 2b 2d 47 dd 81 85 4a 00 00 80 3f 78 af f1 be a0 cc 31 3e 4b 43 5d 3f 00 00 00 00 00 00 00 33 4c fc 7a 3f f5 ae 49 be 00 00 00 00 f9 ae 61 bf ee 67 be bd 8c f3 ec be 00 00 00 00 0e 4e 9e 49 fc 48 9f 49 80 17 cd 4a 00 00 80 3f d2 95 a4 ca ed 3a dd 46 c3 24 85 4a
CAM frame=831 be 7e a5 ca 68 2b 2d 47 dd 81 85 4a 00 00 80 3f 78 af f1 be a0 cc 31 3e 4b 43 5d 3f 00 00 00 00 00 00 00 33 4c fc 7a 3f f5 ae 49 be 00 00 00 00 f9 ae 61 bf ee 67 be bd 8c f3 ec be 00 00 00 00 0e 4e 9e 49 fc 48 9f 49 80 17 cd 4a 00 00 80 3f d2 95 a4 ca ed 3a dd 46 c3 24 85 4a
CAM frame=832 be 7e a5 ca 68 2b 2d 47 dd 81 85 4a 00 00 80 3f 78 af f1 be a0 cc 31 3e 4b 43 5d 3f 00 00 00 00 00 00 00 33 4c fc 7a 3f f5 ae 49 be 00 00 00 00 f9 ae 61 bf ee 67 be bd 8c f3 ec be 00 00 00 00 0e 4e 9e 49 fc 48 9f 49 80 17 cd 4a 00 00 80 3f d2 95 a4 ca ed 3a dd 46 c3 24 85 4a
CAM frame=833 be 7e a5 ca 68 2b 2d 47 dd 81 85 4a 00 00 80 3f 78 af f1 be a0 cc 31 3e 4b 43 5d 3f 00 00 00 00 00 00 00 33 4c fc 7a 3f f5 ae 49 be 00 00 00 00 f9 ae 61 bf ee 67 be bd 8c f3 ec be 00 00 00 00 0e 4e 9e 49 fc 48 9f 49 80 17 cd 4a 00 00 80 3f d2 95 a4 ca ed 3a dd 46 c3 24 85 4a
CAM frame=834 be 7e a5 ca 68 2b 2d 47 dd 81 85 4a 00 00 80 3f 78 af f1 be a0 cc 31 3e 4b 43 5d 3f 00 00 00 00 00 00 00 33 4c fc 7a 3f f5 ae 49 be 00 00 00 00 f9 ae 61 bf ee 67 be bd 8c f3 ec be 00 00 00 00 0e 4e 9e 49 fc 48 9f 49 80 17 cd 4a 00 00 80 3f d2 95 a4 ca ed 3a dd 46 c3 24 85 4a
CAM frame=835 be 7e a5 ca 68 2b 2d 47 dd 81 85 4a 00 00 80 3f 78 af f1 be a0 cc 31 3e 4b 43 5d 3f 00 00 00 00 00 00 00 33 4c fc 7a 3f f5 ae 49 be 00 00 00 00 f9 ae 61 bf ee 67 be bd 8c f3 ec be 00 00 00 00 0e 4e 9e 49 fc 48 9f 49 80 17 cd 4a 00 00 80 3f d2 95 a4 ca ed 3a dd 46 c3 24 85 4a
CAM frame=836 be 7e a5 ca 68 2b 2d 47 dd 81 85 4a 00 00 80 3f 78 af f1 be a0 cc 31 3e 4b 43 5d 3f 00 00 00 00 00 00 00 33 4c fc 7a 3f f5 ae 49 be 00 00 00 00 f9 ae 61 bf ee 67 be bd 8c f3 ec be 00 00 00 00 0e 4e 9e 49 fc 48 9f 49 80 17 cd 4a 00 00 80 3f d2 95 a4 ca ed 3a dd 46 c3 24 85 4a
CAM frame=837 be 7e a5 ca 68 2b 2d 47 dd 81 85 4a 00 00 80 3f 78 af f1 be a0 cc 31 3e 4b 43 5d 3f 00 00 00 00 00 00 00 33 4c fc 7a 3f f5 ae 49 be 00 00 00 00 f9 ae 61 bf ee 67 be bd 8c f3 ec be 00 00 00 00 0e 4e 9e 49 fc 48 9f 49 80 17 cd 4a 00 00 80 3f d2 95 a4 ca ed 3a dd 46 c3 24 85 4a
CAM frame=838 be 7e a5 ca 68 2b 2d 47 dd 81 85 4a 00 00 80 3f 78 af f1 be a0 cc 31 3e 4b 43 5d 3f 00 00 00 00 00 00 00 33 4c fc 7a 3f f5 ae 49 be 00 00 00 00 f9 ae 61 bf ee 67 be bd 8c f3 ec be 00 00 00 00 0e 4e 9e 49 fc 48 9f 49 80 17 cd 4a 00 00 80 3f d2 95 a4 ca ed 3a dd 46 c3 24 85 4a
CAM frame=839 be 7e a5 ca 68 2b 2d 47 dd 81 85 4a 00 00 80 3f 78 af f1 be a0 cc 31 3e 4b 43 5d 3f 00 00 00 00 00 00 00 33 4c fc 7a 3f f5 ae 49 be 00 00 00 00 f9 ae 61 bf ee 67 be bd 8c f3 ec be 00 00 00 00 0e 4e 9e 49 fc 48 9f 49 80 17 cd 4a 00 00 80 3f d2 95 a4 ca ed 3a dd 46 c3 24 85 4a
CAM frame=840 be 7e a5 ca 68 2b 2d 47 dd 81 85 4a 00 00 80 3f 78 af f1 be a0 cc 31 3e 4b 43 5d 3f 00 00 00 00 00 00 00 33 4c fc 7a 3f f5 ae 49 be 00 00 00 00 f9 ae 61 bf ee 67 be bd 8c f3 ec be 00 00 00 00 0e 4e 9e 49 fc 48 9f 49 80 17 cd 4a 00 00 80 3f d2 95 a4 ca ed 3a dd 46 c3 24 85 4a
CAM frame=841 be 7e a5 ca 68 2b 2d 47 dd 81 85 4a 00 00 80 3f 78 af f1 be a0 cc 31 3e 4b 43 5d 3f 00 00 00 00 00 00 00 33 4c fc 7a 3f f5 ae 49 be 00 00 00 00 f9 ae 61 bf ee 67 be bd 8c f3 ec be 00 00 00 00 0e 4e 9e 49 fc 48 9f 49 80 17 cd 4a 00 00 80 3f d2 95 a4 ca ed 3a dd 46 c3 24 85 4a
CAM frame=842 be 7e a5 ca 68 2b 2d 47 dd 81 85 4a 00 00 80 3f 78 af f1 be a0 cc 31 3e 4b 43 5d 3f 00 00 00 00 00 00 00 33 4c fc 7a 3f f5 ae 49 be 00 00 00 00 f9 ae 61 bf ee 67 be bd 8c f3 ec be 00 00 00 00 0e 4e 9e 49 fc 48 9f 49 80 17 cd 4a 00 00 80 3f d2 95 a4 ca ed 3a dd 46 c3 24 85 4a
CAM frame=843 be 7e a5 ca 68 2b 2d 47 dd 81 85 4a 00 00 80 3f 78 af f1 be a0 cc 31 3e 4b 43 5d 3f 00 00 00 00 00 00 00 33 4c fc 7a 3f f5 ae 49 be 00 00 00 00 f9 ae 61 bf ee 67 be bd 8c f3 ec be 00 00 00 00 0e 4e 9e 49 fc 48 9f 49 80 17 cd 4a 00 00 80 3f d2 95 a4 ca ed 3a dd 46 c3 24 85 4a
CAM frame=844 be 7e a5 ca 68 2b 2d 47 dd 81 85 4a 00 00 80 3f 78 af f1 be a0 cc 31 3e 4b 43 5d 3f 00 00 00 00 00 00 00 33 4c fc 7a 3f f5 ae 49 be 00 00 00 00 f9 ae 61 bf ee 67 be bd 8c f3 ec be 00 00 00 00 0e 4e 9e 49 fc 48 9f 49 80 17 cd 4a 00 00 80 3f d2 95 a4 ca ed 3a dd 46 c3 24 85 4a
CAM frame=845 be 7e a5 ca 68 2b 2d 47 dd 81 85 4a 00 00 80 3f 78 af f1 be a0 cc 31 3e 4b 43 5d 3f 00 00 00 00 00 00 00 33 4c fc 7a 3f f5 ae 49 be 00 00 00 00 f9 ae 61 bf ee 67 be bd 8c f3 ec be 00 00 00 00 0e 4e 9e 49 fc 48 9f 49 80 17 cd 4a 00 00 80 3f d2 95 a4 ca ed 3a dd 46 c3 24 85 4a
CAM frame=846 be 7e a5 ca 68 2b 2d 47 dd 81 85 4a 00 00 80 3f 78 af f1 be a0 cc 31 3e 4b 43 5d 3f 00 00 00 00 00 00 00 33 4c fc 7a 3f f5 ae 49 be 00 00 00 00 f9 ae 61 bf ee 67 be bd 8c f3 ec be 00 00 00 00 0e 4e 9e 49 fc 48 9f 49 80 17 cd 4a 00 00 80 3f d2 95 a4 ca ed 3a dd 46 c3 24 85 4a
CAM frame=847 be 7e a5 ca 68 2b 2d 47 dd 81 85 4a 00 00 80 3f 78 af f1 be a0 cc 31 3e 4b 43 5d 3f 00 00 00 00 00 00 00 33 4c fc 7a 3f f5 ae 49 be 00 00 00 00 f9 ae 61 bf ee 67 be bd 8c f3 ec be 00 00 00 00 0e 4e 9e 49 fc 48 9f 49 80 17 cd 4a 00 00 80 3f d2 95 a4 ca ed 3a dd 46 c3 24 85 4a
CAM frame=848 be 7e a5 ca 68 2b 2d 47 dd 81 85 4a 00 00 80 3f 78 af f1 be a0 cc 31 3e 4b 43 5d 3f 00 00 00 00 00 00 00 33 4c fc 7a 3f f5 ae 49 be 00 00 00 00 f9 ae 61 bf ee 67 be bd 8c f3 ec be 00 00 00 00 0e 4e 9e 49 fc 48 9f 49 80 17 cd 4a 00 00 80 3f d2 95 a4 ca ed 3a dd 46 c3 24 85 4a
CAM frame=849 be 7e a5 ca 68 2b 2d 47 dd 81 85 4a 00 00 80 3f 78 af f1 be a0 cc 31 3e 4b 43 5d 3f 00 00 00 00 00 00 00 33 4c fc 7a 3f f5 ae 49 be 00 00 00 00 f9 ae 61 bf ee 67 be bd 8c f3 ec be 00 00 00 00 0e 4e 9e 49 fc 48 9f 49 80 17 cd 4a 00 00 80 3f d2 95 a4 ca ed 3a dd 46 c3 24 85 4a
CAM frame=850 be 7e a5 ca 68 2b 2d 47 dd 81 85 4a 00 00 80 3f 78 af f1 be a0 cc 31 3e 4b 43 5d 3f 00 00 00 00 00 00 00 33 4c fc 7a 3f f5 ae 49 be 00 00 00 00 f9 ae 61 bf ee 67 be bd 8c f3 ec be 00 00 00 00 0e 4e 9e 49 fc 48 9f 49 80 17 cd 4a 00 00 80 3f d2 95 a4 ca ed 3a dd 46 c3 24 85 4a
CAM frame=851 be 7e a5 ca 68 2b 2d 47 dd 81 85 4a 00 00 80 3f 78 af f1 be a0 cc 31 3e 4b 43 5d 3f 00 00 00 00 00 00 00 33 4c fc 7a 3f f5 ae 49 be 00 00 00 00 f9 ae 61 bf ee 67 be bd 8c f3 ec be 00 00 00 00 0e 4e 9e 49 fc 48 9f 49 80 17 cd 4a 00 00 80 3f d2 95 a4 ca ed 3a dd 46 c3 24 85 4a
CAM frame=852 be 7e a5 ca 68 2b 2d 47 dd 81 85 4a 00 00 80 3f 78 af f1 be a0 cc 31 3e 4b 43 5d 3f 00 00 00 00 00 00 00 33 4c fc 7a 3f f5 ae 49 be 00 00 00 00 f9 ae 61 bf ee 67 be bd 8c f3 ec be 00 00 00 00 0e 4e 9e 49 fc 48 9f 49 80 17 cd 4a 00 00 80 3f d2 95 a4 ca ed 3a dd 46 c3 24 85 4a
CAM frame=853 be 7e a5 ca 68 2b 2d 47 dd 81 85 4a 00 00 80 3f 78 af f1 be a0 cc 31 3e 4b 43 5d 3f 00 00 00 00 00 00 00 33 4c fc 7a 3f f5 ae 49 be 00 00 00 00 f9 ae 61 bf ee 67 be bd 8c f3 ec be 00 00 00 00 0e 4e 9e 49 fc 48 9f 49 80 17 cd 4a 00 00 80 3f d2 95 a4 ca ed 3a dd 46 c3 24 85 4a
CAM frame=854 be 7e a5 ca 68 2b 2d 47 dd 81 85 4a 00 00 80 3f 78 af f1 be a0 cc 31 3e 4b 43 5d 3f 00 00 00 00 00 00 00 33 4c fc 7a 3f f5 ae 49 be 00 00 00 00 f9 ae 61 bf ee 67 be bd 8c f3 ec be 00 00 00 00 0e 4e 9e 49 fc 48 9f 49 80 17 cd 4a 00 00 80 3f d2 95 a4 ca ed 3a dd 46 c3 24 85 4a
CAM frame=855 be 7e a5 ca 68 2b 2d 47 dd 81 85 4a 00 00 80 3f 78 af f1 be a0 cc 31 3e 4b 43 5d 3f 00 00 00 00 00 00 00 33 4c fc 7a 3f f5 ae 49 be 00 00 00 00 f9 ae 61 bf ee 67 be bd 8c f3 ec be 00 00 00 00 0e 4e 9e 49 fc 48 9f 49 80 17 cd 4a 00 00 80 3f d2 95 a4 ca ed 3a dd 46 c3 24 85 4a
CAM frame=856 be 7e a5 ca 68 2b 2d 47 dd 81 85 4a 00 00 80 3f 78 af f1 be a0 cc 31 3e 4b 43 5d 3f 00 00 00 00 00 00 00 33 4c fc 7a 3f f5 ae 49 be 00 00 00 00 f9 ae 61 bf ee 67 be bd 8c f3 ec be 00 00 00 00 0e 4e 9e 49 fc 48 9f 49 80 17 cd 4a 00 00 80 3f d2 95 a4 ca ed 3a dd 46 c3 24 85 4a
CAM frame=857 be 7e a5 ca 68 2b 2d 47 dd 81 85 4a 00 00 80 3f 78 af f1 be a0 cc 31 3e 4b 43 5d 3f 00 00 00 00 00 00 00 33 4c fc 7a 3f f5 ae 49 be 00 00 00 00 f9 ae 61 bf ee 67 be bd 8c f3 ec be 00 00 00 00 0e 4e 9e 49 fc 48 9f 49 80 17 cd 4a 00 00 80 3f d2 95 a4 ca ed 3a dd 46 c3 24 85 4a
CAM frame=858 be 7e a5 ca 68 2b 2d 47 dd 81 85 4a 00 00 80 3f 78 af f1 be a0 cc 31 3e 4b 43 5d 3f 00 00 00 00 00 00 00 33 4c fc 7a 3f f5 ae 49 be 00 00 00 00 f9 ae 61 bf ee 67 be bd 8c f3 ec be 00 00 00 00 0e 4e 9e 49 fc 48 9f 49 80 17 cd 4a 00 00 80 3f d2 95 a4 ca ed 3a dd 46 c3 24 85 4a
CAM frame=859 be 7e a5 ca 68 2b 2d 47 dd 81 85 4a 00 00 80 3f 78 af f1 be a0 cc 31 3e 4b 43 5d 3f 00 00 00 00 00 00 00 33 4c fc 7a 3f f5 ae 49 be 00 00 00 00 f9 ae 61 bf ee 67 be bd 8c f3 ec be 00 00 00 00 0e 4e 9e 49 fc 48 9f 49 80 17 cd 4a 00 00 80 3f d2 95 a4 ca ed 3a dd 46 c3 24 85 4a
CAM frame=860 be 7e a5 ca 68 2b 2d 47 dd 81 85 4a 00 00 80 3f 78 af f1 be a0 cc 31 3e 4b 43 5d 3f 00 00 00 00 00 00 00 33 4c fc 7a 3f f5 ae 49 be 00 00 00 00 f9 ae 61 bf ee 67 be bd 8c f3 ec be 00 00 00 00 0e 4e 9e 49 fc 48 9f 49 80 17 cd 4a 00 00 80 3f d2 95 a4 ca ed 3a dd 46 c3 24 85 4a
CAM frame=861 be 7e a5 ca 68 2b 2d 47 dd 81 85 4a 00 00 80 3f 78 af f1 be a0 cc 31 3e 4b 43 5d 3f 00 00 00 00 00 00 00 33 4c fc 7a 3f f5 ae 49 be 00 00 00 00 f9 ae 61 bf ee 67 be bd 8c f3 ec be 00 00 00 00 0e 4e 9e 49 fc 48 9f 49 80 17 cd 4a 00 00 80 3f d2 95 a4 ca ed 3a dd 46 c3 24 85 4a
CAM frame=862 be 7e a5 ca 68 2b 2d 47 dd 81 85 4a 00 00 80 3f 78 af f1 be a0 cc 31 3e 4b 43 5d 3f 00 00 00 00 00 00 00 33 4c fc 7a 3f f5 ae 49 be 00 00 00 00 f9 ae 61 bf ee 67 be bd 8c f3 ec be 00 00 00 00 0e 4e 9e 49 fc 48 9f 49 80 17 cd 4a 00 00 80 3f d2 95 a4 ca ed 3a dd 46 c3 24 85 4a
CAM frame=863 be 7e a5 ca 68 2b 2d 47 dd 81 85 4a 00 00 80 3f 78 af f1 be a0 cc 31 3e 4b 43 5d 3f 00 00 00 00 00 00 00 33 4c fc 7a 3f f5 ae 49 be 00 00 00 00 f9 ae 61 bf ee 67 be bd 8c f3 ec be 00 00 00 00 0e 4e 9e 49 fc 48 9f 49 80 17 cd 4a 00 00 80 3f d2 95 a4 ca ed 3a dd 46 c3 24 85 4a
CAM frame=864 be 7e a5 ca 68 2b 2d 47 dd 81 85 4a 00 00 80 3f 78 af f1 be a0 cc 31 3e 4b 43 5d 3f 00 00 00 00 00 00 00 33 4c fc 7a 3f f5 ae 49 be 00 00 00 00 f9 ae 61 bf ee 67 be bd 8c f3 ec be 00 00 00 00 0e 4e 9e 49 fc 48 9f 49 80 17 cd 4a 00 00 80 3f d2 95 a4 ca ed 3a dd 46 c3 24 85 4a
CAM frame=865 be 7e a5 ca 68 2b 2d 47 dd 81 85 4a 00 00 80 3f 78 af f1 be a0 cc 31 3e 4b 43 5d 3f 00 00 00 00 00 00 00 33 4c fc 7a 3f f5 ae 49 be 00 00 00 00 f9 ae 61 bf ee 67 be bd 8c f3 ec be 00 00 00 00 0e 4e 9e 49 fc 48 9f 49 80 17 cd 4a 00 00 80 3f d2 95 a4 ca ed 3a dd 46 c3 24 85 4a
CAM frame=866 be 7e a5 ca 68 2b 2d 47 dd 81 85 4a 00 00 80 3f 78 af f1 be a0 cc 31 3e 4b 43 5d 3f 00 00 00 00 00 00 00 33 4c fc 7a 3f f5 ae 49 be 00 00 00 00 f9 ae 61 bf ee 67 be bd 8c f3 ec be 00 00 00 00 0e 4e 9e 49 fc 48 9f 49 80 17 cd 4a 00 00 80 3f d2 95 a4 ca ed 3a dd 46 c3 24 85 4a
CAM frame=867 be 7e a5 ca 68 2b 2d 47 dd 81 85 4a 00 00 80 3f 78 af f1 be a0 cc 31 3e 4b 43 5d 3f 00 00 00 00 00 00 00 33 4c fc 7a 3f f5 ae 49 be 00 00 00 00 f9 ae 61 bf ee 67 be bd 8c f3 ec be 00 00 00 00 0e 4e 9e 49 fc 48 9f 49 80 17 cd 4a 00 00 80 3f d2 95 a4 ca ed 3a dd 46 c3 24 85 4a
CAM frame=868 be 7e a5 ca 68 2b 2d 47 dd 81 85 4a 00 00 80 3f 78 af f1 be a0 cc 31 3e 4b 43 5d 3f 00 00 00 00 00 00 00 33 4c fc 7a 3f f5 ae 49 be 00 00 00 00 f9 ae 61 bf ee 67 be bd 8c f3 ec be 00 00 00 00 0e 4e 9e 49 fc 48 9f 49 80 17 cd 4a 00 00 80 3f d2 95 a4 ca ed 3a dd 46 c3 24 85 4a
CAM frame=869 be 7e a5 ca 68 2b 2d 47 dd 81 85 4a 00 00 80 3f 78 af f1 be a0 cc 31 3e 4b 43 5d 3f 00 00 00 00 00 00 00 33 4c fc 7a 3f f5 ae 49 be 00 00 00 00 f9 ae 61 bf ee 67 be bd 8c f3 ec be 00 00 00 00 0e 4e 9e 49 fc 48 9f 49 80 17 cd 4a 00 00 80 3f d2 95 a4 ca ed 3a dd 46 c3 24 85 4a
CAM frame=870 be 7e a5 ca 68 2b 2d 47 dd 81 85 4a 00 00 80 3f 78 af f1 be a0 cc 31 3e 4b 43 5d 3f 00 00 00 00 00 00 00 33 4c fc 7a 3f f5 ae 49 be 00 00 00 00 f9 ae 61 bf ee 67 be bd 8c f3 ec be 00 00 00 00 0e 4e 9e 49 fc 48 9f 49 80 17 cd 4a 00 00 80 3f d2 95 a4 ca ed 3a dd 46 c3 24 85 4a
CAM frame=871 be 7e a5 ca 68 2b 2d 47 dd 81 85 4a 00 00 80 3f 78 af f1 be a0 cc 31 3e 4b 43 5d 3f 00 00 00 00 00 00 00 33 4c fc 7a 3f f5 ae 49 be 00 00 00 00 f9 ae 61 bf ee 67 be bd 8c f3 ec be 00 00 00 00 0e 4e 9e 49 fc 48 9f 49 80 17 cd 4a 00 00 80 3f d2 95 a4 ca ed 3a dd 46 c3 24 85 4a
CAM frame=872 be 7e a5 ca 68 2b 2d 47 dd 81 85 4a 00 00 80 3f 78 af f1 be a0 cc 31 3e 4b 43 5d 3f 00 00 00 00 00 00 00 33 4c fc 7a 3f f5 ae 49 be 00 00 00 00 f9 ae 61 bf ee 67 be bd 8c f3 ec be 00 00 00 00 0e 4e 9e 49 fc 48 9f 49 80 17 cd 4a 00 00 80 3f d2 95 a4 ca ed 3a dd 46 c3 24 85 4a
CAM frame=873 be 7e a5 ca 68 2b 2d 47 dd 81 85 4a 00 00 80 3f 78 af f1 be a0 cc 31 3e 4b 43 5d 3f 00 00 00 00 00 00 00 33 4c fc 7a 3f f5 ae 49 be 00 00 00 00 f9 ae 61 bf ee 67 be bd 8c f3 ec be 00 00 00 00 0e 4e 9e 49 fc 48 9f 49 80 17 cd 4a 00 00 80 3f d2 95 a4 ca ed 3a dd 46 c3 24 85 4a
CAM frame=874 be 7e a5 ca 68 2b 2d 47 dd 81 85 4a 00 00 80 3f 78 af f1 be a0 cc 31 3e 4b 43 5d 3f 00 00 00 00 00 00 00 33 4c fc 7a 3f f5 ae 49 be 00 00 00 00 f9 ae 61 bf ee 67 be bd 8c f3 ec be 00 00 00 00 0e 4e 9e 49 fc 48 9f 49 80 17 cd 4a 00 00 80 3f d2 95 a4 ca ed 3a dd 46 c3 24 85 4a
CAM frame=875 be 7e a5 ca 68 2b 2d 47 dd 81 85 4a 00 00 80 3f 78 af f1 be a0 cc 31 3e 4b 43 5d 3f 00 00 00 00 00 00 00 33 4c fc 7a 3f f5 ae 49 be 00 00 00 00 f9 ae 61 bf ee 67 be bd 8c f3 ec be 00 00 00 00 0e 4e 9e 49 fc 48 9f 49 80 17 cd 4a 00 00 80 3f d2 95 a4 ca ed 3a dd 46 c3 24 85 4a
CAM frame=876 be 7e a5 ca 68 2b 2d 47 dd 81 85 4a 00 00 80 3f 78 af f1 be a0 cc 31 3e 4b 43 5d 3f 00 00 00 00 00 00 00 33 4c fc 7a 3f f5 ae 49 be 00 00 00 00 f9 ae 61 bf ee 67 be bd 8c f3 ec be 00 00 00 00 0e 4e 9e 49 fc 48 9f 49 80 17 cd 4a 00 00 80 3f d2 95 a4 ca ed 3a dd 46 c3 24 85 4a
CAM frame=877 be 7e a5 ca 68 2b 2d 47 dd 81 85 4a 00 00 80 3f 78 af f1 be a0 cc 31 3e 4b 43 5d 3f 00 00 00 00 00 00 00 33 4c fc 7a 3f f5 ae 49 be 00 00 00 00 f9 ae 61 bf ee 67 be bd 8c f3 ec be 00 00 00 00 0e 4e 9e 49 fc 48 9f 49 80 17 cd 4a 00 00 80 3f d2 95 a4 ca ed 3a dd 46 c3 24 85 4a
CAM frame=878 be 7e a5 ca 68 2b 2d 47 dd 81 85 4a 00 00 80 3f 78 af f1 be a0 cc 31 3e 4b 43 5d 3f 00 00 00 00 00 00 00 33 4c fc 7a 3f f5 ae 49 be 00 00 00 00 f9 ae 61 bf ee 67 be bd 8c f3 ec be 00 00 00 00 0e 4e 9e 49 fc 48 9f 49 80 17 cd 4a 00 00 80 3f d2 95 a4 ca ed 3a dd 46 c3 24 85 4a
CAM frame=879 be 7e a5 ca 68 2b 2d 47 dd 81 85 4a 00 00 80 3f 78 af f1 be a0 cc 31 3e 4b 43 5d 3f 00 00 00 00 00 00 00 33 4c fc 7a 3f f5 ae 49 be 00 00 00 00 f9 ae 61 bf ee 67 be bd 8c f3 ec be 00 00 00 00 0e 4e 9e 49 fc 48 9f 49 80 17 cd 4a 00 00 80 3f d2 95 a4 ca ed 3a dd 46 c3 24 85 4a
CAM frame=880 be 7e a5 ca 68 2b 2d 47 dd 81 85 4a 00 00 80 3f 78 af f1 be a0 cc 31 3e 4b 43 5d 3f 00 00 00 00 00 00 00 33 4c fc 7a 3f f5 ae 49 be 00 00 00 00 f9 ae 61 bf ee 67 be bd 8c f3 ec be 00 00 00 00 0e 4e 9e 49 fc 48 9f 49 80 17 cd 4a 00 00 80 3f d2 95 a4 ca ed 3a dd 46 c3 24 85 4a
CAM frame=881 be 7e a5 ca 68 2b 2d 47 dd 81 85 4a 00 00 80 3f 78 af f1 be a0 cc 31 3e 4b 43 5d 3f 00 00 00 00 00 00 00 33 4c fc 7a 3f f5 ae 49 be 00 00 00 00 f9 ae 61 bf ee 67 be bd 8c f3 ec be 00 00 00 00 0e 4e 9e 49 fc 48 9f 49 80 17 cd 4a 00 00 80 3f d2 95 a4 ca ed 3a dd 46 c3 24 85 4a
CAM frame=882 be 7e a5 ca 68 2b 2d 47 dd 81 85 4a 00 00 80 3f 78 af f1 be a0 cc 31 3e 4b 43 5d 3f 00 00 00 00 00 00 00 33 4c fc 7a 3f f5 ae 49 be 00 00 00 00 f9 ae 61 bf ee 67 be bd 8c f3 ec be 00 00 00 00 0e 4e 9e 49 fc 48 9f 49 80 17 cd 4a 00 00 80 3f d2 95 a4 ca ed 3a dd 46 c3 24 85 4a
CAM frame=883 be 7e a5 ca 68 2b 2d 47 dd 81 85 4a 00 00 80 3f 78 af f1 be a0 cc 31 3e 4b 43 5d 3f 00 00 00 00 00 00 00 33 4c fc 7a 3f f5 ae 49 be 00 00 00 00 f9 ae 61 bf ee 67 be bd 8c f3 ec be 00 00 00 00 0e 4e 9e 49 fc 48 9f 49 80 17 cd 4a 00 00 80 3f d2 95 a4 ca ed 3a dd 46 c3 24 85 4a
CAM frame=884 be 7e a5 ca 68 2b 2d 47 dd 81 85 4a 00 00 80 3f 78 af f1 be a0 cc 31 3e 4b 43 5d 3f 00 00 00 00 00 00 00 33 4c fc 7a 3f f5 ae 49 be 00 00 00 00 f9 ae 61 bf ee 67 be bd 8c f3 ec be 00 00 00 00 0e 4e 9e 49 fc 48 9f 49 80 17 cd 4a 00 00 80 3f d2 95 a4 ca ed 3a dd 46 c3 24 85 4a
CAM frame=885 be 7e a5 ca 68 2b 2d 47 dd 81 85 4a 00 00 80 3f 78 af f1 be a0 cc 31 3e 4b 43 5d 3f 00 00 00 00 00 00 00 33 4c fc 7a 3f f5 ae 49 be 00 00 00 00 f9 ae 61 bf ee 67 be bd 8c f3 ec be 00 00 00 00 0e 4e 9e 49 fc 48 9f 49 80 17 cd 4a 00 00 80 3f d2 95 a4 ca ed 3a dd 46 c3 24 85 4a
CAM frame=886 be 7e a5 ca 68 2b 2d 47 dd 81 85 4a 00 00 80 3f 78 af f1 be a0 cc 31 3e 4b 43 5d 3f 00 00 00 00 00 00 00 33 4c fc 7a 3f f5 ae 49 be 00 00 00 00 f9 ae 61 bf ee 67 be bd 8c f3 ec be 00 00 00 00 0e 4e 9e 49 fc 48 9f 49 80 17 cd 4a 00 00 80 3f d2 95 a4 ca ed 3a dd 46 c3 24 85 4a
CAM frame=887 be 7e a5 ca 68 2b 2d 47 dd 81 85 4a 00 00 80 3f 78 af f1 be a0 cc 31 3e 4b 43 5d 3f 00 00 00 00 00 00 00 33 4c fc 7a 3f f5 ae 49 be 00 00 00 00 f9 ae 61 bf ee 67 be bd 8c f3 ec be 00 00 00 00 0e 4e 9e 49 fc 48 9f 49 80 17 cd 4a 00 00 80 3f d2 95 a4 ca ed 3a dd 46 c3 24 85 4a
CAM frame=888 be 7e a5 ca 68 2b 2d 47 dd 81 85 4a 00 00 80 3f 78 af f1 be a0 cc 31 3e 4b 43 5d 3f 00 00 00 00 00 00 00 33 4c fc 7a 3f f5 ae 49 be 00 00 00 00 f9 ae 61 bf ee 67 be bd 8c f3 ec be 00 00 00 00 0e 4e 9e 49 fc 48 9f 49 80 17 cd 4a 00 00 80 3f d2 95 a4 ca ed 3a dd 46 c3 24 85 4a
CAM frame=889 be 7e a5 ca 68 2b 2d 47 dd 81 85 4a 00 00 80 3f 78 af f1 be a0 cc 31 3e 4b 43 5d 3f 00 00 00 00 00 00 00 33 4c fc 7a 3f f5 ae 49 be 00 00 00 00 f9 ae 61 bf ee 67 be bd 8c f3 ec be 00 00 00 00 0e 4e 9e 49 fc 48 9f 49 80 17 cd 4a 00 00 80 3f d2 95 a4 ca ed 3a dd 46 c3 24 85 4a
CAM frame=890 be 7e a5 ca 68 2b 2d 47 dd 81 85 4a 00 00 80 3f 78 af f1 be a0 cc 31 3e 4b 43 5d 3f 00 00 00 00 00 00 00 33 4c fc 7a 3f f5 ae 49 be 00 00 00 00 f9 ae 61 bf ee 67 be bd 8c f3 ec be 00 00 00 00 0e 4e 9e 49 fc 48 9f 49 80 17 cd 4a 00 00 80 3f d2 95 a4 ca ed 3a dd 46 c3 24 85 4a
CAM frame=891 be 7e a5 ca 68 2b 2d 47 dd 81 85 4a 00 00 80 3f 78 af f1 be a0 cc 31 3e 4b 43 5d 3f 00 00 00 00 00 00 00 33 4c fc 7a 3f f5 ae 49 be 00 00 00 00 f9 ae 61 bf ee 67 be bd 8c f3 ec be 00 00 00 00 0e 4e 9e 49 fc 48 9f 49 80 17 cd 4a 00 00 80 3f d2 95 a4 ca ed 3a dd 46 c3 24 85 4a
CAM frame=892 be 7e a5 ca 68 2b 2d 47 dd 81 85 4a 00 00 80 3f 78 af f1 be a0 cc 31 3e 4b 43 5d 3f 00 00 00 00 00 00 00 33 4c fc 7a 3f f5 ae 49 be 00 00 00 00 f9 ae 61 bf ee 67 be bd 8c f3 ec be 00 00 00 00 0e 4e 9e 49 fc 48 9f 49 80 17 cd 4a 00 00 80 3f d2 95 a4 ca ed 3a dd 46 c3 24 85 4a
CAM frame=893 be 7e a5 ca 68 2b 2d 47 dd 81 85 4a 00 00 80 3f 78 af f1 be a0 cc 31 3e 4b 43 5d 3f 00 00 00 00 00 00 00 33 4c fc 7a 3f f5 ae 49 be 00 00 00 00 f9 ae 61 bf ee 67 be bd 8c f3 ec be 00 00 00 00 0e 4e 9e 49 fc 48 9f 49 80 17 cd 4a 00 00 80 3f d2 95 a4 ca ed 3a dd 46 c3 24 85 4a
CAM frame=894 be 7e a5 ca 68 2b 2d 47 dd 81 85 4a 00 00 80 3f 78 af f1 be a0 cc 31 3e 4b 43 5d 3f 00 00 00 00 00 00 00 33 4c fc 7a 3f f5 ae 49 be 00 00 00 00 f9 ae 61 bf ee 67 be bd 8c f3 ec be 00 00 00 00 0e 4e 9e 49 fc 48 9f 49 80 17 cd 4a 00 00 80 3f d2 95 a4 ca ed 3a dd 46 c3 24 85 4a
CAM frame=895 be 7e a5 ca 68 2b 2d 47 dd 81 85 4a 00 00 80 3f 78 af f1 be a0 cc 31 3e 4b 43 5d 3f 00 00 00 00 00 00 00 33 4c fc 7a 3f f5 ae 49 be 00 00 00 00 f9 ae 61 bf ee 67 be bd 8c f3 ec be 00 00 00 00 0e 4e 9e 49 fc 48 9f 49 80 17 cd 4a 00 00 80 3f d2 95 a4 ca ed 3a dd 46 c3 24 85 4a
CAM frame=896 be 7e a5 ca 68 2b 2d 47 dd 81 85 4a 00 00 80 3f 78 af f1 be a0 cc 31 3e 4b 43 5d 3f 00 00 00 00 00 00 00 33 4c fc 7a 3f f5 ae 49 be 00 00 00 00 f9 ae 61 bf ee 67 be bd 8c f3 ec be 00 00 00 00 0e 4e 9e 49 fc 48 9f 49 80 17 cd 4a 00 00 80 3f d2 95 a4 ca ed 3a dd 46 c3 24 85 4a
CAM frame=897 be 7e a5 ca 68 2b 2d 47 dd 81 85 4a 00 00 80 3f 78 af f1 be a0 cc 31 3e 4b 43 5d 3f 00 00 00 00 00 00 00 33 4c fc 7a 3f f5 ae 49 be 00 00 00 00 f9 ae 61 bf ee 67 be bd 8c f3 ec be 00 00 00 00 0e 4e 9e 49 fc 48 9f 49 80 17 cd 4a 00 00 80 3f d2 95 a4 ca ed 3a dd 46 c3 24 85 4a
CAM frame=898 be 7e a5 ca 68 2b 2d 47 dd 81 85 4a 00 00 80 3f 78 af f1 be a0 cc 31 3e 4b 43 5d 3f 00 00 00 00 00 00 00 33 4c fc 7a 3f f5 ae 49 be 00 00 00 00 f9 ae 61 bf ee 67 be bd 8c f3 ec be 00 00 00 00 0e 4e 9e 49 fc 48 9f 49 80 17 cd 4a 00 00 80 3f d2 95 a4 ca ed 3a dd 46 c3 24 85 4a
CAM frame=899 be 7e a5 ca 68 2b 2d 47 dd 81 85 4a 00 00 80 3f 78 af f1 be a0 cc 31 3e 4b 43 5d 3f 00 00 00 00 00 00 00 33 4c fc 7a 3f f5 ae 49 be 00 00 00 00 f9 ae 61 bf ee 67 be bd 8c f3 ec be 00 00 00 00 0e 4e 9e 49 fc 48 9f 49 80 17 cd 4a 00 00 80 3f d2 95 a4 ca ed 3a dd 46 c3 24 85 4a
CAM frame=900 be 7e a5 ca 68 2b 2d 47 dd 81 85 4a 00 00 80 3f 78 af f1 be a0 cc 31 3e 4b 43 5d 3f 00 00 00 00 00 00 00 33 4c fc 7a 3f f5 ae 49 be 00 00 00 00 f9 ae 61 bf ee 67 be bd 8c f3 ec be 00 00 00 00 0e 4e 9e 49 fc 48 9f 49 80 17 cd 4a 00 00 80 3f d2 95 a4 ca ed 3a dd 46 c3 24 85 4a
CAM frame=901 be 7e a5 ca 68 2b 2d 47 dd 81 85 4a 00 00 80 3f 78 af f1 be a0 cc 31 3e 4b 43 5d 3f 00 00 00 00 00 00 00 33 4c fc 7a 3f f5 ae 49 be 00 00 00 00 f9 ae 61 bf ee 67 be bd 8c f3 ec be 00 00 00 00 0e 4e 9e 49 fc 48 9f 49 80 17 cd 4a 00 00 80 3f d2 95 a4 ca ed 3a dd 46 c3 24 85 4a
CAM frame=902 be 7e a5 ca 68 2b 2d 47 dd 81 85 4a 00 00 80 3f 78 af f1 be a0 cc 31 3e 4b 43 5d 3f 00 00 00 00 00 00 00 33 4c fc 7a 3f f5 ae 49 be 00 00 00 00 f9 ae 61 bf ee 67 be bd 8c f3 ec be 00 00 00 00 0e 4e 9e 49 fc 48 9f 49 80 17 cd 4a 00 00 80 3f d2 95 a4 ca ed 3a dd 46 c3 24 85 4a
CAM frame=903 be 7e a5 ca 68 2b 2d 47 dd 81 85 4a 00 00 80 3f 78 af f1 be a0 cc 31 3e 4b 43 5d 3f 00 00 00 00 00 00 00 33 4c fc 7a 3f f5 ae 49 be 00 00 00 00 f9 ae 61 bf ee 67 be bd 8c f3 ec be 00 00 00 00 0e 4e 9e 49 fc 48 9f 49 80 17 cd 4a 00 00 80 3f d2 95 a4 ca ed 3a dd 46 c3 24 85 4a
CAM frame=904 be 7e a5 ca 68 2b 2d 47 dd 81 85 4a 00 00 80 3f 78 af f1 be a0 cc 31 3e 4b 43 5d 3f 00 00 00 00 00 00 00 33 4c fc 7a 3f f5 ae 49 be 00 00 00 00 f9 ae 61 bf ee 67 be bd 8c f3 ec be 00 00 00 00 0e 4e 9e 49 fc 48 9f 49 80 17 cd 4a 00 00 80 3f d2 95 a4 ca ed 3a dd 46 c3 24 85 4a
CAM frame=905 be 7e a5 ca 68 2b 2d 47 dd 81 85 4a 00 00 80 3f 78 af f1 be a0 cc 31 3e 4b 43 5d 3f 00 00 00 00 00 00 00 33 4c fc 7a 3f f5 ae 49 be 00 00 00 00 f9 ae 61 bf ee 67 be bd 8c f3 ec be 00 00 00 00 0e 4e 9e 49 fc 48 9f 49 80 17 cd 4a 00 00 80 3f d2 95 a4 ca ed 3a dd 46 c3 24 85 4a
CAM frame=906 be 7e a5 ca 68 2b 2d 47 dd 81 85 4a 00 00 80 3f 78 af f1 be a0 cc 31 3e 4b 43 5d 3f 00 00 00 00 00 00 00 33 4c fc 7a 3f f5 ae 49 be 00 00 00 00 f9 ae 61 bf ee 67 be bd 8c f3 ec be 00 00 00 00 0e 4e 9e 49 fc 48 9f 49 80 17 cd 4a 00 00 80 3f d2 95 a4 ca ed 3a dd 46 c3 24 85 4a
CAM frame=907 be 7e a5 ca 68 2b 2d 47 dd 81 85 4a 00 00 80 3f 78 af f1 be a0 cc 31 3e 4b 43 5d 3f 00 00 00 00 00 00 00 33 4c fc 7a 3f f5 ae 49 be 00 00 00 00 f9 ae 61 bf ee 67 be bd 8c f3 ec be 00 00 00 00 0e 4e 9e 49 fc 48 9f 49 80 17 cd 4a 00 00 80 3f d2 95 a4 ca ed 3a dd 46 c3 24 85 4a
CAM frame=908 be 7e a5 ca 68 2b 2d 47 dd 81 85 4a 00 00 80 3f 78 af f1 be a0 cc 31 3e 4b 43 5d 3f 00 00 00 00 00 00 00 33 4c fc 7a 3f f5 ae 49 be 00 00 00 00 f9 ae 61 bf ee 67 be bd 8c f3 ec be 00 00 00 00 0e 4e 9e 49 fc 48 9f 49 80 17 cd 4a 00 00 80 3f d2 95 a4 ca ed 3a dd 46 c3 24 85 4a
CAM frame=909 be 7e a5 ca 68 2b 2d 47 dd 81 85 4a 00 00 80 3f 78 af f1 be a0 cc 31 3e 4b 43 5d 3f 00 00 00 00 00 00 00 33 4c fc 7a 3f f5 ae 49 be 00 00 00 00 f9 ae 61 bf ee 67 be bd 8c f3 ec be 00 00 00 00 0e 4e 9e 49 fc 48 9f 49 80 17 cd 4a 00 00 80 3f d2 95 a4 ca ed 3a dd 46 c3 24 85 4a
CAM frame=910 be 7e a5 ca 68 2b 2d 47 dd 81 85 4a 00 00 80 3f 78 af f1 be a0 cc 31 3e 4b 43 5d 3f 00 00 00 00 00 00 00 33 4c fc 7a 3f f5 ae 49 be 00 00 00 00 f9 ae 61 bf ee 67 be bd 8c f3 ec be 00 00 00 00 0e 4e 9e 49 fc 48 9f 49 80 17 cd 4a 00 00 80 3f d2 95 a4 ca ed 3a dd 46 c3 24 85 4a
CAM frame=911 be 7e a5 ca 68 2b 2d 47 dd 81 85 4a 00 00 80 3f 78 af f1 be a0 cc 31 3e 4b 43 5d 3f 00 00 00 00 00 00 00 33 4c fc 7a 3f f5 ae 49 be 00 00 00 00 f9 ae 61 bf ee 67 be bd 8c f3 ec be 00 00 00 00 0e 4e 9e 49 fc 48 9f 49 80 17 cd 4a 00 00 80 3f d2 95 a4 ca ed 3a dd 46 c3 24 85 4a
CAM frame=912 be 7e a5 ca 68 2b 2d 47 dd 81 85 4a 00 00 80 3f 78 af f1 be a0 cc 31 3e 4b 43 5d 3f 00 00 00 00 00 00 00 33 4c fc 7a 3f f5 ae 49 be 00 00 00 00 f9 ae 61 bf ee 67 be bd 8c f3 ec be 00 00 00 00 0e 4e 9e 49 fc 48 9f 49 80 17 cd 4a 00 00 80 3f d2 95 a4 ca ed 3a dd 46 c3 24 85 4a
CAM frame=913 be 7e a5 ca 68 2b 2d 47 dd 81 85 4a 00 00 80 3f 78 af f1 be a0 cc 31 3e 4b 43 5d 3f 00 00 00 00 00 00 00 33 4c fc 7a 3f f5 ae 49 be 00 00 00 00 f9 ae 61 bf ee 67 be bd 8c f3 ec be 00 00 00 00 0e 4e 9e 49 fc 48 9f 49 80 17 cd 4a 00 00 80 3f d2 95 a4 ca ed 3a dd 46 c3 24 85 4a
CAM frame=914 be 7e a5 ca 68 2b 2d 47 dd 81 85 4a 00 00 80 3f 78 af f1 be a0 cc 31 3e 4b 43 5d 3f 00 00 00 00 00 00 00 33 4c fc 7a 3f f5 ae 49 be 00 00 00 00 f9 ae 61 bf ee 67 be bd 8c f3 ec be 00 00 00 00 0e 4e 9e 49 fc 48 9f 49 80 17 cd 4a 00 00 80 3f d2 95 a4 ca ed 3a dd 46 c3 24 85 4a
CAM frame=915 be 7e a5 ca 68 2b 2d 47 dd 81 85 4a 00 00 80 3f 78 af f1 be a0 cc 31 3e 4b 43 5d 3f 00 00 00 00 00 00 00 33 4c fc 7a 3f f5 ae 49 be 00 00 00 00 f9 ae 61 bf ee 67 be bd 8c f3 ec be 00 00 00 00 0e 4e 9e 49 fc 48 9f 49 80 17 cd 4a 00 00 80 3f d2 95 a4 ca ed 3a dd 46 c3 24 85 4a
CAM frame=916 be 7e a5 ca 68 2b 2d 47 dd 81 85 4a 00 00 80 3f 78 af f1 be a0 cc 31 3e 4b 43 5d 3f 00 00 00 00 00 00 00 33 4c fc 7a 3f f5 ae 49 be 00 00 00 00 f9 ae 61 bf ee 67 be bd 8c f3 ec be 00 00 00 00 0e 4e 9e 49 fc 48 9f 49 80 17 cd 4a 00 00 80 3f d2 95 a4 ca ed 3a dd 46 c3 24 85 4a
CAM frame=917 be 7e a5 ca 68 2b 2d 47 dd 81 85 4a 00 00 80 3f 78 af f1 be a0 cc 31 3e 4b 43 5d 3f 00 00 00 00 00 00 00 33 4c fc 7a 3f f5 ae 49 be 00 00 00 00 f9 ae 61 bf ee 67 be bd 8c f3 ec be 00 00 00 00 0e 4e 9e 49 fc 48 9f 49 80 17 cd 4a 00 00 80 3f d2 95 a4 ca ed 3a dd 46 c3 24 85 4a
CAM frame=918 be 7e a5 ca 68 2b 2d 47 dd 81 85 4a 00 00 80 3f 78 af f1 be a0 cc 31 3e 4b 43 5d 3f 00 00 00 00 00 00 00 33 4c fc 7a 3f f5 ae 49 be 00 00 00 00 f9 ae 61 bf ee 67 be bd 8c f3 ec be 00 00 00 00 0e 4e 9e 49 fc 48 9f 49 80 17 cd 4a 00 00 80 3f d2 95 a4 ca ed 3a dd 46 c3 24 85 4a
CAM frame=919 be 7e a5 ca 68 2b 2d 47 dd 81 85 4a 00 00 80 3f 78 af f1 be a0 cc 31 3e 4b 43 5d 3f 00 00 00 00 00 00 00 33 4c fc 7a 3f f5 ae 49 be 00 00 00 00 f9 ae 61 bf ee 67 be bd 8c f3 ec be 00 00 00 00 0e 4e 9e 49 fc 48 9f 49 80 17 cd 4a 00 00 80 3f d2 95 a4 ca ed 3a dd 46 c3 24 85 4a
CAM frame=920 be 7e a5 ca 68 2b 2d 47 dd 81 85 4a 00 00 80 3f 78 af f1 be a0 cc 31 3e 4b 43 5d 3f 00 00 00 00 00 00 00 33 4c fc 7a 3f f5 ae 49 be 00 00 00 00 f9 ae 61 bf ee 67 be bd 8c f3 ec be 00 00 00 00 0e 4e 9e 49 fc 48 9f 49 80 17 cd 4a 00 00 80 3f d2 95 a4 ca ed 3a dd 46 c3 24 85 4a
CAM frame=921 be 7e a5 ca 68 2b 2d 47 dd 81 85 4a 00 00 80 3f 78 af f1 be a0 cc 31 3e 4b 43 5d 3f 00 00 00 00 00 00 00 33 4c fc 7a 3f f5 ae 49 be 00 00 00 00 f9 ae 61 bf ee 67 be bd 8c f3 ec be 00 00 00 00 0e 4e 9e 49 fc 48 9f 49 80 17 cd 4a 00 00 80 3f d2 95 a4 ca ed 3a dd 46 c3 24 85 4a
CAM frame=922 be 7e a5 ca 68 2b 2d 47 dd 81 85 4a 00 00 80 3f 78 af f1 be a0 cc 31 3e 4b 43 5d 3f 00 00 00 00 00 00 00 33 4c fc 7a 3f f5 ae 49 be 00 00 00 00 f9 ae 61 bf ee 67 be bd 8c f3 ec be 00 00 00 00 0e 4e 9e 49 fc 48 9f 49 80 17 cd 4a 00 00 80 3f d2 95 a4 ca ed 3a dd 46 c3 24 85 4a
CAM frame=923 be 7e a5 ca 68 2b 2d 47 dd 81 85 4a 00 00 80 3f 78 af f1 be a0 cc 31 3e 4b 43 5d 3f 00 00 00 00 00 00 00 33 4c fc 7a 3f f5 ae 49 be 00 00 00 00 f9 ae 61 bf ee 67 be bd 8c f3 ec be 00 00 00 00 0e 4e 9e 49 fc 48 9f 49 80 17 cd 4a 00 00 80 3f d2 95 a4 ca ed 3a dd 46 c3 24 85 4a
CAM frame=924 be 7e a5 ca 68 2b 2d 47 dd 81 85 4a 00 00 80 3f 78 af f1 be a0 cc 31 3e 4b 43 5d 3f 00 00 00 00 00 00 00 33 4c fc 7a 3f f5 ae 49 be 00 00 00 00 f9 ae 61 bf ee 67 be bd 8c f3 ec be 00 00 00 00 0e 4e 9e 49 fc 48 9f 49 80 17 cd 4a 00 00 80 3f d2 95 a4 ca ed 3a dd 46 c3 24 85 4a
CAM frame=925 be 7e a5 ca 68 2b 2d 47 dd 81 85 4a 00 00 80 3f 78 af f1 be a0 cc 31 3e 4b 43 5d 3f 00 00 00 00 00 00 00 33 4c fc 7a 3f f5 ae 49 be 00 00 00 00 f9 ae 61 bf ee 67 be bd 8c f3 ec be 00 00 00 00 0e 4e 9e 49 fc 48 9f 49 80 17 cd 4a 00 00 80 3f d2 95 a4 ca ed 3a dd 46 c3 24 85 4a
CAM frame=926 be 7e a5 ca 68 2b 2d 47 dd 81 85 4a 00 00 80 3f 78 af f1 be a0 cc 31 3e 4b 43 5d 3f 00 00 00 00 00 00 00 33 4c fc 7a 3f f5 ae 49 be 00 00 00 00 f9 ae 61 bf ee 67 be bd 8c f3 ec be 00 00 00 00 0e 4e 9e 49 fc 48 9f 49 80 17 cd 4a 00 00 80 3f d2 95 a4 ca ed 3a dd 46 c3 24 85 4a
CAM frame=927 be 7e a5 ca 68 2b 2d 47 dd 81 85 4a 00 00 80 3f 78 af f1 be a0 cc 31 3e 4b 43 5d 3f 00 00 00 00 00 00 00 33 4c fc 7a 3f f5 ae 49 be 00 00 00 00 f9 ae 61 bf ee 67 be bd 8c f3 ec be 00 00 00 00 0e 4e 9e 49 fc 48 9f 49 80 17 cd 4a 00 00 80 3f d2 95 a4 ca ed 3a dd 46 c3 24 85 4a
CAM frame=928 be 7e a5 ca 68 2b 2d 47 dd 81 85 4a 00 00 80 3f 78 af f1 be a0 cc 31 3e 4b 43 5d 3f 00 00 00 00 00 00 00 33 4c fc 7a 3f f5 ae 49 be 00 00 00 00 f9 ae 61 bf ee 67 be bd 8c f3 ec be 00 00 00 00 0e 4e 9e 49 fc 48 9f 49 80 17 cd 4a 00 00 80 3f d2 95 a4 ca ed 3a dd 46 c3 24 85 4a
CAM frame=929 be 7e a5 ca 68 2b 2d 47 dd 81 85 4a 00 00 80 3f 78 af f1 be a0 cc 31 3e 4b 43 5d 3f 00 00 00 00 00 00 00 33 4c fc 7a 3f f5 ae 49 be 00 00 00 00 f9 ae 61 bf ee 67 be bd 8c f3 ec be 00 00 00 00 0e 4e 9e 49 fc 48 9f 49 80 17 cd 4a 00 00 80 3f d2 95 a4 ca ed 3a dd 46 c3 24 85 4a
CAM frame=930 be 7e a5 ca 68 2b 2d 47 dd 81 85 4a 00 00 80 3f 78 af f1 be a0 cc 31 3e 4b 43 5d 3f 00 00 00 00 00 00 00 33 4c fc 7a 3f f5 ae 49 be 00 00 00 00 f9 ae 61 bf ee 67 be bd 8c f3 ec be 00 00 00 00 0e 4e 9e 49 fc 48 9f 49 80 17 cd 4a 00 00 80 3f d2 95 a4 ca ed 3a dd 46 c3 24 85 4a
CAM frame=931 be 7e a5 ca 68 2b 2d 47 dd 81 85 4a 00 00 80 3f 78 af f1 be a0 cc 31 3e 4b 43 5d 3f 00 00 00 00 00 00 00 33 4c fc 7a 3f f5 ae 49 be 00 00 00 00 f9 ae 61 bf ee 67 be bd 8c f3 ec be 00 00 00 00 0e 4e 9e 49 fc 48 9f 49 80 17 cd 4a 00 00 80 3f d2 95 a4 ca ed 3a dd 46 c3 24 85 4a
CAM frame=932 be 7e a5 ca 68 2b 2d 47 dd 81 85 4a 00 00 80 3f 78 af f1 be a0 cc 31 3e 4b 43 5d 3f 00 00 00 00 00 00 00 33 4c fc 7a 3f f5 ae 49 be 00 00 00 00 f9 ae 61 bf ee 67 be bd 8c f3 ec be 00 00 00 00 0e 4e 9e 49 fc 48 9f 49 80 17 cd 4a 00 00 80 3f d2 95 a4 ca ed 3a dd 46 c3 24 85 4a
CAM frame=933 be 7e a5 ca 68 2b 2d 47 dd 81 85 4a 00 00 80 3f 78 af f1 be a0 cc 31 3e 4b 43 5d 3f 00 00 00 00 00 00 00 33 4c fc 7a 3f f5 ae 49 be 00 00 00 00 f9 ae 61 bf ee 67 be bd 8c f3 ec be 00 00 00 00 0e 4e 9e 49 fc 48 9f 49 80 17 cd 4a 00 00 80 3f d2 95 a4 ca ed 3a dd 46 c3 24 85 4a
CAM frame=934 be 7e a5 ca 68 2b 2d 47 dd 81 85 4a 00 00 80 3f 78 af f1 be a0 cc 31 3e 4b 43 5d 3f 00 00 00 00 00 00 00 33 4c fc 7a 3f f5 ae 49 be 00 00 00 00 f9 ae 61 bf ee 67 be bd 8c f3 ec be 00 00 00 00 0e 4e 9e 49 fc 48 9f 49 80 17 cd 4a 00 00 80 3f d2 95 a4 ca ed 3a dd 46 c3 24 85 4a
CAM frame=935 be 7e a5 ca 68 2b 2d 47 dd 81 85 4a 00 00 80 3f 78 af f1 be a0 cc 31 3e 4b 43 5d 3f 00 00 00 00 00 00 00 33 4c fc 7a 3f f5 ae 49 be 00 00 00 00 f9 ae 61 bf ee 67 be bd 8c f3 ec be 00 00 00 00 0e 4e 9e 49 fc 48 9f 49 80 17 cd 4a 00 00 80 3f d2 95 a4 ca ed 3a dd 46 c3 24 85 4a
CAM frame=936 be 7e a5 ca 68 2b 2d 47 dd 81 85 4a 00 00 80 3f 78 af f1 be a0 cc 31 3e 4b 43 5d 3f 00 00 00 00 00 00 00 33 4c fc 7a 3f f5 ae 49 be 00 00 00 00 f9 ae 61 bf ee 67 be bd 8c f3 ec be 00 00 00 00 0e 4e 9e 49 fc 48 9f 49 80 17 cd 4a 00 00 80 3f d2 95 a4 ca ed 3a dd 46 c3 24 85 4a
CAM frame=937 be 7e a5 ca 68 2b 2d 47 dd 81 85 4a 00 00 80 3f 78 af f1 be a0 cc 31 3e 4b 43 5d 3f 00 00 00 00 00 00 00 33 4c fc 7a 3f f5 ae 49 be 00 00 00 00 f9 ae 61 bf ee 67 be bd 8c f3 ec be 00 00 00 00 0e 4e 9e 49 fc 48 9f 49 80 17 cd 4a 00 00 80 3f d2 95 a4 ca ed 3a dd 46 c3 24 85 4a
CAM frame=938 be 7e a5 ca 68 2b 2d 47 dd 81 85 4a 00 00 80 3f 78 af f1 be a0 cc 31 3e 4b 43 5d 3f 00 00 00 00 00 00 00 33 4c fc 7a 3f f5 ae 49 be 00 00 00 00 f9 ae 61 bf ee 67 be bd 8c f3 ec be 00 00 00 00 0e 4e 9e 49 fc 48 9f 49 80 17 cd 4a 00 00 80 3f d2 95 a4 ca ed 3a dd 46 c3 24 85 4a
CAM frame=939 be 7e a5 ca 68 2b 2d 47 dd 81 85 4a 00 00 80 3f 78 af f1 be a0 cc 31 3e 4b 43 5d 3f 00 00 00 00 00 00 00 33 4c fc 7a 3f f5 ae 49 be 00 00 00 00 f9 ae 61 bf ee 67 be bd 8c f3 ec be 00 00 00 00 0e 4e 9e 49 fc 48 9f 49 80 17 cd 4a 00 00 80 3f d2 95 a4 ca ed 3a dd 46 c3 24 85 4a
CAM frame=940 be 7e a5 ca 68 2b 2d 47 dd 81 85 4a 00 00 80 3f 78 af f1 be a0 cc 31 3e 4b 43 5d 3f 00 00 00 00 00 00 00 33 4c fc 7a 3f f5 ae 49 be 00 00 00 00 f9 ae 61 bf ee 67 be bd 8c f3 ec be 00 00 00 00 0e 4e 9e 49 fc 48 9f 49 80 17 cd 4a 00 00 80 3f d2 95 a4 ca ed 3a dd 46 c3 24 85 4a
CAM frame=941 be 7e a5 ca 68 2b 2d 47 dd 81 85 4a 00 00 80 3f 78 af f1 be a0 cc 31 3e 4b 43 5d 3f 00 00 00 00 00 00 00 33 4c fc 7a 3f f5 ae 49 be 00 00 00 00 f9 ae 61 bf ee 67 be bd 8c f3 ec be 00 00 00 00 0e 4e 9e 49 fc 48 9f 49 80 17 cd 4a 00 00 80 3f d2 95 a4 ca ed 3a dd 46 c3 24 85 4a
CAM frame=942 be 7e a5 ca 68 2b 2d 47 dd 81 85 4a 00 00 80 3f 78 af f1 be a0 cc 31 3e 4b 43 5d 3f 00 00 00 00 00 00 00 33 4c fc 7a 3f f5 ae 49 be 00 00 00 00 f9 ae 61 bf ee 67 be bd 8c f3 ec be 00 00 00 00 0e 4e 9e 49 fc 48 9f 49 80 17 cd 4a 00 00 80 3f d2 95 a4 ca ed 3a dd 46 c3 24 85 4a
CAM frame=943 be 7e a5 ca 68 2b 2d 47 dd 81 85 4a 00 00 80 3f 78 af f1 be a0 cc 31 3e 4b 43 5d 3f 00 00 00 00 00 00 00 33 4c fc 7a 3f f5 ae 49 be 00 00 00 00 f9 ae 61 bf ee 67 be bd 8c f3 ec be 00 00 00 00 0e 4e 9e 49 fc 48 9f 49 80 17 cd 4a 00 00 80 3f d2 95 a4 ca ed 3a dd 46 c3 24 85 4a
CAM frame=944 be 7e a5 ca 68 2b 2d 47 dd 81 85 4a 00 00 80 3f 78 af f1 be a0 cc 31 3e 4b 43 5d 3f 00 00 00 00 00 00 00 33 4c fc 7a 3f f5 ae 49 be 00 00 00 00 f9 ae 61 bf ee 67 be bd 8c f3 ec be 00 00 00 00 0e 4e 9e 49 fc 48 9f 49 80 17 cd 4a 00 00 80 3f d2 95 a4 ca ed 3a dd 46 c3 24 85 4a
CAM frame=945 be 7e a5 ca 68 2b 2d 47 dd 81 85 4a 00 00 80 3f 78 af f1 be a0 cc 31 3e 4b 43 5d 3f 00 00 00 00 00 00 00 33 4c fc 7a 3f f5 ae 49 be 00 00 00 00 f9 ae 61 bf ee 67 be bd 8c f3 ec be 00 00 00 00 0e 4e 9e 49 fc 48 9f 49 80 17 cd 4a 00 00 80 3f d2 95 a4 ca ed 3a dd 46 c3 24 85 4a
CAM frame=946 be 7e a5 ca 68 2b 2d 47 dd 81 85 4a 00 00 80 3f 78 af f1 be a0 cc 31 3e 4b 43 5d 3f 00 00 00 00 00 00 00 33 4c fc 7a 3f f5 ae 49 be 00 00 00 00 f9 ae 61 bf ee 67 be bd 8c f3 ec be 00 00 00 00 0e 4e 9e 49 fc 48 9f 49 80 17 cd 4a 00 00 80 3f d2 95 a4 ca ed 3a dd 46 c3 24 85 4a
CAM frame=947 be 7e a5 ca 68 2b 2d 47 dd 81 85 4a 00 00 80 3f 78 af f1 be a0 cc 31 3e 4b 43 5d 3f 00 00 00 00 00 00 00 33 4c fc 7a 3f f5 ae 49 be 00 00 00 00 f9 ae 61 bf ee 67 be bd 8c f3 ec be 00 00 00 00 0e 4e 9e 49 fc 48 9f 49 80 17 cd 4a 00 00 80 3f d2 95 a4 ca ed 3a dd 46 c3 24 85 4a
CAM frame=948 be 7e a5 ca 68 2b 2d 47 dd 81 85 4a 00 00 80 3f 78 af f1 be a0 cc 31 3e 4b 43 5d 3f 00 00 00 00 00 00 00 33 4c fc 7a 3f f5 ae 49 be 00 00 00 00 f9 ae 61 bf ee 67 be bd 8c f3 ec be 00 00 00 00 0e 4e 9e 49 fc 48 9f 49 80 17 cd 4a 00 00 80 3f d2 95 a4 ca ed 3a dd 46 c3 24 85 4a
CAM frame=949 be 7e a5 ca 68 2b 2d 47 dd 81 85 4a 00 00 80 3f 78 af f1 be a0 cc 31 3e 4b 43 5d 3f 00 00 00 00 00 00 00 33 4c fc 7a 3f f5 ae 49 be 00 00 00 00 f9 ae 61 bf ee 67 be bd 8c f3 ec be 00 00 00 00 0e 4e 9e 49 fc 48 9f 49 80 17 cd 4a 00 00 80 3f d2 95 a4 ca ed 3a dd 46 c3 24 85 4a
CAM frame=950 be 7e a5 ca 68 2b 2d 47 dd 81 85 4a 00 00 80 3f 78 af f1 be a0 cc 31 3e 4b 43 5d 3f 00 00 00 00 00 00 00 33 4c fc 7a 3f f5 ae 49 be 00 00 00 00 f9 ae 61 bf ee 67 be bd 8c f3 ec be 00 00 00 00 0e 4e 9e 49 fc 48 9f 49 80 17 cd 4a 00 00 80 3f d2 95 a4 ca ed 3a dd 46 c3 24 85 4a
CAM frame=951 be 7e a5 ca 68 2b 2d 47 dd 81 85 4a 00 00 80 3f 78 af f1 be a0 cc 31 3e 4b 43 5d 3f 00 00 00 00 00 00 00 33 4c fc 7a 3f f5 ae 49 be 00 00 00 00 f9 ae 61 bf ee 67 be bd 8c f3 ec be 00 00 00 00 0e 4e 9e 49 fc 48 9f 49 80 17 cd 4a 00 00 80 3f d2 95 a4 ca ed 3a dd 46 c3 24 85 4a
CAM frame=952 be 7e a5 ca 68 2b 2d 47 dd 81 85 4a 00 00 80 3f 78 af f1 be a0 cc 31 3e 4b 43 5d 3f 00 00 00 00 00 00 00 33 4c fc 7a 3f f5 ae 49 be 00 00 00 00 f9 ae 61 bf ee 67 be bd 8c f3 ec be 00 00 00 00 0e 4e 9e 49 fc 48 9f 49 80 17 cd 4a 00 00 80 3f d2 95 a4 ca ed 3a dd 46 c3 24 85 4a
CAM frame=953 be 7e a5 ca 68 2b 2d 47 dd 81 85 4a 00 00 80 3f 78 af f1 be a0 cc 31 3e 4b 43 5d 3f 00 00 00 00 00 00 00 33 4c fc 7a 3f f5 ae 49 be 00 00 00 00 f9 ae 61 bf ee 67 be bd 8c f3 ec be 00 00 00 00 0e 4e 9e 49 fc 48 9f 49 80 17 cd 4a 00 00 80 3f d2 95 a4 ca ed 3a dd 46 c3 24 85 4a
CAM frame=954 be 7e a5 ca 68 2b 2d 47 dd 81 85 4a 00 00 80 3f 78 af f1 be a0 cc 31 3e 4b 43 5d 3f 00 00 00 00 00 00 00 33 4c fc 7a 3f f5 ae 49 be 00 00 00 00 f9 ae 61 bf ee 67 be bd 8c f3 ec be 00 00 00 00 0e 4e 9e 49 fc 48 9f 49 80 17 cd 4a 00 00 80 3f d2 95 a4 ca ed 3a dd 46 c3 24 85 4a
CAM frame=955 be 7e a5 ca 68 2b 2d 47 dd 81 85 4a 00 00 80 3f 78 af f1 be a0 cc 31 3e 4b 43 5d 3f 00 00 00 00 00 00 00 33 4c fc 7a 3f f5 ae 49 be 00 00 00 00 f9 ae 61 bf ee 67 be bd 8c f3 ec be 00 00 00 00 0e 4e 9e 49 fc 48 9f 49 80 17 cd 4a 00 00 80 3f d2 95 a4 ca ed 3a dd 46 c3 24 85 4a
CAM frame=956 be 7e a5 ca 68 2b 2d 47 dd 81 85 4a 00 00 80 3f 78 af f1 be a0 cc 31 3e 4b 43 5d 3f 00 00 00 00 00 00 00 33 4c fc 7a 3f f5 ae 49 be 00 00 00 00 f9 ae 61 bf ee 67 be bd 8c f3 ec be 00 00 00 00 0e 4e 9e 49 fc 48 9f 49 80 17 cd 4a 00 00 80 3f d2 95 a4 ca ed 3a dd 46 c3 24 85 4a
CAM frame=957 be 7e a5 ca 68 2b 2d 47 dd 81 85 4a 00 00 80 3f 78 af f1 be a0 cc 31 3e 4b 43 5d 3f 00 00 00 00 00 00 00 33 4c fc 7a 3f f5 ae 49 be 00 00 00 00 f9 ae 61 bf ee 67 be bd 8c f3 ec be 00 00 00 00 0e 4e 9e 49 fc 48 9f 49 80 17 cd 4a 00 00 80 3f d2 95 a4 ca ed 3a dd 46 c3 24 85 4a
CAM frame=958 be 7e a5 ca 68 2b 2d 47 dd 81 85 4a 00 00 80 3f 78 af f1 be a0 cc 31 3e 4b 43 5d 3f 00 00 00 00 00 00 00 33 4c fc 7a 3f f5 ae 49 be 00 00 00 00 f9 ae 61 bf ee 67 be bd 8c f3 ec be 00 00 00 00 0e 4e 9e 49 fc 48 9f 49 80 17 cd 4a 00 00 80 3f d2 95 a4 ca ed 3a dd 46 c3 24 85 4a
CAM frame=959 be 7e a5 ca 68 2b 2d 47 dd 81 85 4a 00 00 80 3f 78 af f1 be a0 cc 31 3e 4b 43 5d 3f 00 00 00 00 00 00 00 33 4c fc 7a 3f f5 ae 49 be 00 00 00 00 f9 ae 61 bf ee 67 be bd 8c f3 ec be 00 00 00 00 0e 4e 9e 49 fc 48 9f 49 80 17 cd 4a 00 00 80 3f d2 95 a4 ca ed 3a dd 46 c3 24 85 4a
CAM frame=960 be 7e a5 ca 68 2b 2d 47 dd 81 85 4a 00 00 80 3f 78 af f1 be a0 cc 31 3e 4b 43 5d 3f 00 00 00 00 00 00 00 33 4c fc 7a 3f f5 ae 49 be 00 00 00 00 f9 ae 61 bf ee 67 be bd 8c f3 ec be 00 00 00 00 0e 4e 9e 49 fc 48 9f 49 80 17 cd 4a 00 00 80 3f d2 95 a4 ca ed 3a dd 46 c3 24 85 4a
CAM frame=961 be 7e a5 ca 68 2b 2d 47 dd 81 85 4a 00 00 80 3f 78 af f1 be a0 cc 31 3e 4b 43 5d 3f 00 00 00 00 00 00 00 33 4c fc 7a 3f f5 ae 49 be 00 00 00 00 f9 ae 61 bf ee 67 be bd 8c f3 ec be 00 00 00 00 0e 4e 9e 49 fc 48 9f 49 80 17 cd 4a 00 00 80 3f d2 95 a4 ca ed 3a dd 46 c3 24 85 4a
CAM frame=962 be 7e a5 ca 68 2b 2d 47 dd 81 85 4a 00 00 80 3f 78 af f1 be a0 cc 31 3e 4b 43 5d 3f 00 00 00 00 00 00 00 33 4c fc 7a 3f f5 ae 49 be 00 00 00 00 f9 ae 61 bf ee 67 be bd 8c f3 ec be 00 00 00 00 0e 4e 9e 49 fc 48 9f 49 80 17 cd 4a 00 00 80 3f d2 95 a4 ca ed 3a dd 46 c3 24 85 4a
CAM frame=963 be 7e a5 ca 68 2b 2d 47 dd 81 85 4a 00 00 80 3f 78 af f1 be a0 cc 31 3e 4b 43 5d 3f 00 00 00 00 00 00 00 33 4c fc 7a 3f f5 ae 49 be 00 00 00 00 f9 ae 61 bf ee 67 be bd 8c f3 ec be 00 00 00 00 0e 4e 9e 49 fc 48 9f 49 80 17 cd 4a 00 00 80 3f d2 95 a4 ca ed 3a dd 46 c3 24 85 4a
CAM frame=964 be 7e a5 ca 68 2b 2d 47 dd 81 85 4a 00 00 80 3f 78 af f1 be a0 cc 31 3e 4b 43 5d 3f 00 00 00 00 00 00 00 33 4c fc 7a 3f f5 ae 49 be 00 00 00 00 f9 ae 61 bf ee 67 be bd 8c f3 ec be 00 00 00 00 0e 4e 9e 49 fc 48 9f 49 80 17 cd 4a 00 00 80 3f d2 95 a4 ca ed 3a dd 46 c3 24 85 4a
CAM frame=965 be 7e a5 ca 68 2b 2d 47 dd 81 85 4a 00 00 80 3f 78 af f1 be a0 cc 31 3e 4b 43 5d 3f 00 00 00 00 00 00 00 33 4c fc 7a 3f f5 ae 49 be 00 00 00 00 f9 ae 61 bf ee 67 be bd 8c f3 ec be 00 00 00 00 0e 4e 9e 49 fc 48 9f 49 80 17 cd 4a 00 00 80 3f d2 95 a4 ca ed 3a dd 46 c3 24 85 4a
CAM frame=966 be 7e a5 ca 68 2b 2d 47 dd 81 85 4a 00 00 80 3f 78 af f1 be a0 cc 31 3e 4b 43 5d 3f 00 00 00 00 00 00 00 33 4c fc 7a 3f f5 ae 49 be 00 00 00 00 f9 ae 61 bf ee 67 be bd 8c f3 ec be 00 00 00 00 0e 4e 9e 49 fc 48 9f 49 80 17 cd 4a 00 00 80 3f d2 95 a4 ca ed 3a dd 46 c3 24 85 4a
CAM frame=967 be 7e a5 ca 68 2b 2d 47 dd 81 85 4a 00 00 80 3f 78 af f1 be a0 cc 31 3e 4b 43 5d 3f 00 00 00 00 00 00 00 33 4c fc 7a 3f f5 ae 49 be 00 00 00 00 f9 ae 61 bf ee 67 be bd 8c f3 ec be 00 00 00 00 0e 4e 9e 49 fc 48 9f 49 80 17 cd 4a 00 00 80 3f d2 95 a4 ca ed 3a dd 46 c3 24 85 4a
CAM frame=968 be 7e a5 ca 68 2b 2d 47 dd 81 85 4a 00 00 80 3f 78 af f1 be a0 cc 31 3e 4b 43 5d 3f 00 00 00 00 00 00 00 33 4c fc 7a 3f f5 ae 49 be 00 00 00 00 f9 ae 61 bf ee 67 be bd 8c f3 ec be 00 00 00 00 0e 4e 9e 49 fc 48 9f 49 80 17 cd 4a 00 00 80 3f d2 95 a4 ca ed 3a dd 46 c3 24 85 4a
CAM frame=969 be 7e a5 ca 68 2b 2d 47 dd 81 85 4a 00 00 80 3f 78 af f1 be a0 cc 31 3e 4b 43 5d 3f 00 00 00 00 00 00 00 33 4c fc 7a 3f f5 ae 49 be 00 00 00 00 f9 ae 61 bf ee 67 be bd 8c f3 ec be 00 00 00 00 0e 4e 9e 49 fc 48 9f 49 80 17 cd 4a 00 00 80 3f d2 95 a4 ca ed 3a dd 46 c3 24 85 4a
CAM frame=970 be 7e a5 ca 68 2b 2d 47 dd 81 85 4a 00 00 80 3f 78 af f1 be a0 cc 31 3e 4b 43 5d 3f 00 00 00 00 00 00 00 33 4c fc 7a 3f f5 ae 49 be 00 00 00 00 f9 ae 61 bf ee 67 be bd 8c f3 ec be 00 00 00 00 0e 4e 9e 49 fc 48 9f 49 80 17 cd 4a 00 00 80 3f d2 95 a4 ca ed 3a dd 46 c3 24 85 4a
CAM frame=971 be 7e a5 ca 68 2b 2d 47 dd 81 85 4a 00 00 80 3f 78 af f1 be a0 cc 31 3e 4b 43 5d 3f 00 00 00 00 00 00 00 33 4c fc 7a 3f f5 ae 49 be 00 00 00 00 f9 ae 61 bf ee 67 be bd 8c f3 ec be 00 00 00 00 0e 4e 9e 49 fc 48 9f 49 80 17 cd 4a 00 00 80 3f d2 95 a4 ca ed 3a dd 46 c3 24 85 4a
CAM frame=972 be 7e a5 ca 68 2b 2d 47 dd 81 85 4a 00 00 80 3f 78 af f1 be a0 cc 31 3e 4b 43 5d 3f 00 00 00 00 00 00 00 33 4c fc 7a 3f f5 ae 49 be 00 00 00 00 f9 ae 61 bf ee 67 be bd 8c f3 ec be 00 00 00 00 0e 4e 9e 49 fc 48 9f 49 80 17 cd 4a 00 00 80 3f d2 95 a4 ca ed 3a dd 46 c3 24 85 4a
CAM frame=973 be 7e a5 ca 68 2b 2d 47 dd 81 85 4a 00 00 80 3f 78 af f1 be a0 cc 31 3e 4b 43 5d 3f 00 00 00 00 00 00 00 33 4c fc 7a 3f f5 ae 49 be 00 00 00 00 f9 ae 61 bf ee 67 be bd 8c f3 ec be 00 00 00 00 0e 4e 9e 49 fc 48 9f 49 80 17 cd 4a 00 00 80 3f d2 95 a4 ca ed 3a dd 46 c3 24 85 4a
CAM frame=974 be 7e a5 ca 68 2b 2d 47 dd 81 85 4a 00 00 80 3f 78 af f1 be a0 cc 31 3e 4b 43 5d 3f 00 00 00 00 00 00 00 33 4c fc 7a 3f f5 ae 49 be 00 00 00 00 f9 ae 61 bf ee 67 be bd 8c f3 ec be 00 00 00 00 0e 4e 9e 49 fc 48 9f 49 80 17 cd 4a 00 00 80 3f d2 95 a4 ca ed 3a dd 46 c3 24 85 4a
CAM frame=975 be 7e a5 ca 68 2b 2d 47 dd 81 85 4a 00 00 80 3f 78 af f1 be a0 cc 31 3e 4b 43 5d 3f 00 00 00 00 00 00 00 33 4c fc 7a 3f f5 ae 49 be 00 00 00 00 f9 ae 61 bf ee 67 be bd 8c f3 ec be 00 00 00 00 0e 4e 9e 49 fc 48 9f 49 80 17 cd 4a 00 00 80 3f d2 95 a4 ca ed 3a dd 46 c3 24 85 4a
CAM frame=976 be 7e a5 ca 68 2b 2d 47 dd 81 85 4a 00 00 80 3f 78 af f1 be a0 cc 31 3e 4b 43 5d 3f 00 00 00 00 00 00 00 33 4c fc 7a 3f f5 ae 49 be 00 00 00 00 f9 ae 61 bf ee 67 be bd 8c f3 ec be 00 00 00 00 0e 4e 9e 49 fc 48 9f 49 80 17 cd 4a 00 00 80 3f d2 95 a4 ca ed 3a dd 46 c3 24 85 4a
CAM frame=977 be 7e a5 ca 68 2b 2d 47 dd 81 85 4a 00 00 80 3f 78 af f1 be a0 cc 31 3e 4b 43 5d 3f 00 00 00 00 00 00 00 33 4c fc 7a 3f f5 ae 49 be 00 00 00 00 f9 ae 61 bf ee 67 be bd 8c f3 ec be 00 00 00 00 0e 4e 9e 49 fc 48 9f 49 80 17 cd 4a 00 00 80 3f d2 95 a4 ca ed 3a dd 46 c3 24 85 4a
CAM frame=978 be 7e a5 ca 68 2b 2d 47 dd 81 85 4a 00 00 80 3f 78 af f1 be a0 cc 31 3e 4b 43 5d 3f 00 00 00 00 00 00 00 33 4c fc 7a 3f f5 ae 49 be 00 00 00 00 f9 ae 61 bf ee 67 be bd 8c f3 ec be 00 00 00 00 0e 4e 9e 49 fc 48 9f 49 80 17 cd 4a 00 00 80 3f d2 95 a4 ca ed 3a dd 46 c3 24 85 4a
CAM frame=979 be 7e a5 ca 68 2b 2d 47 dd 81 85 4a 00 00 80 3f 78 af f1 be a0 cc 31 3e 4b 43 5d 3f 00 00 00 00 00 00 00 33 4c fc 7a 3f f5 ae 49 be 00 00 00 00 f9 ae 61 bf ee 67 be bd 8c f3 ec be 00 00 00 00 0e 4e 9e 49 fc 48 9f 49 80 17 cd 4a 00 00 80 3f d2 95 a4 ca ed 3a dd 46 c3 24 85 4a
CAM frame=980 be 7e a5 ca 68 2b 2d 47 dd 81 85 4a 00 00 80 3f 78 af f1 be a0 cc 31 3e 4b 43 5d 3f 00 00 00 00 00 00 00 33 4c fc 7a 3f f5 ae 49 be 00 00 00 00 f9 ae 61 bf ee 67 be bd 8c f3 ec be 00 00 00 00 0e 4e 9e 49 fc 48 9f 49 80 17 cd 4a 00 00 80 3f d2 95 a4 ca ed 3a dd 46 c3 24 85 4a
CAM frame=981 be 7e a5 ca 68 2b 2d 47 dd 81 85 4a 00 00 80 3f 78 af f1 be a0 cc 31 3e 4b 43 5d 3f 00 00 00 00 00 00 00 33 4c fc 7a 3f f5 ae 49 be 00 00 00 00 f9 ae 61 bf ee 67 be bd 8c f3 ec be 00 00 00 00 0e 4e 9e 49 fc 48 9f 49 80 17 cd 4a 00 00 80 3f d2 95 a4 ca ed 3a dd 46 c3 24 85 4a
CAM frame=982 be 7e a5 ca 68 2b 2d 47 dd 81 85 4a 00 00 80 3f 78 af f1 be a0 cc 31 3e 4b 43 5d 3f 00 00 00 00 00 00 00 33 4c fc 7a 3f f5 ae 49 be 00 00 00 00 f9 ae 61 bf ee 67 be bd 8c f3 ec be 00 00 00 00 0e 4e 9e 49 fc 48 9f 49 80 17 cd 4a 00 00 80 3f d2 95 a4 ca ed 3a dd 46 c3 24 85 4a
CAM frame=983 be 7e a5 ca 68 2b 2d 47 dd 81 85 4a 00 00 80 3f 78 af f1 be a0 cc 31 3e 4b 43 5d 3f 00 00 00 00 00 00 00 33 4c fc 7a 3f f5 ae 49 be 00 00 00 00 f9 ae 61 bf ee 67 be bd 8c f3 ec be 00 00 00 00 0e 4e 9e 49 fc 48 9f 49 80 17 cd 4a 00 00 80 3f d2 95 a4 ca ed 3a dd 46 c3 24 85 4a
CAM frame=984 be 7e a5 ca 68 2b 2d 47 dd 81 85 4a 00 00 80 3f 78 af f1 be a0 cc 31 3e 4b 43 5d 3f 00 00 00 00 00 00 00 33 4c fc 7a 3f f5 ae 49 be 00 00 00 00 f9 ae 61 bf ee 67 be bd 8c f3 ec be 00 00 00 00 0e 4e 9e 49 fc 48 9f 49 80 17 cd 4a 00 00 80 3f d2 95 a4 ca ed 3a dd 46 c3 24 85 4a
CAM frame=985 be 7e a5 ca 68 2b 2d 47 dd 81 85 4a 00 00 80 3f 78 af f1 be a0 cc 31 3e 4b 43 5d 3f 00 00 00 00 00 00 00 33 4c fc 7a 3f f5 ae 49 be 00 00 00 00 f9 ae 61 bf ee 67 be bd 8c f3 ec be 00 00 00 00 0e 4e 9e 49 fc 48 9f 49 80 17 cd 4a 00 00 80 3f d2 95 a4 ca ed 3a dd 46 c3 24 85 4a
CAM frame=986 be 7e a5 ca 68 2b 2d 47 dd 81 85 4a 00 00 80 3f 78 af f1 be a0 cc 31 3e 4b 43 5d 3f 00 00 00 00 00 00 00 33 4c fc 7a 3f f5 ae 49 be 00 00 00 00 f9 ae 61 bf ee 67 be bd 8c f3 ec be 00 00 00 00 0e 4e 9e 49 fc 48 9f 49 80 17 cd 4a 00 00 80 3f d2 95 a4 ca ed 3a dd 46 c3 24 85 4a
CAM frame=987 be 7e a5 ca 68 2b 2d 47 dd 81 85 4a 00 00 80 3f 78 af f1 be a0 cc 31 3e 4b 43 5d 3f 00 00 00 00 00 00 00 33 4c fc 7a 3f f5 ae 49 be 00 00 00 00 f9 ae 61 bf ee 67 be bd 8c f3 ec be 00 00 00 00 0e 4e 9e 49 fc 48 9f 49 80 17 cd 4a 00 00 80 3f d2 95 a4 ca ed 3a dd 46 c3 24 85 4a
CAM frame=988 be 7e a5 ca 68 2b 2d 47 dd 81 85 4a 00 00 80 3f 78 af f1 be a0 cc 31 3e 4b 43 5d 3f 00 00 00 00 00 00 00 33 4c fc 7a 3f f5 ae 49 be 00 00 00 00 f9 ae 61 bf ee 67 be bd 8c f3 ec be 00 00 00 00 0e 4e 9e 49 fc 48 9f 49 80 17 cd 4a 00 00 80 3f d2 95 a4 ca ed 3a dd 46 c3 24 85 4a
CAM frame=989 be 7e a5 ca 68 2b 2d 47 dd 81 85 4a 00 00 80 3f 78 af f1 be a0 cc 31 3e 4b 43 5d 3f 00 00 00 00 00 00 00 33 4c fc 7a 3f f5 ae 49 be 00 00 00 00 f9 ae 61 bf ee 67 be bd 8c f3 ec be 00 00 00 00 0e 4e 9e 49 fc 48 9f 49 80 17 cd 4a 00 00 80 3f d2 95 a4 ca ed 3a dd 46 c3 24 85 4a
CAM frame=990 be 7e a5 ca 68 2b 2d 47 dd 81 85 4a 00 00 80 3f 78 af f1 be a0 cc 31 3e 4b 43 5d 3f 00 00 00 00 00 00 00 33 4c fc 7a 3f f5 ae 49 be 00 00 00 00 f9 ae 61 bf ee 67 be bd 8c f3 ec be 00 00 00 00 0e 4e 9e 49 fc 48 9f 49 80 17 cd 4a 00 00 80 3f d2 95 a4 ca ed 3a dd 46 c3 24 85 4a
CAM frame=991 be 7e a5 ca 68 2b 2d 47 dd 81 85 4a 00 00 80 3f 78 af f1 be a0 cc 31 3e 4b 43 5d 3f 00 00 00 00 00 00 00 33 4c fc 7a 3f f5 ae 49 be 00 00 00 00 f9 ae 61 bf ee 67 be bd 8c f3 ec be 00 00 00 00 0e 4e 9e 49 fc 48 9f 49 80 17 cd 4a 00 00 80 3f d2 95 a4 ca ed 3a dd 46 c3 24 85 4a
CAM frame=992 be 7e a5 ca 68 2b 2d 47 dd 81 85 4a 00 00 80 3f 78 af f1 be a0 cc 31 3e 4b 43 5d 3f 00 00 00 00 00 00 00 33 4c fc 7a 3f f5 ae 49 be 00 00 00 00 f9 ae 61 bf ee 67 be bd 8c f3 ec be 00 00 00 00 0e 4e 9e 49 fc 48 9f 49 80 17 cd 4a 00 00 80 3f d2 95 a4 ca ed 3a dd 46 c3 24 85 4a
CAM frame=993 be 7e a5 ca 68 2b 2d 47 dd 81 85 4a 00 00 80 3f 78 af f1 be a0 cc 31 3e 4b 43 5d 3f 00 00 00 00 00 00 00 33 4c fc 7a 3f f5 ae 49 be 00 00 00 00 f9 ae 61 bf ee 67 be bd 8c f3 ec be 00 00 00 00 0e 4e 9e 49 fc 48 9f 49 80 17 cd 4a 00 00 80 3f d2 95 a4 ca ed 3a dd 46 c3 24 85 4a
CAM frame=994 be 7e a5 ca 68 2b 2d 47 dd 81 85 4a 00 00 80 3f 78 af f1 be a0 cc 31 3e 4b 43 5d 3f 00 00 00 00 00 00 00 33 4c fc 7a 3f f5 ae 49 be 00 00 00 00 f9 ae 61 bf ee 67 be bd 8c f3 ec be 00 00 00 00 0e 4e 9e 49 fc 48 9f 49 80 17 cd 4a 00 00 80 3f d2 95 a4 ca ed 3a dd 46 c3 24 85 4a
CAM frame=995 be 7e a5 ca 68 2b 2d 47 dd 81 85 4a 00 00 80 3f 78 af f1 be a0 cc 31 3e 4b 43 5d 3f 00 00 00 00 00 00 00 33 4c fc 7a 3f f5 ae 49 be 00 00 00 00 f9 ae 61 bf ee 67 be bd 8c f3 ec be 00 00 00 00 0e 4e 9e 49 fc 48 9f 49 80 17 cd 4a 00 00 80 3f d2 95 a4 ca ed 3a dd 46 c3 24 85 4a
CAM frame=996 be 7e a5 ca 68 2b 2d 47 dd 81 85 4a 00 00 80 3f 78 af f1 be a0 cc 31 3e 4b 43 5d 3f 00 00 00 00 00 00 00 33 4c fc 7a 3f f5 ae 49 be 00 00 00 00 f9 ae 61 bf ee 67 be bd 8c f3 ec be 00 00 00 00 0e 4e 9e 49 fc 48 9f 49 80 17 cd 4a 00 00 80 3f d2 95 a4 ca ed 3a dd 46 c3 24 85 4a
CAM frame=997 be 7e a5 ca 68 2b 2d 47 dd 81 85 4a 00 00 80 3f 78 af f1 be a0 cc 31 3e 4b 43 5d 3f 00 00 00 00 00 00 00 33 4c fc 7a 3f f5 ae 49 be 00 00 00 00 f9 ae 61 bf ee 67 be bd 8c f3 ec be 00 00 00 00 0e 4e 9e 49 fc 48 9f 49 80 17 cd 4a 00 00 80 3f d2 95 a4 ca ed 3a dd 46 c3 24 85 4a
CAM frame=998 be 7e a5 ca 68 2b 2d 47 dd 81 85 4a 00 00 80 3f 78 af f1 be a0 cc 31 3e 4b 43 5d 3f 00 00 00 00 00 00 00 33 4c fc 7a 3f f5 ae 49 be 00 00 00 00 f9 ae 61 bf ee 67 be bd 8c f3 ec be 00 00 00 00 0e 4e 9e 49 fc 48 9f 49 80 17 cd 4a 00 00 80 3f d2 95 a4 ca ed 3a dd 46 c3 24 85 4a
CAM frame=999 be 7e a5 ca 68 2b 2d 47 dd 81 85 4a 00 00 80 3f 78 af f1 be a0 cc 31 3e 4b 43 5d 3f 00 00 00 00 00 00 00 33 4c fc 7a 3f f5 ae 49 be 00 00 00 00 f9 ae 61 bf ee 67 be bd 8c f3 ec be 00 00 00 00 0e 4e 9e 49 fc 48 9f 49 80 17 cd 4a 00 00 80 3f d2 95 a4 ca ed 3a dd 46 c3 24 85 4a
CAM frame=1000 be 7e a5 ca 68 2b 2d 47 dd 81 85 4a 00 00 80 3f 78 af f1 be a0 cc 31 3e 4b 43 5d 3f 00 00 00 00 00 00 00 33 4c fc 7a 3f f5 ae 49 be 00 00 00 00 f9 ae 61 bf ee 67 be bd 8c f3 ec be 00 00 00 00 0e 4e 9e 49 fc 48 9f 49 80 17 cd 4a 00 00 80 3f d2 95 a4 ca ed 3a dd 46 c3 24 85 4a
CAM frame=1001 be 7e a5 ca 68 2b 2d 47 dd 81 85 4a 00 00 80 3f 78 af f1 be a0 cc 31 3e 4b 43 5d 3f 00 00 00 00 00 00 00 33 4c fc 7a 3f f5 ae 49 be 00 00 00 00 f9 ae 61 bf ee 67 be bd 8c f3 ec be 00 00 00 00 0e 4e 9e 49 fc 48 9f 49 80 17 cd 4a 00 00 80 3f d2 95 a4 ca ed 3a dd 46 c3 24 85 4a
CAM frame=1002 be 7e a5 ca 68 2b 2d 47 dd 81 85 4a 00 00 80 3f 78 af f1 be a0 cc 31 3e 4b 43 5d 3f 00 00 00 00 00 00 00 33 4c fc 7a 3f f5 ae 49 be 00 00 00 00 f9 ae 61 bf ee 67 be bd 8c f3 ec be 00 00 00 00 0e 4e 9e 49 fc 48 9f 49 80 17 cd 4a 00 00 80 3f d2 95 a4 ca ed 3a dd 46 c3 24 85 4a
CAM frame=1003 be 7e a5 ca 68 2b 2d 47 dd 81 85 4a 00 00 80 3f 78 af f1 be a0 cc 31 3e 4b 43 5d 3f 00 00 00 00 00 00 00 33 4c fc 7a 3f f5 ae 49 be 00 00 00 00 f9 ae 61 bf ee 67 be bd 8c f3 ec be 00 00 00 00 0e 4e 9e 49 fc 48 9f 49 80 17 cd 4a 00 00 80 3f d2 95 a4 ca ed 3a dd 46 c3 24 85 4a
CAM frame=1004 be 7e a5 ca 68 2b 2d 47 dd 81 85 4a 00 00 80 3f 78 af f1 be a0 cc 31 3e 4b 43 5d 3f 00 00 00 00 00 00 00 33 4c fc 7a 3f f5 ae 49 be 00 00 00 00 f9 ae 61 bf ee 67 be bd 8c f3 ec be 00 00 00 00 0e 4e 9e 49 fc 48 9f 49 80 17 cd 4a 00 00 80 3f d2 95 a4 ca ed 3a dd 46 c3 24 85 4a
CAM frame=1005 be 7e a5 ca 68 2b 2d 47 dd 81 85 4a 00 00 80 3f 78 af f1 be a0 cc 31 3e 4b 43 5d 3f 00 00 00 00 00 00 00 33 4c fc 7a 3f f5 ae 49 be 00 00 00 00 f9 ae 61 bf ee 67 be bd 8c f3 ec be 00 00 00 00 0e 4e 9e 49 fc 48 9f 49 80 17 cd 4a 00 00 80 3f d2 95 a4 ca ed 3a dd 46 c3 24 85 4a
CAM frame=1006 be 7e a5 ca 68 2b 2d 47 dd 81 85 4a 00 00 80 3f 78 af f1 be a0 cc 31 3e 4b 43 5d 3f 00 00 00 00 00 00 00 33 4c fc 7a 3f f5 ae 49 be 00 00 00 00 f9 ae 61 bf ee 67 be bd 8c f3 ec be 00 00 00 00 0e 4e 9e 49 fc 48 9f 49 80 17 cd 4a 00 00 80 3f d2 95 a4 ca ed 3a dd 46 c3 24 85 4a
CAM frame=1007 be 7e a5 ca 68 2b 2d 47 dd 81 85 4a 00 00 80 3f 78 af f1 be a0 cc 31 3e 4b 43 5d 3f 00 00 00 00 00 00 00 33 4c fc 7a 3f f5 ae 49 be 00 00 00 00 f9 ae 61 bf ee 67 be bd 8c f3 ec be 00 00 00 00 0e 4e 9e 49 fc 48 9f 49 80 17 cd 4a 00 00 80 3f d2 95 a4 ca ed 3a dd 46 c3 24 85 4a
CAM frame=1008 be 7e a5 ca 68 2b 2d 47 dd 81 85 4a 00 00 80 3f 78 af f1 be a0 cc 31 3e 4b 43 5d 3f 00 00 00 00 00 00 00 33 4c fc 7a 3f f5 ae 49 be 00 00 00 00 f9 ae 61 bf ee 67 be bd 8c f3 ec be 00 00 00 00 0e 4e 9e 49 fc 48 9f 49 80 17 cd 4a 00 00 80 3f d2 95 a4 ca ed 3a dd 46 c3 24 85 4a
CAM frame=1009 be 7e a5 ca 68 2b 2d 47 dd 81 85 4a 00 00 80 3f 78 af f1 be a0 cc 31 3e 4b 43 5d 3f 00 00 00 00 00 00 00 33 4c fc 7a 3f f5 ae 49 be 00 00 00 00 f9 ae 61 bf ee 67 be bd 8c f3 ec be 00 00 00 00 0e 4e 9e 49 fc 48 9f 49 80 17 cd 4a 00 00 80 3f d2 95 a4 ca ed 3a dd 46 c3 24 85 4a
CAM frame=1010 be 7e a5 ca 68 2b 2d 47 dd 81 85 4a 00 00 80 3f 78 af f1 be a0 cc 31 3e 4b 43 5d 3f 00 00 00 00 00 00 00 33 4c fc 7a 3f f5 ae 49 be 00 00 00 00 f9 ae 61 bf ee 67 be bd 8c f3 ec be 00 00 00 00 0e 4e 9e 49 fc 48 9f 49 80 17 cd 4a 00 00 80 3f d2 95 a4 ca ed 3a dd 46 c3 24 85 4a
CAM frame=1011 be 7e a5 ca 68 2b 2d 47 dd 81 85 4a 00 00 80 3f 78 af f1 be a0 cc 31 3e 4b 43 5d 3f 00 00 00 00 00 00 00 33 4c fc 7a 3f f5 ae 49 be 00 00 00 00 f9 ae 61 bf ee 67 be bd 8c f3 ec be 00 00 00 00 0e 4e 9e 49 fc 48 9f 49 80 17 cd 4a 00 00 80 3f d2 95 a4 ca ed 3a dd 46 c3 24 85 4a
CAM frame=1012 be 7e a5 ca 68 2b 2d 47 dd 81 85 4a 00 00 80 3f 78 af f1 be a0 cc 31 3e 4b 43 5d 3f 00 00 00 00 00 00 00 33 4c fc 7a 3f f5 ae 49 be 00 00 00 00 f9 ae 61 bf ee 67 be bd 8c f3 ec be 00 00 00 00 0e 4e 9e 49 fc 48 9f 49 80 17 cd 4a 00 00 80 3f d2 95 a4 ca ed 3a dd 46 c3 24 85 4a
CAM frame=1013 be 7e a5 ca 68 2b 2d 47 dd 81 85 4a 00 00 80 3f 78 af f1 be a0 cc 31 3e 4b 43 5d 3f 00 00 00 00 00 00 00 33 4c fc 7a 3f f5 ae 49 be 00 00 00 00 f9 ae 61 bf ee 67 be bd 8c f3 ec be 00 00 00 00 0e 4e 9e 49 fc 48 9f 49 80 17 cd 4a 00 00 80 3f d2 95 a4 ca ed 3a dd 46 c3 24 85 4a
CAM frame=1014 be 7e a5 ca 68 2b 2d 47 dd 81 85 4a 00 00 80 3f 78 af f1 be a0 cc 31 3e 4b 43 5d 3f 00 00 00 00 00 00 00 33 4c fc 7a 3f f5 ae 49 be 00 00 00 00 f9 ae 61 bf ee 67 be bd 8c f3 ec be 00 00 00 00 0e 4e 9e 49 fc 48 9f 49 80 17 cd 4a 00 00 80 3f d2 95 a4 ca ed 3a dd 46 c3 24 85 4a
CAM frame=1015 be 7e a5 ca 68 2b 2d 47 dd 81 85 4a 00 00 80 3f 78 af f1 be a0 cc 31 3e 4b 43 5d 3f 00 00 00 00 00 00 00 33 4c fc 7a 3f f5 ae 49 be 00 00 00 00 f9 ae 61 bf ee 67 be bd 8c f3 ec be 00 00 00 00 0e 4e 9e 49 fc 48 9f 49 80 17 cd 4a 00 00 80 3f d2 95 a4 ca ed 3a dd 46 c3 24 85 4a
CAM frame=1016 be 7e a5 ca 68 2b 2d 47 dd 81 85 4a 00 00 80 3f 78 af f1 be a0 cc 31 3e 4b 43 5d 3f 00 00 00 00 00 00 00 33 4c fc 7a 3f f5 ae 49 be 00 00 00 00 f9 ae 61 bf ee 67 be bd 8c f3 ec be 00 00 00 00 0e 4e 9e 49 fc 48 9f 49 80 17 cd 4a 00 00 80 3f d2 95 a4 ca ed 3a dd 46 c3 24 85 4a
CAM frame=1017 be 7e a5 ca 68 2b 2d 47 dd 81 85 4a 00 00 80 3f 78 af f1 be a0 cc 31 3e 4b 43 5d 3f 00 00 00 00 00 00 00 33 4c fc 7a 3f f5 ae 49 be 00 00 00 00 f9 ae 61 bf ee 67 be bd 8c f3 ec be 00 00 00 00 0e 4e 9e 49 fc 48 9f 49 80 17 cd 4a 00 00 80 3f d2 95 a4 ca ed 3a dd 46 c3 24 85 4a
CAM frame=1018 be 7e a5 ca 68 2b 2d 47 dd 81 85 4a 00 00 80 3f 78 af f1 be a0 cc 31 3e 4b 43 5d 3f 00 00 00 00 00 00 00 33 4c fc 7a 3f f5 ae 49 be 00 00 00 00 f9 ae 61 bf ee 67 be bd 8c f3 ec be 00 00 00 00 0e 4e 9e 49 fc 48 9f 49 80 17 cd 4a 00 00 80 3f d2 95 a4 ca ed 3a dd 46 c3 24 85 4a
CAM frame=1019 be 7e a5 ca 68 2b 2d 47 dd 81 85 4a 00 00 80 3f 78 af f1 be a0 cc 31 3e 4b 43 5d 3f 00 00 00 00 00 00 00 33 4c fc 7a 3f f5 ae 49 be 00 00 00 00 f9 ae 61 bf ee 67 be bd 8c f3 ec be 00 00 00 00 0e 4e 9e 49 fc 48 9f 49 80 17 cd 4a 00 00 80 3f d2 95 a4 ca ed 3a dd 46 c3 24 85 4a
CAM frame=1020 be 7e a5 ca 68 2b 2d 47 dd 81 85 4a 00 00 80 3f 78 af f1 be a0 cc 31 3e 4b 43 5d 3f 00 00 00 00 00 00 00 33 4c fc 7a 3f f5 ae 49 be 00 00 00 00 f9 ae 61 bf ee 67 be bd 8c f3 ec be 00 00 00 00 0e 4e 9e 49 fc 48 9f 49 80 17 cd 4a 00 00 80 3f d2 95 a4 ca ed 3a dd 46 c3 24 85 4a
CAM frame=1021 be 7e a5 ca 68 2b 2d 47 dd 81 85 4a 00 00 80 3f 78 af f1 be a0 cc 31 3e 4b 43 5d 3f 00 00 00 00 00 00 00 33 4c fc 7a 3f f5 ae 49 be 00 00 00 00 f9 ae 61 bf ee 67 be bd 8c f3 ec be 00 00 00 00 0e 4e 9e 49 fc 48 9f 49 80 17 cd 4a 00 00 80 3f d2 95 a4 ca ed 3a dd 46 c3 24 85 4a
CAM frame=1022 be 7e a5 ca 68 2b 2d 47 dd 81 85 4a 00 00 80 3f 78 af f1 be a0 cc 31 3e 4b 43 5d 3f 00 00 00 00 00 00 00 33 4c fc 7a 3f f5 ae 49 be 00 00 00 00 f9 ae 61 bf ee 67 be bd 8c f3 ec be 00 00 00 00 0e 4e 9e 49 fc 48 9f 49 80 17 cd 4a 00 00 80 3f d2 95 a4 ca ed 3a dd 46 c3 24 85 4a
CAM frame=1023 be 7e a5 ca 68 2b 2d 47 dd 81 85 4a 00 00 80 3f 78 af f1 be a0 cc 31 3e 4b 43 5d 3f 00 00 00 00 00 00 00 33 4c fc 7a 3f f5 ae 49 be 00 00 00 00 f9 ae 61 bf ee 67 be bd 8c f3 ec be 00 00 00 00 0e 4e 9e 49 fc 48 9f 49 80 17 cd 4a 00 00 80 3f d2 95 a4 ca ed 3a dd 46 c3 24 85 4a
CAM frame=1024 be 7e a5 ca 68 2b 2d 47 dd 81 85 4a 00 00 80 3f 78 af f1 be a0 cc 31 3e 4b 43 5d 3f 00 00 00 00 00 00 00 33 4c fc 7a 3f f5 ae 49 be 00 00 00 00 f9 ae 61 bf ee 67 be bd 8c f3 ec be 00 00 00 00 0e 4e 9e 49 fc 48 9f 49 80 17 cd 4a 00 00 80 3f d2 95 a4 ca ed 3a dd 46 c3 24 85 4a
CAM frame=1025 be 7e a5 ca 68 2b 2d 47 dd 81 85 4a 00 00 80 3f 78 af f1 be a0 cc 31 3e 4b 43 5d 3f 00 00 00 00 00 00 00 33 4c fc 7a 3f f5 ae 49 be 00 00 00 00 f9 ae 61 bf ee 67 be bd 8c f3 ec be 00 00 00 00 0e 4e 9e 49 fc 48 9f 49 80 17 cd 4a 00 00 80 3f d2 95 a4 ca ed 3a dd 46 c3 24 85 4a
CAM frame=1026 be 7e a5 ca 68 2b 2d 47 dd 81 85 4a 00 00 80 3f 78 af f1 be a0 cc 31 3e 4b 43 5d 3f 00 00 00 00 00 00 00 33 4c fc 7a 3f f5 ae 49 be 00 00 00 00 f9 ae 61 bf ee 67 be bd 8c f3 ec be 00 00 00 00 0e 4e 9e 49 fc 48 9f 49 80 17 cd 4a 00 00 80 3f d2 95 a4 ca ed 3a dd 46 c3 24 85 4a
CAM frame=1027 be 7e a5 ca 68 2b 2d 47 dd 81 85 4a 00 00 80 3f 78 af f1 be a0 cc 31 3e 4b 43 5d 3f 00 00 00 00 00 00 00 33 4c fc 7a 3f f5 ae 49 be 00 00 00 00 f9 ae 61 bf ee 67 be bd 8c f3 ec be 00 00 00 00 0e 4e 9e 49 fc 48 9f 49 80 17 cd 4a 00 00 80 3f d2 95 a4 ca ed 3a dd 46 c3 24 85 4a
CAM frame=1028 be 7e a5 ca 68 2b 2d 47 dd 81 85 4a 00 00 80 3f 78 af f1 be a0 cc 31 3e 4b 43 5d 3f 00 00 00 00 00 00 00 33 4c fc 7a 3f f5 ae 49 be 00 00 00 00 f9 ae 61 bf ee 67 be bd 8c f3 ec be 00 00 00 00 0e 4e 9e 49 fc 48 9f 49 80 17 cd 4a 00 00 80 3f d2 95 a4 ca ed 3a dd 46 c3 24 85 4a
CAM frame=1029 be 7e a5 ca 68 2b 2d 47 dd 81 85 4a 00 00 80 3f 78 af f1 be a0 cc 31 3e 4b 43 5d 3f 00 00 00 00 00 00 00 33 4c fc 7a 3f f5 ae 49 be 00 00 00 00 f9 ae 61 bf ee 67 be bd 8c f3 ec be 00 00 00 00 0e 4e 9e 49 fc 48 9f 49 80 17 cd 4a 00 00 80 3f d2 95 a4 ca ed 3a dd 46 c3 24 85 4a
CAM frame=1030 be 7e a5 ca 68 2b 2d 47 dd 81 85 4a 00 00 80 3f 78 af f1 be a0 cc 31 3e 4b 43 5d 3f 00 00 00 00 00 00 00 33 4c fc 7a 3f f5 ae 49 be 00 00 00 00 f9 ae 61 bf ee 67 be bd 8c f3 ec be 00 00 00 00 0e 4e 9e 49 fc 48 9f 49 80 17 cd 4a 00 00 80 3f d2 95 a4 ca ed 3a dd 46 c3 24 85 4a
CAM frame=1031 be 7e a5 ca 68 2b 2d 47 dd 81 85 4a 00 00 80 3f 78 af f1 be a0 cc 31 3e 4b 43 5d 3f 00 00 00 00 00 00 00 33 4c fc 7a 3f f5 ae 49 be 00 00 00 00 f9 ae 61 bf ee 67 be bd 8c f3 ec be 00 00 00 00 0e 4e 9e 49 fc 48 9f 49 80 17 cd 4a 00 00 80 3f d2 95 a4 ca ed 3a dd 46 c3 24 85 4a
CAM frame=1032 be 7e a5 ca 68 2b 2d 47 dd 81 85 4a 00 00 80 3f 78 af f1 be a0 cc 31 3e 4b 43 5d 3f 00 00 00 00 00 00 00 33 4c fc 7a 3f f5 ae 49 be 00 00 00 00 f9 ae 61 bf ee 67 be bd 8c f3 ec be 00 00 00 00 0e 4e 9e 49 fc 48 9f 49 80 17 cd 4a 00 00 80 3f d2 95 a4 ca ed 3a dd 46 c3 24 85 4a
CAM frame=1033 be 7e a5 ca 68 2b 2d 47 dd 81 85 4a 00 00 80 3f 78 af f1 be a0 cc 31 3e 4b 43 5d 3f 00 00 00 00 00 00 00 33 4c fc 7a 3f f5 ae 49 be 00 00 00 00 f9 ae 61 bf ee 67 be bd 8c f3 ec be 00 00 00 00 0e 4e 9e 49 fc 48 9f 49 80 17 cd 4a 00 00 80 3f d2 95 a4 ca ed 3a dd 46 c3 24 85 4a
CAM frame=1034 be 7e a5 ca 68 2b 2d 47 dd 81 85 4a 00 00 80 3f 78 af f1 be a0 cc 31 3e 4b 43 5d 3f 00 00 00 00 00 00 00 33 4c fc 7a 3f f5 ae 49 be 00 00 00 00 f9 ae 61 bf ee 67 be bd 8c f3 ec be 00 00 00 00 0e 4e 9e 49 fc 48 9f 49 80 17 cd 4a 00 00 80 3f d2 95 a4 ca ed 3a dd 46 c3 24 85 4a
CAM frame=1035 be 7e a5 ca 68 2b 2d 47 dd 81 85 4a 00 00 80 3f 78 af f1 be a0 cc 31 3e 4b 43 5d 3f 00 00 00 00 00 00 00 33 4c fc 7a 3f f5 ae 49 be 00 00 00 00 f9 ae 61 bf ee 67 be bd 8c f3 ec be 00 00 00 00 0e 4e 9e 49 fc 48 9f 49 80 17 cd 4a 00 00 80 3f d2 95 a4 ca ed 3a dd 46 c3 24 85 4a
CAM frame=1036 be 7e a5 ca 68 2b 2d 47 dd 81 85 4a 00 00 80 3f 78 af f1 be a0 cc 31 3e 4b 43 5d 3f 00 00 00 00 00 00 00 33 4c fc 7a 3f f5 ae 49 be 00 00 00 00 f9 ae 61 bf ee 67 be bd 8c f3 ec be 00 00 00 00 0e 4e 9e 49 fc 48 9f 49 80 17 cd 4a 00 00 80 3f d2 95 a4 ca ed 3a dd 46 c3 24 85 4a
CAM frame=1037 be 7e a5 ca 68 2b 2d 47 dd 81 85 4a 00 00 80 3f 78 af f1 be a0 cc 31 3e 4b 43 5d 3f 00 00 00 00 00 00 00 33 4c fc 7a 3f f5 ae 49 be 00 00 00 00 f9 ae 61 bf ee 67 be bd 8c f3 ec be 00 00 00 00 0e 4e 9e 49 fc 48 9f 49 80 17 cd 4a 00 00 80 3f d2 95 a4 ca ed 3a dd 46 c3 24 85 4a
CAM frame=1038 be 7e a5 ca 68 2b 2d 47 dd 81 85 4a 00 00 80 3f 78 af f1 be a0 cc 31 3e 4b 43 5d 3f 00 00 00 00 00 00 00 33 4c fc 7a 3f f5 ae 49 be 00 00 00 00 f9 ae 61 bf ee 67 be bd 8c f3 ec be 00 00 00 00 0e 4e 9e 49 fc 48 9f 49 80 17 cd 4a 00 00 80 3f d2 95 a4 ca ed 3a dd 46 c3 24 85 4a
CAM frame=1039 be 7e a5 ca 68 2b 2d 47 dd 81 85 4a 00 00 80 3f 78 af f1 be a0 cc 31 3e 4b 43 5d 3f 00 00 00 00 00 00 00 33 4c fc 7a 3f f5 ae 49 be 00 00 00 00 f9 ae 61 bf ee 67 be bd 8c f3 ec be 00 00 00 00 0e 4e 9e 49 fc 48 9f 49 80 17 cd 4a 00 00 80 3f d2 95 a4 ca ed 3a dd 46 c3 24 85 4a
CAM frame=1040 be 7e a5 ca 68 2b 2d 47 dd 81 85 4a 00 00 80 3f 78 af f1 be a0 cc 31 3e 4b 43 5d 3f 00 00 00 00 00 00 00 33 4c fc 7a 3f f5 ae 49 be 00 00 00 00 f9 ae 61 bf ee 67 be bd 8c f3 ec be 00 00 00 00 0e 4e 9e 49 fc 48 9f 49 80 17 cd 4a 00 00 80 3f d2 95 a4 ca ed 3a dd 46 c3 24 85 4a
CAM frame=1041 be 7e a5 ca 68 2b 2d 47 dd 81 85 4a 00 00 80 3f 78 af f1 be a0 cc 31 3e 4b 43 5d 3f 00 00 00 00 00 00 00 33 4c fc 7a 3f f5 ae 49 be 00 00 00 00 f9 ae 61 bf ee 67 be bd 8c f3 ec be 00 00 00 00 0e 4e 9e 49 fc 48 9f 49 80 17 cd 4a 00 00 80 3f d2 95 a4 ca ed 3a dd 46 c3 24 85 4a
CAM frame=1042 be 7e a5 ca 68 2b 2d 47 dd 81 85 4a 00 00 80 3f 78 af f1 be a0 cc 31 3e 4b 43 5d 3f 00 00 00 00 00 00 00 33 4c fc 7a 3f f5 ae 49 be 00 00 00 00 f9 ae 61 bf ee 67 be bd 8c f3 ec be 00 00 00 00 0e 4e 9e 49 fc 48 9f 49 80 17 cd 4a 00 00 80 3f d2 95 a4 ca ed 3a dd 46 c3 24 85 4a
CAM frame=1043 be 7e a5 ca 68 2b 2d 47 dd 81 85 4a 00 00 80 3f 78 af f1 be a0 cc 31 3e 4b 43 5d 3f 00 00 00 00 00 00 00 33 4c fc 7a 3f f5 ae 49 be 00 00 00 00 f9 ae 61 bf ee 67 be bd 8c f3 ec be 00 00 00 00 0e 4e 9e 49 fc 48 9f 49 80 17 cd 4a 00 00 80 3f d2 95 a4 ca ed 3a dd 46 c3 24 85 4a
CAM frame=1044 be 7e a5 ca 68 2b 2d 47 dd 81 85 4a 00 00 80 3f 78 af f1 be a0 cc 31 3e 4b 43 5d 3f 00 00 00 00 00 00 00 33 4c fc 7a 3f f5 ae 49 be 00 00 00 00 f9 ae 61 bf ee 67 be bd 8c f3 ec be 00 00 00 00 0e 4e 9e 49 fc 48 9f 49 80 17 cd 4a 00 00 80 3f d2 95 a4 ca ed 3a dd 46 c3 24 85 4a
CAM frame=1045 be 7e a5 ca 68 2b 2d 47 dd 81 85 4a 00 00 80 3f 78 af f1 be a0 cc 31 3e 4b 43 5d 3f 00 00 00 00 00 00 00 33 4c fc 7a 3f f5 ae 49 be 00 00 00 00 f9 ae 61 bf ee 67 be bd 8c f3 ec be 00 00 00 00 0e 4e 9e 49 fc 48 9f 49 80 17 cd 4a 00 00 80 3f d2 95 a4 ca ed 3a dd 46 c3 24 85 4a
CAM frame=1046 be 7e a5 ca 68 2b 2d 47 dd 81 85 4a 00 00 80 3f 78 af f1 be a0 cc 31 3e 4b 43 5d 3f 00 00 00 00 00 00 00 33 4c fc 7a 3f f5 ae 49 be 00 00 00 00 f9 ae 61 bf ee 67 be bd 8c f3 ec be 00 00 00 00 0e 4e 9e 49 fc 48 9f 49 80 17 cd 4a 00 00 80 3f d2 95 a4 ca ed 3a dd 46 c3 24 85 4a
CAM frame=1047 be 7e a5 ca 68 2b 2d 47 dd 81 85 4a 00 00 80 3f 78 af f1 be a0 cc 31 3e 4b 43 5d 3f 00 00 00 00 00 00 00 33 4c fc 7a 3f f5 ae 49 be 00 00 00 00 f9 ae 61 bf ee 67 be bd 8c f3 ec be 00 00 00 00 0e 4e 9e 49 fc 48 9f 49 80 17 cd 4a 00 00 80 3f d2 95 a4 ca ed 3a dd 46 c3 24 85 4a
CAM frame=1048 be 7e a5 ca 68 2b 2d 47 dd 81 85 4a 00 00 80 3f 78 af f1 be a0 cc 31 3e 4b 43 5d 3f 00 00 00 00 00 00 00 33 4c fc 7a 3f f5 ae 49 be 00 00 00 00 f9 ae 61 bf ee 67 be bd 8c f3 ec be 00 00 00 00 0e 4e 9e 49 fc 48 9f 49 80 17 cd 4a 00 00 80 3f d2 95 a4 ca ed 3a dd 46 c3 24 85 4a
CAM frame=1049 be 7e a5 ca 68 2b 2d 47 dd 81 85 4a 00 00 80 3f 78 af f1 be a0 cc 31 3e 4b 43 5d 3f 00 00 00 00 00 00 00 33 4c fc 7a 3f f5 ae 49 be 00 00 00 00 f9 ae 61 bf ee 67 be bd 8c f3 ec be 00 00 00 00 0e 4e 9e 49 fc 48 9f 49 80 17 cd 4a 00 00 80 3f d2 95 a4 ca ed 3a dd 46 c3 24 85 4a
CAM frame=1050 be 7e a5 ca 68 2b 2d 47 dd 81 85 4a 00 00 80 3f 78 af f1 be a0 cc 31 3e 4b 43 5d 3f 00 00 00 00 00 00 00 33 4c fc 7a 3f f5 ae 49 be 00 00 00 00 f9 ae 61 bf ee 67 be bd 8c f3 ec be 00 00 00 00 0e 4e 9e 49 fc 48 9f 49 80 17 cd 4a 00 00 80 3f d2 95 a4 ca ed 3a dd 46 c3 24 85 4a
CAM frame=1051 be 7e a5 ca 68 2b 2d 47 dd 81 85 4a 00 00 80 3f 78 af f1 be a0 cc 31 3e 4b 43 5d 3f 00 00 00 00 00 00 00 33 4c fc 7a 3f f5 ae 49 be 00 00 00 00 f9 ae 61 bf ee 67 be bd 8c f3 ec be 00 00 00 00 0e 4e 9e 49 fc 48 9f 49 80 17 cd 4a 00 00 80 3f d2 95 a4 ca ed 3a dd 46 c3 24 85 4a
CAM frame=1052 be 7e a5 ca 68 2b 2d 47 dd 81 85 4a 00 00 80 3f 78 af f1 be a0 cc 31 3e 4b 43 5d 3f 00 00 00 00 00 00 00 33 4c fc 7a 3f f5 ae 49 be 00 00 00 00 f9 ae 61 bf ee 67 be bd 8c f3 ec be 00 00 00 00 0e 4e 9e 49 fc 48 9f 49 80 17 cd 4a 00 00 80 3f d2 95 a4 ca ed 3a dd 46 c3 24 85 4a
CAM frame=1053 be 7e a5 ca 68 2b 2d 47 dd 81 85 4a 00 00 80 3f 78 af f1 be a0 cc 31 3e 4b 43 5d 3f 00 00 00 00 00 00 00 33 4c fc 7a 3f f5 ae 49 be 00 00 00 00 f9 ae 61 bf ee 67 be bd 8c f3 ec be 00 00 00 00 0e 4e 9e 49 fc 48 9f 49 80 17 cd 4a 00 00 80 3f d2 95 a4 ca ed 3a dd 46 c3 24 85 4a
CAM frame=1054 be 7e a5 ca 68 2b 2d 47 dd 81 85 4a 00 00 80 3f 78 af f1 be a0 cc 31 3e 4b 43 5d 3f 00 00 00 00 00 00 00 33 4c fc 7a 3f f5 ae 49 be 00 00 00 00 f9 ae 61 bf ee 67 be bd 8c f3 ec be 00 00 00 00 0e 4e 9e 49 fc 48 9f 49 80 17 cd 4a 00 00 80 3f d2 95 a4 ca ed 3a dd 46 c3 24 85 4a
CAM frame=1055 be 7e a5 ca 68 2b 2d 47 dd 81 85 4a 00 00 80 3f 78 af f1 be a0 cc 31 3e 4b 43 5d 3f 00 00 00 00 00 00 00 33 4c fc 7a 3f f5 ae 49 be 00 00 00 00 f9 ae 61 bf ee 67 be bd 8c f3 ec be 00 00 00 00 0e 4e 9e 49 fc 48 9f 49 80 17 cd 4a 00 00 80 3f d2 95 a4 ca ed 3a dd 46 c3 24 85 4a
CAM frame=1056 be 7e a5 ca 68 2b 2d 47 dd 81 85 4a 00 00 80 3f 78 af f1 be a0 cc 31 3e 4b 43 5d 3f 00 00 00 00 00 00 00 33 4c fc 7a 3f f5 ae 49 be 00 00 00 00 f9 ae 61 bf ee 67 be bd 8c f3 ec be 00 00 00 00 0e 4e 9e 49 fc 48 9f 49 80 17 cd 4a 00 00 80 3f d2 95 a4 ca ed 3a dd 46 c3 24 85 4a
CAM frame=1057 be 7e a5 ca 68 2b 2d 47 dd 81 85 4a 00 00 80 3f 78 af f1 be a0 cc 31 3e 4b 43 5d 3f 00 00 00 00 00 00 00 33 4c fc 7a 3f f5 ae 49 be 00 00 00 00 f9 ae 61 bf ee 67 be bd 8c f3 ec be 00 00 00 00 0e 4e 9e 49 fc 48 9f 49 80 17 cd 4a 00 00 80 3f d2 95 a4 ca ed 3a dd 46 c3 24 85 4a
CAM frame=1058 be 7e a5 ca 68 2b 2d 47 dd 81 85 4a 00 00 80 3f 78 af f1 be a0 cc 31 3e 4b 43 5d 3f 00 00 00 00 00 00 00 33 4c fc 7a 3f f5 ae 49 be 00 00 00 00 f9 ae 61 bf ee 67 be bd 8c f3 ec be 00 00 00 00 0e 4e 9e 49 fc 48 9f 49 80 17 cd 4a 00 00 80 3f d2 95 a4 ca ed 3a dd 46 c3 24 85 4a
CAM frame=1059 be 7e a5 ca 68 2b 2d 47 dd 81 85 4a 00 00 80 3f 78 af f1 be a0 cc 31 3e 4b 43 5d 3f 00 00 00 00 00 00 00 33 4c fc 7a 3f f5 ae 49 be 00 00 00 00 f9 ae 61 bf ee 67 be bd 8c f3 ec be 00 00 00 00 0e 4e 9e 49 fc 48 9f 49 80 17 cd 4a 00 00 80 3f d2 95 a4 ca ed 3a dd 46 c3 24 85 4a
CAM frame=1060 be 7e a5 ca 68 2b 2d 47 dd 81 85 4a 00 00 80 3f 78 af f1 be a0 cc 31 3e 4b 43 5d 3f 00 00 00 00 00 00 00 33 4c fc 7a 3f f5 ae 49 be 00 00 00 00 f9 ae 61 bf ee 67 be bd 8c f3 ec be 00 00 00 00 0e 4e 9e 49 fc 48 9f 49 80 17 cd 4a 00 00 80 3f d2 95 a4 ca ed 3a dd 46 c3 24 85 4a
CAM frame=1061 be 7e a5 ca 68 2b 2d 47 dd 81 85 4a 00 00 80 3f 78 af f1 be a0 cc 31 3e 4b 43 5d 3f 00 00 00 00 00 00 00 33 4c fc 7a 3f f5 ae 49 be 00 00 00 00 f9 ae 61 bf ee 67 be bd 8c f3 ec be 00 00 00 00 0e 4e 9e 49 fc 48 9f 49 80 17 cd 4a 00 00 80 3f d2 95 a4 ca ed 3a dd 46 c3 24 85 4a
CAM frame=1062 be 7e a5 ca 68 2b 2d 47 dd 81 85 4a 00 00 80 3f 78 af f1 be a0 cc 31 3e 4b 43 5d 3f 00 00 00 00 00 00 00 33 4c fc 7a 3f f5 ae 49 be 00 00 00 00 f9 ae 61 bf ee 67 be bd 8c f3 ec be 00 00 00 00 0e 4e 9e 49 fc 48 9f 49 80 17 cd 4a 00 00 80 3f d2 95 a4 ca ed 3a dd 46 c3 24 85 4a
CAM frame=1063 be 7e a5 ca 68 2b 2d 47 dd 81 85 4a 00 00 80 3f 78 af f1 be a0 cc 31 3e 4b 43 5d 3f 00 00 00 00 00 00 00 33 4c fc 7a 3f f5 ae 49 be 00 00 00 00 f9 ae 61 bf ee 67 be bd 8c f3 ec be 00 00 00 00 0e 4e 9e 49 fc 48 9f 49 80 17 cd 4a 00 00 80 3f d2 95 a4 ca ed 3a dd 46 c3 24 85 4a
CAM frame=1064 be 7e a5 ca 68 2b 2d 47 dd 81 85 4a 00 00 80 3f 78 af f1 be a0 cc 31 3e 4b 43 5d 3f 00 00 00 00 00 00 00 33 4c fc 7a 3f f5 ae 49 be 00 00 00 00 f9 ae 61 bf ee 67 be bd 8c f3 ec be 00 00 00 00 0e 4e 9e 49 fc 48 9f 49 80 17 cd 4a 00 00 80 3f d2 95 a4 ca ed 3a dd 46 c3 24 85 4a
CAM frame=1065 be 7e a5 ca 68 2b 2d 47 dd 81 85 4a 00 00 80 3f 78 af f1 be a0 cc 31 3e 4b 43 5d 3f 00 00 00 00 00 00 00 33 4c fc 7a 3f f5 ae 49 be 00 00 00 00 f9 ae 61 bf ee 67 be bd 8c f3 ec be 00 00 00 00 0e 4e 9e 49 fc 48 9f 49 80 17 cd 4a 00 00 80 3f d2 95 a4 ca ed 3a dd 46 c3 24 85 4a
CAM frame=1066 be 7e a5 ca 68 2b 2d 47 dd 81 85 4a 00 00 80 3f 78 af f1 be a0 cc 31 3e 4b 43 5d 3f 00 00 00 00 00 00 00 33 4c fc 7a 3f f5 ae 49 be 00 00 00 00 f9 ae 61 bf ee 67 be bd 8c f3 ec be 00 00 00 00 0e 4e 9e 49 fc 48 9f 49 80 17 cd 4a 00 00 80 3f d2 95 a4 ca ed 3a dd 46 c3 24 85 4a
CAM frame=1067 be 7e a5 ca 68 2b 2d 47 dd 81 85 4a 00 00 80 3f 78 af f1 be a0 cc 31 3e 4b 43 5d 3f 00 00 00 00 00 00 00 33 4c fc 7a 3f f5 ae 49 be 00 00 00 00 f9 ae 61 bf ee 67 be bd 8c f3 ec be 00 00 00 00 0e 4e 9e 49 fc 48 9f 49 80 17 cd 4a 00 00 80 3f d2 95 a4 ca ed 3a dd 46 c3 24 85 4a
CAM frame=1068 be 7e a5 ca 68 2b 2d 47 dd 81 85 4a 00 00 80 3f 78 af f1 be a0 cc 31 3e 4b 43 5d 3f 00 00 00 00 00 00 00 33 4c fc 7a 3f f5 ae 49 be 00 00 00 00 f9 ae 61 bf ee 67 be bd 8c f3 ec be 00 00 00 00 0e 4e 9e 49 fc 48 9f 49 80 17 cd 4a 00 00 80 3f d2 95 a4 ca ed 3a dd 46 c3 24 85 4a
CAM frame=1069 be 7e a5 ca 68 2b 2d 47 dd 81 85 4a 00 00 80 3f 78 af f1 be a0 cc 31 3e 4b 43 5d 3f 00 00 00 00 00 00 00 33 4c fc 7a 3f f5 ae 49 be 00 00 00 00 f9 ae 61 bf ee 67 be bd 8c f3 ec be 00 00 00 00 0e 4e 9e 49 fc 48 9f 49 80 17 cd 4a 00 00 80 3f d2 95 a4 ca ed 3a dd 46 c3 24 85 4a
CAM frame=1070 be 7e a5 ca 68 2b 2d 47 dd 81 85 4a 00 00 80 3f 78 af f1 be a0 cc 31 3e 4b 43 5d 3f 00 00 00 00 00 00 00 33 4c fc 7a 3f f5 ae 49 be 00 00 00 00 f9 ae 61 bf ee 67 be bd 8c f3 ec be 00 00 00 00 0e 4e 9e 49 fc 48 9f 49 80 17 cd 4a 00 00 80 3f d2 95 a4 ca ed 3a dd 46 c3 24 85 4a
CAM frame=1071 be 7e a5 ca 68 2b 2d 47 dd 81 85 4a 00 00 80 3f 78 af f1 be a0 cc 31 3e 4b 43 5d 3f 00 00 00 00 00 00 00 33 4c fc 7a 3f f5 ae 49 be 00 00 00 00 f9 ae 61 bf ee 67 be bd 8c f3 ec be 00 00 00 00 0e 4e 9e 49 fc 48 9f 49 80 17 cd 4a 00 00 80 3f d2 95 a4 ca ed 3a dd 46 c3 24 85 4a
CAM frame=1072 be 7e a5 ca 68 2b 2d 47 dd 81 85 4a 00 00 80 3f 78 af f1 be a0 cc 31 3e 4b 43 5d 3f 00 00 00 00 00 00 00 33 4c fc 7a 3f f5 ae 49 be 00 00 00 00 f9 ae 61 bf ee 67 be bd 8c f3 ec be 00 00 00 00 0e 4e 9e 49 fc 48 9f 49 80 17 cd 4a 00 00 80 3f d2 95 a4 ca ed 3a dd 46 c3 24 85 4a
CAM frame=1073 be 7e a5 ca 68 2b 2d 47 dd 81 85 4a 00 00 80 3f 78 af f1 be a0 cc 31 3e 4b 43 5d 3f 00 00 00 00 00 00 00 33 4c fc 7a 3f f5 ae 49 be 00 00 00 00 f9 ae 61 bf ee 67 be bd 8c f3 ec be 00 00 00 00 0e 4e 9e 49 fc 48 9f 49 80 17 cd 4a 00 00 80 3f d2 95 a4 ca ed 3a dd 46 c3 24 85 4a
CAM frame=1074 be 7e a5 ca 68 2b 2d 47 dd 81 85 4a 00 00 80 3f 78 af f1 be a0 cc 31 3e 4b 43 5d 3f 00 00 00 00 00 00 00 33 4c fc 7a 3f f5 ae 49 be 00 00 00 00 f9 ae 61 bf ee 67 be bd 8c f3 ec be 00 00 00 00 0e 4e 9e 49 fc 48 9f 49 80 17 cd 4a 00 00 80 3f d2 95 a4 ca ed 3a dd 46 c3 24 85 4a
CAM frame=1075 be 7e a5 ca 68 2b 2d 47 dd 81 85 4a 00 00 80 3f 78 af f1 be a0 cc 31 3e 4b 43 5d 3f 00 00 00 00 00 00 00 33 4c fc 7a 3f f5 ae 49 be 00 00 00 00 f9 ae 61 bf ee 67 be bd 8c f3 ec be 00 00 00 00 0e 4e 9e 49 fc 48 9f 49 80 17 cd 4a 00 00 80 3f d2 95 a4 ca ed 3a dd 46 c3 24 85 4a
CAM frame=1076 be 7e a5 ca 68 2b 2d 47 dd 81 85 4a 00 00 80 3f 78 af f1 be a0 cc 31 3e 4b 43 5d 3f 00 00 00 00 00 00 00 33 4c fc 7a 3f f5 ae 49 be 00 00 00 00 f9 ae 61 bf ee 67 be bd 8c f3 ec be 00 00 00 00 0e 4e 9e 49 fc 48 9f 49 80 17 cd 4a 00 00 80 3f d2 95 a4 ca ed 3a dd 46 c3 24 85 4a
CAM frame=1077 be 7e a5 ca 68 2b 2d 47 dd 81 85 4a 00 00 80 3f 78 af f1 be a0 cc 31 3e 4b 43 5d 3f 00 00 00 00 00 00 00 33 4c fc 7a 3f f5 ae 49 be 00 00 00 00 f9 ae 61 bf ee 67 be bd 8c f3 ec be 00 00 00 00 0e 4e 9e 49 fc 48 9f 49 80 17 cd 4a 00 00 80 3f d2 95 a4 ca ed 3a dd 46 c3 24 85 4a
CAM frame=1078 be 7e a5 ca 68 2b 2d 47 dd 81 85 4a 00 00 80 3f 78 af f1 be a0 cc 31 3e 4b 43 5d 3f 00 00 00 00 00 00 00 33 4c fc 7a 3f f5 ae 49 be 00 00 00 00 f9 ae 61 bf ee 67 be bd 8c f3 ec be 00 00 00 00 0e 4e 9e 49 fc 48 9f 49 80 17 cd 4a 00 00 80 3f d2 95 a4 ca ed 3a dd 46 c3 24 85 4a
CAM frame=1079 be 7e a5 ca 68 2b 2d 47 dd 81 85 4a 00 00 80 3f 78 af f1 be a0 cc 31 3e 4b 43 5d 3f 00 00 00 00 00 00 00 33 4c fc 7a 3f f5 ae 49 be 00 00 00 00 f9 ae 61 bf ee 67 be bd 8c f3 ec be 00 00 00 00 0e 4e 9e 49 fc 48 9f 49 80 17 cd 4a 00 00 80 3f d2 95 a4 ca ed 3a dd 46 c3 24 85 4a
CAM frame=1080 be 7e a5 ca 68 2b 2d 47 dd 81 85 4a 00 00 80 3f 78 af f1 be a0 cc 31 3e 4b 43 5d 3f 00 00 00 00 00 00 00 33 4c fc 7a 3f f5 ae 49 be 00 00 00 00 f9 ae 61 bf ee 67 be bd 8c f3 ec be 00 00 00 00 0e 4e 9e 49 fc 48 9f 49 80 17 cd 4a 00 00 80 3f d2 95 a4 ca ed 3a dd 46 c3 24 85 4a
CAM frame=1081 be 7e a5 ca 68 2b 2d 47 dd 81 85 4a 00 00 80 3f 78 af f1 be a0 cc 31 3e 4b 43 5d 3f 00 00 00 00 00 00 00 33 4c fc 7a 3f f5 ae 49 be 00 00 00 00 f9 ae 61 bf ee 67 be bd 8c f3 ec be 00 00 00 00 0e 4e 9e 49 fc 48 9f 49 80 17 cd 4a 00 00 80 3f d2 95 a4 ca ed 3a dd 46 c3 24 85 4a
CAM frame=1082 be 7e a5 ca 68 2b 2d 47 dd 81 85 4a 00 00 80 3f 78 af f1 be a0 cc 31 3e 4b 43 5d 3f 00 00 00 00 00 00 00 33 4c fc 7a 3f f5 ae 49 be 00 00 00 00 f9 ae 61 bf ee 67 be bd 8c f3 ec be 00 00 00 00 0e 4e 9e 49 fc 48 9f 49 80 17 cd 4a 00 00 80 3f d2 95 a4 ca ed 3a dd 46 c3 24 85 4a
CAM frame=1083 be 7e a5 ca 68 2b 2d 47 dd 81 85 4a 00 00 80 3f 78 af f1 be a0 cc 31 3e 4b 43 5d 3f 00 00 00 00 00 00 00 33 4c fc 7a 3f f5 ae 49 be 00 00 00 00 f9 ae 61 bf ee 67 be bd 8c f3 ec be 00 00 00 00 0e 4e 9e 49 fc 48 9f 49 80 17 cd 4a 00 00 80 3f d2 95 a4 ca ed 3a dd 46 c3 24 85 4a
CAM frame=1084 be 7e a5 ca 68 2b 2d 47 dd 81 85 4a 00 00 80 3f 78 af f1 be a0 cc 31 3e 4b 43 5d 3f 00 00 00 00 00 00 00 33 4c fc 7a 3f f5 ae 49 be 00 00 00 00 f9 ae 61 bf ee 67 be bd 8c f3 ec be 00 00 00 00 0e 4e 9e 49 fc 48 9f 49 80 17 cd 4a 00 00 80 3f d2 95 a4 ca ed 3a dd 46 c3 24 85 4a
CAM frame=1085 be 7e a5 ca 68 2b 2d 47 dd 81 85 4a 00 00 80 3f 78 af f1 be a0 cc 31 3e 4b 43 5d 3f 00 00 00 00 00 00 00 33 4c fc 7a 3f f5 ae 49 be 00 00 00 00 f9 ae 61 bf ee 67 be bd 8c f3 ec be 00 00 00 00 0e 4e 9e 49 fc 48 9f 49 80 17 cd 4a 00 00 80 3f d2 95 a4 ca ed 3a dd 46 c3 24 85 4a
CAM frame=1086 be 7e a5 ca 68 2b 2d 47 dd 81 85 4a 00 00 80 3f 78 af f1 be a0 cc 31 3e 4b 43 5d 3f 00 00 00 00 00 00 00 33 4c fc 7a 3f f5 ae 49 be 00 00 00 00 f9 ae 61 bf ee 67 be bd 8c f3 ec be 00 00 00 00 0e 4e 9e 49 fc 48 9f 49 80 17 cd 4a 00 00 80 3f d2 95 a4 ca ed 3a dd 46 c3 24 85 4a
CAM frame=1087 be 7e a5 ca 68 2b 2d 47 dd 81 85 4a 00 00 80 3f 78 af f1 be a0 cc 31 3e 4b 43 5d 3f 00 00 00 00 00 00 00 33 4c fc 7a 3f f5 ae 49 be 00 00 00 00 f9 ae 61 bf ee 67 be bd 8c f3 ec be 00 00 00 00 0e 4e 9e 49 fc 48 9f 49 80 17 cd 4a 00 00 80 3f d2 95 a4 ca ed 3a dd 46 c3 24 85 4a
CAM frame=1088 be 7e a5 ca 68 2b 2d 47 dd 81 85 4a 00 00 80 3f 78 af f1 be a0 cc 31 3e 4b 43 5d 3f 00 00 00 00 00 00 00 33 4c fc 7a 3f f5 ae 49 be 00 00 00 00 f9 ae 61 bf ee 67 be bd 8c f3 ec be 00 00 00 00 0e 4e 9e 49 fc 48 9f 49 80 17 cd 4a 00 00 80 3f d2 95 a4 ca ed 3a dd 46 c3 24 85 4a
CAM frame=1089 be 7e a5 ca 68 2b 2d 47 dd 81 85 4a 00 00 80 3f 78 af f1 be a0 cc 31 3e 4b 43 5d 3f 00 00 00 00 00 00 00 33 4c fc 7a 3f f5 ae 49 be 00 00 00 00 f9 ae 61 bf ee 67 be bd 8c f3 ec be 00 00 00 00 0e 4e 9e 49 fc 48 9f 49 80 17 cd 4a 00 00 80 3f d2 95 a4 ca ed 3a dd 46 c3 24 85 4a
CAM frame=1090 be 7e a5 ca 68 2b 2d 47 dd 81 85 4a 00 00 80 3f 78 af f1 be a0 cc 31 3e 4b 43 5d 3f 00 00 00 00 00 00 00 33 4c fc 7a 3f f5 ae 49 be 00 00 00 00 f9 ae 61 bf ee 67 be bd 8c f3 ec be 00 00 00 00 0e 4e 9e 49 fc 48 9f 49 80 17 cd 4a 00 00 80 3f d2 95 a4 ca ed 3a dd 46 c3 24 85 4a
CAM frame=1091 be 7e a5 ca 68 2b 2d 47 dd 81 85 4a 00 00 80 3f 78 af f1 be a0 cc 31 3e 4b 43 5d 3f 00 00 00 00 00 00 00 33 4c fc 7a 3f f5 ae 49 be 00 00 00 00 f9 ae 61 bf ee 67 be bd 8c f3 ec be 00 00 00 00 0e 4e 9e 49 fc 48 9f 49 80 17 cd 4a 00 00 80 3f d2 95 a4 ca ed 3a dd 46 c3 24 85 4a
CAM frame=1092 be 7e a5 ca 68 2b 2d 47 dd 81 85 4a 00 00 80 3f 78 af f1 be a0 cc 31 3e 4b 43 5d 3f 00 00 00 00 00 00 00 33 4c fc 7a 3f f5 ae 49 be 00 00 00 00 f9 ae 61 bf ee 67 be bd 8c f3 ec be 00 00 00 00 0e 4e 9e 49 fc 48 9f 49 80 17 cd 4a 00 00 80 3f d2 95 a4 ca ed 3a dd 46 c3 24 85 4a
CAM frame=1093 be 7e a5 ca 68 2b 2d 47 dd 81 85 4a 00 00 80 3f 78 af f1 be a0 cc 31 3e 4b 43 5d 3f 00 00 00 00 00 00 00 33 4c fc 7a 3f f5 ae 49 be 00 00 00 00 f9 ae 61 bf ee 67 be bd 8c f3 ec be 00 00 00 00 0e 4e 9e 49 fc 48 9f 49 80 17 cd 4a 00 00 80 3f d2 95 a4 ca ed 3a dd 46 c3 24 85 4a
CAM frame=1094 be 7e a5 ca 68 2b 2d 47 dd 81 85 4a 00 00 80 3f 78 af f1 be a0 cc 31 3e 4b 43 5d 3f 00 00 00 00 00 00 00 33 4c fc 7a 3f f5 ae 49 be 00 00 00 00 f9 ae 61 bf ee 67 be bd 8c f3 ec be 00 00 00 00 0e 4e 9e 49 fc 48 9f 49 80 17 cd 4a 00 00 80 3f d2 95 a4 ca ed 3a dd 46 c3 24 85 4a
CAM frame=1095 be 7e a5 ca 68 2b 2d 47 dd 81 85 4a 00 00 80 3f 78 af f1 be a0 cc 31 3e 4b 43 5d 3f 00 00 00 00 00 00 00 33 4c fc 7a 3f f5 ae 49 be 00 00 00 00 f9 ae 61 bf ee 67 be bd 8c f3 ec be 00 00 00 00 0e 4e 9e 49 fc 48 9f 49 80 17 cd 4a 00 00 80 3f d2 95 a4 ca ed 3a dd 46 c3 24 85 4a
CAM frame=1096 be 7e a5 ca 68 2b 2d 47 dd 81 85 4a 00 00 80 3f 78 af f1 be a0 cc 31 3e 4b 43 5d 3f 00 00 00 00 00 00 00 33 4c fc 7a 3f f5 ae 49 be 00 00 00 00 f9 ae 61 bf ee 67 be bd 8c f3 ec be 00 00 00 00 0e 4e 9e 49 fc 48 9f 49 80 17 cd 4a 00 00 80 3f d2 95 a4 ca ed 3a dd 46 c3 24 85 4a
CAM frame=1097 be 7e a5 ca 68 2b 2d 47 dd 81 85 4a 00 00 80 3f 78 af f1 be a0 cc 31 3e 4b 43 5d 3f 00 00 00 00 00 00 00 33 4c fc 7a 3f f5 ae 49 be 00 00 00 00 f9 ae 61 bf ee 67 be bd 8c f3 ec be 00 00 00 00 0e 4e 9e 49 fc 48 9f 49 80 17 cd 4a 00 00 80 3f d2 95 a4 ca ed 3a dd 46 c3 24 85 4a
CAM frame=1098 be 7e a5 ca 68 2b 2d 47 dd 81 85 4a 00 00 80 3f 78 af f1 be a0 cc 31 3e 4b 43 5d 3f 00 00 00 00 00 00 00 33 4c fc 7a 3f f5 ae 49 be 00 00 00 00 f9 ae 61 bf ee 67 be bd 8c f3 ec be 00 00 00 00 0e 4e 9e 49 fc 48 9f 49 80 17 cd 4a 00 00 80 3f d2 95 a4 ca ed 3a dd 46 c3 24 85 4a
CAM frame=1099 be 7e a5 ca 68 2b 2d 47 dd 81 85 4a 00 00 80 3f 78 af f1 be a0 cc 31 3e 4b 43 5d 3f 00 00 00 00 00 00 00 33 4c fc 7a 3f f5 ae 49 be 00 00 00 00 f9 ae 61 bf ee 67 be bd 8c f3 ec be 00 00 00 00 0e 4e 9e 49 fc 48 9f 49 80 17 cd 4a 00 00 80 3f d2 95 a4 ca ed 3a dd 46 c3 24 85 4a
CAM frame=1100 be 7e a5 ca 68 2b 2d 47 dd 81 85 4a 00 00 80 3f 78 af f1 be a0 cc 31 3e 4b 43 5d 3f 00 00 00 00 00 00 00 33 4c fc 7a 3f f5 ae 49 be 00 00 00 00 f9 ae 61 bf ee 67 be bd 8c f3 ec be 00 00 00 00 0e 4e 9e 49 fc 48 9f 49 80 17 cd 4a 00 00 80 3f d2 95 a4 ca ed 3a dd 46 c3 24 85 4a
CAM frame=1101 be 7e a5 ca 68 2b 2d 47 dd 81 85 4a 00 00 80 3f 78 af f1 be a0 cc 31 3e 4b 43 5d 3f 00 00 00 00 00 00 00 33 4c fc 7a 3f f5 ae 49 be 00 00 00 00 f9 ae 61 bf ee 67 be bd 8c f3 ec be 00 00 00 00 0e 4e 9e 49 fc 48 9f 49 80 17 cd 4a 00 00 80 3f d2 95 a4 ca ed 3a dd 46 c3 24 85 4a
CAM frame=1102 be 7e a5 ca 68 2b 2d 47 dd 81 85 4a 00 00 80 3f 78 af f1 be a0 cc 31 3e 4b 43 5d 3f 00 00 00 00 00 00 00 33 4c fc 7a 3f f5 ae 49 be 00 00 00 00 f9 ae 61 bf ee 67 be bd 8c f3 ec be 00 00 00 00 0e 4e 9e 49 fc 48 9f 49 80 17 cd 4a 00 00 80 3f d2 95 a4 ca ed 3a dd 46 c3 24 85 4a
CAM frame=1103 be 7e a5 ca 68 2b 2d 47 dd 81 85 4a 00 00 80 3f 78 af f1 be a0 cc 31 3e 4b 43 5d 3f 00 00 00 00 00 00 00 33 4c fc 7a 3f f5 ae 49 be 00 00 00 00 f9 ae 61 bf ee 67 be bd 8c f3 ec be 00 00 00 00 0e 4e 9e 49 fc 48 9f 49 80 17 cd 4a 00 00 80 3f d2 95 a4 ca ed 3a dd 46 c3 24 85 4a
CAM frame=1104 be 7e a5 ca 68 2b 2d 47 dd 81 85 4a 00 00 80 3f 78 af f1 be a0 cc 31 3e 4b 43 5d 3f 00 00 00 00 00 00 00 33 4c fc 7a 3f f5 ae 49 be 00 00 00 00 f9 ae 61 bf ee 67 be bd 8c f3 ec be 00 00 00 00 0e 4e 9e 49 fc 48 9f 49 80 17 cd 4a 00 00 80 3f d2 95 a4 ca ed 3a dd 46 c3 24 85 4a
CAM frame=1105 be 7e a5 ca 68 2b 2d 47 dd 81 85 4a 00 00 80 3f 78 af f1 be a0 cc 31 3e 4b 43 5d 3f 00 00 00 00 00 00 00 33 4c fc 7a 3f f5 ae 49 be 00 00 00 00 f9 ae 61 bf ee 67 be bd 8c f3 ec be 00 00 00 00 0e 4e 9e 49 fc 48 9f 49 80 17 cd 4a 00 00 80 3f d2 95 a4 ca ed 3a dd 46 c3 24 85 4a
CAM frame=1106 be 7e a5 ca 68 2b 2d 47 dd 81 85 4a 00 00 80 3f 78 af f1 be a0 cc 31 3e 4b 43 5d 3f 00 00 00 00 00 00 00 33 4c fc 7a 3f f5 ae 49 be 00 00 00 00 f9 ae 61 bf ee 67 be bd 8c f3 ec be 00 00 00 00 0e 4e 9e 49 fc 48 9f 49 80 17 cd 4a 00 00 80 3f d2 95 a4 ca ed 3a dd 46 c3 24 85 4a
CAM frame=1107 be 7e a5 ca 68 2b 2d 47 dd 81 85 4a 00 00 80 3f 78 af f1 be a0 cc 31 3e 4b 43 5d 3f 00 00 00 00 00 00 00 33 4c fc 7a 3f f5 ae 49 be 00 00 00 00 f9 ae 61 bf ee 67 be bd 8c f3 ec be 00 00 00 00 0e 4e 9e 49 fc 48 9f 49 80 17 cd 4a 00 00 80 3f d2 95 a4 ca ed 3a dd 46 c3 24 85 4a
CAM frame=1108 be 7e a5 ca 68 2b 2d 47 dd 81 85 4a 00 00 80 3f 78 af f1 be a0 cc 31 3e 4b 43 5d 3f 00 00 00 00 00 00 00 33 4c fc 7a 3f f5 ae 49 be 00 00 00 00 f9 ae 61 bf ee 67 be bd 8c f3 ec be 00 00 00 00 0e 4e 9e 49 fc 48 9f 49 80 17 cd 4a 00 00 80 3f d2 95 a4 ca ed 3a dd 46 c3 24 85 4a
CAM frame=1109 be 7e a5 ca 68 2b 2d 47 dd 81 85 4a 00 00 80 3f 78 af f1 be a0 cc 31 3e 4b 43 5d 3f 00 00 00 00 00 00 00 33 4c fc 7a 3f f5 ae 49 be 00 00 00 00 f9 ae 61 bf ee 67 be bd 8c f3 ec be 00 00 00 00 0e 4e 9e 49 fc 48 9f 49 80 17 cd 4a 00 00 80 3f d2 95 a4 ca ed 3a dd 46 c3 24 85 4a
CAM frame=1110 be 7e a5 ca 68 2b 2d 47 dd 81 85 4a 00 00 80 3f 78 af f1 be a0 cc 31 3e 4b 43 5d 3f 00 00 00 00 00 00 00 33 4c fc 7a 3f f5 ae 49 be 00 00 00 00 f9 ae 61 bf ee 67 be bd 8c f3 ec be 00 00 00 00 0e 4e 9e 49 fc 48 9f 49 80 17 cd 4a 00 00 80 3f d2 95 a4 ca ed 3a dd 46 c3 24 85 4a
CAM frame=1111 be 7e a5 ca 68 2b 2d 47 dd 81 85 4a 00 00 80 3f 78 af f1 be a0 cc 31 3e 4b 43 5d 3f 00 00 00 00 00 00 00 33 4c fc 7a 3f f5 ae 49 be 00 00 00 00 f9 ae 61 bf ee 67 be bd 8c f3 ec be 00 00 00 00 0e 4e 9e 49 fc 48 9f 49 80 17 cd 4a 00 00 80 3f d2 95 a4 ca ed 3a dd 46 c3 24 85 4a
CAM frame=1112 be 7e a5 ca 68 2b 2d 47 dd 81 85 4a 00 00 80 3f 78 af f1 be a0 cc 31 3e 4b 43 5d 3f 00 00 00 00 00 00 00 33 4c fc 7a 3f f5 ae 49 be 00 00 00 00 f9 ae 61 bf ee 67 be bd 8c f3 ec be 00 00 00 00 0e 4e 9e 49 fc 48 9f 49 80 17 cd 4a 00 00 80 3f d2 95 a4 ca ed 3a dd 46 c3 24 85 4a
CAM frame=1113 be 7e a5 ca 68 2b 2d 47 dd 81 85 4a 00 00 80 3f 78 af f1 be a0 cc 31 3e 4b 43 5d 3f 00 00 00 00 00 00 00 33 4c fc 7a 3f f5 ae 49 be 00 00 00 00 f9 ae 61 bf ee 67 be bd 8c f3 ec be 00 00 00 00 0e 4e 9e 49 fc 48 9f 49 80 17 cd 4a 00 00 80 3f d2 95 a4 ca ed 3a dd 46 c3 24 85 4a
CAM frame=1114 be 7e a5 ca 68 2b 2d 47 dd 81 85 4a 00 00 80 3f 78 af f1 be a0 cc 31 3e 4b 43 5d 3f 00 00 00 00 00 00 00 33 4c fc 7a 3f f5 ae 49 be 00 00 00 00 f9 ae 61 bf ee 67 be bd 8c f3 ec be 00 00 00 00 0e 4e 9e 49 fc 48 9f 49 80 17 cd 4a 00 00 80 3f d2 95 a4 ca ed 3a dd 46 c3 24 85 4a
CAM frame=1115 be 7e a5 ca 68 2b 2d 47 dd 81 85 4a 00 00 80 3f 78 af f1 be a0 cc 31 3e 4b 43 5d 3f 00 00 00 00 00 00 00 33 4c fc 7a 3f f5 ae 49 be 00 00 00 00 f9 ae 61 bf ee 67 be bd 8c f3 ec be 00 00 00 00 0e 4e 9e 49 fc 48 9f 49 80 17 cd 4a 00 00 80 3f d2 95 a4 ca ed 3a dd 46 c3 24 85 4a
CAM frame=1116 be 7e a5 ca 68 2b 2d 47 dd 81 85 4a 00 00 80 3f 78 af f1 be a0 cc 31 3e 4b 43 5d 3f 00 00 00 00 00 00 00 33 4c fc 7a 3f f5 ae 49 be 00 00 00 00 f9 ae 61 bf ee 67 be bd 8c f3 ec be 00 00 00 00 0e 4e 9e 49 fc 48 9f 49 80 17 cd 4a 00 00 80 3f d2 95 a4 ca ed 3a dd 46 c3 24 85 4a
CAM frame=1117 be 7e a5 ca 68 2b 2d 47 dd 81 85 4a 00 00 80 3f 78 af f1 be a0 cc 31 3e 4b 43 5d 3f 00 00 00 00 00 00 00 33 4c fc 7a 3f f5 ae 49 be 00 00 00 00 f9 ae 61 bf ee 67 be bd 8c f3 ec be 00 00 00 00 0e 4e 9e 49 fc 48 9f 49 80 17 cd 4a 00 00 80 3f d2 95 a4 ca ed 3a dd 46 c3 24 85 4a
CAM frame=1118 be 7e a5 ca 68 2b 2d 47 dd 81 85 4a 00 00 80 3f 78 af f1 be a0 cc 31 3e 4b 43 5d 3f 00 00 00 00 00 00 00 33 4c fc 7a 3f f5 ae 49 be 00 00 00 00 f9 ae 61 bf ee 67 be bd 8c f3 ec be 00 00 00 00 0e 4e 9e 49 fc 48 9f 49 80 17 cd 4a 00 00 80 3f d2 95 a4 ca ed 3a dd 46 c3 24 85 4a
CAM frame=1119 be 7e a5 ca 68 2b 2d 47 dd 81 85 4a 00 00 80 3f 78 af f1 be a0 cc 31 3e 4b 43 5d 3f 00 00 00 00 00 00 00 33 4c fc 7a 3f f5 ae 49 be 00 00 00 00 f9 ae 61 bf ee 67 be bd 8c f3 ec be 00 00 00 00 0e 4e 9e 49 fc 48 9f 49 80 17 cd 4a 00 00 80 3f d2 95 a4 ca ed 3a dd 46 c3 24 85 4a
CAM frame=1120 be 7e a5 ca 68 2b 2d 47 dd 81 85 4a 00 00 80 3f 78 af f1 be a0 cc 31 3e 4b 43 5d 3f 00 00 00 00 00 00 00 33 4c fc 7a 3f f5 ae 49 be 00 00 00 00 f9 ae 61 bf ee 67 be bd 8c f3 ec be 00 00 00 00 0e 4e 9e 49 fc 48 9f 49 80 17 cd 4a 00 00 80 3f d2 95 a4 ca ed 3a dd 46 c3 24 85 4a
CAM frame=1121 be 7e a5 ca 68 2b 2d 47 dd 81 85 4a 00 00 80 3f 78 af f1 be a0 cc 31 3e 4b 43 5d 3f 00 00 00 00 00 00 00 33 4c fc 7a 3f f5 ae 49 be 00 00 00 00 f9 ae 61 bf ee 67 be bd 8c f3 ec be 00 00 00 00 0e 4e 9e 49 fc 48 9f 49 80 17 cd 4a 00 00 80 3f d2 95 a4 ca ed 3a dd 46 c3 24 85 4a
CAM frame=1122 be 7e a5 ca 68 2b 2d 47 dd 81 85 4a 00 00 80 3f 78 af f1 be a0 cc 31 3e 4b 43 5d 3f 00 00 00 00 00 00 00 33 4c fc 7a 3f f5 ae 49 be 00 00 00 00 f9 ae 61 bf ee 67 be bd 8c f3 ec be 00 00 00 00 0e 4e 9e 49 fc 48 9f 49 80 17 cd 4a 00 00 80 3f d2 95 a4 ca ed 3a dd 46 c3 24 85 4a
CAM frame=1123 be 7e a5 ca 68 2b 2d 47 dd 81 85 4a 00 00 80 3f 78 af f1 be a0 cc 31 3e 4b 43 5d 3f 00 00 00 00 00 00 00 33 4c fc 7a 3f f5 ae 49 be 00 00 00 00 f9 ae 61 bf ee 67 be bd 8c f3 ec be 00 00 00 00 0e 4e 9e 49 fc 48 9f 49 80 17 cd 4a 00 00 80 3f d2 95 a4 ca ed 3a dd 46 c3 24 85 4a
CAM frame=1124 be 7e a5 ca 68 2b 2d 47 dd 81 85 4a 00 00 80 3f 78 af f1 be a0 cc 31 3e 4b 43 5d 3f 00 00 00 00 00 00 00 33 4c fc 7a 3f f5 ae 49 be 00 00 00 00 f9 ae 61 bf ee 67 be bd 8c f3 ec be 00 00 00 00 0e 4e 9e 49 fc 48 9f 49 80 17 cd 4a 00 00 80 3f d2 95 a4 ca ed 3a dd 46 c3 24 85 4a
CAM frame=1125 be 7e a5 ca 68 2b 2d 47 dd 81 85 4a 00 00 80 3f 78 af f1 be a0 cc 31 3e 4b 43 5d 3f 00 00 00 00 00 00 00 33 4c fc 7a 3f f5 ae 49 be 00 00 00 00 f9 ae 61 bf ee 67 be bd 8c f3 ec be 00 00 00 00 0e 4e 9e 49 fc 48 9f 49 80 17 cd 4a 00 00 80 3f d2 95 a4 ca ed 3a dd 46 c3 24 85 4a
CAM frame=1126 be 7e a5 ca 68 2b 2d 47 dd 81 85 4a 00 00 80 3f 78 af f1 be a0 cc 31 3e 4b 43 5d 3f 00 00 00 00 00 00 00 33 4c fc 7a 3f f5 ae 49 be 00 00 00 00 f9 ae 61 bf ee 67 be bd 8c f3 ec be 00 00 00 00 0e 4e 9e 49 fc 48 9f 49 80 17 cd 4a 00 00 80 3f d2 95 a4 ca ed 3a dd 46 c3 24 85 4a
CAM frame=1127 be 7e a5 ca 68 2b 2d 47 dd 81 85 4a 00 00 80 3f 78 af f1 be a0 cc 31 3e 4b 43 5d 3f 00 00 00 00 00 00 00 33 4c fc 7a 3f f5 ae 49 be 00 00 00 00 f9 ae 61 bf ee 67 be bd 8c f3 ec be 00 00 00 00 0e 4e 9e 49 fc 48 9f 49 80 17 cd 4a 00 00 80 3f d2 95 a4 ca ed 3a dd 46 c3 24 85 4a
CAM frame=1128 be 7e a5 ca 68 2b 2d 47 dd 81 85 4a 00 00 80 3f 78 af f1 be a0 cc 31 3e 4b 43 5d 3f 00 00 00 00 00 00 00 33 4c fc 7a 3f f5 ae 49 be 00 00 00 00 f9 ae 61 bf ee 67 be bd 8c f3 ec be 00 00 00 00 0e 4e 9e 49 fc 48 9f 49 80 17 cd 4a 00 00 80 3f d2 95 a4 ca ed 3a dd 46 c3 24 85 4a
CAM frame=1129 be 7e a5 ca 68 2b 2d 47 dd 81 85 4a 00 00 80 3f 78 af f1 be a0 cc 31 3e 4b 43 5d 3f 00 00 00 00 00 00 00 33 4c fc 7a 3f f5 ae 49 be 00 00 00 00 f9 ae 61 bf ee 67 be bd 8c f3 ec be 00 00 00 00 0e 4e 9e 49 fc 48 9f 49 80 17 cd 4a 00 00 80 3f d2 95 a4 ca ed 3a dd 46 c3 24 85 4a
CAM frame=1130 be 7e a5 ca 68 2b 2d 47 dd 81 85 4a 00 00 80 3f 78 af f1 be a0 cc 31 3e 4b 43 5d 3f 00 00 00 00 00 00 00 33 4c fc 7a 3f f5 ae 49 be 00 00 00 00 f9 ae 61 bf ee 67 be bd 8c f3 ec be 00 00 00 00 0e 4e 9e 49 fc 48 9f 49 80 17 cd 4a 00 00 80 3f d2 95 a4 ca ed 3a dd 46 c3 24 85 4a
CAM frame=1131 be 7e a5 ca 68 2b 2d 47 dd 81 85 4a 00 00 80 3f 78 af f1 be a0 cc 31 3e 4b 43 5d 3f 00 00 00 00 00 00 00 33 4c fc 7a 3f f5 ae 49 be 00 00 00 00 f9 ae 61 bf ee 67 be bd 8c f3 ec be 00 00 00 00 0e 4e 9e 49 fc 48 9f 49 80 17 cd 4a 00 00 80 3f d2 95 a4 ca ed 3a dd 46 c3 24 85 4a
CAM frame=1132 be 7e a5 ca 68 2b 2d 47 dd 81 85 4a 00 00 80 3f 78 af f1 be a0 cc 31 3e 4b 43 5d 3f 00 00 00 00 00 00 00 33 4c fc 7a 3f f5 ae 49 be 00 00 00 00 f9 ae 61 bf ee 67 be bd 8c f3 ec be 00 00 00 00 0e 4e 9e 49 fc 48 9f 49 80 17 cd 4a 00 00 80 3f d2 95 a4 ca ed 3a dd 46 c3 24 85 4a
CAM frame=1133 be 7e a5 ca 68 2b 2d 47 dd 81 85 4a 00 00 80 3f 78 af f1 be a0 cc 31 3e 4b 43 5d 3f 00 00 00 00 00 00 00 33 4c fc 7a 3f f5 ae 49 be 00 00 00 00 f9 ae 61 bf ee 67 be bd 8c f3 ec be 00 00 00 00 0e 4e 9e 49 fc 48 9f 49 80 17 cd 4a 00 00 80 3f d2 95 a4 ca ed 3a dd 46 c3 24 85 4a
CAM frame=1134 be 7e a5 ca 68 2b 2d 47 dd 81 85 4a 00 00 80 3f 78 af f1 be a0 cc 31 3e 4b 43 5d 3f 00 00 00 00 00 00 00 33 4c fc 7a 3f f5 ae 49 be 00 00 00 00 f9 ae 61 bf ee 67 be bd 8c f3 ec be 00 00 00 00 0e 4e 9e 49 fc 48 9f 49 80 17 cd 4a 00 00 80 3f d2 95 a4 ca ed 3a dd 46 c3 24 85 4a
CAM frame=1135 be 7e a5 ca 68 2b 2d 47 dd 81 85 4a 00 00 80 3f 78 af f1 be a0 cc 31 3e 4b 43 5d 3f 00 00 00 00 00 00 00 33 4c fc 7a 3f f5 ae 49 be 00 00 00 00 f9 ae 61 bf ee 67 be bd 8c f3 ec be 00 00 00 00 0e 4e 9e 49 fc 48 9f 49 80 17 cd 4a 00 00 80 3f d2 95 a4 ca ed 3a dd 46 c3 24 85 4a
CAM frame=1136 be 7e a5 ca 68 2b 2d 47 dd 81 85 4a 00 00 80 3f 78 af f1 be a0 cc 31 3e 4b 43 5d 3f 00 00 00 00 00 00 00 33 4c fc 7a 3f f5 ae 49 be 00 00 00 00 f9 ae 61 bf ee 67 be bd 8c f3 ec be 00 00 00 00 0e 4e 9e 49 fc 48 9f 49 80 17 cd 4a 00 00 80 3f d2 95 a4 ca ed 3a dd 46 c3 24 85 4a
CAM frame=1137 be 7e a5 ca 68 2b 2d 47 dd 81 85 4a 00 00 80 3f 78 af f1 be a0 cc 31 3e 4b 43 5d 3f 00 00 00 00 00 00 00 33 4c fc 7a 3f f5 ae 49 be 00 00 00 00 f9 ae 61 bf ee 67 be bd 8c f3 ec be 00 00 00 00 0e 4e 9e 49 fc 48 9f 49 80 17 cd 4a 00 00 80 3f d2 95 a4 ca ed 3a dd 46 c3 24 85 4a
CAM frame=1138 be 7e a5 ca 68 2b 2d 47 dd 81 85 4a 00 00 80 3f 78 af f1 be a0 cc 31 3e 4b 43 5d 3f 00 00 00 00 00 00 00 33 4c fc 7a 3f f5 ae 49 be 00 00 00 00 f9 ae 61 bf ee 67 be bd 8c f3 ec be 00 00 00 00 0e 4e 9e 49 fc 48 9f 49 80 17 cd 4a 00 00 80 3f d2 95 a4 ca ed 3a dd 46 c3 24 85 4a
CAM frame=1139 be 7e a5 ca 68 2b 2d 47 dd 81 85 4a 00 00 80 3f 78 af f1 be a0 cc 31 3e 4b 43 5d 3f 00 00 00 00 00 00 00 33 4c fc 7a 3f f5 ae 49 be 00 00 00 00 f9 ae 61 bf ee 67 be bd 8c f3 ec be 00 00 00 00 0e 4e 9e 49 fc 48 9f 49 80 17 cd 4a 00 00 80 3f d2 95 a4 ca ed 3a dd 46 c3 24 85 4a
CAM frame=1140 be 7e a5 ca 68 2b 2d 47 dd 81 85 4a 00 00 80 3f 78 af f1 be a0 cc 31 3e 4b 43 5d 3f 00 00 00 00 00 00 00 33 4c fc 7a 3f f5 ae 49 be 00 00 00 00 f9 ae 61 bf ee 67 be bd 8c f3 ec be 00 00 00 00 0e 4e 9e 49 fc 48 9f 49 80 17 cd 4a 00 00 80 3f d2 95 a4 ca ed 3a dd 46 c3 24 85 4a
CAM frame=1141 be 7e a5 ca 68 2b 2d 47 dd 81 85 4a 00 00 80 3f 78 af f1 be a0 cc 31 3e 4b 43 5d 3f 00 00 00 00 00 00 00 33 4c fc 7a 3f f5 ae 49 be 00 00 00 00 f9 ae 61 bf ee 67 be bd 8c f3 ec be 00 00 00 00 0e 4e 9e 49 fc 48 9f 49 80 17 cd 4a 00 00 80 3f d2 95 a4 ca ed 3a dd 46 c3 24 85 4a
CAM frame=1142 be 7e a5 ca 68 2b 2d 47 dd 81 85 4a 00 00 80 3f 78 af f1 be a0 cc 31 3e 4b 43 5d 3f 00 00 00 00 00 00 00 33 4c fc 7a 3f f5 ae 49 be 00 00 00 00 f9 ae 61 bf ee 67 be bd 8c f3 ec be 00 00 00 00 0e 4e 9e 49 fc 48 9f 49 80 17 cd 4a 00 00 80 3f d2 95 a4 ca ed 3a dd 46 c3 24 85 4a
CAM frame=1143 be 7e a5 ca 68 2b 2d 47 dd 81 85 4a 00 00 80 3f 78 af f1 be a0 cc 31 3e 4b 43 5d 3f 00 00 00 00 00 00 00 33 4c fc 7a 3f f5 ae 49 be 00 00 00 00 f9 ae 61 bf ee 67 be bd 8c f3 ec be 00 00 00 00 0e 4e 9e 49 fc 48 9f 49 80 17 cd 4a 00 00 80 3f d2 95 a4 ca ed 3a dd 46 c3 24 85 4a
CAM frame=1144 be 7e a5 ca 68 2b 2d 47 dd 81 85 4a 00 00 80 3f 78 af f1 be a0 cc 31 3e 4b 43 5d 3f 00 00 00 00 00 00 00 33 4c fc 7a 3f f5 ae 49 be 00 00 00 00 f9 ae 61 bf ee 67 be bd 8c f3 ec be 00 00 00 00 0e 4e 9e 49 fc 48 9f 49 80 17 cd 4a 00 00 80 3f d2 95 a4 ca ed 3a dd 46 c3 24 85 4a
CAM frame=1145 be 7e a5 ca 68 2b 2d 47 dd 81 85 4a 00 00 80 3f 78 af f1 be a0 cc 31 3e 4b 43 5d 3f 00 00 00 00 00 00 00 33 4c fc 7a 3f f5 ae 49 be 00 00 00 00 f9 ae 61 bf ee 67 be bd 8c f3 ec be 00 00 00 00 0e 4e 9e 49 fc 48 9f 49 80 17 cd 4a 00 00 80 3f d2 95 a4 ca ed 3a dd 46 c3 24 85 4a
CAM frame=1146 be 7e a5 ca 68 2b 2d 47 dd 81 85 4a 00 00 80 3f 78 af f1 be a0 cc 31 3e 4b 43 5d 3f 00 00 00 00 00 00 00 33 4c fc 7a 3f f5 ae 49 be 00 00 00 00 f9 ae 61 bf ee 67 be bd 8c f3 ec be 00 00 00 00 0e 4e 9e 49 fc 48 9f 49 80 17 cd 4a 00 00 80 3f d2 95 a4 ca ed 3a dd 46 c3 24 85 4a
CAM frame=1147 be 7e a5 ca 68 2b 2d 47 dd 81 85 4a 00 00 80 3f 78 af f1 be a0 cc 31 3e 4b 43 5d 3f 00 00 00 00 00 00 00 33 4c fc 7a 3f f5 ae 49 be 00 00 00 00 f9 ae 61 bf ee 67 be bd 8c f3 ec be 00 00 00 00 0e 4e 9e 49 fc 48 9f 49 80 17 cd 4a 00 00 80 3f d2 95 a4 ca ed 3a dd 46 c3 24 85 4a
CAM frame=1148 be 7e a5 ca 68 2b 2d 47 dd 81 85 4a 00 00 80 3f 78 af f1 be a0 cc 31 3e 4b 43 5d 3f 00 00 00 00 00 00 00 33 4c fc 7a 3f f5 ae 49 be 00 00 00 00 f9 ae 61 bf ee 67 be bd 8c f3 ec be 00 00 00 00 0e 4e 9e 49 fc 48 9f 49 80 17 cd 4a 00 00 80 3f d2 95 a4 ca ed 3a dd 46 c3 24 85 4a
CAM frame=1149 be 7e a5 ca 68 2b 2d 47 dd 81 85 4a 00 00 80 3f 78 af f1 be a0 cc 31 3e 4b 43 5d 3f 00 00 00 00 00 00 00 33 4c fc 7a 3f f5 ae 49 be 00 00 00 00 f9 ae 61 bf ee 67 be bd 8c f3 ec be 00 00 00 00 0e 4e 9e 49 fc 48 9f 49 80 17 cd 4a 00 00 80 3f d2 95 a4 ca ed 3a dd 46 c3 24 85 4a
CAM frame=1150 be 7e a5 ca 68 2b 2d 47 dd 81 85 4a 00 00 80 3f 78 af f1 be a0 cc 31 3e 4b 43 5d 3f 00 00 00 00 00 00 00 33 4c fc 7a 3f f5 ae 49 be 00 00 00 00 f9 ae 61 bf ee 67 be bd 8c f3 ec be 00 00 00 00 0e 4e 9e 49 fc 48 9f 49 80 17 cd 4a 00 00 80 3f d2 95 a4 ca ed 3a dd 46 c3 24 85 4a
CAM frame=1151 be 7e a5 ca 68 2b 2d 47 dd 81 85 4a 00 00 80 3f 78 af f1 be a0 cc 31 3e 4b 43 5d 3f 00 00 00 00 00 00 00 33 4c fc 7a 3f f5 ae 49 be 00 00 00 00 f9 ae 61 bf ee 67 be bd 8c f3 ec be 00 00 00 00 0e 4e 9e 49 fc 48 9f 49 80 17 cd 4a 00 00 80 3f d2 95 a4 ca ed 3a dd 46 c3 24 85 4a
CAM frame=1152 be 7e a5 ca 68 2b 2d 47 dd 81 85 4a 00 00 80 3f 78 af f1 be a0 cc 31 3e 4b 43 5d 3f 00 00 00 00 00 00 00 33 4c fc 7a 3f f5 ae 49 be 00 00 00 00 f9 ae 61 bf ee 67 be bd 8c f3 ec be 00 00 00 00 0e 4e 9e 49 fc 48 9f 49 80 17 cd 4a 00 00 80 3f d2 95 a4 ca ed 3a dd 46 c3 24 85 4a
CAM frame=1153 be 7e a5 ca 68 2b 2d 47 dd 81 85 4a 00 00 80 3f 78 af f1 be a0 cc 31 3e 4b 43 5d 3f 00 00 00 00 00 00 00 33 4c fc 7a 3f f5 ae 49 be 00 00 00 00 f9 ae 61 bf ee 67 be bd 8c f3 ec be 00 00 00 00 0e 4e 9e 49 fc 48 9f 49 80 17 cd 4a 00 00 80 3f d2 95 a4 ca ed 3a dd 46 c3 24 85 4a
CAM frame=1154 be 7e a5 ca 68 2b 2d 47 dd 81 85 4a 00 00 80 3f 78 af f1 be a0 cc 31 3e 4b 43 5d 3f 00 00 00 00 00 00 00 33 4c fc 7a 3f f5 ae 49 be 00 00 00 00 f9 ae 61 bf ee 67 be bd 8c f3 ec be 00 00 00 00 0e 4e 9e 49 fc 48 9f 49 80 17 cd 4a 00 00 80 3f d2 95 a4 ca ed 3a dd 46 c3 24 85 4a
CAM frame=1155 be 7e a5 ca 68 2b 2d 47 dd 81 85 4a 00 00 80 3f 78 af f1 be a0 cc 31 3e 4b 43 5d 3f 00 00 00 00 00 00 00 33 4c fc 7a 3f f5 ae 49 be 00 00 00 00 f9 ae 61 bf ee 67 be bd 8c f3 ec be 00 00 00 00 0e 4e 9e 49 fc 48 9f 49 80 17 cd 4a 00 00 80 3f d2 95 a4 ca ed 3a dd 46 c3 24 85 4a
CAM frame=1156 be 7e a5 ca 68 2b 2d 47 dd 81 85 4a 00 00 80 3f 78 af f1 be a0 cc 31 3e 4b 43 5d 3f 00 00 00 00 00 00 00 33 4c fc 7a 3f f5 ae 49 be 00 00 00 00 f9 ae 61 bf ee 67 be bd 8c f3 ec be 00 00 00 00 0e 4e 9e 49 fc 48 9f 49 80 17 cd 4a 00 00 80 3f d2 95 a4 ca ed 3a dd 46 c3 24 85 4a
CAM frame=1157 be 7e a5 ca 68 2b 2d 47 dd 81 85 4a 00 00 80 3f 78 af f1 be a0 cc 31 3e 4b 43 5d 3f 00 00 00 00 00 00 00 33 4c fc 7a 3f f5 ae 49 be 00 00 00 00 f9 ae 61 bf ee 67 be bd 8c f3 ec be 00 00 00 00 0e 4e 9e 49 fc 48 9f 49 80 17 cd 4a 00 00 80 3f d2 95 a4 ca ed 3a dd 46 c3 24 85 4a
CAM frame=1158 be 7e a5 ca 68 2b 2d 47 dd 81 85 4a 00 00 80 3f 78 af f1 be a0 cc 31 3e 4b 43 5d 3f 00 00 00 00 00 00 00 33 4c fc 7a 3f f5 ae 49 be 00 00 00 00 f9 ae 61 bf ee 67 be bd 8c f3 ec be 00 00 00 00 0e 4e 9e 49 fc 48 9f 49 80 17 cd 4a 00 00 80 3f d2 95 a4 ca ed 3a dd 46 c3 24 85 4a
CAM frame=1159 be 7e a5 ca 68 2b 2d 47 dd 81 85 4a 00 00 80 3f 78 af f1 be a0 cc 31 3e 4b 43 5d 3f 00 00 00 00 00 00 00 33 4c fc 7a 3f f5 ae 49 be 00 00 00 00 f9 ae 61 bf ee 67 be bd 8c f3 ec be 00 00 00 00 0e 4e 9e 49 fc 48 9f 49 80 17 cd 4a 00 00 80 3f d2 95 a4 ca ed 3a dd 46 c3 24 85 4a
CAM frame=1160 be 7e a5 ca 68 2b 2d 47 dd 81 85 4a 00 00 80 3f 78 af f1 be a0 cc 31 3e 4b 43 5d 3f 00 00 00 00 00 00 00 33 4c fc 7a 3f f5 ae 49 be 00 00 00 00 f9 ae 61 bf ee 67 be bd 8c f3 ec be 00 00 00 00 0e 4e 9e 49 fc 48 9f 49 80 17 cd 4a 00 00 80 3f d2 95 a4 ca ed 3a dd 46 c3 24 85 4a
CAM frame=1161 be 7e a5 ca 68 2b 2d 47 dd 81 85 4a 00 00 80 3f 78 af f1 be a0 cc 31 3e 4b 43 5d 3f 00 00 00 00 00 00 00 33 4c fc 7a 3f f5 ae 49 be 00 00 00 00 f9 ae 61 bf ee 67 be bd 8c f3 ec be 00 00 00 00 0e 4e 9e 49 fc 48 9f 49 80 17 cd 4a 00 00 80 3f d2 95 a4 ca ed 3a dd 46 c3 24 85 4a
CAM frame=1162 be 7e a5 ca 68 2b 2d 47 dd 81 85 4a 00 00 80 3f 78 af f1 be a0 cc 31 3e 4b 43 5d 3f 00 00 00 00 00 00 00 33 4c fc 7a 3f f5 ae 49 be 00 00 00 00 f9 ae 61 bf ee 67 be bd 8c f3 ec be 00 00 00 00 0e 4e 9e 49 fc 48 9f 49 80 17 cd 4a 00 00 80 3f d2 95 a4 ca ed 3a dd 46 c3 24 85 4a
CAM frame=1163 be 7e a5 ca 68 2b 2d 47 dd 81 85 4a 00 00 80 3f 78 af f1 be a0 cc 31 3e 4b 43 5d 3f 00 00 00 00 00 00 00 33 4c fc 7a 3f f5 ae 49 be 00 00 00 00 f9 ae 61 bf ee 67 be bd 8c f3 ec be 00 00 00 00 0e 4e 9e 49 fc 48 9f 49 80 17 cd 4a 00 00 80 3f d2 95 a4 ca ed 3a dd 46 c3 24 85 4a
CAM frame=1164 be 7e a5 ca 68 2b 2d 47 dd 81 85 4a 00 00 80 3f 78 af f1 be a0 cc 31 3e 4b 43 5d 3f 00 00 00 00 00 00 00 33 4c fc 7a 3f f5 ae 49 be 00 00 00 00 f9 ae 61 bf ee 67 be bd 8c f3 ec be 00 00 00 00 0e 4e 9e 49 fc 48 9f 49 80 17 cd 4a 00 00 80 3f d2 95 a4 ca ed 3a dd 46 c3 24 85 4a
CAM frame=1165 be 7e a5 ca 68 2b 2d 47 dd 81 85 4a 00 00 80 3f 78 af f1 be a0 cc 31 3e 4b 43 5d 3f 00 00 00 00 00 00 00 33 4c fc 7a 3f f5 ae 49 be 00 00 00 00 f9 ae 61 bf ee 67 be bd 8c f3 ec be 00 00 00 00 0e 4e 9e 49 fc 48 9f 49 80 17 cd 4a 00 00 80 3f d2 95 a4 ca ed 3a dd 46 c3 24 85 4a
CAM frame=1166 be 7e a5 ca 68 2b 2d 47 dd 81 85 4a 00 00 80 3f 78 af f1 be a0 cc 31 3e 4b 43 5d 3f 00 00 00 00 00 00 00 33 4c fc 7a 3f f5 ae 49 be 00 00 00 00 f9 ae 61 bf ee 67 be bd 8c f3 ec be 00 00 00 00 0e 4e 9e 49 fc 48 9f 49 80 17 cd 4a 00 00 80 3f d2 95 a4 ca ed 3a dd 46 c3 24 85 4a
CAM frame=1167 be 7e a5 ca 68 2b 2d 47 dd 81 85 4a 00 00 80 3f 78 af f1 be a0 cc 31 3e 4b 43 5d 3f 00 00 00 00 00 00 00 33 4c fc 7a 3f f5 ae 49 be 00 00 00 00 f9 ae 61 bf ee 67 be bd 8c f3 ec be 00 00 00 00 0e 4e 9e 49 fc 48 9f 49 80 17 cd 4a 00 00 80 3f d2 95 a4 ca ed 3a dd 46 c3 24 85 4a
CAM frame=1168 be 7e a5 ca 68 2b 2d 47 dd 81 85 4a 00 00 80 3f 78 af f1 be a0 cc 31 3e 4b 43 5d 3f 00 00 00 00 00 00 00 33 4c fc 7a 3f f5 ae 49 be 00 00 00 00 f9 ae 61 bf ee 67 be bd 8c f3 ec be 00 00 00 00 0e 4e 9e 49 fc 48 9f 49 80 17 cd 4a 00 00 80 3f d2 95 a4 ca ed 3a dd 46 c3 24 85 4a
CAM frame=1169 be 7e a5 ca 68 2b 2d 47 dd 81 85 4a 00 00 80 3f 78 af f1 be a0 cc 31 3e 4b 43 5d 3f 00 00 00 00 00 00 00 33 4c fc 7a 3f f5 ae 49 be 00 00 00 00 f9 ae 61 bf ee 67 be bd 8c f3 ec be 00 00 00 00 0e 4e 9e 49 fc 48 9f 49 80 17 cd 4a 00 00 80 3f d2 95 a4 ca ed 3a dd 46 c3 24 85 4a
CAM frame=1170 be 7e a5 ca 68 2b 2d 47 dd 81 85 4a 00 00 80 3f 78 af f1 be a0 cc 31 3e 4b 43 5d 3f 00 00 00 00 00 00 00 33 4c fc 7a 3f f5 ae 49 be 00 00 00 00 f9 ae 61 bf ee 67 be bd 8c f3 ec be 00 00 00 00 0e 4e 9e 49 fc 48 9f 49 80 17 cd 4a 00 00 80 3f d2 95 a4 ca ed 3a dd 46 c3 24 85 4a
CAM frame=1171 be 7e a5 ca 68 2b 2d 47 dd 81 85 4a 00 00 80 3f 78 af f1 be a0 cc 31 3e 4b 43 5d 3f 00 00 00 00 00 00 00 33 4c fc 7a 3f f5 ae 49 be 00 00 00 00 f9 ae 61 bf ee 67 be bd 8c f3 ec be 00 00 00 00 0e 4e 9e 49 fc 48 9f 49 80 17 cd 4a 00 00 80 3f d2 95 a4 ca ed 3a dd 46 c3 24 85 4a
CAM frame=1172 be 7e a5 ca 68 2b 2d 47 dd 81 85 4a 00 00 80 3f 78 af f1 be a0 cc 31 3e 4b 43 5d 3f 00 00 00 00 00 00 00 33 4c fc 7a 3f f5 ae 49 be 00 00 00 00 f9 ae 61 bf ee 67 be bd 8c f3 ec be 00 00 00 00 0e 4e 9e 49 fc 48 9f 49 80 17 cd 4a 00 00 80 3f d2 95 a4 ca ed 3a dd 46 c3 24 85 4a
CAM frame=1173 be 7e a5 ca 68 2b 2d 47 dd 81 85 4a 00 00 80 3f 78 af f1 be a0 cc 31 3e 4b 43 5d 3f 00 00 00 00 00 00 00 33 4c fc 7a 3f f5 ae 49 be 00 00 00 00 f9 ae 61 bf ee 67 be bd 8c f3 ec be 00 00 00 00 0e 4e 9e 49 fc 48 9f 49 80 17 cd 4a 00 00 80 3f d2 95 a4 ca ed 3a dd 46 c3 24 85 4a
CAM frame=1174 be 7e a5 ca 68 2b 2d 47 dd 81 85 4a 00 00 80 3f 78 af f1 be a0 cc 31 3e 4b 43 5d 3f 00 00 00 00 00 00 00 33 4c fc 7a 3f f5 ae 49 be 00 00 00 00 f9 ae 61 bf ee 67 be bd 8c f3 ec be 00 00 00 00 0e 4e 9e 49 fc 48 9f 49 80 17 cd 4a 00 00 80 3f d2 95 a4 ca ed 3a dd 46 c3 24 85 4a
CAM frame=1175 be 7e a5 ca 68 2b 2d 47 dd 81 85 4a 00 00 80 3f 78 af f1 be a0 cc 31 3e 4b 43 5d 3f 00 00 00 00 00 00 00 33 4c fc 7a 3f f5 ae 49 be 00 00 00 00 f9 ae 61 bf ee 67 be bd 8c f3 ec be 00 00 00 00 0e 4e 9e 49 fc 48 9f 49 80 17 cd 4a 00 00 80 3f d2 95 a4 ca ed 3a dd 46 c3 24 85 4a
CAM frame=1176 be 7e a5 ca 68 2b 2d 47 dd 81 85 4a 00 00 80 3f 78 af f1 be a0 cc 31 3e 4b 43 5d 3f 00 00 00 00 00 00 00 33 4c fc 7a 3f f5 ae 49 be 00 00 00 00 f9 ae 61 bf ee 67 be bd 8c f3 ec be 00 00 00 00 0e 4e 9e 49 fc 48 9f 49 80 17 cd 4a 00 00 80 3f d2 95 a4 ca ed 3a dd 46 c3 24 85 4a
CAM frame=1177 be 7e a5 ca 68 2b 2d 47 dd 81 85 4a 00 00 80 3f 78 af f1 be a0 cc 31 3e 4b 43 5d 3f 00 00 00 00 00 00 00 33 4c fc 7a 3f f5 ae 49 be 00 00 00 00 f9 ae 61 bf ee 67 be bd 8c f3 ec be 00 00 00 00 0e 4e 9e 49 fc 48 9f 49 80 17 cd 4a 00 00 80 3f d2 95 a4 ca ed 3a dd 46 c3 24 85 4a
CAM frame=1178 be 7e a5 ca 68 2b 2d 47 dd 81 85 4a 00 00 80 3f 78 af f1 be a0 cc 31 3e 4b 43 5d 3f 00 00 00 00 00 00 00 33 4c fc 7a 3f f5 ae 49 be 00 00 00 00 f9 ae 61 bf ee 67 be bd 8c f3 ec be 00 00 00 00 0e 4e 9e 49 fc 48 9f 49 80 17 cd 4a 00 00 80 3f d2 95 a4 ca ed 3a dd 46 c3 24 85 4a
CAM frame=1179 be 7e a5 ca 68 2b 2d 47 dd 81 85 4a 00 00 80 3f 78 af f1 be a0 cc 31 3e 4b 43 5d 3f 00 00 00 00 00 00 00 33 4c fc 7a 3f f5 ae 49 be 00 00 00 00 f9 ae 61 bf ee 67 be bd 8c f3 ec be 00 00 00 00 0e 4e 9e 49 fc 48 9f 49 80 17 cd 4a 00 00 80 3f d2 95 a4 ca ed 3a dd 46 c3 24 85 4a
CAM frame=1180 be 7e a5 ca 68 2b 2d 47 dd 81 85 4a 00 00 80 3f 78 af f1 be a0 cc 31 3e 4b 43 5d 3f 00 00 00 00 00 00 00 33 4c fc 7a 3f f5 ae 49 be 00 00 00 00 f9 ae 61 bf ee 67 be bd 8c f3 ec be 00 00 00 00 0e 4e 9e 49 fc 48 9f 49 80 17 cd 4a 00 00 80 3f d2 95 a4 ca ed 3a dd 46 c3 24 85 4a
CAM frame=1181 be 7e a5 ca 68 2b 2d 47 dd 81 85 4a 00 00 80 3f 78 af f1 be a0 cc 31 3e 4b 43 5d 3f 00 00 00 00 00 00 00 33 4c fc 7a 3f f5 ae 49 be 00 00 00 00 f9 ae 61 bf ee 67 be bd 8c f3 ec be 00 00 00 00 0e 4e 9e 49 fc 48 9f 49 80 17 cd 4a 00 00 80 3f d2 95 a4 ca ed 3a dd 46 c3 24 85 4a
CAM frame=1182 be 7e a5 ca 68 2b 2d 47 dd 81 85 4a 00 00 80 3f 78 af f1 be a0 cc 31 3e 4b 43 5d 3f 00 00 00 00 00 00 00 33 4c fc 7a 3f f5 ae 49 be 00 00 00 00 f9 ae 61 bf ee 67 be bd 8c f3 ec be 00 00 00 00 0e 4e 9e 49 fc 48 9f 49 80 17 cd 4a 00 00 80 3f d2 95 a4 ca ed 3a dd 46 c3 24 85 4a
CAM frame=1183 be 7e a5 ca 68 2b 2d 47 dd 81 85 4a 00 00 80 3f 78 af f1 be a0 cc 31 3e 4b 43 5d 3f 00 00 00 00 00 00 00 33 4c fc 7a 3f f5 ae 49 be 00 00 00 00 f9 ae 61 bf ee 67 be bd 8c f3 ec be 00 00 00 00 0e 4e 9e 49 fc 48 9f 49 80 17 cd 4a 00 00 80 3f d2 95 a4 ca ed 3a dd 46 c3 24 85 4a
CAM frame=1184 be 7e a5 ca 68 2b 2d 47 dd 81 85 4a 00 00 80 3f 78 af f1 be a0 cc 31 3e 4b 43 5d 3f 00 00 00 00 00 00 00 33 4c fc 7a 3f f5 ae 49 be 00 00 00 00 f9 ae 61 bf ee 67 be bd 8c f3 ec be 00 00 00 00 0e 4e 9e 49 fc 48 9f 49 80 17 cd 4a 00 00 80 3f d2 95 a4 ca ed 3a dd 46 c3 24 85 4a
CAM frame=1185 be 7e a5 ca 68 2b 2d 47 dd 81 85 4a 00 00 80 3f 78 af f1 be a0 cc 31 3e 4b 43 5d 3f 00 00 00 00 00 00 00 33 4c fc 7a 3f f5 ae 49 be 00 00 00 00 f9 ae 61 bf ee 67 be bd 8c f3 ec be 00 00 00 00 0e 4e 9e 49 fc 48 9f 49 80 17 cd 4a 00 00 80 3f d2 95 a4 ca ed 3a dd 46 c3 24 85 4a
CAM frame=1186 be 7e a5 ca 68 2b 2d 47 dd 81 85 4a 00 00 80 3f 78 af f1 be a0 cc 31 3e 4b 43 5d 3f 00 00 00 00 00 00 00 33 4c fc 7a 3f f5 ae 49 be 00 00 00 00 f9 ae 61 bf ee 67 be bd 8c f3 ec be 00 00 00 00 0e 4e 9e 49 fc 48 9f 49 80 17 cd 4a 00 00 80 3f d2 95 a4 ca ed 3a dd 46 c3 24 85 4a
CAM frame=1187 be 7e a5 ca 68 2b 2d 47 dd 81 85 4a 00 00 80 3f 78 af f1 be a0 cc 31 3e 4b 43 5d 3f 00 00 00 00 00 00 00 33 4c fc 7a 3f f5 ae 49 be 00 00 00 00 f9 ae 61 bf ee 67 be bd 8c f3 ec be 00 00 00 00 0e 4e 9e 49 fc 48 9f 49 80 17 cd 4a 00 00 80 3f d2 95 a4 ca ed 3a dd 46 c3 24 85 4a
CAM frame=1188 be 7e a5 ca 68 2b 2d 47 dd 81 85 4a 00 00 80 3f 78 af f1 be a0 cc 31 3e 4b 43 5d 3f 00 00 00 00 00 00 00 33 4c fc 7a 3f f5 ae 49 be 00 00 00 00 f9 ae 61 bf ee 67 be bd 8c f3 ec be 00 00 00 00 0e 4e 9e 49 fc 48 9f 49 80 17 cd 4a 00 00 80 3f d2 95 a4 ca ed 3a dd 46 c3 24 85 4a
CAM frame=1189 be 7e a5 ca 68 2b 2d 47 dd 81 85 4a 00 00 80 3f 78 af f1 be a0 cc 31 3e 4b 43 5d 3f 00 00 00 00 00 00 00 33 4c fc 7a 3f f5 ae 49 be 00 00 00 00 f9 ae 61 bf ee 67 be bd 8c f3 ec be 00 00 00 00 0e 4e 9e 49 fc 48 9f 49 80 17 cd 4a 00 00 80 3f d2 95 a4 ca ed 3a dd 46 c3 24 85 4a
CAM frame=1190 be 7e a5 ca 68 2b 2d 47 dd 81 85 4a 00 00 80 3f 78 af f1 be a0 cc 31 3e 4b 43 5d 3f 00 00 00 00 00 00 00 33 4c fc 7a 3f f5 ae 49 be 00 00 00 00 f9 ae 61 bf ee 67 be bd 8c f3 ec be 00 00 00 00 0e 4e 9e 49 fc 48 9f 49 80 17 cd 4a 00 00 80 3f d2 95 a4 ca ed 3a dd 46 c3 24 85 4a
CAM frame=1191 be 7e a5 ca 68 2b 2d 47 dd 81 85 4a 00 00 80 3f 78 af f1 be a0 cc 31 3e 4b 43 5d 3f 00 00 00 00 00 00 00 33 4c fc 7a 3f f5 ae 49 be 00 00 00 00 f9 ae 61 bf ee 67 be bd 8c f3 ec be 00 00 00 00 0e 4e 9e 49 fc 48 9f 49 80 17 cd 4a 00 00 80 3f d2 95 a4 ca ed 3a dd 46 c3 24 85 4a
CAM frame=1192 be 7e a5 ca 68 2b 2d 47 dd 81 85 4a 00 00 80 3f 78 af f1 be a0 cc 31 3e 4b 43 5d 3f 00 00 00 00 00 00 00 33 4c fc 7a 3f f5 ae 49 be 00 00 00 00 f9 ae 61 bf ee 67 be bd 8c f3 ec be 00 00 00 00 0e 4e 9e 49 fc 48 9f 49 80 17 cd 4a 00 00 80 3f d2 95 a4 ca ed 3a dd 46 c3 24 85 4a
CAM frame=1193 be 7e a5 ca 68 2b 2d 47 dd 81 85 4a 00 00 80 3f 78 af f1 be a0 cc 31 3e 4b 43 5d 3f 00 00 00 00 00 00 00 33 4c fc 7a 3f f5 ae 49 be 00 00 00 00 f9 ae 61 bf ee 67 be bd 8c f3 ec be 00 00 00 00 0e 4e 9e 49 fc 48 9f 49 80 17 cd 4a 00 00 80 3f d2 95 a4 ca ed 3a dd 46 c3 24 85 4a
CAM frame=1194 be 7e a5 ca 68 2b 2d 47 dd 81 85 4a 00 00 80 3f 78 af f1 be a0 cc 31 3e 4b 43 5d 3f 00 00 00 00 00 00 00 33 4c fc 7a 3f f5 ae 49 be 00 00 00 00 f9 ae 61 bf ee 67 be bd 8c f3 ec be 00 00 00 00 0e 4e 9e 49 fc 48 9f 49 80 17 cd 4a 00 00 80 3f d2 95 a4 ca ed 3a dd 46 c3 24 85 4a
CAM frame=1195 be 7e a5 ca 68 2b 2d 47 dd 81 85 4a 00 00 80 3f 78 af f1 be a0 cc 31 3e 4b 43 5d 3f 00 00 00 00 00 00 00 33 4c fc 7a 3f f5 ae 49 be 00 00 00 00 f9 ae 61 bf ee 67 be bd 8c f3 ec be 00 00 00 00 0e 4e 9e 49 fc 48 9f 49 80 17 cd 4a 00 00 80 3f d2 95 a4 ca ed 3a dd 46 c3 24 85 4a
CAM frame=1196 be 7e a5 ca 68 2b 2d 47 dd 81 85 4a 00 00 80 3f 78 af f1 be a0 cc 31 3e 4b 43 5d 3f 00 00 00 00 00 00 00 33 4c fc 7a 3f f5 ae 49 be 00 00 00 00 f9 ae 61 bf ee 67 be bd 8c f3 ec be 00 00 00 00 0e 4e 9e 49 fc 48 9f 49 80 17 cd 4a 00 00 80 3f d2 95 a4 ca ed 3a dd 46 c3 24 85 4a
CAM frame=1197 be 7e a5 ca 68 2b 2d 47 dd 81 85 4a 00 00 80 3f 78 af f1 be a0 cc 31 3e 4b 43 5d 3f 00 00 00 00 00 00 00 33 4c fc 7a 3f f5 ae 49 be 00 00 00 00 f9 ae 61 bf ee 67 be bd 8c f3 ec be 00 00 00 00 0e 4e 9e 49 fc 48 9f 49 80 17 cd 4a 00 00 80 3f d2 95 a4 ca ed 3a dd 46 c3 24 85 4a
CAM frame=1198 be 7e a5 ca 68 2b 2d 47 dd 81 85 4a 00 00 80 3f 78 af f1 be a0 cc 31 3e 4b 43 5d 3f 00 00 00 00 00 00 00 33 4c fc 7a 3f f5 ae 49 be 00 00 00 00 f9 ae 61 bf ee 67 be bd 8c f3 ec be 00 00 00 00 0e 4e 9e 49 fc 48 9f 49 80 17 cd 4a 00 00 80 3f d2 95 a4 ca ed 3a dd 46 c3 24 85 4a
CAM frame=1199 be 7e a5 ca 68 2b 2d 47 dd 81 85 4a 00 00 80 3f 78 af f1 be a0 cc 31 3e 4b 43 5d 3f 00 00 00 00 00 00 00 33 4c fc 7a 3f f5 ae 49 be 00 00 00 00 f9 ae 61 bf ee 67 be bd 8c f3 ec be 00 00 00 00 0e 4e 9e 49 fc 48 9f 49 80 17 cd 4a 00 00 80 3f d2 95 a4 ca ed 3a dd 46 c3 24 85 4a
CAM frame=1200 be 7e a5 ca 68 2b 2d 47 dd 81 85 4a 00 00 80 3f 78 af f1 be a0 cc 31 3e 4b 43 5d 3f 00 00 00 00 00 00 00 33 4c fc 7a 3f f5 ae 49 be 00 00 00 00 f9 ae 61 bf ee 67 be bd 8c f3 ec be 00 00 00 00 0e 4e 9e 49 fc 48 9f 49 80 17 cd 4a 00 00 80 3f d2 95 a4 ca ed 3a dd 46 c3 24 85 4a
CAM frame=1201 10 7f a5 ca 98 29 2d 47 f6 80 85 4a 00 00 80 3f d4 27 f1 be 52 e2 31 3e 39 67 5d 3f 00 00 00 00 00 00 c0 b2 b0 fc 7a 3f 2a a7 49 be 00 00 00 00 45 d3 61 bf b4 f5 bd bd ec 6e ec be 00 00 00 00 5c 45 9f 49 28 39 9f 49 fd 0b cd 4a 00 00 80 3f d2 95 a4 ca ed 3a dd 46 c3 24 85 4a
CAM frame=1202 78 7f a5 ca 86 27 2d 47 ec 7f 85 4a 00 00 80 3f 68 49 f0 be 06 09 32 3e b0 a1 5d 3f 00 00 00 00 00 00 20 b3 24 fd 7a 3f 26 9e 49 be 00 00 00 00 7e 0e 62 bf 11 3e bd bd 48 95 eb be 00 00 00 00 0a dc a0 49 40 22 9f 49 e5 f8 cc 4a 00 00 80 3f d2 95 a4 ca ed 3a dd 46 c3 24 85 4a
CAM frame=1203 ee 7f a5 ca 25 25 2d 47 bd 7e 85 4a 00 00 80 3f 94 0d ef be 9f 41 32 3e 26 f4 5d 3f 00 00 00 00 00 00 20 b4 aa fd 7a 3f ad 93 49 be 00 00 00 00 20 62 62 bf a2 3b bc bd 20 60 ea be 00 00 00 00 cc 1d a3 49 67 03 9f 49 6e dd cc 4a 00 00 80 3f d2 95 a4 ca ed 3a dd 46 c3 24 85 4a
CAM frame=1204 2d 80 a5 ca eb 23 2d 47 20 7e 85 4a 00 00 80 3f d0 d5 ed be c8 76 32 3e 29 45 5e 3f 00 00 00 00 00 00 a8 b4 50 fe 7a 3f c9 86 49 be 00 00 00 00 2b b4 62 bf 3e 3a bb bd 10 2f e9 be 00 00 00 00 66 59 a5 49 a1 e2 9e 49 2e c2 cc 4a 00 00 80 3f d2 95 a4 ca ed 3a dd 46 c3 24 85 4a
CAM frame=1205 3f 80 a5 ca 83 23 2d 47 ed 7d 85 4a 00 00 80 3f 64 df ec be e6 a1 32 3e c3 84 5e 3f 00 00 00 00 00 00 bc b4 bf fe 7a 3f 2d 7e 49 be 00 00 00 00 a7 f4 62 bf 46 70 ba bd dc 3d e8 be 00 00 00 00 b0 1d a7 49 d3 c9 9e 49 5e ac cc 4a 00 00 80 3f d2 95 a4 ca ed 3a dd 46 c3 24 85 4a
CAM frame=1206 51 80 a5 ca 28 23 2d 47 c0 7d 85 4a 00 00 80 3f 00 12 ec be 74 c6 32 3e 75 b9 5e 3f 00 00 00 00 00 00 94 b4 0f ff 7a 3f ee 77 49 be 00 00 00 00 1d 2a 63 bf d7 c8 b9 bd c4 74 e7 be 00 00 00 00 00 96 a8 49 cb b5 9e 49 fb 99 cc 4a 00 00 80 3f d2 95 a4 ca ed 3a dd 46 c3 24 85 4a
CAM frame=1207 60 80 a5 ca d5 22 2d 47 96 7d 85 4a 00 00 80 3f 94 5e eb be 2e e7 32 3e 44 e7 5e 3f 00 00 00 00 00 00 80 b4 47 ff 7a 3f 8c 73 49 be 00 00 00 00 a2 58 63 bf 98 37 b9 bd 10 c5 e6 be 00 00 00 00 54 de a9 49 11 a5 9e 49 c0 89 cc 4a 00 00 80 3f d2 95 a4 ca ed 3a dd 46 c3 24 85 4a
CAM frame=1208 70 80 a5 ca 8c 22 2d 47 71 7d 85 4a 00 00 80 3f c8 d2 ea be ea 00 33 3e d3 0a 5f 3f 00 00 00 00 00 00 40 b4 6e ff 7a 3f 82 70 49 be 00 00 00 00 c5 7c 63 bf c5 c6 b8 bd 24 3c e6 be 00 00 00 00 d4 dd aa 49 49 98 9e 49 07 7d cc 4a 00 00 80 3f d2 95 a4 ca ed 3a dd 46 c3 24 85 4a
CAM frame=1209 7c 80 a5 ca 49 22 2d 47 50 7d 85 4a 00 00 80 3f 24 49 ea be be 1a 33 3e b6 2d 5f 3f 00 00 00 00 00 00 08 b4 8c ff 7a 3f 28 6e 49 be 00 00 00 00 3e a0 63 bf 48 58 b8 bd 4c b5 e5 be 00 00 00 00 3e d9 ab 49 2b 8c 9e 49 67 70 cc 4a 00 00 80 3f d2 95 a4 ca ed 3a dd 46 c3 24 85 4a
CAM frame=1210 88 80 a5 ca 0f 22 2d 47 32 7d 85 4a 00 00 80 3f d4 d3 e9 be 7e 2b 33 3e 9c 4b 5f 3f 00 00 00 00 00 00 c0 b3 f1 ff 7a 3f 51 66 49 be 00 00 00 00 62 be 63 bf ce f4 b7 bd a4 42 e5 be 00 00 00 00 4a af ac 49 0d 7d 9e 49 d1 65 cc 4a 00 00 80 3f d2 95 a4 ca ed 3a dd 46 c3 24 85 4a
CAM frame=1211 92 80 a5 ca d9 21 2d 47 17 7d 85 4a 00 00 80 3f e4 75 e9 be cd 39 33 3e 7f 63 5f 3f 00 00 00 00 00 00 80 b3 34 00 7b 3f 16 61 49 be 00 00 00 00 81 d6 63 bf 14 a6 b7 bd c4 e6 e4 be 00 00 00 00 9c 5a ad 49 c4 71 9e 49 4a 5d cc 4a 00 00 80 3f d2 95 a4 ca ed 3a dd 46 c3 24 85 4a
CAM frame=1212 9b 80 a5 ca a7 21 2d 47 00 7d 85 4a 00 00 80 3f 4c 2b e9 be 97 45 33 3e 58 76 5f 3f 00 00 00 00 00 00 80 32 63 00 7b 3f 76 5d 49 be 00 00 00 00 90 e9 63 bf 1c 68 b7 bd d0 9d e4 be 00 00 00 00 6e e2 ad 49 3a 69 9e 49 6f 56 cc 4a 00 00 80 3f d2 95 a4 ca ed 3a dd 46 c3 24 85 4a
CAM frame=1213 a5 80 a5 ca 7c 21 2d 47 ea 7c 85 4a 00 00 80 3f b0 e2 e8 be 76 51 33 3e b0 88 5f 3f 00 00 00 00 00 00 80 32 8a 00 7b 3f 65 5a 49 be 00 00 00 00 22 fc 63 bf 32 2c b7 bd c4 56 e4 be 00 00 00 00 aa 66 ae 49 48 61 9e 49 c3 4f cc 4a 00 00 80 3f d2 95 a4 ca ed 3a dd 46 c3 24 85 4a
CAM frame=1214 ac 80 a5 ca 55 21 2d 47 d5 7c 85 4a 00 00 80 3f bc 9c e8 be 7e 5d 33 3e 48 9a 5f 3f 00 00 00 00 00 00 00 33 a7 00 7b 3f 24 58 49 be 00 00 00 00 fa 0d 64 bf 21 f3 b6 bd 44 12 e4 be 00 00 00 00 fe e5 ae 49 2c 5a 9e 49 43 49 cc 4a 00 00 80 3f d2 95 a4 ca ed 3a dd 46 c3 24 85 4a
CAM frame=1215 b4 80 a5 ca 30 21 2d 47 c4 7c 85 4a 00 00 80 3f 9c 6c e8 be b0 65 33 3e 61 a6 5f 3f 00 00 00 00 00 00 c0 32 bc 00 7b 3f 82 56 49 be 00 00 00 00 3d 1a 64 bf cc cb b6 bd 24 e3 e3 be 00 00 00 00 80 3d af 49 37 55 9e 49 cb 44 cc 4a 00 00 80 3f d2 95 a4 ca ed 3a dd 46 c3 24 85 4a
CAM frame=1216 ba 80 a5 ca 11 21 2d 47 b3 7c 85 4a 00 00 80 3f 24 40 e8 be ad 6d 33 3e 87 b1 5f 3f 00 00 00 00 00 00 80 32 c9 00 7b 3f 7c 55 49 be 00 00 00 00 8f 25 64 bf e8 a7 b6 bd 98 b7 e3 be 00 00 00 00 54 8e af 49 04 51 9e 49 a2 40 cc 4a 00 00 80 3f d2 95 a4 ca ed 3a dd 46 c3 24 85 4a
CAM frame=1217 c2 80 a5 ca f4 20 2d 47 a5 7c 85 4a 00 00 80 3f d8 0c e8 be 9a 76 33 3e 64 be 5f 3f 00 00 00 00 00 00 00 00 dc 00 7b 3f fe 53 49 be 00 00 00 00 9c 32 64 bf 35 7e b6 bd 60 85 e3 be 00 00 00 00 a0 eb af 49 ec 4b 9e 49 dc 3b cc 4a 00 00 80 3f d2 95 a4 ca ed 3a dd 46 c3 24 85 4a
CAM frame=1218 c6 80 a5 ca dc 20 2d 47 98 7c 85 4a 00 00 80 3f c0 f3 e7 be 3f 7b 33 3e a7 c4 5f 3f 00 00 00 00 00 00 80 32 e2 00 7b 3f 92 53 49 be 00 00 00 00 fb 38 64 bf 1b 6a b6 bd cc 6c e3 be 00 00 00 00 26 19 b0 49 ad 49 9e 49 7e 39 cc 4a 00 00 80 3f d2 95 a4 ca ed 3a dd 46 c3 24 85 4a
CAM frame=1219 cb 80 a5 ca c4 20 2d 47 8d 7c 85 4a 00 00 80 3f 48 d7 e7 be 74 80 33 3e c4 cb 5f 3f 00 00 00 00 00 00 80 b2 e8 00 7b 3f 0a 53 49 be 00 00 00 00 36 40 64 bf 40 53 b6 bd e8 50 e3 be 00 00 00 00 da 4c b0 49 16 47 9e 49 d0 36 cc 4a 00 00 80 3f d2 95 a4 ca ed 3a dd 46 c3 24 85 4a
CAM frame=1220 cf 80 a5 ca ae 20 2d 47 83 7c 85 4a 00 00 80 3f a4 bc e7 be 5b 85 33 3e 71 d2 5f 3f 00 00 00 00 00 00 00 b3 ef 00 7b 3f 90 52 49 be 00 00 00 00 ff 46 64 bf d8 3d b6 bd cc 36 e3 be 00 00 00 00 48 7d b0 49 ac 44 9e 49 52 34 cc 4a 00 00 80 3f d2 95 a4 ca ed 3a dd 46 c3 24 85 4a
CAM frame=1221 d2 80 a5 ca 9b 20 2d 47 7a 7c 85 4a 00 00 80 3f ac bc e7 be 58 85 33 3e 6b d2 5f 3f 00 00 00 00 00 00 80 32 ef 00 7b 3f 8f 52 49 be 00 00 00 00 f9 46 64 bf de 3d b6 bd d4 36 e3 be 00 00 00 00 0c 7d b0 49 ab 44 9e 49 4e 34 cc 4a 00 00 80 3f d2 95 a4 ca ed 3a dd 46 c3 24 85 4a
CAM frame=1222 d5 80 a5 ca 8b 20 2d 47 71 7c 85 4a 00 00 80 3f 7c a1 e7 be 99 8a 33 3e 2f d9 5f 3f 00 00 00 00 00 00 80 32 f1 00 7b 3f 5f 52 49 be 00 00 00 00 dd 4d 64 bf 52 28 b6 bd 30 1c e3 be 00 00 00 00 6e ae b0 49 72 42 9e 49 ba 31 cc 4a 00 00 80 3f d2 95 a4 ca ed 3a dd 46 c3 24 85 4a
CAM frame=1223 d9 80 a5 ca 7b 20 2d 47 69 7c 85 4a 00 00 80 3f 6c 88 e7 be 5a 8f 33 3e 72 df 5f 3f 00 00 00 00 00 00 00 b2 f5 00 7b 3f 18 52 49 be 00 00 00 00 3c 54 64 bf 59 14 b6 bd a0 03 e3 be 00 00 00 00 fa db b0 49 50 40 9e 49 60 2f cc 4a 00 00 80 3f d2 95 a4 ca ed 3a dd 46 c3 24 85 4a
CAM frame=1224 dd 80 a5 ca 6d 20 2d 47 62 7c 85 4a 00 00 80 3f 68 71 e7 be 90 93 33 3e 2c e5 5f 3f 00 00 00 00 00 00 c0 32 fa 00 7b 3f ab 51 49 be 00 00 00 00 10 5a 64 bf da 01 b6 bd 14 ed e2 be 00 00 00 00 c4 05 b1 49 38 3e 9e 49 32 2d cc 4a 00 00 80 3f d2 95 a4 ca ed 3a dd 46 c3 24 85 4a
CAM frame=1225 df 80 a5 ca 60 20 2d 47 5d 7c 85 4a 00 00 80 3f 70 71 e7 be 91 93 33 3e 2c e5 5f 3f 00 00 00 00 00 00 40 33 fa 00 7b 3f ad 51 49 be 00 00 00 00 10 5a 64 bf de 01 b6 bd 1c ed e2 be 00 00 00 00 a4 05 b1 49 39 3e 9e 49 34 2d cc 4a 00 00 80 3f d2 95 a4 ca ed 3a dd 46 c3 24 85 4a
CAM frame=1226 df 80 a5 ca 56 20 2d 47 56 7c 85 4a 00 00 80 3f 78 71 e7 be 91 93 33 3e 28 e5 5f 3f 00 00 00 00 00 00 a0 33 fa 00 7b 3f ae 51 49 be 00 00 00 00 0c 5a 64 bf e4 01 b6 bd 24 ed e2 be 00 00 00 00 78 05 b1 49 38 3e 9e 49 30 2d cc 4a 00 00 80 3f d2 95 a4 ca ed 3a dd 46 c3 24 85 4a
CAM frame=1227 e0 80 a5 ca 4c 20 2d 47 51 7c 85 4a 00 00 80 3f fc 59 e7 be 68 98 33 3e fc ea 5f 3f 00 00 00 00 00 00 b0 33 f8 00 7b 3f dc 51 49 be 00 00 00 00 00 60 64 bf 94 ef b5 bd 1c d6 e2 be 00 00 00 00 2e 30 b1 49 93 3c 9e 49 f3 2a cc 4a 00 00 80 3f d2 95 a4 ca ed 3a dd 46 c3 24 85 4a
CAM frame=1228 e2 80 a5 ca 43 20 2d 47 4d 7c 85 4a 00 00 80 3f 04 5a e7 be 68 98 33 3e f8 ea 5f 3f 00 00 00 00 00 00 08 34 f8 00 7b 3f dd 51 49 be 00 00 00 00 fc 5f 64 bf 9a ef b5 bd 24 d6 e2 be 00 00 00 00 08 30 b1 49 94 3c 9e 49 f2 2a cc 4a 00 00 80 3f d2 95 a4 ca ed 3a dd 46 c3 24 85 4a
CAM frame=1229 e3 80 a5 ca 3c 20 2d 47 49 7c 85 4a 00 00 80 3f 04 5a e7 be 67 98 33 3e f8 ea 5f 3f 00 00 00 00 00 00 00 34 f8 00 7b 3f dd 51 49 be 00 00 00 00 fc 5f 64 bf 9a ef b5 bd 24 d6 e2 be 00 00 00 00 f8 2f b1 49 94 3c 9e 49 f2 2a cc 4a 00 00 80 3f d2 95 a4 ca ed 3a dd 46 c3 24 85 4a
CAM frame=1230 e5 80 a5 ca 35 20 2d 47 46 7c 85 4a 00 00 80 3f 04 5a e7 be 66 98 33 3e f8 ea 5f 3f 00 00 00 00 00 00 08 34 f8 00 7b 3f dc 51 49 be 00 00 00 00 fc 5f 64 bf 98 ef b5 bd 24 d6 e2 be 00 00 00 00 ea 2f b1 49 92 3c 9e 49 f2 2a cc 4a 00 00 80 3f d2 95 a4 ca ed 3a dd 46 c3 24 85 4a
CAM frame=1231 e6 80 a5 ca 2e 20 2d 47 42 7c 85 4a 00 00 80 3f 04 5a e7 be 66 98 33 3e f8 ea 5f 3f 00 00 00 00 00 00 10 34 f8 00 7b 3f db 51 49 be 00 00 00 00 fc 5f 64 bf 96 ef b5 bd 24 d6 e2 be 00 00 00 00 dc 2f b1 49 92 3c 9e 49 f2 2a cc 4a 00 00 80 3f d2 95 a4 ca ed 3a dd 46 c3 24 85 4a
CAM frame=1232 e6 80 a5 ca 28 20 2d 47 40 7c 85 4a 00 00 80 3f 04 5a e7 be 66 98 33 3e f8 ea 5f 3f 00 00 00 00 00 00 18 34 f8 00 7b 3f da 51 49 be 00 00 00 00 fc 5f 64 bf 94 ef b5 bd 24 d6 e2 be 00 00 00 00 d4 2f b1 49 91 3c 9e 49 f0 2a cc 4a 00 00 80 3f d2 95 a4 ca ed 3a dd 46 c3 24 85 4a
CAM frame=1233 e7 80 a5 ca 23 20 2d 47 3d 7c 85 4a 00 00 80 3f 04 5a e7 be 65 98 33 3e f8 ea 5f 3f 00 00 00 00 00 00 20 34 f8 00 7b 3f d9 51 49 be 00 00 00 00 fc 5f 64 bf 92 ef b5 bd 24 d6 e2 be 00 00 00 00 c8 2f b1 49 8f 3c 9e 49 ef 2a cc 4a 00 00 80 3f d2 95 a4 ca ed 3a dd 46 c3 24 85 4a
CAM frame=1234 e7 80 a5 ca 1e 20 2d 47 3a 7c 85 4a 00 00 80 3f a8 40 e7 be e1 9d 33 3e 40 f1 5f 3f 00 00 00 00 00 00 10 34 f2 00 7b 3f 56 52 49 be 00 00 00 00 68 66 64 bf 14 dc b5 bd 40 bd e2 be 00 00 00 00 ec 5d b1 49 05 3b 9e 49 81 28 cc 4a 00 00 80 3f d2 95 a4 ca ed 3a dd 46 c3 24 85 4a
CAM frame=1235 e7 80 a5 ca 1a 20 2d 47 38 7c 85 4a 00 00 80 3f a8 40 e7 be df 9d 33 3e 3d f1 5f 3f 00 00 00 00 00 00 10 34 f2 00 7b 3f 55 52 49 be 00 00 00 00 65 66 64 bf 16 dc b5 bd 40 bd e2 be 00 00 00 00 de 5d b1 49 04 3b 9e 49 7e 28 cc 4a 00 00 80 3f d2 95 a4 ca ed 3a dd 46 c3 24 85 4a
CAM frame=1236 e7 80 a5 ca 16 20 2d 47 36 7c 85 4a 00 00 80 3f b0 40 e7 be e2 9d 33 3e 41 f1 5f 3f 00 00 00 00 00 00 08 34 f2 00 7b 3f 57 52 49 be 00 00 00 00 69 66 64 bf 16 dc b5 bd 48 bd e2 be 00 00 00 00 d6 5d b1 49 05 3b 9e 49 82 28 cc 4a 00 00 80 3f d2 95 a4 ca ed 3a dd 46 c3 24 85 4a
CAM frame=1237 e8 80 a5 ca 13 20 2d 47 34 7c 85 4a 00 00 80 3f bc 40 e7 be e0 9d 33 3e 3b f1 5f 3f 00 00 00 00 00 00 48 34 f1 00 7b 3f 58 52 49 be 00 00 00 00 63 66 64 bf 1f dc b5 bd 54 bd e2 be 00 00 00 00 b0 5d b1 49 06 3b 9e 49 81 28 cc 4a 00 00 80 3f d2 95 a4 ca ed 3a dd 46 c3 24 85 4a
CAM frame=1238 e8 80 a5 ca 10 20 2d 47 31 7c 85 4a 00 00 80 3f 90 29 e7 be 0f a3 33 3e ef f6 5f 3f 00 00 00 00 00 00 30 34 e9 00 7b 3f fe 52 49 be 00 00 00 00 3d 6c 64 bf 84 ca b5 bd 94 a6 e2 be 00 00 00 00 d0 87 b1 49 c8 39 9e 49 40 26 cc 4a 00 00 80 3f d2 95 a4 ca ed 3a dd 46 c3 24 85 4a
CAM frame=1239 e9 80 a5 ca 0c 20 2d 47 2e 7c 85 4a 00 00 80 3f 88 29 e7 be 0e a3 33 3e f3 f6 5f 3f 00 00 00 00 00 00 08 34 e9 00 7b 3f fd 52 49 be 00 00 00 00 41 6c 64 bf 7e ca b5 bd 8c a6 e2 be 00 00 00 00 d4 87 b1 49 c6 39 9e 49 41 26 cc 4a 00 00 80 3f d2 95 a4 ca ed 3a dd 46 c3 24 85 4a
CAM frame=1240 e9 80 a5 ca 09 20 2d 47 2b 7c 85 4a 00 00 80 3f 88 29 e7 be 0e a3 33 3e f3 f6 5f 3f 00 00 00 00 00 00 08 34 e9 00 7b 3f fd 52 49 be 00 00 00 00 41 6c 64 bf 7e ca b5 bd 8c a6 e2 be 00 00 00 00 ca 87 b1 49 c5 39 9e 49 40 26 cc 4a 00 00 80 3f d2 95 a4 ca ed 3a dd 46 c3 24 85 4a
CAM frame=1241 ea 80 a5 ca 07 20 2d 47 2b 7c 85 4a 00 00 80 3f 88 29 e7 be 0e a3 33 3e f3 f6 5f 3f 00 00 00 00 00 00 08 34 e9 00 7b 3f fd 52 49 be 00 00 00 00 41 6c 64 bf 7e ca b5 bd 8c a6 e2 be 00 00 00 00 c8 87 b1 49 c6 39 9e 49 41 26 cc 4a 00 00 80 3f d2 95 a4 ca ed 3a dd 46 c3 24 85 4a
CAM frame=1242 eb 80 a5 ca 07 20 2d 47 2a 7c 85 4a 00 00 80 3f 88 29 e7 be 0e a3 33 3e f3 f6 5f 3f 00 00 00 00 00 00 08 34 e9 00 7b 3f fd 52 49 be 00 00 00 00 41 6c 64 bf 7e ca b5 bd 8c a6 e2 be 00 00 00 00 c2 87 b1 49 c6 39 9e 49 41 26 cc 4a 00 00 80 3f d2 95 a4 ca ed 3a dd 46 c3 24 85 4a
CAM frame=1243 ec 80 a5 ca 05 20 2d 47 2a 7c 85 4a 00 00 80 3f 88 29 e7 be 0e a3 33 3e f3 f6 5f 3f 00 00 00 00 00 00 08 34 e9 00 7b 3f fd 52 49 be 00 00 00 00 41 6c 64 bf 7e ca b5 bd 8c a6 e2 be 00 00 00 00 c0 87 b1 49 c7 39 9e 49 42 26 cc 4a 00 00 80 3f d2 95 a4 ca ed 3a dd 46 c3 24 85 4a
CAM frame=1244 ec 80 a5 ca 04 20 2d 47 29 7c 85 4a 00 00 80 3f 88 29 e7 be 0e a3 33 3e f3 f6 5f 3f 00 00 00 00 00 00 08 34 e9 00 7b 3f fd 52 49 be 00 00 00 00 41 6c 64 bf 7e ca b5 bd 8c a6 e2 be 00 00 00 00 be 87 b1 49 c6 39 9e 49 42 26 cc 4a 00 00 80 3f d2 95 a4 ca ed 3a dd 46 c3 24 85 4a
CAM frame=1245 ec 80 a5 ca 02 20 2d 47 29 7c 85 4a 00 00 80 3f 88 29 e7 be 0e a3 33 3e f3 f6 5f 3f 00 00 00 00 00 00 08 34 e9 00 7b 3f fd 52 49 be 00 00 00 00 41 6c 64 bf 7e ca b5 bd 8c a6 e2 be 00 00 00 00 be 87 b1 49 c6 39 9e 49 42 26 cc 4a 00 00 80 3f d2 95 a4 ca ed 3a dd 46 c3 24 85 4a
CAM frame=1246 ec 80 a5 ca 02 20 2d 47 29 7c 85 4a 00 00 80 3f 88 29 e7 be 0e a3 33 3e f3 f6 5f 3f 00 00 00 00 00 00 08 34 e9 00 7b 3f fd 52 49 be 00 00 00 00 41 6c 64 bf 7e ca b5 bd 8c a6 e2 be 00 00 00 00 be 87 b1 49 c6 39 9e 49 42 26 cc 4a 00 00 80 3f d2 95 a4 ca ed 3a dd 46 c3 24 85 4a
CAM frame=1247 ec 80 a5 ca 01 20 2d 47 29 7c 85 4a 00 00 80 3f 88 29 e7 be 0e a3 33 3e f3 f6 5f 3f 00 00 00 00 00 00 08 34 e9 00 7b 3f fd 52 49 be 00 00 00 00 41 6c 64 bf 7e ca b5 bd 8c a6 e2 be 00 00 00 00 be 87 b1 49 c6 39 9e 49 42 26 cc 4a 00 00 80 3f d2 95 a4 ca ed 3a dd 46 c3 24 85 4a
CAM frame=1248 ec 80 a5 ca 00 20 2d 47 29 7c 85 4a 00 00 80 3f 88 29 e7 be 0e a3 33 3e f3 f6 5f 3f 00 00 00 00 00 00 08 34 e9 00 7b 3f fd 52 49 be 00 00 00 00 41 6c 64 bf 7e ca b5 bd 8c a6 e2 be 00 00 00 00 be 87 b1 49 c6 39 9e 49 42 26 cc 4a 00 00 80 3f d2 95 a4 ca ed 3a dd 46 c3 24 85 4a
CAM frame=1249 ec 80 a5 ca 00 20 2d 47 28 7c 85 4a 00 00 80 3f 88 29 e7 be 0e a3 33 3e f3 f6 5f 3f 00 00 00 00 00 00 08 34 e9 00 7b 3f fd 52 49 be 00 00 00 00 41 6c 64 bf 7e ca b5 bd 8c a6 e2 be 00 00 00 00 ba 87 b1 49 c6 39 9e 49 42 26 cc 4a 00 00 80 3f d2 95 a4 ca ed 3a dd 46 c3 24 85 4a
CAM frame=1250 ec 80 a5 ca 00 20 2d 47 27 7c 85 4a 00 00 80 3f 88 29 e7 be 0e a3 33 3e f3 f6 5f 3f 00 00 00 00 00 00 08 34 e9 00 7b 3f fd 52 49 be 00 00 00 00 41 6c 64 bf 7e ca b5 bd 8c a6 e2 be 00 00 00 00 b6 87 b1 49 c6 39 9e 49 41 26 cc 4a 00 00 80 3f d2 95 a4 ca ed 3a dd 46 c3 24 85 4a
CAM frame=1251 ec 80 a5 ca 00 20 2d 47 26 7c 85 4a 00 00 80 3f 88 29 e7 be 0e a3 33 3e f3 f6 5f 3f 00 00 00 00 00 00 08 34 e9 00 7b 3f fd 52 49 be 00 00 00 00 41 6c 64 bf 7e ca b5 bd 8c a6 e2 be 00 00 00 00 b2 87 b1 49 c5 39 9e 49 40 26 cc 4a 00 00 80 3f d2 95 a4 ca ed 3a dd 46 c3 24 85 4a
CAM frame=1252 ed 80 a5 ca ff 1f 2d 47 25 7c 85 4a 00 00 80 3f 88 29 e7 be 0e a3 33 3e f3 f6 5f 3f 00 00 00 00 00 00 08 34 e9 00 7b 3f fd 52 49 be 00 00 00 00 41 6c 64 bf 7e ca b5 bd 8c a6 e2 be 00 00 00 00 ae 87 b1 49 c6 39 9e 49 40 26 cc 4a 00 00 80 3f d2 95 a4 ca ed 3a dd 46 c3 24 85 4a
CAM frame=1253 ed 80 a5 ca ff 1f 2d 47 24 7c 85 4a 00 00 80 3f 88 29 e7 be 0e a3 33 3e f3 f6 5f 3f 00 00 00 00 00 00 08 34 e9 00 7b 3f fd 52 49 be 00 00 00 00 41 6c 64 bf 7e ca b5 bd 8c a6 e2 be 00 00 00 00 ac 87 b1 49 c6 39 9e 49 40 26 cc 4a 00 00 80 3f d2 95 a4 ca ed 3a dd 46 c3 24 85 4a
CAM frame=1254 ed 80 a5 ca ff 1f 2d 47 23 7c 85 4a 00 00 80 3f 88 29 e7 be 0e a3 33 3e f3 f6 5f 3f 00 00 00 00 00 00 08 34 e9 00 7b 3f fd 52 49 be 00 00 00 00 41 6c 64 bf 7e ca b5 bd 8c a6 e2 be 00 00 00 00 a8 87 b1 49 c5 39 9e 49 3f 26 cc 4a 00 00 80 3f d2 95 a4 ca ed 3a dd 46 c3 24 85 4a
CAM frame=1255 ed 80 a5 ca fd 1f 2d 47 23 7c 85 4a 00 00 80 3f 88 29 e7 be 0e a3 33 3e f3 f6 5f 3f 00 00 00 00 00 00 08 34 e9 00 7b 3f fd 52 49 be 00 00 00 00 41 6c 64 bf 7e ca b5 bd 8c a6 e2 be 00 00 00 00 a8 87 b1 49 c5 39 9e 49 3f 26 cc 4a 00 00 80 3f d2 95 a4 ca ed 3a dd 46 c3 24 85 4a
CAM frame=1256 ed 80 a5 ca fb 1f 2d 47 23 7c 85 4a 00 00 80 3f 88 29 e7 be 0e a3 33 3e f3 f6 5f 3f 00 00 00 00 00 00 08 34 e9 00 7b 3f fd 52 49 be 00 00 00 00 41 6c 64 bf 7e ca b5 bd 8c a6 e2 be 00 00 00 00 a8 87 b1 49 c5 39 9e 49 3f 26 cc 4a 00 00 80 3f d2 95 a4 ca ed 3a dd 46 c3 24 85 4a
CAM frame=1257 ed 80 a5 ca fb 1f 2d 47 23 7c 85 4a 00 00 80 3f 88 29 e7 be 0e a3 33 3e f3 f6 5f 3f 00 00 00 00 00 00 08 34 e9 00 7b 3f fd 52 49 be 00 00 00 00 41 6c 64 bf 7e ca b5 bd 8c a6 e2 be 00 00 00 00 a8 87 b1 49 c5 39 9e 49 3f 26 cc 4a 00 00 80 3f d2 95 a4 ca ed 3a dd 46 c3 24 85 4a
CAM frame=1258 ed 80 a5 ca fb 1f 2d 47 23 7c 85 4a 00 00 80 3f 88 29 e7 be 0e a3 33 3e f3 f6 5f 3f 00 00 00 00 00 00 08 34 e9 00 7b 3f fd 52 49 be 00 00 00 00 41 6c 64 bf 7e ca b5 bd 8c a6 e2 be 00 00 00 00 a8 87 b1 49 c5 39 9e 49 3f 26 cc 4a 00 00 80 3f d2 95 a4 ca ed 3a dd 46 c3 24 85 4a
CAM frame=1259 ed 80 a5 ca fa 1f 2d 47 23 7c 85 4a 00 00 80 3f 88 29 e7 be 0e a3 33 3e f3 f6 5f 3f 00 00 00 00 00 00 08 34 e9 00 7b 3f fd 52 49 be 00 00 00 00 41 6c 64 bf 7e ca b5 bd 8c a6 e2 be 00 00 00 00 a8 87 b1 49 c5 39 9e 49 3f 26 cc 4a 00 00 80 3f d2 95 a4 ca ed 3a dd 46 c3 24 85 4a
CAM frame=1260 ed 80 a5 ca fa 1f 2d 47 23 7c 85 4a 00 00 80 3f 88 29 e7 be 0e a3 33 3e f3 f6 5f 3f 00 00 00 00 00 00 08 34 e9 00 7b 3f fd 52 49 be 00 00 00 00 41 6c 64 bf 7e ca b5 bd 8c a6 e2 be 00 00 00 00 a8 87 b1 49 c5 39 9e 49 3f 26 cc 4a 00 00 80 3f d2 95 a4 ca ed 3a dd 46 c3 24 85 4a
CAM frame=1261 ed 80 a5 ca fa 1f 2d 47 22 7c 85 4a 00 00 80 3f 88 29 e7 be 0e a3 33 3e f3 f6 5f 3f 00 00 00 00 00 00 08 34 e9 00 7b 3f fd 52 49 be 00 00 00 00 41 6c 64 bf 7e ca b5 bd 8c a6 e2 be 00 00 00 00 a4 87 b1 49 c5 39 9e 49 3f 26 cc 4a 00 00 80 3f d2 95 a4 ca ed 3a dd 46 c3 24 85 4a
CAM frame=1262 ed 80 a5 ca fa 1f 2d 47 22 7c 85 4a 00 00 80 3f 88 29 e7 be 0e a3 33 3e f3 f6 5f 3f 00 00 00 00 00 00 08 34 e9 00 7b 3f fd 52 49 be 00 00 00 00 41 6c 64 bf 7e ca b5 bd 8c a6 e2 be 00 00 00 00 a4 87 b1 49 c5 39 9e 49 3f 26 cc 4a 00 00 80 3f d2 95 a4 ca ed 3a dd 46 c3 24 85 4a
CAM frame=1263 ed 80 a5 ca fa 1f 2d 47 22 7c 85 4a 00 00 80 3f 88 29 e7 be 0e a3 33 3e f3 f6 5f 3f 00 00 00 00 00 00 08 34 e9 00 7b 3f fd 52 49 be 00 00 00 00 41 6c 64 bf 7e ca b5 bd 8c a6 e2 be 00 00 00 00 a4 87 b1 49 c5 39 9e 49 3f 26 cc 4a 00 00 80 3f d2 95 a4 ca ed 3a dd 46 c3 24 85 4a
CAM frame=1264 ed 80 a5 ca fa 1f 2d 47 22 7c 85 4a 00 00 80 3f 88 29 e7 be 0e a3 33 3e f3 f6 5f 3f 00 00 00 00 00 00 08 34 e9 00 7b 3f fd 52 49 be 00 00 00 00 41 6c 64 bf 7e ca b5 bd 8c a6 e2 be 00 00 00 00 a4 87 b1 49 c5 39 9e 49 3f 26 cc 4a 00 00 80 3f d2 95 a4 ca ed 3a dd 46 c3 24 85 4a
CAM frame=1265 ed 80 a5 ca fa 1f 2d 47 22 7c 85 4a 00 00 80 3f 88 29 e7 be 0e a3 33 3e f3 f6 5f 3f 00 00 00 00 00 00 08 34 e9 00 7b 3f fd 52 49 be 00 00 00 00 41 6c 64 bf 7e ca b5 bd 8c a6 e2 be 00 00 00 00 a4 87 b1 49 c5 39 9e 49 3f 26 cc 4a 00 00 80 3f d2 95 a4 ca ed 3a dd 46 c3 24 85 4a
CAM frame=1266 ed 80 a5 ca fa 1f 2d 47 22 7c 85 4a 00 00 80 3f 88 29 e7 be 0e a3 33 3e f3 f6 5f 3f 00 00 00 00 00 00 08 34 e9 00 7b 3f fd 52 49 be 00 00 00 00 41 6c 64 bf 7e ca b5 bd 8c a6 e2 be 00 00 00 00 a4 87 b1 49 c5 39 9e 49 3f 26 cc 4a 00 00 80 3f d2 95 a4 ca ed 3a dd 46 c3 24 85 4a
CAM frame=1267 ed 80 a5 ca fa 1f 2d 47 22 7c 85 4a 00 00 80 3f 88 29 e7 be 0e a3 33 3e f3 f6 5f 3f 00 00 00 00 00 00 08 34 e9 00 7b 3f fd 52 49 be 00 00 00 00 41 6c 64 bf 7e ca b5 bd 8c a6 e2 be 00 00 00 00 a4 87 b1 49 c5 39 9e 49 3f 26 cc 4a 00 00 80 3f d2 95 a4 ca ed 3a dd 46 c3 24 85 4a
CAM frame=1268 ed 80 a5 ca fa 1f 2d 47 22 7c 85 4a 00 00 80 3f 88 29 e7 be 0e a3 33 3e f3 f6 5f 3f 00 00 00 00 00 00 08 34 e9 00 7b 3f fd 52 49 be 00 00 00 00 41 6c 64 bf 7e ca b5 bd 8c a6 e2 be 00 00 00 00 a4 87 b1 49 c5 39 9e 49 3f 26 cc 4a 00 00 80 3f d2 95 a4 ca ed 3a dd 46 c3 24 85 4a
CAM frame=1269 ed 80 a5 ca fa 1f 2d 47 22 7c 85 4a 00 00 80 3f 88 29 e7 be 0e a3 33 3e f3 f6 5f 3f 00 00 00 00 00 00 08 34 e9 00 7b 3f fd 52 49 be 00 00 00 00 41 6c 64 bf 7e ca b5 bd 8c a6 e2 be 00 00 00 00 a4 87 b1 49 c5 39 9e 49 3f 26 cc 4a 00 00 80 3f d2 95 a4 ca ed 3a dd 46 c3 24 85 4a
CAM frame=1270 ed 80 a5 ca fa 1f 2d 47 22 7c 85 4a 00 00 80 3f 88 29 e7 be 0e a3 33 3e f3 f6 5f 3f 00 00 00 00 00 00 08 34 e9 00 7b 3f fd 52 49 be 00 00 00 00 41 6c 64 bf 7e ca b5 bd 8c a6 e2 be 00 00 00 00 a4 87 b1 49 c5 39 9e 49 3f 26 cc 4a 00 00 80 3f d2 95 a4 ca ed 3a dd 46 c3 24 85 4a
CAM frame=1271 ed 80 a5 ca fa 1f 2d 47 22 7c 85 4a 00 00 80 3f 88 29 e7 be 0e a3 33 3e f3 f6 5f 3f 00 00 00 00 00 00 08 34 e9 00 7b 3f fd 52 49 be 00 00 00 00 41 6c 64 bf 7e ca b5 bd 8c a6 e2 be 00 00 00 00 a4 87 b1 49 c5 39 9e 49 3f 26 cc 4a 00 00 80 3f d2 95 a4 ca ed 3a dd 46 c3 24 85 4a
CAM frame=1272 ed 80 a5 ca fa 1f 2d 47 22 7c 85 4a 00 00 80 3f 88 29 e7 be 0e a3 33 3e f3 f6 5f 3f 00 00 00 00 00 00 08 34 e9 00 7b 3f fd 52 49 be 00 00 00 00 41 6c 64 bf 7e ca b5 bd 8c a6 e2 be 00 00 00 00 a4 87 b1 49 c5 39 9e 49 3f 26 cc 4a 00 00 80 3f d2 95 a4 ca ed 3a dd 46 c3 24 85 4a
CAM frame=1273 ed 80 a5 ca fa 1f 2d 47 22 7c 85 4a 00 00 80 3f 88 29 e7 be 0e a3 33 3e f3 f6 5f 3f 00 00 00 00 00 00 08 34 e9 00 7b 3f fd 52 49 be 00 00 00 00 41 6c 64 bf 7e ca b5 bd 8c a6 e2 be 00 00 00 00 a4 87 b1 49 c5 39 9e 49 3f 26 cc 4a 00 00 80 3f d2 95 a4 ca ed 3a dd 46 c3 24 85 4a
CAM frame=1274 ed 80 a5 ca fa 1f 2d 47 22 7c 85 4a 00 00 80 3f 88 29 e7 be 0e a3 33 3e f3 f6 5f 3f 00 00 00 00 00 00 08 34 e9 00 7b 3f fd 52 49 be 00 00 00 00 41 6c 64 bf 7e ca b5 bd 8c a6 e2 be 00 00 00 00 a4 87 b1 49 c5 39 9e 49 3f 26 cc 4a 00 00 80 3f d2 95 a4 ca ed 3a dd 46 c3 24 85 4a
CAM frame=1275 ed 80 a5 ca fa 1f 2d 47 22 7c 85 4a 00 00 80 3f 88 29 e7 be 0e a3 33 3e f3 f6 5f 3f 00 00 00 00 00 00 08 34 e9 00 7b 3f fd 52 49 be 00 00 00 00 41 6c 64 bf 7e ca b5 bd 8c a6 e2 be 00 00 00 00 a4 87 b1 49 c5 39 9e 49 3f 26 cc 4a 00 00 80 3f d2 95 a4 ca ed 3a dd 46 c3 24 85 4a
CAM frame=1276 ed 80 a5 ca fa 1f 2d 47 22 7c 85 4a 00 00 80 3f 88 29 e7 be 0e a3 33 3e f3 f6 5f 3f 00 00 00 00 00 00 08 34 e9 00 7b 3f fd 52 49 be 00 00 00 00 41 6c 64 bf 7e ca b5 bd 8c a6 e2 be 00 00 00 00 a4 87 b1 49 c5 39 9e 49 3f 26 cc 4a 00 00 80 3f d2 95 a4 ca ed 3a dd 46 c3 24 85 4a
CAM frame=1277 ed 80 a5 ca fa 1f 2d 47 22 7c 85 4a 00 00 80 3f 88 29 e7 be 0e a3 33 3e f3 f6 5f 3f 00 00 00 00 00 00 08 34 e9 00 7b 3f fd 52 49 be 00 00 00 00 41 6c 64 bf 7e ca b5 bd 8c a6 e2 be 00 00 00 00 a4 87 b1 49 c5 39 9e 49 3f 26 cc 4a 00 00 80 3f d2 95 a4 ca ed 3a dd 46 c3 24 85 4a
CAM frame=1278 ed 80 a5 ca fa 1f 2d 47 22 7c 85 4a 00 00 80 3f 88 29 e7 be 0e a3 33 3e f3 f6 5f 3f 00 00 00 00 00 00 08 34 e9 00 7b 3f fd 52 49 be 00 00 00 00 41 6c 64 bf 7e ca b5 bd 8c a6 e2 be 00 00 00 00 a4 87 b1 49 c5 39 9e 49 3f 26 cc 4a 00 00 80 3f d2 95 a4 ca ed 3a dd 46 c3 24 85 4a
CAM frame=1279 ed 80 a5 ca fa 1f 2d 47 22 7c 85 4a 00 00 80 3f 88 29 e7 be 0e a3 33 3e f3 f6 5f 3f 00 00 00 00 00 00 08 34 e9 00 7b 3f fd 52 49 be 00 00 00 00 41 6c 64 bf 7e ca b5 bd 8c a6 e2 be 00 00 00 00 a4 87 b1 49 c5 39 9e 49 3f 26 cc 4a 00 00 80 3f d2 95 a4 ca ed 3a dd 46 c3 24 85 4a
CAM frame=1280 ed 80 a5 ca fa 1f 2d 47 22 7c 85 4a 00 00 80 3f 88 29 e7 be 0e a3 33 3e f3 f6 5f 3f 00 00 00 00 00 00 08 34 e9 00 7b 3f fd 52 49 be 00 00 00 00 41 6c 64 bf 7e ca b5 bd 8c a6 e2 be 00 00 00 00 a4 87 b1 49 c5 39 9e 49 3f 26 cc 4a 00 00 80 3f d2 95 a4 ca ed 3a dd 46 c3 24 85 4a
CAM frame=1281 ed 80 a5 ca fa 1f 2d 47 22 7c 85 4a 00 00 80 3f 88 29 e7 be 0e a3 33 3e f3 f6 5f 3f 00 00 00 00 00 00 08 34 e9 00 7b 3f fd 52 49 be 00 00 00 00 41 6c 64 bf 7e ca b5 bd 8c a6 e2 be 00 00 00 00 a4 87 b1 49 c5 39 9e 49 3f 26 cc 4a 00 00 80 3f d2 95 a4 ca ed 3a dd 46 c3 24 85 4a
CAM frame=1282 ed 80 a5 ca fa 1f 2d 47 22 7c 85 4a 00 00 80 3f 88 29 e7 be 0e a3 33 3e f3 f6 5f 3f 00 00 00 00 00 00 08 34 e9 00 7b 3f fd 52 49 be 00 00 00 00 41 6c 64 bf 7e ca b5 bd 8c a6 e2 be 00 00 00 00 a4 87 b1 49 c5 39 9e 49 3f 26 cc 4a 00 00 80 3f d2 95 a4 ca ed 3a dd 46 c3 24 85 4a
CAM frame=1283 ed 80 a5 ca fa 1f 2d 47 22 7c 85 4a 00 00 80 3f 88 29 e7 be 0e a3 33 3e f3 f6 5f 3f 00 00 00 00 00 00 08 34 e9 00 7b 3f fd 52 49 be 00 00 00 00 41 6c 64 bf 7e ca b5 bd 8c a6 e2 be 00 00 00 00 a4 87 b1 49 c5 39 9e 49 3f 26 cc 4a 00 00 80 3f d2 95 a4 ca ed 3a dd 46 c3 24 85 4a
CAM frame=1284 ed 80 a5 ca fa 1f 2d 47 22 7c 85 4a 00 00 80 3f 88 29 e7 be 0e a3 33 3e f3 f6 5f 3f 00 00 00 00 00 00 08 34 e9 00 7b 3f fd 52 49 be 00 00 00 00 41 6c 64 bf 7e ca b5 bd 8c a6 e2 be 00 00 00 00 a4 87 b1 49 c5 39 9e 49 3f 26 cc 4a 00 00 80 3f d2 95 a4 ca ed 3a dd 46 c3 24 85 4a
CAM frame=1285 ed 80 a5 ca fa 1f 2d 47 22 7c 85 4a 00 00 80 3f 88 29 e7 be 0e a3 33 3e f3 f6 5f 3f 00 00 00 00 00 00 08 34 e9 00 7b 3f fd 52 49 be 00 00 00 00 41 6c 64 bf 7e ca b5 bd 8c a6 e2 be 00 00 00 00 a4 87 b1 49 c5 39 9e 49 3f 26 cc 4a 00 00 80 3f d2 95 a4 ca ed 3a dd 46 c3 24 85 4a
CAM frame=1286 ed 80 a5 ca fa 1f 2d 47 22 7c 85 4a 00 00 80 3f 88 29 e7 be 0e a3 33 3e f3 f6 5f 3f 00 00 00 00 00 00 08 34 e9 00 7b 3f fd 52 49 be 00 00 00 00 41 6c 64 bf 7e ca b5 bd 8c a6 e2 be 00 00 00 00 a4 87 b1 49 c5 39 9e 49 3f 26 cc 4a 00 00 80 3f d2 95 a4 ca ed 3a dd 46 c3 24 85 4a
CAM frame=1287 ed 80 a5 ca fa 1f 2d 47 22 7c 85 4a 00 00 80 3f 88 29 e7 be 0e a3 33 3e f3 f6 5f 3f 00 00 00 00 00 00 08 34 e9 00 7b 3f fd 52 49 be 00 00 00 00 41 6c 64 bf 7e ca b5 bd 8c a6 e2 be 00 00 00 00 a4 87 b1 49 c5 39 9e 49 3f 26 cc 4a 00 00 80 3f d2 95 a4 ca ed 3a dd 46 c3 24 85 4a
CAM frame=1288 ed 80 a5 ca fa 1f 2d 47 22 7c 85 4a 00 00 80 3f 88 29 e7 be 0e a3 33 3e f3 f6 5f 3f 00 00 00 00 00 00 08 34 e9 00 7b 3f fd 52 49 be 00 00 00 00 41 6c 64 bf 7e ca b5 bd 8c a6 e2 be 00 00 00 00 a4 87 b1 49 c5 39 9e 49 3f 26 cc 4a 00 00 80 3f d2 95 a4 ca ed 3a dd 46 c3 24 85 4a
CAM frame=1289 ed 80 a5 ca fa 1f 2d 47 22 7c 85 4a 00 00 80 3f 88 29 e7 be 0e a3 33 3e f3 f6 5f 3f 00 00 00 00 00 00 08 34 e9 00 7b 3f fd 52 49 be 00 00 00 00 41 6c 64 bf 7e ca b5 bd 8c a6 e2 be 00 00 00 00 a4 87 b1 49 c5 39 9e 49 3f 26 cc 4a 00 00 80 3f d2 95 a4 ca ed 3a dd 46 c3 24 85 4a
CAM frame=1290 ed 80 a5 ca fa 1f 2d 47 22 7c 85 4a 00 00 80 3f 88 29 e7 be 0e a3 33 3e f3 f6 5f 3f 00 00 00 00 00 00 08 34 e9 00 7b 3f fd 52 49 be 00 00 00 00 41 6c 64 bf 7e ca b5 bd 8c a6 e2 be 00 00 00 00 a4 87 b1 49 c5 39 9e 49 3f 26 cc 4a 00 00 80 3f d2 95 a4 ca ed 3a dd 46 c3 24 85 4a
CAM frame=1291 ed 80 a5 ca fa 1f 2d 47 22 7c 85 4a 00 00 80 3f 88 29 e7 be 0e a3 33 3e f3 f6 5f 3f 00 00 00 00 00 00 08 34 e9 00 7b 3f fd 52 49 be 00 00 00 00 41 6c 64 bf 7e ca b5 bd 8c a6 e2 be 00 00 00 00 a4 87 b1 49 c5 39 9e 49 3f 26 cc 4a 00 00 80 3f d2 95 a4 ca ed 3a dd 46 c3 24 85 4a
CAM frame=1292 ed 80 a5 ca fa 1f 2d 47 22 7c 85 4a 00 00 80 3f 88 29 e7 be 0e a3 33 3e f3 f6 5f 3f 00 00 00 00 00 00 08 34 e9 00 7b 3f fd 52 49 be 00 00 00 00 41 6c 64 bf 7e ca b5 bd 8c a6 e2 be 00 00 00 00 a4 87 b1 49 c5 39 9e 49 3f 26 cc 4a 00 00 80 3f d2 95 a4 ca ed 3a dd 46 c3 24 85 4a
CAM frame=1293 ed 80 a5 ca fa 1f 2d 47 22 7c 85 4a 00 00 80 3f 88 29 e7 be 0e a3 33 3e f3 f6 5f 3f 00 00 00 00 00 00 08 34 e9 00 7b 3f fd 52 49 be 00 00 00 00 41 6c 64 bf 7e ca b5 bd 8c a6 e2 be 00 00 00 00 a4 87 b1 49 c5 39 9e 49 3f 26 cc 4a 00 00 80 3f d2 95 a4 ca ed 3a dd 46 c3 24 85 4a
CAM frame=1294 ed 80 a5 ca fa 1f 2d 47 22 7c 85 4a 00 00 80 3f 88 29 e7 be 0e a3 33 3e f3 f6 5f 3f 00 00 00 00 00 00 08 34 e9 00 7b 3f fd 52 49 be 00 00 00 00 41 6c 64 bf 7e ca b5 bd 8c a6 e2 be 00 00 00 00 a4 87 b1 49 c5 39 9e 49 3f 26 cc 4a 00 00 80 3f d2 95 a4 ca ed 3a dd 46 c3 24 85 4a
CAM frame=1295 ed 80 a5 ca fa 1f 2d 47 22 7c 85 4a 00 00 80 3f 88 29 e7 be 0e a3 33 3e f3 f6 5f 3f 00 00 00 00 00 00 08 34 e9 00 7b 3f fd 52 49 be 00 00 00 00 41 6c 64 bf 7e ca b5 bd 8c a6 e2 be 00 00 00 00 a4 87 b1 49 c5 39 9e 49 3f 26 cc 4a 00 00 80 3f d2 95 a4 ca ed 3a dd 46 c3 24 85 4a
CAM frame=1296 ed 80 a5 ca fa 1f 2d 47 22 7c 85 4a 00 00 80 3f 88 29 e7 be 0e a3 33 3e f3 f6 5f 3f 00 00 00 00 00 00 08 34 e9 00 7b 3f fd 52 49 be 00 00 00 00 41 6c 64 bf 7e ca b5 bd 8c a6 e2 be 00 00 00 00 a4 87 b1 49 c5 39 9e 49 3f 26 cc 4a 00 00 80 3f d2 95 a4 ca ed 3a dd 46 c3 24 85 4a
CAM frame=1297 ed 80 a5 ca fa 1f 2d 47 22 7c 85 4a 00 00 80 3f 88 29 e7 be 0e a3 33 3e f3 f6 5f 3f 00 00 00 00 00 00 08 34 e9 00 7b 3f fd 52 49 be 00 00 00 00 41 6c 64 bf 7e ca b5 bd 8c a6 e2 be 00 00 00 00 a4 87 b1 49 c5 39 9e 49 3f 26 cc 4a 00 00 80 3f d2 95 a4 ca ed 3a dd 46 c3 24 85 4a
CAM frame=1298 ed 80 a5 ca fa 1f 2d 47 22 7c 85 4a 00 00 80 3f 88 29 e7 be 0e a3 33 3e f3 f6 5f 3f 00 00 00 00 00 00 08 34 e9 00 7b 3f fd 52 49 be 00 00 00 00 41 6c 64 bf 7e ca b5 bd 8c a6 e2 be 00 00 00 00 a4 87 b1 49 c5 39 9e 49 3f 26 cc 4a 00 00 80 3f d2 95 a4 ca ed 3a dd 46 c3 24 85 4a
CAM frame=1299 ed 80 a5 ca fa 1f 2d 47 22 7c 85 4a 00 00 80 3f 88 29 e7 be 0e a3 33 3e f3 f6 5f 3f 00 00 00 00 00 00 08 34 e9 00 7b 3f fd 52 49 be 00 00 00 00 41 6c 64 bf 7e ca b5 bd 8c a6 e2 be 00 00 00 00 a4 87 b1 49 c5 39 9e 49 3f 26 cc 4a 00 00 80 3f d2 95 a4 ca ed 3a dd 46 c3 24 85 4a
CAM frame=1300 ed 80 a5 ca fa 1f 2d 47 22 7c 85 4a 00 00 80 3f 88 29 e7 be 0e a3 33 3e f3 f6 5f 3f 00 00 00 00 00 00 08 34 e9 00 7b 3f fd 52 49 be 00 00 00 00 41 6c 64 bf 7e ca b5 bd 8c a6 e2 be 00 00 00 00 a4 87 b1 49 c5 39 9e 49 3f 26 cc 4a 00 00 80 3f d2 95 a4 ca ed 3a dd 46 c3 24 85 4a
CAM frame=1301 ed 80 a5 ca fa 1f 2d 47 22 7c 85 4a 00 00 80 3f 88 29 e7 be 0e a3 33 3e f3 f6 5f 3f 00 00 00 00 00 00 08 34 e9 00 7b 3f fd 52 49 be 00 00 00 00 41 6c 64 bf 7e ca b5 bd 8c a6 e2 be 00 00 00 00 a4 87 b1 49 c5 39 9e 49 3f 26 cc 4a 00 00 80 3f d2 95 a4 ca ed 3a dd 46 c3 24 85 4a
CAM frame=1302 ed 80 a5 ca fa 1f 2d 47 22 7c 85 4a 00 00 80 3f 88 29 e7 be 0e a3 33 3e f3 f6 5f 3f 00 00 00 00 00 00 08 34 e9 00 7b 3f fd 52 49 be 00 00 00 00 41 6c 64 bf 7e ca b5 bd 8c a6 e2 be 00 00 00 00 a4 87 b1 49 c5 39 9e 49 3f 26 cc 4a 00 00 80 3f d2 95 a4 ca ed 3a dd 46 c3 24 85 4a
CAM frame=1303 ed 80 a5 ca fa 1f 2d 47 22 7c 85 4a 00 00 80 3f 88 29 e7 be 0e a3 33 3e f3 f6 5f 3f 00 00 00 00 00 00 08 34 e9 00 7b 3f fd 52 49 be 00 00 00 00 41 6c 64 bf 7e ca b5 bd 8c a6 e2 be 00 00 00 00 a4 87 b1 49 c5 39 9e 49 3f 26 cc 4a 00 00 80 3f d2 95 a4 ca ed 3a dd 46 c3 24 85 4a
CAM frame=1304 ed 80 a5 ca fa 1f 2d 47 22 7c 85 4a 00 00 80 3f 88 29 e7 be 0e a3 33 3e f3 f6 5f 3f 00 00 00 00 00 00 08 34 e9 00 7b 3f fd 52 49 be 00 00 00 00 41 6c 64 bf 7e ca b5 bd 8c a6 e2 be 00 00 00 00 a4 87 b1 49 c5 39 9e 49 3f 26 cc 4a 00 00 80 3f d2 95 a4 ca ed 3a dd 46 c3 24 85 4a
CAM frame=1305 ed 80 a5 ca fa 1f 2d 47 22 7c 85 4a 00 00 80 3f 88 29 e7 be 0e a3 33 3e f3 f6 5f 3f 00 00 00 00 00 00 08 34 e9 00 7b 3f fd 52 49 be 00 00 00 00 41 6c 64 bf 7e ca b5 bd 8c a6 e2 be 00 00 00 00 a4 87 b1 49 c5 39 9e 49 3f 26 cc 4a 00 00 80 3f d2 95 a4 ca ed 3a dd 46 c3 24 85 4a
CAM frame=1306 ed 80 a5 ca fa 1f 2d 47 22 7c 85 4a 00 00 80 3f 88 29 e7 be 0e a3 33 3e f3 f6 5f 3f 00 00 00 00 00 00 08 34 e9 00 7b 3f fd 52 49 be 00 00 00 00 41 6c 64 bf 7e ca b5 bd 8c a6 e2 be 00 00 00 00 a4 87 b1 49 c5 39 9e 49 3f 26 cc 4a 00 00 80 3f d2 95 a4 ca ed 3a dd 46 c3 24 85 4a
CAM frame=1307 ed 80 a5 ca fa 1f 2d 47 22 7c 85 4a 00 00 80 3f 88 29 e7 be 0e a3 33 3e f3 f6 5f 3f 00 00 00 00 00 00 08 34 e9 00 7b 3f fd 52 49 be 00 00 00 00 41 6c 64 bf 7e ca b5 bd 8c a6 e2 be 00 00 00 00 a4 87 b1 49 c5 39 9e 49 3f 26 cc 4a 00 00 80 3f d2 95 a4 ca ed 3a dd 46 c3 24 85 4a
CAM frame=1308 ed 80 a5 ca fa 1f 2d 47 22 7c 85 4a 00 00 80 3f 88 29 e7 be 0e a3 33 3e f3 f6 5f 3f 00 00 00 00 00 00 08 34 e9 00 7b 3f fd 52 49 be 00 00 00 00 41 6c 64 bf 7e ca b5 bd 8c a6 e2 be 00 00 00 00 a4 87 b1 49 c5 39 9e 49 3f 26 cc 4a 00 00 80 3f d2 95 a4 ca ed 3a dd 46 c3 24 85 4a
CAM frame=1309 ed 80 a5 ca fa 1f 2d 47 22 7c 85 4a 00 00 80 3f 88 29 e7 be 0e a3 33 3e f3 f6 5f 3f 00 00 00 00 00 00 08 34 e9 00 7b 3f fd 52 49 be 00 00 00 00 41 6c 64 bf 7e ca b5 bd 8c a6 e2 be 00 00 00 00 a4 87 b1 49 c5 39 9e 49 3f 26 cc 4a 00 00 80 3f d2 95 a4 ca ed 3a dd 46 c3 24 85 4a
CAM frame=1310 ed 80 a5 ca fa 1f 2d 47 22 7c 85 4a 00 00 80 3f 88 29 e7 be 0e a3 33 3e f3 f6 5f 3f 00 00 00 00 00 00 08 34 e9 00 7b 3f fd 52 49 be 00 00 00 00 41 6c 64 bf 7e ca b5 bd 8c a6 e2 be 00 00 00 00 a4 87 b1 49 c5 39 9e 49 3f 26 cc 4a 00 00 80 3f d2 95 a4 ca ed 3a dd 46 c3 24 85 4a
CAM frame=1311 ed 80 a5 ca fa 1f 2d 47 22 7c 85 4a 00 00 80 3f 88 29 e7 be 0e a3 33 3e f3 f6 5f 3f 00 00 00 00 00 00 08 34 e9 00 7b 3f fd 52 49 be 00 00 00 00 41 6c 64 bf 7e ca b5 bd 8c a6 e2 be 00 00 00 00 a4 87 b1 49 c5 39 9e 49 3f 26 cc 4a 00 00 80 3f d2 95 a4 ca ed 3a dd 46 c3 24 85 4a
CAM frame=1312 ed 80 a5 ca fa 1f 2d 47 22 7c 85 4a 00 00 80 3f 88 29 e7 be 0e a3 33 3e f3 f6 5f 3f 00 00 00 00 00 00 08 34 e9 00 7b 3f fd 52 49 be 00 00 00 00 41 6c 64 bf 7e ca b5 bd 8c a6 e2 be 00 00 00 00 a4 87 b1 49 c5 39 9e 49 3f 26 cc 4a 00 00 80 3f d2 95 a4 ca ed 3a dd 46 c3 24 85 4a
CAM frame=1313 ed 80 a5 ca fa 1f 2d 47 22 7c 85 4a 00 00 80 3f 88 29 e7 be 0e a3 33 3e f3 f6 5f 3f 00 00 00 00 00 00 08 34 e9 00 7b 3f fd 52 49 be 00 00 00 00 41 6c 64 bf 7e ca b5 bd 8c a6 e2 be 00 00 00 00 a4 87 b1 49 c5 39 9e 49 3f 26 cc 4a 00 00 80 3f d2 95 a4 ca ed 3a dd 46 c3 24 85 4a
CAM frame=1314 ed 80 a5 ca fa 1f 2d 47 22 7c 85 4a 00 00 80 3f 88 29 e7 be 0e a3 33 3e f3 f6 5f 3f 00 00 00 00 00 00 08 34 e9 00 7b 3f fd 52 49 be 00 00 00 00 41 6c 64 bf 7e ca b5 bd 8c a6 e2 be 00 00 00 00 a4 87 b1 49 c5 39 9e 49 3f 26 cc 4a 00 00 80 3f d2 95 a4 ca ed 3a dd 46 c3 24 85 4a
CAM frame=1315 ed 80 a5 ca fa 1f 2d 47 22 7c 85 4a 00 00 80 3f 88 29 e7 be 0e a3 33 3e f3 f6 5f 3f 00 00 00 00 00 00 08 34 e9 00 7b 3f fd 52 49 be 00 00 00 00 41 6c 64 bf 7e ca b5 bd 8c a6 e2 be 00 00 00 00 a4 87 b1 49 c5 39 9e 49 3f 26 cc 4a 00 00 80 3f d2 95 a4 ca ed 3a dd 46 c3 24 85 4a
CAM frame=1316 ed 80 a5 ca fa 1f 2d 47 22 7c 85 4a 00 00 80 3f 88 29 e7 be 0e a3 33 3e f3 f6 5f 3f 00 00 00 00 00 00 08 34 e9 00 7b 3f fd 52 49 be 00 00 00 00 41 6c 64 bf 7e ca b5 bd 8c a6 e2 be 00 00 00 00 a4 87 b1 49 c5 39 9e 49 3f 26 cc 4a 00 00 80 3f d2 95 a4 ca ed 3a dd 46 c3 24 85 4a
CAM frame=1317 ed 80 a5 ca fa 1f 2d 47 22 7c 85 4a 00 00 80 3f 88 29 e7 be 0e a3 33 3e f3 f6 5f 3f 00 00 00 00 00 00 08 34 e9 00 7b 3f fd 52 49 be 00 00 00 00 41 6c 64 bf 7e ca b5 bd 8c a6 e2 be 00 00 00 00 a4 87 b1 49 c5 39 9e 49 3f 26 cc 4a 00 00 80 3f d2 95 a4 ca ed 3a dd 46 c3 24 85 4a
CAM frame=1318 ed 80 a5 ca fa 1f 2d 47 22 7c 85 4a 00 00 80 3f 88 29 e7 be 0e a3 33 3e f3 f6 5f 3f 00 00 00 00 00 00 08 34 e9 00 7b 3f fd 52 49 be 00 00 00 00 41 6c 64 bf 7e ca b5 bd 8c a6 e2 be 00 00 00 00 a4 87 b1 49 c5 39 9e 49 3f 26 cc 4a 00 00 80 3f d2 95 a4 ca ed 3a dd 46 c3 24 85 4a
CAM frame=1319 ed 80 a5 ca fa 1f 2d 47 22 7c 85 4a 00 00 80 3f 88 29 e7 be 0e a3 33 3e f3 f6 5f 3f 00 00 00 00 00 00 08 34 e9 00 7b 3f fd 52 49 be 00 00 00 00 41 6c 64 bf 7e ca b5 bd 8c a6 e2 be 00 00 00 00 a4 87 b1 49 c5 39 9e 49 3f 26 cc 4a 00 00 80 3f d2 95 a4 ca ed 3a dd 46 c3 24 85 4a
CAM frame=1320 ed 80 a5 ca fa 1f 2d 47 22 7c 85 4a 00 00 80 3f 88 29 e7 be 0e a3 33 3e f3 f6 5f 3f 00 00 00 00 00 00 08 34 e9 00 7b 3f fd 52 49 be 00 00 00 00 41 6c 64 bf 7e ca b5 bd 8c a6 e2 be 00 00 00 00 a4 87 b1 49 c5 39 9e 49 3f 26 cc 4a 00 00 80 3f d2 95 a4 ca ed 3a dd 46 c3 24 85 4a
CAM frame=1321 ed 80 a5 ca fa 1f 2d 47 22 7c 85 4a 00 00 80 3f 88 29 e7 be 0e a3 33 3e f3 f6 5f 3f 00 00 00 00 00 00 08 34 e9 00 7b 3f fd 52 49 be 00 00 00 00 41 6c 64 bf 7e ca b5 bd 8c a6 e2 be 00 00 00 00 a4 87 b1 49 c5 39 9e 49 3f 26 cc 4a 00 00 80 3f d2 95 a4 ca ed 3a dd 46 c3 24 85 4a
CAM frame=1322 ed 80 a5 ca fa 1f 2d 47 22 7c 85 4a 00 00 80 3f 88 29 e7 be 0e a3 33 3e f3 f6 5f 3f 00 00 00 00 00 00 08 34 e9 00 7b 3f fd 52 49 be 00 00 00 00 41 6c 64 bf 7e ca b5 bd 8c a6 e2 be 00 00 00 00 a4 87 b1 49 c5 39 9e 49 3f 26 cc 4a 00 00 80 3f d2 95 a4 ca ed 3a dd 46 c3 24 85 4a
CAM frame=1323 ed 80 a5 ca fa 1f 2d 47 22 7c 85 4a 00 00 80 3f 88 29 e7 be 0e a3 33 3e f3 f6 5f 3f 00 00 00 00 00 00 08 34 e9 00 7b 3f fd 52 49 be 00 00 00 00 41 6c 64 bf 7e ca b5 bd 8c a6 e2 be 00 00 00 00 a4 87 b1 49 c5 39 9e 49 3f 26 cc 4a 00 00 80 3f d2 95 a4 ca ed 3a dd 46 c3 24 85 4a
CAM frame=1324 ed 80 a5 ca fa 1f 2d 47 22 7c 85 4a 00 00 80 3f 88 29 e7 be 0e a3 33 3e f3 f6 5f 3f 00 00 00 00 00 00 08 34 e9 00 7b 3f fd 52 49 be 00 00 00 00 41 6c 64 bf 7e ca b5 bd 8c a6 e2 be 00 00 00 00 a4 87 b1 49 c5 39 9e 49 3f 26 cc 4a 00 00 80 3f d2 95 a4 ca ed 3a dd 46 c3 24 85 4a
CAM frame=1325 ed 80 a5 ca fa 1f 2d 47 22 7c 85 4a 00 00 80 3f 88 29 e7 be 0e a3 33 3e f3 f6 5f 3f 00 00 00 00 00 00 08 34 e9 00 7b 3f fd 52 49 be 00 00 00 00 41 6c 64 bf 7e ca b5 bd 8c a6 e2 be 00 00 00 00 a4 87 b1 49 c5 39 9e 49 3f 26 cc 4a 00 00 80 3f d2 95 a4 ca ed 3a dd 46 c3 24 85 4a
CAM frame=1326 ed 80 a5 ca fa 1f 2d 47 22 7c 85 4a 00 00 80 3f 88 29 e7 be 0e a3 33 3e f3 f6 5f 3f 00 00 00 00 00 00 08 34 e9 00 7b 3f fd 52 49 be 00 00 00 00 41 6c 64 bf 7e ca b5 bd 8c a6 e2 be 00 00 00 00 a4 87 b1 49 c5 39 9e 49 3f 26 cc 4a 00 00 80 3f d2 95 a4 ca ed 3a dd 46 c3 24 85 4a
CAM frame=1327 ed 80 a5 ca fa 1f 2d 47 22 7c 85 4a 00 00 80 3f 88 29 e7 be 0e a3 33 3e f3 f6 5f 3f 00 00 00 00 00 00 08 34 e9 00 7b 3f fd 52 49 be 00 00 00 00 41 6c 64 bf 7e ca b5 bd 8c a6 e2 be 00 00 00 00 a4 87 b1 49 c5 39 9e 49 3f 26 cc 4a 00 00 80 3f d2 95 a4 ca ed 3a dd 46 c3 24 85 4a
CAM frame=1328 ed 80 a5 ca fa 1f 2d 47 22 7c 85 4a 00 00 80 3f 88 29 e7 be 0e a3 33 3e f3 f6 5f 3f 00 00 00 00 00 00 08 34 e9 00 7b 3f fd 52 49 be 00 00 00 00 41 6c 64 bf 7e ca b5 bd 8c a6 e2 be 00 00 00 00 a4 87 b1 49 c5 39 9e 49 3f 26 cc 4a 00 00 80 3f d2 95 a4 ca ed 3a dd 46 c3 24 85 4a
CAM frame=1329 ed 80 a5 ca fa 1f 2d 47 22 7c 85 4a 00 00 80 3f 88 29 e7 be 0e a3 33 3e f3 f6 5f 3f 00 00 00 00 00 00 08 34 e9 00 7b 3f fd 52 49 be 00 00 00 00 41 6c 64 bf 7e ca b5 bd 8c a6 e2 be 00 00 00 00 a4 87 b1 49 c5 39 9e 49 3f 26 cc 4a 00 00 80 3f d2 95 a4 ca ed 3a dd 46 c3 24 85 4a
CAM frame=1330 ed 80 a5 ca fa 1f 2d 47 22 7c 85 4a 00 00 80 3f 88 29 e7 be 0e a3 33 3e f3 f6 5f 3f 00 00 00 00 00 00 08 34 e9 00 7b 3f fd 52 49 be 00 00 00 00 41 6c 64 bf 7e ca b5 bd 8c a6 e2 be 00 00 00 00 a4 87 b1 49 c5 39 9e 49 3f 26 cc 4a 00 00 80 3f d2 95 a4 ca ed 3a dd 46 c3 24 85 4a
CAM frame=1331 ed 80 a5 ca fa 1f 2d 47 22 7c 85 4a 00 00 80 3f 88 29 e7 be 0e a3 33 3e f3 f6 5f 3f 00 00 00 00 00 00 08 34 e9 00 7b 3f fd 52 49 be 00 00 00 00 41 6c 64 bf 7e ca b5 bd 8c a6 e2 be 00 00 00 00 a4 87 b1 49 c5 39 9e 49 3f 26 cc 4a 00 00 80 3f d2 95 a4 ca ed 3a dd 46 c3 24 85 4a
CAM frame=1332 ed 80 a5 ca fa 1f 2d 47 22 7c 85 4a 00 00 80 3f 88 29 e7 be 0e a3 33 3e f3 f6 5f 3f 00 00 00 00 00 00 08 34 e9 00 7b 3f fd 52 49 be 00 00 00 00 41 6c 64 bf 7e ca b5 bd 8c a6 e2 be 00 00 00 00 a4 87 b1 49 c5 39 9e 49 3f 26 cc 4a 00 00 80 3f d2 95 a4 ca ed 3a dd 46 c3 24 85 4a
CAM frame=1333 ed 80 a5 ca fa 1f 2d 47 22 7c 85 4a 00 00 80 3f 88 29 e7 be 0e a3 33 3e f3 f6 5f 3f 00 00 00 00 00 00 08 34 e9 00 7b 3f fd 52 49 be 00 00 00 00 41 6c 64 bf 7e ca b5 bd 8c a6 e2 be 00 00 00 00 a4 87 b1 49 c5 39 9e 49 3f 26 cc 4a 00 00 80 3f d2 95 a4 ca ed 3a dd 46 c3 24 85 4a
CAM frame=1334 ed 80 a5 ca fa 1f 2d 47 22 7c 85 4a 00 00 80 3f 88 29 e7 be 0e a3 33 3e f3 f6 5f 3f 00 00 00 00 00 00 08 34 e9 00 7b 3f fd 52 49 be 00 00 00 00 41 6c 64 bf 7e ca b5 bd 8c a6 e2 be 00 00 00 00 a4 87 b1 49 c5 39 9e 49 3f 26 cc 4a 00 00 80 3f d2 95 a4 ca ed 3a dd 46 c3 24 85 4a
CAM frame=1335 ed 80 a5 ca fa 1f 2d 47 22 7c 85 4a 00 00 80 3f 88 29 e7 be 0e a3 33 3e f3 f6 5f 3f 00 00 00 00 00 00 08 34 e9 00 7b 3f fd 52 49 be 00 00 00 00 41 6c 64 bf 7e ca b5 bd 8c a6 e2 be 00 00 00 00 a4 87 b1 49 c5 39 9e 49 3f 26 cc 4a 00 00 80 3f d2 95 a4 ca ed 3a dd 46 c3 24 85 4a
CAM frame=1336 ed 80 a5 ca fa 1f 2d 47 22 7c 85 4a 00 00 80 3f 88 29 e7 be 0e a3 33 3e f3 f6 5f 3f 00 00 00 00 00 00 08 34 e9 00 7b 3f fd 52 49 be 00 00 00 00 41 6c 64 bf 7e ca b5 bd 8c a6 e2 be 00 00 00 00 a4 87 b1 49 c5 39 9e 49 3f 26 cc 4a 00 00 80 3f d2 95 a4 ca ed 3a dd 46 c3 24 85 4a
CAM frame=1337 ed 80 a5 ca fa 1f 2d 47 22 7c 85 4a 00 00 80 3f 88 29 e7 be 0e a3 33 3e f3 f6 5f 3f 00 00 00 00 00 00 08 34 e9 00 7b 3f fd 52 49 be 00 00 00 00 41 6c 64 bf 7e ca b5 bd 8c a6 e2 be 00 00 00 00 a4 87 b1 49 c5 39 9e 49 3f 26 cc 4a 00 00 80 3f d2 95 a4 ca ed 3a dd 46 c3 24 85 4a
CAM frame=1338 ed 80 a5 ca fa 1f 2d 47 22 7c 85 4a 00 00 80 3f 88 29 e7 be 0e a3 33 3e f3 f6 5f 3f 00 00 00 00 00 00 08 34 e9 00 7b 3f fd 52 49 be 00 00 00 00 41 6c 64 bf 7e ca b5 bd 8c a6 e2 be 00 00 00 00 a4 87 b1 49 c5 39 9e 49 3f 26 cc 4a 00 00 80 3f d2 95 a4 ca ed 3a dd 46 c3 24 85 4a
CAM frame=1339 ed 80 a5 ca fa 1f 2d 47 22 7c 85 4a 00 00 80 3f 88 29 e7 be 0e a3 33 3e f3 f6 5f 3f 00 00 00 00 00 00 08 34 e9 00 7b 3f fd 52 49 be 00 00 00 00 41 6c 64 bf 7e ca b5 bd 8c a6 e2 be 00 00 00 00 a4 87 b1 49 c5 39 9e 49 3f 26 cc 4a 00 00 80 3f d2 95 a4 ca ed 3a dd 46 c3 24 85 4a
CAM frame=1340 ed 80 a5 ca fa 1f 2d 47 22 7c 85 4a 00 00 80 3f 88 29 e7 be 0e a3 33 3e f3 f6 5f 3f 00 00 00 00 00 00 08 34 e9 00 7b 3f fd 52 49 be 00 00 00 00 41 6c 64 bf 7e ca b5 bd 8c a6 e2 be 00 00 00 00 a4 87 b1 49 c5 39 9e 49 3f 26 cc 4a 00 00 80 3f d2 95 a4 ca ed 3a dd 46 c3 24 85 4a
CAM frame=1341 ed 80 a5 ca fa 1f 2d 47 22 7c 85 4a 00 00 80 3f 88 29 e7 be 0e a3 33 3e f3 f6 5f 3f 00 00 00 00 00 00 08 34 e9 00 7b 3f fd 52 49 be 00 00 00 00 41 6c 64 bf 7e ca b5 bd 8c a6 e2 be 00 00 00 00 a4 87 b1 49 c5 39 9e 49 3f 26 cc 4a 00 00 80 3f d2 95 a4 ca ed 3a dd 46 c3 24 85 4a
CAM frame=1342 ed 80 a5 ca fa 1f 2d 47 22 7c 85 4a 00 00 80 3f 88 29 e7 be 0e a3 33 3e f3 f6 5f 3f 00 00 00 00 00 00 08 34 e9 00 7b 3f fd 52 49 be 00 00 00 00 41 6c 64 bf 7e ca b5 bd 8c a6 e2 be 00 00 00 00 a4 87 b1 49 c5 39 9e 49 3f 26 cc 4a 00 00 80 3f d2 95 a4 ca ed 3a dd 46 c3 24 85 4a
CAM frame=1343 ed 80 a5 ca fa 1f 2d 47 22 7c 85 4a 00 00 80 3f 88 29 e7 be 0e a3 33 3e f3 f6 5f 3f 00 00 00 00 00 00 08 34 e9 00 7b 3f fd 52 49 be 00 00 00 00 41 6c 64 bf 7e ca b5 bd 8c a6 e2 be 00 00 00 00 a4 87 b1 49 c5 39 9e 49 3f 26 cc 4a 00 00 80 3f d2 95 a4 ca ed 3a dd 46 c3 24 85 4a
CAM frame=1344 ed 80 a5 ca fa 1f 2d 47 22 7c 85 4a 00 00 80 3f 88 29 e7 be 0e a3 33 3e f3 f6 5f 3f 00 00 00 00 00 00 08 34 e9 00 7b 3f fd 52 49 be 00 00 00 00 41 6c 64 bf 7e ca b5 bd 8c a6 e2 be 00 00 00 00 a4 87 b1 49 c5 39 9e 49 3f 26 cc 4a 00 00 80 3f d2 95 a4 ca ed 3a dd 46 c3 24 85 4a
CAM frame=1345 ed 80 a5 ca fa 1f 2d 47 22 7c 85 4a 00 00 80 3f 88 29 e7 be 0e a3 33 3e f3 f6 5f 3f 00 00 00 00 00 00 08 34 e9 00 7b 3f fd 52 49 be 00 00 00 00 41 6c 64 bf 7e ca b5 bd 8c a6 e2 be 00 00 00 00 a4 87 b1 49 c5 39 9e 49 3f 26 cc 4a 00 00 80 3f d2 95 a4 ca ed 3a dd 46 c3 24 85 4a
CAM frame=1346 ed 80 a5 ca fa 1f 2d 47 22 7c 85 4a 00 00 80 3f 88 29 e7 be 0e a3 33 3e f3 f6 5f 3f 00 00 00 00 00 00 08 34 e9 00 7b 3f fd 52 49 be 00 00 00 00 41 6c 64 bf 7e ca b5 bd 8c a6 e2 be 00 00 00 00 a4 87 b1 49 c5 39 9e 49 3f 26 cc 4a 00 00 80 3f d2 95 a4 ca ed 3a dd 46 c3 24 85 4a
CAM frame=1347 ed 80 a5 ca fa 1f 2d 47 22 7c 85 4a 00 00 80 3f 88 29 e7 be 0e a3 33 3e f3 f6 5f 3f 00 00 00 00 00 00 08 34 e9 00 7b 3f fd 52 49 be 00 00 00 00 41 6c 64 bf 7e ca b5 bd 8c a6 e2 be 00 00 00 00 a4 87 b1 49 c5 39 9e 49 3f 26 cc 4a 00 00 80 3f d2 95 a4 ca ed 3a dd 46 c3 24 85 4a
CAM frame=1348 ed 80 a5 ca fa 1f 2d 47 22 7c 85 4a 00 00 80 3f 88 29 e7 be 0e a3 33 3e f3 f6 5f 3f 00 00 00 00 00 00 08 34 e9 00 7b 3f fd 52 49 be 00 00 00 00 41 6c 64 bf 7e ca b5 bd 8c a6 e2 be 00 00 00 00 a4 87 b1 49 c5 39 9e 49 3f 26 cc 4a 00 00 80 3f d2 95 a4 ca ed 3a dd 46 c3 24 85 4a
CAM frame=1349 ed 80 a5 ca fa 1f 2d 47 22 7c 85 4a 00 00 80 3f 88 29 e7 be 0e a3 33 3e f3 f6 5f 3f 00 00 00 00 00 00 08 34 e9 00 7b 3f fd 52 49 be 00 00 00 00 41 6c 64 bf 7e ca b5 bd 8c a6 e2 be 00 00 00 00 a4 87 b1 49 c5 39 9e 49 3f 26 cc 4a 00 00 80 3f d2 95 a4 ca ed 3a dd 46 c3 24 85 4a
CAM frame=1350 ed 80 a5 ca fa 1f 2d 47 22 7c 85 4a 00 00 80 3f 88 29 e7 be 0e a3 33 3e f3 f6 5f 3f 00 00 00 00 00 00 08 34 e9 00 7b 3f fd 52 49 be 00 00 00 00 41 6c 64 bf 7e ca b5 bd 8c a6 e2 be 00 00 00 00 a4 87 b1 49 c5 39 9e 49 3f 26 cc 4a 00 00 80 3f d2 95 a4 ca ed 3a dd 46 c3 24 85 4a
CAM frame=1351 ed 80 a5 ca fa 1f 2d 47 22 7c 85 4a 00 00 80 3f 88 29 e7 be 0e a3 33 3e f3 f6 5f 3f 00 00 00 00 00 00 08 34 e9 00 7b 3f fd 52 49 be 00 00 00 00 41 6c 64 bf 7e ca b5 bd 8c a6 e2 be 00 00 00 00 a4 87 b1 49 c5 39 9e 49 3f 26 cc 4a 00 00 80 3f d2 95 a4 ca ed 3a dd 46 c3 24 85 4a
CAM frame=1352 ed 80 a5 ca fa 1f 2d 47 22 7c 85 4a 00 00 80 3f 88 29 e7 be 0e a3 33 3e f3 f6 5f 3f 00 00 00 00 00 00 08 34 e9 00 7b 3f fd 52 49 be 00 00 00 00 41 6c 64 bf 7e ca b5 bd 8c a6 e2 be 00 00 00 00 a4 87 b1 49 c5 39 9e 49 3f 26 cc 4a 00 00 80 3f d2 95 a4 ca ed 3a dd 46 c3 24 85 4a
CAM frame=1353 ed 80 a5 ca fa 1f 2d 47 22 7c 85 4a 00 00 80 3f 88 29 e7 be 0e a3 33 3e f3 f6 5f 3f 00 00 00 00 00 00 08 34 e9 00 7b 3f fd 52 49 be 00 00 00 00 41 6c 64 bf 7e ca b5 bd 8c a6 e2 be 00 00 00 00 a4 87 b1 49 c5 39 9e 49 3f 26 cc 4a 00 00 80 3f d2 95 a4 ca ed 3a dd 46 c3 24 85 4a
CAM frame=1354 ed 80 a5 ca fa 1f 2d 47 22 7c 85 4a 00 00 80 3f 88 29 e7 be 0e a3 33 3e f3 f6 5f 3f 00 00 00 00 00 00 08 34 e9 00 7b 3f fd 52 49 be 00 00 00 00 41 6c 64 bf 7e ca b5 bd 8c a6 e2 be 00 00 00 00 a4 87 b1 49 c5 39 9e 49 3f 26 cc 4a 00 00 80 3f d2 95 a4 ca ed 3a dd 46 c3 24 85 4a
CAM frame=1355 ed 80 a5 ca fa 1f 2d 47 22 7c 85 4a 00 00 80 3f 88 29 e7 be 0e a3 33 3e f3 f6 5f 3f 00 00 00 00 00 00 08 34 e9 00 7b 3f fd 52 49 be 00 00 00 00 41 6c 64 bf 7e ca b5 bd 8c a6 e2 be 00 00 00 00 a4 87 b1 49 c5 39 9e 49 3f 26 cc 4a 00 00 80 3f d2 95 a4 ca ed 3a dd 46 c3 24 85 4a
CAM frame=1356 ed 80 a5 ca fa 1f 2d 47 22 7c 85 4a 00 00 80 3f 88 29 e7 be 0e a3 33 3e f3 f6 5f 3f 00 00 00 00 00 00 08 34 e9 00 7b 3f fd 52 49 be 00 00 00 00 41 6c 64 bf 7e ca b5 bd 8c a6 e2 be 00 00 00 00 a4 87 b1 49 c5 39 9e 49 3f 26 cc 4a 00 00 80 3f d2 95 a4 ca ed 3a dd 46 c3 24 85 4a
CAM frame=1357 ed 80 a5 ca fa 1f 2d 47 22 7c 85 4a 00 00 80 3f 88 29 e7 be 0e a3 33 3e f3 f6 5f 3f 00 00 00 00 00 00 08 34 e9 00 7b 3f fd 52 49 be 00 00 00 00 41 6c 64 bf 7e ca b5 bd 8c a6 e2 be 00 00 00 00 a4 87 b1 49 c5 39 9e 49 3f 26 cc 4a 00 00 80 3f d2 95 a4 ca ed 3a dd 46 c3 24 85 4a
CAM frame=1358 ed 80 a5 ca fa 1f 2d 47 22 7c 85 4a 00 00 80 3f 88 29 e7 be 0e a3 33 3e f3 f6 5f 3f 00 00 00 00 00 00 08 34 e9 00 7b 3f fd 52 49 be 00 00 00 00 41 6c 64 bf 7e ca b5 bd 8c a6 e2 be 00 00 00 00 a4 87 b1 49 c5 39 9e 49 3f 26 cc 4a 00 00 80 3f d2 95 a4 ca ed 3a dd 46 c3 24 85 4a
CAM frame=1359 ed 80 a5 ca fa 1f 2d 47 22 7c 85 4a 00 00 80 3f 88 29 e7 be 0e a3 33 3e f3 f6 5f 3f 00 00 00 00 00 00 08 34 e9 00 7b 3f fd 52 49 be 00 00 00 00 41 6c 64 bf 7e ca b5 bd 8c a6 e2 be 00 00 00 00 a4 87 b1 49 c5 39 9e 49 3f 26 cc 4a 00 00 80 3f d2 95 a4 ca ed 3a dd 46 c3 24 85 4a
CAM frame=1360 ed 80 a5 ca fa 1f 2d 47 22 7c 85 4a 00 00 80 3f 88 29 e7 be 0e a3 33 3e f3 f6 5f 3f 00 00 00 00 00 00 08 34 e9 00 7b 3f fd 52 49 be 00 00 00 00 41 6c 64 bf 7e ca b5 bd 8c a6 e2 be 00 00 00 00 a4 87 b1 49 c5 39 9e 49 3f 26 cc 4a 00 00 80 3f d2 95 a4 ca ed 3a dd 46 c3 24 85 4a
CAM frame=1361 ed 80 a5 ca fa 1f 2d 47 22 7c 85 4a 00 00 80 3f 88 29 e7 be 0e a3 33 3e f3 f6 5f 3f 00 00 00 00 00 00 08 34 e9 00 7b 3f fd 52 49 be 00 00 00 00 41 6c 64 bf 7e ca b5 bd 8c a6 e2 be 00 00 00 00 a4 87 b1 49 c5 39 9e 49 3f 26 cc 4a 00 00 80 3f d2 95 a4 ca ed 3a dd 46 c3 24 85 4a
CAM frame=1362 ed 80 a5 ca fa 1f 2d 47 22 7c 85 4a 00 00 80 3f 88 29 e7 be 0e a3 33 3e f3 f6 5f 3f 00 00 00 00 00 00 08 34 e9 00 7b 3f fd 52 49 be 00 00 00 00 41 6c 64 bf 7e ca b5 bd 8c a6 e2 be 00 00 00 00 a4 87 b1 49 c5 39 9e 49 3f 26 cc 4a 00 00 80 3f d2 95 a4 ca ed 3a dd 46 c3 24 85 4a
CAM frame=1363 ed 80 a5 ca fa 1f 2d 47 22 7c 85 4a 00 00 80 3f 88 29 e7 be 0e a3 33 3e f3 f6 5f 3f 00 00 00 00 00 00 08 34 e9 00 7b 3f fd 52 49 be 00 00 00 00 41 6c 64 bf 7e ca b5 bd 8c a6 e2 be 00 00 00 00 a4 87 b1 49 c5 39 9e 49 3f 26 cc 4a 00 00 80 3f d2 95 a4 ca ed 3a dd 46 c3 24 85 4a
CAM frame=1364 ed 80 a5 ca fa 1f 2d 47 22 7c 85 4a 00 00 80 3f 88 29 e7 be 0e a3 33 3e f3 f6 5f 3f 00 00 00 00 00 00 08 34 e9 00 7b 3f fd 52 49 be 00 00 00 00 41 6c 64 bf 7e ca b5 bd 8c a6 e2 be 00 00 00 00 a4 87 b1 49 c5 39 9e 49 3f 26 cc 4a 00 00 80 3f d2 95 a4 ca ed 3a dd 46 c3 24 85 4a
CAM frame=1365 ed 80 a5 ca fa 1f 2d 47 22 7c 85 4a 00 00 80 3f 88 29 e7 be 0e a3 33 3e f3 f6 5f 3f 00 00 00 00 00 00 08 34 e9 00 7b 3f fd 52 49 be 00 00 00 00 41 6c 64 bf 7e ca b5 bd 8c a6 e2 be 00 00 00 00 a4 87 b1 49 c5 39 9e 49 3f 26 cc 4a 00 00 80 3f d2 95 a4 ca ed 3a dd 46 c3 24 85 4a
CAM frame=1366 ed 80 a5 ca fa 1f 2d 47 22 7c 85 4a 00 00 80 3f 88 29 e7 be 0e a3 33 3e f3 f6 5f 3f 00 00 00 00 00 00 08 34 e9 00 7b 3f fd 52 49 be 00 00 00 00 41 6c 64 bf 7e ca b5 bd 8c a6 e2 be 00 00 00 00 a4 87 b1 49 c5 39 9e 49 3f 26 cc 4a 00 00 80 3f d2 95 a4 ca ed 3a dd 46 c3 24 85 4a
CAM frame=1367 ed 80 a5 ca fa 1f 2d 47 22 7c 85 4a 00 00 80 3f 88 29 e7 be 0e a3 33 3e f3 f6 5f 3f 00 00 00 00 00 00 08 34 e9 00 7b 3f fd 52 49 be 00 00 00 00 41 6c 64 bf 7e ca b5 bd 8c a6 e2 be 00 00 00 00 a4 87 b1 49 c5 39 9e 49 3f 26 cc 4a 00 00 80 3f d2 95 a4 ca ed 3a dd 46 c3 24 85 4a
CAM frame=1368 ed 80 a5 ca fa 1f 2d 47 22 7c 85 4a 00 00 80 3f 88 29 e7 be 0e a3 33 3e f3 f6 5f 3f 00 00 00 00 00 00 08 34 e9 00 7b 3f fd 52 49 be 00 00 00 00 41 6c 64 bf 7e ca b5 bd 8c a6 e2 be 00 00 00 00 a4 87 b1 49 c5 39 9e 49 3f 26 cc 4a 00 00 80 3f d2 95 a4 ca ed 3a dd 46 c3 24 85 4a
CAM frame=1369 ed 80 a5 ca fa 1f 2d 47 22 7c 85 4a 00 00 80 3f 88 29 e7 be 0e a3 33 3e f3 f6 5f 3f 00 00 00 00 00 00 08 34 e9 00 7b 3f fd 52 49 be 00 00 00 00 41 6c 64 bf 7e ca b5 bd 8c a6 e2 be 00 00 00 00 a4 87 b1 49 c5 39 9e 49 3f 26 cc 4a 00 00 80 3f d2 95 a4 ca ed 3a dd 46 c3 24 85 4a
CAM frame=1370 ed 80 a5 ca fa 1f 2d 47 22 7c 85 4a 00 00 80 3f 88 29 e7 be 0e a3 33 3e f3 f6 5f 3f 00 00 00 00 00 00 08 34 e9 00 7b 3f fd 52 49 be 00 00 00 00 41 6c 64 bf 7e ca b5 bd 8c a6 e2 be 00 00 00 00 a4 87 b1 49 c5 39 9e 49 3f 26 cc 4a 00 00 80 3f d2 95 a4 ca ed 3a dd 46 c3 24 85 4a
CAM frame=1371 ed 80 a5 ca fa 1f 2d 47 22 7c 85 4a 00 00 80 3f 88 29 e7 be 0e a3 33 3e f3 f6 5f 3f 00 00 00 00 00 00 08 34 e9 00 7b 3f fd 52 49 be 00 00 00 00 41 6c 64 bf 7e ca b5 bd 8c a6 e2 be 00 00 00 00 a4 87 b1 49 c5 39 9e 49 3f 26 cc 4a 00 00 80 3f d2 95 a4 ca ed 3a dd 46 c3 24 85 4a
CAM frame=1372 ed 80 a5 ca fa 1f 2d 47 22 7c 85 4a 00 00 80 3f 88 29 e7 be 0e a3 33 3e f3 f6 5f 3f 00 00 00 00 00 00 08 34 e9 00 7b 3f fd 52 49 be 00 00 00 00 41 6c 64 bf 7e ca b5 bd 8c a6 e2 be 00 00 00 00 a4 87 b1 49 c5 39 9e 49 3f 26 cc 4a 00 00 80 3f d2 95 a4 ca ed 3a dd 46 c3 24 85 4a
CAM frame=1373 ed 80 a5 ca fa 1f 2d 47 22 7c 85 4a 00 00 80 3f 88 29 e7 be 0e a3 33 3e f3 f6 5f 3f 00 00 00 00 00 00 08 34 e9 00 7b 3f fd 52 49 be 00 00 00 00 41 6c 64 bf 7e ca b5 bd 8c a6 e2 be 00 00 00 00 a4 87 b1 49 c5 39 9e 49 3f 26 cc 4a 00 00 80 3f d2 95 a4 ca ed 3a dd 46 c3 24 85 4a
CAM frame=1374 ed 80 a5 ca fa 1f 2d 47 22 7c 85 4a 00 00 80 3f 88 29 e7 be 0e a3 33 3e f3 f6 5f 3f 00 00 00 00 00 00 08 34 e9 00 7b 3f fd 52 49 be 00 00 00 00 41 6c 64 bf 7e ca b5 bd 8c a6 e2 be 00 00 00 00 a4 87 b1 49 c5 39 9e 49 3f 26 cc 4a 00 00 80 3f d2 95 a4 ca ed 3a dd 46 c3 24 85 4a
CAM frame=1375 ed 80 a5 ca fa 1f 2d 47 22 7c 85 4a 00 00 80 3f 88 29 e7 be 0e a3 33 3e f3 f6 5f 3f 00 00 00 00 00 00 08 34 e9 00 7b 3f fd 52 49 be 00 00 00 00 41 6c 64 bf 7e ca b5 bd 8c a6 e2 be 00 00 00 00 a4 87 b1 49 c5 39 9e 49 3f 26 cc 4a 00 00 80 3f d2 95 a4 ca ed 3a dd 46 c3 24 85 4a
CAM frame=1376 ed 80 a5 ca fa 1f 2d 47 22 7c 85 4a 00 00 80 3f 88 29 e7 be 0e a3 33 3e f3 f6 5f 3f 00 00 00 00 00 00 08 34 e9 00 7b 3f fd 52 49 be 00 00 00 00 41 6c 64 bf 7e ca b5 bd 8c a6 e2 be 00 00 00 00 a4 87 b1 49 c5 39 9e 49 3f 26 cc 4a 00 00 80 3f d2 95 a4 ca ed 3a dd 46 c3 24 85 4a
CAM frame=1377 ed 80 a5 ca fa 1f 2d 47 22 7c 85 4a 00 00 80 3f 88 29 e7 be 0e a3 33 3e f3 f6 5f 3f 00 00 00 00 00 00 08 34 e9 00 7b 3f fd 52 49 be 00 00 00 00 41 6c 64 bf 7e ca b5 bd 8c a6 e2 be 00 00 00 00 a4 87 b1 49 c5 39 9e 49 3f 26 cc 4a 00 00 80 3f d2 95 a4 ca ed 3a dd 46 c3 24 85 4a
CAM frame=1378 ed 80 a5 ca fa 1f 2d 47 22 7c 85 4a 00 00 80 3f 88 29 e7 be 0e a3 33 3e f3 f6 5f 3f 00 00 00 00 00 00 08 34 e9 00 7b 3f fd 52 49 be 00 00 00 00 41 6c 64 bf 7e ca b5 bd 8c a6 e2 be 00 00 00 00 a4 87 b1 49 c5 39 9e 49 3f 26 cc 4a 00 00 80 3f d2 95 a4 ca ed 3a dd 46 c3 24 85 4a
CAM frame=1379 ed 80 a5 ca fa 1f 2d 47 22 7c 85 4a 00 00 80 3f 88 29 e7 be 0e a3 33 3e f3 f6 5f 3f 00 00 00 00 00 00 08 34 e9 00 7b 3f fd 52 49 be 00 00 00 00 41 6c 64 bf 7e ca b5 bd 8c a6 e2 be 00 00 00 00 a4 87 b1 49 c5 39 9e 49 3f 26 cc 4a 00 00 80 3f d2 95 a4 ca ed 3a dd 46 c3 24 85 4a
CAM frame=1380 ed 80 a5 ca fa 1f 2d 47 22 7c 85 4a 00 00 80 3f 88 29 e7 be 0e a3 33 3e f3 f6 5f 3f 00 00 00 00 00 00 08 34 e9 00 7b 3f fd 52 49 be 00 00 00 00 41 6c 64 bf 7e ca b5 bd 8c a6 e2 be 00 00 00 00 a4 87 b1 49 c5 39 9e 49 3f 26 cc 4a 00 00 80 3f d2 95 a4 ca ed 3a dd 46 c3 24 85 4a
CAM frame=1381 ed 80 a5 ca fa 1f 2d 47 22 7c 85 4a 00 00 80 3f 88 29 e7 be 0e a3 33 3e f3 f6 5f 3f 00 00 00 00 00 00 08 34 e9 00 7b 3f fd 52 49 be 00 00 00 00 41 6c 64 bf 7e ca b5 bd 8c a6 e2 be 00 00 00 00 a4 87 b1 49 c5 39 9e 49 3f 26 cc 4a 00 00 80 3f d2 95 a4 ca ed 3a dd 46 c3 24 85 4a
CAM frame=1382 ed 80 a5 ca fa 1f 2d 47 22 7c 85 4a 00 00 80 3f 88 29 e7 be 0e a3 33 3e f3 f6 5f 3f 00 00 00 00 00 00 08 34 e9 00 7b 3f fd 52 49 be 00 00 00 00 41 6c 64 bf 7e ca b5 bd 8c a6 e2 be 00 00 00 00 a4 87 b1 49 c5 39 9e 49 3f 26 cc 4a 00 00 80 3f d2 95 a4 ca ed 3a dd 46 c3 24 85 4a
CAM frame=1383 ed 80 a5 ca fa 1f 2d 47 22 7c 85 4a 00 00 80 3f 88 29 e7 be 0e a3 33 3e f3 f6 5f 3f 00 00 00 00 00 00 08 34 e9 00 7b 3f fd 52 49 be 00 00 00 00 41 6c 64 bf 7e ca b5 bd 8c a6 e2 be 00 00 00 00 a4 87 b1 49 c5 39 9e 49 3f 26 cc 4a 00 00 80 3f d2 95 a4 ca ed 3a dd 46 c3 24 85 4a
CAM frame=1384 ed 80 a5 ca fa 1f 2d 47 22 7c 85 4a 00 00 80 3f 88 29 e7 be 0e a3 33 3e f3 f6 5f 3f 00 00 00 00 00 00 08 34 e9 00 7b 3f fd 52 49 be 00 00 00 00 41 6c 64 bf 7e ca b5 bd 8c a6 e2 be 00 00 00 00 a4 87 b1 49 c5 39 9e 49 3f 26 cc 4a 00 00 80 3f d2 95 a4 ca ed 3a dd 46 c3 24 85 4a
CAM frame=1385 ed 80 a5 ca fa 1f 2d 47 22 7c 85 4a 00 00 80 3f 88 29 e7 be 0e a3 33 3e f3 f6 5f 3f 00 00 00 00 00 00 08 34 e9 00 7b 3f fd 52 49 be 00 00 00 00 41 6c 64 bf 7e ca b5 bd 8c a6 e2 be 00 00 00 00 a4 87 b1 49 c5 39 9e 49 3f 26 cc 4a 00 00 80 3f d2 95 a4 ca ed 3a dd 46 c3 24 85 4a
CAM frame=1386 ed 80 a5 ca fa 1f 2d 47 22 7c 85 4a 00 00 80 3f 88 29 e7 be 0e a3 33 3e f3 f6 5f 3f 00 00 00 00 00 00 08 34 e9 00 7b 3f fd 52 49 be 00 00 00 00 41 6c 64 bf 7e ca b5 bd 8c a6 e2 be 00 00 00 00 a4 87 b1 49 c5 39 9e 49 3f 26 cc 4a 00 00 80 3f d2 95 a4 ca ed 3a dd 46 c3 24 85 4a
CAM frame=1387 ed 80 a5 ca fa 1f 2d 47 22 7c 85 4a 00 00 80 3f 88 29 e7 be 0e a3 33 3e f3 f6 5f 3f 00 00 00 00 00 00 08 34 e9 00 7b 3f fd 52 49 be 00 00 00 00 41 6c 64 bf 7e ca b5 bd 8c a6 e2 be 00 00 00 00 a4 87 b1 49 c5 39 9e 49 3f 26 cc 4a 00 00 80 3f d2 95 a4 ca ed 3a dd 46 c3 24 85 4a
CAM frame=1388 ed 80 a5 ca fa 1f 2d 47 22 7c 85 4a 00 00 80 3f 88 29 e7 be 0e a3 33 3e f3 f6 5f 3f 00 00 00 00 00 00 08 34 e9 00 7b 3f fd 52 49 be 00 00 00 00 41 6c 64 bf 7e ca b5 bd 8c a6 e2 be 00 00 00 00 a4 87 b1 49 c5 39 9e 49 3f 26 cc 4a 00 00 80 3f d2 95 a4 ca ed 3a dd 46 c3 24 85 4a
CAM frame=1389 ed 80 a5 ca fa 1f 2d 47 22 7c 85 4a 00 00 80 3f 88 29 e7 be 0e a3 33 3e f3 f6 5f 3f 00 00 00 00 00 00 08 34 e9 00 7b 3f fd 52 49 be 00 00 00 00 41 6c 64 bf 7e ca b5 bd 8c a6 e2 be 00 00 00 00 a4 87 b1 49 c5 39 9e 49 3f 26 cc 4a 00 00 80 3f d2 95 a4 ca ed 3a dd 46 c3 24 85 4a
CAM frame=1390 ed 80 a5 ca fa 1f 2d 47 22 7c 85 4a 00 00 80 3f 88 29 e7 be 0e a3 33 3e f3 f6 5f 3f 00 00 00 00 00 00 08 34 e9 00 7b 3f fd 52 49 be 00 00 00 00 41 6c 64 bf 7e ca b5 bd 8c a6 e2 be 00 00 00 00 a4 87 b1 49 c5 39 9e 49 3f 26 cc 4a 00 00 80 3f d2 95 a4 ca ed 3a dd 46 c3 24 85 4a
CAM frame=1391 ed 80 a5 ca fa 1f 2d 47 22 7c 85 4a 00 00 80 3f 88 29 e7 be 0e a3 33 3e f3 f6 5f 3f 00 00 00 00 00 00 08 34 e9 00 7b 3f fd 52 49 be 00 00 00 00 41 6c 64 bf 7e ca b5 bd 8c a6 e2 be 00 00 00 00 a4 87 b1 49 c5 39 9e 49 3f 26 cc 4a 00 00 80 3f d2 95 a4 ca ed 3a dd 46 c3 24 85 4a
CAM frame=1392 ed 80 a5 ca fa 1f 2d 47 22 7c 85 4a 00 00 80 3f 88 29 e7 be 0e a3 33 3e f3 f6 5f 3f 00 00 00 00 00 00 08 34 e9 00 7b 3f fd 52 49 be 00 00 00 00 41 6c 64 bf 7e ca b5 bd 8c a6 e2 be 00 00 00 00 a4 87 b1 49 c5 39 9e 49 3f 26 cc 4a 00 00 80 3f d2 95 a4 ca ed 3a dd 46 c3 24 85 4a
CAM frame=1393 ed 80 a5 ca fa 1f 2d 47 22 7c 85 4a 00 00 80 3f 88 29 e7 be 0e a3 33 3e f3 f6 5f 3f 00 00 00 00 00 00 08 34 e9 00 7b 3f fd 52 49 be 00 00 00 00 41 6c 64 bf 7e ca b5 bd 8c a6 e2 be 00 00 00 00 a4 87 b1 49 c5 39 9e 49 3f 26 cc 4a 00 00 80 3f d2 95 a4 ca ed 3a dd 46 c3 24 85 4a
CAM frame=1394 ed 80 a5 ca fa 1f 2d 47 22 7c 85 4a 00 00 80 3f 88 29 e7 be 0e a3 33 3e f3 f6 5f 3f 00 00 00 00 00 00 08 34 e9 00 7b 3f fd 52 49 be 00 00 00 00 41 6c 64 bf 7e ca b5 bd 8c a6 e2 be 00 00 00 00 a4 87 b1 49 c5 39 9e 49 3f 26 cc 4a 00 00 80 3f d2 95 a4 ca ed 3a dd 46 c3 24 85 4a
CAM frame=1395 ed 80 a5 ca fa 1f 2d 47 22 7c 85 4a 00 00 80 3f 88 29 e7 be 0e a3 33 3e f3 f6 5f 3f 00 00 00 00 00 00 08 34 e9 00 7b 3f fd 52 49 be 00 00 00 00 41 6c 64 bf 7e ca b5 bd 8c a6 e2 be 00 00 00 00 a4 87 b1 49 c5 39 9e 49 3f 26 cc 4a 00 00 80 3f d2 95 a4 ca ed 3a dd 46 c3 24 85 4a
CAM frame=1396 ed 80 a5 ca fa 1f 2d 47 22 7c 85 4a 00 00 80 3f 88 29 e7 be 0e a3 33 3e f3 f6 5f 3f 00 00 00 00 00 00 08 34 e9 00 7b 3f fd 52 49 be 00 00 00 00 41 6c 64 bf 7e ca b5 bd 8c a6 e2 be 00 00 00 00 a4 87 b1 49 c5 39 9e 49 3f 26 cc 4a 00 00 80 3f d2 95 a4 ca ed 3a dd 46 c3 24 85 4a
CAM frame=1397 ed 80 a5 ca fa 1f 2d 47 22 7c 85 4a 00 00 80 3f 88 29 e7 be 0e a3 33 3e f3 f6 5f 3f 00 00 00 00 00 00 08 34 e9 00 7b 3f fd 52 49 be 00 00 00 00 41 6c 64 bf 7e ca b5 bd 8c a6 e2 be 00 00 00 00 a4 87 b1 49 c5 39 9e 49 3f 26 cc 4a 00 00 80 3f d2 95 a4 ca ed 3a dd 46 c3 24 85 4a
CAM frame=1398 ed 80 a5 ca fa 1f 2d 47 22 7c 85 4a 00 00 80 3f 88 29 e7 be 0e a3 33 3e f3 f6 5f 3f 00 00 00 00 00 00 08 34 e9 00 7b 3f fd 52 49 be 00 00 00 00 41 6c 64 bf 7e ca b5 bd 8c a6 e2 be 00 00 00 00 a4 87 b1 49 c5 39 9e 49 3f 26 cc 4a 00 00 80 3f d2 95 a4 ca ed 3a dd 46 c3 24 85 4a
CAM frame=1399 ed 80 a5 ca fa 1f 2d 47 22 7c 85 4a 00 00 80 3f 88 29 e7 be 0e a3 33 3e f3 f6 5f 3f 00 00 00 00 00 00 08 34 e9 00 7b 3f fd 52 49 be 00 00 00 00 41 6c 64 bf 7e ca b5 bd 8c a6 e2 be 00 00 00 00 a4 87 b1 49 c5 39 9e 49 3f 26 cc 4a 00 00 80 3f d2 95 a4 ca ed 3a dd 46 c3 24 85 4a
CAM frame=1400 ed 80 a5 ca fa 1f 2d 47 22 7c 85 4a 00 00 80 3f 88 29 e7 be 0e a3 33 3e f3 f6 5f 3f 00 00 00 00 00 00 08 34 e9 00 7b 3f fd 52 49 be 00 00 00 00 41 6c 64 bf 7e ca b5 bd 8c a6 e2 be 00 00 00 00 a4 87 b1 49 c5 39 9e 49 3f 26 cc 4a 00 00 80 3f d2 95 a4 ca ed 3a dd 46 c3 24 85 4a
CAM frame=1401 ed 80 a5 ca fa 1f 2d 47 22 7c 85 4a 00 00 80 3f 88 29 e7 be 0e a3 33 3e f3 f6 5f 3f 00 00 00 00 00 00 08 34 e9 00 7b 3f fd 52 49 be 00 00 00 00 41 6c 64 bf 7e ca b5 bd 8c a6 e2 be 00 00 00 00 a4 87 b1 49 c5 39 9e 49 3f 26 cc 4a 00 00 80 3f d2 95 a4 ca ed 3a dd 46 c3 24 85 4a
CAM frame=1402 ed 80 a5 ca fa 1f 2d 47 22 7c 85 4a 00 00 80 3f 88 29 e7 be 0e a3 33 3e f3 f6 5f 3f 00 00 00 00 00 00 08 34 e9 00 7b 3f fd 52 49 be 00 00 00 00 41 6c 64 bf 7e ca b5 bd 8c a6 e2 be 00 00 00 00 a4 87 b1 49 c5 39 9e 49 3f 26 cc 4a 00 00 80 3f d2 95 a4 ca ed 3a dd 46 c3 24 85 4a
CAM frame=1403 ed 80 a5 ca fa 1f 2d 47 22 7c 85 4a 00 00 80 3f 88 29 e7 be 0e a3 33 3e f3 f6 5f 3f 00 00 00 00 00 00 08 34 e9 00 7b 3f fd 52 49 be 00 00 00 00 41 6c 64 bf 7e ca b5 bd 8c a6 e2 be 00 00 00 00 a4 87 b1 49 c5 39 9e 49 3f 26 cc 4a 00 00 80 3f d2 95 a4 ca ed 3a dd 46 c3 24 85 4a
CAM frame=1404 ed 80 a5 ca fa 1f 2d 47 22 7c 85 4a 00 00 80 3f 88 29 e7 be 0e a3 33 3e f3 f6 5f 3f 00 00 00 00 00 00 08 34 e9 00 7b 3f fd 52 49 be 00 00 00 00 41 6c 64 bf 7e ca b5 bd 8c a6 e2 be 00 00 00 00 a4 87 b1 49 c5 39 9e 49 3f 26 cc 4a 00 00 80 3f d2 95 a4 ca ed 3a dd 46 c3 24 85 4a
CAM frame=1405 ed 80 a5 ca fa 1f 2d 47 22 7c 85 4a 00 00 80 3f 88 29 e7 be 0e a3 33 3e f3 f6 5f 3f 00 00 00 00 00 00 08 34 e9 00 7b 3f fd 52 49 be 00 00 00 00 41 6c 64 bf 7e ca b5 bd 8c a6 e2 be 00 00 00 00 a4 87 b1 49 c5 39 9e 49 3f 26 cc 4a 00 00 80 3f d2 95 a4 ca ed 3a dd 46 c3 24 85 4a
CAM frame=1406 ed 80 a5 ca fa 1f 2d 47 22 7c 85 4a 00 00 80 3f 88 29 e7 be 0e a3 33 3e f3 f6 5f 3f 00 00 00 00 00 00 08 34 e9 00 7b 3f fd 52 49 be 00 00 00 00 41 6c 64 bf 7e ca b5 bd 8c a6 e2 be 00 00 00 00 a4 87 b1 49 c5 39 9e 49 3f 26 cc 4a 00 00 80 3f d2 95 a4 ca ed 3a dd 46 c3 24 85 4a
CAM frame=1407 ed 80 a5 ca fa 1f 2d 47 22 7c 85 4a 00 00 80 3f 88 29 e7 be 0e a3 33 3e f3 f6 5f 3f 00 00 00 00 00 00 08 34 e9 00 7b 3f fd 52 49 be 00 00 00 00 41 6c 64 bf 7e ca b5 bd 8c a6 e2 be 00 00 00 00 a4 87 b1 49 c5 39 9e 49 3f 26 cc 4a 00 00 80 3f d2 95 a4 ca ed 3a dd 46 c3 24 85 4a
CAM frame=1408 ed 80 a5 ca fa 1f 2d 47 22 7c 85 4a 00 00 80 3f 88 29 e7 be 0e a3 33 3e f3 f6 5f 3f 00 00 00 00 00 00 08 34 e9 00 7b 3f fd 52 49 be 00 00 00 00 41 6c 64 bf 7e ca b5 bd 8c a6 e2 be 00 00 00 00 a4 87 b1 49 c5 39 9e 49 3f 26 cc 4a 00 00 80 3f d2 95 a4 ca ed 3a dd 46 c3 24 85 4a
CAM frame=1409 ed 80 a5 ca fa 1f 2d 47 22 7c 85 4a 00 00 80 3f 88 29 e7 be 0e a3 33 3e f3 f6 5f 3f 00 00 00 00 00 00 08 34 e9 00 7b 3f fd 52 49 be 00 00 00 00 41 6c 64 bf 7e ca b5 bd 8c a6 e2 be 00 00 00 00 a4 87 b1 49 c5 39 9e 49 3f 26 cc 4a 00 00 80 3f d2 95 a4 ca ed 3a dd 46 c3 24 85 4a
CAM frame=1410 ed 80 a5 ca fa 1f 2d 47 22 7c 85 4a 00 00 80 3f 88 29 e7 be 0e a3 33 3e f3 f6 5f 3f 00 00 00 00 00 00 08 34 e9 00 7b 3f fd 52 49 be 00 00 00 00 41 6c 64 bf 7e ca b5 bd 8c a6 e2 be 00 00 00 00 a4 87 b1 49 c5 39 9e 49 3f 26 cc 4a 00 00 80 3f d2 95 a4 ca ed 3a dd 46 c3 24 85 4a
CAM frame=1411 ed 80 a5 ca fa 1f 2d 47 22 7c 85 4a 00 00 80 3f 88 29 e7 be 0e a3 33 3e f3 f6 5f 3f 00 00 00 00 00 00 08 34 e9 00 7b 3f fd 52 49 be 00 00 00 00 41 6c 64 bf 7e ca b5 bd 8c a6 e2 be 00 00 00 00 a4 87 b1 49 c5 39 9e 49 3f 26 cc 4a 00 00 80 3f d2 95 a4 ca ed 3a dd 46 c3 24 85 4a
CAM frame=1412 ed 80 a5 ca fa 1f 2d 47 22 7c 85 4a 00 00 80 3f 88 29 e7 be 0e a3 33 3e f3 f6 5f 3f 00 00 00 00 00 00 08 34 e9 00 7b 3f fd 52 49 be 00 00 00 00 41 6c 64 bf 7e ca b5 bd 8c a6 e2 be 00 00 00 00 a4 87 b1 49 c5 39 9e 49 3f 26 cc 4a 00 00 80 3f d2 95 a4 ca ed 3a dd 46 c3 24 85 4a
CAM frame=1413 ed 80 a5 ca fa 1f 2d 47 22 7c 85 4a 00 00 80 3f 88 29 e7 be 0e a3 33 3e f3 f6 5f 3f 00 00 00 00 00 00 08 34 e9 00 7b 3f fd 52 49 be 00 00 00 00 41 6c 64 bf 7e ca b5 bd 8c a6 e2 be 00 00 00 00 a4 87 b1 49 c5 39 9e 49 3f 26 cc 4a 00 00 80 3f d2 95 a4 ca ed 3a dd 46 c3 24 85 4a
CAM frame=1414 ed 80 a5 ca fa 1f 2d 47 22 7c 85 4a 00 00 80 3f 88 29 e7 be 0e a3 33 3e f3 f6 5f 3f 00 00 00 00 00 00 08 34 e9 00 7b 3f fd 52 49 be 00 00 00 00 41 6c 64 bf 7e ca b5 bd 8c a6 e2 be 00 00 00 00 a4 87 b1 49 c5 39 9e 49 3f 26 cc 4a 00 00 80 3f d2 95 a4 ca ed 3a dd 46 c3 24 85 4a
CAM frame=1415 ed 80 a5 ca fa 1f 2d 47 22 7c 85 4a 00 00 80 3f 88 29 e7 be 0e a3 33 3e f3 f6 5f 3f 00 00 00 00 00 00 08 34 e9 00 7b 3f fd 52 49 be 00 00 00 00 41 6c 64 bf 7e ca b5 bd 8c a6 e2 be 00 00 00 00 a4 87 b1 49 c5 39 9e 49 3f 26 cc 4a 00 00 80 3f d2 95 a4 ca ed 3a dd 46 c3 24 85 4a
CAM frame=1416 ed 80 a5 ca fa 1f 2d 47 22 7c 85 4a 00 00 80 3f 88 29 e7 be 0e a3 33 3e f3 f6 5f 3f 00 00 00 00 00 00 08 34 e9 00 7b 3f fd 52 49 be 00 00 00 00 41 6c 64 bf 7e ca b5 bd 8c a6 e2 be 00 00 00 00 a4 87 b1 49 c5 39 9e 49 3f 26 cc 4a 00 00 80 3f d2 95 a4 ca ed 3a dd 46 c3 24 85 4a
CAM frame=1417 ed 80 a5 ca fa 1f 2d 47 22 7c 85 4a 00 00 80 3f 88 29 e7 be 0e a3 33 3e f3 f6 5f 3f 00 00 00 00 00 00 08 34 e9 00 7b 3f fd 52 49 be 00 00 00 00 41 6c 64 bf 7e ca b5 bd 8c a6 e2 be 00 00 00 00 a4 87 b1 49 c5 39 9e 49 3f 26 cc 4a 00 00 80 3f d2 95 a4 ca ed 3a dd 46 c3 24 85 4a
CAM frame=1418 ed 80 a5 ca fa 1f 2d 47 22 7c 85 4a 00 00 80 3f 88 29 e7 be 0e a3 33 3e f3 f6 5f 3f 00 00 00 00 00 00 08 34 e9 00 7b 3f fd 52 49 be 00 00 00 00 41 6c 64 bf 7e ca b5 bd 8c a6 e2 be 00 00 00 00 a4 87 b1 49 c5 39 9e 49 3f 26 cc 4a 00 00 80 3f d2 95 a4 ca ed 3a dd 46 c3 24 85 4a
CAM frame=1419 ed 80 a5 ca fa 1f 2d 47 22 7c 85 4a 00 00 80 3f 88 29 e7 be 0e a3 33 3e f3 f6 5f 3f 00 00 00 00 00 00 08 34 e9 00 7b 3f fd 52 49 be 00 00 00 00 41 6c 64 bf 7e ca b5 bd 8c a6 e2 be 00 00 00 00 a4 87 b1 49 c5 39 9e 49 3f 26 cc 4a 00 00 80 3f d2 95 a4 ca ed 3a dd 46 c3 24 85 4a
CAM frame=1420 ed 80 a5 ca fa 1f 2d 47 22 7c 85 4a 00 00 80 3f 88 29 e7 be 0e a3 33 3e f3 f6 5f 3f 00 00 00 00 00 00 08 34 e9 00 7b 3f fd 52 49 be 00 00 00 00 41 6c 64 bf 7e ca b5 bd 8c a6 e2 be 00 00 00 00 a4 87 b1 49 c5 39 9e 49 3f 26 cc 4a 00 00 80 3f d2 95 a4 ca ed 3a dd 46 c3 24 85 4a
CAM frame=1421 ed 80 a5 ca fa 1f 2d 47 22 7c 85 4a 00 00 80 3f 88 29 e7 be 0e a3 33 3e f3 f6 5f 3f 00 00 00 00 00 00 08 34 e9 00 7b 3f fd 52 49 be 00 00 00 00 41 6c 64 bf 7e ca b5 bd 8c a6 e2 be 00 00 00 00 a4 87 b1 49 c5 39 9e 49 3f 26 cc 4a 00 00 80 3f d2 95 a4 ca ed 3a dd 46 c3 24 85 4a
CAM frame=1422 ed 80 a5 ca fa 1f 2d 47 22 7c 85 4a 00 00 80 3f 88 29 e7 be 0e a3 33 3e f3 f6 5f 3f 00 00 00 00 00 00 08 34 e9 00 7b 3f fd 52 49 be 00 00 00 00 41 6c 64 bf 7e ca b5 bd 8c a6 e2 be 00 00 00 00 a4 87 b1 49 c5 39 9e 49 3f 26 cc 4a 00 00 80 3f d2 95 a4 ca ed 3a dd 46 c3 24 85 4a
CAM frame=1423 ed 80 a5 ca fa 1f 2d 47 22 7c 85 4a 00 00 80 3f 88 29 e7 be 0e a3 33 3e f3 f6 5f 3f 00 00 00 00 00 00 08 34 e9 00 7b 3f fd 52 49 be 00 00 00 00 41 6c 64 bf 7e ca b5 bd 8c a6 e2 be 00 00 00 00 a4 87 b1 49 c5 39 9e 49 3f 26 cc 4a 00 00 80 3f d2 95 a4 ca ed 3a dd 46 c3 24 85 4a
CAM frame=1424 ed 80 a5 ca fa 1f 2d 47 22 7c 85 4a 00 00 80 3f 88 29 e7 be 0e a3 33 3e f3 f6 5f 3f 00 00 00 00 00 00 08 34 e9 00 7b 3f fd 52 49 be 00 00 00 00 41 6c 64 bf 7e ca b5 bd 8c a6 e2 be 00 00 00 00 a4 87 b1 49 c5 39 9e 49 3f 26 cc 4a 00 00 80 3f d2 95 a4 ca ed 3a dd 46 c3 24 85 4a
CAM frame=1425 ed 80 a5 ca fa 1f 2d 47 22 7c 85 4a 00 00 80 3f 88 29 e7 be 0e a3 33 3e f3 f6 5f 3f 00 00 00 00 00 00 08 34 e9 00 7b 3f fd 52 49 be 00 00 00 00 41 6c 64 bf 7e ca b5 bd 8c a6 e2 be 00 00 00 00 a4 87 b1 49 c5 39 9e 49 3f 26 cc 4a 00 00 80 3f d2 95 a4 ca ed 3a dd 46 c3 24 85 4a
CAM frame=1426 ed 80 a5 ca fa 1f 2d 47 22 7c 85 4a 00 00 80 3f 88 29 e7 be 0e a3 33 3e f3 f6 5f 3f 00 00 00 00 00 00 08 34 e9 00 7b 3f fd 52 49 be 00 00 00 00 41 6c 64 bf 7e ca b5 bd 8c a6 e2 be 00 00 00 00 a4 87 b1 49 c5 39 9e 49 3f 26 cc 4a 00 00 80 3f d2 95 a4 ca ed 3a dd 46 c3 24 85 4a
CAM frame=1427 ed 80 a5 ca fa 1f 2d 47 22 7c 85 4a 00 00 80 3f 88 29 e7 be 0e a3 33 3e f3 f6 5f 3f 00 00 00 00 00 00 08 34 e9 00 7b 3f fd 52 49 be 00 00 00 00 41 6c 64 bf 7e ca b5 bd 8c a6 e2 be 00 00 00 00 a4 87 b1 49 c5 39 9e 49 3f 26 cc 4a 00 00 80 3f d2 95 a4 ca ed 3a dd 46 c3 24 85 4a
CAM frame=1428 ed 80 a5 ca fa 1f 2d 47 22 7c 85 4a 00 00 80 3f 88 29 e7 be 0e a3 33 3e f3 f6 5f 3f 00 00 00 00 00 00 08 34 e9 00 7b 3f fd 52 49 be 00 00 00 00 41 6c 64 bf 7e ca b5 bd 8c a6 e2 be 00 00 00 00 a4 87 b1 49 c5 39 9e 49 3f 26 cc 4a 00 00 80 3f d2 95 a4 ca ed 3a dd 46 c3 24 85 4a
CAM frame=1429 ed 80 a5 ca fa 1f 2d 47 22 7c 85 4a 00 00 80 3f 88 29 e7 be 0e a3 33 3e f3 f6 5f 3f 00 00 00 00 00 00 08 34 e9 00 7b 3f fd 52 49 be 00 00 00 00 41 6c 64 bf 7e ca b5 bd 8c a6 e2 be 00 00 00 00 a4 87 b1 49 c5 39 9e 49 3f 26 cc 4a 00 00 80 3f d2 95 a4 ca ed 3a dd 46 c3 24 85 4a
CAM frame=1430 ed 80 a5 ca fa 1f 2d 47 22 7c 85 4a 00 00 80 3f 88 29 e7 be 0e a3 33 3e f3 f6 5f 3f 00 00 00 00 00 00 08 34 e9 00 7b 3f fd 52 49 be 00 00 00 00 41 6c 64 bf 7e ca b5 bd 8c a6 e2 be 00 00 00 00 a4 87 b1 49 c5 39 9e 49 3f 26 cc 4a 00 00 80 3f d2 95 a4 ca ed 3a dd 46 c3 24 85 4a
CAM frame=1431 ed 80 a5 ca fa 1f 2d 47 22 7c 85 4a 00 00 80 3f 88 29 e7 be 0e a3 33 3e f3 f6 5f 3f 00 00 00 00 00 00 08 34 e9 00 7b 3f fd 52 49 be 00 00 00 00 41 6c 64 bf 7e ca b5 bd 8c a6 e2 be 00 00 00 00 a4 87 b1 49 c5 39 9e 49 3f 26 cc 4a 00 00 80 3f d2 95 a4 ca ed 3a dd 46 c3 24 85 4a
CAM frame=1432 ed 80 a5 ca fa 1f 2d 47 22 7c 85 4a 00 00 80 3f 88 29 e7 be 0e a3 33 3e f3 f6 5f 3f 00 00 00 00 00 00 08 34 e9 00 7b 3f fd 52 49 be 00 00 00 00 41 6c 64 bf 7e ca b5 bd 8c a6 e2 be 00 00 00 00 a4 87 b1 49 c5 39 9e 49 3f 26 cc 4a 00 00 80 3f d2 95 a4 ca ed 3a dd 46 c3 24 85 4a
CAM frame=1433 ed 80 a5 ca fa 1f 2d 47 22 7c 85 4a 00 00 80 3f 88 29 e7 be 0e a3 33 3e f3 f6 5f 3f 00 00 00 00 00 00 08 34 e9 00 7b 3f fd 52 49 be 00 00 00 00 41 6c 64 bf 7e ca b5 bd 8c a6 e2 be 00 00 00 00 a4 87 b1 49 c5 39 9e 49 3f 26 cc 4a 00 00 80 3f d2 95 a4 ca ed 3a dd 46 c3 24 85 4a
CAM frame=1434 ed 80 a5 ca fa 1f 2d 47 22 7c 85 4a 00 00 80 3f 88 29 e7 be 0e a3 33 3e f3 f6 5f 3f 00 00 00 00 00 00 08 34 e9 00 7b 3f fd 52 49 be 00 00 00 00 41 6c 64 bf 7e ca b5 bd 8c a6 e2 be 00 00 00 00 a4 87 b1 49 c5 39 9e 49 3f 26 cc 4a 00 00 80 3f d2 95 a4 ca ed 3a dd 46 c3 24 85 4a
CAM frame=1435 ed 80 a5 ca fa 1f 2d 47 22 7c 85 4a 00 00 80 3f 88 29 e7 be 0e a3 33 3e f3 f6 5f 3f 00 00 00 00 00 00 08 34 e9 00 7b 3f fd 52 49 be 00 00 00 00 41 6c 64 bf 7e ca b5 bd 8c a6 e2 be 00 00 00 00 a4 87 b1 49 c5 39 9e 49 3f 26 cc 4a 00 00 80 3f d2 95 a4 ca ed 3a dd 46 c3 24 85 4a
CAM frame=1436 ed 80 a5 ca fa 1f 2d 47 22 7c 85 4a 00 00 80 3f 88 29 e7 be 0e a3 33 3e f3 f6 5f 3f 00 00 00 00 00 00 08 34 e9 00 7b 3f fd 52 49 be 00 00 00 00 41 6c 64 bf 7e ca b5 bd 8c a6 e2 be 00 00 00 00 a4 87 b1 49 c5 39 9e 49 3f 26 cc 4a 00 00 80 3f d2 95 a4 ca ed 3a dd 46 c3 24 85 4a
CAM frame=1437 ed 80 a5 ca fa 1f 2d 47 22 7c 85 4a 00 00 80 3f 88 29 e7 be 0e a3 33 3e f3 f6 5f 3f 00 00 00 00 00 00 08 34 e9 00 7b 3f fd 52 49 be 00 00 00 00 41 6c 64 bf 7e ca b5 bd 8c a6 e2 be 00 00 00 00 a4 87 b1 49 c5 39 9e 49 3f 26 cc 4a 00 00 80 3f d2 95 a4 ca ed 3a dd 46 c3 24 85 4a
CAM frame=1438 ed 80 a5 ca fa 1f 2d 47 22 7c 85 4a 00 00 80 3f 88 29 e7 be 0e a3 33 3e f3 f6 5f 3f 00 00 00 00 00 00 08 34 e9 00 7b 3f fd 52 49 be 00 00 00 00 41 6c 64 bf 7e ca b5 bd 8c a6 e2 be 00 00 00 00 a4 87 b1 49 c5 39 9e 49 3f 26 cc 4a 00 00 80 3f d2 95 a4 ca ed 3a dd 46 c3 24 85 4a
CAM frame=1439 ed 80 a5 ca fa 1f 2d 47 22 7c 85 4a 00 00 80 3f 88 29 e7 be 0e a3 33 3e f3 f6 5f 3f 00 00 00 00 00 00 08 34 e9 00 7b 3f fd 52 49 be 00 00 00 00 41 6c 64 bf 7e ca b5 bd 8c a6 e2 be 00 00 00 00 a4 87 b1 49 c5 39 9e 49 3f 26 cc 4a 00 00 80 3f d2 95 a4 ca ed 3a dd 46 c3 24 85 4a
CAM frame=1440 ed 80 a5 ca fa 1f 2d 47 22 7c 85 4a 00 00 80 3f 88 29 e7 be 0e a3 33 3e f3 f6 5f 3f 00 00 00 00 00 00 08 34 e9 00 7b 3f fd 52 49 be 00 00 00 00 41 6c 64 bf 7e ca b5 bd 8c a6 e2 be 00 00 00 00 a4 87 b1 49 c5 39 9e 49 3f 26 cc 4a 00 00 80 3f d2 95 a4 ca ed 3a dd 46 c3 24 85 4a
CAM frame=1441 ed 80 a5 ca fa 1f 2d 47 22 7c 85 4a 00 00 80 3f 88 29 e7 be 0e a3 33 3e f3 f6 5f 3f 00 00 00 00 00 00 08 34 e9 00 7b 3f fd 52 49 be 00 00 00 00 41 6c 64 bf 7e ca b5 bd 8c a6 e2 be 00 00 00 00 a4 87 b1 49 c5 39 9e 49 3f 26 cc 4a 00 00 80 3f d2 95 a4 ca ed 3a dd 46 c3 24 85 4a
CAM frame=1442 ed 80 a5 ca fa 1f 2d 47 22 7c 85 4a 00 00 80 3f 88 29 e7 be 0e a3 33 3e f3 f6 5f 3f 00 00 00 00 00 00 08 34 e9 00 7b 3f fd 52 49 be 00 00 00 00 41 6c 64 bf 7e ca b5 bd 8c a6 e2 be 00 00 00 00 a4 87 b1 49 c5 39 9e 49 3f 26 cc 4a 00 00 80 3f d2 95 a4 ca ed 3a dd 46 c3 24 85 4a
CAM frame=1443 ed 80 a5 ca fa 1f 2d 47 22 7c 85 4a 00 00 80 3f 88 29 e7 be 0e a3 33 3e f3 f6 5f 3f 00 00 00 00 00 00 08 34 e9 00 7b 3f fd 52 49 be 00 00 00 00 41 6c 64 bf 7e ca b5 bd 8c a6 e2 be 00 00 00 00 a4 87 b1 49 c5 39 9e 49 3f 26 cc 4a 00 00 80 3f d2 95 a4 ca ed 3a dd 46 c3 24 85 4a
CAM frame=1444 ed 80 a5 ca fa 1f 2d 47 22 7c 85 4a 00 00 80 3f 88 29 e7 be 0e a3 33 3e f3 f6 5f 3f 00 00 00 00 00 00 08 34 e9 00 7b 3f fd 52 49 be 00 00 00 00 41 6c 64 bf 7e ca b5 bd 8c a6 e2 be 00 00 00 00 a4 87 b1 49 c5 39 9e 49 3f 26 cc 4a 00 00 80 3f d2 95 a4 ca ed 3a dd 46 c3 24 85 4a
CAM frame=1445 ed 80 a5 ca fa 1f 2d 47 22 7c 85 4a 00 00 80 3f 88 29 e7 be 0e a3 33 3e f3 f6 5f 3f 00 00 00 00 00 00 08 34 e9 00 7b 3f fd 52 49 be 00 00 00 00 41 6c 64 bf 7e ca b5 bd 8c a6 e2 be 00 00 00 00 a4 87 b1 49 c5 39 9e 49 3f 26 cc 4a 00 00 80 3f d2 95 a4 ca ed 3a dd 46 c3 24 85 4a
CAM frame=1446 ed 80 a5 ca fa 1f 2d 47 22 7c 85 4a 00 00 80 3f 88 29 e7 be 0e a3 33 3e f3 f6 5f 3f 00 00 00 00 00 00 08 34 e9 00 7b 3f fd 52 49 be 00 00 00 00 41 6c 64 bf 7e ca b5 bd 8c a6 e2 be 00 00 00 00 a4 87 b1 49 c5 39 9e 49 3f 26 cc 4a 00 00 80 3f d2 95 a4 ca ed 3a dd 46 c3 24 85 4a
CAM frame=1447 ed 80 a5 ca fa 1f 2d 47 22 7c 85 4a 00 00 80 3f 88 29 e7 be 0e a3 33 3e f3 f6 5f 3f 00 00 00 00 00 00 08 34 e9 00 7b 3f fd 52 49 be 00 00 00 00 41 6c 64 bf 7e ca b5 bd 8c a6 e2 be 00 00 00 00 a4 87 b1 49 c5 39 9e 49 3f 26 cc 4a 00 00 80 3f d2 95 a4 ca ed 3a dd 46 c3 24 85 4a
CAM frame=1448 ed 80 a5 ca fa 1f 2d 47 22 7c 85 4a 00 00 80 3f 88 29 e7 be 0e a3 33 3e f3 f6 5f 3f 00 00 00 00 00 00 08 34 e9 00 7b 3f fd 52 49 be 00 00 00 00 41 6c 64 bf 7e ca b5 bd 8c a6 e2 be 00 00 00 00 a4 87 b1 49 c5 39 9e 49 3f 26 cc 4a 00 00 80 3f d2 95 a4 ca ed 3a dd 46 c3 24 85 4a
CAM frame=1449 ed 80 a5 ca fa 1f 2d 47 22 7c 85 4a 00 00 80 3f 88 29 e7 be 0e a3 33 3e f3 f6 5f 3f 00 00 00 00 00 00 08 34 e9 00 7b 3f fd 52 49 be 00 00 00 00 41 6c 64 bf 7e ca b5 bd 8c a6 e2 be 00 00 00 00 a4 87 b1 49 c5 39 9e 49 3f 26 cc 4a 00 00 80 3f d2 95 a4 ca ed 3a dd 46 c3 24 85 4a
CAM frame=1450 ed 80 a5 ca fa 1f 2d 47 22 7c 85 4a 00 00 80 3f 88 29 e7 be 0e a3 33 3e f3 f6 5f 3f 00 00 00 00 00 00 08 34 e9 00 7b 3f fd 52 49 be 00 00 00 00 41 6c 64 bf 7e ca b5 bd 8c a6 e2 be 00 00 00 00 a4 87 b1 49 c5 39 9e 49 3f 26 cc 4a 00 00 80 3f d2 95 a4 ca ed 3a dd 46 c3 24 85 4a
CAM frame=1451 ed 80 a5 ca fa 1f 2d 47 22 7c 85 4a 00 00 80 3f 88 29 e7 be 0e a3 33 3e f3 f6 5f 3f 00 00 00 00 00 00 08 34 e9 00 7b 3f fd 52 49 be 00 00 00 00 41 6c 64 bf 7e ca b5 bd 8c a6 e2 be 00 00 00 00 a4 87 b1 49 c5 39 9e 49 3f 26 cc 4a 00 00 80 3f d2 95 a4 ca ed 3a dd 46 c3 24 85 4a
CAM frame=1452 ed 80 a5 ca fa 1f 2d 47 22 7c 85 4a 00 00 80 3f 88 29 e7 be 0e a3 33 3e f3 f6 5f 3f 00 00 00 00 00 00 08 34 e9 00 7b 3f fd 52 49 be 00 00 00 00 41 6c 64 bf 7e ca b5 bd 8c a6 e2 be 00 00 00 00 a4 87 b1 49 c5 39 9e 49 3f 26 cc 4a 00 00 80 3f d2 95 a4 ca ed 3a dd 46 c3 24 85 4a
CAM frame=1453 ed 80 a5 ca fa 1f 2d 47 22 7c 85 4a 00 00 80 3f 88 29 e7 be 0e a3 33 3e f3 f6 5f 3f 00 00 00 00 00 00 08 34 e9 00 7b 3f fd 52 49 be 00 00 00 00 41 6c 64 bf 7e ca b5 bd 8c a6 e2 be 00 00 00 00 a4 87 b1 49 c5 39 9e 49 3f 26 cc 4a 00 00 80 3f d2 95 a4 ca ed 3a dd 46 c3 24 85 4a
CAM frame=1454 ed 80 a5 ca fa 1f 2d 47 22 7c 85 4a 00 00 80 3f 88 29 e7 be 0e a3 33 3e f3 f6 5f 3f 00 00 00 00 00 00 08 34 e9 00 7b 3f fd 52 49 be 00 00 00 00 41 6c 64 bf 7e ca b5 bd 8c a6 e2 be 00 00 00 00 a4 87 b1 49 c5 39 9e 49 3f 26 cc 4a 00 00 80 3f d2 95 a4 ca ed 3a dd 46 c3 24 85 4a
CAM frame=1455 ed 80 a5 ca fa 1f 2d 47 22 7c 85 4a 00 00 80 3f 88 29 e7 be 0e a3 33 3e f3 f6 5f 3f 00 00 00 00 00 00 08 34 e9 00 7b 3f fd 52 49 be 00 00 00 00 41 6c 64 bf 7e ca b5 bd 8c a6 e2 be 00 00 00 00 a4 87 b1 49 c5 39 9e 49 3f 26 cc 4a 00 00 80 3f d2 95 a4 ca ed 3a dd 46 c3 24 85 4a
CAM frame=1456 ed 80 a5 ca fa 1f 2d 47 22 7c 85 4a 00 00 80 3f 88 29 e7 be 0e a3 33 3e f3 f6 5f 3f 00 00 00 00 00 00 08 34 e9 00 7b 3f fd 52 49 be 00 00 00 00 41 6c 64 bf 7e ca b5 bd 8c a6 e2 be 00 00 00 00 a4 87 b1 49 c5 39 9e 49 3f 26 cc 4a 00 00 80 3f d2 95 a4 ca ed 3a dd 46 c3 24 85 4a
CAM frame=1457 ed 80 a5 ca fa 1f 2d 47 22 7c 85 4a 00 00 80 3f 88 29 e7 be 0e a3 33 3e f3 f6 5f 3f 00 00 00 00 00 00 08 34 e9 00 7b 3f fd 52 49 be 00 00 00 00 41 6c 64 bf 7e ca b5 bd 8c a6 e2 be 00 00 00 00 a4 87 b1 49 c5 39 9e 49 3f 26 cc 4a 00 00 80 3f d2 95 a4 ca ed 3a dd 46 c3 24 85 4a
CAM frame=1458 ed 80 a5 ca fa 1f 2d 47 22 7c 85 4a 00 00 80 3f 88 29 e7 be 0e a3 33 3e f3 f6 5f 3f 00 00 00 00 00 00 08 34 e9 00 7b 3f fd 52 49 be 00 00 00 00 41 6c 64 bf 7e ca b5 bd 8c a6 e2 be 00 00 00 00 a4 87 b1 49 c5 39 9e 49 3f 26 cc 4a 00 00 80 3f d2 95 a4 ca ed 3a dd 46 c3 24 85 4a
CAM frame=1459 ed 80 a5 ca fa 1f 2d 47 22 7c 85 4a 00 00 80 3f 88 29 e7 be 0e a3 33 3e f3 f6 5f 3f 00 00 00 00 00 00 08 34 e9 00 7b 3f fd 52 49 be 00 00 00 00 41 6c 64 bf 7e ca b5 bd 8c a6 e2 be 00 00 00 00 a4 87 b1 49 c5 39 9e 49 3f 26 cc 4a 00 00 80 3f d2 95 a4 ca ed 3a dd 46 c3 24 85 4a
CAM frame=1460 ed 80 a5 ca fa 1f 2d 47 22 7c 85 4a 00 00 80 3f 88 29 e7 be 0e a3 33 3e f3 f6 5f 3f 00 00 00 00 00 00 08 34 e9 00 7b 3f fd 52 49 be 00 00 00 00 41 6c 64 bf 7e ca b5 bd 8c a6 e2 be 00 00 00 00 a4 87 b1 49 c5 39 9e 49 3f 26 cc 4a 00 00 80 3f d2 95 a4 ca ed 3a dd 46 c3 24 85 4a
CAM frame=1461 ed 80 a5 ca fa 1f 2d 47 22 7c 85 4a 00 00 80 3f 88 29 e7 be 0e a3 33 3e f3 f6 5f 3f 00 00 00 00 00 00 08 34 e9 00 7b 3f fd 52 49 be 00 00 00 00 41 6c 64 bf 7e ca b5 bd 8c a6 e2 be 00 00 00 00 a4 87 b1 49 c5 39 9e 49 3f 26 cc 4a 00 00 80 3f d2 95 a4 ca ed 3a dd 46 c3 24 85 4a
CAM frame=1462 ed 80 a5 ca fa 1f 2d 47 22 7c 85 4a 00 00 80 3f 88 29 e7 be 0e a3 33 3e f3 f6 5f 3f 00 00 00 00 00 00 08 34 e9 00 7b 3f fd 52 49 be 00 00 00 00 41 6c 64 bf 7e ca b5 bd 8c a6 e2 be 00 00 00 00 a4 87 b1 49 c5 39 9e 49 3f 26 cc 4a 00 00 80 3f d2 95 a4 ca ed 3a dd 46 c3 24 85 4a
CAM frame=1463 ed 80 a5 ca fa 1f 2d 47 22 7c 85 4a 00 00 80 3f 88 29 e7 be 0e a3 33 3e f3 f6 5f 3f 00 00 00 00 00 00 08 34 e9 00 7b 3f fd 52 49 be 00 00 00 00 41 6c 64 bf 7e ca b5 bd 8c a6 e2 be 00 00 00 00 a4 87 b1 49 c5 39 9e 49 3f 26 cc 4a 00 00 80 3f d2 95 a4 ca ed 3a dd 46 c3 24 85 4a
CAM frame=1464 ed 80 a5 ca fa 1f 2d 47 22 7c 85 4a 00 00 80 3f 88 29 e7 be 0e a3 33 3e f3 f6 5f 3f 00 00 00 00 00 00 08 34 e9 00 7b 3f fd 52 49 be 00 00 00 00 41 6c 64 bf 7e ca b5 bd 8c a6 e2 be 00 00 00 00 a4 87 b1 49 c5 39 9e 49 3f 26 cc 4a 00 00 80 3f d2 95 a4 ca ed 3a dd 46 c3 24 85 4a
CAM frame=1465 ed 80 a5 ca fa 1f 2d 47 22 7c 85 4a 00 00 80 3f 88 29 e7 be 0e a3 33 3e f3 f6 5f 3f 00 00 00 00 00 00 08 34 e9 00 7b 3f fd 52 49 be 00 00 00 00 41 6c 64 bf 7e ca b5 bd 8c a6 e2 be 00 00 00 00 a4 87 b1 49 c5 39 9e 49 3f 26 cc 4a 00 00 80 3f d2 95 a4 ca ed 3a dd 46 c3 24 85 4a
CAM frame=1466 ed 80 a5 ca fa 1f 2d 47 22 7c 85 4a 00 00 80 3f 88 29 e7 be 0e a3 33 3e f3 f6 5f 3f 00 00 00 00 00 00 08 34 e9 00 7b 3f fd 52 49 be 00 00 00 00 41 6c 64 bf 7e ca b5 bd 8c a6 e2 be 00 00 00 00 a4 87 b1 49 c5 39 9e 49 3f 26 cc 4a 00 00 80 3f d2 95 a4 ca ed 3a dd 46 c3 24 85 4a
CAM frame=1467 ed 80 a5 ca fa 1f 2d 47 22 7c 85 4a 00 00 80 3f 88 29 e7 be 0e a3 33 3e f3 f6 5f 3f 00 00 00 00 00 00 08 34 e9 00 7b 3f fd 52 49 be 00 00 00 00 41 6c 64 bf 7e ca b5 bd 8c a6 e2 be 00 00 00 00 a4 87 b1 49 c5 39 9e 49 3f 26 cc 4a 00 00 80 3f d2 95 a4 ca ed 3a dd 46 c3 24 85 4a
CAM frame=1468 ed 80 a5 ca fa 1f 2d 47 22 7c 85 4a 00 00 80 3f 88 29 e7 be 0e a3 33 3e f3 f6 5f 3f 00 00 00 00 00 00 08 34 e9 00 7b 3f fd 52 49 be 00 00 00 00 41 6c 64 bf 7e ca b5 bd 8c a6 e2 be 00 00 00 00 a4 87 b1 49 c5 39 9e 49 3f 26 cc 4a 00 00 80 3f d2 95 a4 ca ed 3a dd 46 c3 24 85 4a
CAM frame=1469 ed 80 a5 ca fa 1f 2d 47 22 7c 85 4a 00 00 80 3f 88 29 e7 be 0e a3 33 3e f3 f6 5f 3f 00 00 00 00 00 00 08 34 e9 00 7b 3f fd 52 49 be 00 00 00 00 41 6c 64 bf 7e ca b5 bd 8c a6 e2 be 00 00 00 00 a4 87 b1 49 c5 39 9e 49 3f 26 cc 4a 00 00 80 3f d2 95 a4 ca ed 3a dd 46 c3 24 85 4a
CAM frame=1470 ed 80 a5 ca fa 1f 2d 47 22 7c 85 4a 00 00 80 3f 88 29 e7 be 0e a3 33 3e f3 f6 5f 3f 00 00 00 00 00 00 08 34 e9 00 7b 3f fd 52 49 be 00 00 00 00 41 6c 64 bf 7e ca b5 bd 8c a6 e2 be 00 00 00 00 a4 87 b1 49 c5 39 9e 49 3f 26 cc 4a 00 00 80 3f d2 95 a4 ca ed 3a dd 46 c3 24 85 4a
CAM frame=1471 ed 80 a5 ca fa 1f 2d 47 22 7c 85 4a 00 00 80 3f 88 29 e7 be 0e a3 33 3e f3 f6 5f 3f 00 00 00 00 00 00 08 34 e9 00 7b 3f fd 52 49 be 00 00 00 00 41 6c 64 bf 7e ca b5 bd 8c a6 e2 be 00 00 00 00 a4 87 b1 49 c5 39 9e 49 3f 26 cc 4a 00 00 80 3f d2 95 a4 ca ed 3a dd 46 c3 24 85 4a
CAM frame=1472 ed 80 a5 ca fa 1f 2d 47 22 7c 85 4a 00 00 80 3f 88 29 e7 be 0e a3 33 3e f3 f6 5f 3f 00 00 00 00 00 00 08 34 e9 00 7b 3f fd 52 49 be 00 00 00 00 41 6c 64 bf 7e ca b5 bd 8c a6 e2 be 00 00 00 00 a4 87 b1 49 c5 39 9e 49 3f 26 cc 4a 00 00 80 3f d2 95 a4 ca ed 3a dd 46 c3 24 85 4a
CAM frame=1473 ed 80 a5 ca fa 1f 2d 47 22 7c 85 4a 00 00 80 3f 88 29 e7 be 0e a3 33 3e f3 f6 5f 3f 00 00 00 00 00 00 08 34 e9 00 7b 3f fd 52 49 be 00 00 00 00 41 6c 64 bf 7e ca b5 bd 8c a6 e2 be 00 00 00 00 a4 87 b1 49 c5 39 9e 49 3f 26 cc 4a 00 00 80 3f d2 95 a4 ca ed 3a dd 46 c3 24 85 4a
CAM frame=1474 ed 80 a5 ca fa 1f 2d 47 22 7c 85 4a 00 00 80 3f 88 29 e7 be 0e a3 33 3e f3 f6 5f 3f 00 00 00 00 00 00 08 34 e9 00 7b 3f fd 52 49 be 00 00 00 00 41 6c 64 bf 7e ca b5 bd 8c a6 e2 be 00 00 00 00 a4 87 b1 49 c5 39 9e 49 3f 26 cc 4a 00 00 80 3f d2 95 a4 ca ed 3a dd 46 c3 24 85 4a
CAM frame=1475 ed 80 a5 ca fa 1f 2d 47 22 7c 85 4a 00 00 80 3f 88 29 e7 be 0e a3 33 3e f3 f6 5f 3f 00 00 00 00 00 00 08 34 e9 00 7b 3f fd 52 49 be 00 00 00 00 41 6c 64 bf 7e ca b5 bd 8c a6 e2 be 00 00 00 00 a4 87 b1 49 c5 39 9e 49 3f 26 cc 4a 00 00 80 3f d2 95 a4 ca ed 3a dd 46 c3 24 85 4a
CAM frame=1476 ed 80 a5 ca fa 1f 2d 47 22 7c 85 4a 00 00 80 3f 88 29 e7 be 0e a3 33 3e f3 f6 5f 3f 00 00 00 00 00 00 08 34 e9 00 7b 3f fd 52 49 be 00 00 00 00 41 6c 64 bf 7e ca b5 bd 8c a6 e2 be 00 00 00 00 a4 87 b1 49 c5 39 9e 49 3f 26 cc 4a 00 00 80 3f d2 95 a4 ca ed 3a dd 46 c3 24 85 4a
CAM frame=1477 ed 80 a5 ca fa 1f 2d 47 22 7c 85 4a 00 00 80 3f 88 29 e7 be 0e a3 33 3e f3 f6 5f 3f 00 00 00 00 00 00 08 34 e9 00 7b 3f fd 52 49 be 00 00 00 00 41 6c 64 bf 7e ca b5 bd 8c a6 e2 be 00 00 00 00 a4 87 b1 49 c5 39 9e 49 3f 26 cc 4a 00 00 80 3f d2 95 a4 ca ed 3a dd 46 c3 24 85 4a
CAM frame=1478 ed 80 a5 ca fa 1f 2d 47 22 7c 85 4a 00 00 80 3f 88 29 e7 be 0e a3 33 3e f3 f6 5f 3f 00 00 00 00 00 00 08 34 e9 00 7b 3f fd 52 49 be 00 00 00 00 41 6c 64 bf 7e ca b5 bd 8c a6 e2 be 00 00 00 00 a4 87 b1 49 c5 39 9e 49 3f 26 cc 4a 00 00 80 3f d2 95 a4 ca ed 3a dd 46 c3 24 85 4a
CAM frame=1479 ed 80 a5 ca fa 1f 2d 47 22 7c 85 4a 00 00 80 3f 88 29 e7 be 0e a3 33 3e f3 f6 5f 3f 00 00 00 00 00 00 08 34 e9 00 7b 3f fd 52 49 be 00 00 00 00 41 6c 64 bf 7e ca b5 bd 8c a6 e2 be 00 00 00 00 a4 87 b1 49 c5 39 9e 49 3f 26 cc 4a 00 00 80 3f d2 95 a4 ca ed 3a dd 46 c3 24 85 4a
CAM frame=1480 ed 80 a5 ca fa 1f 2d 47 22 7c 85 4a 00 00 80 3f 88 29 e7 be 0e a3 33 3e f3 f6 5f 3f 00 00 00 00 00 00 08 34 e9 00 7b 3f fd 52 49 be 00 00 00 00 41 6c 64 bf 7e ca b5 bd 8c a6 e2 be 00 00 00 00 a4 87 b1 49 c5 39 9e 49 3f 26 cc 4a 00 00 80 3f d2 95 a4 ca ed 3a dd 46 c3 24 85 4a
CAM frame=1481 ed 80 a5 ca fa 1f 2d 47 22 7c 85 4a 00 00 80 3f 88 29 e7 be 0e a3 33 3e f3 f6 5f 3f 00 00 00 00 00 00 08 34 e9 00 7b 3f fd 52 49 be 00 00 00 00 41 6c 64 bf 7e ca b5 bd 8c a6 e2 be 00 00 00 00 a4 87 b1 49 c5 39 9e 49 3f 26 cc 4a 00 00 80 3f d2 95 a4 ca ed 3a dd 46 c3 24 85 4a
CAM frame=1482 ed 80 a5 ca fa 1f 2d 47 22 7c 85 4a 00 00 80 3f 88 29 e7 be 0e a3 33 3e f3 f6 5f 3f 00 00 00 00 00 00 08 34 e9 00 7b 3f fd 52 49 be 00 00 00 00 41 6c 64 bf 7e ca b5 bd 8c a6 e2 be 00 00 00 00 a4 87 b1 49 c5 39 9e 49 3f 26 cc 4a 00 00 80 3f d2 95 a4 ca ed 3a dd 46 c3 24 85 4a
CAM frame=1483 ed 80 a5 ca fa 1f 2d 47 22 7c 85 4a 00 00 80 3f 88 29 e7 be 0e a3 33 3e f3 f6 5f 3f 00 00 00 00 00 00 08 34 e9 00 7b 3f fd 52 49 be 00 00 00 00 41 6c 64 bf 7e ca b5 bd 8c a6 e2 be 00 00 00 00 a4 87 b1 49 c5 39 9e 49 3f 26 cc 4a 00 00 80 3f d2 95 a4 ca ed 3a dd 46 c3 24 85 4a
CAM frame=1484 ed 80 a5 ca fa 1f 2d 47 22 7c 85 4a 00 00 80 3f 88 29 e7 be 0e a3 33 3e f3 f6 5f 3f 00 00 00 00 00 00 08 34 e9 00 7b 3f fd 52 49 be 00 00 00 00 41 6c 64 bf 7e ca b5 bd 8c a6 e2 be 00 00 00 00 a4 87 b1 49 c5 39 9e 49 3f 26 cc 4a 00 00 80 3f d2 95 a4 ca ed 3a dd 46 c3 24 85 4a
CAM frame=1485 ed 80 a5 ca fa 1f 2d 47 22 7c 85 4a 00 00 80 3f 88 29 e7 be 0e a3 33 3e f3 f6 5f 3f 00 00 00 00 00 00 08 34 e9 00 7b 3f fd 52 49 be 00 00 00 00 41 6c 64 bf 7e ca b5 bd 8c a6 e2 be 00 00 00 00 a4 87 b1 49 c5 39 9e 49 3f 26 cc 4a 00 00 80 3f d2 95 a4 ca ed 3a dd 46 c3 24 85 4a
CAM frame=1486 ed 80 a5 ca fa 1f 2d 47 22 7c 85 4a 00 00 80 3f 88 29 e7 be 0e a3 33 3e f3 f6 5f 3f 00 00 00 00 00 00 08 34 e9 00 7b 3f fd 52 49 be 00 00 00 00 41 6c 64 bf 7e ca b5 bd 8c a6 e2 be 00 00 00 00 a4 87 b1 49 c5 39 9e 49 3f 26 cc 4a 00 00 80 3f d2 95 a4 ca ed 3a dd 46 c3 24 85 4a
CAM frame=1487 ed 80 a5 ca fa 1f 2d 47 22 7c 85 4a 00 00 80 3f 88 29 e7 be 0e a3 33 3e f3 f6 5f 3f 00 00 00 00 00 00 08 34 e9 00 7b 3f fd 52 49 be 00 00 00 00 41 6c 64 bf 7e ca b5 bd 8c a6 e2 be 00 00 00 00 a4 87 b1 49 c5 39 9e 49 3f 26 cc 4a 00 00 80 3f d2 95 a4 ca ed 3a dd 46 c3 24 85 4a
CAM frame=1488 ed 80 a5 ca fa 1f 2d 47 22 7c 85 4a 00 00 80 3f 88 29 e7 be 0e a3 33 3e f3 f6 5f 3f 00 00 00 00 00 00 08 34 e9 00 7b 3f fd 52 49 be 00 00 00 00 41 6c 64 bf 7e ca b5 bd 8c a6 e2 be 00 00 00 00 a4 87 b1 49 c5 39 9e 49 3f 26 cc 4a 00 00 80 3f d2 95 a4 ca ed 3a dd 46 c3 24 85 4a
CAM frame=1489 ed 80 a5 ca fa 1f 2d 47 22 7c 85 4a 00 00 80 3f 88 29 e7 be 0e a3 33 3e f3 f6 5f 3f 00 00 00 00 00 00 08 34 e9 00 7b 3f fd 52 49 be 00 00 00 00 41 6c 64 bf 7e ca b5 bd 8c a6 e2 be 00 00 00 00 a4 87 b1 49 c5 39 9e 49 3f 26 cc 4a 00 00 80 3f d2 95 a4 ca ed 3a dd 46 c3 24 85 4a
CAM frame=1490 ed 80 a5 ca fa 1f 2d 47 22 7c 85 4a 00 00 80 3f 88 29 e7 be 0e a3 33 3e f3 f6 5f 3f 00 00 00 00 00 00 08 34 e9 00 7b 3f fd 52 49 be 00 00 00 00 41 6c 64 bf 7e ca b5 bd 8c a6 e2 be 00 00 00 00 a4 87 b1 49 c5 39 9e 49 3f 26 cc 4a 00 00 80 3f d2 95 a4 ca ed 3a dd 46 c3 24 85 4a
CAM frame=1491 ed 80 a5 ca fa 1f 2d 47 22 7c 85 4a 00 00 80 3f 88 29 e7 be 0e a3 33 3e f3 f6 5f 3f 00 00 00 00 00 00 08 34 e9 00 7b 3f fd 52 49 be 00 00 00 00 41 6c 64 bf 7e ca b5 bd 8c a6 e2 be 00 00 00 00 a4 87 b1 49 c5 39 9e 49 3f 26 cc 4a 00 00 80 3f d2 95 a4 ca ed 3a dd 46 c3 24 85 4a
CAM frame=1492 ed 80 a5 ca fa 1f 2d 47 22 7c 85 4a 00 00 80 3f 88 29 e7 be 0e a3 33 3e f3 f6 5f 3f 00 00 00 00 00 00 08 34 e9 00 7b 3f fd 52 49 be 00 00 00 00 41 6c 64 bf 7e ca b5 bd 8c a6 e2 be 00 00 00 00 a4 87 b1 49 c5 39 9e 49 3f 26 cc 4a 00 00 80 3f d2 95 a4 ca ed 3a dd 46 c3 24 85 4a
CAM frame=1493 ed 80 a5 ca fa 1f 2d 47 22 7c 85 4a 00 00 80 3f 88 29 e7 be 0e a3 33 3e f3 f6 5f 3f 00 00 00 00 00 00 08 34 e9 00 7b 3f fd 52 49 be 00 00 00 00 41 6c 64 bf 7e ca b5 bd 8c a6 e2 be 00 00 00 00 a4 87 b1 49 c5 39 9e 49 3f 26 cc 4a 00 00 80 3f d2 95 a4 ca ed 3a dd 46 c3 24 85 4a
CAM frame=1494 ed 80 a5 ca fa 1f 2d 47 22 7c 85 4a 00 00 80 3f 88 29 e7 be 0e a3 33 3e f3 f6 5f 3f 00 00 00 00 00 00 08 34 e9 00 7b 3f fd 52 49 be 00 00 00 00 41 6c 64 bf 7e ca b5 bd 8c a6 e2 be 00 00 00 00 a4 87 b1 49 c5 39 9e 49 3f 26 cc 4a 00 00 80 3f d2 95 a4 ca ed 3a dd 46 c3 24 85 4a
CAM frame=1495 ed 80 a5 ca fa 1f 2d 47 22 7c 85 4a 00 00 80 3f 88 29 e7 be 0e a3 33 3e f3 f6 5f 3f 00 00 00 00 00 00 08 34 e9 00 7b 3f fd 52 49 be 00 00 00 00 41 6c 64 bf 7e ca b5 bd 8c a6 e2 be 00 00 00 00 a4 87 b1 49 c5 39 9e 49 3f 26 cc 4a 00 00 80 3f d2 95 a4 ca ed 3a dd 46 c3 24 85 4a
CAM frame=1496 ed 80 a5 ca fa 1f 2d 47 22 7c 85 4a 00 00 80 3f 88 29 e7 be 0e a3 33 3e f3 f6 5f 3f 00 00 00 00 00 00 08 34 e9 00 7b 3f fd 52 49 be 00 00 00 00 41 6c 64 bf 7e ca b5 bd 8c a6 e2 be 00 00 00 00 a4 87 b1 49 c5 39 9e 49 3f 26 cc 4a 00 00 80 3f d2 95 a4 ca ed 3a dd 46 c3 24 85 4a
CAM frame=1497 ed 80 a5 ca fa 1f 2d 47 22 7c 85 4a 00 00 80 3f 88 29 e7 be 0e a3 33 3e f3 f6 5f 3f 00 00 00 00 00 00 08 34 e9 00 7b 3f fd 52 49 be 00 00 00 00 41 6c 64 bf 7e ca b5 bd 8c a6 e2 be 00 00 00 00 a4 87 b1 49 c5 39 9e 49 3f 26 cc 4a 00 00 80 3f d2 95 a4 ca ed 3a dd 46 c3 24 85 4a
CAM frame=1498 ed 80 a5 ca fa 1f 2d 47 22 7c 85 4a 00 00 80 3f 88 29 e7 be 0e a3 33 3e f3 f6 5f 3f 00 00 00 00 00 00 08 34 e9 00 7b 3f fd 52 49 be 00 00 00 00 41 6c 64 bf 7e ca b5 bd 8c a6 e2 be 00 00 00 00 a4 87 b1 49 c5 39 9e 49 3f 26 cc 4a 00 00 80 3f d2 95 a4 ca ed 3a dd 46 c3 24 85 4a
CAM frame=1499 ed 80 a5 ca fa 1f 2d 47 22 7c 85 4a 00 00 80 3f 88 29 e7 be 0e a3 33 3e f3 f6 5f 3f 00 00 00 00 00 00 08 34 e9 00 7b 3f fd 52 49 be 00 00 00 00 41 6c 64 bf 7e ca b5 bd 8c a6 e2 be 00 00 00 00 a4 87 b1 49 c5 39 9e 49 3f 26 cc 4a 00 00 80 3f d2 95 a4 ca ed 3a dd 46 c3 24 85 4a
CAM frame=1500 ed 80 a5 ca fa 1f 2d 47 22 7c 85 4a 00 00 80 3f 88 29 e7 be 0e a3 33 3e f3 f6 5f 3f 00 00 00 00 00 00 08 34 e9 00 7b 3f fd 52 49 be 00 00 00 00 41 6c 64 bf 7e ca b5 bd 8c a6 e2 be 00 00 00 00 a4 87 b1 49 c5 39 9e 49 3f 26 cc 4a 00 00 80 3f d2 95 a4 ca ed 3a dd 46 c3 24 85 4a
CAM frame=1501 ed 80 a5 ca fa 1f 2d 47 22 7c 85 4a 00 00 80 3f 88 29 e7 be 0e a3 33 3e f3 f6 5f 3f 00 00 00 00 00 00 08 34 e9 00 7b 3f fd 52 49 be 00 00 00 00 41 6c 64 bf 7e ca b5 bd 8c a6 e2 be 00 00 00 00 a4 87 b1 49 c5 39 9e 49 3f 26 cc 4a 00 00 80 3f d2 95 a4 ca ed 3a dd 46 c3 24 85 4a
CAM frame=1502 ed 80 a5 ca fa 1f 2d 47 22 7c 85 4a 00 00 80 3f 88 29 e7 be 0e a3 33 3e f3 f6 5f 3f 00 00 00 00 00 00 08 34 e9 00 7b 3f fd 52 49 be 00 00 00 00 41 6c 64 bf 7e ca b5 bd 8c a6 e2 be 00 00 00 00 a4 87 b1 49 c5 39 9e 49 3f 26 cc 4a 00 00 80 3f d2 95 a4 ca ed 3a dd 46 c3 24 85 4a
CAM frame=1503 ed 80 a5 ca fa 1f 2d 47 22 7c 85 4a 00 00 80 3f 88 29 e7 be 0e a3 33 3e f3 f6 5f 3f 00 00 00 00 00 00 08 34 e9 00 7b 3f fd 52 49 be 00 00 00 00 41 6c 64 bf 7e ca b5 bd 8c a6 e2 be 00 00 00 00 a4 87 b1 49 c5 39 9e 49 3f 26 cc 4a 00 00 80 3f d2 95 a4 ca ed 3a dd 46 c3 24 85 4a
CAM frame=1504 ed 80 a5 ca fa 1f 2d 47 22 7c 85 4a 00 00 80 3f 88 29 e7 be 0e a3 33 3e f3 f6 5f 3f 00 00 00 00 00 00 08 34 e9 00 7b 3f fd 52 49 be 00 00 00 00 41 6c 64 bf 7e ca b5 bd 8c a6 e2 be 00 00 00 00 a4 87 b1 49 c5 39 9e 49 3f 26 cc 4a 00 00 80 3f d2 95 a4 ca ed 3a dd 46 c3 24 85 4a
CAM frame=1505 ed 80 a5 ca fa 1f 2d 47 22 7c 85 4a 00 00 80 3f 88 29 e7 be 0e a3 33 3e f3 f6 5f 3f 00 00 00 00 00 00 08 34 e9 00 7b 3f fd 52 49 be 00 00 00 00 41 6c 64 bf 7e ca b5 bd 8c a6 e2 be 00 00 00 00 a4 87 b1 49 c5 39 9e 49 3f 26 cc 4a 00 00 80 3f d2 95 a4 ca ed 3a dd 46 c3 24 85 4a
CAM frame=1506 ed 80 a5 ca fa 1f 2d 47 22 7c 85 4a 00 00 80 3f 88 29 e7 be 0e a3 33 3e f3 f6 5f 3f 00 00 00 00 00 00 08 34 e9 00 7b 3f fd 52 49 be 00 00 00 00 41 6c 64 bf 7e ca b5 bd 8c a6 e2 be 00 00 00 00 a4 87 b1 49 c5 39 9e 49 3f 26 cc 4a 00 00 80 3f d2 95 a4 ca ed 3a dd 46 c3 24 85 4a
CAM frame=1507 ed 80 a5 ca fa 1f 2d 47 22 7c 85 4a 00 00 80 3f 88 29 e7 be 0e a3 33 3e f3 f6 5f 3f 00 00 00 00 00 00 08 34 e9 00 7b 3f fd 52 49 be 00 00 00 00 41 6c 64 bf 7e ca b5 bd 8c a6 e2 be 00 00 00 00 a4 87 b1 49 c5 39 9e 49 3f 26 cc 4a 00 00 80 3f d2 95 a4 ca ed 3a dd 46 c3 24 85 4a
CAM frame=1508 ed 80 a5 ca fa 1f 2d 47 22 7c 85 4a 00 00 80 3f 88 29 e7 be 0e a3 33 3e f3 f6 5f 3f 00 00 00 00 00 00 08 34 e9 00 7b 3f fd 52 49 be 00 00 00 00 41 6c 64 bf 7e ca b5 bd 8c a6 e2 be 00 00 00 00 a4 87 b1 49 c5 39 9e 49 3f 26 cc 4a 00 00 80 3f d2 95 a4 ca ed 3a dd 46 c3 24 85 4a
CAM frame=1509 ed 80 a5 ca fa 1f 2d 47 22 7c 85 4a 00 00 80 3f 88 29 e7 be 0e a3 33 3e f3 f6 5f 3f 00 00 00 00 00 00 08 34 e9 00 7b 3f fd 52 49 be 00 00 00 00 41 6c 64 bf 7e ca b5 bd 8c a6 e2 be 00 00 00 00 a4 87 b1 49 c5 39 9e 49 3f 26 cc 4a 00 00 80 3f d2 95 a4 ca ed 3a dd 46 c3 24 85 4a
CAM frame=1510 ed 80 a5 ca fa 1f 2d 47 22 7c 85 4a 00 00 80 3f 88 29 e7 be 0e a3 33 3e f3 f6 5f 3f 00 00 00 00 00 00 08 34 e9 00 7b 3f fd 52 49 be 00 00 00 00 41 6c 64 bf 7e ca b5 bd 8c a6 e2 be 00 00 00 00 a4 87 b1 49 c5 39 9e 49 3f 26 cc 4a 00 00 80 3f d2 95 a4 ca ed 3a dd 46 c3 24 85 4a
CAM frame=1511 ed 80 a5 ca fa 1f 2d 47 22 7c 85 4a 00 00 80 3f 88 29 e7 be 0e a3 33 3e f3 f6 5f 3f 00 00 00 00 00 00 08 34 e9 00 7b 3f fd 52 49 be 00 00 00 00 41 6c 64 bf 7e ca b5 bd 8c a6 e2 be 00 00 00 00 a4 87 b1 49 c5 39 9e 49 3f 26 cc 4a 00 00 80 3f d2 95 a4 ca ed 3a dd 46 c3 24 85 4a
CAM frame=1512 ed 80 a5 ca fa 1f 2d 47 22 7c 85 4a 00 00 80 3f 88 29 e7 be 0e a3 33 3e f3 f6 5f 3f 00 00 00 00 00 00 08 34 e9 00 7b 3f fd 52 49 be 00 00 00 00 41 6c 64 bf 7e ca b5 bd 8c a6 e2 be 00 00 00 00 a4 87 b1 49 c5 39 9e 49 3f 26 cc 4a 00 00 80 3f d2 95 a4 ca ed 3a dd 46 c3 24 85 4a
CAM frame=1513 ed 80 a5 ca fa 1f 2d 47 22 7c 85 4a 00 00 80 3f 88 29 e7 be 0e a3 33 3e f3 f6 5f 3f 00 00 00 00 00 00 08 34 e9 00 7b 3f fd 52 49 be 00 00 00 00 41 6c 64 bf 7e ca b5 bd 8c a6 e2 be 00 00 00 00 a4 87 b1 49 c5 39 9e 49 3f 26 cc 4a 00 00 80 3f d2 95 a4 ca ed 3a dd 46 c3 24 85 4a
CAM frame=1514 ed 80 a5 ca fa 1f 2d 47 22 7c 85 4a 00 00 80 3f 88 29 e7 be 0e a3 33 3e f3 f6 5f 3f 00 00 00 00 00 00 08 34 e9 00 7b 3f fd 52 49 be 00 00 00 00 41 6c 64 bf 7e ca b5 bd 8c a6 e2 be 00 00 00 00 a4 87 b1 49 c5 39 9e 49 3f 26 cc 4a 00 00 80 3f d2 95 a4 ca ed 3a dd 46 c3 24 85 4a
CAM frame=1515 ed 80 a5 ca fa 1f 2d 47 22 7c 85 4a 00 00 80 3f 88 29 e7 be 0e a3 33 3e f3 f6 5f 3f 00 00 00 00 00 00 08 34 e9 00 7b 3f fd 52 49 be 00 00 00 00 41 6c 64 bf 7e ca b5 bd 8c a6 e2 be 00 00 00 00 a4 87 b1 49 c5 39 9e 49 3f 26 cc 4a 00 00 80 3f d2 95 a4 ca ed 3a dd 46 c3 24 85 4a
CAM frame=1516 ed 80 a5 ca fa 1f 2d 47 22 7c 85 4a 00 00 80 3f 88 29 e7 be 0e a3 33 3e f3 f6 5f 3f 00 00 00 00 00 00 08 34 e9 00 7b 3f fd 52 49 be 00 00 00 00 41 6c 64 bf 7e ca b5 bd 8c a6 e2 be 00 00 00 00 a4 87 b1 49 c5 39 9e 49 3f 26 cc 4a 00 00 80 3f d2 95 a4 ca ed 3a dd 46 c3 24 85 4a
CAM frame=1517 ed 80 a5 ca fa 1f 2d 47 22 7c 85 4a 00 00 80 3f 88 29 e7 be 0e a3 33 3e f3 f6 5f 3f 00 00 00 00 00 00 08 34 e9 00 7b 3f fd 52 49 be 00 00 00 00 41 6c 64 bf 7e ca b5 bd 8c a6 e2 be 00 00 00 00 a4 87 b1 49 c5 39 9e 49 3f 26 cc 4a 00 00 80 3f d2 95 a4 ca ed 3a dd 46 c3 24 85 4a
CAM frame=1518 ed 80 a5 ca fa 1f 2d 47 22 7c 85 4a 00 00 80 3f 88 29 e7 be 0e a3 33 3e f3 f6 5f 3f 00 00 00 00 00 00 08 34 e9 00 7b 3f fd 52 49 be 00 00 00 00 41 6c 64 bf 7e ca b5 bd 8c a6 e2 be 00 00 00 00 a4 87 b1 49 c5 39 9e 49 3f 26 cc 4a 00 00 80 3f d2 95 a4 ca ed 3a dd 46 c3 24 85 4a
CAM frame=1519 ed 80 a5 ca fa 1f 2d 47 22 7c 85 4a 00 00 80 3f 88 29 e7 be 0e a3 33 3e f3 f6 5f 3f 00 00 00 00 00 00 08 34 e9 00 7b 3f fd 52 49 be 00 00 00 00 41 6c 64 bf 7e ca b5 bd 8c a6 e2 be 00 00 00 00 a4 87 b1 49 c5 39 9e 49 3f 26 cc 4a 00 00 80 3f d2 95 a4 ca ed 3a dd 46 c3 24 85 4a
CAM frame=1520 ed 80 a5 ca fa 1f 2d 47 22 7c 85 4a 00 00 80 3f 88 29 e7 be 0e a3 33 3e f3 f6 5f 3f 00 00 00 00 00 00 08 34 e9 00 7b 3f fd 52 49 be 00 00 00 00 41 6c 64 bf 7e ca b5 bd 8c a6 e2 be 00 00 00 00 a4 87 b1 49 c5 39 9e 49 3f 26 cc 4a 00 00 80 3f d2 95 a4 ca ed 3a dd 46 c3 24 85 4a
