MESHIDX 1 jungleb 1503
0 0 57 2 1 0 9626 362.071 -25.572 -246.904 361.808 -29.992 -247.055 362.203 -21.063 -246.766 junb-white
1 0 57 3 1 0 9409 357.446 -31.254 -241.049 355.593 -40.953 -247.235 360.344 -22.360 -234.781 junb-white
2 0 57 1 1 0 9775 360.587 -30.261 -246.963 359.640 -40.344 -247.344 362.203 -21.063 -246.657 junb-white
3 0 57 0 1 0 9754 365.666 -31.337 -240.767 360.156 -40.828 -247.344 368.796 -21.063 -234.454 junb-white
4 1 10 455 1 10000 500 394.904 -31.217 -241.062 388.004 -35.258 -244.516 397.870 -27.165 -237.609 jngb-envmap
5 1 10 460 1 10000 500 361.995 -25.494 -271.166 358.541 -29.535 -272.688 365.448 -21.442 -267.626 jngb-envmap
6 1 10 461 1 10000 500 352.169 -31.217 -241.062 348.007 -35.258 -244.516 353.958 -27.165 -237.609 jngb-envmap
7 1 10 464 1 10000 500 434.206 -25.088 -318.262 428.402 -30.113 -320.371 440.009 -20.047 -313.358 jngb-envmap
8 1 10 471 1 10000 500 320.847 -31.217 -241.062 316.006 -35.258 -244.516 322.927 -27.165 -237.609 jngb-envmap
9 1 10 473 1 10000 500 270.193 -30.950 -275.534 264.390 -35.975 -277.643 275.997 -25.909 -270.630 jngb-envmap
10 1 10 438 1 10000 89 355.624 -49.795 -248.055 352.702 -50.059 -250.983 358.546 -49.497 -245.140 jngb-envmap
11 1 10 457 1 10000 500 371.205 -31.217 -241.048 370.007 -35.258 -244.501 373.992 -27.165 -237.594 jngb-envmap
12 1 10 458 1 10000 500 361.995 -31.217 -232.415 358.541 -35.258 -233.613 365.448 -27.165 -229.628 jngb-envmap
13 1 10 459 1 10000 500 362.010 -25.494 -249.821 358.556 -29.535 -252.608 365.463 -21.442 -248.624 jngb-envmap
14 1 10 462 1 10000 500 362.010 -25.494 -282.821 358.556 -29.535 -285.608 365.463 -21.442 -281.623 jngb-envmap
15 1 10 463 1 10000 500 361.995 -25.494 -295.415 358.541 -29.535 -296.613 365.448 -21.442 -292.628 jngb-envmap
16 1 10 465 1 10000 500 422.726 -25.494 -341.625 419.940 -29.535 -345.079 423.924 -21.442 -338.172 jngb-envmap
17 1 10 466 1 10000 500 375.133 -25.494 -341.611 373.935 -29.535 -345.064 377.919 -21.442 -338.157 jngb-envmap
18 1 10 467 1 10000 500 362.010 -25.494 -314.821 358.556 -29.535 -317.608 365.463 -21.442 -313.623 jngb-envmap
19 1 10 468 1 10000 500 361.995 -25.494 -327.415 358.541 -29.535 -328.613 365.448 -21.442 -324.628 jngb-envmap
20 1 10 469 1 10000 500 306.205 -31.217 -241.048 305.007 -35.258 -244.501 308.992 -27.165 -237.594 jngb-envmap
21 1 10 470 1 10000 500 331.205 -31.217 -241.048 330.007 -35.258 -244.501 333.992 -27.165 -237.594 jngb-envmap
22 1 29 240 1 10000 208 362.190 -45.984 -240.910 350.200 -48.007 -253.252 374.184 -43.835 -227.440 jngb-precursor-plainstripe
23 1 31 455 1 10000 2500 396.253 -31.236 -241.062 395.626 -33.430 -242.781 397.290 -28.993 -239.344 jngb-precursor-shield
24 1 31 456 1 10000 2500 434.211 -25.111 -288.193 431.323 -27.840 -288.508 437.100 -22.321 -287.672 jngb-precursor-shield
25 1 31 457 1 10000 2500 370.661 -31.236 -241.048 370.242 -33.430 -242.766 370.914 -28.993 -239.329 jngb-precursor-shield
26 1 31 458 1 10000 2500 361.995 -31.236 -232.959 360.276 -33.430 -233.378 363.713 -28.993 -232.706 jngb-precursor-shield
27 1 31 459 1 10000 2500 362.010 -25.513 -249.277 360.291 -27.707 -249.530 363.728 -23.270 -248.858 jngb-precursor-shield
28 1 31 460 1 10000 2500 361.995 -25.513 -271.858 360.276 -27.707 -272.390 363.713 -23.270 -271.537 jngb-precursor-shield
29 1 31 461 1 10000 2500 352.982 -31.236 -241.062 352.604 -33.430 -242.781 353.608 -28.993 -239.344 jngb-precursor-shield
30 1 31 462 1 10000 2500 362.010 -25.513 -282.277 360.291 -27.707 -282.530 363.728 -23.270 -281.858 jngb-precursor-shield
31 1 31 463 1 10000 2500 361.995 -25.513 -295.959 360.276 -27.707 -296.378 363.713 -23.270 -295.706 jngb-precursor-shield
32 1 31 464 1 10000 2500 434.206 -25.111 -319.221 431.317 -27.840 -319.959 437.094 -22.321 -318.776 jngb-precursor-shield
33 1 31 465 1 10000 2500 423.271 -25.513 -341.625 423.018 -27.707 -343.344 423.690 -23.270 -339.907 jngb-precursor-shield
34 1 31 466 1 10000 2500 374.588 -25.513 -341.611 374.169 -27.707 -343.329 374.841 -23.270 -339.892 jngb-precursor-shield
35 1 31 467 1 10000 2500 362.010 -25.513 -314.277 360.291 -27.707 -314.530 363.728 -23.270 -313.858 jngb-precursor-shield
36 1 31 468 1 10000 2500 361.995 -25.513 -327.959 360.276 -27.707 -328.378 363.713 -23.270 -327.706 jngb-precursor-shield
37 1 31 469 1 10000 2500 305.661 -31.236 -241.048 305.242 -33.430 -242.766 305.914 -28.993 -239.329 jngb-precursor-shield
38 1 31 470 1 10000 2500 330.661 -31.236 -241.048 330.242 -33.430 -242.766 330.914 -28.993 -239.329 jngb-precursor-shield
39 1 31 471 1 10000 2500 321.793 -31.236 -241.062 321.353 -33.430 -242.781 322.520 -28.993 -239.344 jngb-precursor-shield
40 1 31 472 1 10000 2500 270.199 -30.973 -245.465 267.310 -33.702 -245.780 273.087 -28.183 -244.944 jngb-precursor-shield
41 1 31 473 1 10000 2500 270.193 -30.973 -276.493 267.305 -33.702 -277.231 273.082 -28.183 -276.048 jngb-precursor-shield
42 1 10 456 1 10000 500 434.211 -25.088 -288.870 428.408 -30.113 -292.336 440.015 -20.047 -287.381 jngb-envmap
43 1 10 472 1 10000 500 270.199 -30.950 -246.142 264.395 -35.975 -249.608 276.002 -25.909 -244.653 jngb-envmap
44 1 10 240 1 10000 17 361.568 -40.081 -241.814 342.340 -57.991 -261.065 382.184 -19.507 -227.440 jngb-envmap
45 1 22 240 1 10000 21 361.464 -36.190 -240.488 342.340 -54.210 -253.221 375.481 -19.507 -227.705 jngb-precursor-metal-plain-01
46 1 10 242 1 10000 104 281.570 -31.119 -307.687 275.809 -50.398 -313.059 286.945 -11.835 -301.924 jngb-envmap
47 1 10 243 1 10000 104 281.567 -31.119 -285.006 275.804 -50.398 -290.767 286.940 -11.835 -279.631 jngb-envmap
48 1 10 245 1 10000 104 258.886 -31.119 -285.009 253.512 -50.398 -290.772 264.647 -11.835 -279.636 jngb-envmap
49 1 10 246 1 10000 104 258.889 -31.119 -307.690 253.517 -50.398 -313.064 264.652 -11.835 -301.929 jngb-envmap
50 1 10 241 1 10000 104 286.262 -31.119 -296.358 279.002 -50.398 -299.701 290.565 -11.835 -293.013 jngb-envmap
51 1 10 244 1 10000 104 270.218 -31.119 -312.381 266.875 -50.398 -316.685 273.563 -11.835 -305.122 jngb-envmap
52 1 10 247 1 10000 104 254.195 -31.119 -296.337 249.892 -50.398 -299.683 261.454 -11.835 -292.995 jngb-envmap
53 1 25 438 1 10000 156 355.624 -49.743 -248.045 352.702 -50.044 -250.983 358.546 -49.497 -245.140 jngb-ecovalve-top
54 1 20 241 1 10000 313 286.169 -27.905 -296.356 281.956 -37.554 -299.404 290.096 -18.257 -293.310 jngb-precursor-metal-edging-01
55 1 20 242 1 10000 313 281.506 -27.905 -307.620 277.875 -37.554 -312.551 286.437 -18.257 -303.990 jngb-precursor-metal-edging-01
56 1 20 243 1 10000 313 281.500 -27.905 -285.070 277.870 -37.554 -288.701 286.432 -18.257 -280.139 jngb-precursor-metal-edging-01
57 1 20 244 1 10000 313 270.220 -27.905 -312.288 267.172 -37.554 -316.216 273.266 -18.257 -308.075 jngb-precursor-metal-edging-01
58 1 20 245 1 10000 313 258.950 -27.905 -285.076 254.020 -37.554 -288.706 262.582 -18.257 -280.144 jngb-precursor-metal-edging-01
59 1 20 246 1 10000 313 258.957 -27.905 -307.626 254.025 -37.554 -312.556 262.587 -18.257 -303.994 jngb-precursor-metal-edging-01
60 1 20 247 1 10000 313 254.288 -27.905 -296.340 250.360 -37.554 -299.386 258.501 -18.257 -293.292 jngb-precursor-metal-edging-01
61 1 67 248 1 10000 417 279.456 -18.093 -301.186 274.911 -24.454 -305.727 283.989 -9.970 -296.649 pal-environment-front
62 1 20 361 1 10000 972 455.410 -25.498 -240.358 446.313 -34.872 -248.570 460.891 -12.294 -231.164 jngb-precursor-metal-edging-01
63 1 20 363 1 10000 972 425.921 -25.498 -227.520 416.727 -34.872 -236.617 434.134 -12.294 -222.039 jngb-precursor-metal-edging-01
64 1 20 364 1 10000 972 413.083 -25.498 -257.009 407.603 -34.872 -266.203 422.181 -12.294 -248.796 jngb-precursor-metal-edging-01
65 1 21 298 1 10000 1094 359.129 -31.666 -257.039 357.772 -34.768 -259.727 359.996 -28.300 -254.352 jngb-precursor-spheres
66 1 21 300 1 10000 1094 346.216 -35.794 -237.984 343.528 -38.896 -238.851 348.903 -32.428 -236.627 jngb-precursor-spheres
67 1 21 359 1 10000 1094 365.278 -31.662 -257.049 364.398 -34.763 -259.743 366.648 -28.294 -254.352 jngb-precursor-spheres
68 1 21 296 1 10000 1094 378.184 -35.794 -244.126 375.497 -38.896 -245.483 380.872 -32.428 -243.259 jngb-precursor-spheres
69 1 21 357 1 10000 1094 378.190 -35.791 -244.133 375.497 -38.891 -245.503 380.887 -32.422 -243.253 jngb-precursor-spheres
70 1 21 358 1 10000 1094 359.123 -31.662 -257.061 357.752 -34.763 -259.758 360.002 -28.294 -254.368 jngb-precursor-spheres
71 1 21 360 1 10000 1094 346.194 -35.791 -237.977 343.497 -38.891 -238.857 348.887 -32.422 -236.607 jngb-precursor-spheres
72 1 21 288 1 10000 1094 394.316 -35.794 -244.126 391.629 -38.896 -245.483 397.004 -32.428 -243.259 jngb-precursor-spheres
73 1 21 289 1 10000 1094 386.184 -35.794 -244.126 383.497 -38.896 -245.483 388.872 -32.428 -243.259 jngb-precursor-spheres
74 1 21 290 1 10000 1094 386.216 -35.794 -237.984 383.528 -38.896 -238.851 388.903 -32.428 -236.627 jngb-precursor-spheres
75 1 21 291 1 10000 1094 440.271 -29.794 -301.071 439.404 -32.896 -303.758 441.628 -26.428 -298.383 jngb-precursor-spheres
76 1 21 292 1 10000 1094 440.271 -29.794 -293.071 439.404 -32.896 -295.758 441.628 -26.428 -290.383 jngb-precursor-spheres
77 1 21 293 1 10000 1094 428.129 -29.794 -301.039 426.772 -32.896 -303.727 428.996 -26.428 -298.352 jngb-precursor-spheres
78 1 21 294 1 10000 1094 428.129 -29.794 -293.039 426.772 -32.896 -295.727 428.996 -26.428 -290.352 jngb-precursor-spheres
79 1 21 301 1 10000 1094 359.129 -29.794 -289.039 357.772 -32.896 -291.727 359.996 -26.428 -286.352 jngb-precursor-spheres
80 1 21 302 1 10000 1094 356.129 -29.794 -301.039 354.772 -32.896 -303.727 356.996 -26.428 -298.352 jngb-precursor-spheres
81 1 21 303 1 10000 1094 365.271 -29.794 -289.071 364.404 -32.896 -291.758 366.628 -26.428 -286.383 jngb-precursor-spheres
82 1 21 304 1 10000 1094 356.129 -29.794 -309.039 354.772 -32.896 -311.727 356.996 -26.428 -306.352 jngb-precursor-spheres
83 1 21 305 1 10000 1094 368.271 -29.794 -301.071 367.404 -32.896 -303.758 369.628 -26.428 -298.383 jngb-precursor-spheres
84 1 21 306 1 10000 1094 440.271 -29.794 -325.071 439.404 -32.896 -327.758 441.628 -26.428 -322.383 jngb-precursor-spheres
85 1 21 307 1 10000 1094 428.129 -29.794 -325.039 426.772 -32.896 -327.727 428.996 -26.428 -322.352 jngb-precursor-spheres
86 1 21 308 1 10000 1094 440.271 -29.794 -317.071 439.404 -32.896 -319.758 441.628 -26.428 -314.383 jngb-precursor-spheres
87 1 21 309 1 10000 1094 440.271 -29.794 -309.071 439.404 -32.896 -311.758 441.628 -26.428 -306.383 jngb-precursor-spheres
88 1 21 310 1 10000 1094 428.129 -29.794 -317.039 426.772 -32.896 -319.727 428.996 -26.428 -314.352 jngb-precursor-spheres
89 1 21 311 1 10000 1094 428.129 -29.794 -309.039 426.772 -32.896 -311.727 428.996 -26.428 -306.352 jngb-precursor-spheres
90 1 21 312 1 10000 1094 434.184 -29.794 -347.126 431.497 -32.896 -348.483 436.872 -26.428 -346.259 jngb-precursor-spheres
91 1 21 313 1 10000 1094 440.271 -29.794 -341.071 439.404 -32.896 -343.758 441.628 -26.428 -338.383 jngb-precursor-spheres
92 1 21 314 1 10000 1094 426.184 -29.794 -347.126 423.497 -32.896 -348.483 428.872 -26.428 -346.259 jngb-precursor-spheres
93 1 21 315 1 10000 1094 440.271 -29.794 -333.071 439.404 -32.896 -335.758 441.628 -26.428 -330.383 jngb-precursor-spheres
94 1 21 316 1 10000 1094 398.184 -29.794 -344.126 395.497 -32.896 -345.483 400.872 -26.428 -343.259 jngb-precursor-spheres
95 1 21 317 1 10000 1094 406.184 -29.794 -344.126 403.497 -32.896 -345.483 408.872 -26.428 -343.259 jngb-precursor-spheres
96 1 21 318 1 10000 1094 406.216 -29.794 -337.984 403.528 -32.896 -338.851 408.903 -26.428 -336.627 jngb-precursor-spheres
97 1 21 319 1 10000 1094 414.184 -29.794 -344.126 411.497 -32.896 -345.483 416.872 -26.428 -343.259 jngb-precursor-spheres
98 1 21 320 1 10000 1094 414.216 -29.794 -337.984 411.528 -32.896 -338.851 416.903 -26.428 -336.627 jngb-precursor-spheres
99 1 21 321 1 10000 1094 382.216 -29.794 -337.984 379.528 -32.896 -338.851 384.903 -26.428 -336.627 jngb-precursor-spheres
100 1 21 322 1 10000 1094 390.216 -29.794 -337.984 387.528 -32.896 -338.851 392.903 -26.428 -336.627 jngb-precursor-spheres
101 1 21 323 1 10000 1094 368.271 -29.794 -309.071 367.404 -32.896 -311.758 369.628 -26.428 -306.383 jngb-precursor-spheres
102 1 21 324 1 10000 1094 398.216 -29.794 -337.984 395.528 -32.896 -338.851 400.903 -26.428 -336.627 jngb-precursor-spheres
103 1 21 325 1 10000 1094 382.184 -29.794 -344.126 379.497 -32.896 -345.483 384.872 -26.428 -343.259 jngb-precursor-spheres
104 1 21 326 1 10000 1094 390.184 -29.794 -344.126 387.497 -32.896 -345.483 392.872 -26.428 -343.259 jngb-precursor-spheres
105 1 21 327 1 10000 1094 359.129 -29.794 -321.039 357.772 -32.896 -323.727 359.996 -26.428 -318.352 jngb-precursor-spheres
106 1 21 328 1 10000 1094 365.271 -29.794 -321.071 364.404 -32.896 -323.758 366.628 -26.428 -318.383 jngb-precursor-spheres
107 1 21 329 1 10000 1094 362.184 -29.794 -347.126 359.497 -32.896 -348.483 364.872 -26.428 -346.259 jngb-precursor-spheres
108 1 21 330 1 10000 1094 370.184 -29.794 -347.126 367.497 -32.896 -348.483 372.872 -26.428 -346.259 jngb-precursor-spheres
109 1 21 331 1 10000 1094 356.129 -29.794 -333.039 354.772 -32.896 -335.727 356.996 -26.428 -330.352 jngb-precursor-spheres
110 1 21 332 1 10000 1094 356.129 -29.794 -341.039 354.772 -32.896 -343.727 356.996 -26.428 -338.352 jngb-precursor-spheres
111 1 21 335 1 10000 1094 314.216 -35.794 -237.984 311.528 -38.896 -238.851 316.903 -32.428 -236.627 jngb-precursor-spheres
112 1 21 336 1 10000 1094 302.184 -35.794 -247.126 299.497 -38.896 -248.483 304.872 -32.428 -246.259 jngb-precursor-spheres
113 1 21 337 1 10000 1094 286.216 -35.794 -234.984 283.528 -38.896 -235.851 288.903 -32.428 -233.627 jngb-precursor-spheres
114 1 21 338 1 10000 1094 286.184 -35.794 -247.126 283.497 -38.896 -248.483 288.872 -32.428 -246.259 jngb-precursor-spheres
115 1 21 339 1 10000 1094 294.184 -35.794 -247.126 291.497 -38.896 -248.483 296.872 -32.428 -246.259 jngb-precursor-spheres
116 1 21 340 1 10000 1094 314.184 -35.794 -244.126 311.497 -38.896 -245.483 316.872 -32.428 -243.259 jngb-precursor-spheres
117 1 21 341 1 10000 1094 338.184 -35.794 -244.126 335.497 -38.896 -245.483 340.872 -32.428 -243.259 jngb-precursor-spheres
118 1 21 342 1 10000 1094 338.216 -35.794 -237.984 335.528 -38.896 -238.851 340.903 -32.428 -236.627 jngb-precursor-spheres
119 1 21 343 1 10000 1094 302.216 -35.794 -234.984 299.528 -38.896 -235.851 304.903 -32.428 -233.627 jngb-precursor-spheres
120 1 21 344 1 10000 1094 294.216 -35.794 -234.984 291.528 -38.896 -235.851 296.903 -32.428 -233.627 jngb-precursor-spheres
121 1 21 345 1 10000 1094 278.216 -35.794 -234.984 275.528 -38.896 -235.851 280.903 -32.428 -233.627 jngb-precursor-spheres
122 1 21 346 1 10000 1094 276.271 -35.794 -257.071 275.404 -38.896 -259.758 277.628 -32.428 -254.383 jngb-precursor-spheres
123 1 21 348 1 10000 1094 276.271 -35.794 -265.071 275.404 -38.896 -267.758 277.628 -32.428 -262.383 jngb-precursor-spheres
124 1 21 349 1 10000 1094 270.216 -35.794 -234.984 267.528 -38.896 -235.851 272.903 -32.428 -233.627 jngb-precursor-spheres
125 1 21 350 1 10000 1094 264.129 -35.794 -241.039 262.772 -38.896 -243.727 264.996 -32.428 -238.352 jngb-precursor-spheres
126 1 21 351 1 10000 1094 264.129 -35.794 -249.039 262.772 -38.896 -251.727 264.996 -32.428 -246.352 jngb-precursor-spheres
127 1 21 352 1 10000 1094 264.129 -35.794 -257.039 262.772 -38.896 -259.727 264.996 -32.428 -254.352 jngb-precursor-spheres
128 1 21 353 1 10000 1094 264.129 -35.794 -265.039 262.772 -38.896 -267.727 264.996 -32.428 -262.352 jngb-precursor-spheres
129 1 10 361 1 10000 417 456.104 -30.029 -240.056 446.313 -46.263 -248.570 461.969 -12.294 -230.414 jngb-envmap
130 1 10 363 1 10000 417 425.620 -30.029 -226.826 415.977 -46.263 -236.617 434.134 -12.294 -220.961 jngb-envmap
131 1 10 364 1 10000 417 412.389 -30.029 -257.310 406.524 -46.263 -266.953 422.181 -12.294 -248.796 jngb-envmap
132 1 21 355 1 10000 1094 264.053 -30.217 -311.745 261.390 -33.391 -313.311 266.433 -26.826 -310.739 jngb-precursor-spheres
133 1 20 362 1 10000 1042 443.336 -25.498 -227.833 435.508 -34.872 -237.475 452.841 -12.294 -221.876 jngb-precursor-metal-edging-01
134 1 20 365 1 10000 1042 455.097 -25.498 -257.773 445.455 -34.872 -267.278 461.054 -12.294 -249.945 jngb-precursor-metal-edging-01
135 1 21 334 1 10000 1094 285.436 -30.214 -290.262 284.356 -33.390 -292.560 287.095 -26.820 -287.638 jngb-precursor-spheres
136 1 10 362 1 10000 446 443.614 -30.029 -227.129 435.508 -46.263 -237.475 453.570 -12.294 -220.760 jngb-envmap
137 1 10 365 1 10000 446 455.801 -30.029 -258.051 445.455 -46.263 -268.007 462.170 -12.294 -249.945 jngb-envmap
138 1 21 297 1 10000 1094 365.271 -31.666 -257.071 364.404 -34.768 -259.758 366.628 -28.300 -254.383 jngb-precursor-spheres
139 1 21 295 1 10000 1094 378.216 -35.794 -237.984 375.528 -38.896 -238.851 380.903 -32.428 -236.627 jngb-precursor-spheres
140 1 21 299 1 10000 1094 346.184 -35.794 -244.126 343.497 -38.896 -245.483 348.872 -32.428 -243.259 jngb-precursor-spheres
141 1 21 287 1 10000 1094 394.349 -35.794 -237.984 391.660 -38.896 -238.851 397.035 -32.428 -236.627 jngb-precursor-spheres
142 1 21 354 1 10000 1094 254.964 -30.214 -302.820 253.338 -33.391 -305.457 256.023 -26.820 -300.497 jngb-precursor-spheres
143 1 21 356 1 10000 1094 254.949 -30.214 -290.082 253.261 -33.390 -292.359 256.049 -26.820 -287.470 jngb-precursor-spheres
144 1 10 372 1 10000 455 269.602 -14.923 -296.164 256.620 -18.114 -310.065 283.823 -9.817 -282.862 jngb-envmap
145 1 21 333 1 10000 1094 285.374 -30.214 -302.843 284.350 -33.391 -305.493 286.961 -26.821 -300.485 jngb-precursor-spheres
146 1 21 347 1 10000 1094 276.506 -30.214 -311.634 274.176 -33.391 -313.252 279.145 -26.820 -310.582 jngb-precursor-spheres
147 1 10 298 1 10000 990 358.710 -31.546 -257.039 356.469 -36.189 -261.087 359.996 -26.457 -252.993 jngb-envmap
148 1 10 300 1 10000 990 346.216 -35.675 -237.565 342.168 -40.317 -238.851 350.262 -30.585 -235.323 jngb-envmap
149 1 10 359 1 10000 990 365.695 -31.543 -257.048 364.398 -36.200 -261.102 367.929 -26.450 -253.008 jngb-envmap
150 1 10 296 1 10000 990 378.184 -35.675 -244.545 374.138 -40.317 -246.786 382.231 -30.585 -243.259 jngb-envmap
151 1 10 357 1 10000 990 378.191 -35.671 -244.550 374.137 -40.328 -246.784 382.231 -30.578 -243.253 jngb-envmap
152 1 10 358 1 10000 990 358.705 -31.543 -257.062 356.471 -36.200 -261.102 360.002 -26.450 -253.008 jngb-envmap
153 1 10 360 1 10000 990 346.193 -35.671 -237.560 342.153 -40.328 -238.857 350.247 -30.578 -235.326 jngb-envmap
154 1 10 288 1 10000 990 394.317 -35.675 -244.545 390.270 -40.317 -246.786 398.364 -30.585 -243.259 jngb-envmap
155 1 10 289 1 10000 990 386.184 -35.675 -244.545 382.138 -40.317 -246.786 390.231 -30.585 -243.259 jngb-envmap
156 1 10 290 1 10000 990 386.216 -35.675 -237.565 382.168 -40.317 -238.851 390.262 -30.585 -235.323 jngb-envmap
157 1 10 301 1 10000 990 358.710 -29.674 -289.039 356.469 -34.317 -293.087 359.996 -24.585 -284.993 jngb-envmap
158 1 10 302 1 10000 990 355.710 -29.674 -301.039 353.469 -34.317 -305.087 356.996 -24.585 -296.993 jngb-envmap
159 1 10 303 1 10000 990 365.690 -29.674 -289.071 364.404 -34.317 -293.117 367.932 -24.585 -285.024 jngb-envmap
160 1 10 304 1 10000 990 355.710 -29.674 -309.039 353.469 -34.317 -313.087 356.996 -24.585 -304.993 jngb-envmap
161 1 10 305 1 10000 990 368.690 -29.674 -301.071 367.404 -34.317 -305.117 370.932 -24.585 -297.024 jngb-envmap
162 1 10 306 1 10000 990 440.690 -29.674 -325.071 439.404 -34.317 -329.117 442.932 -24.585 -321.024 jngb-envmap
163 1 10 307 1 10000 990 427.710 -29.674 -325.039 425.469 -34.317 -329.087 428.996 -24.585 -320.993 jngb-envmap
164 1 10 308 1 10000 990 440.690 -29.674 -317.071 439.404 -34.317 -321.117 442.932 -24.585 -313.024 jngb-envmap
165 1 10 312 1 10000 990 434.184 -29.674 -347.545 430.138 -34.317 -349.786 438.231 -24.585 -346.259 jngb-envmap
166 1 10 313 1 10000 990 440.690 -29.674 -341.071 439.404 -34.317 -345.117 442.932 -24.585 -337.024 jngb-envmap
167 1 10 314 1 10000 990 426.184 -29.674 -347.545 422.138 -34.317 -349.786 430.231 -24.585 -346.259 jngb-envmap
168 1 10 315 1 10000 990 440.690 -29.674 -333.071 439.404 -34.317 -337.117 442.932 -24.585 -329.024 jngb-envmap
169 1 10 316 1 10000 990 398.184 -29.674 -344.545 394.138 -34.317 -346.786 402.231 -24.585 -343.259 jngb-envmap
170 1 10 317 1 10000 990 406.184 -29.674 -344.545 402.138 -34.317 -346.786 410.231 -24.585 -343.259 jngb-envmap
171 1 10 318 1 10000 990 406.216 -29.674 -337.565 402.168 -34.317 -338.851 410.262 -24.585 -335.324 jngb-envmap
172 1 10 319 1 10000 990 414.184 -29.674 -344.545 410.138 -34.317 -346.786 418.231 -24.585 -343.259 jngb-envmap
173 1 10 320 1 10000 990 414.216 -29.674 -337.565 410.168 -34.317 -338.851 418.262 -24.585 -335.324 jngb-envmap
174 1 10 321 1 10000 990 382.216 -29.674 -337.565 378.168 -34.317 -338.851 386.262 -24.585 -335.324 jngb-envmap
175 1 10 322 1 10000 990 390.216 -29.674 -337.565 386.168 -34.317 -338.851 394.262 -24.585 -335.324 jngb-envmap
176 1 10 323 1 10000 990 368.690 -29.674 -309.071 367.404 -34.317 -313.117 370.932 -24.585 -305.024 jngb-envmap
177 1 10 324 1 10000 990 398.216 -29.674 -337.565 394.168 -34.317 -338.851 402.262 -24.585 -335.324 jngb-envmap
178 1 10 325 1 10000 990 382.184 -29.674 -344.545 378.138 -34.317 -346.786 386.231 -24.585 -343.259 jngb-envmap
179 1 10 326 1 10000 990 390.184 -29.674 -344.545 386.138 -34.317 -346.786 394.231 -24.585 -343.259 jngb-envmap
180 1 10 327 1 10000 990 358.710 -29.674 -321.039 356.469 -34.317 -325.087 359.996 -24.585 -316.993 jngb-envmap
181 1 10 328 1 10000 990 365.690 -29.674 -321.071 364.404 -34.317 -325.117 367.932 -24.585 -317.024 jngb-envmap
182 1 10 329 1 10000 990 362.184 -29.674 -347.545 358.138 -34.317 -349.786 366.231 -24.585 -346.259 jngb-envmap
183 1 10 330 1 10000 990 370.184 -29.674 -347.545 366.138 -34.317 -349.786 374.231 -24.585 -346.259 jngb-envmap
184 1 10 331 1 10000 990 355.710 -29.674 -333.039 353.469 -34.317 -337.087 356.996 -24.585 -328.993 jngb-envmap
185 1 10 332 1 10000 990 355.710 -29.674 -341.039 353.469 -34.317 -345.087 356.996 -24.585 -336.993 jngb-envmap
186 1 10 335 1 10000 990 314.216 -35.675 -237.565 310.168 -40.317 -238.851 318.262 -30.585 -235.323 jngb-envmap
187 1 10 336 1 10000 990 302.184 -35.675 -247.545 298.138 -40.317 -249.786 306.231 -30.585 -246.259 jngb-envmap
188 1 10 337 1 10000 990 286.216 -35.675 -234.565 282.168 -40.317 -235.851 290.262 -30.585 -232.323 jngb-envmap
189 1 10 340 1 10000 990 314.184 -35.675 -244.545 310.138 -40.317 -246.786 318.231 -30.585 -243.259 jngb-envmap
190 1 10 341 1 10000 990 338.184 -35.675 -244.545 334.138 -40.317 -246.786 342.231 -30.585 -243.259 jngb-envmap
191 1 10 342 1 10000 990 338.216 -35.675 -237.565 334.168 -40.317 -238.851 342.262 -30.585 -235.323 jngb-envmap
192 1 10 343 1 10000 990 302.216 -35.675 -234.565 298.168 -40.317 -235.851 306.262 -30.585 -232.323 jngb-envmap
193 1 10 344 1 10000 990 294.216 -35.675 -234.565 290.168 -40.317 -235.851 298.262 -30.585 -232.323 jngb-envmap
194 1 10 345 1 10000 990 278.216 -35.675 -234.565 274.168 -40.317 -235.851 282.262 -30.585 -232.323 jngb-envmap
195 1 10 349 1 10000 990 270.216 -35.675 -234.565 266.168 -40.317 -235.851 274.262 -30.585 -232.323 jngb-envmap
196 1 10 350 1 10000 990 263.710 -35.675 -241.039 261.469 -40.317 -245.087 264.996 -30.585 -236.993 jngb-envmap
197 1 10 351 1 10000 990 263.710 -35.675 -249.039 261.469 -40.317 -253.087 264.996 -30.585 -244.993 jngb-envmap
198 1 10 352 1 10000 990 263.710 -35.675 -257.039 261.469 -40.317 -261.087 264.996 -30.585 -252.993 jngb-envmap
199 1 10 353 1 10000 990 263.710 -35.675 -265.039 261.469 -40.317 -269.087 264.996 -30.585 -260.993 jngb-envmap
200 1 10 355 1 10000 990 263.904 -30.122 -312.143 259.824 -34.885 -314.695 267.418 -25.006 -310.739 jngb-envmap
201 1 10 334 1 10000 990 285.825 -30.119 -290.089 284.301 -34.886 -293.484 288.507 -25.000 -286.043 jngb-envmap
202 1 10 297 1 10000 990 365.690 -31.546 -257.071 364.404 -36.189 -261.117 367.932 -26.457 -253.024 jngb-envmap
203 1 10 295 1 10000 990 378.216 -35.675 -237.565 374.168 -40.317 -238.851 382.262 -30.585 -235.323 jngb-envmap
204 1 10 299 1 10000 990 346.184 -35.675 -244.545 342.138 -40.317 -246.786 350.231 -30.585 -243.259 jngb-envmap
205 1 10 291 1 10000 990 440.690 -29.674 -301.071 439.404 -34.317 -305.117 442.932 -24.585 -297.024 jngb-envmap
206 1 10 292 1 10000 990 440.690 -29.674 -293.071 439.404 -34.317 -297.117 442.932 -24.585 -289.024 jngb-envmap
207 1 10 293 1 10000 990 427.710 -29.674 -301.039 425.469 -34.317 -305.087 428.996 -24.585 -296.993 jngb-envmap
208 1 10 294 1 10000 990 427.710 -29.674 -293.039 425.469 -34.317 -297.087 428.996 -24.585 -288.993 jngb-envmap
209 1 10 309 1 10000 990 440.690 -29.674 -309.071 439.404 -34.317 -313.117 442.932 -24.585 -305.024 jngb-envmap
210 1 10 310 1 10000 990 427.710 -29.674 -317.039 425.469 -34.317 -321.087 428.996 -24.585 -312.993 jngb-envmap
211 1 10 311 1 10000 990 427.710 -29.674 -309.039 425.469 -34.317 -313.087 428.996 -24.585 -304.993 jngb-envmap
212 1 10 338 1 10000 990 286.184 -35.675 -247.545 282.138 -40.317 -249.786 290.231 -30.585 -246.259 jngb-envmap
213 1 10 339 1 10000 990 294.184 -35.675 -247.545 290.138 -40.317 -249.786 298.231 -30.585 -246.259 jngb-envmap
214 1 10 346 1 10000 990 276.690 -35.675 -257.071 275.404 -40.317 -261.117 278.932 -30.585 -253.024 jngb-envmap
215 1 10 348 1 10000 990 276.690 -35.675 -265.071 275.404 -40.317 -269.117 278.932 -30.585 -261.024 jngb-envmap
216 1 10 287 1 10000 990 394.348 -35.675 -237.565 390.301 -40.317 -238.851 398.395 -30.585 -235.323 jngb-envmap
217 1 10 354 1 10000 990 254.573 -30.119 -302.986 251.938 -34.886 -307.047 256.052 -25.000 -299.550 jngb-envmap
218 1 10 356 1 10000 990 254.562 -30.119 -289.904 251.839 -34.886 -293.261 256.125 -25.000 -285.872 jngb-envmap
219 1 10 333 1 10000 990 285.771 -30.120 -302.998 284.348 -34.886 -307.061 288.346 -25.000 -299.520 jngb-envmap
220 1 10 347 1 10000 990 276.670 -30.119 -312.027 273.224 -34.886 -314.649 280.734 -25.000 -310.560 jngb-envmap
221 1 20 298 1 10000 938 358.501 -31.486 -257.040 356.469 -36.189 -261.087 359.817 -26.457 -252.993 jngb-precursor-metal-edging-01
222 1 20 300 1 10000 938 346.215 -35.615 -237.356 342.168 -40.317 -238.672 350.262 -30.585 -235.323 jngb-precursor-metal-edging-01
223 1 20 359 1 10000 938 365.904 -31.483 -257.048 364.585 -36.200 -261.102 367.929 -26.450 -253.008 jngb-precursor-metal-edging-01
224 1 20 288 1 10000 938 394.317 -35.615 -244.754 390.270 -40.317 -246.786 398.364 -30.585 -243.438 jngb-precursor-metal-edging-01
225 1 20 289 1 10000 938 386.185 -35.615 -244.754 382.138 -40.317 -246.786 390.231 -30.585 -243.438 jngb-precursor-metal-edging-01
226 1 20 290 1 10000 938 386.215 -35.615 -237.356 382.168 -40.317 -238.672 390.262 -30.585 -235.323 jngb-precursor-metal-edging-01
227 1 20 296 1 10000 938 378.185 -35.615 -244.754 374.138 -40.317 -246.786 382.231 -30.585 -243.438 jngb-precursor-metal-edging-01
228 1 20 301 1 10000 938 358.501 -29.615 -289.040 356.469 -34.317 -293.087 359.817 -24.585 -284.993 jngb-precursor-metal-edging-01
229 1 20 302 1 10000 938 355.501 -29.615 -301.040 353.469 -34.317 -305.087 356.817 -24.585 -296.993 jngb-precursor-metal-edging-01
230 1 20 303 1 10000 938 365.899 -29.615 -289.070 364.583 -34.317 -293.117 367.932 -24.585 -285.024 jngb-precursor-metal-edging-01
231 1 20 304 1 10000 938 355.501 -29.615 -309.040 353.469 -34.317 -313.087 356.817 -24.585 -304.993 jngb-precursor-metal-edging-01
232 1 20 305 1 10000 938 368.899 -29.615 -301.070 367.583 -34.317 -305.117 370.932 -24.585 -297.024 jngb-precursor-metal-edging-01
233 1 20 306 1 10000 938 440.899 -29.615 -325.070 439.583 -34.317 -329.117 442.932 -24.585 -321.024 jngb-precursor-metal-edging-01
234 1 20 307 1 10000 938 427.501 -29.615 -325.040 425.469 -34.317 -329.087 428.817 -24.585 -320.993 jngb-precursor-metal-edging-01
235 1 20 308 1 10000 938 440.899 -29.615 -317.070 439.583 -34.317 -321.117 442.932 -24.585 -313.024 jngb-precursor-metal-edging-01
236 1 20 312 1 10000 938 434.185 -29.615 -347.754 430.138 -34.317 -349.786 438.231 -24.585 -346.438 jngb-precursor-metal-edging-01
237 1 20 313 1 10000 938 440.899 -29.615 -341.070 439.583 -34.317 -345.117 442.932 -24.585 -337.024 jngb-precursor-metal-edging-01
238 1 20 314 1 10000 938 426.185 -29.615 -347.754 422.138 -34.317 -349.786 430.231 -24.585 -346.438 jngb-precursor-metal-edging-01
239 1 20 315 1 10000 938 440.899 -29.615 -333.070 439.583 -34.317 -337.117 442.932 -24.585 -329.024 jngb-precursor-metal-edging-01
240 1 20 316 1 10000 938 398.185 -29.615 -344.754 394.138 -34.317 -346.786 402.231 -24.585 -343.438 jngb-precursor-metal-edging-01
241 1 20 317 1 10000 938 406.185 -29.615 -344.754 402.138 -34.317 -346.786 410.231 -24.585 -343.438 jngb-precursor-metal-edging-01
242 1 20 318 1 10000 938 406.215 -29.615 -337.356 402.168 -34.317 -338.672 410.262 -24.585 -335.324 jngb-precursor-metal-edging-01
243 1 20 319 1 10000 938 414.185 -29.615 -344.754 410.138 -34.317 -346.786 418.231 -24.585 -343.438 jngb-precursor-metal-edging-01
244 1 20 320 1 10000 938 414.215 -29.615 -337.356 410.168 -34.317 -338.672 418.262 -24.585 -335.324 jngb-precursor-metal-edging-01
245 1 20 321 1 10000 938 382.215 -29.615 -337.356 378.168 -34.317 -338.672 386.262 -24.585 -335.324 jngb-precursor-metal-edging-01
246 1 20 322 1 10000 938 390.215 -29.615 -337.356 386.168 -34.317 -338.672 394.262 -24.585 -335.324 jngb-precursor-metal-edging-01
247 1 20 323 1 10000 938 368.899 -29.615 -309.070 367.583 -34.317 -313.117 370.932 -24.585 -305.024 jngb-precursor-metal-edging-01
248 1 20 324 1 10000 938 398.215 -29.615 -337.356 394.168 -34.317 -338.672 402.262 -24.585 -335.324 jngb-precursor-metal-edging-01
249 1 20 325 1 10000 938 382.185 -29.615 -344.754 378.138 -34.317 -346.786 386.231 -24.585 -343.438 jngb-precursor-metal-edging-01
250 1 20 326 1 10000 938 390.185 -29.615 -344.754 386.138 -34.317 -346.786 394.231 -24.585 -343.438 jngb-precursor-metal-edging-01
251 1 20 327 1 10000 938 358.501 -29.615 -321.040 356.469 -34.317 -325.087 359.817 -24.585 -316.993 jngb-precursor-metal-edging-01
252 1 20 328 1 10000 938 365.899 -29.615 -321.070 364.583 -34.317 -325.117 367.932 -24.585 -317.024 jngb-precursor-metal-edging-01
253 1 20 329 1 10000 938 362.185 -29.615 -347.754 358.138 -34.317 -349.786 366.231 -24.585 -346.438 jngb-precursor-metal-edging-01
254 1 20 330 1 10000 938 370.185 -29.615 -347.754 366.138 -34.317 -349.786 374.231 -24.585 -346.438 jngb-precursor-metal-edging-01
255 1 20 331 1 10000 938 355.501 -29.615 -333.040 353.469 -34.317 -337.087 356.817 -24.585 -328.993 jngb-precursor-metal-edging-01
256 1 20 332 1 10000 938 355.501 -29.615 -341.040 353.469 -34.317 -345.087 356.817 -24.585 -336.993 jngb-precursor-metal-edging-01
257 1 20 335 1 10000 938 314.215 -35.615 -237.356 310.168 -40.317 -238.672 318.262 -30.585 -235.323 jngb-precursor-metal-edging-01
258 1 20 336 1 10000 938 302.185 -35.615 -247.754 298.138 -40.317 -249.786 306.231 -30.585 -246.438 jngb-precursor-metal-edging-01
259 1 20 337 1 10000 938 286.215 -35.615 -234.356 282.168 -40.317 -235.672 290.262 -30.585 -232.323 jngb-precursor-metal-edging-01
260 1 20 340 1 10000 938 314.185 -35.615 -244.754 310.138 -40.317 -246.786 318.231 -30.585 -243.438 jngb-precursor-metal-edging-01
261 1 20 341 1 10000 938 338.185 -35.615 -244.754 334.138 -40.317 -246.786 342.231 -30.585 -243.438 jngb-precursor-metal-edging-01
262 1 20 342 1 10000 938 338.215 -35.615 -237.356 334.168 -40.317 -238.672 342.262 -30.585 -235.323 jngb-precursor-metal-edging-01
263 1 20 343 1 10000 938 302.215 -35.615 -234.356 298.168 -40.317 -235.672 306.262 -30.585 -232.323 jngb-precursor-metal-edging-01
264 1 20 344 1 10000 938 294.215 -35.615 -234.356 290.168 -40.317 -235.672 298.262 -30.585 -232.323 jngb-precursor-metal-edging-01
265 1 20 345 1 10000 938 278.215 -35.615 -234.356 274.168 -40.317 -235.672 282.262 -30.585 -232.323 jngb-precursor-metal-edging-01
266 1 20 349 1 10000 938 270.215 -35.615 -234.356 266.168 -40.317 -235.672 274.262 -30.585 -232.323 jngb-precursor-metal-edging-01
267 1 20 350 1 10000 938 263.501 -35.615 -241.040 261.469 -40.317 -245.087 264.817 -30.585 -236.993 jngb-precursor-metal-edging-01
268 1 20 351 1 10000 938 263.501 -35.615 -249.040 261.469 -40.317 -253.087 264.817 -30.585 -244.993 jngb-precursor-metal-edging-01
269 1 20 352 1 10000 938 263.501 -35.615 -257.040 261.469 -40.317 -261.087 264.817 -30.585 -252.993 jngb-precursor-metal-edging-01
270 1 20 353 1 10000 938 263.501 -35.615 -265.040 261.469 -40.317 -269.087 264.817 -30.585 -260.993 jngb-precursor-metal-edging-01
271 1 20 357 1 10000 938 378.192 -35.611 -244.759 374.137 -40.328 -246.784 382.231 -30.578 -243.440 jngb-precursor-metal-edging-01
272 1 20 358 1 10000 938 358.496 -31.483 -257.062 356.471 -36.200 -261.102 359.815 -26.450 -253.008 jngb-precursor-metal-edging-01
273 1 20 360 1 10000 938 346.193 -35.611 -237.351 342.153 -40.328 -238.670 350.247 -30.578 -235.326 jngb-precursor-metal-edging-01
274 1 20 297 1 10000 938 365.899 -31.486 -257.070 364.583 -36.189 -261.117 367.932 -26.457 -253.024 jngb-precursor-metal-edging-01
275 1 20 334 1 10000 938 286.019 -30.072 -290.003 284.301 -34.886 -293.484 288.507 -25.000 -286.043 jngb-precursor-metal-edging-01
276 1 20 355 1 10000 938 263.829 -30.075 -312.342 259.824 -34.885 -314.695 267.418 -25.006 -310.748 jngb-precursor-metal-edging-01
277 1 20 287 1 10000 938 394.348 -35.615 -237.356 390.301 -40.317 -238.672 398.395 -30.585 -235.323 jngb-precursor-metal-edging-01
278 1 20 295 1 10000 938 378.215 -35.615 -237.356 374.168 -40.317 -238.672 382.262 -30.585 -235.323 jngb-precursor-metal-edging-01
279 1 20 299 1 10000 938 346.185 -35.615 -244.754 342.138 -40.317 -246.786 350.231 -30.585 -243.438 jngb-precursor-metal-edging-01
280 1 20 248 1 10000 625 279.457 -16.641 -301.186 275.567 -24.454 -305.071 283.333 -9.970 -297.305 jngb-precursor-metal-edging-01
281 1 20 354 1 10000 938 254.377 -30.072 -303.069 251.938 -34.886 -307.047 256.052 -25.000 -299.550 jngb-precursor-metal-edging-01
282 1 20 356 1 10000 938 254.369 -30.072 -289.815 251.839 -34.886 -293.261 256.125 -25.000 -285.872 jngb-precursor-metal-edging-01
283 1 20 372 1 10000 625 269.655 -13.898 -296.195 258.323 -17.083 -308.347 282.104 -9.817 -284.581 jngb-precursor-metal-edging-01
284 1 20 291 1 10000 938 440.899 -29.615 -301.070 439.583 -34.317 -305.117 442.932 -24.585 -297.024 jngb-precursor-metal-edging-01
285 1 20 292 1 10000 938 440.899 -29.615 -293.070 439.583 -34.317 -297.117 442.932 -24.585 -289.024 jngb-precursor-metal-edging-01
286 1 20 293 1 10000 938 427.501 -29.615 -301.040 425.469 -34.317 -305.087 428.817 -24.585 -296.993 jngb-precursor-metal-edging-01
287 1 20 294 1 10000 938 427.501 -29.615 -293.040 425.469 -34.317 -297.087 428.817 -24.585 -288.993 jngb-precursor-metal-edging-01
288 1 20 309 1 10000 938 440.899 -29.615 -309.070 439.583 -34.317 -313.117 442.932 -24.585 -305.024 jngb-precursor-metal-edging-01
289 1 20 310 1 10000 938 427.501 -29.615 -317.040 425.469 -34.317 -321.087 428.817 -24.585 -312.993 jngb-precursor-metal-edging-01
290 1 20 311 1 10000 938 427.501 -29.615 -309.040 425.469 -34.317 -313.087 428.817 -24.585 -304.993 jngb-precursor-metal-edging-01
291 1 20 338 1 10000 938 286.185 -35.615 -247.754 282.138 -40.317 -249.786 290.231 -30.585 -246.438 jngb-precursor-metal-edging-01
292 1 20 339 1 10000 938 294.185 -35.615 -247.754 290.138 -40.317 -249.786 298.231 -30.585 -246.438 jngb-precursor-metal-edging-01
293 1 20 346 1 10000 938 276.899 -35.615 -257.070 275.583 -40.317 -261.117 278.932 -30.585 -253.024 jngb-precursor-metal-edging-01
294 1 20 348 1 10000 938 276.899 -35.615 -265.070 275.583 -40.317 -269.117 278.932 -30.585 -261.024 jngb-precursor-metal-edging-01
295 1 20 333 1 10000 938 285.969 -30.072 -303.075 284.348 -34.886 -307.061 288.346 -25.000 -299.520 jngb-precursor-metal-edging-01
296 1 20 347 1 10000 938 276.752 -30.072 -312.223 273.224 -34.886 -314.649 280.734 -25.000 -310.560 jngb-precursor-metal-edging-01
297 1 6 7 1 10000 1094 386.201 -35.815 -238.029 383.512 -38.917 -238.909 388.887 -32.449 -236.670 jngb-precursor-spheres-glow
298 1 6 8 1 10000 1094 378.201 -35.815 -238.029 375.512 -38.917 -238.909 380.887 -32.449 -236.670 jngb-precursor-spheres-glow
299 1 6 11 1 10000 1094 428.173 -29.815 -293.054 426.815 -32.917 -295.743 429.054 -26.448 -290.368 jngb-precursor-spheres-glow
300 1 6 12 1 10000 1094 440.226 -29.815 -293.056 439.346 -32.917 -295.743 441.585 -26.448 -290.368 jngb-precursor-spheres-glow
301 1 6 13 1 10000 1094 428.173 -29.815 -301.054 426.815 -32.917 -303.743 429.054 -26.448 -298.368 jngb-precursor-spheres-glow
302 1 6 14 1 10000 1094 428.173 -29.815 -309.054 426.815 -32.917 -311.743 429.054 -26.448 -306.368 jngb-precursor-spheres-glow
303 1 6 15 1 10000 1094 440.226 -29.815 -301.056 439.346 -32.917 -303.743 441.585 -26.448 -298.368 jngb-precursor-spheres-glow
304 1 6 16 1 10000 1094 440.226 -29.815 -309.056 439.346 -32.917 -311.743 441.585 -26.448 -306.368 jngb-precursor-spheres-glow
305 1 6 19 1 10000 1094 346.201 -35.815 -238.029 343.512 -38.917 -238.909 348.887 -32.449 -236.670 jngb-precursor-spheres-glow
306 1 6 20 1 10000 1094 346.199 -35.815 -244.082 343.512 -38.917 -245.440 348.887 -32.449 -243.201 jngb-precursor-spheres-glow
307 1 6 21 1 10000 1094 338.201 -35.815 -238.029 335.512 -38.917 -238.909 340.887 -32.449 -236.670 jngb-precursor-spheres-glow
308 1 6 22 1 10000 1094 338.199 -35.815 -244.082 335.512 -38.917 -245.440 340.887 -32.449 -243.201 jngb-precursor-spheres-glow
309 1 6 23 1 10000 1094 368.226 -29.815 -309.056 367.346 -32.917 -311.743 369.585 -26.448 -306.368 jngb-precursor-spheres-glow
310 1 6 24 1 10000 1094 368.226 -29.815 -301.056 367.346 -32.917 -303.743 369.585 -26.448 -298.368 jngb-precursor-spheres-glow
311 1 6 25 1 10000 1094 365.226 -29.815 -289.056 364.346 -32.917 -291.743 366.585 -26.448 -286.368 jngb-precursor-spheres-glow
312 1 6 26 1 10000 1094 356.173 -29.815 -309.054 354.815 -32.917 -311.743 357.054 -26.448 -306.368 jngb-precursor-spheres-glow
313 1 6 27 1 10000 1094 356.173 -29.815 -301.054 354.815 -32.917 -303.743 357.054 -26.448 -298.368 jngb-precursor-spheres-glow
314 1 6 28 1 10000 1094 359.173 -29.815 -289.054 357.815 -32.917 -291.743 360.054 -26.448 -286.368 jngb-precursor-spheres-glow
315 1 6 29 1 10000 1094 428.173 -29.815 -317.054 426.815 -32.917 -319.743 429.054 -26.448 -314.368 jngb-precursor-spheres-glow
316 1 6 30 1 10000 1094 428.173 -29.815 -325.054 426.815 -32.917 -327.743 429.054 -26.448 -322.368 jngb-precursor-spheres-glow
317 1 6 31 1 10000 1094 440.226 -29.815 -317.056 439.346 -32.917 -319.743 441.585 -26.448 -314.368 jngb-precursor-spheres-glow
318 1 6 32 1 10000 1094 440.226 -29.815 -325.056 439.346 -32.917 -327.743 441.585 -26.448 -322.368 jngb-precursor-spheres-glow
319 1 6 35 1 10000 1094 434.199 -29.815 -347.082 431.512 -32.917 -348.440 436.887 -26.448 -346.201 jngb-precursor-spheres-glow
320 1 6 36 1 10000 1094 414.201 -29.815 -338.029 411.512 -32.917 -338.909 416.887 -26.448 -336.670 jngb-precursor-spheres-glow
321 1 6 38 1 10000 1094 414.199 -29.815 -344.082 411.512 -32.917 -345.440 416.887 -26.448 -343.201 jngb-precursor-spheres-glow
322 1 6 39 1 10000 1094 406.201 -29.815 -338.029 403.512 -32.917 -338.909 408.887 -26.448 -336.670 jngb-precursor-spheres-glow
323 1 6 40 1 10000 1094 406.199 -29.815 -344.082 403.512 -32.917 -345.440 408.887 -26.448 -343.201 jngb-precursor-spheres-glow
324 1 6 41 1 10000 1094 390.201 -29.815 -338.029 387.512 -32.917 -338.909 392.887 -26.448 -336.670 jngb-precursor-spheres-glow
325 1 6 42 1 10000 1094 382.201 -29.815 -338.029 379.512 -32.917 -338.909 384.887 -26.448 -336.670 jngb-precursor-spheres-glow
326 1 6 43 1 10000 1094 398.201 -29.815 -338.029 395.512 -32.917 -338.909 400.887 -26.448 -336.670 jngb-precursor-spheres-glow
327 1 6 44 1 10000 1094 390.199 -29.815 -344.082 387.512 -32.917 -345.440 392.887 -26.448 -343.201 jngb-precursor-spheres-glow
328 1 6 45 1 10000 1094 398.199 -29.815 -344.082 395.512 -32.917 -345.440 400.887 -26.448 -343.201 jngb-precursor-spheres-glow
329 1 6 46 1 10000 1094 370.199 -29.815 -347.082 367.512 -32.917 -348.440 372.887 -26.448 -346.201 jngb-precursor-spheres-glow
330 1 6 47 1 10000 1094 382.199 -29.815 -344.082 379.512 -32.917 -345.440 384.887 -26.448 -343.201 jngb-precursor-spheres-glow
331 1 6 48 1 10000 1094 359.173 -29.815 -321.054 357.815 -32.917 -323.743 360.054 -26.448 -318.368 jngb-precursor-spheres-glow
332 1 6 49 1 10000 1094 365.226 -29.815 -321.056 364.346 -32.917 -323.743 366.585 -26.448 -318.368 jngb-precursor-spheres-glow
333 1 6 50 1 10000 1094 356.173 -29.815 -333.054 354.815 -32.917 -335.743 357.054 -26.448 -330.368 jngb-precursor-spheres-glow
334 1 6 51 1 10000 1094 362.199 -29.815 -347.082 359.512 -32.917 -348.440 364.887 -26.448 -346.201 jngb-precursor-spheres-glow
335 1 6 52 1 10000 1094 356.173 -29.815 -341.054 354.815 -32.917 -343.743 357.054 -26.448 -338.368 jngb-precursor-spheres-glow
336 1 6 53 1 10000 1094 294.201 -35.815 -235.029 291.512 -38.917 -235.909 296.887 -32.449 -233.670 jngb-precursor-spheres-glow
337 1 6 56 1 10000 1094 302.201 -35.815 -235.029 299.512 -38.917 -235.909 304.887 -32.449 -233.670 jngb-precursor-spheres-glow
338 1 6 57 1 10000 1094 314.199 -35.815 -244.082 311.512 -38.917 -245.440 316.887 -32.449 -243.201 jngb-precursor-spheres-glow
339 1 6 58 1 10000 1094 302.199 -35.815 -247.082 299.512 -38.917 -248.440 304.887 -32.449 -246.201 jngb-precursor-spheres-glow
340 1 6 59 1 10000 1094 294.199 -35.815 -247.082 291.512 -38.917 -248.440 296.887 -32.449 -246.201 jngb-precursor-spheres-glow
341 1 6 60 1 10000 1094 314.201 -35.815 -238.029 311.512 -38.917 -238.909 316.887 -32.449 -236.670 jngb-precursor-spheres-glow
342 1 6 61 1 10000 1094 286.199 -35.815 -247.082 283.512 -38.917 -248.440 288.887 -32.449 -246.201 jngb-precursor-spheres-glow
343 1 6 62 1 10000 1094 286.201 -35.815 -235.029 283.512 -38.917 -235.909 288.887 -32.449 -233.670 jngb-precursor-spheres-glow
344 1 6 63 1 10000 1094 276.226 -35.815 -257.056 275.346 -38.917 -259.743 277.585 -32.449 -254.368 jngb-precursor-spheres-glow
345 1 6 64 1 10000 1094 278.201 -35.815 -235.029 275.512 -38.917 -235.909 280.887 -32.449 -233.670 jngb-precursor-spheres-glow
346 1 6 66 1 10000 1094 276.226 -35.815 -265.056 275.346 -38.917 -267.743 277.585 -32.449 -262.368 jngb-precursor-spheres-glow
347 1 6 67 1 10000 1094 270.201 -35.815 -235.029 267.512 -38.917 -235.909 272.887 -32.449 -233.670 jngb-precursor-spheres-glow
348 1 6 68 1 10000 1094 264.173 -35.815 -265.054 262.815 -38.917 -267.743 265.054 -32.449 -262.368 jngb-precursor-spheres-glow
349 1 6 69 1 10000 1094 264.173 -35.815 -257.054 262.815 -38.917 -259.743 265.054 -32.449 -254.368 jngb-precursor-spheres-glow
350 1 6 70 1 10000 1094 264.173 -35.815 -249.054 262.815 -38.917 -251.743 265.054 -32.449 -246.368 jngb-precursor-spheres-glow
351 1 6 71 1 10000 1094 264.173 -35.815 -241.054 262.815 -38.917 -243.743 265.054 -32.449 -238.368 jngb-precursor-spheres-glow
352 0 57 4 1 10000 9456 279.460 -28.744 -301.163 276.281 -36.782 -304.344 282.640 -24.453 -297.985 junb-white
353 1 30 259 0 -1 0 270.169 -50.273 -291.904 254.774 -52.153 -311.731 285.587 -50.013 -276.543 jngb-stonehengetop
354 1 29 455 0 -1 0 396.913 -31.212 -241.062 395.626 -35.087 -244.375 397.870 -27.337 -237.750 jngb-precursor-plainstripe
355 1 29 460 0 -1 0 361.995 -25.489 -272.197 358.682 -29.363 -272.688 365.307 -21.613 -271.537 jngb-precursor-plainstripe
356 1 29 461 0 -1 0 353.380 -31.212 -241.062 352.604 -35.087 -244.375 353.958 -27.337 -237.750 jngb-precursor-plainstripe
357 1 29 464 0 -1 0 434.206 -25.082 -319.690 428.639 -29.899 -320.371 439.773 -20.261 -318.776 jngb-precursor-plainstripe
358 1 29 471 0 -1 0 322.256 -31.212 -241.062 321.353 -35.087 -244.375 322.927 -27.337 -237.750 jngb-precursor-plainstripe
359 1 29 473 0 -1 0 270.193 -30.944 -276.962 264.626 -35.761 -277.643 275.760 -26.123 -276.048 jngb-precursor-plainstripe
360 1 30 282 0 -1 0 272.172 -51.114 -248.778 262.204 -52.149 -258.355 280.032 -50.008 -239.745 jngb-stonehengetop
361 1 30 267 0 -1 0 425.761 -45.154 -326.918 410.893 -46.148 -346.298 442.393 -44.007 -317.751 jngb-stonehengetop
362 1 30 249 0 -1 0 425.443 -30.087 -277.423 416.485 -36.803 -284.384 430.766 -22.865 -273.166 jngb-stonehengetop
363 1 30 250 0 -1 0 443.617 -30.086 -277.430 438.313 -36.803 -284.384 452.563 -22.865 -273.166 jngb-stonehengetop
364 1 30 283 0 -1 0 286.204 -50.901 -238.218 282.202 -51.792 -241.041 290.202 -50.011 -233.041 jngb-stonehengetop
365 1 30 266 0 -1 0 384.203 -45.185 -341.056 376.904 -46.153 -346.301 391.498 -44.012 -335.801 jngb-stonehengetop
366 1 23 263 0 -1 0 424.841 -42.994 -331.692 422.204 -43.994 -333.077 426.313 -41.994 -329.046 jngb-precursor-circuitpattern-01
367 1 23 264 0 -1 0 371.563 -42.994 -331.697 370.178 -43.994 -333.168 374.209 -41.994 -329.058 jngb-precursor-circuitpattern-01
368 1 23 265 0 -1 0 279.559 -48.994 -250.418 278.087 -49.994 -253.064 282.197 -47.994 -249.033 jngb-precursor-circuitpattern-01
369 1 23 162 0 -1 0 394.314 -48.996 -235.592 390.334 -49.996 -236.061 398.178 -47.996 -235.123 jngb-precursor-circuitpattern-01
370 1 23 163 0 -1 0 386.218 -48.996 -246.518 382.355 -49.996 -246.987 390.199 -47.996 -246.049 jngb-precursor-circuitpattern-01
371 1 23 164 0 -1 0 378.182 -48.996 -235.592 374.202 -49.996 -236.061 382.045 -47.996 -235.123 jngb-precursor-circuitpattern-01
372 1 23 165 0 -1 0 386.182 -48.996 -235.592 382.202 -49.996 -236.061 390.045 -47.996 -235.123 jngb-precursor-circuitpattern-01
373 1 23 166 0 -1 0 394.350 -48.996 -246.518 390.487 -49.996 -246.987 398.331 -47.996 -246.049 jngb-precursor-circuitpattern-01
374 1 23 167 0 -1 0 425.737 -42.996 -293.073 425.268 -43.996 -297.054 426.206 -41.996 -289.210 jngb-precursor-circuitpattern-01
375 1 23 168 0 -1 0 442.663 -42.996 -301.037 442.194 -43.996 -304.900 443.132 -41.996 -297.057 jngb-precursor-circuitpattern-01
376 1 23 169 0 -1 0 442.663 -42.996 -293.037 442.194 -43.996 -296.900 443.132 -41.996 -289.057 jngb-precursor-circuitpattern-01
377 1 23 170 0 -1 0 425.737 -42.996 -301.073 425.268 -43.996 -305.054 426.206 -41.996 -297.210 jngb-precursor-circuitpattern-01
378 1 23 171 0 -1 0 346.218 -48.996 -246.518 342.355 -49.996 -246.987 350.199 -47.996 -246.049 jngb-precursor-circuitpattern-01
379 1 23 172 0 -1 0 356.737 -42.996 -289.073 356.268 -43.996 -293.054 357.206 -41.996 -285.210 jngb-precursor-circuitpattern-01
380 1 23 173 0 -1 0 367.663 -42.996 -289.037 367.194 -43.996 -292.900 368.132 -41.996 -285.057 jngb-precursor-circuitpattern-01
381 1 23 174 0 -1 0 353.737 -42.996 -301.073 353.268 -43.996 -305.054 354.206 -41.996 -297.210 jngb-precursor-circuitpattern-01
382 1 23 175 0 -1 0 370.663 -42.996 -301.037 370.194 -43.996 -304.900 371.132 -41.996 -297.057 jngb-precursor-circuitpattern-01
383 1 23 176 0 -1 0 353.737 -42.996 -309.073 353.268 -43.996 -313.054 354.206 -41.996 -305.210 jngb-precursor-circuitpattern-01
384 1 23 177 0 -1 0 442.663 -42.996 -317.037 442.194 -43.996 -320.900 443.132 -41.996 -313.057 jngb-precursor-circuitpattern-01
385 1 23 178 0 -1 0 442.663 -42.996 -309.037 442.194 -43.996 -312.900 443.132 -41.996 -305.057 jngb-precursor-circuitpattern-01
386 1 23 179 0 -1 0 434.218 -42.996 -349.518 430.355 -43.996 -349.987 438.199 -41.996 -349.049 jngb-precursor-circuitpattern-01
387 1 23 180 0 -1 0 442.663 -42.996 -341.037 442.194 -43.996 -344.900 443.132 -41.996 -337.057 jngb-precursor-circuitpattern-01
388 1 23 181 0 -1 0 426.218 -42.996 -349.518 422.355 -43.996 -349.987 430.199 -41.996 -349.049 jngb-precursor-circuitpattern-01
389 1 23 182 0 -1 0 442.663 -42.996 -333.037 442.194 -43.996 -336.900 443.132 -41.996 -329.057 jngb-precursor-circuitpattern-01
390 1 23 183 0 -1 0 442.663 -42.996 -325.037 442.194 -43.996 -328.900 443.132 -41.996 -321.057 jngb-precursor-circuitpattern-01
391 1 23 184 0 -1 0 425.737 -42.996 -325.073 425.268 -43.996 -329.054 426.206 -41.996 -321.210 jngb-precursor-circuitpattern-01
392 1 23 185 0 -1 0 425.737 -42.996 -317.073 425.268 -43.996 -321.054 426.206 -41.996 -313.210 jngb-precursor-circuitpattern-01
393 1 23 186 0 -1 0 425.737 -42.996 -309.073 425.268 -43.996 -313.054 426.206 -41.996 -305.210 jngb-precursor-circuitpattern-01
394 1 23 187 0 -1 0 406.218 -42.996 -346.518 402.355 -43.996 -346.987 410.199 -41.996 -346.049 jngb-precursor-circuitpattern-01
395 1 23 188 0 -1 0 406.182 -42.996 -335.592 402.202 -43.996 -336.061 410.045 -41.996 -335.123 jngb-precursor-circuitpattern-01
396 1 23 189 0 -1 0 414.218 -42.996 -346.518 410.355 -43.996 -346.987 418.199 -41.996 -346.049 jngb-precursor-circuitpattern-01
397 1 23 190 0 -1 0 414.182 -42.996 -335.592 410.202 -43.996 -336.061 418.045 -41.996 -335.123 jngb-precursor-circuitpattern-01
398 1 23 191 0 -1 0 382.218 -42.996 -346.518 378.355 -43.996 -346.987 386.199 -41.996 -346.049 jngb-precursor-circuitpattern-01
399 1 23 192 0 -1 0 382.182 -42.996 -335.592 378.202 -43.996 -336.061 386.045 -41.996 -335.123 jngb-precursor-circuitpattern-01
400 1 23 193 0 -1 0 390.182 -42.996 -335.592 386.202 -43.996 -336.061 394.045 -41.996 -335.123 jngb-precursor-circuitpattern-01
401 1 23 194 0 -1 0 398.182 -42.996 -335.592 394.202 -43.996 -336.061 402.045 -41.996 -335.123 jngb-precursor-circuitpattern-01
402 1 23 195 0 -1 0 390.218 -42.996 -346.518 386.355 -43.996 -346.987 394.199 -41.996 -346.049 jngb-precursor-circuitpattern-01
403 1 23 196 0 -1 0 398.218 -42.996 -346.518 394.355 -43.996 -346.987 402.199 -41.996 -346.049 jngb-precursor-circuitpattern-01
404 1 23 197 0 -1 0 370.663 -42.996 -309.037 370.194 -43.996 -312.900 371.132 -41.996 -305.057 jngb-precursor-circuitpattern-01
405 1 23 198 0 -1 0 356.737 -42.996 -321.073 356.268 -43.996 -325.054 357.206 -41.996 -317.210 jngb-precursor-circuitpattern-01
406 1 23 199 0 -1 0 367.663 -42.996 -321.037 367.194 -43.996 -324.900 368.132 -41.996 -317.057 jngb-precursor-circuitpattern-01
407 1 23 200 0 -1 0 362.218 -42.996 -349.518 358.355 -43.996 -349.987 366.199 -41.996 -349.049 jngb-precursor-circuitpattern-01
408 1 23 201 0 -1 0 370.218 -42.996 -349.518 366.355 -43.996 -349.987 374.199 -41.996 -349.049 jngb-precursor-circuitpattern-01
409 1 23 202 0 -1 0 353.737 -42.996 -333.073 353.268 -43.996 -337.054 354.206 -41.996 -329.210 jngb-precursor-circuitpattern-01
410 1 23 203 0 -1 0 353.737 -42.996 -341.073 353.268 -43.996 -345.054 354.206 -41.996 -337.210 jngb-precursor-circuitpattern-01
411 1 23 204 0 -1 0 314.182 -48.996 -235.592 310.202 -49.996 -236.061 318.045 -47.996 -235.123 jngb-precursor-circuitpattern-01
412 1 23 205 0 -1 0 286.218 -48.996 -249.518 282.355 -49.996 -249.987 290.199 -47.996 -249.049 jngb-precursor-circuitpattern-01
413 1 23 206 0 -1 0 286.182 -48.996 -232.592 282.202 -49.996 -233.061 290.045 -47.996 -232.123 jngb-precursor-circuitpattern-01
414 1 23 207 0 -1 0 294.218 -48.996 -249.518 290.355 -49.996 -249.987 298.199 -47.996 -249.049 jngb-precursor-circuitpattern-01
415 1 23 208 0 -1 0 338.182 -48.996 -235.592 334.202 -49.996 -236.061 342.045 -47.996 -235.123 jngb-precursor-circuitpattern-01
416 1 23 209 0 -1 0 302.182 -48.996 -232.592 298.202 -49.996 -233.061 306.045 -47.996 -232.123 jngb-precursor-circuitpattern-01
417 1 23 210 0 -1 0 294.182 -48.996 -232.592 290.202 -49.996 -233.061 298.045 -47.996 -232.123 jngb-precursor-circuitpattern-01
418 1 23 211 0 -1 0 302.218 -48.996 -249.518 298.355 -49.996 -249.987 306.199 -47.996 -249.049 jngb-precursor-circuitpattern-01
419 1 23 212 0 -1 0 314.218 -48.996 -246.518 310.355 -49.996 -246.987 318.199 -47.996 -246.049 jngb-precursor-circuitpattern-01
420 1 23 213 0 -1 0 338.218 -48.996 -246.518 334.355 -49.996 -246.987 342.199 -47.996 -246.049 jngb-precursor-circuitpattern-01
421 1 23 214 0 -1 0 278.182 -48.996 -232.592 274.202 -49.996 -233.061 282.045 -47.996 -232.123 jngb-precursor-circuitpattern-01
422 1 23 215 0 -1 0 278.663 -48.996 -257.037 278.194 -49.996 -260.900 279.132 -47.996 -253.056 jngb-precursor-circuitpattern-01
423 1 23 216 0 -1 0 278.663 -48.996 -265.037 278.194 -49.996 -268.900 279.132 -47.996 -261.057 jngb-precursor-circuitpattern-01
424 1 23 217 0 -1 0 270.182 -48.996 -232.592 266.202 -49.996 -233.061 274.045 -47.996 -232.123 jngb-precursor-circuitpattern-01
425 1 23 218 0 -1 0 261.737 -48.996 -241.073 261.268 -49.996 -245.054 262.206 -47.996 -237.210 jngb-precursor-circuitpattern-01
426 1 23 219 0 -1 0 261.737 -48.996 -249.073 261.268 -49.996 -253.054 262.206 -47.996 -245.210 jngb-precursor-circuitpattern-01
427 1 23 220 0 -1 0 261.737 -48.996 -257.073 261.268 -49.996 -261.054 262.206 -47.996 -253.210 jngb-precursor-circuitpattern-01
428 1 23 221 0 -1 0 261.737 -48.996 -265.073 261.268 -49.996 -269.054 262.206 -47.996 -261.210 jngb-precursor-circuitpattern-01
429 1 23 260 0 -1 0 441.108 -42.997 -348.002 438.194 -43.997 -349.996 443.132 -41.997 -345.059 jngb-precursor-circuitpattern-01
430 1 23 261 0 -1 0 355.253 -42.997 -347.963 353.259 -43.997 -349.987 358.196 -41.997 -345.049 jngb-precursor-circuitpattern-01
431 1 23 262 0 -1 0 263.292 -48.997 -234.108 261.268 -49.997 -237.051 266.206 -47.997 -232.114 jngb-precursor-circuitpattern-01
432 1 23 268 0 -1 0 369.245 -42.938 -294.985 367.189 -43.992 -297.048 371.127 -41.992 -293.048 jngb-precursor-circuitpattern-01
433 1 23 269 0 -1 0 355.142 -42.938 -294.985 353.252 -43.992 -297.048 357.189 -41.992 -293.048 jngb-precursor-circuitpattern-01
434 1 23 270 0 -1 0 420.130 -42.938 -334.010 418.193 -43.992 -336.066 422.193 -41.992 -332.128 jngb-precursor-circuitpattern-01
435 1 23 271 0 -1 0 420.130 -42.938 -348.113 418.193 -43.992 -350.003 422.193 -41.992 -346.066 jngb-precursor-circuitpattern-01
436 1 23 272 0 -1 0 376.270 -42.938 -348.100 374.207 -43.992 -349.982 378.207 -41.992 -346.044 jngb-precursor-circuitpattern-01
437 1 23 273 0 -1 0 376.270 -42.938 -333.998 374.207 -43.992 -336.044 378.207 -41.992 -332.107 jngb-precursor-circuitpattern-01
438 1 23 274 0 -1 0 355.155 -42.938 -315.125 353.273 -43.992 -317.062 357.211 -41.992 -313.062 jngb-precursor-circuitpattern-01
439 1 23 275 0 -1 0 369.257 -42.938 -315.125 367.211 -43.992 -317.062 371.148 -41.992 -313.062 jngb-precursor-circuitpattern-01
440 1 23 276 0 -1 0 369.245 -42.938 -326.985 367.189 -43.992 -329.048 371.127 -41.992 -325.048 jngb-precursor-circuitpattern-01
441 1 23 277 0 -1 0 355.142 -42.938 -326.985 353.252 -43.992 -329.048 357.189 -41.992 -325.048 jngb-precursor-circuitpattern-01
442 1 23 278 0 -1 0 308.270 -48.938 -248.100 306.207 -49.992 -249.982 310.207 -47.992 -246.044 jngb-precursor-circuitpattern-01
443 1 23 279 0 -1 0 308.270 -48.938 -233.998 306.207 -49.992 -236.044 310.207 -47.992 -232.107 jngb-precursor-circuitpattern-01
444 1 26 437 0 -1 0 451.193 -43.390 -246.071 449.896 -43.584 -247.359 452.490 -43.022 -244.766 jngb-eco-valve-inside
445 1 26 438 0 -1 0 355.624 -49.865 -248.070 354.327 -50.059 -249.358 356.921 -49.497 -246.765 jngb-eco-valve-inside
446 1 26 439 0 -1 0 262.095 -49.578 -301.794 260.798 -49.772 -303.082 263.392 -49.209 -300.489 jngb-eco-valve-inside
447 1 16 513 0 -1 0 409.218 -28.331 -240.659 407.785 -28.989 -249.011 412.519 -27.723 -231.605 junb-darker-metal
448 1 28 443 0 -1 0 453.484 -43.364 -245.619 452.896 -43.569 -246.062 454.208 -43.241 -244.906 jngb-precursor-blueeco-flash
449 1 28 444 0 -1 0 451.636 -43.364 -248.354 451.193 -43.569 -249.078 452.349 -43.241 -247.766 jngb-precursor-blueeco-flash
450 1 28 445 0 -1 0 448.901 -43.364 -246.506 448.177 -43.569 -247.219 449.490 -43.241 -246.062 jngb-precursor-blueeco-flash
451 1 28 446 0 -1 0 450.749 -43.364 -243.771 450.036 -43.569 -244.359 451.193 -43.241 -243.047 jngb-precursor-blueeco-flash
452 1 28 447 0 -1 0 357.916 -49.839 -247.618 357.327 -50.044 -248.061 358.640 -49.716 -246.905 jngb-precursor-blueeco-flash
453 1 28 448 0 -1 0 356.068 -49.839 -250.353 355.624 -50.044 -251.077 356.781 -49.716 -249.765 jngb-precursor-blueeco-flash
454 1 28 449 0 -1 0 353.333 -49.839 -248.505 352.609 -50.044 -249.218 353.921 -49.716 -248.061 jngb-precursor-blueeco-flash
455 1 28 450 0 -1 0 355.181 -49.839 -245.770 354.468 -50.044 -246.358 355.624 -49.716 -245.046 jngb-precursor-blueeco-flash
456 1 28 451 0 -1 0 264.387 -49.551 -301.342 263.798 -49.756 -301.786 265.110 -49.428 -300.629 jngb-precursor-blueeco-flash
457 1 28 452 0 -1 0 262.538 -49.551 -304.077 262.095 -49.756 -304.801 263.251 -49.428 -303.489 jngb-precursor-blueeco-flash
458 1 28 453 0 -1 0 259.803 -49.551 -302.229 259.079 -49.756 -302.942 260.392 -49.428 -301.786 jngb-precursor-blueeco-flash
459 1 28 454 0 -1 0 261.651 -49.551 -299.494 260.939 -49.756 -300.082 262.095 -49.428 -298.770 jngb-precursor-blueeco-flash
460 1 10 443 0 -1 0 453.484 -43.364 -245.619 452.896 -43.569 -246.062 454.208 -43.241 -244.906 jngb-envmap
461 1 10 444 0 -1 0 451.636 -43.364 -248.354 451.193 -43.569 -249.078 452.349 -43.241 -247.766 jngb-envmap
462 1 10 445 0 -1 0 448.901 -43.364 -246.506 448.177 -43.569 -247.219 449.490 -43.241 -246.062 jngb-envmap
463 1 10 446 0 -1 0 450.749 -43.364 -243.771 450.036 -43.569 -244.359 451.193 -43.241 -243.047 jngb-envmap
464 1 10 447 0 -1 0 357.916 -49.839 -247.618 357.327 -50.044 -248.061 358.640 -49.716 -246.905 jngb-envmap
465 1 10 448 0 -1 0 356.068 -49.839 -250.353 355.624 -50.044 -251.077 356.781 -49.716 -249.765 jngb-envmap
466 1 10 449 0 -1 0 353.333 -49.839 -248.505 352.609 -50.044 -249.218 353.921 -49.716 -248.061 jngb-envmap
467 1 10 450 0 -1 0 355.181 -49.839 -245.770 354.468 -50.044 -246.358 355.624 -49.716 -245.046 jngb-envmap
468 1 10 451 0 -1 0 264.387 -49.551 -301.342 263.798 -49.756 -301.786 265.110 -49.428 -300.629 jngb-envmap
469 1 10 452 0 -1 0 262.538 -49.551 -304.077 262.095 -49.756 -304.801 263.251 -49.428 -303.489 jngb-envmap
470 1 10 453 0 -1 0 259.803 -49.551 -302.229 259.079 -49.756 -302.942 260.392 -49.428 -301.786 jngb-envmap
471 1 10 454 0 -1 0 261.651 -49.551 -299.494 260.939 -49.756 -300.082 262.095 -49.428 -298.770 jngb-envmap
472 1 30 280 0 -1 0 362.200 -45.105 -321.405 354.208 -46.156 -330.507 370.192 -44.015 -312.444 jngb-stonehengetop
473 1 29 457 0 -1 0 370.394 -31.212 -241.048 370.007 -35.087 -244.360 370.914 -27.337 -237.735 jngb-precursor-plainstripe
474 1 29 458 0 -1 0 361.995 -31.212 -233.226 358.682 -35.087 -233.613 365.307 -27.337 -232.706 jngb-precursor-plainstripe
475 1 29 459 0 -1 0 362.010 -25.489 -249.010 358.697 -29.363 -249.530 365.322 -21.613 -248.624 jngb-precursor-plainstripe
476 1 29 462 0 -1 0 362.010 -25.489 -282.010 358.697 -29.363 -282.530 365.322 -21.613 -281.623 jngb-precursor-plainstripe
477 1 29 463 0 -1 0 361.995 -25.489 -296.226 358.682 -29.363 -296.613 365.307 -21.613 -295.706 jngb-precursor-plainstripe
478 1 29 465 0 -1 0 423.537 -25.489 -341.625 423.018 -29.363 -344.938 423.924 -21.613 -338.313 jngb-precursor-plainstripe
479 1 29 466 0 -1 0 374.322 -25.489 -341.611 373.935 -29.363 -344.923 374.841 -21.613 -338.298 jngb-precursor-plainstripe
480 1 29 467 0 -1 0 362.010 -25.489 -314.010 358.697 -29.363 -314.530 365.322 -21.613 -313.623 jngb-precursor-plainstripe
481 1 29 468 0 -1 0 361.995 -25.489 -328.226 358.682 -29.363 -328.613 365.307 -21.613 -327.706 jngb-precursor-plainstripe
482 1 29 469 0 -1 0 305.394 -31.212 -241.048 305.007 -35.087 -244.360 305.914 -27.337 -237.735 jngb-precursor-plainstripe
483 1 29 470 0 -1 0 330.394 -31.212 -241.048 330.007 -35.087 -244.360 330.914 -27.337 -237.735 jngb-precursor-plainstripe
484 1 16 162 0 -1 0 398.443 -40.809 -236.580 398.178 -53.918 -240.248 398.678 -27.996 -234.998 junb-darker-metal
485 1 16 163 0 -1 0 382.089 -40.809 -245.530 381.855 -53.918 -247.112 382.355 -27.996 -241.862 junb-darker-metal
486 1 16 164 0 -1 0 382.311 -40.809 -236.580 382.045 -53.918 -240.248 382.545 -27.996 -234.998 junb-darker-metal
487 1 16 165 0 -1 0 390.311 -40.809 -236.580 390.045 -53.918 -240.248 390.545 -27.996 -234.998 junb-darker-metal
488 1 16 166 0 -1 0 390.221 -40.809 -245.530 389.987 -53.918 -247.112 390.487 -27.996 -241.862 junb-darker-metal
489 1 16 167 0 -1 0 426.725 -34.809 -288.944 425.143 -47.918 -289.210 430.393 -21.996 -288.710 junb-darker-metal
490 1 16 168 0 -1 0 441.675 -34.809 -305.166 438.007 -47.918 -305.400 443.257 -21.996 -304.900 junb-darker-metal
491 1 16 169 0 -1 0 441.675 -34.809 -297.166 438.007 -47.918 -297.400 443.257 -21.996 -296.900 junb-darker-metal
492 1 16 170 0 -1 0 426.725 -34.809 -296.944 425.143 -47.918 -297.210 430.393 -21.996 -296.710 junb-darker-metal
493 1 16 171 0 -1 0 342.089 -40.809 -245.530 341.855 -53.918 -247.112 342.355 -27.996 -241.862 junb-darker-metal
494 1 16 172 0 -1 0 357.725 -34.809 -284.944 356.143 -47.918 -285.210 361.393 -21.996 -284.710 junb-darker-metal
495 1 16 173 0 -1 0 366.675 -34.809 -293.166 363.007 -47.918 -293.400 368.257 -21.996 -292.900 junb-darker-metal
496 1 16 174 0 -1 0 354.725 -34.809 -296.944 353.143 -47.918 -297.210 358.393 -21.996 -296.710 junb-darker-metal
497 1 16 175 0 -1 0 369.675 -34.809 -305.166 366.007 -47.918 -305.400 371.257 -21.996 -304.900 junb-darker-metal
498 1 16 176 0 -1 0 354.725 -34.809 -304.944 353.143 -47.918 -305.210 358.393 -21.996 -304.710 junb-darker-metal
499 1 16 177 0 -1 0 441.675 -34.809 -321.166 438.007 -47.918 -321.400 443.257 -21.996 -320.900 junb-darker-metal
500 1 16 178 0 -1 0 441.675 -34.809 -313.166 438.007 -47.918 -313.400 443.257 -21.996 -312.900 junb-darker-metal
501 1 16 179 0 -1 0 430.089 -34.809 -348.530 429.855 -47.918 -350.112 430.355 -21.996 -344.862 junb-darker-metal
502 1 16 180 0 -1 0 441.675 -34.809 -345.166 438.007 -47.918 -345.400 443.257 -21.996 -344.900 junb-darker-metal
503 1 16 181 0 -1 0 422.089 -34.809 -348.530 421.855 -47.918 -350.112 422.355 -21.996 -344.862 junb-darker-metal
504 1 16 182 0 -1 0 441.675 -34.809 -337.166 438.007 -47.918 -337.400 443.257 -21.996 -336.900 junb-darker-metal
505 1 16 183 0 -1 0 441.675 -34.809 -329.166 438.007 -47.918 -329.400 443.257 -21.996 -328.900 junb-darker-metal
506 1 16 184 0 -1 0 426.725 -34.809 -320.944 425.143 -47.918 -321.210 430.393 -21.996 -320.710 junb-darker-metal
507 1 16 185 0 -1 0 426.725 -34.809 -312.944 425.143 -47.918 -313.210 430.393 -21.996 -312.710 junb-darker-metal
508 1 16 186 0 -1 0 426.725 -34.809 -304.944 425.143 -47.918 -305.210 430.393 -21.996 -304.710 junb-darker-metal
509 1 16 187 0 -1 0 402.089 -34.809 -345.530 401.855 -47.918 -347.112 402.355 -21.996 -341.862 junb-darker-metal
510 1 16 188 0 -1 0 410.311 -34.809 -336.580 410.045 -47.918 -340.248 410.545 -21.996 -334.998 junb-darker-metal
511 1 16 189 0 -1 0 410.089 -34.809 -345.530 409.855 -47.918 -347.112 410.355 -21.996 -341.862 junb-darker-metal
512 1 16 190 0 -1 0 418.311 -34.809 -336.580 418.045 -47.918 -340.248 418.545 -21.996 -334.998 junb-darker-metal
513 1 16 191 0 -1 0 378.089 -34.809 -345.530 377.855 -47.918 -347.112 378.355 -21.996 -341.862 junb-darker-metal
514 1 16 192 0 -1 0 386.311 -34.809 -336.580 386.045 -47.918 -340.248 386.545 -21.996 -334.998 junb-darker-metal
515 1 16 193 0 -1 0 394.311 -34.809 -336.580 394.045 -47.918 -340.248 394.545 -21.996 -334.998 junb-darker-metal
516 1 16 194 0 -1 0 402.311 -34.809 -336.580 402.045 -47.918 -340.248 402.545 -21.996 -334.998 junb-darker-metal
517 1 16 195 0 -1 0 386.089 -34.809 -345.530 385.855 -47.918 -347.112 386.355 -21.996 -341.862 junb-darker-metal
518 1 16 196 0 -1 0 394.089 -34.809 -345.530 393.855 -47.918 -347.112 394.355 -21.996 -341.862 junb-darker-metal
519 1 16 197 0 -1 0 369.675 -34.809 -313.166 366.007 -47.918 -313.400 371.257 -21.996 -312.900 junb-darker-metal
520 1 16 198 0 -1 0 357.725 -34.809 -316.944 356.143 -47.918 -317.210 361.393 -21.996 -316.710 junb-darker-metal
521 1 16 199 0 -1 0 366.675 -34.809 -325.166 363.007 -47.918 -325.400 368.257 -21.996 -324.900 junb-darker-metal
522 1 16 200 0 -1 0 358.089 -34.809 -348.530 357.855 -47.918 -350.112 358.355 -21.996 -344.862 junb-darker-metal
523 1 16 201 0 -1 0 366.089 -34.809 -348.530 365.855 -47.918 -350.112 366.355 -21.996 -344.862 junb-darker-metal
524 1 16 202 0 -1 0 354.725 -34.809 -328.944 353.143 -47.918 -329.210 358.393 -21.996 -328.710 junb-darker-metal
525 1 16 203 0 -1 0 354.725 -34.809 -336.944 353.143 -47.918 -337.210 358.393 -21.996 -336.710 junb-darker-metal
526 1 16 204 0 -1 0 318.311 -40.809 -236.580 318.045 -53.918 -240.248 318.545 -27.996 -234.998 junb-darker-metal
527 1 16 205 0 -1 0 282.089 -40.809 -248.530 281.855 -53.918 -250.112 282.355 -27.996 -244.862 junb-darker-metal
528 1 16 206 0 -1 0 290.311 -40.809 -233.580 290.045 -53.918 -237.248 290.545 -27.996 -231.998 junb-darker-metal
529 1 16 207 0 -1 0 290.089 -40.809 -248.530 289.855 -53.918 -250.112 290.355 -27.996 -244.862 junb-darker-metal
530 1 16 208 0 -1 0 342.311 -40.809 -236.580 342.045 -53.918 -240.248 342.545 -27.996 -234.998 junb-darker-metal
531 1 16 209 0 -1 0 306.311 -40.809 -233.580 306.045 -53.918 -237.248 306.545 -27.996 -231.998 junb-darker-metal
532 1 16 210 0 -1 0 298.311 -40.809 -233.580 298.045 -53.918 -237.248 298.545 -27.996 -231.998 junb-darker-metal
533 1 16 211 0 -1 0 298.089 -40.809 -248.530 297.855 -53.918 -250.112 298.355 -27.996 -244.862 junb-darker-metal
534 1 16 212 0 -1 0 310.089 -40.809 -245.530 309.855 -53.918 -247.112 310.355 -27.996 -241.862 junb-darker-metal
535 1 16 213 0 -1 0 334.089 -40.809 -245.530 333.855 -53.918 -247.112 334.355 -27.996 -241.862 junb-darker-metal
536 1 16 214 0 -1 0 282.311 -40.809 -233.580 282.045 -53.918 -237.248 282.545 -27.996 -231.998 junb-darker-metal
537 1 16 215 0 -1 0 277.675 -40.809 -261.166 274.007 -53.918 -261.400 279.257 -27.996 -260.900 junb-darker-metal
538 1 16 216 0 -1 0 277.675 -40.809 -269.166 274.007 -53.918 -269.400 279.257 -27.996 -268.900 junb-darker-metal
539 1 16 217 0 -1 0 274.311 -40.809 -233.580 274.045 -53.918 -237.248 274.545 -27.996 -231.998 junb-darker-metal
540 1 16 218 0 -1 0 262.725 -40.809 -236.944 261.143 -53.918 -237.210 266.393 -27.996 -236.710 junb-darker-metal
541 1 16 219 0 -1 0 262.725 -40.809 -244.944 261.143 -53.918 -245.210 266.393 -27.996 -244.710 junb-darker-metal
542 1 16 220 0 -1 0 262.725 -40.809 -252.944 261.143 -53.918 -253.210 266.393 -27.996 -252.710 junb-darker-metal
543 1 16 221 0 -1 0 262.725 -40.809 -260.944 261.143 -53.918 -261.210 266.393 -27.996 -260.710 junb-darker-metal
544 1 22 401 0 -1 0 425.265 -40.962 -237.138 421.808 -45.489 -246.776 429.355 -36.661 -227.964 jngb-precursor-metal-plain-01
545 1 22 402 0 -1 0 443.252 -40.962 -259.857 439.167 -45.489 -269.042 446.698 -36.661 -250.214 jngb-precursor-metal-plain-01
546 1 22 403 0 -1 0 443.345 -40.900 -237.138 439.261 -45.427 -246.776 446.792 -36.614 -227.964 jngb-precursor-metal-plain-01
547 1 22 404 0 -1 0 425.172 -40.900 -259.857 421.714 -45.427 -269.042 429.261 -36.614 -250.214 jngb-precursor-metal-plain-01
548 1 12 158 0 -1 0 274.978 -22.804 -287.153 271.968 -22.804 -290.164 277.932 -22.804 -284.200 jng-blue
549 1 12 159 0 -1 0 265.379 -22.804 -305.741 262.425 -22.804 -308.694 268.389 -22.804 -302.729 jng-blue
550 1 12 160 0 -1 0 260.971 -24.595 -291.733 257.987 -24.595 -294.756 263.952 -24.595 -288.792 jng-blue
551 1 30 284 0 -1 0 434.178 -44.015 -257.851 408.776 -46.130 -289.511 459.573 -43.802 -223.183 jngb-stonehengetop
552 1 10 437 0 -1 89 451.193 -43.321 -246.056 448.271 -43.584 -248.984 454.115 -43.022 -243.141 jngb-envmap
553 1 10 439 0 -1 89 262.095 -49.508 -301.779 259.173 -49.772 -304.707 265.017 -49.209 -298.864 jngb-envmap
554 1 22 400 0 -1 0 434.188 -40.680 -248.536 429.870 -42.177 -252.855 438.511 -39.646 -244.214 jngb-precursor-metal-plain-01
555 1 10 401 0 -1 0 425.267 -40.708 -237.139 421.808 -45.489 -246.776 429.355 -36.661 -227.964 jngb-envmap
556 1 10 402 0 -1 0 443.250 -40.708 -259.856 439.167 -45.489 -269.042 446.698 -36.661 -250.214 jngb-envmap
557 1 10 403 0 -1 0 443.343 -40.647 -237.139 439.261 -45.427 -246.776 446.792 -36.614 -227.964 jngb-envmap
558 1 10 404 0 -1 0 425.174 -40.647 -259.856 421.714 -45.427 -269.042 429.261 -36.614 -250.214 jngb-envmap
559 1 22 155 0 -1 0 362.210 -43.353 -277.137 358.419 -43.819 -280.934 365.997 -43.116 -273.340 jngb-precursor-metal-plain-01
560 1 22 156 0 -1 0 326.589 -49.389 -241.055 322.798 -49.855 -244.852 330.376 -49.151 -237.258 jngb-precursor-metal-plain-01
561 1 22 157 0 -1 0 279.480 -49.598 -301.197 276.483 -49.966 -304.199 282.474 -49.410 -298.196 jngb-precursor-metal-plain-01
562 1 23 240 0 -1 0 362.197 -45.964 -240.859 342.340 -50.913 -253.252 382.184 -22.382 -227.440 jngb-precursor-circuitpattern-01
563 1 22 283 0 -1 0 286.208 -51.179 -237.453 282.202 -53.683 -241.041 290.202 -50.011 -233.009 jngb-precursor-metal-plain-01
564 1 22 254 0 -1 0 439.082 -44.868 -243.885 436.558 -45.302 -246.401 441.605 -44.286 -241.370 jngb-precursor-metal-plain-01
565 1 22 251 0 -1 0 438.871 -44.868 -253.321 436.355 -45.302 -255.839 441.386 -44.286 -250.792 jngb-precursor-metal-plain-01
566 1 22 252 0 -1 0 429.435 -44.868 -253.113 426.917 -45.302 -255.636 431.964 -44.286 -250.589 jngb-precursor-metal-plain-01
567 1 22 253 0 -1 0 429.645 -44.868 -243.676 427.120 -45.302 -246.198 432.167 -44.286 -241.151 jngb-precursor-metal-plain-01
568 1 22 258 0 -1 0 434.190 -44.868 -241.825 432.573 -45.302 -244.526 435.808 -44.286 -239.136 jngb-precursor-metal-plain-01
569 1 22 257 0 -1 0 427.562 -44.868 -248.644 424.870 -45.302 -250.261 430.261 -44.286 -247.026 jngb-precursor-metal-plain-01
570 1 22 256 0 -1 0 434.190 -44.868 -255.163 432.573 -45.302 -257.854 435.808 -44.286 -252.464 jngb-precursor-metal-plain-01
571 1 22 255 0 -1 0 440.933 -44.868 -248.644 438.245 -45.302 -250.261 443.620 -44.286 -247.026 jngb-precursor-metal-plain-01
572 1 18 222 0 -1 0 438.198 -49.962 -349.490 438.116 -51.997 -350.059 438.288 -47.919 -348.965 junb-darker-metal-edge-fade-01tga
573 1 18 223 0 -1 0 353.765 -49.962 -345.053 353.196 -51.997 -345.143 354.290 -47.919 -344.971 junb-darker-metal-edge-fade-01tga
574 1 18 224 0 -1 0 266.202 -55.962 -232.620 266.112 -57.997 -233.145 266.284 -53.919 -232.051 junb-darker-metal-edge-fade-01tga
575 1 18 225 0 -1 0 425.600 -49.959 -329.042 425.047 -51.994 -329.156 426.110 -47.916 -328.921 junb-darker-metal-edge-fade-01tga
576 1 18 226 0 -1 0 374.213 -49.959 -332.455 374.099 -51.994 -332.965 374.334 -47.916 -331.902 junb-darker-metal-edge-fade-01tga
577 1 18 227 0 -1 0 278.800 -55.959 -253.068 278.290 -57.994 -253.189 279.353 -53.916 -252.954 junb-darker-metal-edge-fade-01tga
578 1 18 229 0 -1 0 356.631 -49.957 -292.997 356.002 -51.992 -293.204 357.205 -47.914 -292.688 junb-darker-metal-edge-fade-01tga
579 1 18 231 0 -1 0 418.142 -49.957 -346.624 417.833 -51.992 -347.253 418.349 -47.914 -346.050 junb-darker-metal-edge-fade-01tga
580 1 18 233 0 -1 0 378.258 -49.957 -335.486 378.051 -51.992 -336.060 378.567 -47.914 -334.857 junb-darker-metal-edge-fade-01tga
581 1 18 235 0 -1 0 367.769 -49.957 -317.113 367.195 -51.992 -317.422 368.398 -47.914 -316.906 junb-darker-metal-edge-fade-01tga
582 1 18 237 0 -1 0 356.631 -49.957 -324.997 356.002 -51.992 -325.204 357.205 -47.914 -324.688 junb-darker-metal-edge-fade-01tga
583 1 18 239 0 -1 0 310.258 -55.957 -235.486 310.051 -57.992 -236.060 310.567 -53.914 -234.857 junb-darker-metal-edge-fade-01tga
584 1 10 155 0 -1 0 362.212 -43.530 -277.137 358.216 -44.148 -281.137 366.216 -43.116 -273.137 jngb-envmap
585 1 10 156 0 -1 0 326.591 -49.566 -241.055 322.595 -50.183 -245.055 330.595 -49.151 -237.055 jngb-envmap
586 1 10 157 0 -1 0 279.482 -49.738 -301.197 276.322 -50.226 -304.359 282.647 -49.410 -298.035 jngb-envmap
587 1 30 285 0 -1 0 322.199 -50.468 -241.046 305.600 -52.130 -249.042 334.334 -49.989 -233.058 jngb-stonehengetop
588 1 30 154 0 -1 0 362.187 -44.238 -280.944 356.500 -46.132 -294.347 367.875 -43.961 -271.378 jngb-stonehengetop
589 1 10 251 0 -1 0 438.873 -44.654 -253.322 436.355 -45.302 -255.839 441.386 -43.896 -250.792 jngb-envmap
590 1 10 252 0 -1 0 429.434 -44.654 -253.114 426.917 -45.302 -255.636 431.964 -43.896 -250.589 jngb-envmap
591 1 10 253 0 -1 0 429.642 -44.654 -243.674 427.120 -45.302 -246.198 432.167 -43.896 -241.151 jngb-envmap
592 1 10 258 0 -1 0 434.193 -44.654 -241.823 432.573 -45.302 -244.901 435.808 -43.896 -238.761 jngb-envmap
593 1 10 257 0 -1 0 427.560 -44.654 -248.647 424.495 -45.302 -250.261 430.651 -43.896 -247.026 jngb-envmap
594 1 10 254 0 -1 0 439.083 -44.654 -243.883 436.558 -45.302 -246.401 441.605 -43.896 -241.370 jngb-envmap
595 1 10 256 0 -1 0 434.193 -44.654 -255.165 432.573 -45.302 -258.229 435.808 -43.896 -252.073 jngb-envmap
596 1 10 255 0 -1 0 440.936 -44.654 -248.647 437.855 -45.302 -250.261 444.011 -43.896 -247.026 jngb-envmap
597 1 24 285 0 -1 0 326.428 -39.845 -241.042 322.975 -48.271 -250.167 329.897 -31.708 -231.917 jngb-precursor-circuitpattern-andwall-01
598 1 24 154 0 -1 0 362.187 -33.847 -277.273 353.062 -42.273 -280.753 371.312 -25.711 -273.815 jngb-precursor-circuitpattern-andwall-01
599 1 9 155 0 -1 0 362.209 -43.773 -277.137 358.216 -44.148 -281.137 366.216 -43.398 -273.137 jng-stonehengetop
600 1 9 156 0 -1 0 326.589 -49.808 -241.055 322.595 -50.183 -245.055 330.595 -49.433 -237.055 jng-stonehengetop
601 1 9 157 0 -1 0 279.479 -49.929 -301.197 276.322 -50.226 -304.359 282.647 -49.633 -298.035 jng-stonehengetop
602 1 22 162 0 -1 0 394.314 -51.906 -236.159 390.334 -53.918 -236.295 398.178 -49.996 -235.983 jngb-precursor-metal-plain-01
603 1 22 163 0 -1 0 386.218 -51.906 -245.952 382.355 -53.918 -246.127 390.199 -49.996 -245.815 jngb-precursor-metal-plain-01
604 1 22 164 0 -1 0 378.182 -51.906 -236.159 374.202 -53.918 -236.295 382.045 -49.996 -235.983 jngb-precursor-metal-plain-01
605 1 22 165 0 -1 0 386.182 -51.906 -236.159 382.202 -53.918 -236.295 390.045 -49.996 -235.983 jngb-precursor-metal-plain-01
606 1 22 166 0 -1 0 394.350 -51.906 -245.952 390.487 -53.918 -246.127 398.331 -49.996 -245.815 jngb-precursor-metal-plain-01
607 1 22 167 0 -1 0 426.303 -45.906 -293.073 426.128 -47.918 -297.054 426.440 -43.996 -289.210 jngb-precursor-metal-plain-01
608 1 22 168 0 -1 0 442.096 -45.906 -301.037 441.960 -47.918 -304.900 442.272 -43.996 -297.057 jngb-precursor-metal-plain-01
609 1 22 169 0 -1 0 442.096 -45.906 -293.037 441.960 -47.918 -296.900 442.272 -43.996 -289.057 jngb-precursor-metal-plain-01
610 1 22 170 0 -1 0 426.303 -45.906 -301.073 426.128 -47.918 -305.054 426.440 -43.996 -297.210 jngb-precursor-metal-plain-01
611 1 22 171 0 -1 0 346.218 -51.906 -245.952 342.355 -53.918 -246.127 350.199 -49.996 -245.815 jngb-precursor-metal-plain-01
612 1 22 172 0 -1 0 357.303 -45.906 -289.073 357.128 -47.918 -293.054 357.440 -43.996 -285.210 jngb-precursor-metal-plain-01
613 1 22 173 0 -1 0 367.096 -45.906 -289.037 366.960 -47.918 -292.900 367.272 -43.996 -285.057 jngb-precursor-metal-plain-01
614 1 22 174 0 -1 0 354.303 -45.906 -301.073 354.128 -47.918 -305.054 354.440 -43.996 -297.210 jngb-precursor-metal-plain-01
615 1 22 175 0 -1 0 370.096 -45.906 -301.037 369.960 -47.918 -304.900 370.272 -43.996 -297.057 jngb-precursor-metal-plain-01
616 1 22 176 0 -1 0 354.303 -45.906 -309.073 354.128 -47.918 -313.054 354.440 -43.996 -305.210 jngb-precursor-metal-plain-01
617 1 22 177 0 -1 0 442.096 -45.906 -317.037 441.960 -47.918 -320.900 442.272 -43.996 -313.057 jngb-precursor-metal-plain-01
618 1 22 178 0 -1 0 442.096 -45.906 -309.037 441.960 -47.918 -312.900 442.272 -43.996 -305.057 jngb-precursor-metal-plain-01
619 1 22 179 0 -1 0 434.218 -45.906 -348.952 430.355 -47.918 -349.127 438.199 -43.996 -348.815 jngb-precursor-metal-plain-01
620 1 22 180 0 -1 0 442.096 -45.906 -341.037 441.960 -47.918 -344.900 442.272 -43.996 -337.057 jngb-precursor-metal-plain-01
621 1 22 181 0 -1 0 426.218 -45.906 -348.952 422.355 -47.918 -349.127 430.199 -43.996 -348.815 jngb-precursor-metal-plain-01
622 1 22 182 0 -1 0 442.096 -45.906 -333.037 441.960 -47.918 -336.900 442.272 -43.996 -329.057 jngb-precursor-metal-plain-01
623 1 22 183 0 -1 0 442.096 -45.906 -325.037 441.960 -47.918 -328.900 442.272 -43.996 -321.057 jngb-precursor-metal-plain-01
624 1 22 184 0 -1 0 426.303 -45.906 -325.073 426.128 -47.918 -329.054 426.440 -43.996 -321.210 jngb-precursor-metal-plain-01
625 1 22 185 0 -1 0 426.303 -45.906 -317.073 426.128 -47.918 -321.054 426.440 -43.996 -313.210 jngb-precursor-metal-plain-01
626 1 22 186 0 -1 0 426.303 -45.906 -309.073 426.128 -47.918 -313.054 426.440 -43.996 -305.210 jngb-precursor-metal-plain-01
627 1 22 187 0 -1 0 406.218 -45.906 -345.952 402.355 -47.918 -346.127 410.199 -43.996 -345.815 jngb-precursor-metal-plain-01
628 1 22 188 0 -1 0 406.182 -45.906 -336.159 402.202 -47.918 -336.295 410.045 -43.996 -335.983 jngb-precursor-metal-plain-01
629 1 22 189 0 -1 0 414.218 -45.906 -345.952 410.355 -47.918 -346.127 418.199 -43.996 -345.815 jngb-precursor-metal-plain-01
630 1 22 190 0 -1 0 414.182 -45.906 -336.159 410.202 -47.918 -336.295 418.045 -43.996 -335.983 jngb-precursor-metal-plain-01
631 1 22 191 0 -1 0 382.218 -45.906 -345.952 378.355 -47.918 -346.127 386.199 -43.996 -345.815 jngb-precursor-metal-plain-01
632 1 22 192 0 -1 0 382.182 -45.906 -336.159 378.202 -47.918 -336.295 386.045 -43.996 -335.983 jngb-precursor-metal-plain-01
633 1 22 193 0 -1 0 390.182 -45.906 -336.159 386.202 -47.918 -336.295 394.045 -43.996 -335.983 jngb-precursor-metal-plain-01
634 1 22 194 0 -1 0 398.182 -45.906 -336.159 394.202 -47.918 -336.295 402.045 -43.996 -335.983 jngb-precursor-metal-plain-01
635 1 22 195 0 -1 0 390.218 -45.906 -345.952 386.355 -47.918 -346.127 394.199 -43.996 -345.815 jngb-precursor-metal-plain-01
636 1 22 196 0 -1 0 398.218 -45.906 -345.952 394.355 -47.918 -346.127 402.199 -43.996 -345.815 jngb-precursor-metal-plain-01
637 1 22 197 0 -1 0 370.096 -45.906 -309.037 369.960 -47.918 -312.900 370.272 -43.996 -305.057 jngb-precursor-metal-plain-01
638 1 22 198 0 -1 0 357.303 -45.906 -321.073 357.128 -47.918 -325.054 357.440 -43.996 -317.210 jngb-precursor-metal-plain-01
639 1 22 199 0 -1 0 367.096 -45.906 -321.037 366.960 -47.918 -324.900 367.272 -43.996 -317.057 jngb-precursor-metal-plain-01
640 1 22 200 0 -1 0 362.218 -45.906 -348.952 358.355 -47.918 -349.127 366.199 -43.996 -348.815 jngb-precursor-metal-plain-01
641 1 22 201 0 -1 0 370.218 -45.906 -348.952 366.355 -47.918 -349.127 374.199 -43.996 -348.815 jngb-precursor-metal-plain-01
642 1 22 202 0 -1 0 354.303 -45.906 -333.073 354.128 -47.918 -337.054 354.440 -43.996 -329.210 jngb-precursor-metal-plain-01
643 1 22 203 0 -1 0 354.303 -45.906 -341.073 354.128 -47.918 -345.054 354.440 -43.996 -337.210 jngb-precursor-metal-plain-01
644 1 22 204 0 -1 0 314.182 -51.906 -236.159 310.202 -53.918 -236.295 318.045 -49.996 -235.983 jngb-precursor-metal-plain-01
645 1 22 205 0 -1 0 286.218 -51.906 -248.952 282.355 -53.918 -249.127 290.199 -49.996 -248.815 jngb-precursor-metal-plain-01
646 1 22 206 0 -1 0 286.182 -51.906 -233.159 282.202 -53.918 -233.295 290.045 -49.996 -232.983 jngb-precursor-metal-plain-01
647 1 22 207 0 -1 0 294.218 -51.906 -248.952 290.355 -53.918 -249.127 298.199 -49.996 -248.815 jngb-precursor-metal-plain-01
648 1 22 208 0 -1 0 338.182 -51.906 -236.159 334.202 -53.918 -236.295 342.045 -49.996 -235.983 jngb-precursor-metal-plain-01
649 1 22 209 0 -1 0 302.182 -51.906 -233.159 298.202 -53.918 -233.295 306.045 -49.996 -232.983 jngb-precursor-metal-plain-01
650 1 22 210 0 -1 0 294.182 -51.906 -233.159 290.202 -53.918 -233.295 298.045 -49.996 -232.983 jngb-precursor-metal-plain-01
651 1 22 211 0 -1 0 302.218 -51.906 -248.952 298.355 -53.918 -249.127 306.199 -49.996 -248.815 jngb-precursor-metal-plain-01
652 1 22 212 0 -1 0 314.218 -51.906 -245.952 310.355 -53.918 -246.127 318.199 -49.996 -245.815 jngb-precursor-metal-plain-01
653 1 22 213 0 -1 0 338.218 -51.906 -245.952 334.355 -53.918 -246.127 342.199 -49.996 -245.815 jngb-precursor-metal-plain-01
654 1 22 214 0 -1 0 278.182 -51.906 -233.159 274.202 -53.918 -233.295 282.045 -49.996 -232.983 jngb-precursor-metal-plain-01
655 1 22 215 0 -1 0 278.096 -51.906 -257.037 277.960 -53.918 -260.900 278.272 -49.996 -253.056 jngb-precursor-metal-plain-01
656 1 22 216 0 -1 0 278.096 -51.906 -265.037 277.960 -53.918 -268.900 278.272 -49.996 -261.057 jngb-precursor-metal-plain-01
657 1 22 217 0 -1 0 270.182 -51.906 -233.159 266.202 -53.918 -233.295 274.045 -49.996 -232.983 jngb-precursor-metal-plain-01
658 1 22 218 0 -1 0 262.303 -51.906 -241.073 262.128 -53.918 -245.054 262.440 -49.996 -237.210 jngb-precursor-metal-plain-01
659 1 22 219 0 -1 0 262.303 -51.906 -249.073 262.128 -53.918 -253.054 262.440 -49.996 -245.210 jngb-precursor-metal-plain-01
660 1 22 220 0 -1 0 262.303 -51.906 -257.073 262.128 -53.918 -261.054 262.440 -49.996 -253.210 jngb-precursor-metal-plain-01
661 1 22 221 0 -1 0 262.303 -51.906 -265.073 262.128 -53.918 -269.054 262.440 -49.996 -261.210 jngb-precursor-metal-plain-01
662 1 16 515 0 -1 0 357.442 -35.154 -261.061 355.131 -46.179 -261.303 361.396 -23.866 -260.834 junb-darker-metal
663 1 16 516 0 -1 0 366.958 -35.154 -261.049 363.004 -46.179 -261.276 369.269 -23.866 -260.807 junb-darker-metal
664 1 16 517 0 -1 0 366.913 -33.261 -285.049 362.959 -44.286 -285.276 369.224 -21.973 -284.807 junb-darker-metal
665 1 16 518 0 -1 0 441.958 -33.282 -289.049 438.004 -44.307 -289.276 444.269 -21.994 -288.807 junb-darker-metal
666 1 16 519 0 -1 0 318.224 -39.260 -245.772 317.998 -50.285 -248.083 318.466 -27.972 -241.818 junb-darker-metal
667 1 16 520 0 -1 0 334.194 -39.282 -236.297 333.952 -50.307 -240.251 334.421 -27.994 -233.986 junb-darker-metal
668 1 10 515 0 -1 0 357.442 -35.154 -261.061 355.131 -46.179 -261.303 361.396 -23.866 -260.834 jngb-envmap
669 1 10 516 0 -1 0 366.958 -35.154 -261.049 363.004 -46.179 -261.276 369.269 -23.866 -260.807 jngb-envmap
670 1 10 517 0 -1 0 366.913 -33.261 -285.049 362.959 -44.286 -285.276 369.224 -21.973 -284.807 jngb-envmap
671 1 10 518 0 -1 0 441.958 -33.282 -289.049 438.004 -44.307 -289.276 444.269 -21.994 -288.807 jngb-envmap
672 1 10 519 0 -1 0 318.224 -39.260 -245.772 317.998 -50.285 -248.083 318.466 -27.972 -241.818 jngb-envmap
673 1 10 520 0 -1 0 334.194 -39.282 -236.297 333.952 -50.307 -240.251 334.421 -27.994 -233.986 jngb-envmap
674 1 10 283 0 -1 0 286.209 -52.860 -237.453 282.202 -57.964 -241.041 290.202 -50.011 -232.838 jngb-envmap
675 1 10 222 0 -1 0 438.198 -36.830 -348.640 438.116 -51.997 -350.059 438.288 -21.997 -344.887 jngb-envmap
676 1 10 223 0 -1 0 354.615 -36.830 -345.053 353.196 -51.997 -345.143 358.368 -21.997 -344.971 jngb-envmap
677 1 10 224 0 -1 0 266.202 -42.830 -233.470 266.112 -57.997 -237.223 266.284 -27.997 -232.051 jngb-envmap
678 1 16 514 0 -1 0 411.889 -24.675 -248.967 407.519 -31.692 -249.386 418.613 -12.301 -248.589 junb-darker-metal
679 1 10 514 0 -1 0 411.889 -24.675 -248.967 407.519 -31.692 -249.386 418.613 -12.301 -248.589 jngb-envmap
680 1 16 222 0 -1 0 438.198 -34.810 -348.509 438.116 -47.919 -349.996 438.288 -21.997 -344.887 junb-darker-metal
681 1 16 223 0 -1 0 354.746 -34.810 -345.053 353.259 -47.919 -345.143 358.368 -21.997 -344.971 junb-darker-metal
682 1 16 224 0 -1 0 266.202 -40.810 -233.601 266.112 -53.919 -237.223 266.284 -27.997 -232.114 junb-darker-metal
683 1 16 251 0 -1 0 438.875 -44.512 -253.323 436.355 -45.302 -255.839 441.386 -43.896 -250.792 junb-darker-metal
684 1 16 252 0 -1 0 429.433 -44.512 -253.116 426.917 -45.302 -255.636 431.964 -43.896 -250.589 junb-darker-metal
685 1 16 253 0 -1 0 429.641 -44.512 -243.673 427.120 -45.302 -246.198 432.167 -43.896 -241.151 junb-darker-metal
686 1 16 254 0 -1 0 439.084 -44.512 -243.881 436.558 -45.302 -246.401 441.605 -43.896 -241.370 junb-darker-metal
687 1 16 255 0 -1 0 440.938 -44.512 -248.649 437.855 -45.302 -249.823 444.011 -43.896 -247.464 junb-darker-metal
688 1 16 256 0 -1 0 434.194 -44.512 -255.166 433.011 -45.302 -258.229 435.370 -43.896 -252.073 junb-darker-metal
689 1 16 257 0 -1 0 427.558 -44.512 -248.649 424.495 -45.302 -249.823 430.651 -43.896 -247.464 junb-darker-metal
690 1 16 258 0 -1 0 434.194 -44.512 -241.822 433.011 -45.302 -244.901 435.370 -43.896 -238.761 junb-darker-metal
691 1 18 162 0 -1 0 398.443 -55.961 -235.605 398.178 -57.996 -236.155 398.678 -53.918 -234.952 junb-darker-metal-edge-fade-01tga
692 1 18 163 0 -1 0 382.089 -55.961 -246.505 381.855 -57.996 -247.159 382.355 -53.918 -245.955 junb-darker-metal-edge-fade-01tga
693 1 18 164 0 -1 0 382.311 -55.961 -235.605 382.045 -57.996 -236.155 382.545 -53.918 -234.952 junb-darker-metal-edge-fade-01tga
694 1 18 165 0 -1 0 390.311 -55.961 -235.605 390.045 -57.996 -236.155 390.545 -53.918 -234.952 junb-darker-metal-edge-fade-01tga
695 1 18 166 0 -1 0 390.221 -55.961 -246.505 389.987 -57.996 -247.159 390.487 -53.918 -245.955 junb-darker-metal-edge-fade-01tga
696 1 18 167 0 -1 0 425.750 -49.961 -288.944 425.096 -51.996 -289.210 426.300 -47.918 -288.710 junb-darker-metal-edge-fade-01tga
697 1 18 168 0 -1 0 442.650 -49.961 -305.166 442.100 -51.996 -305.400 443.304 -47.918 -304.900 junb-darker-metal-edge-fade-01tga
698 1 18 169 0 -1 0 442.650 -49.961 -297.166 442.100 -51.996 -297.400 443.304 -47.918 -296.900 junb-darker-metal-edge-fade-01tga
699 1 18 170 0 -1 0 425.750 -49.961 -296.944 425.096 -51.996 -297.210 426.300 -47.918 -296.710 junb-darker-metal-edge-fade-01tga
700 1 18 171 0 -1 0 342.089 -55.961 -246.505 341.855 -57.996 -247.159 342.355 -53.918 -245.955 junb-darker-metal-edge-fade-01tga
701 1 18 172 0 -1 0 356.750 -49.961 -284.944 356.096 -51.996 -285.210 357.300 -47.918 -284.710 junb-darker-metal-edge-fade-01tga
702 1 18 173 0 -1 0 367.650 -49.961 -293.166 367.100 -51.996 -293.400 368.304 -47.918 -292.900 junb-darker-metal-edge-fade-01tga
703 1 18 174 0 -1 0 353.750 -49.961 -296.944 353.096 -51.996 -297.210 354.300 -47.918 -296.710 junb-darker-metal-edge-fade-01tga
704 1 18 175 0 -1 0 370.650 -49.961 -305.166 370.100 -51.996 -305.400 371.304 -47.918 -304.900 junb-darker-metal-edge-fade-01tga
705 1 18 176 0 -1 0 353.750 -49.961 -304.944 353.096 -51.996 -305.210 354.300 -47.918 -304.710 junb-darker-metal-edge-fade-01tga
706 1 18 177 0 -1 0 442.650 -49.961 -321.166 442.100 -51.996 -321.400 443.304 -47.918 -320.900 junb-darker-metal-edge-fade-01tga
707 1 18 178 0 -1 0 442.650 -49.961 -313.166 442.100 -51.996 -313.400 443.304 -47.918 -312.900 junb-darker-metal-edge-fade-01tga
708 1 18 179 0 -1 0 430.089 -49.961 -349.505 429.855 -51.996 -350.159 430.355 -47.918 -348.955 junb-darker-metal-edge-fade-01tga
709 1 18 180 0 -1 0 442.650 -49.961 -345.166 442.100 -51.996 -345.400 443.304 -47.918 -344.900 junb-darker-metal-edge-fade-01tga
710 1 18 181 0 -1 0 422.089 -49.961 -349.505 421.855 -51.996 -350.159 422.355 -47.918 -348.955 junb-darker-metal-edge-fade-01tga
711 1 18 182 0 -1 0 442.650 -49.961 -337.166 442.100 -51.996 -337.400 443.304 -47.918 -336.900 junb-darker-metal-edge-fade-01tga
712 1 18 183 0 -1 0 442.650 -49.961 -329.166 442.100 -51.996 -329.400 443.304 -47.918 -328.900 junb-darker-metal-edge-fade-01tga
713 1 18 184 0 -1 0 425.750 -49.961 -320.944 425.096 -51.996 -321.210 426.300 -47.918 -320.710 junb-darker-metal-edge-fade-01tga
714 1 18 185 0 -1 0 425.750 -49.961 -312.944 425.096 -51.996 -313.210 426.300 -47.918 -312.710 junb-darker-metal-edge-fade-01tga
715 1 18 186 0 -1 0 425.750 -49.961 -304.944 425.096 -51.996 -305.210 426.300 -47.918 -304.710 junb-darker-metal-edge-fade-01tga
716 1 18 187 0 -1 0 402.089 -49.961 -346.505 401.855 -51.996 -347.159 402.355 -47.918 -345.955 junb-darker-metal-edge-fade-01tga
717 1 18 188 0 -1 0 410.311 -49.961 -335.605 410.045 -51.996 -336.155 410.545 -47.918 -334.951 junb-darker-metal-edge-fade-01tga
718 1 18 189 0 -1 0 410.089 -49.961 -346.505 409.855 -51.996 -347.159 410.355 -47.918 -345.955 junb-darker-metal-edge-fade-01tga
719 1 18 190 0 -1 0 418.311 -49.961 -335.605 418.045 -51.996 -336.155 418.545 -47.918 -334.951 junb-darker-metal-edge-fade-01tga
720 1 18 191 0 -1 0 378.089 -49.961 -346.505 377.855 -51.996 -347.159 378.355 -47.918 -345.955 junb-darker-metal-edge-fade-01tga
721 1 18 192 0 -1 0 386.311 -49.961 -335.605 386.045 -51.996 -336.155 386.545 -47.918 -334.951 junb-darker-metal-edge-fade-01tga
722 1 18 193 0 -1 0 394.311 -49.961 -335.605 394.045 -51.996 -336.155 394.545 -47.918 -334.951 junb-darker-metal-edge-fade-01tga
723 1 18 194 0 -1 0 402.311 -49.961 -335.605 402.045 -51.996 -336.155 402.545 -47.918 -334.951 junb-darker-metal-edge-fade-01tga
724 1 18 195 0 -1 0 386.089 -49.961 -346.505 385.855 -51.996 -347.159 386.355 -47.918 -345.955 junb-darker-metal-edge-fade-01tga
725 1 18 196 0 -1 0 394.089 -49.961 -346.505 393.855 -51.996 -347.159 394.355 -47.918 -345.955 junb-darker-metal-edge-fade-01tga
726 1 18 197 0 -1 0 370.650 -49.961 -313.166 370.100 -51.996 -313.400 371.304 -47.918 -312.900 junb-darker-metal-edge-fade-01tga
727 1 18 198 0 -1 0 356.750 -49.961 -316.944 356.096 -51.996 -317.210 357.300 -47.918 -316.710 junb-darker-metal-edge-fade-01tga
728 1 18 199 0 -1 0 367.650 -49.961 -325.166 367.100 -51.996 -325.400 368.304 -47.918 -324.900 junb-darker-metal-edge-fade-01tga
729 1 18 200 0 -1 0 358.089 -49.961 -349.505 357.855 -51.996 -350.159 358.355 -47.918 -348.955 junb-darker-metal-edge-fade-01tga
730 1 18 201 0 -1 0 366.089 -49.961 -349.505 365.855 -51.996 -350.159 366.355 -47.918 -348.955 junb-darker-metal-edge-fade-01tga
731 1 18 202 0 -1 0 353.750 -49.961 -328.944 353.096 -51.996 -329.210 354.300 -47.918 -328.710 junb-darker-metal-edge-fade-01tga
732 1 18 203 0 -1 0 353.750 -49.961 -336.944 353.096 -51.996 -337.210 354.300 -47.918 -336.710 junb-darker-metal-edge-fade-01tga
733 1 18 204 0 -1 0 318.311 -55.961 -235.605 318.045 -57.996 -236.155 318.545 -53.918 -234.952 junb-darker-metal-edge-fade-01tga
734 1 18 205 0 -1 0 282.089 -55.961 -249.505 281.855 -57.996 -250.159 282.355 -53.918 -248.955 junb-darker-metal-edge-fade-01tga
735 1 18 206 0 -1 0 290.311 -55.961 -232.605 290.045 -57.996 -233.155 290.545 -53.918 -231.952 junb-darker-metal-edge-fade-01tga
736 1 18 207 0 -1 0 290.089 -55.961 -249.505 289.855 -57.996 -250.159 290.355 -53.918 -248.955 junb-darker-metal-edge-fade-01tga
737 1 18 208 0 -1 0 342.311 -55.961 -235.605 342.045 -57.996 -236.155 342.545 -53.918 -234.952 junb-darker-metal-edge-fade-01tga
738 1 18 209 0 -1 0 306.311 -55.961 -232.605 306.045 -57.996 -233.155 306.545 -53.918 -231.952 junb-darker-metal-edge-fade-01tga
739 1 18 210 0 -1 0 298.311 -55.961 -232.605 298.045 -57.996 -233.155 298.545 -53.918 -231.952 junb-darker-metal-edge-fade-01tga
740 1 18 211 0 -1 0 298.089 -55.961 -249.505 297.855 -57.996 -250.159 298.355 -53.918 -248.955 junb-darker-metal-edge-fade-01tga
741 1 18 212 0 -1 0 310.089 -55.961 -246.505 309.855 -57.996 -247.159 310.355 -53.918 -245.955 junb-darker-metal-edge-fade-01tga
742 1 18 213 0 -1 0 334.089 -55.961 -246.505 333.855 -57.996 -247.159 334.355 -53.918 -245.955 junb-darker-metal-edge-fade-01tga
743 1 18 214 0 -1 0 282.311 -55.961 -232.605 282.045 -57.996 -233.155 282.545 -53.918 -231.952 junb-darker-metal-edge-fade-01tga
744 1 18 215 0 -1 0 278.650 -55.961 -261.166 278.100 -57.996 -261.400 279.304 -53.918 -260.900 junb-darker-metal-edge-fade-01tga
745 1 18 216 0 -1 0 278.650 -55.961 -269.166 278.100 -57.996 -269.400 279.304 -53.918 -268.900 junb-darker-metal-edge-fade-01tga
746 1 18 217 0 -1 0 274.311 -55.961 -232.605 274.045 -57.996 -233.155 274.545 -53.918 -231.952 junb-darker-metal-edge-fade-01tga
747 1 18 218 0 -1 0 261.750 -55.961 -236.944 261.096 -57.996 -237.210 262.300 -53.918 -236.710 junb-darker-metal-edge-fade-01tga
748 1 18 219 0 -1 0 261.750 -55.961 -244.944 261.096 -57.996 -245.210 262.300 -53.918 -244.710 junb-darker-metal-edge-fade-01tga
749 1 18 220 0 -1 0 261.750 -55.961 -252.944 261.096 -57.996 -253.210 262.300 -53.918 -252.710 junb-darker-metal-edge-fade-01tga
750 1 18 221 0 -1 0 261.750 -55.961 -260.944 261.096 -57.996 -261.210 262.300 -53.918 -260.710 junb-darker-metal-edge-fade-01tga
751 1 10 225 0 -1 0 426.449 -36.827 -329.042 425.047 -51.994 -329.156 430.204 -21.994 -328.921 jngb-envmap
752 1 10 226 0 -1 0 374.213 -36.827 -333.304 374.099 -51.994 -337.058 374.334 -21.994 -331.902 jngb-envmap
753 1 10 227 0 -1 0 277.951 -42.827 -253.068 274.197 -57.994 -253.189 279.353 -27.994 -252.954 jngb-envmap
754 1 16 225 0 -1 0 426.580 -34.807 -329.042 425.110 -47.916 -329.156 430.204 -21.994 -328.921 junb-darker-metal
755 1 16 226 0 -1 0 374.213 -34.807 -333.435 374.099 -47.916 -337.058 374.334 -21.994 -331.965 junb-darker-metal
756 1 16 227 0 -1 0 277.820 -40.807 -253.068 274.197 -53.916 -253.189 279.290 -27.994 -252.954 junb-darker-metal
757 1 16 259 0 -1 0 270.225 -50.013 -296.321 257.227 -50.013 -309.262 283.133 -50.013 -283.434 junb-darker-metal
758 1 25 437 0 -1 156 451.193 -43.268 -246.046 448.271 -43.569 -248.984 454.115 -43.022 -243.141 jngb-ecovalve-top
759 1 25 439 0 -1 156 262.095 -49.455 -301.769 259.173 -49.756 -304.707 265.017 -49.209 -298.864 jngb-ecovalve-top
760 1 7 147 0 -1 0 434.227 -44.849 -248.465 421.530 -45.153 -261.189 446.968 -44.044 -235.751 jngb-precursor-circuitpattern-01-glow
761 1 32 435 0 -1 0 434.189 -14.265 -248.731 420.920 -14.589 -261.947 447.405 -13.792 -235.525 jngb-stonehenge-rim
762 1 22 266 0 -1 0 384.203 -45.265 -341.054 376.904 -48.231 -346.551 391.498 -44.012 -335.551 jngb-precursor-metal-plain-01
763 1 29 382 0 -1 0 362.188 8.006 -277.296 358.204 5.666 -281.281 366.173 10.338 -273.312 jngb-precursor-plainstripe
764 1 29 383 0 -1 0 326.418 26.506 -241.067 322.434 24.166 -245.051 330.403 28.838 -237.082 jngb-precursor-plainstripe
765 1 29 366 0 -1 0 457.327 -29.663 -248.678 450.772 -37.274 -255.456 463.303 -19.946 -241.925 jngb-precursor-plainstripe
766 1 29 367 0 -1 0 450.557 -29.663 -232.356 444.838 -37.274 -238.083 459.564 -19.946 -223.357 jngb-precursor-plainstripe
767 1 29 368 0 -1 0 434.241 -29.663 -225.603 427.488 -37.274 -232.159 441.019 -19.946 -219.627 jngb-precursor-plainstripe
768 1 29 369 0 -1 0 417.919 -29.663 -232.373 408.920 -37.274 -238.092 423.646 -19.946 -223.366 jngb-precursor-plainstripe
769 1 29 370 0 -1 0 450.574 -29.663 -264.994 444.847 -37.274 -274.001 459.573 -19.946 -259.274 jngb-precursor-plainstripe
770 1 29 371 0 -1 0 417.936 -29.663 -265.011 408.929 -37.274 -274.010 423.656 -19.946 -259.284 jngb-precursor-plainstripe
771 1 16 248 0 -1 0 279.454 -19.180 -301.186 274.911 -21.032 -305.727 283.989 -17.220 -296.649 junb-darker-metal
772 1 29 456 0 -1 0 434.211 -25.082 -287.861 428.644 -29.899 -288.508 439.778 -20.261 -287.381 jngb-precursor-plainstripe
773 1 29 472 0 -1 0 270.199 -30.944 -245.133 264.631 -35.761 -245.780 275.766 -26.123 -244.653 jngb-precursor-plainstripe
774 1 29 384 0 -1 0 434.256 -36.552 -248.501 426.370 -36.552 -256.386 442.151 -36.552 -240.605 jngb-precursor-plainstripe
775 1 30 248 0 -1 0 279.455 -22.809 -301.186 274.911 -24.454 -305.727 283.989 -21.032 -296.649 jngb-stonehengetop
776 1 0 501 0 -1 0 374.073 -41.311 -241.055 373.966 -42.372 -242.126 374.239 -40.251 -239.984 cmn-precursor-circuitpattern-01
777 1 0 502 0 -1 0 405.773 -34.190 -241.055 405.606 -35.251 -242.126 405.879 -33.130 -239.984 cmn-precursor-circuitpattern-01
778 1 0 503 0 -1 0 350.432 -41.496 -241.055 350.265 -42.557 -242.126 350.538 -40.436 -239.984 cmn-precursor-circuitpattern-01
779 1 10 229 0 -1 0 357.483 -36.826 -292.997 356.002 -51.992 -293.204 361.299 -21.992 -292.688 jngb-envmap
780 1 10 231 0 -1 0 418.142 -36.826 -345.772 417.833 -51.992 -347.253 418.349 -21.992 -341.956 jngb-envmap
781 1 10 233 0 -1 0 378.258 -36.826 -336.338 378.051 -51.992 -340.154 378.567 -21.992 -334.857 jngb-envmap
782 1 10 235 0 -1 0 366.917 -36.826 -317.113 363.101 -51.992 -317.422 368.398 -21.992 -316.906 jngb-envmap
783 1 10 237 0 -1 0 357.483 -36.826 -324.997 356.002 -51.992 -325.204 361.299 -21.992 -324.688 jngb-envmap
784 1 10 239 0 -1 0 310.258 -42.826 -236.338 310.051 -57.992 -240.154 310.567 -27.992 -234.857 jngb-envmap
785 1 7 142 0 -1 0 444.079 -30.202 -226.045 436.126 -31.364 -231.085 452.101 -29.036 -222.932 jngb-precursor-circuitpattern-01-glow
786 1 7 143 0 -1 0 457.195 -30.202 -239.616 453.030 -31.364 -248.345 459.827 -29.036 -231.845 jngb-precursor-circuitpattern-01-glow
787 1 7 145 0 -1 0 456.885 -30.202 -258.516 451.845 -31.364 -266.538 459.998 -29.036 -250.563 jngb-precursor-circuitpattern-01-glow
788 1 22 366 0 -1 0 458.043 -29.829 -248.670 453.943 -35.649 -254.503 462.678 -22.039 -242.878 jngb-precursor-metal-plain-01
789 1 22 367 0 -1 0 451.058 -29.829 -231.844 447.368 -35.649 -235.564 457.852 -22.039 -225.069 jngb-precursor-metal-plain-01
790 1 22 368 0 -1 0 434.233 -29.829 -224.887 428.441 -35.649 -228.987 440.066 -22.039 -220.252 jngb-precursor-metal-plain-01
791 1 22 369 0 -1 0 417.407 -29.829 -231.872 410.632 -35.649 -235.562 421.127 -22.039 -225.078 jngb-precursor-metal-plain-01
792 1 22 370 0 -1 0 451.086 -29.829 -265.495 447.366 -35.649 -272.288 457.861 -22.039 -261.804 jngb-precursor-metal-plain-01
793 1 22 371 0 -1 0 417.435 -29.829 -265.523 410.642 -35.649 -272.298 421.126 -22.039 -261.803 jngb-precursor-metal-plain-01
794 1 29 241 0 -1 0 288.553 -42.368 -296.360 287.034 -47.194 -299.701 290.565 -37.554 -293.013 jngb-precursor-plainstripe
795 1 29 242 0 -1 0 283.189 -42.368 -309.308 281.333 -47.194 -313.059 286.945 -37.554 -307.447 jngb-precursor-plainstripe
796 1 29 243 0 -1 0 283.188 -42.368 -283.387 281.328 -47.194 -285.243 286.940 -37.554 -279.631 jngb-precursor-plainstripe
797 1 29 244 0 -1 0 270.216 -42.368 -314.673 266.875 -47.194 -316.685 273.563 -37.554 -313.153 jngb-precursor-plainstripe
798 1 29 245 0 -1 0 257.268 -42.368 -283.388 253.512 -47.194 -285.248 259.124 -37.554 -279.636 jngb-precursor-plainstripe
799 1 29 246 0 -1 0 257.268 -42.368 -309.308 253.517 -47.194 -313.064 259.129 -37.554 -307.452 jngb-precursor-plainstripe
800 1 29 247 0 -1 0 251.904 -42.368 -296.336 249.892 -47.194 -299.683 253.423 -37.554 -292.995 jngb-precursor-plainstripe
801 1 29 402 0 -1 0 443.247 -40.202 -259.854 439.167 -44.068 -269.042 446.698 -36.661 -250.214 jngb-precursor-plainstripe
802 1 29 404 0 -1 0 425.179 -40.140 -259.854 421.714 -44.005 -269.042 429.261 -36.614 -250.214 jngb-precursor-plainstripe
803 1 29 401 0 -1 0 425.271 -40.202 -237.142 421.808 -44.068 -246.776 429.355 -36.661 -227.964 jngb-precursor-plainstripe
804 1 29 403 0 -1 0 443.339 -40.140 -237.142 439.261 -44.005 -246.776 446.792 -36.614 -227.964 jngb-precursor-plainstripe
805 1 30 374 0 -1 0 362.191 -21.680 -277.287 357.910 -21.780 -281.568 366.472 -21.580 -273.005 jngb-stonehengetop
806 1 30 375 0 -1 0 362.191 -14.180 -277.287 357.910 -14.280 -281.568 366.472 -14.080 -273.005 jngb-stonehengetop
807 1 30 376 0 -1 0 362.191 -6.680 -277.287 357.910 -6.780 -281.568 366.472 -6.580 -273.005 jngb-stonehengetop
808 1 30 377 0 -1 0 326.421 -28.225 -241.057 322.140 -28.350 -245.338 330.702 -28.100 -236.776 jngb-stonehengetop
809 1 30 378 0 -1 0 326.421 -18.725 -241.057 322.140 -18.850 -245.338 330.702 -18.600 -236.776 jngb-stonehengetop
810 1 30 379 0 -1 0 326.421 -9.225 -241.057 322.140 -9.350 -245.338 330.702 -9.100 -236.776 jngb-stonehengetop
811 1 30 380 0 -1 0 326.421 0.275 -241.057 322.140 0.150 -245.338 330.702 0.400 -236.776 jngb-stonehengetop
812 1 30 381 0 -1 0 326.421 9.775 -241.057 322.140 9.650 -245.338 330.702 9.900 -236.776 jngb-stonehengetop
813 1 30 382 0 -1 0 362.188 0.752 -277.296 357.938 0.603 -281.546 366.438 0.900 -273.046 jngb-stonehengetop
814 1 30 383 0 -1 0 326.418 19.252 -241.067 322.168 19.103 -245.317 330.668 19.400 -236.817 jngb-stonehengetop
815 1 7 136 0 -1 0 362.191 -48.976 -230.882 350.234 -49.991 -236.096 374.156 -47.960 -227.471 jngb-precursor-circuitpattern-01-glow
816 1 7 137 0 -1 0 362.191 -48.974 -250.855 350.234 -49.991 -253.189 374.156 -47.913 -246.018 jngb-precursor-circuitpattern-01-glow
817 1 30 241 0 -1 0 288.857 -42.366 -296.359 287.674 -43.976 -299.076 290.565 -40.757 -293.638 jngb-stonehengetop
818 1 30 242 0 -1 0 283.405 -42.366 -309.523 281.874 -43.976 -312.540 286.425 -40.757 -307.989 jngb-stonehengetop
819 1 30 243 0 -1 0 283.403 -42.366 -283.171 281.869 -43.976 -284.702 286.421 -40.757 -280.151 jngb-stonehengetop
820 1 30 244 0 -1 0 270.217 -42.366 -314.977 267.500 -43.976 -316.685 272.938 -40.757 -313.794 jngb-stonehengetop
821 1 30 245 0 -1 0 257.052 -42.366 -283.173 254.031 -43.976 -284.707 258.582 -40.757 -280.156 jngb-stonehengetop
822 1 30 246 0 -1 0 257.053 -42.366 -309.524 254.036 -43.976 -312.545 258.587 -40.757 -307.994 jngb-stonehengetop
823 1 30 247 0 -1 0 251.599 -42.366 -296.336 249.892 -43.976 -299.058 252.782 -40.757 -293.620 jngb-stonehengetop
824 1 7 486 0 -1 0 424.871 -42.979 -331.723 422.207 -43.991 -333.129 426.363 -41.960 -329.050 jngb-precursor-circuitpattern-01-glow
825 1 7 487 0 -1 0 371.532 -42.979 -331.726 370.126 -43.991 -333.218 374.204 -41.960 -329.062 jngb-precursor-circuitpattern-01-glow
826 1 7 488 0 -1 0 279.529 -48.979 -250.387 278.037 -49.991 -253.060 282.193 -47.960 -248.981 jngb-precursor-circuitpattern-01-glow
827 1 7 138 0 -1 0 369.183 -43.077 -277.260 367.144 -43.974 -285.034 371.160 -41.959 -269.081 jngb-precursor-circuitpattern-01-glow
828 1 7 139 0 -1 0 355.175 -43.077 -277.247 353.222 -43.974 -285.034 357.238 -41.959 -269.081 jngb-precursor-circuitpattern-01-glow
829 1 7 140 0 -1 0 326.319 -49.117 -234.068 318.215 -50.028 -236.102 334.183 -47.965 -232.086 jngb-precursor-circuitpattern-01-glow
830 1 7 141 0 -1 0 326.349 -49.117 -248.044 318.215 -50.028 -250.024 334.168 -47.965 -246.008 jngb-precursor-circuitpattern-01-glow
831 1 7 75 0 -1 0 386.192 -48.968 -235.613 382.212 -49.976 -236.074 390.055 -47.960 -235.152 jngb-precursor-circuitpattern-01-glow
832 1 7 76 0 -1 0 378.208 -48.968 -246.497 374.345 -49.976 -246.958 382.188 -47.960 -246.036 jngb-precursor-circuitpattern-01-glow
833 1 7 77 0 -1 0 386.208 -48.968 -246.497 382.345 -49.976 -246.958 390.188 -47.960 -246.036 jngb-precursor-circuitpattern-01-glow
834 1 7 78 0 -1 0 378.192 -48.968 -235.613 374.212 -49.976 -236.074 382.055 -47.960 -235.152 jngb-precursor-circuitpattern-01-glow
835 1 7 79 0 -1 0 442.642 -42.968 -293.047 442.181 -43.976 -296.910 443.103 -41.960 -289.067 jngb-precursor-circuitpattern-01-glow
836 1 7 80 0 -1 0 425.758 -42.968 -293.063 425.297 -43.976 -297.043 426.219 -41.960 -289.200 jngb-precursor-circuitpattern-01-glow
837 1 7 81 0 -1 0 425.758 -42.968 -301.063 425.297 -43.976 -305.043 426.219 -41.960 -297.200 jngb-precursor-circuitpattern-01-glow
838 1 7 82 0 -1 0 442.642 -42.968 -309.047 442.181 -43.976 -312.910 443.103 -41.960 -305.067 jngb-precursor-circuitpattern-01-glow
839 1 7 83 0 -1 0 442.642 -42.968 -301.047 442.181 -43.976 -304.910 443.103 -41.960 -297.067 jngb-precursor-circuitpattern-01-glow
840 1 7 84 0 -1 0 346.192 -48.968 -235.613 342.212 -49.976 -236.074 350.055 -47.960 -235.152 jngb-precursor-circuitpattern-01-glow
841 1 7 85 0 -1 0 346.208 -48.968 -246.497 342.345 -49.976 -246.958 350.188 -47.960 -246.036 jngb-precursor-circuitpattern-01-glow
842 1 7 86 0 -1 0 338.208 -48.968 -246.497 334.345 -49.976 -246.958 342.188 -47.960 -246.036 jngb-precursor-circuitpattern-01-glow
843 1 7 87 0 -1 0 367.642 -42.968 -289.047 367.181 -43.976 -292.910 368.103 -41.960 -285.067 jngb-precursor-circuitpattern-01-glow
844 1 7 88 0 -1 0 356.758 -42.968 -289.063 356.297 -43.976 -293.043 357.219 -41.960 -285.200 jngb-precursor-circuitpattern-01-glow
845 1 7 89 0 -1 0 370.642 -42.968 -309.047 370.181 -43.976 -312.910 371.103 -41.960 -305.067 jngb-precursor-circuitpattern-01-glow
846 1 7 90 0 -1 0 370.642 -42.968 -301.047 370.181 -43.976 -304.910 371.103 -41.960 -297.067 jngb-precursor-circuitpattern-01-glow
847 1 7 91 0 -1 0 353.758 -42.968 -301.063 353.297 -43.976 -305.043 354.219 -41.960 -297.200 jngb-precursor-circuitpattern-01-glow
848 1 7 92 0 -1 0 442.642 -42.968 -325.047 442.181 -43.976 -328.910 443.103 -41.960 -321.067 jngb-precursor-circuitpattern-01-glow
849 1 7 93 0 -1 0 442.642 -42.968 -317.047 442.181 -43.976 -320.910 443.103 -41.960 -313.067 jngb-precursor-circuitpattern-01-glow
850 1 7 94 0 -1 0 434.208 -42.968 -349.497 430.345 -43.976 -349.958 438.188 -41.960 -349.036 jngb-precursor-circuitpattern-01-glow
851 1 7 95 0 -1 0 442.642 -42.968 -341.047 442.181 -43.976 -344.910 443.103 -41.960 -337.067 jngb-precursor-circuitpattern-01-glow
852 1 7 96 0 -1 0 442.642 -42.968 -333.047 442.181 -43.976 -336.910 443.103 -41.960 -329.067 jngb-precursor-circuitpattern-01-glow
853 1 7 97 0 -1 0 425.758 -42.968 -325.063 425.297 -43.976 -329.043 426.219 -41.960 -321.200 jngb-precursor-circuitpattern-01-glow
854 1 7 98 0 -1 0 425.758 -42.968 -317.063 425.297 -43.976 -321.043 426.219 -41.960 -313.200 jngb-precursor-circuitpattern-01-glow
855 1 7 99 0 -1 0 425.758 -42.968 -309.063 425.297 -43.976 -313.043 426.219 -41.960 -305.200 jngb-precursor-circuitpattern-01-glow
856 1 7 100 0 -1 0 414.208 -42.968 -346.497 410.345 -43.976 -346.958 418.188 -41.960 -346.036 jngb-precursor-circuitpattern-01-glow
857 1 7 101 0 -1 0 426.208 -42.968 -349.497 422.345 -43.976 -349.958 430.188 -41.960 -349.036 jngb-precursor-circuitpattern-01-glow
858 1 7 102 0 -1 0 406.192 -42.968 -335.613 402.212 -43.976 -336.074 410.055 -41.960 -335.152 jngb-precursor-circuitpattern-01-glow
859 1 7 103 0 -1 0 406.208 -42.968 -346.497 402.345 -43.976 -346.958 410.188 -41.960 -346.036 jngb-precursor-circuitpattern-01-glow
860 1 7 104 0 -1 0 414.192 -42.968 -335.613 410.212 -43.976 -336.074 418.055 -41.960 -335.152 jngb-precursor-circuitpattern-01-glow
861 1 7 105 0 -1 0 367.642 -42.968 -321.047 367.181 -43.976 -324.910 368.103 -41.960 -317.067 jngb-precursor-circuitpattern-01-glow
862 1 7 106 0 -1 0 390.192 -42.968 -335.613 386.212 -43.976 -336.074 394.055 -41.960 -335.152 jngb-precursor-circuitpattern-01-glow
863 1 7 107 0 -1 0 382.192 -42.968 -335.613 378.212 -43.976 -336.074 386.055 -41.960 -335.152 jngb-precursor-circuitpattern-01-glow
864 1 7 108 0 -1 0 398.192 -42.968 -335.613 394.212 -43.976 -336.074 402.055 -41.960 -335.152 jngb-precursor-circuitpattern-01-glow
865 1 7 109 0 -1 0 390.208 -42.968 -346.497 386.345 -43.976 -346.958 394.188 -41.960 -346.036 jngb-precursor-circuitpattern-01-glow
866 1 7 110 0 -1 0 398.208 -42.968 -346.497 394.345 -43.976 -346.958 402.188 -41.960 -346.036 jngb-precursor-circuitpattern-01-glow
867 1 7 111 0 -1 0 382.208 -42.968 -346.497 378.345 -43.976 -346.958 386.188 -41.960 -346.036 jngb-precursor-circuitpattern-01-glow
868 1 7 112 0 -1 0 353.758 -42.968 -309.063 353.297 -43.976 -313.043 354.219 -41.960 -305.200 jngb-precursor-circuitpattern-01-glow
869 1 7 113 0 -1 0 356.758 -42.968 -321.063 356.297 -43.976 -325.043 357.219 -41.960 -317.200 jngb-precursor-circuitpattern-01-glow
870 1 7 114 0 -1 0 362.208 -42.968 -349.497 358.345 -43.976 -349.958 366.188 -41.960 -349.036 jngb-precursor-circuitpattern-01-glow
871 1 7 115 0 -1 0 353.758 -42.968 -341.063 353.297 -43.976 -345.043 354.219 -41.960 -337.200 jngb-precursor-circuitpattern-01-glow
872 1 7 116 0 -1 0 370.208 -42.968 -349.497 366.345 -43.976 -349.958 374.188 -41.960 -349.036 jngb-precursor-circuitpattern-01-glow
873 1 7 117 0 -1 0 353.758 -42.968 -333.063 353.297 -43.976 -337.043 354.219 -41.960 -329.200 jngb-precursor-circuitpattern-01-glow
874 1 7 118 0 -1 0 314.208 -48.968 -246.497 310.345 -49.976 -246.958 318.188 -47.960 -246.036 jngb-precursor-circuitpattern-01-glow
875 1 7 119 0 -1 0 314.192 -48.968 -235.613 310.212 -49.976 -236.074 318.055 -47.960 -235.152 jngb-precursor-circuitpattern-01-glow
876 1 7 120 0 -1 0 338.192 -48.968 -235.613 334.212 -49.976 -236.074 342.055 -47.960 -235.152 jngb-precursor-circuitpattern-01-glow
877 1 7 121 0 -1 0 294.192 -48.968 -232.613 290.212 -49.976 -233.074 298.055 -47.960 -232.152 jngb-precursor-circuitpattern-01-glow
878 1 7 122 0 -1 0 286.192 -48.968 -232.613 282.212 -49.976 -233.074 290.055 -47.960 -232.152 jngb-precursor-circuitpattern-01-glow
879 1 7 123 0 -1 0 302.192 -48.968 -232.613 298.212 -49.976 -233.074 306.055 -47.960 -232.152 jngb-precursor-circuitpattern-01-glow
880 1 7 124 0 -1 0 286.208 -48.968 -249.497 282.345 -49.976 -249.958 290.188 -47.960 -249.036 jngb-precursor-circuitpattern-01-glow
881 1 7 125 0 -1 0 294.208 -48.968 -249.497 290.345 -49.976 -249.958 298.188 -47.960 -249.036 jngb-precursor-circuitpattern-01-glow
882 1 7 126 0 -1 0 302.208 -48.968 -249.497 298.345 -49.976 -249.958 306.188 -47.960 -249.036 jngb-precursor-circuitpattern-01-glow
883 1 7 127 0 -1 0 278.642 -48.968 -265.047 278.181 -49.976 -268.910 279.103 -47.960 -261.067 jngb-precursor-circuitpattern-01-glow
884 1 7 128 0 -1 0 278.642 -48.968 -257.047 278.181 -49.976 -260.910 279.103 -47.960 -253.066 jngb-precursor-circuitpattern-01-glow
885 1 7 129 0 -1 0 278.192 -48.968 -232.613 274.212 -49.976 -233.074 282.055 -47.960 -232.152 jngb-precursor-circuitpattern-01-glow
886 1 7 130 0 -1 0 270.192 -48.968 -232.613 266.212 -49.976 -233.074 274.055 -47.960 -232.152 jngb-precursor-circuitpattern-01-glow
887 1 7 131 0 -1 0 261.758 -48.968 -241.063 261.297 -49.976 -245.043 262.219 -47.960 -237.200 jngb-precursor-circuitpattern-01-glow
888 1 7 132 0 -1 0 261.758 -48.968 -249.063 261.297 -49.976 -253.043 262.219 -47.960 -245.200 jngb-precursor-circuitpattern-01-glow
889 1 7 133 0 -1 0 261.758 -48.968 -265.063 261.297 -49.976 -269.043 262.219 -47.960 -261.200 jngb-precursor-circuitpattern-01-glow
890 1 7 134 0 -1 0 261.758 -48.968 -257.063 261.297 -49.976 -261.043 262.219 -47.960 -253.200 jngb-precursor-circuitpattern-01-glow
891 1 7 483 0 -1 0 441.084 -42.970 -347.974 438.196 -43.972 -349.948 443.086 -41.956 -345.058 jngb-precursor-circuitpattern-01-glow
892 1 7 484 0 -1 0 355.281 -42.970 -347.939 353.307 -43.972 -349.941 358.197 -41.956 -345.051 jngb-precursor-circuitpattern-01-glow
893 1 7 485 0 -1 0 263.316 -48.970 -234.136 261.314 -49.972 -237.052 266.204 -47.956 -232.162 jngb-precursor-circuitpattern-01-glow
894 1 23 521 0 -1 0 412.363 -43.641 -241.837 409.166 -44.047 -250.799 414.526 -43.235 -233.346 jngb-precursor-circuitpattern-01
895 1 7 489 0 -1 0 420.174 -42.916 -334.046 418.241 -43.982 -336.102 422.225 -41.967 -332.164 jngb-precursor-circuitpattern-01-glow
896 1 7 490 0 -1 0 420.174 -42.916 -348.082 418.241 -43.982 -349.977 422.225 -41.967 -346.024 jngb-precursor-circuitpattern-01-glow
897 1 7 491 0 -1 0 376.226 -42.916 -348.080 374.175 -43.982 -349.961 378.159 -41.967 -346.024 jngb-precursor-circuitpattern-01-glow
898 1 7 492 0 -1 0 376.226 -42.916 -334.043 374.175 -43.982 -336.102 378.159 -41.967 -332.149 jngb-precursor-circuitpattern-01-glow
899 1 7 493 0 -1 0 369.209 -42.916 -327.029 367.153 -43.982 -329.080 371.091 -41.967 -325.096 jngb-precursor-circuitpattern-01-glow
900 1 7 494 0 -1 0 355.173 -42.916 -327.029 353.278 -43.982 -329.080 357.231 -41.967 -325.096 jngb-precursor-circuitpattern-01-glow
901 1 7 495 0 -1 0 308.226 -48.916 -248.064 306.175 -49.982 -249.946 310.159 -47.967 -246.008 jngb-precursor-circuitpattern-01-glow
902 1 7 496 0 -1 0 308.226 -48.916 -234.028 306.175 -49.982 -236.086 310.159 -47.967 -232.133 jngb-precursor-circuitpattern-01-glow
903 1 7 497 0 -1 0 355.175 -42.916 -315.081 353.294 -43.982 -317.014 357.231 -41.967 -313.030 jngb-precursor-circuitpattern-01-glow
904 1 7 498 0 -1 0 369.212 -42.916 -315.081 367.153 -43.982 -317.014 371.106 -41.967 -313.030 jngb-precursor-circuitpattern-01-glow
905 1 7 499 0 -1 0 369.209 -42.916 -295.029 367.153 -43.982 -297.080 371.091 -41.967 -293.096 jngb-precursor-circuitpattern-01-glow
906 1 7 500 0 -1 0 355.173 -42.916 -295.029 353.278 -43.982 -297.080 357.231 -41.967 -293.096 jngb-precursor-circuitpattern-01-glow
907 1 7 477 0 -1 625 286.778 -34.172 -303.240 281.603 -50.394 -305.776 289.307 -18.347 -300.129 jngb-precursor-circuitpattern-01-glow
908 1 7 478 0 -1 625 286.789 -34.172 -289.509 281.609 -50.394 -292.624 289.322 -18.347 -286.971 jngb-precursor-circuitpattern-01-glow
909 1 7 479 0 -1 625 253.668 -34.172 -303.187 251.134 -50.394 -305.725 258.847 -18.347 -300.072 jngb-precursor-circuitpattern-01-glow
910 1 7 480 0 -1 625 253.679 -34.172 -289.456 251.149 -50.394 -292.567 258.854 -18.347 -286.920 jngb-precursor-circuitpattern-01-glow
911 1 7 481 0 -1 625 263.336 -34.172 -312.897 260.800 -50.394 -315.427 266.447 -18.347 -307.723 jngb-precursor-circuitpattern-01-glow
912 1 7 482 0 -1 625 277.068 -34.172 -312.909 273.952 -50.394 -315.442 279.606 -18.347 -307.729 jngb-precursor-circuitpattern-01-glow
913 1 10 501 0 -1 0 374.123 -41.294 -241.055 373.966 -42.456 -242.336 374.554 -39.894 -239.774 jngb-envmap
914 1 10 502 0 -1 0 405.722 -34.172 -241.055 405.291 -35.334 -242.336 405.879 -32.773 -239.774 jngb-envmap
915 1 10 503 0 -1 0 350.381 -41.479 -241.055 349.950 -42.641 -242.336 350.538 -40.079 -239.774 jngb-envmap
916 1 16 229 0 -1 0 357.614 -34.806 -292.997 356.049 -47.914 -293.204 361.299 -21.992 -292.688 junb-darker-metal
917 1 16 231 0 -1 0 418.142 -34.806 -345.641 417.833 -47.914 -347.206 418.349 -21.992 -341.956 junb-darker-metal
918 1 16 233 0 -1 0 378.258 -34.806 -336.469 378.051 -47.914 -340.154 378.567 -21.992 -334.904 junb-darker-metal
919 1 16 235 0 -1 0 366.786 -34.806 -317.113 363.101 -47.914 -317.422 368.351 -21.992 -316.906 junb-darker-metal
920 1 16 237 0 -1 0 357.614 -34.806 -324.997 356.049 -47.914 -325.204 361.299 -21.992 -324.688 junb-darker-metal
921 1 16 239 0 -1 0 310.258 -40.806 -236.469 310.051 -53.914 -240.154 310.567 -27.992 -234.904 junb-darker-metal
922 1 10 266 0 -1 0 384.203 -47.105 -341.056 376.904 -52.012 -347.051 391.498 -44.012 -335.051 jngb-envmap
923 1 10 382 0 -1 0 362.189 5.866 -277.296 357.938 0.603 -281.546 366.438 11.635 -273.046 jngb-envmap
924 1 10 383 0 -1 0 326.418 24.366 -241.067 322.168 19.103 -245.317 330.668 30.135 -236.817 jngb-envmap
925 1 22 284 0 -1 0 434.191 -44.098 -257.841 412.105 -48.224 -289.511 456.261 -43.802 -227.323 jngb-precursor-metal-plain-01
926 1 2 501 0 -1 0 374.174 -41.277 -241.055 373.966 -42.456 -242.336 374.554 -39.894 -239.774 cmn-precursor-metal-plain-01
927 1 2 502 0 -1 0 405.672 -34.155 -241.055 405.291 -35.334 -242.336 405.879 -32.773 -239.774 cmn-precursor-metal-plain-01
928 1 2 503 0 -1 0 350.331 -41.461 -241.055 349.950 -42.641 -242.336 350.538 -40.079 -239.774 cmn-precursor-metal-plain-01
929 1 10 282 0 -1 0 271.512 -52.666 -249.041 261.204 -58.008 -258.355 280.313 -50.008 -239.745 jngb-envmap
930 1 10 259 0 -1 0 270.203 -50.713 -292.949 249.993 -58.013 -316.512 290.368 -50.013 -276.543 jngb-envmap
931 1 10 395 0 -1 0 398.933 -28.035 -341.615 377.918 -29.533 -345.068 419.918 -25.486 -338.161 jngb-envmap
932 1 22 395 0 -1 0 397.187 -28.035 -341.615 377.918 -29.533 -345.068 416.433 -25.486 -338.161 jngb-precursor-metal-plain-01
933 1 29 395 0 -1 0 400.680 -28.035 -341.615 381.433 -29.533 -345.068 419.918 -25.486 -338.161 jngb-precursor-plainstripe
934 1 30 240 0 -1 0 361.591 -40.818 -240.609 346.903 -52.132 -249.908 371.106 -19.507 -232.143 jngb-stonehengetop
935 1 22 382 0 -1 0 362.189 6.127 -277.296 358.204 0.900 -281.281 366.173 11.635 -273.312 jngb-precursor-metal-plain-01
936 1 22 383 0 -1 0 326.419 24.627 -241.067 322.434 19.400 -245.051 330.403 30.135 -237.082 jngb-precursor-metal-plain-01
937 1 10 162 0 -1 0 395.690 -42.829 -236.407 390.334 -57.996 -240.248 398.678 -27.996 -234.952 jngb-envmap
938 1 10 163 0 -1 0 384.842 -42.829 -245.703 381.855 -57.996 -247.159 390.199 -27.996 -241.862 jngb-envmap
939 1 10 164 0 -1 0 379.558 -42.829 -236.407 374.202 -57.996 -240.248 382.545 -27.996 -234.952 jngb-envmap
940 1 10 165 0 -1 0 387.558 -42.829 -236.407 382.202 -57.996 -240.248 390.545 -27.996 -234.952 jngb-envmap
941 1 10 166 0 -1 0 392.974 -42.829 -245.703 389.987 -57.996 -247.159 398.331 -27.996 -241.862 jngb-envmap
942 1 10 167 0 -1 0 426.552 -36.829 -291.697 425.096 -51.996 -297.054 430.393 -21.996 -288.710 jngb-envmap
943 1 10 168 0 -1 0 441.848 -36.829 -302.413 438.007 -51.996 -305.400 443.304 -21.996 -297.057 jngb-envmap
944 1 10 169 0 -1 0 441.848 -36.829 -294.413 438.007 -51.996 -297.400 443.304 -21.996 -289.057 jngb-envmap
945 1 10 170 0 -1 0 426.552 -36.829 -299.697 425.096 -51.996 -305.054 430.393 -21.996 -296.710 jngb-envmap
946 1 10 171 0 -1 0 344.842 -42.829 -245.703 341.855 -57.996 -247.159 350.199 -27.996 -241.862 jngb-envmap
947 1 10 172 0 -1 0 357.552 -36.829 -287.697 356.096 -51.996 -293.054 361.393 -21.996 -284.710 jngb-envmap
948 1 10 173 0 -1 0 366.848 -36.829 -290.413 363.007 -51.996 -293.400 368.304 -21.996 -285.057 jngb-envmap
949 1 10 174 0 -1 0 354.552 -36.829 -299.697 353.096 -51.996 -305.054 358.393 -21.996 -296.710 jngb-envmap
950 1 10 175 0 -1 0 369.848 -36.829 -302.413 366.007 -51.996 -305.400 371.304 -21.996 -297.057 jngb-envmap
951 1 10 176 0 -1 0 354.552 -36.829 -307.697 353.096 -51.996 -313.054 358.393 -21.996 -304.710 jngb-envmap
952 1 10 177 0 -1 0 441.848 -36.829 -318.413 438.007 -51.996 -321.400 443.304 -21.996 -313.057 jngb-envmap
953 1 10 178 0 -1 0 441.848 -36.829 -310.413 438.007 -51.996 -313.400 443.304 -21.996 -305.057 jngb-envmap
954 1 10 179 0 -1 0 432.842 -36.829 -348.703 429.855 -51.996 -350.159 438.199 -21.996 -344.862 jngb-envmap
955 1 10 180 0 -1 0 441.848 -36.829 -342.413 438.007 -51.996 -345.400 443.304 -21.996 -337.057 jngb-envmap
956 1 10 181 0 -1 0 424.842 -36.829 -348.703 421.855 -51.996 -350.159 430.199 -21.996 -344.862 jngb-envmap
957 1 10 182 0 -1 0 441.848 -36.829 -334.413 438.007 -51.996 -337.400 443.304 -21.996 -329.057 jngb-envmap
958 1 10 183 0 -1 0 441.848 -36.829 -326.413 438.007 -51.996 -329.400 443.304 -21.996 -321.057 jngb-envmap
959 1 10 184 0 -1 0 426.552 -36.829 -323.697 425.096 -51.996 -329.054 430.393 -21.996 -320.710 jngb-envmap
960 1 10 185 0 -1 0 426.552 -36.829 -315.697 425.096 -51.996 -321.054 430.393 -21.996 -312.710 jngb-envmap
961 1 10 186 0 -1 0 426.552 -36.829 -307.697 425.096 -51.996 -313.054 430.393 -21.996 -304.710 jngb-envmap
962 1 10 187 0 -1 0 404.842 -36.829 -345.703 401.855 -51.996 -347.159 410.199 -21.996 -341.862 jngb-envmap
963 1 10 188 0 -1 0 407.558 -36.829 -336.407 402.202 -51.996 -340.248 410.545 -21.996 -334.951 jngb-envmap
964 1 10 189 0 -1 0 412.842 -36.829 -345.703 409.855 -51.996 -347.159 418.199 -21.996 -341.862 jngb-envmap
965 1 10 190 0 -1 0 415.558 -36.829 -336.407 410.202 -51.996 -340.248 418.545 -21.996 -334.951 jngb-envmap
966 1 10 191 0 -1 0 380.842 -36.829 -345.703 377.855 -51.996 -347.159 386.199 -21.996 -341.862 jngb-envmap
967 1 10 192 0 -1 0 383.558 -36.829 -336.407 378.202 -51.996 -340.248 386.545 -21.996 -334.951 jngb-envmap
968 1 10 193 0 -1 0 391.558 -36.829 -336.407 386.202 -51.996 -340.248 394.545 -21.996 -334.951 jngb-envmap
969 1 10 194 0 -1 0 399.558 -36.829 -336.407 394.202 -51.996 -340.248 402.545 -21.996 -334.951 jngb-envmap
970 1 10 195 0 -1 0 388.842 -36.829 -345.703 385.855 -51.996 -347.159 394.199 -21.996 -341.862 jngb-envmap
971 1 10 196 0 -1 0 396.842 -36.829 -345.703 393.855 -51.996 -347.159 402.199 -21.996 -341.862 jngb-envmap
972 1 10 197 0 -1 0 369.848 -36.829 -310.413 366.007 -51.996 -313.400 371.304 -21.996 -305.057 jngb-envmap
973 1 10 198 0 -1 0 357.552 -36.829 -319.697 356.096 -51.996 -325.054 361.393 -21.996 -316.710 jngb-envmap
974 1 10 199 0 -1 0 366.848 -36.829 -322.413 363.007 -51.996 -325.400 368.304 -21.996 -317.057 jngb-envmap
975 1 10 200 0 -1 0 360.842 -36.829 -348.703 357.855 -51.996 -350.159 366.199 -21.996 -344.862 jngb-envmap
976 1 10 201 0 -1 0 368.842 -36.829 -348.703 365.855 -51.996 -350.159 374.199 -21.996 -344.862 jngb-envmap
977 1 10 202 0 -1 0 354.552 -36.829 -331.697 353.096 -51.996 -337.054 358.393 -21.996 -328.710 jngb-envmap
978 1 10 203 0 -1 0 354.552 -36.829 -339.697 353.096 -51.996 -345.054 358.393 -21.996 -336.710 jngb-envmap
979 1 10 204 0 -1 0 315.558 -42.829 -236.407 310.202 -57.996 -240.248 318.545 -27.996 -234.952 jngb-envmap
980 1 10 205 0 -1 0 284.842 -42.829 -248.703 281.855 -57.996 -250.159 290.199 -27.996 -244.862 jngb-envmap
981 1 10 206 0 -1 0 287.558 -42.829 -233.407 282.202 -57.996 -237.248 290.545 -27.996 -231.952 jngb-envmap
982 1 10 207 0 -1 0 292.842 -42.829 -248.703 289.855 -57.996 -250.159 298.199 -27.996 -244.862 jngb-envmap
983 1 10 208 0 -1 0 339.558 -42.829 -236.407 334.202 -57.996 -240.248 342.545 -27.996 -234.952 jngb-envmap
984 1 10 209 0 -1 0 303.558 -42.829 -233.407 298.202 -57.996 -237.248 306.545 -27.996 -231.952 jngb-envmap
985 1 10 210 0 -1 0 295.558 -42.829 -233.407 290.202 -57.996 -237.248 298.545 -27.996 -231.952 jngb-envmap
986 1 10 211 0 -1 0 300.842 -42.829 -248.703 297.855 -57.996 -250.159 306.199 -27.996 -244.862 jngb-envmap
987 1 10 212 0 -1 0 312.842 -42.829 -245.703 309.855 -57.996 -247.159 318.199 -27.996 -241.862 jngb-envmap
988 1 10 213 0 -1 0 336.842 -42.829 -245.703 333.855 -57.996 -247.159 342.199 -27.996 -241.862 jngb-envmap
989 1 10 214 0 -1 0 279.558 -42.829 -233.407 274.202 -57.996 -237.248 282.545 -27.996 -231.952 jngb-envmap
990 1 10 215 0 -1 0 277.848 -42.829 -258.413 274.007 -57.996 -261.400 279.304 -27.996 -253.056 jngb-envmap
991 1 10 216 0 -1 0 277.848 -42.829 -266.413 274.007 -57.996 -269.400 279.304 -27.996 -261.057 jngb-envmap
992 1 10 217 0 -1 0 271.558 -42.829 -233.407 266.202 -57.996 -237.248 274.545 -27.996 -231.952 jngb-envmap
993 1 10 218 0 -1 0 262.552 -42.829 -239.697 261.096 -57.996 -245.054 266.393 -27.996 -236.710 jngb-envmap
994 1 10 219 0 -1 0 262.552 -42.829 -247.697 261.096 -57.996 -253.054 266.393 -27.996 -244.710 jngb-envmap
995 1 10 220 0 -1 0 262.552 -42.829 -255.697 261.096 -57.996 -261.054 266.393 -27.996 -252.710 jngb-envmap
996 1 10 221 0 -1 0 262.552 -42.829 -263.697 261.096 -57.996 -269.054 266.393 -27.996 -260.710 jngb-envmap
997 1 10 367 0 -1 0 450.085 -29.697 -232.819 442.120 -46.852 -240.823 459.951 -12.086 -222.959 jngb-envmap
998 1 10 369 0 -1 0 418.382 -29.697 -232.845 408.522 -46.852 -240.810 426.386 -12.086 -222.979 jngb-envmap
999 1 10 370 0 -1 0 450.111 -29.697 -264.522 442.107 -46.852 -274.387 459.971 -12.086 -256.557 jngb-envmap
1000 1 10 371 0 -1 0 418.408 -29.697 -264.548 408.543 -46.852 -274.408 426.373 -12.086 -256.544 jngb-envmap
1001 1 22 398 0 -1 0 270.208 -34.097 -258.376 264.404 -35.961 -267.122 276.012 -30.928 -249.607 jngb-precursor-metal-plain-01
1002 1 23 405 0 -1 0 286.842 -34.158 -289.498 281.662 -50.390 -292.615 289.381 -18.328 -286.947 jngb-precursor-circuitpattern-01
1003 1 23 406 0 -1 0 286.820 -34.158 -303.258 281.644 -50.390 -305.809 289.354 -18.328 -300.148 jngb-precursor-circuitpattern-01
1004 1 23 407 0 -1 0 277.078 -34.158 -312.962 273.962 -50.390 -315.501 279.629 -18.328 -307.781 jngb-precursor-circuitpattern-01
1005 1 23 408 0 -1 0 253.614 -34.158 -303.198 251.075 -50.390 -305.748 258.795 -18.328 -300.081 jngb-precursor-circuitpattern-01
1006 1 23 409 0 -1 0 263.318 -34.158 -312.940 260.767 -50.390 -315.474 266.428 -18.328 -307.764 jngb-precursor-circuitpattern-01
1007 1 23 410 0 -1 0 253.636 -34.158 -289.438 251.102 -50.390 -292.548 258.813 -18.328 -286.887 jngb-precursor-circuitpattern-01
1008 1 12 155 0 -1 0 362.221 -43.819 -277.137 359.231 -43.819 -280.121 365.200 -43.819 -274.152 jng-blue
1009 1 12 156 0 -1 0 326.600 -49.855 -241.055 323.611 -49.855 -244.039 329.579 -49.855 -238.071 jng-blue
1010 1 12 157 0 -1 0 279.489 -49.966 -301.197 277.125 -49.966 -303.556 281.844 -49.966 -298.838 jng-blue
1011 1 22 372 0 -1 0 269.461 -17.655 -296.082 256.620 -18.114 -310.065 283.823 -17.051 -282.862 jngb-precursor-metal-plain-01
1012 1 10 284 0 -1 0 434.191 -44.302 -259.092 408.776 -51.989 -289.511 459.573 -43.802 -223.183 jngb-envmap
1013 1 10 366 0 -1 0 456.666 -29.697 -248.671 446.381 -46.852 -256.269 463.303 -12.086 -241.112 jngb-envmap
1014 1 10 368 0 -1 0 434.234 -29.697 -226.264 426.676 -46.852 -236.549 441.832 -12.086 -219.627 jngb-envmap
1015 1 10 398 0 -1 0 270.208 -34.097 -260.122 264.404 -35.961 -270.606 276.012 -30.928 -249.607 jngb-envmap
1016 1 22 390 0 -1 0 434.221 -28.236 -301.104 428.417 -30.099 -309.850 440.024 -25.066 -292.334 jngb-precursor-metal-plain-01
1017 1 22 280 0 -1 0 362.200 -45.151 -321.253 354.114 -48.234 -330.507 370.286 -43.781 -312.444 jngb-precursor-metal-plain-01
1018 1 10 285 0 -1 0 322.541 -44.608 -241.038 305.600 -57.989 -250.167 334.334 -28.021 -231.917 jngb-envmap
1019 1 10 280 0 -1 0 362.201 -46.938 -321.332 353.208 -52.031 -330.507 371.192 -43.781 -312.444 jngb-envmap
1020 1 10 390 0 -1 0 434.221 -28.236 -302.850 428.417 -30.099 -313.334 440.024 -25.066 -292.334 jngb-envmap
1021 1 29 390 0 -1 0 434.221 -28.236 -304.596 428.417 -30.099 -313.334 440.024 -25.066 -295.850 jngb-precursor-plainstripe
1022 1 29 398 0 -1 0 270.208 -34.097 -261.868 264.404 -35.961 -270.606 276.012 -30.928 -253.122 jngb-precursor-plainstripe
1023 1 22 282 0 -1 0 271.149 -50.962 -249.121 262.110 -54.227 -258.355 280.032 -50.008 -239.745 jngb-precursor-metal-plain-01
1024 1 22 285 0 -1 0 322.018 -45.056 -241.036 305.600 -54.208 -249.402 334.334 -31.708 -232.683 jngb-precursor-metal-plain-01
1025 1 10 389 0 -1 0 381.006 -33.758 -241.052 373.990 -35.256 -244.505 387.990 -31.210 -237.598 jngb-envmap
1026 1 10 393 0 -1 0 341.006 -33.758 -241.052 333.990 -35.256 -244.505 347.990 -31.210 -237.598 jngb-envmap
1027 1 22 389 0 -1 0 379.260 -33.758 -241.052 373.990 -35.256 -244.505 384.506 -31.210 -237.598 jngb-precursor-metal-plain-01
1028 1 22 393 0 -1 0 339.260 -33.758 -241.052 333.990 -35.256 -244.505 344.506 -31.210 -237.598 jngb-precursor-metal-plain-01
1029 1 29 389 0 -1 0 382.752 -33.758 -241.052 377.506 -35.256 -244.505 387.990 -31.210 -237.598 jngb-precursor-plainstripe
1030 1 29 393 0 -1 0 342.752 -33.758 -241.052 337.506 -35.256 -244.505 347.990 -31.210 -237.598 jngb-precursor-plainstripe
1031 1 19 240 0 -1 0 348.697 -56.095 -241.047 347.278 -57.991 -247.065 349.981 -53.913 -235.080 jng-precursor-metal-plain-fade-01small
1032 1 2 507 0 -1 0 374.455 -41.175 -239.774 374.323 -41.490 -240.005 374.554 -40.860 -239.375 cmn-precursor-metal-plain-01
1033 1 2 508 0 -1 0 374.456 -41.175 -242.336 374.344 -41.490 -242.735 374.554 -40.860 -242.105 cmn-precursor-metal-plain-01
1034 1 2 509 0 -1 0 405.390 -34.054 -242.336 405.291 -34.368 -242.735 405.522 -33.739 -242.105 cmn-precursor-metal-plain-01
1035 1 2 510 0 -1 0 405.389 -34.054 -239.774 405.291 -34.368 -240.005 405.501 -33.739 -239.375 cmn-precursor-metal-plain-01
1036 1 2 511 0 -1 0 350.049 -41.360 -242.336 349.950 -41.675 -242.735 350.182 -41.045 -242.105 cmn-precursor-metal-plain-01
1037 1 2 512 0 -1 0 350.049 -41.360 -239.774 349.950 -41.675 -240.005 350.161 -41.045 -239.375 cmn-precursor-metal-plain-01
1038 1 10 507 0 -1 0 374.455 -41.175 -239.774 374.323 -41.490 -240.005 374.554 -40.860 -239.375 jngb-envmap
1039 1 10 508 0 -1 0 374.456 -41.175 -242.336 374.344 -41.490 -242.735 374.554 -40.860 -242.105 jngb-envmap
1040 1 10 509 0 -1 0 405.390 -34.054 -242.336 405.291 -34.368 -242.735 405.522 -33.739 -242.105 jngb-envmap
1041 1 10 510 0 -1 0 405.389 -34.054 -239.774 405.291 -34.368 -240.005 405.501 -33.739 -239.375 jngb-envmap
1042 1 10 511 0 -1 0 350.049 -41.360 -242.336 349.950 -41.675 -242.735 350.182 -41.045 -242.105 jngb-envmap
1043 1 10 512 0 -1 0 350.049 -41.360 -239.774 349.950 -41.675 -240.005 350.161 -41.045 -239.375 jngb-envmap
1044 1 18 228 0 -1 0 370.712 -49.957 -297.028 370.189 -51.992 -297.188 371.377 -47.914 -296.829 junb-darker-metal-edge-fade-01tga
1045 1 18 230 0 -1 0 422.173 -49.957 -332.543 421.974 -51.992 -333.066 422.333 -47.914 -331.878 junb-darker-metal-edge-fade-01tga
1046 1 18 232 0 -1 0 374.227 -49.957 -349.567 374.067 -51.992 -350.232 374.426 -47.914 -349.044 junb-darker-metal-edge-fade-01tga
1047 1 18 234 0 -1 0 353.688 -49.957 -313.082 353.023 -51.992 -313.281 354.211 -47.914 -312.922 junb-darker-metal-edge-fade-01tga
1048 1 18 236 0 -1 0 370.712 -49.957 -329.028 370.189 -51.992 -329.188 371.377 -47.914 -328.829 junb-darker-metal-edge-fade-01tga
1049 1 18 238 0 -1 0 306.227 -55.957 -249.566 306.067 -57.992 -250.232 306.426 -53.914 -249.044 junb-darker-metal-edge-fade-01tga
1050 1 10 400 0 -1 0 434.191 -41.617 -248.535 429.870 -43.724 -252.855 438.511 -39.646 -244.214 jngb-envmap
1051 1 23 154 0 -1 0 362.194 -28.262 -277.281 353.171 -43.992 -285.050 371.203 -22.023 -269.050 jngb-precursor-circuitpattern-01
1052 1 23 285 0 -1 0 326.418 -34.269 -241.034 318.209 -50.052 -250.058 334.209 -28.021 -232.027 jngb-precursor-circuitpattern-01
1053 1 17 162 0 -1 0 394.314 -55.961 -235.541 390.334 -57.996 -235.983 398.178 -53.918 -235.061 jng-precursor-metal-plain-fade-01
1054 1 17 163 0 -1 0 386.218 -55.961 -246.569 382.355 -57.996 -247.049 390.199 -53.918 -246.127 jng-precursor-metal-plain-fade-01
1055 1 17 164 0 -1 0 378.182 -55.961 -235.541 374.202 -57.996 -235.983 382.045 -53.918 -235.061 jng-precursor-metal-plain-fade-01
1056 1 17 165 0 -1 0 386.182 -55.961 -235.541 382.202 -57.996 -235.983 390.045 -53.918 -235.061 jng-precursor-metal-plain-fade-01
1057 1 17 166 0 -1 0 394.350 -55.961 -246.569 390.487 -57.996 -247.049 398.331 -53.918 -246.127 jng-precursor-metal-plain-fade-01
1058 1 17 167 0 -1 0 425.686 -49.961 -293.073 425.206 -51.996 -297.054 426.128 -47.918 -289.210 jng-precursor-metal-plain-fade-01
1059 1 17 168 0 -1 0 442.714 -49.961 -301.037 442.272 -51.996 -304.900 443.194 -47.918 -297.057 jng-precursor-metal-plain-fade-01
1060 1 17 169 0 -1 0 442.714 -49.961 -293.037 442.272 -51.996 -296.900 443.194 -47.918 -289.057 jng-precursor-metal-plain-fade-01
1061 1 17 170 0 -1 0 425.686 -49.961 -301.073 425.206 -51.996 -305.054 426.128 -47.918 -297.210 jng-precursor-metal-plain-fade-01
1062 1 17 171 0 -1 0 346.218 -55.961 -246.569 342.355 -57.996 -247.049 350.199 -53.918 -246.127 jng-precursor-metal-plain-fade-01
1063 1 17 172 0 -1 0 356.686 -49.961 -289.073 356.206 -51.996 -293.054 357.128 -47.918 -285.210 jng-precursor-metal-plain-fade-01
1064 1 17 173 0 -1 0 367.714 -49.961 -289.037 367.272 -51.996 -292.900 368.194 -47.918 -285.057 jng-precursor-metal-plain-fade-01
1065 1 17 174 0 -1 0 353.686 -49.961 -301.073 353.206 -51.996 -305.054 354.128 -47.918 -297.210 jng-precursor-metal-plain-fade-01
1066 1 17 175 0 -1 0 370.714 -49.961 -301.037 370.272 -51.996 -304.900 371.194 -47.918 -297.057 jng-precursor-metal-plain-fade-01
1067 1 17 176 0 -1 0 353.686 -49.961 -309.073 353.206 -51.996 -313.054 354.128 -47.918 -305.210 jng-precursor-metal-plain-fade-01
1068 1 17 177 0 -1 0 442.714 -49.961 -317.037 442.272 -51.996 -320.900 443.194 -47.918 -313.057 jng-precursor-metal-plain-fade-01
1069 1 17 178 0 -1 0 442.714 -49.961 -309.037 442.272 -51.996 -312.900 443.194 -47.918 -305.057 jng-precursor-metal-plain-fade-01
1070 1 17 179 0 -1 0 434.218 -49.961 -349.569 430.355 -51.996 -350.049 438.199 -47.918 -349.127 jng-precursor-metal-plain-fade-01
1071 1 17 180 0 -1 0 442.714 -49.961 -341.037 442.272 -51.996 -344.900 443.194 -47.918 -337.057 jng-precursor-metal-plain-fade-01
1072 1 17 181 0 -1 0 426.218 -49.961 -349.569 422.355 -51.996 -350.049 430.199 -47.918 -349.127 jng-precursor-metal-plain-fade-01
1073 1 17 182 0 -1 0 442.714 -49.961 -333.037 442.272 -51.996 -336.900 443.194 -47.918 -329.057 jng-precursor-metal-plain-fade-01
1074 1 17 183 0 -1 0 442.714 -49.961 -325.037 442.272 -51.996 -328.900 443.194 -47.918 -321.057 jng-precursor-metal-plain-fade-01
1075 1 17 184 0 -1 0 425.686 -49.961 -325.073 425.206 -51.996 -329.054 426.128 -47.918 -321.210 jng-precursor-metal-plain-fade-01
1076 1 17 185 0 -1 0 425.686 -49.961 -317.073 425.206 -51.996 -321.054 426.128 -47.918 -313.210 jng-precursor-metal-plain-fade-01
1077 1 17 186 0 -1 0 425.686 -49.961 -309.073 425.206 -51.996 -313.054 426.128 -47.918 -305.210 jng-precursor-metal-plain-fade-01
1078 1 17 187 0 -1 0 406.218 -49.961 -346.569 402.355 -51.996 -347.049 410.199 -47.918 -346.127 jng-precursor-metal-plain-fade-01
1079 1 17 188 0 -1 0 406.182 -49.961 -335.541 402.202 -51.996 -335.983 410.045 -47.918 -335.061 jng-precursor-metal-plain-fade-01
1080 1 17 189 0 -1 0 414.218 -49.961 -346.569 410.355 -51.996 -347.049 418.199 -47.918 -346.127 jng-precursor-metal-plain-fade-01
1081 1 17 190 0 -1 0 414.182 -49.961 -335.541 410.202 -51.996 -335.983 418.045 -47.918 -335.061 jng-precursor-metal-plain-fade-01
1082 1 17 191 0 -1 0 382.218 -49.961 -346.569 378.355 -51.996 -347.049 386.199 -47.918 -346.127 jng-precursor-metal-plain-fade-01
1083 1 17 192 0 -1 0 382.182 -49.961 -335.541 378.202 -51.996 -335.983 386.045 -47.918 -335.061 jng-precursor-metal-plain-fade-01
1084 1 17 193 0 -1 0 390.182 -49.961 -335.541 386.202 -51.996 -335.983 394.045 -47.918 -335.061 jng-precursor-metal-plain-fade-01
1085 1 17 194 0 -1 0 398.182 -49.961 -335.541 394.202 -51.996 -335.983 402.045 -47.918 -335.061 jng-precursor-metal-plain-fade-01
1086 1 17 195 0 -1 0 390.218 -49.961 -346.569 386.355 -51.996 -347.049 394.199 -47.918 -346.127 jng-precursor-metal-plain-fade-01
1087 1 17 196 0 -1 0 398.218 -49.961 -346.569 394.355 -51.996 -347.049 402.199 -47.918 -346.127 jng-precursor-metal-plain-fade-01
1088 1 17 197 0 -1 0 370.714 -49.961 -309.037 370.272 -51.996 -312.900 371.194 -47.918 -305.057 jng-precursor-metal-plain-fade-01
1089 1 17 198 0 -1 0 356.686 -49.961 -321.073 356.206 -51.996 -325.054 357.128 -47.918 -317.210 jng-precursor-metal-plain-fade-01
1090 1 17 199 0 -1 0 367.714 -49.961 -321.037 367.272 -51.996 -324.900 368.194 -47.918 -317.057 jng-precursor-metal-plain-fade-01
1091 1 17 200 0 -1 0 362.218 -49.961 -349.569 358.355 -51.996 -350.049 366.199 -47.918 -349.127 jng-precursor-metal-plain-fade-01
1092 1 17 201 0 -1 0 370.218 -49.961 -349.569 366.355 -51.996 -350.049 374.199 -47.918 -349.127 jng-precursor-metal-plain-fade-01
1093 1 17 202 0 -1 0 353.686 -49.961 -333.073 353.206 -51.996 -337.054 354.128 -47.918 -329.210 jng-precursor-metal-plain-fade-01
1094 1 17 203 0 -1 0 353.686 -49.961 -341.073 353.206 -51.996 -345.054 354.128 -47.918 -337.210 jng-precursor-metal-plain-fade-01
1095 1 17 204 0 -1 0 314.182 -55.961 -235.541 310.202 -57.996 -235.983 318.045 -53.918 -235.061 jng-precursor-metal-plain-fade-01
1096 1 17 205 0 -1 0 286.218 -55.961 -249.569 282.355 -57.996 -250.049 290.199 -53.918 -249.127 jng-precursor-metal-plain-fade-01
1097 1 17 206 0 -1 0 286.182 -55.961 -232.541 282.202 -57.996 -232.983 290.045 -53.918 -232.061 jng-precursor-metal-plain-fade-01
1098 1 17 207 0 -1 0 294.218 -55.961 -249.569 290.355 -57.996 -250.049 298.199 -53.918 -249.127 jng-precursor-metal-plain-fade-01
1099 1 17 208 0 -1 0 338.182 -55.961 -235.541 334.202 -57.996 -235.983 342.045 -53.918 -235.061 jng-precursor-metal-plain-fade-01
1100 1 17 209 0 -1 0 302.182 -55.961 -232.541 298.202 -57.996 -232.983 306.045 -53.918 -232.061 jng-precursor-metal-plain-fade-01
1101 1 17 210 0 -1 0 294.182 -55.961 -232.541 290.202 -57.996 -232.983 298.045 -53.918 -232.061 jng-precursor-metal-plain-fade-01
1102 1 17 211 0 -1 0 302.218 -55.961 -249.569 298.355 -57.996 -250.049 306.199 -53.918 -249.127 jng-precursor-metal-plain-fade-01
1103 1 17 212 0 -1 0 314.218 -55.961 -246.569 310.355 -57.996 -247.049 318.199 -53.918 -246.127 jng-precursor-metal-plain-fade-01
1104 1 17 213 0 -1 0 338.218 -55.961 -246.569 334.355 -57.996 -247.049 342.199 -53.918 -246.127 jng-precursor-metal-plain-fade-01
1105 1 17 214 0 -1 0 278.182 -55.961 -232.541 274.202 -57.996 -232.983 282.045 -53.918 -232.061 jng-precursor-metal-plain-fade-01
1106 1 17 215 0 -1 0 278.714 -55.961 -257.037 278.272 -57.996 -260.900 279.194 -53.918 -253.056 jng-precursor-metal-plain-fade-01
1107 1 17 216 0 -1 0 278.714 -55.961 -265.037 278.272 -57.996 -268.900 279.194 -53.918 -261.057 jng-precursor-metal-plain-fade-01
1108 1 17 217 0 -1 0 270.182 -55.961 -232.541 266.202 -57.996 -232.983 274.045 -53.918 -232.061 jng-precursor-metal-plain-fade-01
1109 1 17 218 0 -1 0 261.686 -55.961 -241.073 261.206 -57.996 -245.054 262.128 -53.918 -237.210 jng-precursor-metal-plain-fade-01
1110 1 17 219 0 -1 0 261.686 -55.961 -249.073 261.206 -57.996 -253.054 262.128 -53.918 -245.210 jng-precursor-metal-plain-fade-01
1111 1 17 220 0 -1 0 261.686 -55.961 -257.073 261.206 -57.996 -261.054 262.128 -53.918 -253.210 jng-precursor-metal-plain-fade-01
1112 1 17 221 0 -1 0 261.686 -55.961 -265.073 261.206 -57.996 -269.054 262.128 -53.918 -261.210 jng-precursor-metal-plain-fade-01
1113 1 19 285 0 -1 0 315.981 -56.077 -241.038 305.975 -57.989 -250.042 334.209 -53.911 -232.058 jng-precursor-metal-plain-fade-01small
1114 1 10 154 0 -1 0 362.184 -37.526 -274.495 353.062 -51.992 -294.347 371.312 -22.023 -252.472 jngb-envmap
1115 1 19 282 0 -1 0 271.827 -56.132 -249.023 261.204 -58.008 -257.980 280.313 -53.930 -240.120 jng-precursor-metal-plain-fade-01small
1116 1 22 259 0 -1 0 270.206 -50.265 -294.159 249.993 -54.231 -316.512 290.368 -50.013 -276.543 jngb-precursor-metal-plain-01
1117 1 10 435 0 -1 0 434.185 -12.981 -248.738 417.092 -14.589 -265.837 451.280 -11.042 -231.665 jngb-envmap
1118 1 17 263 0 -1 0 424.595 -49.959 -331.428 422.204 -51.994 -332.968 426.125 -47.916 -329.046 jng-precursor-metal-plain-fade-01
1119 1 17 264 0 -1 0 371.827 -49.959 -331.450 370.287 -51.994 -332.980 374.209 -47.916 -329.058 jng-precursor-metal-plain-fade-01
1120 1 17 265 0 -1 0 279.805 -55.959 -250.682 278.275 -57.994 -253.064 282.197 -53.916 -249.142 jng-precursor-metal-plain-fade-01
1121 1 22 392 0 -1 0 362.005 -28.035 -261.638 358.552 -29.533 -263.634 365.459 -25.486 -259.616 jngb-precursor-metal-plain-01
1122 1 33 435 0 -1 0 434.184 -11.415 -248.755 428.358 -11.683 -254.571 440.014 -11.042 -242.931 jngb-blue
1123 1 10 521 0 -1 0 403.985 -43.544 -241.178 397.135 -46.876 -250.799 414.526 -42.485 -233.346 jngb-envmap
1124 1 33 436 0 -1 0 270.217 -9.467 -296.457 267.510 -9.692 -299.159 272.917 -9.161 -293.753 jngb-blue
1125 1 10 228 0 -1 0 369.865 -36.826 -297.028 366.096 -51.992 -297.188 371.377 -21.992 -296.829 jngb-envmap
1126 1 10 230 0 -1 0 422.173 -36.826 -333.390 421.974 -51.992 -337.159 422.333 -21.992 -331.878 jngb-envmap
1127 1 10 232 0 -1 0 374.227 -36.826 -348.720 374.067 -51.992 -350.232 374.426 -21.992 -344.951 jngb-envmap
1128 1 10 234 0 -1 0 354.535 -36.826 -313.082 353.023 -51.992 -313.281 358.304 -21.992 -312.922 jngb-envmap
1129 1 10 236 0 -1 0 369.865 -36.826 -329.028 366.096 -51.992 -329.188 371.377 -21.992 -328.829 jngb-envmap
1130 1 10 238 0 -1 0 306.227 -42.826 -248.720 306.067 -57.992 -250.232 306.426 -27.992 -244.951 jngb-envmap
1131 1 10 405 0 -1 0 286.628 -34.158 -289.581 280.240 -50.390 -295.096 290.164 -18.328 -283.691 jngb-envmap
1132 1 10 406 0 -1 0 286.610 -34.158 -303.165 280.241 -50.390 -309.074 290.112 -18.328 -297.657 jngb-envmap
1133 1 10 407 0 -1 0 276.995 -34.158 -312.748 271.480 -50.390 -316.284 282.885 -18.328 -306.360 jngb-envmap
1134 1 10 408 0 -1 0 253.828 -34.158 -303.115 250.292 -50.390 -309.005 260.216 -18.328 -297.600 jngb-envmap
1135 1 10 409 0 -1 0 263.411 -34.158 -312.730 257.502 -50.390 -316.232 268.920 -18.328 -306.361 jngb-envmap
1136 1 10 410 0 -1 0 253.846 -34.158 -289.531 250.344 -50.390 -295.039 260.216 -18.328 -283.622 jngb-envmap
1137 1 20 367 0 -1 0 448.403 -29.617 -234.488 442.120 -46.852 -240.823 459.951 -12.086 -222.959 jngb-precursor-metal-edging-01
1138 1 20 369 0 -1 0 420.051 -29.617 -234.527 408.522 -46.852 -240.810 426.386 -12.086 -222.979 jngb-precursor-metal-edging-01
1139 1 20 370 0 -1 0 448.442 -29.617 -262.840 442.107 -46.852 -274.387 459.971 -12.086 -256.557 jngb-precursor-metal-edging-01
1140 1 20 371 0 -1 0 420.090 -29.617 -262.879 408.543 -46.852 -274.408 426.373 -12.086 -256.544 jngb-precursor-metal-edging-01
1141 1 27 440 0 -1 0 451.193 -43.163 -246.062 449.896 -43.163 -247.359 452.490 -43.163 -244.766 jngb-ecovalve-grate
1142 1 27 441 0 -1 0 355.624 -49.638 -248.061 354.327 -49.638 -249.358 356.921 -49.638 -246.765 jngb-ecovalve-grate
1143 1 27 442 0 -1 0 262.095 -49.350 -301.786 260.798 -49.350 -303.082 263.392 -49.350 -300.489 jngb-ecovalve-grate
1144 1 10 440 0 -1 0 451.193 -43.163 -246.062 449.896 -43.163 -247.359 452.490 -43.163 -244.766 jngb-envmap
1145 1 10 441 0 -1 0 355.624 -49.638 -248.061 354.327 -49.638 -249.358 356.921 -49.638 -246.765 jngb-envmap
1146 1 10 442 0 -1 0 262.095 -49.350 -301.786 260.798 -49.350 -303.082 263.392 -49.350 -300.489 jngb-envmap
1147 1 16 228 0 -1 0 369.735 -34.806 -297.028 366.096 -47.914 -297.188 371.330 -21.992 -296.829 junb-darker-metal
1148 1 16 230 0 -1 0 422.173 -34.806 -333.520 421.974 -47.914 -337.159 422.333 -21.992 -331.925 junb-darker-metal
1149 1 16 232 0 -1 0 374.227 -34.806 -348.590 374.067 -47.914 -350.185 374.426 -21.992 -344.951 junb-darker-metal
1150 1 16 234 0 -1 0 354.665 -34.806 -313.082 353.070 -47.914 -313.281 358.304 -21.992 -312.922 junb-darker-metal
1151 1 16 236 0 -1 0 369.735 -34.806 -329.028 366.096 -47.914 -329.188 371.330 -21.992 -328.829 junb-darker-metal
1152 1 16 238 0 -1 0 306.227 -40.806 -248.590 306.067 -53.914 -250.185 306.426 -27.992 -244.951 junb-darker-metal
1153 1 16 240 0 -1 0 362.190 -44.286 -241.091 349.090 -52.538 -247.815 375.278 -30.445 -234.549 junb-darker-metal
1154 1 10 392 0 -1 0 362.005 -28.035 -263.634 358.552 -29.533 -267.615 365.459 -25.486 -259.616 jngb-envmap
1155 1 22 523 0 -1 0 392.072 -47.694 -241.010 389.588 -51.204 -247.346 398.776 -46.532 -234.659 jngb-precursor-metal-plain-01
1156 1 10 523 0 -1 0 392.072 -47.694 -241.010 389.588 -51.204 -247.346 398.776 -46.532 -234.659 jngb-envmap
1157 1 10 384 0 -1 0 434.257 -37.064 -248.501 426.323 -37.989 -256.433 442.198 -36.552 -240.558 jngb-envmap
1158 1 22 154 0 -1 0 362.181 -38.446 -271.665 353.828 -48.211 -294.347 370.546 -25.711 -252.472 jngb-precursor-metal-plain-01
1159 1 34 284 0 -1 0 434.192 -43.802 -256.974 412.323 -43.802 -277.964 456.042 -43.802 -226.433 jngb-precursor-circuitpattern-andwall-02
1160 1 16 242 0 -1 0 281.856 -27.904 -307.971 279.875 -31.116 -311.469 285.354 -24.695 -305.989 junb-darker-metal
1161 1 16 243 0 -1 0 281.852 -27.904 -284.720 279.870 -31.116 -286.702 285.349 -24.695 -281.222 junb-darker-metal
1162 1 16 245 0 -1 0 258.600 -27.904 -284.725 255.103 -31.116 -286.707 260.582 -24.695 -281.227 junb-darker-metal
1163 1 16 246 0 -1 0 258.605 -27.904 -307.976 255.107 -31.116 -311.474 260.587 -24.695 -305.994 junb-darker-metal
1164 1 22 521 0 -1 0 402.588 -43.528 -241.067 397.135 -46.876 -249.174 412.979 -42.485 -233.393 jngb-precursor-metal-plain-01
1165 1 3 154 0 -1 0 362.187 -50.105 -292.384 356.187 -51.992 -293.972 368.187 -47.992 -291.050 jngb-precursor-metal-plain-fade-01small
1166 1 17 267 0 -1 0 425.660 -50.125 -328.152 411.268 -52.007 -347.048 443.768 -48.007 -318.126 jng-precursor-metal-plain-fade-01
1167 1 23 435 0 -1 0 434.187 -12.828 -248.732 422.967 -14.589 -259.947 445.405 -11.683 -237.509 jngb-precursor-circuitpattern-01
1168 1 23 436 0 -1 0 270.213 -10.635 -296.449 264.995 -12.083 -301.659 275.432 -9.692 -291.222 jngb-precursor-circuitpattern-01
1169 1 17 281 0 -1 0 434.188 -49.955 -284.156 423.188 -51.990 -289.041 445.188 -47.912 -278.963 jng-precursor-metal-plain-fade-01
1170 1 17 280 0 -1 0 362.202 -50.086 -321.406 353.208 -52.031 -330.132 371.192 -47.937 -312.819 jng-precursor-metal-plain-fade-01
1171 1 19 283 0 -1 0 286.212 -55.800 -237.070 282.452 -57.964 -240.525 289.952 -53.683 -232.838 jng-precursor-metal-plain-fade-01small
1172 1 10 249 0 -1 0 427.570 -28.187 -277.275 415.438 -46.412 -285.525 440.469 -10.193 -272.650 jngb-envmap
1173 1 10 250 0 -1 0 441.498 -28.185 -277.280 428.657 -46.412 -285.525 453.594 -10.193 -272.650 jngb-envmap
1174 1 29 286 0 -1 0 270.183 -33.213 -281.787 255.973 -50.546 -286.301 284.395 -18.905 -277.583 jngb-precursor-plainstripe
1175 1 7 135 0 -1 0 362.197 -50.483 -241.045 356.343 -50.866 -246.908 368.093 -49.960 -235.158 jngb-precursor-circuitpattern-01-glow
1176 1 30 435 0 -1 0 434.181 -13.179 -248.744 417.092 -13.792 -265.837 451.280 -12.433 -231.665 jngb-stonehengetop
1177 1 16 249 0 -1 0 424.946 -29.946 -277.454 417.125 -34.490 -283.994 429.641 -25.099 -273.353 junb-darker-metal
1178 1 16 250 0 -1 0 444.113 -29.945 -277.461 439.438 -34.490 -283.994 451.922 -25.099 -273.353 junb-darker-metal
1179 1 17 266 0 -1 0 384.203 -50.124 -341.059 377.279 -52.012 -347.051 391.123 -48.012 -335.051 jng-precursor-metal-plain-fade-01
1180 1 30 455 0 -1 0 392.221 -31.213 -241.062 388.004 -35.258 -244.516 396.284 -27.165 -237.609 jngb-stonehengetop
1181 1 30 456 0 -1 0 434.211 -25.082 -290.218 428.408 -30.113 -292.336 440.015 -20.047 -288.177 jngb-stonehengetop
1182 1 30 457 0 -1 0 372.289 -31.213 -241.048 370.648 -35.258 -244.501 373.992 -27.165 -237.594 jngb-stonehengetop
1183 1 30 458 0 -1 0 361.995 -31.213 -231.331 358.541 -35.258 -232.972 365.448 -27.165 -229.628 jngb-stonehengetop
1184 1 30 459 0 -1 0 362.010 -25.490 -250.905 358.556 -29.535 -252.608 365.463 -21.442 -249.264 jngb-stonehengetop
1185 1 30 460 0 -1 0 361.995 -25.490 -269.790 358.541 -29.535 -271.874 365.448 -21.442 -267.626 jngb-stonehengetop
1186 1 30 461 0 -1 0 350.551 -31.213 -241.062 348.007 -35.258 -244.516 353.001 -27.165 -237.609 jngb-stonehengetop
1187 1 30 462 0 -1 0 362.010 -25.490 -283.905 358.556 -29.535 -285.608 365.463 -21.442 -282.264 jngb-stonehengetop
1188 1 30 463 0 -1 0 361.995 -25.490 -294.331 358.541 -29.535 -295.972 365.448 -21.442 -292.628 jngb-stonehengetop
1189 1 30 464 0 -1 0 434.206 -25.082 -316.355 428.402 -30.113 -319.243 440.009 -20.047 -313.358 jngb-stonehengetop
1190 1 30 465 0 -1 0 421.643 -25.490 -341.625 419.940 -29.535 -345.079 423.283 -21.442 -338.172 jngb-stonehengetop
1191 1 30 466 0 -1 0 376.216 -25.490 -341.611 374.575 -29.535 -345.064 377.919 -21.442 -338.157 jngb-stonehengetop
1192 1 30 467 0 -1 0 362.010 -25.490 -315.905 358.556 -29.535 -317.608 365.463 -21.442 -314.264 jngb-stonehengetop
1193 1 30 468 0 -1 0 361.995 -25.490 -326.331 358.541 -29.535 -327.972 365.448 -21.442 -324.628 jngb-stonehengetop
1194 1 30 469 0 -1 0 307.289 -31.213 -241.048 305.648 -35.258 -244.501 308.992 -27.165 -237.594 jngb-stonehengetop
1195 1 30 470 0 -1 0 332.289 -31.213 -241.048 330.648 -35.258 -244.501 333.992 -27.165 -237.594 jngb-stonehengetop
1196 1 30 471 0 -1 0 318.965 -31.213 -241.062 316.006 -35.258 -244.516 321.815 -27.165 -237.609 jngb-stonehengetop
1197 1 30 472 0 -1 0 270.199 -30.944 -247.490 264.395 -35.975 -249.608 276.002 -25.909 -245.449 jngb-stonehengetop
1198 1 30 473 0 -1 0 270.193 -30.944 -273.627 264.390 -35.975 -276.515 275.997 -25.909 -270.630 jngb-stonehengetop
1199 1 10 391 0 -1 0 362.005 -28.035 -256.122 358.552 -29.533 -259.606 365.459 -25.486 -252.607 jngb-envmap
1200 1 10 394 0 -1 0 362.005 -28.035 -289.122 358.552 -29.533 -292.606 365.459 -25.486 -285.606 jngb-envmap
1201 1 10 396 0 -1 0 362.005 -28.035 -321.122 358.552 -29.533 -324.606 365.459 -25.486 -317.606 jngb-envmap
1202 1 10 397 0 -1 0 312.506 -33.758 -241.052 308.990 -35.256 -244.505 315.990 -31.210 -237.598 jngb-envmap
1203 1 16 241 0 -1 0 286.665 -27.904 -296.357 284.768 -31.116 -298.935 289.049 -24.695 -293.779 junb-darker-metal
1204 1 16 244 0 -1 0 270.219 -27.904 -312.784 267.641 -31.116 -315.169 272.797 -24.695 -310.888 junb-darker-metal
1205 1 16 247 0 -1 0 253.792 -27.904 -296.339 251.407 -31.116 -298.917 255.688 -24.695 -293.761 junb-darker-metal
1206 1 19 284 0 -1 0 434.208 -50.122 -287.717 424.636 -51.989 -289.136 443.776 -47.989 -286.214 jng-precursor-metal-plain-fade-01small
1207 1 19 286 0 -1 0 270.190 -55.690 -271.734 260.082 -57.983 -277.661 280.285 -53.499 -268.114 jng-precursor-metal-plain-fade-01small
1208 1 19 259 0 -1 0 270.182 -56.081 -278.419 257.962 -58.013 -279.840 282.430 -53.935 -276.918 jng-precursor-metal-plain-fade-01small
1209 1 20 366 0 -1 0 454.296 -29.617 -248.662 446.381 -46.852 -256.269 463.303 -12.086 -241.112 jngb-precursor-metal-edging-01
1210 1 20 368 0 -1 0 434.225 -29.617 -228.634 426.676 -46.852 -236.549 441.832 -12.086 -219.627 jngb-precursor-metal-edging-01
1211 1 23 361 0 -1 0 457.229 -30.206 -239.608 453.063 -31.326 -248.352 459.859 -29.091 -231.836 jngb-precursor-circuitpattern-01
1212 1 23 362 0 -1 0 444.092 -30.206 -226.017 436.126 -31.326 -231.056 452.123 -29.091 -222.915 jngb-precursor-circuitpattern-01
1213 1 23 363 0 -1 0 425.171 -30.206 -225.701 417.399 -31.326 -229.867 433.915 -29.091 -223.071 jngb-precursor-circuitpattern-01
1214 1 23 364 0 -1 0 411.264 -30.206 -257.759 408.634 -31.326 -265.531 415.431 -29.091 -249.015 jngb-precursor-circuitpattern-01
1215 1 23 365 0 -1 0 456.913 -30.206 -258.529 451.873 -31.326 -266.560 460.015 -29.091 -250.563 jngb-precursor-circuitpattern-01
1216 1 30 361 0 -1 0 457.881 -37.578 -239.316 453.328 -40.138 -248.320 461.969 -34.872 -230.414 jngb-stonehengetop
1217 1 30 362 0 -1 0 444.347 -37.578 -225.349 436.126 -40.138 -230.780 453.570 -34.872 -220.760 jngb-stonehengetop
1218 1 30 363 0 -1 0 424.879 -37.578 -225.049 415.977 -40.138 -229.602 433.884 -34.872 -220.961 jngb-stonehengetop
1219 1 30 364 0 -1 0 410.612 -37.578 -258.051 406.524 -40.138 -266.953 415.165 -34.872 -249.046 jngb-stonehengetop
1220 1 30 365 0 -1 0 457.581 -37.578 -258.784 452.150 -40.138 -268.007 462.170 -34.872 -250.563 jngb-stonehengetop
1221 1 22 391 0 -1 0 362.005 -28.035 -254.376 358.552 -29.533 -256.122 365.459 -25.486 -252.607 jngb-precursor-metal-plain-01
1222 1 22 394 0 -1 0 362.005 -28.035 -287.376 358.552 -29.533 -289.122 365.459 -25.486 -285.606 jngb-precursor-metal-plain-01
1223 1 22 396 0 -1 0 362.005 -28.035 -319.376 358.552 -29.533 -321.122 365.459 -25.486 -317.606 jngb-precursor-metal-plain-01
1224 1 22 397 0 -1 0 310.760 -33.758 -241.052 308.990 -35.256 -244.505 312.506 -31.210 -237.598 jngb-precursor-metal-plain-01
1225 1 29 391 0 -1 0 362.005 -28.035 -257.868 358.552 -29.533 -259.606 365.459 -25.486 -256.122 jngb-precursor-plainstripe
1226 1 29 392 0 -1 0 362.005 -28.035 -265.629 358.552 -29.533 -267.615 365.459 -25.486 -263.634 jngb-precursor-plainstripe
1227 1 29 394 0 -1 0 362.005 -28.035 -290.868 358.552 -29.533 -292.606 365.459 -25.486 -289.122 jngb-precursor-plainstripe
1228 1 29 396 0 -1 0 362.005 -28.035 -322.868 358.552 -29.533 -324.606 365.459 -25.486 -321.122 jngb-precursor-plainstripe
1229 1 29 397 0 -1 0 314.252 -33.758 -241.052 312.506 -35.256 -244.505 315.990 -31.210 -237.598 jngb-precursor-plainstripe
1230 1 17 240 0 -1 0 346.323 -55.956 -235.549 342.340 -57.991 -235.987 350.200 -53.913 -235.080 jng-precursor-metal-plain-fade-01
1231 1 17 268 0 -1 0 369.342 -49.957 -294.985 367.283 -51.992 -297.048 371.174 -47.914 -293.048 jng-precursor-metal-plain-fade-01
1232 1 17 270 0 -1 0 420.130 -49.957 -333.913 418.193 -51.992 -335.972 422.193 -47.914 -332.081 jng-precursor-metal-plain-fade-01
1233 1 17 272 0 -1 0 376.270 -49.957 -348.197 374.207 -51.992 -350.029 378.207 -47.914 -346.138 jng-precursor-metal-plain-fade-01
1234 1 17 274 0 -1 0 355.058 -49.957 -315.125 353.226 -51.992 -317.062 357.117 -47.914 -313.062 jng-precursor-metal-plain-fade-01
1235 1 17 276 0 -1 0 369.342 -49.957 -326.985 367.283 -51.992 -329.048 371.174 -47.914 -325.048 jng-precursor-metal-plain-fade-01
1236 1 17 278 0 -1 0 308.270 -55.957 -248.197 306.207 -57.992 -250.029 310.207 -53.914 -246.138 jng-precursor-metal-plain-fade-01
1237 1 22 522 0 -1 0 405.188 -37.628 -241.124 397.276 -46.594 -253.752 411.182 -27.860 -228.565 jngb-precursor-metal-plain-01
1238 1 10 522 0 -1 0 405.188 -37.628 -241.124 397.276 -46.594 -253.752 411.182 -27.860 -228.565 jngb-envmap
1239 1 20 158 0 -1 0 274.950 -19.345 -287.182 270.421 -22.804 -291.711 279.479 -15.569 -282.654 jngb-precursor-metal-edging-01
1240 1 20 159 0 -1 0 265.407 -19.345 -305.712 260.879 -22.804 -310.240 269.936 -15.569 -301.183 jngb-precursor-metal-edging-01
1241 1 20 160 0 -1 0 260.969 -21.136 -291.774 256.442 -24.595 -296.302 265.498 -17.361 -287.246 jngb-precursor-metal-edging-01
1242 1 10 267 0 -1 0 429.050 -45.387 -333.084 410.893 -52.007 -349.048 443.768 -43.773 -317.751 jngb-envmap
1243 1 10 158 0 -1 0 274.958 -16.680 -287.604 270.421 -22.804 -291.711 279.479 -8.335 -282.654 jngb-envmap
1244 1 10 159 0 -1 0 265.399 -16.680 -305.290 260.879 -22.804 -310.240 269.936 -8.335 -301.183 jngb-envmap
1245 1 10 160 0 -1 0 261.259 -18.471 -292.081 256.442 -24.595 -296.302 265.498 -10.126 -287.246 jngb-envmap
1246 1 22 405 0 -1 0 286.521 -34.158 -289.623 280.240 -50.390 -295.096 290.164 -18.328 -283.691 jngb-precursor-metal-plain-01
1247 1 22 406 0 -1 0 286.505 -34.158 -303.119 280.241 -50.390 -309.074 290.112 -18.328 -297.657 jngb-precursor-metal-plain-01
1248 1 22 407 0 -1 0 276.953 -34.158 -312.641 271.480 -50.390 -316.284 282.885 -18.328 -306.360 jngb-precursor-metal-plain-01
1249 1 22 408 0 -1 0 253.935 -34.158 -303.073 250.292 -50.390 -309.005 260.216 -18.328 -297.600 jngb-precursor-metal-plain-01
1250 1 22 409 0 -1 0 263.457 -34.158 -312.625 257.502 -50.390 -316.232 268.920 -18.328 -306.361 jngb-precursor-metal-plain-01
1251 1 22 410 0 -1 0 253.951 -34.158 -289.577 250.344 -50.390 -295.039 260.216 -18.328 -283.622 jngb-precursor-metal-plain-01
1252 1 30 400 0 -1 0 434.195 -42.954 -248.534 429.870 -43.724 -252.855 438.511 -42.177 -244.214 jngb-stonehengetop
1253 1 10 436 0 -1 0 270.210 -10.759 -296.448 262.260 -12.083 -304.394 278.167 -9.161 -288.503 jngb-envmap
1254 1 10 286 0 -1 0 270.190 -37.240 -277.733 253.113 -57.983 -287.520 287.270 -15.780 -268.114 jngb-envmap
1255 1 10 263 0 -1 0 425.445 -36.827 -332.278 422.204 -51.994 -337.046 430.204 -21.994 -329.046 jngb-envmap
1256 1 10 264 0 -1 0 370.977 -36.827 -332.300 366.209 -51.994 -337.058 374.209 -21.994 -329.058 jngb-envmap
1257 1 10 265 0 -1 0 278.955 -42.827 -249.832 274.197 -57.994 -253.064 282.197 -27.994 -245.064 jngb-envmap
1258 1 22 384 0 -1 0 434.258 -37.234 -248.501 426.323 -37.989 -256.433 442.198 -36.552 -240.558 jngb-precursor-metal-plain-01
1259 1 10 374 0 -1 0 362.191 -18.555 -277.287 357.910 -21.780 -281.568 366.472 -14.032 -273.005 jngb-envmap
1260 1 10 375 0 -1 0 362.191 -11.056 -277.287 357.910 -14.280 -281.568 366.472 -6.532 -273.005 jngb-envmap
1261 1 10 376 0 -1 0 362.191 -3.555 -277.287 357.910 -6.780 -281.568 366.472 0.968 -273.005 jngb-envmap
1262 1 10 377 0 -1 0 326.421 -24.319 -241.057 322.140 -28.350 -245.338 330.702 -18.662 -236.776 jngb-envmap
1263 1 10 378 0 -1 0 326.421 -14.819 -241.057 322.140 -18.850 -245.338 330.702 -9.162 -236.776 jngb-envmap
1264 1 10 379 0 -1 0 326.421 -5.319 -241.057 322.140 -9.350 -245.338 330.702 0.338 -236.776 jngb-envmap
1265 1 10 380 0 -1 0 326.421 4.181 -241.057 322.140 0.150 -245.338 330.702 9.838 -236.776 jngb-envmap
1266 1 10 381 0 -1 0 326.421 13.681 -241.057 322.140 9.650 -245.338 330.702 19.338 -236.776 jngb-envmap
1267 1 10 268 0 -1 0 368.489 -36.819 -294.986 363.189 -51.992 -297.048 371.174 -21.992 -293.048 jngb-envmap
1268 1 10 270 0 -1 0 420.130 -36.819 -334.766 418.193 -51.992 -340.066 422.193 -21.992 -332.081 jngb-envmap
1269 1 10 272 0 -1 0 376.270 -36.819 -347.344 374.207 -51.992 -350.029 378.207 -21.992 -342.044 jngb-envmap
1270 1 10 274 0 -1 0 355.911 -36.819 -315.125 353.226 -51.992 -317.062 361.211 -21.992 -313.062 jngb-envmap
1271 1 10 276 0 -1 0 368.489 -36.819 -326.986 363.189 -51.992 -329.048 371.174 -21.992 -325.048 jngb-envmap
1272 1 10 278 0 -1 0 308.270 -42.819 -247.344 306.207 -57.992 -250.029 310.207 -27.992 -242.044 jngb-envmap
1273 1 22 361 0 -1 0 455.694 -32.961 -240.198 449.797 -46.263 -248.477 461.969 -19.576 -230.414 jngb-precursor-metal-plain-01
1274 1 22 362 0 -1 0 443.424 -32.961 -227.518 435.817 -46.263 -234.172 453.570 -19.576 -220.760 jngb-precursor-metal-plain-01
1275 1 22 363 0 -1 0 425.761 -32.961 -227.236 415.977 -46.263 -233.133 434.040 -19.576 -220.961 jngb-precursor-metal-plain-01
1276 1 22 364 0 -1 0 412.799 -32.961 -257.169 406.524 -46.263 -266.953 418.696 -19.576 -248.890 jngb-precursor-metal-plain-01
1277 1 22 365 0 -1 0 455.412 -32.961 -257.861 448.758 -46.263 -268.007 462.170 -19.576 -250.254 jngb-precursor-metal-plain-01
1278 1 8 148 0 -1 0 446.967 -43.763 -259.547 440.796 -43.763 -267.064 454.249 -43.763 -253.580 jngb-precursor-circuitpattern-andwall-02-glow
1279 1 8 150 0 -1 0 421.407 -43.763 -259.581 414.077 -43.763 -267.064 427.546 -43.763 -253.580 jngb-precursor-circuitpattern-andwall-02-glow
1280 1 8 151 0 -1 0 418.781 -43.763 -241.491 412.311 -43.763 -246.751 424.905 -43.763 -234.033 jngb-precursor-circuitpattern-andwall-02-glow
1281 1 8 152 0 -1 0 434.210 -43.763 -231.579 427.968 -43.763 -236.720 440.389 -43.763 -226.408 jngb-precursor-circuitpattern-andwall-02-glow
1282 1 8 153 0 -1 0 449.546 -43.763 -241.450 443.436 -43.763 -246.751 456.030 -43.763 -234.033 jngb-precursor-circuitpattern-andwall-02-glow
1283 1 10 269 0 -1 0 355.902 -36.819 -294.985 353.189 -51.992 -297.048 361.189 -21.992 -293.048 jngb-envmap
1284 1 10 271 0 -1 0 420.130 -36.819 -347.353 418.193 -51.992 -350.066 422.193 -21.992 -342.066 jngb-envmap
1285 1 10 273 0 -1 0 376.270 -36.819 -334.757 374.207 -51.992 -340.044 378.207 -21.992 -332.044 jngb-envmap
1286 1 10 275 0 -1 0 368.498 -36.819 -315.125 363.211 -51.992 -317.062 371.211 -21.992 -313.062 jngb-envmap
1287 1 10 277 0 -1 0 355.902 -36.819 -326.985 353.189 -51.992 -329.048 361.189 -21.992 -325.048 jngb-envmap
1288 1 10 279 0 -1 0 308.270 -42.819 -234.757 306.207 -57.992 -240.044 310.207 -27.992 -232.044 jngb-envmap
1289 1 22 411 0 -1 0 362.224 -43.791 -281.486 361.481 -44.163 -282.199 362.966 -43.398 -280.809 jngb-precursor-metal-plain-01
1290 1 22 412 0 -1 0 362.198 -43.791 -272.788 361.466 -44.163 -273.465 362.950 -43.398 -272.074 jngb-precursor-metal-plain-01
1291 1 22 413 0 -1 0 365.294 -43.791 -280.203 364.309 -44.163 -280.871 365.919 -43.398 -279.231 jngb-precursor-metal-plain-01
1292 1 22 414 0 -1 0 365.276 -43.791 -274.057 364.309 -44.163 -275.043 365.950 -43.398 -273.434 jngb-precursor-metal-plain-01
1293 1 22 415 0 -1 0 359.146 -43.791 -280.216 358.481 -44.163 -280.840 360.122 -43.398 -279.231 jngb-precursor-metal-plain-01
1294 1 22 416 0 -1 0 359.130 -43.791 -274.071 358.497 -44.163 -275.043 360.106 -43.398 -273.402 jngb-precursor-metal-plain-01
1295 1 22 417 0 -1 0 366.560 -43.791 -277.125 365.887 -44.163 -277.871 367.278 -43.398 -276.387 jngb-precursor-metal-plain-01
1296 1 22 418 0 -1 0 357.863 -43.791 -277.149 357.137 -44.163 -277.887 358.544 -43.398 -276.402 jngb-precursor-metal-plain-01
1297 1 22 419 0 -1 0 326.603 -49.827 -245.404 325.861 -50.198 -246.118 327.345 -49.433 -244.727 jngb-precursor-metal-plain-01
1298 1 22 420 0 -1 0 326.578 -49.827 -236.706 325.845 -50.198 -237.383 327.329 -49.433 -235.993 jngb-precursor-metal-plain-01
1299 1 22 421 0 -1 0 329.674 -49.827 -244.121 328.689 -50.198 -244.789 330.298 -49.433 -243.149 jngb-precursor-metal-plain-01
1300 1 22 422 0 -1 0 329.655 -49.827 -237.976 328.689 -50.198 -238.961 330.329 -49.433 -237.352 jngb-precursor-metal-plain-01
1301 1 22 423 0 -1 0 323.525 -49.827 -244.135 322.861 -50.198 -244.758 324.501 -49.433 -243.149 jngb-precursor-metal-plain-01
1302 1 22 424 0 -1 0 323.509 -49.827 -237.989 322.876 -50.198 -238.961 324.486 -49.433 -237.321 jngb-precursor-metal-plain-01
1303 1 22 425 0 -1 0 330.940 -49.827 -241.043 330.267 -50.198 -241.789 331.658 -49.433 -240.305 jngb-precursor-metal-plain-01
1304 1 22 426 0 -1 0 322.242 -49.827 -241.067 321.517 -50.198 -241.805 322.923 -49.433 -240.321 jngb-precursor-metal-plain-01
1305 1 22 427 0 -1 0 279.491 -49.944 -304.635 278.904 -50.238 -305.199 280.077 -49.633 -304.100 jngb-precursor-metal-plain-01
1306 1 22 428 0 -1 0 279.471 -49.944 -297.759 278.892 -50.238 -298.294 280.065 -49.633 -297.195 jngb-precursor-metal-plain-01
1307 1 22 429 0 -1 0 281.918 -49.944 -303.621 281.140 -50.238 -304.149 282.412 -49.633 -302.852 jngb-precursor-metal-plain-01
1308 1 22 430 0 -1 0 281.903 -49.944 -298.763 281.140 -50.238 -299.542 282.437 -49.633 -298.270 jngb-precursor-metal-plain-01
1309 1 22 431 0 -1 0 277.058 -49.944 -303.632 276.532 -50.238 -304.125 277.829 -49.633 -302.852 jngb-precursor-metal-plain-01
1310 1 22 432 0 -1 0 277.045 -49.944 -298.773 276.545 -50.238 -299.542 277.817 -49.633 -298.245 jngb-precursor-metal-plain-01
1311 1 22 433 0 -1 0 282.919 -49.944 -301.188 282.387 -50.238 -301.778 283.486 -49.633 -300.604 jngb-precursor-metal-plain-01
1312 1 22 434 0 -1 0 276.043 -49.944 -301.206 275.470 -50.238 -301.790 276.582 -49.633 -300.616 jngb-precursor-metal-plain-01
1313 1 10 411 0 -1 0 362.224 -43.791 -281.486 361.481 -44.163 -282.199 362.966 -43.398 -280.809 jngb-envmap
1314 1 10 412 0 -1 0 362.198 -43.791 -272.788 361.466 -44.163 -273.465 362.950 -43.398 -272.074 jngb-envmap
1315 1 10 413 0 -1 0 365.294 -43.791 -280.203 364.309 -44.163 -280.871 365.919 -43.398 -279.231 jngb-envmap
1316 1 10 414 0 -1 0 365.276 -43.791 -274.057 364.309 -44.163 -275.043 365.950 -43.398 -273.434 jngb-envmap
1317 1 10 415 0 -1 0 359.146 -43.791 -280.216 358.481 -44.163 -280.840 360.122 -43.398 -279.231 jngb-envmap
1318 1 10 416 0 -1 0 359.130 -43.791 -274.071 358.497 -44.163 -275.043 360.106 -43.398 -273.402 jngb-envmap
1319 1 10 417 0 -1 0 366.560 -43.791 -277.125 365.887 -44.163 -277.871 367.278 -43.398 -276.387 jngb-envmap
1320 1 10 418 0 -1 0 357.863 -43.791 -277.149 357.137 -44.163 -277.887 358.544 -43.398 -276.402 jngb-envmap
1321 1 10 419 0 -1 0 326.603 -49.827 -245.404 325.861 -50.198 -246.118 327.345 -49.433 -244.727 jngb-envmap
1322 1 10 420 0 -1 0 326.578 -49.827 -236.706 325.845 -50.198 -237.383 327.329 -49.433 -235.993 jngb-envmap
1323 1 10 421 0 -1 0 329.674 -49.827 -244.121 328.689 -50.198 -244.789 330.298 -49.433 -243.149 jngb-envmap
1324 1 10 422 0 -1 0 329.655 -49.827 -237.976 328.689 -50.198 -238.961 330.329 -49.433 -237.352 jngb-envmap
1325 1 10 423 0 -1 0 323.525 -49.827 -244.135 322.861 -50.198 -244.758 324.501 -49.433 -243.149 jngb-envmap
1326 1 10 424 0 -1 0 323.509 -49.827 -237.989 322.876 -50.198 -238.961 324.486 -49.433 -237.321 jngb-envmap
1327 1 10 425 0 -1 0 330.940 -49.827 -241.043 330.267 -50.198 -241.789 331.658 -49.433 -240.305 jngb-envmap
1328 1 10 426 0 -1 0 322.242 -49.827 -241.067 321.517 -50.198 -241.805 322.923 -49.433 -240.321 jngb-envmap
1329 1 10 427 0 -1 0 279.491 -49.944 -304.635 278.904 -50.238 -305.199 280.077 -49.633 -304.100 jngb-envmap
1330 1 10 428 0 -1 0 279.471 -49.944 -297.759 278.892 -50.238 -298.294 280.065 -49.633 -297.195 jngb-envmap
1331 1 10 429 0 -1 0 281.918 -49.944 -303.621 281.140 -50.238 -304.149 282.412 -49.633 -302.852 jngb-envmap
1332 1 10 430 0 -1 0 281.903 -49.944 -298.763 281.140 -50.238 -299.542 282.437 -49.633 -298.270 jngb-envmap
1333 1 10 431 0 -1 0 277.058 -49.944 -303.632 276.532 -50.238 -304.125 277.829 -49.633 -302.852 jngb-envmap
1334 1 10 432 0 -1 0 277.045 -49.944 -298.773 276.545 -50.238 -299.542 277.817 -49.633 -298.245 jngb-envmap
1335 1 10 433 0 -1 0 282.919 -49.944 -301.188 282.387 -50.238 -301.778 283.486 -49.633 -300.604 jngb-envmap
1336 1 10 434 0 -1 0 276.043 -49.944 -301.206 275.470 -50.238 -301.790 276.582 -49.633 -300.616 jngb-envmap
1337 1 22 286 0 -1 0 270.195 -37.281 -276.183 253.113 -53.546 -287.520 287.270 -15.780 -268.114 jngb-precursor-metal-plain-01
1338 1 33 400 0 -1 0 434.192 -41.856 -248.535 430.058 -43.505 -252.667 438.323 -39.739 -244.401 jngb-blue
1339 1 24 162 0 -1 0 394.314 -37.771 -236.680 390.334 -47.996 -240.061 398.178 -27.996 -235.123 jngb-precursor-circuitpattern-andwall-01
1340 1 24 163 0 -1 0 386.218 -37.771 -245.430 382.355 -47.996 -246.987 390.199 -27.996 -242.049 jngb-precursor-circuitpattern-andwall-01
1341 1 24 164 0 -1 0 378.182 -37.771 -236.680 374.202 -47.996 -240.061 382.045 -27.996 -235.123 jngb-precursor-circuitpattern-andwall-01
1342 1 24 165 0 -1 0 386.182 -37.771 -236.680 382.202 -47.996 -240.061 390.045 -27.996 -235.123 jngb-precursor-circuitpattern-andwall-01
1343 1 24 166 0 -1 0 394.350 -37.771 -245.430 390.487 -47.996 -246.987 398.331 -27.996 -242.049 jngb-precursor-circuitpattern-andwall-01
1344 1 24 167 0 -1 0 426.825 -31.771 -293.073 425.268 -41.996 -297.054 430.206 -21.996 -289.210 jngb-precursor-circuitpattern-andwall-01
1345 1 24 168 0 -1 0 441.575 -31.771 -301.037 438.194 -41.996 -304.900 443.132 -21.996 -297.057 jngb-precursor-circuitpattern-andwall-01
1346 1 24 169 0 -1 0 441.575 -31.771 -293.037 438.194 -41.996 -296.900 443.132 -21.996 -289.057 jngb-precursor-circuitpattern-andwall-01
1347 1 24 170 0 -1 0 426.825 -31.771 -301.073 425.268 -41.996 -305.054 430.206 -21.996 -297.210 jngb-precursor-circuitpattern-andwall-01
1348 1 24 171 0 -1 0 346.218 -37.771 -245.430 342.355 -47.996 -246.987 350.199 -27.996 -242.049 jngb-precursor-circuitpattern-andwall-01
1349 1 24 172 0 -1 0 357.825 -31.771 -289.073 356.268 -41.996 -293.054 361.206 -21.996 -285.210 jngb-precursor-circuitpattern-andwall-01
1350 1 24 173 0 -1 0 366.575 -31.771 -289.037 363.194 -41.996 -292.900 368.132 -21.996 -285.057 jngb-precursor-circuitpattern-andwall-01
1351 1 24 174 0 -1 0 354.825 -31.771 -301.073 353.268 -41.996 -305.054 358.206 -21.996 -297.210 jngb-precursor-circuitpattern-andwall-01
1352 1 24 175 0 -1 0 369.575 -31.771 -301.037 366.194 -41.996 -304.900 371.132 -21.996 -297.057 jngb-precursor-circuitpattern-andwall-01
1353 1 24 176 0 -1 0 354.825 -31.771 -309.073 353.268 -41.996 -313.054 358.206 -21.996 -305.210 jngb-precursor-circuitpattern-andwall-01
1354 1 24 177 0 -1 0 441.575 -31.771 -317.037 438.194 -41.996 -320.900 443.132 -21.996 -313.057 jngb-precursor-circuitpattern-andwall-01
1355 1 24 178 0 -1 0 441.575 -31.771 -309.037 438.194 -41.996 -312.900 443.132 -21.996 -305.057 jngb-precursor-circuitpattern-andwall-01
1356 1 24 179 0 -1 0 434.218 -31.771 -348.430 430.355 -41.996 -349.987 438.199 -21.996 -345.049 jngb-precursor-circuitpattern-andwall-01
1357 1 24 180 0 -1 0 441.575 -31.771 -341.037 438.194 -41.996 -344.900 443.132 -21.996 -337.057 jngb-precursor-circuitpattern-andwall-01
1358 1 24 181 0 -1 0 426.218 -31.771 -348.430 422.355 -41.996 -349.987 430.199 -21.996 -345.049 jngb-precursor-circuitpattern-andwall-01
1359 1 24 182 0 -1 0 441.575 -31.771 -333.037 438.194 -41.996 -336.900 443.132 -21.996 -329.057 jngb-precursor-circuitpattern-andwall-01
1360 1 24 183 0 -1 0 441.575 -31.771 -325.037 438.194 -41.996 -328.900 443.132 -21.996 -321.057 jngb-precursor-circuitpattern-andwall-01
1361 1 24 184 0 -1 0 426.825 -31.771 -325.073 425.268 -41.996 -329.054 430.206 -21.996 -321.210 jngb-precursor-circuitpattern-andwall-01
1362 1 24 185 0 -1 0 426.825 -31.771 -317.073 425.268 -41.996 -321.054 430.206 -21.996 -313.210 jngb-precursor-circuitpattern-andwall-01
1363 1 24 186 0 -1 0 426.825 -31.771 -309.073 425.268 -41.996 -313.054 430.206 -21.996 -305.210 jngb-precursor-circuitpattern-andwall-01
1364 1 24 187 0 -1 0 406.218 -31.771 -345.430 402.355 -41.996 -346.987 410.199 -21.996 -342.049 jngb-precursor-circuitpattern-andwall-01
1365 1 24 188 0 -1 0 406.182 -31.771 -336.680 402.202 -41.996 -340.061 410.045 -21.996 -335.123 jngb-precursor-circuitpattern-andwall-01
1366 1 24 189 0 -1 0 414.218 -31.771 -345.430 410.355 -41.996 -346.987 418.199 -21.996 -342.049 jngb-precursor-circuitpattern-andwall-01
1367 1 24 190 0 -1 0 414.182 -31.771 -336.680 410.202 -41.996 -340.061 418.045 -21.996 -335.123 jngb-precursor-circuitpattern-andwall-01
1368 1 24 191 0 -1 0 382.218 -31.771 -345.430 378.355 -41.996 -346.987 386.199 -21.996 -342.049 jngb-precursor-circuitpattern-andwall-01
1369 1 24 192 0 -1 0 382.182 -31.771 -336.680 378.202 -41.996 -340.061 386.045 -21.996 -335.123 jngb-precursor-circuitpattern-andwall-01
1370 1 24 193 0 -1 0 390.182 -31.771 -336.680 386.202 -41.996 -340.061 394.045 -21.996 -335.123 jngb-precursor-circuitpattern-andwall-01
1371 1 24 194 0 -1 0 398.182 -31.771 -336.680 394.202 -41.996 -340.061 402.045 -21.996 -335.123 jngb-precursor-circuitpattern-andwall-01
1372 1 24 195 0 -1 0 390.218 -31.771 -345.430 386.355 -41.996 -346.987 394.199 -21.996 -342.049 jngb-precursor-circuitpattern-andwall-01
1373 1 24 196 0 -1 0 398.218 -31.771 -345.430 394.355 -41.996 -346.987 402.199 -21.996 -342.049 jngb-precursor-circuitpattern-andwall-01
1374 1 24 197 0 -1 0 369.575 -31.771 -309.037 366.194 -41.996 -312.900 371.132 -21.996 -305.057 jngb-precursor-circuitpattern-andwall-01
1375 1 24 198 0 -1 0 357.825 -31.771 -321.073 356.268 -41.996 -325.054 361.206 -21.996 -317.210 jngb-precursor-circuitpattern-andwall-01
1376 1 24 199 0 -1 0 366.575 -31.771 -321.037 363.194 -41.996 -324.900 368.132 -21.996 -317.057 jngb-precursor-circuitpattern-andwall-01
1377 1 24 200 0 -1 0 362.218 -31.771 -348.430 358.355 -41.996 -349.987 366.199 -21.996 -345.049 jngb-precursor-circuitpattern-andwall-01
1378 1 24 201 0 -1 0 370.218 -31.771 -348.430 366.355 -41.996 -349.987 374.199 -21.996 -345.049 jngb-precursor-circuitpattern-andwall-01
1379 1 24 202 0 -1 0 354.825 -31.771 -333.073 353.268 -41.996 -337.054 358.206 -21.996 -329.210 jngb-precursor-circuitpattern-andwall-01
1380 1 24 203 0 -1 0 354.825 -31.771 -341.073 353.268 -41.996 -345.054 358.206 -21.996 -337.210 jngb-precursor-circuitpattern-andwall-01
1381 1 24 204 0 -1 0 314.182 -37.771 -236.680 310.202 -47.996 -240.061 318.045 -27.996 -235.123 jngb-precursor-circuitpattern-andwall-01
1382 1 24 205 0 -1 0 286.218 -37.771 -248.430 282.355 -47.996 -249.987 290.199 -27.996 -245.049 jngb-precursor-circuitpattern-andwall-01
1383 1 24 206 0 -1 0 286.182 -37.771 -233.680 282.202 -47.996 -237.061 290.045 -27.996 -232.123 jngb-precursor-circuitpattern-andwall-01
1384 1 24 207 0 -1 0 294.218 -37.771 -248.430 290.355 -47.996 -249.987 298.199 -27.996 -245.049 jngb-precursor-circuitpattern-andwall-01
1385 1 24 208 0 -1 0 338.182 -37.771 -236.680 334.202 -47.996 -240.061 342.045 -27.996 -235.123 jngb-precursor-circuitpattern-andwall-01
1386 1 24 209 0 -1 0 302.182 -37.771 -233.680 298.202 -47.996 -237.061 306.045 -27.996 -232.123 jngb-precursor-circuitpattern-andwall-01
1387 1 24 210 0 -1 0 294.182 -37.771 -233.680 290.202 -47.996 -237.061 298.045 -27.996 -232.123 jngb-precursor-circuitpattern-andwall-01
1388 1 24 211 0 -1 0 302.218 -37.771 -248.430 298.355 -47.996 -249.987 306.199 -27.996 -245.049 jngb-precursor-circuitpattern-andwall-01
1389 1 24 212 0 -1 0 314.218 -37.771 -245.430 310.355 -47.996 -246.987 318.199 -27.996 -242.049 jngb-precursor-circuitpattern-andwall-01
1390 1 24 213 0 -1 0 338.218 -37.771 -245.430 334.355 -47.996 -246.987 342.199 -27.996 -242.049 jngb-precursor-circuitpattern-andwall-01
1391 1 24 214 0 -1 0 278.182 -37.771 -233.680 274.202 -47.996 -237.061 282.045 -27.996 -232.123 jngb-precursor-circuitpattern-andwall-01
1392 1 24 215 0 -1 0 277.575 -37.771 -257.037 274.194 -47.996 -260.900 279.132 -27.996 -253.056 jngb-precursor-circuitpattern-andwall-01
1393 1 24 216 0 -1 0 277.575 -37.771 -265.037 274.194 -47.996 -268.900 279.132 -27.996 -261.057 jngb-precursor-circuitpattern-andwall-01
1394 1 24 217 0 -1 0 270.182 -37.771 -233.680 266.202 -47.996 -237.061 274.045 -27.996 -232.123 jngb-precursor-circuitpattern-andwall-01
1395 1 24 218 0 -1 0 262.825 -37.771 -241.073 261.268 -47.996 -245.054 266.206 -27.996 -237.210 jngb-precursor-circuitpattern-andwall-01
1396 1 24 219 0 -1 0 262.825 -37.771 -249.073 261.268 -47.996 -253.054 266.206 -27.996 -245.210 jngb-precursor-circuitpattern-andwall-01
1397 1 24 220 0 -1 0 262.825 -37.771 -257.073 261.268 -47.996 -261.054 266.206 -27.996 -253.210 jngb-precursor-circuitpattern-andwall-01
1398 1 24 221 0 -1 0 262.825 -37.771 -265.073 261.268 -47.996 -269.054 266.206 -27.996 -261.210 jngb-precursor-circuitpattern-andwall-01
1399 1 22 241 0 -1 0 283.724 -26.299 -296.360 279.002 -50.398 -299.701 290.518 -11.835 -293.013 jngb-precursor-metal-plain-01
1400 1 22 242 0 -1 0 279.775 -26.299 -305.894 275.809 -50.398 -313.059 286.945 -11.835 -301.924 jngb-precursor-metal-plain-01
1401 1 22 243 0 -1 0 279.774 -26.299 -286.801 275.804 -50.398 -290.767 286.940 -11.835 -279.631 jngb-precursor-metal-plain-01
1402 1 22 244 0 -1 0 270.216 -26.299 -309.844 266.875 -50.398 -316.638 273.563 -11.835 -305.122 jngb-precursor-metal-plain-01
1403 1 22 245 0 -1 0 260.681 -26.299 -286.802 253.512 -50.398 -290.772 264.647 -11.835 -279.636 jngb-precursor-metal-plain-01
1404 1 22 246 0 -1 0 260.682 -26.299 -305.895 253.517 -50.398 -313.064 264.652 -11.835 -301.929 jngb-precursor-metal-plain-01
1405 1 22 247 0 -1 0 256.732 -26.299 -296.336 249.938 -50.398 -299.683 261.454 -11.835 -292.995 jngb-precursor-metal-plain-01
1406 1 7 144 0 -1 0 425.179 -30.202 -225.735 417.409 -31.364 -229.900 433.909 -29.036 -223.103 jngb-precursor-circuitpattern-01-glow
1407 1 7 146 0 -1 0 411.298 -30.202 -257.751 408.666 -31.364 -265.521 415.463 -29.036 -249.021 jngb-precursor-circuitpattern-01-glow
1408 1 17 269 0 -1 0 355.047 -49.957 -294.985 353.189 -51.992 -297.048 357.111 -47.914 -293.048 jng-precursor-metal-plain-fade-01
1409 1 17 271 0 -1 0 420.130 -49.957 -348.208 418.193 -51.992 -350.066 422.193 -47.914 -346.144 jng-precursor-metal-plain-fade-01
1410 1 17 273 0 -1 0 376.270 -49.957 -333.902 374.207 -51.992 -335.966 378.207 -47.914 -332.044 jng-precursor-metal-plain-fade-01
1411 1 17 275 0 -1 0 369.353 -49.957 -315.125 367.289 -51.992 -317.062 371.211 -47.914 -313.062 jng-precursor-metal-plain-fade-01
1412 1 17 277 0 -1 0 355.047 -49.957 -326.985 353.189 -51.992 -329.048 357.111 -47.914 -325.048 jng-precursor-metal-plain-fade-01
1413 1 17 279 0 -1 0 308.270 -55.957 -233.902 306.207 -57.992 -235.966 310.207 -53.914 -232.044 jng-precursor-metal-plain-fade-01
1414 1 24 240 0 -1 0 362.220 -35.705 -249.065 342.340 -47.991 -261.065 382.184 -23.866 -235.127 jngb-precursor-circuitpattern-andwall-01
1415 1 8 149 0 -1 0 434.152 -43.763 -265.403 427.952 -43.763 -270.580 440.374 -43.763 -260.252 jngb-precursor-circuitpattern-andwall-02-glow
1416 1 10 260 0 -1 0 440.708 -37.803 -347.560 438.194 -51.997 -350.059 443.194 -21.997 -345.059 jngb-envmap
1417 1 10 261 0 -1 0 355.695 -37.803 -347.563 353.196 -51.997 -350.049 358.196 -21.997 -345.049 jngb-envmap
1418 1 10 262 0 -1 0 263.692 -43.803 -234.550 261.206 -57.997 -237.051 266.206 -27.997 -232.051 jngb-envmap
1419 1 22 267 0 -1 0 430.096 -44.355 -334.729 410.893 -48.226 -349.048 442.596 -43.773 -317.751 jngb-precursor-metal-plain-01
1420 1 1 504 0 -1 0 374.019 -41.316 -241.053 373.924 -42.246 -241.664 374.218 -40.356 -240.446 cmn-precursor-blue
1421 1 1 505 0 -1 0 405.827 -34.194 -241.057 405.627 -35.124 -241.664 405.921 -33.234 -240.446 cmn-precursor-blue
1422 1 1 506 0 -1 0 350.486 -41.500 -241.057 350.286 -42.431 -241.664 350.580 -40.541 -240.446 cmn-precursor-blue
1423 1 10 504 0 -1 0 374.019 -41.316 -241.053 373.924 -42.246 -241.664 374.218 -40.356 -240.446 jngb-envmap
1424 1 10 505 0 -1 0 405.827 -34.194 -241.057 405.627 -35.124 -241.664 405.921 -33.234 -240.446 jngb-envmap
1425 1 10 506 0 -1 0 350.486 -41.500 -241.057 350.286 -42.431 -241.664 350.580 -40.541 -240.446 jngb-envmap
1426 1 20 373 0 -1 0 434.258 -44.273 -248.498 429.542 -45.068 -253.214 438.980 -43.646 -243.776 jngb-precursor-metal-edging-01
1427 1 10 373 0 -1 0 434.249 -44.582 -248.494 421.542 -45.193 -261.214 446.980 -43.646 -235.776 jngb-envmap
1428 1 23 373 0 -1 0 434.239 -44.892 -248.490 421.542 -45.193 -261.214 446.980 -44.083 -235.776 jngb-precursor-circuitpattern-01
1429 1 29 436 0 -1 0 270.206 -11.368 -296.444 262.260 -12.083 -304.394 278.167 -10.301 -288.503 jngb-precursor-plainstripe
1430 1 22 374 0 -1 0 362.191 -17.774 -277.287 358.207 -21.580 -281.271 366.175 -14.032 -273.302 jngb-precursor-metal-plain-01
1431 1 22 375 0 -1 0 362.191 -10.274 -277.287 358.207 -14.080 -281.271 366.175 -6.532 -273.302 jngb-precursor-metal-plain-01
1432 1 22 376 0 -1 0 362.191 -2.774 -277.287 358.207 -6.580 -281.271 366.175 0.968 -273.302 jngb-precursor-metal-plain-01
1433 1 22 377 0 -1 0 326.421 -23.342 -241.057 322.437 -28.100 -245.041 330.405 -18.662 -237.072 jngb-precursor-metal-plain-01
1434 1 22 378 0 -1 0 326.421 -13.842 -241.057 322.437 -18.600 -245.041 330.405 -9.162 -237.072 jngb-precursor-metal-plain-01
1435 1 22 379 0 -1 0 326.421 -4.342 -241.057 322.437 -9.100 -245.041 330.405 0.338 -237.072 jngb-precursor-metal-plain-01
1436 1 22 380 0 -1 0 326.421 5.158 -241.057 322.437 0.400 -245.041 330.405 9.838 -237.072 jngb-precursor-metal-plain-01
1437 1 22 381 0 -1 0 326.421 14.658 -241.057 322.437 9.900 -245.041 330.405 19.338 -237.072 jngb-precursor-metal-plain-01
1438 1 16 158 0 -1 0 274.965 -12.107 -288.242 271.084 -15.569 -291.048 278.816 -8.335 -284.406 junb-darker-metal
1439 1 16 159 0 -1 0 265.392 -12.107 -304.652 261.541 -15.569 -308.489 269.273 -8.335 -301.846 junb-darker-metal
1440 1 16 160 0 -1 0 261.693 -13.898 -292.549 257.097 -17.361 -295.646 264.842 -10.126 -287.902 junb-darker-metal
1441 1 22 268 0 -1 0 368.284 -34.119 -294.986 363.189 -47.914 -297.048 371.127 -21.992 -293.048 jngb-precursor-metal-plain-01
1442 1 22 270 0 -1 0 420.130 -34.119 -334.971 418.193 -47.914 -340.066 422.193 -21.992 -332.128 jngb-precursor-metal-plain-01
1443 1 22 272 0 -1 0 376.269 -34.119 -347.139 374.207 -47.914 -349.982 378.207 -21.992 -342.044 jngb-precursor-metal-plain-01
1444 1 22 274 0 -1 0 356.116 -34.119 -315.125 353.273 -47.914 -317.062 361.211 -21.992 -313.062 jngb-precursor-metal-plain-01
1445 1 22 276 0 -1 0 368.284 -34.119 -326.986 363.189 -47.914 -329.048 371.127 -21.992 -325.048 jngb-precursor-metal-plain-01
1446 1 22 278 0 -1 0 308.269 -40.119 -247.139 306.207 -53.914 -249.982 310.207 -27.992 -242.044 jngb-precursor-metal-plain-01
1447 1 22 263 0 -1 0 425.637 -34.125 -332.468 422.204 -47.916 -337.046 430.204 -21.994 -329.046 jngb-precursor-metal-plain-01
1448 1 22 264 0 -1 0 370.787 -34.125 -332.492 366.209 -47.916 -337.058 374.209 -21.994 -329.058 jngb-precursor-metal-plain-01
1449 1 22 265 0 -1 0 278.763 -40.125 -249.642 274.197 -53.916 -253.064 282.197 -27.994 -245.064 jngb-precursor-metal-plain-01
1450 1 10 513 0 -1 0 413.176 -23.988 -241.770 407.660 -34.801 -249.027 421.566 -12.301 -230.839 jngb-envmap
1451 1 22 269 0 -1 0 356.108 -34.119 -294.985 353.252 -47.914 -297.048 361.189 -21.992 -293.048 jngb-precursor-metal-plain-01
1452 1 22 271 0 -1 0 420.130 -34.119 -347.147 418.193 -47.914 -350.003 422.193 -21.992 -342.066 jngb-precursor-metal-plain-01
1453 1 22 273 0 -1 0 376.270 -34.119 -334.963 374.207 -47.914 -340.044 378.207 -21.992 -332.107 jngb-precursor-metal-plain-01
1454 1 22 275 0 -1 0 368.292 -34.119 -315.125 363.211 -47.914 -317.062 371.148 -21.992 -313.062 jngb-precursor-metal-plain-01
1455 1 22 277 0 -1 0 356.108 -34.119 -326.985 353.252 -47.914 -329.048 361.189 -21.992 -325.048 jngb-precursor-metal-plain-01
1456 1 22 279 0 -1 0 308.270 -40.119 -234.963 306.207 -53.914 -240.044 310.207 -27.992 -232.107 jngb-precursor-metal-plain-01
1457 1 6 5 0 -1 1094 394.331 -35.815 -244.082 391.645 -38.917 -245.440 397.020 -32.449 -243.201 jngb-precursor-spheres-glow
1458 1 6 6 0 -1 1094 394.333 -35.815 -238.029 391.645 -38.917 -238.909 397.020 -32.449 -236.670 jngb-precursor-spheres-glow
1459 1 6 9 0 -1 1094 386.199 -35.815 -244.082 383.512 -38.917 -245.440 388.887 -32.449 -243.201 jngb-precursor-spheres-glow
1460 1 6 10 0 -1 1094 378.199 -35.815 -244.082 375.512 -38.917 -245.440 380.887 -32.449 -243.201 jngb-precursor-spheres-glow
1461 1 6 17 0 -1 1094 359.173 -31.687 -257.054 357.815 -34.788 -259.743 360.054 -28.320 -254.368 jngb-precursor-spheres-glow
1462 1 6 18 0 -1 1094 365.226 -31.687 -257.056 364.346 -34.788 -259.743 366.585 -28.320 -254.368 jngb-precursor-spheres-glow
1463 1 6 33 0 -1 1094 440.226 -29.815 -333.056 439.346 -32.917 -335.743 441.585 -26.448 -330.368 jngb-precursor-spheres-glow
1464 1 6 34 0 -1 1094 440.226 -29.815 -341.056 439.346 -32.917 -343.743 441.585 -26.448 -338.368 jngb-precursor-spheres-glow
1465 1 6 37 0 -1 1094 426.199 -29.815 -347.082 423.512 -32.917 -348.440 428.887 -26.448 -346.201 jngb-precursor-spheres-glow
1466 1 6 54 0 -1 1094 285.338 -30.233 -302.804 284.315 -33.409 -305.454 286.925 -26.838 -300.447 jngb-precursor-spheres-glow
1467 1 6 55 0 -1 1094 285.400 -30.233 -290.282 284.320 -33.409 -292.579 287.060 -26.838 -287.657 jngb-precursor-spheres-glow
1468 1 6 65 0 -1 1094 276.491 -30.233 -311.591 274.162 -33.409 -313.210 279.131 -26.838 -310.540 jngb-precursor-spheres-glow
1469 1 6 72 0 -1 1094 255.007 -30.233 -302.801 253.379 -33.409 -305.438 256.064 -26.838 -300.479 jngb-precursor-spheres-glow
1470 1 6 73 0 -1 1094 264.091 -30.233 -311.706 261.428 -33.407 -313.273 266.471 -26.841 -310.702 jngb-precursor-spheres-glow
1471 1 6 74 0 -1 1094 254.978 -30.233 -290.116 253.288 -33.409 -292.392 256.077 -26.838 -287.504 jngb-precursor-spheres-glow
1472 1 22 249 0 -1 0 429.045 -27.103 -277.174 415.438 -46.412 -285.525 440.469 -10.193 -272.650 jngb-precursor-metal-plain-01
1473 1 22 250 0 -1 0 440.029 -27.101 -277.177 428.657 -46.412 -285.525 453.594 -10.193 -272.650 jngb-precursor-metal-plain-01
1474 1 33 474 0 -1 0 362.141 -43.773 -277.137 360.497 -43.773 -279.652 363.778 -43.773 -274.621 jngb-blue
1475 1 33 475 0 -1 0 326.520 -49.808 -241.055 324.876 -49.808 -243.571 328.158 -49.808 -238.539 jngb-blue
1476 1 33 476 0 -1 0 279.425 -49.929 -301.197 278.126 -49.929 -303.186 280.720 -49.929 -299.208 jngb-blue
1477 1 10 474 0 -1 0 362.141 -43.773 -277.137 360.497 -43.773 -279.652 363.778 -43.773 -274.621 jngb-envmap
1478 1 10 475 0 -1 0 326.520 -49.808 -241.055 324.876 -49.808 -243.571 328.158 -49.808 -238.539 jngb-envmap
1479 1 10 476 0 -1 0 279.425 -49.929 -301.197 278.126 -49.929 -303.186 280.720 -49.929 -299.208 jngb-envmap
1480 1 22 260 0 -1 0 440.548 -35.120 -347.398 438.194 -47.919 -349.996 443.132 -21.997 -345.059 jngb-precursor-metal-plain-01
1481 1 22 261 0 -1 0 355.857 -35.120 -347.403 353.259 -47.919 -349.987 358.196 -21.997 -345.049 jngb-precursor-metal-plain-01
1482 1 22 262 0 -1 0 263.852 -41.120 -234.712 261.268 -53.919 -237.051 266.206 -27.997 -232.114 jngb-precursor-metal-plain-01
1483 1 19 513 0 -1 0 413.459 -23.678 -241.850 407.660 -34.801 -249.027 421.566 -12.301 -230.839 jng-precursor-metal-plain-fade-01small
1484 1 10 281 0 -1 0 434.190 -33.949 -284.162 423.188 -51.990 -289.369 445.188 -12.803 -278.963 jngb-envmap
1485 1 22 281 0 -1 0 434.190 -31.949 -284.162 423.250 -47.912 -289.369 445.125 -12.803 -278.963 jngb-precursor-metal-plain-01
1486 1 17 260 0 -1 0 441.388 -49.962 -348.226 438.194 -51.997 -350.059 443.194 -47.919 -345.059 jng-precursor-metal-plain-fade-01
1487 1 17 261 0 -1 0 355.029 -49.962 -348.243 353.196 -51.997 -350.049 358.196 -47.919 -345.049 jng-precursor-metal-plain-fade-01
1488 1 17 262 0 -1 0 263.012 -55.962 -233.884 261.206 -57.997 -237.051 266.206 -53.919 -232.051 jng-precursor-metal-plain-fade-01
1489 1 22 386 0 -1 0 366.121 -20.915 -337.110 358.191 -22.004 -345.040 378.175 -19.676 -325.055 jngb-precursor-metal-plain-01
1490 1 10 386 0 -1 0 366.121 -20.915 -337.110 358.191 -22.004 -345.040 378.175 -19.676 -325.055 jngb-envmap
1491 1 22 387 0 -1 0 362.185 -21.174 -305.053 358.191 -22.004 -317.055 366.191 -20.441 -293.009 jngb-precursor-metal-plain-01
1492 1 10 387 0 -1 0 362.185 -21.174 -305.053 358.191 -22.004 -317.055 366.191 -20.441 -293.009 jngb-envmap
1493 1 22 399 0 -1 0 434.158 -26.390 -270.332 414.422 -45.599 -279.572 453.922 -12.443 -260.244 jngb-precursor-metal-plain-01
1494 1 10 399 0 -1 0 434.158 -26.390 -270.332 414.422 -45.599 -279.572 453.922 -12.443 -260.244 jngb-envmap
1495 1 22 388 0 -1 0 431.024 -20.848 -333.904 418.191 -22.004 -345.040 438.175 -19.754 -317.055 jngb-precursor-metal-plain-01
1496 1 10 388 0 -1 0 431.024 -20.848 -333.904 418.191 -22.004 -345.040 438.175 -19.754 -317.055 jngb-envmap
1497 1 22 385 0 -1 0 285.530 -26.704 -242.381 266.191 -28.004 -253.055 310.206 -25.316 -237.055 jngb-precursor-metal-plain-01
1498 1 10 385 0 -1 0 285.530 -26.704 -242.381 266.191 -28.004 -253.055 310.206 -25.316 -237.055 jngb-envmap
1499 1 22 524 0 -1 0 382.276 -50.000 -241.054 374.212 -50.000 -246.048 390.337 -50.000 -236.064 jngb-precursor-metal-plain-01
1500 1 10 524 0 -1 0 382.276 -50.000 -241.054 374.212 -50.000 -246.048 390.337 -50.000 -236.064 jngb-envmap
1501 1 12 161 0 -1 0 434.245 -43.677 -248.698 431.933 -43.677 -251.011 436.558 -43.677 -246.386 jng-blue
1502 1 10 161 0 -1 0 434.245 -43.677 -248.698 431.933 -43.677 -251.011 436.558 -43.677 -246.386 jngb-envmap
