MESHIDX 1 jungle 4746
0 0 7 262 1 0 7120 245.716 43.161 -244.694 243.406 42.687 -247.438 248.312 43.484 -242.188 jng-leafyground-hang-2x1
1 0 1 262 1 0 8943 245.535 43.625 -244.662 243.469 43.375 -247.266 248.250 43.859 -242.266 jng-leafyground
2 0 0 78 1 0 9159 430.894 19.913 -330.073 411.469 16.500 -351.298 441.140 22.438 -317.719 jng-rockwall-01
3 0 11 264 1 0 9382 230.125 31.606 -250.046 224.922 25.843 -255.750 236.859 46.984 -245.281 jng-treebark-03
4 0 0 166 1 0 9547 255.569 34.559 -263.171 217.843 30.562 -303.031 282.234 37.188 -243.359 jng-rockwall-01
5 0 6 282 1 0 9606 281.652 54.597 -317.552 261.797 49.093 -336.719 301.500 59.890 -300.719 jng-canopy-03
6 0 1 166 1 0 9476 246.351 37.736 -273.637 216.937 36.047 -313.141 282.234 49.703 -243.359 jng-leafyground
7 0 1 78 1 0 9530 428.190 24.497 -346.899 411.469 21.406 -373.485 445.406 33.890 -317.719 jng-leafyground
8 0 0 28 1 0 9635 371.139 36.473 -130.602 362.937 24.437 -141.219 384.203 43.796 -121.031 jng-rockwall-01
9 0 0 211 1 0 9675 500.608 7.527 -175.184 488.531 -4.422 -182.766 508.547 15.781 -162.938 jng-rockwall-01
10 0 4 264 1 1150 7078 229.019 43.412 -247.723 225.015 39.390 -250.750 231.437 48.484 -244.766 jng-treebark-01-4x4
11 0 28 262 1 1465 9067 245.755 31.418 -246.435 244.781 29.422 -247.907 246.422 34.499 -244.594 jng-treebark-02
12 0 28 264 1 4318 9478 229.833 34.658 -249.884 225.516 25.859 -255.860 233.531 48.453 -245.469 jng-treebark-02
13 0 4 262 1 5704 8528 245.820 38.999 -245.091 243.437 34.390 -247.875 249.484 43.484 -242.266 jng-treebark-01-4x4
14 0 19 248 1 8628 478 330.747 0.987 -265.818 224.640 0.109 -318.048 441.921 2.750 -209.703 jng-leafyground-hang-2x1long
15 0 11 262 1 9578 9513 246.953 32.014 -246.717 243.391 26.718 -251.219 249.484 41.984 -242.672 jng-treebark-03
16 0 60 344 1 10000 916 441.336 42.816 -228.278 441.015 42.375 -228.563 441.625 43.015 -227.953 jng-lrkr-metal-08
17 0 60 345 1 10000 916 441.388 42.816 -226.867 441.062 42.375 -227.188 441.672 43.015 -226.578 jng-lrkr-metal-08
18 0 60 346 1 10000 916 439.925 42.816 -228.227 439.640 42.375 -228.516 440.250 43.015 -227.906 jng-lrkr-metal-08
19 0 60 348 1 10000 916 439.977 42.816 -226.816 439.688 42.375 -227.141 440.297 43.015 -226.532 jng-lrkr-metal-08
20 0 60 342 1 10000 920 440.620 42.816 -228.545 440.375 42.375 -228.954 440.875 43.015 -228.235 jng-lrkr-metal-08
21 0 60 347 1 10000 920 439.659 42.816 -227.511 439.250 42.375 -227.766 439.968 43.015 -227.266 jng-lrkr-metal-08
22 0 60 349 1 10000 920 440.692 42.816 -226.550 440.453 42.375 -226.859 440.937 43.015 -226.141 jng-lrkr-metal-08
23 0 60 350 1 10000 920 441.653 42.816 -227.583 441.343 42.375 -227.828 442.062 43.015 -227.328 jng-lrkr-metal-08
24 1 50 2180 1 10000 2500 317.967 2.490 -326.026 317.201 2.490 -326.793 318.732 2.490 -325.199 gen-bluelight
25 1 229 2180 1 10000 417 317.964 2.549 -326.001 316.201 2.318 -327.480 319.732 2.615 -324.058 pal-environment-front
26 0 21 327 1 10000 3762 417.819 32.080 -208.842 414.265 28.484 -211.250 420.437 33.359 -205.703 jng-lrkr-metal-03
27 1 28 1637 1 10000 278 376.109 29.896 -165.233 369.814 20.176 -169.044 379.621 44.617 -157.201 jng-treebark-02
28 1 28 1638 1 10000 278 343.878 32.459 -132.665 336.129 23.626 -135.492 350.373 45.238 -130.288 jng-treebark-02
29 1 28 1639 1 10000 278 323.055 29.060 -131.217 320.221 21.155 -137.148 326.838 42.705 -118.560 jng-treebark-02
30 1 28 1640 1 10000 278 330.356 29.700 -165.799 324.968 21.478 -169.725 335.267 41.282 -160.774 jng-treebark-02
31 1 28 1641 1 10000 278 352.305 35.011 -164.739 344.690 23.908 -168.337 357.601 51.425 -159.259 jng-treebark-02
32 1 28 1642 1 10000 278 291.110 31.357 -132.528 284.191 22.404 -136.664 297.007 43.967 -129.291 jng-treebark-02
33 1 28 1643 1 10000 278 299.867 31.157 -203.146 288.814 20.888 -204.870 304.407 46.937 -200.939 jng-treebark-02
34 1 28 1644 1 10000 278 267.641 35.041 -146.664 260.078 24.286 -148.782 274.487 50.144 -144.622 jng-treebark-02
35 1 28 1645 1 10000 278 285.938 31.639 -196.206 278.443 22.687 -198.358 292.677 44.250 -194.468 jng-treebark-02
36 1 28 1646 1 10000 278 237.955 48.659 -251.103 231.902 39.707 -255.743 244.344 61.269 -247.692 jng-treebark-02
37 1 28 1647 1 10000 278 233.987 49.339 -281.594 228.661 40.560 -283.745 243.029 62.522 -279.855 jng-treebark-02
38 1 28 1648 1 10000 278 471.774 32.857 -311.028 463.713 21.909 -315.590 476.337 48.920 -304.551 jng-treebark-02
39 1 28 1649 1 10000 278 470.499 27.411 -300.987 467.318 19.026 -306.404 472.906 39.609 -293.542 jng-treebark-02
40 1 28 1650 1 10000 278 453.536 27.055 -325.412 449.451 19.039 -330.078 456.051 38.489 -318.011 jng-treebark-02
41 1 28 1651 1 10000 278 440.792 38.767 -359.843 437.259 29.962 -368.030 443.444 51.307 -354.167 jng-treebark-02
42 1 28 1652 1 10000 278 408.861 38.830 -346.912 404.693 29.368 -352.709 411.912 52.157 -341.412 jng-treebark-02
43 1 28 1653 1 10000 278 412.132 55.411 -364.842 408.600 46.607 -373.029 414.784 67.951 -359.166 jng-treebark-02
44 1 28 1654 1 10000 278 402.787 41.041 -364.556 396.722 30.079 -370.551 407.665 56.580 -359.869 jng-treebark-02
45 1 28 1655 1 10000 278 426.071 37.041 -360.944 423.448 25.749 -369.586 428.435 53.217 -355.182 jng-treebark-02
46 1 28 1656 1 10000 278 367.381 39.675 -353.642 364.141 30.723 -359.814 371.872 52.285 -347.169 jng-treebark-02
47 1 28 1657 1 10000 278 396.449 42.257 -367.452 391.300 30.960 -374.866 401.593 58.497 -363.675 jng-treebark-02
48 1 28 1658 1 10000 278 377.642 44.773 -366.810 375.265 33.771 -375.435 379.862 60.369 -360.974 jng-treebark-02
49 1 28 1659 1 10000 278 364.995 38.801 -350.951 357.497 29.849 -352.711 372.001 51.412 -349.006 jng-treebark-02
50 1 28 1660 1 10000 278 337.922 15.902 -364.640 333.187 4.941 -371.908 341.172 31.521 -359.219 jng-treebark-02
51 1 28 1661 1 10000 278 305.418 24.935 -359.973 298.921 14.524 -367.232 309.053 39.872 -353.696 jng-treebark-02
52 1 28 1662 1 10000 278 317.896 23.216 -363.302 313.058 12.474 -369.234 323.363 38.348 -358.534 jng-treebark-02
53 1 28 1663 1 10000 278 290.395 37.730 -325.317 286.873 29.624 -330.795 293.066 49.149 -318.942 jng-treebark-02
54 1 28 1664 1 10000 278 271.079 44.455 -328.156 265.583 33.205 -330.872 278.907 60.489 -324.678 jng-treebark-02
55 1 28 1665 1 10000 278 238.488 49.210 -291.176 234.742 40.170 -297.412 245.111 62.154 -284.660 jng-treebark-02
56 1 28 1666 1 10000 278 242.459 54.681 -309.639 239.086 45.900 -315.093 246.459 67.260 -302.042 jng-treebark-02
57 1 28 1667 1 10000 278 255.829 39.618 -319.109 251.419 30.652 -322.322 265.685 53.677 -314.172 jng-treebark-02
58 1 28 1668 1 10000 278 290.042 40.553 -340.298 284.545 29.303 -343.014 297.869 56.587 -336.820 jng-treebark-02
59 1 47 2777 1 10000 1111 350.232 84.496 -253.876 342.208 80.374 -261.082 363.661 88.515 -240.364 cmn-precursor-circuitpattern-andwall-02-hitweak
60 1 11 1893 1 10000 833 312.329 20.536 -135.614 311.892 18.272 -136.281 312.959 22.960 -135.161 jng-treebark-03
61 1 11 1896 1 10000 833 351.138 21.536 -170.652 350.623 19.272 -171.374 351.531 23.960 -170.183 jng-treebark-03
62 1 11 1899 1 10000 833 356.213 19.536 -171.425 355.784 17.272 -171.873 356.891 21.960 -170.843 jng-treebark-03
63 1 11 1902 1 10000 833 322.519 17.536 -184.981 322.050 15.272 -185.445 322.928 19.960 -184.255 jng-treebark-03
64 1 11 1905 1 10000 833 322.285 20.536 -192.932 321.613 18.272 -193.489 322.710 22.960 -192.491 jng-treebark-03
65 1 11 1908 1 10000 833 303.206 19.536 -140.402 302.797 17.272 -140.865 303.750 21.960 -139.693 jng-treebark-03
66 1 11 1911 1 10000 833 302.774 20.536 -184.593 302.093 18.272 -185.140 303.206 22.960 -184.155 jng-treebark-03
67 1 11 1914 1 10000 833 296.129 19.536 -186.303 295.720 17.272 -186.765 296.673 21.960 -185.593 jng-treebark-03
68 1 11 1917 1 10000 833 298.801 22.093 -190.280 298.362 19.618 -190.762 299.500 24.721 -189.801 jng-treebark-03
69 1 11 1920 1 10000 833 242.907 35.536 -253.502 242.333 33.272 -253.927 243.353 37.960 -252.828 jng-treebark-03
70 1 0 597 1 10000 27 198.035 32.638 -234.755 191.288 18.512 -240.845 202.115 47.082 -229.807 jng-rockwall-01
71 1 229 2170 1 10000 89 354.150 55.911 -213.949 351.228 55.647 -216.877 357.072 56.209 -211.033 pal-environment-front
72 1 229 2171 1 10000 89 455.060 17.521 -292.852 452.138 17.257 -295.780 457.982 17.819 -289.937 pal-environment-front
73 1 0 522 1 10000 81 476.992 18.042 -247.779 470.364 7.464 -254.368 481.865 28.961 -243.403 jng-rockwall-01
74 1 229 2778 1 10000 104 362.209 82.397 -206.112 354.728 80.596 -213.594 369.696 84.784 -198.625 pal-environment-front
75 1 229 2779 1 10000 104 397.014 69.290 -241.064 389.533 67.490 -248.546 404.502 71.677 -233.577 pal-environment-front
76 1 229 2780 1 10000 104 327.399 91.535 -241.053 319.917 89.734 -248.535 334.886 93.922 -233.566 pal-environment-front
77 1 229 2781 1 10000 104 362.209 99.697 -275.863 354.728 97.897 -283.345 369.696 102.084 -268.377 pal-environment-front
78 1 17 2778 1 10000 417 362.201 80.752 -206.118 354.728 80.596 -213.594 369.696 80.909 -198.625 gen-metal-dark-hitweak
79 1 17 2779 1 10000 417 397.006 67.646 -241.070 389.533 67.490 -248.546 404.502 67.802 -233.577 gen-metal-dark-hitweak
80 1 17 2780 1 10000 417 327.390 89.891 -241.059 319.917 89.734 -248.535 334.886 90.047 -233.566 gen-metal-dark-hitweak
81 1 17 2781 1 10000 417 362.201 98.053 -275.870 354.728 97.897 -283.345 369.696 98.209 -268.377 gen-metal-dark-hitweak
82 1 0 472 1 10000 81 362.318 29.706 -128.175 358.055 17.562 -132.365 369.036 41.514 -124.731 jng-rockwall-01
83 1 0 512 1 10000 81 451.708 8.521 -215.679 446.199 -3.753 -222.556 455.608 20.589 -211.075 jng-rockwall-01
84 1 0 517 1 10000 81 449.730 6.809 -198.359 442.749 -5.040 -203.672 454.236 20.450 -194.292 jng-rockwall-01
85 1 0 527 1 10000 81 488.928 23.576 -258.117 478.976 12.334 -262.877 498.356 33.973 -254.569 jng-rockwall-01
86 1 0 542 1 10000 81 437.902 5.540 -284.189 435.202 -2.482 -290.760 442.702 13.436 -278.684 jng-rockwall-01
87 1 0 507 1 10000 108 339.047 7.131 -130.380 334.477 -2.100 -135.132 343.729 16.560 -127.166 jng-rockwall-01
88 1 16 2808 1 10000 208 362.420 36.631 -206.989 352.031 33.506 -216.562 372.077 39.506 -196.015 cmn-precursor-plainstripe-hitweak
89 1 4 1891 1 10000 5417 310.049 23.851 -138.580 309.379 21.975 -139.266 310.846 25.741 -137.896 jng-treebark-01-4x4
90 1 4 1892 1 10000 5417 310.237 24.215 -135.070 309.383 22.116 -135.823 311.407 26.053 -134.559 jng-treebark-01-4x4
91 1 4 1894 1 10000 5417 347.443 24.851 -170.069 346.957 22.975 -170.964 347.844 26.741 -169.216 jng-treebark-01-4x4
92 1 4 1895 1 10000 5417 350.615 25.215 -168.555 349.663 23.116 -169.618 351.239 27.053 -167.870 jng-treebark-01-4x4
93 1 4 1897 1 10000 5417 358.216 22.851 -174.583 357.388 20.975 -175.055 359.020 24.741 -173.923 jng-treebark-01-4x4
94 1 4 1898 1 10000 5417 354.985 23.215 -173.203 354.406 21.116 -174.187 355.537 25.053 -172.099 jng-treebark-01-4x4
95 1 4 1900 1 10000 5417 326.163 20.851 -184.138 325.622 18.975 -185.011 326.562 22.741 -183.314 jng-treebark-01-4x4
96 1 4 1901 1 10000 5417 323.789 21.215 -186.730 322.875 19.116 -187.400 324.824 23.053 -185.896 jng-treebark-01-4x4
97 1 4 1903 1 10000 5417 320.576 23.851 -189.604 319.758 21.975 -190.240 321.426 25.741 -189.186 jng-treebark-01-4x4
98 1 4 1904 1 10000 5417 323.670 24.215 -191.272 323.051 22.116 -192.337 324.279 26.053 -190.263 jng-treebark-01-4x4
99 1 4 1906 1 10000 5417 306.851 22.851 -141.244 306.407 20.975 -142.083 307.360 24.741 -140.349 jng-treebark-01-4x4
100 1 4 1907 1 10000 5417 303.580 23.215 -142.531 303.016 21.116 -143.208 304.500 25.053 -141.443 jng-treebark-01-4x4
101 1 4 1909 1 10000 5417 301.175 23.851 -181.212 300.353 21.975 -181.837 302.031 25.741 -180.813 jng-treebark-01-4x4
102 1 4 1910 1 10000 5417 304.212 24.215 -182.979 303.562 22.116 -184.028 304.831 26.053 -181.963 jng-treebark-01-4x4
103 1 4 1912 1 10000 5417 299.774 22.851 -187.144 299.330 20.975 -187.984 300.283 24.741 -186.250 jng-treebark-01-4x4
104 1 4 1913 1 10000 5417 296.503 23.215 -188.432 295.939 21.116 -189.109 297.423 25.053 -187.343 jng-treebark-01-4x4
105 1 4 1915 1 10000 5417 299.977 25.570 -193.953 299.098 23.544 -194.347 300.813 27.619 -193.303 jng-treebark-01-4x4
106 1 4 1916 1 10000 5417 297.165 26.028 -191.858 296.513 23.729 -192.815 297.909 28.063 -190.950 jng-treebark-01-4x4
107 1 4 1918 1 10000 5417 246.124 38.851 -251.593 245.470 36.975 -252.429 246.578 40.741 -250.784 jng-treebark-01-4x4
108 1 4 1919 1 10000 5417 244.649 39.215 -254.783 243.556 37.116 -255.370 245.641 41.053 -254.224 jng-treebark-01-4x4
109 1 11 1891 1 10000 5417 310.266 20.235 -138.883 309.786 18.272 -139.358 310.846 22.366 -138.353 jng-treebark-03
110 1 11 1892 1 10000 5417 309.831 20.246 -135.630 309.383 18.272 -136.197 310.248 22.428 -135.107 jng-treebark-03
111 1 11 1894 1 10000 5417 347.281 21.235 -170.405 346.772 19.272 -170.964 347.806 23.366 -169.975 jng-treebark-03
112 1 11 1895 1 10000 5417 349.929 21.246 -168.466 349.394 19.272 -168.961 350.390 23.428 -167.938 jng-treebark-03
113 1 11 1897 1 10000 5417 358.575 19.235 -174.484 358.058 17.272 -174.981 359.022 21.366 -173.923 jng-treebark-03
114 1 11 1898 1 10000 5417 355.371 19.246 -173.777 354.829 17.272 -174.273 355.924 21.428 -173.403 jng-treebark-03
115 1 11 1900 1 10000 5417 326.189 17.235 -183.767 325.622 15.272 -184.212 326.726 19.366 -183.314 jng-treebark-03
116 1 11 1901 1 10000 5417 324.458 17.246 -186.555 324.034 15.272 -187.058 325.008 19.428 -186.081 jng-treebark-03
117 1 11 1903 1 10000 5417 320.210 20.235 -189.671 319.758 18.272 -190.240 320.713 22.366 -189.157 jng-treebark-03
118 1 11 1904 1 10000 5417 323.337 20.246 -190.666 322.799 18.272 -191.044 323.873 22.428 -190.149 jng-treebark-03
119 1 11 1906 1 10000 5417 307.036 19.235 -140.921 306.516 17.272 -141.365 307.532 21.366 -140.349 jng-treebark-03
120 1 11 1907 1 10000 5417 304.258 19.246 -142.668 303.797 17.272 -143.193 304.782 21.428 -142.177 jng-treebark-03
121 1 11 1909 1 10000 5417 300.806 20.235 -181.266 300.353 18.272 -181.837 301.303 22.366 -180.748 jng-treebark-03
122 1 11 1910 1 10000 5417 303.899 20.246 -182.362 303.368 18.272 -182.741 304.432 22.428 -181.839 jng-treebark-03
123 1 11 1912 1 10000 5417 299.959 19.235 -186.821 299.439 17.272 -187.265 300.455 21.366 -186.250 jng-treebark-03
124 1 11 1913 1 10000 5417 297.181 19.246 -188.569 296.720 17.272 -189.093 297.705 21.428 -188.078 jng-treebark-03
125 1 11 1916 1 10000 5417 297.425 21.695 -192.351 296.898 19.533 -192.815 297.939 24.061 -191.896 jng-treebark-03
126 1 11 1918 1 10000 5417 246.035 35.235 -251.231 245.470 33.272 -251.744 246.538 37.366 -250.784 jng-treebark-03
127 1 11 1919 1 10000 5417 245.233 35.246 -254.413 244.857 33.272 -254.954 245.737 37.428 -253.865 jng-treebark-03
128 1 0 467 1 10000 108 371.822 6.260 -116.959 367.858 -6.358 -122.021 377.907 18.107 -113.207 jng-rockwall-01
129 1 0 477 1 10000 108 372.757 33.368 -123.641 365.077 22.099 -131.150 379.631 44.791 -119.524 jng-rockwall-01
130 1 0 557 1 10000 108 397.232 5.363 -253.143 390.446 -4.995 -257.450 401.202 15.954 -248.729 jng-rockwall-01
131 1 0 587 1 10000 108 267.782 9.796 -263.842 259.642 -2.209 -270.484 273.455 22.116 -259.932 jng-rockwall-01
132 1 0 612 1 10000 108 411.950 9.451 -322.275 406.695 -0.631 -326.539 417.788 19.559 -319.245 jng-rockwall-01
133 1 0 627 1 10000 108 386.724 9.839 -326.858 382.950 -1.795 -331.954 392.556 21.074 -323.112 jng-rockwall-01
134 1 35 2157 1 10000 625 416.960 1.358 -243.912 413.970 1.358 -246.897 419.939 1.358 -240.928 jng-blue
135 1 35 2159 1 10000 625 339.170 55.681 -236.726 336.180 55.681 -239.710 342.149 55.681 -233.741 jng-blue
136 1 0 582 1 10000 81 292.536 10.709 -261.654 287.350 -2.513 -268.075 299.441 25.044 -257.688 jng-rockwall-01
137 1 229 2228 1 10000 35 435.392 18.221 -307.913 433.710 17.005 -309.509 436.851 19.755 -306.556 pal-environment-front
138 1 70 2228 1 10000 52 435.337 18.427 -307.973 433.710 17.005 -309.509 436.851 19.755 -306.556 cmn-precursor-stonehengetop
139 1 0 1490 1 10000 469 477.832 0.369 -227.648 474.517 -1.522 -231.241 481.394 2.105 -224.184 jng-rockwall-01
140 1 0 1492 1 10000 469 437.091 22.024 -265.225 432.172 18.442 -270.185 442.364 25.312 -260.444 jng-rockwall-01
141 1 0 1494 1 10000 469 315.487 18.022 -288.775 310.344 15.161 -293.711 320.815 20.649 -283.616 jng-rockwall-01
142 1 0 1496 1 10000 469 250.898 7.704 -216.845 245.586 5.626 -221.865 256.080 9.611 -211.566 jng-rockwall-01
143 1 0 1498 1 10000 469 256.065 4.949 -216.310 250.608 3.168 -221.743 261.461 6.585 -210.989 jng-rockwall-01
144 1 0 1500 1 10000 469 234.661 16.925 -222.886 229.579 15.108 -227.810 239.451 18.594 -217.787 jng-rockwall-01
145 1 0 1502 1 10000 469 245.908 10.722 -219.530 240.830 8.674 -224.749 251.175 12.602 -214.359 jng-rockwall-01
146 1 0 1504 1 10000 469 240.061 14.258 -220.921 234.727 12.833 -226.230 245.309 15.567 -215.859 jng-rockwall-01
147 1 0 1506 1 10000 469 228.922 19.625 -221.441 223.747 17.454 -226.603 234.053 21.618 -216.436 jng-rockwall-01
148 1 0 1508 1 10000 469 223.504 22.899 -219.359 218.679 21.046 -224.427 228.456 24.600 -214.407 jng-rockwall-01
149 1 0 1510 1 10000 469 303.399 7.343 -304.537 298.656 6.009 -308.987 308.003 8.569 -300.083 jng-rockwall-01
150 1 0 1512 1 10000 469 306.608 9.158 -298.792 301.511 7.605 -303.170 311.861 10.584 -294.621 jng-rockwall-01
151 1 0 1514 1 10000 469 310.532 16.146 -293.164 304.710 13.426 -298.775 316.178 18.643 -287.764 jng-rockwall-01
152 1 229 2817 1 10000 83 362.210 88.005 -206.101 353.493 84.424 -214.782 370.931 91.487 -197.438 pal-environment-front
153 1 229 2818 1 10000 83 397.015 74.899 -241.053 388.298 71.318 -249.733 405.736 78.380 -232.390 pal-environment-front
154 1 229 2819 1 10000 83 327.400 97.144 -241.042 318.683 93.563 -249.722 336.120 100.625 -232.379 pal-environment-front
155 1 229 2820 1 10000 83 362.210 105.306 -275.852 353.493 101.725 -284.533 370.931 108.787 -267.189 pal-environment-front
156 1 0 418 1 10000 833 202.574 27.474 -258.312 198.833 18.846 -261.669 203.988 33.935 -253.726 jng-rockwall-01
157 1 229 2157 1 10000 125 416.951 1.647 -243.912 412.954 1.030 -247.912 420.954 2.061 -239.912 pal-environment-front
158 1 229 2159 1 10000 125 339.161 55.970 -236.726 335.165 55.353 -240.726 343.165 56.384 -232.726 pal-environment-front
159 1 0 427 1 10000 729 226.804 28.475 -255.280 223.399 21.001 -259.455 229.581 34.109 -253.611 jng-rockwall-01
160 1 0 367 1 10000 833 396.962 26.265 -159.249 395.092 14.835 -163.387 401.143 34.856 -156.228 jng-rockwall-01
161 1 0 433 1 10000 833 465.701 37.317 -292.505 463.787 27.686 -296.088 470.152 44.530 -289.956 jng-rockwall-01
162 1 0 448 1 10000 833 444.513 43.781 -355.384 443.414 34.472 -360.196 446.371 50.818 -352.842 jng-rockwall-01
163 1 0 364 1 10000 1146 397.125 4.502 -101.788 393.794 -6.027 -106.278 399.941 12.029 -99.699 jng-rockwall-01
164 1 0 496 1 10000 125 464.546 45.190 -180.421 459.743 36.922 -183.522 467.306 53.100 -176.607 jng-rockwall-01
165 1 0 546 1 10000 125 442.189 35.749 -203.357 438.420 27.349 -206.552 444.951 43.411 -198.265 jng-rockwall-01
166 1 0 451 1 10000 625 431.305 8.912 -311.051 427.896 2.430 -314.883 434.145 13.956 -309.550 jng-rockwall-01
167 1 11 1915 1 10000 6250 300.369 21.645 -193.800 299.908 19.504 -194.334 300.813 23.961 -193.234 jng-treebark-03
168 1 229 2808 1 10000 56 364.660 37.479 -204.822 351.374 22.490 -216.562 373.077 46.506 -195.358 pal-environment-front
169 1 0 424 1 10000 1042 181.802 51.649 -247.558 171.300 40.616 -253.436 194.332 56.928 -236.812 jng-rockwall-01
170 1 0 409 1 10000 1146 314.822 19.423 -271.341 311.062 12.416 -273.503 316.287 24.636 -267.985 jng-rockwall-01
171 1 0 397 1 10000 833 316.776 22.105 -241.656 313.801 15.466 -244.468 320.921 27.076 -239.362 jng-rockwall-01
172 1 0 460 1 10000 1042 293.118 5.473 -317.333 290.962 -1.747 -318.977 295.510 10.489 -313.278 jng-rockwall-01
173 1 17 2817 1 10000 139 362.209 88.364 -206.095 353.493 84.424 -214.782 370.931 91.487 -197.438 gen-metal-dark-hitweak
174 1 17 2818 1 10000 139 397.014 75.258 -241.047 388.298 71.318 -249.733 405.736 78.380 -232.390 gen-metal-dark-hitweak
175 1 17 2819 1 10000 139 327.398 97.503 -241.036 318.683 93.563 -249.722 336.120 100.625 -232.379 gen-metal-dark-hitweak
176 1 17 2820 1 10000 139 362.209 105.665 -275.846 353.493 101.725 -284.533 370.931 108.787 -267.189 gen-metal-dark-hitweak
177 1 0 421 1 10000 1042 205.767 43.037 -256.476 201.781 33.080 -259.834 207.327 50.494 -251.751 jng-rockwall-01
178 1 0 430 1 10000 1042 484.297 31.429 -304.190 482.123 24.671 -309.315 487.640 36.154 -301.442 jng-rockwall-01
179 1 0 388 1 10000 1146 402.059 5.353 -291.346 399.983 -2.847 -293.151 404.818 11.386 -287.881 jng-rockwall-01
180 1 23 2869 1 10000 39 337.697 38.623 -264.766 333.223 20.924 -269.390 343.021 62.174 -259.306 cmn-precursor-stonehenge-rim-hitweak
181 1 23 2870 1 10000 39 348.632 38.623 -272.338 342.567 20.924 -275.511 355.268 62.174 -268.940 cmn-precursor-stonehenge-rim-hitweak
182 1 229 2869 1 10000 39 337.697 38.623 -264.766 333.223 20.924 -269.390 343.021 62.174 -259.306 pal-environment-front
183 1 229 2870 1 10000 39 348.632 38.623 -272.338 342.567 20.924 -275.511 355.268 62.174 -268.940 pal-environment-front
184 1 0 373 1 10000 1042 484.962 27.437 -181.318 479.838 18.067 -183.648 491.453 33.909 -178.072 jng-rockwall-01
185 1 0 382 1 10000 1042 465.337 -2.045 -245.764 458.573 -4.150 -248.293 470.143 2.014 -243.950 jng-rockwall-01
186 1 0 385 1 10000 1042 450.418 9.274 -251.663 442.002 7.747 -258.538 455.811 10.842 -244.277 jng-rockwall-01
187 1 0 391 1 10000 1042 371.252 20.600 -288.503 368.793 13.904 -290.524 374.041 25.392 -284.596 jng-rockwall-01
188 1 0 403 1 10000 1042 198.782 44.875 -163.322 194.968 37.889 -165.790 200.790 50.547 -162.086 jng-rockwall-01
189 1 0 406 1 10000 1042 218.989 44.363 -174.968 216.600 37.397 -178.116 219.819 49.671 -170.347 jng-rockwall-01
190 1 0 415 1 10000 1042 232.554 6.422 -226.252 230.134 -0.314 -228.618 236.829 11.056 -222.715 jng-rockwall-01
191 1 0 442 1 10000 1042 441.217 27.638 -343.613 438.390 18.287 -347.934 443.745 34.481 -341.622 jng-rockwall-01
192 1 0 445 1 10000 1042 453.767 23.477 -355.499 450.125 14.136 -358.287 455.411 30.481 -351.243 jng-rockwall-01
193 1 0 358 1 10000 1146 409.361 40.678 -100.491 405.572 30.542 -105.524 412.329 48.180 -98.394 jng-rockwall-01
194 1 0 457 1 10000 1146 378.943 18.566 -329.185 375.153 11.626 -332.064 380.798 23.790 -326.888 jng-rockwall-01
195 1 0 370 1 10000 1042 402.803 47.547 -149.634 399.368 41.025 -154.496 408.787 52.240 -146.039 jng-rockwall-01
196 1 0 436 1 10000 1146 436.299 6.997 -299.934 433.428 -0.651 -303.996 438.713 13.134 -297.856 jng-rockwall-01
197 1 4 1622 1 10000 11 431.597 45.299 -363.323 423.127 30.867 -369.736 443.162 56.023 -356.610 jng-treebark-01-4x4
198 1 0 379 1 10000 1146 436.501 -3.096 -239.805 430.358 -4.944 -244.068 443.255 0.524 -233.008 jng-rockwall-01
199 0 7 265 1 10000 6997 236.819 46.005 -243.625 234.172 45.624 -245.719 239.578 46.328 -241.172 jng-leafyground-hang-2x1
200 1 0 394 1 10000 1042 333.425 25.089 -263.092 330.734 18.471 -266.706 338.552 30.253 -259.847 jng-rockwall-01
201 1 0 439 1 10000 1146 437.723 6.507 -290.873 435.240 0.184 -294.279 439.970 11.561 -288.990 jng-rockwall-01
202 0 33 324 1 10000 7287 435.569 34.741 -222.522 433.765 32.593 -224.547 437.390 36.890 -220.485 jng-lrkr-metal-05
203 1 70 2188 1 10000 417 281.162 27.224 -290.937 280.559 25.896 -291.808 281.559 28.552 -290.073 cmn-precursor-stonehengetop
204 1 70 2192 1 10000 417 271.134 29.224 -301.660 270.531 27.896 -302.531 271.531 30.552 -300.797 cmn-precursor-stonehengetop
205 1 70 2196 1 10000 417 272.995 28.224 -293.643 272.392 26.896 -294.514 273.392 29.552 -292.780 cmn-precursor-stonehengetop
206 1 70 2200 1 10000 417 289.244 26.224 -293.144 288.642 24.896 -294.015 289.642 27.552 -292.280 cmn-precursor-stonehengetop
207 1 70 2212 1 10000 417 281.219 31.223 -311.780 280.616 29.895 -312.651 281.616 32.551 -310.917 cmn-precursor-stonehengetop
208 1 70 2216 1 10000 417 273.234 30.223 -309.413 272.632 28.895 -310.284 273.632 31.551 -308.549 cmn-precursor-stonehengetop
209 1 229 2188 1 10000 417 281.162 27.224 -290.937 280.559 25.896 -291.808 281.559 28.552 -290.073 pal-environment-front
210 1 229 2192 1 10000 417 271.134 29.224 -301.660 270.531 27.896 -302.531 271.531 30.552 -300.797 pal-environment-front
211 1 229 2196 1 10000 417 272.995 28.224 -293.643 272.392 26.896 -294.514 273.392 29.552 -292.780 pal-environment-front
212 1 229 2200 1 10000 417 289.244 26.224 -293.144 288.642 24.896 -294.015 289.642 27.552 -292.280 pal-environment-front
213 1 229 2212 1 10000 417 281.219 31.223 -311.780 280.616 29.895 -312.651 281.616 32.551 -310.917 pal-environment-front
214 1 229 2216 1 10000 417 273.234 30.223 -309.413 272.632 28.895 -310.284 273.632 31.551 -308.549 pal-environment-front
215 1 23 2868 1 10000 39 330.492 38.623 -253.588 327.386 20.924 -259.771 333.694 62.174 -246.898 cmn-precursor-stonehenge-rim-hitweak
216 1 229 2868 1 10000 39 330.492 38.623 -253.588 327.386 20.924 -259.771 333.694 62.174 -246.898 pal-environment-front
217 0 7 264 1 10000 7152 228.347 48.161 -247.220 225.390 47.688 -249.344 230.984 48.484 -244.688 jng-leafyground-hang-2x1
218 1 4 1617 1 10000 11 478.317 43.478 -312.062 472.681 25.438 -324.358 485.267 56.883 -302.454 jng-treebark-01-4x4
219 1 4 1618 1 10000 11 469.708 42.222 -335.682 462.783 24.182 -345.908 475.205 55.628 -323.179 jng-treebark-01-4x4
220 1 4 1625 1 10000 11 369.060 56.280 -370.497 358.486 38.239 -376.770 379.194 69.685 -363.820 jng-treebark-01-4x4
221 1 4 1626 1 10000 11 336.031 30.659 -373.966 323.695 12.619 -380.644 346.611 44.064 -368.794 jng-treebark-01-4x4
222 1 4 1628 1 10000 11 318.925 33.630 -366.571 308.375 15.590 -371.969 330.555 47.035 -360.454 jng-treebark-01-4x4
223 1 76 2170 1 10000 156 354.150 55.963 -213.938 351.228 55.663 -216.877 357.072 56.209 -211.033 cmn-precursor-ecovalve-top
224 1 76 2171 1 10000 156 455.060 17.573 -292.842 452.138 17.272 -295.780 457.982 17.819 -289.937 cmn-precursor-ecovalve-top
225 1 0 361 1 10000 1042 365.726 41.301 -130.450 362.640 31.344 -134.451 371.334 48.758 -127.230 jng-rockwall-01
226 1 0 376 1 10000 1042 412.007 37.011 -185.674 408.920 27.053 -189.675 417.614 44.468 -182.453 jng-rockwall-01
227 1 0 412 1 10000 1042 232.721 16.050 -218.069 230.387 5.215 -219.938 237.039 24.421 -215.206 jng-rockwall-01
228 1 0 400 1 10000 1146 340.592 5.975 -284.889 337.868 -2.653 -288.485 345.052 12.437 -281.881 jng-rockwall-01
229 0 15 248 1 10000 7251 227.197 -0.097 -252.511 226.719 -1.422 -254.704 227.500 0.859 -248.047 jng-path1-4x4
230 0 4 265 1 10000 7300 236.809 37.344 -242.252 233.672 33.968 -245.781 239.859 42.421 -238.891 jng-treebark-01-4x4
231 1 4 1616 1 10000 11 229.643 56.016 -284.643 217.261 41.584 -291.605 239.433 66.740 -279.027 jng-treebark-01-4x4
232 1 4 1619 1 10000 11 482.889 46.364 -324.483 475.965 31.932 -334.709 488.387 57.088 -311.980 jng-treebark-01-4x4
233 1 4 1620 1 10000 11 460.873 37.838 -347.504 450.392 23.406 -354.326 468.004 48.562 -339.627 jng-treebark-01-4x4
234 1 4 1623 1 10000 11 397.777 48.687 -369.749 387.284 34.254 -375.056 410.217 59.411 -362.959 jng-treebark-01-4x4
235 1 4 1624 1 10000 11 383.044 50.073 -368.723 371.290 35.641 -375.508 391.775 60.798 -362.668 jng-treebark-01-4x4
236 1 4 1627 1 10000 11 303.297 31.855 -362.632 295.436 17.423 -369.544 311.864 42.579 -352.909 jng-treebark-01-4x4
237 1 4 1629 1 10000 11 236.552 56.016 -297.120 227.569 41.584 -303.880 245.819 66.740 -288.420 jng-treebark-01-4x4
238 1 4 1632 1 10000 11 288.033 55.913 -352.690 280.172 41.481 -359.602 296.600 66.637 -342.967 jng-treebark-01-4x4
239 1 4 1635 1 10000 11 256.305 57.192 -334.436 250.196 42.760 -346.164 263.081 67.916 -325.743 jng-treebark-01-4x4
240 1 229 2777 1 10000 750 358.875 87.709 -244.468 342.208 80.374 -261.082 375.333 88.515 -227.911 pal-environment-front
241 1 4 1621 1 10000 11 415.410 60.359 -367.479 408.860 47.960 -377.235 423.131 69.572 -357.642 jng-treebark-01-4x4
242 1 4 1630 1 10000 11 236.868 62.038 -309.095 229.153 49.258 -319.728 243.451 71.534 -301.789 jng-treebark-01-4x4
243 1 4 1631 1 10000 11 246.484 52.524 -323.896 235.870 39.744 -328.960 258.713 62.020 -317.314 jng-treebark-01-4x4
244 1 4 1633 1 10000 11 268.328 47.783 -331.001 257.752 35.004 -336.184 280.673 57.279 -324.313 jng-treebark-01-4x4
245 1 4 1634 1 10000 11 282.363 46.584 -339.031 269.938 33.804 -345.993 292.263 56.080 -333.434 jng-treebark-01-4x4
246 1 4 1636 1 10000 11 268.317 58.060 -345.997 257.722 45.281 -351.124 280.608 67.556 -339.359 jng-treebark-01-4x4
247 1 70 2204 1 10000 417 290.976 32.237 -301.578 290.373 30.576 -302.449 291.373 33.897 -300.715 cmn-precursor-stonehengetop
248 1 70 2208 1 10000 417 288.786 31.560 -308.716 288.183 29.899 -309.587 289.183 33.220 -307.853 cmn-precursor-stonehengetop
249 1 229 2204 1 10000 417 290.976 32.237 -301.578 290.373 30.576 -302.449 291.373 33.897 -300.715 pal-environment-front
250 1 229 2208 1 10000 417 288.786 31.560 -308.716 288.183 29.899 -309.587 289.183 33.220 -307.853 pal-environment-front
251 1 0 965 1 10000 179 444.198 19.402 -257.339 441.874 11.603 -258.194 446.968 25.438 -254.219 jng-rockwall-01
252 0 20 326 1 10000 7888 427.376 30.512 -220.917 425.984 28.937 -222.032 428.531 32.109 -220.063 jng-lrkr-metal-04
253 1 0 977 1 10000 179 258.527 10.416 -146.531 253.671 0.827 -149.300 265.265 17.980 -143.542 jng-rockwall-01
254 0 21 326 1 10000 7778 427.740 30.750 -220.463 425.453 27.781 -222.438 430.328 33.249 -218.313 jng-lrkr-metal-03
255 1 0 454 1 10000 1146 406.947 6.323 -322.310 403.443 -0.745 -324.794 409.088 11.576 -320.931 jng-rockwall-01
256 0 20 327 1 10000 8099 418.808 32.831 -209.950 416.375 32.468 -212.531 421.359 33.359 -207.094 jng-lrkr-metal-04
257 1 0 985 1 10000 179 223.347 12.723 -193.643 219.331 0.908 -196.676 229.191 22.183 -190.985 jng-rockwall-01
258 0 20 325 1 10000 8149 431.687 30.518 -215.295 430.750 29.359 -215.985 432.624 31.688 -214.610 jng-lrkr-metal-04
259 1 27 2777 1 10000 729 360.764 88.511 -242.418 342.208 88.499 -261.082 375.333 88.515 -227.911 jng-precursor-metal-floor
260 0 20 328 1 10000 8454 427.440 33.163 -216.336 425.437 32.375 -218.781 429.140 33.906 -213.735 jng-lrkr-metal-04
261 0 21 325 1 10000 8389 431.669 30.633 -215.321 428.859 27.781 -217.735 433.750 33.249 -213.625 jng-lrkr-metal-03
262 0 4 277 1 10000 8397 240.496 37.859 -243.189 239.750 36.625 -244.297 241.375 38.906 -242.141 jng-treebark-01-4x4
263 0 1 265 1 10000 8902 236.852 46.463 -243.607 234.297 46.249 -245.594 239.343 46.562 -241.360 jng-leafyground
264 0 28 265 1 10000 9024 237.901 37.392 -244.840 235.765 26.484 -248.672 239.984 46.312 -241.344 jng-treebark-02
265 0 1 264 1 10000 8902 228.228 48.625 -247.081 225.516 48.375 -249.219 230.875 48.859 -244.766 jng-leafyground
266 0 28 278 1 10000 9055 227.449 37.309 -252.732 226.094 34.390 -254.625 228.672 40.281 -250.407 jng-treebark-02
267 0 67 327 1 10000 9106 418.648 29.983 -209.792 414.265 28.484 -213.125 421.797 31.640 -205.703 jng-lrkr-metal-02
268 0 0 44 1 10000 9161 434.010 15.279 -297.409 424.328 12.296 -321.813 442.125 17.422 -270.344 jng-rockwall-01
269 0 60 322 1 10000 9028 428.979 35.545 -216.920 427.250 33.968 -219.000 430.656 37.062 -215.485 jng-lrkr-metal-08
270 0 11 265 1 10000 9259 237.837 34.725 -244.904 233.687 26.484 -250.219 242.515 46.328 -239.235 jng-treebark-03
271 0 4 278 1 10000 9278 227.185 44.315 -249.390 226.328 38.796 -251.453 228.203 48.422 -248.281 jng-treebark-01-4x4
272 0 33 322 1 10000 9044 428.914 37.364 -217.008 427.656 36.999 -218.281 430.062 37.656 -215.844 jng-lrkr-metal-05
273 0 60 331 1 10000 9210 421.764 37.549 -216.128 416.312 35.718 -221.266 427.391 39.156 -211.032 jng-lrkr-metal-08
274 0 60 330 1 10000 9296 425.302 37.614 -211.578 419.687 35.859 -216.813 430.750 39.156 -206.297 jng-lrkr-metal-08
275 0 0 216 1 10000 9415 268.624 2.965 -129.457 264.468 -4.125 -132.547 273.234 8.390 -125.766 jng-rockwall-01
276 0 0 215 1 10000 9465 282.654 16.394 -127.456 280.234 11.969 -130.328 285.140 20.578 -124.907 jng-rockwall-01
277 0 0 85 1 10000 9252 423.947 16.279 -320.611 422.109 14.234 -322.766 426.281 18.265 -318.313 jng-rockwall-01
278 0 0 23 1 10000 9257 442.045 31.034 -206.546 440.281 28.953 -208.641 444.656 32.984 -204.141 jng-rockwall-01
279 0 0 139 1 10000 9250 282.990 10.555 -208.487 281.375 8.219 -210.578 285.109 12.719 -206.688 jng-rockwall-01
280 0 0 153 1 10000 9255 232.660 35.021 -183.069 230.656 32.344 -185.375 234.375 37.844 -180.891 jng-rockwall-01
281 0 13 317 1 10000 9289 434.070 30.250 -221.193 431.156 28.531 -223.125 436.109 31.531 -218.281 jng-lrkr-bigmetal-01
282 0 0 41 1 10000 9301 441.344 7.598 -259.284 438.281 4.719 -262.126 444.515 10.562 -257.000 jng-rockwall-01
283 0 0 168 1 10000 9308 278.425 32.262 -271.049 275.140 28.641 -274.016 281.140 35.953 -268.172 jng-rockwall-01
284 0 0 38 1 10000 9300 435.946 9.986 -246.453 432.890 7.109 -249.297 439.109 12.953 -244.157 jng-rockwall-01
285 0 4 273 1 10000 9487 247.792 42.522 -243.720 247.500 41.453 -244.422 248.219 43.375 -243.203 jng-treebark-01-4x4
286 0 20 329 1 10000 9337 409.247 33.167 -210.768 407.453 30.406 -212.250 410.968 35.875 -209.344 jng-lrkr-metal-04
287 0 28 277 1 10000 9373 240.176 40.457 -243.863 238.859 33.812 -245.485 242.515 46.125 -242.141 jng-treebark-02
288 0 21 272 1 10000 9243 440.641 41.875 -227.570 438.890 41.281 -229.313 442.390 42.468 -225.813 jng-lrkr-metal-03
289 0 0 155 1 10000 9314 230.514 34.666 -184.740 227.562 33.218 -187.047 232.828 36.656 -182.297 jng-rockwall-01
290 0 0 118 1 10000 9513 305.400 11.195 -128.673 302.156 5.546 -131.735 308.250 16.875 -125.719 jng-rockwall-01
291 0 15 96 1 10000 9320 383.029 26.119 -340.945 360.656 24.297 -347.110 406.625 27.953 -332.922 jng-path1-4x4
292 0 0 228 1 10000 9414 368.511 25.299 -286.809 364.421 19.140 -290.688 373.484 33.812 -281.844 jng-rockwall-01
293 0 20 322 1 10000 9172 428.698 36.033 -217.448 426.515 33.968 -219.344 431.094 37.891 -215.532 jng-lrkr-metal-04
294 0 33 327 1 10000 9449 418.882 31.899 -209.908 415.937 31.234 -213.000 421.797 32.468 -206.625 jng-lrkr-metal-05
295 0 0 140 1 10000 9347 250.957 19.573 -209.792 248.234 17.578 -212.422 253.453 21.515 -207.047 jng-rockwall-01
296 0 11 278 1 10000 9369 227.880 32.286 -254.043 225.812 27.843 -256.672 230.344 39.343 -250.203 jng-treebark-03
297 0 0 231 1 10000 9396 290.835 12.618 -212.778 287.312 6.109 -215.844 295.281 17.312 -208.641 jng-rockwall-01
298 0 11 300 1 10000 9517 229.764 39.329 -246.528 228.031 33.453 -250.031 232.609 47.906 -244.797 jng-treebark-03
299 0 0 57 1 10000 9372 397.327 18.057 -255.727 394.390 15.078 -258.516 399.875 21.765 -252.469 jng-rockwall-01
300 0 0 69 1 10000 9378 436.111 13.750 -304.846 433.703 11.656 -306.828 439.062 16.046 -302.563 jng-rockwall-01
301 0 0 58 1 10000 9381 395.144 19.426 -258.731 392.265 15.672 -261.532 398.344 22.390 -256.156 jng-rockwall-01
302 0 11 298 1 10000 9416 243.849 36.284 -244.856 242.656 30.328 -246.610 244.625 43.344 -243.563 jng-treebark-03
303 0 0 36 1 10000 9462 484.888 7.787 -257.847 477.781 0.531 -261.938 491.875 15.078 -254.048 jng-rockwall-01
304 0 0 49 1 10000 9391 445.892 15.322 -269.409 442.719 12.421 -272.110 448.484 18.250 -266.344 jng-rockwall-01
305 0 0 39 1 10000 9445 441.741 21.540 -259.274 438.187 18.359 -262.516 444.672 24.781 -256.391 jng-rockwall-01
306 0 0 52 1 10000 9441 442.519 39.565 -265.591 439.359 36.953 -268.844 445.562 42.953 -261.360 jng-rockwall-01
307 0 0 132 1 10000 9397 231.163 37.752 -182.561 228.641 35.328 -185.938 234.625 39.922 -178.906 jng-rockwall-01
308 0 0 77 1 10000 9380 423.559 13.807 -321.215 421.172 11.359 -324.031 426.515 16.843 -318.673 jng-rockwall-01
309 0 0 133 1 10000 9408 231.796 40.490 -180.584 229.531 37.015 -183.734 234.468 43.875 -178.000 jng-rockwall-01
310 0 11 273 1 10000 9549 248.575 36.064 -246.366 247.656 30.297 -249.406 249.359 41.625 -243.938 jng-treebark-03
311 0 0 37 1 10000 9389 442.947 19.857 -270.894 440.015 17.359 -273.391 445.562 22.297 -268.703 jng-rockwall-01
312 0 0 90 1 10000 9403 463.872 49.087 -361.010 460.765 46.765 -363.438 466.265 51.687 -358.188 jng-rockwall-01
313 0 3 272 1 10000 9485 440.641 41.808 -227.567 439.265 40.797 -228.954 442.015 42.718 -226.188 jng-watchtower-base-01
314 0 0 161 1 10000 9485 304.604 24.576 -292.127 280.312 20.797 -338.094 320.125 27.344 -256.922 jng-rockwall-01
315 0 0 143 1 10000 9463 246.963 19.661 -212.536 242.875 17.125 -215.156 250.297 22.125 -209.313 jng-rockwall-01
316 0 13 319 1 10000 9566 425.265 30.493 -214.979 423.141 28.531 -218.031 428.468 32.031 -212.672 jng-lrkr-bigmetal-01
317 0 0 96 1 10000 9545 390.016 24.877 -334.477 356.641 21.969 -359.078 420.750 27.828 -318.204 jng-rockwall-01
318 0 0 189 1 10000 9459 254.443 30.137 -272.266 252.047 27.062 -274.969 256.765 33.687 -268.563 jng-rockwall-01
319 0 20 324 1 10000 9507 436.512 35.131 -222.865 432.171 31.953 -226.031 439.359 38.406 -218.625 jng-lrkr-metal-04
320 0 0 163 1 10000 9585 309.613 8.443 -267.484 305.500 2.968 -270.719 314.515 13.437 -263.500 jng-rockwall-01
321 0 0 29 1 10000 9532 274.704 20.524 -166.509 216.172 14.234 -217.907 358.078 27.578 -124.797 jng-rockwall-01
322 0 0 54 1 10000 9689 397.341 15.122 -283.276 367.031 11.922 -295.141 412.109 17.874 -265.969 jng-rockwall-01
323 0 114 352 1 10000 9405 272.187 20.703 -154.878 266.046 19.391 -160.250 279.688 21.328 -146.719 jng-beach-01path
324 0 66 328 1 10000 9530 429.916 31.766 -218.214 425.140 28.531 -222.313 433.968 33.906 -213.625 jng-lrkr-metal-07
325 0 11 277 1 10000 9431 239.635 40.415 -243.784 238.922 38.422 -244.297 240.515 42.141 -243.344 jng-treebark-03
326 0 0 135 1 10000 9487 194.279 56.117 -165.873 184.922 48.781 -171.391 201.984 61.593 -160.579 jng-rockwall-01
327 0 6 281 1 10000 9476 327.161 52.086 -162.075 283.531 38.672 -203.281 372.000 64.953 -127.422 jng-canopy-03
328 0 0 103 1 10000 9590 399.510 14.543 -322.249 394.859 8.078 -326.032 404.156 23.265 -318.266 jng-rockwall-01
329 0 0 234 1 10000 9545 254.197 22.183 -206.422 249.828 14.796 -209.344 257.921 26.781 -202.578 jng-rockwall-01
330 0 0 63 1 10000 9646 352.071 3.378 -293.214 347.422 -5.797 -298.781 356.375 14.765 -288.688 jng-rockwall-01
331 0 0 34 1 10000 9466 385.115 25.592 -177.103 383.297 23.328 -178.516 386.937 28.250 -175.500 jng-rockwall-01
332 0 0 12 1 10000 9755 393.140 27.175 -215.072 303.187 23.844 -261.594 483.046 30.406 -173.281 jng-rockwall-01
333 0 12 248 1 10000 9498 384.171 -3.182 -247.841 201.594 -19.875 -318.094 505.000 2.750 -181.610 jng-beach-01
334 0 0 210 1 10000 9617 441.024 42.541 -191.488 417.327 31.906 -202.625 459.781 49.500 -173.250 jng-rockwall-01
335 0 0 172 1 10000 9449 318.232 22.724 -276.931 315.796 19.906 -279.672 320.750 25.047 -274.219 jng-rockwall-01
336 0 0 129 1 10000 9611 223.417 41.427 -179.197 214.406 36.656 -184.250 231.109 48.203 -172.547 jng-rockwall-01
337 0 0 147 1 10000 9652 201.711 52.471 -218.931 193.109 45.375 -228.047 208.750 59.078 -210.454 jng-rockwall-01
338 0 0 150 1 10000 9652 180.221 60.651 -231.422 174.562 53.250 -239.454 185.672 67.015 -221.594 jng-rockwall-01
339 0 0 194 1 10000 9652 195.564 54.913 -253.637 186.984 47.906 -262.079 204.906 61.609 -247.156 jng-rockwall-01
340 0 0 235 1 10000 9498 244.004 23.193 -213.412 239.297 15.937 -216.032 247.234 27.843 -208.844 jng-rockwall-01
341 0 0 117 1 10000 9606 339.194 13.179 -131.162 336.015 7.484 -134.235 342.109 18.812 -128.219 jng-rockwall-01
342 0 1 54 1 10000 9460 389.147 16.986 -279.245 365.828 16.344 -295.141 412.109 18.109 -260.078 jng-leafyground
343 0 12 29 1 10000 9407 319.247 19.187 -181.918 237.484 10.859 -224.500 406.203 22.703 -152.406 jng-beach-01
344 0 0 159 1 10000 9537 308.675 17.475 -260.274 303.797 11.124 -265.735 312.171 23.094 -256.953 jng-rockwall-01
345 0 5 281 1 10000 9418 328.509 48.589 -161.752 280.969 46.203 -206.110 375.109 51.812 -125.000 jng-canopy-hang-01
346 0 0 91 1 10000 9504 487.815 47.861 -337.412 484.656 44.906 -340.047 490.828 51.312 -334.032 jng-rockwall-01
347 0 13 318 1 10000 9696 442.487 35.489 -228.310 433.109 29.937 -235.157 449.952 41.594 -219.141 jng-lrkr-bigmetal-01
348 0 0 124 1 10000 9580 300.045 15.763 -222.750 296.031 9.812 -226.281 305.703 20.984 -219.641 jng-rockwall-01
349 0 0 218 1 10000 9506 257.764 16.759 -205.892 253.687 10.094 -209.297 262.171 22.734 -201.688 jng-rockwall-01
350 0 0 71 1 10000 9464 429.563 3.281 -309.579 427.375 0.500 -312.750 432.281 5.922 -306.281 jng-rockwall-01
351 0 0 33 1 10000 9481 385.267 21.812 -177.942 383.265 18.531 -180.125 387.078 25.078 -176.000 jng-rockwall-01
352 0 1 44 1 10000 9516 458.256 20.481 -319.483 424.328 16.156 -362.375 492.719 36.531 -269.469 jng-leafyground
353 0 13 316 1 10000 9548 413.719 35.166 -204.698 407.094 28.672 -211.953 420.250 41.937 -197.594 jng-lrkr-bigmetal-01
354 0 5 282 1 10000 9429 281.161 52.958 -317.549 258.265 51.156 -339.891 304.640 54.828 -297.891 jng-canopy-hang-01
355 0 1 248 1 10000 9455 331.705 3.745 -305.845 225.734 0.124 -386.875 442.312 25.375 -208.563 jng-leafyground
356 0 0 20 1 10000 9710 442.715 58.451 -171.512 437.515 52.031 -178.844 448.906 65.765 -165.125 jng-rockwall-01
357 0 0 24 1 10000 9709 410.490 44.148 -108.506 403.750 36.921 -113.016 417.125 52.656 -103.094 jng-rockwall-01
358 0 0 2 1 10000 9709 428.252 45.660 -106.759 421.781 38.140 -113.406 434.453 54.203 -101.063 jng-rockwall-01
359 0 0 17 1 10000 9709 423.517 58.798 -178.681 417.890 51.562 -183.219 429.188 67.437 -174.219 jng-rockwall-01
360 0 0 48 1 10000 9496 438.430 2.467 -276.587 436.500 -0.532 -279.766 440.453 6.140 -273.031 jng-rockwall-01
361 0 0 76 1 10000 9494 434.477 4.580 -299.043 432.406 1.296 -301.875 436.312 8.187 -295.829 jng-rockwall-01
362 0 0 227 1 10000 9494 355.632 27.610 -283.174 351.515 24.484 -286.453 358.953 30.343 -280.125 jng-rockwall-01
363 0 0 158 1 10000 9495 310.476 10.838 -271.021 307.265 7.906 -274.812 313.390 14.234 -268.000 jng-rockwall-01
364 0 0 66 1 10000 9493 370.565 25.784 -283.516 366.453 22.656 -286.797 373.891 28.515 -280.469 jng-rockwall-01
365 0 0 107 1 10000 9500 389.097 19.352 -324.898 385.515 16.281 -327.329 392.156 23.219 -321.735 jng-rockwall-01
366 0 15 29 1 10000 9517 322.898 20.172 -153.010 255.468 18.499 -166.282 384.203 23.219 -140.188 jng-path1-4x4
367 0 1 161 1 10000 9546 277.431 30.983 -311.251 236.562 17.843 -357.032 320.125 48.515 -256.922 jng-leafyground
368 0 0 182 1 10000 9496 291.878 50.175 -370.905 288.484 47.187 -374.688 294.906 53.297 -368.312 jng-rockwall-01
369 0 0 204 1 10000 9495 319.548 51.051 -386.355 316.000 48.062 -389.047 322.828 54.171 -383.907 jng-rockwall-01
370 0 0 146 1 10000 9494 198.147 47.634 -233.275 195.344 44.641 -237.328 201.171 50.766 -230.360 jng-rockwall-01
371 0 0 179 1 10000 9495 285.287 50.091 -364.386 282.484 47.094 -368.438 288.312 53.219 -361.469 jng-rockwall-01
372 0 0 193 1 10000 9496 207.757 48.763 -258.855 204.953 45.766 -262.907 210.781 51.890 -255.938 jng-rockwall-01
373 0 0 196 1 10000 9496 236.428 47.928 -327.087 233.625 44.937 -331.141 239.453 51.062 -324.172 jng-rockwall-01
374 0 0 102 1 10000 9505 403.068 19.055 -319.353 399.906 16.015 -321.891 406.843 22.937 -316.313 jng-rockwall-01
375 0 0 203 1 10000 9495 304.732 51.033 -383.698 301.172 48.062 -386.375 308.016 54.171 -381.235 jng-rockwall-01
376 0 0 10 1 10000 9546 450.580 23.127 -201.956 446.953 19.297 -205.313 453.500 27.015 -198.688 jng-rockwall-01
377 0 0 47 1 10000 9495 438.723 9.485 -289.648 436.140 6.203 -292.485 441.031 13.015 -286.313 jng-rockwall-01
378 0 0 171 1 10000 9646 313.985 15.377 -275.109 308.797 9.421 -280.719 317.984 23.234 -271.891 jng-rockwall-01
379 0 0 101 1 10000 9496 396.009 21.441 -320.629 392.796 18.390 -322.907 398.921 25.312 -317.532 jng-rockwall-01
380 0 0 67 1 10000 9564 488.214 42.536 -305.410 484.187 39.234 -309.094 491.250 46.062 -301.563 jng-rockwall-01
381 0 0 104 1 10000 9488 381.311 21.790 -327.939 378.953 17.703 -330.219 384.453 26.421 -325.579 jng-rockwall-01
382 0 0 225 1 10000 9531 346.269 24.281 -275.905 341.671 15.312 -282.109 351.265 35.124 -270.673 jng-rockwall-01
383 0 0 230 1 10000 9495 277.756 14.109 -205.710 273.171 8.031 -207.891 281.968 19.218 -202.109 jng-rockwall-01
384 0 0 237 1 10000 9534 324.507 21.609 -252.171 319.828 12.609 -258.781 329.562 32.375 -246.860 jng-rockwall-01
385 0 0 222 1 10000 9706 285.582 2.570 -128.278 279.172 -7.672 -131.719 292.312 10.109 -125.532 jng-rockwall-01
386 0 0 187 1 10000 9515 217.369 35.107 -259.181 214.609 31.609 -261.797 220.734 39.265 -256.188 jng-rockwall-01
387 0 0 0 1 10000 9564 470.219 4.713 -53.361 466.390 0.703 -56.906 474.094 8.468 -49.672 jng-rockwall-01
388 0 0 197 1 10000 9556 334.343 45.831 -382.654 331.578 42.578 -387.110 337.515 50.062 -377.688 jng-rockwall-01
389 0 0 141 1 10000 9539 229.857 29.581 -185.362 225.062 23.390 -191.235 234.062 38.000 -177.719 jng-rockwall-01
390 0 11 299 1 10000 9576 244.947 36.909 -246.848 243.250 30.031 -249.063 246.859 43.391 -244.907 jng-treebark-03
391 0 0 184 1 10000 9517 261.703 28.514 -251.862 257.375 25.312 -255.047 265.765 31.719 -248.579 jng-rockwall-01
392 0 15 161 1 10000 9429 283.353 27.799 -295.782 263.047 26.343 -321.297 297.968 29.140 -260.313 jng-path1-4x4
393 0 0 93 1 10000 9557 448.771 50.754 -358.835 444.953 47.062 -364.266 452.594 54.781 -354.532 jng-rockwall-01
394 0 0 199 1 10000 9553 397.953 51.346 -377.901 394.078 48.453 -382.735 403.734 54.375 -372.672 jng-rockwall-01
395 0 0 115 1 10000 9553 351.842 49.734 -360.279 347.969 46.874 -365.141 357.625 52.797 -355.079 jng-rockwall-01
396 0 0 113 1 10000 9554 344.742 48.519 -366.912 341.172 44.500 -371.750 349.031 52.719 -362.454 jng-rockwall-01
397 0 1 29 1 10000 9490 297.851 22.150 -167.394 216.172 19.781 -217.907 391.937 27.953 -124.797 jng-leafyground
398 0 0 142 1 10000 9504 233.629 21.287 -182.975 230.438 17.656 -186.360 236.172 25.500 -179.953 jng-rockwall-01
399 0 0 108 1 10000 9505 386.541 19.006 -327.139 382.718 15.375 -330.313 390.328 22.656 -323.219 jng-rockwall-01
400 0 0 105 1 10000 9506 385.689 22.633 -326.935 381.891 19.391 -328.828 389.140 26.359 -324.422 jng-rockwall-01
401 0 0 30 1 10000 9661 410.929 47.371 -172.125 407.437 44.734 -178.391 414.484 50.109 -165.891 jng-rockwall-01
402 0 1 96 1 10000 9481 389.612 29.230 -352.264 356.641 25.578 -380.407 420.750 39.875 -318.204 jng-leafyground
403 0 0 240 1 10000 9581 287.577 20.149 -264.940 279.640 16.078 -270.313 295.546 25.375 -261.813 jng-rockwall-01
404 0 0 169 1 10000 9617 276.264 25.780 -264.674 272.546 20.594 -267.688 280.062 31.265 -261.016 jng-rockwall-01
405 0 0 6 1 10000 9636 447.437 30.436 -203.302 442.859 25.156 -208.984 452.468 37.109 -198.704 jng-rockwall-01
406 0 0 241 1 10000 9520 298.744 20.219 -310.778 295.734 14.750 -316.954 301.109 24.078 -304.641 jng-rockwall-01
407 0 0 88 1 10000 9639 479.852 49.322 -351.714 471.906 45.844 -357.360 485.437 53.375 -344.875 jng-rockwall-01
408 0 0 176 1 10000 9619 284.880 44.604 -358.755 279.953 39.359 -365.000 290.109 49.812 -353.500 jng-rockwall-01
409 0 0 97 1 10000 9615 432.782 49.965 -371.812 426.890 47.406 -375.703 439.500 53.125 -366.875 jng-rockwall-01
410 0 0 201 1 10000 9611 418.887 51.105 -374.399 413.406 48.515 -379.297 425.984 54.203 -368.938 jng-rockwall-01
411 0 0 13 1 10000 9696 448.148 21.281 -215.882 444.562 14.375 -220.282 453.468 28.265 -211.453 jng-rockwall-01
412 0 0 180 1 10000 9564 287.144 32.411 -352.092 282.937 27.828 -357.125 291.500 37.593 -347.532 jng-rockwall-01
413 0 34 341 1 10000 9761 408.783 36.937 -209.403 407.922 35.765 -210.000 409.609 38.109 -208.781 jng-lrkr-plate-01
414 0 34 336 1 10000 9754 417.414 33.067 -205.818 416.546 31.906 -206.829 418.187 34.219 -204.876 jng-lrkr-plate-01
415 0 34 339 1 10000 9459 410.930 38.497 -202.845 410.140 36.984 -204.297 412.000 40.359 -201.360 jng-lrkr-plate-01
416 0 0 157 1 10000 9519 316.787 23.961 -242.016 311.953 12.562 -246.531 324.265 32.562 -236.688 jng-rockwall-01
417 0 20 323 1 10000 9671 427.513 30.518 -220.763 426.577 29.359 -221.454 428.453 31.688 -220.078 jng-lrkr-metal-04
418 0 34 340 1 10000 9501 409.203 32.756 -204.633 408.031 30.796 -206.219 410.421 34.828 -203.016 jng-lrkr-plate-01
419 0 34 335 1 10000 9678 415.101 33.810 -208.816 413.750 31.719 -210.563 416.390 36.016 -207.063 jng-lrkr-plate-01
420 0 34 334 1 10000 9437 418.306 37.693 -204.321 417.156 35.984 -205.844 419.359 39.484 -202.641 jng-lrkr-plate-01
421 0 34 338 1 10000 9751 413.156 36.467 -199.561 411.765 34.328 -201.110 414.500 38.734 -198.250 jng-lrkr-plate-01
422 0 0 106 1 10000 9586 395.603 -0.295 -296.541 390.359 -3.735 -301.485 401.734 3.469 -292.016 jng-rockwall-01
423 0 0 99 1 10000 9541 445.456 43.114 -352.939 441.656 38.656 -356.938 448.624 47.766 -348.375 jng-rockwall-01
424 0 0 92 1 10000 9554 444.537 34.504 -348.441 442.234 30.093 -352.657 447.406 39.359 -344.859 jng-rockwall-01
425 0 0 191 1 10000 9553 272.880 30.579 -261.327 268.421 25.312 -264.641 277.219 35.312 -258.031 jng-rockwall-01
426 0 0 173 1 10000 9564 315.858 20.366 -279.481 311.968 15.234 -282.797 319.703 25.249 -275.406 jng-rockwall-01
427 0 0 206 1 10000 9639 423.411 42.910 -98.508 413.250 32.969 -107.157 434.000 49.562 -91.047 jng-rockwall-01
428 0 0 9 1 10000 9571 449.666 23.498 -207.417 445.719 15.906 -212.563 452.875 30.687 -202.953 jng-rockwall-01
429 0 0 15 1 10000 9567 450.468 18.134 -212.489 444.859 10.203 -216.922 455.125 24.875 -208.125 jng-rockwall-01
430 0 0 112 1 10000 9624 366.447 16.608 -331.378 359.968 9.890 -337.204 373.765 23.156 -325.954 jng-rockwall-01
431 0 0 16 1 10000 9689 467.521 22.006 -185.622 458.703 12.187 -190.751 477.250 28.781 -176.516 jng-rockwall-01
432 0 0 212 1 10000 9712 398.490 22.562 -105.726 392.109 7.250 -118.641 411.469 33.999 -93.376 jng-rockwall-01
433 0 12 303 1 10000 9393 335.881 -5.994 -112.839 272.812 -15.985 -133.610 401.656 3.890 -83.344 jng-beach-01
434 0 0 31 1 10000 9622 406.163 41.785 -164.692 397.062 30.906 -187.203 420.218 46.640 -151.547 jng-rockwall-01
435 0 0 213 1 10000 9640 387.119 47.903 -135.045 373.656 38.453 -157.781 407.109 56.031 -120.172 jng-rockwall-01
436 0 0 214 1 10000 9633 380.890 23.133 -118.557 365.937 10.906 -135.329 399.828 29.188 -109.391 jng-rockwall-01
437 0 0 205 1 10000 9644 410.853 27.026 -94.758 398.218 7.922 -112.813 437.703 38.547 -81.938 jng-rockwall-01
438 0 0 154 1 10000 9672 227.119 38.627 -185.389 220.296 27.937 -192.250 232.406 49.296 -178.000 jng-rockwall-01
439 0 0 207 1 10000 9716 478.381 27.553 -177.279 460.875 12.968 -186.610 492.500 37.297 -161.594 jng-rockwall-01
440 0 0 209 1 10000 9735 467.101 46.721 -177.358 455.203 37.078 -186.719 477.812 52.218 -164.422 jng-rockwall-01
441 0 0 137 1 10000 9649 208.595 46.607 -166.619 197.203 32.843 -178.391 216.781 54.687 -155.875 jng-rockwall-01
442 0 114 351 1 10000 9459 341.958 19.452 -153.114 338.468 18.859 -161.860 345.015 20.468 -145.157 jng-beach-01path
443 0 1 12 1 10000 9487 395.401 28.872 -214.351 303.187 27.437 -266.016 483.046 30.406 -173.281 jng-leafyground
444 0 114 355 1 10000 9510 382.213 26.985 -341.691 380.906 26.687 -346.281 383.265 27.671 -337.297 jng-beach-01path
445 0 114 357 1 10000 9532 401.083 25.522 -340.931 399.859 25.015 -345.625 402.859 26.281 -337.500 jng-beach-01path
446 0 1 242 1 10000 9584 446.642 41.654 -134.632 383.265 4.656 -178.485 513.203 59.062 -81.297 jng-leafyground
447 0 114 356 1 10000 9603 247.101 36.884 -281.943 238.156 36.625 -284.656 255.953 37.078 -278.719 jng-beach-01path
448 0 19 29 0 -1 0 318.023 21.110 -163.899 246.109 19.749 -212.703 393.218 23.219 -140.188 jng-leafyground-hang-2x1long
449 0 7 161 0 -1 0 308.679 26.292 -288.236 297.296 25.594 -338.125 320.671 27.344 -256.344 jng-leafyground-hang-2x1
450 0 7 29 0 -1 0 274.930 22.390 -165.734 215.937 19.593 -218.313 358.078 27.578 -123.797 jng-leafyground-hang-2x1
451 0 7 96 0 -1 0 397.011 26.310 -333.217 356.000 25.406 -359.031 421.266 27.828 -317.563 jng-leafyground-hang-2x1
452 0 7 166 0 -1 0 257.969 36.286 -264.691 217.718 35.640 -303.391 283.015 37.188 -243.047 jng-leafyground-hang-2x1
453 0 7 12 0 -1 0 392.407 28.516 -214.651 302.578 27.437 -261.875 483.328 30.406 -172.453 jng-leafyground-hang-2x1
454 0 19 161 0 -1 0 281.413 28.180 -297.947 263.047 27.562 -321.297 297.968 29.188 -271.376 jng-leafyground-hang-2x1long
455 0 21 324 0 -1 0 436.309 35.022 -222.990 430.500 29.812 -228.703 441.594 40.781 -216.688 jng-lrkr-metal-03
456 0 66 324 0 -1 0 436.027 35.297 -222.673 430.500 29.812 -228.703 441.594 40.781 -216.688 jng-lrkr-metal-07
457 0 7 54 0 -1 0 394.663 17.202 -287.127 367.000 16.078 -295.735 412.515 17.874 -265.829 jng-leafyground-hang-2x1
458 0 7 78 0 -1 0 431.116 21.536 -330.285 410.984 20.875 -351.829 441.968 22.438 -316.954 jng-leafyground-hang-2x1
459 0 7 44 0 -1 0 433.057 16.950 -297.681 423.625 16.453 -322.000 440.297 17.422 -270.219 jng-leafyground-hang-2x1
460 0 19 96 0 -1 0 391.465 26.579 -338.865 364.921 25.578 -345.735 406.625 27.640 -332.922 jng-leafyground-hang-2x1long
461 0 21 331 0 -1 0 421.838 37.426 -216.158 416.312 35.718 -221.266 427.391 39.156 -211.032 jng-lrkr-metal-03
462 0 21 330 0 -1 0 425.238 37.495 -211.558 419.687 35.859 -216.813 430.750 39.156 -206.297 jng-lrkr-metal-03
463 0 19 320 0 -1 0 376.049 27.201 -344.772 359.719 26.625 -347.110 391.968 27.953 -341.485 jng-leafyground-hang-2x1long
464 0 21 329 0 -1 0 410.042 33.178 -209.784 407.453 30.406 -212.250 412.484 35.875 -207.454 jng-lrkr-metal-03
465 0 33 326 0 -1 0 427.260 30.517 -221.088 425.453 28.265 -222.438 429.062 32.781 -219.735 jng-lrkr-metal-05
466 0 21 317 0 -1 0 432.240 30.635 -219.893 430.500 28.531 -222.313 433.968 31.844 -217.484 jng-lrkr-metal-03
467 0 21 328 0 -1 0 427.069 30.989 -216.100 425.140 28.531 -218.578 428.921 32.375 -213.625 jng-lrkr-metal-03
468 0 60 343 0 -1 0 440.639 42.937 -227.573 439.797 42.844 -228.422 441.484 43.124 -226.734 jng-lrkr-metal-08
469 0 33 272 0 -1 0 440.641 42.593 -227.570 438.890 42.468 -229.313 442.390 42.718 -225.813 jng-lrkr-metal-05
470 0 0 46 0 -1 0 439.982 14.565 -280.758 438.781 13.562 -283.281 440.969 15.297 -278.641 jng-rockwall-01
471 0 0 59 0 -1 0 397.531 14.367 -293.167 395.125 13.437 -294.938 399.156 15.375 -291.313 jng-rockwall-01
472 0 0 95 0 -1 0 416.836 23.684 -335.586 415.500 23.187 -337.750 418.250 24.484 -333.828 jng-rockwall-01
473 0 0 136 0 -1 0 200.961 57.627 -169.013 198.047 55.109 -170.532 201.984 59.765 -165.532 jng-rockwall-01
474 0 0 138 0 -1 0 214.500 51.284 -174.102 211.281 48.187 -176.844 215.359 52.984 -170.078 jng-rockwall-01
475 0 0 162 0 -1 0 308.669 3.812 -267.654 307.953 2.968 -269.579 309.593 6.500 -265.375 jng-rockwall-01
476 0 0 167 0 -1 0 270.471 34.354 -276.488 268.625 33.781 -278.360 272.140 35.500 -275.079 jng-rockwall-01
477 0 0 226 0 -1 0 346.677 16.383 -281.357 345.140 15.499 -282.109 347.765 17.828 -279.907 jng-rockwall-01
478 0 0 238 0 -1 0 324.896 13.989 -258.005 323.344 13.062 -258.781 325.969 15.453 -256.610 jng-rockwall-01
479 0 6 291 0 -1 0 262.838 54.828 -307.740 261.797 54.828 -310.563 264.140 54.828 -305.157 jng-canopy-03
480 0 114 354 0 -1 0 277.260 19.716 -148.427 275.265 19.391 -150.735 279.500 19.937 -146.360 jng-beach-01path
481 0 0 4 0 -1 0 430.646 53.143 -102.672 428.078 51.578 -103.391 431.703 53.500 -102.079 jng-rockwall-01
482 0 0 7 0 -1 0 449.320 35.729 -199.834 447.125 34.203 -200.328 450.078 36.515 -199.547 jng-rockwall-01
483 0 0 18 0 -1 0 426.393 66.989 -180.558 423.828 65.874 -181.454 427.218 67.437 -179.579 jng-rockwall-01
484 0 0 21 0 -1 0 444.851 64.583 -165.534 442.297 63.203 -165.938 445.781 65.406 -165.125 jng-rockwall-01
485 0 0 26 0 -1 0 414.494 52.109 -108.646 411.922 50.968 -109.297 415.562 52.547 -107.391 jng-rockwall-01
486 0 0 177 0 -1 0 282.763 47.601 -353.828 281.187 46.171 -355.250 283.578 48.484 -353.500 jng-rockwall-01
487 0 0 1 0 -1 0 471.932 1.489 -50.516 470.156 1.375 -51.969 473.156 1.562 -49.672 jng-rockwall-01
488 0 0 3 0 -1 0 426.281 52.447 -104.719 424.624 51.093 -105.562 428.078 53.312 -103.391 jng-rockwall-01
489 0 0 5 0 -1 0 431.073 39.734 -104.813 429.406 38.140 -107.281 432.515 42.343 -102.250 jng-rockwall-01
490 0 0 8 0 -1 0 451.260 25.729 -203.120 449.375 25.156 -204.860 452.468 26.625 -200.766 jng-rockwall-01
491 0 0 11 0 -1 0 449.484 26.729 -200.443 448.624 26.515 -201.922 450.953 27.015 -199.578 jng-rockwall-01
492 0 0 14 0 -1 0 452.796 23.729 -216.386 451.906 20.500 -217.547 453.468 25.937 -215.734 jng-rockwall-01
493 0 0 19 0 -1 0 427.844 54.260 -176.021 425.437 51.890 -176.359 429.188 57.734 -175.516 jng-rockwall-01
494 0 0 22 0 -1 0 447.479 53.916 -173.537 445.297 52.625 -175.766 448.906 55.453 -170.297 jng-rockwall-01
495 0 0 25 0 -1 0 409.875 51.385 -110.001 407.937 50.141 -110.657 411.922 52.406 -109.297 jng-rockwall-01
496 0 0 27 0 -1 0 412.573 39.458 -104.084 410.406 37.250 -105.438 413.828 42.859 -103.094 jng-rockwall-01
497 0 0 32 0 -1 0 408.625 45.520 -169.016 407.609 45.312 -171.844 410.109 45.624 -167.219 jng-rockwall-01
498 0 0 40 0 -1 0 443.864 19.161 -257.479 442.546 18.750 -258.844 444.594 19.515 -256.719 jng-rockwall-01
499 0 0 42 0 -1 0 435.708 25.760 -244.620 434.515 24.453 -246.422 437.500 27.281 -243.391 jng-rockwall-01
500 0 0 45 0 -1 0 438.901 14.817 -285.755 437.687 14.265 -287.376 439.734 15.578 -284.531 jng-rockwall-01
501 0 0 50 0 -1 0 440.802 14.390 -275.854 439.562 13.562 -276.703 441.453 15.297 -274.828 jng-rockwall-01
502 0 0 51 0 -1 0 447.880 16.083 -267.151 446.812 15.203 -267.938 448.484 16.609 -266.469 jng-rockwall-01
503 0 0 53 0 -1 0 443.453 42.218 -267.750 442.671 41.187 -268.578 444.547 42.953 -266.719 jng-rockwall-01
504 0 0 55 0 -1 0 404.062 13.296 -270.386 401.640 12.421 -271.625 407.031 14.703 -269.344 jng-rockwall-01
505 0 0 56 0 -1 0 399.250 12.817 -267.896 396.156 11.922 -268.688 402.562 14.234 -266.407 jng-rockwall-01
506 0 0 61 0 -1 0 406.255 14.781 -287.130 405.172 14.500 -288.469 407.047 15.234 -285.391 jng-rockwall-01
507 0 0 62 0 -1 0 408.192 14.781 -283.427 407.125 14.406 -284.703 408.984 15.281 -281.813 jng-rockwall-01
508 0 0 64 0 -1 0 355.161 -4.162 -298.156 353.734 -5.110 -298.781 355.890 -2.610 -297.328 jng-rockwall-01
509 0 0 65 0 -1 0 355.870 -4.563 -294.995 354.875 -4.813 -296.797 356.375 -4.329 -293.501 jng-rockwall-01
510 0 0 68 0 -1 0 484.979 40.005 -305.037 484.187 39.750 -306.672 485.422 40.172 -303.532 jng-rockwall-01
511 0 0 73 0 -1 0 436.099 14.828 -297.454 435.031 14.312 -299.313 436.859 15.578 -295.875 jng-rockwall-01
512 0 0 74 0 -1 0 437.323 15.041 -293.178 436.265 14.718 -294.938 438.312 15.688 -291.891 jng-rockwall-01
513 0 0 75 0 -1 0 438.198 14.932 -289.657 437.046 14.609 -291.157 439.109 15.578 -288.500 jng-rockwall-01
514 0 0 79 0 -1 0 422.239 19.953 -320.604 421.546 19.547 -321.656 423.625 20.562 -318.953 jng-rockwall-01
515 0 0 80 0 -1 0 419.000 19.958 -320.959 418.468 19.671 -322.109 420.062 20.468 -319.031 jng-rockwall-01
516 0 0 81 0 -1 0 412.161 19.875 -322.828 411.469 19.609 -323.969 413.546 20.406 -321.266 jng-rockwall-01
517 0 0 82 0 -1 0 425.854 11.791 -321.235 425.156 11.593 -322.313 426.515 11.984 -319.954 jng-rockwall-01
518 0 0 83 0 -1 0 425.114 14.682 -318.396 424.328 14.359 -319.829 426.421 15.328 -317.032 jng-rockwall-01
519 0 0 84 0 -1 0 428.479 14.646 -314.459 427.765 14.296 -316.094 429.593 15.281 -313.000 jng-rockwall-01
520 0 0 86 0 -1 0 432.807 18.140 -331.104 432.219 16.562 -332.688 433.859 19.656 -329.531 jng-rockwall-01
521 0 0 87 0 -1 0 426.094 19.250 -320.084 425.312 18.499 -322.109 427.078 20.359 -317.719 jng-rockwall-01
522 0 0 89 0 -1 0 473.547 48.093 -354.037 471.906 47.499 -356.172 475.000 48.406 -351.282 jng-rockwall-01
523 0 0 94 0 -1 0 447.328 48.573 -363.141 446.015 47.984 -364.266 449.109 49.047 -361.422 jng-rockwall-01
524 0 0 98 0 -1 0 438.026 48.640 -374.037 435.640 48.234 -375.438 439.500 48.875 -372.235 jng-rockwall-01
525 0 0 100 0 -1 0 445.750 46.791 -356.078 445.015 45.015 -356.860 447.000 47.766 -355.063 jng-rockwall-01
526 0 0 109 0 -1 0 412.640 24.114 -321.214 411.093 23.547 -322.063 413.969 24.734 -320.625 jng-rockwall-01
527 0 0 111 0 -1 0 419.135 23.619 -347.568 418.328 23.234 -348.922 419.625 24.297 -346.594 jng-rockwall-01
528 0 0 114 0 -1 0 348.323 51.843 -366.068 347.187 50.437 -367.860 349.031 52.719 -364.954 jng-rockwall-01
529 0 0 116 0 -1 0 356.552 49.562 -361.834 355.203 48.781 -363.532 357.625 50.078 -360.094 jng-rockwall-01
530 0 0 119 0 -1 0 307.896 6.958 -130.709 307.375 5.546 -131.125 308.250 8.500 -130.250 jng-rockwall-01
531 0 0 120 0 -1 0 324.604 26.432 -195.516 322.609 25.828 -196.516 326.312 27.547 -194.610 jng-rockwall-01
532 0 0 121 0 -1 0 317.218 26.698 -203.464 314.890 26.093 -204.672 319.594 27.859 -202.766 jng-rockwall-01
533 0 0 122 0 -1 0 320.796 26.515 -199.802 319.000 25.796 -200.953 322.109 27.734 -199.047 jng-rockwall-01
534 0 0 125 0 -1 0 297.146 11.380 -222.271 296.031 9.812 -222.922 298.640 13.140 -221.891 jng-rockwall-01
535 0 0 126 0 -1 0 306.901 25.968 -224.214 304.422 25.093 -225.297 308.812 26.812 -223.156 jng-rockwall-01
536 0 0 127 0 -1 0 306.536 25.823 -218.771 305.062 25.218 -221.125 307.359 26.984 -216.641 jng-rockwall-01
537 0 0 130 0 -1 0 228.614 37.359 -183.011 226.297 36.999 -184.250 229.953 37.593 -180.688 jng-rockwall-01
538 0 0 131 0 -1 0 229.505 44.593 -182.531 227.469 41.890 -183.313 230.656 46.765 -182.141 jng-rockwall-01
539 0 0 134 0 -1 0 199.927 56.958 -163.599 198.031 56.266 -165.532 201.187 57.468 -162.203 jng-rockwall-01
540 0 0 144 0 -1 0 247.713 18.119 -210.021 246.109 17.640 -210.407 249.125 18.437 -209.313 jng-rockwall-01
541 0 0 145 0 -1 0 249.099 21.619 -186.453 248.000 19.671 -187.438 250.250 23.437 -184.969 jng-rockwall-01
542 0 0 148 0 -1 0 203.531 58.708 -225.339 199.703 58.375 -227.375 206.062 59.078 -223.594 jng-rockwall-01
543 0 0 149 0 -1 0 194.906 46.765 -217.959 193.109 46.578 -221.594 196.609 46.890 -214.438 jng-rockwall-01
544 0 0 151 0 -1 0 183.708 66.219 -225.094 181.609 65.516 -228.750 185.672 67.015 -222.688 jng-rockwall-01
545 0 0 152 0 -1 0 183.911 54.114 -236.266 181.859 53.734 -239.063 185.281 54.703 -232.328 jng-rockwall-01
546 0 0 156 0 -1 0 231.114 44.323 -181.417 229.203 43.515 -183.719 232.406 44.906 -179.688 jng-rockwall-01
547 0 0 164 0 -1 0 313.989 10.046 -267.224 313.062 9.328 -268.375 314.515 11.140 -266.360 jng-rockwall-01
548 0 0 174 0 -1 0 312.713 16.495 -280.708 311.968 15.922 -281.797 313.859 16.969 -279.031 jng-rockwall-01
549 0 0 175 0 -1 0 296.750 23.635 -311.490 295.812 23.109 -312.703 297.984 24.656 -310.126 jng-rockwall-01
550 0 0 178 0 -1 0 288.802 40.245 -357.787 287.640 40.031 -360.297 290.109 40.500 -355.563 jng-rockwall-01
551 0 0 181 0 -1 0 288.260 28.526 -349.375 287.703 27.828 -351.250 289.203 29.672 -347.797 jng-rockwall-01
552 0 0 183 0 -1 0 261.916 33.364 -252.781 260.531 32.297 -255.109 262.953 35.500 -248.469 jng-rockwall-01
553 0 0 185 0 -1 0 258.213 26.739 -252.636 257.375 25.968 -253.313 259.796 28.125 -252.282 jng-rockwall-01
554 0 0 188 0 -1 0 216.088 31.797 -258.344 215.125 31.609 -259.328 217.437 32.000 -257.735 jng-rockwall-01
555 0 0 190 0 -1 0 255.140 32.932 -274.115 254.625 31.609 -274.969 255.922 33.687 -272.875 jng-rockwall-01
556 0 0 192 0 -1 0 256.171 34.385 -293.750 254.875 33.812 -295.625 257.078 35.531 -292.204 jng-rockwall-01
557 0 0 195 0 -1 0 193.703 49.297 -260.302 190.218 49.109 -262.079 197.500 49.422 -259.000 jng-rockwall-01
558 0 0 198 0 -1 0 335.917 49.125 -385.276 335.015 48.156 -386.563 336.969 50.062 -383.735 jng-rockwall-01
559 0 0 200 0 -1 0 402.661 51.146 -379.433 401.312 50.359 -381.125 403.734 51.656 -377.688 jng-rockwall-01
560 0 0 202 0 -1 0 424.448 49.505 -375.219 422.531 49.015 -377.188 425.984 49.843 -373.250 jng-rockwall-01
561 0 0 208 0 -1 0 481.057 32.677 -167.693 478.171 30.500 -173.328 483.890 35.015 -163.782 jng-rockwall-01
562 0 0 217 0 -1 0 215.167 47.385 -157.032 213.766 45.234 -158.126 215.875 48.828 -155.875 jng-rockwall-01
563 0 0 219 0 -1 0 255.484 21.192 -202.599 254.656 19.250 -203.469 256.937 22.281 -202.000 jng-rockwall-01
564 0 0 220 0 -1 0 201.968 61.239 -252.516 199.812 60.906 -256.125 204.140 61.609 -249.969 jng-rockwall-01
565 0 0 221 0 -1 0 189.656 58.104 -253.719 186.984 56.734 -257.953 192.984 59.828 -250.547 jng-rockwall-01
566 0 0 223 0 -1 0 290.640 8.646 -128.391 288.984 6.594 -128.750 292.312 10.109 -127.688 jng-rockwall-01
567 0 0 224 0 -1 0 484.661 1.333 -261.078 482.968 0.531 -261.469 485.984 1.828 -260.578 jng-rockwall-01
568 0 0 229 0 -1 0 270.916 5.255 -126.646 270.640 3.609 -127.422 271.203 6.968 -126.016 jng-rockwall-01
569 0 0 232 0 -1 0 289.812 7.630 -213.849 288.765 6.109 -215.141 291.203 8.984 -213.156 jng-rockwall-01
570 0 0 233 0 -1 0 288.338 16.208 -210.776 287.312 14.953 -211.532 289.218 16.859 -209.484 jng-rockwall-01
571 0 0 236 0 -1 0 240.213 26.489 -213.943 239.703 25.078 -214.891 240.640 27.375 -212.516 jng-rockwall-01
572 0 0 239 0 -1 0 320.547 30.870 -245.839 319.203 30.687 -246.531 322.297 31.219 -244.688 jng-rockwall-01
573 0 1 246 0 -1 0 479.239 28.239 -262.990 478.031 28.187 -263.735 480.015 28.312 -261.797 jng-leafyground
574 0 1 247 0 -1 0 453.484 17.057 -270.823 452.343 17.015 -272.641 454.078 17.109 -269.844 jng-leafyground
575 0 1 250 0 -1 0 377.750 16.500 -266.808 376.609 16.500 -267.969 379.000 16.500 -265.704 jng-leafyground
576 0 1 252 0 -1 0 476.953 17.666 -298.178 475.625 17.437 -299.500 477.625 17.906 -297.516 jng-leafyground
577 0 1 253 0 -1 0 460.307 30.432 -362.714 459.187 29.922 -363.469 461.578 30.687 -362.297 jng-leafyground
578 0 1 255 0 -1 0 445.046 32.453 -367.547 443.640 31.922 -368.703 446.093 32.984 -366.094 jng-leafyground
579 0 1 257 0 -1 0 360.906 27.567 -359.183 360.000 27.140 -360.188 362.671 27.906 -358.453 jng-leafyground
580 0 1 260 0 -1 0 280.724 26.468 -265.761 279.562 26.453 -267.359 282.297 26.499 -264.813 jng-leafyground
581 0 1 261 0 -1 0 295.562 17.948 -335.912 295.156 16.797 -336.828 295.766 19.203 -335.454 jng-leafyground
582 0 1 266 0 -1 0 261.182 0.838 -266.136 260.719 0.500 -267.079 262.031 1.516 -264.813 jng-leafyground
583 0 1 267 0 -1 0 254.807 26.499 -272.813 253.593 26.499 -274.844 256.422 26.499 -271.235 jng-leafyground
584 0 1 270 0 -1 0 236.724 44.828 -331.563 235.953 44.078 -332.594 237.656 45.266 -330.375 jng-leafyground
585 0 1 271 0 -1 0 406.521 35.989 -379.240 405.250 35.843 -380.016 407.203 36.125 -377.813 jng-leafyground
586 0 6 283 0 -1 0 345.333 50.703 -128.526 342.656 50.703 -130.281 348.328 50.703 -127.422 jng-canopy-03
587 0 6 284 0 -1 0 308.880 50.687 -128.433 306.250 50.687 -128.610 311.766 50.687 -128.234 jng-canopy-03
588 0 6 285 0 -1 0 327.765 51.114 -135.235 325.546 50.687 -137.656 329.812 51.969 -133.844 jng-canopy-03
589 0 6 286 0 -1 0 325.421 50.687 -202.906 323.015 50.687 -203.281 327.968 50.687 -202.625 jng-canopy-03
590 0 6 287 0 -1 0 304.521 50.687 -189.958 303.953 50.687 -192.391 305.359 50.687 -187.344 jng-canopy-03
591 0 6 288 0 -1 0 279.349 54.828 -302.172 276.421 54.828 -303.656 282.094 54.828 -300.719 jng-canopy-03
592 0 6 289 0 -1 0 290.151 54.828 -332.927 288.390 54.828 -335.188 291.406 54.828 -330.532 jng-canopy-03
593 0 6 290 0 -1 0 279.823 54.828 -335.776 277.062 54.828 -336.719 282.734 54.828 -334.313 jng-canopy-03
594 0 6 292 0 -1 0 361.729 50.682 -137.865 360.031 50.672 -140.578 363.250 50.687 -135.376 jng-canopy-03
595 0 6 293 0 -1 0 346.932 50.687 -197.297 344.015 50.687 -198.360 350.140 50.687 -195.875 jng-canopy-03
596 0 6 294 0 -1 0 353.156 50.687 -187.823 352.593 50.687 -190.360 353.500 50.687 -185.250 jng-canopy-03
597 0 6 295 0 -1 0 334.797 50.687 -132.766 332.234 50.687 -133.250 337.515 50.687 -132.282 jng-canopy-03
598 0 6 296 0 -1 0 299.166 50.687 -131.052 297.078 50.687 -132.922 301.531 50.687 -129.922 jng-canopy-03
599 0 6 297 0 -1 0 364.276 51.229 -145.485 361.125 50.062 -147.297 367.109 51.812 -143.500 jng-canopy-03
600 0 12 301 0 -1 0 496.333 -11.625 -182.277 495.000 -13.641 -183.610 497.000 -9.844 -181.610 jng-beach-01
601 0 12 302 0 -1 0 433.666 -1.484 -198.277 433.000 -1.484 -199.610 435.000 -1.484 -197.610 jng-beach-01
602 0 12 304 0 -1 0 456.146 0.818 -221.349 455.562 -0.078 -221.953 456.609 1.874 -220.609 jng-beach-01
603 0 12 305 0 -1 0 504.333 -13.808 -260.943 503.000 -14.766 -261.610 505.000 -12.407 -259.610 jng-beach-01
604 0 12 308 0 -1 0 246.406 17.802 -169.063 246.250 16.406 -170.250 246.484 18.499 -168.469 jng-beach-01
605 0 12 311 0 -1 0 307.421 19.359 -222.844 305.874 19.359 -224.500 308.296 19.359 -220.641 jng-beach-01
606 0 15 320 0 -1 0 360.896 27.005 -342.917 359.719 26.828 -343.703 362.312 27.312 -341.891 jng-path1-4x4
607 0 114 353 0 -1 0 277.734 20.515 -158.136 274.875 20.437 -159.828 279.688 20.641 -155.125 jng-beach-01path
608 0 0 128 0 -1 0 282.296 19.557 -128.844 281.640 18.172 -129.735 282.625 21.109 -127.094 jng-rockwall-01
609 0 12 312 0 -1 0 309.645 -0.985 -273.880 308.765 -0.985 -275.172 310.562 -0.985 -272.532 jng-beach-01
610 0 0 72 0 -1 0 435.234 14.776 -301.271 434.203 14.453 -302.641 436.031 15.421 -299.938 jng-rockwall-01
611 0 0 123 0 -1 0 322.479 26.604 -197.714 320.702 25.937 -198.782 323.734 27.796 -196.876 jng-rockwall-01
612 0 12 307 0 -1 0 300.781 12.328 -222.308 300.531 11.391 -222.766 300.906 13.719 -221.391 jng-beach-01
613 0 12 310 0 -1 0 292.463 12.567 -212.037 292.359 11.828 -213.016 292.515 13.859 -211.547 jng-beach-01
614 0 0 165 0 -1 0 318.302 24.359 -275.443 317.500 23.547 -275.688 318.703 25.625 -274.954 jng-rockwall-01
615 0 1 243 0 -1 0 371.979 20.859 -139.756 370.765 20.641 -140.656 373.156 21.109 -138.875 jng-leafyground
616 0 0 35 0 -1 0 366.140 26.385 -189.464 365.578 25.812 -190.813 366.422 27.531 -187.860 jng-rockwall-01
617 0 0 70 0 -1 0 434.286 14.546 -304.021 433.327 14.171 -305.235 435.156 15.219 -302.766 jng-rockwall-01
618 0 1 249 0 -1 0 402.864 0.500 -274.532 402.031 0.500 -275.281 403.969 0.500 -273.438 jng-leafyground
619 0 12 306 0 -1 0 351.812 -0.985 -295.865 350.531 -0.985 -296.735 353.031 -0.985 -295.031 jng-beach-01
620 0 0 160 0 -1 0 311.380 24.213 -262.615 310.187 23.109 -263.485 313.249 25.625 -261.828 jng-rockwall-01
621 0 1 251 0 -1 0 394.812 0.500 -265.735 394.140 0.500 -267.469 396.000 0.500 -264.203 jng-leafyground
622 0 0 60 0 -1 0 402.281 14.771 -290.120 401.687 14.547 -291.641 402.890 15.172 -289.094 jng-rockwall-01
623 0 12 309 0 -1 0 287.396 -0.844 -214.985 286.234 -0.844 -215.954 288.234 -0.844 -214.328 jng-beach-01
624 0 12 313 0 -1 0 326.755 -0.985 -272.474 325.734 -0.985 -273.500 327.719 -0.985 -271.485 jng-beach-01
625 0 12 314 0 -1 0 343.203 -0.985 -288.594 342.156 -0.985 -289.610 344.156 -0.985 -287.610 jng-beach-01
626 0 1 245 0 -1 0 387.687 20.500 -148.198 386.656 20.500 -149.203 388.656 20.500 -147.219 jng-leafyground
627 0 1 256 0 -1 0 372.651 0.500 -331.698 371.593 0.500 -332.547 373.765 0.500 -330.781 jng-leafyground
628 0 0 43 0 -1 0 439.385 26.229 -253.886 438.703 25.656 -254.907 439.859 27.375 -252.829 jng-rockwall-01
629 0 1 268 0 -1 0 220.583 42.661 -283.287 220.203 42.234 -284.625 220.968 43.078 -282.250 jng-leafyground
630 0 0 110 0 -1 0 419.765 23.552 -350.740 419.218 23.187 -351.625 420.500 24.218 -350.000 jng-rockwall-01
631 0 0 170 0 -1 0 297.151 24.307 -258.235 296.859 23.734 -258.922 297.296 25.453 -257.891 jng-rockwall-01
632 0 1 258 0 -1 0 359.422 0.505 -338.177 358.781 0.500 -339.359 359.984 0.515 -336.953 jng-leafyground
633 0 19 321 0 -1 0 428.171 0.448 -245.625 427.843 0.266 -247.141 428.765 0.578 -244.672 jng-leafyground-hang-2x1long
634 0 1 263 0 -1 0 249.140 0.588 -258.427 248.125 0.344 -259.125 250.094 0.890 -257.578 jng-leafyground
635 0 1 269 0 -1 0 234.130 46.630 -313.245 233.218 46.031 -313.672 234.906 47.062 -312.922 jng-leafyground
636 0 1 244 0 -1 0 363.135 20.500 -131.974 362.109 20.500 -132.625 364.125 20.500 -131.453 jng-leafyground
637 0 0 186 0 -1 0 242.885 32.979 -245.005 241.672 31.719 -246.110 243.609 35.500 -243.359 jng-rockwall-01
638 0 1 259 0 -1 0 217.047 26.499 -207.974 216.609 26.499 -208.766 217.781 26.499 -207.329 jng-leafyground
639 0 4 280 0 -1 0 235.187 39.182 -242.974 234.922 37.859 -243.110 235.547 39.844 -242.844 jng-treebark-01-4x4
640 0 11 280 0 -1 0 235.401 40.557 -242.948 235.093 39.844 -243.110 235.562 41.984 -242.844 jng-treebark-03
641 0 1 254 0 -1 0 439.151 16.500 -351.136 438.750 16.500 -351.766 439.703 16.500 -350.266 jng-leafyground
642 0 4 279 0 -1 0 231.291 41.099 -248.880 231.203 40.375 -249.141 231.437 42.546 -248.703 jng-treebark-01-4x4
643 0 28 279 0 -1 0 231.422 39.515 -248.776 231.203 37.797 -249.141 231.828 40.375 -248.391 jng-treebark-02
644 0 4 274 0 -1 0 247.828 42.119 -243.703 247.578 41.453 -243.969 248.077 43.375 -243.203 jng-treebark-01-4x4
645 0 4 275 0 -1 0 248.036 42.197 -243.959 247.781 41.609 -244.391 248.219 43.359 -243.328 jng-treebark-01-4x4
646 0 4 276 0 -1 0 247.708 42.130 -244.021 247.562 41.468 -244.422 247.844 43.375 -243.438 jng-treebark-01-4x4
647 0 11 275 0 -1 0 248.297 40.995 -244.500 248.109 39.750 -244.954 248.562 41.625 -244.157 jng-treebark-03
648 0 11 274 0 -1 0 247.994 40.817 -244.219 247.828 39.468 -244.750 248.077 41.531 -243.938 jng-treebark-03
649 0 11 276 0 -1 0 247.885 40.896 -244.646 247.719 39.672 -245.313 248.093 41.547 -244.204 jng-treebark-03
650 0 28 333 0 -1 0 239.187 45.443 -243.651 239.031 44.094 -243.813 239.281 46.125 -243.406 jng-treebark-02
651 0 12 315 0 -1 0 205.062 -1.323 -249.448 204.656 -1.344 -250.063 205.578 -1.282 -248.735 jng-beach-01
652 1 28 1681 0 -1 0 354.021 28.487 -164.505 353.069 24.013 -165.449 355.383 32.611 -163.833 jng-treebark-02
653 1 31 2917 0 -1 0 384.417 39.559 -263.702 369.769 36.386 -274.906 396.300 42.605 -245.843 jng-stonehengetop
654 1 54 2131 0 -1 0 263.116 2.001 -234.326 260.241 1.747 -236.009 266.119 2.253 -232.663 jng-ropebridge-plank-01
655 1 54 2132 0 -1 0 263.837 1.947 -236.187 261.045 1.729 -237.824 266.510 2.166 -234.525 jng-ropebridge-plank-01
656 1 54 2133 0 -1 0 264.509 1.999 -238.102 261.589 1.727 -239.862 267.557 2.273 -236.371 jng-ropebridge-plank-01
657 1 54 2134 0 -1 0 265.237 1.949 -240.153 262.183 1.650 -241.938 268.161 2.252 -238.341 jng-ropebridge-plank-01
658 1 54 2135 0 -1 0 265.887 2.001 -242.250 262.935 1.754 -244.166 268.969 2.246 -240.363 jng-ropebridge-plank-01
659 1 54 2136 0 -1 0 259.742 1.999 -224.964 256.634 1.686 -226.899 262.719 2.312 -222.994 jng-ropebridge-plank-01
660 1 54 2137 0 -1 0 260.409 2.000 -227.052 257.770 1.781 -228.558 263.165 2.219 -225.569 jng-ropebridge-plank-01
661 1 54 2138 0 -1 0 259.096 3.501 -223.511 255.741 3.155 -225.397 262.309 3.847 -221.599 jng-ropebridge-plank-01
662 1 54 2139 0 -1 0 258.422 3.500 -221.633 255.373 3.281 -223.417 261.341 3.719 -219.822 jng-ropebridge-plank-01
663 1 54 2140 0 -1 0 262.548 1.928 -232.471 259.507 1.632 -234.222 265.460 2.227 -230.695 jng-ropebridge-plank-01
664 1 54 2141 0 -1 0 261.198 1.976 -228.817 258.185 1.669 -230.495 264.082 2.280 -227.116 jng-ropebridge-plank-01
665 1 54 2142 0 -1 0 261.847 2.000 -230.597 258.913 1.781 -232.261 264.656 2.219 -228.910 jng-ropebridge-plank-01
666 1 70 2217 0 -1 0 279.462 16.262 -301.187 276.480 14.684 -304.171 282.449 17.840 -298.202 cmn-precursor-stonehengetop
667 1 70 2218 0 -1 0 279.462 6.262 -301.187 276.480 4.684 -304.171 282.449 7.840 -298.202 cmn-precursor-stonehengetop
668 1 70 2219 0 -1 0 279.462 -3.738 -301.187 276.480 -5.316 -304.171 282.449 -2.160 -298.202 cmn-precursor-stonehengetop
669 1 70 2220 0 -1 0 279.462 -13.738 -301.187 276.480 -15.316 -304.171 282.449 -12.160 -298.202 cmn-precursor-stonehengetop
670 1 70 2221 0 -1 0 279.462 26.262 -301.187 276.480 24.684 -304.171 282.449 27.840 -298.202 cmn-precursor-stonehengetop
671 1 20 2599 0 -1 0 414.063 34.604 -211.073 413.173 31.248 -212.275 414.938 38.265 -210.318 jng-lrkr-metal-04
672 1 20 2600 0 -1 0 419.487 34.604 -204.204 418.910 31.248 -205.229 420.706 38.265 -203.388 jng-lrkr-metal-04
673 1 20 2601 0 -1 0 422.384 34.028 -209.706 421.457 30.689 -210.623 423.539 37.683 -208.524 jng-lrkr-metal-04
674 1 20 2602 0 -1 0 446.280 35.568 -222.569 445.034 31.328 -223.795 447.808 40.201 -220.970 jng-lrkr-metal-04
675 1 20 2603 0 -1 0 447.686 35.918 -232.810 446.479 31.480 -234.319 449.268 40.776 -231.577 jng-lrkr-metal-04
676 1 20 2604 0 -1 0 437.288 35.247 -233.164 435.983 31.199 -234.617 438.402 39.679 -232.101 jng-lrkr-metal-04
677 1 20 2605 0 -1 0 424.102 34.028 -217.486 423.026 30.689 -218.685 425.022 37.683 -216.609 jng-lrkr-metal-04
678 1 20 2606 0 -1 0 427.640 34.028 -213.128 426.713 30.689 -214.046 428.795 37.683 -211.946 jng-lrkr-metal-04
679 1 20 2607 0 -1 0 419.151 34.028 -213.846 418.075 30.689 -215.045 420.071 37.683 -212.970 jng-lrkr-metal-04
680 1 64 2425 0 -1 0 408.872 33.049 -211.203 407.025 31.019 -212.738 410.729 35.072 -209.673 jng-hut-wood-01
681 1 9 2744 0 -1 0 362.210 63.135 -206.125 354.741 57.400 -213.594 369.678 68.869 -198.656 cmn-precursor-metal-plain-01-hitweak
682 1 9 2745 0 -1 0 362.210 75.007 -206.125 354.741 69.273 -213.594 369.678 80.742 -198.656 cmn-precursor-metal-plain-01-hitweak
683 1 9 2746 0 -1 0 362.210 51.056 -206.125 354.741 45.322 -213.594 369.678 56.790 -198.656 cmn-precursor-metal-plain-01-hitweak
684 1 9 2747 0 -1 0 397.015 50.028 -241.077 389.546 44.294 -248.545 404.484 55.763 -233.608 cmn-precursor-metal-plain-01-hitweak
685 1 9 2748 0 -1 0 397.015 61.901 -241.077 389.546 56.166 -248.545 404.484 67.635 -233.608 cmn-precursor-metal-plain-01-hitweak
686 1 9 2749 0 -1 0 362.208 94.243 -241.066 354.740 87.961 -248.534 369.677 100.525 -233.597 cmn-precursor-metal-plain-01-hitweak
687 1 9 2750 0 -1 0 327.399 72.273 -241.066 319.931 66.539 -248.534 334.868 78.007 -233.597 cmn-precursor-metal-plain-01-hitweak
688 1 9 2751 0 -1 0 327.399 84.146 -241.066 319.931 78.411 -248.534 334.868 89.880 -233.597 cmn-precursor-metal-plain-01-hitweak
689 1 9 2752 0 -1 0 327.399 48.376 -241.066 319.931 42.642 -248.534 334.868 54.111 -233.597 cmn-precursor-metal-plain-01-hitweak
690 1 9 2753 0 -1 0 327.399 60.292 -241.066 319.931 54.557 -248.534 334.868 66.026 -233.597 cmn-precursor-metal-plain-01-hitweak
691 1 9 2754 0 -1 0 362.210 92.308 -275.876 354.741 86.573 -283.345 369.678 98.042 -268.407 cmn-precursor-metal-plain-01-hitweak
692 1 9 2755 0 -1 0 362.210 56.582 -275.876 354.741 50.847 -283.345 369.678 62.316 -268.407 cmn-precursor-metal-plain-01-hitweak
693 1 9 2756 0 -1 0 362.210 68.497 -275.876 354.741 62.763 -283.345 369.678 74.231 -268.407 cmn-precursor-metal-plain-01-hitweak
694 1 9 2757 0 -1 0 362.210 80.435 -275.876 354.741 74.701 -283.345 369.678 86.169 -268.407 cmn-precursor-metal-plain-01-hitweak
695 1 70 2943 0 -1 0 362.205 48.819 -206.129 358.140 48.569 -210.202 366.281 49.069 -202.046 cmn-precursor-stonehengetop
696 1 33 2611 0 -1 0 417.115 38.409 -207.691 415.120 36.285 -209.994 418.923 40.462 -205.365 jng-lrkr-metal-05
697 1 33 2612 0 -1 0 418.346 38.180 -198.954 416.688 36.687 -200.424 419.942 39.611 -197.620 jng-lrkr-metal-05
698 1 33 2613 0 -1 0 409.266 38.789 -210.386 407.627 37.296 -211.671 410.949 40.220 -208.954 jng-lrkr-metal-05
699 1 33 2614 0 -1 0 443.606 37.698 -220.350 441.766 36.271 -221.930 445.366 39.006 -218.967 jng-lrkr-metal-05
700 1 33 2615 0 -1 0 434.671 34.781 -231.072 433.226 33.317 -232.547 436.140 36.295 -229.579 jng-lrkr-metal-05
701 1 33 2616 0 -1 0 432.296 29.844 -222.491 431.279 29.002 -223.050 433.295 30.691 -221.941 jng-lrkr-metal-05
702 1 69 2940 0 -1 0 369.510 40.248 -204.623 366.906 37.381 -207.546 372.218 43.053 -201.358 cmn-precursor-circuitpattern-01
703 1 14 2764 0 -1 0 368.546 37.596 -228.751 365.575 26.697 -230.415 371.936 50.494 -226.149 cmn-precursor-metal-edging-01-hitweak
704 1 14 2765 0 -1 0 374.474 37.596 -247.483 372.803 26.697 -250.871 377.090 50.494 -244.526 cmn-precursor-metal-edging-01-hitweak
705 1 14 2766 0 -1 0 366.167 37.596 -254.306 362.897 26.697 -256.457 369.634 50.494 -252.847 cmn-precursor-metal-edging-01-hitweak
706 1 14 2767 0 -1 0 375.420 37.596 -236.928 373.948 26.697 -240.180 377.605 50.494 -233.470 cmn-precursor-metal-edging-01-hitweak
707 1 16 2768 0 -1 0 363.475 44.684 -220.694 362.924 30.490 -226.862 364.377 54.209 -214.528 cmn-precursor-plainstripe-hitweak
708 1 16 2769 0 -1 0 363.632 67.620 -261.245 362.934 50.835 -267.758 364.689 78.863 -254.700 cmn-precursor-plainstripe-hitweak
709 1 16 2770 0 -1 0 363.958 37.888 -261.255 363.259 20.520 -267.768 365.014 49.521 -254.710 cmn-precursor-plainstripe-hitweak
710 1 16 2771 0 -1 0 381.955 28.649 -237.878 377.435 19.542 -239.532 386.618 34.760 -236.606 cmn-precursor-plainstripe-hitweak
711 1 16 2772 0 -1 0 341.579 69.536 -241.525 335.192 55.341 -242.391 347.922 79.059 -240.292 cmn-precursor-plainstripe-hitweak
712 1 6 2465 0 -1 0 294.814 42.523 -139.149 292.495 40.574 -141.546 297.223 43.738 -136.832 jng-canopy-03
713 1 6 2466 0 -1 0 292.192 44.860 -144.437 289.126 42.275 -147.505 295.402 46.473 -141.447 jng-canopy-03
714 1 6 2472 0 -1 0 273.594 48.290 -151.771 271.571 45.961 -154.357 275.729 49.742 -149.236 jng-canopy-03
715 1 6 2562 0 -1 0 231.345 65.605 -271.010 227.851 62.808 -273.761 234.907 67.349 -268.193 jng-canopy-03
716 1 20 2591 0 -1 0 449.050 30.796 -226.766 448.204 30.772 -227.622 449.902 30.819 -225.924 jng-lrkr-metal-04
717 1 20 2592 0 -1 0 442.131 30.832 -220.486 441.263 30.808 -221.364 443.012 30.855 -219.615 jng-lrkr-metal-04
718 1 20 2593 0 -1 0 448.917 39.761 -227.391 448.420 39.280 -228.067 449.392 40.220 -226.732 jng-lrkr-metal-04
719 1 20 2594 0 -1 0 440.079 39.658 -218.335 439.567 39.264 -218.822 440.591 40.029 -217.869 jng-lrkr-metal-04
720 1 20 2595 0 -1 0 434.482 30.796 -229.270 433.621 30.772 -230.120 435.336 30.819 -228.406 jng-lrkr-metal-04
721 1 20 2596 0 -1 0 432.021 39.724 -227.076 431.411 39.278 -227.636 432.640 40.145 -226.490 jng-lrkr-metal-04
722 1 20 2597 0 -1 0 441.080 30.796 -234.909 440.162 30.772 -235.818 441.983 30.819 -233.997 jng-lrkr-metal-04
723 1 20 2598 0 -1 0 443.735 39.812 -234.958 442.857 39.056 -235.431 444.588 40.542 -234.453 jng-lrkr-metal-04
724 1 20 2611 0 -1 0 417.025 38.394 -207.621 415.358 37.075 -209.730 418.804 39.816 -205.674 jng-lrkr-metal-04
725 1 20 2612 0 -1 0 418.295 38.166 -199.017 416.939 37.251 -200.210 419.763 39.171 -197.741 jng-lrkr-metal-04
726 1 20 2613 0 -1 0 409.314 38.775 -210.321 407.819 37.859 -211.558 410.693 39.780 -209.161 jng-lrkr-metal-04
727 1 20 2614 0 -1 0 443.563 37.669 -220.412 442.175 36.851 -221.517 445.089 38.647 -219.101 jng-lrkr-metal-04
728 1 20 2615 0 -1 0 434.728 34.796 -231.017 433.355 33.792 -232.409 436.006 35.748 -229.722 jng-lrkr-metal-04
729 1 20 2616 0 -1 0 432.318 29.847 -222.451 431.419 29.292 -223.046 433.141 30.401 -221.884 jng-lrkr-metal-04
730 1 45 2590 0 -1 0 443.638 41.672 -224.033 440.975 40.928 -226.812 446.301 42.319 -221.255 jng-logwood
731 1 45 2589 0 -1 0 437.776 41.672 -230.860 435.113 40.928 -233.639 440.438 42.319 -228.082 jng-logwood
732 1 55 2686 0 -1 0 420.605 35.971 -211.600 420.113 35.659 -212.092 421.113 36.284 -211.092 jng-ropebridge-anchor-02
733 1 55 2687 0 -1 0 419.508 37.544 -210.970 418.996 37.108 -211.249 419.773 38.084 -210.375 jng-ropebridge-anchor-02
734 1 55 2688 0 -1 0 448.054 33.179 -224.348 447.895 32.729 -224.509 448.495 33.403 -223.919 jng-ropebridge-anchor-02
735 1 55 2689 0 -1 0 443.974 33.359 -220.483 443.792 32.916 -220.661 444.411 33.620 -220.075 jng-ropebridge-anchor-02
736 1 55 2690 0 -1 0 435.062 39.550 -229.382 434.525 39.365 -229.894 435.245 40.071 -229.148 jng-ropebridge-anchor-02
737 1 55 2691 0 -1 0 439.613 30.895 -218.708 439.404 30.516 -218.917 440.009 31.059 -218.317 jng-ropebridge-anchor-02
738 1 55 2692 0 -1 0 441.090 35.292 -216.948 440.950 34.947 -217.105 441.485 35.617 -216.575 jng-ropebridge-anchor-02
739 1 55 2693 0 -1 0 439.813 37.624 -234.915 439.279 37.316 -235.382 440.136 38.148 -234.678 jng-ropebridge-anchor-02
740 1 55 2694 0 -1 0 444.298 33.985 -235.380 444.016 33.616 -235.681 444.658 34.249 -235.187 jng-ropebridge-anchor-02
741 1 55 2695 0 -1 0 450.146 35.293 -230.043 449.959 34.962 -230.430 450.452 35.620 -229.816 jng-ropebridge-anchor-02
742 1 55 2696 0 -1 0 426.766 37.249 -215.950 426.522 36.768 -216.526 427.332 37.766 -215.756 jng-ropebridge-anchor-02
743 1 55 2697 0 -1 0 424.686 37.374 -214.436 424.145 36.889 -214.654 424.935 37.886 -213.843 jng-ropebridge-anchor-02
744 1 55 2698 0 -1 0 432.493 30.905 -226.729 432.101 30.535 -227.120 432.715 31.077 -226.508 jng-ropebridge-anchor-02
745 1 55 2699 0 -1 0 431.028 35.336 -228.392 430.632 35.000 -228.764 431.166 35.671 -228.234 jng-ropebridge-anchor-02
746 1 16 2811 0 -1 0 349.190 40.882 -209.685 342.954 37.151 -212.782 355.830 45.948 -207.178 cmn-precursor-plainstripe-hitweak
747 1 16 2812 0 -1 0 330.814 40.882 -228.073 328.323 37.151 -234.673 333.927 45.948 -221.797 cmn-precursor-plainstripe-hitweak
748 1 16 2813 0 -1 0 338.178 40.882 -217.051 333.602 37.151 -222.299 343.456 45.948 -212.445 cmn-precursor-plainstripe-hitweak
749 1 16 2814 0 -1 0 330.627 65.262 -253.555 328.197 61.530 -259.841 333.623 70.327 -246.880 cmn-precursor-plainstripe-hitweak
750 1 16 2815 0 -1 0 337.813 65.262 -264.693 333.294 61.530 -269.354 342.985 70.327 -259.340 cmn-precursor-plainstripe-hitweak
751 1 16 2816 0 -1 0 348.719 65.262 -272.218 342.495 61.530 -274.785 355.283 70.327 -269.002 cmn-precursor-plainstripe-hitweak
752 1 70 2811 0 -1 0 349.201 42.926 -209.643 343.892 39.245 -212.394 354.891 47.604 -207.839 cmn-precursor-stonehengetop
753 1 70 2812 0 -1 0 330.791 42.926 -228.036 328.984 39.245 -233.735 333.539 47.604 -222.736 cmn-precursor-stonehengetop
754 1 70 2813 0 -1 0 338.171 42.926 -217.008 334.320 39.245 -221.581 342.738 47.604 -213.163 cmn-precursor-stonehengetop
755 1 70 2814 0 -1 0 330.586 67.306 -253.543 328.875 63.624 -258.896 333.249 71.984 -247.824 cmn-precursor-stonehengetop
756 1 70 2815 0 -1 0 337.770 67.306 -264.699 334.001 63.624 -268.624 342.279 71.984 -260.070 cmn-precursor-stonehengetop
757 1 70 2816 0 -1 0 348.682 67.306 -272.240 343.427 63.624 -274.141 354.351 71.984 -269.406 cmn-precursor-stonehengetop
758 1 60 2700 0 -1 0 418.206 38.413 -206.270 417.650 36.956 -206.550 418.487 39.847 -205.837 jng-lrkr-metal-08
759 1 60 2701 0 -1 0 417.774 38.441 -206.865 417.215 36.956 -207.093 418.043 39.847 -206.380 jng-lrkr-metal-08
760 1 60 2702 0 -1 0 417.329 38.371 -207.417 416.779 36.956 -207.653 417.607 39.847 -206.940 jng-lrkr-metal-08
761 1 60 2703 0 -1 0 416.453 38.358 -208.528 415.936 36.956 -208.750 416.764 39.847 -208.024 jng-lrkr-metal-08
762 1 60 2704 0 -1 0 416.851 38.413 -208.005 416.371 36.956 -208.251 417.199 39.847 -207.464 jng-lrkr-metal-08
763 1 60 2705 0 -1 0 416.005 38.456 -209.079 415.514 36.956 -209.290 416.342 39.847 -208.584 jng-lrkr-metal-08
764 1 60 2706 0 -1 0 417.361 38.181 -198.164 417.025 37.155 -198.584 417.590 39.185 -197.956 jng-lrkr-metal-08
765 1 60 2707 0 -1 0 417.773 38.202 -198.478 417.401 37.156 -198.899 417.966 39.187 -198.261 jng-lrkr-metal-08
766 1 60 2708 0 -1 0 418.157 38.153 -198.799 417.789 37.157 -199.215 418.353 39.188 -198.577 jng-lrkr-metal-08
767 1 60 2709 0 -1 0 418.927 38.145 -199.433 418.540 37.159 -199.826 419.105 39.189 -199.188 jng-lrkr-metal-08
768 1 60 2710 0 -1 0 418.563 38.183 -199.145 418.152 37.158 -199.511 418.738 39.188 -198.873 jng-lrkr-metal-08
769 1 60 2711 0 -1 0 419.306 38.215 -199.759 418.928 37.160 -200.132 419.480 39.190 -199.494 jng-lrkr-metal-08
770 1 60 2712 0 -1 0 410.278 38.789 -211.141 410.057 37.764 -211.357 410.605 39.794 -210.717 jng-lrkr-metal-08
771 1 60 2713 0 -1 0 409.855 38.810 -210.841 409.671 37.764 -211.064 410.219 39.795 -210.416 jng-lrkr-metal-08
772 1 60 2714 0 -1 0 409.460 38.761 -210.534 409.272 37.766 -210.763 409.820 39.796 -210.114 jng-lrkr-metal-08
773 1 60 2715 0 -1 0 408.668 38.754 -209.928 408.499 37.767 -210.178 409.048 39.798 -209.530 jng-lrkr-metal-08
774 1 60 2716 0 -1 0 409.042 38.791 -210.202 408.872 37.766 -210.480 409.447 39.797 -209.831 jng-lrkr-metal-08
775 1 60 2717 0 -1 0 408.278 38.824 -209.615 408.113 37.768 -209.886 408.649 39.799 -209.238 jng-lrkr-metal-08
776 1 60 2718 0 -1 0 442.566 37.697 -219.633 442.148 36.706 -220.204 442.883 38.651 -219.260 jng-lrkr-metal-08
777 1 60 2719 0 -1 0 442.998 37.721 -219.920 442.544 36.707 -220.490 443.286 38.652 -219.538 jng-lrkr-metal-08
778 1 60 2720 0 -1 0 443.409 37.671 -220.204 442.954 36.708 -220.777 443.696 38.653 -219.824 jng-lrkr-metal-08
779 1 60 2721 0 -1 0 444.224 37.663 -220.779 443.748 36.709 -221.332 444.489 38.655 -220.379 jng-lrkr-metal-08
780 1 60 2722 0 -1 0 443.836 37.699 -220.524 443.338 36.709 -221.045 444.080 38.654 -220.093 jng-lrkr-metal-08
781 1 60 2723 0 -1 0 444.618 37.729 -221.087 444.158 36.711 -221.609 444.886 38.656 -220.657 jng-lrkr-metal-08
782 1 60 2724 0 -1 0 435.560 34.784 -231.970 435.381 33.768 -232.153 435.848 35.812 -231.629 jng-lrkr-metal-08
783 1 60 2725 0 -1 0 435.181 34.798 -231.615 435.013 33.769 -231.787 435.509 35.813 -231.272 jng-lrkr-metal-08
784 1 60 2726 0 -1 0 434.849 34.755 -231.241 434.692 33.770 -231.388 435.160 35.814 -230.915 jng-lrkr-metal-08
785 1 60 2727 0 -1 0 434.157 34.750 -230.523 433.986 33.772 -230.690 434.482 35.816 -230.223 jng-lrkr-metal-08
786 1 60 2728 0 -1 0 434.476 34.787 -230.859 434.284 33.771 -231.047 434.832 35.815 -230.580 jng-lrkr-metal-08
787 1 60 2729 0 -1 0 433.799 34.820 -230.174 433.623 33.772 -230.344 434.132 35.816 -229.877 jng-lrkr-metal-08
788 1 60 2730 0 -1 0 432.925 29.847 -222.824 432.876 29.274 -222.947 433.023 30.419 -222.695 jng-lrkr-metal-08
789 1 60 2731 0 -1 0 432.662 29.855 -222.696 432.593 29.274 -222.817 432.783 30.419 -222.561 jng-lrkr-metal-08
790 1 60 2732 0 -1 0 432.419 29.829 -222.554 432.361 29.274 -222.660 432.535 30.419 -222.428 jng-lrkr-metal-08
791 1 60 2733 0 -1 0 431.926 29.825 -222.284 431.842 29.274 -222.397 432.054 30.419 -222.170 jng-lrkr-metal-08
792 1 60 2734 0 -1 0 432.156 29.847 -222.409 432.063 29.274 -222.502 432.303 30.419 -222.303 jng-lrkr-metal-08
793 1 60 2735 0 -1 0 431.678 29.864 -222.152 431.598 29.274 -222.252 431.806 30.419 -222.041 jng-lrkr-metal-08
794 1 16 2825 0 -1 0 350.742 37.402 -277.826 349.378 35.324 -283.062 355.488 39.480 -271.406 cmn-precursor-plainstripe-hitweak
795 1 62 2143 0 -1 0 255.188 2.801 -228.578 254.675 2.362 -229.184 255.753 3.230 -228.039 jng-lamp
796 1 62 2144 0 -1 0 259.263 2.909 -239.645 258.708 2.421 -240.227 259.869 3.378 -239.131 jng-lamp
797 1 14 2803 0 -1 0 406.211 29.149 -244.658 402.273 26.664 -246.871 408.461 31.601 -240.874 cmn-precursor-metal-edging-01-hitweak
798 1 14 2804 0 -1 0 402.904 29.149 -233.133 398.752 26.664 -237.316 404.899 31.601 -231.185 cmn-precursor-metal-edging-01-hitweak
799 1 14 2805 0 -1 0 388.291 29.149 -236.623 386.131 26.664 -240.569 392.349 31.601 -234.470 cmn-precursor-metal-edging-01-hitweak
800 1 69 2918 0 -1 0 384.656 25.718 -265.738 380.019 19.871 -269.890 389.050 31.636 -261.327 cmn-precursor-circuitpattern-01
801 1 11 1681 0 -1 0 355.480 21.672 -164.281 354.085 18.989 -165.449 356.834 24.508 -163.084 jng-treebark-03
802 1 16 2821 0 -1 0 399.249 17.573 -263.841 390.988 15.152 -268.062 404.284 21.605 -257.484 cmn-precursor-plainstripe-hitweak
803 1 37 2107 0 -1 0 255.700 2.945 -228.856 255.548 2.611 -229.098 255.941 3.266 -228.704 jng-lamp-wood
804 1 37 2108 0 -1 0 254.887 2.913 -229.084 254.744 2.567 -229.368 255.000 3.234 -228.919 jng-lamp-wood
805 1 37 2110 0 -1 0 254.668 2.727 -228.295 254.488 2.352 -228.434 254.828 3.033 -228.122 jng-lamp-wood
806 1 37 2111 0 -1 0 255.475 2.757 -228.062 255.358 2.384 -228.211 255.685 3.075 -227.868 jng-lamp-wood
807 1 37 2113 0 -1 0 259.759 3.101 -239.923 259.607 2.777 -240.130 260.049 3.431 -239.802 jng-lamp-wood
808 1 37 2114 0 -1 0 258.970 2.919 -240.169 258.785 2.548 -240.420 259.123 3.241 -240.001 jng-lamp-wood
809 1 37 2116 0 -1 0 258.748 2.785 -239.370 258.539 2.393 -239.484 258.901 3.095 -239.227 jng-lamp-wood
810 1 37 2117 0 -1 0 259.530 2.965 -239.120 259.367 2.604 -239.274 259.788 3.290 -238.936 jng-lamp-wood
811 1 40 2170 0 -1 0 354.150 55.841 -213.963 352.853 55.647 -215.252 355.447 56.209 -212.658 cmn-precursor-eco-valve-inside
812 1 40 2171 0 -1 0 455.060 17.451 -292.867 453.763 17.257 -294.155 456.357 17.819 -291.562 cmn-precursor-eco-valve-inside
813 1 16 2823 0 -1 0 372.445 31.578 -274.291 361.909 28.918 -283.796 376.081 35.511 -261.859 cmn-precursor-plainstripe-hitweak
814 1 14 2807 0 -1 0 387.827 18.984 -272.088 375.300 17.433 -284.327 401.722 20.511 -260.093 cmn-precursor-metal-edging-01-hitweak
815 1 229 2807 0 -1 0 388.323 18.729 -272.699 375.300 16.433 -284.343 401.722 20.511 -260.093 pal-environment-front
816 1 14 2785 0 -1 0 368.212 72.240 -229.405 364.743 50.492 -231.779 372.036 86.163 -226.832 cmn-precursor-metal-edging-01-hitweak
817 1 14 2788 0 -1 0 357.985 72.240 -228.660 354.029 50.492 -230.619 361.644 86.163 -226.501 cmn-precursor-metal-edging-01-hitweak
818 1 14 2791 0 -1 0 373.817 72.240 -247.129 371.425 50.492 -250.945 376.408 86.163 -243.666 cmn-precursor-metal-edging-01-hitweak
819 1 14 2794 0 -1 0 365.951 72.240 -253.598 362.233 50.492 -255.641 369.927 86.163 -251.753 cmn-precursor-metal-edging-01-hitweak
820 1 14 2797 0 -1 0 374.716 72.240 -237.135 372.832 50.492 -240.833 376.798 86.163 -233.165 cmn-precursor-metal-edging-01-hitweak
821 1 14 2800 0 -1 0 350.382 72.240 -235.434 347.898 50.492 -238.925 352.667 86.163 -231.573 cmn-precursor-metal-edging-01-hitweak
822 1 38 2807 0 -1 0 388.820 18.474 -273.309 376.691 16.433 -284.343 401.722 20.511 -262.062 cmn-precursor-ecovalve-top-hitweak
823 1 63 2145 0 -1 0 255.130 3.447 -228.448 254.954 3.296 -228.753 255.306 3.637 -228.139 jng-fireplace-metalrim-01
824 1 63 2146 0 -1 0 259.102 3.549 -239.589 258.916 3.398 -239.899 259.275 3.762 -239.275 jng-fireplace-metalrim-01
825 1 33 2622 0 -1 0 413.804 40.647 -199.162 413.032 39.131 -200.612 415.164 41.811 -198.260 jng-lrkr-metal-05
826 1 33 2623 0 -1 0 410.053 40.647 -204.133 409.280 39.131 -205.583 411.412 41.811 -203.231 jng-lrkr-metal-05
827 1 33 2624 0 -1 0 411.991 40.647 -201.632 411.219 39.131 -203.082 413.351 41.811 -200.730 jng-lrkr-metal-05
828 1 33 2625 0 -1 0 408.427 40.406 -206.477 407.654 38.890 -207.927 409.787 41.570 -205.576 jng-lrkr-metal-05
829 1 33 2626 0 -1 0 447.735 29.875 -225.054 446.426 29.045 -226.488 448.889 30.209 -223.677 jng-lrkr-metal-05
830 1 33 2627 0 -1 0 444.031 29.886 -221.664 442.692 29.126 -223.077 445.396 30.169 -220.352 jng-lrkr-metal-05
831 1 33 2628 0 -1 0 434.608 29.963 -219.335 433.532 28.804 -220.343 435.267 31.020 -218.753 jng-lrkr-metal-05
832 1 33 2629 0 -1 0 433.045 29.888 -227.435 431.998 28.782 -228.679 434.507 30.436 -225.959 jng-lrkr-metal-05
833 1 33 2630 0 -1 0 437.000 29.197 -219.626 435.620 28.099 -221.143 438.316 29.738 -218.565 jng-lrkr-metal-05
834 1 33 2631 0 -1 0 439.160 29.691 -233.841 437.757 29.006 -235.093 440.565 29.920 -232.569 jng-lrkr-metal-05
835 1 33 2632 0 -1 0 445.267 29.479 -233.587 443.900 28.453 -234.737 446.553 29.962 -232.072 jng-lrkr-metal-05
836 1 33 2633 0 -1 0 448.291 29.835 -229.661 446.946 29.008 -231.084 449.469 30.166 -228.280 jng-lrkr-metal-05
837 1 33 2634 0 -1 0 435.931 29.925 -230.991 434.528 29.239 -232.243 437.335 30.153 -229.720 jng-lrkr-metal-05
838 1 33 2635 0 -1 0 426.023 29.591 -211.801 424.616 28.983 -213.041 427.429 29.794 -210.581 jng-lrkr-metal-05
839 1 33 2636 0 -1 0 427.908 35.636 -218.855 427.206 34.489 -219.328 429.002 36.715 -217.975 jng-lrkr-metal-05
840 1 33 2637 0 -1 0 429.764 35.636 -215.617 428.675 34.489 -216.543 430.450 36.715 -215.105 jng-lrkr-metal-05
841 1 33 2638 0 -1 0 420.537 29.213 -215.374 419.134 28.605 -216.626 421.942 29.416 -214.102 jng-lrkr-metal-05
842 1 33 2639 0 -1 0 422.248 29.175 -216.353 420.845 28.567 -217.605 423.652 29.378 -215.082 jng-lrkr-metal-05
843 1 33 2640 0 -1 0 423.409 29.789 -212.030 422.003 29.028 -213.270 424.816 30.043 -210.810 jng-lrkr-metal-05
844 1 33 2641 0 -1 0 443.367 29.479 -234.664 442.000 28.453 -235.814 444.653 29.962 -233.149 jng-lrkr-metal-05
845 1 6 2428 0 -1 0 365.847 44.344 -144.252 362.436 41.844 -147.112 369.212 45.903 -141.487 jng-canopy-03
846 1 6 2436 0 -1 0 372.725 54.025 -189.726 369.797 51.283 -193.056 375.597 55.736 -186.294 jng-canopy-03
847 1 6 2440 0 -1 0 326.632 34.287 -119.276 323.818 32.507 -121.129 329.471 36.207 -118.065 jng-canopy-03
848 1 6 2441 0 -1 0 330.220 36.368 -125.855 327.548 34.813 -127.510 332.949 38.068 -124.001 jng-canopy-03
849 1 6 2442 0 -1 0 346.810 42.181 -126.384 344.100 40.440 -127.960 349.526 43.538 -124.645 jng-canopy-03
850 1 6 2443 0 -1 0 346.587 45.556 -155.909 343.826 43.197 -157.886 349.308 47.654 -153.733 jng-canopy-03
851 1 6 2444 0 -1 0 335.049 41.446 -129.365 332.893 39.511 -132.141 337.083 43.142 -126.460 jng-canopy-03
852 1 6 2445 0 -1 0 350.435 44.180 -134.112 348.545 42.197 -136.874 352.434 45.416 -131.327 jng-canopy-03
853 1 6 2446 0 -1 0 343.671 42.871 -137.666 341.382 40.642 -140.303 346.007 44.262 -135.027 jng-canopy-03
854 1 6 2452 0 -1 0 327.318 38.669 -161.033 325.288 36.651 -163.752 329.286 39.928 -158.318 jng-canopy-03
855 1 6 2453 0 -1 0 338.058 38.597 -163.685 336.302 36.685 -166.377 339.949 39.897 -161.021 jng-canopy-03
856 1 6 2459 0 -1 0 296.993 41.578 -130.723 294.514 39.704 -132.761 299.571 42.814 -128.590 jng-canopy-03
857 1 6 2460 0 -1 0 322.335 41.923 -133.076 319.246 39.609 -135.401 325.358 43.367 -130.704 jng-canopy-03
858 1 6 2461 0 -1 0 318.895 36.418 -122.787 316.908 34.660 -124.848 320.771 38.379 -120.584 jng-canopy-03
859 1 6 2464 0 -1 0 303.961 43.260 -139.058 301.118 40.845 -141.951 306.676 44.765 -136.165 jng-canopy-03
860 1 6 2467 0 -1 0 284.529 45.192 -133.919 281.560 42.397 -137.241 287.457 46.935 -130.510 jng-canopy-03
861 1 6 2468 0 -1 0 286.052 41.034 -125.454 283.285 38.953 -127.737 288.796 42.450 -123.022 jng-canopy-03
862 1 6 2469 0 -1 0 287.372 41.117 -137.431 284.675 38.920 -139.700 290.096 42.487 -135.223 jng-canopy-03
863 1 6 2470 0 -1 0 260.227 46.782 -142.471 257.714 44.254 -145.054 262.661 48.404 -139.769 jng-canopy-03
864 1 6 2471 0 -1 0 266.066 46.546 -153.006 263.553 43.921 -155.576 268.627 48.182 -150.494 jng-canopy-03
865 1 6 2473 0 -1 0 272.336 47.430 -143.126 269.582 45.149 -145.014 275.145 48.868 -141.120 jng-canopy-03
866 1 6 2475 0 -1 0 283.159 43.476 -169.479 280.238 40.696 -172.911 285.979 45.209 -166.068 jng-canopy-03
867 1 6 2476 0 -1 0 286.685 46.066 -185.708 283.356 43.420 -188.625 290.005 47.716 -182.644 jng-canopy-03
868 1 6 2477 0 -1 0 306.208 45.071 -163.482 302.706 42.295 -166.300 309.610 46.802 -160.694 jng-canopy-03
869 1 6 2479 0 -1 0 278.941 41.317 -191.054 276.344 39.235 -193.468 281.471 42.733 -188.507 jng-canopy-03
870 1 6 2481 0 -1 0 323.098 53.346 -217.541 319.357 50.604 -220.362 326.761 55.056 -214.807 jng-canopy-03
871 1 6 2485 0 -1 0 283.911 41.399 -202.036 281.369 39.202 -204.584 286.498 42.770 -199.537 jng-canopy-03
872 1 6 2486 0 -1 0 292.130 41.241 -208.004 289.627 39.273 -209.911 294.508 43.209 -206.240 jng-canopy-03
873 1 6 2488 0 -1 0 474.327 45.305 -297.322 470.950 42.530 -300.144 477.690 47.036 -294.398 jng-canopy-03
874 1 6 2489 0 -1 0 471.466 35.687 -292.300 468.692 33.820 -294.138 474.313 36.997 -290.328 jng-canopy-03
875 1 6 2491 0 -1 0 475.088 37.286 -302.827 473.374 35.513 -305.274 476.920 38.391 -300.365 jng-canopy-03
876 1 6 2493 0 -1 0 464.450 36.212 -300.942 461.883 34.157 -302.996 466.983 37.494 -298.923 jng-canopy-03
877 1 6 2495 0 -1 0 463.419 40.532 -296.788 460.091 37.886 -299.704 466.740 42.182 -293.724 jng-canopy-03
878 1 6 2496 0 -1 0 473.428 49.087 -315.528 470.619 46.211 -319.236 476.243 50.881 -311.862 jng-canopy-03
879 1 6 2500 0 -1 0 437.872 50.990 -354.258 434.422 48.135 -357.957 441.295 52.771 -350.504 jng-canopy-03
880 1 6 2501 0 -1 0 450.993 46.278 -353.903 447.881 43.564 -357.153 454.030 47.972 -350.755 jng-canopy-03
881 1 6 2502 0 -1 0 425.139 56.753 -366.665 421.824 53.865 -369.746 428.430 58.553 -363.600 jng-canopy-03
882 1 6 2503 0 -1 0 467.289 42.916 -357.629 463.561 40.104 -360.486 471.071 44.670 -354.841 jng-canopy-03
883 1 6 2504 0 -1 0 462.951 47.255 -352.940 459.839 44.540 -356.191 465.988 48.948 -349.792 jng-canopy-03
884 1 6 2508 0 -1 0 407.976 49.062 -339.097 405.274 46.861 -340.921 410.726 50.558 -337.146 jng-canopy-03
885 1 6 2511 0 -1 0 414.298 49.640 -348.091 412.425 47.659 -350.319 416.291 50.946 -345.832 jng-canopy-03
886 1 6 2512 0 -1 0 411.606 67.010 -374.823 407.810 64.197 -377.659 415.403 68.765 -372.074 jng-canopy-03
887 1 6 2514 0 -1 0 421.311 68.167 -365.384 418.018 64.761 -369.928 424.704 70.292 -360.856 jng-canopy-03
888 1 6 2515 0 -1 0 413.721 67.018 -372.210 409.924 64.377 -374.906 417.518 68.665 -369.664 jng-canopy-03
889 1 6 2516 0 -1 0 409.483 66.294 -359.357 406.100 62.836 -363.604 412.932 68.452 -355.101 jng-canopy-03
890 1 6 2517 0 -1 0 419.443 71.535 -350.490 416.272 68.797 -353.161 422.645 73.243 -347.704 jng-canopy-03
891 1 6 2518 0 -1 0 419.453 65.589 -351.811 416.231 62.851 -354.919 422.705 67.297 -348.590 jng-canopy-03
892 1 6 2521 0 -1 0 385.101 46.644 -329.881 381.788 44.353 -332.952 388.402 48.073 -326.695 jng-canopy-03
893 1 6 2528 0 -1 0 374.518 64.753 -379.594 370.721 61.857 -382.469 378.315 66.560 -376.719 jng-canopy-03
894 1 6 2532 0 -1 0 361.809 63.990 -370.915 358.983 61.093 -374.647 364.635 65.796 -367.183 jng-canopy-03
895 1 6 2533 0 -1 0 358.877 61.368 -364.550 355.575 58.563 -367.710 362.110 63.118 -361.333 jng-canopy-03
896 1 6 2538 0 -1 0 299.098 59.885 -342.860 295.906 57.077 -346.073 302.377 61.636 -339.664 jng-canopy-03
897 1 6 2541 0 -1 0 297.775 54.812 -342.860 294.582 52.004 -346.073 301.054 56.564 -339.664 jng-canopy-03
898 1 6 2543 0 -1 0 357.230 48.479 -347.072 354.832 46.398 -349.754 359.538 49.895 -344.270 jng-canopy-03
899 1 6 2544 0 -1 0 359.250 66.397 -364.081 355.466 63.500 -366.946 363.034 68.203 -361.216 jng-canopy-03
900 1 6 2545 0 -1 0 327.884 42.999 -354.824 324.545 39.500 -357.894 331.192 45.181 -351.641 jng-canopy-03
901 1 6 2546 0 -1 0 316.900 40.291 -354.753 313.275 36.670 -357.936 320.524 42.549 -351.570 jng-canopy-03
902 1 6 2547 0 -1 0 328.564 35.754 -356.349 325.225 32.255 -359.420 331.872 37.936 -353.166 jng-canopy-03
903 1 6 2548 0 -1 0 319.169 36.292 -355.121 315.818 32.765 -358.256 322.585 38.492 -351.907 jng-canopy-03
904 1 6 2551 0 -1 0 340.187 35.754 -357.493 336.848 32.255 -360.563 343.495 37.936 -354.310 jng-canopy-03
905 1 6 2553 0 -1 0 241.005 61.446 -260.288 237.448 58.704 -263.059 244.465 63.157 -257.582 jng-canopy-03
906 1 6 2555 0 -1 0 240.466 58.419 -256.732 238.327 56.222 -259.688 242.673 59.790 -253.781 jng-canopy-03
907 1 6 2556 0 -1 0 239.209 58.881 -245.077 236.713 57.007 -247.152 241.671 60.117 -242.869 jng-canopy-03
908 1 6 2557 0 -1 0 229.334 58.337 -252.132 227.181 56.255 -255.117 231.347 59.753 -249.096 jng-canopy-03
909 1 6 2558 0 -1 0 245.257 58.990 -293.640 241.637 56.192 -296.515 248.971 60.735 -290.765 jng-canopy-03
910 1 6 2559 0 -1 0 229.560 69.764 -301.993 225.763 66.969 -304.815 233.357 71.508 -299.266 jng-canopy-03
911 1 6 2561 0 -1 0 228.951 66.203 -271.611 225.638 63.333 -274.650 232.229 67.993 -268.537 jng-canopy-03
912 1 6 2565 0 -1 0 234.494 72.145 -309.515 230.758 69.327 -312.390 238.146 73.902 -306.640 jng-canopy-03
913 1 6 2566 0 -1 0 235.785 71.172 -304.967 231.988 68.276 -307.842 239.582 72.979 -302.092 jng-canopy-03
914 1 6 2569 0 -1 0 291.692 55.319 -335.698 287.603 52.199 -339.156 295.782 57.265 -332.240 jng-canopy-03
915 1 6 2570 0 -1 0 291.642 60.923 -334.581 287.739 57.907 -338.039 295.646 62.804 -331.123 jng-canopy-03
916 1 6 2571 0 -1 0 292.250 46.994 -330.564 290.459 45.297 -332.941 294.131 48.113 -328.274 jng-canopy-03
917 1 6 2572 0 -1 0 296.589 46.501 -320.481 294.497 44.616 -322.954 298.815 47.783 -317.981 jng-canopy-03
918 1 6 2577 0 -1 0 285.810 46.575 -322.125 283.709 44.585 -324.545 287.858 47.816 -319.732 jng-canopy-03
919 1 79 2262 0 -1 0 356.442 55.867 -213.512 355.853 55.663 -213.955 357.166 55.991 -212.799 cmn-precursor-blueeco-flash
920 1 79 2263 0 -1 0 354.593 55.867 -216.246 354.150 55.663 -216.970 355.306 55.991 -215.658 cmn-precursor-blueeco-flash
921 1 79 2264 0 -1 0 351.858 55.867 -214.398 351.134 55.663 -215.111 352.447 55.991 -213.955 cmn-precursor-blueeco-flash
922 1 79 2265 0 -1 0 353.707 55.867 -211.663 352.994 55.663 -212.252 354.150 55.991 -210.939 cmn-precursor-blueeco-flash
923 1 79 2266 0 -1 0 457.352 17.477 -292.415 456.763 17.272 -292.859 458.076 17.601 -291.702 cmn-precursor-blueeco-flash
924 1 79 2267 0 -1 0 455.503 17.477 -295.150 455.060 17.272 -295.874 456.216 17.601 -294.562 cmn-precursor-blueeco-flash
925 1 79 2268 0 -1 0 452.768 17.477 -293.302 452.044 17.272 -294.015 453.357 17.601 -292.859 cmn-precursor-blueeco-flash
926 1 79 2269 0 -1 0 454.617 17.477 -290.567 453.904 17.272 -291.155 455.060 17.601 -289.843 cmn-precursor-blueeco-flash
927 1 229 2262 0 -1 0 356.442 55.867 -213.512 355.853 55.663 -213.955 357.166 55.991 -212.799 pal-environment-front
928 1 229 2263 0 -1 0 354.593 55.867 -216.246 354.150 55.663 -216.970 355.306 55.991 -215.658 pal-environment-front
929 1 229 2264 0 -1 0 351.858 55.867 -214.398 351.134 55.663 -215.111 352.447 55.991 -213.955 pal-environment-front
930 1 229 2265 0 -1 0 353.707 55.867 -211.663 352.994 55.663 -212.252 354.150 55.991 -210.939 pal-environment-front
931 1 229 2266 0 -1 0 457.352 17.477 -292.415 456.763 17.272 -292.859 458.076 17.601 -291.702 pal-environment-front
932 1 229 2267 0 -1 0 455.503 17.477 -295.150 455.060 17.272 -295.874 456.216 17.601 -294.562 pal-environment-front
933 1 229 2268 0 -1 0 452.768 17.477 -293.302 452.044 17.272 -294.015 453.357 17.601 -292.859 pal-environment-front
934 1 229 2269 0 -1 0 454.617 17.477 -290.567 453.904 17.272 -291.155 455.060 17.601 -289.843 pal-environment-front
935 1 28 1538 0 -1 0 348.760 28.136 -139.073 346.356 22.499 -141.847 351.441 31.483 -136.871 jng-treebark-02
936 1 28 1539 0 -1 0 345.699 27.136 -145.169 342.972 21.499 -147.283 348.377 30.483 -143.458 jng-treebark-02
937 1 28 1540 0 -1 0 355.343 27.136 -143.778 353.267 21.499 -146.448 357.175 30.483 -141.049 jng-treebark-02
938 1 28 1541 0 -1 0 323.133 25.136 -139.669 320.516 19.499 -141.926 325.586 28.483 -136.812 jng-treebark-02
939 1 28 1542 0 -1 0 315.461 25.136 -134.213 312.879 19.499 -136.443 317.879 28.483 -131.383 jng-treebark-02
940 1 28 1543 0 -1 0 335.609 26.136 -144.548 332.920 20.499 -146.726 338.013 29.483 -141.806 jng-treebark-02
941 1 28 1544 0 -1 0 329.936 26.136 -139.269 327.079 20.499 -141.886 332.194 29.483 -136.815 jng-treebark-02
942 1 28 1545 0 -1 0 350.558 26.136 -162.313 347.854 20.499 -164.483 353.190 29.483 -160.285 jng-treebark-02
943 1 28 1546 0 -1 0 317.630 26.136 -197.311 315.015 20.499 -199.386 320.321 29.483 -195.120 jng-treebark-02
944 1 28 1547 0 -1 0 323.394 27.136 -198.289 320.774 21.499 -200.546 325.850 30.483 -195.435 jng-treebark-02
945 1 28 1548 0 -1 0 307.764 27.136 -192.450 305.172 21.499 -194.603 310.428 30.483 -190.226 jng-treebark-02
946 1 16 2826 0 -1 0 360.646 35.043 -287.443 355.863 31.965 -289.062 367.644 38.449 -283.515 cmn-precursor-plainstripe-hitweak
947 1 9 2777 0 -1 0 354.579 84.513 -249.032 342.208 80.499 -261.082 363.661 88.515 -240.364 cmn-precursor-metal-plain-01-hitweak
948 1 4 1681 0 -1 0 352.610 36.061 -163.541 349.071 32.197 -164.977 355.314 38.743 -162.516 jng-treebark-01-4x4
949 1 44 2119 0 -1 0 259.022 25.406 -154.854 258.056 24.143 -155.862 259.931 26.487 -153.971 jng-rope-01
950 1 44 2120 0 -1 0 257.941 25.391 -161.275 256.975 24.128 -162.283 258.850 26.472 -160.392 jng-rope-01
951 1 44 2123 0 -1 0 202.715 25.391 -151.006 201.748 24.128 -152.014 203.623 26.472 -150.123 jng-rope-01
952 1 44 2124 0 -1 0 203.771 25.391 -144.601 202.805 24.128 -145.608 204.680 26.472 -143.717 jng-rope-01
953 1 229 2821 0 -1 0 398.999 17.883 -263.582 390.988 14.605 -268.062 404.284 21.777 -257.484 pal-environment-front
954 1 4 2425 0 -1 0 408.872 33.048 -211.203 407.025 31.019 -212.738 410.729 35.072 -209.673 jng-treebark-01-4x4
955 1 66 2599 0 -1 0 414.202 34.520 -211.548 413.559 33.654 -212.200 414.869 35.384 -210.895 jng-lrkr-metal-07
956 1 66 2600 0 -1 0 419.981 34.520 -204.196 419.301 33.654 -204.877 420.668 35.384 -203.512 jng-lrkr-metal-07
957 1 66 2601 0 -1 0 422.716 33.952 -209.338 422.081 33.080 -209.977 423.389 34.813 -208.661 jng-lrkr-metal-07
958 1 66 2602 0 -1 0 446.700 35.467 -222.060 445.853 34.366 -222.914 447.591 36.560 -221.159 jng-lrkr-metal-07
959 1 66 2603 0 -1 0 448.198 35.817 -233.225 447.344 34.659 -234.112 449.095 36.962 -232.382 jng-lrkr-metal-07
960 1 66 2604 0 -1 0 436.973 35.154 -233.676 436.186 34.098 -234.482 437.729 36.199 -232.897 jng-lrkr-metal-07
961 1 66 2605 0 -1 0 423.843 33.952 -217.909 423.193 33.080 -218.573 424.466 34.813 -217.266 jng-lrkr-metal-07
962 1 66 2606 0 -1 0 427.972 33.952 -212.760 427.337 33.080 -213.400 428.645 34.813 -212.084 jng-lrkr-metal-07
963 1 66 2607 0 -1 0 418.892 33.952 -214.269 418.242 33.080 -214.934 419.515 34.813 -213.626 jng-lrkr-metal-07
964 1 70 2773 0 -1 0 397.019 41.819 -241.075 388.261 37.709 -249.833 405.777 44.256 -232.316 cmn-precursor-stonehengetop
965 1 70 2774 0 -1 0 362.211 48.672 -275.864 353.476 44.562 -284.600 370.947 51.109 -267.128 cmn-precursor-stonehengetop
966 1 70 2775 0 -1 0 327.413 40.719 -241.058 318.756 36.610 -249.714 336.069 43.157 -232.418 cmn-precursor-stonehengetop
967 1 7 1490 0 -1 0 477.813 1.519 -227.631 474.308 0.613 -231.451 481.614 2.105 -223.974 jng-leafyground-hang-2x1
968 1 7 1492 0 -1 0 437.062 24.202 -265.202 431.861 22.486 -270.475 442.689 25.312 -260.153 jng-leafyground-hang-2x1
969 1 7 1494 0 -1 0 315.496 19.762 -288.809 310.043 18.391 -294.013 321.136 20.649 -283.310 jng-leafyground-hang-2x1
970 1 7 1496 0 -1 0 250.928 8.967 -216.824 245.273 7.972 -222.154 256.393 9.611 -211.240 jng-leafyground-hang-2x1
971 1 7 1498 0 -1 0 256.028 6.033 -216.303 250.255 5.179 -222.048 261.776 6.585 -210.678 jng-leafyground-hang-2x1
972 1 7 1500 0 -1 0 234.687 18.030 -222.910 229.266 17.160 -228.109 239.752 18.594 -217.488 jng-leafyground-hang-2x1
973 1 7 1502 0 -1 0 245.896 11.967 -219.563 240.520 10.986 -225.085 251.470 12.602 -214.078 jng-leafyground-hang-2x1
974 1 7 1504 0 -1 0 240.062 15.126 -220.886 234.413 14.442 -226.546 245.616 15.567 -215.529 jng-leafyground-hang-2x1
975 1 7 1506 0 -1 0 228.889 20.945 -221.426 223.415 19.905 -226.891 234.333 21.618 -216.131 jng-leafyground-hang-2x1
976 1 7 1508 0 -1 0 223.477 24.026 -219.381 218.388 23.138 -224.743 228.748 24.600 -214.115 jng-leafyground-hang-2x1
977 1 7 1510 0 -1 0 303.423 8.155 -304.516 298.377 7.516 -309.262 308.281 8.569 -299.805 jng-leafyground-hang-2x1
978 1 7 1512 0 -1 0 306.580 10.103 -298.809 301.202 9.359 -303.441 312.169 10.584 -294.381 jng-leafyground-hang-2x1
979 1 7 1514 0 -1 0 310.525 17.800 -293.128 304.362 16.496 -299.106 316.509 18.643 -287.433 jng-leafyground-hang-2x1
980 1 7 1516 0 -1 0 361.841 22.892 -168.125 359.306 22.398 -171.016 364.035 23.195 -165.434 jng-leafyground-hang-2x1
981 1 7 1517 0 -1 0 359.948 22.180 -162.343 357.373 21.685 -165.052 362.327 22.482 -159.737 jng-leafyground-hang-2x1
982 1 7 1518 0 -1 0 325.735 22.180 -175.817 323.067 21.685 -178.278 328.104 22.482 -173.129 jng-leafyground-hang-2x1
983 1 7 1519 0 -1 0 333.155 21.180 -173.342 330.713 20.685 -176.036 335.709 21.482 -170.639 jng-leafyground-hang-2x1
984 1 7 1520 0 -1 0 327.175 31.358 -203.434 324.602 30.863 -206.045 330.190 31.660 -201.128 jng-leafyground-hang-2x1
985 1 7 1521 0 -1 0 298.276 22.180 -134.068 295.542 21.685 -136.605 300.970 22.482 -131.598 jng-leafyground-hang-2x1
986 1 7 1522 0 -1 0 304.197 23.180 -135.401 301.493 22.685 -137.952 307.087 23.482 -133.108 jng-leafyground-hang-2x1
987 1 7 1523 0 -1 0 291.729 23.180 -186.389 289.032 22.685 -188.791 294.223 23.482 -183.763 jng-leafyground-hang-2x1
988 1 7 1524 0 -1 0 282.472 21.180 -176.565 279.860 20.685 -179.156 285.467 21.482 -174.289 jng-leafyground-hang-2x1
989 1 7 1525 0 -1 0 274.536 22.180 -175.287 272.000 21.685 -177.981 277.007 22.482 -172.553 jng-leafyground-hang-2x1
990 1 7 1526 0 -1 0 276.939 21.180 -167.829 274.393 20.685 -170.324 279.803 21.482 -165.171 jng-leafyground-hang-2x1
991 1 7 1527 0 -1 0 242.258 38.180 -259.507 239.719 37.685 -262.132 245.287 38.482 -257.129 jng-leafyground-hang-2x1
992 1 7 1528 0 -1 0 310.888 26.019 -136.971 308.816 25.585 -139.181 312.977 26.319 -134.533 jng-leafyground-hang-2x1
993 1 7 1529 0 -1 0 349.257 27.019 -170.036 347.155 26.585 -172.083 351.646 27.319 -168.145 jng-leafyground-hang-2x1
994 1 7 1530 0 -1 0 356.994 25.019 -173.244 354.725 24.585 -175.477 359.178 25.319 -171.040 jng-leafyground-hang-2x1
995 1 7 1531 0 -1 0 324.494 23.019 -184.847 322.351 22.585 -186.914 326.675 23.319 -182.731 jng-leafyground-hang-2x1
996 1 7 1532 0 -1 0 321.673 26.019 -191.049 319.503 25.585 -193.261 323.912 26.319 -188.805 jng-leafyground-hang-2x1
997 1 7 1533 0 -1 0 305.039 25.019 -141.149 302.641 24.585 -143.052 307.141 25.319 -139.099 jng-leafyground-hang-2x1
998 1 7 1534 0 -1 0 302.223 26.019 -182.691 300.063 25.585 -184.901 304.448 26.319 -180.447 jng-leafyground-hang-2x1
999 1 7 1535 0 -1 0 297.962 25.019 -187.049 295.564 24.585 -188.953 300.064 25.319 -185.000 jng-leafyground-hang-2x1
1000 1 7 1536 0 -1 0 299.097 27.977 -192.447 296.949 27.478 -194.657 301.207 28.357 -190.254 jng-leafyground-hang-2x1
1001 1 7 1537 0 -1 0 244.748 41.019 -252.776 242.540 40.585 -255.037 246.988 41.319 -250.594 jng-leafyground-hang-2x1
1002 1 7 1538 0 -1 0 348.905 31.169 -139.011 345.912 30.687 -141.412 351.441 31.483 -136.422 jng-leafyground-hang-2x1
1003 1 7 1539 0 -1 0 345.797 30.169 -145.045 342.924 29.687 -147.311 348.377 30.483 -142.511 jng-leafyground-hang-2x1
1004 1 7 1540 0 -1 0 355.473 30.169 -143.867 353.126 29.687 -146.448 358.015 30.483 -141.004 jng-leafyground-hang-2x1
1005 1 7 1541 0 -1 0 322.977 28.169 -139.692 320.516 27.687 -142.115 325.775 28.483 -137.155 jng-leafyground-hang-2x1
1006 1 7 1542 0 -1 0 315.303 28.169 -134.216 312.879 27.687 -136.502 317.938 28.483 -131.672 jng-leafyground-hang-2x1
1007 1 7 1543 0 -1 0 335.467 29.169 -144.616 332.920 28.687 -147.217 338.473 29.483 -142.255 jng-leafyground-hang-2x1
1008 1 7 1544 0 -1 0 329.959 29.169 -139.425 327.421 28.687 -141.886 332.382 29.483 -136.626 jng-leafyground-hang-2x1
1009 1 7 1545 0 -1 0 350.633 29.169 -162.173 347.813 28.687 -164.625 353.190 29.483 -159.645 jng-leafyground-hang-2x1
1010 1 7 1546 0 -1 0 317.560 29.169 -197.452 315.015 28.687 -199.972 320.362 29.483 -194.979 jng-leafyground-hang-2x1
1011 1 7 1547 0 -1 0 323.240 30.169 -198.322 320.774 29.687 -200.804 326.106 30.483 -195.805 jng-leafyground-hang-2x1
1012 1 7 1548 0 -1 0 307.701 30.169 -192.594 305.159 29.687 -195.093 310.467 30.483 -190.086 jng-leafyground-hang-2x1
1013 1 64 2147 0 -1 0 255.269 1.786 -228.785 254.928 1.086 -229.332 255.719 2.465 -228.415 jng-hut-wood-01
1014 1 64 2148 0 -1 0 259.506 1.903 -239.736 259.113 1.190 -240.226 260.043 2.595 -239.356 jng-hut-wood-01
1015 1 44 2642 0 -1 0 417.427 41.664 -201.763 416.504 40.757 -203.108 418.393 42.475 -200.368 jng-rope-01
1016 1 44 2643 0 -1 0 411.142 41.664 -209.083 409.711 40.757 -209.903 412.589 42.475 -208.256 jng-rope-01
1017 1 44 2644 0 -1 0 411.115 41.664 -209.115 410.192 40.757 -210.460 412.081 42.475 -207.719 jng-rope-01
1018 1 44 2645 0 -1 0 417.459 41.664 -201.726 416.022 40.757 -202.551 418.910 42.475 -200.904 jng-rope-01
1019 1 44 2646 0 -1 0 412.849 41.830 -198.619 411.972 41.166 -199.867 413.765 42.423 -197.327 jng-rope-01
1020 1 44 2647 0 -1 0 407.224 41.830 -205.170 405.891 41.166 -205.940 408.570 42.423 -204.394 jng-rope-01
1021 1 44 2648 0 -1 0 407.199 41.830 -205.199 406.322 41.166 -206.446 408.115 42.423 -203.906 jng-rope-01
1022 1 44 2649 0 -1 0 412.878 41.830 -198.586 411.541 41.166 -199.360 414.228 42.423 -197.815 jng-rope-01
1023 1 44 2650 0 -1 0 415.369 41.664 -199.833 414.541 40.757 -201.118 416.237 42.475 -198.496 jng-rope-01
1024 1 44 2651 0 -1 0 408.794 41.664 -207.492 407.439 40.757 -208.250 410.165 42.475 -206.726 jng-rope-01
1025 1 44 2652 0 -1 0 408.765 41.664 -207.526 407.938 40.757 -208.810 409.634 42.475 -206.188 jng-rope-01
1026 1 44 2653 0 -1 0 415.403 41.664 -199.794 414.043 40.757 -200.558 416.778 42.475 -199.035 jng-rope-01
1027 1 44 2658 0 -1 0 441.015 41.664 -220.618 440.217 40.757 -221.886 441.841 42.475 -219.296 jng-rope-01
1028 1 44 2659 0 -1 0 434.206 41.664 -228.549 432.875 40.757 -229.282 435.553 42.475 -227.807 jng-rope-01
1029 1 44 2660 0 -1 0 434.176 41.664 -228.583 433.378 40.757 -229.851 435.002 42.475 -227.261 jng-rope-01
1030 1 44 2661 0 -1 0 441.050 41.664 -220.578 439.714 40.757 -221.318 442.401 42.475 -219.842 jng-rope-01
1031 1 44 2662 0 -1 0 446.047 41.664 -224.919 445.502 40.757 -225.983 446.611 42.475 -223.833 jng-rope-01
1032 1 44 2663 0 -1 0 438.873 41.664 -233.275 437.833 40.757 -233.794 439.930 42.475 -232.746 jng-rope-01
1033 1 44 2664 0 -1 0 438.841 41.664 -233.311 438.296 40.757 -234.375 439.406 42.475 -232.225 jng-rope-01
1034 1 44 2665 0 -1 0 446.084 41.664 -224.876 445.039 40.757 -225.403 447.145 42.475 -224.355 jng-rope-01
1035 1 44 2666 0 -1 0 442.505 41.889 -221.975 442.113 41.307 -222.907 442.915 42.411 -221.021 jng-rope-01
1036 1 44 2668 0 -1 0 435.298 41.889 -230.367 434.908 41.307 -231.298 435.709 42.411 -229.413 jng-rope-01
1037 1 44 2670 0 -1 0 439.608 41.664 -218.935 438.988 40.757 -220.063 440.246 42.475 -217.775 jng-rope-01
1038 1 44 2671 0 -1 0 432.433 41.664 -227.291 431.303 40.757 -227.874 433.581 42.475 -226.699 jng-rope-01
1039 1 44 2672 0 -1 0 432.401 41.664 -227.327 431.783 40.757 -228.454 433.040 42.475 -226.167 jng-rope-01
1040 1 44 2673 0 -1 0 439.644 41.664 -218.893 438.509 40.757 -219.482 440.797 42.475 -218.308 jng-rope-01
1041 1 44 2674 0 -1 0 448.888 41.664 -227.548 447.999 40.757 -228.935 449.818 42.475 -226.104 jng-rope-01
1042 1 44 2675 0 -1 0 441.714 41.664 -235.904 440.252 40.757 -236.719 443.193 42.475 -235.080 jng-rope-01
1043 1 44 2676 0 -1 0 441.682 41.664 -235.940 440.793 40.757 -237.327 442.613 42.475 -234.495 jng-rope-01
1044 1 44 2677 0 -1 0 448.925 41.664 -227.506 447.458 40.757 -228.327 450.409 42.475 -226.688 jng-rope-01
1045 1 44 2678 0 -1 0 450.159 41.844 -230.006 449.475 41.201 -231.090 450.868 42.420 -228.876 jng-rope-01
1046 1 44 2679 0 -1 0 444.361 41.844 -236.759 443.223 41.201 -237.388 445.513 42.420 -236.124 jng-rope-01
1047 1 44 2680 0 -1 0 444.335 41.844 -236.789 443.652 41.201 -237.872 445.045 42.420 -235.658 jng-rope-01
1048 1 44 2681 0 -1 0 450.188 41.844 -229.972 449.046 41.201 -230.606 451.344 42.420 -229.342 jng-rope-01
1049 1 44 2682 0 -1 0 444.224 41.664 -223.351 443.334 40.757 -224.738 445.154 42.475 -221.907 jng-rope-01
1050 1 44 2683 0 -1 0 437.049 41.664 -231.706 435.588 40.757 -232.521 438.528 42.475 -230.882 jng-rope-01
1051 1 44 2684 0 -1 0 437.018 41.664 -231.743 436.129 40.757 -233.129 437.948 42.475 -230.298 jng-rope-01
1052 1 44 2685 0 -1 0 444.261 41.664 -223.308 442.794 40.757 -224.130 445.744 42.475 -222.491 jng-rope-01
1053 1 66 2611 0 -1 0 416.263 38.221 -207.030 413.213 35.046 -209.994 418.923 41.007 -203.626 jng-lrkr-metal-07
1054 1 66 2612 0 -1 0 417.871 38.017 -199.540 415.454 35.767 -201.755 419.942 39.938 -197.620 jng-lrkr-metal-07
1055 1 66 2613 0 -1 0 409.720 38.625 -209.783 407.627 36.375 -211.671 412.161 40.547 -207.612 jng-lrkr-metal-07
1056 1 66 2614 0 -1 0 443.201 37.392 -220.931 440.618 35.156 -223.298 445.366 39.058 -218.967 jng-lrkr-metal-07
1057 1 66 2615 0 -1 0 435.216 34.900 -230.538 433.226 32.854 -232.547 437.446 37.102 -228.283 jng-lrkr-metal-07
1058 1 66 2616 0 -1 0 432.501 29.853 -222.108 431.279 28.641 -223.050 433.911 31.052 -221.117 jng-lrkr-metal-07
1059 1 51 2180 0 -1 0 317.962 2.584 -325.987 316.529 2.490 -327.246 319.404 2.615 -324.496 gen-metal-dark-light
1060 1 65 2147 0 -1 0 255.266 1.806 -228.788 254.929 1.086 -229.332 255.719 2.465 -228.415 jng-hut-wood-01endcap
1061 1 65 2148 0 -1 0 259.500 1.921 -239.742 259.113 1.190 -240.226 260.043 2.595 -239.356 jng-hut-wood-01endcap
1062 1 49 2149 0 -1 0 279.543 29.490 -290.933 278.700 29.490 -291.776 280.387 29.490 -290.089 gen-metal-dark
1063 1 49 2150 0 -1 0 269.516 31.490 -301.656 268.672 31.490 -302.500 270.360 31.490 -300.813 gen-metal-dark
1064 1 49 2151 0 -1 0 271.377 30.490 -293.639 270.533 30.490 -294.483 272.220 30.490 -292.795 gen-metal-dark
1065 1 49 2152 0 -1 0 287.626 28.490 -293.140 286.782 28.490 -293.983 288.470 28.490 -292.296 gen-metal-dark
1066 1 49 2153 0 -1 0 289.358 35.069 -301.574 288.514 35.069 -302.418 290.201 35.069 -300.730 gen-metal-dark
1067 1 49 2154 0 -1 0 287.168 34.392 -308.712 286.324 34.392 -309.556 288.012 34.392 -307.868 gen-metal-dark
1068 1 49 2155 0 -1 0 279.601 33.489 -311.776 278.757 33.489 -312.620 280.445 33.489 -310.933 gen-metal-dark
1069 1 49 2156 0 -1 0 271.616 32.489 -309.409 270.772 32.489 -310.252 272.460 32.489 -308.565 gen-metal-dark
1070 1 49 2172 0 -1 0 279.543 28.795 -290.933 277.559 28.677 -292.917 281.528 28.834 -288.948 gen-metal-dark
1071 1 49 2173 0 -1 0 269.516 30.795 -301.656 267.531 30.677 -303.641 271.500 30.834 -299.672 gen-metal-dark
1072 1 49 2174 0 -1 0 271.377 29.795 -293.639 269.392 29.677 -295.623 273.361 29.834 -291.655 gen-metal-dark
1073 1 49 2175 0 -1 0 287.626 27.795 -293.140 285.642 27.677 -295.124 289.610 27.834 -291.155 gen-metal-dark
1074 1 49 2176 0 -1 0 289.358 34.200 -301.574 287.373 34.053 -303.559 291.342 34.248 -299.590 gen-metal-dark
1075 1 49 2177 0 -1 0 287.168 33.523 -308.712 285.183 33.376 -310.697 289.152 33.571 -306.728 gen-metal-dark
1076 1 49 2178 0 -1 0 279.601 32.794 -311.776 277.616 32.676 -313.761 281.585 32.833 -309.792 gen-metal-dark
1077 1 49 2179 0 -1 0 271.616 31.794 -309.409 269.632 31.676 -311.393 273.600 31.833 -307.424 gen-metal-dark
1078 1 4 2417 0 -1 0 408.745 35.093 -211.396 408.320 34.230 -211.840 409.061 35.975 -211.100 jng-treebark-01-4x4
1079 1 4 2418 0 -1 0 408.995 31.006 -211.020 408.679 30.125 -211.317 409.421 31.870 -210.576 jng-treebark-01-4x4
1080 1 4 2419 0 -1 0 409.944 34.502 -212.217 409.316 33.745 -212.936 410.704 35.370 -211.622 jng-treebark-01-4x4
1081 1 4 2420 0 -1 0 410.135 31.587 -211.948 409.445 30.718 -212.591 410.947 32.346 -211.446 jng-treebark-01-4x4
1082 1 4 2421 0 -1 0 407.199 33.055 -209.969 406.291 32.667 -210.660 408.015 33.443 -209.154 jng-treebark-01-4x4
1083 1 4 2422 0 -1 0 407.594 34.496 -210.453 406.781 33.738 -210.958 408.285 35.364 -209.809 jng-treebark-01-4x4
1084 1 4 2423 0 -1 0 407.784 31.595 -210.202 407.024 30.727 -210.797 408.412 32.352 -209.482 jng-treebark-01-4x4
1085 1 4 2424 0 -1 0 410.522 33.035 -212.444 409.707 32.647 -213.259 411.431 33.424 -211.753 jng-treebark-01-4x4
1086 1 6 2426 0 -1 0 373.538 38.342 -154.926 370.476 36.325 -156.634 376.613 39.989 -153.024 jng-canopy-03
1087 1 6 2427 0 -1 0 366.925 44.105 -131.276 363.317 41.814 -133.781 370.455 45.660 -128.622 jng-canopy-03
1088 1 6 2429 0 -1 0 376.556 42.483 -161.045 373.455 39.741 -164.126 379.767 44.193 -157.923 jng-canopy-03
1089 1 6 2430 0 -1 0 386.294 39.553 -158.261 383.752 37.184 -160.825 388.736 41.031 -155.633 jng-canopy-03
1090 1 6 2431 0 -1 0 365.273 42.961 -167.516 362.371 40.308 -170.933 368.099 44.615 -164.223 jng-canopy-03
1091 1 6 2432 0 -1 0 375.184 43.104 -170.471 372.447 40.850 -172.530 377.936 44.510 -168.473 jng-canopy-03
1092 1 6 2433 0 -1 0 369.470 40.081 -166.129 366.508 37.672 -168.383 372.396 41.583 -163.885 jng-canopy-03
1093 1 6 2434 0 -1 0 380.928 41.502 -164.053 378.691 39.477 -166.375 383.268 42.778 -161.641 jng-canopy-03
1094 1 6 2435 0 -1 0 394.329 39.698 -164.878 392.202 37.210 -167.868 396.533 41.249 -161.913 jng-canopy-03
1095 1 6 2437 0 -1 0 394.712 43.883 -174.573 392.158 41.243 -178.340 397.413 45.530 -170.781 jng-canopy-03
1096 1 6 2438 0 -1 0 381.724 44.209 -175.252 378.672 41.427 -178.558 384.684 45.945 -171.989 jng-canopy-03
1097 1 6 2439 0 -1 0 380.700 54.503 -199.994 377.657 51.850 -203.096 383.877 56.157 -196.949 jng-canopy-03
1098 1 6 2447 0 -1 0 348.154 47.708 -167.670 345.479 44.911 -169.991 350.843 49.452 -165.352 jng-canopy-03
1099 1 6 2448 0 -1 0 355.553 50.016 -168.857 353.195 47.480 -171.326 357.989 51.598 -166.414 jng-canopy-03
1100 1 6 2449 0 -1 0 357.599 47.537 -160.684 355.058 45.325 -162.575 360.225 49.173 -158.648 jng-canopy-03
1101 1 6 2450 0 -1 0 330.048 39.085 -171.445 327.846 37.364 -173.536 332.300 40.220 -169.470 jng-canopy-03
1102 1 6 2451 0 -1 0 323.483 39.960 -166.907 321.600 38.171 -169.369 325.268 41.077 -164.496 jng-canopy-03
1103 1 6 2454 0 -1 0 348.855 44.561 -171.407 346.058 41.819 -175.079 351.551 46.272 -167.676 jng-canopy-03
1104 1 6 2455 0 -1 0 360.957 45.039 -176.170 358.240 42.387 -179.462 363.818 46.694 -172.858 jng-canopy-03
1105 1 6 2456 0 -1 0 330.224 53.824 -206.674 326.904 51.171 -209.597 333.556 55.478 -203.606 jng-canopy-03
1106 1 6 2457 0 -1 0 323.133 49.374 -198.137 319.988 47.090 -201.308 326.139 50.798 -194.923 jng-canopy-03
1107 1 6 2458 0 -1 0 332.138 48.953 -207.515 329.461 46.592 -211.089 334.882 50.426 -204.036 jng-canopy-03
1108 1 6 2462 0 -1 0 316.081 44.777 -155.014 312.974 42.235 -157.873 319.240 46.497 -151.989 jng-canopy-03
1109 1 6 2463 0 -1 0 314.667 44.217 -134.219 312.233 41.848 -137.232 317.155 45.694 -131.074 jng-canopy-03
1110 1 6 2474 0 -1 0 296.158 43.342 -169.967 293.613 40.691 -173.693 298.848 44.995 -166.214 jng-canopy-03
1111 1 6 2478 0 -1 0 289.501 47.694 -198.301 285.892 44.973 -201.133 293.206 49.391 -195.547 jng-canopy-03
1112 1 6 2480 0 -1 0 290.968 41.861 -192.668 288.237 39.987 -194.523 293.764 43.097 -190.691 jng-canopy-03
1113 1 6 2482 0 -1 0 303.911 44.212 -207.708 301.596 41.692 -210.447 306.219 45.824 -205.106 jng-canopy-03
1114 1 6 2483 0 -1 0 289.876 42.139 -199.575 288.167 40.190 -202.195 291.443 43.822 -196.935 jng-canopy-03
1115 1 6 2484 0 -1 0 291.522 42.806 -201.348 289.414 40.857 -203.821 293.739 44.021 -198.925 jng-canopy-03
1116 1 6 2487 0 -1 0 297.425 42.811 -197.648 295.106 40.428 -200.226 299.598 44.298 -195.043 jng-canopy-03
1117 1 6 2490 0 -1 0 468.104 38.206 -306.810 465.474 36.332 -308.712 470.729 39.375 -305.000 jng-canopy-03
1118 1 6 2492 0 -1 0 463.718 44.426 -300.519 460.540 41.541 -303.855 466.873 46.226 -297.205 jng-canopy-03
1119 1 6 2494 0 -1 0 466.235 42.160 -309.381 462.627 39.438 -312.213 469.940 43.857 -306.627 jng-canopy-03
1120 1 6 2497 0 -1 0 474.360 43.371 -314.887 471.552 40.495 -318.595 477.175 45.165 -311.222 jng-canopy-03
1121 1 6 2498 0 -1 0 458.376 36.933 -320.096 456.224 35.267 -322.003 460.576 38.139 -318.068 jng-canopy-03
1122 1 6 2499 0 -1 0 450.886 34.906 -318.514 448.987 33.459 -320.622 452.676 36.399 -316.280 jng-canopy-03
1123 1 6 2505 0 -1 0 471.228 41.630 -324.448 468.062 38.881 -327.607 474.484 43.344 -321.218 jng-canopy-03
1124 1 6 2506 0 -1 0 446.231 35.769 -328.432 444.158 34.016 -330.890 448.144 37.355 -325.954 jng-canopy-03
1125 1 6 2507 0 -1 0 457.003 36.779 -326.988 454.964 34.826 -329.335 459.070 37.996 -324.569 jng-canopy-03
1126 1 6 2509 0 -1 0 408.867 50.633 -353.786 406.370 48.573 -355.560 411.398 51.918 -352.116 jng-canopy-03
1127 1 6 2510 0 -1 0 403.745 49.156 -349.142 401.072 46.833 -351.137 406.413 50.604 -347.207 jng-canopy-03
1128 1 6 2513 0 -1 0 407.136 52.529 -360.269 403.806 49.987 -362.880 410.484 54.114 -357.484 jng-canopy-03
1129 1 6 2519 0 -1 0 421.976 53.751 -355.829 418.644 51.184 -359.357 425.187 55.578 -352.184 jng-canopy-03
1130 1 6 2520 0 -1 0 388.574 47.049 -342.417 384.998 44.833 -345.179 392.252 48.431 -339.758 jng-canopy-03
1131 1 6 2522 0 -1 0 397.733 47.049 -342.404 394.086 44.833 -345.050 401.274 48.431 -339.658 jng-canopy-03
1132 1 6 2523 0 -1 0 361.383 49.897 -352.220 359.194 48.023 -354.719 363.438 51.133 -349.752 jng-canopy-03
1133 1 6 2524 0 -1 0 367.522 50.841 -346.041 364.713 48.892 -347.894 370.296 52.057 -344.072 jng-canopy-03
1134 1 6 2525 0 -1 0 373.079 49.435 -351.289 370.137 47.238 -353.423 376.027 50.806 -349.089 jng-canopy-03
1135 1 6 2526 0 -1 0 369.358 49.023 -346.624 366.604 47.149 -348.447 372.156 50.259 -344.670 jng-canopy-03
1136 1 6 2527 0 -1 0 391.726 56.443 -362.222 388.595 53.677 -365.443 394.964 58.168 -359.010 jng-canopy-03
1137 1 6 2529 0 -1 0 381.930 56.444 -357.587 378.628 53.639 -360.747 385.163 58.194 -354.370 jng-canopy-03
1138 1 6 2530 0 -1 0 387.450 56.439 -354.348 383.653 53.542 -357.223 391.247 58.246 -351.473 jng-canopy-03
1139 1 6 2531 0 -1 0 401.793 46.644 -354.771 398.519 44.353 -357.978 405.087 48.073 -351.680 jng-canopy-03
1140 1 6 2534 0 -1 0 363.989 48.562 -357.042 361.531 46.364 -359.638 366.500 49.932 -354.488 jng-canopy-03
1141 1 6 2535 0 -1 0 368.162 49.353 -362.293 365.113 47.271 -364.461 371.155 50.769 -360.265 jng-canopy-03
1142 1 6 2536 0 -1 0 367.170 57.182 -355.998 363.868 54.376 -359.158 370.402 58.931 -352.781 jng-canopy-03
1143 1 6 2537 0 -1 0 371.386 49.968 -355.077 369.480 48.019 -357.750 373.408 51.183 -352.435 jng-canopy-03
1144 1 6 2539 0 -1 0 299.606 39.183 -340.702 295.966 35.669 -343.741 303.215 41.375 -337.560 jng-canopy-03
1145 1 6 2540 0 -1 0 306.188 41.403 -352.365 302.737 37.964 -355.598 309.776 43.549 -349.097 jng-canopy-03
1146 1 6 2542 0 -1 0 299.570 37.530 -351.208 295.916 34.347 -353.939 303.235 39.516 -348.262 jng-canopy-03
1147 1 6 2549 0 -1 0 335.741 34.084 -361.499 332.469 30.665 -364.554 339.072 36.217 -358.307 jng-canopy-03
1148 1 6 2550 0 -1 0 340.661 31.411 -359.669 338.621 29.257 -362.377 342.730 32.754 -356.943 jng-canopy-03
1149 1 6 2552 0 -1 0 250.506 61.924 -251.409 247.349 59.271 -254.415 253.707 63.578 -248.264 jng-canopy-03
1150 1 6 2554 0 -1 0 245.556 59.825 -251.047 243.712 57.876 -253.803 247.515 61.041 -248.252 jng-canopy-03
1151 1 6 2560 0 -1 0 236.448 66.830 -271.010 232.954 64.033 -273.761 240.010 68.574 -268.193 jng-canopy-03
1152 1 6 2563 0 -1 0 240.842 60.063 -277.629 237.262 57.247 -280.301 244.444 61.820 -274.875 jng-canopy-03
1153 1 6 2564 0 -1 0 253.182 56.936 -303.190 250.280 54.243 -306.351 256.092 58.616 -299.896 jng-canopy-03
1154 1 6 2567 0 -1 0 258.704 53.027 -311.747 255.923 50.374 -315.063 261.630 54.681 -308.420 jng-canopy-03
1155 1 6 2568 0 -1 0 246.868 52.549 -306.358 244.054 49.807 -310.043 249.585 54.260 -302.608 jng-canopy-03
1156 1 6 2573 0 -1 0 290.935 47.433 -322.209 288.596 45.240 -324.875 293.366 48.801 -319.550 jng-canopy-03
1157 1 6 2574 0 -1 0 266.249 48.715 -314.214 263.671 46.462 -316.929 269.040 51.236 -311.416 jng-canopy-03
1158 1 6 2575 0 -1 0 284.550 47.843 -328.928 282.358 46.078 -331.098 286.671 48.944 -326.841 jng-canopy-03
1159 1 6 2576 0 -1 0 286.221 59.042 -330.657 282.427 56.198 -333.443 290.013 60.815 -327.802 jng-canopy-03
1160 1 6 2578 0 -1 0 280.580 47.816 -323.085 278.363 45.693 -326.066 282.700 49.139 -320.170 jng-canopy-03
1161 1 8 2579 0 -1 0 414.324 41.651 -205.332 409.315 40.928 -210.888 419.377 42.319 -199.815 jng-treebark-01-end
1162 1 8 2580 0 -1 0 410.071 41.820 -201.813 405.544 41.292 -206.823 414.639 42.309 -196.838 jng-treebark-01-end
1163 1 8 2581 0 -1 0 412.125 41.651 -203.570 407.006 40.928 -209.275 417.286 42.319 -197.901 jng-treebark-01-end
1164 1 8 2582 0 -1 0 443.724 42.018 -230.168 438.914 41.698 -235.632 448.556 42.314 -224.723 jng-treebark-01-end
1165 1 8 2583 0 -1 0 437.657 41.651 -224.489 432.417 40.928 -230.341 442.937 42.319 -218.671 jng-treebark-01-end
1166 1 8 2584 0 -1 0 442.515 41.651 -229.003 437.301 40.928 -234.894 447.760 42.319 -223.136 jng-treebark-01-end
1167 1 8 2585 0 -1 0 438.976 41.881 -226.061 433.921 41.417 -231.810 444.053 42.310 -220.332 jng-treebark-01-end
1168 1 8 2586 0 -1 0 436.074 41.651 -223.017 430.783 40.928 -228.977 441.398 42.319 -217.085 jng-treebark-01-end
1169 1 8 2587 0 -1 0 445.349 41.651 -231.625 439.777 40.928 -237.836 450.965 42.319 -225.452 jng-treebark-01-end
1170 1 8 2588 0 -1 0 447.299 41.835 -233.302 442.833 41.323 -238.289 451.800 42.309 -228.345 jng-treebark-01-end
1171 1 8 2589 0 -1 0 437.753 41.651 -230.841 435.113 40.928 -233.639 440.438 42.319 -228.082 jng-treebark-01-end
1172 1 8 2590 0 -1 0 443.616 41.651 -224.014 440.975 40.928 -226.812 446.301 42.319 -221.255 jng-treebark-01-end
1173 1 64 2736 0 -1 0 408.601 33.008 -211.564 407.530 31.789 -212.424 409.485 34.181 -210.840 jng-hut-wood-01
1174 1 64 2737 0 -1 0 408.343 32.951 -211.894 407.679 32.346 -212.524 408.836 33.479 -211.422 jng-hut-wood-01
1175 1 11 1922 0 -1 0 348.696 19.265 -143.062 347.752 18.046 -143.740 349.472 20.562 -142.360 jng-treebark-03
1176 1 11 1924 0 -1 0 347.540 18.265 -148.708 346.703 17.046 -149.557 348.229 19.562 -147.980 jng-treebark-03
1177 1 11 1926 0 -1 0 351.940 18.265 -145.862 351.081 17.046 -146.547 352.658 19.562 -145.026 jng-treebark-03
1178 1 11 1928 0 -1 0 324.208 16.265 -135.828 323.460 15.046 -136.644 325.118 17.562 -135.110 jng-treebark-03
1179 1 11 1930 0 -1 0 317.009 16.265 -130.536 316.293 15.046 -131.390 317.880 17.562 -129.816 jng-treebark-03
1180 1 11 1932 0 -1 0 335.500 17.265 -140.560 334.724 16.046 -141.264 336.443 18.562 -139.867 jng-treebark-03
1181 1 11 1934 0 -1 0 326.094 17.265 -138.193 325.376 16.046 -138.941 326.911 18.562 -137.283 jng-treebark-03
1182 1 11 1936 0 -1 0 353.003 17.265 -165.466 352.140 16.046 -166.330 353.709 18.562 -164.761 jng-treebark-03
1183 1 11 1938 0 -1 0 315.094 17.265 -194.231 314.385 16.046 -194.936 315.963 18.562 -193.367 jng-treebark-03
1184 1 11 1940 0 -1 0 324.213 18.265 -194.385 323.453 17.046 -195.177 325.137 19.562 -193.673 jng-treebark-03
1185 1 11 1942 0 -1 0 305.074 18.265 -189.503 304.359 17.046 -190.207 305.951 19.562 -188.641 jng-treebark-03
1186 1 8 2417 0 -1 0 408.690 35.932 -211.470 408.320 35.890 -211.840 409.061 35.975 -211.100 jng-treebark-01-end
1187 1 8 2418 0 -1 0 409.050 30.167 -210.946 408.679 30.125 -211.317 409.421 30.210 -210.576 jng-treebark-01-end
1188 1 8 2419 0 -1 0 410.383 35.095 -212.625 410.063 34.821 -212.936 410.704 35.370 -212.314 jng-treebark-01-end
1189 1 8 2420 0 -1 0 410.650 30.991 -212.250 410.353 30.718 -212.591 410.947 31.264 -211.910 jng-treebark-01-end
1190 1 8 2421 0 -1 0 406.522 33.055 -209.465 406.291 32.667 -209.776 406.755 33.443 -209.154 jng-treebark-01-end
1191 1 8 2422 0 -1 0 407.077 35.089 -210.149 406.781 34.815 -210.489 407.373 35.364 -209.809 jng-treebark-01-end
1192 1 8 2423 0 -1 0 407.345 31.002 -209.793 407.024 30.727 -210.105 407.665 31.276 -209.482 jng-treebark-01-end
1193 1 8 2424 0 -1 0 411.199 33.035 -212.948 410.967 32.647 -213.259 411.431 33.424 -212.636 jng-treebark-01-end
1194 1 62 2611 0 -1 0 416.731 38.321 -207.392 415.358 37.517 -208.999 418.068 39.171 -205.674 jng-lamp
1195 1 62 2612 0 -1 0 418.131 38.104 -199.219 416.939 37.544 -200.210 419.265 38.704 -198.239 jng-lamp
1196 1 62 2613 0 -1 0 409.471 38.712 -210.114 408.315 38.152 -211.062 410.693 39.312 -209.161 jng-lamp
1197 1 62 2614 0 -1 0 443.423 37.558 -220.611 442.175 37.051 -221.517 444.660 38.136 -219.612 jng-lamp
1198 1 62 2615 0 -1 0 434.918 34.832 -230.831 433.904 34.230 -231.862 436.006 35.411 -229.722 jng-lamp
1199 1 62 2616 0 -1 0 432.389 29.847 -222.318 431.683 29.512 -222.702 433.141 30.181 -221.884 jng-lamp
1200 1 65 2736 0 -1 0 408.462 32.971 -211.750 407.530 31.789 -212.424 409.460 34.181 -210.987 jng-hut-wood-01endcap
1201 1 65 2737 0 -1 0 408.093 32.905 -212.245 407.679 32.346 -212.524 408.606 33.479 -211.833 jng-hut-wood-01endcap
1202 1 27 2826 0 -1 0 361.874 36.988 -286.469 355.863 35.527 -289.062 367.644 38.449 -283.515 jng-precursor-metal-floor
1203 1 29 2847 0 -1 0 368.375 82.402 -229.083 367.117 80.660 -229.806 369.534 83.972 -228.562 jng-light-blue
1204 1 29 2848 0 -1 0 357.866 82.402 -228.303 356.618 80.660 -228.848 359.191 83.972 -227.972 jng-light-blue
1205 1 29 2849 0 -1 0 366.065 82.402 -253.949 364.728 80.660 -254.229 367.333 83.972 -253.452 jng-light-blue
1206 1 29 2850 0 -1 0 374.141 82.402 -247.300 373.409 80.660 -248.453 374.670 83.972 -246.045 jng-light-blue
1207 1 29 2851 0 -1 0 375.054 82.402 -237.024 374.541 80.660 -238.357 375.352 83.972 -235.763 jng-light-blue
1208 1 29 2852 0 -1 0 350.043 82.402 -235.280 349.564 80.660 -236.555 350.728 83.972 -234.099 jng-light-blue
1209 1 72 2867 0 -1 0 370.260 43.023 -204.512 369.812 42.834 -205.093 370.702 43.240 -203.890 cmn-precursor-metal-plain-01
1210 1 4 1528 0 -1 0 311.106 23.294 -137.059 308.998 20.085 -139.678 313.167 26.319 -134.181 jng-treebark-01-4x4
1211 1 4 1529 0 -1 0 349.284 24.294 -170.269 346.899 21.085 -172.173 351.803 27.319 -168.439 jng-treebark-01-4x4
1212 1 4 1530 0 -1 0 357.150 22.294 -173.070 354.399 19.085 -175.345 359.646 25.319 -171.110 jng-treebark-01-4x4
1213 1 4 1531 0 -1 0 324.382 20.294 -184.642 322.457 17.085 -187.077 326.569 23.319 -182.542 jng-treebark-01-4x4
1214 1 4 1532 0 -1 0 321.501 23.294 -191.209 319.085 20.085 -193.102 324.187 26.319 -188.935 jng-treebark-01-4x4
1215 1 4 1533 0 -1 0 305.028 22.294 -140.915 302.438 19.085 -142.771 307.485 25.319 -138.958 jng-treebark-01-4x4
1216 1 4 1534 0 -1 0 302.046 23.294 -182.845 299.664 20.085 -184.710 304.709 26.319 -180.577 jng-treebark-01-4x4
1217 1 4 1535 0 -1 0 297.951 22.294 -186.815 295.361 19.085 -188.672 300.408 25.319 -184.859 jng-treebark-01-4x4
1218 1 4 1536 0 -1 0 299.305 25.024 -192.208 296.760 21.603 -194.556 301.552 28.357 -190.335 jng-treebark-01-4x4
1219 1 4 1537 0 -1 0 244.579 38.294 -252.614 242.639 35.085 -255.339 246.856 41.319 -250.142 jng-treebark-01-4x4
1220 1 0 1324 0 -1 0 401.569 21.570 -177.756 395.872 18.032 -179.825 405.835 26.024 -176.107 jng-rockwall-01
1221 1 0 1330 0 -1 0 359.286 21.089 -191.338 353.542 17.541 -193.281 363.506 25.620 -189.806 jng-rockwall-01
1222 1 0 1348 0 -1 0 326.076 21.084 -194.492 323.322 17.533 -198.926 329.678 25.497 -192.557 jng-rockwall-01
1223 1 0 1357 0 -1 0 269.875 16.312 -187.681 265.483 13.803 -189.755 273.075 19.309 -186.848 jng-rockwall-01
1224 1 0 1369 0 -1 0 315.251 20.959 -209.608 311.589 17.409 -215.971 319.357 25.279 -206.853 jng-rockwall-01
1225 1 0 1372 0 -1 0 256.814 29.600 -287.745 255.457 26.292 -292.178 257.626 33.800 -282.195 jng-rockwall-01
1226 1 0 1378 0 -1 0 214.847 31.973 -261.034 210.279 29.083 -262.516 217.940 35.682 -259.886 jng-rockwall-01
1227 1 0 1390 0 -1 0 418.407 20.210 -347.601 417.134 17.428 -350.999 419.128 23.753 -343.333 jng-rockwall-01
1228 1 0 1231 0 -1 0 341.487 16.924 -129.498 338.829 13.787 -133.829 344.203 19.834 -127.422 jng-rockwall-01
1229 1 0 1233 0 -1 0 459.006 26.628 -227.612 453.260 22.909 -232.105 462.243 29.252 -224.666 jng-rockwall-01
1230 1 0 1235 0 -1 0 471.716 26.364 -242.754 465.668 22.927 -247.002 474.933 29.026 -239.737 jng-rockwall-01
1231 1 0 1237 0 -1 0 439.606 14.128 -289.100 437.425 11.318 -293.075 443.660 16.553 -285.678 jng-rockwall-01
1232 1 0 1239 0 -1 0 398.898 17.778 -249.230 396.257 14.771 -251.585 400.611 20.180 -245.573 jng-rockwall-01
1233 1 0 1241 0 -1 0 291.581 16.740 -211.068 289.389 12.427 -212.679 295.142 19.497 -208.422 jng-rockwall-01
1234 1 0 1243 0 -1 0 310.076 23.761 -260.434 304.907 20.720 -264.373 312.886 26.276 -257.372 jng-rockwall-01
1235 1 0 1245 0 -1 0 243.320 32.721 -246.136 239.371 29.391 -249.701 246.292 35.654 -244.032 jng-rockwall-01
1236 1 0 1247 0 -1 0 221.469 33.145 -258.649 218.658 30.319 -263.589 225.504 35.709 -255.842 jng-rockwall-01
1237 1 0 1249 0 -1 0 426.456 14.010 -318.571 424.436 11.095 -322.819 429.983 16.538 -315.831 jng-rockwall-01
1238 1 0 1251 0 -1 0 413.710 19.820 -322.063 411.183 16.220 -326.968 416.718 22.733 -319.652 jng-rockwall-01
1239 1 0 1253 0 -1 0 427.843 18.895 -323.413 423.045 15.704 -327.186 430.463 21.344 -320.430 jng-rockwall-01
1240 1 0 1255 0 -1 0 389.128 23.952 -325.245 386.780 20.805 -329.773 392.363 26.431 -322.874 jng-rockwall-01
1241 1 0 1256 0 -1 0 394.453 23.144 -321.753 391.896 21.189 -324.302 397.450 25.696 -320.466 jng-rockwall-01
1242 1 0 1257 0 -1 0 310.167 23.248 -287.866 305.321 20.140 -291.373 312.856 25.995 -282.372 jng-rockwall-01
1243 1 0 1259 0 -1 0 299.408 23.237 -321.267 295.225 20.277 -324.106 301.652 26.015 -317.952 jng-rockwall-01
1244 1 28 1528 0 -1 0 310.946 24.279 -137.076 308.986 22.116 -138.917 312.825 26.319 -134.965 jng-treebark-02
1245 1 28 1529 0 -1 0 349.192 25.279 -170.137 347.519 23.116 -171.965 350.830 27.319 -168.265 jng-treebark-02
1246 1 28 1530 0 -1 0 357.112 23.279 -173.226 354.924 21.116 -175.345 359.024 25.319 -171.327 jng-treebark-02
1247 1 28 1531 0 -1 0 324.516 21.279 -184.730 322.618 19.116 -186.740 326.557 23.319 -182.897 jng-treebark-02
1248 1 28 1532 0 -1 0 321.553 24.279 -191.057 319.661 22.116 -192.977 323.718 26.319 -188.935 jng-treebark-02
1249 1 28 1533 0 -1 0 305.111 23.279 -141.053 303.438 21.116 -142.927 306.688 25.319 -139.224 jng-treebark-02
1250 1 28 1534 0 -1 0 302.104 24.279 -182.695 300.222 22.116 -184.619 304.255 26.319 -180.577 jng-treebark-02
1251 1 28 1535 0 -1 0 298.034 23.279 -186.954 296.361 21.116 -188.828 299.611 25.319 -185.125 jng-treebark-02
1252 1 28 1536 0 -1 0 299.225 26.088 -192.389 297.128 23.734 -194.556 301.071 28.357 -190.549 jng-treebark-02
1253 1 28 1537 0 -1 0 244.734 39.279 -252.657 242.826 37.116 -254.839 246.856 41.319 -250.750 jng-treebark-02
1254 1 44 2657 0 -1 0 447.097 42.024 -226.261 446.242 41.622 -226.657 447.958 42.384 -225.870 jng-rope-01
1255 1 44 2667 0 -1 0 435.330 41.889 -230.330 434.450 41.307 -230.718 436.207 42.411 -229.934 jng-rope-01
1256 1 44 2669 0 -1 0 442.541 41.889 -221.932 441.666 41.307 -222.326 443.423 42.411 -221.543 jng-rope-01
1257 1 28 1516 0 -1 0 362.562 21.314 -168.298 360.182 18.976 -170.967 364.062 23.195 -165.571 jng-treebark-02
1258 1 28 1517 0 -1 0 359.230 20.602 -162.526 357.508 18.263 -164.968 362.182 22.482 -159.768 jng-treebark-02
1259 1 28 1518 0 -1 0 325.438 20.602 -175.138 322.990 18.263 -178.187 328.082 22.482 -173.289 jng-treebark-02
1260 1 28 1519 0 -1 0 333.885 19.602 -173.214 331.007 17.263 -176.002 335.571 21.482 -170.798 jng-treebark-02
1261 1 28 1520 0 -1 0 327.499 29.780 -202.768 324.650 27.442 -205.386 329.920 31.660 -200.960 jng-treebark-02
1262 1 28 1521 0 -1 0 298.375 20.602 -134.802 295.578 18.263 -136.466 300.772 22.482 -131.968 jng-treebark-02
1263 1 28 1522 0 -1 0 304.313 21.602 -134.669 301.634 19.263 -137.046 307.040 23.482 -133.249 jng-treebark-02
1264 1 28 1523 0 -1 0 291.488 21.602 -185.689 289.035 19.263 -188.700 294.197 23.482 -183.924 jng-treebark-02
1265 1 28 1524 0 -1 0 282.762 19.602 -175.883 279.967 17.263 -178.455 285.253 21.482 -174.142 jng-treebark-02
1266 1 28 1525 0 -1 0 273.802 20.602 -175.386 272.139 18.263 -177.782 276.634 22.482 -172.589 jng-treebark-02
1267 1 28 1526 0 -1 0 277.512 19.602 -167.360 274.480 17.263 -170.076 279.557 21.482 -165.046 jng-treebark-02
1268 1 28 1527 0 -1 0 242.630 36.602 -258.866 239.719 34.263 -261.536 244.942 38.482 -256.975 jng-treebark-02
1269 1 229 2764 0 -1 0 368.421 36.946 -228.998 363.036 20.510 -232.610 372.677 50.494 -226.149 pal-environment-front
1270 1 229 2765 0 -1 0 374.227 36.946 -247.356 370.586 20.510 -251.588 377.090 50.494 -241.981 pal-environment-front
1271 1 229 2766 0 -1 0 366.086 36.946 -254.042 360.555 20.510 -256.457 370.922 50.494 -251.266 pal-environment-front
1272 1 229 2767 0 -1 0 375.157 36.946 -237.012 372.318 20.510 -242.538 377.605 50.494 -232.211 pal-environment-front
1273 1 0 873 0 -1 0 482.897 40.119 -336.531 480.901 33.102 -339.146 485.279 47.249 -333.508 jng-rockwall-01
1274 1 0 718 0 -1 0 491.303 42.545 -317.590 487.607 31.891 -322.402 496.430 51.521 -313.610 jng-rockwall-01
1275 1 229 2744 0 -1 0 362.210 63.140 -206.125 354.741 56.869 -213.594 369.678 69.431 -198.656 pal-environment-front
1276 1 229 2745 0 -1 0 362.210 75.013 -206.125 354.741 68.742 -213.594 369.678 81.304 -198.656 pal-environment-front
1277 1 229 2746 0 -1 0 362.210 51.061 -206.125 354.741 44.790 -213.594 369.678 57.353 -198.656 pal-environment-front
1278 1 229 2747 0 -1 0 397.015 50.033 -241.077 389.546 43.763 -248.545 404.484 56.325 -233.608 pal-environment-front
1279 1 229 2748 0 -1 0 397.015 61.906 -241.077 389.546 55.635 -248.545 404.484 68.198 -233.608 pal-environment-front
1280 1 229 2749 0 -1 0 362.208 94.249 -241.066 354.740 87.379 -248.534 369.677 101.141 -233.597 pal-environment-front
1281 1 229 2750 0 -1 0 327.399 72.278 -241.066 319.931 66.007 -248.534 334.868 78.570 -233.597 pal-environment-front
1282 1 229 2751 0 -1 0 327.399 84.151 -241.066 319.931 77.880 -248.534 334.868 90.443 -233.597 pal-environment-front
1283 1 229 2752 0 -1 0 327.399 48.382 -241.066 319.931 42.111 -248.534 334.868 54.673 -233.597 pal-environment-front
1284 1 229 2753 0 -1 0 327.399 60.297 -241.066 319.931 54.026 -248.534 334.868 66.589 -233.597 pal-environment-front
1285 1 229 2754 0 -1 0 362.210 92.313 -275.876 354.741 86.042 -283.345 369.678 98.605 -268.407 pal-environment-front
1286 1 229 2755 0 -1 0 362.210 56.587 -275.876 354.741 50.316 -283.345 369.678 62.879 -268.407 pal-environment-front
1287 1 229 2756 0 -1 0 362.210 68.502 -275.876 354.741 62.231 -283.345 369.678 74.794 -268.407 pal-environment-front
1288 1 229 2757 0 -1 0 362.210 80.440 -275.876 354.741 74.169 -283.345 369.678 86.732 -268.407 pal-environment-front
1289 1 229 2826 0 -1 0 361.342 30.602 -287.354 355.863 16.527 -289.062 367.644 38.449 -283.515 pal-environment-front
1290 1 2 1549 0 -1 0 309.838 18.993 -148.211 308.933 18.219 -149.355 310.673 19.697 -147.054 jng-smallrocks01
1291 1 2 1550 0 -1 0 309.823 18.913 -146.288 308.797 17.910 -147.469 310.775 19.819 -145.094 jng-smallrocks01
1292 1 2 1551 0 -1 0 309.962 19.555 -144.522 309.172 18.960 -145.508 310.800 20.171 -143.490 jng-smallrocks01
1293 1 2 1552 0 -1 0 309.770 18.739 -154.766 309.028 18.111 -156.281 310.475 19.387 -153.269 jng-smallrocks01
1294 1 2 1553 0 -1 0 309.903 18.896 -152.835 309.160 18.193 -153.495 310.603 19.596 -152.166 jng-smallrocks01
1295 1 2 1554 0 -1 0 309.954 19.384 -154.191 309.211 18.970 -155.056 310.645 19.810 -153.341 jng-smallrocks01
1296 1 2 1555 0 -1 0 309.927 19.566 -155.598 309.185 19.081 -156.346 310.625 20.064 -154.863 jng-smallrocks01
1297 1 2 1556 0 -1 0 310.010 19.322 -156.828 309.130 18.295 -157.800 310.931 20.358 -155.879 jng-smallrocks01
1298 1 2 1557 0 -1 0 309.865 19.539 -158.300 308.935 18.411 -159.365 310.763 20.708 -157.318 jng-smallrocks01
1299 1 2 1558 0 -1 0 310.063 18.782 -151.543 309.298 17.975 -152.325 310.837 19.500 -150.687 jng-smallrocks01
1300 1 2 1559 0 -1 0 309.981 18.667 -150.032 308.974 17.779 -150.872 310.998 19.468 -149.127 jng-smallrocks01
1301 1 2 1560 0 -1 0 306.176 19.761 -142.365 305.292 19.149 -143.300 307.089 20.394 -141.412 jng-smallrocks01
1302 1 2 1561 0 -1 0 303.142 19.387 -142.722 302.126 18.287 -143.697 304.077 20.495 -141.684 jng-smallrocks01
1303 1 2 1562 0 -1 0 302.940 19.097 -145.503 302.096 18.257 -146.355 303.722 19.930 -144.598 jng-smallrocks01
1304 1 2 1563 0 -1 0 306.178 18.991 -142.375 305.142 18.368 -143.410 307.255 19.640 -141.319 jng-smallrocks01
1305 1 2 1564 0 -1 0 309.656 19.653 -142.705 308.588 18.903 -143.763 310.806 20.423 -141.587 jng-smallrocks01
1306 1 2 1565 0 -1 0 307.910 19.288 -142.315 306.778 18.227 -143.372 309.050 20.363 -141.232 jng-smallrocks01
1307 1 2 1566 0 -1 0 304.697 19.294 -142.663 303.776 18.222 -143.648 305.609 20.404 -141.660 jng-smallrocks01
1308 1 2 1567 0 -1 0 302.949 19.089 -144.103 302.186 18.002 -145.010 303.655 20.186 -143.153 jng-smallrocks01
1309 1 2 1568 0 -1 0 302.935 18.889 -147.257 302.114 18.015 -148.514 303.765 19.693 -145.984 jng-smallrocks01
1310 1 2 1569 0 -1 0 303.193 18.804 -149.129 302.375 18.137 -150.030 304.005 19.435 -148.221 jng-smallrocks01
1311 1 2 1570 0 -1 0 309.564 18.675 -143.743 308.426 18.190 -145.640 310.779 19.199 -141.849 jng-smallrocks01
1312 1 2 1571 0 -1 0 302.788 19.270 -154.317 301.751 17.829 -155.618 303.775 20.602 -153.071 jng-smallrocks01
1313 1 2 1572 0 -1 0 305.587 20.108 -156.135 304.293 19.564 -157.356 306.797 20.653 -154.998 jng-smallrocks01
1314 1 2 1573 0 -1 0 302.784 19.633 -155.633 301.792 18.391 -156.778 303.708 20.886 -154.577 jng-smallrocks01
1315 1 2 1574 0 -1 0 304.033 19.554 -155.766 302.924 18.256 -156.748 305.089 20.753 -154.843 jng-smallrocks01
1316 1 2 1575 0 -1 0 305.543 19.147 -156.211 303.884 18.231 -157.635 307.089 20.066 -154.882 jng-smallrocks01
1317 1 2 1576 0 -1 0 303.179 18.873 -150.812 302.213 18.094 -151.941 304.134 19.671 -149.704 jng-smallrocks01
1318 1 2 1577 0 -1 0 302.792 18.919 -152.569 301.791 17.660 -153.718 303.742 20.079 -151.490 jng-smallrocks01
1319 1 2 1578 0 -1 0 307.091 19.401 -157.050 305.794 18.155 -158.325 308.301 20.653 -155.868 jng-smallrocks01
1320 1 2 1579 0 -1 0 308.615 19.444 -157.720 307.539 18.199 -158.924 309.625 20.701 -156.606 jng-smallrocks01
1321 1 2 1580 0 -1 0 394.149 26.209 -346.339 392.829 25.349 -347.406 395.554 27.006 -345.271 jng-smallrocks01
1322 1 2 1581 0 -1 0 396.162 26.105 -346.221 395.064 25.430 -347.172 397.246 26.727 -345.318 jng-smallrocks01
1323 1 2 1582 0 -1 0 395.145 25.824 -336.918 394.249 25.059 -337.861 395.976 26.526 -335.966 jng-smallrocks01
1324 1 2 1583 0 -1 0 393.359 25.969 -336.361 391.926 25.125 -337.303 394.694 26.748 -335.409 jng-smallrocks01
1325 1 2 1584 0 -1 0 394.646 24.841 -336.300 393.184 23.799 -337.305 396.028 25.800 -335.286 jng-smallrocks01
1326 1 2 1585 0 -1 0 398.634 24.484 -340.685 397.600 23.780 -341.629 399.619 25.140 -339.737 jng-smallrocks01
1327 1 2 1586 0 -1 0 398.356 24.743 -339.198 397.448 23.891 -340.212 399.278 25.504 -338.153 jng-smallrocks01
1328 1 2 1587 0 -1 0 398.362 25.000 -337.531 397.472 23.756 -338.820 399.206 26.133 -336.231 jng-smallrocks01
1329 1 2 1588 0 -1 0 396.781 25.278 -336.818 395.474 23.990 -337.973 398.004 26.460 -335.655 jng-smallrocks01
1330 1 2 1589 0 -1 0 393.624 24.876 -346.159 392.516 23.763 -347.144 394.746 25.864 -345.171 jng-smallrocks01
1331 1 2 1590 0 -1 0 395.689 24.949 -346.149 394.401 23.968 -347.163 397.049 25.840 -345.124 jng-smallrocks01
1332 1 2 1591 0 -1 0 392.243 24.976 -343.850 391.450 23.919 -344.879 393.034 25.965 -342.811 jng-smallrocks01
1333 1 2 1592 0 -1 0 397.780 25.566 -345.823 396.802 24.614 -346.840 398.761 26.438 -344.807 jng-smallrocks01
1334 1 2 1593 0 -1 0 399.469 25.116 -345.589 398.301 23.801 -346.854 400.670 26.365 -344.302 jng-smallrocks01
1335 1 2 1594 0 -1 0 397.805 24.627 -345.763 396.287 23.826 -346.867 399.404 25.343 -344.654 jng-smallrocks01
1336 1 2 1595 0 -1 0 399.215 24.821 -343.957 398.027 23.870 -345.112 400.435 25.754 -342.798 jng-smallrocks01
1337 1 2 1596 0 -1 0 399.059 24.460 -342.367 398.125 23.581 -343.558 400.024 25.329 -341.172 jng-smallrocks01
1338 1 2 1597 0 -1 0 391.276 25.470 -336.738 390.248 23.932 -338.145 392.313 26.882 -335.319 jng-smallrocks01
1339 1 2 1598 0 -1 0 391.427 25.009 -338.646 390.613 23.701 -339.870 392.250 26.210 -337.412 jng-smallrocks01
1340 1 2 1599 0 -1 0 391.740 24.839 -340.466 390.941 23.825 -341.553 392.540 25.770 -339.366 jng-smallrocks01
1341 1 2 1600 0 -1 0 392.412 24.930 -336.515 390.951 23.987 -337.488 393.784 25.799 -335.532 jng-smallrocks01
1342 1 2 1601 0 -1 0 392.257 25.523 -345.439 391.293 24.352 -346.527 393.210 26.609 -344.341 jng-smallrocks01
1343 1 2 1602 0 -1 0 392.225 26.216 -346.912 391.228 25.012 -348.001 393.210 27.331 -345.812 jng-smallrocks01
1344 1 2 1603 0 -1 0 391.736 24.811 -342.236 390.685 23.868 -343.189 392.774 25.677 -341.321 jng-smallrocks01
1345 1 0 1327 0 -1 0 379.312 21.372 -180.606 373.680 17.856 -185.330 383.117 25.766 -178.561 jng-rockwall-01
1346 1 0 1387 0 -1 0 416.083 22.679 -333.646 414.753 20.986 -337.067 416.780 24.828 -329.389 jng-rockwall-01
1347 1 16 2827 0 -1 0 367.092 79.429 -201.238 362.679 70.977 -205.651 369.705 83.008 -198.625 cmn-precursor-plainstripe-hitweak
1348 1 16 2828 0 -1 0 362.193 105.206 -233.707 359.064 99.410 -234.714 365.322 107.661 -232.345 cmn-precursor-plainstripe-hitweak
1349 1 16 2829 0 -1 0 367.084 79.429 -210.990 362.671 70.977 -213.603 369.697 83.008 -206.577 cmn-precursor-plainstripe-hitweak
1350 1 16 2830 0 -1 0 357.340 79.429 -201.230 354.727 70.977 -205.643 361.753 83.008 -198.617 cmn-precursor-plainstripe-hitweak
1351 1 16 2831 0 -1 0 357.332 79.429 -210.982 354.719 70.977 -213.595 361.745 83.008 -206.568 cmn-precursor-plainstripe-hitweak
1352 1 16 2832 0 -1 0 401.897 66.323 -236.190 397.484 57.870 -240.603 404.510 69.902 -233.577 cmn-precursor-plainstripe-hitweak
1353 1 16 2833 0 -1 0 401.889 66.323 -245.942 397.476 57.870 -248.554 404.502 69.902 -241.528 cmn-precursor-plainstripe-hitweak
1354 1 16 2834 0 -1 0 369.551 105.206 -241.043 368.543 99.410 -244.172 370.913 107.661 -237.914 cmn-precursor-plainstripe-hitweak
1355 1 16 2835 0 -1 0 362.207 105.206 -248.382 359.079 99.410 -249.744 365.336 107.661 -247.374 cmn-precursor-plainstripe-hitweak
1356 1 16 2836 0 -1 0 367.092 96.729 -270.989 362.679 88.277 -275.402 369.705 100.308 -268.376 cmn-precursor-plainstripe-hitweak
1357 1 16 2837 0 -1 0 367.084 96.729 -280.741 362.671 88.277 -283.354 369.697 100.308 -276.328 cmn-precursor-plainstripe-hitweak
1358 1 16 2838 0 -1 0 392.137 66.323 -245.934 389.524 57.870 -248.546 396.550 69.902 -241.520 cmn-precursor-plainstripe-hitweak
1359 1 16 2839 0 -1 0 392.145 66.323 -236.181 389.532 57.870 -240.595 396.558 69.902 -233.569 cmn-precursor-plainstripe-hitweak
1360 1 16 2840 0 -1 0 354.834 105.206 -241.058 353.472 99.410 -244.187 355.842 107.661 -237.929 cmn-precursor-plainstripe-hitweak
1361 1 16 2841 0 -1 0 322.522 88.567 -245.923 319.909 80.115 -248.535 326.935 92.146 -241.509 cmn-precursor-plainstripe-hitweak
1362 1 16 2842 0 -1 0 322.530 88.567 -236.170 319.917 80.115 -240.584 326.943 92.146 -233.558 cmn-precursor-plainstripe-hitweak
1363 1 16 2843 0 -1 0 332.274 88.567 -245.931 327.860 80.115 -248.543 334.886 92.146 -241.517 cmn-precursor-plainstripe-hitweak
1364 1 16 2844 0 -1 0 332.282 88.567 -236.179 327.868 80.115 -240.592 334.894 92.146 -233.566 cmn-precursor-plainstripe-hitweak
1365 1 16 2845 0 -1 0 357.332 96.729 -280.733 354.719 88.277 -283.346 361.745 100.308 -276.320 cmn-precursor-plainstripe-hitweak
1366 1 16 2846 0 -1 0 357.340 96.729 -270.981 354.727 88.277 -275.394 361.753 100.308 -268.368 cmn-precursor-plainstripe-hitweak
1367 1 0 709 0 -1 0 223.717 43.547 -289.131 220.868 35.336 -293.203 226.498 51.219 -284.305 jng-rockwall-01
1368 1 44 2122 0 -1 0 244.243 31.968 -208.264 243.349 30.496 -209.333 245.150 33.228 -207.321 jng-rope-01
1369 1 0 1375 0 -1 0 262.228 29.140 -271.241 259.882 25.591 -273.899 266.320 33.682 -268.633 jng-rockwall-01
1370 1 0 694 0 -1 0 218.865 34.241 -213.991 212.919 16.346 -218.057 222.995 50.725 -208.756 jng-rockwall-01
1371 1 0 721 0 -1 0 471.700 40.462 -348.040 468.131 27.887 -354.145 476.711 51.298 -343.402 jng-rockwall-01
1372 1 0 730 0 -1 0 319.891 25.801 -378.855 313.933 12.243 -385.525 324.752 37.417 -373.677 jng-rockwall-01
1373 1 0 1333 0 -1 0 340.925 21.217 -190.612 336.728 17.657 -192.364 344.412 25.689 -189.387 jng-rockwall-01
1374 1 0 1336 0 -1 0 429.460 21.921 -235.841 427.878 19.185 -238.671 432.375 25.404 -233.346 jng-rockwall-01
1375 1 0 1339 0 -1 0 453.826 20.919 -223.877 448.561 17.062 -228.602 456.067 25.749 -220.222 jng-rockwall-01
1376 1 0 1351 0 -1 0 318.417 15.091 -127.597 313.179 12.355 -129.014 321.426 18.548 -126.494 jng-rockwall-01
1377 1 0 1354 0 -1 0 285.873 15.024 -129.266 280.027 12.332 -130.652 289.453 18.446 -128.184 jng-rockwall-01
1378 1 0 1363 0 -1 0 252.330 17.848 -189.797 247.631 14.624 -192.213 254.405 21.724 -187.474 jng-rockwall-01
1379 1 0 1381 0 -1 0 439.344 9.680 -294.550 437.151 6.177 -298.764 442.111 14.107 -292.064 jng-rockwall-01
1380 1 0 1236 0 -1 0 476.264 25.348 -249.613 473.108 23.186 -253.517 477.980 28.084 -246.283 jng-rockwall-01
1381 1 0 1238 0 -1 0 440.982 13.250 -280.829 439.271 11.400 -285.033 443.203 15.756 -277.278 jng-rockwall-01
1382 1 0 1244 0 -1 0 313.979 22.733 -267.705 311.357 20.720 -271.606 315.508 25.328 -264.474 jng-rockwall-01
1383 1 0 1254 0 -1 0 432.419 17.931 -330.288 429.421 15.918 -333.973 433.975 20.448 -327.186 jng-rockwall-01
1384 1 0 1260 0 -1 0 298.127 22.330 -329.441 295.945 20.350 -333.100 299.834 25.215 -325.930 jng-rockwall-01
1385 1 0 706 0 -1 0 198.122 11.492 -238.894 191.591 -3.006 -243.453 203.490 23.170 -233.667 jng-rockwall-01
1386 1 0 411 0 -1 0 311.695 16.125 -263.455 308.546 11.588 -266.197 313.624 21.517 -261.451 jng-rockwall-01
1387 1 0 727 0 -1 0 345.875 14.800 -361.856 342.165 1.531 -367.345 349.850 27.442 -357.782 jng-rockwall-01
1388 1 229 2943 0 -1 0 362.206 49.051 -206.127 357.187 48.569 -211.155 367.234 49.600 -201.093 pal-environment-front
1389 1 44 2121 0 -1 0 249.476 31.582 -204.395 248.582 30.095 -205.463 250.383 32.857 -203.452 jng-rope-01
1390 1 44 2125 0 -1 0 287.749 31.964 -268.180 286.856 30.476 -269.249 288.657 33.238 -267.238 jng-rope-01
1391 1 44 2126 0 -1 0 293.055 31.964 -264.464 292.161 30.476 -265.532 293.962 33.238 -263.521 jng-rope-01
1392 1 0 1189 0 -1 0 405.419 6.956 -276.519 399.037 -2.373 -281.677 409.524 14.933 -271.591 jng-rockwall-01
1393 1 0 1192 0 -1 0 221.378 15.321 -214.011 216.127 4.382 -215.790 227.180 24.939 -209.786 jng-rockwall-01
1394 1 0 715 0 -1 0 233.957 10.251 -252.316 228.957 -2.208 -260.414 240.362 22.199 -247.746 jng-rockwall-01
1395 1 4 1922 0 -1 0 349.655 25.984 -141.921 348.218 20.405 -143.617 350.990 31.390 -140.039 jng-treebark-01-4x4
1396 1 4 1924 0 -1 0 347.841 24.984 -147.248 347.131 19.405 -149.269 348.445 30.390 -145.061 jng-treebark-01-4x4
1397 1 4 1926 0 -1 0 353.418 24.984 -146.060 351.389 19.405 -146.607 355.614 30.390 -145.431 jng-treebark-01-4x4
1398 1 4 1928 0 -1 0 322.990 22.984 -136.687 321.298 17.405 -138.261 324.675 28.390 -135.176 jng-treebark-01-4x4
1399 1 4 1930 0 -1 0 315.693 22.984 -131.236 313.865 17.405 -132.620 317.460 28.390 -129.851 jng-treebark-01-4x4
1400 1 4 1932 0 -1 0 334.591 23.984 -141.742 333.325 18.405 -143.664 335.976 29.390 -139.999 jng-treebark-01-4x4
1401 1 4 1934 0 -1 0 326.954 23.984 -139.411 325.443 18.405 -141.104 328.527 29.390 -137.725 jng-treebark-01-4x4
1402 1 4 1936 0 -1 0 353.038 23.984 -163.975 352.516 18.405 -165.995 353.709 29.390 -161.786 jng-treebark-01-4x4
1403 1 4 1938 0 -1 0 315.103 23.984 -195.722 314.385 18.405 -197.905 315.625 29.390 -193.709 jng-treebark-01-4x4
1404 1 4 1940 0 -1 0 323.055 24.984 -195.323 321.445 19.405 -196.987 324.686 30.390 -193.755 jng-treebark-01-4x4
1405 1 4 1942 0 -1 0 305.159 24.984 -190.991 304.359 19.405 -193.159 305.744 30.390 -188.994 jng-treebark-01-4x4
1406 1 0 960 0 -1 0 324.105 11.096 -129.449 320.125 3.574 -132.167 327.192 18.738 -127.626 jng-rockwall-01
1407 1 0 964 0 -1 0 441.683 19.205 -255.853 439.784 11.817 -258.197 445.668 26.230 -252.909 jng-rockwall-01
1408 1 0 968 0 -1 0 399.747 6.089 -267.395 394.722 -2.373 -271.973 403.305 14.623 -264.235 jng-rockwall-01
1409 1 0 972 0 -1 0 292.605 11.322 -129.128 288.834 3.550 -131.930 295.627 19.151 -127.272 jng-rockwall-01
1410 1 0 976 0 -1 0 259.133 10.003 -143.085 252.980 0.816 -146.382 266.976 19.189 -140.506 jng-rockwall-01
1411 1 0 980 0 -1 0 231.917 14.636 -216.314 227.373 4.609 -217.465 236.216 24.837 -212.437 jng-rockwall-01
1412 1 0 984 0 -1 0 224.271 12.199 -190.799 218.932 0.831 -193.937 230.834 23.828 -188.503 jng-rockwall-01
1413 1 0 1054 0 -1 0 437.734 9.726 -250.095 434.598 6.800 -253.532 440.989 12.619 -247.216 jng-rockwall-01
1414 1 0 1055 0 -1 0 432.545 10.074 -243.194 428.575 6.159 -245.999 435.791 12.599 -240.538 jng-rockwall-01
1415 1 0 1058 0 -1 0 398.310 17.934 -261.635 394.625 15.280 -265.678 401.516 21.062 -256.611 jng-rockwall-01
1416 1 0 1059 0 -1 0 402.554 15.835 -265.869 398.250 12.738 -269.330 406.950 18.590 -260.733 jng-rockwall-01
1417 1 0 1061 0 -1 0 263.795 17.725 -144.884 260.248 15.892 -147.567 267.255 20.122 -141.012 jng-rockwall-01
1418 1 0 1062 0 -1 0 271.243 17.722 -134.988 267.808 15.839 -138.410 274.640 20.104 -130.622 jng-rockwall-01
1419 1 0 1063 0 -1 0 267.760 18.020 -137.685 264.083 14.994 -141.019 271.548 19.985 -133.625 jng-rockwall-01
1420 1 0 1366 0 -1 0 305.714 20.771 -229.538 301.953 17.385 -235.371 310.042 24.942 -226.025 jng-rockwall-01
1421 1 0 1393 0 -1 0 378.137 10.943 -294.230 373.793 8.120 -295.806 383.758 14.514 -292.663 jng-rockwall-01
1422 1 44 2654 0 -1 0 447.062 42.024 -226.301 446.665 41.622 -227.206 447.477 42.384 -225.376 jng-rope-01
1423 1 44 2655 0 -1 0 440.275 42.024 -234.208 439.415 41.622 -234.597 441.132 42.384 -233.810 jng-rope-01
1424 1 44 2656 0 -1 0 440.245 42.024 -234.242 439.848 41.622 -235.147 440.660 42.384 -233.317 jng-rope-01
1425 1 45 2579 0 -1 0 414.346 41.672 -205.351 409.315 40.928 -210.888 419.377 42.319 -199.815 jng-logwood
1426 1 45 2580 0 -1 0 410.092 41.836 -201.831 405.544 41.292 -206.823 414.639 42.309 -196.838 jng-logwood
1427 1 45 2581 0 -1 0 412.146 41.672 -203.588 407.006 40.928 -209.275 417.286 42.319 -197.901 jng-logwood
1428 1 45 2582 0 -1 0 443.735 42.028 -230.177 438.914 41.698 -235.632 448.556 42.314 -224.723 jng-logwood
1429 1 45 2583 0 -1 0 437.677 41.672 -224.506 432.417 40.928 -230.341 442.937 42.319 -218.671 jng-logwood
1430 1 45 2584 0 -1 0 442.530 41.672 -229.015 437.301 40.928 -234.894 447.760 42.319 -223.136 jng-logwood
1431 1 45 2585 0 -1 0 438.987 41.895 -226.071 433.921 41.417 -231.810 444.053 42.310 -220.332 jng-logwood
1432 1 45 2586 0 -1 0 436.091 41.672 -223.031 430.783 40.928 -228.977 441.398 42.319 -217.085 jng-logwood
1433 1 45 2587 0 -1 0 445.371 41.672 -231.644 439.777 40.928 -237.836 450.965 42.319 -225.452 jng-logwood
1434 1 45 2588 0 -1 0 447.317 41.851 -233.317 442.833 41.323 -238.289 451.800 42.309 -228.345 jng-logwood
1435 1 0 1334 0 -1 0 332.018 21.765 -191.127 330.520 17.556 -192.959 334.663 26.091 -190.242 jng-rockwall-01
1436 1 0 1343 0 -1 0 426.249 22.551 -233.566 422.694 19.296 -234.053 428.511 25.874 -232.677 jng-rockwall-01
1437 1 0 1349 0 -1 0 320.519 21.606 -201.473 319.354 17.462 -203.967 323.220 25.899 -199.373 jng-rockwall-01
1438 1 0 1370 0 -1 0 307.798 21.384 -219.209 306.469 17.298 -222.937 310.601 25.637 -216.047 jng-rockwall-01
1439 1 0 1379 0 -1 0 206.012 33.247 -260.789 204.063 29.878 -262.082 208.389 36.486 -260.188 jng-rockwall-01
1440 1 0 1382 0 -1 0 437.448 10.268 -302.350 436.533 6.132 -304.283 439.605 14.536 -300.206 jng-rockwall-01
1441 1 0 1385 0 -1 0 437.373 16.525 -336.813 436.187 13.234 -339.130 438.519 19.831 -335.355 jng-rockwall-01
1442 1 0 1391 0 -1 0 417.168 20.879 -338.784 416.146 17.585 -341.262 417.683 24.193 -337.187 jng-rockwall-01
1443 1 0 1397 0 -1 0 358.069 20.281 -355.273 357.435 15.963 -357.245 359.079 24.562 -353.069 jng-rockwall-01
1444 1 4 1516 0 -1 0 362.798 21.158 -168.202 361.632 18.976 -170.967 363.911 23.163 -165.571 jng-treebark-01-4x4
1445 1 4 1517 0 -1 0 359.066 20.446 -162.721 357.563 18.263 -164.991 360.951 22.451 -159.768 jng-treebark-01-4x4
1446 1 4 1518 0 -1 0 325.219 20.446 -175.007 322.990 18.263 -177.188 328.082 22.451 -173.289 jng-treebark-01-4x4
1447 1 4 1519 0 -1 0 334.063 19.446 -173.032 332.334 17.263 -176.002 335.450 21.451 -170.734 jng-treebark-01-4x4
1448 1 4 1520 0 -1 0 327.457 29.624 -202.517 324.727 27.442 -204.209 330.037 31.629 -201.007 jng-treebark-01-4x4
1449 1 4 1521 0 -1 0 298.550 20.446 -134.988 295.578 18.263 -136.311 300.858 22.451 -133.343 jng-treebark-01-4x4
1450 1 4 1522 0 -1 0 304.199 21.446 -134.441 301.634 19.263 -135.405 307.040 23.451 -133.483 jng-treebark-01-4x4
1451 1 4 1523 0 -1 0 291.280 21.446 -185.541 289.035 19.263 -187.583 294.197 23.451 -183.924 jng-treebark-01-4x4
1452 1 4 1524 0 -1 0 282.706 19.446 -175.635 279.988 17.263 -177.207 285.316 21.451 -174.214 jng-treebark-01-4x4
1453 1 4 1525 0 -1 0 273.616 20.446 -175.560 272.295 18.263 -177.868 275.257 22.451 -172.589 jng-treebark-01-4x4
1454 1 4 1526 0 -1 0 277.579 19.446 -167.113 275.034 17.263 -169.653 279.656 21.451 -165.046 jng-treebark-01-4x4
1455 1 4 1527 0 -1 0 242.606 36.446 -258.613 239.872 34.263 -260.462 245.133 38.451 -256.986 jng-treebark-01-4x4
1456 1 46 2608 0 -1 0 410.258 30.608 -196.020 408.354 30.509 -197.929 412.198 30.712 -194.022 jng-lrkr-metal-bolt-01
1457 1 46 2609 0 -1 0 407.308 30.608 -199.822 405.405 30.509 -201.731 409.248 30.712 -197.824 jng-lrkr-metal-bolt-01
1458 1 46 2610 0 -1 0 404.300 30.491 -203.670 402.396 30.392 -205.579 406.240 30.596 -201.673 jng-lrkr-metal-bolt-01
1459 1 0 682 0 -1 0 408.840 10.141 -237.042 404.665 -3.202 -240.839 413.309 22.654 -232.325 jng-rockwall-01
1460 1 44 2127 0 -1 0 363.415 32.097 -341.266 362.371 30.567 -342.245 364.387 33.408 -340.399 jng-rope-01
1461 1 44 2128 0 -1 0 365.658 32.550 -335.130 364.614 31.020 -336.110 366.629 33.861 -334.264 jng-rope-01
1462 1 44 2129 0 -1 0 297.568 33.089 -306.635 296.519 31.558 -307.598 298.543 34.399 -305.781 jng-rope-01
1463 1 44 2130 0 -1 0 295.139 33.089 -312.767 294.089 31.558 -313.730 296.114 34.399 -311.913 jng-rope-01
1464 1 0 1008 0 -1 0 296.506 10.643 -334.900 292.691 -1.291 -339.245 298.975 22.054 -331.252 jng-rockwall-01
1465 1 16 2824 0 -1 0 380.048 17.537 -280.491 374.269 15.152 -285.484 383.722 21.605 -271.718 cmn-precursor-plainstripe-hitweak
1466 1 0 381 0 -1 0 439.142 6.451 -240.999 433.357 3.577 -244.956 442.942 9.530 -236.272 jng-rockwall-01
1467 1 0 384 0 -1 0 463.889 7.692 -245.501 459.495 4.589 -247.242 468.636 10.665 -244.367 jng-rockwall-01
1468 1 0 432 0 -1 0 485.904 29.745 -316.531 484.353 25.330 -320.172 488.279 34.455 -312.570 jng-rockwall-01
1469 1 0 1473 0 -1 0 316.560 22.652 -273.597 313.568 20.357 -276.897 318.286 24.894 -270.555 jng-rockwall-01
1470 1 0 680 0 -1 0 428.221 9.584 -237.230 418.697 -3.221 -241.243 435.863 22.652 -230.952 jng-rockwall-01
1471 1 0 704 0 -1 0 202.361 11.726 -219.991 194.939 -2.095 -229.554 207.490 23.133 -211.904 jng-rockwall-01
1472 1 0 710 0 -1 0 202.288 9.407 -248.626 192.866 -4.257 -257.083 210.520 20.500 -240.583 jng-rockwall-01
1473 1 0 1403 0 -1 0 218.801 9.394 -214.093 214.160 4.211 -215.322 223.997 14.877 -211.741 jng-rockwall-01
1474 1 49 2180 0 -1 0 317.965 2.545 -326.002 316.201 2.318 -327.480 319.732 2.615 -324.058 gen-metal-dark
1475 1 0 1345 0 -1 0 401.740 10.871 -290.810 398.725 8.091 -292.815 405.160 14.308 -287.348 jng-rockwall-01
1476 1 0 1384 0 -1 0 441.163 16.093 -344.887 438.920 13.335 -348.274 442.356 19.535 -340.770 jng-rockwall-01
1477 1 72 2821 0 -1 0 398.799 18.132 -263.375 390.988 14.605 -268.062 404.284 21.777 -257.484 cmn-precursor-metal-plain-01
1478 1 37 2112 0 -1 0 255.147 3.193 -228.501 254.258 2.938 -229.358 256.052 3.312 -227.678 jng-lamp-wood
1479 1 37 2118 0 -1 0 259.159 3.296 -239.613 258.302 2.949 -240.483 260.058 3.485 -238.758 jng-lamp-wood
1480 1 0 459 0 -1 0 371.405 15.982 -324.784 368.328 11.576 -327.084 373.837 21.277 -323.499 jng-rockwall-01
1481 1 0 1398 0 -1 0 332.866 7.409 -131.038 328.956 3.564 -133.789 335.911 11.560 -129.932 jng-rockwall-01
1482 1 0 1401 0 -1 0 301.453 7.502 -129.814 297.709 3.518 -132.321 304.630 11.791 -128.680 jng-rockwall-01
1483 1 229 2825 0 -1 0 351.019 32.449 -277.551 349.378 20.480 -283.062 355.488 39.480 -271.406 pal-environment-front
1484 1 0 728 0 -1 0 302.289 25.706 -370.743 294.108 12.907 -378.066 311.574 37.031 -365.143 jng-rockwall-01
1485 1 9 2738 0 -1 0 349.269 50.905 -209.804 342.955 43.291 -214.007 356.217 57.307 -206.700 cmn-precursor-metal-plain-01-hitweak
1486 1 9 2739 0 -1 0 330.954 50.905 -228.101 327.844 43.291 -235.061 335.152 57.307 -221.799 cmn-precursor-metal-plain-01-hitweak
1487 1 9 2740 0 -1 0 338.296 50.905 -217.131 333.292 43.291 -223.172 344.329 57.307 -212.136 cmn-precursor-metal-plain-01-hitweak
1488 1 9 2741 0 -1 0 330.748 75.284 -253.477 327.726 67.671 -259.826 334.858 81.687 -246.514 cmn-precursor-metal-plain-01-hitweak
1489 1 9 2742 0 -1 0 337.895 75.284 -264.575 332.973 67.671 -269.651 343.876 81.687 -258.485 cmn-precursor-metal-plain-01-hitweak
1490 1 9 2743 0 -1 0 348.750 75.284 -272.078 342.484 67.671 -275.271 355.692 81.687 -267.788 cmn-precursor-metal-plain-01-hitweak
1491 1 229 2824 0 -1 0 379.862 18.624 -280.000 374.269 15.152 -285.484 383.722 21.777 -271.718 pal-environment-front
1492 1 0 829 0 -1 0 244.092 48.439 -333.466 234.473 44.794 -341.951 252.108 51.611 -327.184 jng-rockwall-01
1493 1 229 2768 0 -1 0 363.598 46.958 -220.690 362.627 30.490 -228.701 364.674 55.630 -212.665 pal-environment-front
1494 1 229 2769 0 -1 0 363.755 70.304 -261.252 362.553 50.820 -269.811 364.830 80.584 -252.673 pal-environment-front
1495 1 229 2770 0 -1 0 364.080 40.664 -261.263 362.879 20.506 -269.824 365.156 51.300 -252.680 pal-environment-front
1496 1 229 2772 0 -1 0 341.568 71.809 -241.402 333.325 55.341 -242.866 349.894 80.481 -240.251 pal-environment-front
1497 1 0 1007 0 -1 0 226.958 48.518 -301.956 219.360 44.407 -312.402 233.417 52.511 -291.384 jng-rockwall-01
1498 1 4 2275 0 -1 0 327.996 21.271 -191.840 326.668 13.969 -195.105 330.134 27.797 -188.574 jng-treebark-01-4x4
1499 1 4 2278 0 -1 0 329.741 20.552 -189.549 328.194 13.250 -192.722 332.061 27.078 -186.379 jng-treebark-01-4x4
1500 1 4 2281 0 -1 0 316.258 21.271 -198.951 313.419 13.969 -201.152 319.064 27.797 -196.128 jng-treebark-01-4x4
1501 1 4 2284 0 -1 0 237.750 28.557 -246.003 236.710 21.945 -250.968 239.214 34.917 -242.197 jng-treebark-01-4x4
1502 1 4 2287 0 -1 0 230.768 28.285 -250.288 229.107 20.780 -251.767 233.426 35.367 -249.288 jng-treebark-01-4x4
1503 1 4 2290 0 -1 0 246.531 37.517 -300.583 243.379 31.642 -305.507 250.105 42.280 -295.387 jng-treebark-01-4x4
1504 1 4 2293 0 -1 0 248.832 32.822 -305.836 244.083 26.142 -306.942 253.808 38.528 -304.703 jng-treebark-01-4x4
1505 1 67 2686 0 -1 0 420.613 36.198 -211.592 419.191 35.659 -213.014 422.035 37.518 -210.170 jng-lrkr-metal-02
1506 1 67 2687 0 -1 0 419.704 37.492 -211.074 418.877 35.848 -212.958 421.520 38.624 -210.156 jng-lrkr-metal-02
1507 1 67 2688 0 -1 0 447.948 33.260 -224.456 446.498 32.567 -225.869 448.636 34.671 -223.778 jng-lrkr-metal-02
1508 1 67 2689 0 -1 0 443.888 33.416 -220.621 442.486 32.664 -222.033 444.565 34.779 -219.965 jng-lrkr-metal-02
1509 1 67 2690 0 -1 0 435.177 39.419 -229.277 434.353 37.685 -230.072 436.895 40.247 -227.643 jng-lrkr-metal-02
1510 1 67 2691 0 -1 0 439.547 31.008 -218.785 438.315 30.409 -220.030 440.175 32.299 -218.166 jng-lrkr-metal-02
1511 1 67 2692 0 -1 0 440.995 35.291 -217.068 439.696 34.360 -218.359 441.613 36.267 -216.467 jng-lrkr-metal-02
1512 1 67 2693 0 -1 0 439.873 37.543 -234.738 438.969 35.923 -235.498 441.470 38.413 -233.068 jng-lrkr-metal-02
1513 1 67 2694 0 -1 0 444.258 34.021 -235.243 443.173 33.343 -235.735 444.959 35.117 -234.127 jng-lrkr-metal-02
1514 1 67 2695 0 -1 0 450.006 35.293 -229.996 448.873 34.380 -230.642 450.509 36.213 -228.831 jng-lrkr-metal-02
1515 1 67 2696 0 -1 0 426.598 37.249 -215.798 424.673 35.786 -216.717 427.493 38.623 -213.864 jng-lrkr-metal-02
1516 1 67 2697 0 -1 0 424.874 37.352 -214.561 424.000 35.850 -216.479 426.775 38.684 -213.640 jng-lrkr-metal-02
1517 1 67 2698 0 -1 0 432.552 31.025 -226.656 431.911 30.435 -227.291 433.759 32.303 -225.415 jng-lrkr-metal-02
1518 1 67 2699 0 -1 0 431.120 35.327 -228.272 430.503 34.352 -228.871 432.419 36.258 -226.982 jng-lrkr-metal-02
1519 1 229 2827 0 -1 0 367.541 79.951 -200.789 362.679 70.977 -205.651 369.705 83.008 -198.625 pal-environment-front
1520 1 229 2828 0 -1 0 362.193 105.564 -233.364 359.064 99.410 -234.714 365.322 107.661 -232.345 pal-environment-front
1521 1 229 2829 0 -1 0 367.533 79.951 -211.438 362.671 70.977 -213.603 369.697 83.008 -206.577 pal-environment-front
1522 1 229 2830 0 -1 0 356.892 79.951 -200.781 354.727 70.977 -205.643 361.753 83.008 -198.617 pal-environment-front
1523 1 229 2831 0 -1 0 356.883 79.951 -211.430 354.719 70.977 -213.595 361.745 83.008 -206.568 pal-environment-front
1524 1 229 2832 0 -1 0 402.346 66.845 -235.741 397.484 57.870 -240.603 404.510 69.902 -233.577 pal-environment-front
1525 1 229 2833 0 -1 0 402.338 66.845 -246.390 397.476 57.870 -248.554 404.502 69.902 -241.528 pal-environment-front
1526 1 229 2834 0 -1 0 369.893 105.564 -241.043 368.543 99.410 -244.172 370.913 107.661 -237.914 pal-environment-front
1527 1 229 2835 0 -1 0 362.207 105.564 -248.724 359.079 99.410 -249.744 365.336 107.661 -247.374 pal-environment-front
1528 1 229 2836 0 -1 0 367.541 97.251 -270.540 362.679 88.277 -275.402 369.705 100.308 -268.376 pal-environment-front
1529 1 229 2837 0 -1 0 367.533 97.251 -281.190 362.671 88.277 -283.354 369.697 100.308 -276.328 pal-environment-front
1530 1 229 2838 0 -1 0 391.688 66.845 -246.382 389.524 57.870 -248.546 396.550 69.902 -241.520 pal-environment-front
1531 1 229 2839 0 -1 0 391.697 66.845 -235.733 389.532 57.870 -240.595 396.558 69.902 -233.569 pal-environment-front
1532 1 229 2840 0 -1 0 354.492 105.564 -241.058 353.472 99.410 -244.187 355.842 107.661 -237.929 pal-environment-front
1533 1 229 2841 0 -1 0 322.073 89.089 -246.371 319.909 80.115 -248.535 326.935 92.146 -241.509 pal-environment-front
1534 1 229 2842 0 -1 0 322.081 89.089 -235.722 319.917 80.115 -240.584 326.943 92.146 -233.558 pal-environment-front
1535 1 229 2843 0 -1 0 332.722 89.089 -246.379 327.860 80.115 -248.543 334.886 92.146 -241.517 pal-environment-front
1536 1 229 2844 0 -1 0 332.730 89.089 -235.730 327.868 80.115 -240.592 334.894 92.146 -233.566 pal-environment-front
1537 1 229 2845 0 -1 0 356.883 97.251 -281.181 354.719 88.277 -283.346 361.745 100.308 -276.320 pal-environment-front
1538 1 229 2846 0 -1 0 356.892 97.251 -270.532 354.727 88.277 -275.394 361.753 100.308 -268.368 pal-environment-front
1539 1 4 1604 0 -1 0 258.979 22.497 -154.827 257.744 20.612 -156.080 260.166 26.909 -153.580 jng-treebark-01-4x4
1540 1 4 1605 0 -1 0 257.898 22.482 -161.248 256.663 20.597 -162.501 259.084 26.894 -160.001 jng-treebark-01-4x4
1541 1 4 1606 0 -1 0 249.425 28.154 -204.380 248.207 25.933 -205.702 250.581 33.354 -203.084 jng-treebark-01-4x4
1542 1 4 1607 0 -1 0 244.192 28.578 -208.250 242.974 26.381 -209.572 245.348 33.720 -206.953 jng-treebark-01-4x4
1543 1 4 1608 0 -1 0 202.671 22.482 -150.979 201.436 20.597 -152.232 203.858 26.894 -149.732 jng-treebark-01-4x4
1544 1 4 1609 0 -1 0 203.728 22.482 -144.573 202.493 20.597 -145.827 204.914 26.894 -143.327 jng-treebark-01-4x4
1545 1 4 1610 0 -1 0 287.699 28.536 -268.166 286.481 26.315 -269.488 288.855 33.735 -266.869 jng-treebark-01-4x4
1546 1 4 1611 0 -1 0 293.004 28.536 -264.449 291.786 26.315 -265.771 294.160 33.735 -263.153 jng-treebark-01-4x4
1547 1 4 1612 0 -1 0 363.376 28.572 -341.230 362.048 26.288 -342.454 364.649 33.919 -340.002 jng-treebark-01-4x4
1548 1 4 1613 0 -1 0 365.618 29.025 -335.095 364.291 26.741 -336.318 366.892 34.372 -333.867 jng-treebark-01-4x4
1549 1 4 1614 0 -1 0 297.530 29.563 -306.598 296.197 27.279 -307.801 298.810 34.910 -305.387 jng-treebark-01-4x4
1550 1 4 1615 0 -1 0 295.101 29.563 -312.730 293.767 27.279 -313.934 296.381 34.910 -311.519 jng-treebark-01-4x4
1551 1 16 2822 0 -1 0 383.303 45.518 -264.517 379.128 40.949 -268.874 387.581 48.261 -260.077 cmn-precursor-plainstripe-hitweak
1552 1 229 2847 0 -1 0 368.271 82.401 -229.291 366.192 80.019 -230.691 369.886 85.004 -228.562 pal-environment-front
1553 1 229 2848 0 -1 0 357.943 82.401 -228.523 356.139 80.019 -229.671 360.073 85.004 -227.972 pal-environment-front
1554 1 229 2849 0 -1 0 365.996 82.401 -253.726 363.861 80.019 -254.229 367.843 85.004 -252.648 pal-environment-front
1555 1 229 2850 0 -1 0 373.933 82.401 -247.194 372.522 80.019 -248.800 374.670 85.004 -245.119 pal-environment-front
1556 1 229 2851 0 -1 0 374.832 82.401 -237.096 373.731 80.019 -239.230 375.352 85.004 -235.263 pal-environment-front
1557 1 229 2852 0 -1 0 350.255 82.401 -235.378 349.564 80.019 -237.472 351.600 85.004 -233.717 pal-environment-front
1558 1 27 2823 0 -1 0 370.602 33.086 -271.566 361.909 32.480 -283.796 376.081 35.511 -261.859 jng-precursor-metal-floor
1559 1 27 2825 0 -1 0 352.060 39.480 -276.520 349.378 39.480 -283.062 355.488 39.480 -271.406 jng-precursor-metal-floor
1560 1 28 1616 0 -1 0 229.407 50.679 -284.797 220.683 41.584 -288.840 237.121 59.506 -281.340 jng-treebark-02
1561 1 28 1617 0 -1 0 478.480 36.806 -312.291 475.079 25.438 -320.975 482.488 47.840 -304.647 jng-treebark-02
1562 1 28 1618 0 -1 0 469.584 35.551 -335.429 465.481 24.182 -343.267 473.618 46.585 -326.580 jng-treebark-02
1563 1 28 1619 0 -1 0 482.766 41.027 -324.230 478.663 31.932 -332.068 486.800 49.854 -315.381 jng-treebark-02
1564 1 28 1620 0 -1 0 460.724 32.501 -347.743 453.131 23.406 -353.014 467.837 41.328 -342.436 jng-treebark-02
1565 1 28 1621 0 -1 0 415.474 55.773 -367.204 408.810 47.960 -373.978 421.653 63.357 -359.964 jng-treebark-02
1566 1 28 1622 0 -1 0 431.788 39.962 -363.116 424.538 30.867 -367.429 440.058 48.789 -359.226 jng-treebark-02
1567 1 28 1623 0 -1 0 398.043 43.349 -369.656 390.198 34.254 -374.177 406.899 52.176 -365.028 jng-treebark-02
1568 1 28 1624 0 -1 0 382.845 44.736 -368.922 374.462 35.641 -372.771 390.175 53.563 -364.851 jng-treebark-02
1569 1 28 1625 0 -1 0 368.780 49.608 -370.461 361.055 38.239 -376.899 375.889 60.642 -364.507 jng-treebark-02
1570 1 28 1626 0 -1 0 335.759 23.987 -374.041 326.949 12.619 -378.993 343.584 35.021 -369.278 jng-treebark-02
1571 1 28 1627 0 -1 0 303.044 26.518 -362.508 297.087 17.423 -369.544 308.861 35.345 -355.404 jng-treebark-02
1572 1 28 1628 0 -1 0 319.206 26.958 -366.554 311.644 15.590 -371.961 327.606 37.992 -360.704 jng-treebark-02
1573 1 28 1629 0 -1 0 236.285 50.679 -297.027 229.597 41.584 -303.880 242.646 59.506 -290.595 jng-treebark-02
1574 1 28 1630 0 -1 0 237.103 57.312 -309.250 231.908 49.258 -316.939 242.216 65.128 -302.130 jng-treebark-02
1575 1 28 1631 0 -1 0 246.758 47.798 -323.833 238.960 39.744 -328.754 255.513 55.614 -318.668 jng-treebark-02
1576 1 28 1632 0 -1 0 287.780 50.576 -352.566 281.823 41.481 -359.602 293.597 59.403 -345.462 jng-treebark-02
1577 1 28 1633 0 -1 0 268.599 43.057 -330.924 260.772 35.004 -335.671 277.414 50.873 -325.996 jng-treebark-02
1578 1 28 1634 0 -1 0 282.122 41.857 -339.178 273.372 33.804 -343.239 289.874 49.674 -335.587 jng-treebark-02
1579 1 28 1635 0 -1 0 256.506 51.855 -334.635 252.398 42.760 -343.002 260.348 60.682 -327.314 jng-treebark-02
1580 1 28 1636 0 -1 0 268.590 53.334 -345.927 260.775 45.281 -350.757 277.377 61.151 -340.885 jng-treebark-02
1581 1 0 1006 0 -1 0 361.003 48.356 -366.312 358.405 44.370 -375.086 362.770 52.557 -357.283 jng-rockwall-01
1582 1 0 390 0 -1 0 408.751 3.010 -286.880 406.321 -2.237 -288.750 410.384 9.036 -284.140 jng-rockwall-01
1583 1 0 426 0 -1 0 188.337 53.670 -224.859 177.764 44.536 -232.562 195.958 59.630 -216.949 jng-rockwall-01
1584 1 0 429 0 -1 0 216.961 27.005 -261.311 214.839 22.257 -264.674 220.022 32.522 -258.922 jng-rockwall-01
1585 1 0 1009 0 -1 0 256.017 47.828 -342.934 248.387 42.898 -350.363 263.364 53.023 -336.722 jng-rockwall-01
1586 1 0 360 0 -1 0 400.619 40.043 -106.580 398.597 33.533 -110.614 403.537 47.201 -103.961 jng-rockwall-01
1587 1 0 366 0 -1 0 390.710 3.375 -110.243 389.268 -3.469 -113.883 392.942 10.640 -107.508 jng-rockwall-01
1588 1 0 827 0 -1 0 271.954 50.763 -353.868 259.252 47.880 -362.778 283.146 52.910 -347.407 jng-rockwall-01
1589 1 4 2276 0 -1 0 326.540 21.385 -192.632 325.470 14.406 -195.239 327.472 27.750 -190.678 jng-treebark-01-4x4
1590 1 4 2279 0 -1 0 328.231 20.666 -190.231 327.244 13.688 -192.859 329.205 27.031 -188.282 jng-treebark-01-4x4
1591 1 4 2282 0 -1 0 316.557 21.385 -200.581 314.701 14.406 -201.329 319.153 27.750 -199.336 jng-treebark-01-4x4
1592 1 4 2285 0 -1 0 236.361 29.407 -246.332 234.897 23.831 -251.820 237.587 35.121 -242.331 jng-treebark-01-4x4
1593 1 4 2288 0 -1 0 229.705 28.743 -251.480 228.951 21.740 -254.274 231.851 35.546 -250.103 jng-treebark-01-4x4
1594 1 4 2291 0 -1 0 244.879 37.620 -300.442 243.232 31.619 -305.562 246.850 42.207 -295.689 jng-treebark-01-4x4
1595 1 4 2294 0 -1 0 247.647 32.811 -304.672 243.932 26.134 -306.653 251.002 38.440 -302.831 jng-treebark-01-4x4
1596 1 0 955 0 -1 0 414.329 24.256 -329.938 410.500 20.980 -338.991 417.209 26.178 -321.683 jng-rockwall-01
1597 1 0 1101 0 -1 0 201.710 24.864 -255.624 195.637 17.729 -260.228 204.420 32.006 -252.511 jng-rockwall-01
1598 1 0 1342 0 -1 0 413.769 22.048 -234.751 409.002 19.312 -235.438 419.793 25.530 -233.613 jng-rockwall-01
1599 1 11 1516 0 -1 0 361.276 20.657 -167.465 359.352 18.976 -169.657 363.941 23.195 -165.928 jng-treebark-03
1600 1 11 1517 0 -1 0 360.756 19.945 -162.664 358.319 18.263 -164.833 362.284 22.482 -160.215 jng-treebark-03
1601 1 11 1518 0 -1 0 325.548 19.945 -176.666 323.276 18.263 -178.187 327.957 22.482 -174.375 jng-treebark-03
1602 1 11 1519 0 -1 0 332.374 18.945 -172.961 330.757 17.263 -175.406 334.858 21.482 -170.861 jng-treebark-03
1603 1 11 1520 0 -1 0 326.407 29.123 -203.843 324.946 27.442 -205.946 328.310 31.660 -201.155 jng-treebark-03
1604 1 11 1521 0 -1 0 298.688 19.945 -133.302 296.249 18.263 -135.804 300.747 22.482 -131.643 jng-treebark-03
1605 1 11 1522 0 -1 0 303.582 20.945 -136.016 301.915 19.263 -137.905 305.853 23.482 -133.389 jng-treebark-03
1606 1 11 1523 0 -1 0 291.476 20.945 -187.221 289.247 19.263 -188.735 293.912 23.482 -184.850 jng-treebark-03
1607 1 11 1524 0 -1 0 281.727 18.945 -177.014 280.301 17.263 -179.058 283.708 21.482 -174.319 jng-treebark-03
1608 1 11 1525 0 -1 0 275.301 19.945 -175.701 272.798 18.263 -177.758 276.962 22.482 -173.262 jng-treebark-03
1609 1 11 1526 0 -1 0 276.071 18.945 -167.879 274.480 17.263 -170.233 278.047 21.482 -165.516 jng-treebark-03
1610 1 11 1527 0 -1 0 241.463 35.945 -259.859 239.960 34.263 -262.033 243.249 38.482 -257.192 jng-treebark-03
1611 1 0 632 0 -1 0 371.002 43.155 -376.317 366.663 33.653 -380.659 375.620 52.230 -373.453 jng-rockwall-01
1612 1 0 642 0 -1 0 323.267 29.217 -383.311 318.467 16.951 -389.052 328.728 40.543 -378.886 jng-rockwall-01
1613 1 0 647 0 -1 0 243.228 41.539 -320.810 232.388 32.614 -329.235 252.462 47.204 -310.319 jng-rockwall-01
1614 1 0 652 0 -1 0 297.314 42.765 -373.590 292.107 33.253 -378.988 301.565 51.960 -370.326 jng-rockwall-01
1615 1 0 1065 0 -1 0 281.750 23.217 -265.642 277.409 19.137 -268.247 285.858 27.986 -263.058 jng-rockwall-01
1616 1 0 1066 0 -1 0 294.211 22.497 -260.600 289.992 18.271 -263.264 298.375 27.033 -258.568 jng-rockwall-01
1617 1 4 1943 0 -1 0 346.921 27.241 -138.682 346.012 22.280 -140.407 348.239 31.452 -137.418 jng-treebark-01-4x4
1618 1 4 1944 0 -1 0 343.895 26.241 -145.699 343.090 21.280 -147.148 345.338 30.452 -144.052 jng-treebark-01-4x4
1619 1 4 1945 0 -1 0 354.688 26.241 -142.015 353.290 21.280 -143.534 356.359 30.452 -141.148 jng-treebark-01-4x4
1620 1 4 1946 0 -1 0 324.812 24.241 -140.515 323.290 19.280 -141.736 325.895 28.452 -138.699 jng-treebark-01-4x4
1621 1 4 1947 0 -1 0 317.020 24.241 -135.262 315.435 19.280 -136.469 318.164 28.452 -133.426 jng-treebark-01-4x4
1622 1 4 1948 0 -1 0 337.463 25.241 -144.859 336.189 20.280 -146.171 338.337 29.452 -143.141 jng-treebark-01-4x4
1623 1 4 1949 0 -1 0 330.782 25.241 -137.590 328.966 20.280 -139.112 332.004 29.452 -136.506 jng-treebark-01-4x4
1624 1 4 1950 0 -1 0 348.878 25.241 -163.157 347.921 20.280 -164.532 350.501 29.452 -161.466 jng-treebark-01-4x4
1625 1 4 1951 0 -1 0 319.285 25.241 -196.418 317.637 20.280 -198.111 320.263 29.452 -195.053 jng-treebark-01-4x4
1626 1 4 1952 0 -1 0 325.125 26.241 -199.022 323.647 21.280 -200.244 326.170 30.452 -197.228 jng-treebark-01-4x4
1627 1 4 1953 0 -1 0 309.371 26.241 -191.473 307.684 21.280 -193.166 310.385 30.452 -190.127 jng-treebark-01-4x4
1628 1 0 1301 0 -1 0 464.128 15.083 -189.231 458.758 10.893 -191.542 467.387 19.288 -185.571 jng-rockwall-01
1629 1 0 1311 0 -1 0 209.445 44.878 -222.248 204.497 41.225 -224.671 212.069 48.374 -218.244 jng-rockwall-01
1630 1 0 1313 0 -1 0 224.618 49.281 -273.347 222.294 47.033 -277.888 225.846 51.432 -268.759 jng-rockwall-01
1631 1 0 1316 0 -1 0 490.123 48.620 -330.279 488.054 45.825 -334.039 493.354 50.713 -326.916 jng-rockwall-01
1632 1 0 1317 0 -1 0 465.604 47.833 -359.425 463.300 44.491 -363.163 469.296 50.477 -357.018 jng-rockwall-01
1633 1 17 2764 0 -1 0 368.254 39.710 -229.338 366.606 29.057 -230.415 369.669 50.494 -228.498 gen-metal-dark-hitweak
1634 1 17 2765 0 -1 0 373.888 39.710 -247.187 372.803 29.057 -248.598 374.738 50.494 -245.542 gen-metal-dark-hitweak
1635 1 17 2766 0 -1 0 365.971 39.710 -253.680 364.290 29.057 -254.271 367.466 50.494 -252.847 gen-metal-dark-hitweak
1636 1 17 2767 0 -1 0 374.797 39.710 -237.132 373.948 29.057 -238.811 375.406 50.494 -235.640 gen-metal-dark-hitweak
1637 1 17 2768 0 -1 0 363.205 42.572 -220.683 362.924 30.490 -225.824 363.643 52.943 -215.566 gen-metal-dark-hitweak
1638 1 17 2769 0 -1 0 363.362 65.126 -261.228 362.934 50.849 -266.683 363.799 77.369 -255.823 gen-metal-dark-hitweak
1639 1 17 2770 0 -1 0 363.688 35.307 -261.238 363.259 20.534 -266.693 364.125 47.975 -255.833 gen-metal-dark-hitweak
1640 1 17 2771 0 -1 0 381.912 27.294 -237.612 378.031 19.542 -238.068 385.669 33.948 -236.606 gen-metal-dark-hitweak
1641 1 17 2772 0 -1 0 341.584 67.423 -241.795 336.318 55.341 -242.391 346.907 77.794 -241.358 gen-metal-dark-hitweak
1642 1 72 2824 0 -1 0 379.631 19.982 -279.386 374.269 17.730 -285.484 383.722 21.777 -271.718 cmn-precursor-metal-plain-01
1643 1 0 1399 0 -1 0 436.959 15.666 -247.984 435.156 11.794 -251.085 439.851 19.665 -244.682 jng-rockwall-01
1644 1 0 1400 0 -1 0 405.039 1.958 -278.537 400.658 -2.373 -283.365 407.207 6.632 -274.471 jng-rockwall-01
1645 1 229 2823 0 -1 0 371.897 27.238 -272.622 361.909 13.480 -283.796 376.081 35.511 -261.859 pal-environment-front
1646 1 0 716 0 -1 0 486.094 41.581 -331.554 482.547 31.588 -338.070 492.076 50.199 -324.113 jng-rockwall-01
1647 1 0 1396 0 -1 0 360.033 19.192 -347.250 358.453 15.528 -351.570 361.912 23.859 -344.687 jng-rockwall-01
1648 1 4 2277 0 -1 0 324.716 21.380 -193.222 322.333 14.047 -195.512 326.643 28.172 -190.360 jng-treebark-01-4x4
1649 1 4 2280 0 -1 0 326.369 20.661 -190.684 324.109 13.328 -193.026 328.190 27.453 -187.715 jng-treebark-01-4x4
1650 1 4 2283 0 -1 0 316.550 21.380 -202.497 313.342 14.047 -204.266 318.968 28.172 -201.089 jng-treebark-01-4x4
1651 1 4 2286 0 -1 0 234.584 30.059 -246.634 231.617 24.093 -251.738 237.071 35.024 -241.828 jng-treebark-01-4x4
1652 1 4 2289 0 -1 0 228.266 28.987 -252.722 226.857 21.615 -255.707 229.315 35.550 -249.947 jng-treebark-01-4x4
1653 1 4 2292 0 -1 0 243.046 37.792 -299.911 241.975 32.339 -305.118 244.276 42.807 -293.880 jng-treebark-01-4x4
1654 1 4 2295 0 -1 0 246.570 32.752 -303.088 243.667 26.109 -306.063 250.234 38.945 -299.494 jng-treebark-01-4x4
1655 1 0 1053 0 -1 0 463.213 7.915 -243.074 459.833 5.732 -246.010 466.486 11.309 -240.816 jng-rockwall-01
1656 1 0 1056 0 -1 0 439.747 10.981 -254.830 437.481 7.739 -258.399 443.156 14.596 -250.949 jng-rockwall-01
1657 1 0 1057 0 -1 0 441.674 26.357 -258.278 438.728 22.413 -261.483 444.453 29.875 -255.039 jng-rockwall-01
1658 1 0 1060 0 -1 0 314.381 1.237 -282.352 311.449 -1.342 -285.422 316.335 3.097 -279.562 jng-rockwall-01
1659 1 0 1064 0 -1 0 247.750 22.064 -208.096 243.916 18.559 -212.653 252.898 25.535 -203.600 jng-rockwall-01
1660 1 0 1067 0 -1 0 255.021 36.465 -282.126 251.878 34.857 -285.428 257.530 38.482 -279.136 jng-rockwall-01
1661 1 0 1068 0 -1 0 256.959 35.480 -281.820 255.352 32.723 -285.071 258.919 38.793 -279.110 jng-rockwall-01
1662 1 0 1069 0 -1 0 256.056 35.794 -277.996 253.761 32.788 -281.463 258.402 38.785 -275.608 jng-rockwall-01
1663 1 0 1070 0 -1 0 237.725 37.804 -280.026 234.434 36.196 -283.375 240.378 39.821 -277.028 jng-rockwall-01
1664 1 0 1071 0 -1 0 396.815 27.483 -349.157 393.426 25.875 -351.837 399.777 29.500 -347.051 jng-rockwall-01
1665 1 0 1072 0 -1 0 396.428 28.251 -359.583 393.815 25.126 -361.730 398.567 31.004 -356.321 jng-rockwall-01
1666 1 0 1073 0 -1 0 397.746 25.934 -333.167 394.841 22.436 -336.125 400.665 28.351 -330.437 jng-rockwall-01
1667 1 0 1074 0 -1 0 389.355 29.290 -330.359 387.855 26.992 -332.473 391.090 31.485 -329.079 jng-rockwall-01
1668 1 0 1075 0 -1 0 393.633 26.759 -328.283 390.139 24.525 -331.901 396.237 29.398 -325.740 jng-rockwall-01
1669 1 0 1076 0 -1 0 391.786 28.982 -330.766 389.728 26.945 -332.764 394.356 30.762 -328.923 jng-rockwall-01
1670 1 0 1077 0 -1 0 383.391 27.928 -331.382 380.467 25.495 -333.642 386.708 30.512 -328.483 jng-rockwall-01
1671 1 0 1078 0 -1 0 380.146 27.780 -330.519 378.157 24.827 -333.853 382.516 30.820 -328.356 jng-rockwall-01
1672 1 0 1079 0 -1 0 387.411 27.860 -330.014 385.422 26.252 -333.163 389.782 29.877 -327.226 jng-rockwall-01
1673 1 0 1080 0 -1 0 394.768 28.922 -356.864 391.303 25.975 -359.396 397.101 31.825 -353.529 jng-rockwall-01
1674 1 0 1344 0 -1 0 405.772 11.903 -287.506 402.873 8.036 -289.367 407.664 15.172 -284.723 jng-rockwall-01
1675 1 0 1377 0 -1 0 209.802 33.402 -260.163 207.117 29.567 -262.443 212.418 37.087 -258.604 jng-rockwall-01
1676 1 0 1383 0 -1 0 439.454 17.193 -339.976 437.224 13.302 -342.895 440.829 20.442 -337.791 jng-rockwall-01
1677 1 0 1395 0 -1 0 358.252 20.838 -351.689 356.894 15.830 -354.490 360.653 25.356 -349.512 jng-rockwall-01
1678 1 0 1467 0 -1 0 442.570 13.265 -274.277 440.841 11.183 -278.426 446.791 15.427 -271.650 jng-rockwall-01
1679 1 0 1471 0 -1 0 281.829 15.775 -205.362 280.070 12.427 -207.179 284.897 18.009 -201.818 jng-rockwall-01
1680 1 0 1477 0 -1 0 233.368 32.725 -250.012 230.721 30.710 -253.366 237.126 35.049 -248.185 jng-rockwall-01
1681 1 0 1479 0 -1 0 433.918 13.204 -305.919 431.746 11.060 -309.797 438.116 15.459 -303.759 jng-rockwall-01
1682 1 0 1483 0 -1 0 435.451 17.867 -335.961 432.321 15.427 -339.365 437.158 20.056 -332.962 jng-rockwall-01
1683 1 27 2910 0 -1 0 386.793 33.557 -215.244 368.968 29.506 -234.374 402.452 37.381 -200.765 jng-precursor-metal-floor
1684 1 0 816 0 -1 0 350.885 15.976 -358.685 345.325 1.960 -364.247 358.753 29.250 -354.578 jng-rockwall-01
1685 1 0 822 0 -1 0 362.434 43.747 -374.024 357.180 33.398 -380.810 366.220 53.587 -369.846 jng-rockwall-01
1686 1 0 824 0 -1 0 295.479 9.990 -328.589 289.339 -3.100 -334.756 299.545 22.916 -323.664 jng-rockwall-01
1687 1 0 828 0 -1 0 272.180 46.261 -353.699 260.036 41.666 -362.378 283.591 51.757 -347.184 jng-rockwall-01
1688 1 0 393 0 -1 0 376.543 19.052 -282.175 374.724 14.717 -284.273 377.610 23.800 -279.088 jng-rockwall-01
1689 1 0 402 0 -1 0 345.455 3.850 -291.728 343.231 -1.638 -293.324 348.718 10.243 -289.311 jng-rockwall-01
1690 1 0 1003 0 -1 0 204.743 33.024 -259.886 198.596 18.223 -265.622 209.775 47.071 -255.412 jng-rockwall-01
1691 1 4 1853 0 -1 0 364.248 31.084 -139.198 358.067 23.418 -142.911 376.402 48.406 -134.309 jng-treebark-01-4x4
1692 1 4 1856 0 -1 0 326.218 36.706 -205.475 319.848 29.467 -210.527 332.361 52.777 -193.113 jng-treebark-01-4x4
1693 1 4 1873 0 -1 0 397.331 34.753 -350.357 390.303 27.727 -354.443 408.134 50.350 -341.679 jng-treebark-01-4x4
1694 1 4 1874 0 -1 0 389.335 34.753 -334.495 378.165 27.727 -342.681 396.373 50.350 -330.467 jng-treebark-01-4x4
1695 1 0 1000 0 -1 0 248.917 11.355 -256.078 240.256 -0.862 -259.978 256.972 23.202 -253.255 jng-rockwall-01
1696 1 0 655 0 -1 0 397.686 6.051 -114.014 391.234 -6.566 -119.702 402.820 18.205 -110.333 jng-rockwall-01
1697 1 0 658 0 -1 0 397.588 32.431 -113.079 393.125 19.372 -120.882 403.458 44.536 -108.437 jng-rockwall-01
1698 1 0 664 0 -1 0 479.346 40.881 -174.939 474.720 30.651 -179.545 482.922 49.902 -168.925 jng-rockwall-01
1699 1 0 667 0 -1 0 506.874 -2.133 -175.411 501.674 -17.232 -179.383 509.535 12.293 -171.543 jng-rockwall-01
1700 1 0 670 0 -1 0 422.322 52.596 -183.031 417.697 42.221 -186.010 426.925 61.706 -179.061 jng-rockwall-01
1701 1 0 673 0 -1 0 449.623 9.328 -195.736 444.899 -3.880 -198.860 454.039 21.848 -189.871 jng-rockwall-01
1702 1 0 697 0 -1 0 210.035 11.210 -166.159 204.743 1.362 -171.838 214.182 22.628 -162.109 jng-rockwall-01
1703 1 0 801 0 -1 0 487.939 35.801 -312.973 485.976 32.619 -323.327 491.250 39.250 -302.620 jng-rockwall-01
1704 1 0 676 0 -1 0 366.560 9.046 -120.230 362.964 -6.813 -126.788 371.170 23.339 -116.626 jng-rockwall-01
1705 1 0 703 0 -1 0 197.192 35.560 -229.510 191.658 22.216 -233.140 201.744 48.029 -222.647 jng-rockwall-01
1706 1 4 1850 0 -1 0 386.135 30.287 -169.935 381.965 22.103 -185.172 393.006 46.487 -161.902 jng-treebark-01-4x4
1707 1 4 1851 0 -1 0 378.389 39.799 -192.373 371.005 31.390 -204.068 385.025 58.468 -187.505 jng-treebark-01-4x4
1708 1 4 1852 0 -1 0 373.132 28.256 -166.294 362.516 19.848 -173.169 377.673 46.926 -157.390 jng-treebark-01-4x4
1709 1 4 1854 0 -1 0 355.095 30.335 -170.777 352.381 21.926 -184.474 359.709 49.004 -165.099 jng-treebark-01-4x4
1710 1 4 1855 0 -1 0 323.769 39.119 -211.307 318.345 30.710 -214.653 337.117 57.788 -205.731 jng-treebark-01-4x4
1711 1 4 1857 0 -1 0 308.639 30.391 -135.736 305.097 22.647 -143.236 315.907 48.601 -130.061 jng-treebark-01-4x4
1712 1 4 1858 0 -1 0 289.600 30.640 -136.003 282.514 22.362 -148.408 296.017 48.979 -131.024 jng-treebark-01-4x4
1713 1 4 1859 0 -1 0 308.579 30.363 -158.996 303.620 21.880 -164.099 320.600 49.526 -153.223 jng-treebark-01-4x4
1714 1 4 1860 0 -1 0 288.228 29.445 -165.101 284.469 21.184 -180.217 293.525 46.291 -157.448 jng-treebark-01-4x4
1715 1 4 1861 0 -1 0 290.684 32.330 -191.818 279.123 23.795 -197.710 297.717 51.570 -188.474 jng-treebark-01-4x4
1716 1 4 1862 0 -1 0 231.784 47.787 -278.361 227.042 38.333 -282.622 237.356 68.270 -269.129 jng-treebark-01-4x4
1717 1 4 1863 0 -1 0 243.134 47.219 -254.404 238.103 38.810 -260.717 255.416 65.889 -247.992 jng-treebark-01-4x4
1718 1 4 1864 0 -1 0 231.991 47.948 -290.056 222.894 38.857 -294.766 237.085 68.662 -286.590 jng-treebark-01-4x4
1719 1 4 1865 0 -1 0 473.291 29.524 -318.712 468.638 20.228 -323.514 477.395 49.120 -306.937 jng-treebark-01-4x4
1720 1 4 1866 0 -1 0 467.418 26.795 -302.898 455.858 18.260 -308.790 474.451 46.035 -299.554 jng-treebark-01-4x4
1721 1 4 1868 0 -1 0 467.307 26.589 -330.939 460.365 17.983 -335.864 473.998 46.022 -320.137 jng-treebark-01-4x4
1722 1 4 1869 0 -1 0 458.651 25.439 -347.940 454.278 16.949 -359.053 468.585 43.330 -340.251 jng-treebark-01-4x4
1723 1 4 1870 0 -1 0 461.199 28.151 -341.206 451.331 18.804 -344.980 465.976 48.936 -337.531 jng-treebark-01-4x4
1724 1 4 1871 0 -1 0 435.166 32.165 -360.886 429.999 23.629 -367.384 447.766 50.577 -354.138 jng-treebark-01-4x4
1725 1 4 1872 0 -1 0 416.855 51.480 -359.658 411.295 43.026 -364.617 420.284 71.404 -348.391 jng-treebark-01-4x4
1726 1 4 1875 0 -1 0 385.034 38.995 -362.580 379.473 30.541 -367.538 388.462 58.919 -351.312 jng-treebark-01-4x4
1727 1 4 1876 0 -1 0 369.928 40.982 -364.750 366.247 32.381 -370.416 373.290 60.789 -353.350 jng-treebark-01-4x4
1728 1 4 1878 0 -1 0 302.171 16.870 -352.286 298.339 8.290 -357.593 305.251 36.734 -340.626 jng-treebark-01-4x4
1729 1 4 1879 0 -1 0 313.581 21.010 -361.312 306.935 12.514 -365.576 321.627 40.804 -352.291 jng-treebark-01-4x4
1730 1 4 1880 0 -1 0 326.223 18.191 -361.615 318.274 9.752 -364.691 341.527 35.171 -357.403 jng-treebark-01-4x4
1731 1 4 1882 0 -1 0 282.687 39.135 -330.464 278.855 30.555 -335.771 285.767 58.999 -318.804 jng-treebark-01-4x4
1732 1 4 1883 0 -1 0 286.687 36.047 -324.866 281.859 29.321 -330.413 289.653 50.978 -314.934 jng-treebark-01-4x4
1733 1 4 1884 0 -1 0 261.612 39.470 -323.795 255.886 31.014 -327.289 274.451 58.539 -320.329 jng-treebark-01-4x4
1734 1 4 1885 0 -1 0 243.496 47.946 -296.051 238.621 39.281 -298.548 253.505 68.723 -291.532 jng-treebark-01-4x4
1735 1 4 1886 0 -1 0 243.459 49.321 -305.835 238.842 40.803 -312.196 254.030 68.959 -299.760 jng-treebark-01-4x4
1736 1 4 1887 0 -1 0 253.129 38.323 -306.058 250.506 29.913 -319.720 257.996 56.992 -300.457 jng-treebark-01-4x4
1737 1 4 1888 0 -1 0 243.376 50.858 -318.654 240.636 42.383 -330.643 247.359 70.563 -312.916 jng-treebark-01-4x4
1738 1 4 1890 0 -1 0 265.736 41.956 -329.449 262.381 33.519 -340.386 270.902 61.720 -323.161 jng-treebark-01-4x4
1739 1 41 1606 0 -1 0 249.562 32.275 -204.326 248.438 27.333 -205.441 250.566 35.379 -203.310 jng-ropebridge-anchor-01
1740 1 41 1607 0 -1 0 244.329 32.652 -208.195 243.205 27.765 -209.311 245.333 35.723 -207.179 jng-ropebridge-anchor-01
1741 1 41 1610 0 -1 0 287.836 32.656 -268.111 286.711 27.714 -269.227 288.840 35.761 -267.095 jng-ropebridge-anchor-01
1742 1 41 1611 0 -1 0 293.141 32.656 -264.395 292.017 27.714 -265.510 294.145 35.761 -263.379 jng-ropebridge-anchor-01
1743 1 41 1612 0 -1 0 363.523 32.809 -341.242 362.287 27.727 -342.208 364.607 36.002 -340.232 jng-ropebridge-anchor-01
1744 1 41 1613 0 -1 0 365.765 33.262 -335.106 364.530 28.180 -336.072 366.849 36.455 -334.097 jng-ropebridge-anchor-01
1745 1 41 1614 0 -1 0 297.677 33.800 -306.615 296.437 28.718 -307.559 298.765 36.993 -305.614 jng-ropebridge-anchor-01
1746 1 41 1615 0 -1 0 295.248 33.800 -312.747 294.008 28.718 -313.692 296.336 36.993 -311.746 jng-ropebridge-anchor-01
1747 1 4 1893 0 -1 0 312.738 24.421 -136.506 312.133 22.663 -137.150 313.266 26.272 -135.382 jng-treebark-01-4x4
1748 1 4 1896 0 -1 0 350.550 25.421 -171.437 350.033 23.663 -172.093 351.478 27.272 -170.519 jng-treebark-01-4x4
1749 1 4 1899 0 -1 0 357.190 23.421 -171.347 356.092 21.663 -171.749 357.829 25.272 -170.843 jng-treebark-01-4x4
1750 1 4 1902 0 -1 0 322.770 21.421 -184.032 322.050 19.663 -185.095 323.182 23.272 -183.343 jng-treebark-01-4x4
1751 1 4 1905 0 -1 0 321.304 24.421 -192.920 320.646 22.663 -193.489 322.379 26.272 -192.565 jng-treebark-01-4x4
1752 1 4 1908 0 -1 0 303.847 23.421 -139.660 302.875 21.663 -140.536 304.391 25.272 -139.021 jng-treebark-01-4x4
1753 1 4 1911 0 -1 0 301.795 24.421 -184.549 301.130 22.663 -185.140 302.871 26.272 -184.185 jng-treebark-01-4x4
1754 1 4 1914 0 -1 0 296.770 23.421 -185.561 295.798 21.663 -186.437 297.314 25.272 -184.922 jng-treebark-01-4x4
1755 1 4 1917 0 -1 0 299.748 26.310 -190.590 298.681 24.413 -190.995 300.432 28.311 -189.859 jng-treebark-01-4x4
1756 1 4 1920 0 -1 0 242.858 39.421 -252.523 242.333 37.663 -253.613 243.240 41.272 -251.879 jng-treebark-01-4x4
1757 1 0 1325 0 -1 0 389.999 22.146 -177.043 387.770 17.978 -178.809 393.239 26.449 -176.235 jng-rockwall-01
1758 1 0 1328 0 -1 0 369.395 21.904 -187.799 367.005 17.775 -190.551 372.242 26.166 -185.592 jng-rockwall-01
1759 1 0 1331 0 -1 0 347.724 21.836 -190.624 345.439 17.623 -192.213 350.909 26.126 -189.888 jng-rockwall-01
1760 1 16 2738 0 -1 0 349.292 49.208 -209.875 344.323 43.401 -212.848 354.601 52.307 -206.894 cmn-precursor-plainstripe-hitweak
1761 1 16 2739 0 -1 0 331.020 49.208 -228.136 328.039 43.401 -233.445 333.992 52.307 -223.167 cmn-precursor-plainstripe-hitweak
1762 1 16 2740 0 -1 0 338.344 49.208 -217.188 334.121 43.401 -221.670 342.826 52.307 -212.964 cmn-precursor-plainstripe-hitweak
1763 1 16 2741 0 -1 0 330.819 73.587 -253.456 327.901 67.780 -258.440 333.717 76.687 -248.130 cmn-precursor-plainstripe-hitweak
1764 1 16 2742 0 -1 0 337.952 73.587 -264.529 333.769 67.780 -268.791 342.384 76.687 -259.997 cmn-precursor-plainstripe-hitweak
1765 1 16 2743 0 -1 0 348.785 73.587 -272.013 343.833 67.780 -275.057 354.076 76.687 -268.966 cmn-precursor-plainstripe-hitweak
1766 1 0 736 0 -1 0 286.979 16.962 -360.763 282.547 3.372 -365.392 290.646 29.206 -354.851 jng-rockwall-01
1767 1 4 1538 0 -1 0 349.018 25.427 -139.847 345.508 18.015 -142.590 351.323 31.483 -136.518 jng-treebark-01-4x4
1768 1 4 1539 0 -1 0 346.294 24.427 -145.726 342.506 17.015 -148.452 349.080 30.483 -142.558 jng-treebark-01-4x4
1769 1 4 1540 0 -1 0 354.828 24.427 -144.411 352.159 17.015 -147.254 357.968 30.483 -140.647 jng-treebark-01-4x4
1770 1 4 1541 0 -1 0 323.079 22.427 -138.855 320.516 15.015 -142.027 326.184 28.483 -136.161 jng-treebark-01-4x4
1771 1 4 1542 0 -1 0 315.510 22.427 -133.399 312.879 15.015 -136.443 318.339 28.483 -130.617 jng-treebark-01-4x4
1772 1 4 1543 0 -1 0 335.317 23.427 -143.786 333.007 16.015 -147.119 338.873 29.483 -141.017 jng-treebark-01-4x4
1773 1 4 1544 0 -1 0 329.122 23.427 -139.322 326.428 16.015 -141.886 332.294 29.483 -136.218 jng-treebark-01-4x4
1774 1 4 1545 0 -1 0 351.244 23.427 -162.755 347.516 16.015 -165.306 354.149 29.483 -159.691 jng-treebark-01-4x4
1775 1 4 1546 0 -1 0 316.932 23.427 -196.889 314.017 16.015 -199.926 320.643 29.483 -194.374 jng-treebark-01-4x4
1776 1 4 1547 0 -1 0 323.287 24.427 -197.481 320.774 17.015 -200.713 326.516 30.483 -194.850 jng-treebark-01-4x4
1777 1 4 1548 0 -1 0 307.045 24.427 -192.064 304.118 17.015 -195.048 310.719 30.483 -189.617 jng-treebark-01-4x4
1778 1 4 1849 0 -1 0 388.827 27.169 -165.673 383.717 19.794 -170.544 393.326 42.118 -153.029 jng-treebark-01-4x4
1779 1 4 1867 0 -1 0 472.533 29.801 -303.274 460.530 20.805 -311.564 477.798 47.237 -290.113 jng-treebark-01-4x4
1780 1 4 1877 0 -1 0 368.094 42.055 -367.243 364.297 31.511 -380.883 375.583 64.331 -359.230 jng-treebark-01-4x4
1781 1 4 1881 0 -1 0 329.717 15.293 -364.568 323.151 4.708 -368.801 337.403 39.745 -355.821 jng-treebark-01-4x4
1782 1 4 1889 0 -1 0 292.784 20.758 -346.509 284.129 10.298 -354.849 297.316 44.355 -336.278 jng-treebark-01-4x4
1783 1 0 790 0 -1 0 240.942 13.233 -251.730 232.334 -1.805 -259.639 249.381 28.910 -247.087 jng-rockwall-01
1784 1 0 802 0 -1 0 489.845 41.145 -312.544 486.510 33.718 -322.597 493.760 46.293 -302.611 jng-rockwall-01
1785 1 0 812 0 -1 0 378.280 8.724 -331.314 372.620 -2.016 -336.459 385.701 19.413 -327.966 jng-rockwall-01
1786 1 0 826 0 -1 0 286.945 33.059 -357.471 283.462 23.253 -363.816 289.920 42.983 -353.142 jng-rockwall-01
1787 1 0 830 0 -1 0 243.766 42.426 -334.696 234.659 36.476 -343.106 251.888 50.505 -327.972 jng-rockwall-01
1788 1 229 2149 0 -1 0 279.543 29.314 -290.933 277.309 28.724 -293.167 281.778 29.490 -288.698 pal-environment-front
1789 1 229 2150 0 -1 0 269.516 31.314 -301.656 267.281 30.724 -303.891 271.750 31.490 -299.422 pal-environment-front
1790 1 229 2151 0 -1 0 271.377 30.314 -293.639 269.142 29.724 -295.873 273.611 30.490 -291.405 pal-environment-front
1791 1 229 2152 0 -1 0 287.626 28.314 -293.140 285.392 27.724 -295.374 289.860 28.490 -290.905 pal-environment-front
1792 1 229 2153 0 -1 0 289.358 34.848 -301.574 287.123 34.112 -303.809 291.592 35.069 -299.340 pal-environment-front
1793 1 229 2154 0 -1 0 287.168 34.171 -308.712 284.933 33.435 -310.947 289.402 34.392 -306.478 pal-environment-front
1794 1 229 2155 0 -1 0 279.601 33.312 -311.776 277.366 32.723 -314.011 281.835 33.489 -309.542 pal-environment-front
1795 1 229 2156 0 -1 0 271.616 32.312 -309.409 269.382 31.723 -311.643 273.850 32.489 -307.174 pal-environment-front
1796 1 0 929 0 -1 0 236.829 31.190 -249.103 232.438 25.850 -254.429 241.014 35.537 -245.668 jng-rockwall-01
1797 1 0 630 0 -1 0 380.020 43.019 -376.111 376.250 33.314 -380.713 384.170 52.723 -373.674 jng-rockwall-01
1798 1 229 2785 0 -1 0 368.152 75.633 -229.521 363.100 50.492 -232.661 372.684 88.632 -226.832 pal-environment-front
1799 1 229 2788 0 -1 0 358.027 75.633 -228.782 353.107 50.492 -231.295 363.312 88.632 -226.501 pal-environment-front
1800 1 229 2791 0 -1 0 373.702 75.633 -247.068 370.533 50.492 -251.580 376.408 88.632 -242.030 pal-environment-front
1801 1 229 2794 0 -1 0 365.914 75.633 -253.473 360.586 50.492 -255.641 370.917 88.632 -251.133 pal-environment-front
1802 1 229 2797 0 -1 0 374.592 75.633 -237.173 372.192 50.492 -242.487 376.798 88.632 -232.198 pal-environment-front
1803 1 229 2800 0 -1 0 350.499 75.633 -235.489 347.898 50.492 -240.603 353.504 88.632 -230.862 pal-environment-front
1804 1 0 712 0 -1 0 208.222 9.077 -267.064 200.308 -5.215 -272.502 214.866 20.471 -262.409 jng-rockwall-01
1805 1 229 2910 0 -1 0 387.991 31.174 -214.014 368.968 19.928 -234.374 402.452 37.381 -200.765 pal-environment-front
1806 1 43 2919 0 -1 0 368.056 80.754 -200.247 366.347 78.330 -201.971 369.396 82.455 -198.922 jng-precursor-glass-b-01
1807 1 43 2920 0 -1 0 356.350 80.754 -200.266 355.024 78.330 -201.975 358.074 82.455 -198.926 jng-precursor-glass-b-01
1808 1 43 2922 0 -1 0 368.074 80.754 -211.953 366.351 78.330 -213.293 369.400 82.455 -210.244 jng-precursor-glass-b-01
1809 1 43 2923 0 -1 0 356.368 80.754 -211.972 355.028 78.330 -213.297 358.077 82.455 -210.248 jng-precursor-glass-b-01
1810 1 43 2924 0 -1 0 402.880 67.647 -246.905 401.156 65.223 -248.245 404.205 69.348 -245.196 jng-precursor-glass-b-01
1811 1 43 2925 0 -1 0 402.861 67.647 -235.199 401.152 65.223 -236.923 404.201 69.348 -233.874 jng-precursor-glass-b-01
1812 1 43 2926 0 -1 0 391.173 67.647 -246.924 389.833 65.223 -248.249 392.882 69.348 -245.200 jng-precursor-glass-b-01
1813 1 43 2927 0 -1 0 391.155 67.647 -235.218 389.830 65.223 -236.927 392.879 69.348 -233.878 jng-precursor-glass-b-01
1814 1 43 2928 0 -1 0 368.074 98.054 -281.705 366.351 95.630 -283.045 369.400 99.755 -279.995 jng-precursor-glass-b-01
1815 1 43 2929 0 -1 0 368.056 98.054 -269.999 366.347 95.630 -271.722 369.396 99.755 -268.673 jng-precursor-glass-b-01
1816 1 43 2932 0 -1 0 333.264 89.892 -246.894 331.540 87.468 -248.234 334.589 91.593 -245.185 jng-precursor-glass-b-01
1817 1 43 2934 0 -1 0 333.245 89.892 -235.188 331.536 87.468 -236.912 334.585 91.593 -233.863 jng-precursor-glass-b-01
1818 1 43 2935 0 -1 0 321.558 89.892 -246.913 320.218 87.468 -248.238 323.267 91.593 -245.189 jng-precursor-glass-b-01
1819 1 43 2936 0 -1 0 321.539 89.892 -235.207 320.214 87.468 -236.916 323.263 91.593 -233.867 jng-precursor-glass-b-01
1820 1 43 2937 0 -1 0 356.368 98.054 -281.723 355.028 95.630 -283.048 358.077 99.755 -279.999 jng-precursor-glass-b-01
1821 1 43 2938 0 -1 0 356.350 98.054 -270.017 355.024 95.630 -271.726 358.074 99.755 -268.677 jng-precursor-glass-b-01
1822 1 229 2771 0 -1 0 381.981 30.108 -237.998 375.833 19.542 -239.581 387.829 35.672 -235.901 pal-environment-front
1823 1 0 396 0 -1 0 339.993 23.585 -272.519 337.241 19.444 -274.504 344.035 28.656 -269.458 jng-rockwall-01
1824 1 0 405 0 -1 0 189.004 43.841 -162.399 186.019 39.499 -164.649 191.948 49.219 -161.160 jng-rockwall-01
1825 1 0 408 0 -1 0 217.446 41.190 -165.745 215.233 36.755 -169.164 218.949 46.647 -162.764 jng-rockwall-01
1826 1 0 1360 0 -1 0 264.703 16.787 -207.683 260.023 13.726 -210.320 269.019 18.937 -204.147 jng-rockwall-01
1827 1 229 2738 0 -1 0 349.378 53.129 -210.076 342.955 43.291 -214.007 356.217 57.307 -206.700 pal-environment-front
1828 1 229 2739 0 -1 0 331.223 53.129 -228.217 327.844 43.291 -235.061 335.152 57.307 -221.799 pal-environment-front
1829 1 229 2740 0 -1 0 338.501 53.129 -217.340 333.292 43.291 -223.172 344.329 57.307 -212.136 pal-environment-front
1830 1 229 2741 0 -1 0 331.022 77.509 -253.373 327.726 67.671 -259.826 334.858 81.687 -246.514 pal-environment-front
1831 1 229 2742 0 -1 0 338.108 77.509 -264.375 332.973 67.671 -269.651 343.876 81.687 -258.485 pal-environment-front
1832 1 229 2743 0 -1 0 348.870 77.509 -271.811 342.484 67.671 -275.271 355.692 81.687 -267.788 pal-environment-front
1833 1 0 885 0 -1 0 402.478 42.007 -374.116 401.238 36.154 -375.648 404.167 48.008 -372.334 jng-rockwall-01
1834 1 0 661 0 -1 0 385.219 30.503 -147.391 380.970 15.104 -151.372 390.940 44.893 -141.903 jng-rockwall-01
1835 1 0 688 0 -1 0 244.319 7.240 -166.999 239.781 -2.463 -172.876 250.377 17.118 -163.445 jng-rockwall-01
1836 1 0 691 0 -1 0 256.603 10.291 -148.539 252.549 0.269 -153.958 262.236 20.315 -145.065 jng-rockwall-01
1837 1 0 724 0 -1 0 357.261 8.293 -342.497 353.278 -1.408 -348.524 362.696 17.827 -337.901 jng-rockwall-01
1838 1 39 2169 0 -1 0 317.964 2.475 -325.996 316.232 2.287 -327.418 319.701 2.709 -324.027 gen-metal-plain
1839 1 0 456 0 -1 0 398.206 4.562 -320.477 395.361 0.053 -322.624 401.011 9.767 -319.274 jng-rockwall-01
1840 1 0 399 0 -1 0 319.060 20.470 -249.614 317.162 16.248 -251.331 321.813 25.388 -247.107 jng-rockwall-01
1841 1 0 750 0 -1 0 450.350 5.005 -231.257 441.177 -1.887 -238.167 458.233 10.698 -222.625 jng-rockwall-01
1842 1 0 808 0 -1 0 411.724 34.281 -356.640 406.638 20.877 -361.616 419.044 46.942 -353.091 jng-rockwall-01
1843 1 0 918 0 -1 0 394.901 12.381 -291.515 391.416 7.867 -294.005 398.119 15.960 -288.028 jng-rockwall-01
1844 1 0 482 0 -1 0 376.420 41.756 -134.570 372.834 32.338 -137.760 381.431 51.385 -129.988 jng-rockwall-01
1845 1 0 487 0 -1 0 380.578 25.997 -145.919 376.414 16.832 -149.006 385.593 35.837 -140.537 jng-rockwall-01
1846 1 0 552 0 -1 0 352.432 17.276 -288.558 348.045 7.859 -292.805 357.999 26.906 -281.933 jng-rockwall-01
1847 1 0 562 0 -1 0 323.581 4.583 -265.222 318.388 -4.835 -269.478 329.969 14.212 -258.837 jng-rockwall-01
1848 1 0 567 0 -1 0 192.446 31.315 -164.704 188.343 21.584 -170.130 197.453 41.026 -160.876 jng-rockwall-01
1849 1 0 577 0 -1 0 294.496 6.145 -222.119 290.008 -4.213 -225.976 300.189 16.735 -216.179 jng-rockwall-01
1850 1 41 1604 0 -1 0 259.122 25.993 -154.813 257.962 21.799 -155.830 260.134 28.627 -153.815 jng-ropebridge-anchor-01
1851 1 41 1605 0 -1 0 258.040 25.978 -161.234 256.881 21.785 -162.251 259.053 28.613 -160.236 jng-ropebridge-anchor-01
1852 1 41 1608 0 -1 0 202.814 25.978 -150.966 201.655 21.785 -151.982 203.827 28.613 -149.967 jng-ropebridge-anchor-01
1853 1 41 1609 0 -1 0 203.870 25.978 -144.560 202.711 21.785 -145.577 204.883 28.613 -143.561 jng-ropebridge-anchor-01
1854 1 0 1146 0 -1 0 478.925 43.500 -302.087 476.968 37.939 -303.687 481.542 46.988 -299.713 jng-rockwall-01
1855 1 0 1154 0 -1 0 295.812 13.040 -324.922 292.683 7.612 -327.130 297.335 16.670 -322.837 jng-rockwall-01
1856 1 229 2811 0 -1 0 349.199 42.240 -209.656 342.477 30.479 -212.980 356.306 52.557 -207.178 pal-environment-front
1857 1 229 2812 0 -1 0 330.799 42.240 -228.046 328.323 30.479 -235.150 334.125 52.557 -221.321 pal-environment-front
1858 1 229 2813 0 -1 0 338.174 42.240 -217.021 333.237 30.479 -222.664 343.820 52.557 -212.081 pal-environment-front
1859 1 229 2814 0 -1 0 330.599 66.619 -253.546 328.197 54.858 -260.320 333.812 76.937 -246.400 pal-environment-front
1860 1 229 2815 0 -1 0 337.783 66.619 -264.696 332.936 54.858 -269.725 343.344 76.937 -258.969 pal-environment-front
1861 1 229 2816 0 -1 0 348.692 66.619 -272.232 342.022 54.858 -274.798 355.756 76.937 -268.797 pal-environment-front
1862 1 0 1359 0 -1 0 270.984 16.888 -205.685 266.703 13.097 -208.541 274.283 19.278 -201.643 jng-rockwall-01
1863 1 229 2917 0 -1 0 384.922 31.803 -262.829 369.363 14.839 -274.906 396.472 42.605 -245.843 pal-environment-front
1864 1 0 685 0 -1 0 327.501 8.560 -267.928 322.491 -4.784 -272.592 334.075 21.029 -261.756 jng-rockwall-01
1865 1 0 700 0 -1 0 298.496 8.852 -227.710 292.972 -4.492 -232.327 305.686 21.322 -221.525 jng-rockwall-01
1866 1 0 1105 0 -1 0 483.617 29.603 -307.734 481.998 23.560 -312.921 486.457 34.832 -303.161 jng-rockwall-01
1867 1 0 441 0 -1 0 434.109 4.899 -299.150 433.287 0.973 -302.023 435.829 9.844 -296.545 jng-rockwall-01
1868 1 0 679 0 -1 0 445.681 28.578 -201.732 439.203 15.635 -206.409 451.276 41.035 -195.226 jng-rockwall-01
1869 1 0 733 0 -1 0 295.827 10.336 -308.059 288.707 -1.877 -312.829 301.301 22.731 -301.733 jng-rockwall-01
1870 1 229 2773 0 -1 0 397.019 30.730 -241.075 386.688 7.413 -251.361 407.349 44.256 -230.788 pal-environment-front
1871 1 229 2774 0 -1 0 362.211 37.583 -275.864 351.957 14.265 -286.163 372.466 51.109 -265.565 pal-environment-front
1872 1 229 2775 0 -1 0 327.413 34.219 -241.059 317.741 16.813 -250.668 337.084 43.157 -231.464 pal-environment-front
1873 1 229 2217 0 -1 0 279.462 18.498 -301.187 276.183 14.418 -304.468 282.745 24.840 -297.905 pal-environment-front
1874 1 229 2218 0 -1 0 279.462 8.498 -301.187 276.183 4.418 -304.468 282.745 14.840 -297.905 pal-environment-front
1875 1 229 2219 0 -1 0 279.462 -1.502 -301.187 276.183 -5.582 -304.468 282.745 4.840 -297.905 pal-environment-front
1876 1 229 2220 0 -1 0 279.462 -11.502 -301.187 276.183 -15.582 -304.468 282.745 -5.160 -297.905 pal-environment-front
1877 1 229 2221 0 -1 0 279.462 28.498 -301.187 276.183 24.418 -304.468 282.745 34.840 -297.905 pal-environment-front
1878 1 0 502 0 -1 0 414.537 50.850 -175.666 411.246 41.037 -180.382 419.520 59.256 -171.407 jng-rockwall-01
1879 1 0 537 0 -1 0 461.655 36.507 -260.243 457.715 27.089 -264.135 464.772 46.136 -257.531 jng-rockwall-01
1880 1 0 547 0 -1 0 437.390 36.251 -201.696 432.783 26.833 -206.141 443.022 45.880 -194.647 jng-rockwall-01
1881 1 0 572 0 -1 0 219.621 29.101 -174.813 214.304 17.840 -180.612 222.964 40.363 -169.920 jng-rockwall-01
1882 1 0 602 0 -1 0 213.367 42.604 -261.721 208.938 35.071 -265.126 217.640 50.305 -258.950 jng-rockwall-01
1883 1 0 607 0 -1 0 425.543 40.280 -371.569 422.231 30.901 -375.666 430.070 49.825 -368.338 jng-rockwall-01
1884 1 32 2149 0 -1 0 279.543 29.284 -290.933 277.309 28.724 -293.167 281.778 29.490 -288.698 jng-stonehengetop-lowtweak
1885 1 32 2150 0 -1 0 269.516 31.284 -301.656 267.281 30.724 -303.891 271.750 31.490 -299.422 jng-stonehengetop-lowtweak
1886 1 32 2151 0 -1 0 271.377 30.284 -293.639 269.142 29.724 -295.873 273.611 30.490 -291.405 jng-stonehengetop-lowtweak
1887 1 32 2152 0 -1 0 287.626 28.284 -293.140 285.392 27.724 -295.374 289.860 28.490 -290.905 jng-stonehengetop-lowtweak
1888 1 32 2153 0 -1 0 289.358 34.812 -301.574 287.123 34.112 -303.809 291.592 35.069 -299.340 jng-stonehengetop-lowtweak
1889 1 32 2154 0 -1 0 287.168 34.135 -308.712 284.933 33.435 -310.947 289.402 34.392 -306.478 jng-stonehengetop-lowtweak
1890 1 32 2155 0 -1 0 279.601 33.283 -311.776 277.366 32.723 -314.011 281.835 33.489 -309.542 jng-stonehengetop-lowtweak
1891 1 32 2156 0 -1 0 271.616 32.283 -309.409 269.382 31.723 -311.643 273.850 32.489 -307.174 jng-stonehengetop-lowtweak
1892 1 3 2270 0 -1 0 373.744 21.754 -156.369 367.759 19.931 -162.366 379.790 22.556 -150.334 jng-watchtower-base-01
1893 1 3 2271 0 -1 0 217.536 1.767 -116.639 211.550 -0.055 -122.636 223.582 2.570 -110.605 jng-watchtower-base-01
1894 1 3 2272 0 -1 0 319.747 29.117 -223.025 313.761 27.295 -229.021 325.792 29.920 -216.990 jng-watchtower-base-01
1895 1 3 2273 0 -1 0 457.889 28.686 -234.939 451.903 26.863 -240.936 463.934 29.488 -228.904 jng-watchtower-base-01
1896 1 3 2274 0 -1 0 261.772 36.839 -257.981 255.786 35.016 -263.978 267.817 37.641 -251.946 jng-watchtower-base-01
1897 1 0 785 0 -1 0 287.029 11.129 -264.808 282.545 -0.512 -269.109 292.069 24.281 -262.385 jng-rockwall-01
1898 1 0 837 0 -1 0 436.545 12.928 -235.940 434.148 8.270 -238.228 438.711 17.678 -233.183 jng-rockwall-01
1899 1 0 840 0 -1 0 481.388 2.922 -251.139 479.092 -1.842 -253.287 483.365 7.923 -249.664 jng-rockwall-01
1900 1 0 852 0 -1 0 438.004 3.899 -260.094 436.076 -0.892 -262.391 439.445 8.904 -257.306 jng-rockwall-01
1901 1 0 855 0 -1 0 324.086 19.650 -257.437 321.303 14.764 -258.946 326.153 24.654 -255.605 jng-rockwall-01
1902 1 0 888 0 -1 0 380.331 4.108 -298.209 378.478 -0.778 -300.570 381.935 9.113 -296.005 jng-rockwall-01
1903 1 0 599 0 -1 0 225.185 42.622 -264.307 221.375 35.221 -266.217 228.645 49.493 -262.116 jng-rockwall-01
1904 1 9 2776 0 -1 0 362.201 106.418 -241.058 354.706 100.195 -248.556 369.706 108.492 -233.556 cmn-precursor-metal-plain-01-hitweak
1905 1 229 2776 0 -1 0 362.201 106.418 -241.058 354.706 100.195 -248.556 369.706 108.492 -233.556 pal-environment-front
1906 1 69 2183 0 -1 0 434.923 18.334 -308.433 434.351 17.552 -308.946 435.538 19.145 -307.868 cmn-precursor-circuitpattern-01
1907 1 69 2184 0 -1 0 427.365 18.339 -316.691 426.742 17.552 -317.259 427.929 19.145 -316.181 cmn-precursor-circuitpattern-01
1908 1 70 2222 0 -1 0 279.459 34.517 -301.178 275.460 33.614 -305.178 283.460 35.411 -297.178 cmn-precursor-stonehengetop
1909 1 4 2296 0 -1 0 372.768 37.116 -157.089 370.893 34.723 -159.938 374.377 38.769 -154.501 jng-treebark-01-4x4
1910 1 4 2297 0 -1 0 368.373 43.521 -137.606 365.308 40.828 -138.723 371.713 45.542 -136.183 jng-treebark-01-4x4
1911 1 4 2299 0 -1 0 365.889 40.940 -142.043 364.672 37.191 -145.652 366.674 43.952 -138.099 jng-treebark-01-4x4
1912 1 4 2300 0 -1 0 375.119 38.758 -164.582 372.837 35.032 -166.552 377.625 41.939 -163.073 jng-treebark-01-4x4
1913 1 4 2301 0 -1 0 392.519 36.421 -164.388 389.281 32.913 -165.260 395.496 39.191 -163.298 jng-treebark-01-4x4
1914 1 4 2302 0 -1 0 369.627 41.827 -162.787 366.717 38.740 -164.626 372.260 44.197 -160.672 jng-treebark-01-4x4
1915 1 4 2303 0 -1 0 374.667 38.841 -162.535 371.665 34.890 -165.769 377.365 41.922 -159.682 jng-treebark-01-4x4
1916 1 4 2304 0 -1 0 391.014 38.584 -160.324 390.445 35.563 -162.460 391.788 41.039 -157.984 jng-treebark-01-4x4
1917 1 4 2305 0 -1 0 385.806 35.310 -163.702 382.586 32.293 -165.379 389.309 37.436 -162.331 jng-treebark-01-4x4
1918 1 4 2306 0 -1 0 390.580 39.362 -169.175 386.185 35.992 -171.236 394.626 41.731 -167.515 jng-treebark-01-4x4
1919 1 4 2307 0 -1 0 375.836 41.145 -169.264 373.901 37.667 -171.604 378.035 43.892 -166.660 jng-treebark-01-4x4
1920 1 4 2308 0 -1 0 371.394 36.005 -164.487 369.108 31.363 -167.043 374.024 39.830 -161.671 jng-treebark-01-4x4
1921 1 4 2309 0 -1 0 382.340 48.930 -194.274 378.159 45.577 -196.474 386.128 51.309 -191.732 jng-treebark-01-4x4
1922 1 4 2310 0 -1 0 374.472 50.384 -191.388 371.294 46.433 -194.011 378.001 53.464 -189.089 jng-treebark-01-4x4
1923 1 4 2311 0 -1 0 388.618 42.826 -176.654 387.193 39.389 -179.261 390.353 45.652 -174.261 jng-treebark-01-4x4
1924 1 4 2312 0 -1 0 383.821 40.532 -174.213 380.403 36.628 -176.110 387.556 43.627 -171.825 jng-treebark-01-4x4
1925 1 4 2313 0 -1 0 370.710 37.388 -169.936 368.021 34.034 -173.406 373.733 39.767 -166.039 jng-treebark-01-4x4
1926 1 4 2314 0 -1 0 375.420 53.370 -196.337 373.666 50.282 -199.427 376.890 55.739 -193.494 jng-treebark-01-4x4
1927 1 4 2320 0 -1 0 346.682 44.174 -158.298 345.791 41.539 -161.676 347.240 45.936 -155.194 jng-treebark-01-4x4
1928 1 4 2324 0 -1 0 359.445 39.466 -170.383 354.747 36.113 -171.210 363.756 41.845 -169.881 jng-treebark-01-4x4
1929 1 4 2325 0 -1 0 351.205 40.920 -171.942 347.369 36.969 -172.776 355.396 44.000 -171.478 jng-treebark-01-4x4
1930 1 4 2326 0 -1 0 355.335 47.717 -167.620 354.932 43.605 -170.322 355.973 51.052 -164.661 jng-treebark-01-4x4
1931 1 4 2327 0 -1 0 348.597 42.799 -165.645 348.094 37.309 -168.608 349.465 47.408 -162.393 jng-treebark-01-4x4
1932 1 4 2328 0 -1 0 352.309 45.322 -163.904 350.074 40.759 -165.234 354.746 49.359 -163.227 jng-treebark-01-4x4
1933 1 4 2329 0 -1 0 324.940 38.462 -167.181 322.250 35.705 -168.677 327.896 40.585 -165.897 jng-treebark-01-4x4
1934 1 4 2330 0 -1 0 329.457 37.271 -165.896 328.382 33.830 -167.895 330.124 40.322 -164.079 jng-treebark-01-4x4
1935 1 4 2332 0 -1 0 336.249 37.308 -163.002 333.823 35.091 -164.464 338.481 38.929 -161.282 jng-treebark-01-4x4
1936 1 4 2333 0 -1 0 354.537 43.906 -175.711 354.161 40.818 -179.146 355.290 46.275 -172.565 jng-treebark-01-4x4
1937 1 4 2334 0 -1 0 324.287 48.251 -206.965 323.058 44.897 -211.583 325.203 50.630 -202.728 jng-treebark-01-4x4
1938 1 4 2335 0 -1 0 328.762 48.383 -201.222 327.581 45.725 -204.188 330.220 50.423 -197.991 jng-treebark-01-4x4
1939 1 4 2337 0 -1 0 328.482 52.690 -212.836 325.354 49.603 -213.670 331.898 55.059 -212.306 jng-treebark-01-4x4
1940 1 4 2338 0 -1 0 324.096 49.704 -215.343 322.887 45.753 -219.035 325.635 52.785 -211.312 jng-treebark-01-4x4
1941 1 4 2344 0 -1 0 312.677 44.135 -160.537 309.773 41.137 -162.381 315.835 46.390 -158.996 jng-treebark-01-4x4
1942 1 4 2347 0 -1 0 294.546 40.883 -137.547 294.111 37.882 -140.732 295.118 43.195 -134.070 jng-treebark-01-4x4
1943 1 4 2348 0 -1 0 272.728 46.381 -150.338 271.186 42.849 -153.458 273.848 49.064 -146.933 jng-treebark-01-4x4
1944 1 4 2355 0 -1 0 289.918 42.277 -171.538 288.657 38.916 -174.375 291.490 44.999 -168.940 jng-treebark-01-4x4
1945 1 4 2359 0 -1 0 286.622 39.879 -196.930 284.675 36.134 -197.734 288.783 43.201 -196.007 jng-treebark-01-4x4
1946 1 4 2360 0 -1 0 286.295 46.061 -192.858 283.550 43.127 -195.410 288.801 48.254 -190.650 jng-treebark-01-4x4
1947 1 4 2361 0 -1 0 293.452 41.742 -194.346 290.421 38.158 -197.684 296.038 44.414 -190.727 jng-treebark-01-4x4
1948 1 4 2362 0 -1 0 287.554 42.647 -188.275 285.570 38.928 -192.209 289.945 45.434 -184.650 jng-treebark-01-4x4
1949 1 4 2363 0 -1 0 279.561 39.910 -193.087 279.164 37.496 -196.177 280.181 41.675 -190.250 jng-treebark-01-4x4
1950 1 4 2364 0 -1 0 303.473 42.424 -205.728 302.942 39.649 -208.577 304.029 44.520 -202.632 jng-treebark-01-4x4
1951 1 4 2365 0 -1 0 296.231 40.275 -203.016 295.474 35.657 -203.994 296.824 44.547 -202.128 jng-treebark-01-4x4
1952 1 4 2366 0 -1 0 322.098 44.577 -204.006 318.119 41.691 -206.149 326.442 46.625 -202.203 jng-treebark-01-4x4
1953 1 4 2368 0 -1 0 291.389 40.515 -200.779 289.304 37.312 -203.874 293.980 42.935 -197.945 jng-treebark-01-4x4
1954 1 4 2369 0 -1 0 290.770 41.166 -199.913 289.440 38.164 -203.022 291.661 43.478 -196.519 jng-treebark-01-4x4
1955 1 4 2371 0 -1 0 469.038 36.644 -305.733 466.669 33.798 -307.527 471.604 38.836 -303.625 jng-treebark-01-4x4
1956 1 4 2372 0 -1 0 470.118 34.462 -293.772 467.712 32.247 -295.624 472.297 36.064 -292.165 jng-treebark-01-4x4
1957 1 4 2373 0 -1 0 469.857 35.074 -301.182 468.296 31.729 -303.065 471.581 37.977 -299.585 jng-treebark-01-4x4
1958 1 4 2374 0 -1 0 470.187 36.208 -305.426 467.155 32.624 -308.764 472.773 38.880 -301.807 jng-treebark-01-4x4
1959 1 4 2375 0 -1 0 466.631 32.843 -299.619 463.894 28.983 -301.630 469.611 35.951 -297.257 jng-treebark-01-4x4
1960 1 4 2376 0 -1 0 463.029 40.526 -303.937 460.284 37.592 -306.489 465.535 42.719 -301.730 jng-treebark-01-4x4
1961 1 4 2377 0 -1 0 464.288 37.113 -299.355 462.304 33.394 -303.289 466.679 39.900 -295.729 jng-treebark-01-4x4
1962 1 4 2378 0 -1 0 457.094 35.373 -320.636 454.197 32.458 -321.544 459.744 37.752 -320.273 jng-treebark-01-4x4
1963 1 4 2379 0 -1 0 448.281 34.728 -328.641 445.607 32.912 -329.858 451.195 35.937 -327.792 jng-treebark-01-4x4
1964 1 4 2380 0 -1 0 454.843 33.259 -327.365 451.585 29.352 -328.511 457.816 36.552 -326.811 jng-treebark-01-4x4
1965 1 4 2381 0 -1 0 453.526 34.345 -323.625 453.158 30.782 -324.918 454.455 37.605 -322.214 jng-treebark-01-4x4
1966 1 4 2382 0 -1 0 409.367 48.910 -352.400 407.722 45.737 -354.841 411.214 51.354 -349.665 jng-treebark-01-4x4
1967 1 4 2383 0 -1 0 407.026 47.582 -340.764 405.027 45.030 -342.933 408.770 49.447 -338.794 jng-treebark-01-4x4
1968 1 4 2384 0 -1 0 405.215 45.324 -347.072 403.336 40.985 -349.880 407.358 48.805 -343.952 jng-treebark-01-4x4
1969 1 4 2385 0 -1 0 408.800 47.539 -347.804 407.114 43.579 -349.073 410.658 51.051 -346.894 jng-treebark-01-4x4
1970 1 4 2386 0 -1 0 394.252 42.390 -347.261 391.351 39.588 -350.877 397.600 44.377 -343.958 jng-treebark-01-4x4
1971 1 4 2387 0 -1 0 385.075 46.101 -337.021 382.423 43.522 -339.473 387.481 48.080 -334.887 jng-treebark-01-4x4
1972 1 4 2389 0 -1 0 386.071 43.603 -332.088 383.925 40.302 -335.643 388.626 46.176 -328.811 jng-treebark-01-4x4
1973 1 4 2390 0 -1 0 401.470 46.101 -347.641 399.158 43.522 -349.878 404.036 48.080 -345.093 jng-treebark-01-4x4
1974 1 4 2391 0 -1 0 358.182 47.072 -348.957 357.329 44.659 -351.944 359.276 48.837 -346.207 jng-treebark-01-4x4
1975 1 4 2392 0 -1 0 365.797 47.042 -351.552 363.994 43.296 -352.654 367.852 50.364 -350.343 jng-treebark-01-4x4
1976 1 4 2393 0 -1 0 366.945 49.201 -347.571 364.849 46.200 -350.561 368.821 51.513 -344.910 jng-treebark-01-4x4
1977 1 4 2394 0 -1 0 367.455 47.915 -352.651 365.421 44.169 -353.695 369.299 51.237 -351.217 jng-treebark-01-4x4
1978 1 4 2395 0 -1 0 371.395 45.827 -353.555 368.965 41.722 -356.969 373.536 49.119 -350.493 jng-treebark-01-4x4
1979 1 4 2396 0 -1 0 370.394 48.328 -353.793 368.606 45.326 -356.731 371.778 50.640 -350.585 jng-treebark-01-4x4
1980 1 4 2397 0 -1 0 400.709 43.603 -352.623 398.016 40.302 -355.808 402.993 46.176 -349.173 jng-treebark-01-4x4
1981 1 4 2398 0 -1 0 362.954 44.953 -354.427 360.928 40.849 -357.786 364.555 48.246 -350.757 jng-treebark-01-4x4
1982 1 4 2399 0 -1 0 369.249 47.946 -360.484 367.279 45.532 -362.622 371.502 49.711 -358.124 jng-treebark-01-4x4
1983 1 4 2400 0 -1 0 294.669 45.240 -320.537 291.889 43.054 -321.071 297.218 46.838 -319.682 jng-treebark-01-4x4
1984 1 4 2401 0 -1 0 247.347 60.791 -256.996 244.396 57.703 -258.496 250.561 63.160 -255.776 jng-treebark-01-4x4
1985 1 4 2402 0 -1 0 244.024 58.185 -250.512 240.991 55.184 -252.316 246.733 60.497 -248.486 jng-treebark-01-4x4
1986 1 4 2403 0 -1 0 231.169 56.930 -253.174 228.980 54.516 -255.372 233.577 58.695 -251.260 jng-treebark-01-4x4
1987 1 4 2405 0 -1 0 242.503 57.804 -258.397 240.490 53.853 -261.755 244.848 60.885 -254.711 jng-treebark-01-4x4
1988 1 4 2407 0 -1 0 238.940 56.899 -251.150 237.945 53.153 -253.020 240.335 60.221 -249.090 jng-treebark-01-4x4
1989 1 4 2409 0 -1 0 252.325 51.894 -310.961 251.929 48.806 -314.404 252.926 54.263 -307.807 jng-treebark-01-4x4
1990 1 4 2410 0 -1 0 249.192 48.907 -307.013 245.379 44.956 -308.025 253.359 51.988 -306.356 jng-treebark-01-4x4
1991 1 4 2411 0 -1 0 289.603 45.200 -325.744 289.082 41.808 -327.776 290.141 48.209 -323.879 jng-treebark-01-4x4
1992 1 4 2412 0 -1 0 288.354 43.312 -322.305 285.037 39.594 -322.847 291.981 46.294 -321.736 jng-treebark-01-4x4
1993 1 4 2413 0 -1 0 289.063 44.526 -322.648 285.935 41.365 -324.212 291.928 46.990 -321.412 jng-treebark-01-4x4
1994 1 4 2414 0 -1 0 285.976 46.371 -328.644 283.083 43.653 -329.101 289.134 48.466 -328.144 jng-treebark-01-4x4
1995 1 4 2415 0 -1 0 283.698 43.357 -326.693 280.630 40.674 -328.389 287.034 45.261 -324.626 jng-treebark-01-4x4
1996 1 4 2416 0 -1 0 285.329 46.915 -321.139 283.723 44.445 -323.325 286.675 48.810 -318.769 jng-treebark-01-4x4
1997 1 17 2744 0 -1 0 362.210 63.142 -206.125 354.741 56.869 -213.594 369.678 69.431 -198.656 gen-metal-dark-hitweak
1998 1 17 2745 0 -1 0 362.210 75.015 -206.125 354.741 68.742 -213.594 369.678 81.304 -198.656 gen-metal-dark-hitweak
1999 1 17 2746 0 -1 0 362.210 51.064 -206.125 354.741 44.790 -213.594 369.678 57.353 -198.656 gen-metal-dark-hitweak
2000 1 17 2747 0 -1 0 397.015 50.036 -241.077 389.546 43.763 -248.545 404.484 56.325 -233.608 gen-metal-dark-hitweak
2001 1 17 2748 0 -1 0 397.015 61.909 -241.077 389.546 55.635 -248.545 404.484 68.198 -233.608 gen-metal-dark-hitweak
2002 1 17 2749 0 -1 0 362.208 94.251 -241.066 354.740 87.379 -248.534 369.677 101.141 -233.597 gen-metal-dark-hitweak
2003 1 17 2750 0 -1 0 327.399 72.281 -241.066 319.931 66.007 -248.534 334.868 78.570 -233.597 gen-metal-dark-hitweak
2004 1 17 2751 0 -1 0 327.399 84.153 -241.066 319.931 77.880 -248.534 334.868 90.443 -233.597 gen-metal-dark-hitweak
2005 1 17 2752 0 -1 0 327.399 48.384 -241.066 319.931 42.111 -248.534 334.868 54.673 -233.597 gen-metal-dark-hitweak
2006 1 17 2753 0 -1 0 327.399 60.300 -241.066 319.931 54.026 -248.534 334.868 66.589 -233.597 gen-metal-dark-hitweak
2007 1 17 2754 0 -1 0 362.210 92.315 -275.876 354.741 86.042 -283.345 369.678 98.605 -268.407 gen-metal-dark-hitweak
2008 1 17 2755 0 -1 0 362.210 56.590 -275.876 354.741 50.316 -283.345 369.678 62.879 -268.407 gen-metal-dark-hitweak
2009 1 17 2756 0 -1 0 362.210 68.505 -275.876 354.741 62.231 -283.345 369.678 74.794 -268.407 gen-metal-dark-hitweak
2010 1 17 2757 0 -1 0 362.210 80.443 -275.876 354.741 74.169 -283.345 369.678 86.732 -268.407 gen-metal-dark-hitweak
2011 1 69 2941 0 -1 0 369.837 50.040 -204.360 369.465 48.897 -205.488 370.104 51.182 -203.253 cmn-precursor-circuitpattern-01
2012 1 69 2942 0 -1 0 386.125 33.649 -267.344 385.230 32.506 -268.073 386.963 34.791 -266.549 cmn-precursor-circuitpattern-01
2013 1 229 2913 0 -1 0 337.707 47.227 -216.532 336.100 43.254 -219.411 340.596 51.192 -214.915 pal-environment-front
2014 1 0 1142 0 -1 0 258.740 29.482 -253.096 255.962 25.464 -256.826 260.319 33.324 -250.698 jng-rockwall-01
2015 1 28 1669 0 -1 0 378.593 24.567 -165.732 377.711 20.785 -166.911 380.272 28.202 -164.948 jng-treebark-02
2016 1 28 1672 0 -1 0 344.421 27.134 -131.333 343.413 23.536 -132.020 345.906 30.392 -130.323 jng-treebark-02
2017 1 28 1675 0 -1 0 320.569 24.787 -133.683 318.930 21.657 -135.956 321.336 27.135 -130.636 jng-treebark-02
2018 1 28 1678 0 -1 0 331.018 24.958 -167.483 329.728 21.729 -168.670 331.853 27.871 -166.686 jng-treebark-02
2019 1 28 1684 0 -1 0 292.564 26.183 -131.227 291.527 22.667 -132.389 294.011 29.354 -130.219 jng-treebark-02
2020 1 28 1687 0 -1 0 301.000 24.993 -204.669 298.389 20.929 -205.727 302.635 28.405 -204.052 jng-treebark-02
2021 1 28 1690 0 -1 0 286.937 26.465 -194.523 285.856 22.949 -195.430 288.450 29.637 -193.320 jng-treebark-02
2022 1 28 1693 0 -1 0 268.518 28.902 -144.712 267.450 24.714 -145.661 270.063 32.681 -143.347 jng-treebark-02
2023 1 28 1696 0 -1 0 237.529 43.485 -249.188 236.540 39.969 -249.995 239.039 46.657 -247.902 jng-treebark-02
2024 1 28 1699 0 -1 0 233.959 44.076 -279.910 232.574 40.620 -280.817 236.052 47.056 -278.708 jng-treebark-02
2025 1 28 1702 0 -1 0 235.590 44.518 -291.522 233.687 41.122 -292.530 236.469 47.687 -289.987 jng-treebark-02
2026 1 28 1705 0 -1 0 471.601 26.183 -312.059 469.484 21.788 -313.060 472.966 29.933 -310.498 jng-treebark-02
2027 1 28 1708 0 -1 0 472.522 22.742 -301.535 471.837 19.491 -302.771 473.837 25.757 -300.684 jng-treebark-02
2028 1 28 1711 0 -1 0 452.895 22.102 -324.991 452.330 18.834 -326.198 453.621 24.909 -323.190 jng-treebark-02
2029 1 28 1714 0 -1 0 442.855 33.658 -359.384 442.114 30.234 -361.308 444.190 36.691 -358.141 jng-treebark-02
2030 1 28 1717 0 -1 0 410.594 33.372 -346.544 409.866 29.656 -347.914 411.757 36.724 -345.647 jng-treebark-02
2031 1 28 1720 0 -1 0 414.195 50.303 -364.383 413.454 46.879 -366.307 415.530 53.335 -363.140 jng-treebark-02
2032 1 28 1723 0 -1 0 395.696 35.987 -365.049 394.892 31.634 -365.987 396.936 39.995 -363.348 jng-treebark-02
2033 1 28 1726 0 -1 0 403.673 34.442 -365.693 402.213 30.047 -367.305 404.609 38.333 -364.599 jng-treebark-02
2034 1 28 1729 0 -1 0 423.710 30.818 -359.815 422.105 26.491 -360.726 424.711 34.806 -358.530 jng-treebark-02
2035 1 28 1732 0 -1 0 365.459 34.501 -354.011 364.177 30.985 -355.012 366.256 37.673 -352.484 jng-treebark-02
2036 1 28 1735 0 -1 0 365.689 33.628 -349.142 364.612 30.112 -349.873 367.281 36.799 -347.884 jng-treebark-02
2037 1 28 1738 0 -1 0 379.669 38.336 -366.651 378.970 34.022 -368.658 381.032 42.152 -365.348 jng-treebark-02
2038 1 28 1741 0 -1 0 308.219 19.137 -360.867 306.352 15.143 -362.591 310.195 22.640 -359.673 jng-treebark-02
2039 1 28 1744 0 -1 0 339.278 9.348 -365.509 338.005 4.978 -367.312 340.335 13.207 -364.281 jng-treebark-02
2040 1 28 1747 0 -1 0 317.027 17.011 -361.546 316.178 12.792 -362.471 318.348 20.816 -360.260 jng-treebark-02
2041 1 28 1750 0 -1 0 291.613 33.044 -326.594 290.586 29.860 -327.921 292.555 35.916 -325.644 jng-treebark-02
2042 1 28 1753 0 -1 0 269.450 38.062 -329.515 268.120 33.667 -330.559 270.415 42.063 -328.445 jng-treebark-02
2043 1 28 1756 0 -1 0 240.733 49.470 -310.305 239.610 45.995 -311.463 241.492 52.535 -308.505 jng-treebark-02
2044 1 28 1759 0 -1 0 254.417 34.994 -321.788 252.792 31.588 -323.524 255.329 38.454 -321.013 jng-treebark-02
2045 1 28 1762 0 -1 0 288.413 34.159 -341.656 287.082 29.765 -342.701 289.377 38.161 -340.586 jng-treebark-02
2046 1 13 2599 0 -1 0 413.861 32.689 -210.650 412.588 28.711 -212.318 415.188 38.265 -208.614 jng-lrkr-bigmetal-01
2047 1 13 2600 0 -1 0 419.026 32.689 -204.287 417.064 28.711 -205.705 420.739 38.265 -203.021 jng-lrkr-bigmetal-01
2048 1 13 2601 0 -1 0 422.095 32.104 -210.027 420.268 28.147 -211.936 423.709 37.683 -208.381 jng-lrkr-bigmetal-01
2049 1 13 2602 0 -1 0 445.923 33.133 -223.000 443.528 28.110 -225.599 448.054 40.201 -220.789 jng-lrkr-bigmetal-01
2050 1 13 2603 0 -1 0 447.239 33.361 -232.449 444.658 28.103 -234.563 449.438 40.776 -230.087 jng-lrkr-bigmetal-01
2051 1 13 2604 0 -1 0 437.563 32.914 -232.717 435.725 28.117 -234.727 439.546 39.679 -230.290 jng-lrkr-bigmetal-01
2052 1 13 2605 0 -1 0 424.329 32.104 -217.118 422.812 28.147 -218.776 425.966 37.683 -215.115 jng-lrkr-bigmetal-01
2053 1 13 2606 0 -1 0 427.351 32.104 -213.449 425.524 28.147 -215.358 428.965 37.683 -211.803 jng-lrkr-bigmetal-01
2054 1 13 2607 0 -1 0 419.378 32.104 -213.478 417.861 28.147 -215.137 421.015 37.683 -211.476 jng-lrkr-bigmetal-01
2055 1 9 2773 0 -1 0 397.019 23.229 -241.075 386.688 17.913 -251.361 407.349 28.116 -230.788 cmn-precursor-metal-plain-01-hitweak
2056 1 9 2774 0 -1 0 362.212 30.082 -275.864 351.957 24.765 -286.163 372.466 34.968 -265.565 cmn-precursor-metal-plain-01-hitweak
2057 1 9 2778 0 -1 0 362.212 82.374 -206.110 354.728 80.909 -213.594 369.696 83.393 -198.625 cmn-precursor-metal-plain-01-hitweak
2058 1 9 2779 0 -1 0 397.017 69.267 -241.061 389.533 67.802 -248.546 404.502 70.287 -233.577 cmn-precursor-metal-plain-01-hitweak
2059 1 9 2780 0 -1 0 327.402 91.512 -241.051 319.917 90.047 -248.535 334.886 92.531 -233.566 cmn-precursor-metal-plain-01-hitweak
2060 1 9 2781 0 -1 0 362.212 99.674 -275.861 354.728 98.209 -283.345 369.696 100.693 -268.377 cmn-precursor-metal-plain-01-hitweak
2061 1 16 2817 0 -1 0 362.212 87.467 -206.110 353.493 85.159 -214.782 370.931 88.549 -197.438 cmn-precursor-plainstripe-hitweak
2062 1 16 2818 0 -1 0 397.017 74.361 -241.061 388.298 72.052 -249.733 405.736 75.443 -232.390 cmn-precursor-plainstripe-hitweak
2063 1 16 2819 0 -1 0 327.402 96.606 -241.051 318.683 94.297 -249.722 336.120 97.688 -232.379 cmn-precursor-plainstripe-hitweak
2064 1 16 2820 0 -1 0 362.212 104.767 -275.861 353.493 102.459 -284.533 370.931 105.850 -267.189 cmn-precursor-plainstripe-hitweak
2065 1 16 2773 0 -1 0 397.019 43.213 -241.075 388.622 41.053 -249.471 405.415 44.256 -232.678 cmn-precursor-plainstripe-hitweak
2066 1 16 2774 0 -1 0 362.212 50.066 -275.864 353.836 47.906 -284.240 370.587 51.109 -267.488 cmn-precursor-plainstripe-hitweak
2067 1 16 2775 0 -1 0 327.413 42.114 -241.058 319.069 39.954 -249.402 335.756 43.157 -232.714 cmn-precursor-plainstripe-hitweak
2068 1 73 2775 0 -1 0 327.413 31.915 -241.060 317.741 27.016 -250.668 337.084 36.610 -231.464 cmn-precursor-metal-edging-01
2069 1 0 959 0 -1 0 328.055 13.341 -129.694 324.214 3.580 -133.174 331.127 19.557 -126.743 jng-rockwall-01
2070 1 0 971 0 -1 0 296.577 13.634 -129.022 292.849 3.540 -132.254 299.674 19.997 -126.133 jng-rockwall-01
2071 1 0 979 0 -1 0 228.018 17.480 -215.106 222.959 4.500 -217.356 233.502 25.849 -211.214 jng-rockwall-01
2072 1 0 983 0 -1 0 228.209 15.694 -188.510 222.533 1.000 -192.308 234.287 25.116 -185.497 jng-rockwall-01
2073 1 0 1380 0 -1 0 437.290 11.024 -298.866 434.946 6.188 -301.602 441.057 15.293 -296.738 jng-rockwall-01
2074 1 0 1304 0 -1 0 424.483 19.487 -234.008 419.720 15.811 -235.597 428.855 23.015 -231.434 jng-rockwall-01
2075 1 0 1310 0 -1 0 310.772 18.171 -238.125 308.073 14.518 -241.099 314.960 21.667 -233.519 jng-rockwall-01
2076 1 0 1312 0 -1 0 197.122 20.399 -222.746 193.770 16.149 -227.320 199.552 22.807 -218.075 jng-rockwall-01
2077 1 0 1314 0 -1 0 198.591 17.709 -253.885 194.858 13.441 -258.281 201.162 19.983 -250.089 jng-rockwall-01
2078 1 0 1315 0 -1 0 221.871 19.576 -258.498 218.459 16.139 -262.774 226.682 22.962 -255.927 jng-rockwall-01
2079 1 70 2157 0 -1 0 416.948 1.405 -243.912 412.954 1.030 -247.912 420.954 1.780 -239.912 cmn-precursor-stonehengetop
2080 1 70 2159 0 -1 0 339.159 55.728 -236.726 335.165 55.353 -240.726 343.165 56.103 -232.726 cmn-precursor-stonehengetop
2081 1 29 2913 0 -1 0 337.392 47.224 -216.215 336.100 44.301 -218.107 339.293 50.145 -214.915 jng-light-blue
2082 1 69 2943 0 -1 0 362.196 49.061 -206.142 357.187 48.569 -211.155 367.234 49.553 -201.093 cmn-precursor-circuitpattern-01
2083 1 70 2911 0 -1 0 349.124 47.229 -209.428 346.644 43.254 -211.220 352.129 51.192 -208.005 cmn-precursor-stonehengetop
2084 1 70 2912 0 -1 0 330.603 47.229 -227.943 329.188 43.254 -230.931 332.397 51.192 -225.446 cmn-precursor-stonehengetop
2085 1 70 2913 0 -1 0 338.021 47.229 -216.849 336.100 43.254 -219.411 340.596 51.192 -214.915 cmn-precursor-stonehengetop
2086 1 70 2914 0 -1 0 337.618 71.609 -264.834 335.700 67.634 -266.771 340.153 75.571 -262.233 cmn-precursor-stonehengetop
2087 1 70 2915 0 -1 0 330.391 71.609 -253.621 328.994 67.634 -256.129 332.146 75.571 -250.608 cmn-precursor-stonehengetop
2088 1 70 2916 0 -1 0 348.590 71.609 -272.443 346.122 67.634 -273.885 351.570 75.571 -270.613 cmn-precursor-stonehengetop
2089 1 17 2859 0 -1 0 368.359 50.494 -229.123 362.806 50.104 -232.666 373.363 50.885 -226.248 gen-metal-dark-hitweak
2090 1 17 2860 0 -1 0 374.103 50.494 -247.293 370.531 50.104 -252.275 376.995 50.885 -241.755 gen-metal-dark-hitweak
2091 1 17 2861 0 -1 0 366.044 50.494 -253.909 360.168 50.104 -256.233 371.500 50.885 -251.206 gen-metal-dark-hitweak
2092 1 17 2862 0 -1 0 375.024 50.494 -237.055 372.259 50.104 -242.916 377.388 50.885 -231.632 gen-metal-dark-hitweak
2093 1 47 2910 0 -1 0 389.188 28.791 -212.784 370.109 19.928 -233.046 402.452 37.381 -200.765 cmn-precursor-circuitpattern-andwall-02-hitweak
2094 1 69 2778 0 -1 0 362.212 84.088 -206.110 356.259 83.393 -212.063 368.165 84.784 -200.157 cmn-precursor-circuitpattern-01
2095 1 69 2779 0 -1 0 397.017 70.982 -241.061 391.064 70.287 -247.015 402.970 71.677 -235.108 cmn-precursor-circuitpattern-01
2096 1 69 2780 0 -1 0 327.402 93.227 -241.051 321.449 92.531 -247.004 333.355 93.922 -235.097 cmn-precursor-circuitpattern-01
2097 1 69 2781 0 -1 0 362.212 101.389 -275.861 356.259 100.693 -281.814 368.165 102.084 -269.908 cmn-precursor-circuitpattern-01
2098 1 69 2827 0 -1 0 367.989 80.473 -200.341 365.905 76.586 -202.425 369.705 82.711 -198.625 cmn-precursor-circuitpattern-01
2099 1 69 2828 0 -1 0 362.193 105.922 -233.022 360.349 103.257 -233.205 364.036 107.457 -232.345 cmn-precursor-circuitpattern-01
2100 1 69 2829 0 -1 0 367.981 80.473 -211.887 365.897 76.586 -213.603 369.697 82.711 -209.802 cmn-precursor-circuitpattern-01
2101 1 69 2830 0 -1 0 356.443 80.473 -200.333 354.727 76.586 -202.417 358.528 82.711 -198.617 cmn-precursor-circuitpattern-01
2102 1 69 2831 0 -1 0 356.435 80.473 -211.879 354.719 76.586 -213.595 358.519 82.711 -209.794 cmn-precursor-circuitpattern-01
2103 1 69 2832 0 -1 0 402.794 67.367 -235.292 400.710 63.480 -237.377 404.510 69.605 -233.577 cmn-precursor-circuitpattern-01
2104 1 69 2833 0 -1 0 402.786 67.367 -246.839 400.702 63.480 -248.554 404.502 69.605 -244.754 cmn-precursor-circuitpattern-01
2105 1 69 2834 0 -1 0 370.236 105.922 -241.043 370.053 103.257 -242.886 370.913 107.457 -239.200 cmn-precursor-circuitpattern-01
2106 1 69 2835 0 -1 0 362.207 105.922 -249.067 360.364 103.257 -249.744 364.050 107.457 -248.884 cmn-precursor-circuitpattern-01
2107 1 69 2836 0 -1 0 367.989 97.773 -270.092 365.905 93.886 -272.176 369.705 100.011 -268.376 cmn-precursor-circuitpattern-01
2108 1 69 2837 0 -1 0 367.981 97.773 -281.638 365.897 93.886 -283.354 369.697 100.011 -279.553 cmn-precursor-circuitpattern-01
2109 1 69 2838 0 -1 0 391.240 67.367 -246.831 389.524 63.480 -248.546 393.325 69.605 -244.746 cmn-precursor-circuitpattern-01
2110 1 69 2839 0 -1 0 391.248 67.367 -235.284 389.532 63.480 -237.369 393.333 69.605 -233.569 cmn-precursor-circuitpattern-01
2111 1 69 2840 0 -1 0 354.149 105.922 -241.058 353.472 103.257 -242.901 354.332 107.457 -239.215 cmn-precursor-circuitpattern-01
2112 1 69 2841 0 -1 0 321.625 89.611 -246.820 319.909 85.725 -248.535 323.709 91.850 -244.735 cmn-precursor-circuitpattern-01
2113 1 69 2842 0 -1 0 321.633 89.611 -235.273 319.917 85.725 -237.358 323.717 91.850 -233.558 cmn-precursor-circuitpattern-01
2114 1 69 2843 0 -1 0 333.171 89.611 -246.828 331.086 85.725 -248.543 334.886 91.850 -244.743 cmn-precursor-circuitpattern-01
2115 1 69 2844 0 -1 0 333.179 89.611 -235.281 331.094 85.725 -237.366 334.894 91.850 -233.566 cmn-precursor-circuitpattern-01
2116 1 69 2845 0 -1 0 356.435 97.773 -281.630 354.719 93.886 -283.346 358.519 100.011 -279.545 cmn-precursor-circuitpattern-01
2117 1 69 2846 0 -1 0 356.443 97.773 -270.084 354.727 93.886 -272.168 358.528 100.011 -268.368 cmn-precursor-circuitpattern-01
2118 1 229 2859 0 -1 0 368.359 50.494 -229.123 362.806 50.104 -232.666 373.363 50.885 -226.248 pal-environment-front
2119 1 229 2860 0 -1 0 374.103 50.494 -247.293 370.531 50.104 -252.275 376.995 50.885 -241.755 pal-environment-front
2120 1 229 2861 0 -1 0 366.044 50.494 -253.909 360.168 50.104 -256.233 371.500 50.885 -251.206 pal-environment-front
2121 1 229 2862 0 -1 0 375.024 50.494 -237.055 372.259 50.104 -242.916 377.388 50.885 -231.632 pal-environment-front
2122 1 0 1232 0 -1 0 347.781 15.944 -129.429 344.711 13.857 -131.245 350.587 18.964 -127.944 jng-rockwall-01
2123 1 0 1234 0 -1 0 465.129 25.877 -234.104 461.395 23.648 -238.005 467.206 28.565 -230.709 jng-rockwall-01
2124 1 0 1240 0 -1 0 396.079 16.852 -254.929 393.466 14.922 -257.330 397.847 19.325 -251.677 jng-rockwall-01
2125 1 0 1242 0 -1 0 285.906 15.841 -208.185 283.582 13.534 -210.076 288.955 18.492 -205.682 jng-rockwall-01
2126 1 0 1246 0 -1 0 251.850 31.674 -248.678 248.039 29.473 -251.222 255.556 34.710 -246.583 jng-rockwall-01
2127 1 0 1248 0 -1 0 227.992 32.489 -253.536 224.844 30.553 -256.561 231.721 35.147 -251.823 jng-rockwall-01
2128 1 0 1250 0 -1 0 430.378 13.147 -311.291 427.912 11.249 -314.844 433.232 15.760 -308.314 jng-rockwall-01
2129 1 0 1252 0 -1 0 419.887 18.832 -320.537 417.319 16.578 -322.307 423.057 21.834 -318.875 jng-rockwall-01
2130 1 0 1258 0 -1 0 305.269 22.300 -296.054 301.627 20.254 -299.259 308.523 25.143 -291.858 jng-rockwall-01
2131 1 0 1337 0 -1 0 434.642 22.424 -240.742 433.149 19.169 -241.673 436.075 25.747 -239.260 jng-rockwall-01
2132 1 0 1340 0 -1 0 446.441 21.472 -216.124 443.142 16.892 -219.702 449.005 26.151 -214.601 jng-rockwall-01
2133 1 0 1346 0 -1 0 407.979 11.221 -284.433 406.086 7.937 -286.239 409.102 14.570 -282.817 jng-rockwall-01
2134 1 0 1352 0 -1 0 308.984 15.790 -127.567 306.495 12.558 -128.910 311.587 18.996 -126.950 jng-rockwall-01
2135 1 0 1355 0 -1 0 275.064 15.551 -129.302 272.389 12.353 -130.649 278.007 18.801 -128.684 jng-rockwall-01
2136 1 0 1358 0 -1 0 261.409 18.080 -189.870 259.659 15.243 -191.452 263.643 20.299 -189.015 jng-rockwall-01
2137 1 0 1361 0 -1 0 274.887 15.570 -204.267 271.225 12.533 -207.137 276.663 18.281 -202.050 jng-rockwall-01
2138 1 0 1364 0 -1 0 244.559 19.871 -185.896 242.058 16.199 -187.292 246.804 22.863 -185.098 jng-rockwall-01
2139 1 0 1373 0 -1 0 255.925 30.195 -276.189 254.678 26.296 -279.513 256.478 34.234 -274.126 jng-rockwall-01
2140 1 0 1388 0 -1 0 414.599 23.151 -324.863 413.601 21.155 -327.350 415.170 25.131 -323.306 jng-rockwall-01
2141 1 16 2847 0 -1 0 368.218 82.401 -229.395 366.192 80.019 -230.691 369.886 85.004 -228.562 cmn-precursor-plainstripe-hitweak
2142 1 16 2848 0 -1 0 357.982 82.401 -228.633 356.139 80.019 -229.671 360.073 85.004 -227.972 cmn-precursor-plainstripe-hitweak
2143 1 16 2849 0 -1 0 365.962 82.401 -253.615 363.861 80.019 -254.229 367.843 85.004 -252.648 cmn-precursor-plainstripe-hitweak
2144 1 16 2850 0 -1 0 373.830 82.401 -247.141 372.522 80.019 -248.800 374.670 85.004 -245.119 cmn-precursor-plainstripe-hitweak
2145 1 16 2851 0 -1 0 374.721 82.401 -237.132 373.731 80.019 -239.230 375.352 85.004 -235.263 cmn-precursor-plainstripe-hitweak
2146 1 16 2852 0 -1 0 350.360 82.401 -235.427 349.564 80.019 -237.472 351.600 85.004 -233.717 cmn-precursor-plainstripe-hitweak
2147 1 11 1923 0 -1 0 345.058 18.145 -143.084 344.270 17.046 -144.028 345.828 19.312 -142.248 jng-treebark-03
2148 1 11 1925 0 -1 0 357.379 18.145 -142.993 356.434 17.046 -143.769 358.214 19.312 -142.205 jng-treebark-03
2149 1 11 1927 0 -1 0 322.175 16.145 -141.629 321.357 15.046 -142.457 323.070 17.312 -140.745 jng-treebark-03
2150 1 11 1929 0 -1 0 314.264 16.145 -136.037 313.485 15.046 -136.892 315.128 17.312 -135.137 jng-treebark-03
2151 1 11 1931 0 -1 0 335.274 17.145 -146.704 334.418 16.046 -147.447 336.188 18.312 -145.871 jng-treebark-03
2152 1 11 1933 0 -1 0 331.896 17.145 -140.227 331.013 16.046 -141.045 332.724 18.312 -139.332 jng-treebark-03
2153 1 11 1935 0 -1 0 349.555 17.145 -160.375 348.731 16.046 -161.311 350.377 18.312 -159.549 jng-treebark-03
2154 1 11 1937 0 -1 0 318.690 17.145 -199.218 317.857 16.046 -200.040 319.521 18.312 -198.287 jng-treebark-03
2155 1 11 1939 0 -1 0 322.568 18.145 -200.308 321.735 17.046 -201.117 323.474 19.312 -199.439 jng-treebark-03
2156 1 11 1941 0 -1 0 308.920 18.145 -194.300 308.070 17.046 -195.113 309.763 19.312 -193.378 jng-treebark-03
2157 1 37 2109 0 -1 0 255.218 2.467 -228.653 254.353 2.273 -229.498 256.074 2.701 -227.786 jng-lamp-wood
2158 1 37 2115 0 -1 0 259.347 2.578 -239.682 258.490 2.320 -240.555 260.176 2.893 -238.798 jng-lamp-wood
2159 1 9 2786 0 -1 0 368.062 72.273 -229.695 364.695 71.788 -231.773 371.313 72.757 -228.080 cmn-precursor-metal-plain-01-hitweak
2160 1 9 2787 0 -1 0 368.062 58.511 -229.695 364.897 58.148 -231.638 371.104 58.882 -228.208 cmn-precursor-metal-plain-01-hitweak
2161 1 9 2789 0 -1 0 358.090 72.273 -228.968 354.614 71.788 -230.600 361.624 72.757 -227.861 cmn-precursor-metal-plain-01-hitweak
2162 1 9 2790 0 -1 0 358.090 58.511 -228.968 354.831 58.148 -230.490 361.427 58.882 -227.961 cmn-precursor-metal-plain-01-hitweak
2163 1 9 2792 0 -1 0 373.528 72.273 -246.977 371.430 71.788 -250.216 375.166 72.757 -243.619 cmn-precursor-metal-plain-01-hitweak
2164 1 9 2793 0 -1 0 373.528 58.511 -246.977 371.566 58.148 -250.007 375.037 58.882 -243.820 cmn-precursor-metal-plain-01-hitweak
2165 1 9 2795 0 -1 0 365.858 72.273 -253.285 362.284 71.788 -254.257 369.381 72.757 -251.776 cmn-precursor-metal-plain-01-hitweak
2166 1 9 2796 0 -1 0 365.858 58.511 -253.285 362.484 58.148 -254.164 369.162 58.882 -251.879 cmn-precursor-metal-plain-01-hitweak
2167 1 9 2798 0 -1 0 374.404 72.273 -237.232 372.853 71.788 -240.793 375.422 72.757 -233.725 cmn-precursor-metal-plain-01-hitweak
2168 1 9 2799 0 -1 0 374.404 58.511 -237.232 372.958 58.148 -240.593 375.327 58.882 -233.943 cmn-precursor-metal-plain-01-hitweak
2169 1 9 2801 0 -1 0 350.677 72.273 -235.573 349.173 71.788 -238.976 352.658 72.757 -232.266 cmn-precursor-metal-plain-01-hitweak
2170 1 9 2802 0 -1 0 350.677 58.511 -235.574 349.295 58.148 -238.774 352.528 58.882 -232.477 cmn-precursor-metal-plain-01-hitweak
2171 1 229 2786 0 -1 0 368.062 72.273 -229.695 364.695 71.788 -231.773 371.313 72.757 -228.080 pal-environment-front
2172 1 229 2787 0 -1 0 368.062 58.511 -229.695 364.897 58.148 -231.638 371.104 58.882 -228.208 pal-environment-front
2173 1 229 2789 0 -1 0 358.090 72.273 -228.968 354.614 71.788 -230.600 361.624 72.757 -227.861 pal-environment-front
2174 1 229 2790 0 -1 0 358.090 58.511 -228.968 354.831 58.148 -230.490 361.427 58.882 -227.961 pal-environment-front
2175 1 229 2792 0 -1 0 373.528 72.273 -246.977 371.430 71.788 -250.216 375.166 72.757 -243.619 pal-environment-front
2176 1 229 2793 0 -1 0 373.528 58.511 -246.977 371.566 58.148 -250.007 375.037 58.882 -243.820 pal-environment-front
2177 1 229 2795 0 -1 0 365.858 72.273 -253.285 362.284 71.788 -254.257 369.381 72.757 -251.776 pal-environment-front
2178 1 229 2796 0 -1 0 365.858 58.511 -253.285 362.484 58.148 -254.164 369.162 58.882 -251.879 pal-environment-front
2179 1 229 2798 0 -1 0 374.404 72.273 -237.232 372.853 71.788 -240.793 375.422 72.757 -233.725 pal-environment-front
2180 1 229 2799 0 -1 0 374.404 58.511 -237.232 372.958 58.148 -240.593 375.327 58.882 -233.943 pal-environment-front
2181 1 229 2801 0 -1 0 350.677 72.273 -235.573 349.173 71.788 -238.976 352.658 72.757 -232.266 pal-environment-front
2182 1 229 2802 0 -1 0 350.677 58.511 -235.574 349.295 58.148 -238.774 352.528 58.882 -232.477 pal-environment-front
2183 1 0 417 0 -1 0 242.837 4.449 -224.423 239.468 -0.017 -226.061 245.690 9.117 -221.955 jng-rockwall-01
2184 1 0 731 0 -1 0 307.558 10.376 -291.769 296.617 -1.506 -301.059 314.134 23.507 -283.553 jng-rockwall-01
2185 1 47 2939 0 -1 0 362.198 45.359 -206.129 356.265 41.678 -212.077 368.156 48.819 -200.171 cmn-precursor-circuitpattern-andwall-02-hitweak
2186 1 11 1850 0 -1 0 385.038 24.184 -166.467 380.798 18.038 -176.691 389.490 38.577 -159.835 jng-treebark-03
2187 1 11 1851 0 -1 0 380.062 33.173 -190.425 374.796 27.655 -197.417 387.181 49.140 -187.348 jng-treebark-03
2188 1 11 1852 0 -1 0 374.828 21.631 -168.223 368.477 16.113 -175.235 377.901 37.597 -162.131 jng-treebark-03
2189 1 11 1854 0 -1 0 355.540 23.710 -168.248 351.193 18.192 -176.567 361.802 39.676 -164.427 jng-treebark-03
2190 1 11 1855 0 -1 0 321.384 32.494 -210.354 318.303 26.976 -214.647 329.380 48.460 -203.529 jng-treebark-03
2191 1 11 1857 0 -1 0 307.819 24.159 -134.360 304.664 18.926 -139.114 311.807 39.382 -128.586 jng-treebark-03
2192 1 11 1858 0 -1 0 291.099 24.063 -133.773 286.196 18.465 -141.427 298.012 39.868 -130.681 jng-treebark-03
2193 1 11 1859 0 -1 0 306.552 23.624 -158.030 303.465 17.668 -162.656 313.737 39.942 -151.421 jng-treebark-03
2194 1 11 1860 0 -1 0 287.526 23.198 -161.789 283.271 17.205 -171.710 292.127 38.013 -155.654 jng-treebark-03
2195 1 11 1861 0 -1 0 293.029 25.639 -191.380 285.579 19.951 -195.370 299.409 41.910 -187.965 jng-treebark-03
2196 1 11 1862 0 -1 0 231.350 40.844 -279.803 226.302 33.932 -283.303 237.468 57.909 -274.182 jng-treebark-03
2197 1 11 1863 0 -1 0 241.041 40.594 -252.915 237.950 35.076 -257.585 248.381 56.560 -245.799 jng-treebark-03
2198 1 11 1864 0 -1 0 233.179 40.958 -289.598 227.188 34.629 -294.358 237.604 58.141 -285.588 jng-treebark-03
2199 1 11 1865 0 -1 0 473.117 22.730 -320.782 467.615 15.776 -324.000 478.809 39.304 -313.530 jng-treebark-03
2200 1 11 1866 0 -1 0 469.764 20.105 -302.460 462.314 14.417 -306.449 476.144 36.376 -299.044 jng-treebark-03
2201 1 11 1868 0 -1 0 465.135 19.990 -332.428 457.440 13.998 -336.085 470.951 36.226 -326.589 jng-treebark-03
2202 1 11 1869 0 -1 0 457.159 19.020 -345.284 453.984 13.165 -353.150 463.007 34.457 -337.813 jng-treebark-03
2203 1 11 1870 0 -1 0 462.377 21.151 -340.889 456.913 14.487 -346.554 466.223 38.387 -335.864 jng-treebark-03
2204 1 11 1871 0 -1 0 433.024 25.651 -359.027 429.857 19.920 -364.318 440.447 41.402 -351.524 jng-treebark-03
2205 1 11 1872 0 -1 0 415.954 44.630 -361.315 409.170 38.880 -364.860 420.327 61.335 -355.075 jng-treebark-03
2206 1 11 1873 0 -1 0 395.099 29.218 -351.628 388.487 24.608 -355.050 402.177 42.557 -346.430 jng-treebark-03
2207 1 11 1874 0 -1 0 391.623 29.218 -333.328 384.363 24.608 -338.233 398.132 42.557 -329.846 jng-treebark-03
2208 1 11 1875 0 -1 0 384.132 32.146 -364.237 377.348 26.395 -367.781 388.506 48.850 -357.996 jng-treebark-03
2209 1 11 1876 0 -1 0 370.248 34.136 -366.621 365.106 28.203 -371.136 374.525 50.809 -360.038 jng-treebark-03
2210 1 11 1878 0 -1 0 302.186 10.017 -354.160 296.514 4.132 -358.092 306.581 26.715 -347.482 jng-treebark-03
2211 1 11 1879 0 -1 0 311.868 14.201 -362.402 304.919 8.444 -365.991 317.377 30.816 -357.484 jng-treebark-03
2212 1 11 1880 0 -1 0 322.770 11.984 -361.779 316.278 5.843 -365.325 332.979 26.821 -356.955 jng-treebark-03
2213 1 11 1882 0 -1 0 282.702 32.282 -332.338 277.030 26.398 -336.270 287.097 48.980 -325.660 jng-treebark-03
2214 1 11 1883 0 -1 0 287.266 30.748 -326.837 283.873 26.334 -331.615 290.313 43.518 -320.564 jng-treebark-03
2215 1 11 1884 0 -1 0 259.339 32.747 -324.142 255.186 26.801 -328.841 266.995 49.010 -318.711 jng-treebark-03
2216 1 11 1885 0 -1 0 242.177 40.988 -295.478 238.567 35.069 -299.388 247.904 58.140 -289.351 jng-treebark-03
2217 1 11 1886 0 -1 0 241.874 42.504 -304.611 238.587 36.633 -309.341 247.994 59.079 -297.949 jng-treebark-03
2218 1 11 1887 0 -1 0 253.706 31.698 -303.555 249.355 26.179 -311.826 260.138 47.663 -300.041 jng-treebark-03
2219 1 11 1888 0 -1 0 243.613 44.055 -316.615 239.615 38.325 -323.641 249.333 60.627 -312.182 jng-treebark-03
2220 1 11 1890 0 -1 0 265.312 35.133 -327.511 261.722 29.410 -334.096 269.808 51.746 -321.984 jng-treebark-03
2221 1 72 2826 0 -1 0 361.745 24.773 -287.575 355.863 16.527 -289.062 367.644 31.965 -283.515 cmn-precursor-metal-plain-01
2222 1 0 603 0 -1 0 428.895 41.218 -369.321 426.902 31.006 -373.505 432.820 50.798 -367.555 jng-rockwall-01
2223 1 229 2183 0 -1 0 434.949 18.349 -308.404 434.351 17.474 -308.946 435.882 19.395 -307.509 pal-environment-front
2224 1 229 2184 0 -1 0 427.338 18.352 -316.721 426.398 17.474 -317.618 427.929 19.395 -316.181 pal-environment-front
2225 1 229 2941 0 -1 0 369.785 50.059 -204.373 368.992 48.807 -205.826 370.104 51.567 -203.152 pal-environment-front
2226 1 229 2942 0 -1 0 386.089 33.667 -267.303 384.747 32.415 -268.073 386.963 35.175 -266.043 pal-environment-front
2227 1 0 492 0 -1 0 493.267 1.087 -185.577 483.991 -11.084 -188.929 500.742 13.371 -180.284 jng-rockwall-01
2228 1 0 497 0 -1 0 458.039 46.899 -181.218 450.025 37.169 -184.926 464.774 56.209 -175.991 jng-rockwall-01
2229 1 0 532 0 -1 0 462.657 27.025 -289.578 458.890 14.269 -293.625 467.357 40.068 -284.115 jng-rockwall-01
2230 1 0 555 0 -1 0 396.374 5.181 -262.121 389.871 -5.115 -265.890 400.730 16.349 -257.646 jng-rockwall-01
2231 1 0 617 0 -1 0 404.148 35.752 -370.106 400.754 23.535 -374.805 409.727 47.780 -365.245 jng-rockwall-01
2232 1 0 622 0 -1 0 421.894 33.119 -360.740 416.531 20.677 -366.122 425.669 45.564 -356.748 jng-rockwall-01
2233 1 0 637 0 -1 0 336.322 37.393 -380.620 333.173 24.110 -385.638 340.952 50.705 -376.507 jng-rockwall-01
2234 1 0 815 0 -1 0 356.658 16.174 -357.024 352.978 1.992 -362.397 359.946 29.234 -353.925 jng-rockwall-01
2235 1 0 823 0 -1 0 295.522 10.162 -333.469 289.259 -3.080 -335.796 299.707 23.363 -330.567 jng-rockwall-01
2236 1 13 2608 0 -1 0 410.284 30.845 -195.969 405.526 29.462 -200.725 414.964 31.384 -191.288 jng-lrkr-bigmetal-01
2237 1 13 2609 0 -1 0 407.334 30.845 -199.771 402.577 29.462 -204.527 412.014 31.384 -195.090 jng-lrkr-bigmetal-01
2238 1 13 2610 0 -1 0 404.325 30.728 -203.619 399.568 29.346 -208.376 409.005 31.267 -198.938 jng-lrkr-bigmetal-01
2239 1 0 677 0 -1 0 464.654 29.617 -188.474 452.080 17.133 -197.200 472.671 42.502 -179.902 jng-rockwall-01
2240 1 0 695 0 -1 0 223.032 11.207 -175.593 216.027 1.583 -183.333 228.188 22.006 -168.486 jng-rockwall-01
2241 1 0 707 0 -1 0 226.490 43.216 -269.956 222.656 35.348 -279.430 228.998 51.207 -262.081 jng-rockwall-01
2242 1 11 1853 0 -1 0 362.067 25.000 -139.847 357.068 19.619 -144.215 369.352 39.738 -135.100 jng-treebark-03
2243 1 11 1856 0 -1 0 324.759 31.003 -207.588 317.651 26.252 -210.678 329.332 44.747 -200.201 jng-treebark-03
2244 1 0 462 0 -1 0 299.483 4.790 -308.909 297.275 0.045 -311.461 300.901 9.628 -305.414 jng-rockwall-01
2245 1 0 819 0 -1 0 363.251 10.719 -332.572 358.430 -0.378 -336.577 369.878 21.892 -329.687 jng-rockwall-01
2246 1 0 834 0 -1 0 467.584 16.050 -232.812 465.424 10.989 -235.406 469.706 21.349 -231.089 jng-rockwall-01
2247 1 0 843 0 -1 0 493.722 0.014 -257.630 489.198 -6.486 -259.488 498.643 6.576 -255.924 jng-rockwall-01
2248 1 0 849 0 -1 0 456.174 33.638 -256.422 454.947 28.752 -257.703 457.661 38.643 -254.989 jng-rockwall-01
2249 1 0 858 0 -1 0 319.214 3.239 -126.237 317.466 -3.025 -128.367 321.300 9.637 -124.699 jng-rockwall-01
2250 1 0 861 0 -1 0 278.469 6.332 -126.387 277.085 0.788 -128.401 280.158 11.992 -124.734 jng-rockwall-01
2251 1 0 867 0 -1 0 313.697 4.324 -276.637 311.178 -0.293 -278.693 316.035 9.225 -275.383 jng-rockwall-01
2252 1 0 870 0 -1 0 465.445 22.865 -294.358 463.557 16.515 -295.865 467.532 29.371 -292.275 jng-rockwall-01
2253 1 0 894 0 -1 0 375.976 5.065 -328.475 373.920 -0.088 -330.610 378.180 10.466 -327.093 jng-rockwall-01
2254 1 0 900 0 -1 0 347.067 35.150 -358.080 345.741 27.286 -360.365 348.872 43.182 -356.467 jng-rockwall-01
2255 1 0 903 0 -1 0 332.984 42.244 -384.393 331.159 37.352 -385.705 335.101 47.285 -383.082 jng-rockwall-01
2256 1 229 2822 0 -1 0 383.339 44.487 -264.486 379.128 40.230 -268.874 387.581 48.261 -260.077 pal-environment-front
2257 1 28 1849 0 -1 0 390.088 32.312 -162.613 385.153 20.312 -170.587 393.326 42.118 -153.029 jng-treebark-02
2258 1 28 1850 0 -1 0 387.543 35.906 -173.799 381.747 22.713 -185.172 393.006 46.487 -164.016 jng-treebark-02
2259 1 28 1851 0 -1 0 376.530 46.030 -194.867 371.005 31.827 -204.068 382.990 58.468 -187.372 jng-treebark-02
2260 1 28 1852 0 -1 0 370.921 34.488 -164.106 362.516 20.285 -171.038 377.901 46.926 -157.390 jng-treebark-02
2261 1 28 1853 0 -1 0 366.956 36.830 -138.292 358.942 23.588 -143.281 376.402 48.416 -134.283 jng-treebark-02
2262 1 28 1854 0 -1 0 354.770 36.566 -173.871 352.006 22.363 -184.474 358.365 49.004 -165.145 jng-treebark-02
2263 1 28 1855 0 -1 0 326.730 45.350 -212.259 318.303 31.148 -214.653 337.117 57.788 -207.389 jng-treebark-02
2264 1 28 1856 0 -1 0 327.804 42.070 -202.799 321.784 29.844 -210.587 332.356 52.777 -193.113 jng-treebark-02
2265 1 28 1857 0 -1 0 309.927 36.331 -137.421 304.664 22.787 -143.236 315.907 48.601 -131.829 jng-treebark-02
2266 1 28 1858 0 -1 0 287.884 36.804 -138.753 282.514 22.627 -148.408 293.958 48.987 -130.978 jng-treebark-02
2267 1 28 1859 0 -1 0 311.161 36.725 -160.156 303.520 22.061 -164.099 320.600 49.537 -155.138 jng-treebark-02
2268 1 28 1860 0 -1 0 289.212 35.228 -168.853 284.151 21.754 -180.217 293.539 46.291 -159.231 jng-treebark-02
2269 1 28 1861 0 -1 0 287.938 38.666 -192.705 279.123 24.103 -197.710 295.654 51.560 -187.942 jng-treebark-02
2270 1 28 1862 0 -1 0 232.660 54.430 -276.468 228.140 38.895 -282.706 237.356 68.285 -269.129 jng-treebark-02
2271 1 28 1863 0 -1 0 245.787 53.451 -256.027 238.032 39.248 -260.714 255.416 65.889 -249.944 jng-treebark-02
2272 1 28 1864 0 -1 0 230.248 54.646 -290.822 222.894 39.314 -294.773 236.605 68.668 -286.291 jng-treebark-02
2273 1 28 1865 0 -1 0 473.799 35.973 -316.136 469.912 20.725 -323.618 477.067 49.146 -306.937 jng-treebark-02
2274 1 28 1866 0 -1 0 464.672 33.132 -303.784 455.858 18.569 -308.790 472.388 46.026 -299.022 jng-treebark-02
2275 1 28 1867 0 -1 0 469.741 35.877 -299.774 460.530 21.499 -309.415 477.611 47.232 -290.113 jng-treebark-02
2276 1 28 1868 0 -1 0 469.398 32.887 -328.825 461.980 18.041 -336.057 473.998 46.022 -320.137 jng-treebark-02
2277 1 28 1869 0 -1 0 460.656 31.448 -350.832 453.984 17.350 -359.053 468.585 43.316 -342.388 jng-treebark-02
2278 1 28 1870 0 -1 0 459.384 34.865 -341.554 451.331 19.346 -343.563 466.223 48.955 -337.224 jng-treebark-02
2279 1 28 1871 0 -1 0 437.890 38.294 -362.760 429.900 23.975 -367.384 447.766 50.562 -355.922 jng-treebark-02
2280 1 28 1872 0 -1 0 417.785 57.997 -357.388 413.004 43.153 -364.792 420.284 71.404 -348.391 jng-treebark-02
2281 1 28 1873 0 -1 0 399.921 39.959 -348.634 392.481 28.093 -354.626 408.134 50.350 -341.679 jng-treebark-02
2282 1 28 1874 0 -1 0 386.669 39.959 -336.097 378.165 28.093 -342.681 394.192 50.350 -330.337 jng-treebark-02
2283 1 28 1875 0 -1 0 385.963 45.513 -360.309 381.182 30.668 -367.714 388.462 58.919 -351.312 jng-treebark-02
2284 1 28 1876 0 -1 0 369.365 47.484 -362.322 366.211 32.626 -369.916 373.696 60.793 -353.350 jng-treebark-02
2285 1 28 1877 0 -1 0 369.481 49.557 -370.726 364.024 32.056 -380.883 375.583 64.319 -361.501 jng-treebark-02
2286 1 28 1878 0 -1 0 301.974 23.383 -349.830 299.534 8.535 -357.522 305.714 36.737 -340.626 jng-treebark-02
2287 1 28 1879 0 -1 0 315.537 27.485 -359.660 309.038 12.715 -365.991 321.627 40.799 -352.291 jng-treebark-02
2288 1 28 1880 0 -1 0 330.084 23.961 -361.090 320.285 10.184 -365.077 341.527 35.153 -357.403 jng-treebark-02
2289 1 28 1881 0 -1 0 331.584 23.322 -363.023 325.238 5.043 -369.254 337.403 39.740 -355.821 jng-treebark-02
2290 1 28 1882 0 -1 0 282.490 45.648 -328.009 280.050 30.800 -335.700 286.229 59.002 -318.804 jng-treebark-02
2291 1 28 1883 0 -1 0 285.823 41.030 -322.533 281.859 29.671 -329.054 289.791 50.978 -314.934 jng-treebark-02
2292 1 28 1884 0 -1 0 264.451 45.810 -323.301 256.130 31.185 -327.739 274.451 58.550 -320.829 jng-treebark-02
2293 1 28 1885 0 -1 0 245.419 54.629 -296.407 238.567 39.287 -298.884 253.505 68.720 -292.719 jng-treebark-02
2294 1 28 1886 0 -1 0 245.598 55.785 -307.297 238.587 41.013 -312.196 254.030 68.964 -301.734 jng-treebark-02
2295 1 28 1887 0 -1 0 252.642 44.554 -309.130 250.176 30.351 -319.720 256.578 56.992 -300.457 jng-treebark-02
2296 1 28 1888 0 -1 0 243.381 57.319 -321.252 240.206 42.606 -330.643 246.252 70.561 -313.353 jng-treebark-02
2297 1 28 1889 0 -1 0 291.374 28.320 -343.168 284.129 10.206 -353.356 297.702 44.355 -336.278 jng-treebark-02
2298 1 28 1890 0 -1 0 266.531 48.438 -331.869 262.182 33.690 -340.386 270.902 61.720 -324.512 jng-treebark-02
2299 1 0 1098 0 -1 0 314.235 16.797 -268.889 308.461 10.446 -272.240 316.919 23.110 -265.953 jng-rockwall-01
2300 1 4 1638 0 -1 0 344.095 30.575 -133.405 336.022 20.281 -137.543 350.401 45.114 -130.288 jng-treebark-01-4x4
2301 1 4 1639 0 -1 0 323.353 27.285 -132.168 320.238 16.313 -139.842 326.828 42.750 -118.555 jng-treebark-01-4x4
2302 1 4 1640 0 -1 0 330.012 27.896 -165.446 324.968 18.278 -169.725 335.302 41.167 -160.774 jng-treebark-01-4x4
2303 1 4 1642 0 -1 0 290.879 29.393 -133.012 284.181 18.920 -136.664 297.043 43.842 -129.287 jng-treebark-01-4x4
2304 1 4 1645 0 -1 0 285.869 29.675 -196.739 278.396 19.203 -199.280 292.802 44.125 -194.889 jng-treebark-01-4x4
2305 1 4 1646 0 -1 0 238.268 46.695 -251.539 231.842 36.223 -255.743 244.344 61.144 -247.692 jng-treebark-01-4x4
2306 1 4 1647 0 -1 0 233.537 47.426 -282.126 228.504 36.628 -284.667 243.142 62.531 -280.277 jng-treebark-01-4x4
2307 1 4 1649 0 -1 0 470.111 25.597 -301.312 467.363 15.677 -306.433 472.640 39.521 -293.452 jng-treebark-01-4x4
2308 1 4 1650 0 -1 0 454.168 25.406 -325.935 449.447 16.169 -330.584 458.144 38.489 -317.980 jng-treebark-01-4x4
2309 1 4 1651 0 -1 0 440.333 36.783 -359.836 437.293 26.124 -368.030 442.940 51.313 -354.074 jng-treebark-01-4x4
2310 1 4 1653 0 -1 0 411.673 53.428 -364.835 408.633 42.769 -373.029 414.280 67.958 -359.073 jng-treebark-01-4x4
2311 1 4 1656 0 -1 0 367.825 37.711 -353.341 364.141 27.238 -359.878 371.872 52.160 -347.169 jng-treebark-01-4x4
2312 1 4 1659 0 -1 0 365.017 36.837 -351.487 357.426 26.365 -354.034 372.082 51.287 -349.377 jng-treebark-01-4x4
2313 1 4 1663 0 -1 0 289.947 35.952 -325.127 286.873 26.469 -330.839 293.068 49.036 -318.931 jng-treebark-01-4x4
2314 1 4 1665 0 -1 0 238.546 47.197 -290.882 234.742 36.270 -297.478 245.111 62.067 -284.660 jng-treebark-01-4x4
2315 1 4 1666 0 -1 0 243.006 52.724 -309.521 239.086 42.135 -315.165 246.789 67.266 -302.042 jng-treebark-01-4x4
2316 1 4 1667 0 -1 0 255.041 37.752 -318.902 247.925 26.897 -322.322 265.765 53.660 -314.173 jng-treebark-01-4x4
2317 1 9 2764 0 -1 0 368.428 34.560 -228.978 363.036 20.510 -232.610 372.677 50.494 -226.149 cmn-precursor-metal-plain-01-hitweak
2318 1 9 2765 0 -1 0 374.248 34.560 -247.364 370.586 20.510 -251.588 377.090 50.494 -241.981 cmn-precursor-metal-plain-01-hitweak
2319 1 9 2766 0 -1 0 366.095 34.560 -254.061 360.555 20.510 -256.457 370.922 50.494 -251.266 cmn-precursor-metal-plain-01-hitweak
2320 1 9 2767 0 -1 0 375.176 34.560 -237.003 372.318 20.510 -242.538 377.605 50.494 -232.211 cmn-precursor-metal-plain-01-hitweak
2321 1 43 2921 0 -1 0 362.184 106.135 -232.947 360.712 104.473 -233.094 363.670 107.302 -232.790 jng-precursor-glass-b-01
2322 1 43 2930 0 -1 0 370.310 106.135 -241.034 370.164 104.473 -242.520 370.467 107.302 -239.563 jng-precursor-glass-b-01
2323 1 43 2931 0 -1 0 362.216 106.135 -249.141 360.730 104.473 -249.298 363.688 107.302 -248.995 jng-precursor-glass-b-01
2324 1 43 2933 0 -1 0 354.075 106.135 -241.067 353.918 104.473 -242.538 354.221 107.302 -239.581 jng-precursor-glass-b-01
2325 1 0 453 0 -1 0 421.442 6.059 -318.038 419.332 1.997 -321.386 424.523 11.217 -315.578 jng-rockwall-01
2326 1 17 2785 0 -1 0 368.030 68.401 -229.756 364.743 50.492 -231.779 370.855 82.554 -228.613 gen-metal-dark-hitweak
2327 1 17 2788 0 -1 0 358.112 68.401 -229.034 355.021 50.492 -230.619 361.528 82.554 -228.340 gen-metal-dark-hitweak
2328 1 17 2791 0 -1 0 373.467 68.401 -246.945 371.425 50.492 -249.756 374.631 82.554 -243.666 gen-metal-dark-hitweak
2329 1 17 2794 0 -1 0 365.838 68.401 -253.219 362.400 50.492 -253.838 368.988 82.554 -251.753 gen-metal-dark-hitweak
2330 1 17 2797 0 -1 0 374.338 68.401 -237.252 372.832 50.492 -240.684 374.983 82.554 -234.122 gen-metal-dark-hitweak
2331 1 17 2800 0 -1 0 350.739 68.401 -235.603 349.699 50.492 -238.925 352.667 82.554 -232.713 gen-metal-dark-hitweak
2332 1 11 1528 0 -1 0 311.137 20.160 -137.175 308.864 18.272 -140.070 313.418 22.460 -133.964 jng-treebark-03
2333 1 11 1529 0 -1 0 349.197 21.160 -170.352 346.354 19.272 -172.454 351.960 23.460 -168.508 jng-treebark-03
2334 1 11 1530 0 -1 0 357.270 19.160 -173.081 354.200 17.272 -175.391 359.838 21.460 -170.944 jng-treebark-03
2335 1 11 1531 0 -1 0 324.431 17.160 -184.533 322.391 15.272 -187.173 326.757 19.460 -182.523 jng-treebark-03
2336 1 11 1532 0 -1 0 321.382 20.160 -191.187 318.953 18.272 -193.251 324.354 22.460 -188.913 jng-treebark-03
2337 1 11 1533 0 -1 0 305.121 19.160 -140.838 302.266 17.272 -142.708 308.016 21.460 -138.677 jng-treebark-03
2338 1 11 1534 0 -1 0 301.929 20.160 -182.820 299.554 18.272 -184.853 304.859 22.460 -180.564 jng-treebark-03
2339 1 11 1535 0 -1 0 298.044 19.160 -186.739 295.189 17.272 -188.609 300.939 21.460 -184.578 jng-treebark-03
2340 1 11 1536 0 -1 0 299.436 21.620 -192.124 296.648 19.493 -194.298 301.604 24.161 -190.145 jng-treebark-03
2341 1 11 1537 0 -1 0 244.593 35.160 -252.495 242.478 33.272 -255.536 246.894 37.460 -249.969 jng-treebark-03
2342 1 11 1867 0 -1 0 474.912 23.184 -306.533 467.046 16.310 -314.221 478.964 38.755 -297.144 jng-treebark-03
2343 1 11 1877 0 -1 0 367.144 34.032 -364.097 363.775 26.761 -373.414 371.513 53.288 -356.991 jng-treebark-03
2344 1 11 1881 0 -1 0 328.083 6.833 -365.536 321.139 -0.298 -369.254 333.368 27.428 -360.900 jng-treebark-03
2345 1 11 1889 0 -1 0 293.534 12.877 -350.042 287.723 5.343 -358.586 297.702 32.418 -341.092 jng-treebark-03
2346 1 72 2183 0 -1 0 434.975 18.364 -308.375 434.351 17.474 -308.946 435.882 19.395 -307.509 cmn-precursor-metal-plain-01
2347 1 72 2184 0 -1 0 427.311 18.364 -316.750 426.398 17.474 -317.618 427.929 19.395 -316.181 cmn-precursor-metal-plain-01
2348 1 72 2941 0 -1 0 369.732 50.077 -204.387 368.992 48.807 -205.826 370.104 51.567 -203.152 cmn-precursor-metal-plain-01
2349 1 72 2942 0 -1 0 386.053 33.686 -267.262 384.747 32.415 -268.073 386.963 35.175 -266.043 cmn-precursor-metal-plain-01
2350 1 229 2911 0 -1 0 348.955 47.227 -209.015 346.644 43.254 -211.220 352.129 51.192 -207.783 pal-environment-front
2351 1 229 2912 0 -1 0 330.192 47.227 -227.770 328.965 43.254 -230.931 332.397 51.192 -225.446 pal-environment-front
2352 1 229 2914 0 -1 0 337.296 71.606 -265.143 335.700 67.634 -266.771 340.153 75.571 -262.233 pal-environment-front
2353 1 229 2915 0 -1 0 329.975 71.606 -253.784 328.751 67.634 -256.129 332.146 75.571 -250.608 pal-environment-front
2354 1 229 2916 0 -1 0 348.411 71.606 -272.852 346.122 67.634 -274.087 351.570 75.571 -270.613 pal-environment-front
2355 1 0 592 0 -1 0 253.449 9.916 -212.595 247.835 0.400 -217.547 257.169 18.726 -206.391 jng-rockwall-01
2356 1 0 662 0 -1 0 490.650 36.484 -166.230 482.240 25.892 -173.465 495.662 45.548 -158.555 jng-rockwall-01
2357 1 0 665 0 -1 0 505.255 -3.639 -160.608 499.134 -18.336 -169.114 508.716 11.516 -154.735 jng-rockwall-01
2358 1 0 668 0 -1 0 436.774 49.056 -181.750 427.652 38.626 -185.460 443.218 58.106 -176.159 jng-rockwall-01
2359 1 0 719 0 -1 0 461.336 39.281 -358.729 456.686 27.500 -366.428 467.548 49.791 -350.948 jng-rockwall-01
2360 1 0 725 0 -1 0 335.741 15.245 -380.065 331.522 2.621 -388.042 342.611 28.380 -371.265 jng-rockwall-01
2361 1 0 734 0 -1 0 296.533 15.415 -343.972 290.618 2.436 -353.023 300.318 27.754 -335.976 jng-rockwall-01
2362 1 17 2864 0 -1 0 379.280 22.880 -272.309 376.847 18.277 -273.327 380.331 26.199 -269.890 gen-metal-dark-hitweak
2363 1 229 2864 0 -1 0 379.280 22.880 -272.309 376.847 18.277 -273.327 380.331 26.199 -269.890 pal-environment-front
2364 1 0 428 0 -1 0 219.835 29.821 -260.064 213.592 20.776 -267.998 225.859 35.411 -256.238 jng-rockwall-01
2365 1 4 1637 0 -1 0 375.924 27.846 -165.959 369.814 16.265 -172.115 379.503 44.551 -157.151 jng-treebark-01-4x4
2366 1 4 1641 0 -1 0 352.190 32.664 -165.630 344.679 19.671 -170.921 357.646 51.299 -159.256 jng-treebark-01-4x4
2367 1 4 1643 0 -1 0 300.532 28.952 -202.498 288.752 16.203 -204.482 306.871 46.951 -199.399 jng-treebark-01-4x4
2368 1 4 1644 0 -1 0 267.622 32.669 -147.124 260.020 20.031 -149.148 274.592 49.995 -144.898 jng-treebark-01-4x4
2369 1 4 1648 0 -1 0 472.753 30.558 -310.756 463.713 17.559 -315.625 479.332 48.920 -304.551 jng-treebark-01-4x4
2370 1 4 1652 0 -1 0 408.465 36.754 -347.193 404.693 25.686 -352.709 411.912 52.025 -341.357 jng-treebark-01-4x4
2371 1 4 1654 0 -1 0 402.452 38.629 -363.933 396.722 25.609 -370.551 407.699 56.580 -359.178 jng-treebark-01-4x4
2372 1 4 1655 0 -1 0 426.408 34.563 -360.699 423.585 21.171 -369.661 428.275 53.089 -355.078 jng-treebark-01-4x4
2373 1 4 1657 0 -1 0 396.909 39.789 -367.547 391.276 26.426 -374.866 401.593 58.369 -363.327 jng-treebark-01-4x4
2374 1 4 1658 0 -1 0 377.162 42.313 -366.634 374.669 29.094 -375.483 379.578 60.376 -360.805 jng-treebark-01-4x4
2375 1 4 1660 0 -1 0 337.500 13.476 -364.135 333.187 0.364 -371.923 341.180 31.524 -359.177 jng-treebark-01-4x4
2376 1 4 1661 0 -1 0 305.431 22.540 -359.649 298.921 9.699 -367.300 308.614 39.876 -353.676 jng-treebark-01-4x4
2377 1 4 1662 0 -1 0 318.305 20.859 -363.649 313.034 8.293 -369.234 323.363 38.198 -358.534 jng-treebark-01-4x4
2378 1 4 1664 0 -1 0 271.154 41.998 -327.635 265.517 28.780 -330.872 278.922 60.347 -324.346 jng-treebark-01-4x4
2379 1 4 1668 0 -1 0 290.116 38.096 -339.776 284.479 24.878 -343.014 297.884 56.444 -336.487 jng-treebark-01-4x4
2380 1 0 1402 0 -1 0 264.247 5.462 -133.852 260.193 0.733 -138.250 267.754 10.517 -130.654 jng-rockwall-01
2381 1 0 1404 0 -1 0 230.043 6.972 -184.660 226.322 1.127 -188.067 233.419 13.218 -182.423 jng-rockwall-01
2382 1 0 917 0 -1 0 406.443 24.035 -236.681 401.366 19.343 -240.128 410.389 27.557 -232.193 jng-rockwall-01
2383 1 0 1126 0 -1 0 329.387 6.187 -130.210 326.805 2.002 -132.669 331.411 8.821 -128.827 jng-rockwall-01
2384 1 0 1128 0 -1 0 473.549 22.096 -242.800 469.713 17.501 -246.823 475.373 25.721 -239.888 jng-rockwall-01
2385 1 0 1136 0 -1 0 439.236 17.858 -261.339 437.159 13.909 -264.068 443.627 21.882 -258.235 jng-rockwall-01
2386 1 0 1140 0 -1 0 212.023 31.935 -162.301 209.876 27.823 -165.475 214.287 35.397 -160.725 jng-rockwall-01
2387 1 0 1150 0 -1 0 393.801 49.187 -380.304 390.578 44.050 -382.787 396.284 52.287 -378.459 jng-rockwall-01
2388 1 9 2768 0 -1 0 363.735 48.764 -220.691 362.627 30.490 -228.701 364.674 55.630 -212.665 cmn-precursor-metal-plain-01-hitweak
2389 1 9 2769 0 -1 0 363.891 72.437 -261.260 362.553 50.820 -269.811 364.830 80.584 -252.673 cmn-precursor-metal-plain-01-hitweak
2390 1 9 2770 0 -1 0 364.217 42.871 -261.271 362.879 20.506 -269.824 365.156 51.300 -252.680 cmn-precursor-metal-plain-01-hitweak
2391 1 9 2772 0 -1 0 341.560 73.615 -241.266 333.325 55.341 -242.866 349.894 80.481 -240.251 cmn-precursor-metal-plain-01-hitweak
2392 1 0 375 0 -1 0 495.619 21.249 -180.770 491.130 14.771 -182.198 499.672 28.272 -178.603 jng-rockwall-01
2393 1 0 387 0 -1 0 441.611 7.226 -243.274 435.595 6.472 -247.871 447.903 8.470 -238.335 jng-rockwall-01
2394 1 0 438 0 -1 0 430.412 4.799 -309.871 429.137 0.064 -313.432 432.414 10.841 -306.811 jng-rockwall-01
2395 1 0 444 0 -1 0 437.571 26.865 -354.519 436.613 20.836 -358.216 439.640 33.426 -351.230 jng-rockwall-01
2396 1 0 628 0 -1 0 376.230 44.130 -376.079 373.163 33.623 -380.768 379.560 53.645 -373.583 jng-rockwall-01
2397 1 11 1849 0 -1 0 387.596 21.608 -168.330 381.779 16.219 -171.117 391.227 34.782 -160.169 jng-treebark-03
2398 1 0 686 0 -1 0 234.303 7.010 -179.105 228.791 -2.449 -186.675 241.281 17.533 -173.058 jng-rockwall-01
2399 1 0 689 0 -1 0 245.994 8.391 -162.021 240.807 -1.575 -169.327 252.757 18.942 -155.143 jng-rockwall-01
2400 1 0 698 0 -1 0 309.408 8.314 -243.733 300.639 -4.471 -250.875 318.501 21.302 -235.298 jng-rockwall-01
2401 1 0 722 0 -1 0 352.958 8.290 -357.611 348.946 -1.073 -365.937 359.389 18.320 -350.665 jng-rockwall-01
2402 1 0 717 0 -1 0 488.702 43.489 -324.875 484.586 31.947 -329.034 494.278 51.731 -321.947 jng-rockwall-01
2403 1 0 414 0 -1 0 243.244 15.470 -217.413 239.904 8.612 -218.753 246.320 23.379 -215.377 jng-rockwall-01
2404 1 0 747 0 -1 0 354.995 6.367 -130.863 352.133 -3.608 -135.772 357.476 16.324 -127.807 jng-rockwall-01
2405 1 0 751 0 -1 0 454.373 9.216 -237.088 446.216 6.941 -244.914 462.376 12.893 -229.682 jng-rockwall-01
2406 1 0 757 0 -1 0 448.250 26.452 -270.888 445.959 14.227 -273.557 451.374 38.639 -267.433 jng-rockwall-01
2407 1 0 767 0 -1 0 405.249 9.931 -246.355 401.608 -3.364 -249.228 408.391 22.997 -242.873 jng-rockwall-01
2408 1 0 771 0 -1 0 312.033 5.700 -128.592 309.169 -4.288 -133.470 314.504 15.654 -125.549 jng-rockwall-01
2409 1 0 773 0 -1 0 288.855 10.155 -128.165 285.991 0.167 -133.043 291.327 20.109 -125.122 jng-rockwall-01
2410 1 0 789 0 -1 0 245.818 13.979 -254.352 239.193 -0.373 -260.694 250.681 30.143 -250.500 jng-rockwall-01
2411 1 0 791 0 -1 0 203.432 18.669 -222.566 191.042 15.231 -229.210 213.838 21.762 -213.783 jng-rockwall-01
2412 1 0 793 0 -1 0 201.047 10.384 -245.020 192.940 -2.856 -247.929 207.299 21.896 -241.628 jng-rockwall-01
2413 1 0 797 0 -1 0 208.941 11.986 -218.674 206.423 -3.590 -223.038 212.055 26.237 -212.457 jng-rockwall-01
2414 1 0 807 0 -1 0 416.653 33.890 -354.757 413.133 20.137 -359.421 420.075 46.599 -351.593 jng-rockwall-01
2415 1 0 811 0 -1 0 383.761 9.292 -330.536 380.058 -1.432 -335.760 386.781 20.073 -327.249 jng-rockwall-01
2416 1 0 821 0 -1 0 366.024 43.291 -377.882 362.788 32.623 -381.679 368.393 53.241 -374.337 jng-rockwall-01
2417 1 4 1767 0 -1 0 388.585 26.608 -167.095 387.092 20.446 -168.781 390.483 33.126 -163.802 jng-treebark-01-4x4
2418 1 4 1819 0 -1 0 366.925 41.089 -365.913 365.436 32.462 -370.151 368.286 50.487 -363.599 jng-treebark-01-4x4
2419 1 4 1825 0 -1 0 328.985 14.046 -365.968 327.232 5.321 -367.649 331.513 24.007 -364.213 jng-treebark-01-4x4
2420 1 4 1845 0 -1 0 294.217 19.402 -346.874 291.972 11.352 -351.104 296.004 28.578 -342.243 jng-treebark-01-4x4
2421 1 42 2622 0 -1 0 412.611 41.060 -198.297 411.607 40.077 -199.574 414.071 41.917 -197.537 jng-logtrapwood-horn-01
2422 1 42 2623 0 -1 0 408.859 41.060 -203.268 407.855 40.077 -204.545 410.319 41.917 -202.508 jng-logtrapwood-horn-01
2423 1 42 2624 0 -1 0 410.797 41.060 -200.767 409.793 40.077 -202.044 412.257 41.917 -200.007 jng-logtrapwood-horn-01
2424 1 42 2625 0 -1 0 407.233 40.819 -205.613 406.229 39.835 -206.890 408.693 41.676 -204.853 jng-logtrapwood-horn-01
2425 1 42 2626 0 -1 0 447.965 31.584 -224.981 447.175 30.031 -225.720 448.411 33.264 -224.392 jng-logtrapwood-horn-01
2426 1 42 2627 0 -1 0 444.022 31.605 -221.512 443.390 30.078 -222.311 444.670 33.272 -220.955 jng-logtrapwood-horn-01
2427 1 42 2628 0 -1 0 435.319 30.070 -218.505 434.325 29.461 -219.548 435.971 30.555 -217.759 jng-logtrapwood-horn-01
2428 1 42 2629 0 -1 0 432.490 31.498 -227.719 432.061 29.886 -228.110 433.584 33.195 -226.820 jng-logtrapwood-horn-01
2429 1 42 2630 0 -1 0 437.104 30.813 -219.028 436.376 29.200 -220.178 437.652 32.512 -218.587 jng-logtrapwood-horn-01
2430 1 42 2631 0 -1 0 439.127 31.417 -233.881 438.498 29.920 -234.425 439.824 33.062 -233.237 jng-logtrapwood-horn-01
2431 1 42 2632 0 -1 0 445.358 31.131 -234.078 444.644 29.527 -234.532 445.900 32.833 -233.002 jng-logtrapwood-horn-01
2432 1 42 2633 0 -1 0 448.519 31.546 -229.638 447.702 29.994 -230.318 448.991 33.219 -228.993 jng-logtrapwood-horn-01
2433 1 42 2634 0 -1 0 435.898 31.650 -231.032 435.269 30.153 -231.576 436.594 33.295 -230.387 jng-logtrapwood-horn-01
2434 1 42 2635 0 -1 0 426.054 31.122 -211.759 425.358 29.794 -212.390 426.687 32.581 -211.222 jng-logtrapwood-horn-01
2435 1 42 2636 0 -1 0 427.393 35.700 -219.823 426.909 35.126 -220.708 428.262 36.189 -218.747 jng-logtrapwood-horn-01
2436 1 42 2637 0 -1 0 430.355 35.700 -214.694 429.437 35.126 -215.761 430.908 36.189 -213.850 jng-logtrapwood-horn-01
2437 1 42 2638 0 -1 0 420.504 30.744 -215.415 419.875 29.416 -215.958 421.201 32.203 -214.770 jng-logtrapwood-horn-01
2438 1 42 2639 0 -1 0 422.215 30.705 -216.394 421.586 29.378 -216.937 422.912 32.165 -215.749 jng-logtrapwood-horn-01
2439 1 42 2640 0 -1 0 423.441 31.704 -211.988 422.745 30.043 -212.619 424.074 33.531 -211.451 jng-logtrapwood-horn-01
2440 1 42 2641 0 -1 0 443.458 31.131 -235.155 442.744 29.527 -235.608 444.000 32.833 -234.078 jng-logtrapwood-horn-01
2441 1 229 2919 0 -1 0 368.240 80.784 -200.071 366.347 78.330 -201.971 369.396 82.455 -198.922 pal-environment-front
2442 1 229 2920 0 -1 0 356.173 80.784 -200.082 355.024 78.330 -201.975 358.074 82.455 -198.926 pal-environment-front
2443 1 229 2922 0 -1 0 368.251 80.784 -212.137 366.351 78.330 -213.293 369.400 82.455 -210.244 pal-environment-front
2444 1 229 2923 0 -1 0 356.184 80.784 -212.149 355.028 78.330 -213.297 358.077 82.455 -210.248 pal-environment-front
2445 1 229 2924 0 -1 0 403.056 67.678 -247.089 401.156 65.223 -248.245 404.205 69.348 -245.196 pal-environment-front
2446 1 229 2925 0 -1 0 403.045 67.678 -235.023 401.152 65.223 -236.923 404.201 69.348 -233.874 pal-environment-front
2447 1 229 2926 0 -1 0 390.990 67.678 -247.100 389.833 65.223 -248.249 392.882 69.348 -245.200 pal-environment-front
2448 1 229 2927 0 -1 0 390.978 67.678 -235.034 389.830 65.223 -236.927 392.879 69.348 -233.878 pal-environment-front
2449 1 229 2928 0 -1 0 368.251 98.085 -281.889 366.351 95.630 -283.045 369.400 99.755 -279.995 pal-environment-front
2450 1 229 2929 0 -1 0 368.240 98.085 -269.822 366.347 95.630 -271.722 369.396 99.755 -268.673 pal-environment-front
2451 1 229 2932 0 -1 0 333.440 89.923 -247.078 331.540 87.468 -248.234 334.589 91.593 -245.185 pal-environment-front
2452 1 229 2934 0 -1 0 333.429 89.923 -235.012 331.536 87.468 -236.912 334.585 91.593 -233.863 pal-environment-front
2453 1 229 2935 0 -1 0 321.374 89.923 -247.089 320.218 87.468 -248.238 323.267 91.593 -245.189 pal-environment-front
2454 1 229 2936 0 -1 0 321.363 89.923 -235.023 320.214 87.468 -236.916 323.263 91.593 -233.867 pal-environment-front
2455 1 229 2937 0 -1 0 356.184 98.085 -281.900 355.028 95.630 -283.048 358.077 99.755 -279.999 pal-environment-front
2456 1 229 2938 0 -1 0 356.173 98.085 -269.833 355.024 95.630 -271.726 358.074 99.755 -268.677 pal-environment-front
2457 1 1 1528 0 -1 0 310.895 26.414 -136.987 308.986 26.288 -139.058 312.825 26.600 -134.838 jng-leafyground
2458 1 1 1529 0 -1 0 349.246 27.414 -170.050 347.176 27.288 -171.863 351.399 27.600 -168.265 jng-leafyground
2459 1 1 1530 0 -1 0 357.011 25.414 -173.243 354.924 25.288 -175.345 359.024 25.600 -171.327 jng-leafyground
2460 1 1 1531 0 -1 0 324.499 23.414 -184.831 322.562 23.288 -186.740 326.569 23.600 -182.900 jng-leafyground
2461 1 1 1532 0 -1 0 321.656 26.414 -191.049 319.661 26.288 -192.977 323.718 26.600 -188.935 jng-leafyground
2462 1 1 1533 0 -1 0 305.051 25.414 -141.136 302.891 25.288 -142.927 307.125 25.600 -139.318 jng-leafyground
2463 1 1 1534 0 -1 0 302.206 26.414 -182.690 300.222 26.288 -184.619 304.255 26.600 -180.577 jng-leafyground
2464 1 1 1535 0 -1 0 297.974 25.414 -187.037 295.814 25.288 -188.828 300.048 25.600 -185.218 jng-leafyground
2465 1 1 1536 0 -1 0 299.111 28.406 -192.466 297.128 28.213 -194.556 301.047 28.609 -190.549 jng-leafyground
2466 1 1 1537 0 -1 0 244.748 41.414 -252.759 242.826 41.288 -254.839 246.856 41.600 -250.750 jng-leafyground
2467 1 11 1669 0 -1 0 380.885 18.951 -166.120 379.011 16.686 -166.911 382.694 21.303 -165.213 jng-treebark-03
2468 1 11 1672 0 -1 0 344.747 21.582 -130.172 343.884 19.400 -131.730 345.473 23.858 -128.705 jng-treebark-03
2469 1 11 1675 0 -1 0 318.208 20.443 -136.481 316.325 18.542 -138.333 320.201 22.188 -134.737 jng-treebark-03
2470 1 11 1678 0 -1 0 331.781 20.005 -168.937 330.589 18.184 -170.351 333.036 21.944 -167.461 jng-treebark-03
2471 1 11 1684 0 -1 0 293.762 20.790 -129.900 292.446 18.807 -131.487 295.032 22.901 -128.290 jng-treebark-03
2472 1 11 1687 0 -1 0 302.459 18.665 -206.087 301.275 16.151 -207.738 303.834 21.118 -204.378 jng-treebark-03
2473 1 11 1690 0 -1 0 287.664 21.073 -192.889 286.747 19.090 -194.680 288.560 23.184 -191.133 jng-treebark-03
2474 1 11 1693 0 -1 0 269.132 22.492 -142.819 268.301 20.121 -144.711 269.987 24.978 -140.978 jng-treebark-03
2475 1 11 1696 0 -1 0 236.943 38.092 -247.499 235.659 36.110 -249.170 238.116 40.204 -245.902 jng-treebark-03
2476 1 11 1699 0 -1 0 233.622 38.646 -278.277 232.750 36.527 -280.067 234.274 40.712 -276.520 jng-treebark-03
2477 1 11 1702 0 -1 0 232.859 39.563 -292.033 230.897 37.636 -293.288 234.885 41.503 -290.902 jng-treebark-03
2478 1 11 1705 0 -1 0 471.748 19.308 -313.224 470.877 16.554 -314.709 472.703 22.057 -311.793 jng-treebark-03
2479 1 11 1708 0 -1 0 474.394 17.843 -301.897 472.678 15.973 -302.573 476.007 19.808 -301.092 jng-treebark-03
2480 1 11 1711 0 -1 0 452.238 17.007 -324.854 450.987 14.944 -325.680 453.464 19.111 -324.077 jng-treebark-03
2481 1 11 1714 0 -1 0 444.748 28.347 -358.689 442.959 26.341 -359.804 446.421 30.330 -357.410 jng-treebark-03
2482 1 11 1717 0 -1 0 412.126 27.672 -346.024 410.612 25.577 -347.080 413.572 29.904 -344.866 jng-treebark-03
2483 1 11 1720 0 -1 0 416.089 44.992 -363.688 414.299 42.986 -364.803 417.762 46.974 -362.409 jng-treebark-03
2484 1 11 1723 0 -1 0 394.861 29.415 -362.868 393.510 26.923 -364.654 396.167 32.005 -361.136 jng-treebark-03
2485 1 11 1726 0 -1 0 404.690 27.597 -366.556 403.316 24.988 -367.819 406.120 30.266 -365.219 jng-treebark-03
2486 1 11 1729 0 -1 0 421.429 24.291 -358.913 419.478 21.815 -359.805 423.454 26.844 -357.956 jng-treebark-03
2487 1 11 1732 0 -1 0 363.754 29.108 -354.548 362.150 27.126 -355.814 365.434 31.220 -353.402 jng-treebark-03
2488 1 11 1735 0 -1 0 366.130 28.235 -347.410 365.382 26.252 -349.237 366.921 30.346 -345.646 jng-treebark-03
2489 1 11 1738 0 -1 0 381.576 31.641 -366.231 379.699 29.119 -367.103 383.371 34.175 -365.147 jng-treebark-03
2490 1 11 1741 0 -1 0 311.068 13.090 -361.472 308.882 10.783 -362.452 313.238 15.318 -360.449 jng-treebark-03
2491 1 11 1744 0 -1 0 340.684 2.541 -366.079 339.091 -0.038 -367.138 342.307 5.168 -364.962 jng-treebark-03
2492 1 11 1747 0 -1 0 316.052 10.539 -360.048 314.649 8.161 -361.596 317.413 13.073 -358.564 jng-treebark-03
2493 1 11 1750 0 -1 0 292.860 28.161 -327.627 291.389 26.366 -328.737 294.345 30.073 -326.478 jng-treebark-03
2494 1 11 1753 0 -1 0 268.076 31.366 -330.897 266.793 28.870 -332.550 269.395 34.008 -329.252 jng-treebark-03
2495 1 11 1756 0 -1 0 239.231 44.058 -311.159 237.703 42.012 -312.533 240.839 46.120 -309.911 jng-treebark-03
2496 1 11 1759 0 -1 0 253.139 30.072 -324.319 252.133 27.996 -326.205 253.999 32.186 -322.317 jng-treebark-03
2497 1 11 1762 0 -1 0 287.038 27.464 -343.039 285.756 24.968 -344.691 288.357 30.106 -341.394 jng-treebark-03
2498 1 11 1765 0 -1 0 373.098 18.107 -167.299 371.217 15.786 -168.578 374.891 20.505 -165.956 jng-treebark-03
2499 1 11 1767 0 -1 0 387.658 18.260 -167.225 387.052 15.954 -168.476 388.264 20.557 -165.924 jng-treebark-03
2500 1 11 1769 0 -1 0 385.923 20.398 -167.521 384.656 17.766 -168.882 387.297 23.008 -166.219 jng-treebark-03
2501 1 11 1771 0 -1 0 379.405 29.649 -192.278 378.220 27.328 -194.181 380.521 32.047 -190.443 jng-treebark-03
2502 1 11 1773 0 -1 0 364.014 21.919 -139.122 362.077 19.804 -140.272 366.017 24.063 -137.861 jng-treebark-03
2503 1 11 1775 0 -1 0 355.898 20.186 -170.187 355.062 17.865 -172.229 356.844 22.584 -168.214 jng-treebark-03
2504 1 11 1777 0 -1 0 323.342 28.970 -210.385 321.356 26.649 -211.112 325.397 31.368 -209.637 jng-treebark-03
2505 1 11 1779 0 -1 0 325.231 27.972 -205.689 324.253 25.974 -207.596 326.281 30.036 -203.719 jng-treebark-03
2506 1 11 1781 0 -1 0 309.558 21.216 -135.614 307.806 19.182 -137.092 311.398 23.301 -134.188 jng-treebark-03
2507 1 11 1783 0 -1 0 290.255 20.502 -135.427 288.951 18.092 -137.207 291.494 22.925 -133.722 jng-treebark-03
2508 1 11 1785 0 -1 0 288.356 19.471 -163.070 287.127 16.908 -164.608 289.695 22.028 -161.594 jng-treebark-03
2509 1 11 1787 0 -1 0 308.439 20.184 -158.948 306.568 17.834 -160.279 310.372 22.565 -157.684 jng-treebark-03
2510 1 11 1789 0 -1 0 291.627 22.270 -193.067 290.035 19.974 -194.979 293.170 24.632 -191.262 jng-treebark-03
2511 1 11 1791 0 -1 0 242.941 37.070 -253.411 241.042 34.749 -254.480 244.903 39.468 -252.414 jng-treebark-03
2512 1 11 1793 0 -1 0 230.827 37.844 -290.597 228.588 35.637 -292.056 232.999 40.095 -289.250 jng-treebark-03
2513 1 11 1795 0 -1 0 233.459 37.740 -278.332 231.438 35.485 -279.981 235.522 39.985 -276.584 jng-treebark-03
2514 1 11 1797 0 -1 0 474.833 19.462 -319.172 473.038 17.101 -320.875 476.680 21.803 -317.388 jng-treebark-03
2515 1 11 1799 0 -1 0 473.833 19.005 -306.052 472.364 16.080 -307.004 475.213 21.908 -305.033 jng-treebark-03
2516 1 11 1801 0 -1 0 468.361 16.736 -304.147 466.769 14.440 -306.058 469.904 19.098 -302.342 jng-treebark-03
2517 1 11 1803 0 -1 0 459.774 18.076 -340.647 457.312 15.878 -341.385 462.164 20.310 -339.839 jng-treebark-03
2518 1 11 1805 0 -1 0 464.477 16.846 -330.005 463.293 14.593 -332.291 465.541 19.148 -327.648 jng-treebark-03
2519 1 11 1807 0 -1 0 458.918 15.469 -345.921 457.091 13.041 -347.056 460.835 17.935 -344.853 jng-treebark-03
2520 1 11 1809 0 -1 0 435.041 22.170 -358.906 433.030 19.803 -359.649 437.119 24.598 -358.033 jng-treebark-03
2521 1 11 1811 0 -1 0 416.118 41.335 -359.005 415.362 39.079 -361.210 416.949 43.651 -356.730 jng-treebark-03
2522 1 11 1813 0 -1 0 390.304 26.283 -334.784 388.745 24.344 -336.533 391.810 28.287 -333.136 jng-treebark-03
2523 1 11 1815 0 -1 0 396.365 26.283 -350.124 394.893 24.344 -351.807 397.891 28.287 -348.342 jng-treebark-03
2524 1 11 1817 0 -1 0 384.297 28.851 -361.926 383.541 26.594 -364.132 385.128 31.167 -359.651 jng-treebark-03
2525 1 11 1819 0 -1 0 368.658 29.566 -364.997 366.967 26.533 -366.265 370.451 32.649 -363.784 jng-treebark-03
2526 1 11 1821 0 -1 0 369.504 30.811 -364.484 368.234 28.536 -366.560 370.661 33.146 -362.340 jng-treebark-03
2527 1 11 1823 0 -1 0 301.655 6.704 -351.943 300.557 4.434 -354.093 302.641 9.033 -349.724 jng-treebark-03
2528 1 11 1825 0 -1 0 328.979 2.666 -363.295 327.717 -0.162 -365.392 330.306 5.575 -361.113 jng-treebark-03
2529 1 11 1827 0 -1 0 312.780 10.907 -360.272 311.503 8.656 -362.304 314.123 13.219 -358.153 jng-treebark-03
2530 1 11 1829 0 -1 0 323.889 8.355 -360.447 322.539 5.837 -362.015 325.298 10.908 -358.767 jng-treebark-03
2531 1 11 1831 0 -1 0 286.330 27.936 -325.589 285.066 26.079 -326.907 287.507 29.853 -324.222 jng-treebark-03
2532 1 11 1833 0 -1 0 261.381 29.288 -323.842 259.348 26.929 -324.662 263.482 31.675 -322.913 jng-treebark-03
2533 1 11 1835 0 -1 0 266.627 31.821 -329.349 265.064 29.554 -331.237 268.301 34.150 -327.523 jng-treebark-03
2534 1 11 1837 0 -1 0 243.834 39.148 -305.621 241.917 36.863 -307.032 245.833 41.496 -304.273 jng-treebark-03
2535 1 11 1839 0 -1 0 244.639 37.932 -294.619 242.338 35.759 -295.813 247.010 40.150 -293.310 jng-treebark-03
2536 1 11 1841 0 -1 0 253.974 28.173 -305.516 253.190 25.852 -307.569 254.873 30.571 -303.531 jng-treebark-03
2537 1 11 1843 0 -1 0 244.467 40.728 -318.712 243.236 38.465 -320.838 245.811 43.054 -316.655 jng-treebark-03
2538 1 11 1845 0 -1 0 290.712 9.279 -351.549 288.108 6.608 -353.267 293.245 11.994 -349.940 jng-treebark-03
2539 1 11 1847 0 -1 0 282.171 28.969 -330.122 281.073 26.699 -332.271 283.157 31.298 -327.902 jng-treebark-03
2540 1 11 1943 0 -1 0 347.017 20.273 -140.259 345.730 18.046 -141.470 347.897 22.827 -139.249 jng-treebark-03
2541 1 11 1944 0 -1 0 344.730 19.273 -147.041 343.815 17.046 -148.514 345.423 21.827 -145.894 jng-treebark-03
2542 1 11 1945 0 -1 0 353.407 19.273 -142.941 351.925 17.046 -143.632 354.552 21.827 -142.066 jng-treebark-03
2543 1 11 1946 0 -1 0 325.120 17.273 -138.965 324.149 15.046 -139.913 326.479 19.827 -137.792 jng-treebark-03
2544 1 11 1947 0 -1 0 317.520 17.273 -133.763 316.528 15.046 -134.679 318.884 19.827 -132.637 jng-treebark-03
2545 1 11 1948 0 -1 0 337.299 18.273 -143.287 336.440 16.046 -144.320 338.564 20.827 -142.041 jng-treebark-03
2546 1 11 1949 0 -1 0 329.232 18.273 -137.281 328.059 16.046 -138.252 330.181 20.827 -135.921 jng-treebark-03
2547 1 11 1950 0 -1 0 349.940 18.273 -164.328 349.093 16.046 -165.810 350.704 20.827 -163.200 jng-treebark-03
2548 1 11 1951 0 -1 0 318.190 18.273 -195.279 317.398 16.046 -196.400 319.026 20.827 -193.800 jng-treebark-03
2549 1 11 1952 0 -1 0 325.330 19.273 -197.455 324.377 17.046 -198.416 326.679 21.827 -196.265 jng-treebark-03
2550 1 11 1953 0 -1 0 308.219 19.273 -190.391 307.382 17.046 -191.499 309.037 21.827 -188.921 jng-treebark-03
2551 1 28 1670 0 -1 0 378.017 28.156 -168.667 377.112 25.191 -169.914 378.868 30.834 -167.297 jng-treebark-02
2552 1 28 1673 0 -1 0 347.424 30.254 -132.676 346.300 27.430 -133.827 348.270 32.849 -131.969 jng-treebark-02
2553 1 28 1676 0 -1 0 322.382 25.265 -129.556 321.667 22.479 -131.102 323.005 27.782 -128.481 jng-treebark-02
2554 1 28 1679 0 -1 0 327.752 27.539 -167.599 327.110 24.857 -168.407 328.567 29.951 -166.917 jng-treebark-02
2555 1 28 1682 0 -1 0 355.286 32.549 -167.132 354.295 29.072 -168.557 356.181 35.735 -165.885 jng-treebark-02
2556 1 28 1685 0 -1 0 293.912 28.993 -134.519 293.054 26.073 -135.370 294.809 31.620 -133.751 jng-treebark-02
2557 1 28 1688 0 -1 0 297.415 27.492 -202.503 296.554 24.078 -203.188 298.600 30.584 -201.457 jng-treebark-02
2558 1 28 1691 0 -1 0 289.240 29.276 -197.234 288.294 26.356 -198.133 290.091 31.903 -196.586 jng-treebark-02
2559 1 28 1694 0 -1 0 271.021 32.198 -147.339 270.039 28.680 -148.126 271.881 35.349 -146.667 jng-treebark-02
2560 1 28 1697 0 -1 0 241.063 46.295 -249.592 240.110 43.376 -250.374 241.795 48.922 -248.753 jng-treebark-02
2561 1 28 1700 0 -1 0 236.766 46.383 -282.622 235.893 43.452 -283.520 237.619 49.035 -281.973 jng-treebark-02
2562 1 28 1703 0 -1 0 236.686 47.165 -288.009 235.872 44.257 -288.976 237.701 49.710 -287.257 jng-treebark-02
2563 1 28 1706 0 -1 0 470.575 29.377 -308.353 469.730 25.836 -309.098 472.081 32.629 -307.704 jng-treebark-02
2564 1 28 1709 0 -1 0 471.116 25.540 -304.325 470.474 22.883 -305.102 471.778 27.923 -303.199 jng-treebark-02
2565 1 28 1712 0 -1 0 455.570 24.679 -323.255 454.639 22.141 -324.188 456.615 27.034 -322.465 jng-treebark-02
2566 1 28 1715 0 -1 0 441.527 36.087 -362.975 440.773 33.115 -363.805 442.257 38.737 -362.203 jng-treebark-02
2567 1 28 1718 0 -1 0 410.208 36.342 -349.739 409.500 33.256 -350.404 410.965 39.118 -348.875 jng-treebark-02
2568 1 28 1721 0 -1 0 412.868 52.732 -367.974 412.113 49.760 -368.804 413.598 55.382 -367.202 jng-treebark-02
2569 1 28 1724 0 -1 0 399.150 39.600 -364.958 398.226 35.982 -366.002 399.971 42.833 -364.064 jng-treebark-02
2570 1 28 1727 0 -1 0 400.051 37.838 -366.277 399.408 34.201 -367.154 400.864 41.135 -365.223 jng-treebark-02
2571 1 28 1730 0 -1 0 426.156 34.362 -357.276 425.459 30.733 -358.513 426.755 37.594 -356.423 jng-treebark-02
2572 1 28 1733 0 -1 0 365.963 37.311 -350.489 365.134 34.391 -351.452 366.750 39.938 -349.744 jng-treebark-02
2573 1 28 1736 0 -1 0 368.418 36.438 -351.426 367.420 33.518 -352.313 369.283 39.065 -350.736 jng-treebark-02
2574 1 28 1739 0 -1 0 377.596 41.488 -369.932 376.801 37.797 -370.803 378.303 44.794 -369.219 jng-treebark-02
2575 1 28 1742 0 -1 0 304.481 21.634 -362.822 303.841 18.064 -363.695 305.194 24.780 -362.111 jng-treebark-02
2576 1 28 1745 0 -1 0 335.852 12.651 -367.040 335.089 8.996 -367.933 336.579 15.955 -366.104 jng-treebark-02
2577 1 28 1748 0 -1 0 320.555 20.383 -361.086 319.693 16.879 -361.833 321.304 23.535 -360.190 jng-treebark-02
2578 1 28 1751 0 -1 0 288.686 35.589 -327.941 287.905 32.945 -328.748 289.363 37.968 -327.152 jng-treebark-02
2579 1 28 1754 0 -1 0 267.966 41.668 -326.385 267.082 38.037 -327.130 268.982 44.931 -325.486 jng-treebark-02
2580 1 28 1757 0 -1 0 241.342 52.026 -306.610 240.540 49.079 -307.407 242.248 54.678 -305.834 jng-treebark-02
2581 1 28 1760 0 -1 0 251.958 38.472 -320.239 250.522 35.838 -320.982 253.583 40.834 -319.471 jng-treebark-02
2582 1 28 1763 0 -1 0 286.928 37.766 -338.527 286.044 34.135 -339.271 287.944 41.029 -337.628 jng-treebark-02
2583 1 28 1765 0 -1 0 374.951 30.163 -166.434 374.060 27.786 -167.324 375.644 32.380 -165.790 jng-treebark-02
2584 1 28 1767 0 -1 0 389.340 29.051 -166.786 388.630 26.981 -167.658 389.858 30.982 -165.890 jng-treebark-02
2585 1 28 1769 0 -1 0 384.728 32.433 -169.320 384.063 30.139 -170.233 385.710 34.571 -168.123 jng-treebark-02
2586 1 28 1771 0 -1 0 378.291 41.705 -190.563 377.636 39.328 -191.427 379.129 43.922 -189.830 jng-treebark-02
2587 1 28 1773 0 -1 0 363.005 32.833 -140.512 362.194 30.665 -141.138 363.591 34.815 -139.605 jng-treebark-02
2588 1 28 1775 0 -1 0 354.064 32.241 -169.281 353.422 29.865 -170.073 354.734 34.459 -168.401 jng-treebark-02
2589 1 28 1777 0 -1 0 322.080 41.026 -211.994 321.228 38.649 -212.624 322.928 43.243 -211.249 jng-treebark-02
2590 1 28 1779 0 -1 0 326.519 38.349 -207.277 325.714 36.304 -208.057 327.174 40.258 -206.408 jng-treebark-02
2591 1 28 1781 0 -1 0 306.873 31.953 -135.300 306.394 29.786 -135.863 307.549 33.977 -134.608 jng-treebark-02
2592 1 28 1783 0 -1 0 289.624 32.660 -134.293 288.973 30.276 -135.251 290.413 34.850 -133.485 jng-treebark-02
2593 1 28 1785 0 -1 0 286.842 31.542 -164.289 286.219 29.222 -165.171 287.750 33.706 -163.160 jng-treebark-02
2594 1 28 1787 0 -1 0 306.780 32.296 -159.042 306.024 29.892 -159.689 307.648 34.493 -158.390 jng-treebark-02
2595 1 28 1789 0 -1 0 291.353 34.088 -189.951 290.760 31.733 -190.681 292.296 36.331 -189.355 jng-treebark-02
2596 1 28 1791 0 -1 0 241.334 49.126 -254.677 240.560 46.749 -255.333 242.204 51.343 -253.869 jng-treebark-02
2597 1 28 1793 0 -1 0 233.387 49.625 -288.564 232.919 47.220 -289.402 233.949 51.831 -287.933 jng-treebark-02
2598 1 28 1795 0 -1 0 230.835 49.552 -280.074 230.169 47.145 -280.758 231.408 51.693 -279.137 jng-treebark-02
2599 1 28 1797 0 -1 0 472.730 31.439 -320.445 471.935 29.034 -321.233 473.343 33.553 -319.483 jng-treebark-02
2600 1 28 1799 0 -1 0 474.008 32.173 -303.260 472.856 29.674 -304.482 474.951 34.514 -302.442 jng-treebark-02
2601 1 28 1801 0 -1 0 468.087 28.554 -301.031 467.494 26.198 -301.760 469.030 30.797 -300.435 jng-treebark-02
2602 1 28 1803 0 -1 0 463.106 29.840 -340.536 462.609 27.433 -341.426 463.638 32.017 -339.935 jng-treebark-02
2603 1 28 1805 0 -1 0 468.358 28.088 -332.845 467.230 25.772 -333.463 469.002 30.330 -332.234 jng-treebark-02
2604 1 28 1807 0 -1 0 456.786 27.336 -347.947 456.142 25.017 -348.594 457.645 29.552 -346.870 jng-treebark-02
2605 1 28 1809 0 -1 0 433.377 33.977 -361.606 432.588 31.651 -362.254 434.207 36.208 -360.618 jng-treebark-02
2606 1 28 1811 0 -1 0 417.430 53.221 -361.554 416.717 50.829 -362.218 418.065 55.456 -360.870 jng-treebark-02
2607 1 28 1813 0 -1 0 389.924 36.355 -332.774 389.330 34.370 -333.673 390.864 38.208 -332.151 jng-treebark-02
2608 1 28 1815 0 -1 0 396.836 36.355 -352.115 395.901 34.370 -352.754 397.443 38.208 -351.213 jng-treebark-02
2609 1 28 1817 0 -1 0 385.609 40.736 -364.476 384.896 38.345 -365.139 386.244 42.971 -363.791 jng-treebark-02
2610 1 28 1819 0 -1 0 366.329 44.476 -366.870 365.755 41.567 -367.674 367.181 47.234 -365.707 jng-treebark-02
2611 1 28 1821 0 -1 0 371.252 42.795 -366.154 370.418 40.391 -366.866 371.890 45.014 -365.641 jng-treebark-02
2612 1 28 1823 0 -1 0 303.338 18.663 -353.845 302.560 16.260 -354.544 303.980 20.886 -353.273 jng-treebark-02
2613 1 28 1825 0 -1 0 329.658 17.491 -366.616 328.838 14.523 -367.132 330.308 20.285 -365.966 jng-treebark-02
2614 1 28 1827 0 -1 0 313.477 22.729 -363.310 312.639 20.353 -363.822 314.125 24.972 -362.612 jng-treebark-02
2615 1 28 1829 0 -1 0 325.555 20.127 -363.290 324.372 17.853 -363.924 326.469 22.318 -362.552 jng-treebark-02
2616 1 28 1831 0 -1 0 287.966 37.577 -325.588 287.271 35.677 -326.339 288.456 39.351 -325.076 jng-treebark-02
2617 1 28 1833 0 -1 0 260.147 41.414 -324.808 259.342 39.011 -325.436 260.827 43.609 -323.941 jng-treebark-02
2618 1 28 1835 0 -1 0 264.063 43.738 -328.399 263.441 41.347 -328.924 264.854 45.972 -327.601 jng-treebark-02
2619 1 28 1837 0 -1 0 241.553 51.159 -305.714 240.916 48.756 -306.361 242.349 53.377 -305.001 jng-treebark-02
2620 1 28 1839 0 -1 0 241.820 49.502 -297.385 241.268 47.132 -298.046 242.270 51.742 -296.656 jng-treebark-02
2621 1 28 1841 0 -1 0 252.190 40.229 -304.514 251.554 37.852 -305.324 252.871 42.446 -303.639 jng-treebark-02
2622 1 28 1843 0 -1 0 241.974 52.606 -317.236 241.319 50.224 -317.813 242.671 54.846 -316.494 jng-treebark-02
2623 1 28 1845 0 -1 0 294.807 22.360 -344.966 294.390 19.587 -346.526 295.258 25.056 -344.005 jng-treebark-02
2624 1 28 1847 0 -1 0 283.854 40.928 -332.023 283.076 38.526 -332.722 284.496 43.151 -331.451 jng-treebark-02
2625 1 0 671 0 -1 0 467.652 4.359 -189.149 457.239 -9.245 -194.848 474.778 17.190 -181.767 jng-rockwall-01
2626 1 0 692 0 -1 0 225.480 33.621 -195.790 217.216 16.583 -204.500 230.039 50.600 -187.890 jng-rockwall-01
2627 1 0 701 0 -1 0 211.349 35.022 -219.616 201.213 22.236 -225.083 217.544 48.009 -211.201 jng-rockwall-01
2628 1 0 713 0 -1 0 215.922 10.330 -261.809 207.871 -1.598 -271.411 224.996 22.814 -255.944 jng-rockwall-01
2629 1 0 934 0 -1 0 396.389 24.762 -177.762 384.955 18.042 -182.760 407.847 28.647 -175.003 jng-rockwall-01
2630 1 0 935 0 -1 0 375.987 24.511 -184.154 365.841 17.831 -194.438 387.079 28.335 -176.503 jng-rockwall-01
2631 1 0 936 0 -1 0 354.145 24.341 -191.464 342.654 17.543 -196.222 365.514 28.337 -188.708 jng-rockwall-01
2632 1 0 940 0 -1 0 419.219 24.501 -233.081 406.637 19.296 -235.801 431.162 27.562 -229.585 jng-rockwall-01
2633 1 0 949 0 -1 0 312.614 24.074 -213.743 304.572 17.393 -227.145 323.285 27.814 -203.760 jng-rockwall-01
2634 1 0 420 0 -1 0 198.216 25.349 -248.825 195.104 19.861 -252.396 200.278 31.742 -246.131 jng-rockwall-01
2635 1 0 423 0 -1 0 201.987 40.585 -246.750 198.673 34.252 -250.377 204.011 47.963 -243.878 jng-rockwall-01
2636 1 0 745 0 -1 0 404.960 31.032 -171.134 402.732 14.658 -175.216 408.207 46.172 -167.625 jng-rockwall-01
2637 1 0 831 0 -1 0 337.305 1.752 -128.671 335.747 -3.014 -130.759 339.150 6.651 -127.272 jng-rockwall-01
2638 1 0 846 0 -1 0 493.289 34.984 -257.279 491.284 27.655 -258.825 495.180 42.492 -256.207 jng-rockwall-01
2639 1 0 864 0 -1 0 267.048 5.850 -213.338 263.832 0.409 -216.163 269.026 11.494 -210.788 jng-rockwall-01
2640 1 0 876 0 -1 0 444.392 40.480 -364.766 442.859 34.218 -366.566 446.432 46.908 -362.485 jng-rockwall-01
2641 1 0 879 0 -1 0 442.086 29.653 -354.100 440.599 22.739 -356.241 443.692 36.610 -352.417 jng-rockwall-01
2642 1 0 882 0 -1 0 460.267 33.258 -356.726 458.187 26.376 -358.614 462.173 40.221 -355.226 jng-rockwall-01
2643 1 0 891 0 -1 0 396.057 3.659 -296.959 394.666 -1.234 -298.706 397.246 8.580 -295.593 jng-rockwall-01
2644 1 0 897 0 -1 0 364.055 35.579 -368.390 362.696 28.250 -370.343 365.559 43.086 -366.804 jng-rockwall-01
2645 1 0 906 0 -1 0 295.344 10.626 -318.593 291.198 4.908 -319.804 298.625 16.635 -316.855 jng-rockwall-01
2646 1 0 909 0 -1 0 251.342 33.293 -310.201 249.608 26.959 -312.222 253.307 39.798 -308.707 jng-rockwall-01
2647 1 0 912 0 -1 0 296.662 20.732 -367.496 294.894 14.566 -370.149 298.838 26.764 -365.038 jng-rockwall-01
2648 1 0 1261 0 -1 0 449.099 27.437 -211.717 444.595 23.091 -216.555 452.378 31.480 -208.439 jng-rockwall-01
2649 1 0 1262 0 -1 0 446.192 29.213 -209.108 443.080 26.249 -212.696 449.310 32.114 -207.136 jng-rockwall-01
2650 1 0 1263 0 -1 0 476.245 29.573 -252.694 474.754 27.420 -254.997 478.639 31.616 -251.065 jng-rockwall-01
2651 1 0 1264 0 -1 0 443.354 29.158 -257.807 440.803 26.665 -260.625 446.288 31.773 -255.067 jng-rockwall-01
2652 1 0 1268 0 -1 0 261.287 18.842 -148.120 258.131 15.542 -150.837 263.179 21.981 -144.771 jng-rockwall-01
2653 1 0 1269 0 -1 0 249.170 19.402 -165.086 245.488 16.917 -168.906 252.114 22.330 -162.549 jng-rockwall-01
2654 1 0 1270 0 -1 0 246.506 18.919 -169.324 243.389 16.109 -171.398 248.978 21.771 -165.548 jng-rockwall-01
2655 1 0 1275 0 -1 0 255.712 36.953 -285.603 254.012 34.865 -287.226 258.419 38.928 -283.366 jng-rockwall-01
2656 1 0 1276 0 -1 0 255.326 34.965 -275.900 252.962 32.877 -277.669 257.132 36.940 -273.137 jng-rockwall-01
2657 1 0 1277 0 -1 0 236.070 40.519 -281.257 234.651 38.569 -282.562 238.324 42.295 -279.296 jng-rockwall-01
2658 1 0 1279 0 -1 0 395.135 30.081 -349.894 393.874 28.516 -351.184 397.262 31.562 -348.098 jng-rockwall-01
2659 1 0 1280 0 -1 0 395.376 32.087 -358.039 392.875 29.781 -360.227 396.800 33.841 -355.850 jng-rockwall-01
2660 1 0 1288 0 -1 0 378.060 27.083 -333.240 376.421 24.902 -335.955 380.379 29.396 -330.965 jng-rockwall-01
2661 1 0 1289 0 -1 0 385.780 26.811 -334.380 383.577 24.470 -336.249 388.419 28.965 -332.051 jng-rockwall-01
2662 1 0 1291 0 -1 0 393.596 27.659 -349.175 390.854 25.571 -351.526 395.372 29.634 -347.361 jng-rockwall-01
2663 1 14 2738 0 -1 0 349.500 56.102 -210.377 343.260 54.901 -213.806 355.847 57.307 -207.613 cmn-precursor-metal-edging-01-hitweak
2664 1 14 2739 0 -1 0 331.522 56.102 -228.344 328.758 54.901 -234.691 334.951 57.307 -222.104 cmn-precursor-metal-edging-01-hitweak
2665 1 14 2740 0 -1 0 338.729 56.102 -217.572 333.856 54.901 -222.863 344.019 57.307 -212.699 cmn-precursor-metal-edging-01-hitweak
2666 1 14 2741 0 -1 0 331.325 80.482 -253.256 328.660 79.280 -259.533 334.662 81.687 -246.886 cmn-precursor-metal-edging-01-hitweak
2667 1 14 2742 0 -1 0 338.343 80.482 -264.151 333.545 79.280 -269.097 343.570 81.687 -258.798 cmn-precursor-metal-edging-01-hitweak
2668 1 14 2743 0 -1 0 349.002 80.482 -271.514 342.801 79.280 -274.377 355.324 81.687 -267.994 cmn-precursor-metal-edging-01-hitweak
2669 1 0 595 0 -1 0 199.937 32.390 -245.167 192.678 18.348 -250.523 204.240 47.621 -241.916 jng-rockwall-01
2670 1 0 425 0 -1 0 181.928 53.139 -228.694 170.232 39.094 -242.168 198.306 58.429 -214.997 jng-rockwall-01
2671 1 0 564 0 -1 0 204.540 30.426 -165.381 200.377 21.561 -169.226 208.101 39.202 -162.965 jng-rockwall-01
2672 1 0 1116 0 -1 0 323.564 6.863 -129.903 321.461 3.567 -131.382 324.965 9.568 -129.408 jng-rockwall-01
2673 1 0 1118 0 -1 0 398.952 1.328 -268.432 396.563 -2.373 -271.312 399.947 4.364 -267.293 jng-rockwall-01
2674 1 0 987 0 -1 0 403.849 7.456 -92.496 394.628 -0.671 -103.145 414.256 16.252 -82.216 jng-rockwall-01
2675 1 0 989 0 -1 0 417.326 52.141 -182.564 413.169 43.165 -186.225 422.611 60.653 -177.743 jng-rockwall-01
2676 1 0 991 0 -1 0 435.402 18.323 -243.104 432.055 9.128 -246.095 440.070 27.119 -238.795 jng-rockwall-01
2677 1 0 1002 0 -1 0 222.488 7.294 -225.996 219.215 -1.924 -229.553 226.391 15.700 -221.454 jng-rockwall-01
2678 1 0 440 0 -1 0 436.029 7.559 -297.122 433.033 -0.056 -304.569 439.315 12.752 -292.640 jng-rockwall-01
2679 1 0 458 0 -1 0 373.227 18.918 -325.958 365.455 10.315 -329.774 377.284 24.437 -324.021 jng-rockwall-01
2680 1 0 653 0 -1 0 382.772 5.807 -110.497 374.004 -6.345 -117.401 390.144 18.570 -106.819 jng-rockwall-01
2681 1 0 656 0 -1 0 385.716 34.520 -122.540 379.686 21.665 -131.760 392.975 46.776 -116.663 jng-rockwall-01
2682 1 0 659 0 -1 0 395.385 29.883 -158.337 388.062 15.128 -163.608 402.781 44.870 -151.607 jng-rockwall-01
2683 1 0 740 0 -1 0 471.800 9.185 -47.224 467.560 -9.960 -55.160 477.659 28.088 -37.043 jng-rockwall-01
2684 1 0 756 0 -1 0 457.338 9.212 -239.833 447.994 6.776 -248.559 466.919 12.884 -231.973 jng-rockwall-01
2685 1 0 766 0 -1 0 446.417 26.881 -270.310 441.211 14.761 -272.749 451.590 38.809 -265.197 jng-rockwall-01
2686 1 0 804 0 -1 0 419.283 48.854 -366.166 410.135 42.105 -376.504 428.183 52.035 -356.883 jng-rockwall-01
2687 1 0 806 0 -1 0 409.053 49.090 -372.526 402.691 44.185 -382.514 417.877 52.262 -362.337 jng-rockwall-01
2688 1 0 410 0 -1 0 312.304 19.230 -265.274 305.904 10.120 -270.284 315.034 24.906 -261.258 jng-rockwall-01
2689 1 0 963 0 -1 0 440.581 21.353 -252.660 438.577 11.903 -255.395 445.184 27.029 -248.809 jng-rockwall-01
2690 1 0 967 0 -1 0 402.534 8.620 -270.916 398.238 -2.373 -275.516 406.804 15.551 -266.214 jng-rockwall-01
2691 1 0 1323 0 -1 0 394.899 22.911 -176.468 391.237 18.040 -179.510 398.268 27.209 -174.444 jng-rockwall-01
2692 1 0 1326 0 -1 0 373.381 22.677 -184.100 370.750 17.852 -188.099 376.971 26.916 -181.679 jng-rockwall-01
2693 1 0 1329 0 -1 0 352.635 22.564 -190.092 349.000 17.633 -192.943 356.004 26.909 -188.204 jng-rockwall-01
2694 1 0 1335 0 -1 0 432.065 23.041 -239.093 430.472 19.216 -240.662 434.444 26.357 -236.608 jng-rockwall-01
2695 1 0 1374 0 -1 0 266.341 30.576 -274.425 264.274 25.613 -276.115 269.258 34.927 -271.667 jng-rockwall-01
2696 1 0 1389 0 -1 0 418.286 21.405 -342.424 416.487 17.559 -345.143 419.365 24.805 -339.823 jng-rockwall-01
2697 1 0 1461 0 -1 0 352.834 16.038 -129.958 349.682 13.846 -133.829 354.843 18.671 -128.425 jng-rockwall-01
2698 1 0 1463 0 -1 0 469.309 26.012 -239.640 465.339 23.267 -244.312 471.475 28.372 -236.726 jng-rockwall-01
2699 1 0 1465 0 -1 0 479.182 25.305 -255.337 475.676 22.692 -259.418 481.159 27.684 -252.436 jng-rockwall-01
2700 1 0 1469 0 -1 0 393.170 16.811 -258.950 389.562 14.529 -260.757 395.121 18.956 -255.879 jng-rockwall-01
2701 1 0 1475 0 -1 0 258.315 31.710 -251.161 254.135 29.284 -255.481 260.669 34.328 -249.284 jng-rockwall-01
2702 1 0 1481 0 -1 0 424.796 18.890 -319.836 422.164 16.220 -323.469 427.025 21.494 -318.243 jng-rockwall-01
2703 1 0 1485 0 -1 0 398.900 23.215 -319.558 396.615 20.885 -322.222 401.995 25.433 -318.094 jng-rockwall-01
2704 1 0 1487 0 -1 0 300.951 22.360 -302.098 295.327 20.091 -304.577 303.746 24.813 -297.502 jng-rockwall-01
2705 1 0 1489 0 -1 0 296.634 22.444 -335.698 292.368 20.359 -338.004 298.392 24.966 -331.868 jng-rockwall-01
2706 1 0 363 0 -1 0 375.090 38.849 -138.273 371.853 32.516 -140.230 379.393 46.227 -135.512 jng-rockwall-01
2707 1 0 378 0 -1 0 421.370 34.558 -193.496 418.133 28.225 -195.454 425.673 41.936 -190.736 jng-rockwall-01
2708 1 0 435 0 -1 0 474.101 34.945 -301.199 471.438 28.820 -303.333 477.871 42.082 -298.118 jng-rockwall-01
2709 1 0 447 0 -1 0 448.565 22.104 -344.419 445.517 16.150 -347.886 450.766 28.897 -341.795 jng-rockwall-01
2710 1 0 450 0 -1 0 444.159 42.529 -367.631 443.027 36.611 -371.330 445.721 49.332 -363.943 jng-rockwall-01
2711 1 0 463 0 -1 0 374.875 7.574 -113.868 371.502 -6.384 -118.874 380.665 20.112 -110.948 jng-rockwall-01
2712 1 0 468 0 -1 0 364.280 31.195 -124.395 360.275 17.761 -128.200 370.874 43.384 -122.260 jng-rockwall-01
2713 1 0 473 0 -1 0 377.253 33.916 -123.928 369.653 22.667 -131.679 383.694 45.531 -118.327 jng-rockwall-01
2714 1 0 478 0 -1 0 374.466 42.684 -131.050 371.647 32.557 -133.484 379.636 52.260 -126.672 jng-rockwall-01
2715 1 0 503 0 -1 0 343.341 8.026 -129.871 339.269 -1.881 -135.197 347.363 17.402 -126.618 jng-rockwall-01
2716 1 0 508 0 -1 0 454.507 10.347 -220.290 448.579 -3.239 -226.703 457.179 22.637 -216.552 jng-rockwall-01
2717 1 0 513 0 -1 0 451.731 8.803 -203.303 444.193 -3.651 -207.218 456.242 21.717 -200.752 jng-rockwall-01
2718 1 0 518 0 -1 0 481.065 18.718 -251.153 474.519 8.088 -256.647 484.941 29.664 -247.990 jng-rockwall-01
2719 1 0 523 0 -1 0 494.524 22.636 -258.620 484.614 11.602 -263.724 503.202 33.728 -256.231 jng-rockwall-01
2720 1 0 533 0 -1 0 465.591 37.435 -261.148 462.310 27.308 -265.091 467.437 47.011 -259.327 jng-rockwall-01
2721 1 0 563 0 -1 0 197.663 31.639 -163.644 194.632 21.991 -169.655 201.960 41.657 -160.460 jng-rockwall-01
2722 1 0 568 0 -1 0 217.742 27.160 -170.637 212.298 15.870 -176.516 220.479 39.630 -166.503 jng-rockwall-01
2723 1 0 683 0 -1 0 338.305 8.021 -280.145 330.093 -4.764 -286.364 346.625 21.009 -272.576 jng-rockwall-01
2724 1 0 950 0 -1 0 255.556 32.644 -282.666 251.693 26.377 -294.358 258.285 36.315 -271.629 jng-rockwall-01
2725 1 0 705 0 -1 0 199.902 13.560 -229.124 193.028 -2.208 -231.840 205.807 24.517 -224.790 jng-rockwall-01
2726 1 0 711 0 -1 0 204.670 11.159 -257.795 197.159 -4.401 -262.578 211.397 21.851 -253.383 jng-rockwall-01
2727 1 0 1168 0 -1 0 414.451 10.552 -236.246 410.487 -3.177 -239.131 418.507 22.878 -231.895 jng-rockwall-01
2728 1 72 2822 0 -1 0 383.353 44.101 -264.474 379.128 40.230 -268.874 387.581 48.027 -260.077 cmn-precursor-metal-plain-01
2729 1 11 1673 0 -1 0 347.229 24.022 -132.721 346.630 19.918 -133.827 348.231 27.869 -131.825 jng-treebark-03
2730 1 11 1676 0 -1 0 321.079 20.422 -133.260 319.290 16.748 -135.484 322.908 23.329 -130.667 jng-treebark-03
2731 1 11 1679 0 -1 0 328.434 21.860 -167.906 327.110 18.198 -169.235 329.032 25.302 -166.917 jng-treebark-03
2732 1 11 1685 0 -1 0 293.969 22.810 -133.707 293.326 18.823 -135.370 295.295 26.557 -132.768 jng-treebark-03
2733 1 11 1691 0 -1 0 289.043 23.093 -196.444 288.544 19.106 -198.133 290.122 26.840 -195.242 jng-treebark-03
2734 1 11 1697 0 -1 0 240.378 40.112 -249.151 239.758 36.126 -250.374 241.730 43.860 -247.707 jng-treebark-03
2735 1 11 1700 0 -1 0 235.367 40.358 -281.831 234.721 36.238 -283.520 236.550 44.073 -280.630 jng-treebark-03
2736 1 11 1703 0 -1 0 235.019 41.193 -288.673 232.833 37.388 -289.285 236.964 44.687 -287.351 jng-treebark-03
2737 1 11 1709 0 -1 0 471.941 19.829 -304.341 470.474 16.182 -305.348 473.370 23.261 -303.773 jng-treebark-03
2738 1 11 1712 0 -1 0 455.457 19.128 -324.252 454.942 15.326 -324.765 456.615 22.616 -323.474 jng-treebark-03
2739 1 11 1715 0 -1 0 442.253 30.008 -361.793 440.773 25.991 -363.269 443.706 33.680 -361.064 jng-treebark-03
2740 1 11 1721 0 -1 0 413.594 46.653 -366.792 412.113 42.636 -368.268 415.046 50.325 -366.063 jng-treebark-03
2741 1 11 1733 0 -1 0 365.503 31.128 -351.161 364.063 27.141 -351.773 366.750 34.876 -349.828 jng-treebark-03
2742 1 11 1736 0 -1 0 368.089 30.255 -350.680 367.537 26.268 -352.313 369.069 34.002 -349.385 jng-treebark-03
2743 1 11 1751 0 -1 0 289.424 29.990 -327.961 287.905 26.380 -329.139 290.311 33.383 -327.396 jng-treebark-03
2744 1 11 1757 0 -1 0 241.106 45.897 -307.737 239.854 41.838 -308.480 242.248 49.632 -306.195 jng-treebark-03
2745 1 11 1760 0 -1 0 250.752 32.532 -321.700 249.002 28.808 -323.640 251.650 36.046 -319.805 jng-treebark-03
2746 1 0 1123 0 -1 0 369.773 35.774 -135.022 364.672 31.566 -137.119 374.225 39.613 -130.916 jng-rockwall-01
2747 1 0 1125 0 -1 0 325.998 7.228 -129.379 322.185 3.995 -132.307 328.683 10.071 -128.132 jng-rockwall-01
2748 1 0 1127 0 -1 0 470.561 22.836 -239.112 465.304 19.360 -245.066 473.918 26.836 -236.780 jng-rockwall-01
2749 1 0 1129 0 -1 0 474.147 44.123 -260.486 471.769 39.500 -265.185 479.448 48.664 -256.466 jng-rockwall-01
2750 1 0 1131 0 -1 0 454.503 32.647 -277.197 451.363 28.640 -279.496 458.293 36.581 -272.452 jng-rockwall-01
2751 1 0 1133 0 -1 0 451.598 3.527 -250.319 447.979 -1.694 -253.786 455.610 7.930 -248.921 jng-rockwall-01
2752 1 0 1135 0 -1 0 438.733 18.945 -265.985 437.098 15.010 -269.371 443.029 23.411 -261.090 jng-rockwall-01
2753 1 0 1137 0 -1 0 261.415 14.672 -209.785 256.629 10.842 -212.845 263.728 18.331 -206.348 jng-rockwall-01
2754 1 0 1139 0 -1 0 208.513 33.144 -161.792 205.514 29.683 -164.938 211.908 36.934 -160.412 jng-rockwall-01
2755 1 0 1141 0 -1 0 256.183 31.027 -250.640 251.685 27.128 -255.396 257.911 35.237 -248.768 jng-rockwall-01
2756 1 0 1143 0 -1 0 263.281 16.395 -256.224 258.064 11.992 -261.483 265.737 21.114 -254.161 jng-rockwall-01
2757 1 0 1145 0 -1 0 482.461 44.632 -303.135 478.960 40.590 -304.305 485.526 48.413 -300.387 jng-rockwall-01
2758 1 0 1147 0 -1 0 408.612 23.815 -320.309 404.003 20.762 -323.870 411.403 26.653 -319.108 jng-rockwall-01
2759 1 0 1149 0 -1 0 389.279 50.574 -379.293 385.079 46.455 -381.939 393.411 53.907 -377.869 jng-rockwall-01
2760 1 0 1151 0 -1 0 312.661 50.810 -383.743 307.927 47.136 -387.337 317.347 53.934 -382.276 jng-rockwall-01
2761 1 0 1153 0 -1 0 296.195 14.360 -321.293 292.911 10.354 -325.024 297.662 18.295 -318.563 jng-rockwall-01
2762 1 0 1155 0 -1 0 232.556 49.709 -317.146 227.457 45.979 -319.884 237.845 51.200 -312.875 jng-rockwall-01
2763 1 0 1157 0 -1 0 288.380 47.917 -365.914 284.045 43.424 -371.523 292.761 52.080 -363.721 jng-rockwall-01
2764 1 0 1308 0 -1 0 225.172 46.585 -199.367 221.312 41.812 -203.124 227.121 51.101 -194.685 jng-rockwall-01
2765 1 0 1319 0 -1 0 338.967 24.920 -376.891 336.860 21.296 -381.864 342.770 28.452 -373.289 jng-rockwall-01
2766 1 0 1320 0 -1 0 304.000 34.597 -376.238 299.204 30.875 -380.232 308.125 37.383 -373.526 jng-rockwall-01
2767 1 0 1322 0 -1 0 292.870 25.236 -345.480 289.289 21.507 -349.248 294.970 28.483 -340.716 jng-rockwall-01
2768 1 1 1490 0 -1 0 477.812 2.031 -227.522 474.517 1.960 -231.241 481.394 2.250 -224.184 jng-leafyground
2769 1 1 1492 0 -1 0 437.061 25.173 -265.052 432.172 25.038 -270.185 442.364 25.587 -260.444 jng-leafyground
2770 1 1 1494 0 -1 0 315.418 20.537 -288.905 310.344 20.429 -293.711 320.815 20.868 -283.616 jng-leafyground
2771 1 1 1496 0 -1 0 251.075 9.530 -216.863 245.586 9.452 -221.865 256.080 9.771 -211.566 jng-leafyground
2772 1 1 1498 0 -1 0 255.957 6.516 -216.168 250.608 6.449 -221.743 261.461 6.722 -210.989 jng-leafyground
2773 1 1 1500 0 -1 0 234.682 18.523 -223.062 229.579 18.454 -227.810 239.451 18.733 -217.787 jng-leafyground
2774 1 1 1502 0 -1 0 245.753 12.522 -219.617 240.830 12.445 -224.749 251.175 12.759 -214.359 jng-leafyground
2775 1 1 1504 0 -1 0 240.175 15.512 -220.800 234.727 15.458 -226.230 245.309 15.677 -215.859 jng-leafyground
2776 1 1 1506 0 -1 0 228.846 21.534 -221.280 223.747 21.452 -226.603 234.053 21.785 -216.436 jng-leafyground
2777 1 1 1508 0 -1 0 223.338 24.528 -219.354 218.679 24.458 -224.427 228.456 24.742 -214.407 jng-leafyground
2778 1 1 1510 0 -1 0 303.560 8.517 -304.537 298.656 8.466 -308.987 308.003 8.671 -300.083 jng-leafyground
2779 1 1 1512 0 -1 0 306.429 10.524 -298.777 301.511 10.465 -303.170 311.861 10.704 -294.621 jng-leafyground
2780 1 1 1514 0 -1 0 310.620 18.537 -293.012 304.710 18.434 -298.775 316.178 18.852 -287.764 jng-leafyground
2781 1 1 1516 0 -1 0 361.807 23.305 -168.066 359.352 23.085 -170.967 363.896 23.570 -165.571 jng-leafyground
2782 1 1 1517 0 -1 0 360.005 22.593 -162.380 357.508 22.373 -164.900 362.284 22.857 -159.768 jng-leafyground
2783 1 1 1518 0 -1 0 325.708 22.593 -175.880 323.203 22.373 -178.187 328.082 22.857 -173.289 jng-leafyground
2784 1 1 1519 0 -1 0 333.101 21.593 -173.301 330.757 21.373 -176.002 335.571 21.857 -170.797 jng-leafyground
2785 1 1 1520 0 -1 0 327.109 31.771 -203.454 324.650 31.551 -205.946 330.037 32.035 -201.339 jng-leafyground
2786 1 1 1521 0 -1 0 298.319 22.593 -134.015 295.578 22.373 -136.466 300.810 22.857 -131.643 jng-leafyground
2787 1 1 1522 0 -1 0 304.140 23.593 -135.439 301.634 23.373 -137.905 307.040 23.857 -133.249 jng-leafyground
2788 1 1 1523 0 -1 0 291.697 23.593 -186.450 289.177 23.373 -188.735 294.197 23.857 -183.924 jng-leafyground
2789 1 1 1524 0 -1 0 282.408 21.593 -176.589 279.967 21.373 -179.058 285.316 21.857 -174.505 jng-leafyground
2790 1 1 1525 0 -1 0 274.589 22.593 -175.331 272.139 22.373 -177.821 276.962 22.857 -172.589 jng-leafyground
2791 1 1 1526 0 -1 0 276.871 21.593 -167.820 274.480 21.373 -170.233 279.656 21.857 -165.409 jng-leafyground
2792 1 1 1527 0 -1 0 242.191 38.593 -259.522 239.719 38.373 -262.033 245.133 38.857 -257.372 jng-leafyground
2793 1 1 1538 0 -1 0 348.984 31.594 -139.026 346.065 31.374 -141.323 351.441 31.858 -136.518 jng-leafyground
2794 1 1 1539 0 -1 0 345.873 30.594 -145.021 342.972 30.374 -147.171 348.377 30.858 -142.558 jng-leafyground
2795 1 1 1540 0 -1 0 355.503 30.594 -143.942 353.267 30.374 -146.448 357.968 30.858 -141.049 jng-leafyground
2796 1 1 1541 0 -1 0 322.904 28.594 -139.658 320.516 28.374 -142.027 325.631 28.858 -137.232 jng-leafyground
2797 1 1 1542 0 -1 0 315.235 28.594 -134.173 312.879 28.374 -136.443 317.879 28.858 -131.706 jng-leafyground
2798 1 1 1543 0 -1 0 335.387 29.594 -144.605 332.920 29.374 -147.119 338.320 29.858 -142.345 jng-leafyground
2799 1 1 1544 0 -1 0 329.925 29.594 -139.498 327.499 29.374 -141.886 332.294 29.858 -136.770 jng-leafyground
2800 1 1 1545 0 -1 0 350.703 29.594 -162.136 347.854 29.374 -164.483 353.190 29.858 -159.691 jng-leafyground
2801 1 1 1546 0 -1 0 317.490 29.594 -197.492 315.015 29.374 -199.926 320.321 29.858 -195.120 jng-leafyground
2802 1 1 1547 0 -1 0 323.165 30.594 -198.293 320.774 30.374 -200.713 325.959 30.858 -195.886 jng-leafyground
2803 1 1 1548 0 -1 0 307.633 30.594 -192.638 305.172 30.374 -195.048 310.428 30.858 -190.226 jng-leafyground
2804 1 72 2223 0 -1 0 275.982 31.774 -302.586 275.819 30.583 -303.022 276.476 32.771 -301.928 cmn-precursor-metal-plain-01
2805 1 72 2225 0 -1 0 282.947 31.774 -299.771 282.444 30.583 -300.428 283.116 32.771 -299.335 cmn-precursor-metal-plain-01
2806 1 72 2224 0 -1 0 278.038 31.774 -297.694 277.601 30.583 -298.194 278.694 32.771 -297.522 cmn-precursor-metal-plain-01
2807 1 72 2226 0 -1 0 280.872 31.774 -304.662 280.210 30.583 -304.835 281.319 32.771 -304.163 cmn-precursor-metal-plain-01
2808 1 75 2227 0 -1 0 426.767 17.886 -317.343 425.492 17.067 -318.571 428.304 18.770 -315.868 cmn-precursor-stonehenge-rim
2809 1 75 2228 0 -1 0 435.503 17.810 -307.795 433.960 17.005 -309.274 436.757 18.692 -306.587 cmn-precursor-stonehenge-rim
2810 1 5 2443 0 -1 0 346.838 43.680 -157.176 342.927 38.685 -161.710 351.291 47.654 -153.733 jng-canopy-hang-01
2811 1 5 2449 0 -1 0 357.059 45.778 -161.603 352.533 41.602 -165.585 360.663 49.173 -158.648 jng-canopy-hang-01
2812 1 5 2470 0 -1 0 260.727 44.772 -143.220 257.271 40.374 -148.063 265.036 48.404 -139.533 jng-canopy-hang-01
2813 1 5 2482 0 -1 0 303.949 42.209 -206.840 300.473 37.827 -210.566 307.507 45.824 -201.827 jng-canopy-hang-01
2814 1 29 2911 0 -1 0 348.786 47.224 -208.602 346.929 44.301 -210.022 350.971 50.145 -207.783 jng-light-blue
2815 1 29 2912 0 -1 0 329.780 47.224 -227.597 328.965 44.301 -229.773 331.199 50.145 -225.731 jng-light-blue
2816 1 29 2914 0 -1 0 336.974 71.603 -265.452 335.700 68.681 -266.771 338.850 74.524 -263.536 jng-light-blue
2817 1 29 2915 0 -1 0 329.559 71.603 -253.946 328.751 68.681 -255.822 330.959 74.524 -251.754 jng-light-blue
2818 1 29 2916 0 -1 0 348.232 71.603 -273.260 346.385 68.681 -274.087 350.399 74.524 -271.822 jng-light-blue
2819 1 72 2943 0 -1 0 362.219 49.274 -206.111 359.593 49.069 -208.718 364.906 49.600 -203.421 cmn-precursor-metal-plain-01
2820 1 0 674 0 -1 0 355.095 8.347 -130.405 350.530 -6.649 -138.484 361.231 22.803 -125.067 jng-rockwall-01
2821 1 0 739 0 -1 0 471.367 9.436 -39.498 467.144 -9.930 -44.141 476.768 28.741 -35.409 jng-rockwall-01
2822 1 0 753 0 -1 0 427.411 6.786 -238.750 423.619 -6.450 -242.380 431.720 19.925 -234.009 jng-rockwall-01
2823 1 0 755 0 -1 0 459.769 9.138 -243.099 451.687 6.880 -250.473 467.850 12.710 -236.070 jng-rockwall-01
2824 1 0 763 0 -1 0 442.862 18.040 -259.571 439.461 8.169 -262.268 447.523 28.871 -256.290 jng-rockwall-01
2825 1 0 765 0 -1 0 441.642 27.013 -269.277 439.332 14.744 -272.358 444.801 39.175 -265.413 jng-rockwall-01
2826 1 0 775 0 -1 0 283.636 5.886 -211.079 279.841 -4.302 -215.226 288.067 16.042 -205.206 jng-rockwall-01
2827 1 0 777 0 -1 0 207.053 10.359 -165.447 204.185 0.612 -170.184 209.044 20.944 -162.722 jng-rockwall-01
2828 1 0 779 0 -1 0 220.739 29.193 -173.726 217.482 19.599 -178.347 223.885 39.843 -170.409 jng-rockwall-01
2829 1 0 781 0 -1 0 226.722 29.260 -178.198 223.753 19.628 -182.820 229.728 39.949 -175.029 jng-rockwall-01
2830 1 0 783 0 -1 0 232.043 10.443 -184.295 228.750 1.019 -189.467 234.223 20.970 -181.415 jng-rockwall-01
2831 1 0 787 0 -1 0 267.343 26.160 -259.542 257.025 22.561 -269.199 275.353 29.674 -252.336 jng-rockwall-01
2832 1 0 795 0 -1 0 216.043 7.273 -218.185 214.135 -3.436 -221.575 219.113 17.188 -214.312 jng-rockwall-01
2833 1 0 803 0 -1 0 423.108 46.736 -363.183 415.394 42.026 -373.015 429.146 50.251 -354.600 jng-rockwall-01
2834 1 0 805 0 -1 0 414.082 49.889 -373.972 410.060 44.801 -383.092 419.599 52.861 -364.046 jng-rockwall-01
2835 1 0 813 0 -1 0 360.812 9.068 -295.046 357.314 -4.174 -300.719 364.754 22.269 -287.336 jng-rockwall-01
2836 1 0 817 0 -1 0 358.613 37.297 -357.249 354.941 23.035 -360.536 361.454 51.514 -354.734 jng-rockwall-01
2837 1 0 825 0 -1 0 288.210 33.348 -361.331 284.873 23.483 -364.724 290.268 43.612 -358.960 jng-rockwall-01
2838 1 0 480 0 -1 0 373.161 41.590 -128.443 370.307 32.229 -131.263 378.059 51.745 -124.252 jng-rockwall-01
2839 1 0 490 0 -1 0 483.745 5.141 -184.465 478.185 -8.076 -187.637 490.366 17.080 -179.111 jng-rockwall-01
2840 1 0 540 0 -1 0 439.826 5.108 -275.023 437.175 -2.916 -282.053 444.586 13.587 -270.536 jng-rockwall-01
2841 1 0 550 0 -1 0 345.770 17.111 -282.745 342.246 7.749 -286.996 350.559 27.265 -276.617 jng-rockwall-01
2842 1 0 590 0 -1 0 247.123 8.164 -216.869 242.413 -0.470 -220.345 249.095 18.136 -210.762 jng-rockwall-01
2843 1 0 600 0 -1 0 222.352 42.471 -262.519 218.266 34.984 -266.056 226.141 50.593 -260.505 jng-rockwall-01
2844 1 0 615 0 -1 0 406.066 36.224 -361.302 402.690 23.477 -364.350 411.613 48.707 -357.838 jng-rockwall-01
2845 1 0 620 0 -1 0 425.142 32.188 -369.106 419.408 20.345 -374.057 427.811 45.670 -366.067 jng-rockwall-01
2846 1 0 640 0 -1 0 333.456 28.869 -382.323 328.960 16.410 -388.643 338.339 41.207 -378.587 jng-rockwall-01
2847 1 0 645 0 -1 0 243.172 33.555 -325.011 231.896 27.765 -333.461 251.867 38.865 -313.666 jng-rockwall-01
2848 1 0 650 0 -1 0 305.063 43.523 -378.145 300.920 33.435 -383.192 308.550 52.998 -375.036 jng-rockwall-01
2849 1 0 455 0 -1 0 400.531 7.271 -321.239 392.876 -1.222 -324.498 405.499 12.551 -320.036 jng-rockwall-01
2850 1 0 999 0 -1 0 311.139 0.331 -271.635 306.262 -2.969 -280.727 315.163 3.354 -263.503 jng-rockwall-01
2851 1 0 799 0 -1 0 214.272 14.782 -263.651 210.223 -2.297 -268.963 216.993 32.477 -260.353 jng-rockwall-01
2852 1 0 380 0 -1 0 435.674 4.410 -242.101 429.129 -0.896 -245.530 444.342 11.427 -233.516 jng-rockwall-01
2853 1 0 383 0 -1 0 466.257 5.685 -246.702 458.107 -0.089 -249.480 470.926 11.578 -243.929 jng-rockwall-01
2854 1 0 407 0 -1 0 217.208 44.339 -167.322 213.060 35.436 -173.098 219.312 50.133 -162.514 jng-rockwall-01
2855 1 4 1683 0 -1 0 352.427 30.783 -165.277 349.987 24.210 -166.021 353.550 34.613 -164.656 jng-treebark-01-4x4
2856 1 4 1689 0 -1 0 301.182 27.320 -203.091 299.412 22.120 -203.593 305.709 30.587 -202.297 jng-treebark-01-4x4
2857 1 4 1695 0 -1 0 267.533 30.961 -146.391 264.647 24.869 -146.908 268.842 34.617 -145.361 jng-treebark-01-4x4
2858 1 4 1707 0 -1 0 472.808 28.739 -311.409 471.403 22.930 -314.022 476.411 32.299 -310.345 jng-treebark-01-4x4
2859 1 4 1719 0 -1 0 408.901 35.235 -346.749 407.254 29.854 -347.745 409.661 38.458 -344.378 jng-treebark-01-4x4
2860 1 4 1725 0 -1 0 396.332 38.013 -367.024 394.258 31.525 -368.706 397.334 41.861 -366.171 jng-treebark-01-4x4
2861 1 4 1728 0 -1 0 403.058 36.805 -364.128 402.009 30.626 -365.307 405.508 40.542 -361.320 jng-treebark-01-4x4
2862 1 4 1731 0 -1 0 425.606 32.807 -360.742 424.591 26.346 -363.187 426.010 36.647 -359.585 jng-treebark-01-4x4
2863 1 4 1740 0 -1 0 377.856 40.558 -366.217 377.193 34.440 -367.700 378.416 44.284 -362.651 jng-treebark-01-4x4
2864 1 4 1743 0 -1 0 306.483 21.004 -359.630 305.436 15.352 -360.993 309.197 24.475 -356.465 jng-treebark-01-4x4
2865 1 4 1746 0 -1 0 338.199 11.679 -364.163 337.304 5.535 -365.511 340.133 15.407 -360.933 jng-treebark-01-4x4
2866 1 4 1749 0 -1 0 317.710 19.126 -363.305 315.509 13.017 -365.623 318.721 22.785 -362.258 jng-treebark-01-4x4
2867 1 4 1755 0 -1 0 270.965 40.208 -328.284 269.811 33.766 -329.765 273.456 44.044 -327.508 jng-treebark-01-4x4
2868 1 4 1764 0 -1 0 289.927 36.306 -340.426 288.773 29.864 -341.907 292.418 40.142 -339.649 jng-treebark-01-4x4
2869 1 4 1765 0 -1 0 374.608 27.380 -167.157 372.498 20.396 -169.025 376.345 35.177 -164.290 jng-treebark-01-4x4
2870 1 4 1769 0 -1 0 385.167 29.721 -168.404 383.816 22.861 -172.963 386.372 36.867 -166.028 jng-treebark-01-4x4
2871 1 4 1771 0 -1 0 379.055 38.922 -190.802 376.487 31.938 -193.261 380.827 46.719 -188.944 jng-treebark-01-4x4
2872 1 4 1775 0 -1 0 354.843 29.458 -169.096 353.781 22.474 -172.448 356.219 37.255 -167.073 jng-treebark-01-4x4
2873 1 4 1777 0 -1 0 322.059 38.243 -211.193 320.031 31.259 -212.867 325.160 46.040 -209.667 jng-treebark-01-4x4
2874 1 4 1781 0 -1 0 307.467 29.432 -134.895 306.049 23.071 -137.064 308.953 36.790 -133.379 jng-treebark-01-4x4
2875 1 4 1783 0 -1 0 290.281 29.842 -134.414 287.911 22.864 -137.184 291.979 37.600 -132.542 jng-treebark-01-4x4
2876 1 4 1785 0 -1 0 287.397 28.806 -163.521 286.191 21.909 -167.877 288.438 36.129 -161.240 jng-treebark-01-4x4
2877 1 4 1787 0 -1 0 306.982 29.455 -158.523 305.085 22.416 -160.273 309.551 37.426 -157.051 jng-treebark-01-4x4
2878 1 4 1789 0 -1 0 291.941 31.367 -190.745 288.621 24.403 -192.572 293.889 39.224 -189.367 jng-treebark-01-4x4
2879 1 4 1791 0 -1 0 241.503 46.343 -253.894 239.576 39.359 -256.238 244.165 54.140 -252.203 jng-treebark-01-4x4
2880 1 4 1793 0 -1 0 233.279 46.809 -289.231 231.356 39.761 -290.562 234.903 55.101 -288.048 jng-treebark-01-4x4
2881 1 4 1795 0 -1 0 230.928 46.689 -279.658 229.619 39.654 -281.278 232.675 54.969 -277.923 jng-treebark-01-4x4
2882 1 4 1797 0 -1 0 472.711 28.550 -320.257 471.602 21.495 -322.064 474.341 36.657 -317.701 jng-treebark-01-4x4
2883 1 4 1799 0 -1 0 473.982 29.222 -304.427 471.148 21.710 -307.033 475.768 36.957 -300.048 jng-treebark-01-4x4
2884 1 4 1801 0 -1 0 468.675 25.833 -301.825 465.356 18.869 -303.652 470.623 33.690 -300.447 jng-treebark-01-4x4
2885 1 4 1803 0 -1 0 462.691 27.003 -340.937 460.882 19.956 -341.753 464.536 35.331 -340.026 jng-treebark-01-4x4
2886 1 4 1805 0 -1 0 467.044 25.529 -332.514 464.302 18.732 -334.417 470.123 33.236 -330.419 jng-treebark-01-4x4
2887 1 4 1807 0 -1 0 457.212 24.649 -346.955 455.519 17.751 -350.652 459.072 32.158 -344.716 jng-treebark-01-4x4
2888 1 4 1809 0 -1 0 433.493 31.293 -360.527 431.510 24.377 -363.265 436.271 38.918 -358.350 jng-treebark-01-4x4
2889 1 4 1811 0 -1 0 416.687 50.438 -361.260 415.239 43.420 -363.186 418.313 58.520 -359.006 jng-treebark-01-4x4
2890 1 4 1817 0 -1 0 384.866 37.953 -364.181 383.418 30.935 -366.107 386.491 46.035 -361.928 jng-treebark-01-4x4
2891 1 4 1821 0 -1 0 370.598 39.976 -366.233 369.378 32.929 -368.048 371.727 48.071 -363.559 jng-treebark-01-4x4
2892 1 4 1823 0 -1 0 302.646 15.851 -353.838 301.410 8.809 -355.723 303.742 23.951 -351.193 jng-treebark-01-4x4
2893 1 4 1827 0 -1 0 312.797 19.978 -362.715 311.014 12.992 -364.392 315.416 27.995 -361.109 jng-treebark-01-4x4
2894 1 4 1829 0 -1 0 324.675 17.495 -362.466 322.331 10.663 -363.681 329.208 24.731 -360.703 jng-treebark-01-4x4
2895 1 4 1831 0 -1 0 287.473 35.352 -325.997 286.445 29.766 -327.546 288.533 41.588 -323.257 jng-treebark-01-4x4
2896 1 4 1833 0 -1 0 260.004 38.572 -324.274 258.053 31.537 -325.313 263.099 46.523 -323.409 jng-treebark-01-4x4
2897 1 4 1835 0 -1 0 264.802 40.953 -328.109 263.531 33.938 -330.930 266.385 49.001 -326.397 jng-treebark-01-4x4
2898 1 4 1837 0 -1 0 241.945 48.340 -305.181 240.162 41.297 -307.237 243.968 56.397 -303.600 jng-treebark-01-4x4
2899 1 4 1839 0 -1 0 242.038 46.773 -296.445 240.250 39.805 -297.637 244.052 54.985 -294.593 jng-treebark-01-4x4
2900 1 4 1841 0 -1 0 252.978 37.446 -304.371 251.779 30.462 -307.672 254.381 45.243 -302.339 jng-treebark-01-4x4
2901 1 4 1843 0 -1 0 242.823 49.840 -317.123 241.655 42.845 -319.977 244.491 57.854 -315.254 jng-treebark-01-4x4
2902 1 4 1847 0 -1 0 283.162 38.116 -332.016 281.925 31.074 -333.901 284.258 46.216 -329.371 jng-treebark-01-4x4
2903 1 229 2921 0 -1 0 362.188 106.156 -232.809 360.712 104.473 -233.094 363.670 107.302 -232.537 pal-environment-front
2904 1 229 2930 0 -1 0 370.448 106.156 -241.038 370.164 104.473 -242.520 370.721 107.302 -239.563 pal-environment-front
2905 1 229 2931 0 -1 0 362.213 106.156 -249.279 360.730 104.473 -249.552 363.688 107.302 -248.995 pal-environment-front
2906 1 229 2933 0 -1 0 353.937 106.156 -241.063 353.664 104.473 -242.538 354.221 107.302 -239.581 pal-environment-front
2907 1 0 1265 0 -1 0 371.397 17.640 -290.244 368.422 14.018 -292.707 373.812 21.085 -287.065 jng-rockwall-01
2908 1 0 1274 0 -1 0 301.695 27.409 -257.650 299.316 24.184 -259.459 303.430 30.626 -254.976 jng-rockwall-01
2909 1 0 1287 0 -1 0 381.663 26.397 -328.669 378.744 22.790 -330.503 385.763 28.797 -326.593 jng-rockwall-01
2910 1 0 1290 0 -1 0 364.839 23.386 -332.867 362.353 19.295 -336.954 368.276 27.280 -330.236 jng-rockwall-01
2911 1 0 1292 0 -1 0 360.077 22.133 -341.695 357.814 16.433 -345.624 363.655 27.593 -339.277 jng-rockwall-01
2912 1 0 1293 0 -1 0 300.065 25.061 -306.113 296.589 21.514 -308.444 302.475 28.536 -302.284 jng-rockwall-01
2913 1 0 915 0 -1 0 366.685 22.843 -191.428 362.897 17.129 -194.895 370.045 27.464 -188.848 jng-rockwall-01
2914 1 0 919 0 -1 0 315.797 14.290 -292.782 312.651 9.658 -295.264 318.046 17.926 -289.542 jng-rockwall-01
2915 1 0 920 0 -1 0 240.613 19.792 -186.083 235.480 13.040 -189.357 244.143 24.718 -183.975 jng-rockwall-01
2916 1 0 924 0 -1 0 257.641 30.766 -269.892 253.811 25.120 -272.753 260.546 35.396 -266.194 jng-rockwall-01
2917 1 0 927 0 -1 0 276.740 31.090 -263.563 271.124 25.614 -267.976 280.489 35.557 -260.845 jng-rockwall-01
2918 1 0 928 0 -1 0 275.554 31.277 -274.482 271.589 25.987 -277.446 278.769 35.547 -270.636 jng-rockwall-01
2919 1 0 930 0 -1 0 366.770 23.240 -329.481 364.422 20.430 -333.621 370.375 25.462 -326.472 jng-rockwall-01
2920 1 0 931 0 -1 0 254.048 30.809 -294.536 250.466 25.177 -297.516 256.695 35.433 -290.628 jng-rockwall-01
2921 1 0 932 0 -1 0 248.173 32.181 -300.656 244.568 27.705 -303.791 250.448 35.747 -296.299 jng-rockwall-01
2922 1 0 970 0 -1 0 406.937 6.297 -281.658 402.805 -2.373 -284.950 409.679 13.231 -277.626 jng-rockwall-01
2923 1 0 1134 0 -1 0 450.411 -1.794 -250.995 446.488 -5.105 -254.819 454.055 1.420 -249.112 jng-rockwall-01
2924 1 0 1148 0 -1 0 412.280 22.843 -321.585 409.255 18.778 -324.565 414.479 25.465 -319.848 jng-rockwall-01
2925 1 11 1637 0 -1 0 376.581 24.490 -166.847 369.871 16.055 -172.575 380.980 44.617 -157.337 jng-treebark-03
2926 1 11 1638 0 -1 0 344.579 27.337 -133.632 336.283 19.975 -138.272 350.197 45.238 -130.372 jng-treebark-03
2927 1 11 1639 0 -1 0 322.840 24.391 -133.629 319.636 15.804 -140.618 326.827 42.636 -118.740 jng-treebark-03
2928 1 11 1640 0 -1 0 329.809 24.900 -165.717 325.146 18.278 -169.519 335.142 41.311 -160.839 jng-treebark-03
2929 1 11 1641 0 -1 0 352.719 28.678 -166.399 344.807 19.496 -171.419 358.047 51.425 -159.354 jng-treebark-03
2930 1 11 1642 0 -1 0 291.231 26.131 -133.117 284.305 18.920 -136.871 296.730 43.998 -129.394 jng-treebark-03
2931 1 11 1643 0 -1 0 301.326 25.146 -202.380 289.065 15.626 -204.870 307.861 46.895 -198.888 jng-treebark-03
2932 1 11 1644 0 -1 0 267.999 28.761 -146.959 260.223 20.014 -149.506 274.175 50.172 -143.806 jng-treebark-03
2933 1 11 1645 0 -1 0 286.237 26.413 -196.729 278.584 19.203 -199.702 292.380 44.281 -193.780 jng-treebark-03
2934 1 11 1646 0 -1 0 238.530 43.433 -251.280 232.047 36.223 -255.955 244.115 61.301 -247.851 jng-treebark-03
2935 1 11 1647 0 -1 0 233.262 44.155 -282.116 227.370 36.250 -285.089 242.762 62.495 -279.167 jng-treebark-03
2936 1 11 1648 0 -1 0 473.477 26.529 -310.725 463.892 16.910 -315.454 480.462 48.896 -304.732 jng-treebark-03
2937 1 11 1649 0 -1 0 470.405 22.627 -301.877 466.921 15.571 -307.241 472.986 39.628 -293.683 jng-treebark-03
2938 1 11 1650 0 -1 0 454.587 22.475 -326.163 449.542 15.635 -331.796 458.588 38.480 -318.239 jng-treebark-03
2939 1 11 1651 0 -1 0 440.586 33.511 -359.818 436.549 26.051 -367.770 443.492 51.307 -354.321 jng-treebark-03
2940 1 11 1652 0 -1 0 408.697 33.306 -347.431 404.476 25.686 -352.501 411.779 52.191 -341.544 jng-treebark-03
2941 1 11 1653 0 -1 0 411.926 50.156 -364.817 407.889 42.696 -372.769 414.832 67.951 -359.320 jng-treebark-03
2942 1 11 1654 0 -1 0 402.325 34.538 -363.816 396.905 25.344 -370.340 407.531 56.573 -358.000 jng-treebark-03
2943 1 11 1655 0 -1 0 425.996 30.549 -360.014 422.566 21.030 -369.435 428.559 53.228 -353.936 jng-treebark-03
2944 1 11 1656 0 -1 0 367.574 34.449 -353.072 364.247 27.238 -359.667 372.209 52.317 -347.403 jng-treebark-03
2945 1 11 1657 0 -1 0 397.185 35.769 -366.818 391.428 26.282 -374.783 401.588 58.514 -361.721 jng-treebark-03
2946 1 11 1658 0 -1 0 377.354 38.224 -366.567 374.038 28.971 -375.151 380.187 60.369 -361.125 jng-treebark-03
2947 1 11 1659 0 -1 0 365.378 33.575 -351.415 357.646 26.365 -354.562 371.693 51.443 -348.630 jng-treebark-03
2948 1 11 1660 0 -1 0 337.463 9.383 -364.064 333.295 0.134 -371.654 341.063 31.512 -358.147 jng-treebark-03
2949 1 11 1661 0 -1 0 306.228 18.692 -359.757 298.943 9.584 -366.954 311.025 39.863 -353.821 jng-treebark-03
2950 1 11 1662 0 -1 0 318.497 16.945 -363.335 313.187 8.293 -369.150 323.193 38.385 -358.775 jng-treebark-03
2951 1 11 1663 0 -1 0 289.866 32.998 -325.450 286.544 26.469 -330.540 292.978 49.177 -319.050 jng-treebark-03
2952 1 11 1664 0 -1 0 270.610 37.942 -327.534 265.140 28.725 -330.780 278.784 60.523 -323.928 jng-treebark-03
2953 1 11 1665 0 -1 0 237.668 44.046 -290.609 233.096 36.076 -297.264 245.067 62.154 -284.897 jng-treebark-03
2954 1 11 1666 0 -1 0 242.914 49.443 -309.495 239.250 41.981 -314.943 247.749 67.254 -302.278 jng-treebark-03
2955 1 11 1667 0 -1 0 253.814 34.781 -319.565 247.006 26.553 -323.121 265.544 53.677 -314.190 jng-treebark-03
2956 1 11 1668 0 -1 0 289.572 34.040 -339.675 284.102 24.823 -342.922 297.745 56.620 -336.070 jng-treebark-03
2957 1 0 992 0 -1 0 441.348 28.461 -261.267 438.314 15.455 -264.996 445.791 40.728 -258.833 jng-rockwall-01
2958 1 0 993 0 -1 0 438.883 28.457 -266.594 437.002 15.528 -270.074 441.929 40.709 -262.524 jng-rockwall-01
2959 1 0 994 0 -1 0 401.189 10.688 -248.639 396.562 -1.337 -251.544 404.290 22.082 -244.231 jng-rockwall-01
2960 1 0 1001 0 -1 0 206.238 9.256 -221.247 200.756 -1.722 -225.368 210.947 19.456 -216.034 jng-rockwall-01
2961 1 0 491 0 -1 0 497.584 -1.708 -185.381 490.811 -11.479 -188.171 502.547 8.220 -181.573 jng-rockwall-01
2962 1 0 526 0 -1 0 484.330 24.709 -258.518 478.014 14.903 -261.784 491.706 32.885 -256.422 jng-rockwall-01
2963 1 0 529 0 -1 0 457.193 27.055 -278.787 455.481 14.523 -282.355 460.552 38.692 -275.661 jng-rockwall-01
2964 1 0 531 0 -1 0 465.821 26.346 -292.706 463.697 14.967 -294.283 468.506 36.724 -289.585 jng-rockwall-01
2965 1 0 561 0 -1 0 326.338 4.081 -267.770 321.984 -4.319 -270.418 330.599 11.743 -263.153 jng-rockwall-01
2966 1 0 571 0 -1 0 220.489 30.515 -178.688 216.795 21.174 -182.139 222.657 40.471 -174.510 jng-rockwall-01
2967 1 0 616 0 -1 0 403.935 34.630 -374.456 401.135 23.720 -376.723 407.945 44.625 -370.994 jng-rockwall-01
2968 1 0 621 0 -1 0 419.428 32.911 -356.984 416.132 22.131 -360.313 421.911 42.804 -355.332 jng-rockwall-01
2969 1 0 629 0 -1 0 383.030 42.983 -377.591 379.377 33.592 -380.565 386.546 51.440 -374.534 jng-rockwall-01
2970 1 0 631 0 -1 0 366.656 42.515 -377.183 364.754 33.916 -380.286 369.425 50.150 -374.744 jng-rockwall-01
2971 1 0 634 0 -1 0 342.628 36.858 -370.311 339.507 23.957 -374.878 345.235 48.888 -367.250 jng-rockwall-01
2972 1 0 636 0 -1 0 335.314 36.904 -384.984 333.637 25.067 -387.690 338.294 47.513 -382.299 jng-rockwall-01
2973 1 0 641 0 -1 0 318.388 28.438 -384.436 316.277 17.329 -388.660 321.645 38.152 -380.788 jng-rockwall-01
2974 1 0 646 0 -1 0 243.146 44.855 -317.774 234.793 38.376 -325.304 250.576 49.138 -309.886 jng-rockwall-01
2975 1 0 651 0 -1 0 293.252 41.668 -372.058 290.346 33.263 -375.858 296.932 49.431 -369.889 jng-rockwall-01
2976 1 0 545 0 -1 0 428.108 36.085 -196.988 424.363 26.724 -201.519 432.085 46.239 -190.284 jng-rockwall-01
2977 1 0 359 0 -1 0 403.663 43.397 -105.107 397.319 30.867 -114.191 409.553 50.398 -100.921 jng-rockwall-01
2978 1 0 365 0 -1 0 393.361 6.792 -108.250 388.561 -6.083 -117.330 398.220 13.812 -103.576 jng-rockwall-01
2979 1 0 1187 0 -1 0 332.639 11.853 -130.382 326.458 3.571 -133.278 337.548 18.999 -128.146 jng-rockwall-01
2980 1 0 1188 0 -1 0 438.151 19.933 -248.632 436.001 11.827 -252.530 442.661 26.500 -243.768 jng-rockwall-01
2981 1 0 1190 0 -1 0 301.197 12.092 -129.244 295.191 3.532 -131.868 306.191 19.415 -127.238 jng-rockwall-01
2982 1 0 1191 0 -1 0 266.065 10.876 -134.988 258.258 0.784 -140.142 273.748 19.477 -130.533 jng-rockwall-01
2983 1 0 1193 0 -1 0 231.315 13.616 -185.290 224.299 1.055 -189.634 238.190 24.422 -181.930 jng-rockwall-01
2984 1 0 998 0 -1 0 215.269 36.739 -217.383 210.322 23.383 -220.077 219.894 49.577 -213.588 jng-rockwall-01
2985 1 11 1538 0 -1 0 348.944 21.028 -139.839 345.491 17.999 -143.139 352.111 31.452 -137.222 jng-treebark-03
2986 1 11 1539 0 -1 0 346.225 20.028 -145.755 342.477 16.999 -148.670 350.285 30.452 -143.540 jng-treebark-03
2987 1 11 1540 0 -1 0 354.794 20.028 -144.344 351.906 16.999 -148.487 357.086 30.452 -140.612 jng-treebark-03
2988 1 11 1541 0 -1 0 323.149 18.028 -138.881 320.645 14.999 -141.614 326.184 28.452 -135.101 jng-treebark-03
2989 1 11 1542 0 -1 0 315.576 18.028 -133.433 313.093 14.999 -136.390 318.339 28.452 -129.459 jng-treebark-03
2990 1 11 1543 0 -1 0 335.392 19.028 -143.791 332.125 15.999 -146.386 338.903 29.452 -140.595 jng-treebark-03
2991 1 11 1544 0 -1 0 329.148 19.028 -139.252 325.368 15.999 -141.757 331.882 29.452 -136.218 jng-treebark-03
2992 1 11 1545 0 -1 0 351.181 19.028 -162.796 347.513 15.999 -165.655 355.414 29.452 -160.406 jng-treebark-03
2993 1 11 1546 0 -1 0 316.994 19.028 -196.847 312.746 15.999 -199.257 320.643 29.452 -193.998 jng-treebark-03
2994 1 11 1547 0 -1 0 323.359 20.028 -197.502 320.698 16.999 -200.158 326.516 30.452 -193.823 jng-treebark-03
2995 1 11 1548 0 -1 0 307.104 20.028 -192.018 302.839 16.999 -194.460 310.719 30.452 -189.193 jng-treebark-03
2996 1 0 465 0 -1 0 377.003 6.114 -112.201 373.024 -6.790 -117.603 382.646 18.858 -109.627 jng-rockwall-01
2997 1 0 475 0 -1 0 379.512 32.399 -125.354 371.239 21.902 -132.174 385.662 44.826 -120.481 jng-rockwall-01
2998 1 0 485 0 -1 0 373.415 26.700 -142.444 370.122 17.033 -145.586 377.492 36.635 -137.283 jng-rockwall-01
2999 1 0 495 0 -1 0 444.301 48.847 -181.435 437.800 38.271 -184.705 448.580 58.227 -175.901 jng-rockwall-01
3000 1 0 500 0 -1 0 414.918 49.436 -167.467 411.946 40.206 -172.495 420.041 59.058 -164.070 jng-rockwall-01
3001 1 0 505 0 -1 0 346.090 6.946 -130.332 341.198 -2.214 -135.261 350.015 16.901 -127.540 jng-rockwall-01
3002 1 0 510 0 -1 0 456.212 9.322 -223.578 451.116 -3.620 -229.707 459.625 21.740 -219.143 jng-rockwall-01
3003 1 0 515 0 -1 0 452.073 8.162 -207.076 444.584 -4.141 -211.905 455.947 21.848 -204.563 jng-rockwall-01
3004 1 0 525 0 -1 0 497.237 20.067 -259.521 486.503 10.293 -264.339 505.795 31.763 -256.928 jng-rockwall-01
3005 1 0 530 0 -1 0 457.598 26.801 -282.112 454.657 14.121 -284.612 462.253 40.554 -276.941 jng-rockwall-01
3006 1 0 565 0 -1 0 201.356 30.235 -163.775 197.220 21.311 -169.582 205.815 40.930 -160.813 jng-rockwall-01
3007 1 0 575 0 -1 0 289.967 5.963 -216.861 286.714 -4.334 -220.720 295.415 17.131 -211.374 jng-rockwall-01
3008 1 0 580 0 -1 0 301.474 10.756 -258.901 295.915 -2.111 -265.800 307.465 25.708 -254.940 jng-rockwall-01
3009 1 0 585 0 -1 0 275.692 9.653 -268.455 266.955 -2.319 -273.776 281.045 22.609 -265.470 jng-rockwall-01
3010 1 0 610 0 -1 0 419.125 9.377 -321.767 413.483 -0.948 -326.334 424.214 19.989 -319.366 jng-rockwall-01
3011 1 0 625 0 -1 0 392.317 10.379 -322.375 388.564 -1.798 -327.814 397.652 22.095 -319.811 jng-rockwall-01
3012 1 0 635 0 -1 0 340.009 36.730 -372.412 337.848 23.774 -377.742 344.579 50.987 -369.395 jng-rockwall-01
3013 1 0 988 0 -1 0 473.888 32.239 -71.127 471.007 24.695 -87.460 477.918 39.651 -54.027 jng-rockwall-01
3014 1 0 990 0 -1 0 474.632 37.018 -181.666 468.986 25.172 -185.305 479.164 48.161 -176.604 jng-rockwall-01
3015 1 0 1004 0 -1 0 454.505 46.807 -357.358 445.779 40.905 -363.391 463.150 51.803 -352.618 jng-rockwall-01
3016 1 0 413 0 -1 0 240.980 19.247 -216.397 234.704 5.785 -219.509 247.236 27.141 -213.234 jng-rockwall-01
3017 1 0 416 0 -1 0 240.575 6.840 -223.518 234.309 -1.546 -227.458 246.273 11.418 -219.727 jng-rockwall-01
3018 1 0 431 0 -1 0 486.796 32.121 -313.918 483.106 23.910 -321.185 490.481 36.741 -306.535 jng-rockwall-01
3019 1 0 434 0 -1 0 473.012 38.668 -298.922 468.027 27.119 -303.401 480.092 45.936 -293.194 jng-rockwall-01
3020 1 0 446 0 -1 0 448.864 25.471 -347.221 443.272 14.076 -354.005 452.838 32.274 -341.028 jng-rockwall-01
3021 1 0 449 0 -1 0 445.073 45.894 -364.964 443.190 34.504 -372.937 447.473 52.722 -357.883 jng-rockwall-01
3022 1 0 708 0 -1 0 225.424 44.511 -279.303 221.999 35.473 -282.103 227.256 51.632 -275.554 jng-rockwall-01
3023 1 0 714 0 -1 0 224.914 12.020 -256.430 219.671 -1.791 -264.217 230.878 23.076 -252.031 jng-rockwall-01
3024 1 0 729 0 -1 0 310.749 27.594 -374.963 305.527 12.904 -381.885 314.260 38.190 -369.257 jng-rockwall-01
3025 1 229 2227 0 -1 0 426.876 18.297 -317.224 425.398 17.067 -318.602 428.570 19.833 -315.634 pal-environment-front
3026 1 0 588 0 -1 0 250.039 9.891 -214.994 245.611 0.123 -219.019 252.799 19.313 -208.655 jng-rockwall-01
3027 1 0 608 0 -1 0 416.400 10.531 -321.559 411.587 -0.615 -326.315 421.528 20.829 -318.913 jng-rockwall-01
3028 1 0 623 0 -1 0 389.990 11.441 -323.911 386.804 -1.435 -328.998 395.509 23.035 -320.957 jng-rockwall-01
3029 1 4 1773 0 -1 0 362.760 30.272 -139.965 360.937 23.924 -141.116 365.807 37.469 -138.972 jng-treebark-01-4x4
3030 1 4 1779 0 -1 0 325.734 35.954 -207.119 324.058 29.942 -209.056 328.041 42.666 -204.429 jng-treebark-01-4x4
3031 1 4 1813 0 -1 0 390.540 34.030 -333.285 387.278 28.195 -334.675 392.487 40.544 -331.748 jng-treebark-01-4x4
3032 1 4 1815 0 -1 0 396.197 34.030 -351.632 394.256 28.195 -353.214 399.402 40.544 -350.102 jng-treebark-01-4x4
3033 1 0 1367 0 -1 0 313.348 21.364 -238.270 309.596 17.309 -241.289 315.699 25.316 -234.768 jng-rockwall-01
3034 1 0 1394 0 -1 0 389.725 11.426 -294.588 386.393 8.095 -295.543 391.861 14.867 -293.062 jng-rockwall-01
3035 1 11 1921 0 -1 0 349.188 19.145 -136.934 348.272 18.046 -137.747 350.043 20.312 -136.201 jng-treebark-03
3036 1 0 877 0 -1 0 445.097 41.821 -366.407 442.408 32.093 -371.149 449.244 51.552 -363.591 jng-rockwall-01
3037 1 0 913 0 -1 0 295.874 21.748 -369.323 290.932 11.977 -375.383 298.821 31.200 -365.143 jng-rockwall-01
3038 1 0 389 0 -1 0 406.922 6.188 -286.974 402.413 -3.740 -290.817 410.334 12.310 -282.471 jng-rockwall-01
3039 1 0 392 0 -1 0 374.253 21.453 -282.735 370.113 13.374 -287.153 377.936 26.157 -277.659 jng-rockwall-01
3040 1 0 395 0 -1 0 339.869 26.258 -269.352 334.177 18.265 -275.095 346.471 31.517 -263.046 jng-rockwall-01
3041 1 0 401 0 -1 0 345.678 7.185 -288.904 340.634 -3.161 -294.183 350.819 13.696 -283.728 jng-rockwall-01
3042 1 0 404 0 -1 0 191.130 46.599 -162.975 184.640 38.026 -166.207 196.744 52.166 -161.523 jng-rockwall-01
3043 1 0 419 0 -1 0 198.980 28.684 -250.662 192.157 18.338 -256.774 202.158 35.195 -245.965 jng-rockwall-01
3044 1 0 461 0 -1 0 297.444 7.004 -310.179 293.098 -1.821 -314.864 300.949 11.582 -303.418 jng-rockwall-01
3045 1 0 741 0 -1 0 474.231 9.807 -186.030 469.545 -2.731 -188.437 477.360 22.807 -181.944 jng-rockwall-01
3046 1 0 743 0 -1 0 498.094 -7.402 -185.554 490.890 -16.537 -189.557 502.515 1.966 -180.493 jng-rockwall-01
3047 1 0 749 0 -1 0 450.439 -1.060 -230.589 440.726 -3.323 -237.207 458.213 2.531 -221.616 jng-rockwall-01
3048 1 0 759 0 -1 0 461.060 36.774 -286.839 454.493 33.717 -294.967 469.608 40.355 -277.029 jng-rockwall-01
3049 1 0 761 0 -1 0 452.038 33.767 -276.459 443.829 30.191 -282.672 462.146 37.410 -268.673 jng-rockwall-01
3050 1 0 809 0 -1 0 370.587 6.250 -297.321 367.528 -2.910 -301.891 373.879 15.100 -291.098 jng-rockwall-01
3051 1 0 1266 0 -1 0 376.120 21.055 -276.732 373.163 18.017 -279.205 378.297 23.928 -273.220 jng-rockwall-01
3052 1 0 1267 0 -1 0 257.227 21.001 -153.656 255.108 18.902 -155.386 258.548 22.974 -152.386 jng-rockwall-01
3053 1 0 1272 0 -1 0 296.072 25.273 -259.365 293.228 22.989 -261.945 299.055 28.019 -257.449 jng-rockwall-01
3054 1 0 1273 0 -1 0 304.326 24.995 -259.141 301.639 22.469 -262.031 307.198 27.388 -257.178 jng-rockwall-01
3055 1 0 1278 0 -1 0 406.764 26.750 -320.232 403.782 25.097 -322.451 409.536 29.333 -317.765 jng-rockwall-01
3056 1 0 1282 0 -1 0 408.861 25.315 -320.387 405.038 23.923 -323.071 412.081 27.973 -317.108 jng-rockwall-01
3057 1 0 1283 0 -1 0 370.669 24.123 -326.688 367.647 20.582 -328.526 373.704 27.660 -323.133 jng-rockwall-01
3058 1 0 1284 0 -1 0 377.480 25.731 -327.581 375.231 22.280 -329.646 380.820 29.158 -324.791 jng-rockwall-01
3059 1 0 1285 0 -1 0 369.581 24.254 -327.277 366.946 21.486 -329.463 371.392 26.986 -324.044 jng-rockwall-01
3060 1 0 1294 0 -1 0 298.826 24.653 -315.977 296.463 20.378 -318.784 300.585 28.697 -313.237 jng-rockwall-01
3061 1 0 1103 0 -1 0 187.353 53.182 -241.844 174.799 39.063 -249.964 198.709 60.041 -233.080 jng-rockwall-01
3062 1 0 1115 0 -1 0 295.627 3.920 -315.462 292.412 -2.219 -318.151 298.475 9.080 -310.084 jng-rockwall-01
3063 1 0 742 0 -1 0 478.838 8.476 -183.520 470.531 -4.734 -187.732 484.044 21.733 -178.541 jng-rockwall-01
3064 1 0 752 0 -1 0 451.237 9.084 -232.831 441.458 6.648 -242.630 461.326 13.022 -224.235 jng-rockwall-01
3065 1 0 758 0 -1 0 452.991 26.294 -272.051 447.683 14.209 -274.209 458.063 38.226 -267.335 jng-rockwall-01
3066 1 0 778 0 -1 0 202.623 10.780 -164.722 198.076 1.217 -169.925 207.758 20.864 -161.948 jng-rockwall-01
3067 1 0 780 0 -1 0 224.534 29.150 -176.162 218.297 19.450 -181.370 228.355 39.611 -172.373 jng-rockwall-01
3068 1 0 782 0 -1 0 230.804 29.097 -180.107 224.581 19.396 -185.059 234.788 39.558 -176.552 jng-rockwall-01
3069 1 0 784 0 -1 0 228.472 10.388 -181.543 223.749 0.920 -188.692 232.722 20.388 -177.774 jng-rockwall-01
3070 1 0 788 0 -1 0 266.439 20.188 -260.438 256.530 14.139 -270.096 274.685 28.580 -253.014 jng-rockwall-01
3071 1 0 796 0 -1 0 218.465 8.109 -222.166 215.099 -2.155 -226.829 222.889 18.063 -215.300 jng-rockwall-01
3072 1 0 856 0 -1 0 325.988 20.860 -255.791 322.611 13.514 -258.679 331.845 28.404 -250.594 jng-rockwall-01
3073 1 0 947 0 -1 0 248.844 20.908 -188.955 239.026 14.139 -195.375 256.695 24.770 -184.168 jng-rockwall-01
3074 1 0 996 0 -1 0 314.154 8.009 -282.910 310.265 -1.077 -288.113 316.957 16.759 -278.235 jng-rockwall-01
3075 1 0 422 0 -1 0 202.740 44.433 -248.578 195.807 32.494 -254.780 205.777 51.947 -243.726 jng-rockwall-01
3076 1 0 558 0 -1 0 320.990 5.511 -261.637 316.770 -4.616 -265.191 327.474 15.087 -255.639 jng-rockwall-01
3077 1 0 437 0 -1 0 432.741 8.104 -307.620 428.536 -1.092 -316.602 437.067 14.491 -302.470 jng-rockwall-01
3078 1 0 1172 0 -1 0 220.211 34.755 -208.497 214.120 16.349 -211.859 224.487 51.018 -203.650 jng-rockwall-01
3079 1 0 1175 0 -1 0 200.949 35.965 -226.146 195.309 22.236 -229.331 205.831 48.252 -219.569 jng-rockwall-01
3080 1 0 1176 0 -1 0 198.554 11.693 -233.243 192.826 -3.186 -237.217 202.855 23.746 -228.675 jng-rockwall-01
3081 1 0 1177 0 -1 0 223.782 43.796 -283.470 220.926 35.348 -287.032 226.213 51.357 -279.445 jng-rockwall-01
3082 1 0 1178 0 -1 0 205.721 9.246 -261.978 198.407 -5.416 -266.829 210.906 21.008 -257.120 jng-rockwall-01
3083 1 0 1179 0 -1 0 229.186 10.833 -255.570 224.029 -2.046 -263.466 234.666 22.476 -251.362 jng-rockwall-01
3084 1 0 1180 0 -1 0 490.584 42.483 -321.902 487.419 31.626 -326.221 494.705 51.525 -318.434 jng-rockwall-01
3085 1 0 1181 0 -1 0 469.321 40.435 -351.713 465.730 27.610 -357.262 473.630 51.235 -347.987 jng-rockwall-01
3086 1 0 1183 0 -1 0 343.596 15.497 -367.474 340.309 1.752 -372.485 347.696 27.811 -363.856 jng-rockwall-01
3087 1 0 1184 0 -1 0 314.437 26.081 -377.312 309.099 12.153 -382.785 318.682 37.731 -373.047 jng-rockwall-01
3088 1 0 1186 0 -1 0 289.060 16.988 -355.483 284.861 3.122 -359.541 292.360 29.082 -350.187 jng-rockwall-01
3089 1 70 2227 0 -1 0 426.931 18.503 -317.164 425.398 17.083 -318.602 428.570 19.833 -315.634 cmn-precursor-stonehengetop
3090 1 0 1138 0 -1 0 257.521 13.252 -210.792 254.655 8.297 -212.959 259.864 16.636 -207.714 jng-rockwall-01
3091 1 0 1005 0 -1 0 364.821 10.704 -328.261 359.359 -0.482 -334.333 371.384 21.503 -323.206 jng-rockwall-01
3092 1 0 470 0 -1 0 365.591 29.951 -121.951 361.176 17.373 -126.363 372.124 42.342 -119.432 jng-rockwall-01
3093 1 0 520 0 -1 0 483.266 17.407 -254.188 476.192 7.413 -259.989 486.575 29.139 -251.668 jng-rockwall-01
3094 1 0 535 0 -1 0 468.295 36.341 -262.257 464.563 26.980 -266.210 470.757 46.495 -260.347 jng-rockwall-01
3095 1 0 560 0 -1 0 318.925 4.417 -259.172 315.317 -4.944 -263.415 325.171 14.571 -253.333 jng-rockwall-01
3096 1 0 570 0 -1 0 216.002 27.906 -167.406 210.902 16.538 -172.346 218.801 39.971 -163.754 jng-rockwall-01
3097 1 0 605 0 -1 0 431.533 40.119 -368.067 429.361 30.694 -371.961 435.817 50.184 -365.447 jng-rockwall-01
3098 1 4 1671 0 -1 0 376.537 26.280 -165.738 375.192 20.424 -166.733 377.246 29.627 -164.244 jng-treebark-01-4x4
3099 1 4 1674 0 -1 0 343.868 29.070 -132.948 341.154 23.932 -134.534 345.076 32.112 -132.340 jng-treebark-01-4x4
3100 1 4 1677 0 -1 0 322.598 26.296 -133.162 322.051 23.001 -138.282 323.199 28.537 -130.987 jng-treebark-01-4x4
3101 1 4 1680 0 -1 0 330.545 26.577 -165.815 329.578 21.901 -166.712 332.729 29.378 -163.844 jng-treebark-01-4x4
3102 1 4 1686 0 -1 0 291.039 27.945 -132.337 288.357 22.854 -133.188 292.231 30.995 -130.626 jng-treebark-01-4x4
3103 1 4 1692 0 -1 0 285.831 28.228 -196.052 282.950 23.137 -196.633 287.138 31.278 -195.024 jng-treebark-01-4x4
3104 1 4 1698 0 -1 0 237.767 45.248 -251.059 235.155 40.157 -252.893 238.866 48.297 -250.212 jng-treebark-01-4x4
3105 1 4 1701 0 -1 0 233.219 46.020 -281.439 229.447 41.400 -282.020 234.786 48.887 -280.411 jng-treebark-01-4x4
3106 1 4 1704 0 -1 0 237.778 45.880 -291.366 237.265 40.718 -294.036 238.534 48.932 -290.257 jng-treebark-01-4x4
3107 1 4 1710 0 -1 0 470.729 24.264 -301.116 469.803 19.402 -302.168 471.174 27.129 -298.850 jng-treebark-01-4x4
3108 1 4 1713 0 -1 0 453.721 24.024 -326.029 452.692 19.673 -329.245 454.448 26.654 -324.713 jng-treebark-01-4x4
3109 1 4 1716 0 -1 0 440.947 35.396 -359.328 439.748 30.533 -360.695 441.506 38.370 -355.966 jng-treebark-01-4x4
3110 1 4 1722 0 -1 0 412.287 52.041 -364.327 411.089 47.178 -365.694 412.846 55.014 -360.965 jng-treebark-01-4x4
3111 1 4 1734 0 -1 0 367.337 36.264 -353.825 366.516 31.173 -356.475 369.108 39.313 -352.720 jng-treebark-01-4x4
3112 1 4 1737 0 -1 0 364.858 35.390 -350.836 361.917 30.299 -351.391 366.172 38.440 -350.200 jng-treebark-01-4x4
3113 1 4 1752 0 -1 0 290.550 34.640 -325.257 289.808 30.030 -326.357 292.024 37.402 -322.789 jng-treebark-01-4x4
3114 1 4 1758 0 -1 0 242.540 51.302 -310.096 241.721 46.411 -313.200 244.368 54.280 -308.857 jng-treebark-01-4x4
3115 1 4 1761 0 -1 0 255.009 36.354 -319.676 253.964 30.761 -320.149 256.286 39.448 -319.026 jng-treebark-01-4x4
3116 1 229 2918 0 -1 0 384.530 26.055 -265.606 376.191 14.261 -272.281 391.894 37.949 -257.812 pal-environment-front
3117 1 229 2939 0 -1 0 361.960 43.971 -206.178 356.249 37.131 -212.077 368.156 49.506 -200.155 pal-environment-front
3118 1 0 997 0 -1 0 279.940 8.182 -208.157 275.175 -3.843 -213.225 285.780 19.594 -201.948 jng-rockwall-01
3119 1 229 2940 0 -1 0 369.222 40.259 -204.666 365.484 35.678 -209.530 372.406 44.647 -200.015 pal-environment-front
3120 1 0 471 0 -1 0 361.312 28.692 -131.608 357.963 17.799 -133.914 366.207 38.558 -129.496 jng-rockwall-01
3121 1 0 481 0 -1 0 378.661 41.254 -137.193 375.613 32.854 -138.866 381.946 48.916 -133.962 jng-rockwall-01
3122 1 0 486 0 -1 0 384.315 25.070 -146.909 380.728 16.891 -149.218 387.174 32.873 -143.094 jng-rockwall-01
3123 1 0 501 0 -1 0 415.084 50.808 -179.783 412.325 41.982 -182.196 418.677 58.077 -176.699 jng-rockwall-01
3124 1 0 506 0 -1 0 335.523 6.653 -131.382 333.199 -1.572 -135.054 338.960 14.156 -129.147 jng-rockwall-01
3125 1 0 511 0 -1 0 448.639 7.220 -212.293 445.241 -3.668 -217.211 451.771 17.287 -209.655 jng-rockwall-01
3126 1 0 516 0 -1 0 447.362 5.680 -194.397 442.513 -4.193 -197.340 450.732 16.362 -192.856 jng-rockwall-01
3127 1 0 521 0 -1 0 473.068 17.916 -245.505 469.258 9.055 -249.627 476.330 26.541 -243.482 jng-rockwall-01
3128 1 0 536 0 -1 0 458.182 36.005 -260.092 456.173 27.605 -262.553 460.435 43.667 -258.641 jng-rockwall-01
3129 1 0 551 0 -1 0 356.110 16.775 -290.851 352.339 8.374 -293.613 359.414 24.437 -286.090 jng-rockwall-01
3130 1 0 556 0 -1 0 396.564 4.811 -248.698 391.158 -4.428 -251.352 400.098 13.238 -246.513 jng-rockwall-01
3131 1 0 566 0 -1 0 188.210 31.439 -166.352 186.283 23.270 -170.202 191.516 39.131 -164.094 jng-rockwall-01
3132 1 0 576 0 -1 0 297.203 5.593 -224.233 293.413 -3.646 -226.718 300.912 14.020 -219.953 jng-rockwall-01
3133 1 0 591 0 -1 0 255.973 10.198 -209.982 252.469 1.690 -214.137 257.766 17.275 -205.831 jng-rockwall-01
3134 1 0 596 0 -1 0 196.052 31.886 -229.917 191.108 19.285 -233.301 199.786 43.379 -228.074 jng-rockwall-01
3135 1 0 601 0 -1 0 208.942 42.202 -262.196 206.838 35.484 -264.417 211.775 48.331 -260.781 jng-rockwall-01
3136 1 0 606 0 -1 0 423.063 39.752 -374.000 421.685 31.303 -376.382 425.757 47.409 -372.068 jng-rockwall-01
3137 1 0 611 0 -1 0 408.361 8.789 -323.462 405.496 -0.367 -326.576 412.690 17.052 -321.616 jng-rockwall-01
3138 1 0 1117 0 -1 0 440.812 15.148 -255.926 439.641 11.909 -257.499 442.076 17.704 -254.313 jng-rockwall-01
3139 1 72 2825 0 -1 0 350.741 27.160 -277.826 349.378 20.480 -283.062 355.472 35.324 -271.406 cmn-precursor-metal-plain-01
3140 1 0 371 0 -1 0 410.837 49.358 -159.686 404.024 41.273 -168.408 418.045 53.611 -151.426 jng-rockwall-01
3141 1 0 443 0 -1 0 439.661 29.953 -352.353 436.187 18.446 -360.150 443.174 36.352 -346.272 jng-rockwall-01
3142 1 0 948 0 -1 0 311.198 23.590 -231.739 301.386 16.922 -242.238 319.880 27.277 -221.330 jng-rockwall-01
3143 1 0 874 0 -1 0 484.519 41.415 -337.767 480.721 30.218 -344.472 490.713 52.298 -333.287 jng-rockwall-01
3144 1 0 368 0 -1 0 403.210 28.724 -166.488 398.783 14.776 -171.097 411.763 37.077 -160.329 jng-rockwall-01
3145 1 4 1672 0 -1 0 343.485 33.308 -131.540 340.652 30.053 -133.583 345.906 35.706 -130.323 jng-treebark-01-4x4
3146 1 4 1678 0 -1 0 331.120 30.603 -166.455 329.728 27.698 -168.590 332.348 32.707 -163.476 jng-treebark-01-4x4
3147 1 4 1684 0 -1 0 291.475 32.330 -131.509 288.042 29.167 -132.389 294.011 34.620 -130.790 jng-treebark-01-4x4
3148 1 4 1687 0 -1 0 299.650 32.242 -204.274 298.347 27.977 -205.324 301.917 35.798 -202.713 jng-treebark-01-4x4
3149 1 4 1690 0 -1 0 285.990 32.612 -195.129 282.685 29.449 -196.336 288.450 34.903 -194.180 jng-treebark-01-4x4
3150 1 4 1693 0 -1 0 267.602 36.248 -145.629 264.376 32.496 -147.163 270.063 38.944 -144.409 jng-treebark-01-4x4
3151 1 4 1696 0 -1 0 237.252 49.632 -250.278 235.463 46.469 -253.331 239.039 51.922 -248.131 jng-treebark-01-4x4
3152 1 4 1699 0 -1 0 234.228 50.289 -280.516 231.375 46.754 -281.723 236.052 53.164 -279.567 jng-treebark-01-4x4
3153 1 4 1702 0 -1 0 237.844 50.337 -291.847 235.192 47.550 -293.761 241.173 52.163 -289.987 jng-treebark-01-4x4
3154 1 4 1705 0 -1 0 470.779 33.899 -311.802 469.442 29.505 -312.950 473.303 37.511 -310.498 jng-treebark-01-4x4
3155 1 4 1717 0 -1 0 409.610 39.868 -346.287 406.856 36.526 -347.914 411.544 42.289 -344.652 jng-treebark-01-4x4
3156 1 4 1723 0 -1 0 395.531 43.514 -366.952 394.437 39.798 -370.520 396.936 46.009 -364.158 jng-treebark-01-4x4
3157 1 4 1726 0 -1 0 403.591 42.200 -365.363 402.213 38.045 -367.305 404.777 45.397 -362.372 jng-treebark-01-4x4
3158 1 4 1729 0 -1 0 425.112 38.323 -361.227 423.474 34.625 -364.456 427.154 40.796 -358.530 jng-treebark-01-4x4
3159 1 4 1735 0 -1 0 364.858 39.774 -349.900 361.759 36.612 -351.627 367.281 42.065 -348.641 jng-treebark-01-4x4
3160 1 4 1738 0 -1 0 378.673 46.037 -366.686 376.610 41.965 -368.658 380.179 49.136 -364.018 jng-treebark-01-4x4
3161 1 4 1741 0 -1 0 306.197 26.296 -360.304 305.047 22.511 -362.591 307.601 29.103 -357.043 jng-treebark-01-4x4
3162 1 4 1744 0 -1 0 338.891 17.097 -365.198 338.005 12.953 -367.312 339.615 20.294 -362.048 jng-treebark-01-4x4
3163 1 4 1747 0 -1 0 317.022 24.387 -362.671 315.986 20.591 -365.996 318.348 27.135 -360.260 jng-treebark-01-4x4
3164 1 4 1753 0 -1 0 270.854 45.691 -329.188 268.141 41.833 -329.827 274.393 48.401 -328.445 jng-treebark-01-4x4
3165 1 4 1759 0 -1 0 256.626 40.528 -319.911 253.791 38.002 -322.142 259.417 42.090 -316.984 jng-treebark-01-4x4
3166 1 4 1762 0 -1 0 289.816 41.789 -341.330 287.103 37.930 -341.969 293.356 44.499 -340.586 jng-treebark-01-4x4
3167 1 11 1670 0 -1 0 379.159 21.565 -169.195 377.553 17.368 -170.354 381.072 25.526 -168.582 jng-treebark-03
3168 1 11 1682 0 -1 0 355.658 24.802 -167.609 354.849 19.773 -168.557 357.184 29.552 -167.036 jng-treebark-03
3169 1 11 1688 0 -1 0 299.886 20.544 -202.903 298.008 15.704 -203.964 301.196 24.851 -201.457 jng-treebark-03
3170 1 11 1694 0 -1 0 270.782 24.809 -146.328 270.256 20.040 -148.126 271.831 29.267 -144.925 jng-treebark-03
3171 1 11 1706 0 -1 0 472.176 21.852 -309.449 471.275 16.677 -310.291 472.925 26.551 -307.800 jng-treebark-03
3172 1 11 1718 0 -1 0 410.611 29.807 -349.122 409.500 25.593 -350.341 411.917 33.768 -348.563 jng-treebark-03
3173 1 11 1724 0 -1 0 398.539 31.925 -363.905 397.927 27.012 -365.339 399.971 36.524 -361.971 jng-treebark-03
3174 1 11 1727 0 -1 0 400.963 30.135 -365.800 399.408 25.034 -366.726 401.693 34.859 -365.223 jng-treebark-03
3175 1 11 1730 0 -1 0 424.810 26.714 -357.014 423.103 21.818 -357.666 426.755 31.284 -355.668 jng-treebark-03
3176 1 11 1739 0 -1 0 378.465 33.857 -368.745 376.801 28.823 -370.054 379.902 38.485 -368.073 jng-treebark-03
3177 1 11 1742 0 -1 0 306.888 14.589 -362.297 304.349 9.916 -363.228 308.968 18.778 -361.846 jng-treebark-03
3178 1 11 1745 0 -1 0 336.821 4.972 -366.348 335.089 -0.112 -367.187 337.812 9.669 -365.906 jng-treebark-03
3179 1 11 1748 0 -1 0 319.784 12.963 -360.823 319.108 8.179 -361.794 321.304 17.460 -359.391 jng-treebark-03
3180 1 11 1754 0 -1 0 267.635 33.942 -327.144 266.145 28.977 -328.134 268.360 38.608 -325.486 jng-treebark-03
3181 1 11 1763 0 -1 0 286.597 30.040 -339.286 285.107 25.074 -340.276 287.322 34.706 -337.628 jng-treebark-03
3182 1 25 2085 0 -1 0 385.276 22.192 -152.516 384.520 20.945 -153.299 385.873 23.320 -151.787 vil1-palmtree-trunk-01
3183 1 25 2086 0 -1 0 341.538 22.563 -131.250 340.902 21.308 -131.936 342.410 23.687 -130.474 vil1-palmtree-trunk-01
3184 1 25 2087 0 -1 0 351.905 22.009 -131.271 351.081 20.766 -131.877 352.569 23.134 -130.560 vil1-palmtree-trunk-01
3185 1 25 2088 0 -1 0 338.582 21.797 -138.237 337.963 20.820 -138.820 339.077 22.724 -137.567 vil1-palmtree-trunk-01
3186 1 25 2089 0 -1 0 310.001 22.768 -129.178 309.258 21.552 -129.901 310.732 23.881 -128.460 vil1-palmtree-trunk-01
3187 1 25 2090 0 -1 0 325.184 21.957 -163.950 324.419 20.742 -164.618 325.941 23.070 -163.282 vil1-palmtree-trunk-01
3188 1 25 2091 0 -1 0 482.421 30.185 -251.403 481.479 28.951 -252.034 483.080 31.288 -250.675 vil1-palmtree-trunk-01
3189 1 25 2092 0 -1 0 449.562 29.572 -254.597 448.866 28.343 -255.385 450.214 30.692 -253.874 vil1-palmtree-trunk-01
3190 1 25 2093 0 -1 0 287.069 21.973 -133.463 286.326 20.756 -134.186 287.801 23.086 -132.746 vil1-palmtree-trunk-01
3191 1 25 2094 0 -1 0 265.593 22.183 -142.990 264.850 20.966 -143.713 266.325 23.296 -142.272 vil1-palmtree-trunk-01
3192 1 25 2095 0 -1 0 226.917 27.687 -200.200 226.212 26.464 -200.968 227.605 28.804 -199.474 vil1-palmtree-trunk-01
3193 1 25 2096 0 -1 0 274.291 4.102 -260.425 273.392 2.897 -261.200 274.887 5.221 -259.695 vil1-palmtree-trunk-01
3194 1 25 2097 0 -1 0 243.809 1.710 -225.936 243.120 0.471 -226.601 244.435 2.834 -225.087 vil1-palmtree-trunk-01
3195 1 25 2098 0 -1 0 398.957 27.538 -358.463 398.248 26.308 -359.199 399.728 28.658 -357.764 vil1-palmtree-trunk-01
3196 1 25 2099 0 -1 0 393.233 29.652 -362.772 392.534 28.423 -363.517 393.997 30.772 -362.070 vil1-palmtree-trunk-01
3197 1 25 2100 0 -1 0 420.021 31.054 -353.426 419.135 29.842 -354.244 420.655 32.176 -352.787 vil1-palmtree-trunk-01
3198 1 25 2101 0 -1 0 408.250 27.538 -352.651 407.541 26.308 -353.387 409.021 28.658 -351.952 vil1-palmtree-trunk-01
3199 1 25 2102 0 -1 0 389.999 27.904 -327.045 389.365 26.683 -327.826 390.688 29.021 -326.303 vil1-palmtree-trunk-01
3200 1 25 2103 0 -1 0 384.319 28.209 -358.609 383.624 26.980 -359.361 385.073 29.329 -357.894 vil1-palmtree-trunk-01
3201 1 25 2104 0 -1 0 360.399 28.206 -354.057 359.710 26.967 -354.877 361.132 29.331 -353.385 vil1-palmtree-trunk-01
3202 1 25 2105 0 -1 0 306.840 10.948 -352.943 306.031 9.695 -353.878 307.519 12.062 -352.301 vil1-palmtree-trunk-01
3203 1 25 2106 0 -1 0 299.296 13.199 -355.693 298.487 11.940 -356.618 299.986 14.304 -355.081 vil1-palmtree-trunk-01
3204 1 0 1318 0 -1 0 357.180 15.667 -353.063 355.060 12.919 -357.144 360.428 18.425 -350.030 jng-rockwall-01
3205 1 0 369 0 -1 0 404.770 24.590 -168.670 402.111 17.311 -171.112 408.352 32.920 -165.227 jng-rockwall-01
3206 1 0 372 0 -1 0 411.218 47.355 -163.455 408.114 43.118 -166.549 415.727 51.809 -159.222 jng-rockwall-01
3207 1 0 483 0 -1 0 376.497 27.423 -144.006 372.981 17.327 -146.876 381.676 36.935 -138.646 jng-rockwall-01
3208 1 0 498 0 -1 0 414.689 51.075 -170.744 411.757 40.659 -174.815 419.870 60.549 -167.072 jng-rockwall-01
3209 1 0 528 0 -1 0 459.492 28.282 -285.400 457.496 14.565 -287.704 463.932 41.253 -280.809 jng-rockwall-01
3210 1 0 538 0 -1 0 438.868 6.179 -278.539 436.336 -2.644 -284.549 443.806 14.346 -273.604 jng-rockwall-01
3211 1 0 573 0 -1 0 291.918 7.166 -219.032 288.353 -3.973 -222.297 297.643 17.698 -213.387 jng-rockwall-01
3212 1 0 598 0 -1 0 218.606 43.346 -261.909 215.197 35.246 -265.555 221.557 51.005 -260.244 jng-rockwall-01
3213 1 0 613 0 -1 0 405.201 37.381 -365.089 402.130 23.864 -369.725 410.855 49.674 -361.551 jng-rockwall-01
3214 1 0 618 0 -1 0 424.204 33.869 -365.540 418.627 21.187 -370.137 427.400 46.398 -363.048 jng-rockwall-01
3215 1 0 633 0 -1 0 338.231 38.439 -375.678 336.043 24.306 -380.127 342.784 51.817 -372.935 jng-rockwall-01
3216 1 0 638 0 -1 0 329.203 30.373 -382.798 325.826 16.806 -389.113 333.523 42.510 -378.714 jng-rockwall-01
3217 1 0 643 0 -1 0 242.483 37.476 -324.256 231.672 29.935 -333.090 251.825 43.546 -313.115 jng-rockwall-01
3218 1 0 648 0 -1 0 301.758 44.257 -376.112 296.321 33.724 -381.434 305.310 53.691 -373.264 jng-rockwall-01
3219 1 0 748 0 -1 0 350.822 6.251 -131.056 346.197 -3.605 -135.913 356.464 15.989 -127.977 jng-rockwall-01
3220 1 0 760 0 -1 0 462.087 42.098 -285.117 455.099 34.693 -293.597 470.584 47.081 -275.317 jng-rockwall-01
3221 1 0 762 0 -1 0 452.431 38.879 -273.992 443.876 31.237 -280.688 462.489 44.002 -265.832 jng-rockwall-01
3222 1 0 764 0 -1 0 445.336 17.599 -262.774 441.458 7.454 -266.194 450.555 28.073 -256.756 jng-rockwall-01
3223 1 0 772 0 -1 0 307.862 5.583 -128.846 303.265 -4.286 -133.692 313.525 15.326 -125.767 jng-rockwall-01
3224 1 0 774 0 -1 0 284.684 10.038 -128.419 280.088 0.169 -133.265 290.347 19.781 -125.341 jng-rockwall-01
3225 1 0 937 0 -1 0 336.958 24.382 -191.275 328.561 17.581 -195.898 346.101 28.282 -188.463 jng-rockwall-01
3226 1 0 941 0 -1 0 403.728 13.253 -287.131 395.679 7.898 -293.685 410.294 16.241 -279.307 jng-rockwall-01
3227 1 0 942 0 -1 0 323.770 24.259 -197.776 317.603 17.544 -207.254 332.832 28.092 -190.518 jng-rockwall-01
3228 1 0 953 0 -1 0 438.547 12.852 -298.049 434.981 6.194 -306.640 445.185 16.718 -290.420 jng-rockwall-01
3229 1 0 954 0 -1 0 438.346 18.468 -341.789 432.656 13.109 -350.800 442.640 21.484 -334.048 jng-rockwall-01
3230 1 0 956 0 -1 0 416.802 22.775 -343.858 413.094 17.430 -352.854 419.591 25.919 -335.530 jng-rockwall-01
3231 1 0 958 0 -1 0 360.033 22.668 -350.878 356.491 15.535 -359.698 364.972 26.849 -343.047 jng-rockwall-01
3232 1 0 916 0 -1 0 437.898 21.579 -240.887 434.703 15.367 -243.808 442.540 26.588 -236.579 jng-rockwall-01
3233 1 0 921 0 -1 0 261.321 32.305 -250.884 257.915 27.872 -254.800 265.231 35.796 -248.029 jng-rockwall-01
3234 1 0 922 0 -1 0 312.948 20.748 -283.465 308.713 14.538 -286.996 315.829 25.614 -278.628 jng-rockwall-01
3235 1 0 923 0 -1 0 280.227 31.337 -267.541 276.224 26.137 -271.101 283.052 35.606 -264.412 jng-rockwall-01
3236 1 0 926 0 -1 0 269.148 31.196 -257.509 263.907 25.334 -262.235 272.873 35.832 -254.532 jng-rockwall-01
3237 1 0 933 0 -1 0 250.855 31.179 -296.979 246.397 26.550 -300.279 253.766 34.818 -292.440 jng-rockwall-01
3238 1 0 962 0 -1 0 336.431 11.283 -132.068 332.892 3.570 -135.886 338.547 17.438 -129.466 jng-rockwall-01
3239 1 0 974 0 -1 0 305.129 11.475 -130.549 301.581 3.517 -134.383 307.245 17.840 -127.978 jng-rockwall-01
3240 1 0 978 0 -1 0 269.712 10.119 -131.782 263.219 0.705 -135.570 274.571 17.629 -130.188 jng-rockwall-01
3241 1 0 398 0 -1 0 320.089 23.035 -247.224 315.380 15.076 -252.420 324.203 28.044 -242.351 jng-rockwall-01
3242 1 11 1616 0 -1 0 229.507 38.407 -284.744 221.543 35.303 -288.574 236.965 41.818 -279.418 jng-treebark-03
3243 1 11 1617 0 -1 0 478.423 21.467 -312.194 473.257 17.586 -320.261 482.046 25.731 -304.812 jng-treebark-03
3244 1 11 1618 0 -1 0 469.624 20.211 -335.534 465.062 16.331 -343.139 475.368 24.475 -327.962 jng-treebark-03
3245 1 11 1619 0 -1 0 482.806 28.755 -324.336 478.244 25.651 -331.940 488.550 32.166 -316.763 jng-treebark-03
3246 1 11 1620 0 -1 0 460.792 20.229 -347.654 452.293 17.125 -352.330 468.458 23.640 -342.614 jng-treebark-03
3247 1 11 1621 0 -1 0 415.438 45.230 -367.312 408.176 42.563 -373.711 423.523 48.161 -361.354 jng-treebark-03
3248 1 11 1622 0 -1 0 431.704 27.690 -363.192 424.177 24.586 -367.443 440.075 31.102 -359.400 jng-treebark-03
3249 1 11 1623 0 -1 0 397.933 31.078 -369.684 390.298 27.973 -375.860 405.031 34.489 -364.494 jng-treebark-03
3250 1 11 1624 0 -1 0 382.931 32.465 -368.850 374.593 29.360 -372.577 390.393 35.876 -364.398 jng-treebark-03
3251 1 11 1625 0 -1 0 368.890 34.268 -370.485 362.660 30.388 -377.458 375.644 38.532 -362.711 jng-treebark-03
3252 1 11 1626 0 -1 0 335.870 8.648 -374.021 328.986 4.767 -379.527 343.479 12.912 -367.608 jng-treebark-03
3253 1 11 1627 0 -1 0 303.140 14.246 -362.566 298.002 11.142 -370.192 308.671 17.657 -354.102 jng-treebark-03
3254 1 11 1628 0 -1 0 319.093 11.619 -366.551 311.794 7.738 -373.673 325.704 15.883 -360.187 jng-treebark-03
3255 1 11 1629 0 -1 0 236.388 38.407 -297.074 230.773 35.303 -304.551 242.426 41.818 -288.761 jng-treebark-03
3256 1 11 1630 0 -1 0 237.015 46.445 -309.180 232.091 43.697 -317.673 241.584 49.466 -301.516 jng-treebark-03
3257 1 11 1631 0 -1 0 246.647 36.931 -323.848 239.076 34.182 -330.409 253.438 39.952 -318.136 jng-treebark-03
3258 1 11 1632 0 -1 0 287.877 38.304 -352.624 282.738 35.200 -360.250 293.407 41.715 -344.160 jng-treebark-03
3259 1 11 1633 0 -1 0 268.488 32.191 -330.945 260.876 29.442 -337.341 275.390 35.211 -325.462 jng-treebark-03
3260 1 11 1634 0 -1 0 282.223 30.991 -339.128 274.337 28.242 -343.127 289.724 34.011 -333.701 jng-treebark-03
3261 1 11 1635 0 -1 0 256.433 39.583 -334.548 252.011 36.478 -342.893 260.162 42.994 -327.075 jng-treebark-03
3262 1 11 1636 0 -1 0 268.478 42.468 -345.945 260.885 39.719 -352.421 275.293 45.488 -340.351 jng-treebark-03
3263 1 0 769 0 -1 0 314.067 6.758 -249.332 309.109 -5.467 -253.238 320.245 18.945 -244.932 jng-rockwall-01
3264 1 0 957 0 -1 0 383.381 13.512 -292.741 371.771 8.155 -295.157 394.720 16.631 -289.302 jng-rockwall-01
3265 1 0 995 0 -1 0 403.978 1.557 -272.425 397.826 -3.175 -282.298 409.458 5.897 -264.183 jng-rockwall-01
3266 1 0 975 0 -1 0 263.260 12.712 -139.770 256.602 0.800 -144.195 270.327 20.180 -136.642 jng-rockwall-01
3267 1 0 1332 0 -1 0 335.693 22.574 -190.076 332.920 17.641 -192.806 338.495 26.863 -188.225 jng-rockwall-01
3268 1 0 1338 0 -1 0 450.397 22.398 -218.524 445.676 17.009 -223.615 453.155 26.996 -215.216 jng-rockwall-01
3269 1 0 1347 0 -1 0 322.132 22.368 -197.996 319.584 17.535 -201.575 326.120 26.647 -195.765 jng-rockwall-01
3270 1 0 1356 0 -1 0 264.895 17.973 -188.266 262.512 14.666 -190.757 267.623 20.826 -186.934 jng-rockwall-01
3271 1 0 1362 0 -1 0 248.270 19.872 -186.980 244.733 15.560 -189.641 250.576 23.547 -185.391 jng-rockwall-01
3272 1 0 1365 0 -1 0 310.149 22.201 -234.600 306.635 17.349 -237.957 314.898 26.076 -230.449 jng-rockwall-01
3273 1 0 1386 0 -1 0 415.802 23.434 -328.469 414.022 21.110 -331.214 416.815 25.501 -325.900 jng-rockwall-01
3274 1 0 1392 0 -1 0 384.844 12.026 -294.820 381.470 8.135 -295.622 388.548 15.476 -292.737 jng-rockwall-01
3275 1 0 1464 0 -1 0 474.493 24.911 -246.310 471.967 23.081 -250.160 475.608 27.317 -244.336 jng-rockwall-01
3276 1 0 1466 0 -1 0 440.136 12.833 -284.792 439.247 11.368 -287.413 443.139 15.065 -283.065 jng-rockwall-01
3277 1 0 1472 0 -1 0 312.388 22.351 -264.300 310.448 20.723 -267.706 313.242 24.672 -262.301 jng-rockwall-01
3278 1 0 1478 0 -1 0 428.364 12.690 -314.455 426.999 11.189 -316.511 431.789 15.008 -312.745 jng-rockwall-01
3279 1 0 1480 0 -1 0 417.046 18.300 -321.042 415.409 16.442 -323.162 419.545 20.936 -320.427 jng-rockwall-01
3280 1 0 1482 0 -1 0 430.621 17.541 -326.987 428.348 15.829 -330.369 431.773 19.756 -325.135 jng-rockwall-01
3281 1 0 1484 0 -1 0 391.879 22.677 -323.064 390.376 21.064 -325.140 394.821 24.901 -322.136 jng-rockwall-01
3282 1 0 1488 0 -1 0 298.905 21.811 -325.775 295.890 20.344 -327.819 299.819 24.402 -323.645 jng-rockwall-01
3283 1 68 2919 0 -1 0 368.424 80.815 -199.894 367.241 79.314 -201.076 369.230 81.845 -199.088 jng-precursor-glass-b-02
3284 1 68 2920 0 -1 0 355.997 80.815 -199.898 355.190 79.314 -201.080 357.179 81.845 -199.092 jng-precursor-glass-b-02
3285 1 68 2921 0 -1 0 362.191 106.177 -232.672 361.227 105.148 -232.815 363.155 106.884 -232.537 jng-precursor-glass-b-02
3286 1 68 2922 0 -1 0 368.427 80.815 -212.321 367.245 79.314 -213.128 369.234 81.845 -211.139 jng-precursor-glass-b-02
3287 1 68 2923 0 -1 0 356.000 80.815 -212.325 355.194 79.314 -213.132 357.183 81.845 -211.143 jng-precursor-glass-b-02
3288 1 68 2924 0 -1 0 403.233 67.709 -247.273 402.050 66.208 -248.079 404.039 68.739 -246.091 jng-precursor-glass-b-02
3289 1 68 2925 0 -1 0 403.229 67.709 -234.846 402.047 66.208 -236.028 404.035 68.739 -234.040 jng-precursor-glass-b-02
3290 1 68 2926 0 -1 0 390.806 67.709 -247.277 389.999 66.208 -248.083 391.988 68.739 -246.095 jng-precursor-glass-b-02
3291 1 68 2927 0 -1 0 390.802 67.709 -234.850 389.995 66.208 -236.032 391.984 68.739 -234.043 jng-precursor-glass-b-02
3292 1 68 2928 0 -1 0 368.427 98.116 -282.072 367.245 96.614 -282.879 369.234 99.146 -280.890 jng-precursor-glass-b-02
3293 1 68 2929 0 -1 0 368.424 98.116 -269.646 367.241 96.614 -270.828 369.230 99.146 -268.839 jng-precursor-glass-b-02
3294 1 68 2930 0 -1 0 370.586 106.177 -241.042 370.442 105.148 -242.006 370.721 106.884 -240.077 jng-precursor-glass-b-02
3295 1 68 2931 0 -1 0 362.209 106.177 -249.417 361.245 105.148 -249.552 363.173 106.884 -249.273 jng-precursor-glass-b-02
3296 1 68 2932 0 -1 0 333.617 89.954 -247.262 332.435 88.452 -248.069 334.423 90.984 -246.080 jng-precursor-glass-b-02
3297 1 68 2933 0 -1 0 353.800 106.177 -241.060 353.664 105.148 -242.024 353.943 106.884 -240.095 jng-precursor-glass-b-02
3298 1 68 2934 0 -1 0 333.613 89.954 -234.835 332.431 88.452 -236.017 334.420 90.984 -234.029 jng-precursor-glass-b-02
3299 1 68 2935 0 -1 0 321.190 89.954 -247.266 320.384 88.452 -248.072 322.372 90.984 -246.084 jng-precursor-glass-b-02
3300 1 68 2936 0 -1 0 321.186 89.954 -234.839 320.380 88.452 -236.021 322.368 90.984 -234.033 jng-precursor-glass-b-02
3301 1 68 2937 0 -1 0 356.000 98.116 -282.076 355.194 96.614 -282.883 357.183 99.146 -280.894 jng-precursor-glass-b-02
3302 1 68 2938 0 -1 0 355.997 98.116 -269.649 355.190 96.614 -270.832 357.179 99.146 -268.843 jng-precursor-glass-b-02
3303 1 0 1271 0 -1 0 254.376 20.172 -161.838 251.326 18.090 -164.020 257.709 22.192 -160.495 jng-rockwall-01
3304 1 0 1281 0 -1 0 403.327 25.582 -320.366 400.015 22.209 -321.879 407.082 29.034 -317.730 jng-rockwall-01
3305 1 0 1286 0 -1 0 373.183 24.520 -326.812 369.578 20.871 -329.757 376.883 28.313 -322.822 jng-rockwall-01
3306 1 0 737 0 -1 0 408.112 2.360 -96.358 399.189 -2.666 -103.796 419.422 5.995 -90.789 jng-rockwall-01
3307 1 9 2785 0 -1 0 368.170 80.171 -229.486 363.100 50.492 -232.661 372.684 88.632 -226.832 cmn-precursor-metal-plain-01-hitweak
3308 1 9 2788 0 -1 0 358.014 80.171 -228.745 353.107 50.492 -231.295 363.312 88.632 -226.501 cmn-precursor-metal-plain-01-hitweak
3309 1 9 2791 0 -1 0 373.737 80.171 -247.087 370.533 50.492 -251.580 376.408 88.632 -242.030 cmn-precursor-metal-plain-01-hitweak
3310 1 9 2794 0 -1 0 365.925 80.171 -253.511 360.586 50.492 -255.641 370.917 88.632 -251.133 cmn-precursor-metal-plain-01-hitweak
3311 1 9 2797 0 -1 0 374.629 80.171 -237.161 372.192 50.492 -242.487 376.798 88.632 -232.198 cmn-precursor-metal-plain-01-hitweak
3312 1 9 2800 0 -1 0 350.464 80.171 -235.473 347.898 50.492 -240.603 353.504 88.632 -230.862 cmn-precursor-metal-plain-01-hitweak
3313 1 0 1081 0 -1 0 405.842 38.300 -102.076 401.006 30.361 -109.787 410.216 45.939 -98.346 jng-rockwall-01
3314 1 0 1083 0 -1 0 394.126 2.052 -104.144 390.366 -6.660 -111.447 397.886 9.856 -100.666 jng-rockwall-01
3315 1 0 1089 0 -1 0 463.538 0.696 -244.611 457.668 -2.868 -246.877 468.773 4.831 -243.474 jng-rockwall-01
3316 1 0 1096 0 -1 0 195.984 42.767 -162.513 191.303 37.512 -166.133 199.476 48.683 -160.992 jng-rockwall-01
3317 1 0 1097 0 -1 0 219.224 41.704 -172.560 214.963 35.592 -176.671 220.810 48.081 -169.553 jng-rockwall-01
3318 1 0 1100 0 -1 0 235.603 4.554 -226.902 231.702 -1.668 -228.736 239.789 9.784 -224.241 jng-rockwall-01
3319 1 0 1107 0 -1 0 433.631 4.333 -302.720 430.324 -1.704 -309.731 436.883 11.180 -299.320 jng-rockwall-01
3320 1 0 362 0 -1 0 374.205 42.697 -135.202 367.769 30.758 -141.505 381.142 50.211 -129.483 jng-rockwall-01
3321 1 0 374 0 -1 0 494.434 25.519 -179.531 487.425 11.983 -183.133 500.640 32.962 -176.128 jng-rockwall-01
3322 1 0 377 0 -1 0 420.485 38.407 -190.425 414.049 26.468 -196.729 427.422 45.921 -184.707 jng-rockwall-01
3323 1 0 386 0 -1 0 446.009 8.532 -242.912 432.225 6.953 -252.212 453.669 10.671 -236.453 jng-rockwall-01
3324 1 14 2806 0 -1 0 383.342 41.996 -264.486 373.034 37.855 -274.031 393.644 47.683 -254.952 cmn-precursor-metal-edging-01-hitweak
3325 1 5 1954 0 -1 0 461.531 46.654 -341.516 435.255 44.630 -361.393 484.621 48.630 -318.695 jng-canopy-hang-01
3326 1 5 1955 0 -1 0 437.093 52.229 -360.371 413.821 50.205 -386.241 457.815 54.205 -337.081 jng-canopy-hang-01
3327 1 5 1956 0 -1 0 389.486 55.633 -364.180 364.895 53.610 -386.169 415.174 57.610 -340.047 jng-canopy-hang-01
3328 1 5 1957 0 -1 0 373.301 58.275 -367.387 353.452 56.252 -390.471 396.107 60.252 -341.097 jng-canopy-hang-01
3329 1 5 1958 0 -1 0 231.194 66.033 -285.983 208.831 64.010 -309.382 248.646 68.010 -257.758 jng-canopy-hang-01
3330 1 5 1959 0 -1 0 249.714 66.873 -315.119 227.795 64.850 -334.702 277.744 68.850 -294.296 jng-canopy-hang-01
3331 1 5 1960 0 -1 0 309.198 40.261 -356.767 289.349 38.238 -379.852 332.004 42.238 -330.477 jng-canopy-hang-01
3332 1 5 1961 0 -1 0 275.185 61.072 -328.636 253.266 59.048 -348.219 303.215 63.048 -307.813 jng-canopy-hang-01
3333 1 0 744 0 -1 0 502.268 -9.596 -181.683 492.496 -19.924 -186.397 508.254 0.998 -175.253 jng-rockwall-01
3334 1 0 776 0 -1 0 287.283 5.754 -212.880 282.549 -4.317 -218.148 292.883 15.698 -205.767 jng-rockwall-01
3335 1 0 792 0 -1 0 202.559 23.710 -220.940 190.651 16.150 -228.427 213.177 28.912 -212.014 jng-rockwall-01
3336 1 0 859 0 -1 0 319.753 4.745 -127.524 315.811 -4.673 -131.791 323.941 14.410 -124.718 jng-rockwall-01
3337 1 0 946 0 -1 0 269.396 17.679 -203.677 257.412 11.406 -210.087 278.919 21.204 -197.930 jng-rockwall-01
3338 1 0 663 0 -1 0 485.554 40.003 -170.314 480.965 28.991 -174.576 488.432 48.511 -164.763 jng-rockwall-01
3339 1 0 666 0 -1 0 506.516 -0.816 -167.595 501.303 -17.613 -170.566 508.387 12.773 -164.985 jng-rockwall-01
3340 1 0 669 0 -1 0 430.082 52.181 -182.454 426.247 41.002 -185.113 433.437 60.707 -177.799 jng-rockwall-01
3341 1 0 672 0 -1 0 459.127 8.584 -192.781 455.397 -6.017 -194.975 462.064 20.533 -187.244 jng-rockwall-01
3342 1 0 681 0 -1 0 418.791 11.699 -237.077 415.831 -3.015 -240.896 422.142 23.344 -231.603 jng-rockwall-01
3343 1 0 696 0 -1 0 216.752 9.655 -170.943 211.390 0.699 -176.576 220.648 22.023 -167.505 jng-rockwall-01
3344 1 0 699 0 -1 0 304.310 10.419 -235.771 299.178 -4.268 -240.763 310.843 21.992 -229.853 jng-rockwall-01
3345 1 0 720 0 -1 0 466.409 41.562 -353.709 462.544 27.955 -359.197 471.531 51.406 -349.445 jng-rockwall-01
3346 1 0 732 0 -1 0 302.596 12.065 -299.614 295.255 -1.843 -303.426 307.105 23.683 -293.905 jng-rockwall-01
3347 1 5 1962 0 -1 0 390.741 41.970 -161.413 381.244 37.646 -172.450 399.465 45.912 -151.370 jng-canopy-hang-01
3348 1 5 1963 0 -1 0 386.810 38.960 -162.656 378.474 33.318 -173.743 395.838 44.022 -152.351 jng-canopy-hang-01
3349 1 5 1964 0 -1 0 387.938 46.653 -175.445 375.272 41.426 -186.839 399.876 51.394 -163.151 jng-canopy-hang-01
3350 1 5 1965 0 -1 0 390.550 43.383 -170.970 378.269 36.992 -183.729 401.074 49.109 -158.706 jng-canopy-hang-01
3351 1 5 1966 0 -1 0 371.263 45.361 -163.967 358.099 42.232 -175.382 384.889 48.306 -153.131 jng-canopy-hang-01
3352 1 5 1967 0 -1 0 370.489 41.633 -168.754 357.786 35.162 -178.631 384.075 47.280 -157.477 jng-canopy-hang-01
3353 1 5 1968 0 -1 0 374.083 41.405 -162.864 362.549 34.679 -175.890 385.923 47.500 -151.335 jng-canopy-hang-01
3354 1 5 1969 0 -1 0 363.013 42.861 -134.950 350.991 36.234 -146.668 376.057 48.599 -124.558 jng-canopy-hang-01
3355 1 5 1970 0 -1 0 324.851 38.504 -125.715 313.544 31.403 -138.656 336.550 44.689 -113.892 jng-canopy-hang-01
3356 1 5 1971 0 -1 0 342.894 43.477 -131.969 330.131 38.363 -143.843 356.625 48.054 -121.261 jng-canopy-hang-01
3357 1 5 1972 0 -1 0 366.282 46.624 -138.078 353.517 44.111 -150.077 378.937 49.046 -126.349 jng-canopy-hang-01
3358 1 5 1973 0 -1 0 354.453 47.439 -173.706 342.773 44.310 -186.558 366.323 50.384 -160.280 jng-canopy-hang-01
3359 1 5 1974 0 -1 0 358.667 43.711 -171.339 347.181 37.240 -184.722 368.812 49.358 -158.145 jng-canopy-hang-01
3360 1 5 1975 0 -1 0 350.986 48.608 -162.603 338.990 41.623 -174.348 363.827 54.863 -151.984 jng-canopy-hang-01
3361 1 5 1976 0 -1 0 330.485 39.858 -165.124 318.419 36.232 -176.027 341.950 43.184 -154.172 jng-canopy-hang-01
3362 1 5 1977 0 -1 0 376.355 56.903 -194.553 365.335 53.774 -207.684 388.107 59.848 -180.901 jng-canopy-hang-01
3363 1 5 1978 0 -1 0 381.197 53.175 -194.657 370.248 46.704 -207.686 391.084 58.822 -180.935 jng-canopy-hang-01
3364 1 5 1979 0 -1 0 326.494 56.224 -212.528 312.878 53.095 -223.572 339.554 59.169 -200.886 jng-canopy-hang-01
3365 1 5 1980 0 -1 0 325.015 52.495 -207.923 311.427 46.025 -219.022 338.403 58.143 -197.748 jng-canopy-hang-01
3366 1 5 1981 0 -1 0 328.015 51.427 -203.096 316.157 48.733 -216.853 339.124 53.964 -189.883 jng-canopy-hang-01
3367 1 5 1982 0 -1 0 323.193 48.223 -203.496 313.094 42.651 -217.141 334.282 53.085 -190.384 jng-canopy-hang-01
3368 1 5 1983 0 -1 0 308.771 46.097 -136.673 296.763 43.631 -146.870 320.724 48.448 -126.542 jng-canopy-hang-01
3369 1 5 1984 0 -1 0 310.219 42.488 -132.740 298.147 36.360 -142.858 321.542 47.855 -124.032 jng-canopy-hang-01
3370 1 5 1985 0 -1 0 292.813 43.778 -139.057 281.846 36.833 -151.865 302.454 49.797 -125.320 jng-canopy-hang-01
3371 1 5 1986 0 -1 0 292.340 42.635 -166.041 280.512 36.352 -179.035 302.765 48.275 -153.516 jng-canopy-hang-01
3372 1 5 1987 0 -1 0 310.866 47.584 -159.372 297.176 44.759 -170.653 324.037 50.301 -147.722 jng-canopy-hang-01
3373 1 5 1988 0 -1 0 310.729 43.425 -154.897 297.023 36.082 -165.619 323.811 49.783 -145.334 jng-canopy-hang-01
3374 1 5 1989 0 -1 0 292.234 45.947 -193.835 279.990 40.085 -205.733 303.174 51.119 -180.833 jng-canopy-hang-01
3375 1 5 1990 0 -1 0 296.576 43.883 -203.329 283.455 39.162 -213.887 310.168 48.193 -191.778 jng-canopy-hang-01
3376 1 5 1991 0 -1 0 288.118 47.687 -139.000 277.058 44.226 -152.007 299.759 50.950 -125.281 jng-canopy-hang-01
3377 1 5 1992 0 -1 0 290.377 42.405 -132.647 278.267 38.457 -144.813 303.136 46.026 -120.948 jng-canopy-hang-01
3378 1 5 1993 0 -1 0 289.325 46.038 -170.121 277.087 41.307 -182.008 300.986 50.357 -157.430 jng-canopy-hang-01
3379 1 5 1994 0 -1 0 266.990 48.280 -147.499 254.104 43.754 -158.744 280.580 52.470 -136.548 jng-canopy-hang-01
3380 1 5 1995 0 -1 0 287.899 49.467 -191.346 276.712 46.188 -204.109 299.293 52.594 -178.443 jng-canopy-hang-01
3381 1 5 1996 0 -1 0 285.278 42.688 -196.550 272.513 38.739 -207.894 298.686 46.309 -185.602 jng-canopy-hang-01
3382 1 5 1997 0 -1 0 241.115 60.714 -281.922 229.526 58.675 -295.114 252.752 62.738 -268.482 jng-canopy-hang-01
3383 1 5 1998 0 -1 0 245.497 64.324 -256.222 231.754 61.195 -267.326 258.702 67.269 -244.371 jng-canopy-hang-01
3384 1 5 1999 0 -1 0 245.155 60.596 -251.395 231.490 54.125 -262.466 258.257 66.243 -241.317 jng-canopy-hang-01
3385 1 5 2000 0 -1 0 237.718 59.707 -251.814 225.050 55.759 -263.558 251.223 63.328 -240.196 jng-canopy-hang-01
3386 1 5 2001 0 -1 0 481.852 52.005 -316.204 468.685 48.726 -327.854 494.222 55.088 -304.925 jng-canopy-hang-01
3387 1 5 2002 0 -1 0 475.859 51.009 -303.098 467.216 46.953 -312.760 483.721 54.678 -293.516 jng-canopy-hang-01
3388 1 5 2003 0 -1 0 464.936 46.008 -308.327 452.569 41.386 -319.828 477.695 50.152 -296.965 jng-canopy-hang-01
3389 1 5 2004 0 -1 0 466.280 44.546 -294.688 453.805 39.456 -306.094 479.427 49.148 -284.124 jng-canopy-hang-01
3390 1 5 2005 0 -1 0 469.479 37.536 -299.696 458.575 32.971 -312.356 479.821 41.715 -288.105 jng-canopy-hang-01
3391 1 5 2006 0 -1 0 464.633 43.933 -302.426 453.446 40.653 -315.189 476.027 47.059 -289.522 jng-canopy-hang-01
3392 1 5 2007 0 -1 0 468.968 40.412 -304.915 456.725 34.550 -316.812 479.908 45.585 -291.913 jng-canopy-hang-01
3393 1 5 2008 0 -1 0 469.057 42.329 -326.455 458.368 37.662 -337.270 480.417 46.620 -315.950 jng-canopy-hang-01
3394 1 5 2009 0 -1 0 484.294 52.168 -330.240 471.167 47.034 -341.140 496.436 56.875 -318.667 jng-canopy-hang-01
3395 1 5 2010 0 -1 0 459.138 41.826 -341.642 448.133 36.565 -352.125 470.900 46.529 -331.404 jng-canopy-hang-01
3396 1 5 2011 0 -1 0 470.142 52.467 -335.741 459.312 48.875 -349.061 481.993 55.866 -322.208 jng-canopy-hang-01
3397 1 5 2012 0 -1 0 452.567 36.938 -324.217 442.456 32.518 -335.556 463.438 40.965 -312.854 jng-canopy-hang-01
3398 1 5 2013 0 -1 0 408.220 50.509 -346.695 397.610 46.336 -358.920 418.712 54.336 -335.229 jng-canopy-hang-01
3399 1 5 2014 0 -1 0 404.562 53.668 -361.267 391.711 51.629 -372.520 417.757 55.692 -349.911 jng-canopy-hang-01
3400 1 5 2015 0 -1 0 413.943 68.093 -373.195 401.498 64.621 -384.839 426.325 71.390 -360.633 jng-canopy-hang-01
3401 1 5 2016 0 -1 0 417.416 66.755 -358.113 404.017 63.758 -369.932 430.935 69.566 -347.068 jng-canopy-hang-01
3402 1 5 2017 0 -1 0 395.467 45.925 -347.270 385.146 40.519 -360.518 407.187 50.643 -335.346 jng-canopy-hang-01
3403 1 5 2018 0 -1 0 386.612 49.052 -335.741 375.457 46.437 -348.405 397.987 51.514 -322.549 jng-canopy-hang-01
3404 1 5 2019 0 -1 0 391.055 45.925 -337.680 379.077 40.519 -349.456 401.659 50.643 -324.522 jng-canopy-hang-01
3405 1 5 2020 0 -1 0 399.989 49.052 -349.000 388.603 46.437 -362.241 411.139 51.514 -336.245 jng-canopy-hang-01
3406 1 5 2021 0 -1 0 364.409 49.850 -351.425 351.460 45.902 -362.990 378.101 53.471 -340.659 jng-canopy-hang-01
3407 1 5 2022 0 -1 0 337.594 39.843 -375.406 324.313 36.098 -386.659 351.198 43.264 -364.078 jng-canopy-hang-01
3408 1 5 2023 0 -1 0 369.505 67.493 -369.222 356.137 65.454 -380.979 383.176 69.517 -357.961 jng-canopy-hang-01
3409 1 5 2024 0 -1 0 368.074 50.723 -353.898 356.533 46.775 -366.606 379.755 54.344 -340.353 jng-canopy-hang-01
3410 1 5 2025 0 -1 0 331.545 36.314 -361.908 317.723 31.995 -373.333 344.559 40.415 -350.553 jng-canopy-hang-01
3411 1 5 2026 0 -1 0 321.265 42.574 -362.785 306.645 37.986 -376.027 335.587 46.724 -350.027 jng-canopy-hang-01
3412 1 5 2027 0 -1 0 286.100 49.742 -322.554 276.289 47.238 -332.291 296.278 52.099 -313.030 jng-canopy-hang-01
3413 1 5 2028 0 -1 0 283.937 46.744 -325.749 275.197 41.568 -335.076 293.946 51.260 -315.540 jng-canopy-hang-01
3414 1 5 2029 0 -1 0 249.828 64.118 -298.062 237.525 58.986 -310.320 261.008 68.800 -285.442 jng-canopy-hang-01
3415 1 5 2030 0 -1 0 255.139 57.812 -308.967 243.360 53.195 -322.286 266.661 62.048 -296.196 jng-canopy-hang-01
3416 1 5 2031 0 -1 0 261.353 56.588 -319.110 249.534 52.026 -332.464 272.473 60.782 -306.089 jng-canopy-hang-01
3417 1 5 2032 0 -1 0 256.674 51.699 -306.804 245.359 45.228 -320.185 266.641 57.346 -293.528 jng-canopy-hang-01
3418 1 5 2033 0 -1 0 252.334 55.427 -308.940 240.768 52.298 -321.897 264.100 58.372 -295.411 jng-canopy-hang-01
3419 1 5 2034 0 -1 0 290.243 47.745 -324.665 279.426 44.170 -336.356 300.662 51.025 -313.585 jng-canopy-hang-01
3420 1 5 2035 0 -1 0 297.229 61.304 -351.895 285.480 56.576 -365.350 307.572 65.711 -338.548 jng-canopy-hang-01
3421 1 5 2036 0 -1 0 281.522 60.745 -353.126 269.063 58.706 -365.093 293.922 62.769 -340.733 jng-canopy-hang-01
3422 1 5 2037 0 -1 0 287.645 60.198 -354.349 275.895 55.470 -367.804 297.988 64.605 -341.002 jng-canopy-hang-01
3423 1 5 2038 0 -1 0 278.266 55.824 -327.595 265.573 49.579 -339.390 290.660 61.290 -316.795 jng-canopy-hang-01
3424 1 5 2039 0 -1 0 285.108 62.996 -343.415 271.909 60.957 -354.543 298.585 65.019 -332.251 jng-canopy-hang-01
3425 1 5 2040 0 -1 0 243.924 59.524 -326.762 231.453 57.485 -338.480 256.829 61.548 -314.928 jng-canopy-hang-01
3426 1 5 2041 0 -1 0 252.419 66.173 -331.725 239.273 60.986 -342.044 265.174 70.835 -320.364 jng-canopy-hang-01
3427 1 5 2042 0 -1 0 263.804 63.433 -345.388 251.334 61.394 -357.106 276.710 65.457 -333.554 jng-canopy-hang-01
3428 1 229 2223 0 -1 0 276.195 31.747 -302.509 275.819 29.208 -303.288 277.335 33.614 -301.178 pal-environment-front
3429 1 229 2224 0 -1 0 278.117 31.747 -297.910 277.335 29.208 -299.069 279.460 33.614 -297.522 pal-environment-front
3430 1 229 2225 0 -1 0 282.731 31.747 -299.848 281.569 29.208 -301.178 283.116 33.614 -299.069 pal-environment-front
3431 1 229 2226 0 -1 0 280.795 31.747 -304.447 279.460 29.208 -304.835 281.569 33.614 -303.288 pal-environment-front
3432 1 33 2599 0 -1 0 414.268 35.368 -211.656 413.722 31.606 -212.205 414.651 37.885 -210.704 jng-lrkr-metal-05
3433 1 33 2600 0 -1 0 420.104 35.368 -204.161 419.203 31.606 -204.675 420.648 37.885 -203.772 jng-lrkr-metal-05
3434 1 33 2601 0 -1 0 422.790 34.801 -209.256 421.939 31.040 -210.149 423.306 37.307 -208.727 jng-lrkr-metal-05
3435 1 33 2602 0 -1 0 446.789 36.543 -221.953 445.676 31.777 -223.171 447.477 39.723 -221.230 jng-lrkr-metal-05
3436 1 33 2603 0 -1 0 448.311 36.946 -233.316 447.101 31.948 -233.990 449.020 40.276 -232.220 jng-lrkr-metal-05
3437 1 33 2604 0 -1 0 436.903 36.185 -233.789 436.322 31.625 -234.441 437.817 39.223 -232.645 jng-lrkr-metal-05
3438 1 33 2605 0 -1 0 423.785 34.801 -218.002 423.305 31.040 -218.540 424.539 37.307 -217.058 jng-lrkr-metal-05
3439 1 33 2606 0 -1 0 428.046 34.801 -212.679 427.195 31.040 -213.571 428.562 37.307 -212.149 jng-lrkr-metal-05
3440 1 33 2607 0 -1 0 418.834 34.801 -214.363 418.354 31.040 -214.900 419.589 37.307 -213.419 jng-lrkr-metal-05
3441 1 14 2773 0 -1 0 397.019 22.694 -241.075 386.688 7.413 -251.361 407.349 37.709 -230.788 cmn-precursor-metal-edging-01-hitweak
3442 1 14 2774 0 -1 0 362.211 29.547 -275.864 351.957 14.265 -286.163 372.466 44.562 -265.565 cmn-precursor-metal-edging-01-hitweak
3443 1 0 553 0 -1 0 397.401 6.384 -258.421 390.198 -4.755 -261.667 402.462 16.916 -254.897 jng-rockwall-01
3444 1 0 466 0 -1 0 369.748 5.370 -119.959 367.169 -6.018 -122.880 374.141 15.446 -117.498 jng-rockwall-01
3445 1 0 476 0 -1 0 369.010 33.369 -123.884 364.290 23.908 -129.830 374.515 42.406 -119.943 jng-rockwall-01
3446 1 0 541 0 -1 0 437.746 5.200 -288.958 435.522 -2.148 -292.400 441.131 11.674 -284.729 jng-rockwall-01
3447 1 0 581 0 -1 0 288.283 10.210 -263.943 285.361 -0.744 -268.367 293.316 21.473 -260.425 jng-rockwall-01
3448 1 0 586 0 -1 0 263.286 9.123 -262.480 258.608 -1.584 -267.057 268.460 18.923 -259.967 jng-rockwall-01
3449 1 0 626 0 -1 0 384.446 8.699 -329.757 382.072 -1.641 -332.716 388.632 18.155 -327.303 jng-rockwall-01
3450 1 0 969 0 -1 0 396.840 6.469 -265.252 391.750 -2.373 -268.137 400.850 13.472 -263.391 jng-rockwall-01
3451 1 0 1124 0 -1 0 365.109 34.934 -132.088 362.365 29.322 -134.724 369.309 38.458 -128.695 jng-rockwall-01
3452 1 5 2426 0 -1 0 373.449 36.739 -156.153 368.669 32.696 -160.223 378.038 39.989 -153.024 jng-canopy-hang-01
3453 1 5 2427 0 -1 0 367.419 42.283 -132.225 362.440 38.167 -137.174 373.401 45.660 -128.622 jng-canopy-hang-01
3454 1 5 2428 0 -1 0 366.143 42.357 -143.646 361.289 38.892 -147.576 371.635 45.367 -138.709 jng-canopy-hang-01
3455 1 5 2429 0 -1 0 375.865 40.303 -161.309 370.302 36.372 -166.320 380.279 43.690 -156.868 jng-canopy-hang-01
3456 1 5 2430 0 -1 0 386.932 37.670 -158.669 383.447 34.127 -163.069 391.421 40.694 -155.040 jng-canopy-hang-01
3457 1 5 2431 0 -1 0 365.750 40.852 -166.725 361.749 36.618 -171.405 370.627 44.412 -160.750 jng-canopy-hang-01
3458 1 5 2432 0 -1 0 375.094 41.312 -170.088 370.806 38.474 -172.910 379.187 43.840 -166.586 jng-canopy-hang-01
3459 1 5 2433 0 -1 0 369.694 38.166 -166.058 365.441 35.559 -169.404 374.431 40.587 -162.559 jng-canopy-hang-01
3460 1 5 2434 0 -1 0 380.277 39.892 -164.621 376.084 36.407 -168.846 383.476 42.778 -161.311 jng-canopy-hang-01
3461 1 5 2435 0 -1 0 393.842 37.720 -164.724 390.022 34.522 -169.104 396.855 40.553 -160.012 jng-canopy-hang-01
3462 1 5 2436 0 -1 0 373.083 51.845 -190.374 369.032 47.914 -196.234 377.885 55.232 -185.657 jng-canopy-hang-01
3463 1 5 2437 0 -1 0 393.781 41.784 -174.739 388.778 37.768 -180.688 397.437 45.200 -169.148 jng-canopy-hang-01
3464 1 5 2438 0 -1 0 382.305 41.997 -174.988 378.104 38.404 -179.716 387.513 45.176 -169.690 jng-canopy-hang-01
3465 1 5 2439 0 -1 0 379.851 52.394 -199.631 374.186 48.160 -203.926 384.189 55.955 -194.557 jng-canopy-hang-01
3466 1 5 2440 0 -1 0 326.464 33.401 -120.749 321.967 29.631 -124.004 330.597 36.207 -118.065 jng-canopy-hang-01
3467 1 5 2441 0 -1 0 329.862 35.131 -127.109 325.353 31.359 -131.137 333.629 38.068 -124.001 jng-canopy-hang-01
3468 1 5 2442 0 -1 0 346.768 40.797 -127.415 342.581 37.403 -131.049 350.866 43.538 -124.645 jng-canopy-hang-01
3469 1 5 2444 0 -1 0 335.830 39.908 -130.183 332.893 35.847 -135.402 339.861 43.142 -126.221 jng-canopy-hang-01
3470 1 5 2445 0 -1 0 349.744 42.603 -134.250 346.040 39.558 -138.635 352.449 45.187 -130.166 jng-canopy-hang-01
3471 1 5 2446 0 -1 0 343.370 41.099 -137.677 339.521 38.577 -141.716 346.601 43.410 -133.660 jng-canopy-hang-01
3472 1 5 2447 0 -1 0 348.068 45.485 -167.653 343.881 42.650 -171.168 352.070 48.170 -164.103 jng-canopy-hang-01
3473 1 5 2448 0 -1 0 355.065 48.000 -168.686 350.881 44.459 -172.246 358.416 51.073 -164.756 jng-canopy-hang-01
3474 1 5 2450 0 -1 0 329.731 37.717 -170.708 325.993 34.675 -173.551 332.845 40.220 -166.811 jng-canopy-hang-01
3475 1 5 2451 0 -1 0 324.106 38.538 -166.587 321.544 35.681 -169.985 327.570 40.941 -162.522 jng-canopy-hang-01
3476 1 5 2452 0 -1 0 327.708 37.065 -161.008 324.927 34.592 -165.130 331.171 39.284 -156.833 jng-canopy-hang-01
3477 1 5 2453 0 -1 0 337.201 37.077 -163.509 333.500 33.638 -167.408 339.949 39.897 -159.231 jng-canopy-hang-01
3478 1 5 2454 0 -1 0 349.493 42.381 -171.781 345.671 38.451 -177.836 354.361 45.769 -166.534 jng-canopy-hang-01
3479 1 5 2455 0 -1 0 360.042 42.931 -176.291 354.805 38.696 -181.462 363.939 46.491 -171.382 jng-canopy-hang-01
3480 1 5 2456 0 -1 0 330.156 51.715 -207.595 325.008 47.481 -213.156 335.156 55.275 -203.407 jng-canopy-hang-01
3481 1 5 2457 0 -1 0 324.016 47.558 -198.408 319.715 43.912 -203.567 329.661 50.623 -193.834 jng-canopy-hang-01
3482 1 5 2458 0 -1 0 331.714 47.076 -206.908 327.130 43.692 -211.827 335.500 49.992 -200.870 jng-canopy-hang-01
3483 1 5 2459 0 -1 0 296.359 40.088 -131.323 291.815 36.777 -135.148 299.887 42.814 -128.409 jng-canopy-hang-01
3484 1 5 2460 0 -1 0 322.750 40.084 -133.374 318.487 36.977 -137.269 327.865 42.803 -130.106 jng-canopy-hang-01
3485 1 5 2461 0 -1 0 319.599 35.125 -123.688 316.901 30.891 -127.914 323.301 38.379 -120.584 jng-canopy-hang-01
3486 1 5 2462 0 -1 0 315.760 42.756 -156.069 310.639 38.197 -161.697 320.190 46.497 -151.954 jng-canopy-hang-01
3487 1 5 2463 0 -1 0 314.327 42.334 -135.048 310.215 38.322 -140.644 317.751 45.663 -130.752 jng-canopy-hang-01
3488 1 5 2464 0 -1 0 304.777 41.340 -139.050 300.892 37.469 -143.452 309.897 44.591 -134.632 jng-canopy-hang-01
3489 1 5 2465 0 -1 0 294.253 40.973 -138.633 290.040 37.864 -141.928 297.558 43.590 -134.484 jng-canopy-hang-01
3490 1 5 2466 0 -1 0 291.281 42.805 -143.941 285.507 38.437 -148.174 295.658 46.434 -138.791 jng-canopy-hang-01
3491 1 5 2467 0 -1 0 284.788 42.970 -134.465 280.576 39.273 -140.193 289.559 46.220 -129.769 jng-canopy-hang-01
3492 1 5 2468 0 -1 0 286.194 39.379 -126.396 282.144 35.635 -131.006 290.551 42.450 -123.022 jng-canopy-hang-01
3493 1 5 2469 0 -1 0 287.200 39.370 -137.042 282.877 36.677 -140.169 291.153 41.786 -133.212 jng-canopy-hang-01
3494 1 5 2471 0 -1 0 265.763 44.459 -152.647 261.567 41.172 -156.199 269.310 47.391 -148.382 jng-canopy-hang-01
3495 1 5 2472 0 -1 0 272.882 46.439 -151.453 268.947 42.681 -155.025 275.787 49.593 -147.201 jng-canopy-hang-01
3496 1 5 2473 0 -1 0 271.988 45.617 -143.866 267.365 41.688 -147.628 275.869 48.868 -141.120 jng-canopy-hang-01
3497 1 5 2474 0 -1 0 295.245 41.235 -170.131 290.277 37.275 -176.018 298.887 44.616 -164.600 jng-canopy-hang-01
3498 1 5 2475 0 -1 0 283.791 41.266 -169.353 279.781 37.696 -174.441 288.846 44.429 -163.994 jng-canopy-hang-01
3499 1 5 2476 0 -1 0 286.731 43.962 -186.642 281.709 39.690 -192.210 291.852 47.545 -182.462 jng-canopy-hang-01
3500 1 5 2477 0 -1 0 306.837 42.864 -163.294 302.022 39.032 -167.359 312.787 46.196 -158.822 jng-canopy-hang-01
3501 1 5 2478 0 -1 0 288.888 45.531 -197.805 282.644 41.465 -201.691 293.990 49.000 -193.020 jng-canopy-hang-01
3502 1 5 2479 0 -1 0 279.369 39.662 -191.905 275.786 35.918 -196.610 283.738 42.733 -188.445 jng-canopy-hang-01
3503 1 5 2480 0 -1 0 290.552 40.371 -193.436 285.885 37.060 -197.180 294.407 43.097 -190.691 jng-canopy-hang-01
3504 1 5 2481 0 -1 0 323.595 51.166 -216.993 318.430 47.235 -220.857 329.784 54.553 -212.175 jng-canopy-hang-01
3505 1 5 2483 0 -1 0 291.122 40.590 -199.691 288.167 36.543 -203.833 294.920 43.822 -195.803 jng-canopy-hang-01
3506 1 5 2484 0 -1 0 290.828 41.256 -201.033 286.784 38.147 -204.448 293.851 43.873 -196.955 jng-canopy-hang-01
3507 1 5 2485 0 -1 0 283.627 39.653 -201.720 279.408 36.960 -205.247 287.232 42.069 -197.531 jng-canopy-hang-01
3508 1 5 2486 0 -1 0 292.919 39.676 -207.099 289.514 35.175 -209.911 297.497 43.209 -203.328 jng-canopy-hang-01
3509 1 5 2487 0 -1 0 298.354 40.916 -197.817 295.106 37.065 -201.953 302.782 44.147 -194.046 jng-canopy-hang-01
3510 1 5 2488 0 -1 0 474.409 43.099 -297.973 469.353 39.345 -303.052 479.642 46.380 -293.959 jng-canopy-hang-01
3511 1 5 2489 0 -1 0 471.007 34.203 -293.140 466.222 30.785 -296.946 474.928 36.997 -290.328 jng-canopy-hang-01
3512 1 5 2490 0 -1 0 468.142 36.716 -306.235 464.171 34.014 -308.817 472.195 39.043 -302.791 jng-canopy-hang-01
3513 1 5 2491 0 -1 0 474.343 35.876 -302.925 470.838 32.972 -306.778 476.920 38.306 -299.283 jng-canopy-hang-01
3514 1 5 2492 0 -1 0 463.862 42.132 -300.380 459.192 39.161 -305.303 468.844 44.932 -295.155 jng-canopy-hang-01
3515 1 5 2493 0 -1 0 464.665 34.578 -300.719 461.004 32.221 -303.580 468.791 36.731 -297.378 jng-canopy-hang-01
3516 1 5 2494 0 -1 0 465.622 39.996 -308.885 459.378 35.931 -312.771 470.724 43.465 -304.100 jng-canopy-hang-01
3517 1 5 2495 0 -1 0 463.465 38.428 -297.722 458.443 34.156 -303.290 468.586 42.011 -293.542 jng-canopy-hang-01
3518 1 5 2496 0 -1 0 473.387 46.801 -315.259 469.065 43.652 -320.598 477.623 49.715 -309.341 jng-canopy-hang-01
3519 1 5 2497 0 -1 0 474.320 41.085 -314.618 469.997 37.936 -319.957 478.555 43.999 -308.700 jng-canopy-hang-01
3520 1 5 2498 0 -1 0 458.070 35.609 -320.865 454.421 32.502 -324.697 461.111 38.139 -318.068 jng-canopy-hang-01
3521 1 5 2499 0 -1 0 451.577 33.756 -319.313 448.987 30.379 -323.489 455.132 36.399 -316.280 jng-canopy-hang-01
3522 1 5 2500 0 -1 0 438.041 48.720 -354.603 432.993 45.366 -360.664 443.452 51.763 -349.285 jng-canopy-hang-01
3523 1 5 2501 0 -1 0 451.466 44.120 -353.256 447.170 39.773 -357.729 456.663 47.770 -347.676 jng-canopy-hang-01
3524 1 5 2502 0 -1 0 425.287 54.457 -366.567 420.406 51.533 -371.143 430.489 57.227 -361.779 jng-canopy-hang-01
3525 1 5 2503 0 -1 0 466.952 40.680 -357.197 460.855 37.102 -361.124 472.321 43.857 -352.436 jng-canopy-hang-01
3526 1 5 2504 0 -1 0 463.424 45.097 -352.293 459.128 40.750 -356.767 468.620 48.747 -346.714 jng-canopy-hang-01
3527 1 5 2505 0 -1 0 470.658 39.445 -324.896 465.146 35.266 -330.250 475.147 42.995 -320.430 jng-canopy-hang-01
3528 1 5 2506 0 -1 0 447.243 34.376 -328.562 444.158 30.620 -332.465 451.373 37.355 -324.938 jng-canopy-hang-01
3529 1 5 2507 0 -1 0 456.829 35.226 -327.441 453.514 32.488 -331.569 459.768 37.599 -324.116 jng-canopy-hang-01
3530 1 5 2508 0 -1 0 407.674 47.312 -339.904 403.186 43.355 -343.646 411.511 50.558 -337.146 jng-canopy-hang-01
3531 1 5 2509 0 -1 0 408.651 48.995 -353.132 404.579 45.709 -355.560 412.256 51.761 -349.806 jng-canopy-hang-01
3532 1 5 2510 0 -1 0 403.780 47.309 -348.758 399.740 44.463 -351.492 407.895 49.863 -345.355 jng-canopy-hang-01
3533 1 5 2511 0 -1 0 413.532 48.065 -348.286 409.760 44.565 -351.919 416.291 50.946 -345.073 jng-canopy-hang-01
3534 1 5 2512 0 -1 0 411.606 64.774 -374.276 405.810 61.321 -378.160 417.403 67.870 -369.436 jng-canopy-hang-01
3535 1 5 2513 0 -1 0 407.022 50.508 -361.366 401.801 46.216 -366.660 411.997 54.075 -357.484 jng-canopy-hang-01
3536 1 5 2514 0 -1 0 420.680 65.459 -365.289 414.912 61.325 -372.111 425.332 69.177 -358.261 jng-canopy-hang-01
3537 1 5 2515 0 -1 0 413.721 64.919 -371.265 407.924 60.857 -374.911 419.518 68.364 -366.256 jng-canopy-hang-01
3538 1 5 2516 0 -1 0 409.062 63.545 -359.410 403.406 59.721 -365.957 413.835 67.074 -352.976 jng-canopy-hang-01
3539 1 5 2517 0 -1 0 419.250 69.358 -351.214 414.176 65.633 -356.147 423.907 72.611 -347.418 jng-canopy-hang-01
3540 1 5 2518 0 -1 0 419.259 63.412 -352.536 414.115 59.481 -358.144 423.986 66.799 -348.111 jng-canopy-hang-01
3541 1 5 2519 0 -1 0 422.737 51.710 -356.576 418.185 46.969 -362.857 428.536 55.578 -351.573 jng-canopy-hang-01
3542 1 5 2520 0 -1 0 387.926 45.287 -341.759 381.690 41.749 -345.530 392.986 48.262 -336.924 jng-canopy-hang-01
3543 1 5 2521 0 -1 0 385.186 44.823 -330.617 380.234 41.539 -336.181 390.322 47.653 -326.243 jng-canopy-hang-01
3544 1 5 2522 0 -1 0 398.411 45.287 -343.031 393.397 41.749 -347.810 404.629 48.262 -339.280 jng-canopy-hang-01
3545 1 5 2523 0 -1 0 362.234 48.407 -352.023 359.194 45.096 -355.599 366.387 51.133 -348.021 jng-canopy-hang-01
3546 1 5 2524 0 -1 0 367.746 49.292 -346.769 363.726 46.182 -350.464 372.248 51.908 -344.072 jng-canopy-hang-01
3547 1 5 2525 0 -1 0 373.031 47.688 -351.712 368.483 44.995 -355.466 377.476 50.104 -348.697 jng-canopy-hang-01
3548 1 5 2526 0 -1 0 369.078 47.533 -347.451 364.537 44.222 -351.217 373.015 50.259 -344.670 jng-canopy-hang-01
3549 1 5 2527 0 -1 0 391.045 54.244 -362.165 385.452 50.367 -367.007 395.498 57.603 -357.200 jng-canopy-hang-01
3550 1 5 2528 0 -1 0 374.518 62.450 -379.594 368.721 59.966 -383.969 380.315 64.935 -375.219 jng-canopy-hang-01
3551 1 5 2529 0 -1 0 382.373 54.214 -357.949 377.805 50.368 -363.201 387.834 57.563 -353.479 jng-canopy-hang-01
3552 1 5 2530 0 -1 0 387.450 54.136 -354.348 381.653 51.652 -358.723 393.247 56.621 -349.973 jng-canopy-hang-01
3553 1 5 2531 0 -1 0 401.675 44.823 -354.041 396.538 41.539 -358.443 406.555 47.653 -348.450 jng-canopy-hang-01
3554 1 5 2532 0 -1 0 361.809 61.687 -370.915 357.509 59.203 -376.613 366.109 64.171 -365.217 jng-canopy-hang-01
3555 1 5 2533 0 -1 0 359.320 59.138 -364.912 354.751 55.293 -370.164 364.781 62.487 -360.442 jng-canopy-hang-01
3556 1 5 2534 0 -1 0 363.655 46.815 -356.778 359.507 44.122 -360.423 367.128 49.231 -352.565 jng-canopy-hang-01
3557 1 5 2535 0 -1 0 368.515 47.698 -361.409 364.285 43.954 -364.461 373.509 50.769 -357.262 jng-canopy-hang-01
3558 1 5 2536 0 -1 0 367.612 54.951 -356.360 363.044 51.106 -361.612 373.074 58.300 -351.890 jng-canopy-hang-01
3559 1 5 2537 0 -1 0 370.648 48.418 -354.884 366.862 45.309 -358.732 373.408 51.035 -350.617 jng-canopy-hang-01
3560 1 5 2538 0 -1 0 298.545 57.653 -342.750 293.011 54.021 -347.517 303.069 60.863 -337.747 jng-canopy-hang-01
3561 1 5 2539 0 -1 0 299.811 36.389 -341.361 294.498 32.158 -346.775 305.565 40.203 -337.062 jng-canopy-hang-01
3562 1 5 2540 0 -1 0 305.319 38.669 -352.591 299.009 33.913 -357.782 310.230 42.802 -347.889 jng-canopy-hang-01
3563 1 5 2541 0 -1 0 297.221 52.580 -342.750 291.687 48.949 -347.517 301.746 55.790 -337.747 jng-canopy-hang-01
3564 1 5 2542 0 -1 0 299.499 34.999 -352.576 293.836 29.972 -358.371 305.011 39.239 -348.262 jng-canopy-hang-01
3565 1 5 2543 0 -1 0 357.795 46.824 -347.839 354.507 43.080 -352.852 361.990 49.895 -344.013 jng-canopy-hang-01
3566 1 5 2544 0 -1 0 359.250 64.094 -364.081 353.473 61.609 -368.441 365.027 66.578 -359.721 jng-canopy-hang-01
3567 1 5 2545 0 -1 0 328.080 40.217 -355.536 323.220 35.911 -361.071 333.362 44.074 -351.166 jng-canopy-hang-01
3568 1 5 2546 0 -1 0 316.900 37.412 -354.753 311.366 34.307 -359.597 322.433 40.518 -349.909 jng-canopy-hang-01
3569 1 5 2547 0 -1 0 328.760 32.972 -357.062 323.900 28.665 -362.597 334.041 36.829 -352.691 jng-canopy-hang-01
3570 1 5 2548 0 -1 0 318.765 33.488 -355.627 313.163 29.289 -361.008 323.495 37.282 -351.192 jng-canopy-hang-01
3571 1 5 2549 0 -1 0 335.363 31.366 -362.366 329.919 27.062 -368.064 339.992 35.200 -357.999 jng-canopy-hang-01
3572 1 5 2550 0 -1 0 340.471 29.699 -359.788 337.139 27.357 -364.065 343.392 31.870 -355.769 jng-canopy-hang-01
3573 1 5 2551 0 -1 0 340.383 32.972 -358.205 335.523 28.665 -363.740 345.665 36.829 -353.835 jng-canopy-hang-01
3574 1 5 2552 0 -1 0 250.222 59.815 -252.288 245.070 55.581 -257.929 254.762 63.376 -247.987 jng-canopy-hang-01
3575 1 5 2553 0 -1 0 241.617 59.266 -259.873 236.723 55.335 -263.698 247.635 62.653 -255.255 jng-canopy-hang-01
3576 1 5 2554 0 -1 0 244.834 58.276 -251.291 241.162 55.167 -255.791 247.515 60.892 -247.317 jng-canopy-hang-01
3577 1 5 2555 0 -1 0 240.042 56.672 -256.696 236.278 53.979 -261.166 243.066 59.088 -252.148 jng-canopy-hang-01
3578 1 5 2556 0 -1 0 239.430 57.391 -245.922 235.886 54.080 -250.098 243.451 60.117 -242.869 jng-canopy-hang-01
3579 1 5 2557 0 -1 0 230.228 56.682 -252.461 227.181 52.938 -257.412 234.363 59.753 -248.218 jng-canopy-hang-01
3580 1 5 2558 0 -1 0 244.661 56.766 -293.640 238.419 52.866 -298.015 249.777 60.148 -289.265 jng-canopy-hang-01
3581 1 5 2559 0 -1 0 229.560 67.542 -301.391 223.763 64.000 -305.251 235.357 70.691 -296.519 jng-canopy-hang-01
3582 1 5 2560 0 -1 0 236.018 64.606 -271.423 230.168 61.031 -276.110 240.941 67.778 -267.534 jng-canopy-hang-01
3583 1 5 2561 0 -1 0 229.170 63.922 -271.830 224.377 60.706 -276.723 234.436 66.877 -267.408 jng-canopy-hang-01
3584 1 5 2562 0 -1 0 230.915 63.381 -271.423 225.064 59.806 -276.110 235.837 66.553 -267.534 jng-canopy-hang-01
3585 1 5 2563 0 -1 0 240.698 57.824 -278.145 235.061 54.392 -282.833 246.026 60.908 -274.356 jng-canopy-hang-01
3586 1 5 2564 0 -1 0 253.136 54.795 -304.035 248.660 50.490 -309.874 257.512 58.411 -299.532 jng-canopy-hang-01
3587 1 5 2565 0 -1 0 235.026 69.904 -309.515 229.873 66.148 -313.890 241.240 73.198 -305.140 jng-canopy-hang-01
3588 1 5 2566 0 -1 0 235.785 68.870 -304.967 229.988 66.385 -309.342 241.582 71.354 -300.592 jng-canopy-hang-01
3589 1 5 2567 0 -1 0 257.783 50.918 -311.820 252.441 46.684 -316.968 261.770 54.478 -306.830 jng-canopy-hang-01
3590 1 5 2568 0 -1 0 247.486 50.369 -306.765 243.638 46.438 -312.879 252.361 53.756 -301.529 jng-canopy-hang-01
3591 1 5 2569 0 -1 0 291.692 52.839 -335.698 285.448 50.162 -340.961 297.937 55.514 -330.435 jng-canopy-hang-01
3592 1 5 2570 0 -1 0 291.007 58.525 -334.581 284.284 54.338 -339.844 296.522 62.161 -329.318 jng-canopy-hang-01
3593 1 5 2571 0 -1 0 291.682 45.645 -330.014 288.274 42.646 -333.269 294.247 48.113 -325.858 jng-canopy-hang-01
3594 1 5 2572 0 -1 0 295.743 45.002 -320.646 291.537 41.612 -324.618 298.815 47.783 -317.031 jng-canopy-hang-01
3595 1 5 2573 0 -1 0 290.344 45.689 -322.168 286.073 42.546 -326.185 293.677 48.399 -318.060 jng-canopy-hang-01
3596 1 5 2574 0 -1 0 264.901 46.924 -314.739 259.348 41.358 -319.504 269.040 51.236 -310.889 jng-canopy-hang-01
3597 1 5 2575 0 -1 0 284.994 46.440 -328.400 281.979 43.623 -331.376 288.763 48.809 -324.583 jng-canopy-hang-01
3598 1 5 2576 0 -1 0 286.225 56.781 -331.093 280.439 53.516 -335.854 292.021 59.763 -327.169 jng-canopy-hang-01
3599 1 5 2577 0 -1 0 286.156 44.993 -321.954 283.257 42.554 -325.444 289.688 47.180 -318.096 jng-canopy-hang-01
3600 1 5 2578 0 -1 0 281.193 46.128 -322.674 278.177 42.741 -326.786 285.154 48.977 -317.729 jng-canopy-hang-01
3601 1 13 2591 0 -1 0 449.053 29.549 -226.773 447.811 28.350 -228.016 450.296 30.772 -225.531 jng-lrkr-bigmetal-01
3602 1 13 2592 0 -1 0 442.138 29.586 -220.490 440.858 28.386 -221.769 443.417 30.808 -219.210 jng-lrkr-bigmetal-01
3603 1 13 2593 0 -1 0 448.291 39.112 -227.542 447.029 37.849 -228.588 449.392 40.220 -226.571 jng-lrkr-bigmetal-01
3604 1 13 2594 0 -1 0 439.822 39.051 -218.783 438.859 37.949 -219.874 440.591 40.029 -217.869 jng-lrkr-bigmetal-01
3605 1 13 2595 0 -1 0 434.478 29.549 -229.263 433.224 28.350 -230.517 435.733 30.772 -228.008 jng-lrkr-bigmetal-01
3606 1 13 2596 0 -1 0 432.436 38.996 -226.636 431.411 37.707 -227.636 433.693 40.145 -225.419 jng-lrkr-bigmetal-01
3607 1 13 2597 0 -1 0 441.073 29.549 -234.907 439.746 28.350 -236.234 442.400 30.772 -233.580 jng-lrkr-bigmetal-01
3608 1 13 2598 0 -1 0 443.471 39.141 -233.989 442.050 37.488 -235.431 444.730 40.542 -232.376 jng-lrkr-bigmetal-01
3609 1 33 2591 0 -1 0 448.761 31.811 -226.907 447.866 30.819 -227.603 449.654 33.178 -226.173 jng-lrkr-metal-05
3610 1 33 2592 0 -1 0 441.978 31.847 -220.769 441.249 30.855 -221.656 442.756 33.215 -219.871 jng-lrkr-metal-05
3611 1 33 2593 0 -1 0 449.258 40.456 -227.280 448.583 39.440 -227.869 449.753 41.364 -226.830 jng-lrkr-metal-05
3612 1 33 2594 0 -1 0 440.217 40.285 -218.109 439.727 39.397 -218.666 440.566 41.103 -217.737 jng-lrkr-metal-05
3613 1 33 2595 0 -1 0 434.767 31.811 -229.121 433.872 30.819 -229.869 435.661 33.178 -228.415 jng-lrkr-metal-05
3614 1 33 2596 0 -1 0 431.846 40.470 -227.336 431.383 39.430 -227.853 432.444 41.454 -226.674 jng-lrkr-metal-05
3615 1 33 2597 0 -1 0 441.123 31.811 -234.589 440.425 30.819 -235.555 441.721 33.178 -233.688 jng-lrkr-metal-05
3616 1 33 2598 0 -1 0 443.898 40.618 -235.582 443.116 39.296 -236.456 444.461 41.672 -234.633 jng-lrkr-metal-05
3617 1 69 2808 0 -1 0 370.383 39.848 -204.322 366.702 33.506 -209.280 372.515 46.506 -198.249 cmn-precursor-circuitpattern-01
3618 1 72 2946 0 -1 0 369.094 50.186 -203.125 368.885 49.847 -203.393 369.273 50.526 -202.736 cmn-precursor-metal-plain-01
3619 1 229 2946 0 -1 0 369.094 50.186 -203.125 368.885 49.847 -203.393 369.273 50.526 -202.736 pal-environment-front
3620 1 11 2043 0 -1 0 378.690 18.665 -165.863 376.744 16.380 -166.933 380.796 20.927 -164.561 jng-treebark-03
3621 1 11 2044 0 -1 0 390.355 19.177 -170.894 389.210 17.144 -172.652 391.651 21.117 -169.280 jng-treebark-03
3622 1 11 2045 0 -1 0 380.341 21.532 -166.419 377.951 19.268 -167.474 382.500 23.673 -165.202 jng-treebark-03
3623 1 11 2046 0 -1 0 377.204 30.207 -186.940 375.711 27.922 -188.780 378.472 32.469 -184.966 jng-treebark-03
3624 1 11 2047 0 -1 0 361.986 22.609 -144.507 360.993 20.550 -146.807 362.885 24.607 -142.435 jng-treebark-03
3625 1 11 2048 0 -1 0 351.279 20.743 -166.720 349.344 18.459 -168.135 353.047 23.005 -165.182 jng-treebark-03
3626 1 11 2049 0 -1 0 319.004 29.527 -214.194 317.247 27.243 -216.019 320.639 31.790 -212.565 jng-treebark-03
3627 1 11 2050 0 -1 0 327.982 28.451 -210.765 326.581 26.485 -212.676 329.601 30.399 -208.970 jng-treebark-03
3628 1 11 2051 0 -1 0 304.358 21.337 -136.360 302.570 19.116 -137.571 306.026 23.429 -135.384 jng-treebark-03
3629 1 11 2052 0 -1 0 288.248 21.404 -130.060 286.717 19.163 -132.012 289.540 23.607 -127.941 jng-treebark-03
3630 1 11 2053 0 -1 0 282.879 20.467 -161.438 280.578 18.192 -162.585 284.959 22.643 -160.136 jng-treebark-03
3631 1 11 2054 0 -1 0 303.215 20.964 -161.346 301.280 18.685 -163.101 305.037 23.178 -159.844 jng-treebark-03
3632 1 11 2055 0 -1 0 291.918 22.301 -187.274 291.113 19.822 -189.155 292.564 24.637 -185.246 jng-treebark-03
3633 1 11 2056 0 -1 0 237.826 37.628 -256.090 235.907 35.343 -257.694 239.628 39.890 -254.706 jng-treebark-03
3634 1 11 2057 0 -1 0 232.558 38.068 -285.066 231.629 35.629 -287.076 233.227 40.335 -282.854 jng-treebark-03
3635 1 11 2058 0 -1 0 233.654 38.487 -284.081 232.413 36.170 -286.341 235.207 40.639 -282.010 jng-treebark-03
3636 1 11 2059 0 -1 0 476.246 20.657 -324.670 474.686 18.442 -326.842 478.115 22.735 -322.673 jng-treebark-03
3637 1 11 2060 0 -1 0 479.435 20.247 -305.161 477.169 17.744 -305.990 481.942 22.593 -304.454 jng-treebark-03
3638 1 11 2061 0 -1 0 468.652 16.766 -298.354 467.848 14.288 -300.235 469.298 19.102 -296.326 jng-treebark-03
3639 1 11 2062 0 -1 0 463.663 18.493 -336.362 462.539 16.110 -338.345 464.837 20.720 -334.155 jng-treebark-03
3640 1 11 2063 0 -1 0 468.363 16.064 -334.239 467.124 13.319 -335.635 469.728 18.476 -332.915 jng-treebark-03
3641 1 11 2064 0 -1 0 453.270 15.779 -347.204 451.187 13.348 -348.211 455.199 18.070 -346.391 jng-treebark-03
3642 1 11 2065 0 -1 0 430.340 22.282 -362.302 428.552 19.813 -363.803 432.016 24.604 -360.972 jng-treebark-03
3643 1 11 2066 0 -1 0 419.756 41.508 -363.520 418.119 39.071 -365.068 421.601 43.816 -362.057 jng-treebark-03
3644 1 11 2067 0 -1 0 390.294 26.749 -329.010 389.397 24.840 -331.060 390.963 28.639 -326.774 jng-treebark-03
3645 1 11 2068 0 -1 0 396.640 26.749 -355.892 395.893 24.840 -358.115 397.616 28.639 -353.852 jng-treebark-03
3646 1 11 2069 0 -1 0 387.934 29.023 -366.442 386.297 26.586 -367.989 389.780 31.331 -364.978 jng-treebark-03
3647 1 11 2070 0 -1 0 362.871 30.150 -364.951 360.690 27.185 -365.711 364.877 32.983 -364.050 jng-treebark-03
3648 1 11 2071 0 -1 0 374.812 31.245 -366.785 372.822 28.884 -367.742 377.014 33.511 -365.906 jng-treebark-03
3649 1 11 2072 0 -1 0 306.660 7.068 -354.852 304.762 4.686 -355.984 308.772 9.345 -353.802 jng-treebark-03
3650 1 11 2073 0 -1 0 330.786 2.837 -368.820 329.565 -0.201 -370.565 332.245 5.730 -367.166 jng-treebark-03
3651 1 11 2074 0 -1 0 314.454 10.932 -365.826 313.278 8.461 -367.650 315.867 13.264 -364.106 jng-treebark-03
3652 1 11 2075 0 -1 0 322.605 8.729 -366.092 321.346 6.280 -368.168 323.704 10.994 -364.186 jng-treebark-03
3653 1 11 2076 0 -1 0 290.871 28.381 -326.436 289.235 26.554 -327.101 292.665 30.191 -325.854 jng-treebark-03
3654 1 11 2077 0 -1 0 258.384 30.105 -328.742 257.081 27.835 -330.961 259.583 32.314 -326.761 jng-treebark-03
3655 1 11 2078 0 -1 0 260.938 32.046 -328.239 258.796 29.628 -329.025 262.901 34.349 -327.586 jng-treebark-03
3656 1 11 2079 0 -1 0 238.386 39.623 -307.555 236.467 37.278 -309.171 240.179 41.886 -306.193 jng-treebark-03
3657 1 11 2080 0 -1 0 241.808 37.617 -299.671 240.899 35.030 -301.575 242.666 39.972 -297.939 jng-treebark-03
3658 1 11 2081 0 -1 0 249.544 28.731 -301.812 247.629 26.446 -303.289 251.283 30.993 -300.211 jng-treebark-03
3659 1 11 2082 0 -1 0 239.250 40.861 -316.178 237.231 38.421 -317.173 241.085 43.179 -315.094 jng-treebark-03
3660 1 11 2083 0 -1 0 294.606 7.722 -347.519 293.615 4.221 -348.291 295.624 10.681 -346.713 jng-treebark-03
3661 1 11 2084 0 -1 0 287.176 29.333 -333.030 285.277 26.951 -334.162 289.288 31.610 -331.980 jng-treebark-03
3662 1 28 1766 0 -1 0 377.801 26.875 -169.686 376.774 24.349 -171.428 378.615 29.130 -168.107 jng-treebark-02
3663 1 28 2043 0 -1 0 376.893 22.963 -167.136 376.206 20.489 -168.367 377.811 25.380 -165.726 jng-treebark-02
3664 1 28 1768 0 -1 0 387.592 26.659 -170.231 386.218 24.559 -171.486 388.727 28.612 -168.852 jng-treebark-02
3665 1 28 2044 0 -1 0 389.071 22.911 -169.357 388.099 20.659 -170.155 390.168 25.074 -168.818 jng-treebark-02
3666 1 28 1770 0 -1 0 383.441 29.911 -164.685 382.637 27.613 -166.607 384.280 32.072 -162.680 jng-treebark-02
3667 1 28 2045 0 -1 0 382.817 25.667 -166.742 381.399 23.145 -167.474 384.111 28.078 -166.202 jng-treebark-02
3668 1 28 1772 0 -1 0 381.114 38.418 -187.289 379.615 35.891 -188.466 382.830 40.672 -186.371 jng-treebark-02
3669 1 28 2046 0 -1 0 378.715 34.506 -188.543 377.253 32.032 -189.083 380.005 36.922 -187.756 jng-treebark-02
3670 1 28 1774 0 -1 0 358.899 29.650 -141.190 357.410 27.326 -141.970 360.421 31.726 -140.202 jng-treebark-02
3671 1 28 2047 0 -1 0 361.724 26.339 -142.086 360.840 24.167 -143.520 362.885 28.426 -140.748 jng-treebark-02
3672 1 28 1776 0 -1 0 354.820 28.954 -165.023 353.797 26.427 -166.620 356.141 31.209 -163.542 jng-treebark-02
3673 1 28 2048 0 -1 0 353.397 25.042 -167.327 352.000 22.568 -168.135 354.734 27.459 -166.854 jng-treebark-02
3674 1 28 1778 0 -1 0 318.068 37.739 -210.382 316.768 35.212 -211.582 319.553 39.993 -208.856 jng-treebark-02
3675 1 28 2049 0 -1 0 320.031 33.826 -212.246 319.456 31.352 -213.718 320.639 36.243 -210.898 jng-treebark-02
3676 1 28 1780 0 -1 0 324.057 35.520 -210.831 322.382 33.345 -211.874 325.477 37.461 -209.539 jng-treebark-02
3677 1 28 2050 0 -1 0 326.310 32.152 -209.330 324.994 30.022 -210.058 327.793 34.233 -208.906 jng-treebark-02
3678 1 28 1782 0 -1 0 304.885 28.533 -132.377 304.184 26.137 -133.675 305.575 30.627 -130.976 jng-treebark-02
3679 1 28 2051 0 -1 0 305.759 25.268 -135.048 304.996 23.099 -136.436 306.313 27.421 -133.822 jng-treebark-02
3680 1 28 1784 0 -1 0 292.433 29.437 -130.943 290.987 26.935 -132.190 294.079 31.708 -129.919 jng-treebark-02
3681 1 28 2052 0 -1 0 289.858 25.559 -131.924 288.330 23.100 -132.615 291.211 27.917 -131.014 jng-treebark-02
3682 1 28 1786 0 -1 0 286.005 28.827 -159.660 285.216 26.466 -161.531 286.975 31.016 -157.737 jng-treebark-02
3683 1 28 2053 0 -1 0 285.260 24.652 -161.816 283.858 22.135 -162.585 286.552 27.071 -161.279 jng-treebark-02
3684 1 28 1788 0 -1 0 303.372 28.781 -156.692 302.403 26.208 -157.960 304.604 31.084 -155.201 jng-treebark-02
3685 1 28 2054 0 -1 0 304.742 25.099 -159.374 303.982 22.688 -161.037 305.229 27.415 -157.880 jng-treebark-02
3686 1 28 1790 0 -1 0 295.304 30.657 -188.504 293.660 28.092 -189.499 296.985 32.936 -187.713 jng-treebark-02
3687 1 28 2055 0 -1 0 292.599 26.771 -188.969 291.394 24.305 -189.763 293.626 29.246 -187.981 jng-treebark-02
3688 1 28 1792 0 -1 0 237.815 45.839 -252.164 236.791 43.312 -253.596 239.093 48.093 -250.482 jng-treebark-02
3689 1 28 2056 0 -1 0 239.284 41.926 -254.439 238.548 39.453 -255.920 239.724 44.343 -253.125 jng-treebark-02
3690 1 28 1794 0 -1 0 236.921 45.571 -287.800 235.727 42.850 -288.844 238.053 47.939 -287.012 jng-treebark-02
3691 1 28 2057 0 -1 0 233.556 42.252 -287.262 232.044 39.936 -288.450 234.791 44.521 -285.953 jng-treebark-02
3692 1 28 1796 0 -1 0 228.074 45.461 -282.340 226.977 42.693 -283.140 229.116 47.906 -281.412 jng-treebark-02
3693 1 28 2058 0 -1 0 231.668 42.363 -281.995 230.037 40.123 -283.124 233.472 44.478 -281.062 jng-treebark-02
3694 1 28 1798 0 -1 0 470.479 27.611 -323.571 469.341 24.912 -324.529 471.474 30.044 -322.419 jng-treebark-02
3695 1 28 2059 0 -1 0 473.894 24.406 -322.735 472.154 22.154 -323.701 475.806 26.492 -321.987 jng-treebark-02
3696 1 28 1800 0 -1 0 476.858 29.525 -307.349 475.622 27.036 -309.456 477.920 31.873 -305.375 jng-treebark-02
3697 1 28 2060 0 -1 0 476.874 24.798 -305.445 475.720 22.018 -306.214 478.207 27.461 -304.497 jng-treebark-02
3698 1 28 1802 0 -1 0 472.038 25.122 -299.584 470.394 22.558 -300.579 473.720 27.402 -298.793 jng-treebark-02
3699 1 28 2061 0 -1 0 469.333 21.237 -300.049 468.128 18.770 -300.843 470.360 23.711 -299.061 jng-treebark-02
3700 1 28 1804 0 -1 0 466.581 25.703 -341.085 465.447 22.938 -342.158 467.503 28.127 -340.331 jng-treebark-02
3701 1 28 2062 0 -1 0 463.706 22.533 -339.007 462.539 20.255 -340.646 464.496 24.722 -337.303 jng-treebark-02
3702 1 28 1806 0 -1 0 466.188 24.627 -336.425 464.281 22.082 -337.414 467.755 26.892 -335.215 jng-treebark-02
3703 1 28 2063 0 -1 0 467.257 20.753 -333.880 466.357 18.316 -334.461 468.293 23.301 -332.915 jng-treebark-02
3704 1 28 1808 0 -1 0 454.118 24.352 -344.275 453.349 21.908 -346.076 455.077 26.568 -342.316 jng-treebark-02
3705 1 28 2064 0 -1 0 455.020 20.215 -346.443 454.111 17.695 -347.608 455.700 22.721 -345.457 jng-treebark-02
3706 1 28 1810 0 -1 0 429.612 30.833 -359.276 428.468 28.345 -360.790 430.977 33.074 -357.457 jng-treebark-02
3707 1 28 2065 0 -1 0 431.464 26.770 -360.916 430.863 24.265 -362.174 432.016 29.282 -359.813 jng-treebark-02
3708 1 28 1812 0 -1 0 415.742 49.511 -365.145 414.232 46.881 -366.149 416.939 51.817 -363.909 jng-treebark-02
3709 1 28 2066 0 -1 0 417.757 45.855 -362.864 416.367 43.445 -363.285 419.280 48.244 -362.057 jng-treebark-02
3710 1 28 1814 0 -1 0 393.779 33.609 -330.816 392.135 31.498 -331.645 395.482 35.492 -330.012 jng-treebark-02
3711 1 28 2067 0 -1 0 391.083 30.340 -331.066 389.834 28.273 -332.019 392.153 32.359 -329.926 jng-treebark-02
3712 1 28 1816 0 -1 0 393.075 33.609 -354.248 391.356 31.498 -355.048 394.715 35.492 -353.378 jng-treebark-02
3713 1 28 2068 0 -1 0 395.757 30.340 -353.874 394.652 28.273 -354.979 397.042 32.359 -352.966 jng-treebark-02
3714 1 28 1818 0 -1 0 383.920 37.027 -368.067 382.411 34.396 -369.070 385.117 39.333 -366.830 jng-treebark-02
3715 1 28 2069 0 -1 0 385.936 33.370 -365.786 384.546 30.960 -366.206 387.459 35.760 -364.978 jng-treebark-02
3716 1 28 1820 0 -1 0 364.534 40.749 -362.573 363.733 37.697 -364.477 365.364 43.513 -360.607 jng-treebark-02
3717 1 28 2070 0 -1 0 364.831 35.613 -364.760 363.729 32.473 -365.711 365.745 38.709 -363.988 jng-treebark-02
3718 1 28 1822 0 -1 0 371.618 39.092 -370.110 370.529 36.467 -371.463 372.390 41.391 -368.689 jng-treebark-02
3719 1 28 2071 0 -1 0 372.521 35.482 -367.145 371.224 33.086 -368.087 373.908 37.823 -365.906 jng-treebark-02
3720 1 28 1824 0 -1 0 303.193 14.948 -357.803 302.026 12.319 -359.104 304.071 17.248 -356.394 jng-treebark-02
3721 1 28 2072 0 -1 0 304.394 11.333 -354.954 303.046 8.934 -355.781 305.802 13.684 -353.802 jng-treebark-02
3722 1 28 1826 0 -1 0 326.698 13.028 -369.243 325.022 9.783 -369.968 328.187 15.892 -368.422 jng-treebark-02
3723 1 28 2073 0 -1 0 329.280 8.326 -367.670 327.961 5.282 -368.253 330.775 11.356 -367.166 jng-treebark-02
3724 1 28 1828 0 -1 0 310.425 19.090 -365.945 308.734 16.475 -366.680 311.938 21.392 -365.101 jng-treebark-02
3725 1 28 2074 0 -1 0 313.013 15.356 -364.533 311.716 12.926 -365.194 314.487 17.787 -364.106 jng-treebark-02
3726 1 28 1830 0 -1 0 320.903 17.440 -364.082 318.912 15.085 -364.875 322.812 19.604 -362.956 jng-treebark-02
3727 1 28 2075 0 -1 0 322.972 13.158 -364.200 322.448 10.614 -365.346 323.704 15.684 -363.203 jng-treebark-02
3728 1 28 1832 0 -1 0 288.935 34.948 -328.908 288.176 32.928 -330.228 289.576 36.752 -327.608 jng-treebark-02
3729 1 28 2076 0 -1 0 289.137 31.820 -326.752 288.247 29.841 -327.476 290.145 33.752 -325.854 jng-treebark-02
3730 1 28 1834 0 -1 0 255.981 37.929 -324.766 254.540 35.364 -325.532 257.517 40.230 -323.709 jng-treebark-02
3731 1 28 2077 0 -1 0 258.585 34.232 -326.241 257.908 31.817 -327.763 259.583 36.547 -324.760 jng-treebark-02
3732 1 28 1836 0 -1 0 263.017 40.085 -324.516 262.223 37.467 -325.972 264.058 42.385 -323.064 jng-treebark-02
3733 1 28 2078 0 -1 0 262.919 36.390 -327.511 261.745 33.969 -328.816 263.940 38.785 -326.435 jng-treebark-02
3734 1 28 1838 0 -1 0 238.550 47.516 -303.029 237.773 44.904 -304.385 239.586 49.812 -301.480 jng-treebark-02
3735 1 28 2079 0 -1 0 239.866 43.863 -305.776 239.138 41.455 -307.391 240.351 46.212 -304.336 jng-treebark-02
3736 1 28 1840 0 -1 0 238.169 45.504 -296.958 237.072 42.816 -298.028 239.398 47.860 -295.613 jng-treebark-02
3737 1 28 2080 0 -1 0 241.321 42.042 -297.797 240.307 39.686 -299.017 242.666 44.424 -296.654 jng-treebark-02
3738 1 28 1842 0 -1 0 253.169 36.942 -300.303 252.109 34.415 -301.877 254.547 39.196 -298.862 jng-treebark-02
3739 1 28 2081 0 -1 0 251.627 33.029 -302.529 250.205 30.555 -303.289 252.973 35.446 -302.074 jng-treebark-02
3740 1 28 1844 0 -1 0 242.041 48.988 -313.185 241.082 46.378 -314.656 243.294 51.288 -311.788 jng-treebark-02
3741 1 28 2082 0 -1 0 241.257 45.251 -316.021 239.990 42.820 -317.173 242.435 47.671 -315.174 jng-treebark-02
3742 1 28 1846 0 -1 0 298.066 18.150 -347.654 297.067 15.098 -349.964 298.857 20.878 -345.686 jng-treebark-02
3743 1 28 2083 0 -1 0 294.937 13.519 -347.619 293.615 10.593 -348.291 295.874 16.639 -347.120 jng-treebark-02
3744 1 28 1848 0 -1 0 283.709 37.213 -335.981 282.542 34.584 -337.282 284.586 39.514 -334.572 jng-treebark-02
3745 1 28 2084 0 -1 0 284.910 33.598 -333.132 283.562 31.199 -333.959 286.317 35.949 -331.980 jng-treebark-02
3746 1 0 1376 0 -1 0 269.871 29.799 -275.828 267.746 25.567 -276.684 271.732 34.141 -274.284 jng-rockwall-01
3747 1 27 2878 0 -1 0 354.496 55.490 -219.381 350.807 55.423 -229.836 358.418 55.580 -209.523 jng-precursor-metal-floor
3748 1 27 2882 0 -1 0 384.775 35.623 -236.534 373.925 35.557 -238.927 395.000 35.713 -234.285 jng-precursor-metal-floor
3749 1 27 2898 0 -1 0 339.244 55.490 -239.894 328.871 55.423 -240.689 350.257 55.580 -239.112 jng-precursor-metal-floor
3750 1 27 2902 0 -1 0 346.789 55.490 -223.986 339.667 55.423 -232.318 354.354 55.580 -216.117 jng-precursor-metal-floor
3751 1 27 2904 0 -1 0 354.563 80.338 -262.736 350.870 80.272 -272.594 358.451 80.428 -252.267 jng-precursor-metal-floor
3752 1 229 2878 0 -1 0 354.496 55.490 -219.381 350.807 55.423 -229.836 358.418 55.580 -209.523 pal-environment-front
3753 1 229 2882 0 -1 0 384.775 35.623 -236.534 373.925 35.557 -238.927 395.000 35.713 -234.285 pal-environment-front
3754 1 229 2898 0 -1 0 339.244 55.490 -239.894 328.871 55.423 -240.689 350.257 55.580 -239.112 pal-environment-front
3755 1 229 2902 0 -1 0 346.789 55.490 -223.986 339.667 55.423 -232.318 354.354 55.580 -216.117 pal-environment-front
3756 1 229 2904 0 -1 0 354.563 80.338 -262.736 350.870 80.272 -272.594 358.451 80.428 -252.267 pal-environment-front
3757 1 0 1044 0 -1 0 446.954 33.005 -258.706 441.860 24.988 -263.795 452.952 40.316 -254.799 jng-rockwall-01
3758 1 0 1045 0 -1 0 409.001 3.260 -281.612 405.270 -3.154 -286.124 411.892 9.918 -277.880 jng-rockwall-01
3759 1 0 1050 0 -1 0 418.584 24.897 -351.503 414.135 18.164 -356.853 422.097 30.181 -347.656 jng-rockwall-01
3760 1 0 1051 0 -1 0 316.372 5.841 -294.320 311.978 -0.678 -297.896 320.191 12.304 -289.655 jng-rockwall-01
3761 1 72 2917 0 -1 0 385.063 29.639 -262.586 369.363 14.839 -274.906 396.472 42.605 -245.843 cmn-precursor-metal-plain-01
3762 1 0 1418 0 -1 0 389.815 43.015 -377.389 382.927 33.733 -382.305 396.517 51.980 -373.826 jng-rockwall-01
3763 1 0 1421 0 -1 0 239.189 46.602 -312.922 228.601 39.425 -321.610 249.215 51.153 -304.022 jng-rockwall-01
3764 1 0 1422 0 -1 0 290.128 38.341 -366.358 282.091 26.906 -375.066 296.810 49.873 -360.979 jng-rockwall-01
3765 1 0 452 0 -1 0 424.374 9.039 -317.173 418.080 0.889 -323.785 430.443 14.554 -312.835 jng-rockwall-01
3766 1 0 578 0 -1 0 297.929 12.031 -259.480 293.466 -1.467 -266.308 304.085 26.100 -255.030 jng-rockwall-01
3767 1 0 1046 0 -1 0 291.066 3.765 -127.117 286.888 -6.038 -131.439 294.976 15.394 -123.897 jng-rockwall-01
3768 1 9 2771 0 -1 0 382.006 31.267 -238.132 375.833 19.542 -239.581 387.829 35.672 -235.901 cmn-precursor-metal-plain-01-hitweak
3769 1 0 1144 0 -1 0 266.105 14.628 -259.767 262.633 9.362 -263.196 267.762 18.963 -257.234 jng-rockwall-01
3770 1 0 1156 0 -1 0 236.126 48.911 -320.351 231.372 44.828 -323.485 240.756 50.946 -317.318 jng-rockwall-01
3771 1 4 1923 0 -1 0 345.370 24.974 -143.134 344.357 19.171 -143.794 346.435 30.233 -142.260 jng-treebark-01-4x4
3772 1 4 1925 0 -1 0 357.351 24.974 -143.308 356.668 19.171 -144.381 358.194 30.233 -142.280 jng-treebark-01-4x4
3773 1 4 1927 0 -1 0 321.982 22.974 -141.379 321.036 17.171 -142.457 322.816 28.233 -140.548 jng-treebark-01-4x4
3774 1 4 1929 0 -1 0 314.104 22.974 -135.765 313.229 17.171 -136.879 314.896 28.233 -134.855 jng-treebark-01-4x4
3775 1 4 1931 0 -1 0 335.015 23.974 -146.522 333.965 18.171 -147.484 335.980 29.233 -145.842 jng-treebark-01-4x4
3776 1 4 1933 0 -1 0 331.646 23.974 -140.420 330.815 18.171 -141.366 332.725 29.233 -139.586 jng-treebark-01-4x4
3777 1 4 1935 0 -1 0 349.870 23.974 -160.369 348.796 18.171 -161.079 350.944 29.233 -159.581 jng-treebark-01-4x4
3778 1 4 1937 0 -1 0 318.374 23.974 -199.234 317.303 18.171 -200.005 319.458 29.233 -198.517 jng-treebark-01-4x4
3779 1 4 1939 0 -1 0 322.358 24.974 -200.072 321.382 19.171 -201.124 323.220 30.233 -199.282 jng-treebark-01-4x4
3780 1 4 1941 0 -1 0 308.605 24.974 -194.332 307.539 19.171 -195.072 309.705 30.233 -193.606 jng-treebark-01-4x4
3781 1 229 2867 0 -1 0 370.255 45.522 -204.422 368.374 42.834 -205.968 371.327 48.772 -203.155 pal-environment-front
3782 1 229 2169 0 -1 0 317.965 2.444 -325.989 315.107 2.209 -328.496 320.795 2.709 -323.105 pal-environment-front
3783 1 0 1152 0 -1 0 317.534 49.658 -385.851 313.791 44.927 -388.816 320.162 52.554 -383.677 jng-rockwall-01
3784 1 0 1419 0 -1 0 313.683 43.684 -382.388 305.547 35.042 -388.212 321.292 52.158 -378.160 jng-rockwall-01
3785 1 6 1987 0 -1 0 310.913 49.483 -159.514 299.367 43.786 -168.993 322.343 54.827 -149.385 jng-canopy-03
3786 1 6 2038 0 -1 0 278.289 57.559 -326.807 267.611 51.045 -336.394 289.056 63.797 -317.122 jng-canopy-03
3787 1 4 1768 0 -1 0 389.095 32.653 -165.142 387.576 28.309 -169.793 391.032 34.499 -160.153 jng-treebark-01-4x4
3788 1 4 1800 0 -1 0 471.942 36.509 -302.344 467.295 31.434 -306.558 476.778 38.665 -297.322 jng-treebark-01-4x4
3789 1 0 1112 0 -1 0 427.755 6.401 -312.376 422.935 0.862 -318.077 431.769 12.416 -309.908 jng-rockwall-01
3790 1 0 1041 0 -1 0 382.000 40.830 -142.507 376.886 31.383 -147.451 388.736 50.907 -136.389 jng-rockwall-01
3791 1 0 1043 0 -1 0 427.056 5.279 -242.615 423.348 -0.982 -246.232 431.932 12.233 -238.237 jng-rockwall-01
3792 1 0 1049 0 -1 0 442.479 23.034 -341.447 438.132 13.367 -345.092 446.361 32.621 -338.631 jng-rockwall-01
3793 1 0 738 0 -1 0 404.461 -5.163 -94.720 394.346 -13.161 -103.156 417.080 3.643 -88.097 jng-rockwall-01
3794 1 0 746 0 -1 0 404.861 31.940 -177.169 402.624 16.125 -183.856 408.452 47.033 -169.203 jng-rockwall-01
3795 1 0 754 0 -1 0 432.060 6.596 -241.265 426.599 -6.494 -245.838 438.381 19.493 -234.713 jng-rockwall-01
3796 1 0 768 0 -1 0 407.810 9.678 -241.733 401.821 -3.490 -246.382 410.676 22.588 -235.949 jng-rockwall-01
3797 1 0 794 0 -1 0 199.410 10.103 -239.997 191.284 -3.005 -246.995 206.011 21.848 -235.227 jng-rockwall-01
3798 1 0 810 0 -1 0 375.464 6.122 -295.282 368.560 -2.934 -300.267 380.019 14.916 -288.779 jng-rockwall-01
3799 1 0 832 0 -1 0 337.650 2.963 -130.001 333.703 -4.197 -134.167 341.357 10.321 -127.236 jng-rockwall-01
3800 1 0 835 0 -1 0 466.187 17.433 -234.196 461.215 9.776 -239.129 468.315 25.368 -231.054 jng-rockwall-01
3801 1 0 841 0 -1 0 480.822 4.414 -252.933 475.000 -2.849 -257.605 484.390 12.152 -250.350 jng-rockwall-01
3802 1 0 844 0 -1 0 494.644 1.572 -259.724 486.080 -7.957 -263.999 502.667 12.069 -257.764 jng-rockwall-01
3803 1 0 850 0 -1 0 456.509 34.849 -257.959 454.178 27.502 -260.771 459.430 42.393 -256.772 jng-rockwall-01
3804 1 0 862 0 -1 0 279.289 7.626 -127.567 276.538 -0.747 -132.148 283.579 16.187 -124.900 jng-rockwall-01
3805 1 0 868 0 -1 0 313.076 5.741 -277.648 307.189 -1.328 -281.521 316.962 13.201 -274.993 jng-rockwall-01
3806 1 0 889 0 -1 0 380.092 5.319 -296.281 376.652 -2.028 -299.557 383.358 12.863 -291.406 jng-rockwall-01
3807 1 0 892 0 -1 0 395.217 4.707 -295.703 391.395 -2.762 -297.665 397.362 12.215 -292.033 jng-rockwall-01
3808 1 0 895 0 -1 0 375.948 6.472 -329.776 370.719 -1.300 -334.200 379.954 14.529 -326.793 jng-rockwall-01
3809 1 0 904 0 -1 0 333.453 43.517 -385.864 329.908 36.198 -389.037 337.767 51.038 -384.451 jng-rockwall-01
3810 1 0 907 0 -1 0 294.609 12.460 -318.583 287.222 3.708 -321.573 300.829 21.823 -314.645 jng-rockwall-01
3811 1 0 925 0 -1 0 266.005 30.896 -255.224 260.663 25.496 -262.784 270.041 35.151 -250.582 jng-rockwall-01
3812 1 0 1132 0 -1 0 452.415 31.326 -273.411 451.019 25.898 -275.871 455.478 34.956 -270.265 jng-rockwall-01
3813 1 0 654 0 -1 0 390.541 7.677 -111.508 384.796 -6.358 -118.051 394.735 19.011 -108.077 jng-rockwall-01
3814 1 0 657 0 -1 0 391.688 35.301 -117.193 386.825 21.204 -124.692 397.495 45.957 -112.772 jng-rockwall-01
3815 1 0 660 0 -1 0 390.534 32.312 -152.906 386.730 15.362 -157.291 395.835 45.667 -147.362 jng-rockwall-01
3816 1 0 675 0 -1 0 360.644 10.861 -124.909 357.235 -6.278 -131.024 365.292 23.770 -121.503 jng-rockwall-01
3817 1 0 678 0 -1 0 455.923 30.909 -194.891 450.121 16.619 -198.921 460.141 42.220 -188.766 jng-rockwall-01
3818 1 0 684 0 -1 0 333.234 10.127 -274.006 328.616 -4.561 -279.099 339.190 21.699 -267.865 jng-rockwall-01
3819 1 0 687 0 -1 0 239.354 8.474 -172.802 234.356 -2.631 -178.058 245.543 17.809 -169.844 jng-rockwall-01
3820 1 0 690 0 -1 0 251.250 10.704 -155.160 246.767 -0.711 -159.813 257.005 20.245 -152.704 jng-rockwall-01
3821 1 0 693 0 -1 0 222.952 36.387 -204.845 216.290 16.837 -207.430 226.605 51.516 -200.698 jng-rockwall-01
3822 1 0 702 0 -1 0 204.932 37.127 -225.007 199.696 22.439 -228.474 208.475 48.699 -218.564 jng-rockwall-01
3823 1 0 723 0 -1 0 355.169 9.643 -349.822 350.707 -1.214 -355.087 361.117 18.526 -346.087 jng-rockwall-01
3824 1 0 726 0 -1 0 340.441 16.868 -371.003 338.001 2.222 -375.389 344.600 28.465 -368.466 jng-rockwall-01
3825 1 0 735 0 -1 0 292.012 18.027 -352.075 287.305 3.325 -355.510 295.105 29.147 -346.784 jng-rockwall-01
3826 1 0 1102 0 -1 0 204.996 40.025 -253.778 198.813 31.791 -258.336 207.865 48.267 -250.644 jng-rockwall-01
3827 1 4 1669 0 -1 0 376.768 30.872 -164.310 373.424 27.844 -166.554 379.330 32.740 -162.315 jng-treebark-01-4x4
3828 1 4 1675 0 -1 0 322.172 30.175 -130.958 320.184 26.534 -132.225 324.793 33.243 -130.178 jng-treebark-01-4x4
3829 1 4 1708 0 -1 0 471.378 28.315 -300.505 468.982 25.572 -302.771 473.082 30.129 -297.992 jng-treebark-01-4x4
3830 1 4 1711 0 -1 0 452.538 27.742 -324.928 451.728 24.562 -327.650 453.621 30.331 -323.190 jng-treebark-01-4x4
3831 1 4 1714 0 -1 0 441.741 39.805 -359.475 439.112 36.554 -361.308 443.558 42.271 -357.242 jng-treebark-01-4x4
3832 1 4 1720 0 -1 0 413.081 56.450 -364.474 410.452 53.198 -366.307 414.899 58.916 -362.241 jng-treebark-01-4x4
3833 1 4 1732 0 -1 0 366.541 40.648 -354.318 364.434 37.485 -356.189 369.552 42.938 -352.484 jng-treebark-01-4x4
3834 1 4 1750 0 -1 0 291.316 38.610 -325.620 290.586 35.746 -327.921 291.928 40.684 -322.508 jng-treebark-01-4x4
3835 1 4 1756 0 -1 0 241.525 55.667 -310.194 239.651 52.355 -312.059 244.336 58.219 -308.505 jng-treebark-01-4x4
3836 1 11 1766 0 -1 0 378.442 20.288 -171.446 376.684 16.130 -174.311 381.575 24.849 -169.920 jng-treebark-03
3837 1 11 1770 0 -1 0 383.208 23.688 -161.837 380.675 19.813 -164.047 384.690 27.987 -157.763 jng-treebark-03
3838 1 11 1772 0 -1 0 382.767 31.830 -186.409 381.384 27.672 -188.222 385.355 36.391 -183.140 jng-treebark-03
3839 1 11 1774 0 -1 0 357.455 23.600 -141.064 354.022 19.654 -143.182 359.321 27.720 -139.796 jng-treebark-03
3840 1 11 1776 0 -1 0 355.792 22.366 -163.422 354.766 18.209 -165.510 356.906 26.927 -159.604 jng-treebark-03
3841 1 11 1778 0 -1 0 316.701 31.151 -209.102 312.973 26.993 -210.227 318.749 35.712 -207.358 jng-treebark-03
3842 1 11 1780 0 -1 0 322.506 29.849 -211.880 320.162 26.270 -215.334 323.818 33.775 -209.974 jng-treebark-03
3843 1 11 1782 0 -1 0 304.992 22.436 -131.245 302.620 18.281 -132.533 306.345 26.664 -128.829 jng-treebark-03
3844 1 11 1784 0 -1 0 293.878 22.844 -129.780 292.538 18.677 -131.695 296.386 27.352 -126.328 jng-treebark-03
3845 1 11 1786 0 -1 0 286.110 22.498 -157.044 283.908 18.544 -159.263 287.419 26.872 -152.962 jng-treebark-03
3846 1 11 1788 0 -1 0 302.413 22.076 -155.691 299.056 17.712 -156.931 304.267 26.642 -153.602 jng-treebark-03
3847 1 11 1790 0 -1 0 297.174 24.090 -189.016 295.447 19.711 -190.396 300.444 28.713 -186.770 jng-treebark-03
3848 1 11 1792 0 -1 0 236.788 39.251 -250.598 233.357 35.093 -251.920 238.683 43.812 -248.219 jng-treebark-03
3849 1 11 1794 0 -1 0 237.440 38.752 -288.158 235.792 33.974 -289.395 240.156 43.450 -286.091 jng-treebark-03
3850 1 11 1796 0 -1 0 227.984 38.628 -282.777 226.008 33.826 -285.717 229.498 43.296 -281.101 jng-treebark-03
3851 1 11 1798 0 -1 0 470.430 20.838 -324.579 468.739 16.206 -327.942 471.839 25.419 -322.703 jng-treebark-03
3852 1 11 1802 0 -1 0 473.909 18.555 -300.096 472.181 14.176 -301.476 477.178 23.178 -297.850 jng-treebark-03
3853 1 11 1804 0 -1 0 466.813 18.860 -341.240 465.059 14.044 -342.175 469.754 23.562 -339.772 jng-treebark-03
3854 1 11 1806 0 -1 0 463.693 18.268 -336.923 461.218 13.690 -340.075 465.592 22.883 -335.191 jng-treebark-03
3855 1 11 1808 0 -1 0 453.675 17.971 -341.829 450.671 13.842 -343.709 455.367 22.475 -338.490 jng-treebark-03
3856 1 11 1810 0 -1 0 428.513 24.400 -357.199 424.969 20.180 -358.842 430.464 28.954 -354.759 jng-treebark-03
3857 1 11 1812 0 -1 0 414.550 42.798 -365.782 412.788 38.266 -369.032 415.621 47.456 -363.993 jng-treebark-03
3858 1 11 1814 0 -1 0 395.642 28.105 -330.630 393.938 24.631 -332.204 398.862 31.916 -327.889 jng-treebark-03
3859 1 11 1816 0 -1 0 391.222 28.105 -354.519 388.052 24.631 -357.346 392.901 31.916 -352.904 jng-treebark-03
3860 1 11 1818 0 -1 0 382.729 30.313 -368.703 380.967 25.781 -371.954 383.800 34.972 -366.914 jng-treebark-03
3861 1 11 1822 0 -1 0 371.199 32.347 -371.213 370.070 27.851 -374.483 373.055 36.979 -369.433 jng-treebark-03
3862 1 11 1824 0 -1 0 302.567 8.206 -358.829 301.620 3.693 -362.176 304.073 12.847 -357.002 jng-treebark-03
3863 1 11 1828 0 -1 0 308.834 12.430 -365.982 306.139 7.935 -368.722 310.272 17.089 -364.442 jng-treebark-03
3864 1 11 1830 0 -1 0 318.097 11.231 -363.394 313.995 7.219 -365.332 320.324 15.640 -362.165 jng-treebark-03
3865 1 11 1832 0 -1 0 288.806 29.679 -330.400 287.707 26.354 -333.150 290.674 33.327 -328.911 jng-treebark-03
3866 1 11 1834 0 -1 0 254.576 31.232 -324.489 250.958 26.888 -326.170 256.550 35.790 -323.448 jng-treebark-03
3867 1 11 1836 0 -1 0 263.474 33.385 -323.175 261.333 28.901 -324.855 264.743 38.033 -320.071 jng-treebark-03
3868 1 11 1838 0 -1 0 238.029 40.787 -301.865 234.979 36.342 -303.168 239.730 45.409 -299.526 jng-treebark-03
3869 1 11 1840 0 -1 0 237.674 38.783 -295.745 234.710 33.983 -296.883 239.405 43.490 -294.605 jng-treebark-03
3870 1 11 1842 0 -1 0 254.224 30.354 -298.755 253.261 26.196 -300.842 255.504 34.915 -294.945 jng-treebark-03
3871 1 11 1844 0 -1 0 242.972 42.317 -311.949 241.534 37.851 -313.808 243.969 46.968 -308.536 jng-treebark-03
3872 1 11 1848 0 -1 0 283.083 30.471 -337.007 282.136 25.959 -340.354 284.589 35.112 -335.180 jng-treebark-03
3873 1 14 2808 0 -1 0 362.368 43.254 -206.894 353.140 39.506 -215.562 371.109 46.506 -197.140 cmn-precursor-metal-edging-01-hitweak
3874 1 0 1416 0 -1 0 481.262 36.027 -304.312 475.413 25.709 -307.105 487.309 46.342 -299.997 jng-rockwall-01
3875 1 0 1195 0 -1 0 409.589 50.547 -164.494 406.599 45.011 -168.317 413.127 55.218 -160.554 jng-rockwall-01
3876 1 0 1196 0 -1 0 409.662 48.047 -176.933 404.992 42.036 -180.172 413.541 52.651 -174.519 jng-rockwall-01
3877 1 0 1505 0 -1 0 239.845 9.530 -220.692 235.523 5.489 -225.421 244.166 14.067 -217.131 jng-rockwall-01
3878 1 0 1515 0 -1 0 310.257 7.124 -292.988 305.871 -0.586 -298.006 315.242 15.781 -289.024 jng-rockwall-01
3879 1 72 2222 0 -1 0 279.459 31.168 -301.178 275.554 29.021 -305.085 283.366 33.614 -297.272 cmn-precursor-metal-plain-01
3880 1 0 544 0 -1 0 425.766 36.273 -194.003 422.400 27.020 -199.504 429.349 44.864 -189.935 jng-rockwall-01
3881 1 229 2172 0 -1 0 279.543 28.526 -290.933 277.559 28.146 -292.917 281.528 28.834 -288.948 pal-environment-front
3882 1 229 2173 0 -1 0 269.516 30.526 -301.656 267.531 30.146 -303.641 271.500 30.834 -299.672 pal-environment-front
3883 1 229 2174 0 -1 0 271.377 29.526 -293.639 269.392 29.146 -295.623 273.361 29.834 -291.655 pal-environment-front
3884 1 229 2175 0 -1 0 287.626 27.526 -293.140 285.642 27.146 -295.124 289.610 27.834 -291.155 pal-environment-front
3885 1 229 2176 0 -1 0 289.358 33.864 -301.574 287.373 33.389 -303.559 291.342 34.248 -299.590 pal-environment-front
3886 1 229 2177 0 -1 0 287.168 33.187 -308.712 285.183 32.712 -310.697 289.152 33.571 -306.728 pal-environment-front
3887 1 229 2178 0 -1 0 279.601 32.525 -311.776 277.616 32.145 -313.761 281.585 32.833 -309.792 pal-environment-front
3888 1 229 2179 0 -1 0 271.616 31.525 -309.409 269.632 31.145 -311.393 273.600 31.833 -307.424 pal-environment-front
3889 1 4 1921 0 -1 0 349.439 25.974 -137.127 348.489 20.171 -137.821 350.480 31.233 -136.166 jng-treebark-01-4x4
3890 1 0 1121 0 -1 0 230.428 9.015 -216.671 227.624 4.601 -217.536 232.090 12.601 -215.631 jng-rockwall-01
3891 1 17 2866 0 -1 0 393.164 23.398 -257.709 392.269 19.043 -259.484 394.113 26.715 -255.968 gen-metal-dark-hitweak
3892 1 229 2866 0 -1 0 393.164 23.398 -257.709 392.269 19.043 -259.484 394.113 26.715 -255.968 pal-environment-front
3893 1 0 1084 0 -1 0 398.885 23.171 -162.227 395.702 14.131 -165.567 406.026 32.267 -157.666 jng-rockwall-01
3894 1 0 1086 0 -1 0 487.279 23.660 -182.388 481.350 13.924 -184.000 490.572 32.172 -179.806 jng-rockwall-01
3895 1 0 1088 0 -1 0 439.453 -0.434 -239.417 432.689 -3.727 -243.493 445.272 4.829 -232.906 jng-rockwall-01
3896 1 0 1090 0 -1 0 446.190 7.803 -250.803 436.288 6.335 -257.811 454.410 10.275 -245.827 jng-rockwall-01
3897 1 0 1091 0 -1 0 404.430 2.836 -290.888 400.984 -4.196 -292.756 407.045 9.617 -287.026 jng-rockwall-01
3898 1 0 1092 0 -1 0 373.865 18.758 -287.414 370.745 12.956 -289.815 376.846 24.018 -283.499 jng-rockwall-01
3899 1 0 1095 0 -1 0 340.862 3.365 -288.064 338.254 -3.770 -292.161 344.381 10.508 -283.999 jng-rockwall-01
3900 1 0 1106 0 -1 0 467.398 34.404 -295.475 464.627 26.439 -298.874 473.144 42.377 -291.340 jng-rockwall-01
3901 1 0 1108 0 -1 0 435.625 4.388 -293.329 433.211 -0.496 -299.008 438.359 9.953 -290.238 jng-rockwall-01
3902 1 0 1109 0 -1 0 438.994 25.432 -346.527 436.260 17.982 -352.412 442.104 32.459 -342.791 jng-rockwall-01
3903 1 0 1110 0 -1 0 453.108 20.958 -351.914 448.101 13.547 -356.221 455.217 28.375 -347.079 jng-rockwall-01
3904 1 0 1111 0 -1 0 443.541 41.273 -358.904 442.441 33.998 -364.612 446.511 48.686 -354.499 jng-rockwall-01
3905 1 0 548 0 -1 0 348.590 18.205 -285.166 345.174 8.078 -288.790 354.360 27.781 -278.846 jng-rockwall-01
3906 1 0 583 0 -1 0 272.931 11.021 -266.067 264.965 -1.909 -272.096 278.750 23.247 -262.201 jng-rockwall-01
3907 1 0 1159 0 -1 0 393.358 6.569 -113.596 386.936 -6.450 -119.591 397.255 18.464 -109.915 jng-rockwall-01
3908 1 0 1160 0 -1 0 394.734 33.480 -116.230 390.591 19.891 -123.895 399.389 45.227 -111.978 jng-rockwall-01
3909 1 0 1162 0 -1 0 482.191 39.950 -171.754 477.442 29.181 -175.178 485.973 48.853 -166.274 jng-rockwall-01
3910 1 0 1164 0 -1 0 426.480 51.908 -181.869 421.824 41.104 -184.393 431.221 60.905 -178.243 jng-rockwall-01
3911 1 0 1165 0 -1 0 454.524 8.500 -192.958 449.882 -5.291 -195.767 458.897 20.765 -187.671 jng-rockwall-01
3912 1 0 1166 0 -1 0 363.800 9.383 -123.604 360.289 -6.897 -129.911 368.052 23.510 -120.483 jng-rockwall-01
3913 1 0 1173 0 -1 0 213.141 10.936 -169.675 208.250 1.086 -174.802 217.161 22.676 -166.475 jng-rockwall-01
3914 1 70 2223 0 -1 0 276.301 31.734 -302.471 275.819 29.208 -303.288 277.335 33.614 -301.178 cmn-precursor-stonehengetop
3915 1 70 2224 0 -1 0 278.156 31.734 -298.018 277.335 29.208 -299.069 279.460 33.614 -297.538 cmn-precursor-stonehengetop
3916 1 70 2225 0 -1 0 282.623 31.734 -299.886 281.569 29.208 -301.178 283.101 33.614 -299.069 cmn-precursor-stonehengetop
3917 1 70 2226 0 -1 0 280.756 31.734 -304.339 279.460 29.208 -304.819 281.569 33.614 -303.288 cmn-precursor-stonehengetop
3918 1 16 2803 0 -1 0 406.111 28.674 -244.598 401.885 22.383 -247.549 409.131 35.117 -239.907 cmn-precursor-plainstripe-hitweak
3919 1 16 2804 0 -1 0 402.819 28.674 -233.214 397.914 22.383 -237.941 405.718 35.117 -230.606 cmn-precursor-plainstripe-hitweak
3920 1 16 2805 0 -1 0 388.386 28.674 -236.692 385.488 22.383 -241.498 392.824 35.117 -233.736 cmn-precursor-plainstripe-hitweak
3921 1 0 865 0 -1 0 266.681 7.151 -211.529 261.163 -1.111 -215.432 271.549 15.617 -205.606 jng-rockwall-01
3922 1 0 886 0 -1 0 403.450 43.407 -375.411 401.569 34.584 -379.174 407.172 52.461 -373.545 jng-rockwall-01
3923 1 0 898 0 -1 0 362.546 37.395 -368.872 359.527 26.375 -372.734 363.815 48.711 -365.898 jng-rockwall-01
3924 1 0 910 0 -1 0 250.186 34.810 -311.362 245.903 25.253 -315.862 252.398 44.618 -309.077 jng-rockwall-01
3925 1 0 1047 0 -1 0 252.600 8.314 -255.143 245.259 -1.980 -260.246 259.881 20.441 -251.256 jng-rockwall-01
3926 1 0 1048 0 -1 0 227.098 4.340 -255.427 222.681 -1.614 -260.908 232.387 10.595 -251.438 jng-rockwall-01
3927 1 0 1052 0 -1 0 297.505 5.070 -336.931 292.763 -2.872 -341.745 300.978 13.280 -333.717 jng-rockwall-01
3928 1 0 1223 0 -1 0 195.491 52.158 -244.076 191.022 46.338 -250.066 202.812 57.443 -237.212 jng-rockwall-01
3929 1 0 798 0 -1 0 214.231 11.846 -218.649 207.505 -3.523 -223.108 219.560 26.319 -212.741 jng-rockwall-01
3930 1 0 838 0 -1 0 438.431 14.059 -235.149 435.270 7.120 -240.216 443.283 21.176 -229.478 jng-rockwall-01
3931 1 0 853 0 -1 0 439.679 5.279 -259.226 437.538 -1.931 -264.181 443.557 12.864 -253.422 jng-rockwall-01
3932 1 0 871 0 -1 0 466.158 24.439 -292.932 463.815 14.890 -295.286 470.726 34.245 -288.290 jng-rockwall-01
3933 1 72 2939 0 -1 0 361.789 42.980 -206.213 356.249 37.131 -212.077 368.156 49.506 -200.155 cmn-precursor-metal-plain-01
3934 1 0 981 0 -1 0 235.621 15.290 -215.495 231.500 4.790 -216.446 238.454 23.570 -212.803 jng-rockwall-01
3935 1 0 1130 0 -1 0 478.185 42.600 -256.901 475.438 36.336 -260.622 481.756 46.789 -254.829 jng-rockwall-01
3936 1 0 1158 0 -1 0 292.100 47.022 -370.017 288.351 40.995 -373.664 294.241 50.841 -367.363 jng-rockwall-01
3937 1 0 1113 0 -1 0 404.183 4.206 -321.247 398.542 -1.701 -324.813 407.725 10.019 -319.570 jng-rockwall-01
3938 1 0 1495 0 -1 0 315.750 8.533 -288.965 311.107 0.424 -292.505 319.702 17.639 -284.364 jng-rockwall-01
3939 1 0 1499 0 -1 0 255.792 -0.960 -216.497 252.181 -6.010 -221.083 260.868 4.711 -212.375 jng-rockwall-01
3940 1 0 1509 0 -1 0 223.475 16.753 -219.673 219.820 11.500 -223.619 228.093 22.650 -214.817 jng-rockwall-01
3941 1 0 1201 0 -1 0 400.392 2.721 -252.801 397.086 0.016 -256.230 403.602 5.085 -250.128 jng-rockwall-01
3942 1 0 1202 0 -1 0 398.870 2.969 -265.366 395.213 -0.042 -268.885 401.296 5.455 -262.117 jng-rockwall-01
3943 1 0 1206 0 -1 0 259.358 22.088 -150.612 256.680 18.950 -153.908 262.647 24.649 -148.127 jng-rockwall-01
3944 1 0 1207 0 -1 0 265.009 4.369 -129.329 262.370 0.479 -133.302 267.621 7.331 -126.118 jng-rockwall-01
3945 1 0 1208 0 -1 0 257.926 22.008 -190.690 254.971 17.397 -193.543 260.751 26.194 -188.278 jng-rockwall-01
3946 1 0 1213 0 -1 0 227.203 22.827 -216.249 225.771 21.012 -218.038 228.906 24.475 -214.545 jng-rockwall-01
3947 1 0 1215 0 -1 0 307.557 30.753 -222.482 304.813 27.807 -225.657 309.747 33.428 -219.152 jng-rockwall-01
3948 1 0 1216 0 -1 0 306.088 21.633 -222.841 301.707 17.709 -226.347 310.215 25.196 -220.089 jng-rockwall-01
3949 1 72 2217 0 -1 0 279.462 19.244 -301.187 276.183 14.418 -304.468 282.745 24.840 -297.905 cmn-precursor-metal-plain-01
3950 1 72 2218 0 -1 0 279.462 9.243 -301.187 276.183 4.418 -304.468 282.745 14.840 -297.905 cmn-precursor-metal-plain-01
3951 1 72 2219 0 -1 0 279.462 -0.756 -301.187 276.183 -5.582 -304.468 282.745 4.840 -297.905 cmn-precursor-metal-plain-01
3952 1 72 2220 0 -1 0 279.462 -10.757 -301.187 276.183 -15.582 -304.468 282.745 -5.160 -297.905 cmn-precursor-metal-plain-01
3953 1 72 2221 0 -1 0 279.462 29.244 -301.187 276.183 24.418 -304.468 282.745 34.840 -297.905 cmn-precursor-metal-plain-01
3954 1 72 2157 0 -1 0 416.949 1.824 -243.912 413.158 1.358 -247.709 420.736 2.061 -240.115 cmn-precursor-metal-plain-01
3955 1 72 2159 0 -1 0 339.159 56.147 -236.726 335.368 55.681 -240.523 342.946 56.384 -232.929 cmn-precursor-metal-plain-01
3956 1 0 1341 0 -1 0 421.058 23.168 -234.634 417.298 19.343 -235.622 424.872 26.484 -232.991 jng-rockwall-01
3957 1 0 1350 0 -1 0 313.129 16.302 -126.840 309.782 12.517 -129.083 315.991 19.599 -125.270 jng-rockwall-01
3958 1 0 1353 0 -1 0 279.766 16.141 -128.548 276.146 12.384 -130.765 282.998 19.400 -126.987 jng-rockwall-01
3959 1 0 1368 0 -1 0 310.236 22.150 -214.401 307.505 17.394 -219.611 314.474 26.361 -211.182 jng-rockwall-01
3960 1 0 1371 0 -1 0 256.969 30.874 -280.991 254.918 26.324 -284.487 258.289 34.945 -277.436 jng-rockwall-01
3961 1 4 1670 0 -1 0 376.021 31.970 -166.099 374.771 30.373 -167.817 377.735 33.156 -164.314 jng-treebark-01-4x4
3962 1 4 1673 0 -1 0 344.962 34.296 -132.847 343.079 32.505 -133.225 346.912 35.707 -132.108 jng-treebark-01-4x4
3963 1 4 1676 0 -1 0 323.574 29.839 -129.289 322.393 27.616 -130.232 324.245 31.893 -128.481 jng-treebark-01-4x4
3964 1 4 1679 0 -1 0 329.266 31.306 -166.039 328.040 29.665 -167.564 330.637 32.650 -164.884 jng-treebark-01-4x4
3965 1 4 1682 0 -1 0 352.885 37.356 -165.397 351.157 35.259 -166.532 354.894 38.965 -164.114 jng-treebark-01-4x4
3966 1 4 1685 0 -1 0 291.749 33.095 -133.560 290.100 31.307 -134.419 293.670 34.557 -132.481 jng-treebark-01-4x4
3967 1 4 1688 0 -1 0 298.239 32.842 -202.614 296.876 30.397 -203.115 299.598 34.978 -202.195 jng-treebark-01-4x4
3968 1 4 1691 0 -1 0 286.886 33.378 -196.994 285.060 31.590 -197.430 288.856 34.840 -196.399 jng-treebark-01-4x4
3969 1 4 1694 0 -1 0 268.642 37.111 -147.444 266.795 34.980 -147.887 270.621 38.866 -146.903 jng-treebark-01-4x4
3970 1 4 1697 0 -1 0 239.180 50.398 -251.025 237.549 48.610 -252.067 240.713 51.860 -249.541 jng-treebark-01-4x4
3971 1 4 1700 0 -1 0 235.256 50.865 -282.381 233.695 48.838 -282.817 236.901 52.612 -281.786 jng-treebark-01-4x4
3972 1 4 1703 0 -1 0 238.809 50.925 -289.952 237.112 49.370 -291.620 240.023 52.204 -288.366 jng-treebark-01-4x4
3973 1 4 1706 0 -1 0 470.961 34.839 -309.733 469.816 32.345 -311.135 471.825 36.930 -308.514 jng-treebark-01-4x4
3974 1 4 1709 0 -1 0 470.175 29.101 -301.953 469.573 27.584 -303.752 471.219 30.301 -300.195 jng-treebark-01-4x4
3975 1 4 1712 0 -1 0 454.304 28.572 -324.513 453.214 26.790 -325.799 455.232 30.025 -323.051 jng-treebark-01-4x4
3976 1 4 1715 0 -1 0 440.522 40.370 -361.225 439.840 38.490 -362.860 441.672 41.974 -359.555 jng-treebark-01-4x4
3977 1 4 1718 0 -1 0 408.923 40.678 -348.027 407.988 38.788 -349.421 410.258 42.223 -346.547 jng-treebark-01-4x4
3978 1 4 1721 0 -1 0 411.862 57.015 -366.224 411.180 55.134 -367.859 413.012 58.619 -364.554 jng-treebark-01-4x4
3979 1 4 1724 0 -1 0 397.562 44.481 -367.314 396.132 42.401 -368.834 398.826 46.156 -365.380 jng-treebark-01-4x4
3980 1 4 1727 0 -1 0 401.541 43.149 -365.067 400.282 40.787 -366.552 402.972 45.104 -363.929 jng-treebark-01-4x4
3981 1 4 1730 0 -1 0 426.820 39.245 -360.033 425.969 37.169 -361.991 427.266 40.927 -357.937 jng-treebark-01-4x4
3982 1 4 1733 0 -1 0 367.343 41.413 -352.411 365.895 39.626 -354.066 368.342 42.876 -350.844 jng-treebark-01-4x4
3983 1 4 1736 0 -1 0 366.057 40.540 -351.586 364.208 38.752 -352.016 368.022 42.002 -350.963 jng-treebark-01-4x4
3984 1 4 1739 0 -1 0 377.095 46.818 -368.135 376.670 44.471 -369.873 377.917 48.801 -366.444 jng-treebark-01-4x4
3985 1 4 1742 0 -1 0 304.051 26.721 -360.884 303.576 24.496 -362.717 304.585 28.664 -359.242 jng-treebark-01-4x4
3986 1 4 1745 0 -1 0 336.810 17.989 -365.464 335.918 15.619 -367.157 337.923 19.966 -364.019 jng-treebark-01-4x4
3987 1 4 1748 0 -1 0 319.074 25.305 -362.931 317.675 23.160 -364.311 320.296 27.060 -361.179 jng-treebark-01-4x4
3988 1 4 1751 0 -1 0 289.471 39.304 -325.947 288.752 37.685 -327.701 290.394 40.628 -324.422 jng-treebark-01-4x4
3989 1 4 1754 0 -1 0 270.437 46.683 -327.179 268.402 44.516 -328.137 272.220 48.436 -326.450 jng-treebark-01-4x4
3990 1 4 1757 0 -1 0 242.415 56.323 -308.285 241.123 54.420 -309.892 243.259 57.926 -306.768 jng-treebark-01-4x4
3991 1 4 1760 0 -1 0 255.151 41.596 -318.667 253.075 40.349 -320.046 257.158 42.456 -317.775 jng-treebark-01-4x4
3992 1 4 1763 0 -1 0 289.399 42.781 -339.320 287.364 40.614 -340.278 291.182 44.534 -338.591 jng-treebark-01-4x4
3993 1 0 887 0 -1 0 398.898 43.195 -378.259 394.179 33.842 -382.664 404.193 51.974 -375.548 jng-rockwall-01
3994 1 0 1099 0 -1 0 235.767 13.338 -218.971 231.871 5.020 -220.184 240.265 21.805 -216.284 jng-rockwall-01
3995 1 0 488 0 -1 0 488.292 4.681 -185.000 480.817 -8.329 -187.961 495.225 16.373 -179.563 jng-rockwall-01
3996 1 0 493 0 -1 0 450.232 49.077 -181.357 445.190 38.481 -184.772 455.713 58.371 -175.812 jng-rockwall-01
3997 1 0 543 0 -1 0 432.023 37.179 -198.940 428.441 27.052 -202.890 437.623 46.755 -192.090 jng-rockwall-01
3998 1 0 593 0 -1 0 199.789 34.031 -240.680 192.465 18.840 -244.900 204.595 48.395 -237.277 jng-rockwall-01
3999 1 0 1197 0 -1 0 356.602 22.465 -132.174 354.034 17.738 -135.820 359.733 26.002 -129.165 jng-rockwall-01
4000 1 0 1209 0 -1 0 277.092 21.346 -185.034 274.809 17.427 -187.981 280.000 24.904 -182.230 jng-rockwall-01
4001 1 0 1220 0 -1 0 305.760 2.315 -262.344 301.079 -1.758 -266.868 308.534 5.730 -258.570 jng-rockwall-01
4002 1 0 1042 0 -1 0 409.390 34.569 -184.003 404.761 25.122 -188.008 415.637 44.646 -179.008 jng-rockwall-01
4003 1 0 1491 0 -1 0 477.613 -5.904 -227.678 475.065 -11.265 -231.085 480.837 0.115 -224.900 jng-rockwall-01
4004 1 0 1497 0 -1 0 250.939 0.812 -216.531 245.996 -5.078 -221.496 254.878 7.425 -212.461 jng-rockwall-01
4005 1 0 1501 0 -1 0 234.976 10.898 -222.856 230.339 5.747 -226.717 238.671 16.682 -218.037 jng-rockwall-01
4006 1 0 1503 0 -1 0 246.057 3.931 -219.809 242.133 -1.873 -223.232 250.651 10.447 -214.946 jng-rockwall-01
4007 1 0 1507 0 -1 0 228.633 12.424 -221.569 225.197 6.270 -226.216 233.458 19.334 -217.656 jng-rockwall-01
4008 1 0 1511 0 -1 0 303.403 2.916 -304.256 298.954 -0.867 -308.560 306.858 7.164 -300.772 jng-rockwall-01
4009 1 0 549 0 -1 0 344.631 17.299 -279.625 342.143 8.046 -284.861 348.604 25.890 -276.085 jng-rockwall-01
4010 1 0 554 0 -1 0 394.659 5.388 -264.962 389.466 -4.789 -268.440 398.039 14.837 -260.782 jng-rockwall-01
4011 1 0 594 0 -1 0 199.153 32.672 -248.886 193.532 18.793 -252.983 202.141 45.559 -245.313 jng-rockwall-01
4012 1 0 786 0 -1 0 281.351 10.424 -266.577 273.811 -1.893 -271.246 290.558 23.227 -263.007 jng-rockwall-01
4013 1 0 814 0 -1 0 365.987 8.896 -296.121 359.075 -4.195 -302.536 371.968 21.822 -287.876 jng-rockwall-01
4014 1 0 820 0 -1 0 359.958 10.057 -337.523 353.161 -1.082 -343.643 369.003 21.156 -331.527 jng-rockwall-01
4015 1 0 847 0 -1 0 493.298 36.800 -258.872 489.094 25.780 -262.317 496.773 48.117 -257.240 jng-rockwall-01
4016 1 0 880 0 -1 0 443.837 31.182 -354.003 441.502 20.924 -358.955 448.119 41.627 -349.997 jng-rockwall-01
4017 1 0 883 0 -1 0 459.536 34.825 -358.282 454.990 24.516 -363.565 461.858 45.344 -355.388 jng-rockwall-01
4018 1 17 2867 0 -1 0 370.255 45.799 -204.411 368.374 42.834 -205.968 371.327 48.772 -203.155 gen-metal-dark-hitweak
4019 1 0 1222 0 -1 0 197.117 52.158 -227.449 190.918 46.338 -231.227 202.622 57.443 -221.125 jng-rockwall-01
4020 1 229 2803 0 -1 0 405.658 28.414 -244.428 401.122 10.961 -247.549 409.131 43.070 -239.583 pal-environment-front
4021 1 229 2804 0 -1 0 402.536 28.414 -233.606 397.427 10.961 -238.569 405.718 43.070 -230.606 pal-environment-front
4022 1 229 2805 0 -1 0 388.820 28.414 -236.904 385.488 10.961 -241.882 393.509 43.070 -233.736 pal-environment-front
4023 1 0 1104 0 -1 0 223.311 26.314 -256.726 218.538 20.303 -263.502 227.240 32.412 -253.620 jng-rockwall-01
4024 1 0 1114 0 -1 0 376.784 16.155 -327.517 370.626 10.166 -331.645 379.749 22.235 -325.489 jng-rockwall-01
4025 1 0 1295 0 -1 0 387.788 15.313 -110.266 383.687 11.776 -113.425 390.993 18.799 -108.713 jng-rockwall-01
4026 1 0 1296 0 -1 0 390.840 43.271 -118.978 388.199 39.279 -123.056 394.850 46.444 -116.543 jng-rockwall-01
4027 1 0 1298 0 -1 0 488.714 44.364 -164.972 484.512 41.146 -167.232 490.935 47.344 -161.435 jng-rockwall-01
4028 1 0 1300 0 -1 0 435.340 56.854 -179.613 430.997 53.715 -181.033 438.462 59.680 -177.092 jng-rockwall-01
4029 1 0 1309 0 -1 0 218.450 3.674 -176.222 214.233 1.281 -180.219 221.009 6.816 -173.757 jng-rockwall-01
4030 1 0 818 0 -1 0 352.752 37.112 -356.567 346.774 23.013 -360.745 359.964 51.033 -354.437 jng-rockwall-01
4031 1 0 945 0 -1 0 266.573 18.739 -189.419 258.421 13.420 -194.669 275.380 21.803 -186.022 jng-rockwall-01
4032 1 0 961 0 -1 0 321.420 11.468 -130.598 318.572 3.598 -134.294 325.192 17.678 -128.496 jng-rockwall-01
4033 1 0 973 0 -1 0 290.046 11.679 -130.536 287.511 3.561 -134.383 293.735 18.098 -128.351 jng-rockwall-01
4034 1 0 872 0 -1 0 472.570 24.302 -297.807 467.268 14.281 -303.298 479.407 33.798 -291.483 jng-rockwall-01
4035 1 0 902 0 -1 0 345.166 37.321 -366.221 340.627 24.975 -374.072 350.598 48.899 -359.948 jng-rockwall-01
4036 1 0 1198 0 -1 0 434.597 30.555 -203.719 431.890 27.779 -206.043 437.479 32.931 -201.455 jng-rockwall-01
4037 1 0 1199 0 -1 0 440.443 30.525 -208.092 437.524 27.754 -209.994 443.153 32.887 -206.347 jng-rockwall-01
4038 1 0 1200 0 -1 0 480.159 30.466 -251.971 477.633 27.610 -254.981 482.653 32.825 -249.330 jng-rockwall-01
4039 1 0 1203 0 -1 0 318.979 29.397 -236.079 317.214 27.457 -238.280 320.683 31.158 -234.199 jng-rockwall-01
4040 1 0 1205 0 -1 0 291.857 20.246 -210.956 289.947 17.644 -213.225 294.614 22.324 -208.243 jng-rockwall-01
4041 1 0 1210 0 -1 0 278.074 21.729 -202.709 275.877 18.675 -204.896 280.716 24.048 -199.399 jng-rockwall-01
4042 1 0 1211 0 -1 0 233.739 28.396 -185.167 231.978 25.679 -188.108 235.829 30.756 -182.379 jng-rockwall-01
4043 1 0 1214 0 -1 0 225.963 28.280 -195.593 223.927 25.490 -198.448 227.942 30.654 -192.623 jng-rockwall-01
4044 1 0 1219 0 -1 0 255.895 4.070 -254.195 252.081 0.146 -257.249 259.860 7.147 -251.885 jng-rockwall-01
4045 1 0 1221 0 -1 0 280.829 29.390 -269.362 278.899 26.462 -272.317 282.445 31.731 -266.545 jng-rockwall-01
4046 1 0 1224 0 -1 0 438.119 25.828 -356.392 435.307 22.720 -359.210 440.960 28.183 -353.681 jng-rockwall-01
4047 1 0 1228 0 -1 0 269.016 30.278 -323.008 266.155 27.360 -325.209 271.884 32.622 -321.378 jng-rockwall-01
4048 1 0 1229 0 -1 0 252.761 33.897 -324.680 249.900 30.979 -326.881 255.629 36.242 -323.050 jng-rockwall-01
4049 1 0 1230 0 -1 0 247.015 34.850 -320.513 244.154 31.932 -322.714 249.883 37.195 -318.883 jng-rockwall-01
4050 1 72 2823 0 -1 0 372.112 21.622 -271.963 361.909 13.480 -283.796 376.081 28.918 -261.859 cmn-precursor-metal-plain-01
4051 1 0 1093 0 -1 0 334.087 22.990 -266.896 331.323 17.836 -271.466 339.736 28.654 -262.684 jng-rockwall-01
4052 1 0 1493 0 -1 0 436.767 10.143 -265.265 433.005 -0.011 -269.965 441.538 21.543 -261.444 jng-rockwall-01
4053 1 0 1513 0 -1 0 306.606 4.006 -299.052 302.784 -0.397 -302.431 311.536 8.950 -294.930 jng-rockwall-01
4054 1 11 1768 0 -1 0 386.187 21.017 -172.055 384.388 17.495 -175.460 387.338 24.916 -170.184 jng-treebark-03
4055 1 11 1800 0 -1 0 478.217 22.764 -310.319 476.233 18.551 -314.069 481.743 27.450 -308.111 jng-treebark-03
4056 1 11 1820 0 -1 0 364.555 32.747 -359.875 361.962 27.637 -361.893 366.052 38.358 -356.119 jng-treebark-03
4057 1 11 1826 0 -1 0 325.158 4.725 -369.156 322.532 -0.807 -371.815 326.560 10.519 -367.610 jng-treebark-03
4058 1 11 1846 0 -1 0 297.876 10.650 -351.529 296.075 4.981 -354.758 300.542 16.197 -348.760 jng-treebark-03
4059 1 0 875 0 -1 0 478.876 40.939 -343.509 472.432 29.100 -350.839 485.820 51.399 -336.801 jng-rockwall-01
4060 1 0 878 0 -1 0 438.440 41.367 -368.468 432.333 31.021 -373.061 445.000 50.820 -365.432 jng-rockwall-01
4061 1 0 884 0 -1 0 453.166 35.076 -353.342 446.348 24.127 -359.685 458.445 45.034 -347.656 jng-rockwall-01
4062 1 0 905 0 -1 0 325.570 43.564 -386.687 318.548 35.920 -389.779 332.697 50.929 -384.689 jng-rockwall-01
4063 1 0 914 0 -1 0 290.004 22.079 -365.557 283.576 11.779 -372.383 295.536 30.722 -359.883 jng-rockwall-01
4064 1 229 2806 0 -1 0 383.342 42.219 -264.486 373.034 37.777 -274.031 393.644 47.683 -254.952 pal-environment-front
4065 1 0 1194 0 -1 0 403.793 21.075 -168.679 401.348 17.154 -171.424 406.682 24.636 -166.053 jng-rockwall-01
4066 1 0 1204 0 -1 0 331.724 1.622 -279.332 328.828 -1.774 -281.983 334.175 4.705 -276.562 jng-rockwall-01
4067 1 0 1212 0 -1 0 239.594 26.620 -214.461 236.474 23.081 -216.541 242.263 29.585 -211.107 jng-rockwall-01
4068 1 0 1218 0 -1 0 250.294 3.690 -222.331 247.658 0.196 -224.790 253.047 6.861 -219.426 jng-rockwall-01
4069 1 0 1225 0 -1 0 347.188 2.514 -290.851 343.680 -1.381 -294.586 350.525 6.049 -288.282 jng-rockwall-01
4070 1 0 1226 0 -1 0 358.656 2.026 -299.602 356.155 -1.369 -302.407 361.822 5.109 -297.103 jng-rockwall-01
4071 1 0 1227 0 -1 0 307.417 3.779 -303.784 305.432 -0.454 -306.690 309.875 7.393 -300.921 jng-rockwall-01
4072 1 0 901 0 -1 0 348.657 37.077 -358.330 346.528 25.341 -363.466 353.064 49.117 -354.987 jng-rockwall-01
4073 1 6 1962 0 -1 0 391.061 43.612 -161.089 382.997 38.542 -170.160 398.577 48.261 -152.128 jng-canopy-03
4074 1 6 1963 0 -1 0 386.435 40.596 -162.436 378.745 35.670 -171.643 393.547 45.499 -153.345 jng-canopy-03
4075 1 6 1964 0 -1 0 387.914 48.473 -176.008 377.340 42.733 -186.133 398.377 53.642 -165.885 jng-canopy-03
4076 1 6 1965 0 -1 0 391.079 45.209 -170.853 381.368 39.676 -181.497 400.770 50.638 -160.107 jng-canopy-03
4077 1 6 1966 0 -1 0 371.276 47.239 -163.650 359.861 41.536 -173.377 382.766 52.553 -154.353 jng-canopy-03
4078 1 6 1967 0 -1 0 370.310 43.452 -169.291 359.082 37.787 -178.386 381.559 49.109 -160.417 jng-canopy-03
4079 1 6 1968 0 -1 0 374.109 43.041 -162.240 363.945 37.627 -172.804 383.936 48.043 -151.808 jng-canopy-03
4080 1 6 1969 0 -1 0 362.574 44.447 -134.405 351.780 39.113 -143.606 373.207 49.777 -124.810 jng-canopy-03
4081 1 6 1970 0 -1 0 324.710 39.976 -125.022 315.220 33.977 -135.489 334.893 46.044 -114.311 jng-canopy-03
4082 1 6 1971 0 -1 0 342.631 45.007 -131.465 331.353 39.866 -141.433 354.016 49.637 -122.124 jng-canopy-03
4083 1 6 1972 0 -1 0 366.432 48.337 -138.171 355.532 43.200 -148.223 377.261 53.155 -127.935 jng-canopy-03
4084 1 6 1973 0 -1 0 354.198 49.318 -173.894 344.281 43.615 -185.028 364.424 54.631 -162.558 jng-canopy-03
4085 1 6 1974 0 -1 0 359.197 45.531 -171.143 350.202 39.865 -182.394 368.579 51.187 -159.669 jng-canopy-03
4086 1 6 1975 0 -1 0 350.950 50.503 -161.904 340.387 44.064 -171.436 361.624 56.336 -152.343 jng-canopy-03
4087 1 6 1976 0 -1 0 330.789 41.316 -165.293 320.704 36.885 -174.490 340.819 45.441 -155.799 jng-canopy-03
4088 1 6 1977 0 -1 0 376.038 58.781 -194.584 366.605 53.078 -205.973 386.077 64.095 -183.074 jng-canopy-03
4089 1 6 1978 0 -1 0 381.753 54.994 -194.759 373.202 49.329 -206.155 390.870 60.651 -183.284 jng-canopy-03
4090 1 6 1979 0 -1 0 326.625 58.102 -212.817 315.143 52.399 -222.220 337.951 63.416 -202.818 jng-canopy-03
4091 1 6 1980 0 -1 0 324.932 54.315 -207.363 313.288 48.650 -216.139 336.364 59.972 -197.965 jng-canopy-03
4092 1 6 1981 0 -1 0 328.326 53.044 -203.031 318.180 48.134 -214.636 337.819 57.620 -191.566 jng-canopy-03
4093 1 6 1982 0 -1 0 322.630 49.789 -203.454 313.312 44.912 -214.950 331.306 54.658 -192.067 jng-canopy-03
4094 1 6 1983 0 -1 0 308.583 47.807 -136.812 298.311 42.633 -145.432 318.797 52.720 -128.048 jng-canopy-03
4095 1 6 1984 0 -1 0 310.290 44.102 -132.135 300.238 38.813 -140.000 320.244 49.490 -124.118 jng-canopy-03
4096 1 6 1985 0 -1 0 293.429 45.568 -139.268 284.914 39.760 -150.585 302.323 51.365 -127.889 jng-canopy-03
4097 1 6 1986 0 -1 0 292.853 44.465 -165.900 283.527 38.944 -176.751 302.475 49.960 -154.936 jng-canopy-03
4098 1 6 1988 0 -1 0 310.804 45.185 -154.173 299.302 39.270 -162.575 322.205 51.097 -145.341 jng-canopy-03
4099 1 6 1989 0 -1 0 292.693 47.789 -193.998 282.851 42.080 -204.592 302.668 53.585 -183.303 jng-canopy-03
4100 1 6 1990 0 -1 0 296.139 45.700 -203.778 284.640 39.451 -212.965 307.478 51.679 -194.061 jng-canopy-03
4101 1 6 1991 0 -1 0 287.868 49.572 -139.118 278.462 43.890 -150.494 297.873 54.885 -127.644 jng-canopy-03
4102 1 6 1992 0 -1 0 290.435 43.992 -132.273 279.864 39.168 -142.484 301.127 48.483 -122.084 jng-canopy-03
4103 1 6 1993 0 -1 0 289.227 47.877 -170.609 278.959 42.229 -181.105 299.393 53.085 -160.096 jng-canopy-03
4104 1 6 1994 0 -1 0 266.894 50.196 -147.194 255.596 44.398 -156.779 278.233 55.604 -137.801 jng-canopy-03
4105 1 6 1995 0 -1 0 287.600 51.328 -191.069 277.958 45.549 -201.949 297.260 56.873 -180.005 jng-canopy-03
4106 1 6 1996 0 -1 0 285.217 44.275 -196.177 274.037 39.451 -205.767 296.414 48.766 -186.705 jng-canopy-03
4107 1 6 1997 0 -1 0 240.919 62.610 -281.941 231.143 56.894 -293.223 251.009 67.957 -270.451 jng-canopy-03
4108 1 6 1998 0 -1 0 245.557 66.202 -256.534 233.965 60.499 -266.024 257.016 71.516 -246.396 jng-canopy-03
4109 1 6 1999 0 -1 0 245.206 62.415 -250.832 233.704 56.750 -259.488 256.589 68.072 -241.535 jng-canopy-03
4110 1 6 2000 0 -1 0 237.419 61.295 -251.584 226.316 56.470 -261.730 248.695 65.785 -241.748 jng-canopy-03
4111 1 6 2001 0 -1 0 481.876 53.910 -316.228 470.891 48.248 -325.998 492.725 59.246 -306.399 jng-canopy-03
4112 1 6 2002 0 -1 0 476.077 52.392 -302.811 469.077 48.000 -310.960 483.191 56.884 -294.507 jng-canopy-03
4113 1 6 2003 0 -1 0 464.413 47.836 -308.461 453.567 41.677 -318.211 475.050 53.751 -298.668 jng-canopy-03
4114 1 6 2004 0 -1 0 466.313 46.357 -294.098 455.433 40.589 -303.476 477.340 51.537 -284.697 jng-canopy-03
4115 1 6 2005 0 -1 0 469.697 38.993 -299.362 460.291 34.481 -309.796 478.458 43.092 -289.051 jng-canopy-03
4116 1 6 2006 0 -1 0 464.334 45.794 -302.148 454.693 40.014 -313.029 473.995 51.338 -291.085 jng-canopy-03
4117 1 6 2007 0 -1 0 469.427 42.254 -305.078 459.585 36.546 -315.672 479.402 48.050 -294.382 jng-canopy-03
4118 1 6 2008 0 -1 0 468.648 43.642 -325.992 459.235 38.704 -335.032 478.082 48.216 -316.802 jng-canopy-03
4119 1 6 2009 0 -1 0 484.404 54.002 -330.746 473.543 48.343 -340.355 495.147 59.180 -321.145 jng-canopy-03
4120 1 6 2010 0 -1 0 458.696 43.208 -341.683 448.847 38.435 -350.397 468.313 48.092 -332.673 jng-canopy-03
4121 1 6 2011 0 -1 0 469.695 54.316 -335.644 460.296 48.508 -347.065 479.690 59.882 -324.096 jng-canopy-03
4122 1 6 2012 0 -1 0 452.072 38.294 -323.909 443.103 33.438 -333.537 461.038 42.789 -314.126 jng-canopy-03
4123 1 6 2013 0 -1 0 408.430 52.187 -346.426 399.266 47.087 -356.632 417.314 56.934 -336.375 jng-canopy-03
4124 1 6 2014 0 -1 0 404.688 55.564 -361.116 393.603 49.848 -370.835 415.875 60.910 -351.502 jng-canopy-03
4125 1 6 2015 0 -1 0 413.840 69.995 -373.258 403.262 64.342 -383.561 424.485 75.321 -362.864 jng-canopy-03
4126 1 6 2016 0 -1 0 417.535 68.632 -357.805 406.133 62.876 -367.929 429.160 74.168 -348.378 jng-canopy-03
4127 1 6 2017 0 -1 0 394.978 47.444 -346.986 385.509 42.712 -357.801 404.320 52.170 -336.279 jng-canopy-03
4128 1 6 2018 0 -1 0 386.308 50.621 -335.650 376.700 45.857 -346.620 395.965 55.061 -324.514 jng-canopy-03
4129 1 6 2019 0 -1 0 391.531 47.444 -337.985 381.945 42.712 -348.596 401.248 52.170 -327.278 jng-canopy-03
4130 1 6 2020 0 -1 0 400.297 50.621 -349.077 390.623 45.857 -360.252 409.894 55.061 -338.022 jng-canopy-03
4131 1 6 2021 0 -1 0 364.286 51.437 -351.067 352.933 46.613 -360.891 375.711 55.928 -341.796 jng-canopy-03
4132 1 6 2022 0 -1 0 337.615 41.746 -375.493 326.227 36.125 -385.524 349.225 47.063 -366.215 jng-canopy-03
4133 1 6 2023 0 -1 0 369.551 69.389 -369.031 358.070 63.673 -379.212 381.199 74.735 -359.529 jng-canopy-03
4134 1 6 2024 0 -1 0 367.835 52.311 -354.191 358.058 47.486 -365.331 377.920 56.801 -342.884 jng-canopy-03
4135 1 6 2025 0 -1 0 331.745 38.681 -361.827 320.178 31.644 -371.195 343.135 45.312 -351.716 jng-canopy-03
4136 1 6 2026 0 -1 0 321.598 44.425 -362.456 309.340 38.349 -373.830 334.097 50.274 -351.595 jng-canopy-03
4137 1 6 2027 0 -1 0 286.217 51.244 -322.328 277.726 46.682 -330.574 294.817 55.495 -314.110 jng-canopy-03
4138 1 6 2028 0 -1 0 283.627 48.199 -326.078 275.629 43.667 -334.484 291.661 52.724 -317.784 jng-canopy-03
4139 1 6 2029 0 -1 0 250.200 65.977 -297.870 240.224 60.183 -308.437 260.297 71.800 -287.165 jng-canopy-03
4140 1 6 2030 0 -1 0 255.087 59.685 -308.621 245.289 54.005 -319.647 265.218 65.383 -297.339 jng-canopy-03
4141 1 6 2031 0 -1 0 261.508 58.471 -318.859 251.876 52.848 -330.014 271.497 64.144 -307.462 jng-canopy-03
4142 1 6 2032 0 -1 0 257.213 53.518 -306.636 248.375 47.853 -317.929 266.434 59.175 -295.137 jng-canopy-03
4143 1 6 2033 0 -1 0 252.069 57.305 -309.115 242.243 51.602 -320.343 262.200 62.619 -297.696 jng-canopy-03
4144 1 6 2034 0 -1 0 290.584 49.183 -324.703 281.500 44.813 -334.496 299.652 53.251 -315.026 jng-canopy-03
4145 1 6 2035 0 -1 0 297.861 63.095 -352.057 288.149 57.068 -363.587 307.040 68.847 -340.672 jng-canopy-03
4146 1 6 2036 0 -1 0 281.419 62.641 -352.958 270.828 56.925 -363.311 292.078 67.987 -342.483 jng-canopy-03
4147 1 6 2037 0 -1 0 288.277 61.989 -354.511 278.564 55.962 -366.041 297.455 67.741 -343.127 jng-canopy-03
4148 1 6 2039 0 -1 0 285.213 64.891 -343.249 273.843 59.176 -352.873 296.651 70.238 -333.810 jng-canopy-03
4149 1 6 2040 0 -1 0 244.075 61.420 -326.637 233.302 55.704 -336.728 254.999 66.766 -316.596 jng-canopy-03
4150 1 6 2041 0 -1 0 252.266 67.947 -332.403 241.105 62.060 -341.671 263.249 73.385 -323.132 jng-canopy-03
4151 1 6 2042 0 -1 0 263.956 65.329 -345.263 253.182 59.613 -355.354 274.879 70.675 -335.222 jng-canopy-03
4152 1 0 1460 0 -1 0 344.736 15.414 -129.173 342.767 13.870 -131.704 346.368 18.128 -128.490 jng-rockwall-01
4153 1 0 770 0 -1 0 317.770 6.600 -253.655 312.125 -5.485 -258.695 324.897 18.532 -245.987 jng-rockwall-01
4154 1 0 939 0 -1 0 450.341 24.286 -220.569 438.859 16.862 -232.484 458.392 28.498 -212.255 jng-rockwall-01
4155 1 0 951 0 -1 0 266.168 32.373 -272.399 258.558 25.588 -277.735 274.932 36.359 -265.455 jng-rockwall-01
4156 1 0 952 0 -1 0 211.105 34.949 -261.595 202.066 29.121 -265.322 219.876 38.343 -259.226 jng-rockwall-01
4157 1 0 464 0 -1 0 379.764 6.020 -111.703 374.925 -6.410 -115.910 383.077 17.147 -110.077 jng-rockwall-01
4158 1 0 474 0 -1 0 381.542 32.709 -127.268 373.920 22.384 -132.891 386.156 42.933 -123.334 jng-rockwall-01
4159 1 0 489 0 -1 0 480.778 6.483 -182.546 475.330 -5.871 -186.441 487.081 16.576 -179.112 jng-rockwall-01
4160 1 0 504 0 -1 0 348.467 7.128 -131.798 343.780 -1.925 -135.281 351.302 15.544 -129.652 jng-rockwall-01
4161 1 0 539 0 -1 0 441.984 5.075 -272.245 438.518 -2.890 -278.702 444.761 12.379 -268.636 jng-rockwall-01
4162 1 0 559 0 -1 0 318.693 4.605 -256.203 315.090 -4.647 -261.344 323.538 13.196 -252.795 jng-rockwall-01
4163 1 0 574 0 -1 0 289.711 6.170 -214.097 286.729 -4.007 -218.818 293.925 15.618 -210.912 jng-rockwall-01
4164 1 0 579 0 -1 0 304.906 11.665 -259.275 299.061 -0.836 -264.677 308.617 23.980 -256.713 jng-rockwall-01
4165 1 0 609 0 -1 0 421.668 9.482 -323.085 416.182 -0.596 -326.121 424.835 18.664 -321.130 jng-rockwall-01
4166 1 0 624 0 -1 0 395.160 10.530 -322.017 390.522 -1.059 -326.216 398.228 20.787 -320.442 jng-rockwall-01
4167 1 0 639 0 -1 0 336.971 28.680 -383.550 332.531 16.657 -387.971 340.992 39.454 -379.368 jng-rockwall-01
4168 1 0 1082 0 -1 0 367.450 38.289 -133.885 363.529 30.055 -138.668 372.124 46.531 -129.323 jng-rockwall-01
4169 1 0 1085 0 -1 0 403.967 46.178 -154.278 400.151 40.912 -160.998 408.932 50.870 -148.966 jng-rockwall-01
4170 1 0 1087 0 -1 0 413.730 33.999 -189.109 409.809 25.765 -193.892 418.404 42.241 -184.548 jng-rockwall-01
4171 1 0 1094 0 -1 0 316.115 20.096 -244.532 313.655 14.607 -248.494 319.190 25.591 -241.220 jng-rockwall-01
4172 1 6 1954 0 -1 0 461.370 48.592 -341.834 439.067 42.380 -358.288 481.375 54.161 -321.876 jng-canopy-03
4173 1 6 1955 0 -1 0 437.419 54.167 -360.516 417.063 47.955 -382.478 454.610 59.737 -340.362 jng-canopy-03
4174 1 6 1956 0 -1 0 389.842 57.571 -364.167 368.309 51.360 -383.006 411.376 63.141 -343.515 jng-canopy-03
4175 1 6 1957 0 -1 0 372.983 60.213 -367.225 356.554 54.002 -387.226 392.929 65.783 -344.911 jng-canopy-03
4176 1 6 1958 0 -1 0 231.006 67.971 -285.680 212.141 61.760 -306.132 246.035 73.541 -261.936 jng-canopy-03
4177 1 6 1959 0 -1 0 249.980 68.811 -314.880 230.851 62.600 -331.850 273.609 74.381 -297.577 jng-canopy-03
4178 1 6 1960 0 -1 0 308.880 42.200 -356.606 292.451 35.988 -376.606 328.826 47.769 -334.291 jng-canopy-03
4179 1 6 1961 0 -1 0 275.450 63.010 -328.397 256.322 56.798 -345.367 299.079 68.580 -311.094 jng-canopy-03
4180 1 0 1217 0 -1 0 293.668 1.458 -224.907 289.306 -1.839 -229.814 297.703 4.450 -221.420 jng-rockwall-01
4181 1 0 1417 0 -1 0 406.995 17.573 -320.888 399.179 10.232 -326.494 413.212 25.113 -318.659 jng-rockwall-01
4182 1 229 2222 0 -1 0 279.459 32.416 -301.178 275.460 26.005 -305.178 283.460 35.552 -297.178 pal-environment-front
4183 1 0 800 0 -1 0 207.466 14.938 -263.361 201.019 -1.828 -268.583 215.441 31.814 -260.137 jng-rockwall-01
4184 1 0 938 0 -1 0 432.567 24.374 -237.200 427.123 19.169 -242.595 439.255 27.435 -230.502 jng-rockwall-01
4185 1 0 966 0 -1 0 437.298 19.266 -244.697 435.959 11.615 -247.132 440.934 25.226 -242.441 jng-rockwall-01
4186 1 52 2169 0 -1 0 317.965 2.428 -325.985 315.107 2.209 -328.496 320.795 2.709 -323.105 gen-precursor-tube-script
4187 1 0 1408 0 -1 0 473.875 34.423 -259.587 468.467 23.281 -266.971 481.856 46.273 -253.728 jng-rockwall-01
4188 1 0 1161 0 -1 0 388.772 30.971 -149.933 385.424 15.128 -153.787 393.957 45.151 -145.411 jng-rockwall-01
4189 1 0 1163 0 -1 0 505.568 -1.857 -171.227 500.816 -17.326 -175.081 508.321 12.379 -167.276 jng-rockwall-01
4190 1 0 1167 0 -1 0 450.863 29.430 -197.192 444.278 15.969 -201.017 456.908 41.470 -191.322 jng-rockwall-01
4191 1 0 1169 0 -1 0 331.287 8.965 -270.831 327.367 -4.764 -275.113 337.267 21.252 -265.931 jng-rockwall-01
4192 1 0 1170 0 -1 0 242.125 7.725 -170.875 238.092 -2.248 -176.452 246.877 17.350 -168.227 jng-rockwall-01
4193 1 0 1171 0 -1 0 254.210 10.299 -152.851 250.302 0.123 -157.868 258.833 20.139 -149.882 jng-rockwall-01
4194 1 0 1174 0 -1 0 302.401 9.258 -231.821 298.192 -4.471 -236.469 308.951 21.545 -226.540 jng-rockwall-01
4195 1 0 1182 0 -1 0 356.857 8.770 -346.933 353.635 -1.264 -352.853 361.344 18.052 -343.596 jng-rockwall-01
4196 1 0 1185 0 -1 0 298.786 11.015 -302.840 291.545 -1.627 -307.026 304.620 23.045 -297.156 jng-rockwall-01
4197 1 4 2298 0 -1 0 362.134 38.967 -134.683 360.538 36.226 -139.265 364.261 40.801 -130.477 jng-treebark-01-4x4
4198 1 4 2336 0 -1 0 330.233 45.829 -206.054 326.526 42.428 -208.021 333.616 48.480 -203.753 jng-treebark-01-4x4
4199 1 17 2863 0 -1 0 391.303 24.244 -261.197 388.706 17.386 -263.281 393.441 29.011 -258.562 gen-metal-dark-hitweak
4200 1 69 2811 0 -1 0 349.227 47.272 -209.697 345.117 42.073 -211.514 353.432 52.557 -208.024 cmn-precursor-circuitpattern-01
4201 1 69 2812 0 -1 0 330.848 47.272 -228.055 329.181 42.073 -232.247 332.671 52.557 -223.932 cmn-precursor-circuitpattern-01
4202 1 69 2813 0 -1 0 338.216 47.272 -217.047 335.115 42.073 -220.300 341.478 52.557 -213.936 cmn-precursor-circuitpattern-01
4203 1 69 2814 0 -1 0 330.640 71.652 -253.518 329.025 66.452 -257.657 332.390 76.937 -249.287 cmn-precursor-circuitpattern-01
4204 1 69 2815 0 -1 0 337.810 71.652 -264.654 334.753 66.452 -267.808 341.011 76.937 -261.341 cmn-precursor-circuitpattern-01
4205 1 69 2816 0 -1 0 348.702 71.652 -272.183 344.609 66.452 -273.908 352.867 76.937 -270.293 cmn-precursor-circuitpattern-01
4206 1 229 2863 0 -1 0 391.303 24.244 -261.197 388.706 17.386 -263.281 393.441 29.011 -258.562 pal-environment-front
4207 1 9 2761 0 -1 0 375.885 42.073 -210.491 368.803 28.129 -214.211 382.587 52.426 -206.763 cmn-precursor-metal-plain-01-hitweak
4208 1 9 2762 0 -1 0 386.603 42.073 -218.141 381.080 28.129 -223.973 391.734 52.426 -212.702 cmn-precursor-metal-plain-01-hitweak
4209 1 9 2763 0 -1 0 393.559 42.073 -229.296 390.226 28.129 -236.528 397.052 52.426 -222.396 cmn-precursor-metal-plain-01-hitweak
4210 1 229 2761 0 -1 0 375.885 42.073 -210.491 368.803 28.129 -214.211 382.587 52.426 -206.763 pal-environment-front
4211 1 229 2762 0 -1 0 386.603 42.073 -218.141 381.080 28.129 -223.973 391.734 52.426 -212.702 pal-environment-front
4212 1 229 2763 0 -1 0 393.559 42.073 -229.296 390.226 28.129 -236.528 397.052 52.426 -222.396 pal-environment-front
4213 1 0 1406 0 -1 0 325.019 0.873 -129.258 318.716 -6.715 -133.645 330.296 8.488 -127.213 jng-rockwall-01
4214 1 0 589 0 -1 0 244.216 7.814 -216.929 241.518 -1.168 -220.374 247.153 16.165 -212.260 jng-rockwall-01
4215 1 4 1766 0 -1 0 373.476 34.386 -166.434 368.510 28.958 -169.346 377.877 36.849 -162.164 jng-treebark-01-4x4
4216 1 4 1770 0 -1 0 386.335 36.401 -170.616 382.960 31.694 -176.707 389.146 38.406 -165.557 jng-treebark-01-4x4
4217 1 4 1772 0 -1 0 378.496 45.928 -192.024 374.912 40.500 -197.473 380.964 48.391 -187.333 jng-treebark-01-4x4
4218 1 4 1776 0 -1 0 354.986 36.465 -170.433 353.797 31.037 -176.792 356.156 38.927 -165.385 jng-treebark-01-4x4
4219 1 4 1778 0 -1 0 323.396 45.249 -211.327 318.316 39.821 -213.043 329.592 47.712 -209.687 jng-treebark-01-4x4
4220 1 4 1782 0 -1 0 307.868 35.876 -135.109 304.525 30.567 -139.218 311.808 38.583 -132.549 jng-treebark-01-4x4
4221 1 4 1784 0 -1 0 289.932 36.795 -135.973 286.251 31.500 -141.414 292.382 39.177 -131.083 jng-treebark-01-4x4
4222 1 4 1786 0 -1 0 288.274 35.583 -165.567 285.373 30.688 -171.805 290.544 37.663 -160.445 jng-treebark-01-4x4
4223 1 4 1788 0 -1 0 308.230 36.475 -158.382 303.448 30.954 -161.528 313.823 39.107 -156.180 jng-treebark-01-4x4
4224 1 4 1790 0 -1 0 290.913 38.421 -190.969 285.462 32.743 -194.387 294.827 41.047 -187.862 jng-treebark-01-4x4
4225 1 4 1792 0 -1 0 242.771 53.349 -254.339 237.918 47.921 -257.437 248.481 55.812 -252.152 jng-treebark-01-4x4
4226 1 4 1794 0 -1 0 233.463 53.915 -289.828 227.889 47.884 -292.110 236.849 57.267 -287.090 jng-treebark-01-4x4
4227 1 4 1796 0 -1 0 230.018 53.674 -278.540 227.417 47.740 -282.602 234.446 57.017 -274.327 jng-treebark-01-4x4
4228 1 4 1798 0 -1 0 471.640 35.446 -318.783 469.276 29.812 -323.497 475.189 38.375 -313.585 jng-treebark-01-4x4
4229 1 4 1802 0 -1 0 467.647 32.887 -302.049 462.196 27.208 -305.466 471.562 35.513 -298.942 jng-treebark-01-4x4
4230 1 4 1804 0 -1 0 462.703 34.063 -341.957 456.820 28.010 -343.199 466.699 37.508 -340.331 jng-treebark-01-4x4
4231 1 4 1806 0 -1 0 468.494 32.504 -332.143 466.579 26.601 -336.467 470.520 35.273 -326.192 jng-treebark-01-4x4
4232 1 4 1808 0 -1 0 458.173 31.561 -348.432 453.954 26.284 -353.030 462.965 33.797 -344.862 jng-treebark-01-4x4
4233 1 4 1810 0 -1 0 434.665 38.260 -361.509 429.754 32.807 -364.007 440.655 40.644 -359.470 jng-treebark-01-4x4
4234 1 4 1812 0 -1 0 416.724 57.544 -360.652 415.003 51.734 -365.152 418.621 60.436 -354.721 jng-treebark-01-4x4
4235 1 4 1818 0 -1 0 384.902 45.060 -363.574 383.182 39.249 -368.073 386.800 47.952 -357.642 jng-treebark-01-4x4
4236 1 4 1820 0 -1 0 367.642 49.716 -367.803 364.071 43.190 -373.362 371.361 52.491 -363.324 jng-treebark-01-4x4
4237 1 4 1822 0 -1 0 369.990 47.063 -365.694 368.315 41.330 -369.865 372.390 49.905 -359.699 jng-treebark-01-4x4
4238 1 4 1824 0 -1 0 302.190 22.946 -353.254 301.240 17.189 -357.612 304.071 25.813 -347.138 jng-treebark-01-4x4
4239 1 4 1826 0 -1 0 329.447 22.889 -365.690 326.858 15.726 -369.532 333.337 26.303 -360.746 jng-treebark-01-4x4
4240 1 4 1828 0 -1 0 313.323 27.078 -362.276 310.651 21.263 -366.192 317.342 29.904 -357.372 jng-treebark-01-4x4
4241 1 4 1830 0 -1 0 326.870 24.279 -362.267 321.768 19.250 -364.875 333.024 26.345 -359.775 jng-treebark-01-4x4
4242 1 4 1832 0 -1 0 286.896 40.955 -325.089 284.586 36.614 -328.489 289.412 42.925 -320.432 jng-treebark-01-4x4
4243 1 4 1834 0 -1 0 261.015 45.584 -323.440 256.297 40.091 -325.532 267.272 48.188 -322.509 jng-treebark-01-4x4
4244 1 4 1836 0 -1 0 265.213 48.051 -328.690 262.321 42.291 -334.358 267.988 50.859 -324.863 jng-treebark-01-4x4
4245 1 4 1838 0 -1 0 242.838 55.417 -305.236 238.470 49.733 -308.871 248.059 58.180 -302.877 jng-treebark-01-4x4
4246 1 4 1840 0 -1 0 242.044 53.904 -296.618 238.185 47.746 -298.028 247.939 57.272 -295.712 jng-treebark-01-4x4
4247 1 4 1842 0 -1 0 253.051 44.452 -305.713 252.109 39.024 -312.056 254.333 46.915 -300.637 jng-treebark-01-4x4
4248 1 4 1844 0 -1 0 242.917 56.936 -317.850 241.082 51.168 -323.956 244.157 59.714 -313.464 jng-treebark-01-4x4
4249 1 4 1846 0 -1 0 294.682 27.736 -343.904 288.923 20.429 -346.689 298.327 31.261 -341.707 jng-treebark-01-4x4
4250 1 4 1848 0 -1 0 282.706 45.211 -331.432 281.755 39.454 -335.790 284.586 48.078 -325.316 jng-treebark-01-4x4
4251 1 0 469 0 -1 0 368.073 30.056 -120.590 362.843 17.970 -124.207 372.272 40.870 -118.332 jng-rockwall-01
4252 1 0 479 0 -1 0 373.490 41.779 -125.700 371.132 32.526 -129.369 377.039 50.370 -123.096 jng-rockwall-01
4253 1 0 484 0 -1 0 371.775 27.154 -139.891 369.254 17.808 -143.928 375.398 35.682 -136.956 jng-rockwall-01
4254 1 0 494 0 -1 0 439.693 49.353 -179.965 434.390 39.600 -183.813 444.704 57.523 -176.186 jng-rockwall-01
4255 1 0 499 0 -1 0 416.589 48.918 -164.849 412.963 39.615 -169.562 419.957 57.264 -161.627 jng-rockwall-01
4256 1 0 509 0 -1 0 455.973 9.593 -227.212 452.324 -2.701 -230.690 458.156 20.462 -221.671 jng-rockwall-01
4257 1 0 514 0 -1 0 451.035 9.373 -210.361 445.523 -2.373 -213.840 453.332 20.771 -207.247 jng-rockwall-01
4258 1 0 519 0 -1 0 483.989 17.808 -257.649 478.431 8.084 -260.955 486.154 27.473 -254.020 jng-rockwall-01
4259 1 0 524 0 -1 0 499.854 19.299 -261.950 489.862 9.232 -264.550 506.259 29.031 -258.746 jng-rockwall-01
4260 1 0 534 0 -1 0 470.028 36.529 -264.382 466.846 27.277 -266.569 472.493 45.120 -261.923 jng-rockwall-01
4261 1 0 569 0 -1 0 213.149 27.502 -165.800 210.270 17.520 -170.092 216.996 38.864 -162.938 jng-rockwall-01
4262 1 0 584 0 -1 0 277.644 9.915 -271.256 269.952 -1.909 -274.766 281.336 20.881 -268.075 jng-rockwall-01
4263 1 0 604 0 -1 0 434.271 40.267 -368.245 431.216 30.975 -370.819 436.831 48.835 -366.685 jng-rockwall-01
4264 1 0 614 0 -1 0 408.223 36.421 -358.735 404.065 24.210 -362.186 411.702 47.320 -355.456 jng-rockwall-01
4265 1 0 619 0 -1 0 424.844 32.355 -372.448 420.591 20.622 -375.870 426.457 43.588 -368.543 jng-rockwall-01
4266 1 0 644 0 -1 0 241.824 30.549 -325.665 232.947 25.381 -332.552 250.775 36.043 -315.655 jng-rockwall-01
4267 1 0 649 0 -1 0 306.839 43.722 -380.985 303.139 34.218 -383.783 309.577 52.042 -376.902 jng-rockwall-01
4268 1 0 943 0 -1 0 314.706 17.580 -128.281 304.368 12.324 -131.844 324.224 20.664 -125.816 jng-rockwall-01
4269 1 0 944 0 -1 0 281.514 17.442 -129.984 269.981 12.317 -133.477 292.363 20.458 -127.506 jng-rockwall-01
4270 1 0 1410 0 -1 0 445.790 3.570 -253.314 439.263 -4.603 -260.139 454.162 10.771 -248.997 jng-rockwall-01
4271 1 0 1411 0 -1 0 442.307 13.436 -265.954 437.280 6.844 -271.841 450.542 22.078 -258.459 jng-rockwall-01
4272 1 0 1409 0 -1 0 453.615 24.241 -277.352 449.781 14.586 -282.305 459.395 34.509 -270.171 jng-rockwall-01
4273 1 0 1415 0 -1 0 261.501 8.176 -257.107 252.669 -0.641 -265.436 267.298 18.998 -252.213 jng-rockwall-01
4274 1 23 2871 0 -1 0 348.989 26.725 -209.130 343.035 19.358 -212.842 355.824 38.077 -206.402 cmn-precursor-stonehenge-rim-hitweak
4275 1 23 2872 0 -1 0 330.291 26.725 -227.826 327.563 19.358 -234.661 334.003 38.077 -221.872 cmn-precursor-stonehenge-rim-hitweak
4276 1 23 2873 0 -1 0 337.788 26.725 -216.627 333.554 19.358 -222.335 343.496 38.077 -212.393 cmn-precursor-stonehenge-rim-hitweak
4277 1 229 2871 0 -1 0 348.989 26.725 -209.130 343.035 19.358 -212.842 355.824 38.077 -206.402 pal-environment-front
4278 1 229 2872 0 -1 0 330.291 26.725 -227.826 327.563 19.358 -234.661 334.003 38.077 -221.872 pal-environment-front
4279 1 229 2873 0 -1 0 337.788 26.725 -216.627 333.554 19.358 -222.335 343.496 38.077 -212.393 pal-environment-front
4280 1 70 2185 0 -1 0 279.539 27.224 -292.551 278.668 25.896 -292.948 280.403 28.552 -291.948 cmn-precursor-stonehengetop
4281 1 70 2186 0 -1 0 277.925 27.224 -290.929 277.528 25.896 -291.792 278.528 28.552 -290.058 cmn-precursor-stonehengetop
4282 1 70 2187 0 -1 0 279.547 27.224 -289.314 278.684 25.896 -289.917 280.418 28.552 -288.917 cmn-precursor-stonehengetop
4283 1 70 2190 0 -1 0 267.897 29.224 -301.652 267.500 27.896 -302.516 268.500 30.552 -300.781 cmn-precursor-stonehengetop
4284 1 70 2191 0 -1 0 269.520 29.224 -300.038 268.656 27.896 -300.641 270.391 30.552 -299.641 cmn-precursor-stonehengetop
4285 1 70 2193 0 -1 0 271.373 28.224 -295.257 270.502 26.896 -295.655 272.236 29.552 -294.655 cmn-precursor-stonehengetop
4286 1 70 2194 0 -1 0 269.758 28.224 -293.635 269.361 26.896 -294.498 270.361 29.552 -292.764 cmn-precursor-stonehengetop
4287 1 70 2195 0 -1 0 271.380 28.224 -292.021 270.517 26.896 -292.623 272.252 29.552 -291.623 cmn-precursor-stonehengetop
4288 1 70 2197 0 -1 0 287.622 26.224 -294.758 286.751 24.896 -295.155 288.485 27.552 -294.155 cmn-precursor-stonehengetop
4289 1 70 2198 0 -1 0 286.007 26.224 -293.136 285.610 24.896 -293.999 286.610 27.552 -292.265 cmn-precursor-stonehengetop
4290 1 70 2199 0 -1 0 287.630 26.224 -291.521 286.767 24.896 -292.124 288.501 27.552 -291.124 cmn-precursor-stonehengetop
4291 1 70 2210 0 -1 0 277.982 31.223 -311.772 277.585 29.895 -312.636 278.585 32.551 -310.901 cmn-precursor-stonehengetop
4292 1 70 2211 0 -1 0 279.605 31.223 -310.158 278.741 29.895 -310.761 280.476 32.551 -309.761 cmn-precursor-stonehengetop
4293 1 70 2214 0 -1 0 269.997 30.223 -309.405 269.600 28.895 -310.268 270.600 31.551 -308.534 cmn-precursor-stonehengetop
4294 1 70 2215 0 -1 0 271.620 30.223 -307.790 270.757 28.895 -308.393 272.491 31.551 -307.393 cmn-precursor-stonehengetop
4295 1 229 2185 0 -1 0 279.539 27.224 -292.551 278.668 25.896 -292.948 280.403 28.552 -291.948 pal-environment-front
4296 1 229 2186 0 -1 0 277.925 27.224 -290.929 277.528 25.896 -291.792 278.528 28.552 -290.058 pal-environment-front
4297 1 229 2187 0 -1 0 279.547 27.224 -289.314 278.684 25.896 -289.917 280.418 28.552 -288.917 pal-environment-front
4298 1 229 2190 0 -1 0 267.897 29.224 -301.652 267.500 27.896 -302.516 268.500 30.552 -300.781 pal-environment-front
4299 1 229 2191 0 -1 0 269.520 29.224 -300.038 268.656 27.896 -300.641 270.391 30.552 -299.641 pal-environment-front
4300 1 229 2193 0 -1 0 271.373 28.224 -295.257 270.502 26.896 -295.655 272.236 29.552 -294.655 pal-environment-front
4301 1 229 2194 0 -1 0 269.758 28.224 -293.635 269.361 26.896 -294.498 270.361 29.552 -292.764 pal-environment-front
4302 1 229 2195 0 -1 0 271.380 28.224 -292.021 270.517 26.896 -292.623 272.252 29.552 -291.623 pal-environment-front
4303 1 229 2197 0 -1 0 287.622 26.224 -294.758 286.751 24.896 -295.155 288.485 27.552 -294.155 pal-environment-front
4304 1 229 2198 0 -1 0 286.007 26.224 -293.136 285.610 24.896 -293.999 286.610 27.552 -292.265 pal-environment-front
4305 1 229 2199 0 -1 0 287.630 26.224 -291.521 286.767 24.896 -292.124 288.501 27.552 -291.124 pal-environment-front
4306 1 229 2210 0 -1 0 277.982 31.223 -311.772 277.585 29.895 -312.636 278.585 32.551 -310.901 pal-environment-front
4307 1 229 2211 0 -1 0 279.605 31.223 -310.158 278.741 29.895 -310.761 280.476 32.551 -309.761 pal-environment-front
4308 1 229 2214 0 -1 0 269.997 30.223 -309.405 269.600 28.895 -310.268 270.600 31.551 -308.534 pal-environment-front
4309 1 229 2215 0 -1 0 271.620 30.223 -307.790 270.757 28.895 -308.393 272.491 31.551 -307.393 pal-environment-front
4310 1 0 1413 0 -1 0 208.209 26.782 -163.222 203.316 20.053 -168.769 213.712 35.346 -160.373 jng-rockwall-01
4311 1 0 1414 0 -1 0 253.791 25.025 -252.553 245.791 18.100 -260.473 259.380 33.657 -248.206 jng-rockwall-01
4312 1 0 1420 0 -1 0 294.947 5.954 -321.675 289.321 -3.700 -327.520 297.729 16.223 -316.851 jng-rockwall-01
4313 1 0 1299 0 -1 0 504.693 7.975 -162.898 502.040 3.597 -167.142 506.401 12.137 -159.848 jng-rockwall-01
4314 1 0 1435 0 -1 0 257.659 20.049 -151.471 255.571 18.227 -154.585 260.529 21.974 -149.012 jng-rockwall-01
4315 1 0 1436 0 -1 0 262.286 2.351 -131.387 260.256 0.154 -135.379 265.668 4.154 -128.182 jng-rockwall-01
4316 1 0 1444 0 -1 0 309.861 29.465 -220.648 306.366 27.825 -223.804 311.768 31.260 -217.315 jng-rockwall-01
4317 1 0 1445 0 -1 0 303.305 19.917 -220.418 299.155 17.732 -224.766 307.321 22.309 -218.170 jng-rockwall-01
4318 1 0 1452 0 -1 0 195.044 49.613 -248.828 190.946 46.373 -253.293 201.792 53.161 -243.502 jng-rockwall-01
4319 1 0 1407 0 -1 0 470.138 15.793 -240.563 461.859 8.210 -250.147 475.343 25.233 -235.101 jng-rockwall-01
4320 1 229 2229 0 -1 0 362.221 -15.580 -241.107 355.971 -20.484 -247.358 368.471 -8.000 -234.858 pal-environment-front
4321 1 229 2230 0 -1 0 362.221 -3.580 -241.107 355.971 -8.484 -247.358 368.471 4.000 -234.858 pal-environment-front
4322 1 229 2231 0 -1 0 362.221 8.420 -241.107 355.971 3.516 -247.358 368.471 16.000 -234.858 pal-environment-front
4323 1 229 2232 0 -1 0 362.221 20.420 -241.107 355.971 15.516 -247.358 368.471 28.000 -234.858 pal-environment-front
4324 1 229 2233 0 -1 0 362.221 32.420 -241.107 355.971 27.516 -247.358 368.471 40.000 -234.858 pal-environment-front
4325 1 229 2234 0 -1 0 362.221 44.420 -241.107 355.971 39.516 -247.358 368.471 52.000 -234.858 pal-environment-front
4326 1 229 2235 0 -1 0 362.221 56.420 -241.107 355.971 51.516 -247.358 368.471 64.000 -234.858 pal-environment-front
4327 1 229 2236 0 -1 0 362.221 68.420 -241.107 355.971 63.516 -247.358 368.471 76.000 -234.858 pal-environment-front
4328 1 229 2237 0 -1 0 362.221 80.420 -241.107 355.971 75.516 -247.358 368.471 88.000 -234.858 pal-environment-front
4329 1 229 2238 0 -1 0 362.221 92.420 -241.107 355.971 87.516 -247.358 368.471 100.000 -234.858 pal-environment-front
4330 1 229 2239 0 -1 0 362.221 103.139 -241.107 355.971 99.672 -247.358 368.471 108.499 -234.858 pal-environment-front
4331 1 31 2918 0 -1 0 384.497 26.143 -265.571 376.191 14.261 -272.281 391.894 37.949 -257.812 jng-stonehengetop
4332 1 17 2806 0 -1 0 383.342 42.414 -264.487 374.456 37.777 -272.999 392.253 47.418 -255.968 gen-metal-dark-hitweak
4333 1 70 2940 0 -1 0 369.150 40.262 -204.677 365.484 35.678 -209.530 372.406 44.647 -200.015 cmn-precursor-stonehengetop
4334 1 72 2229 0 -1 0 362.221 -12.000 -241.108 356.221 -16.000 -247.108 368.221 -8.000 -235.108 cmn-precursor-metal-plain-01
4335 1 72 2230 0 -1 0 362.221 0.000 -241.108 356.221 -4.000 -247.108 368.221 4.000 -235.108 cmn-precursor-metal-plain-01
4336 1 72 2231 0 -1 0 362.221 12.000 -241.108 356.221 8.000 -247.108 368.221 16.000 -235.108 cmn-precursor-metal-plain-01
4337 1 72 2232 0 -1 0 362.221 24.000 -241.108 356.221 20.000 -247.108 368.221 28.000 -235.108 cmn-precursor-metal-plain-01
4338 1 72 2233 0 -1 0 362.221 36.000 -241.108 356.221 32.000 -247.108 368.221 40.000 -235.108 cmn-precursor-metal-plain-01
4339 1 72 2234 0 -1 0 362.221 48.000 -241.108 356.221 44.000 -247.108 368.221 52.000 -235.108 cmn-precursor-metal-plain-01
4340 1 72 2235 0 -1 0 362.221 60.000 -241.108 356.221 56.000 -247.108 368.221 64.000 -235.108 cmn-precursor-metal-plain-01
4341 1 72 2236 0 -1 0 362.221 72.000 -241.108 356.221 68.000 -247.108 368.221 76.000 -235.108 cmn-precursor-metal-plain-01
4342 1 72 2237 0 -1 0 362.221 84.000 -241.108 356.221 80.000 -247.108 368.221 88.000 -235.108 cmn-precursor-metal-plain-01
4343 1 72 2238 0 -1 0 362.221 96.000 -241.108 356.221 92.000 -247.108 368.221 100.000 -235.108 cmn-precursor-metal-plain-01
4344 1 72 2239 0 -1 0 362.221 105.671 -241.108 356.221 102.843 -247.108 368.221 108.499 -235.108 cmn-precursor-metal-plain-01
4345 1 74 2229 0 -1 0 362.221 -19.160 -241.107 355.971 -20.484 -247.358 368.471 -16.000 -234.858 cmn-precursor-plainstripe
4346 1 74 2230 0 -1 0 362.221 -7.160 -241.107 355.971 -8.484 -247.358 368.471 -4.000 -234.858 cmn-precursor-plainstripe
4347 1 74 2231 0 -1 0 362.221 4.840 -241.107 355.971 3.516 -247.358 368.471 8.000 -234.858 cmn-precursor-plainstripe
4348 1 74 2232 0 -1 0 362.221 16.840 -241.107 355.971 15.516 -247.358 368.471 20.000 -234.858 cmn-precursor-plainstripe
4349 1 74 2233 0 -1 0 362.221 28.840 -241.107 355.971 27.516 -247.358 368.471 32.000 -234.858 cmn-precursor-plainstripe
4350 1 74 2234 0 -1 0 362.221 40.840 -241.107 355.971 39.516 -247.358 368.471 44.000 -234.858 cmn-precursor-plainstripe
4351 1 74 2235 0 -1 0 362.221 52.840 -241.107 355.971 51.516 -247.358 368.471 56.000 -234.858 cmn-precursor-plainstripe
4352 1 74 2236 0 -1 0 362.221 64.840 -241.107 355.971 63.516 -247.358 368.471 68.000 -234.858 cmn-precursor-plainstripe
4353 1 74 2237 0 -1 0 362.221 76.840 -241.107 355.971 75.516 -247.358 368.471 80.000 -234.858 cmn-precursor-plainstripe
4354 1 74 2238 0 -1 0 362.221 88.840 -241.107 355.971 87.516 -247.358 368.471 92.000 -234.858 cmn-precursor-plainstripe
4355 1 74 2239 0 -1 0 362.221 100.608 -241.107 355.971 99.672 -247.358 368.471 102.843 -234.858 cmn-precursor-plainstripe
4356 1 4 1774 0 -1 0 363.611 36.605 -139.079 359.271 31.614 -141.845 369.642 38.991 -137.055 jng-treebark-01-4x4
4357 1 4 1780 0 -1 0 326.161 41.985 -205.845 324.019 37.313 -210.719 329.180 44.105 -200.101 jng-treebark-01-4x4
4358 1 4 1814 0 -1 0 389.559 39.883 -334.204 384.279 35.349 -338.071 393.323 41.941 -330.433 jng-treebark-01-4x4
4359 1 4 1816 0 -1 0 397.135 39.883 -350.670 393.511 35.349 -354.575 402.254 41.941 -346.579 jng-treebark-01-4x4
4360 1 74 2222 0 -1 0 279.462 27.525 -301.178 275.460 26.005 -305.178 283.460 29.021 -297.178 cmn-precursor-plainstripe
4361 1 75 2172 0 -1 0 279.543 28.459 -290.933 277.559 28.146 -292.917 281.528 28.834 -288.948 cmn-precursor-stonehenge-rim
4362 1 75 2173 0 -1 0 269.516 30.459 -301.656 267.531 30.146 -303.641 271.500 30.834 -299.672 cmn-precursor-stonehenge-rim
4363 1 75 2174 0 -1 0 271.377 29.459 -293.639 269.392 29.146 -295.623 273.361 29.834 -291.655 cmn-precursor-stonehenge-rim
4364 1 75 2175 0 -1 0 287.626 27.459 -293.140 285.642 27.146 -295.124 289.610 27.834 -291.155 cmn-precursor-stonehenge-rim
4365 1 75 2176 0 -1 0 289.358 33.780 -301.574 287.373 33.389 -303.559 291.342 34.248 -299.590 cmn-precursor-stonehenge-rim
4366 1 75 2177 0 -1 0 287.168 33.103 -308.712 285.183 32.712 -310.697 289.152 33.571 -306.728 cmn-precursor-stonehenge-rim
4367 1 75 2178 0 -1 0 279.601 32.458 -311.776 277.616 32.145 -313.761 281.585 32.833 -309.792 cmn-precursor-stonehenge-rim
4368 1 75 2179 0 -1 0 271.616 31.458 -309.409 269.632 31.145 -311.393 273.600 31.833 -307.424 cmn-precursor-stonehenge-rim
4369 1 4 2315 0 -1 0 325.467 33.717 -121.181 322.478 32.248 -124.426 328.227 34.451 -118.418 jng-treebark-01-4x4
4370 1 4 2316 0 -1 0 323.747 39.834 -132.723 321.454 36.956 -133.333 326.265 42.280 -132.141 jng-treebark-01-4x4
4371 1 4 2317 0 -1 0 327.580 34.456 -129.061 324.073 32.130 -133.138 330.808 35.857 -125.529 jng-treebark-01-4x4
4372 1 4 2318 0 -1 0 324.330 35.431 -126.017 322.305 31.637 -127.230 326.166 38.838 -125.385 jng-treebark-01-4x4
4373 1 4 2319 0 -1 0 344.413 40.732 -132.135 342.700 36.955 -133.175 346.421 44.111 -130.970 jng-treebark-01-4x4
4374 1 4 2321 0 -1 0 349.295 42.372 -133.234 347.134 39.113 -135.594 351.110 45.025 -130.657 jng-treebark-01-4x4
4375 1 4 2322 0 -1 0 336.435 40.294 -131.160 334.994 38.175 -134.134 338.135 41.720 -128.445 jng-treebark-01-4x4
4376 1 4 2323 0 -1 0 342.300 38.942 -135.747 339.841 34.571 -138.371 344.358 42.617 -132.889 jng-treebark-01-4x4
4377 1 4 2331 0 -1 0 329.634 35.357 -162.179 326.546 31.587 -163.925 332.998 38.382 -160.715 jng-treebark-01-4x4
4378 1 4 2339 0 -1 0 310.394 43.140 -138.156 308.021 40.620 -140.469 313.055 44.951 -136.107 jng-treebark-01-4x4
4379 1 4 2340 0 -1 0 310.455 38.580 -131.972 307.632 35.606 -135.449 313.016 40.712 -128.911 jng-treebark-01-4x4
4380 1 4 2341 0 -1 0 306.082 40.040 -138.169 303.175 36.494 -140.279 309.276 42.781 -135.722 jng-treebark-01-4x4
4381 1 4 2342 0 -1 0 287.667 37.508 -134.639 287.180 33.404 -138.294 288.396 40.801 -130.643 jng-treebark-01-4x4
4382 1 4 2343 0 -1 0 291.535 39.597 -133.413 289.471 35.851 -134.054 293.788 42.919 -132.873 jng-treebark-01-4x4
4383 1 4 2345 0 -1 0 310.286 39.113 -154.157 307.924 36.071 -158.621 312.305 41.150 -150.095 jng-treebark-01-4x4
4384 1 4 2346 0 -1 0 293.819 39.519 -138.480 289.612 36.364 -140.899 297.614 41.665 -135.702 jng-treebark-01-4x4
4385 1 4 2349 0 -1 0 286.993 44.105 -140.568 285.063 40.952 -143.493 288.630 46.552 -137.882 jng-treebark-01-4x4
4386 1 4 2350 0 -1 0 286.093 41.410 -135.446 283.089 37.304 -137.982 289.445 44.694 -133.208 jng-treebark-01-4x4
4387 1 4 2351 0 -1 0 286.029 39.628 -127.568 284.975 37.214 -130.615 286.733 41.392 -124.775 jng-treebark-01-4x4
4388 1 4 2353 0 -1 0 265.291 42.291 -150.173 263.538 37.442 -153.769 266.591 46.139 -146.245 jng-treebark-01-4x4
4389 1 4 2356 0 -1 0 285.392 39.795 -168.768 281.794 35.869 -170.258 289.324 42.893 -166.775 jng-treebark-01-4x4
4390 1 4 2357 0 -1 0 292.581 38.562 -164.381 288.085 35.188 -166.214 296.709 40.940 -162.981 jng-treebark-01-4x4
4391 1 4 2358 0 -1 0 307.784 41.278 -162.012 305.635 37.119 -165.011 310.261 44.620 -158.704 jng-treebark-01-4x4
4392 1 4 2367 0 -1 0 299.667 38.901 -200.069 297.029 34.463 -203.571 302.874 42.409 -196.869 jng-treebark-01-4x4
4393 1 4 2370 0 -1 0 283.344 37.791 -199.279 281.821 33.687 -202.836 284.386 41.084 -195.390 jng-treebark-01-4x4
4394 1 4 2388 0 -1 0 392.267 42.390 -337.744 389.063 39.588 -341.167 395.024 44.377 -334.014 jng-treebark-01-4x4
4395 1 4 2404 0 -1 0 244.652 56.351 -250.288 242.452 52.998 -254.613 246.510 58.730 -246.332 jng-treebark-01-4x4
4396 1 4 2406 0 -1 0 238.157 54.811 -255.123 234.696 50.706 -257.182 241.273 58.103 -252.772 jng-treebark-01-4x4
4397 1 4 2408 0 -1 0 257.494 47.454 -305.892 252.797 44.100 -306.500 261.803 49.833 -305.278 jng-treebark-01-4x4
4398 1 229 2809 0 -1 0 390.585 30.237 -258.719 388.034 20.105 -261.296 393.081 39.230 -256.171 pal-environment-front
4399 1 229 2810 0 -1 0 376.534 30.237 -271.331 374.300 20.105 -273.624 378.738 39.230 -269.077 pal-environment-front
4400 1 0 986 0 -1 0 234.966 12.931 -183.527 229.373 1.261 -186.532 239.055 22.147 -181.938 jng-rockwall-01
4401 1 9 2775 0 -1 0 327.413 22.129 -241.058 317.741 16.813 -250.668 337.084 27.016 -231.464 cmn-precursor-metal-plain-01-hitweak
4402 1 14 2809 0 -1 0 390.583 35.365 -258.721 388.238 30.996 -261.062 392.878 39.230 -256.406 cmn-precursor-metal-edging-01-hitweak
4403 1 14 2810 0 -1 0 376.535 35.365 -271.335 374.503 30.996 -273.437 378.534 39.230 -269.265 cmn-precursor-metal-edging-01-hitweak
4404 1 17 2811 0 -1 0 349.173 37.542 -209.607 342.477 30.479 -212.980 356.306 43.588 -207.178 gen-metal-dark-hitweak
4405 1 17 2812 0 -1 0 330.746 37.542 -228.030 328.323 30.479 -235.150 334.125 43.588 -221.321 gen-metal-dark-hitweak
4406 1 17 2813 0 -1 0 338.132 37.542 -216.985 333.237 30.479 -222.664 343.820 43.588 -212.081 gen-metal-dark-hitweak
4407 1 17 2814 0 -1 0 330.549 61.922 -253.571 328.197 54.858 -260.320 333.812 67.968 -246.400 gen-metal-dark-hitweak
4408 1 17 2815 0 -1 0 337.747 61.922 -264.738 332.936 54.858 -269.725 343.344 67.968 -258.969 gen-metal-dark-hitweak
4409 1 17 2816 0 -1 0 348.675 61.922 -272.285 342.022 54.858 -274.798 355.756 67.968 -268.797 gen-metal-dark-hitweak
4410 1 23 2809 0 -1 0 390.586 25.109 -258.717 388.034 20.105 -261.296 393.081 30.996 -256.171 cmn-precursor-stonehenge-rim-hitweak
4411 1 23 2810 0 -1 0 376.532 25.109 -271.326 374.300 20.105 -273.624 378.738 30.996 -269.077 cmn-precursor-stonehenge-rim-hitweak
4412 1 11 1671 0 -1 0 375.625 18.369 -165.376 374.827 16.191 -166.539 376.376 20.606 -164.244 jng-treebark-03
4413 1 11 1674 0 -1 0 341.797 22.097 -134.599 341.047 20.070 -135.468 342.649 24.227 -133.437 jng-treebark-03
4414 1 11 1677 0 -1 0 322.806 21.595 -138.949 322.093 19.492 -140.322 323.538 23.709 -137.426 jng-treebark-03
4415 1 11 1680 0 -1 0 332.044 20.132 -164.036 331.341 18.299 -164.835 332.729 22.116 -163.289 jng-treebark-03
4416 1 11 1683 0 -1 0 350.407 21.905 -165.947 349.596 19.403 -167.116 351.147 24.529 -164.688 jng-treebark-03
4417 1 11 1686 0 -1 0 288.657 20.928 -131.476 287.846 18.932 -132.240 289.438 23.089 -130.626 jng-treebark-03
4418 1 11 1689 0 -1 0 306.029 20.122 -202.385 304.786 17.671 -203.458 307.070 22.674 -201.550 jng-treebark-03
4419 1 11 1692 0 -1 0 283.300 21.211 -195.972 282.575 19.215 -196.727 283.935 23.371 -195.024 jng-treebark-03
4420 1 11 1695 0 -1 0 265.027 22.537 -146.243 264.301 20.120 -146.991 265.705 25.128 -145.361 jng-treebark-03
4421 1 11 1698 0 -1 0 235.865 38.231 -252.731 235.155 36.235 -253.514 236.652 40.391 -251.855 jng-treebark-03
4422 1 11 1701 0 -1 0 229.369 39.632 -281.359 228.637 37.551 -282.114 230.351 41.819 -280.411 jng-treebark-03
4423 1 11 1704 0 -1 0 237.968 38.690 -293.340 237.107 36.618 -294.038 238.737 40.810 -292.550 jng-treebark-03
4424 1 11 1707 0 -1 0 476.875 20.811 -313.392 475.436 18.244 -314.022 478.043 23.490 -312.744 jng-treebark-03
4425 1 11 1710 0 -1 0 470.038 17.573 -299.574 469.365 15.703 -300.455 470.810 19.529 -298.850 jng-treebark-03
4426 1 11 1713 0 -1 0 453.654 18.142 -329.334 452.692 16.284 -330.086 454.540 20.081 -328.328 jng-treebark-03
4427 1 11 1716 0 -1 0 439.945 28.626 -356.362 439.227 26.558 -357.066 440.816 30.809 -355.628 jng-treebark-03
4428 1 11 1719 0 -1 0 407.399 27.819 -345.019 406.691 25.709 -345.731 408.191 30.102 -344.378 jng-treebark-03
4429 1 11 1722 0 -1 0 411.286 45.270 -361.361 410.567 43.203 -362.065 412.156 47.453 -360.627 jng-treebark-03
4430 1 11 1725 0 -1 0 395.071 29.047 -368.195 394.258 26.514 -369.022 395.865 31.703 -367.363 jng-treebark-03
4431 1 11 1728 0 -1 0 404.812 28.318 -361.261 404.106 25.772 -362.369 405.508 31.032 -360.446 jng-treebark-03
4432 1 11 1731 0 -1 0 425.353 23.857 -362.516 424.591 21.316 -363.260 426.106 26.512 -361.595 jng-treebark-03
4433 1 11 1734 0 -1 0 368.954 29.247 -355.774 368.080 27.251 -356.475 369.731 31.407 -354.985 jng-treebark-03
4434 1 11 1737 0 -1 0 362.349 28.373 -351.185 361.609 26.377 -351.938 363.055 30.534 -350.222 jng-treebark-03
4435 1 11 1740 0 -1 0 377.439 32.074 -362.872 376.688 29.511 -363.683 378.346 34.797 -362.130 jng-treebark-03
4436 1 11 1743 0 -1 0 308.830 13.085 -356.618 308.053 10.585 -357.494 309.681 15.710 -355.838 jng-treebark-03
4437 1 11 1746 0 -1 0 339.357 3.215 -360.944 338.651 0.667 -361.986 340.133 5.934 -360.139 jng-treebark-03
4438 1 11 1749 0 -1 0 316.268 10.706 -365.387 315.509 8.311 -366.209 317.010 13.298 -364.530 jng-treebark-03
4439 1 11 1752 0 -1 0 291.237 28.286 -323.068 290.543 26.479 -323.760 292.024 30.242 -322.340 jng-treebark-03
4440 1 11 1755 0 -1 0 273.017 31.332 -328.859 272.267 28.822 -329.765 273.814 34.013 -328.072 jng-treebark-03
4441 1 11 1758 0 -1 0 244.330 44.539 -312.686 243.378 42.489 -313.392 245.083 46.723 -312.054 jng-treebark-03
4442 1 11 1761 0 -1 0 255.062 28.898 -319.473 253.731 26.894 -320.156 256.286 30.968 -318.762 jng-treebark-03
4443 1 11 1764 0 -1 0 291.979 27.429 -341.001 291.229 24.920 -341.907 292.776 30.111 -340.214 jng-treebark-03
4444 1 72 2808 0 -1 0 363.069 27.754 -199.835 351.374 22.490 -208.733 373.077 33.506 -195.358 cmn-precursor-metal-plain-01
4445 1 0 1119 0 -1 0 292.081 6.953 -129.574 289.965 3.551 -130.915 293.519 9.737 -129.054 jng-rockwall-01
4446 1 0 1120 0 -1 0 256.750 4.853 -142.695 253.481 0.827 -144.442 259.224 8.129 -141.398 jng-rockwall-01
4447 1 0 1122 0 -1 0 222.400 5.842 -190.641 219.507 0.839 -192.209 224.572 9.935 -189.818 jng-rockwall-01
4448 1 17 2865 0 -1 0 376.787 24.652 -273.599 374.988 20.308 -274.843 378.097 27.965 -271.874 gen-metal-dark-hitweak
4449 1 229 2865 0 -1 0 376.787 24.652 -273.599 374.988 20.308 -274.843 378.097 27.965 -271.874 pal-environment-front
4450 1 30 2617 0 -1 0 373.774 22.119 -156.350 371.243 22.119 -158.881 376.305 22.119 -153.819 jng-black
4451 1 30 2618 0 -1 0 217.566 2.132 -116.621 215.035 2.132 -119.152 220.097 2.132 -114.089 jng-black
4452 1 30 2619 0 -1 0 319.777 29.482 -223.006 317.245 29.482 -225.537 322.308 29.482 -220.475 jng-black
4453 1 30 2620 0 -1 0 457.919 29.051 -234.920 455.388 29.051 -237.451 460.450 29.051 -232.389 jng-black
4454 1 30 2621 0 -1 0 261.802 37.204 -257.962 259.271 37.204 -260.493 264.333 37.204 -255.431 jng-black
4455 1 27 2874 0 -1 0 381.322 35.623 -228.256 372.035 35.557 -234.585 390.087 35.713 -222.301 jng-precursor-metal-floor
4456 1 27 2876 0 -1 0 374.972 35.623 -221.913 368.663 35.557 -231.213 380.942 35.713 -213.157 jng-precursor-metal-floor
4457 1 27 2880 0 -1 0 363.367 55.490 -218.084 362.573 55.423 -229.097 364.149 55.580 -207.711 jng-precursor-metal-floor
4458 1 27 2884 0 -1 0 366.728 20.495 -263.615 364.334 20.429 -273.840 368.977 20.585 -252.765 jng-precursor-metal-floor
4459 1 27 2886 0 -1 0 357.732 20.495 -263.613 355.465 20.429 -273.836 360.104 20.585 -252.758 jng-precursor-metal-floor
4460 1 27 2888 0 -1 0 381.348 20.495 -253.812 372.048 20.429 -259.782 390.104 20.585 -247.502 jng-precursor-metal-floor
4461 1 27 2890 0 -1 0 375.005 20.495 -260.162 368.676 20.429 -268.926 380.961 20.585 -250.875 jng-precursor-metal-floor
4462 1 27 2892 0 -1 0 384.774 20.495 -245.530 373.918 20.429 -247.797 394.996 20.585 -243.157 jng-precursor-metal-floor
4463 1 27 2894 0 -1 0 341.454 80.338 -250.977 331.983 80.272 -255.654 351.494 80.428 -246.007 jng-precursor-metal-floor
4464 1 27 2896 0 -1 0 339.247 80.338 -242.290 328.874 80.272 -243.065 350.260 80.428 -241.461 jng-precursor-metal-floor
4465 1 27 2900 0 -1 0 341.423 55.490 -231.178 331.953 55.423 -236.117 351.480 55.580 -226.497 jng-precursor-metal-floor
4466 1 27 2906 0 -1 0 346.829 80.338 -258.163 339.705 80.272 -266.029 354.368 80.428 -249.807 jng-precursor-metal-floor
4467 1 27 2908 0 -1 0 366.685 35.618 -218.924 364.313 35.551 -229.346 368.952 35.708 -210.002 jng-precursor-metal-floor
4468 1 229 2874 0 -1 0 381.322 35.623 -228.256 372.035 35.557 -234.585 390.087 35.713 -222.301 pal-environment-front
4469 1 229 2876 0 -1 0 374.972 35.623 -221.913 368.663 35.557 -231.213 380.942 35.713 -213.157 pal-environment-front
4470 1 229 2880 0 -1 0 363.367 55.490 -218.084 362.573 55.423 -229.097 364.149 55.580 -207.711 pal-environment-front
4471 1 229 2884 0 -1 0 366.728 20.495 -263.615 364.334 20.429 -273.840 368.977 20.585 -252.765 pal-environment-front
4472 1 229 2886 0 -1 0 357.732 20.495 -263.613 355.465 20.429 -273.836 360.104 20.585 -252.758 pal-environment-front
4473 1 229 2888 0 -1 0 381.348 20.495 -253.812 372.048 20.429 -259.782 390.104 20.585 -247.502 pal-environment-front
4474 1 229 2890 0 -1 0 375.005 20.495 -260.162 368.676 20.429 -268.926 380.961 20.585 -250.875 pal-environment-front
4475 1 229 2892 0 -1 0 384.774 20.495 -245.530 373.918 20.429 -247.797 394.996 20.585 -243.157 pal-environment-front
4476 1 229 2894 0 -1 0 341.454 80.338 -250.977 331.983 80.272 -255.654 351.494 80.428 -246.007 pal-environment-front
4477 1 229 2896 0 -1 0 339.247 80.338 -242.290 328.874 80.272 -243.065 350.260 80.428 -241.461 pal-environment-front
4478 1 229 2900 0 -1 0 341.423 55.490 -231.178 331.953 55.423 -236.117 351.480 55.580 -226.497 pal-environment-front
4479 1 229 2906 0 -1 0 346.829 80.338 -258.163 339.705 80.272 -266.029 354.368 80.428 -249.807 pal-environment-front
4480 1 229 2908 0 -1 0 366.685 35.618 -218.924 364.313 35.551 -229.346 368.952 35.708 -210.002 pal-environment-front
4481 1 0 1405 0 -1 0 367.070 26.883 -136.685 358.429 16.208 -142.308 376.403 37.560 -129.609 jng-rockwall-01
4482 1 0 866 0 -1 0 273.531 6.623 -209.205 265.569 -2.240 -213.325 280.156 14.969 -203.643 jng-rockwall-01
4483 1 0 857 0 -1 0 329.367 20.755 -259.973 325.217 13.045 -265.174 335.352 28.061 -254.076 jng-rockwall-01
4484 1 0 1412 0 -1 0 259.988 7.096 -212.277 252.165 -1.698 -216.378 265.632 16.406 -206.428 jng-rockwall-01
4485 1 0 1423 0 -1 0 403.735 19.360 -170.936 401.673 17.178 -172.757 406.478 21.751 -168.744 jng-rockwall-01
4486 1 0 1424 0 -1 0 406.730 47.934 -165.763 404.553 44.856 -169.629 410.673 50.966 -161.980 jng-rockwall-01
4487 1 0 1425 0 -1 0 410.693 45.984 -180.293 406.518 42.222 -182.482 414.371 48.747 -177.015 jng-rockwall-01
4488 1 0 1433 0 -1 0 331.806 0.137 -277.066 329.050 -1.754 -279.281 333.862 2.207 -275.230 jng-rockwall-01
4489 1 0 1441 0 -1 0 241.597 24.841 -214.224 239.151 22.844 -216.183 243.606 26.818 -211.242 jng-rockwall-01
4490 1 0 1442 0 -1 0 226.948 22.033 -217.621 225.776 21.023 -218.925 228.620 23.140 -216.154 jng-rockwall-01
4491 1 0 1447 0 -1 0 252.561 2.162 -222.380 250.364 0.217 -224.460 254.389 4.291 -219.624 jng-rockwall-01
4492 1 0 1449 0 -1 0 305.837 0.285 -259.707 301.666 -2.012 -263.028 308.205 2.570 -256.814 jng-rockwall-01
4493 1 0 1456 0 -1 0 309.712 2.129 -303.335 307.928 -0.352 -306.045 311.282 4.480 -300.667 jng-rockwall-01
4494 1 0 836 0 -1 0 461.333 17.021 -228.238 454.893 8.989 -235.705 465.496 24.970 -221.835 jng-rockwall-01
4495 1 0 851 0 -1 0 451.172 34.743 -258.566 446.427 27.034 -261.290 456.049 42.049 -256.467 jng-rockwall-01
4496 1 0 860 0 -1 0 314.250 4.622 -127.752 308.499 -5.317 -131.887 319.288 13.956 -125.103 jng-rockwall-01
4497 1 0 863 0 -1 0 274.027 7.477 -129.180 268.883 -1.389 -133.910 279.366 15.742 -126.870 jng-rockwall-01
4498 1 0 893 0 -1 0 400.046 4.747 -293.353 394.889 -3.155 -295.906 404.823 11.880 -289.400 jng-rockwall-01
4499 1 0 896 0 -1 0 370.705 5.871 -327.774 364.244 -2.339 -332.746 375.647 14.036 -324.259 jng-rockwall-01
4500 1 0 1018 0 -1 0 445.015 14.032 -264.319 441.013 8.687 -267.206 450.332 19.635 -259.676 jng-rockwall-01
4501 1 70 2201 0 -1 0 289.354 32.237 -303.193 288.483 30.576 -303.590 290.217 33.897 -302.590 cmn-precursor-stonehengetop
4502 1 70 2202 0 -1 0 287.739 32.237 -301.570 287.342 30.576 -302.434 288.342 33.897 -300.699 cmn-precursor-stonehengetop
4503 1 70 2203 0 -1 0 289.361 32.237 -299.956 288.498 30.576 -300.559 290.233 33.897 -299.559 cmn-precursor-stonehengetop
4504 1 70 2205 0 -1 0 287.164 31.560 -310.331 286.293 29.899 -310.728 288.027 33.220 -309.728 cmn-precursor-stonehengetop
4505 1 70 2206 0 -1 0 285.549 31.560 -308.708 285.152 29.899 -309.572 286.152 33.220 -307.837 cmn-precursor-stonehengetop
4506 1 70 2207 0 -1 0 287.172 31.560 -307.094 286.308 29.899 -307.697 288.043 33.220 -306.697 cmn-precursor-stonehengetop
4507 1 229 2201 0 -1 0 289.354 32.237 -303.193 288.483 30.576 -303.590 290.217 33.897 -302.590 pal-environment-front
4508 1 229 2202 0 -1 0 287.739 32.237 -301.570 287.342 30.576 -302.434 288.342 33.897 -300.699 pal-environment-front
4509 1 229 2203 0 -1 0 289.361 32.237 -299.956 288.498 30.576 -300.559 290.233 33.897 -299.559 pal-environment-front
4510 1 229 2205 0 -1 0 287.164 31.560 -310.331 286.293 29.899 -310.728 288.027 33.220 -309.728 pal-environment-front
4511 1 229 2206 0 -1 0 285.549 31.560 -308.708 285.152 29.899 -309.572 286.152 33.220 -307.837 pal-environment-front
4512 1 229 2207 0 -1 0 287.172 31.560 -307.094 286.308 29.899 -307.697 288.043 33.220 -306.697 pal-environment-front
4513 1 0 833 0 -1 0 332.157 2.877 -129.726 326.523 -4.618 -133.861 336.950 10.050 -126.871 jng-rockwall-01
4514 1 0 842 0 -1 0 474.690 4.194 -249.323 467.156 -3.078 -255.384 479.923 11.844 -244.388 jng-rockwall-01
4515 1 0 848 0 -1 0 485.375 36.642 -257.423 478.161 25.077 -261.257 491.799 47.601 -254.259 jng-rockwall-01
4516 1 0 869 0 -1 0 309.338 4.878 -273.514 302.703 -2.447 -279.088 313.470 12.593 -268.941 jng-rockwall-01
4517 1 0 881 0 -1 0 442.108 31.932 -361.845 438.322 20.990 -369.460 446.545 41.644 -355.395 jng-rockwall-01
4518 1 0 899 0 -1 0 361.466 37.236 -361.974 358.352 25.672 -368.360 363.397 48.195 -355.860 jng-rockwall-01
4519 1 0 908 0 -1 0 295.789 11.995 -312.261 288.051 3.219 -317.390 300.298 21.355 -306.143 jng-rockwall-01
4520 1 0 911 0 -1 0 245.936 34.544 -305.829 240.462 24.402 -312.220 249.771 44.070 -300.122 jng-rockwall-01
4521 1 4 2352 0 -1 0 261.007 45.033 -144.383 260.387 42.068 -147.368 261.861 47.232 -141.644 jng-treebark-01-4x4
4522 1 4 2354 0 -1 0 268.363 44.900 -147.646 266.467 40.426 -148.720 270.494 48.854 -146.453 jng-treebark-01-4x4
4523 1 0 1303 0 -1 0 462.051 38.943 -188.468 455.890 35.338 -191.328 465.484 42.398 -183.823 jng-rockwall-01
4524 1 0 1305 0 -1 0 339.277 17.878 -274.785 336.745 14.225 -277.552 343.228 21.374 -270.571 jng-rockwall-01
4525 1 0 1321 0 -1 0 306.957 19.914 -292.829 301.874 16.333 -296.404 309.579 23.582 -287.983 jng-rockwall-01
4526 1 0 1427 0 -1 0 435.103 29.368 -205.906 432.509 27.748 -207.515 437.850 30.888 -203.984 jng-rockwall-01
4527 1 0 1428 0 -1 0 439.152 29.467 -206.178 436.063 27.853 -208.503 441.841 31.130 -204.800 jng-rockwall-01
4528 1 0 1429 0 -1 0 479.373 29.564 -254.212 477.527 27.769 -256.653 481.940 31.120 -251.837 jng-rockwall-01
4529 1 0 1430 0 -1 0 397.678 1.488 -251.674 395.476 -0.030 -255.166 400.339 3.093 -249.532 jng-rockwall-01
4530 1 0 1431 0 -1 0 399.820 1.293 -262.829 396.224 -0.414 -265.649 401.904 2.967 -260.532 jng-rockwall-01
4531 1 0 1432 0 -1 0 317.338 28.549 -236.458 316.124 27.469 -238.542 318.723 29.731 -234.617 jng-rockwall-01
4532 1 0 1434 0 -1 0 292.149 18.785 -212.532 290.348 17.351 -214.262 294.611 20.166 -210.477 jng-rockwall-01
4533 1 0 1439 0 -1 0 280.412 20.843 -202.262 278.559 18.934 -204.358 282.098 22.629 -199.352 jng-rockwall-01
4534 1 0 1440 0 -1 0 231.979 27.160 -186.519 230.610 25.636 -189.556 234.453 28.769 -183.754 jng-rockwall-01
4535 1 0 1443 0 -1 0 227.232 27.182 -193.686 224.805 25.547 -196.391 228.627 28.719 -190.964 jng-rockwall-01
4536 1 0 1446 0 -1 0 292.955 0.016 -228.407 289.681 -1.819 -232.202 296.692 2.025 -225.244 jng-rockwall-01
4537 1 0 1448 0 -1 0 254.193 2.041 -252.223 250.478 -0.115 -255.674 257.992 3.949 -250.457 jng-rockwall-01
4538 1 0 1450 0 -1 0 278.905 28.604 -270.822 277.553 26.720 -273.827 281.040 30.170 -268.027 jng-rockwall-01
4539 1 0 1451 0 -1 0 200.854 49.613 -227.395 195.745 46.373 -230.764 204.795 53.161 -221.750 jng-rockwall-01
4540 1 0 1453 0 -1 0 440.331 24.670 -356.858 437.972 22.739 -358.978 442.237 26.043 -354.218 jng-rockwall-01
4541 1 0 1457 0 -1 0 270.043 29.475 -325.188 267.258 27.602 -326.545 272.982 31.039 -323.213 jng-rockwall-01
4542 1 0 1458 0 -1 0 253.787 33.094 -326.860 251.002 31.221 -328.217 256.726 34.658 -324.885 jng-rockwall-01
4543 1 0 1459 0 -1 0 248.042 34.047 -322.693 245.257 32.174 -324.050 250.981 35.611 -320.718 jng-rockwall-01
4544 1 0 982 0 -1 0 216.285 14.462 -211.877 213.952 4.256 -213.544 221.537 22.620 -209.372 jng-rockwall-01
4545 1 0 845 0 -1 0 488.020 4.022 -258.744 477.769 -6.300 -262.966 497.122 13.131 -254.941 jng-rockwall-01
4546 1 0 890 0 -1 0 387.072 5.213 -296.284 381.009 -2.497 -299.817 393.344 12.519 -291.575 jng-rockwall-01
4547 1 0 1306 0 -1 0 239.414 14.688 -176.299 236.796 11.784 -180.236 243.403 17.652 -173.933 jng-rockwall-01
4548 1 0 1307 0 -1 0 250.773 16.571 -159.551 248.253 13.414 -163.630 254.725 19.692 -157.086 jng-rockwall-01
4549 1 0 1030 0 -1 0 191.429 23.610 -228.960 186.464 18.059 -233.960 193.512 29.940 -221.612 jng-rockwall-01
4550 1 9 2803 0 -1 0 405.061 28.011 -244.201 401.122 10.961 -247.549 409.131 43.070 -239.583 cmn-precursor-metal-plain-01-hitweak
4551 1 9 2804 0 -1 0 402.160 28.011 -234.122 397.427 10.961 -238.569 405.718 43.070 -230.606 cmn-precursor-metal-plain-01-hitweak
4552 1 9 2805 0 -1 0 389.393 28.011 -237.186 385.488 10.961 -241.882 393.509 43.070 -233.736 cmn-precursor-metal-plain-01-hitweak
4553 1 0 1038 0 -1 0 357.404 14.671 -292.519 352.860 8.265 -296.049 361.957 21.976 -287.389 jng-rockwall-01
4554 1 0 839 0 -1 0 438.966 14.262 -242.446 435.782 6.953 -250.028 443.393 21.082 -235.638 jng-rockwall-01
4555 1 0 854 0 -1 0 440.529 5.531 -266.491 438.086 -1.812 -274.038 444.066 12.900 -259.581 jng-rockwall-01
4556 1 0 1302 0 -1 0 359.103 19.564 -127.609 356.869 15.366 -131.491 362.774 23.341 -125.272 jng-rockwall-01
4557 1 0 1027 0 -1 0 307.522 7.157 -262.212 301.977 1.457 -267.990 311.164 14.182 -259.447 jng-rockwall-01
4558 1 0 1033 0 -1 0 229.250 26.072 -253.166 221.821 20.521 -261.534 236.698 31.965 -248.520 jng-rockwall-01
4559 1 0 1011 0 -1 0 483.271 25.758 -48.789 479.880 15.727 -55.809 488.693 35.446 -38.495 jng-rockwall-01
4560 1 0 1426 0 -1 0 358.572 22.062 -134.817 356.001 18.532 -137.083 361.606 24.486 -131.619 jng-rockwall-01
4561 1 0 1438 0 -1 0 274.697 19.632 -186.773 272.693 17.451 -189.696 278.391 22.021 -183.983 jng-rockwall-01
4562 1 0 1454 0 -1 0 347.335 0.810 -293.854 344.260 -1.358 -295.872 350.394 3.184 -291.919 jng-rockwall-01
4563 1 0 1455 0 -1 0 360.743 0.541 -301.189 358.258 -1.349 -302.945 363.653 2.611 -298.652 jng-rockwall-01
4564 1 27 2875 0 -1 0 378.258 35.635 -224.876 368.876 35.635 -234.386 389.932 35.635 -213.330 jng-precursor-metal-floor
4565 1 27 2877 0 -1 0 370.847 35.635 -219.963 364.560 35.635 -231.080 380.731 35.635 -208.346 jng-precursor-metal-floor
4566 1 27 2879 0 -1 0 350.468 55.502 -221.522 339.886 55.502 -232.140 358.193 55.502 -209.629 jng-precursor-metal-floor
4567 1 27 2881 0 -1 0 358.826 55.502 -218.520 351.055 55.502 -229.756 363.915 55.502 -207.744 jng-precursor-metal-floor
4568 1 27 2883 0 -1 0 383.238 35.635 -232.238 372.190 35.635 -238.693 394.925 35.635 -222.521 jng-precursor-metal-floor
4569 1 27 2885 0 -1 0 371.024 20.507 -262.078 364.568 20.507 -273.764 380.740 20.507 -251.030 jng-precursor-metal-floor
4570 1 27 2887 0 -1 0 362.288 20.507 -263.837 355.699 20.507 -274.399 368.696 20.507 -252.805 jng-precursor-metal-floor
4571 1 27 2889 0 -1 0 383.298 20.507 -249.687 372.181 20.507 -259.571 394.916 20.507 -243.399 jng-precursor-metal-floor
4572 1 27 2891 0 -1 0 378.385 20.507 -257.098 368.875 20.507 -268.772 389.931 20.507 -247.716 jng-precursor-metal-floor
4573 1 27 2893 0 -1 0 384.997 20.507 -240.973 373.965 20.507 -247.562 395.559 20.507 -234.565 jng-precursor-metal-floor
4574 1 27 2895 0 -1 0 344.002 80.350 -254.762 332.111 80.350 -265.832 354.178 80.350 -246.223 jng-precursor-metal-floor
4575 1 27 2897 0 -1 0 340.153 80.350 -246.761 328.916 80.350 -255.416 351.394 80.350 -241.700 jng-precursor-metal-floor
4576 1 27 2899 0 -1 0 339.680 55.502 -244.435 328.904 55.502 -252.207 350.917 55.502 -239.346 jng-precursor-metal-floor
4577 1 27 2901 0 -1 0 340.089 55.502 -235.542 328.899 55.502 -240.415 351.377 55.502 -226.720 jng-precursor-metal-floor
4578 1 27 2903 0 -1 0 343.887 55.502 -227.507 332.103 55.502 -235.891 354.177 55.502 -216.296 jng-precursor-metal-floor
4579 1 27 2905 0 -1 0 359.041 80.350 -263.609 351.100 80.350 -274.359 363.964 80.350 -252.347 jng-precursor-metal-floor
4580 1 27 2907 0 -1 0 350.632 80.350 -260.684 339.898 80.350 -272.485 358.192 80.350 -249.967 jng-precursor-metal-floor
4581 1 229 2875 0 -1 0 378.258 35.635 -224.876 368.876 35.635 -234.386 389.932 35.635 -213.330 pal-environment-front
4582 1 229 2877 0 -1 0 370.847 35.635 -219.963 364.560 35.635 -231.080 380.731 35.635 -208.346 pal-environment-front
4583 1 229 2879 0 -1 0 350.468 55.502 -221.522 339.886 55.502 -232.140 358.193 55.502 -209.629 pal-environment-front
4584 1 229 2881 0 -1 0 358.826 55.502 -218.520 351.055 55.502 -229.756 363.915 55.502 -207.744 pal-environment-front
4585 1 229 2883 0 -1 0 383.238 35.635 -232.238 372.190 35.635 -238.693 394.925 35.635 -222.521 pal-environment-front
4586 1 229 2885 0 -1 0 371.024 20.507 -262.078 364.568 20.507 -273.764 380.740 20.507 -251.030 pal-environment-front
4587 1 229 2887 0 -1 0 362.288 20.507 -263.837 355.699 20.507 -274.399 368.696 20.507 -252.805 pal-environment-front
4588 1 229 2889 0 -1 0 383.298 20.507 -249.687 372.181 20.507 -259.571 394.916 20.507 -243.399 pal-environment-front
4589 1 229 2891 0 -1 0 378.385 20.507 -257.098 368.875 20.507 -268.772 389.931 20.507 -247.716 pal-environment-front
4590 1 229 2893 0 -1 0 384.997 20.507 -240.973 373.965 20.507 -247.562 395.559 20.507 -234.565 pal-environment-front
4591 1 229 2895 0 -1 0 344.002 80.350 -254.762 332.111 80.350 -265.832 354.178 80.350 -246.223 pal-environment-front
4592 1 229 2897 0 -1 0 340.153 80.350 -246.761 328.916 80.350 -255.416 351.394 80.350 -241.700 pal-environment-front
4593 1 229 2899 0 -1 0 339.680 55.502 -244.435 328.904 55.502 -252.207 350.917 55.502 -239.346 pal-environment-front
4594 1 229 2901 0 -1 0 340.089 55.502 -235.542 328.899 55.502 -240.415 351.377 55.502 -226.720 pal-environment-front
4595 1 229 2903 0 -1 0 343.887 55.502 -227.507 332.103 55.502 -235.891 354.177 55.502 -216.296 pal-environment-front
4596 1 229 2905 0 -1 0 359.041 80.350 -263.609 351.100 80.350 -274.359 363.964 80.350 -252.347 pal-environment-front
4597 1 229 2907 0 -1 0 350.632 80.350 -260.684 339.898 80.350 -272.485 358.192 80.350 -249.967 pal-environment-front
4598 1 72 2246 0 -1 0 420.033 1.386 -246.978 419.048 1.014 -247.647 420.658 1.780 -246.006 cmn-precursor-metal-plain-01
4599 1 229 2246 0 -1 0 420.033 1.386 -246.978 419.048 1.014 -247.647 420.658 1.780 -246.006 pal-environment-front
4600 1 0 1462 0 -1 0 462.650 25.333 -230.919 459.959 23.461 -235.095 464.151 27.614 -228.954 jng-rockwall-01
4601 1 0 1468 0 -1 0 397.856 16.462 -252.618 395.127 14.858 -254.142 398.918 18.648 -250.471 jng-rockwall-01
4602 1 0 1470 0 -1 0 288.277 15.407 -209.848 286.842 13.115 -210.779 290.203 17.468 -207.021 jng-rockwall-01
4603 1 0 1474 0 -1 0 248.051 31.163 -247.304 245.792 29.455 -250.571 250.024 33.876 -246.164 jng-rockwall-01
4604 1 0 1476 0 -1 0 224.907 31.929 -255.644 222.980 30.516 -257.793 228.484 34.263 -254.443 jng-rockwall-01
4605 1 0 1486 0 -1 0 307.658 21.808 -292.447 303.139 20.215 -294.267 309.618 24.341 -290.100 jng-rockwall-01
4606 1 0 1019 0 -1 0 360.286 22.945 -289.856 357.163 18.254 -291.025 364.647 28.632 -287.079 jng-rockwall-01
4607 1 0 1024 0 -1 0 304.603 2.942 -129.321 298.097 -3.293 -132.544 309.265 10.828 -127.720 jng-rockwall-01
4608 1 0 1028 0 -1 0 237.928 25.597 -248.223 232.677 19.304 -252.473 242.315 32.192 -245.342 jng-rockwall-01
4609 1 0 1032 0 -1 0 226.373 0.579 -225.155 221.835 -6.149 -227.751 231.674 7.437 -221.873 jng-rockwall-01
4610 1 0 1022 0 -1 0 299.259 0.076 -128.699 293.588 -6.309 -130.674 304.061 7.582 -127.094 jng-rockwall-01
4611 1 0 1023 0 -1 0 296.038 3.776 -128.847 291.939 -3.211 -133.187 299.377 11.568 -125.893 jng-rockwall-01
4612 1 27 2909 0 -1 0 364.382 35.630 -219.387 362.219 35.630 -229.299 368.718 35.630 -210.080 jng-precursor-metal-floor
4613 1 229 2909 0 -1 0 364.382 35.630 -219.387 362.219 35.630 -229.299 368.718 35.630 -210.080 pal-environment-front
4614 1 0 1017 0 -1 0 430.629 3.117 -245.308 425.995 -2.630 -247.105 435.868 9.825 -242.809 jng-rockwall-01
4615 1 0 1014 0 -1 0 489.094 -17.154 -186.792 482.126 -24.532 -189.038 493.866 -9.449 -184.113 jng-rockwall-01
4616 1 0 1297 0 -1 0 395.929 41.257 -153.627 393.593 37.042 -156.110 399.642 45.292 -149.748 jng-rockwall-01
4617 1 0 1040 0 -1 0 250.400 27.886 -298.695 246.392 23.423 -302.624 253.537 31.215 -293.604 jng-rockwall-01
4618 1 0 1437 0 -1 0 256.454 19.991 -188.123 253.461 17.424 -191.767 259.258 22.802 -186.088 jng-rockwall-01
4619 1 0 1021 0 -1 0 338.092 2.729 -284.249 334.044 -2.848 -287.628 342.129 9.068 -279.966 jng-rockwall-01
4620 1 0 1037 0 -1 0 356.964 4.206 -296.729 351.935 -2.216 -300.065 362.837 11.529 -291.819 jng-rockwall-01
4621 1 0 1016 0 -1 0 455.878 5.462 -247.522 452.321 2.009 -253.158 460.838 10.543 -243.698 jng-rockwall-01
4622 1 0 1010 0 -1 0 397.444 0.042 -101.335 390.129 -9.246 -107.182 405.010 8.312 -98.344 jng-rockwall-01
4623 1 0 1025 0 -1 0 256.760 19.821 -253.554 250.447 14.604 -256.786 261.382 26.231 -251.784 jng-rockwall-01
4624 1 0 1026 0 -1 0 306.648 2.715 -265.635 302.026 -1.543 -270.786 309.367 7.462 -261.627 jng-rockwall-01
4625 1 70 2189 0 -1 0 269.512 29.224 -303.275 268.641 27.896 -303.672 270.375 30.552 -302.672 cmn-precursor-stonehengetop
4626 1 70 2209 0 -1 0 279.597 31.223 -313.395 278.726 29.895 -313.792 280.460 32.551 -312.792 cmn-precursor-stonehengetop
4627 1 70 2213 0 -1 0 271.612 30.223 -311.027 270.741 28.895 -311.424 272.475 31.551 -310.424 cmn-precursor-stonehengetop
4628 1 229 2189 0 -1 0 269.512 29.224 -303.275 268.641 27.896 -303.672 270.375 30.552 -302.672 pal-environment-front
4629 1 229 2209 0 -1 0 279.597 31.223 -313.395 278.726 29.895 -313.792 280.460 32.551 -312.792 pal-environment-front
4630 1 229 2213 0 -1 0 271.612 30.223 -311.027 270.741 28.895 -311.424 272.475 31.551 -310.424 pal-environment-front
4631 1 0 1012 0 -1 0 465.542 3.787 -35.138 463.108 -4.331 -42.653 469.434 13.044 -28.248 jng-rockwall-01
4632 1 0 1035 0 -1 0 362.864 22.297 -338.085 360.346 17.330 -343.447 366.873 26.582 -333.962 jng-rockwall-01
4633 1 0 1036 0 -1 0 392.029 29.214 -358.779 388.381 24.739 -362.733 396.508 32.527 -355.155 jng-rockwall-01
4634 1 0 1034 0 -1 0 478.084 23.365 -305.591 473.767 15.641 -309.500 484.881 32.326 -298.797 jng-rockwall-01
4635 1 72 2244 0 -1 0 416.963 1.386 -248.261 416.220 1.014 -248.975 417.704 1.780 -247.584 cmn-precursor-metal-plain-01
4636 1 72 2245 0 -1 0 416.937 1.386 -239.564 416.204 1.014 -240.240 417.689 1.780 -238.850 cmn-precursor-metal-plain-01
4637 1 72 2247 0 -1 0 420.014 1.386 -240.833 419.048 1.014 -241.819 420.689 1.780 -240.209 cmn-precursor-metal-plain-01
4638 1 72 2248 0 -1 0 413.884 1.386 -246.992 413.220 1.014 -247.615 414.861 1.780 -246.006 cmn-precursor-metal-plain-01
4639 1 72 2249 0 -1 0 413.868 1.386 -240.846 413.236 1.014 -241.819 414.845 1.780 -240.178 cmn-precursor-metal-plain-01
4640 1 72 2250 0 -1 0 421.299 1.386 -243.901 420.626 1.014 -244.647 422.017 1.780 -243.162 cmn-precursor-metal-plain-01
4641 1 72 2251 0 -1 0 412.601 1.386 -243.924 411.876 1.014 -244.662 413.283 1.780 -243.178 cmn-precursor-metal-plain-01
4642 1 72 2252 0 -1 0 339.173 55.709 -241.075 338.430 55.337 -241.788 339.915 56.103 -240.398 cmn-precursor-metal-plain-01
4643 1 72 2253 0 -1 0 339.148 55.709 -232.377 338.415 55.337 -233.054 339.899 56.103 -231.663 cmn-precursor-metal-plain-01
4644 1 72 2254 0 -1 0 342.244 55.709 -239.792 341.259 55.337 -240.460 342.868 56.103 -238.820 cmn-precursor-metal-plain-01
4645 1 72 2255 0 -1 0 342.225 55.709 -233.646 341.259 55.337 -234.632 342.899 56.103 -233.023 cmn-precursor-metal-plain-01
4646 1 72 2256 0 -1 0 336.095 55.709 -239.805 335.430 55.337 -240.429 337.071 56.103 -238.820 cmn-precursor-metal-plain-01
4647 1 72 2257 0 -1 0 336.079 55.709 -233.660 335.446 55.337 -234.632 337.055 56.103 -232.991 cmn-precursor-metal-plain-01
4648 1 72 2258 0 -1 0 343.510 55.709 -236.714 342.837 55.337 -237.460 344.227 56.103 -235.976 cmn-precursor-metal-plain-01
4649 1 72 2259 0 -1 0 334.812 55.709 -236.738 334.087 55.337 -237.476 335.493 56.103 -235.991 cmn-precursor-metal-plain-01
4650 1 229 2244 0 -1 0 416.963 1.386 -248.261 416.220 1.014 -248.975 417.704 1.780 -247.584 pal-environment-front
4651 1 229 2245 0 -1 0 416.937 1.386 -239.564 416.204 1.014 -240.240 417.689 1.780 -238.850 pal-environment-front
4652 1 229 2247 0 -1 0 420.014 1.386 -240.833 419.048 1.014 -241.819 420.689 1.780 -240.209 pal-environment-front
4653 1 229 2248 0 -1 0 413.884 1.386 -246.992 413.220 1.014 -247.615 414.861 1.780 -246.006 pal-environment-front
4654 1 229 2249 0 -1 0 413.868 1.386 -240.846 413.236 1.014 -241.819 414.845 1.780 -240.178 pal-environment-front
4655 1 229 2250 0 -1 0 421.299 1.386 -243.901 420.626 1.014 -244.647 422.017 1.780 -243.162 pal-environment-front
4656 1 229 2251 0 -1 0 412.601 1.386 -243.924 411.876 1.014 -244.662 413.283 1.780 -243.178 pal-environment-front
4657 1 229 2252 0 -1 0 339.173 55.709 -241.075 338.430 55.337 -241.788 339.915 56.103 -240.398 pal-environment-front
4658 1 229 2253 0 -1 0 339.148 55.709 -232.377 338.415 55.337 -233.054 339.899 56.103 -231.663 pal-environment-front
4659 1 229 2254 0 -1 0 342.244 55.709 -239.792 341.259 55.337 -240.460 342.868 56.103 -238.820 pal-environment-front
4660 1 229 2255 0 -1 0 342.225 55.709 -233.646 341.259 55.337 -234.632 342.899 56.103 -233.023 pal-environment-front
4661 1 229 2256 0 -1 0 336.095 55.709 -239.805 335.430 55.337 -240.429 337.071 56.103 -238.820 pal-environment-front
4662 1 229 2257 0 -1 0 336.079 55.709 -233.660 335.446 55.337 -234.632 337.055 56.103 -232.991 pal-environment-front
4663 1 229 2258 0 -1 0 343.510 55.709 -236.714 342.837 55.337 -237.460 344.227 56.103 -235.976 pal-environment-front
4664 1 229 2259 0 -1 0 334.812 55.709 -236.738 334.087 55.337 -237.476 335.493 56.103 -235.991 pal-environment-front
4665 1 0 1029 0 -1 0 246.849 27.021 -248.633 239.308 22.015 -254.343 254.468 31.690 -244.609 jng-rockwall-01
4666 1 0 1031 0 -1 0 228.519 4.815 -227.134 223.738 -1.892 -229.902 233.563 11.726 -223.979 jng-rockwall-01
4667 1 0 1039 0 -1 0 297.514 15.327 -323.625 293.788 8.645 -330.134 300.554 22.659 -317.959 jng-rockwall-01
4668 1 75 2222 0 -1 0 279.459 35.372 -301.178 275.460 34.849 -305.178 283.460 35.552 -297.178 cmn-precursor-stonehenge-rim
4669 1 9 2782 0 -1 0 330.596 41.799 -253.553 328.510 20.924 -259.596 333.457 62.174 -247.205 cmn-precursor-metal-plain-01-hitweak
4670 1 9 2783 0 -1 0 337.780 41.799 -264.694 333.423 20.924 -269.182 342.735 62.174 -259.627 cmn-precursor-metal-plain-01-hitweak
4671 1 9 2784 0 -1 0 348.681 41.799 -272.239 342.715 20.924 -274.490 354.977 62.174 -269.226 cmn-precursor-metal-plain-01-hitweak
4672 1 229 2782 0 -1 0 330.596 41.799 -253.553 328.510 20.924 -259.596 333.457 62.174 -247.205 pal-environment-front
4673 1 229 2783 0 -1 0 337.780 41.799 -264.694 333.423 20.924 -269.182 342.735 62.174 -259.627 pal-environment-front
4674 1 229 2784 0 -1 0 348.681 41.799 -272.239 342.715 20.924 -274.490 354.977 62.174 -269.226 pal-environment-front
4675 1 9 2758 0 -1 0 349.202 28.827 -209.643 343.206 19.358 -212.602 355.516 38.077 -207.454 cmn-precursor-metal-plain-01-hitweak
4676 1 9 2759 0 -1 0 330.804 28.827 -228.039 328.658 19.358 -234.371 333.719 38.077 -222.025 cmn-precursor-metal-plain-01-hitweak
4677 1 9 2760 0 -1 0 338.181 28.827 -217.020 333.775 19.358 -222.048 343.176 38.077 -212.581 cmn-precursor-metal-plain-01-hitweak
4678 1 17 2854 0 -1 0 375.892 41.692 -210.506 370.482 35.457 -213.230 380.954 48.364 -208.554 gen-metal-dark-hitweak
4679 1 17 2856 0 -1 0 386.604 41.692 -218.157 382.353 35.457 -222.610 390.236 48.364 -214.284 gen-metal-dark-hitweak
4680 1 17 2858 0 -1 0 393.554 41.692 -229.311 391.110 35.457 -234.816 395.205 48.364 -224.106 gen-metal-dark-hitweak
4681 1 229 2758 0 -1 0 349.202 28.827 -209.643 343.206 19.358 -212.602 355.516 38.077 -207.454 pal-environment-front
4682 1 229 2759 0 -1 0 330.804 28.827 -228.039 328.658 19.358 -234.371 333.719 38.077 -222.025 pal-environment-front
4683 1 229 2760 0 -1 0 338.181 28.827 -217.020 333.775 19.358 -222.048 343.176 38.077 -212.581 pal-environment-front
4684 1 229 2854 0 -1 0 375.892 41.692 -210.506 370.482 35.457 -213.230 380.954 48.364 -208.554 pal-environment-front
4685 1 229 2856 0 -1 0 386.604 41.692 -218.157 382.353 35.457 -222.610 390.236 48.364 -214.284 pal-environment-front
4686 1 229 2858 0 -1 0 393.554 41.692 -229.311 391.110 35.457 -234.816 395.205 48.364 -224.106 pal-environment-front
4687 1 0 1013 0 -1 0 488.774 -7.575 -188.049 480.968 -15.496 -190.267 493.471 0.133 -185.302 jng-rockwall-01
4688 1 0 1015 0 -1 0 455.067 0.845 -247.974 450.912 -5.106 -252.714 460.337 6.095 -244.552 jng-rockwall-01
4689 1 0 1020 0 -1 0 318.567 22.544 -202.567 316.665 17.699 -207.297 323.062 28.565 -200.070 jng-rockwall-01
4690 1 72 2240 0 -1 0 427.878 18.442 -317.549 427.695 18.192 -317.806 428.038 18.692 -317.368 cmn-precursor-metal-plain-01
4691 1 229 2240 0 -1 0 427.878 18.442 -317.549 427.695 18.192 -317.806 428.038 18.692 -317.368 pal-environment-front
4692 1 72 2241 0 -1 0 426.461 18.442 -316.257 426.195 18.192 -316.431 426.648 18.692 -316.118 cmn-precursor-metal-plain-01
4693 1 229 2241 0 -1 0 426.461 18.442 -316.257 426.195 18.192 -316.431 426.648 18.692 -316.118 pal-environment-front
4694 1 78 2261 0 -1 0 427.392 18.337 -316.662 427.007 17.645 -316.977 427.742 19.052 -316.352 cmn-precursor-blue
4695 1 229 2261 0 -1 0 427.392 18.337 -316.662 427.007 17.645 -316.977 427.742 19.052 -316.352 pal-environment-front
4696 1 72 2242 0 -1 0 434.406 18.442 -307.574 434.242 18.192 -307.759 434.585 18.692 -307.321 cmn-precursor-metal-plain-01
4697 1 229 2242 0 -1 0 434.406 18.442 -307.574 434.242 18.192 -307.759 434.585 18.692 -307.321 pal-environment-front
4698 1 72 2945 0 -1 0 369.782 50.186 -205.799 369.617 49.847 -206.242 369.888 50.526 -205.523 cmn-precursor-metal-plain-01
4699 1 72 2947 0 -1 0 384.817 33.795 -267.946 384.424 33.456 -268.150 385.098 34.135 -267.702 cmn-precursor-metal-plain-01
4700 1 229 2945 0 -1 0 369.782 50.186 -205.799 369.617 49.847 -206.242 369.888 50.526 -205.523 pal-environment-front
4701 1 229 2947 0 -1 0 384.817 33.795 -267.946 384.424 33.456 -268.150 385.098 34.135 -267.702 pal-environment-front
4702 1 35 2158 0 -1 0 416.879 1.405 -243.912 415.236 1.405 -246.428 418.517 1.405 -241.397 jng-blue
4703 1 35 2160 0 -1 0 339.090 55.728 -236.726 337.446 55.728 -239.241 340.727 55.728 -234.210 jng-blue
4704 1 229 2158 0 -1 0 416.879 1.405 -243.912 415.236 1.405 -246.428 418.517 1.405 -241.397 pal-environment-front
4705 1 229 2160 0 -1 0 339.090 55.728 -236.726 337.446 55.728 -239.241 340.727 55.728 -234.210 pal-environment-front
4706 1 72 2243 0 -1 0 435.825 18.442 -308.870 435.632 18.192 -309.009 436.085 18.692 -308.696 cmn-precursor-metal-plain-01
4707 1 229 2243 0 -1 0 435.825 18.442 -308.870 435.632 18.192 -309.009 436.085 18.692 -308.696 pal-environment-front
4708 1 72 2948 0 -1 0 386.889 33.795 -266.122 386.632 33.456 -266.377 387.141 34.135 -265.759 cmn-precursor-metal-plain-01
4709 1 229 2948 0 -1 0 386.889 33.795 -266.122 386.632 33.456 -266.377 387.141 34.135 -265.759 pal-environment-front
4710 1 36 2165 0 -1 0 289.358 29.621 -301.574 287.576 25.030 -303.355 291.139 34.229 -299.793 cmn-precursor-stonehenge-side
4711 1 36 2166 0 -1 0 287.168 28.944 -308.712 285.387 24.353 -310.493 288.949 33.552 -306.931 cmn-precursor-stonehenge-side
4712 1 36 2167 0 -1 0 279.601 29.130 -311.776 277.820 25.458 -313.558 281.382 32.817 -309.995 cmn-precursor-stonehenge-side
4713 1 36 2168 0 -1 0 271.616 28.130 -309.409 269.835 24.458 -311.190 273.397 31.817 -307.627 cmn-precursor-stonehenge-side
4714 1 229 2165 0 -1 0 289.358 29.621 -301.574 287.576 25.030 -303.355 291.139 34.229 -299.793 pal-environment-front
4715 1 229 2166 0 -1 0 287.168 28.944 -308.712 285.387 24.353 -310.493 288.949 33.552 -306.931 pal-environment-front
4716 1 229 2167 0 -1 0 279.601 29.130 -311.776 277.820 25.458 -313.558 281.382 32.817 -309.995 pal-environment-front
4717 1 229 2168 0 -1 0 271.616 28.130 -309.409 269.835 24.458 -311.190 273.397 31.817 -307.627 pal-environment-front
4718 0 34 337 0 -1 9517 417.675 31.565 -199.833 416.624 30.265 -200.625 418.719 32.859 -199.141 jng-lrkr-plate-01
4719 0 21 332 0 -1 9479 409.382 33.141 -210.629 408.046 31.297 -211.797 410.797 34.953 -209.375 jng-lrkr-metal-03
4720 1 36 2161 0 -1 0 279.543 26.974 -290.933 277.856 25.131 -292.620 281.231 28.818 -289.245 cmn-precursor-stonehenge-side
4721 1 36 2162 0 -1 0 269.516 28.974 -301.656 267.828 27.131 -303.344 271.203 30.818 -299.969 cmn-precursor-stonehenge-side
4722 1 36 2163 0 -1 0 271.377 27.974 -293.639 269.689 26.131 -295.327 273.064 29.818 -291.952 cmn-precursor-stonehenge-side
4723 1 36 2164 0 -1 0 287.626 25.974 -293.140 285.938 24.131 -294.827 289.313 27.818 -291.452 cmn-precursor-stonehenge-side
4724 1 229 2161 0 -1 0 279.543 26.974 -290.933 277.856 25.131 -292.620 281.231 28.818 -289.245 pal-environment-front
4725 1 229 2162 0 -1 0 269.516 28.974 -301.656 267.828 27.131 -303.344 271.203 30.818 -299.969 pal-environment-front
4726 1 229 2163 0 -1 0 271.377 27.974 -293.639 269.689 26.131 -295.327 273.064 29.818 -291.952 pal-environment-front
4727 1 229 2164 0 -1 0 287.626 25.974 -293.140 285.938 24.131 -294.827 289.313 27.818 -291.452 pal-environment-front
4728 1 78 2260 0 -1 0 434.893 18.337 -308.461 434.538 17.645 -308.774 435.273 19.052 -308.149 cmn-precursor-blue
4729 1 229 2260 0 -1 0 434.893 18.337 -308.461 434.538 17.645 -308.774 435.273 19.052 -308.149 pal-environment-front
4730 1 78 2949 0 -1 0 369.894 50.035 -204.347 369.556 49.033 -204.978 370.068 51.069 -203.718 cmn-precursor-blue
4731 1 78 2950 0 -1 0 386.162 33.644 -267.389 385.666 32.642 -267.829 386.647 34.678 -266.882 cmn-precursor-blue
4732 1 229 2949 0 -1 0 369.894 50.035 -204.347 369.556 49.033 -204.978 370.068 51.069 -203.718 pal-environment-front
4733 1 229 2950 0 -1 0 386.162 33.644 -267.389 385.666 32.642 -267.829 386.647 34.678 -266.882 pal-environment-front
4734 1 72 2944 0 -1 0 362.156 37.303 -206.243 355.952 37.303 -212.452 368.359 37.303 -200.030 cmn-precursor-metal-plain-01
4735 1 229 2944 0 -1 0 362.156 37.303 -206.243 355.952 37.303 -212.452 368.359 37.303 -200.030 pal-environment-front
4736 1 17 2853 0 -1 0 376.140 41.692 -209.958 370.733 35.457 -212.674 381.205 48.364 -207.999 gen-metal-dark-hitweak
4737 1 17 2855 0 -1 0 387.042 41.692 -217.745 382.798 35.457 -222.193 390.680 48.364 -213.867 gen-metal-dark-hitweak
4738 1 17 2857 0 -1 0 394.117 41.692 -229.099 391.680 35.457 -234.601 395.775 48.364 -223.891 gen-metal-dark-hitweak
4739 1 229 2853 0 -1 0 376.140 41.692 -209.958 370.733 35.457 -212.674 381.205 48.364 -207.999 pal-environment-front
4740 1 229 2855 0 -1 0 387.042 41.692 -217.745 382.798 35.457 -222.193 390.680 48.364 -213.867 pal-environment-front
4741 1 229 2857 0 -1 0 394.117 41.692 -229.099 391.680 35.457 -234.601 395.775 48.364 -223.891 pal-environment-front
4742 1 61 2181 0 -1 0 354.150 56.069 -213.955 352.853 56.069 -215.252 355.447 56.069 -212.658 cmn-precursor-ecovalve-grate
4743 1 61 2182 0 -1 0 455.060 17.679 -292.859 453.763 17.679 -294.155 456.357 17.679 -291.562 cmn-precursor-ecovalve-grate
4744 1 229 2181 0 -1 0 354.150 56.069 -213.955 352.853 56.069 -215.252 355.447 56.069 -212.658 pal-environment-front
4745 1 229 2182 0 -1 0 455.060 17.679 -292.859 453.763 17.679 -294.155 456.357 17.679 -291.562 pal-environment-front
