MESHIDX 1 maincave 3650
0 0 18 940 1 0 6490 937.856 118.080 -2930.563 934.547 116.047 -2932.703 938.875 121.031 -2927.656 cv-wall-stal-stripe-02
1 0 15 639 1 0 8622 1128.044 34.375 -3146.332 1126.562 32.250 -3149.016 1129.984 35.406 -3143.422 cv-wall-02-2x2
2 0 15 295 1 0 9265 933.682 84.436 -2970.893 933.453 82.750 -2971.704 934.047 86.656 -2969.829 cv-wall-02-2x2
3 0 11 35 1 0 9702 1035.347 36.112 -3096.358 1034.250 34.781 -3097.063 1035.874 37.656 -3095.454 cv-villagepole-new-wood
4 0 11 20 1 0 9701 1014.384 35.862 -3185.204 1014.031 34.531 -3186.000 1014.640 37.406 -3183.797 cv-villagepole-new-wood
5 0 11 18 1 0 9616 1122.188 28.383 -3179.412 1120.796 27.000 -3179.704 1123.031 30.031 -3179.266 cv-villagepole-new-wood
6 0 19 1634 1 663 8236 1155.376 23.702 -3155.905 1152.406 23.219 -3157.672 1158.312 24.172 -3153.891 cv-planks-all
7 0 19 1613 1 6643 8370 1073.508 33.777 -3103.572 1070.890 33.390 -3106.891 1075.874 34.172 -3099.906 cv-planks-all
8 0 19 1612 1 6665 8355 1073.570 33.777 -3097.771 1070.953 33.390 -3101.110 1075.938 34.172 -3094.126 cv-planks-all
9 0 19 1603 1 7093 8479 1074.560 33.776 -3091.799 1072.484 33.390 -3095.078 1076.359 34.172 -3088.094 cv-planks-all
10 0 19 1472 1 7109 8600 1246.693 16.776 -2948.172 1243.015 16.390 -2951.563 1250.390 17.171 -2944.641 cv-planks-all
11 0 19 1543 1 7109 8511 1112.653 24.595 -3105.336 1109.250 24.203 -3108.985 1116.203 24.984 -3101.735 cv-planks-all
12 0 19 1457 1 7221 8381 1263.506 16.869 -2916.836 1260.031 16.484 -2918.922 1266.968 17.249 -2914.954 cv-planks-all
13 0 18 1069 1 7463 9755 1167.636 14.172 -2980.282 1166.781 12.281 -2981.110 1168.453 16.140 -2979.438 cv-wall-stal-stripe-02
14 0 19 1537 1 7568 8314 1086.444 33.599 -3097.474 1084.343 33.203 -3100.860 1088.390 33.984 -3093.875 cv-planks-all
15 0 18 556 1 7926 9275 1098.069 29.138 -3083.597 1094.484 26.531 -3089.266 1103.343 31.484 -3079.422 cv-wall-stal-stripe-02
16 0 18 460 1 7969 9247 1112.245 49.463 -3190.736 1106.593 47.156 -3195.750 1118.156 52.250 -3184.188 cv-wall-stal-stripe-02
17 0 18 461 1 8047 8955 1112.135 56.586 -3190.211 1107.093 53.297 -3195.203 1117.624 59.406 -3184.735 cv-wall-stal-stripe-02
18 0 18 637 1 8134 8819 1157.729 8.132 -3153.538 1151.781 5.703 -3159.438 1163.328 10.750 -3148.032 cv-wall-stal-stripe-02
19 0 18 636 1 8280 9208 1157.162 15.137 -3154.092 1152.281 12.187 -3159.047 1162.812 18.031 -3148.594 cv-wall-stal-stripe-02
20 0 17 450 1 8318 6959 1086.712 23.514 -3088.165 1079.312 21.453 -3089.938 1088.578 25.781 -3087.719 cv-wall-stal-stripe-01
21 0 18 337 1 8497 8632 1112.447 42.390 -3189.711 1107.015 39.562 -3195.032 1117.266 45.062 -3184.719 cv-wall-stal-stripe-02
22 0 17 449 1 8501 8675 1077.841 21.150 -3095.875 1077.406 19.422 -3096.407 1078.203 22.672 -3095.360 cv-wall-stal-stripe-01
23 0 18 230 1 8532 8624 1101.857 8.735 -3104.788 1097.062 6.906 -3109.547 1106.265 10.625 -3100.609 cv-wall-stal-stripe-02
24 0 17 310 1 8563 9114 1083.798 31.828 -3082.871 1080.812 29.015 -3088.547 1088.234 34.297 -3078.985 cv-wall-stal-stripe-01
25 0 18 464 1 8767 8932 1157.882 0.708 -3153.583 1152.203 -1.875 -3158.891 1162.437 3.687 -3148.578 cv-wall-stal-stripe-02
26 0 18 555 1 8787 8571 1100.568 36.407 -3085.089 1095.625 34.234 -3089.860 1105.937 39.297 -3079.641 cv-wall-stal-stripe-02
27 0 18 449 1 8797 9263 1075.994 24.373 -3091.081 1070.453 21.593 -3096.813 1081.515 27.140 -3085.703 cv-wall-stal-stripe-02
28 0 19 1534 1 9421 8495 1086.447 33.597 -3103.457 1084.343 33.203 -3106.812 1088.390 33.984 -3099.813 cv-planks-all
29 0 18 450 1 9460 9467 1083.541 26.919 -3086.573 1077.312 21.453 -3092.313 1088.937 29.734 -3080.407 cv-wall-stal-stripe-02
30 0 19 1565 1 9628 6580 1107.522 14.719 -3104.319 1103.890 14.390 -3108.672 1112.093 14.906 -3101.110 cv-planks-all
31 0 19 1566 1 9629 6569 1103.628 14.718 -3106.663 1101.125 14.390 -3110.438 1107.781 14.906 -3103.109 cv-planks-all
32 0 72 36 1 9694 9484 1057.136 11.716 -3102.202 1036.906 6.609 -3170.031 1073.547 16.828 -3065.875 cv-darkecofringe-03
33 0 19 1552 1 9801 5718 1099.028 25.322 -3099.552 1096.046 25.000 -3103.344 1102.984 25.515 -3096.328 cv-planks-all
34 0 19 1469 1 9836 8463 1261.877 16.865 -2926.044 1258.671 16.484 -2928.454 1265.374 17.249 -2923.844 cv-planks-all
35 0 19 1549 1 9948 6466 1104.124 25.230 -3092.325 1100.453 24.906 -3095.719 1108.000 25.422 -3090.251 cv-planks-all
36 0 66 2470 1 10000 356 1150.959 26.438 -3112.610 1150.656 25.234 -3112.844 1151.312 26.953 -3112.376 cv-bluecrystal
37 0 66 2480 1 10000 359 923.790 39.541 -3024.892 922.172 38.375 -3025.391 924.437 40.297 -3024.000 cv-bluecrystal
38 0 66 2558 1 10000 409 921.583 40.915 -3023.955 921.125 40.000 -3024.188 921.921 41.296 -3023.532 cv-bluecrystal
39 0 66 2465 1 10000 432 1152.908 27.037 -3111.405 1152.328 25.234 -3111.860 1153.531 27.906 -3110.813 cv-bluecrystal
40 0 66 2504 1 10000 424 1049.582 11.385 -3179.115 1049.281 10.546 -3179.438 1049.828 11.734 -3178.734 cv-bluecrystal
41 0 66 2561 1 10000 432 1088.266 15.751 -3204.793 1088.015 14.656 -3205.032 1088.515 16.187 -3204.563 cv-bluecrystal
42 0 66 2552 1 10000 456 1150.320 26.105 -3111.649 1150.000 25.234 -3111.860 1150.796 26.515 -3111.454 cv-bluecrystal
43 0 66 2567 1 10000 463 994.259 44.583 -3189.786 993.843 43.609 -3190.188 994.625 45.031 -3189.454 cv-bluecrystal
44 0 66 2501 1 10000 464 1051.040 12.534 -3179.770 1050.609 10.515 -3180.282 1051.469 13.500 -3179.063 cv-bluecrystal
45 0 66 2483 1 10000 465 1085.492 15.420 -3205.090 1084.890 13.640 -3205.766 1086.968 16.344 -3204.516 cv-bluecrystal
46 0 66 2549 1 10000 507 1159.516 32.686 -3062.761 1159.062 31.719 -3063.078 1160.344 33.234 -3062.094 cv-bluecrystal
47 0 66 2468 1 10000 498 1153.701 25.978 -3112.627 1153.374 25.234 -3112.922 1154.015 26.281 -3112.328 cv-bluecrystal
48 0 66 2498 1 10000 522 990.882 44.490 -3190.887 990.578 43.656 -3191.203 991.125 44.828 -3190.500 cv-bluecrystal
49 0 66 2469 1 10000 545 1151.286 26.924 -3113.276 1150.765 25.234 -3113.766 1151.781 27.656 -3112.797 cv-bluecrystal
50 0 66 2507 1 10000 552 1072.199 15.057 -3226.088 1070.625 12.515 -3226.750 1073.140 16.031 -3225.578 cv-bluecrystal
51 0 66 2471 1 10000 552 975.481 34.117 -2953.937 974.890 31.547 -2954.438 976.640 35.375 -2953.141 cv-bluecrystal
52 0 66 2492 1 10000 554 1002.306 53.017 -3157.446 1001.140 50.359 -3158.282 1002.984 54.047 -3156.860 cv-bluecrystal
53 0 66 2486 1 10000 555 1085.353 14.030 -3203.697 1085.046 13.328 -3204.032 1086.047 14.328 -3203.344 cv-bluecrystal
54 0 66 2462 1 10000 628 1162.350 34.666 -3062.944 1161.656 32.297 -3063.641 1163.078 35.718 -3062.032 cv-bluecrystal
55 0 66 2565 1 10000 821 1003.257 52.560 -3158.908 1001.796 50.453 -3159.360 1003.922 53.515 -3158.157 cv-bluecrystal
56 0 66 2548 1 10000 823 1073.426 13.417 -3226.374 1071.750 11.812 -3226.812 1074.156 14.171 -3225.657 cv-bluecrystal
57 0 66 2533 1 10000 825 1003.716 51.533 -3157.142 1002.203 49.765 -3157.781 1004.343 52.328 -3156.641 cv-bluecrystal
58 0 66 2574 1 10000 837 1072.183 14.376 -3227.758 1070.734 12.437 -3228.297 1073.171 15.343 -3226.860 cv-bluecrystal
59 0 66 2490 1 10000 886 1002.397 51.779 -3155.112 1001.218 49.656 -3156.563 1003.000 52.765 -3154.469 cv-bluecrystal
60 0 66 2475 1 10000 886 975.437 34.030 -2951.294 974.812 31.578 -2951.750 976.531 35.109 -2950.891 cv-bluecrystal
61 0 66 2511 1 10000 886 1073.423 13.975 -3224.004 1071.546 11.922 -3224.532 1074.219 14.937 -3223.469 cv-bluecrystal
62 0 66 2559 1 10000 881 923.988 39.740 -3023.559 922.578 38.562 -3024.078 924.562 40.546 -3023.047 cv-bluecrystal
63 0 66 2526 1 10000 927 923.472 38.953 -3025.339 922.234 38.140 -3025.813 924.031 39.562 -3024.454 cv-bluecrystal
64 0 66 2459 1 10000 963 1163.789 33.054 -3063.916 1163.453 32.015 -3064.312 1164.156 33.484 -3063.485 cv-bluecrystal
65 0 20 1706 1 10000 1048 956.111 40.612 -2992.997 955.828 39.219 -2993.797 956.562 41.953 -2992.328 cv-supportpole-end-2x2
66 0 66 2569 1 10000 1028 992.203 45.035 -3192.582 991.609 43.609 -3193.219 992.734 45.718 -3191.797 cv-bluecrystal
67 0 66 2562 1 10000 1012 1086.051 15.189 -3206.748 1085.281 13.687 -3207.282 1087.109 16.078 -3205.813 cv-bluecrystal
68 0 66 2545 1 10000 1047 1073.207 15.128 -3225.214 1070.984 12.250 -3225.704 1074.172 16.344 -3224.610 cv-bluecrystal
69 0 20 1718 1 10000 1067 1080.916 47.114 -3084.139 1080.609 45.578 -3084.360 1081.390 48.531 -3083.906 cv-supportpole-end-2x2
70 0 20 1645 1 10000 1071 1154.681 13.687 -3039.311 1153.859 12.328 -3039.703 1155.359 15.015 -3038.751 cv-supportpole-end-2x2
71 0 66 2478 1 10000 1046 921.947 40.537 -3025.733 921.015 39.109 -3026.203 922.515 41.171 -3024.672 cv-bluecrystal
72 0 66 2560 1 10000 1088 924.191 38.727 -3024.342 922.890 38.031 -3024.797 924.719 39.297 -3023.750 cv-bluecrystal
73 0 20 1755 1 10000 880 1158.442 21.289 -3157.755 1156.797 18.797 -3158.188 1160.234 23.688 -3157.141 cv-supportpole-end-2x2
74 0 20 1754 1 10000 918 1161.311 21.362 -3157.004 1159.640 18.828 -3157.828 1162.812 23.812 -3156.375 cv-supportpole-end-2x2
75 0 66 2557 1 10000 1164 975.735 33.321 -2954.958 975.015 31.484 -2955.579 976.687 34.141 -2954.109 cv-bluecrystal
76 0 66 2575 1 10000 1163 1071.158 14.828 -3226.863 1070.218 12.937 -3227.438 1071.812 15.640 -3226.251 cv-bluecrystal
77 0 66 2566 1 10000 1167 1001.864 52.809 -3158.673 1001.015 50.859 -3159.313 1002.562 53.640 -3158.047 cv-bluecrystal
78 0 20 1703 1 10000 963 1105.193 12.659 -3107.709 1103.312 10.812 -3108.422 1106.937 14.375 -3107.203 cv-supportpole-end-2x2
79 0 66 2481 1 10000 1247 922.063 40.595 -3024.638 921.296 39.437 -3025.172 922.640 41.265 -3023.938 cv-bluecrystal
80 0 66 2554 1 10000 1224 1153.624 26.508 -3110.704 1153.047 25.234 -3111.266 1154.203 27.109 -3110.188 cv-bluecrystal
81 0 20 1702 1 10000 1060 1102.388 12.786 -3109.047 1101.078 10.844 -3110.172 1103.859 14.609 -3107.766 cv-supportpole-end-2x2
82 0 20 1690 1 10000 1077 1104.148 13.124 -3108.914 1103.219 10.922 -3109.938 1104.890 15.250 -3107.735 cv-supportpole-end-2x2
83 0 66 2550 1 10000 1330 1161.765 34.999 -3060.858 1160.953 32.906 -3061.438 1162.593 35.843 -3060.188 cv-bluecrystal
84 0 66 2505 1 10000 1359 1051.137 12.441 -3177.131 1050.781 10.531 -3177.672 1051.531 13.266 -3176.688 cv-bluecrystal
85 0 66 2563 1 10000 1375 1085.158 14.535 -3205.846 1084.484 13.390 -3206.422 1086.343 15.125 -3205.188 cv-bluecrystal
86 0 66 2472 1 10000 1401 976.646 33.817 -2952.124 976.015 31.844 -2952.516 977.327 34.656 -2951.500 cv-bluecrystal
87 0 66 2572 1 10000 1379 1050.902 11.932 -3180.811 1050.297 10.499 -3181.454 1051.437 12.609 -3180.016 cv-bluecrystal
88 0 66 2493 1 10000 1406 1003.063 51.299 -3156.347 1001.874 49.687 -3157.376 1003.781 52.125 -3155.813 cv-bluecrystal
89 0 66 2525 1 10000 1457 923.255 40.339 -3025.440 921.687 38.656 -3026.094 923.984 41.109 -3024.047 cv-bluecrystal
90 0 66 2517 1 10000 1471 1152.130 27.465 -3112.189 1151.609 25.234 -3112.735 1152.734 28.359 -3111.750 cv-bluecrystal
91 0 66 2509 1 10000 1452 1071.832 13.962 -3224.068 1070.828 12.453 -3224.501 1072.437 14.562 -3223.594 cv-bluecrystal
92 0 66 2473 1 10000 1471 974.907 32.782 -2952.122 974.422 31.281 -2952.610 975.906 33.516 -2951.641 cv-bluecrystal
93 0 66 2494 1 10000 1476 1001.096 51.646 -3156.014 1000.484 50.109 -3156.876 1001.672 52.250 -3155.453 cv-bluecrystal
94 0 66 2541 1 10000 1534 1051.172 13.029 -3178.613 1050.468 10.515 -3179.157 1051.890 14.031 -3177.829 cv-bluecrystal
95 0 66 2538 1 10000 1534 992.473 46.135 -3190.388 991.766 43.625 -3190.938 993.187 47.141 -3189.610 cv-bluecrystal
96 0 66 2529 1 10000 1535 1085.937 16.236 -3204.235 1085.125 13.875 -3204.735 1087.375 17.234 -3203.657 cv-bluecrystal
97 0 66 2482 1 10000 1541 922.347 39.164 -3025.740 921.500 38.438 -3026.125 922.844 39.656 -3024.907 cv-bluecrystal
98 0 66 2503 1 10000 1642 1050.118 11.754 -3177.928 1049.640 10.546 -3178.391 1050.515 12.281 -3177.453 cv-bluecrystal
99 0 66 2497 1 10000 1640 991.417 44.859 -3189.696 990.937 43.656 -3190.157 991.828 45.390 -3189.219 cv-bluecrystal
100 0 66 2534 1 10000 1678 1002.687 53.052 -3156.172 1001.140 50.062 -3157.859 1003.484 54.297 -3155.172 cv-bluecrystal
101 0 43 5 1 10000 1734 1093.544 73.724 -3078.923 1090.812 52.016 -3081.047 1096.546 96.749 -3075.391 cv-villagepole-hole-02
102 0 43 13 1 10000 1737 1130.314 69.228 -3155.586 1126.937 47.515 -3158.969 1132.641 92.265 -3153.157 cv-villagepole-hole-02
103 0 43 7 1 10000 1747 1098.643 43.660 -3123.978 1096.828 17.031 -3127.031 1102.343 69.812 -3121.328 cv-villagepole-hole-02
104 0 66 2467 1 10000 1693 1152.574 26.301 -3113.218 1152.124 25.234 -3113.641 1153.062 26.781 -3112.828 cv-bluecrystal
105 0 66 2502 1 10000 1796 1052.115 11.955 -3178.046 1051.593 10.515 -3178.407 1052.765 12.562 -3177.453 cv-bluecrystal
106 0 66 2466 1 10000 1831 1151.022 26.518 -3112.084 1150.218 25.234 -3112.563 1151.468 27.062 -3111.594 cv-bluecrystal
107 0 66 2496 1 10000 1882 993.416 45.058 -3189.814 992.890 43.609 -3190.172 994.062 45.672 -3189.219 cv-bluecrystal
108 0 66 2551 1 10000 1936 1163.259 34.716 -3061.787 1162.624 32.859 -3062.484 1163.906 35.422 -3061.094 cv-bluecrystal
109 0 66 2508 1 10000 1951 1073.284 13.330 -3225.329 1071.812 11.812 -3225.875 1074.031 14.140 -3224.797 cv-bluecrystal
110 0 66 2513 1 10000 2054 1161.398 34.432 -3064.160 1160.640 31.875 -3065.110 1162.468 35.515 -3062.469 cv-bluecrystal
111 0 66 2484 1 10000 2153 1087.419 15.828 -3204.319 1086.796 14.359 -3204.876 1088.062 16.406 -3203.797 cv-bluecrystal
112 0 66 2464 1 10000 2234 1162.421 32.711 -3064.834 1161.843 31.453 -3065.391 1162.922 33.312 -3063.782 cv-bluecrystal
113 0 43 28 1 10000 2391 1033.644 65.724 -3097.678 1030.265 44.016 -3101.063 1035.968 88.749 -3095.251 cv-villagepole-hole-02
114 0 66 2463 1 10000 2393 1160.317 33.108 -3063.525 1159.343 31.688 -3064.282 1161.234 33.812 -3062.532 cv-bluecrystal
115 0 43 11 1 10000 2523 1049.724 44.850 -3137.241 1046.843 18.219 -3139.032 1052.531 70.984 -3133.376 cv-villagepole-hole-02
116 0 43 17 1 10000 2674 1121.530 58.099 -3181.456 1118.516 36.390 -3184.985 1124.250 81.125 -3179.328 cv-villagepole-hole-02
117 0 43 9 1 10000 2674 1076.942 61.724 -3098.045 1074.812 40.015 -3101.063 1080.468 84.750 -3095.329 cv-villagepole-hole-02
118 0 43 19 1 10000 2797 1012.398 65.478 -3184.382 1008.843 43.765 -3187.079 1014.562 88.500 -3181.297 cv-villagepole-hole-02
119 0 43 15 1 10000 3076 1082.680 44.908 -3150.533 1080.781 18.281 -3153.079 1086.578 71.047 -3147.297 cv-villagepole-hole-02
120 0 66 2479 1 10000 3062 921.719 40.485 -3024.943 921.000 39.515 -3025.282 922.141 40.969 -3024.344 cv-bluecrystal
121 0 69 2440 1 10000 3366 1105.894 9.281 -3148.151 1101.781 7.453 -3152.516 1109.765 10.750 -3144.501 cv-webbase
122 0 69 2431 1 10000 3426 1173.075 10.406 -2997.875 1168.969 8.578 -3002.235 1176.953 11.875 -2994.219 cv-webbase
123 0 69 2437 1 10000 3427 1112.054 9.281 -3142.374 1107.937 7.453 -3146.734 1115.938 10.750 -3138.719 cv-webbase
124 0 66 2532 1 10000 3595 1087.532 15.765 -3205.337 1086.921 14.296 -3205.813 1088.046 16.609 -3204.609 cv-bluecrystal
125 0 66 2553 1 10000 3709 1152.555 26.501 -3109.914 1151.968 25.234 -3110.704 1153.078 27.344 -3109.407 cv-bluecrystal
126 0 66 2488 1 10000 3720 1087.523 15.666 -3203.735 1087.094 14.453 -3204.016 1088.218 16.328 -3203.469 cv-bluecrystal
127 0 66 2500 1 10000 3894 993.078 44.861 -3189.336 992.781 43.625 -3189.563 993.437 45.562 -3189.016 cv-bluecrystal
128 0 66 2506 1 10000 3921 1051.778 11.757 -3177.565 1051.484 10.531 -3177.797 1052.140 12.453 -3177.235 cv-bluecrystal
129 0 66 2518 1 10000 3927 1153.306 26.503 -3112.123 1152.703 25.234 -3112.563 1153.750 27.297 -3111.656 cv-bluecrystal
130 0 66 2571 1 10000 3999 1052.295 11.864 -3180.887 1051.562 10.484 -3181.501 1052.984 12.843 -3180.000 cv-bluecrystal
131 0 66 2568 1 10000 4000 993.593 44.969 -3192.659 992.859 43.578 -3193.282 994.281 45.953 -3191.782 cv-bluecrystal
132 0 66 2516 1 10000 4086 1160.117 33.531 -3062.337 1159.421 31.968 -3063.000 1161.218 34.531 -3061.859 cv-bluecrystal
133 0 66 2544 1 10000 4224 1052.766 11.848 -3178.827 1051.953 10.499 -3179.344 1053.234 12.765 -3178.438 cv-bluecrystal
134 0 66 2530 1 10000 4313 1085.420 14.724 -3204.272 1084.843 13.546 -3204.797 1086.640 15.562 -3203.797 cv-bluecrystal
135 0 69 2425 1 10000 4322 1177.653 10.406 -2986.469 1173.546 8.578 -2990.829 1181.531 11.875 -2982.829 cv-webbase
136 0 69 2434 1 10000 4322 1065.221 9.443 -3107.626 1061.109 7.609 -3111.985 1069.093 10.906 -3103.985 cv-webbase
137 0 66 2556 1 10000 4467 977.050 33.787 -2954.947 976.156 31.797 -2955.594 977.703 35.109 -2954.016 cv-bluecrystal
138 0 66 2461 1 10000 4457 1160.439 32.600 -3064.081 1159.890 31.359 -3064.516 1161.109 33.296 -3063.344 cv-bluecrystal
139 0 69 2428 1 10000 4504 1189.339 10.402 -2981.115 1185.187 8.578 -2985.453 1193.171 11.875 -2977.438 cv-webbase
140 0 66 2485 1 10000 4559 1086.193 14.883 -3203.052 1085.624 13.797 -3203.453 1087.047 15.406 -3202.578 cv-bluecrystal
141 0 66 2519 1 10000 4604 1151.938 26.641 -3111.259 1151.484 25.234 -3111.563 1152.359 27.484 -3110.719 cv-bluecrystal
142 0 66 2491 1 10000 4850 1002.661 50.977 -3155.955 1001.781 49.531 -3156.751 1003.203 51.765 -3155.547 cv-bluecrystal
143 0 66 2476 1 10000 4857 976.407 33.437 -2951.658 975.922 31.812 -2951.907 977.125 34.328 -2951.344 cv-bluecrystal
144 0 66 2512 1 10000 4900 1073.129 13.091 -3224.752 1071.937 11.687 -3225.016 1073.812 13.844 -3224.485 cv-bluecrystal
145 0 69 2422 1 10000 4823 1235.254 9.349 -2960.635 1231.094 7.515 -2964.969 1239.078 10.828 -2956.954 cv-webbase
146 0 66 2535 1 10000 5093 1001.285 52.436 -3157.217 1000.624 50.515 -3157.969 1002.015 53.453 -3156.485 cv-bluecrystal
147 0 66 2543 1 10000 5095 1051.915 12.081 -3179.324 1051.453 10.499 -3180.062 1052.594 13.031 -3178.891 cv-bluecrystal
148 0 66 2540 1 10000 5109 993.215 45.186 -3191.098 992.750 43.609 -3191.844 993.890 46.125 -3190.657 cv-bluecrystal
149 0 19 1459 1 10000 5224 1264.355 16.634 -2910.358 1260.906 16.312 -2911.563 1267.687 16.843 -2909.141 cv-planks-all
150 0 30 28 1 10000 5303 1033.551 65.546 -3097.807 1030.265 43.687 -3101.063 1035.968 88.749 -3095.360 cv-villagepole-hole-01
151 0 66 2487 1 10000 5389 1086.976 15.943 -3203.064 1086.281 14.234 -3203.485 1087.859 16.922 -3202.485 cv-bluecrystal
152 0 66 2499 1 10000 5389 992.408 45.368 -3188.991 992.078 43.640 -3189.438 992.828 46.375 -3188.469 cv-bluecrystal
153 0 15 675 1 10000 5476 1185.834 11.214 -2994.111 1183.000 10.078 -2996.594 1188.625 12.094 -2991.672 cv-wall-02-2x2
154 0 19 1465 1 10000 5670 1260.103 16.850 -2930.365 1256.875 16.531 -2933.360 1263.703 17.047 -2928.188 cv-planks-all
155 0 66 2515 1 10000 5645 1161.260 34.009 -3062.554 1160.531 32.297 -3063.282 1162.062 34.984 -3061.688 cv-bluecrystal
156 0 19 1458 1 10000 5663 1263.995 16.635 -2912.423 1260.594 16.312 -2914.000 1267.484 16.843 -2910.891 cv-planks-all
157 0 19 1462 1 10000 5748 1262.914 16.889 -2921.734 1259.609 16.562 -2924.094 1266.297 17.078 -2920.250 cv-planks-all
158 0 66 2527 1 10000 5652 923.015 40.055 -3024.328 922.031 38.906 -3024.953 923.703 40.718 -3023.641 cv-bluecrystal
159 0 19 1467 1 10000 5761 1254.485 16.847 -2937.553 1251.578 16.531 -2940.000 1257.312 17.062 -2935.078 cv-planks-all
160 0 19 1471 1 10000 5737 1243.515 16.846 -2952.335 1240.422 16.531 -2954.797 1246.640 17.062 -2949.797 cv-planks-all
161 0 19 1475 1 10000 5785 1242.475 16.847 -2953.875 1239.515 16.531 -2956.078 1245.531 17.062 -2951.688 cv-planks-all
162 0 19 1466 1 10000 5817 1253.436 16.847 -2939.102 1250.328 16.531 -2941.672 1256.453 17.062 -2936.516 cv-planks-all
163 0 20 1700 1 10000 5121 1082.179 13.492 -3102.278 1081.421 11.078 -3102.782 1083.109 15.859 -3101.969 cv-supportpole-end-2x2
164 0 19 1542 1 10000 5834 1116.295 24.700 -3108.321 1113.594 24.359 -3111.360 1118.968 24.937 -3105.360 cv-planks-all
165 0 19 1540 1 10000 5834 1117.912 24.875 -3109.554 1115.203 24.406 -3112.610 1120.578 25.234 -3106.578 cv-planks-all
166 0 20 1650 1 10000 5132 1085.861 43.485 -3079.600 1085.500 40.906 -3080.516 1086.171 46.015 -3078.844 cv-supportpole-end-2x2
167 0 19 1541 1 10000 5839 1119.370 25.193 -3110.818 1116.656 24.656 -3113.860 1122.031 25.609 -3107.844 cv-planks-all
168 0 20 1745 1 10000 5137 1071.409 30.775 -3103.805 1069.531 28.187 -3105.500 1073.437 33.234 -3101.953 cv-supportpole-end-2x2
169 0 30 7 1 10000 5817 1098.868 43.434 -3124.042 1096.734 16.703 -3127.109 1102.531 69.812 -3121.328 cv-villagepole-hole-01
170 0 20 1721 1 10000 5148 1088.142 31.298 -3096.009 1087.031 28.968 -3097.375 1089.078 33.500 -3094.484 cv-supportpole-end-2x2
171 0 20 1733 1 10000 5140 1078.132 30.844 -3104.490 1076.515 28.437 -3105.516 1079.906 33.140 -3103.282 cv-supportpole-end-2x2
172 0 20 1725 1 10000 5145 1070.473 31.294 -3094.676 1069.266 28.578 -3095.219 1071.844 33.937 -3094.313 cv-supportpole-end-2x2
173 0 20 1731 1 10000 5145 1082.926 30.990 -3103.812 1081.484 28.875 -3105.126 1084.531 32.969 -3102.328 cv-supportpole-end-2x2
174 0 20 1732 1 10000 5151 1083.214 30.906 -3104.134 1080.890 28.406 -3104.953 1085.406 33.281 -3103.141 cv-supportpole-end-2x2
175 0 20 1688 1 10000 5156 1104.143 12.247 -3100.969 1102.781 9.718 -3101.422 1105.672 14.687 -3100.719 cv-supportpole-end-2x2
176 0 20 1709 1 10000 5156 1080.885 44.915 -3085.663 1079.219 42.687 -3086.250 1082.703 47.031 -3084.891 cv-supportpole-end-2x2
177 0 20 1713 1 10000 5156 1081.258 43.832 -3088.681 1080.140 41.406 -3089.610 1082.546 46.156 -3087.578 cv-supportpole-end-2x2
178 0 20 1735 1 10000 5156 1078.076 31.828 -3090.644 1075.968 29.703 -3091.953 1080.062 33.812 -3089.516 cv-supportpole-end-2x2
179 0 20 1750 1 10000 5162 1073.523 12.508 -3103.594 1073.062 10.078 -3104.219 1073.796 14.921 -3103.157 cv-supportpole-end-2x2
180 0 66 2460 1 10000 5892 1160.821 32.830 -3065.086 1160.062 31.203 -3065.953 1161.734 33.765 -3063.750 cv-bluecrystal
181 0 19 1470 1 10000 5834 1252.064 16.846 -2940.686 1248.906 16.531 -2943.391 1255.312 17.062 -2938.016 cv-planks-all
182 0 20 1728 1 10000 5202 1070.256 31.155 -3098.811 1068.843 28.531 -3099.610 1071.828 33.687 -3098.172 cv-supportpole-end-2x2
183 0 20 1667 1 10000 5148 1116.859 23.289 -3111.289 1115.156 21.828 -3112.735 1118.687 24.609 -3109.985 cv-supportpole-end-2x2
184 0 20 1697 1 10000 5148 1089.967 13.955 -3103.124 1088.890 12.094 -3104.110 1090.875 15.719 -3102.297 cv-supportpole-end-2x2
185 0 20 1673 1 10000 5154 1098.707 44.243 -3093.334 1096.234 42.828 -3093.859 1101.093 45.484 -3093.000 cv-supportpole-end-2x2
186 0 20 1761 1 10000 5154 1155.275 21.525 -3149.923 1153.625 19.046 -3150.594 1157.078 23.890 -3149.063 cv-supportpole-end-2x2
187 0 20 1698 1 10000 5213 1085.584 14.204 -3110.450 1085.156 12.218 -3111.016 1085.859 16.156 -3109.719 cv-supportpole-end-2x2
188 0 20 1749 1 10000 5213 1074.195 11.034 -3109.620 1073.750 8.640 -3110.438 1074.828 13.375 -3108.641 cv-supportpole-end-2x2
189 0 20 1658 1 10000 5188 1100.452 43.707 -3087.747 1099.500 41.265 -3089.079 1101.219 46.062 -3086.562 cv-supportpole-end-2x2
190 0 20 1752 1 10000 5217 1153.268 21.390 -3152.816 1152.843 18.797 -3154.329 1153.874 23.875 -3151.157 cv-supportpole-end-2x2
191 0 20 1758 1 10000 5217 1154.006 21.348 -3158.078 1153.468 18.578 -3158.907 1154.718 24.062 -3157.094 cv-supportpole-end-2x2
192 0 20 1726 1 10000 5222 1071.783 31.288 -3092.296 1071.031 28.562 -3093.516 1072.703 33.937 -3091.235 cv-supportpole-end-2x2
193 0 20 1760 1 10000 5222 1153.322 21.344 -3154.930 1152.953 18.797 -3156.531 1153.874 23.781 -3153.188 cv-supportpole-end-2x2
194 0 20 1655 1 10000 5169 1090.110 43.843 -3097.602 1089.374 41.312 -3098.438 1091.031 46.312 -3096.594 cv-supportpole-end-2x2
195 0 20 1691 1 10000 5169 1101.145 13.157 -3109.618 1100.578 10.922 -3110.719 1101.531 15.312 -3108.360 cv-supportpole-end-2x2
196 0 20 1708 1 10000 5169 1083.877 43.489 -3089.088 1082.156 41.249 -3089.844 1085.453 45.624 -3088.156 cv-supportpole-end-2x2
197 0 20 1696 1 10000 5228 1089.373 13.921 -3109.963 1088.281 12.094 -3110.891 1090.281 15.640 -3108.876 cv-supportpole-end-2x2
198 0 20 1715 1 10000 5228 1081.898 43.297 -3079.322 1081.374 40.718 -3080.078 1082.609 45.844 -3078.735 cv-supportpole-end-2x2
199 0 20 1751 1 10000 5228 1081.062 11.412 -3103.048 1080.109 9.047 -3103.969 1081.843 13.719 -3102.313 cv-supportpole-end-2x2
200 0 20 1757 1 10000 5228 1153.074 21.412 -3151.670 1152.453 18.625 -3152.188 1153.874 24.172 -3151.329 cv-supportpole-end-2x2
201 0 20 1651 1 10000 5222 1088.593 43.487 -3091.592 1088.078 41.015 -3092.751 1089.296 45.891 -3090.282 cv-supportpole-end-2x2
202 0 20 1714 1 10000 5174 1081.020 44.336 -3083.034 1079.781 41.874 -3083.626 1082.421 46.718 -3082.610 cv-supportpole-end-2x2
203 0 20 1711 1 10000 5233 1083.715 43.021 -3079.633 1081.843 40.734 -3080.610 1085.718 45.188 -3078.829 cv-supportpole-end-2x2
204 0 20 1719 1 10000 5221 1084.116 43.235 -3079.515 1082.281 40.765 -3080.172 1085.812 45.609 -3079.031 cv-supportpole-end-2x2
205 0 20 1741 1 10000 5239 1070.231 31.442 -3101.267 1068.781 28.515 -3102.610 1071.844 34.265 -3099.766 cv-supportpole-end-2x2
206 0 20 1659 1 10000 5280 1101.789 44.600 -3082.166 1101.188 42.015 -3082.563 1102.218 47.172 -3081.891 cv-supportpole-end-2x2
207 0 20 1670 1 10000 5280 1107.823 23.218 -3096.501 1106.375 21.297 -3097.938 1109.125 25.000 -3094.922 cv-supportpole-end-2x2
208 0 20 1756 1 10000 5244 1158.334 21.381 -3149.250 1156.578 18.844 -3149.781 1159.922 23.828 -3148.907 cv-supportpole-end-2x2
209 0 20 1759 1 10000 5232 1153.031 21.344 -3154.125 1152.187 18.593 -3154.656 1154.046 24.046 -3153.406 cv-supportpole-end-2x2
210 0 20 1660 1 10000 5233 1101.985 45.326 -3085.941 1101.328 42.734 -3086.406 1102.812 47.875 -3085.641 cv-supportpole-end-2x2
211 0 20 1744 1 10000 5233 1075.751 31.314 -3105.030 1075.437 28.296 -3107.016 1076.140 34.219 -3102.891 cv-supportpole-end-2x2
212 0 20 1664 1 10000 5291 1093.236 44.468 -3097.257 1092.937 42.844 -3097.751 1093.624 46.047 -3096.594 cv-supportpole-end-2x2
213 0 20 1687 1 10000 5238 1106.481 12.304 -3098.477 1105.390 9.765 -3099.547 1107.749 14.765 -3097.610 cv-supportpole-end-2x2
214 0 20 1678 1 10000 5184 1098.791 24.002 -3101.121 1098.093 22.594 -3102.641 1099.312 25.265 -3099.485 cv-supportpole-end-2x2
215 0 20 1652 1 10000 5243 1089.786 44.277 -3094.433 1089.125 41.718 -3095.125 1090.609 46.781 -3093.563 cv-supportpole-end-2x2
216 0 20 1748 1 10000 5184 1077.376 11.061 -3110.413 1076.828 8.656 -3111.157 1077.734 13.422 -3109.485 cv-supportpole-end-2x2
217 0 20 1671 1 10000 5297 1101.937 24.604 -3099.811 1101.078 23.609 -3101.219 1102.625 25.406 -3098.297 cv-supportpole-end-2x2
218 0 20 1662 1 10000 5244 1092.033 44.127 -3097.104 1090.406 42.437 -3097.453 1093.546 45.687 -3096.579 cv-supportpole-end-2x2
219 0 20 1675 1 10000 5190 1085.721 31.090 -3104.240 1084.578 28.437 -3106.188 1086.687 33.640 -3102.141 cv-supportpole-end-2x2
220 0 20 1681 1 10000 5249 1106.268 24.634 -3094.608 1104.453 22.656 -3095.047 1107.937 26.499 -3094.016 cv-supportpole-end-2x2
221 0 20 1676 1 10000 5176 1088.551 31.099 -3097.434 1087.421 28.562 -3097.719 1089.515 33.594 -3097.047 cv-supportpole-end-2x2
222 0 20 1668 1 10000 5237 1119.504 23.189 -3108.639 1117.750 22.234 -3110.375 1121.374 23.968 -3107.032 cv-supportpole-end-2x2
223 0 20 1686 1 10000 5237 1108.079 12.144 -3096.789 1106.984 9.609 -3097.860 1109.344 14.609 -3095.922 cv-supportpole-end-2x2
224 0 20 1684 1 10000 5291 1108.600 11.969 -3100.905 1106.359 9.374 -3101.750 1110.687 14.453 -3099.891 cv-supportpole-end-2x2
225 0 20 1669 1 10000 5296 1104.950 22.822 -3101.713 1102.968 20.625 -3102.782 1106.797 24.890 -3100.469 cv-supportpole-end-2x2
226 0 20 1724 1 10000 5296 1088.041 31.006 -3091.733 1086.453 28.562 -3093.203 1089.437 33.343 -3090.438 cv-supportpole-end-2x2
227 0 20 1710 1 10000 5182 1082.168 43.814 -3081.291 1081.750 42.546 -3083.782 1082.750 44.921 -3078.860 cv-supportpole-end-2x2
228 0 20 1680 1 10000 5243 1107.047 24.612 -3091.032 1105.640 23.094 -3091.672 1108.312 26.000 -3090.563 cv-supportpole-end-2x2
229 0 20 1654 1 10000 5260 1101.273 43.820 -3093.455 1100.140 41.312 -3094.126 1102.234 46.265 -3092.609 cv-supportpole-end-2x2
230 0 20 1663 1 10000 5302 1094.846 43.790 -3097.167 1092.953 41.718 -3097.532 1096.875 45.750 -3096.625 cv-supportpole-end-2x2
231 0 19 1468 1 10000 5995 1258.555 16.847 -2932.527 1255.375 16.531 -2935.313 1261.656 17.062 -2929.704 cv-planks-all
232 0 20 1693 1 10000 5249 1097.951 13.646 -3103.251 1096.812 10.937 -3103.782 1099.249 16.281 -3102.907 cv-supportpole-end-2x2
233 0 20 1739 1 10000 5254 1077.940 31.571 -3104.272 1076.125 29.250 -3105.516 1079.593 33.765 -3102.875 cv-supportpole-end-2x2
234 0 20 1740 1 10000 5260 1073.815 30.875 -3104.258 1072.406 27.969 -3105.672 1075.406 33.687 -3102.672 cv-supportpole-end-2x2
235 0 20 1661 1 10000 5303 1087.311 43.228 -3089.510 1085.703 40.953 -3090.016 1089.062 45.390 -3088.828 cv-supportpole-end-2x2
236 0 20 1737 1 10000 5357 1073.821 30.925 -3092.018 1071.578 28.890 -3092.563 1076.187 32.812 -3091.297 cv-supportpole-end-2x2
237 0 20 1677 1 10000 5308 1088.123 31.459 -3100.316 1086.422 29.125 -3100.578 1089.672 33.687 -3099.875 cv-supportpole-end-2x2
238 0 20 1689 1 10000 5308 1106.741 13.251 -3107.031 1105.015 10.875 -3108.016 1108.296 15.531 -3105.875 cv-supportpole-end-2x2
239 0 20 1679 1 10000 5254 1102.924 24.751 -3099.595 1101.593 22.672 -3100.766 1104.078 26.734 -3098.266 cv-supportpole-end-2x2
240 0 20 1699 1 10000 5368 1081.897 13.543 -3110.043 1081.390 11.124 -3110.344 1082.593 15.937 -3109.579 cv-supportpole-end-2x2
241 0 20 1683 1 10000 5319 1107.052 11.906 -3102.855 1106.312 9.374 -3105.079 1107.625 14.328 -3100.516 cv-supportpole-end-2x2
242 0 20 1720 1 10000 5265 1088.345 31.026 -3094.141 1087.031 28.531 -3094.406 1089.484 33.453 -3093.735 cv-supportpole-end-2x2
243 0 20 1722 1 10000 5324 1079.714 32.871 -3089.256 1078.890 30.438 -3091.125 1080.703 35.171 -3087.532 cv-supportpole-end-2x2
244 0 20 1730 1 10000 5363 1086.369 31.574 -3102.072 1085.875 29.578 -3104.047 1087.047 33.437 -3099.969 cv-supportpole-end-2x2
245 0 20 1743 1 10000 5271 1081.038 31.436 -3104.851 1080.124 28.453 -3106.672 1081.765 34.312 -3102.875 cv-supportpole-end-2x2
246 0 20 1729 1 10000 5368 1088.258 31.305 -3098.811 1087.031 28.984 -3100.235 1089.312 33.516 -3097.532 cv-supportpole-end-2x2
247 0 20 1736 1 10000 5368 1076.976 31.963 -3090.838 1074.421 30.375 -3091.188 1079.625 33.406 -3090.516 cv-supportpole-end-2x2
248 0 20 1742 1 10000 5374 1069.739 31.738 -3098.050 1067.812 28.515 -3098.954 1071.812 34.859 -3096.969 cv-supportpole-end-2x2
249 0 20 1656 1 10000 5379 1096.835 44.395 -3097.514 1095.922 41.843 -3098.235 1097.562 46.890 -3096.610 cv-supportpole-end-2x2
250 0 30 17 1 10000 6011 1121.515 57.821 -3181.623 1118.500 36.062 -3184.985 1124.250 81.125 -3179.297 cv-villagepole-hole-01
251 0 20 1701 1 10000 5385 1080.842 10.857 -3109.612 1079.578 8.578 -3110.406 1081.937 13.046 -3108.641 cv-supportpole-end-2x2
252 0 20 1738 1 10000 5385 1071.536 30.702 -3101.899 1070.140 28.047 -3102.188 1073.093 33.281 -3101.516 cv-supportpole-end-2x2
253 0 20 1692 1 10000 5371 1098.450 13.257 -3109.339 1097.312 10.859 -3110.875 1099.765 15.546 -3107.672 cv-supportpole-end-2x2
254 0 20 1672 1 10000 5337 1098.147 24.323 -3101.294 1097.453 23.187 -3102.672 1098.656 25.281 -3099.828 cv-supportpole-end-2x2
255 0 20 1653 1 10000 5284 1096.923 44.940 -3094.099 1095.828 42.406 -3094.657 1097.828 47.421 -3093.360 cv-supportpole-end-2x2
256 0 20 1674 1 10000 5327 1100.702 43.657 -3091.299 1099.843 41.625 -3093.203 1101.390 45.546 -3089.266 cv-supportpole-end-2x2
257 0 20 1734 1 10000 5339 1070.274 30.980 -3096.229 1068.875 28.500 -3097.422 1071.828 33.343 -3094.875 cv-supportpole-end-2x2
258 0 20 1704 1 10000 5393 1094.551 24.155 -3102.644 1094.000 21.703 -3104.376 1095.297 26.484 -3100.766 cv-supportpole-end-2x2
259 0 20 1685 1 10000 5397 1111.861 12.017 -3099.169 1109.718 9.484 -3100.391 1113.843 14.438 -3097.782 cv-supportpole-end-2x2
260 0 20 1727 1 10000 5397 1074.802 32.157 -3089.932 1074.172 29.750 -3091.891 1075.593 34.453 -3088.110 cv-supportpole-end-2x2
261 0 20 1682 1 10000 5349 1110.767 12.468 -3101.039 1108.750 9.625 -3102.797 1112.624 15.187 -3099.125 cv-supportpole-end-2x2
262 0 20 1695 1 10000 5349 1107.698 12.399 -3105.347 1105.140 10.750 -3105.953 1110.156 13.875 -3104.953 cv-supportpole-end-2x2
263 0 20 1753 1 10000 5414 1153.625 21.500 -3156.561 1152.734 18.844 -3157.797 1154.687 24.078 -3155.501 cv-supportpole-end-2x2
264 0 20 1723 1 10000 5429 1085.112 31.914 -3090.245 1084.828 29.484 -3092.251 1085.546 34.234 -3088.391 cv-supportpole-end-2x2
265 0 30 5 1 10000 6087 1093.550 73.424 -3078.773 1090.812 51.687 -3081.079 1096.562 96.749 -3075.375 cv-villagepole-hole-01
266 0 30 11 1 10000 6088 1049.739 44.632 -3136.985 1046.843 17.890 -3139.079 1052.531 70.984 -3133.376 cv-villagepole-hole-01
267 0 66 2547 1 10000 6169 1072.648 14.010 -3226.248 1071.156 12.250 -3226.844 1073.515 15.078 -3225.907 cv-bluecrystal
268 0 66 2536 1 10000 6170 1002.908 52.039 -3157.411 1001.718 50.187 -3158.406 1003.734 53.156 -3156.703 cv-bluecrystal
269 0 20 1657 1 10000 5425 1101.026 44.161 -3089.657 1099.531 41.734 -3089.953 1102.359 46.500 -3089.172 cv-supportpole-end-2x2
270 0 20 1712 1 10000 5425 1085.711 43.687 -3089.279 1085.344 41.187 -3090.422 1086.031 46.125 -3087.969 cv-supportpole-end-2x2
271 0 20 1641 1 10000 5526 1245.133 14.800 -2950.873 1242.953 12.594 -2952.360 1247.484 16.843 -2949.579 cv-supportpole-end-2x2
272 0 20 1637 1 10000 5530 1261.513 14.785 -2929.033 1259.062 12.609 -2929.422 1264.093 16.797 -2928.657 cv-supportpole-end-2x2
273 0 20 1639 1 10000 5530 1253.929 14.800 -2938.492 1251.890 12.594 -2940.219 1256.140 16.843 -2936.969 cv-supportpole-end-2x2
274 0 20 1640 1 10000 5530 1241.601 14.800 -2956.804 1239.421 12.594 -2958.297 1243.953 16.843 -2955.516 cv-supportpole-end-2x2
275 0 66 2521 1 10000 6109 975.790 34.045 -2952.709 974.328 31.547 -2953.375 976.953 36.125 -2952.032 cv-bluecrystal
276 0 20 1636 1 10000 5535 1261.772 14.845 -2922.918 1259.500 12.609 -2924.126 1264.187 16.922 -2921.907 cv-supportpole-end-2x2
277 0 20 1642 1 10000 5535 1247.667 14.800 -2947.338 1245.578 12.594 -2948.985 1249.921 16.843 -2945.891 cv-supportpole-end-2x2
278 0 20 1694 1 10000 5383 1098.312 12.973 -3105.955 1097.609 11.547 -3106.344 1099.171 14.328 -3105.391 cv-supportpole-end-2x2
279 0 19 1546 1 10000 6241 1129.565 25.247 -3113.673 1127.922 24.922 -3116.860 1131.187 25.453 -3110.578 cv-planks-all
280 0 30 13 1 10000 6170 1130.214 68.979 -3155.698 1126.937 47.187 -3158.969 1132.641 92.265 -3153.266 cv-villagepole-hole-01
281 0 30 9 1 10000 6206 1077.098 61.543 -3098.067 1074.797 39.688 -3101.078 1080.484 84.750 -3095.329 cv-villagepole-hole-01
282 0 66 2531 1 10000 6228 1086.594 15.477 -3205.248 1085.891 13.937 -3205.844 1087.375 16.375 -3204.860 cv-bluecrystal
283 0 30 15 1 10000 6222 1082.921 44.730 -3150.480 1080.734 17.953 -3153.079 1086.578 71.047 -3147.297 cv-villagepole-hole-01
284 0 30 19 1 10000 6299 1012.245 65.297 -3184.349 1008.843 43.437 -3187.079 1014.562 88.500 -3181.250 cv-villagepole-hole-01
285 0 19 1559 1 10000 6608 1095.764 25.320 -3100.694 1093.906 25.000 -3104.234 1098.953 25.515 -3097.297 cv-planks-all
286 0 19 1564 1 10000 6619 1109.813 14.731 -3101.110 1105.734 14.406 -3103.876 1113.265 14.921 -3097.453 cv-planks-all
287 0 66 2520 1 10000 6743 1151.023 26.411 -3111.228 1150.469 25.234 -3111.797 1151.531 27.265 -3110.751 cv-bluecrystal
288 0 66 2537 1 10000 6885 993.977 44.882 -3190.595 993.265 43.609 -3191.109 994.531 45.875 -3190.204 cv-bluecrystal
289 0 15 707 1 10000 6888 1039.489 12.662 -3084.520 1038.734 12.296 -3085.282 1040.250 12.999 -3083.750 cv-wall-02-2x2
290 0 17 675 1 10000 7167 1196.357 15.901 -2997.501 1187.625 14.578 -2999.188 1198.547 17.609 -2992.438 cv-wall-stal-stripe-01
291 0 66 2523 1 10000 7190 976.520 33.874 -2953.411 975.672 31.781 -2954.172 977.343 35.062 -2953.001 cv-bluecrystal
292 0 17 555 1 10000 7105 1100.607 34.667 -3084.947 1098.156 34.297 -3088.766 1103.094 35.000 -3081.204 cv-wall-stal-stripe-01
293 0 19 1599 1 10000 7565 1083.760 45.671 -3071.906 1082.453 45.453 -3074.063 1084.999 45.906 -3069.907 cv-planks-all
294 0 19 1506 1 10000 7524 1088.493 45.668 -3076.180 1087.187 45.453 -3078.313 1089.718 45.906 -3074.157 cv-planks-all
295 0 19 1481 1 10000 7557 1088.493 45.668 -3071.925 1087.187 45.453 -3074.063 1089.718 45.906 -3069.907 cv-planks-all
296 0 19 1597 1 10000 7574 1083.760 45.671 -3076.161 1082.453 45.453 -3078.313 1084.999 45.906 -3074.157 cv-planks-all
297 0 19 1479 1 10000 7581 1100.649 45.671 -3072.047 1099.343 45.453 -3074.203 1101.891 45.906 -3070.047 cv-planks-all
298 0 19 1489 1 10000 7581 1100.649 45.671 -3088.047 1099.343 45.453 -3090.203 1101.891 45.906 -3086.047 cv-planks-all
299 0 19 1493 1 10000 7581 1100.649 45.671 -3080.094 1099.343 45.453 -3082.251 1101.891 45.906 -3078.094 cv-planks-all
300 0 19 1487 1 10000 7579 1100.629 45.666 -3084.164 1099.343 45.453 -3086.282 1101.891 45.906 -3082.109 cv-planks-all
301 0 19 1491 1 10000 7579 1100.629 45.666 -3091.836 1099.343 45.453 -3093.953 1101.891 45.906 -3089.782 cv-planks-all
302 0 19 1485 1 10000 7590 1100.649 45.671 -3075.975 1099.343 45.453 -3078.126 1101.891 45.906 -3073.969 cv-planks-all
303 0 19 1521 1 10000 7620 1081.641 45.767 -3092.773 1080.297 45.562 -3094.907 1082.890 46.015 -3090.547 cv-planks-all
304 0 19 1525 1 10000 7620 1081.641 45.767 -3088.758 1080.297 45.562 -3090.891 1082.890 46.015 -3086.532 cv-planks-all
305 0 66 2542 1 10000 7531 1050.286 11.873 -3179.289 1049.765 10.531 -3179.906 1050.734 12.859 -3178.860 cv-bluecrystal
306 0 19 1500 1 10000 7626 1081.641 45.767 -3080.203 1080.297 45.562 -3082.329 1082.890 46.015 -3077.969 cv-planks-all
307 0 19 1502 1 10000 7606 1081.641 45.767 -3084.481 1080.297 45.562 -3086.610 1082.890 46.015 -3082.251 cv-planks-all
308 0 66 2539 1 10000 7562 991.588 44.981 -3191.060 991.078 43.625 -3191.672 992.031 45.969 -3190.626 cv-bluecrystal
309 0 66 2524 1 10000 7657 977.305 33.824 -2952.853 976.718 31.984 -2953.391 977.750 35.124 -2952.438 cv-bluecrystal
310 0 19 1532 1 10000 7745 1090.589 45.773 -3096.439 1089.594 45.562 -3098.469 1091.609 46.015 -3094.297 cv-planks-all
311 0 66 2514 1 10000 7686 1163.022 33.683 -3063.542 1162.437 32.124 -3064.422 1163.562 34.750 -3062.641 cv-bluecrystal
312 0 19 1508 1 10000 7771 1090.590 45.773 -3084.352 1089.594 45.562 -3086.469 1091.625 46.015 -3082.125 cv-planks-all
313 0 19 1512 1 10000 7771 1090.590 45.773 -3076.212 1089.594 45.562 -3078.328 1091.625 46.015 -3073.985 cv-planks-all
314 0 19 1516 1 10000 7783 1090.590 45.773 -3088.373 1089.594 45.562 -3090.500 1091.625 46.015 -3086.141 cv-planks-all
315 0 19 1483 1 10000 7784 1090.590 45.773 -3072.192 1089.594 45.562 -3074.313 1091.625 46.015 -3069.953 cv-planks-all
316 0 19 1514 1 10000 7784 1090.590 45.773 -3092.208 1089.594 45.562 -3094.328 1091.625 46.015 -3089.969 cv-planks-all
317 0 19 1510 1 10000 7790 1090.590 45.773 -3080.285 1089.594 45.562 -3082.407 1091.625 46.015 -3078.047 cv-planks-all
318 0 19 1531 1 10000 7745 1093.430 45.785 -3096.336 1091.547 45.390 -3098.532 1095.265 46.171 -3094.047 cv-planks-all
319 0 19 1503 1 10000 7833 1088.775 45.873 -3084.405 1087.546 45.656 -3086.657 1090.015 46.109 -3082.063 cv-planks-all
320 0 19 1522 1 10000 7834 1088.775 45.873 -3092.700 1087.546 45.656 -3094.953 1090.015 46.109 -3090.360 cv-planks-all
321 0 19 1526 1 10000 7838 1088.775 45.873 -3088.684 1087.546 45.656 -3090.938 1090.015 46.109 -3086.344 cv-planks-all
322 0 19 1501 1 10000 7842 1088.775 45.873 -3080.127 1087.546 45.656 -3082.376 1090.015 46.109 -3077.781 cv-planks-all
323 0 19 1478 1 10000 7816 1093.451 45.788 -3072.056 1091.547 45.390 -3074.391 1095.265 46.171 -3069.703 cv-planks-all
324 0 19 1498 1 10000 7819 1093.451 45.788 -3080.147 1091.547 45.390 -3082.485 1095.265 46.171 -3077.797 cv-planks-all
325 0 19 1490 1 10000 7874 1098.219 45.645 -3088.047 1096.969 45.422 -3090.391 1099.437 45.875 -3085.844 cv-planks-all
326 0 19 1480 1 10000 7886 1098.219 45.645 -3072.046 1096.969 45.422 -3074.391 1099.437 45.875 -3069.828 cv-planks-all
327 0 19 1533 1 10000 7874 1096.231 45.875 -3096.383 1095.219 45.656 -3098.547 1097.140 46.109 -3094.157 cv-planks-all
328 0 19 1494 1 10000 7881 1098.219 45.645 -3080.094 1096.969 45.422 -3082.438 1099.437 45.875 -3077.891 cv-planks-all
329 0 19 1600 1 10000 7881 1081.330 45.645 -3071.907 1080.078 45.422 -3074.251 1082.562 45.875 -3069.703 cv-planks-all
330 0 19 1486 1 10000 7859 1098.219 45.645 -3075.977 1096.969 45.422 -3078.313 1099.437 45.875 -3073.766 cv-planks-all
331 0 19 1492 1 10000 7859 1098.219 45.645 -3091.789 1096.969 45.422 -3094.126 1099.437 45.875 -3089.578 cv-planks-all
332 0 19 1488 1 10000 7861 1098.219 45.645 -3084.117 1096.969 45.422 -3086.453 1099.437 45.875 -3081.907 cv-planks-all
333 0 19 1598 1 10000 7861 1081.330 45.645 -3076.164 1080.078 45.422 -3078.500 1082.562 45.875 -3073.953 cv-planks-all
334 0 19 1482 1 10000 7890 1086.059 45.645 -3071.907 1084.812 45.422 -3074.251 1087.281 45.875 -3069.703 cv-planks-all
335 0 19 1507 1 10000 7894 1086.059 45.645 -3076.164 1084.812 45.422 -3078.500 1087.281 45.875 -3073.953 cv-planks-all
336 0 19 1509 1 10000 7915 1096.261 45.876 -3084.191 1095.219 45.656 -3086.562 1097.140 46.109 -3081.969 cv-planks-all
337 0 19 1484 1 10000 7919 1096.261 45.876 -3072.026 1095.219 45.656 -3074.391 1097.140 46.109 -3069.813 cv-planks-all
338 0 19 1511 1 10000 7924 1096.261 45.876 -3080.118 1095.219 45.656 -3082.485 1097.140 46.109 -3077.891 cv-planks-all
339 0 19 1515 1 10000 7924 1096.261 45.876 -3092.040 1095.219 45.656 -3094.406 1097.140 46.109 -3089.813 cv-planks-all
340 0 19 1517 1 10000 7924 1096.261 45.876 -3088.212 1095.219 45.656 -3090.578 1097.140 46.109 -3085.985 cv-planks-all
341 0 19 1513 1 10000 7937 1096.261 45.876 -3076.052 1095.219 45.656 -3078.422 1097.140 46.109 -3073.829 cv-planks-all
342 0 19 1627 1 10000 7932 1159.284 23.739 -3151.173 1156.703 23.421 -3152.344 1161.859 24.078 -3150.016 cv-planks-all
343 0 66 2546 1 10000 7910 1071.405 14.500 -3225.271 1070.438 12.734 -3225.813 1072.297 15.594 -3224.797 cv-bluecrystal
344 0 19 1550 1 10000 7972 1102.807 25.237 -3095.278 1099.640 25.031 -3098.141 1105.984 25.484 -3092.453 cv-planks-all
345 0 19 1632 1 10000 7946 1154.528 23.738 -3152.178 1151.953 23.468 -3153.375 1157.109 24.031 -3151.000 cv-planks-all
346 0 66 2522 1 10000 7938 975.094 33.001 -2953.480 974.406 31.343 -2954.109 976.172 34.219 -2952.985 cv-bluecrystal
347 0 19 1631 1 10000 7928 1154.182 23.738 -3150.719 1151.593 23.468 -3151.938 1156.750 24.031 -3149.501 cv-planks-all
348 0 19 1614 1 10000 8011 1069.566 33.760 -3103.432 1068.296 33.562 -3106.766 1071.000 34.015 -3100.282 cv-planks-all
349 0 19 1608 1 10000 8008 1069.613 33.760 -3097.656 1068.328 33.562 -3100.985 1071.062 34.015 -3094.500 cv-planks-all
350 0 19 1624 1 10000 8009 1086.102 55.657 -3143.135 1084.843 55.484 -3146.766 1087.281 55.875 -3139.626 cv-planks-all
351 0 19 1553 1 10000 8044 1106.755 24.846 -3099.679 1104.062 24.484 -3102.594 1109.422 25.234 -3096.766 cv-planks-all
352 0 19 1602 1 10000 8045 1081.384 33.621 -3097.430 1080.328 33.422 -3100.547 1082.390 33.874 -3094.375 cv-planks-all
353 0 19 1547 1 10000 8044 1133.982 25.262 -3114.224 1132.812 25.062 -3117.266 1135.187 25.515 -3111.109 cv-planks-all
354 0 19 1560 1 10000 8052 1109.587 24.543 -3102.146 1106.875 24.297 -3105.063 1112.250 24.812 -3099.235 cv-planks-all
355 0 19 1611 1 10000 8043 1081.384 33.621 -3103.383 1080.328 33.422 -3106.500 1082.390 33.874 -3100.329 cv-planks-all
356 0 19 1605 1 10000 8051 1081.384 33.621 -3091.667 1080.328 33.422 -3094.782 1082.390 33.874 -3088.610 cv-planks-all
357 0 19 1610 1 10000 8051 1079.268 33.621 -3103.358 1078.281 33.422 -3106.422 1080.375 33.874 -3100.235 cv-planks-all
358 0 19 1567 1 10000 8052 1100.363 14.661 -3107.272 1099.312 14.453 -3110.360 1101.515 14.906 -3104.156 cv-planks-all
359 0 19 1601 1 10000 8055 1079.268 33.621 -3097.406 1078.281 33.422 -3100.469 1080.375 33.874 -3094.282 cv-planks-all
360 0 19 1604 1 10000 8055 1079.268 33.621 -3091.640 1078.281 33.422 -3094.704 1080.375 33.874 -3088.516 cv-planks-all
361 0 19 1555 1 10000 8061 1104.368 14.659 -3098.253 1101.734 14.453 -3101.188 1107.046 14.906 -3095.329 cv-planks-all
362 0 19 1562 1 10000 8057 1100.540 14.661 -3101.099 1097.421 14.453 -3102.266 1103.656 14.906 -3099.828 cv-planks-all
363 0 19 1544 1 10000 8067 1127.129 25.333 -3113.438 1125.969 25.078 -3116.485 1128.328 25.609 -3110.328 cv-planks-all
364 0 19 1622 1 10000 8046 1081.737 55.657 -3143.369 1080.781 55.484 -3146.922 1082.640 55.875 -3139.938 cv-planks-all
365 0 19 1557 1 10000 8063 1113.076 14.660 -3097.756 1110.406 14.453 -3100.719 1115.796 14.906 -3094.875 cv-planks-all
366 0 19 1606 1 10000 8074 1071.457 33.760 -3091.598 1070.453 33.562 -3094.922 1072.593 34.015 -3088.438 cv-planks-all
367 0 19 1569 1 10000 8092 1110.397 24.580 -3103.236 1107.515 24.375 -3106.344 1113.078 24.828 -3100.251 cv-planks-all
368 0 19 1476 1 10000 8097 1241.698 16.753 -2955.413 1238.687 16.546 -2957.703 1244.672 17.000 -2953.157 cv-planks-all
369 0 19 1615 1 10000 8120 1077.139 33.867 -3103.479 1075.796 33.656 -3106.891 1078.375 34.109 -3100.062 cv-planks-all
370 0 19 1551 1 10000 8126 1101.277 25.209 -3097.282 1098.172 25.000 -3100.344 1104.515 25.453 -3094.453 cv-planks-all
371 0 19 1473 1 10000 8104 1244.562 16.753 -2950.599 1241.562 16.546 -2953.422 1247.781 17.000 -2947.953 cv-planks-all
372 0 19 1499 1 10000 8107 1093.451 45.788 -3076.077 1091.547 45.390 -3078.406 1095.265 46.171 -3073.719 cv-planks-all
373 0 19 1609 1 10000 8115 1077.217 33.867 -3097.702 1075.874 33.656 -3101.125 1078.453 34.109 -3094.282 cv-planks-all
374 0 19 1626 1 10000 8118 1158.946 23.739 -3149.757 1156.359 23.421 -3150.938 1161.531 24.078 -3148.563 cv-planks-all
375 0 19 1474 1 10000 8138 1248.352 16.867 -2945.794 1245.188 16.656 -2948.453 1251.406 17.109 -2942.938 cv-planks-all
376 0 19 1463 1 10000 8108 1261.003 16.847 -2928.375 1257.953 16.640 -2930.094 1264.124 17.093 -2926.672 cv-planks-all
377 0 19 1607 1 10000 8150 1077.357 33.867 -3091.673 1076.296 33.656 -3095.094 1078.312 34.109 -3088.266 cv-planks-all
378 0 19 1518 1 10000 8146 1083.361 33.631 -3091.744 1082.297 33.422 -3095.125 1084.437 33.874 -3088.360 cv-planks-all
379 0 19 1536 1 10000 8146 1083.361 33.631 -3097.508 1082.297 33.422 -3100.876 1084.437 33.874 -3094.126 cv-planks-all
380 0 19 1523 1 10000 8143 1089.343 33.524 -3091.641 1088.344 33.312 -3095.063 1090.453 33.765 -3088.219 cv-planks-all
381 0 19 1538 1 10000 8143 1089.343 33.524 -3097.406 1088.344 33.312 -3100.829 1090.453 33.765 -3093.985 cv-planks-all
382 0 19 1570 1 10000 8148 1114.861 24.690 -3107.058 1112.124 24.468 -3110.032 1117.781 24.937 -3103.969 cv-planks-all
383 0 19 1591 1 10000 8116 1064.062 56.653 -3102.247 1062.640 56.453 -3106.219 1065.453 56.906 -3098.016 cv-planks-all
384 0 19 1535 1 10000 8147 1089.343 33.524 -3103.354 1088.344 33.312 -3106.782 1090.453 33.765 -3099.922 cv-planks-all
385 0 19 1539 1 10000 8154 1083.361 33.631 -3103.456 1082.297 33.422 -3106.828 1084.437 33.874 -3100.062 cv-planks-all
386 0 19 1573 1 10000 8116 1085.171 14.654 -3106.654 1083.749 14.453 -3110.626 1086.562 14.906 -3102.422 cv-planks-all
387 0 19 1464 1 10000 8178 1262.501 16.960 -2924.038 1259.375 16.750 -2925.610 1265.594 17.203 -2922.282 cv-planks-all
388 0 19 1618 1 10000 8121 1080.509 12.489 -3106.607 1079.094 12.296 -3110.578 1081.890 12.750 -3102.375 cv-planks-all
389 0 19 1554 1 10000 8164 1105.348 25.123 -3098.428 1102.422 24.750 -3101.454 1108.125 25.531 -3095.532 cv-planks-all
390 0 19 1548 1 10000 8168 1132.088 25.240 -3114.039 1130.875 25.031 -3117.344 1133.188 25.484 -3110.719 cv-planks-all
391 0 19 1558 1 10000 8169 1111.611 14.638 -3098.954 1108.999 14.422 -3102.157 1114.343 14.874 -3095.876 cv-planks-all
392 0 19 1545 1 10000 8171 1125.237 25.394 -3113.252 1124.016 25.140 -3116.547 1126.343 25.687 -3109.922 cv-planks-all
393 0 19 1561 1 10000 8173 1108.165 24.604 -3100.881 1105.249 24.344 -3103.891 1110.921 24.890 -3097.985 cv-planks-all
394 0 19 1568 1 10000 8180 1098.457 14.638 -3107.256 1097.547 14.422 -3110.641 1099.422 14.874 -3103.860 cv-planks-all
395 0 19 1460 1 10000 8158 1262.890 16.846 -2919.471 1259.765 16.640 -2920.797 1266.156 17.093 -2918.141 cv-planks-all
396 0 19 1628 1 10000 8199 1159.303 23.745 -3152.595 1156.562 23.421 -3153.766 1162.312 24.078 -3151.516 cv-planks-all
397 0 19 1630 1 10000 8223 1160.177 23.598 -3156.777 1157.422 23.281 -3158.047 1163.187 23.937 -3155.594 cv-planks-all
398 0 19 1461 1 10000 8196 1263.747 16.960 -2914.415 1260.468 16.750 -2915.532 1267.031 17.203 -2913.094 cv-planks-all
399 0 15 449 1 10000 8067 1076.045 26.114 -3090.577 1070.500 20.437 -3096.141 1080.765 27.312 -3085.750 cv-wall-02-2x2
400 0 19 1633 1 10000 8237 1154.494 23.747 -3153.637 1151.812 23.468 -3154.844 1157.562 24.031 -3152.547 cv-planks-all
401 0 19 1635 1 10000 8238 1155.394 23.617 -3157.954 1152.687 23.343 -3159.251 1158.469 23.906 -3156.766 cv-planks-all
402 0 19 1616 1 10000 8202 1075.816 12.552 -3106.840 1074.734 12.359 -3110.719 1076.875 12.812 -3102.704 cv-planks-all
403 0 19 1571 1 10000 8208 1089.418 14.654 -3106.840 1088.344 14.453 -3110.719 1090.468 14.906 -3102.704 cv-planks-all
404 0 19 1625 1 10000 8235 1083.750 55.631 -3143.065 1082.546 55.453 -3147.032 1084.968 55.844 -3139.235 cv-planks-all
405 0 19 1589 1 10000 8216 1059.371 56.653 -3102.480 1058.297 56.453 -3106.360 1060.421 56.906 -3098.344 cv-planks-all
406 0 15 630 1 10000 8031 1165.054 64.169 -3173.039 1164.218 62.453 -3173.641 1167.156 66.156 -3172.719 cv-wall-02-2x2
407 0 15 708 1 10000 8178 1044.502 17.236 -3079.685 1043.531 16.671 -3080.594 1045.453 17.578 -3078.844 cv-wall-02-2x2
408 0 19 1556 1 10000 8328 1105.803 14.631 -3099.506 1103.062 14.422 -3102.406 1108.703 14.874 -3096.485 cv-planks-all
409 0 19 1563 1 10000 8336 1100.604 14.638 -3103.001 1097.171 14.422 -3103.969 1104.031 14.874 -3101.938 cv-planks-all
410 0 19 1477 1 10000 8372 1240.782 16.726 -2956.815 1237.750 16.515 -2959.282 1243.921 16.969 -2954.500 cv-planks-all
411 0 42 7 1 10000 8336 1098.903 42.700 -3124.094 1096.749 17.937 -3127.109 1102.531 68.797 -3121.328 cv-villagepole-hole-03
412 0 42 15 1 10000 8340 1082.975 44.084 -3150.498 1080.718 19.187 -3153.172 1086.640 70.047 -3147.219 cv-villagepole-hole-03
413 0 42 28 1 10000 8340 1033.489 64.789 -3097.749 1030.265 44.921 -3101.063 1035.968 87.734 -3095.360 cv-villagepole-hole-03
414 0 42 11 1 10000 8343 1049.774 43.894 -3136.960 1046.734 19.124 -3139.141 1052.687 69.984 -3133.234 cv-villagepole-hole-03
415 0 42 13 1 10000 8344 1130.143 68.426 -3155.665 1126.937 48.422 -3158.969 1132.641 91.250 -3153.266 cv-villagepole-hole-03
416 0 42 5 1 10000 8343 1093.631 72.789 -3078.774 1090.765 52.921 -3081.188 1096.593 95.734 -3075.359 cv-villagepole-hole-03
417 0 42 19 1 10000 8346 1012.246 64.675 -3184.274 1008.812 44.672 -3187.141 1014.703 87.499 -3181.234 cv-villagepole-hole-03
418 0 42 9 1 10000 8348 1077.103 60.919 -3098.142 1074.671 40.922 -3101.110 1080.515 83.734 -3095.266 cv-villagepole-hole-03
419 0 42 17 1 10000 8348 1121.433 57.294 -3181.615 1118.469 37.281 -3185.032 1124.296 80.109 -3179.188 cv-villagepole-hole-03
420 0 19 1623 1 10000 8388 1079.968 55.632 -3143.290 1079.047 55.453 -3147.172 1080.875 55.844 -3139.563 cv-planks-all
421 0 19 1592 1 10000 8444 1061.396 56.630 -3101.955 1060.016 56.422 -3106.516 1062.796 56.875 -3097.562 cv-planks-all
422 0 19 1574 1 10000 8448 1082.505 14.630 -3106.367 1081.125 14.422 -3110.922 1083.906 14.874 -3101.969 cv-planks-all
423 0 66 2528 1 10000 8304 922.371 40.586 -3023.973 921.500 39.437 -3024.469 923.078 41.390 -3023.610 cv-bluecrystal
424 0 19 1617 1 10000 8507 1073.797 12.525 -3106.557 1072.749 12.312 -3111.000 1074.859 12.781 -3102.266 cv-planks-all
425 0 19 1590 1 10000 8511 1057.346 56.630 -3102.196 1056.297 56.422 -3106.641 1058.406 56.875 -3097.891 cv-planks-all
426 0 19 1619 1 10000 8557 1077.859 12.468 -3106.308 1076.453 12.265 -3110.875 1079.250 12.719 -3101.922 cv-planks-all
427 0 19 1572 1 10000 8641 1087.406 14.631 -3106.545 1086.343 14.422 -3111.000 1088.453 14.874 -3102.266 cv-planks-all
428 0 19 1583 1 10000 8526 1065.024 74.253 -3105.756 1063.859 57.265 -3106.563 1066.046 90.828 -3105.172 cv-planks-all
429 0 62 2422 1 10000 8491 1234.969 5.786 -2961.392 1230.781 3.953 -2965.344 1239.390 8.515 -2956.735 cv-webbase-02
430 0 62 2425 1 10000 8492 1177.419 6.836 -2987.256 1173.234 5.000 -2991.203 1181.844 9.578 -2982.610 cv-webbase-02
431 0 62 2437 1 10000 8492 1111.818 5.711 -3143.161 1107.625 3.875 -3147.110 1116.250 8.453 -3138.516 cv-webbase-02
432 0 71 1665 1 10000 8190 1101.574 48.064 -3093.775 1101.172 47.766 -3094.157 1101.953 48.531 -3093.376 cv-torch-01
433 0 71 1718 1 10000 8195 1081.086 48.083 -3084.137 1080.687 47.797 -3084.531 1081.468 48.531 -3083.735 cv-torch-01
434 0 71 1648 1 10000 8206 1100.815 48.064 -3071.469 1100.437 47.766 -3071.844 1101.219 48.515 -3071.063 cv-torch-01
435 0 71 1649 1 10000 8206 1101.927 48.105 -3082.192 1101.531 47.828 -3082.594 1102.312 48.546 -3081.797 cv-torch-01
436 0 71 1746 1 10000 8207 1069.751 36.141 -3106.720 1069.375 35.843 -3107.094 1070.156 36.594 -3106.313 cv-torch-01
437 0 71 1717 1 10000 8218 1079.296 36.141 -3089.337 1078.921 35.843 -3089.719 1079.703 36.594 -3088.938 cv-torch-01
438 0 71 1646 1 10000 8222 1152.166 14.540 -3056.056 1151.766 14.218 -3056.454 1152.546 15.015 -3055.656 cv-torch-01
439 0 71 1706 1 10000 8241 956.265 41.488 -2993.417 955.859 41.187 -2993.797 956.656 41.953 -2993.016 cv-torch-01
440 0 71 1747 1 10000 8239 1079.673 36.173 -3105.951 1079.281 35.875 -3106.360 1080.078 36.625 -3105.578 cv-torch-01
441 0 71 1644 1 10000 8235 1163.585 14.540 -3019.427 1163.203 14.218 -3019.813 1163.968 15.015 -3019.063 cv-torch-01
442 0 71 1638 1 10000 8244 1259.339 21.753 -2922.045 1258.937 21.468 -2922.485 1259.765 22.187 -2921.641 cv-torch-01
443 0 71 1647 1 10000 8258 1139.234 14.540 -3072.865 1138.859 14.218 -3073.235 1139.625 15.015 -3072.469 cv-torch-01
444 0 71 1705 1 10000 8269 1013.138 42.199 -3055.692 1012.750 41.874 -3056.094 1013.515 42.672 -3055.297 cv-torch-01
445 0 11 13 1 10000 8806 1129.599 68.156 -3156.330 1126.812 38.281 -3159.094 1132.765 92.265 -3153.266 cv-villagepole-new-wood
446 0 71 1643 1 10000 8268 1245.924 20.252 -2944.130 1245.515 19.984 -2944.563 1246.343 20.672 -2943.719 cv-torch-01
447 0 11 9 1 10000 8810 1077.953 60.596 -3098.224 1074.750 30.781 -3101.110 1080.609 84.750 -3095.266 cv-villagepole-new-wood
448 0 11 15 1 10000 8806 1083.854 67.100 -3150.116 1080.718 9.047 -3153.157 1086.640 105.469 -3147.219 cv-villagepole-new-wood
449 0 11 17 1 10000 8773 1121.349 54.925 -3182.483 1118.469 27.000 -3185.110 1124.312 81.125 -3179.266 cv-villagepole-new-wood
450 0 71 1645 1 10000 8276 1154.254 14.540 -3039.065 1153.859 14.218 -3039.469 1154.640 15.015 -3038.704 cv-torch-01
451 0 11 7 1 10000 8807 1099.974 49.519 -3124.231 1096.703 7.797 -3127.172 1102.656 81.890 -3121.204 cv-villagepole-new-wood
452 0 11 11 1 10000 8795 1049.652 56.346 -3135.947 1046.750 8.984 -3139.110 1052.609 86.062 -3133.266 cv-villagepole-new-wood
453 0 11 5 1 10000 8810 1093.710 72.595 -3077.909 1090.750 42.781 -3081.126 1096.609 96.749 -3075.250 cv-villagepole-new-wood
454 0 11 19 1 10000 8817 1011.394 64.404 -3184.130 1008.718 34.515 -3187.141 1014.640 88.500 -3181.234 cv-villagepole-new-wood
455 0 71 1666 1 10000 8265 1090.392 35.909 -3106.749 1089.984 35.609 -3107.125 1090.781 36.374 -3106.344 cv-torch-01
456 0 19 1528 1 10000 8669 1087.227 73.526 -3140.303 1086.296 56.546 -3141.032 1088.250 90.109 -3139.485 cv-planks-all
457 0 71 1707 1 10000 8266 952.066 40.852 -3030.202 951.656 40.531 -3030.594 952.422 41.312 -3029.828 cv-torch-01
458 0 71 1716 1 10000 8269 1080.374 48.064 -3094.834 1080.000 47.766 -3095.219 1080.781 48.515 -3094.422 cv-torch-01
459 0 19 1576 1 10000 8708 1056.475 74.253 -3099.052 1055.468 57.265 -3099.860 1057.390 90.828 -3098.313 cv-planks-all
460 0 19 1527 1 10000 8780 1087.375 73.526 -3146.406 1086.718 56.546 -3147.516 1088.218 90.109 -3145.406 cv-planks-all
461 0 19 1587 1 10000 8830 1079.654 73.526 -3140.372 1078.843 56.546 -3141.297 1080.437 90.109 -3139.344 cv-planks-all
462 0 11 0 1 10000 9058 1258.900 7.394 -2922.208 1258.406 -0.391 -2922.954 1259.422 16.906 -2921.782 cv-villagepole-new-wood
463 0 11 1 1 10000 9050 1250.746 7.136 -2936.394 1250.250 -0.516 -2937.126 1251.265 16.484 -2935.969 cv-villagepole-new-wood
464 0 11 2 1 10000 9094 1256.539 10.763 -2928.303 1256.046 3.015 -2929.047 1257.062 19.078 -2927.891 cv-villagepole-new-wood
465 0 15 464 1 10000 8845 1157.121 2.105 -3154.189 1152.422 1.359 -3158.891 1162.437 3.734 -3148.844 cv-wall-02-2x2
466 0 15 555 1 10000 8850 1100.317 37.725 -3084.548 1095.625 36.984 -3089.860 1105.656 39.343 -3079.860 cv-wall-02-2x2
467 0 26 36 1 10000 9114 1055.981 23.150 -3141.140 963.718 1.656 -3239.563 1253.812 55.656 -2914.938 cv-floorfringe-04-2x2
468 0 19 1596 1 10000 8963 1080.156 62.618 -3146.296 1079.593 52.609 -3147.235 1080.796 73.031 -3145.797 cv-planks-all
469 0 19 1529 1 10000 8956 1086.784 62.618 -3140.551 1086.140 52.609 -3141.047 1087.343 73.031 -3139.610 cv-planks-all
470 0 15 461 1 10000 8965 1112.784 57.975 -3190.065 1107.843 57.093 -3195.203 1117.624 59.469 -3185.360 cv-wall-02-2x2
471 0 21 36 1 10000 9122 1069.076 25.028 -3099.827 939.828 6.609 -3228.391 1229.718 55.656 -2938.031 cv-floorfringe-01-2x2
472 0 19 1581 1 10000 9005 1065.310 63.337 -3105.336 1064.734 53.328 -3106.188 1066.062 73.765 -3104.859 cv-planks-all
473 0 18 36 1 10000 9007 1081.967 46.795 -3085.780 917.640 -5.625 -3226.610 1274.375 121.031 -2875.891 cv-wall-stal-stripe-02
474 0 19 1595 1 10000 9033 1080.161 62.618 -3140.397 1079.375 52.609 -3141.188 1080.765 73.031 -3139.922 cv-planks-all
475 0 15 460 1 10000 9007 1112.365 50.752 -3189.767 1106.906 50.203 -3194.547 1117.750 51.749 -3184.469 cv-wall-02-2x2
476 0 15 230 1 10000 9026 1101.470 10.240 -3105.132 1097.062 9.469 -3109.344 1106.031 10.734 -3100.609 cv-wall-02-2x2
477 0 19 1580 1 10000 9065 1064.918 63.337 -3098.475 1064.281 53.328 -3098.969 1065.484 73.765 -3097.532 cv-planks-all
478 0 19 1588 1 10000 9083 1056.924 63.337 -3106.433 1056.359 53.328 -3107.375 1057.562 73.765 -3105.938 cv-planks-all
479 0 15 337 1 10000 9001 1111.859 43.490 -3190.269 1107.234 42.750 -3195.032 1117.266 45.109 -3184.985 cv-wall-02-2x2
480 0 19 1584 1 10000 9092 1056.274 78.720 -3106.544 1055.515 66.719 -3107.547 1057.000 90.750 -3105.907 cv-planks-all
481 0 19 1579 1 10000 9076 1056.924 63.337 -3098.813 1056.359 53.328 -3099.750 1057.562 73.765 -3098.329 cv-planks-all
482 0 11 4 1 10000 9359 1238.195 6.769 -2954.612 1237.765 -0.922 -2955.422 1238.750 15.125 -2954.203 cv-villagepole-new-wood
483 0 15 497 1 10000 9065 1231.882 8.891 -2935.980 1228.812 7.312 -2939.047 1234.906 10.031 -2932.844 cv-wall-02-2x2
484 0 64 709 1 10000 9229 1051.853 9.834 -3076.870 1049.218 7.609 -3078.672 1055.234 13.094 -3074.594 cv-darkecofringe-02
485 0 67 36 1 10000 9294 1033.668 31.783 -3014.445 972.016 7.750 -3037.813 1202.922 37.047 -2989.719 cv-black
486 0 15 636 1 10000 9091 1157.946 16.601 -3153.989 1153.031 15.703 -3159.047 1162.812 18.078 -3149.219 cv-wall-02-2x2
487 0 19 1578 1 10000 9140 1065.363 74.253 -3098.226 1064.437 57.265 -3098.954 1066.390 90.828 -3097.406 cv-planks-all
488 0 19 1621 1 10000 9128 1086.884 62.618 -3146.276 1086.312 52.609 -3146.797 1087.734 73.031 -3145.516 cv-planks-all
489 0 15 556 1 10000 9087 1099.725 31.362 -3084.915 1094.937 30.187 -3089.141 1103.968 32.297 -3080.156 cv-wall-02-2x2
490 0 12 7 1 10000 9152 1099.197 31.763 -3124.051 1096.687 10.671 -3127.172 1102.656 69.046 -3121.204 cv-villpole-bottom
491 0 25 36 1 10000 9326 1070.238 22.669 -3098.792 922.781 7.453 -3239.563 1226.437 55.656 -2938.172 cv-floorfringe-03-2x2
492 0 12 5 1 10000 9161 1093.560 62.690 -3078.523 1090.734 45.656 -3081.188 1096.609 95.984 -3075.250 cv-villpole-bottom
493 0 19 1593 1 10000 9199 1079.707 73.526 -3146.533 1078.703 56.546 -3147.344 1080.624 90.109 -3145.782 cv-planks-all
494 0 46 312 1 10000 9246 1085.373 13.586 -3106.484 1081.625 13.046 -3109.234 1089.031 13.984 -3103.516 cv-wall-bumps-01
495 0 18 310 1 10000 9163 1083.254 35.175 -3083.565 1077.812 30.718 -3089.297 1089.562 38.391 -3078.438 cv-wall-stal-stripe-02
496 0 11 21 1 10000 9182 1259.671 0.608 -2922.505 1258.875 -7.204 -2923.453 1260.672 7.672 -2921.422 cv-villagepole-new-wood
497 0 12 28 1 10000 9167 1033.410 54.727 -3097.995 1030.047 37.656 -3101.188 1036.109 87.984 -3095.219 cv-villpole-bottom
498 0 11 24 1 10000 9200 1243.672 0.774 -2947.777 1242.859 -7.204 -2948.751 1244.656 8.500 -2946.703 cv-villagepole-new-wood
499 0 15 637 1 10000 9122 1157.590 9.267 -3155.084 1152.078 7.328 -3159.610 1162.937 10.859 -3148.329 cv-wall-02-2x2
500 0 11 3 1 10000 9415 1242.888 8.025 -2947.501 1242.406 -0.016 -2948.235 1243.406 18.250 -2947.063 cv-villagepole-new-wood
501 0 29 2061 1 10000 9205 1121.356 59.870 -3182.211 1118.000 58.172 -3185.578 1124.781 61.562 -3178.797 cv-rusty-hardware
502 0 29 2064 1 10000 9204 1011.645 58.760 -3184.163 1008.250 57.062 -3187.626 1015.109 60.453 -3180.751 cv-rusty-hardware
503 0 29 2062 1 10000 9205 1083.680 82.135 -3150.155 1080.312 80.406 -3153.562 1087.047 83.796 -3146.812 cv-rusty-hardware
504 0 19 1594 1 10000 9205 1079.506 77.989 -3146.406 1078.750 65.984 -3147.422 1080.234 90.015 -3145.766 cv-planks-all
505 0 29 2060 1 10000 9205 1129.746 64.495 -3156.115 1126.328 62.796 -3159.578 1133.250 66.187 -3152.657 cv-rusty-hardware
506 0 29 2057 1 10000 9206 1077.715 85.583 -3098.200 1074.375 83.890 -3101.485 1080.969 87.281 -3094.891 cv-rusty-hardware
507 0 29 2056 1 10000 9206 1099.703 81.263 -3124.217 1096.218 79.562 -3127.641 1103.141 82.968 -3120.735 cv-rusty-hardware
508 0 29 2059 1 10000 9206 1049.662 86.297 -3136.150 1046.438 84.594 -3139.422 1052.921 88.000 -3132.954 cv-rusty-hardware
509 0 29 2058 1 10000 9208 1033.092 83.078 -3098.240 1029.687 81.374 -3101.625 1036.547 84.781 -3094.782 cv-rusty-hardware
510 0 15 450 1 10000 9196 1083.170 29.156 -3086.399 1080.000 28.281 -3088.985 1085.891 29.484 -3083.297 cv-wall-02-2x2
511 0 19 1586 1 10000 9240 1079.548 77.989 -3140.159 1078.609 65.984 -3141.032 1080.156 90.015 -3139.579 cv-planks-all
512 0 49 36 1 10000 9272 1102.730 33.248 -3072.793 914.219 7.531 -3210.750 1274.656 67.312 -2848.407 cv-wall-02-2x2-bumps
513 0 22 36 1 10000 9224 1066.177 25.990 -3109.093 932.609 6.609 -3227.641 1213.624 55.656 -2949.735 cv-floorfringe-02-2x2
514 0 12 15 1 10000 9232 1083.193 33.095 -3150.314 1080.718 11.922 -3153.172 1086.640 70.281 -3147.219 cv-villpole-bottom
515 0 12 19 1 10000 9234 1012.006 54.430 -3184.346 1008.718 37.406 -3187.172 1014.703 87.734 -3181.234 cv-villpole-bottom
516 0 12 13 1 10000 9236 1130.087 58.182 -3155.908 1126.718 41.156 -3159.094 1132.781 91.484 -3153.126 cv-villpole-bottom
517 0 19 1577 1 10000 9235 1065.566 78.720 -3098.350 1064.828 66.719 -3098.985 1066.312 90.750 -3097.344 cv-planks-all
518 0 12 9 1 10000 9238 1077.351 50.647 -3098.070 1074.671 33.656 -3101.110 1080.609 83.984 -3095.251 cv-villpole-bottom
519 0 12 11 1 10000 9238 1049.660 33.004 -3136.692 1046.734 11.859 -3139.141 1052.687 70.234 -3133.234 cv-villpole-bottom
520 0 44 2203 1 10000 9504 1135.001 15.422 -3110.511 1133.375 2.953 -3111.251 1135.734 26.421 -3109.688 cv-woodpoles
521 0 12 17 1 10000 9246 1121.508 47.064 -3181.857 1118.469 30.031 -3185.110 1124.328 80.359 -3179.188 cv-villpole-bottom
522 0 17 36 1 10000 9360 1083.041 47.029 -3076.657 918.594 -1.063 -3225.360 1272.156 116.859 -2877.391 cv-wall-stal-stripe-01
523 0 27 36 1 10000 9429 1068.534 59.469 -3068.660 927.015 6.078 -3193.250 1247.453 128.781 -2924.375 cv-wall-wave-01
524 0 19 1582 1 10000 9284 1064.787 78.720 -3105.736 1064.093 66.719 -3106.656 1065.625 90.750 -3105.126 cv-planks-all
525 0 11 22 1 10000 9310 1251.523 -0.204 -2936.703 1250.718 -7.204 -2937.641 1252.515 7.406 -2935.610 cv-villagepole-new-wood
526 0 44 1905 1 10000 9528 1124.583 21.919 -3116.618 1123.843 14.359 -3117.594 1125.188 28.062 -3116.204 cv-woodpoles
527 0 13 36 1 10000 9300 1057.900 24.833 -3100.760 912.687 7.531 -3247.656 1229.500 55.937 -2942.422 cv-cavefloor-01-2x2
528 0 64 675 1 10000 9222 1192.706 9.355 -2997.470 1181.297 7.750 -3006.672 1201.843 11.734 -2989.953 cv-darkecofringe-02
529 0 19 1620 1 10000 9292 1087.436 77.989 -3146.635 1086.828 65.984 -3147.250 1088.406 90.015 -3145.844 cv-planks-all
530 0 44 1915 1 10000 9481 1103.504 28.074 -3100.316 1102.843 19.625 -3101.376 1104.156 37.031 -3099.766 cv-woodpoles
531 0 44 1907 1 10000 9549 1133.423 22.076 -3117.954 1132.734 14.453 -3118.500 1134.047 28.265 -3117.391 cv-woodpoles
532 0 11 23 1 10000 9316 1257.313 3.155 -2928.627 1256.515 -3.281 -2929.562 1258.312 10.515 -2927.532 cv-villagepole-new-wood
533 0 11 25 1 10000 9322 1239.062 -0.708 -2955.074 1238.328 -7.235 -2956.126 1240.124 6.578 -2954.094 cv-villagepole-new-wood
534 0 11 31 1 10000 9376 1257.032 16.803 -2928.365 1256.531 11.531 -2929.047 1257.594 22.078 -2927.907 cv-villagepole-new-wood
535 0 11 29 1 10000 9400 1259.394 14.458 -2922.258 1258.890 8.765 -2922.954 1259.968 20.156 -2921.797 cv-villagepole-new-wood
536 0 44 1904 1 10000 9547 1125.718 11.635 -3110.207 1124.937 4.094 -3111.094 1126.453 19.140 -3109.625 cv-woodpoles
537 0 19 1530 1 10000 9340 1087.431 77.989 -3140.428 1086.687 65.984 -3141.063 1088.187 90.015 -3139.422 cv-planks-all
538 0 44 1909 1 10000 9598 1135.301 22.701 -3111.060 1134.140 14.843 -3111.516 1135.797 29.172 -3110.453 cv-woodpoles
539 0 46 230 1 10000 9295 1101.712 13.377 -3104.969 1097.625 11.937 -3108.829 1105.562 14.547 -3101.032 cv-wall-bumps-01
540 0 44 1908 1 10000 9598 1133.414 11.096 -3117.301 1132.641 2.984 -3118.016 1134.140 19.234 -3116.625 cv-woodpoles
541 0 19 1585 1 10000 9382 1056.475 74.253 -3106.671 1055.468 57.265 -3107.485 1057.390 90.828 -3105.922 cv-planks-all
542 0 44 1910 1 10000 9603 1134.607 11.385 -3110.260 1133.390 2.984 -3110.953 1135.593 19.796 -3109.532 cv-woodpoles
543 0 44 1906 1 10000 9599 1124.534 11.038 -3116.592 1123.734 2.984 -3117.501 1125.266 19.062 -3116.000 cv-woodpoles
544 0 50 36 1 10000 9377 1054.914 34.791 -3125.964 932.187 4.547 -3193.562 1149.609 55.937 -2978.547 cv-wall-to-ground-01
545 0 24 1949 1 10000 9462 1065.096 61.730 -3105.277 1064.484 61.188 -3105.751 1065.953 62.265 -3104.750 cv-supportrope-01
546 0 24 1946 1 10000 9461 1056.763 61.730 -3098.663 1056.156 61.188 -3099.188 1057.609 62.265 -3098.282 cv-supportrope-01
547 0 24 1948 1 10000 9461 1056.763 61.730 -3106.278 1056.156 61.188 -3106.812 1057.609 62.265 -3105.891 cv-supportrope-01
548 0 24 1960 1 10000 9463 1080.101 61.004 -3140.183 1079.562 60.468 -3140.985 1080.828 61.531 -3139.594 cv-supportrope-01
549 0 24 1950 1 10000 9460 1065.083 61.730 -3098.623 1064.234 61.188 -3099.016 1065.687 62.265 -3098.109 cv-supportrope-01
550 0 24 1941 1 10000 9349 1056.311 79.358 -3099.120 1055.531 78.921 -3099.938 1057.125 79.781 -3098.360 cv-supportrope-01
551 0 24 1942 1 10000 9347 1056.311 79.358 -3106.742 1055.531 78.921 -3107.563 1057.125 79.781 -3105.969 cv-supportrope-01
552 0 24 1964 1 10000 9468 1086.950 61.004 -3140.701 1086.093 60.468 -3141.094 1087.562 61.531 -3140.188 cv-supportrope-01
553 0 24 1962 1 10000 9466 1079.996 61.004 -3146.141 1079.390 60.468 -3146.672 1080.843 61.531 -3145.751 cv-supportrope-01
554 0 24 1963 1 10000 9465 1086.898 61.004 -3146.499 1086.281 60.468 -3147.110 1087.359 61.531 -3145.641 cv-supportrope-01
555 0 24 1937 1 10000 9356 1087.391 78.638 -3140.231 1086.562 78.187 -3141.000 1088.171 79.062 -3139.422 cv-supportrope-01
556 0 24 1955 1 10000 9356 1079.477 78.638 -3140.346 1078.687 78.187 -3141.234 1080.218 79.062 -3139.532 cv-supportrope-01
557 0 24 1966 1 10000 9356 1087.548 78.638 -3146.466 1086.859 78.187 -3147.250 1088.281 79.062 -3145.532 cv-supportrope-01
558 0 24 1939 1 10000 9355 1065.529 79.358 -3098.153 1064.703 78.921 -3098.922 1066.312 79.781 -3097.344 cv-supportrope-01
559 0 24 1956 1 10000 9355 1079.541 78.638 -3146.604 1078.750 78.187 -3147.422 1080.359 79.062 -3145.829 cv-supportrope-01
560 0 24 1952 1 10000 9355 1064.911 79.358 -3105.893 1064.078 78.921 -3106.500 1065.874 79.781 -3105.110 cv-supportrope-01
561 0 15 310 1 10000 9364 1083.664 37.065 -3086.059 1078.375 33.359 -3090.251 1089.406 38.562 -3079.329 cv-wall-02-2x2
562 0 31 36 1 10000 9340 1079.290 51.606 -3017.039 924.672 10.078 -3202.938 1309.859 115.843 -2867.375 cv-wallbumps-all-02
563 0 16 36 1 10000 9302 1103.386 46.996 -3029.174 915.375 11.000 -3209.610 1312.312 128.062 -2843.953 cv-wallbumps-all
564 0 44 2202 1 10000 9627 1125.859 15.247 -3110.241 1124.968 4.094 -3111.516 1126.438 25.062 -3109.234 cv-woodpoles
565 0 51 36 1 10000 9474 1072.214 11.431 -3091.881 972.515 5.969 -3170.329 1229.656 37.656 -2949.407 cv-darkecofringe
566 0 24 1945 1 10000 9422 1064.946 82.968 -3106.041 1064.140 82.499 -3106.797 1065.968 83.437 -3105.282 cv-supportrope-01
567 0 24 1943 1 10000 9420 1056.273 82.968 -3099.267 1055.406 82.499 -3099.969 1057.187 83.437 -3098.485 cv-supportrope-01
568 0 24 1944 1 10000 9420 1056.273 82.968 -3106.888 1055.406 82.499 -3107.579 1057.187 83.437 -3106.109 cv-supportrope-01
569 0 24 1940 1 10000 9419 1065.560 82.968 -3098.008 1064.640 82.499 -3098.782 1066.421 83.437 -3097.313 cv-supportrope-01
570 0 24 1935 1 10000 9531 1238.325 13.931 -2954.459 1237.687 13.312 -2954.938 1238.906 14.562 -2954.000 cv-supportrope-01
571 0 24 1957 1 10000 9427 1079.370 82.242 -3140.454 1078.516 81.765 -3141.297 1080.250 82.719 -3139.563 cv-supportrope-01
572 0 24 1958 1 10000 9428 1079.507 82.242 -3146.749 1078.640 81.765 -3147.438 1080.422 82.719 -3145.969 cv-supportrope-01
573 0 24 1938 1 10000 9426 1087.427 82.242 -3140.082 1086.500 81.765 -3140.860 1088.281 82.719 -3139.391 cv-supportrope-01
574 0 45 449 1 10000 9388 1076.178 27.870 -3091.364 1070.453 24.984 -3096.813 1081.515 30.265 -3085.703 cv-wall-bumps-merge-01
575 0 24 1923 1 10000 9535 1256.753 17.878 -2928.280 1256.124 17.265 -2928.750 1257.328 18.515 -2927.812 cv-supportrope-01
576 0 24 1927 1 10000 9546 1250.957 15.221 -2936.359 1250.328 14.578 -2936.828 1251.531 15.906 -2935.891 cv-supportrope-01
577 0 24 1933 1 10000 9527 1238.717 5.661 -2954.695 1238.062 5.031 -2955.313 1239.312 6.296 -2954.094 cv-supportrope-01
578 0 44 1911 1 10000 9588 1107.140 28.066 -3094.722 1106.343 19.625 -3095.703 1107.718 37.031 -3094.235 cv-woodpoles
579 0 24 1959 1 10000 9440 1087.670 82.242 -3146.385 1086.859 81.765 -3147.266 1088.453 82.719 -3145.438 cv-supportrope-01
580 0 24 1921 1 10000 9535 1257.050 9.597 -2928.368 1256.406 8.984 -2928.985 1257.640 10.250 -2927.750 cv-supportrope-01
581 0 24 1919 1 10000 9562 1259.113 15.613 -2922.173 1258.484 14.953 -2922.641 1259.687 16.312 -2921.704 cv-supportrope-01
582 0 24 1925 1 10000 9554 1251.257 6.448 -2936.448 1250.609 5.797 -2937.063 1251.843 7.125 -2935.828 cv-supportrope-01
583 0 28 36 1 10000 9404 1012.917 79.658 -2988.343 939.734 17.249 -3102.469 1150.125 116.578 -2907.141 cv-wall-wave-02
584 0 11 30 1 10000 9495 1251.240 14.082 -2936.444 1250.734 8.484 -2937.126 1251.812 19.671 -2935.985 cv-villagepole-new-wood
585 0 24 1917 1 10000 9559 1259.411 6.691 -2922.261 1258.765 6.031 -2922.876 1260.000 7.390 -2921.657 cv-supportrope-01
586 0 18 708 1 10000 9413 1044.076 15.053 -3080.007 1041.796 12.843 -3082.219 1046.249 17.453 -3077.875 cv-wall-stal-stripe-02
587 0 32 36 1 10000 9403 1073.420 55.391 -3037.872 921.062 10.734 -3204.000 1299.578 128.781 -2856.282 cv-wallbumps-all-high
588 0 24 1931 1 10000 9590 1243.103 16.887 -2947.454 1242.468 16.187 -2947.922 1243.671 17.625 -2946.985 cv-supportrope-01
589 0 11 8 1 10000 9702 1096.803 9.128 -3123.835 1096.703 7.797 -3125.250 1096.953 10.671 -3122.969 cv-villagepole-new-wood
590 0 11 12 1 10000 9702 1049.995 10.315 -3139.068 1049.125 8.984 -3139.110 1051.359 11.859 -3138.656 cv-villagepole-new-wood
591 0 11 16 1 10000 9702 1081.017 10.378 -3151.338 1080.718 9.047 -3152.516 1081.812 11.922 -3150.516 cv-villagepole-new-wood
592 0 31 2113 1 10000 9444 1220.116 17.332 -2970.737 1218.656 14.906 -2972.313 1220.984 19.124 -2969.250 cv-wallbumps-all-02
593 0 24 1929 1 10000 9587 1243.401 7.464 -2947.542 1242.750 6.765 -2948.157 1243.984 8.203 -2946.938 cv-supportrope-01
594 0 44 1903 1 10000 9632 1125.734 22.033 -3110.257 1125.031 14.750 -3111.219 1126.343 27.562 -3109.859 cv-woodpoles
595 0 44 2210 1 10000 9638 1089.471 19.654 -3104.483 1088.187 5.844 -3107.266 1090.453 33.812 -3101.234 cv-woodpoles
596 0 44 2206 1 10000 9641 1107.144 19.241 -3094.806 1106.140 5.125 -3096.110 1107.734 33.656 -3093.688 cv-woodpoles
597 0 11 33 1 10000 9469 1238.619 12.862 -2954.564 1238.125 7.578 -2955.281 1239.250 18.140 -2954.078 cv-villagepole-new-wood
598 0 46 637 1 10000 9356 1157.627 13.770 -3153.431 1153.031 11.875 -3158.079 1162.109 14.969 -3149.032 cv-wall-bumps-01
599 0 62 2428 1 10000 9465 1189.066 6.836 -2981.875 1184.875 5.000 -2985.829 1193.484 9.578 -2977.219 cv-webbase-02
600 0 62 2440 1 10000 9465 1105.659 5.711 -3148.940 1101.468 3.875 -3152.891 1110.078 8.453 -3144.282 cv-webbase-02
601 0 62 2431 1 10000 9466 1172.841 6.836 -2998.662 1168.656 5.000 -3002.610 1177.265 9.578 -2994.016 cv-webbase-02
602 0 62 2434 1 10000 9465 1064.987 5.875 -3108.412 1060.797 4.047 -3112.360 1069.406 8.609 -3103.766 cv-webbase-02
603 0 46 460 1 10000 9355 1112.434 55.159 -3189.606 1107.843 53.266 -3194.235 1116.921 56.344 -3185.188 cv-wall-bumps-01
604 0 24 1936 1 10000 9579 1238.767 0.472 -2955.055 1237.703 -0.219 -2955.813 1239.625 1.171 -2954.313 cv-supportrope-01
605 0 24 1924 1 10000 9566 1257.016 4.398 -2928.557 1255.968 3.718 -2929.391 1257.890 5.078 -2927.891 cv-supportrope-01
606 0 18 312 1 10000 9453 1085.593 9.640 -3106.518 1081.187 8.781 -3111.063 1090.406 10.640 -3101.766 cv-wall-stal-stripe-02
607 0 46 636 1 10000 9370 1157.597 22.064 -3153.374 1153.343 19.859 -3157.750 1162.046 23.703 -3149.297 cv-wall-bumps-01
608 0 15 583 1 10000 9409 955.078 73.641 -2958.420 952.640 71.766 -2959.610 958.312 75.625 -2957.579 cv-wall-02-2x2
609 0 11 32 1 10000 9517 1243.378 15.532 -2947.564 1242.875 9.656 -2948.235 1243.953 21.672 -2947.079 cv-villagepole-new-wood
610 0 24 1928 1 10000 9544 1251.262 0.929 -2936.717 1250.172 0.203 -2937.469 1252.094 1.656 -2935.969 cv-supportrope-01
611 0 46 461 1 10000 9368 1112.412 63.448 -3189.525 1108.172 61.234 -3193.907 1116.859 65.078 -3185.453 cv-wall-bumps-01
612 0 24 1920 1 10000 9535 1259.346 1.078 -2922.534 1258.328 0.344 -2923.281 1260.250 1.812 -2921.782 cv-supportrope-01
613 0 44 1912 1 10000 9597 1106.990 15.366 -3094.741 1106.125 5.156 -3095.719 1107.687 25.609 -3094.141 cv-woodpoles
614 0 15 312 1 10000 9477 1085.831 10.482 -3106.558 1080.593 9.296 -3111.641 1090.671 12.125 -3101.203 cv-wall-02-2x2
615 0 44 1916 1 10000 9557 1103.566 15.421 -3100.461 1102.828 5.141 -3101.547 1104.328 25.609 -3099.782 cv-woodpoles
616 0 22 1865 1 10000 9738 1043.120 11.232 -3099.686 1040.422 10.656 -3102.188 1045.656 11.796 -3097.188 cv-floorfringe-02-2x2
617 0 24 1932 1 10000 9538 1243.390 1.547 -2947.810 1242.312 0.765 -2948.563 1244.234 2.328 -2947.063 cv-supportrope-01
618 0 68 2238 1 10000 9600 1143.351 77.916 -3163.945 1137.687 71.688 -3167.376 1148.312 83.500 -3159.876 cv-poletop
619 0 68 2255 1 10000 9600 1005.866 72.182 -3169.642 1002.937 65.953 -3175.500 1009.453 77.766 -3164.469 cv-poletop
620 0 68 2222 1 10000 9601 1072.960 99.005 -3113.125 1070.312 92.781 -3118.360 1076.250 104.593 -3107.219 cv-poletop
621 0 68 2213 1 10000 9598 1114.684 94.682 -3128.671 1108.781 88.453 -3131.250 1119.922 100.265 -3125.438 cv-poletop
622 0 68 2243 1 10000 9601 1114.521 73.291 -3196.267 1111.328 67.062 -3201.344 1118.359 78.874 -3190.500 cv-poletop
623 0 68 2212 1 10000 9599 1111.061 94.682 -3113.432 1105.937 88.453 -3118.375 1115.484 100.265 -3109.172 cv-poletop
624 0 68 2236 1 10000 9600 1129.783 77.916 -3140.450 1127.844 71.688 -3146.610 1131.734 83.500 -3134.985 cv-poletop
625 0 68 2257 1 10000 9601 1017.485 72.182 -3198.735 1013.906 65.953 -3203.906 1020.406 77.766 -3192.875 cv-poletop
626 0 68 2226 1 10000 9602 1061.752 99.720 -3146.164 1056.437 93.500 -3150.204 1066.359 105.312 -3141.438 cv-poletop
627 0 68 2221 1 10000 9599 1062.384 99.005 -3101.573 1057.047 92.781 -3103.860 1068.390 104.593 -3098.641 cv-poletop
628 0 68 2246 1 10000 9601 1095.143 95.525 -3139.517 1089.999 89.296 -3144.438 1099.593 101.109 -3135.282 cv-poletop
629 0 68 2232 1 10000 9601 1020.652 96.495 -3088.718 1015.953 90.265 -3093.297 1026.062 102.078 -3084.813 cv-poletop
630 0 68 2241 1 10000 9601 1137.014 73.291 -3181.097 1130.875 67.062 -3183.376 1142.469 78.874 -3179.438 cv-poletop
631 0 68 2256 1 10000 9601 1021.369 72.182 -3171.882 1016.734 65.953 -3177.250 1025.328 77.766 -3167.219 cv-poletop
632 0 68 2245 1 10000 9601 1130.145 73.291 -3195.176 1125.781 67.062 -3200.000 1133.828 78.874 -3189.641 cv-poletop
633 0 68 2230 1 10000 9600 1047.567 96.495 -3092.154 1041.734 90.265 -3095.797 1052.719 102.078 -3089.172 cv-poletop
634 0 68 2231 1 10000 9600 1018.667 96.495 -3104.255 1013.515 90.265 -3107.235 1024.500 102.078 -3100.609 cv-poletop
635 0 68 2237 1 10000 9598 1129.783 77.916 -3171.779 1127.844 71.688 -3177.235 1131.734 83.500 -3165.625 cv-poletop
636 0 68 2235 1 10000 9597 1143.351 77.916 -3148.281 1137.687 71.688 -3152.360 1148.312 83.500 -3144.859 cv-poletop
637 0 68 2250 1 10000 9602 1072.209 95.525 -3160.859 1067.765 89.296 -3165.094 1077.359 101.109 -3155.938 cv-poletop
638 0 68 2225 1 10000 9601 1064.353 99.719 -3130.718 1058.484 93.500 -3134.204 1069.546 105.312 -3127.876 cv-poletop
639 0 68 2234 1 10000 9601 1035.001 99.720 -3141.659 1029.812 93.500 -3144.501 1040.875 105.312 -3138.172 cv-poletop
640 0 68 2220 1 10000 9599 1092.969 99.005 -3094.803 1086.953 92.781 -3097.735 1098.297 104.593 -3092.516 cv-poletop
641 0 68 2252 1 10000 9599 1068.704 95.525 -3145.592 1063.468 89.296 -3148.860 1074.609 101.109 -3142.985 cv-poletop
642 0 68 2254 1 10000 9604 996.174 72.182 -3181.944 990.765 65.953 -3184.547 1002.265 77.766 -3179.969 cv-poletop
643 0 68 2242 1 10000 9604 1116.222 77.916 -3163.945 1111.250 71.688 -3167.376 1121.890 83.500 -3159.876 cv-poletop
644 0 68 2228 1 10000 9599 1031.132 96.495 -3113.744 1029.219 90.265 -3119.157 1033.672 102.078 -3107.641 cv-poletop
645 0 68 2218 1 10000 9599 1067.097 99.005 -3086.635 1062.890 92.781 -3091.813 1072.000 104.593 -3082.172 cv-poletop
646 0 68 2251 1 10000 9601 1105.762 73.291 -3183.280 1100.312 67.062 -3184.938 1111.906 78.874 -3181.016 cv-poletop
647 0 68 2244 1 10000 9597 1128.256 73.291 -3168.111 1124.406 67.062 -3173.891 1131.437 78.874 -3163.032 cv-poletop
648 0 68 2239 1 10000 9597 1116.222 77.916 -3148.281 1111.250 71.688 -3152.360 1121.890 83.500 -3144.859 cv-poletop
649 0 68 2227 1 10000 9597 1045.582 96.495 -3107.692 1040.171 90.265 -3111.594 1050.281 102.078 -3103.109 cv-poletop
650 0 68 2253 1 10000 9602 1047.075 99.720 -3151.633 1044.999 93.500 -3157.016 1049.781 105.312 -3145.562 cv-poletop
651 0 68 2229 1 10000 9599 1035.101 96.495 -3082.668 1032.562 90.265 -3088.781 1037.015 102.078 -3077.250 cv-poletop
652 0 68 2215 1 10000 9599 1096.055 94.682 -3108.949 1093.703 88.453 -3114.938 1099.046 100.265 -3103.641 cv-poletop
653 0 68 2219 1 10000 9599 1082.395 99.005 -3083.250 1079.094 92.781 -3089.157 1085.031 104.593 -3078.016 cv-poletop
654 0 68 2223 1 10000 9599 1088.254 99.005 -3109.740 1083.359 92.781 -3114.203 1092.453 104.593 -3104.563 cv-poletop
655 0 68 2214 1 10000 9597 1084.668 94.682 -3119.704 1079.437 88.453 -3122.938 1090.578 100.265 -3117.125 cv-poletop
656 0 68 2240 1 10000 9597 1112.631 73.291 -3169.204 1108.937 67.062 -3174.735 1116.984 78.874 -3164.375 cv-poletop
657 0 68 2224 1 10000 9602 1052.279 99.720 -3120.742 1049.562 93.500 -3126.813 1054.359 105.312 -3115.359 cv-poletop
658 0 68 2233 1 10000 9601 1037.601 99.720 -3126.210 1033.000 93.500 -3130.938 1042.906 105.312 -3122.172 cv-poletop
659 0 68 2258 1 10000 9598 1027.179 72.181 -3186.429 1021.093 65.953 -3188.407 1032.578 77.766 -3183.828 cv-poletop
660 0 68 2248 1 10000 9600 1080.170 95.525 -3134.921 1077.844 89.296 -3140.922 1083.140 101.109 -3129.594 cv-poletop
661 0 68 2247 1 10000 9600 1087.185 95.525 -3165.455 1084.218 89.296 -3170.782 1089.515 101.109 -3159.454 cv-poletop
662 0 68 2259 1 10000 9598 1001.983 72.182 -3196.491 998.031 65.953 -3201.157 1006.625 77.766 -3191.125 cv-poletop
663 0 68 2249 1 10000 9600 1098.653 95.525 -3154.784 1092.750 89.296 -3157.391 1103.890 101.109 -3151.516 cv-poletop
664 0 68 2217 1 10000 9603 1088.289 94.682 -3134.941 1083.874 88.453 -3139.188 1093.422 100.265 -3130.000 cv-poletop
665 0 68 2216 1 10000 9600 1103.297 94.682 -3139.427 1100.296 88.453 -3144.735 1105.656 100.265 -3133.438 cv-poletop
666 0 64 497 1 10000 9462 1231.871 7.038 -2936.131 1228.343 5.203 -2939.704 1235.469 8.609 -2932.375 cv-darkecofringe-02
667 0 24 1934 1 10000 9443 1238.549 8.990 -2954.673 1237.671 7.953 -2955.328 1239.468 10.046 -2954.109 cv-supportrope-01
668 0 24 1922 1 10000 9450 1256.917 12.933 -2928.400 1256.046 11.906 -2929.047 1257.828 13.984 -2927.828 cv-supportrope-01
669 0 62 2424 1 10000 9479 1236.201 5.630 -2956.753 1234.406 3.953 -2957.579 1238.359 7.515 -2956.126 cv-webbase-02
670 0 62 2427 1 10000 9479 1178.652 6.680 -2982.614 1176.859 5.000 -2983.438 1180.812 8.578 -2981.985 cv-webbase-02
671 0 62 2430 1 10000 9479 1190.296 6.680 -2977.238 1188.500 5.000 -2978.063 1192.453 8.578 -2976.610 cv-webbase-02
672 0 62 2433 1 10000 9479 1174.074 6.680 -2994.019 1172.281 5.000 -2994.844 1176.234 8.578 -2993.391 cv-webbase-02
673 0 62 2436 1 10000 9479 1066.216 5.724 -3103.772 1064.422 4.047 -3104.594 1068.374 7.609 -3103.141 cv-webbase-02
674 0 62 2442 1 10000 9479 1106.888 5.555 -3144.300 1105.093 3.875 -3145.126 1109.046 7.453 -3143.672 cv-webbase-02
675 0 62 2439 1 10000 9477 1113.050 5.555 -3138.519 1111.265 3.875 -3139.344 1115.203 7.453 -3137.891 cv-webbase-02
676 0 24 1926 1 10000 9465 1251.127 9.976 -2936.480 1250.250 8.890 -2937.126 1252.047 11.078 -2935.907 cv-supportrope-01
677 0 24 1918 1 10000 9481 1259.281 10.285 -2922.299 1258.406 9.171 -2922.938 1260.187 11.406 -2921.735 cv-supportrope-01
678 0 28 230 1 10000 9464 1101.816 11.167 -3104.776 1097.062 9.265 -3109.547 1106.265 12.594 -3100.609 cv-wall-wave-02
679 0 24 1930 1 10000 9515 1243.271 11.261 -2947.580 1242.390 10.094 -2948.219 1244.187 12.453 -2947.016 cv-supportrope-01
680 0 24 1953 1 10000 9450 1056.465 70.019 -3106.485 1055.328 68.968 -3107.516 1057.609 71.047 -3105.735 cv-supportrope-01
681 0 24 1965 1 10000 9451 1087.241 69.285 -3140.491 1086.109 68.234 -3141.234 1088.390 70.312 -3139.469 cv-supportrope-01
682 0 24 1951 1 10000 9450 1065.378 70.019 -3098.413 1064.250 68.968 -3099.157 1066.531 71.047 -3097.391 cv-supportrope-01
683 0 24 1947 1 10000 9453 1056.465 70.019 -3098.868 1055.328 68.968 -3099.906 1057.609 71.047 -3098.109 cv-supportrope-01
684 0 24 1967 1 10000 9454 1079.695 69.285 -3146.348 1078.562 68.234 -3147.391 1080.828 70.312 -3145.594 cv-supportrope-01
685 0 24 1954 1 10000 9452 1064.928 70.019 -3105.595 1063.656 68.968 -3106.297 1066.156 71.047 -3104.766 cv-supportrope-01
686 0 24 1961 1 10000 9451 1079.741 69.285 -3140.207 1078.812 68.234 -3141.360 1080.890 70.312 -3139.141 cv-supportrope-01
687 0 24 1968 1 10000 9453 1087.257 69.285 -3146.548 1086.187 68.234 -3147.735 1088.078 70.312 -3145.406 cv-supportrope-01
688 0 44 1913 1 10000 9678 1089.407 28.232 -3106.278 1088.578 19.953 -3108.204 1089.828 37.078 -3104.032 cv-woodpoles
689 0 19 1575 1 10000 9454 1056.274 78.720 -3098.925 1055.515 66.719 -3099.938 1057.000 90.750 -3098.282 cv-planks-all
690 0 45 556 1 10000 9474 1099.066 32.703 -3084.088 1094.484 29.906 -3089.266 1104.000 34.812 -3079.422 cv-wall-bumps-merge-01
691 0 45 460 1 10000 9474 1112.501 52.680 -3189.978 1106.593 50.437 -3195.750 1118.156 54.718 -3184.188 cv-wall-bumps-merge-01
692 0 45 637 1 10000 9469 1157.665 11.299 -3153.865 1151.781 9.047 -3159.610 1163.328 13.328 -3148.032 cv-wall-bumps-merge-01
693 0 45 312 1 10000 9471 1085.317 12.317 -3106.530 1080.593 10.609 -3111.578 1090.453 13.593 -3101.266 cv-wall-bumps-merge-01
694 0 45 555 1 10000 9468 1100.812 40.191 -3084.966 1095.625 37.468 -3089.860 1105.937 42.250 -3079.641 cv-wall-bumps-merge-01
695 0 45 337 1 10000 9466 1112.358 45.954 -3189.849 1107.015 43.234 -3195.032 1117.266 48.015 -3184.719 cv-wall-bumps-merge-01
696 0 45 636 1 10000 9479 1157.472 19.023 -3153.836 1152.281 16.218 -3159.047 1162.812 21.234 -3148.594 cv-wall-bumps-merge-01
697 0 45 464 1 10000 9465 1157.541 4.571 -3153.698 1152.203 1.859 -3158.891 1162.437 6.625 -3148.578 cv-wall-bumps-merge-01
698 0 45 461 1 10000 9481 1112.287 60.408 -3189.989 1107.093 57.609 -3195.203 1117.624 62.609 -3184.735 cv-wall-bumps-merge-01
699 0 64 36 1 10000 9626 1169.297 15.645 -2961.761 963.969 2.640 -3111.485 1311.672 40.250 -2839.344 cv-darkecofringe-02
700 0 45 36 1 10000 9522 1086.138 41.956 -3090.872 1013.953 15.172 -3204.032 1152.422 66.906 -3065.969 cv-wall-bumps-merge-01
701 0 48 36 1 10000 9531 1056.722 52.890 -3033.621 924.937 15.734 -3196.860 1273.500 111.781 -2869.859 cv-wallbumps-all-high02
702 0 45 450 1 10000 9492 1083.386 30.388 -3086.503 1077.312 27.406 -3092.313 1088.937 32.687 -3080.407 cv-wall-bumps-merge-01
703 0 63 36 1 10000 9524 1199.533 9.611 -2972.119 1196.359 8.187 -2975.282 1202.750 10.984 -2968.907 cv-cavelaunchdoor-hole-01-2x2
704 0 44 1694 1 10000 9317 1098.298 12.969 -3105.905 1097.609 11.547 -3106.344 1099.171 14.328 -3105.391 cv-woodpoles
705 0 45 310 1 10000 9513 1083.487 39.190 -3084.331 1077.812 36.094 -3090.251 1089.562 41.703 -3078.438 cv-wall-bumps-merge-01
706 0 18 497 1 10000 9446 1231.777 4.623 -2936.019 1228.359 1.765 -2939.704 1235.469 6.328 -2932.422 cv-wall-stal-stripe-02
707 0 44 1672 1 10000 9328 1098.105 24.352 -3101.280 1097.453 23.187 -3102.672 1098.656 25.281 -3099.828 cv-woodpoles
708 0 18 675 1 10000 9605 1194.871 12.818 -2997.763 1186.297 10.453 -3004.954 1200.312 15.625 -2991.672 cv-wall-stal-stripe-02
709 0 44 1671 1 10000 9325 1101.892 24.632 -3099.805 1101.078 23.609 -3101.219 1102.625 25.406 -3098.297 cv-woodpoles
710 0 70 1648 1 10000 9454 1101.026 46.869 -3071.254 1100.656 45.891 -3071.594 1101.281 47.859 -3071.000 cv-torch-02
711 0 44 1664 1 10000 9343 1093.209 44.471 -3097.211 1092.937 42.844 -3097.751 1093.624 46.047 -3096.594 cv-woodpoles
712 0 70 1638 1 10000 9455 1259.432 20.527 -2922.121 1259.171 19.531 -2922.282 1259.593 21.500 -2921.875 cv-torch-02
713 0 46 555 1 10000 9465 1100.676 43.265 -3084.963 1096.203 41.328 -3089.391 1105.109 44.999 -3080.485 cv-wall-bumps-01
714 0 70 1644 1 10000 9456 1163.008 13.474 -3019.649 1162.468 12.578 -3019.906 1163.625 14.422 -3019.313 cv-torch-02
715 0 70 1705 1 10000 9456 1012.617 41.084 -3055.691 1012.125 40.156 -3055.860 1013.203 42.047 -3055.500 cv-torch-02
716 0 70 1643 1 10000 9459 1245.932 19.021 -2944.089 1245.750 18.031 -2944.297 1246.093 20.000 -2943.938 cv-torch-02
717 0 70 1649 1 10000 9459 1101.805 46.880 -3082.191 1101.624 45.891 -3082.360 1102.109 47.859 -3082.000 cv-torch-02
718 0 70 1647 1 10000 9458 1138.637 13.474 -3072.716 1138.078 12.578 -3073.016 1139.281 14.422 -3072.516 cv-torch-02
719 0 70 1707 1 10000 9459 952.768 39.841 -3030.270 952.062 38.984 -3030.406 953.406 40.734 -3030.016 cv-torch-02
720 0 70 1746 1 10000 9462 1069.962 34.945 -3106.507 1069.593 33.968 -3106.844 1070.218 35.937 -3106.251 cv-torch-02
721 0 70 1646 1 10000 9457 1152.782 13.474 -3056.055 1152.124 12.578 -3056.219 1153.359 14.422 -3055.860 cv-torch-02
722 0 70 1665 1 10000 9457 1101.365 46.869 -3093.560 1101.109 45.891 -3093.891 1101.734 47.859 -3093.297 cv-torch-02
723 0 70 1666 1 10000 9457 1090.185 34.713 -3106.533 1089.937 33.734 -3106.876 1090.546 35.703 -3106.282 cv-torch-02
724 0 70 1716 1 10000 9460 1080.585 46.869 -3094.617 1080.218 45.891 -3094.953 1080.843 47.859 -3094.360 cv-torch-02
725 0 70 1747 1 10000 9458 1079.675 34.958 -3106.162 1079.468 33.968 -3106.422 1079.875 35.953 -3105.797 cv-torch-02
726 0 70 1717 1 10000 9463 1079.507 34.945 -3089.120 1079.141 33.968 -3089.453 1079.766 35.937 -3088.859 cv-torch-02
727 0 70 1706 1 10000 9457 956.073 40.393 -2992.887 955.828 39.468 -2993.453 956.421 41.343 -2992.391 cv-torch-02
728 0 70 1645 1 10000 9463 1154.790 13.474 -3039.369 1154.203 12.578 -3039.703 1155.296 14.422 -3038.969 cv-torch-02
729 0 46 337 1 10000 9462 1112.354 49.030 -3189.986 1107.859 47.094 -3194.469 1116.797 50.766 -3185.547 cv-wall-bumps-01
730 0 70 1718 1 10000 9464 1080.873 46.868 -3084.136 1080.609 45.875 -3084.313 1081.234 47.859 -3083.938 cv-torch-02
731 0 44 2208 1 10000 9755 1103.654 19.266 -3100.487 1102.874 5.125 -3101.907 1104.281 33.640 -3099.313 cv-woodpoles
732 0 46 464 1 10000 9464 1157.539 7.645 -3153.832 1153.047 5.703 -3158.313 1161.968 9.374 -3149.391 cv-wall-bumps-01
733 0 44 1680 1 10000 9431 1107.005 24.640 -3091.022 1105.640 23.094 -3091.672 1108.312 26.000 -3090.563 cv-woodpoles
734 0 47 36 1 10000 9689 1072.455 47.429 -3064.906 920.687 -13.329 -3199.203 1254.031 104.344 -2844.360 cv-wall-02-2x2-high
735 0 44 1678 1 10000 9464 1098.760 24.035 -3101.097 1098.093 22.594 -3102.641 1099.312 25.265 -3099.485 cv-woodpoles
736 0 46 556 1 10000 9474 1099.345 36.174 -3084.332 1095.484 33.718 -3088.250 1103.281 38.656 -3080.422 cv-wall-bumps-01
737 0 44 2204 1 10000 9787 1124.698 14.980 -3116.574 1123.765 2.968 -3117.922 1125.250 25.390 -3115.610 cv-woodpoles
738 0 44 1697 1 10000 9490 1089.918 13.967 -3103.114 1088.890 12.094 -3104.110 1090.875 15.719 -3102.297 cv-woodpoles
739 0 44 1698 1 10000 9491 1085.554 14.206 -3110.410 1085.156 12.218 -3111.016 1085.859 16.156 -3109.719 cv-woodpoles
740 0 44 1696 1 10000 9492 1089.335 13.943 -3109.934 1088.281 12.094 -3110.891 1090.281 15.640 -3108.876 cv-woodpoles
741 0 13 41 1 10000 9655 1099.628 10.671 -3124.195 1091.171 10.671 -3132.657 1108.156 10.671 -3115.719 cv-cavefloor-01-2x2
742 0 44 1662 1 10000 9505 1092.014 44.143 -3097.060 1090.406 42.437 -3097.453 1093.546 45.687 -3096.579 cv-woodpoles
743 0 64 452 1 10000 9580 1055.980 10.145 -3080.133 1053.812 7.609 -3082.516 1058.015 13.593 -3077.969 cv-darkecofringe-02
744 0 46 450 1 10000 9491 1083.208 33.870 -3086.441 1078.062 31.640 -3091.579 1088.359 35.796 -3081.141 cv-wall-bumps-01
745 0 46 449 1 10000 9552 1075.954 31.474 -3091.219 1071.453 29.219 -3095.688 1080.375 33.374 -3086.735 cv-wall-bumps-01
746 0 46 310 1 10000 9683 1083.614 43.052 -3084.264 1079.031 40.593 -3089.032 1088.390 45.015 -3079.641 cv-wall-bumps-01
747 0 44 1703 1 10000 9569 1105.156 12.677 -3107.675 1103.312 10.812 -3108.422 1106.937 14.375 -3107.203 cv-woodpoles
748 0 44 1668 1 10000 9569 1119.539 23.165 -3108.606 1117.750 22.234 -3110.375 1121.374 23.968 -3107.032 cv-woodpoles
749 0 44 1667 1 10000 9565 1116.891 23.278 -3111.249 1115.156 21.828 -3112.735 1118.687 24.609 -3109.985 cv-woodpoles
750 0 44 1690 1 10000 9570 1104.116 13.140 -3108.876 1103.219 10.922 -3109.938 1104.890 15.250 -3107.735 cv-woodpoles
751 0 44 1691 1 10000 9568 1101.117 13.170 -3109.576 1100.578 10.922 -3110.719 1101.531 15.312 -3108.360 cv-woodpoles
752 0 44 1702 1 10000 9568 1102.371 12.789 -3108.999 1101.078 10.844 -3110.172 1103.859 14.609 -3107.766 cv-woodpoles
753 0 44 1700 1 10000 9585 1082.159 13.474 -3102.233 1081.421 11.078 -3102.782 1083.109 15.859 -3101.922 cv-woodpoles
754 0 44 1670 1 10000 9585 1107.777 23.244 -3096.493 1106.375 21.297 -3097.938 1109.125 25.000 -3094.922 cv-woodpoles
755 0 44 1679 1 10000 9587 1102.884 24.774 -3099.571 1101.593 22.672 -3100.766 1104.078 26.734 -3098.266 cv-woodpoles
756 0 44 1681 1 10000 9586 1106.226 24.660 -3094.588 1104.453 22.656 -3095.047 1107.937 26.499 -3094.016 cv-woodpoles
757 0 44 1751 1 10000 9585 1081.032 11.400 -3103.007 1080.109 9.047 -3103.969 1081.843 13.719 -3102.313 cv-woodpoles
758 0 44 1749 1 10000 9584 1074.163 11.033 -3109.580 1073.750 8.640 -3110.438 1074.828 13.375 -3108.641 cv-woodpoles
759 0 44 1701 1 10000 9584 1080.803 10.873 -3109.583 1079.578 8.578 -3110.406 1081.937 13.046 -3108.641 cv-woodpoles
760 0 44 1699 1 10000 9588 1081.872 13.532 -3110.000 1081.390 11.124 -3110.344 1082.593 15.937 -3109.579 cv-woodpoles
761 0 44 1748 1 10000 9587 1077.342 11.064 -3110.373 1076.828 8.656 -3111.157 1077.734 13.422 -3109.485 cv-woodpoles
762 0 44 1750 1 10000 9586 1073.501 12.496 -3103.550 1073.062 10.078 -3104.219 1073.796 14.921 -3103.157 cv-woodpoles
763 0 64 312 1 10000 9483 1085.914 7.849 -3106.231 1081.312 6.469 -3110.860 1090.922 9.453 -3101.953 cv-darkecofringe-02
764 0 44 1651 1 10000 9614 1088.601 43.496 -3091.545 1088.078 41.015 -3092.751 1089.296 45.891 -3090.282 cv-woodpoles
765 0 44 1708 1 10000 9613 1083.874 43.493 -3089.036 1082.156 41.249 -3089.844 1085.453 45.624 -3088.156 cv-woodpoles
766 0 44 1677 1 10000 9610 1088.075 31.480 -3100.312 1086.422 29.125 -3100.625 1089.672 33.687 -3099.875 cv-woodpoles
767 0 44 1656 1 10000 9612 1096.800 44.402 -3097.476 1095.922 41.843 -3098.235 1097.562 46.890 -3096.610 cv-woodpoles
768 0 44 1715 1 10000 9614 1081.905 43.279 -3079.277 1081.374 40.718 -3080.078 1082.609 45.844 -3078.735 cv-woodpoles
769 0 44 1730 1 10000 9606 1086.328 31.584 -3102.043 1085.875 29.578 -3104.047 1087.047 33.437 -3099.969 cv-woodpoles
770 0 44 1676 1 10000 9612 1088.502 31.107 -3097.428 1087.421 28.562 -3097.719 1089.515 33.594 -3097.047 cv-woodpoles
771 0 44 1659 1 10000 9612 1101.738 44.596 -3082.167 1101.188 42.015 -3082.563 1102.218 47.172 -3081.875 cv-woodpoles
772 0 44 1713 1 10000 9608 1081.262 43.840 -3088.628 1080.140 41.406 -3089.610 1082.546 46.156 -3087.578 cv-woodpoles
773 0 44 1674 1 10000 9613 1100.652 43.667 -3091.290 1099.843 41.625 -3093.203 1101.390 45.546 -3089.266 cv-woodpoles
774 0 44 1729 1 10000 9613 1088.208 31.314 -3098.813 1087.031 28.984 -3100.235 1089.312 33.516 -3097.532 cv-woodpoles
775 0 44 1661 1 10000 9614 1087.322 43.232 -3089.458 1085.703 40.953 -3090.016 1089.062 45.390 -3088.828 cv-woodpoles
776 0 44 1673 1 10000 9614 1098.679 44.267 -3093.293 1096.234 42.828 -3093.859 1101.093 45.484 -3092.985 cv-woodpoles
777 0 44 1663 1 10000 9611 1094.845 43.780 -3097.114 1092.953 41.718 -3097.532 1096.875 45.750 -3096.625 cv-woodpoles
778 0 44 1731 1 10000 9613 1082.910 30.995 -3103.764 1081.484 28.875 -3105.126 1084.531 32.969 -3102.328 cv-woodpoles
779 0 44 1710 1 10000 9614 1082.184 43.767 -3081.281 1081.750 42.546 -3083.782 1082.750 44.921 -3078.860 cv-woodpoles
780 0 44 1650 1 10000 9615 1085.872 43.463 -3079.552 1085.500 40.906 -3080.516 1086.171 46.015 -3078.844 cv-woodpoles
781 0 44 1660 1 10000 9609 1101.937 45.305 -3085.940 1101.328 42.734 -3086.406 1102.812 47.875 -3085.610 cv-woodpoles
782 0 44 1712 1 10000 9606 1085.707 43.696 -3089.229 1085.344 41.187 -3090.422 1086.031 46.125 -3087.969 cv-woodpoles
783 0 44 1720 1 10000 9615 1088.296 31.040 -3094.138 1087.031 28.531 -3094.422 1089.484 33.453 -3093.735 cv-woodpoles
784 0 44 1652 1 10000 9615 1089.775 44.276 -3094.382 1089.125 41.718 -3095.125 1090.609 46.781 -3093.563 cv-woodpoles
785 0 44 1657 1 10000 9615 1100.976 44.175 -3089.656 1099.531 41.734 -3089.985 1102.359 46.500 -3089.172 cv-woodpoles
786 0 44 1655 1 10000 9616 1090.085 43.838 -3097.555 1089.374 41.312 -3098.438 1091.031 46.312 -3096.594 cv-woodpoles
787 0 44 1695 1 10000 9633 1107.665 12.427 -3105.314 1105.140 10.750 -3105.953 1110.156 13.875 -3104.953 cv-woodpoles
788 0 44 1688 1 10000 9630 1104.127 12.225 -3100.923 1102.781 9.718 -3101.422 1105.672 14.687 -3100.641 cv-woodpoles
789 0 44 1709 1 10000 9615 1080.899 44.922 -3085.613 1079.219 42.687 -3086.250 1082.703 47.031 -3084.891 cv-woodpoles
790 0 44 1721 1 10000 9603 1088.092 31.309 -3095.999 1087.031 28.968 -3097.375 1089.078 33.500 -3094.484 cv-woodpoles
791 0 44 1714 1 10000 9617 1081.031 44.325 -3082.987 1079.781 41.874 -3083.626 1082.421 46.718 -3082.610 cv-woodpoles
792 0 44 1658 1 10000 9613 1100.399 43.711 -3087.750 1099.500 41.265 -3089.079 1101.219 46.062 -3086.562 cv-woodpoles
793 0 44 1653 1 10000 9615 1096.887 44.947 -3094.061 1095.828 42.406 -3094.657 1097.828 47.421 -3093.360 cv-woodpoles
794 0 44 1654 1 10000 9615 1101.241 43.828 -3093.416 1100.140 41.312 -3094.126 1102.234 46.265 -3092.609 cv-woodpoles
795 0 44 1687 1 10000 9629 1106.454 12.273 -3098.446 1105.390 9.765 -3099.547 1107.749 14.765 -3097.610 cv-woodpoles
796 0 44 1686 1 10000 9629 1108.054 12.113 -3096.756 1106.984 9.609 -3097.860 1109.344 14.609 -3095.922 cv-woodpoles
797 0 44 2205 1 10000 9795 1133.567 15.091 -3117.497 1132.687 2.953 -3118.313 1134.140 25.625 -3116.641 cv-woodpoles
798 0 44 1733 1 10000 9644 1078.121 30.846 -3104.437 1076.515 28.437 -3105.516 1079.906 33.140 -3103.282 cv-woodpoles
799 0 44 1758 1 10000 9641 1153.992 21.346 -3158.028 1153.468 18.578 -3158.907 1154.718 24.062 -3157.094 cv-woodpoles
800 0 44 1637 1 10000 9660 1261.136 15.001 -2929.031 1259.062 12.609 -2929.422 1264.093 16.797 -2928.657 cv-woodpoles
801 0 44 1754 1 10000 9642 1161.276 21.362 -3156.964 1159.640 18.828 -3157.828 1162.812 23.812 -3156.375 cv-woodpoles
802 0 44 1689 1 10000 9633 1106.709 13.273 -3106.996 1105.015 10.875 -3108.016 1108.296 15.531 -3105.875 cv-woodpoles
803 0 44 1692 1 10000 9639 1098.422 13.259 -3109.296 1097.312 10.859 -3110.875 1099.765 15.546 -3107.672 cv-woodpoles
804 0 46 36 1 10000 9565 1086.769 41.206 -3094.752 1014.734 16.734 -3202.656 1151.766 68.515 -3066.438 cv-wall-bumps-01
805 0 44 1732 1 10000 9609 1083.179 30.930 -3104.113 1080.890 28.406 -3104.953 1085.406 33.281 -3103.141 cv-woodpoles
806 0 44 1752 1 10000 9640 1153.239 21.398 -3152.773 1152.843 18.797 -3154.329 1153.874 23.875 -3151.157 cv-woodpoles
807 0 44 1759 1 10000 9644 1153.024 21.339 -3154.073 1152.187 18.593 -3154.656 1154.046 24.046 -3153.406 cv-woodpoles
808 0 44 1755 1 10000 9642 1158.438 21.281 -3157.706 1156.797 18.797 -3158.188 1160.234 23.688 -3157.141 cv-woodpoles
809 0 44 1669 1 10000 9643 1104.907 22.848 -3101.708 1102.968 20.625 -3102.782 1106.797 24.890 -3100.469 cv-woodpoles
810 0 44 1640 1 10000 9665 1241.328 14.976 -2956.676 1239.421 12.594 -2958.297 1243.953 16.843 -2955.516 cv-woodpoles
811 0 44 1760 1 10000 9641 1153.293 21.352 -3154.889 1152.953 18.797 -3156.531 1153.874 23.781 -3153.188 cv-woodpoles
812 0 44 1683 1 10000 9609 1107.036 11.931 -3102.816 1106.312 9.374 -3105.079 1107.625 14.328 -3100.516 cv-woodpoles
813 0 44 1639 1 10000 9679 1253.726 14.926 -2938.357 1251.890 12.594 -2940.219 1256.140 16.843 -2936.969 cv-woodpoles
814 0 44 1719 1 10000 9643 1084.115 43.216 -3079.467 1082.281 40.765 -3080.172 1085.812 45.609 -3079.031 cv-woodpoles
815 0 44 1757 1 10000 9641 1153.064 21.394 -3151.620 1152.453 18.625 -3152.188 1153.874 24.172 -3151.282 cv-woodpoles
816 0 44 1728 1 10000 9645 1070.247 31.129 -3098.763 1068.843 28.531 -3099.610 1071.828 33.687 -3098.172 cv-woodpoles
817 0 44 1761 1 10000 9643 1155.308 21.544 -3149.886 1153.625 19.046 -3150.594 1157.078 23.890 -3149.063 cv-woodpoles
818 0 44 1693 1 10000 9643 1097.940 13.628 -3103.202 1096.812 10.937 -3103.782 1099.249 16.281 -3102.860 cv-woodpoles
819 0 44 1736 1 10000 9646 1076.983 31.949 -3090.790 1074.421 30.375 -3091.188 1079.625 33.406 -3090.454 cv-woodpoles
820 0 44 1724 1 10000 9646 1088.061 30.967 -3091.704 1086.453 28.562 -3093.203 1089.437 33.343 -3090.438 cv-woodpoles
821 0 44 1642 1 10000 9668 1247.337 15.044 -2947.141 1245.578 12.594 -2948.985 1249.921 16.843 -2945.891 cv-woodpoles
822 0 44 1704 1 10000 9640 1094.519 24.163 -3102.604 1094.000 21.703 -3104.376 1095.297 26.484 -3100.766 cv-woodpoles
823 0 44 1685 1 10000 9609 1111.836 12.041 -3099.135 1109.718 9.484 -3100.391 1113.843 14.438 -3097.782 cv-woodpoles
824 0 44 1725 1 10000 9644 1070.473 31.278 -3094.627 1069.266 28.578 -3095.219 1071.844 33.937 -3094.266 cv-woodpoles
825 0 44 1726 1 10000 9645 1071.799 31.262 -3092.254 1071.031 28.562 -3093.516 1072.703 33.937 -3091.235 cv-woodpoles
826 0 44 1641 1 10000 9677 1244.870 14.948 -2950.752 1242.953 12.594 -2952.360 1247.484 16.843 -2949.579 cv-woodpoles
827 0 44 1737 1 10000 9646 1073.816 30.910 -3091.967 1071.578 28.890 -3092.563 1076.187 32.812 -3091.297 cv-woodpoles
828 0 44 1636 1 10000 9674 1261.507 14.991 -2922.839 1259.500 12.609 -2924.126 1264.187 16.922 -2921.907 cv-woodpoles
829 0 44 1684 1 10000 9610 1108.569 11.990 -3100.874 1106.359 9.374 -3101.750 1110.687 14.453 -3099.891 cv-woodpoles
830 0 44 1722 1 10000 9644 1079.734 32.837 -3089.221 1078.890 30.438 -3091.125 1080.703 35.171 -3087.532 cv-woodpoles
831 0 44 1734 1 10000 9643 1070.260 30.982 -3096.178 1068.875 28.500 -3097.422 1071.828 33.343 -3094.875 cv-woodpoles
832 0 44 1711 1 10000 9644 1083.725 43.000 -3079.584 1081.843 40.734 -3080.610 1085.718 45.188 -3078.829 cv-woodpoles
833 0 44 1727 1 10000 9646 1074.822 32.123 -3089.900 1074.172 29.750 -3091.891 1075.593 34.453 -3088.110 cv-woodpoles
834 0 44 1753 1 10000 9643 1153.630 21.474 -3156.517 1152.734 18.844 -3157.797 1154.687 24.078 -3155.501 cv-woodpoles
835 0 44 1738 1 10000 9646 1071.533 30.689 -3101.850 1070.140 28.047 -3102.188 1073.093 33.281 -3101.485 cv-woodpoles
836 0 44 1739 1 10000 9645 1077.901 31.596 -3104.248 1076.125 29.250 -3105.516 1079.593 33.765 -3102.875 cv-woodpoles
837 0 44 1756 1 10000 9642 1158.359 21.352 -3149.213 1156.578 18.844 -3149.781 1159.922 23.828 -3148.891 cv-woodpoles
838 0 44 1735 1 10000 9646 1078.074 31.795 -3090.604 1075.968 29.703 -3091.953 1080.062 33.812 -3089.516 cv-woodpoles
839 0 44 1723 1 10000 9644 1085.146 31.884 -3090.222 1084.828 29.484 -3092.251 1085.546 34.234 -3088.391 cv-woodpoles
840 0 44 1675 1 10000 9608 1085.693 31.112 -3104.205 1084.578 28.437 -3106.188 1086.687 33.640 -3102.141 cv-woodpoles
841 0 44 1742 1 10000 9629 1069.735 31.731 -3098.000 1067.812 28.515 -3098.954 1071.812 34.859 -3096.969 cv-woodpoles
842 0 15 36 1 10000 9468 1080.832 45.353 -3076.083 912.687 -13.422 -3241.657 1311.828 135.937 -2835.782 cv-wall-02-2x2
843 0 44 1740 1 10000 9633 1073.786 30.869 -3104.217 1072.406 27.969 -3105.672 1075.406 33.687 -3102.672 cv-woodpoles
844 0 44 1741 1 10000 9638 1070.214 31.443 -3101.219 1068.781 28.515 -3102.610 1071.844 34.265 -3099.766 cv-woodpoles
845 0 44 1744 1 10000 9667 1075.718 31.358 -3105.000 1075.437 28.296 -3107.016 1076.140 34.219 -3102.891 cv-woodpoles
846 0 44 1745 1 10000 9652 1071.392 30.780 -3103.758 1069.531 28.187 -3105.500 1073.437 33.234 -3101.953 cv-woodpoles
847 0 44 1743 1 10000 9654 1081.007 31.449 -3104.815 1080.124 28.453 -3106.672 1081.765 34.312 -3102.875 cv-woodpoles
848 0 44 1682 1 10000 9631 1110.736 12.491 -3101.001 1108.750 9.625 -3102.797 1112.624 15.187 -3099.125 cv-woodpoles
849 0 44 1914 1 10000 9671 1089.503 15.911 -3103.511 1088.593 5.844 -3105.953 1090.109 25.890 -3100.844 cv-woodpoles
850 0 64 1069 1 10000 9660 1167.619 9.716 -2980.269 1165.266 7.750 -2982.626 1169.968 12.281 -2977.922 cv-darkecofringe-02
851 0 64 707 1 10000 9549 1039.669 9.632 -3084.254 1037.359 7.609 -3086.313 1042.093 12.703 -3081.860 cv-darkecofringe-02
852 0 64 708 1 10000 9574 1043.689 9.961 -3080.154 1041.296 7.609 -3082.563 1046.047 13.375 -3077.813 cv-darkecofringe-02
853 0 44 2235 1 10000 9795 1135.316 68.565 -3152.923 1131.249 63.968 -3155.469 1139.375 73.156 -3150.375 cv-woodpoles
854 0 44 2250 1 10000 9795 1079.003 86.174 -3154.535 1075.469 81.578 -3157.859 1082.531 90.766 -3151.219 cv-woodpoles
855 0 44 2214 1 10000 9796 1093.561 85.333 -3122.361 1089.156 80.734 -3124.047 1097.968 89.921 -3120.672 cv-woodpoles
856 0 44 2221 1 10000 9796 1071.443 89.656 -3099.567 1066.953 85.062 -3100.969 1075.922 94.249 -3098.157 cv-woodpoles
857 0 44 2244 1 10000 9795 1124.187 63.940 -3176.451 1121.874 59.344 -3180.641 1126.500 68.531 -3172.266 cv-woodpoles
858 0 44 2226 1 10000 9796 1054.599 90.372 -3140.253 1050.906 85.781 -3143.391 1058.281 94.969 -3137.126 cv-woodpoles
859 0 44 2229 1 10000 9796 1033.926 87.150 -3091.873 1032.890 82.562 -3096.438 1034.953 91.749 -3087.313 cv-woodpoles
860 0 44 2258 1 10000 9796 1017.995 62.830 -3185.102 1013.453 58.234 -3186.203 1022.547 67.422 -3184.000 cv-woodpoles
861 0 11 28 1 10000 9549 1032.988 74.150 -3098.351 1030.140 34.766 -3101.188 1036.094 99.406 -3095.360 cv-villagepole-new-wood
862 0 44 2254 1 10000 9760 1005.359 62.830 -3183.274 1000.812 58.234 -3184.376 1009.906 67.422 -3182.172 cv-woodpoles
863 0 44 2215 1 10000 9760 1098.201 85.333 -3117.977 1096.734 80.734 -3122.454 1099.671 89.921 -3113.500 cv-woodpoles
864 0 44 2220 1 10000 9760 1083.910 89.656 -3096.808 1079.421 85.062 -3098.219 1088.390 94.249 -3095.407 cv-woodpoles
865 0 44 2216 1 10000 9760 1101.152 85.333 -3130.398 1099.687 80.734 -3134.875 1102.625 89.921 -3125.922 cv-woodpoles
866 0 44 2247 1 10000 9760 1085.106 86.174 -3156.410 1083.671 81.578 -3160.891 1086.547 90.766 -3151.938 cv-woodpoles
867 0 44 2257 1 10000 9760 1014.044 62.830 -3190.116 1012.000 58.234 -3194.422 1016.077 67.422 -3185.813 cv-woodpoles
868 0 44 2237 1 10000 9774 1129.785 68.565 -3162.498 1129.281 63.968 -3167.094 1130.281 73.156 -3157.907 cv-woodpoles
869 0 44 2213 1 10000 9760 1105.795 85.333 -3126.015 1101.390 80.734 -3127.703 1110.203 89.921 -3124.329 cv-woodpoles
870 0 44 2249 1 10000 9760 1089.780 86.174 -3152.061 1085.390 81.578 -3153.782 1094.171 90.766 -3150.344 cv-woodpoles
871 0 44 2255 1 10000 9760 1009.309 62.830 -3178.260 1007.265 58.234 -3182.562 1011.344 67.422 -3173.953 cv-woodpoles
872 0 44 2252 1 10000 9760 1077.574 86.174 -3148.315 1073.171 81.578 -3150.032 1081.968 90.766 -3146.594 cv-woodpoles
873 0 44 2245 1 10000 9773 1124.958 63.940 -3187.482 1122.156 59.344 -3191.407 1127.766 68.531 -3183.563 cv-woodpoles
874 0 44 2223 1 10000 9760 1081.988 89.656 -3102.897 1078.687 85.062 -3106.454 1085.281 94.249 -3099.344 cv-woodpoles
875 0 44 2240 1 10000 9760 1117.819 63.940 -3176.896 1115.015 59.344 -3180.813 1120.624 68.531 -3172.969 cv-woodpoles
876 0 44 2251 1 10000 9760 1115.018 63.940 -3182.634 1110.438 59.344 -3183.422 1119.609 68.531 -3181.844 cv-woodpoles
877 0 44 2246 1 10000 9760 1088.351 86.174 -3145.840 1084.828 81.578 -3149.156 1091.874 90.766 -3142.516 cv-woodpoles
878 0 44 2217 1 10000 9759 1095.035 85.333 -3128.571 1091.531 80.734 -3131.906 1098.546 89.921 -3125.234 cv-woodpoles
879 0 44 2218 1 10000 9759 1073.366 89.656 -3093.478 1070.078 85.062 -3097.032 1076.656 94.249 -3089.922 cv-woodpoles
880 0 44 2232 1 10000 9759 1028.035 87.150 -3094.339 1024.250 82.562 -3097.344 1031.828 91.749 -3091.344 cv-woodpoles
881 0 44 2238 1 10000 9759 1135.316 68.565 -3159.306 1131.249 63.968 -3161.860 1139.375 73.156 -3156.751 cv-woodpoles
882 0 44 2239 1 10000 9759 1124.258 68.565 -3152.923 1120.187 63.968 -3155.469 1128.328 73.156 -3150.375 cv-woodpoles
883 0 44 2242 1 10000 9759 1124.258 68.565 -3159.306 1120.187 63.968 -3161.860 1128.328 73.156 -3156.751 cv-woodpoles
884 0 44 2243 1 10000 9759 1118.588 63.940 -3187.928 1116.281 59.344 -3192.125 1120.890 68.531 -3183.734 cv-woodpoles
885 0 44 2256 1 10000 9759 1015.625 62.830 -3179.173 1012.578 58.234 -3182.922 1018.687 67.422 -3175.422 cv-woodpoles
886 0 44 2227 1 10000 9773 1038.199 87.150 -3102.071 1034.406 82.562 -3105.079 1041.984 91.749 -3099.063 cv-woodpoles
887 0 44 2231 1 10000 9759 1027.228 87.150 -3100.671 1022.953 82.562 -3102.766 1031.499 91.749 -3098.578 cv-woodpoles
888 0 44 2259 1 10000 9772 1007.726 62.830 -3189.201 1004.672 58.234 -3192.953 1010.781 67.422 -3185.453 cv-woodpoles
889 0 44 2241 1 10000 9759 1127.755 63.940 -3181.745 1123.171 59.344 -3182.532 1132.343 68.531 -3180.954 cv-woodpoles
890 0 44 2236 1 10000 9760 1129.785 68.565 -3149.732 1129.281 63.968 -3154.329 1130.281 73.156 -3145.141 cv-woodpoles
891 0 44 2230 1 10000 9760 1039.005 87.150 -3095.739 1034.734 82.562 -3097.844 1043.281 91.749 -3093.641 cv-woodpoles
892 0 44 2234 1 10000 9774 1043.695 90.372 -3138.417 1039.359 85.781 -3140.360 1048.031 94.969 -3136.469 cv-woodpoles
893 0 44 2253 1 10000 9760 1048.616 90.372 -3142.483 1047.421 85.781 -3147.016 1049.812 94.969 -3137.953 cv-woodpoles
894 0 44 2212 1 10000 9774 1104.317 85.333 -3119.804 1100.812 80.734 -3123.141 1107.828 89.921 -3116.469 cv-woodpoles
895 0 44 2219 1 10000 9774 1079.600 89.656 -3092.099 1077.844 85.062 -3096.485 1081.359 94.249 -3087.703 cv-woodpoles
896 0 44 2222 1 10000 9760 1075.756 89.656 -3104.276 1073.999 85.062 -3108.672 1077.515 94.249 -3099.891 cv-woodpoles
897 0 44 2224 1 10000 9760 1050.737 90.372 -3129.893 1049.547 85.781 -3134.422 1051.937 94.969 -3125.360 cv-woodpoles
898 0 44 2233 1 10000 9760 1044.755 90.372 -3132.122 1041.062 85.781 -3135.251 1048.437 94.969 -3128.985 cv-woodpoles
899 0 44 2225 1 10000 9760 1055.658 90.372 -3133.959 1051.328 85.781 -3135.907 1059.984 94.969 -3132.016 cv-woodpoles
900 0 44 2228 1 10000 9760 1032.308 87.150 -3104.537 1031.281 82.562 -3109.094 1033.343 91.749 -3099.984 cv-woodpoles
901 0 44 2248 1 10000 9774 1082.247 86.174 -3143.966 1080.812 81.578 -3148.438 1083.687 90.766 -3139.485 cv-woodpoles
902 0 11 34 1 10000 9410 1049.676 92.504 -3136.188 1046.859 87.468 -3139.016 1052.500 97.531 -3133.360 cv-villagepole-new-wood
903 0 51 41 1 10000 9661 1099.877 9.195 -3124.035 1091.171 7.609 -3132.657 1108.156 10.671 -3115.719 cv-darkecofringe
904 0 11 27 1 10000 9405 1077.676 94.483 -3098.188 1074.875 86.937 -3100.985 1080.484 102.015 -3095.391 cv-villagepole-new-wood
905 0 11 26 1 10000 9405 1099.678 90.058 -3124.187 1096.828 82.499 -3127.031 1102.531 97.594 -3121.328 cv-villagepole-new-wood
906 0 59 36 1 10000 9553 1080.214 0.636 -3247.123 1070.438 -18.250 -3250.360 1090.781 21.781 -3244.891 cv-wall-02-special
907 0 15 418 0 -1 0 1001.347 88.712 -2999.985 996.125 84.547 -3002.594 1007.703 91.015 -2998.657 cv-wall-02-2x2
908 0 66 2495 0 -1 0 992.340 45.641 -3191.542 991.906 43.609 -3192.047 992.765 46.609 -3190.829 cv-bluecrystal
909 0 15 470 0 -1 0 1087.734 29.975 -3226.785 1085.750 22.547 -3230.297 1089.249 39.172 -3223.016 cv-wall-02-2x2
910 0 18 1311 0 -1 0 1145.924 36.654 -3193.527 1142.890 35.062 -3195.125 1149.250 38.656 -3191.344 cv-wall-stal-stripe-02
911 0 15 399 0 -1 0 1140.122 34.625 -3034.393 1135.593 33.328 -3037.234 1142.750 36.999 -3030.938 cv-wall-02-2x2
912 0 62 2435 0 -1 0 1063.774 6.020 -3104.030 1061.812 4.047 -3105.297 1064.468 7.609 -3103.141 cv-webbase-02
913 0 62 2438 0 -1 0 1110.606 5.853 -3138.777 1108.641 3.875 -3140.047 1111.312 7.453 -3137.891 cv-webbase-02
914 0 62 2423 0 -1 0 1233.758 5.926 -2957.007 1231.797 3.953 -2958.266 1234.453 7.515 -2956.126 cv-webbase-02
915 0 62 2426 0 -1 0 1176.208 6.978 -2982.871 1174.249 5.000 -2984.141 1176.906 8.578 -2981.985 cv-webbase-02
916 0 62 2429 0 -1 0 1187.853 6.978 -2977.491 1185.890 5.000 -2978.750 1188.562 8.578 -2976.610 cv-webbase-02
917 0 62 2432 0 -1 0 1171.630 6.978 -2994.277 1169.672 5.000 -2995.547 1172.328 8.578 -2993.391 cv-webbase-02
918 0 62 2441 0 -1 0 1104.446 5.853 -3144.556 1102.484 3.875 -3145.829 1105.140 7.453 -3143.672 cv-webbase-02
919 0 66 2555 0 -1 0 977.660 33.560 -2952.020 977.327 32.187 -2952.407 978.031 34.172 -2951.688 cv-bluecrystal
920 0 66 2564 0 -1 0 1003.621 50.476 -3156.697 1002.750 49.468 -3157.501 1004.047 51.015 -3156.344 cv-bluecrystal
921 0 66 2573 0 -1 0 1073.503 12.415 -3225.811 1072.359 11.500 -3226.031 1073.968 12.906 -3225.578 cv-bluecrystal
922 0 18 410 0 -1 0 1130.013 16.539 -3083.483 1126.937 14.031 -3085.828 1132.187 18.937 -3081.829 cv-wall-stal-stripe-02
923 0 15 479 0 -1 0 1078.941 32.325 -3225.892 1076.547 22.843 -3226.891 1080.015 37.718 -3223.672 cv-wall-02-2x2
924 0 66 2489 0 -1 0 1000.393 51.889 -3157.191 999.922 50.766 -3157.547 1000.718 52.312 -3156.860 cv-bluecrystal
925 0 66 2474 0 -1 0 974.688 32.118 -2953.331 974.375 31.062 -2953.657 975.281 32.546 -2952.922 cv-bluecrystal
926 0 66 2510 0 -1 0 1070.636 14.223 -3224.727 1070.031 13.125 -3225.047 1070.984 14.625 -3224.391 cv-bluecrystal
927 0 66 2570 0 -1 0 1052.959 11.474 -3178.015 1052.531 10.499 -3178.422 1053.328 11.937 -3177.688 cv-bluecrystal
928 0 18 1003 0 -1 0 1169.461 6.049 -3168.932 1167.875 2.562 -3170.782 1170.562 8.515 -3167.407 cv-wall-stal-stripe-02
929 0 25 1243 0 -1 0 1028.304 16.293 -3081.662 1026.312 13.750 -3082.547 1030.343 18.765 -3080.781 cv-floorfringe-03-2x2
930 0 17 556 0 -1 0 1095.640 26.918 -3083.984 1095.187 25.828 -3084.422 1096.093 27.703 -3083.501 cv-wall-stal-stripe-01
931 0 16 754 0 -1 0 930.880 113.326 -2938.439 929.500 109.844 -2939.469 932.421 116.109 -2937.500 cv-wallbumps-all
932 0 16 789 0 -1 0 1164.016 41.981 -3075.221 1160.109 41.047 -3075.875 1168.171 42.562 -3074.016 cv-wallbumps-all
933 0 15 137 0 -1 0 1226.465 16.608 -2935.311 1224.875 15.343 -2937.751 1228.328 18.922 -2934.063 cv-wall-02-2x2
934 0 15 416 0 -1 0 1022.437 61.206 -2978.750 1020.156 60.296 -2979.969 1024.359 61.969 -2977.172 cv-wall-02-2x2
935 0 18 1197 0 -1 0 947.115 50.285 -2934.256 945.515 49.500 -2936.266 948.625 51.124 -2931.828 cv-wall-stal-stripe-02
936 0 15 485 0 -1 0 1267.695 11.114 -2912.271 1266.046 10.703 -2914.376 1270.640 11.500 -2910.578 cv-wall-02-2x2
937 0 15 452 0 -1 0 1055.952 13.668 -3080.067 1055.343 13.328 -3080.844 1056.546 14.156 -3079.297 cv-wall-02-2x2
938 0 15 709 0 -1 0 1051.364 12.877 -3077.487 1050.468 12.343 -3078.016 1052.281 13.188 -3076.751 cv-wall-02-2x2
939 0 66 2477 0 -1 0 923.068 38.156 -3025.468 922.375 37.718 -3025.735 923.359 38.453 -3025.063 cv-bluecrystal
940 0 15 432 0 -1 0 952.626 71.332 -2958.283 951.421 69.422 -2959.172 955.703 72.453 -2957.125 cv-wall-02-2x2
941 0 15 471 0 -1 0 1088.567 20.890 -3226.459 1087.781 18.797 -3227.188 1089.547 23.656 -3225.532 cv-wall-02-2x2
942 0 15 124 0 -1 0 1236.453 37.899 -2897.559 1235.234 35.765 -2900.266 1237.593 38.843 -2895.641 cv-wall-02-2x2
943 0 15 346 0 -1 0 1103.505 14.812 -3159.801 1102.125 14.093 -3160.532 1105.812 15.250 -3158.313 cv-wall-02-2x2
944 0 69 2423 0 -1 0 1234.286 8.036 -2957.144 1233.218 7.515 -2957.579 1236.328 9.078 -2956.453 cv-webbase
945 0 69 2426 0 -1 0 1176.737 9.094 -2983.013 1175.672 8.578 -2983.438 1178.765 10.125 -2982.313 cv-webbase
946 0 69 2429 0 -1 0 1188.389 9.094 -2977.629 1187.312 8.578 -2978.063 1190.422 10.125 -2976.938 cv-webbase
947 0 69 2432 0 -1 0 1172.159 9.094 -2994.417 1171.093 8.578 -2994.844 1174.187 10.125 -2993.719 cv-webbase
948 0 69 2435 0 -1 0 1064.302 8.130 -3104.169 1063.234 7.609 -3104.594 1066.343 9.171 -3103.469 cv-webbase
949 0 69 2441 0 -1 0 1104.979 7.969 -3144.693 1103.906 7.453 -3145.126 1107.015 9.000 -3144.000 cv-webbase
950 0 69 2438 0 -1 0 1111.140 7.969 -3138.917 1110.078 7.453 -3139.344 1113.171 9.000 -3138.219 cv-webbase
951 0 32 677 0 -1 0 1128.725 36.337 -3040.252 1128.187 34.390 -3041.953 1129.515 37.375 -3038.953 cv-wallbumps-all-high
952 0 15 123 0 -1 0 1228.114 18.411 -2878.151 1226.718 16.187 -2879.172 1229.031 20.562 -2876.719 cv-wall-02-2x2
953 0 15 133 0 -1 0 1228.395 25.057 -2958.266 1227.124 23.937 -2959.391 1229.203 26.562 -2957.032 cv-wall-02-2x2
954 0 15 149 0 -1 0 1218.486 18.541 -2972.448 1216.593 17.500 -2973.625 1219.671 19.062 -2971.501 cv-wall-02-2x2
955 0 15 171 0 -1 0 1160.966 21.620 -3022.920 1159.750 20.281 -3024.844 1161.921 22.234 -3022.047 cv-wall-02-2x2
956 0 15 196 0 -1 0 1142.260 15.703 -3018.006 1141.624 14.734 -3019.813 1143.640 16.765 -3016.813 cv-wall-02-2x2
957 0 15 225 0 -1 0 1145.697 35.059 -3106.573 1144.859 33.999 -3107.016 1146.703 36.672 -3105.532 cv-wall-02-2x2
958 0 15 261 0 -1 0 993.817 50.687 -3020.396 992.734 48.969 -3021.672 994.766 52.437 -3019.063 cv-wall-02-2x2
959 0 15 331 0 -1 0 1132.620 54.104 -3193.526 1131.781 53.266 -3194.329 1134.000 56.000 -3192.485 cv-wall-02-2x2
960 0 15 341 0 -1 0 1162.880 39.476 -3157.365 1162.468 38.562 -3159.094 1163.984 40.656 -3156.032 cv-wall-02-2x2
961 0 15 353 0 -1 0 1089.786 13.323 -3233.492 1086.953 12.203 -3235.594 1091.265 15.828 -3231.047 cv-wall-02-2x2
962 0 15 363 0 -1 0 1014.567 62.422 -3169.451 1011.375 60.562 -3169.641 1017.375 64.219 -3168.891 cv-wall-02-2x2
963 0 15 396 0 -1 0 1163.130 47.237 -3053.677 1161.296 46.547 -3054.766 1163.640 48.422 -3051.891 cv-wall-02-2x2
964 0 15 423 0 -1 0 954.664 116.724 -2910.779 952.671 115.297 -2911.922 956.062 118.640 -2909.750 cv-wall-02-2x2
965 0 15 430 0 -1 0 958.260 83.659 -2963.823 956.547 82.828 -2965.625 959.922 85.125 -2963.359 cv-wall-02-2x2
966 0 15 438 0 -1 0 942.768 107.588 -2969.956 941.937 106.687 -2971.594 943.515 109.344 -2968.797 cv-wall-02-2x2
967 0 15 474 0 -1 0 1086.846 18.578 -3236.318 1086.187 16.140 -3237.344 1087.437 20.703 -3234.969 cv-wall-02-2x2
968 0 15 518 0 -1 0 1161.338 29.414 -3041.909 1160.156 28.047 -3042.578 1162.046 30.687 -3040.594 cv-wall-02-2x2
969 0 15 673 0 -1 0 1244.982 24.104 -2924.362 1243.828 22.375 -2925.672 1246.438 26.593 -2923.235 cv-wall-02-2x2
970 0 15 683 0 -1 0 1149.880 43.414 -3038.552 1148.218 41.406 -3040.078 1151.375 44.203 -3038.188 cv-wall-02-2x2
971 0 16 674 0 -1 0 1241.021 21.383 -2924.003 1239.688 19.875 -2925.735 1241.999 23.062 -2921.907 cv-wallbumps-all
972 0 16 127 0 -1 0 1228.117 25.856 -2890.972 1226.421 24.125 -2892.578 1229.109 27.749 -2889.985 cv-wallbumps-all
973 0 18 1053 0 -1 0 1229.628 25.338 -2879.641 1228.875 24.562 -2880.953 1230.843 26.062 -2877.859 cv-wall-stal-stripe-02
974 0 18 1061 0 -1 0 1232.299 17.445 -2897.211 1230.625 16.312 -2898.844 1233.296 18.234 -2895.422 cv-wall-stal-stripe-02
975 0 18 1079 0 -1 0 1157.273 20.104 -3042.951 1155.796 19.359 -3044.282 1158.343 21.000 -3042.078 cv-wall-stal-stripe-02
976 0 18 1083 0 -1 0 1150.690 45.679 -3061.646 1150.109 44.531 -3062.751 1151.172 47.297 -3060.219 cv-wall-stal-stripe-02
977 0 18 855 0 -1 0 1116.810 61.093 -3082.034 1115.938 60.203 -3083.391 1117.500 61.640 -3080.969 cv-wall-stal-stripe-02
978 0 18 1126 0 -1 0 1134.411 16.765 -3074.829 1133.406 15.390 -3076.204 1135.750 17.734 -3073.829 cv-wall-stal-stripe-02
979 0 18 1164 0 -1 0 975.604 50.789 -2959.930 974.828 48.749 -2960.501 976.422 52.328 -2959.235 cv-wall-stal-stripe-02
980 0 18 591 0 -1 0 942.278 54.343 -2938.240 939.843 53.281 -2939.016 943.265 54.968 -2936.344 cv-wall-stal-stripe-02
981 0 18 1288 0 -1 0 1157.625 8.666 -3150.216 1156.390 7.750 -3151.109 1158.890 9.249 -3149.579 cv-wall-stal-stripe-02
982 0 18 356 0 -1 0 1065.549 63.961 -3193.961 1064.828 63.062 -3194.766 1066.687 64.953 -3192.532 cv-wall-stal-stripe-02
983 0 18 1339 0 -1 0 1068.213 12.560 -3205.005 1066.640 11.391 -3205.859 1069.219 14.203 -3203.782 cv-wall-stal-stripe-02
984 0 18 1346 0 -1 0 1091.583 93.580 -3156.373 1088.906 89.249 -3158.422 1095.343 97.156 -3153.938 cv-wall-stal-stripe-02
985 0 18 1347 0 -1 0 1018.703 85.294 -3150.180 1017.343 81.625 -3151.360 1020.562 89.609 -3148.344 cv-wall-stal-stripe-02
986 0 18 649 0 -1 0 1066.487 28.664 -3182.636 1065.734 27.734 -3183.797 1068.000 29.140 -3181.828 cv-wall-stal-stripe-02
987 0 18 1379 0 -1 0 938.697 83.010 -2935.258 937.390 81.890 -2936.360 939.437 84.562 -2934.626 cv-wall-stal-stripe-02
988 0 18 1407 0 -1 0 1115.685 57.513 -3189.344 1114.890 56.578 -3190.282 1116.500 58.328 -3188.094 cv-wall-stal-stripe-02
989 0 18 1416 0 -1 0 1110.729 43.060 -3192.722 1109.546 42.078 -3193.688 1111.390 43.812 -3192.063 cv-wall-stal-stripe-02
990 0 18 1420 0 -1 0 1112.440 50.015 -3186.362 1111.203 49.031 -3187.250 1113.718 50.624 -3185.735 cv-wall-stal-stripe-02
991 0 18 1425 0 -1 0 1160.869 16.125 -3153.183 1160.078 15.172 -3154.125 1161.687 16.953 -3151.938 cv-wall-stal-stripe-02
992 0 18 1435 0 -1 0 1155.921 1.640 -3156.557 1154.734 0.578 -3157.532 1156.578 2.437 -3155.906 cv-wall-stal-stripe-02
993 0 18 1441 0 -1 0 1107.567 20.393 -3156.052 1106.765 19.000 -3157.625 1108.265 21.188 -3154.563 cv-wall-stal-stripe-02
994 0 18 1449 0 -1 0 1073.237 41.020 -3195.307 1072.453 39.672 -3196.531 1074.062 41.812 -3193.626 cv-wall-stal-stripe-02
995 0 22 48 0 -1 0 1036.651 10.698 -3110.157 1034.437 10.484 -3112.532 1038.968 10.844 -3107.813 cv-floorfringe-02-2x2
996 0 22 67 0 -1 0 1022.005 35.656 -3186.456 1019.796 35.656 -3188.469 1024.265 35.656 -3184.328 cv-floorfringe-02-2x2
997 0 25 65 0 -1 0 1041.804 30.656 -3186.245 1039.875 30.656 -3188.344 1043.703 30.656 -3184.203 cv-floorfringe-03-2x2
998 0 27 2045 0 -1 0 1089.541 57.609 -3066.534 1087.546 56.843 -3068.141 1090.671 58.890 -3066.078 cv-wall-wave-01
999 0 31 757 0 -1 0 931.333 56.164 -2970.365 930.265 54.812 -2972.219 932.547 57.890 -2968.969 cv-wallbumps-all-02
1000 0 31 617 0 -1 0 936.523 53.140 -3048.604 935.094 50.797 -3049.953 938.187 55.547 -3047.797 cv-wallbumps-all-02
1001 0 45 2261 0 -1 0 1149.713 51.919 -3080.599 1147.296 50.390 -3081.641 1151.297 52.750 -3078.141 cv-wall-bumps-merge-01
1002 0 49 123 0 -1 0 1228.114 18.411 -2878.151 1226.718 16.187 -2879.172 1229.031 20.562 -2876.719 cv-wall-02-2x2-bumps
1003 0 64 2043 0 -1 0 1245.575 8.614 -2929.451 1244.203 7.968 -2930.016 1246.937 9.734 -2928.907 cv-darkecofringe-02
1004 0 25 1768 0 -1 0 1145.815 12.299 -2990.245 1144.328 11.359 -2991.594 1147.593 14.031 -2989.156 cv-floorfringe-03-2x2
1005 0 15 188 0 -1 0 1154.497 11.606 -3039.329 1153.640 10.750 -3040.266 1155.625 12.734 -3038.297 cv-wall-02-2x2
1006 0 18 383 0 -1 0 1257.935 38.974 -2925.532 1256.687 38.406 -2926.672 1259.640 39.625 -2923.797 cv-wall-stal-stripe-02
1007 0 25 188 0 -1 0 1153.638 10.919 -3038.469 1151.593 10.656 -3040.266 1155.625 11.328 -3036.266 cv-floorfringe-03-2x2
1008 0 31 769 0 -1 0 1221.802 23.448 -2954.427 1220.390 22.984 -2956.282 1223.499 24.297 -2952.672 cv-wallbumps-all-02
1009 0 15 730 0 -1 0 1005.080 45.401 -3198.078 1003.265 43.250 -3198.391 1006.031 47.906 -3197.438 cv-wall-02-2x2
1010 0 18 578 0 -1 0 947.703 89.588 -2918.907 946.515 88.578 -2920.063 948.343 90.203 -2918.032 cv-wall-stal-stripe-02
1011 0 15 558 0 -1 0 1100.047 27.364 -3092.097 1098.953 26.297 -3093.516 1101.093 28.437 -3090.688 cv-wall-02-2x2
1012 0 18 1320 0 -1 0 1089.593 29.534 -3194.925 1088.062 28.750 -3195.891 1090.687 30.328 -3193.657 cv-wall-stal-stripe-02
1013 0 49 558 0 -1 0 1100.047 27.364 -3092.097 1098.953 26.297 -3093.516 1101.093 28.437 -3090.688 cv-wall-02-2x2-bumps
1014 0 18 1193 0 -1 0 950.854 85.398 -2926.219 949.203 84.906 -2926.938 952.484 85.969 -2925.250 cv-wall-stal-stripe-02
1015 0 29 2063 0 -1 0 1085.693 80.562 -3151.446 1084.156 80.406 -3152.282 1086.609 80.875 -3149.703 cv-rusty-hardware
1016 0 32 2076 0 -1 0 1162.747 26.656 -3136.250 1161.406 24.656 -3137.188 1163.703 28.656 -3135.719 cv-wallbumps-all-high
1017 0 18 1188 0 -1 0 949.036 101.171 -2912.117 946.859 100.531 -2912.891 950.547 102.484 -2910.860 cv-wall-stal-stripe-02
1018 0 27 2043 0 -1 0 1245.633 7.625 -2929.737 1244.203 6.765 -2930.063 1246.937 8.187 -2928.907 cv-wall-wave-01
1019 0 17 940 0 -1 0 937.398 115.481 -2931.292 936.702 114.078 -2931.875 937.968 116.562 -2930.251 cv-wall-stal-stripe-01
1020 0 15 596 0 -1 0 945.729 55.557 -2963.240 945.203 53.500 -2963.438 946.453 57.750 -2962.954 cv-wall-02-2x2
1021 0 15 189 0 -1 0 1155.802 16.299 -3019.709 1153.859 15.406 -3020.844 1156.421 17.187 -3019.344 cv-wall-02-2x2
1022 0 64 488 0 -1 0 1267.963 9.625 -2922.901 1267.046 8.687 -2924.126 1268.453 10.406 -2922.485 cv-darkecofringe-02
1023 0 15 503 0 -1 0 1193.054 18.047 -2967.967 1192.453 16.843 -2968.219 1193.874 18.734 -2967.141 cv-wall-02-2x2
1024 0 17 954 0 -1 0 1158.773 48.911 -3146.774 1157.624 47.766 -3147.391 1159.734 49.484 -3145.907 cv-wall-stal-stripe-01
1025 0 18 954 0 -1 0 1159.502 50.213 -3146.675 1159.062 49.484 -3147.391 1159.812 51.671 -3145.907 cv-wall-stal-stripe-02
1026 0 15 302 0 -1 0 949.299 29.739 -3051.269 948.890 27.969 -3051.626 949.671 31.500 -3050.828 cv-wall-02-2x2
1027 0 15 624 0 -1 0 1077.818 26.468 -3103.748 1077.062 24.671 -3104.125 1079.437 27.765 -3103.329 cv-wall-02-2x2
1028 0 16 780 0 -1 0 1153.471 30.310 -2983.191 1152.734 28.594 -2984.297 1154.093 32.046 -2982.157 cv-wallbumps-all
1029 0 15 126 0 -1 0 1226.992 16.130 -2904.125 1226.453 15.609 -2904.454 1228.094 16.906 -2903.157 cv-wall-02-2x2
1030 0 18 1326 0 -1 0 1081.148 58.570 -3201.251 1080.515 56.797 -3201.626 1081.562 60.468 -3200.532 cv-wall-stal-stripe-02
1031 0 17 943 0 -1 0 1020.422 56.690 -3080.373 1020.000 55.421 -3080.641 1020.750 57.374 -3080.032 cv-wall-stal-stripe-01
1032 0 18 943 0 -1 0 1020.703 58.143 -3080.565 1020.000 57.234 -3080.859 1021.125 59.781 -3080.032 cv-wall-stal-stripe-02
1033 0 17 1041 0 -1 0 1162.349 35.497 -3073.441 1161.937 33.374 -3073.875 1162.968 37.984 -3073.110 cv-wall-stal-stripe-01
1034 0 17 1024 0 -1 0 1078.185 21.760 -3096.044 1078.000 20.578 -3096.407 1078.312 22.422 -3095.610 cv-wall-stal-stripe-01
1035 0 17 1040 0 -1 0 1163.596 35.497 -3072.781 1162.968 33.374 -3073.110 1164.016 37.984 -3072.360 cv-wall-stal-stripe-01
1036 0 17 1004 0 -1 0 1156.435 20.023 -3189.487 1156.250 17.750 -3189.766 1156.547 22.703 -3189.188 cv-wall-stal-stripe-01
1037 0 23 1595 0 -1 0 1080.140 72.786 -3140.604 1079.546 72.609 -3141.125 1080.765 73.031 -3140.047 cv-supportpole-endtri-2x2x2
1038 0 23 1596 0 -1 0 1080.243 72.786 -3146.483 1079.719 72.609 -3147.063 1080.734 73.031 -3145.829 cv-supportpole-endtri-2x2x2
1039 0 23 1588 0 -1 0 1057.010 73.515 -3106.621 1056.500 73.328 -3107.188 1057.500 73.765 -3105.969 cv-supportpole-endtri-2x2x2
1040 0 23 1580 0 -1 0 1064.828 73.515 -3098.289 1064.328 73.328 -3098.938 1065.343 73.765 -3097.719 cv-supportpole-endtri-2x2x2
1041 0 23 1621 0 -1 0 1086.945 72.786 -3146.080 1086.312 72.609 -3146.563 1087.531 73.031 -3145.516 cv-supportpole-endtri-2x2x2
1042 0 23 1529 0 -1 0 1086.694 72.786 -3140.367 1086.187 72.609 -3141.016 1087.219 73.031 -3139.797 cv-supportpole-endtri-2x2x2
1043 0 23 1579 0 -1 0 1057.010 73.515 -3099.003 1056.500 73.328 -3099.579 1057.500 73.765 -3098.344 cv-supportpole-endtri-2x2x2
1044 0 23 1581 0 -1 0 1065.474 73.515 -3105.464 1064.937 73.328 -3105.985 1066.062 73.765 -3104.875 cv-supportpole-endtri-2x2x2
1045 0 15 638 0 -1 0 1157.724 7.927 -3158.730 1157.468 7.328 -3159.157 1158.234 9.125 -3158.516 cv-wall-02-2x2
1046 0 17 939 0 -1 0 1078.906 53.182 -3060.740 1078.765 51.984 -3061.032 1079.187 53.781 -3060.594 cv-wall-stal-stripe-01
1047 0 17 955 0 -1 0 1152.041 46.567 -3194.891 1151.625 44.390 -3195.016 1152.250 47.656 -3194.641 cv-wall-stal-stripe-01
1048 0 17 956 0 -1 0 1152.541 46.583 -3195.188 1152.250 44.437 -3195.532 1153.125 47.656 -3195.016 cv-wall-stal-stripe-01
1049 0 17 960 0 -1 0 1134.297 46.916 -3188.932 1134.265 45.922 -3189.203 1134.312 48.906 -3188.391 cv-wall-stal-stripe-01
1050 0 17 963 0 -1 0 1124.042 48.516 -3189.360 1124.031 47.766 -3189.532 1124.047 50.015 -3189.016 cv-wall-stal-stripe-01
1051 0 17 977 0 -1 0 1154.354 43.568 -3052.276 1153.843 41.734 -3052.516 1154.609 44.484 -3052.157 cv-wall-stal-stripe-01
1052 0 17 981 0 -1 0 1155.208 39.005 -3056.104 1154.968 38.312 -3056.234 1155.687 40.390 -3055.844 cv-wall-stal-stripe-01
1053 0 17 985 0 -1 0 1088.109 28.922 -3062.490 1088.078 28.078 -3062.688 1088.124 30.609 -3062.094 cv-wall-stal-stripe-01
1054 0 17 998 0 -1 0 1150.937 31.494 -3142.552 1150.843 30.796 -3142.813 1150.984 32.891 -3142.422 cv-wall-stal-stripe-01
1055 0 17 1014 0 -1 0 1158.589 49.849 -3144.469 1158.469 49.312 -3144.625 1158.828 50.922 -3144.156 cv-wall-stal-stripe-01
1056 0 17 1015 0 -1 0 1156.364 54.984 -3139.349 1156.094 54.265 -3139.485 1156.906 56.422 -3139.079 cv-wall-stal-stripe-01
1057 0 17 1022 0 -1 0 1133.104 23.588 -3122.552 1132.937 22.718 -3122.656 1133.188 25.328 -3122.344 cv-wall-stal-stripe-01
1058 0 17 1025 0 -1 0 1047.677 27.432 -3085.021 1047.656 26.656 -3085.469 1047.688 28.984 -3084.797 cv-wall-stal-stripe-01
1059 0 17 1038 0 -1 0 1120.401 34.406 -3188.891 1120.140 33.484 -3188.969 1120.531 36.250 -3188.735 cv-wall-stal-stripe-01
1060 0 18 1100 0 -1 0 1102.437 51.723 -3077.235 1102.375 50.968 -3078.204 1102.469 53.234 -3076.751 cv-wall-stal-stripe-02
1061 0 18 1107 0 -1 0 1104.312 34.880 -3086.855 1104.062 34.234 -3086.938 1104.812 36.172 -3086.688 cv-wall-stal-stripe-02
1062 0 18 1112 0 -1 0 1141.698 40.760 -3116.547 1141.062 39.703 -3117.110 1142.015 42.875 -3116.266 cv-wall-stal-stripe-02
1063 0 18 1121 0 -1 0 1102.656 59.307 -3073.792 1102.469 58.781 -3074.235 1103.031 60.359 -3072.907 cv-wall-stal-stripe-02
1064 0 18 1145 0 -1 0 1097.692 7.974 -3103.573 1097.296 7.500 -3103.876 1097.890 8.922 -3103.422 cv-wall-stal-stripe-02
1065 0 18 1165 0 -1 0 974.312 47.760 -2959.026 973.937 47.265 -2959.109 974.500 48.749 -2958.860 cv-wall-stal-stripe-02
1066 0 18 1213 0 -1 0 1050.005 52.672 -3071.193 1049.953 52.218 -3071.828 1050.109 53.578 -3070.875 cv-wall-stal-stripe-02
1067 0 18 1214 0 -1 0 1061.239 56.354 -3067.891 1061.078 55.562 -3068.360 1061.562 57.937 -3067.657 cv-wall-stal-stripe-02
1068 0 18 1215 0 -1 0 1067.723 56.208 -3068.255 1067.203 55.343 -3068.797 1067.984 57.937 -3067.984 cv-wall-stal-stripe-02
1069 0 18 1257 0 -1 0 1114.369 41.448 -3186.334 1114.109 40.922 -3186.563 1114.499 42.499 -3185.875 cv-wall-stal-stripe-02
1070 0 18 1269 0 -1 0 1108.885 55.979 -3193.657 1108.859 55.343 -3194.251 1108.937 57.249 -3193.360 cv-wall-stal-stripe-02
1071 0 18 1279 0 -1 0 1161.609 -1.021 -3152.177 1161.328 -1.562 -3152.312 1162.172 0.062 -3152.110 cv-wall-stal-stripe-02
1072 0 18 1280 0 -1 0 1157.468 -0.891 -3149.511 1157.062 -1.406 -3149.813 1157.671 0.140 -3148.907 cv-wall-stal-stripe-02
1073 0 18 1281 0 -1 0 1159.474 -0.068 -3150.313 1159.297 -0.641 -3150.610 1159.562 1.078 -3149.719 cv-wall-stal-stripe-02
1074 0 18 1282 0 -1 0 1160.437 7.453 -3158.490 1160.156 6.875 -3158.719 1161.000 8.609 -3158.375 cv-wall-stal-stripe-02
1075 0 18 1287 0 -1 0 1157.906 6.932 -3149.120 1157.640 6.281 -3149.391 1158.438 8.234 -3148.578 cv-wall-stal-stripe-02
1076 0 18 1361 0 -1 0 1085.370 53.745 -3069.313 1085.140 53.125 -3069.875 1085.484 54.984 -3069.032 cv-wall-stal-stripe-02
1077 0 18 1364 0 -1 0 1146.994 22.036 -3078.464 1146.859 21.406 -3078.704 1147.265 23.297 -3078.344 cv-wall-stal-stripe-02
1078 0 18 1382 0 -1 0 1054.755 46.120 -3068.120 1054.703 45.578 -3068.485 1054.859 47.203 -3067.391 cv-wall-stal-stripe-02
1079 0 18 1383 0 -1 0 1054.197 46.469 -3070.698 1053.937 45.969 -3070.704 1054.718 47.468 -3070.688 cv-wall-stal-stripe-02
1080 0 18 1389 0 -1 0 1078.536 25.328 -3086.979 1078.281 24.750 -3087.000 1079.047 26.484 -3086.938 cv-wall-stal-stripe-02
1081 0 18 1391 0 -1 0 1079.890 25.906 -3083.089 1079.265 25.171 -3083.110 1080.203 27.375 -3083.079 cv-wall-stal-stripe-02
1082 0 18 1392 0 -1 0 1084.171 25.640 -3081.229 1083.921 25.187 -3081.578 1084.296 26.546 -3080.532 cv-wall-stal-stripe-02
1083 0 18 1394 0 -1 0 1072.447 23.109 -3087.365 1072.406 22.265 -3087.672 1072.468 24.797 -3086.751 cv-wall-stal-stripe-02
1084 0 18 1402 0 -1 0 1031.093 45.036 -3112.677 1030.718 43.984 -3113.250 1031.844 45.562 -3112.391 cv-wall-stal-stripe-02
1085 0 18 1406 0 -1 0 1116.708 55.583 -3189.376 1116.421 54.828 -3189.688 1117.281 57.093 -3189.219 cv-wall-stal-stripe-02
1086 0 18 1410 0 -1 0 1114.297 54.833 -3185.698 1114.062 54.031 -3185.813 1114.765 56.437 -3185.469 cv-wall-stal-stripe-02
1087 0 18 1414 0 -1 0 1116.541 55.661 -3193.282 1116.312 55.141 -3193.282 1116.999 56.703 -3193.282 cv-wall-stal-stripe-02
1088 0 18 1415 0 -1 0 1110.031 41.453 -3193.464 1109.500 40.906 -3193.547 1110.296 42.546 -3193.422 cv-wall-stal-stripe-02
1089 0 18 1418 0 -1 0 1114.036 42.151 -3194.266 1113.859 41.547 -3194.797 1114.125 43.359 -3194.000 cv-wall-stal-stripe-02
1090 0 18 1419 0 -1 0 1112.718 47.927 -3185.276 1112.453 47.156 -3185.547 1113.249 49.468 -3184.735 cv-wall-stal-stripe-02
1091 0 18 1421 0 -1 0 1108.057 48.041 -3186.782 1108.047 47.265 -3187.016 1108.062 49.594 -3186.313 cv-wall-stal-stripe-02
1092 0 18 1424 0 -1 0 1161.614 14.364 -3157.375 1161.328 13.750 -3157.516 1162.187 15.594 -3157.094 cv-wall-stal-stripe-02
1093 0 18 1431 0 -1 0 1159.229 -0.182 -3158.130 1159.031 -0.953 -3158.641 1159.328 1.359 -3157.875 cv-wall-stal-stripe-02
1094 0 18 1434 0 -1 0 1155.124 -0.281 -3157.443 1154.656 -1.172 -3157.469 1155.359 1.500 -3157.391 cv-wall-stal-stripe-02
1095 0 23 1913 0 -1 0 1089.015 20.238 -3104.592 1088.578 19.953 -3105.110 1089.468 20.484 -3104.032 cv-supportpole-endtri-2x2x2
1096 0 23 1911 0 -1 0 1106.889 19.859 -3095.180 1106.343 19.625 -3095.703 1107.375 20.047 -3094.704 cv-supportpole-endtri-2x2x2
1097 0 23 1915 0 -1 0 1103.390 19.854 -3100.856 1102.843 19.625 -3101.376 1103.875 20.031 -3100.391 cv-supportpole-endtri-2x2x2
1098 0 23 1907 0 -1 0 1133.266 14.635 -3117.970 1132.734 14.453 -3118.500 1133.750 14.781 -3117.485 cv-supportpole-endtri-2x2x2
1099 0 23 1903 0 -1 0 1125.565 14.926 -3110.688 1125.031 14.750 -3111.219 1126.047 15.062 -3110.219 cv-supportpole-endtri-2x2x2
1100 0 23 1905 0 -1 0 1124.390 14.552 -3117.067 1123.843 14.359 -3117.594 1124.875 14.703 -3116.594 cv-supportpole-endtri-2x2x2
1101 0 23 1909 0 -1 0 1134.673 15.053 -3110.983 1134.140 14.843 -3111.516 1135.141 15.234 -3110.500 cv-supportpole-endtri-2x2x2
1102 0 23 2 0 -1 0 1256.463 3.015 -2928.349 1256.046 3.015 -2928.813 1256.875 3.015 -2927.891 cv-supportpole-endtri-2x2x2
1103 0 23 31 0 -1 0 1257.182 11.531 -2928.417 1256.765 11.531 -2928.875 1257.594 11.531 -2927.954 cv-supportpole-endtri-2x2x2
1104 0 23 0 0 -1 0 1258.824 -0.391 -2922.245 1258.406 -0.391 -2922.703 1259.249 -0.391 -2921.782 cv-supportpole-endtri-2x2x2
1105 0 23 29 0 -1 0 1259.546 8.765 -2922.308 1259.124 8.765 -2922.766 1259.968 8.765 -2921.844 cv-supportpole-endtri-2x2x2
1106 0 23 1 0 -1 0 1250.673 -0.516 -2936.432 1250.250 -0.516 -2936.891 1251.093 -0.516 -2935.969 cv-supportpole-endtri-2x2x2
1107 0 23 30 0 -1 0 1251.396 8.484 -2936.495 1250.984 8.484 -2936.953 1251.812 8.484 -2936.032 cv-supportpole-endtri-2x2x2
1108 0 23 4 0 -1 0 1238.208 -0.912 -2954.796 1237.797 -0.922 -2955.250 1238.625 -0.906 -2954.329 cv-supportpole-endtri-2x2x2
1109 0 23 33 0 -1 0 1238.833 7.588 -2954.710 1238.422 7.578 -2955.172 1239.250 7.593 -2954.251 cv-supportpole-endtri-2x2x2
1110 0 23 3 0 -1 0 1242.817 -0.016 -2947.526 1242.406 -0.016 -2947.984 1243.234 -0.016 -2947.063 cv-supportpole-endtri-2x2x2
1111 0 23 32 0 -1 0 1243.536 9.656 -2947.589 1243.124 9.656 -2948.047 1243.953 9.656 -2947.125 cv-supportpole-endtri-2x2x2
1112 0 23 1582 0 -1 0 1064.980 90.750 -3105.735 1064.546 90.750 -3106.109 1065.468 90.750 -3105.313 cv-supportpole-endtri-2x2x2
1113 0 23 1577 0 -1 0 1065.393 90.750 -3098.267 1064.969 90.750 -3098.750 1065.812 90.750 -3097.813 cv-supportpole-endtri-2x2x2
1114 0 23 1586 0 -1 0 1079.653 90.015 -3140.319 1079.203 90.015 -3140.782 1080.078 90.015 -3139.875 cv-supportpole-endtri-2x2x2
1115 0 23 1530 0 -1 0 1087.256 90.015 -3140.345 1086.828 90.015 -3140.829 1087.672 90.015 -3139.891 cv-supportpole-endtri-2x2x2
1116 0 23 1575 0 -1 0 1056.444 90.750 -3099.010 1056.031 90.750 -3099.469 1056.859 90.750 -3098.532 cv-supportpole-endtri-2x2x2
1117 0 23 1584 0 -1 0 1056.444 90.750 -3106.633 1056.031 90.750 -3107.094 1056.859 90.750 -3106.141 cv-supportpole-endtri-2x2x2
1118 0 23 1594 0 -1 0 1079.678 90.015 -3146.492 1079.265 90.015 -3146.954 1080.093 90.015 -3146.000 cv-supportpole-endtri-2x2x2
1119 0 23 1620 0 -1 0 1087.370 90.015 -3146.456 1086.937 90.015 -3146.844 1087.797 90.015 -3145.985 cv-supportpole-endtri-2x2x2
1120 0 13 37 0 -1 0 1137.052 10.620 -3093.506 1135.797 10.531 -3094.204 1137.718 10.671 -3092.172 cv-cavefloor-01-2x2
1121 0 13 38 0 -1 0 1144.995 10.911 -3081.391 1143.672 10.765 -3082.109 1145.672 11.109 -3080.094 cv-cavefloor-01-2x2
1122 0 13 39 0 -1 0 1135.026 25.656 -3117.589 1134.281 25.656 -3118.406 1136.484 25.656 -3116.235 cv-cavefloor-01-2x2
1123 0 13 40 0 -1 0 1120.015 17.474 -3086.490 1118.312 17.453 -3088.125 1120.937 17.500 -3085.282 cv-cavefloor-01-2x2
1124 0 13 42 0 -1 0 1092.864 10.671 -3118.058 1091.593 10.671 -3119.563 1094.438 10.671 -3116.703 cv-cavefloor-01-2x2
1125 0 13 43 0 -1 0 1105.620 10.671 -3130.625 1104.140 10.671 -3131.938 1107.000 10.671 -3129.094 cv-cavefloor-01-2x2
1126 0 13 44 0 -1 0 1008.656 37.656 -3033.604 1007.609 37.656 -3034.235 1010.141 37.656 -3032.376 cv-cavefloor-01-2x2
1127 0 13 46 0 -1 0 1009.776 55.656 -3132.157 1008.843 55.656 -3133.672 1010.375 55.656 -3130.750 cv-cavefloor-01-2x2
1128 0 13 47 0 -1 0 1053.765 38.161 -3072.610 1052.797 37.937 -3073.204 1054.890 38.422 -3071.454 cv-cavefloor-01-2x2
1129 0 13 48 0 -1 0 1037.437 10.640 -3111.037 1036.594 10.484 -3112.532 1038.968 10.812 -3110.188 cv-cavefloor-01-2x2
1130 0 13 49 0 -1 0 1113.854 28.880 -3178.771 1112.969 28.750 -3180.219 1115.328 29.093 -3177.969 cv-cavefloor-01-2x2
1131 0 13 50 0 -1 0 1105.130 30.651 -3170.620 1103.766 30.640 -3172.094 1105.859 30.656 -3169.844 cv-cavefloor-01-2x2
1132 0 13 51 0 -1 0 1102.177 30.656 -3181.256 1101.515 30.656 -3181.953 1103.343 30.656 -3179.938 cv-cavefloor-01-2x2
1133 0 13 52 0 -1 0 1010.802 35.656 -3170.339 1009.984 35.656 -3171.860 1012.062 35.656 -3169.500 cv-cavefloor-01-2x2
1134 0 13 53 0 -1 0 1074.473 12.765 -3231.594 1073.328 12.343 -3232.719 1075.906 13.437 -3229.969 cv-cavefloor-01-2x2
1135 0 13 54 0 -1 0 1078.250 10.432 -3228.557 1076.937 9.921 -3230.641 1079.062 10.797 -3227.391 cv-cavefloor-01-2x2
1136 0 13 55 0 -1 0 1229.005 11.010 -2962.126 1227.859 10.781 -2963.001 1229.656 11.422 -2960.844 cv-cavefloor-01-2x2
1137 0 13 56 0 -1 0 1163.062 10.750 -3008.266 1161.921 10.750 -3009.626 1164.281 10.750 -3007.063 cv-cavefloor-01-2x2
1138 0 13 57 0 -1 0 1148.911 10.677 -3077.443 1147.656 10.656 -3078.110 1149.593 10.703 -3076.172 cv-cavefloor-01-2x2
1139 0 13 58 0 -1 0 1133.073 9.958 -3105.485 1131.765 9.609 -3106.219 1133.812 10.328 -3104.094 cv-cavefloor-01-2x2
1140 0 13 59 0 -1 0 1022.218 37.656 -3061.693 1021.500 37.656 -3062.438 1023.593 37.656 -3060.297 cv-cavefloor-01-2x2
1141 0 13 60 0 -1 0 1037.411 37.656 -3071.110 1035.938 37.656 -3072.016 1038.859 37.656 -3070.266 cv-cavefloor-01-2x2
1142 0 13 61 0 -1 0 1030.291 37.656 -3066.901 1029.593 37.656 -3068.282 1031.672 37.656 -3066.125 cv-cavefloor-01-2x2
1143 0 13 62 0 -1 0 1032.859 15.151 -3075.839 1032.078 14.422 -3076.844 1033.359 16.000 -3075.297 cv-cavefloor-01-2x2
1144 0 13 63 0 -1 0 1034.359 22.708 -3118.917 1033.734 22.594 -3120.156 1035.578 22.812 -3118.016 cv-cavefloor-01-2x2
1145 0 13 64 0 -1 0 1037.468 22.536 -3132.584 1035.984 22.390 -3133.344 1038.718 22.640 -3131.579 cv-cavefloor-01-2x2
1146 0 13 65 0 -1 0 1041.114 30.656 -3185.579 1039.875 30.656 -3186.297 1041.781 30.656 -3184.203 cv-cavefloor-01-2x2
1147 0 13 66 0 -1 0 1017.067 35.656 -3189.453 1015.656 35.656 -3190.094 1017.781 35.656 -3188.204 cv-cavefloor-01-2x2
1148 0 13 67 0 -1 0 1021.182 35.656 -3185.662 1019.796 35.656 -3186.422 1021.953 35.656 -3184.328 cv-cavefloor-01-2x2
1149 0 13 68 0 -1 0 1201.151 10.958 -2975.313 1199.562 10.906 -2976.297 1201.984 11.046 -2974.360 cv-cavefloor-01-2x2
1150 0 13 69 0 -1 0 1196.177 10.953 -2970.662 1195.078 10.890 -2972.204 1197.093 11.062 -2969.797 cv-cavefloor-01-2x2
1151 0 13 70 0 -1 0 1202.906 11.057 -2973.636 1201.984 10.922 -2974.406 1203.984 11.265 -2972.141 cv-cavefloor-01-2x2
1152 0 13 71 0 -1 0 941.416 31.609 -2945.724 940.453 31.609 -2946.344 942.078 31.609 -2944.625 cv-cavefloor-01-2x2
1153 0 13 72 0 -1 0 937.822 37.656 -3014.849 936.687 37.656 -3016.282 939.093 37.656 -3013.547 cv-cavefloor-01-2x2
1154 0 13 74 0 -1 0 933.974 20.177 -3019.104 931.922 20.156 -3019.485 935.922 20.187 -3018.907 cv-cavefloor-01-2x2
1155 0 13 75 0 -1 0 1059.375 37.739 -3074.156 1058.375 37.624 -3075.141 1060.687 37.906 -3072.516 cv-cavefloor-01-2x2
1156 0 13 76 0 -1 0 1046.297 11.432 -3101.474 1045.609 11.250 -3102.188 1047.625 11.687 -3100.047 cv-cavefloor-01-2x2
1157 0 13 77 0 -1 0 1044.995 11.802 -3102.886 1043.640 11.687 -3104.297 1045.687 11.922 -3102.172 cv-cavefloor-01-2x2
1158 0 13 78 0 -1 0 1037.822 40.672 -3192.880 1036.265 40.656 -3193.766 1039.343 40.703 -3192.094 cv-cavefloor-01-2x2
1159 0 13 79 0 -1 0 1036.619 41.020 -3196.683 1035.406 40.922 -3197.454 1037.375 41.093 -3195.313 cv-cavefloor-01-2x2
1160 0 13 80 0 -1 0 1081.547 8.541 -3193.084 1079.672 8.390 -3194.203 1082.484 8.703 -3192.516 cv-cavefloor-01-2x2
1161 0 13 81 0 -1 0 1077.682 7.656 -3198.532 1076.687 7.531 -3199.094 1079.672 7.797 -3197.438 cv-cavefloor-01-2x2
1162 0 13 82 0 -1 0 1077.359 16.244 -3234.146 1076.031 15.656 -3235.579 1078.453 16.859 -3232.891 cv-cavefloor-01-2x2
1163 0 13 84 0 -1 0 1178.250 11.942 -3033.328 1177.390 11.484 -3033.969 1179.515 12.374 -3032.234 cv-cavefloor-01-2x2
1164 0 13 85 0 -1 0 1153.510 10.041 -2998.099 1152.843 9.890 -2999.078 1154.609 10.328 -2997.000 cv-cavefloor-01-2x2
1165 0 13 86 0 -1 0 1160.932 10.859 -3033.662 1159.609 10.765 -3034.360 1161.609 10.937 -3032.282 cv-cavefloor-01-2x2
1166 0 13 87 0 -1 0 1147.260 25.656 -3121.104 1146.203 25.656 -3122.203 1148.000 25.656 -3119.734 cv-cavefloor-01-2x2
1167 0 13 88 0 -1 0 1119.297 25.656 -3110.823 1118.281 25.656 -3112.188 1120.500 25.656 -3109.641 cv-cavefloor-01-2x2
1168 0 13 89 0 -1 0 1118.333 10.520 -3118.407 1117.765 10.250 -3120.156 1119.297 10.656 -3117.016 cv-cavefloor-01-2x2
1169 0 13 91 0 -1 0 956.760 32.703 -2961.110 955.593 32.344 -2961.751 958.125 32.969 -2960.172 cv-cavefloor-01-2x2
1170 0 13 92 0 -1 0 1014.536 53.531 -3116.078 1013.453 53.531 -3117.391 1015.672 53.531 -3114.703 cv-cavefloor-01-2x2
1171 0 13 93 0 -1 0 1046.229 40.656 -3179.307 1045.328 40.656 -3180.688 1047.297 40.656 -3177.985 cv-cavefloor-01-2x2
1172 0 13 94 0 -1 0 1029.755 34.593 -3181.729 1028.172 34.281 -3182.438 1030.640 35.031 -3180.344 cv-cavefloor-01-2x2
1173 0 13 95 0 -1 0 1062.469 10.578 -3146.594 1061.609 10.484 -3147.594 1063.609 10.640 -3145.079 cv-cavefloor-01-2x2
1174 0 13 97 0 -1 0 1041.442 22.656 -3158.172 1039.968 22.656 -3159.203 1042.562 22.656 -3156.876 cv-cavefloor-01-2x2
1175 0 13 98 0 -1 0 1042.380 12.823 -3149.615 1041.718 12.687 -3150.391 1043.687 12.906 -3148.110 cv-cavefloor-01-2x2
1176 0 13 99 0 -1 0 1045.495 10.593 -3168.182 1043.906 10.484 -3169.172 1047.234 10.656 -3167.203 cv-cavefloor-01-2x2
1177 0 15 103 0 -1 0 1279.781 21.484 -2879.651 1278.516 20.156 -2880.766 1280.546 22.156 -2879.078 cv-wall-02-2x2
1178 0 15 104 0 -1 0 1248.854 34.182 -2847.693 1248.265 33.547 -2848.422 1249.640 35.187 -2846.250 cv-wall-02-2x2
1179 0 15 105 0 -1 0 1273.443 21.458 -2905.651 1272.406 20.390 -2905.953 1274.375 23.156 -2905.204 cv-wall-02-2x2
1180 0 15 106 0 -1 0 1268.849 14.005 -2938.157 1268.500 12.750 -2938.938 1269.531 14.640 -2937.219 cv-wall-02-2x2
1181 0 15 107 0 -1 0 1265.822 14.718 -2938.084 1265.187 14.140 -2938.766 1267.015 15.281 -2937.016 cv-wall-02-2x2
1182 0 15 108 0 -1 0 1265.494 25.656 -2931.448 1264.640 24.656 -2932.126 1266.031 27.625 -2930.844 cv-wall-02-2x2
1183 0 15 109 0 -1 0 1265.838 25.682 -2936.105 1264.187 24.797 -2936.688 1267.484 27.437 -2935.454 cv-wall-02-2x2
1184 0 15 110 0 -1 0 1245.156 11.375 -2967.808 1244.109 10.640 -2968.250 1245.781 12.765 -2967.407 cv-wall-02-2x2
1185 0 15 111 0 -1 0 1246.031 14.041 -2967.204 1245.578 12.765 -2968.219 1246.718 14.953 -2965.985 cv-wall-02-2x2
1186 0 15 112 0 -1 0 1241.130 14.297 -2969.282 1240.562 12.750 -2969.860 1241.812 15.203 -2968.422 cv-wall-02-2x2
1187 0 15 113 0 -1 0 1245.041 9.734 -2971.052 1244.062 9.594 -2971.797 1245.765 9.937 -2970.078 cv-wall-02-2x2
1188 0 15 114 0 -1 0 1251.890 5.843 -2948.740 1251.015 4.421 -2949.266 1252.953 6.843 -2948.297 cv-wall-02-2x2
1189 0 15 115 0 -1 0 1256.416 9.916 -2941.818 1255.437 9.187 -2942.422 1257.265 10.703 -2941.032 cv-wall-02-2x2
1190 0 15 116 0 -1 0 1234.172 31.526 -2869.219 1232.218 30.765 -2870.375 1235.218 32.953 -2868.078 cv-wall-02-2x2
1191 0 15 117 0 -1 0 1237.479 27.724 -2863.610 1236.562 27.031 -2864.719 1237.953 29.062 -2862.266 cv-wall-02-2x2
1192 0 15 118 0 -1 0 1240.807 29.562 -2857.052 1240.484 28.687 -2858.516 1241.000 30.547 -2856.312 cv-wall-02-2x2
1193 0 15 119 0 -1 0 1239.818 37.187 -2890.026 1238.890 36.047 -2891.203 1241.109 38.640 -2889.406 cv-wall-02-2x2
1194 0 15 120 0 -1 0 1229.604 30.677 -2893.974 1228.687 29.812 -2894.266 1231.047 32.312 -2893.828 cv-wall-02-2x2
1195 0 15 121 0 -1 0 1228.750 23.255 -2876.131 1228.609 22.594 -2877.312 1228.953 24.531 -2875.453 cv-wall-02-2x2
1196 0 15 122 0 -1 0 1234.286 33.192 -2879.058 1233.374 32.453 -2880.250 1235.749 33.672 -2877.672 cv-wall-02-2x2
1197 0 15 127 0 -1 0 1227.593 25.843 -2891.589 1226.421 25.171 -2892.578 1228.453 26.625 -2890.812 cv-wall-02-2x2
1198 0 15 128 0 -1 0 1238.484 19.375 -2925.610 1237.844 18.734 -2926.562 1239.094 20.641 -2924.375 cv-wall-02-2x2
1199 0 15 129 0 -1 0 1232.599 19.416 -2931.855 1231.953 18.750 -2933.063 1233.156 20.750 -2931.079 cv-wall-02-2x2
1200 0 15 130 0 -1 0 1239.953 19.416 -2929.797 1239.562 18.750 -2930.907 1240.297 20.750 -2929.188 cv-wall-02-2x2
1201 0 15 131 0 -1 0 1251.937 11.146 -2915.558 1250.781 10.062 -2916.751 1252.578 12.750 -2914.641 cv-wall-02-2x2
1202 0 15 134 0 -1 0 1241.807 33.838 -2961.709 1240.250 33.500 -2962.672 1242.812 34.015 -2960.391 cv-wall-02-2x2
1203 0 15 135 0 -1 0 1230.844 14.094 -2931.099 1230.062 12.781 -2931.797 1231.328 14.750 -2929.829 cv-wall-02-2x2
1204 0 15 136 0 -1 0 1225.411 19.818 -2934.563 1224.828 18.922 -2935.625 1225.734 21.109 -2933.953 cv-wall-02-2x2
1205 0 15 138 0 -1 0 1223.818 16.427 -2937.854 1223.531 15.766 -2938.876 1224.124 17.359 -2937.188 cv-wall-02-2x2
1206 0 15 139 0 -1 0 1224.276 18.901 -2937.021 1223.797 18.312 -2938.672 1224.828 19.422 -2935.625 cv-wall-02-2x2
1207 0 15 140 0 -1 0 1224.901 15.791 -2939.782 1224.124 15.468 -2941.485 1225.999 16.156 -2938.876 cv-wall-02-2x2
1208 0 15 141 0 -1 0 1218.000 22.067 -2946.266 1217.000 21.266 -2947.547 1218.609 22.531 -2945.500 cv-wall-02-2x2
1209 0 15 142 0 -1 0 1229.073 15.578 -2963.334 1227.781 14.750 -2963.344 1229.718 16.750 -2963.313 cv-wall-02-2x2
1210 0 15 144 0 -1 0 1226.953 21.208 -2962.891 1226.046 20.156 -2963.344 1227.843 21.765 -2962.391 cv-wall-02-2x2
1211 0 15 145 0 -1 0 1225.192 22.474 -2961.985 1223.781 21.703 -2962.938 1226.046 22.875 -2960.579 cv-wall-02-2x2
1212 0 15 146 0 -1 0 1197.859 21.312 -2965.458 1197.188 20.422 -2966.328 1198.625 22.343 -2964.735 cv-wall-02-2x2
1213 0 15 150 0 -1 0 1213.281 15.135 -2971.198 1212.859 14.469 -2972.172 1213.687 16.328 -2970.672 cv-wall-02-2x2
1214 0 15 151 0 -1 0 1220.734 14.927 -2970.688 1220.468 14.031 -2971.297 1220.906 15.844 -2969.500 cv-wall-02-2x2
1215 0 15 154 0 -1 0 1178.552 19.328 -2973.203 1177.843 19.093 -2973.985 1179.484 19.453 -2972.141 cv-wall-02-2x2
1216 0 15 155 0 -1 0 1180.167 18.765 -2970.849 1179.234 18.219 -2971.938 1180.672 19.391 -2969.922 cv-wall-02-2x2
1217 0 15 156 0 -1 0 1181.838 27.729 -2968.422 1181.297 26.718 -2968.875 1182.843 28.828 -2968.094 cv-wall-02-2x2
1218 0 15 157 0 -1 0 1165.364 23.125 -2970.354 1164.859 22.328 -2970.641 1166.375 24.375 -2969.953 cv-wall-02-2x2
1219 0 15 158 0 -1 0 1168.781 25.718 -2970.037 1167.844 25.062 -2970.641 1169.468 26.421 -2969.282 cv-wall-02-2x2
1220 0 15 159 0 -1 0 1169.661 12.870 -2970.026 1168.531 12.156 -2970.438 1170.953 13.937 -2969.719 cv-wall-02-2x2
1221 0 15 160 0 -1 0 1159.396 25.369 -2972.079 1158.843 24.750 -2973.000 1160.281 25.906 -2970.485 cv-wall-02-2x2
1222 0 15 161 0 -1 0 1209.484 29.151 -3008.037 1208.765 28.359 -3008.907 1209.906 30.656 -3007.516 cv-wall-02-2x2
1223 0 15 163 0 -1 0 1211.854 27.343 -3002.115 1211.640 25.437 -3003.125 1212.234 28.296 -3001.484 cv-wall-02-2x2
1224 0 15 164 0 -1 0 1209.724 23.401 -3004.954 1208.656 22.438 -3006.032 1210.624 24.515 -3004.344 cv-wall-02-2x2
1225 0 15 165 0 -1 0 1185.073 27.672 -3015.860 1184.609 26.640 -3016.563 1185.359 28.390 -3014.484 cv-wall-02-2x2
1226 0 15 166 0 -1 0 1185.130 22.130 -3026.896 1183.797 21.797 -3028.016 1185.843 22.687 -3026.329 cv-wall-02-2x2
1227 0 15 167 0 -1 0 1188.171 11.604 -3006.599 1187.375 11.000 -3006.797 1188.999 12.765 -3006.360 cv-wall-02-2x2
1228 0 15 168 0 -1 0 1187.953 31.854 -3017.188 1186.781 30.469 -3018.563 1188.578 32.937 -3016.469 cv-wall-02-2x2
1229 0 15 169 0 -1 0 1193.937 27.312 -3014.292 1193.562 25.515 -3016.125 1194.172 28.218 -3012.954 cv-wall-02-2x2
1230 0 15 172 0 -1 0 1161.120 15.047 -3023.089 1159.437 14.750 -3023.891 1162.015 15.531 -3022.235 cv-wall-02-2x2
1231 0 15 173 0 -1 0 1177.609 11.265 -3025.365 1177.140 10.750 -3026.313 1178.125 12.265 -3024.485 cv-wall-02-2x2
1232 0 15 174 0 -1 0 1180.364 22.375 -3023.490 1178.890 22.078 -3024.516 1181.250 22.812 -3022.891 cv-wall-02-2x2
1233 0 15 175 0 -1 0 1165.187 42.515 -3066.610 1163.312 41.343 -3067.125 1166.218 43.828 -3065.875 cv-wall-02-2x2
1234 0 15 176 0 -1 0 1160.239 45.145 -3066.787 1158.906 44.406 -3067.203 1161.500 45.624 -3066.391 cv-wall-02-2x2
1235 0 15 177 0 -1 0 1155.859 30.364 -2981.131 1154.531 29.031 -2982.047 1156.797 31.312 -2980.219 cv-wall-02-2x2
1236 0 15 178 0 -1 0 1157.192 23.958 -2993.542 1156.953 22.984 -2994.297 1157.312 24.906 -2992.407 cv-wall-02-2x2
1237 0 15 180 0 -1 0 1147.958 10.281 -3000.302 1146.453 9.765 -3001.172 1149.328 10.844 -2999.188 cv-wall-02-2x2
1238 0 15 181 0 -1 0 1146.698 11.958 -2995.605 1145.453 11.609 -2996.282 1147.703 12.359 -2994.594 cv-wall-02-2x2
1239 0 15 182 0 -1 0 1146.354 18.427 -2995.151 1145.484 17.890 -2995.704 1147.249 19.093 -2994.360 cv-wall-02-2x2
1240 0 15 183 0 -1 0 1160.364 11.432 -3011.313 1159.250 10.750 -3011.750 1161.328 12.656 -3010.828 cv-wall-02-2x2
1241 0 15 184 0 -1 0 1160.239 25.968 -3011.172 1159.234 24.546 -3011.579 1161.156 26.859 -3010.812 cv-wall-02-2x2
1242 0 15 185 0 -1 0 1152.864 18.109 -3006.057 1152.015 16.765 -3006.406 1153.296 18.797 -3005.422 cv-wall-02-2x2
1243 0 15 186 0 -1 0 1150.640 23.067 -3026.521 1150.062 22.078 -3027.297 1151.734 24.593 -3026.078 cv-wall-02-2x2
1244 0 15 187 0 -1 0 1149.151 33.536 -3025.620 1148.390 32.546 -3026.407 1149.937 34.078 -3024.454 cv-wall-02-2x2
1245 0 15 190 0 -1 0 1157.682 21.620 -3022.026 1157.297 20.172 -3022.844 1158.093 22.609 -3020.860 cv-wall-02-2x2
1246 0 15 191 0 -1 0 1156.349 22.276 -3019.808 1154.937 22.093 -3020.860 1157.297 22.609 -3019.110 cv-wall-02-2x2
1247 0 15 192 0 -1 0 1149.510 15.333 -3022.818 1148.719 14.344 -3023.360 1150.687 16.562 -3022.219 cv-wall-02-2x2
1248 0 15 193 0 -1 0 1152.968 15.411 -3023.719 1152.765 14.750 -3025.016 1153.203 16.718 -3022.813 cv-wall-02-2x2
1249 0 15 194 0 -1 0 1133.203 23.583 -3033.079 1132.609 22.765 -3033.626 1133.500 25.078 -3032.094 cv-wall-02-2x2
1250 0 15 195 0 -1 0 1137.599 30.224 -3033.604 1137.156 29.156 -3034.282 1138.328 30.843 -3032.266 cv-wall-02-2x2
1251 0 15 197 0 -1 0 1153.854 20.984 -3026.818 1153.406 20.062 -3027.953 1154.375 21.531 -3025.500 cv-wall-02-2x2
1252 0 15 198 0 -1 0 1149.036 22.062 -3023.651 1148.828 20.719 -3024.735 1149.203 22.750 -3022.860 cv-wall-02-2x2
1253 0 15 199 0 -1 0 1164.687 51.281 -3073.313 1164.125 50.656 -3073.875 1165.765 52.531 -3072.234 cv-wall-02-2x2
1254 0 15 200 0 -1 0 1157.521 51.218 -3069.766 1156.781 50.484 -3070.110 1159.000 52.531 -3069.563 cv-wall-02-2x2
1255 0 15 201 0 -1 0 1160.443 53.536 -3070.776 1158.516 52.578 -3071.094 1161.594 54.047 -3070.297 cv-wall-02-2x2
1256 0 15 202 0 -1 0 1152.890 11.802 -3054.823 1152.640 10.906 -3056.188 1153.140 13.062 -3054.094 cv-wall-02-2x2
1257 0 15 203 0 -1 0 1152.494 22.474 -3057.303 1151.906 21.109 -3058.094 1152.953 23.281 -3055.985 cv-wall-02-2x2
1258 0 15 204 0 -1 0 1090.771 49.265 -3069.771 1090.015 49.015 -3070.766 1091.765 49.625 -3068.235 cv-wall-02-2x2
1259 0 15 205 0 -1 0 1096.974 53.937 -3060.552 1095.578 52.578 -3060.844 1097.687 54.640 -3060.391 cv-wall-02-2x2
1260 0 15 206 0 -1 0 1130.661 22.026 -3051.907 1130.078 20.765 -3052.453 1131.093 22.656 -3050.954 cv-wall-02-2x2
1261 0 15 207 0 -1 0 1163.442 45.895 -3074.224 1161.843 44.547 -3075.047 1164.296 46.609 -3073.797 cv-wall-02-2x2
1262 0 15 208 0 -1 0 1166.187 31.437 -3075.292 1164.359 31.343 -3075.516 1168.171 31.500 -3075.001 cv-wall-02-2x2
1263 0 15 209 0 -1 0 1154.989 49.817 -3082.990 1153.999 48.624 -3083.469 1155.671 50.421 -3082.422 cv-wall-02-2x2
1264 0 15 210 0 -1 0 1149.542 47.781 -3070.771 1148.797 47.672 -3072.266 1149.984 47.844 -3069.125 cv-wall-02-2x2
1265 0 15 211 0 -1 0 1120.109 57.989 -3081.427 1119.234 56.656 -3081.829 1120.640 58.656 -3080.969 cv-wall-02-2x2
1266 0 15 212 0 -1 0 1126.916 60.937 -3093.469 1125.140 60.859 -3094.282 1129.562 60.999 -3092.172 cv-wall-02-2x2
1267 0 15 213 0 -1 0 1110.406 65.687 -3077.615 1109.188 64.922 -3078.875 1111.719 66.515 -3076.126 cv-wall-02-2x2
1268 0 15 214 0 -1 0 1118.760 46.765 -3079.480 1118.406 45.750 -3080.454 1119.156 47.906 -3078.219 cv-wall-02-2x2
1269 0 15 215 0 -1 0 1137.218 39.588 -3106.995 1136.484 38.968 -3107.984 1138.578 40.781 -3106.454 cv-wall-02-2x2
1270 0 15 216 0 -1 0 1150.364 39.244 -3111.131 1149.891 38.531 -3112.407 1150.968 40.172 -3110.438 cv-wall-02-2x2
1271 0 15 217 0 -1 0 1141.890 40.068 -3094.756 1141.344 39.141 -3095.407 1142.171 41.281 -3094.110 cv-wall-02-2x2
1272 0 15 218 0 -1 0 1162.671 55.312 -3139.521 1161.750 54.375 -3139.797 1163.218 56.531 -3139.047 cv-wall-02-2x2
1273 0 15 219 0 -1 0 1130.182 55.510 -3117.667 1129.968 54.703 -3119.094 1130.546 56.812 -3116.860 cv-wall-02-2x2
1274 0 15 220 0 -1 0 1141.781 35.484 -3093.438 1141.703 34.624 -3094.047 1141.875 37.078 -3092.235 cv-wall-02-2x2
1275 0 15 221 0 -1 0 1153.312 42.245 -3092.178 1152.187 41.109 -3093.297 1153.874 42.828 -3091.579 cv-wall-02-2x2
1276 0 15 222 0 -1 0 1137.838 13.442 -3069.474 1137.453 12.078 -3070.172 1138.406 14.234 -3068.157 cv-wall-02-2x2
1277 0 15 223 0 -1 0 1133.010 16.677 -3077.459 1131.828 16.453 -3078.282 1133.797 16.797 -3076.204 cv-wall-02-2x2
1278 0 15 224 0 -1 0 1149.635 37.885 -3109.683 1149.015 36.625 -3110.438 1150.234 38.531 -3108.735 cv-wall-02-2x2
1279 0 15 226 0 -1 0 1149.016 31.156 -3105.646 1148.875 30.484 -3106.766 1149.109 32.500 -3105.063 cv-wall-02-2x2
1280 0 15 227 0 -1 0 1154.068 33.984 -3110.740 1153.656 32.640 -3111.719 1154.844 34.656 -3110.219 cv-wall-02-2x2
1281 0 15 228 0 -1 0 1154.307 31.203 -3112.860 1154.062 30.484 -3113.469 1154.609 32.640 -3111.719 cv-wall-02-2x2
1282 0 15 229 0 -1 0 1144.453 13.614 -3131.026 1143.640 12.734 -3131.719 1144.890 14.656 -3130.672 cv-wall-02-2x2
1283 0 15 232 0 -1 0 1019.177 62.072 -3024.589 1017.984 61.624 -3025.266 1020.218 62.422 -3023.360 cv-wall-02-2x2
1284 0 15 234 0 -1 0 1017.448 71.344 -3008.974 1016.593 69.156 -3009.313 1018.593 72.453 -3008.625 cv-wall-02-2x2
1285 0 15 236 0 -1 0 1070.188 41.770 -3063.240 1068.828 40.281 -3063.329 1070.906 42.531 -3063.157 cv-wall-02-2x2
1286 0 15 237 0 -1 0 1066.968 45.260 -3062.292 1066.578 44.156 -3062.844 1067.218 45.875 -3061.234 cv-wall-02-2x2
1287 0 15 238 0 -1 0 1068.948 47.224 -3058.297 1068.031 46.859 -3059.063 1069.656 47.453 -3057.219 cv-wall-02-2x2
1288 0 15 239 0 -1 0 1024.567 60.182 -3035.157 1023.984 60.047 -3036.313 1025.718 60.453 -3034.203 cv-wall-02-2x2
1289 0 15 240 0 -1 0 1035.687 51.453 -3065.657 1034.640 50.766 -3066.954 1036.812 52.359 -3064.485 cv-wall-02-2x2
1290 0 15 242 0 -1 0 1029.651 45.979 -3043.412 1029.390 45.062 -3044.251 1029.844 47.203 -3042.703 cv-wall-02-2x2
1291 0 15 243 0 -1 0 1026.296 53.073 -3040.047 1025.312 51.734 -3040.719 1026.797 54.062 -3039.422 cv-wall-02-2x2
1292 0 15 244 0 -1 0 1019.292 59.994 -3034.954 1017.937 59.843 -3036.204 1020.047 60.140 -3034.063 cv-wall-02-2x2
1293 0 15 245 0 -1 0 1022.995 60.906 -3026.709 1022.078 60.531 -3028.094 1023.719 61.125 -3025.829 cv-wall-02-2x2
1294 0 15 246 0 -1 0 1020.734 60.416 -3033.454 1019.890 60.140 -3034.235 1021.969 60.641 -3032.063 cv-wall-02-2x2
1295 0 15 247 0 -1 0 1005.890 49.312 -3045.881 1004.594 48.578 -3046.110 1006.906 50.437 -3045.579 cv-wall-02-2x2
1296 0 15 248 0 -1 0 1007.942 49.250 -3045.386 1006.906 48.922 -3045.953 1009.422 49.500 -3044.282 cv-wall-02-2x2
1297 0 15 249 0 -1 0 979.192 38.104 -2961.552 978.453 37.515 -2961.922 980.140 38.781 -2960.844 cv-wall-02-2x2
1298 0 15 250 0 -1 0 987.291 48.000 -2969.506 987.125 46.672 -2970.688 987.625 48.671 -2968.875 cv-wall-02-2x2
1299 0 15 251 0 -1 0 984.182 51.922 -2968.969 982.937 50.656 -2969.282 985.265 52.672 -2968.376 cv-wall-02-2x2
1300 0 15 254 0 -1 0 960.786 51.854 -2961.620 960.172 50.484 -2961.766 961.937 52.625 -2961.484 cv-wall-02-2x2
1301 0 15 255 0 -1 0 959.573 48.343 -2962.844 958.578 47.890 -2963.906 960.265 48.624 -2962.203 cv-wall-02-2x2
1302 0 15 256 0 -1 0 1010.328 73.140 -2972.339 1009.327 72.015 -2972.688 1011.187 73.781 -2972.000 cv-wall-02-2x2
1303 0 15 258 0 -1 0 992.979 58.817 -2979.063 992.125 57.374 -2979.328 993.890 59.687 -2978.734 cv-wall-02-2x2
1304 0 15 259 0 -1 0 971.739 53.036 -2975.339 971.344 52.281 -2976.360 972.234 54.391 -2974.797 cv-wall-02-2x2
1305 0 15 260 0 -1 0 983.953 62.219 -2996.646 982.531 60.953 -2997.266 985.062 62.953 -2995.438 cv-wall-02-2x2
1306 0 15 262 0 -1 0 992.385 61.474 -3027.240 991.468 60.172 -3027.594 993.437 62.438 -3026.797 cv-wall-02-2x2
1307 0 15 263 0 -1 0 1005.932 51.833 -3038.844 1005.593 50.656 -3040.094 1006.390 52.781 -3037.985 cv-wall-02-2x2
1308 0 15 265 0 -1 0 984.823 63.864 -3006.854 983.984 62.687 -3008.188 986.062 65.750 -3006.188 cv-wall-02-2x2
1309 0 15 266 0 -1 0 986.958 60.484 -3021.464 986.203 58.875 -3022.188 987.531 61.546 -3020.438 cv-wall-02-2x2
1310 0 15 267 0 -1 0 988.697 58.541 -3021.105 988.078 57.484 -3021.735 989.515 59.875 -3020.782 cv-wall-02-2x2
1311 0 15 268 0 -1 0 982.370 49.864 -3023.954 981.969 49.093 -3024.828 982.984 51.000 -3022.844 cv-wall-02-2x2
1312 0 15 270 0 -1 0 958.989 36.890 -3022.250 958.015 35.749 -3022.375 960.390 37.656 -3022.016 cv-wall-02-2x2
1313 0 15 273 0 -1 0 961.536 33.312 -3005.745 960.609 32.843 -3006.360 962.312 33.594 -3004.876 cv-wall-02-2x2
1314 0 15 274 0 -1 0 945.156 106.979 -2921.771 944.062 105.656 -2922.469 946.828 107.640 -2921.422 cv-wall-02-2x2
1315 0 15 275 0 -1 0 942.526 106.567 -2909.047 941.750 104.906 -2910.047 943.156 107.500 -2907.922 cv-wall-02-2x2
1316 0 15 276 0 -1 0 942.770 112.286 -2933.042 941.703 111.531 -2933.312 943.578 113.516 -2932.829 cv-wall-02-2x2
1317 0 15 277 0 -1 0 939.135 116.515 -2942.323 938.125 115.796 -2942.438 941.046 117.937 -2942.219 cv-wall-02-2x2
1318 0 15 278 0 -1 0 938.166 119.312 -2946.000 937.515 117.984 -2946.782 938.797 120.203 -2944.703 cv-wall-02-2x2
1319 0 15 280 0 -1 0 934.010 108.317 -2938.240 931.937 107.531 -2938.625 935.984 109.844 -2937.938 cv-wall-02-2x2
1320 0 15 281 0 -1 0 936.974 119.661 -2943.396 935.328 119.421 -2944.703 938.078 119.812 -2942.626 cv-wall-02-2x2
1321 0 15 282 0 -1 0 942.328 120.713 -2947.433 940.859 120.031 -2947.875 943.187 122.046 -2947.110 cv-wall-02-2x2
1322 0 15 283 0 -1 0 938.265 70.890 -2937.177 937.594 69.640 -2938.188 938.797 71.641 -2935.703 cv-wall-02-2x2
1323 0 15 284 0 -1 0 949.823 66.593 -2945.182 949.562 65.390 -2945.953 949.969 67.265 -2944.360 cv-wall-02-2x2
1324 0 15 285 0 -1 0 939.109 72.359 -2941.917 937.531 71.625 -2942.282 940.828 73.718 -2941.657 cv-wall-02-2x2
1325 0 15 286 0 -1 0 951.286 51.776 -2957.245 950.062 51.687 -2958.001 952.125 51.906 -2956.172 cv-wall-02-2x2
1326 0 15 287 0 -1 0 955.307 36.047 -2944.688 954.265 35.859 -2945.422 956.016 36.250 -2943.469 cv-wall-02-2x2
1327 0 15 289 0 -1 0 942.031 46.307 -2946.229 940.656 45.203 -2946.750 943.343 47.265 -2945.922 cv-wall-02-2x2
1328 0 15 290 0 -1 0 944.359 96.078 -2972.756 943.906 95.109 -2973.735 944.828 96.875 -2972.172 cv-wall-02-2x2
1329 0 15 291 0 -1 0 942.135 78.745 -2968.344 941.969 77.109 -2969.610 942.328 80.546 -2966.766 cv-wall-02-2x2
1330 0 15 292 0 -1 0 944.604 80.682 -2972.151 943.953 79.625 -2973.078 945.453 81.516 -2970.876 cv-wall-02-2x2
1331 0 15 293 0 -1 0 935.807 80.130 -2971.235 934.796 79.515 -2972.094 937.437 81.328 -2970.563 cv-wall-02-2x2
1332 0 15 294 0 -1 0 934.099 82.416 -2970.709 933.453 81.328 -2971.563 934.796 83.171 -2970.000 cv-wall-02-2x2
1333 0 15 297 0 -1 0 947.927 52.067 -3004.214 947.609 50.766 -3005.312 948.094 52.750 -3003.626 cv-wall-02-2x2
1334 0 15 299 0 -1 0 931.166 59.156 -3041.235 929.937 58.484 -3042.078 931.828 60.390 -3040.266 cv-wall-02-2x2
1335 0 15 300 0 -1 0 937.864 34.489 -3007.198 937.015 33.390 -3007.969 938.562 35.218 -3006.375 cv-wall-02-2x2
1336 0 15 301 0 -1 0 936.198 36.093 -3005.563 935.125 35.218 -3006.375 937.015 37.109 -3005.032 cv-wall-02-2x2
1337 0 15 304 0 -1 0 926.328 46.916 -3033.412 925.922 45.546 -3034.547 926.968 47.844 -3032.719 cv-wall-02-2x2
1338 0 15 307 0 -1 0 1011.198 47.651 -3093.052 1010.406 46.890 -3093.376 1012.359 48.953 -3092.844 cv-wall-02-2x2
1339 0 15 308 0 -1 0 1006.208 61.703 -3096.896 1005.609 60.312 -3097.907 1006.516 62.406 -3096.360 cv-wall-02-2x2
1340 0 15 309 0 -1 0 1004.771 65.942 -3100.547 1004.359 64.578 -3101.797 1004.984 66.671 -3099.891 cv-wall-02-2x2
1341 0 15 311 0 -1 0 1082.843 37.307 -3088.079 1081.921 36.374 -3088.610 1083.375 37.922 -3087.219 cv-wall-02-2x2
1342 0 15 313 0 -1 0 1017.505 43.276 -3091.610 1016.172 42.515 -3091.766 1018.187 44.719 -3091.359 cv-wall-02-2x2
1343 0 15 314 0 -1 0 1021.687 45.989 -3086.901 1020.500 44.641 -3087.235 1022.531 46.672 -3086.453 cv-wall-02-2x2
1344 0 15 315 0 -1 0 1028.713 29.869 -3137.193 1027.469 29.156 -3138.172 1029.453 30.500 -3135.594 cv-wall-02-2x2
1345 0 15 317 0 -1 0 1020.021 52.948 -3118.479 1019.500 51.969 -3119.141 1020.750 53.546 -3117.703 cv-wall-02-2x2
1346 0 15 318 0 -1 0 1031.849 42.010 -3114.599 1030.968 41.218 -3115.704 1032.422 43.140 -3113.938 cv-wall-02-2x2
1347 0 15 320 0 -1 0 1162.619 51.307 -3156.724 1162.468 50.609 -3157.266 1162.922 52.656 -3155.641 cv-wall-02-2x2
1348 0 15 321 0 -1 0 1164.557 57.989 -3159.318 1163.671 56.656 -3159.656 1164.999 58.656 -3158.641 cv-wall-02-2x2
1349 0 15 322 0 -1 0 1162.869 55.323 -3157.724 1162.468 54.656 -3158.641 1163.671 56.656 -3157.266 cv-wall-02-2x2
1350 0 15 323 0 -1 0 1166.213 51.208 -3148.506 1165.562 50.531 -3149.188 1167.156 52.484 -3147.516 cv-wall-02-2x2
1351 0 15 325 0 -1 0 1148.546 47.984 -3197.974 1147.359 47.719 -3199.016 1150.062 48.156 -3196.860 cv-wall-02-2x2
1352 0 15 326 0 -1 0 1164.192 53.963 -3173.469 1163.515 52.656 -3174.422 1164.609 54.625 -3172.860 cv-wall-02-2x2
1353 0 15 328 0 -1 0 1166.172 42.859 -3185.990 1165.453 41.703 -3186.766 1167.499 43.547 -3185.126 cv-wall-02-2x2
1354 0 15 329 0 -1 0 1163.172 43.619 -3187.985 1162.781 43.281 -3189.454 1163.937 44.078 -3186.532 cv-wall-02-2x2
1355 0 15 330 0 -1 0 1162.250 43.156 -3185.079 1161.703 42.812 -3186.532 1162.797 43.375 -3183.625 cv-wall-02-2x2
1356 0 15 332 0 -1 0 1134.901 54.094 -3190.698 1134.000 53.953 -3191.797 1135.406 54.281 -3189.641 cv-wall-02-2x2
1357 0 15 333 0 -1 0 1143.630 51.302 -3191.782 1143.499 50.656 -3193.016 1143.766 52.578 -3191.078 cv-wall-02-2x2
1358 0 15 334 0 -1 0 1138.104 42.229 -3193.547 1137.437 41.265 -3193.891 1139.046 42.953 -3193.094 cv-wall-02-2x2
1359 0 15 335 0 -1 0 1113.864 66.005 -3195.594 1113.171 64.734 -3195.860 1115.140 66.640 -3195.157 cv-wall-02-2x2
1360 0 15 336 0 -1 0 1116.296 62.573 -3195.657 1115.343 61.219 -3196.110 1117.234 63.593 -3194.985 cv-wall-02-2x2
1361 0 15 338 0 -1 0 1121.828 45.120 -3188.917 1120.687 44.109 -3189.312 1122.437 45.640 -3188.688 cv-wall-02-2x2
1362 0 15 339 0 -1 0 1088.744 54.041 -3194.729 1088.234 52.703 -3195.157 1089.750 54.765 -3194.422 cv-wall-02-2x2
1363 0 15 340 0 -1 0 1162.635 37.791 -3156.730 1162.468 36.656 -3157.266 1162.968 38.656 -3155.657 cv-wall-02-2x2
1364 0 15 342 0 -1 0 1162.859 45.958 -3157.787 1162.468 44.656 -3158.829 1163.640 46.656 -3157.266 cv-wall-02-2x2
1365 0 15 343 0 -1 0 1166.036 23.880 -3164.740 1165.609 22.875 -3165.985 1166.343 24.812 -3164.110 cv-wall-02-2x2
1366 0 15 344 0 -1 0 1113.661 14.979 -3149.464 1112.859 14.328 -3150.484 1114.468 15.828 -3148.110 cv-wall-02-2x2
1367 0 15 345 0 -1 0 1104.078 30.333 -3159.516 1103.499 29.718 -3160.219 1104.922 31.000 -3158.641 cv-wall-02-2x2
1368 0 15 347 0 -1 0 1158.854 7.812 -3184.198 1158.281 6.953 -3184.501 1159.859 8.671 -3183.610 cv-wall-02-2x2
1369 0 15 348 0 -1 0 1120.052 29.119 -3190.516 1119.219 28.656 -3190.797 1120.890 30.047 -3190.188 cv-wall-02-2x2
1370 0 15 349 0 -1 0 1111.708 36.979 -3185.485 1110.937 36.140 -3185.766 1113.015 37.906 -3185.172 cv-wall-02-2x2
1371 0 15 350 0 -1 0 1109.234 39.661 -3187.573 1108.016 38.906 -3188.751 1110.484 40.281 -3186.922 cv-wall-02-2x2
1372 0 15 351 0 -1 0 1086.505 30.651 -3196.219 1085.188 30.328 -3197.312 1088.062 30.843 -3195.453 cv-wall-02-2x2
1373 0 15 352 0 -1 0 1089.505 18.776 -3192.042 1089.281 17.531 -3193.578 1089.874 19.562 -3190.985 cv-wall-02-2x2
1374 0 15 354 0 -1 0 1088.573 11.609 -3228.193 1087.172 10.172 -3228.485 1089.468 13.687 -3228.032 cv-wall-02-2x2
1375 0 15 355 0 -1 0 1061.099 66.734 -3185.683 1059.890 65.828 -3186.329 1061.844 68.203 -3184.985 cv-wall-02-2x2
1376 0 15 356 0 -1 0 1064.396 64.630 -3193.974 1063.328 64.328 -3194.844 1065.031 64.953 -3192.532 cv-wall-02-2x2
1377 0 15 357 0 -1 0 1062.380 65.849 -3187.079 1061.562 65.109 -3188.422 1063.781 66.609 -3186.329 cv-wall-02-2x2
1378 0 15 358 0 -1 0 1067.927 33.338 -3197.282 1066.219 33.203 -3198.547 1069.250 33.484 -3196.563 cv-wall-02-2x2
1379 0 15 359 0 -1 0 1065.901 28.224 -3206.485 1065.031 27.515 -3207.344 1067.171 28.672 -3205.454 cv-wall-02-2x2
1380 0 15 360 0 -1 0 1073.791 31.276 -3208.307 1072.359 30.406 -3208.594 1074.671 32.765 -3208.125 cv-wall-02-2x2
1381 0 15 361 0 -1 0 1029.828 69.963 -3193.776 1029.188 68.656 -3194.719 1031.094 70.656 -3193.297 cv-wall-02-2x2
1382 0 15 362 0 -1 0 1009.859 64.270 -3158.417 1008.250 63.499 -3158.829 1010.719 65.656 -3158.079 cv-wall-02-2x2
1383 0 15 364 0 -1 0 1009.536 65.421 -3168.401 1008.546 64.124 -3168.985 1011.328 66.109 -3167.907 cv-wall-02-2x2
1384 0 15 365 0 -1 0 1015.505 66.359 -3167.594 1014.328 65.453 -3168.078 1016.702 67.406 -3166.860 cv-wall-02-2x2
1385 0 15 366 0 -1 0 1013.224 36.229 -3149.943 1012.156 35.671 -3151.016 1013.984 37.172 -3149.376 cv-wall-02-2x2
1386 0 15 367 0 -1 0 1012.120 54.307 -3164.891 1011.031 53.593 -3165.501 1012.797 54.781 -3163.906 cv-wall-02-2x2
1387 0 15 368 0 -1 0 1003.573 57.890 -3169.860 1002.906 56.671 -3170.563 1004.406 58.562 -3169.422 cv-wall-02-2x2
1388 0 15 369 0 -1 0 1003.963 37.218 -3173.662 1002.640 36.453 -3174.547 1005.187 38.187 -3172.407 cv-wall-02-2x2
1389 0 15 370 0 -1 0 1037.896 14.677 -3150.954 1037.219 13.453 -3152.610 1038.484 16.593 -3150.110 cv-wall-02-2x2
1390 0 15 371 0 -1 0 1023.458 30.453 -3146.464 1022.203 30.047 -3147.626 1024.124 30.812 -3145.344 cv-wall-02-2x2
1391 0 15 372 0 -1 0 1031.260 23.479 -3176.266 1030.718 22.656 -3177.047 1032.046 25.125 -3175.766 cv-wall-02-2x2
1392 0 15 373 0 -1 0 1030.182 27.370 -3171.860 1029.953 26.687 -3173.688 1030.484 28.656 -3170.891 cv-wall-02-2x2
1393 0 15 374 0 -1 0 1030.416 30.021 -3174.204 1029.953 28.750 -3174.969 1031.031 30.656 -3172.907 cv-wall-02-2x2
1394 0 15 375 0 -1 0 1073.192 22.073 -3188.797 1072.890 20.594 -3189.360 1073.734 23.141 -3187.860 cv-wall-02-2x2
1395 0 15 376 0 -1 0 1050.822 28.380 -3171.479 1049.859 27.906 -3172.438 1052.531 29.156 -3170.891 cv-wall-02-2x2
1396 0 15 377 0 -1 0 1044.448 25.276 -3174.979 1042.984 24.265 -3175.969 1045.266 25.890 -3174.438 cv-wall-02-2x2
1397 0 15 378 0 -1 0 1046.193 23.151 -3173.740 1045.266 22.531 -3174.438 1047.375 24.265 -3172.891 cv-wall-02-2x2
1398 0 15 379 0 -1 0 1067.072 12.703 -3202.151 1065.703 11.984 -3202.360 1067.843 13.609 -3202.031 cv-wall-02-2x2
1399 0 15 380 0 -1 0 1064.067 20.088 -3206.526 1063.062 19.812 -3207.672 1064.828 20.625 -3205.766 cv-wall-02-2x2
1400 0 15 381 0 -1 0 1070.718 19.786 -3206.693 1069.937 18.844 -3207.063 1071.890 21.062 -3206.422 cv-wall-02-2x2
1401 0 15 382 0 -1 0 1073.140 18.448 -3214.683 1071.625 18.140 -3215.578 1074.828 18.906 -3213.922 cv-wall-02-2x2
1402 0 15 383 0 -1 0 1256.484 38.911 -2925.313 1255.343 38.406 -2926.266 1257.421 39.250 -2923.797 cv-wall-02-2x2
1403 0 15 384 0 -1 0 1264.135 40.583 -2924.704 1263.141 40.218 -2925.797 1264.843 41.281 -2924.126 cv-wall-02-2x2
1404 0 15 385 0 -1 0 1272.135 20.573 -2893.490 1271.250 19.547 -2894.047 1272.859 22.078 -2893.110 cv-wall-02-2x2
1405 0 15 386 0 -1 0 1255.385 21.677 -2919.313 1255.250 20.109 -2920.781 1255.531 22.469 -2918.547 cv-wall-02-2x2
1406 0 15 389 0 -1 0 1249.521 19.953 -2919.657 1249.281 19.500 -2920.625 1249.906 20.859 -2918.657 cv-wall-02-2x2
1407 0 15 390 0 -1 0 1265.458 5.838 -2921.141 1264.937 4.234 -2921.453 1266.421 6.672 -2920.859 cv-wall-02-2x2
1408 0 15 391 0 -1 0 1241.765 37.109 -2855.599 1241.203 35.703 -2856.297 1242.875 39.641 -2854.219 cv-wall-02-2x2
1409 0 15 392 0 -1 0 1241.124 8.088 -2859.214 1240.859 7.593 -2860.907 1241.609 8.437 -2857.532 cv-wall-02-2x2
1410 0 15 393 0 -1 0 1210.817 29.343 -3001.131 1209.781 28.296 -3001.688 1211.640 30.640 -3000.219 cv-wall-02-2x2
1411 0 15 394 0 -1 0 1210.015 25.427 -2993.787 1209.484 24.125 -2994.563 1210.421 26.265 -2992.547 cv-wall-02-2x2
1412 0 15 395 0 -1 0 1166.542 26.807 -3013.740 1165.640 26.406 -3014.438 1168.109 27.156 -3012.407 cv-wall-02-2x2
1413 0 15 397 0 -1 0 1161.052 45.463 -3056.907 1159.484 45.234 -3057.469 1162.390 45.734 -3056.063 cv-wall-02-2x2
1414 0 15 398 0 -1 0 1138.380 45.427 -3038.125 1136.703 44.656 -3038.188 1140.765 46.656 -3038.001 cv-wall-02-2x2
1415 0 15 400 0 -1 0 1136.823 48.093 -3064.636 1135.343 46.484 -3065.782 1137.890 49.406 -3063.828 cv-wall-02-2x2
1416 0 15 401 0 -1 0 1133.989 41.932 -3057.516 1133.750 40.531 -3058.641 1134.187 42.656 -3056.859 cv-wall-02-2x2
1417 0 15 402 0 -1 0 1093.890 63.297 -3069.146 1093.468 62.640 -3069.735 1094.140 64.593 -3068.000 cv-wall-02-2x2
1418 0 15 403 0 -1 0 1153.270 54.635 -3066.188 1149.750 54.594 -3068.188 1155.953 54.656 -3064.188 cv-wall-02-2x2
1419 0 15 404 0 -1 0 1131.614 59.068 -3086.776 1129.640 58.156 -3088.234 1133.656 60.641 -3086.047 cv-wall-02-2x2
1420 0 15 405 0 -1 0 1089.036 69.812 -3070.177 1087.766 68.203 -3070.188 1089.672 70.656 -3070.157 cv-wall-02-2x2
1421 0 15 406 0 -1 0 1088.974 61.776 -3069.079 1088.734 61.031 -3069.657 1089.406 63.250 -3068.047 cv-wall-02-2x2
1422 0 15 407 0 -1 0 1145.463 30.323 -3089.881 1144.344 29.937 -3090.376 1146.531 30.625 -3089.079 cv-wall-02-2x2
1423 0 15 408 0 -1 0 1119.958 11.943 -3082.094 1119.125 11.375 -3082.376 1121.218 12.828 -3081.641 cv-wall-02-2x2
1424 0 15 409 0 -1 0 1120.719 10.901 -3085.620 1119.515 10.671 -3086.735 1122.687 11.265 -3084.062 cv-wall-02-2x2
1425 0 15 410 0 -1 0 1128.625 16.187 -3081.474 1126.937 16.015 -3082.313 1129.625 16.484 -3080.282 cv-wall-02-2x2
1426 0 15 411 0 -1 0 1138.073 11.286 -3078.802 1137.828 10.656 -3080.094 1138.219 12.547 -3078.141 cv-wall-02-2x2
1427 0 15 413 0 -1 0 1135.359 20.953 -3110.834 1135.031 19.890 -3111.625 1135.828 21.500 -3110.141 cv-wall-02-2x2
1428 0 15 414 0 -1 0 1134.885 10.968 -3111.834 1133.812 10.656 -3112.563 1135.953 11.593 -3111.031 cv-wall-02-2x2
1429 0 15 415 0 -1 0 1132.953 11.286 -3117.495 1132.594 10.656 -3118.126 1133.484 12.547 -3116.235 cv-wall-02-2x2
1430 0 15 417 0 -1 0 998.661 41.833 -3043.610 997.531 41.390 -3044.547 999.828 42.219 -3042.594 cv-wall-02-2x2
1431 0 15 419 0 -1 0 988.995 65.130 -2998.344 988.265 63.625 -2998.797 990.047 68.140 -2997.907 cv-wall-02-2x2
1432 0 15 420 0 -1 0 995.135 74.484 -2997.922 993.937 71.109 -2998.079 995.906 76.890 -2997.657 cv-wall-02-2x2
1433 0 15 421 0 -1 0 987.239 66.015 -3001.448 986.515 65.140 -3002.157 987.656 67.156 -3000.125 cv-wall-02-2x2
1434 0 15 422 0 -1 0 985.791 62.963 -2998.318 985.062 62.796 -2999.734 986.859 63.141 -2997.266 cv-wall-02-2x2
1435 0 15 424 0 -1 0 950.385 115.479 -2920.917 949.062 114.703 -2922.047 951.390 116.890 -2919.938 cv-wall-02-2x2
1436 0 15 425 0 -1 0 942.567 115.161 -2947.422 940.984 113.796 -2947.938 943.656 115.859 -2947.001 cv-wall-02-2x2
1437 0 15 426 0 -1 0 939.343 108.359 -2942.188 938.250 107.640 -2942.328 941.203 109.781 -2942.047 cv-wall-02-2x2
1438 0 15 428 0 -1 0 947.479 119.349 -2954.084 946.187 117.953 -2954.844 948.125 120.046 -2952.563 cv-wall-02-2x2
1439 0 15 429 0 -1 0 944.973 112.328 -2951.964 944.093 111.625 -2953.001 946.515 113.718 -2951.329 cv-wall-02-2x2
1440 0 15 431 0 -1 0 944.161 70.791 -2951.016 943.453 69.562 -2952.501 945.562 71.406 -2950.204 cv-wall-02-2x2
1441 0 15 433 0 -1 0 944.494 60.640 -2954.532 944.015 59.578 -2955.626 944.953 61.922 -2953.110 cv-wall-02-2x2
1442 0 15 434 0 -1 0 936.260 51.770 -2958.964 935.625 51.140 -2959.828 936.578 52.656 -2958.079 cv-wall-02-2x2
1443 0 15 436 0 -1 0 956.963 51.458 -2950.818 956.203 50.250 -2951.469 958.390 52.234 -2950.484 cv-wall-02-2x2
1444 0 15 439 0 -1 0 952.104 102.901 -2962.328 951.672 101.515 -2964.407 952.797 103.594 -2961.250 cv-wall-02-2x2
1445 0 15 440 0 -1 0 957.161 56.750 -3008.954 956.016 56.078 -3009.938 958.218 57.437 -3007.454 cv-wall-02-2x2
1446 0 15 442 0 -1 0 928.781 41.593 -3040.104 928.046 40.593 -3040.953 929.937 42.406 -3039.376 cv-wall-02-2x2
1447 0 15 444 0 -1 0 1065.536 59.458 -3066.130 1064.156 59.391 -3066.907 1066.421 59.500 -3065.094 cv-wall-02-2x2
1448 0 15 445 0 -1 0 1059.239 58.911 -3063.516 1058.297 58.531 -3064.438 1060.125 59.531 -3062.907 cv-wall-02-2x2
1449 0 15 446 0 -1 0 1058.687 66.052 -3063.120 1058.062 64.749 -3063.203 1059.921 66.719 -3062.985 cv-wall-02-2x2
1450 0 15 447 0 -1 0 1047.849 62.067 -3064.636 1047.719 60.781 -3065.266 1048.062 62.734 -3063.376 cv-wall-02-2x2
1451 0 15 451 0 -1 0 1076.968 26.323 -3093.865 1075.437 25.812 -3094.985 1077.937 26.687 -3092.876 cv-wall-02-2x2
1452 0 15 454 0 -1 0 1162.463 59.317 -3175.714 1161.984 58.578 -3176.297 1163.281 60.687 -3174.953 cv-wall-02-2x2
1453 0 15 455 0 -1 0 1164.135 62.114 -3174.151 1163.312 60.547 -3174.891 1164.672 63.156 -3173.485 cv-wall-02-2x2
1454 0 15 456 0 -1 0 1162.088 66.099 -3176.771 1161.437 64.796 -3177.875 1162.421 66.797 -3176.219 cv-wall-02-2x2
1455 0 15 457 0 -1 0 1131.234 66.119 -3194.089 1129.562 64.734 -3194.313 1132.109 66.968 -3193.641 cv-wall-02-2x2
1456 0 15 458 0 -1 0 1119.177 58.151 -3187.917 1118.218 57.656 -3188.531 1119.766 59.078 -3186.891 cv-wall-02-2x2
1457 0 15 459 0 -1 0 1125.068 63.843 -3189.651 1124.594 63.062 -3190.641 1125.859 64.484 -3188.609 cv-wall-02-2x2
1458 0 15 462 0 -1 0 1139.385 23.114 -3156.313 1138.968 22.250 -3156.797 1139.687 24.624 -3155.359 cv-wall-02-2x2
1459 0 15 465 0 -1 0 1133.734 18.099 -3177.938 1132.781 18.000 -3179.328 1134.594 18.297 -3176.703 cv-wall-02-2x2
1460 0 15 467 0 -1 0 1136.864 0.786 -3178.776 1136.344 -1.609 -3179.172 1137.547 2.046 -3178.078 cv-wall-02-2x2
1461 0 15 468 0 -1 0 1135.484 3.187 -3177.839 1134.828 2.046 -3178.078 1136.344 4.734 -3177.375 cv-wall-02-2x2
1462 0 15 472 0 -1 0 1095.458 37.000 -3235.563 1094.000 35.625 -3236.094 1096.406 37.937 -3235.094 cv-wall-02-2x2
1463 0 15 473 0 -1 0 1083.822 18.015 -3218.532 1082.859 17.156 -3219.813 1085.593 19.469 -3217.860 cv-wall-02-2x2
1464 0 15 475 0 -1 0 1084.911 15.198 -3238.401 1083.906 13.359 -3239.563 1086.281 17.265 -3236.860 cv-wall-02-2x2
1465 0 15 476 0 -1 0 1086.093 13.573 -3234.537 1085.140 11.937 -3234.969 1086.953 16.140 -3234.047 cv-wall-02-2x2
1466 0 15 477 0 -1 0 1085.917 10.197 -3228.719 1084.968 9.609 -3231.047 1087.172 10.812 -3227.079 cv-wall-02-2x2
1467 0 15 478 0 -1 0 1073.822 52.562 -3198.177 1072.156 51.718 -3198.547 1075.359 53.453 -3197.703 cv-wall-02-2x2
1468 0 15 480 0 -1 0 1079.854 47.927 -3208.151 1078.656 47.641 -3208.766 1081.218 48.078 -3207.391 cv-wall-02-2x2
1469 0 15 481 0 -1 0 1033.352 66.390 -3196.313 1033.062 64.140 -3196.344 1033.687 68.547 -3196.266 cv-wall-02-2x2
1470 0 15 482 0 -1 0 983.885 61.718 -3194.110 982.750 61.546 -3194.844 984.531 61.875 -3192.735 cv-wall-02-2x2
1471 0 15 483 0 -1 0 1303.286 33.620 -2871.922 1302.750 32.266 -2872.047 1304.359 34.328 -2871.672 cv-wall-02-2x2
1472 0 15 486 0 -1 0 1262.797 14.396 -2919.636 1261.593 14.344 -2920.703 1264.109 14.484 -2918.719 cv-wall-02-2x2
1473 0 15 487 0 -1 0 1264.015 15.109 -2921.151 1262.625 14.953 -2922.047 1264.953 15.359 -2919.703 cv-wall-02-2x2
1474 0 15 489 0 -1 0 1243.437 33.474 -2964.313 1242.812 33.140 -2965.328 1244.562 33.781 -2962.672 cv-wall-02-2x2
1475 0 15 490 0 -1 0 1249.526 20.062 -2953.912 1248.515 19.171 -2955.063 1250.156 20.594 -2953.204 cv-wall-02-2x2
1476 0 15 491 0 -1 0 1249.281 14.739 -2947.948 1248.406 13.500 -2948.126 1250.312 16.312 -2947.782 cv-wall-02-2x2
1477 0 15 492 0 -1 0 1249.463 17.750 -2948.844 1249.125 16.312 -2950.016 1249.781 18.515 -2948.126 cv-wall-02-2x2
1478 0 15 493 0 -1 0 1242.401 37.552 -2882.177 1241.750 36.703 -2883.297 1243.547 38.312 -2881.188 cv-wall-02-2x2
1479 0 15 494 0 -1 0 1240.843 21.458 -2860.547 1240.624 20.437 -2861.407 1241.281 22.422 -2859.063 cv-wall-02-2x2
1480 0 15 495 0 -1 0 1241.546 24.416 -2855.792 1240.906 23.094 -2856.719 1242.437 25.203 -2854.282 cv-wall-02-2x2
1481 0 15 496 0 -1 0 1231.614 17.823 -2942.104 1230.796 16.797 -2942.922 1232.312 18.343 -2940.531 cv-wall-02-2x2
1482 0 15 499 0 -1 0 1227.536 17.843 -2945.256 1226.172 16.828 -2946.047 1228.265 18.359 -2944.266 cv-wall-02-2x2
1483 0 15 500 0 -1 0 1216.328 11.453 -2945.558 1215.640 10.546 -2946.203 1216.796 12.875 -2944.641 cv-wall-02-2x2
1484 0 15 502 0 -1 0 1192.625 11.609 -2968.922 1192.171 10.890 -2969.719 1193.125 12.781 -2968.141 cv-wall-02-2x2
1485 0 15 504 0 -1 0 1208.177 19.510 -2960.266 1207.156 18.750 -2960.891 1208.843 20.703 -2959.547 cv-wall-02-2x2
1486 0 15 505 0 -1 0 1217.947 15.463 -2956.839 1217.328 14.781 -2957.438 1218.593 16.703 -2956.157 cv-wall-02-2x2
1487 0 15 506 0 -1 0 1206.443 20.588 -2975.464 1205.609 19.265 -2976.172 1207.219 21.406 -2974.672 cv-wall-02-2x2
1488 0 15 507 0 -1 0 1205.458 23.052 -2967.329 1204.625 22.406 -2968.376 1206.093 23.703 -2966.282 cv-wall-02-2x2
1489 0 15 508 0 -1 0 1171.968 12.323 -2968.964 1170.953 11.375 -2969.719 1173.046 13.078 -2967.516 cv-wall-02-2x2
1490 0 15 510 0 -1 0 1174.812 27.021 -2965.177 1174.062 26.093 -2966.516 1175.672 27.859 -2964.329 cv-wall-02-2x2
1491 0 15 511 0 -1 0 1170.406 29.620 -3029.547 1169.750 29.266 -3030.375 1171.562 30.015 -3028.391 cv-wall-02-2x2
1492 0 15 512 0 -1 0 1174.380 28.328 -3033.578 1173.546 27.796 -3034.282 1175.562 28.875 -3032.266 cv-wall-02-2x2
1493 0 15 513 0 -1 0 1176.552 27.297 -3030.948 1175.484 26.546 -3032.297 1177.171 28.625 -3030.266 cv-wall-02-2x2
1494 0 15 514 0 -1 0 1167.979 26.599 -3031.063 1167.640 25.781 -3032.266 1168.609 28.031 -3030.422 cv-wall-02-2x2
1495 0 15 515 0 -1 0 1137.499 21.031 -3013.063 1136.671 19.344 -3013.641 1139.046 22.015 -3012.609 cv-wall-02-2x2
1496 0 15 516 0 -1 0 1146.396 25.901 -3020.959 1146.062 24.859 -3021.735 1146.687 26.750 -3019.641 cv-wall-02-2x2
1497 0 15 517 0 -1 0 1136.880 25.510 -3017.781 1135.937 24.156 -3019.563 1137.578 26.421 -3015.594 cv-wall-02-2x2
1498 0 15 519 0 -1 0 1154.749 19.869 -3041.667 1154.109 18.984 -3042.094 1155.796 20.703 -3040.828 cv-wall-02-2x2
1499 0 15 520 0 -1 0 1158.677 34.312 -3046.417 1157.937 33.296 -3046.797 1160.140 34.859 -3046.063 cv-wall-02-2x2
1500 0 15 521 0 -1 0 1161.328 34.531 -3041.719 1160.156 33.890 -3042.656 1162.046 35.171 -3040.719 cv-wall-02-2x2
1501 0 15 522 0 -1 0 1149.870 34.552 -3037.135 1148.625 33.812 -3037.703 1151.172 35.140 -3036.062 cv-wall-02-2x2
1502 0 15 523 0 -1 0 1153.307 33.630 -3037.542 1152.578 32.656 -3038.188 1153.672 34.656 -3036.251 cv-wall-02-2x2
1503 0 15 524 0 -1 0 1153.515 31.156 -3034.938 1153.047 30.625 -3036.282 1153.937 32.109 -3034.266 cv-wall-02-2x2
1504 0 15 525 0 -1 0 1154.479 30.942 -3033.386 1153.937 30.359 -3034.266 1155.469 31.734 -3032.282 cv-wall-02-2x2
1505 0 15 526 0 -1 0 1162.427 26.099 -3045.505 1162.343 24.843 -3046.406 1162.484 26.875 -3043.984 cv-wall-02-2x2
1506 0 15 527 0 -1 0 1133.667 25.989 -3038.214 1131.547 24.656 -3038.266 1134.984 26.656 -3038.188 cv-wall-02-2x2
1507 0 15 528 0 -1 0 1156.948 18.198 -3046.485 1155.812 17.343 -3047.125 1157.828 18.765 -3046.063 cv-wall-02-2x2
1508 0 15 529 0 -1 0 1149.390 50.781 -3094.407 1148.953 49.812 -3094.985 1149.969 51.922 -3093.501 cv-wall-02-2x2
1509 0 15 530 0 -1 0 1138.203 56.448 -3090.464 1136.749 55.656 -3092.172 1139.328 57.234 -3088.938 cv-wall-02-2x2
1510 0 15 531 0 -1 0 1101.328 50.562 -3066.604 1101.125 49.890 -3068.204 1101.656 51.812 -3065.797 cv-wall-02-2x2
1511 0 15 532 0 -1 0 1107.687 41.448 -3077.849 1106.890 40.609 -3078.438 1108.312 42.328 -3076.938 cv-wall-02-2x2
1512 0 15 534 0 -1 0 1136.338 51.354 -3117.599 1135.531 50.624 -3117.797 1137.843 52.797 -3117.407 cv-wall-02-2x2
1513 0 15 535 0 -1 0 1135.354 53.953 -3112.464 1133.984 53.766 -3113.110 1136.062 54.093 -3111.454 cv-wall-02-2x2
1514 0 15 536 0 -1 0 1135.229 50.849 -3105.677 1134.328 50.109 -3106.141 1136.453 51.687 -3104.922 cv-wall-02-2x2
1515 0 15 537 0 -1 0 1146.078 31.333 -3131.068 1145.187 30.656 -3131.641 1147.203 32.656 -3130.641 cv-wall-02-2x2
1516 0 15 539 0 -1 0 1100.943 48.557 -3070.636 1099.968 47.343 -3071.000 1101.718 49.203 -3070.344 cv-wall-02-2x2
1517 0 15 540 0 -1 0 1106.947 49.823 -3078.354 1105.453 48.422 -3078.751 1107.749 50.562 -3078.141 cv-wall-02-2x2
1518 0 15 541 0 -1 0 1098.849 50.114 -3070.245 1097.999 49.125 -3071.376 1099.968 50.906 -3068.797 cv-wall-02-2x2
1519 0 15 542 0 -1 0 1151.260 27.442 -3063.630 1150.390 26.734 -3065.016 1152.796 28.750 -3062.875 cv-wall-02-2x2
1520 0 15 543 0 -1 0 1152.458 25.797 -3076.912 1151.187 25.484 -3077.781 1153.093 26.172 -3076.157 cv-wall-02-2x2
1521 0 15 544 0 -1 0 1154.400 18.078 -3063.506 1154.187 16.671 -3065.047 1154.812 18.812 -3062.735 cv-wall-02-2x2
1522 0 15 545 0 -1 0 1155.442 25.515 -3067.563 1154.906 24.609 -3068.813 1155.749 26.515 -3066.766 cv-wall-02-2x2
1523 0 15 546 0 -1 0 1149.771 25.458 -3076.641 1149.015 24.484 -3076.844 1151.187 26.406 -3076.282 cv-wall-02-2x2
1524 0 15 547 0 -1 0 1152.630 11.364 -3074.922 1152.031 10.703 -3076.157 1153.374 12.641 -3074.188 cv-wall-02-2x2
1525 0 15 548 0 -1 0 1143.026 29.396 -3091.870 1142.359 28.109 -3092.531 1143.375 30.234 -3091.281 cv-wall-02-2x2
1526 0 15 549 0 -1 0 1146.698 37.885 -3118.729 1145.296 36.641 -3119.625 1147.469 38.516 -3118.094 cv-wall-02-2x2
1527 0 15 550 0 -1 0 1138.260 40.958 -3127.917 1137.453 39.859 -3128.516 1139.015 41.984 -3127.516 cv-wall-02-2x2
1528 0 15 551 0 -1 0 1142.250 27.390 -3129.693 1141.828 26.328 -3130.563 1142.812 29.109 -3128.828 cv-wall-02-2x2
1529 0 15 552 0 -1 0 1138.786 30.177 -3132.756 1137.968 28.734 -3132.922 1140.187 31.015 -3132.563 cv-wall-02-2x2
1530 0 15 553 0 -1 0 1108.203 33.989 -3074.620 1107.749 32.656 -3075.157 1108.625 34.656 -3073.547 cv-wall-02-2x2
1531 0 15 557 0 -1 0 1105.859 14.760 -3095.485 1105.125 14.203 -3096.797 1106.844 15.109 -3094.578 cv-wall-02-2x2
1532 0 15 561 0 -1 0 1074.531 43.182 -3062.094 1073.921 42.250 -3062.344 1075.718 44.641 -3061.953 cv-wall-02-2x2
1533 0 15 562 0 -1 0 1058.515 46.015 -3063.261 1057.718 44.656 -3063.391 1059.859 46.968 -3063.094 cv-wall-02-2x2
1534 0 15 563 0 -1 0 1054.609 50.239 -3059.485 1054.218 49.171 -3060.141 1054.921 50.797 -3058.188 cv-wall-02-2x2
1535 0 15 564 0 -1 0 1062.073 46.698 -3057.776 1060.750 46.187 -3058.500 1062.750 47.094 -3056.719 cv-wall-02-2x2
1536 0 15 565 0 -1 0 1004.479 80.557 -2991.464 1004.062 78.969 -2992.391 1004.719 82.875 -2990.829 cv-wall-02-2x2
1537 0 15 45 0 -1 0 995.239 43.974 -2978.646 994.343 42.531 -2978.907 995.937 44.734 -2978.141 cv-wall-02-2x2
1538 0 15 567 0 -1 0 1003.385 73.765 -2996.063 1002.031 72.062 -2996.703 1004.062 74.781 -2995.235 cv-wall-02-2x2
1539 0 15 568 0 -1 0 996.833 64.786 -2991.146 996.187 63.359 -2992.188 997.953 67.203 -2990.391 cv-wall-02-2x2
1540 0 15 569 0 -1 0 1001.146 77.432 -2993.709 1000.656 73.921 -2994.031 1002.062 79.688 -2993.516 cv-wall-02-2x2
1541 0 15 570 0 -1 0 988.901 74.020 -3019.172 988.172 73.328 -3020.578 989.953 74.687 -3018.141 cv-wall-02-2x2
1542 0 15 571 0 -1 0 994.744 53.515 -3038.052 993.703 52.374 -3039.313 995.484 54.656 -3037.078 cv-wall-02-2x2
1543 0 15 572 0 -1 0 989.073 52.099 -3040.849 988.078 50.875 -3042.235 990.000 54.391 -3039.922 cv-wall-02-2x2
1544 0 15 573 0 -1 0 989.677 55.578 -3038.969 989.140 54.391 -3039.922 990.187 56.422 -3037.641 cv-wall-02-2x2
1545 0 15 574 0 -1 0 938.875 118.656 -2928.547 938.328 117.390 -2930.047 939.422 119.797 -2927.656 cv-wall-02-2x2
1546 0 15 575 0 -1 0 945.338 126.989 -2929.391 944.593 126.078 -2930.672 946.797 128.781 -2928.376 cv-wall-02-2x2
1547 0 15 576 0 -1 0 946.901 95.286 -2926.131 946.156 94.937 -2927.219 947.843 95.625 -2925.407 cv-wall-02-2x2
1548 0 15 577 0 -1 0 944.422 103.057 -2928.969 943.562 101.906 -2929.782 945.187 104.281 -2928.203 cv-wall-02-2x2
1549 0 15 579 0 -1 0 945.411 83.932 -2928.750 944.546 82.468 -2929.391 946.297 85.172 -2927.828 cv-wall-02-2x2
1550 0 15 580 0 -1 0 943.864 80.937 -2929.443 942.687 79.594 -2929.766 944.546 82.468 -2929.032 cv-wall-02-2x2
1551 0 15 581 0 -1 0 942.635 80.641 -2934.016 941.922 79.515 -2934.516 943.312 81.828 -2933.203 cv-wall-02-2x2
1552 0 15 584 0 -1 0 953.822 74.927 -2958.188 952.687 73.687 -2958.860 955.984 75.578 -2957.688 cv-wall-02-2x2
1553 0 15 585 0 -1 0 943.781 86.823 -2950.506 942.875 85.734 -2952.407 945.327 87.766 -2949.344 cv-wall-02-2x2
1554 0 15 586 0 -1 0 949.520 87.130 -2960.151 948.843 86.703 -2961.157 950.578 87.656 -2958.406 cv-wall-02-2x2
1555 0 15 587 0 -1 0 943.880 102.932 -2948.938 942.438 101.624 -2950.797 946.593 103.609 -2947.563 cv-wall-02-2x2
1556 0 15 588 0 -1 0 947.979 96.328 -2953.334 945.828 95.641 -2954.563 949.437 97.687 -2951.438 cv-wall-02-2x2
1557 0 15 589 0 -1 0 936.937 90.770 -2941.073 936.312 89.578 -2942.250 937.281 91.453 -2940.375 cv-wall-02-2x2
1558 0 15 590 0 -1 0 939.349 100.317 -2931.120 938.828 99.469 -2932.266 939.828 101.937 -2930.469 cv-wall-02-2x2
1559 0 15 591 0 -1 0 941.854 55.698 -2939.042 939.843 54.968 -2939.203 943.094 57.156 -2938.907 cv-wall-02-2x2
1560 0 15 592 0 -1 0 943.094 56.583 -2941.776 942.625 56.078 -2942.438 943.640 57.516 -2940.797 cv-wall-02-2x2
1561 0 15 593 0 -1 0 966.370 49.234 -2946.891 965.750 48.718 -2947.891 966.781 50.172 -2945.735 cv-wall-02-2x2
1562 0 15 594 0 -1 0 948.552 50.833 -2937.219 947.656 50.624 -2937.829 949.859 50.953 -2936.266 cv-wall-02-2x2
1563 0 15 595 0 -1 0 942.619 64.052 -2965.630 941.859 62.469 -2967.000 943.468 65.469 -2964.657 cv-wall-02-2x2
1564 0 15 597 0 -1 0 936.781 59.187 -2966.302 936.546 57.812 -2967.203 937.156 60.109 -2964.703 cv-wall-02-2x2
1565 0 15 598 0 -1 0 934.807 63.182 -2969.302 934.156 62.093 -2969.985 936.077 63.734 -2968.859 cv-wall-02-2x2
1566 0 15 599 0 -1 0 942.333 66.562 -2968.058 941.578 65.469 -2969.375 942.890 67.375 -2967.000 cv-wall-02-2x2
1567 0 15 601 0 -1 0 957.041 38.484 -2939.172 956.672 37.687 -2940.110 957.234 39.328 -2938.625 cv-wall-02-2x2
1568 0 15 602 0 -1 0 960.120 37.484 -2943.969 959.797 36.500 -2944.625 960.562 37.984 -2942.751 cv-wall-02-2x2
1569 0 15 603 0 -1 0 942.922 42.656 -2933.542 942.640 41.203 -2934.172 943.078 43.391 -2932.344 cv-wall-02-2x2
1570 0 15 604 0 -1 0 948.432 43.442 -2933.099 948.390 42.219 -2933.828 948.500 44.203 -2931.906 cv-wall-02-2x2
1571 0 15 605 0 -1 0 937.416 46.239 -2962.802 936.969 44.890 -2963.984 937.984 47.312 -2962.063 cv-wall-02-2x2
1572 0 15 606 0 -1 0 945.927 84.281 -2973.948 944.671 83.703 -2975.031 946.875 85.172 -2973.250 cv-wall-02-2x2
1573 0 15 607 0 -1 0 954.120 57.666 -3017.495 953.890 56.906 -3018.078 954.375 59.171 -3016.344 cv-wall-02-2x2
1574 0 15 608 0 -1 0 947.802 48.489 -2987.307 947.015 47.703 -2988.016 949.140 49.140 -2986.891 cv-wall-02-2x2
1575 0 15 609 0 -1 0 965.145 54.823 -2993.839 964.343 54.312 -2995.110 966.703 55.343 -2993.063 cv-wall-02-2x2
1576 0 15 610 0 -1 0 956.062 59.729 -2991.391 955.312 57.999 -2992.579 956.515 61.344 -2989.579 cv-wall-02-2x2
1577 0 15 612 0 -1 0 930.567 49.281 -3025.386 930.125 48.484 -3026.391 931.093 50.766 -3024.516 cv-wall-02-2x2
1578 0 15 613 0 -1 0 927.297 49.411 -3029.927 926.609 48.640 -3030.610 927.750 50.766 -3029.360 cv-wall-02-2x2
1579 0 15 615 0 -1 0 941.520 33.474 -3012.745 940.937 31.937 -3013.469 942.156 34.546 -3012.235 cv-wall-02-2x2
1580 0 15 617 0 -1 0 936.083 52.349 -3049.089 935.094 50.797 -3049.953 936.734 53.125 -3048.563 cv-wall-02-2x2
1581 0 15 618 0 -1 0 920.349 28.937 -3045.563 918.828 27.547 -3045.703 921.156 29.656 -3045.344 cv-wall-02-2x2
1582 0 15 619 0 -1 0 1058.265 97.390 -3086.797 1057.047 97.390 -3088.234 1059.718 97.390 -3085.547 cv-wall-02-2x2
1583 0 15 620 0 -1 0 1066.338 97.390 -3090.146 1066.140 97.390 -3092.016 1066.609 97.390 -3088.234 cv-wall-02-2x2
1584 0 15 621 0 -1 0 1065.906 95.333 -3092.766 1064.265 90.546 -3093.422 1067.312 98.062 -3092.016 cv-wall-02-2x2
1585 0 15 622 0 -1 0 1038.213 58.776 -3065.714 1036.750 58.437 -3065.985 1039.750 59.297 -3065.484 cv-wall-02-2x2
1586 0 15 623 0 -1 0 1002.885 73.744 -3139.167 1001.765 72.671 -3140.157 1003.593 74.515 -3138.500 cv-wall-02-2x2
1587 0 15 625 0 -1 0 1030.203 33.510 -3085.370 1030.015 32.187 -3085.922 1030.438 34.203 -3084.266 cv-wall-02-2x2
1588 0 15 626 0 -1 0 1045.562 34.546 -3083.677 1044.390 34.250 -3084.657 1046.672 35.046 -3083.079 cv-wall-02-2x2
1589 0 15 627 0 -1 0 1050.817 34.474 -3080.297 1049.672 34.203 -3080.813 1051.984 34.734 -3079.344 cv-wall-02-2x2
1590 0 15 628 0 -1 0 1043.218 34.729 -3069.464 1042.453 34.047 -3069.657 1044.687 35.937 -3069.234 cv-wall-02-2x2
1591 0 15 629 0 -1 0 1038.859 13.916 -3137.297 1038.500 12.828 -3138.047 1039.219 15.734 -3135.797 cv-wall-02-2x2
1592 0 15 631 0 -1 0 1161.739 57.797 -3176.839 1160.859 56.593 -3177.860 1162.375 58.687 -3176.297 cv-wall-02-2x2
1593 0 15 632 0 -1 0 1147.661 66.062 -3189.375 1146.875 64.734 -3189.594 1149.156 66.797 -3188.969 cv-wall-02-2x2
1594 0 15 633 0 -1 0 1107.047 42.260 -3184.651 1106.406 41.562 -3185.484 1107.625 42.937 -3183.376 cv-wall-02-2x2
1595 0 15 634 0 -1 0 1094.474 51.510 -3185.657 1093.578 51.187 -3187.032 1095.156 51.843 -3184.672 cv-wall-02-2x2
1596 0 15 635 0 -1 0 1089.307 55.948 -3195.954 1088.250 54.656 -3196.469 1091.281 56.656 -3195.157 cv-wall-02-2x2
1597 0 15 640 0 -1 0 1137.213 34.557 -3154.834 1136.328 33.594 -3155.438 1137.750 35.469 -3154.313 cv-wall-02-2x2
1598 0 15 641 0 -1 0 1131.609 18.307 -3162.844 1130.609 17.843 -3163.844 1132.421 18.578 -3162.235 cv-wall-02-2x2
1599 0 15 642 0 -1 0 1161.937 30.114 -3180.292 1161.234 28.797 -3181.063 1162.828 30.828 -3179.313 cv-wall-02-2x2
1600 0 15 643 0 -1 0 1164.708 33.208 -3160.954 1164.359 32.515 -3162.157 1165.078 34.156 -3160.328 cv-wall-02-2x2
1601 0 15 644 0 -1 0 1174.390 15.656 -3181.558 1173.375 14.609 -3182.126 1175.468 17.640 -3180.735 cv-wall-02-2x2
1602 0 15 645 0 -1 0 1180.380 11.046 -3173.787 1179.437 10.312 -3173.891 1182.062 12.500 -3173.610 cv-wall-02-2x2
1603 0 15 646 0 -1 0 1129.499 39.265 -3195.479 1128.703 38.640 -3196.829 1130.031 40.500 -3194.797 cv-wall-02-2x2
1604 0 15 647 0 -1 0 1127.010 34.750 -3194.881 1125.906 34.312 -3196.313 1128.203 35.312 -3193.985 cv-wall-02-2x2
1605 0 15 648 0 -1 0 1133.359 3.791 -3173.844 1132.609 2.719 -3174.562 1134.015 4.656 -3172.938 cv-wall-02-2x2
1606 0 15 649 0 -1 0 1066.791 29.151 -3181.271 1065.734 29.125 -3182.032 1068.000 29.188 -3179.953 cv-wall-02-2x2
1607 0 15 650 0 -1 0 1065.359 53.687 -3186.401 1064.422 53.406 -3187.594 1066.140 53.828 -3185.516 cv-wall-02-2x2
1608 0 15 651 0 -1 0 1066.536 58.021 -3190.443 1065.578 56.656 -3190.782 1067.968 58.766 -3190.219 cv-wall-02-2x2
1609 0 15 652 0 -1 0 1072.323 55.323 -3195.302 1070.562 54.656 -3195.516 1073.594 56.656 -3194.891 cv-wall-02-2x2
1610 0 15 653 0 -1 0 1062.276 53.281 -3185.021 1060.984 53.015 -3185.844 1063.015 53.515 -3184.125 cv-wall-02-2x2
1611 0 15 654 0 -1 0 1065.192 59.140 -3186.339 1063.984 58.984 -3187.828 1066.250 59.406 -3185.469 cv-wall-02-2x2
1612 0 15 655 0 -1 0 1072.193 36.338 -3227.099 1069.937 33.828 -3227.891 1073.672 37.953 -3226.656 cv-wall-02-2x2
1613 0 15 657 0 -1 0 1008.989 75.192 -3145.157 1007.719 74.328 -3146.094 1010.172 75.906 -3144.672 cv-wall-02-2x2
1614 0 15 658 0 -1 0 1009.510 74.416 -3155.084 1008.172 73.625 -3156.609 1010.875 75.250 -3154.141 cv-wall-02-2x2
1615 0 15 659 0 -1 0 997.021 62.208 -3155.026 996.203 61.188 -3155.735 997.906 63.094 -3153.641 cv-wall-02-2x2
1616 0 15 660 0 -1 0 1002.245 37.932 -3174.459 1000.656 37.015 -3174.922 1003.437 39.515 -3173.907 cv-wall-02-2x2
1617 0 15 661 0 -1 0 1002.583 51.114 -3173.662 1002.031 50.203 -3174.438 1003.265 51.703 -3172.329 cv-wall-02-2x2
1618 0 15 662 0 -1 0 999.208 63.755 -3174.422 998.390 62.906 -3175.063 999.781 64.796 -3173.266 cv-wall-02-2x2
1619 0 15 663 0 -1 0 994.854 65.338 -3179.318 994.687 64.187 -3179.828 995.140 66.141 -3178.329 cv-wall-02-2x2
1620 0 15 664 0 -1 0 1004.724 65.677 -3198.474 1003.203 64.515 -3198.610 1005.500 66.453 -3198.406 cv-wall-02-2x2
1621 0 15 665 0 -1 0 986.239 53.979 -3203.641 985.500 52.656 -3203.844 987.671 54.640 -3203.532 cv-wall-02-2x2
1622 0 15 666 0 -1 0 980.817 47.292 -3195.131 980.156 47.016 -3196.485 981.906 47.719 -3193.516 cv-wall-02-2x2
1623 0 15 667 0 -1 0 986.416 47.588 -3200.135 984.875 47.343 -3200.703 987.640 47.844 -3199.157 cv-wall-02-2x2
1624 0 15 668 0 -1 0 992.859 47.281 -3198.354 992.062 47.094 -3199.469 993.828 47.499 -3197.657 cv-wall-02-2x2
1625 0 15 669 0 -1 0 1028.166 29.541 -3155.302 1027.937 28.172 -3156.531 1028.609 30.375 -3154.313 cv-wall-02-2x2
1626 0 15 670 0 -1 0 1074.031 10.901 -3220.339 1073.609 9.953 -3221.469 1074.406 12.374 -3218.656 cv-wall-02-2x2
1627 0 15 671 0 -1 0 1071.745 12.281 -3222.943 1070.531 11.171 -3223.391 1073.093 13.437 -3222.328 cv-wall-02-2x2
1628 0 15 672 0 -1 0 1238.396 29.328 -2902.990 1238.062 28.265 -2904.312 1238.765 31.062 -2902.266 cv-wall-02-2x2
1629 0 15 674 0 -1 0 1242.041 22.015 -2924.021 1241.359 21.312 -2925.672 1242.765 23.062 -2922.547 cv-wall-02-2x2
1630 0 15 676 0 -1 0 1135.505 41.953 -3038.829 1134.953 40.656 -3040.110 1135.781 42.656 -3038.188 cv-wall-02-2x2
1631 0 15 678 0 -1 0 1137.375 31.000 -3052.651 1135.844 30.781 -3053.282 1138.250 31.297 -3051.672 cv-wall-02-2x2
1632 0 15 679 0 -1 0 1137.666 47.302 -3053.339 1137.093 46.656 -3054.094 1138.406 48.593 -3052.016 cv-wall-02-2x2
1633 0 15 680 0 -1 0 1139.505 49.625 -3050.849 1138.687 48.593 -3052.188 1139.921 50.141 -3050.172 cv-wall-02-2x2
1634 0 15 681 0 -1 0 1143.171 50.416 -3038.266 1141.515 49.390 -3038.266 1144.765 51.046 -3038.266 cv-wall-02-2x2
1635 0 15 682 0 -1 0 1139.599 47.474 -3038.214 1137.672 46.656 -3038.266 1142.422 48.593 -3038.188 cv-wall-02-2x2
1636 0 15 684 0 -1 0 1146.786 46.781 -3046.547 1146.219 45.578 -3047.922 1147.734 47.406 -3045.688 cv-wall-02-2x2
1637 0 15 685 0 -1 0 1150.114 48.448 -3050.912 1148.016 47.859 -3052.313 1153.156 49.000 -3049.969 cv-wall-02-2x2
1638 0 15 686 0 -1 0 1156.968 49.291 -3053.204 1154.546 49.140 -3053.750 1158.718 49.406 -3052.204 cv-wall-02-2x2
1639 0 15 687 0 -1 0 1154.838 39.286 -3040.313 1154.297 38.640 -3040.672 1155.843 40.562 -3040.000 cv-wall-02-2x2
1640 0 15 689 0 -1 0 1152.682 39.364 -3038.276 1150.796 38.656 -3038.453 1153.672 40.593 -3038.188 cv-wall-02-2x2
1641 0 15 690 0 -1 0 1122.078 43.453 -3066.261 1121.125 43.031 -3067.766 1123.500 43.703 -3064.719 cv-wall-02-2x2
1642 0 15 691 0 -1 0 1120.989 38.911 -3073.422 1119.688 38.234 -3074.438 1121.937 39.734 -3072.703 cv-wall-02-2x2
1643 0 15 692 0 -1 0 1173.474 34.088 -3074.552 1172.984 32.891 -3075.735 1173.765 34.703 -3073.953 cv-wall-02-2x2
1644 0 15 693 0 -1 0 1170.635 31.260 -3073.105 1169.765 31.094 -3074.157 1171.921 31.359 -3072.110 cv-wall-02-2x2
1645 0 15 694 0 -1 0 1144.375 44.614 -3117.167 1143.234 44.437 -3117.891 1145.562 44.968 -3116.032 cv-wall-02-2x2
1646 0 15 695 0 -1 0 1126.542 46.354 -3120.943 1125.750 45.828 -3121.594 1127.375 47.219 -3119.688 cv-wall-02-2x2
1647 0 15 696 0 -1 0 1132.296 43.099 -3118.448 1131.453 42.624 -3119.454 1133.828 43.562 -3117.828 cv-wall-02-2x2
1648 0 15 700 0 -1 0 1011.453 75.791 -2997.709 1010.062 72.640 -2997.922 1012.187 78.391 -2997.328 cv-wall-02-2x2
1649 0 15 701 0 -1 0 1013.760 49.500 -3060.657 1013.234 48.578 -3061.532 1014.500 49.984 -3059.485 cv-wall-02-2x2
1650 0 15 702 0 -1 0 1017.192 50.630 -3060.422 1015.797 50.578 -3061.469 1018.500 50.656 -3059.563 cv-wall-02-2x2
1651 0 15 703 0 -1 0 1015.687 38.484 -3063.302 1015.328 37.656 -3064.047 1016.234 40.140 -3062.282 cv-wall-02-2x2
1652 0 15 704 0 -1 0 1021.885 38.484 -3067.120 1020.843 37.656 -3067.359 1023.250 40.140 -3066.891 cv-wall-02-2x2
1653 0 15 705 0 -1 0 990.781 68.146 -3027.724 990.625 65.984 -3028.907 991.000 69.344 -3027.110 cv-wall-02-2x2
1654 0 15 706 0 -1 0 988.031 68.422 -3013.521 987.969 65.516 -3014.188 988.062 70.812 -3012.188 cv-wall-02-2x2
1655 0 15 710 0 -1 0 1021.349 41.552 -3082.724 1020.000 41.328 -3083.844 1022.281 41.968 -3081.860 cv-wall-02-2x2
1656 0 15 711 0 -1 0 1022.385 38.281 -3081.266 1022.125 37.656 -3081.875 1022.562 39.531 -3080.047 cv-wall-02-2x2
1657 0 15 714 0 -1 0 1029.921 43.203 -3055.271 1029.703 42.484 -3056.469 1030.203 44.641 -3054.672 cv-wall-02-2x2
1658 0 15 715 0 -1 0 1031.698 52.932 -3068.370 1030.734 52.374 -3069.360 1032.718 53.703 -3066.532 cv-wall-02-2x2
1659 0 15 716 0 -1 0 1029.057 51.812 -3073.693 1027.625 51.578 -3074.344 1029.953 52.234 -3072.579 cv-wall-02-2x2
1660 0 15 717 0 -1 0 1037.067 19.052 -3144.625 1035.812 18.672 -3145.328 1037.797 19.718 -3143.578 cv-wall-02-2x2
1661 0 15 718 0 -1 0 1085.781 102.286 -3141.401 1082.343 100.781 -3145.250 1087.922 104.344 -3138.891 cv-wall-02-2x2
1662 0 15 719 0 -1 0 1137.302 36.031 -3168.339 1136.250 35.218 -3169.172 1138.390 36.984 -3167.734 cv-wall-02-2x2
1663 0 15 720 0 -1 0 1137.698 43.656 -3198.401 1136.265 43.484 -3199.610 1138.937 43.875 -3197.485 cv-wall-02-2x2
1664 0 15 721 0 -1 0 1097.458 30.416 -3174.740 1096.156 29.937 -3175.719 1098.437 30.656 -3174.001 cv-wall-02-2x2
1665 0 15 722 0 -1 0 1087.651 34.703 -3187.058 1086.859 34.078 -3187.704 1089.078 35.469 -3186.547 cv-wall-02-2x2
1666 0 15 723 0 -1 0 1082.458 37.328 -3178.813 1081.687 36.765 -3179.766 1083.640 38.062 -3178.188 cv-wall-02-2x2
1667 0 15 724 0 -1 0 1030.010 31.453 -3186.938 1029.844 30.656 -3188.204 1030.125 33.047 -3186.297 cv-wall-02-2x2
1668 0 15 725 0 -1 0 1036.250 31.156 -3195.938 1035.234 30.984 -3196.516 1037.140 31.281 -3194.782 cv-wall-02-2x2
1669 0 15 726 0 -1 0 1025.771 49.406 -3196.646 1025.078 48.562 -3197.297 1026.844 50.015 -3195.938 cv-wall-02-2x2
1670 0 15 727 0 -1 0 1012.281 61.791 -3197.120 1011.265 60.609 -3197.282 1013.187 62.469 -3197.000 cv-wall-02-2x2
1671 0 15 728 0 -1 0 1012.697 47.307 -3197.068 1011.359 46.609 -3197.234 1013.390 48.656 -3196.985 cv-wall-02-2x2
1672 0 15 729 0 -1 0 1012.625 36.343 -3197.115 1011.281 35.656 -3197.282 1013.500 37.453 -3196.876 cv-wall-02-2x2
1673 0 15 731 0 -1 0 982.932 50.229 -3187.141 982.328 49.187 -3187.797 984.000 50.797 -3186.313 cv-wall-02-2x2
1674 0 15 732 0 -1 0 1053.500 10.869 -3175.177 1052.047 10.656 -3176.454 1055.000 11.297 -3174.282 cv-wall-02-2x2
1675 0 16 734 0 -1 0 1272.520 17.708 -2883.729 1271.109 16.531 -2884.344 1273.296 19.265 -2883.375 cv-wallbumps-all
1676 0 16 735 0 -1 0 1272.437 28.625 -2882.886 1271.968 27.031 -2883.188 1273.359 30.062 -2882.532 cv-wallbumps-all
1677 0 16 736 0 -1 0 1275.380 26.770 -2882.521 1273.812 26.093 -2883.172 1276.234 28.109 -2882.188 cv-wallbumps-all
1678 0 16 737 0 -1 0 1203.515 15.416 -2957.078 1202.328 14.750 -2957.610 1204.187 16.734 -2956.688 cv-wallbumps-all
1679 0 16 738 0 -1 0 1182.213 22.833 -3025.719 1181.250 22.687 -3026.329 1183.797 23.000 -3024.516 cv-wallbumps-all
1680 0 16 739 0 -1 0 1164.823 26.526 -3011.282 1163.328 26.140 -3012.407 1165.640 26.859 -3010.329 cv-wallbumps-all
1681 0 16 740 0 -1 0 1157.192 22.083 -3010.000 1156.234 20.750 -3010.235 1157.671 22.750 -3009.532 cv-wallbumps-all
1682 0 16 741 0 -1 0 1009.901 55.088 -2966.438 1009.265 54.218 -2966.704 1011.171 56.812 -2966.016 cv-wallbumps-all
1683 0 16 742 0 -1 0 1016.417 62.380 -2972.974 1015.719 61.156 -2973.312 1017.656 64.500 -2972.594 cv-wallbumps-all
1684 0 16 743 0 -1 0 1040.271 49.437 -3033.755 1039.562 48.671 -3034.532 1040.969 50.546 -3032.781 cv-wallbumps-all
1685 0 16 744 0 -1 0 1042.520 51.854 -3029.542 1042.468 50.219 -3030.672 1042.593 52.687 -3028.891 cv-wallbumps-all
1686 0 16 702 0 -1 0 1016.281 50.614 -3059.047 1015.766 50.578 -3060.235 1017.281 50.656 -3057.344 cv-wallbumps-all
1687 0 16 745 0 -1 0 1024.703 52.203 -3051.292 1023.453 52.109 -3052.609 1025.390 52.328 -3050.625 cv-wallbumps-all
1688 0 16 746 0 -1 0 1014.823 50.281 -3053.959 1014.078 50.015 -3054.938 1016.250 50.656 -3052.438 cv-wallbumps-all
1689 0 16 747 0 -1 0 1017.781 54.270 -3040.375 1016.750 53.406 -3040.828 1019.437 55.547 -3039.891 cv-wallbumps-all
1690 0 16 748 0 -1 0 1020.125 57.354 -3040.636 1018.515 56.266 -3040.953 1021.156 58.015 -3040.125 cv-wallbumps-all
1691 0 16 239 0 -1 0 1023.318 60.380 -3034.917 1021.969 60.047 -3036.313 1024.000 60.641 -3034.203 cv-wallbumps-all
1692 0 16 749 0 -1 0 1027.609 58.447 -3039.120 1026.078 58.078 -3040.532 1028.453 59.093 -3038.297 cv-wallbumps-all
1693 0 16 750 0 -1 0 997.739 72.646 -2972.256 997.390 70.594 -2972.891 997.984 74.281 -2971.906 cv-wallbumps-all
1694 0 16 751 0 -1 0 996.099 61.468 -2973.813 995.718 59.984 -2974.453 996.390 64.000 -2972.719 cv-wallbumps-all
1695 0 16 752 0 -1 0 939.687 120.687 -2973.865 939.015 119.968 -2974.032 940.875 122.062 -2973.719 cv-wallbumps-all
1696 0 16 429 0 -1 0 944.343 112.375 -2950.870 944.093 111.641 -2951.563 944.624 113.718 -2949.719 cv-wallbumps-all
1697 0 16 753 0 -1 0 931.479 120.395 -2938.120 930.859 118.969 -2939.438 932.328 121.437 -2937.047 cv-wallbumps-all
1698 0 16 278 0 -1 0 939.281 119.416 -2946.802 938.187 117.984 -2947.110 940.859 120.203 -2946.516 cv-wallbumps-all
1699 0 16 585 0 -1 0 942.948 87.083 -2948.938 942.828 85.734 -2949.766 943.141 87.766 -2947.704 cv-wallbumps-all
1700 0 16 756 0 -1 0 947.307 82.833 -2953.823 945.859 81.578 -2954.516 948.312 83.593 -2952.485 cv-wallbumps-all
1701 0 16 598 0 -1 0 933.489 63.166 -2968.807 932.125 62.093 -2969.063 934.187 63.734 -2968.501 cv-wallbumps-all
1702 0 16 757 0 -1 0 931.645 56.937 -2970.037 930.953 55.719 -2970.891 932.547 57.890 -2969.297 cv-wallbumps-all
1703 0 16 758 0 -1 0 937.265 45.469 -3015.303 936.671 44.828 -3016.297 937.594 46.703 -3014.782 cv-wallbumps-all
1704 0 16 759 0 -1 0 936.062 47.995 -3017.261 935.750 46.672 -3017.751 936.687 48.656 -3016.282 cv-wallbumps-all
1705 0 16 74 0 -1 0 934.708 21.088 -3019.115 934.078 20.156 -3019.485 935.922 22.922 -3018.922 cv-wallbumps-all
1706 0 16 760 0 -1 0 1014.244 52.838 -3091.474 1014.093 52.094 -3092.453 1014.390 53.844 -3089.860 cv-wallbumps-all
1707 0 16 761 0 -1 0 1013.041 77.594 -3151.662 1012.328 76.328 -3152.672 1013.781 78.249 -3151.141 cv-wallbumps-all
1708 0 16 666 0 -1 0 979.854 47.917 -3195.433 979.015 47.141 -3196.485 980.390 48.891 -3193.516 cv-wallbumps-all
1709 0 16 762 0 -1 0 988.796 55.307 -3203.584 987.671 54.640 -3203.844 989.359 56.624 -3203.359 cv-wallbumps-all
1710 0 16 763 0 -1 0 992.140 40.395 -3183.516 991.406 39.937 -3185.001 993.093 41.156 -3182.751 cv-wallbumps-all
1711 0 16 764 0 -1 0 1306.520 21.609 -2871.307 1305.921 20.296 -2871.376 1307.687 22.281 -2871.188 cv-wallbumps-all
1712 0 16 765 0 -1 0 1264.536 37.203 -2930.584 1263.234 34.750 -2931.422 1265.968 38.609 -2929.453 cv-wallbumps-all
1713 0 16 108 0 -1 0 1264.864 23.682 -2931.104 1264.140 21.703 -2932.126 1265.812 24.687 -2930.344 cv-wallbumps-all
1714 0 16 766 0 -1 0 1250.088 21.547 -2969.162 1249.437 20.265 -2969.969 1250.468 22.297 -2967.750 cv-wallbumps-all
1715 0 16 767 0 -1 0 1247.286 15.875 -2964.469 1246.531 14.874 -2965.156 1248.515 16.828 -2963.953 cv-wallbumps-all
1716 0 16 768 0 -1 0 1231.979 11.755 -2931.959 1231.328 10.906 -2933.063 1233.015 12.781 -2931.141 cv-wallbumps-all
1717 0 16 137 0 -1 0 1226.312 16.088 -2933.938 1225.937 15.250 -2934.594 1226.765 17.296 -2933.156 cv-wallbumps-all
1718 0 16 128 0 -1 0 1239.198 19.380 -2926.651 1238.516 18.750 -2927.500 1239.984 20.641 -2925.891 cv-wallbumps-all
1719 0 16 386 0 -1 0 1255.375 23.208 -2919.323 1255.250 22.453 -2920.781 1255.531 24.703 -2918.547 cv-wallbumps-all
1720 0 16 771 0 -1 0 1218.708 19.687 -2970.891 1217.687 19.046 -2971.813 1219.781 20.890 -2970.407 cv-wallbumps-all
1721 0 16 772 0 -1 0 1221.109 15.750 -2968.792 1220.906 14.906 -2969.500 1221.437 17.062 -2967.625 cv-wallbumps-all
1722 0 16 773 0 -1 0 1169.109 23.859 -2968.433 1168.812 23.219 -2969.282 1169.484 25.062 -2967.047 cv-wallbumps-all
1723 0 16 774 0 -1 0 1170.776 19.573 -2962.578 1170.015 18.844 -2963.001 1172.218 20.984 -2962.109 cv-wallbumps-all
1724 0 16 775 0 -1 0 1246.995 16.713 -2974.807 1245.844 16.312 -2975.860 1248.015 17.515 -2973.985 cv-wallbumps-all
1725 0 16 776 0 -1 0 1208.911 29.765 -2993.578 1208.656 28.296 -2994.266 1209.390 30.531 -2992.312 cv-wallbumps-all
1726 0 16 777 0 -1 0 1212.849 19.713 -2990.240 1212.312 18.781 -2990.922 1213.781 20.781 -2989.579 cv-wallbumps-all
1727 0 16 779 0 -1 0 1178.323 30.031 -2969.547 1177.672 28.875 -2969.875 1179.562 30.656 -2969.079 cv-wallbumps-all
1728 0 16 156 0 -1 0 1182.041 26.682 -2967.714 1181.297 25.687 -2968.297 1182.843 27.640 -2966.751 cv-wallbumps-all
1729 0 16 168 0 -1 0 1189.156 32.624 -3017.303 1188.500 32.156 -3018.563 1190.390 32.937 -3016.532 cv-wallbumps-all
1730 0 16 681 0 -1 0 1142.760 51.124 -3038.933 1141.515 50.812 -3040.266 1143.531 51.515 -3038.266 cv-wallbumps-all
1731 0 16 781 0 -1 0 1140.406 50.453 -3053.511 1139.828 50.141 -3054.188 1141.484 51.078 -3052.188 cv-wallbumps-all
1732 0 16 689 0 -1 0 1152.713 38.052 -3038.276 1150.796 36.656 -3038.453 1153.672 38.843 -3038.188 cv-wallbumps-all
1733 0 16 522 0 -1 0 1149.312 35.609 -3037.922 1148.140 34.703 -3038.422 1151.172 36.984 -3037.641 cv-wallbumps-all
1734 0 16 782 0 -1 0 1145.453 46.734 -3038.240 1142.422 45.672 -3038.266 1147.687 47.359 -3038.188 cv-wallbumps-all
1735 0 16 783 0 -1 0 1142.713 44.062 -3038.078 1140.765 43.484 -3038.297 1145.171 44.968 -3037.938 cv-wallbumps-all
1736 0 16 784 0 -1 0 1162.619 35.745 -3061.594 1162.046 35.078 -3062.250 1162.922 36.765 -3060.329 cv-wallbumps-all
1737 0 16 785 0 -1 0 1162.932 43.317 -3050.209 1162.562 42.640 -3051.547 1163.671 44.656 -3049.469 cv-wallbumps-all
1738 0 16 786 0 -1 0 1138.922 50.255 -3062.646 1137.890 49.406 -3063.828 1140.641 51.812 -3061.953 cv-wallbumps-all
1739 0 16 787 0 -1 0 1156.192 53.948 -3069.334 1155.843 52.531 -3070.188 1156.781 54.656 -3068.188 cv-wallbumps-all
1740 0 16 788 0 -1 0 1148.395 49.489 -3055.099 1146.312 49.093 -3056.501 1150.218 50.265 -3054.360 cv-wallbumps-all
1741 0 16 203 0 -1 0 1152.151 22.588 -3058.730 1151.593 21.109 -3060.266 1152.953 23.375 -3057.829 cv-wallbumps-all
1742 0 16 542 0 -1 0 1151.531 26.229 -3063.500 1150.594 25.109 -3065.016 1152.796 26.844 -3062.610 cv-wallbumps-all
1743 0 16 790 0 -1 0 1101.943 66.979 -3071.495 1101.219 65.999 -3072.735 1102.796 68.250 -3070.813 cv-wallbumps-all
1744 0 16 791 0 -1 0 1145.473 39.312 -3106.334 1144.859 38.578 -3106.532 1146.546 40.687 -3106.172 cv-wallbumps-all
1745 0 16 793 0 -1 0 1137.349 20.317 -3108.865 1136.406 19.484 -3109.188 1138.484 21.172 -3108.563 cv-wallbumps-all
1746 0 16 794 0 -1 0 1089.208 24.640 -3079.594 1088.593 23.547 -3080.485 1089.859 25.187 -3079.141 cv-wallbumps-all
1747 0 16 795 0 -1 0 1008.724 80.891 -2997.995 1008.046 78.391 -2998.235 1010.062 84.016 -2997.875 cv-wallbumps-all
1748 0 16 234 0 -1 0 1017.041 73.583 -3008.974 1015.937 72.422 -3009.313 1018.593 75.875 -3008.625 cv-wallbumps-all
1749 0 16 796 0 -1 0 1080.245 56.666 -3062.183 1079.515 55.797 -3063.047 1080.969 57.359 -3060.954 cv-wallbumps-all
1750 0 16 447 0 -1 0 1047.833 63.359 -3064.636 1047.719 62.687 -3065.266 1048.062 64.656 -3063.376 cv-wallbumps-all
1751 0 16 799 0 -1 0 1057.443 62.010 -3063.594 1056.250 60.656 -3063.734 1058.219 62.750 -3063.469 cv-wallbumps-all
1752 0 16 800 0 -1 0 963.062 51.713 -2945.261 962.094 51.093 -2946.188 963.890 52.187 -2943.594 cv-wallbumps-all
1753 0 16 802 0 -1 0 964.401 51.932 -2947.469 963.890 51.484 -2948.438 965.406 52.453 -2946.188 cv-wallbumps-all
1754 0 16 803 0 -1 0 988.088 75.406 -3006.854 988.062 74.156 -3008.188 988.140 77.359 -3006.188 cv-wallbumps-all
1755 0 16 566 0 -1 0 989.343 78.599 -2999.000 988.781 76.531 -2999.188 990.187 80.250 -2998.907 cv-wallbumps-all
1756 0 16 420 0 -1 0 995.297 77.921 -2998.120 993.937 75.453 -2998.250 996.047 81.421 -2998.032 cv-wallbumps-all
1757 0 16 804 0 -1 0 1007.432 82.937 -2989.641 1006.078 80.796 -2989.985 1008.109 84.500 -2989.376 cv-wallbumps-all
1758 0 16 567 0 -1 0 1004.729 75.802 -2996.532 1004.062 74.203 -2997.188 1006.062 78.422 -2996.157 cv-wallbumps-all
1759 0 16 805 0 -1 0 991.302 73.968 -3027.646 990.734 72.671 -3028.782 991.688 75.093 -3027.016 cv-wallbumps-all
1760 0 16 806 0 -1 0 987.422 61.896 -3019.011 987.140 60.703 -3020.438 987.843 63.953 -3018.297 cv-wallbumps-all
1761 0 16 570 0 -1 0 988.250 72.781 -3019.000 988.000 70.969 -3020.578 988.578 74.046 -3018.141 cv-wallbumps-all
1762 0 16 807 0 -1 0 986.667 42.317 -3037.261 986.062 41.640 -3038.344 987.218 43.656 -3036.703 cv-wallbumps-all
1763 0 16 808 0 -1 0 943.411 103.088 -2911.313 942.672 102.109 -2912.735 944.312 104.906 -2910.047 cv-wallbumps-all
1764 0 16 809 0 -1 0 940.489 106.864 -2917.219 939.984 105.484 -2918.079 940.875 107.625 -2915.813 cv-wallbumps-all
1765 0 16 810 0 -1 0 950.000 104.218 -2955.079 949.031 103.546 -2957.454 951.234 105.531 -2953.657 cv-wallbumps-all
1766 0 16 811 0 -1 0 950.776 106.937 -2965.875 950.500 105.656 -2966.782 951.265 107.609 -2964.141 cv-wallbumps-all
1767 0 16 438 0 -1 0 944.760 107.953 -2968.782 943.265 107.187 -2969.391 947.500 109.344 -2968.156 cv-wallbumps-all
1768 0 16 812 0 -1 0 947.015 110.828 -2966.479 945.265 109.406 -2967.313 948.890 111.594 -2965.781 cv-wallbumps-all
1769 0 16 813 0 -1 0 954.677 83.166 -2914.735 953.890 81.703 -2916.422 955.312 84.078 -2913.829 cv-wallbumps-all
1770 0 16 814 0 -1 0 949.781 80.114 -2920.547 949.046 79.343 -2921.516 951.219 81.625 -2919.235 cv-wallbumps-all
1771 0 16 815 0 -1 0 952.906 45.369 -2949.683 952.078 44.578 -2950.110 954.484 46.718 -2949.407 cv-wallbumps-all
1772 0 16 816 0 -1 0 944.770 48.458 -2953.558 944.062 47.703 -2954.407 946.187 49.312 -2952.907 cv-wallbumps-all
1773 0 16 436 0 -1 0 955.567 51.125 -2951.219 954.203 50.250 -2951.703 956.296 51.890 -2950.484 cv-wallbumps-all
1774 0 16 817 0 -1 0 957.302 48.749 -2962.094 956.515 47.859 -2962.422 958.578 49.765 -2961.484 cv-wallbumps-all
1775 0 16 298 0 -1 0 941.458 58.255 -3013.214 940.765 57.047 -3013.985 942.265 59.375 -3012.563 cv-wallbumps-all
1776 0 16 818 0 -1 0 947.286 58.010 -3022.084 946.172 57.015 -3022.719 948.218 59.218 -3021.501 cv-wallbumps-all
1777 0 16 819 0 -1 0 951.593 65.828 -3009.558 951.375 64.453 -3010.219 951.968 66.531 -3008.266 cv-wallbumps-all
1778 0 16 820 0 -1 0 953.093 57.573 -3007.204 952.531 56.765 -3008.141 953.375 59.187 -3006.704 cv-wallbumps-all
1779 0 16 821 0 -1 0 960.880 55.495 -2997.250 960.000 55.312 -2998.375 962.343 55.719 -2995.641 cv-wallbumps-all
1780 0 16 822 0 -1 0 944.422 49.510 -2989.219 944.109 48.671 -2990.047 944.828 50.812 -2987.953 cv-wallbumps-all
1781 0 16 823 0 -1 0 953.348 54.354 -2988.990 952.297 52.968 -2989.125 953.952 55.281 -2988.797 cv-wallbumps-all
1782 0 16 824 0 -1 0 916.651 32.916 -3041.240 916.078 31.578 -3042.219 917.093 33.640 -3040.625 cv-wallbumps-all
1783 0 16 618 0 -1 0 920.442 30.297 -3045.521 918.828 29.609 -3045.641 921.343 31.625 -3045.344 cv-wallbumps-all
1784 0 16 715 0 -1 0 1032.771 52.687 -3067.751 1031.640 51.984 -3069.219 1033.953 53.703 -3066.532 cv-wallbumps-all
1785 0 16 826 0 -1 0 1156.963 59.312 -3141.433 1156.500 58.656 -3142.001 1157.859 60.625 -3140.578 cv-wallbumps-all
1786 0 16 827 0 -1 0 1099.531 67.505 -3186.240 1098.437 66.656 -3186.672 1100.172 68.672 -3186.016 cv-wallbumps-all
1787 0 16 828 0 -1 0 1139.828 50.078 -3201.808 1138.250 48.703 -3201.922 1140.641 50.859 -3201.751 cv-wallbumps-all
1788 0 16 647 0 -1 0 1128.052 35.562 -3194.948 1126.921 34.624 -3196.313 1129.031 36.750 -3193.985 cv-wallbumps-all
1789 0 16 829 0 -1 0 1127.505 38.031 -3197.860 1126.672 36.781 -3198.453 1128.703 38.656 -3196.829 cv-wallbumps-all
1790 0 16 830 0 -1 0 1065.583 53.895 -3194.104 1065.062 52.531 -3194.376 1066.609 54.640 -3193.751 cv-wallbumps-all
1791 0 16 831 0 -1 0 1074.572 60.073 -3198.136 1074.031 59.156 -3198.657 1075.015 61.047 -3197.094 cv-wallbumps-all
1792 0 16 832 0 -1 0 1035.948 51.698 -3196.511 1034.875 50.844 -3196.797 1036.500 52.703 -3196.219 cv-wallbumps-all
1793 0 16 833 0 -1 0 1030.224 51.687 -3198.985 1029.344 51.391 -3200.219 1031.125 52.047 -3197.969 cv-wallbumps-all
1794 0 16 834 0 -1 0 1024.724 55.312 -3190.714 1023.328 54.640 -3191.235 1025.828 56.640 -3189.672 cv-wallbumps-all
1795 0 16 835 0 -1 0 1030.568 51.677 -3203.266 1029.656 51.218 -3204.032 1031.688 51.922 -3202.109 cv-wallbumps-all
1796 0 16 836 0 -1 0 1006.755 60.005 -3159.401 1006.125 59.297 -3159.734 1007.922 61.203 -3158.782 cv-wallbumps-all
1797 0 16 837 0 -1 0 1009.286 54.484 -3167.448 1008.422 53.375 -3168.032 1010.141 55.531 -3166.453 cv-wallbumps-all
1798 0 16 838 0 -1 0 997.614 60.427 -3174.782 997.437 59.140 -3175.407 997.718 61.093 -3173.657 cv-wallbumps-all
1799 0 16 839 0 -1 0 1003.052 55.323 -3169.370 1001.874 54.625 -3169.422 1003.875 56.671 -3169.266 cv-wallbumps-all
1800 0 16 361 0 -1 0 1028.521 69.989 -3192.964 1027.171 68.656 -3193.313 1029.203 70.656 -3192.282 cv-wallbumps-all
1801 0 16 840 0 -1 0 1280.130 30.791 -2879.766 1278.453 30.125 -2880.859 1281.062 32.124 -2879.203 cv-wallbumps-all
1802 0 16 104 0 -1 0 1248.630 33.020 -2847.688 1247.984 31.703 -2848.407 1249.640 33.812 -2846.250 cv-wallbumps-all
1803 0 16 841 0 -1 0 1249.729 30.786 -2844.714 1249.047 30.000 -2846.235 1250.187 32.172 -2843.953 cv-wallbumps-all
1804 0 16 118 0 -1 0 1241.442 28.161 -2855.641 1240.906 26.828 -2856.344 1242.484 28.968 -2854.250 cv-wallbumps-all
1805 0 16 842 0 -1 0 1243.599 25.995 -2852.933 1242.437 25.203 -2854.282 1244.187 27.344 -2852.251 cv-wallbumps-all
1806 0 16 843 0 -1 0 1272.333 24.489 -2914.907 1271.797 23.766 -2915.969 1273.093 25.109 -2914.219 cv-wallbumps-all
1807 0 16 844 0 -1 0 1235.896 34.333 -2894.855 1235.062 33.453 -2895.641 1236.781 35.765 -2893.922 cv-wallbumps-all
1808 0 16 845 0 -1 0 1162.052 27.026 -3042.875 1161.828 26.453 -3043.984 1162.484 28.047 -3042.063 cv-wallbumps-all
1809 0 16 846 0 -1 0 1161.521 23.708 -3049.011 1160.922 22.859 -3049.751 1162.328 25.343 -3048.016 cv-wallbumps-all
1810 0 16 526 0 -1 0 1162.166 26.364 -3047.104 1161.703 24.843 -3048.781 1162.453 27.375 -3046.126 cv-wallbumps-all
1811 0 16 847 0 -1 0 1157.885 26.797 -3051.964 1157.203 26.125 -3052.954 1159.000 27.328 -3051.453 cv-wallbumps-all
1812 0 16 848 0 -1 0 1127.646 31.229 -3042.714 1127.531 30.547 -3043.953 1127.797 32.515 -3042.047 cv-wallbumps-all
1813 0 16 849 0 -1 0 1129.963 27.312 -3038.641 1128.953 26.625 -3038.844 1131.547 28.656 -3038.266 cv-wallbumps-all
1814 0 16 850 0 -1 0 1088.708 64.864 -3069.782 1087.656 63.250 -3070.094 1089.687 66.031 -3069.532 cv-wallbumps-all
1815 0 16 851 0 -1 0 1090.343 66.521 -3069.933 1089.672 65.312 -3070.157 1091.671 68.203 -3069.719 cv-wallbumps-all
1816 0 16 852 0 -1 0 1093.005 69.948 -3070.177 1091.671 68.531 -3070.188 1093.671 70.656 -3070.157 cv-wallbumps-all
1817 0 16 853 0 -1 0 1087.333 54.739 -3061.094 1085.750 54.047 -3061.844 1088.187 56.031 -3060.547 cv-wallbumps-all
1818 0 16 401 0 -1 0 1134.172 43.302 -3057.636 1133.750 42.609 -3058.641 1134.578 44.641 -3057.047 cv-wallbumps-all
1819 0 16 854 0 -1 0 1137.354 45.984 -3046.980 1136.718 44.641 -3048.188 1137.672 46.656 -3046.282 cv-wallbumps-all
1820 0 16 211 0 -1 0 1120.270 59.328 -3081.698 1119.234 58.656 -3082.297 1120.937 60.672 -3080.969 cv-wallbumps-all
1821 0 16 855 0 -1 0 1118.224 61.302 -3081.448 1117.500 60.531 -3082.016 1119.359 61.734 -3080.625 cv-wallbumps-all
1822 0 16 856 0 -1 0 1108.442 45.901 -3078.875 1107.609 44.625 -3079.031 1110.047 46.625 -3078.782 cv-wallbumps-all
1823 0 16 857 0 -1 0 1112.937 43.755 -3079.938 1111.984 42.781 -3080.501 1113.734 44.765 -3079.297 cv-wallbumps-all
1824 0 16 553 0 -1 0 1107.984 35.322 -3074.620 1107.578 34.656 -3075.157 1108.625 36.656 -3073.547 cv-wallbumps-all
1825 0 16 858 0 -1 0 1140.416 47.370 -3117.766 1139.422 46.343 -3118.532 1141.250 48.906 -3116.297 cv-wallbumps-all
1826 0 16 859 0 -1 0 1153.296 33.989 -3137.469 1152.765 32.656 -3137.907 1154.187 34.656 -3136.781 cv-wallbumps-all
1827 0 16 860 0 -1 0 1164.843 22.015 -3142.162 1164.234 20.672 -3143.376 1165.234 22.703 -3141.532 cv-wallbumps-all
1828 0 16 861 0 -1 0 1163.296 19.406 -3144.594 1162.734 18.672 -3145.172 1164.390 20.828 -3143.485 cv-wallbumps-all
1829 0 16 862 0 -1 0 995.323 76.671 -2982.224 994.265 74.390 -2982.844 996.156 78.249 -2981.625 cv-wallbumps-all
1830 0 16 863 0 -1 0 941.838 74.062 -2967.016 941.562 72.953 -2969.016 941.984 75.984 -2965.579 cv-wallbumps-all
1831 0 16 864 0 -1 0 941.765 75.661 -2971.209 941.406 73.999 -2972.407 941.969 77.109 -2969.610 cv-wallbumps-all
1832 0 16 865 0 -1 0 944.828 77.541 -2964.901 943.844 76.203 -2965.703 945.484 78.344 -2964.391 cv-wallbumps-all
1833 0 16 866 0 -1 0 945.989 92.333 -2966.375 944.687 91.562 -2967.578 946.687 93.624 -2965.766 cv-wallbumps-all
1834 0 16 867 0 -1 0 939.479 61.364 -3033.219 938.219 61.203 -3033.844 940.125 61.515 -3032.078 cv-wallbumps-all
1835 0 16 868 0 -1 0 936.833 60.317 -3030.849 936.031 59.609 -3032.125 938.250 61.312 -3029.969 cv-wallbumps-all
1836 0 16 869 0 -1 0 932.416 57.572 -3029.094 931.422 56.515 -3029.907 933.797 58.953 -3027.735 cv-wallbumps-all
1837 0 16 870 0 -1 0 935.177 57.343 -3027.099 933.828 56.765 -3028.172 935.890 58.187 -3026.438 cv-wallbumps-all
1838 0 16 871 0 -1 0 1061.291 67.349 -3063.084 1059.921 66.656 -3063.251 1061.984 68.672 -3062.985 cv-wallbumps-all
1839 0 16 309 0 -1 0 1004.776 67.281 -3100.578 1004.359 66.578 -3101.797 1004.984 68.594 -3099.953 cv-wallbumps-all
1840 0 16 872 0 -1 0 1005.052 66.719 -3109.537 1004.468 65.625 -3110.204 1005.718 68.094 -3109.156 cv-wallbumps-all
1841 0 16 875 0 -1 0 1162.797 50.067 -3190.615 1162.156 48.671 -3192.125 1163.469 50.828 -3189.422 cv-wallbumps-all
1842 0 16 876 0 -1 0 1167.343 43.651 -3179.141 1166.672 42.984 -3180.657 1167.968 44.734 -3178.251 cv-wallbumps-all
1843 0 16 877 0 -1 0 1150.682 67.505 -3188.307 1149.156 66.797 -3188.969 1151.562 68.797 -3187.813 cv-wallbumps-all
1844 0 16 878 0 -1 0 1002.213 69.802 -3198.568 1001.234 68.094 -3198.594 1003.687 70.656 -3198.547 cv-wallbumps-all
1845 0 16 664 0 -1 0 1004.729 67.010 -3198.474 1003.203 66.062 -3198.610 1005.515 68.515 -3198.406 cv-wallbumps-all
1846 0 16 381 0 -1 0 1069.218 19.739 -3206.360 1067.390 18.844 -3206.594 1070.328 21.062 -3206.063 cv-wallbumps-all
1847 0 16 879 0 -1 0 1269.958 30.172 -2905.813 1268.875 28.656 -2905.985 1270.625 31.359 -2905.547 cv-wallbumps-all
1848 0 16 880 0 -1 0 1249.000 27.390 -2914.693 1248.015 26.750 -2915.125 1249.547 28.594 -2914.360 cv-wallbumps-all
1849 0 16 881 0 -1 0 1232.609 32.974 -2885.657 1231.766 32.344 -2886.844 1233.140 33.328 -2884.719 cv-wallbumps-all
1850 0 16 882 0 -1 0 1232.911 27.036 -2880.240 1232.453 26.562 -2880.907 1233.437 27.953 -2879.094 cv-wallbumps-all
1851 0 16 883 0 -1 0 1229.786 25.687 -2868.537 1228.578 24.734 -2868.641 1230.500 26.453 -2868.453 cv-wallbumps-all
1852 0 16 673 0 -1 0 1244.698 25.093 -2925.000 1243.828 23.750 -2925.672 1245.156 26.593 -2924.485 cv-wallbumps-all
1853 0 16 884 0 -1 0 1241.130 26.276 -2929.240 1240.171 24.969 -2929.641 1242.172 27.484 -2928.703 cv-wallbumps-all
1854 0 16 885 0 -1 0 1229.573 30.791 -2959.235 1228.812 29.172 -2959.407 1230.359 31.875 -2958.985 cv-wallbumps-all
1855 0 16 886 0 -1 0 1226.197 27.265 -2940.302 1225.625 26.187 -2941.625 1227.171 28.547 -2939.579 cv-wallbumps-all
1856 0 16 887 0 -1 0 1208.791 19.557 -2994.698 1208.500 18.781 -2995.844 1209.093 20.781 -2994.078 cv-wallbumps-all
1857 0 16 393 0 -1 0 1211.265 28.088 -3000.703 1209.781 26.875 -3001.484 1212.374 29.093 -3000.219 cv-wallbumps-all
1858 0 16 888 0 -1 0 1190.510 29.640 -2969.151 1189.328 28.484 -2969.829 1191.984 30.265 -2968.485 cv-wallbumps-all
1859 0 16 889 0 -1 0 1196.010 23.786 -2970.630 1194.875 23.078 -2972.141 1196.578 24.250 -2969.797 cv-wallbumps-all
1860 0 16 890 0 -1 0 1200.786 21.192 -2965.807 1199.750 20.078 -2966.250 1201.703 21.922 -2965.266 cv-wallbumps-all
1861 0 16 891 0 -1 0 1202.343 22.380 -2966.214 1201.656 21.578 -2966.797 1203.671 23.281 -2965.907 cv-wallbumps-all
1862 0 16 892 0 -1 0 1213.276 17.640 -2970.433 1212.218 16.328 -2970.688 1214.312 18.375 -2969.938 cv-wallbumps-all
1863 0 16 893 0 -1 0 1207.510 24.411 -3009.584 1206.953 23.141 -3010.297 1208.062 25.594 -3008.579 cv-wallbumps-all
1864 0 16 894 0 -1 0 1181.093 30.354 -3014.089 1180.531 29.031 -3015.235 1181.453 31.125 -3013.469 cv-wallbumps-all
1865 0 16 895 0 -1 0 1148.036 22.401 -2994.922 1147.046 21.797 -2995.844 1148.625 23.515 -2994.266 cv-wallbumps-all
1866 0 16 896 0 -1 0 1153.745 35.494 -2999.422 1153.203 34.656 -3000.844 1154.015 35.984 -2997.532 cv-wallbumps-all
1867 0 16 897 0 -1 0 1147.114 23.693 -3006.375 1146.390 22.906 -3006.469 1148.421 25.078 -3006.313 cv-wallbumps-all
1868 0 16 515 0 -1 0 1136.281 21.031 -3014.099 1135.390 19.344 -3015.719 1136.781 22.015 -3012.938 cv-wallbumps-all
1869 0 16 898 0 -1 0 1135.932 21.890 -3024.094 1135.546 20.687 -3025.907 1136.562 22.687 -3022.110 cv-wallbumps-all
1870 0 16 899 0 -1 0 1169.395 27.593 -3022.511 1168.046 27.375 -3024.016 1170.265 27.984 -3021.501 cv-wallbumps-all
1871 0 16 900 0 -1 0 1153.635 29.979 -3037.552 1153.562 28.656 -3038.188 1153.672 30.656 -3036.282 cv-wallbumps-all
1872 0 16 901 0 -1 0 1154.088 23.651 -3034.860 1153.750 23.094 -3036.110 1154.281 24.703 -3034.203 cv-wallbumps-all
1873 0 16 902 0 -1 0 1136.296 26.578 -3031.198 1135.125 25.812 -3032.282 1136.937 27.500 -3030.328 cv-wallbumps-all
1874 0 16 903 0 -1 0 1136.057 26.521 -3034.396 1135.125 25.281 -3035.141 1136.640 27.453 -3033.704 cv-wallbumps-all
1875 0 16 194 0 -1 0 1134.088 23.651 -3033.829 1133.500 22.906 -3034.344 1135.265 25.078 -3033.516 cv-wallbumps-all
1876 0 16 904 0 -1 0 1141.489 30.895 -3021.610 1140.437 30.047 -3022.250 1142.015 32.312 -3021.047 cv-wallbumps-all
1877 0 16 905 0 -1 0 1098.349 51.406 -3061.354 1097.687 50.593 -3061.672 1099.609 52.578 -3060.844 cv-wallbumps-all
1878 0 16 531 0 -1 0 1101.265 50.625 -3065.032 1101.015 49.984 -3065.813 1101.656 51.812 -3063.485 cv-wallbumps-all
1879 0 16 906 0 -1 0 1167.859 30.994 -3070.136 1167.328 30.687 -3070.844 1168.812 31.515 -3068.938 cv-wallbumps-all
1880 0 16 907 0 -1 0 1169.281 35.447 -3078.724 1168.687 34.797 -3078.953 1170.421 36.656 -3078.422 cv-wallbumps-all
1881 0 16 908 0 -1 0 1155.854 50.599 -3088.083 1155.531 49.812 -3088.703 1156.484 51.922 -3087.313 cv-wallbumps-all
1882 0 16 909 0 -1 0 1151.370 19.593 -3092.693 1150.781 18.765 -3093.610 1151.672 20.687 -3092.188 cv-wallbumps-all
1883 0 16 910 0 -1 0 1144.536 21.828 -3102.740 1144.203 20.687 -3103.282 1145.171 22.406 -3101.750 cv-wallbumps-all
1884 0 16 564 0 -1 0 1063.375 46.172 -3057.787 1062.718 45.515 -3058.500 1064.656 46.812 -3056.719 cv-wallbumps-all
1885 0 16 912 0 -1 0 1053.609 50.166 -3063.245 1053.344 48.969 -3063.782 1053.797 50.781 -3062.188 cv-wallbumps-all
1886 0 16 914 0 -1 0 987.442 49.323 -2972.000 987.297 48.656 -2972.735 987.625 50.656 -2970.688 cv-wallbumps-all
1887 0 16 915 0 -1 0 968.870 55.729 -2970.589 968.265 54.609 -2971.359 969.468 56.390 -2969.766 cv-wallbumps-all
1888 0 16 916 0 -1 0 968.729 49.286 -2976.615 968.187 48.624 -2976.969 969.812 50.593 -2975.938 cv-wallbumps-all
1889 0 16 917 0 -1 0 972.484 51.578 -2978.026 972.234 50.390 -2979.032 972.734 52.281 -2976.360 cv-wallbumps-all
1890 0 16 918 0 -1 0 955.265 57.536 -3020.615 954.562 56.765 -3021.438 955.922 58.953 -3019.657 cv-wallbumps-all
1891 0 16 919 0 -1 0 952.547 56.770 -3023.162 951.984 56.312 -3024.360 953.656 57.594 -3022.391 cv-wallbumps-all
1892 0 16 920 0 -1 0 948.120 59.958 -3033.063 946.562 59.500 -3033.813 949.219 60.390 -3031.672 cv-wallbumps-all
1893 0 16 921 0 -1 0 945.042 60.318 -3030.136 944.344 59.890 -3031.672 946.406 60.937 -3029.282 cv-wallbumps-all
1894 0 16 922 0 -1 0 1015.593 53.755 -3078.646 1014.906 52.547 -3079.203 1016.062 54.656 -3077.875 cv-wallbumps-all
1895 0 16 923 0 -1 0 1162.885 55.140 -3175.802 1162.375 54.218 -3176.625 1163.515 56.593 -3174.422 cv-wallbumps-all
1896 0 16 924 0 -1 0 1169.791 49.989 -3166.928 1169.562 48.656 -3168.110 1170.062 50.656 -3166.235 cv-wallbumps-all
1897 0 16 926 0 -1 0 1084.088 60.651 -3199.662 1083.437 59.234 -3201.110 1084.500 61.578 -3198.860 cv-wallbumps-all
1898 0 16 927 0 -1 0 1074.822 65.635 -3199.188 1074.421 64.937 -3200.360 1075.296 66.890 -3198.516 cv-wallbumps-all
1899 0 16 928 0 -1 0 1007.791 62.817 -3169.761 1006.484 61.984 -3170.594 1008.546 64.124 -3168.985 cv-wallbumps-all
1900 0 16 929 0 -1 0 1018.448 62.864 -3168.964 1017.375 62.265 -3169.453 1019.218 63.968 -3168.579 cv-wallbumps-all
1901 0 16 365 0 -1 0 1015.166 65.297 -3168.271 1014.328 64.219 -3168.891 1016.702 66.219 -3167.844 cv-wallbumps-all
1902 0 16 930 0 -1 0 990.140 58.984 -3182.381 989.515 58.109 -3183.344 990.453 60.374 -3181.813 cv-wallbumps-all
1903 0 17 945 0 -1 0 1049.974 82.630 -3131.209 1049.374 81.390 -3132.469 1050.421 83.562 -3129.594 cv-wall-stal-stripe-01
1904 0 17 946 0 -1 0 1044.229 80.671 -3128.323 1043.703 80.078 -3129.594 1045.109 81.312 -3127.578 cv-wall-stal-stripe-01
1905 0 17 972 0 -1 0 1070.281 71.802 -3163.766 1069.234 70.516 -3164.782 1071.937 73.203 -3162.282 cv-wall-stal-stripe-01
1906 0 17 992 0 -1 0 937.854 95.875 -2938.797 936.297 95.078 -2939.001 938.687 97.343 -2938.407 cv-wall-stal-stripe-01
1907 0 18 1042 0 -1 0 1269.797 11.422 -2896.922 1268.875 10.953 -2897.360 1270.890 12.047 -2896.219 cv-wall-stal-stripe-02
1908 0 18 1043 0 -1 0 1271.885 10.797 -2893.334 1270.672 10.375 -2893.922 1272.828 11.531 -2892.735 cv-wall-stal-stripe-02
1909 0 18 1044 0 -1 0 1272.635 19.099 -2894.229 1272.109 18.125 -2895.172 1272.937 19.625 -2893.312 cv-wall-stal-stripe-02
1910 0 18 1045 0 -1 0 1269.307 20.479 -2902.881 1268.703 19.031 -2903.454 1269.718 21.234 -2901.985 cv-wall-stal-stripe-02
1911 0 18 1046 0 -1 0 1273.640 19.604 -2905.021 1272.828 18.437 -2905.953 1274.375 20.390 -2904.078 cv-wall-stal-stripe-02
1912 0 18 131 0 -1 0 1253.041 11.333 -2916.261 1252.453 10.625 -2916.751 1254.093 12.750 -2915.281 cv-wall-stal-stripe-02
1913 0 18 1048 0 -1 0 1245.896 20.812 -2918.886 1245.031 19.734 -2919.734 1246.594 21.546 -2917.828 cv-wall-stal-stripe-02
1914 0 18 673 0 -1 0 1245.698 22.458 -2923.776 1245.109 20.406 -2924.485 1246.438 23.750 -2923.391 cv-wall-stal-stripe-02
1915 0 18 1049 0 -1 0 1261.286 39.968 -2925.188 1260.547 38.812 -2926.157 1261.812 40.781 -2924.188 cv-wall-stal-stripe-02
1916 0 18 1050 0 -1 0 1262.411 15.432 -2935.068 1261.844 14.750 -2935.329 1263.437 16.797 -2934.782 cv-wall-stal-stripe-02
1917 0 18 1051 0 -1 0 1263.031 15.703 -2939.292 1261.718 15.094 -2940.000 1263.890 16.843 -2938.907 cv-wall-stal-stripe-02
1918 0 18 1052 0 -1 0 1230.265 25.786 -2876.542 1229.375 24.640 -2876.985 1231.203 26.578 -2875.891 cv-wall-stal-stripe-02
1919 0 18 1054 0 -1 0 1234.015 28.125 -2894.453 1233.531 26.922 -2895.500 1234.875 29.266 -2893.641 cv-wall-stal-stripe-02
1920 0 18 1055 0 -1 0 1235.151 28.010 -2897.714 1233.859 26.859 -2898.219 1236.515 28.750 -2896.875 cv-wall-stal-stripe-02
1921 0 18 1056 0 -1 0 1238.234 28.640 -2897.177 1237.844 26.922 -2898.251 1238.578 29.672 -2896.250 cv-wall-stal-stripe-02
1922 0 18 1057 0 -1 0 1234.182 28.265 -2899.172 1233.484 27.437 -2900.157 1235.203 28.750 -2898.047 cv-wall-stal-stripe-02
1923 0 18 1058 0 -1 0 1235.156 27.312 -2901.860 1233.890 26.812 -2902.219 1236.390 27.828 -2901.188 cv-wall-stal-stripe-02
1924 0 18 1059 0 -1 0 1238.338 28.109 -2901.245 1237.734 26.859 -2902.266 1238.921 29.203 -2900.266 cv-wall-stal-stripe-02
1925 0 18 672 0 -1 0 1238.010 27.776 -2903.276 1237.609 26.406 -2904.312 1238.359 28.656 -2902.266 cv-wall-stal-stripe-02
1926 0 18 1060 0 -1 0 1232.099 17.052 -2893.656 1231.094 15.890 -2894.344 1233.093 18.375 -2893.078 cv-wall-stal-stripe-02
1927 0 18 1062 0 -1 0 1232.302 28.646 -2893.932 1231.047 26.859 -2894.328 1233.531 29.812 -2893.641 cv-wall-stal-stripe-02
1928 0 18 1063 0 -1 0 1227.760 19.015 -2939.375 1226.234 18.453 -2940.360 1228.703 19.718 -2938.360 cv-wall-stal-stripe-02
1929 0 18 1064 0 -1 0 1230.130 25.541 -2939.323 1229.219 23.734 -2940.204 1231.609 26.515 -2938.203 cv-wall-stal-stripe-02
1930 0 18 1065 0 -1 0 1231.380 26.109 -2942.360 1230.578 23.828 -2943.422 1232.484 27.359 -2941.407 cv-wall-stal-stripe-02
1931 0 18 1066 0 -1 0 1188.276 29.718 -2969.000 1187.296 28.437 -2969.610 1189.328 30.547 -2968.250 cv-wall-stal-stripe-02
1932 0 18 1067 0 -1 0 1205.130 15.541 -2986.406 1204.156 14.750 -2986.891 1206.156 16.593 -2986.125 cv-wall-stal-stripe-02
1933 0 18 1068 0 -1 0 1209.453 26.349 -2989.631 1208.843 25.093 -2990.562 1209.984 27.484 -2988.954 cv-wall-stal-stripe-02
1934 0 18 1070 0 -1 0 1161.859 26.224 -3010.297 1161.156 25.062 -3011.125 1162.375 27.109 -3009.532 cv-wall-stal-stripe-02
1935 0 18 1071 0 -1 0 1165.536 26.416 -3007.625 1164.890 25.156 -3008.344 1166.031 27.453 -3006.953 cv-wall-stal-stripe-02
1936 0 18 512 0 -1 0 1173.432 28.047 -3033.271 1172.719 26.953 -3034.188 1174.031 28.875 -3032.266 cv-wall-stal-stripe-02
1937 0 18 1072 0 -1 0 1169.349 41.422 -3071.823 1168.749 40.562 -3072.516 1170.172 41.937 -3070.844 cv-wall-stal-stripe-02
1938 0 18 1073 0 -1 0 1159.557 26.765 -3074.183 1158.718 25.968 -3074.922 1160.671 27.843 -3073.094 cv-wall-stal-stripe-02
1939 0 18 1074 0 -1 0 1154.739 40.875 -3041.620 1153.718 39.328 -3042.078 1155.765 41.984 -3041.235 cv-wall-stal-stripe-02
1940 0 18 1075 0 -1 0 1156.776 40.666 -3044.308 1155.765 39.265 -3044.719 1157.797 41.422 -3043.766 cv-wall-stal-stripe-02
1941 0 18 1076 0 -1 0 1153.906 41.135 -3043.756 1153.265 39.328 -3044.657 1154.734 42.093 -3042.954 cv-wall-stal-stripe-02
1942 0 18 1077 0 -1 0 1158.625 48.947 -3051.370 1157.640 48.218 -3052.204 1160.046 49.406 -3050.610 cv-wall-stal-stripe-02
1943 0 18 1078 0 -1 0 1154.218 19.385 -3043.089 1153.921 18.359 -3044.110 1154.624 20.812 -3042.094 cv-wall-stal-stripe-02
1944 0 18 528 0 -1 0 1156.854 19.344 -3045.880 1155.812 18.484 -3046.266 1157.828 20.781 -3045.312 cv-wall-stal-stripe-02
1945 0 18 1080 0 -1 0 1156.859 30.979 -3047.834 1155.890 29.281 -3048.282 1157.812 31.906 -3047.454 cv-wall-stal-stripe-02
1946 0 18 1081 0 -1 0 1152.182 45.557 -3057.261 1151.406 44.203 -3058.235 1152.984 46.453 -3056.328 cv-wall-stal-stripe-02
1947 0 18 1082 0 -1 0 1150.505 45.942 -3058.526 1149.718 44.531 -3059.297 1151.406 47.281 -3058.047 cv-wall-stal-stripe-02
1948 0 18 1084 0 -1 0 1153.833 35.614 -3048.740 1153.781 34.937 -3050.109 1153.859 36.687 -3047.844 cv-wall-stal-stripe-02
1949 0 18 1085 0 -1 0 1157.797 41.885 -3047.605 1156.031 40.656 -3047.844 1158.734 42.578 -3047.360 cv-wall-stal-stripe-02
1950 0 18 1086 0 -1 0 1157.838 36.890 -3051.365 1156.828 36.062 -3052.282 1158.390 38.093 -3050.594 cv-wall-stal-stripe-02
1951 0 18 1087 0 -1 0 1152.083 36.020 -3053.162 1151.515 34.968 -3054.126 1152.531 38.078 -3052.188 cv-wall-stal-stripe-02
1952 0 18 1088 0 -1 0 1153.354 41.651 -3063.167 1152.265 40.266 -3064.110 1154.015 42.468 -3062.204 cv-wall-stal-stripe-02
1953 0 18 1089 0 -1 0 1137.781 19.609 -3044.302 1137.234 18.797 -3045.485 1138.078 20.953 -3043.672 cv-wall-stal-stripe-02
1954 0 18 1090 0 -1 0 1134.156 45.062 -3064.105 1133.359 43.187 -3064.563 1135.343 46.484 -3063.454 cv-wall-stal-stripe-02
1955 0 18 1091 0 -1 0 1130.374 48.156 -3072.990 1130.109 46.297 -3073.641 1130.890 49.484 -3072.469 cv-wall-stal-stripe-02
1956 0 18 1092 0 -1 0 1082.197 45.692 -3063.261 1081.328 44.125 -3063.954 1082.828 46.531 -3062.844 cv-wall-stal-stripe-02
1957 0 18 1093 0 -1 0 1087.911 33.088 -3058.573 1087.390 31.875 -3059.328 1088.406 34.172 -3058.094 cv-wall-stal-stripe-02
1958 0 18 1096 0 -1 0 1142.557 40.114 -3093.381 1142.171 39.141 -3094.110 1142.953 41.422 -3092.485 cv-wall-stal-stripe-02
1959 0 18 1097 0 -1 0 1141.052 52.093 -3085.042 1140.172 49.312 -3086.110 1141.828 53.546 -3084.375 cv-wall-stal-stripe-02
1960 0 18 1098 0 -1 0 1149.385 49.265 -3088.943 1148.812 48.546 -3089.532 1150.390 49.796 -3087.969 cv-wall-stal-stripe-02
1961 0 18 1099 0 -1 0 1148.948 47.234 -3076.495 1148.390 46.500 -3077.391 1149.812 47.812 -3076.000 cv-wall-stal-stripe-02
1962 0 18 1101 0 -1 0 1101.620 54.343 -3075.635 1101.453 53.219 -3076.891 1101.844 55.016 -3074.344 cv-wall-stal-stripe-02
1963 0 18 1103 0 -1 0 1104.604 55.161 -3069.683 1103.688 54.281 -3069.969 1105.531 56.406 -3069.156 cv-wall-stal-stripe-02
1964 0 18 1104 0 -1 0 1119.906 46.510 -3080.245 1119.156 44.859 -3080.828 1120.468 48.031 -3079.766 cv-wall-stal-stripe-02
1965 0 18 1105 0 -1 0 1122.219 46.864 -3079.297 1121.672 44.828 -3080.141 1123.000 47.968 -3078.860 cv-wall-stal-stripe-02
1966 0 18 1106 0 -1 0 1108.750 42.020 -3078.396 1107.859 40.687 -3078.782 1109.515 43.046 -3077.969 cv-wall-stal-stripe-02
1967 0 18 1109 0 -1 0 1104.318 37.646 -3087.995 1103.922 36.156 -3088.672 1104.890 38.828 -3087.500 cv-wall-stal-stripe-02
1968 0 18 1110 0 -1 0 1101.583 38.708 -3088.115 1101.203 37.812 -3088.875 1102.125 39.219 -3087.078 cv-wall-stal-stripe-02
1969 0 18 219 0 -1 0 1130.458 54.385 -3118.146 1129.968 53.437 -3119.094 1130.859 55.016 -3117.047 cv-wall-stal-stripe-02
1970 0 18 1111 0 -1 0 1144.885 44.854 -3112.912 1144.390 43.328 -3113.875 1145.640 45.750 -3111.828 cv-wall-stal-stripe-02
1971 0 18 1114 0 -1 0 1158.229 45.130 -3139.662 1157.219 44.547 -3140.126 1158.906 46.281 -3139.016 cv-wall-stal-stripe-02
1972 0 18 1115 0 -1 0 1151.458 43.333 -3137.651 1150.968 42.656 -3138.125 1152.297 44.656 -3136.750 cv-wall-stal-stripe-02
1973 0 18 1116 0 -1 0 1158.536 53.713 -3139.276 1157.578 51.843 -3140.062 1159.062 54.656 -3138.860 cv-wall-stal-stripe-02
1974 0 18 1117 0 -1 0 1152.047 39.427 -3130.688 1151.265 38.734 -3131.141 1152.812 40.671 -3130.344 cv-wall-stal-stripe-02
1975 0 18 1118 0 -1 0 1149.510 49.849 -3132.005 1148.641 48.765 -3132.204 1150.390 50.484 -3131.672 cv-wall-stal-stripe-02
1976 0 18 1119 0 -1 0 1117.781 56.390 -3110.339 1117.046 53.640 -3111.766 1118.469 58.203 -3108.766 cv-wall-stal-stripe-02
1977 0 18 1120 0 -1 0 1125.521 42.203 -3126.735 1124.609 40.953 -3127.594 1126.000 42.906 -3125.891 cv-wall-stal-stripe-02
1978 0 18 1122 0 -1 0 1101.448 61.375 -3074.912 1100.921 60.328 -3075.984 1101.844 61.984 -3073.766 cv-wall-stal-stripe-02
1979 0 18 1123 0 -1 0 1092.146 69.739 -3079.792 1091.218 67.843 -3081.219 1093.328 71.141 -3078.532 cv-wall-stal-stripe-02
1980 0 18 1125 0 -1 0 1134.005 14.635 -3083.729 1133.453 13.624 -3084.688 1134.438 16.078 -3082.860 cv-wall-stal-stripe-02
1981 0 18 1127 0 -1 0 1134.713 16.708 -3078.037 1133.797 15.781 -3078.594 1135.688 17.890 -3077.234 cv-wall-stal-stripe-02
1982 0 18 1128 0 -1 0 1135.484 16.901 -3069.839 1134.609 15.640 -3070.547 1136.187 18.031 -3069.047 cv-wall-stal-stripe-02
1983 0 18 1133 0 -1 0 1108.760 26.974 -3078.381 1107.937 26.015 -3078.688 1109.422 28.109 -3078.032 cv-wall-stal-stripe-02
1984 0 18 1138 0 -1 0 1098.416 30.192 -3081.422 1097.374 28.703 -3082.078 1099.656 31.219 -3081.063 cv-wall-stal-stripe-02
1985 0 18 1143 0 -1 0 1102.562 15.276 -3100.839 1101.609 14.625 -3101.469 1103.546 16.187 -3100.391 cv-wall-stal-stripe-02
1986 0 18 1144 0 -1 0 1092.671 11.531 -3102.849 1091.906 10.531 -3102.953 1093.546 13.140 -3102.782 cv-wall-stal-stripe-02
1987 0 18 1147 0 -1 0 1019.656 61.213 -2981.500 1018.578 59.078 -2981.875 1020.703 62.562 -2981.172 cv-wall-stal-stripe-02
1988 0 18 1148 0 -1 0 1024.166 52.078 -2984.990 1022.500 51.406 -2985.391 1025.125 53.297 -2984.407 cv-wall-stal-stripe-02
1989 0 18 1149 0 -1 0 1019.281 60.291 -2992.829 1018.500 58.766 -2994.000 1019.828 61.437 -2991.797 cv-wall-stal-stripe-02
1990 0 18 1150 0 -1 0 1020.916 49.984 -2984.953 1020.515 48.437 -2985.969 1021.468 51.906 -2984.094 cv-wall-stal-stripe-02
1991 0 18 1151 0 -1 0 1010.536 67.718 -2972.474 1009.843 66.624 -2973.312 1010.906 69.750 -2971.672 cv-wall-stal-stripe-02
1992 0 18 1152 0 -1 0 1076.583 57.875 -3061.969 1075.734 56.593 -3062.375 1077.422 58.672 -3061.328 cv-wall-stal-stripe-02
1993 0 18 1153 0 -1 0 1070.052 47.218 -3063.016 1068.953 46.218 -3063.407 1071.125 48.593 -3062.578 cv-wall-stal-stripe-02
1994 0 18 1154 0 -1 0 1074.656 47.323 -3061.631 1073.781 46.594 -3061.922 1075.640 48.453 -3061.110 cv-wall-stal-stripe-02
1995 0 18 1155 0 -1 0 1076.693 41.734 -3061.729 1075.718 40.203 -3061.985 1077.656 42.656 -3061.297 cv-wall-stal-stripe-02
1996 0 18 1156 0 -1 0 1081.463 41.448 -3060.318 1080.344 40.656 -3060.719 1082.609 42.203 -3059.813 cv-wall-stal-stripe-02
1997 0 18 1157 0 -1 0 1083.687 41.802 -3060.682 1082.609 40.593 -3061.438 1084.500 42.609 -3060.188 cv-wall-stal-stripe-02
1998 0 18 1158 0 -1 0 1055.354 47.609 -3063.490 1054.562 46.828 -3063.891 1056.078 48.656 -3062.922 cv-wall-stal-stripe-02
1999 0 18 562 0 -1 0 1058.708 47.349 -3063.021 1057.718 46.422 -3063.297 1059.859 48.656 -3062.672 cv-wall-stal-stripe-02
2000 0 18 1159 0 -1 0 1065.302 43.422 -3062.589 1064.156 42.750 -3062.844 1066.390 44.594 -3062.141 cv-wall-stal-stripe-02
2001 0 18 1160 0 -1 0 1067.739 58.057 -3059.479 1066.671 56.906 -3060.032 1068.359 58.922 -3059.001 cv-wall-stal-stripe-02
2002 0 18 1161 0 -1 0 1070.078 57.995 -3062.313 1069.765 56.734 -3063.251 1070.375 58.656 -3061.376 cv-wall-stal-stripe-02
2003 0 18 1162 0 -1 0 1011.437 48.557 -3041.135 1010.593 47.062 -3042.000 1011.969 49.562 -3040.078 cv-wall-stal-stripe-02
2004 0 18 1163 0 -1 0 976.500 47.620 -2956.490 976.000 46.500 -2957.328 976.937 48.406 -2955.860 cv-wall-stal-stripe-02
2005 0 18 1166 0 -1 0 967.250 54.156 -2958.912 966.234 53.062 -2959.516 968.328 55.078 -2958.250 cv-wall-stal-stripe-02
2006 0 18 1167 0 -1 0 960.479 42.213 -2964.907 960.156 41.687 -2965.875 960.828 43.203 -2963.891 cv-wall-stal-stripe-02
2007 0 18 1168 0 -1 0 995.859 45.416 -2975.464 995.000 44.656 -2976.376 996.641 46.937 -2974.907 cv-wall-stal-stripe-02
2008 0 18 1169 0 -1 0 991.901 53.594 -2976.422 991.531 51.890 -2977.391 992.500 54.531 -2975.938 cv-wall-stal-stripe-02
2009 0 18 1170 0 -1 0 997.390 45.812 -2973.714 996.641 44.656 -2974.907 998.594 47.125 -2972.672 cv-wall-stal-stripe-02
2010 0 18 1171 0 -1 0 1003.260 57.890 -2971.376 1002.593 56.703 -2972.751 1003.625 58.609 -2970.141 cv-wall-stal-stripe-02
2011 0 18 1172 0 -1 0 976.474 56.786 -2990.787 975.875 55.968 -2991.828 977.156 57.687 -2989.781 cv-wall-stal-stripe-02
2012 0 18 1173 0 -1 0 977.109 56.172 -2993.844 976.203 54.890 -2994.500 978.062 57.031 -2993.032 cv-wall-stal-stripe-02
2013 0 18 1174 0 -1 0 995.265 60.916 -2979.469 994.828 59.344 -2980.251 995.656 62.469 -2978.594 cv-wall-stal-stripe-02
2014 0 18 1175 0 -1 0 982.026 52.125 -2969.182 981.281 51.156 -2969.516 982.937 52.781 -2968.781 cv-wall-stal-stripe-02
2015 0 18 1176 0 -1 0 994.083 54.666 -3036.948 993.578 53.078 -3037.813 995.046 56.266 -3035.953 cv-wall-stal-stripe-02
2016 0 18 570 0 -1 0 989.333 73.453 -3017.943 988.578 72.344 -3018.797 989.953 74.687 -3016.891 cv-wall-stal-stripe-02
2017 0 18 1177 0 -1 0 970.515 49.854 -3017.052 969.609 48.953 -3017.297 971.734 50.937 -3016.563 cv-wall-stal-stripe-02
2018 0 18 1178 0 -1 0 980.927 55.218 -3022.807 979.781 54.500 -3023.703 982.015 55.641 -3021.485 cv-wall-stal-stripe-02
2019 0 18 1179 0 -1 0 1000.989 42.140 -3040.495 1000.359 41.609 -3041.547 1001.343 43.109 -3039.563 cv-wall-stal-stripe-02
2020 0 18 1180 0 -1 0 1000.989 48.047 -3040.495 1000.359 46.625 -3041.547 1001.343 48.922 -3039.563 cv-wall-stal-stripe-02
2021 0 18 1181 0 -1 0 988.317 46.489 -3032.448 987.750 45.656 -3033.110 988.906 48.078 -3031.297 cv-wall-stal-stripe-02
2022 0 18 1182 0 -1 0 990.838 54.239 -3031.802 990.359 52.968 -3032.875 991.375 55.078 -3030.406 cv-wall-stal-stripe-02
2023 0 18 1183 0 -1 0 975.765 54.343 -3013.542 974.687 53.406 -3014.250 976.718 55.016 -3013.063 cv-wall-stal-stripe-02
2024 0 18 1184 0 -1 0 956.432 48.161 -3017.251 956.328 47.156 -3018.094 956.578 48.812 -3016.297 cv-wall-stal-stripe-02
2025 0 18 1185 0 -1 0 947.937 105.927 -2925.391 947.453 105.359 -2926.172 948.625 107.031 -2924.438 cv-wall-stal-stripe-02
2026 0 18 1186 0 -1 0 946.609 94.338 -2928.146 945.812 93.437 -2928.891 947.312 94.937 -2927.219 cv-wall-stal-stripe-02
2027 0 18 1187 0 -1 0 948.297 100.323 -2915.714 947.250 99.234 -2916.578 949.453 100.953 -2915.001 cv-wall-stal-stripe-02
2028 0 18 1190 0 -1 0 937.958 119.411 -2928.104 936.906 118.156 -2928.579 938.875 120.281 -2927.656 cv-wall-stal-stripe-02
2029 0 18 1191 0 -1 0 944.031 78.786 -2930.907 943.656 78.015 -2932.251 944.359 79.594 -2929.766 cv-wall-stal-stripe-02
2030 0 18 581 0 -1 0 942.817 79.375 -2933.630 941.922 78.031 -2934.328 943.312 80.578 -2933.203 cv-wall-stal-stripe-02
2031 0 18 1192 0 -1 0 952.192 85.239 -2923.240 951.640 84.672 -2923.860 953.125 85.969 -2922.438 cv-wall-stal-stripe-02
2032 0 18 579 0 -1 0 946.151 85.312 -2928.709 945.390 84.156 -2929.391 946.766 86.609 -2927.828 cv-wall-stal-stripe-02
2033 0 18 1194 0 -1 0 939.489 92.036 -2942.157 938.703 91.375 -2942.672 940.547 93.344 -2941.766 cv-wall-stal-stripe-02
2034 0 18 589 0 -1 0 936.906 92.041 -2941.599 936.312 91.281 -2942.250 937.218 93.390 -2940.594 cv-wall-stal-stripe-02
2035 0 18 1195 0 -1 0 937.494 94.729 -2941.698 936.077 93.390 -2941.953 939.218 95.484 -2941.563 cv-wall-stal-stripe-02
2036 0 18 1196 0 -1 0 931.208 92.411 -2933.886 930.546 91.922 -2934.594 931.640 93.375 -2932.766 cv-wall-stal-stripe-02
2037 0 18 1198 0 -1 0 953.047 44.182 -2962.667 952.140 43.156 -2963.032 954.093 44.719 -2962.344 cv-wall-stal-stripe-02
2038 0 18 433 0 -1 0 943.630 60.672 -2954.006 942.359 59.578 -2955.626 944.515 62.015 -2953.110 cv-wall-stal-stripe-02
2039 0 18 1199 0 -1 0 946.645 46.984 -2938.844 945.656 45.797 -2939.469 947.734 47.750 -2938.516 cv-wall-stal-stripe-02
2040 0 18 1200 0 -1 0 957.718 44.182 -2948.084 956.843 43.109 -2948.735 958.594 44.921 -2947.391 cv-wall-stal-stripe-02
2041 0 18 815 0 -1 0 953.208 44.135 -2949.287 952.078 43.015 -2949.532 954.484 44.812 -2948.922 cv-wall-stal-stripe-02
2042 0 18 287 0 -1 0 955.135 36.479 -2945.568 954.265 35.859 -2946.109 956.016 37.328 -2945.172 cv-wall-stal-stripe-02
2043 0 18 1201 0 -1 0 952.802 35.593 -2949.297 951.937 34.890 -2949.501 953.594 36.750 -2948.891 cv-wall-stal-stripe-02
2044 0 18 1202 0 -1 0 932.718 31.192 -2971.485 932.468 29.953 -2972.485 933.046 32.172 -2970.422 cv-wall-stal-stripe-02
2045 0 18 1203 0 -1 0 939.510 41.776 -2960.219 939.156 40.703 -2960.953 939.937 42.515 -2959.391 cv-wall-stal-stripe-02
2046 0 18 1204 0 -1 0 952.880 56.041 -3009.011 952.531 54.625 -3010.016 953.437 56.765 -3008.141 cv-wall-stal-stripe-02
2047 0 18 1205 0 -1 0 957.067 55.807 -3006.266 956.296 54.625 -3007.454 957.656 56.718 -3005.203 cv-wall-stal-stripe-02
2048 0 18 1206 0 -1 0 944.192 57.364 -3041.282 943.156 56.515 -3042.563 944.750 58.172 -3040.156 cv-wall-stal-stripe-02
2049 0 18 1207 0 -1 0 927.265 47.916 -3023.287 926.953 46.874 -3024.141 927.703 48.734 -3022.219 cv-wall-stal-stripe-02
2050 0 18 1208 0 -1 0 929.573 48.010 -3027.052 929.234 46.906 -3027.735 930.125 48.593 -3026.391 cv-wall-stal-stripe-02
2051 0 18 1210 0 -1 0 950.854 26.021 -3040.125 949.703 25.203 -3040.234 951.468 27.625 -3040.063 cv-wall-stal-stripe-02
2052 0 18 1211 0 -1 0 923.307 47.312 -3041.813 922.437 46.484 -3042.251 924.515 48.281 -3041.219 cv-wall-stal-stripe-02
2053 0 18 1212 0 -1 0 927.046 39.599 -3041.839 926.375 38.469 -3042.812 928.046 40.593 -3040.953 cv-wall-stal-stripe-02
2054 0 18 1216 0 -1 0 1047.916 61.349 -3071.381 1047.468 60.078 -3072.156 1048.359 62.000 -3070.578 cv-wall-stal-stripe-02
2055 0 18 1219 0 -1 0 1043.797 63.135 -3087.964 1043.015 61.687 -3088.828 1044.906 64.734 -3087.063 cv-wall-stal-stripe-02
2056 0 18 1220 0 -1 0 1044.156 62.703 -3084.443 1042.734 61.375 -3085.610 1045.734 63.593 -3083.547 cv-wall-stal-stripe-02
2057 0 18 1221 0 -1 0 1018.885 58.177 -3082.807 1017.843 57.140 -3083.328 1019.890 59.062 -3082.438 cv-wall-stal-stripe-02
2058 0 18 1222 0 -1 0 1021.078 71.156 -3103.391 1019.922 68.547 -3104.156 1022.516 73.421 -3102.172 cv-wall-stal-stripe-02
2059 0 18 1223 0 -1 0 1035.119 51.875 -3072.302 1034.359 50.766 -3072.891 1036.062 52.531 -3071.969 cv-wall-stal-stripe-02
2060 0 18 1224 0 -1 0 1034.984 51.114 -3067.594 1033.953 50.125 -3068.329 1035.609 51.984 -3066.954 cv-wall-stal-stripe-02
2061 0 18 1225 0 -1 0 1037.765 50.114 -3065.693 1036.812 49.078 -3066.266 1038.516 50.766 -3065.282 cv-wall-stal-stripe-02
2062 0 18 1226 0 -1 0 1018.031 58.557 -3078.245 1017.140 57.437 -3078.704 1019.171 59.484 -3077.938 cv-wall-stal-stripe-02
2063 0 18 1227 0 -1 0 1004.156 47.260 -3093.886 1003.484 46.750 -3094.484 1004.687 48.109 -3092.954 cv-wall-stal-stripe-02
2064 0 18 1230 0 -1 0 1006.838 56.250 -3092.349 1005.828 54.547 -3092.891 1007.375 57.249 -3092.078 cv-wall-stal-stripe-02
2065 0 18 1231 0 -1 0 1000.286 65.875 -3129.860 999.484 64.937 -3130.251 1001.218 66.484 -3129.235 cv-wall-stal-stripe-02
2066 0 18 1232 0 -1 0 1088.718 36.734 -3087.625 1088.484 35.422 -3088.422 1089.109 37.875 -3086.860 cv-wall-stal-stripe-02
2067 0 18 1234 0 -1 0 1080.963 24.520 -3092.917 1080.718 23.125 -3093.688 1081.406 25.328 -3092.172 cv-wall-stal-stripe-02
2068 0 18 1236 0 -1 0 1076.177 25.979 -3087.579 1075.484 25.047 -3088.532 1076.641 26.703 -3086.922 cv-wall-stal-stripe-02
2069 0 18 1237 0 -1 0 1080.677 36.489 -3079.662 1080.093 35.250 -3080.485 1081.296 37.234 -3079.172 cv-wall-stal-stripe-02
2070 0 18 1239 0 -1 0 1085.729 36.500 -3081.261 1084.031 35.093 -3081.626 1087.015 37.672 -3080.813 cv-wall-stal-stripe-02
2071 0 18 1241 0 -1 0 1070.734 23.687 -3100.417 1070.187 22.750 -3101.188 1071.031 24.187 -3099.735 cv-wall-stal-stripe-02
2072 0 18 626 0 -1 0 1044.807 34.135 -3084.219 1044.390 33.109 -3084.703 1045.624 35.046 -3083.297 cv-wall-stal-stripe-02
2073 0 18 1242 0 -1 0 1036.234 25.958 -3069.511 1035.843 24.969 -3070.047 1036.797 26.687 -3068.672 cv-wall-stal-stripe-02
2074 0 18 1244 0 -1 0 1163.463 61.161 -3153.115 1162.593 59.687 -3153.922 1164.500 62.656 -3152.610 cv-wall-stal-stripe-02
2075 0 18 1245 0 -1 0 1158.057 57.036 -3146.287 1157.546 55.781 -3146.954 1158.906 58.141 -3145.907 cv-wall-stal-stripe-02
2076 0 18 1246 0 -1 0 1159.448 56.818 -3142.730 1158.516 55.719 -3143.094 1160.312 57.547 -3142.047 cv-wall-stal-stripe-02
2077 0 18 1247 0 -1 0 1162.984 53.255 -3177.610 1162.468 52.218 -3178.109 1163.718 54.218 -3176.625 cv-wall-stal-stripe-02
2078 0 18 1248 0 -1 0 1136.786 43.630 -3194.156 1135.890 42.953 -3194.625 1137.437 44.734 -3193.657 cv-wall-stal-stripe-02
2079 0 18 1249 0 -1 0 1139.046 44.239 -3197.719 1137.890 43.609 -3198.391 1139.765 45.156 -3197.282 cv-wall-stal-stripe-02
2080 0 18 1250 0 -1 0 1148.354 53.646 -3189.641 1147.000 52.250 -3190.141 1149.468 54.500 -3189.156 cv-wall-stal-stripe-02
2081 0 18 1251 0 -1 0 1152.593 53.463 -3192.063 1151.844 52.218 -3192.953 1153.718 54.109 -3191.422 cv-wall-stal-stripe-02
2082 0 18 325 0 -1 0 1147.640 48.588 -3198.266 1147.343 48.078 -3199.016 1148.218 49.531 -3196.860 cv-wall-stal-stripe-02
2083 0 18 1252 0 -1 0 1123.921 54.854 -3187.662 1123.281 53.687 -3188.094 1124.625 55.437 -3186.922 cv-wall-stal-stripe-02
2084 0 18 1253 0 -1 0 1106.708 53.932 -3185.026 1106.453 52.797 -3185.704 1106.953 54.703 -3184.234 cv-wall-stal-stripe-02
2085 0 18 1254 0 -1 0 1105.500 53.744 -3183.719 1104.406 52.374 -3184.234 1106.453 54.562 -3183.000 cv-wall-stal-stripe-02
2086 0 18 1258 0 -1 0 1118.692 54.713 -3187.037 1118.000 53.453 -3187.797 1119.390 55.359 -3186.219 cv-wall-stal-stripe-02
2087 0 18 1261 0 -1 0 1113.744 50.474 -3193.396 1112.281 49.625 -3193.844 1115.046 51.000 -3192.750 cv-wall-stal-stripe-02
2088 0 18 1264 0 -1 0 1109.713 50.942 -3195.245 1108.890 49.874 -3195.532 1110.500 51.562 -3195.032 cv-wall-stal-stripe-02
2089 0 18 1266 0 -1 0 1113.484 50.911 -3195.094 1113.047 49.390 -3195.579 1113.999 52.140 -3194.407 cv-wall-stal-stripe-02
2090 0 18 339 0 -1 0 1089.349 55.505 -3195.052 1088.250 54.656 -3195.579 1090.046 57.093 -3194.422 cv-wall-stal-stripe-02
2091 0 18 1270 0 -1 0 1162.942 35.593 -3152.807 1162.453 34.624 -3153.641 1163.328 37.109 -3152.203 cv-wall-stal-stripe-02
2092 0 18 320 0 -1 0 1162.906 49.911 -3156.261 1162.468 48.468 -3157.266 1163.328 50.656 -3155.641 cv-wall-stal-stripe-02
2093 0 18 1271 0 -1 0 1141.161 35.833 -3155.677 1140.875 34.250 -3156.657 1141.703 36.875 -3154.782 cv-wall-stal-stripe-02
2094 0 18 1272 0 -1 0 1140.979 35.447 -3158.329 1140.047 34.265 -3158.704 1141.624 36.515 -3157.735 cv-wall-stal-stripe-02
2095 0 18 1273 0 -1 0 1141.447 35.765 -3159.745 1141.093 34.437 -3160.859 1141.624 36.515 -3158.704 cv-wall-stal-stripe-02
2096 0 18 1274 0 -1 0 1134.041 35.197 -3147.006 1133.015 33.874 -3147.501 1134.812 36.062 -3146.672 cv-wall-stal-stripe-02
2097 0 18 1275 0 -1 0 1140.182 35.135 -3154.672 1139.422 33.703 -3155.047 1140.906 36.374 -3154.188 cv-wall-stal-stripe-02
2098 0 18 1276 0 -1 0 1138.401 35.026 -3151.427 1138.062 33.484 -3152.032 1138.828 36.203 -3150.641 cv-wall-stal-stripe-02
2099 0 18 1277 0 -1 0 1140.281 34.302 -3163.047 1139.390 33.140 -3163.657 1141.078 35.469 -3162.594 cv-wall-stal-stripe-02
2100 0 18 1278 0 -1 0 1137.489 34.078 -3163.032 1136.906 33.047 -3163.735 1137.968 34.624 -3162.203 cv-wall-stal-stripe-02
2101 0 18 1283 0 -1 0 1135.130 24.963 -3152.839 1134.265 23.703 -3153.094 1136.109 26.047 -3152.454 cv-wall-stal-stripe-02
2102 0 18 1286 0 -1 0 1154.943 16.005 -3155.907 1154.609 15.000 -3157.094 1155.187 16.718 -3154.485 cv-wall-stal-stripe-02
2103 0 18 1289 0 -1 0 1154.416 15.354 -3153.266 1153.999 14.062 -3154.485 1155.187 16.297 -3152.110 cv-wall-stal-stripe-02
2104 0 18 1292 0 -1 0 1152.479 16.687 -3154.292 1152.281 15.421 -3155.016 1152.749 17.828 -3153.484 cv-wall-stal-stripe-02
2105 0 18 1293 0 -1 0 1123.052 21.718 -3146.657 1121.921 20.781 -3147.422 1123.906 22.359 -3146.125 cv-wall-stal-stripe-02
2106 0 18 1294 0 -1 0 1128.411 17.593 -3155.131 1127.953 16.593 -3155.828 1129.062 18.172 -3154.251 cv-wall-stal-stripe-02
2107 0 18 1295 0 -1 0 1132.620 17.932 -3161.256 1132.265 16.656 -3162.235 1133.172 18.640 -3160.032 cv-wall-stal-stripe-02
2108 0 18 1296 0 -1 0 1132.406 2.255 -3161.104 1132.172 1.000 -3161.891 1132.843 4.187 -3160.016 cv-wall-stal-stripe-02
2109 0 18 1297 0 -1 0 1131.916 6.057 -3155.469 1130.750 4.109 -3155.782 1132.547 7.047 -3155.297 cv-wall-stal-stripe-02
2110 0 18 1298 0 -1 0 1161.594 26.026 -3179.297 1160.969 24.328 -3180.078 1161.906 27.234 -3178.360 cv-wall-stal-stripe-02
2111 0 18 1299 0 -1 0 1163.979 25.557 -3180.954 1162.624 24.515 -3181.501 1165.031 26.375 -3180.547 cv-wall-stal-stripe-02
2112 0 18 1300 0 -1 0 1158.906 22.219 -3183.016 1158.484 20.328 -3183.578 1159.156 23.672 -3182.141 cv-wall-stal-stripe-02
2113 0 18 1301 0 -1 0 1164.718 41.927 -3180.084 1163.422 40.984 -3180.500 1166.015 42.687 -3179.641 cv-wall-stal-stripe-02
2114 0 18 1302 0 -1 0 1148.343 26.974 -3189.745 1146.328 24.531 -3190.235 1149.640 28.656 -3189.328 cv-wall-stal-stripe-02
2115 0 18 1303 0 -1 0 1149.984 13.354 -3193.823 1149.500 12.437 -3194.969 1150.609 14.265 -3192.750 cv-wall-stal-stripe-02
2116 0 18 1304 0 -1 0 1153.724 13.771 -3193.641 1152.234 12.437 -3194.282 1155.078 14.562 -3193.047 cv-wall-stal-stripe-02
2117 0 18 1305 0 -1 0 1182.312 9.328 -3178.599 1180.812 7.828 -3179.328 1183.281 10.297 -3178.031 cv-wall-stal-stripe-02
2118 0 18 644 0 -1 0 1174.546 13.776 -3181.026 1173.375 12.000 -3181.813 1175.468 14.718 -3180.531 cv-wall-stal-stripe-02
2119 0 18 1306 0 -1 0 1168.531 3.625 -3170.578 1167.437 2.562 -3171.157 1169.672 4.484 -3169.797 cv-wall-stal-stripe-02
2120 0 18 1307 0 -1 0 1163.984 3.854 -3180.901 1162.640 2.968 -3181.454 1165.046 5.000 -3180.500 cv-wall-stal-stripe-02
2121 0 18 1308 0 -1 0 1161.448 2.979 -3179.282 1160.749 1.327 -3180.000 1161.937 5.141 -3178.407 cv-wall-stal-stripe-02
2122 0 18 1309 0 -1 0 1158.932 7.270 -3182.979 1158.422 6.187 -3183.610 1159.297 8.671 -3182.094 cv-wall-stal-stripe-02
2123 0 18 1310 0 -1 0 1128.874 34.505 -3193.297 1128.203 33.594 -3193.985 1129.249 35.297 -3192.719 cv-wall-stal-stripe-02
2124 0 18 1312 0 -1 0 1142.151 17.979 -3179.188 1141.359 16.890 -3179.532 1143.125 18.703 -3178.782 cv-wall-stal-stripe-02
2125 0 18 1313 0 -1 0 1141.984 7.458 -3179.459 1141.125 6.687 -3179.735 1142.984 8.718 -3179.094 cv-wall-stal-stripe-02
2126 0 18 1314 0 -1 0 1131.453 4.380 -3177.323 1131.015 3.843 -3178.125 1131.953 5.203 -3176.547 cv-wall-stal-stripe-02
2127 0 18 1315 0 -1 0 1134.161 3.338 -3174.927 1133.812 2.219 -3175.672 1134.656 5.078 -3174.032 cv-wall-stal-stripe-02
2128 0 18 1316 0 -1 0 1102.948 41.114 -3182.209 1102.438 40.187 -3183.031 1103.922 42.062 -3181.563 cv-wall-stal-stripe-02
2129 0 18 1317 0 -1 0 1088.927 29.859 -3177.985 1088.046 28.843 -3178.578 1089.843 30.781 -3177.235 cv-wall-stal-stripe-02
2130 0 18 1318 0 -1 0 1093.536 29.057 -3171.495 1092.843 27.937 -3172.235 1093.969 30.093 -3170.828 cv-wall-stal-stripe-02
2131 0 18 1319 0 -1 0 1090.474 29.479 -3173.526 1089.890 27.937 -3174.328 1090.890 30.375 -3172.922 cv-wall-stal-stripe-02
2132 0 18 1321 0 -1 0 1069.453 77.276 -3166.698 1067.671 74.593 -3168.203 1071.703 79.047 -3164.985 cv-wall-stal-stripe-02
2133 0 18 1322 0 -1 0 1068.588 53.843 -3189.297 1067.671 52.609 -3189.672 1069.500 54.625 -3188.735 cv-wall-stal-stripe-02
2134 0 18 1323 0 -1 0 1065.828 65.323 -3188.969 1065.328 64.531 -3190.094 1066.562 65.828 -3187.891 cv-wall-stal-stripe-02
2135 0 18 1324 0 -1 0 1069.031 59.250 -3189.844 1067.968 58.468 -3190.219 1070.093 60.641 -3189.297 cv-wall-stal-stripe-02
2136 0 18 1325 0 -1 0 1050.010 50.057 -3190.349 1048.984 48.843 -3190.875 1050.734 50.859 -3189.797 cv-wall-stal-stripe-02
2137 0 18 1327 0 -1 0 1087.281 35.192 -3222.823 1085.328 33.796 -3223.313 1088.812 36.515 -3222.141 cv-wall-stal-stripe-02
2138 0 18 1328 0 -1 0 1080.807 36.062 -3224.292 1080.015 34.812 -3225.328 1081.812 37.468 -3223.766 cv-wall-stal-stripe-02
2139 0 18 1329 0 -1 0 1044.068 49.239 -3194.521 1043.093 48.203 -3195.001 1045.015 49.890 -3194.266 cv-wall-stal-stripe-02
2140 0 18 1330 0 -1 0 1031.604 51.005 -3195.932 1030.937 49.594 -3196.688 1032.828 51.922 -3194.922 cv-wall-stal-stripe-02
2141 0 18 1331 0 -1 0 1036.901 48.187 -3207.417 1036.281 47.125 -3208.266 1037.453 49.312 -3206.844 cv-wall-stal-stripe-02
2142 0 18 1334 0 -1 0 997.447 62.828 -3142.422 995.875 61.875 -3142.719 998.375 63.453 -3142.110 cv-wall-stal-stripe-02
2143 0 18 1335 0 -1 0 985.073 61.203 -3191.761 984.375 60.484 -3192.735 985.984 61.875 -3190.547 cv-wall-stal-stripe-02
2144 0 18 668 0 -1 0 993.541 47.651 -3198.927 992.687 47.094 -3199.469 994.109 48.359 -3197.938 cv-wall-stal-stripe-02
2145 0 18 1336 0 -1 0 987.984 47.901 -3198.677 986.734 47.343 -3199.157 988.953 48.812 -3197.719 cv-wall-stal-stripe-02
2146 0 18 732 0 -1 0 1052.156 11.541 -3175.349 1050.968 10.656 -3176.454 1053.453 12.672 -3174.282 cv-wall-stal-stripe-02
2147 0 18 1337 0 -1 0 1069.328 29.265 -3183.375 1068.953 27.687 -3184.360 1069.593 30.297 -3182.438 cv-wall-stal-stripe-02
2148 0 18 1338 0 -1 0 1055.062 21.901 -3176.323 1054.672 20.937 -3177.250 1055.797 22.656 -3175.844 cv-wall-stal-stripe-02
2149 0 18 381 0 -1 0 1071.494 18.468 -3207.339 1070.328 17.109 -3208.360 1072.265 19.453 -3206.594 cv-wall-stal-stripe-02
2150 0 18 1340 0 -1 0 1064.984 12.338 -3211.787 1064.390 11.562 -3212.891 1066.062 13.781 -3210.578 cv-wall-stal-stripe-02
2151 0 18 1341 0 -1 0 1069.568 12.890 -3214.542 1068.734 12.125 -3215.703 1070.234 14.328 -3213.828 cv-wall-stal-stripe-02
2152 0 18 1342 0 -1 0 1065.146 12.161 -3205.927 1063.844 11.344 -3206.891 1066.640 13.078 -3205.297 cv-wall-stal-stripe-02
2153 0 18 530 0 -1 0 1137.541 56.286 -3089.032 1136.749 55.172 -3090.282 1138.531 57.234 -3087.876 cv-wall-stal-stripe-02
2154 0 18 1343 0 -1 0 1143.349 44.697 -3128.865 1142.547 43.046 -3129.500 1143.766 45.859 -3128.391 cv-wall-stal-stripe-02
2155 0 18 1344 0 -1 0 944.135 60.755 -2963.636 943.468 59.687 -2964.657 944.843 62.469 -2962.376 cv-wall-stal-stripe-02
2156 0 18 597 0 -1 0 937.276 60.744 -2966.204 936.546 59.640 -2967.203 938.125 62.484 -2964.703 cv-wall-stal-stripe-02
2157 0 18 1345 0 -1 0 1051.245 48.151 -3072.651 1050.375 47.078 -3072.766 1051.984 48.797 -3072.485 cv-wall-stal-stripe-02
2158 0 18 972 0 -1 0 1069.296 73.161 -3163.834 1068.984 71.688 -3164.985 1069.671 74.593 -3162.282 cv-wall-stal-stripe-02
2159 0 18 1348 0 -1 0 1018.859 86.036 -3145.526 1017.015 81.640 -3146.563 1020.484 89.703 -3144.953 cv-wall-stal-stripe-02
2160 0 18 1349 0 -1 0 1000.765 64.703 -3174.714 999.781 63.219 -3174.938 1001.750 66.094 -3174.313 cv-wall-stal-stripe-02
2161 0 18 504 0 -1 0 1207.692 18.406 -2959.719 1207.156 17.390 -2960.360 1208.531 19.078 -2959.251 cv-wall-stal-stripe-02
2162 0 18 1352 0 -1 0 1190.968 22.562 -3011.157 1189.624 21.031 -3011.313 1192.390 23.515 -3010.954 cv-wall-stal-stripe-02
2163 0 18 1355 0 -1 0 1149.614 29.718 -3003.068 1148.750 28.578 -3003.797 1150.422 30.438 -3002.125 cv-wall-stal-stripe-02
2164 0 18 1356 0 -1 0 1145.838 19.036 -3002.922 1144.875 18.219 -3003.157 1146.718 20.094 -3002.532 cv-wall-stal-stripe-02
2165 0 18 1357 0 -1 0 1143.739 17.843 -2998.756 1143.078 16.718 -2999.407 1144.344 18.718 -2997.907 cv-wall-stal-stripe-02
2166 0 18 1358 0 -1 0 1143.989 11.770 -2999.683 1143.234 10.968 -3000.657 1144.546 12.672 -2998.782 cv-wall-stal-stripe-02
2167 0 18 1359 0 -1 0 1136.203 21.833 -3029.901 1135.250 20.500 -3030.266 1136.859 22.516 -3029.594 cv-wall-stal-stripe-02
2168 0 18 1360 0 -1 0 1090.416 56.234 -3069.307 1090.156 55.141 -3070.626 1090.671 56.922 -3068.141 cv-wall-stal-stripe-02
2169 0 18 1362 0 -1 0 1137.218 60.156 -3139.615 1136.297 57.890 -3141.094 1137.953 61.953 -3138.235 cv-wall-stal-stripe-02
2170 0 18 1363 0 -1 0 1133.104 59.156 -3138.313 1131.656 57.672 -3139.250 1134.625 59.984 -3137.547 cv-wall-stal-stripe-02
2171 0 18 1371 0 -1 0 1142.906 -1.256 -3142.021 1142.156 -2.625 -3142.344 1143.688 -0.422 -3141.750 cv-wall-stal-stripe-02
2172 0 18 1373 0 -1 0 1087.677 26.948 -3083.646 1087.375 25.547 -3084.282 1088.156 27.765 -3082.844 cv-wall-stal-stripe-02
2173 0 18 1375 0 -1 0 1017.343 55.927 -2974.271 1016.515 54.718 -2974.891 1017.859 58.234 -2973.719 cv-wall-stal-stripe-02
2174 0 18 1376 0 -1 0 1036.229 56.208 -3040.422 1035.156 55.031 -3041.219 1037.297 56.812 -3039.922 cv-wall-stal-stripe-02
2175 0 18 1377 0 -1 0 1029.323 57.161 -3038.318 1028.453 55.547 -3038.751 1030.015 58.172 -3037.672 cv-wall-stal-stripe-02
2176 0 18 1378 0 -1 0 972.187 43.984 -2982.750 971.969 42.562 -2983.610 972.531 44.859 -2981.844 cv-wall-stal-stripe-02
2177 0 18 1380 0 -1 0 943.068 70.562 -2941.240 942.609 69.562 -2942.172 943.297 71.406 -2940.126 cv-wall-stal-stripe-02
2178 0 18 1381 0 -1 0 921.921 37.093 -3040.943 921.375 36.000 -3041.562 922.421 37.718 -3040.016 cv-wall-stal-stripe-02
2179 0 18 1385 0 -1 0 1055.083 61.109 -3067.146 1054.516 59.890 -3067.984 1055.578 61.766 -3066.438 cv-wall-stal-stripe-02
2180 0 18 1393 0 -1 0 1070.869 25.218 -3089.396 1070.453 24.046 -3090.219 1071.156 25.874 -3088.501 cv-wall-stal-stripe-02
2181 0 18 1395 0 -1 0 1060.713 19.156 -3070.646 1060.125 18.343 -3071.766 1061.093 20.719 -3070.079 cv-wall-stal-stripe-02
2182 0 18 1400 0 -1 0 1075.755 25.890 -3096.589 1074.937 24.859 -3096.797 1076.625 26.437 -3096.250 cv-wall-stal-stripe-02
2183 0 18 1403 0 -1 0 1150.562 59.333 -3163.625 1149.953 57.015 -3164.844 1151.015 61.453 -3162.454 cv-wall-stal-stripe-02
2184 0 18 1404 0 -1 0 1148.677 56.395 -3159.532 1147.859 53.906 -3159.938 1149.937 58.265 -3158.860 cv-wall-stal-stripe-02
2185 0 18 331 0 -1 0 1133.224 52.640 -3194.381 1132.234 51.344 -3195.079 1134.000 53.312 -3193.735 cv-wall-stal-stripe-02
2186 0 18 1408 0 -1 0 1117.901 50.156 -3189.271 1117.593 49.249 -3190.157 1118.156 50.781 -3188.266 cv-wall-stal-stripe-02
2187 0 18 1409 0 -1 0 1112.073 57.468 -3185.026 1111.203 56.437 -3185.406 1112.890 58.093 -3184.766 cv-wall-stal-stripe-02
2188 0 18 1411 0 -1 0 1089.979 50.260 -3190.078 1089.374 49.187 -3190.641 1090.593 51.344 -3189.579 cv-wall-stal-stripe-02
2189 0 18 1412 0 -1 0 1094.047 52.072 -3189.354 1092.875 51.484 -3189.969 1095.265 53.141 -3188.969 cv-wall-stal-stripe-02
2190 0 18 1413 0 -1 0 1114.364 57.739 -3194.834 1113.594 56.546 -3195.188 1115.234 58.468 -3194.625 cv-wall-stal-stripe-02
2191 0 18 1417 0 -1 0 1107.953 42.739 -3188.287 1107.500 41.547 -3188.969 1108.187 43.437 -3187.501 cv-wall-stal-stripe-02
2192 0 18 1422 0 -1 0 1163.989 32.349 -3163.474 1162.812 31.812 -3164.062 1164.984 32.718 -3162.938 cv-wall-stal-stripe-02
2193 0 18 1423 0 -1 0 1161.036 33.104 -3162.240 1160.390 31.875 -3163.001 1161.625 34.062 -3161.453 cv-wall-stal-stripe-02
2194 0 18 1426 0 -1 0 1159.552 16.354 -3158.677 1158.781 15.156 -3159.031 1160.422 17.078 -3158.469 cv-wall-stal-stripe-02
2195 0 18 1427 0 -1 0 1157.255 16.083 -3148.875 1156.390 15.047 -3149.250 1158.078 16.718 -3148.609 cv-wall-stal-stripe-02
2196 0 18 1428 0 -1 0 1158.146 17.994 -3143.714 1157.468 16.671 -3144.094 1159.359 18.656 -3143.219 cv-wall-stal-stripe-02
2197 0 18 1429 0 -1 0 1157.151 15.328 -3143.839 1156.078 14.656 -3144.610 1157.765 16.671 -3142.813 cv-wall-stal-stripe-02
2198 0 18 1433 0 -1 0 1163.083 8.765 -3153.120 1162.781 7.859 -3154.000 1163.328 9.390 -3152.110 cv-wall-stal-stripe-02
2199 0 18 1436 0 -1 0 1153.140 1.354 -3152.141 1152.687 0.156 -3152.828 1153.374 2.046 -3151.344 cv-wall-stal-stripe-02
2200 0 18 1438 0 -1 0 1126.104 36.354 -3142.563 1124.828 35.406 -3142.735 1127.328 37.031 -3142.391 cv-wall-stal-stripe-02
2201 0 18 1439 0 -1 0 1120.812 15.359 -3142.969 1119.922 14.703 -3143.469 1121.781 16.515 -3142.641 cv-wall-stal-stripe-02
2202 0 18 1440 0 -1 0 1103.406 19.895 -3157.547 1102.890 19.015 -3157.953 1104.140 21.328 -3156.813 cv-wall-stal-stripe-02
2203 0 18 1442 0 -1 0 1163.542 27.573 -3175.693 1163.078 26.609 -3176.625 1163.890 28.281 -3174.547 cv-wall-stal-stripe-02
2204 0 18 1443 0 -1 0 1135.474 17.843 -3177.500 1134.594 16.624 -3178.047 1136.515 18.609 -3176.703 cv-wall-stal-stripe-02
2205 0 18 1444 0 -1 0 1134.005 17.067 -3174.245 1133.609 15.875 -3174.907 1134.453 18.047 -3173.391 cv-wall-stal-stripe-02
2206 0 18 1445 0 -1 0 1098.479 14.896 -3199.490 1097.578 14.187 -3200.172 1099.437 15.922 -3198.938 cv-wall-stal-stripe-02
2207 0 18 1446 0 -1 0 1095.510 14.078 -3200.214 1095.062 13.468 -3201.126 1096.203 15.234 -3199.376 cv-wall-stal-stripe-02
2208 0 18 1447 0 -1 0 1063.672 32.395 -3198.714 1062.890 31.109 -3199.610 1064.203 33.265 -3198.032 cv-wall-stal-stripe-02
2209 0 18 1448 0 -1 0 1068.312 48.401 -3189.552 1067.515 47.234 -3190.297 1069.015 49.750 -3189.172 cv-wall-stal-stripe-02
2210 0 18 1450 0 -1 0 1069.448 31.927 -3203.464 1068.937 30.812 -3204.703 1069.891 32.875 -3202.485 cv-wall-stal-stripe-02
2211 0 18 1451 0 -1 0 1074.541 33.057 -3197.677 1073.640 30.812 -3198.657 1075.156 34.203 -3196.641 cv-wall-stal-stripe-02
2212 0 18 1452 0 -1 0 1034.651 36.547 -3196.490 1033.765 35.578 -3197.078 1035.437 37.281 -3195.626 cv-wall-stal-stripe-02
2213 0 18 1453 0 -1 0 1009.312 40.744 -3154.875 1008.671 39.625 -3155.782 1010.094 41.500 -3154.297 cv-wall-stal-stripe-02
2214 0 18 1454 0 -1 0 1064.724 24.130 -3191.531 1063.375 23.359 -3191.891 1065.984 25.328 -3190.891 cv-wall-stal-stripe-02
2215 0 18 1455 0 -1 0 1060.375 29.520 -3174.323 1059.124 28.875 -3175.172 1061.687 30.140 -3173.438 cv-wall-stal-stripe-02
2216 0 18 1456 0 -1 0 1057.245 30.547 -3174.417 1056.265 29.266 -3175.656 1057.999 31.719 -3173.547 cv-wall-stal-stripe-02
2217 0 21 1762 0 -1 0 1226.765 14.739 -2963.521 1226.250 13.344 -2963.797 1227.781 15.640 -2963.313 cv-floorfringe-01-2x2
2218 0 21 1763 0 -1 0 1218.328 14.140 -2951.037 1218.078 12.828 -2952.344 1218.765 14.843 -2950.375 cv-floorfringe-01-2x2
2219 0 21 1765 0 -1 0 1209.989 12.109 -2961.026 1209.109 11.375 -2961.766 1210.968 13.156 -2959.907 cv-floorfringe-01-2x2
2220 0 21 173 0 -1 0 1176.765 10.791 -3025.698 1175.593 10.750 -3026.313 1177.562 10.844 -3024.485 cv-floorfringe-01-2x2
2221 0 21 1766 0 -1 0 1164.796 11.682 -3034.875 1163.531 11.344 -3035.766 1166.015 12.125 -3034.297 cv-floorfringe-01-2x2
2222 0 21 1767 0 -1 0 1161.609 11.656 -3025.182 1161.203 10.906 -3025.860 1162.375 12.812 -3024.360 cv-floorfringe-01-2x2
2223 0 21 1769 0 -1 0 1137.698 13.922 -3037.547 1137.625 12.828 -3038.266 1137.812 14.750 -3036.188 cv-floorfringe-01-2x2
2224 0 21 1770 0 -1 0 1153.948 14.073 -3069.558 1153.734 12.890 -3070.422 1154.125 14.734 -3068.438 cv-floorfringe-01-2x2
2225 0 21 1771 0 -1 0 1138.776 14.109 -3046.818 1138.578 12.812 -3048.188 1138.922 14.812 -3046.094 cv-floorfringe-01-2x2
2226 0 21 1772 0 -1 0 1142.698 11.135 -3089.589 1141.844 10.937 -3090.766 1143.812 11.515 -3088.172 cv-floorfringe-01-2x2
2227 0 21 1773 0 -1 0 1150.234 10.786 -3078.604 1149.593 10.703 -3079.782 1151.437 10.844 -3077.985 cv-floorfringe-01-2x2
2228 0 21 1774 0 -1 0 1136.953 11.411 -3106.245 1135.750 11.062 -3107.266 1137.625 11.734 -3105.562 cv-floorfringe-01-2x2
2229 0 21 1775 0 -1 0 1134.995 10.599 -3109.719 1134.109 10.453 -3111.031 1135.984 10.687 -3108.297 cv-floorfringe-01-2x2
2230 0 21 1776 0 -1 0 1124.708 11.531 -3087.631 1122.687 11.265 -3088.953 1125.969 12.062 -3086.735 cv-floorfringe-01-2x2
2231 0 21 1777 0 -1 0 1121.062 10.692 -3089.396 1120.140 10.656 -3090.203 1122.875 10.765 -3088.063 cv-floorfringe-01-2x2
2232 0 21 1778 0 -1 0 1134.958 10.890 -3086.427 1133.906 10.687 -3087.094 1136.171 11.109 -3085.422 cv-floorfringe-01-2x2
2233 0 21 1779 0 -1 0 1148.568 29.703 -3104.714 1147.734 28.140 -3105.110 1149.062 30.484 -3104.032 cv-floorfringe-01-2x2
2234 0 21 1781 0 -1 0 1144.104 29.583 -3121.672 1143.328 28.109 -3122.219 1144.500 30.359 -3120.657 cv-floorfringe-01-2x2
2235 0 21 1782 0 -1 0 1137.484 10.656 -3128.802 1136.515 10.656 -3129.484 1138.156 10.656 -3127.454 cv-floorfringe-01-2x2
2236 0 21 1783 0 -1 0 1101.052 22.593 -3080.349 1100.484 22.531 -3082.000 1101.844 22.687 -3079.047 cv-floorfringe-01-2x2
2237 0 21 1784 0 -1 0 1102.604 11.005 -3101.000 1101.765 9.890 -3101.516 1103.625 12.656 -3100.126 cv-floorfringe-01-2x2
2238 0 21 1785 0 -1 0 1104.406 13.974 -3099.334 1103.546 12.656 -3100.391 1104.953 14.640 -3098.750 cv-floorfringe-01-2x2
2239 0 21 714 0 -1 0 1029.646 43.203 -3053.954 1029.375 42.484 -3054.672 1029.859 44.641 -3052.516 cv-floorfringe-01-2x2
2240 0 21 1787 0 -1 0 1029.864 42.672 -3046.854 1029.624 41.859 -3048.188 1030.125 44.016 -3046.188 cv-floorfringe-01-2x2
2241 0 21 1788 0 -1 0 1028.401 38.354 -3045.521 1028.062 37.656 -3046.188 1029.078 39.750 -3044.188 cv-floorfringe-01-2x2
2242 0 21 1789 0 -1 0 1020.942 37.656 -3066.115 1019.750 37.656 -3066.891 1021.562 37.656 -3064.641 cv-floorfringe-01-2x2
2243 0 21 1790 0 -1 0 1017.489 37.656 -3063.807 1016.234 37.656 -3065.110 1019.156 37.656 -3062.735 cv-floorfringe-01-2x2
2244 0 21 703 0 -1 0 1016.203 37.656 -3062.141 1015.328 37.656 -3063.578 1017.047 37.656 -3060.563 cv-floorfringe-01-2x2
2245 0 21 1791 0 -1 0 1013.416 37.656 -3058.667 1012.343 37.656 -3059.704 1014.875 37.656 -3058.078 cv-floorfringe-01-2x2
2246 0 21 1792 0 -1 0 987.370 40.989 -2978.542 985.984 39.656 -2978.954 988.094 41.796 -2978.141 cv-floorfringe-01-2x2
2247 0 21 1793 0 -1 0 985.354 38.411 -2977.511 984.344 37.672 -2978.235 986.531 39.719 -2977.047 cv-floorfringe-01-2x2
2248 0 21 1794 0 -1 0 972.536 38.609 -2973.131 971.937 38.187 -2974.516 972.890 38.906 -2971.657 cv-floorfringe-01-2x2
2249 0 21 1795 0 -1 0 982.317 38.588 -2964.568 982.078 37.984 -2965.703 982.625 39.766 -2963.875 cv-floorfringe-01-2x2
2250 0 21 1796 0 -1 0 942.250 33.958 -2941.672 941.969 32.984 -2942.484 942.453 34.484 -2940.360 cv-floorfringe-01-2x2
2251 0 21 437 0 -1 0 943.604 32.344 -2950.303 941.953 31.797 -2950.751 944.718 33.234 -2949.688 cv-floorfringe-01-2x2
2252 0 21 1797 0 -1 0 1087.619 18.672 -3067.026 1086.656 17.968 -3068.110 1088.124 19.234 -3066.157 cv-floorfringe-01-2x2
2253 0 21 1798 0 -1 0 1057.281 38.036 -3066.073 1056.031 37.859 -3066.985 1057.984 38.234 -3064.719 cv-floorfringe-01-2x2
2254 0 21 1799 0 -1 0 1061.411 17.479 -3069.557 1061.093 15.562 -3070.297 1061.671 18.531 -3068.297 cv-floorfringe-01-2x2
2255 0 21 1800 0 -1 0 1049.729 15.323 -3069.042 1048.344 14.656 -3069.563 1050.718 16.656 -3068.500 cv-floorfringe-01-2x2
2256 0 21 1801 0 -1 0 1043.526 18.036 -3068.203 1042.703 16.812 -3068.672 1045.109 18.656 -3067.563 cv-floorfringe-01-2x2
2257 0 21 1802 0 -1 0 1029.953 17.547 -3086.381 1029.422 15.968 -3086.594 1031.000 18.359 -3086.250 cv-floorfringe-01-2x2
2258 0 21 1803 0 -1 0 1020.802 37.656 -3090.219 1019.578 37.656 -3091.891 1021.593 37.656 -3088.969 cv-floorfringe-01-2x2
2259 0 21 313 0 -1 0 1017.463 41.750 -3091.573 1016.172 40.140 -3091.766 1018.187 42.593 -3091.250 cv-floorfringe-01-2x2
2260 0 21 1804 0 -1 0 1022.984 43.172 -3087.282 1022.531 42.390 -3088.766 1023.500 44.641 -3086.063 cv-floorfringe-01-2x2
2261 0 21 1805 0 -1 0 1018.864 46.057 -3090.735 1018.078 44.719 -3091.359 1020.359 46.781 -3090.157 cv-floorfringe-01-2x2
2262 0 21 1806 0 -1 0 1023.161 38.443 -3085.094 1023.031 37.656 -3085.891 1023.312 40.015 -3083.750 cv-floorfringe-01-2x2
2263 0 21 710 0 -1 0 1022.172 40.739 -3082.526 1021.765 39.531 -3083.844 1022.469 41.359 -3081.860 cv-floorfringe-01-2x2
2264 0 21 1807 0 -1 0 1035.885 10.870 -3106.256 1034.875 10.781 -3107.813 1036.562 11.031 -3105.032 cv-floorfringe-01-2x2
2265 0 21 1808 0 -1 0 1011.099 50.911 -3110.745 1010.156 50.875 -3111.641 1012.390 50.984 -3110.079 cv-floorfringe-01-2x2
2266 0 21 1809 0 -1 0 1029.187 37.656 -3106.927 1027.765 37.656 -3108.360 1030.000 37.656 -3106.125 cv-floorfringe-01-2x2
2267 0 21 1810 0 -1 0 1013.203 40.656 -3136.412 1011.969 40.656 -3137.406 1013.891 40.656 -3135.313 cv-floorfringe-01-2x2
2268 0 21 1811 0 -1 0 1106.640 30.656 -3165.808 1105.984 30.656 -3167.360 1107.828 30.656 -3164.719 cv-floorfringe-01-2x2
2269 0 21 1812 0 -1 0 1117.890 28.661 -3167.714 1116.828 28.656 -3168.625 1118.656 28.672 -3167.047 cv-floorfringe-01-2x2
2270 0 21 1813 0 -1 0 1095.510 10.599 -3166.891 1093.922 10.219 -3168.547 1096.703 11.015 -3165.891 cv-floorfringe-01-2x2
2271 0 21 1814 0 -1 0 1106.578 11.870 -3156.454 1104.687 11.203 -3157.719 1108.265 12.281 -3154.922 cv-floorfringe-01-2x2
2272 0 21 1815 0 -1 0 1109.187 28.656 -3181.844 1108.250 28.656 -3182.829 1110.562 28.656 -3180.954 cv-floorfringe-01-2x2
2273 0 21 1816 0 -1 0 1084.083 7.849 -3201.615 1083.046 7.531 -3202.454 1085.750 8.484 -3200.781 cv-floorfringe-01-2x2
2274 0 21 1818 0 -1 0 1083.640 7.375 -3212.073 1082.437 7.031 -3214.079 1084.999 7.968 -3210.469 cv-floorfringe-01-2x2
2275 0 21 1819 0 -1 0 1028.338 30.635 -3159.537 1027.249 30.171 -3160.312 1029.281 31.156 -3158.953 cv-floorfringe-01-2x2
2276 0 21 1820 0 -1 0 1054.031 40.755 -3190.657 1052.296 40.656 -3191.797 1055.531 40.953 -3189.657 cv-floorfringe-01-2x2
2277 0 21 1821 0 -1 0 1055.693 40.828 -3189.245 1054.859 40.656 -3190.516 1056.687 41.171 -3187.938 cv-floorfringe-01-2x2
2278 0 21 1822 0 -1 0 1044.927 30.656 -3186.662 1043.703 30.656 -3187.766 1045.624 30.656 -3186.063 cv-floorfringe-01-2x2
2279 0 21 1823 0 -1 0 1000.948 50.859 -3150.641 999.281 50.812 -3152.282 1001.812 50.922 -3149.312 cv-floorfringe-01-2x2
2280 0 21 1824 0 -1 0 1016.244 35.656 -3146.057 1015.343 35.656 -3147.719 1017.218 35.656 -3144.485 cv-floorfringe-01-2x2
2281 0 21 366 0 -1 0 1014.338 35.755 -3150.292 1013.531 35.671 -3151.016 1015.500 35.843 -3149.376 cv-floorfringe-01-2x2
2282 0 21 1825 0 -1 0 1005.088 45.656 -3157.162 1004.031 45.656 -3158.094 1005.640 45.656 -3156.126 cv-floorfringe-01-2x2
2283 0 21 1826 0 -1 0 1005.145 45.776 -3142.756 1004.296 45.703 -3144.094 1005.734 45.859 -3141.501 cv-floorfringe-01-2x2
2284 0 21 1827 0 -1 0 1002.620 46.354 -3145.881 1001.765 46.171 -3146.407 1003.718 46.640 -3144.969 cv-floorfringe-01-2x2
2285 0 21 1828 0 -1 0 997.338 36.047 -3177.511 996.078 35.812 -3178.109 998.140 36.422 -3176.438 cv-floorfringe-01-2x2
2286 0 21 1829 0 -1 0 1010.067 35.656 -3196.865 1009.390 35.656 -3197.563 1011.281 35.656 -3195.844 cv-floorfringe-01-2x2
2287 0 21 370 0 -1 0 1038.771 13.594 -3151.021 1037.984 13.344 -3152.610 1039.844 13.984 -3150.141 cv-floorfringe-01-2x2
2288 0 21 1830 0 -1 0 1041.218 14.192 -3158.719 1039.906 12.453 -3159.188 1042.844 16.093 -3158.219 cv-floorfringe-01-2x2
2289 0 21 1831 0 -1 0 1033.177 22.656 -3175.662 1032.046 22.656 -3177.235 1033.781 22.656 -3172.703 cv-floorfringe-01-2x2
2290 0 21 1832 0 -1 0 1045.744 11.323 -3171.396 1045.234 10.640 -3172.126 1046.609 12.672 -3170.094 cv-floorfringe-01-2x2
2291 0 21 1833 0 -1 0 1029.619 14.797 -3167.131 1029.609 13.937 -3168.501 1029.624 16.375 -3166.344 cv-floorfringe-01-2x2
2292 0 21 1834 0 -1 0 1032.729 14.921 -3170.354 1031.468 14.171 -3170.625 1033.359 16.375 -3170.109 cv-floorfringe-01-2x2
2293 0 21 1835 0 -1 0 1048.875 30.354 -3174.125 1047.625 29.984 -3175.563 1049.656 30.656 -3173.047 cv-floorfringe-01-2x2
2294 0 21 1836 0 -1 0 1075.302 9.468 -3189.948 1073.203 8.969 -3190.844 1076.374 10.109 -3189.156 cv-floorfringe-01-2x2
2295 0 21 670 0 -1 0 1074.083 10.771 -3222.589 1073.093 10.375 -3224.547 1075.078 11.171 -3220.891 cv-floorfringe-01-2x2
2296 0 22 1837 0 -1 0 1212.328 11.062 -2962.032 1210.968 10.859 -2963.860 1213.390 11.375 -2960.828 cv-floorfringe-02-2x2
2297 0 22 1838 0 -1 0 1210.140 11.109 -2965.448 1209.359 10.953 -2966.188 1211.531 11.312 -2964.000 cv-floorfringe-02-2x2
2298 0 22 1839 0 -1 0 1202.390 10.854 -2977.339 1201.703 10.750 -2978.047 1203.562 11.046 -2976.297 cv-floorfringe-02-2x2
2299 0 22 1840 0 -1 0 1205.000 11.094 -2966.969 1203.703 11.000 -2968.282 1205.656 11.203 -2966.297 cv-floorfringe-02-2x2
2300 0 22 1841 0 -1 0 1170.546 10.796 -3013.886 1169.734 10.750 -3014.829 1172.140 10.859 -3012.391 cv-floorfringe-02-2x2
2301 0 22 84 0 -1 0 1176.896 11.656 -3033.453 1175.453 11.484 -3034.157 1177.843 11.969 -3032.234 cv-floorfringe-02-2x2
2302 0 22 1842 0 -1 0 1174.364 10.906 -3030.907 1173.609 10.828 -3032.219 1175.812 11.015 -3030.235 cv-floorfringe-02-2x2
2303 0 22 1766 0 -1 0 1165.067 11.640 -3033.688 1163.531 11.344 -3034.563 1166.015 12.125 -3032.203 cv-floorfringe-02-2x2
2304 0 22 1843 0 -1 0 1162.286 10.854 -3030.948 1161.609 10.797 -3032.282 1163.625 10.890 -3030.266 cv-floorfringe-02-2x2
2305 0 22 1844 0 -1 0 1172.948 10.979 -3025.594 1171.625 10.844 -3026.282 1173.609 11.203 -3024.234 cv-floorfringe-02-2x2
2306 0 22 1845 0 -1 0 1170.302 11.026 -3022.917 1169.625 10.859 -3024.266 1171.656 11.297 -3022.219 cv-floorfringe-02-2x2
2307 0 22 1767 0 -1 0 1162.447 10.994 -3025.495 1161.249 10.828 -3026.266 1163.718 11.250 -3024.360 cv-floorfringe-02-2x2
2308 0 22 1846 0 -1 0 1152.572 10.812 -2994.282 1150.843 10.656 -2995.344 1153.547 11.031 -2992.641 cv-floorfringe-02-2x2
2309 0 22 188 0 -1 0 1152.963 10.890 -3037.797 1151.593 10.656 -3038.860 1153.672 11.328 -3036.266 cv-floorfringe-02-2x2
2310 0 22 1847 0 -1 0 1150.291 10.323 -3034.932 1149.624 10.156 -3036.266 1151.625 10.406 -3034.266 cv-floorfringe-02-2x2
2311 0 22 1848 0 -1 0 1141.072 10.531 -3037.573 1139.796 10.281 -3038.266 1141.750 10.656 -3036.266 cv-floorfringe-02-2x2
2312 0 22 58 0 -1 0 1133.229 10.130 -3106.886 1131.765 9.609 -3108.297 1134.109 10.453 -3106.141 cv-floorfringe-02-2x2
2313 0 22 1850 0 -1 0 1130.505 9.479 -3109.657 1129.734 9.343 -3110.438 1132.047 9.750 -3108.251 cv-floorfringe-02-2x2
2314 0 22 1851 0 -1 0 1139.750 25.656 -3109.167 1138.406 25.656 -3110.172 1140.984 25.656 -3108.172 cv-floorfringe-02-2x2
2315 0 22 1852 0 -1 0 1124.510 10.656 -3094.776 1122.734 10.656 -3096.266 1125.422 10.656 -3093.938 cv-floorfringe-02-2x2
2316 0 22 1772 0 -1 0 1141.354 10.896 -3089.735 1139.781 10.797 -3090.766 1142.438 10.953 -3088.172 cv-floorfringe-02-2x2
2317 0 22 1778 0 -1 0 1134.692 10.953 -3087.579 1133.906 10.875 -3088.875 1136.171 11.109 -3086.766 cv-floorfringe-02-2x2
2318 0 22 1853 0 -1 0 1146.333 10.708 -3078.787 1145.672 10.671 -3080.094 1147.656 10.765 -3078.110 cv-floorfringe-02-2x2
2319 0 22 1854 0 -1 0 1130.822 10.708 -3126.276 1129.968 10.625 -3127.860 1132.343 10.859 -3125.203 cv-floorfringe-02-2x2
2320 0 22 1855 0 -1 0 1011.505 44.656 -2977.396 1010.094 44.656 -2978.141 1012.296 44.656 -2975.938 cv-floorfringe-02-2x2
2321 0 22 1856 0 -1 0 1004.625 44.656 -2977.542 1003.922 44.656 -2978.251 1005.969 44.656 -2976.141 cv-floorfringe-02-2x2
2322 0 22 1788 0 -1 0 1028.406 38.391 -3046.829 1028.062 37.656 -3048.110 1029.078 39.750 -3046.188 cv-floorfringe-02-2x2
2323 0 22 1857 0 -1 0 1015.395 37.656 -3034.854 1014.062 37.656 -3036.188 1016.062 37.656 -3034.188 cv-floorfringe-02-2x2
2324 0 22 1794 0 -1 0 973.416 38.349 -2973.422 972.781 38.125 -2974.516 974.578 38.734 -2971.657 cv-floorfringe-02-2x2
2325 0 22 1858 0 -1 0 955.359 31.760 -2953.636 954.062 31.719 -2954.329 956.047 31.844 -2952.344 cv-floorfringe-02-2x2
2326 0 22 437 0 -1 0 943.604 31.823 -2951.177 941.953 31.672 -2952.312 944.718 32.000 -2950.469 cv-floorfringe-02-2x2
2327 0 22 1859 0 -1 0 940.166 31.609 -2953.678 939.297 31.609 -2954.407 941.797 31.609 -2952.297 cv-floorfringe-02-2x2
2328 0 22 1860 0 -1 0 943.469 31.640 -2958.844 942.203 31.609 -2960.110 944.140 31.656 -2958.188 cv-floorfringe-02-2x2
2329 0 22 1861 0 -1 0 963.385 37.656 -3003.026 962.094 37.656 -3004.500 964.047 37.656 -3002.282 cv-floorfringe-02-2x2
2330 0 22 75 0 -1 0 1058.046 37.817 -3074.006 1056.703 37.624 -3075.141 1059.062 37.922 -3072.516 cv-floorfringe-02-2x2
2331 0 22 47 0 -1 0 1054.844 37.948 -3071.834 1053.609 37.781 -3073.204 1056.031 38.125 -3070.844 cv-floorfringe-02-2x2
2332 0 22 1863 0 -1 0 1046.271 11.927 -3105.693 1045.640 11.922 -3106.438 1047.484 11.937 -3104.297 cv-floorfringe-02-2x2
2333 0 22 1864 0 -1 0 1044.828 10.989 -3098.563 1043.296 10.859 -3100.047 1045.609 11.250 -3097.766 cv-floorfringe-02-2x2
2334 0 22 1866 0 -1 0 1042.197 11.557 -3101.443 1041.328 11.234 -3102.188 1043.640 11.796 -3099.969 cv-floorfringe-02-2x2
2335 0 22 59 0 -1 0 1020.739 37.656 -3061.823 1019.156 37.656 -3062.735 1021.562 37.656 -3060.297 cv-floorfringe-02-2x2
2336 0 22 1867 0 -1 0 1017.958 37.656 -3059.047 1017.047 37.656 -3060.563 1019.531 37.656 -3058.282 cv-floorfringe-02-2x2
2337 0 22 1868 0 -1 0 1034.495 37.656 -3069.526 1033.750 37.656 -3070.266 1035.938 37.656 -3068.126 cv-floorfringe-02-2x2
2338 0 22 1869 0 -1 0 1018.468 38.484 -3090.469 1017.796 37.656 -3091.250 1019.578 40.140 -3089.797 cv-floorfringe-02-2x2
2339 0 22 1804 0 -1 0 1023.244 41.630 -3086.907 1022.922 40.015 -3088.766 1023.500 42.484 -3085.891 cv-floorfringe-02-2x2
2340 0 22 1870 0 -1 0 1026.343 37.656 -3097.516 1025.672 37.656 -3098.188 1027.671 37.656 -3096.172 cv-floorfringe-02-2x2
2341 0 22 1803 0 -1 0 1022.213 37.656 -3090.224 1021.234 37.656 -3091.891 1023.812 37.656 -3088.969 cv-floorfringe-02-2x2
2342 0 22 1871 0 -1 0 1029.057 37.656 -3075.037 1027.515 37.656 -3076.547 1029.953 37.656 -3074.266 cv-floorfringe-02-2x2
2343 0 22 1872 0 -1 0 1026.500 37.656 -3077.761 1025.594 37.656 -3078.594 1028.109 37.656 -3076.344 cv-floorfringe-02-2x2
2344 0 22 1873 0 -1 0 1040.927 11.469 -3106.922 1039.468 11.297 -3108.313 1041.874 11.734 -3106.063 cv-floorfringe-02-2x2
2345 0 22 1874 0 -1 0 1037.818 10.588 -3115.282 1037.015 10.468 -3116.563 1039.172 10.687 -3114.578 cv-floorfringe-02-2x2
2346 0 22 1875 0 -1 0 1017.146 40.656 -3130.750 1015.688 40.656 -3132.422 1017.984 40.656 -3129.688 cv-floorfringe-02-2x2
2347 0 22 1876 0 -1 0 1024.927 35.750 -3134.391 1023.328 35.687 -3135.922 1025.765 35.843 -3133.579 cv-floorfringe-02-2x2
2348 0 22 1877 0 -1 0 1022.172 35.802 -3137.323 1021.344 35.703 -3138.078 1023.593 35.890 -3135.812 cv-floorfringe-02-2x2
2349 0 22 1878 0 -1 0 1033.093 22.453 -3121.485 1031.719 22.265 -3122.219 1033.796 22.594 -3120.156 cv-floorfringe-02-2x2
2350 0 22 1879 0 -1 0 1115.401 35.656 -3166.807 1114.156 35.656 -3168.078 1116.828 35.656 -3164.876 cv-floorfringe-02-2x2
2351 0 22 1880 0 -1 0 1097.042 10.192 -3155.182 1095.688 10.078 -3157.172 1097.734 10.312 -3154.188 cv-floorfringe-02-2x2
2352 0 22 1881 0 -1 0 1094.349 10.208 -3157.813 1093.671 10.046 -3159.063 1095.703 10.375 -3156.188 cv-floorfringe-02-2x2
2353 0 22 1882 0 -1 0 1116.745 29.234 -3174.532 1115.156 28.984 -3176.063 1117.546 29.453 -3173.532 cv-floorfringe-02-2x2
2354 0 22 49 0 -1 0 1113.895 28.896 -3177.198 1113.093 28.797 -3178.125 1115.328 29.093 -3175.500 cv-floorfringe-02-2x2
2355 0 22 1883 0 -1 0 1122.348 28.937 -3170.631 1121.687 28.812 -3172.094 1123.671 29.172 -3169.719 cv-floorfringe-02-2x2
2356 0 22 51 0 -1 0 1101.026 30.656 -3181.089 1099.890 30.656 -3181.875 1101.671 30.656 -3179.938 cv-floorfringe-02-2x2
2357 0 22 1884 0 -1 0 1098.130 30.562 -3178.422 1096.749 30.484 -3179.813 1099.562 30.640 -3177.641 cv-floorfringe-02-2x2
2358 0 22 50 0 -1 0 1106.583 30.656 -3170.547 1105.765 30.656 -3172.094 1108.125 30.656 -3169.704 cv-floorfringe-02-2x2
2359 0 22 1885 0 -1 0 1101.521 30.614 -3166.245 1100.594 30.531 -3167.656 1102.000 30.656 -3165.172 cv-floorfringe-02-2x2
2360 0 22 1886 0 -1 0 1081.073 10.531 -3182.829 1079.672 10.421 -3184.110 1081.874 10.593 -3182.188 cv-floorfringe-02-2x2
2361 0 22 1887 0 -1 0 1077.521 10.161 -3185.224 1076.328 10.015 -3185.782 1079.672 10.406 -3184.110 cv-floorfringe-02-2x2
2362 0 22 1818 0 -1 0 1081.922 7.697 -3212.047 1079.844 7.031 -3214.079 1083.484 8.093 -3210.469 cv-floorfringe-02-2x2
2363 0 22 1888 0 -1 0 1045.036 29.968 -3173.448 1043.625 29.718 -3175.547 1045.875 30.187 -3172.391 cv-floorfringe-02-2x2
2364 0 22 1889 0 -1 0 1042.479 30.599 -3177.255 1041.718 30.562 -3178.266 1043.968 30.640 -3175.469 cv-floorfringe-02-2x2
2365 0 22 1890 0 -1 0 1054.823 41.474 -3182.683 1053.922 41.218 -3184.063 1056.250 41.625 -3181.907 cv-floorfringe-02-2x2
2366 0 22 1891 0 -1 0 1053.906 41.437 -3186.657 1052.250 41.171 -3187.938 1054.859 41.640 -3185.985 cv-floorfringe-02-2x2
2367 0 22 1892 0 -1 0 1050.583 41.073 -3188.839 1049.687 40.953 -3189.657 1052.296 41.281 -3187.547 cv-floorfringe-02-2x2
2368 0 22 1893 0 -1 0 1037.390 30.656 -3187.047 1035.843 30.656 -3188.578 1038.422 30.656 -3186.266 cv-floorfringe-02-2x2
2369 0 22 1894 0 -1 0 1034.671 30.656 -3189.584 1033.859 30.656 -3190.391 1036.281 30.656 -3188.251 cv-floorfringe-02-2x2
2370 0 22 78 0 -1 0 1037.562 40.760 -3193.953 1036.265 40.656 -3195.313 1039.343 40.922 -3192.781 cv-floorfringe-02-2x2
2371 0 22 66 0 -1 0 1018.557 35.656 -3189.474 1017.765 35.656 -3190.157 1020.125 35.656 -3188.204 cv-floorfringe-02-2x2
2372 0 22 1895 0 -1 0 1020.745 35.656 -3146.511 1019.140 35.656 -3148.047 1021.578 35.656 -3145.500 cv-floorfringe-02-2x2
2373 0 22 1896 0 -1 0 1018.104 35.666 -3149.302 1017.218 35.656 -3150.126 1019.578 35.687 -3147.719 cv-floorfringe-02-2x2
2374 0 22 1897 0 -1 0 1009.088 45.703 -3142.646 1007.766 45.656 -3144.250 1009.765 45.766 -3141.813 cv-floorfringe-02-2x2
2375 0 22 1898 0 -1 0 1006.370 45.750 -3145.480 1005.687 45.672 -3146.172 1007.688 45.812 -3144.094 cv-floorfringe-02-2x2
2376 0 22 1899 0 -1 0 1016.104 35.656 -3161.099 1014.672 35.656 -3161.751 1016.969 35.656 -3159.969 cv-floorfringe-02-2x2
2377 0 22 1900 0 -1 0 1008.979 35.656 -3177.480 1007.640 35.656 -3178.172 1009.656 35.656 -3176.125 cv-floorfringe-02-2x2
2378 0 22 1901 0 -1 0 1010.348 35.656 -3190.839 1009.687 35.656 -3192.156 1011.671 35.656 -3190.172 cv-floorfringe-02-2x2
2379 0 22 1816 0 -1 0 1082.057 7.542 -3201.881 1079.672 7.531 -3202.454 1083.453 7.562 -3200.781 cv-floorfringe-02-2x2
2380 0 22 1902 0 -1 0 1077.562 8.724 -3191.964 1076.374 8.531 -3192.532 1079.672 8.969 -3190.844 cv-floorfringe-02-2x2
2381 0 22 670 0 -1 0 1075.349 10.161 -3222.365 1074.078 9.343 -3224.547 1076.890 10.765 -3220.891 cv-floorfringe-02-2x2
2382 0 25 1969 0 -1 0 1214.437 11.500 -2970.370 1213.515 10.781 -2971.016 1215.234 12.750 -2969.922 cv-floorfringe-03-2x2
2383 0 25 1970 0 -1 0 1210.875 12.135 -2970.469 1210.140 11.375 -2970.703 1211.671 13.422 -2970.297 cv-floorfringe-03-2x2
2384 0 25 502 0 -1 0 1193.594 11.036 -2969.282 1192.578 10.890 -2969.985 1195.078 11.156 -2968.141 cv-floorfringe-03-2x2
2385 0 25 1971 0 -1 0 1200.802 11.276 -2966.766 1199.578 11.187 -2968.234 1201.594 11.344 -2965.828 cv-floorfringe-03-2x2
2386 0 25 1972 0 -1 0 1208.604 11.687 -2962.610 1207.343 11.312 -2964.000 1209.359 11.953 -2961.766 cv-floorfringe-03-2x2
2387 0 25 1973 0 -1 0 1206.318 11.166 -2965.625 1205.656 11.062 -2966.297 1207.578 11.359 -2964.344 cv-floorfringe-03-2x2
2388 0 25 1974 0 -1 0 1173.896 11.068 -3015.839 1172.140 10.859 -3017.063 1175.187 11.391 -3014.829 cv-floorfringe-03-2x2
2389 0 25 1845 0 -1 0 1170.302 11.057 -3021.589 1169.625 10.922 -3022.266 1171.656 11.297 -3020.282 cv-floorfringe-03-2x2
2390 0 25 1975 0 -1 0 1175.213 10.833 -3014.084 1174.125 10.765 -3015.625 1176.328 10.953 -3012.578 cv-floorfringe-03-2x2
2391 0 25 1766 0 -1 0 1166.448 11.969 -3033.511 1165.656 11.453 -3034.563 1167.672 12.328 -3032.203 cv-floorfringe-03-2x2
2392 0 25 1842 0 -1 0 1172.968 10.911 -3030.875 1171.625 10.828 -3032.219 1173.671 11.015 -3030.172 cv-floorfringe-03-2x2
2393 0 25 1976 0 -1 0 1173.995 11.432 -3035.037 1172.953 11.265 -3036.204 1175.453 11.515 -3034.157 cv-floorfringe-03-2x2
2394 0 25 1977 0 -1 0 1158.521 11.437 -3026.709 1157.734 10.750 -3027.235 1159.640 12.797 -3026.109 cv-floorfringe-03-2x2
2395 0 25 1978 0 -1 0 1160.682 14.047 -3025.386 1159.688 12.812 -3025.782 1161.203 14.672 -3025.047 cv-floorfringe-03-2x2
2396 0 25 1979 0 -1 0 1152.776 11.421 -3026.870 1151.750 10.750 -3027.235 1153.734 12.765 -3026.594 cv-floorfringe-03-2x2
2397 0 25 86 0 -1 0 1160.890 10.859 -3035.078 1159.609 10.765 -3036.531 1161.578 10.937 -3034.344 cv-floorfringe-03-2x2
2398 0 25 1980 0 -1 0 1138.427 11.489 -3045.516 1138.234 10.687 -3046.188 1138.578 12.812 -3044.188 cv-floorfringe-03-2x2
2399 0 25 1769 0 -1 0 1137.828 14.078 -3038.881 1137.625 12.828 -3040.188 1138.203 14.750 -3038.188 cv-floorfringe-03-2x2
2400 0 25 1981 0 -1 0 1152.385 10.822 -3077.354 1151.437 10.703 -3077.985 1153.234 10.953 -3076.157 cv-floorfringe-03-2x2
2401 0 25 1982 0 -1 0 1141.208 11.203 -3081.490 1140.047 11.109 -3082.157 1141.797 11.312 -3080.188 cv-floorfringe-03-2x2
2402 0 25 58 0 -1 0 1134.401 10.443 -3105.381 1133.640 9.937 -3106.141 1135.750 11.062 -3104.094 cv-floorfringe-03-2x2
2403 0 25 1772 0 -1 0 1141.208 10.823 -3091.037 1139.781 10.719 -3092.078 1142.438 10.953 -3090.266 cv-floorfringe-03-2x2
2404 0 25 37 0 -1 0 1138.244 10.708 -3093.417 1137.640 10.656 -3094.141 1139.375 10.797 -3092.172 cv-floorfringe-03-2x2
2405 0 25 414 0 -1 0 1133.583 10.354 -3111.344 1132.047 9.750 -3112.563 1134.890 10.656 -3110.438 cv-floorfringe-03-2x2
2406 0 25 1854 0 -1 0 1130.724 10.526 -3124.985 1129.859 10.312 -3125.766 1132.343 10.640 -3123.984 cv-floorfringe-03-2x2
2407 0 25 1983 0 -1 0 1137.901 25.656 -3119.276 1136.484 25.656 -3120.156 1139.296 25.656 -3118.406 cv-floorfringe-03-2x2
2408 0 25 1984 0 -1 0 1016.723 44.656 -2978.912 1016.046 44.656 -2980.188 1018.000 44.656 -2978.219 cv-floorfringe-03-2x2
2409 0 25 1986 0 -1 0 1015.380 44.656 -2977.547 1014.109 44.656 -2978.219 1016.046 44.656 -2976.282 cv-floorfringe-03-2x2
2410 0 25 71 0 -1 0 942.114 32.208 -2945.735 941.718 31.609 -2946.344 942.547 33.406 -2944.625 cv-floorfringe-03-2x2
2411 0 25 1988 0 -1 0 942.448 34.724 -2945.938 941.546 33.406 -2946.235 943.250 35.391 -2945.626 cv-floorfringe-03-2x2
2412 0 25 1796 0 -1 0 942.333 34.041 -2942.906 941.969 32.984 -2944.063 942.578 34.656 -2942.172 cv-floorfringe-03-2x2
2413 0 25 1989 0 -1 0 1071.271 15.979 -3065.198 1070.750 15.265 -3066.172 1071.734 17.375 -3064.172 cv-floorfringe-03-2x2
2414 0 25 1990 0 -1 0 1067.125 15.380 -3073.792 1065.999 14.765 -3074.094 1068.374 16.375 -3073.313 cv-floorfringe-03-2x2
2415 0 25 1991 0 -1 0 1051.682 17.989 -3068.084 1050.718 16.656 -3068.500 1053.015 18.656 -3067.313 cv-floorfringe-03-2x2
2416 0 25 1992 0 -1 0 1061.432 14.104 -3071.391 1060.515 13.031 -3072.735 1062.312 15.562 -3070.297 cv-floorfringe-03-2x2
2417 0 25 1993 0 -1 0 1063.109 13.390 -3070.766 1062.312 13.031 -3072.016 1064.140 13.953 -3069.141 cv-floorfringe-03-2x2
2418 0 25 1801 0 -1 0 1042.161 18.067 -3068.422 1041.015 16.812 -3068.672 1042.765 18.734 -3068.219 cv-floorfringe-03-2x2
2419 0 25 1871 0 -1 0 1028.953 37.656 -3073.589 1027.515 37.656 -3074.297 1029.703 37.656 -3072.203 cv-floorfringe-03-2x2
2420 0 25 59 0 -1 0 1022.203 37.656 -3063.141 1021.500 37.656 -3064.641 1023.593 37.656 -3062.344 cv-floorfringe-03-2x2
2421 0 25 1802 0 -1 0 1028.802 17.604 -3086.198 1027.547 15.968 -3086.297 1029.437 18.484 -3086.047 cv-floorfringe-03-2x2
2422 0 25 1994 0 -1 0 1035.646 14.864 -3089.401 1035.124 13.922 -3089.922 1036.500 15.968 -3088.953 cv-floorfringe-03-2x2
2423 0 25 1995 0 -1 0 1122.447 10.765 -3141.964 1121.765 10.671 -3142.735 1123.718 10.844 -3140.453 cv-floorfringe-03-2x2
2424 0 25 1996 0 -1 0 1129.130 10.797 -3139.167 1127.766 10.687 -3140.719 1129.999 10.875 -3138.329 cv-floorfringe-03-2x2
2425 0 25 1997 0 -1 0 1083.526 8.015 -3198.490 1082.484 7.562 -3199.125 1085.344 8.796 -3197.469 cv-floorfringe-03-2x2
2426 0 25 1998 0 -1 0 1031.015 30.661 -3175.193 1030.265 30.656 -3176.516 1032.078 30.672 -3174.328 cv-floorfringe-03-2x2
2427 0 25 1894 0 -1 0 1033.166 30.656 -3189.448 1031.766 30.656 -3190.110 1033.874 30.656 -3188.251 cv-floorfringe-03-2x2
2428 0 25 1999 0 -1 0 998.229 50.755 -3148.281 997.640 50.672 -3149.312 999.281 50.844 -3146.922 cv-floorfringe-03-2x2
2429 0 25 2000 0 -1 0 994.922 35.718 -3178.948 994.203 35.656 -3180.360 996.078 35.812 -3178.109 cv-floorfringe-03-2x2
2430 0 25 370 0 -1 0 1038.578 13.833 -3149.349 1037.906 13.344 -3150.313 1039.844 14.171 -3147.594 cv-floorfringe-03-2x2
2431 0 25 2001 0 -1 0 1075.411 8.968 -3193.052 1072.906 8.422 -3194.188 1076.687 9.812 -3192.454 cv-floorfringe-03-2x2
2432 0 25 1887 0 -1 0 1075.052 10.276 -3185.037 1072.265 10.062 -3185.782 1076.562 10.406 -3184.110 cv-floorfringe-03-2x2
2433 0 25 1818 0 -1 0 1081.890 7.625 -3210.250 1079.844 7.031 -3211.594 1083.484 8.093 -3208.688 cv-floorfringe-03-2x2
2434 0 25 85 0 -1 0 1152.286 10.052 -2998.526 1150.937 9.890 -2999.500 1153.078 10.328 -2997.000 cv-floorfringe-03-2x2
2435 0 25 181 0 -1 0 1147.875 11.619 -2994.604 1146.937 11.344 -2996.282 1148.984 11.906 -2992.938 cv-floorfringe-03-2x2
2436 0 25 2002 0 -1 0 1142.218 26.479 -3106.443 1141.640 25.656 -3106.750 1143.343 28.125 -3106.235 cv-floorfringe-03-2x2
2437 0 25 1776 0 -1 0 1126.390 11.770 -3088.120 1125.468 11.265 -3088.953 1127.734 12.062 -3087.203 cv-floorfringe-03-2x2
2438 0 25 2003 0 -1 0 1145.104 26.474 -3122.089 1144.484 25.656 -3122.203 1146.203 28.109 -3121.922 cv-floorfringe-03-2x2
2439 0 25 792 0 -1 0 1148.250 29.646 -3118.349 1148.234 28.125 -3119.703 1148.281 30.453 -3117.672 cv-floorfringe-03-2x2
2440 0 25 1782 0 -1 0 1137.749 10.656 -3130.412 1136.515 10.656 -3132.282 1138.578 10.656 -3129.469 cv-floorfringe-03-2x2
2441 0 25 554 0 -1 0 1107.917 17.807 -3079.818 1106.875 17.687 -3080.501 1109.578 17.968 -3078.469 cv-floorfringe-03-2x2
2442 0 25 1785 0 -1 0 1105.093 13.833 -3098.136 1104.718 12.656 -3098.860 1105.609 14.640 -3096.797 cv-floorfringe-03-2x2
2443 0 25 1791 0 -1 0 1013.286 37.656 -3057.500 1012.343 37.656 -3058.219 1014.875 37.656 -3056.203 cv-floorfringe-03-2x2
2444 0 25 45 0 -1 0 996.620 44.656 -2977.563 995.937 44.656 -2978.172 997.984 44.656 -2976.376 cv-floorfringe-03-2x2
2445 0 25 1794 0 -1 0 973.573 38.391 -2974.933 972.890 38.125 -2976.188 974.578 38.734 -2974.094 cv-floorfringe-03-2x2
2446 0 25 1793 0 -1 0 984.536 38.588 -2976.651 984.078 37.844 -2977.250 985.187 39.719 -2975.656 cv-floorfringe-03-2x2
2447 0 25 2004 0 -1 0 967.270 37.656 -3002.756 966.015 37.656 -3003.938 968.062 37.656 -3002.125 cv-floorfringe-03-2x2
2448 0 25 2005 0 -1 0 964.562 37.656 -3005.860 963.969 37.656 -3006.797 965.703 37.656 -3004.500 cv-floorfringe-03-2x2
2449 0 25 2006 0 -1 0 963.474 37.656 -2997.011 962.062 37.656 -2997.907 964.250 37.656 -2995.235 cv-floorfringe-03-2x2
2450 0 25 316 0 -1 0 1019.588 53.656 -3109.776 1018.281 53.656 -3111.313 1020.625 53.656 -3108.938 cv-floorfringe-03-2x2
2451 0 25 2007 0 -1 0 1057.250 37.692 -3069.901 1056.031 37.593 -3070.844 1057.937 37.781 -3068.422 cv-floorfringe-03-2x2
2452 0 25 2008 0 -1 0 1054.786 38.453 -3068.052 1054.031 38.234 -3069.547 1056.031 38.765 -3066.985 cv-floorfringe-03-2x2
2453 0 25 1798 0 -1 0 1058.510 37.874 -3065.839 1057.828 37.750 -3066.516 1059.718 38.015 -3064.719 cv-floorfringe-03-2x2
2454 0 25 2009 0 -1 0 1041.604 10.723 -3096.896 1040.422 10.656 -3097.766 1043.296 10.859 -3095.734 cv-floorfringe-03-2x2
2455 0 25 1803 0 -1 0 1022.515 37.656 -3088.761 1021.234 37.656 -3089.813 1023.812 37.656 -3087.500 cv-floorfringe-03-2x2
2456 0 25 2010 0 -1 0 1036.755 10.687 -3117.922 1035.531 10.609 -3118.844 1037.468 10.781 -3116.563 cv-floorfringe-03-2x2
2457 0 25 2011 0 -1 0 1112.234 35.656 -3154.745 1110.750 35.656 -3156.188 1113.187 35.656 -3153.860 cv-floorfringe-03-2x2
2458 0 25 2012 0 -1 0 1102.557 30.557 -3169.193 1101.937 30.500 -3170.000 1103.766 30.640 -3167.656 cv-floorfringe-03-2x2
2459 0 25 2013 0 -1 0 1129.010 29.239 -3173.219 1127.688 28.984 -3174.016 1129.765 29.468 -3171.704 cv-floorfringe-03-2x2
2460 0 25 2014 0 -1 0 1118.583 28.744 -3169.714 1117.797 28.672 -3170.282 1119.766 28.797 -3168.625 cv-floorfringe-03-2x2
2461 0 25 1813 0 -1 0 1094.552 10.323 -3165.448 1093.828 10.187 -3166.235 1095.906 10.562 -3164.219 cv-floorfringe-03-2x2
2462 0 25 2015 0 -1 0 1097.921 30.656 -3183.922 1097.109 30.656 -3185.032 1098.624 30.656 -3182.453 cv-floorfringe-03-2x2
2463 0 25 2016 0 -1 0 1100.974 30.583 -3177.323 1099.562 30.562 -3178.047 1101.703 30.625 -3176.110 cv-floorfringe-03-2x2
2464 0 25 1815 0 -1 0 1109.453 28.656 -3180.646 1108.750 28.656 -3181.750 1110.562 28.656 -3179.235 cv-floorfringe-03-2x2
2465 0 25 2017 0 -1 0 1045.010 40.437 -3194.735 1043.749 40.390 -3196.047 1045.640 40.468 -3194.031 cv-floorfringe-03-2x2
2466 0 25 2018 0 -1 0 1034.182 41.020 -3198.219 1033.515 40.922 -3199.454 1035.406 41.093 -3197.454 cv-floorfringe-03-2x2
2467 0 25 2019 0 -1 0 1027.318 40.593 -3193.615 1026.640 40.546 -3194.844 1028.641 40.640 -3193.001 cv-floorfringe-03-2x2
2468 0 25 2020 0 -1 0 1013.656 33.552 -3162.927 1013.062 33.547 -3164.078 1014.672 33.562 -3162.141 cv-floorfringe-03-2x2
2469 0 25 66 0 -1 0 1017.010 35.656 -3190.610 1015.656 35.656 -3191.672 1017.765 35.656 -3190.063 cv-floorfringe-03-2x2
2470 0 25 2021 0 -1 0 1008.947 35.656 -3194.646 1007.672 35.656 -3195.844 1009.640 35.656 -3194.047 cv-floorfringe-03-2x2
2471 0 25 2022 0 -1 0 1029.052 15.255 -3159.271 1028.953 14.249 -3160.344 1029.250 16.797 -3158.657 cv-floorfringe-03-2x2
2472 0 25 2023 0 -1 0 1029.640 18.062 -3166.063 1029.609 16.375 -3167.516 1029.703 19.250 -3164.126 cv-floorfringe-03-2x2
2473 0 25 2024 0 -1 0 1044.984 22.656 -3172.953 1043.515 22.656 -3175.157 1045.937 22.656 -3170.812 cv-floorfringe-03-2x2
2474 0 25 100 0 -1 0 1040.484 15.203 -3170.125 1039.328 14.531 -3170.422 1041.078 16.172 -3169.844 cv-floorfringe-03-2x2
2475 0 25 2025 0 -1 0 1034.036 17.536 -3170.610 1033.359 16.375 -3170.625 1035.375 18.546 -3170.594 cv-floorfringe-03-2x2
2476 0 25 2026 0 -1 0 1085.807 18.520 -3239.141 1083.281 17.265 -3239.500 1087.859 19.515 -3238.782 cv-floorfringe-03-2x2
2477 0 25 670 0 -1 0 1074.859 9.890 -3220.401 1073.609 9.343 -3221.657 1076.890 10.375 -3218.656 cv-floorfringe-03-2x2
2478 0 26 44 0 -1 0 1009.140 37.656 -3034.839 1008.218 37.656 -3036.078 1010.141 37.656 -3034.203 cv-floorfringe-04-2x2
2479 0 26 2027 0 -1 0 1027.281 37.656 -3038.860 1025.953 37.656 -3040.188 1028.031 37.656 -3038.188 cv-floorfringe-04-2x2
2480 0 26 2028 0 -1 0 975.718 37.656 -2981.438 974.640 37.656 -2982.141 976.265 37.656 -2980.141 cv-floorfringe-04-2x2
2481 0 26 2029 0 -1 0 1041.734 37.693 -3069.063 1040.609 37.656 -3070.157 1042.437 37.766 -3067.641 cv-floorfringe-04-2x2
2482 0 26 2030 0 -1 0 1041.942 10.588 -3090.631 1041.343 10.484 -3091.969 1043.140 10.640 -3089.719 cv-floorfringe-04-2x2
2483 0 26 2031 0 -1 0 1050.359 12.255 -3110.860 1049.468 11.969 -3112.016 1051.828 12.469 -3110.094 cv-floorfringe-04-2x2
2484 0 26 2032 0 -1 0 1048.838 12.182 -3109.563 1047.453 11.796 -3110.188 1049.781 12.421 -3108.407 cv-floorfringe-04-2x2
2485 0 26 1863 0 -1 0 1046.219 11.870 -3107.026 1045.531 11.749 -3108.297 1047.484 11.937 -3106.344 cv-floorfringe-04-2x2
2486 0 26 2033 0 -1 0 1021.828 35.687 -3127.084 1021.140 35.562 -3128.234 1022.828 35.859 -3126.500 cv-floorfringe-04-2x2
2487 0 26 2034 0 -1 0 1112.291 35.744 -3150.766 1111.250 35.593 -3152.016 1112.937 35.953 -3149.875 cv-floorfringe-04-2x2
2488 0 26 2035 0 -1 0 1121.072 10.849 -3138.990 1119.734 10.781 -3140.453 1121.765 10.890 -3138.251 cv-floorfringe-04-2x2
2489 0 26 2013 0 -1 0 1130.442 29.078 -3173.115 1129.578 28.984 -3173.938 1131.984 29.266 -3171.704 cv-floorfringe-04-2x2
2490 0 26 2036 0 -1 0 1066.614 41.036 -3182.808 1065.843 40.922 -3183.907 1068.140 41.125 -3182.157 cv-floorfringe-04-2x2
2491 0 26 2037 0 -1 0 1028.927 30.974 -3169.651 1027.578 30.656 -3170.907 1029.624 31.609 -3168.250 cv-floorfringe-04-2x2
2492 0 26 94 0 -1 0 1029.604 34.812 -3183.063 1028.172 34.468 -3184.344 1030.453 35.031 -3182.406 cv-floorfringe-04-2x2
2493 0 26 2038 0 -1 0 1026.099 40.651 -3195.938 1025.078 40.640 -3196.907 1026.671 40.656 -3194.844 cv-floorfringe-04-2x2
2494 0 26 2039 0 -1 0 1009.354 45.797 -3137.459 1008.546 45.437 -3139.203 1009.937 46.187 -3136.094 cv-floorfringe-04-2x2
2495 0 26 2040 0 -1 0 1006.505 45.953 -3141.131 1005.406 45.766 -3141.813 1007.766 46.234 -3140.078 cv-floorfringe-04-2x2
2496 0 26 1810 0 -1 0 1014.422 40.656 -3136.854 1013.750 40.656 -3137.844 1015.625 40.656 -3135.313 cv-floorfringe-04-2x2
2497 0 26 52 0 -1 0 1009.698 35.656 -3170.474 1008.750 35.656 -3171.860 1010.359 35.656 -3169.657 cv-floorfringe-04-2x2
2498 0 26 1831 0 -1 0 1034.390 22.656 -3175.636 1033.703 22.656 -3177.235 1035.687 22.656 -3172.703 cv-floorfringe-04-2x2
2499 0 26 1832 0 -1 0 1046.656 10.651 -3171.865 1045.234 10.640 -3173.376 1048.124 10.656 -3170.094 cv-floorfringe-04-2x2
2500 0 26 2041 0 -1 0 1080.489 14.140 -3237.870 1079.141 13.172 -3239.094 1082.093 14.828 -3236.313 cv-floorfringe-04-2x2
2501 0 26 53 0 -1 0 1072.703 13.687 -3231.552 1070.594 12.515 -3232.594 1074.187 15.109 -3229.969 cv-floorfringe-04-2x2
2502 0 26 2042 0 -1 0 1029.906 22.781 -3158.011 1029.062 22.578 -3158.953 1031.250 23.109 -3156.344 cv-floorfringe-04-2x2
2503 0 27 2044 0 -1 0 1160.265 43.073 -3065.933 1158.625 42.343 -3066.251 1161.484 44.390 -3065.672 cv-wall-wave-01
2504 0 27 2046 0 -1 0 1136.396 45.937 -3127.344 1135.922 44.500 -3127.985 1137.140 46.796 -3126.813 cv-wall-wave-01
2505 0 27 2047 0 -1 0 1135.484 43.145 -3127.266 1134.375 42.203 -3127.766 1136.124 44.500 -3126.797 cv-wall-wave-01
2506 0 27 2048 0 -1 0 1143.645 29.703 -3075.219 1143.390 28.859 -3076.219 1143.812 30.250 -3074.157 cv-wall-wave-01
2507 0 27 2049 0 -1 0 1148.156 29.323 -3079.271 1146.953 27.953 -3079.391 1149.359 30.109 -3079.078 cv-wall-wave-01
2508 0 27 2050 0 -1 0 1120.807 35.390 -3073.630 1119.953 34.515 -3074.344 1121.547 36.656 -3072.469 cv-wall-wave-01
2509 0 27 232 0 -1 0 1019.099 61.442 -3025.698 1017.984 60.281 -3026.688 1020.218 62.422 -3025.141 cv-wall-wave-01
2510 0 27 575 0 -1 0 943.547 127.666 -2929.651 941.422 126.078 -2930.672 944.624 128.781 -2929.126 cv-wall-wave-01
2511 0 27 2051 0 -1 0 942.547 124.744 -2948.141 941.109 124.062 -2948.266 943.343 126.093 -2947.891 cv-wall-wave-01
2512 0 27 2052 0 -1 0 1124.312 56.015 -3192.422 1123.953 55.156 -3193.250 1124.843 57.453 -3191.172 cv-wall-wave-01
2513 0 27 2053 0 -1 0 1029.265 26.593 -3103.964 1028.843 25.687 -3104.907 1029.718 27.703 -3103.219 cv-wall-wave-01
2514 0 28 2054 0 -1 0 952.411 107.864 -2923.641 951.125 107.187 -2923.750 953.078 108.921 -2923.485 cv-wall-wave-02
2515 0 28 1380 0 -1 0 943.500 70.557 -2941.401 943.297 69.546 -2942.172 943.906 71.406 -2940.126 cv-wall-wave-02
2516 0 28 2055 0 -1 0 1140.088 61.906 -3097.761 1139.656 60.641 -3098.516 1140.484 63.672 -3096.969 cv-wall-wave-02
2517 0 31 2065 0 -1 0 1291.083 22.911 -2874.558 1290.265 22.250 -2874.610 1292.578 24.234 -2874.454 cv-wallbumps-all-02
2518 0 31 674 0 -1 0 1240.359 21.349 -2924.198 1239.688 20.750 -2925.735 1241.359 21.984 -2923.016 cv-wallbumps-all-02
2519 0 31 2066 0 -1 0 1220.729 23.687 -2950.964 1220.281 22.250 -2951.078 1221.437 25.390 -2950.829 cv-wallbumps-all-02
2520 0 31 1064 0 -1 0 1228.651 25.479 -2939.370 1227.171 23.734 -2940.204 1229.562 26.515 -2938.203 cv-wallbumps-all-02
2521 0 31 2067 0 -1 0 1208.979 25.750 -2981.917 1207.703 24.593 -2982.188 1209.672 26.453 -2981.407 cv-wallbumps-all-02
2522 0 31 2068 0 -1 0 1205.339 22.760 -2978.214 1204.953 21.797 -2979.125 1205.734 24.250 -2977.516 cv-wallbumps-all-02
2523 0 31 2069 0 -1 0 1204.489 30.755 -2981.188 1203.953 29.703 -2982.516 1205.219 31.672 -2979.032 cv-wallbumps-all-02
2524 0 31 887 0 -1 0 1208.572 18.307 -2995.006 1208.437 17.031 -2995.844 1208.781 19.109 -2994.078 cv-wallbumps-all-02
2525 0 31 2070 0 -1 0 1213.802 18.703 -2982.245 1213.250 17.640 -2982.922 1214.734 19.234 -2981.641 cv-wallbumps-all-02
2526 0 31 777 0 -1 0 1211.786 19.468 -2990.709 1210.593 18.781 -2990.985 1212.453 20.781 -2990.219 cv-wallbumps-all-02
2527 0 31 526 0 -1 0 1162.104 27.661 -3047.344 1161.703 26.875 -3048.781 1162.343 28.734 -3046.406 cv-wallbumps-all-02
2528 0 31 2071 0 -1 0 1153.677 41.578 -3040.370 1153.015 40.562 -3041.235 1154.297 42.187 -3039.610 cv-wallbumps-all-02
2529 0 31 1084 0 -1 0 1153.625 34.515 -3049.552 1153.234 33.390 -3050.282 1153.859 35.218 -3048.266 cv-wallbumps-all-02
2530 0 31 1080 0 -1 0 1157.219 32.317 -3047.339 1155.890 31.750 -3047.766 1157.953 33.296 -3046.797 cv-wallbumps-all-02
2531 0 31 788 0 -1 0 1148.567 49.458 -3053.704 1146.312 49.000 -3054.438 1150.218 50.265 -3052.313 cv-wallbumps-all-02
2532 0 31 2072 0 -1 0 1143.776 50.875 -3046.849 1143.265 49.406 -3048.188 1144.765 51.609 -3046.172 cv-wallbumps-all-02
2533 0 31 2073 0 -1 0 1148.745 48.349 -3057.719 1147.859 47.281 -3058.610 1149.718 49.093 -3056.501 cv-wallbumps-all-02
2534 0 31 2074 0 -1 0 1157.703 46.875 -3054.500 1155.938 46.171 -3054.766 1158.718 48.140 -3054.219 cv-wallbumps-all-02
2535 0 31 1083 0 -1 0 1151.495 46.573 -3063.052 1150.109 46.062 -3064.250 1153.203 47.297 -3062.157 cv-wallbumps-all-02
2536 0 31 206 0 -1 0 1130.567 23.317 -3051.344 1130.078 22.656 -3052.313 1131.093 24.640 -3050.766 cv-wallbumps-all-02
2537 0 31 2075 0 -1 0 1142.203 39.130 -3120.266 1140.875 38.547 -3120.376 1142.937 40.250 -3120.203 cv-wallbumps-all-02
2538 0 31 2077 0 -1 0 1164.302 26.000 -3141.964 1163.749 24.671 -3143.031 1164.687 26.672 -3141.407 cv-wallbumps-all-02
2539 0 31 2078 0 -1 0 1163.099 23.484 -3144.412 1162.437 22.703 -3145.079 1164.234 24.843 -3143.376 cv-wallbumps-all-02
2540 0 31 2079 0 -1 0 1008.786 71.182 -2991.568 1008.093 69.344 -2991.985 1010.156 73.437 -2991.031 cv-wallbumps-all-02
2541 0 31 2080 0 -1 0 1014.849 77.739 -2989.422 1013.969 76.296 -2989.625 1015.328 78.874 -2989.234 cv-wallbumps-all-02
2542 0 31 913 0 -1 0 1070.114 51.672 -3055.412 1069.593 50.906 -3055.438 1071.156 52.750 -3055.360 cv-wallbumps-all-02
2543 0 31 2081 0 -1 0 1017.859 50.947 -3055.177 1016.250 50.656 -3056.594 1019.156 51.171 -3054.438 cv-wallbumps-all-02
2544 0 31 748 0 -1 0 1021.557 57.437 -3040.578 1020.703 56.266 -3040.828 1022.812 58.031 -3040.125 cv-wallbumps-all-02
2545 0 31 2082 0 -1 0 1027.864 53.776 -3040.938 1026.797 52.828 -3041.547 1028.406 55.078 -3040.000 cv-wallbumps-all-02
2546 0 31 2083 0 -1 0 997.849 60.536 -2972.818 997.468 59.078 -2973.891 998.469 62.750 -2971.813 cv-wallbumps-all-02
2547 0 31 2084 0 -1 0 1000.036 71.666 -2971.250 999.031 69.453 -2971.469 1000.843 73.109 -2971.125 cv-wallbumps-all-02
2548 0 31 2086 0 -1 0 988.203 61.463 -3022.422 987.531 59.875 -3023.344 988.578 62.968 -3021.735 cv-wallbumps-all-02
2549 0 31 2087 0 -1 0 939.651 95.724 -2930.396 938.265 94.906 -2931.157 940.468 97.047 -2929.813 cv-wallbumps-all-02
2550 0 31 2088 0 -1 0 938.578 98.776 -2933.318 938.047 97.312 -2934.094 938.859 99.547 -2932.266 cv-wallbumps-all-02
2551 0 31 590 0 -1 0 940.323 100.364 -2930.453 939.391 99.547 -2930.625 941.750 101.937 -2930.266 cv-wallbumps-all-02
2552 0 31 2089 0 -1 0 951.828 72.317 -2957.079 950.047 71.499 -2957.688 952.797 73.687 -2955.969 cv-wallbumps-all-02
2553 0 31 2090 0 -1 0 943.963 78.703 -2950.990 943.343 77.062 -2952.454 945.062 79.562 -2950.079 cv-wallbumps-all-02
2554 0 31 2091 0 -1 0 959.442 60.354 -3010.761 958.109 59.234 -3011.032 960.140 60.937 -3010.219 cv-wallbumps-all-02
2555 0 31 2092 0 -1 0 958.854 55.823 -3019.651 958.359 54.796 -3020.609 959.343 56.687 -3019.016 cv-wallbumps-all-02
2556 0 31 2093 0 -1 0 945.125 45.380 -3049.922 944.969 44.765 -3050.641 945.343 46.609 -3048.688 cv-wallbumps-all-02
2557 0 31 2094 0 -1 0 930.880 24.593 -3019.474 930.187 22.875 -3019.828 932.062 25.531 -3018.860 cv-wallbumps-all-02
2558 0 31 74 0 -1 0 933.375 21.099 -3018.922 931.922 20.187 -3018.938 934.125 22.922 -3018.907 cv-wallbumps-all-02
2559 0 31 2096 0 -1 0 1159.927 61.989 -3148.443 1159.297 60.656 -3149.000 1160.578 62.656 -3147.657 cv-wallbumps-all-02
2560 0 31 876 0 -1 0 1166.620 43.880 -3177.771 1165.797 43.234 -3178.516 1167.390 44.734 -3176.547 cv-wallbumps-all-02
2561 0 31 2097 0 -1 0 1165.260 49.989 -3175.547 1164.797 48.656 -3176.766 1165.578 50.656 -3174.782 cv-wallbumps-all-02
2562 0 31 2098 0 -1 0 1169.526 53.968 -3166.844 1169.374 52.656 -3168.172 1169.609 54.625 -3166.157 cv-wallbumps-all-02
2563 0 31 2099 0 -1 0 1169.244 51.322 -3169.266 1169.000 50.656 -3169.860 1169.562 52.656 -3168.110 cv-wallbumps-all-02
2564 0 31 2101 0 -1 0 1059.427 59.562 -3185.089 1058.828 58.562 -3185.282 1060.421 60.734 -3184.907 cv-wallbumps-all-02
2565 0 31 657 0 -1 0 1009.698 76.224 -3145.250 1009.078 75.344 -3146.094 1010.172 77.422 -3144.703 cv-wallbumps-all-02
2566 0 31 836 0 -1 0 1006.677 58.744 -3159.349 1005.984 57.422 -3159.688 1007.922 59.515 -3158.782 cv-wallbumps-all-02
2567 0 31 2102 0 -1 0 1008.614 56.193 -3158.901 1007.297 55.453 -3159.125 1009.531 57.640 -3158.532 cv-wallbumps-all-02
2568 0 31 483 0 -1 0 1303.291 34.958 -2871.922 1302.750 34.265 -2872.047 1304.359 36.281 -2871.672 cv-wallbumps-all-02
2569 0 31 2103 0 -1 0 1237.792 31.192 -2937.214 1236.937 29.844 -2938.016 1238.750 32.437 -2936.266 cv-wallbumps-all-02
2570 0 31 2104 0 -1 0 948.484 108.229 -2955.682 948.125 107.562 -2957.641 949.000 109.546 -2954.594 cv-wallbumps-all-02
2571 0 31 812 0 -1 0 947.890 110.864 -2965.229 946.890 109.406 -2966.344 948.890 111.594 -2963.563 cv-wallbumps-all-02
2572 0 31 438 0 -1 0 944.958 106.640 -2968.880 943.265 105.406 -2969.391 947.500 107.328 -2968.156 cv-wallbumps-all-02
2573 0 31 2105 0 -1 0 947.609 100.343 -2966.365 945.562 99.640 -2967.016 949.531 101.671 -2965.797 cv-wallbumps-all-02
2574 0 31 439 0 -1 0 951.901 102.885 -2960.011 951.234 101.515 -2961.328 952.797 103.594 -2957.454 cv-wallbumps-all-02
2575 0 31 588 0 -1 0 949.599 96.328 -2955.542 948.672 95.641 -2958.063 950.687 97.687 -2954.000 cv-wallbumps-all-02
2576 0 31 307 0 -1 0 1010.130 47.833 -3092.954 1009.156 46.890 -3093.376 1010.828 48.953 -3092.547 cv-wallbumps-all-02
2577 0 31 736 0 -1 0 1275.479 25.442 -2882.516 1273.812 24.125 -2883.172 1276.390 26.109 -2882.188 cv-wallbumps-all-02
2578 0 31 734 0 -1 0 1273.724 18.250 -2883.329 1273.156 17.328 -2883.469 1274.718 19.265 -2883.141 cv-wallbumps-all-02
2579 0 31 2106 0 -1 0 1281.437 18.828 -2878.453 1280.546 18.156 -2879.078 1282.797 20.156 -2877.234 cv-wallbumps-all-02
2580 0 31 2107 0 -1 0 1283.276 21.520 -2876.282 1282.078 20.203 -2877.297 1283.984 22.187 -2875.766 cv-wallbumps-all-02
2581 0 31 2108 0 -1 0 1234.156 30.151 -2893.584 1233.296 29.266 -2893.766 1235.640 31.609 -2893.344 cv-wallbumps-all-02
2582 0 31 2109 0 -1 0 1238.573 33.229 -2897.865 1238.000 31.812 -2898.610 1239.047 33.968 -2896.672 cv-wallbumps-all-02
2583 0 31 2110 0 -1 0 1229.656 28.958 -2889.136 1229.109 27.749 -2890.266 1230.703 30.343 -2887.985 cv-wallbumps-all-02
2584 0 31 2111 0 -1 0 1232.593 31.307 -2876.182 1231.312 30.375 -2877.672 1233.374 32.453 -2875.359 cv-wallbumps-all-02
2585 0 31 2112 0 -1 0 1222.755 22.187 -2966.485 1221.922 21.812 -2967.625 1223.562 22.547 -2965.672 cv-wallbumps-all-02
2586 0 31 2114 0 -1 0 1220.588 18.422 -2969.667 1219.781 17.062 -2970.407 1220.999 19.124 -2969.250 cv-wallbumps-all-02
2587 0 31 2115 0 -1 0 1209.552 21.385 -2961.693 1208.843 20.703 -2962.219 1210.812 21.781 -2960.891 cv-wallbumps-all-02
2588 0 31 2116 0 -1 0 1209.015 22.099 -2969.599 1207.703 21.625 -2970.329 1209.843 22.359 -2968.234 cv-wallbumps-all-02
2589 0 31 507 0 -1 0 1206.453 22.505 -2967.084 1205.656 22.062 -2968.376 1207.609 23.047 -2966.282 cv-wallbumps-all-02
2590 0 31 740 0 -1 0 1157.192 23.422 -3010.000 1156.234 22.750 -3010.235 1157.671 24.765 -3009.532 cv-wallbumps-all-02
2591 0 31 2117 0 -1 0 1157.192 18.083 -3010.000 1156.234 16.750 -3010.235 1157.671 18.750 -3009.532 cv-wallbumps-all-02
2592 0 31 2118 0 -1 0 1172.781 32.786 -3005.698 1171.562 30.875 -3006.235 1173.422 33.812 -3005.312 cv-wallbumps-all-02
2593 0 31 901 0 -1 0 1154.739 22.802 -3034.802 1154.234 22.156 -3036.110 1155.703 23.156 -3034.094 cv-wallbumps-all-02
2594 0 31 2120 0 -1 0 1151.057 43.437 -3094.412 1150.484 42.828 -3095.031 1152.187 44.656 -3093.297 cv-wallbumps-all-02
2595 0 31 2121 0 -1 0 1144.583 43.458 -3096.318 1143.499 42.844 -3097.001 1145.171 44.672 -3095.563 cv-wallbumps-all-02
2596 0 31 793 0 -1 0 1137.890 21.166 -3108.281 1137.156 20.296 -3108.844 1138.484 22.031 -3107.438 cv-wallbumps-all-02
2597 0 31 2122 0 -1 0 1016.000 72.198 -2998.120 1014.234 69.406 -2998.235 1017.078 74.359 -2998.032 cv-wallbumps-all-02
2598 0 31 2123 0 -1 0 1012.807 65.854 -2994.495 1012.109 64.422 -2995.344 1014.125 67.124 -2994.063 cv-wallbumps-all-02
2599 0 31 2124 0 -1 0 1015.005 78.177 -3009.032 1014.031 75.875 -3010.063 1015.937 79.468 -3008.047 cv-wallbumps-all-02
2600 0 31 2125 0 -1 0 1016.807 67.031 -3006.813 1016.328 65.984 -3008.047 1017.047 69.094 -3006.188 cv-wallbumps-all-02
2601 0 31 274 0 -1 0 943.656 106.984 -2920.933 942.328 105.656 -2921.422 944.578 107.656 -2919.954 cv-wallbumps-all-02
2602 0 31 2126 0 -1 0 936.781 111.078 -2942.115 933.859 109.781 -2942.266 938.250 111.766 -2941.891 cv-wallbumps-all-02
2603 0 31 755 0 -1 0 933.958 108.344 -2941.011 931.906 107.547 -2941.516 935.890 109.828 -2940.703 cv-wallbumps-all-02
2604 0 31 2127 0 -1 0 936.177 115.145 -2937.532 935.187 113.687 -2937.782 936.734 115.906 -2937.344 cv-wallbumps-all-02
2605 0 31 2128 0 -1 0 938.067 48.020 -3014.349 937.594 46.703 -3014.782 938.953 48.687 -3013.532 cv-wallbumps-all-02
2606 0 31 2129 0 -1 0 935.083 61.135 -3038.834 933.953 60.390 -3040.078 935.672 61.891 -3038.204 cv-wallbumps-all-02
2607 0 31 2130 0 -1 0 932.750 57.192 -3044.917 932.218 56.437 -3045.735 933.656 57.640 -3043.657 cv-wallbumps-all-02
2608 0 31 2131 0 -1 0 943.463 60.802 -3033.209 941.984 60.578 -3034.203 944.344 60.937 -3031.672 cv-wallbumps-all-02
2609 0 31 2132 0 -1 0 940.833 60.510 -3030.834 940.125 59.969 -3032.078 942.203 61.515 -3030.032 cv-wallbumps-all-02
2610 0 31 2133 0 -1 0 925.323 33.073 -3047.901 924.781 31.625 -3048.563 926.250 33.828 -3047.516 cv-wallbumps-all-02
2611 0 31 2134 0 -1 0 924.989 34.281 -3046.839 924.781 33.718 -3047.516 925.250 35.359 -3045.797 cv-wallbumps-all-02
2612 0 31 2135 0 -1 0 1087.557 51.922 -3195.235 1085.969 51.046 -3196.078 1088.468 52.703 -3194.610 cv-wallbumps-all-02
2613 0 31 926 0 -1 0 1085.041 60.151 -3198.552 1084.328 59.234 -3199.016 1086.296 61.141 -3197.781 cv-wallbumps-all-02
2614 0 31 2136 0 -1 0 1075.932 64.390 -3201.625 1075.296 63.219 -3202.563 1076.296 65.078 -3200.360 cv-wallbumps-all-02
2615 0 31 2137 0 -1 0 1076.458 58.833 -3202.151 1075.984 58.062 -3202.938 1076.828 60.000 -3200.828 cv-wallbumps-all-02
2616 0 31 837 0 -1 0 1008.969 55.609 -3168.308 1008.344 54.547 -3169.032 1010.141 56.749 -3167.860 cv-wallbumps-all-02
2617 0 31 363 0 -1 0 1013.620 61.833 -3169.584 1011.375 60.562 -3169.641 1014.781 62.484 -3169.500 cv-wallbumps-all-02
2618 0 31 134 0 -1 0 1242.973 32.770 -2961.688 1242.359 30.796 -2962.672 1243.749 34.015 -2960.391 cv-wallbumps-all-02
2619 0 31 2138 0 -1 0 1229.000 22.713 -2961.922 1227.843 21.765 -2962.532 1229.656 23.890 -2960.844 cv-wallbumps-all-02
2620 0 31 2139 0 -1 0 1226.260 23.677 -2959.193 1225.594 22.843 -2960.579 1227.437 24.250 -2958.422 cv-wallbumps-all-02
2621 0 31 2140 0 -1 0 1224.916 24.145 -2957.714 1223.656 23.703 -2958.422 1225.594 24.484 -2956.375 cv-wallbumps-all-02
2622 0 31 2141 0 -1 0 1249.802 16.724 -2969.021 1249.249 16.312 -2969.953 1250.328 17.515 -2967.454 cv-wallbumps-all-02
2623 0 31 2142 0 -1 0 1156.666 23.547 -2978.141 1156.609 22.781 -2978.954 1156.781 24.859 -2976.688 cv-wallbumps-all-02
2624 0 31 2143 0 -1 0 1197.948 30.411 -3011.183 1197.375 28.953 -3012.469 1198.718 31.375 -3010.329 cv-wallbumps-all-02
2625 0 31 2144 0 -1 0 1177.963 23.234 -3033.813 1177.906 22.500 -3034.656 1178.031 24.562 -3032.407 cv-wallbumps-all-02
2626 0 31 513 0 -1 0 1177.317 26.015 -3030.948 1177.000 24.781 -3032.297 1177.781 26.718 -3030.266 cv-wallbumps-all-02
2627 0 31 2145 0 -1 0 1186.500 19.354 -3029.230 1186.015 18.797 -3029.813 1187.312 20.437 -3028.282 cv-wallbumps-all-02
2628 0 31 166 0 -1 0 1186.218 21.416 -3026.907 1185.750 20.547 -3028.016 1187.062 21.906 -3026.344 cv-wallbumps-all-02
2629 0 31 2146 0 -1 0 1163.859 41.901 -3053.167 1163.671 40.562 -3054.001 1163.953 42.640 -3051.547 cv-wallbumps-all-02
2630 0 31 2147 0 -1 0 1159.453 39.370 -3048.422 1158.734 38.687 -3048.985 1160.875 40.656 -3047.844 cv-wallbumps-all-02
2631 0 31 2148 0 -1 0 1153.828 21.927 -3069.594 1153.343 20.719 -3070.375 1154.781 22.547 -3068.485 cv-wallbumps-all-02
2632 0 31 2149 0 -1 0 1103.083 37.989 -3078.432 1101.703 36.656 -3078.500 1103.797 38.656 -3078.391 cv-wallbumps-all-02
2633 0 31 2150 0 -1 0 1014.682 77.562 -3017.557 1014.187 75.500 -3018.188 1015.031 78.687 -3016.297 cv-wallbumps-all-02
2634 0 31 2151 0 -1 0 1018.010 66.823 -3015.318 1016.953 65.734 -3016.360 1018.781 68.843 -3014.344 cv-wallbumps-all-02
2635 0 31 744 0 -1 0 1042.510 53.484 -3029.443 1042.437 52.656 -3030.672 1042.593 55.109 -3028.766 cv-wallbumps-all-02
2636 0 31 2152 0 -1 0 965.088 48.140 -2944.662 964.719 46.890 -2945.735 965.750 48.812 -2943.969 cv-wallbumps-all-02
2637 0 31 2153 0 -1 0 959.567 45.416 -2990.740 958.484 44.797 -2990.797 960.125 46.640 -2990.657 cv-wallbumps-all-02
2638 0 31 2154 0 -1 0 1007.354 86.562 -2998.626 1006.015 84.016 -2998.860 1008.046 88.624 -2998.235 cv-wallbumps-all-02
2639 0 31 265 0 -1 0 984.984 63.974 -3005.464 983.984 62.687 -3006.188 986.062 65.750 -3004.016 cv-wallbumps-all-02
2640 0 31 421 0 -1 0 987.182 66.797 -3002.802 986.515 65.140 -3004.188 987.547 68.094 -3002.063 cv-wallbumps-all-02
2641 0 31 2155 0 -1 0 987.594 69.328 -3006.854 987.391 68.016 -3008.188 987.969 71.546 -3006.188 cv-wallbumps-all-02
2642 0 31 2156 0 -1 0 988.031 72.208 -3009.521 987.969 69.671 -3010.188 988.062 74.156 -3008.188 cv-wallbumps-all-02
2643 0 31 2157 0 -1 0 987.578 63.166 -3014.860 987.375 61.266 -3016.203 987.969 65.516 -3014.188 cv-wallbumps-all-02
2644 0 31 570 0 -1 0 988.317 72.458 -3017.495 988.000 70.969 -3018.282 988.578 73.328 -3016.063 cv-wallbumps-all-02
2645 0 31 2158 0 -1 0 954.109 78.437 -2916.485 953.281 76.453 -2917.594 954.890 79.437 -2915.532 cv-wallbumps-all-02
2646 0 31 2159 0 -1 0 1033.557 51.531 -3061.396 1032.422 49.750 -3062.157 1034.437 52.515 -3060.719 cv-wallbumps-all-02
2647 0 31 456 0 -1 0 1162.703 66.046 -3175.620 1162.406 64.796 -3176.219 1163.281 66.703 -3174.422 cv-wallbumps-all-02
2648 0 31 2160 0 -1 0 1152.239 70.036 -3187.771 1151.562 68.797 -3188.172 1153.562 70.656 -3187.001 cv-wallbumps-all-02
2649 0 31 2161 0 -1 0 1161.791 46.083 -3193.995 1161.359 44.797 -3194.734 1162.593 46.765 -3192.579 cv-wallbumps-all-02
2650 0 32 2107 0 -1 0 1283.234 22.849 -2876.297 1282.078 22.171 -2877.297 1283.859 24.187 -2875.782 cv-wallbumps-all-high
2651 0 32 2162 0 -1 0 1276.828 29.437 -2881.761 1275.938 28.109 -2882.219 1278.453 30.125 -2880.859 cv-wallbumps-all-high
2652 0 32 2163 0 -1 0 1271.432 24.755 -2889.771 1270.968 24.031 -2891.157 1272.265 25.937 -2889.001 cv-wallbumps-all-high
2653 0 32 2164 0 -1 0 1273.927 18.281 -2914.151 1273.703 17.500 -2914.985 1274.203 19.734 -2912.610 cv-wallbumps-all-high
2654 0 32 2165 0 -1 0 1249.802 23.599 -2914.745 1249.125 22.750 -2914.907 1250.718 24.765 -2914.610 cv-wallbumps-all-high
2655 0 32 2166 0 -1 0 1254.953 30.916 -2918.110 1254.640 29.234 -2918.797 1255.265 32.109 -2916.844 cv-wallbumps-all-high
2656 0 32 2167 0 -1 0 1233.781 36.380 -2863.068 1232.953 34.922 -2863.969 1235.062 39.281 -2862.235 cv-wallbumps-all-high
2657 0 32 2168 0 -1 0 1242.062 31.375 -2933.631 1241.406 29.437 -2934.328 1242.781 32.609 -2932.751 cv-wallbumps-all-high
2658 0 32 2170 0 -1 0 1237.521 18.052 -2923.193 1237.172 16.734 -2924.375 1237.844 18.734 -2922.313 cv-wallbumps-all-high
2659 0 32 2171 0 -1 0 1219.447 23.843 -2939.896 1219.218 22.984 -2940.625 1219.906 25.078 -2938.812 cv-wallbumps-all-high
2660 0 32 2067 0 -1 0 1210.323 25.536 -2982.006 1209.562 24.593 -2982.422 1211.734 26.203 -2981.407 cv-wallbumps-all-high
2661 0 32 2141 0 -1 0 1249.286 16.713 -2970.500 1248.281 16.312 -2971.891 1250.328 17.515 -2969.657 cv-wallbumps-all-high
2662 0 32 2172 0 -1 0 1178.187 23.713 -3029.646 1177.781 22.781 -3030.391 1178.453 24.781 -3028.266 cv-wallbumps-all-high
2663 0 32 681 0 -1 0 1143.843 50.572 -3038.933 1143.234 49.390 -3040.266 1144.765 51.515 -3038.266 cv-wallbumps-all-high
2664 0 32 683 0 -1 0 1147.609 43.114 -3038.323 1145.171 41.406 -3038.484 1149.437 44.203 -3038.188 cv-wallbumps-all-high
2665 0 32 399 0 -1 0 1138.526 35.854 -3035.932 1137.594 34.781 -3036.735 1140.125 36.999 -3035.063 cv-wallbumps-all-high
2666 0 32 2173 0 -1 0 1143.187 53.031 -3061.511 1140.641 51.812 -3062.188 1145.406 54.140 -3060.188 cv-wallbumps-all-high
2667 0 32 679 0 -1 0 1137.270 47.297 -3054.563 1136.312 46.640 -3055.688 1138.406 48.593 -3053.907 cv-wallbumps-all-high
2668 0 32 852 0 -1 0 1094.338 69.948 -3070.177 1093.671 68.531 -3070.188 1095.672 70.656 -3070.157 cv-wallbumps-all-high
2669 0 32 205 0 -1 0 1096.942 55.291 -3060.136 1095.578 54.594 -3060.422 1097.656 56.640 -3059.594 cv-wallbumps-all-high
2670 0 32 2174 0 -1 0 1089.463 60.604 -3061.974 1088.422 59.687 -3062.657 1091.140 61.234 -3061.422 cv-wallbumps-all-high
2671 0 32 2175 0 -1 0 1117.849 34.286 -3063.256 1117.422 33.422 -3063.922 1118.281 35.953 -3062.219 cv-wallbumps-all-high
2672 0 32 2176 0 -1 0 1112.734 55.193 -3078.370 1112.328 54.438 -3079.485 1113.359 56.624 -3077.563 cv-wallbumps-all-high
2673 0 32 855 0 -1 0 1117.083 61.161 -3081.099 1115.938 60.531 -3081.704 1117.812 61.640 -3080.625 cv-wallbumps-all-high
2674 0 32 2177 0 -1 0 1104.328 31.307 -3078.438 1103.625 30.609 -3078.484 1105.656 32.656 -3078.406 cv-wallbumps-all-high
2675 0 32 2178 0 -1 0 1107.495 37.989 -3075.730 1107.156 36.656 -3076.876 1107.749 38.656 -3075.157 cv-wallbumps-all-high
2676 0 32 2075 0 -1 0 1143.677 39.104 -3120.016 1142.796 38.516 -3120.219 1145.296 40.250 -3119.625 cv-wallbumps-all-high
2677 0 32 2179 0 -1 0 1156.422 19.322 -3135.329 1155.843 18.656 -3135.641 1157.562 20.656 -3134.735 cv-wallbumps-all-high
2678 0 32 2180 0 -1 0 1165.375 33.989 -3140.938 1165.250 32.656 -3141.579 1165.515 34.656 -3139.657 cv-wallbumps-all-high
2679 0 32 2181 0 -1 0 1015.385 74.427 -2974.662 1014.281 72.328 -2975.000 1015.953 75.500 -2974.406 cv-wallbumps-all-high
2680 0 32 2182 0 -1 0 1047.526 65.974 -3065.844 1047.141 64.656 -3067.001 1047.719 66.640 -3065.266 cv-wallbumps-all-high
2681 0 32 2183 0 -1 0 1046.515 59.515 -3067.714 1046.000 58.656 -3068.266 1047.141 60.781 -3067.079 cv-wallbumps-all-high
2682 0 32 799 0 -1 0 1057.510 63.375 -3063.469 1056.250 62.625 -3063.734 1058.219 64.749 -3063.203 cv-wallbumps-all-high
2683 0 32 745 0 -1 0 1025.796 51.911 -3051.245 1025.265 51.453 -3052.609 1026.734 52.172 -3050.485 cv-wallbumps-all-high
2684 0 32 2184 0 -1 0 1000.026 70.937 -2993.328 999.390 69.219 -2994.109 1000.656 73.921 -2992.297 cv-wallbumps-all-high
2685 0 32 2185 0 -1 0 997.338 80.588 -2989.396 996.781 78.484 -2989.532 998.171 82.328 -2989.188 cv-wallbumps-all-high
2686 0 32 2155 0 -1 0 987.625 69.354 -3005.521 987.422 68.094 -3006.188 987.969 71.546 -3004.188 cv-wallbumps-all-high
2687 0 32 2186 0 -1 0 948.343 112.354 -2955.844 948.187 111.641 -2957.657 948.641 113.781 -2954.922 cv-wallbumps-all-high
2688 0 32 756 0 -1 0 948.922 82.625 -2955.047 947.750 81.578 -2956.157 950.703 83.328 -2954.469 cv-wallbumps-all-high
2689 0 32 759 0 -1 0 936.062 49.323 -3017.261 935.750 48.656 -3017.751 936.687 50.656 -3016.282 cv-wallbumps-all-high
2690 0 32 2187 0 -1 0 943.354 57.635 -3021.209 942.031 57.374 -3022.235 944.109 57.937 -3019.594 cv-wallbumps-all-high
2691 0 32 2188 0 -1 0 951.724 57.885 -3029.104 950.594 57.062 -3029.907 952.546 58.562 -3027.906 cv-wallbumps-all-high
2692 0 32 2189 0 -1 0 945.047 57.599 -3023.110 944.109 57.374 -3024.376 946.172 57.796 -3022.235 cv-wallbumps-all-high
2693 0 32 617 0 -1 0 936.963 53.932 -3048.120 936.281 53.125 -3048.563 938.187 55.547 -3047.797 cv-wallbumps-all-high
2694 0 32 2094 0 -1 0 931.187 26.130 -3019.334 930.390 25.375 -3019.828 932.062 27.484 -3018.860 cv-wallbumps-all-high
2695 0 32 2190 0 -1 0 922.109 32.906 -3045.344 921.343 31.625 -3045.579 923.453 33.578 -3044.954 cv-wallbumps-all-high
2696 0 32 2191 0 -1 0 1005.219 69.969 -3099.406 1004.984 68.594 -3100.032 1005.687 70.656 -3098.203 cv-wallbumps-all-high
2697 0 32 2192 0 -1 0 1011.166 65.245 -3115.667 1010.640 63.937 -3116.609 1012.140 66.141 -3115.016 cv-wallbumps-all-high
2698 0 32 2193 0 -1 0 1165.703 44.510 -3148.089 1165.219 43.656 -3148.954 1166.187 45.375 -3146.876 cv-wallbumps-all-high
2699 0 32 2098 0 -1 0 1169.640 53.974 -3165.589 1169.594 52.656 -3166.204 1169.718 54.640 -3164.407 cv-wallbumps-all-high
2700 0 32 2194 0 -1 0 1087.812 59.796 -3197.438 1086.296 58.656 -3197.781 1088.593 60.656 -3197.125 cv-wallbumps-all-high
2701 0 32 831 0 -1 0 1074.374 61.343 -3198.151 1074.031 60.016 -3198.704 1074.671 62.968 -3197.094 cv-wallbumps-all-high
2702 0 32 2195 0 -1 0 1068.943 64.995 -3195.110 1068.359 63.859 -3195.766 1070.000 66.046 -3194.251 cv-wallbumps-all-high
2703 0 32 2196 0 -1 0 998.687 65.859 -3157.094 998.562 65.156 -3158.422 998.922 67.031 -3156.391 cv-wallbumps-all-high
2704 0 32 2197 0 -1 0 1005.260 51.859 -3159.037 1004.312 50.656 -3159.860 1005.828 53.172 -3158.094 cv-wallbumps-all-high
2705 0 32 878 0 -1 0 1000.916 69.802 -3198.521 999.797 68.094 -3198.594 1001.718 70.656 -3198.422 cv-wallbumps-all-high
2706 0 32 2198 0 -1 0 1012.703 69.474 -3197.099 1011.281 67.547 -3197.266 1013.718 70.656 -3196.844 cv-wallbumps-all-high
2707 0 32 665 0 -1 0 984.557 53.979 -3203.198 982.625 52.656 -3203.547 985.547 54.640 -3202.516 cv-wallbumps-all-high
2708 0 32 666 0 -1 0 980.104 48.338 -3197.297 979.015 47.719 -3199.109 980.906 48.891 -3196.297 cv-wallbumps-all-high
2709 0 32 2199 0 -1 0 955.583 65.604 -2994.688 955.312 64.375 -2996.126 955.922 66.421 -2993.469 cv-wallbumps-all-high
2710 0 32 2200 0 -1 0 943.552 120.698 -2949.922 943.531 119.984 -2950.562 943.593 122.062 -2948.641 cv-wallbumps-all-high
2711 0 32 2201 0 -1 0 1000.614 75.218 -3137.891 999.906 74.390 -3138.500 1001.765 76.750 -3137.391 cv-wallbumps-all-high
2712 0 47 2262 0 -1 0 1252.109 24.927 -2955.459 1251.187 23.000 -2956.641 1252.999 26.484 -2954.797 cv-wall-02-2x2-high
2713 0 47 2263 0 -1 0 1241.072 21.948 -2857.511 1240.624 21.234 -2859.063 1241.296 23.094 -2856.719 cv-wall-02-2x2-high
2714 0 47 2264 0 -1 0 1139.536 49.625 -3038.854 1138.703 48.593 -3040.188 1139.953 50.141 -3038.188 cv-wall-02-2x2-high
2715 0 47 2265 0 -1 0 1136.166 43.208 -3045.860 1135.797 42.453 -3046.672 1136.718 44.641 -3044.438 cv-wall-02-2x2-high
2716 0 47 2266 0 -1 0 1134.583 34.724 -3045.115 1133.344 33.859 -3045.422 1135.984 36.109 -3044.907 cv-wall-02-2x2-high
2717 0 47 785 0 -1 0 1161.994 43.317 -3049.094 1160.859 42.640 -3049.610 1162.562 44.656 -3048.203 cv-wall-02-2x2-high
2718 0 47 685 0 -1 0 1150.250 47.468 -3049.657 1148.016 46.062 -3050.454 1153.156 48.484 -3048.547 cv-wall-02-2x2-high
2719 0 47 2267 0 -1 0 1150.640 30.130 -3062.386 1150.390 28.750 -3063.000 1150.890 30.984 -3061.172 cv-wall-02-2x2-high
2720 0 47 2268 0 -1 0 1124.093 53.515 -3079.224 1123.453 51.234 -3079.407 1125.328 54.656 -3078.922 cv-wall-02-2x2-high
2721 0 47 2176 0 -1 0 1112.630 53.661 -3078.625 1112.203 52.031 -3079.485 1113.359 54.516 -3078.063 cv-wall-02-2x2-high
2722 0 47 219 0 -1 0 1130.463 55.437 -3116.235 1130.031 54.703 -3117.047 1130.812 56.812 -3114.797 cv-wall-02-2x2-high
2723 0 47 2269 0 -1 0 1135.302 58.265 -3110.271 1134.516 57.484 -3111.188 1136.515 59.484 -3109.266 cv-wall-02-2x2-high
2724 0 47 2270 0 -1 0 1134.713 45.614 -3099.172 1133.500 44.296 -3100.016 1135.375 46.312 -3098.532 cv-wall-02-2x2-high
2725 0 47 215 0 -1 0 1136.078 39.625 -3105.730 1135.156 39.016 -3106.547 1136.593 40.781 -3104.188 cv-wall-02-2x2-high
2726 0 47 695 0 -1 0 1126.193 46.437 -3122.287 1125.453 46.015 -3123.719 1127.375 47.219 -3121.547 cv-wall-02-2x2-high
2727 0 47 2271 0 -1 0 1134.943 47.047 -3126.453 1134.171 46.281 -3126.813 1135.922 48.062 -3125.750 cv-wall-02-2x2-high
2728 0 47 2272 0 -1 0 1136.114 27.125 -3127.156 1135.875 26.234 -3128.078 1136.562 28.578 -3126.657 cv-wall-02-2x2-high
2729 0 47 2273 0 -1 0 1131.817 31.401 -3121.479 1131.500 30.703 -3122.547 1132.062 32.593 -3120.938 cv-wall-02-2x2-high
2730 0 47 2274 0 -1 0 1035.526 50.146 -3022.396 1034.499 49.516 -3023.266 1036.109 51.000 -3021.641 cv-wall-02-2x2-high
2731 0 47 2275 0 -1 0 981.031 59.218 -2985.688 980.062 58.328 -2986.610 982.516 60.547 -2984.282 cv-wall-02-2x2-high
2732 0 47 2276 0 -1 0 987.724 58.687 -2979.297 986.453 57.453 -2980.594 988.484 59.843 -2978.547 cv-wall-02-2x2-high
2733 0 47 2277 0 -1 0 987.635 51.208 -3018.672 986.875 50.687 -3019.172 989.078 52.234 -3018.172 cv-wall-02-2x2-high
2734 0 47 2278 0 -1 0 970.963 55.541 -3006.271 970.015 54.422 -3007.235 971.890 56.344 -3005.516 cv-wall-02-2x2-high
2735 0 47 2279 0 -1 0 945.093 96.963 -2921.657 944.375 96.171 -2922.734 945.921 98.187 -2920.922 cv-wall-02-2x2-high
2736 0 47 2280 0 -1 0 936.338 74.953 -2934.240 935.328 73.672 -2935.344 937.109 75.609 -2933.672 cv-wall-02-2x2-high
2737 0 47 285 0 -1 0 938.213 72.343 -2941.214 937.531 71.625 -2941.813 938.968 73.718 -2940.172 cv-wall-02-2x2-high
2738 0 47 2281 0 -1 0 936.791 76.182 -2940.985 935.484 75.578 -2941.766 937.906 77.390 -2939.875 cv-wall-02-2x2-high
2739 0 47 2282 0 -1 0 953.489 84.974 -2917.938 952.797 84.078 -2919.016 953.890 86.249 -2916.422 cv-wall-02-2x2-high
2740 0 47 2283 0 -1 0 950.823 94.969 -2960.240 950.672 93.609 -2961.344 951.109 95.656 -2958.063 cv-wall-02-2x2-high
2741 0 47 585 0 -1 0 943.682 88.099 -2950.474 942.843 86.969 -2952.407 945.327 89.562 -2949.344 cv-wall-02-2x2-high
2742 0 47 2284 0 -1 0 948.947 53.443 -3000.620 948.687 52.672 -3001.922 949.234 54.828 -2999.938 cv-wall-02-2x2-high
2743 0 47 2285 0 -1 0 951.765 56.338 -3040.224 950.718 55.297 -3040.938 952.422 56.891 -3039.251 cv-wall-02-2x2-high
2744 0 47 2286 0 -1 0 948.588 56.583 -3039.276 947.593 55.281 -3040.078 949.546 57.562 -3038.297 cv-wall-02-2x2-high
2745 0 47 2287 0 -1 0 949.333 49.229 -3041.922 949.312 48.515 -3042.485 949.359 50.656 -3040.828 cv-wall-02-2x2-high
2746 0 47 2288 0 -1 0 925.307 48.843 -3035.203 924.843 47.844 -3035.610 926.093 50.406 -3034.547 cv-wall-02-2x2-high
2747 0 47 2289 0 -1 0 925.437 44.406 -3032.651 924.921 43.671 -3033.266 925.922 45.546 -3031.719 cv-wall-02-2x2-high
2748 0 47 2290 0 -1 0 934.416 32.958 -3044.979 933.656 31.688 -3045.407 935.187 33.984 -3044.266 cv-wall-02-2x2-high
2749 0 47 2291 0 -1 0 1030.843 57.302 -3073.719 1029.828 56.671 -3074.172 1032.281 58.515 -3073.204 cv-wall-02-2x2-high
2750 0 47 2292 0 -1 0 1035.114 60.104 -3067.849 1034.125 59.344 -3068.531 1035.734 60.797 -3066.954 cv-wall-02-2x2-high
2751 0 47 2293 0 -1 0 1049.635 33.625 -3069.245 1048.328 32.281 -3069.828 1050.562 34.437 -3068.797 cv-wall-02-2x2-high
2752 0 47 2294 0 -1 0 1044.239 26.057 -3067.354 1043.437 25.234 -3067.844 1045.718 27.124 -3066.547 cv-wall-02-2x2-high
2753 0 47 2295 0 -1 0 1165.265 45.989 -3154.406 1165.078 44.656 -3154.907 1165.640 46.656 -3153.406 cv-wall-02-2x2-high
2754 0 47 454 0 -1 0 1161.495 59.599 -3176.214 1160.375 58.687 -3176.454 1162.125 60.687 -3175.891 cv-wall-02-2x2-high
2755 0 47 331 0 -1 0 1131.536 54.453 -3194.156 1130.593 53.266 -3194.344 1132.234 56.000 -3193.797 cv-wall-02-2x2-high
2756 0 47 2296 0 -1 0 1166.010 29.901 -3163.584 1165.703 28.641 -3164.282 1166.281 30.562 -3162.203 cv-wall-02-2x2-high
2757 0 47 2297 0 -1 0 1162.541 2.849 -3147.240 1161.874 1.984 -3147.688 1163.874 4.578 -3147.016 cv-wall-02-2x2-high
2758 0 47 2298 0 -1 0 1167.099 9.989 -3152.344 1166.796 8.656 -3153.063 1167.250 10.656 -3150.907 cv-wall-02-2x2-high
2759 0 47 2299 0 -1 0 1159.224 23.359 -3185.776 1158.718 22.672 -3186.407 1159.703 24.718 -3184.813 cv-wall-02-2x2-high
2760 0 47 642 0 -1 0 1161.187 30.073 -3181.464 1160.578 28.797 -3182.829 1161.750 30.718 -3180.500 cv-wall-02-2x2-high
2761 0 47 2300 0 -1 0 1161.328 38.078 -3179.506 1160.781 36.641 -3180.251 1162.078 38.922 -3178.438 cv-wall-02-2x2-high
2762 0 47 2301 0 -1 0 1164.276 31.484 -3173.417 1164.031 30.906 -3174.985 1164.421 32.578 -3172.625 cv-wall-02-2x2-high
2763 0 47 2302 0 -1 0 1164.927 42.281 -3165.381 1163.859 41.734 -3166.453 1165.500 42.656 -3164.735 cv-wall-02-2x2-high
2764 0 47 2303 0 -1 0 1020.135 63.234 -3193.360 1019.359 61.328 -3193.547 1021.046 64.203 -3193.126 cv-wall-02-2x2-high
2765 0 47 2304 0 -1 0 1008.677 51.224 -3197.714 1007.484 50.453 -3198.016 1009.327 52.641 -3197.563 cv-wall-02-2x2-high
2766 0 47 2305 0 -1 0 1058.567 55.151 -3185.354 1057.750 54.469 -3186.188 1059.203 56.468 -3184.875 cv-wall-02-2x2-high
2767 0 47 2306 0 -1 0 1070.729 58.229 -3189.458 1070.093 57.265 -3190.016 1071.703 58.953 -3188.344 cv-wall-02-2x2-high
2768 0 47 2307 0 -1 0 1016.104 65.354 -3160.526 1015.187 64.375 -3161.126 1017.375 66.312 -3159.954 cv-wall-02-2x2-high
2769 0 48 2308 0 -1 0 1272.291 23.651 -2892.693 1272.265 22.078 -2893.813 1272.312 24.578 -2891.157 cv-wallbumps-all-high02
2770 0 48 2309 0 -1 0 1228.474 25.479 -2875.162 1227.359 24.531 -2875.891 1229.375 26.140 -2873.969 cv-wallbumps-all-high02
2771 0 48 2310 0 -1 0 1234.395 27.156 -2935.219 1233.093 26.437 -2935.938 1235.625 27.875 -2934.453 cv-wallbumps-all-high02
2772 0 48 2311 0 -1 0 1233.343 33.380 -2941.177 1232.734 31.328 -2941.844 1234.187 34.718 -2940.141 cv-wallbumps-all-high02
2773 0 48 2312 0 -1 0 1135.463 45.958 -3056.787 1134.578 44.641 -3057.453 1136.312 46.640 -3055.688 cv-wallbumps-all-high02
2774 0 48 2313 0 -1 0 1100.161 39.312 -3078.667 1099.390 38.656 -3078.751 1101.703 40.624 -3078.500 cv-wallbumps-all-high02
2775 0 48 856 0 -1 0 1106.661 45.713 -3078.709 1104.703 44.625 -3078.813 1107.671 46.453 -3078.532 cv-wallbumps-all-high02
2776 0 48 2314 0 -1 0 1165.291 19.328 -3140.948 1165.234 18.656 -3141.579 1165.390 20.672 -3139.688 cv-wallbumps-all-high02
2777 0 48 2315 0 -1 0 1038.057 49.619 -3014.235 1037.593 48.937 -3014.953 1038.781 50.968 -3013.625 cv-wallbumps-all-high02
2778 0 48 2316 0 -1 0 1027.567 57.182 -3000.985 1027.296 55.656 -3001.953 1027.718 58.312 -3000.422 cv-wallbumps-all-high02
2779 0 48 2317 0 -1 0 1025.255 52.932 -3055.079 1023.890 52.562 -3056.297 1026.203 53.468 -3054.422 cv-wallbumps-all-high02
2780 0 48 2318 0 -1 0 1022.635 51.890 -3061.870 1021.437 51.391 -3062.672 1023.968 52.890 -3060.719 cv-wallbumps-all-high02
2781 0 48 2319 0 -1 0 996.588 74.349 -2975.079 996.312 72.015 -2976.328 996.875 75.875 -2974.438 cv-wallbumps-all-high02
2782 0 48 751 0 -1 0 995.859 61.552 -2975.047 995.671 59.984 -2976.422 996.187 64.000 -2974.266 cv-wallbumps-all-high02
2783 0 48 567 0 -1 0 1003.385 75.885 -2996.714 1002.031 74.453 -2997.188 1004.062 78.422 -2996.251 cv-wallbumps-all-high02
2784 0 48 418 0 -1 0 996.755 83.984 -2998.646 996.047 81.421 -2998.891 998.093 85.984 -2998.250 cv-wallbumps-all-high02
2785 0 48 2320 0 -1 0 990.854 63.901 -3026.401 990.375 62.438 -3027.110 991.468 65.984 -3025.297 cv-wallbumps-all-high02
2786 0 48 810 0 -1 0 948.453 104.224 -2952.860 946.593 103.562 -2954.125 949.734 105.531 -2950.797 cv-wallbumps-all-high02
2787 0 48 2321 0 -1 0 942.692 104.276 -2948.104 942.609 103.609 -2949.032 942.812 105.609 -2946.828 cv-wallbumps-all-high02
2788 0 48 429 0 -1 0 944.890 110.958 -2951.776 943.844 109.609 -2953.001 946.515 111.641 -2950.766 cv-wallbumps-all-high02
2789 0 48 2322 0 -1 0 934.474 70.984 -2968.667 933.812 69.671 -2969.126 935.609 71.656 -2968.344 cv-wallbumps-all-high02
2790 0 48 610 0 -1 0 955.182 61.151 -2990.974 953.874 59.843 -2992.016 956.359 62.265 -2989.579 cv-wallbumps-all-high02
2791 0 48 2323 0 -1 0 946.781 65.932 -3006.912 945.781 64.484 -3007.282 947.609 66.781 -3006.516 cv-wallbumps-all-high02
2792 0 48 2129 0 -1 0 935.099 61.500 -3037.589 933.953 61.125 -3038.219 935.719 61.891 -3036.344 cv-wallbumps-all-high02
2793 0 48 2324 0 -1 0 947.031 25.968 -2998.589 946.578 25.156 -2999.235 947.656 27.593 -2997.454 cv-wallbumps-all-high02
2794 0 48 342 0 -1 0 1162.859 47.291 -3157.787 1162.468 46.562 -3158.829 1163.640 48.656 -3157.266 cv-wallbumps-all-high02
2795 0 48 2098 0 -1 0 1169.635 55.276 -3165.657 1169.594 54.625 -3166.360 1169.718 56.562 -3164.407 cv-wallbumps-all-high02
2796 0 48 329 0 -1 0 1163.396 44.265 -3189.240 1162.781 43.500 -3190.297 1163.937 45.219 -3187.969 cv-wallbumps-all-high02
2797 0 48 2325 0 -1 0 1168.349 49.989 -3183.547 1167.499 48.656 -3185.126 1169.078 50.656 -3182.641 cv-wallbumps-all-high02
2798 0 48 2195 0 -1 0 1067.838 64.323 -3194.927 1066.687 63.859 -3195.766 1068.468 65.078 -3194.251 cv-wallbumps-all-high02
2799 0 48 2326 0 -1 0 1000.880 64.239 -3161.391 1000.093 63.156 -3161.704 1002.125 64.906 -3161.079 cv-wallbumps-all-high02
2800 0 48 836 0 -1 0 1005.755 59.817 -3160.052 1004.921 58.953 -3160.735 1006.218 61.203 -3159.688 cv-wallbumps-all-high02
2801 0 49 2327 0 -1 0 1273.489 12.765 -2883.579 1272.203 11.765 -2884.016 1274.328 13.546 -2883.344 cv-wall-02-2x2-bumps
2802 0 49 121 0 -1 0 1228.739 21.880 -2875.990 1228.609 20.406 -2877.312 1228.953 22.640 -2875.203 cv-wall-02-2x2-bumps
2803 0 49 2328 0 -1 0 1238.651 32.703 -2901.886 1238.390 31.062 -2902.641 1238.796 33.640 -2900.625 cv-wall-02-2x2-bumps
2804 0 49 2329 0 -1 0 1238.849 30.114 -2898.943 1238.578 29.203 -2900.266 1239.047 31.812 -2898.251 cv-wall-02-2x2-bumps
2805 0 49 2330 0 -1 0 1197.114 14.937 -3013.875 1196.094 14.344 -3014.797 1197.828 15.297 -3012.500 cv-wall-02-2x2-bumps
2806 0 49 2331 0 -1 0 1195.234 11.328 -3011.219 1194.624 10.719 -3011.704 1196.250 12.406 -3010.812 cv-wall-02-2x2-bumps
2807 0 49 2332 0 -1 0 1198.479 15.187 -3010.380 1197.734 14.422 -3010.750 1199.172 16.593 -3009.657 cv-wall-02-2x2-bumps
2808 0 49 2333 0 -1 0 1161.218 15.234 -3017.495 1160.953 14.062 -3018.141 1161.703 17.343 -3016.297 cv-wall-02-2x2-bumps
2809 0 49 186 0 -1 0 1150.573 21.734 -3026.589 1149.922 20.594 -3027.297 1151.734 22.531 -3026.188 cv-wall-02-2x2-bumps
2810 0 49 854 0 -1 0 1138.015 47.302 -3046.891 1137.672 46.656 -3048.188 1138.703 48.593 -3046.204 cv-wall-02-2x2-bumps
2811 0 49 680 0 -1 0 1139.510 49.625 -3049.516 1138.687 48.593 -3050.188 1139.921 50.141 -3048.188 cv-wall-02-2x2-bumps
2812 0 49 2334 0 -1 0 1153.781 15.302 -3061.839 1153.531 14.594 -3062.735 1154.187 16.671 -3060.188 cv-wall-02-2x2-bumps
2813 0 49 2335 0 -1 0 1153.916 18.109 -3058.480 1153.843 16.671 -3060.188 1153.999 18.844 -3057.626 cv-wall-02-2x2-bumps
2814 0 49 2336 0 -1 0 1111.161 49.114 -3078.698 1109.844 48.124 -3079.282 1111.875 49.734 -3078.235 cv-wall-02-2x2-bumps
2815 0 49 856 0 -1 0 1108.468 47.166 -3078.865 1107.609 46.453 -3079.031 1110.047 48.422 -3078.751 cv-wall-02-2x2-bumps
2816 0 49 2337 0 -1 0 1132.765 49.880 -3102.037 1132.578 48.437 -3103.125 1133.046 50.624 -3101.407 cv-wall-02-2x2-bumps
2817 0 49 2338 0 -1 0 1147.677 54.302 -3132.198 1146.750 52.812 -3132.563 1148.187 55.375 -3131.563 cv-wall-02-2x2-bumps
2818 0 49 2339 0 -1 0 1145.468 51.302 -3130.834 1144.859 50.656 -3131.453 1146.609 52.578 -3130.500 cv-wall-02-2x2-bumps
2819 0 49 2340 0 -1 0 1123.942 29.718 -3072.714 1123.375 28.375 -3073.484 1124.921 30.484 -3071.766 cv-wall-02-2x2-bumps
2820 0 49 2341 0 -1 0 1120.875 27.505 -3075.980 1119.562 26.672 -3076.329 1122.390 29.062 -3075.719 cv-wall-02-2x2-bumps
2821 0 49 2342 0 -1 0 1008.396 58.729 -3094.407 1007.688 57.765 -3095.125 1008.843 60.203 -3093.859 cv-wall-02-2x2-bumps
2822 0 49 308 0 -1 0 1006.875 61.708 -3095.990 1006.500 60.312 -3096.422 1007.609 62.406 -3095.188 cv-wall-02-2x2-bumps
2823 0 49 2343 0 -1 0 1043.557 22.750 -3067.704 1042.531 22.187 -3068.266 1045.093 23.688 -3066.907 cv-wall-02-2x2-bumps
2824 0 49 2344 0 -1 0 1047.182 25.547 -3065.693 1045.718 24.453 -3066.547 1047.968 26.375 -3065.219 cv-wall-02-2x2-bumps
2825 0 49 2345 0 -1 0 1057.557 43.286 -3063.417 1056.562 42.562 -3063.656 1058.140 44.656 -3063.203 cv-wall-02-2x2-bumps
2826 0 49 1158 0 -1 0 1055.192 46.349 -3063.974 1054.562 44.875 -3064.376 1056.078 47.343 -3063.656 cv-wall-02-2x2-bumps
2827 0 49 2346 0 -1 0 1016.510 43.135 -3079.703 1015.828 42.531 -3080.641 1016.969 44.172 -3078.875 cv-wall-02-2x2-bumps
2828 0 49 2347 0 -1 0 1019.885 41.703 -3067.563 1018.500 40.140 -3067.704 1020.843 42.484 -3067.359 cv-wall-02-2x2-bumps
2829 0 49 2348 0 -1 0 1020.807 43.203 -3067.818 1020.125 42.484 -3067.922 1021.984 44.641 -3067.704 cv-wall-02-2x2-bumps
2830 0 49 2349 0 -1 0 1159.625 33.921 -3183.990 1159.078 32.828 -3184.719 1160.375 34.499 -3182.782 cv-wall-02-2x2-bumps
2831 0 49 642 0 -1 0 1161.422 31.359 -3181.724 1160.578 30.703 -3182.829 1161.937 32.656 -3181.063 cv-wall-02-2x2-bumps
2832 0 49 2350 0 -1 0 1023.041 47.317 -3194.854 1022.297 46.656 -3195.297 1023.437 48.609 -3194.031 cv-wall-02-2x2-bumps
2833 0 49 2351 0 -1 0 1017.833 48.437 -3193.068 1017.000 47.343 -3193.157 1019.234 49.984 -3192.891 cv-wall-02-2x2-bumps
2834 0 49 2352 0 -1 0 1012.729 43.359 -3197.136 1011.375 42.672 -3197.297 1013.422 44.672 -3197.000 cv-wall-02-2x2-bumps
2835 0 49 2353 0 -1 0 1006.182 49.588 -3198.271 1005.531 47.906 -3198.406 1007.484 50.453 -3198.016 cv-wall-02-2x2-bumps
2836 0 49 2354 0 -1 0 1261.432 14.791 -2922.823 1260.734 14.672 -2924.094 1262.625 14.953 -2922.047 cv-wall-02-2x2-bumps
2837 0 49 2355 0 -1 0 1265.276 18.531 -2925.177 1265.156 17.078 -2925.750 1265.453 19.328 -2924.094 cv-wall-02-2x2-bumps
2838 0 49 1061 0 -1 0 1232.031 16.562 -2898.839 1230.625 16.265 -2899.906 1232.890 17.109 -2897.766 cv-wall-02-2x2-bumps
2839 0 49 386 0 -1 0 1255.177 21.718 -2917.844 1254.625 20.109 -2918.610 1255.531 22.578 -2916.375 cv-wall-02-2x2-bumps
2840 0 49 2356 0 -1 0 1243.286 11.416 -2919.011 1242.499 10.734 -2920.454 1243.749 12.765 -2918.282 cv-wall-02-2x2-bumps
2841 0 49 2357 0 -1 0 1131.395 50.526 -3071.589 1130.890 49.484 -3072.469 1132.016 52.437 -3070.829 cv-wall-02-2x2-bumps
2842 0 49 2358 0 -1 0 1120.385 41.994 -3075.875 1119.234 40.671 -3076.032 1121.781 42.656 -3075.704 cv-wall-02-2x2-bumps
2843 0 49 2359 0 -1 0 1133.573 54.932 -3124.193 1132.437 54.125 -3124.625 1134.140 56.093 -3123.641 cv-wall-02-2x2-bumps
2844 0 49 411 0 -1 0 1138.203 11.286 -3077.500 1137.828 10.656 -3078.172 1138.609 12.547 -3076.188 cv-wall-02-2x2-bumps
2845 0 49 2360 0 -1 0 1147.198 37.989 -3126.479 1146.375 36.656 -3127.203 1147.734 38.656 -3125.360 cv-wall-02-2x2-bumps
2846 0 49 552 0 -1 0 1139.021 31.479 -3132.448 1138.203 30.781 -3132.922 1140.187 32.640 -3131.860 cv-wall-02-2x2-bumps
2847 0 49 2361 0 -1 0 1046.057 41.770 -3069.011 1044.547 40.156 -3069.188 1047.281 42.656 -3068.860 cv-wall-02-2x2-bumps
2848 0 49 2362 0 -1 0 1013.990 43.422 -3092.177 1012.906 42.359 -3092.672 1014.547 45.219 -3091.922 cv-wall-02-2x2-bumps
2849 0 49 2363 0 -1 0 1030.255 37.781 -3120.823 1029.281 36.984 -3121.500 1031.672 39.312 -3119.844 cv-wall-02-2x2-bumps
2850 0 49 318 0 -1 0 1032.463 40.781 -3114.553 1032.156 39.453 -3115.704 1032.812 41.672 -3113.938 cv-wall-02-2x2-bumps
2851 0 49 2364 0 -1 0 1028.406 43.791 -3117.427 1027.203 42.718 -3118.313 1029.750 44.390 -3116.876 cv-wall-02-2x2-bumps
2852 0 49 2365 0 -1 0 1029.333 23.250 -3141.412 1028.828 22.656 -3142.157 1029.671 24.437 -3140.126 cv-wall-02-2x2-bumps
2853 0 49 2366 0 -1 0 1090.739 63.250 -3189.584 1090.468 62.422 -3190.204 1090.937 64.687 -3188.360 cv-wall-02-2x2-bumps
2854 0 49 2367 0 -1 0 1122.474 14.005 -3142.495 1121.781 12.750 -3142.641 1123.796 14.859 -3142.406 cv-wall-02-2x2-bumps
2855 0 49 2368 0 -1 0 1140.828 34.812 -3193.381 1140.109 33.796 -3193.891 1142.171 35.625 -3193.047 cv-wall-02-2x2-bumps
2856 0 49 2369 0 -1 0 1104.146 35.348 -3185.974 1103.406 34.656 -3186.360 1105.359 36.656 -3185.610 cv-wall-02-2x2-bumps
2857 0 49 350 0 -1 0 1109.812 38.870 -3186.578 1108.016 37.906 -3187.047 1110.937 39.797 -3185.766 cv-wall-02-2x2-bumps
2858 0 49 2370 0 -1 0 1090.349 32.010 -3185.886 1089.156 31.281 -3186.344 1091.093 33.265 -3185.562 cv-wall-02-2x2-bumps
2859 0 49 2371 0 -1 0 1094.661 22.192 -3177.214 1093.859 20.859 -3178.094 1095.078 22.922 -3176.422 cv-wall-02-2x2-bumps
2860 0 49 2373 0 -1 0 1092.916 16.265 -3182.156 1092.468 14.984 -3182.751 1093.437 17.312 -3181.078 cv-wall-02-2x2-bumps
2861 0 49 2374 0 -1 0 1061.802 46.338 -3185.714 1060.672 44.953 -3186.078 1062.438 47.125 -3185.469 cv-wall-02-2x2-bumps
2862 0 49 2305 0 -1 0 1058.708 53.828 -3185.615 1057.750 52.500 -3186.188 1059.203 54.516 -3185.001 cv-wall-02-2x2-bumps
2863 0 49 2375 0 -1 0 1019.307 57.734 -3163.922 1018.719 56.422 -3164.829 1019.781 58.421 -3163.203 cv-wall-02-2x2-bumps
2864 0 49 2376 0 -1 0 995.073 38.323 -3199.688 994.640 37.546 -3200.501 995.796 39.219 -3198.719 cv-wall-02-2x2-bumps
2865 0 49 370 0 -1 0 1037.703 14.916 -3149.281 1037.219 13.984 -3150.141 1037.984 16.593 -3147.594 cv-wall-02-2x2-bumps
2866 0 49 629 0 -1 0 1039.026 13.755 -3138.745 1038.500 12.703 -3140.141 1039.359 15.734 -3138.047 cv-wall-02-2x2-bumps
2867 0 49 2377 0 -1 0 1031.083 26.276 -3175.500 1030.484 25.125 -3176.828 1031.750 26.937 -3173.688 cv-wall-02-2x2-bumps
2868 0 49 2378 0 -1 0 1029.833 23.395 -3166.240 1029.750 22.718 -3167.532 1029.953 24.656 -3165.516 cv-wall-02-2x2-bumps
2869 0 49 2379 0 -1 0 1244.568 17.979 -2957.115 1243.562 16.156 -2957.703 1245.422 19.140 -2956.375 cv-wall-02-2x2-bumps
2870 0 49 118 0 -1 0 1241.474 29.401 -2855.630 1240.937 28.687 -2856.328 1242.484 30.547 -2854.250 cv-wall-02-2x2-bumps
2871 0 49 494 0 -1 0 1240.823 22.021 -2861.943 1240.562 20.437 -2863.251 1241.281 23.203 -2861.172 cv-wall-02-2x2-bumps
2872 0 49 2380 0 -1 0 1225.323 18.062 -2890.667 1225.203 16.750 -2892.251 1225.468 18.734 -2889.860 cv-wall-02-2x2-bumps
2873 0 49 2381 0 -1 0 1227.880 11.750 -2883.157 1226.937 10.875 -2884.062 1228.453 12.781 -2882.063 cv-wall-02-2x2-bumps
2874 0 49 2382 0 -1 0 1240.140 11.286 -2970.037 1238.921 10.375 -2970.672 1240.937 12.750 -2969.562 cv-wall-02-2x2-bumps
2875 0 49 496 0 -1 0 1231.531 17.817 -2943.521 1230.547 16.797 -2944.781 1232.312 18.328 -2942.860 cv-wall-02-2x2-bumps
2876 0 49 202 0 -1 0 1152.895 11.942 -3053.490 1152.640 11.328 -3054.188 1153.140 13.062 -3052.188 cv-wall-02-2x2-bumps
2877 0 49 2383 0 -1 0 1133.593 25.979 -3058.193 1133.281 24.671 -3059.157 1134.062 26.640 -3057.688 cv-wall-02-2x2-bumps
2878 0 49 2384 0 -1 0 1135.583 19.416 -3060.787 1135.015 18.750 -3061.391 1136.203 20.672 -3059.672 cv-wall-02-2x2-bumps
2879 0 49 2385 0 -1 0 1029.937 45.307 -3045.537 1029.718 44.016 -3046.188 1030.125 46.234 -3044.251 cv-wall-02-2x2-bumps
2880 0 49 2386 0 -1 0 1016.505 51.057 -3041.932 1014.812 50.546 -3042.422 1017.359 51.703 -3040.985 cv-wall-02-2x2-bumps
2881 0 49 261 0 -1 0 994.187 50.161 -3020.860 993.828 48.969 -3021.672 994.766 50.875 -3020.266 cv-wall-02-2x2-bumps
2882 0 49 2387 0 -1 0 999.052 60.937 -3029.532 997.765 60.594 -3030.438 999.766 61.562 -3028.126 cv-wall-02-2x2-bumps
2883 0 49 2388 0 -1 0 996.468 62.130 -3027.552 995.687 60.843 -3028.453 998.000 63.109 -3026.907 cv-wall-02-2x2-bumps
2884 0 49 2389 0 -1 0 1011.432 57.193 -3037.849 1010.468 55.609 -3038.375 1012.156 58.297 -3037.000 cv-wall-02-2x2-bumps
2885 0 49 2390 0 -1 0 917.187 32.406 -3036.219 916.765 31.312 -3037.032 917.750 33.203 -3034.876 cv-wall-02-2x2-bumps
2886 0 49 2391 0 -1 0 914.614 25.968 -3034.292 914.172 25.156 -3035.438 915.453 27.593 -3033.688 cv-wall-02-2x2-bumps
2887 0 49 2392 0 -1 0 1143.224 61.895 -3190.927 1142.156 61.203 -3191.469 1144.234 62.922 -3190.578 cv-wall-02-2x2-bumps
2888 0 49 2393 0 -1 0 1085.468 11.937 -3202.766 1084.687 10.499 -3203.079 1086.750 12.828 -3202.532 cv-wall-02-2x2-bumps
2889 0 49 2394 0 -1 0 1062.588 21.968 -3185.401 1061.937 20.609 -3185.406 1063.890 22.656 -3185.391 cv-wall-02-2x2-bumps
2890 0 49 2395 0 -1 0 1125.552 61.932 -3084.448 1124.750 60.656 -3085.094 1127.047 62.609 -3084.032 cv-wall-02-2x2-bumps
2891 0 49 2396 0 -1 0 1120.677 65.192 -3083.058 1119.781 64.234 -3083.657 1121.234 65.937 -3082.672 cv-wall-02-2x2-bumps
2892 0 49 407 0 -1 0 1144.620 31.161 -3089.099 1144.000 30.406 -3090.188 1145.515 32.453 -3088.032 cv-wall-02-2x2-bumps
2893 0 49 217 0 -1 0 1141.760 38.666 -3094.516 1141.344 37.078 -3095.407 1142.171 39.781 -3094.032 cv-wall-02-2x2-bumps
2894 0 49 2397 0 -1 0 1145.505 27.322 -3130.865 1144.859 26.656 -3131.547 1146.750 28.656 -3130.516 cv-wall-02-2x2-bumps
2895 0 49 2398 0 -1 0 1142.896 15.385 -3126.703 1142.109 14.703 -3127.329 1143.499 16.656 -3125.938 cv-wall-02-2x2-bumps
2896 0 49 2284 0 -1 0 948.755 52.052 -3000.766 948.656 50.656 -3001.922 948.921 52.828 -2999.938 cv-wall-02-2x2-bumps
2897 0 49 2399 0 -1 0 939.651 40.641 -3047.292 938.250 39.375 -3047.734 940.359 41.343 -3046.704 cv-wall-02-2x2-bumps
2898 0 49 2400 0 -1 0 1160.547 39.224 -3148.422 1159.453 38.531 -3148.578 1161.156 40.578 -3148.235 cv-wall-02-2x2-bumps
2899 0 49 360 0 -1 0 1075.151 31.135 -3208.511 1074.343 30.234 -3209.204 1076.437 32.765 -3208.125 cv-wall-02-2x2-bumps
2900 0 49 2401 0 -1 0 1080.255 39.896 -3209.198 1078.703 37.718 -3209.469 1081.547 41.234 -3208.719 cv-wall-02-2x2-bumps
2901 0 49 2402 0 -1 0 995.047 44.771 -3178.245 994.844 43.765 -3178.860 995.375 45.422 -3177.219 cv-wall-02-2x2-bumps
2902 0 49 2403 0 -1 0 1005.838 39.135 -3171.521 1005.187 38.187 -3172.407 1006.187 40.500 -3170.860 cv-wall-02-2x2-bumps
2903 0 50 2404 0 -1 0 1144.411 19.645 -3131.115 1143.578 18.672 -3131.532 1144.859 20.594 -3130.876 cv-wall-to-ground-01
2904 0 50 2405 0 -1 0 1133.771 7.338 -3145.672 1133.531 6.656 -3146.360 1133.906 8.703 -3144.312 cv-wall-to-ground-01
2905 0 50 2406 0 -1 0 963.052 33.922 -3007.011 962.312 32.891 -3007.532 963.562 35.281 -3006.360 cv-wall-to-ground-01
2906 0 50 2407 0 -1 0 1052.765 34.177 -3072.870 1052.672 32.843 -3073.922 1052.937 35.469 -3072.172 cv-wall-to-ground-01
2907 0 50 2029 0 -1 0 1041.833 37.083 -3069.683 1040.609 35.937 -3070.157 1042.453 37.656 -3069.391 cv-wall-to-ground-01
2908 0 50 1885 0 -1 0 1101.422 29.989 -3165.396 1100.594 28.656 -3165.907 1102.000 30.656 -3165.110 cv-wall-to-ground-01
2909 0 50 2037 0 -1 0 1029.718 29.989 -3170.052 1029.578 28.656 -3171.001 1029.953 30.656 -3168.250 cv-wall-to-ground-01
2910 0 50 2409 0 -1 0 1029.390 27.302 -3159.542 1029.172 26.656 -3160.641 1029.656 28.594 -3158.953 cv-wall-to-ground-01
2911 0 50 2410 0 -1 0 1030.041 34.557 -3185.573 1029.875 33.047 -3186.297 1030.187 35.687 -3184.344 cv-wall-to-ground-01
2912 0 50 376 0 -1 0 1049.218 28.156 -3171.724 1047.719 27.406 -3172.438 1050.078 29.156 -3171.110 cv-wall-to-ground-01
2913 0 50 2411 0 -1 0 1000.458 54.901 -3137.958 999.906 53.593 -3138.500 1001.547 55.656 -3137.657 cv-wall-to-ground-01
2914 0 50 2412 0 -1 0 1009.119 43.198 -3159.016 1008.765 42.484 -3159.438 1009.812 44.109 -3158.188 cv-wall-to-ground-01
2915 0 50 2042 0 -1 0 1029.760 21.963 -3158.781 1028.968 20.656 -3158.953 1031.250 22.656 -3158.657 cv-wall-to-ground-01
2916 0 50 2413 0 -1 0 1106.364 21.484 -3090.432 1105.687 20.172 -3090.812 1107.296 22.171 -3089.953 cv-wall-to-ground-01
2917 0 50 554 0 -1 0 1106.948 18.494 -3079.183 1106.671 17.765 -3080.501 1107.296 19.749 -3078.469 cv-wall-to-ground-01
2918 0 50 2414 0 -1 0 957.984 34.567 -3022.177 956.890 33.765 -3022.313 958.562 35.749 -3022.016 cv-wall-to-ground-01
2919 0 50 2415 0 -1 0 1007.328 46.218 -3102.130 1006.547 45.672 -3102.360 1008.375 47.312 -3101.938 cv-wall-to-ground-01
2920 0 50 2416 0 -1 0 1121.281 11.604 -3142.615 1120.140 10.844 -3142.735 1121.859 12.750 -3142.406 cv-wall-to-ground-01
2921 0 51 2417 0 -1 0 1121.020 9.989 -3109.162 1120.468 8.656 -3109.547 1122.125 10.656 -3108.625 cv-darkecofringe
2922 0 51 2419 0 -1 0 1029.718 14.026 -3158.985 1028.953 12.406 -3159.172 1031.156 14.953 -3158.813 cv-darkecofringe
2923 0 51 2421 0 -1 0 1030.338 12.656 -3086.037 1029.593 10.421 -3086.594 1031.015 13.828 -3085.735 cv-darkecofringe
2924 0 64 2443 0 -1 0 1229.328 10.114 -2928.422 1228.687 8.859 -2929.375 1230.281 10.750 -2927.782 cv-darkecofringe-02
2925 0 64 2444 0 -1 0 1218.875 10.021 -2938.938 1218.015 8.640 -2939.219 1219.625 10.734 -2938.454 cv-darkecofringe-02
2926 0 64 2445 0 -1 0 1218.187 10.239 -2949.396 1217.359 8.687 -2950.469 1218.640 11.422 -2948.047 cv-darkecofringe-02
2927 0 64 390 0 -1 0 1265.437 7.417 -2921.094 1264.937 6.609 -2921.453 1266.421 8.969 -2920.859 cv-darkecofringe-02
2928 0 64 2446 0 -1 0 1264.995 10.156 -2920.912 1264.875 8.969 -2921.829 1265.156 10.890 -2919.938 cv-darkecofringe-02
2929 0 64 2447 0 -1 0 1257.994 9.333 -2938.896 1257.203 8.187 -2939.422 1258.515 9.937 -2938.407 cv-darkecofringe-02
2930 0 64 2448 0 -1 0 1258.708 7.114 -2939.136 1258.140 6.562 -2939.626 1259.718 8.187 -2938.860 cv-darkecofringe-02
2931 0 64 2449 0 -1 0 1254.291 7.448 -2942.782 1253.703 6.750 -2943.157 1255.375 8.703 -2942.532 cv-darkecofringe-02
2932 0 64 2451 0 -1 0 1229.531 10.068 -2880.105 1228.765 8.812 -2880.422 1230.812 10.875 -2879.703 cv-darkecofringe-02
2933 0 64 2452 0 -1 0 1244.568 3.604 -2923.297 1244.094 3.453 -2924.813 1245.484 3.812 -2921.953 cv-darkecofringe-02
2934 0 64 2453 0 -1 0 1241.619 9.948 -2969.266 1240.937 8.765 -2969.875 1242.125 10.703 -2968.422 cv-darkecofringe-02
2935 0 64 2454 0 -1 0 1205.411 9.958 -2977.943 1204.984 9.156 -2979.250 1206.140 10.875 -2976.985 cv-darkecofringe-02
2936 0 64 2455 0 -1 0 1034.187 38.104 -3016.651 1033.500 37.234 -3017.860 1034.734 38.828 -3015.985 cv-darkecofringe-02
2937 0 64 2456 0 -1 0 989.172 37.567 -3033.818 988.328 36.734 -3035.359 990.093 37.984 -3032.516 cv-darkecofringe-02
2938 0 64 2457 0 -1 0 991.484 35.724 -3031.089 990.093 34.453 -3032.516 993.000 36.734 -3028.954 cv-darkecofringe-02
2939 0 64 2458 0 -1 0 970.734 37.578 -3012.255 969.578 36.750 -3013.156 971.937 38.000 -3011.688 cv-darkecofringe-02
2940 0 72 2577 0 -1 0 1040.166 10.651 -3089.829 1038.953 9.406 -3090.563 1041.343 12.062 -3088.719 cv-darkecofringe-03
2941 0 72 2578 0 -1 0 1060.505 8.911 -3150.407 1060.078 6.609 -3151.047 1061.062 11.312 -3149.610 cv-darkecofringe-03
2942 0 72 2579 0 -1 0 1041.640 9.771 -3167.485 1040.984 6.609 -3168.438 1042.546 12.547 -3166.844 cv-darkecofringe-03
2943 0 15 101 0 -1 0 1300.093 25.583 -2872.568 1299.578 24.250 -2872.657 1301.125 26.250 -2872.391 cv-wall-02-2x2
2944 0 15 102 0 -1 0 1269.880 15.354 -2887.375 1269.109 14.140 -2887.860 1270.547 16.140 -2886.875 cv-wall-02-2x2
2945 0 15 257 0 -1 0 998.625 65.864 -2972.703 997.969 64.140 -2973.875 999.109 67.187 -2971.860 cv-wall-02-2x2
2946 0 15 319 0 -1 0 1015.708 35.729 -3143.682 1014.234 35.656 -3144.485 1016.718 35.859 -3143.047 cv-wall-02-2x2
2947 0 15 427 0 -1 0 942.745 111.083 -2942.787 941.844 109.719 -2942.953 943.343 111.797 -2942.626 cv-wall-02-2x2
2948 0 15 448 0 -1 0 1051.411 65.953 -3063.631 1050.765 64.656 -3064.032 1051.734 66.624 -3062.829 cv-wall-02-2x2
2949 0 15 55 0 -1 0 1229.896 11.651 -2963.381 1229.656 10.703 -2964.375 1230.312 12.828 -2962.532 cv-wall-02-2x2
2950 0 15 509 0 -1 0 1180.094 14.088 -2976.828 1179.156 12.765 -2977.157 1180.641 14.750 -2976.547 cv-wall-02-2x2
2951 0 15 600 0 -1 0 933.599 66.963 -2969.261 932.641 65.625 -2969.641 934.093 67.640 -2969.001 cv-wall-02-2x2
2952 0 15 614 0 -1 0 928.708 56.349 -3030.807 928.250 55.016 -3031.329 929.609 57.062 -3030.484 cv-wall-02-2x2
2953 0 15 656 0 -1 0 1043.021 30.755 -3190.922 1042.297 30.656 -3192.297 1043.734 30.953 -3189.969 cv-wall-02-2x2
2954 0 16 733 0 -1 0 1300.093 34.916 -2872.563 1299.578 34.250 -2872.657 1301.125 36.250 -2872.391 cv-wallbumps-all
2955 0 16 101 0 -1 0 1300.093 26.916 -2872.568 1299.578 26.250 -2872.657 1301.125 28.250 -2872.391 cv-wallbumps-all
2956 0 16 427 0 -1 0 942.724 112.432 -2942.802 941.844 111.734 -2942.953 943.343 113.765 -2942.626 cv-wallbumps-all
2957 0 16 448 0 -1 0 1051.411 67.260 -3063.631 1050.765 66.578 -3064.032 1051.734 68.578 -3062.829 cv-wallbumps-all
2958 0 16 801 0 -1 0 968.047 48.932 -2949.651 967.562 48.344 -2950.500 968.375 49.874 -2948.563 cv-wallbumps-all
2959 0 16 231 0 -1 0 1005.343 73.453 -2992.146 1004.781 71.984 -2992.391 1006.187 75.359 -2991.812 cv-wallbumps-all
2960 0 16 925 0 -1 0 1082.213 62.193 -3203.245 1081.249 61.672 -3203.906 1082.844 63.219 -3202.750 cv-wallbumps-all
2961 0 21 55 0 -1 0 1229.078 11.677 -2962.922 1227.859 10.781 -2963.235 1229.718 12.828 -2962.532 cv-floorfringe-01-2x2
2962 0 21 1764 0 -1 0 1218.942 12.104 -2953.688 1218.797 11.391 -2954.329 1219.015 13.234 -2952.422 cv-floorfringe-01-2x2
2963 0 21 1768 0 -1 0 1145.718 12.573 -2990.657 1145.468 11.749 -2991.594 1145.874 14.031 -2990.047 cv-floorfringe-01-2x2
2964 0 21 656 0 -1 0 1042.677 30.656 -3189.604 1041.999 30.656 -3190.500 1043.734 30.656 -3188.344 cv-floorfringe-01-2x2
2965 0 25 1764 0 -1 0 1218.849 12.249 -2954.959 1218.515 11.687 -2956.235 1219.015 13.234 -2954.313 cv-floorfringe-03-2x2
2966 0 25 319 0 -1 0 1017.343 35.661 -3144.344 1016.172 35.656 -3145.500 1019.140 35.671 -3143.047 cv-floorfringe-03-2x2
2967 0 31 733 0 -1 0 1300.093 33.583 -2872.568 1299.578 32.250 -2872.657 1301.125 34.250 -2872.391 cv-wallbumps-all-02
2968 0 31 257 0 -1 0 998.307 68.015 -2972.047 997.844 66.265 -2972.375 999.109 70.594 -2971.860 cv-wallbumps-all-02
2969 0 31 801 0 -1 0 968.135 47.839 -2949.365 967.562 46.594 -2949.891 968.468 48.578 -2948.563 cv-wallbumps-all-02
2970 0 32 925 0 -1 0 1082.072 61.145 -3203.329 1081.249 60.078 -3203.906 1082.546 61.687 -3203.001 cv-wallbumps-all-high
2971 0 48 102 0 -1 0 1269.521 16.520 -2887.505 1268.906 15.781 -2887.860 1270.547 17.640 -2887.266 cv-wallbumps-all-high02
2972 0 48 600 0 -1 0 933.567 68.312 -2969.058 932.641 67.625 -2969.641 934.062 69.671 -2968.532 cv-wallbumps-all-high02
2973 0 48 614 0 -1 0 928.672 57.593 -3031.511 928.140 56.969 -3032.594 929.609 58.750 -3030.610 cv-wallbumps-all-high02
2974 0 49 509 0 -1 0 1180.094 15.422 -2976.834 1179.156 14.750 -2977.157 1180.641 16.765 -2976.563 cv-wall-02-2x2-bumps
2975 0 13 45 0 -1 0 996.786 44.656 -2978.625 995.937 44.656 -2979.563 997.984 44.656 -2978.141 cv-cavefloor-01-2x2
2976 0 15 125 0 -1 0 1226.958 27.390 -2903.370 1226.187 26.797 -2903.938 1227.547 28.500 -2902.782 cv-wall-02-2x2
2977 0 15 233 0 -1 0 1015.349 70.734 -3018.677 1015.234 68.453 -3019.657 1015.437 71.922 -3018.188 cv-wall-02-2x2
2978 0 15 316 0 -1 0 1020.479 53.141 -3108.885 1019.859 52.203 -3109.078 1021.453 53.656 -3108.578 cv-wall-02-2x2
2979 0 15 559 0 -1 0 1016.713 45.416 -2974.464 1015.890 44.656 -2975.078 1017.234 46.937 -2973.953 cv-wall-02-2x2
2980 0 15 713 0 -1 0 1030.703 46.197 -3057.365 1030.203 44.687 -3057.813 1031.031 47.031 -3056.469 cv-wall-02-2x2
2981 0 16 792 0 -1 0 1148.245 31.145 -3117.229 1148.000 30.453 -3117.797 1148.500 32.500 -3116.219 cv-wallbumps-all
2982 0 16 233 0 -1 0 1015.234 73.083 -3018.677 1015.031 71.828 -3019.657 1015.437 75.500 -3018.188 cv-wallbumps-all
2983 0 16 125 0 -1 0 1226.718 26.192 -2903.599 1226.187 24.906 -2904.078 1227.140 26.875 -2902.782 cv-wallbumps-all
2984 0 16 911 0 -1 0 1061.974 56.911 -3055.474 1060.609 56.062 -3055.688 1062.672 57.437 -3055.078 cv-wallbumps-all
2985 0 18 1209 0 -1 0 937.437 36.599 -3003.381 937.047 35.171 -3004.016 938.000 37.500 -3002.750 cv-wall-stal-stripe-02
2986 0 21 792 0 -1 0 1148.323 29.687 -3117.188 1148.234 28.125 -3117.672 1148.500 30.484 -3116.219 cv-floorfringe-01-2x2
2987 0 21 559 0 -1 0 1016.370 44.656 -2975.240 1015.890 44.656 -2976.282 1017.234 44.656 -2974.360 cv-floorfringe-01-2x2
2988 0 22 1849 0 -1 0 1149.109 9.802 -3062.844 1148.515 9.578 -3064.188 1150.140 10.094 -3062.172 cv-floorfringe-02-2x2
2989 0 25 1849 0 -1 0 1149.292 10.005 -3061.495 1148.672 9.734 -3062.172 1150.140 10.187 -3060.141 cv-floorfringe-03-2x2
2990 0 31 2076 0 -1 0 1162.364 27.322 -3136.006 1161.406 26.656 -3136.266 1162.906 28.656 -3135.719 cv-wallbumps-all-02
2991 0 32 911 0 -1 0 1063.375 57.005 -3055.505 1062.640 56.062 -3055.782 1064.812 57.516 -3055.078 cv-wallbumps-all-high
2992 0 32 713 0 -1 0 1030.489 47.880 -3057.365 1030.203 46.874 -3057.813 1030.874 49.734 -3056.469 cv-wallbumps-all-high
2993 0 47 1209 0 -1 0 937.817 38.093 -3003.084 937.265 37.125 -3004.016 938.187 39.656 -3002.485 cv-wall-02-2x2-high
2994 0 50 45 0 -1 0 995.937 43.948 -2978.870 995.437 42.531 -2979.563 996.437 44.656 -2978.141 cv-wall-to-ground-01
2995 0 50 316 0 -1 0 1019.422 53.172 -3109.005 1018.281 52.203 -3109.078 1020.125 53.656 -3108.938 cv-wall-to-ground-01
2996 0 15 152 0 -1 0 1230.968 11.510 -2972.412 1230.438 10.859 -2972.688 1231.906 12.797 -2972.032 cv-wall-02-2x2
2997 0 15 153 0 -1 0 1197.406 23.328 -2977.333 1196.156 22.765 -2977.719 1198.109 24.312 -2976.938 cv-wall-02-2x2
2998 0 15 162 0 -1 0 1211.203 22.385 -3000.568 1209.687 21.656 -3001.406 1212.374 22.781 -3000.094 cv-wall-02-2x2
2999 0 15 170 0 -1 0 1162.031 11.765 -3015.193 1161.672 11.078 -3016.266 1162.515 12.515 -3014.657 cv-wall-02-2x2
3000 0 15 179 0 -1 0 1152.245 22.755 -2998.115 1150.921 22.250 -2998.829 1153.047 23.203 -2997.094 cv-wall-02-2x2
3001 0 15 305 0 -1 0 1063.281 64.104 -3066.245 1062.500 63.703 -3066.938 1064.328 64.718 -3065.438 cv-wall-02-2x2
3002 0 15 437 0 -1 0 945.000 32.411 -2950.521 944.140 32.000 -2951.125 946.141 33.234 -2949.688 cv-wall-02-2x2
3003 0 15 484 0 -1 0 1271.536 10.500 -2907.229 1270.906 10.187 -2908.313 1272.312 10.922 -2906.625 cv-wall-02-2x2
3004 0 15 697 0 -1 0 1133.453 41.995 -3124.297 1132.156 41.750 -3124.891 1134.125 42.172 -3123.297 cv-wall-02-2x2
3005 0 16 769 0 -1 0 1221.312 23.307 -2955.016 1220.390 22.984 -2956.282 1221.781 23.562 -2954.360 cv-wallbumps-all
3006 0 16 305 0 -1 0 1062.318 64.119 -3065.495 1061.437 63.703 -3066.360 1063.015 64.718 -3064.688 cv-wallbumps-all
3007 0 16 873 0 -1 0 1167.421 55.323 -3160.417 1166.484 54.656 -3160.563 1167.890 56.656 -3160.125 cv-wallbumps-all
3008 0 16 162 0 -1 0 1212.052 23.646 -3001.115 1211.547 22.718 -3001.735 1212.374 25.437 -3000.203 cv-wallbumps-all
3009 0 18 179 0 -1 0 1153.276 22.088 -2997.792 1152.765 21.203 -2998.422 1154.015 22.812 -2997.094 cv-wall-stal-stripe-02
3010 0 18 178 0 -1 0 1156.677 22.364 -2995.110 1156.374 21.234 -2995.719 1156.953 22.984 -2994.297 cv-wall-stal-stripe-02
3011 0 21 1780 0 -1 0 1139.224 26.453 -3105.813 1138.468 25.656 -3106.360 1139.890 28.047 -3105.001 cv-floorfringe-01-2x2
3012 0 21 453 0 -1 0 1064.609 16.120 -3069.344 1064.437 15.297 -3070.626 1064.875 17.187 -3068.391 cv-floorfringe-01-2x2
3013 0 25 437 0 -1 0 945.000 31.890 -2951.396 944.140 31.672 -2952.312 946.141 32.000 -2950.751 cv-floorfringe-03-2x2
3014 0 31 2100 0 -1 0 1058.073 47.328 -3187.776 1057.859 46.656 -3188.344 1058.437 48.656 -3186.828 cv-wallbumps-all-02
3015 0 31 178 0 -1 0 1156.989 23.588 -2994.646 1156.703 22.875 -2995.719 1157.312 24.906 -2993.922 cv-wallbumps-all-02
3016 0 47 697 0 -1 0 1134.453 41.463 -3124.104 1134.078 40.578 -3124.703 1135.156 42.062 -3123.297 cv-wall-02-2x2-high
3017 0 48 153 0 -1 0 1198.635 23.479 -2977.537 1197.953 22.906 -2977.719 1199.844 24.312 -2977.344 cv-wallbumps-all-high02
3018 0 48 873 0 -1 0 1167.421 53.989 -3160.417 1166.484 52.656 -3160.563 1167.890 54.656 -3160.125 cv-wallbumps-all-high02
3019 0 49 170 0 -1 0 1161.661 11.458 -3014.120 1161.406 10.781 -3014.657 1161.906 12.515 -3013.047 cv-wall-02-2x2-bumps
3020 0 49 2372 0 -1 0 1096.479 25.682 -3175.433 1096.062 24.531 -3175.766 1097.234 26.453 -3174.891 cv-wall-02-2x2-bumps
3021 0 49 2100 0 -1 0 1058.015 46.010 -3187.714 1057.750 44.703 -3188.157 1058.437 46.672 -3186.828 cv-wall-02-2x2-bumps
3022 0 50 2372 0 -1 0 1096.614 27.010 -3175.657 1096.140 26.062 -3176.312 1097.234 28.515 -3174.891 cv-wall-to-ground-01
3023 0 51 180 0 -1 0 1149.922 9.677 -2999.432 1149.328 8.859 -2999.610 1150.937 10.234 -2999.188 cv-darkecofringe
3024 0 64 152 0 -1 0 1231.015 10.192 -2972.302 1230.562 8.844 -2972.516 1231.906 10.875 -2972.032 cv-darkecofringe-02
3025 0 64 484 0 -1 0 1271.276 9.729 -2906.547 1270.609 8.609 -2906.750 1272.312 10.390 -2906.266 cv-darkecofringe-02
3026 0 64 180 0 -1 0 1148.974 9.619 -2999.990 1148.094 8.859 -3001.172 1149.500 10.234 -2999.188 cv-darkecofringe-02
3027 0 13 96 0 -1 0 1061.443 12.729 -3146.651 1061.297 11.875 -3147.501 1061.578 13.250 -3145.047 cv-cavefloor-01-2x2
3028 0 15 324 0 -1 0 1152.375 58.640 -3182.021 1151.719 58.468 -3183.000 1153.343 58.937 -3180.657 cv-wall-02-2x2
3029 0 15 412 0 -1 0 1138.046 14.786 -3106.704 1137.296 14.156 -3107.391 1138.890 15.281 -3105.860 cv-wall-02-2x2
3030 0 15 441 0 -1 0 953.411 24.073 -3037.792 953.000 22.047 -3038.328 953.672 25.093 -3036.922 cv-wall-02-2x2
3031 0 15 554 0 -1 0 1106.948 18.401 -3078.063 1106.671 17.687 -3078.578 1107.296 19.749 -3077.141 cv-wall-02-2x2
3032 0 16 770 0 -1 0 1219.172 22.151 -2968.729 1218.156 20.953 -2969.141 1220.016 22.828 -2968.141 cv-wallbumps-all
3033 0 16 778 0 -1 0 1210.208 23.349 -2991.729 1209.765 22.718 -2992.047 1211.031 24.593 -2991.485 cv-wallbumps-all
3034 0 16 412 0 -1 0 1138.317 15.677 -3106.000 1137.953 14.921 -3106.860 1138.890 16.828 -3105.282 cv-wallbumps-all
3035 0 16 630 0 -1 0 1166.703 61.812 -3173.391 1165.797 60.453 -3173.641 1167.156 62.531 -3173.250 cv-wallbumps-all
3036 0 18 324 0 -1 0 1152.953 57.890 -3183.047 1152.062 56.687 -3183.734 1153.453 58.515 -3182.406 cv-wall-stal-stripe-02
3037 0 21 554 0 -1 0 1107.917 17.713 -3078.698 1106.875 17.687 -3080.485 1109.578 17.765 -3077.141 cv-floorfringe-01-2x2
3038 0 25 1985 0 -1 0 1017.870 44.656 -2988.792 1016.640 44.656 -2989.579 1019.031 44.656 -2987.782 cv-floorfringe-03-2x2
3039 0 31 778 0 -1 0 1210.088 22.088 -2991.823 1209.468 20.812 -2992.047 1211.031 22.734 -2991.485 cv-wallbumps-all-02
3040 0 31 770 0 -1 0 1218.770 23.390 -2968.219 1218.156 22.672 -2968.907 1219.343 24.671 -2967.610 cv-wallbumps-all-02
3041 0 32 2169 0 -1 0 1240.468 12.020 -2928.807 1239.984 11.593 -2929.532 1240.984 12.859 -2927.656 cv-wallbumps-all-high
3042 0 47 441 0 -1 0 953.416 25.906 -3037.776 953.000 25.078 -3038.282 953.672 27.547 -3036.922 cv-wall-02-2x2-high
3043 0 49 2169 0 -1 0 1240.614 11.984 -2930.099 1240.422 11.500 -2931.532 1240.984 12.859 -2929.235 cv-wall-02-2x2-bumps
3044 0 50 1985 0 -1 0 1017.489 44.135 -2989.563 1016.640 43.093 -2990.094 1017.937 44.656 -2989.016 cv-wall-to-ground-01
3045 0 72 96 0 -1 0 1061.140 12.734 -3147.985 1060.672 11.875 -3149.047 1061.453 13.250 -3147.407 cv-darkecofringe-03
3046 0 15 241 0 -1 0 1033.109 43.218 -3059.740 1032.718 42.484 -3060.344 1033.734 44.687 -3059.438 cv-wall-02-2x2
3047 0 15 298 0 -1 0 940.755 56.187 -3012.495 940.359 54.672 -3013.094 941.140 57.047 -3011.797 cv-wall-02-2x2
3048 0 15 303 0 -1 0 952.088 37.203 -3039.172 951.625 35.671 -3039.672 952.922 38.109 -3038.766 cv-wall-02-2x2
3049 0 15 327 0 -1 0 1160.619 41.927 -3181.037 1160.218 40.531 -3181.657 1161.328 42.656 -3180.531 cv-wall-02-2x2
3050 0 15 566 0 -1 0 989.343 79.651 -2999.469 988.781 79.016 -3000.312 990.187 80.250 -2998.907 cv-wall-02-2x2
3051 0 15 578 0 -1 0 948.995 90.182 -2919.313 948.172 89.796 -2920.063 950.469 90.562 -2918.782 cv-wall-02-2x2
3052 0 15 712 0 -1 0 1030.125 51.458 -3058.136 1029.562 49.734 -3058.782 1030.422 52.484 -3057.813 cv-wall-02-2x2
3053 0 16 712 0 -1 0 1029.458 52.766 -3058.141 1028.390 52.156 -3058.782 1030.422 53.656 -3057.813 cv-wallbumps-all
3054 0 17 935 0 -1 0 1158.922 21.682 -2967.714 1158.594 20.422 -2968.391 1159.219 22.343 -2967.109 cv-wall-stal-stripe-01
3055 0 18 935 0 -1 0 1158.776 22.901 -2967.458 1158.594 22.281 -2968.391 1158.953 24.078 -2966.875 cv-wall-stal-stripe-02
3056 0 18 1189 0 -1 0 941.911 106.885 -2934.224 941.219 105.578 -2934.422 942.500 107.578 -2933.938 cv-wall-stal-stripe-02
3057 0 18 303 0 -1 0 952.375 38.682 -3039.537 951.719 37.828 -3039.860 952.922 40.109 -3039.078 cv-wall-stal-stripe-02
3058 0 18 327 0 -1 0 1160.578 43.297 -3181.292 1160.187 42.593 -3181.657 1161.328 44.641 -3180.922 cv-wall-stal-stripe-02
3059 0 31 1189 0 -1 0 942.323 108.203 -2933.828 941.219 107.500 -2934.313 943.250 109.531 -2933.234 cv-wallbumps-all-02
3060 0 32 566 0 -1 0 988.875 78.411 -2999.469 988.781 76.531 -3000.312 989.062 79.688 -2998.907 cv-wallbumps-all-high
3061 0 32 298 0 -1 0 941.083 57.755 -3012.485 940.765 56.843 -3013.094 941.344 59.375 -3011.797 cv-wallbumps-all-high
3062 0 49 730 0 -1 0 1004.479 45.364 -3197.948 1003.265 44.328 -3198.235 1005.484 46.609 -3197.438 cv-wall-02-2x2-bumps
3063 0 49 241 0 -1 0 1032.906 41.703 -3059.740 1032.265 40.140 -3060.344 1033.734 42.484 -3059.438 cv-wall-02-2x2-bumps
3064 0 50 1780 0 -1 0 1138.026 25.088 -3106.506 1137.578 23.953 -3107.375 1138.468 25.656 -3105.782 cv-wall-to-ground-01
3065 0 15 252 0 -1 0 980.286 44.156 -2956.412 980.016 43.093 -2957.203 980.437 44.703 -2955.953 cv-wall-02-2x2
3066 0 15 533 0 -1 0 1139.797 53.161 -3115.329 1138.968 52.422 -3116.344 1140.797 53.578 -3114.688 cv-wall-02-2x2
3067 0 15 582 0 -1 0 941.244 90.979 -2933.823 940.421 89.750 -2934.016 941.703 91.609 -2933.672 cv-wall-02-2x2
3068 0 15 616 0 -1 0 937.656 29.729 -3021.167 937.312 29.109 -3021.719 938.172 30.781 -3020.657 cv-wall-02-2x2
3069 0 15 688 0 -1 0 1157.161 41.036 -3041.735 1155.765 40.375 -3042.219 1157.922 41.422 -3041.438 cv-wall-02-2x2
3070 0 16 755 0 -1 0 933.130 108.312 -2940.375 931.906 107.547 -2940.813 934.078 109.828 -2939.610 cv-wallbumps-all
3071 0 16 616 0 -1 0 937.729 28.588 -3020.938 937.484 27.359 -3021.719 938.172 29.297 -3020.438 cv-wallbumps-all
3072 0 16 252 0 -1 0 980.286 45.250 -2956.412 980.016 44.672 -2957.203 980.437 46.375 -2955.953 cv-wallbumps-all
3073 0 16 688 0 -1 0 1158.599 40.974 -3042.026 1157.797 40.375 -3042.422 1160.078 41.422 -3041.438 cv-wallbumps-all
3074 0 16 913 0 -1 0 1069.156 50.250 -3055.443 1068.281 49.109 -3055.485 1069.593 50.906 -3055.407 cv-wallbumps-all
3075 0 17 969 0 -1 0 1130.005 13.995 -3155.068 1129.500 12.672 -3155.313 1130.750 14.656 -3154.860 cv-wall-stal-stripe-01
3076 0 17 991 0 -1 0 938.640 102.979 -2938.245 937.843 101.719 -2938.860 939.171 103.625 -2937.547 cv-wall-stal-stripe-01
3077 0 18 533 0 -1 0 1138.843 53.130 -3114.490 1137.937 52.422 -3114.954 1139.625 53.484 -3113.829 cv-wall-stal-stripe-02
3078 0 18 755 0 -1 0 933.979 106.854 -2940.063 933.406 105.453 -2940.703 934.453 107.562 -2939.610 cv-wall-stal-stripe-02
3079 0 18 991 0 -1 0 938.307 104.234 -2937.974 937.843 103.594 -2938.329 938.906 105.484 -2937.547 cv-wall-stal-stripe-02
3080 0 18 582 0 -1 0 941.187 92.255 -2933.865 940.421 91.578 -2934.141 941.703 93.578 -2933.672 cv-wall-stal-stripe-02
3081 0 18 969 0 -1 0 1129.770 15.302 -3155.219 1129.062 14.656 -3155.313 1130.750 16.593 -3155.032 cv-wall-stal-stripe-02
3082 0 31 2095 0 -1 0 1009.130 67.219 -3094.235 1008.734 66.531 -3094.422 1009.921 68.594 -3093.891 cv-wallbumps-all-02
3083 0 31 2119 0 -1 0 1152.890 48.693 -3091.979 1151.609 47.906 -3092.969 1153.781 49.125 -3091.328 cv-wallbumps-all-02
3084 0 32 2119 0 -1 0 1153.864 48.693 -3090.974 1153.281 47.906 -3091.641 1154.531 49.125 -3089.953 cv-wallbumps-all-high
3085 0 32 913 0 -1 0 1069.156 51.463 -3055.427 1068.281 50.734 -3055.438 1069.593 52.750 -3055.407 cv-wallbumps-all-high
3086 0 47 2095 0 -1 0 1009.130 65.844 -3094.209 1008.734 64.468 -3094.391 1009.921 66.531 -3093.891 cv-wall-02-2x2-high
3087 0 48 2076 0 -1 0 1163.130 25.989 -3136.495 1162.781 24.656 -3137.188 1163.703 26.656 -3136.032 cv-wallbumps-all-high02
3088 0 50 698 0 -1 0 1134.802 24.906 -3120.839 1134.422 23.406 -3121.516 1135.094 25.656 -3119.891 cv-wall-to-ground-01
3089 0 51 2418 0 -1 0 1027.953 37.349 -3037.318 1027.453 36.734 -3038.188 1028.547 37.656 -3036.188 cv-darkecofringe
3090 0 64 2418 0 -1 0 1028.958 37.578 -3038.000 1027.859 36.734 -3038.235 1030.469 38.343 -3037.579 cv-darkecofringe-02
3091 0 15 143 0 -1 0 1226.937 18.130 -2967.386 1226.624 17.000 -2967.719 1227.515 18.703 -2966.766 cv-wall-02-2x2
3092 0 15 272 0 -1 0 961.770 37.072 -3021.506 961.453 35.984 -3022.001 961.937 37.687 -3020.735 cv-wall-02-2x2
3093 0 15 296 0 -1 0 947.120 62.682 -3006.125 946.875 61.781 -3006.516 947.531 64.484 -3005.391 cv-wall-02-2x2
3094 0 15 388 0 -1 0 1249.046 22.198 -2923.302 1248.593 20.859 -2923.860 1249.281 22.875 -2922.812 cv-wall-02-2x2
3095 0 16 388 0 -1 0 1249.078 23.646 -2923.516 1248.593 22.859 -2923.875 1249.374 25.203 -2922.812 cv-wallbumps-all
3096 0 16 825 0 -1 0 1031.213 43.218 -3058.104 1030.874 42.484 -3058.688 1031.734 44.687 -3057.813 cv-wallbumps-all
3097 0 16 503 0 -1 0 1192.849 19.239 -2967.860 1192.453 18.640 -2968.266 1193.140 20.343 -2967.141 cv-wallbumps-all
3098 0 16 272 0 -1 0 962.109 38.203 -3021.365 961.921 37.546 -3022.001 962.468 39.375 -3020.735 cv-wallbumps-all
3099 0 21 825 0 -1 0 1031.010 41.703 -3058.104 1030.422 40.140 -3058.688 1031.734 42.484 -3057.813 cv-floorfringe-01-2x2
3100 0 31 143 0 -1 0 1226.937 19.260 -2967.381 1226.624 18.687 -2967.719 1227.515 20.390 -2966.766 cv-wallbumps-all-02
3101 0 47 296 0 -1 0 947.093 60.916 -3006.110 946.875 59.187 -3006.469 947.531 61.781 -3005.391 cv-wall-02-2x2-high
3102 0 13 100 0 -1 0 1040.218 14.588 -3169.630 1039.328 14.328 -3170.109 1041.047 14.906 -3168.938 cv-cavefloor-01-2x2
3103 0 15 387 0 -1 0 1242.083 17.921 -2920.547 1241.781 16.718 -2920.922 1242.671 18.578 -2920.156 cv-wall-02-2x2
3104 0 15 443 0 -1 0 923.739 24.088 -3044.933 922.953 22.078 -3045.141 924.140 25.109 -3044.797 cv-wall-02-2x2
3105 0 15 466 0 -1 0 1142.640 -11.995 -3179.599 1141.703 -13.329 -3179.828 1143.328 -9.328 -3179.141 cv-wall-02-2x2
3106 0 15 469 0 -1 0 1135.156 6.057 -3178.552 1134.765 4.734 -3179.297 1135.421 6.750 -3178.063 cv-wall-02-2x2
3107 0 15 501 0 -1 0 1221.828 11.401 -2942.000 1221.703 10.750 -2942.453 1221.906 12.703 -2941.188 cv-wall-02-2x2
3108 0 17 953 0 -1 0 1151.448 47.323 -3138.360 1151.000 46.656 -3139.063 1151.766 48.656 -3137.907 cv-wall-stal-stripe-01
3109 0 18 953 0 -1 0 1151.245 45.989 -3138.432 1150.968 44.656 -3139.063 1151.766 46.656 -3138.109 cv-wall-stal-stripe-02
3110 0 18 469 0 -1 0 1135.255 7.364 -3178.735 1134.765 6.687 -3179.297 1135.578 8.656 -3178.297 cv-wall-stal-stripe-02
3111 0 21 1817 0 -1 0 1086.818 9.151 -3199.172 1085.344 8.796 -3199.860 1087.797 9.390 -3198.782 cv-floorfringe-01-2x2
3112 0 22 1780 0 -1 0 1138.646 25.656 -3106.604 1137.578 25.656 -3107.375 1139.890 25.656 -3106.078 cv-floorfringe-02-2x2
3113 0 25 1987 0 -1 0 978.599 34.505 -2953.615 978.234 33.734 -2954.188 978.953 34.922 -2952.547 cv-floorfringe-03-2x2
3114 0 26 1987 0 -1 0 978.213 34.474 -2954.719 977.796 33.734 -2955.860 978.609 34.859 -2954.109 cv-floorfringe-04-2x2
3115 0 31 387 0 -1 0 1242.046 18.974 -2920.995 1241.687 18.468 -2921.907 1242.671 19.875 -2920.156 cv-wallbumps-all-02
3116 0 31 2085 0 -1 0 990.963 59.583 -3022.073 990.500 58.734 -3023.141 991.656 61.078 -3021.172 cv-wallbumps-all-02
3117 0 31 235 0 -1 0 1042.005 55.698 -3031.552 1041.859 54.625 -3032.203 1042.093 56.546 -3030.594 cv-wallbumps-all-02
3118 0 32 443 0 -1 0 923.729 25.854 -3044.870 922.953 25.078 -3045.141 924.125 27.375 -3044.672 cv-wallbumps-all-high
3119 0 47 2085 0 -1 0 991.619 58.104 -3021.453 990.734 56.640 -3021.907 992.468 58.937 -3021.172 cv-wall-02-2x2-high
3120 0 49 1817 0 -1 0 1088.031 10.203 -3199.224 1087.312 9.265 -3199.860 1088.984 11.953 -3198.782 cv-wall-02-2x2-bumps
3121 0 50 2408 0 -1 0 1017.234 38.156 -3097.219 1017.000 37.656 -3097.641 1017.609 39.156 -3096.469 cv-wall-to-ground-01
3122 0 64 501 0 -1 0 1221.677 10.078 -2941.881 1221.422 8.734 -2942.360 1221.906 10.750 -2941.188 cv-darkecofringe-02
3123 0 72 100 0 -1 0 1040.906 13.802 -3169.073 1040.281 12.547 -3169.844 1041.390 14.531 -3168.438 cv-darkecofringe-03
3124 0 12 6 0 -1 0 1092.802 46.281 -3080.985 1092.062 45.656 -3081.141 1093.203 47.531 -3080.688 cv-villpole-bottom
3125 0 12 8 0 -1 0 1096.781 11.297 -3123.745 1096.687 10.671 -3124.157 1096.953 12.547 -3122.969 cv-villpole-bottom
3126 0 12 10 0 -1 0 1074.890 34.281 -3097.282 1074.734 33.656 -3097.672 1075.187 35.531 -3096.547 cv-villpole-bottom
3127 0 12 35 0 -1 0 1035.427 38.281 -3096.407 1035.187 37.656 -3097.063 1035.874 39.531 -3096.063 cv-villpole-bottom
3128 0 12 12 0 -1 0 1049.916 12.484 -3139.105 1049.125 11.859 -3139.110 1050.343 13.734 -3139.094 cv-villpole-bottom
3129 0 12 14 0 -1 0 1132.099 41.781 -3154.313 1131.859 41.156 -3154.969 1132.547 43.031 -3153.969 cv-villpole-bottom
3130 0 12 16 0 -1 0 1080.958 12.547 -3151.271 1080.718 11.922 -3151.672 1081.093 13.797 -3150.516 cv-villpole-bottom
3131 0 12 18 0 -1 0 1122.296 30.656 -3179.407 1121.906 30.031 -3179.704 1123.031 31.906 -3179.250 cv-villpole-bottom
3132 0 12 20 0 -1 0 1014.385 38.031 -3185.292 1014.031 37.406 -3186.000 1014.578 39.281 -3184.907 cv-villpole-bottom
3133 0 15 264 0 -1 0 1002.114 76.646 -3030.412 1001.390 76.234 -3031.157 1002.890 77.031 -3029.156 cv-wall-02-2x2
3134 0 15 498 0 -1 0 1231.651 3.166 -2966.469 1230.968 2.499 -2966.610 1232.078 4.390 -2966.344 cv-wall-02-2x2
3135 0 15 560 0 -1 0 1084.838 21.739 -3055.141 1084.234 20.000 -3055.578 1085.624 22.875 -3054.657 cv-wall-02-2x2
3136 0 16 264 0 -1 0 1002.666 76.125 -3031.349 1002.062 75.109 -3031.969 1003.046 77.031 -3030.922 cv-wallbumps-all
3137 0 16 874 0 -1 0 1155.406 68.770 -3184.932 1154.906 68.374 -3185.641 1156.156 69.390 -3183.985 cv-wallbumps-all
3138 0 18 560 0 -1 0 1084.156 23.203 -3055.219 1083.578 22.343 -3055.578 1084.656 24.390 -3054.657 cv-wall-stal-stripe-02
3139 0 25 453 0 -1 0 1064.364 15.463 -3069.339 1063.781 15.219 -3070.626 1064.875 15.875 -3068.375 cv-floorfringe-03-2x2
3140 0 31 231 0 -1 0 1004.849 73.541 -2992.453 1004.703 72.250 -2993.157 1005.062 75.359 -2991.812 cv-wallbumps-all-02
3141 0 31 874 0 -1 0 1154.474 68.541 -3185.750 1153.359 67.859 -3186.438 1155.156 69.390 -3185.172 cv-wallbumps-all-02
3142 0 15 231 0 -1 0 1005.317 72.416 -2992.594 1004.703 71.984 -2993.157 1006.187 73.015 -2992.234 cv-wall-02-2x2
3143 0 15 253 0 -1 0 962.786 51.989 -2962.709 962.609 50.656 -2963.453 962.890 52.656 -2962.297 cv-wall-02-2x2
3144 0 15 463 0 -1 0 1137.448 23.302 -3163.407 1137.171 22.625 -3163.735 1137.703 24.656 -3162.797 cv-wall-02-2x2
3145 0 16 253 0 -1 0 962.843 53.302 -2962.693 962.609 52.656 -2963.453 963.062 54.594 -2962.251 cv-wallbumps-all
3146 0 17 983 0 -1 0 1129.255 42.083 -3070.000 1128.984 40.359 -3070.126 1129.656 43.344 -3069.750 cv-wall-stal-stripe-01
3147 0 17 984 0 -1 0 1129.708 42.859 -3072.157 1129.296 41.484 -3072.407 1129.984 43.922 -3072.032 cv-wall-stal-stripe-01
3148 0 17 990 0 -1 0 935.312 103.057 -2939.818 934.875 101.906 -2940.172 935.547 103.656 -2939.219 cv-wall-stal-stripe-01
3149 0 17 1023 0 -1 0 1035.661 52.088 -3040.068 1035.484 50.672 -3040.485 1035.828 52.812 -3039.344 cv-wall-stal-stripe-01
3150 0 18 983 0 -1 0 1129.156 43.562 -3069.719 1128.828 42.546 -3070.126 1129.656 44.797 -3069.282 cv-wall-stal-stripe-02
3151 0 18 984 0 -1 0 1129.796 44.463 -3072.432 1129.296 43.171 -3072.859 1130.109 46.297 -3072.032 cv-wall-stal-stripe-02
3152 0 18 990 0 -1 0 934.958 104.239 -2939.719 934.453 103.609 -2940.062 935.547 105.453 -2939.219 cv-wall-stal-stripe-02
3153 0 18 463 0 -1 0 1137.479 21.937 -3163.422 1137.171 20.562 -3163.735 1137.703 22.625 -3162.797 cv-wall-stal-stripe-02
3154 0 18 1023 0 -1 0 1035.849 53.541 -3039.948 1035.484 52.781 -3040.376 1036.234 55.031 -3039.344 cv-wall-stal-stripe-02
3155 0 13 73 0 -1 0 949.724 20.135 -3050.495 949.546 19.765 -3051.688 949.953 20.406 -3049.079 cv-cavefloor-01-2x2
3156 0 13 90 0 -1 0 981.453 35.630 -2964.490 980.703 35.593 -2965.641 982.000 35.656 -2963.485 cv-cavefloor-01-2x2
3157 0 15 235 0 -1 0 1041.635 56.213 -3031.688 1040.984 55.922 -3032.610 1042.062 56.546 -3030.594 cv-wall-02-2x2
3158 0 15 279 0 -1 0 935.161 119.088 -2937.604 934.500 118.344 -2937.782 936.437 119.984 -2937.484 cv-wall-02-2x2
3159 0 15 73 0 -1 0 949.682 21.317 -3051.365 949.546 20.234 -3051.688 949.953 23.312 -3050.719 cv-wall-02-2x2
3160 0 16 279 0 -1 0 935.161 119.088 -2937.604 934.500 118.344 -2937.782 936.437 119.984 -2937.484 cv-wallbumps-all
3161 0 17 976 0 -1 0 1083.557 30.078 -3223.657 1083.124 27.937 -3223.985 1083.968 31.265 -3223.203 cv-wall-stal-stripe-01
3162 0 18 976 0 -1 0 1082.968 32.369 -3223.589 1081.812 31.031 -3223.782 1083.968 34.812 -3223.203 cv-wall-stal-stripe-02
3163 0 21 1786 0 -1 0 1106.739 13.937 -3094.839 1106.437 12.562 -3095.719 1106.937 15.109 -3094.219 cv-floorfringe-01-2x2
3164 0 13 83 0 -1 0 1180.422 12.000 -3027.381 1179.531 11.687 -3028.313 1181.062 12.187 -3026.766 cv-cavefloor-01-2x2
3165 0 15 306 0 -1 0 1008.703 46.599 -3094.099 1007.719 46.187 -3094.797 1009.515 47.094 -3093.422 cv-wall-02-2x2
3166 0 15 453 0 -1 0 1064.244 16.094 -3068.594 1063.781 15.219 -3069.016 1064.515 17.187 -3068.375 cv-wall-02-2x2
3167 0 15 488 0 -1 0 1267.906 10.151 -2923.177 1267.046 9.921 -2924.126 1268.453 10.406 -2922.500 cv-wall-02-2x2
3168 0 15 611 0 -1 0 960.442 48.083 -3026.641 960.234 46.687 -3027.266 960.609 48.843 -3026.297 cv-wall-02-2x2
3169 0 16 798 0 -1 0 1046.239 67.260 -3067.490 1045.812 66.578 -3067.750 1046.453 68.578 -3066.969 cv-wallbumps-all
3170 0 22 1862 0 -1 0 1031.146 37.630 -3110.000 1030.000 37.593 -3111.282 1031.922 37.656 -3108.360 cv-floorfringe-02-2x2
3171 0 31 611 0 -1 0 960.474 49.432 -3026.672 960.234 48.718 -3027.266 960.609 50.734 -3026.360 cv-wallbumps-all-02
3172 0 32 798 0 -1 0 1046.239 65.953 -3067.490 1045.812 64.656 -3067.750 1046.453 66.624 -3066.969 cv-wallbumps-all-high
3173 0 49 306 0 -1 0 1009.317 45.739 -3094.802 1008.875 44.515 -3095.532 1009.562 46.516 -3094.079 cv-wall-02-2x2-bumps
3174 0 50 1862 0 -1 0 1031.526 37.088 -3110.938 1031.141 36.031 -3111.282 1031.922 37.640 -3110.360 cv-wall-to-ground-01
3175 0 15 538 0 -1 0 1152.401 53.573 -3133.537 1151.390 53.234 -3134.360 1153.078 53.844 -3132.797 cv-wall-02-2x2
3176 0 16 235 0 -1 0 1041.646 55.573 -3032.224 1040.984 54.625 -3032.610 1042.093 56.172 -3031.860 cv-wallbumps-all
3177 0 16 538 0 -1 0 1153.526 53.739 -3132.808 1152.734 53.234 -3133.454 1154.765 54.140 -3132.172 cv-wallbumps-all
3178 0 17 933 0 -1 0 1250.963 15.510 -2919.073 1250.718 14.828 -2919.656 1251.156 16.875 -2918.735 cv-wall-stal-stripe-01
3179 0 18 933 0 -1 0 1250.698 14.146 -2918.891 1250.359 12.781 -2919.656 1251.015 14.828 -2918.282 cv-wall-stal-stripe-02
3180 0 15 132 0 -1 0 1251.995 19.166 -2916.167 1250.687 18.734 -2916.891 1252.719 19.500 -2915.407 cv-wall-02-2x2
3181 0 15 147 0 -1 0 1199.536 17.989 -2965.120 1198.984 16.734 -2965.297 1199.828 18.625 -2964.891 cv-wall-02-2x2
3182 0 15 698 0 -1 0 1135.177 26.474 -3121.537 1134.890 25.656 -3122.063 1135.750 28.109 -3121.110 cv-wall-02-2x2
3183 0 16 797 0 -1 0 1049.630 65.890 -3061.521 1049.078 64.656 -3061.641 1049.906 66.515 -3061.282 cv-wallbumps-all
3184 0 16 147 0 -1 0 1199.135 19.218 -2965.167 1198.625 18.609 -2965.312 1199.797 20.422 -2964.891 cv-wallbumps-all
3185 0 17 988 0 -1 0 969.817 51.437 -2995.245 969.515 50.109 -2995.704 970.078 52.125 -2994.891 cv-wall-stal-stripe-01
3186 0 17 1007 0 -1 0 1088.525 17.765 -3214.000 1087.968 16.593 -3214.438 1089.015 18.499 -3213.501 cv-wall-stal-stripe-01
3187 0 18 132 0 -1 0 1253.156 18.937 -2916.714 1252.578 18.734 -2917.047 1254.171 19.265 -2916.204 cv-wall-stal-stripe-02
3188 0 18 988 0 -1 0 969.630 52.781 -2995.047 969.515 52.078 -2995.704 969.859 54.140 -2994.547 cv-wall-stal-stripe-02
3189 0 18 1007 0 -1 0 1088.380 18.812 -3214.037 1087.968 18.203 -3214.547 1088.593 19.734 -3213.501 cv-wall-stal-stripe-02
3190 0 31 797 0 -1 0 1049.630 67.083 -3061.521 1049.078 66.499 -3061.641 1049.906 68.234 -3061.282 cv-wallbumps-all-02
3191 0 15 699 0 -1 0 1135.698 31.380 -3126.719 1135.203 30.438 -3126.985 1136.015 32.765 -3126.516 cv-wall-02-2x2
3192 0 17 1006 0 -1 0 1135.484 13.989 -3178.974 1135.172 12.656 -3179.375 1135.703 14.656 -3178.641 cv-wall-stal-stripe-01
3193 0 18 699 0 -1 0 1135.385 30.130 -3126.391 1135.078 29.015 -3126.657 1135.875 30.937 -3126.001 cv-wall-stal-stripe-02
3194 0 18 1006 0 -1 0 1135.354 15.312 -3178.688 1135.172 14.656 -3179.375 1135.578 16.624 -3178.047 cv-wall-stal-stripe-02
3195 0 15 271 0 -1 0 962.416 36.859 -3019.782 962.109 35.469 -3019.860 962.953 37.593 -3019.641 cv-wall-02-2x2
3196 0 15 435 0 -1 0 939.349 48.448 -2949.881 938.156 47.641 -2950.219 940.109 49.656 -2949.594 cv-wall-02-2x2
3197 0 15 677 0 -1 0 1130.005 37.495 -3039.115 1129.249 37.328 -3039.719 1131.249 37.781 -3038.672 cv-wall-02-2x2
3198 0 17 934 0 -1 0 1231.927 23.333 -2895.011 1231.734 21.828 -2895.454 1232.171 24.109 -2894.719 cv-wall-stal-stripe-01
3199 0 17 941 0 -1 0 952.250 28.968 -2996.063 951.844 27.593 -2996.235 952.515 29.656 -2995.782 cv-wall-stal-stripe-01
3200 0 17 989 0 -1 0 941.614 102.968 -2941.917 941.078 101.624 -2941.985 941.891 103.656 -2941.797 cv-wall-stal-stripe-01
3201 0 17 1008 0 -1 0 1220.693 6.015 -2941.651 1220.281 4.672 -2941.844 1221.093 6.687 -2941.391 cv-wall-stal-stripe-01
3202 0 18 934 0 -1 0 1232.125 25.010 -2894.834 1231.875 24.062 -2895.454 1232.328 26.859 -2894.328 cv-wall-stal-stripe-02
3203 0 18 989 0 -1 0 941.672 104.312 -2942.058 941.078 103.625 -2942.219 942.047 105.656 -2941.969 cv-wall-stal-stripe-02
3204 0 18 435 0 -1 0 940.270 47.343 -2950.073 939.781 46.343 -2950.406 940.921 48.046 -2949.594 cv-wall-stal-stripe-02
3205 0 18 941 0 -1 0 952.380 30.292 -2995.995 951.844 29.656 -2996.172 952.781 31.562 -2995.782 cv-wall-stal-stripe-02
3206 0 22 90 0 -1 0 981.807 35.994 -2964.740 981.656 35.640 -2965.641 982.000 36.687 -2964.235 cv-floorfringe-02-2x2
3207 0 31 271 0 -1 0 962.515 38.156 -3019.761 962.187 37.515 -3019.860 962.953 39.359 -3019.641 cv-wallbumps-all-02
3208 0 32 503 0 -1 0 1193.322 19.187 -2968.105 1192.953 18.578 -2968.266 1193.874 20.343 -2967.876 cv-wallbumps-all-high
3209 0 49 126 0 -1 0 1227.187 15.698 -2903.854 1226.453 15.609 -2904.282 1228.094 15.875 -2903.157 cv-wall-02-2x2-bumps
3210 0 64 1008 0 -1 0 1220.932 7.370 -2941.886 1220.281 6.687 -2942.094 1221.422 8.734 -2941.719 cv-darkecofringe-02
3211 0 17 942 0 -1 0 950.562 28.968 -2997.406 950.297 27.593 -2997.672 950.953 29.656 -2997.234 cv-wall-stal-stripe-01
3212 0 17 944 0 -1 0 1005.322 53.484 -3094.089 1005.172 52.109 -3094.344 1005.406 54.171 -3093.641 cv-wall-stal-stripe-01
3213 0 17 980 0 -1 0 1154.150 41.698 -3056.808 1153.718 40.531 -3057.063 1154.421 42.343 -3056.532 cv-wall-stal-stripe-01
3214 0 17 999 0 -1 0 1136.885 17.713 -3163.886 1136.687 16.297 -3164.235 1137.203 18.421 -3163.704 cv-wall-stal-stripe-01
3215 0 17 1003 0 -1 0 1168.828 9.151 -3168.839 1168.687 8.219 -3169.094 1169.047 10.719 -3168.454 cv-wall-stal-stripe-01
3216 0 17 410 0 -1 0 1131.385 19.500 -3083.922 1130.984 18.656 -3084.188 1131.843 20.906 -3083.579 cv-wall-stal-stripe-01
3217 0 18 980 0 -1 0 1153.708 42.922 -3057.037 1152.984 42.219 -3057.219 1154.421 44.203 -3056.828 cv-wall-stal-stripe-02
3218 0 18 942 0 -1 0 950.427 30.318 -2997.479 950.031 29.656 -2997.672 950.953 31.640 -2997.312 cv-wall-stal-stripe-02
3219 0 18 944 0 -1 0 1005.020 54.822 -3094.136 1004.500 54.171 -3094.422 1005.390 56.124 -3093.641 cv-wall-stal-stripe-02
3220 0 18 999 0 -1 0 1137.151 19.135 -3163.896 1136.687 18.421 -3164.235 1137.562 20.562 -3163.719 cv-wall-stal-stripe-02
3221 0 25 90 0 -1 0 981.375 35.973 -2964.021 980.703 35.593 -2964.344 981.765 36.687 -2963.485 cv-floorfringe-03-2x2
3222 0 15 269 0 -1 0 962.917 41.651 -3021.125 962.687 41.062 -3021.391 963.297 42.750 -3020.938 cv-wall-02-2x2
3223 0 15 288 0 -1 0 941.729 43.447 -2946.870 941.437 41.874 -2947.344 942.140 44.265 -2946.578 cv-wall-02-2x2
3224 0 16 269 0 -1 0 962.817 40.526 -3021.266 962.468 39.375 -3021.391 963.297 41.140 -3021.047 cv-wallbumps-all
3225 0 17 938 0 -1 0 1120.843 41.250 -3079.479 1120.593 39.468 -3079.688 1121.249 42.172 -3079.251 cv-wall-stal-stripe-01
3226 0 17 1032 0 -1 0 1149.333 54.364 -3182.360 1149.188 53.047 -3182.594 1149.624 55.078 -3182.063 cv-wall-stal-stripe-01
3227 0 18 938 0 -1 0 1120.770 43.047 -3079.776 1120.468 42.109 -3080.141 1121.249 44.859 -3079.500 cv-wall-stal-stripe-02
3228 0 18 1243 0 -1 0 1028.218 19.375 -3082.224 1027.874 18.421 -3082.407 1028.484 20.937 -3082.109 cv-wall-stal-stripe-02
3229 0 18 1032 0 -1 0 1149.338 55.802 -3182.063 1149.188 54.968 -3182.594 1149.624 57.359 -3181.532 cv-wall-stal-stripe-02
3230 0 49 288 0 -1 0 941.255 44.927 -2946.839 940.719 44.203 -2947.344 941.609 46.312 -2946.485 cv-wall-02-2x2-bumps
3231 0 17 961 0 -1 0 1137.755 49.989 -3195.151 1137.718 48.656 -3195.563 1137.812 50.656 -3194.938 cv-wall-stal-stripe-01
3232 0 17 962 0 -1 0 1139.630 49.989 -3195.709 1139.562 48.656 -3195.922 1139.671 50.656 -3195.297 cv-wall-stal-stripe-01
3233 0 18 962 0 -1 0 1139.796 51.307 -3195.787 1139.562 50.656 -3196.141 1140.156 52.609 -3195.297 cv-wall-stal-stripe-02
3234 0 18 961 0 -1 0 1137.599 51.281 -3195.068 1137.265 50.656 -3195.563 1137.812 52.531 -3194.703 cv-wall-stal-stripe-02
3235 0 21 83 0 -1 0 1180.390 12.265 -3026.782 1179.531 11.687 -3027.063 1180.968 12.921 -3026.516 cv-floorfringe-01-2x2
3236 0 25 83 0 -1 0 1180.901 12.411 -3027.297 1180.672 12.125 -3028.313 1181.062 12.921 -3026.516 cv-floorfringe-03-2x2
3237 0 17 947 0 -1 0 1037.260 47.349 -3068.526 1037.031 46.265 -3068.844 1037.390 47.922 -3068.360 cv-wall-stal-stripe-01
3238 0 17 950 0 -1 0 1163.890 39.963 -3150.521 1163.547 39.000 -3150.688 1164.125 41.812 -3150.360 cv-wall-stal-stripe-01
3239 0 17 967 0 -1 0 1138.427 17.156 -3156.719 1138.265 15.812 -3156.860 1138.734 17.828 -3156.438 cv-wall-stal-stripe-01
3240 0 17 1016 0 -1 0 1151.484 46.438 -3129.969 1151.187 45.344 -3130.235 1151.688 46.984 -3129.641 cv-wall-stal-stripe-01
3241 0 18 1016 0 -1 0 1151.698 47.562 -3129.756 1151.578 46.984 -3130.235 1151.828 48.718 -3129.391 cv-wall-stal-stripe-02
3242 0 18 947 0 -1 0 1037.276 48.489 -3068.927 1037.031 47.859 -3069.563 1037.406 49.687 -3068.375 cv-wall-stal-stripe-02
3243 0 18 950 0 -1 0 1163.979 38.239 -3150.261 1163.547 36.641 -3150.516 1164.265 39.078 -3149.907 cv-wall-stal-stripe-02
3244 0 18 967 0 -1 0 1138.770 18.599 -3156.714 1138.281 17.828 -3156.860 1139.296 20.140 -3156.438 cv-wall-stal-stripe-02
3245 0 25 698 0 -1 0 1135.021 25.656 -3120.813 1134.422 25.656 -3121.438 1135.750 25.656 -3119.891 cv-floorfringe-03-2x2
3246 0 64 2450 0 -1 0 1241.552 7.234 -2882.506 1241.374 6.625 -2882.922 1241.890 8.437 -2882.251 cv-darkecofringe-02
3247 0 17 932 0 -1 0 1270.354 16.245 -2895.771 1270.093 15.000 -2895.907 1270.625 16.890 -2895.656 cv-wall-stal-stripe-01
3248 0 17 1012 0 -1 0 1082.599 26.958 -3055.333 1082.281 26.281 -3055.625 1082.953 28.296 -3055.109 cv-wall-stal-stripe-01
3249 0 18 932 0 -1 0 1270.052 17.599 -2895.922 1269.437 16.843 -2896.110 1270.625 19.062 -2895.750 cv-wall-stal-stripe-02
3250 0 18 1047 0 -1 0 1270.682 13.213 -2903.657 1270.484 12.453 -2903.812 1270.953 14.687 -2903.438 cv-wall-stal-stripe-02
3251 0 18 1012 0 -1 0 1083.031 25.656 -3055.438 1082.562 24.390 -3055.625 1083.578 26.297 -3055.266 cv-wall-stal-stripe-02
3252 0 64 1047 0 -1 0 1270.463 11.593 -2903.495 1269.953 9.828 -2903.719 1270.953 12.500 -2903.329 cv-darkecofringe-02
3253 0 17 931 0 -1 0 1271.776 15.765 -2894.474 1271.437 14.531 -2894.532 1271.953 16.406 -2894.422 cv-wall-stal-stripe-01
3254 0 17 1000 0 -1 0 1134.422 20.484 -3151.974 1134.312 19.140 -3152.172 1134.562 21.266 -3151.734 cv-wall-stal-stripe-01
3255 0 18 931 0 -1 0 1271.833 16.963 -2894.365 1271.437 16.359 -2894.469 1272.109 18.125 -2894.204 cv-wall-stal-stripe-02
3256 0 18 1000 0 -1 0 1134.656 22.005 -3152.120 1134.390 21.047 -3152.454 1135.015 23.703 -3151.734 cv-wall-stal-stripe-02
3257 0 21 148 0 -1 0 1211.312 13.291 -2972.511 1210.765 12.703 -2972.876 1211.781 14.015 -2972.000 cv-floorfringe-01-2x2
3258 0 17 1005 0 -1 0 1135.849 11.322 -3178.901 1135.688 10.656 -3178.922 1136.156 12.656 -3178.876 cv-wall-stal-stripe-01
3259 0 18 1005 0 -1 0 1135.807 9.989 -3178.803 1135.578 8.656 -3178.922 1136.156 10.656 -3178.610 cv-wall-stal-stripe-02
3260 0 25 148 0 -1 0 1211.161 12.901 -2972.860 1210.765 12.703 -2973.703 1211.390 13.156 -2972.000 cv-floorfringe-03-2x2
3261 0 17 1029 0 -1 0 1162.328 48.776 -3179.198 1162.109 47.453 -3179.359 1162.437 49.437 -3179.001 cv-wall-stal-stripe-01
3262 0 18 1029 0 -1 0 1162.338 50.364 -3178.782 1162.109 49.437 -3179.235 1162.468 52.218 -3178.109 cv-wall-stal-stripe-02
3263 0 15 148 0 -1 0 1211.500 13.338 -2973.078 1211.328 12.843 -2973.703 1211.781 14.015 -2972.657 cv-wall-02-2x2
3264 0 44 2211 0 -1 0 1088.193 6.604 -3101.537 1088.187 6.015 -3101.813 1088.203 7.734 -3101.312 cv-woodpoles
3265 0 44 2207 0 -1 0 1106.234 5.901 -3095.985 1106.140 5.312 -3096.032 1106.281 7.062 -3095.938 cv-woodpoles
3266 0 44 2209 0 -1 0 1102.968 5.896 -3101.813 1102.874 5.312 -3101.859 1103.031 7.062 -3101.781 cv-woodpoles
3267 0 44 2260 0 -1 0 1125.901 24.500 -3109.485 1125.828 23.375 -3109.563 1125.969 25.062 -3109.422 cv-woodpoles
3268 0 17 936 0 -1 0 1141.854 43.838 -3087.922 1141.687 43.328 -3088.078 1141.937 44.859 -3087.610 cv-wall-stal-stripe-01
3269 0 17 937 0 -1 0 1120.708 38.000 -3078.979 1120.687 37.266 -3079.251 1120.718 39.468 -3078.844 cv-wall-stal-stripe-01
3270 0 17 948 0 -1 0 1164.145 43.182 -3154.344 1163.953 42.453 -3154.547 1164.531 44.641 -3153.938 cv-wall-stal-stripe-01
3271 0 17 949 0 -1 0 1163.916 43.182 -3154.714 1163.843 42.453 -3155.047 1163.953 44.641 -3154.547 cv-wall-stal-stripe-01
3272 0 17 951 0 -1 0 1163.797 43.953 -3151.407 1163.609 41.859 -3151.782 1163.890 44.999 -3151.219 cv-wall-stal-stripe-01
3273 0 17 952 0 -1 0 1163.927 43.937 -3151.042 1163.890 41.812 -3151.219 1164.000 44.999 -3150.688 cv-wall-stal-stripe-01
3274 0 17 957 0 -1 0 1153.192 50.089 -3185.667 1153.047 49.125 -3186.031 1153.265 52.016 -3185.484 cv-wall-stal-stripe-01
3275 0 17 958 0 -1 0 1141.119 49.859 -3199.276 1140.734 48.765 -3199.391 1141.312 50.406 -3199.047 cv-wall-stal-stripe-01
3276 0 17 959 0 -1 0 1141.474 49.885 -3199.464 1141.312 48.843 -3199.610 1141.797 50.406 -3199.391 cv-wall-stal-stripe-01
3277 0 17 964 0 -1 0 1162.130 29.286 -3170.704 1161.640 28.687 -3170.766 1162.375 30.484 -3170.672 cv-wall-stal-stripe-01
3278 0 17 965 0 -1 0 1162.521 29.286 -3170.542 1162.375 28.687 -3170.672 1162.812 30.484 -3170.282 cv-wall-stal-stripe-01
3279 0 17 966 0 -1 0 1137.192 14.375 -3156.802 1136.640 13.656 -3156.813 1137.468 15.812 -3156.797 cv-wall-stal-stripe-01
3280 0 17 968 0 -1 0 1137.734 14.375 -3156.818 1137.468 13.656 -3156.860 1138.265 15.812 -3156.797 cv-wall-stal-stripe-01
3281 0 17 970 0 -1 0 1167.390 16.656 -3168.839 1167.141 15.890 -3168.922 1167.515 18.187 -3168.672 cv-wall-stal-stripe-01
3282 0 17 971 0 -1 0 1167.718 16.656 -3168.964 1167.515 15.890 -3169.047 1168.124 18.187 -3168.922 cv-wall-stal-stripe-01
3283 0 17 973 0 -1 0 1072.656 48.338 -3191.099 1072.500 46.547 -3191.125 1072.969 49.234 -3191.047 cv-wall-stal-stripe-01
3284 0 17 974 0 -1 0 1071.213 24.661 -3201.417 1071.125 24.000 -3201.735 1071.390 25.984 -3201.250 cv-wall-stal-stripe-01
3285 0 17 975 0 -1 0 1061.755 19.875 -3203.474 1061.390 19.015 -3203.563 1061.937 21.593 -3203.297 cv-wall-stal-stripe-01
3286 0 17 978 0 -1 0 1154.838 43.568 -3052.058 1154.609 41.734 -3052.157 1155.296 44.484 -3051.860 cv-wall-stal-stripe-01
3287 0 17 979 0 -1 0 1154.749 39.052 -3056.334 1154.312 38.312 -3056.532 1154.968 40.531 -3056.234 cv-wall-stal-stripe-01
3288 0 17 982 0 -1 0 1136.141 25.343 -3055.146 1135.922 24.671 -3055.188 1136.578 26.687 -3055.063 cv-wall-stal-stripe-01
3289 0 17 986 0 -1 0 1086.468 25.672 -3056.990 1086.187 24.875 -3057.172 1086.609 27.265 -3056.625 cv-wall-stal-stripe-01
3290 0 17 987 0 -1 0 1088.114 28.922 -3062.880 1088.093 28.078 -3063.266 1088.124 30.609 -3062.688 cv-wall-stal-stripe-01
3291 0 17 993 0 -1 0 926.135 34.114 -3040.579 926.031 33.578 -3040.641 926.343 35.187 -3040.454 cv-wall-stal-stripe-01
3292 0 17 994 0 -1 0 925.895 34.104 -3040.698 925.625 33.578 -3040.813 926.031 35.156 -3040.641 cv-wall-stal-stripe-01
3293 0 17 995 0 -1 0 1042.781 53.718 -3086.860 1042.671 53.015 -3086.969 1043.000 55.125 -3086.641 cv-wall-stal-stripe-01
3294 0 17 996 0 -1 0 1081.156 29.812 -3079.505 1080.937 29.015 -3079.547 1081.265 31.406 -3079.422 cv-wall-stal-stripe-01
3295 0 17 997 0 -1 0 1081.317 29.890 -3079.662 1081.265 29.015 -3079.891 1081.421 31.640 -3079.547 cv-wall-stal-stripe-01
3296 0 17 1001 0 -1 0 1133.958 17.578 -3151.797 1133.781 16.797 -3152.016 1134.312 19.140 -3151.688 cv-wall-stal-stripe-01
3297 0 17 1002 0 -1 0 1133.588 17.484 -3151.625 1133.203 16.797 -3151.688 1133.781 18.859 -3151.500 cv-wall-stal-stripe-01
3298 0 17 1009 0 -1 0 1220.166 3.588 -2941.089 1219.718 3.078 -2941.125 1220.390 4.609 -2941.016 cv-wall-stal-stripe-01
3299 0 17 1010 0 -1 0 1220.495 3.609 -2941.214 1220.390 3.078 -2941.391 1220.703 4.672 -2941.125 cv-wall-stal-stripe-01
3300 0 17 1011 0 -1 0 1082.010 29.369 -3054.912 1081.874 28.296 -3055.109 1082.281 29.906 -3054.813 cv-wall-stal-stripe-01
3301 0 17 1013 0 -1 0 1081.718 29.375 -3054.839 1081.406 28.312 -3054.891 1081.874 29.906 -3054.813 cv-wall-stal-stripe-01
3302 0 17 1017 0 -1 0 1150.448 43.875 -3130.714 1150.187 43.140 -3131.016 1150.578 45.344 -3130.563 cv-wall-stal-stripe-01
3303 0 17 1018 0 -1 0 1150.781 43.875 -3130.386 1150.578 43.140 -3130.563 1151.187 45.344 -3130.031 cv-wall-stal-stripe-01
3304 0 17 1019 0 -1 0 1151.333 41.296 -3135.985 1151.094 39.734 -3136.297 1151.453 42.078 -3135.828 cv-wall-stal-stripe-01
3305 0 17 1020 0 -1 0 1151.526 41.296 -3135.662 1151.453 39.734 -3135.828 1151.672 42.078 -3135.329 cv-wall-stal-stripe-01
3306 0 17 1021 0 -1 0 1132.125 21.958 -3084.104 1131.843 20.906 -3084.157 1132.265 22.484 -3084.000 cv-wall-stal-stripe-01
3307 0 17 1026 0 -1 0 1028.870 44.495 -3119.641 1028.672 43.890 -3119.688 1029.266 45.703 -3119.547 cv-wall-stal-stripe-01
3308 0 17 1027 0 -1 0 1028.443 44.375 -3119.740 1027.984 43.890 -3119.844 1028.672 45.344 -3119.688 cv-wall-stal-stripe-01
3309 0 17 1028 0 -1 0 1018.021 46.953 -3116.844 1017.781 45.766 -3116.907 1018.141 47.547 -3116.719 cv-wall-stal-stripe-01
3310 0 17 1030 0 -1 0 1162.437 46.182 -3179.651 1162.437 45.546 -3179.797 1162.437 47.453 -3179.359 cv-wall-stal-stripe-01
3311 0 17 1031 0 -1 0 1162.432 46.182 -3179.933 1162.421 45.546 -3180.204 1162.437 47.453 -3179.797 cv-wall-stal-stripe-01
3312 0 17 1033 0 -1 0 1149.083 51.661 -3183.000 1148.875 51.031 -3183.376 1149.188 52.921 -3182.813 cv-wall-stal-stripe-01
3313 0 17 1034 0 -1 0 1149.188 51.703 -3182.682 1149.188 51.031 -3182.813 1149.188 53.047 -3182.422 cv-wall-stal-stripe-01
3314 0 17 1035 0 -1 0 1158.937 27.531 -3166.579 1158.937 26.875 -3166.797 1158.937 28.843 -3166.469 cv-wall-stal-stripe-01
3315 0 17 1036 0 -1 0 1159.005 27.531 -3166.209 1158.937 26.875 -3166.469 1159.141 28.843 -3165.688 cv-wall-stal-stripe-01
3316 0 17 1037 0 -1 0 1159.172 27.510 -3166.386 1158.937 26.875 -3166.469 1159.640 28.781 -3166.219 cv-wall-stal-stripe-01
3317 0 17 1039 0 -1 0 1068.062 21.828 -3184.063 1067.906 20.890 -3184.141 1068.374 23.703 -3183.907 cv-wall-stal-stripe-01
3318 0 18 1094 0 -1 0 1151.760 47.765 -3084.256 1151.125 46.109 -3084.344 1152.078 48.593 -3084.078 cv-wall-stal-stripe-02
3319 0 18 1095 0 -1 0 1152.213 47.797 -3084.443 1152.078 46.203 -3084.641 1152.484 48.593 -3084.344 cv-wall-stal-stripe-02
3320 0 18 1102 0 -1 0 1102.167 51.718 -3076.391 1101.562 50.968 -3076.751 1102.469 53.219 -3075.672 cv-wall-stal-stripe-02
3321 0 18 1108 0 -1 0 1104.088 34.875 -3087.229 1104.062 34.234 -3087.812 1104.140 36.156 -3086.938 cv-wall-stal-stripe-02
3322 0 18 1113 0 -1 0 1142.255 40.760 -3115.901 1142.015 39.703 -3116.266 1142.734 42.875 -3115.172 cv-wall-stal-stripe-02
3323 0 18 1124 0 -1 0 1102.172 59.297 -3074.485 1101.578 58.781 -3074.985 1102.469 60.328 -3074.235 cv-wall-stal-stripe-02
3324 0 18 1129 0 -1 0 1136.401 18.224 -3112.912 1136.109 17.625 -3113.001 1136.984 19.422 -3112.859 cv-wall-stal-stripe-02
3325 0 18 1130 0 -1 0 1134.421 28.171 -3125.709 1134.093 27.749 -3126.001 1135.078 29.015 -3125.563 cv-wall-stal-stripe-02
3326 0 18 1131 0 -1 0 1133.739 28.218 -3125.401 1133.031 27.749 -3125.563 1134.093 29.156 -3125.078 cv-wall-stal-stripe-02
3327 0 18 1132 0 -1 0 1099.969 34.833 -3080.355 1099.562 34.265 -3080.579 1100.172 35.969 -3079.907 cv-wall-stal-stripe-02
3328 0 18 1134 0 -1 0 1098.776 28.781 -3088.479 1098.203 28.125 -3088.781 1099.062 30.093 -3088.328 cv-wall-stal-stripe-02
3329 0 18 1135 0 -1 0 1096.645 35.265 -3087.016 1096.531 34.656 -3087.547 1096.703 36.484 -3086.751 cv-wall-stal-stripe-02
3330 0 18 1136 0 -1 0 1097.317 27.219 -3080.396 1096.828 26.531 -3080.579 1097.562 28.594 -3080.032 cv-wall-stal-stripe-02
3331 0 18 1137 0 -1 0 1097.781 27.255 -3080.740 1097.562 26.531 -3081.063 1098.219 28.703 -3080.579 cv-wall-stal-stripe-02
3332 0 18 1139 0 -1 0 1101.974 28.073 -3081.307 1101.297 27.437 -3081.484 1102.312 29.344 -3081.219 cv-wall-stal-stripe-02
3333 0 18 1140 0 -1 0 1099.609 28.276 -3080.307 1099.203 27.812 -3080.547 1099.812 29.203 -3079.828 cv-wall-stal-stripe-02
3334 0 18 1141 0 -1 0 1095.318 27.651 -3087.011 1095.203 27.093 -3087.344 1095.375 28.765 -3086.844 cv-wall-stal-stripe-02
3335 0 18 1142 0 -1 0 1104.651 8.364 -3102.755 1104.640 7.875 -3102.969 1104.671 9.343 -3102.328 cv-wall-stal-stripe-02
3336 0 18 1146 0 -1 0 1103.526 7.854 -3107.974 1103.328 7.359 -3108.422 1103.625 8.844 -3107.750 cv-wall-stal-stripe-02
3337 0 18 1217 0 -1 0 1049.088 58.797 -3071.943 1048.953 58.172 -3072.485 1049.359 60.047 -3071.672 cv-wall-stal-stripe-02
3338 0 18 1218 0 -1 0 1048.609 58.807 -3071.584 1047.922 58.172 -3071.672 1048.953 60.078 -3071.407 cv-wall-stal-stripe-02
3339 0 18 1228 0 -1 0 1008.401 53.437 -3092.401 1008.109 52.875 -3092.609 1008.984 54.562 -3092.297 cv-wall-stal-stripe-02
3340 0 18 1229 0 -1 0 1007.843 53.432 -3092.224 1007.312 52.875 -3092.297 1008.109 54.547 -3092.078 cv-wall-stal-stripe-02
3341 0 18 1233 0 -1 0 1080.567 22.833 -3088.657 1080.437 22.218 -3088.891 1080.828 24.062 -3088.188 cv-wall-stal-stripe-02
3342 0 18 1235 0 -1 0 1076.630 23.911 -3086.802 1076.625 23.343 -3087.282 1076.641 25.047 -3086.562 cv-wall-stal-stripe-02
3343 0 18 1238 0 -1 0 1086.869 33.698 -3080.563 1086.140 33.000 -3080.813 1087.234 35.093 -3080.438 cv-wall-stal-stripe-02
3344 0 18 1240 0 -1 0 1084.000 34.656 -3079.120 1083.500 33.968 -3079.219 1084.250 36.031 -3078.922 cv-wall-stal-stripe-02
3345 0 18 1255 0 -1 0 1112.250 41.437 -3185.230 1111.875 40.906 -3185.313 1112.437 42.499 -3185.063 cv-wall-stal-stripe-02
3346 0 18 1256 0 -1 0 1112.525 41.390 -3185.730 1112.437 40.906 -3186.563 1112.703 42.359 -3185.313 cv-wall-stal-stripe-02
3347 0 18 1259 0 -1 0 1115.026 48.338 -3194.771 1114.718 47.578 -3194.876 1115.640 49.859 -3194.719 cv-wall-stal-stripe-02
3348 0 18 1260 0 -1 0 1114.448 48.260 -3194.427 1113.906 47.578 -3194.719 1114.718 49.625 -3193.844 cv-wall-stal-stripe-02
3349 0 18 1262 0 -1 0 1109.406 48.385 -3194.818 1109.234 47.641 -3195.172 1109.750 49.874 -3194.641 cv-wall-stal-stripe-02
3350 0 18 1263 0 -1 0 1109.630 48.307 -3194.344 1109.234 47.641 -3194.641 1110.422 49.640 -3193.751 cv-wall-stal-stripe-02
3351 0 18 1265 0 -1 0 1112.453 48.036 -3194.985 1112.156 47.359 -3195.297 1113.047 49.390 -3194.828 cv-wall-stal-stripe-02
3352 0 18 1267 0 -1 0 1107.870 54.208 -3188.860 1107.390 53.297 -3189.078 1108.109 56.031 -3188.751 cv-wall-stal-stripe-02
3353 0 18 1268 0 -1 0 1108.343 54.177 -3188.954 1108.109 53.297 -3189.360 1108.812 55.937 -3188.751 cv-wall-stal-stripe-02
3354 0 18 1284 0 -1 0 1154.093 13.781 -3157.318 1154.062 13.015 -3157.891 1154.109 15.312 -3157.032 cv-wall-stal-stripe-02
3355 0 18 1285 0 -1 0 1154.276 13.677 -3156.735 1154.109 13.015 -3157.032 1154.609 15.000 -3156.141 cv-wall-stal-stripe-02
3356 0 18 1290 0 -1 0 1153.729 12.812 -3152.985 1153.594 12.187 -3153.204 1153.999 14.062 -3152.875 cv-wall-stal-stripe-02
3357 0 18 1291 0 -1 0 1153.333 14.609 -3154.782 1152.749 14.203 -3154.985 1153.625 15.421 -3154.376 cv-wall-stal-stripe-02
3358 0 18 1332 0 -1 0 998.083 60.172 -3152.959 997.125 59.375 -3153.110 998.562 61.766 -3152.657 cv-wall-stal-stripe-02
3359 0 18 1333 0 -1 0 998.854 60.541 -3142.110 998.093 59.875 -3142.110 999.234 61.875 -3142.110 cv-wall-stal-stripe-02
3360 0 18 1350 0 -1 0 1256.135 5.885 -2937.105 1256.031 4.562 -2937.782 1256.344 6.547 -2936.766 cv-wall-stal-stripe-02
3361 0 18 1351 0 -1 0 1255.979 5.896 -2936.547 1255.875 4.594 -2936.766 1256.031 6.547 -2936.110 cv-wall-stal-stripe-02
3362 0 18 1353 0 -1 0 1200.005 19.916 -2997.177 1199.578 19.391 -2997.203 1200.218 20.968 -2997.125 cv-wall-stal-stripe-02
3363 0 18 1354 0 -1 0 1200.463 19.896 -2997.167 1200.218 19.391 -2997.203 1200.953 20.906 -2997.094 cv-wall-stal-stripe-02
3364 0 18 1365 0 -1 0 1139.156 16.229 -3137.323 1138.906 15.656 -3137.813 1139.281 17.375 -3137.079 cv-wall-stal-stripe-02
3365 0 18 1366 0 -1 0 1140.047 16.625 -3139.052 1139.734 16.172 -3139.094 1140.672 17.531 -3138.969 cv-wall-stal-stripe-02
3366 0 18 1367 0 -1 0 1139.557 16.062 -3136.870 1139.281 15.656 -3137.079 1140.109 16.875 -3136.454 cv-wall-stal-stripe-02
3367 0 18 1368 0 -1 0 1139.546 16.677 -3139.104 1139.171 16.172 -3139.125 1139.734 17.687 -3139.094 cv-wall-stal-stripe-02
3368 0 18 1369 0 -1 0 1141.932 16.286 -3132.980 1141.875 15.688 -3133.266 1142.047 17.484 -3132.407 cv-wall-stal-stripe-02
3369 0 18 1370 0 -1 0 1141.927 16.208 -3133.542 1141.875 15.688 -3134.094 1142.031 17.249 -3133.266 cv-wall-stal-stripe-02
3370 0 18 1372 0 -1 0 1087.932 22.042 -3087.756 1087.703 21.453 -3087.766 1088.046 23.219 -3087.750 cv-wall-stal-stripe-02
3371 0 18 1374 0 -1 0 1086.479 26.395 -3089.964 1086.265 25.843 -3090.016 1086.906 27.500 -3089.860 cv-wall-stal-stripe-02
3372 0 18 1384 0 -1 0 1049.541 52.672 -3070.854 1048.718 52.218 -3070.875 1049.953 53.578 -3070.813 cv-wall-stal-stripe-02
3373 0 18 1386 0 -1 0 1083.510 24.948 -3091.714 1083.249 24.375 -3092.016 1083.640 26.093 -3091.563 cv-wall-stal-stripe-02
3374 0 18 1387 0 -1 0 1083.786 25.218 -3091.136 1083.640 24.375 -3091.563 1084.078 26.906 -3090.282 cv-wall-stal-stripe-02
3375 0 18 1388 0 -1 0 1078.021 25.338 -3086.807 1077.500 24.750 -3087.000 1078.281 26.515 -3086.422 cv-wall-stal-stripe-02
3376 0 18 1390 0 -1 0 1080.265 25.953 -3082.761 1080.203 25.171 -3083.079 1080.390 27.515 -3082.125 cv-wall-stal-stripe-02
3377 0 18 1396 0 -1 0 1072.651 23.203 -3094.948 1072.640 22.625 -3095.500 1072.671 24.359 -3094.672 cv-wall-stal-stripe-02
3378 0 18 1397 0 -1 0 1072.916 23.239 -3094.558 1072.640 22.625 -3094.672 1073.468 24.468 -3094.328 cv-wall-stal-stripe-02
3379 0 18 1398 0 -1 0 1075.135 23.786 -3095.464 1075.078 23.219 -3095.734 1075.249 24.922 -3094.922 cv-wall-stal-stripe-02
3380 0 18 1399 0 -1 0 1075.286 23.765 -3095.906 1075.078 23.219 -3096.250 1075.703 24.859 -3095.734 cv-wall-stal-stripe-02
3381 0 18 1401 0 -1 0 1074.021 18.437 -3101.985 1073.562 17.953 -3101.985 1074.250 19.406 -3101.985 cv-wall-stal-stripe-02
3382 0 18 1405 0 -1 0 1116.505 47.995 -3187.006 1116.421 47.453 -3187.250 1116.672 49.078 -3186.516 cv-wall-stal-stripe-02
3383 0 18 1430 0 -1 0 1159.505 13.922 -3149.813 1159.312 13.344 -3149.985 1159.890 15.078 -3149.469 cv-wall-stal-stripe-02
3384 0 18 1432 0 -1 0 1161.958 6.291 -3150.479 1161.874 5.703 -3150.766 1162.125 7.468 -3149.907 cv-wall-stal-stripe-02
3385 0 18 1437 0 -1 0 1153.364 7.021 -3150.641 1153.218 6.469 -3150.985 1153.437 8.124 -3149.953 cv-wall-stal-stripe-02
3386 0 51 2420 0 -1 0 1073.166 15.916 -3067.605 1073.047 14.093 -3067.891 1073.406 16.828 -3067.032 cv-darkecofringe
3387 0 72 2576 0 -1 0 1073.078 15.921 -3068.183 1073.047 14.109 -3068.766 1073.140 16.828 -3067.891 cv-darkecofringe-03
3388 0 72 2420 0 -1 0 1073.166 15.916 -3067.605 1073.047 14.093 -3067.891 1073.406 16.828 -3067.032 cv-darkecofringe-03
3389 0 20 1638 0 -1 0 1259.414 20.774 -2922.105 1259.078 19.218 -2922.282 1259.593 22.187 -2921.782 cv-supportpole-end-2x2
3390 0 20 1643 0 -1 0 1245.932 19.268 -2944.098 1245.687 17.703 -2944.391 1246.156 20.672 -2943.907 cv-supportpole-end-2x2
3391 0 20 1648 0 -1 0 1100.983 47.107 -3071.300 1100.515 45.593 -3071.766 1101.281 48.515 -3071.000 cv-supportpole-end-2x2
3392 0 20 1644 0 -1 0 1163.123 13.687 -3019.600 1162.390 12.328 -3019.906 1163.968 15.015 -3019.141 cv-supportpole-end-2x2
3393 0 20 1649 0 -1 0 1101.830 47.126 -3082.192 1101.624 45.562 -3082.422 1102.203 48.546 -3081.969 cv-supportpole-end-2x2
3394 0 20 1646 0 -1 0 1152.661 13.687 -3056.060 1151.766 12.328 -3056.282 1153.437 15.015 -3055.828 cv-supportpole-end-2x2
3395 0 20 1665 0 -1 0 1101.408 47.108 -3093.605 1101.109 45.593 -3094.079 1101.875 48.531 -3093.297 cv-supportpole-end-2x2
3396 0 20 1647 0 -1 0 1138.757 13.687 -3072.745 1137.999 12.328 -3073.141 1139.625 15.015 -3072.516 cv-supportpole-end-2x2
3397 0 20 1716 0 -1 0 1080.543 47.107 -3094.664 1080.078 45.593 -3095.125 1080.843 48.515 -3094.360 cv-supportpole-end-2x2
3398 0 20 1747 0 -1 0 1079.674 35.204 -3106.124 1079.453 33.656 -3106.422 1079.906 36.625 -3105.657 cv-supportpole-end-2x2
3399 0 20 1717 0 -1 0 1079.465 35.185 -3089.166 1079.000 33.672 -3089.626 1079.766 36.594 -3088.859 cv-supportpole-end-2x2
3400 0 20 1705 0 -1 0 1012.723 41.310 -3055.693 1012.062 39.890 -3055.922 1013.515 42.672 -3055.469 cv-supportpole-end-2x2
3401 0 20 1746 0 -1 0 1069.919 35.185 -3106.554 1069.453 33.672 -3107.016 1070.218 36.594 -3106.251 cv-supportpole-end-2x2
3402 0 20 1666 0 -1 0 1090.224 34.951 -3106.581 1089.937 33.437 -3107.047 1090.687 36.374 -3106.282 cv-supportpole-end-2x2
3403 0 20 1707 0 -1 0 952.628 40.046 -3030.257 951.656 38.765 -3030.406 953.515 41.312 -3029.969 cv-supportpole-end-2x2
3404 0 23 1906 0 -1 0 1124.181 3.005 -3117.051 1123.796 2.984 -3117.501 1124.531 3.031 -3116.657 cv-supportpole-endtri-2x2x2
3405 0 23 1916 0 -1 0 1103.290 5.167 -3101.111 1102.906 5.141 -3101.547 1103.640 5.188 -3100.719 cv-supportpole-endtri-2x2x2
3406 0 23 1908 0 -1 0 1133.098 3.006 -3117.289 1132.719 2.984 -3117.735 1133.437 3.031 -3116.891 cv-supportpole-endtri-2x2x2
3407 0 23 1914 0 -1 0 1088.966 5.927 -3101.278 1088.593 5.844 -3101.688 1089.343 6.015 -3100.844 cv-supportpole-endtri-2x2x2
3408 0 23 1904 0 -1 0 1125.386 4.123 -3110.649 1124.999 4.094 -3111.094 1125.734 4.140 -3110.266 cv-supportpole-endtri-2x2x2
3409 0 23 1910 0 -1 0 1133.777 3.026 -3110.138 1133.390 2.984 -3110.578 1134.125 3.062 -3109.750 cv-supportpole-endtri-2x2x2
3410 0 23 1912 0 -1 0 1106.543 5.172 -3095.279 1106.156 5.156 -3095.719 1106.890 5.188 -3094.891 cv-supportpole-endtri-2x2x2
3411 0 23 21 0 -1 0 1259.624 7.672 -2922.417 1259.422 7.672 -2922.641 1259.828 7.672 -2922.188 cv-supportpole-endtri-2x2x2
3412 0 23 22 0 -1 0 1251.468 7.406 -2936.599 1251.265 7.406 -2936.828 1251.671 7.406 -2936.376 cv-supportpole-endtri-2x2x2
3413 0 23 25 0 -1 0 1238.922 6.573 -2954.834 1238.718 6.562 -2955.063 1239.125 6.578 -2954.610 cv-supportpole-endtri-2x2x2
3414 0 23 23 0 -1 0 1257.265 10.515 -2928.517 1257.062 10.515 -2928.735 1257.468 10.515 -2928.297 cv-supportpole-endtri-2x2x2
3415 0 23 24 0 -1 0 1243.614 8.500 -2947.699 1243.422 8.500 -2947.922 1243.812 8.500 -2947.485 cv-supportpole-endtri-2x2x2
3416 1 14 2628 0 -1 0 1106.744 35.918 -3161.291 1105.447 35.782 -3162.580 1108.040 36.172 -3159.986 cv-eco-valve-inside
3417 1 14 2629 0 -1 0 1063.214 37.633 -3071.503 1061.916 37.417 -3072.797 1064.514 37.965 -3070.184 cv-eco-valve-inside
3418 1 14 2630 0 -1 0 1025.772 35.921 -3152.108 1024.475 35.784 -3153.396 1027.069 36.175 -3150.803 cv-eco-valve-inside
3419 1 69 2620 0 -1 0 1076.707 41.618 -3064.666 1072.883 39.914 -3068.382 1080.025 42.868 -3060.834 cv-webbase
3420 1 69 2621 0 -1 0 1133.027 11.498 -3131.968 1128.761 9.597 -3136.114 1136.729 12.894 -3127.692 cv-webbase
3421 1 69 2622 0 -1 0 1093.570 26.498 -3101.078 1089.303 24.597 -3105.224 1097.272 27.894 -3096.802 cv-webbase
3422 1 69 2623 0 -1 0 1075.486 35.498 -3086.887 1071.220 33.597 -3091.032 1079.188 36.894 -3082.610 cv-webbase
3423 1 69 2624 0 -1 0 1008.427 46.735 -3152.164 1004.161 44.834 -3156.309 1012.129 48.131 -3147.887 cv-webbase
3424 1 69 2625 0 -1 0 1005.365 56.724 -3133.302 1001.098 54.823 -3137.448 1009.067 58.120 -3129.026 cv-webbase
3425 1 69 2626 0 -1 0 1043.369 13.917 -3123.341 1039.102 12.016 -3127.487 1047.071 15.313 -3119.065 cv-webbase
3426 1 69 2627 0 -1 0 1056.010 11.807 -3168.322 1051.744 9.906 -3172.468 1059.712 13.203 -3164.046 cv-webbase
3427 1 52 2628 0 -1 89 1106.744 35.925 -3161.287 1103.822 35.641 -3164.205 1109.665 36.172 -3158.361 environment-darkcave
3428 1 52 2629 0 -1 89 1063.214 37.639 -3071.497 1060.290 37.177 -3074.427 1066.132 37.965 -3068.595 environment-darkcave
3429 1 52 2630 0 -1 89 1025.772 35.928 -3152.103 1022.850 35.644 -3155.021 1028.694 36.175 -3149.178 environment-darkcave
3430 1 40 2628 0 -1 156 1106.744 35.930 -3161.283 1103.822 35.641 -3164.205 1109.665 36.172 -3158.361 cmn-precursor-ecovalve-top
3431 1 40 2629 0 -1 156 1063.214 37.644 -3071.494 1060.290 37.177 -3074.427 1066.132 37.965 -3068.595 cmn-precursor-ecovalve-top
3432 1 40 2630 0 -1 156 1025.772 35.933 -3152.100 1022.850 35.644 -3155.021 1028.694 36.175 -3149.178 cmn-precursor-ecovalve-top
3433 1 62 2620 0 -1 0 1076.509 38.881 -3064.463 1072.883 37.071 -3068.382 1080.025 42.000 -3060.834 cv-webbase-02
3434 1 62 2621 0 -1 0 1132.807 8.445 -3131.742 1128.761 6.425 -3136.114 1136.729 11.925 -3127.692 cv-webbase-02
3435 1 62 2622 0 -1 0 1093.349 23.445 -3100.852 1089.303 21.425 -3105.224 1097.272 26.925 -3096.802 cv-webbase-02
3436 1 62 2623 0 -1 0 1075.266 32.445 -3086.660 1071.220 30.425 -3091.032 1079.188 35.925 -3082.610 cv-webbase-02
3437 1 62 2624 0 -1 0 1008.207 43.682 -3151.937 1004.161 41.662 -3156.309 1012.129 47.162 -3147.887 cv-webbase-02
3438 1 62 2625 0 -1 0 1005.145 53.670 -3133.075 1001.098 51.651 -3137.448 1009.067 57.151 -3129.026 cv-webbase-02
3439 1 62 2626 0 -1 0 1043.149 10.864 -3123.115 1039.102 8.844 -3127.487 1047.071 14.344 -3119.065 cv-webbase-02
3440 1 62 2627 0 -1 0 1055.790 8.754 -3168.096 1051.744 6.734 -3172.468 1059.712 12.234 -3164.046 cv-webbase-02
3441 1 66 2634 0 -1 0 1076.384 50.383 -3056.132 1075.696 49.624 -3056.597 1077.107 51.084 -3055.223 cv-bluecrystal
3442 1 66 2669 0 -1 0 1029.091 56.895 -3074.784 1028.370 56.203 -3075.271 1029.785 57.657 -3073.896 cv-bluecrystal
3443 1 52 2634 0 -1 0 1076.384 50.383 -3056.132 1075.696 49.624 -3056.597 1077.107 51.084 -3055.223 environment-darkcave
3444 1 52 2669 0 -1 0 1029.091 56.895 -3074.784 1028.370 56.203 -3075.271 1029.785 57.657 -3073.896 environment-darkcave
3445 1 66 2640 0 -1 0 1148.945 19.974 -2973.327 1148.100 19.322 -2974.048 1149.486 20.808 -2972.622 cv-bluecrystal
3446 1 66 2645 0 -1 0 1139.067 15.869 -2998.911 1138.058 15.140 -2999.568 1139.548 16.494 -2998.276 cv-bluecrystal
3447 1 66 2650 0 -1 0 1164.614 42.743 -3167.870 1163.708 41.631 -3169.031 1165.591 43.512 -3166.779 cv-bluecrystal
3448 1 66 2654 0 -1 0 1145.798 28.986 -3131.423 1144.926 28.086 -3131.833 1146.679 29.995 -3130.867 cv-bluecrystal
3449 1 66 2655 0 -1 0 1147.241 29.627 -3131.945 1146.566 28.900 -3132.206 1147.857 30.401 -3131.456 cv-bluecrystal
3450 1 66 2656 0 -1 0 1146.910 28.416 -3131.766 1146.448 27.934 -3131.970 1147.316 28.884 -3131.351 cv-bluecrystal
3451 1 66 2657 0 -1 0 1148.165 28.398 -3132.480 1147.445 27.630 -3132.929 1148.874 29.221 -3131.769 cv-bluecrystal
3452 1 66 2660 0 -1 0 1112.387 28.717 -3148.650 1111.759 27.787 -3149.257 1113.319 29.325 -3147.865 cv-bluecrystal
3453 1 66 2665 0 -1 0 1040.626 40.850 -3065.836 1039.988 40.158 -3066.456 1041.490 41.553 -3064.843 cv-bluecrystal
3454 1 66 2675 0 -1 0 1030.444 52.267 -2981.106 1029.720 51.323 -2981.780 1031.141 52.801 -2980.363 cv-bluecrystal
3455 1 66 2680 0 -1 0 1000.062 50.141 -2965.558 999.431 49.367 -2966.073 1000.816 50.864 -2964.363 cv-bluecrystal
3456 1 66 2685 0 -1 0 942.479 44.231 -3050.941 941.710 43.574 -3052.083 943.199 44.898 -3050.352 cv-bluecrystal
3457 1 66 2690 0 -1 0 999.283 63.961 -3125.978 998.122 63.308 -3126.687 999.841 64.593 -3125.129 cv-bluecrystal
3458 1 66 2695 0 -1 0 1002.915 51.470 -3098.438 1001.935 50.837 -3099.310 1003.514 52.248 -3097.771 cv-bluecrystal
3459 1 66 2700 0 -1 0 1063.944 59.382 -3185.897 1063.302 58.740 -3186.381 1064.539 59.781 -3185.352 cv-bluecrystal
3460 1 66 2705 0 -1 0 917.286 23.068 -3043.512 916.145 22.200 -3044.630 918.111 24.011 -3042.509 cv-bluecrystal
3461 1 52 2640 0 -1 0 1148.945 19.974 -2973.327 1148.100 19.322 -2974.048 1149.486 20.808 -2972.622 environment-darkcave
3462 1 52 2645 0 -1 0 1139.067 15.869 -2998.911 1138.058 15.140 -2999.568 1139.548 16.494 -2998.276 environment-darkcave
3463 1 52 2650 0 -1 0 1164.614 42.743 -3167.870 1163.708 41.631 -3169.031 1165.591 43.512 -3166.779 environment-darkcave
3464 1 52 2654 0 -1 0 1145.798 28.986 -3131.423 1144.926 28.086 -3131.833 1146.679 29.995 -3130.867 environment-darkcave
3465 1 52 2655 0 -1 0 1147.241 29.627 -3131.945 1146.566 28.900 -3132.206 1147.857 30.401 -3131.456 environment-darkcave
3466 1 52 2656 0 -1 0 1146.910 28.416 -3131.766 1146.448 27.934 -3131.970 1147.316 28.884 -3131.351 environment-darkcave
3467 1 52 2657 0 -1 0 1148.165 28.398 -3132.480 1147.445 27.630 -3132.929 1148.874 29.221 -3131.769 environment-darkcave
3468 1 52 2660 0 -1 0 1112.387 28.717 -3148.650 1111.759 27.787 -3149.257 1113.319 29.325 -3147.865 environment-darkcave
3469 1 52 2665 0 -1 0 1040.626 40.850 -3065.836 1039.988 40.158 -3066.456 1041.490 41.553 -3064.843 environment-darkcave
3470 1 52 2675 0 -1 0 1030.444 52.267 -2981.106 1029.720 51.323 -2981.780 1031.141 52.801 -2980.363 environment-darkcave
3471 1 52 2680 0 -1 0 1000.062 50.141 -2965.558 999.431 49.367 -2966.073 1000.816 50.864 -2964.363 environment-darkcave
3472 1 52 2685 0 -1 0 942.479 44.231 -3050.941 941.710 43.574 -3052.083 943.199 44.898 -3050.352 environment-darkcave
3473 1 52 2690 0 -1 0 999.283 63.961 -3125.978 998.122 63.308 -3126.687 999.841 64.593 -3125.129 environment-darkcave
3474 1 52 2695 0 -1 0 1002.915 51.470 -3098.438 1001.935 50.837 -3099.310 1003.514 52.248 -3097.771 environment-darkcave
3475 1 52 2700 0 -1 0 1063.944 59.382 -3185.897 1063.302 58.740 -3186.381 1064.539 59.781 -3185.352 environment-darkcave
3476 1 52 2705 0 -1 0 917.286 23.068 -3043.512 916.145 22.200 -3044.630 918.111 24.011 -3042.509 environment-darkcave
3477 1 66 2639 0 -1 0 1147.657 18.956 -2973.599 1146.671 18.081 -2974.367 1148.438 20.039 -2972.613 cv-bluecrystal
3478 1 66 2644 0 -1 0 1139.126 15.637 -2997.264 1138.036 14.686 -2998.223 1139.896 16.506 -2996.320 cv-bluecrystal
3479 1 66 2649 0 -1 0 1166.716 43.683 -3166.908 1165.414 42.225 -3168.424 1168.090 44.520 -3165.549 cv-bluecrystal
3480 1 66 2652 0 -1 0 1162.938 42.654 -3166.011 1161.718 40.620 -3167.237 1164.153 43.450 -3164.859 cv-bluecrystal
3481 1 66 2658 0 -1 0 1146.275 27.442 -3131.706 1145.727 26.954 -3131.997 1146.770 28.022 -3131.075 cv-bluecrystal
3482 1 66 2659 0 -1 0 1112.652 27.843 -3147.110 1111.714 26.804 -3148.155 1113.655 28.564 -3146.263 cv-bluecrystal
3483 1 66 2664 0 -1 0 1040.845 39.146 -3066.340 1040.068 38.095 -3067.239 1041.921 40.157 -3065.216 cv-bluecrystal
3484 1 66 2674 0 -1 0 1029.126 51.426 -2981.678 1028.362 50.362 -2982.479 1030.225 52.275 -2980.736 cv-bluecrystal
3485 1 66 2679 0 -1 0 1001.553 50.806 -2965.232 1000.650 49.806 -2966.169 1002.421 51.692 -2963.923 cv-bluecrystal
3486 1 66 2684 0 -1 0 942.967 45.817 -3050.798 941.948 44.872 -3052.042 943.878 46.787 -3049.956 cv-bluecrystal
3487 1 66 2689 0 -1 0 999.279 65.506 -3126.600 997.944 64.567 -3127.544 999.956 66.475 -3125.616 cv-bluecrystal
3488 1 66 2694 0 -1 0 1002.532 53.143 -3098.948 1001.451 52.188 -3099.986 1003.383 54.069 -3098.145 cv-bluecrystal
3489 1 66 2699 0 -1 0 1064.757 59.706 -3187.001 1063.965 58.914 -3187.820 1065.508 60.136 -3186.263 cv-bluecrystal
3490 1 66 2702 0 -1 0 1064.772 59.417 -3184.752 1064.126 58.283 -3185.417 1065.402 59.914 -3184.048 cv-bluecrystal
3491 1 66 2704 0 -1 0 917.628 20.758 -3042.632 916.165 19.310 -3044.019 918.450 22.119 -3041.309 cv-bluecrystal
3492 1 66 2707 0 -1 0 916.474 24.465 -3041.599 914.603 23.252 -3043.238 917.405 25.687 -3040.541 cv-bluecrystal
3493 1 52 2639 0 -1 0 1147.657 18.956 -2973.599 1146.671 18.081 -2974.367 1148.438 20.039 -2972.613 environment-darkcave
3494 1 52 2644 0 -1 0 1139.126 15.637 -2997.264 1138.036 14.686 -2998.223 1139.896 16.506 -2996.320 environment-darkcave
3495 1 52 2649 0 -1 0 1166.716 43.683 -3166.908 1165.414 42.225 -3168.424 1168.090 44.520 -3165.549 environment-darkcave
3496 1 52 2652 0 -1 0 1162.938 42.654 -3166.011 1161.718 40.620 -3167.237 1164.153 43.450 -3164.859 environment-darkcave
3497 1 52 2658 0 -1 0 1146.275 27.442 -3131.706 1145.727 26.954 -3131.997 1146.770 28.022 -3131.075 environment-darkcave
3498 1 52 2659 0 -1 0 1112.652 27.843 -3147.110 1111.714 26.804 -3148.155 1113.655 28.564 -3146.263 environment-darkcave
3499 1 52 2664 0 -1 0 1040.845 39.146 -3066.340 1040.068 38.095 -3067.239 1041.921 40.157 -3065.216 environment-darkcave
3500 1 52 2674 0 -1 0 1029.126 51.426 -2981.678 1028.362 50.362 -2982.479 1030.225 52.275 -2980.736 environment-darkcave
3501 1 52 2679 0 -1 0 1001.553 50.806 -2965.232 1000.650 49.806 -2966.169 1002.421 51.692 -2963.923 environment-darkcave
3502 1 52 2684 0 -1 0 942.967 45.817 -3050.798 941.948 44.872 -3052.042 943.878 46.787 -3049.956 environment-darkcave
3503 1 52 2689 0 -1 0 999.279 65.506 -3126.600 997.944 64.567 -3127.544 999.956 66.475 -3125.616 environment-darkcave
3504 1 52 2694 0 -1 0 1002.532 53.143 -3098.948 1001.451 52.188 -3099.986 1003.383 54.069 -3098.145 environment-darkcave
3505 1 52 2699 0 -1 0 1064.757 59.706 -3187.001 1063.965 58.914 -3187.820 1065.508 60.136 -3186.263 environment-darkcave
3506 1 52 2702 0 -1 0 1064.772 59.417 -3184.752 1064.126 58.283 -3185.417 1065.402 59.914 -3184.048 environment-darkcave
3507 1 52 2704 0 -1 0 917.628 20.758 -3042.632 916.165 19.310 -3044.019 918.450 22.119 -3041.309 environment-darkcave
3508 1 52 2707 0 -1 0 916.474 24.465 -3041.599 914.603 23.252 -3043.238 917.405 25.687 -3040.541 environment-darkcave
3509 1 66 2638 0 -1 0 1075.979 51.573 -3056.064 1075.546 51.143 -3056.537 1076.479 52.018 -3054.975 cv-bluecrystal
3510 1 66 2643 0 -1 0 1148.137 17.864 -2972.426 1147.083 17.163 -2972.947 1148.693 18.901 -2971.501 cv-bluecrystal
3511 1 66 2648 0 -1 0 1139.756 17.158 -2996.966 1138.378 16.616 -2997.543 1140.417 17.640 -2996.424 cv-bluecrystal
3512 1 66 2673 0 -1 0 1029.522 55.715 -3074.861 1029.078 55.309 -3075.362 1029.952 56.150 -3073.760 cv-bluecrystal
3513 1 66 2678 0 -1 0 1029.016 52.339 -2983.075 1028.397 51.172 -2983.773 1030.023 52.956 -2982.521 cv-bluecrystal
3514 1 52 2638 0 -1 0 1075.979 51.573 -3056.064 1075.546 51.143 -3056.537 1076.479 52.018 -3054.975 environment-darkcave
3515 1 52 2643 0 -1 0 1148.137 17.864 -2972.426 1147.083 17.163 -2972.947 1148.693 18.901 -2971.501 environment-darkcave
3516 1 52 2648 0 -1 0 1139.756 17.158 -2996.966 1138.378 16.616 -2997.543 1140.417 17.640 -2996.424 environment-darkcave
3517 1 52 2673 0 -1 0 1029.522 55.715 -3074.861 1029.078 55.309 -3075.362 1029.952 56.150 -3073.760 environment-darkcave
3518 1 52 2678 0 -1 0 1029.016 52.339 -2983.075 1028.397 51.172 -2983.773 1030.023 52.956 -2982.521 environment-darkcave
3519 1 66 2635 0 -1 0 1075.256 49.901 -3055.898 1074.778 49.333 -3056.332 1075.716 50.449 -3055.135 cv-bluecrystal
3520 1 66 2651 0 -1 0 1165.180 42.836 -3166.057 1164.503 41.691 -3166.751 1165.921 43.411 -3165.334 cv-bluecrystal
3521 1 66 2670 0 -1 0 1030.220 57.379 -3074.562 1029.772 56.829 -3074.994 1030.703 57.956 -3073.800 cv-bluecrystal
3522 1 66 2701 0 -1 0 1065.012 59.335 -3185.997 1064.612 58.698 -3186.359 1065.419 59.662 -3185.619 cv-bluecrystal
3523 1 66 2706 0 -1 0 916.562 22.245 -3041.958 915.507 21.600 -3042.853 917.236 22.982 -3041.324 cv-bluecrystal
3524 1 52 2635 0 -1 0 1075.256 49.901 -3055.898 1074.778 49.333 -3056.332 1075.716 50.449 -3055.135 environment-darkcave
3525 1 52 2651 0 -1 0 1165.180 42.836 -3166.057 1164.503 41.691 -3166.751 1165.921 43.411 -3165.334 environment-darkcave
3526 1 52 2670 0 -1 0 1030.220 57.379 -3074.562 1029.772 56.829 -3074.994 1030.703 57.956 -3073.800 environment-darkcave
3527 1 52 2701 0 -1 0 1065.012 59.335 -3185.997 1064.612 58.698 -3186.359 1065.419 59.662 -3185.619 environment-darkcave
3528 1 52 2706 0 -1 0 916.562 22.245 -3041.958 915.507 21.600 -3042.853 917.236 22.982 -3041.324 environment-darkcave
3529 1 66 2642 0 -1 0 1149.978 19.159 -2972.252 1148.813 18.448 -2973.047 1150.862 20.610 -2971.115 cv-bluecrystal
3530 1 66 2647 0 -1 0 1139.865 17.339 -2999.213 1138.227 16.515 -2999.936 1140.733 18.093 -2998.412 cv-bluecrystal
3531 1 66 2653 0 -1 0 1165.833 43.668 -3164.580 1164.998 42.053 -3165.452 1166.923 44.450 -3163.832 cv-bluecrystal
3532 1 66 2662 0 -1 0 1110.679 28.377 -3149.151 1109.841 27.169 -3150.439 1111.965 29.243 -3148.449 cv-bluecrystal
3533 1 66 2667 0 -1 0 1041.451 41.870 -3067.086 1040.608 40.993 -3067.909 1042.715 42.700 -3065.549 cv-bluecrystal
3534 1 66 2677 0 -1 0 1030.656 53.588 -2982.156 1030.015 52.183 -2982.891 1032.092 54.463 -2981.293 cv-bluecrystal
3535 1 66 2697 0 -1 0 1004.512 51.054 -3099.186 1003.091 49.903 -3100.365 1005.402 51.828 -3098.334 cv-bluecrystal
3536 1 66 2703 0 -1 0 1065.937 59.703 -3186.239 1065.473 58.772 -3186.706 1066.377 60.133 -3185.766 cv-bluecrystal
3537 1 66 2708 0 -1 0 916.645 21.299 -3040.409 915.086 20.348 -3041.465 917.320 22.154 -3039.460 cv-bluecrystal
3538 1 52 2642 0 -1 0 1149.978 19.159 -2972.252 1148.813 18.448 -2973.047 1150.862 20.610 -2971.115 environment-darkcave
3539 1 52 2647 0 -1 0 1139.865 17.339 -2999.213 1138.227 16.515 -2999.936 1140.733 18.093 -2998.412 environment-darkcave
3540 1 52 2653 0 -1 0 1165.833 43.668 -3164.580 1164.998 42.053 -3165.452 1166.923 44.450 -3163.832 environment-darkcave
3541 1 52 2662 0 -1 0 1110.679 28.377 -3149.151 1109.841 27.169 -3150.439 1111.965 29.243 -3148.449 environment-darkcave
3542 1 52 2667 0 -1 0 1041.451 41.870 -3067.086 1040.608 40.993 -3067.909 1042.715 42.700 -3065.549 environment-darkcave
3543 1 52 2677 0 -1 0 1030.656 53.588 -2982.156 1030.015 52.183 -2982.891 1032.092 54.463 -2981.293 environment-darkcave
3544 1 52 2697 0 -1 0 1004.512 51.054 -3099.186 1003.091 49.903 -3100.365 1005.402 51.828 -3098.334 environment-darkcave
3545 1 52 2703 0 -1 0 1065.937 59.703 -3186.239 1065.473 58.772 -3186.706 1066.377 60.133 -3185.766 environment-darkcave
3546 1 52 2708 0 -1 0 916.645 21.299 -3040.409 915.086 20.348 -3041.465 917.320 22.154 -3039.460 environment-darkcave
3547 1 66 2682 0 -1 0 999.219 51.331 -2966.502 998.187 50.502 -2967.596 999.964 52.094 -2964.589 cv-bluecrystal
3548 1 66 2683 0 -1 0 1001.132 52.328 -2965.831 1000.501 51.750 -2966.564 1001.748 52.791 -2964.168 cv-bluecrystal
3549 1 66 2687 0 -1 0 943.771 43.283 -3050.271 942.924 42.542 -3052.184 944.554 44.092 -3049.242 cv-bluecrystal
3550 1 66 2688 0 -1 0 944.537 45.408 -3050.327 943.950 44.848 -3051.978 945.011 45.955 -3049.545 cv-bluecrystal
3551 1 66 2692 0 -1 0 999.264 62.904 -3127.356 997.398 62.127 -3128.140 1000.209 63.710 -3126.098 cv-bluecrystal
3552 1 66 2693 0 -1 0 998.988 64.988 -3128.182 997.365 64.419 -3128.885 999.600 65.499 -3127.347 cv-bluecrystal
3553 1 52 2682 0 -1 0 999.219 51.331 -2966.502 998.187 50.502 -2967.596 999.964 52.094 -2964.589 environment-darkcave
3554 1 52 2683 0 -1 0 1001.132 52.328 -2965.831 1000.501 51.750 -2966.564 1001.748 52.791 -2964.168 environment-darkcave
3555 1 52 2687 0 -1 0 943.771 43.283 -3050.271 942.924 42.542 -3052.184 944.554 44.092 -3049.242 environment-darkcave
3556 1 52 2688 0 -1 0 944.537 45.408 -3050.327 943.950 44.848 -3051.978 945.011 45.955 -3049.545 environment-darkcave
3557 1 52 2692 0 -1 0 999.264 62.904 -3127.356 997.398 62.127 -3128.140 1000.209 63.710 -3126.098 environment-darkcave
3558 1 52 2693 0 -1 0 998.988 64.988 -3128.182 997.365 64.419 -3128.885 999.600 65.499 -3127.347 environment-darkcave
3559 1 66 2661 0 -1 0 1111.729 27.635 -3148.141 1111.322 26.890 -3148.841 1112.447 28.165 -3147.650 cv-bluecrystal
3560 1 66 2666 0 -1 0 1041.574 40.300 -3066.649 1041.050 39.820 -3067.031 1042.309 40.822 -3065.796 cv-bluecrystal
3561 1 66 2696 0 -1 0 1003.369 52.176 -3099.514 1002.580 51.541 -3100.229 1003.775 52.654 -3098.980 cv-bluecrystal
3562 1 52 2661 0 -1 0 1111.729 27.635 -3148.141 1111.322 26.890 -3148.841 1112.447 28.165 -3147.650 environment-darkcave
3563 1 52 2666 0 -1 0 1041.574 40.300 -3066.649 1041.050 39.820 -3067.031 1042.309 40.822 -3065.796 environment-darkcave
3564 1 52 2696 0 -1 0 1003.369 52.176 -3099.514 1002.580 51.541 -3100.229 1003.775 52.654 -3098.980 environment-darkcave
3565 1 66 2637 0 -1 0 1074.436 50.889 -3055.927 1073.817 50.223 -3056.532 1075.039 51.456 -3054.630 cv-bluecrystal
3566 1 66 2663 0 -1 0 1111.071 27.002 -3147.188 1110.324 25.823 -3148.025 1111.975 27.435 -3146.526 cv-bluecrystal
3567 1 66 2668 0 -1 0 1041.958 39.570 -3067.679 1041.487 39.002 -3068.415 1043.072 40.181 -3066.541 cv-bluecrystal
3568 1 66 2672 0 -1 0 1031.057 56.420 -3074.737 1030.457 55.845 -3075.370 1031.658 57.015 -3073.432 cv-bluecrystal
3569 1 66 2698 0 -1 0 1003.921 53.234 -3100.077 1002.850 52.550 -3101.161 1004.660 53.902 -3099.588 cv-bluecrystal
3570 1 52 2637 0 -1 0 1074.436 50.889 -3055.927 1073.817 50.223 -3056.532 1075.039 51.456 -3054.630 environment-darkcave
3571 1 52 2663 0 -1 0 1111.071 27.002 -3147.188 1110.324 25.823 -3148.025 1111.975 27.435 -3146.526 environment-darkcave
3572 1 52 2668 0 -1 0 1041.958 39.570 -3067.679 1041.487 39.002 -3068.415 1043.072 40.181 -3066.541 environment-darkcave
3573 1 52 2672 0 -1 0 1031.057 56.420 -3074.737 1030.457 55.845 -3075.370 1031.658 57.015 -3073.432 environment-darkcave
3574 1 52 2698 0 -1 0 1003.921 53.234 -3100.077 1002.850 52.550 -3101.161 1004.660 53.902 -3099.588 environment-darkcave
3575 1 41 2631 0 -1 0 1106.744 36.032 -3161.283 1105.447 36.032 -3162.580 1108.040 36.032 -3159.986 cmn-precursor-ecovalve-grate
3576 1 41 2632 0 -1 0 1063.216 37.745 -3071.487 1061.919 37.651 -3072.782 1064.512 37.840 -3070.192 cmn-precursor-ecovalve-grate
3577 1 41 2633 0 -1 0 1025.772 36.034 -3152.100 1024.475 36.034 -3153.396 1027.069 36.034 -3150.803 cmn-precursor-ecovalve-grate
3578 1 52 2631 0 -1 0 1106.744 36.032 -3161.283 1105.447 36.032 -3162.580 1108.040 36.032 -3159.986 environment-darkcave
3579 1 52 2632 0 -1 0 1063.216 37.745 -3071.487 1061.919 37.651 -3072.782 1064.512 37.840 -3070.192 environment-darkcave
3580 1 52 2633 0 -1 0 1025.772 36.034 -3152.100 1024.475 36.034 -3153.396 1027.069 36.034 -3150.803 environment-darkcave
3581 1 66 2641 0 -1 0 1148.481 19.048 -2972.596 1147.796 18.638 -2973.143 1148.938 19.857 -2971.958 cv-bluecrystal
3582 1 66 2646 0 -1 0 1139.179 16.723 -2997.979 1138.256 16.213 -2998.504 1139.576 17.141 -2997.486 cv-bluecrystal
3583 1 66 2676 0 -1 0 1029.966 52.216 -2982.281 1029.515 51.399 -2982.745 1030.760 52.623 -2981.769 cv-bluecrystal
3584 1 66 2681 0 -1 0 1000.389 51.360 -2965.428 999.822 50.883 -2965.889 1000.891 51.843 -2964.332 cv-bluecrystal
3585 1 66 2686 0 -1 0 943.651 44.716 -3050.948 943.182 44.240 -3052.030 944.126 45.176 -3050.455 cv-bluecrystal
3586 1 66 2691 0 -1 0 998.785 64.391 -3127.063 997.724 63.919 -3127.508 999.354 64.839 -3126.374 cv-bluecrystal
3587 1 52 2641 0 -1 0 1148.481 19.048 -2972.596 1147.796 18.638 -2973.143 1148.938 19.857 -2971.958 environment-darkcave
3588 1 52 2646 0 -1 0 1139.179 16.723 -2997.979 1138.256 16.213 -2998.504 1139.576 17.141 -2997.486 environment-darkcave
3589 1 52 2676 0 -1 0 1029.966 52.216 -2982.281 1029.515 51.399 -2982.745 1030.760 52.623 -2981.769 environment-darkcave
3590 1 52 2681 0 -1 0 1000.389 51.360 -2965.428 999.822 50.883 -2965.889 1000.891 51.843 -2964.332 environment-darkcave
3591 1 52 2686 0 -1 0 943.651 44.716 -3050.948 943.182 44.240 -3052.030 944.126 45.176 -3050.455 environment-darkcave
3592 1 52 2691 0 -1 0 998.785 64.391 -3127.063 997.724 63.919 -3127.508 999.354 64.839 -3126.374 environment-darkcave
3593 0 19 1505 0 -1 7413 1085.215 45.787 -3084.337 1082.812 45.390 -3086.657 1087.593 46.171 -3081.969 cv-planks-all
3594 0 19 1504 0 -1 7422 1085.215 45.787 -3080.059 1082.812 45.390 -3082.376 1087.593 46.171 -3077.688 cv-planks-all
3595 0 19 1520 0 -1 7419 1085.215 45.787 -3092.632 1082.812 45.390 -3094.953 1087.593 46.171 -3090.266 cv-planks-all
3596 1 66 2636 0 -1 0 1075.583 50.781 -3055.740 1075.226 50.422 -3056.124 1075.920 51.136 -3055.014 cv-bluecrystal
3597 1 66 2671 0 -1 0 1029.920 56.479 -3074.478 1029.595 56.119 -3074.847 1030.271 56.811 -3073.747 cv-bluecrystal
3598 1 52 2636 0 -1 0 1075.583 50.781 -3055.740 1075.226 50.422 -3056.124 1075.920 51.136 -3055.014 environment-darkcave
3599 1 52 2671 0 -1 0 1029.920 56.479 -3074.478 1029.595 56.119 -3074.847 1030.271 56.811 -3073.747 environment-darkcave
3600 0 19 1524 0 -1 7707 1085.215 45.787 -3088.617 1082.812 45.390 -3090.938 1087.593 46.171 -3086.250 cv-planks-all
3601 1 61 2615 0 -1 0 1130.169 58.651 -3091.577 1123.557 55.065 -3098.181 1135.966 60.074 -3085.607 cv-roofweb
3602 1 61 2616 0 -1 0 1088.182 80.379 -3166.672 1081.803 77.113 -3172.537 1094.449 85.956 -3162.380 cv-roofweb
3603 1 61 2617 0 -1 0 1123.837 58.419 -3133.915 1117.499 57.038 -3140.136 1130.074 61.559 -3127.733 cv-roofweb
3604 1 61 2618 0 -1 0 1027.276 95.308 -3145.791 1021.742 92.437 -3151.823 1032.048 100.417 -3139.821 cv-roofweb
3605 1 61 2619 0 -1 0 1061.280 104.464 -3128.177 1055.139 102.772 -3134.737 1068.507 108.218 -3121.032 cv-roofweb
3606 0 19 1497 0 -1 8011 1093.451 45.788 -3084.218 1091.547 45.390 -3086.547 1095.265 46.171 -3081.860 cv-planks-all
3607 0 19 1496 0 -1 8061 1093.451 45.788 -3088.239 1091.547 45.390 -3090.578 1095.265 46.171 -3085.875 cv-planks-all
3608 0 19 1495 0 -1 8266 1093.451 45.788 -3092.070 1091.547 45.390 -3094.406 1095.265 46.171 -3089.719 cv-planks-all
3609 0 19 1519 0 -1 8314 1086.444 33.599 -3091.708 1084.343 33.203 -3095.094 1088.390 33.984 -3088.110 cv-planks-all
3610 0 19 1629 0 -1 8385 1160.059 23.687 -3154.766 1157.140 23.125 -3156.516 1163.046 24.250 -3152.828 cv-planks-all
3611 1 15 2581 0 -1 0 1252.893 -5.544 -2945.736 1251.156 -7.132 -2947.506 1255.027 -3.877 -2943.943 cv-wall-02-2x2
3612 1 15 2588 0 -1 0 1139.851 11.436 -3049.334 1138.219 10.285 -3051.191 1141.542 13.293 -3047.593 cv-wall-02-2x2
3613 1 15 2598 0 -1 0 988.798 35.693 -2980.399 987.179 34.259 -2982.360 990.448 37.275 -2978.870 cv-wall-02-2x2
3614 1 15 2600 0 -1 0 1013.166 37.211 -3050.662 1011.572 36.124 -3052.544 1014.744 38.964 -3048.921 cv-wall-02-2x2
3615 1 15 2601 0 -1 0 938.015 18.232 -3032.958 936.500 16.744 -3035.032 939.667 19.829 -3031.329 cv-wall-02-2x2
3616 1 15 2602 0 -1 0 934.623 37.248 -3020.547 932.889 35.796 -3022.298 936.526 38.848 -3019.208 cv-wall-02-2x2
3617 1 15 2603 0 -1 0 963.779 35.532 -2989.809 962.264 34.044 -2991.883 965.431 37.129 -2988.180 cv-wall-02-2x2
3618 1 15 2604 0 -1 0 951.354 37.564 -2994.388 949.495 36.368 -2996.045 953.155 39.321 -2992.944 cv-wall-02-2x2
3619 1 15 2605 0 -1 0 959.532 32.265 -2948.907 957.863 30.460 -2950.221 961.607 33.811 -2947.022 cv-wall-02-2x2
3620 1 15 2607 0 -1 0 982.672 35.727 -3016.180 981.157 34.239 -3018.253 984.323 37.324 -3014.550 cv-wall-02-2x2
3621 1 15 2609 0 -1 0 1053.425 11.036 -3111.732 1051.534 9.501 -3113.114 1055.063 12.801 -3110.040 cv-wall-02-2x2
3622 1 15 2610 0 -1 0 1039.003 14.198 -3128.341 1037.369 13.168 -3129.954 1040.659 15.818 -3126.602 cv-wall-02-2x2
3623 1 15 2614 0 -1 0 920.142 18.208 -3028.614 918.593 16.756 -3030.617 921.755 19.793 -3026.989 cv-wall-02-2x2
3624 1 15 2608 0 -1 0 1053.959 10.934 -3176.170 1052.673 10.243 -3177.252 1055.348 12.048 -3175.070 cv-wall-02-2x2
3625 1 15 2580 0 -1 0 1255.205 4.247 -2913.325 1252.986 3.096 -2915.347 1257.468 6.104 -2911.381 cv-wall-02-2x2
3626 1 15 2582 0 -1 0 1233.797 -4.981 -2955.140 1231.536 -6.132 -2957.063 1236.185 -3.124 -2953.192 cv-wall-02-2x2
3627 1 15 2583 0 -1 0 1228.031 10.570 -2962.407 1225.981 8.314 -2964.056 1230.336 12.088 -2960.320 cv-wall-02-2x2
3628 1 15 2584 0 -1 0 1204.126 7.838 -2979.026 1202.076 5.582 -2980.675 1206.431 9.357 -2976.939 cv-wall-02-2x2
3629 1 15 2590 0 -1 0 1149.319 11.242 -3084.059 1147.678 10.281 -3085.955 1150.893 12.727 -3082.323 cv-wall-02-2x2
3630 1 15 2611 0 -1 0 1062.547 10.643 -3136.458 1060.736 8.960 -3138.079 1063.845 12.265 -3134.850 cv-wall-02-2x2
3631 1 15 2585 0 -1 0 1181.924 7.366 -3012.851 1179.714 6.215 -3015.122 1184.198 9.223 -3010.552 cv-wall-02-2x2
3632 1 15 2586 0 -1 0 1177.775 10.200 -3012.279 1175.966 8.598 -3013.608 1179.685 11.506 -3010.399 cv-wall-02-2x2
3633 1 15 2587 0 -1 0 1159.842 10.367 -3038.817 1158.033 9.446 -3040.587 1161.752 11.852 -3037.024 cv-wall-02-2x2
3634 1 15 2589 0 -1 0 1154.369 11.243 -3079.830 1152.559 10.322 -3081.647 1156.228 12.728 -3078.078 cv-wall-02-2x2
3635 1 15 2591 0 -1 0 1158.703 7.724 -3008.381 1156.894 6.508 -3010.218 1160.613 9.174 -3006.780 cv-wall-02-2x2
3636 1 15 2592 0 -1 0 1136.903 10.905 -3108.217 1134.755 9.800 -3110.506 1139.032 12.687 -3106.089 cv-wall-02-2x2
3637 1 15 2593 0 -1 0 1136.392 25.035 -3120.171 1135.036 24.344 -3121.499 1137.825 26.149 -3118.827 cv-wall-02-2x2
3638 1 15 2594 0 -1 0 1131.759 10.967 -3144.624 1129.919 9.971 -3146.400 1133.572 12.486 -3142.831 cv-wall-02-2x2
3639 1 15 2595 0 -1 0 1120.972 16.135 -3149.581 1119.009 14.159 -3152.085 1123.466 17.664 -3147.708 cv-wall-02-2x2
3640 1 15 2596 0 -1 0 1097.410 11.210 -3168.472 1095.347 9.027 -3170.836 1099.759 12.731 -3166.712 cv-wall-02-2x2
3641 1 15 2597 0 -1 0 1072.826 9.359 -3122.680 1070.971 7.574 -3124.513 1074.384 10.794 -3121.357 cv-wall-02-2x2
3642 1 15 2599 0 -1 0 1030.989 37.187 -3037.729 1029.310 35.327 -3039.368 1033.050 38.694 -3036.541 cv-wall-02-2x2
3643 1 15 2606 0 -1 0 968.302 31.617 -2953.610 966.854 30.881 -2955.062 969.790 32.806 -2952.208 cv-wall-02-2x2
3644 1 15 2612 0 -1 0 1041.426 10.219 -3094.179 1039.920 9.527 -3095.676 1042.951 11.335 -3092.760 cv-wall-02-2x2
3645 1 15 2613 0 -1 0 1026.095 21.927 -3118.943 1023.885 21.007 -3120.883 1028.244 23.413 -3117.065 cv-wall-02-2x2
3646 0 18 1024 0 -1 8685 1077.450 24.456 -3095.216 1075.437 22.297 -3096.407 1078.469 26.468 -3093.735 cv-wall-stal-stripe-02
3647 0 11 6 0 -1 9702 1092.889 44.112 -3080.977 1092.062 42.781 -3081.126 1094.312 45.656 -3080.688 cv-villagepole-new-wood
3648 0 11 10 0 -1 9702 1074.896 32.112 -3097.373 1074.750 30.781 -3098.782 1075.187 33.656 -3096.547 cv-villagepole-new-wood
3649 0 11 14 0 -1 9702 1132.019 39.612 -3154.264 1130.922 38.281 -3154.969 1132.547 41.156 -3153.360 cv-villagepole-new-wood
