MESHIDX 1 sunkenb 2616
0 0 27 93 1 0 755 575.638 -248.914 -1683.182 537.093 -249.031 -1718.110 614.156 -248.844 -1641.047 sun-floor-01
1 0 28 93 1 0 4215 576.237 -248.949 -1697.656 537.093 -249.031 -1727.625 614.156 -248.844 -1643.203 sun-floor-04
2 0 28 96 1 0 4615 603.912 -323.453 -1818.487 493.172 -448.969 -1920.547 737.437 -248.438 -1751.594 sun-floor-04
3 0 27 96 1 0 6609 635.468 -354.654 -1830.039 493.172 -448.985 -1920.016 764.328 -248.828 -1757.297 sun-floor-01
4 0 37 212 1 0 6988 578.280 -464.985 -1796.244 568.984 -467.984 -1805.766 583.203 -461.985 -1791.047 sun-precursor-tube-ring-01
5 0 37 206 1 0 7200 573.427 -464.985 -1785.832 568.781 -467.984 -1792.407 574.687 -461.985 -1780.422 sun-precursor-tube-ring-01
6 0 32 180 1 0 7299 574.034 -268.097 -1679.933 547.015 -270.922 -1709.032 604.296 -265.266 -1650.844 sun-walls-outside-edge-01
7 0 26 180 1 0 8012 564.862 -251.475 -1705.674 537.578 -265.266 -1721.531 610.406 -238.813 -1641.641 sun-walls-outside-01
8 0 26 96 1 0 8204 584.106 -254.535 -1753.718 582.156 -263.141 -1756.438 586.187 -248.781 -1751.594 sun-walls-outside-01
9 0 26 4 1 0 8633 584.523 -275.097 -1781.932 551.703 -445.781 -1800.547 610.812 -221.844 -1754.907 sun-walls-outside-01
10 0 33 96 1 0 8684 574.276 -250.484 -1774.296 557.000 -256.156 -1797.313 596.953 -247.188 -1751.594 sun-precursor-tube-script-01
11 0 35 206 1 0 8838 573.410 -456.050 -1774.224 568.515 -461.985 -1780.422 579.531 -448.219 -1769.469 jng-precursor-metal-plain-01
12 0 24 93 1 0 8909 569.466 -249.674 -1677.843 546.953 -250.375 -1708.251 602.703 -248.844 -1650.907 sun-precursor-metal-plain-01
13 0 24 96 1 0 8942 576.551 -252.008 -1758.869 560.484 -455.985 -1794.734 602.562 -244.016 -1757.797 sun-precursor-metal-plain-01
14 0 26 178 1 0 9161 575.439 -209.826 -1715.145 563.344 -216.375 -1717.891 584.937 -203.547 -1711.532 sun-walls-outside-01
15 0 29 96 1 0 9257 598.883 -455.735 -1785.597 596.281 -461.985 -1793.422 600.812 -448.985 -1778.109 sun-stonehengetop
16 0 31 96 1 0 9100 619.987 -311.724 -1807.990 493.297 -440.266 -1920.547 764.094 -250.594 -1757.797 sun-floor-05
17 0 35 284 1 0 9414 584.706 -223.930 -1784.906 579.640 -228.969 -1796.829 596.515 -220.422 -1779.844 jng-precursor-metal-plain-01
18 0 24 250 1 0 9460 590.090 -250.371 -1675.942 587.718 -250.922 -1681.735 590.922 -249.688 -1670.532 sun-precursor-metal-plain-01
19 0 26 266 1 0 9607 540.437 -241.912 -1702.981 539.593 -244.407 -1705.344 541.734 -240.258 -1701.188 sun-walls-outside-01
20 0 26 265 1 0 9777 539.032 -242.671 -1700.046 537.578 -244.407 -1703.664 540.633 -240.016 -1696.078 sun-walls-outside-01
21 0 51 285 1 0 9712 585.633 -236.868 -1785.736 579.578 -238.844 -1798.406 598.297 -235.485 -1779.547 sun-longpipe-01
22 0 21 202 1 0 9483 550.290 -238.406 -1714.198 546.172 -240.719 -1715.844 553.390 -235.281 -1711.376 sun-precursor-tube-ring-02
23 0 35 96 1 0 9437 585.990 -248.119 -1786.374 580.672 -251.984 -1797.797 598.031 -245.688 -1781.032 jng-precursor-metal-plain-01
24 0 21 181 1 0 9540 543.374 -238.245 -1708.005 541.734 -240.719 -1711.376 546.172 -235.281 -1705.344 sun-precursor-tube-ring-02
25 0 32 4 1 0 9617 575.822 -215.042 -1775.694 557.969 -222.907 -1796.266 595.875 -207.203 -1758.641 sun-walls-outside-edge-01
26 0 21 162 1 0 9467 543.251 -205.798 -1665.744 540.781 -209.641 -1669.376 545.500 -202.234 -1661.610 sun-precursor-tube-ring-02
27 0 21 164 1 0 9461 548.368 -226.754 -1647.872 543.922 -230.032 -1651.110 552.093 -223.016 -1645.735 sun-precursor-tube-ring-02
28 0 21 204 1 0 9519 599.133 -465.300 -1784.779 598.562 -467.984 -1787.626 599.640 -461.985 -1783.000 sun-precursor-tube-ring-02
29 0 21 205 1 0 9645 597.053 -465.300 -1780.253 596.281 -467.984 -1783.000 598.562 -461.985 -1778.109 sun-precursor-tube-ring-02
30 0 21 203 1 0 9504 599.929 -465.272 -1790.014 599.640 -467.984 -1793.422 600.812 -461.985 -1787.626 sun-precursor-tube-ring-02
31 0 21 207 1 0 9499 575.253 -465.318 -1772.085 572.843 -467.984 -1773.625 579.531 -461.985 -1769.766 sun-precursor-tube-ring-02
32 0 21 217 1 0 9498 597.252 -465.318 -1773.835 596.281 -467.984 -1778.109 598.281 -461.985 -1771.094 sun-precursor-tube-ring-02
33 0 21 221 1 0 9514 603.833 -465.318 -1798.139 601.140 -467.984 -1801.907 605.937 -461.985 -1795.579 sun-precursor-tube-ring-02
34 0 21 183 1 0 9537 539.692 -235.701 -1702.774 537.422 -240.016 -1707.266 542.031 -230.000 -1697.157 sun-precursor-tube-ring-02
35 0 21 201 1 0 9555 555.386 -235.757 -1717.330 550.484 -240.032 -1719.407 560.702 -230.000 -1715.001 sun-precursor-tube-ring-02
36 0 21 148 1 0 9645 584.093 -231.001 -1638.043 579.500 -238.844 -1638.391 588.641 -223.875 -1637.781 sun-precursor-tube-ring-02
37 0 14 90 1 0 9531 585.801 -232.336 -1785.052 579.578 -235.547 -1798.406 598.297 -228.938 -1779.547 sun-precursor-plainstripe
38 0 26 83 1 0 9929 584.910 -219.655 -1680.099 538.031 -259.235 -1713.484 617.078 -192.672 -1637.781 sun-walls-outside-01
39 0 23 83 1 0 9851 575.711 -230.889 -1683.545 534.906 -265.328 -1727.876 617.203 -192.672 -1637.781 sun-walls-outside-02
40 0 10 96 1 0 9544 576.392 -239.691 -1739.719 567.750 -248.859 -1751.594 584.906 -232.219 -1727.844 sun-glass-frame-01
41 0 11 49 1 0 9589 584.298 -213.574 -1784.558 580.531 -220.422 -1793.469 593.140 -206.673 -1780.876 sun-precursor-metal-edge-01
42 0 14 83 1 6507 9354 574.098 -244.290 -1681.157 536.172 -260.985 -1727.844 614.625 -229.938 -1640.563 sun-precursor-plainstripe
43 1 34 421 1 10000 625 601.556 -423.659 -1773.486 599.685 -423.737 -1775.354 603.424 -423.581 -1771.615 sun-precursor-metal-edge-02
44 1 34 423 1 10000 625 601.291 -423.659 -1802.053 599.421 -423.737 -1803.921 603.159 -423.581 -1800.182 sun-precursor-metal-edge-02
45 1 34 425 1 10000 625 601.292 -437.641 -1802.053 598.486 -437.760 -1804.856 604.094 -437.522 -1799.247 sun-precursor-metal-edge-02
46 1 34 426 1 10000 625 601.291 -431.642 -1802.053 599.421 -431.720 -1803.921 603.159 -431.564 -1800.182 sun-precursor-metal-edge-02
47 1 34 427 1 10000 625 601.291 -446.614 -1802.053 599.421 -446.692 -1803.921 603.159 -446.536 -1800.182 sun-precursor-metal-edge-02
48 1 34 428 1 10000 625 601.292 -447.613 -1802.053 598.486 -447.732 -1804.856 604.094 -447.494 -1799.247 sun-precursor-metal-edge-02
49 1 34 429 1 10000 625 601.291 -438.639 -1802.053 599.421 -438.717 -1803.921 603.159 -438.561 -1800.182 sun-precursor-metal-edge-02
50 1 34 444 1 10000 625 586.978 -423.659 -1767.835 585.107 -423.737 -1769.703 588.846 -423.581 -1765.965 sun-precursor-metal-edge-02
51 1 34 445 1 10000 625 586.967 -423.659 -1808.043 585.097 -423.737 -1809.911 588.835 -423.581 -1806.173 sun-precursor-metal-edge-02
52 1 34 446 1 10000 625 586.979 -437.641 -1767.836 584.173 -437.760 -1770.638 589.781 -437.522 -1765.030 sun-precursor-metal-edge-02
53 1 34 447 1 10000 625 586.978 -438.639 -1767.835 585.107 -438.717 -1769.703 588.846 -438.561 -1765.965 sun-precursor-metal-edge-02
54 1 34 448 1 10000 625 586.979 -432.641 -1767.836 584.173 -432.760 -1770.638 589.781 -432.522 -1765.030 sun-precursor-metal-edge-02
55 1 34 449 1 10000 625 586.978 -431.642 -1767.835 585.107 -431.720 -1769.703 588.846 -431.564 -1765.965 sun-precursor-metal-edge-02
56 1 34 450 1 10000 625 601.292 -432.641 -1802.053 598.486 -432.760 -1804.856 604.094 -432.522 -1799.247 sun-precursor-metal-edge-02
57 1 34 451 1 10000 625 586.979 -447.613 -1767.836 584.173 -447.732 -1770.638 589.781 -447.494 -1765.030 sun-precursor-metal-edge-02
58 1 34 452 1 10000 625 586.979 -453.711 -1767.836 584.173 -453.830 -1770.638 589.781 -453.592 -1765.030 sun-precursor-metal-edge-02
59 1 34 453 1 10000 625 586.978 -446.614 -1767.835 585.107 -446.692 -1769.703 588.846 -446.536 -1765.965 sun-precursor-metal-edge-02
60 1 34 454 1 10000 625 586.968 -437.641 -1808.044 584.162 -437.760 -1810.846 589.770 -437.522 -1805.238 sun-precursor-metal-edge-02
61 1 34 455 1 10000 625 586.967 -438.639 -1808.043 585.097 -438.717 -1809.911 588.835 -438.561 -1806.173 sun-precursor-metal-edge-02
62 1 34 456 1 10000 625 586.968 -432.641 -1808.044 584.162 -432.760 -1810.846 589.770 -432.522 -1805.238 sun-precursor-metal-edge-02
63 1 34 457 1 10000 625 586.967 -431.642 -1808.043 585.097 -431.720 -1809.911 588.835 -431.564 -1806.173 sun-precursor-metal-edge-02
64 1 34 458 1 10000 625 586.968 -447.613 -1808.044 584.162 -447.732 -1810.846 589.770 -447.494 -1805.238 sun-precursor-metal-edge-02
65 1 34 459 1 10000 625 586.968 -453.711 -1808.044 584.162 -453.830 -1810.846 589.770 -453.592 -1805.238 sun-precursor-metal-edge-02
66 1 34 460 1 10000 625 601.292 -453.711 -1802.053 598.486 -453.830 -1804.856 604.094 -453.592 -1799.247 sun-precursor-metal-edge-02
67 1 34 461 1 10000 625 586.967 -446.614 -1808.043 585.097 -446.692 -1809.911 588.835 -446.536 -1806.173 sun-precursor-metal-edge-02
68 1 34 478 1 10000 625 566.939 -423.659 -1787.766 565.068 -423.737 -1789.634 568.807 -423.581 -1785.895 sun-precursor-metal-edge-02
69 1 34 479 1 10000 625 572.622 -423.659 -1773.445 570.752 -423.737 -1775.313 574.490 -423.581 -1771.575 sun-precursor-metal-edge-02
70 1 34 480 1 10000 625 572.711 -423.659 -1802.457 570.841 -423.737 -1804.325 574.579 -423.581 -1800.586 sun-precursor-metal-edge-02
71 1 34 481 1 10000 625 572.623 -437.641 -1773.446 569.817 -437.760 -1776.248 575.425 -437.522 -1770.640 sun-precursor-metal-edge-02
72 1 34 482 1 10000 625 572.623 -432.641 -1773.446 569.817 -432.760 -1776.248 575.425 -432.522 -1770.640 sun-precursor-metal-edge-02
73 1 34 483 1 10000 625 566.939 -431.642 -1787.766 565.068 -431.720 -1789.634 568.807 -431.564 -1785.895 sun-precursor-metal-edge-02
74 1 34 484 1 10000 625 572.622 -431.642 -1773.445 570.752 -431.720 -1775.313 574.490 -431.564 -1771.575 sun-precursor-metal-edge-02
75 1 34 485 1 10000 625 572.712 -437.641 -1802.458 569.906 -437.760 -1805.260 575.514 -437.522 -1799.652 sun-precursor-metal-edge-02
76 1 34 486 1 10000 625 572.712 -432.641 -1802.458 569.906 -432.760 -1805.260 575.514 -432.522 -1799.652 sun-precursor-metal-edge-02
77 1 34 487 1 10000 625 572.711 -431.642 -1802.457 570.841 -431.720 -1804.325 574.579 -431.564 -1800.586 sun-precursor-metal-edge-02
78 1 34 488 1 10000 625 566.939 -437.641 -1787.766 564.133 -437.760 -1790.569 569.741 -437.522 -1784.960 sun-precursor-metal-edge-02
79 1 34 489 1 10000 625 566.939 -432.641 -1787.766 564.133 -432.760 -1790.569 569.741 -432.522 -1784.960 sun-precursor-metal-edge-02
80 1 34 490 1 10000 625 572.622 -446.614 -1773.445 570.752 -446.692 -1775.313 574.490 -446.536 -1771.575 sun-precursor-metal-edge-02
81 1 34 491 1 10000 625 572.622 -438.639 -1773.445 570.752 -438.717 -1775.313 574.490 -438.561 -1771.575 sun-precursor-metal-edge-02
82 1 34 492 1 10000 625 572.623 -447.613 -1773.446 569.817 -447.732 -1776.248 575.425 -447.494 -1770.640 sun-precursor-metal-edge-02
83 1 34 493 1 10000 625 566.939 -438.639 -1787.766 565.068 -438.717 -1789.634 568.807 -438.561 -1785.895 sun-precursor-metal-edge-02
84 1 34 494 1 10000 625 572.711 -438.639 -1802.457 570.841 -438.717 -1804.325 574.579 -438.561 -1800.586 sun-precursor-metal-edge-02
85 1 34 495 1 10000 625 572.623 -453.711 -1773.446 569.817 -453.830 -1776.248 575.425 -453.592 -1770.640 sun-precursor-metal-edge-02
86 1 15 1062 1 10000 1875 585.125 -212.082 -1777.783 583.369 -212.175 -1779.538 586.880 -211.883 -1776.027 sun-precursor-circuitpattern-01
87 1 15 1063 1 10000 1875 580.385 -212.414 -1786.804 578.830 -212.497 -1788.359 581.939 -212.238 -1785.250 sun-precursor-circuitpattern-01
88 1 15 1064 1 10000 1875 584.857 -214.044 -1779.754 582.697 -214.150 -1781.914 587.017 -213.820 -1777.593 sun-precursor-circuitpattern-01
89 1 34 378 1 10000 1875 586.977 -285.714 -1767.835 585.733 -285.792 -1769.078 588.221 -285.636 -1766.590 sun-precursor-metal-edge-02
90 1 34 379 1 10000 1875 586.978 -302.729 -1767.835 585.111 -302.846 -1769.700 588.843 -302.612 -1765.968 sun-precursor-metal-edge-02
91 1 34 380 1 10000 1875 601.555 -285.714 -1773.485 600.311 -285.792 -1774.728 602.798 -285.636 -1772.241 sun-precursor-metal-edge-02
92 1 34 381 1 10000 1875 572.622 -285.714 -1773.445 571.377 -285.792 -1774.688 573.865 -285.636 -1772.200 sun-precursor-metal-edge-02
93 1 34 382 1 10000 1875 601.556 -302.729 -1773.486 599.688 -302.846 -1775.351 603.421 -302.612 -1771.619 sun-precursor-metal-edge-02
94 1 34 383 1 10000 1875 607.400 -302.729 -1787.753 605.533 -302.846 -1789.618 609.265 -302.612 -1785.886 sun-precursor-metal-edge-02
95 1 34 384 1 10000 1875 601.555 -315.731 -1773.485 600.311 -315.809 -1774.728 602.798 -315.653 -1772.241 sun-precursor-metal-edge-02
96 1 34 385 1 10000 1875 607.400 -315.738 -1787.753 606.153 -315.816 -1788.998 608.645 -315.660 -1786.506 sun-precursor-metal-edge-02
97 1 34 386 1 10000 1875 601.555 -321.737 -1773.485 600.311 -321.815 -1774.728 602.798 -321.659 -1772.241 sun-precursor-metal-edge-02
98 1 34 387 1 10000 1875 572.622 -315.731 -1773.445 571.377 -315.809 -1774.688 573.865 -315.653 -1772.200 sun-precursor-metal-edge-02
99 1 34 388 1 10000 1875 572.622 -321.737 -1773.445 571.377 -321.815 -1774.688 573.865 -321.659 -1772.200 sun-precursor-metal-edge-02
100 1 34 389 1 10000 1875 586.977 -321.737 -1767.835 585.733 -321.815 -1769.078 588.221 -321.659 -1766.590 sun-precursor-metal-edge-02
101 1 34 390 1 10000 1875 586.977 -315.731 -1767.835 585.733 -315.809 -1769.078 588.221 -315.653 -1766.590 sun-precursor-metal-edge-02
102 1 34 391 1 10000 1875 601.555 -337.735 -1773.485 600.311 -337.813 -1774.728 602.798 -337.657 -1772.241 sun-precursor-metal-edge-02
103 1 34 392 1 10000 1875 586.977 -337.735 -1767.835 585.733 -337.813 -1769.078 588.221 -337.657 -1766.590 sun-precursor-metal-edge-02
104 1 34 393 1 10000 1875 572.622 -337.735 -1773.445 571.377 -337.813 -1774.688 573.865 -337.657 -1772.200 sun-precursor-metal-edge-02
105 1 34 394 1 10000 1875 601.556 -346.705 -1773.486 599.689 -346.822 -1775.350 603.420 -346.588 -1771.619 sun-precursor-metal-edge-02
106 1 34 395 1 10000 1875 586.978 -346.705 -1767.835 585.111 -346.822 -1769.699 588.842 -346.588 -1765.969 sun-precursor-metal-edge-02
107 1 34 396 1 10000 1875 601.291 -285.714 -1802.052 600.046 -285.792 -1803.295 602.534 -285.636 -1800.807 sun-precursor-metal-edge-02
108 1 34 397 1 10000 1875 572.711 -285.714 -1802.457 571.466 -285.792 -1803.700 573.954 -285.636 -1801.212 sun-precursor-metal-edge-02
109 1 34 398 1 10000 1875 586.967 -285.714 -1808.043 585.722 -285.792 -1809.286 588.210 -285.636 -1806.798 sun-precursor-metal-edge-02
110 1 34 399 1 10000 1875 601.291 -315.731 -1802.052 600.046 -315.809 -1803.295 602.534 -315.653 -1800.807 sun-precursor-metal-edge-02
111 1 34 400 1 10000 1875 601.291 -302.729 -1802.053 599.424 -302.846 -1803.917 603.156 -302.612 -1800.185 sun-precursor-metal-edge-02
112 1 34 401 1 10000 1875 572.711 -315.731 -1802.457 571.466 -315.809 -1803.700 573.954 -315.653 -1801.212 sun-precursor-metal-edge-02
113 1 34 402 1 10000 1875 586.967 -315.731 -1808.043 585.722 -315.809 -1809.286 588.210 -315.653 -1806.798 sun-precursor-metal-edge-02
114 1 34 403 1 10000 1875 601.291 -337.735 -1802.052 600.046 -337.813 -1803.295 602.534 -337.657 -1800.807 sun-precursor-metal-edge-02
115 1 34 404 1 10000 1875 601.291 -321.737 -1802.052 600.046 -321.815 -1803.295 602.534 -321.659 -1800.807 sun-precursor-metal-edge-02
116 1 34 405 1 10000 1875 601.291 -346.705 -1802.053 599.425 -346.822 -1803.917 603.155 -346.588 -1800.186 sun-precursor-metal-edge-02
117 1 34 406 1 10000 1875 572.711 -321.737 -1802.457 571.466 -321.815 -1803.700 573.954 -321.659 -1801.212 sun-precursor-metal-edge-02
118 1 34 407 1 10000 1875 586.967 -321.737 -1808.043 585.722 -321.815 -1809.286 588.210 -321.659 -1806.798 sun-precursor-metal-edge-02
119 1 34 408 1 10000 1875 572.711 -337.735 -1802.457 571.466 -337.813 -1803.700 573.954 -337.657 -1801.212 sun-precursor-metal-edge-02
120 1 34 409 1 10000 1875 586.967 -337.735 -1808.043 585.722 -337.813 -1809.286 588.210 -337.657 -1806.798 sun-precursor-metal-edge-02
121 1 34 410 1 10000 1875 586.967 -302.729 -1808.043 585.100 -302.846 -1809.908 588.832 -302.612 -1806.176 sun-precursor-metal-edge-02
122 1 34 411 1 10000 1875 586.967 -346.705 -1808.043 585.101 -346.822 -1809.907 588.831 -346.588 -1806.177 sun-precursor-metal-edge-02
123 1 34 412 1 10000 1875 607.400 -370.683 -1787.753 606.153 -370.761 -1788.998 608.645 -370.605 -1786.506 sun-precursor-metal-edge-02
124 1 34 413 1 10000 1875 601.555 -362.683 -1773.486 600.308 -362.761 -1774.731 602.801 -362.605 -1772.238 sun-precursor-metal-edge-02
125 1 34 414 1 10000 1875 601.291 -362.683 -1802.052 600.044 -362.761 -1803.297 602.536 -362.605 -1800.805 sun-precursor-metal-edge-02
126 1 34 415 1 10000 1875 601.555 -370.683 -1773.486 600.308 -370.761 -1774.731 602.801 -370.605 -1772.238 sun-precursor-metal-edge-02
127 1 34 416 1 10000 1875 601.291 -370.683 -1802.052 600.044 -370.761 -1803.297 602.536 -370.605 -1800.805 sun-precursor-metal-edge-02
128 1 34 417 1 10000 1875 601.556 -387.683 -1773.486 599.685 -387.798 -1775.354 603.424 -387.568 -1771.615 sun-precursor-metal-edge-02
129 1 34 418 1 10000 1875 607.401 -387.683 -1787.752 605.515 -387.798 -1789.636 609.283 -387.568 -1785.868 sun-precursor-metal-edge-02
130 1 34 419 1 10000 1875 601.291 -387.683 -1802.053 599.421 -387.798 -1803.921 603.159 -387.568 -1800.182 sun-precursor-metal-edge-02
131 1 34 420 1 10000 1875 607.400 -422.661 -1787.753 606.153 -422.739 -1788.998 608.645 -422.583 -1786.506 sun-precursor-metal-edge-02
132 1 34 422 1 10000 1875 601.555 -422.661 -1773.486 600.308 -422.739 -1774.731 602.801 -422.583 -1772.238 sun-precursor-metal-edge-02
133 1 34 424 1 10000 1875 601.291 -422.661 -1802.052 600.044 -422.739 -1803.297 602.536 -422.583 -1800.805 sun-precursor-metal-edge-02
134 1 34 430 1 10000 1875 586.977 -370.683 -1767.835 585.731 -370.761 -1769.080 588.223 -370.605 -1766.588 sun-precursor-metal-edge-02
135 1 34 431 1 10000 1875 586.977 -362.683 -1767.835 585.731 -362.761 -1769.080 588.223 -362.605 -1766.588 sun-precursor-metal-edge-02
136 1 34 432 1 10000 1875 572.622 -370.683 -1773.445 571.375 -370.761 -1774.690 573.867 -370.605 -1772.198 sun-precursor-metal-edge-02
137 1 34 433 1 10000 1875 572.622 -362.683 -1773.445 571.375 -362.761 -1774.690 573.867 -362.605 -1772.198 sun-precursor-metal-edge-02
138 1 34 434 1 10000 1875 586.967 -362.683 -1808.043 585.720 -362.761 -1809.288 588.212 -362.605 -1806.796 sun-precursor-metal-edge-02
139 1 34 435 1 10000 1875 572.711 -362.683 -1802.457 571.464 -362.761 -1803.702 573.956 -362.605 -1801.210 sun-precursor-metal-edge-02
140 1 34 436 1 10000 1875 586.967 -370.683 -1808.043 585.720 -370.761 -1809.288 588.212 -370.605 -1806.796 sun-precursor-metal-edge-02
141 1 34 437 1 10000 1875 572.711 -370.683 -1802.457 571.464 -370.761 -1803.702 573.956 -370.605 -1801.210 sun-precursor-metal-edge-02
142 1 34 438 1 10000 1875 586.978 -387.683 -1767.835 585.107 -387.798 -1769.703 588.846 -387.568 -1765.965 sun-precursor-metal-edge-02
143 1 34 439 1 10000 1875 586.967 -387.683 -1808.043 585.097 -387.798 -1809.911 588.835 -387.568 -1806.173 sun-precursor-metal-edge-02
144 1 34 440 1 10000 1875 586.977 -422.661 -1767.835 585.731 -422.739 -1769.080 588.223 -422.583 -1766.588 sun-precursor-metal-edge-02
145 1 34 441 1 10000 1875 572.622 -422.661 -1773.445 571.375 -422.739 -1774.690 573.867 -422.583 -1772.198 sun-precursor-metal-edge-02
146 1 34 442 1 10000 1875 572.711 -422.661 -1802.457 571.464 -422.739 -1803.702 573.956 -422.583 -1801.210 sun-precursor-metal-edge-02
147 1 34 443 1 10000 1875 586.967 -422.661 -1808.043 585.720 -422.739 -1809.288 588.212 -422.583 -1806.796 sun-precursor-metal-edge-02
148 1 34 462 1 10000 1875 572.622 -302.729 -1773.445 570.755 -302.846 -1775.310 574.487 -302.612 -1771.578 sun-precursor-metal-edge-02
149 1 34 463 1 10000 1875 566.938 -285.714 -1787.765 565.693 -285.792 -1789.008 568.181 -285.636 -1786.521 sun-precursor-metal-edge-02
150 1 34 464 1 10000 1875 566.939 -302.729 -1787.766 565.071 -302.846 -1789.630 568.803 -302.612 -1785.899 sun-precursor-metal-edge-02
151 1 34 465 1 10000 1875 572.711 -302.729 -1802.457 570.844 -302.846 -1804.322 574.576 -302.612 -1800.590 sun-precursor-metal-edge-02
152 1 34 466 1 10000 1875 566.938 -315.731 -1787.765 565.693 -315.809 -1789.008 568.181 -315.653 -1786.521 sun-precursor-metal-edge-02
153 1 34 467 1 10000 1875 566.938 -321.737 -1787.765 565.693 -321.815 -1789.008 568.181 -321.659 -1786.521 sun-precursor-metal-edge-02
154 1 34 468 1 10000 1875 572.622 -346.705 -1773.445 570.756 -346.822 -1775.309 574.487 -346.588 -1771.579 sun-precursor-metal-edge-02
155 1 34 469 1 10000 1875 566.938 -337.735 -1787.765 565.693 -337.813 -1789.008 568.181 -337.657 -1786.521 sun-precursor-metal-edge-02
156 1 34 470 1 10000 1875 572.711 -346.705 -1802.457 570.844 -346.822 -1804.321 574.575 -346.588 -1800.591 sun-precursor-metal-edge-02
157 1 34 471 1 10000 1875 566.939 -346.705 -1787.766 565.072 -346.822 -1789.630 568.803 -346.588 -1785.899 sun-precursor-metal-edge-02
158 1 34 472 1 10000 1875 566.938 -362.683 -1787.765 565.691 -362.761 -1789.011 568.183 -362.605 -1786.518 sun-precursor-metal-edge-02
159 1 34 473 1 10000 1875 566.938 -370.683 -1787.765 565.691 -370.761 -1789.011 568.183 -370.605 -1786.518 sun-precursor-metal-edge-02
160 1 34 474 1 10000 1875 572.622 -387.683 -1773.445 570.752 -387.798 -1775.313 574.490 -387.568 -1771.575 sun-precursor-metal-edge-02
161 1 34 475 1 10000 1875 572.711 -387.683 -1802.457 570.841 -387.798 -1804.325 574.579 -387.568 -1800.586 sun-precursor-metal-edge-02
162 1 34 476 1 10000 1875 566.939 -387.683 -1787.766 565.068 -387.798 -1789.634 568.807 -387.568 -1785.895 sun-precursor-metal-edge-02
163 1 34 477 1 10000 1875 566.938 -422.661 -1787.765 565.691 -422.739 -1789.011 568.183 -422.583 -1786.518 sun-precursor-metal-edge-02
164 1 14 1062 1 10000 2083 585.125 -218.411 -1777.783 583.369 -221.499 -1779.538 586.880 -212.175 -1776.027 sun-precursor-plainstripe
165 1 14 1063 1 10000 2083 580.385 -218.018 -1786.804 578.830 -220.752 -1788.359 581.939 -212.497 -1785.250 sun-precursor-plainstripe
166 1 14 1064 1 10000 2083 584.857 -221.198 -1779.754 582.697 -224.688 -1781.914 587.017 -214.150 -1777.593 sun-precursor-plainstripe
167 1 92 1062 1 10000 2027 585.125 -215.978 -1777.783 583.369 -221.564 -1779.538 586.880 -207.660 -1776.027 pal-environment-front
168 1 92 1063 1 10000 2027 580.385 -215.863 -1786.804 578.830 -220.809 -1788.359 581.939 -208.499 -1785.250 pal-environment-front
169 1 92 1064 1 10000 2027 584.857 -218.447 -1779.754 582.697 -224.761 -1781.914 587.017 -209.046 -1777.593 pal-environment-front
170 1 48 930 1 10000 313 573.037 -241.823 -1793.158 571.043 -242.614 -1795.152 575.031 -240.589 -1791.164 sun-hot-pipe-02
171 1 48 932 1 10000 313 635.300 -355.733 -1812.937 634.481 -356.862 -1813.932 636.042 -354.701 -1811.809 sun-hot-pipe-02
172 1 48 933 1 10000 313 746.680 -398.585 -1859.146 745.979 -399.609 -1860.270 747.483 -397.474 -1858.134 sun-hot-pipe-02
173 1 48 934 1 10000 313 756.582 -401.147 -1852.390 755.663 -402.172 -1853.448 757.448 -400.044 -1851.483 sun-hot-pipe-02
174 1 48 936 1 10000 313 762.501 -403.236 -1842.231 761.427 -404.262 -1843.057 763.421 -402.133 -1841.380 sun-hot-pipe-02
175 1 48 939 1 10000 313 712.044 -388.258 -1838.800 711.251 -389.247 -1839.784 712.885 -387.134 -1837.694 sun-hot-pipe-02
176 1 48 940 1 10000 313 735.653 -396.168 -1861.920 735.051 -397.190 -1862.993 736.407 -395.044 -1860.848 sun-hot-pipe-02
177 1 48 943 1 10000 313 670.275 -372.696 -1835.595 669.318 -373.655 -1836.513 671.161 -371.576 -1834.523 sun-hot-pipe-02
178 1 48 947 1 10000 313 764.038 -404.829 -1830.357 762.955 -405.864 -1830.892 765.080 -403.732 -1829.637 sun-hot-pipe-02
179 1 48 948 1 10000 313 711.817 -423.656 -1790.589 710.988 -424.666 -1791.580 712.580 -422.545 -1789.463 sun-hot-pipe-02
180 1 48 950 1 10000 313 570.111 -241.584 -1793.498 569.033 -242.662 -1794.107 571.189 -240.506 -1793.107 sun-hot-pipe-02
181 1 48 951 1 10000 313 497.879 -258.294 -1795.481 496.919 -259.338 -1796.301 499.000 -257.169 -1794.727 sun-hot-pipe-02
182 1 48 952 1 10000 313 542.808 -277.431 -1863.402 541.710 -278.497 -1863.877 543.862 -276.353 -1862.723 sun-hot-pipe-02
183 1 48 953 1 10000 313 542.721 -277.397 -1864.093 541.667 -278.475 -1864.772 543.820 -276.332 -1863.617 sun-hot-pipe-02
184 1 48 954 1 10000 313 535.284 -276.205 -1862.394 534.186 -277.270 -1862.870 536.338 -275.127 -1861.716 sun-hot-pipe-02
185 1 48 955 1 10000 313 535.197 -276.171 -1863.086 534.143 -277.249 -1863.765 536.295 -275.105 -1862.610 sun-hot-pipe-02
186 1 48 956 1 10000 313 524.093 -274.534 -1858.022 522.996 -275.592 -1858.822 525.031 -273.475 -1857.181 sun-hot-pipe-02
187 1 48 957 1 10000 313 523.768 -274.537 -1858.643 522.829 -275.596 -1859.484 524.864 -273.478 -1857.843 sun-hot-pipe-02
188 1 48 958 1 10000 313 501.493 -267.232 -1835.396 500.680 -268.291 -1836.489 502.339 -266.173 -1834.460 sun-hot-pipe-02
189 1 48 959 1 10000 313 497.976 -265.610 -1828.753 497.163 -266.669 -1829.845 498.822 -264.551 -1827.817 sun-hot-pipe-02
190 1 48 960 1 10000 313 497.352 -265.614 -1829.099 496.507 -266.673 -1830.034 498.166 -264.555 -1828.006 sun-hot-pipe-02
191 1 48 961 1 10000 313 500.870 -267.236 -1835.742 500.024 -268.294 -1836.678 501.683 -266.177 -1834.649 sun-hot-pipe-02
192 1 48 962 1 10000 313 517.524 -272.912 -1854.368 516.428 -273.971 -1855.168 518.462 -271.853 -1853.527 sun-hot-pipe-02
193 1 48 963 1 10000 313 517.199 -272.916 -1854.989 516.260 -273.974 -1855.829 518.295 -271.857 -1854.188 sun-hot-pipe-02
194 0 27 247 1 10000 6983 575.627 -249.547 -1679.619 546.953 -249.688 -1708.251 604.296 -249.406 -1650.907 sun-floor-01
195 0 31 247 1 10000 6983 575.661 -249.547 -1679.535 546.687 -249.688 -1708.500 604.547 -249.406 -1650.641 sun-floor-05
196 0 26 267 1 10000 7200 588.259 -238.084 -1757.832 583.125 -243.157 -1760.969 593.906 -232.297 -1755.610 sun-walls-outside-01
197 0 35 4 1 10000 6991 597.096 -447.240 -1770.595 594.578 -448.485 -1771.094 598.281 -444.891 -1769.484 jng-precursor-metal-plain-01
198 1 48 931 1 10000 313 643.262 -357.826 -1810.090 642.520 -358.858 -1811.217 644.082 -356.697 -1809.094 sun-hot-pipe-02
199 1 48 935 1 10000 313 749.946 -399.474 -1857.774 749.080 -400.577 -1858.681 750.865 -398.448 -1856.716 sun-hot-pipe-02
200 1 48 937 1 10000 313 758.510 -401.580 -1849.806 757.591 -402.683 -1850.656 759.584 -400.554 -1848.980 sun-hot-pipe-02
201 1 48 938 1 10000 313 763.166 -403.491 -1838.913 762.123 -404.588 -1839.633 764.248 -402.456 -1838.378 sun-hot-pipe-02
202 1 48 941 1 10000 313 727.222 -393.981 -1861.940 726.468 -395.105 -1863.012 727.824 -392.959 -1860.867 sun-hot-pipe-02
203 1 48 942 1 10000 313 738.538 -396.721 -1861.594 737.735 -397.832 -1862.605 739.240 -395.697 -1860.469 sun-hot-pipe-02
204 1 48 944 1 10000 313 663.705 -368.896 -1831.316 662.819 -370.015 -1832.388 664.662 -367.937 -1830.398 sun-hot-pipe-02
205 1 48 945 1 10000 313 704.286 -385.315 -1836.154 703.445 -386.440 -1837.259 705.079 -384.327 -1835.170 sun-hot-pipe-02
206 1 48 946 1 10000 313 719.745 -421.488 -1787.680 718.983 -422.599 -1788.806 720.574 -420.479 -1786.689 sun-hot-pipe-02
207 1 48 949 1 10000 313 501.352 -256.574 -1787.689 500.231 -257.698 -1788.444 502.312 -255.529 -1786.870 sun-hot-pipe-02
208 1 51 1062 1 10000 2917 585.125 -217.576 -1777.783 583.369 -219.062 -1779.538 586.880 -215.976 -1776.027 sun-longpipe-01
209 1 51 1063 1 10000 2917 580.385 -217.279 -1786.804 578.830 -218.595 -1788.359 581.939 -215.862 -1785.250 sun-longpipe-01
210 1 51 1064 1 10000 2917 584.857 -220.254 -1779.754 582.697 -221.934 -1781.914 587.017 -218.446 -1777.593 sun-longpipe-01
211 1 47 591 1 10000 625 575.303 -247.607 -1790.961 573.107 -248.607 -1793.141 577.091 -246.623 -1789.142 sun-hot-pipe-01
212 1 47 592 1 10000 625 575.303 -247.581 -1795.338 573.107 -248.565 -1797.157 577.091 -246.581 -1793.158 sun-hot-pipe-01
213 1 47 593 1 10000 625 570.927 -248.407 -1790.136 569.107 -250.603 -1791.120 573.107 -246.619 -1789.136 sun-hot-pipe-01
214 1 47 597 1 10000 625 541.741 -276.090 -1863.587 539.646 -278.290 -1864.799 544.171 -274.413 -1862.511 sun-hot-pipe-01
215 1 47 598 1 10000 625 523.085 -273.152 -1857.881 521.072 -275.343 -1859.826 525.578 -271.524 -1856.365 sun-hot-pipe-01
216 1 47 599 1 10000 625 534.216 -274.864 -1862.580 532.121 -277.064 -1863.792 536.647 -273.186 -1861.504 sun-hot-pipe-01
217 1 47 600 1 10000 625 497.189 -264.229 -1828.077 495.650 -266.420 -1830.559 499.173 -262.601 -1826.068 sun-hot-pipe-01
218 1 47 601 1 10000 625 500.706 -265.851 -1834.720 499.167 -268.042 -1837.202 502.690 -264.222 -1832.711 sun-hot-pipe-01
219 1 47 602 1 10000 625 516.516 -271.531 -1854.226 514.503 -273.722 -1856.171 519.009 -269.902 -1852.711 sun-hot-pipe-01
220 0 26 241 1 10000 8340 589.205 -436.710 -1764.782 586.890 -440.125 -1765.360 591.094 -433.297 -1764.188 sun-walls-outside-01
221 0 26 125 1 10000 8342 605.353 -444.661 -1801.580 603.718 -449.141 -1804.422 608.187 -440.063 -1796.469 sun-walls-outside-01
222 0 26 240 1 10000 8344 601.373 -430.821 -1805.795 598.922 -433.344 -1807.172 603.718 -428.531 -1804.422 sun-walls-outside-01
223 0 27 273 1 10000 8431 611.521 -242.985 -1680.717 608.281 -242.985 -1686.469 615.094 -242.985 -1674.954 sun-floor-01
224 1 47 589 1 10000 625 575.304 -241.607 -1795.337 573.124 -242.607 -1797.124 577.124 -240.623 -1793.140 sun-hot-pipe-01
225 1 47 594 1 10000 625 570.927 -241.607 -1790.962 569.107 -242.607 -1793.159 573.107 -240.623 -1789.174 sun-hot-pipe-01
226 1 47 595 1 10000 625 570.927 -246.781 -1796.162 569.107 -248.569 -1797.162 573.107 -244.585 -1795.178 sun-hot-pipe-01
227 1 47 596 1 10000 625 570.928 -242.405 -1796.163 569.141 -244.585 -1797.162 573.125 -240.585 -1795.178 sun-hot-pipe-01
228 1 47 590 1 10000 625 575.303 -241.607 -1790.960 573.106 -242.607 -1793.141 577.091 -240.623 -1789.141 sun-hot-pipe-01
229 0 26 234 1 10000 8526 585.915 -272.874 -1788.156 552.953 -280.672 -1810.250 609.656 -259.922 -1758.844 sun-walls-outside-01
230 0 24 247 1 10000 8536 573.948 -250.358 -1680.088 560.328 -250.922 -1694.875 590.922 -249.688 -1664.281 sun-precursor-metal-plain-01
231 0 16 45 1 10000 8988 587.183 -454.405 -1787.669 583.281 -454.813 -1791.454 590.703 -453.985 -1784.063 sun-ecovalve-top
232 0 27 271 1 10000 8801 575.693 -238.985 -1679.525 545.515 -238.985 -1711.297 606.203 -238.985 -1647.516 sun-floor-01
233 0 27 272 1 10000 8876 589.505 -244.985 -1652.056 585.812 -244.985 -1658.688 593.859 -244.985 -1642.000 sun-floor-01
234 0 27 275 1 10000 8982 561.744 -244.985 -1707.095 557.390 -244.985 -1717.141 565.437 -244.985 -1700.453 sun-floor-01
235 0 27 274 1 10000 8876 539.566 -242.985 -1677.077 536.234 -242.985 -1682.781 542.890 -242.985 -1671.282 sun-floor-01
236 0 32 124 1 10000 8910 595.086 -451.673 -1766.670 586.890 -457.422 -1771.657 601.921 -448.110 -1764.188 sun-walls-outside-edge-01
237 0 32 125 1 10000 9256 593.926 -451.446 -1804.606 570.359 -457.422 -1811.250 611.406 -448.110 -1788.610 sun-walls-outside-edge-01
238 0 20 4 1 10000 9754 635.062 -349.582 -1829.612 491.250 -449.031 -1922.563 766.422 -247.391 -1755.266 sun-precursor-tube-ring-03
239 0 24 48 1 10000 9391 576.381 -253.341 -1739.731 567.047 -259.297 -1745.657 585.656 -247.407 -1733.781 sun-precursor-metal-plain-01
240 0 33 282 1 10000 9412 564.384 -232.796 -1647.171 558.015 -235.766 -1650.563 567.672 -229.672 -1640.328 sun-precursor-tube-script-01
241 0 34 282 1 10000 9412 564.468 -238.333 -1647.216 558.015 -240.766 -1650.563 567.672 -235.735 -1640.328 sun-precursor-metal-edge-02
242 0 29 277 1 10000 9413 541.071 -234.204 -1677.632 535.578 -235.453 -1682.656 545.203 -232.485 -1672.625 sun-stonehengetop
243 0 29 280 1 10000 9661 610.417 -224.493 -1680.990 606.609 -227.469 -1685.719 615.219 -221.375 -1676.266 sun-stonehengetop
244 0 28 271 1 10000 9411 575.643 -238.985 -1679.567 553.265 -238.985 -1701.922 597.984 -238.985 -1657.219 sun-floor-04
245 0 32 281 1 10000 9412 575.413 -275.139 -1679.550 549.234 -277.250 -1705.751 601.594 -273.079 -1653.391 sun-walls-outside-edge-01
246 0 26 268 1 10000 9588 605.646 -426.545 -1801.124 603.718 -428.656 -1804.500 608.218 -423.750 -1796.453 sun-walls-outside-01
247 0 26 270 1 10000 9588 600.333 -426.545 -1769.097 595.671 -428.656 -1771.016 603.625 -423.750 -1766.516 sun-walls-outside-01
248 0 22 154 1 10000 9365 551.471 -215.679 -1647.127 550.359 -220.063 -1648.719 552.390 -212.594 -1645.797 sun-precursor-circuitpattern-andwall-01
249 0 21 188 1 10000 9274 600.651 -241.603 -1643.825 597.140 -243.203 -1647.376 603.640 -240.406 -1641.079 sun-precursor-tube-ring-02
250 0 24 82 1 10000 9534 575.632 -241.226 -1679.571 552.328 -241.703 -1702.204 598.984 -240.984 -1656.922 sun-precursor-metal-plain-01
251 0 22 83 1 10000 9417 547.894 -227.609 -1708.264 540.000 -236.453 -1717.344 558.906 -214.751 -1697.328 sun-precursor-circuitpattern-andwall-01
252 0 21 209 1 10000 9505 607.126 -235.744 -1648.976 603.640 -240.672 -1651.641 609.515 -232.328 -1647.282 sun-precursor-tube-ring-02
253 0 21 210 1 10000 9481 609.905 -227.765 -1652.808 607.859 -232.891 -1655.204 611.359 -224.532 -1651.141 sun-precursor-tube-ring-02
254 0 21 194 1 10000 9361 559.576 -223.102 -1718.848 556.281 -231.860 -1720.281 562.484 -216.125 -1716.453 sun-precursor-tube-ring-02
255 0 26 269 1 10000 9552 590.599 -426.545 -1765.085 586.890 -428.656 -1766.516 595.671 -423.750 -1764.078 sun-walls-outside-01
256 0 21 156 1 10000 9517 539.169 -228.220 -1657.924 536.640 -230.641 -1666.047 545.109 -224.750 -1650.610 sun-precursor-tube-ring-02
257 0 21 138 1 10000 9385 608.295 -215.153 -1656.419 604.109 -224.532 -1658.547 611.187 -208.203 -1653.891 sun-precursor-tube-ring-02
258 0 21 191 1 10000 9455 594.126 -241.124 -1639.953 590.562 -243.203 -1643.094 597.140 -238.751 -1637.594 sun-precursor-tube-ring-02
259 0 26 239 1 10000 9594 609.365 -426.301 -1783.211 608.125 -428.531 -1787.750 610.656 -423.750 -1778.891 sun-walls-outside-01
260 0 21 82 1 10000 9732 575.521 -240.334 -1679.571 557.937 -241.344 -1697.266 593.312 -238.985 -1661.891 sun-precursor-tube-ring-02
261 0 21 147 1 10000 9456 585.067 -231.571 -1637.268 580.390 -240.672 -1639.485 590.562 -224.532 -1635.359 sun-precursor-tube-ring-02
262 0 21 139 1 10000 9457 603.659 -206.559 -1655.569 598.906 -208.891 -1657.657 606.656 -202.844 -1653.750 sun-precursor-tube-ring-02
263 0 21 100 1 10000 9428 575.624 -214.534 -1679.574 556.547 -216.422 -1698.656 594.703 -212.656 -1660.500 sun-precursor-tube-ring-02
264 0 21 134 1 10000 9514 590.477 -201.846 -1648.828 585.828 -202.844 -1651.532 594.172 -200.938 -1647.125 sun-precursor-tube-ring-02
265 0 21 195 1 10000 9505 554.102 -234.051 -1717.710 552.046 -238.610 -1719.672 557.359 -230.844 -1714.954 sun-precursor-tube-ring-02
266 0 21 157 1 10000 9510 547.311 -226.969 -1648.172 542.937 -229.922 -1650.610 551.797 -224.688 -1646.219 sun-precursor-tube-ring-02
267 0 21 166 1 10000 9425 536.811 -221.162 -1666.702 535.828 -224.750 -1670.485 538.390 -216.328 -1663.110 sun-precursor-tube-ring-02
268 0 21 199 1 10000 9421 560.630 -213.693 -1716.191 558.609 -216.969 -1718.829 562.484 -209.000 -1712.547 sun-precursor-tube-ring-02
269 0 21 158 1 10000 9422 538.795 -213.094 -1668.799 536.750 -216.359 -1670.657 541.797 -207.875 -1666.734 sun-precursor-tube-ring-02
270 0 20 82 1 10000 9545 575.586 -240.748 -1679.572 545.515 -241.750 -1711.297 606.203 -238.985 -1647.516 sun-precursor-tube-ring-03
271 0 21 145 1 10000 9450 581.106 -213.018 -1640.913 579.297 -216.312 -1644.547 582.687 -208.203 -1637.547 sun-precursor-tube-ring-02
272 0 21 146 1 10000 9453 580.986 -221.245 -1638.424 579.297 -224.579 -1641.469 583.141 -215.938 -1635.641 sun-precursor-tube-ring-02
273 0 21 173 1 10000 9524 543.930 -239.171 -1709.424 541.797 -241.000 -1712.891 546.781 -237.454 -1704.828 sun-precursor-tube-ring-02
274 0 21 160 1 10000 9520 547.406 -203.252 -1660.028 544.046 -204.844 -1663.860 551.890 -201.938 -1656.360 sun-precursor-tube-ring-02
275 0 21 198 1 10000 9462 558.703 -207.625 -1712.091 556.468 -210.485 -1715.704 561.422 -204.157 -1707.359 sun-precursor-tube-ring-02
276 0 21 142 1 10000 9550 584.118 -206.240 -1644.084 581.312 -208.891 -1647.157 585.952 -202.844 -1640.813 sun-precursor-tube-ring-02
277 0 21 135 1 10000 9568 597.092 -202.256 -1652.679 591.875 -203.750 -1655.063 600.906 -200.938 -1651.016 sun-precursor-tube-ring-02
278 0 21 196 1 10000 9555 548.970 -238.653 -1714.164 546.781 -241.000 -1716.938 552.046 -236.094 -1710.282 sun-precursor-tube-ring-02
279 0 21 174 1 10000 9518 539.657 -235.202 -1703.985 538.562 -239.016 -1708.297 541.797 -232.594 -1699.688 sun-precursor-tube-ring-02
280 0 21 186 1 10000 9468 537.727 -229.026 -1700.065 536.687 -232.594 -1704.110 538.890 -225.063 -1695.641 sun-precursor-tube-ring-02
281 0 21 151 1 10000 9476 553.122 -206.537 -1651.554 550.609 -209.219 -1656.360 556.641 -202.625 -1649.188 sun-precursor-tube-ring-02
282 0 20 100 1 10000 9524 575.620 -214.534 -1679.578 553.359 -216.422 -1701.844 597.891 -212.656 -1657.313 sun-precursor-tube-ring-03
283 0 21 159 1 10000 9554 542.477 -206.254 -1666.106 539.609 -209.250 -1669.547 546.234 -202.641 -1663.860 sun-precursor-tube-ring-02
284 0 28 249 1 10000 9411 575.623 -251.595 -1679.575 559.984 -252.829 -1695.219 591.265 -250.313 -1663.922 sun-floor-04
285 0 21 197 1 10000 9494 555.067 -204.125 -1707.130 552.812 -206.000 -1711.407 558.265 -202.578 -1701.938 sun-precursor-tube-ring-02
286 0 13 77 1 10000 9479 603.334 -307.219 -1791.220 598.343 -307.219 -1795.516 607.172 -307.219 -1787.735 sun-helix-floor-04
287 0 21 187 1 10000 9495 537.680 -221.641 -1697.104 536.437 -225.063 -1700.860 539.453 -217.047 -1693.703 sun-precursor-tube-ring-02
288 0 12 4 1 10000 9578 576.809 -447.875 -1798.143 570.844 -447.875 -1806.047 581.687 -447.875 -1791.063 sun-helix-floor-02
289 0 12 51 1 10000 9483 577.527 -295.219 -1774.204 572.703 -295.219 -1779.704 580.578 -295.219 -1769.562 sun-helix-floor-02
290 0 11 45 1 10000 9799 586.985 -456.860 -1787.759 582.984 -459.063 -1791.750 591.000 -454.813 -1783.766 sun-precursor-metal-edge-01
291 0 12 60 1 10000 9501 590.008 -384.063 -1771.549 586.984 -384.063 -1776.266 594.719 -384.063 -1768.063 sun-helix-floor-02
292 0 12 68 1 10000 9495 590.416 -395.385 -1803.758 586.984 -395.860 -1807.750 594.546 -394.844 -1798.563 sun-helix-floor-02
293 0 12 62 1 10000 9501 583.566 -315.219 -1771.605 579.453 -315.219 -1776.953 586.984 -315.219 -1767.547 sun-helix-floor-02
294 0 12 52 1 10000 9504 595.993 -295.219 -1773.928 591.500 -295.219 -1777.907 601.265 -295.219 -1769.562 sun-helix-floor-02
295 0 12 59 1 10000 9502 570.849 -314.928 -1784.326 566.796 -315.219 -1787.735 576.187 -314.641 -1780.219 sun-helix-floor-02
296 0 12 71 1 10000 9504 596.315 -390.063 -1774.140 593.703 -390.063 -1779.406 600.906 -390.063 -1769.094 sun-helix-floor-02
297 0 21 169 1 10000 9519 539.859 -214.162 -1696.333 537.672 -217.047 -1699.516 542.953 -209.735 -1693.703 sun-precursor-tube-ring-02
298 0 21 172 1 10000 9521 549.000 -204.243 -1701.375 545.343 -206.000 -1704.672 553.687 -202.578 -1697.250 sun-precursor-tube-ring-02
299 0 21 171 1 10000 9530 543.810 -207.948 -1697.873 540.765 -210.485 -1701.235 548.016 -204.563 -1694.313 sun-precursor-tube-ring-02
300 0 21 154 1 10000 9452 553.474 -217.142 -1646.567 548.109 -224.688 -1649.907 557.266 -207.813 -1645.797 sun-precursor-tube-ring-02
301 0 42 277 1 10000 9632 540.273 -233.533 -1677.632 536.922 -235.453 -1681.000 543.625 -232.047 -1674.266 sun-blue
302 0 14 80 1 10000 9874 610.359 -229.716 -1680.993 606.078 -232.766 -1686.047 615.359 -226.094 -1675.922 sun-precursor-plainstripe
303 0 14 81 1 10000 9874 540.866 -229.716 -1677.640 535.578 -232.766 -1682.703 545.203 -226.094 -1672.563 sun-precursor-plainstripe
304 0 12 54 1 10000 9525 601.692 -323.219 -1781.408 594.968 -323.219 -1787.735 607.172 -323.219 -1773.469 sun-helix-floor-02
305 0 12 50 1 10000 9522 601.706 -301.219 -1781.392 595.265 -301.219 -1787.735 607.172 -301.219 -1773.469 sun-helix-floor-02
306 0 12 61 1 10000 9522 592.922 -319.219 -1772.861 586.984 -319.219 -1777.907 601.265 -319.219 -1767.547 sun-helix-floor-02
307 0 15 4 1 10000 9783 586.839 -343.686 -1779.828 551.703 -450.922 -1810.203 609.422 -219.610 -1751.594 sun-precursor-circuitpattern-01
308 0 21 4 1 10000 9485 631.200 -358.668 -1828.893 491.093 -467.984 -1922.563 766.422 -249.938 -1755.266 sun-precursor-tube-ring-02
309 0 24 47 1 10000 9414 590.684 -242.929 -1710.768 587.359 -245.000 -1717.078 597.109 -240.766 -1707.297 sun-precursor-metal-plain-01
310 0 11 37 1 10000 9592 584.768 -331.708 -1804.381 578.578 -333.297 -1807.110 590.078 -330.422 -1800.234 sun-precursor-metal-edge-01
311 0 13 78 1 10000 9601 602.256 -327.223 -1792.568 596.672 -327.235 -1798.626 607.172 -327.219 -1787.735 sun-helix-floor-04
312 0 14 88 1 10000 9566 540.130 -245.962 -1677.144 536.843 -248.984 -1682.781 542.890 -242.985 -1671.282 sun-precursor-plainstripe
313 0 23 223 1 10000 9478 575.861 -203.908 -1776.287 559.562 -207.969 -1793.813 593.375 -197.172 -1759.985 sun-walls-outside-02
314 0 32 234 1 10000 9408 581.746 -270.213 -1782.287 551.906 -276.500 -1812.188 611.484 -263.954 -1752.469 sun-walls-outside-edge-01
315 0 23 236 1 10000 9804 570.115 -230.284 -1797.116 561.703 -243.000 -1800.219 577.031 -221.844 -1790.422 sun-walls-outside-02
316 0 23 237 1 10000 9809 592.616 -260.124 -1798.758 584.969 -260.594 -1803.672 600.093 -259.922 -1792.563 sun-walls-outside-02
317 0 14 0 1 10000 9726 588.934 -221.156 -1665.634 585.640 -225.000 -1668.922 592.234 -217.313 -1662.344 sun-precursor-plainstripe
318 0 14 3 1 10000 9491 561.888 -221.156 -1693.828 558.594 -225.000 -1697.110 565.187 -217.313 -1690.547 sun-precursor-plainstripe
319 0 11 0 1 10000 9766 589.236 -205.785 -1665.169 585.734 -209.625 -1668.751 592.546 -201.953 -1661.781 sun-precursor-metal-edge-01
320 0 12 56 1 10000 9496 603.143 -390.063 -1784.343 597.891 -390.063 -1787.735 607.172 -390.063 -1780.219 sun-helix-floor-02
321 0 24 3 1 10000 9568 561.529 -205.785 -1694.204 558.078 -209.625 -1697.657 565.078 -201.953 -1690.656 sun-precursor-metal-plain-01
322 0 20 83 1 10000 9857 575.553 -199.150 -1680.665 545.218 -205.485 -1710.001 606.031 -194.172 -1648.953 sun-precursor-tube-ring-03
323 0 21 75 1 10000 9540 573.608 -457.122 -1786.086 568.515 -461.985 -1792.422 574.687 -450.922 -1780.282 sun-precursor-tube-ring-02
324 0 24 4 1 10000 9811 580.149 -332.763 -1782.785 556.016 -461.985 -1807.767 606.984 -208.328 -1756.751 sun-precursor-metal-plain-01
325 0 11 15 1 10000 9774 586.757 -296.704 -1772.631 572.703 -296.797 -1777.313 601.265 -296.500 -1768.063 sun-precursor-metal-edge-01
326 0 21 83 1 10000 9472 578.857 -221.180 -1663.729 536.328 -244.204 -1719.656 610.890 -199.766 -1638.126 sun-precursor-tube-ring-02
327 0 24 1 1 10000 9545 609.220 -217.824 -1680.996 605.109 -222.875 -1684.313 614.484 -212.329 -1677.672 sun-precursor-metal-plain-01
328 0 23 235 1 10000 9575 561.156 -280.021 -1775.911 552.656 -280.672 -1787.828 571.328 -276.469 -1764.110 sun-walls-outside-02
329 0 15 94 1 10000 9875 575.424 -271.489 -1679.578 549.234 -273.079 -1705.751 601.594 -268.297 -1653.391 sun-precursor-circuitpattern-01
330 0 11 3 1 10000 9719 561.465 -206.690 -1694.303 558.078 -217.313 -1697.735 565.187 -194.266 -1690.547 sun-precursor-metal-edge-01
331 0 25 4 1 10000 9477 576.429 -210.102 -1776.426 565.515 -212.250 -1787.969 587.391 -208.328 -1766.282 sun-darker-metal
332 0 11 48 1 10000 9493 576.318 -252.742 -1739.670 567.047 -258.375 -1751.594 585.656 -246.235 -1727.625 sun-precursor-metal-edge-01
333 0 12 75 1 10000 9564 570.783 -450.922 -1788.061 566.796 -450.922 -1795.438 574.687 -450.922 -1780.282 sun-helix-floor-02
334 0 9 286 1 10000 9411 594.593 -301.673 -1769.239 590.250 -317.969 -1771.235 598.718 -285.360 -1767.750 sun-glass
335 0 9 287 1 10000 9411 605.464 -301.673 -1780.055 603.437 -317.969 -1784.375 606.968 -285.360 -1775.922 sun-glass
336 0 9 288 1 10000 9411 605.505 -301.673 -1795.387 603.515 -317.969 -1799.516 607.000 -285.360 -1791.031 sun-glass
337 0 9 289 1 10000 9411 594.690 -301.673 -1806.256 590.359 -317.969 -1807.766 598.812 -285.360 -1804.235 sun-glass
338 0 9 290 1 10000 9411 579.354 -301.673 -1806.292 575.234 -317.969 -1807.782 583.703 -285.360 -1804.297 sun-glass
339 0 9 291 1 10000 9411 568.485 -301.673 -1795.476 566.984 -317.969 -1799.610 570.500 -285.360 -1791.157 sun-glass
340 0 9 292 1 10000 9411 568.444 -301.673 -1780.143 566.953 -317.969 -1784.501 570.437 -285.360 -1776.016 sun-glass
341 0 9 293 1 10000 9411 579.260 -301.673 -1769.276 575.125 -317.969 -1771.297 583.593 -285.360 -1767.766 sun-glass
342 0 9 298 1 10000 9411 605.505 -399.867 -1795.387 603.515 -416.141 -1799.516 607.000 -383.672 -1791.031 sun-glass
343 0 9 299 1 10000 9411 594.690 -399.867 -1806.256 590.359 -416.141 -1807.766 598.812 -383.672 -1804.235 sun-glass
344 0 9 300 1 10000 9411 605.570 -436.673 -1795.408 603.515 -448.532 -1799.516 607.000 -424.797 -1791.031 sun-glass
345 0 9 301 1 10000 9411 594.721 -436.673 -1806.319 590.359 -448.532 -1807.766 598.812 -424.797 -1804.235 sun-glass
346 0 9 306 1 10000 9411 579.354 -399.867 -1806.292 575.234 -416.141 -1807.782 583.703 -383.672 -1804.297 sun-glass
347 0 9 307 1 10000 9411 568.485 -399.867 -1795.476 566.984 -416.141 -1799.610 570.500 -383.672 -1791.157 sun-glass
348 0 9 308 1 10000 9411 568.444 -399.867 -1780.143 566.953 -416.141 -1784.501 570.437 -383.672 -1776.016 sun-glass
349 0 9 309 1 10000 9411 579.260 -399.867 -1769.276 575.125 -416.141 -1771.297 583.593 -383.672 -1767.766 sun-glass
350 0 9 310 1 10000 9411 594.593 -399.867 -1769.239 590.250 -416.141 -1771.235 598.718 -383.672 -1767.750 sun-glass
351 0 9 311 1 10000 9411 605.464 -399.867 -1780.055 603.437 -416.141 -1784.375 606.968 -383.672 -1775.922 sun-glass
352 0 9 312 1 10000 9411 579.333 -436.673 -1806.359 575.234 -448.532 -1807.782 583.703 -424.797 -1804.297 sun-glass
353 0 9 313 1 10000 9411 568.422 -436.673 -1795.510 566.984 -448.532 -1799.610 570.500 -424.797 -1791.157 sun-glass
354 0 9 314 1 10000 9411 568.377 -436.673 -1780.122 566.953 -448.532 -1784.501 570.437 -424.797 -1776.016 sun-glass
355 0 9 315 1 10000 9411 579.229 -436.673 -1769.212 575.125 -448.532 -1771.297 583.593 -424.797 -1767.766 sun-glass
356 0 9 316 1 10000 9411 594.615 -436.673 -1769.171 590.250 -448.532 -1771.235 598.718 -424.797 -1767.750 sun-glass
357 0 12 66 1 10000 9788 576.429 -370.063 -1797.956 568.828 -370.063 -1805.344 582.718 -370.063 -1791.750 sun-helix-floor-02
358 0 24 46 1 10000 9421 564.339 -242.895 -1646.867 558.265 -245.000 -1650.360 567.703 -240.766 -1640.485 sun-precursor-metal-plain-01
359 0 23 4 1 10000 9852 581.949 -303.113 -1782.267 551.703 -449.141 -1811.438 611.312 -221.844 -1751.594 sun-walls-outside-02
360 0 23 239 1 10000 9758 605.802 -426.328 -1774.752 603.625 -428.531 -1778.938 608.140 -423.750 -1771.016 sun-walls-outside-02
361 0 10 4 1 10000 9592 634.035 -339.872 -1830.514 491.391 -447.985 -1922.313 766.140 -234.500 -1755.500 sun-glass-frame-01
362 0 23 232 1 10000 9610 585.299 -261.699 -1782.358 552.640 -263.985 -1811.438 610.719 -259.922 -1753.157 sun-walls-outside-02
363 0 23 238 1 10000 9579 572.523 -278.585 -1802.122 557.500 -280.672 -1811.500 594.515 -276.485 -1787.828 sun-walls-outside-02
364 0 23 233 1 10000 9576 608.015 -278.684 -1783.755 603.437 -280.672 -1794.750 610.750 -276.500 -1773.250 sun-walls-outside-02
365 0 11 4 1 10000 9516 634.274 -351.828 -1834.875 494.469 -453.813 -1919.125 762.953 -257.282 -1759.016 sun-precursor-metal-edge-01
366 0 24 248 1 10000 9528 575.734 -253.186 -1679.675 567.359 -253.750 -1687.844 583.890 -252.500 -1671.313 sun-precursor-metal-plain-01
367 0 23 228 1 10000 9787 575.413 -279.078 -1679.575 556.890 -281.266 -1698.094 593.937 -276.485 -1661.063 sun-walls-outside-02
368 0 11 1 1 10000 9811 603.859 -204.844 -1680.996 597.281 -214.110 -1684.313 611.609 -194.828 -1677.672 sun-precursor-metal-edge-01
369 0 24 83 1 10000 9452 581.478 -222.206 -1684.234 536.609 -241.860 -1719.797 614.625 -204.766 -1640.563 sun-precursor-metal-plain-01
370 0 15 11 1 10000 9809 564.827 -215.268 -1648.406 561.234 -224.625 -1653.485 568.203 -205.672 -1642.954 sun-precursor-circuitpattern-01
371 0 15 10 1 10000 9807 589.931 -215.280 -1709.289 586.328 -224.625 -1714.485 593.765 -205.672 -1704.297 sun-precursor-circuitpattern-01
372 0 9 296 1 10000 9506 594.596 -354.858 -1769.232 590.125 -375.578 -1771.281 598.796 -334.110 -1767.719 sun-glass
373 0 9 294 1 10000 9411 605.511 -354.859 -1795.391 603.453 -375.578 -1799.594 607.015 -334.110 -1790.922 sun-glass
374 0 9 295 1 10000 9411 594.691 -354.859 -1806.263 590.265 -375.578 -1807.782 598.922 -334.110 -1804.172 sun-glass
375 0 9 297 1 10000 9411 605.471 -354.859 -1780.054 603.375 -375.578 -1784.485 606.984 -334.110 -1775.829 sun-glass
376 0 9 302 1 10000 9411 579.350 -354.859 -1806.298 575.141 -375.578 -1807.813 583.828 -334.110 -1804.235 sun-glass
377 0 9 303 1 10000 9411 568.477 -354.859 -1795.477 566.953 -375.578 -1799.703 570.578 -334.110 -1791.047 sun-glass
378 0 9 304 1 10000 9411 568.439 -354.859 -1780.140 566.937 -375.578 -1784.610 570.500 -334.110 -1775.938 sun-glass
379 0 9 305 1 10000 9411 579.259 -354.859 -1769.269 575.031 -375.578 -1771.359 583.688 -334.110 -1767.750 sun-glass
380 0 10 317 1 10000 9568 597.032 -231.362 -1768.436 592.187 -240.875 -1776.110 599.922 -222.516 -1761.829 sun-glass-frame-01
381 0 10 319 1 10000 9633 547.378 -221.699 -1709.329 539.093 -235.719 -1717.376 558.594 -206.829 -1698.391 sun-glass-frame-01
382 0 10 318 1 10000 9576 597.484 -221.818 -1644.843 585.171 -236.719 -1654.282 607.468 -206.829 -1638.844 sun-glass-frame-01
383 0 10 320 1 10000 9576 544.549 -216.706 -1656.532 538.437 -227.922 -1667.157 553.453 -205.547 -1648.141 sun-glass-frame-01
384 0 24 0 1 10000 9633 589.192 -206.690 -1665.280 585.640 -217.313 -1668.922 592.546 -194.266 -1661.781 sun-precursor-metal-plain-01
385 0 11 46 1 10000 9475 564.645 -247.234 -1647.839 556.828 -249.469 -1652.047 569.437 -245.000 -1640.828 sun-precursor-metal-edge-01
386 0 14 82 1 10000 9778 575.681 -245.393 -1679.587 545.640 -249.406 -1717.141 605.281 -240.984 -1642.000 sun-precursor-plainstripe
387 0 11 11 1 10000 9931 566.018 -210.966 -1651.644 558.922 -229.906 -1659.485 570.984 -197.188 -1641.079 sun-precursor-metal-edge-01
388 0 11 10 1 10000 9841 588.157 -210.789 -1706.164 582.968 -229.906 -1716.313 596.187 -197.188 -1698.563 sun-precursor-metal-edge-01
389 0 11 47 1 10000 9470 590.282 -247.259 -1709.935 585.828 -249.469 -1717.594 598.625 -245.000 -1705.469 sun-precursor-metal-edge-01
390 0 23 231 1 10000 9571 580.563 -279.144 -1760.140 559.515 -280.672 -1768.344 599.156 -276.469 -1753.219 sun-walls-outside-02
391 0 23 224 1 10000 9894 575.623 -191.538 -1679.999 547.453 -194.781 -1709.110 603.796 -189.844 -1651.438 sun-walls-outside-02
392 0 25 224 1 10000 9443 575.624 -197.661 -1679.405 548.625 -199.000 -1707.875 602.625 -192.828 -1652.625 sun-darker-metal
393 0 24 45 1 10000 9656 586.988 -468.513 -1787.763 580.937 -477.454 -1793.782 593.047 -459.063 -1781.735 sun-precursor-metal-plain-01
394 0 22 170 0 -1 0 548.835 -220.545 -1708.789 536.437 -237.891 -1720.281 561.171 -204.407 -1697.406 sun-precursor-circuitpattern-andwall-01
395 0 22 150 0 -1 0 544.360 -216.542 -1657.048 535.828 -228.438 -1667.422 554.093 -204.250 -1645.797 sun-precursor-circuitpattern-andwall-01
396 0 23 180 0 -1 0 572.669 -261.505 -1679.006 540.468 -265.297 -1727.876 609.531 -234.250 -1644.719 sun-walls-outside-02
397 0 22 133 0 -1 0 596.692 -220.948 -1645.164 582.078 -240.906 -1654.797 611.359 -201.907 -1635.359 sun-precursor-circuitpattern-andwall-01
398 0 21 170 0 -1 0 552.042 -218.446 -1706.025 536.437 -241.000 -1720.250 566.500 -202.578 -1692.531 sun-precursor-tube-ring-02
399 0 21 150 0 -1 0 547.104 -216.382 -1658.664 535.828 -230.500 -1670.704 557.422 -202.625 -1646.219 sun-precursor-tube-ring-02
400 0 20 105 0 -1 0 559.930 -282.203 -1839.750 525.281 -296.454 -1843.485 598.625 -271.063 -1825.688 sun-precursor-tube-ring-03
401 0 21 133 0 -1 0 595.875 -220.641 -1645.969 579.297 -243.203 -1657.657 611.359 -200.938 -1635.359 sun-precursor-tube-ring-02
402 0 20 106 0 -1 0 495.813 -266.391 -1830.292 491.093 -273.000 -1853.047 509.266 -260.625 -1807.954 sun-precursor-tube-ring-03
403 0 24 170 0 -1 0 559.271 -224.621 -1707.927 537.750 -239.703 -1719.703 571.359 -204.766 -1687.000 sun-precursor-metal-plain-01
404 0 14 85 0 -1 0 551.542 -250.386 -1647.421 548.921 -257.000 -1649.797 553.218 -245.313 -1646.500 sun-precursor-plainstripe
405 0 20 121 0 -1 0 623.865 -341.122 -1918.500 607.953 -344.922 -1922.563 636.953 -337.844 -1908.297 sun-precursor-tube-ring-03
406 0 11 5 0 -1 0 592.450 -293.603 -1856.340 586.750 -298.281 -1859.297 597.922 -289.094 -1852.938 sun-precursor-metal-edge-01
407 0 23 234 0 -1 0 587.218 -265.500 -1793.324 560.828 -279.969 -1808.625 603.125 -260.063 -1761.016 sun-walls-outside-02
408 0 20 5 0 -1 0 588.217 -287.894 -1859.891 581.312 -291.359 -1862.922 597.922 -285.281 -1854.891 sun-precursor-tube-ring-03
409 0 20 107 0 -1 0 534.359 -277.396 -1865.113 526.796 -280.063 -1866.860 545.547 -275.172 -1863.391 sun-precursor-tube-ring-03
410 0 20 109 0 -1 0 740.092 -416.896 -1786.072 726.422 -421.141 -1789.703 748.500 -413.703 -1783.376 sun-precursor-tube-ring-03
411 0 20 112 0 -1 0 752.175 -400.151 -1857.356 744.031 -403.625 -1862.328 762.672 -397.375 -1846.907 sun-precursor-tube-ring-03
412 0 20 113 0 -1 0 696.856 -385.792 -1856.047 690.375 -389.547 -1860.016 706.672 -382.891 -1853.063 sun-precursor-tube-ring-03
413 0 20 115 0 -1 0 676.547 -324.273 -1853.243 673.093 -326.844 -1864.344 681.000 -322.141 -1846.297 sun-precursor-tube-ring-03
414 0 21 180 0 -1 0 549.071 -239.212 -1712.844 544.265 -240.797 -1717.719 556.828 -235.281 -1708.360 sun-precursor-tube-ring-02
415 0 21 96 0 -1 0 599.397 -463.985 -1787.254 597.219 -467.984 -1793.422 600.812 -461.985 -1781.000 sun-precursor-tube-ring-02
416 0 21 206 0 -1 0 573.406 -462.651 -1775.283 568.765 -467.984 -1781.703 579.531 -455.985 -1769.766 sun-precursor-tube-ring-02
417 0 11 12 0 -1 0 599.422 -302.479 -1782.615 596.109 -302.531 -1787.469 604.296 -302.406 -1775.876 sun-precursor-metal-edge-01
418 0 11 16 0 -1 0 579.612 -312.099 -1798.761 573.578 -313.672 -1803.938 584.125 -310.625 -1795.359 sun-precursor-metal-edge-01
419 0 11 24 0 -1 0 599.351 -324.479 -1782.532 595.640 -324.531 -1787.094 604.156 -324.407 -1776.000 sun-precursor-metal-edge-01
420 0 11 27 0 -1 0 597.395 -391.313 -1780.888 592.406 -391.360 -1787.094 604.156 -391.235 -1772.297 sun-precursor-metal-edge-01
421 0 11 29 0 -1 0 588.351 -409.154 -1788.292 581.422 -412.672 -1803.688 594.546 -405.610 -1772.297 sun-precursor-metal-edge-01
422 0 11 32 0 -1 0 594.667 -396.104 -1795.323 587.547 -397.032 -1804.641 604.156 -395.235 -1788.235 sun-precursor-metal-edge-01
423 0 11 33 0 -1 0 579.226 -316.245 -1780.102 569.812 -316.531 -1787.485 586.187 -315.875 -1770.578 sun-precursor-metal-edge-01
424 0 11 39 0 -1 0 577.703 -399.844 -1797.133 571.859 -400.891 -1802.812 581.640 -398.797 -1792.641 sun-precursor-metal-edge-01
425 0 11 41 0 -1 0 579.226 -403.073 -1780.076 569.812 -404.282 -1787.485 586.187 -401.891 -1770.578 sun-precursor-metal-edge-01
426 0 11 43 0 -1 0 582.794 -385.216 -1777.802 571.406 -385.360 -1782.453 592.859 -385.016 -1771.594 sun-precursor-metal-edge-01
427 0 12 14 0 -1 0 588.549 -295.219 -1776.521 580.406 -295.219 -1778.781 599.141 -295.219 -1772.266 sun-helix-floor-02
428 0 12 32 0 -1 0 594.258 -394.891 -1794.849 587.000 -395.860 -1804.876 604.281 -394.063 -1787.688 sun-helix-floor-02
429 0 12 27 0 -1 0 596.854 -390.063 -1781.256 591.750 -390.063 -1787.657 604.281 -390.063 -1771.813 sun-helix-floor-02
430 0 12 33 0 -1 0 579.718 -314.953 -1780.571 569.687 -315.219 -1788.047 586.875 -314.625 -1770.454 sun-helix-floor-02
431 0 12 43 0 -1 0 583.052 -383.946 -1778.391 571.046 -384.063 -1783.329 593.500 -383.797 -1771.719 sun-helix-floor-02
432 0 12 41 0 -1 0 579.718 -401.805 -1780.571 569.687 -403.094 -1788.047 586.875 -400.610 -1770.454 sun-helix-floor-02
433 0 12 29 0 -1 0 589.724 -407.695 -1788.331 584.828 -411.172 -1804.453 593.703 -404.078 -1771.813 sun-helix-floor-02
434 0 15 96 0 -1 0 576.359 -247.781 -1752.630 567.750 -248.922 -1754.703 584.906 -245.594 -1751.594 sun-precursor-circuitpattern-01
435 0 20 104 0 -1 0 535.109 -250.766 -1785.865 530.343 -252.719 -1788.032 540.406 -249.578 -1784.469 sun-precursor-tube-ring-03
436 0 20 120 0 -1 0 625.708 -349.446 -1866.110 623.953 -350.751 -1872.766 627.953 -348.313 -1859.516 sun-precursor-tube-ring-03
437 0 21 140 0 -1 0 607.945 -216.610 -1657.240 606.312 -222.094 -1659.657 610.203 -210.313 -1653.188 sun-precursor-tube-ring-02
438 0 21 144 0 -1 0 580.310 -216.610 -1640.792 577.828 -222.094 -1643.313 584.890 -210.313 -1639.438 sun-precursor-tube-ring-02
439 0 21 155 0 -1 0 544.172 -229.180 -1651.407 541.687 -230.235 -1654.532 547.125 -227.172 -1648.719 sun-precursor-tube-ring-02
440 0 21 177 0 -1 0 552.734 -203.375 -1704.714 551.141 -206.188 -1706.172 555.828 -201.938 -1701.954 sun-precursor-tube-ring-02
441 0 21 178 0 -1 0 561.817 -216.703 -1716.414 558.765 -222.406 -1718.047 563.796 -210.344 -1714.282 sun-precursor-tube-ring-02
442 0 21 5 0 -1 0 593.198 -291.365 -1856.836 581.312 -294.641 -1862.922 604.500 -286.938 -1850.656 sun-precursor-tube-ring-02
443 0 23 225 0 -1 0 612.880 -215.940 -1680.482 611.015 -222.375 -1689.219 615.156 -209.578 -1670.860 sun-walls-outside-02
444 0 23 125 0 -1 0 606.588 -448.318 -1798.646 599.844 -449.141 -1806.829 611.406 -446.953 -1791.078 sun-walls-outside-02
445 0 23 241 0 -1 0 590.708 -436.706 -1765.209 589.500 -442.688 -1765.454 591.531 -430.719 -1764.813 sun-walls-outside-02
446 0 24 220 0 -1 0 604.903 -459.985 -1795.995 602.562 -461.985 -1798.922 605.937 -455.985 -1794.734 sun-precursor-metal-plain-01
447 0 11 35 0 -1 0 592.145 -320.479 -1775.222 587.750 -320.532 -1778.125 598.359 -320.406 -1770.578 sun-precursor-metal-edge-01
448 0 11 14 0 -1 0 586.794 -296.479 -1777.065 574.781 -296.532 -1779.047 598.672 -296.406 -1775.110 sun-precursor-metal-edge-01
449 0 16 98 0 -1 0 585.403 -454.537 -1790.495 583.781 -454.813 -1791.454 586.984 -453.985 -1789.610 sun-ecovalve-top
450 0 16 99 0 -1 0 585.403 -454.537 -1785.021 583.781 -454.813 -1785.907 586.984 -453.985 -1784.063 sun-ecovalve-top
451 0 20 130 0 -1 0 727.679 -419.271 -1806.735 723.046 -421.579 -1807.876 730.937 -416.422 -1806.219 sun-precursor-tube-ring-03
452 0 11 8 0 -1 0 573.270 -384.172 -1790.219 570.109 -384.328 -1790.922 574.875 -384.032 -1789.329 sun-precursor-metal-edge-01
453 0 11 19 0 -1 0 593.323 -308.641 -1800.016 592.187 -308.735 -1803.453 593.921 -308.578 -1797.797 sun-precursor-metal-edge-01
454 0 11 21 0 -1 0 600.432 -308.474 -1792.021 598.922 -308.531 -1793.797 603.140 -308.407 -1790.204 sun-precursor-metal-edge-01
455 0 11 22 0 -1 0 601.000 -328.485 -1789.485 599.359 -328.532 -1791.407 604.156 -328.406 -1788.235 sun-precursor-metal-edge-01
456 0 11 38 0 -1 0 582.500 -332.266 -1801.016 580.187 -332.703 -1803.422 585.265 -331.641 -1799.188 sun-precursor-metal-edge-01
457 0 12 12 0 -1 0 600.656 -301.219 -1786.927 598.640 -301.219 -1787.657 604.281 -301.219 -1785.500 sun-helix-floor-02
458 0 12 16 0 -1 0 576.260 -312.229 -1795.938 572.953 -312.641 -1797.219 578.781 -311.703 -1794.703 sun-helix-floor-02
459 0 12 24 0 -1 0 600.656 -323.219 -1786.927 598.640 -323.219 -1787.657 604.281 -323.219 -1785.500 sun-helix-floor-02
460 0 12 35 0 -1 0 595.948 -319.219 -1777.375 593.562 -319.219 -1778.781 599.141 -319.219 -1775.438 sun-helix-floor-02
461 0 12 39 0 -1 0 574.937 -399.485 -1793.531 571.375 -399.750 -1794.329 577.327 -399.156 -1792.000 sun-helix-floor-02
462 0 12 9 0 -1 0 580.156 -370.063 -1793.432 577.968 -370.063 -1795.500 582.000 -370.063 -1792.234 sun-helix-floor-02
463 0 12 8 0 -1 0 573.677 -382.979 -1789.735 570.031 -383.125 -1790.626 575.719 -382.766 -1788.876 sun-helix-floor-02
464 0 12 73 0 -1 0 570.359 -447.875 -1795.891 568.687 -447.875 -1798.907 571.547 -447.875 -1793.438 sun-helix-floor-02
465 0 12 74 0 -1 0 581.995 -447.875 -1799.422 581.125 -447.875 -1803.172 583.172 -447.875 -1796.094 sun-helix-floor-02
466 0 13 19 0 -1 0 592.958 -307.407 -1799.917 591.531 -307.453 -1803.610 593.750 -307.344 -1797.485 sun-helix-floor-04
467 0 13 21 0 -1 0 600.745 -307.219 -1788.542 598.859 -307.219 -1790.094 604.281 -307.219 -1787.688 sun-helix-floor-04
468 0 13 22 0 -1 0 600.614 -327.219 -1788.875 598.469 -327.219 -1791.094 604.281 -327.219 -1787.688 sun-helix-floor-04
469 0 13 38 0 -1 0 587.906 -329.584 -1800.995 585.359 -330.391 -1804.219 589.625 -329.079 -1799.282 sun-helix-floor-04
470 0 14 84 0 -1 0 537.833 -241.537 -1662.334 537.000 -242.422 -1663.766 538.359 -239.938 -1660.453 sun-precursor-plainstripe
471 0 14 86 0 -1 0 547.646 -241.448 -1648.933 545.937 -242.328 -1649.797 549.266 -239.860 -1648.110 sun-precursor-plainstripe
472 0 14 87 0 -1 0 538.598 -249.907 -1666.579 537.000 -251.782 -1666.985 539.984 -248.906 -1666.141 sun-precursor-plainstripe
473 0 14 93 0 -1 0 566.520 -247.802 -1717.870 562.562 -248.984 -1719.532 568.828 -245.438 -1715.969 sun-precursor-plainstripe
474 0 15 97 0 -1 0 556.244 -247.240 -1784.271 555.156 -248.984 -1785.204 557.000 -244.110 -1782.938 sun-precursor-circuitpattern-01
475 0 20 101 0 -1 0 552.974 -248.375 -1785.266 550.453 -248.625 -1785.751 555.156 -248.219 -1784.844 sun-precursor-tube-ring-03
476 0 20 102 0 -1 0 553.192 -252.656 -1785.328 551.094 -254.641 -1785.578 554.515 -251.219 -1784.875 sun-precursor-tube-ring-03
477 0 20 103 0 -1 0 523.755 -251.188 -1764.422 517.562 -252.719 -1767.360 526.953 -249.578 -1762.844 sun-precursor-tube-ring-03
478 0 20 108 0 -1 0 557.510 -281.537 -1866.813 554.468 -283.157 -1867.032 563.281 -279.891 -1866.516 sun-precursor-tube-ring-03
479 0 20 110 0 -1 0 763.630 -408.521 -1812.370 761.484 -410.297 -1815.610 764.812 -406.797 -1806.188 sun-precursor-tube-ring-03
480 0 20 111 0 -1 0 658.250 -441.844 -1757.271 650.953 -443.860 -1758.313 662.140 -440.016 -1755.266 sun-precursor-tube-ring-03
481 0 20 114 0 -1 0 718.406 -392.099 -1862.782 715.265 -394.188 -1863.750 724.187 -390.235 -1862.282 sun-precursor-tube-ring-03
482 0 20 116 0 -1 0 672.562 -375.880 -1840.792 670.375 -378.578 -1843.735 676.296 -373.750 -1839.157 sun-precursor-tube-ring-03
483 0 20 117 0 -1 0 681.041 -329.453 -1888.297 679.359 -330.891 -1894.938 682.000 -327.891 -1884.860 sun-precursor-tube-ring-03
484 0 20 118 0 -1 0 658.692 -366.797 -1831.302 655.500 -368.454 -1832.141 660.641 -365.016 -1829.860 sun-precursor-tube-ring-03
485 0 20 119 0 -1 0 600.786 -348.948 -1865.047 599.968 -350.016 -1868.094 602.203 -347.563 -1859.079 sun-precursor-tube-ring-03
486 0 20 122 0 -1 0 637.041 -445.589 -1756.235 630.937 -447.063 -1757.516 640.250 -444.016 -1755.516 sun-precursor-tube-ring-03
487 0 20 123 0 -1 0 619.864 -447.703 -1761.255 614.625 -448.703 -1763.172 622.547 -446.360 -1760.203 sun-precursor-tube-ring-03
488 0 20 124 0 -1 0 603.547 -448.417 -1767.297 601.734 -449.047 -1768.016 607.000 -447.172 -1766.157 sun-precursor-tube-ring-03
489 0 20 125 0 -1 0 612.968 -448.417 -1790.506 611.312 -449.047 -1791.485 616.187 -447.172 -1788.954 sun-precursor-tube-ring-03
490 0 20 126 0 -1 0 520.870 -256.323 -1797.360 518.875 -258.156 -1800.547 522.062 -254.578 -1795.672 sun-precursor-tube-ring-03
491 0 20 127 0 -1 0 515.234 -262.443 -1812.808 515.109 -264.438 -1816.032 515.359 -260.625 -1810.985 sun-precursor-tube-ring-03
492 0 20 128 0 -1 0 519.552 -268.979 -1827.729 518.484 -270.938 -1830.751 521.656 -267.172 -1825.969 sun-precursor-tube-ring-03
493 0 20 129 0 -1 0 741.890 -406.870 -1825.354 741.187 -408.469 -1827.375 742.328 -405.235 -1821.641 sun-precursor-tube-ring-03
494 0 20 131 0 -1 0 735.911 -412.933 -1810.766 734.093 -415.298 -1811.953 736.906 -410.938 -1808.922 sun-precursor-tube-ring-03
495 0 20 132 0 -1 0 629.854 -350.704 -1855.052 627.953 -351.532 -1859.516 630.828 -349.828 -1852.719 sun-precursor-tube-ring-03
496 0 21 136 0 -1 0 592.177 -201.959 -1650.104 589.734 -206.188 -1651.438 594.312 -199.766 -1648.953 sun-precursor-tube-ring-02
497 0 21 137 0 -1 0 597.463 -202.683 -1653.240 595.140 -207.625 -1654.985 599.578 -199.923 -1651.594 sun-precursor-tube-ring-02
498 0 21 141 0 -1 0 602.390 -205.750 -1656.526 600.077 -211.641 -1659.516 604.062 -201.625 -1653.110 sun-precursor-tube-ring-02
499 0 21 143 0 -1 0 583.505 -205.750 -1645.292 580.109 -211.641 -1647.391 586.406 -201.625 -1642.422 sun-precursor-tube-ring-02
500 0 21 149 0 -1 0 581.239 -228.266 -1638.167 578.515 -233.125 -1638.391 585.703 -223.875 -1637.781 sun-precursor-tube-ring-02
501 0 21 152 0 -1 0 554.177 -205.271 -1652.266 552.359 -209.609 -1654.938 556.812 -202.234 -1650.094 sun-precursor-tube-ring-02
502 0 21 153 0 -1 0 549.838 -203.005 -1657.677 549.046 -205.469 -1660.016 551.078 -201.735 -1655.594 sun-precursor-tube-ring-02
503 0 21 161 0 -1 0 545.885 -203.183 -1663.302 544.969 -205.485 -1665.578 547.187 -201.829 -1661.610 sun-precursor-tube-ring-02
504 0 21 163 0 -1 0 541.578 -207.896 -1668.891 540.437 -210.078 -1671.438 543.515 -203.969 -1665.860 sun-precursor-tube-ring-02
505 0 21 165 0 -1 0 552.297 -224.464 -1646.006 548.781 -228.375 -1647.469 556.016 -222.000 -1644.813 sun-precursor-tube-ring-02
506 0 21 167 0 -1 0 536.760 -224.474 -1666.693 536.328 -228.375 -1670.219 537.203 -222.000 -1663.235 sun-precursor-tube-ring-02
507 0 21 168 0 -1 0 538.901 -229.157 -1658.813 537.703 -230.235 -1661.469 539.500 -227.188 -1657.126 sun-precursor-tube-ring-02
508 0 21 175 0 -1 0 543.000 -208.724 -1695.157 541.656 -211.641 -1699.953 544.797 -204.204 -1692.219 sun-precursor-tube-ring-02
509 0 21 176 0 -1 0 547.609 -204.131 -1699.657 546.640 -207.625 -1702.313 549.062 -202.172 -1697.047 sun-precursor-tube-ring-02
510 0 21 179 0 -1 0 558.130 -204.131 -1709.219 555.093 -207.625 -1710.047 560.953 -202.172 -1707.984 sun-precursor-tube-ring-02
511 0 21 182 0 -1 0 541.099 -238.599 -1704.865 539.531 -240.500 -1707.266 542.031 -235.281 -1701.985 sun-precursor-tube-ring-02
512 0 21 184 0 -1 0 537.989 -233.886 -1698.756 536.984 -238.563 -1703.500 539.562 -230.000 -1695.610 sun-precursor-tube-ring-02
513 0 21 185 0 -1 0 539.073 -218.573 -1695.000 538.015 -222.094 -1699.313 539.781 -216.188 -1692.297 sun-precursor-tube-ring-02
514 0 21 189 0 -1 0 598.807 -241.954 -1643.625 597.422 -244.204 -1645.219 600.734 -237.875 -1642.625 sun-precursor-tube-ring-02
515 0 21 190 0 -1 0 604.526 -239.964 -1648.000 603.140 -242.719 -1650.485 606.625 -235.984 -1645.844 sun-precursor-tube-ring-02
516 0 21 192 0 -1 0 585.510 -236.724 -1638.214 581.422 -241.188 -1638.500 588.641 -230.141 -1637.781 sun-precursor-tube-ring-02
517 0 21 193 0 -1 0 592.531 -240.828 -1640.245 590.328 -243.782 -1641.172 593.937 -235.984 -1639.656 sun-precursor-tube-ring-02
518 0 21 200 0 -1 0 559.119 -234.110 -1718.834 554.781 -238.813 -1719.656 561.874 -230.000 -1717.438 sun-precursor-tube-ring-02
519 0 21 124 0 -1 0 603.552 -450.177 -1767.490 601.734 -452.453 -1768.594 607.000 -449.031 -1766.157 sun-precursor-tube-ring-02
520 0 21 208 0 -1 0 585.739 -463.985 -1768.032 583.250 -467.984 -1768.563 586.984 -461.985 -1767.766 sun-precursor-tube-ring-02
521 0 21 211 0 -1 0 609.786 -228.266 -1655.250 607.734 -233.125 -1657.688 610.890 -223.875 -1651.704 sun-precursor-tube-ring-02
522 0 21 73 0 -1 0 569.729 -450.579 -1794.667 568.687 -455.985 -1795.328 571.547 -447.875 -1793.438 sun-precursor-tube-ring-02
523 0 21 212 0 -1 0 580.078 -459.985 -1804.860 579.515 -461.985 -1805.797 581.187 -455.985 -1803.016 sun-precursor-tube-ring-02
524 0 21 213 0 -1 0 556.245 -214.130 -1646.917 552.390 -216.312 -1647.985 558.218 -210.078 -1645.594 sun-precursor-tube-ring-02
525 0 21 214 0 -1 0 558.041 -260.490 -1761.547 554.437 -263.578 -1763.079 560.031 -258.235 -1760.735 sun-precursor-tube-ring-02
526 0 21 215 0 -1 0 553.781 -260.740 -1784.719 551.515 -263.578 -1785.922 555.000 -258.875 -1782.563 sun-precursor-tube-ring-02
527 0 21 125 0 -1 0 612.849 -450.177 -1790.391 610.953 -452.453 -1791.485 616.187 -449.031 -1788.954 sun-precursor-tube-ring-02
528 0 21 216 0 -1 0 596.463 -463.985 -1776.948 596.281 -467.984 -1778.109 596.828 -461.985 -1774.626 sun-precursor-tube-ring-02
529 0 21 218 0 -1 0 597.661 -463.985 -1770.896 596.421 -467.984 -1771.094 598.281 -461.985 -1770.500 sun-precursor-tube-ring-02
530 0 21 219 0 -1 0 595.667 -463.985 -1805.146 594.437 -467.984 -1805.766 598.125 -461.985 -1803.906 sun-precursor-tube-ring-02
531 0 21 220 0 -1 0 604.812 -463.985 -1795.297 602.562 -467.984 -1795.579 605.937 -461.985 -1794.734 sun-precursor-tube-ring-02
532 0 21 222 0 -1 0 601.797 -463.985 -1800.912 601.140 -467.984 -1801.907 603.109 -461.985 -1798.922 sun-precursor-tube-ring-02
533 0 23 226 0 -1 0 609.385 -213.807 -1695.568 606.859 -215.922 -1699.438 612.359 -209.578 -1689.219 sun-walls-outside-02
534 0 23 227 0 -1 0 545.067 -201.391 -1668.302 543.515 -203.969 -1669.954 546.187 -197.969 -1665.578 sun-walls-outside-02
535 0 23 229 0 -1 0 550.120 -231.125 -1646.907 547.125 -234.969 -1648.719 552.093 -228.375 -1645.735 sun-walls-outside-02
536 0 23 230 0 -1 0 551.526 -242.651 -1646.011 547.734 -245.313 -1648.110 557.922 -240.312 -1642.969 sun-walls-outside-02
537 0 23 178 0 -1 0 565.505 -218.360 -1717.323 562.890 -222.406 -1718.047 570.281 -216.297 -1716.391 sun-walls-outside-02
538 0 23 240 0 -1 0 600.474 -434.454 -1806.245 599.922 -436.703 -1806.516 601.453 -433.313 -1805.781 sun-walls-outside-02
539 0 23 124 0 -1 0 600.807 -448.339 -1767.766 598.781 -449.047 -1768.016 601.906 -447.172 -1767.563 sun-walls-outside-02
540 0 24 242 0 -1 0 602.312 -207.240 -1662.797 600.375 -211.469 -1666.532 603.422 -204.766 -1660.813 sun-precursor-metal-plain-01
541 0 24 243 0 -1 0 608.442 -237.433 -1658.792 606.781 -239.703 -1662.813 610.906 -233.656 -1655.985 sun-precursor-metal-plain-01
542 0 24 244 0 -1 0 595.125 -241.000 -1656.860 591.812 -241.031 -1658.891 597.093 -240.984 -1654.766 sun-precursor-metal-plain-01
543 0 24 245 0 -1 0 592.536 -241.360 -1664.276 590.031 -241.703 -1666.141 595.359 -241.031 -1662.344 sun-precursor-metal-plain-01
544 0 24 249 0 -1 0 569.140 -252.667 -1673.745 567.672 -252.750 -1676.079 571.312 -252.500 -1672.047 sun-precursor-metal-plain-01
545 0 24 251 0 -1 0 556.166 -241.000 -1702.256 554.187 -241.031 -1704.312 559.453 -240.984 -1700.251 sun-precursor-metal-plain-01
546 0 24 252 0 -1 0 558.713 -241.360 -1694.881 555.890 -241.703 -1696.813 561.218 -241.031 -1693.016 sun-precursor-metal-plain-01
547 0 24 255 0 -1 0 578.062 -237.433 -1640.766 573.453 -239.703 -1640.891 581.359 -233.656 -1640.563 sun-precursor-metal-plain-01
548 0 24 150 0 -1 0 559.114 -207.037 -1652.735 557.344 -211.125 -1654.688 562.578 -204.766 -1651.469 sun-precursor-metal-plain-01
549 0 24 256 0 -1 0 577.515 -207.235 -1648.078 573.922 -211.469 -1649.172 580.016 -204.766 -1646.110 sun-precursor-metal-plain-01
550 0 24 257 0 -1 0 597.797 -459.985 -1772.271 596.828 -461.985 -1774.626 598.281 -455.985 -1771.094 sun-precursor-metal-plain-01
551 0 24 206 0 -1 0 569.677 -448.224 -1778.261 568.515 -450.016 -1780.282 570.859 -446.438 -1776.610 sun-precursor-metal-plain-01
552 0 25 259 0 -1 0 584.088 -208.328 -1769.391 582.531 -208.328 -1770.954 585.547 -208.328 -1767.922 sun-darker-metal
553 0 25 260 0 -1 0 568.817 -208.328 -1769.391 567.359 -208.328 -1770.954 570.375 -208.328 -1767.922 sun-darker-metal
554 0 26 261 0 -1 0 577.094 -237.178 -1638.146 570.359 -239.563 -1638.875 581.422 -233.125 -1637.781 sun-walls-outside-01
555 0 26 262 0 -1 0 616.817 -237.719 -1683.954 616.172 -239.454 -1690.219 617.203 -234.250 -1680.813 sun-walls-outside-01
556 0 26 225 0 -1 0 612.156 -213.807 -1677.401 611.015 -215.922 -1680.703 613.297 -209.578 -1670.860 sun-walls-outside-01
557 0 26 263 0 -1 0 608.583 -241.526 -1653.292 606.625 -244.547 -1655.000 609.625 -238.844 -1650.485 sun-walls-outside-01
558 0 26 230 0 -1 0 552.265 -239.203 -1645.782 547.734 -242.328 -1648.110 557.922 -234.969 -1642.969 sun-walls-outside-01
559 0 26 264 0 -1 0 538.177 -240.953 -1698.407 537.422 -244.282 -1701.985 539.531 -238.563 -1696.078 sun-walls-outside-01
560 0 12 28 0 -1 0 600.640 -375.380 -1786.557 598.984 -375.454 -1787.750 603.875 -375.344 -1785.719 sun-helix-floor-02
561 0 11 28 0 -1 0 601.172 -376.667 -1786.672 599.578 -376.766 -1787.735 604.000 -376.547 -1786.000 sun-precursor-metal-edge-01
562 1 15 982 0 -1 0 586.973 -277.006 -1767.840 585.835 -277.486 -1768.982 588.115 -276.314 -1766.702 sun-precursor-circuitpattern-01
563 1 15 983 0 -1 0 588.916 -228.476 -1665.648 586.569 -230.184 -1667.999 591.274 -227.292 -1663.296 sun-precursor-circuitpattern-01
564 1 15 984 0 -1 0 601.551 -277.006 -1773.491 600.413 -277.486 -1774.633 602.693 -276.314 -1772.353 sun-precursor-circuitpattern-01
565 1 15 985 0 -1 0 572.617 -277.006 -1773.450 571.479 -277.486 -1774.592 573.759 -276.314 -1772.312 sun-precursor-circuitpattern-01
566 1 15 986 0 -1 0 607.390 -277.006 -1787.758 606.249 -277.486 -1788.902 608.536 -276.314 -1786.614 sun-precursor-circuitpattern-01
567 1 15 987 0 -1 0 572.706 -277.006 -1802.462 571.568 -277.486 -1803.604 573.848 -276.314 -1801.324 sun-precursor-circuitpattern-01
568 1 15 988 0 -1 0 601.286 -277.006 -1802.058 600.148 -277.486 -1803.200 602.428 -276.314 -1800.919 sun-precursor-circuitpattern-01
569 1 15 989 0 -1 0 586.962 -277.006 -1808.048 585.824 -277.486 -1809.190 588.104 -276.314 -1806.910 sun-precursor-circuitpattern-01
570 1 15 991 0 -1 0 607.385 -432.527 -1787.750 605.673 -433.357 -1789.466 609.104 -431.951 -1786.034 sun-precursor-circuitpattern-01
571 1 15 992 0 -1 0 561.869 -228.476 -1693.843 559.522 -230.184 -1696.195 564.226 -227.292 -1691.491 sun-precursor-circuitpattern-01
572 1 15 993 0 -1 0 566.934 -277.006 -1787.771 565.795 -277.486 -1788.913 568.075 -276.314 -1786.633 sun-precursor-circuitpattern-01
573 1 14 994 0 -1 0 576.458 -252.989 -1768.153 574.239 -253.583 -1770.371 578.677 -252.396 -1765.934 sun-precursor-plainstripe
574 1 14 995 0 -1 0 576.477 -252.989 -1780.118 574.258 -253.583 -1782.336 578.696 -252.396 -1777.899 sun-precursor-plainstripe
575 1 24 1065 0 -1 0 576.616 -369.525 -1798.219 573.631 -369.760 -1801.204 579.600 -369.291 -1795.235 sun-precursor-metal-plain-01
576 1 24 1066 0 -1 0 575.522 -447.409 -1798.207 572.538 -447.644 -1801.191 578.507 -447.175 -1795.223 sun-precursor-metal-plain-01
577 1 53 994 0 -1 0 576.458 -248.349 -1768.153 574.052 -248.349 -1770.559 578.864 -248.349 -1765.746 sun-precursor-tube-ring-03toprim
578 1 53 995 0 -1 0 576.477 -248.349 -1780.118 574.071 -248.349 -1782.524 578.883 -248.349 -1777.711 sun-precursor-tube-ring-03toprim
579 1 15 329 0 -1 0 586.967 -301.303 -1767.846 585.972 -301.678 -1768.841 587.961 -300.928 -1766.852 sun-precursor-circuitpattern-01
580 1 15 330 0 -1 0 586.967 -292.303 -1767.846 585.972 -292.678 -1768.841 587.961 -291.928 -1766.852 sun-precursor-circuitpattern-01
581 1 15 331 0 -1 0 601.545 -301.303 -1773.497 600.550 -301.678 -1774.491 602.539 -300.928 -1772.503 sun-precursor-circuitpattern-01
582 1 15 332 0 -1 0 601.545 -292.303 -1773.497 600.550 -292.678 -1774.491 602.539 -291.928 -1772.503 sun-precursor-circuitpattern-01
583 1 15 333 0 -1 0 607.400 -301.303 -1787.758 606.388 -301.678 -1788.770 608.413 -300.928 -1786.746 sun-precursor-circuitpattern-01
584 1 15 334 0 -1 0 607.400 -292.303 -1787.758 606.388 -292.678 -1788.770 608.413 -291.928 -1786.746 sun-precursor-circuitpattern-01
585 1 15 335 0 -1 0 601.280 -301.303 -1802.064 600.286 -301.678 -1803.058 602.274 -300.928 -1801.069 sun-precursor-circuitpattern-01
586 1 15 336 0 -1 0 601.280 -292.303 -1802.064 600.286 -292.678 -1803.058 602.274 -291.928 -1801.069 sun-precursor-circuitpattern-01
587 1 15 337 0 -1 0 572.700 -301.303 -1802.468 571.705 -301.678 -1803.463 573.694 -300.928 -1801.474 sun-precursor-circuitpattern-01
588 1 15 338 0 -1 0 572.700 -292.303 -1802.468 571.705 -292.678 -1803.463 573.694 -291.928 -1801.474 sun-precursor-circuitpattern-01
589 1 15 339 0 -1 0 586.956 -301.303 -1808.054 585.962 -301.678 -1809.049 587.950 -300.928 -1807.060 sun-precursor-circuitpattern-01
590 1 15 340 0 -1 0 586.956 -292.303 -1808.054 585.962 -292.678 -1809.049 587.950 -291.928 -1807.060 sun-precursor-circuitpattern-01
591 1 15 341 0 -1 0 607.400 -386.258 -1787.758 606.388 -386.633 -1788.770 608.413 -385.883 -1786.746 sun-precursor-circuitpattern-01
592 1 15 342 0 -1 0 607.400 -377.258 -1787.758 606.388 -377.633 -1788.770 608.413 -376.883 -1786.746 sun-precursor-circuitpattern-01
593 1 15 343 0 -1 0 601.545 -386.258 -1773.497 600.550 -386.633 -1774.491 602.539 -385.883 -1772.503 sun-precursor-circuitpattern-01
594 1 15 344 0 -1 0 601.545 -377.258 -1773.497 600.550 -377.633 -1774.491 602.539 -376.883 -1772.503 sun-precursor-circuitpattern-01
595 1 15 345 0 -1 0 601.280 -386.258 -1802.064 600.286 -386.633 -1803.058 602.274 -385.883 -1801.069 sun-precursor-circuitpattern-01
596 1 15 346 0 -1 0 601.280 -377.258 -1802.064 600.286 -377.633 -1803.058 602.274 -376.883 -1801.069 sun-precursor-circuitpattern-01
597 1 15 347 0 -1 0 586.967 -386.258 -1767.846 585.972 -386.633 -1768.841 587.961 -385.883 -1766.852 sun-precursor-circuitpattern-01
598 1 15 348 0 -1 0 586.967 -377.258 -1767.846 585.972 -377.633 -1768.841 587.961 -376.883 -1766.852 sun-precursor-circuitpattern-01
599 1 15 349 0 -1 0 586.956 -386.258 -1808.054 585.962 -386.633 -1809.049 587.950 -385.883 -1807.060 sun-precursor-circuitpattern-01
600 1 15 350 0 -1 0 586.956 -377.258 -1808.054 585.962 -377.633 -1809.049 587.950 -376.883 -1807.060 sun-precursor-circuitpattern-01
601 1 15 351 0 -1 0 572.700 -386.258 -1802.468 571.705 -386.633 -1803.463 573.694 -385.883 -1801.474 sun-precursor-circuitpattern-01
602 1 15 352 0 -1 0 572.700 -377.258 -1802.468 571.705 -377.633 -1803.463 573.694 -376.883 -1801.474 sun-precursor-circuitpattern-01
603 1 15 353 0 -1 0 572.611 -301.303 -1773.456 571.617 -301.678 -1774.451 573.606 -300.928 -1772.462 sun-precursor-circuitpattern-01
604 1 15 354 0 -1 0 572.611 -292.303 -1773.456 571.617 -292.678 -1774.451 573.606 -291.928 -1772.462 sun-precursor-circuitpattern-01
605 1 15 355 0 -1 0 566.927 -301.303 -1787.777 565.933 -301.678 -1788.771 567.922 -300.928 -1786.782 sun-precursor-circuitpattern-01
606 1 15 356 0 -1 0 566.927 -292.303 -1787.777 565.933 -292.678 -1788.771 567.922 -291.928 -1786.782 sun-precursor-circuitpattern-01
607 1 15 357 0 -1 0 566.927 -386.258 -1787.777 565.933 -386.633 -1788.771 567.922 -385.883 -1786.782 sun-precursor-circuitpattern-01
608 1 15 358 0 -1 0 566.927 -377.258 -1787.777 565.933 -377.633 -1788.771 567.922 -376.883 -1786.782 sun-precursor-circuitpattern-01
609 1 15 359 0 -1 0 572.611 -386.258 -1773.456 571.617 -386.633 -1774.451 573.606 -385.883 -1772.462 sun-precursor-circuitpattern-01
610 1 15 360 0 -1 0 572.611 -377.258 -1773.456 571.617 -377.633 -1774.451 573.606 -376.883 -1772.462 sun-precursor-circuitpattern-01
611 1 15 980 0 -1 0 576.474 -235.041 -1727.635 575.115 -235.416 -1728.682 577.833 -234.744 -1726.588 sun-precursor-circuitpattern-01
612 1 15 981 0 -1 0 576.474 -235.041 -1751.635 575.115 -235.416 -1752.682 577.833 -234.744 -1750.588 sun-precursor-circuitpattern-01
613 0 29 254 0 -1 570 576.454 -251.110 -1776.902 569.156 -251.110 -1784.172 583.781 -251.110 -1769.562 sun-stonehengetop
614 1 17 1086 0 -1 0 577.721 -295.059 -1774.360 576.425 -295.241 -1775.648 579.018 -294.710 -1773.055 sun-eco-valve-inside
615 1 17 1087 0 -1 0 555.131 -249.376 -1672.351 553.834 -249.558 -1673.640 556.428 -249.027 -1671.046 sun-eco-valve-inside
616 1 17 1088 0 -1 0 570.561 -369.895 -1791.028 569.264 -370.077 -1792.317 571.858 -369.546 -1789.723 sun-eco-valve-inside
617 1 17 1089 0 -1 0 570.377 -450.715 -1788.134 569.080 -450.898 -1789.423 571.674 -450.366 -1786.829 sun-eco-valve-inside
618 1 19 1094 0 -1 0 580.013 -295.046 -1773.908 579.425 -295.241 -1774.352 580.737 -294.928 -1773.195 sun-precursor-blueeco-flash
619 1 19 1095 0 -1 0 578.165 -295.046 -1776.643 577.721 -295.241 -1777.367 578.878 -294.928 -1776.055 sun-precursor-blueeco-flash
620 1 19 1096 0 -1 0 575.430 -295.046 -1774.795 574.706 -295.241 -1775.508 576.018 -294.928 -1774.352 sun-precursor-blueeco-flash
621 1 19 1097 0 -1 0 577.278 -295.046 -1772.060 576.565 -295.241 -1772.648 577.721 -294.928 -1771.336 sun-precursor-blueeco-flash
622 1 19 1098 0 -1 0 557.422 -249.363 -1671.900 556.834 -249.558 -1672.343 558.146 -249.246 -1671.187 sun-precursor-blueeco-flash
623 1 19 1099 0 -1 0 555.574 -249.363 -1674.635 555.131 -249.558 -1675.359 556.287 -249.246 -1674.046 sun-precursor-blueeco-flash
624 1 19 1100 0 -1 0 552.839 -249.363 -1672.787 552.115 -249.558 -1673.499 553.428 -249.246 -1672.343 sun-precursor-blueeco-flash
625 1 19 1101 0 -1 0 554.687 -249.363 -1670.052 553.975 -249.558 -1670.640 555.131 -249.246 -1669.328 sun-precursor-blueeco-flash
626 1 19 1102 0 -1 0 572.853 -369.882 -1790.577 572.264 -370.077 -1791.020 573.577 -369.765 -1789.864 sun-precursor-blueeco-flash
627 1 19 1103 0 -1 0 571.004 -369.882 -1793.312 570.561 -370.077 -1794.036 571.717 -369.765 -1792.723 sun-precursor-blueeco-flash
628 1 19 1104 0 -1 0 568.269 -369.882 -1791.464 567.545 -370.077 -1792.176 568.858 -369.765 -1791.020 sun-precursor-blueeco-flash
629 1 19 1105 0 -1 0 570.118 -369.882 -1788.728 569.405 -370.077 -1789.317 570.561 -369.765 -1788.005 sun-precursor-blueeco-flash
630 1 19 1106 0 -1 0 572.669 -450.702 -1787.683 572.080 -450.898 -1788.126 573.393 -450.585 -1786.970 sun-precursor-blueeco-flash
631 1 19 1107 0 -1 0 570.820 -450.702 -1790.418 570.377 -450.898 -1791.142 571.533 -450.585 -1789.829 sun-precursor-blueeco-flash
632 1 19 1108 0 -1 0 568.085 -450.702 -1788.570 567.361 -450.898 -1789.283 568.674 -450.585 -1788.126 sun-precursor-blueeco-flash
633 1 19 1109 0 -1 0 569.934 -450.702 -1785.835 569.221 -450.898 -1786.423 570.377 -450.585 -1785.111 sun-precursor-blueeco-flash
634 1 92 1094 0 -1 0 580.013 -295.046 -1773.908 579.425 -295.241 -1774.352 580.737 -294.928 -1773.195 pal-environment-front
635 1 92 1095 0 -1 0 578.165 -295.046 -1776.643 577.721 -295.241 -1777.367 578.878 -294.928 -1776.055 pal-environment-front
636 1 92 1096 0 -1 0 575.430 -295.046 -1774.795 574.706 -295.241 -1775.508 576.018 -294.928 -1774.352 pal-environment-front
637 1 92 1097 0 -1 0 577.278 -295.046 -1772.060 576.565 -295.241 -1772.648 577.721 -294.928 -1771.336 pal-environment-front
638 1 92 1098 0 -1 0 557.422 -249.363 -1671.900 556.834 -249.558 -1672.343 558.146 -249.246 -1671.187 pal-environment-front
639 1 92 1099 0 -1 0 555.574 -249.363 -1674.635 555.131 -249.558 -1675.359 556.287 -249.246 -1674.046 pal-environment-front
640 1 92 1100 0 -1 0 552.839 -249.363 -1672.787 552.115 -249.558 -1673.499 553.428 -249.246 -1672.343 pal-environment-front
641 1 92 1101 0 -1 0 554.687 -249.363 -1670.052 553.975 -249.558 -1670.640 555.131 -249.246 -1669.328 pal-environment-front
642 1 92 1102 0 -1 0 572.853 -369.882 -1790.577 572.264 -370.077 -1791.020 573.577 -369.765 -1789.864 pal-environment-front
643 1 92 1103 0 -1 0 571.004 -369.882 -1793.312 570.561 -370.077 -1794.036 571.717 -369.765 -1792.723 pal-environment-front
644 1 92 1104 0 -1 0 568.269 -369.882 -1791.464 567.545 -370.077 -1792.176 568.858 -369.765 -1791.020 pal-environment-front
645 1 92 1105 0 -1 0 570.118 -369.882 -1788.728 569.405 -370.077 -1789.317 570.561 -369.765 -1788.005 pal-environment-front
646 1 92 1106 0 -1 0 572.669 -450.702 -1787.683 572.080 -450.898 -1788.126 573.393 -450.585 -1786.970 pal-environment-front
647 1 92 1107 0 -1 0 570.820 -450.702 -1790.418 570.377 -450.898 -1791.142 571.533 -450.585 -1789.829 pal-environment-front
648 1 92 1108 0 -1 0 568.085 -450.702 -1788.570 567.361 -450.898 -1789.283 568.674 -450.585 -1788.126 pal-environment-front
649 1 92 1109 0 -1 0 569.934 -450.702 -1785.835 569.221 -450.898 -1786.423 570.377 -450.585 -1785.111 pal-environment-front
650 1 47 621 0 -1 0 642.925 -317.450 -1845.861 641.855 -317.996 -1846.939 643.998 -316.903 -1844.779 sun-hot-pipe-01
651 1 47 622 0 -1 0 643.847 -316.499 -1845.227 642.874 -317.612 -1845.892 644.819 -315.391 -1844.560 sun-hot-pipe-01
652 1 47 623 0 -1 0 582.088 -289.511 -1839.622 581.054 -290.032 -1840.678 583.125 -288.990 -1838.571 sun-hot-pipe-01
653 1 47 625 0 -1 0 590.934 -289.559 -1855.284 589.897 -290.080 -1856.335 591.968 -289.038 -1854.228 sun-hot-pipe-01
654 1 47 626 0 -1 0 590.792 -288.636 -1854.188 589.814 -289.720 -1854.786 591.769 -287.556 -1853.592 sun-hot-pipe-01
655 1 47 628 0 -1 0 670.999 -330.558 -1902.137 670.312 -331.639 -1903.122 671.688 -329.421 -1901.148 sun-hot-pipe-01
656 1 47 630 0 -1 0 657.731 -330.905 -1893.319 657.043 -331.986 -1894.305 658.420 -329.767 -1892.331 sun-hot-pipe-01
657 1 47 632 0 -1 0 621.347 -348.452 -1867.015 620.961 -349.541 -1868.134 621.733 -347.305 -1865.897 sun-hot-pipe-01
658 1 47 633 0 -1 0 605.041 -349.784 -1862.430 603.983 -349.896 -1863.482 606.104 -349.673 -1861.374 sun-hot-pipe-01
659 1 47 634 0 -1 0 606.016 -348.755 -1862.681 605.630 -349.844 -1863.799 606.402 -347.608 -1861.563 sun-hot-pipe-01
660 1 47 637 0 -1 0 756.248 -402.649 -1850.911 755.172 -403.189 -1851.987 757.321 -402.110 -1849.830 sun-hot-pipe-01
661 1 47 638 0 -1 0 755.767 -401.711 -1849.930 754.995 -402.805 -1850.801 756.538 -400.623 -1849.061 sun-hot-pipe-01
662 1 47 640 0 -1 0 739.993 -411.237 -1809.330 739.369 -412.284 -1810.315 740.620 -410.136 -1808.351 sun-hot-pipe-01
663 1 47 641 0 -1 0 754.661 -411.680 -1800.769 753.588 -412.062 -1801.841 755.729 -411.299 -1799.699 sun-hot-pipe-01
664 1 47 642 0 -1 0 753.611 -410.743 -1801.074 752.988 -411.789 -1802.058 754.239 -409.641 -1800.094 sun-hot-pipe-01
665 1 47 644 0 -1 0 671.097 -432.403 -1795.776 670.401 -433.445 -1796.710 671.797 -431.307 -1794.847 sun-hot-pipe-01
666 1 47 646 0 -1 0 683.961 -431.956 -1786.383 683.265 -432.997 -1787.317 684.660 -430.860 -1785.454 sun-hot-pipe-01
667 1 47 650 0 -1 0 668.654 -437.619 -1767.122 667.809 -438.660 -1767.927 669.504 -436.524 -1766.321 sun-hot-pipe-01
668 1 48 652 0 -1 0 576.037 -250.475 -1795.144 574.947 -251.568 -1795.223 577.135 -249.381 -1795.066 sun-hot-pipe-02
669 1 48 653 0 -1 0 575.017 -250.472 -1796.152 574.947 -251.615 -1797.285 575.088 -249.334 -1795.066 sun-hot-pipe-02
670 1 48 656 0 -1 0 576.037 -250.446 -1791.154 574.947 -251.540 -1791.232 577.135 -249.352 -1791.076 sun-hot-pipe-02
671 1 48 657 0 -1 0 575.017 -250.449 -1790.146 574.947 -251.587 -1791.232 575.088 -249.305 -1789.013 sun-hot-pipe-02
672 1 48 660 0 -1 0 576.037 -244.467 -1795.144 574.947 -245.560 -1795.223 577.135 -243.373 -1795.066 sun-hot-pipe-02
673 1 48 661 0 -1 0 575.017 -244.464 -1796.152 574.947 -245.607 -1797.285 575.088 -243.326 -1795.066 sun-hot-pipe-02
674 1 48 664 0 -1 0 576.037 -244.438 -1791.154 574.947 -245.532 -1791.232 577.135 -243.345 -1791.076 sun-hot-pipe-02
675 1 48 665 0 -1 0 575.017 -244.441 -1790.146 574.947 -245.579 -1791.232 575.088 -243.298 -1789.013 sun-hot-pipe-02
676 1 48 668 0 -1 0 575.049 -315.016 -1783.328 574.313 -315.072 -1784.058 575.781 -314.961 -1782.595 sun-hot-pipe-02
677 1 48 669 0 -1 0 574.386 -314.301 -1783.039 574.018 -315.072 -1783.804 574.752 -313.497 -1782.277 sun-hot-pipe-02
678 1 48 672 0 -1 0 582.022 -315.106 -1776.062 581.297 -315.161 -1776.786 582.745 -315.050 -1775.333 sun-hot-pipe-02
679 1 48 673 0 -1 0 581.753 -314.390 -1775.390 580.982 -315.161 -1775.740 582.521 -313.586 -1775.042 sun-hot-pipe-02
680 1 48 676 0 -1 0 579.396 -315.106 -1769.459 578.673 -315.161 -1770.188 580.121 -315.050 -1768.735 sun-hot-pipe-02
681 1 48 677 0 -1 0 579.665 -314.390 -1770.131 578.897 -315.161 -1770.479 580.436 -313.586 -1769.781 sun-hot-pipe-02
682 1 48 680 0 -1 0 611.389 -350.402 -1843.518 610.370 -350.589 -1844.543 612.409 -350.213 -1842.492 sun-hot-pipe-02
683 1 48 681 0 -1 0 611.000 -349.308 -1844.360 609.914 -350.395 -1844.838 612.090 -348.175 -1843.885 sun-hot-pipe-02
684 1 48 684 0 -1 0 603.683 -348.945 -1862.828 602.596 -349.132 -1863.912 604.770 -348.757 -1861.736 sun-hot-pipe-02
685 1 48 685 0 -1 0 603.510 -347.852 -1863.739 602.374 -348.938 -1863.986 604.653 -346.719 -1863.494 sun-hot-pipe-02
686 1 48 688 0 -1 0 604.823 -348.793 -1860.205 603.802 -348.981 -1861.231 605.841 -348.605 -1859.181 sun-hot-pipe-02
687 1 48 689 0 -1 0 605.182 -347.881 -1859.159 604.091 -348.967 -1859.636 606.267 -346.748 -1858.682 sun-hot-pipe-02
688 1 48 692 0 -1 0 678.399 -328.573 -1883.934 677.306 -328.788 -1885.033 679.494 -328.359 -1882.843 sun-hot-pipe-02
689 1 48 693 0 -1 0 678.393 -327.445 -1883.050 677.249 -328.531 -1883.262 679.532 -326.313 -1882.843 sun-hot-pipe-02
690 1 48 696 0 -1 0 678.194 -326.312 -1866.081 677.100 -326.526 -1867.172 679.288 -326.097 -1864.983 sun-hot-pipe-02
691 1 48 697 0 -1 0 678.207 -325.440 -1867.219 677.068 -326.526 -1867.431 679.351 -324.308 -1867.013 sun-hot-pipe-02
692 1 48 700 0 -1 0 640.155 -337.288 -1920.092 639.087 -337.503 -1921.159 641.216 -337.074 -1919.027 sun-hot-pipe-02
693 1 48 701 0 -1 0 641.016 -336.160 -1919.891 640.661 -337.246 -1921.013 641.373 -335.028 -1918.763 sun-hot-pipe-02
694 1 48 704 0 -1 0 637.024 -337.956 -1920.003 635.985 -338.234 -1921.055 638.071 -337.676 -1918.952 sun-hot-pipe-02
695 1 48 705 0 -1 0 635.885 -337.154 -1919.667 635.440 -338.234 -1920.783 636.330 -336.028 -1918.557 sun-hot-pipe-02
696 1 48 708 0 -1 0 657.538 -335.027 -1915.945 656.477 -335.241 -1917.009 658.606 -334.812 -1914.877 sun-hot-pipe-02
697 1 48 709 0 -1 0 656.431 -334.155 -1916.208 656.076 -335.241 -1917.336 656.789 -333.023 -1915.085 sun-hot-pipe-02
698 1 48 712 0 -1 0 600.952 -347.738 -1883.194 599.893 -347.966 -1884.244 602.008 -347.512 -1882.137 sun-hot-pipe-02
699 1 48 713 0 -1 0 601.131 -346.602 -1884.049 600.020 -347.686 -1884.434 602.249 -345.472 -1883.665 sun-hot-pipe-02
700 1 48 716 0 -1 0 601.386 -347.336 -1880.606 600.299 -347.524 -1881.698 602.473 -347.148 -1879.522 sun-hot-pipe-02
701 1 48 717 0 -1 0 601.479 -346.424 -1879.504 600.337 -347.511 -1879.751 602.616 -345.291 -1879.258 sun-hot-pipe-02
702 1 48 719 0 -1 0 620.091 -341.293 -1914.893 619.044 -341.572 -1915.944 621.130 -341.014 -1913.841 sun-hot-pipe-02
703 1 48 720 0 -1 0 620.868 -340.113 -1915.140 620.425 -341.194 -1916.251 621.315 -338.987 -1914.025 sun-hot-pipe-02
704 1 48 723 0 -1 0 605.678 -345.272 -1900.389 604.622 -345.498 -1901.446 606.737 -345.044 -1899.339 sun-hot-pipe-02
705 1 48 724 0 -1 0 605.326 -344.414 -1899.295 604.210 -345.498 -1899.681 606.438 -343.284 -1898.913 sun-hot-pipe-02
706 1 48 727 0 -1 0 600.871 -394.364 -1801.706 600.082 -394.420 -1802.491 601.656 -394.309 -1800.916 sun-hot-pipe-02
707 1 48 728 0 -1 0 600.384 -393.649 -1801.170 599.751 -394.420 -1801.755 601.014 -392.844 -1800.588 sun-hot-pipe-02
708 1 48 731 0 -1 0 648.609 -443.029 -1758.595 647.524 -443.287 -1759.686 649.701 -442.769 -1757.502 sun-hot-pipe-02
709 1 48 732 0 -1 0 647.438 -442.204 -1758.670 647.182 -443.287 -1759.815 647.698 -441.075 -1757.530 sun-hot-pipe-02
710 1 48 735 0 -1 0 630.883 -446.014 -1759.756 629.790 -446.273 -1760.849 631.968 -445.756 -1758.665 sun-hot-pipe-02
711 1 48 736 0 -1 0 631.719 -444.851 -1759.704 631.462 -445.933 -1760.843 631.978 -443.722 -1758.559 sun-hot-pipe-02
712 1 48 739 0 -1 0 578.052 -370.058 -1778.973 577.263 -370.114 -1779.758 578.837 -370.003 -1778.183 sun-hot-pipe-02
713 1 48 740 0 -1 0 577.563 -369.343 -1778.439 576.932 -370.114 -1779.026 578.190 -368.539 -1777.855 sun-hot-pipe-02
714 1 48 743 0 -1 0 573.228 -370.058 -1773.734 572.443 -370.114 -1774.524 574.017 -370.003 -1772.949 sun-hot-pipe-02
715 1 48 744 0 -1 0 573.717 -369.343 -1774.268 573.090 -370.114 -1774.852 574.348 -368.539 -1773.681 sun-hot-pipe-02
716 1 48 747 0 -1 0 583.205 -383.848 -1768.432 582.443 -383.903 -1769.190 583.964 -383.792 -1767.669 sun-hot-pipe-02
717 1 48 748 0 -1 0 583.350 -383.132 -1769.141 582.548 -383.903 -1769.354 584.154 -382.328 -1768.928 sun-hot-pipe-02
718 1 48 751 0 -1 0 584.625 -383.848 -1775.407 583.865 -383.903 -1776.170 585.386 -383.792 -1774.650 sun-hot-pipe-02
719 1 48 752 0 -1 0 584.480 -383.132 -1774.698 583.675 -383.903 -1774.912 585.281 -382.328 -1774.485 sun-hot-pipe-02
720 1 48 755 0 -1 0 596.074 -394.364 -1796.446 595.289 -394.420 -1797.235 596.863 -394.309 -1795.660 sun-hot-pipe-02
721 1 48 756 0 -1 0 596.561 -393.649 -1796.981 595.931 -394.420 -1797.563 597.194 -392.844 -1796.397 sun-hot-pipe-02
722 1 48 759 0 -1 0 502.427 -253.718 -1787.089 501.383 -254.196 -1788.085 503.467 -253.242 -1786.100 sun-hot-pipe-02
723 1 48 760 0 -1 0 502.158 -253.020 -1788.312 501.111 -254.048 -1788.926 503.206 -251.950 -1787.694 sun-hot-pipe-02
724 1 48 763 0 -1 0 570.041 -250.475 -1791.154 568.943 -251.568 -1791.232 571.131 -249.381 -1791.076 sun-hot-pipe-02
725 1 48 764 0 -1 0 571.061 -250.472 -1790.146 570.990 -251.615 -1791.232 571.131 -249.334 -1789.013 sun-hot-pipe-02
726 1 48 767 0 -1 0 570.041 -244.467 -1791.154 568.943 -245.560 -1791.232 571.131 -243.373 -1791.076 sun-hot-pipe-02
727 1 48 768 0 -1 0 571.061 -244.464 -1790.146 570.990 -245.607 -1791.232 571.131 -243.326 -1789.013 sun-hot-pipe-02
728 1 48 771 0 -1 0 498.210 -256.080 -1795.864 497.170 -256.556 -1796.853 499.254 -255.602 -1794.868 sun-hot-pipe-02
729 1 48 772 0 -1 0 498.804 -254.902 -1795.303 497.753 -255.929 -1795.915 499.848 -253.831 -1794.684 sun-hot-pipe-02
730 1 48 775 0 -1 0 570.041 -250.446 -1795.144 568.943 -251.540 -1795.223 571.131 -249.352 -1795.066 sun-hot-pipe-02
731 1 48 776 0 -1 0 571.061 -250.449 -1796.152 570.990 -251.587 -1797.285 571.131 -249.305 -1795.066 sun-hot-pipe-02
732 1 48 779 0 -1 0 570.041 -244.438 -1795.144 568.943 -245.532 -1795.223 571.131 -243.345 -1795.066 sun-hot-pipe-02
733 1 48 780 0 -1 0 571.061 -244.441 -1796.152 570.990 -245.579 -1797.285 571.131 -243.298 -1795.066 sun-hot-pipe-02
734 1 48 783 0 -1 0 497.046 -257.662 -1799.363 495.978 -258.099 -1800.424 498.113 -257.227 -1798.294 sun-hot-pipe-02
735 1 48 784 0 -1 0 497.042 -256.940 -1800.601 495.932 -257.983 -1800.992 498.154 -255.854 -1800.207 sun-hot-pipe-02
736 1 48 787 0 -1 0 495.784 -261.250 -1821.420 494.698 -261.586 -1822.511 496.870 -260.913 -1820.336 sun-hot-pipe-02
737 1 48 788 0 -1 0 495.897 -260.106 -1820.562 494.770 -261.173 -1820.832 497.016 -258.994 -1820.291 sun-hot-pipe-02
738 1 48 791 0 -1 0 496.613 -259.535 -1800.799 495.542 -259.877 -1801.856 497.685 -259.194 -1799.734 sun-hot-pipe-02
739 1 48 792 0 -1 0 496.472 -258.776 -1802.007 495.348 -259.843 -1802.417 497.600 -257.664 -1801.594 sun-hot-pipe-02
740 1 48 795 0 -1 0 495.114 -259.927 -1808.928 494.046 -260.362 -1809.997 496.181 -259.490 -1807.867 sun-hot-pipe-02
741 1 48 796 0 -1 0 495.506 -258.744 -1808.220 494.391 -259.785 -1808.610 496.613 -257.657 -1807.826 sun-hot-pipe-02
742 1 48 799 0 -1 0 495.050 -259.645 -1811.566 493.963 -259.982 -1812.650 496.135 -259.309 -1810.475 sun-hot-pipe-02
743 1 48 800 0 -1 0 495.310 -258.829 -1812.715 494.188 -259.896 -1812.984 496.434 -257.717 -1812.444 sun-hot-pipe-02
744 1 48 803 0 -1 0 495.319 -260.825 -1806.523 494.247 -261.166 -1807.588 496.390 -260.483 -1805.466 sun-hot-pipe-02
745 1 48 804 0 -1 0 495.618 -259.632 -1805.789 494.488 -260.698 -1806.198 496.740 -258.519 -1805.375 sun-hot-pipe-02
746 1 48 807 0 -1 0 495.484 -262.284 -1826.143 494.433 -262.612 -1827.202 496.537 -261.954 -1825.091 sun-hot-pipe-02
747 1 48 808 0 -1 0 496.047 -261.540 -1827.230 495.003 -262.612 -1827.822 497.095 -260.422 -1826.634 sun-hot-pipe-02
748 1 48 811 0 -1 0 495.010 -262.998 -1818.890 493.921 -263.339 -1819.973 496.100 -262.655 -1817.814 sun-hot-pipe-02
749 1 48 812 0 -1 0 495.072 -261.803 -1818.099 493.938 -262.870 -1818.422 496.198 -260.691 -1817.774 sun-hot-pipe-02
750 1 48 815 0 -1 0 494.501 -261.707 -1813.041 493.411 -262.049 -1814.117 495.590 -261.366 -1811.957 sun-hot-pipe-02
751 1 48 816 0 -1 0 494.733 -260.948 -1814.235 493.605 -262.015 -1814.557 495.865 -259.836 -1813.908 sun-hot-pipe-02
752 1 48 819 0 -1 0 549.067 -276.267 -1865.469 547.993 -276.541 -1866.552 550.149 -275.994 -1864.387 sun-hot-pipe-02
753 1 48 820 0 -1 0 548.261 -275.093 -1865.304 547.926 -276.173 -1866.445 548.592 -273.967 -1864.168 sun-hot-pipe-02
754 1 48 823 0 -1 0 545.707 -277.841 -1864.074 545.436 -278.939 -1865.170 545.979 -276.751 -1862.979 sun-hot-pipe-02
755 1 48 824 0 -1 0 544.856 -276.695 -1863.951 543.732 -276.912 -1865.083 545.935 -276.470 -1862.815 sun-hot-pipe-02
756 1 48 827 0 -1 0 544.861 -276.719 -1863.965 543.777 -276.946 -1865.053 545.952 -276.493 -1862.878 sun-hot-pipe-02
757 1 48 828 0 -1 0 543.997 -275.582 -1863.835 543.725 -276.667 -1864.978 544.266 -274.451 -1862.697 sun-hot-pipe-02
758 1 48 831 0 -1 0 546.633 -278.985 -1864.226 545.550 -279.212 -1865.313 547.724 -278.759 -1863.138 sun-hot-pipe-02
759 1 48 832 0 -1 0 545.769 -277.848 -1864.095 545.498 -278.933 -1865.239 546.038 -276.716 -1862.957 sun-hot-pipe-02
760 1 48 835 0 -1 0 538.183 -276.615 -1863.067 537.912 -277.713 -1864.163 538.455 -275.525 -1861.972 sun-hot-pipe-02
761 1 48 836 0 -1 0 537.332 -275.468 -1862.944 536.208 -275.686 -1864.076 538.411 -275.244 -1861.808 sun-hot-pipe-02
762 1 48 839 0 -1 0 537.337 -275.492 -1862.957 536.253 -275.720 -1864.046 538.427 -275.267 -1861.871 sun-hot-pipe-02
763 1 48 840 0 -1 0 536.473 -274.356 -1862.828 536.201 -275.441 -1863.971 536.742 -273.225 -1861.689 sun-hot-pipe-02
764 1 48 843 0 -1 0 539.109 -277.759 -1863.218 538.025 -277.985 -1864.306 540.200 -277.533 -1862.131 sun-hot-pipe-02
765 1 48 844 0 -1 0 538.245 -276.622 -1863.088 537.973 -277.707 -1864.232 538.514 -275.490 -1861.950 sun-hot-pipe-02
766 1 48 847 0 -1 0 519.958 -273.491 -1856.049 519.376 -274.584 -1857.050 520.538 -272.406 -1855.047 sun-hot-pipe-02
767 1 48 852 0 -1 0 518.533 -271.135 -1855.300 517.935 -272.214 -1856.341 519.127 -270.009 -1854.262 sun-hot-pipe-02
768 1 48 855 0 -1 0 520.725 -274.671 -1856.468 519.658 -274.954 -1857.526 521.785 -274.391 -1855.406 sun-hot-pipe-02
769 1 48 856 0 -1 0 520.009 -273.491 -1856.084 519.410 -274.570 -1857.125 520.602 -272.365 -1855.046 sun-hot-pipe-02
770 1 48 859 0 -1 0 526.527 -275.113 -1859.703 525.945 -276.205 -1860.705 527.107 -274.027 -1858.701 sun-hot-pipe-02
771 1 48 864 0 -1 0 525.102 -272.756 -1858.954 524.503 -273.836 -1859.995 525.696 -271.630 -1857.917 sun-hot-pipe-02
772 1 48 867 0 -1 0 531.547 -273.022 -1862.809 530.465 -273.295 -1863.891 532.621 -272.748 -1861.726 sun-hot-pipe-02
773 1 48 868 0 -1 0 532.723 -272.214 -1862.949 532.388 -273.295 -1864.085 533.055 -271.089 -1861.808 sun-hot-pipe-02
774 1 48 871 0 -1 0 529.174 -273.754 -1862.313 528.101 -274.084 -1863.381 530.240 -273.426 -1861.241 sun-hot-pipe-02
775 1 48 872 0 -1 0 528.525 -272.538 -1861.920 527.891 -273.611 -1862.944 529.154 -271.420 -1860.898 sun-hot-pipe-02
776 1 48 875 0 -1 0 527.294 -276.293 -1860.122 526.227 -276.575 -1861.181 528.354 -276.012 -1859.060 sun-hot-pipe-02
777 1 48 876 0 -1 0 526.577 -275.112 -1859.738 525.979 -276.192 -1860.780 527.171 -273.986 -1858.701 sun-hot-pipe-02
778 1 48 879 0 -1 0 499.491 -267.370 -1832.266 498.424 -267.652 -1833.332 500.555 -267.089 -1831.193 sun-hot-pipe-02
779 1 48 880 0 -1 0 499.100 -266.189 -1831.554 498.066 -267.269 -1832.167 500.128 -265.063 -1830.941 sun-hot-pipe-02
780 1 48 883 0 -1 0 499.095 -266.189 -1831.484 498.101 -267.282 -1832.081 500.088 -265.104 -1830.887 sun-hot-pipe-02
781 1 48 884 0 -1 0 498.705 -264.999 -1830.787 497.608 -265.272 -1831.896 499.815 -264.718 -1829.689 sun-hot-pipe-02
782 1 48 887 0 -1 0 498.681 -265.014 -1830.804 497.614 -265.296 -1831.870 499.745 -264.733 -1829.732 sun-hot-pipe-02
783 1 48 888 0 -1 0 498.290 -263.833 -1830.092 497.256 -264.913 -1830.705 499.318 -262.707 -1829.479 sun-hot-pipe-02
784 1 48 891 0 -1 0 503.396 -266.453 -1841.769 502.343 -266.783 -1842.822 504.447 -266.124 -1840.710 sun-hot-pipe-02
785 1 48 892 0 -1 0 503.067 -265.236 -1841.086 502.017 -266.309 -1841.679 504.109 -264.118 -1840.492 sun-hot-pipe-02
786 1 48 895 0 -1 0 503.008 -268.991 -1838.909 501.941 -269.274 -1839.975 504.072 -268.711 -1837.836 sun-hot-pipe-02
787 1 48 896 0 -1 0 502.617 -267.810 -1838.197 501.583 -268.890 -1838.810 503.645 -266.685 -1837.584 sun-hot-pipe-02
788 1 48 899 0 -1 0 502.612 -267.811 -1838.127 501.618 -268.904 -1838.724 503.605 -266.726 -1837.530 sun-hot-pipe-02
789 1 48 900 0 -1 0 502.222 -266.621 -1837.430 501.125 -266.893 -1838.539 503.332 -266.340 -1836.332 sun-hot-pipe-02
790 1 48 903 0 -1 0 502.198 -266.635 -1837.448 501.131 -266.918 -1838.514 503.262 -266.355 -1836.375 sun-hot-pipe-02
791 1 48 904 0 -1 0 501.807 -265.454 -1836.736 500.773 -266.534 -1837.349 502.835 -264.329 -1836.122 sun-hot-pipe-02
792 1 48 907 0 -1 0 512.092 -269.517 -1851.228 510.981 -269.845 -1852.329 513.199 -269.192 -1850.121 sun-hot-pipe-02
793 1 48 908 0 -1 0 511.551 -268.304 -1850.690 510.657 -269.376 -1851.506 512.440 -267.186 -1849.875 sun-hot-pipe-02
794 1 48 911 0 -1 0 514.019 -269.586 -1853.525 512.953 -269.914 -1854.597 515.092 -269.256 -1852.458 sun-hot-pipe-02
795 1 48 912 0 -1 0 515.084 -268.841 -1854.130 514.452 -269.914 -1855.150 515.716 -267.723 -1853.104 sun-hot-pipe-02
796 1 48 915 0 -1 0 505.483 -267.237 -1844.049 504.377 -267.563 -1845.156 506.594 -266.910 -1842.948 sun-hot-pipe-02
797 1 48 916 0 -1 0 506.282 -266.490 -1844.976 505.392 -267.563 -1845.788 507.174 -265.372 -1844.157 sun-hot-pipe-02
798 1 48 919 0 -1 0 506.549 -270.060 -1844.735 505.442 -270.360 -1845.848 507.661 -269.760 -1843.628 sun-hot-pipe-02
799 1 48 920 0 -1 0 507.409 -269.282 -1845.578 506.558 -270.360 -1846.433 508.261 -268.159 -1844.716 sun-hot-pipe-02
800 1 48 923 0 -1 0 510.711 -271.277 -1848.888 509.599 -271.578 -1849.995 511.817 -270.978 -1847.774 sun-hot-pipe-02
801 1 48 924 0 -1 0 510.161 -270.082 -1848.317 509.306 -271.159 -1849.177 511.009 -268.959 -1847.460 sun-hot-pipe-02
802 1 48 927 0 -1 0 568.510 -315.016 -1780.502 567.778 -315.072 -1781.235 569.247 -314.961 -1779.772 sun-hot-pipe-02
803 1 48 928 0 -1 0 569.174 -314.301 -1780.791 568.807 -315.072 -1781.553 569.542 -313.497 -1780.026 sun-hot-pipe-02
804 1 48 848 0 -1 0 519.250 -272.301 -1855.677 518.161 -272.573 -1856.776 520.356 -272.020 -1854.580 sun-hot-pipe-02
805 1 48 851 0 -1 0 519.250 -272.315 -1855.684 518.182 -272.598 -1856.742 520.310 -272.035 -1854.622 sun-hot-pipe-02
806 1 48 860 0 -1 0 525.819 -273.923 -1859.331 524.730 -274.195 -1860.430 526.925 -273.641 -1858.234 sun-hot-pipe-02
807 1 48 863 0 -1 0 525.819 -273.937 -1859.338 524.751 -274.219 -1860.397 526.879 -273.656 -1858.276 sun-hot-pipe-02
808 1 47 619 0 -1 0 652.763 -317.134 -1830.380 651.691 -317.680 -1831.462 653.833 -316.587 -1829.302 sun-hot-pipe-01
809 1 47 620 0 -1 0 652.564 -316.219 -1831.511 651.590 -317.332 -1832.177 653.535 -315.110 -1830.844 sun-hot-pipe-01
810 1 47 627 0 -1 0 671.942 -331.538 -1902.609 670.850 -331.755 -1903.697 673.031 -331.321 -1901.517 sun-hot-pipe-01
811 1 47 629 0 -1 0 656.966 -331.929 -1892.656 655.877 -332.146 -1893.748 658.059 -331.712 -1891.568 sun-hot-pipe-01
812 1 47 631 0 -1 0 622.346 -349.442 -1867.323 621.283 -349.553 -1868.378 623.404 -349.330 -1866.270 sun-hot-pipe-01
813 1 47 635 0 -1 0 742.572 -402.201 -1839.236 741.499 -402.741 -1840.317 743.648 -401.661 -1838.160 sun-hot-pipe-01
814 1 47 636 0 -1 0 743.651 -401.315 -1839.588 742.878 -402.408 -1840.458 744.421 -400.226 -1838.719 sun-hot-pipe-01
815 1 47 639 0 -1 0 739.289 -412.238 -1810.088 738.221 -412.620 -1811.158 740.362 -411.857 -1809.016 sun-hot-pipe-01
816 1 47 643 0 -1 0 670.467 -433.397 -1796.606 669.382 -433.795 -1797.694 671.556 -432.998 -1795.516 sun-hot-pipe-01
817 1 47 645 0 -1 0 684.987 -432.892 -1786.004 683.898 -433.290 -1787.095 686.072 -432.493 -1784.917 sun-hot-pipe-01
818 1 47 647 0 -1 0 657.313 -438.775 -1779.717 656.216 -439.173 -1780.819 658.414 -438.377 -1778.613 sun-hot-pipe-01
819 1 47 649 0 -1 0 669.580 -438.573 -1766.568 668.479 -438.971 -1767.673 670.678 -438.174 -1765.467 sun-hot-pipe-01
820 1 14 1070 0 -1 0 601.555 -329.739 -1773.485 599.858 -330.329 -1775.181 603.251 -329.141 -1771.788 sun-precursor-plainstripe
821 1 14 1072 0 -1 0 586.977 -329.739 -1767.834 585.280 -330.329 -1769.531 588.673 -329.141 -1766.137 sun-precursor-plainstripe
822 1 14 1073 0 -1 0 572.621 -329.739 -1773.444 570.924 -330.329 -1775.141 574.318 -329.141 -1771.747 sun-precursor-plainstripe
823 1 14 1074 0 -1 0 601.290 -329.739 -1802.051 599.593 -330.329 -1803.748 602.987 -329.141 -1800.355 sun-precursor-plainstripe
824 1 14 1078 0 -1 0 601.555 -414.693 -1773.485 599.858 -415.283 -1775.181 603.251 -414.096 -1771.788 sun-precursor-plainstripe
825 1 14 1080 0 -1 0 586.977 -414.693 -1767.834 585.280 -415.283 -1769.531 588.673 -414.096 -1766.137 sun-precursor-plainstripe
826 1 14 1081 0 -1 0 572.621 -414.693 -1773.444 570.924 -415.283 -1775.141 574.318 -414.096 -1771.747 sun-precursor-plainstripe
827 1 14 1084 0 -1 0 566.937 -329.739 -1787.764 565.241 -330.329 -1789.461 568.634 -329.141 -1786.068 sun-precursor-plainstripe
828 1 14 1085 0 -1 0 566.937 -414.693 -1787.764 565.241 -415.283 -1789.461 568.634 -414.096 -1786.068 sun-precursor-plainstripe
829 1 15 996 0 -1 0 587.388 -281.741 -1766.799 585.725 -282.382 -1767.838 588.933 -281.101 -1765.942 sun-precursor-circuitpattern-01
830 1 15 997 0 -1 0 601.966 -281.741 -1772.450 600.303 -282.382 -1773.488 603.510 -281.101 -1771.592 sun-precursor-circuitpattern-01
831 1 15 998 0 -1 0 573.032 -281.741 -1772.410 571.369 -282.382 -1773.448 574.577 -281.101 -1771.552 sun-precursor-circuitpattern-01
832 1 15 999 0 -1 0 601.966 -311.740 -1772.450 600.303 -312.381 -1773.488 603.510 -311.099 -1771.592 sun-precursor-circuitpattern-01
833 1 15 1000 0 -1 0 606.952 -281.741 -1786.731 605.516 -282.382 -1787.798 608.703 -281.101 -1785.791 sun-precursor-circuitpattern-01
834 1 15 1001 0 -1 0 606.952 -311.740 -1786.731 605.516 -312.381 -1787.798 608.703 -311.099 -1785.791 sun-precursor-circuitpattern-01
835 1 15 1002 0 -1 0 601.966 -325.748 -1772.450 600.303 -326.388 -1773.488 603.510 -325.107 -1771.592 sun-precursor-circuitpattern-01
836 1 15 1003 0 -1 0 606.952 -325.748 -1786.731 605.516 -326.388 -1787.798 608.703 -325.107 -1785.791 sun-precursor-circuitpattern-01
837 1 15 1004 0 -1 0 573.032 -311.740 -1772.410 571.369 -312.381 -1773.448 574.577 -311.099 -1771.552 sun-precursor-circuitpattern-01
838 1 15 1005 0 -1 0 587.388 -311.740 -1766.799 585.725 -312.381 -1767.838 588.933 -311.099 -1765.942 sun-precursor-circuitpattern-01
839 1 15 1006 0 -1 0 573.032 -325.748 -1772.410 571.369 -326.388 -1773.448 574.577 -325.107 -1771.552 sun-precursor-circuitpattern-01
840 1 15 1007 0 -1 0 587.388 -325.748 -1766.799 585.725 -326.388 -1767.838 588.933 -325.107 -1765.942 sun-precursor-circuitpattern-01
841 1 15 1008 0 -1 0 601.701 -281.741 -1801.017 600.038 -282.382 -1802.055 603.246 -281.101 -1800.159 sun-precursor-circuitpattern-01
842 1 15 1009 0 -1 0 573.121 -281.741 -1801.421 571.458 -282.382 -1802.459 574.666 -281.101 -1800.564 sun-precursor-circuitpattern-01
843 1 15 1010 0 -1 0 587.377 -281.741 -1807.007 585.714 -282.382 -1808.046 588.922 -281.101 -1806.150 sun-precursor-circuitpattern-01
844 1 15 1011 0 -1 0 601.701 -311.740 -1801.017 600.038 -312.381 -1802.055 603.246 -311.099 -1800.159 sun-precursor-circuitpattern-01
845 1 15 1012 0 -1 0 573.121 -311.740 -1801.421 571.458 -312.381 -1802.459 574.666 -311.099 -1800.564 sun-precursor-circuitpattern-01
846 1 15 1013 0 -1 0 587.377 -311.740 -1807.007 585.714 -312.381 -1808.046 588.922 -311.099 -1806.150 sun-precursor-circuitpattern-01
847 1 15 1014 0 -1 0 601.701 -325.748 -1801.017 600.038 -326.388 -1802.055 603.246 -325.107 -1800.159 sun-precursor-circuitpattern-01
848 1 15 1015 0 -1 0 573.121 -325.748 -1801.421 571.458 -326.388 -1802.459 574.666 -325.107 -1800.564 sun-precursor-circuitpattern-01
849 1 15 1016 0 -1 0 587.377 -325.748 -1807.007 585.714 -326.388 -1808.046 588.922 -325.107 -1806.150 sun-precursor-circuitpattern-01
850 1 15 1017 0 -1 0 601.966 -366.696 -1772.450 600.303 -367.337 -1773.488 603.510 -366.055 -1771.592 sun-precursor-circuitpattern-01
851 1 15 1018 0 -1 0 601.701 -366.696 -1801.017 600.038 -367.337 -1802.055 603.246 -366.055 -1800.159 sun-precursor-circuitpattern-01
852 1 15 1019 0 -1 0 606.952 -366.696 -1786.731 605.516 -367.337 -1787.798 608.703 -366.055 -1785.791 sun-precursor-circuitpattern-01
853 1 15 1020 0 -1 0 601.966 -396.695 -1772.450 600.303 -397.335 -1773.488 603.510 -396.054 -1771.592 sun-precursor-circuitpattern-01
854 1 15 1021 0 -1 0 606.952 -396.695 -1786.731 605.516 -397.335 -1787.798 608.703 -396.054 -1785.791 sun-precursor-circuitpattern-01
855 1 15 1022 0 -1 0 601.701 -396.695 -1801.017 600.038 -397.335 -1802.055 603.246 -396.054 -1800.159 sun-precursor-circuitpattern-01
856 1 15 1023 0 -1 0 606.952 -410.702 -1786.731 605.516 -411.343 -1787.798 608.703 -410.062 -1785.791 sun-precursor-circuitpattern-01
857 1 15 1024 0 -1 0 601.966 -410.702 -1772.450 600.303 -411.343 -1773.488 603.510 -410.062 -1771.592 sun-precursor-circuitpattern-01
858 1 15 1025 0 -1 0 601.701 -410.702 -1801.017 600.038 -411.343 -1802.055 603.246 -410.062 -1800.159 sun-precursor-circuitpattern-01
859 1 15 1026 0 -1 0 587.388 -366.696 -1766.799 585.725 -367.337 -1767.838 588.933 -366.055 -1765.942 sun-precursor-circuitpattern-01
860 1 15 1027 0 -1 0 573.032 -366.696 -1772.410 571.369 -367.337 -1773.448 574.577 -366.055 -1771.552 sun-precursor-circuitpattern-01
861 1 15 1028 0 -1 0 587.377 -366.696 -1807.007 585.714 -367.337 -1808.046 588.922 -366.055 -1806.150 sun-precursor-circuitpattern-01
862 1 15 1029 0 -1 0 573.121 -366.696 -1801.421 571.458 -367.337 -1802.459 574.666 -366.055 -1800.564 sun-precursor-circuitpattern-01
863 1 15 1030 0 -1 0 587.388 -396.695 -1766.799 585.725 -397.335 -1767.838 588.933 -396.054 -1765.942 sun-precursor-circuitpattern-01
864 1 15 1031 0 -1 0 573.032 -396.695 -1772.410 571.369 -397.335 -1773.448 574.577 -396.054 -1771.552 sun-precursor-circuitpattern-01
865 1 15 1032 0 -1 0 587.377 -396.695 -1807.007 585.714 -397.335 -1808.046 588.922 -396.054 -1806.150 sun-precursor-circuitpattern-01
866 1 15 1033 0 -1 0 573.121 -396.695 -1801.421 571.458 -397.335 -1802.459 574.666 -396.054 -1800.564 sun-precursor-circuitpattern-01
867 1 15 1034 0 -1 0 587.388 -410.702 -1766.799 585.725 -411.343 -1767.838 588.933 -410.062 -1765.942 sun-precursor-circuitpattern-01
868 1 15 1035 0 -1 0 573.032 -410.702 -1772.410 571.369 -411.343 -1773.448 574.577 -410.062 -1771.552 sun-precursor-circuitpattern-01
869 1 15 1036 0 -1 0 587.377 -410.702 -1807.007 585.714 -411.343 -1808.046 588.922 -410.062 -1806.150 sun-precursor-circuitpattern-01
870 1 15 1037 0 -1 0 573.121 -410.702 -1801.421 571.458 -411.343 -1802.459 574.666 -410.062 -1800.564 sun-precursor-circuitpattern-01
871 1 15 1038 0 -1 0 567.349 -281.741 -1786.730 565.685 -282.382 -1787.768 568.893 -281.101 -1785.872 sun-precursor-circuitpattern-01
872 1 15 1039 0 -1 0 567.349 -311.740 -1786.730 565.685 -312.381 -1787.768 568.893 -311.099 -1785.872 sun-precursor-circuitpattern-01
873 1 15 1040 0 -1 0 567.349 -325.748 -1786.730 565.685 -326.388 -1787.768 568.893 -325.107 -1785.872 sun-precursor-circuitpattern-01
874 1 15 1041 0 -1 0 567.349 -366.696 -1786.730 565.685 -367.337 -1787.768 568.893 -366.055 -1785.872 sun-precursor-circuitpattern-01
875 1 15 1042 0 -1 0 567.349 -410.702 -1786.730 565.685 -411.343 -1787.768 568.893 -410.062 -1785.872 sun-precursor-circuitpattern-01
876 1 15 1043 0 -1 0 567.349 -396.695 -1786.730 565.685 -397.335 -1787.768 568.893 -396.054 -1785.872 sun-precursor-circuitpattern-01
877 1 47 624 0 -1 0 582.956 -288.593 -1840.313 581.977 -289.677 -1840.910 583.932 -287.513 -1839.717 sun-hot-pipe-01
878 1 47 648 0 -1 0 657.787 -437.798 -1778.772 656.942 -438.839 -1779.577 658.636 -436.703 -1777.971 sun-hot-pipe-01
879 1 42 996 0 -1 0 587.266 -281.741 -1766.809 585.963 -282.179 -1767.758 588.389 -281.304 -1766.127 sun-blue
880 1 42 997 0 -1 0 601.844 -281.741 -1772.459 600.541 -282.179 -1773.409 602.967 -281.304 -1771.778 sun-blue
881 1 42 998 0 -1 0 572.910 -281.741 -1772.419 571.608 -282.179 -1773.368 574.034 -281.304 -1771.738 sun-blue
882 1 42 999 0 -1 0 601.844 -311.740 -1772.459 600.541 -312.178 -1773.409 602.967 -311.303 -1771.778 sun-blue
883 1 42 1000 0 -1 0 606.872 -281.741 -1786.824 605.685 -282.179 -1787.479 608.328 -281.304 -1786.354 sun-blue
884 1 42 1001 0 -1 0 606.872 -311.740 -1786.824 605.685 -312.178 -1787.479 608.328 -311.303 -1786.354 sun-blue
885 1 42 1002 0 -1 0 601.844 -325.748 -1772.459 600.541 -326.185 -1773.409 602.967 -325.310 -1771.778 sun-blue
886 1 42 1003 0 -1 0 606.872 -325.748 -1786.824 605.685 -326.185 -1787.479 608.328 -325.310 -1786.354 sun-blue
887 1 42 1004 0 -1 0 572.910 -311.740 -1772.419 571.608 -312.178 -1773.368 574.034 -311.303 -1771.738 sun-blue
888 1 42 1005 0 -1 0 587.266 -311.740 -1766.809 585.963 -312.178 -1767.758 588.389 -311.303 -1766.127 sun-blue
889 1 42 1006 0 -1 0 572.910 -325.748 -1772.419 571.608 -326.185 -1773.368 574.034 -325.310 -1771.738 sun-blue
890 1 42 1007 0 -1 0 587.266 -325.748 -1766.809 585.963 -326.185 -1767.758 588.389 -325.310 -1766.127 sun-blue
891 1 42 1008 0 -1 0 601.579 -281.741 -1801.026 600.277 -282.179 -1801.976 602.702 -281.304 -1800.345 sun-blue
892 1 42 1009 0 -1 0 572.999 -281.741 -1801.430 571.696 -282.179 -1802.380 574.122 -281.304 -1800.749 sun-blue
893 1 42 1010 0 -1 0 587.255 -281.741 -1807.017 585.953 -282.179 -1807.966 588.379 -281.304 -1806.336 sun-blue
894 1 42 1011 0 -1 0 601.579 -311.740 -1801.026 600.277 -312.178 -1801.976 602.702 -311.303 -1800.345 sun-blue
895 1 42 1012 0 -1 0 572.999 -311.740 -1801.430 571.696 -312.178 -1802.380 574.122 -311.303 -1800.749 sun-blue
896 1 42 1013 0 -1 0 587.255 -311.740 -1807.017 585.953 -312.178 -1807.966 588.379 -311.303 -1806.336 sun-blue
897 1 42 1014 0 -1 0 601.579 -325.748 -1801.026 600.277 -326.185 -1801.976 602.702 -325.310 -1800.345 sun-blue
898 1 42 1015 0 -1 0 572.999 -325.748 -1801.430 571.696 -326.185 -1802.380 574.122 -325.310 -1800.749 sun-blue
899 1 42 1016 0 -1 0 587.255 -325.748 -1807.017 585.953 -326.185 -1807.966 588.379 -325.310 -1806.336 sun-blue
900 1 42 1017 0 -1 0 601.844 -366.696 -1772.459 600.541 -367.134 -1773.409 602.967 -366.259 -1771.778 sun-blue
901 1 42 1018 0 -1 0 601.579 -366.696 -1801.026 600.277 -367.134 -1801.976 602.702 -366.259 -1800.345 sun-blue
902 1 42 1019 0 -1 0 606.872 -366.696 -1786.824 605.685 -367.134 -1787.479 608.328 -366.259 -1786.354 sun-blue
903 1 42 1020 0 -1 0 601.844 -396.695 -1772.459 600.541 -397.132 -1773.409 602.967 -396.257 -1771.778 sun-blue
904 1 42 1021 0 -1 0 606.872 -396.695 -1786.824 605.685 -397.132 -1787.479 608.328 -396.257 -1786.354 sun-blue
905 1 42 1022 0 -1 0 601.579 -396.695 -1801.026 600.277 -397.132 -1801.976 602.702 -396.257 -1800.345 sun-blue
906 1 42 1023 0 -1 0 606.872 -410.702 -1786.824 605.685 -411.140 -1787.479 608.328 -410.265 -1786.354 sun-blue
907 1 42 1024 0 -1 0 601.844 -410.702 -1772.459 600.541 -411.140 -1773.409 602.967 -410.265 -1771.778 sun-blue
908 1 42 1025 0 -1 0 601.579 -410.702 -1801.026 600.277 -411.140 -1801.976 602.702 -410.265 -1800.345 sun-blue
909 1 42 1026 0 -1 0 587.266 -366.696 -1766.809 585.963 -367.134 -1767.758 588.389 -366.259 -1766.127 sun-blue
910 1 42 1027 0 -1 0 572.910 -366.696 -1772.419 571.608 -367.134 -1773.368 574.034 -366.259 -1771.738 sun-blue
911 1 42 1028 0 -1 0 587.255 -366.696 -1807.017 585.953 -367.134 -1807.966 588.379 -366.259 -1806.336 sun-blue
912 1 42 1029 0 -1 0 572.999 -366.696 -1801.430 571.696 -367.134 -1802.380 574.122 -366.259 -1800.749 sun-blue
913 1 42 1030 0 -1 0 587.266 -396.695 -1766.809 585.963 -397.132 -1767.758 588.389 -396.257 -1766.127 sun-blue
914 1 42 1031 0 -1 0 572.910 -396.695 -1772.419 571.608 -397.132 -1773.368 574.034 -396.257 -1771.738 sun-blue
915 1 42 1032 0 -1 0 587.255 -396.695 -1807.017 585.953 -397.132 -1807.966 588.379 -396.257 -1806.336 sun-blue
916 1 42 1033 0 -1 0 572.999 -396.695 -1801.430 571.696 -397.132 -1802.380 574.122 -396.257 -1800.749 sun-blue
917 1 42 1034 0 -1 0 587.266 -410.702 -1766.809 585.963 -411.140 -1767.758 588.389 -410.265 -1766.127 sun-blue
918 1 42 1035 0 -1 0 572.910 -410.702 -1772.419 571.608 -411.140 -1773.368 574.034 -410.265 -1771.738 sun-blue
919 1 42 1036 0 -1 0 587.255 -410.702 -1807.017 585.953 -411.140 -1807.966 588.379 -410.265 -1806.336 sun-blue
920 1 42 1037 0 -1 0 572.999 -410.702 -1801.430 571.696 -411.140 -1802.380 574.122 -410.265 -1800.749 sun-blue
921 1 42 1038 0 -1 0 567.226 -281.741 -1786.739 565.924 -282.179 -1787.689 568.350 -281.304 -1786.058 sun-blue
922 1 42 1039 0 -1 0 567.226 -311.740 -1786.739 565.924 -312.178 -1787.689 568.350 -311.303 -1786.058 sun-blue
923 1 42 1040 0 -1 0 567.226 -325.748 -1786.739 565.924 -326.185 -1787.689 568.350 -325.310 -1786.058 sun-blue
924 1 42 1041 0 -1 0 567.226 -366.696 -1786.739 565.924 -367.134 -1787.689 568.350 -366.259 -1786.058 sun-blue
925 1 42 1042 0 -1 0 567.226 -410.702 -1786.739 565.924 -411.140 -1787.689 568.350 -410.265 -1786.058 sun-blue
926 1 42 1043 0 -1 0 567.226 -396.695 -1786.739 565.924 -397.132 -1787.689 568.350 -396.257 -1786.058 sun-blue
927 1 24 1067 0 -1 0 572.710 -447.569 -1802.456 572.073 -447.639 -1803.092 573.346 -447.545 -1801.820 sun-precursor-metal-plain-01
928 1 43 980 0 -1 0 576.474 -234.795 -1727.635 575.443 -234.885 -1728.416 577.505 -234.682 -1726.854 sun-palelight
929 1 43 981 0 -1 0 576.474 -234.795 -1751.635 575.443 -234.885 -1752.416 577.505 -234.682 -1750.854 sun-palelight
930 1 14 1071 0 -1 0 607.399 -329.739 -1787.752 606.199 -330.329 -1789.458 608.599 -329.141 -1786.045 sun-precursor-plainstripe
931 1 14 1075 0 -1 0 572.710 -329.739 -1802.456 571.013 -330.329 -1804.153 574.407 -329.141 -1800.759 sun-precursor-plainstripe
932 1 14 1076 0 -1 0 586.966 -329.739 -1808.042 585.269 -330.329 -1809.739 588.663 -329.141 -1806.345 sun-precursor-plainstripe
933 1 14 1077 0 -1 0 607.399 -414.693 -1787.752 606.199 -415.283 -1789.458 608.599 -414.096 -1786.045 sun-precursor-plainstripe
934 1 14 1079 0 -1 0 601.290 -414.693 -1802.051 599.593 -415.283 -1803.748 602.987 -414.096 -1800.355 sun-precursor-plainstripe
935 1 14 1082 0 -1 0 586.966 -414.693 -1808.042 585.269 -415.283 -1809.739 588.663 -414.096 -1806.345 sun-precursor-plainstripe
936 1 14 1083 0 -1 0 572.710 -414.693 -1802.456 571.013 -415.283 -1804.153 574.407 -414.096 -1800.759 sun-precursor-plainstripe
937 1 54 1067 0 -1 0 572.710 -446.569 -1802.456 570.642 -446.670 -1804.524 574.778 -446.451 -1800.388 sun-edging-02
938 1 11 996 0 -1 0 587.450 -281.744 -1766.731 585.566 -282.601 -1768.116 588.933 -280.882 -1765.942 sun-precursor-metal-edge-01
939 1 11 997 0 -1 0 602.028 -281.744 -1772.382 600.143 -282.601 -1773.767 603.510 -280.882 -1771.592 sun-precursor-metal-edge-01
940 1 11 998 0 -1 0 573.094 -281.744 -1772.341 571.210 -282.601 -1773.726 574.577 -280.882 -1771.552 sun-precursor-metal-edge-01
941 1 11 999 0 -1 0 602.028 -311.742 -1772.382 600.143 -312.599 -1773.767 603.510 -310.881 -1771.592 sun-precursor-metal-edge-01
942 1 11 1000 0 -1 0 606.947 -281.744 -1786.639 605.516 -282.601 -1787.891 608.872 -280.882 -1785.791 sun-precursor-metal-edge-01
943 1 11 1001 0 -1 0 606.947 -311.742 -1786.639 605.516 -312.599 -1787.891 608.872 -310.881 -1785.791 sun-precursor-metal-edge-01
944 1 11 1002 0 -1 0 602.028 -325.750 -1772.382 600.143 -326.607 -1773.767 603.510 -324.888 -1771.592 sun-precursor-metal-edge-01
945 1 11 1003 0 -1 0 606.947 -325.750 -1786.639 605.516 -326.607 -1787.891 608.872 -324.888 -1785.791 sun-precursor-metal-edge-01
946 1 11 1004 0 -1 0 573.094 -311.742 -1772.341 571.210 -312.599 -1773.726 574.577 -310.881 -1771.552 sun-precursor-metal-edge-01
947 1 11 1005 0 -1 0 587.450 -311.742 -1766.731 585.566 -312.599 -1768.116 588.933 -310.881 -1765.942 sun-precursor-metal-edge-01
948 1 11 1006 0 -1 0 573.094 -325.750 -1772.341 571.210 -326.607 -1773.726 574.577 -324.888 -1771.552 sun-precursor-metal-edge-01
949 1 11 1007 0 -1 0 587.450 -325.750 -1766.731 585.566 -326.607 -1768.116 588.933 -324.888 -1765.942 sun-precursor-metal-edge-01
950 1 11 1008 0 -1 0 601.763 -281.744 -1800.949 599.879 -282.601 -1802.333 603.246 -280.882 -1800.159 sun-precursor-metal-edge-01
951 1 11 1009 0 -1 0 573.183 -281.744 -1801.353 571.299 -282.601 -1802.738 574.666 -280.882 -1800.564 sun-precursor-metal-edge-01
952 1 11 1010 0 -1 0 587.439 -281.744 -1806.939 585.555 -282.601 -1808.324 588.922 -280.882 -1806.150 sun-precursor-metal-edge-01
953 1 11 1011 0 -1 0 601.763 -311.742 -1800.949 599.879 -312.599 -1802.333 603.246 -310.881 -1800.159 sun-precursor-metal-edge-01
954 1 11 1012 0 -1 0 573.183 -311.742 -1801.353 571.299 -312.599 -1802.738 574.666 -310.881 -1800.564 sun-precursor-metal-edge-01
955 1 11 1013 0 -1 0 587.439 -311.742 -1806.939 585.555 -312.599 -1808.324 588.922 -310.881 -1806.150 sun-precursor-metal-edge-01
956 1 11 1014 0 -1 0 601.763 -325.750 -1800.949 599.879 -326.607 -1802.333 603.246 -324.888 -1800.159 sun-precursor-metal-edge-01
957 1 11 1015 0 -1 0 573.183 -325.750 -1801.353 571.299 -326.607 -1802.738 574.666 -324.888 -1800.564 sun-precursor-metal-edge-01
958 1 11 1016 0 -1 0 587.439 -325.750 -1806.939 585.555 -326.607 -1808.324 588.922 -324.888 -1806.150 sun-precursor-metal-edge-01
959 1 11 1017 0 -1 0 602.028 -366.698 -1772.382 600.143 -367.555 -1773.767 603.510 -365.837 -1771.592 sun-precursor-metal-edge-01
960 1 11 1018 0 -1 0 601.763 -366.698 -1800.949 599.879 -367.555 -1802.333 603.246 -365.837 -1800.159 sun-precursor-metal-edge-01
961 1 11 1019 0 -1 0 606.947 -366.698 -1786.639 605.516 -367.555 -1787.891 608.872 -365.837 -1785.791 sun-precursor-metal-edge-01
962 1 11 1020 0 -1 0 602.028 -396.697 -1772.382 600.143 -397.554 -1773.767 603.510 -395.835 -1771.592 sun-precursor-metal-edge-01
963 1 11 1021 0 -1 0 606.947 -396.697 -1786.639 605.516 -397.554 -1787.891 608.872 -395.835 -1785.791 sun-precursor-metal-edge-01
964 1 11 1022 0 -1 0 601.763 -396.697 -1800.949 599.879 -397.554 -1802.333 603.246 -395.835 -1800.159 sun-precursor-metal-edge-01
965 1 11 1023 0 -1 0 606.947 -410.704 -1786.639 605.516 -411.562 -1787.891 608.872 -409.843 -1785.791 sun-precursor-metal-edge-01
966 1 11 1024 0 -1 0 602.028 -410.704 -1772.382 600.143 -411.562 -1773.767 603.510 -409.843 -1771.592 sun-precursor-metal-edge-01
967 1 11 1025 0 -1 0 601.763 -410.704 -1800.949 599.879 -411.562 -1802.333 603.246 -409.843 -1800.159 sun-precursor-metal-edge-01
968 1 11 1026 0 -1 0 587.450 -366.698 -1766.731 585.566 -367.555 -1768.116 588.933 -365.837 -1765.942 sun-precursor-metal-edge-01
969 1 11 1027 0 -1 0 573.094 -366.698 -1772.341 571.210 -367.555 -1773.726 574.577 -365.837 -1771.552 sun-precursor-metal-edge-01
970 1 11 1028 0 -1 0 587.439 -366.698 -1806.939 585.555 -367.555 -1808.324 588.922 -365.837 -1806.150 sun-precursor-metal-edge-01
971 1 11 1029 0 -1 0 573.183 -366.698 -1801.353 571.299 -367.555 -1802.738 574.666 -365.837 -1800.564 sun-precursor-metal-edge-01
972 1 11 1030 0 -1 0 587.450 -396.697 -1766.731 585.566 -397.554 -1768.116 588.933 -395.835 -1765.942 sun-precursor-metal-edge-01
973 1 11 1031 0 -1 0 573.094 -396.697 -1772.341 571.210 -397.554 -1773.726 574.577 -395.835 -1771.552 sun-precursor-metal-edge-01
974 1 11 1032 0 -1 0 587.439 -396.697 -1806.939 585.555 -397.554 -1808.324 588.922 -395.835 -1806.150 sun-precursor-metal-edge-01
975 1 11 1033 0 -1 0 573.183 -396.697 -1801.353 571.299 -397.554 -1802.738 574.666 -395.835 -1800.564 sun-precursor-metal-edge-01
976 1 11 1034 0 -1 0 587.450 -410.704 -1766.731 585.566 -411.562 -1768.116 588.933 -409.843 -1765.942 sun-precursor-metal-edge-01
977 1 11 1035 0 -1 0 573.094 -410.704 -1772.341 571.210 -411.562 -1773.726 574.577 -409.843 -1771.552 sun-precursor-metal-edge-01
978 1 11 1036 0 -1 0 587.439 -410.704 -1806.939 585.555 -411.562 -1808.324 588.922 -409.843 -1806.150 sun-precursor-metal-edge-01
979 1 11 1037 0 -1 0 573.183 -410.704 -1801.353 571.299 -411.562 -1802.738 574.666 -409.843 -1800.564 sun-precursor-metal-edge-01
980 1 11 1038 0 -1 0 567.411 -281.744 -1786.662 565.526 -282.601 -1788.046 568.893 -280.882 -1785.872 sun-precursor-metal-edge-01
981 1 11 1039 0 -1 0 567.411 -311.742 -1786.662 565.526 -312.599 -1788.046 568.893 -310.881 -1785.872 sun-precursor-metal-edge-01
982 1 11 1040 0 -1 0 567.411 -325.750 -1786.662 565.526 -326.607 -1788.046 568.893 -324.888 -1785.872 sun-precursor-metal-edge-01
983 1 11 1041 0 -1 0 567.411 -366.698 -1786.662 565.526 -367.555 -1788.046 568.893 -365.837 -1785.872 sun-precursor-metal-edge-01
984 1 11 1042 0 -1 0 567.411 -410.704 -1786.662 565.526 -411.562 -1788.046 568.893 -409.843 -1785.872 sun-precursor-metal-edge-01
985 1 11 1043 0 -1 0 567.411 -396.697 -1786.662 565.526 -397.554 -1788.046 568.893 -395.835 -1785.872 sun-precursor-metal-edge-01
986 1 92 1086 0 -1 89 577.721 -294.998 -1774.345 574.800 -295.241 -1777.273 580.643 -294.710 -1771.430 pal-environment-front
987 1 92 1087 0 -1 89 555.131 -249.315 -1672.337 552.209 -249.558 -1675.265 558.053 -249.027 -1669.421 pal-environment-front
988 1 92 1088 0 -1 89 570.561 -369.834 -1791.014 567.639 -370.077 -1793.942 573.483 -369.546 -1788.098 pal-environment-front
989 1 92 1089 0 -1 89 570.377 -450.654 -1788.120 567.455 -450.898 -1791.048 573.299 -450.366 -1785.204 pal-environment-front
990 1 92 1070 0 -1 0 601.555 -329.738 -1773.485 599.858 -330.329 -1775.181 603.251 -329.141 -1771.788 pal-environment-front
991 1 92 1072 0 -1 0 586.977 -329.738 -1767.834 585.280 -330.329 -1769.531 588.673 -329.141 -1766.137 pal-environment-front
992 1 92 1073 0 -1 0 572.621 -329.738 -1773.444 570.924 -330.329 -1775.141 574.318 -329.141 -1771.747 pal-environment-front
993 1 92 1074 0 -1 0 601.290 -329.738 -1802.052 599.593 -330.329 -1803.748 602.987 -329.141 -1800.355 pal-environment-front
994 1 92 1078 0 -1 0 601.555 -414.692 -1773.485 599.858 -415.283 -1775.181 603.251 -414.096 -1771.788 pal-environment-front
995 1 92 1080 0 -1 0 586.977 -414.692 -1767.834 585.280 -415.283 -1769.531 588.673 -414.096 -1766.137 pal-environment-front
996 1 92 1081 0 -1 0 572.621 -414.692 -1773.444 570.924 -415.283 -1775.141 574.318 -414.096 -1771.747 pal-environment-front
997 1 92 1084 0 -1 0 566.938 -329.738 -1787.765 565.241 -330.329 -1789.461 568.634 -329.141 -1786.068 pal-environment-front
998 1 92 1085 0 -1 0 566.938 -414.692 -1787.765 565.241 -415.283 -1789.461 568.634 -414.096 -1786.068 pal-environment-front
999 1 15 990 0 -1 0 601.556 -432.365 -1773.479 599.849 -433.057 -1775.192 603.269 -431.885 -1771.772 sun-precursor-circuitpattern-01
1000 1 92 983 0 -1 0 588.922 -228.384 -1665.645 586.261 -230.531 -1668.308 591.582 -226.598 -1662.987 pal-environment-front
1001 1 92 992 0 -1 0 561.875 -228.385 -1693.841 559.213 -230.531 -1696.504 564.534 -226.598 -1691.183 pal-environment-front
1002 1 92 1071 0 -1 0 607.399 -329.738 -1787.752 605.861 -330.329 -1789.458 608.936 -329.141 -1786.045 pal-environment-front
1003 1 92 1075 0 -1 0 572.710 -329.738 -1802.456 571.013 -330.329 -1804.153 574.407 -329.141 -1800.759 pal-environment-front
1004 1 92 1076 0 -1 0 586.966 -329.738 -1808.042 585.269 -330.329 -1809.739 588.663 -329.141 -1806.345 pal-environment-front
1005 1 92 1077 0 -1 0 607.399 -414.692 -1787.752 605.861 -415.283 -1789.458 608.936 -414.096 -1786.045 pal-environment-front
1006 1 92 1079 0 -1 0 601.290 -414.692 -1802.052 599.593 -415.283 -1803.748 602.987 -414.096 -1800.355 pal-environment-front
1007 1 92 1082 0 -1 0 586.966 -414.692 -1808.042 585.269 -415.283 -1809.739 588.663 -414.096 -1806.345 pal-environment-front
1008 1 92 1083 0 -1 0 572.710 -414.692 -1802.456 571.013 -415.283 -1804.153 574.407 -414.096 -1800.759 pal-environment-front
1009 1 92 982 0 -1 0 586.974 -277.043 -1767.843 585.676 -277.767 -1769.141 588.274 -276.173 -1766.543 pal-environment-front
1010 1 92 984 0 -1 0 601.552 -277.043 -1773.494 600.254 -277.767 -1774.792 602.852 -276.173 -1772.194 pal-environment-front
1011 1 92 985 0 -1 0 572.619 -277.043 -1773.453 571.320 -277.767 -1774.751 573.918 -276.173 -1772.153 pal-environment-front
1012 1 92 986 0 -1 0 607.393 -277.043 -1787.759 606.098 -277.767 -1789.052 608.686 -276.173 -1786.465 pal-environment-front
1013 1 92 987 0 -1 0 572.707 -277.043 -1802.465 571.409 -277.767 -1803.763 574.007 -276.173 -1801.165 pal-environment-front
1014 1 92 988 0 -1 0 601.287 -277.043 -1802.061 599.989 -277.767 -1803.359 602.587 -276.173 -1800.761 pal-environment-front
1015 1 92 989 0 -1 0 586.963 -277.043 -1808.051 585.665 -277.767 -1809.349 588.263 -276.173 -1806.751 pal-environment-front
1016 1 92 991 0 -1 0 607.389 -432.482 -1787.748 605.448 -433.526 -1789.690 609.329 -431.613 -1785.810 pal-environment-front
1017 1 92 993 0 -1 0 566.935 -277.043 -1787.774 565.636 -277.767 -1789.072 568.235 -276.173 -1786.474 pal-environment-front
1018 1 92 994 0 -1 0 576.458 -250.622 -1768.153 573.958 -256.255 -1770.653 578.958 -248.349 -1765.653 pal-environment-front
1019 1 92 995 0 -1 0 576.477 -250.622 -1780.118 573.977 -256.255 -1782.618 578.977 -248.349 -1777.618 pal-environment-front
1020 1 24 980 0 -1 0 576.475 -236.178 -1727.635 567.927 -239.057 -1728.822 585.021 -233.151 -1726.447 sun-precursor-metal-plain-01
1021 1 24 981 0 -1 0 576.475 -236.178 -1751.635 567.927 -239.057 -1752.822 585.021 -233.151 -1750.447 sun-precursor-metal-plain-01
1022 1 27 361 0 -1 0 573.094 -239.002 -1790.592 569.112 -239.002 -1792.523 577.112 -239.002 -1788.523 sun-floor-01
1023 1 31 361 0 -1 0 573.094 -239.002 -1794.462 569.112 -239.002 -1796.523 577.112 -239.002 -1792.523 sun-floor-05
1024 1 43 1044 0 -1 0 642.615 -302.131 -1834.998 641.886 -302.611 -1835.763 643.268 -301.862 -1834.169 sun-palelight
1025 1 43 1045 0 -1 0 647.032 -346.841 -1817.646 646.232 -347.289 -1818.517 647.740 -346.585 -1816.863 sun-palelight
1026 1 43 1046 0 -1 0 606.525 -284.853 -1835.214 605.692 -285.304 -1836.097 607.236 -284.598 -1834.438 sun-palelight
1027 1 43 1047 0 -1 0 619.581 -339.983 -1847.766 618.732 -340.353 -1848.537 620.399 -339.714 -1847.016 sun-palelight
1028 1 43 1048 0 -1 0 669.313 -314.897 -1867.739 668.492 -315.289 -1868.456 670.102 -314.631 -1866.990 sun-palelight
1029 1 43 1049 0 -1 0 651.804 -323.682 -1908.255 651.067 -324.095 -1909.053 652.596 -323.418 -1907.386 sun-palelight
1030 1 43 1050 0 -1 0 613.192 -334.150 -1893.605 612.382 -334.533 -1894.377 614.048 -333.883 -1892.861 sun-palelight
1031 1 43 1051 0 -1 0 727.303 -382.142 -1851.584 726.578 -382.582 -1852.333 728.004 -381.882 -1850.824 sun-palelight
1032 1 43 1052 0 -1 0 686.569 -366.915 -1835.780 685.702 -367.408 -1836.531 687.255 -366.642 -1834.887 sun-palelight
1033 1 43 1053 0 -1 0 724.514 -409.438 -1795.542 723.826 -409.894 -1796.275 725.231 -409.184 -1794.806 sun-palelight
1034 1 43 1054 0 -1 0 753.894 -394.911 -1826.227 753.166 -395.306 -1826.973 754.632 -394.643 -1825.495 sun-palelight
1035 1 43 1055 0 -1 0 689.059 -417.434 -1799.414 688.345 -417.871 -1800.254 689.813 -417.171 -1798.641 sun-palelight
1036 1 43 1056 0 -1 0 662.071 -427.296 -1772.478 661.317 -427.739 -1773.346 662.953 -427.035 -1771.720 sun-palelight
1037 1 43 1057 0 -1 0 627.609 -435.828 -1771.750 626.865 -436.187 -1772.555 628.369 -435.558 -1770.919 sun-palelight
1038 1 43 1058 0 -1 0 511.705 -244.238 -1788.696 510.927 -244.670 -1789.429 512.585 -243.976 -1787.831 sun-palelight
1039 1 43 1059 0 -1 0 505.102 -254.958 -1825.834 504.282 -255.389 -1826.526 505.880 -254.698 -1825.095 sun-palelight
1040 1 43 1060 0 -1 0 570.385 -272.987 -1853.189 569.653 -273.389 -1853.964 571.099 -272.722 -1852.434 sun-palelight
1041 1 43 1061 0 -1 0 531.660 -264.711 -1852.149 530.898 -265.127 -1852.942 532.381 -264.449 -1851.297 sun-palelight
1042 1 92 1110 0 -1 0 596.262 -329.010 -1804.817 593.276 -331.478 -1807.204 599.959 -326.541 -1802.981 pal-environment-front
1043 1 92 1111 0 -1 0 579.515 -380.077 -1805.860 575.774 -382.546 -1808.066 582.651 -377.609 -1804.171 pal-environment-front
1044 1 92 1112 0 -1 0 590.848 -378.495 -1806.227 587.402 -380.964 -1807.881 594.679 -376.027 -1804.982 pal-environment-front
1045 1 21 1110 0 -1 0 596.317 -329.010 -1804.920 593.276 -331.478 -1807.204 599.959 -326.541 -1802.981 sun-precursor-tube-ring-02
1046 1 21 1111 0 -1 0 579.470 -380.077 -1805.968 575.774 -382.546 -1808.066 582.651 -377.609 -1804.171 sun-precursor-tube-ring-02
1047 1 21 1112 0 -1 0 590.878 -378.495 -1806.340 587.402 -380.964 -1807.881 594.679 -376.027 -1804.982 sun-precursor-tube-ring-02
1048 1 24 1110 0 -1 0 596.207 -329.010 -1804.713 593.349 -330.510 -1806.446 599.064 -327.510 -1802.981 sun-precursor-metal-plain-01
1049 1 24 1111 0 -1 0 579.560 -380.077 -1805.751 576.648 -381.577 -1807.331 582.472 -378.577 -1804.171 sun-precursor-metal-plain-01
1050 1 24 1112 0 -1 0 590.818 -378.495 -1806.114 587.813 -379.995 -1807.245 593.823 -376.995 -1804.982 sun-precursor-metal-plain-01
1051 1 24 1068 0 -1 0 578.276 -225.713 -1789.705 577.166 -225.929 -1790.815 579.386 -225.558 -1788.595 sun-precursor-metal-plain-01
1052 1 24 1069 0 -1 0 588.270 -230.691 -1778.664 587.160 -230.968 -1779.774 589.380 -230.493 -1777.553 sun-precursor-metal-plain-01
1053 1 92 1067 0 -1 0 572.716 -446.944 -1802.462 570.642 -447.639 -1804.524 574.778 -446.451 -1800.388 pal-environment-front
1054 1 37 329 0 -1 0 586.969 -300.309 -1767.848 585.177 -300.928 -1769.636 588.756 -299.709 -1766.056 sun-precursor-tube-ring-01
1055 1 37 330 0 -1 0 586.968 -293.212 -1767.847 585.177 -293.709 -1769.636 588.756 -292.678 -1766.056 sun-precursor-tube-ring-01
1056 1 37 331 0 -1 0 601.547 -300.309 -1773.499 599.755 -300.928 -1775.287 603.334 -299.709 -1771.707 sun-precursor-tube-ring-01
1057 1 37 332 0 -1 0 601.546 -293.212 -1773.498 599.755 -293.709 -1775.287 603.334 -292.678 -1771.707 sun-precursor-tube-ring-01
1058 1 37 333 0 -1 0 607.403 -300.309 -1787.758 605.629 -300.928 -1789.530 609.200 -299.709 -1785.986 sun-precursor-tube-ring-01
1059 1 37 334 0 -1 0 607.402 -293.212 -1787.758 605.629 -293.709 -1789.530 609.200 -292.678 -1785.986 sun-precursor-tube-ring-01
1060 1 37 335 0 -1 0 601.282 -300.309 -1802.066 599.490 -300.928 -1803.853 603.070 -299.709 -1800.274 sun-precursor-tube-ring-01
1061 1 37 336 0 -1 0 601.281 -293.212 -1802.065 599.490 -293.709 -1803.853 603.070 -292.678 -1800.274 sun-precursor-tube-ring-01
1062 1 37 337 0 -1 0 572.702 -300.309 -1802.470 570.910 -300.928 -1804.258 574.490 -299.709 -1800.678 sun-precursor-tube-ring-01
1063 1 37 338 0 -1 0 572.701 -293.212 -1802.469 570.910 -293.709 -1804.258 574.490 -292.678 -1800.678 sun-precursor-tube-ring-01
1064 1 37 339 0 -1 0 586.958 -300.309 -1808.056 585.166 -300.928 -1809.844 588.746 -299.709 -1806.264 sun-precursor-tube-ring-01
1065 1 37 340 0 -1 0 586.957 -293.212 -1808.055 585.166 -293.709 -1809.844 588.746 -292.678 -1806.264 sun-precursor-tube-ring-01
1066 1 37 341 0 -1 0 607.403 -385.264 -1787.758 605.629 -385.883 -1789.530 609.200 -384.664 -1785.986 sun-precursor-tube-ring-01
1067 1 37 342 0 -1 0 607.402 -378.167 -1787.758 605.629 -378.664 -1789.530 609.200 -377.633 -1785.986 sun-precursor-tube-ring-01
1068 1 37 343 0 -1 0 601.547 -385.264 -1773.499 599.755 -385.883 -1775.287 603.334 -384.664 -1771.707 sun-precursor-tube-ring-01
1069 1 37 344 0 -1 0 601.546 -378.167 -1773.498 599.755 -378.664 -1775.287 603.334 -377.633 -1771.707 sun-precursor-tube-ring-01
1070 1 37 345 0 -1 0 601.282 -385.264 -1802.066 599.490 -385.883 -1803.853 603.070 -384.664 -1800.274 sun-precursor-tube-ring-01
1071 1 37 346 0 -1 0 601.281 -378.167 -1802.065 599.490 -378.664 -1803.853 603.070 -377.633 -1800.274 sun-precursor-tube-ring-01
1072 1 37 347 0 -1 0 586.969 -385.264 -1767.848 585.177 -385.883 -1769.636 588.756 -384.664 -1766.056 sun-precursor-tube-ring-01
1073 1 37 348 0 -1 0 586.968 -378.167 -1767.847 585.177 -378.664 -1769.636 588.756 -377.633 -1766.056 sun-precursor-tube-ring-01
1074 1 37 349 0 -1 0 586.958 -385.264 -1808.056 585.166 -385.883 -1809.844 588.746 -384.664 -1806.264 sun-precursor-tube-ring-01
1075 1 37 350 0 -1 0 586.957 -378.167 -1808.055 585.166 -378.664 -1809.844 588.746 -377.633 -1806.264 sun-precursor-tube-ring-01
1076 1 37 351 0 -1 0 572.702 -385.264 -1802.470 570.910 -385.883 -1804.258 574.490 -384.664 -1800.678 sun-precursor-tube-ring-01
1077 1 37 352 0 -1 0 572.701 -378.167 -1802.469 570.910 -378.664 -1804.258 574.490 -377.633 -1800.678 sun-precursor-tube-ring-01
1078 1 37 353 0 -1 0 572.613 -300.309 -1773.458 570.821 -300.928 -1775.246 574.401 -299.709 -1771.667 sun-precursor-tube-ring-01
1079 1 37 354 0 -1 0 572.612 -293.212 -1773.457 570.821 -293.709 -1775.246 574.401 -292.678 -1771.667 sun-precursor-tube-ring-01
1080 1 37 355 0 -1 0 566.929 -300.309 -1787.779 565.138 -300.928 -1789.566 568.717 -299.709 -1785.987 sun-precursor-tube-ring-01
1081 1 37 356 0 -1 0 566.928 -293.212 -1787.778 565.138 -293.709 -1789.566 568.717 -292.678 -1785.987 sun-precursor-tube-ring-01
1082 1 37 357 0 -1 0 566.929 -385.264 -1787.779 565.138 -385.883 -1789.566 568.717 -384.664 -1785.987 sun-precursor-tube-ring-01
1083 1 37 358 0 -1 0 566.928 -378.167 -1787.778 565.138 -378.664 -1789.566 568.717 -377.633 -1785.987 sun-precursor-tube-ring-01
1084 1 37 359 0 -1 0 572.613 -385.264 -1773.458 570.821 -385.883 -1775.246 574.401 -384.664 -1771.667 sun-precursor-tube-ring-01
1085 1 37 360 0 -1 0 572.612 -378.167 -1773.457 570.821 -378.664 -1775.246 574.401 -377.633 -1771.667 sun-precursor-tube-ring-01
1086 1 92 1065 0 -1 188 576.621 -369.477 -1798.219 572.616 -370.088 -1802.219 580.616 -369.072 -1794.219 pal-environment-front
1087 1 92 1066 0 -1 188 575.527 -447.361 -1798.207 571.522 -447.972 -1802.207 579.522 -446.956 -1794.207 pal-environment-front
1088 1 47 604 0 -1 0 642.619 -318.233 -1845.643 641.295 -319.146 -1846.869 643.838 -317.095 -1844.326 sun-hot-pipe-01
1089 1 47 606 0 -1 0 590.620 -290.332 -1855.452 589.342 -291.217 -1856.738 591.811 -289.225 -1854.250 sun-hot-pipe-01
1090 1 47 608 0 -1 0 657.050 -332.772 -1892.574 655.763 -333.418 -1893.856 658.361 -331.881 -1891.259 sun-hot-pipe-01
1091 1 47 610 0 -1 0 605.059 -350.636 -1862.449 603.771 -351.189 -1863.735 606.342 -349.832 -1861.181 sun-hot-pipe-01
1092 1 47 612 0 -1 0 755.988 -403.415 -1851.177 754.672 -404.313 -1852.504 757.193 -402.298 -1849.976 sun-hot-pipe-01
1093 1 47 614 0 -1 0 754.805 -412.495 -1800.968 753.573 -413.275 -1802.272 756.107 -411.479 -1799.745 sun-hot-pipe-01
1094 1 47 616 0 -1 0 685.153 -433.703 -1786.203 683.909 -434.495 -1787.528 686.478 -432.675 -1784.958 sun-hot-pipe-01
1095 1 47 618 0 -1 0 669.771 -439.384 -1766.742 668.519 -440.177 -1768.080 671.114 -438.356 -1765.472 sun-hot-pipe-01
1096 1 30 362 0 -1 0 652.417 -316.974 -1831.075 651.337 -317.768 -1831.892 653.500 -316.194 -1830.255 sun-yellow
1097 1 30 363 0 -1 0 643.405 -317.264 -1845.258 642.323 -318.058 -1846.078 644.485 -316.483 -1844.442 sun-yellow
1098 1 30 364 0 -1 0 582.527 -289.342 -1840.242 581.444 -290.109 -1841.022 583.607 -288.589 -1839.457 sun-yellow
1099 1 30 365 0 -1 0 590.630 -289.387 -1854.589 589.550 -290.154 -1855.373 591.712 -288.633 -1853.809 sun-yellow
1100 1 30 366 0 -1 0 671.297 -331.369 -1902.209 670.434 -331.883 -1903.314 672.164 -330.869 -1901.106 sun-yellow
1101 1 30 367 0 -1 0 657.578 -331.727 -1893.092 656.711 -332.241 -1894.194 658.441 -331.227 -1891.987 sun-yellow
1102 1 30 368 0 -1 0 621.617 -349.269 -1867.112 620.979 -349.683 -1868.329 622.260 -348.871 -1865.896 sun-yellow
1103 1 30 369 0 -1 0 605.765 -349.583 -1862.630 605.122 -349.996 -1863.846 606.404 -349.184 -1861.413 sun-yellow
1104 1 30 370 0 -1 0 743.201 -402.051 -1839.668 742.319 -402.832 -1840.658 744.079 -401.283 -1838.675 sun-yellow
1105 1 30 371 0 -1 0 755.730 -402.461 -1850.362 754.852 -403.243 -1851.355 756.611 -401.693 -1849.372 sun-yellow
1106 1 30 372 0 -1 0 739.902 -412.035 -1809.656 739.083 -412.690 -1810.753 740.717 -411.395 -1808.561 sun-yellow
1107 1 30 373 0 -1 0 753.984 -411.524 -1801.118 753.169 -412.179 -1802.213 754.803 -410.884 -1800.021 sun-yellow
1108 1 30 374 0 -1 0 671.040 -433.197 -1796.120 670.170 -433.865 -1797.177 671.906 -432.542 -1795.065 sun-yellow
1109 1 30 375 0 -1 0 684.341 -432.734 -1786.407 683.475 -433.403 -1787.462 685.211 -432.080 -1785.350 sun-yellow
1110 1 30 376 0 -1 0 657.786 -438.587 -1779.130 656.794 -439.256 -1780.088 658.776 -437.933 -1778.174 sun-yellow
1111 1 30 377 0 -1 0 669.024 -438.402 -1767.084 668.034 -439.071 -1768.039 670.016 -437.748 -1766.125 sun-yellow
1112 1 50 654 0 -1 0 575.283 -250.475 -1795.332 574.916 -251.725 -1795.723 575.666 -249.225 -1794.941 sun-glow-02
1113 1 50 658 0 -1 0 575.283 -250.446 -1790.967 574.916 -251.696 -1791.357 575.666 -249.196 -1790.576 sun-glow-02
1114 1 50 662 0 -1 0 575.283 -244.467 -1795.332 574.916 -245.717 -1795.723 575.666 -243.217 -1794.941 sun-glow-02
1115 1 50 666 0 -1 0 575.283 -244.438 -1790.967 574.916 -245.688 -1791.357 575.666 -243.188 -1790.576 sun-glow-02
1116 1 50 670 0 -1 0 574.558 -314.883 -1783.115 574.037 -315.161 -1783.956 575.089 -314.606 -1782.275 sun-glow-02
1117 1 50 674 0 -1 0 581.822 -314.973 -1775.566 580.976 -315.250 -1776.083 582.668 -314.695 -1775.059 sun-glow-02
1118 1 50 678 0 -1 0 579.596 -314.973 -1769.956 578.750 -315.250 -1770.463 580.442 -314.695 -1769.438 sun-glow-02
1119 1 50 682 0 -1 0 611.111 -350.148 -1844.198 609.917 -350.587 -1844.899 612.306 -349.708 -1843.482 sun-glow-02
1120 1 50 686 0 -1 0 603.579 -348.691 -1863.555 602.339 -349.130 -1864.040 604.817 -348.251 -1863.054 sun-glow-02
1121 1 50 690 0 -1 0 605.095 -348.673 -1859.487 603.900 -349.114 -1860.203 606.289 -348.235 -1858.786 sun-glow-02
1122 1 50 694 0 -1 0 678.391 -328.292 -1883.210 677.141 -328.680 -1883.602 679.641 -327.902 -1882.833 sun-glow-02
1123 1 50 698 0 -1 0 678.204 -326.221 -1866.853 676.954 -326.610 -1867.229 679.453 -325.832 -1866.460 sun-glow-02
1124 1 50 702 0 -1 0 640.860 -337.007 -1919.924 640.257 -337.395 -1921.147 641.447 -336.618 -1918.701 sun-glow-02
1125 1 50 706 0 -1 0 636.281 -337.911 -1919.781 635.649 -338.305 -1920.995 636.928 -337.520 -1918.567 sun-glow-02
1126 1 50 710 0 -1 0 656.787 -334.936 -1916.124 656.201 -335.326 -1917.347 657.390 -334.548 -1914.901 sun-glow-02
1127 1 50 714 0 -1 0 601.134 -347.450 -1883.892 599.920 -347.886 -1884.515 602.348 -347.012 -1883.254 sun-glow-02
1128 1 50 718 0 -1 0 601.475 -347.217 -1879.843 600.237 -347.657 -1880.345 602.715 -346.778 -1879.358 sun-glow-02
1129 1 50 721 0 -1 0 620.767 -340.969 -1915.099 620.120 -341.360 -1916.313 621.398 -340.574 -1913.885 sun-glow-02
1130 1 50 725 0 -1 0 605.464 -345.189 -1899.646 604.250 -345.628 -1900.284 606.678 -344.753 -1899.023 sun-glow-02
1131 1 50 729 0 -1 0 600.510 -394.231 -1801.310 599.781 -394.508 -1802.008 601.246 -393.954 -1800.621 sun-glow-02
1132 1 50 733 0 -1 0 647.836 -442.969 -1758.646 647.408 -443.356 -1759.894 648.279 -442.585 -1757.400 sun-glow-02
1133 1 50 737 0 -1 0 631.594 -445.704 -1759.709 631.150 -446.088 -1760.956 632.021 -445.317 -1758.462 sun-glow-02
1134 1 50 741 0 -1 0 577.689 -369.925 -1778.579 576.962 -370.203 -1779.279 578.423 -369.648 -1777.888 sun-glow-02
1135 1 50 745 0 -1 0 573.591 -369.925 -1774.128 572.857 -370.203 -1774.820 574.318 -369.648 -1773.428 sun-glow-02
1136 1 50 749 0 -1 0 583.313 -383.715 -1768.957 582.442 -383.992 -1769.356 584.184 -383.437 -1768.546 sun-glow-02
1137 1 50 753 0 -1 0 584.516 -383.715 -1774.883 583.645 -383.992 -1775.294 585.387 -383.437 -1774.484 sun-glow-02
1138 1 50 757 0 -1 0 596.435 -394.231 -1796.841 595.699 -394.508 -1797.530 597.164 -393.954 -1796.143 sun-glow-02
1139 1 50 761 0 -1 0 502.139 -253.721 -1787.811 500.983 -254.366 -1788.486 503.296 -253.080 -1787.122 sun-glow-02
1140 1 50 765 0 -1 0 570.795 -250.475 -1790.967 570.412 -251.725 -1791.357 571.162 -249.225 -1790.576 sun-glow-02
1141 1 50 769 0 -1 0 570.795 -244.467 -1790.967 570.412 -245.717 -1791.357 571.162 -243.217 -1790.576 sun-glow-02
1142 1 50 773 0 -1 0 498.558 -255.727 -1795.265 497.401 -256.368 -1795.954 499.714 -255.083 -1794.590 sun-glow-02
1143 1 50 777 0 -1 0 570.795 -250.446 -1795.332 570.412 -251.696 -1795.723 571.162 -249.196 -1794.941 sun-glow-02
1144 1 50 781 0 -1 0 570.795 -244.438 -1795.332 570.412 -245.688 -1795.723 571.162 -243.188 -1794.941 sun-glow-02
1145 1 50 785 0 -1 0 496.937 -257.656 -1800.132 495.721 -258.261 -1800.620 498.153 -257.054 -1799.630 sun-glow-02
1146 1 50 789 0 -1 0 495.762 -260.946 -1820.705 494.537 -261.496 -1821.184 496.986 -260.394 -1820.241 sun-glow-02
1147 1 50 793 0 -1 0 496.467 -259.514 -1801.562 495.245 -260.019 -1802.101 497.689 -259.013 -1801.007 sun-glow-02
1148 1 50 797 0 -1 0 495.295 -259.579 -1808.257 494.079 -260.180 -1808.760 496.511 -258.973 -1807.770 sun-glow-02
1149 1 50 801 0 -1 0 495.141 -259.584 -1812.335 493.917 -260.136 -1812.799 496.366 -259.034 -1811.856 sun-glow-02
1150 1 50 805 0 -1 0 495.494 -260.483 -1805.849 494.273 -260.984 -1806.403 496.716 -259.978 -1805.310 sun-glow-02
1151 1 50 809 0 -1 0 495.838 -262.276 -1826.835 494.681 -262.670 -1827.609 496.994 -261.886 -1826.047 sun-glow-02
1152 1 50 813 0 -1 0 494.972 -262.655 -1818.194 493.740 -263.156 -1818.681 496.203 -262.150 -1817.722 sun-glow-02
1153 1 50 817 0 -1 0 494.593 -261.686 -1813.812 493.362 -262.191 -1814.284 495.826 -261.185 -1813.324 sun-glow-02
1154 1 50 821 0 -1 0 548.368 -275.947 -1865.356 547.869 -276.368 -1866.591 548.883 -275.522 -1864.118 sun-glow-02
1155 1 50 825 0 -1 0 545.627 -277.069 -1864.043 545.134 -277.477 -1865.285 546.121 -276.677 -1862.802 sun-glow-02
1156 1 50 829 0 -1 0 544.144 -276.431 -1863.878 543.674 -276.845 -1865.119 544.630 -276.014 -1862.635 sun-glow-02
1157 1 50 833 0 -1 0 545.917 -278.696 -1864.138 545.447 -279.111 -1865.379 546.403 -278.280 -1862.896 sun-glow-02
1158 1 50 837 0 -1 0 538.103 -275.843 -1863.036 537.610 -276.250 -1864.278 538.597 -275.451 -1861.794 sun-glow-02
1159 1 50 841 0 -1 0 536.620 -275.204 -1862.871 536.150 -275.619 -1864.112 537.106 -274.788 -1861.628 sun-glow-02
1160 1 50 845 0 -1 0 538.392 -277.470 -1863.131 537.922 -277.884 -1864.372 538.879 -277.054 -1861.889 sun-glow-02
1161 1 50 849 0 -1 0 519.920 -272.715 -1856.029 519.113 -273.091 -1857.178 520.729 -272.355 -1854.882 sun-glow-02
1162 1 50 853 0 -1 0 518.626 -271.990 -1855.353 517.839 -272.372 -1856.504 519.428 -271.605 -1854.201 sun-glow-02
1163 1 50 857 0 -1 0 520.102 -274.346 -1856.137 519.314 -274.728 -1857.289 520.903 -273.961 -1854.985 sun-glow-02
1164 1 50 861 0 -1 0 526.489 -274.337 -1859.683 525.682 -274.713 -1860.832 527.298 -273.976 -1858.536 sun-glow-02
1165 1 50 865 0 -1 0 525.195 -273.611 -1859.007 524.408 -273.994 -1860.159 525.997 -273.226 -1857.855 sun-glow-02
1166 1 50 869 0 -1 0 532.314 -272.973 -1862.918 531.799 -273.397 -1864.155 532.813 -272.551 -1861.682 sun-glow-02
1167 1 50 873 0 -1 0 528.578 -273.397 -1861.965 527.771 -273.788 -1863.102 529.398 -273.003 -1860.829 sun-glow-02
1168 1 50 877 0 -1 0 526.671 -275.968 -1859.791 525.883 -276.350 -1860.943 527.472 -275.582 -1858.640 sun-glow-02
1169 1 50 881 0 -1 0 499.149 -267.045 -1831.649 498.006 -267.427 -1832.462 500.293 -266.659 -1830.849 sun-glow-02
1170 1 50 885 0 -1 0 499.074 -265.413 -1831.447 497.934 -265.790 -1832.268 500.215 -265.053 -1830.628 sun-glow-02
1171 1 50 889 0 -1 0 498.339 -264.688 -1830.187 497.196 -265.071 -1831.001 499.483 -264.303 -1829.387 sun-glow-02
1172 1 50 893 0 -1 0 503.086 -266.096 -1841.153 501.929 -266.486 -1841.941 504.243 -265.702 -1840.379 sun-glow-02
1173 1 50 897 0 -1 0 502.666 -268.666 -1838.292 501.523 -269.048 -1839.106 503.810 -268.281 -1837.492 sun-glow-02
1174 1 50 901 0 -1 0 502.591 -267.035 -1838.090 501.452 -267.411 -1838.911 503.732 -266.675 -1837.271 sun-glow-02
1175 1 50 905 0 -1 0 501.857 -266.310 -1836.830 500.713 -266.692 -1837.644 503.001 -265.925 -1836.031 sun-glow-02
1176 1 50 909 0 -1 0 511.619 -269.162 -1850.724 510.594 -269.576 -1851.696 512.655 -268.745 -1849.763 sun-glow-02
1177 1 50 913 0 -1 0 514.693 -269.578 -1853.912 513.872 -269.972 -1855.049 515.500 -269.188 -1852.776 sun-glow-02
1178 1 50 917 0 -1 0 506.004 -267.227 -1844.626 504.968 -267.644 -1845.586 507.029 -266.814 -1843.654 sun-glow-02
1179 1 50 921 0 -1 0 507.101 -270.031 -1845.282 506.097 -270.427 -1846.280 508.093 -269.638 -1844.272 sun-glow-02
1180 1 50 925 0 -1 0 510.217 -270.939 -1848.392 509.224 -271.333 -1849.401 511.220 -270.543 -1847.393 sun-glow-02
1181 1 50 929 0 -1 0 569.002 -314.883 -1780.715 568.470 -315.161 -1781.555 569.522 -314.606 -1779.874 sun-glow-02
1182 1 47 603 0 -1 0 652.458 -317.918 -1830.165 651.131 -318.829 -1831.392 653.673 -316.778 -1828.849 sun-hot-pipe-01
1183 1 47 605 0 -1 0 581.778 -290.285 -1839.791 580.499 -291.168 -1841.081 582.968 -289.177 -1838.593 sun-hot-pipe-01
1184 1 47 607 0 -1 0 672.023 -332.382 -1902.528 670.735 -333.027 -1903.806 673.334 -331.490 -1901.208 sun-hot-pipe-01
1185 1 47 609 0 -1 0 622.361 -350.293 -1867.344 621.071 -350.846 -1868.631 623.641 -349.490 -1866.076 sun-hot-pipe-01
1186 1 47 611 0 -1 0 742.315 -402.968 -1839.502 740.999 -403.865 -1840.833 743.520 -401.849 -1838.305 sun-hot-pipe-01
1187 1 47 613 0 -1 0 739.433 -413.054 -1810.284 738.206 -413.833 -1811.589 740.740 -412.037 -1809.062 sun-hot-pipe-01
1188 1 47 615 0 -1 0 670.633 -434.209 -1796.801 669.393 -435.001 -1798.127 671.962 -433.180 -1795.557 sun-hot-pipe-01
1189 1 47 617 0 -1 0 657.504 -439.587 -1779.888 656.256 -440.379 -1781.226 658.850 -438.558 -1778.618 sun-hot-pipe-01
1190 1 92 990 0 -1 0 601.561 -432.328 -1773.481 599.610 -433.198 -1775.430 603.508 -431.604 -1771.533 pal-environment-front
1191 1 16 1086 0 -1 156 577.721 -294.952 -1774.335 574.800 -295.241 -1777.273 580.643 -294.710 -1771.430 sun-ecovalve-top
1192 1 16 1087 0 -1 156 555.131 -249.269 -1672.326 552.209 -249.558 -1675.265 558.053 -249.027 -1669.421 sun-ecovalve-top
1193 1 16 1088 0 -1 156 570.561 -369.788 -1791.003 567.639 -370.077 -1793.942 573.483 -369.546 -1788.098 sun-ecovalve-top
1194 1 16 1089 0 -1 156 570.377 -450.608 -1788.109 567.455 -450.898 -1791.048 573.299 -450.366 -1785.204 sun-ecovalve-top
1195 1 33 361 0 -1 0 573.106 -239.732 -1792.530 569.112 -240.361 -1796.523 577.112 -239.002 -1788.523 sun-precursor-tube-script-01
1196 1 11 994 0 -1 0 576.458 -248.853 -1768.153 573.958 -249.302 -1770.653 578.958 -248.349 -1765.653 sun-precursor-metal-edge-01
1197 1 11 995 0 -1 0 576.477 -248.853 -1780.118 573.977 -249.302 -1782.618 578.977 -248.349 -1777.618 sun-precursor-metal-edge-01
1198 1 14 1065 0 -1 0 576.621 -369.193 -1798.218 572.819 -369.338 -1802.016 580.413 -369.072 -1794.422 sun-precursor-plainstripe
1199 1 14 1066 0 -1 0 575.528 -447.077 -1798.206 571.725 -447.222 -1802.004 579.319 -446.956 -1794.410 sun-precursor-plainstripe
1200 1 24 994 0 -1 0 576.458 -250.458 -1768.153 574.239 -252.396 -1770.371 578.677 -249.302 -1765.934 sun-precursor-metal-plain-01
1201 1 24 995 0 -1 0 576.477 -250.458 -1780.118 574.258 -252.396 -1782.336 578.696 -249.302 -1777.899 sun-precursor-metal-plain-01
1202 1 24 1044 0 -1 0 641.697 -304.248 -1834.756 637.231 -306.451 -1844.620 645.566 -301.849 -1824.793 sun-precursor-metal-plain-01
1203 1 24 1045 0 -1 0 646.339 -349.030 -1817.979 640.514 -351.142 -1827.505 651.644 -346.711 -1808.580 sun-precursor-metal-plain-01
1204 1 24 1046 0 -1 0 605.843 -287.031 -1835.627 599.378 -289.128 -1844.824 611.870 -284.726 -1826.588 sun-precursor-metal-plain-01
1205 1 24 1047 0 -1 0 619.471 -342.283 -1848.046 609.867 -344.356 -1853.518 629.029 -339.943 -1842.841 sun-precursor-metal-plain-01
1206 1 24 1048 0 -1 0 669.191 -317.175 -1867.314 659.240 -319.192 -1871.263 679.099 -314.889 -1862.958 sun-precursor-metal-plain-01
1207 1 24 1049 0 -1 0 652.268 -325.938 -1907.984 646.689 -328.026 -1917.323 658.205 -323.622 -1898.543 sun-precursor-metal-plain-01
1208 1 24 1050 0 -1 0 613.366 -336.435 -1893.965 603.858 -338.442 -1899.562 622.939 -334.156 -1888.693 sun-precursor-metal-plain-01
1209 1 24 1051 0 -1 0 726.640 -384.364 -1851.543 723.669 -386.551 -1861.741 729.384 -381.991 -1841.334 sun-precursor-metal-plain-01
1210 1 24 1052 0 -1 0 685.769 -369.026 -1835.245 678.598 -371.370 -1843.755 692.524 -366.511 -1826.521 sun-precursor-metal-plain-01
1211 1 24 1053 0 -1 0 725.329 -411.610 -1795.520 723.252 -413.735 -1805.798 727.331 -409.279 -1785.241 sun-precursor-metal-plain-01
1212 1 24 1054 0 -1 0 753.967 -397.197 -1826.609 743.707 -399.383 -1828.879 764.235 -394.762 -1824.379 sun-precursor-metal-plain-01
1213 1 24 1055 0 -1 0 689.578 -419.680 -1799.668 685.392 -421.994 -1809.561 694.260 -417.191 -1789.879 sun-precursor-metal-plain-01
1214 1 24 1056 0 -1 0 662.554 -429.526 -1772.895 654.598 -431.800 -1780.673 670.695 -427.083 -1765.284 sun-precursor-metal-plain-01
1215 1 24 1057 0 -1 0 627.817 -438.136 -1771.649 623.294 -440.244 -1781.457 632.541 -435.763 -1761.806 sun-precursor-metal-plain-01
1216 1 24 1058 0 -1 0 512.087 -246.471 -1788.197 503.834 -248.634 -1795.484 520.493 -244.119 -1780.718 sun-precursor-metal-plain-01
1217 1 24 1059 0 -1 0 504.945 -257.187 -1825.209 494.966 -259.299 -1828.890 514.868 -254.875 -1820.925 sun-precursor-metal-plain-01
1218 1 24 1060 0 -1 0 569.888 -275.251 -1853.271 566.667 -277.255 -1863.434 572.790 -272.990 -1843.118 sun-precursor-metal-plain-01
1219 1 24 1061 0 -1 0 531.117 -266.955 -1851.925 525.884 -268.988 -1861.571 535.867 -264.712 -1842.185 sun-precursor-metal-plain-01
1220 1 33 980 0 -1 0 576.474 -246.985 -1727.635 565.318 -248.963 -1729.619 587.630 -244.682 -1725.651 sun-precursor-tube-script-01
1221 1 33 981 0 -1 0 576.474 -246.985 -1751.635 565.318 -248.963 -1753.619 587.630 -244.682 -1749.651 sun-precursor-tube-script-01
1222 1 11 982 0 -1 0 586.975 -277.611 -1767.847 585.676 -277.767 -1769.141 588.274 -277.486 -1766.543 sun-precursor-metal-edge-01
1223 1 11 983 0 -1 0 588.929 -226.984 -1665.640 586.261 -227.292 -1668.308 591.582 -226.598 -1662.987 sun-precursor-metal-edge-01
1224 1 11 984 0 -1 0 601.553 -277.611 -1773.498 600.254 -277.767 -1774.792 602.852 -277.486 -1772.194 sun-precursor-metal-edge-01
1225 1 11 985 0 -1 0 572.619 -277.611 -1773.457 571.320 -277.767 -1774.751 573.918 -277.486 -1772.153 sun-precursor-metal-edge-01
1226 1 11 986 0 -1 0 607.396 -277.611 -1787.762 606.098 -277.767 -1789.052 608.686 -277.486 -1786.465 sun-precursor-metal-edge-01
1227 1 11 987 0 -1 0 572.708 -277.611 -1802.469 571.409 -277.767 -1803.763 574.007 -277.486 -1801.165 sun-precursor-metal-edge-01
1228 1 11 988 0 -1 0 601.288 -277.611 -1802.065 599.989 -277.767 -1803.359 602.587 -277.486 -1800.761 sun-precursor-metal-edge-01
1229 1 11 989 0 -1 0 586.964 -277.611 -1808.055 585.665 -277.767 -1809.349 588.263 -277.486 -1806.751 sun-precursor-metal-edge-01
1230 1 11 990 0 -1 0 601.567 -431.760 -1773.482 599.610 -431.885 -1775.430 603.508 -431.604 -1771.533 sun-precursor-metal-edge-01
1231 1 11 991 0 -1 0 607.394 -431.801 -1787.745 605.448 -431.951 -1789.690 609.329 -431.613 -1785.810 sun-precursor-metal-edge-01
1232 1 11 992 0 -1 0 561.881 -226.984 -1693.836 559.213 -227.292 -1696.504 564.534 -226.598 -1691.183 sun-precursor-metal-edge-01
1233 1 11 993 0 -1 0 566.935 -277.611 -1787.778 565.636 -277.767 -1789.072 568.235 -277.486 -1786.474 sun-precursor-metal-edge-01
1234 1 15 1044 0 -1 0 642.183 -303.118 -1834.876 640.209 -304.793 -1836.166 643.414 -301.862 -1833.362 sun-precursor-circuitpattern-01
1235 1 15 1045 0 -1 0 646.700 -347.862 -1817.797 644.766 -349.430 -1819.430 648.003 -346.632 -1816.498 sun-precursor-circuitpattern-01
1236 1 15 1046 0 -1 0 606.197 -285.869 -1835.402 604.282 -287.455 -1837.085 607.493 -284.634 -1834.132 sun-precursor-circuitpattern-01
1237 1 15 1047 0 -1 0 619.520 -341.057 -1847.899 617.997 -342.336 -1849.713 620.951 -339.926 -1846.341 sun-precursor-circuitpattern-01
1238 1 15 1048 0 -1 0 669.262 -315.960 -1867.533 667.781 -317.320 -1869.027 670.615 -314.795 -1865.674 sun-precursor-circuitpattern-01
1239 1 15 1049 0 -1 0 652.029 -324.735 -1908.133 650.577 -326.155 -1909.476 653.898 -323.548 -1906.516 sun-precursor-circuitpattern-01
1240 1 15 1050 0 -1 0 613.269 -335.217 -1893.782 611.881 -336.550 -1895.620 614.835 -334.062 -1892.264 sun-precursor-circuitpattern-01
1241 1 15 1051 0 -1 0 726.988 -383.179 -1851.556 725.004 -384.681 -1852.938 728.390 -381.967 -1850.147 sun-precursor-circuitpattern-01
1242 1 15 1052 0 -1 0 686.196 -367.899 -1835.520 684.288 -369.580 -1836.733 687.377 -366.642 -1833.796 sun-precursor-circuitpattern-01
1243 1 15 1053 0 -1 0 724.900 -410.451 -1795.540 723.591 -412.048 -1796.928 726.926 -409.213 -1794.116 sun-precursor-circuitpattern-01
1244 1 15 1054 0 -1 0 753.920 -395.978 -1826.412 752.559 -397.318 -1828.330 755.366 -394.827 -1824.822 sun-precursor-circuitpattern-01
1245 1 15 1055 0 -1 0 689.305 -418.482 -1799.542 687.891 -419.937 -1801.081 691.192 -417.288 -1798.238 sun-precursor-circuitpattern-01
1246 1 15 1056 0 -1 0 662.295 -428.337 -1772.682 660.997 -429.821 -1774.441 664.044 -427.131 -1771.296 sun-precursor-circuitpattern-01
1247 1 15 1057 0 -1 0 627.715 -436.906 -1771.709 626.118 -438.146 -1773.099 629.490 -435.794 -1770.211 sun-precursor-circuitpattern-01
1248 1 15 1058 0 -1 0 511.894 -245.280 -1788.464 510.554 -246.759 -1789.814 513.572 -244.075 -1786.649 sun-precursor-circuitpattern-01
1249 1 15 1059 0 -1 0 505.035 -255.998 -1825.534 503.548 -257.489 -1826.909 506.359 -254.789 -1823.616 sun-precursor-circuitpattern-01
1250 1 15 1060 0 -1 0 570.145 -274.044 -1853.220 568.212 -275.442 -1854.656 571.648 -272.864 -1851.877 sun-precursor-circuitpattern-01
1251 1 15 1061 0 -1 0 531.404 -265.758 -1852.035 529.502 -267.212 -1853.386 532.805 -264.561 -1850.477 sun-precursor-circuitpattern-01
1252 1 33 329 0 -1 0 586.959 -302.088 -1767.838 585.177 -302.709 -1769.636 588.756 -301.678 -1766.056 sun-precursor-tube-script-01
1253 1 33 330 0 -1 0 586.960 -291.459 -1767.840 585.177 -291.928 -1769.636 588.756 -290.709 -1766.056 sun-precursor-tube-script-01
1254 1 33 331 0 -1 0 601.537 -302.088 -1773.489 599.755 -302.709 -1775.287 603.334 -301.678 -1771.707 sun-precursor-tube-script-01
1255 1 33 332 0 -1 0 601.538 -291.459 -1773.491 599.755 -291.928 -1775.287 603.334 -290.709 -1771.707 sun-precursor-tube-script-01
1256 1 33 333 0 -1 0 607.389 -302.088 -1787.758 605.629 -302.709 -1789.530 609.200 -301.678 -1785.986 sun-precursor-tube-script-01
1257 1 33 334 0 -1 0 607.391 -291.459 -1787.758 605.629 -291.928 -1789.530 609.200 -290.709 -1785.986 sun-precursor-tube-script-01
1258 1 33 335 0 -1 0 601.272 -302.088 -1802.056 599.490 -302.709 -1803.853 603.070 -301.678 -1800.274 sun-precursor-tube-script-01
1259 1 33 336 0 -1 0 601.273 -291.459 -1802.057 599.490 -291.928 -1803.853 603.070 -290.709 -1800.274 sun-precursor-tube-script-01
1260 1 33 337 0 -1 0 572.692 -302.088 -1802.460 570.910 -302.709 -1804.258 574.490 -301.678 -1800.678 sun-precursor-tube-script-01
1261 1 33 338 0 -1 0 572.693 -291.459 -1802.462 570.910 -291.928 -1804.258 574.490 -290.709 -1800.678 sun-precursor-tube-script-01
1262 1 33 339 0 -1 0 586.948 -302.088 -1808.046 585.166 -302.709 -1809.844 588.746 -301.678 -1806.264 sun-precursor-tube-script-01
1263 1 33 340 0 -1 0 586.949 -291.459 -1808.048 585.166 -291.928 -1809.844 588.746 -290.709 -1806.264 sun-precursor-tube-script-01
1264 1 33 341 0 -1 0 607.389 -387.043 -1787.758 605.629 -387.664 -1789.530 609.200 -386.633 -1785.986 sun-precursor-tube-script-01
1265 1 33 342 0 -1 0 607.391 -376.414 -1787.758 605.629 -376.883 -1789.530 609.200 -375.664 -1785.986 sun-precursor-tube-script-01
1266 1 33 343 0 -1 0 601.537 -387.043 -1773.489 599.755 -387.664 -1775.287 603.334 -386.633 -1771.707 sun-precursor-tube-script-01
1267 1 33 344 0 -1 0 601.538 -376.414 -1773.491 599.755 -376.883 -1775.287 603.334 -375.664 -1771.707 sun-precursor-tube-script-01
1268 1 33 345 0 -1 0 601.272 -387.043 -1802.056 599.490 -387.664 -1803.853 603.070 -386.633 -1800.274 sun-precursor-tube-script-01
1269 1 33 346 0 -1 0 601.273 -376.414 -1802.057 599.490 -376.883 -1803.853 603.070 -375.664 -1800.274 sun-precursor-tube-script-01
1270 1 33 347 0 -1 0 586.959 -387.043 -1767.838 585.177 -387.664 -1769.636 588.756 -386.633 -1766.056 sun-precursor-tube-script-01
1271 1 33 348 0 -1 0 586.960 -376.414 -1767.840 585.177 -376.883 -1769.636 588.756 -375.664 -1766.056 sun-precursor-tube-script-01
1272 1 33 349 0 -1 0 586.948 -387.043 -1808.046 585.166 -387.664 -1809.844 588.746 -386.633 -1806.264 sun-precursor-tube-script-01
1273 1 33 350 0 -1 0 586.949 -376.414 -1808.048 585.166 -376.883 -1809.844 588.746 -375.664 -1806.264 sun-precursor-tube-script-01
1274 1 33 351 0 -1 0 572.692 -387.043 -1802.460 570.910 -387.664 -1804.258 574.490 -386.633 -1800.678 sun-precursor-tube-script-01
1275 1 33 352 0 -1 0 572.693 -376.414 -1802.462 570.910 -376.883 -1804.258 574.490 -375.664 -1800.678 sun-precursor-tube-script-01
1276 1 33 353 0 -1 0 572.604 -302.088 -1773.449 570.821 -302.709 -1775.246 574.401 -301.678 -1771.667 sun-precursor-tube-script-01
1277 1 33 354 0 -1 0 572.605 -291.459 -1773.450 570.821 -291.928 -1775.246 574.401 -290.709 -1771.667 sun-precursor-tube-script-01
1278 1 33 355 0 -1 0 566.920 -302.088 -1787.769 565.138 -302.709 -1789.566 568.717 -301.678 -1785.987 sun-precursor-tube-script-01
1279 1 33 356 0 -1 0 566.921 -291.459 -1787.770 565.138 -291.928 -1789.566 568.717 -290.709 -1785.987 sun-precursor-tube-script-01
1280 1 33 357 0 -1 0 566.920 -387.043 -1787.769 565.138 -387.664 -1789.566 568.717 -386.633 -1785.987 sun-precursor-tube-script-01
1281 1 33 358 0 -1 0 566.921 -376.414 -1787.770 565.138 -376.883 -1789.566 568.717 -375.664 -1785.987 sun-precursor-tube-script-01
1282 1 33 359 0 -1 0 572.604 -387.043 -1773.449 570.821 -387.664 -1775.246 574.401 -386.633 -1771.667 sun-precursor-tube-script-01
1283 1 33 360 0 -1 0 572.605 -376.414 -1773.450 570.821 -376.883 -1775.246 574.401 -375.664 -1771.667 sun-precursor-tube-script-01
1284 1 14 982 0 -1 0 586.975 -276.770 -1767.842 585.835 -277.236 -1768.982 588.115 -276.314 -1766.702 sun-precursor-plainstripe
1285 1 14 983 0 -1 0 588.922 -229.059 -1665.648 586.569 -230.184 -1667.999 591.274 -227.909 -1663.296 sun-precursor-plainstripe
1286 1 14 984 0 -1 0 601.553 -276.770 -1773.493 600.413 -277.236 -1774.633 602.693 -276.314 -1772.353 sun-precursor-plainstripe
1287 1 14 985 0 -1 0 572.619 -276.770 -1773.452 571.479 -277.236 -1774.592 573.759 -276.314 -1772.312 sun-precursor-plainstripe
1288 1 14 986 0 -1 0 607.392 -276.770 -1787.758 606.249 -277.236 -1788.902 608.536 -276.314 -1786.614 sun-precursor-plainstripe
1289 1 14 987 0 -1 0 572.708 -276.770 -1802.464 571.568 -277.236 -1803.604 573.848 -276.314 -1801.324 sun-precursor-plainstripe
1290 1 14 988 0 -1 0 601.288 -276.770 -1802.060 600.148 -277.236 -1803.200 602.428 -276.314 -1800.919 sun-precursor-plainstripe
1291 1 14 989 0 -1 0 586.964 -276.770 -1808.050 585.824 -277.236 -1809.190 588.104 -276.314 -1806.910 sun-precursor-plainstripe
1292 1 14 990 0 -1 0 601.559 -432.601 -1773.482 599.849 -433.057 -1775.192 603.269 -432.135 -1771.772 sun-precursor-plainstripe
1293 1 14 991 0 -1 0 607.389 -432.810 -1787.750 605.673 -433.357 -1789.466 609.104 -432.251 -1786.034 sun-precursor-plainstripe
1294 1 14 992 0 -1 0 561.874 -229.059 -1693.843 559.522 -230.184 -1696.195 564.226 -227.909 -1691.491 sun-precursor-plainstripe
1295 1 14 993 0 -1 0 566.935 -276.770 -1787.773 565.795 -277.236 -1788.913 568.075 -276.314 -1786.633 sun-precursor-plainstripe
1296 1 15 994 0 -1 0 576.458 -250.099 -1768.153 575.177 -251.849 -1769.434 577.739 -248.349 -1766.871 sun-precursor-circuitpattern-01
1297 1 15 995 0 -1 0 576.477 -250.099 -1780.118 575.196 -251.849 -1781.399 577.758 -248.349 -1778.836 sun-precursor-circuitpattern-01
1298 1 21 1070 0 -1 0 601.555 -329.735 -1773.486 600.017 -330.141 -1775.022 603.092 -329.329 -1771.947 sun-precursor-tube-ring-02
1299 1 21 1072 0 -1 0 586.977 -329.735 -1767.835 585.439 -330.141 -1769.371 588.514 -329.329 -1766.296 sun-precursor-tube-ring-02
1300 1 21 1073 0 -1 0 572.622 -329.735 -1773.445 571.083 -330.141 -1774.982 574.159 -329.329 -1771.907 sun-precursor-tube-ring-02
1301 1 21 1074 0 -1 0 601.291 -329.735 -1802.052 599.752 -330.141 -1803.589 602.828 -329.329 -1800.514 sun-precursor-tube-ring-02
1302 1 21 1078 0 -1 0 601.555 -414.690 -1773.486 600.017 -415.096 -1775.022 603.092 -414.283 -1771.947 sun-precursor-tube-ring-02
1303 1 21 1080 0 -1 0 586.977 -414.690 -1767.835 585.439 -415.096 -1769.371 588.514 -414.283 -1766.296 sun-precursor-tube-ring-02
1304 1 21 1081 0 -1 0 572.622 -414.690 -1773.445 571.083 -415.096 -1774.982 574.159 -414.283 -1771.907 sun-precursor-tube-ring-02
1305 1 21 1084 0 -1 0 566.938 -329.735 -1787.765 565.400 -330.141 -1789.302 568.475 -329.329 -1786.227 sun-precursor-tube-ring-02
1306 1 21 1085 0 -1 0 566.938 -414.690 -1787.765 565.400 -415.096 -1789.302 568.475 -414.283 -1786.227 sun-precursor-tube-ring-02
1307 1 29 1065 0 -1 0 576.616 -369.713 -1798.219 572.616 -370.088 -1802.219 580.616 -369.338 -1794.219 sun-stonehengetop
1308 1 29 1066 0 -1 0 575.522 -447.597 -1798.207 571.522 -447.972 -1802.207 579.522 -447.222 -1794.207 sun-stonehengetop
1309 1 34 994 0 -1 0 576.458 -254.919 -1768.153 575.442 -256.255 -1769.168 577.473 -253.583 -1767.137 sun-precursor-metal-edge-02
1310 1 34 995 0 -1 0 576.477 -254.919 -1780.118 575.462 -256.255 -1781.133 577.493 -253.583 -1779.102 sun-precursor-metal-edge-02
1311 1 26 321 0 -1 0 607.068 -362.748 -1777.784 603.941 -424.956 -1787.782 610.978 -284.693 -1770.809 sun-walls-outside-01
1312 1 26 322 0 -1 0 608.244 -362.748 -1794.927 603.940 -424.956 -1804.755 610.968 -284.693 -1787.782 sun-walls-outside-01
1313 1 26 323 0 -1 0 594.126 -362.748 -1766.502 586.979 -424.956 -1770.809 603.956 -284.693 -1763.780 sun-walls-outside-01
1314 1 26 324 0 -1 0 596.967 -362.748 -1807.871 586.969 -424.956 -1811.781 603.940 -284.693 -1804.744 sun-walls-outside-01
1315 1 26 325 0 -1 0 579.822 -362.768 -1809.051 569.992 -424.992 -1811.774 586.969 -284.694 -1804.745 sun-walls-outside-01
1316 1 26 326 0 -1 0 566.879 -362.769 -1797.770 562.970 -424.992 -1804.745 570.007 -284.694 -1787.772 sun-walls-outside-01
1317 1 26 327 0 -1 0 565.699 -362.748 -1780.625 562.977 -424.956 -1787.772 570.006 -284.693 -1770.795 sun-walls-outside-01
1318 1 26 328 0 -1 0 576.981 -362.748 -1767.682 570.006 -424.956 -1770.810 586.979 -284.693 -1763.773 sun-walls-outside-01
1319 1 11 980 0 -1 0 576.475 -242.507 -1727.635 565.458 -255.244 -1729.588 587.490 -232.651 -1725.682 sun-precursor-metal-edge-01
1320 1 11 981 0 -1 0 576.475 -242.507 -1751.635 565.458 -255.244 -1753.588 587.490 -232.651 -1749.682 sun-precursor-metal-edge-01
1321 1 14 1067 0 -1 0 572.723 -447.162 -1802.469 570.801 -447.545 -1804.365 574.619 -446.670 -1800.547 sun-precursor-plainstripe
1322 1 21 1071 0 -1 0 607.400 -329.735 -1787.752 605.861 -330.141 -1788.839 608.936 -329.329 -1786.664 sun-precursor-tube-ring-02
1323 1 21 1075 0 -1 0 572.711 -329.735 -1802.457 571.172 -330.141 -1803.993 574.247 -329.329 -1800.918 sun-precursor-tube-ring-02
1324 1 21 1076 0 -1 0 586.967 -329.735 -1808.043 585.428 -330.141 -1809.580 588.504 -329.329 -1806.504 sun-precursor-tube-ring-02
1325 1 21 1077 0 -1 0 607.400 -414.690 -1787.752 605.861 -415.096 -1788.839 608.936 -414.283 -1786.664 sun-precursor-tube-ring-02
1326 1 21 1079 0 -1 0 601.291 -414.690 -1802.052 599.752 -415.096 -1803.589 602.828 -414.283 -1800.514 sun-precursor-tube-ring-02
1327 1 21 1082 0 -1 0 586.967 -414.690 -1808.043 585.428 -415.096 -1809.580 588.504 -414.283 -1806.504 sun-precursor-tube-ring-02
1328 1 21 1083 0 -1 0 572.711 -414.690 -1802.457 571.172 -415.096 -1803.993 574.247 -414.283 -1800.918 sun-precursor-tube-ring-02
1329 1 47 370 0 -1 0 743.202 -402.052 -1839.670 742.163 -402.999 -1840.797 744.236 -401.103 -1838.546 sun-hot-pipe-01
1330 1 47 372 0 -1 0 739.904 -412.036 -1809.655 738.915 -412.845 -1810.848 740.885 -411.225 -1808.458 sun-hot-pipe-01
1331 1 47 374 0 -1 0 671.042 -433.198 -1796.119 670.002 -434.021 -1797.294 672.074 -432.371 -1794.948 sun-hot-pipe-01
1332 1 47 376 0 -1 0 657.788 -438.588 -1779.128 656.655 -439.412 -1780.238 658.914 -437.762 -1778.024 sun-hot-pipe-01
1333 1 47 362 0 -1 0 652.415 -316.975 -1831.077 651.208 -317.938 -1832.060 653.620 -316.010 -1830.086 sun-hot-pipe-01
1334 1 47 363 0 -1 0 643.406 -317.264 -1845.255 642.202 -318.227 -1846.247 644.614 -316.299 -1844.273 sun-hot-pipe-01
1335 1 47 364 0 -1 0 582.527 -289.343 -1840.244 581.332 -290.274 -1841.187 583.727 -288.409 -1839.292 sun-hot-pipe-01
1336 1 47 365 0 -1 0 590.628 -289.387 -1854.587 589.429 -290.319 -1855.538 591.825 -288.454 -1853.644 sun-hot-pipe-01
1337 1 47 366 0 -1 0 671.296 -331.370 -1902.207 670.262 -332.023 -1903.422 672.337 -330.714 -1900.998 sun-hot-pipe-01
1338 1 47 367 0 -1 0 657.580 -331.728 -1893.093 656.538 -332.381 -1894.302 658.613 -331.072 -1891.879 sun-hot-pipe-01
1339 1 47 368 0 -1 0 621.615 -349.270 -1867.111 620.825 -349.811 -1868.332 622.415 -348.727 -1865.892 sun-hot-pipe-01
1340 1 47 369 0 -1 0 605.768 -349.584 -1862.630 604.968 -350.124 -1863.849 606.558 -349.041 -1861.409 sun-hot-pipe-01
1341 1 47 371 0 -1 0 755.728 -402.462 -1850.361 754.695 -403.409 -1851.484 756.768 -401.513 -1849.233 sun-hot-pipe-01
1342 1 47 373 0 -1 0 753.982 -411.525 -1801.119 753.001 -412.334 -1802.316 754.971 -410.714 -1799.925 sun-hot-pipe-01
1343 1 47 375 0 -1 0 684.339 -432.735 -1786.409 683.307 -433.559 -1787.579 685.379 -431.909 -1785.233 sun-hot-pipe-01
1344 1 47 377 0 -1 0 669.022 -438.403 -1767.086 667.896 -439.227 -1768.189 670.154 -437.577 -1765.975 sun-hot-pipe-01
1345 1 48 690 0 -1 0 605.094 -348.672 -1859.488 603.862 -349.244 -1860.364 606.321 -348.104 -1858.626 sun-hot-pipe-02
1346 1 48 698 0 -1 0 678.204 -326.219 -1866.851 677.073 -326.735 -1867.355 679.335 -325.708 -1866.335 sun-hot-pipe-02
1347 1 48 714 0 -1 0 601.134 -347.449 -1883.891 599.920 -348.016 -1884.668 602.345 -346.881 -1883.101 sun-hot-pipe-02
1348 1 48 718 0 -1 0 601.475 -347.215 -1879.845 600.296 -347.788 -1880.484 602.652 -346.647 -1879.219 sun-hot-pipe-02
1349 1 48 725 0 -1 0 605.464 -345.188 -1899.647 604.254 -345.758 -1900.438 606.679 -344.623 -1898.870 sun-hot-pipe-02
1350 1 48 761 0 -1 0 502.140 -253.720 -1787.810 500.928 -254.517 -1788.639 503.357 -252.929 -1786.968 sun-hot-pipe-02
1351 1 48 785 0 -1 0 496.938 -257.654 -1800.131 495.718 -258.408 -1800.756 498.156 -256.906 -1799.493 sun-hot-pipe-02
1352 1 48 789 0 -1 0 495.763 -260.945 -1820.706 494.564 -261.639 -1821.320 496.959 -260.251 -1820.105 sun-hot-pipe-02
1353 1 48 817 0 -1 0 494.593 -261.685 -1813.811 493.402 -262.327 -1814.420 495.785 -261.048 -1813.188 sun-hot-pipe-02
1354 1 48 825 0 -1 0 545.626 -277.070 -1864.043 544.998 -277.604 -1865.219 546.258 -276.550 -1862.868 sun-hot-pipe-02
1355 1 48 829 0 -1 0 544.146 -276.430 -1863.878 543.537 -276.972 -1865.053 544.767 -275.887 -1862.705 sun-hot-pipe-02
1356 1 48 833 0 -1 0 545.918 -278.695 -1864.138 545.310 -279.238 -1865.313 546.540 -278.153 -1862.966 sun-hot-pipe-02
1357 1 48 837 0 -1 0 538.101 -275.844 -1863.036 537.473 -276.378 -1864.211 538.734 -275.323 -1861.861 sun-hot-pipe-02
1358 1 48 841 0 -1 0 536.621 -275.204 -1862.871 536.013 -275.746 -1864.045 537.243 -274.661 -1861.698 sun-hot-pipe-02
1359 1 48 845 0 -1 0 538.394 -277.469 -1863.131 537.785 -278.012 -1864.306 539.015 -276.926 -1861.958 sun-hot-pipe-02
1360 1 48 849 0 -1 0 519.918 -272.716 -1856.028 518.946 -273.214 -1857.261 520.896 -272.232 -1854.799 sun-hot-pipe-02
1361 1 48 853 0 -1 0 518.628 -271.989 -1855.353 517.672 -272.495 -1856.580 519.595 -271.482 -1854.133 sun-hot-pipe-02
1362 1 48 857 0 -1 0 520.103 -274.345 -1856.138 519.147 -274.851 -1857.364 521.070 -273.838 -1854.917 sun-hot-pipe-02
1363 1 48 861 0 -1 0 526.487 -274.338 -1859.683 525.515 -274.836 -1860.915 527.465 -273.853 -1858.453 sun-hot-pipe-02
1364 1 48 865 0 -1 0 525.197 -273.611 -1859.008 524.241 -274.116 -1860.234 526.164 -273.104 -1857.787 sun-hot-pipe-02
1365 1 48 869 0 -1 0 532.313 -272.972 -1862.917 531.660 -273.525 -1864.103 532.953 -272.424 -1861.730 sun-hot-pipe-02
1366 1 48 877 0 -1 0 526.672 -275.967 -1859.792 525.716 -276.473 -1861.018 527.639 -275.460 -1858.571 sun-hot-pipe-02
1367 1 48 885 0 -1 0 499.073 -265.415 -1831.446 497.845 -265.913 -1832.436 500.304 -264.930 -1830.460 sun-hot-pipe-02
1368 1 48 889 0 -1 0 498.340 -264.688 -1830.188 497.122 -265.193 -1831.169 499.565 -264.181 -1829.219 sun-hot-pipe-02
1369 1 48 893 0 -1 0 503.087 -266.095 -1841.154 501.868 -266.609 -1842.106 504.311 -265.579 -1840.214 sun-hot-pipe-02
1370 1 48 897 0 -1 0 502.667 -268.665 -1838.293 501.449 -269.171 -1839.274 503.892 -268.158 -1837.324 sun-hot-pipe-02
1371 1 48 901 0 -1 0 502.590 -267.036 -1838.089 501.363 -267.534 -1839.079 503.821 -266.552 -1837.103 sun-hot-pipe-02
1372 1 48 909 0 -1 0 511.620 -269.162 -1850.725 510.462 -269.702 -1851.842 512.788 -268.619 -1849.617 sun-hot-pipe-02
1373 1 48 913 0 -1 0 514.692 -269.576 -1853.912 513.705 -270.095 -1855.127 515.667 -269.064 -1852.690 sun-hot-pipe-02
1374 1 48 921 0 -1 0 507.100 -270.029 -1845.281 505.957 -270.551 -1846.420 508.233 -269.514 -1844.132 sun-hot-pipe-02
1375 1 48 925 0 -1 0 510.218 -270.938 -1848.393 509.084 -271.457 -1849.542 511.361 -270.419 -1847.253 sun-hot-pipe-02
1376 1 92 980 0 -1 0 576.475 -241.553 -1727.634 565.318 -258.213 -1730.104 587.630 -230.119 -1725.166 pal-environment-front
1377 1 92 981 0 -1 0 576.475 -241.553 -1751.634 565.318 -258.213 -1754.104 587.630 -230.119 -1749.166 pal-environment-front
1378 1 42 983 0 -1 0 588.922 -230.103 -1665.648 587.880 -230.531 -1666.688 589.963 -229.721 -1664.606 sun-blue
1379 1 42 992 0 -1 0 561.874 -230.104 -1693.843 560.833 -230.531 -1694.884 562.915 -229.721 -1692.802 sun-blue
1380 1 24 361 0 -1 0 573.106 -240.560 -1792.529 569.862 -240.924 -1795.773 576.347 -240.361 -1789.289 sun-precursor-metal-plain-01
1381 1 42 1065 0 -1 938 576.629 -369.760 -1798.219 573.631 -369.760 -1801.204 579.600 -369.760 -1795.235 sun-blue
1382 1 42 1066 0 -1 938 575.535 -447.644 -1798.207 572.538 -447.644 -1801.191 578.507 -447.644 -1795.223 sun-blue
1383 1 47 554 0 -1 0 624.617 -339.383 -1916.264 620.520 -341.093 -1918.338 628.706 -337.662 -1914.188 sun-hot-pipe-01
1384 1 48 654 0 -1 0 575.284 -250.475 -1795.333 574.791 -251.600 -1795.848 575.791 -249.350 -1794.816 sun-hot-pipe-02
1385 1 48 658 0 -1 0 575.284 -250.446 -1790.965 574.791 -251.571 -1791.482 575.791 -249.321 -1790.451 sun-hot-pipe-02
1386 1 48 662 0 -1 0 575.284 -244.467 -1795.333 574.791 -245.592 -1795.848 575.791 -243.342 -1794.816 sun-hot-pipe-02
1387 1 48 666 0 -1 0 575.284 -244.438 -1790.965 574.791 -245.563 -1791.482 575.791 -243.313 -1790.451 sun-hot-pipe-02
1388 1 48 670 0 -1 0 574.559 -314.882 -1783.116 573.920 -315.249 -1783.992 575.206 -314.517 -1782.244 sun-hot-pipe-02
1389 1 48 674 0 -1 0 581.822 -314.972 -1775.567 580.951 -315.339 -1776.199 582.697 -314.607 -1774.943 sun-hot-pipe-02
1390 1 48 678 0 -1 0 579.596 -314.972 -1769.955 578.721 -315.339 -1770.578 580.467 -314.607 -1769.322 sun-hot-pipe-02
1391 1 48 682 0 -1 0 611.111 -350.147 -1844.197 609.884 -350.717 -1845.060 612.343 -349.577 -1843.321 sun-hot-pipe-02
1392 1 48 686 0 -1 0 603.579 -348.690 -1863.553 602.402 -349.261 -1864.179 604.758 -348.120 -1862.915 sun-hot-pipe-02
1393 1 48 694 0 -1 0 678.391 -328.291 -1883.211 677.260 -328.804 -1883.728 679.522 -327.778 -1882.708 sun-hot-pipe-02
1394 1 48 702 0 -1 0 640.858 -337.006 -1919.924 640.108 -337.520 -1921.135 641.596 -336.493 -1918.716 sun-hot-pipe-02
1395 1 48 706 0 -1 0 636.282 -337.910 -1919.781 635.496 -338.429 -1921.002 637.081 -337.396 -1918.564 sun-hot-pipe-02
1396 1 48 710 0 -1 0 656.789 -334.934 -1916.124 656.051 -335.450 -1917.332 657.540 -334.424 -1914.913 sun-hot-pipe-02
1397 1 48 721 0 -1 0 620.765 -340.968 -1915.099 619.966 -341.484 -1916.316 621.552 -340.450 -1913.877 sun-hot-pipe-02
1398 1 48 729 0 -1 0 600.510 -394.230 -1801.311 599.684 -394.597 -1802.116 601.342 -393.865 -1800.514 sun-hot-pipe-02
1399 1 48 733 0 -1 0 647.837 -442.968 -1758.646 647.277 -443.479 -1759.801 648.410 -442.462 -1757.490 sun-hot-pipe-02
1400 1 48 737 0 -1 0 631.592 -445.703 -1759.709 631.019 -446.211 -1760.865 632.153 -445.194 -1758.555 sun-hot-pipe-02
1401 1 48 741 0 -1 0 577.690 -369.925 -1778.580 576.865 -370.291 -1779.386 578.520 -369.559 -1777.781 sun-hot-pipe-02
1402 1 48 745 0 -1 0 573.590 -369.925 -1774.127 572.760 -370.291 -1774.926 574.415 -369.559 -1773.322 sun-hot-pipe-02
1403 1 48 749 0 -1 0 583.313 -383.714 -1768.956 582.458 -384.081 -1769.461 584.166 -383.349 -1768.441 sun-hot-pipe-02
1404 1 48 753 0 -1 0 584.516 -383.714 -1774.884 583.663 -384.081 -1775.398 585.371 -383.349 -1774.379 sun-hot-pipe-02
1405 1 48 757 0 -1 0 596.435 -394.230 -1796.840 595.602 -394.597 -1797.637 597.260 -393.865 -1796.036 sun-hot-pipe-02
1406 1 48 765 0 -1 0 570.794 -250.475 -1790.965 570.287 -251.600 -1791.482 571.287 -249.350 -1790.451 sun-hot-pipe-02
1407 1 48 769 0 -1 0 570.794 -244.467 -1790.965 570.287 -245.592 -1791.482 571.287 -243.342 -1790.451 sun-hot-pipe-02
1408 1 48 773 0 -1 0 498.558 -255.727 -1795.267 497.340 -256.520 -1796.108 499.769 -254.932 -1794.436 sun-hot-pipe-02
1409 1 48 777 0 -1 0 570.794 -250.446 -1795.333 570.287 -251.571 -1795.848 571.287 -249.321 -1794.816 sun-hot-pipe-02
1410 1 48 781 0 -1 0 570.794 -244.438 -1795.333 570.287 -245.563 -1795.848 571.287 -243.313 -1794.816 sun-hot-pipe-02
1411 1 48 793 0 -1 0 496.467 -259.513 -1801.561 495.267 -260.156 -1802.244 497.671 -258.876 -1800.865 sun-hot-pipe-02
1412 1 48 797 0 -1 0 495.295 -259.578 -1808.259 494.076 -260.328 -1808.897 496.514 -258.826 -1807.633 sun-hot-pipe-02
1413 1 48 801 0 -1 0 495.141 -259.583 -1812.334 493.944 -260.279 -1812.935 496.339 -258.892 -1811.720 sun-hot-pipe-02
1414 1 48 805 0 -1 0 495.494 -260.482 -1805.850 494.291 -261.121 -1806.546 496.695 -259.841 -1805.167 sun-hot-pipe-02
1415 1 48 809 0 -1 0 495.837 -262.275 -1826.834 494.613 -262.793 -1827.774 497.056 -261.763 -1825.882 sun-hot-pipe-02
1416 1 48 813 0 -1 0 494.973 -262.654 -1818.195 493.781 -263.293 -1818.817 496.164 -262.013 -1817.586 sun-hot-pipe-02
1417 1 48 821 0 -1 0 548.370 -275.946 -1865.356 547.730 -276.496 -1866.543 549.022 -275.395 -1864.170 sun-hot-pipe-02
1418 1 48 873 0 -1 0 528.579 -273.397 -1861.966 527.603 -273.911 -1863.188 529.566 -272.880 -1860.750 sun-hot-pipe-02
1419 1 48 881 0 -1 0 499.150 -267.044 -1831.650 497.931 -267.550 -1832.630 500.375 -266.537 -1830.681 sun-hot-pipe-02
1420 1 48 905 0 -1 0 501.857 -266.309 -1836.832 500.639 -266.815 -1837.812 503.082 -265.802 -1835.862 sun-hot-pipe-02
1421 1 48 917 0 -1 0 506.003 -267.226 -1844.625 504.836 -267.770 -1845.733 507.162 -266.688 -1843.507 sun-hot-pipe-02
1422 1 48 929 0 -1 0 569.001 -314.882 -1780.714 568.354 -315.249 -1781.586 569.639 -314.517 -1779.839 sun-hot-pipe-02
1423 1 47 542 0 -1 0 580.702 -314.375 -1772.762 578.991 -315.074 -1775.653 582.411 -313.665 -1769.863 sun-hot-pipe-01
1424 1 47 543 0 -1 0 639.294 -356.790 -1811.515 635.246 -358.712 -1813.741 643.352 -354.883 -1809.285 sun-hot-pipe-01
1425 1 47 553 0 -1 0 632.139 -337.878 -1918.533 628.050 -339.585 -1920.610 636.236 -336.155 -1916.460 sun-hot-pipe-01
1426 1 47 556 0 -1 0 753.275 -400.317 -1855.078 749.630 -402.041 -1858.325 756.929 -398.608 -1851.826 sun-hot-pipe-01
1427 1 47 557 0 -1 0 760.506 -402.407 -1846.017 757.844 -404.125 -1849.970 763.174 -400.705 -1842.054 sun-hot-pipe-01
1428 1 47 558 0 -1 0 731.440 -395.081 -1861.915 727.324 -397.049 -1862.907 735.563 -393.129 -1860.924 sun-hot-pipe-01
1429 1 47 559 0 -1 0 742.603 -397.665 -1860.365 738.514 -399.479 -1862.418 746.702 -395.866 -1858.309 sun-hot-pipe-01
1430 1 47 560 0 -1 0 666.990 -370.796 -1833.460 663.338 -373.439 -1836.253 670.651 -368.169 -1830.672 sun-hot-pipe-01
1431 1 47 561 0 -1 0 708.173 -386.792 -1837.484 704.163 -389.074 -1839.607 712.193 -384.527 -1835.364 sun-hot-pipe-01
1432 1 47 562 0 -1 0 763.596 -404.166 -1834.626 762.240 -405.745 -1838.735 764.954 -402.602 -1830.507 sun-hot-pipe-01
1433 1 47 563 0 -1 0 715.779 -422.576 -1789.135 711.732 -424.521 -1791.385 719.835 -420.642 -1786.881 sun-hot-pipe-01
1434 1 47 564 0 -1 0 643.517 -442.852 -1758.939 639.422 -444.487 -1760.184 647.620 -441.202 -1757.695 sun-hot-pipe-01
1435 1 47 565 0 -1 0 635.636 -444.191 -1759.437 631.530 -445.827 -1760.681 639.729 -442.542 -1758.192 sun-hot-pipe-01
1436 1 47 566 0 -1 0 575.643 -369.328 -1776.355 573.202 -370.027 -1778.913 578.078 -368.618 -1773.792 sun-hot-pipe-01
1437 1 47 567 0 -1 0 598.475 -393.633 -1799.082 596.046 -394.332 -1801.651 600.909 -392.924 -1796.517 sun-hot-pipe-01
1438 1 47 568 0 -1 0 583.904 -383.116 -1771.916 582.642 -383.816 -1774.835 585.165 -382.407 -1768.990 sun-hot-pipe-01
1439 1 47 569 0 -1 0 500.473 -253.959 -1791.810 497.907 -255.821 -1795.796 503.033 -252.088 -1787.821 sun-hot-pipe-01
1440 1 47 570 0 -1 0 499.617 -257.423 -1791.575 497.129 -259.191 -1795.563 502.108 -255.666 -1787.577 sun-hot-pipe-01
1441 1 47 571 0 -1 0 496.265 -257.838 -1804.402 494.552 -259.677 -1808.508 497.976 -255.987 -1800.301 sun-hot-pipe-01
1442 1 47 572 0 -1 0 495.585 -259.445 -1816.638 494.321 -261.047 -1820.753 496.850 -257.831 -1812.534 sun-hot-pipe-01
1443 1 47 575 0 -1 0 525.175 -271.622 -1859.978 521.315 -273.508 -1862.783 529.043 -269.726 -1857.179 sun-hot-pipe-01
1444 1 47 576 0 -1 0 497.791 -262.449 -1830.675 495.150 -264.332 -1834.601 500.427 -260.551 -1826.741 sun-hot-pipe-01
1445 1 47 577 0 -1 0 501.325 -264.321 -1837.624 498.688 -266.206 -1841.559 503.965 -262.424 -1833.698 sun-hot-pipe-01
1446 1 47 578 0 -1 0 518.428 -269.751 -1856.071 514.559 -271.634 -1858.870 522.287 -267.852 -1853.266 sun-hot-pipe-01
1447 1 47 579 0 -1 0 508.918 -267.402 -1847.834 505.555 -269.278 -1851.362 512.287 -265.516 -1844.314 sun-hot-pipe-01
1448 1 47 580 0 -1 0 571.781 -314.286 -1781.911 568.893 -314.985 -1783.677 574.661 -313.576 -1780.140 sun-hot-pipe-01
1449 1 21 321 0 -1 0 604.654 -360.293 -1780.433 601.112 -424.378 -1787.782 606.979 -277.195 -1773.637 sun-precursor-tube-ring-02
1450 1 21 322 0 -1 0 604.664 -360.293 -1795.093 601.111 -424.378 -1801.927 606.969 -277.195 -1787.782 sun-precursor-tube-ring-02
1451 1 21 323 0 -1 0 594.292 -360.293 -1770.083 586.979 -424.378 -1773.637 601.128 -277.195 -1767.779 sun-precursor-tube-ring-02
1452 1 21 324 0 -1 0 594.318 -360.293 -1805.457 586.969 -424.387 -1807.782 601.112 -277.195 -1801.915 sun-precursor-tube-ring-02
1453 1 21 325 0 -1 0 579.655 -360.313 -1805.470 572.820 -424.397 -1807.774 586.969 -277.195 -1801.912 sun-precursor-tube-ring-02
1454 1 21 326 0 -1 0 569.293 -360.313 -1795.121 566.969 -424.398 -1801.917 572.835 -277.195 -1787.772 sun-precursor-tube-ring-02
1455 1 21 327 0 -1 0 569.280 -360.293 -1780.458 566.976 -424.378 -1787.772 572.834 -277.195 -1773.623 sun-precursor-tube-ring-02
1456 1 21 328 0 -1 0 579.630 -360.293 -1770.096 572.831 -424.387 -1773.638 586.979 -277.195 -1767.772 sun-precursor-tube-ring-02
1457 1 24 1113 0 -1 0 576.628 -369.730 -1802.568 575.881 -370.103 -1803.282 577.366 -369.338 -1801.891 sun-precursor-metal-plain-01
1458 1 24 1114 0 -1 0 576.604 -369.730 -1793.871 575.866 -370.103 -1794.547 577.350 -369.338 -1793.157 sun-precursor-metal-plain-01
1459 1 24 1115 0 -1 0 579.695 -369.730 -1801.285 578.710 -370.103 -1801.954 580.319 -369.338 -1800.313 sun-precursor-metal-plain-01
1460 1 24 1116 0 -1 0 579.682 -369.730 -1795.140 578.710 -370.103 -1796.126 580.350 -369.338 -1794.516 sun-precursor-metal-plain-01
1461 1 24 1117 0 -1 0 573.550 -369.730 -1801.299 572.881 -370.103 -1801.922 574.522 -369.338 -1800.313 sun-precursor-metal-plain-01
1462 1 24 1118 0 -1 0 573.537 -369.730 -1795.153 572.913 -370.103 -1796.126 574.522 -369.338 -1794.485 sun-precursor-metal-plain-01
1463 1 24 1119 0 -1 0 580.965 -369.730 -1798.208 580.288 -370.103 -1798.954 581.678 -369.338 -1797.469 sun-precursor-metal-plain-01
1464 1 24 1120 0 -1 0 572.267 -369.730 -1798.231 571.553 -370.103 -1798.969 572.944 -369.338 -1797.485 sun-precursor-metal-plain-01
1465 1 24 1121 0 -1 0 575.534 -447.614 -1802.556 574.788 -447.988 -1803.270 576.272 -447.222 -1801.879 sun-precursor-metal-plain-01
1466 1 24 1122 0 -1 0 575.510 -447.614 -1793.859 574.772 -447.988 -1794.535 576.257 -447.222 -1793.145 sun-precursor-metal-plain-01
1467 1 24 1123 0 -1 0 578.602 -447.614 -1801.273 577.616 -447.988 -1801.941 579.225 -447.222 -1800.301 sun-precursor-metal-plain-01
1468 1 24 1124 0 -1 0 578.588 -447.614 -1795.128 577.616 -447.988 -1796.113 579.257 -447.222 -1794.504 sun-precursor-metal-plain-01
1469 1 24 1126 0 -1 0 572.443 -447.614 -1795.141 571.819 -447.988 -1796.113 573.428 -447.222 -1794.473 sun-precursor-metal-plain-01
1470 1 24 1127 0 -1 0 579.871 -447.614 -1798.195 579.194 -447.988 -1798.941 580.585 -447.222 -1797.457 sun-precursor-metal-plain-01
1471 1 24 1128 0 -1 0 571.173 -447.614 -1798.219 570.460 -447.988 -1798.957 571.850 -447.222 -1797.473 sun-precursor-metal-plain-01
1472 1 92 1113 0 -1 0 576.628 -369.730 -1802.568 575.881 -370.103 -1803.282 577.366 -369.338 -1801.891 pal-environment-front
1473 1 92 1114 0 -1 0 576.604 -369.730 -1793.871 575.866 -370.103 -1794.547 577.350 -369.338 -1793.157 pal-environment-front
1474 1 92 1115 0 -1 0 579.695 -369.730 -1801.285 578.710 -370.103 -1801.954 580.319 -369.338 -1800.313 pal-environment-front
1475 1 92 1116 0 -1 0 579.682 -369.730 -1795.140 578.710 -370.103 -1796.126 580.350 -369.338 -1794.516 pal-environment-front
1476 1 92 1117 0 -1 0 573.550 -369.730 -1801.299 572.881 -370.103 -1801.922 574.522 -369.338 -1800.313 pal-environment-front
1477 1 92 1118 0 -1 0 573.537 -369.730 -1795.153 572.913 -370.103 -1796.126 574.522 -369.338 -1794.485 pal-environment-front
1478 1 92 1119 0 -1 0 580.965 -369.730 -1798.208 580.288 -370.103 -1798.954 581.678 -369.338 -1797.469 pal-environment-front
1479 1 92 1120 0 -1 0 572.267 -369.730 -1798.231 571.553 -370.103 -1798.969 572.944 -369.338 -1797.485 pal-environment-front
1480 1 92 1121 0 -1 0 575.534 -447.614 -1802.556 574.788 -447.988 -1803.270 576.272 -447.222 -1801.879 pal-environment-front
1481 1 92 1122 0 -1 0 575.510 -447.614 -1793.859 574.772 -447.988 -1794.535 576.257 -447.222 -1793.145 pal-environment-front
1482 1 92 1123 0 -1 0 578.602 -447.614 -1801.273 577.616 -447.988 -1801.941 579.225 -447.222 -1800.301 pal-environment-front
1483 1 92 1124 0 -1 0 578.588 -447.614 -1795.128 577.616 -447.988 -1796.113 579.257 -447.222 -1794.504 pal-environment-front
1484 1 92 1126 0 -1 0 572.443 -447.614 -1795.141 571.819 -447.988 -1796.113 573.428 -447.222 -1794.473 pal-environment-front
1485 1 92 1127 0 -1 0 579.871 -447.614 -1798.195 579.194 -447.988 -1798.941 580.585 -447.222 -1797.457 pal-environment-front
1486 1 92 1128 0 -1 0 571.173 -447.614 -1798.219 570.460 -447.988 -1798.957 571.850 -447.222 -1797.473 pal-environment-front
1487 1 24 325 0 -1 0 579.690 -352.289 -1805.348 572.820 -416.961 -1807.775 586.970 -284.647 -1801.914 sun-precursor-metal-plain-01
1488 1 24 327 0 -1 0 569.403 -352.271 -1780.493 566.975 -416.927 -1787.773 572.836 -284.647 -1773.623 sun-precursor-metal-plain-01
1489 1 24 324 0 -1 0 594.255 -352.271 -1805.346 586.966 -416.927 -1807.782 601.113 -284.647 -1801.916 sun-precursor-metal-plain-01
1490 1 24 326 0 -1 0 569.405 -352.289 -1795.058 566.969 -416.961 -1801.918 572.835 -284.647 -1787.769 sun-precursor-metal-plain-01
1491 1 92 996 0 -1 0 587.155 -281.742 -1767.397 585.340 -282.741 -1769.468 588.933 -280.741 -1765.942 pal-environment-front
1492 1 92 997 0 -1 0 601.733 -281.742 -1773.048 599.918 -282.741 -1775.119 603.510 -280.741 -1771.592 pal-environment-front
1493 1 92 998 0 -1 0 572.800 -281.742 -1773.007 570.985 -282.741 -1775.078 574.577 -280.741 -1771.552 pal-environment-front
1494 1 92 999 0 -1 0 601.733 -311.741 -1773.048 599.918 -312.740 -1775.119 603.510 -310.740 -1771.592 pal-environment-front
1495 1 92 1000 0 -1 0 607.210 -281.742 -1787.318 605.516 -282.741 -1789.373 609.059 -280.741 -1785.791 pal-environment-front
1496 1 92 1001 0 -1 0 607.210 -311.741 -1787.318 605.516 -312.740 -1789.373 609.059 -310.740 -1785.791 pal-environment-front
1497 1 92 1002 0 -1 0 601.733 -325.748 -1773.048 599.918 -326.748 -1775.119 603.510 -324.748 -1771.592 pal-environment-front
1498 1 92 1003 0 -1 0 607.210 -325.748 -1787.318 605.516 -326.748 -1789.373 609.059 -324.748 -1785.791 pal-environment-front
1499 1 92 1004 0 -1 0 572.800 -311.741 -1773.007 570.985 -312.740 -1775.078 574.577 -310.740 -1771.552 pal-environment-front
1500 1 92 1005 0 -1 0 587.155 -311.741 -1767.397 585.340 -312.740 -1769.468 588.933 -310.740 -1765.942 pal-environment-front
1501 1 92 1006 0 -1 0 572.800 -325.748 -1773.007 570.985 -326.748 -1775.078 574.577 -324.748 -1771.552 pal-environment-front
1502 1 92 1007 0 -1 0 587.155 -325.748 -1767.397 585.340 -326.748 -1769.468 588.933 -324.748 -1765.942 pal-environment-front
1503 1 92 1008 0 -1 0 601.469 -281.742 -1801.615 599.653 -282.741 -1803.686 603.246 -280.741 -1800.159 pal-environment-front
1504 1 92 1009 0 -1 0 572.889 -281.742 -1802.019 571.073 -282.741 -1804.090 574.666 -280.741 -1800.564 pal-environment-front
1505 1 92 1010 0 -1 0 587.145 -281.742 -1807.605 585.330 -282.741 -1809.676 588.922 -280.741 -1806.150 pal-environment-front
1506 1 92 1011 0 -1 0 601.469 -311.741 -1801.615 599.653 -312.740 -1803.686 603.246 -310.740 -1800.159 pal-environment-front
1507 1 92 1012 0 -1 0 572.889 -311.741 -1802.019 571.073 -312.740 -1804.090 574.666 -310.740 -1800.564 pal-environment-front
1508 1 92 1013 0 -1 0 587.145 -311.741 -1807.605 585.330 -312.740 -1809.676 588.922 -310.740 -1806.150 pal-environment-front
1509 1 92 1014 0 -1 0 601.469 -325.748 -1801.615 599.653 -326.748 -1803.686 603.246 -324.748 -1800.159 pal-environment-front
1510 1 92 1015 0 -1 0 572.889 -325.748 -1802.019 571.073 -326.748 -1804.090 574.666 -324.748 -1800.564 pal-environment-front
1511 1 92 1016 0 -1 0 587.145 -325.748 -1807.605 585.330 -326.748 -1809.676 588.922 -324.748 -1806.150 pal-environment-front
1512 1 92 1017 0 -1 0 601.733 -366.697 -1773.048 599.918 -367.696 -1775.119 603.510 -365.696 -1771.592 pal-environment-front
1513 1 92 1018 0 -1 0 601.469 -366.697 -1801.615 599.653 -367.696 -1803.686 603.246 -365.696 -1800.159 pal-environment-front
1514 1 92 1019 0 -1 0 607.210 -366.697 -1787.318 605.516 -367.696 -1789.373 609.059 -365.696 -1785.791 pal-environment-front
1515 1 92 1020 0 -1 0 601.733 -396.695 -1773.048 599.918 -397.695 -1775.119 603.510 -395.695 -1771.592 pal-environment-front
1516 1 92 1021 0 -1 0 607.210 -396.695 -1787.318 605.516 -397.695 -1789.373 609.059 -395.695 -1785.791 pal-environment-front
1517 1 92 1022 0 -1 0 601.469 -396.695 -1801.615 599.653 -397.695 -1803.686 603.246 -395.695 -1800.159 pal-environment-front
1518 1 92 1023 0 -1 0 607.210 -410.703 -1787.318 605.516 -411.702 -1789.373 609.059 -409.702 -1785.791 pal-environment-front
1519 1 92 1024 0 -1 0 601.733 -410.703 -1773.048 599.918 -411.702 -1775.119 603.510 -409.702 -1771.592 pal-environment-front
1520 1 92 1025 0 -1 0 601.469 -410.703 -1801.615 599.653 -411.702 -1803.686 603.246 -409.702 -1800.159 pal-environment-front
1521 1 92 1026 0 -1 0 587.155 -366.697 -1767.397 585.340 -367.696 -1769.468 588.933 -365.696 -1765.942 pal-environment-front
1522 1 92 1027 0 -1 0 572.800 -366.697 -1773.007 570.985 -367.696 -1775.078 574.577 -365.696 -1771.552 pal-environment-front
1523 1 92 1028 0 -1 0 587.145 -366.697 -1807.605 585.330 -367.696 -1809.676 588.922 -365.696 -1806.150 pal-environment-front
1524 1 92 1029 0 -1 0 572.889 -366.697 -1802.019 571.073 -367.696 -1804.090 574.666 -365.696 -1800.564 pal-environment-front
1525 1 92 1030 0 -1 0 587.155 -396.695 -1767.397 585.340 -397.695 -1769.468 588.933 -395.695 -1765.942 pal-environment-front
1526 1 92 1031 0 -1 0 572.800 -396.695 -1773.007 570.985 -397.695 -1775.078 574.577 -395.695 -1771.552 pal-environment-front
1527 1 92 1032 0 -1 0 587.145 -396.695 -1807.605 585.330 -397.695 -1809.676 588.922 -395.695 -1806.150 pal-environment-front
1528 1 92 1033 0 -1 0 572.889 -396.695 -1802.019 571.073 -397.695 -1804.090 574.666 -395.695 -1800.564 pal-environment-front
1529 1 92 1034 0 -1 0 587.155 -410.703 -1767.397 585.340 -411.702 -1769.468 588.933 -409.702 -1765.942 pal-environment-front
1530 1 92 1035 0 -1 0 572.800 -410.703 -1773.007 570.985 -411.702 -1775.078 574.577 -409.702 -1771.552 pal-environment-front
1531 1 92 1036 0 -1 0 587.145 -410.703 -1807.605 585.330 -411.702 -1809.676 588.922 -409.702 -1806.150 pal-environment-front
1532 1 92 1037 0 -1 0 572.889 -410.703 -1802.019 571.073 -411.702 -1804.090 574.666 -409.702 -1800.564 pal-environment-front
1533 1 92 1038 0 -1 0 567.116 -281.742 -1787.328 565.301 -282.741 -1789.399 568.893 -280.741 -1785.872 pal-environment-front
1534 1 92 1039 0 -1 0 567.116 -311.741 -1787.328 565.301 -312.740 -1789.399 568.893 -310.740 -1785.872 pal-environment-front
1535 1 92 1040 0 -1 0 567.116 -325.748 -1787.328 565.301 -326.748 -1789.399 568.893 -324.748 -1785.872 pal-environment-front
1536 1 92 1041 0 -1 0 567.116 -366.697 -1787.328 565.301 -367.696 -1789.399 568.893 -365.696 -1785.872 pal-environment-front
1537 1 92 1042 0 -1 0 567.116 -410.703 -1787.328 565.301 -411.702 -1789.399 568.893 -409.702 -1785.872 pal-environment-front
1538 1 92 1043 0 -1 0 567.116 -396.695 -1787.328 565.301 -397.695 -1789.399 568.893 -395.695 -1785.872 pal-environment-front
1539 1 24 321 0 -1 0 604.543 -352.271 -1780.495 601.112 -416.927 -1787.784 606.979 -284.647 -1773.636 sun-precursor-metal-plain-01
1540 1 24 322 0 -1 0 604.541 -352.271 -1795.059 601.110 -416.927 -1801.927 606.970 -284.647 -1787.781 sun-precursor-metal-plain-01
1541 1 24 323 0 -1 0 594.258 -352.271 -1770.206 586.977 -416.927 -1773.639 601.128 -284.647 -1767.778 sun-precursor-metal-plain-01
1542 1 24 328 0 -1 0 579.692 -352.271 -1770.208 572.833 -416.927 -1773.638 586.982 -284.647 -1767.772 sun-precursor-metal-plain-01
1543 1 23 321 0 -1 0 607.805 -352.332 -1779.813 603.941 -424.956 -1787.782 610.978 -289.458 -1770.809 sun-walls-outside-02
1544 1 23 322 0 -1 0 607.330 -352.332 -1796.883 603.940 -424.956 -1804.755 610.968 -289.458 -1787.782 sun-walls-outside-02
1545 1 23 323 0 -1 0 596.082 -352.332 -1767.416 586.979 -424.956 -1770.809 603.956 -289.458 -1763.780 sun-walls-outside-02
1546 1 23 324 0 -1 0 594.938 -352.332 -1808.609 586.969 -424.956 -1811.781 603.940 -289.458 -1804.744 sun-walls-outside-02
1547 1 23 325 0 -1 0 577.866 -352.350 -1808.138 569.992 -424.992 -1811.774 586.969 -289.459 -1804.745 sun-walls-outside-02
1548 1 23 326 0 -1 0 566.142 -352.350 -1795.741 562.970 -424.992 -1804.745 570.007 -289.459 -1787.772 sun-walls-outside-02
1549 1 23 327 0 -1 0 566.613 -352.332 -1778.669 562.977 -424.956 -1787.772 570.006 -289.458 -1770.795 sun-walls-outside-02
1550 1 23 328 0 -1 0 579.010 -352.332 -1766.945 570.006 -424.956 -1770.810 586.979 -289.458 -1763.773 sun-walls-outside-02
1551 1 47 544 0 -1 0 606.639 -348.220 -1855.463 604.264 -349.556 -1859.532 609.010 -346.869 -1851.405 sun-hot-pipe-01
1552 1 47 545 0 -1 0 609.549 -348.943 -1848.046 607.178 -350.280 -1852.104 611.923 -347.594 -1843.978 sun-hot-pipe-01
1553 1 47 546 0 -1 0 678.347 -326.939 -1879.097 677.314 -328.419 -1883.196 679.380 -325.446 -1875.012 sun-hot-pipe-01
1554 1 47 547 0 -1 0 678.258 -325.940 -1871.157 677.226 -327.419 -1875.245 679.292 -324.447 -1867.060 sun-hot-pipe-01
1555 1 47 548 0 -1 0 652.585 -334.655 -1917.124 648.479 -336.134 -1919.004 656.698 -333.162 -1915.241 sun-hot-pipe-01
1556 1 47 549 0 -1 0 644.867 -335.654 -1918.979 640.754 -337.134 -1920.861 648.976 -334.161 -1917.099 sun-hot-pipe-01
1557 1 47 550 0 -1 0 602.166 -346.048 -1887.856 600.165 -347.570 -1891.952 604.164 -344.514 -1883.757 sun-hot-pipe-01
1558 1 47 551 0 -1 0 601.980 -346.764 -1875.571 600.496 -348.099 -1879.680 603.463 -345.413 -1871.468 sun-hot-pipe-01
1559 1 47 552 0 -1 0 603.007 -347.486 -1867.673 601.525 -348.824 -1871.775 604.491 -346.137 -1863.564 sun-hot-pipe-01
1560 1 47 555 0 -1 0 604.276 -344.966 -1895.499 602.278 -346.487 -1899.598 606.277 -343.430 -1891.406 sun-hot-pipe-01
1561 1 47 573 0 -1 0 544.384 -274.372 -1864.720 540.264 -276.060 -1866.284 548.508 -272.672 -1863.159 sun-hot-pipe-01
1562 1 47 574 0 -1 0 536.602 -272.929 -1863.528 532.478 -274.615 -1865.090 540.724 -271.227 -1861.965 sun-hot-pipe-01
1563 1 37 1068 0 -1 0 578.276 -212.811 -1789.712 574.945 -217.374 -1793.036 581.606 -207.876 -1786.374 sun-precursor-tube-ring-01
1564 1 37 1069 0 -1 0 588.270 -214.189 -1778.670 584.939 -220.025 -1781.994 591.600 -207.877 -1775.333 sun-precursor-tube-ring-01
1565 1 15 321 0 -1 0 606.550 -352.280 -1779.646 603.200 -416.239 -1784.492 609.376 -285.318 -1774.594 sun-precursor-circuitpattern-01
1566 1 15 322 0 -1 0 606.560 -352.280 -1795.878 603.226 -416.239 -1800.725 609.475 -285.318 -1791.008 sun-precursor-circuitpattern-01
1567 1 15 323 0 -1 0 595.077 -352.280 -1768.186 590.206 -416.239 -1771.521 599.925 -285.318 -1765.271 sun-precursor-circuitpattern-01
1568 1 15 324 0 -1 0 595.105 -352.280 -1807.353 590.259 -416.239 -1810.179 600.157 -285.318 -1804.003 sun-precursor-circuitpattern-01
1569 1 15 325 0 -1 0 578.871 -352.298 -1807.368 574.023 -416.273 -1810.283 583.742 -285.320 -1804.033 sun-precursor-circuitpattern-01
1570 1 15 326 0 -1 0 567.398 -352.298 -1795.908 564.572 -416.273 -1800.960 570.747 -285.320 -1791.062 sun-precursor-circuitpattern-01
1571 1 15 327 0 -1 0 567.383 -352.280 -1779.674 564.468 -416.239 -1784.545 570.718 -285.318 -1774.826 sun-precursor-circuitpattern-01
1572 1 15 328 0 -1 0 578.843 -352.280 -1768.201 573.791 -416.239 -1771.550 583.689 -285.318 -1765.375 sun-precursor-circuitpattern-01
1573 1 25 1129 0 -1 0 607.209 -350.200 -1787.937 604.734 -352.701 -1790.409 610.050 -347.701 -1785.093 sun-darker-metal
1574 1 25 1130 0 -1 0 586.713 -350.200 -1767.832 584.289 -352.701 -1770.515 589.659 -347.701 -1765.145 sun-darker-metal
1575 1 25 1131 0 -1 0 601.291 -350.200 -1773.483 598.867 -352.701 -1776.166 604.237 -347.701 -1770.796 sun-darker-metal
1576 1 25 1132 0 -1 0 601.026 -350.200 -1802.049 598.602 -352.701 -1804.732 603.972 -347.701 -1799.362 sun-darker-metal
1577 1 25 1133 0 -1 0 586.702 -350.200 -1808.040 584.279 -352.701 -1810.723 589.648 -347.701 -1805.353 sun-darker-metal
1578 1 25 1134 0 -1 0 601.026 -435.154 -1802.049 598.602 -437.655 -1804.732 603.972 -432.655 -1799.362 sun-darker-metal
1579 1 25 1135 0 -1 0 601.026 -450.663 -1802.049 598.602 -453.713 -1804.732 603.972 -447.615 -1799.362 sun-darker-metal
1580 1 25 1136 0 -1 0 586.713 -435.154 -1767.832 584.289 -437.655 -1770.515 589.659 -432.655 -1765.145 sun-darker-metal
1581 1 25 1137 0 -1 0 586.713 -450.663 -1767.832 584.289 -453.713 -1770.515 589.659 -447.615 -1765.145 sun-darker-metal
1582 1 25 1138 0 -1 0 586.702 -435.154 -1808.040 584.279 -437.655 -1810.723 589.648 -432.655 -1805.353 sun-darker-metal
1583 1 25 1139 0 -1 0 586.702 -450.663 -1808.040 584.279 -453.713 -1810.723 589.648 -447.615 -1805.353 sun-darker-metal
1584 1 25 1140 0 -1 0 572.358 -350.200 -1773.442 569.934 -352.701 -1776.125 575.303 -347.701 -1770.755 sun-darker-metal
1585 1 25 1141 0 -1 0 572.446 -350.200 -1802.454 570.022 -352.701 -1805.137 575.392 -347.701 -1799.767 sun-darker-metal
1586 1 25 1142 0 -1 0 566.674 -350.200 -1787.763 564.250 -352.701 -1790.445 569.620 -347.701 -1785.076 sun-darker-metal
1587 1 25 1143 0 -1 0 572.358 -435.154 -1773.442 569.934 -437.655 -1776.125 575.303 -432.655 -1770.755 sun-darker-metal
1588 1 25 1144 0 -1 0 566.674 -435.154 -1787.763 564.250 -437.655 -1790.445 569.620 -432.655 -1785.076 sun-darker-metal
1589 1 25 1145 0 -1 0 572.446 -435.154 -1802.454 570.022 -437.655 -1805.137 575.392 -432.655 -1799.767 sun-darker-metal
1590 1 25 1146 0 -1 0 572.358 -450.663 -1773.442 569.934 -453.713 -1776.125 575.303 -447.615 -1770.755 sun-darker-metal
1591 1 92 1129 0 -1 0 607.209 -350.200 -1787.937 604.734 -352.701 -1790.409 610.050 -347.701 -1785.093 pal-environment-front
1592 1 92 1130 0 -1 0 586.713 -350.200 -1767.832 584.289 -352.701 -1770.515 589.659 -347.701 -1765.145 pal-environment-front
1593 1 92 1131 0 -1 0 601.291 -350.200 -1773.483 598.867 -352.701 -1776.166 604.237 -347.701 -1770.796 pal-environment-front
1594 1 92 1132 0 -1 0 601.026 -350.200 -1802.049 598.602 -352.701 -1804.732 603.972 -347.701 -1799.362 pal-environment-front
1595 1 92 1133 0 -1 0 586.702 -350.200 -1808.040 584.279 -352.701 -1810.723 589.648 -347.701 -1805.353 pal-environment-front
1596 1 92 1134 0 -1 0 601.026 -435.154 -1802.049 598.602 -437.655 -1804.732 603.972 -432.655 -1799.362 pal-environment-front
1597 1 92 1135 0 -1 0 601.026 -450.663 -1802.049 598.602 -453.713 -1804.732 603.972 -447.615 -1799.362 pal-environment-front
1598 1 92 1136 0 -1 0 586.713 -435.154 -1767.832 584.289 -437.655 -1770.515 589.659 -432.655 -1765.145 pal-environment-front
1599 1 92 1137 0 -1 0 586.713 -450.663 -1767.832 584.289 -453.713 -1770.515 589.659 -447.615 -1765.145 pal-environment-front
1600 1 92 1138 0 -1 0 586.702 -435.154 -1808.040 584.279 -437.655 -1810.723 589.648 -432.655 -1805.353 pal-environment-front
1601 1 92 1139 0 -1 0 586.702 -450.663 -1808.040 584.279 -453.713 -1810.723 589.648 -447.615 -1805.353 pal-environment-front
1602 1 92 1140 0 -1 0 572.358 -350.200 -1773.442 569.934 -352.701 -1776.125 575.303 -347.701 -1770.755 pal-environment-front
1603 1 92 1141 0 -1 0 572.446 -350.200 -1802.454 570.022 -352.701 -1805.137 575.392 -347.701 -1799.767 pal-environment-front
1604 1 92 1142 0 -1 0 566.674 -350.200 -1787.763 564.250 -352.701 -1790.445 569.620 -347.701 -1785.076 pal-environment-front
1605 1 92 1143 0 -1 0 572.358 -435.154 -1773.442 569.934 -437.655 -1776.125 575.303 -432.655 -1770.755 pal-environment-front
1606 1 92 1144 0 -1 0 566.674 -435.154 -1787.763 564.250 -437.655 -1790.445 569.620 -432.655 -1785.076 pal-environment-front
1607 1 92 1145 0 -1 0 572.446 -435.154 -1802.454 570.022 -437.655 -1805.137 575.392 -432.655 -1799.767 pal-environment-front
1608 1 92 1146 0 -1 0 572.358 -450.663 -1773.442 569.934 -453.713 -1776.125 575.303 -447.615 -1770.755 pal-environment-front
1609 1 34 1062 0 -1 0 585.125 -212.534 -1777.783 583.369 -221.564 -1779.538 586.880 -207.660 -1776.027 sun-precursor-metal-edge-02
1610 1 34 1063 0 -1 0 580.385 -212.815 -1786.804 578.830 -220.809 -1788.359 581.939 -208.499 -1785.250 sun-precursor-metal-edge-02
1611 1 34 1064 0 -1 0 584.857 -214.556 -1779.754 582.697 -224.761 -1781.914 587.017 -209.046 -1777.593 sun-precursor-metal-edge-02
1612 1 53 964 0 -1 0 586.969 -296.701 -1767.845 585.256 -299.850 -1769.556 588.677 -293.545 -1766.136 sun-precursor-tube-ring-03toprim
1613 1 53 965 0 -1 0 601.547 -296.701 -1773.496 599.834 -299.850 -1775.207 603.255 -293.545 -1771.787 sun-precursor-tube-ring-03toprim
1614 1 53 966 0 -1 0 607.401 -296.701 -1787.755 605.882 -299.850 -1789.276 608.919 -293.545 -1786.239 sun-precursor-tube-ring-03toprim
1615 1 53 967 0 -1 0 601.282 -296.701 -1802.062 599.570 -299.850 -1803.774 602.990 -293.545 -1800.353 sun-precursor-tube-ring-03toprim
1616 1 53 968 0 -1 0 572.702 -296.701 -1802.467 570.990 -299.850 -1804.178 574.410 -293.545 -1800.758 sun-precursor-tube-ring-03toprim
1617 1 53 969 0 -1 0 586.958 -296.701 -1808.053 585.246 -299.850 -1809.764 588.666 -293.545 -1806.344 sun-precursor-tube-ring-03toprim
1618 1 53 970 0 -1 0 607.401 -381.655 -1787.755 605.882 -384.805 -1789.276 608.919 -378.500 -1786.239 sun-precursor-tube-ring-03toprim
1619 1 53 971 0 -1 0 601.547 -381.655 -1773.496 599.834 -384.805 -1775.207 603.255 -378.500 -1771.787 sun-precursor-tube-ring-03toprim
1620 1 53 972 0 -1 0 601.282 -381.655 -1802.062 599.570 -384.805 -1803.774 602.990 -378.500 -1800.353 sun-precursor-tube-ring-03toprim
1621 1 53 973 0 -1 0 586.969 -381.655 -1767.845 585.256 -384.805 -1769.556 588.677 -378.500 -1766.136 sun-precursor-tube-ring-03toprim
1622 1 53 974 0 -1 0 586.958 -381.655 -1808.053 585.246 -384.805 -1809.764 588.666 -378.500 -1806.344 sun-precursor-tube-ring-03toprim
1623 1 53 975 0 -1 0 572.702 -381.655 -1802.467 570.990 -384.805 -1804.178 574.410 -378.500 -1800.758 sun-precursor-tube-ring-03toprim
1624 1 53 976 0 -1 0 572.613 -296.701 -1773.455 570.901 -299.850 -1775.167 574.321 -293.545 -1771.746 sun-precursor-tube-ring-03toprim
1625 1 53 977 0 -1 0 566.929 -296.701 -1787.775 565.217 -299.850 -1789.487 568.638 -293.545 -1786.066 sun-precursor-tube-ring-03toprim
1626 1 53 978 0 -1 0 566.929 -381.655 -1787.775 565.217 -384.805 -1789.487 568.638 -378.500 -1786.066 sun-precursor-tube-ring-03toprim
1627 1 53 979 0 -1 0 572.613 -381.655 -1773.455 570.901 -384.805 -1775.167 574.321 -378.500 -1771.746 sun-precursor-tube-ring-03toprim
1628 1 42 982 0 -1 0 586.975 -276.346 -1767.842 586.471 -276.501 -1768.346 587.479 -276.173 -1767.338 sun-blue
1629 1 42 984 0 -1 0 601.553 -276.346 -1773.493 601.049 -276.501 -1773.996 602.056 -276.173 -1772.989 sun-blue
1630 1 42 985 0 -1 0 572.619 -276.346 -1773.452 572.115 -276.501 -1773.956 573.123 -276.173 -1772.949 sun-blue
1631 1 42 986 0 -1 0 607.392 -276.346 -1787.758 606.886 -276.501 -1788.264 607.898 -276.173 -1787.252 sun-blue
1632 1 42 987 0 -1 0 572.708 -276.346 -1802.464 572.204 -276.501 -1802.968 573.212 -276.173 -1801.960 sun-blue
1633 1 42 988 0 -1 0 601.288 -276.346 -1802.060 600.784 -276.501 -1802.563 601.792 -276.173 -1801.556 sun-blue
1634 1 42 989 0 -1 0 586.964 -276.346 -1808.050 586.460 -276.501 -1808.554 587.468 -276.173 -1807.546 sun-blue
1635 1 42 990 0 -1 0 601.559 -433.025 -1773.482 600.803 -433.198 -1774.237 602.315 -432.870 -1772.726 sun-blue
1636 1 42 991 0 -1 0 607.389 -433.318 -1787.750 606.630 -433.526 -1788.509 608.148 -433.132 -1786.991 sun-blue
1637 1 42 993 0 -1 0 566.935 -276.346 -1787.773 566.432 -276.501 -1788.276 567.439 -276.173 -1787.269 sun-blue
1638 1 47 581 0 -1 0 648.045 -316.774 -1838.259 641.987 -318.233 -1846.957 653.952 -315.260 -1829.426 sun-hot-pipe-01
1639 1 47 582 0 -1 0 586.713 -289.024 -1847.341 581.182 -290.451 -1856.216 592.113 -287.658 -1838.584 sun-hot-pipe-01
1640 1 47 583 0 -1 0 664.404 -331.177 -1897.686 655.973 -332.714 -1903.623 672.916 -329.577 -1891.683 sun-hot-pipe-01
1641 1 47 584 0 -1 0 613.687 -349.052 -1864.861 604.074 -350.599 -1868.285 623.313 -347.462 -1861.457 sun-hot-pipe-01
1642 1 47 586 0 -1 0 746.879 -411.421 -1805.303 738.256 -412.917 -1811.036 755.611 -409.793 -1799.675 sun-hot-pipe-01
1643 1 14 321 0 -1 0 604.636 -326.271 -1780.439 601.112 -334.400 -1787.782 606.979 -318.091 -1773.637 sun-precursor-plainstripe
1644 1 14 322 0 -1 0 604.647 -326.271 -1795.086 601.112 -334.400 -1801.927 606.969 -318.091 -1787.782 sun-precursor-plainstripe
1645 1 14 323 0 -1 0 594.284 -326.271 -1770.100 586.979 -334.400 -1773.637 601.128 -318.091 -1767.779 sun-precursor-plainstripe
1646 1 14 324 0 -1 0 594.311 -326.271 -1805.439 586.969 -334.400 -1807.782 601.112 -318.091 -1801.916 sun-precursor-plainstripe
1647 1 14 325 0 -1 0 579.663 -326.283 -1805.454 572.820 -334.414 -1807.774 586.969 -318.101 -1801.917 sun-precursor-plainstripe
1648 1 14 326 0 -1 0 569.311 -326.283 -1795.114 566.969 -334.414 -1801.917 572.835 -318.101 -1787.772 sun-precursor-plainstripe
1649 1 14 327 0 -1 0 569.297 -326.271 -1780.466 566.976 -334.400 -1787.772 572.834 -318.091 -1773.623 sun-precursor-plainstripe
1650 1 14 328 0 -1 0 579.636 -326.271 -1770.114 572.834 -334.400 -1773.638 586.979 -318.091 -1767.772 sun-precursor-plainstripe
1651 1 47 588 0 -1 0 663.321 -438.138 -1773.034 656.205 -439.614 -1780.695 670.553 -436.674 -1765.482 sun-hot-pipe-01
1652 1 47 585 0 -1 0 749.576 -401.918 -1844.899 741.627 -403.356 -1851.858 757.381 -400.373 -1838.081 sun-hot-pipe-01
1653 1 47 587 0 -1 0 677.617 -432.608 -1791.180 669.398 -434.095 -1797.570 685.950 -431.010 -1784.900 sun-hot-pipe-01
1654 1 18 1090 0 -1 0 577.721 -294.850 -1774.352 576.425 -294.850 -1775.648 579.018 -294.850 -1773.055 sun-ecovalve-grate
1655 1 18 1091 0 -1 0 555.131 -249.167 -1672.343 553.834 -249.167 -1673.640 556.428 -249.167 -1671.046 sun-ecovalve-grate
1656 1 18 1092 0 -1 0 570.561 -369.687 -1791.020 569.264 -369.687 -1792.317 571.858 -369.687 -1789.723 sun-ecovalve-grate
1657 1 18 1093 0 -1 0 570.377 -450.507 -1788.126 569.080 -450.507 -1789.423 571.674 -450.507 -1786.829 sun-ecovalve-grate
1658 1 92 1090 0 -1 0 577.721 -294.850 -1774.352 576.425 -294.850 -1775.648 579.018 -294.850 -1773.055 pal-environment-front
1659 1 92 1091 0 -1 0 555.131 -249.167 -1672.343 553.834 -249.167 -1673.640 556.428 -249.167 -1671.046 pal-environment-front
1660 1 92 1092 0 -1 0 570.561 -369.687 -1791.020 569.264 -369.687 -1792.317 571.858 -369.687 -1789.723 pal-environment-front
1661 1 92 1093 0 -1 0 570.377 -450.507 -1788.126 569.080 -450.507 -1789.423 571.674 -450.507 -1786.829 pal-environment-front
1662 1 14 980 0 -1 0 576.475 -241.086 -1727.633 567.193 -258.213 -1730.104 585.755 -230.119 -1725.166 sun-precursor-plainstripe
1663 1 14 981 0 -1 0 576.475 -241.086 -1751.633 567.193 -258.213 -1754.104 585.755 -230.119 -1749.166 sun-precursor-plainstripe
1664 1 32 321 0 -1 0 607.786 -328.296 -1779.045 603.941 -383.841 -1787.782 610.978 -277.195 -1770.809 sun-walls-outside-edge-01
1665 1 32 322 0 -1 0 607.860 -328.296 -1796.326 603.940 -383.841 -1804.755 610.968 -277.195 -1787.782 sun-walls-outside-edge-01
1666 1 32 323 0 -1 0 595.525 -328.296 -1766.886 586.979 -383.841 -1770.809 603.956 -277.195 -1763.780 sun-walls-outside-edge-01
1667 1 32 324 0 -1 0 595.706 -328.296 -1808.590 586.969 -383.841 -1811.781 603.940 -277.195 -1804.744 sun-walls-outside-edge-01
1668 1 32 325 0 -1 0 578.422 -328.308 -1808.667 569.992 -383.867 -1811.774 586.969 -277.195 -1804.745 sun-walls-outside-edge-01
1669 1 32 326 0 -1 0 566.161 -328.308 -1796.509 562.970 -383.867 -1804.745 570.007 -277.195 -1787.772 sun-walls-outside-edge-01
1670 1 32 327 0 -1 0 566.083 -328.296 -1779.225 562.977 -383.841 -1787.772 570.006 -277.195 -1770.795 sun-walls-outside-edge-01
1671 1 32 328 0 -1 0 578.242 -328.296 -1766.964 570.006 -383.841 -1770.810 586.979 -277.195 -1763.773 sun-walls-outside-edge-01
1672 1 48 554 0 -1 0 620.095 -340.399 -1914.903 619.098 -341.478 -1916.074 621.176 -339.158 -1913.918 sun-hot-pipe-02
1673 1 92 1068 0 -1 0 578.274 -217.719 -1789.710 574.945 -225.929 -1793.036 581.606 -207.876 -1786.374 pal-environment-front
1674 1 92 1069 0 -1 0 588.268 -220.467 -1778.668 584.939 -230.968 -1781.994 591.600 -207.877 -1775.333 pal-environment-front
1675 1 46 504 0 -1 0 603.754 -351.013 -1863.027 602.399 -353.103 -1864.433 605.110 -348.927 -1861.620 sun-hot-pipe-03
1676 1 46 507 0 -1 0 657.790 -337.099 -1915.888 656.387 -339.208 -1917.211 659.193 -334.991 -1914.566 sun-hot-pipe-03
1677 1 46 508 0 -1 0 640.422 -339.362 -1920.049 639.019 -341.471 -1921.371 641.824 -337.254 -1918.726 sun-hot-pipe-03
1678 1 46 510 0 -1 0 601.112 -349.808 -1883.444 599.750 -351.923 -1884.830 602.475 -347.695 -1882.057 sun-hot-pipe-03
1679 1 46 511 0 -1 0 601.465 -349.406 -1880.811 600.110 -351.496 -1882.217 602.821 -347.320 -1879.404 sun-hot-pipe-03
1680 1 46 512 0 -1 0 620.477 -343.333 -1914.988 619.048 -345.483 -1916.304 621.907 -341.185 -1913.671 sun-hot-pipe-03
1681 1 46 520 0 -1 0 496.642 -259.620 -1798.818 495.170 -261.837 -1800.349 498.112 -257.408 -1797.287 sun-hot-pipe-03
1682 1 46 526 0 -1 0 495.232 -264.303 -1825.733 493.868 -266.481 -1827.172 496.595 -262.132 -1824.291 sun-hot-pipe-03
1683 1 46 527 0 -1 0 494.728 -261.890 -1808.370 493.257 -264.106 -1809.901 496.198 -259.677 -1806.839 sun-hot-pipe-03
1684 1 46 529 0 -1 0 494.889 -261.383 -1816.168 493.493 -262.885 -1818.337 496.284 -259.884 -1814.002 sun-hot-pipe-03
1685 1 46 530 0 -1 0 494.192 -263.649 -1812.630 492.737 -265.827 -1814.121 495.646 -261.476 -1811.137 sun-hot-pipe-03
1686 1 46 531 0 -1 0 494.711 -264.934 -1818.469 493.256 -267.111 -1819.961 496.165 -262.761 -1816.976 sun-hot-pipe-03
1687 1 46 535 0 -1 0 503.166 -268.470 -1841.346 501.802 -270.648 -1842.786 504.529 -266.298 -1839.905 sun-hot-pipe-03
1688 1 46 536 0 -1 0 511.817 -271.548 -1850.813 510.377 -273.721 -1852.306 513.257 -269.376 -1849.320 sun-hot-pipe-03
1689 1 46 537 0 -1 0 513.574 -271.604 -1853.332 512.110 -273.783 -1854.706 515.036 -269.433 -1851.957 sun-hot-pipe-03
1690 1 46 538 0 -1 0 505.222 -269.257 -1843.650 503.782 -271.430 -1845.143 506.663 -267.085 -1842.157 sun-hot-pipe-03
1691 1 46 502 0 -1 0 678.188 -328.384 -1865.810 676.857 -330.493 -1867.253 679.519 -326.276 -1864.367 sun-hot-pipe-03
1692 1 46 503 0 -1 0 611.409 -352.470 -1843.731 610.157 -354.560 -1845.063 612.661 -350.384 -1842.398 sun-hot-pipe-03
1693 1 46 505 0 -1 0 604.852 -350.863 -1860.420 603.600 -352.952 -1861.752 606.104 -348.777 -1859.086 sun-hot-pipe-03
1694 1 46 506 0 -1 0 678.410 -330.647 -1883.668 677.079 -332.756 -1885.112 679.741 -328.539 -1882.226 sun-hot-pipe-03
1695 1 46 509 0 -1 0 637.419 -340.001 -1920.086 635.989 -342.151 -1921.402 638.848 -337.853 -1918.769 sun-hot-pipe-03
1696 1 46 513 0 -1 0 605.857 -347.343 -1900.634 604.495 -349.458 -1902.020 607.219 -345.230 -1899.248 sun-hot-pipe-03
1697 1 46 514 0 -1 0 631.244 -448.060 -1759.752 629.771 -450.197 -1761.087 632.716 -445.923 -1758.416 sun-hot-pipe-03
1698 1 46 515 0 -1 0 648.956 -445.067 -1758.565 647.484 -447.205 -1759.901 650.428 -442.931 -1757.229 sun-hot-pipe-03
1699 1 46 516 0 -1 0 502.102 -255.644 -1786.406 500.709 -257.870 -1787.927 503.494 -253.423 -1784.873 sun-hot-pipe-03
1700 1 46 521 0 -1 0 496.032 -259.211 -1803.908 494.525 -260.713 -1806.114 497.537 -257.712 -1801.705 sun-hot-pipe-03
1701 1 46 522 0 -1 0 496.435 -261.478 -1800.321 495.063 -263.655 -1801.821 497.806 -259.304 -1798.819 sun-hot-pipe-03
1702 1 46 523 0 -1 0 497.889 -258.005 -1795.165 496.495 -260.231 -1796.686 499.280 -255.784 -1793.633 sun-hot-pipe-03
1703 1 46 524 0 -1 0 495.409 -263.267 -1821.108 493.922 -265.446 -1822.560 496.894 -261.091 -1819.657 sun-hot-pipe-03
1704 1 46 525 0 -1 0 495.158 -262.762 -1806.043 493.786 -264.940 -1807.542 496.529 -260.589 -1804.541 sun-hot-pipe-03
1705 1 46 528 0 -1 0 494.657 -261.657 -1811.264 493.171 -263.837 -1812.716 496.143 -259.482 -1809.813 sun-hot-pipe-03
1706 1 46 532 0 -1 0 548.668 -278.312 -1865.499 547.192 -280.459 -1866.824 550.142 -276.171 -1864.173 sun-hot-pipe-03
1707 1 46 533 0 -1 0 531.158 -275.074 -1862.848 529.682 -277.221 -1864.174 532.632 -272.933 -1861.523 sun-hot-pipe-03
1708 1 46 534 0 -1 0 528.734 -275.771 -1862.102 527.270 -277.950 -1863.476 530.196 -273.600 -1860.727 sun-hot-pipe-03
1709 1 46 539 0 -1 0 506.238 -272.016 -1844.471 504.774 -274.180 -1845.919 507.701 -269.859 -1843.022 sun-hot-pipe-03
1710 1 46 540 0 -1 0 508.792 -269.695 -1846.942 506.714 -271.201 -1849.024 510.873 -268.192 -1844.862 sun-hot-pipe-03
1711 1 46 541 0 -1 0 510.399 -273.242 -1848.618 508.935 -275.406 -1850.066 511.862 -271.085 -1847.169 sun-hot-pipe-03
1712 1 48 651 0 -1 0 575.864 -250.475 -1796.021 575.041 -251.475 -1797.129 577.041 -249.475 -1795.144 sun-hot-pipe-02
1713 1 48 655 0 -1 0 575.864 -250.445 -1790.277 575.041 -251.446 -1791.154 577.041 -249.446 -1789.170 sun-hot-pipe-02
1714 1 48 659 0 -1 0 575.864 -244.467 -1796.021 575.041 -245.467 -1797.129 577.041 -243.467 -1795.144 sun-hot-pipe-02
1715 1 48 663 0 -1 0 575.864 -244.438 -1790.277 575.041 -245.438 -1791.154 577.041 -243.438 -1789.170 sun-hot-pipe-02
1716 1 48 667 0 -1 0 574.936 -314.393 -1783.279 574.119 -315.016 -1783.985 575.708 -313.608 -1782.406 sun-hot-pipe-02
1717 1 48 671 0 -1 0 581.976 -314.483 -1775.948 581.099 -315.106 -1776.723 582.677 -313.697 -1775.145 sun-hot-pipe-02
1718 1 48 679 0 -1 0 611.313 -349.514 -1843.589 610.094 -350.500 -1844.701 612.321 -348.339 -1842.584 sun-hot-pipe-02
1719 1 48 683 0 -1 0 603.626 -348.057 -1862.915 602.541 -349.044 -1863.870 604.674 -346.882 -1861.836 sun-hot-pipe-02
1720 1 48 687 0 -1 0 604.872 -347.936 -1859.956 603.889 -348.892 -1861.136 606.087 -346.890 -1858.820 sun-hot-pipe-02
1721 1 48 691 0 -1 0 678.400 -327.681 -1883.873 677.391 -328.699 -1884.930 679.401 -326.479 -1882.975 sun-hot-pipe-02
1722 1 48 695 0 -1 0 678.199 -325.464 -1866.362 677.196 -326.403 -1867.318 679.209 -324.425 -1865.085 sun-hot-pipe-02
1723 1 48 699 0 -1 0 640.215 -336.397 -1920.079 639.187 -337.414 -1921.077 641.244 -335.195 -1918.921 sun-hot-pipe-02
1724 1 48 703 0 -1 0 636.704 -337.126 -1919.916 635.579 -338.094 -1920.961 637.969 -336.103 -1918.733 sun-hot-pipe-02
1725 1 48 707 0 -1 0 657.265 -334.179 -1916.012 656.206 -335.118 -1917.178 658.506 -333.140 -1914.986 sun-hot-pipe-02
1726 1 48 711 0 -1 0 600.922 -346.847 -1883.255 599.952 -347.876 -1884.302 602.089 -345.639 -1882.236 sun-hot-pipe-02
1727 1 48 715 0 -1 0 601.373 -346.479 -1880.353 600.378 -347.435 -1881.598 602.449 -345.434 -1879.374 sun-hot-pipe-02
1728 1 48 722 0 -1 0 605.557 -344.428 -1900.120 604.370 -345.405 -1901.347 606.625 -343.393 -1899.045 sun-hot-pipe-02
1729 1 48 726 0 -1 0 600.788 -393.741 -1801.616 599.870 -394.364 -1802.413 601.578 -392.955 -1800.712 sun-hot-pipe-02
1730 1 48 730 0 -1 0 648.293 -442.193 -1758.616 647.299 -443.147 -1759.668 649.596 -441.164 -1757.603 sun-hot-pipe-02
1731 1 48 734 0 -1 0 630.907 -445.120 -1759.755 629.866 -446.180 -1760.759 631.861 -443.892 -1758.705 sun-hot-pipe-02
1732 1 48 738 0 -1 0 577.968 -369.435 -1778.882 577.051 -370.058 -1779.680 578.759 -368.650 -1777.979 sun-hot-pipe-02
1733 1 48 742 0 -1 0 573.312 -369.436 -1773.824 572.521 -370.058 -1774.728 574.229 -368.650 -1773.027 sun-hot-pipe-02
1734 1 48 746 0 -1 0 583.230 -383.225 -1768.552 582.511 -383.848 -1769.267 584.043 -382.439 -1767.735 sun-hot-pipe-02
1735 1 48 750 0 -1 0 584.600 -383.225 -1775.287 583.786 -383.848 -1776.105 585.318 -382.439 -1774.573 sun-hot-pipe-02
1736 1 48 754 0 -1 0 596.157 -393.741 -1796.536 595.367 -394.364 -1797.439 597.075 -392.955 -1795.738 sun-hot-pipe-02
1737 1 48 758 0 -1 0 502.496 -252.943 -1787.529 501.290 -254.083 -1788.784 503.457 -251.980 -1786.210 sun-hot-pipe-02
1738 1 48 762 0 -1 0 570.214 -250.475 -1790.277 569.037 -251.475 -1791.154 571.037 -249.475 -1789.170 sun-hot-pipe-02
1739 1 48 766 0 -1 0 570.214 -244.467 -1790.277 569.037 -245.467 -1791.154 571.037 -243.467 -1789.170 sun-hot-pipe-02
1740 1 48 770 0 -1 0 498.424 -255.223 -1796.001 497.285 -256.443 -1796.944 499.669 -253.998 -1794.841 sun-hot-pipe-02
1741 1 48 774 0 -1 0 570.214 -250.445 -1796.021 569.037 -251.446 -1797.129 571.037 -249.446 -1795.144 sun-hot-pipe-02
1742 1 48 778 0 -1 0 570.214 -244.438 -1796.021 569.037 -245.438 -1797.129 571.037 -243.438 -1795.144 sun-hot-pipe-02
1743 1 48 782 0 -1 0 497.181 -256.872 -1799.759 496.099 -257.989 -1800.866 498.126 -255.894 -1798.404 sun-hot-pipe-02
1744 1 48 786 0 -1 0 495.933 -260.370 -1821.377 494.805 -261.484 -1822.418 496.904 -259.161 -1820.410 sun-hot-pipe-02
1745 1 48 790 0 -1 0 496.645 -258.722 -1801.169 495.521 -259.775 -1802.281 497.622 -257.717 -1799.842 sun-hot-pipe-02
1746 1 48 794 0 -1 0 495.316 -259.059 -1808.994 494.152 -260.252 -1810.010 496.445 -257.825 -1807.959 sun-hot-pipe-02
1747 1 48 798 0 -1 0 495.226 -258.820 -1811.863 494.085 -259.880 -1812.865 496.289 -257.807 -1810.578 sun-hot-pipe-02
1748 1 48 802 0 -1 0 495.424 -259.939 -1806.565 494.345 -261.064 -1807.578 496.568 -258.690 -1805.511 sun-hot-pipe-02
1749 1 48 806 0 -1 0 495.662 -261.471 -1826.468 494.546 -262.458 -1827.669 496.928 -260.464 -1825.210 sun-hot-pipe-02
1750 1 48 810 0 -1 0 495.123 -262.111 -1818.898 494.025 -263.236 -1819.929 496.098 -260.862 -1817.899 sun-hot-pipe-02
1751 1 48 814 0 -1 0 494.644 -260.894 -1813.384 493.531 -261.947 -1814.431 495.718 -259.889 -1812.064 sun-hot-pipe-02
1752 1 48 822 0 -1 0 544.868 -277.551 -1863.974 543.839 -278.835 -1865.052 545.883 -276.585 -1862.956 sun-hot-pipe-02
1753 1 48 826 0 -1 0 544.812 -275.827 -1863.934 543.830 -276.856 -1864.959 545.853 -274.618 -1862.862 sun-hot-pipe-02
1754 1 48 830 0 -1 0 546.585 -278.093 -1864.195 545.617 -279.122 -1865.219 547.625 -276.884 -1863.123 sun-hot-pipe-02
1755 1 48 834 0 -1 0 537.343 -276.325 -1862.966 536.314 -277.609 -1864.045 538.359 -275.358 -1861.949 sun-hot-pipe-02
1756 1 48 838 0 -1 0 537.287 -274.601 -1862.927 536.306 -275.630 -1863.952 538.329 -273.392 -1861.855 sun-hot-pipe-02
1757 1 48 842 0 -1 0 539.060 -276.867 -1863.188 538.093 -277.895 -1864.212 540.101 -275.658 -1862.115 sun-hot-pipe-02
1758 1 48 846 0 -1 0 519.226 -273.157 -1855.660 518.237 -274.477 -1856.918 520.426 -272.141 -1854.689 sun-hot-pipe-02
1759 1 48 850 0 -1 0 519.245 -271.422 -1855.681 518.082 -272.503 -1856.673 520.273 -270.180 -1854.444 sun-hot-pipe-02
1760 1 48 854 0 -1 0 520.720 -273.778 -1856.466 519.557 -274.860 -1857.457 521.748 -272.536 -1855.228 sun-hot-pipe-02
1761 1 48 858 0 -1 0 525.794 -274.779 -1859.314 524.805 -276.099 -1860.572 526.995 -273.763 -1858.343 sun-hot-pipe-02
1762 1 48 862 0 -1 0 525.813 -273.044 -1859.336 524.651 -274.125 -1860.327 526.842 -271.801 -1858.098 sun-hot-pipe-02
1763 1 48 874 0 -1 0 527.289 -275.399 -1860.120 526.126 -276.481 -1861.111 528.317 -274.157 -1858.882 sun-hot-pipe-02
1764 1 48 878 0 -1 0 499.488 -266.476 -1832.262 498.233 -267.558 -1833.293 500.486 -265.234 -1831.097 sun-hot-pipe-02
1765 1 48 882 0 -1 0 498.694 -265.856 -1830.759 497.717 -267.175 -1831.961 499.969 -264.839 -1829.765 sun-hot-pipe-02
1766 1 48 886 0 -1 0 498.678 -264.120 -1830.800 497.423 -265.202 -1831.832 499.677 -262.878 -1829.635 sun-hot-pipe-02
1767 1 48 890 0 -1 0 503.422 -265.560 -1841.796 502.184 -266.685 -1842.811 504.401 -264.292 -1840.645 sun-hot-pipe-02
1768 1 48 894 0 -1 0 503.005 -268.098 -1838.905 501.750 -269.179 -1839.937 504.003 -266.856 -1837.740 sun-hot-pipe-02
1769 1 48 898 0 -1 0 502.211 -267.477 -1837.402 501.234 -268.797 -1838.604 503.486 -266.461 -1836.409 sun-hot-pipe-02
1770 1 48 902 0 -1 0 502.195 -265.742 -1837.443 500.941 -266.823 -1838.475 503.194 -264.500 -1836.279 sun-hot-pipe-02
1771 1 48 906 0 -1 0 512.091 -268.625 -1851.274 510.823 -269.747 -1852.317 513.142 -267.359 -1850.047 sun-hot-pipe-02
1772 1 48 910 0 -1 0 514.346 -268.773 -1853.701 513.073 -269.760 -1854.969 515.562 -267.765 -1852.572 sun-hot-pipe-02
1773 1 48 914 0 -1 0 505.710 -266.423 -1844.343 504.496 -267.426 -1845.616 507.008 -265.416 -1843.072 sun-hot-pipe-02
1774 1 48 918 0 -1 0 506.804 -269.237 -1844.973 505.564 -270.215 -1846.257 508.097 -268.221 -1843.748 sun-hot-pipe-02
1775 1 48 922 0 -1 0 510.726 -270.383 -1848.887 509.470 -271.482 -1849.942 511.778 -269.131 -1847.636 sun-hot-pipe-02
1776 1 49 930 0 -1 0 573.037 -241.357 -1793.158 571.823 -241.760 -1794.372 574.250 -240.589 -1791.945 sun-glowedge-02
1777 1 49 931 0 -1 0 643.473 -357.881 -1810.015 643.225 -358.608 -1810.510 644.082 -357.334 -1809.273 sun-glowedge-02
1778 1 49 932 0 -1 0 635.089 -355.678 -1813.012 634.481 -356.226 -1813.753 635.337 -354.951 -1812.516 sun-glowedge-02
1779 1 49 933 0 -1 0 746.896 -398.634 -1859.081 746.665 -399.346 -1859.602 747.483 -398.083 -1858.349 sun-glowedge-02
1780 1 49 934 0 -1 0 756.757 -401.191 -1852.247 756.431 -401.894 -1852.646 757.448 -400.631 -1851.498 sun-glowedge-02
1781 1 49 935 0 -1 0 749.770 -399.430 -1857.917 749.080 -399.990 -1858.666 750.097 -398.726 -1857.518 sun-glowedge-02
1782 1 49 936 0 -1 0 762.606 -403.279 -1842.031 762.193 -403.983 -1842.322 763.338 -402.719 -1841.380 sun-glowedge-02
1783 1 49 937 0 -1 0 758.405 -401.536 -1850.006 757.674 -402.096 -1850.656 758.818 -400.833 -1849.714 sun-glowedge-02
1784 1 49 938 0 -1 0 763.143 -403.456 -1839.140 762.467 -404.034 -1839.633 763.743 -402.762 -1838.944 sun-glowedge-02
1785 1 49 939 0 -1 0 712.250 -388.336 -1838.870 711.981 -389.077 -1839.594 712.885 -387.849 -1838.374 sun-glowedge-02
1786 1 49 940 0 -1 0 735.876 -396.226 -1861.919 735.680 -396.953 -1862.570 736.407 -395.690 -1861.265 sun-glowedge-02
1787 1 49 941 0 -1 0 726.999 -393.923 -1861.941 726.468 -394.459 -1862.595 727.196 -393.196 -1861.290 sun-glowedge-02
1788 1 49 942 0 -1 0 738.322 -396.672 -1861.658 737.735 -397.223 -1862.390 738.554 -395.959 -1861.137 sun-glowedge-02
1789 1 49 943 0 -1 0 670.449 -372.797 -1835.708 670.110 -373.552 -1836.444 671.161 -372.364 -1835.298 sun-glowedge-02
1790 1 49 944 0 -1 0 663.531 -368.795 -1831.202 662.819 -369.228 -1831.613 663.870 -368.040 -1830.467 sun-glowedge-02
1791 1 49 945 0 -1 0 704.081 -385.238 -1836.084 703.445 -385.724 -1836.580 704.349 -384.496 -1835.360 sun-glowedge-02
1792 1 49 946 0 -1 0 719.954 -421.431 -1787.603 719.698 -421.961 -1788.093 720.574 -420.713 -1786.862 sun-glowedge-02
1793 1 49 947 0 -1 0 764.061 -404.864 -1830.130 763.460 -405.558 -1830.326 764.737 -404.286 -1829.637 sun-glowedge-02
1794 1 49 948 0 -1 0 711.608 -423.714 -1790.666 710.988 -424.432 -1791.408 711.864 -423.184 -1790.176 sun-glowedge-02
1795 1 49 949 0 -1 0 501.444 -256.528 -1787.483 500.996 -257.096 -1787.742 502.194 -255.810 -1786.870 sun-glowedge-02
1796 1 49 950 0 -1 0 570.111 -241.584 -1793.728 569.455 -242.241 -1794.107 570.767 -240.928 -1793.529 sun-glowedge-02
1797 1 49 951 0 -1 0 497.787 -258.339 -1795.688 497.037 -259.057 -1796.301 498.235 -257.771 -1795.429 sun-glowedge-02
1798 1 49 952 0 -1 0 542.833 -277.438 -1863.173 542.229 -278.098 -1863.370 543.521 -276.798 -1862.723 sun-glowedge-02
1799 1 49 953 0 -1 0 542.696 -277.391 -1864.322 542.009 -278.030 -1864.772 543.300 -276.730 -1864.124 sun-glowedge-02
1800 1 49 954 0 -1 0 535.309 -276.211 -1862.165 534.705 -276.872 -1862.363 535.996 -275.572 -1861.716 sun-glowedge-02
1801 1 49 955 0 -1 0 535.172 -276.165 -1863.315 534.484 -276.804 -1863.765 535.776 -275.504 -1863.117 sun-glowedge-02
1802 1 49 956 0 -1 0 524.201 -274.534 -1857.818 523.779 -275.178 -1858.099 524.948 -273.889 -1857.181 sun-glowedge-02
1803 1 49 957 0 -1 0 523.660 -274.537 -1858.847 522.913 -275.182 -1859.484 524.081 -273.892 -1858.566 sun-glowedge-02
1804 1 49 958 0 -1 0 501.695 -267.232 -1835.284 501.408 -267.877 -1835.704 502.339 -266.587 -1834.537 sun-glowedge-02
1805 1 49 959 0 -1 0 498.178 -265.610 -1828.641 497.891 -266.255 -1829.060 498.822 -264.966 -1827.893 sun-glowedge-02
1806 1 49 960 0 -1 0 497.151 -265.614 -1829.210 496.507 -266.259 -1829.958 497.438 -264.969 -1828.791 sun-glowedge-02
1807 1 49 961 0 -1 0 500.668 -267.236 -1835.854 500.024 -267.880 -1836.601 500.955 -266.591 -1835.434 sun-glowedge-02
1808 1 49 962 0 -1 0 517.632 -272.912 -1854.164 517.210 -273.557 -1854.445 518.379 -272.267 -1853.527 sun-glowedge-02
1809 1 49 963 0 -1 0 517.091 -272.916 -1855.192 516.344 -273.560 -1855.829 517.513 -272.271 -1854.911 sun-glowedge-02
1810 1 33 1165 0 -1 0 586.977 -286.192 -1767.847 585.200 -286.704 -1769.610 588.753 -285.720 -1766.057 sun-precursor-tube-script-01
1811 1 33 1166 0 -1 0 586.990 -307.240 -1767.835 585.200 -307.713 -1769.610 588.753 -306.729 -1766.057 sun-precursor-tube-script-01
1812 1 33 1167 0 -1 0 601.555 -286.192 -1773.498 599.778 -286.704 -1775.261 603.331 -285.720 -1771.708 sun-precursor-tube-script-01
1813 1 33 1168 0 -1 0 601.567 -307.240 -1773.486 599.778 -307.713 -1775.261 603.331 -306.729 -1771.708 sun-precursor-tube-script-01
1814 1 33 1169 0 -1 0 607.409 -307.240 -1787.743 605.618 -307.713 -1789.533 609.199 -306.729 -1785.971 sun-precursor-tube-script-01
1815 1 33 1170 0 -1 0 607.409 -286.192 -1787.760 605.618 -286.704 -1789.533 609.199 -285.720 -1785.971 sun-precursor-tube-script-01
1816 1 33 1171 0 -1 0 572.711 -286.192 -1802.469 570.933 -286.704 -1804.232 574.486 -285.720 -1800.679 sun-precursor-tube-script-01
1817 1 33 1172 0 -1 0 601.555 -316.225 -1773.498 599.778 -316.736 -1775.261 603.331 -315.752 -1771.708 sun-precursor-tube-script-01
1818 1 33 1173 0 -1 0 607.409 -316.225 -1787.760 605.618 -316.736 -1789.533 609.199 -315.752 -1785.971 sun-precursor-tube-script-01
1819 1 33 1174 0 -1 0 601.567 -321.248 -1773.486 599.778 -321.721 -1775.261 603.331 -320.736 -1771.708 sun-precursor-tube-script-01
1820 1 33 1175 0 -1 0 607.409 -321.248 -1787.743 605.618 -321.721 -1789.533 609.199 -320.736 -1785.971 sun-precursor-tube-script-01
1821 1 33 1176 0 -1 0 586.990 -321.248 -1767.835 585.200 -321.721 -1769.610 588.753 -320.736 -1766.057 sun-precursor-tube-script-01
1822 1 33 1177 0 -1 0 586.977 -316.225 -1767.847 585.200 -316.736 -1769.610 588.753 -315.752 -1766.057 sun-precursor-tube-script-01
1823 1 33 1178 0 -1 0 601.555 -338.193 -1773.498 599.778 -338.705 -1775.261 603.331 -337.720 -1771.708 sun-precursor-tube-script-01
1824 1 33 1179 0 -1 0 607.409 -338.193 -1787.760 605.618 -338.705 -1789.533 609.199 -337.720 -1785.971 sun-precursor-tube-script-01
1825 1 33 1180 0 -1 0 586.977 -338.193 -1767.847 585.200 -338.705 -1769.610 588.753 -337.720 -1766.057 sun-precursor-tube-script-01
1826 1 33 1181 0 -1 0 607.413 -353.198 -1787.739 604.727 -353.671 -1790.423 610.099 -352.686 -1785.080 sun-precursor-tube-script-01
1827 1 33 1182 0 -1 0 601.567 -362.197 -1773.486 599.778 -362.669 -1775.261 603.331 -361.685 -1771.708 sun-precursor-tube-script-01
1828 1 33 1183 0 -1 0 607.413 -347.175 -1787.765 604.727 -347.686 -1790.423 610.099 -346.702 -1785.080 sun-precursor-tube-script-01
1829 1 33 1184 0 -1 0 586.996 -353.198 -1767.835 584.312 -353.671 -1770.499 589.641 -352.686 -1765.169 sun-precursor-tube-script-01
1830 1 33 1185 0 -1 0 586.978 -347.175 -1767.853 584.312 -347.686 -1770.499 589.641 -346.702 -1765.169 sun-precursor-tube-script-01
1831 1 33 1186 0 -1 0 601.574 -353.198 -1773.486 598.890 -353.671 -1776.149 604.219 -352.686 -1770.820 sun-precursor-tube-script-01
1832 1 33 1187 0 -1 0 601.556 -347.175 -1773.504 598.890 -347.686 -1776.149 604.219 -346.702 -1770.820 sun-precursor-tube-script-01
1833 1 33 1188 0 -1 0 601.291 -286.192 -1802.064 599.514 -286.704 -1803.828 603.066 -285.720 -1800.275 sun-precursor-tube-script-01
1834 1 33 1189 0 -1 0 601.303 -307.240 -1802.052 599.514 -307.713 -1803.828 603.066 -306.729 -1800.275 sun-precursor-tube-script-01
1835 1 33 1190 0 -1 0 601.291 -316.225 -1802.064 599.514 -316.736 -1803.828 603.066 -315.752 -1800.275 sun-precursor-tube-script-01
1836 1 33 1191 0 -1 0 572.723 -307.240 -1802.457 570.933 -307.713 -1804.232 574.486 -306.729 -1800.679 sun-precursor-tube-script-01
1837 1 33 1192 0 -1 0 572.711 -316.225 -1802.469 570.933 -316.736 -1804.232 574.486 -315.752 -1800.679 sun-precursor-tube-script-01
1838 1 33 1193 0 -1 0 601.291 -338.193 -1802.064 599.514 -338.705 -1803.828 603.066 -337.720 -1800.275 sun-precursor-tube-script-01
1839 1 33 1194 0 -1 0 601.291 -347.175 -1802.071 598.625 -347.686 -1804.716 603.955 -346.702 -1799.387 sun-precursor-tube-script-01
1840 1 33 1195 0 -1 0 601.309 -353.198 -1802.053 598.625 -353.671 -1804.716 603.955 -352.686 -1799.387 sun-precursor-tube-script-01
1841 1 33 1196 0 -1 0 601.303 -321.248 -1802.052 599.514 -321.721 -1803.828 603.066 -320.736 -1800.275 sun-precursor-tube-script-01
1842 1 33 1197 0 -1 0 572.723 -321.248 -1802.457 570.933 -321.721 -1804.232 574.486 -320.736 -1800.679 sun-precursor-tube-script-01
1843 1 33 1198 0 -1 0 572.711 -338.193 -1802.469 570.933 -338.705 -1804.232 574.486 -337.720 -1800.679 sun-precursor-tube-script-01
1844 1 33 1199 0 -1 0 586.967 -286.192 -1808.055 585.190 -286.704 -1809.818 588.742 -285.720 -1806.266 sun-precursor-tube-script-01
1845 1 33 1200 0 -1 0 586.979 -307.240 -1808.043 585.190 -307.713 -1809.818 588.742 -306.729 -1806.266 sun-precursor-tube-script-01
1846 1 33 1201 0 -1 0 586.967 -316.225 -1808.055 585.190 -316.736 -1809.818 588.742 -315.752 -1806.266 sun-precursor-tube-script-01
1847 1 33 1202 0 -1 0 586.967 -338.193 -1808.055 585.190 -338.705 -1809.818 588.742 -337.720 -1806.266 sun-precursor-tube-script-01
1848 1 33 1203 0 -1 0 586.967 -347.175 -1808.062 584.301 -347.686 -1810.707 589.631 -346.702 -1805.377 sun-precursor-tube-script-01
1849 1 33 1204 0 -1 0 586.986 -353.198 -1808.043 584.301 -353.671 -1810.707 589.631 -352.686 -1805.377 sun-precursor-tube-script-01
1850 1 33 1205 0 -1 0 586.979 -321.248 -1808.043 585.190 -321.721 -1809.818 588.742 -320.736 -1806.266 sun-precursor-tube-script-01
1851 1 33 1206 0 -1 0 607.409 -371.147 -1787.760 605.618 -371.659 -1789.533 609.199 -370.674 -1785.971 sun-precursor-tube-script-01
1852 1 33 1207 0 -1 0 607.409 -392.195 -1787.743 605.618 -392.668 -1789.533 609.199 -391.683 -1785.971 sun-precursor-tube-script-01
1853 1 33 1208 0 -1 0 607.409 -401.179 -1787.760 605.618 -401.691 -1789.533 609.199 -400.707 -1785.971 sun-precursor-tube-script-01
1854 1 33 1209 0 -1 0 607.409 -362.197 -1787.743 605.618 -362.669 -1789.533 609.199 -361.685 -1785.971 sun-precursor-tube-script-01
1855 1 33 1210 0 -1 0 601.303 -362.197 -1802.052 599.514 -362.669 -1803.828 603.066 -361.685 -1800.275 sun-precursor-tube-script-01
1856 1 33 1211 0 -1 0 601.555 -371.147 -1773.498 599.778 -371.659 -1775.261 603.331 -370.674 -1771.708 sun-precursor-tube-script-01
1857 1 33 1212 0 -1 0 601.291 -371.147 -1802.064 599.514 -371.659 -1803.828 603.066 -370.674 -1800.275 sun-precursor-tube-script-01
1858 1 33 1213 0 -1 0 601.567 -392.195 -1773.486 599.778 -392.668 -1775.261 603.331 -391.683 -1771.708 sun-precursor-tube-script-01
1859 1 33 1214 0 -1 0 601.555 -401.179 -1773.498 599.778 -401.691 -1775.261 603.331 -400.707 -1771.708 sun-precursor-tube-script-01
1860 1 33 1215 0 -1 0 601.303 -392.195 -1802.052 599.514 -392.668 -1803.828 603.066 -391.683 -1800.275 sun-precursor-tube-script-01
1861 1 33 1216 0 -1 0 601.291 -401.179 -1802.064 599.514 -401.691 -1803.828 603.066 -400.707 -1800.275 sun-precursor-tube-script-01
1862 1 33 1217 0 -1 0 607.409 -423.148 -1787.760 605.618 -423.659 -1789.533 609.199 -422.675 -1785.971 sun-precursor-tube-script-01
1863 1 33 1218 0 -1 0 607.409 -406.203 -1787.743 605.618 -406.675 -1789.533 609.199 -405.691 -1785.971 sun-precursor-tube-script-01
1864 1 33 1219 0 -1 0 601.555 -423.148 -1773.498 599.778 -423.659 -1775.261 603.331 -422.675 -1771.708 sun-precursor-tube-script-01
1865 1 33 1220 0 -1 0 601.567 -406.203 -1773.486 599.778 -406.675 -1775.261 603.331 -405.691 -1771.708 sun-precursor-tube-script-01
1866 1 33 1222 0 -1 0 601.303 -406.203 -1802.052 599.514 -406.675 -1803.828 603.066 -405.691 -1800.275 sun-precursor-tube-script-01
1867 1 33 1224 0 -1 0 601.291 -432.129 -1802.071 598.625 -432.641 -1804.716 603.955 -431.656 -1799.387 sun-precursor-tube-script-01
1868 1 33 1225 0 -1 0 601.291 -447.101 -1802.071 598.625 -447.613 -1804.716 603.955 -446.628 -1799.387 sun-precursor-tube-script-01
1869 1 33 1226 0 -1 0 586.977 -371.147 -1767.847 585.200 -371.659 -1769.610 588.753 -370.674 -1766.057 sun-precursor-tube-script-01
1870 1 33 1227 0 -1 0 586.990 -362.197 -1767.835 585.200 -362.669 -1769.610 588.753 -361.685 -1766.057 sun-precursor-tube-script-01
1871 1 33 1228 0 -1 0 586.979 -362.197 -1808.043 585.190 -362.669 -1809.818 588.742 -361.685 -1806.266 sun-precursor-tube-script-01
1872 1 33 1229 0 -1 0 572.723 -362.197 -1802.457 570.933 -362.669 -1804.232 574.486 -361.685 -1800.679 sun-precursor-tube-script-01
1873 1 33 1230 0 -1 0 586.967 -371.147 -1808.055 585.190 -371.659 -1809.818 588.742 -370.674 -1806.266 sun-precursor-tube-script-01
1874 1 33 1231 0 -1 0 572.711 -371.147 -1802.469 570.933 -371.659 -1804.232 574.486 -370.674 -1800.679 sun-precursor-tube-script-01
1875 1 33 1232 0 -1 0 586.990 -392.195 -1767.835 585.200 -392.668 -1769.610 588.753 -391.683 -1766.057 sun-precursor-tube-script-01
1876 1 33 1233 0 -1 0 586.977 -401.179 -1767.847 585.200 -401.691 -1769.610 588.753 -400.707 -1766.057 sun-precursor-tube-script-01
1877 1 33 1234 0 -1 0 586.979 -392.195 -1808.043 585.190 -392.668 -1809.818 588.742 -391.683 -1806.266 sun-precursor-tube-script-01
1878 1 33 1235 0 -1 0 586.967 -401.179 -1808.055 585.190 -401.691 -1809.818 588.742 -400.707 -1806.266 sun-precursor-tube-script-01
1879 1 33 1236 0 -1 0 572.711 -401.179 -1802.469 570.933 -401.691 -1804.232 574.486 -400.707 -1800.679 sun-precursor-tube-script-01
1880 1 33 1237 0 -1 0 572.723 -392.195 -1802.457 570.933 -392.668 -1804.232 574.486 -391.683 -1800.679 sun-precursor-tube-script-01
1881 1 33 1238 0 -1 0 586.990 -406.203 -1767.835 585.200 -406.675 -1769.610 588.753 -405.691 -1766.057 sun-precursor-tube-script-01
1882 1 33 1239 0 -1 0 586.979 -406.203 -1808.043 585.190 -406.675 -1809.818 588.742 -405.691 -1806.266 sun-precursor-tube-script-01
1883 1 33 1240 0 -1 0 572.723 -406.203 -1802.457 570.933 -406.675 -1804.232 574.486 -405.691 -1800.679 sun-precursor-tube-script-01
1884 1 33 1244 0 -1 0 586.967 -423.148 -1808.055 585.190 -423.659 -1809.818 588.742 -422.675 -1806.266 sun-precursor-tube-script-01
1885 1 33 1248 0 -1 0 586.967 -432.129 -1808.062 584.301 -432.641 -1810.707 589.631 -431.656 -1805.377 sun-precursor-tube-script-01
1886 1 33 1249 0 -1 0 586.967 -447.101 -1808.062 584.301 -447.613 -1810.707 589.631 -446.628 -1805.377 sun-precursor-tube-script-01
1887 1 33 1250 0 -1 0 572.622 -286.192 -1773.457 570.845 -286.704 -1775.220 574.398 -285.720 -1771.668 sun-precursor-tube-script-01
1888 1 33 1251 0 -1 0 572.634 -307.240 -1773.445 570.845 -307.713 -1775.220 574.398 -306.729 -1771.668 sun-precursor-tube-script-01
1889 1 33 1252 0 -1 0 566.938 -286.192 -1787.777 565.161 -286.704 -1789.541 568.714 -285.720 -1785.988 sun-precursor-tube-script-01
1890 1 33 1253 0 -1 0 566.950 -307.240 -1787.765 565.161 -307.713 -1789.541 568.714 -306.729 -1785.988 sun-precursor-tube-script-01
1891 1 33 1254 0 -1 0 566.938 -316.225 -1787.777 565.161 -316.736 -1789.541 568.714 -315.752 -1785.988 sun-precursor-tube-script-01
1892 1 33 1255 0 -1 0 572.622 -316.225 -1773.457 570.845 -316.736 -1775.220 574.398 -315.752 -1771.668 sun-precursor-tube-script-01
1893 1 33 1256 0 -1 0 566.950 -321.248 -1787.765 565.161 -321.721 -1789.541 568.714 -320.736 -1785.988 sun-precursor-tube-script-01
1894 1 33 1257 0 -1 0 572.634 -321.248 -1773.445 570.845 -321.721 -1775.220 574.398 -320.736 -1771.668 sun-precursor-tube-script-01
1895 1 33 1258 0 -1 0 572.622 -347.175 -1773.464 569.957 -347.686 -1776.109 575.286 -346.702 -1770.779 sun-precursor-tube-script-01
1896 1 33 1259 0 -1 0 572.622 -338.193 -1773.457 570.845 -338.705 -1775.220 574.398 -337.720 -1771.668 sun-precursor-tube-script-01
1897 1 33 1260 0 -1 0 566.939 -347.175 -1787.784 564.273 -347.686 -1790.429 569.602 -346.702 -1785.100 sun-precursor-tube-script-01
1898 1 33 1261 0 -1 0 572.711 -347.175 -1802.475 570.045 -347.686 -1805.121 575.375 -346.702 -1799.791 sun-precursor-tube-script-01
1899 1 33 1262 0 -1 0 566.957 -353.198 -1787.766 564.273 -353.671 -1790.429 569.602 -352.686 -1785.100 sun-precursor-tube-script-01
1900 1 33 1263 0 -1 0 566.938 -338.193 -1787.777 565.161 -338.705 -1789.541 568.714 -337.720 -1785.988 sun-precursor-tube-script-01
1901 1 33 1264 0 -1 0 566.950 -362.197 -1787.765 565.161 -362.669 -1789.541 568.714 -361.685 -1785.988 sun-precursor-tube-script-01
1902 1 33 1265 0 -1 0 572.634 -362.197 -1773.445 570.845 -362.669 -1775.220 574.398 -361.685 -1771.668 sun-precursor-tube-script-01
1903 1 33 1266 0 -1 0 572.641 -353.198 -1773.445 569.957 -353.671 -1776.109 575.286 -352.686 -1770.779 sun-precursor-tube-script-01
1904 1 33 1267 0 -1 0 572.729 -353.198 -1802.457 570.045 -353.671 -1805.121 575.375 -352.686 -1799.791 sun-precursor-tube-script-01
1905 1 33 1268 0 -1 0 566.938 -371.147 -1787.777 565.161 -371.659 -1789.541 568.714 -370.674 -1785.988 sun-precursor-tube-script-01
1906 1 33 1269 0 -1 0 572.622 -371.147 -1773.457 570.845 -371.659 -1775.220 574.398 -370.674 -1771.668 sun-precursor-tube-script-01
1907 1 33 1270 0 -1 0 572.634 -392.195 -1773.445 570.845 -392.668 -1775.220 574.398 -391.683 -1771.668 sun-precursor-tube-script-01
1908 1 33 1271 0 -1 0 572.622 -401.179 -1773.457 570.845 -401.691 -1775.220 574.398 -400.707 -1771.668 sun-precursor-tube-script-01
1909 1 33 1272 0 -1 0 572.634 -406.203 -1773.445 570.845 -406.675 -1775.220 574.398 -405.691 -1771.668 sun-precursor-tube-script-01
1910 1 33 1273 0 -1 0 566.950 -392.195 -1787.765 565.161 -392.668 -1789.541 568.714 -391.683 -1785.988 sun-precursor-tube-script-01
1911 1 33 1274 0 -1 0 566.938 -401.179 -1787.777 565.161 -401.691 -1789.541 568.714 -400.707 -1785.988 sun-precursor-tube-script-01
1912 1 33 1275 0 -1 0 566.950 -406.203 -1787.765 565.161 -406.675 -1789.541 568.714 -405.691 -1785.988 sun-precursor-tube-script-01
1913 1 92 1165 0 -1 0 586.977 -286.192 -1767.847 585.200 -286.704 -1769.610 588.753 -285.720 -1766.057 pal-environment-front
1914 1 92 1166 0 -1 0 586.990 -307.240 -1767.835 585.200 -307.713 -1769.610 588.753 -306.729 -1766.057 pal-environment-front
1915 1 92 1167 0 -1 0 601.555 -286.192 -1773.498 599.778 -286.704 -1775.261 603.331 -285.720 -1771.708 pal-environment-front
1916 1 92 1168 0 -1 0 601.567 -307.240 -1773.486 599.778 -307.713 -1775.261 603.331 -306.729 -1771.708 pal-environment-front
1917 1 92 1169 0 -1 0 607.409 -307.240 -1787.743 605.618 -307.713 -1789.533 609.199 -306.729 -1785.971 pal-environment-front
1918 1 92 1170 0 -1 0 607.409 -286.192 -1787.760 605.618 -286.704 -1789.533 609.199 -285.720 -1785.971 pal-environment-front
1919 1 92 1171 0 -1 0 572.711 -286.192 -1802.469 570.933 -286.704 -1804.232 574.486 -285.720 -1800.679 pal-environment-front
1920 1 92 1172 0 -1 0 601.555 -316.225 -1773.498 599.778 -316.736 -1775.261 603.331 -315.752 -1771.708 pal-environment-front
1921 1 92 1173 0 -1 0 607.409 -316.225 -1787.760 605.618 -316.736 -1789.533 609.199 -315.752 -1785.971 pal-environment-front
1922 1 92 1174 0 -1 0 601.567 -321.248 -1773.486 599.778 -321.721 -1775.261 603.331 -320.736 -1771.708 pal-environment-front
1923 1 92 1175 0 -1 0 607.409 -321.248 -1787.743 605.618 -321.721 -1789.533 609.199 -320.736 -1785.971 pal-environment-front
1924 1 92 1176 0 -1 0 586.990 -321.248 -1767.835 585.200 -321.721 -1769.610 588.753 -320.736 -1766.057 pal-environment-front
1925 1 92 1177 0 -1 0 586.977 -316.225 -1767.847 585.200 -316.736 -1769.610 588.753 -315.752 -1766.057 pal-environment-front
1926 1 92 1178 0 -1 0 601.555 -338.193 -1773.498 599.778 -338.705 -1775.261 603.331 -337.720 -1771.708 pal-environment-front
1927 1 92 1179 0 -1 0 607.409 -338.193 -1787.760 605.618 -338.705 -1789.533 609.199 -337.720 -1785.971 pal-environment-front
1928 1 92 1180 0 -1 0 586.977 -338.193 -1767.847 585.200 -338.705 -1769.610 588.753 -337.720 -1766.057 pal-environment-front
1929 1 92 1181 0 -1 0 607.413 -353.198 -1787.739 604.727 -353.671 -1790.423 610.099 -352.686 -1785.080 pal-environment-front
1930 1 92 1182 0 -1 0 601.567 -362.197 -1773.486 599.778 -362.669 -1775.261 603.331 -361.685 -1771.708 pal-environment-front
1931 1 92 1183 0 -1 0 607.413 -347.175 -1787.765 604.727 -347.686 -1790.423 610.099 -346.702 -1785.080 pal-environment-front
1932 1 92 1184 0 -1 0 586.996 -353.198 -1767.835 584.312 -353.671 -1770.499 589.641 -352.686 -1765.169 pal-environment-front
1933 1 92 1185 0 -1 0 586.978 -347.175 -1767.853 584.312 -347.686 -1770.499 589.641 -346.702 -1765.169 pal-environment-front
1934 1 92 1186 0 -1 0 601.574 -353.198 -1773.486 598.890 -353.671 -1776.149 604.219 -352.686 -1770.820 pal-environment-front
1935 1 92 1187 0 -1 0 601.556 -347.175 -1773.504 598.890 -347.686 -1776.149 604.219 -346.702 -1770.820 pal-environment-front
1936 1 92 1188 0 -1 0 601.291 -286.192 -1802.064 599.514 -286.704 -1803.828 603.066 -285.720 -1800.275 pal-environment-front
1937 1 92 1189 0 -1 0 601.303 -307.240 -1802.052 599.514 -307.713 -1803.828 603.066 -306.729 -1800.275 pal-environment-front
1938 1 92 1190 0 -1 0 601.291 -316.225 -1802.064 599.514 -316.736 -1803.828 603.066 -315.752 -1800.275 pal-environment-front
1939 1 92 1191 0 -1 0 572.723 -307.240 -1802.457 570.933 -307.713 -1804.232 574.486 -306.729 -1800.679 pal-environment-front
1940 1 92 1192 0 -1 0 572.711 -316.225 -1802.469 570.933 -316.736 -1804.232 574.486 -315.752 -1800.679 pal-environment-front
1941 1 92 1193 0 -1 0 601.291 -338.193 -1802.064 599.514 -338.705 -1803.828 603.066 -337.720 -1800.275 pal-environment-front
1942 1 92 1194 0 -1 0 601.291 -347.175 -1802.071 598.625 -347.686 -1804.716 603.955 -346.702 -1799.387 pal-environment-front
1943 1 92 1195 0 -1 0 601.309 -353.198 -1802.053 598.625 -353.671 -1804.716 603.955 -352.686 -1799.387 pal-environment-front
1944 1 92 1196 0 -1 0 601.303 -321.248 -1802.052 599.514 -321.721 -1803.828 603.066 -320.736 -1800.275 pal-environment-front
1945 1 92 1197 0 -1 0 572.723 -321.248 -1802.457 570.933 -321.721 -1804.232 574.486 -320.736 -1800.679 pal-environment-front
1946 1 92 1198 0 -1 0 572.711 -338.193 -1802.469 570.933 -338.705 -1804.232 574.486 -337.720 -1800.679 pal-environment-front
1947 1 92 1199 0 -1 0 586.967 -286.192 -1808.055 585.190 -286.704 -1809.818 588.742 -285.720 -1806.266 pal-environment-front
1948 1 92 1200 0 -1 0 586.979 -307.240 -1808.043 585.190 -307.713 -1809.818 588.742 -306.729 -1806.266 pal-environment-front
1949 1 92 1201 0 -1 0 586.967 -316.225 -1808.055 585.190 -316.736 -1809.818 588.742 -315.752 -1806.266 pal-environment-front
1950 1 92 1202 0 -1 0 586.967 -338.193 -1808.055 585.190 -338.705 -1809.818 588.742 -337.720 -1806.266 pal-environment-front
1951 1 92 1203 0 -1 0 586.967 -347.175 -1808.062 584.301 -347.686 -1810.707 589.631 -346.702 -1805.377 pal-environment-front
1952 1 92 1204 0 -1 0 586.986 -353.198 -1808.043 584.301 -353.671 -1810.707 589.631 -352.686 -1805.377 pal-environment-front
1953 1 92 1205 0 -1 0 586.979 -321.248 -1808.043 585.190 -321.721 -1809.818 588.742 -320.736 -1806.266 pal-environment-front
1954 1 92 1206 0 -1 0 607.409 -371.147 -1787.760 605.618 -371.659 -1789.533 609.199 -370.674 -1785.971 pal-environment-front
1955 1 92 1207 0 -1 0 607.409 -392.195 -1787.743 605.618 -392.668 -1789.533 609.199 -391.683 -1785.971 pal-environment-front
1956 1 92 1208 0 -1 0 607.409 -401.179 -1787.760 605.618 -401.691 -1789.533 609.199 -400.707 -1785.971 pal-environment-front
1957 1 92 1209 0 -1 0 607.409 -362.197 -1787.743 605.618 -362.669 -1789.533 609.199 -361.685 -1785.971 pal-environment-front
1958 1 92 1210 0 -1 0 601.303 -362.197 -1802.052 599.514 -362.669 -1803.828 603.066 -361.685 -1800.275 pal-environment-front
1959 1 92 1211 0 -1 0 601.555 -371.147 -1773.498 599.778 -371.659 -1775.261 603.331 -370.674 -1771.708 pal-environment-front
1960 1 92 1212 0 -1 0 601.291 -371.147 -1802.064 599.514 -371.659 -1803.828 603.066 -370.674 -1800.275 pal-environment-front
1961 1 92 1213 0 -1 0 601.567 -392.195 -1773.486 599.778 -392.668 -1775.261 603.331 -391.683 -1771.708 pal-environment-front
1962 1 92 1214 0 -1 0 601.555 -401.179 -1773.498 599.778 -401.691 -1775.261 603.331 -400.707 -1771.708 pal-environment-front
1963 1 92 1215 0 -1 0 601.303 -392.195 -1802.052 599.514 -392.668 -1803.828 603.066 -391.683 -1800.275 pal-environment-front
1964 1 92 1216 0 -1 0 601.291 -401.179 -1802.064 599.514 -401.691 -1803.828 603.066 -400.707 -1800.275 pal-environment-front
1965 1 92 1217 0 -1 0 607.409 -423.148 -1787.760 605.618 -423.659 -1789.533 609.199 -422.675 -1785.971 pal-environment-front
1966 1 92 1218 0 -1 0 607.409 -406.203 -1787.743 605.618 -406.675 -1789.533 609.199 -405.691 -1785.971 pal-environment-front
1967 1 92 1219 0 -1 0 601.555 -423.148 -1773.498 599.778 -423.659 -1775.261 603.331 -422.675 -1771.708 pal-environment-front
1968 1 92 1220 0 -1 0 601.567 -406.203 -1773.486 599.778 -406.675 -1775.261 603.331 -405.691 -1771.708 pal-environment-front
1969 1 92 1222 0 -1 0 601.303 -406.203 -1802.052 599.514 -406.675 -1803.828 603.066 -405.691 -1800.275 pal-environment-front
1970 1 92 1224 0 -1 0 601.291 -432.129 -1802.071 598.625 -432.641 -1804.716 603.955 -431.656 -1799.387 pal-environment-front
1971 1 92 1225 0 -1 0 601.291 -447.101 -1802.071 598.625 -447.613 -1804.716 603.955 -446.628 -1799.387 pal-environment-front
1972 1 92 1226 0 -1 0 586.977 -371.147 -1767.847 585.200 -371.659 -1769.610 588.753 -370.674 -1766.057 pal-environment-front
1973 1 92 1227 0 -1 0 586.990 -362.197 -1767.835 585.200 -362.669 -1769.610 588.753 -361.685 -1766.057 pal-environment-front
1974 1 92 1228 0 -1 0 586.979 -362.197 -1808.043 585.190 -362.669 -1809.818 588.742 -361.685 -1806.266 pal-environment-front
1975 1 92 1229 0 -1 0 572.723 -362.197 -1802.457 570.933 -362.669 -1804.232 574.486 -361.685 -1800.679 pal-environment-front
1976 1 92 1230 0 -1 0 586.967 -371.147 -1808.055 585.190 -371.659 -1809.818 588.742 -370.674 -1806.266 pal-environment-front
1977 1 92 1231 0 -1 0 572.711 -371.147 -1802.469 570.933 -371.659 -1804.232 574.486 -370.674 -1800.679 pal-environment-front
1978 1 92 1232 0 -1 0 586.990 -392.195 -1767.835 585.200 -392.668 -1769.610 588.753 -391.683 -1766.057 pal-environment-front
1979 1 92 1233 0 -1 0 586.977 -401.179 -1767.847 585.200 -401.691 -1769.610 588.753 -400.707 -1766.057 pal-environment-front
1980 1 92 1234 0 -1 0 586.979 -392.195 -1808.043 585.190 -392.668 -1809.818 588.742 -391.683 -1806.266 pal-environment-front
1981 1 92 1235 0 -1 0 586.967 -401.179 -1808.055 585.190 -401.691 -1809.818 588.742 -400.707 -1806.266 pal-environment-front
1982 1 92 1236 0 -1 0 572.711 -401.179 -1802.469 570.933 -401.691 -1804.232 574.486 -400.707 -1800.679 pal-environment-front
1983 1 92 1237 0 -1 0 572.723 -392.195 -1802.457 570.933 -392.668 -1804.232 574.486 -391.683 -1800.679 pal-environment-front
1984 1 92 1238 0 -1 0 586.990 -406.203 -1767.835 585.200 -406.675 -1769.610 588.753 -405.691 -1766.057 pal-environment-front
1985 1 92 1239 0 -1 0 586.979 -406.203 -1808.043 585.190 -406.675 -1809.818 588.742 -405.691 -1806.266 pal-environment-front
1986 1 92 1240 0 -1 0 572.723 -406.203 -1802.457 570.933 -406.675 -1804.232 574.486 -405.691 -1800.679 pal-environment-front
1987 1 92 1244 0 -1 0 586.967 -423.148 -1808.055 585.190 -423.659 -1809.818 588.742 -422.675 -1806.266 pal-environment-front
1988 1 92 1248 0 -1 0 586.967 -432.129 -1808.062 584.301 -432.641 -1810.707 589.631 -431.656 -1805.377 pal-environment-front
1989 1 92 1249 0 -1 0 586.967 -447.101 -1808.062 584.301 -447.613 -1810.707 589.631 -446.628 -1805.377 pal-environment-front
1990 1 92 1250 0 -1 0 572.622 -286.192 -1773.457 570.845 -286.704 -1775.220 574.398 -285.720 -1771.668 pal-environment-front
1991 1 92 1251 0 -1 0 572.634 -307.240 -1773.445 570.845 -307.713 -1775.220 574.398 -306.729 -1771.668 pal-environment-front
1992 1 92 1252 0 -1 0 566.938 -286.192 -1787.777 565.161 -286.704 -1789.541 568.714 -285.720 -1785.988 pal-environment-front
1993 1 92 1253 0 -1 0 566.950 -307.240 -1787.765 565.161 -307.713 -1789.541 568.714 -306.729 -1785.988 pal-environment-front
1994 1 92 1254 0 -1 0 566.938 -316.225 -1787.777 565.161 -316.736 -1789.541 568.714 -315.752 -1785.988 pal-environment-front
1995 1 92 1255 0 -1 0 572.622 -316.225 -1773.457 570.845 -316.736 -1775.220 574.398 -315.752 -1771.668 pal-environment-front
1996 1 92 1256 0 -1 0 566.950 -321.248 -1787.765 565.161 -321.721 -1789.541 568.714 -320.736 -1785.988 pal-environment-front
1997 1 92 1257 0 -1 0 572.634 -321.248 -1773.445 570.845 -321.721 -1775.220 574.398 -320.736 -1771.668 pal-environment-front
1998 1 92 1258 0 -1 0 572.622 -347.175 -1773.464 569.957 -347.686 -1776.109 575.286 -346.702 -1770.779 pal-environment-front
1999 1 92 1259 0 -1 0 572.622 -338.193 -1773.457 570.845 -338.705 -1775.220 574.398 -337.720 -1771.668 pal-environment-front
2000 1 92 1260 0 -1 0 566.939 -347.175 -1787.784 564.273 -347.686 -1790.429 569.602 -346.702 -1785.100 pal-environment-front
2001 1 92 1261 0 -1 0 572.711 -347.175 -1802.475 570.045 -347.686 -1805.121 575.375 -346.702 -1799.791 pal-environment-front
2002 1 92 1262 0 -1 0 566.957 -353.198 -1787.766 564.273 -353.671 -1790.429 569.602 -352.686 -1785.100 pal-environment-front
2003 1 92 1263 0 -1 0 566.938 -338.193 -1787.777 565.161 -338.705 -1789.541 568.714 -337.720 -1785.988 pal-environment-front
2004 1 92 1264 0 -1 0 566.950 -362.197 -1787.765 565.161 -362.669 -1789.541 568.714 -361.685 -1785.988 pal-environment-front
2005 1 92 1265 0 -1 0 572.634 -362.197 -1773.445 570.845 -362.669 -1775.220 574.398 -361.685 -1771.668 pal-environment-front
2006 1 92 1266 0 -1 0 572.641 -353.198 -1773.445 569.957 -353.671 -1776.109 575.286 -352.686 -1770.779 pal-environment-front
2007 1 92 1267 0 -1 0 572.729 -353.198 -1802.457 570.045 -353.671 -1805.121 575.375 -352.686 -1799.791 pal-environment-front
2008 1 92 1268 0 -1 0 566.938 -371.147 -1787.777 565.161 -371.659 -1789.541 568.714 -370.674 -1785.988 pal-environment-front
2009 1 92 1269 0 -1 0 572.622 -371.147 -1773.457 570.845 -371.659 -1775.220 574.398 -370.674 -1771.668 pal-environment-front
2010 1 92 1270 0 -1 0 572.634 -392.195 -1773.445 570.845 -392.668 -1775.220 574.398 -391.683 -1771.668 pal-environment-front
2011 1 92 1271 0 -1 0 572.622 -401.179 -1773.457 570.845 -401.691 -1775.220 574.398 -400.707 -1771.668 pal-environment-front
2012 1 92 1272 0 -1 0 572.634 -406.203 -1773.445 570.845 -406.675 -1775.220 574.398 -405.691 -1771.668 pal-environment-front
2013 1 92 1273 0 -1 0 566.950 -392.195 -1787.765 565.161 -392.668 -1789.541 568.714 -391.683 -1785.988 pal-environment-front
2014 1 92 1274 0 -1 0 566.938 -401.179 -1787.777 565.161 -401.691 -1789.541 568.714 -400.707 -1785.988 pal-environment-front
2015 1 92 1275 0 -1 0 566.950 -406.203 -1787.765 565.161 -406.675 -1789.541 568.714 -405.691 -1785.988 pal-environment-front
2016 1 92 1285 0 -1 0 586.973 -288.717 -1767.837 585.180 -290.717 -1769.624 588.760 -286.717 -1766.045 pal-environment-front
2017 1 92 1286 0 -1 0 586.973 -304.741 -1767.837 585.180 -306.741 -1769.624 588.760 -302.741 -1766.045 pal-environment-front
2018 1 92 1287 0 -1 0 601.551 -304.741 -1773.488 599.758 -306.741 -1775.275 603.338 -302.741 -1771.695 pal-environment-front
2019 1 92 1288 0 -1 0 601.551 -288.717 -1773.488 599.758 -290.717 -1775.275 603.338 -286.717 -1771.695 pal-environment-front
2020 1 92 1289 0 -1 0 607.403 -304.741 -1787.759 605.628 -306.741 -1789.531 609.199 -302.741 -1785.988 pal-environment-front
2021 1 92 1290 0 -1 0 607.403 -288.717 -1787.759 605.628 -290.717 -1789.531 609.199 -286.717 -1785.988 pal-environment-front
2022 1 92 1291 0 -1 0 601.551 -318.749 -1773.488 599.758 -320.749 -1775.275 603.338 -316.749 -1771.695 pal-environment-front
2023 1 92 1292 0 -1 0 607.403 -318.749 -1787.759 605.628 -320.749 -1789.531 609.199 -316.749 -1785.988 pal-environment-front
2024 1 92 1293 0 -1 0 586.973 -318.749 -1767.837 585.180 -320.749 -1769.624 588.760 -316.749 -1766.045 pal-environment-front
2025 1 92 1294 0 -1 0 601.286 -288.717 -1802.054 599.494 -290.717 -1803.842 603.073 -286.717 -1800.262 pal-environment-front
2026 1 92 1295 0 -1 0 572.706 -288.717 -1802.459 570.913 -290.717 -1804.246 574.493 -286.717 -1800.667 pal-environment-front
2027 1 92 1296 0 -1 0 601.286 -304.741 -1802.054 599.494 -306.741 -1803.842 603.073 -302.741 -1800.262 pal-environment-front
2028 1 92 1297 0 -1 0 572.706 -304.741 -1802.459 570.913 -306.741 -1804.246 574.493 -302.741 -1800.667 pal-environment-front
2029 1 92 1298 0 -1 0 601.286 -318.749 -1802.054 599.494 -320.749 -1803.842 603.073 -316.749 -1800.262 pal-environment-front
2030 1 92 1299 0 -1 0 572.706 -318.749 -1802.459 570.913 -320.749 -1804.246 574.493 -316.749 -1800.667 pal-environment-front
2031 1 92 1300 0 -1 0 586.962 -288.717 -1808.045 585.170 -290.717 -1809.832 588.749 -286.717 -1806.253 pal-environment-front
2032 1 92 1301 0 -1 0 586.962 -304.741 -1808.045 585.170 -306.741 -1809.832 588.749 -302.741 -1806.253 pal-environment-front
2033 1 92 1302 0 -1 0 586.962 -318.749 -1808.045 585.170 -320.749 -1809.832 588.749 -316.749 -1806.253 pal-environment-front
2034 1 92 1303 0 -1 0 607.403 -373.671 -1787.759 605.628 -375.671 -1789.531 609.199 -371.671 -1785.988 pal-environment-front
2035 1 92 1304 0 -1 0 607.403 -389.696 -1787.759 605.628 -391.696 -1789.531 609.199 -387.696 -1785.988 pal-environment-front
2036 1 92 1305 0 -1 0 601.551 -373.671 -1773.488 599.758 -375.671 -1775.275 603.338 -371.671 -1771.695 pal-environment-front
2037 1 92 1306 0 -1 0 601.286 -373.671 -1802.054 599.494 -375.671 -1803.842 603.073 -371.671 -1800.262 pal-environment-front
2038 1 92 1307 0 -1 0 601.551 -389.696 -1773.488 599.758 -391.696 -1775.275 603.338 -387.696 -1771.695 pal-environment-front
2039 1 92 1308 0 -1 0 601.286 -389.696 -1802.054 599.494 -391.696 -1803.842 603.073 -387.696 -1800.262 pal-environment-front
2040 1 92 1309 0 -1 0 607.403 -403.704 -1787.759 605.628 -405.704 -1789.531 609.199 -401.704 -1785.988 pal-environment-front
2041 1 92 1310 0 -1 0 601.551 -403.704 -1773.488 599.758 -405.704 -1775.275 603.338 -401.704 -1771.695 pal-environment-front
2042 1 92 1311 0 -1 0 601.286 -403.704 -1802.054 599.494 -405.704 -1803.842 603.073 -401.704 -1800.262 pal-environment-front
2043 1 92 1312 0 -1 0 586.973 -373.671 -1767.837 585.180 -375.671 -1769.624 588.760 -371.671 -1766.045 pal-environment-front
2044 1 92 1313 0 -1 0 586.962 -373.671 -1808.045 585.170 -375.671 -1809.832 588.749 -371.671 -1806.253 pal-environment-front
2045 1 92 1314 0 -1 0 572.706 -373.671 -1802.459 570.913 -375.671 -1804.246 574.493 -371.671 -1800.667 pal-environment-front
2046 1 92 1315 0 -1 0 586.973 -389.696 -1767.837 585.180 -391.696 -1769.624 588.760 -387.696 -1766.045 pal-environment-front
2047 1 92 1316 0 -1 0 586.973 -403.704 -1767.837 585.180 -405.704 -1769.624 588.760 -401.704 -1766.045 pal-environment-front
2048 1 92 1317 0 -1 0 586.962 -389.696 -1808.045 585.170 -391.696 -1809.832 588.749 -387.696 -1806.253 pal-environment-front
2049 1 92 1318 0 -1 0 572.706 -389.696 -1802.459 570.913 -391.696 -1804.246 574.493 -387.696 -1800.667 pal-environment-front
2050 1 92 1319 0 -1 0 586.962 -403.704 -1808.045 585.170 -405.704 -1809.832 588.749 -401.704 -1806.253 pal-environment-front
2051 1 92 1320 0 -1 0 572.706 -403.704 -1802.459 570.913 -405.704 -1804.246 574.493 -401.704 -1800.667 pal-environment-front
2052 1 92 1321 0 -1 0 572.617 -288.717 -1773.447 570.825 -290.717 -1775.234 574.404 -286.717 -1771.655 pal-environment-front
2053 1 92 1322 0 -1 0 572.617 -304.741 -1773.447 570.825 -306.741 -1775.234 574.404 -302.741 -1771.655 pal-environment-front
2054 1 92 1323 0 -1 0 566.933 -288.717 -1787.767 565.141 -290.717 -1789.555 568.721 -286.717 -1785.975 pal-environment-front
2055 1 92 1324 0 -1 0 566.933 -304.741 -1787.767 565.141 -306.741 -1789.555 568.721 -302.741 -1785.975 pal-environment-front
2056 1 92 1325 0 -1 0 566.933 -318.749 -1787.767 565.141 -320.749 -1789.555 568.721 -316.749 -1785.975 pal-environment-front
2057 1 92 1326 0 -1 0 572.617 -318.749 -1773.447 570.825 -320.749 -1775.234 574.404 -316.749 -1771.655 pal-environment-front
2058 1 92 1327 0 -1 0 566.933 -373.671 -1787.767 565.141 -375.671 -1789.555 568.721 -371.671 -1785.975 pal-environment-front
2059 1 92 1328 0 -1 0 572.617 -373.671 -1773.447 570.825 -375.671 -1775.234 574.404 -371.671 -1771.655 pal-environment-front
2060 1 92 1329 0 -1 0 572.617 -403.704 -1773.447 570.825 -405.704 -1775.234 574.404 -401.704 -1771.655 pal-environment-front
2061 1 92 1330 0 -1 0 572.617 -389.696 -1773.447 570.825 -391.696 -1775.234 574.404 -387.696 -1771.655 pal-environment-front
2062 1 92 1331 0 -1 0 566.933 -403.704 -1787.767 565.141 -405.704 -1789.555 568.721 -401.704 -1785.975 pal-environment-front
2063 1 92 1332 0 -1 0 566.933 -389.696 -1787.767 565.141 -391.696 -1789.555 568.721 -387.696 -1785.975 pal-environment-front
2064 1 34 1285 0 -1 0 586.975 -288.717 -1767.839 585.180 -290.717 -1769.624 588.760 -286.717 -1766.045 sun-precursor-metal-edge-02
2065 1 34 1286 0 -1 0 586.975 -304.741 -1767.839 585.180 -306.741 -1769.624 588.760 -302.741 -1766.045 sun-precursor-metal-edge-02
2066 1 34 1287 0 -1 0 601.553 -304.741 -1773.490 599.758 -306.741 -1775.275 603.338 -302.741 -1771.695 sun-precursor-metal-edge-02
2067 1 34 1288 0 -1 0 601.553 -288.717 -1773.490 599.758 -290.717 -1775.275 603.338 -286.717 -1771.695 sun-precursor-metal-edge-02
2068 1 34 1289 0 -1 0 607.406 -304.741 -1787.759 605.628 -306.741 -1789.025 609.199 -302.741 -1786.494 sun-precursor-metal-edge-02
2069 1 34 1290 0 -1 0 607.406 -288.717 -1787.759 605.628 -290.717 -1789.025 609.199 -286.717 -1786.494 sun-precursor-metal-edge-02
2070 1 34 1291 0 -1 0 601.553 -318.749 -1773.490 599.758 -320.749 -1775.275 603.338 -316.749 -1771.695 sun-precursor-metal-edge-02
2071 1 34 1292 0 -1 0 607.406 -318.749 -1787.759 605.628 -320.749 -1789.025 609.199 -316.749 -1786.494 sun-precursor-metal-edge-02
2072 1 34 1293 0 -1 0 586.975 -318.749 -1767.839 585.180 -320.749 -1769.624 588.760 -316.749 -1766.045 sun-precursor-metal-edge-02
2073 1 34 1294 0 -1 0 601.288 -288.717 -1802.057 599.494 -290.717 -1803.842 603.073 -286.717 -1800.262 sun-precursor-metal-edge-02
2074 1 34 1295 0 -1 0 572.708 -288.717 -1802.461 570.913 -290.717 -1804.246 574.493 -286.717 -1800.667 sun-precursor-metal-edge-02
2075 1 34 1296 0 -1 0 601.288 -304.741 -1802.057 599.494 -306.741 -1803.842 603.073 -302.741 -1800.262 sun-precursor-metal-edge-02
2076 1 34 1297 0 -1 0 572.708 -304.741 -1802.461 570.913 -306.741 -1804.246 574.493 -302.741 -1800.667 sun-precursor-metal-edge-02
2077 1 34 1298 0 -1 0 601.288 -318.749 -1802.057 599.494 -320.749 -1803.842 603.073 -316.749 -1800.262 sun-precursor-metal-edge-02
2078 1 34 1299 0 -1 0 572.708 -318.749 -1802.461 570.913 -320.749 -1804.246 574.493 -316.749 -1800.667 sun-precursor-metal-edge-02
2079 1 34 1300 0 -1 0 586.964 -288.717 -1808.047 585.170 -290.717 -1809.832 588.749 -286.717 -1806.253 sun-precursor-metal-edge-02
2080 1 34 1301 0 -1 0 586.964 -304.741 -1808.047 585.170 -306.741 -1809.832 588.749 -302.741 -1806.253 sun-precursor-metal-edge-02
2081 1 34 1302 0 -1 0 586.964 -318.749 -1808.047 585.170 -320.749 -1809.832 588.749 -316.749 -1806.253 sun-precursor-metal-edge-02
2082 1 34 1303 0 -1 0 607.406 -373.671 -1787.759 605.628 -375.671 -1789.025 609.199 -371.671 -1786.494 sun-precursor-metal-edge-02
2083 1 34 1304 0 -1 0 607.406 -389.696 -1787.759 605.628 -391.696 -1789.025 609.199 -387.696 -1786.494 sun-precursor-metal-edge-02
2084 1 34 1305 0 -1 0 601.553 -373.671 -1773.490 599.758 -375.671 -1775.275 603.338 -371.671 -1771.695 sun-precursor-metal-edge-02
2085 1 34 1306 0 -1 0 601.288 -373.671 -1802.057 599.494 -375.671 -1803.842 603.073 -371.671 -1800.262 sun-precursor-metal-edge-02
2086 1 34 1307 0 -1 0 601.553 -389.696 -1773.490 599.758 -391.696 -1775.275 603.338 -387.696 -1771.695 sun-precursor-metal-edge-02
2087 1 34 1308 0 -1 0 601.288 -389.696 -1802.057 599.494 -391.696 -1803.842 603.073 -387.696 -1800.262 sun-precursor-metal-edge-02
2088 1 34 1309 0 -1 0 607.406 -403.704 -1787.759 605.628 -405.704 -1789.025 609.199 -401.704 -1786.494 sun-precursor-metal-edge-02
2089 1 34 1310 0 -1 0 601.553 -403.704 -1773.490 599.758 -405.704 -1775.275 603.338 -401.704 -1771.695 sun-precursor-metal-edge-02
2090 1 34 1311 0 -1 0 601.288 -403.704 -1802.057 599.494 -405.704 -1803.842 603.073 -401.704 -1800.262 sun-precursor-metal-edge-02
2091 1 34 1312 0 -1 0 586.975 -373.671 -1767.839 585.180 -375.671 -1769.624 588.760 -371.671 -1766.045 sun-precursor-metal-edge-02
2092 1 34 1313 0 -1 0 586.964 -373.671 -1808.047 585.170 -375.671 -1809.832 588.749 -371.671 -1806.253 sun-precursor-metal-edge-02
2093 1 34 1314 0 -1 0 572.708 -373.671 -1802.461 570.913 -375.671 -1804.246 574.493 -371.671 -1800.667 sun-precursor-metal-edge-02
2094 1 34 1315 0 -1 0 586.975 -389.696 -1767.839 585.180 -391.696 -1769.624 588.760 -387.696 -1766.045 sun-precursor-metal-edge-02
2095 1 34 1316 0 -1 0 586.975 -403.704 -1767.839 585.180 -405.704 -1769.624 588.760 -401.704 -1766.045 sun-precursor-metal-edge-02
2096 1 34 1317 0 -1 0 586.964 -389.696 -1808.047 585.170 -391.696 -1809.832 588.749 -387.696 -1806.253 sun-precursor-metal-edge-02
2097 1 34 1318 0 -1 0 572.708 -389.696 -1802.461 570.913 -391.696 -1804.246 574.493 -387.696 -1800.667 sun-precursor-metal-edge-02
2098 1 34 1319 0 -1 0 586.964 -403.704 -1808.047 585.170 -405.704 -1809.832 588.749 -401.704 -1806.253 sun-precursor-metal-edge-02
2099 1 34 1320 0 -1 0 572.708 -403.704 -1802.461 570.913 -405.704 -1804.246 574.493 -401.704 -1800.667 sun-precursor-metal-edge-02
2100 1 34 1321 0 -1 0 572.620 -288.717 -1773.449 570.825 -290.717 -1775.234 574.404 -286.717 -1771.655 sun-precursor-metal-edge-02
2101 1 34 1322 0 -1 0 572.620 -304.741 -1773.449 570.825 -306.741 -1775.234 574.404 -302.741 -1771.655 sun-precursor-metal-edge-02
2102 1 34 1323 0 -1 0 566.936 -288.717 -1787.770 565.141 -290.717 -1789.555 568.721 -286.717 -1785.975 sun-precursor-metal-edge-02
2103 1 34 1324 0 -1 0 566.936 -304.741 -1787.770 565.141 -306.741 -1789.555 568.721 -302.741 -1785.975 sun-precursor-metal-edge-02
2104 1 34 1325 0 -1 0 566.936 -318.749 -1787.770 565.141 -320.749 -1789.555 568.721 -316.749 -1785.975 sun-precursor-metal-edge-02
2105 1 34 1326 0 -1 0 572.620 -318.749 -1773.449 570.825 -320.749 -1775.234 574.404 -316.749 -1771.655 sun-precursor-metal-edge-02
2106 1 34 1327 0 -1 0 566.936 -373.671 -1787.770 565.141 -375.671 -1789.555 568.721 -371.671 -1785.975 sun-precursor-metal-edge-02
2107 1 34 1328 0 -1 0 572.620 -373.671 -1773.449 570.825 -375.671 -1775.234 574.404 -371.671 -1771.655 sun-precursor-metal-edge-02
2108 1 34 1329 0 -1 0 572.620 -403.704 -1773.449 570.825 -405.704 -1775.234 574.404 -401.704 -1771.655 sun-precursor-metal-edge-02
2109 1 34 1330 0 -1 0 572.620 -389.696 -1773.449 570.825 -391.696 -1775.234 574.404 -387.696 -1771.655 sun-precursor-metal-edge-02
2110 1 34 1331 0 -1 0 566.936 -403.704 -1787.770 565.141 -405.704 -1789.555 568.721 -401.704 -1785.975 sun-precursor-metal-edge-02
2111 1 34 1332 0 -1 0 566.936 -389.696 -1787.770 565.141 -391.696 -1789.555 568.721 -387.696 -1785.975 sun-precursor-metal-edge-02
2112 1 52 1285 0 -1 0 586.970 -288.717 -1767.834 585.180 -290.717 -1769.624 588.760 -286.717 -1766.045 sun-precursor-metal-edge-02symbol
2113 1 52 1286 0 -1 0 586.970 -304.741 -1767.834 585.180 -306.741 -1769.624 588.760 -302.741 -1766.045 sun-precursor-metal-edge-02symbol
2114 1 52 1287 0 -1 0 601.548 -304.741 -1773.485 599.758 -306.741 -1775.275 603.338 -302.741 -1771.695 sun-precursor-metal-edge-02symbol
2115 1 52 1288 0 -1 0 601.548 -288.717 -1773.485 599.758 -290.717 -1775.275 603.338 -286.717 -1771.695 sun-precursor-metal-edge-02symbol
2116 1 52 1289 0 -1 0 607.399 -304.741 -1787.759 606.134 -306.741 -1789.531 608.665 -302.741 -1785.988 sun-precursor-metal-edge-02symbol
2117 1 52 1290 0 -1 0 607.399 -288.717 -1787.759 606.134 -290.717 -1789.531 608.665 -286.717 -1785.988 sun-precursor-metal-edge-02symbol
2118 1 52 1291 0 -1 0 601.548 -318.749 -1773.485 599.758 -320.749 -1775.275 603.338 -316.749 -1771.695 sun-precursor-metal-edge-02symbol
2119 1 52 1292 0 -1 0 607.399 -318.749 -1787.759 606.134 -320.749 -1789.531 608.665 -316.749 -1785.988 sun-precursor-metal-edge-02symbol
2120 1 52 1293 0 -1 0 586.970 -318.749 -1767.834 585.180 -320.749 -1769.624 588.760 -316.749 -1766.045 sun-precursor-metal-edge-02symbol
2121 1 52 1294 0 -1 0 601.283 -288.717 -1802.052 599.494 -290.717 -1803.842 603.073 -286.717 -1800.262 sun-precursor-metal-edge-02symbol
2122 1 52 1295 0 -1 0 572.703 -288.717 -1802.456 570.913 -290.717 -1804.246 574.493 -286.717 -1800.667 sun-precursor-metal-edge-02symbol
2123 1 52 1296 0 -1 0 601.283 -304.741 -1802.052 599.494 -306.741 -1803.842 603.073 -302.741 -1800.262 sun-precursor-metal-edge-02symbol
2124 1 52 1297 0 -1 0 572.703 -304.741 -1802.456 570.913 -306.741 -1804.246 574.493 -302.741 -1800.667 sun-precursor-metal-edge-02symbol
2125 1 52 1298 0 -1 0 601.283 -318.749 -1802.052 599.494 -320.749 -1803.842 603.073 -316.749 -1800.262 sun-precursor-metal-edge-02symbol
2126 1 52 1299 0 -1 0 572.703 -318.749 -1802.456 570.913 -320.749 -1804.246 574.493 -316.749 -1800.667 sun-precursor-metal-edge-02symbol
2127 1 52 1300 0 -1 0 586.960 -288.717 -1808.043 585.170 -290.717 -1809.832 588.749 -286.717 -1806.253 sun-precursor-metal-edge-02symbol
2128 1 52 1301 0 -1 0 586.960 -304.741 -1808.043 585.170 -306.741 -1809.832 588.749 -302.741 -1806.253 sun-precursor-metal-edge-02symbol
2129 1 52 1302 0 -1 0 586.960 -318.749 -1808.043 585.170 -320.749 -1809.832 588.749 -316.749 -1806.253 sun-precursor-metal-edge-02symbol
2130 1 52 1303 0 -1 0 607.399 -373.671 -1787.759 606.134 -375.671 -1789.531 608.665 -371.671 -1785.988 sun-precursor-metal-edge-02symbol
2131 1 52 1304 0 -1 0 607.399 -389.696 -1787.759 606.134 -391.696 -1789.531 608.665 -387.696 -1785.988 sun-precursor-metal-edge-02symbol
2132 1 52 1305 0 -1 0 601.548 -373.671 -1773.485 599.758 -375.671 -1775.275 603.338 -371.671 -1771.695 sun-precursor-metal-edge-02symbol
2133 1 52 1306 0 -1 0 601.283 -373.671 -1802.052 599.494 -375.671 -1803.842 603.073 -371.671 -1800.262 sun-precursor-metal-edge-02symbol
2134 1 52 1307 0 -1 0 601.548 -389.696 -1773.485 599.758 -391.696 -1775.275 603.338 -387.696 -1771.695 sun-precursor-metal-edge-02symbol
2135 1 52 1308 0 -1 0 601.283 -389.696 -1802.052 599.494 -391.696 -1803.842 603.073 -387.696 -1800.262 sun-precursor-metal-edge-02symbol
2136 1 52 1309 0 -1 0 607.399 -403.704 -1787.759 606.134 -405.704 -1789.531 608.665 -401.704 -1785.988 sun-precursor-metal-edge-02symbol
2137 1 52 1310 0 -1 0 601.548 -403.704 -1773.485 599.758 -405.704 -1775.275 603.338 -401.704 -1771.695 sun-precursor-metal-edge-02symbol
2138 1 52 1311 0 -1 0 601.283 -403.704 -1802.052 599.494 -405.704 -1803.842 603.073 -401.704 -1800.262 sun-precursor-metal-edge-02symbol
2139 1 52 1312 0 -1 0 586.970 -373.671 -1767.834 585.180 -375.671 -1769.624 588.760 -371.671 -1766.045 sun-precursor-metal-edge-02symbol
2140 1 52 1313 0 -1 0 586.960 -373.671 -1808.043 585.170 -375.671 -1809.832 588.749 -371.671 -1806.253 sun-precursor-metal-edge-02symbol
2141 1 52 1314 0 -1 0 572.703 -373.671 -1802.456 570.913 -375.671 -1804.246 574.493 -371.671 -1800.667 sun-precursor-metal-edge-02symbol
2142 1 52 1315 0 -1 0 586.970 -389.696 -1767.834 585.180 -391.696 -1769.624 588.760 -387.696 -1766.045 sun-precursor-metal-edge-02symbol
2143 1 52 1316 0 -1 0 586.970 -403.704 -1767.834 585.180 -405.704 -1769.624 588.760 -401.704 -1766.045 sun-precursor-metal-edge-02symbol
2144 1 52 1317 0 -1 0 586.960 -389.696 -1808.043 585.170 -391.696 -1809.832 588.749 -387.696 -1806.253 sun-precursor-metal-edge-02symbol
2145 1 52 1318 0 -1 0 572.703 -389.696 -1802.456 570.913 -391.696 -1804.246 574.493 -387.696 -1800.667 sun-precursor-metal-edge-02symbol
2146 1 52 1319 0 -1 0 586.960 -403.704 -1808.043 585.170 -405.704 -1809.832 588.749 -401.704 -1806.253 sun-precursor-metal-edge-02symbol
2147 1 52 1320 0 -1 0 572.703 -403.704 -1802.456 570.913 -405.704 -1804.246 574.493 -401.704 -1800.667 sun-precursor-metal-edge-02symbol
2148 1 52 1321 0 -1 0 572.615 -288.717 -1773.445 570.825 -290.717 -1775.234 574.404 -286.717 -1771.655 sun-precursor-metal-edge-02symbol
2149 1 52 1322 0 -1 0 572.615 -304.741 -1773.445 570.825 -306.741 -1775.234 574.404 -302.741 -1771.655 sun-precursor-metal-edge-02symbol
2150 1 52 1323 0 -1 0 566.931 -288.717 -1787.765 565.141 -290.717 -1789.555 568.721 -286.717 -1785.975 sun-precursor-metal-edge-02symbol
2151 1 52 1324 0 -1 0 566.931 -304.741 -1787.765 565.141 -306.741 -1789.555 568.721 -302.741 -1785.975 sun-precursor-metal-edge-02symbol
2152 1 52 1325 0 -1 0 566.931 -318.749 -1787.765 565.141 -320.749 -1789.555 568.721 -316.749 -1785.975 sun-precursor-metal-edge-02symbol
2153 1 52 1326 0 -1 0 572.615 -318.749 -1773.445 570.825 -320.749 -1775.234 574.404 -316.749 -1771.655 sun-precursor-metal-edge-02symbol
2154 1 52 1327 0 -1 0 566.931 -373.671 -1787.765 565.141 -375.671 -1789.555 568.721 -371.671 -1785.975 sun-precursor-metal-edge-02symbol
2155 1 52 1328 0 -1 0 572.615 -373.671 -1773.445 570.825 -375.671 -1775.234 574.404 -371.671 -1771.655 sun-precursor-metal-edge-02symbol
2156 1 52 1329 0 -1 0 572.615 -403.704 -1773.445 570.825 -405.704 -1775.234 574.404 -401.704 -1771.655 sun-precursor-metal-edge-02symbol
2157 1 52 1330 0 -1 0 572.615 -389.696 -1773.445 570.825 -391.696 -1775.234 574.404 -387.696 -1771.655 sun-precursor-metal-edge-02symbol
2158 1 52 1331 0 -1 0 566.931 -403.704 -1787.765 565.141 -405.704 -1789.555 568.721 -401.704 -1785.975 sun-precursor-metal-edge-02symbol
2159 1 52 1332 0 -1 0 566.931 -389.696 -1787.765 565.141 -391.696 -1789.555 568.721 -387.696 -1785.975 sun-precursor-metal-edge-02symbol
2160 1 14 1068 0 -1 0 578.267 -223.727 -1789.714 575.231 -225.681 -1792.750 581.321 -221.391 -1786.660 sun-precursor-plainstripe
2161 1 14 1069 0 -1 0 588.260 -228.151 -1778.673 585.225 -230.651 -1781.708 591.315 -225.164 -1775.618 sun-precursor-plainstripe
2162 1 51 1068 0 -1 0 578.276 -216.879 -1789.708 574.945 -221.391 -1793.036 581.606 -211.323 -1786.374 sun-longpipe-01
2163 1 51 1069 0 -1 0 588.270 -219.393 -1778.666 584.939 -225.164 -1781.994 591.600 -212.286 -1775.333 sun-longpipe-01
2164 1 92 1044 0 -1 0 641.113 -305.598 -1834.599 633.436 -314.884 -1847.101 645.566 -299.518 -1820.901 pal-environment-front
2165 1 92 1045 0 -1 0 645.896 -350.426 -1818.188 637.021 -359.951 -1831.320 651.671 -344.321 -1806.686 pal-environment-front
2166 1 92 1046 0 -1 0 605.407 -288.421 -1835.887 595.638 -297.871 -1848.767 612.105 -282.317 -1825.007 pal-environment-front
2167 1 92 1047 0 -1 0 619.399 -343.750 -1848.224 606.722 -353.780 -1855.543 631.498 -337.591 -1842.178 pal-environment-front
2168 1 92 1048 0 -1 0 669.117 -318.628 -1867.043 655.770 -328.510 -1871.266 681.856 -312.529 -1860.967 pal-environment-front
2169 1 92 1049 0 -1 0 652.565 -327.378 -1907.814 646.216 -337.249 -1919.341 660.966 -321.302 -1894.960 pal-environment-front
2170 1 92 1050 0 -1 0 613.475 -337.892 -1894.195 601.553 -347.784 -1901.868 626.267 -331.775 -1888.127 pal-environment-front
2171 1 92 1051 0 -1 0 726.217 -385.782 -1851.514 721.231 -395.587 -1864.870 730.226 -379.683 -1837.920 pal-environment-front
2172 1 92 1052 0 -1 0 685.260 -370.372 -1834.901 674.082 -379.816 -1844.906 692.765 -364.298 -1822.352 pal-environment-front
2173 1 92 1053 0 -1 0 725.849 -412.995 -1795.509 721.581 -422.449 -1809.027 730.087 -406.893 -1781.877 pal-environment-front
2174 1 92 1054 0 -1 0 754.010 -398.656 -1826.852 740.640 -408.799 -1830.174 767.760 -392.533 -1823.300 pal-environment-front
2175 1 92 1055 0 -1 0 689.908 -421.113 -1799.833 685.392 -431.225 -1813.404 696.627 -415.032 -1787.513 pal-environment-front
2176 1 92 1056 0 -1 0 662.859 -430.949 -1773.163 653.512 -440.912 -1784.132 674.480 -424.856 -1764.190 pal-environment-front
2177 1 92 1057 0 -1 0 627.951 -439.608 -1771.588 622.812 -449.711 -1784.142 634.024 -433.428 -1758.522 pal-environment-front
2178 1 92 1058 0 -1 0 512.333 -247.895 -1787.882 502.451 -257.730 -1796.360 524.056 -241.801 -1777.109 pal-environment-front
2179 1 92 1059 0 -1 0 504.849 -258.608 -1824.809 491.344 -268.346 -1828.890 517.578 -252.510 -1818.269 pal-environment-front
2180 1 92 1060 0 -1 0 569.570 -276.696 -1853.319 564.776 -286.505 -1866.956 573.292 -270.629 -1840.106 pal-environment-front
2181 1 92 1061 0 -1 0 530.772 -268.387 -1851.778 523.206 -278.110 -1863.849 535.996 -262.298 -1838.596 pal-environment-front
2182 1 46 496 0 -1 0 573.047 -244.451 -1796.153 571.049 -245.780 -1797.481 575.049 -243.124 -1794.825 sun-hot-pipe-03
2183 1 46 497 0 -1 0 576.044 -244.451 -1793.142 574.716 -245.780 -1795.140 577.372 -243.124 -1791.140 sun-hot-pipe-03
2184 1 46 498 0 -1 0 573.047 -244.451 -1790.153 571.049 -245.780 -1791.481 575.049 -243.124 -1788.825 sun-hot-pipe-03
2185 1 46 499 0 -1 0 573.047 -250.459 -1796.153 571.049 -251.788 -1797.481 575.049 -249.132 -1794.825 sun-hot-pipe-03
2186 1 46 500 0 -1 0 576.044 -250.459 -1793.142 574.716 -251.788 -1795.140 577.372 -249.132 -1791.140 sun-hot-pipe-03
2187 1 46 501 0 -1 0 573.047 -250.459 -1790.153 571.049 -251.788 -1791.481 575.049 -249.132 -1788.825 sun-hot-pipe-03
2188 1 46 517 0 -1 0 570.041 -250.459 -1793.142 568.713 -251.788 -1795.140 571.370 -249.132 -1791.140 sun-hot-pipe-03
2189 1 46 518 0 -1 0 570.041 -244.451 -1793.142 568.713 -245.780 -1795.140 571.370 -243.124 -1791.140 sun-hot-pipe-03
2190 1 46 519 0 -1 0 573.052 -246.573 -1793.149 570.594 -250.625 -1795.606 575.507 -242.529 -1790.693 sun-hot-pipe-03
2191 0 53 21 0 -1 8060 601.749 -307.916 -1790.653 598.343 -308.797 -1795.516 607.172 -307.219 -1787.688 sun-precursor-tube-ring-03toprim
2192 0 53 19 0 -1 8060 595.264 -308.042 -1800.052 591.531 -309.032 -1806.313 601.249 -307.219 -1796.141 sun-precursor-tube-ring-03toprim
2193 1 48 675 0 -1 0 579.442 -314.483 -1769.572 578.741 -315.106 -1770.376 580.319 -313.697 -1768.798 sun-hot-pipe-02
2194 1 48 818 0 -1 0 549.060 -275.374 -1865.434 548.053 -276.447 -1866.459 550.091 -274.137 -1864.337 sun-hot-pipe-02
2195 1 48 866 0 -1 0 531.875 -272.191 -1862.823 530.570 -273.178 -1863.917 532.928 -271.167 -1861.816 sun-hot-pipe-02
2196 1 48 870 0 -1 0 529.210 -272.861 -1862.321 528.044 -273.987 -1863.322 530.235 -271.594 -1861.079 sun-hot-pipe-02
2197 1 48 926 0 -1 0 568.623 -314.394 -1780.550 567.851 -315.016 -1781.424 569.441 -313.608 -1779.845 sun-hot-pipe-02
2198 0 24 254 0 -1 8203 576.470 -251.537 -1776.863 569.156 -253.125 -1784.172 583.781 -251.110 -1769.562 sun-precursor-metal-plain-01
2199 1 14 1044 0 -1 0 641.698 -304.250 -1834.755 635.115 -309.672 -1846.864 645.566 -299.518 -1821.744 sun-precursor-plainstripe
2200 1 14 1045 0 -1 0 646.338 -349.032 -1817.977 638.352 -354.456 -1830.387 651.671 -344.321 -1806.836 sun-precursor-plainstripe
2201 1 14 1046 0 -1 0 605.842 -287.034 -1835.625 596.967 -292.425 -1847.743 612.105 -282.317 -1825.081 sun-precursor-plainstripe
2202 1 14 1047 0 -1 0 619.470 -342.285 -1848.045 607.332 -347.722 -1854.985 631.182 -337.591 -1842.178 sun-precursor-plainstripe
2203 1 14 1048 0 -1 0 669.193 -317.177 -1867.314 656.419 -322.599 -1871.266 681.526 -312.529 -1861.622 sun-precursor-plainstripe
2204 1 14 1049 0 -1 0 652.268 -325.940 -1907.986 646.216 -331.435 -1919.150 660.101 -321.302 -1895.792 sun-precursor-plainstripe
2205 1 14 1050 0 -1 0 613.365 -336.437 -1893.965 601.823 -341.833 -1901.183 625.568 -331.775 -1888.127 sun-precursor-plainstripe
2206 1 14 1051 0 -1 0 726.640 -384.367 -1851.541 722.239 -389.922 -1864.456 730.226 -379.683 -1838.467 sun-precursor-plainstripe
2207 1 14 1052 0 -1 0 685.770 -369.028 -1835.243 675.717 -374.599 -1844.906 692.765 -364.298 -1823.527 sun-precursor-plainstripe
2208 1 14 1053 0 -1 0 725.329 -411.612 -1795.521 721.581 -417.026 -1808.574 728.809 -406.893 -1782.393 sun-precursor-plainstripe
2209 1 14 1054 0 -1 0 753.965 -397.200 -1826.609 741.024 -402.797 -1829.743 767.167 -392.533 -1823.300 sun-precursor-plainstripe
2210 1 14 1055 0 -1 0 689.577 -419.682 -1799.670 685.392 -425.415 -1812.549 695.803 -415.032 -1787.736 sun-precursor-plainstripe
2211 1 14 1056 0 -1 0 662.552 -429.528 -1772.896 653.512 -435.192 -1783.205 673.433 -424.856 -1764.190 sun-precursor-plainstripe
2212 1 14 1057 0 -1 0 627.817 -438.138 -1771.651 622.812 -443.609 -1783.804 633.621 -433.428 -1759.132 sun-precursor-plainstripe
2213 1 14 1058 0 -1 0 512.088 -246.473 -1788.199 502.504 -252.018 -1796.360 523.138 -241.801 -1778.134 sun-precursor-plainstripe
2214 1 14 1059 0 -1 0 504.947 -257.189 -1825.208 492.050 -262.670 -1828.890 517.273 -252.510 -1819.295 sun-precursor-plainstripe
2215 1 14 1060 0 -1 0 569.888 -275.254 -1853.269 565.442 -280.666 -1866.353 573.292 -270.629 -1840.479 sun-precursor-plainstripe
2216 1 14 1061 0 -1 0 531.118 -266.957 -1851.923 524.165 -272.372 -1863.613 535.996 -262.298 -1839.395 sun-precursor-plainstripe
2217 0 53 9 0 -1 8419 584.277 -371.945 -1784.370 574.375 -375.907 -1805.344 602.937 -370.063 -1775.125 sun-precursor-tube-ring-03toprim
2218 0 53 35 0 -1 8470 592.208 -319.925 -1775.095 586.984 -320.797 -1778.781 601.265 -319.219 -1767.547 sun-precursor-tube-ring-03toprim
2219 0 53 12 0 -1 8472 599.604 -301.922 -1782.510 595.265 -302.797 -1787.735 607.172 -301.219 -1773.469 sun-precursor-tube-ring-03toprim
2220 0 53 24 0 -1 8474 599.568 -323.921 -1782.522 594.968 -324.797 -1787.735 607.172 -323.219 -1773.469 sun-precursor-tube-ring-03toprim
2221 0 53 16 0 -1 8475 579.505 -311.549 -1798.897 570.531 -314.281 -1807.031 584.734 -309.000 -1794.703 sun-precursor-tube-ring-03toprim
2222 0 53 39 0 -1 8475 577.431 -399.262 -1797.265 568.328 -401.391 -1806.313 582.297 -397.235 -1792.000 sun-precursor-tube-ring-03toprim
2223 0 55 27 0 -1 8195 600.319 -390.063 -1778.771 595.140 -390.063 -1783.297 605.172 -390.063 -1773.828 sun-helix-floor-01
2224 0 55 28 0 -1 8195 601.886 -375.769 -1793.866 596.672 -375.922 -1798.626 606.312 -375.625 -1790.110 sun-helix-floor-01
2225 0 44 9 0 -1 8246 599.234 -373.971 -1776.866 594.797 -374.438 -1780.672 602.937 -373.547 -1773.141 sun-helix-floor-03
2226 1 24 1125 0 -1 0 572.456 -447.614 -1801.287 571.788 -447.988 -1801.910 573.428 -447.222 -1800.301 sun-precursor-metal-plain-01
2227 1 92 1125 0 -1 0 572.456 -447.614 -1801.287 571.788 -447.988 -1801.910 573.428 -447.222 -1800.301 pal-environment-front
2228 1 11 1044 0 -1 0 638.381 -311.904 -1833.871 633.436 -314.884 -1847.101 644.601 -307.634 -1820.901 sun-precursor-metal-edge-01
2229 1 11 1045 0 -1 0 643.831 -356.946 -1819.176 637.021 -359.951 -1831.320 651.671 -352.732 -1806.686 sun-precursor-metal-edge-01
2230 1 11 1046 0 -1 0 603.374 -294.911 -1837.112 595.638 -297.871 -1848.767 612.105 -290.733 -1825.007 sun-precursor-metal-edge-01
2231 1 11 1047 0 -1 0 619.068 -350.603 -1849.058 606.722 -353.780 -1855.543 631.498 -346.433 -1842.178 sun-precursor-metal-edge-01
2232 1 11 1048 0 -1 0 668.761 -325.413 -1865.777 655.770 -328.510 -1871.266 681.856 -321.259 -1860.967 sun-precursor-metal-edge-01
2233 1 11 1049 0 -1 0 653.951 -334.100 -1907.013 646.216 -337.249 -1919.341 660.966 -329.841 -1894.960 sun-precursor-metal-edge-01
2234 1 11 1050 0 -1 0 613.990 -344.699 -1895.268 601.553 -347.784 -1901.868 626.267 -340.581 -1888.127 sun-precursor-metal-edge-01
2235 1 11 1051 0 -1 0 724.243 -392.403 -1851.386 721.231 -395.587 -1864.870 728.273 -388.043 -1837.920 sun-precursor-metal-edge-01
2236 1 11 1052 0 -1 0 682.879 -376.659 -1833.303 674.082 -379.816 -1844.906 692.765 -372.188 -1822.352 sun-precursor-metal-edge-01
2237 1 11 1053 0 -1 0 728.277 -419.464 -1795.448 725.255 -422.449 -1809.027 730.087 -415.251 -1781.877 sun-precursor-metal-edge-01
2238 1 11 1054 0 -1 0 754.221 -405.470 -1827.990 740.640 -408.799 -1830.174 767.760 -401.090 -1825.070 sun-precursor-metal-edge-01
2239 1 11 1055 0 -1 0 691.452 -427.805 -1800.596 685.407 -431.225 -1813.404 696.627 -423.228 -1787.513 sun-precursor-metal-edge-01
2240 1 11 1056 0 -1 0 664.292 -437.592 -1774.410 653.512 -440.912 -1784.132 674.480 -433.094 -1764.190 sun-precursor-metal-edge-01
2241 1 11 1057 0 -1 0 628.572 -446.484 -1771.293 622.812 -449.711 -1784.142 634.024 -442.263 -1758.522 sun-precursor-metal-edge-01
2242 1 11 1058 0 -1 0 513.473 -254.549 -1786.400 502.451 -257.730 -1796.360 524.056 -250.209 -1777.109 sun-precursor-metal-edge-01
2243 1 11 1059 0 -1 0 504.388 -265.246 -1822.942 491.344 -268.346 -1828.560 517.578 -260.987 -1818.269 sun-precursor-metal-edge-01
2244 1 11 1060 0 -1 0 568.088 -283.442 -1853.558 564.776 -286.505 -1866.956 572.255 -279.295 -1840.106 sun-precursor-metal-edge-01
2245 1 11 1061 0 -1 0 529.157 -275.072 -1851.103 523.206 -278.110 -1863.849 535.996 -270.910 -1838.596 sun-precursor-metal-edge-01
2246 0 53 27 0 -1 8722 597.361 -390.765 -1780.876 591.750 -391.625 -1787.735 607.172 -390.063 -1769.094 sun-precursor-tube-ring-03toprim
2247 1 14 996 0 -1 0 586.954 -281.742 -1767.910 585.340 -282.741 -1769.468 588.760 -280.741 -1766.061 sun-precursor-plainstripe
2248 1 14 997 0 -1 0 601.532 -281.742 -1773.561 599.918 -282.741 -1775.119 603.338 -280.741 -1771.712 sun-precursor-plainstripe
2249 1 14 998 0 -1 0 572.598 -281.742 -1773.520 570.985 -282.741 -1775.078 574.405 -280.741 -1771.671 sun-precursor-plainstripe
2250 1 14 999 0 -1 0 601.532 -311.741 -1773.561 599.918 -312.740 -1775.119 603.338 -310.740 -1771.712 sun-precursor-plainstripe
2251 1 14 1000 0 -1 0 607.430 -281.742 -1787.823 605.647 -282.741 -1789.373 609.059 -280.741 -1785.960 sun-precursor-plainstripe
2252 1 14 1001 0 -1 0 607.430 -311.741 -1787.823 605.647 -312.740 -1789.373 609.059 -310.740 -1785.960 sun-precursor-plainstripe
2253 1 14 1002 0 -1 0 601.532 -325.748 -1773.561 599.918 -326.748 -1775.119 603.338 -324.748 -1771.712 sun-precursor-plainstripe
2254 1 14 1003 0 -1 0 607.430 -325.748 -1787.823 605.647 -326.748 -1789.373 609.059 -324.748 -1785.960 sun-precursor-plainstripe
2255 1 14 1004 0 -1 0 572.598 -311.741 -1773.520 570.985 -312.740 -1775.078 574.405 -310.740 -1771.671 sun-precursor-plainstripe
2256 1 14 1005 0 -1 0 586.954 -311.741 -1767.910 585.340 -312.740 -1769.468 588.760 -310.740 -1766.061 sun-precursor-plainstripe
2257 1 14 1006 0 -1 0 572.598 -325.748 -1773.520 570.985 -326.748 -1775.078 574.405 -324.748 -1771.671 sun-precursor-plainstripe
2258 1 14 1007 0 -1 0 586.954 -325.748 -1767.910 585.340 -326.748 -1769.468 588.760 -324.748 -1766.061 sun-precursor-plainstripe
2259 1 14 1008 0 -1 0 601.267 -281.742 -1802.128 599.653 -282.741 -1803.686 603.073 -280.741 -1800.279 sun-precursor-plainstripe
2260 1 14 1009 0 -1 0 572.687 -281.742 -1802.532 571.073 -282.741 -1804.090 574.493 -280.741 -1800.683 sun-precursor-plainstripe
2261 1 14 1010 0 -1 0 586.943 -281.742 -1808.118 585.330 -282.741 -1809.676 588.750 -280.741 -1806.269 sun-precursor-plainstripe
2262 1 14 1011 0 -1 0 601.267 -311.741 -1802.128 599.653 -312.740 -1803.686 603.073 -310.740 -1800.279 sun-precursor-plainstripe
2263 1 14 1012 0 -1 0 572.687 -311.741 -1802.532 571.073 -312.740 -1804.090 574.493 -310.740 -1800.683 sun-precursor-plainstripe
2264 1 14 1013 0 -1 0 586.943 -311.741 -1808.118 585.330 -312.740 -1809.676 588.750 -310.740 -1806.269 sun-precursor-plainstripe
2265 1 14 1014 0 -1 0 601.267 -325.748 -1802.128 599.653 -326.748 -1803.686 603.073 -324.748 -1800.279 sun-precursor-plainstripe
2266 1 14 1015 0 -1 0 572.687 -325.748 -1802.532 571.073 -326.748 -1804.090 574.493 -324.748 -1800.683 sun-precursor-plainstripe
2267 1 14 1016 0 -1 0 586.943 -325.748 -1808.118 585.330 -326.748 -1809.676 588.750 -324.748 -1806.269 sun-precursor-plainstripe
2268 1 14 1017 0 -1 0 601.532 -366.697 -1773.561 599.918 -367.696 -1775.119 603.338 -365.696 -1771.712 sun-precursor-plainstripe
2269 1 14 1018 0 -1 0 601.267 -366.697 -1802.128 599.653 -367.696 -1803.686 603.073 -365.696 -1800.279 sun-precursor-plainstripe
2270 1 14 1019 0 -1 0 607.430 -366.697 -1787.823 605.647 -367.696 -1789.373 609.059 -365.696 -1785.960 sun-precursor-plainstripe
2271 1 14 1020 0 -1 0 601.532 -396.695 -1773.561 599.918 -397.695 -1775.119 603.338 -395.695 -1771.712 sun-precursor-plainstripe
2272 1 14 1021 0 -1 0 607.430 -396.695 -1787.823 605.647 -397.695 -1789.373 609.059 -395.695 -1785.960 sun-precursor-plainstripe
2273 1 14 1022 0 -1 0 601.267 -396.695 -1802.128 599.653 -397.695 -1803.686 603.073 -395.695 -1800.279 sun-precursor-plainstripe
2274 1 14 1023 0 -1 0 607.430 -410.703 -1787.823 605.647 -411.702 -1789.373 609.059 -409.702 -1785.960 sun-precursor-plainstripe
2275 1 14 1024 0 -1 0 601.532 -410.703 -1773.561 599.918 -411.702 -1775.119 603.338 -409.702 -1771.712 sun-precursor-plainstripe
2276 1 14 1025 0 -1 0 601.267 -410.703 -1802.128 599.653 -411.702 -1803.686 603.073 -409.702 -1800.279 sun-precursor-plainstripe
2277 1 14 1026 0 -1 0 586.954 -366.697 -1767.910 585.340 -367.696 -1769.468 588.760 -365.696 -1766.061 sun-precursor-plainstripe
2278 1 14 1027 0 -1 0 572.598 -366.697 -1773.520 570.985 -367.696 -1775.078 574.405 -365.696 -1771.671 sun-precursor-plainstripe
2279 1 14 1028 0 -1 0 586.943 -366.697 -1808.118 585.330 -367.696 -1809.676 588.750 -365.696 -1806.269 sun-precursor-plainstripe
2280 1 14 1029 0 -1 0 572.687 -366.697 -1802.532 571.073 -367.696 -1804.090 574.493 -365.696 -1800.683 sun-precursor-plainstripe
2281 1 14 1030 0 -1 0 586.954 -396.695 -1767.910 585.340 -397.695 -1769.468 588.760 -395.695 -1766.061 sun-precursor-plainstripe
2282 1 14 1031 0 -1 0 572.598 -396.695 -1773.520 570.985 -397.695 -1775.078 574.405 -395.695 -1771.671 sun-precursor-plainstripe
2283 1 14 1032 0 -1 0 586.943 -396.695 -1808.118 585.330 -397.695 -1809.676 588.750 -395.695 -1806.269 sun-precursor-plainstripe
2284 1 14 1033 0 -1 0 572.687 -396.695 -1802.532 571.073 -397.695 -1804.090 574.493 -395.695 -1800.683 sun-precursor-plainstripe
2285 1 14 1034 0 -1 0 586.954 -410.703 -1767.910 585.340 -411.702 -1769.468 588.760 -409.702 -1766.061 sun-precursor-plainstripe
2286 1 14 1035 0 -1 0 572.598 -410.703 -1773.520 570.985 -411.702 -1775.078 574.405 -409.702 -1771.671 sun-precursor-plainstripe
2287 1 14 1036 0 -1 0 586.943 -410.703 -1808.118 585.330 -411.702 -1809.676 588.750 -409.702 -1806.269 sun-precursor-plainstripe
2288 1 14 1037 0 -1 0 572.687 -410.703 -1802.532 571.073 -411.702 -1804.090 574.493 -409.702 -1800.683 sun-precursor-plainstripe
2289 1 14 1038 0 -1 0 566.914 -281.742 -1787.841 565.301 -282.741 -1789.399 568.721 -280.741 -1785.992 sun-precursor-plainstripe
2290 1 14 1039 0 -1 0 566.914 -311.741 -1787.841 565.301 -312.740 -1789.399 568.721 -310.740 -1785.992 sun-precursor-plainstripe
2291 1 14 1040 0 -1 0 566.914 -325.748 -1787.841 565.301 -326.748 -1789.399 568.721 -324.748 -1785.992 sun-precursor-plainstripe
2292 1 14 1041 0 -1 0 566.914 -366.697 -1787.841 565.301 -367.696 -1789.399 568.721 -365.696 -1785.992 sun-precursor-plainstripe
2293 1 14 1042 0 -1 0 566.914 -410.703 -1787.841 565.301 -411.702 -1789.399 568.721 -409.702 -1785.992 sun-precursor-plainstripe
2294 1 14 1043 0 -1 0 566.914 -396.695 -1787.841 565.301 -397.695 -1789.399 568.721 -395.695 -1785.992 sun-precursor-plainstripe
2295 0 53 14 0 -1 8884 586.889 -295.924 -1776.583 572.703 -296.797 -1779.704 601.265 -295.219 -1773.469 sun-precursor-tube-ring-03toprim
2296 0 53 43 0 -1 8885 582.667 -384.692 -1777.413 568.328 -385.625 -1783.329 594.719 -383.797 -1769.094 sun-precursor-tube-ring-03toprim
2297 0 53 33 0 -1 8886 578.994 -315.753 -1779.797 566.796 -316.797 -1788.047 586.984 -314.625 -1767.547 sun-precursor-tube-ring-03toprim
2298 0 53 41 0 -1 8887 579.004 -402.476 -1779.821 566.796 -404.672 -1788.047 586.984 -400.610 -1767.547 sun-precursor-tube-ring-03toprim
2299 0 53 32 0 -1 8887 594.950 -395.462 -1795.627 586.984 -397.391 -1807.750 607.172 -394.063 -1787.688 sun-precursor-tube-ring-03toprim
2300 0 27 244 0 -1 8876 594.888 -240.984 -1653.352 590.781 -240.984 -1658.734 600.500 -240.984 -1644.860 sun-floor-01
2301 0 27 251 0 -1 9055 556.435 -240.984 -1705.726 551.234 -240.984 -1714.297 560.468 -240.984 -1700.422 sun-floor-01
2302 0 55 14 0 -1 8805 586.925 -295.219 -1771.992 579.453 -295.219 -1776.985 594.515 -295.219 -1768.063 sun-helix-floor-01
2303 0 55 32 0 -1 8805 598.185 -394.438 -1798.796 591.453 -395.172 -1805.813 605.172 -394.063 -1792.328 sun-helix-floor-01
2304 0 55 33 0 -1 8805 575.770 -315.205 -1776.616 568.797 -315.266 -1783.235 582.469 -315.016 -1769.562 sun-helix-floor-01
2305 0 55 43 0 -1 8805 581.001 -384.053 -1773.149 573.062 -384.063 -1779.406 586.984 -384.000 -1768.063 sun-helix-floor-01
2306 0 55 41 0 -1 8805 575.870 -401.693 -1776.545 568.797 -402.313 -1783.235 582.469 -401.079 -1769.562 sun-helix-floor-01
2307 0 53 29 0 -1 9216 592.783 -409.213 -1790.141 579.500 -413.032 -1806.313 599.734 -404.000 -1769.094 sun-precursor-tube-ring-03toprim
2308 0 53 28 0 -1 9056 598.427 -376.574 -1792.698 593.515 -378.000 -1803.984 606.640 -375.344 -1785.126 sun-precursor-tube-ring-03toprim
2309 1 92 1147 0 -1 0 606.475 -350.238 -1788.669 605.240 -352.310 -1789.903 608.911 -348.150 -1786.233 pal-environment-front
2310 1 33 1147 0 -1 0 606.475 -351.275 -1788.669 605.240 -352.310 -1789.903 608.911 -350.240 -1786.233 sun-precursor-tube-script-01
2311 1 52 1147 0 -1 0 606.475 -349.200 -1788.669 605.240 -350.240 -1789.903 608.911 -348.150 -1786.233 sun-precursor-metal-edge-02symbol
2312 1 51 1344 0 -1 0 607.409 -329.736 -1787.767 606.225 -337.736 -1788.948 608.607 -321.736 -1786.586 sun-longpipe-01
2313 1 51 1346 0 -1 0 586.974 -329.736 -1767.848 585.779 -337.736 -1769.040 588.165 -321.736 -1766.653 sun-longpipe-01
2314 1 51 1347 0 -1 0 572.618 -329.736 -1773.458 571.424 -337.736 -1774.650 573.810 -321.736 -1772.264 sun-longpipe-01
2315 1 51 1358 0 -1 0 601.287 -329.736 -1802.066 600.092 -337.736 -1803.257 602.478 -321.736 -1800.871 sun-longpipe-01
2316 1 51 1360 0 -1 0 572.707 -329.736 -1802.470 571.512 -337.736 -1803.662 573.898 -321.736 -1801.275 sun-longpipe-01
2317 1 51 1361 0 -1 0 586.963 -329.736 -1808.056 585.768 -337.736 -1809.248 588.154 -321.736 -1806.861 sun-longpipe-01
2318 1 51 1371 0 -1 0 607.409 -414.690 -1787.767 606.225 -422.690 -1788.948 608.607 -406.690 -1786.586 sun-longpipe-01
2319 1 51 1372 0 -1 0 601.552 -414.690 -1773.499 600.357 -422.690 -1774.690 602.743 -406.690 -1772.304 sun-longpipe-01
2320 1 51 1373 0 -1 0 601.287 -414.690 -1802.066 600.092 -422.690 -1803.257 602.478 -406.690 -1800.871 sun-longpipe-01
2321 1 51 1390 0 -1 0 586.974 -414.690 -1767.848 585.779 -422.690 -1769.040 588.165 -406.690 -1766.653 sun-longpipe-01
2322 1 51 1391 0 -1 0 572.618 -414.690 -1773.458 571.424 -422.690 -1774.650 573.810 -406.690 -1772.264 sun-longpipe-01
2323 1 51 1392 0 -1 0 572.707 -414.690 -1802.470 571.512 -422.690 -1803.662 573.898 -406.690 -1801.275 sun-longpipe-01
2324 1 51 1393 0 -1 0 586.963 -414.690 -1808.056 585.768 -422.690 -1809.248 588.154 -406.690 -1806.861 sun-longpipe-01
2325 1 51 1404 0 -1 0 566.934 -329.736 -1787.779 565.740 -337.736 -1788.970 568.126 -321.736 -1786.584 sun-longpipe-01
2326 1 51 1411 0 -1 0 566.934 -414.690 -1787.779 565.740 -422.690 -1788.970 568.126 -406.690 -1786.584 sun-longpipe-01
2327 1 92 1344 0 -1 0 607.409 -329.736 -1787.767 606.225 -337.736 -1788.948 608.607 -321.736 -1786.586 pal-environment-front
2328 1 92 1346 0 -1 0 586.974 -329.736 -1767.848 585.779 -337.736 -1769.040 588.165 -321.736 -1766.653 pal-environment-front
2329 1 92 1347 0 -1 0 572.618 -329.736 -1773.458 571.424 -337.736 -1774.650 573.810 -321.736 -1772.264 pal-environment-front
2330 1 92 1358 0 -1 0 601.287 -329.736 -1802.066 600.092 -337.736 -1803.257 602.478 -321.736 -1800.871 pal-environment-front
2331 1 92 1360 0 -1 0 572.707 -329.736 -1802.470 571.512 -337.736 -1803.662 573.898 -321.736 -1801.275 pal-environment-front
2332 1 92 1361 0 -1 0 586.963 -329.736 -1808.056 585.768 -337.736 -1809.248 588.154 -321.736 -1806.861 pal-environment-front
2333 1 92 1371 0 -1 0 607.409 -414.690 -1787.767 606.225 -422.690 -1788.948 608.607 -406.690 -1786.586 pal-environment-front
2334 1 92 1372 0 -1 0 601.552 -414.690 -1773.499 600.357 -422.690 -1774.690 602.743 -406.690 -1772.304 pal-environment-front
2335 1 92 1373 0 -1 0 601.287 -414.690 -1802.066 600.092 -422.690 -1803.257 602.478 -406.690 -1800.871 pal-environment-front
2336 1 92 1390 0 -1 0 586.974 -414.690 -1767.848 585.779 -422.690 -1769.040 588.165 -406.690 -1766.653 pal-environment-front
2337 1 92 1391 0 -1 0 572.618 -414.690 -1773.458 571.424 -422.690 -1774.650 573.810 -406.690 -1772.264 pal-environment-front
2338 1 92 1392 0 -1 0 572.707 -414.690 -1802.470 571.512 -422.690 -1803.662 573.898 -406.690 -1801.275 pal-environment-front
2339 1 92 1393 0 -1 0 586.963 -414.690 -1808.056 585.768 -422.690 -1809.248 588.154 -406.690 -1806.861 pal-environment-front
2340 1 92 1404 0 -1 0 566.934 -329.736 -1787.779 565.740 -337.736 -1788.970 568.126 -321.736 -1786.584 pal-environment-front
2341 1 92 1411 0 -1 0 566.934 -414.690 -1787.779 565.740 -422.690 -1788.970 568.126 -406.690 -1786.584 pal-environment-front
2342 1 51 1335 0 -1 0 586.974 -281.729 -1767.848 585.779 -285.729 -1769.040 588.165 -277.729 -1766.653 sun-longpipe-01
2343 1 51 1336 0 -1 0 572.618 -281.729 -1773.458 571.424 -285.729 -1774.650 573.810 -277.729 -1772.264 sun-longpipe-01
2344 1 51 1337 0 -1 0 601.552 -281.729 -1773.499 600.357 -285.729 -1774.690 602.743 -277.729 -1772.304 sun-longpipe-01
2345 1 51 1338 0 -1 0 601.552 -311.728 -1773.499 600.357 -315.728 -1774.690 602.743 -307.728 -1772.304 sun-longpipe-01
2346 1 51 1339 0 -1 0 607.409 -281.729 -1787.767 606.225 -285.729 -1788.948 608.607 -277.729 -1786.586 sun-longpipe-01
2347 1 51 1340 0 -1 0 607.409 -311.728 -1787.767 606.225 -315.728 -1788.948 608.607 -307.728 -1786.586 sun-longpipe-01
2348 1 51 1341 0 -1 0 586.974 -311.728 -1767.848 585.779 -315.728 -1769.040 588.165 -307.728 -1766.653 sun-longpipe-01
2349 1 51 1343 0 -1 0 572.618 -311.728 -1773.458 571.424 -315.728 -1774.650 573.810 -307.728 -1772.264 sun-longpipe-01
2350 1 51 1345 0 -1 0 601.542 -342.705 -1773.490 599.750 -346.705 -1775.278 603.330 -338.705 -1771.698 sun-longpipe-01
2351 1 51 1348 0 -1 0 601.542 -357.685 -1773.490 599.750 -361.685 -1775.278 603.330 -353.685 -1771.698 sun-longpipe-01
2352 1 51 1349 0 -1 0 607.406 -357.685 -1787.759 605.631 -361.685 -1789.531 609.202 -353.685 -1785.987 sun-longpipe-01
2353 1 51 1350 0 -1 0 607.406 -342.705 -1787.759 605.631 -346.705 -1789.531 609.202 -338.705 -1785.987 sun-longpipe-01
2354 1 51 1351 0 -1 0 586.965 -342.705 -1767.840 585.172 -346.705 -1769.627 588.752 -338.705 -1766.047 sun-longpipe-01
2355 1 51 1352 0 -1 0 586.963 -281.729 -1808.056 585.768 -285.729 -1809.248 588.154 -277.729 -1806.861 sun-longpipe-01
2356 1 51 1353 0 -1 0 601.287 -281.729 -1802.066 600.092 -285.729 -1803.257 602.478 -277.729 -1800.871 sun-longpipe-01
2357 1 51 1354 0 -1 0 572.707 -281.729 -1802.470 571.512 -285.729 -1803.662 573.898 -277.729 -1801.275 sun-longpipe-01
2358 1 51 1355 0 -1 0 586.963 -311.728 -1808.056 585.768 -315.728 -1809.248 588.154 -307.728 -1806.861 sun-longpipe-01
2359 1 51 1356 0 -1 0 601.287 -311.728 -1802.066 600.092 -315.728 -1803.257 602.478 -307.728 -1800.871 sun-longpipe-01
2360 1 51 1357 0 -1 0 572.707 -311.728 -1802.470 571.512 -315.728 -1803.662 573.898 -307.728 -1801.275 sun-longpipe-01
2361 1 51 1359 0 -1 0 601.278 -342.705 -1802.057 599.485 -346.705 -1803.844 603.065 -338.705 -1800.265 sun-longpipe-01
2362 1 51 1362 0 -1 0 572.698 -342.705 -1802.462 570.905 -346.705 -1804.249 574.485 -338.705 -1800.669 sun-longpipe-01
2363 1 51 1363 0 -1 0 586.954 -342.705 -1808.048 585.162 -346.705 -1809.835 588.741 -338.705 -1806.255 sun-longpipe-01
2364 1 51 1364 0 -1 0 607.409 -366.684 -1787.767 606.225 -370.684 -1788.948 608.607 -362.684 -1786.586 sun-longpipe-01
2365 1 51 1365 0 -1 0 607.409 -396.683 -1787.767 606.225 -400.683 -1788.948 608.607 -392.683 -1786.586 sun-longpipe-01
2366 1 51 1366 0 -1 0 601.278 -357.685 -1802.057 599.485 -361.685 -1803.844 603.065 -353.685 -1800.265 sun-longpipe-01
2367 1 51 1367 0 -1 0 601.552 -366.684 -1773.499 600.357 -370.684 -1774.690 602.743 -362.684 -1772.304 sun-longpipe-01
2368 1 51 1368 0 -1 0 601.287 -366.684 -1802.066 600.092 -370.684 -1803.257 602.478 -362.684 -1800.871 sun-longpipe-01
2369 1 51 1369 0 -1 0 601.552 -396.683 -1773.499 600.357 -400.683 -1774.690 602.743 -392.683 -1772.304 sun-longpipe-01
2370 1 51 1370 0 -1 0 601.287 -396.683 -1802.066 600.092 -400.683 -1803.257 602.478 -392.683 -1800.871 sun-longpipe-01
2371 1 51 1374 0 -1 0 601.542 -427.660 -1773.490 599.750 -431.660 -1775.278 603.330 -423.660 -1771.698 sun-longpipe-01
2372 1 51 1375 0 -1 0 607.406 -427.660 -1787.759 605.631 -431.660 -1789.531 609.202 -423.660 -1785.987 sun-longpipe-01
2373 1 51 1376 0 -1 0 601.278 -427.660 -1802.057 599.485 -431.660 -1803.844 603.065 -423.660 -1800.265 sun-longpipe-01
2374 1 51 1377 0 -1 0 601.279 -461.345 -1802.060 598.591 -468.975 -1804.741 603.961 -453.715 -1799.371 sun-longpipe-01
2375 1 51 1378 0 -1 0 601.278 -442.640 -1802.057 599.485 -446.640 -1803.844 603.065 -438.640 -1800.265 sun-longpipe-01
2376 1 51 1379 0 -1 0 586.974 -366.684 -1767.848 585.779 -370.684 -1769.040 588.165 -362.684 -1766.653 sun-longpipe-01
2377 1 51 1380 0 -1 0 586.965 -357.685 -1767.840 585.172 -361.685 -1769.627 588.752 -353.685 -1766.047 sun-longpipe-01
2378 1 51 1381 0 -1 0 572.618 -366.684 -1773.458 571.424 -370.684 -1774.650 573.810 -362.684 -1772.264 sun-longpipe-01
2379 1 51 1382 0 -1 0 586.954 -357.685 -1808.048 585.162 -361.685 -1809.835 588.741 -353.685 -1806.255 sun-longpipe-01
2380 1 51 1383 0 -1 0 572.698 -357.685 -1802.462 570.905 -361.685 -1804.249 574.485 -353.685 -1800.669 sun-longpipe-01
2381 1 51 1384 0 -1 0 586.963 -366.684 -1808.056 585.768 -370.684 -1809.248 588.154 -362.684 -1806.861 sun-longpipe-01
2382 1 51 1385 0 -1 0 572.707 -366.684 -1802.470 571.512 -370.684 -1803.662 573.898 -362.684 -1801.275 sun-longpipe-01
2383 1 51 1386 0 -1 0 586.974 -396.683 -1767.848 585.779 -400.683 -1769.040 588.165 -392.683 -1766.653 sun-longpipe-01
2384 1 51 1387 0 -1 0 572.618 -396.683 -1773.458 571.424 -400.683 -1774.650 573.810 -392.683 -1772.264 sun-longpipe-01
2385 1 51 1388 0 -1 0 572.707 -396.683 -1802.470 571.512 -400.683 -1803.662 573.898 -392.683 -1801.275 sun-longpipe-01
2386 1 51 1389 0 -1 0 586.963 -396.683 -1808.056 585.768 -400.683 -1809.248 588.154 -392.683 -1806.861 sun-longpipe-01
2387 1 51 1394 0 -1 0 586.965 -427.660 -1767.840 585.172 -431.660 -1769.627 588.752 -423.660 -1766.047 sun-longpipe-01
2388 1 51 1395 0 -1 0 572.698 -427.660 -1802.462 570.905 -431.660 -1804.249 574.485 -423.660 -1800.669 sun-longpipe-01
2389 1 51 1396 0 -1 0 586.966 -461.345 -1767.842 584.278 -468.975 -1770.524 589.647 -453.715 -1765.154 sun-longpipe-01
2390 1 51 1397 0 -1 0 586.965 -442.640 -1767.840 585.172 -446.640 -1769.627 588.752 -438.640 -1766.047 sun-longpipe-01
2391 1 51 1398 0 -1 0 572.698 -442.640 -1802.462 570.905 -446.640 -1804.249 574.485 -438.640 -1800.669 sun-longpipe-01
2392 1 51 1399 0 -1 0 586.954 -427.660 -1808.048 585.162 -431.660 -1809.835 588.741 -423.660 -1806.255 sun-longpipe-01
2393 1 51 1400 0 -1 0 586.956 -461.345 -1808.051 584.267 -468.975 -1810.732 589.637 -453.715 -1805.362 sun-longpipe-01
2394 1 51 1401 0 -1 0 586.954 -442.640 -1808.048 585.162 -446.640 -1809.835 588.741 -438.640 -1806.255 sun-longpipe-01
2395 1 51 1402 0 -1 0 566.934 -281.729 -1787.779 565.740 -285.729 -1788.970 568.126 -277.729 -1786.584 sun-longpipe-01
2396 1 51 1403 0 -1 0 566.934 -311.728 -1787.779 565.740 -315.728 -1788.970 568.126 -307.728 -1786.584 sun-longpipe-01
2397 1 51 1405 0 -1 0 572.609 -342.705 -1773.450 570.817 -346.705 -1775.237 574.396 -338.705 -1771.658 sun-longpipe-01
2398 1 51 1406 0 -1 0 566.925 -342.705 -1787.770 565.133 -346.705 -1789.558 568.712 -338.705 -1785.978 sun-longpipe-01
2399 1 51 1407 0 -1 0 566.925 -357.685 -1787.770 565.133 -361.685 -1789.558 568.712 -353.685 -1785.978 sun-longpipe-01
2400 1 51 1408 0 -1 0 572.609 -357.685 -1773.450 570.817 -361.685 -1775.237 574.396 -353.685 -1771.658 sun-longpipe-01
2401 1 51 1409 0 -1 0 566.934 -366.684 -1787.779 565.740 -370.684 -1788.970 568.126 -362.684 -1786.584 sun-longpipe-01
2402 1 51 1410 0 -1 0 566.934 -396.683 -1787.779 565.740 -400.683 -1788.970 568.126 -392.683 -1786.584 sun-longpipe-01
2403 1 51 1412 0 -1 0 566.925 -427.660 -1787.770 565.133 -431.660 -1789.558 568.712 -423.660 -1785.978 sun-longpipe-01
2404 1 51 1413 0 -1 0 572.609 -427.660 -1773.450 570.817 -431.660 -1775.237 574.396 -423.660 -1771.658 sun-longpipe-01
2405 1 51 1414 0 -1 0 566.925 -442.640 -1787.770 565.133 -446.640 -1789.558 568.712 -438.640 -1785.978 sun-longpipe-01
2406 1 51 1415 0 -1 0 572.611 -461.345 -1773.453 569.922 -468.975 -1776.134 575.292 -453.715 -1770.764 sun-longpipe-01
2407 1 51 1416 0 -1 0 572.609 -442.640 -1773.450 570.817 -446.640 -1775.237 574.396 -438.640 -1771.658 sun-longpipe-01
2408 1 92 1335 0 -1 0 586.974 -281.729 -1767.848 585.779 -285.729 -1769.040 588.165 -277.729 -1766.653 pal-environment-front
2409 1 92 1336 0 -1 0 572.618 -281.729 -1773.458 571.424 -285.729 -1774.650 573.810 -277.729 -1772.264 pal-environment-front
2410 1 92 1337 0 -1 0 601.552 -281.729 -1773.499 600.357 -285.729 -1774.690 602.743 -277.729 -1772.304 pal-environment-front
2411 1 92 1338 0 -1 0 601.552 -311.728 -1773.499 600.357 -315.728 -1774.690 602.743 -307.728 -1772.304 pal-environment-front
2412 1 92 1339 0 -1 0 607.409 -281.729 -1787.767 606.225 -285.729 -1788.948 608.607 -277.729 -1786.586 pal-environment-front
2413 1 92 1340 0 -1 0 607.409 -311.728 -1787.767 606.225 -315.728 -1788.948 608.607 -307.728 -1786.586 pal-environment-front
2414 1 92 1341 0 -1 0 586.974 -311.728 -1767.848 585.779 -315.728 -1769.040 588.165 -307.728 -1766.653 pal-environment-front
2415 1 92 1343 0 -1 0 572.618 -311.728 -1773.458 571.424 -315.728 -1774.650 573.810 -307.728 -1772.264 pal-environment-front
2416 1 92 1345 0 -1 0 601.542 -342.705 -1773.490 599.750 -346.705 -1775.278 603.330 -338.705 -1771.698 pal-environment-front
2417 1 92 1348 0 -1 0 601.542 -357.685 -1773.490 599.750 -361.685 -1775.278 603.330 -353.685 -1771.698 pal-environment-front
2418 1 92 1349 0 -1 0 607.406 -357.685 -1787.759 605.631 -361.685 -1789.531 609.202 -353.685 -1785.987 pal-environment-front
2419 1 92 1350 0 -1 0 607.406 -342.705 -1787.759 605.631 -346.705 -1789.531 609.202 -338.705 -1785.987 pal-environment-front
2420 1 92 1351 0 -1 0 586.965 -342.705 -1767.840 585.172 -346.705 -1769.627 588.752 -338.705 -1766.047 pal-environment-front
2421 1 92 1352 0 -1 0 586.963 -281.729 -1808.056 585.768 -285.729 -1809.248 588.154 -277.729 -1806.861 pal-environment-front
2422 1 92 1353 0 -1 0 601.287 -281.729 -1802.066 600.092 -285.729 -1803.257 602.478 -277.729 -1800.871 pal-environment-front
2423 1 92 1354 0 -1 0 572.707 -281.729 -1802.470 571.512 -285.729 -1803.662 573.898 -277.729 -1801.275 pal-environment-front
2424 1 92 1355 0 -1 0 586.963 -311.728 -1808.056 585.768 -315.728 -1809.248 588.154 -307.728 -1806.861 pal-environment-front
2425 1 92 1356 0 -1 0 601.287 -311.728 -1802.066 600.092 -315.728 -1803.257 602.478 -307.728 -1800.871 pal-environment-front
2426 1 92 1357 0 -1 0 572.707 -311.728 -1802.470 571.512 -315.728 -1803.662 573.898 -307.728 -1801.275 pal-environment-front
2427 1 92 1359 0 -1 0 601.278 -342.705 -1802.057 599.485 -346.705 -1803.844 603.065 -338.705 -1800.265 pal-environment-front
2428 1 92 1362 0 -1 0 572.698 -342.705 -1802.462 570.905 -346.705 -1804.249 574.485 -338.705 -1800.669 pal-environment-front
2429 1 92 1363 0 -1 0 586.954 -342.705 -1808.048 585.162 -346.705 -1809.835 588.741 -338.705 -1806.255 pal-environment-front
2430 1 92 1364 0 -1 0 607.409 -366.684 -1787.767 606.225 -370.684 -1788.948 608.607 -362.684 -1786.586 pal-environment-front
2431 1 92 1365 0 -1 0 607.409 -396.683 -1787.767 606.225 -400.683 -1788.948 608.607 -392.683 -1786.586 pal-environment-front
2432 1 92 1366 0 -1 0 601.278 -357.685 -1802.057 599.485 -361.685 -1803.844 603.065 -353.685 -1800.265 pal-environment-front
2433 1 92 1367 0 -1 0 601.552 -366.684 -1773.499 600.357 -370.684 -1774.690 602.743 -362.684 -1772.304 pal-environment-front
2434 1 92 1368 0 -1 0 601.287 -366.684 -1802.066 600.092 -370.684 -1803.257 602.478 -362.684 -1800.871 pal-environment-front
2435 1 92 1369 0 -1 0 601.552 -396.683 -1773.499 600.357 -400.683 -1774.690 602.743 -392.683 -1772.304 pal-environment-front
2436 1 92 1370 0 -1 0 601.287 -396.683 -1802.066 600.092 -400.683 -1803.257 602.478 -392.683 -1800.871 pal-environment-front
2437 1 92 1374 0 -1 0 601.542 -427.660 -1773.490 599.750 -431.660 -1775.278 603.330 -423.660 -1771.698 pal-environment-front
2438 1 92 1375 0 -1 0 607.406 -427.660 -1787.759 605.631 -431.660 -1789.531 609.202 -423.660 -1785.987 pal-environment-front
2439 1 92 1376 0 -1 0 601.278 -427.660 -1802.057 599.485 -431.660 -1803.844 603.065 -423.660 -1800.265 pal-environment-front
2440 1 92 1377 0 -1 0 601.279 -461.345 -1802.060 598.591 -468.975 -1804.741 603.961 -453.715 -1799.371 pal-environment-front
2441 1 92 1378 0 -1 0 601.278 -442.640 -1802.057 599.485 -446.640 -1803.844 603.065 -438.640 -1800.265 pal-environment-front
2442 1 92 1379 0 -1 0 586.974 -366.684 -1767.848 585.779 -370.684 -1769.040 588.165 -362.684 -1766.653 pal-environment-front
2443 1 92 1380 0 -1 0 586.965 -357.685 -1767.840 585.172 -361.685 -1769.627 588.752 -353.685 -1766.047 pal-environment-front
2444 1 92 1381 0 -1 0 572.618 -366.684 -1773.458 571.424 -370.684 -1774.650 573.810 -362.684 -1772.264 pal-environment-front
2445 1 92 1382 0 -1 0 586.954 -357.685 -1808.048 585.162 -361.685 -1809.835 588.741 -353.685 -1806.255 pal-environment-front
2446 1 92 1383 0 -1 0 572.698 -357.685 -1802.462 570.905 -361.685 -1804.249 574.485 -353.685 -1800.669 pal-environment-front
2447 1 92 1384 0 -1 0 586.963 -366.684 -1808.056 585.768 -370.684 -1809.248 588.154 -362.684 -1806.861 pal-environment-front
2448 1 92 1385 0 -1 0 572.707 -366.684 -1802.470 571.512 -370.684 -1803.662 573.898 -362.684 -1801.275 pal-environment-front
2449 1 92 1386 0 -1 0 586.974 -396.683 -1767.848 585.779 -400.683 -1769.040 588.165 -392.683 -1766.653 pal-environment-front
2450 1 92 1387 0 -1 0 572.618 -396.683 -1773.458 571.424 -400.683 -1774.650 573.810 -392.683 -1772.264 pal-environment-front
2451 1 92 1388 0 -1 0 572.707 -396.683 -1802.470 571.512 -400.683 -1803.662 573.898 -392.683 -1801.275 pal-environment-front
2452 1 92 1389 0 -1 0 586.963 -396.683 -1808.056 585.768 -400.683 -1809.248 588.154 -392.683 -1806.861 pal-environment-front
2453 1 92 1394 0 -1 0 586.965 -427.660 -1767.840 585.172 -431.660 -1769.627 588.752 -423.660 -1766.047 pal-environment-front
2454 1 92 1395 0 -1 0 572.698 -427.660 -1802.462 570.905 -431.660 -1804.249 574.485 -423.660 -1800.669 pal-environment-front
2455 1 92 1396 0 -1 0 586.966 -461.345 -1767.842 584.278 -468.975 -1770.524 589.647 -453.715 -1765.154 pal-environment-front
2456 1 92 1397 0 -1 0 586.965 -442.640 -1767.840 585.172 -446.640 -1769.627 588.752 -438.640 -1766.047 pal-environment-front
2457 1 92 1398 0 -1 0 572.698 -442.640 -1802.462 570.905 -446.640 -1804.249 574.485 -438.640 -1800.669 pal-environment-front
2458 1 92 1399 0 -1 0 586.954 -427.660 -1808.048 585.162 -431.660 -1809.835 588.741 -423.660 -1806.255 pal-environment-front
2459 1 92 1400 0 -1 0 586.956 -461.345 -1808.051 584.267 -468.975 -1810.732 589.637 -453.715 -1805.362 pal-environment-front
2460 1 92 1401 0 -1 0 586.954 -442.640 -1808.048 585.162 -446.640 -1809.835 588.741 -438.640 -1806.255 pal-environment-front
2461 1 92 1402 0 -1 0 566.934 -281.729 -1787.779 565.740 -285.729 -1788.970 568.126 -277.729 -1786.584 pal-environment-front
2462 1 92 1403 0 -1 0 566.934 -311.728 -1787.779 565.740 -315.728 -1788.970 568.126 -307.728 -1786.584 pal-environment-front
2463 1 92 1405 0 -1 0 572.609 -342.705 -1773.450 570.817 -346.705 -1775.237 574.396 -338.705 -1771.658 pal-environment-front
2464 1 92 1406 0 -1 0 566.925 -342.705 -1787.770 565.133 -346.705 -1789.558 568.712 -338.705 -1785.978 pal-environment-front
2465 1 92 1407 0 -1 0 566.925 -357.685 -1787.770 565.133 -361.685 -1789.558 568.712 -353.685 -1785.978 pal-environment-front
2466 1 92 1408 0 -1 0 572.609 -357.685 -1773.450 570.817 -361.685 -1775.237 574.396 -353.685 -1771.658 pal-environment-front
2467 1 92 1409 0 -1 0 566.934 -366.684 -1787.779 565.740 -370.684 -1788.970 568.126 -362.684 -1786.584 pal-environment-front
2468 1 92 1410 0 -1 0 566.934 -396.683 -1787.779 565.740 -400.683 -1788.970 568.126 -392.683 -1786.584 pal-environment-front
2469 1 92 1412 0 -1 0 566.925 -427.660 -1787.770 565.133 -431.660 -1789.558 568.712 -423.660 -1785.978 pal-environment-front
2470 1 92 1413 0 -1 0 572.609 -427.660 -1773.450 570.817 -431.660 -1775.237 574.396 -423.660 -1771.658 pal-environment-front
2471 1 92 1414 0 -1 0 566.925 -442.640 -1787.770 565.133 -446.640 -1789.558 568.712 -438.640 -1785.978 pal-environment-front
2472 1 92 1415 0 -1 0 572.611 -461.345 -1773.453 569.922 -468.975 -1776.134 575.292 -453.715 -1770.764 pal-environment-front
2473 1 92 1416 0 -1 0 572.609 -442.640 -1773.450 570.817 -446.640 -1775.237 574.396 -438.640 -1771.658 pal-environment-front
2474 1 33 1221 0 -1 0 601.291 -423.148 -1802.064 599.514 -423.659 -1803.828 603.066 -422.675 -1800.275 sun-precursor-tube-script-01
2475 1 33 1223 0 -1 0 601.309 -438.152 -1802.053 598.625 -438.625 -1804.716 603.955 -437.641 -1799.387 sun-precursor-tube-script-01
2476 1 33 1241 0 -1 0 586.978 -432.129 -1767.853 584.312 -432.641 -1770.499 589.641 -431.656 -1765.169 sun-precursor-tube-script-01
2477 1 33 1242 0 -1 0 586.977 -423.148 -1767.847 585.200 -423.659 -1769.610 588.753 -422.675 -1766.057 sun-precursor-tube-script-01
2478 1 33 1243 0 -1 0 572.711 -423.148 -1802.469 570.933 -423.659 -1804.232 574.486 -422.675 -1800.679 sun-precursor-tube-script-01
2479 1 33 1245 0 -1 0 586.996 -438.152 -1767.835 584.312 -438.625 -1770.499 589.641 -437.641 -1765.169 sun-precursor-tube-script-01
2480 1 33 1246 0 -1 0 586.978 -447.101 -1767.853 584.312 -447.613 -1770.499 589.641 -446.628 -1765.169 sun-precursor-tube-script-01
2481 1 33 1247 0 -1 0 586.986 -438.152 -1808.043 584.301 -438.625 -1810.707 589.631 -437.641 -1805.377 sun-precursor-tube-script-01
2482 1 33 1276 0 -1 0 566.938 -423.148 -1787.777 565.161 -423.659 -1789.541 568.714 -422.675 -1785.988 sun-precursor-tube-script-01
2483 1 33 1277 0 -1 0 572.622 -423.148 -1773.457 570.845 -423.659 -1775.220 574.398 -422.675 -1771.668 sun-precursor-tube-script-01
2484 1 33 1278 0 -1 0 566.939 -432.129 -1787.784 564.273 -432.641 -1790.429 569.602 -431.656 -1785.100 sun-precursor-tube-script-01
2485 1 33 1279 0 -1 0 572.622 -432.129 -1773.464 569.957 -432.641 -1776.109 575.286 -431.656 -1770.779 sun-precursor-tube-script-01
2486 1 33 1280 0 -1 0 572.711 -432.129 -1802.475 570.045 -432.641 -1805.121 575.375 -431.656 -1799.791 sun-precursor-tube-script-01
2487 1 33 1281 0 -1 0 566.957 -438.152 -1787.766 564.273 -438.625 -1790.429 569.602 -437.641 -1785.100 sun-precursor-tube-script-01
2488 1 33 1282 0 -1 0 572.622 -447.101 -1773.464 569.957 -447.613 -1776.109 575.286 -446.628 -1770.779 sun-precursor-tube-script-01
2489 1 33 1283 0 -1 0 572.641 -438.152 -1773.445 569.957 -438.625 -1776.109 575.286 -437.641 -1770.779 sun-precursor-tube-script-01
2490 1 33 1284 0 -1 0 572.729 -438.152 -1802.457 570.045 -438.625 -1805.121 575.375 -437.641 -1799.791 sun-precursor-tube-script-01
2491 1 92 1221 0 -1 0 601.291 -423.148 -1802.064 599.514 -423.659 -1803.828 603.066 -422.675 -1800.275 pal-environment-front
2492 1 92 1223 0 -1 0 601.309 -438.152 -1802.053 598.625 -438.625 -1804.716 603.955 -437.641 -1799.387 pal-environment-front
2493 1 92 1241 0 -1 0 586.978 -432.129 -1767.853 584.312 -432.641 -1770.499 589.641 -431.656 -1765.169 pal-environment-front
2494 1 92 1242 0 -1 0 586.977 -423.148 -1767.847 585.200 -423.659 -1769.610 588.753 -422.675 -1766.057 pal-environment-front
2495 1 92 1243 0 -1 0 572.711 -423.148 -1802.469 570.933 -423.659 -1804.232 574.486 -422.675 -1800.679 pal-environment-front
2496 1 92 1245 0 -1 0 586.996 -438.152 -1767.835 584.312 -438.625 -1770.499 589.641 -437.641 -1765.169 pal-environment-front
2497 1 92 1246 0 -1 0 586.978 -447.101 -1767.853 584.312 -447.613 -1770.499 589.641 -446.628 -1765.169 pal-environment-front
2498 1 92 1247 0 -1 0 586.986 -438.152 -1808.043 584.301 -438.625 -1810.707 589.631 -437.641 -1805.377 pal-environment-front
2499 1 92 1276 0 -1 0 566.938 -423.148 -1787.777 565.161 -423.659 -1789.541 568.714 -422.675 -1785.988 pal-environment-front
2500 1 92 1277 0 -1 0 572.622 -423.148 -1773.457 570.845 -423.659 -1775.220 574.398 -422.675 -1771.668 pal-environment-front
2501 1 92 1278 0 -1 0 566.939 -432.129 -1787.784 564.273 -432.641 -1790.429 569.602 -431.656 -1785.100 pal-environment-front
2502 1 92 1279 0 -1 0 572.622 -432.129 -1773.464 569.957 -432.641 -1776.109 575.286 -431.656 -1770.779 pal-environment-front
2503 1 92 1280 0 -1 0 572.711 -432.129 -1802.475 570.045 -432.641 -1805.121 575.375 -431.656 -1799.791 pal-environment-front
2504 1 92 1281 0 -1 0 566.957 -438.152 -1787.766 564.273 -438.625 -1790.429 569.602 -437.641 -1785.100 pal-environment-front
2505 1 92 1282 0 -1 0 572.622 -447.101 -1773.464 569.957 -447.613 -1776.109 575.286 -446.628 -1770.779 pal-environment-front
2506 1 92 1283 0 -1 0 572.641 -438.152 -1773.445 569.957 -438.625 -1776.109 575.286 -437.641 -1770.779 pal-environment-front
2507 1 92 1284 0 -1 0 572.729 -438.152 -1802.457 570.045 -438.625 -1805.121 575.375 -437.641 -1799.791 pal-environment-front
2508 0 55 29 0 -1 9209 598.808 -408.891 -1792.551 587.156 -410.891 -1807.360 606.672 -405.469 -1773.844 sun-helix-floor-01
2509 0 55 9 0 -1 9488 580.567 -370.858 -1778.139 567.312 -373.563 -1795.297 600.453 -370.063 -1768.063 sun-helix-floor-01
2510 1 51 1342 0 -1 0 601.552 -329.736 -1773.499 600.357 -337.736 -1774.690 602.743 -321.736 -1772.304 sun-longpipe-01
2511 1 92 1342 0 -1 0 601.552 -329.736 -1773.499 600.357 -337.736 -1774.690 602.743 -321.736 -1772.304 pal-environment-front
2512 0 53 38 0 -1 9557 584.986 -331.061 -1802.075 578.578 -333.297 -1807.078 590.078 -328.859 -1798.610 sun-precursor-tube-ring-03toprim
2513 0 53 8 0 -1 9546 574.680 -382.734 -1793.478 567.219 -384.672 -1801.610 578.703 -380.703 -1788.876 sun-precursor-tube-ring-03toprim
2514 0 53 22 0 -1 9544 600.899 -327.959 -1791.979 596.672 -328.797 -1798.626 607.172 -327.219 -1787.688 sun-precursor-tube-ring-03toprim
2515 0 33 283 0 -1 9412 590.455 -232.796 -1710.297 587.234 -235.766 -1717.063 597.156 -229.672 -1707.094 sun-precursor-tube-script-01
2516 0 34 283 0 -1 9412 590.438 -238.333 -1710.243 587.234 -240.766 -1717.063 597.156 -235.735 -1707.094 sun-precursor-metal-edge-02
2517 0 29 279 0 -1 9661 610.184 -234.205 -1681.000 606.078 -235.453 -1686.001 615.359 -232.485 -1675.969 sun-stonehengetop
2518 0 29 2 0 -1 9416 540.864 -224.494 -1677.643 536.000 -227.469 -1682.360 544.656 -221.156 -1672.906 sun-stonehengetop
2519 0 29 278 0 -1 9549 561.887 -225.844 -1693.830 558.594 -226.688 -1697.110 565.187 -225.000 -1690.547 sun-stonehengetop
2520 0 29 276 0 -1 9549 588.936 -225.844 -1665.635 585.640 -226.688 -1668.922 592.234 -225.000 -1662.344 sun-stonehengetop
2521 0 24 246 0 -1 9588 602.912 -249.693 -1678.138 598.453 -250.375 -1694.141 604.296 -248.844 -1662.516 sun-precursor-metal-plain-01
2522 0 24 253 0 -1 9548 576.470 -253.101 -1776.868 571.187 -254.673 -1782.141 581.750 -251.110 -1771.610 sun-precursor-metal-plain-01
2523 0 11 20 0 -1 9760 603.511 -308.635 -1790.662 599.234 -308.797 -1795.516 607.172 -308.407 -1787.735 sun-precursor-metal-edge-01
2524 0 12 58 0 -1 9497 603.408 -375.521 -1788.389 598.547 -375.656 -1791.703 606.843 -375.344 -1785.126 sun-helix-floor-02
2525 0 11 18 0 -1 9786 596.484 -308.748 -1801.455 593.859 -309.032 -1806.313 601.249 -308.453 -1796.797 sun-precursor-metal-edge-01
2526 0 12 69 0 -1 9466 583.743 -411.204 -1803.870 579.500 -411.500 -1807.360 587.234 -410.891 -1798.844 sun-helix-floor-02
2527 0 13 76 0 -1 9491 596.417 -307.333 -1801.377 593.594 -307.453 -1806.313 601.249 -307.219 -1796.141 sun-helix-floor-04
2528 0 12 55 0 -1 9491 603.158 -394.075 -1791.176 598.000 -394.141 -1795.281 607.172 -394.063 -1787.735 sun-helix-floor-02
2529 0 12 65 0 -1 9496 573.372 -383.931 -1778.413 568.328 -384.032 -1781.188 578.656 -383.797 -1773.828 sun-helix-floor-02
2530 0 12 72 0 -1 9497 583.566 -402.654 -1771.605 579.453 -403.094 -1776.953 586.984 -402.297 -1767.547 sun-helix-floor-02
2531 0 12 64 0 -1 9501 570.849 -401.008 -1784.326 566.796 -401.360 -1787.735 576.187 -400.688 -1780.219 sun-helix-floor-02
2532 0 12 70 0 -1 9502 596.315 -404.846 -1774.143 593.703 -405.516 -1779.406 600.906 -404.000 -1769.094 sun-helix-floor-02
2533 0 42 279 0 -1 9707 610.998 -233.535 -1680.992 607.688 -235.453 -1684.313 614.312 -232.047 -1677.657 sun-blue
2534 0 12 53 0 -1 9497 578.427 -310.732 -1800.871 570.531 -312.703 -1807.031 584.734 -309.000 -1795.891 sun-helix-floor-02
2535 0 11 26 0 -1 9756 600.212 -391.531 -1778.906 594.281 -391.625 -1787.735 607.172 -391.344 -1769.094 sun-precursor-metal-edge-01
2536 0 12 63 0 -1 9510 575.800 -398.510 -1799.177 568.328 -399.829 -1806.313 582.297 -397.235 -1794.266 sun-helix-floor-02
2537 0 11 23 0 -1 9565 603.239 -328.709 -1792.489 597.484 -328.797 -1798.626 607.172 -328.516 -1787.735 sun-precursor-metal-edge-01
2538 0 13 79 0 -1 9600 584.256 -330.470 -1803.316 578.578 -331.672 -1807.110 590.078 -328.859 -1798.610 sun-helix-floor-04
2539 0 14 92 0 -1 9550 610.902 -245.972 -1680.677 608.281 -248.984 -1686.469 614.093 -242.985 -1674.954 sun-precursor-plainstripe
2540 0 11 30 0 -1 9618 597.047 -410.147 -1791.831 579.500 -413.032 -1807.360 606.672 -405.563 -1769.094 sun-precursor-metal-edge-01
2541 0 14 89 0 -1 9589 585.491 -242.249 -1785.669 580.562 -245.688 -1797.797 598.031 -238.797 -1780.751 sun-precursor-plainstripe
2542 0 11 42 0 -1 9620 576.254 -403.245 -1777.016 566.796 -404.672 -1787.735 586.984 -402.094 -1767.547 sun-precursor-metal-edge-01
2543 0 11 34 0 -1 9620 576.122 -316.634 -1777.120 566.796 -316.829 -1787.735 586.984 -316.031 -1767.547 sun-precursor-metal-edge-01
2544 0 12 57 0 -1 9512 598.334 -376.168 -1798.977 593.515 -376.500 -1803.984 603.344 -375.891 -1794.250 sun-helix-floor-02
2545 0 11 7 0 -1 9485 572.538 -383.449 -1794.979 567.219 -384.672 -1801.610 578.031 -382.016 -1789.954 sun-precursor-metal-edge-01
2546 0 11 6 0 -1 9466 601.242 -377.329 -1794.315 593.828 -378.000 -1803.984 606.843 -376.688 -1785.126 sun-precursor-metal-edge-01
2547 0 11 17 0 -1 9679 577.840 -312.319 -1801.098 570.531 -314.281 -1807.031 583.094 -310.563 -1796.594 sun-precursor-metal-edge-01
2548 0 12 67 0 -1 9511 572.785 -381.976 -1794.793 567.219 -383.125 -1801.610 578.703 -380.703 -1789.703 sun-helix-floor-02
2549 0 11 40 0 -1 9771 575.488 -400.015 -1799.484 568.328 -401.391 -1806.313 580.421 -398.797 -1794.907 sun-precursor-metal-edge-01
2550 0 11 44 0 -1 9780 581.179 -385.507 -1773.708 568.328 -385.625 -1780.610 594.719 -385.157 -1768.063 sun-precursor-metal-edge-01
2551 0 11 36 0 -1 9780 593.332 -320.696 -1772.457 586.984 -320.797 -1777.079 601.265 -320.500 -1767.547 sun-precursor-metal-edge-01
2552 0 11 13 0 -1 9778 602.288 -302.693 -1781.670 597.500 -302.797 -1787.735 607.172 -302.500 -1773.469 sun-precursor-metal-edge-01
2553 0 11 25 0 -1 9779 602.320 -324.696 -1781.535 597.765 -324.797 -1787.735 607.172 -324.500 -1773.469 sun-precursor-metal-edge-01
2554 0 24 2 0 -1 9545 542.130 -217.771 -1677.658 537.453 -222.875 -1680.985 546.172 -212.329 -1674.329 sun-precursor-metal-plain-01
2555 0 24 258 0 -1 9472 576.169 -252.100 -1727.764 568.828 -256.156 -1727.844 584.109 -248.984 -1727.625 sun-precursor-metal-plain-01
2556 0 11 31 0 -1 9776 597.715 -396.035 -1798.452 586.984 -397.391 -1807.750 607.172 -395.359 -1787.735 sun-precursor-metal-edge-01
2557 0 11 9 0 -1 9773 580.348 -372.313 -1782.334 567.312 -375.907 -1805.344 602.937 -371.235 -1768.063 sun-precursor-metal-edge-01
2558 0 11 2 0 -1 9794 547.408 -204.880 -1677.739 539.656 -214.110 -1681.110 553.984 -195.844 -1674.360 sun-precursor-metal-edge-01
2559 0 14 91 0 -1 9503 586.987 -270.296 -1787.746 579.593 -271.781 -1795.172 594.375 -268.453 -1780.329 sun-precursor-plainstripe
2560 0 15 95 0 -1 9754 586.471 -274.115 -1787.075 565.390 -279.204 -1808.141 607.547 -269.110 -1766.016 sun-precursor-circuitpattern-01
2561 1 42 1333 0 -1 0 576.557 -369.650 -1798.219 574.897 -369.650 -1800.735 578.178 -369.650 -1795.704 sun-blue
2562 1 42 1334 0 -1 0 575.463 -447.534 -1798.207 573.803 -447.534 -1800.723 577.085 -447.534 -1795.691 sun-blue
2563 1 92 1333 0 -1 0 576.557 -369.650 -1798.219 574.897 -369.650 -1800.735 578.178 -369.650 -1795.704 pal-environment-front
2564 1 92 1334 0 -1 0 575.463 -447.534 -1798.207 573.803 -447.534 -1800.723 577.085 -447.534 -1795.691 pal-environment-front
2565 1 92 1148 0 -1 0 585.676 -350.238 -1767.830 584.826 -352.310 -1769.978 586.974 -348.150 -1765.682 pal-environment-front
2566 1 92 1149 0 -1 0 600.254 -350.238 -1773.481 599.404 -352.310 -1775.629 601.552 -348.150 -1771.333 pal-environment-front
2567 1 92 1150 0 -1 0 599.990 -350.238 -1802.047 599.139 -352.310 -1804.195 601.287 -348.150 -1799.899 pal-environment-front
2568 1 92 1151 0 -1 0 585.666 -350.238 -1808.038 584.816 -352.310 -1810.186 586.963 -348.150 -1805.890 pal-environment-front
2569 1 92 1152 0 -1 0 599.990 -435.192 -1802.047 599.139 -437.265 -1804.195 601.287 -433.105 -1799.899 pal-environment-front
2570 1 92 1153 0 -1 0 599.990 -450.709 -1802.047 599.139 -453.236 -1804.195 601.287 -448.163 -1799.899 pal-environment-front
2571 1 92 1154 0 -1 0 585.676 -435.192 -1767.830 584.826 -437.265 -1769.978 586.974 -433.105 -1765.682 pal-environment-front
2572 1 92 1155 0 -1 0 585.676 -450.709 -1767.830 584.826 -453.236 -1769.978 586.974 -448.163 -1765.682 pal-environment-front
2573 1 92 1156 0 -1 0 585.666 -435.192 -1808.038 584.816 -437.265 -1810.186 586.963 -433.105 -1805.890 pal-environment-front
2574 1 92 1157 0 -1 0 585.666 -450.709 -1808.038 584.816 -453.236 -1810.186 586.963 -448.163 -1805.890 pal-environment-front
2575 1 92 1158 0 -1 0 571.321 -350.238 -1773.440 570.471 -352.310 -1775.588 572.619 -348.150 -1771.292 pal-environment-front
2576 1 92 1159 0 -1 0 571.409 -350.238 -1802.452 570.559 -352.310 -1804.600 572.707 -348.150 -1800.304 pal-environment-front
2577 1 92 1160 0 -1 0 565.637 -350.238 -1787.761 564.787 -352.310 -1789.908 566.935 -348.150 -1785.612 pal-environment-front
2578 1 92 1161 0 -1 0 571.321 -435.192 -1773.440 570.471 -437.265 -1775.588 572.619 -433.105 -1771.292 pal-environment-front
2579 1 92 1162 0 -1 0 565.637 -435.192 -1787.761 564.787 -437.265 -1789.908 566.935 -433.105 -1785.612 pal-environment-front
2580 1 92 1163 0 -1 0 571.409 -435.192 -1802.452 570.559 -437.265 -1804.600 572.707 -433.105 -1800.304 pal-environment-front
2581 1 92 1164 0 -1 0 571.321 -450.709 -1773.440 570.471 -453.236 -1775.588 572.619 -448.163 -1771.292 pal-environment-front
2582 1 33 1148 0 -1 0 585.676 -351.275 -1767.830 584.826 -352.310 -1769.978 586.974 -350.240 -1765.682 sun-precursor-tube-script-01
2583 1 33 1149 0 -1 0 600.254 -351.275 -1773.481 599.404 -352.310 -1775.629 601.552 -350.240 -1771.333 sun-precursor-tube-script-01
2584 1 33 1150 0 -1 0 599.990 -351.275 -1802.047 599.139 -352.310 -1804.195 601.287 -350.240 -1799.899 sun-precursor-tube-script-01
2585 1 33 1151 0 -1 0 585.666 -351.275 -1808.038 584.816 -352.310 -1810.186 586.963 -350.240 -1805.890 sun-precursor-tube-script-01
2586 1 33 1152 0 -1 0 599.990 -436.230 -1802.047 599.139 -437.265 -1804.195 601.287 -435.195 -1799.899 sun-precursor-tube-script-01
2587 1 33 1153 0 -1 0 599.990 -451.974 -1802.047 599.139 -453.236 -1804.195 601.287 -450.712 -1799.899 sun-precursor-tube-script-01
2588 1 33 1154 0 -1 0 585.676 -436.230 -1767.830 584.826 -437.265 -1769.978 586.974 -435.195 -1765.682 sun-precursor-tube-script-01
2589 1 33 1155 0 -1 0 585.676 -451.974 -1767.830 584.826 -453.236 -1769.978 586.974 -450.712 -1765.682 sun-precursor-tube-script-01
2590 1 33 1156 0 -1 0 585.666 -436.230 -1808.038 584.816 -437.265 -1810.186 586.963 -435.195 -1805.890 sun-precursor-tube-script-01
2591 1 33 1157 0 -1 0 585.666 -451.974 -1808.038 584.816 -453.236 -1810.186 586.963 -450.712 -1805.890 sun-precursor-tube-script-01
2592 1 33 1158 0 -1 0 571.321 -351.275 -1773.440 570.471 -352.310 -1775.588 572.619 -350.240 -1771.292 sun-precursor-tube-script-01
2593 1 33 1159 0 -1 0 571.409 -351.275 -1802.452 570.559 -352.310 -1804.600 572.707 -350.240 -1800.304 sun-precursor-tube-script-01
2594 1 33 1160 0 -1 0 565.637 -351.275 -1787.761 564.787 -352.310 -1789.908 566.935 -350.240 -1785.612 sun-precursor-tube-script-01
2595 1 33 1161 0 -1 0 571.321 -436.230 -1773.440 570.471 -437.265 -1775.588 572.619 -435.195 -1771.292 sun-precursor-tube-script-01
2596 1 33 1162 0 -1 0 565.637 -436.230 -1787.761 564.787 -437.265 -1789.908 566.935 -435.195 -1785.612 sun-precursor-tube-script-01
2597 1 33 1163 0 -1 0 571.409 -436.230 -1802.452 570.559 -437.265 -1804.600 572.707 -435.195 -1800.304 sun-precursor-tube-script-01
2598 1 33 1164 0 -1 0 571.321 -451.974 -1773.440 570.471 -453.236 -1775.588 572.619 -450.712 -1771.292 sun-precursor-tube-script-01
2599 1 52 1148 0 -1 0 585.676 -349.200 -1767.830 584.826 -350.240 -1769.978 586.974 -348.150 -1765.682 sun-precursor-metal-edge-02symbol
2600 1 52 1149 0 -1 0 600.254 -349.200 -1773.481 599.404 -350.240 -1775.629 601.552 -348.150 -1771.333 sun-precursor-metal-edge-02symbol
2601 1 52 1150 0 -1 0 599.990 -349.200 -1802.047 599.139 -350.240 -1804.195 601.287 -348.150 -1799.899 sun-precursor-metal-edge-02symbol
2602 1 52 1151 0 -1 0 585.666 -349.200 -1808.038 584.816 -350.240 -1810.186 586.963 -348.150 -1805.890 sun-precursor-metal-edge-02symbol
2603 1 52 1152 0 -1 0 599.990 -434.154 -1802.047 599.139 -435.195 -1804.195 601.287 -433.105 -1799.899 sun-precursor-metal-edge-02symbol
2604 1 52 1153 0 -1 0 599.990 -449.443 -1802.047 599.139 -450.712 -1804.195 601.287 -448.163 -1799.899 sun-precursor-metal-edge-02symbol
2605 1 52 1154 0 -1 0 585.676 -434.154 -1767.830 584.826 -435.195 -1769.978 586.974 -433.105 -1765.682 sun-precursor-metal-edge-02symbol
2606 1 52 1155 0 -1 0 585.676 -449.443 -1767.830 584.826 -450.712 -1769.978 586.974 -448.163 -1765.682 sun-precursor-metal-edge-02symbol
2607 1 52 1156 0 -1 0 585.666 -434.154 -1808.038 584.816 -435.195 -1810.186 586.963 -433.105 -1805.890 sun-precursor-metal-edge-02symbol
2608 1 52 1157 0 -1 0 585.666 -449.443 -1808.038 584.816 -450.712 -1810.186 586.963 -448.163 -1805.890 sun-precursor-metal-edge-02symbol
2609 1 52 1158 0 -1 0 571.321 -349.200 -1773.440 570.471 -350.240 -1775.588 572.619 -348.150 -1771.292 sun-precursor-metal-edge-02symbol
2610 1 52 1159 0 -1 0 571.409 -349.200 -1802.452 570.559 -350.240 -1804.600 572.707 -348.150 -1800.304 sun-precursor-metal-edge-02symbol
2611 1 52 1160 0 -1 0 565.637 -349.200 -1787.761 564.787 -350.240 -1789.908 566.935 -348.150 -1785.612 sun-precursor-metal-edge-02symbol
2612 1 52 1161 0 -1 0 571.321 -434.154 -1773.440 570.471 -435.195 -1775.588 572.619 -433.105 -1771.292 sun-precursor-metal-edge-02symbol
2613 1 52 1162 0 -1 0 565.637 -434.154 -1787.761 564.787 -435.195 -1789.908 566.935 -433.105 -1785.612 sun-precursor-metal-edge-02symbol
2614 1 52 1163 0 -1 0 571.409 -434.154 -1802.452 570.559 -435.195 -1804.600 572.707 -433.105 -1800.304 sun-precursor-metal-edge-02symbol
2615 1 52 1164 0 -1 0 571.321 -449.443 -1773.440 570.471 -450.712 -1775.588 572.619 -448.163 -1771.292 sun-precursor-metal-edge-02symbol
