MESHIDX 1 firecanyon 5496
0 0 2 46 1 0 7962 -59.614 15.503 -1010.584 -62.110 13.234 -1014.219 -57.110 19.422 -1008.844 fcn-rockwall-cliffside
1 0 2 45 1 1930 9496 -58.630 14.411 -1012.823 -59.719 13.234 -1013.985 -57.531 15.906 -1011.563 fcn-rockwall-cliffside
2 0 5 199 1 9671 9147 226.512 30.734 -1224.841 223.421 30.531 -1227.235 230.156 30.906 -1221.344 fcn-crackedfloor
3 0 6 233 1 10000 3475 212.944 30.486 -1215.977 212.312 29.562 -1216.875 214.171 32.140 -1214.579 fcn-crackedfloor-side
4 0 6 232 1 10000 3501 209.826 30.598 -1214.523 208.297 29.828 -1215.360 211.312 32.078 -1213.625 fcn-crackedfloor-side
5 1 0 657 1 10000 714 -112.356 25.715 -1064.840 -120.525 14.532 -1070.358 -102.640 34.703 -1058.935 fcn-rockwall
6 1 0 563 1 10000 714 154.631 23.930 -586.472 146.764 12.925 -593.412 161.230 32.758 -580.054 fcn-rockwall
7 1 0 573 1 10000 714 116.082 48.139 -521.538 109.222 36.356 -527.731 124.212 57.632 -515.109 fcn-rockwall
8 1 0 575 1 10000 714 115.154 21.935 -604.734 108.168 13.198 -609.727 122.740 28.975 -598.799 fcn-rockwall
9 1 0 579 1 10000 714 119.124 46.195 -649.057 112.130 35.481 -654.081 126.668 54.866 -643.393 fcn-rockwall
10 1 0 587 1 10000 714 172.318 42.632 -799.878 165.376 31.026 -807.280 180.574 51.985 -792.121 fcn-rockwall
11 1 0 599 1 10000 714 222.232 48.032 -859.807 213.738 36.421 -866.789 229.156 57.388 -853.634 fcn-rockwall
12 1 0 607 1 10000 714 128.407 43.862 -873.459 122.480 34.441 -881.561 135.697 51.408 -865.816 fcn-rockwall
13 1 0 627 1 10000 714 -15.324 47.155 -960.841 -23.937 36.207 -967.584 -8.205 55.977 -954.187 fcn-rockwall
14 1 0 629 1 10000 714 1.260 47.033 -953.194 -5.103 36.160 -960.806 6.693 55.794 -944.913 fcn-rockwall
15 1 0 633 1 10000 714 -37.678 26.193 -1068.378 -46.378 15.889 -1074.683 -30.291 34.611 -1062.276 fcn-rockwall
16 1 0 635 1 10000 714 -37.628 24.357 -1090.358 -45.933 15.021 -1095.699 -30.394 31.881 -1085.708 fcn-rockwall
17 1 0 643 1 10000 714 -70.081 44.183 -944.781 -77.577 34.922 -951.850 -60.920 51.430 -937.705 fcn-rockwall
18 1 0 647 1 10000 714 -93.263 46.331 -979.657 -100.965 35.528 -986.417 -83.884 54.845 -972.801 fcn-rockwall
19 1 0 655 1 10000 714 -109.787 26.133 -1047.545 -116.809 14.736 -1054.422 -101.264 35.316 -1040.643 fcn-rockwall
20 1 0 661 1 10000 714 -109.138 27.785 -1086.446 -117.082 17.062 -1091.687 -99.793 36.424 -1080.399 fcn-rockwall
21 1 0 671 1 10000 714 242.607 47.245 -1187.217 233.448 35.931 -1195.346 250.942 56.362 -1180.189 fcn-rockwall
22 1 0 679 1 10000 714 247.720 44.985 -1235.026 239.415 35.161 -1240.942 255.270 52.901 -1229.785 fcn-rockwall
23 1 0 693 1 10000 714 315.502 23.491 -1316.767 308.950 14.155 -1325.030 321.961 31.014 -1309.935 fcn-rockwall
24 1 0 697 1 10000 714 298.635 25.120 -1346.186 291.131 15.888 -1352.299 306.566 32.593 -1338.629 fcn-rockwall
25 1 0 717 1 10000 714 196.780 47.539 -1161.953 191.259 36.140 -1170.770 202.676 56.724 -1154.549 fcn-rockwall
26 1 0 719 1 10000 714 99.373 43.686 -1179.092 94.008 34.945 -1186.102 104.124 50.730 -1170.586 fcn-rockwall
27 1 0 272 1 10000 313 24.617 54.869 -261.916 22.265 50.707 -265.725 28.000 58.496 -257.293 fcn-rockwall
28 1 0 284 1 10000 313 168.360 50.742 -444.141 165.935 47.263 -447.992 171.840 53.773 -439.441 fcn-rockwall
29 1 0 290 1 10000 313 71.481 49.132 -415.788 67.665 45.917 -420.325 74.155 51.932 -412.207 fcn-rockwall
30 1 0 296 1 10000 313 175.275 54.862 -523.670 172.747 50.700 -528.419 178.437 58.488 -518.937 fcn-rockwall
31 1 0 298 1 10000 313 176.618 51.819 -497.589 174.090 48.160 -502.338 179.780 55.007 -492.855 fcn-rockwall
32 1 0 306 1 10000 313 233.825 52.681 -718.467 231.291 48.880 -722.193 237.454 55.993 -713.847 fcn-rockwall
33 1 0 310 1 10000 313 171.658 52.376 -758.716 168.496 48.626 -763.401 174.187 55.642 -754.012 fcn-rockwall
34 1 0 312 1 10000 313 114.265 54.236 -508.042 111.083 50.179 -512.862 116.754 57.770 -503.077 fcn-rockwall
35 1 0 324 1 10000 313 238.163 51.278 -796.574 235.672 47.737 -801.713 241.262 54.364 -791.373 fcn-rockwall
36 1 0 332 1 10000 313 232.015 53.140 -822.341 228.952 49.291 -827.809 236.115 56.493 -817.520 fcn-rockwall
37 1 0 338 1 10000 313 227.782 54.041 -873.044 225.670 50.043 -877.846 230.652 57.525 -867.815 fcn-rockwall
38 1 0 342 1 10000 313 223.668 49.293 -898.508 220.657 46.078 -903.711 227.683 52.094 -893.957 fcn-rockwall
39 1 0 344 1 10000 313 185.201 56.902 -924.667 180.680 52.429 -927.945 190.431 60.799 -922.392 fcn-rockwall
40 1 0 346 1 10000 313 134.839 48.892 -863.681 130.644 45.610 -866.294 137.765 51.710 -859.861 fcn-rockwall
41 1 0 352 1 10000 313 -5.372 52.263 -898.766 -9.769 48.565 -900.779 -1.745 55.639 -895.646 fcn-rockwall
42 1 0 364 1 10000 313 10.849 53.506 -953.951 6.783 49.622 -956.860 15.387 56.891 -951.876 fcn-rockwall
43 1 0 370 1 10000 313 -39.946 29.870 -985.533 -42.884 26.463 -990.110 -36.033 32.839 -981.733 fcn-rockwall
44 1 0 372 1 10000 313 -34.243 31.252 -1081.608 -36.788 27.682 -1086.419 -31.095 34.334 -1076.692 fcn-rockwall
45 1 0 390 1 10000 313 -109.861 48.680 -1007.691 -113.731 45.408 -1012.049 -106.824 51.322 -1002.917 fcn-rockwall
46 1 0 426 1 10000 313 215.992 51.960 -1317.227 210.964 48.249 -1321.440 220.111 55.193 -1314.124 fcn-rockwall
47 1 0 438 1 10000 313 240.594 52.334 -1328.259 235.565 48.560 -1332.471 244.713 55.623 -1325.155 fcn-rockwall
48 1 0 442 1 10000 313 357.260 49.453 -1392.109 354.593 46.239 -1396.660 360.661 52.254 -1387.796 fcn-rockwall
49 1 0 444 1 10000 313 290.388 49.453 -1380.315 287.598 46.239 -1385.134 292.691 52.254 -1375.735 fcn-rockwall
50 1 0 446 1 10000 313 299.908 49.239 -1414.616 296.994 45.544 -1419.571 301.576 52.752 -1410.643 fcn-rockwall
51 1 0 454 1 10000 313 105.630 51.882 -1122.301 101.437 48.267 -1125.026 110.163 55.032 -1118.796 fcn-rockwall
52 1 0 462 1 10000 313 141.828 53.104 -1192.961 137.018 49.205 -1196.952 145.872 56.501 -1189.975 fcn-rockwall
53 1 0 468 1 10000 313 202.048 52.363 -1297.089 198.526 48.586 -1301.887 204.502 55.654 -1293.157 fcn-rockwall
54 1 0 470 1 10000 313 194.737 55.583 -1259.609 191.215 51.273 -1264.406 197.192 59.338 -1255.676 fcn-rockwall
55 1 0 472 1 10000 313 59.499 49.453 -1123.344 55.044 46.239 -1125.840 63.954 52.254 -1120.235 fcn-rockwall
56 1 0 489 1 10000 313 132.406 50.639 -669.138 127.421 46.452 -674.036 135.779 54.305 -665.675 fcn-rockwall
57 1 0 490 1 10000 313 96.897 48.334 -565.571 92.757 45.126 -569.583 99.899 51.142 -560.620 fcn-rockwall
58 1 0 493 1 10000 313 -26.218 50.987 -991.830 -29.160 47.379 -996.423 -22.300 54.145 -988.012 fcn-rockwall
59 1 0 498 1 10000 313 -38.217 48.656 -1011.808 -41.244 45.448 -1016.286 -34.085 51.464 -1008.457 fcn-rockwall
60 1 0 511 1 10000 313 353.056 51.058 -1414.933 350.418 47.343 -1419.445 356.407 54.310 -1410.619 fcn-rockwall
61 1 0 785 1 10000 625 100.614 43.632 -361.967 94.244 36.350 -368.338 105.904 53.394 -354.286 fcn-rockwall
62 1 0 885 1 10000 625 116.281 45.241 -495.332 108.880 37.207 -502.649 123.433 56.092 -489.904 fcn-rockwall
63 1 0 262 1 10000 313 16.060 49.132 -194.373 13.562 45.917 -197.087 19.624 51.932 -190.522 fcn-rockwall
64 1 0 264 1 10000 313 21.802 49.132 -223.596 19.105 45.917 -227.432 25.273 51.932 -220.245 fcn-rockwall
65 1 0 266 1 10000 313 -40.950 49.132 -215.503 -44.324 45.917 -219.370 -38.301 51.932 -211.353 fcn-rockwall
66 1 0 268 1 10000 313 -45.802 49.132 -204.419 -49.494 45.917 -208.313 -43.275 51.932 -201.638 fcn-rockwall
67 1 0 270 1 10000 313 33.928 56.260 -281.274 31.637 51.868 -284.039 37.222 60.086 -277.738 fcn-rockwall
68 1 0 274 1 10000 313 45.596 56.655 -314.319 43.180 52.197 -316.889 49.054 60.539 -310.598 fcn-rockwall
69 1 0 276 1 10000 313 -36.785 49.132 -272.049 -40.156 45.917 -275.995 -34.438 51.932 -268.893 fcn-rockwall
70 1 0 280 1 10000 313 118.632 49.132 -374.179 116.432 45.917 -376.678 121.801 51.932 -370.944 fcn-rockwall
71 1 0 282 1 10000 313 142.760 49.507 -399.539 140.364 46.232 -402.219 146.244 52.360 -395.835 fcn-rockwall
72 1 0 286 1 10000 313 105.632 51.141 -464.756 102.814 47.600 -468.812 107.743 54.237 -461.117 fcn-rockwall
73 1 0 288 1 10000 313 85.648 50.154 -351.157 83.571 46.770 -353.401 88.615 53.103 -347.899 fcn-rockwall
74 1 0 292 1 10000 313 75.076 52.650 -336.165 72.548 48.854 -338.963 78.805 55.958 -332.267 fcn-rockwall
75 1 0 294 1 10000 313 -16.534 51.758 -333.778 -20.366 48.109 -338.008 -13.867 54.938 -330.862 fcn-rockwall
76 1 0 300 1 10000 313 156.802 27.954 -579.895 155.058 24.498 -583.514 159.504 30.990 -575.992 fcn-rockwall
77 1 0 304 1 10000 313 218.197 54.735 -672.553 215.753 50.648 -675.901 221.700 58.297 -668.361 fcn-rockwall
78 1 0 308 1 10000 313 172.634 51.070 -737.509 169.769 47.535 -740.976 174.983 54.150 -734.180 fcn-rockwall
79 1 0 314 1 10000 313 107.088 26.456 -598.393 103.806 23.448 -601.997 109.383 29.077 -595.847 fcn-rockwall
80 1 0 316 1 10000 313 108.841 29.246 -571.773 105.519 25.643 -574.932 111.358 32.386 -567.977 fcn-rockwall
81 1 0 318 1 10000 313 111.227 51.886 -640.925 107.948 48.293 -644.942 113.410 55.193 -637.977 fcn-rockwall
82 1 0 326 1 10000 313 171.018 48.639 -783.731 167.696 44.642 -789.546 173.591 52.121 -777.797 fcn-rockwall
83 1 0 328 1 10000 313 161.468 49.059 -823.025 158.699 45.808 -825.773 163.687 51.829 -820.629 fcn-rockwall
84 1 0 330 1 10000 313 167.069 49.151 -807.761 163.412 45.880 -810.496 169.861 51.945 -804.115 fcn-rockwall
85 1 0 334 1 10000 313 153.775 49.209 -841.408 150.092 45.942 -843.732 156.460 52.018 -837.995 fcn-rockwall
86 1 0 336 1 10000 313 160.429 49.108 -832.166 157.243 45.850 -834.723 162.984 51.889 -829.293 fcn-rockwall
87 1 0 340 1 10000 313 208.015 52.464 -915.131 205.055 48.701 -919.048 212.243 55.743 -912.387 fcn-rockwall
88 1 0 348 1 10000 313 139.204 54.378 -933.828 136.029 50.270 -936.931 143.023 57.948 -931.725 fcn-rockwall
89 1 0 350 1 10000 313 16.799 56.114 -897.977 13.185 51.856 -900.120 20.898 60.082 -895.051 fcn-rockwall
90 1 0 354 1 10000 313 -61.962 50.576 -920.161 -66.299 46.926 -923.556 -58.677 53.486 -915.708 fcn-rockwall
91 1 0 356 1 10000 313 -47.834 53.727 -910.771 -51.786 49.541 -912.754 -44.990 57.254 -907.502 fcn-rockwall
92 1 0 360 1 10000 313 54.285 52.064 -951.941 50.070 48.419 -955.952 57.347 55.239 -948.991 fcn-rockwall
93 1 0 362 1 10000 313 74.246 49.453 -957.757 70.536 46.239 -960.462 78.264 52.254 -955.529 fcn-rockwall
94 1 0 366 1 10000 313 -16.828 52.820 -972.085 -19.758 49.051 -976.329 -12.885 56.105 -968.854 fcn-rockwall
95 1 0 368 1 10000 313 -6.011 52.659 -961.903 -8.886 48.916 -965.466 -2.068 55.921 -959.412 fcn-rockwall
96 1 0 374 1 10000 313 -30.984 29.189 -1099.553 -33.152 25.974 -1102.858 -27.853 31.990 -1095.557 fcn-rockwall
97 1 0 376 1 10000 313 -46.671 49.453 -1031.515 -49.440 46.239 -1035.720 -43.078 52.254 -1027.833 fcn-rockwall
98 1 0 378 1 10000 313 -49.719 33.450 -1006.706 -52.923 29.343 -1011.252 -45.455 36.861 -1003.121 fcn-rockwall
99 1 0 382 1 10000 313 -68.387 48.897 -933.327 -72.566 45.585 -936.602 -65.228 51.523 -929.026 fcn-rockwall
100 1 0 384 1 10000 313 -79.409 50.940 -949.890 -83.735 47.202 -952.683 -76.222 53.910 -945.773 fcn-rockwall
101 1 0 386 1 10000 313 -92.408 51.801 -968.074 -96.534 47.968 -971.529 -89.243 54.891 -963.748 fcn-rockwall
102 1 0 388 1 10000 313 -101.100 50.840 -985.538 -105.218 47.166 -988.989 -97.945 53.792 -981.212 fcn-rockwall
103 1 0 392 1 10000 313 -53.103 29.082 -1049.441 -56.001 25.857 -1052.294 -49.139 31.699 -1045.382 fcn-rockwall
104 1 0 394 1 10000 313 -107.762 32.031 -1036.383 -111.754 28.106 -1039.499 -104.817 35.450 -1032.156 fcn-rockwall
105 1 0 396 1 10000 313 -113.922 31.566 -1053.453 -117.824 27.697 -1057.099 -110.895 34.915 -1049.195 fcn-rockwall
106 1 0 398 1 10000 313 -83.772 26.411 -1120.701 -87.876 23.305 -1124.502 -80.628 29.117 -1117.873 fcn-rockwall
107 1 0 402 1 10000 313 -94.541 31.529 -1110.754 -98.222 27.866 -1114.795 -91.960 34.720 -1107.950 fcn-rockwall
108 1 0 406 1 10000 313 229.607 55.732 -1168.908 226.238 51.441 -1172.181 234.264 59.476 -1164.455 fcn-rockwall
109 1 0 410 1 10000 313 251.648 53.133 -1201.518 248.986 49.235 -1206.646 255.474 56.532 -1195.439 fcn-rockwall
110 1 0 412 1 10000 313 252.210 51.608 -1226.630 249.593 47.973 -1230.721 255.527 54.776 -1222.774 fcn-rockwall
111 1 0 414 1 10000 313 281.802 53.657 -1270.162 279.327 49.748 -1273.400 285.347 57.063 -1266.062 fcn-rockwall
112 1 0 416 1 10000 313 268.509 51.599 -1252.916 265.274 48.031 -1255.845 272.754 54.709 -1248.975 fcn-rockwall
113 1 0 418 1 10000 313 255.887 50.069 -1242.900 253.474 46.686 -1245.918 259.348 53.016 -1239.038 fcn-rockwall
114 1 0 420 1 10000 313 319.161 51.432 -1295.454 316.632 47.892 -1298.287 322.975 54.517 -1291.553 fcn-rockwall
115 1 0 422 1 10000 313 291.699 54.329 -1281.459 289.286 50.308 -1284.230 295.317 57.832 -1277.733 fcn-rockwall
116 1 0 424 1 10000 313 303.580 53.803 -1285.154 300.717 49.870 -1287.865 307.140 57.231 -1281.633 fcn-rockwall
117 1 0 430 1 10000 313 336.836 29.975 -1353.581 334.770 26.761 -1356.997 339.740 32.776 -1349.668 fcn-rockwall
118 1 0 432 1 10000 313 325.339 28.322 -1318.150 322.758 25.108 -1320.956 329.085 31.123 -1314.377 fcn-rockwall
119 1 0 436 1 10000 313 288.715 29.721 -1341.787 284.916 26.555 -1345.761 291.360 32.465 -1338.952 fcn-rockwall
120 1 0 440 1 10000 313 356.031 52.208 -1368.776 353.512 48.539 -1371.840 359.632 55.405 -1364.727 fcn-rockwall
121 1 0 448 1 10000 313 193.272 50.835 -1154.706 190.679 47.393 -1157.526 196.984 53.833 -1150.653 fcn-rockwall
122 1 0 450 1 10000 313 170.831 53.019 -1137.179 166.926 49.214 -1139.730 174.864 56.333 -1133.976 fcn-rockwall
123 1 0 452 1 10000 313 126.717 54.856 -1124.195 122.743 50.750 -1126.611 130.622 58.434 -1121.218 fcn-rockwall
124 1 0 456 1 10000 313 208.669 53.438 -1160.805 204.710 49.513 -1163.574 213.082 56.858 -1157.217 fcn-rockwall
125 1 0 458 1 10000 313 89.138 48.210 -1183.985 85.422 45.200 -1186.681 93.155 50.832 -1181.752 fcn-rockwall
126 1 0 460 1 10000 313 109.988 32.004 -1172.212 106.462 28.790 -1175.550 113.127 34.805 -1169.589 fcn-rockwall
127 1 0 464 1 10000 313 125.151 50.988 -1187.031 120.954 47.520 -1190.599 128.854 54.010 -1184.276 fcn-rockwall
128 1 0 466 1 10000 313 161.746 54.111 -1203.956 157.196 50.044 -1208.206 165.069 57.654 -1200.876 fcn-rockwall
129 1 0 474 1 10000 313 15.996 49.453 -1121.817 12.082 46.239 -1124.355 20.016 52.254 -1118.638 fcn-rockwall
130 1 0 478 1 10000 313 -3.840 52.629 -1180.589 -8.091 48.890 -1184.502 -0.548 55.887 -1177.670 fcn-rockwall
131 1 0 480 1 10000 313 -22.626 49.453 -1171.223 -26.877 46.239 -1175.136 -19.334 52.254 -1168.305 fcn-rockwall
132 1 0 482 1 10000 313 -41.748 51.430 -1163.342 -45.983 47.888 -1167.043 -38.164 54.516 -1160.520 fcn-rockwall
133 1 0 484 1 10000 313 -77.850 54.872 -1141.143 -82.085 50.763 -1144.843 -74.266 58.453 -1138.320 fcn-rockwall
134 1 0 486 1 10000 313 171.681 51.273 -577.054 169.349 47.615 -580.277 175.032 54.475 -573.049 fcn-rockwall
135 1 0 487 1 10000 313 168.455 51.286 -598.953 165.550 47.423 -603.281 172.325 54.668 -595.470 fcn-rockwall
136 1 0 488 1 10000 313 187.253 50.803 -637.257 184.723 46.744 -640.053 191.216 54.508 -633.207 fcn-rockwall
137 1 0 491 1 10000 313 95.508 50.700 -604.923 92.226 46.887 -608.527 97.803 54.038 -602.377 fcn-rockwall
138 1 0 492 1 10000 313 89.800 48.334 -586.362 87.281 45.126 -589.988 91.834 51.142 -583.045 fcn-rockwall
139 1 0 494 1 10000 313 -20.298 51.083 -1079.599 -22.791 47.458 -1083.578 -17.195 54.256 -1075.659 fcn-rockwall
140 1 0 496 1 10000 313 -16.051 53.678 -1061.325 -18.398 49.607 -1064.441 -12.680 57.242 -1057.418 fcn-rockwall
141 1 0 497 1 10000 313 -16.567 48.656 -1099.688 -18.735 45.448 -1102.993 -13.436 51.464 -1095.692 fcn-rockwall
142 1 0 500 1 10000 313 -117.381 49.935 -1029.412 -121.387 46.506 -1032.538 -114.426 52.936 -1025.172 fcn-rockwall
143 1 0 501 1 10000 313 -127.999 48.519 -1048.824 -131.351 45.334 -1052.664 -125.363 51.308 -1044.717 fcn-rockwall
144 1 0 502 1 10000 313 -131.345 47.930 -1070.652 -134.375 44.847 -1074.666 -129.251 50.628 -1067.248 fcn-rockwall
145 1 0 503 1 10000 313 -124.410 49.915 -1091.577 -128.101 46.490 -1095.630 -121.821 52.913 -1088.764 fcn-rockwall
146 1 0 504 1 10000 313 -111.715 53.712 -1110.036 -115.395 49.634 -1114.077 -109.134 57.283 -1107.231 fcn-rockwall
147 1 0 505 1 10000 313 333.929 48.656 -1307.915 331.507 45.448 -1310.672 337.553 51.464 -1304.145 fcn-rockwall
148 1 0 506 1 10000 313 343.944 48.656 -1324.384 341.726 45.448 -1326.961 347.138 51.464 -1321.077 fcn-rockwall
149 1 0 507 1 10000 313 348.799 49.763 -1340.892 346.682 46.363 -1343.589 351.623 52.739 -1337.729 fcn-rockwall
150 1 0 508 1 10000 313 349.490 51.596 -1352.621 347.373 47.880 -1355.317 352.314 54.848 -1349.458 fcn-rockwall
151 1 0 509 1 10000 313 276.887 51.459 -1350.152 273.309 47.769 -1353.916 279.317 54.689 -1347.421 fcn-rockwall
152 1 0 510 1 10000 313 286.432 50.627 -1361.194 283.277 47.079 -1364.502 288.621 53.733 -1358.575 fcn-rockwall
153 1 0 512 1 10000 313 105.590 53.545 -1182.736 102.064 49.495 -1186.073 108.729 57.091 -1180.113 fcn-rockwall
154 1 0 513 1 10000 313 -97.956 54.736 -1128.218 -102.047 50.257 -1132.312 -95.236 58.658 -1125.269 fcn-rockwall
155 1 0 1365 1 10000 313 108.308 54.120 -545.178 103.813 48.876 -548.948 111.619 57.934 -540.165 fcn-rockwall
156 1 0 685 1 10000 1071 294.098 47.892 -1286.136 288.900 36.467 -1294.731 299.470 57.097 -1278.925 fcn-rockwall
157 1 0 564 1 10000 714 148.331 23.425 -598.049 141.861 13.105 -604.335 154.146 30.189 -591.130 fcn-rockwall
158 1 0 588 1 10000 714 175.823 42.207 -784.601 170.040 31.142 -792.640 182.638 49.071 -778.212 fcn-rockwall
159 1 0 594 1 10000 714 227.102 46.946 -820.360 219.532 36.290 -827.086 233.672 53.556 -812.692 fcn-rockwall
160 1 0 672 1 10000 714 246.297 46.854 -1203.082 238.238 36.081 -1209.750 253.597 53.547 -1196.495 fcn-rockwall
161 1 0 886 1 10000 625 114.383 41.925 -483.066 106.491 35.052 -489.410 121.729 49.851 -477.950 fcn-rockwall
162 1 0 936 1 10000 625 102.886 41.368 -884.262 96.112 34.945 -891.531 108.302 48.970 -876.797 fcn-rockwall
163 1 0 546 1 10000 893 163.321 45.142 -445.778 155.875 35.510 -451.238 170.033 51.118 -440.788 fcn-rockwall
164 1 0 572 1 10000 893 176.930 46.342 -759.241 171.035 35.962 -765.578 183.995 52.781 -754.294 fcn-rockwall
165 1 0 598 1 10000 893 165.708 43.984 -833.009 159.784 35.161 -836.930 172.818 49.425 -829.630 fcn-rockwall
166 1 0 614 1 10000 893 -3.588 46.014 -903.078 -8.441 35.975 -909.419 1.790 52.636 -897.121 fcn-rockwall
167 1 0 620 1 10000 893 94.098 44.280 -948.724 89.346 35.379 -955.178 98.432 49.801 -941.513 fcn-rockwall
168 1 0 630 1 10000 893 -8.467 46.634 -957.210 -13.870 36.269 -963.887 -3.416 53.064 -949.881 fcn-rockwall
169 1 0 638 1 10000 893 -51.728 44.280 -1029.935 -58.983 35.379 -1035.148 -45.551 49.801 -1024.026 fcn-rockwall
170 1 0 650 1 10000 893 -96.053 45.439 -988.167 -102.733 35.858 -994.923 -88.240 51.168 -982.063 fcn-rockwall
171 1 0 656 1 10000 893 -103.309 25.715 -1039.251 -109.521 14.850 -1045.939 -96.213 32.455 -1033.100 fcn-rockwall
172 1 0 662 1 10000 893 -110.296 27.392 -1074.634 -117.202 17.170 -1079.553 -102.480 33.733 -1069.721 fcn-rockwall
173 1 0 676 1 10000 893 276.949 47.366 -1272.285 269.540 36.542 -1277.551 283.669 54.080 -1267.327 fcn-rockwall
174 1 0 694 1 10000 893 322.396 23.149 -1322.555 316.211 14.248 -1329.424 328.133 28.670 -1316.574 fcn-rockwall
175 1 0 720 1 10000 893 88.856 43.366 -1178.696 84.902 35.033 -1184.599 93.708 48.535 -1171.953 fcn-rockwall
176 1 0 722 1 10000 893 111.201 26.831 -1167.056 106.910 17.930 -1173.050 116.131 32.352 -1159.937 fcn-rockwall
177 1 0 724 1 10000 893 144.006 46.829 -1188.132 137.779 36.033 -1194.553 150.925 53.526 -1180.726 fcn-rockwall
178 1 0 726 1 10000 893 126.665 45.407 -1181.955 121.507 35.804 -1188.119 132.548 51.363 -1174.705 fcn-rockwall
179 1 0 728 1 10000 893 164.907 47.566 -1199.705 158.233 36.305 -1206.045 172.155 54.551 -1192.555 fcn-rockwall
180 1 0 738 1 10000 893 34.687 44.855 -1183.675 30.733 35.602 -1189.578 39.538 50.595 -1176.932 fcn-rockwall
181 1 0 742 1 10000 893 -20.087 44.280 -1166.574 -26.027 35.379 -1172.821 -13.580 49.801 -1159.383 fcn-rockwall
182 1 0 796 1 10000 625 170.277 43.119 -474.424 163.022 35.867 -479.964 178.027 51.553 -467.591 fcn-rockwall
183 1 0 1016 1 10000 625 14.820 41.080 -1178.887 9.808 35.263 -1186.252 21.325 47.815 -1172.768 fcn-rockwall
184 0 6 164 1 10000 5210 45.295 30.398 -898.975 44.484 29.922 -899.500 45.875 30.875 -898.610 fcn-crackedfloor-side
185 0 6 148 1 10000 5206 161.499 30.398 -908.173 160.844 29.922 -908.719 162.297 30.875 -907.875 fcn-crackedfloor-side
186 0 6 116 1 10000 5292 192.823 30.414 -713.032 189.640 29.906 -715.203 196.265 30.922 -710.516 fcn-crackedfloor-side
187 0 6 149 1 10000 5336 163.447 30.390 -906.878 162.766 29.906 -907.735 164.500 30.875 -906.266 fcn-crackedfloor-side
188 0 6 166 1 10000 5398 43.012 30.390 -899.476 41.984 29.906 -900.250 43.953 30.875 -898.922 fcn-crackedfloor-side
189 1 0 278 1 10000 313 -25.604 54.603 -313.395 -28.975 50.484 -317.341 -23.258 58.193 -310.239 fcn-rockwall
190 1 0 320 1 10000 313 117.088 54.321 -652.236 113.665 50.249 -655.985 119.476 57.869 -649.378 fcn-rockwall
191 1 0 358 1 10000 313 95.701 49.453 -953.773 92.504 46.239 -957.054 99.650 52.254 -951.493 fcn-rockwall
192 1 0 380 1 10000 313 -34.851 33.475 -1063.903 -38.262 29.160 -1066.956 -30.000 37.415 -1059.154 fcn-rockwall
193 1 0 408 1 10000 313 244.824 55.743 -1184.174 242.061 51.450 -1187.149 248.763 59.485 -1179.929 fcn-rockwall
194 1 0 495 1 10000 313 -27.787 51.335 -1052.046 -30.561 47.665 -1055.001 -23.655 54.547 -1047.966 fcn-rockwall
195 1 0 1336 1 10000 313 20.600 53.283 -240.504 17.530 48.294 -244.385 24.531 56.940 -236.631 fcn-rockwall
196 1 0 1337 1 10000 313 -38.649 51.535 -236.595 -43.118 46.902 -240.643 -35.910 54.924 -233.362 fcn-rockwall
197 1 0 1338 1 10000 313 58.869 58.629 -323.088 55.294 52.414 -326.445 63.558 63.154 -318.675 fcn-rockwall
198 1 0 1339 1 10000 313 40.347 57.180 -300.453 37.480 51.331 -303.781 44.731 61.459 -296.572 fcn-rockwall
199 1 0 1340 1 10000 313 -36.033 51.470 -250.931 -40.034 46.811 -254.375 -32.960 54.863 -246.855 fcn-rockwall
200 1 0 1341 1 10000 313 -29.516 54.749 -291.407 -33.760 49.414 -295.210 -26.968 58.648 -288.043 fcn-rockwall
201 1 0 1342 1 10000 313 128.799 51.044 -387.515 125.671 46.476 -390.824 133.571 54.371 -383.007 fcn-rockwall
202 1 0 1343 1 10000 313 111.545 50.232 -360.793 107.755 45.816 -364.058 116.005 53.439 -356.606 fcn-rockwall
203 1 0 1347 1 10000 313 98.897 50.722 -357.813 95.104 46.202 -361.077 103.356 54.007 -353.625 fcn-rockwall
204 1 0 1349 1 10000 313 37.462 56.086 -385.748 32.695 50.504 -390.253 40.445 60.180 -382.444 fcn-rockwall
205 1 0 1350 1 10000 313 55.307 54.191 -399.295 49.795 49.031 -404.543 58.788 57.980 -395.372 fcn-rockwall
206 1 0 1351 1 10000 313 -1.912 53.776 -349.059 -6.644 48.698 -353.543 1.057 57.503 -345.730 fcn-rockwall
207 1 0 1352 1 10000 313 12.250 50.975 -359.811 8.091 46.439 -363.374 14.515 54.281 -357.330 fcn-rockwall
208 1 0 1353 1 10000 313 20.248 50.893 -372.551 15.541 46.440 -376.986 23.547 54.164 -369.188 fcn-rockwall
209 1 0 1354 1 10000 313 163.583 54.355 -557.356 160.812 49.124 -560.784 167.693 58.186 -553.490 fcn-rockwall
210 1 0 1355 1 10000 313 165.458 55.728 -540.308 162.274 50.239 -544.535 169.618 59.762 -537.558 fcn-rockwall
211 1 0 1361 1 10000 313 171.672 51.030 -722.985 167.607 46.489 -726.306 174.390 54.358 -720.008 fcn-rockwall
212 1 0 1369 1 10000 313 144.226 51.418 -853.368 139.986 46.758 -856.178 147.355 54.807 -849.027 fcn-rockwall
213 1 0 1374 1 10000 313 55.857 52.882 -885.544 50.924 47.728 -889.270 59.258 56.559 -880.161 fcn-rockwall
214 1 0 1379 1 10000 313 -1.247 51.300 -1114.392 -4.668 46.715 -1117.783 3.576 54.653 -1109.892 fcn-rockwall
215 1 0 1382 1 10000 313 176.802 57.603 -1218.050 171.483 51.658 -1223.016 180.252 61.950 -1214.489 fcn-rockwall
216 1 0 1388 1 10000 313 37.843 54.847 -1120.852 33.860 49.497 -1123.734 41.709 58.760 -1116.948 fcn-rockwall
217 0 6 167 1 10000 5407 44.841 30.336 -901.082 43.171 29.922 -902.922 46.218 30.750 -898.922 fcn-crackedfloor-side
218 1 0 589 1 10000 1250 166.610 44.203 -829.640 159.599 34.859 -832.861 175.180 51.674 -825.844 fcn-rockwall
219 1 0 597 1 10000 1250 163.490 44.213 -839.862 156.165 34.851 -843.395 172.130 51.701 -836.134 fcn-rockwall
220 1 8 3420 1 10000 341 226.630 32.162 -1216.111 218.786 28.010 -1222.470 232.286 35.509 -1208.563 fcn-painstripe-ground
221 1 8 3423 1 10000 341 249.820 31.593 -1279.218 242.226 27.441 -1284.902 256.000 34.940 -1271.363 fcn-painstripe-ground
222 1 8 3426 1 10000 341 249.987 31.593 -1279.353 244.470 27.441 -1286.628 257.668 34.940 -1273.156 fcn-painstripe-ground
223 1 8 3429 1 10000 341 72.463 31.568 -1150.927 65.079 27.416 -1158.498 78.795 34.915 -1145.476 fcn-painstripe-ground
224 1 8 3414 1 10000 341 128.816 30.134 -433.423 120.452 25.980 -439.934 135.042 33.483 -424.992 fcn-painstripe-ground
225 1 0 1024 1 10000 1167 163.366 44.851 -567.761 152.581 30.082 -573.434 171.731 55.402 -560.966 fcn-rockwall
226 1 0 1040 1 10000 1167 93.387 42.703 -579.829 84.443 29.751 -589.155 102.939 51.955 -571.288 fcn-rockwall
227 1 0 1044 1 10000 1167 104.290 44.006 -611.684 96.428 28.611 -618.621 114.144 55.004 -605.241 fcn-rockwall
228 1 0 1048 1 10000 1167 94.911 42.703 -596.196 88.009 29.751 -601.070 104.990 51.955 -591.523 fcn-rockwall
229 1 0 1052 1 10000 1167 -25.544 44.653 -978.573 -35.921 30.086 -986.309 -16.473 55.059 -970.227 fcn-rockwall
230 1 0 1060 1 10000 1167 -39.512 44.893 -1048.495 -49.146 30.076 -1057.862 -31.244 55.477 -1039.701 fcn-rockwall
231 1 0 1064 1 10000 1167 -24.487 46.530 -1052.438 -35.259 30.091 -1058.259 -16.109 58.273 -1045.598 fcn-rockwall
232 1 0 1068 1 10000 1167 -23.842 43.025 -1089.830 -34.622 30.073 -1095.274 -15.773 52.276 -1083.753 fcn-rockwall
233 1 0 1072 1 10000 1167 -35.498 43.025 -998.998 -45.429 30.073 -1007.274 -26.390 52.276 -989.667 fcn-rockwall
234 1 0 1088 1 10000 1167 -124.527 42.519 -1080.832 -132.450 30.073 -1086.603 -113.677 51.409 -1075.447 fcn-rockwall
235 1 0 1092 1 10000 1167 -114.138 43.903 -1098.321 -122.776 30.075 -1106.318 -103.493 53.780 -1090.643 fcn-rockwall
236 1 0 1100 1 10000 1167 323.712 43.025 -1305.347 314.533 30.073 -1314.363 331.412 52.276 -1297.059 fcn-rockwall
237 1 0 1116 1 10000 1167 286.938 44.980 -1353.312 279.089 30.081 -1361.450 296.401 55.623 -1344.611 fcn-rockwall
238 1 8 3417 1 10000 341 160.178 30.674 -870.066 151.966 26.514 -877.240 170.260 34.029 -860.471 fcn-painstripe-ground
239 1 0 302 1 10000 313 152.462 29.765 -599.976 149.783 26.131 -605.095 156.255 33.160 -595.781 fcn-rockwall
240 1 0 322 1 10000 313 102.037 33.153 -586.212 99.020 28.930 -589.845 104.535 36.832 -582.922 fcn-rockwall
241 1 0 400 1 10000 313 -116.099 33.333 -1075.733 -119.484 29.641 -1080.259 -113.758 36.550 -1071.888 fcn-rockwall
242 1 0 404 1 10000 313 -107.212 33.948 -1093.695 -111.494 29.887 -1098.407 -104.239 37.486 -1090.444 fcn-rockwall
243 1 0 428 1 10000 313 333.300 32.465 -1333.743 330.816 28.760 -1336.774 336.786 35.568 -1329.969 fcn-rockwall
244 1 0 434 1 10000 313 299.077 33.090 -1355.335 296.012 29.856 -1359.112 301.131 36.047 -1352.417 fcn-rockwall
245 1 0 499 1 10000 313 -40.573 49.064 -1045.054 -43.228 45.510 -1047.377 -36.498 52.331 -1041.312 fcn-rockwall
246 1 0 523 1 10000 1429 6.920 44.300 -189.367 -0.961 34.964 -196.398 14.289 51.823 -183.717 fcn-rockwall
247 1 0 525 1 10000 1429 20.245 44.300 -213.293 11.541 34.964 -218.583 27.571 51.823 -208.362 fcn-rockwall
248 1 0 529 1 10000 1429 -36.266 44.300 -208.624 -43.528 34.964 -214.653 -28.603 51.823 -201.179 fcn-rockwall
249 1 0 531 1 10000 1429 26.455 49.659 -274.058 18.277 36.903 -279.469 33.806 59.937 -269.260 fcn-rockwall
250 1 0 535 1 10000 1429 37.209 49.955 -308.186 29.113 37.009 -314.476 44.632 60.388 -302.997 fcn-rockwall
251 1 0 541 1 10000 1429 111.667 44.300 -367.696 103.596 34.964 -372.713 118.860 51.823 -363.284 fcn-rockwall
252 1 0 543 1 10000 1429 133.779 44.584 -396.395 126.445 35.072 -403.809 140.707 52.249 -390.345 fcn-rockwall
253 1 0 549 1 10000 1429 78.261 45.068 -345.657 71.487 35.239 -351.111 84.527 52.988 -341.125 fcn-rockwall
254 1 0 553 1 10000 1429 65.420 46.944 -332.328 57.873 35.919 -339.923 72.611 55.828 -326.157 fcn-rockwall
255 1 0 569 1 10000 1429 176.884 45.757 -746.635 169.747 35.491 -750.788 185.398 54.029 -742.008 fcn-rockwall
256 1 0 581 1 10000 1429 125.140 48.202 -659.608 117.654 36.376 -664.733 133.383 57.730 -653.738 fcn-rockwall
257 1 0 583 1 10000 1429 107.513 26.805 -595.298 99.672 14.540 -599.571 117.029 36.689 -590.446 fcn-rockwall
258 1 0 591 1 10000 1429 167.267 44.199 -817.369 160.081 34.812 -822.984 175.886 51.706 -811.651 fcn-rockwall
259 1 0 595 1 10000 1429 150.874 44.234 -850.150 144.778 34.837 -857.311 158.347 51.767 -843.378 fcn-rockwall
260 1 0 601 1 10000 1429 213.998 46.808 -905.276 206.470 35.878 -913.490 220.022 55.615 -896.427 fcn-rockwall
261 1 0 617 1 10000 1429 -53.316 46.593 -918.512 -59.173 34.977 -925.224 -46.144 55.800 -912.130 fcn-rockwall
262 1 0 641 1 10000 1429 -47.279 28.656 -1058.030 -58.050 16.282 -1066.211 -37.220 38.878 -1051.235 fcn-rockwall
263 1 0 669 1 10000 1429 234.875 49.300 -1178.283 226.005 36.826 -1185.886 243.118 59.354 -1172.193 fcn-rockwall
264 1 0 681 1 10000 1429 309.227 46.111 -1292.411 301.961 35.829 -1300.325 316.245 54.396 -1285.940 fcn-rockwall
265 1 0 683 1 10000 1429 282.233 48.286 -1280.099 275.665 36.609 -1288.261 288.648 57.695 -1273.349 fcn-rockwall
266 1 0 721 1 10000 1429 119.479 27.173 -1170.014 114.723 17.836 -1177.317 123.916 34.696 -1161.372 fcn-rockwall
267 1 0 1041 1 10000 750 102.297 41.126 -569.199 94.868 29.751 -575.864 108.733 49.486 -561.497 fcn-rockwall
268 0 6 226 1 10000 5909 234.227 30.328 -1252.568 231.797 29.906 -1253.922 236.828 30.750 -1250.750 fcn-crackedfloor-side
269 0 6 138 1 10000 5910 170.949 30.328 -895.172 168.969 29.906 -897.469 172.547 30.750 -892.656 fcn-crackedfloor-side
270 0 6 197 1 10000 5911 31.785 30.328 -907.680 30.796 29.906 -910.266 33.312 30.750 -905.172 fcn-crackedfloor-side
271 1 25 3420 1 10000 272 226.139 31.673 -1214.866 218.786 28.010 -1222.470 232.607 35.509 -1208.228 fcn-envmap
272 1 25 3423 1 10000 272 248.646 31.104 -1278.660 242.145 27.441 -1285.086 256.000 34.940 -1271.363 fcn-envmap
273 1 25 3426 1 10000 272 250.424 31.104 -1280.577 244.055 27.441 -1287.027 257.668 34.940 -1273.156 fcn-envmap
274 1 25 3429 1 10000 272 71.206 31.079 -1151.383 64.628 27.416 -1158.498 78.795 34.915 -1145.125 fcn-envmap
275 1 0 1029 1 10000 875 162.190 42.605 -595.713 155.410 28.906 -602.499 169.958 52.673 -589.855 fcn-rockwall
276 1 0 1065 1 10000 875 -22.728 44.529 -1063.600 -30.085 30.091 -1068.479 -14.479 55.140 -1058.623 fcn-rockwall
277 1 0 1085 1 10000 875 -121.115 41.361 -1050.362 -128.830 30.064 -1055.406 -114.069 49.663 -1045.122 fcn-rockwall
278 1 0 1089 1 10000 875 -124.381 41.004 -1069.534 -132.326 30.073 -1074.099 -117.173 49.036 -1065.303 fcn-rockwall
279 1 0 1097 1 10000 875 -105.734 44.548 -1106.297 -114.018 30.085 -1112.512 -98.478 55.177 -1100.697 fcn-rockwall
280 1 0 1133 1 10000 875 -93.085 44.671 -1123.116 -100.910 28.786 -1130.302 -86.370 56.345 -1116.903 fcn-rockwall
281 1 0 1345 1 10000 313 176.533 54.235 -470.726 173.431 49.010 -474.671 181.245 58.052 -466.022 fcn-rockwall
282 1 0 1346 1 10000 313 100.643 56.256 -446.462 96.017 50.612 -450.878 103.483 60.386 -442.984 fcn-rockwall
283 1 0 1348 1 10000 313 87.100 52.379 -433.255 81.662 47.609 -438.123 90.812 55.881 -429.674 fcn-rockwall
284 1 0 1356 1 10000 313 172.266 51.855 -617.506 168.662 47.103 -621.073 177.647 55.312 -612.585 fcn-rockwall
285 1 0 1357 1 10000 313 204.293 55.439 -654.469 200.672 49.914 -658.037 209.675 59.462 -649.548 fcn-rockwall
286 1 0 1358 1 10000 313 224.946 54.051 -693.504 221.912 48.868 -697.506 229.573 57.840 -688.864 fcn-rockwall
287 1 0 1359 1 10000 313 149.066 50.785 -688.422 143.988 46.235 -693.398 152.423 54.123 -684.607 fcn-rockwall
288 1 0 1360 1 10000 313 163.363 51.536 -708.844 158.433 46.931 -713.496 166.450 54.914 -705.511 fcn-rockwall
289 1 0 1362 1 10000 313 234.671 48.840 -744.971 231.452 44.816 -749.875 238.622 51.795 -740.294 fcn-rockwall
290 1 0 1363 1 10000 313 107.872 52.255 -486.538 103.189 47.321 -490.974 111.085 55.809 -483.142 fcn-rockwall
291 1 0 1364 1 10000 313 112.241 56.905 -532.983 108.190 51.075 -537.125 115.328 61.155 -528.319 fcn-rockwall
292 1 0 1366 1 10000 313 104.181 55.101 -623.320 99.600 49.705 -627.689 106.988 59.049 -619.794 fcn-rockwall
293 1 0 1368 1 10000 313 225.788 57.223 -846.226 222.701 51.363 -851.083 229.645 61.508 -841.537 fcn-rockwall
294 1 0 1370 1 10000 313 157.598 61.952 -930.635 153.449 55.073 -934.843 162.278 66.983 -928.016 fcn-rockwall
295 1 0 1371 1 10000 313 120.735 54.148 -872.725 116.146 48.873 -875.771 124.100 57.976 -867.973 fcn-rockwall
296 1 0 1372 1 10000 313 80.576 51.161 -885.103 76.144 46.527 -887.827 84.547 54.522 -881.107 fcn-rockwall
297 1 0 1373 1 10000 313 98.960 51.253 -878.616 94.388 46.599 -881.651 102.354 54.628 -873.877 fcn-rockwall
298 1 0 1375 1 10000 313 39.996 51.159 -896.709 35.555 46.528 -899.555 44.152 54.517 -892.794 fcn-rockwall
299 1 0 1376 1 10000 313 -25.564 51.290 -902.115 -30.037 46.543 -904.705 -21.953 54.701 -897.849 fcn-rockwall
300 1 0 1378 1 10000 313 34.866 56.952 -949.246 30.273 51.150 -953.195 39.769 61.194 -946.484 fcn-rockwall
301 1 0 1380 1 10000 313 261.351 52.558 -1338.149 256.250 47.700 -1342.741 265.161 56.111 -1334.688 fcn-rockwall
302 1 0 1381 1 10000 313 150.269 56.141 -1130.541 145.986 50.512 -1134.009 155.575 60.258 -1125.985 fcn-rockwall
303 1 0 1383 1 10000 313 199.998 56.832 -1280.467 195.718 51.056 -1284.743 202.671 61.056 -1276.680 fcn-rockwall
304 1 0 1384 1 10000 313 188.509 57.875 -1234.733 184.229 51.874 -1239.008 191.182 62.263 -1230.946 fcn-rockwall
305 1 0 1385 1 10000 313 81.136 52.469 -1120.222 76.226 47.632 -1123.114 85.482 56.006 -1115.647 fcn-rockwall
306 1 0 1386 1 10000 313 55.562 56.156 -1187.322 51.369 50.620 -1191.277 59.646 60.212 -1184.335 fcn-rockwall
307 1 0 1387 1 10000 313 80.218 57.866 -1187.521 76.310 51.960 -1192.053 84.435 62.197 -1184.559 fcn-rockwall
308 1 0 1389 1 10000 313 17.361 50.047 -1185.762 13.374 45.817 -1189.870 21.485 53.141 -1183.027 fcn-rockwall
309 1 0 1390 1 10000 313 -58.992 55.684 -1148.765 -64.101 50.233 -1153.539 -55.821 59.675 -1145.194 fcn-rockwall
310 0 6 231 1 10000 6030 231.893 30.242 -1250.225 229.094 29.922 -1252.938 235.531 30.562 -1248.219 fcn-crackedfloor-side
311 1 25 3413 1 10000 109 114.284 29.704 -414.131 107.165 26.043 -421.378 121.758 33.514 -406.428 fcn-envmap
312 1 25 3416 1 10000 109 185.774 30.265 -852.034 177.133 26.598 -860.531 195.562 34.071 -843.756 fcn-envmap
313 1 25 3419 1 10000 109 218.507 31.725 -1195.672 212.031 28.066 -1202.301 225.853 35.537 -1188.050 fcn-envmap
314 1 25 3422 1 10000 109 230.491 31.156 -1270.105 223.119 27.497 -1277.396 236.983 34.968 -1263.672 fcn-envmap
315 1 25 3425 1 10000 109 257.226 31.156 -1299.457 249.987 27.497 -1306.897 263.600 34.968 -1293.017 fcn-envmap
316 1 25 3428 1 10000 109 51.809 31.131 -1158.479 44.201 27.473 -1164.743 58.378 34.944 -1151.370 fcn-envmap
317 1 25 3414 1 10000 272 127.935 29.645 -432.247 120.452 25.980 -439.934 135.042 33.483 -424.992 fcn-envmap
318 1 25 3417 1 10000 272 161.737 30.187 -868.973 151.966 26.514 -877.240 170.386 34.029 -860.471 fcn-envmap
319 1 0 527 1 10000 1429 -38.781 44.300 -226.730 -46.143 34.964 -231.906 -30.067 51.823 -221.429 fcn-rockwall
320 1 0 533 1 10000 1429 16.964 48.613 -251.357 8.548 36.523 -257.535 24.522 58.355 -245.919 fcn-rockwall
321 1 0 537 1 10000 1429 -29.066 44.300 -280.488 -36.551 34.964 -285.580 -20.760 51.823 -274.882 fcn-rockwall
322 1 0 539 1 10000 1429 -17.886 48.412 -321.834 -25.370 36.447 -326.926 -9.579 58.053 -316.228 fcn-rockwall
323 1 0 545 1 10000 1429 160.297 45.513 -433.535 151.809 35.408 -439.886 167.972 53.655 -427.905 fcn-rockwall
324 1 0 547 1 10000 1429 111.026 45.784 -474.815 104.184 35.496 -479.577 119.448 54.082 -469.383 fcn-rockwall
325 1 0 551 1 10000 1429 81.090 44.300 -425.205 73.090 34.964 -431.280 89.704 51.823 -418.425 fcn-rockwall
326 1 0 555 1 10000 1429 -6.688 46.273 -340.842 -14.497 35.674 -346.732 1.632 54.814 -333.730 fcn-rockwall
327 1 0 557 1 10000 1429 172.143 48.607 -510.721 163.546 36.519 -517.037 179.447 58.347 -504.797 fcn-rockwall
328 1 0 559 1 10000 1429 173.486 46.320 -484.640 164.890 35.694 -490.956 180.791 54.883 -478.716 fcn-rockwall
329 1 0 565 1 10000 1429 209.932 48.592 -663.620 201.521 36.721 -669.593 217.577 58.157 -658.187 fcn-rockwall
330 1 0 567 1 10000 1429 225.095 46.969 -708.406 216.537 35.930 -714.863 232.922 55.864 -702.586 fcn-rockwall
331 1 0 571 1 10000 1429 174.788 46.741 -771.542 167.483 35.852 -777.410 183.385 55.515 -765.291 fcn-rockwall
332 1 0 577 1 10000 1429 108.755 23.831 -581.919 102.322 13.366 -587.196 116.471 32.263 -576.389 fcn-rockwall
333 1 0 585 1 10000 1429 234.777 45.956 -782.535 226.228 35.672 -789.475 242.053 54.243 -776.124 fcn-rockwall
334 1 0 593 1 10000 1429 233.173 47.355 -807.639 224.060 36.177 -815.101 240.725 56.362 -800.713 fcn-rockwall
335 1 0 603 1 10000 1429 224.510 44.462 -884.529 215.473 35.125 -891.697 232.012 51.985 -877.850 fcn-rockwall
336 1 0 605 1 10000 1429 197.766 50.179 -917.499 190.778 37.189 -924.960 203.847 60.647 -909.116 fcn-rockwall
337 1 0 609 1 10000 1429 147.465 47.928 -926.564 141.770 36.120 -933.324 152.609 57.422 -919.166 fcn-rockwall
338 1 0 611 1 10000 1429 6.027 48.839 -899.505 1.258 36.046 -906.750 11.718 59.108 -893.227 fcn-rockwall
339 1 0 613 1 10000 1429 -15.128 45.930 -906.094 -20.669 35.069 -913.333 -8.929 54.675 -899.384 fcn-rockwall
340 1 0 615 1 10000 1429 -63.694 45.364 -932.026 -71.484 35.135 -939.355 -54.170 53.379 -924.692 fcn-rockwall
341 1 0 619 1 10000 1429 104.375 44.622 -946.461 98.900 35.286 -953.856 109.291 52.145 -938.193 fcn-rockwall
342 1 0 621 1 10000 1429 65.403 46.586 -954.199 58.433 36.000 -961.172 72.377 55.115 -945.724 fcn-rockwall
343 1 0 623 1 10000 1429 84.466 44.622 -952.832 79.101 35.286 -959.836 89.216 52.145 -944.325 fcn-rockwall
344 1 0 625 1 10000 1429 22.097 47.669 -948.234 16.037 36.388 -955.207 27.420 56.758 -939.766 fcn-rockwall
345 1 0 631 1 10000 1429 -39.225 24.750 -973.304 -48.071 14.855 -979.988 -31.876 32.723 -966.921 fcn-rockwall
346 1 0 637 1 10000 1429 -47.693 44.622 -1020.216 -56.474 35.286 -1026.002 -40.325 52.145 -1014.828 fcn-rockwall
347 1 0 639 1 10000 1429 -47.674 27.549 -994.521 -56.891 15.812 -1001.921 -40.138 36.903 -987.155 fcn-rockwall
348 1 0 645 1 10000 1429 -83.294 45.498 -960.722 -90.270 35.081 -968.612 -74.635 53.622 -953.113 fcn-rockwall
349 1 0 649 1 10000 1429 -101.971 45.609 -997.116 -109.651 35.266 -1003.867 -92.623 53.753 -990.266 fcn-rockwall
350 1 0 651 1 10000 1429 -108.859 44.125 -1020.637 -116.747 34.851 -1026.781 -99.366 51.509 -1014.155 fcn-rockwall
351 1 0 653 1 10000 1429 -63.616 25.228 -1044.279 -72.271 16.087 -1051.718 -55.518 32.761 -1038.279 fcn-rockwall
352 1 0 659 1 10000 1429 -72.892 21.742 -1122.056 -79.378 12.720 -1128.953 -66.505 29.012 -1113.717 fcn-rockwall
353 1 0 663 1 10000 1429 -85.120 26.024 -1117.075 -92.749 15.386 -1122.739 -76.953 34.596 -1110.114 fcn-rockwall
354 1 0 665 1 10000 1429 -96.200 27.845 -1101.535 -104.880 16.051 -1108.101 -86.967 37.348 -1093.600 fcn-rockwall
355 1 0 667 1 10000 1429 217.321 49.291 -1166.411 209.548 36.818 -1175.822 225.072 59.348 -1158.667 fcn-rockwall
356 1 0 673 1 10000 1429 249.783 46.144 -1215.548 241.099 35.586 -1220.754 257.131 54.652 -1210.445 fcn-rockwall
357 1 0 675 1 10000 1429 273.315 47.782 -1261.637 264.914 36.428 -1267.741 280.986 56.931 -1256.159 fcn-rockwall
358 1 0 677 1 10000 1429 257.263 46.236 -1251.435 250.620 35.871 -1260.051 263.999 54.587 -1244.312 fcn-rockwall
359 1 0 687 1 10000 1429 229.409 46.383 -1319.456 221.962 35.606 -1326.832 236.562 55.067 -1310.500 fcn-rockwall
360 1 0 689 1 10000 1429 325.288 27.105 -1325.976 316.630 16.483 -1331.771 333.050 35.581 -1320.788 fcn-rockwall
361 1 0 691 1 10000 1429 331.125 25.144 -1344.098 322.682 15.807 -1349.324 338.082 32.667 -1339.538 fcn-rockwall
362 1 0 695 1 10000 1429 305.937 28.010 -1363.438 299.098 18.433 -1367.999 313.504 35.793 -1358.416 fcn-rockwall
363 1 0 699 1 10000 1429 254.011 46.662 -1330.488 246.564 35.700 -1337.863 261.164 55.494 -1321.531 fcn-rockwall
364 1 0 701 1 10000 1429 347.220 46.694 -1360.899 338.857 36.037 -1367.273 354.910 55.280 -1355.356 fcn-rockwall
365 1 0 703 1 10000 1429 355.155 44.622 -1379.774 346.401 35.286 -1385.555 362.547 52.145 -1374.098 fcn-rockwall
366 1 0 705 1 10000 1429 294.904 44.622 -1392.888 287.813 35.286 -1398.627 303.422 52.145 -1386.456 fcn-rockwall
367 1 0 707 1 10000 1429 306.342 43.214 -1425.952 300.382 31.805 -1431.632 312.683 52.276 -1419.937 fcn-rockwall
368 1 0 709 1 10000 1429 183.746 45.663 -1148.547 175.607 35.667 -1155.600 191.370 53.716 -1142.850 fcn-rockwall
369 1 0 711 1 10000 1429 159.872 47.301 -1140.110 154.841 36.253 -1148.724 165.080 56.203 -1132.799 fcn-rockwall
370 1 0 713 1 10000 1429 116.042 48.685 -1128.038 111.171 36.759 -1136.541 121.345 58.294 -1120.832 fcn-rockwall
371 1 0 715 1 10000 1429 93.377 46.449 -1123.909 87.724 35.950 -1132.712 99.196 54.909 -1116.497 fcn-rockwall
372 1 0 723 1 10000 1429 154.699 47.244 -1193.960 147.765 35.920 -1201.357 161.286 56.368 -1185.041 fcn-rockwall
373 1 0 725 1 10000 1429 136.436 45.776 -1185.864 130.715 35.703 -1193.236 141.748 53.892 -1177.087 fcn-rockwall
374 1 0 727 1 10000 1429 173.755 47.998 -1207.439 166.262 36.187 -1214.426 181.242 57.516 -1198.883 fcn-rockwall
375 1 0 729 1 10000 1429 210.277 46.686 -1307.917 202.548 35.715 -1313.664 218.804 55.526 -1301.433 fcn-rockwall
376 1 0 731 1 10000 1429 202.966 49.106 -1270.436 195.237 36.590 -1276.184 211.494 59.191 -1263.953 fcn-rockwall
377 1 0 733 1 10000 1429 47.345 44.622 -1126.679 41.788 35.286 -1135.232 53.290 52.145 -1119.403 fcn-rockwall
378 1 0 735 1 10000 1429 5.064 44.622 -1124.848 0.050 35.286 -1133.445 10.285 52.145 -1117.546 fcn-rockwall
379 1 0 737 1 10000 1429 45.204 45.211 -1184.072 39.839 35.505 -1191.081 49.955 53.031 -1175.565 fcn-rockwall
380 1 0 739 1 10000 1429 7.440 47.010 -1181.801 0.791 36.151 -1188.968 13.962 55.760 -1173.147 fcn-rockwall
381 1 0 741 1 10000 1429 -11.346 44.622 -1172.436 -17.995 35.286 -1179.602 -4.824 52.145 -1163.781 fcn-rockwall
382 1 0 743 1 10000 1429 -30.409 46.106 -1162.961 -36.468 35.820 -1170.301 -24.672 54.395 -1154.181 fcn-rockwall
383 1 0 745 1 10000 1429 -66.512 48.696 -1140.762 -72.570 36.761 -1148.102 -60.774 58.313 -1131.982 fcn-rockwall
384 0 6 162 1 10000 6236 41.609 30.234 -904.309 38.125 29.922 -907.594 44.828 30.547 -901.891 fcn-crackedfloor-side
385 1 0 755 1 10000 1000 -31.422 44.210 -244.509 -38.110 36.374 -251.263 -24.960 54.493 -239.331 fcn-rockwall
386 1 0 770 1 10000 1000 -34.302 44.275 -260.851 -41.711 36.455 -266.590 -28.086 54.574 -255.955 fcn-rockwall
387 1 0 780 1 10000 1000 118.374 44.138 -384.028 111.192 36.566 -390.337 124.106 54.271 -376.804 fcn-rockwall
388 1 0 805 1 10000 1000 87.962 43.958 -358.987 81.588 36.500 -365.358 93.251 53.954 -351.306 fcn-rockwall
389 1 0 820 1 10000 1000 67.312 45.862 -401.687 60.842 37.090 -410.463 75.092 57.366 -394.253 fcn-rockwall
390 1 0 830 1 10000 1000 18.470 43.487 -364.940 13.102 35.501 -370.680 23.750 53.421 -360.259 fcn-rockwall
391 1 0 835 1 10000 1000 30.872 43.689 -373.478 25.282 36.121 -381.135 37.394 53.619 -367.136 fcn-rockwall
392 1 0 870 1 10000 1000 173.559 44.140 -714.313 167.602 36.317 -721.725 180.689 54.394 -707.906 fcn-rockwall
393 1 0 920 1 10000 1000 168.994 51.220 -924.716 163.096 39.693 -931.824 176.442 66.514 -918.033 fcn-rockwall
394 1 0 935 1 10000 1000 90.531 44.301 -887.225 83.016 36.598 -894.093 96.250 54.559 -880.470 fcn-rockwall
395 1 0 940 1 10000 1000 48.506 45.913 -896.004 40.616 37.574 -904.291 54.776 57.139 -888.015 fcn-rockwall
396 1 0 945 1 10000 1000 28.760 44.274 -901.165 21.976 36.633 -907.658 33.863 54.489 -893.875 fcn-rockwall
397 1 0 950 1 10000 1000 -36.051 44.512 -908.245 -43.144 36.677 -914.786 -30.823 54.870 -901.337 fcn-rockwall
398 1 0 965 1 10000 1000 -12.234 44.148 -1112.955 -19.116 36.465 -1119.363 -6.571 54.340 -1105.295 fcn-rockwall
399 1 0 1015 1 10000 1000 27.637 42.921 -1180.165 21.975 35.392 -1187.430 34.425 52.337 -1173.391 fcn-rockwall
400 0 6 171 1 10000 6284 44.762 29.261 -921.803 42.047 27.453 -924.141 47.906 31.187 -919.969 fcn-crackedfloor-side
401 0 6 236 1 10000 6324 220.713 30.273 -1225.515 218.515 29.906 -1228.641 223.672 30.640 -1222.235 fcn-crackedfloor-side
402 1 20 3414 1 10000 313 128.470 28.873 -432.957 121.347 25.985 -439.823 135.042 33.024 -425.975 fcn-stonehengetop
403 1 20 3417 1 10000 313 160.794 29.414 -869.638 152.477 26.521 -877.240 169.052 33.568 -861.541 fcn-stonehengetop
404 1 20 3420 1 10000 313 226.439 30.901 -1215.618 219.541 28.015 -1221.895 232.607 35.051 -1209.483 fcn-stonehengetop
405 1 20 3423 1 10000 313 249.357 30.332 -1278.995 243.175 27.446 -1285.086 255.594 34.482 -1272.133 fcn-stonehengetop
406 1 20 3426 1 10000 313 250.156 30.332 -1279.837 244.055 27.446 -1285.736 256.940 34.482 -1273.770 fcn-stonehengetop
407 1 20 3429 1 10000 313 71.966 30.308 -1151.104 65.988 27.421 -1157.774 78.134 34.457 -1145.125 fcn-stonehengetop
408 1 0 846 1 10000 1000 159.517 43.987 -536.277 153.886 36.351 -542.492 167.001 52.839 -529.610 fcn-rockwall
409 1 20 3413 1 10000 313 113.745 28.937 -413.417 107.165 26.051 -420.395 120.860 33.066 -406.539 fcn-stonehengetop
410 1 20 3416 1 10000 313 186.721 29.499 -851.367 178.468 26.609 -859.455 195.051 33.625 -843.756 fcn-stonehengetop
411 1 20 3419 1 10000 313 218.206 30.958 -1194.916 212.031 28.073 -1201.045 225.098 35.088 -1188.625 fcn-stonehengetop
412 1 20 3422 1 10000 313 229.775 30.389 -1269.768 223.525 27.504 -1276.625 235.952 34.520 -1263.672 fcn-stonehengetop
413 1 20 3425 1 10000 313 257.495 30.389 -1300.202 250.715 27.504 -1306.282 263.600 34.520 -1294.308 fcn-stonehengetop
414 1 20 3428 1 10000 313 51.044 30.364 -1158.759 44.862 27.480 -1164.743 57.017 34.495 -1152.094 fcn-stonehengetop
415 1 0 750 1 10000 1000 16.563 45.484 -230.377 9.925 36.999 -235.156 24.131 56.621 -224.364 fcn-rockwall
416 1 0 760 1 10000 1000 47.828 49.201 -322.405 40.935 38.904 -328.730 53.283 62.974 -314.733 fcn-rockwall
417 1 0 765 1 10000 1000 33.478 48.125 -291.900 26.567 38.266 -296.985 40.759 61.154 -285.348 fcn-rockwall
418 1 0 775 1 10000 1000 -23.453 46.369 -300.249 -30.267 37.369 -306.682 -16.996 58.203 -295.224 fcn-rockwall
419 1 0 790 1 10000 1000 146.867 44.476 -411.808 138.643 36.728 -418.878 153.530 54.842 -403.121 fcn-rockwall
420 1 0 795 1 10000 1000 168.265 46.201 -460.739 161.286 37.423 -466.856 175.463 57.828 -452.826 fcn-rockwall
421 1 0 800 1 10000 1000 108.581 47.329 -454.889 101.999 37.791 -462.241 115.053 59.865 -449.257 fcn-rockwall
422 1 0 810 1 10000 1000 99.266 44.651 -436.809 92.832 36.539 -444.654 106.854 55.282 -429.987 fcn-rockwall
423 1 0 815 1 10000 1000 47.480 47.157 -389.314 41.928 37.696 -396.516 54.266 59.588 -383.014 fcn-rockwall
424 1 0 825 1 10000 1000 8.258 45.621 -351.655 2.717 37.004 -359.032 14.946 56.938 -345.333 fcn-rockwall
425 1 0 840 1 10000 1000 157.938 46.224 -547.961 151.109 37.368 -552.846 165.262 57.889 -541.789 fcn-rockwall
426 1 0 845 1 10000 1000 167.646 46.995 -531.563 161.695 37.604 -536.936 174.614 59.268 -525.251 fcn-rockwall
427 1 0 850 1 10000 1000 160.195 44.714 -612.667 152.214 36.870 -619.496 166.394 55.244 -604.837 fcn-rockwall
428 1 0 855 1 10000 1000 192.195 47.092 -649.630 184.184 37.954 -656.460 198.385 59.341 -641.801 fcn-rockwall
429 1 0 860 1 10000 1000 217.106 46.067 -683.186 210.124 37.346 -689.279 224.357 57.607 -675.344 fcn-rockwall
430 1 0 865 1 10000 1000 159.481 43.363 -696.541 152.848 35.375 -704.832 167.135 53.532 -689.722 fcn-rockwall
431 1 0 875 1 10000 1000 177.114 43.911 -730.967 169.901 36.222 -736.394 183.808 54.039 -726.661 fcn-rockwall
432 1 0 880 1 10000 1000 231.793 42.512 -732.423 225.146 35.617 -738.419 239.485 51.513 -725.025 fcn-rockwall
433 1 0 890 1 10000 1000 113.832 47.886 -544.566 106.381 38.105 -551.318 120.056 60.788 -538.923 fcn-rockwall
434 1 0 895 1 10000 1000 106.975 46.095 -556.844 99.372 37.329 -563.920 113.313 57.679 -550.915 fcn-rockwall
435 1 0 900 1 10000 1000 111.846 46.572 -632.013 105.193 37.452 -639.315 118.322 58.554 -626.405 fcn-rockwall
436 1 0 905 1 10000 1000 230.489 44.053 -757.557 223.537 36.407 -763.999 237.804 54.140 -749.375 fcn-rockwall
437 1 0 910 1 10000 1000 222.818 48.081 -833.731 216.337 38.263 -839.683 230.307 61.108 -826.352 fcn-rockwall
438 1 0 915 1 10000 1000 143.013 44.292 -862.949 135.828 36.502 -869.241 148.998 54.583 -857.905 fcn-rockwall
439 1 0 925 1 10000 1000 112.378 46.227 -881.424 104.852 37.483 -888.324 118.114 57.864 -874.696 fcn-rockwall
440 1 0 930 1 10000 1000 69.620 44.270 -890.201 62.799 36.620 -896.786 74.801 54.492 -883.014 fcn-rockwall
441 1 0 955 1 10000 1000 127.916 44.148 -935.570 121.144 36.465 -942.376 136.744 54.340 -928.125 fcn-rockwall
442 1 0 960 1 10000 1000 47.219 47.901 -944.331 41.271 38.180 -951.553 54.758 60.799 -937.767 fcn-rockwall
443 1 0 970 1 10000 1000 273.191 44.980 -1339.609 267.164 36.840 -1347.427 280.400 55.779 -1333.069 fcn-rockwall
444 1 0 975 1 10000 1000 137.584 47.359 -1129.871 130.200 37.927 -1136.403 143.918 59.874 -1121.942 fcn-rockwall
445 1 0 980 1 10000 1000 187.483 48.329 -1223.875 180.561 38.368 -1231.787 195.376 61.545 -1217.034 fcn-rockwall
446 1 0 985 1 10000 1000 206.242 47.822 -1290.635 199.156 38.144 -1297.662 212.938 60.662 -1285.111 fcn-rockwall
447 1 0 990 1 10000 1000 194.753 48.513 -1244.900 187.667 38.458 -1251.928 201.449 61.854 -1239.376 fcn-rockwall
448 1 0 995 1 10000 1000 69.662 44.923 -1127.675 61.406 36.819 -1134.479 76.119 55.676 -1120.602 fcn-rockwall
449 1 0 1000 1 10000 1000 66.256 46.949 -1182.841 60.746 37.229 -1190.348 72.649 59.282 -1176.181 fcn-rockwall
450 1 0 1005 1 10000 1000 89.207 48.168 -1180.045 83.177 37.810 -1187.277 96.495 61.351 -1173.116 fcn-rockwall
451 1 0 1010 1 10000 1000 27.612 46.500 -1125.106 21.507 37.535 -1131.566 32.398 58.395 -1117.790 fcn-rockwall
452 1 0 1020 1 10000 1000 -48.173 46.575 -1152.572 -54.229 37.165 -1160.259 -41.180 58.684 -1145.838 fcn-rockwall
453 1 0 532 1 10000 1250 28.997 49.191 -283.207 21.846 37.032 -287.822 35.418 56.735 -278.837 fcn-rockwall
454 1 0 534 1 10000 1250 19.533 48.170 -263.404 12.177 36.645 -268.685 26.135 55.320 -258.466 fcn-rockwall
455 1 0 536 1 10000 1250 40.974 49.481 -316.906 33.818 37.139 -322.227 47.483 57.138 -311.989 fcn-rockwall
456 1 0 540 1 10000 1250 -20.629 47.973 -311.573 -27.171 36.568 -316.124 -13.356 55.049 -306.664 fcn-rockwall
457 1 0 550 1 10000 1250 81.877 44.708 -353.373 75.861 35.338 -357.991 87.380 50.520 -349.095 fcn-rockwall
458 1 0 554 1 10000 1250 71.249 46.540 -339.827 64.436 36.030 -346.188 77.599 53.061 -334.145 fcn-rockwall
459 1 0 558 1 10000 1250 170.003 48.164 -523.149 162.939 36.641 -528.137 175.897 55.312 -516.755 fcn-rockwall
460 1 0 566 1 10000 1250 213.277 48.157 -674.518 205.878 36.840 -679.754 219.970 55.177 -669.654 fcn-rockwall
461 1 0 568 1 10000 1250 228.904 46.564 -720.426 221.350 36.041 -726.048 235.763 53.093 -715.272 fcn-rockwall
462 1 0 574 1 10000 1250 119.078 47.707 -508.871 113.421 36.475 -515.619 125.780 54.675 -503.454 fcn-rockwall
463 1 0 578 1 10000 1250 113.136 23.448 -573.561 107.637 13.472 -579.066 119.529 29.636 -568.598 fcn-rockwall
464 1 0 582 1 10000 1250 121.923 47.768 -650.070 115.371 36.495 -654.778 129.171 54.762 -645.073 fcn-rockwall
465 1 0 584 1 10000 1250 107.954 26.356 -585.795 101.351 14.663 -590.052 115.498 33.610 -582.189 fcn-rockwall
466 1 0 600 1 10000 1250 222.504 47.607 -873.491 215.650 36.538 -878.653 228.509 54.474 -867.241 fcn-rockwall
467 1 0 606 1 10000 1250 184.107 49.703 -919.483 178.557 37.320 -925.989 189.842 57.386 -912.191 fcn-rockwall
468 1 0 610 1 10000 1250 137.343 47.793 -929.448 132.345 36.712 -935.396 141.902 54.735 -922.957 fcn-rockwall
469 1 0 612 1 10000 1250 16.319 48.749 -902.339 11.236 36.894 -908.201 20.546 56.539 -897.213 fcn-rockwall
470 1 0 618 1 10000 1250 -44.700 47.267 -914.551 -50.159 36.681 -920.494 -38.603 54.176 -908.847 fcn-rockwall
471 1 0 626 1 10000 1250 10.233 47.255 -948.689 5.660 36.501 -954.740 15.474 53.926 -941.798 fcn-rockwall
472 1 0 628 1 10000 1250 -21.410 46.754 -969.426 -28.572 36.317 -975.445 -15.171 53.228 -962.851 fcn-rockwall
473 1 0 640 1 10000 1250 -54.524 27.183 -1003.730 -62.238 16.138 -1010.308 -47.846 33.870 -996.446 fcn-rockwall
474 1 0 648 1 10000 1250 -87.344 46.145 -970.708 -94.042 36.125 -977.473 -79.503 52.146 -964.600 fcn-rockwall
475 1 0 668 1 10000 1250 226.280 48.816 -1173.786 218.794 36.910 -1181.627 233.178 56.202 -1166.907 fcn-rockwall
476 1 0 670 1 10000 1250 239.961 48.830 -1187.531 232.062 36.929 -1193.935 247.207 56.211 -1181.696 fcn-rockwall
477 1 0 684 1 10000 1250 288.647 47.858 -1285.811 282.541 36.726 -1292.597 294.337 54.764 -1279.903 fcn-rockwall
478 1 0 686 1 10000 1250 301.685 47.473 -1290.101 296.383 36.582 -1297.203 306.495 54.229 -1284.053 fcn-rockwall
479 1 0 688 1 10000 1250 218.503 45.988 -1312.563 211.827 35.714 -1319.098 225.885 52.361 -1305.103 fcn-rockwall
480 1 0 700 1 10000 1250 243.105 46.260 -1323.594 236.429 35.810 -1330.130 250.487 52.743 -1316.134 fcn-rockwall
481 1 0 712 1 10000 1250 170.136 46.896 -1142.430 164.649 36.364 -1149.513 174.552 53.430 -1136.509 fcn-rockwall
482 1 0 714 1 10000 1250 126.466 48.248 -1129.487 121.247 36.879 -1136.409 130.441 55.300 -1123.675 fcn-rockwall
483 1 0 718 1 10000 1250 207.220 47.121 -1165.901 201.064 36.254 -1173.184 212.542 53.862 -1159.707 fcn-rockwall
484 1 0 730 1 10000 1250 207.075 46.284 -1295.418 200.313 35.825 -1300.513 214.566 52.772 -1289.845 fcn-rockwall
485 1 0 732 1 10000 1250 199.764 48.647 -1257.938 193.002 36.716 -1263.032 207.255 56.049 -1252.364 fcn-rockwall
486 1 0 740 1 10000 1250 -1.301 46.612 -1175.940 -7.241 36.260 -1182.187 5.206 53.034 -1168.749 fcn-rockwall
487 1 0 746 1 10000 1250 -75.987 48.258 -1136.184 -81.431 36.881 -1142.406 -69.930 55.317 -1128.917 fcn-rockwall
488 0 5 166 1 10000 6350 42.986 30.828 -899.499 41.984 30.687 -900.250 43.953 30.875 -898.922 fcn-crackedfloor
489 0 6 234 1 10000 6538 224.101 30.335 -1229.639 221.515 29.906 -1232.391 227.078 30.765 -1227.438 fcn-crackedfloor-side
490 0 5 149 1 10000 6433 163.465 30.828 -906.846 162.766 30.687 -907.735 164.500 30.875 -906.266 fcn-crackedfloor
491 1 0 751 1 10000 1000 13.420 42.645 -241.426 7.568 35.708 -245.668 20.917 50.682 -235.128 fcn-rockwall
492 1 0 756 1 10000 1000 -32.826 41.605 -233.118 -40.039 35.191 -239.178 -26.202 49.168 -228.252 fcn-rockwall
493 1 0 761 1 10000 1000 56.527 45.420 -329.773 49.351 36.815 -335.749 62.064 55.501 -321.714 fcn-rockwall
494 1 0 766 1 10000 1000 33.699 44.721 -303.365 27.083 36.599 -307.889 41.278 54.164 -297.740 fcn-rockwall
495 1 0 771 1 10000 1000 -29.327 41.518 -251.538 -36.870 35.081 -257.720 -23.649 49.139 -247.671 fcn-rockwall
496 1 0 776 1 10000 1000 -23.315 43.327 -288.781 -30.447 35.942 -294.541 -17.183 52.036 -284.439 fcn-rockwall
497 1 0 781 1 10000 1000 124.866 41.346 -393.440 117.349 35.016 -399.407 131.499 48.739 -385.586 fcn-rockwall
498 1 0 786 1 10000 1000 110.468 40.866 -367.727 103.594 34.759 -373.605 114.983 48.038 -359.834 fcn-rockwall
499 1 0 801 1 10000 1000 106.191 44.164 -442.579 98.940 36.347 -449.245 113.118 53.363 -437.241 fcn-rockwall
500 1 0 806 1 10000 1000 97.814 41.132 -364.747 90.938 34.879 -370.625 102.333 48.475 -356.854 fcn-rockwall
501 1 0 816 1 10000 1000 40.924 44.110 -379.853 34.639 36.367 -387.692 48.158 53.187 -373.894 fcn-rockwall
502 1 0 821 1 10000 1000 58.560 43.108 -391.858 51.774 35.948 -401.226 66.829 51.507 -384.830 fcn-rockwall
503 1 0 826 1 10000 1000 1.085 42.875 -342.883 -4.870 35.829 -350.813 8.203 51.132 -336.906 fcn-rockwall
504 1 0 831 1 10000 1000 16.639 41.101 -356.127 10.572 34.887 -361.787 22.390 48.855 -351.698 fcn-rockwall
505 1 0 836 1 10000 1000 22.194 41.333 -365.912 16.938 35.156 -373.977 29.118 48.574 -359.919 fcn-rockwall
506 1 0 841 1 10000 1000 156.633 43.209 -559.397 150.478 35.940 -563.638 164.047 51.644 -553.384 fcn-rockwall
507 1 0 876 1 10000 1000 178.483 41.336 -721.017 171.182 35.027 -726.147 184.534 48.671 -717.322 fcn-rockwall
508 1 0 891 1 10000 1000 118.950 44.453 -533.169 111.355 36.392 -540.287 124.657 53.975 -528.639 fcn-rockwall
509 1 0 916 1 10000 1000 150.351 41.480 -856.185 142.766 35.045 -862.818 156.004 49.101 -850.660 fcn-rockwall
510 1 0 941 1 10000 1000 60.609 42.162 -892.286 53.062 34.974 -900.871 66.539 50.488 -883.538 fcn-rockwall
511 1 0 966 1 10000 1000 -3.621 41.510 -1120.968 -10.868 35.153 -1127.024 2.028 48.950 -1112.852 fcn-rockwall
512 1 0 981 1 10000 1000 182.195 44.909 -1212.165 174.227 36.666 -1220.550 190.536 54.556 -1205.689 fcn-rockwall
513 1 0 1006 1 10000 1000 76.329 45.298 -1181.063 70.959 37.130 -1188.708 82.992 54.727 -1174.170 fcn-rockwall
514 1 0 1011 1 10000 1000 39.079 43.422 -1127.733 32.673 36.004 -1133.530 43.443 52.104 -1120.434 fcn-rockwall
515 0 6 177 1 10000 6599 40.592 30.032 -915.447 39.578 28.968 -916.641 41.453 31.640 -914.391 fcn-crackedfloor-side
516 0 5 164 1 10000 6380 45.278 30.828 -898.944 44.484 30.687 -899.500 45.875 30.875 -898.610 fcn-crackedfloor
517 1 0 1344 1 10000 313 158.665 51.520 -420.041 155.079 46.847 -423.810 164.123 54.924 -414.732 fcn-rockwall
518 1 0 1367 1 10000 313 237.463 51.041 -769.539 234.578 46.515 -773.980 241.913 54.352 -764.527 fcn-rockwall
519 1 0 1377 1 10000 313 117.527 51.300 -945.382 113.291 46.715 -950.441 122.816 54.653 -942.116 fcn-rockwall
520 0 5 233 1 10000 6586 213.457 30.651 -1215.748 213.078 29.734 -1216.594 214.171 32.140 -1214.579 fcn-crackedfloor
521 0 5 160 1 10000 6584 45.534 30.820 -904.092 44.156 30.703 -905.016 46.547 30.859 -902.766 fcn-crackedfloor
522 0 5 232 1 10000 6588 209.889 30.877 -1214.013 208.297 30.171 -1214.594 211.312 32.078 -1213.625 fcn-crackedfloor
523 0 5 142 1 10000 6647 166.262 30.500 -900.105 164.906 30.359 -901.266 167.453 30.547 -899.203 fcn-crackedfloor
524 0 5 151 1 10000 6609 159.425 30.820 -903.488 158.156 30.703 -904.985 160.375 30.859 -902.141 fcn-crackedfloor
525 0 5 178 1 10000 6674 37.940 30.500 -904.779 36.921 30.359 -905.985 39.078 30.547 -903.547 fcn-crackedfloor
526 0 5 148 1 10000 6441 161.529 30.828 -908.197 160.844 30.687 -908.719 162.297 30.875 -907.875 fcn-crackedfloor
527 1 0 1028 1 10000 1417 169.111 44.504 -586.499 158.857 28.906 -594.011 178.071 55.647 -578.270 fcn-rockwall
528 1 0 1032 1 10000 1417 176.368 43.398 -631.275 166.663 26.361 -639.174 184.525 55.527 -623.202 fcn-rockwall
529 1 0 1036 1 10000 1417 146.559 43.288 -675.601 136.636 26.381 -685.651 158.101 55.366 -665.469 fcn-rockwall
530 1 0 1056 1 10000 1417 -24.027 44.719 -1067.926 -34.825 30.082 -1073.587 -15.865 55.174 -1062.385 fcn-rockwall
531 1 0 1076 1 10000 1417 -52.026 44.102 -1039.948 -61.634 29.563 -1046.459 -43.826 54.732 -1033.127 fcn-rockwall
532 1 0 1080 1 10000 1417 -119.453 43.916 -1041.528 -128.410 30.073 -1050.517 -109.543 53.805 -1033.598 fcn-rockwall
533 1 0 1084 1 10000 1417 -125.430 42.927 -1060.805 -133.910 30.064 -1066.891 -114.850 52.115 -1054.727 fcn-rockwall
534 1 0 1096 1 10000 1417 -101.472 46.552 -1116.761 -110.085 30.085 -1124.734 -90.858 58.316 -1109.105 fcn-rockwall
535 1 0 1104 1 10000 1417 336.230 43.025 -1317.208 325.720 30.073 -1322.611 344.310 52.276 -1311.080 fcn-rockwall
536 1 0 1108 1 10000 1417 342.844 43.794 -1332.834 331.967 30.068 -1337.067 350.438 53.600 -1328.329 fcn-rockwall
537 1 0 1112 1 10000 1417 343.535 45.073 -1344.563 332.658 30.073 -1348.795 351.129 55.789 -1340.058 fcn-rockwall
538 1 0 1120 1 10000 1417 293.941 44.398 -1368.585 285.900 30.071 -1374.539 304.471 54.632 -1363.435 fcn-rockwall
539 1 0 1124 1 10000 1417 350.425 44.536 -1401.743 339.803 29.535 -1408.293 358.917 55.251 -1395.364 fcn-rockwall
540 1 0 1128 1 10000 1417 115.828 46.435 -1180.243 110.305 30.081 -1188.673 121.562 58.117 -1169.757 fcn-rockwall
541 1 0 1132 1 10000 1417 -86.369 46.873 -1132.201 -94.721 28.786 -1140.927 -76.561 59.792 -1123.016 fcn-rockwall
542 0 6 110 1 10000 6730 159.538 30.005 -524.656 158.015 28.250 -526.453 161.484 31.953 -522.797 fcn-crackedfloor-side
543 0 6 108 1 10000 6749 150.329 30.328 -524.261 147.922 29.906 -525.813 152.546 30.750 -522.000 fcn-crackedfloor-side
544 1 0 856 1 10000 1000 200.559 43.706 -660.602 192.188 36.053 -667.064 207.586 52.658 -652.168 fcn-rockwall
545 1 0 871 1 10000 1000 167.461 41.647 -703.337 160.621 35.261 -711.189 175.048 49.147 -697.273 fcn-rockwall
546 1 0 896 1 10000 1000 114.779 42.937 -547.106 106.749 35.694 -554.609 120.765 51.509 -541.584 fcn-rockwall
547 1 0 901 1 10000 1000 109.866 43.539 -619.634 102.602 36.066 -626.133 116.692 52.339 -614.404 fcn-rockwall
548 1 0 911 1 10000 1000 218.791 44.710 -846.978 213.023 36.585 -852.111 226.315 54.219 -839.263 fcn-rockwall
549 1 0 921 1 10000 1000 155.167 47.262 -924.030 150.034 37.723 -931.349 162.455 58.425 -917.888 fcn-rockwall
550 1 0 926 1 10000 1000 124.692 42.937 -878.323 117.892 35.654 -885.624 130.124 51.547 -870.865 fcn-rockwall
551 1 0 931 1 10000 1000 82.218 41.331 -891.861 75.251 34.931 -897.818 86.818 48.884 -884.606 fcn-rockwall
552 1 0 946 1 10000 1000 41.237 41.338 -903.564 34.157 34.943 -909.403 45.844 48.881 -896.271 fcn-rockwall
553 1 0 951 1 10000 1000 -23.424 41.255 -908.419 -30.240 34.740 -914.612 -19.038 49.080 -901.206 fcn-rockwall
554 1 0 971 1 10000 1000 263.378 42.185 -1331.436 257.717 35.449 -1339.719 271.006 50.068 -1325.255 fcn-rockwall
555 1 0 976 1 10000 1000 148.969 44.121 -1137.455 140.964 36.316 -1143.626 154.334 53.255 -1129.130 fcn-rockwall
556 1 0 986 1 10000 1000 206.509 44.499 -1277.866 199.155 36.490 -1284.429 212.798 53.871 -1273.174 fcn-rockwall
557 1 0 991 1 10000 1000 195.021 45.061 -1232.131 187.666 36.740 -1238.695 201.309 54.798 -1227.440 fcn-rockwall
558 1 0 1001 1 10000 1000 53.607 44.375 -1180.203 48.491 36.740 -1187.685 60.247 53.243 -1174.261 fcn-rockwall
559 1 0 1021 1 10000 1000 -56.124 44.029 -1142.412 -62.295 36.523 -1150.794 -48.606 52.880 -1136.038 fcn-rockwall
560 0 6 219 1 10000 6857 239.145 29.817 -1243.973 237.546 29.219 -1245.594 240.702 30.438 -1242.125 fcn-crackedfloor-side
561 0 6 114 1 10000 6849 186.294 29.594 -717.551 184.562 28.453 -718.891 187.984 30.812 -715.547 fcn-crackedfloor-side
562 1 0 524 1 10000 1250 11.816 43.958 -197.543 4.776 35.057 -203.458 18.302 49.479 -192.179 fcn-rockwall
563 1 0 526 1 10000 1250 16.708 43.958 -222.142 9.527 35.057 -226.906 22.791 49.479 -216.748 fcn-rockwall
564 1 0 528 1 10000 1250 -35.758 43.958 -216.550 -41.805 35.057 -222.269 -28.578 49.479 -211.770 fcn-rockwall
565 1 0 530 1 10000 1250 -41.845 43.958 -200.897 -48.251 35.057 -206.498 -34.948 49.479 -194.653 fcn-rockwall
566 1 0 538 1 10000 1250 -31.810 43.958 -270.227 -38.351 35.057 -274.778 -24.537 49.479 -265.319 fcn-rockwall
567 1 0 542 1 10000 1250 113.659 43.958 -376.002 106.633 35.057 -380.276 119.932 49.479 -371.966 fcn-rockwall
568 1 0 544 1 10000 1250 138.936 44.236 -403.204 132.348 35.168 -409.403 145.045 49.861 -397.701 fcn-rockwall
569 1 0 548 1 10000 1250 110.870 45.422 -464.196 104.949 35.617 -468.876 117.624 51.520 -460.089 fcn-rockwall
570 1 0 552 1 10000 1250 76.220 43.958 -413.422 69.189 35.057 -418.925 83.887 49.479 -407.582 fcn-rockwall
571 1 0 556 1 10000 1250 -12.106 45.885 -330.873 -18.983 35.780 -336.442 -4.657 52.153 -324.853 fcn-rockwall
572 1 0 560 1 10000 1250 171.347 45.931 -497.068 164.282 35.800 -502.056 177.241 52.215 -490.674 fcn-rockwall
573 1 0 562 1 10000 1250 152.081 22.363 -581.019 145.938 13.355 -585.869 157.651 28.310 -576.703 fcn-rockwall
574 1 0 570 1 10000 1250 177.931 45.381 -737.548 172.078 35.594 -741.959 184.761 51.452 -734.187 fcn-rockwall
575 1 0 576 1 10000 1250 111.364 21.615 -596.035 105.234 13.286 -600.716 118.085 26.782 -591.003 fcn-rockwall
576 1 0 580 1 10000 1250 115.602 45.728 -638.968 109.415 35.543 -643.603 122.247 52.298 -634.157 fcn-rockwall
577 1 0 586 1 10000 1250 232.880 45.579 -796.182 225.860 35.775 -801.457 238.722 51.661 -789.300 fcn-rockwall
578 1 0 590 1 10000 1250 166.791 43.956 -822.354 160.836 35.142 -825.365 173.605 49.381 -819.266 fcn-rockwall
579 1 0 592 1 10000 1250 171.905 44.005 -809.987 165.789 35.178 -815.540 179.049 49.459 -804.872 fcn-rockwall
580 1 0 596 1 10000 1250 157.504 44.032 -845.165 151.982 35.179 -851.592 163.755 49.520 -839.187 fcn-rockwall
581 1 0 602 1 10000 1250 204.714 46.407 -910.259 198.369 35.988 -917.479 210.503 52.871 -902.385 fcn-rockwall
582 1 0 608 1 10000 1250 137.933 43.701 -867.957 132.287 34.851 -875.221 144.096 49.192 -861.214 fcn-rockwall
583 1 0 616 1 10000 1250 -56.946 45.258 -923.203 -63.813 35.834 -930.367 -48.972 50.883 -916.682 fcn-rockwall
584 1 0 622 1 10000 1250 57.247 46.198 -947.549 51.041 36.107 -953.745 63.982 52.458 -940.488 fcn-rockwall
585 1 0 624 1 10000 1250 73.949 44.280 -952.468 69.991 35.379 -958.374 78.788 49.801 -945.722 fcn-rockwall
586 1 0 632 1 10000 1250 -44.776 24.387 -983.359 -52.117 14.954 -989.356 -38.427 30.239 -976.711 fcn-rockwall
587 1 0 634 1 10000 1250 -39.610 25.546 -1081.052 -46.767 15.551 -1086.154 -33.671 31.710 -1074.438 fcn-rockwall
588 1 0 636 1 10000 1250 -36.139 24.015 -1100.776 -43.232 15.115 -1105.296 -29.840 29.537 -1096.492 fcn-rockwall
589 1 0 642 1 10000 1250 -40.662 26.483 -1067.699 -50.283 14.664 -1074.435 -31.815 34.364 -1061.351 fcn-rockwall
590 1 0 644 1 10000 1250 -63.565 44.104 -936.258 -70.174 35.590 -943.168 -55.898 49.171 -929.966 fcn-rockwall
591 1 0 646 1 10000 1250 -75.202 45.519 -953.674 -81.608 36.000 -960.926 -67.905 51.218 -946.951 fcn-rockwall
592 1 0 652 1 10000 1250 -104.448 43.842 -1009.334 -111.099 35.167 -1016.116 -96.554 49.011 -1003.499 fcn-rockwall
593 1 0 654 1 10000 1250 -57.548 24.221 -1052.824 -65.348 15.340 -1059.069 -50.463 29.601 -1047.151 fcn-rockwall
594 1 0 658 1 10000 1250 -108.262 25.386 -1055.128 -115.065 14.786 -1061.083 -100.241 31.960 -1049.806 fcn-rockwall
595 1 0 660 1 10000 1250 -81.242 21.412 -1116.250 -87.034 12.811 -1122.283 -74.910 26.747 -1109.318 fcn-rockwall
596 1 0 664 1 10000 1250 -90.130 25.634 -1107.821 -96.844 15.493 -1113.230 -82.838 31.925 -1101.939 fcn-rockwall
597 1 0 666 1 10000 1250 -102.319 27.413 -1090.446 -109.965 16.170 -1096.658 -94.046 34.387 -1083.730 fcn-rockwall
598 1 0 674 1 10000 1250 246.995 45.757 -1225.695 239.846 35.692 -1230.338 253.003 52.001 -1220.078 fcn-rockwall
599 1 0 678 1 10000 1250 265.859 45.856 -1257.503 259.289 35.976 -1264.667 271.872 51.985 -1251.264 fcn-rockwall
600 1 0 680 1 10000 1250 251.031 44.625 -1245.015 243.725 35.260 -1250.059 257.641 50.435 -1240.239 fcn-rockwall
601 1 0 682 1 10000 1250 315.643 45.734 -1299.413 309.014 35.932 -1306.024 321.855 51.815 -1293.562 fcn-rockwall
602 1 0 690 1 10000 1250 328.153 26.757 -1335.797 320.559 16.735 -1340.817 334.908 32.850 -1331.123 fcn-rockwall
603 1 0 692 1 10000 1250 331.590 24.802 -1354.318 324.716 15.901 -1358.409 337.628 30.323 -1349.963 fcn-rockwall
604 1 0 696 1 10000 1250 303.717 27.590 -1353.807 297.707 18.432 -1357.890 310.309 33.461 -1349.443 fcn-rockwall
605 1 0 698 1 10000 1250 292.771 24.650 -1338.232 286.164 15.784 -1343.926 299.921 30.101 -1331.891 fcn-rockwall
606 1 0 702 1 10000 1250 351.294 46.303 -1371.147 343.891 36.144 -1376.570 358.040 52.605 -1366.044 fcn-rockwall
607 1 0 704 1 10000 1250 352.055 44.280 -1391.121 344.842 35.379 -1396.249 358.135 49.801 -1384.885 fcn-rockwall
608 1 0 706 1 10000 1250 295.686 44.280 -1380.262 289.808 35.379 -1386.307 302.454 49.801 -1375.570 fcn-rockwall
609 1 0 708 1 10000 1250 303.792 42.632 -1413.570 298.438 32.259 -1418.901 309.312 49.679 -1408.805 fcn-rockwall
610 1 0 710 1 10000 1250 188.912 45.296 -1157.715 181.634 35.768 -1163.669 195.624 51.207 -1152.252 fcn-rockwall
611 1 0 716 1 10000 1250 104.420 46.064 -1127.458 98.158 36.056 -1134.721 109.689 52.273 -1121.307 fcn-rockwall
612 1 0 734 1 10000 1250 59.041 44.280 -1128.622 53.049 35.379 -1135.646 63.699 49.801 -1122.773 fcn-rockwall
613 1 0 736 1 10000 1250 15.350 44.280 -1127.074 9.891 35.379 -1134.141 19.718 49.801 -1121.172 fcn-rockwall
614 1 0 744 1 10000 1250 -39.885 45.729 -1158.383 -45.328 35.923 -1164.605 -33.827 51.813 -1151.117 fcn-rockwall
615 0 6 130 1 10000 6884 161.701 30.180 -891.737 159.672 29.922 -893.485 163.515 30.438 -890.047 fcn-crackedfloor-side
616 0 6 117 1 10000 6903 201.789 30.461 -709.956 200.031 29.906 -711.985 203.218 31.015 -708.469 fcn-crackedfloor-side
617 0 6 168 1 10000 6835 41.143 30.336 -900.521 39.312 29.922 -901.750 43.156 30.750 -899.266 fcn-crackedfloor-side
618 0 5 215 1 10000 6918 233.399 30.127 -1227.964 231.468 29.906 -1228.829 234.640 30.500 -1226.797 fcn-crackedfloor
619 0 5 240 1 10000 6924 38.058 30.687 -937.219 37.219 30.453 -939.313 39.468 30.765 -935.969 fcn-crackedfloor
620 0 5 250 1 10000 6914 36.912 30.832 -933.239 35.422 30.609 -934.704 38.031 30.906 -931.875 fcn-crackedfloor
621 0 5 203 1 10000 6914 233.669 30.241 -1229.881 232.281 29.672 -1231.469 235.078 30.875 -1228.719 fcn-crackedfloor
622 0 6 209 1 10000 6848 225.293 30.336 -1245.454 223.625 29.922 -1246.953 227.046 30.750 -1243.610 fcn-crackedfloor-side
623 0 5 146 1 10000 6950 164.591 30.828 -898.089 163.203 30.687 -899.344 165.531 30.875 -896.453 fcn-crackedfloor
624 0 5 179 1 10000 6950 38.730 30.538 -906.936 37.250 30.203 -908.047 40.093 30.968 -905.907 fcn-crackedfloor
625 1 0 791 1 10000 1000 153.965 41.605 -425.536 145.347 35.128 -432.233 161.679 49.164 -417.016 fcn-rockwall
626 1 0 811 1 10000 1000 89.637 42.140 -426.791 83.376 35.526 -435.299 97.691 49.900 -420.339 fcn-rockwall
627 1 0 851 1 10000 1000 168.570 41.774 -623.639 160.220 35.192 -630.101 175.569 49.470 -615.205 fcn-rockwall
628 1 0 861 1 10000 1000 218.542 43.020 -696.948 211.467 35.823 -702.344 226.266 51.386 -690.172 fcn-rockwall
629 1 0 866 1 10000 1000 154.221 41.108 -683.089 146.584 34.806 -691.300 162.269 48.349 -676.623 fcn-rockwall
630 1 0 881 1 10000 1000 227.453 40.255 -745.587 221.547 34.653 -750.706 235.210 46.725 -737.858 fcn-rockwall
631 1 0 906 1 10000 1000 230.812 41.409 -772.492 224.116 35.121 -777.992 238.450 48.704 -764.773 fcn-rockwall
632 1 0 956 1 10000 1000 113.005 41.510 -939.934 106.654 35.153 -947.650 120.910 48.950 -932.063 fcn-rockwall
633 1 0 961 1 10000 1000 32.968 44.563 -942.454 27.595 36.519 -949.726 40.761 53.978 -936.527 fcn-rockwall
634 1 0 996 1 10000 1000 84.440 42.141 -1126.464 76.980 35.435 -1133.326 89.983 49.989 -1118.914 fcn-rockwall
635 0 6 152 1 10000 6861 164.812 30.336 -905.231 162.750 29.922 -906.516 166.500 30.750 -903.782 fcn-crackedfloor-side
636 0 6 97 1 10000 6958 -29.562 30.101 -199.220 -31.344 29.781 -201.469 -27.063 30.422 -196.860 fcn-crackedfloor-side
637 0 5 192 1 10000 6901 28.354 30.789 -904.642 26.781 30.531 -905.953 29.906 30.875 -903.376 fcn-crackedfloor
638 0 5 222 1 10000 6901 231.970 30.789 -1256.555 230.687 30.531 -1258.297 233.453 30.875 -1255.157 fcn-crackedfloor
639 0 6 242 1 10000 6951 36.149 30.406 -938.609 35.046 29.906 -939.969 37.828 30.906 -937.391 fcn-crackedfloor-side
640 0 6 213 1 10000 6947 238.185 30.406 -1229.858 236.859 29.906 -1230.985 239.609 30.906 -1228.047 fcn-crackedfloor-side
641 0 5 134 1 10000 6919 175.248 30.789 -896.768 174.000 30.531 -898.031 177.062 30.875 -895.203 fcn-crackedfloor
642 0 6 215 1 10000 6979 233.481 29.716 -1228.013 231.468 29.031 -1228.829 234.640 30.500 -1226.797 fcn-crackedfloor-side
643 0 6 198 1 10000 6912 229.718 30.273 -1219.445 227.718 29.906 -1221.735 232.000 30.640 -1217.360 fcn-crackedfloor-side
644 0 6 142 1 10000 6903 166.244 30.226 -900.085 164.906 29.906 -901.266 167.453 30.547 -899.203 fcn-crackedfloor-side
645 0 5 177 1 10000 6971 40.759 30.124 -915.471 39.890 29.031 -916.641 41.453 31.640 -914.391 fcn-crackedfloor
646 0 6 150 1 10000 6914 161.159 30.336 -906.043 159.390 29.922 -907.813 162.593 30.750 -904.438 fcn-crackedfloor-side
647 0 6 145 1 10000 6956 158.577 30.328 -893.084 156.656 29.906 -895.547 160.624 30.750 -890.875 fcn-crackedfloor-side
648 0 6 252 1 10000 6937 47.826 30.273 -931.990 45.672 29.906 -934.328 49.812 30.640 -929.735 fcn-crackedfloor-side
649 0 6 161 1 10000 6995 36.485 30.218 -900.145 32.922 29.906 -903.360 39.265 30.531 -896.719 fcn-crackedfloor-side
650 0 6 241 1 10000 6973 32.019 30.406 -939.754 31.141 29.906 -940.500 33.218 30.906 -939.079 fcn-crackedfloor-side
651 0 6 205 1 10000 6963 238.256 30.328 -1240.682 235.656 29.906 -1242.641 240.422 30.750 -1238.891 fcn-crackedfloor-side
652 0 6 228 1 10000 6999 225.876 30.218 -1249.539 222.906 29.906 -1253.032 229.000 30.531 -1246.891 fcn-crackedfloor-side
653 0 6 139 1 10000 6998 169.291 30.218 -903.899 166.484 29.906 -906.438 172.641 30.531 -900.609 fcn-crackedfloor-side
654 0 6 159 1 10000 6969 43.129 30.230 -914.285 41.547 28.812 -916.250 44.999 31.547 -911.594 fcn-crackedfloor-side
655 0 6 100 1 10000 7008 -33.758 30.297 -198.877 -36.422 29.781 -202.156 -31.563 30.812 -196.531 fcn-crackedfloor-side
656 0 6 123 1 10000 7011 147.000 30.218 -622.591 144.046 29.906 -624.953 151.078 30.531 -619.766 fcn-crackedfloor-side
657 0 6 188 1 10000 7002 33.670 29.078 -931.030 30.703 27.156 -933.344 36.125 31.406 -928.750 fcn-crackedfloor-side
658 0 6 131 1 10000 6952 167.358 29.868 -908.673 165.437 29.000 -910.532 169.547 30.796 -906.860 fcn-crackedfloor-side
659 0 6 169 1 10000 7020 44.086 29.172 -927.861 41.828 27.328 -930.954 47.297 31.187 -924.625 fcn-crackedfloor-side
660 0 6 99 1 10000 7005 -29.372 30.288 -203.852 -31.985 29.781 -206.141 -26.516 30.796 -201.406 fcn-crackedfloor-side
661 0 6 207 1 10000 6992 229.043 30.273 -1231.093 226.062 29.906 -1234.016 231.562 30.640 -1228.313 fcn-crackedfloor-side
662 0 5 155 1 10000 7030 160.863 30.801 -894.993 159.703 30.625 -896.438 161.656 30.859 -893.485 fcn-crackedfloor
663 0 6 136 1 10000 7031 173.679 30.242 -891.462 169.281 29.906 -896.610 176.359 30.578 -887.985 fcn-crackedfloor-side
664 0 5 189 1 10000 7022 32.755 30.820 -927.747 31.390 30.562 -929.188 34.093 30.906 -925.969 fcn-crackedfloor
665 0 6 90 1 10000 7021 -7.992 30.133 -195.228 -10.454 29.609 -198.204 -5.391 30.656 -192.391 fcn-crackedfloor-side
666 0 6 212 1 10000 6989 240.005 30.406 -1233.739 239.421 29.906 -1234.719 240.875 30.906 -1232.485 fcn-crackedfloor-side
667 0 5 202 1 10000 7037 228.471 30.820 -1227.494 227.500 30.562 -1228.251 230.062 30.906 -1226.297 fcn-crackedfloor
668 0 6 89 1 10000 7014 -10.238 30.086 -199.989 -12.594 29.578 -202.422 -7.656 30.594 -197.594 fcn-crackedfloor-side
669 0 6 224 1 10000 7038 237.357 30.242 -1255.606 232.453 29.906 -1258.516 241.015 30.578 -1251.782 fcn-crackedfloor-side
670 0 6 194 1 10000 7042 27.899 30.242 -910.150 24.297 29.906 -913.922 31.219 30.578 -905.610 fcn-crackedfloor-side
671 0 6 141 1 10000 7016 168.568 30.242 -897.791 165.812 29.922 -900.360 171.843 30.562 -894.453 fcn-crackedfloor-side
672 0 6 165 1 10000 6979 39.675 29.890 -909.751 37.593 28.187 -911.500 41.750 31.656 -907.891 fcn-crackedfloor-side
673 0 6 163 1 10000 7026 34.949 30.242 -906.098 31.984 29.922 -910.094 37.797 30.562 -903.031 fcn-crackedfloor-side
674 0 6 178 1 10000 6966 37.946 30.226 -904.801 36.921 29.906 -905.985 39.078 30.547 -903.547 fcn-crackedfloor-side
675 0 6 237 1 10000 7052 217.990 30.406 -1222.436 216.406 29.906 -1224.281 219.562 30.906 -1220.688 fcn-crackedfloor-side
676 0 6 172 1 10000 7054 46.831 30.406 -919.927 44.968 29.906 -921.562 48.328 30.906 -918.485 fcn-crackedfloor-side
677 0 6 147 1 10000 6983 163.580 30.320 -894.967 161.547 29.906 -896.985 165.703 30.734 -893.078 fcn-crackedfloor-side
678 0 6 126 1 10000 7036 161.158 30.226 -886.835 157.969 29.906 -890.297 164.562 30.547 -884.219 fcn-crackedfloor-side
679 0 6 96 1 10000 7031 -26.324 29.398 -194.725 -28.251 28.625 -196.813 -24.250 30.297 -193.047 fcn-crackedfloor-side
680 0 5 116 1 10000 6983 192.870 30.828 -713.078 189.640 30.547 -715.203 196.265 30.922 -710.516 fcn-crackedfloor
681 0 5 182 1 10000 7055 43.543 30.804 -910.797 42.234 30.687 -912.047 44.703 30.843 -909.094 fcn-crackedfloor
682 0 5 154 1 10000 7056 158.861 30.804 -896.515 157.390 30.687 -898.172 160.328 30.843 -895.563 fcn-crackedfloor
683 0 5 109 1 10000 6985 143.754 30.828 -511.805 141.125 30.547 -514.907 146.156 30.922 -509.344 fcn-crackedfloor
684 0 5 185 1 10000 7057 40.257 30.719 -918.418 39.203 30.500 -919.782 41.093 31.062 -916.813 fcn-crackedfloor
685 0 5 206 1 10000 7066 236.006 30.801 -1242.634 234.531 30.625 -1243.594 237.484 30.859 -1241.344 fcn-crackedfloor
686 0 5 93 1 10000 6986 -17.895 30.633 -198.784 -20.125 30.422 -200.625 -15.656 30.703 -196.797 fcn-crackedfloor
687 0 6 95 1 10000 7069 -23.524 30.164 -201.036 -27.594 29.781 -205.750 -20.313 30.547 -195.906 fcn-crackedfloor-side
688 0 6 216 1 10000 7049 244.015 30.226 -1244.225 240.906 29.906 -1247.641 247.031 30.547 -1240.985 fcn-crackedfloor-side
689 0 6 214 1 10000 7060 233.902 29.791 -1219.593 231.625 28.656 -1221.063 236.250 31.047 -1217.829 fcn-crackedfloor-side
690 0 6 251 1 10000 7064 47.018 30.335 -935.955 45.219 29.906 -938.266 48.468 30.765 -933.344 fcn-crackedfloor-side
691 0 6 190 1 10000 7023 37.665 30.406 -935.134 36.906 29.906 -935.625 38.343 30.906 -934.500 fcn-crackedfloor-side
692 0 6 182 1 10000 7055 43.608 30.375 -910.782 42.234 29.906 -912.047 44.703 30.843 -909.094 fcn-crackedfloor-side
693 0 6 185 1 10000 7057 40.218 30.290 -918.404 39.141 29.640 -919.782 41.093 31.062 -916.813 fcn-crackedfloor-side
694 0 5 112 1 10000 6996 170.075 30.824 -661.988 168.203 30.531 -664.797 172.656 30.922 -659.438 fcn-crackedfloor
695 0 5 111 1 10000 6997 183.534 30.797 -652.911 181.656 30.516 -655.719 186.109 30.890 -650.375 fcn-crackedfloor
696 0 5 97 1 10000 6995 -29.550 30.375 -199.240 -31.344 30.234 -201.469 -27.063 30.422 -196.860 fcn-crackedfloor
697 0 5 113 1 10000 6996 174.479 30.824 -659.139 172.328 30.531 -661.407 176.593 30.922 -656.703 fcn-crackedfloor
698 0 5 96 1 10000 7005 -26.322 29.931 -194.700 -28.251 29.734 -196.813 -24.250 30.297 -193.047 fcn-crackedfloor
699 0 6 93 1 10000 7037 -17.971 30.086 -198.843 -20.125 29.468 -200.625 -15.656 30.703 -196.797 fcn-crackedfloor-side
700 0 6 102 1 10000 7052 -35.521 30.351 -202.812 -36.719 29.781 -204.876 -33.938 30.922 -201.172 fcn-crackedfloor-side
701 0 6 92 1 10000 7077 -1.218 30.015 -198.288 -6.094 29.625 -202.031 3.062 30.406 -194.109 fcn-crackedfloor-side
702 0 5 214 1 10000 7024 234.078 30.094 -1219.658 231.703 29.375 -1221.063 236.250 31.047 -1217.829 fcn-crackedfloor
703 0 5 251 1 10000 7024 46.948 30.679 -935.999 45.219 30.422 -938.266 48.468 30.765 -933.344 fcn-crackedfloor
704 0 5 132 1 10000 7053 176.341 30.664 -902.115 172.843 30.453 -904.563 179.890 30.922 -899.328 fcn-crackedfloor
705 0 6 235 1 10000 7057 218.221 30.335 -1226.171 217.218 29.906 -1227.891 219.171 30.765 -1224.266 fcn-crackedfloor-side
706 0 6 170 1 10000 7060 43.108 30.335 -919.532 41.265 29.906 -920.172 45.156 30.765 -918.875 fcn-crackedfloor-side
707 0 6 154 1 10000 7062 158.804 30.375 -896.554 157.390 29.906 -898.172 160.328 30.843 -895.563 fcn-crackedfloor-side
708 0 6 189 1 10000 7067 32.765 30.406 -927.773 31.390 29.906 -929.188 34.093 30.906 -925.969 fcn-crackedfloor-side
709 0 5 105 1 10000 7004 160.730 30.005 -505.002 159.047 28.641 -506.875 162.312 31.812 -503.172 fcn-crackedfloor
710 0 5 106 1 10000 7004 148.063 30.843 -503.718 145.656 30.562 -505.484 150.000 30.937 -501.641 fcn-crackedfloor
711 0 6 176 1 10000 7079 32.618 29.530 -919.127 31.047 28.500 -920.516 34.156 30.578 -917.375 fcn-crackedfloor-side
712 0 5 195 1 10000 7011 29.880 30.852 -915.673 28.078 30.687 -917.234 31.812 30.906 -914.188 fcn-crackedfloor
713 0 5 225 1 10000 7011 242.375 30.288 -1252.473 240.781 29.781 -1254.141 243.984 30.890 -1250.516 fcn-crackedfloor
714 0 5 94 1 10000 7039 -17.058 30.375 -194.526 -18.656 30.281 -196.204 -15.656 30.406 -193.031 fcn-crackedfloor
715 0 6 125 1 10000 7106 222.315 30.367 -817.023 220.797 29.906 -818.422 224.031 30.828 -815.500 fcn-crackedfloor-side
716 0 5 108 1 10000 7025 150.336 30.672 -524.194 147.922 30.438 -525.813 152.546 30.750 -522.000 fcn-crackedfloor
717 0 5 110 1 10000 7025 159.612 30.241 -524.407 158.015 28.734 -526.000 161.484 31.953 -522.797 fcn-crackedfloor
718 0 5 138 1 10000 7051 170.975 30.672 -895.125 168.969 30.438 -897.469 172.547 30.750 -892.656 fcn-crackedfloor
719 0 6 109 1 10000 7057 143.882 30.414 -511.912 141.125 29.906 -514.907 146.156 30.922 -509.344 fcn-crackedfloor-side
720 0 5 127 1 10000 7012 169.833 30.852 -887.032 167.688 30.687 -888.813 171.671 30.906 -885.234 fcn-crackedfloor
721 0 5 197 1 10000 7052 31.743 30.672 -907.713 30.796 30.438 -910.266 33.312 30.750 -905.172 fcn-crackedfloor
722 0 5 226 1 10000 7052 234.274 30.672 -1252.599 231.797 30.438 -1253.922 236.828 30.750 -1250.750 fcn-crackedfloor
723 0 5 130 1 10000 7014 161.714 30.398 -891.748 159.672 30.281 -893.485 163.515 30.438 -890.047 fcn-crackedfloor
724 0 6 132 1 10000 7068 176.289 30.284 -902.132 172.843 29.593 -904.563 179.890 30.922 -899.328 fcn-crackedfloor-side
725 0 6 157 1 10000 7081 46.882 30.226 -908.737 43.906 29.906 -912.438 50.125 30.547 -905.204 fcn-crackedfloor-side
726 0 5 219 1 10000 7013 239.183 30.038 -1243.974 237.546 29.687 -1245.594 240.702 30.438 -1242.125 fcn-crackedfloor
727 0 6 184 1 10000 7053 33.903 30.186 -910.854 32.468 29.234 -912.203 35.156 31.094 -909.188 fcn-crackedfloor-side
728 0 5 201 1 10000 7065 233.661 29.986 -1217.062 231.750 29.219 -1218.282 235.609 30.937 -1215.625 fcn-crackedfloor
729 0 5 187 1 10000 7020 30.269 30.765 -926.101 28.765 30.765 -928.344 32.250 30.765 -922.781 fcn-crackedfloor
730 0 5 129 1 10000 7039 166.160 30.804 -885.125 164.172 30.687 -886.719 167.875 30.843 -883.250 fcn-crackedfloor
731 0 5 101 1 10000 7041 -33.577 30.734 -205.699 -35.828 30.594 -206.782 -31.094 30.781 -204.188 fcn-crackedfloor
732 0 5 172 1 10000 7044 46.843 30.824 -919.972 44.968 30.578 -921.562 48.328 30.906 -918.485 fcn-crackedfloor
733 0 5 237 1 10000 7044 218.031 30.824 -1222.411 216.406 30.578 -1224.281 219.562 30.906 -1220.688 fcn-crackedfloor
734 0 5 176 1 10000 7040 32.435 29.918 -919.102 31.047 29.281 -920.516 33.984 30.578 -917.375 fcn-crackedfloor
735 0 5 91 1 10000 7041 -13.304 30.531 -196.987 -15.313 30.390 -198.797 -10.875 30.578 -195.391 fcn-crackedfloor
736 0 6 217 1 10000 7050 246.015 29.750 -1252.270 244.656 29.093 -1253.594 247.453 30.531 -1251.094 fcn-crackedfloor-side
737 0 5 124 1 10000 7037 210.543 30.125 -799.186 208.969 29.922 -800.625 212.172 30.438 -797.703 fcn-crackedfloor
738 0 5 104 1 10000 7079 -23.047 30.832 -207.934 -24.906 30.562 -210.078 -21.016 30.922 -206.126 fcn-crackedfloor
739 0 5 190 1 10000 6922 37.666 30.852 -935.136 36.906 30.687 -935.625 38.343 30.906 -934.500 fcn-crackedfloor
740 0 5 125 1 10000 7165 222.374 30.777 -816.983 220.797 30.625 -818.422 224.031 30.828 -815.500 fcn-crackedfloor
741 0 5 238 1 10000 7086 230.887 30.687 -1227.476 229.156 30.453 -1228.610 232.969 30.765 -1226.156 fcn-crackedfloor
742 0 5 230 1 10000 7020 228.825 30.789 -1254.459 226.937 30.531 -1256.078 230.375 30.875 -1252.407 fcn-crackedfloor
743 0 5 137 1 10000 7021 173.679 30.789 -900.205 171.671 30.531 -902.235 175.250 30.875 -898.610 fcn-crackedfloor
744 0 5 196 1 10000 7021 31.061 30.789 -902.002 29.203 30.531 -903.407 33.109 30.875 -900.360 fcn-crackedfloor
745 0 5 173 1 10000 7085 40.417 30.008 -932.635 39.499 28.781 -934.453 41.609 31.265 -931.203 fcn-crackedfloor
746 0 5 107 1 10000 7019 142.056 30.843 -499.051 140.031 30.562 -500.609 143.656 30.937 -497.047 fcn-crackedfloor
747 0 6 118 1 10000 7090 221.278 29.931 -780.264 217.359 28.641 -783.172 225.828 31.078 -777.657 fcn-crackedfloor-side
748 0 6 200 1 10000 7081 222.604 30.335 -1222.129 219.703 29.906 -1225.375 226.219 30.765 -1220.251 fcn-crackedfloor-side
749 0 6 104 1 10000 7072 -23.072 30.226 -207.950 -24.906 29.531 -210.078 -21.016 30.922 -206.126 fcn-crackedfloor-side
750 0 6 143 1 10000 7090 156.490 30.226 -899.644 154.047 29.906 -902.875 160.000 30.547 -895.610 fcn-crackedfloor-side
751 0 5 103 1 10000 7095 -32.369 30.878 -202.302 -34.188 30.656 -204.047 -30.844 30.953 -200.688 fcn-crackedfloor
752 0 6 229 1 10000 7028 235.886 30.320 -1245.282 234.281 29.906 -1247.719 237.437 30.734 -1243.110 fcn-crackedfloor-side
753 0 6 179 1 10000 7085 38.763 30.110 -907.042 37.250 29.359 -908.250 40.093 30.968 -905.907 fcn-crackedfloor-side
754 0 6 124 1 10000 7099 210.547 29.714 -799.232 208.969 29.031 -800.625 212.172 30.438 -797.703 fcn-crackedfloor-side
755 0 5 181 1 10000 7070 41.770 30.679 -908.658 39.750 30.562 -909.859 43.484 30.718 -907.641 fcn-crackedfloor
756 0 5 183 1 10000 7103 41.578 30.532 -911.346 40.781 29.406 -912.188 42.703 31.750 -910.282 fcn-crackedfloor
757 0 5 153 1 10000 7071 161.285 30.679 -897.869 159.703 30.562 -899.438 163.187 30.718 -896.500 fcn-crackedfloor
758 0 5 180 1 10000 7047 43.098 30.765 -917.660 41.234 30.531 -918.985 45.062 30.843 -915.906 fcn-crackedfloor
759 0 5 220 1 10000 7047 241.623 30.765 -1239.417 239.781 30.531 -1241.141 243.046 30.843 -1237.469 fcn-crackedfloor
760 0 5 133 1 10000 7090 176.686 30.668 -899.192 175.484 30.422 -900.875 178.312 30.750 -897.657 fcn-crackedfloor
761 0 5 156 1 10000 7047 156.794 30.765 -889.959 154.906 30.531 -891.813 158.484 30.843 -888.500 fcn-crackedfloor
762 0 5 102 1 10000 7088 -35.447 30.879 -202.804 -36.719 30.750 -204.876 -33.938 30.922 -201.172 fcn-crackedfloor
763 0 5 191 1 10000 7091 27.890 30.668 -901.858 26.437 30.422 -903.063 29.468 30.750 -900.672 fcn-crackedfloor
764 0 5 221 1 10000 7091 229.341 30.668 -1257.588 227.859 30.422 -1259.172 230.765 30.750 -1256.281 fcn-crackedfloor
765 0 6 129 1 10000 7094 166.131 30.375 -885.086 164.172 29.906 -886.719 167.875 30.843 -883.250 fcn-crackedfloor-side
766 0 5 114 1 10000 7042 186.137 29.961 -717.642 184.562 29.266 -718.891 187.687 30.812 -715.547 fcn-crackedfloor
767 0 6 119 1 10000 7100 129.507 30.226 -562.658 126.296 29.906 -565.688 133.062 30.547 -559.000 fcn-crackedfloor-side
768 0 6 103 1 10000 7089 -32.382 30.367 -202.279 -34.188 29.781 -204.047 -30.844 30.953 -200.688 fcn-crackedfloor-side
769 0 5 235 1 10000 7299 218.220 30.683 -1226.186 217.218 30.438 -1227.891 219.171 30.765 -1224.266 fcn-crackedfloor
770 0 5 170 1 10000 7300 43.095 30.683 -919.527 41.265 30.438 -920.172 45.156 30.765 -918.875 fcn-crackedfloor
771 0 5 117 1 10000 7054 201.744 30.910 -709.918 200.031 30.594 -711.985 203.218 31.015 -708.469 fcn-crackedfloor
772 0 6 218 1 10000 7104 239.325 30.086 -1249.030 235.875 29.015 -1252.219 243.344 31.156 -1246.032 fcn-crackedfloor-side
773 0 6 174 1 10000 7077 29.606 30.172 -919.181 28.375 29.922 -920.453 30.765 30.422 -917.813 fcn-crackedfloor-side
774 0 6 248 1 10000 7107 46.366 30.335 -924.528 43.062 29.906 -928.234 48.437 30.765 -921.875 fcn-crackedfloor-side
775 0 6 122 1 10000 7093 140.065 30.328 -626.346 136.453 29.906 -628.609 143.172 30.750 -623.907 fcn-crackedfloor-side
776 0 6 112 1 10000 7103 170.079 30.414 -662.040 168.203 29.906 -664.797 172.656 30.922 -659.438 fcn-crackedfloor-side
777 0 6 211 1 10000 7115 233.015 29.895 -1223.493 229.609 28.875 -1226.703 236.140 31.234 -1220.891 fcn-crackedfloor-side
778 0 6 113 1 10000 7104 174.424 30.414 -659.154 172.328 29.906 -661.407 176.593 30.922 -656.703 fcn-crackedfloor-side
779 0 6 247 1 10000 7120 43.313 30.273 -934.494 39.797 29.906 -937.922 46.218 30.640 -931.141 fcn-crackedfloor-side
780 0 6 111 1 10000 7107 183.537 30.398 -652.967 181.656 29.906 -655.719 186.109 30.890 -650.375 fcn-crackedfloor-side
781 0 6 106 1 10000 7110 147.968 30.422 -503.810 145.656 29.906 -505.484 150.000 30.937 -501.641 fcn-crackedfloor-side
782 0 6 105 1 10000 7111 161.105 29.802 -505.103 159.047 28.062 -507.094 162.875 31.812 -503.172 fcn-crackedfloor-side
783 0 6 146 1 10000 7104 164.599 30.390 -898.151 163.203 29.906 -899.344 165.531 30.875 -896.453 fcn-crackedfloor-side
784 0 6 98 1 10000 7115 -38.614 29.494 -196.344 -40.328 28.594 -200.000 -36.000 30.516 -192.859 fcn-crackedfloor-side
785 0 6 115 1 10000 7129 198.636 30.218 -715.049 195.640 29.906 -718.610 201.874 30.531 -710.766 fcn-crackedfloor-side
786 0 6 175 1 10000 7124 31.151 29.233 -913.795 28.734 27.469 -917.953 33.625 31.593 -910.048 fcn-crackedfloor-side
787 0 6 128 1 10000 7128 166.678 30.226 -890.758 163.609 29.922 -894.094 170.125 30.531 -886.922 fcn-crackedfloor-side
788 0 6 186 1 10000 7129 31.155 29.777 -922.802 27.203 28.250 -925.703 33.984 31.328 -920.532 fcn-crackedfloor-side
789 0 5 174 1 10000 7134 29.619 30.398 -919.164 28.375 30.328 -920.453 30.765 30.422 -917.813 fcn-crackedfloor
790 0 6 225 1 10000 7142 242.357 29.850 -1252.566 240.781 28.906 -1254.266 243.984 30.890 -1250.516 fcn-crackedfloor-side
791 0 6 195 1 10000 7144 29.930 30.406 -915.627 28.078 29.906 -917.234 31.812 30.906 -914.188 fcn-crackedfloor-side
792 0 6 127 1 10000 7142 169.804 30.406 -887.093 167.688 29.906 -888.813 171.671 30.906 -885.234 fcn-crackedfloor-side
793 0 6 144 1 10000 7121 154.474 30.328 -893.023 151.953 29.906 -896.297 156.797 30.750 -890.235 fcn-crackedfloor-side
794 0 6 107 1 10000 7135 141.986 30.422 -499.130 140.031 29.906 -500.609 143.656 30.937 -497.047 fcn-crackedfloor-side
795 0 6 208 1 10000 7116 233.882 30.020 -1233.100 231.078 28.750 -1235.125 236.109 31.719 -1231.016 fcn-crackedfloor-side
796 0 6 135 1 10000 7055 172.868 30.328 -897.824 172.187 29.906 -898.766 173.422 30.750 -896.969 fcn-crackedfloor-side
797 0 6 223 1 10000 7055 231.303 30.328 -1254.038 230.484 29.906 -1254.626 232.078 30.750 -1253.219 fcn-crackedfloor-side
798 0 6 193 1 10000 7063 30.954 30.328 -904.514 30.218 29.906 -905.141 31.922 30.750 -903.891 fcn-crackedfloor-side
799 0 6 187 1 10000 7131 30.329 30.335 -926.163 28.765 29.906 -928.344 32.250 30.765 -922.781 fcn-crackedfloor-side
800 0 5 213 1 10000 7109 238.228 30.832 -1229.844 236.859 30.609 -1230.985 239.609 30.906 -1228.047 fcn-crackedfloor
801 0 5 242 1 10000 7109 36.153 30.832 -938.655 35.046 30.609 -939.969 37.828 30.906 -937.391 fcn-crackedfloor
802 0 6 250 1 10000 7146 36.948 30.406 -933.251 35.422 29.906 -934.704 38.031 30.906 -931.875 fcn-crackedfloor-side
803 0 6 203 1 10000 7143 233.492 29.853 -1229.905 232.125 28.890 -1231.469 235.078 30.875 -1228.719 fcn-crackedfloor-side
804 0 6 240 1 10000 7130 38.089 30.335 -937.203 37.219 29.906 -939.313 39.468 30.765 -935.969 fcn-crackedfloor-side
805 0 6 158 1 10000 7134 46.369 30.328 -915.639 44.312 29.906 -918.422 48.078 30.750 -912.485 fcn-crackedfloor-side
806 0 6 238 1 10000 7152 230.910 30.328 -1227.448 229.156 29.891 -1228.610 232.969 30.765 -1226.156 fcn-crackedfloor-side
807 0 6 239 1 10000 7144 33.409 30.406 -933.345 31.234 29.906 -935.860 35.484 30.906 -929.610 fcn-crackedfloor-side
808 0 6 204 1 10000 7133 238.969 30.328 -1236.641 235.687 29.906 -1238.657 241.796 30.750 -1234.438 fcn-crackedfloor-side
809 0 6 120 1 10000 7136 125.387 29.786 -611.495 122.515 29.031 -613.407 128.297 30.828 -609.844 fcn-crackedfloor-side
810 0 6 155 1 10000 7143 160.843 30.383 -894.977 159.703 29.906 -896.438 161.656 30.859 -893.485 fcn-crackedfloor-side
811 0 6 206 1 10000 7144 236.025 30.383 -1242.618 234.531 29.906 -1243.594 237.484 30.859 -1241.344 fcn-crackedfloor-side
812 0 6 173 1 10000 7159 40.246 29.728 -932.483 39.234 28.375 -934.453 41.609 31.265 -931.079 fcn-crackedfloor-side
813 0 6 137 1 10000 7155 173.758 30.390 -900.271 171.671 29.906 -902.235 175.250 30.875 -898.610 fcn-crackedfloor-side
814 0 6 183 1 10000 7149 41.349 30.299 -911.606 40.344 28.968 -912.625 42.703 31.750 -910.282 fcn-crackedfloor-side
815 0 6 196 1 10000 7156 31.009 30.390 -901.910 29.203 29.906 -903.407 33.109 30.875 -900.360 fcn-crackedfloor-side
816 0 6 230 1 10000 7155 228.746 30.390 -1254.528 226.937 29.906 -1256.078 230.375 30.875 -1252.407 fcn-crackedfloor-side
817 0 5 184 1 10000 7165 33.791 30.360 -910.758 32.468 29.578 -912.156 35.046 31.094 -909.188 fcn-crackedfloor
818 0 5 217 1 10000 7168 246.083 29.967 -1252.232 244.734 29.515 -1253.594 247.453 30.531 -1251.094 fcn-crackedfloor
819 0 6 201 1 10000 7166 233.501 29.607 -1217.092 231.562 28.422 -1218.282 235.609 30.937 -1215.625 fcn-crackedfloor-side
820 0 6 94 1 10000 7198 -17.044 30.093 -194.505 -18.656 29.781 -196.204 -15.656 30.406 -193.031 fcn-crackedfloor-side
821 0 6 202 1 10000 7172 228.468 30.406 -1227.508 227.500 29.906 -1228.251 230.062 30.906 -1226.297 fcn-crackedfloor-side
822 0 6 181 1 10000 7188 41.803 30.312 -908.598 39.750 29.906 -909.859 43.484 30.718 -907.641 fcn-crackedfloor-side
823 0 6 91 1 10000 7191 -13.326 30.078 -197.073 -15.313 29.578 -198.797 -10.875 30.578 -195.391 fcn-crackedfloor-side
824 0 6 101 1 10000 7190 -33.626 30.281 -205.765 -35.828 29.781 -206.782 -31.094 30.781 -204.188 fcn-crackedfloor-side
825 0 6 227 1 10000 6778 235.143 30.390 -1247.810 234.328 30.031 -1248.266 235.969 30.750 -1247.125 fcn-crackedfloor-side
826 0 6 153 1 10000 7203 161.274 30.312 -897.935 159.703 29.906 -899.438 163.187 30.718 -896.500 fcn-crackedfloor-side
827 0 5 212 1 10000 7169 239.991 30.828 -1233.745 239.421 30.594 -1234.719 240.875 30.906 -1232.485 fcn-crackedfloor
828 0 5 241 1 10000 7169 32.020 30.828 -939.739 31.141 30.594 -940.500 33.218 30.906 -939.079 fcn-crackedfloor
829 0 5 227 1 10000 7044 235.156 30.676 -1247.829 234.328 30.547 -1248.266 235.969 30.750 -1247.125 fcn-crackedfloor
830 0 6 134 1 10000 7216 175.193 30.390 -896.707 174.000 29.906 -898.031 177.062 30.875 -895.203 fcn-crackedfloor-side
831 0 6 160 1 10000 7208 45.518 30.390 -904.057 44.156 29.922 -905.016 46.547 30.859 -902.766 fcn-crackedfloor-side
832 0 6 192 1 10000 7222 28.381 30.390 -904.716 26.781 29.906 -905.953 29.906 30.875 -903.376 fcn-crackedfloor-side
833 1 0 1033 1 10000 1125 182.127 41.262 -641.342 175.631 26.440 -646.732 189.911 52.279 -634.943 fcn-rockwall
834 1 0 1037 1 10000 1125 137.976 41.230 -663.823 128.726 26.381 -671.886 145.878 52.143 -656.813 fcn-rockwall
835 1 0 1045 1 10000 1125 101.287 42.132 -601.942 93.654 28.611 -607.246 108.022 52.069 -597.048 fcn-rockwall
836 1 0 1125 1 10000 1125 346.145 42.710 -1413.519 339.071 29.535 -1419.061 353.878 52.392 -1407.941 fcn-rockwall
837 1 0 1129 1 10000 1125 107.365 44.444 -1175.911 102.511 30.081 -1183.573 111.743 54.999 -1168.927 fcn-rockwall
838 0 6 222 1 10000 7231 232.037 30.390 -1256.510 230.687 29.906 -1258.297 233.453 30.875 -1255.157 fcn-crackedfloor-side
839 0 6 151 1 10000 7227 159.454 30.390 -903.515 158.156 29.922 -904.985 160.375 30.859 -902.141 fcn-crackedfloor-side
840 0 6 133 1 10000 7234 176.682 30.328 -899.230 175.484 29.906 -900.875 178.312 30.750 -897.657 fcn-crackedfloor-side
841 0 6 221 1 10000 7234 229.310 30.328 -1257.579 227.859 29.906 -1259.172 230.765 30.750 -1256.281 fcn-crackedfloor-side
842 0 6 191 1 10000 7240 27.906 30.328 -901.827 26.437 29.906 -903.063 29.468 30.750 -900.672 fcn-crackedfloor-side
843 0 6 220 1 10000 7263 241.581 30.375 -1239.430 239.781 29.906 -1241.141 243.046 30.843 -1237.469 fcn-crackedfloor-side
844 0 6 156 1 10000 7262 156.813 30.375 -889.997 154.906 29.906 -891.813 158.484 30.843 -888.500 fcn-crackedfloor-side
845 0 5 223 1 10000 7221 231.326 30.672 -1254.044 230.484 30.438 -1254.626 232.078 30.750 -1253.219 fcn-crackedfloor
846 0 6 180 1 10000 7283 43.096 30.375 -917.615 41.234 29.906 -918.985 45.062 30.843 -915.906 fcn-crackedfloor-side
847 0 6 140 1 10000 7291 163.006 30.234 -901.869 160.109 29.922 -904.266 166.703 30.547 -898.454 fcn-crackedfloor-side
848 0 6 243 1 10000 7250 33.606 30.335 -938.045 32.281 29.906 -940.250 34.890 30.765 -935.907 fcn-crackedfloor-side
849 0 5 193 1 10000 7264 30.945 30.672 -904.537 30.218 30.438 -905.141 31.922 30.750 -903.891 fcn-crackedfloor
850 0 5 135 1 10000 7274 172.868 30.672 -897.799 172.187 30.438 -898.766 173.422 30.750 -896.969 fcn-crackedfloor
851 0 6 199 1 10000 7340 226.521 30.406 -1224.774 223.421 29.906 -1227.235 230.156 30.906 -1221.344 fcn-crackedfloor-side
852 1 0 1025 1 10000 1125 164.954 43.053 -579.176 157.588 30.082 -584.035 173.204 52.586 -574.284 fcn-rockwall
853 1 0 1049 1 10000 1125 96.297 41.126 -586.095 89.223 29.751 -590.372 102.998 49.486 -582.439 fcn-rockwall
854 1 0 1053 1 10000 1125 -32.558 42.880 -988.737 -39.420 30.086 -995.669 -24.695 52.282 -982.684 fcn-rockwall
855 1 0 1057 1 10000 1125 -27.300 42.937 -1078.741 -34.487 30.082 -1083.325 -19.731 52.384 -1073.769 fcn-rockwall
856 1 0 1061 1 10000 1125 -32.465 43.089 -1057.325 -39.061 30.076 -1063.640 -24.750 52.653 -1050.032 fcn-rockwall
857 1 0 1069 1 10000 1125 -23.474 41.448 -1101.123 -30.725 30.073 -1105.505 -15.423 49.808 -1096.537 fcn-rockwall
858 1 0 1073 1 10000 1125 -43.972 41.448 -1007.729 -50.624 30.073 -1015.317 -36.309 49.808 -1001.320 fcn-rockwall
859 1 0 1077 1 10000 1125 -45.352 40.941 -1048.644 -51.883 28.550 -1053.142 -37.650 50.560 -1043.206 fcn-rockwall
860 1 0 1081 1 10000 1125 -111.542 42.231 -1033.411 -119.146 30.073 -1039.569 -104.930 51.166 -1026.119 fcn-rockwall
861 1 0 1093 1 10000 1125 -118.412 42.220 -1087.826 -126.719 30.075 -1094.060 -111.134 51.144 -1082.210 fcn-rockwall
862 1 0 1101 1 10000 1125 329.177 41.448 -1313.124 322.896 30.073 -1319.168 336.450 49.808 -1306.161 fcn-rockwall
863 1 0 1105 1 10000 1125 337.269 41.448 -1326.657 330.092 30.073 -1331.009 345.277 49.808 -1322.109 fcn-rockwall
864 1 0 1109 1 10000 1125 341.798 42.124 -1341.732 334.568 30.068 -1345.056 349.486 50.983 -1338.140 fcn-rockwall
865 1 0 1113 1 10000 1125 342.489 43.247 -1353.460 335.259 30.073 -1356.785 350.177 52.929 -1349.869 fcn-rockwall
866 1 0 1117 1 10000 1125 281.935 43.167 -1345.227 274.476 30.081 -1351.992 288.409 52.783 -1339.367 fcn-rockwall
867 1 0 1121 1 10000 1125 293.170 42.654 -1359.110 285.180 30.071 -1363.481 300.346 51.901 -1354.871 fcn-rockwall
868 0 6 210 1 10000 7436 234.722 29.315 -1239.125 233.327 28.343 -1241.219 236.234 30.422 -1236.907 fcn-crackedfloor-side
869 0 2 47 1 10000 8239 -59.344 18.334 -1011.737 -61.000 16.562 -1014.219 -57.844 19.422 -1009.297 fcn-rockwall-cliffside
870 0 31 63 1 10000 8310 209.138 31.158 -1219.705 205.188 29.406 -1224.594 213.812 33.296 -1215.016 fcn-rockblockin-bottom
871 0 31 55 1 10000 8329 13.518 31.576 -295.533 9.249 29.609 -300.031 17.249 33.672 -290.578 fcn-rockblockin-bottom
872 0 2 23 1 10000 8346 -56.719 29.717 -1069.006 -63.438 29.484 -1072.469 -54.641 30.000 -1066.750 fcn-rockwall-cliffside
873 0 4 81 1 10000 8427 -94.199 120.360 -551.447 -98.656 115.203 -555.235 -87.109 125.468 -549.266 bch-beachrock
874 0 31 68 1 10000 8616 164.889 31.423 -1170.511 159.109 28.375 -1175.750 170.265 35.078 -1166.204 fcn-rockblockin-bottom
875 0 31 59 1 10000 8622 210.205 31.098 -737.299 207.297 27.984 -742.391 213.625 34.656 -732.703 fcn-rockblockin-bottom
876 0 31 56 1 10000 8640 -7.874 30.343 -248.760 -12.609 28.016 -254.735 -2.454 33.015 -243.610 fcn-rockblockin-bottom
877 0 31 67 1 10000 8610 159.846 31.415 -1169.446 154.812 28.500 -1174.453 166.031 34.844 -1164.188 fcn-rockblockin-bottom
878 0 31 62 1 10000 8634 154.110 30.155 -1166.422 150.297 27.547 -1170.891 158.187 32.468 -1162.734 fcn-rockblockin-bottom
879 0 31 57 1 10000 8665 -2.438 30.672 -304.852 -5.781 27.984 -308.016 0.844 33.828 -300.922 fcn-rockblockin-bottom
880 0 31 58 1 10000 8672 -0.735 31.374 -304.819 -3.906 28.937 -308.422 2.312 33.906 -301.906 fcn-rockblockin-bottom
881 0 5 165 1 10000 8647 39.760 30.029 -909.517 37.844 28.562 -911.094 41.750 31.656 -907.891 fcn-crackedfloor
882 0 5 131 1 10000 8653 167.438 30.125 -908.765 165.437 29.672 -910.532 169.547 30.796 -906.969 fcn-crackedfloor
883 0 5 147 1 10000 8657 163.645 30.595 -895.009 161.547 30.390 -896.985 165.703 30.734 -893.078 fcn-crackedfloor
884 0 5 209 1 10000 8560 225.317 30.666 -1245.439 223.625 30.531 -1246.953 227.046 30.750 -1243.610 fcn-crackedfloor
885 0 5 152 1 10000 8569 164.808 30.666 -905.197 162.750 30.531 -906.516 166.500 30.750 -903.782 fcn-crackedfloor
886 0 5 168 1 10000 8579 41.133 30.666 -900.551 39.312 30.531 -901.750 43.156 30.750 -899.266 fcn-crackedfloor
887 0 5 200 1 10000 8829 222.566 30.627 -1222.204 219.703 30.422 -1225.375 226.219 30.765 -1220.251 fcn-crackedfloor
888 0 5 159 1 10000 8805 43.265 30.513 -914.200 41.843 29.422 -916.250 44.999 31.547 -911.594 fcn-crackedfloor
889 0 5 99 1 10000 8800 -29.324 30.622 -203.935 -31.985 30.375 -206.141 -26.516 30.796 -201.406 fcn-crackedfloor
890 0 5 89 1 10000 8806 -10.150 30.427 -200.027 -12.594 30.171 -202.422 -7.656 30.594 -197.594 fcn-crackedfloor
891 0 5 248 1 10000 8848 46.298 30.627 -924.478 43.062 30.422 -928.234 48.437 30.765 -921.875 fcn-crackedfloor
892 0 5 205 1 10000 8824 238.203 30.646 -1240.735 235.656 30.469 -1242.641 240.422 30.750 -1238.891 fcn-crackedfloor
893 0 5 207 1 10000 8833 229.016 30.519 -1231.064 226.062 30.328 -1234.016 231.562 30.640 -1228.313 fcn-crackedfloor
894 0 5 145 1 10000 8834 158.633 30.646 -893.130 156.656 30.469 -895.547 160.624 30.750 -890.875 fcn-crackedfloor
895 0 5 229 1 10000 8813 235.861 30.595 -1245.396 234.281 30.390 -1247.719 237.437 30.734 -1243.110 fcn-crackedfloor
896 0 5 186 1 10000 8818 31.058 30.014 -922.805 27.203 28.843 -925.703 33.984 31.328 -920.532 fcn-crackedfloor
897 0 5 208 1 10000 8886 233.987 30.391 -1233.189 231.094 29.578 -1235.125 236.109 31.719 -1231.016 fcn-crackedfloor
898 0 5 167 1 10000 8821 44.824 30.683 -901.082 43.171 30.562 -902.922 46.218 30.750 -898.922 fcn-crackedfloor
899 0 5 169 1 10000 8846 44.191 29.482 -927.762 42.141 28.062 -930.954 47.297 31.187 -924.625 fcn-crackedfloor
900 0 5 136 1 10000 8830 173.646 30.466 -891.434 169.281 30.281 -896.610 176.359 30.578 -887.985 fcn-crackedfloor
901 0 5 163 1 10000 8865 34.865 30.450 -906.082 31.984 30.265 -910.094 37.797 30.562 -903.031 fcn-crackedfloor
902 0 5 141 1 10000 8865 168.654 30.450 -897.776 165.812 30.265 -900.360 171.843 30.562 -894.453 fcn-crackedfloor
903 0 5 194 1 10000 8830 27.920 30.466 -910.189 24.297 30.281 -913.922 31.219 30.578 -905.610 fcn-crackedfloor
904 0 5 224 1 10000 8839 237.391 30.466 -1255.579 232.453 30.281 -1258.516 241.015 30.578 -1251.782 fcn-crackedfloor
905 0 32 72 1 10000 8807 -133.255 111.010 -505.898 -136.375 105.609 -513.157 -128.688 114.031 -499.141 bch-leafyground
906 0 5 100 1 10000 8900 -33.723 30.689 -198.960 -36.422 30.469 -202.156 -31.563 30.812 -196.531 fcn-crackedfloor
907 0 5 90 1 10000 8900 -7.902 30.524 -195.244 -10.454 30.297 -198.204 -5.391 30.656 -192.391 fcn-crackedfloor
908 0 5 150 1 10000 8832 161.174 30.683 -906.038 159.390 30.562 -907.813 162.593 30.750 -904.438 fcn-crackedfloor
909 0 5 247 1 10000 8849 43.393 30.509 -934.374 39.797 30.297 -937.922 46.218 30.640 -931.141 fcn-crackedfloor
910 0 5 211 1 10000 8852 232.947 30.161 -1223.447 229.609 29.546 -1226.703 236.140 31.234 -1220.891 fcn-crackedfloor
911 0 5 231 1 10000 8887 231.838 30.450 -1250.282 229.094 30.265 -1252.938 235.531 30.562 -1248.219 fcn-crackedfloor
912 0 5 128 1 10000 8836 166.619 30.430 -890.682 163.609 30.281 -894.094 170.125 30.531 -886.922 fcn-crackedfloor
913 0 5 175 1 10000 8835 31.046 29.398 -913.904 28.734 27.796 -917.953 33.374 31.593 -910.048 fcn-crackedfloor
914 0 5 218 1 10000 8836 239.446 30.264 -1248.970 235.875 29.562 -1252.219 243.344 31.156 -1246.032 fcn-crackedfloor
915 0 5 92 1 10000 8814 -1.314 30.268 -198.356 -6.094 30.078 -202.031 3.062 30.406 -194.109 fcn-crackedfloor
916 0 5 95 1 10000 8814 -23.546 30.410 -200.918 -27.594 30.234 -205.750 -20.313 30.547 -195.906 fcn-crackedfloor
917 0 5 239 1 10000 8929 33.324 30.776 -933.306 31.234 30.578 -935.860 35.484 30.906 -929.610 fcn-crackedfloor
918 0 5 118 1 10000 8850 221.262 30.179 -780.360 217.359 29.297 -783.172 225.828 31.078 -777.657 fcn-crackedfloor
919 0 5 115 1 10000 8837 198.671 30.459 -714.865 195.640 30.328 -718.610 201.874 30.531 -710.766 fcn-crackedfloor
920 0 5 188 1 10000 8881 33.604 29.301 -931.133 30.703 27.531 -933.344 36.047 31.406 -928.875 fcn-crackedfloor
921 0 5 157 1 10000 8857 46.753 30.434 -908.643 43.906 30.297 -912.438 50.125 30.547 -905.204 fcn-crackedfloor
922 0 5 143 1 10000 8858 156.643 30.434 -899.683 154.047 30.297 -902.875 160.000 30.547 -895.610 fcn-crackedfloor
923 0 5 236 1 10000 8905 220.603 30.502 -1225.552 218.515 30.312 -1228.641 223.672 30.640 -1222.235 fcn-crackedfloor
924 0 5 216 1 10000 8846 244.027 30.488 -1244.258 240.906 30.359 -1247.641 247.031 30.547 -1240.985 fcn-crackedfloor
925 0 5 126 1 10000 8847 161.191 30.488 -886.818 157.969 30.359 -890.297 164.562 30.547 -884.219 fcn-crackedfloor
926 0 5 171 1 10000 8918 44.850 29.446 -921.661 42.093 27.937 -924.141 47.906 31.187 -919.969 fcn-crackedfloor
927 0 5 162 1 10000 8881 41.638 30.453 -904.319 38.125 30.297 -907.594 44.828 30.547 -901.891 fcn-crackedfloor
928 0 5 140 1 10000 8883 162.978 30.453 -901.868 160.109 30.297 -904.266 166.703 30.547 -898.454 fcn-crackedfloor
929 0 5 139 1 10000 8865 169.333 30.459 -903.638 166.484 30.328 -906.438 172.641 30.531 -900.609 fcn-crackedfloor
930 0 5 228 1 10000 8863 226.126 30.459 -1249.623 222.906 30.328 -1253.032 229.000 30.531 -1246.891 fcn-crackedfloor
931 0 5 119 1 10000 8855 129.590 30.434 -562.573 126.296 30.297 -565.688 133.062 30.547 -559.000 fcn-crackedfloor
932 0 5 161 1 10000 8869 36.349 30.459 -900.372 32.922 30.328 -903.360 39.265 30.531 -896.719 fcn-crackedfloor
933 0 30 56 1 10000 8810 -7.615 32.103 -248.828 -12.375 30.140 -254.297 -2.610 33.109 -243.688 fcn-rockblockin
934 0 5 123 1 10000 8875 147.121 30.459 -622.363 144.046 30.328 -624.953 151.078 30.531 -619.766 fcn-crackedfloor
935 0 5 98 1 10000 8912 -38.501 29.902 -196.225 -40.328 29.546 -200.000 -36.000 30.516 -192.859 fcn-crackedfloor
936 0 5 158 1 10000 8921 46.288 30.673 -915.708 44.312 30.516 -918.422 48.078 30.750 -912.485 fcn-crackedfloor
937 0 5 144 1 10000 8922 154.524 30.673 -892.930 151.953 30.516 -896.297 156.797 30.750 -890.235 fcn-crackedfloor
938 0 5 120 1 10000 8923 125.446 30.133 -611.480 122.515 29.765 -613.391 128.297 30.828 -609.844 fcn-crackedfloor
939 0 30 55 1 10000 8833 13.269 33.301 -295.255 9.296 32.000 -299.828 17.015 34.078 -290.719 fcn-rockblockin
940 0 5 204 1 10000 8928 239.051 30.673 -1236.706 235.687 30.516 -1238.657 241.796 30.750 -1234.438 fcn-crackedfloor
941 0 30 63 1 10000 8849 209.343 32.797 -1219.349 205.422 31.562 -1224.360 213.734 33.625 -1215.016 fcn-rockblockin
942 0 5 122 1 10000 8957 140.155 30.673 -626.385 136.453 30.516 -628.609 143.172 30.750 -623.907 fcn-crackedfloor
943 0 32 88 1 10000 8874 -105.278 124.403 -551.192 -117.625 121.265 -563.203 -93.125 124.906 -539.313 bch-leafyground
944 0 5 252 1 10000 8944 47.775 30.510 -932.002 45.672 30.312 -934.328 49.812 30.640 -929.735 fcn-crackedfloor
945 0 5 198 1 10000 8951 229.736 30.510 -1219.495 227.718 30.312 -1221.735 232.000 30.640 -1217.360 fcn-crackedfloor
946 0 2 33 1 10000 8969 -57.198 16.436 -1011.899 -60.078 13.109 -1014.563 -55.235 21.312 -1009.844 fcn-rockwall-cliffside
947 0 2 22 1 10000 9169 -101.615 29.682 -1074.776 -102.047 29.500 -1080.859 -96.532 30.000 -1067.813 fcn-rockwall-cliffside
948 0 5 243 1 10000 9080 33.649 30.643 -938.035 32.281 30.438 -940.250 34.890 30.765 -935.907 fcn-crackedfloor
949 0 5 210 1 10000 9097 234.711 29.613 -1239.041 233.327 29.093 -1241.219 236.234 30.422 -1236.907 fcn-crackedfloor
950 0 4 79 1 10000 9059 -31.971 62.216 -433.364 -45.781 52.703 -449.157 -30.250 72.609 -422.797 bch-beachrock
951 0 32 261 1 10000 9160 -44.855 54.953 -324.363 -54.735 49.890 -335.219 -34.016 58.312 -312.797 bch-leafyground
952 0 32 81 1 10000 9160 -87.518 126.502 -563.243 -99.032 123.484 -574.860 -76.344 128.077 -552.110 bch-leafyground
953 0 5 234 1 10000 9177 224.036 30.628 -1229.670 221.515 30.438 -1232.391 227.078 30.765 -1227.438 fcn-crackedfloor
954 0 2 35 1 10000 9185 -62.517 20.759 -1007.289 -65.266 13.250 -1010.454 -60.985 28.719 -1005.672 fcn-rockwall-cliffside
955 0 32 78 1 10000 9160 -53.289 55.541 -296.865 -60.063 51.422 -308.422 -46.157 57.843 -285.391 bch-leafyground
956 0 32 79 1 10000 9160 -38.112 70.490 -432.598 -45.266 65.672 -443.625 -31.063 73.469 -421.875 bch-leafyground
957 0 2 5 1 10000 9312 74.699 29.644 -1174.204 -79.813 29.328 -1337.204 316.140 30.000 -1107.235 fcn-rockwall-cliffside
958 0 30 67 1 10000 9112 159.945 33.317 -1169.193 154.844 32.546 -1174.219 165.672 34.844 -1164.516 fcn-rockblockin
959 0 30 68 1 10000 9131 165.132 33.332 -1170.487 159.156 32.390 -1175.251 170.062 35.078 -1166.204 fcn-rockblockin
960 0 30 62 1 10000 9179 154.913 31.845 -1166.833 151.656 31.203 -1170.891 158.187 32.468 -1163.391 fcn-rockblockin
961 0 30 59 1 10000 9148 210.009 32.994 -737.075 207.297 32.093 -742.016 213.156 34.656 -732.703 fcn-rockblockin
962 0 30 58 1 10000 9193 -0.410 32.662 -304.533 -3.594 31.890 -307.704 2.312 33.906 -301.906 fcn-rockblockin
963 0 30 57 1 10000 9189 -2.263 32.019 -304.786 -4.907 30.578 -307.969 0.844 33.828 -301.094 fcn-rockblockin
964 0 32 85 1 10000 9158 -77.532 121.630 -505.448 -95.047 107.578 -527.188 -58.000 131.140 -486.751 bch-leafyground
965 0 2 15 1 10000 9379 321.678 29.716 -1364.303 300.531 29.484 -1368.641 340.719 30.000 -1357.672 fcn-rockwall-cliffside
966 0 2 30 1 10000 9259 -62.184 28.502 -1008.971 -64.594 24.500 -1012.609 -59.875 29.546 -1006.673 fcn-rockwall-cliffside
967 0 2 0 1 10000 9407 60.059 29.713 -870.288 -104.172 29.468 -1035.704 205.593 30.000 -610.485 fcn-rockwall-cliffside
968 0 2 9 1 10000 9421 -80.711 29.672 -1079.531 -102.047 29.390 -1092.688 -54.532 30.000 -1066.750 fcn-rockwall-cliffside
969 0 2 3 1 10000 9457 130.486 29.712 -565.359 107.344 29.468 -566.391 153.609 30.000 -563.922 fcn-rockwall-cliffside
970 0 3 58 1 10000 9388 -0.892 29.421 -305.414 -3.906 28.422 -308.422 1.937 31.468 -302.485 fcn-coal
971 0 3 57 1 10000 9390 -2.968 28.711 -304.709 -5.781 27.484 -307.984 0.312 30.937 -300.922 fcn-coal
972 0 32 87 1 10000 9304 -122.075 117.035 -524.791 -134.578 110.000 -546.422 -108.063 124.062 -505.250 bch-leafyground
973 0 3 62 1 10000 9436 153.090 27.496 -1166.181 150.297 26.625 -1170.438 157.078 29.015 -1162.734 fcn-coal
974 0 2 24 1 10000 9365 -60.526 27.093 -1010.459 -67.250 21.781 -1016.641 -55.438 30.078 -1005.375 fcn-rockwall-cliffside
975 0 3 63 1 10000 9516 209.301 29.202 -1219.732 205.188 28.484 -1224.594 213.750 30.438 -1215.204 fcn-coal
976 0 30 257 1 10000 9346 154.997 35.449 -1165.552 151.437 30.984 -1169.719 158.859 40.344 -1161.829 fcn-rockblockin
977 0 30 258 1 10000 9341 159.773 35.583 -1168.597 154.984 30.547 -1172.735 163.765 39.187 -1164.297 fcn-rockblockin
978 0 2 44 1 10000 9554 -57.513 16.354 -1012.812 -59.688 13.188 -1015.000 -56.172 18.078 -1011.563 fcn-rockwall-cliffside
979 0 3 68 1 10000 9473 164.353 28.474 -1170.883 159.219 27.234 -1175.750 170.265 31.172 -1166.453 fcn-coal
980 0 3 55 1 10000 9541 13.718 29.515 -295.235 9.249 28.703 -300.031 17.249 31.141 -290.578 fcn-coal
981 0 3 56 1 10000 9500 -8.198 28.280 -249.107 -12.609 27.124 -254.735 -2.454 30.640 -243.657 fcn-coal
982 0 3 59 1 10000 9487 210.819 28.247 -737.208 207.531 26.906 -741.985 213.625 30.890 -732.875 fcn-coal
983 0 3 67 1 10000 9491 160.283 28.525 -1169.597 154.875 27.359 -1174.453 166.031 30.875 -1164.188 fcn-coal
984 0 30 254 1 10000 9337 12.941 35.665 -295.691 10.109 29.625 -300.360 16.843 41.312 -292.235 fcn-rockblockin
985 0 2 42 1 10000 9732 -57.447 15.836 -1013.896 -58.516 13.328 -1015.500 -56.328 17.234 -1012.329 fcn-rockwall-cliffside
986 0 32 86 1 10000 9399 -62.702 131.170 -540.639 -74.906 126.750 -561.063 -47.985 133.375 -522.156 bch-leafyground
987 0 2 28 1 10000 9749 -62.329 24.258 -1007.383 -63.985 21.797 -1008.407 -61.328 28.375 -1006.219 fcn-rockwall-cliffside
988 0 4 88 1 10000 9480 -114.506 119.639 -542.292 -118.704 113.859 -548.563 -108.235 124.625 -537.813 bch-beachrock
989 0 2 37 1 10000 9472 -58.212 23.003 -1011.846 -61.657 13.250 -1015.907 -55.485 28.984 -1009.110 fcn-rockwall-cliffside
990 0 2 40 1 10000 9472 -60.516 17.146 -1008.678 -62.751 13.250 -1011.063 -58.891 20.390 -1007.203 fcn-rockwall-cliffside
991 0 30 255 1 10000 9498 -0.592 34.783 -305.556 -2.719 31.187 -308.422 1.281 39.672 -302.610 fcn-rockblockin
992 0 2 26 1 10000 9497 -60.603 21.383 -1009.579 -62.235 13.250 -1012.985 -58.656 28.875 -1007.141 fcn-rockwall-cliffside
993 0 4 87 1 10000 9480 -119.873 110.291 -527.287 -130.891 92.578 -539.281 -106.781 120.828 -511.298 bch-beachrock
994 0 4 85 1 10000 9622 -78.878 113.464 -505.743 -96.078 94.281 -529.235 -58.000 131.140 -485.906 bch-beachrock
995 0 4 86 1 10000 9621 -65.611 122.991 -541.512 -76.063 110.874 -562.954 -45.688 132.156 -521.094 bch-beachrock
996 0 30 260 1 10000 9497 209.252 34.484 -1218.908 206.015 27.984 -1221.985 212.328 40.937 -1215.485 fcn-rockblockin
997 0 2 49 1 10000 9713 -60.256 29.381 -1010.047 -66.938 26.172 -1016.703 -54.969 30.171 -1004.782 fcn-rockwall-cliffside
998 0 30 256 1 10000 9465 210.641 34.870 -737.284 207.172 31.031 -740.656 213.687 38.843 -734.063 fcn-rockblockin
999 0 30 259 1 10000 9452 164.825 35.974 -1171.447 161.140 31.828 -1175.344 168.468 40.562 -1167.907 fcn-rockblockin
1000 0 30 253 1 10000 9468 -7.722 33.208 -248.906 -11.172 28.687 -252.266 -3.828 38.484 -245.203 fcn-rockblockin
1001 0 4 83 1 10000 9568 -30.859 67.875 -436.354 -31.289 63.476 -439.860 -30.485 70.796 -432.766 bch-beachrock
1002 0 3 9 1 10000 9525 -78.656 29.988 -1077.346 -102.047 29.906 -1092.688 -54.532 30.000 -1066.750 fcn-coal
1003 0 4 80 1 10000 9769 -121.830 113.985 -542.992 -124.438 106.094 -547.766 -117.797 121.516 -538.516 bch-beachrock
1004 0 4 72 1 10000 9489 -125.734 100.036 -503.620 -136.375 92.578 -513.204 -119.219 113.859 -495.735 bch-beachrock
1005 0 2 48 1 10000 9645 -61.982 15.943 -1007.036 -63.141 13.250 -1008.360 -61.032 19.375 -1005.922 fcn-rockwall-cliffside
1006 0 4 74 1 10000 9708 -127.501 101.948 -509.256 -135.125 91.906 -526.048 -117.501 113.999 -501.438 bch-beachrock
1007 0 2 19 1 10000 9512 -56.540 20.971 -1014.612 -59.594 13.250 -1016.922 -55.516 27.453 -1012.735 fcn-rockwall-cliffside
1008 0 2 20 1 10000 9531 -65.132 20.724 -1006.905 -67.438 13.250 -1009.610 -62.922 27.671 -1006.048 fcn-rockwall-cliffside
1009 0 4 82 1 10000 9797 -57.261 126.802 -529.552 -60.844 121.953 -537.547 -54.266 132.156 -521.094 bch-beachrock
1010 0 3 61 1 10000 9425 113.636 13.312 -1161.347 104.062 13.312 -1173.422 124.890 13.312 -1148.438 fcn-coal
1011 0 4 70 1 10000 9605 -40.881 47.434 -322.941 -55.219 35.578 -337.219 -26.094 58.312 -307.657 bch-beachrock
1012 0 4 76 1 10000 9673 -99.858 115.451 -545.420 -108.609 105.469 -554.282 -91.626 123.859 -537.813 bch-beachrock
1013 0 4 77 1 10000 9774 -111.369 115.679 -556.189 -118.704 103.968 -564.703 -101.719 123.859 -548.235 bch-beachrock
1014 0 3 15 1 10000 9517 326.842 30.000 -1381.613 300.531 30.000 -1399.454 350.093 30.000 -1357.672 fcn-coal
1015 0 3 54 1 10000 9583 128.755 13.890 -588.011 107.625 13.828 -611.063 153.890 13.953 -564.750 fcn-coal
1016 0 3 60 1 10000 9555 194.711 13.312 -793.168 175.297 13.312 -814.829 215.906 13.312 -770.766 fcn-coal
1017 0 3 65 1 10000 9429 -68.160 13.312 -1073.876 -107.391 13.312 -1130.063 -29.360 13.312 -1025.406 fcn-coal
1018 0 3 64 1 10000 9511 -48.458 13.312 -987.733 -77.501 13.312 -1017.844 -19.079 13.312 -955.782 fcn-coal
1019 0 3 66 1 10000 9517 310.266 13.312 -1343.030 279.609 13.312 -1370.485 341.891 13.312 -1308.126 fcn-coal
1020 0 3 0 1 10000 9505 110.160 30.000 -842.950 -104.172 30.000 -1035.704 226.297 30.000 -610.485 fcn-coal
1021 0 3 5 1 10000 9530 137.926 30.001 -1197.568 -79.813 29.875 -1337.204 316.140 30.171 -1107.235 fcn-coal
1022 0 3 3 1 10000 9531 66.974 30.000 -371.625 -48.844 30.000 -566.391 166.500 30.000 -182.469 fcn-coal
1023 0 4 75 1 10000 9659 -89.581 118.016 -564.204 -104.672 107.922 -578.141 -75.188 127.594 -549.266 bch-beachrock
1024 0 4 69 1 10000 9668 -50.609 47.584 -299.046 -60.063 37.312 -313.360 -40.297 57.672 -284.063 bch-beachrock
1025 0 4 71 1 10000 9668 -41.911 62.957 -437.409 -48.203 51.843 -451.219 -30.266 73.469 -421.219 bch-beachrock
1026 0 2 39 0 -1 0 -57.896 23.930 -1011.961 -59.657 21.531 -1014.719 -57.235 27.937 -1010.875 fcn-rockwall-cliffside
1027 0 2 12 0 -1 0 -67.620 29.692 -1122.224 -73.891 29.328 -1124.594 -61.328 29.875 -1120.000 fcn-rockwall-cliffside
1028 0 2 1 0 -1 0 132.169 29.828 -610.878 126.984 29.484 -610.985 137.343 30.000 -610.781 fcn-rockwall-cliffside
1029 0 2 2 0 -1 0 130.953 29.838 -566.183 124.906 29.515 -566.391 136.250 30.000 -565.610 fcn-rockwall-cliffside
1030 0 2 6 0 -1 0 121.771 29.833 -1163.367 120.093 29.500 -1168.391 122.593 30.000 -1158.313 fcn-rockwall-cliffside
1031 0 2 8 0 -1 0 -57.813 29.838 -977.435 -61.391 29.515 -979.406 -53.234 30.000 -975.891 fcn-rockwall-cliffside
1032 0 2 10 0 -1 0 -69.709 29.828 -1034.714 -75.500 29.484 -1035.704 -63.750 30.000 -1033.891 fcn-rockwall-cliffside
1033 0 2 13 0 -1 0 -74.427 29.744 -1086.198 -79.109 29.422 -1088.657 -69.891 29.906 -1083.844 fcn-rockwall-cliffside
1034 0 2 21 0 -1 0 -100.253 29.833 -1080.789 -102.047 29.500 -1086.766 -97.969 30.000 -1074.532 fcn-rockwall-cliffside
1035 0 2 43 0 -1 0 -56.870 16.680 -1012.670 -58.516 15.219 -1015.000 -56.328 17.234 -1011.938 fcn-rockwall-cliffside
1036 0 2 25 0 -1 0 -60.078 24.036 -1010.886 -61.579 22.843 -1012.985 -58.969 25.672 -1009.344 fcn-rockwall-cliffside
1037 0 2 31 0 -1 0 -60.177 28.390 -1009.667 -62.001 28.000 -1012.609 -58.656 28.875 -1007.547 fcn-rockwall-cliffside
1038 0 2 34 0 -1 0 -59.089 17.974 -1010.735 -60.078 17.406 -1011.391 -58.360 18.656 -1009.844 fcn-rockwall-cliffside
1039 0 2 41 0 -1 0 -56.823 13.911 -1013.667 -57.969 13.188 -1015.500 -56.172 15.219 -1012.485 fcn-rockwall-cliffside
1040 0 2 50 0 -1 0 -64.438 29.364 -1005.578 -65.297 27.749 -1006.094 -63.766 30.171 -1004.782 fcn-rockwall-cliffside
1041 0 2 51 0 -1 0 -61.985 29.166 -1006.375 -62.438 27.156 -1006.922 -61.141 30.171 -1005.563 fcn-rockwall-cliffside
1042 0 2 52 0 -1 0 -57.281 29.401 -1010.589 -57.953 27.859 -1011.625 -56.672 30.171 -1009.562 fcn-rockwall-cliffside
1043 0 2 53 0 -1 0 -57.047 28.838 -1016.021 -57.813 26.172 -1016.703 -55.860 30.171 -1014.938 fcn-rockwall-cliffside
1044 0 3 22 0 -1 0 -100.209 30.000 -1070.401 -102.047 30.000 -1074.532 -96.532 30.000 -1067.813 fcn-coal
1045 0 3 23 0 -1 0 -59.261 30.000 -1067.771 -63.438 30.000 -1069.501 -55.969 30.000 -1066.750 fcn-coal
1046 0 4 73 0 -1 0 -126.365 100.791 -509.766 -129.157 98.359 -510.829 -122.922 102.140 -508.797 bch-beachrock
1047 0 4 78 0 -1 0 -58.651 52.286 -307.516 -59.422 49.843 -311.298 -58.250 53.624 -303.844 bch-beachrock
1048 0 2 36 0 -1 0 -61.360 13.906 -1008.328 -61.875 13.250 -1009.047 -61.047 15.219 -1007.969 fcn-rockwall-cliffside
1049 0 2 32 0 -1 0 -62.037 25.015 -1007.881 -63.000 23.984 -1008.422 -61.203 26.562 -1007.141 fcn-rockwall-cliffside
1050 0 2 38 0 -1 0 -60.334 14.010 -1009.672 -61.000 13.250 -1010.094 -59.891 15.531 -1009.297 fcn-rockwall-cliffside
1051 0 2 29 0 -1 0 -63.646 22.682 -1006.443 -64.188 21.797 -1006.751 -63.203 24.453 -1006.219 fcn-rockwall-cliffside
1052 0 2 4 0 -1 0 151.177 29.838 -611.250 147.718 29.515 -611.281 152.906 30.000 -611.188 fcn-rockwall-cliffside
1053 0 2 7 0 -1 0 104.891 29.838 -1168.110 104.734 29.515 -1169.594 105.203 30.000 -1165.141 fcn-rockwall-cliffside
1054 0 2 11 0 -1 0 -102.370 29.838 -1029.948 -104.172 29.515 -1030.438 -98.766 30.000 -1029.703 fcn-rockwall-cliffside
1055 0 2 14 0 -1 0 282.979 29.833 -1336.417 281.093 29.500 -1337.204 286.750 30.000 -1334.844 fcn-rockwall-cliffside
1056 0 2 16 0 -1 0 339.187 29.833 -1358.433 336.125 29.500 -1359.954 340.719 30.000 -1357.672 fcn-rockwall-cliffside
1057 0 2 17 0 -1 0 302.359 29.833 -1368.557 300.531 29.500 -1368.641 306.015 30.000 -1368.391 fcn-rockwall-cliffside
1058 0 2 18 0 -1 0 183.641 29.833 -797.756 181.922 29.500 -797.813 187.078 30.000 -797.641 fcn-rockwall-cliffside
1059 1 21 3440 0 -1 0 143.889 28.304 -571.576 141.966 26.426 -573.039 145.726 30.105 -570.265 fcn-stonehenge-rim
1060 1 21 3443 0 -1 0 136.199 23.748 -574.218 133.987 21.844 -575.005 138.363 25.708 -573.609 fcn-stonehenge-rim
1061 1 21 3446 0 -1 0 2.513 31.223 -909.076 0.284 29.254 -909.672 4.753 33.139 -908.608 fcn-stonehenge-rim
1062 1 21 3449 0 -1 0 -13.859 32.290 -953.392 -16.086 30.282 -953.753 -11.667 34.277 -952.936 fcn-stonehenge-rim
1063 1 21 3452 0 -1 0 -47.897 25.530 -981.162 -50.126 24.334 -982.879 -45.657 26.568 -979.543 fcn-stonehenge-rim
1064 1 21 3455 0 -1 0 -82.291 25.177 -1040.536 -83.096 23.193 -1042.586 -81.318 27.114 -1038.412 fcn-stonehenge-rim
1065 1 21 3458 0 -1 0 289.143 30.203 -1338.497 287.044 28.904 -1340.131 291.257 31.349 -1336.740 fcn-stonehenge-rim
1066 1 21 3392 0 -1 0 131.508 23.724 -606.438 128.078 20.625 -607.312 134.939 26.851 -605.445 fcn-stonehenge-rim
1067 1 21 3396 0 -1 0 185.655 25.978 -793.552 182.775 23.825 -796.604 188.601 28.037 -790.472 fcn-stonehenge-rim
1068 1 21 3400 0 -1 0 -55.268 25.300 -1117.568 -58.724 22.187 -1118.242 -51.831 28.391 -1116.787 fcn-stonehenge-rim
1069 1 21 3404 0 -1 0 -101.448 25.333 -1066.716 -104.174 22.207 -1068.887 -98.657 28.433 -1064.459 fcn-stonehenge-rim
1070 1 22 3393 0 -1 0 134.797 26.113 -603.966 132.699 23.546 -605.297 136.227 28.639 -602.411 fcn-precursor-metal-plain-01dk
1071 1 22 3395 0 -1 0 129.055 26.148 -603.493 127.374 23.536 -604.978 131.558 28.639 -601.808 fcn-precursor-metal-plain-01dk
1072 1 22 3394 0 -1 0 131.523 21.612 -602.441 128.625 20.631 -603.645 134.683 22.709 -601.316 fcn-precursor-metal-plain-01dk
1073 1 22 3397 0 -1 0 190.350 25.210 -793.491 189.009 23.118 -795.877 191.512 26.830 -790.430 fcn-precursor-metal-plain-01dk
1074 1 22 3399 0 -1 0 186.255 23.428 -789.851 183.798 20.875 -791.462 189.335 25.604 -788.628 fcn-precursor-metal-plain-01dk
1075 1 22 3398 0 -1 0 186.003 21.649 -794.805 183.665 20.105 -796.759 189.069 23.542 -792.105 fcn-precursor-metal-plain-01dk
1076 1 22 3401 0 -1 0 -52.292 24.052 -1114.394 -53.836 21.307 -1115.645 -51.095 26.796 -1113.096 fcn-precursor-metal-plain-01dk
1077 1 22 3403 0 -1 0 -56.781 27.663 -1114.322 -59.688 25.907 -1115.560 -53.724 28.935 -1113.083 fcn-precursor-metal-plain-01dk
1078 1 22 3402 0 -1 0 -57.787 22.606 -1115.406 -60.102 20.699 -1116.345 -54.920 24.958 -1114.425 fcn-precursor-metal-plain-01dk
1079 1 22 3405 0 -1 0 -97.018 24.416 -1066.600 -98.644 21.610 -1067.833 -95.681 27.109 -1065.192 fcn-precursor-metal-plain-01dk
1080 1 22 3407 0 -1 0 -100.434 27.570 -1063.199 -102.897 25.562 -1065.387 -97.435 28.967 -1061.111 fcn-precursor-metal-plain-01dk
1081 1 22 3406 0 -1 0 -101.515 22.427 -1063.581 -103.573 20.774 -1065.848 -98.737 24.599 -1061.280 fcn-precursor-metal-plain-01dk
1082 1 7 3393 0 -1 0 135.643 26.544 -604.166 134.737 24.964 -605.255 136.227 27.955 -603.018 fcn-precursor-metal-edging-01
1083 1 7 3394 0 -1 0 131.469 20.756 -602.209 129.771 20.340 -603.190 133.172 21.181 -601.316 fcn-precursor-metal-edging-01
1084 1 7 3395 0 -1 0 128.269 26.572 -603.554 127.379 24.990 -604.798 129.423 27.972 -602.301 fcn-precursor-metal-edging-01
1085 1 7 3397 0 -1 0 191.143 25.726 -793.701 190.490 24.457 -795.308 191.731 26.830 -792.038 fcn-precursor-metal-edging-01
1086 1 7 3398 0 -1 0 185.579 21.159 -795.415 183.992 20.105 -796.596 187.307 22.401 -794.046 fcn-precursor-metal-edging-01
1087 1 7 3399 0 -1 0 185.878 23.430 -789.040 184.206 21.769 -789.753 187.657 25.114 -788.628 fcn-precursor-metal-edging-01
1088 1 7 3401 0 -1 0 -51.346 23.861 -1114.310 -51.923 22.345 -1115.371 -51.042 25.488 -1113.286 fcn-precursor-metal-edging-01
1089 1 7 3402 0 -1 0 -58.383 21.978 -1115.612 -59.607 20.956 -1116.394 -56.915 23.236 -1114.810 fcn-precursor-metal-edging-01
1090 1 7 3403 0 -1 0 -57.120 28.486 -1114.222 -58.678 27.748 -1115.266 -55.406 28.935 -1113.222 fcn-precursor-metal-edging-01
1091 1 7 3405 0 -1 0 -96.273 24.320 -1067.213 -97.134 22.759 -1067.934 -95.681 25.960 -1066.379 fcn-precursor-metal-edging-01
1092 1 7 3406 0 -1 0 -102.034 21.742 -1063.351 -103.391 20.860 -1064.948 -100.501 22.879 -1061.863 fcn-precursor-metal-edging-01
1093 1 7 3407 0 -1 0 -100.668 28.356 -1062.842 -102.381 27.474 -1064.339 -98.900 28.967 -1061.494 fcn-precursor-metal-edging-01
1094 1 24 3434 0 -1 0 130.965 30.795 -417.886 129.668 30.659 -419.175 132.262 31.049 -416.581 fcn-eco-valve-inside
1095 1 24 3435 0 -1 0 80.278 31.140 -910.556 78.981 31.003 -911.845 81.575 31.394 -909.251 fcn-eco-valve-inside
1096 1 24 3436 0 -1 0 214.490 31.140 -1187.380 213.194 31.003 -1188.669 215.787 31.394 -1186.075 fcn-eco-valve-inside
1097 1 24 3437 0 -1 0 129.588 31.140 -1165.417 128.291 31.003 -1166.705 130.885 31.394 -1164.112 fcn-eco-valve-inside
1098 1 16 3745 0 -1 0 113.613 61.755 -524.178 112.240 58.729 -525.592 114.532 64.099 -523.569 fcn-tree
1099 1 6 2077 0 -1 0 -3.004 29.977 -209.571 -5.214 29.526 -211.491 -0.893 30.857 -208.507 fcn-crackedfloor-side
1100 1 6 2078 0 -1 0 -0.003 29.051 -207.466 -2.734 28.257 -209.516 2.257 30.328 -206.018 fcn-crackedfloor-side
1101 1 6 2079 0 -1 0 -2.219 30.425 -247.685 -3.561 29.348 -248.762 -0.824 31.606 -246.577 fcn-crackedfloor-side
1102 1 6 2080 0 -1 0 -4.203 30.298 -253.481 -5.387 29.436 -254.565 -3.144 31.877 -252.704 fcn-crackedfloor-side
1103 1 6 2081 0 -1 0 -13.366 30.300 -215.680 -15.177 29.906 -216.903 -12.189 31.069 -214.128 fcn-crackedfloor-side
1104 1 6 2082 0 -1 0 -4.468 30.427 -215.255 -7.016 29.872 -216.976 -2.810 31.509 -213.071 fcn-crackedfloor-side
1105 1 6 2083 0 -1 0 19.185 30.189 -301.900 18.411 29.023 -303.500 20.709 31.815 -300.964 fcn-crackedfloor-side
1106 1 6 2084 0 -1 0 13.431 30.274 -300.851 12.051 29.523 -302.636 14.351 31.765 -299.632 fcn-crackedfloor-side
1107 1 6 2085 0 -1 0 35.242 30.239 -339.669 33.603 29.927 -341.009 36.635 30.849 -338.891 fcn-crackedfloor-side
1108 1 6 2086 0 -1 0 -15.065 30.239 -262.606 -16.340 29.927 -263.771 -13.424 30.849 -261.408 fcn-crackedfloor-side
1109 1 6 2087 0 -1 0 -0.425 29.982 -260.367 -2.288 29.540 -261.473 1.920 30.844 -258.513 fcn-crackedfloor-side
1110 1 6 2088 0 -1 0 -0.075 30.789 -308.503 -1.416 30.084 -309.482 1.606 32.239 -307.689 fcn-crackedfloor-side
1111 1 6 2089 0 -1 0 2.225 30.455 -307.354 1.335 29.597 -308.782 3.234 31.820 -305.900 fcn-crackedfloor-side
1112 1 6 2090 0 -1 0 -19.169 30.270 -262.744 -21.069 29.916 -263.951 -17.600 30.959 -261.321 fcn-crackedfloor-side
1113 1 6 2091 0 -1 0 118.140 29.703 -410.837 117.123 28.808 -412.252 119.600 31.389 -409.312 fcn-crackedfloor-side
1114 1 6 2092 0 -1 0 115.435 29.625 -407.423 114.097 28.834 -408.295 117.191 31.243 -405.872 fcn-crackedfloor-side
1115 1 6 2093 0 -1 0 118.611 29.624 -411.915 117.854 28.428 -413.312 120.045 31.124 -410.133 fcn-crackedfloor-side
1116 1 6 2094 0 -1 0 119.826 29.774 -411.754 118.973 28.729 -413.158 121.444 31.544 -410.075 fcn-crackedfloor-side
1117 1 6 2095 0 -1 0 115.801 30.378 -424.612 115.204 29.028 -425.337 116.227 32.042 -423.221 fcn-crackedfloor-side
1118 1 6 2096 0 -1 0 73.268 30.271 -365.765 71.367 29.913 -367.269 74.780 30.969 -364.868 fcn-crackedfloor-side
1119 1 6 2097 0 -1 0 72.600 30.271 -374.603 70.796 29.913 -376.140 74.262 30.969 -373.738 fcn-crackedfloor-side
1120 1 6 2098 0 -1 0 77.517 30.239 -372.504 76.768 29.927 -374.064 78.855 30.849 -371.049 fcn-crackedfloor-side
1121 1 6 2099 0 -1 0 59.461 29.888 -380.887 58.095 28.394 -382.211 60.836 31.234 -378.933 fcn-crackedfloor-side
1122 1 6 2100 0 -1 0 63.826 29.775 -382.267 62.029 28.847 -383.528 65.737 31.523 -380.988 fcn-crackedfloor-side
1123 1 6 2101 0 -1 0 24.805 30.239 -349.765 24.055 29.927 -351.327 26.143 30.849 -348.311 fcn-crackedfloor-side
1124 1 6 2102 0 -1 0 157.501 30.275 -502.613 155.972 29.929 -503.535 159.459 30.949 -501.078 fcn-crackedfloor-side
1125 1 6 2103 0 -1 0 145.244 30.239 -508.084 143.905 29.927 -509.478 146.023 30.849 -506.446 fcn-crackedfloor-side
1126 1 6 2104 0 -1 0 160.276 30.014 -511.865 158.729 28.921 -513.259 161.689 31.716 -510.328 fcn-crackedfloor-side
1127 1 6 2105 0 -1 0 147.272 30.274 -649.151 145.825 29.929 -650.891 148.692 30.948 -647.665 fcn-crackedfloor-side
1128 1 6 2106 0 -1 0 163.730 30.345 -669.246 161.583 29.887 -670.716 165.041 31.237 -667.490 fcn-crackedfloor-side
1129 1 6 2107 0 -1 0 182.862 29.974 -706.488 181.731 29.124 -707.634 184.018 31.529 -705.448 fcn-crackedfloor-side
1130 1 6 2108 0 -1 0 186.428 29.567 -711.533 185.437 28.586 -712.819 187.916 30.903 -710.550 fcn-crackedfloor-side
1131 1 6 2109 0 -1 0 188.835 30.201 -687.070 187.505 29.950 -688.127 189.903 30.690 -686.442 fcn-crackedfloor-side
1132 1 6 2110 0 -1 0 179.420 30.206 -693.706 178.019 29.935 -694.747 180.395 30.734 -692.893 fcn-crackedfloor-side
1133 1 6 2111 0 -1 0 207.005 31.308 -739.929 205.595 30.440 -741.141 208.203 32.535 -738.799 fcn-crackedfloor-side
1134 1 6 2112 0 -1 0 206.502 30.777 -737.397 205.521 30.095 -739.042 207.581 32.146 -736.020 fcn-crackedfloor-side
1135 1 6 2113 0 -1 0 200.118 29.802 -850.275 198.447 29.075 -851.654 201.667 31.267 -849.097 fcn-crackedfloor-side
1136 1 6 2114 0 -1 0 208.069 30.239 -849.472 207.051 29.927 -850.529 209.397 30.849 -848.164 fcn-crackedfloor-side
1137 1 6 2115 0 -1 0 199.423 30.239 -848.482 198.225 29.927 -849.127 200.989 30.849 -847.366 fcn-crackedfloor-side
1138 1 6 2116 0 -1 0 209.527 29.561 -865.575 208.117 28.736 -866.620 211.159 31.007 -864.342 fcn-crackedfloor-side
1139 1 6 2117 0 -1 0 192.281 29.735 -853.628 191.573 28.858 -855.592 193.612 31.149 -852.553 fcn-crackedfloor-side
1140 1 6 2118 0 -1 0 201.424 29.629 -853.772 200.063 28.531 -855.558 202.244 30.835 -852.646 fcn-crackedfloor-side
1141 1 6 2119 0 -1 0 207.224 29.627 -854.057 206.069 28.415 -855.479 208.612 31.070 -852.422 fcn-crackedfloor-side
1142 1 6 2120 0 -1 0 187.730 29.861 -845.839 185.800 28.775 -846.899 189.167 31.375 -844.841 fcn-crackedfloor-side
1143 1 6 2121 0 -1 0 179.958 29.413 -848.552 178.947 28.146 -849.977 181.119 31.175 -847.247 fcn-crackedfloor-side
1144 1 6 2122 0 -1 0 191.661 29.994 -855.361 190.738 28.785 -857.294 193.081 31.026 -853.893 fcn-crackedfloor-side
1145 1 6 2123 0 -1 0 190.295 29.724 -898.898 188.367 28.826 -900.638 192.068 31.100 -897.426 fcn-crackedfloor-side
1146 1 6 2124 0 -1 0 198.584 29.477 -895.283 197.136 28.751 -896.273 200.633 30.532 -893.942 fcn-crackedfloor-side
1147 1 6 2125 0 -1 0 200.056 30.242 -905.992 197.722 29.919 -907.791 201.813 30.870 -904.892 fcn-crackedfloor-side
1148 1 6 2126 0 -1 0 178.699 30.255 -913.049 176.363 29.919 -914.925 180.615 30.908 -911.944 fcn-crackedfloor-side
1149 1 6 2127 0 -1 0 156.517 29.592 -875.402 154.953 28.828 -876.379 158.102 31.068 -874.344 fcn-crackedfloor-side
1150 1 6 2128 0 -1 0 159.296 30.239 -907.886 158.540 29.927 -909.465 160.638 30.849 -906.439 fcn-crackedfloor-side
1151 1 6 2129 0 -1 0 154.755 29.540 -869.645 153.625 28.605 -871.083 155.812 30.958 -868.061 fcn-crackedfloor-side
1152 1 6 2130 0 -1 0 154.847 29.715 -868.193 153.981 29.076 -869.245 155.619 30.720 -867.053 fcn-crackedfloor-side
1153 1 6 2131 0 -1 0 131.516 30.272 -886.383 129.860 29.927 -887.978 132.805 30.945 -885.057 fcn-crackedfloor-side
1154 1 6 2132 0 -1 0 143.197 30.239 -902.733 141.094 29.927 -903.937 144.548 30.849 -901.760 fcn-crackedfloor-side
1155 1 6 2133 0 -1 0 137.597 30.258 -911.302 135.623 29.922 -912.747 138.927 30.914 -910.068 fcn-crackedfloor-side
1156 1 6 2134 0 -1 0 121.021 29.627 -893.841 119.866 28.415 -895.263 122.408 31.070 -892.206 fcn-crackedfloor-side
1157 1 6 2135 0 -1 0 118.075 29.629 -893.556 116.714 28.531 -895.342 118.894 30.835 -892.430 fcn-crackedfloor-side
1158 1 6 2136 0 -1 0 115.481 30.239 -898.276 114.407 29.927 -899.215 116.607 30.849 -896.752 fcn-crackedfloor-side
1159 1 6 2137 0 -1 0 125.621 30.239 -909.808 124.449 29.927 -910.959 127.015 30.849 -908.635 fcn-crackedfloor-side
1160 1 6 2138 0 -1 0 117.770 30.239 -902.158 116.697 29.927 -903.097 118.896 30.849 -900.634 fcn-crackedfloor-side
1161 1 6 2139 0 -1 0 106.376 30.274 -914.032 105.166 29.924 -916.114 107.924 30.957 -912.581 fcn-crackedfloor-side
1162 1 6 2140 0 -1 0 113.751 30.259 -923.847 112.541 29.918 -925.930 115.299 30.925 -922.397 fcn-crackedfloor-side
1163 1 6 2141 0 -1 0 112.189 30.239 -908.821 110.557 29.927 -910.050 113.359 30.849 -907.937 fcn-crackedfloor-side
1164 1 6 2142 0 -1 0 83.378 30.239 -911.428 82.136 29.927 -912.207 85.030 30.849 -910.156 fcn-crackedfloor-side
1165 1 6 2143 0 -1 0 86.126 30.239 -912.360 84.828 29.927 -913.712 87.086 30.849 -911.341 fcn-crackedfloor-side
1166 1 6 2144 0 -1 0 88.896 29.369 -913.779 87.653 28.549 -915.763 90.917 30.937 -912.410 fcn-crackedfloor-side
1167 1 6 2145 0 -1 0 100.799 29.561 -912.907 99.390 28.736 -913.952 102.432 31.007 -911.674 fcn-crackedfloor-side
1168 1 6 2146 0 -1 0 62.834 30.265 -924.110 61.159 29.927 -925.158 65.060 30.924 -922.395 fcn-crackedfloor-side
1169 1 6 2147 0 -1 0 90.743 29.528 -923.504 89.400 28.553 -924.760 92.099 30.996 -921.710 fcn-crackedfloor-side
1170 1 6 2148 0 -1 0 50.796 29.440 -910.511 49.331 28.400 -911.464 53.090 30.992 -908.705 fcn-crackedfloor-side
1171 1 6 2149 0 -1 0 6.378 30.171 -910.592 5.656 29.356 -911.772 7.815 31.649 -909.025 fcn-crackedfloor-side
1172 1 6 2150 0 -1 0 6.241 29.848 -908.496 4.976 28.930 -909.400 7.909 31.053 -907.121 fcn-crackedfloor-side
1173 1 6 2151 0 -1 0 4.707 29.250 -924.501 3.717 28.372 -925.881 6.189 30.785 -923.693 fcn-crackedfloor-side
1174 1 6 2152 0 -1 0 5.334 30.192 -917.075 4.202 29.104 -918.562 6.355 31.483 -915.937 fcn-crackedfloor-side
1175 1 6 2153 0 -1 0 6.529 29.542 -922.570 5.439 28.610 -924.104 7.815 30.764 -921.321 fcn-crackedfloor-side
1176 1 6 2154 0 -1 0 8.466 30.131 -914.258 7.515 29.345 -915.342 9.610 31.421 -912.620 fcn-crackedfloor-side
1177 1 6 2155 0 -1 0 -12.747 31.026 -942.034 -13.475 30.409 -943.101 -12.045 32.050 -940.934 fcn-crackedfloor-side
1178 1 6 2156 0 -1 0 0.946 30.827 -919.579 -0.148 30.127 -921.330 1.908 32.248 -918.296 fcn-crackedfloor-side
1179 1 6 2157 0 -1 0 -17.213 31.395 -937.824 -18.351 30.555 -938.573 -16.315 32.316 -936.986 fcn-crackedfloor-side
1180 1 6 2158 0 -1 0 -53.079 30.159 -943.538 -53.948 29.957 -944.450 -52.578 30.553 -942.486 fcn-crackedfloor-side
1181 1 6 2159 0 -1 0 -19.340 30.700 -944.353 -20.300 29.911 -945.129 -18.556 31.832 -943.671 fcn-crackedfloor-side
1182 1 6 2160 0 -1 0 -61.535 29.629 -961.190 -62.896 28.531 -962.976 -60.715 30.835 -960.063 fcn-crackedfloor-side
1183 1 6 2161 0 -1 0 -58.588 29.627 -961.475 -59.743 28.415 -962.896 -57.201 31.070 -959.840 fcn-crackedfloor-side
1184 1 6 2162 0 -1 0 -53.040 30.198 -945.275 -53.677 29.944 -946.624 -51.960 30.695 -944.177 fcn-crackedfloor-side
1185 1 6 2163 0 -1 0 -52.215 30.239 -947.240 -53.281 29.927 -948.510 -51.007 30.849 -945.812 fcn-crackedfloor-side
1186 1 6 2164 0 -1 0 -16.435 29.861 -1123.361 -18.841 28.627 -1124.571 -13.950 31.064 -1121.176 fcn-crackedfloor-side
1187 1 6 2165 0 -1 0 -18.581 29.534 -1121.582 -20.188 28.551 -1122.995 -15.992 31.043 -1119.588 fcn-crackedfloor-side
1188 1 6 2166 0 -1 0 -67.334 29.563 -1068.100 -69.089 28.925 -1069.815 -66.473 30.629 -1066.085 fcn-crackedfloor-side
1189 1 6 2167 0 -1 0 -59.393 30.255 -1127.508 -61.066 29.915 -1129.373 -58.468 30.918 -1125.612 fcn-crackedfloor-side
1190 1 6 2168 0 -1 0 -72.732 29.561 -982.298 -74.142 28.736 -983.343 -71.100 31.007 -981.065 fcn-crackedfloor-side
1191 1 6 2169 0 -1 0 -74.367 30.206 -1006.774 -75.435 29.949 -1007.837 -73.726 30.706 -1005.411 fcn-crackedfloor-side
1192 1 6 2170 0 -1 0 -69.502 29.394 -1067.027 -70.944 28.792 -1068.230 -68.051 30.255 -1066.162 fcn-crackedfloor-side
1193 1 6 2171 0 -1 0 -82.014 29.902 -1088.530 -83.116 29.295 -1089.481 -81.085 30.826 -1087.742 fcn-crackedfloor-side
1194 1 6 2172 0 -1 0 -78.103 29.652 -1086.953 -79.549 28.782 -1087.964 -77.029 30.719 -1085.873 fcn-crackedfloor-side
1195 1 6 2173 0 -1 0 211.274 30.274 -1214.260 209.752 29.513 -1215.090 212.755 31.738 -1213.371 fcn-crackedfloor-side
1196 1 6 2174 0 -1 0 212.717 30.578 -1222.438 211.421 29.642 -1223.815 214.241 31.987 -1221.619 fcn-crackedfloor-side
1197 1 6 2175 0 -1 0 214.410 30.158 -1215.722 213.786 29.242 -1216.617 215.615 31.797 -1214.345 fcn-crackedfloor-side
1198 1 6 2176 0 -1 0 233.496 29.678 -1235.928 231.923 28.672 -1237.181 234.903 30.723 -1234.955 fcn-crackedfloor-side
1199 1 6 2177 0 -1 0 255.190 29.629 -1268.259 253.829 28.531 -1270.045 256.010 30.835 -1267.132 fcn-crackedfloor-side
1200 1 6 2178 0 -1 0 260.991 29.627 -1268.544 259.836 28.415 -1269.965 262.378 31.070 -1266.909 fcn-crackedfloor-side
1201 1 6 2179 0 -1 0 233.199 29.997 -1265.328 232.212 29.171 -1266.098 234.419 30.739 -1264.400 fcn-crackedfloor-side
1202 1 6 2180 0 -1 0 233.820 30.019 -1264.214 233.084 29.201 -1265.910 235.207 31.369 -1263.207 fcn-crackedfloor-side
1203 1 6 2181 0 -1 0 246.591 29.604 -1254.296 244.990 28.970 -1255.679 248.098 30.794 -1253.554 fcn-crackedfloor-side
1204 1 6 2182 0 -1 0 223.425 29.792 -1266.127 221.706 29.026 -1267.543 224.543 30.971 -1265.381 fcn-crackedfloor-side
1205 1 6 2183 0 -1 0 217.965 29.705 -1274.421 216.847 29.096 -1275.371 219.368 30.870 -1273.357 fcn-crackedfloor-side
1206 1 6 2184 0 -1 0 224.033 29.757 -1274.046 222.980 28.792 -1275.205 225.342 31.085 -1272.978 fcn-crackedfloor-side
1207 1 6 2185 0 -1 0 210.168 30.242 -1271.519 209.301 29.933 -1273.133 211.385 30.844 -1270.359 fcn-crackedfloor-side
1208 1 6 2186 0 -1 0 227.796 29.874 -1273.997 226.183 28.827 -1275.323 229.148 30.855 -1273.095 fcn-crackedfloor-side
1209 1 6 2187 0 -1 0 305.799 29.661 -1318.029 305.253 29.131 -1318.986 306.906 30.652 -1316.834 fcn-crackedfloor-side
1210 1 6 2188 0 -1 0 307.301 29.592 -1317.119 306.214 29.102 -1318.181 308.456 30.448 -1316.570 fcn-crackedfloor-side
1211 1 6 2189 0 -1 0 297.353 30.182 -1320.685 296.329 29.946 -1321.276 298.602 30.643 -1319.682 fcn-crackedfloor-side
1212 1 6 2190 0 -1 0 287.007 30.256 -1290.897 285.240 29.925 -1292.297 288.535 30.902 -1289.421 fcn-crackedfloor-side
1213 1 6 2191 0 -1 0 269.956 30.230 -1292.229 268.235 29.925 -1293.205 272.014 30.825 -1290.561 fcn-crackedfloor-side
1214 1 6 2192 0 -1 0 267.411 29.561 -1289.368 266.001 28.736 -1290.412 269.043 31.007 -1288.134 fcn-crackedfloor-side
1215 1 6 2193 0 -1 0 258.900 30.239 -1302.538 257.160 29.927 -1304.056 260.324 30.849 -1301.597 fcn-crackedfloor-side
1216 1 6 2194 0 -1 0 256.601 30.195 -1303.900 255.612 29.955 -1304.703 257.425 30.663 -1302.872 fcn-crackedfloor-side
1217 1 6 2195 0 -1 0 263.492 30.889 -1295.607 262.505 30.064 -1296.377 264.712 31.632 -1294.678 fcn-crackedfloor-side
1218 1 6 2196 0 -1 0 261.670 30.911 -1293.646 260.934 30.094 -1295.342 263.057 32.262 -1292.639 fcn-crackedfloor-side
1219 1 6 2197 0 -1 0 261.061 30.239 -1300.061 259.768 29.927 -1301.176 262.762 30.849 -1298.585 fcn-crackedfloor-side
1220 1 6 2198 0 -1 0 252.289 29.644 -1312.914 251.145 28.955 -1314.545 253.698 30.592 -1311.799 fcn-crackedfloor-side
1221 1 6 2199 0 -1 0 252.300 30.239 -1317.104 251.241 29.927 -1318.734 253.948 30.849 -1315.524 fcn-crackedfloor-side
1222 1 6 2200 0 -1 0 253.624 29.555 -1305.420 252.465 28.426 -1306.654 254.823 30.929 -1304.471 fcn-crackedfloor-side
1223 1 6 2201 0 -1 0 255.526 30.097 -1304.392 253.913 29.049 -1305.718 256.878 31.077 -1303.490 fcn-crackedfloor-side
1224 1 6 2202 0 -1 0 334.958 29.310 -1360.361 333.430 28.380 -1361.897 336.495 31.033 -1359.196 fcn-crackedfloor-side
1225 1 6 2203 0 -1 0 328.654 29.586 -1368.730 327.224 28.759 -1369.698 330.119 30.637 -1367.523 fcn-crackedfloor-side
1226 1 6 2204 0 -1 0 343.688 30.239 -1364.881 342.709 29.927 -1366.164 344.886 30.849 -1363.565 fcn-crackedfloor-side
1227 1 6 2205 0 -1 0 328.186 29.714 -1363.094 326.033 29.020 -1364.543 329.759 31.058 -1361.934 fcn-crackedfloor-side
1228 1 6 2206 0 -1 0 332.512 29.448 -1361.318 330.571 28.631 -1362.672 333.955 30.494 -1360.050 fcn-crackedfloor-side
1229 1 6 2207 0 -1 0 311.439 29.590 -1367.717 309.936 28.909 -1368.710 312.384 30.527 -1366.448 fcn-crackedfloor-side
1230 1 6 2208 0 -1 0 322.142 29.363 -1364.747 320.582 28.424 -1365.991 323.971 30.790 -1363.148 fcn-crackedfloor-side
1231 1 6 2209 0 -1 0 339.329 30.239 -1391.962 337.824 29.927 -1392.825 341.038 30.849 -1390.494 fcn-crackedfloor-side
1232 1 6 2210 0 -1 0 341.536 30.202 -1392.917 340.071 29.933 -1394.184 342.860 30.728 -1392.179 fcn-crackedfloor-side
1233 1 6 2211 0 -1 0 341.286 30.219 -1390.204 339.312 29.936 -1391.777 342.880 30.772 -1389.272 fcn-crackedfloor-side
1234 1 6 2212 0 -1 0 321.517 30.239 -1389.764 319.958 29.927 -1391.102 322.972 30.849 -1389.016 fcn-crackedfloor-side
1235 1 6 2213 0 -1 0 305.820 30.244 -1370.010 303.809 29.930 -1371.497 307.204 30.856 -1368.809 fcn-crackedfloor-side
1236 1 6 2214 0 -1 0 317.535 29.578 -1371.628 315.793 28.701 -1373.023 318.640 30.880 -1370.911 fcn-crackedfloor-side
1237 1 6 2215 0 -1 0 304.968 29.680 -1384.733 303.202 28.877 -1386.598 306.363 31.184 -1383.302 fcn-crackedfloor-side
1238 1 6 2216 0 -1 0 305.250 29.794 -1387.545 303.595 29.116 -1388.738 306.545 30.757 -1385.756 fcn-crackedfloor-side
1239 1 6 2217 0 -1 0 302.101 30.248 -1370.180 300.892 29.933 -1371.558 304.026 30.862 -1368.813 fcn-crackedfloor-side
1240 1 6 2218 0 -1 0 316.843 29.570 -1395.267 315.545 29.027 -1396.785 317.682 30.612 -1394.353 fcn-crackedfloor-side
1241 1 6 2219 0 -1 0 174.839 30.239 -1172.777 173.846 29.927 -1173.818 176.155 30.849 -1171.450 fcn-crackedfloor-side
1242 1 6 2220 0 -1 0 201.205 30.239 -1173.837 199.544 29.927 -1175.431 202.757 30.849 -1172.252 fcn-crackedfloor-side
1243 1 6 2221 0 -1 0 141.143 30.281 -1155.927 139.646 29.924 -1157.049 142.603 30.977 -1154.563 fcn-crackedfloor-side
1244 1 6 2222 0 -1 0 146.202 30.229 -1154.354 145.118 29.938 -1154.992 147.702 30.797 -1153.300 fcn-crackedfloor-side
1245 1 6 2223 0 -1 0 145.899 30.283 -1140.089 144.651 29.921 -1141.490 147.357 30.988 -1138.922 fcn-crackedfloor-side
1246 1 6 2224 0 -1 0 154.140 30.231 -1169.599 153.300 29.935 -1170.719 155.545 30.809 -1168.630 fcn-crackedfloor-side
1247 1 6 2225 0 -1 0 133.983 29.707 -1156.245 132.244 29.057 -1157.346 135.275 31.027 -1155.256 fcn-crackedfloor-side
1248 1 6 2226 0 -1 0 134.088 29.542 -1143.955 132.585 28.909 -1145.191 135.558 30.440 -1143.050 fcn-crackedfloor-side
1249 1 6 2227 0 -1 0 130.496 29.553 -1140.794 129.153 28.892 -1141.697 131.961 30.378 -1139.441 fcn-crackedfloor-side
1250 1 6 2228 0 -1 0 123.281 30.133 -1160.838 122.462 29.671 -1161.578 124.162 30.886 -1159.795 fcn-crackedfloor-side
1251 1 6 2229 0 -1 0 194.183 30.239 -1184.063 192.467 29.927 -1184.949 196.436 30.849 -1182.497 fcn-crackedfloor-side
1252 1 6 2230 0 -1 0 195.601 30.239 -1181.225 194.027 29.927 -1182.945 196.489 30.849 -1178.980 fcn-crackedfloor-side
1253 1 6 2231 0 -1 0 198.082 30.197 -1179.117 196.644 29.947 -1180.257 199.327 30.684 -1177.954 fcn-crackedfloor-side
1254 1 6 2232 0 -1 0 164.139 30.181 -1183.427 163.326 29.950 -1184.570 164.952 30.633 -1182.706 fcn-crackedfloor-side
1255 1 6 2233 0 -1 0 169.192 29.959 -1175.988 168.296 29.177 -1177.269 170.591 31.375 -1174.966 fcn-crackedfloor-side
1256 1 6 2234 0 -1 0 161.065 30.239 -1181.610 160.127 29.927 -1183.083 162.395 30.849 -1179.920 fcn-crackedfloor-side
1257 1 6 2235 0 -1 0 176.858 30.256 -1198.287 175.949 29.925 -1199.790 178.219 30.901 -1196.738 fcn-crackedfloor-side
1258 1 6 2236 0 -1 0 184.066 29.445 -1198.707 182.498 28.553 -1200.558 184.882 31.105 -1196.686 fcn-crackedfloor-side
1259 1 6 2237 0 -1 0 53.800 30.453 -1151.409 52.931 29.770 -1152.297 54.903 31.593 -1150.408 fcn-crackedfloor-side
1260 1 6 2238 0 -1 0 38.269 30.453 -1150.332 36.845 29.558 -1151.691 39.141 31.782 -1149.577 fcn-crackedfloor-side
1261 1 6 2239 0 -1 0 51.090 30.634 -1152.086 49.717 30.031 -1152.954 52.113 31.782 -1151.224 fcn-crackedfloor-side
1262 1 6 2240 0 -1 0 46.336 30.461 -1156.121 45.338 29.513 -1157.195 47.033 31.260 -1154.743 fcn-crackedfloor-side
1263 1 6 2241 0 -1 0 -14.700 30.206 -1149.204 -16.021 29.945 -1150.268 -13.835 30.716 -1148.169 fcn-crackedfloor-side
1264 1 6 2242 0 -1 0 -16.245 30.206 -1158.053 -17.480 29.945 -1159.298 -15.297 30.716 -1156.964 fcn-crackedfloor-side
1265 1 6 2243 0 -1 0 -17.940 30.188 -1141.972 -18.606 29.941 -1143.303 -16.788 30.670 -1140.751 fcn-crackedfloor-side
1266 1 6 2244 0 -1 0 -12.007 30.029 -1129.036 -12.662 29.408 -1130.156 -10.759 31.096 -1127.700 fcn-crackedfloor-side
1267 1 6 2245 0 -1 0 -9.531 29.831 -1129.254 -10.702 29.010 -1130.182 -8.539 30.797 -1128.386 fcn-crackedfloor-side
1268 1 6 2246 0 -1 0 8.496 30.293 -1159.759 7.700 29.578 -1161.326 9.769 31.744 -1158.501 fcn-crackedfloor-side
1269 1 16 3740 0 -1 0 10.881 55.541 -358.540 9.763 52.721 -359.101 12.535 57.474 -357.503 fcn-tree
1270 1 16 3743 0 -1 0 111.701 53.624 -461.782 109.477 51.436 -462.468 113.950 55.145 -461.114 fcn-tree
1271 1 16 3747 0 -1 0 144.992 45.209 -599.145 138.819 39.022 -602.156 150.446 49.245 -597.682 fcn-tree
1272 1 16 3748 0 -1 0 104.383 44.755 -582.634 102.049 38.072 -586.532 106.252 49.069 -579.899 fcn-tree
1273 1 16 3750 0 -1 0 183.740 54.961 -747.887 181.231 48.111 -750.611 185.101 59.679 -743.893 fcn-tree
1274 1 16 3751 0 -1 0 219.579 53.669 -763.677 217.777 47.624 -768.788 223.568 58.059 -759.638 fcn-tree
1275 1 16 3757 0 -1 0 328.115 45.759 -1323.470 325.374 38.165 -1325.198 330.830 52.059 -1321.872 fcn-tree
1276 1 16 3764 0 -1 0 -38.816 48.508 -1071.630 -40.797 40.574 -1076.293 -35.190 54.364 -1068.029 fcn-tree
1277 1 16 3765 0 -1 0 300.517 48.245 -1363.312 298.247 41.727 -1365.377 304.132 52.377 -1361.038 fcn-tree
1278 1 6 2297 0 -1 0 -24.893 29.577 -262.169 -28.581 28.335 -264.931 -22.123 31.088 -258.859 fcn-crackedfloor-side
1279 1 6 2299 0 -1 0 163.135 29.489 -500.837 158.237 28.341 -503.583 166.479 31.143 -496.343 fcn-crackedfloor-side
1280 1 6 2306 0 -1 0 223.089 29.577 -807.904 219.492 28.309 -810.907 226.993 30.697 -804.095 fcn-crackedfloor-side
1281 1 6 2307 0 -1 0 179.366 29.444 -813.684 175.447 28.276 -817.212 183.114 30.892 -809.172 fcn-crackedfloor-side
1282 1 6 2310 0 -1 0 -0.297 30.251 -908.608 -5.192 29.931 -911.821 3.381 30.571 -904.717 fcn-crackedfloor-side
1283 1 6 2329 0 -1 0 108.244 30.188 -1134.721 105.510 29.948 -1138.362 111.809 30.428 -1131.173 fcn-crackedfloor-side
1284 1 16 3752 0 -1 0 115.310 58.789 -878.870 113.072 54.893 -879.595 118.146 61.393 -877.212 fcn-tree
1285 1 16 3739 0 -1 0 40.731 63.845 -391.149 39.784 59.469 -393.541 41.714 66.641 -389.203 fcn-tree
1286 1 16 3742 0 -1 0 103.877 61.739 -453.889 102.762 57.893 -454.996 104.796 64.530 -453.087 fcn-tree
1287 1 16 3744 0 -1 0 112.572 58.117 -492.154 110.823 54.558 -493.437 113.945 60.340 -490.840 fcn-tree
1288 1 16 3746 0 -1 0 171.095 56.060 -710.686 169.523 50.145 -713.062 172.712 60.502 -708.895 fcn-tree
1289 1 16 3753 0 -1 0 123.204 61.007 -862.883 120.636 56.065 -866.628 125.014 64.189 -859.345 fcn-tree
1290 1 16 3754 0 -1 0 143.379 60.232 -855.428 141.762 55.046 -856.862 144.516 63.907 -854.288 fcn-tree
1291 1 16 3755 0 -1 0 34.225 52.354 -908.351 32.514 46.885 -910.242 36.067 56.990 -905.333 fcn-tree
1292 1 16 3759 0 -1 0 17.460 55.668 -1171.073 14.105 46.317 -1174.453 19.536 62.252 -1168.888 fcn-tree
1293 1 16 3760 0 -1 0 -97.200 59.157 -987.227 -99.936 51.237 -992.102 -94.493 63.857 -982.727 fcn-tree
1294 1 16 3761 0 -1 0 -36.693 50.614 -915.327 -37.480 48.625 -919.323 -34.904 52.338 -910.656 fcn-tree
1295 1 16 3762 0 -1 0 -117.557 62.514 -1100.127 -119.148 57.317 -1101.701 -116.110 66.415 -1098.791 fcn-tree
1296 1 16 3741 0 -1 0 96.260 57.611 -435.748 94.756 54.125 -438.934 97.045 59.979 -432.317 fcn-tree
1297 1 16 3749 0 -1 0 168.001 52.527 -810.097 166.700 49.059 -813.324 169.151 54.427 -807.236 fcn-tree
1298 1 16 3758 0 -1 0 96.192 54.899 -1178.975 93.908 50.475 -1180.088 98.720 57.985 -1177.932 fcn-tree
1299 1 25 3393 0 -1 0 135.006 26.428 -603.169 132.699 23.527 -607.371 136.237 28.678 -597.551 fcn-envmap
1300 1 25 3397 0 -1 0 190.977 24.621 -793.296 187.838 19.431 -795.891 193.936 28.284 -790.430 fcn-envmap
1301 1 25 3401 0 -1 0 -52.231 23.889 -1113.621 -54.167 21.307 -1117.672 -50.938 26.796 -1108.728 fcn-envmap
1302 1 25 3405 0 -1 0 -96.421 24.268 -1066.101 -99.641 21.610 -1069.160 -93.579 27.109 -1061.571 fcn-envmap
1303 1 20 3440 0 -1 0 140.871 26.042 -575.961 136.017 22.010 -581.818 145.726 30.105 -570.265 fcn-stonehengetop
1304 1 20 3443 0 -1 0 135.037 25.304 -579.667 131.850 21.844 -586.029 138.363 28.680 -573.609 fcn-stonehengetop
1305 1 20 3446 0 -1 0 2.513 29.764 -914.673 0.253 26.482 -921.019 4.768 33.139 -908.660 fcn-stonehengetop
1306 1 20 3449 0 -1 0 -14.669 31.746 -947.691 -17.505 29.379 -953.665 -11.667 34.277 -941.364 fcn-stonehengetop
1307 1 20 3452 0 -1 0 -47.897 20.723 -984.379 -50.157 14.659 -989.266 -45.642 26.568 -979.543 fcn-stonehengetop
1308 1 20 3455 0 -1 0 -77.014 23.936 -1038.521 -83.096 20.869 -1042.586 -70.666 27.114 -1034.527 fcn-stonehengetop
1309 1 20 3458 0 -1 0 289.690 25.586 -1335.058 287.044 19.628 -1340.131 292.156 31.349 -1329.919 fcn-stonehengetop
1310 1 6 2247 0 -1 0 -12.734 29.721 -204.119 -16.494 28.737 -208.369 -8.855 30.700 -199.834 fcn-crackedfloor-side
1311 1 6 2248 0 -1 0 -19.711 29.784 -205.798 -22.349 29.107 -208.312 -16.675 30.461 -202.983 fcn-crackedfloor-side
1312 1 6 2249 0 -1 0 -6.146 29.717 -205.872 -9.315 29.041 -207.969 -2.739 30.325 -203.091 fcn-crackedfloor-side
1313 1 6 2250 0 -1 0 -15.798 30.288 -211.535 -20.928 29.910 -215.595 -11.095 30.666 -208.342 fcn-crackedfloor-side
1314 1 6 2251 0 -1 0 16.817 29.798 -301.120 13.529 27.552 -303.920 20.769 32.870 -298.626 fcn-crackedfloor-side
1315 1 6 2252 0 -1 0 -10.870 30.230 -261.382 -13.542 29.925 -265.854 -8.110 30.534 -257.340 fcn-crackedfloor-side
1316 1 6 2253 0 -1 0 6.049 30.147 -304.373 2.384 28.439 -307.572 9.604 32.117 -301.589 fcn-crackedfloor-side
1317 1 6 2254 0 -1 0 103.083 29.606 -426.926 99.813 28.265 -430.025 106.003 30.938 -423.497 fcn-crackedfloor-side
1318 1 6 2255 0 -1 0 107.139 29.236 -432.125 103.904 27.554 -435.193 109.996 30.907 -428.784 fcn-crackedfloor-side
1319 1 6 2256 0 -1 0 113.275 30.230 -457.952 109.992 29.925 -461.064 116.303 30.534 -454.375 fcn-crackedfloor-side
1320 1 6 2257 0 -1 0 147.033 30.295 -496.453 142.922 29.914 -501.143 150.242 30.676 -491.412 fcn-crackedfloor-side
1321 1 6 2258 0 -1 0 160.258 30.230 -639.800 156.986 29.925 -642.926 164.002 30.534 -637.040 fcn-crackedfloor-side
1322 1 6 2259 0 -1 0 163.363 30.230 -624.789 160.079 29.925 -627.901 166.390 30.534 -621.212 fcn-crackedfloor-side
1323 1 6 2260 0 -1 0 168.126 30.230 -629.645 164.778 29.925 -633.587 171.117 30.534 -626.183 fcn-crackedfloor-side
1324 1 6 2261 0 -1 0 140.300 30.230 -655.745 137.027 29.925 -658.870 144.043 30.534 -652.985 fcn-crackedfloor-side
1325 1 6 2262 0 -1 0 212.234 29.693 -704.209 207.999 28.620 -707.159 217.060 30.759 -701.544 fcn-crackedfloor-side
1326 1 6 2263 0 -1 0 199.396 30.191 -685.303 196.066 29.946 -687.841 202.394 30.436 -682.928 fcn-crackedfloor-side
1327 1 6 2264 0 -1 0 206.871 29.715 -688.670 203.955 27.806 -691.242 209.309 31.609 -686.382 fcn-crackedfloor-side
1328 1 6 2265 0 -1 0 121.561 29.327 -636.267 118.374 27.907 -639.374 125.015 30.966 -633.591 fcn-crackedfloor-side
1329 1 6 2266 0 -1 0 211.655 29.999 -803.379 209.073 29.214 -805.812 214.525 30.780 -800.681 fcn-crackedfloor-side
1330 1 6 2267 0 -1 0 217.268 30.230 -806.069 214.235 29.925 -808.903 220.094 30.534 -802.812 fcn-crackedfloor-side
1331 1 6 2268 0 -1 0 145.172 30.188 -893.763 142.492 29.944 -896.098 148.184 30.432 -891.528 fcn-crackedfloor-side
1332 1 6 2269 0 -1 0 110.916 30.230 -912.063 106.532 29.925 -914.940 115.012 30.534 -909.614 fcn-crackedfloor-side
1333 1 6 2270 0 -1 0 87.725 29.848 -919.418 84.524 29.099 -922.525 90.768 30.649 -915.846 fcn-crackedfloor-side
1334 1 6 2271 0 -1 0 -22.086 30.200 -957.652 -26.083 29.951 -960.152 -18.499 30.449 -955.024 fcn-crackedfloor-side
1335 1 6 2272 0 -1 0 -40.102 30.200 -965.055 -43.181 29.951 -967.579 -37.418 30.449 -962.210 fcn-crackedfloor-side
1336 1 6 2273 0 -1 0 -40.986 30.017 -1117.627 -44.294 29.373 -1121.538 -37.341 30.793 -1114.248 fcn-crackedfloor-side
1337 1 6 2274 0 -1 0 -54.841 30.230 -1017.993 -57.841 29.925 -1021.442 -51.482 30.534 -1014.062 fcn-crackedfloor-side
1338 1 6 2275 0 -1 0 -65.808 30.180 -1083.289 -68.155 29.952 -1085.596 -63.108 30.409 -1080.786 fcn-crackedfloor-side
1339 1 6 2276 0 -1 0 -100.584 30.078 -1076.930 -102.037 29.797 -1079.262 -98.948 30.356 -1074.337 fcn-crackedfloor-side
1340 1 6 2277 0 -1 0 -101.385 30.078 -1071.605 -102.839 29.797 -1073.936 -99.750 30.356 -1069.011 fcn-crackedfloor-side
1341 1 6 2278 0 -1 0 -90.915 29.793 -1090.870 -94.022 29.255 -1092.705 -88.080 30.457 -1089.313 fcn-crackedfloor-side
1342 1 6 2279 0 -1 0 204.610 30.230 -1171.376 201.337 29.925 -1174.373 208.278 30.534 -1168.274 fcn-crackedfloor-side
1343 1 6 2280 0 -1 0 238.478 29.815 -1223.506 236.030 28.738 -1227.478 241.719 30.769 -1219.818 fcn-crackedfloor-side
1344 1 6 2281 0 -1 0 249.189 29.798 -1249.103 246.311 28.790 -1253.207 252.290 30.693 -1245.391 fcn-crackedfloor-side
1345 1 6 2282 0 -1 0 226.366 30.180 -1267.911 224.164 29.939 -1270.937 228.921 30.421 -1265.046 fcn-crackedfloor-side
1346 1 6 2283 0 -1 0 291.285 30.230 -1291.506 288.381 29.925 -1295.204 294.585 30.534 -1287.298 fcn-crackedfloor-side
1347 1 6 2284 0 -1 0 254.310 30.230 -1321.980 251.486 29.925 -1325.712 256.964 30.534 -1317.847 fcn-crackedfloor-side
1348 1 6 2285 0 -1 0 317.027 30.230 -1367.705 312.322 29.925 -1370.735 321.236 30.534 -1364.458 fcn-crackedfloor-side
1349 1 6 2286 0 -1 0 316.468 30.207 -1390.108 313.872 29.937 -1394.423 319.292 30.478 -1386.199 fcn-crackedfloor-side
1350 1 6 2287 0 -1 0 117.698 29.323 -1140.624 115.344 28.119 -1143.068 119.828 30.499 -1138.104 fcn-crackedfloor-side
1351 1 6 2288 0 -1 0 114.010 30.230 -1131.935 111.769 29.925 -1135.614 116.880 30.534 -1128.522 fcn-crackedfloor-side
1352 1 6 2289 0 -1 0 137.697 30.180 -1157.520 134.592 29.952 -1159.896 140.497 30.409 -1155.339 fcn-crackedfloor-side
1353 1 6 2290 0 -1 0 138.944 29.544 -1155.138 136.563 28.054 -1157.893 141.155 31.023 -1152.891 fcn-crackedfloor-side
1354 1 6 2291 0 -1 0 106.132 29.734 -1152.784 104.533 28.973 -1156.464 108.029 30.681 -1149.360 fcn-crackedfloor-side
1355 1 6 2292 0 -1 0 199.320 30.216 -1182.691 195.966 29.942 -1185.337 203.045 30.491 -1179.849 fcn-crackedfloor-side
1356 1 6 2293 0 -1 0 166.225 30.230 -1193.739 163.416 29.925 -1197.888 169.430 30.534 -1189.980 fcn-crackedfloor-side
1357 1 6 2294 0 -1 0 0.602 29.718 -1135.670 -1.532 29.489 -1138.498 3.008 29.946 -1132.983 fcn-crackedfloor-side
1358 1 6 2295 0 -1 0 -5.001 29.769 -1129.722 -8.484 28.300 -1132.612 -1.694 31.162 -1126.833 fcn-crackedfloor-side
1359 1 6 2296 0 -1 0 -23.845 29.983 -213.915 -27.357 29.181 -217.445 -20.036 30.943 -209.888 fcn-crackedfloor-side
1360 1 6 2298 0 -1 0 -17.921 30.251 -258.224 -21.840 29.931 -261.229 -13.700 30.571 -254.453 fcn-crackedfloor-side
1361 1 6 2300 0 -1 0 160.412 30.274 -533.825 155.099 29.920 -537.680 164.786 30.628 -528.444 fcn-crackedfloor-side
1362 1 6 2301 0 -1 0 145.099 30.251 -518.667 141.712 29.931 -522.393 148.758 30.571 -513.913 fcn-crackedfloor-side
1363 1 6 2302 0 -1 0 204.929 30.251 -680.262 201.584 29.931 -684.792 210.098 30.571 -677.468 fcn-crackedfloor-side
1364 1 6 2303 0 -1 0 185.023 30.197 -689.056 182.130 29.941 -692.887 189.132 30.453 -686.523 fcn-crackedfloor-side
1365 1 6 2304 0 -1 0 191.851 30.254 -718.284 187.538 29.927 -722.146 195.868 30.582 -715.200 fcn-crackedfloor-side
1366 1 6 2305 0 -1 0 126.559 30.251 -632.436 122.878 29.931 -636.563 128.829 30.571 -629.791 fcn-crackedfloor-side
1367 1 6 2308 0 -1 0 204.316 30.188 -847.929 200.972 29.948 -850.819 206.980 30.428 -844.932 fcn-crackedfloor-side
1368 1 6 2309 0 -1 0 158.987 30.251 -880.359 155.727 29.931 -883.642 163.666 30.571 -875.252 fcn-crackedfloor-side
1369 1 6 2311 0 -1 0 -57.247 30.202 -941.152 -60.719 29.944 -943.940 -52.978 30.460 -938.666 fcn-crackedfloor-side
1370 1 6 2312 0 -1 0 -26.411 30.200 -971.401 -29.272 29.846 -974.968 -24.005 30.558 -967.382 fcn-crackedfloor-side
1371 1 6 2313 0 -1 0 -48.170 30.200 -959.278 -51.031 29.846 -962.846 -45.764 30.558 -955.259 fcn-crackedfloor-side
1372 1 6 2314 0 -1 0 -63.311 30.202 -952.259 -65.539 29.944 -955.466 -59.730 30.460 -947.754 fcn-crackedfloor-side
1373 1 6 2315 0 -1 0 90.029 30.251 -1126.516 85.858 29.931 -1130.095 94.421 30.571 -1121.992 fcn-crackedfloor-side
1374 1 6 2316 0 -1 0 -55.804 30.251 -1071.986 -59.049 29.931 -1075.675 -51.954 30.571 -1067.114 fcn-crackedfloor-side
1375 1 6 2317 0 -1 0 -84.864 30.065 -1002.851 -88.452 29.191 -1006.867 -80.325 30.936 -998.705 fcn-crackedfloor-side
1376 1 6 2318 0 -1 0 -91.366 30.251 -1023.331 -96.090 29.931 -1027.698 -87.790 30.571 -1019.291 fcn-crackedfloor-side
1377 1 6 2319 0 -1 0 207.241 30.019 -1224.664 203.914 28.539 -1227.508 209.802 31.771 -1222.099 fcn-crackedfloor-side
1378 1 6 2320 0 -1 0 219.966 30.251 -1263.259 216.319 29.931 -1267.257 224.921 30.571 -1260.141 fcn-crackedfloor-side
1379 1 6 2321 0 -1 0 339.053 30.251 -1364.652 334.743 29.931 -1368.610 342.885 30.571 -1361.464 fcn-crackedfloor-side
1380 1 6 2322 0 -1 0 305.875 30.029 -1379.370 302.655 29.202 -1383.713 309.820 30.853 -1375.642 fcn-crackedfloor-side
1381 1 6 2323 0 -1 0 321.601 30.251 -1394.333 317.842 29.931 -1397.805 326.132 30.571 -1390.507 fcn-crackedfloor-side
1382 1 6 2324 0 -1 0 334.072 29.785 -1394.126 330.111 28.566 -1397.436 338.212 30.738 -1390.223 fcn-crackedfloor-side
1383 1 6 2325 0 -1 0 313.235 29.984 -1396.234 310.488 29.209 -1399.658 317.852 30.819 -1391.050 fcn-crackedfloor-side
1384 1 6 2326 0 -1 0 167.773 30.251 -1168.325 162.893 29.931 -1173.285 171.176 30.571 -1164.455 fcn-crackedfloor-side
1385 1 6 2327 0 -1 0 145.352 30.222 -1169.025 142.395 29.944 -1172.626 148.550 30.500 -1166.262 fcn-crackedfloor-side
1386 1 6 2328 0 -1 0 124.150 30.084 -1165.817 119.979 29.764 -1169.396 128.543 30.404 -1161.293 fcn-crackedfloor-side
1387 1 6 2330 0 -1 0 108.381 30.188 -1128.950 105.389 29.948 -1131.821 110.791 30.428 -1125.717 fcn-crackedfloor-side
1388 1 6 2331 0 -1 0 104.959 29.941 -1160.021 102.713 29.174 -1163.136 107.095 30.882 -1157.070 fcn-crackedfloor-side
1389 1 6 2332 0 -1 0 169.560 30.251 -1180.859 165.133 29.931 -1184.314 173.185 30.571 -1176.166 fcn-crackedfloor-side
1390 1 6 2333 0 -1 0 173.494 29.291 -1195.650 168.677 27.726 -1200.476 176.769 31.190 -1192.143 fcn-crackedfloor-side
1391 1 6 2334 0 -1 0 161.756 29.267 -1186.655 156.913 28.008 -1191.560 165.054 30.837 -1183.045 fcn-crackedfloor-side
1392 1 6 2335 0 -1 0 10.227 30.186 -302.791 7.170 29.943 -305.289 12.593 30.430 -299.815 fcn-crackedfloor-side
1393 1 6 2336 0 -1 0 -4.731 30.230 -260.004 -7.883 29.925 -261.917 -1.432 30.534 -257.449 fcn-crackedfloor-side
1394 1 6 2337 0 -1 0 109.724 30.351 -420.574 106.784 27.994 -424.798 113.103 33.097 -417.234 fcn-crackedfloor-side
1395 1 6 2338 0 -1 0 124.344 28.913 -412.396 120.844 27.473 -415.925 127.471 30.638 -409.437 fcn-crackedfloor-side
1396 1 6 2339 0 -1 0 118.669 29.209 -470.239 115.661 28.110 -473.588 122.409 30.504 -466.784 fcn-crackedfloor-side
1397 1 6 2340 0 -1 0 51.263 30.230 -915.352 47.901 29.925 -918.191 53.867 30.534 -912.102 fcn-crackedfloor-side
1398 1 6 2341 0 -1 0 102.651 30.230 -1126.718 100.103 29.925 -1130.009 105.970 30.534 -1123.898 fcn-crackedfloor-side
1399 1 6 2342 0 -1 0 -77.418 30.248 -1002.773 -80.960 29.917 -1006.629 -73.966 30.579 -999.903 fcn-crackedfloor-side
1400 1 6 2343 0 -1 0 237.185 29.816 -1213.695 233.991 29.026 -1217.297 241.083 30.697 -1210.556 fcn-crackedfloor-side
1401 1 6 2344 0 -1 0 220.442 29.817 -1269.279 217.390 28.944 -1273.002 224.337 30.621 -1266.124 fcn-crackedfloor-side
1402 1 6 2345 0 -1 0 206.566 30.230 -1265.213 202.954 29.925 -1268.108 209.572 30.534 -1261.610 fcn-crackedfloor-side
1403 1 6 2346 0 -1 0 230.123 30.161 -1261.876 225.803 28.567 -1265.517 233.245 31.987 -1258.446 fcn-crackedfloor-side
1404 1 6 2347 0 -1 0 301.597 30.211 -1295.615 299.151 29.945 -1298.377 304.928 30.477 -1292.445 fcn-crackedfloor-side
1405 1 6 2348 0 -1 0 296.274 30.199 -1294.864 293.230 29.637 -1297.959 299.072 30.752 -1292.361 fcn-crackedfloor-side
1406 1 6 2349 0 -1 0 331.555 30.242 -1365.651 328.492 29.920 -1369.409 335.303 30.564 -1362.268 fcn-crackedfloor-side
1407 1 6 2350 0 -1 0 307.512 30.355 -1366.671 305.401 30.124 -1368.612 310.045 30.585 -1364.210 fcn-crackedfloor-side
1408 1 6 2351 0 -1 0 275.603 30.211 -1332.833 272.528 29.945 -1335.961 278.135 30.477 -1330.263 fcn-crackedfloor-side
1409 1 6 2352 0 -1 0 289.286 29.837 -1329.680 285.977 29.086 -1332.819 291.699 30.550 -1326.918 fcn-crackedfloor-side
1410 1 6 2353 0 -1 0 349.947 30.295 -1385.078 346.451 29.914 -1388.251 352.972 30.676 -1381.380 fcn-crackedfloor-side
1411 1 6 2354 0 -1 0 343.868 29.435 -1395.863 341.461 27.964 -1399.058 347.294 30.651 -1392.691 fcn-crackedfloor-side
1412 1 6 2355 0 -1 0 304.286 29.791 -1396.207 301.557 28.941 -1399.581 307.818 30.775 -1393.133 fcn-crackedfloor-side
1413 1 6 2356 0 -1 0 160.670 30.230 -1166.016 157.206 29.925 -1169.168 163.735 30.534 -1162.273 fcn-crackedfloor-side
1414 1 6 2357 0 -1 0 113.593 30.230 -1127.301 111.045 29.925 -1130.592 116.912 30.534 -1124.480 fcn-crackedfloor-side
1415 1 6 2358 0 -1 0 121.971 29.363 -1172.410 119.014 28.303 -1174.849 124.227 30.775 -1169.686 fcn-crackedfloor-side
1416 1 6 2359 0 -1 0 108.130 29.798 -1145.783 105.575 29.078 -1149.002 111.409 30.625 -1142.943 fcn-crackedfloor-side
1417 1 6 2360 0 -1 0 146.329 29.711 -1179.733 144.010 27.977 -1183.011 149.167 31.143 -1177.335 fcn-crackedfloor-side
1418 1 6 2361 0 -1 0 202.177 30.230 -1251.361 198.564 29.925 -1254.256 205.183 30.534 -1247.758 fcn-crackedfloor-side
1419 1 6 2362 0 -1 0 -14.240 30.230 -1140.610 -17.431 29.925 -1143.572 -10.611 30.534 -1137.083 fcn-crackedfloor-side
1420 1 18 3440 0 -1 0 140.856 26.180 -575.733 137.184 23.029 -579.810 145.060 28.624 -571.119 fcn-metal-pitted-01
1421 1 18 3443 0 -1 0 135.224 25.209 -579.502 131.026 22.390 -584.226 139.146 27.919 -575.324 fcn-metal-pitted-01
1422 1 18 3446 0 -1 0 2.366 29.860 -914.472 -1.294 27.066 -919.157 6.565 32.719 -909.924 fcn-metal-pitted-01
1423 1 18 3449 0 -1 0 -14.496 31.815 -947.881 -18.649 29.099 -952.057 -10.639 35.023 -943.280 fcn-metal-pitted-01
1424 1 18 3452 0 -1 0 -48.044 20.928 -984.293 -51.704 18.037 -988.366 -43.845 24.486 -980.667 fcn-metal-pitted-01
1425 1 18 3455 0 -1 0 -77.152 24.025 -1038.731 -80.871 21.270 -1042.738 -72.436 26.977 -1034.471 fcn-metal-pitted-01
1426 1 18 3458 0 -1 0 289.811 25.738 -1335.240 285.853 22.539 -1339.507 293.404 28.521 -1331.447 fcn-metal-pitted-01
1427 1 18 3439 0 -1 0 136.974 22.702 -580.653 134.217 20.199 -582.794 139.313 25.991 -578.624 fcn-metal-pitted-01
1428 1 18 3442 0 -1 0 134.136 27.899 -586.057 131.304 24.627 -588.074 136.846 30.247 -583.689 fcn-metal-pitted-01
1429 1 18 3445 0 -1 0 2.033 27.299 -921.158 -0.841 24.940 -923.361 4.862 30.539 -918.802 fcn-metal-pitted-01
1430 1 18 3448 0 -1 0 -15.124 30.370 -940.888 -17.914 28.100 -943.487 -12.383 33.401 -938.483 fcn-metal-pitted-01
1431 1 18 3451 0 -1 0 -48.377 14.573 -987.593 -51.251 11.637 -990.247 -45.548 17.634 -986.041 fcn-metal-pitted-01
1432 1 18 3454 0 -1 0 -70.699 21.725 -1036.623 -73.117 19.387 -1039.095 -68.739 24.927 -1033.930 fcn-metal-pitted-01
1433 1 18 3457 0 -1 0 290.272 19.544 -1331.663 287.258 16.882 -1333.226 293.556 22.601 -1330.163 fcn-metal-pitted-01
1434 1 5 2077 0 -1 0 -3.038 30.806 -209.590 -5.214 30.654 -211.491 -0.893 30.857 -208.507 fcn-crackedfloor
1435 1 5 2078 0 -1 0 0.034 30.019 -207.372 -2.734 29.768 -209.516 2.257 30.328 -206.018 fcn-crackedfloor
1436 1 5 2079 0 -1 0 -1.894 30.739 -247.331 -3.199 29.707 -248.282 -0.824 31.606 -246.577 fcn-crackedfloor
1437 1 5 2080 0 -1 0 -4.369 30.451 -254.010 -5.387 29.597 -254.565 -3.254 31.877 -253.491 fcn-crackedfloor
1438 1 5 2081 0 -1 0 -13.371 31.025 -215.715 -15.177 30.892 -216.903 -12.189 31.069 -214.128 fcn-crackedfloor
1439 1 5 2082 0 -1 0 -4.475 31.447 -215.304 -7.016 31.259 -216.976 -2.810 31.509 -213.071 fcn-crackedfloor
1440 1 5 2083 0 -1 0 19.500 30.473 -302.289 18.812 29.368 -303.500 20.709 31.815 -301.500 fcn-crackedfloor
1441 1 5 2084 0 -1 0 13.065 30.630 -301.115 12.051 29.999 -302.636 13.828 31.765 -299.913 fcn-crackedfloor
1442 1 5 2085 0 -1 0 35.222 30.814 -339.688 33.603 30.708 -341.009 36.635 30.849 -338.891 fcn-crackedfloor
1443 1 5 2086 0 -1 0 -15.099 30.814 -262.609 -16.340 30.708 -263.771 -13.424 30.849 -261.408 fcn-crackedfloor
1444 1 5 2087 0 -1 0 -0.401 30.794 -260.337 -2.288 30.645 -261.473 1.920 30.844 -258.513 fcn-crackedfloor
1445 1 5 2088 0 -1 0 0.104 31.043 -308.987 -1.303 30.391 -309.482 1.606 32.239 -308.414 fcn-crackedfloor
1446 1 5 2089 0 -1 0 2.699 30.724 -307.537 2.031 29.906 -308.782 3.234 31.820 -306.009 fcn-crackedfloor
1447 1 5 2090 0 -1 0 -19.131 30.919 -262.737 -21.069 30.800 -263.951 -17.600 30.959 -261.321 fcn-crackedfloor
1448 1 5 2091 0 -1 0 118.307 30.156 -410.405 117.233 29.459 -411.721 119.600 31.389 -409.312 fcn-crackedfloor
1449 1 5 2092 0 -1 0 115.598 29.993 -406.915 114.221 29.324 -407.543 117.191 31.243 -405.872 fcn-crackedfloor
1450 1 5 2093 0 -1 0 119.140 29.921 -411.689 118.623 28.799 -413.095 120.045 31.124 -410.133 fcn-crackedfloor
1451 1 5 2094 0 -1 0 120.029 30.237 -411.349 119.171 29.376 -412.657 121.444 31.544 -410.075 fcn-crackedfloor
1452 1 5 2095 0 -1 0 115.362 30.411 -424.521 115.204 29.028 -425.307 115.539 32.042 -423.221 fcn-crackedfloor
1453 1 5 2096 0 -1 0 73.248 30.929 -365.789 71.367 30.808 -367.269 74.780 30.969 -364.868 fcn-crackedfloor
1454 1 5 2097 0 -1 0 72.573 30.929 -374.620 70.796 30.808 -376.140 74.262 30.969 -373.738 fcn-crackedfloor
1455 1 5 2098 0 -1 0 77.531 30.814 -372.527 76.768 30.708 -374.064 78.855 30.849 -371.049 fcn-crackedfloor
1456 1 5 2099 0 -1 0 59.639 30.320 -380.341 58.261 28.895 -381.472 60.836 31.234 -378.933 fcn-crackedfloor
1457 1 5 2100 0 -1 0 64.008 30.234 -381.745 62.102 29.466 -382.788 65.737 31.523 -380.988 fcn-crackedfloor
1458 1 5 2101 0 -1 0 24.819 30.814 -349.788 24.055 30.708 -351.327 26.143 30.849 -348.311 fcn-crackedfloor
1459 1 5 2102 0 -1 0 157.521 30.910 -502.588 155.972 30.793 -503.535 159.459 30.949 -501.078 fcn-crackedfloor
1460 1 5 2103 0 -1 0 145.226 30.814 -508.064 143.905 30.708 -509.478 146.023 30.849 -506.446 fcn-crackedfloor
1461 1 5 2104 0 -1 0 159.778 30.532 -511.867 158.729 29.671 -513.259 161.062 31.716 -510.328 fcn-crackedfloor
1462 1 5 2105 0 -1 0 147.267 30.909 -649.117 145.825 30.793 -650.891 148.692 30.948 -647.665 fcn-crackedfloor
1463 1 5 2106 0 -1 0 163.722 31.185 -669.285 161.583 31.031 -670.716 165.041 31.237 -667.490 fcn-crackedfloor
1464 1 5 2107 0 -1 0 183.291 30.352 -706.548 182.290 29.655 -707.634 184.018 31.529 -705.448 fcn-crackedfloor
1465 1 5 2108 0 -1 0 186.699 30.062 -711.645 185.786 29.279 -712.819 187.916 30.903 -710.571 fcn-crackedfloor
1466 1 5 2109 0 -1 0 188.821 30.662 -687.087 187.505 30.577 -688.127 189.903 30.690 -686.442 fcn-crackedfloor
1467 1 5 2110 0 -1 0 179.409 30.703 -693.728 178.019 30.612 -694.747 180.395 30.734 -692.893 fcn-crackedfloor
1468 1 5 2111 0 -1 0 206.618 31.706 -740.078 205.595 31.020 -741.141 207.727 32.535 -738.865 fcn-crackedfloor
1469 1 5 2112 0 -1 0 206.117 31.197 -737.471 205.521 30.693 -739.042 207.048 32.146 -736.020 fcn-crackedfloor
1470 1 5 2113 0 -1 0 200.040 30.231 -850.650 198.447 29.680 -851.654 201.667 31.267 -849.599 fcn-crackedfloor
1471 1 5 2114 0 -1 0 208.042 30.814 -849.472 207.051 30.708 -850.529 209.397 30.849 -848.164 fcn-crackedfloor
1472 1 5 2115 0 -1 0 199.438 30.814 -848.467 198.225 30.708 -849.127 200.989 30.849 -847.366 fcn-crackedfloor
1473 1 5 2116 0 -1 0 209.267 30.105 -865.560 208.117 29.545 -866.620 210.960 31.007 -864.342 fcn-crackedfloor
1474 1 5 2117 0 -1 0 192.727 30.067 -853.772 192.208 29.328 -855.592 193.612 31.149 -852.671 fcn-crackedfloor
1475 1 5 2118 0 -1 0 200.972 30.027 -853.808 200.063 29.029 -855.558 201.571 30.835 -852.646 fcn-crackedfloor
1476 1 5 2119 0 -1 0 207.100 30.075 -853.673 206.069 28.990 -855.017 208.545 31.070 -852.422 fcn-crackedfloor
1477 1 5 2120 0 -1 0 187.473 30.209 -845.460 185.800 29.178 -846.372 188.933 31.375 -844.841 fcn-crackedfloor
1478 1 5 2121 0 -1 0 179.721 29.820 -848.223 178.947 28.655 -849.641 180.836 31.175 -847.247 fcn-crackedfloor
1479 1 5 2122 0 -1 0 192.096 30.333 -855.520 191.315 29.229 -857.294 193.081 31.026 -853.959 fcn-crackedfloor
1480 1 5 2123 0 -1 0 189.991 30.221 -899.011 188.367 29.567 -900.638 191.817 31.100 -897.426 fcn-crackedfloor
1481 1 5 2124 0 -1 0 198.734 30.047 -895.414 197.195 29.596 -896.273 200.633 30.532 -894.028 fcn-crackedfloor
1482 1 5 2125 0 -1 0 200.035 30.834 -906.025 197.722 30.725 -907.791 201.813 30.870 -904.892 fcn-crackedfloor
1483 1 5 2126 0 -1 0 178.673 30.870 -913.077 176.363 30.757 -914.925 180.615 30.908 -911.944 fcn-crackedfloor
1484 1 5 2127 0 -1 0 156.483 29.981 -875.824 154.953 29.357 -876.379 158.102 31.068 -874.940 fcn-crackedfloor
1485 1 5 2128 0 -1 0 159.311 30.814 -907.909 158.540 30.708 -909.465 160.638 30.849 -906.439 fcn-crackedfloor
1486 1 5 2129 0 -1 0 154.373 29.895 -869.402 153.625 29.047 -870.862 155.285 30.958 -868.061 fcn-crackedfloor
1487 1 5 2130 0 -1 0 154.560 29.980 -868.010 153.981 29.416 -869.075 155.221 30.720 -867.053 fcn-crackedfloor
1488 1 5 2131 0 -1 0 131.550 30.906 -886.382 129.860 30.790 -887.978 132.805 30.945 -885.057 fcn-crackedfloor
1489 1 5 2132 0 -1 0 143.185 30.814 -902.758 141.094 30.708 -903.937 144.548 30.849 -901.760 fcn-crackedfloor
1490 1 5 2133 0 -1 0 137.583 30.876 -911.333 135.623 30.762 -912.747 138.927 30.914 -910.068 fcn-crackedfloor
1491 1 5 2134 0 -1 0 120.897 30.075 -893.457 119.866 28.990 -894.801 122.342 31.070 -892.206 fcn-crackedfloor
1492 1 5 2135 0 -1 0 117.623 30.027 -893.592 116.714 29.029 -895.342 118.222 30.835 -892.430 fcn-crackedfloor
1493 1 5 2136 0 -1 0 115.454 30.814 -898.269 114.407 30.708 -899.215 116.607 30.849 -896.752 fcn-crackedfloor
1494 1 5 2137 0 -1 0 125.594 30.814 -909.811 124.449 30.708 -910.959 127.015 30.849 -908.635 fcn-crackedfloor
1495 1 5 2138 0 -1 0 117.743 30.814 -902.151 116.697 30.708 -903.097 118.896 30.849 -900.634 fcn-crackedfloor
1496 1 5 2139 0 -1 0 106.408 30.918 -914.047 105.166 30.799 -916.114 107.924 30.957 -912.581 fcn-crackedfloor
1497 1 5 2140 0 -1 0 113.783 30.886 -923.863 112.541 30.771 -925.930 115.299 30.925 -922.397 fcn-crackedfloor
1498 1 5 2141 0 -1 0 112.176 30.814 -908.845 110.557 30.708 -910.050 113.359 30.849 -907.937 fcn-crackedfloor
1499 1 5 2142 0 -1 0 83.393 30.814 -911.406 82.136 30.708 -912.207 85.030 30.849 -910.156 fcn-crackedfloor
1500 1 5 2143 0 -1 0 86.154 30.814 -912.362 84.828 30.708 -913.712 87.086 30.849 -911.341 fcn-crackedfloor
1501 1 5 2144 0 -1 0 89.127 29.887 -914.014 87.906 29.288 -915.763 90.917 30.937 -912.661 fcn-crackedfloor
1502 1 5 2145 0 -1 0 100.539 30.105 -912.892 99.390 29.545 -913.952 102.233 31.007 -911.674 fcn-crackedfloor
1503 1 5 2146 0 -1 0 62.854 30.886 -924.079 61.159 30.772 -925.158 65.060 30.924 -922.395 fcn-crackedfloor
1504 1 5 2147 0 -1 0 90.334 29.982 -923.531 89.400 29.214 -924.760 91.619 30.996 -921.710 fcn-crackedfloor
1505 1 5 2148 0 -1 0 50.968 29.887 -910.111 49.434 29.046 -910.948 53.090 30.992 -908.705 fcn-crackedfloor
1506 1 5 2149 0 -1 0 6.738 30.568 -910.385 6.144 29.930 -911.559 7.815 31.649 -909.025 fcn-crackedfloor
1507 1 5 2150 0 -1 0 6.568 30.227 -908.213 5.349 29.472 -909.080 7.909 31.053 -907.121 fcn-crackedfloor
1508 1 5 2151 0 -1 0 4.881 29.669 -924.853 3.909 28.965 -925.881 6.189 30.785 -924.144 fcn-crackedfloor
1509 1 5 2152 0 -1 0 4.928 30.352 -917.448 4.202 29.258 -918.562 5.829 31.483 -916.426 fcn-crackedfloor
1510 1 5 2153 0 -1 0 6.769 29.950 -922.897 5.726 29.148 -924.104 7.815 30.764 -921.714 fcn-crackedfloor
1511 1 5 2154 0 -1 0 8.850 30.558 -914.220 8.061 29.934 -915.342 9.610 31.421 -912.620 fcn-crackedfloor
1512 1 5 2155 0 -1 0 -12.410 31.277 -942.131 -12.988 30.728 -943.101 -12.045 32.050 -940.947 fcn-crackedfloor
1513 1 5 2156 0 -1 0 0.551 31.190 -919.787 -0.148 30.624 -921.330 1.344 32.248 -918.471 fcn-crackedfloor
1514 1 5 2157 0 -1 0 -17.473 31.523 -937.505 -18.351 30.683 -938.153 -16.642 32.316 -936.986 fcn-crackedfloor
1515 1 5 2158 0 -1 0 -53.091 30.531 -943.524 -53.948 30.462 -944.450 -52.578 30.553 -942.486 fcn-crackedfloor
1516 1 5 2159 0 -1 0 -19.387 30.925 -944.718 -20.300 30.202 -945.129 -18.556 31.832 -944.181 fcn-crackedfloor
1517 1 5 2160 0 -1 0 -61.987 30.027 -961.226 -62.896 29.029 -962.976 -61.388 30.835 -960.063 fcn-crackedfloor
1518 1 5 2161 0 -1 0 -58.713 30.075 -961.090 -59.743 28.990 -962.435 -57.268 31.070 -959.840 fcn-crackedfloor
1519 1 5 2162 0 -1 0 -53.023 30.666 -945.290 -53.677 30.581 -946.624 -51.960 30.695 -944.177 fcn-crackedfloor
1520 1 5 2163 0 -1 0 -52.210 30.814 -947.267 -53.281 30.708 -948.510 -51.007 30.849 -945.812 fcn-crackedfloor
1521 1 5 2164 0 -1 0 -16.294 30.410 -1123.076 -18.841 29.416 -1124.317 -13.950 31.064 -1121.176 fcn-crackedfloor
1522 1 5 2165 0 -1 0 -18.509 30.083 -1121.247 -20.188 29.369 -1122.664 -15.992 31.043 -1119.588 fcn-crackedfloor
1523 1 5 2166 0 -1 0 -67.450 30.188 -1067.932 -69.089 29.902 -1069.778 -66.498 30.629 -1066.085 fcn-crackedfloor
1524 1 5 2167 0 -1 0 -59.407 30.880 -1127.477 -61.066 30.765 -1129.373 -58.468 30.918 -1125.612 fcn-crackedfloor
1525 1 5 2168 0 -1 0 -72.993 30.105 -982.283 -74.142 29.545 -983.343 -71.299 31.007 -981.065 fcn-crackedfloor
1526 1 5 2169 0 -1 0 -74.385 30.677 -1006.760 -75.435 30.591 -1007.837 -73.726 30.706 -1005.411 fcn-crackedfloor
1527 1 5 2170 0 -1 0 -69.416 29.933 -1066.913 -70.944 29.608 -1068.158 -68.051 30.255 -1066.162 fcn-crackedfloor
1528 1 5 2171 0 -1 0 -82.285 30.218 -1088.639 -83.116 29.764 -1089.481 -81.407 30.826 -1087.795 fcn-crackedfloor
1529 1 5 2172 0 -1 0 -78.043 30.111 -1086.641 -79.549 29.419 -1087.541 -77.029 30.719 -1085.873 fcn-crackedfloor
1530 1 5 2173 0 -1 0 211.339 30.549 -1213.760 209.752 29.848 -1214.342 212.755 31.738 -1213.371 fcn-crackedfloor
1531 1 5 2174 0 -1 0 213.038 30.938 -1222.750 211.794 30.144 -1223.815 214.241 31.987 -1222.006 fcn-crackedfloor
1532 1 5 2175 0 -1 0 214.913 30.322 -1215.497 214.533 29.409 -1216.326 215.615 31.797 -1214.345 fcn-crackedfloor
1533 1 5 2176 0 -1 0 233.286 30.177 -1235.664 231.923 29.360 -1236.868 234.754 30.723 -1234.955 fcn-crackedfloor
1534 1 5 2177 0 -1 0 254.738 30.027 -1268.295 253.829 29.029 -1270.045 255.337 30.835 -1267.132 fcn-crackedfloor
1535 1 5 2178 0 -1 0 260.867 30.075 -1268.159 259.836 28.990 -1269.504 262.312 31.070 -1266.909 fcn-crackedfloor
1536 1 5 2179 0 -1 0 233.411 30.252 -1265.053 232.429 29.515 -1265.758 234.419 30.739 -1264.400 fcn-crackedfloor
1537 1 5 2180 0 -1 0 234.203 30.406 -1264.398 233.607 29.768 -1265.910 235.207 31.369 -1263.393 fcn-crackedfloor
1538 1 5 2181 0 -1 0 246.770 30.131 -1254.404 245.071 29.780 -1255.679 248.098 30.794 -1253.609 fcn-crackedfloor
1539 1 5 2182 0 -1 0 223.277 30.235 -1266.451 221.706 29.689 -1267.543 224.438 30.971 -1265.802 fcn-crackedfloor
1540 1 5 2183 0 -1 0 218.017 30.191 -1274.709 216.847 29.817 -1275.371 219.368 30.870 -1273.732 fcn-crackedfloor
1541 1 5 2184 0 -1 0 223.819 30.256 -1274.235 222.980 29.495 -1275.205 225.179 31.085 -1273.191 fcn-crackedfloor
1542 1 5 2185 0 -1 0 210.191 30.809 -1271.533 209.301 30.705 -1273.133 211.385 30.844 -1270.359 fcn-crackedfloor
1543 1 5 2186 0 -1 0 227.603 30.275 -1274.361 226.183 29.389 -1275.323 229.016 30.855 -1273.556 fcn-crackedfloor
1544 1 5 2187 0 -1 0 305.999 30.028 -1317.909 305.500 29.684 -1318.897 306.906 30.652 -1316.834 fcn-crackedfloor
1545 1 5 2188 0 -1 0 307.425 30.002 -1317.188 306.282 29.727 -1318.181 308.456 30.448 -1316.593 fcn-crackedfloor
1546 1 5 2189 0 -1 0 297.367 30.616 -1320.670 296.329 30.536 -1321.276 298.602 30.643 -1319.682 fcn-crackedfloor
1547 1 5 2190 0 -1 0 287.040 30.865 -1290.892 285.240 30.753 -1292.297 288.535 30.902 -1289.421 fcn-crackedfloor
1548 1 5 2191 0 -1 0 269.981 30.790 -1292.205 268.235 30.688 -1293.205 272.014 30.825 -1290.561 fcn-crackedfloor
1549 1 5 2192 0 -1 0 267.150 30.105 -1289.352 266.001 29.545 -1290.412 268.844 31.007 -1288.134 fcn-crackedfloor
1550 1 5 2193 0 -1 0 258.880 30.814 -1302.565 257.160 30.708 -1304.056 260.324 30.849 -1301.597 fcn-crackedfloor
1551 1 5 2194 0 -1 0 256.601 30.636 -1303.922 255.612 30.555 -1304.703 257.425 30.663 -1302.872 fcn-crackedfloor
1552 1 5 2195 0 -1 0 263.704 31.145 -1295.332 262.722 30.408 -1296.037 264.712 31.632 -1294.678 fcn-crackedfloor
1553 1 5 2196 0 -1 0 262.052 31.299 -1293.830 261.457 30.661 -1295.342 263.057 32.262 -1292.825 fcn-crackedfloor
1554 1 5 2197 0 -1 0 261.077 30.814 -1300.032 259.768 30.708 -1301.176 262.762 30.849 -1298.585 fcn-crackedfloor
1555 1 5 2198 0 -1 0 252.335 30.195 -1313.072 251.145 29.778 -1314.545 253.698 30.592 -1311.948 fcn-crackedfloor
1556 1 5 2199 0 -1 0 252.331 30.814 -1317.130 251.241 30.708 -1318.734 253.948 30.849 -1315.524 fcn-crackedfloor
1557 1 5 2200 0 -1 0 253.455 29.987 -1305.760 252.465 28.989 -1306.654 254.730 30.929 -1304.946 fcn-crackedfloor
1558 1 5 2201 0 -1 0 255.333 30.497 -1304.757 253.913 29.611 -1305.718 256.746 31.077 -1303.951 fcn-crackedfloor
1559 1 5 2202 0 -1 0 335.334 29.730 -1360.495 333.849 28.979 -1361.897 336.495 31.033 -1359.229 fcn-crackedfloor
1560 1 5 2203 0 -1 0 328.512 30.089 -1368.970 327.224 29.478 -1369.698 330.078 30.637 -1367.804 fcn-crackedfloor
1561 1 5 2204 0 -1 0 343.695 30.814 -1364.904 342.709 30.708 -1366.164 344.886 30.849 -1363.565 fcn-crackedfloor
1562 1 5 2205 0 -1 0 328.036 30.257 -1362.857 326.033 29.813 -1364.289 329.718 31.058 -1361.934 fcn-crackedfloor
1563 1 5 2206 0 -1 0 332.555 29.960 -1361.130 330.571 29.369 -1362.489 333.955 30.494 -1360.050 fcn-crackedfloor
1564 1 5 2207 0 -1 0 311.446 30.134 -1367.532 309.936 29.722 -1368.495 312.384 30.527 -1366.448 fcn-crackedfloor
1565 1 5 2208 0 -1 0 322.511 29.843 -1364.583 320.976 29.133 -1365.927 323.971 30.790 -1363.148 fcn-crackedfloor
1566 1 5 2209 0 -1 0 339.352 30.814 -1391.940 337.824 30.708 -1392.825 341.038 30.849 -1390.494 fcn-crackedfloor
1567 1 5 2210 0 -1 0 341.515 30.698 -1392.935 340.071 30.607 -1394.184 342.860 30.728 -1392.179 fcn-crackedfloor
1568 1 5 2211 0 -1 0 341.264 30.740 -1390.228 339.312 30.645 -1391.777 342.880 30.772 -1389.272 fcn-crackedfloor
1569 1 5 2212 0 -1 0 321.494 30.814 -1389.779 319.958 30.708 -1391.102 322.972 30.849 -1389.016 fcn-crackedfloor
1570 1 5 2213 0 -1 0 305.805 30.820 -1370.042 303.809 30.715 -1371.497 307.204 30.856 -1368.809 fcn-crackedfloor
1571 1 5 2214 0 -1 0 317.332 29.930 -1372.034 315.793 29.204 -1373.023 318.440 30.880 -1371.478 fcn-crackedfloor
1572 1 5 2215 0 -1 0 304.706 30.263 -1384.789 303.202 29.760 -1386.598 306.156 31.184 -1383.302 fcn-crackedfloor
1573 1 5 2216 0 -1 0 305.217 30.389 -1387.417 303.595 30.015 -1388.642 306.545 30.757 -1385.756 fcn-crackedfloor
1574 1 5 2217 0 -1 0 302.111 30.827 -1370.148 300.892 30.720 -1371.558 304.026 30.862 -1368.813 fcn-crackedfloor
1575 1 5 2218 0 -1 0 316.667 30.100 -1395.401 315.545 29.835 -1396.785 317.470 30.612 -1394.477 fcn-crackedfloor
1576 1 5 2219 0 -1 0 174.812 30.814 -1172.776 173.846 30.708 -1173.818 176.155 30.849 -1171.450 fcn-crackedfloor
1577 1 5 2220 0 -1 0 201.180 30.814 -1173.842 199.544 30.708 -1175.431 202.757 30.849 -1172.252 fcn-crackedfloor
1578 1 5 2221 0 -1 0 141.169 30.936 -1155.920 139.646 30.816 -1157.049 142.603 30.977 -1154.563 fcn-crackedfloor
1579 1 5 2222 0 -1 0 146.214 30.764 -1154.335 145.118 30.666 -1154.992 147.702 30.797 -1153.300 fcn-crackedfloor
1580 1 5 2223 0 -1 0 145.898 30.947 -1140.061 144.651 30.825 -1141.490 147.357 30.988 -1138.922 fcn-crackedfloor
1581 1 5 2224 0 -1 0 154.146 30.775 -1169.574 153.300 30.675 -1170.719 155.545 30.809 -1168.630 fcn-crackedfloor
1582 1 5 2225 0 -1 0 133.823 30.151 -1155.916 132.244 29.700 -1156.907 135.183 31.027 -1155.256 fcn-crackedfloor
1583 1 5 2226 0 -1 0 134.175 30.095 -1143.826 132.585 29.744 -1145.098 135.558 30.440 -1143.050 fcn-crackedfloor
1584 1 5 2227 0 -1 0 130.629 30.091 -1140.641 129.180 29.720 -1141.599 131.961 30.378 -1139.441 fcn-crackedfloor
1585 1 5 2228 0 -1 0 123.105 30.528 -1160.849 122.462 30.282 -1161.578 124.002 30.886 -1159.795 fcn-crackedfloor
1586 1 5 2229 0 -1 0 194.204 30.814 -1184.045 192.467 30.708 -1184.949 196.436 30.849 -1182.497 fcn-crackedfloor
1587 1 5 2230 0 -1 0 195.583 30.814 -1181.204 194.027 30.708 -1182.945 196.489 30.849 -1178.980 fcn-crackedfloor
1588 1 5 2231 0 -1 0 198.083 30.656 -1179.137 196.644 30.572 -1180.257 199.327 30.684 -1177.954 fcn-crackedfloor
1589 1 5 2232 0 -1 0 164.158 30.606 -1183.433 163.326 30.528 -1184.570 164.952 30.633 -1182.706 fcn-crackedfloor
1590 1 5 2233 0 -1 0 169.274 30.422 -1176.319 168.349 29.858 -1177.269 170.591 31.375 -1175.354 fcn-crackedfloor
1591 1 5 2234 0 -1 0 161.074 30.814 -1181.642 160.127 30.708 -1183.083 162.395 30.849 -1179.920 fcn-crackedfloor
1592 1 5 2235 0 -1 0 176.868 30.864 -1198.314 175.949 30.752 -1199.790 178.219 30.901 -1196.738 fcn-crackedfloor
1593 1 5 2236 0 -1 0 183.927 29.953 -1198.938 182.498 29.302 -1200.558 184.786 31.105 -1196.790 fcn-crackedfloor
1594 1 5 2237 0 -1 0 53.791 30.855 -1150.999 52.931 30.372 -1151.741 54.903 31.593 -1150.408 fcn-crackedfloor
1595 1 5 2238 0 -1 0 38.003 30.884 -1150.603 36.845 30.180 -1151.691 38.805 31.782 -1149.903 fcn-crackedfloor
1596 1 5 2239 0 -1 0 51.066 31.062 -1151.704 49.717 30.654 -1152.402 52.113 31.782 -1151.224 fcn-crackedfloor
1597 1 5 2240 0 -1 0 45.937 30.706 -1155.962 45.338 29.828 -1157.076 46.475 31.260 -1154.743 fcn-crackedfloor
1598 1 5 2241 0 -1 0 -14.709 30.687 -1149.229 -16.021 30.598 -1150.268 -13.835 30.716 -1148.169 fcn-crackedfloor
1599 1 5 2242 0 -1 0 -16.257 30.687 -1158.081 -17.480 30.598 -1159.298 -15.297 30.716 -1156.964 fcn-crackedfloor
1600 1 5 2243 0 -1 0 -17.924 30.642 -1141.991 -18.606 30.559 -1143.303 -16.788 30.670 -1140.751 fcn-crackedfloor
1601 1 5 2244 0 -1 0 -11.795 30.388 -1128.855 -12.416 29.939 -1129.989 -10.759 31.096 -1127.700 fcn-crackedfloor
1602 1 5 2245 0 -1 0 -9.449 30.189 -1128.987 -10.702 29.485 -1129.827 -8.539 30.797 -1128.386 fcn-crackedfloor
1603 1 5 2246 0 -1 0 8.964 30.603 -1159.880 8.396 29.983 -1161.326 9.769 31.744 -1158.558 fcn-crackedfloor
1604 1 18 3393 0 -1 0 135.612 27.409 -600.312 134.755 25.824 -602.028 136.237 28.635 -598.692 fcn-metal-pitted-01
1605 1 18 3397 0 -1 0 193.038 22.432 -792.625 192.198 20.752 -794.362 193.688 24.107 -791.027 fcn-metal-pitted-01
1606 1 18 3401 0 -1 0 -52.198 23.295 -1110.926 -52.986 22.016 -1112.511 -51.626 24.916 -1109.533 fcn-metal-pitted-01
1607 1 18 3405 0 -1 0 -94.466 23.709 -1064.235 -95.493 22.369 -1065.527 -93.825 25.361 -1062.928 fcn-metal-pitted-01
1608 1 2 1655 0 -1 0 143.050 15.742 -568.377 139.548 13.005 -569.791 147.459 19.223 -565.707 fcn-rockwall-cliffside
1609 1 2 1659 0 -1 0 118.451 15.742 -567.224 113.035 13.005 -569.011 125.793 19.223 -564.404 fcn-rockwall-cliffside
1610 1 2 1663 0 -1 0 147.976 15.742 -609.413 142.709 13.005 -612.073 152.190 19.223 -608.060 fcn-rockwall-cliffside
1611 1 2 1667 0 -1 0 127.615 15.742 -608.552 122.349 13.005 -611.211 131.830 19.223 -607.198 fcn-rockwall-cliffside
1612 1 2 1671 0 -1 0 205.452 15.608 -787.342 203.677 12.871 -791.398 208.255 19.090 -784.673 fcn-rockwall-cliffside
1613 1 2 1675 0 -1 0 204.472 15.608 -799.942 202.979 12.871 -803.410 207.156 19.090 -797.274 fcn-rockwall-cliffside
1614 1 2 1679 0 -1 0 205.326 15.742 -807.647 200.161 13.005 -810.348 209.181 19.223 -806.047 fcn-rockwall-cliffside
1615 1 2 1683 0 -1 0 189.791 15.742 -782.143 184.374 13.005 -783.930 197.132 19.223 -779.323 fcn-rockwall-cliffside
1616 1 2 1687 0 -1 0 -32.245 15.742 -1107.315 -36.910 13.005 -1111.085 -28.000 19.223 -1105.665 fcn-rockwall-cliffside
1617 1 2 1699 0 -1 0 -74.096 15.742 -1035.449 -77.920 13.005 -1037.405 -68.472 19.223 -1032.464 fcn-rockwall-cliffside
1618 1 2 1703 0 -1 0 -96.472 15.742 -1032.043 -101.084 13.005 -1034.120 -89.825 19.223 -1028.961 fcn-rockwall-cliffside
1619 1 2 1727 0 -1 0 -65.902 15.742 -1121.372 -70.567 13.005 -1125.142 -61.657 19.223 -1119.722 fcn-rockwall-cliffside
1620 1 2 1739 0 -1 0 308.522 15.742 -1317.630 304.383 13.005 -1320.049 312.441 19.223 -1312.980 fcn-rockwall-cliffside
1621 1 2 1743 0 -1 0 333.251 15.742 -1360.498 328.094 13.005 -1364.238 337.819 19.223 -1358.870 fcn-rockwall-cliffside
1622 1 2 1747 0 -1 0 297.274 15.742 -1327.431 293.130 13.005 -1329.832 301.213 19.223 -1322.796 fcn-rockwall-cliffside
1623 1 2 1751 0 -1 0 287.428 15.742 -1334.801 283.252 13.005 -1336.927 291.606 19.223 -1330.440 fcn-rockwall-cliffside
1624 1 2 1759 0 -1 0 121.843 15.742 -1159.413 119.196 13.005 -1164.257 125.311 19.223 -1156.490 fcn-rockwall-cliffside
1625 1 2 1763 0 -1 0 106.207 15.742 -1163.769 102.942 13.005 -1167.419 108.534 19.223 -1158.041 fcn-rockwall-cliffside
1626 1 2 1767 0 -1 0 112.619 15.742 -1151.585 109.688 13.005 -1154.164 117.448 19.223 -1148.163 fcn-rockwall-cliffside
1627 1 19 3393 0 -1 0 134.820 26.509 -602.379 132.699 23.527 -607.371 136.237 28.678 -597.551 fcn-precursor-metal-plain-01
1628 1 19 3397 0 -1 0 191.178 23.874 -793.039 187.838 19.431 -795.891 193.936 28.284 -790.430 fcn-precursor-metal-plain-01
1629 1 19 3401 0 -1 0 -52.594 23.823 -1112.981 -54.167 21.307 -1117.672 -51.166 26.796 -1108.728 fcn-precursor-metal-plain-01
1630 1 19 3405 0 -1 0 -96.226 24.174 -1065.395 -99.641 21.610 -1069.160 -93.579 27.109 -1061.571 fcn-precursor-metal-plain-01
1631 1 6 1955 0 -1 0 -7.424 30.517 -243.077 -8.933 29.377 -244.189 -5.989 31.970 -241.669 fcn-crackedfloor-side
1632 1 6 1956 0 -1 0 -7.134 30.795 -254.218 -8.395 29.290 -255.398 -5.476 32.389 -253.362 fcn-crackedfloor-side
1633 1 6 1957 0 -1 0 3.629 30.265 -305.932 2.442 28.989 -307.755 5.152 31.761 -304.349 fcn-crackedfloor-side
1634 1 6 1958 0 -1 0 18.977 30.193 -300.529 17.125 28.368 -302.625 20.992 32.218 -298.908 fcn-crackedfloor-side
1635 1 6 1959 0 -1 0 45.752 29.521 -333.454 44.064 28.631 -335.481 47.809 30.852 -331.200 fcn-crackedfloor-side
1636 1 6 1960 0 -1 0 32.246 30.155 -341.265 30.395 29.932 -343.277 33.987 30.729 -339.121 fcn-crackedfloor-side
1637 1 6 1961 0 -1 0 2.997 30.087 -302.673 1.802 28.641 -304.036 4.494 31.733 -300.928 fcn-crackedfloor-side
1638 1 6 1962 0 -1 0 114.398 30.381 -410.331 112.753 30.202 -412.005 115.903 30.843 -408.508 fcn-crackedfloor-side
1639 1 6 1963 0 -1 0 125.687 31.345 -416.346 123.464 29.672 -418.135 128.001 33.346 -414.077 fcn-crackedfloor-side
1640 1 6 1964 0 -1 0 109.003 29.689 -415.022 107.661 27.535 -417.180 109.899 32.093 -412.810 fcn-crackedfloor-side
1641 1 6 1965 0 -1 0 121.461 31.277 -414.215 119.829 29.615 -415.875 123.480 33.324 -412.337 fcn-crackedfloor-side
1642 1 6 1966 0 -1 0 123.616 30.830 -436.768 121.688 30.112 -438.937 125.437 31.943 -435.034 fcn-crackedfloor-side
1643 1 6 1967 0 -1 0 133.466 30.376 -433.680 131.796 28.890 -435.685 135.442 32.282 -431.919 fcn-crackedfloor-side
1644 1 6 1968 0 -1 0 80.572 30.140 -383.183 78.654 29.941 -384.939 82.570 30.653 -381.597 fcn-crackedfloor-side
1645 1 6 1969 0 -1 0 84.307 30.140 -383.168 82.673 29.941 -384.988 85.845 30.653 -381.251 fcn-crackedfloor-side
1646 1 6 1970 0 -1 0 80.631 30.140 -373.789 78.997 29.941 -375.609 82.170 30.653 -371.873 fcn-crackedfloor-side
1647 1 6 1971 0 -1 0 84.172 29.747 -405.461 82.397 28.747 -407.568 86.098 31.215 -403.218 fcn-crackedfloor-side
1648 1 6 1972 0 -1 0 81.893 29.329 -400.880 80.404 27.950 -402.620 83.625 31.023 -398.718 fcn-crackedfloor-side
1649 1 6 1973 0 -1 0 87.712 30.140 -394.716 85.794 29.941 -396.472 89.710 30.653 -393.130 fcn-crackedfloor-side
1650 1 6 1974 0 -1 0 55.772 29.454 -378.989 54.199 27.831 -380.772 57.639 31.453 -376.982 fcn-crackedfloor-side
1651 1 6 1975 0 -1 0 206.910 29.803 -693.753 205.274 28.838 -695.482 208.302 31.028 -692.203 fcn-crackedfloor-side
1652 1 6 1976 0 -1 0 185.577 29.575 -713.100 183.398 28.016 -715.011 188.127 31.559 -710.798 fcn-crackedfloor-side
1653 1 6 1977 0 -1 0 194.986 30.106 -686.501 193.568 29.956 -687.705 196.412 30.494 -685.126 fcn-crackedfloor-side
1654 1 6 1978 0 -1 0 178.720 30.155 -696.572 176.793 29.932 -698.413 180.841 30.729 -694.674 fcn-crackedfloor-side
1655 1 6 1979 0 -1 0 212.548 30.897 -743.158 210.649 29.767 -745.083 214.517 32.385 -741.583 fcn-crackedfloor-side
1656 1 6 1980 0 -1 0 214.563 30.006 -735.660 213.317 28.215 -737.789 216.039 32.254 -733.897 fcn-crackedfloor-side
1657 1 6 1981 0 -1 0 226.916 30.155 -773.297 225.065 29.932 -775.309 228.657 30.729 -771.154 fcn-crackedfloor-side
1658 1 6 1982 0 -1 0 195.723 29.689 -778.142 193.334 28.999 -780.351 197.751 30.707 -776.168 fcn-crackedfloor-side
1659 1 6 1983 0 -1 0 135.163 30.159 -563.619 133.170 29.919 -565.785 137.038 30.777 -561.311 fcn-crackedfloor-side
1660 1 6 1984 0 -1 0 207.971 29.318 -861.802 205.696 28.180 -863.938 210.004 30.914 -859.388 fcn-crackedfloor-side
1661 1 6 1985 0 -1 0 193.357 29.289 -851.605 191.495 27.952 -853.697 195.472 31.111 -849.632 fcn-crackedfloor-side
1662 1 6 1986 0 -1 0 183.514 26.560 -862.873 182.090 24.761 -865.206 185.310 28.596 -860.962 fcn-crackedfloor-side
1663 1 6 1987 0 -1 0 182.867 30.639 -846.758 180.514 29.271 -848.558 184.887 32.329 -844.868 fcn-crackedfloor-side
1664 1 6 1988 0 -1 0 178.549 30.416 -849.422 176.349 29.045 -851.324 180.535 32.154 -847.337 fcn-crackedfloor-side
1665 1 6 1989 0 -1 0 189.680 29.824 -856.190 187.911 28.078 -858.326 191.793 31.831 -854.264 fcn-crackedfloor-side
1666 1 6 1990 0 -1 0 192.482 29.596 -892.751 191.013 28.988 -894.368 193.959 30.529 -891.257 fcn-crackedfloor-side
1667 1 6 1991 0 -1 0 197.047 29.221 -891.493 194.613 28.013 -893.328 199.544 30.827 -889.371 fcn-crackedfloor-side
1668 1 6 1992 0 -1 0 160.291 29.692 -875.576 158.366 27.685 -877.257 162.362 31.863 -874.393 fcn-crackedfloor-side
1669 1 6 1993 0 -1 0 159.778 29.841 -877.042 158.406 29.253 -878.571 161.478 30.704 -875.578 fcn-crackedfloor-side
1670 1 6 1994 0 -1 0 161.315 30.324 -878.123 160.073 29.411 -879.406 162.699 31.537 -876.538 fcn-crackedfloor-side
1671 1 6 1995 0 -1 0 167.377 29.523 -872.523 165.429 27.726 -874.953 169.667 31.499 -870.597 fcn-crackedfloor-side
1672 1 6 1996 0 -1 0 170.583 29.505 -866.757 168.778 27.984 -868.596 172.597 31.406 -865.146 fcn-crackedfloor-side
1673 1 6 1997 0 -1 0 151.846 30.131 -869.916 149.942 29.930 -872.131 154.041 30.648 -867.719 fcn-crackedfloor-side
1674 1 6 1998 0 -1 0 154.628 30.131 -887.996 152.030 29.930 -889.910 157.159 30.648 -886.167 fcn-crackedfloor-side
1675 1 6 1999 0 -1 0 152.250 30.067 -866.846 150.195 28.934 -868.804 154.253 31.688 -864.610 fcn-crackedfloor-side
1676 1 6 2000 0 -1 0 152.292 30.131 -899.166 150.420 29.930 -902.195 154.036 30.648 -896.291 fcn-crackedfloor-side
1677 1 6 2001 0 -1 0 150.381 30.187 -894.131 148.162 29.921 -896.543 152.468 30.875 -891.562 fcn-crackedfloor-side
1678 1 6 2002 0 -1 0 112.536 30.155 -893.476 110.933 29.932 -895.434 114.147 30.729 -891.478 fcn-crackedfloor-side
1679 1 6 2003 0 -1 0 108.581 30.155 -917.264 106.977 29.932 -919.223 110.192 30.729 -915.266 fcn-crackedfloor-side
1680 1 6 2004 0 -1 0 60.879 30.169 -919.604 58.790 29.919 -921.855 62.854 30.815 -917.196 fcn-crackedfloor-side
1681 1 6 2005 0 -1 0 56.362 30.198 -918.520 53.943 29.900 -920.156 58.663 30.964 -916.712 fcn-crackedfloor-side
1682 1 6 2006 0 -1 0 51.037 30.198 -921.410 48.554 29.900 -924.084 53.382 30.964 -918.550 fcn-crackedfloor-side
1683 1 6 2007 0 -1 0 49.256 30.198 -926.385 47.291 29.900 -928.651 51.213 30.964 -924.364 fcn-crackedfloor-side
1684 1 6 2008 0 -1 0 4.044 30.043 -908.400 2.543 28.336 -910.220 6.015 32.052 -906.390 fcn-crackedfloor-side
1685 1 6 2009 0 -1 0 5.358 29.177 -905.927 3.542 27.993 -907.705 7.321 30.822 -903.866 fcn-crackedfloor-side
1686 1 6 2010 0 -1 0 7.601 29.945 -912.993 5.770 28.766 -914.944 9.593 31.546 -910.849 fcn-crackedfloor-side
1687 1 6 2011 0 -1 0 6.244 29.763 -918.073 5.544 28.118 -920.029 7.311 31.842 -915.897 fcn-crackedfloor-side
1688 1 6 2012 0 -1 0 4.282 30.185 -922.602 2.936 29.188 -923.959 5.934 31.396 -921.305 fcn-crackedfloor-side
1689 1 6 2013 0 -1 0 -1.388 31.026 -915.273 -2.722 30.013 -916.876 -0.295 32.380 -913.778 fcn-crackedfloor-side
1690 1 6 2014 0 -1 0 -15.940 30.017 -936.635 -16.845 28.644 -938.040 -14.812 31.449 -934.937 fcn-crackedfloor-side
1691 1 6 2015 0 -1 0 -13.816 30.489 -937.476 -15.205 29.121 -938.206 -12.242 31.981 -936.434 fcn-crackedfloor-side
1692 1 6 2016 0 -1 0 83.832 30.189 -944.266 81.867 29.902 -946.532 85.789 30.930 -942.245 fcn-crackedfloor-side
1693 1 6 2017 0 -1 0 -11.988 30.766 -943.881 -13.398 29.411 -944.879 -10.428 32.243 -942.555 fcn-crackedfloor-side
1694 1 6 2018 0 -1 0 -18.230 31.279 -943.532 -19.257 29.965 -945.068 -17.520 32.751 -941.984 fcn-crackedfloor-side
1695 1 6 2019 0 -1 0 -19.120 31.017 -946.354 -20.052 29.563 -947.624 -18.395 32.773 -944.818 fcn-crackedfloor-side
1696 1 6 2020 0 -1 0 -48.531 30.155 -954.159 -51.092 29.932 -955.741 -45.805 30.729 -952.694 fcn-crackedfloor-side
1697 1 6 2021 0 -1 0 -45.196 30.155 -964.979 -47.342 29.932 -966.749 -43.326 30.729 -962.991 fcn-crackedfloor-side
1698 1 6 2022 0 -1 0 -75.273 29.685 -971.122 -77.290 28.169 -973.016 -73.259 31.599 -969.706 fcn-crackedfloor-side
1699 1 6 2023 0 -1 0 -71.173 29.318 -978.525 -73.448 28.180 -980.661 -69.140 30.914 -976.111 fcn-crackedfloor-side
1700 1 6 2024 0 -1 0 -80.940 29.596 -995.651 -82.409 28.988 -997.267 -79.463 30.529 -994.156 fcn-crackedfloor-side
1701 1 6 2025 0 -1 0 -88.043 29.429 -995.991 -90.742 28.418 -998.120 -85.878 30.806 -993.736 fcn-crackedfloor-side
1702 1 6 2026 0 -1 0 -84.674 29.558 -992.387 -86.735 27.904 -994.887 -82.348 31.372 -990.447 fcn-crackedfloor-side
1703 1 6 2027 0 -1 0 -76.233 29.624 -1031.373 -78.126 28.462 -1033.159 -74.605 31.053 -1029.224 fcn-crackedfloor-side
1704 1 6 2028 0 -1 0 -68.827 29.670 -1032.714 -70.649 28.968 -1034.660 -66.940 30.821 -1030.389 fcn-crackedfloor-side
1705 1 6 2029 0 -1 0 -96.333 29.818 -1027.334 -98.483 28.848 -1029.567 -94.623 31.109 -1024.938 fcn-crackedfloor-side
1706 1 6 2030 0 -1 0 -92.129 29.651 -1027.739 -94.547 28.705 -1029.825 -89.696 30.987 -1025.379 fcn-crackedfloor-side
1707 1 6 2031 0 -1 0 215.516 30.331 -1212.117 213.427 29.365 -1213.859 217.609 31.697 -1210.669 fcn-crackedfloor-side
1708 1 6 2032 0 -1 0 211.675 30.806 -1194.465 210.104 29.486 -1196.461 212.862 32.443 -1192.305 fcn-crackedfloor-side
1709 1 6 2033 0 -1 0 220.537 30.079 -1218.214 218.999 28.786 -1219.988 221.831 31.674 -1216.604 fcn-crackedfloor-side
1710 1 6 2034 0 -1 0 231.982 29.796 -1264.831 230.715 28.560 -1266.149 233.462 31.314 -1263.314 fcn-crackedfloor-side
1711 1 6 2035 0 -1 0 236.086 30.185 -1265.550 234.627 29.191 -1266.721 237.790 31.430 -1264.119 fcn-crackedfloor-side
1712 1 6 2036 0 -1 0 228.401 29.456 -1277.194 226.506 28.106 -1279.400 230.131 31.198 -1275.156 fcn-crackedfloor-side
1713 1 6 2037 0 -1 0 225.084 29.910 -1272.929 223.474 28.778 -1274.286 226.460 31.373 -1271.723 fcn-crackedfloor-side
1714 1 6 2038 0 -1 0 265.855 29.318 -1285.594 263.580 28.180 -1287.730 267.888 30.914 -1283.180 fcn-crackedfloor-side
1715 1 6 2039 0 -1 0 264.317 30.690 -1294.541 263.036 29.997 -1296.040 265.963 31.624 -1292.922 fcn-crackedfloor-side
1716 1 6 2040 0 -1 0 262.476 30.857 -1295.656 261.208 29.620 -1296.973 263.955 32.374 -1294.138 fcn-crackedfloor-side
1717 1 6 2041 0 -1 0 263.541 31.030 -1298.093 262.319 30.006 -1299.611 264.964 32.230 -1296.441 fcn-crackedfloor-side
1718 1 6 2042 0 -1 0 262.915 30.889 -1292.323 261.667 29.969 -1293.865 264.536 32.029 -1290.797 fcn-crackedfloor-side
1719 1 6 2043 0 -1 0 252.695 29.556 -1309.860 250.985 28.952 -1311.770 254.804 30.575 -1307.855 fcn-crackedfloor-side
1720 1 6 2044 0 -1 0 218.226 29.445 -1283.283 216.021 28.636 -1285.833 219.978 30.708 -1280.433 fcn-crackedfloor-side
1721 1 6 2045 0 -1 0 251.363 30.121 -1302.064 249.848 28.884 -1303.493 252.605 31.653 -1300.804 fcn-crackedfloor-side
1722 1 6 2046 0 -1 0 252.346 29.705 -1306.447 250.953 28.786 -1308.029 253.683 30.895 -1305.226 fcn-crackedfloor-side
1723 1 6 2047 0 -1 0 235.938 29.579 -1302.764 234.533 28.970 -1304.417 237.254 30.469 -1301.417 fcn-crackedfloor-side
1724 1 6 2048 0 -1 0 340.221 30.180 -1359.293 337.525 29.911 -1361.549 342.845 30.873 -1356.878 fcn-crackedfloor-side
1725 1 6 2049 0 -1 0 311.764 29.660 -1365.277 310.288 29.038 -1366.706 313.328 30.518 -1364.065 fcn-crackedfloor-side
1726 1 6 2050 0 -1 0 323.282 30.124 -1367.772 321.577 29.957 -1369.292 324.854 30.555 -1366.394 fcn-crackedfloor-side
1727 1 6 2051 0 -1 0 326.371 30.130 -1366.322 324.487 29.933 -1368.980 328.116 30.636 -1363.465 fcn-crackedfloor-side
1728 1 6 2052 0 -1 0 292.536 29.297 -1328.191 289.976 28.013 -1330.066 294.589 30.867 -1326.464 fcn-crackedfloor-side
1729 1 6 2053 0 -1 0 304.105 30.124 -1367.907 302.497 29.957 -1369.289 305.621 30.555 -1366.610 fcn-crackedfloor-side
1730 1 6 2054 0 -1 0 348.030 29.283 -1374.964 346.529 28.036 -1376.998 350.034 31.078 -1372.615 fcn-crackedfloor-side
1731 1 6 2055 0 -1 0 305.528 29.609 -1390.932 302.672 28.647 -1393.108 307.904 30.978 -1388.913 fcn-crackedfloor-side
1732 1 6 2056 0 -1 0 348.538 29.475 -1393.134 346.721 28.542 -1395.141 350.598 30.931 -1391.222 fcn-crackedfloor-side
1733 1 6 2057 0 -1 0 327.979 29.628 -1395.446 325.890 28.745 -1397.097 329.768 30.799 -1393.762 fcn-crackedfloor-side
1734 1 6 2058 0 -1 0 308.841 29.814 -1397.442 307.217 29.059 -1400.070 310.085 30.879 -1394.605 fcn-crackedfloor-side
1735 1 6 2059 0 -1 0 178.976 30.186 -1151.127 176.157 29.907 -1153.697 181.557 30.903 -1148.756 fcn-crackedfloor-side
1736 1 6 2060 0 -1 0 162.005 30.139 -1170.739 159.216 29.944 -1172.486 164.640 30.641 -1168.819 fcn-crackedfloor-side
1737 1 6 2061 0 -1 0 157.603 30.124 -1169.924 155.264 29.957 -1171.449 159.845 30.555 -1168.331 fcn-crackedfloor-side
1738 1 6 2062 0 -1 0 161.984 30.171 -1161.078 160.388 28.351 -1162.711 163.899 32.358 -1159.209 fcn-crackedfloor-side
1739 1 6 2063 0 -1 0 143.273 30.155 -1153.636 141.376 29.932 -1155.698 144.972 30.729 -1151.496 fcn-crackedfloor-side
1740 1 6 2064 0 -1 0 145.569 30.139 -1156.895 142.783 29.944 -1158.466 148.197 30.641 -1155.150 fcn-crackedfloor-side
1741 1 6 2065 0 -1 0 147.476 30.124 -1164.748 145.985 29.957 -1166.361 148.868 30.555 -1163.174 fcn-crackedfloor-side
1742 1 6 2066 0 -1 0 152.030 30.411 -1160.350 150.197 29.043 -1161.944 153.452 32.178 -1158.733 fcn-crackedfloor-side
1743 1 6 2067 0 -1 0 165.887 30.114 -1185.368 164.494 29.946 -1186.890 167.217 30.549 -1183.691 fcn-crackedfloor-side
1744 1 6 2068 0 -1 0 164.687 30.043 -1176.772 162.974 29.876 -1178.197 166.300 30.474 -1175.356 fcn-crackedfloor-side
1745 1 6 2069 0 -1 0 164.654 29.855 -1174.101 162.342 28.457 -1176.156 166.561 31.609 -1172.474 fcn-crackedfloor-side
1746 1 6 2070 0 -1 0 168.069 30.038 -1175.117 166.466 28.968 -1176.405 169.725 31.360 -1174.027 fcn-crackedfloor-side
1747 1 6 2071 0 -1 0 179.317 30.186 -1201.185 176.793 29.907 -1203.570 181.828 30.903 -1198.714 fcn-crackedfloor-side
1748 1 6 2072 0 -1 0 199.858 30.134 -1242.009 197.910 29.944 -1243.674 201.676 30.622 -1240.441 fcn-crackedfloor-side
1749 1 6 2073 0 -1 0 201.065 30.155 -1246.004 199.150 29.932 -1248.152 202.943 30.729 -1243.717 fcn-crackedfloor-side
1750 1 6 2074 0 -1 0 57.158 31.257 -1147.553 55.541 29.912 -1148.530 58.617 32.716 -1146.275 fcn-crackedfloor-side
1751 1 6 2075 0 -1 0 36.033 30.155 -1131.084 33.846 29.932 -1133.182 38.000 30.729 -1129.074 fcn-crackedfloor-side
1752 1 6 2076 0 -1 0 48.494 31.044 -1154.243 46.687 29.654 -1155.400 50.069 32.634 -1152.719 fcn-crackedfloor-side
1753 1 16 3763 0 -1 0 -108.533 44.398 -1053.075 -112.443 37.814 -1055.063 -105.781 50.811 -1050.761 fcn-tree
1754 1 25 3394 0 -1 0 131.596 21.701 -601.570 128.625 20.004 -605.961 134.683 24.145 -596.387 fcn-envmap
1755 1 25 3395 0 -1 0 128.983 26.438 -602.665 127.333 23.514 -607.089 131.558 28.680 -597.096 fcn-envmap
1756 1 25 3398 0 -1 0 186.432 20.890 -794.695 182.979 16.477 -796.993 190.875 25.152 -791.855 fcn-envmap
1757 1 25 3399 0 -1 0 186.671 22.738 -789.499 183.139 17.738 -791.707 191.071 27.047 -788.087 fcn-envmap
1758 1 25 3402 0 -1 0 -57.979 22.352 -1114.684 -60.102 20.699 -1118.313 -54.920 24.958 -1109.743 fcn-envmap
1759 1 25 3403 0 -1 0 -56.955 27.656 -1113.552 -59.688 25.495 -1117.608 -53.724 29.120 -1108.681 fcn-envmap
1760 1 25 3406 0 -1 0 -101.127 22.163 -1062.947 -104.260 20.662 -1067.068 -96.868 24.599 -1058.578 fcn-envmap
1761 1 25 3407 0 -1 0 -100.018 27.554 -1062.528 -103.506 25.309 -1066.611 -95.898 29.155 -1058.278 fcn-envmap
1762 1 2 1691 0 -1 0 -52.733 15.742 -1074.738 -55.645 13.005 -1077.732 -51.429 19.223 -1071.385 fcn-rockwall-cliffside
1763 1 2 1715 0 -1 0 -92.983 15.500 -1067.233 -96.254 12.763 -1069.919 -90.484 18.981 -1065.731 fcn-rockwall-cliffside
1764 1 2 1723 0 -1 0 -67.638 15.742 -1084.512 -72.441 13.005 -1086.408 -62.334 19.223 -1080.336 fcn-rockwall-cliffside
1765 1 17 3335 0 -1 0 -20.042 29.478 -183.269 -25.093 27.414 -188.903 -14.556 30.798 -177.579 fcn-bridge
1766 1 17 3356 0 -1 0 -25.119 29.847 -180.223 -30.558 28.219 -185.166 -19.978 30.888 -175.371 fcn-bridge
1767 1 2 1545 0 -1 0 -49.924 16.860 -1114.417 -53.499 12.926 -1117.026 -46.214 21.114 -1112.930 fcn-rockwall-cliffside
1768 1 2 1695 0 -1 0 -50.572 15.742 -1115.429 -55.237 13.005 -1119.199 -46.327 19.223 -1113.779 fcn-rockwall-cliffside
1769 1 2 1707 0 -1 0 -76.382 15.742 -1066.495 -81.049 13.005 -1069.182 -72.806 19.223 -1064.987 fcn-rockwall-cliffside
1770 1 2 1711 0 -1 0 -60.708 15.742 -1066.252 -65.375 13.005 -1068.939 -57.132 19.223 -1064.744 fcn-rockwall-cliffside
1771 1 2 1719 0 -1 0 -102.361 15.742 -1070.909 -103.662 13.005 -1074.268 -99.427 19.223 -1067.899 fcn-rockwall-cliffside
1772 1 2 1731 0 -1 0 -84.708 15.742 -1092.167 -89.511 13.005 -1094.063 -79.404 19.223 -1087.991 fcn-rockwall-cliffside
1773 1 2 1735 0 -1 0 -100.027 15.742 -1081.843 -102.335 13.005 -1086.988 -95.328 19.223 -1076.992 fcn-rockwall-cliffside
1774 1 2 1755 0 -1 0 314.890 15.742 -1365.497 309.929 13.005 -1369.172 319.302 19.223 -1363.903 fcn-rockwall-cliffside
1775 1 19 3395 0 -1 0 129.217 26.651 -601.594 127.339 23.514 -607.089 131.558 28.680 -597.096 fcn-precursor-metal-plain-01
1776 1 19 3394 0 -1 0 131.702 22.154 -600.555 128.625 20.297 -605.961 134.683 24.145 -596.387 fcn-precursor-metal-plain-01
1777 1 19 3399 0 -1 0 187.363 21.872 -789.372 183.139 17.738 -791.707 191.071 27.047 -788.087 fcn-precursor-metal-plain-01
1778 1 19 3398 0 -1 0 187.140 20.119 -794.307 182.979 16.477 -796.993 190.875 25.152 -791.855 fcn-precursor-metal-plain-01
1779 1 19 3403 0 -1 0 -57.024 27.322 -1112.610 -59.688 25.495 -1117.608 -53.724 29.006 -1108.681 fcn-precursor-metal-plain-01
1780 1 19 3402 0 -1 0 -57.992 22.285 -1113.686 -60.102 20.699 -1118.313 -54.920 24.958 -1109.743 fcn-precursor-metal-plain-01
1781 1 19 3407 0 -1 0 -99.382 27.225 -1061.829 -103.506 25.309 -1066.611 -95.898 29.080 -1058.278 fcn-precursor-metal-plain-01
1782 1 19 3406 0 -1 0 -100.432 22.105 -1062.229 -104.260 20.662 -1067.068 -96.868 24.599 -1058.578 fcn-precursor-metal-plain-01
1783 1 0 878 0 -1 0 230.835 43.465 -751.607 223.464 35.638 -755.962 236.313 49.093 -745.871 fcn-rockwall
1784 1 17 3388 0 -1 0 327.761 29.580 -1423.710 316.094 27.202 -1435.206 339.735 31.015 -1412.509 fcn-bridge
1785 1 17 3391 0 -1 0 319.954 29.289 -1411.444 309.616 25.972 -1420.730 330.951 31.072 -1402.073 fcn-bridge
1786 1 2 1575 0 -1 0 -92.303 16.618 -1066.522 -95.070 12.684 -1068.231 -89.850 20.872 -1066.016 fcn-rockwall-cliffside
1787 1 2 1510 0 -1 0 205.078 21.400 -787.529 203.674 12.918 -791.305 208.799 28.652 -783.801 fcn-rockwall-cliffside
1788 1 2 1516 0 -1 0 204.121 21.400 -800.146 202.964 12.918 -803.494 207.520 28.652 -796.658 fcn-rockwall-cliffside
1789 1 0 763 0 -1 0 38.867 49.340 -306.772 30.435 37.985 -310.910 44.286 57.488 -301.565 fcn-rockwall
1790 1 0 873 0 -1 0 173.928 44.972 -717.615 168.674 36.158 -722.063 181.869 51.312 -714.420 fcn-rockwall
1791 1 0 883 0 -1 0 108.574 45.483 -479.776 102.990 35.939 -485.520 117.530 52.236 -474.978 fcn-rockwall
1792 1 2 1486 0 -1 0 143.322 21.533 -568.721 138.803 13.051 -569.810 147.611 28.786 -565.274 fcn-rockwall-cliffside
1793 1 2 1498 0 -1 0 147.647 21.533 -609.074 142.514 13.051 -612.567 153.069 28.786 -608.039 fcn-rockwall-cliffside
1794 1 2 1504 0 -1 0 127.286 21.533 -608.212 122.153 13.051 -611.705 132.709 28.786 -607.177 fcn-rockwall-cliffside
1795 1 2 1552 0 -1 0 -73.822 21.533 -1035.836 -79.087 13.051 -1037.388 -68.549 28.786 -1031.921 fcn-rockwall-cliffside
1796 1 2 1558 0 -1 0 -96.137 21.533 -1032.438 -102.431 13.051 -1034.068 -89.876 28.786 -1028.418 fcn-rockwall-cliffside
1797 1 2 1594 0 -1 0 -66.284 21.533 -1121.142 -70.422 13.051 -1125.204 -61.462 28.786 -1119.134 fcn-rockwall-cliffside
1798 1 2 1612 0 -1 0 308.951 21.533 -1317.701 304.001 13.051 -1320.884 312.177 28.786 -1313.646 fcn-rockwall-cliffside
1799 1 2 1624 0 -1 0 297.703 21.533 -1327.506 292.752 13.051 -1330.663 300.951 28.786 -1323.444 fcn-rockwall-cliffside
1800 1 2 1642 0 -1 0 121.427 21.533 -1159.539 119.445 13.051 -1163.783 125.827 28.786 -1155.561 fcn-rockwall-cliffside
1801 1 2 1654 0 -1 0 112.753 21.533 -1151.999 108.759 13.051 -1153.939 117.007 28.786 -1147.644 fcn-rockwall-cliffside
1802 1 18 3392 0 -1 0 132.352 25.423 -596.359 128.124 22.191 -601.008 135.619 28.964 -590.383 fcn-metal-pitted-01
1803 1 18 3396 0 -1 0 190.992 17.409 -791.752 185.623 12.117 -795.535 194.726 22.126 -788.787 fcn-metal-pitted-01
1804 1 18 3400 0 -1 0 -57.111 22.829 -1108.919 -59.798 20.830 -1113.328 -52.937 27.365 -1103.874 fcn-metal-pitted-01
1805 1 18 3404 0 -1 0 -96.514 22.784 -1059.406 -101.435 20.838 -1064.702 -93.021 27.154 -1054.699 fcn-metal-pitted-01
1806 1 8 3412 0 -1 0 121.092 31.985 -423.196 112.694 25.813 -431.452 129.412 33.513 -414.966 fcn-painstripe-ground
1807 1 8 3415 0 -1 0 173.751 32.537 -860.484 164.023 26.360 -869.966 183.456 34.070 -850.919 fcn-painstripe-ground
1808 1 8 3418 0 -1 0 222.305 34.010 -1205.273 214.246 27.839 -1212.476 230.276 35.536 -1198.075 fcn-painstripe-ground
1809 1 8 3421 0 -1 0 239.558 33.441 -1274.397 232.257 27.271 -1282.418 246.800 34.967 -1266.441 fcn-painstripe-ground
1810 1 8 3424 0 -1 0 253.844 33.441 -1290.014 246.013 27.271 -1296.931 261.760 34.967 -1283.094 fcn-painstripe-ground
1811 1 8 3427 0 -1 0 61.510 33.416 -1154.950 54.504 27.246 -1162.738 68.519 34.943 -1147.245 fcn-painstripe-ground
1812 1 0 1203 0 -1 0 293.258 48.263 -1400.555 288.142 42.063 -1408.938 297.730 52.644 -1395.109 fcn-rockwall
1813 1 2 1656 0 -1 0 151.838 20.745 -568.803 149.474 13.051 -569.591 154.021 28.505 -565.120 fcn-rockwall-cliffside
1814 1 2 1660 0 -1 0 132.590 20.745 -568.689 128.872 13.051 -569.619 136.233 28.505 -564.921 fcn-rockwall-cliffside
1815 1 2 1664 0 -1 0 137.440 20.745 -609.156 134.834 13.051 -612.848 140.283 28.505 -608.363 fcn-rockwall-cliffside
1816 1 2 1668 0 -1 0 117.080 20.745 -608.294 114.474 13.051 -611.986 119.922 28.505 -607.501 fcn-rockwall-cliffside
1817 1 2 1672 0 -1 0 204.006 20.611 -794.766 203.083 12.918 -796.810 207.757 28.371 -792.838 fcn-rockwall-cliffside
1818 1 2 1676 0 -1 0 203.829 20.611 -806.752 203.045 12.918 -808.471 207.502 28.371 -804.940 fcn-rockwall-cliffside
1819 1 2 1680 0 -1 0 195.326 20.745 -806.704 192.763 13.051 -810.412 197.964 28.505 -805.867 fcn-rockwall-cliffside
1820 1 2 1684 0 -1 0 203.929 20.745 -783.608 200.212 13.051 -784.537 207.573 28.505 -779.840 fcn-rockwall-cliffside
1821 1 2 1688 0 -1 0 -41.020 20.745 -1109.985 -43.292 13.051 -1113.617 -38.309 28.505 -1108.627 fcn-rockwall-cliffside
1822 1 2 1692 0 -1 0 -53.502 20.745 -1068.348 -57.173 13.051 -1070.277 -52.537 28.505 -1066.715 fcn-rockwall-cliffside
1823 1 2 1696 0 -1 0 -59.347 20.745 -1118.100 -61.620 13.051 -1121.731 -56.636 28.505 -1116.742 fcn-rockwall-cliffside
1824 1 2 1700 0 -1 0 -63.655 20.745 -1037.366 -66.350 13.051 -1038.373 -60.850 28.505 -1033.562 fcn-rockwall-cliffside
1825 1 2 1704 0 -1 0 -84.020 20.745 -1034.209 -87.238 13.051 -1035.259 -80.715 28.505 -1030.374 fcn-rockwall-cliffside
1826 1 2 1708 0 -1 0 -85.530 20.745 -1065.810 -87.843 13.051 -1069.488 -83.099 28.505 -1065.019 fcn-rockwall-cliffside
1827 1 2 1712 0 -1 0 -69.856 20.745 -1065.567 -72.169 13.052 -1069.245 -67.425 28.505 -1064.776 fcn-rockwall-cliffside
1828 1 2 1716 0 -1 0 -99.385 20.503 -1066.565 -101.006 12.809 -1070.241 -97.685 28.263 -1065.777 fcn-rockwall-cliffside
1829 1 2 1720 0 -1 0 -101.538 20.745 -1077.293 -102.515 13.051 -1078.930 -97.872 28.505 -1075.358 fcn-rockwall-cliffside
1830 1 2 1724 0 -1 0 -57.627 20.745 -1080.979 -60.701 13.051 -1082.520 -55.042 28.505 -1077.342 fcn-rockwall-cliffside
1831 1 2 1728 0 -1 0 -74.677 20.745 -1124.042 -76.950 13.051 -1127.674 -71.966 28.505 -1122.684 fcn-rockwall-cliffside
1832 1 2 1732 0 -1 0 -74.697 20.745 -1088.634 -77.771 13.051 -1090.175 -72.112 28.505 -1084.997 fcn-rockwall-cliffside
1833 1 2 1736 0 -1 0 -95.149 20.745 -1091.272 -96.941 13.051 -1093.777 -91.660 28.505 -1088.224 fcn-rockwall-cliffside
1834 1 2 1740 0 -1 0 315.057 20.745 -1312.111 311.736 13.051 -1313.929 316.962 28.505 -1309.121 fcn-rockwall-cliffside
1835 1 2 1744 0 -1 0 323.369 20.745 -1363.022 320.856 13.051 -1366.708 326.323 28.505 -1361.683 fcn-rockwall-cliffside
1836 1 2 1748 0 -1 0 303.865 20.745 -1321.979 300.564 13.051 -1323.787 305.780 28.505 -1318.967 fcn-rockwall-cliffside
1837 1 2 1752 0 -1 0 294.738 20.745 -1330.357 291.748 13.051 -1332.014 296.771 28.505 -1327.063 fcn-rockwall-cliffside
1838 1 2 1756 0 -1 0 305.409 20.745 -1367.892 302.991 13.051 -1371.571 308.256 28.505 -1366.582 fcn-rockwall-cliffside
1839 1 2 1760 0 -1 0 118.411 20.745 -1167.249 117.128 13.051 -1169.889 122.224 28.505 -1165.095 fcn-rockwall-cliffside
1840 1 2 1764 0 -1 0 108.907 20.745 -1153.502 105.049 13.051 -1156.193 110.045 28.505 -1150.573 fcn-rockwall-cliffside
1841 1 2 1768 0 -1 0 120.521 20.745 -1154.863 118.360 13.051 -1156.112 123.135 28.505 -1151.046 fcn-rockwall-cliffside
1842 1 1 785 0 -1 0 96.629 32.394 -367.001 92.457 30.064 -371.044 102.660 37.059 -359.471 fcn-rockwall-bttm
1843 1 2 1657 0 -1 0 152.231 24.846 -568.678 149.626 21.583 -569.039 153.918 28.176 -567.943 fcn-rockwall-cliffside
1844 1 2 1661 0 -1 0 133.236 24.846 -568.612 129.035 21.583 -569.032 136.028 28.176 -567.788 fcn-rockwall-cliffside
1845 1 2 1665 0 -1 0 136.970 24.846 -609.288 134.955 21.583 -610.057 140.093 28.176 -608.920 fcn-rockwall-cliffside
1846 1 2 1669 0 -1 0 116.610 24.846 -608.426 114.594 21.583 -609.195 119.733 28.176 -608.058 fcn-rockwall-cliffside
1847 1 2 1673 0 -1 0 204.084 24.712 -795.117 203.667 21.449 -796.646 204.902 28.043 -792.903 fcn-rockwall-cliffside
1848 1 2 1677 0 -1 0 203.944 24.712 -807.060 203.595 21.449 -808.383 204.638 28.043 -805.038 fcn-rockwall-cliffside
1849 1 2 1681 0 -1 0 194.870 24.846 -806.806 192.904 21.583 -807.531 197.841 28.176 -806.449 fcn-rockwall-cliffside
1850 1 2 1685 0 -1 0 204.576 24.846 -783.530 200.374 21.583 -783.951 207.367 28.176 -782.706 fcn-rockwall-cliffside
1851 1 2 1689 0 -1 0 -41.364 24.846 -1110.240 -42.923 21.583 -1111.524 -38.795 28.176 -1109.144 fcn-rockwall-cliffside
1852 1 2 1693 0 -1 0 -53.678 24.846 -1068.091 -54.627 21.583 -1069.966 -53.091 28.176 -1066.956 fcn-rockwall-cliffside
1853 1 2 1697 0 -1 0 -59.691 24.846 -1118.355 -61.251 21.583 -1119.638 -57.122 28.176 -1117.258 fcn-rockwall-cliffside
1854 1 2 1701 0 -1 0 -63.167 24.846 -1037.310 -66.277 21.583 -1037.785 -61.041 28.176 -1036.403 fcn-rockwall-cliffside
1855 1 2 1705 0 -1 0 -83.441 24.846 -1034.163 -87.148 21.583 -1034.669 -80.925 28.176 -1033.209 fcn-rockwall-cliffside
1856 1 2 1709 0 -1 0 -85.943 24.846 -1065.924 -87.723 21.583 -1066.609 -83.228 28.176 -1065.576 fcn-rockwall-cliffside
1857 1 2 1713 0 -1 0 -70.269 24.846 -1065.680 -72.049 21.583 -1066.366 -67.554 28.177 -1065.333 fcn-rockwall-cliffside
1858 1 2 1717 0 -1 0 -99.674 24.604 -1066.679 -100.921 21.341 -1067.368 -97.774 27.934 -1066.331 fcn-rockwall-cliffside
1859 1 2 1721 0 -1 0 -101.361 24.846 -1077.549 -101.962 21.583 -1078.684 -100.403 28.176 -1075.677 fcn-rockwall-cliffside
1860 1 2 1725 0 -1 0 -57.231 24.846 -1080.687 -60.164 21.583 -1082.017 -55.452 28.176 -1079.246 fcn-rockwall-cliffside
1861 1 2 1729 0 -1 0 -75.021 24.846 -1124.297 -76.581 21.583 -1125.581 -72.453 28.176 -1123.201 fcn-rockwall-cliffside
1862 1 2 1733 0 -1 0 -74.301 24.846 -1088.342 -77.234 21.583 -1089.672 -72.522 28.176 -1086.902 fcn-rockwall-cliffside
1863 1 2 1737 0 -1 0 -94.805 24.846 -1091.624 -96.484 21.583 -1093.300 -93.155 28.176 -1088.876 fcn-rockwall-cliffside
1864 1 2 1741 0 -1 0 315.251 24.846 -1311.759 313.381 21.583 -1313.560 316.414 28.176 -1310.103 fcn-rockwall-cliffside
1865 1 2 1745 0 -1 0 322.968 24.846 -1363.273 321.212 21.583 -1364.542 325.870 28.176 -1362.210 fcn-rockwall-cliffside
1866 1 2 1749 0 -1 0 304.063 24.846 -1321.629 302.175 21.583 -1323.414 305.236 28.176 -1319.980 fcn-rockwall-cliffside
1867 1 2 1753 0 -1 0 294.984 24.846 -1330.039 292.872 21.583 -1331.580 296.284 28.176 -1328.510 fcn-rockwall-cliffside
1868 1 2 1757 0 -1 0 305.026 24.846 -1368.137 303.341 21.583 -1369.381 307.809 28.176 -1367.110 fcn-rockwall-cliffside
1869 1 2 1761 0 -1 0 118.392 24.846 -1167.651 117.744 21.583 -1169.444 119.561 28.176 -1165.293 fcn-rockwall-cliffside
1870 1 2 1765 0 -1 0 108.887 24.846 -1153.010 107.838 21.583 -1156.076 109.455 28.176 -1150.857 fcn-rockwall-cliffside
1871 1 2 1769 0 -1 0 120.922 24.846 -1154.874 118.547 21.583 -1155.505 122.713 28.176 -1153.732 fcn-rockwall-cliffside
1872 1 18 3438 0 -1 0 140.510 29.112 -577.040 137.534 27.517 -579.504 143.688 30.014 -574.043 fcn-metal-pitted-01
1873 1 18 3441 0 -1 0 135.014 22.107 -580.371 132.188 21.392 -582.401 137.865 23.376 -577.955 fcn-metal-pitted-01
1874 1 18 3444 0 -1 0 2.509 32.974 -915.310 -0.357 31.822 -916.955 5.378 33.663 -913.362 fcn-metal-pitted-01
1875 1 18 3447 0 -1 0 -14.803 35.016 -947.594 -17.612 34.039 -949.822 -11.942 35.517 -945.490 fcn-metal-pitted-01
1876 1 18 3450 0 -1 0 -47.901 22.701 -986.987 -50.767 20.784 -988.129 -45.032 24.222 -985.377 fcn-metal-pitted-01
1877 1 18 3453 0 -1 0 -76.533 27.169 -1038.342 -79.244 26.079 -1041.389 -74.108 27.799 -1035.401 fcn-metal-pitted-01
1878 1 18 3456 0 -1 0 291.642 27.443 -1333.199 289.032 24.852 -1336.053 293.578 29.287 -1331.205 fcn-metal-pitted-01
1879 1 20 3394 0 -1 0 131.305 20.450 -604.400 129.017 20.004 -605.668 133.906 21.139 -602.922 fcn-stonehengetop
1880 1 20 3393 0 -1 0 135.181 25.832 -606.219 133.812 23.959 -607.371 136.174 27.974 -604.402 fcn-stonehengetop
1881 1 20 3395 0 -1 0 128.335 25.830 -605.644 127.333 23.956 -607.028 130.107 27.965 -603.670 fcn-stonehengetop
1882 1 20 3398 0 -1 0 184.468 23.046 -795.768 182.979 21.387 -796.993 187.157 24.700 -793.672 fcn-stonehengetop
1883 1 20 3397 0 -1 0 189.638 27.292 -794.172 188.497 25.286 -795.891 190.836 28.284 -791.608 fcn-stonehengetop
1884 1 20 3399 0 -1 0 184.738 25.144 -789.866 183.139 22.560 -791.047 187.483 26.986 -788.980 fcn-stonehengetop
1885 1 20 3402 0 -1 0 -57.932 22.547 -1117.463 -59.759 21.014 -1118.313 -55.929 24.148 -1116.182 fcn-stonehengetop
1886 1 20 3401 0 -1 0 -51.392 24.300 -1116.252 -52.322 21.983 -1117.506 -50.938 26.340 -1114.644 fcn-stonehengetop
1887 1 20 3403 0 -1 0 -56.770 28.572 -1116.177 -59.140 27.384 -1117.423 -54.471 29.120 -1114.604 fcn-stonehengetop
1888 1 20 3406 0 -1 0 -103.053 22.333 -1064.952 -104.260 21.017 -1066.832 -100.657 23.839 -1062.670 fcn-stonehengetop
1889 1 20 3405 0 -1 0 -97.699 24.733 -1068.540 -99.027 22.342 -1069.160 -96.527 26.769 -1067.191 fcn-stonehengetop
1890 1 20 3407 0 -1 0 -101.795 28.456 -1064.476 -103.506 27.048 -1066.286 -99.070 29.155 -1062.398 fcn-stonehengetop
1891 1 2 1492 0 -1 0 118.858 21.533 -567.600 111.655 13.051 -569.014 125.872 28.786 -563.858 fcn-rockwall-cliffside
1892 1 2 1528 0 -1 0 190.198 21.533 -782.518 182.994 13.051 -783.933 197.212 28.786 -778.777 fcn-rockwall-cliffside
1893 1 2 1485 0 -1 0 142.141 16.860 -569.113 138.743 12.926 -569.626 145.891 21.114 -567.485 fcn-rockwall-cliffside
1894 1 2 1611 0 -1 0 308.380 16.860 -1318.771 305.164 12.926 -1321.160 311.105 21.114 -1315.278 fcn-rockwall-cliffside
1895 1 2 1623 0 -1 0 297.120 16.860 -1328.570 293.898 12.926 -1330.939 299.867 21.114 -1325.095 fcn-rockwall-cliffside
1896 1 0 469 0 -1 0 202.338 48.912 -1289.303 196.523 34.779 -1295.791 209.867 57.803 -1283.598 fcn-rockwall
1897 1 17 3332 0 -1 0 -15.571 30.098 -179.629 -19.860 28.470 -183.883 -11.323 31.139 -175.184 fcn-bridge
1898 1 17 3333 0 -1 0 -11.546 30.005 -177.255 -16.169 28.378 -182.436 -6.749 31.046 -172.465 fcn-bridge
1899 1 17 3334 0 -1 0 -17.938 30.005 -175.451 -22.596 28.378 -180.682 -13.110 31.046 -170.594 fcn-bridge
1900 1 17 3337 0 -1 0 -12.230 30.001 -171.543 -18.647 28.101 -177.887 -5.720 31.053 -164.997 fcn-bridge
1901 1 17 3338 0 -1 0 -20.386 29.060 -160.946 -25.880 25.426 -166.652 -14.742 31.395 -155.109 fcn-bridge
1902 1 17 3339 0 -1 0 -20.077 29.948 -155.079 -25.935 28.320 -160.636 -14.436 30.988 -149.458 fcn-bridge
1903 1 17 3340 0 -1 0 -23.135 29.957 -189.899 -28.215 28.329 -195.750 -18.389 30.998 -183.746 fcn-bridge
1904 1 17 3341 0 -1 0 -17.142 30.005 -191.065 -22.185 28.378 -196.627 -11.783 31.046 -185.378 fcn-bridge
1905 1 17 3343 0 -1 0 -37.504 32.136 -156.304 -43.685 28.793 -162.166 -31.082 34.130 -150.838 fcn-bridge
1906 1 17 3344 0 -1 0 -23.803 29.701 -172.756 -29.661 28.074 -178.312 -18.162 30.742 -167.134 fcn-bridge
1907 1 17 3346 0 -1 0 -31.754 29.866 -163.441 -38.160 27.949 -168.667 -25.272 30.956 -158.661 fcn-bridge
1908 1 17 3349 0 -1 0 -36.084 29.671 -166.079 -42.509 27.735 -172.089 -29.454 30.753 -160.318 fcn-bridge
1909 1 17 3350 0 -1 0 -27.693 29.802 -159.904 -33.551 28.174 -165.461 -22.052 30.843 -154.282 fcn-bridge
1910 1 17 3351 0 -1 0 -36.543 30.154 -191.363 -42.912 28.527 -197.465 -30.042 31.195 -185.491 fcn-bridge
1911 1 17 3352 0 -1 0 -38.522 29.588 -181.159 -43.582 27.680 -187.373 -34.225 30.782 -174.911 fcn-bridge
1912 1 17 3353 0 -1 0 -37.419 30.116 -188.095 -43.640 28.121 -192.204 -31.181 31.293 -183.264 fcn-bridge
1913 1 17 3354 0 -1 0 -29.503 29.957 -189.687 -34.181 28.329 -194.045 -25.128 30.998 -185.167 fcn-bridge
1914 1 17 3357 0 -1 0 135.141 29.949 -560.933 128.926 27.833 -565.324 141.990 31.356 -556.610 fcn-bridge
1915 1 17 3358 0 -1 0 137.173 29.964 -557.768 132.489 27.683 -564.534 141.361 31.193 -551.057 fcn-bridge
1916 1 17 3359 0 -1 0 133.590 29.925 -563.658 126.726 27.647 -569.517 140.378 31.346 -557.776 fcn-bridge
1917 1 17 3360 0 -1 0 140.630 29.919 -562.212 134.517 27.682 -569.037 147.020 31.116 -555.382 fcn-bridge
1918 1 17 3361 0 -1 0 136.535 29.965 -613.367 130.261 27.948 -618.254 143.351 31.317 -608.675 fcn-bridge
1919 1 17 3362 0 -1 0 126.802 29.980 -614.294 120.738 27.768 -621.243 132.767 31.235 -607.591 fcn-bridge
1920 1 17 3363 0 -1 0 133.590 29.925 -616.236 126.726 27.647 -622.096 140.378 31.346 -610.355 fcn-bridge
1921 1 17 3364 0 -1 0 -63.724 30.199 -1079.578 -68.693 28.480 -1086.109 -58.529 31.187 -1072.657 fcn-bridge
1922 1 17 3365 0 -1 0 -49.500 29.898 -1118.722 -54.469 28.178 -1125.253 -44.306 30.886 -1111.801 fcn-bridge
1923 1 17 3366 0 -1 0 -46.884 29.746 -1116.935 -53.816 28.105 -1121.998 -40.361 30.747 -1111.673 fcn-bridge
1924 1 17 3367 0 -1 0 -86.041 29.852 -1028.904 -92.803 28.099 -1033.769 -79.824 30.940 -1024.227 fcn-bridge
1925 1 17 3368 0 -1 0 -67.241 29.930 -1008.232 -74.251 27.633 -1014.276 -60.319 31.369 -1002.129 fcn-bridge
1926 1 17 3369 0 -1 0 -71.353 29.917 -1009.831 -77.580 27.657 -1016.688 -65.360 31.309 -1003.330 fcn-bridge
1927 1 17 3370 0 -1 0 -81.555 29.627 -1030.480 -87.975 28.029 -1037.291 -75.226 30.601 -1023.806 fcn-bridge
1928 1 17 3371 0 -1 0 -69.767 30.108 -1079.758 -76.706 28.348 -1085.801 -62.943 31.180 -1073.610 fcn-bridge
1929 1 17 3372 0 -1 0 -68.494 30.122 -1075.593 -74.439 28.381 -1082.587 -62.752 31.082 -1068.749 fcn-bridge
1930 1 17 3373 0 -1 0 300.288 29.389 -1318.093 294.717 27.259 -1323.648 305.767 30.643 -1312.409 fcn-bridge
1931 1 17 3374 0 -1 0 296.533 29.350 -1323.457 290.979 27.187 -1328.565 302.049 30.745 -1318.797 fcn-bridge
1932 1 17 3375 0 -1 0 312.102 30.008 -1368.717 306.530 27.878 -1374.272 317.580 31.262 -1363.034 fcn-bridge
1933 1 17 3376 0 -1 0 320.246 30.014 -1368.192 314.270 27.716 -1372.530 326.648 31.233 -1363.774 fcn-bridge
1934 1 17 3377 0 -1 0 340.421 29.812 -1399.850 333.679 27.451 -1404.188 347.661 31.065 -1395.431 fcn-bridge
1935 1 17 3378 0 -1 0 307.755 30.009 -1402.370 301.769 27.710 -1406.835 314.145 31.223 -1397.924 fcn-bridge
1936 1 17 3382 0 -1 0 343.440 29.717 -1413.201 337.465 27.419 -1417.539 349.842 30.936 -1408.782 fcn-bridge
1937 1 17 3384 0 -1 0 344.114 29.629 -1406.858 339.123 27.547 -1412.938 348.983 30.835 -1400.423 fcn-bridge
1938 1 17 3386 0 -1 0 330.711 29.855 -1400.190 323.525 27.771 -1407.910 337.522 31.188 -1392.706 fcn-bridge
1939 1 0 1177 0 -1 0 132.477 39.492 -871.573 127.103 33.508 -876.925 135.981 42.999 -866.171 fcn-rockwall
1940 1 0 369 0 -1 0 -12.555 49.239 -962.214 -18.467 35.232 -967.763 -6.708 58.050 -954.890 fcn-rockwall
1941 1 2 1505 0 -1 0 205.840 29.098 -790.739 203.728 25.840 -798.407 208.950 29.824 -783.144 fcn-rockwall-cliffside
1942 1 2 1619 0 -1 0 299.474 29.231 -1324.273 291.613 25.973 -1330.129 305.863 29.958 -1316.879 fcn-rockwall-cliffside
1943 1 25 3434 0 -1 0 130.965 30.800 -417.881 128.043 30.502 -420.800 133.887 31.049 -414.956 fcn-envmap
1944 1 25 3435 0 -1 0 80.278 31.145 -910.552 77.356 30.847 -913.470 83.200 31.394 -907.626 fcn-envmap
1945 1 25 3436 0 -1 0 214.490 31.145 -1187.375 211.569 30.847 -1190.294 217.412 31.394 -1184.450 fcn-envmap
1946 1 25 3437 0 -1 0 129.588 31.145 -1165.412 126.666 30.847 -1168.330 132.510 31.394 -1162.487 fcn-envmap
1947 1 0 473 0 -1 0 65.939 46.517 -1126.656 61.262 34.489 -1133.933 69.254 54.083 -1120.831 fcn-rockwall
1948 1 1 885 0 -1 0 123.331 32.858 -495.639 116.422 30.069 -501.847 127.439 38.066 -491.307 fcn-rockwall-bttm
1949 1 4 1832 0 -1 0 -40.363 44.468 -305.180 -45.907 31.162 -309.018 -36.271 56.139 -301.560 bch-beachrock
1950 1 4 1837 0 -1 0 -31.307 57.158 -444.222 -39.441 45.233 -449.134 -27.647 69.424 -439.229 bch-beachrock
1951 1 4 1842 0 -1 0 -37.618 55.532 -421.466 -41.671 42.310 -427.206 -32.506 66.903 -417.177 bch-beachrock
1952 1 4 1847 0 -1 0 -24.865 89.286 -578.553 -30.478 73.562 -584.086 -20.788 103.441 -573.316 bch-beachrock
1953 1 4 1852 0 -1 0 -35.922 90.598 -599.030 -44.495 74.653 -605.304 -29.561 103.688 -590.864 bch-beachrock
1954 1 4 1857 0 -1 0 -57.946 116.999 -524.654 -63.571 101.699 -533.645 -53.087 131.569 -519.054 bch-beachrock
1955 1 4 1862 0 -1 0 -49.842 105.703 -598.895 -58.123 89.761 -604.943 -43.768 119.048 -590.622 bch-beachrock
1956 1 4 1867 0 -1 0 -122.507 103.730 -542.925 -125.609 90.707 -548.330 -116.942 115.963 -535.996 bch-beachrock
1957 1 4 1872 0 -1 0 -67.987 109.050 -502.648 -74.428 94.186 -510.566 -62.914 124.492 -497.614 bch-beachrock
1958 1 4 1877 0 -1 0 -106.170 110.858 -561.604 -110.464 97.983 -566.495 -98.471 123.355 -555.069 bch-beachrock
1959 1 4 1882 0 -1 0 -92.588 113.161 -579.970 -97.826 99.861 -586.949 -85.398 123.793 -571.049 bch-beachrock
1960 1 2 1638 0 -1 0 119.283 16.870 -1163.997 118.045 13.067 -1166.999 121.509 20.176 -1161.793 fcn-rockwall-cliffside
1961 1 2 1650 0 -1 0 117.252 16.870 -1154.055 115.016 13.067 -1155.259 120.251 20.176 -1151.868 fcn-rockwall-cliffside
1962 1 0 1143 0 -1 0 164.451 41.776 -468.072 157.247 31.314 -473.300 174.460 47.465 -461.606 fcn-rockwall
1963 1 0 1146 0 -1 0 112.527 44.863 -472.221 104.040 35.625 -479.623 118.997 50.392 -467.462 fcn-rockwall
1964 1 0 1147 0 -1 0 117.372 43.408 -477.867 107.617 33.408 -485.544 124.755 49.103 -473.137 fcn-rockwall
1965 1 0 1165 0 -1 0 112.511 48.480 -480.751 103.629 37.285 -487.346 119.549 55.002 -475.861 fcn-rockwall
1966 1 0 1215 0 -1 0 41.369 42.192 -1183.863 37.040 33.268 -1191.312 46.916 47.299 -1177.179 fcn-rockwall
1967 1 0 1218 0 -1 0 15.714 41.834 -1179.202 11.392 33.612 -1186.015 21.296 46.550 -1173.521 fcn-rockwall
1968 1 0 1219 0 -1 0 6.092 37.948 -1178.033 2.210 30.751 -1184.418 12.159 41.782 -1172.535 fcn-rockwall
1969 1 0 1220 0 -1 0 -24.144 45.089 -1163.102 -29.448 36.029 -1171.085 -18.965 50.610 -1157.860 fcn-rockwall
1970 1 0 1221 0 -1 0 -16.153 42.999 -1164.133 -23.172 34.198 -1173.396 -9.718 48.251 -1159.086 fcn-rockwall
1971 1 1 1177 0 -1 0 134.555 31.816 -878.740 128.528 26.553 -882.824 138.327 36.873 -872.811 fcn-rockwall-bttm
1972 1 0 747 0 -1 0 18.765 46.913 -232.187 11.887 39.817 -236.055 23.956 52.627 -228.879 fcn-rockwall
1973 1 0 752 0 -1 0 -34.081 45.616 -243.655 -39.785 38.974 -247.170 -28.156 51.040 -238.696 fcn-rockwall
1974 1 0 757 0 -1 0 50.415 50.959 -321.181 45.843 42.171 -327.426 55.454 58.003 -316.795 fcn-rockwall
1975 1 0 762 0 -1 0 36.121 49.792 -292.995 29.609 41.507 -297.666 42.008 56.466 -289.481 fcn-rockwall
1976 1 0 767 0 -1 0 -36.056 45.660 -258.771 -40.309 39.026 -262.210 -29.590 51.050 -254.973 fcn-rockwall
1977 1 0 777 0 -1 0 121.181 45.414 -383.512 116.087 38.962 -389.655 126.877 50.568 -379.213 fcn-rockwall
1978 1 0 782 0 -1 0 102.942 44.864 -360.326 98.972 38.612 -366.902 107.289 49.832 -356.045 fcn-rockwall
1979 1 0 787 0 -1 0 150.100 45.774 -412.315 144.224 39.175 -419.166 156.685 51.033 -407.616 fcn-rockwall
1980 1 0 792 0 -1 0 171.111 47.678 -461.958 164.884 40.300 -467.608 177.285 53.615 -457.754 fcn-rockwall
1981 1 0 802 0 -1 0 90.291 45.221 -357.346 86.317 38.821 -363.922 94.640 50.311 -353.065 fcn-rockwall
1982 1 0 807 0 -1 0 96.299 46.118 -437.422 90.621 39.214 -442.077 101.327 51.751 -430.777 fcn-rockwall
1983 1 0 812 0 -1 0 44.740 48.853 -389.809 39.309 40.813 -394.100 49.500 55.406 -383.674 fcn-rockwall
1984 1 0 817 0 -1 0 64.227 47.445 -402.727 58.218 39.984 -407.839 69.526 53.533 -395.474 fcn-rockwall
1985 1 0 822 0 -1 0 5.588 47.170 -352.398 0.359 39.843 -356.731 10.188 53.144 -346.234 fcn-rockwall
1986 1 0 832 0 -1 0 28.333 45.054 -374.645 23.516 38.612 -379.037 32.603 50.307 -368.448 fcn-rockwall
1987 1 0 837 0 -1 0 160.407 47.717 -549.400 153.666 40.295 -553.768 166.035 53.693 -545.932 fcn-rockwall
1988 1 0 847 0 -1 0 163.276 46.035 -612.375 157.765 39.319 -619.017 169.419 51.380 -607.750 fcn-rockwall
1989 1 0 852 0 -1 0 195.281 48.639 -649.338 189.744 40.830 -655.980 201.444 54.877 -644.713 fcn-rockwall
1990 1 0 857 0 -1 0 219.898 47.534 -684.522 213.554 40.209 -690.111 226.003 53.429 -680.306 fcn-rockwall
1991 1 0 862 0 -1 0 156.410 44.704 -695.944 150.042 38.147 -700.392 162.051 49.987 -689.293 fcn-rockwall
1992 1 0 867 0 -1 0 170.666 45.552 -714.354 164.845 38.905 -718.667 175.767 50.978 -708.130 fcn-rockwall
1993 1 0 882 0 -1 0 113.427 46.504 -494.366 107.152 39.563 -498.218 119.794 51.987 -489.188 fcn-rockwall
1994 1 0 887 0 -1 0 112.093 49.613 -542.242 107.871 41.325 -546.024 118.573 56.353 -538.088 fcn-rockwall
1995 1 0 892 0 -1 0 105.867 47.634 -554.151 101.432 40.190 -558.742 112.025 53.663 -549.035 fcn-rockwall
1996 1 0 902 0 -1 0 233.168 45.332 -759.321 226.626 38.931 -765.122 239.110 50.478 -754.778 fcn-rockwall
1997 1 0 907 0 -1 0 224.826 49.797 -836.043 218.096 41.458 -840.561 229.611 56.555 -832.093 fcn-rockwall
1998 1 0 912 0 -1 0 141.958 45.660 -860.486 137.772 39.044 -864.811 147.775 51.018 -855.625 fcn-rockwall
1999 1 0 917 0 -1 0 167.240 53.234 -927.226 161.971 43.444 -932.833 171.433 61.168 -920.709 fcn-rockwall
2000 1 0 922 0 -1 0 113.166 47.732 -878.570 109.289 40.246 -884.287 118.679 53.718 -872.529 fcn-rockwall
2001 1 0 927 0 -1 0 71.398 45.570 -887.821 67.542 38.995 -894.439 75.960 50.789 -882.420 fcn-rockwall
2002 1 0 932 0 -1 0 91.346 45.624 -884.379 87.466 39.015 -890.136 96.845 50.893 -878.344 fcn-rockwall
2003 1 0 937 0 -1 0 48.883 47.184 -892.716 44.608 39.901 -899.380 54.897 52.889 -885.621 fcn-rockwall
2004 1 0 942 0 -1 0 30.675 45.570 -898.892 26.871 39.004 -905.568 35.062 50.782 -893.663 fcn-rockwall
2005 1 0 947 0 -1 0 -34.516 45.833 -905.712 -38.463 39.048 -912.020 -29.827 51.169 -900.143 fcn-rockwall
2006 1 0 952 0 -1 0 126.785 45.490 -938.613 120.315 38.965 -944.964 131.386 50.778 -932.978 fcn-rockwall
2007 1 0 957 0 -1 0 45.168 49.600 -946.681 39.941 41.343 -952.036 49.463 56.291 -940.042 fcn-rockwall
2008 1 0 962 0 -1 0 -9.584 45.490 -1111.902 -14.159 38.965 -1118.159 -4.467 50.778 -1107.478 fcn-rockwall
2009 1 0 967 0 -1 0 270.443 46.402 -1340.685 265.214 39.489 -1345.201 275.135 52.005 -1334.299 fcn-rockwall
2010 1 0 972 0 -1 0 140.350 49.008 -1128.598 135.717 40.997 -1135.058 145.486 55.500 -1124.067 fcn-rockwall
2011 1 0 977 0 -1 0 184.280 50.070 -1223.922 177.655 41.610 -1228.529 190.115 56.926 -1217.276 fcn-rockwall
2012 1 0 987 0 -1 0 192.197 50.270 -1243.423 186.527 41.730 -1247.310 198.644 57.191 -1238.437 fcn-rockwall
2013 1 0 992 0 -1 0 71.254 46.340 -1124.936 66.744 39.456 -1131.192 77.123 51.918 -1118.986 fcn-rockwall
2014 1 0 997 0 -1 0 64.421 48.639 -1185.120 59.574 40.600 -1190.438 68.095 55.161 -1178.274 fcn-rockwall
2015 1 0 1007 0 -1 0 29.379 48.067 -1122.868 25.935 40.453 -1129.557 33.487 54.238 -1117.697 fcn-rockwall
2016 1 0 1017 0 -1 0 -51.008 48.299 -1153.063 -56.472 40.342 -1157.599 -46.256 54.811 -1146.477 fcn-rockwall
2017 1 17 3336 0 -1 0 -15.024 29.509 -167.332 -22.651 27.881 -174.498 -7.667 30.550 -159.661 fcn-bridge
2018 1 17 3342 0 -1 0 -12.989 29.809 -186.965 -20.645 28.182 -194.772 -5.585 30.850 -179.465 fcn-bridge
2019 1 17 3345 0 -1 0 -30.812 29.503 -176.507 -37.034 27.875 -183.585 -24.999 30.544 -169.069 fcn-bridge
2020 1 17 3347 0 -1 0 -34.706 29.503 -171.815 -41.312 27.875 -179.098 -28.153 30.544 -164.082 fcn-bridge
2021 1 17 3348 0 -1 0 -25.710 29.609 -167.470 -32.638 27.981 -173.680 -18.232 30.650 -161.038 fcn-bridge
2022 1 17 3355 0 -1 0 -30.251 29.337 -184.584 -36.251 27.710 -189.672 -24.013 30.378 -179.833 fcn-bridge
2023 1 17 3379 0 -1 0 314.123 29.913 -1401.376 307.812 27.570 -1407.110 319.919 31.333 -1396.042 fcn-bridge
2024 1 17 3380 0 -1 0 339.819 29.701 -1424.680 330.541 27.391 -1435.210 348.385 31.108 -1413.724 fcn-bridge
2025 1 17 3381 0 -1 0 334.715 29.772 -1434.271 323.766 27.111 -1443.549 345.660 31.398 -1425.684 fcn-bridge
2026 1 17 3383 0 -1 0 332.029 29.347 -1410.294 321.754 26.095 -1419.035 343.052 31.092 -1401.091 fcn-bridge
2027 1 17 3385 0 -1 0 323.695 29.918 -1400.752 317.598 27.767 -1407.117 329.561 31.222 -1394.088 fcn-bridge
2028 1 17 3387 0 -1 0 308.983 29.915 -1410.479 301.656 27.429 -1419.218 315.576 31.385 -1401.080 fcn-bridge
2029 1 17 3389 0 -1 0 317.470 29.601 -1423.885 308.611 27.276 -1434.921 326.627 31.024 -1413.755 fcn-bridge
2030 1 17 3390 0 -1 0 321.913 29.658 -1440.980 310.946 26.907 -1451.095 333.500 31.374 -1430.979 fcn-bridge
2031 1 25 3440 0 -1 0 141.661 26.635 -574.809 136.017 22.010 -581.818 145.726 30.105 -570.265 fcn-envmap
2032 1 25 3443 0 -1 0 135.344 24.897 -578.237 131.026 21.496 -586.029 139.146 28.977 -573.609 fcn-envmap
2033 1 25 3446 0 -1 0 2.510 30.145 -913.203 -1.544 26.098 -921.019 6.565 33.558 -908.608 fcn-envmap
2034 1 25 3449 0 -1 0 -14.454 31.888 -949.187 -18.649 28.134 -953.753 -10.630 35.393 -941.364 fcn-envmap
2035 1 25 3452 0 -1 0 -47.899 21.984 -983.534 -51.954 14.659 -989.266 -43.845 26.568 -979.543 fcn-envmap
2036 1 25 3455 0 -1 0 -78.398 24.260 -1039.052 -83.096 20.294 -1042.738 -70.666 27.690 -1034.471 fcn-envmap
2037 1 25 3458 0 -1 0 289.548 26.796 -1335.963 285.853 19.628 -1340.131 293.502 31.349 -1329.919 fcn-envmap
2038 1 16 3481 0 -1 0 106.499 62.992 -453.042 106.195 61.382 -453.651 106.938 64.994 -452.723 fcn-tree
2039 1 16 3493 0 -1 0 112.582 60.284 -494.268 111.389 58.676 -494.739 112.997 62.026 -493.954 fcn-tree
2040 1 16 3553 0 -1 0 145.375 62.706 -858.181 144.675 60.492 -858.768 145.811 65.549 -857.874 fcn-tree
2041 1 16 3583 0 -1 0 22.038 60.723 -1174.744 20.749 56.703 -1176.288 22.762 65.980 -1174.026 fcn-tree
2042 1 16 3589 0 -1 0 -92.255 64.109 -987.819 -92.774 60.472 -991.213 -91.274 67.759 -986.263 fcn-tree
2043 1 0 287 0 -1 0 107.734 47.908 -458.499 102.051 34.668 -463.416 114.637 56.246 -454.540 fcn-rockwall
2044 1 0 319 0 -1 0 111.013 48.406 -634.408 105.889 34.878 -640.132 117.444 57.024 -629.186 fcn-rockwall
2045 1 0 337 0 -1 0 163.905 46.257 -828.626 157.998 34.284 -831.657 171.310 53.789 -826.498 fcn-rockwall
2046 1 0 347 0 -1 0 141.542 46.051 -862.345 135.361 34.060 -869.499 148.256 53.622 -857.076 fcn-rockwall
2047 1 0 361 0 -1 0 50.901 48.734 -946.331 46.739 35.097 -952.525 57.142 57.312 -938.835 fcn-rockwall
2048 1 0 377 0 -1 0 -51.077 46.517 -1036.364 -58.671 34.489 -1039.549 -44.914 54.083 -1031.490 fcn-rockwall
2049 1 1 878 0 -1 0 222.367 32.067 -751.267 218.918 30.031 -754.531 228.079 36.221 -745.391 fcn-rockwall-bttm
2050 1 1 789 0 -1 0 144.088 32.131 -421.817 141.298 29.953 -425.918 148.754 36.635 -418.207 fcn-rockwall-bttm
2051 1 1 794 0 -1 0 162.279 32.402 -468.844 159.307 29.982 -472.330 166.442 37.453 -466.259 fcn-rockwall-bttm
2052 1 1 799 0 -1 0 113.648 32.406 -447.012 109.400 29.874 -449.655 116.433 37.827 -443.688 fcn-rockwall-bttm
2053 1 1 809 0 -1 0 98.941 32.061 -426.923 94.523 29.905 -430.963 101.357 36.641 -423.100 fcn-rockwall-bttm
2054 1 1 849 0 -1 0 158.864 32.159 -622.497 156.262 29.958 -626.364 163.274 36.730 -618.621 fcn-rockwall-bttm
2055 1 1 854 0 -1 0 190.816 32.493 -659.460 188.206 29.951 -663.327 195.219 37.807 -655.584 fcn-rockwall-bttm
2056 1 1 859 0 -1 0 210.787 32.376 -691.048 207.747 29.974 -694.461 214.881 37.389 -688.605 fcn-rockwall-bttm
2057 1 1 864 0 -1 0 163.297 31.468 -686.749 158.804 29.271 -690.099 165.996 35.892 -682.814 fcn-rockwall-bttm
2058 1 1 869 0 -1 0 175.964 31.964 -705.140 171.595 29.887 -708.660 178.440 36.395 -701.484 fcn-rockwall-bttm
2059 1 1 879 0 -1 0 222.845 31.885 -737.127 219.443 29.991 -740.440 227.219 35.800 -734.727 fcn-rockwall-bttm
2060 1 1 884 0 -1 0 122.605 32.268 -487.932 118.569 29.818 -490.484 125.606 37.014 -484.702 fcn-rockwall-bttm
2061 1 1 889 0 -1 0 122.433 32.467 -541.249 118.273 29.855 -543.409 125.721 38.056 -537.944 fcn-rockwall-bttm
2062 1 1 894 0 -1 0 116.158 32.227 -555.870 112.073 29.870 -558.043 119.669 37.249 -551.972 fcn-rockwall-bttm
2063 1 1 899 0 -1 0 117.185 32.301 -624.322 112.977 29.878 -626.855 120.030 37.487 -621.053 fcn-rockwall-bttm
2064 1 1 904 0 -1 0 223.571 32.101 -765.264 220.411 29.988 -768.701 227.531 36.486 -762.794 fcn-rockwall-bttm
2065 1 1 909 0 -1 0 214.219 32.594 -838.605 210.864 30.015 -841.858 218.490 38.223 -836.204 fcn-rockwall-bttm
2066 1 1 919 0 -1 0 162.177 33.038 -917.560 159.097 30.010 -921.544 164.498 39.646 -914.366 fcn-rockwall-bttm
2067 1 1 924 0 -1 0 120.307 32.280 -886.355 117.494 29.907 -889.092 123.704 37.306 -882.087 fcn-rockwall-bttm
2068 1 1 929 0 -1 0 75.206 32.018 -897.818 72.993 29.937 -901.077 77.859 36.438 -893.727 fcn-rockwall-bttm
2069 1 1 934 0 -1 0 98.443 31.994 -892.248 95.661 29.896 -895.007 101.830 36.429 -887.989 fcn-rockwall-bttm
2070 1 1 944 0 -1 0 33.886 32.034 -909.113 31.651 29.952 -912.413 36.532 36.452 -904.952 fcn-rockwall-bttm
2071 1 1 954 0 -1 0 118.566 32.030 -931.186 114.601 30.012 -935.717 121.663 36.434 -928.491 fcn-rockwall-bttm
2072 1 1 959 0 -1 0 40.831 32.568 -936.612 37.800 30.014 -940.726 43.291 38.141 -933.338 fcn-rockwall-bttm
2073 1 1 969 0 -1 0 272.299 32.140 -1330.032 268.320 30.002 -1334.193 274.520 36.807 -1326.426 fcn-rockwall-bttm
2074 1 1 974 0 -1 0 139.726 32.482 -1139.477 137.443 30.004 -1143.055 143.704 37.889 -1135.204 fcn-rockwall-bttm
2075 1 1 984 0 -1 0 213.171 32.557 -1283.964 209.249 30.014 -1286.067 216.323 38.105 -1280.999 fcn-rockwall-bttm
2076 1 1 989 0 -1 0 201.682 32.654 -1238.229 197.760 30.012 -1240.332 204.834 38.417 -1235.264 fcn-rockwall-bttm
2077 1 1 994 0 -1 0 77.690 32.140 -1133.865 75.290 30.012 -1136.898 81.221 36.786 -1129.735 fcn-rockwall-bttm
2078 1 1 999 0 -1 0 60.243 32.532 -1174.518 57.426 29.939 -1178.802 62.312 37.875 -1171.159 fcn-rockwall-bttm
2079 1 1 1004 0 -1 0 81.085 32.743 -1173.542 77.775 29.932 -1177.556 83.518 38.468 -1170.477 fcn-rockwall-bttm
2080 1 1 1014 0 -1 0 20.969 31.976 -1172.522 18.095 29.940 -1176.649 23.024 36.090 -1169.254 fcn-rockwall-bttm
2081 1 1 1019 0 -1 0 -47.665 32.338 -1142.736 -52.048 29.831 -1146.673 -45.333 37.542 -1138.969 fcn-rockwall-bttm
2082 1 16 3566 0 -1 0 97.345 56.131 -1183.110 95.184 51.000 -1186.903 99.381 65.500 -1179.392 fcn-tree
2083 1 2 1539 0 -1 0 -51.889 16.860 -1075.243 -53.744 12.926 -1077.903 -51.063 21.114 -1072.646 fcn-rockwall-cliffside
2084 1 2 1581 0 -1 0 -103.210 16.860 -1070.411 -104.053 12.926 -1073.007 -101.334 21.114 -1067.745 fcn-rockwall-cliffside
2085 1 1 751 0 -1 0 7.535 32.249 -239.154 4.374 29.983 -243.652 12.016 36.804 -235.128 fcn-rockwall-bttm
2086 1 1 756 0 -1 0 -26.981 31.922 -233.087 -32.551 29.883 -238.435 -23.438 36.043 -229.362 fcn-rockwall-bttm
2087 1 1 761 0 -1 0 51.819 32.604 -333.962 47.788 29.819 -337.863 57.702 38.270 -328.399 fcn-rockwall-bttm
2088 1 1 766 0 -1 0 27.354 32.575 -302.845 23.898 29.930 -306.660 32.754 37.915 -297.740 fcn-rockwall-bttm
2089 1 1 771 0 -1 0 -24.464 31.858 -254.754 -29.498 29.821 -258.162 -21.046 36.021 -249.846 fcn-rockwall-bttm
2090 1 1 776 0 -1 0 -17.555 32.200 -289.571 -22.730 29.872 -294.541 -14.320 36.958 -285.723 fcn-rockwall-bttm
2091 1 1 781 0 -1 0 119.298 31.934 -396.334 115.153 29.835 -400.437 125.458 36.120 -390.467 fcn-rockwall-bttm
2092 1 1 786 0 -1 0 106.631 31.803 -372.606 102.851 29.800 -376.230 112.058 35.840 -367.418 fcn-rockwall-bttm
2093 1 1 791 0 -1 0 147.504 31.985 -426.800 142.762 29.817 -431.725 154.568 36.276 -419.736 fcn-rockwall-bttm
2094 1 1 796 0 -1 0 163.795 32.294 -474.010 159.941 29.908 -478.539 169.725 37.074 -467.813 fcn-rockwall-bttm
2095 1 1 801 0 -1 0 112.052 32.367 -442.427 106.192 29.890 -448.267 115.791 37.399 -438.363 fcn-rockwall-bttm
2096 1 1 806 0 -1 0 93.972 31.850 -369.626 90.192 29.802 -373.250 99.402 35.982 -364.438 fcn-rockwall-bttm
2097 1 1 811 0 -1 0 94.730 32.097 -423.561 87.901 29.955 -429.881 99.301 36.380 -419.141 fcn-rockwall-bttm
2098 1 1 816 0 -1 0 46.009 32.396 -377.001 39.856 29.925 -382.870 50.050 37.401 -372.897 fcn-rockwall-bttm
2099 1 1 821 0 -1 0 64.075 32.249 -387.661 57.068 29.940 -394.381 68.730 36.880 -382.957 fcn-rockwall-bttm
2100 1 1 826 0 -1 0 5.912 32.205 -339.571 -0.136 29.947 -345.349 9.910 36.761 -335.528 fcn-rockwall-bttm
2101 1 1 831 0 -1 0 21.139 31.500 -355.190 15.587 29.228 -359.827 24.324 35.880 -351.939 fcn-rockwall-bttm
2102 1 1 836 0 -1 0 26.463 31.959 -361.822 20.576 29.965 -367.428 30.407 35.962 -357.892 fcn-rockwall-bttm
2103 1 1 841 0 -1 0 150.442 32.331 -558.065 147.264 29.959 -562.039 155.380 37.109 -553.384 fcn-rockwall-bttm
2104 1 1 846 0 -1 0 156.211 32.483 -531.149 152.447 29.988 -536.638 161.626 37.486 -527.491 fcn-rockwall-bttm
2105 1 1 851 0 -1 0 162.689 32.002 -626.285 158.045 29.811 -630.807 169.537 36.360 -619.813 fcn-rockwall-bttm
2106 1 1 856 0 -1 0 194.641 32.325 -663.248 189.989 29.804 -667.770 201.504 37.381 -656.776 fcn-rockwall-bttm
2107 1 1 861 0 -1 0 212.085 32.273 -696.274 208.345 29.907 -700.860 217.865 37.015 -690.172 fcn-rockwall-bttm
2108 1 1 866 0 -1 0 160.578 31.547 -681.857 153.983 29.306 -688.699 164.967 35.735 -677.123 fcn-rockwall-bttm
2109 1 1 871 0 -1 0 173.018 31.971 -701.280 166.613 29.916 -707.456 177.225 36.091 -696.967 fcn-rockwall-bttm
2110 1 1 876 0 -1 0 184.509 31.866 -721.989 179.674 29.846 -726.147 187.654 35.991 -718.605 fcn-rockwall-bttm
2111 1 1 881 0 -1 0 221.880 31.852 -742.425 218.519 29.989 -748.173 226.681 35.540 -737.767 fcn-rockwall-bttm
2112 1 1 886 0 -1 0 121.109 31.983 -483.322 115.120 29.462 -488.997 124.980 36.593 -479.345 fcn-rockwall-bttm
2113 1 1 891 0 -1 0 123.768 32.356 -536.582 118.645 29.820 -540.591 127.231 37.577 -531.025 fcn-rockwall-bttm
2114 1 1 896 0 -1 0 118.615 32.097 -551.685 112.874 29.800 -555.920 122.594 36.802 -545.509 fcn-rockwall-bttm
2115 1 1 901 0 -1 0 115.741 32.262 -619.686 109.976 29.893 -625.455 119.412 37.070 -615.628 fcn-rockwall-bttm
2116 1 1 906 0 -1 0 224.443 32.017 -771.023 220.937 29.936 -776.087 229.911 36.164 -764.773 fcn-rockwall-bttm
2117 1 1 911 0 -1 0 213.359 32.514 -843.921 210.101 30.015 -849.599 218.087 37.803 -839.208 fcn-rockwall-bttm
2118 1 1 916 0 -1 0 153.998 31.850 -860.755 148.589 29.806 -864.463 157.750 36.029 -855.273 fcn-rockwall-bttm
2119 1 1 921 0 -1 0 156.812 32.943 -918.018 151.985 30.010 -923.041 162.455 39.153 -914.816 fcn-rockwall-bttm
2120 1 1 926 0 -1 0 124.884 32.099 -884.466 118.968 29.780 -888.402 129.027 36.874 -878.478 fcn-rockwall-bttm
2121 1 1 931 0 -1 0 80.156 31.837 -897.741 75.251 29.775 -900.872 84.788 36.057 -893.051 fcn-rockwall-bttm
2122 1 1 936 0 -1 0 103.040 31.822 -890.410 97.130 29.768 -894.324 107.175 36.038 -884.449 fcn-rockwall-bttm
2123 1 1 941 0 -1 0 61.580 31.943 -899.755 55.303 29.271 -904.331 65.991 36.775 -892.750 fcn-rockwall-bttm
2124 1 1 946 0 -1 0 38.832 31.853 -909.326 34.157 29.785 -912.452 43.650 36.073 -904.796 fcn-rockwall-bttm
2125 1 1 951 0 -1 0 -25.054 31.660 -914.273 -30.240 29.482 -917.533 -20.817 36.009 -909.095 fcn-rockwall-bttm
2126 1 1 956 0 -1 0 112.992 31.967 -933.573 108.113 30.012 -940.039 119.979 36.106 -929.295 fcn-rockwall-bttm
2127 1 1 961 0 -1 0 35.233 32.488 -936.605 29.894 30.014 -941.221 40.761 37.725 -933.473 fcn-rockwall-bttm
2128 1 1 966 0 -1 0 -8.300 31.967 -1124.872 -12.393 30.012 -1128.880 -2.298 36.106 -1119.150 fcn-rockwall-bttm
2129 1 1 971 0 -1 0 268.072 32.074 -1327.449 261.781 30.002 -1333.287 272.383 36.459 -1323.359 fcn-rockwall-bttm
2130 1 1 976 0 -1 0 144.513 32.405 -1141.797 140.057 30.004 -1145.823 150.963 37.486 -1136.055 fcn-rockwall-bttm
2131 1 1 981 0 -1 0 188.766 32.536 -1209.961 181.906 30.001 -1216.555 193.322 37.902 -1205.357 fcn-rockwall-bttm
2132 1 1 986 0 -1 0 212.554 32.477 -1279.049 207.410 30.014 -1284.429 215.845 37.691 -1274.728 fcn-rockwall-bttm
2133 1 1 991 0 -1 0 201.065 32.571 -1233.314 195.921 30.012 -1238.695 204.357 37.988 -1228.993 fcn-rockwall-bttm
2134 1 1 996 0 -1 0 83.346 32.074 -1132.674 76.980 30.012 -1136.317 88.314 36.440 -1127.056 fcn-rockwall-bttm
2135 1 1 1001 0 -1 0 55.300 32.699 -1174.235 50.365 30.013 -1178.718 60.247 37.748 -1171.064 fcn-rockwall-bttm
2136 1 1 1006 0 -1 0 76.263 32.870 -1174.675 71.915 29.989 -1180.305 82.197 38.285 -1171.044 fcn-rockwall-bttm
2137 1 1 1011 0 -1 0 36.983 32.286 -1133.454 32.673 30.005 -1136.576 41.453 37.116 -1128.922 fcn-rockwall-bttm
2138 1 1 1016 0 -1 0 16.024 32.150 -1172.767 11.517 30.009 -1177.680 21.325 36.028 -1169.601 fcn-rockwall-bttm
2139 1 1 1021 0 -1 0 -51.231 32.506 -1139.302 -57.811 29.972 -1145.579 -46.973 37.518 -1134.934 fcn-rockwall-bttm
2140 1 16 3470 0 -1 0 10.526 52.180 -356.690 7.316 49.398 -358.889 12.621 57.394 -355.210 fcn-tree
2141 1 16 3488 0 -1 0 109.196 50.935 -460.630 106.056 47.835 -462.665 112.862 54.843 -458.586 fcn-tree
2142 1 16 3608 0 -1 0 -114.775 37.771 -1055.319 -122.748 28.201 -1060.095 -109.300 50.289 -1047.922 fcn-tree
2143 1 0 877 0 -1 0 233.784 43.665 -734.773 226.917 37.928 -739.218 238.602 48.280 -730.852 fcn-rockwall
2144 1 4 1884 0 -1 0 -38.371 93.187 -527.208 -42.165 86.630 -531.134 -34.329 99.324 -523.717 bch-beachrock
2145 1 4 1887 0 -1 0 -122.605 96.850 -556.893 -125.568 90.180 -561.659 -118.511 103.416 -552.542 bch-beachrock
2146 1 16 3756 0 -1 0 96.638 62.390 -1185.973 95.965 57.224 -1188.407 97.468 65.851 -1183.598 fcn-tree
2147 1 16 3698 0 -1 0 173.154 46.575 -914.947 169.263 44.674 -916.551 175.493 47.897 -913.574 fcn-tree
2148 1 16 3500 0 -1 0 113.541 58.392 -526.682 111.085 54.828 -528.734 116.520 64.420 -524.616 fcn-tree
2149 1 0 514 0 -1 0 69.044 35.459 -393.935 64.733 33.269 -397.147 73.296 38.089 -389.332 fcn-rockwall
2150 1 0 515 0 -1 0 145.098 27.030 -606.226 139.425 24.473 -610.630 150.350 28.503 -602.165 fcn-rockwall
2151 1 0 516 0 -1 0 153.073 32.543 -604.594 148.325 30.283 -610.265 159.453 33.645 -599.136 fcn-rockwall
2152 1 0 519 0 -1 0 -18.597 38.206 -1116.116 -25.754 34.784 -1123.405 -11.905 42.316 -1110.705 fcn-rockwall
2153 1 0 520 0 -1 0 264.837 32.489 -1273.115 261.638 31.190 -1276.012 267.489 33.844 -1269.942 fcn-rockwall
2154 1 0 1145 0 -1 0 106.427 46.699 -448.413 99.334 37.541 -455.331 113.142 52.358 -443.645 fcn-rockwall
2155 1 0 1153 0 -1 0 174.371 45.161 -482.474 167.323 36.208 -488.330 181.612 50.647 -474.346 fcn-rockwall
2156 1 0 1157 0 -1 0 158.956 49.055 -604.776 153.479 36.498 -611.052 167.323 57.146 -599.510 fcn-rockwall
2157 1 0 1164 0 -1 0 118.657 47.074 -488.993 112.603 38.259 -497.132 123.952 53.084 -483.321 fcn-rockwall
2158 1 0 1174 0 -1 0 185.206 45.056 -918.968 180.417 36.221 -925.871 191.736 50.551 -912.318 fcn-rockwall
2159 1 0 1184 0 -1 0 97.031 46.628 -949.540 92.224 36.492 -957.580 104.903 52.916 -941.758 fcn-rockwall
2160 1 0 1187 0 -1 0 -15.021 50.990 -961.529 -20.542 39.889 -968.476 -6.615 57.820 -955.425 fcn-rockwall
2161 1 0 1191 0 -1 0 -53.358 47.789 -1034.810 -57.994 38.239 -1038.972 -47.380 53.682 -1030.268 fcn-rockwall
2162 1 0 1195 0 -1 0 -60.044 28.732 -1041.366 -65.701 19.508 -1045.332 -53.956 34.224 -1036.574 fcn-rockwall
2163 1 0 1198 0 -1 0 224.690 43.435 -1316.616 219.071 35.079 -1324.501 231.563 48.380 -1310.533 fcn-rockwall
2164 1 0 1199 0 -1 0 268.939 43.435 -1336.484 263.320 35.079 -1344.368 275.812 48.380 -1330.401 fcn-rockwall
2165 1 0 1200 0 -1 0 352.438 39.772 -1380.432 344.680 32.299 -1385.037 359.760 43.898 -1373.560 fcn-rockwall
2166 1 0 1201 0 -1 0 350.210 38.180 -1376.925 342.824 31.108 -1381.573 357.228 41.944 -1369.326 fcn-rockwall
2167 1 0 1204 0 -1 0 182.473 47.962 -1146.395 175.541 38.078 -1152.226 188.820 54.449 -1138.398 fcn-rockwall
2168 1 0 1205 0 -1 0 182.771 48.787 -1144.038 174.844 38.136 -1149.850 189.652 55.767 -1135.742 fcn-rockwall
2169 1 0 1209 0 -1 0 93.330 47.422 -1178.954 88.717 36.994 -1186.829 99.577 53.991 -1172.338 fcn-rockwall
2170 1 0 1210 0 -1 0 157.503 44.480 -1193.153 152.661 36.884 -1199.653 162.857 49.388 -1188.922 fcn-rockwall
2171 1 0 1211 0 -1 0 175.908 44.608 -1207.460 170.376 35.816 -1214.272 184.228 50.523 -1202.978 fcn-rockwall
2172 1 0 1212 0 -1 0 198.619 43.945 -1252.630 191.708 35.625 -1259.523 205.209 49.115 -1248.097 fcn-rockwall
2173 1 1 1143 0 -1 0 157.078 30.409 -466.158 150.563 20.820 -471.433 166.416 38.800 -460.748 fcn-rockwall-bttm
2174 1 1 1146 0 -1 0 117.958 32.330 -471.501 109.409 24.113 -478.875 123.437 40.112 -466.795 fcn-rockwall-bttm
2175 1 1 1147 0 -1 0 121.602 30.472 -476.449 112.004 21.913 -484.355 127.635 38.456 -471.630 fcn-rockwall-bttm
2176 1 1 1165 0 -1 0 119.709 33.305 -479.416 110.656 23.776 -486.391 125.534 42.380 -474.390 fcn-rockwall-bttm
2177 1 1 1203 0 -1 0 296.131 37.886 -1400.887 290.860 32.557 -1409.159 299.650 43.555 -1395.612 fcn-rockwall-bttm
2178 1 1 1209 0 -1 0 93.534 31.948 -1171.090 88.892 22.729 -1179.266 99.581 41.084 -1165.763 fcn-rockwall-bttm
2179 1 1 1215 0 -1 0 41.342 31.040 -1174.716 36.903 23.062 -1182.563 46.767 38.308 -1169.518 fcn-rockwall-bttm
2180 1 1 1218 0 -1 0 15.803 31.403 -1172.409 11.375 24.127 -1179.445 21.205 38.078 -1167.832 fcn-rockwall-bttm
2181 1 1 1219 0 -1 0 8.164 30.489 -1170.339 4.044 23.993 -1176.808 13.332 36.235 -1165.822 fcn-rockwall-bttm
2182 1 1 1220 0 -1 0 -21.465 32.203 -1157.203 -26.645 24.290 -1165.157 -17.625 39.881 -1151.836 fcn-rockwall-bttm
2183 1 1 1221 0 -1 0 -12.093 31.280 -1160.468 -19.344 23.487 -1169.601 -7.145 38.771 -1154.477 fcn-rockwall-bttm
2184 1 16 3512 0 -1 0 149.360 37.228 -604.300 138.337 29.012 -608.831 159.197 47.611 -598.079 fcn-tree
2185 1 16 3518 0 -1 0 105.089 35.807 -582.141 98.066 28.933 -589.389 109.893 46.440 -574.722 fcn-tree
2186 1 16 3524 0 -1 0 168.817 47.644 -807.736 165.058 43.352 -813.422 171.431 52.740 -802.661 fcn-tree
2187 1 16 3530 0 -1 0 179.214 46.828 -748.837 175.499 40.066 -756.566 184.438 59.543 -743.814 fcn-tree
2188 1 16 3536 0 -1 0 226.320 46.909 -761.029 221.403 39.292 -768.481 231.232 58.878 -752.180 fcn-tree
2189 1 16 3572 0 -1 0 330.981 36.869 -1320.170 325.420 28.070 -1325.848 337.836 50.781 -1316.287 fcn-tree
2190 1 16 3614 0 -1 0 -32.227 39.643 -1069.082 -38.360 30.778 -1075.891 -25.657 55.365 -1060.675 fcn-tree
2191 1 16 3620 0 -1 0 300.608 39.993 -1360.237 293.468 33.515 -1366.348 306.670 51.187 -1355.983 fcn-tree
2192 1 16 3463 0 -1 0 42.033 66.323 -388.640 41.620 64.376 -389.622 42.913 68.520 -388.093 fcn-tree
2193 1 16 3475 0 -1 0 95.089 61.130 -437.265 94.293 59.442 -438.350 95.566 62.924 -435.396 fcn-tree
2194 1 16 3505 0 -1 0 174.293 58.987 -713.412 173.393 56.498 -714.480 174.858 62.449 -712.908 fcn-tree
2195 1 16 3547 0 -1 0 122.943 65.415 -865.569 121.087 63.062 -867.045 123.594 67.887 -864.013 fcn-tree
2196 1 16 3559 0 -1 0 30.851 52.871 -911.452 29.519 50.695 -912.519 31.504 55.902 -909.832 fcn-tree
2197 1 16 3569 0 -1 0 99.534 60.628 -1182.739 98.463 59.927 -1183.970 100.685 61.924 -1182.131 fcn-tree
2198 1 16 3577 0 -1 0 93.139 57.700 -1179.244 92.404 55.757 -1179.772 94.034 60.170 -1178.510 fcn-tree
2199 1 16 3595 0 -1 0 -35.686 54.548 -916.206 -36.182 53.504 -918.943 -34.755 55.302 -914.350 fcn-tree
2200 1 16 3601 0 -1 0 -114.447 63.724 -1097.358 -114.874 61.572 -1098.013 -113.354 66.399 -1096.898 fcn-tree
2201 1 16 3482 0 -1 0 103.976 56.987 -454.783 100.808 53.048 -457.276 106.227 63.803 -452.099 fcn-tree
2202 1 16 3476 0 -1 0 93.495 53.319 -438.729 91.031 48.575 -443.876 96.360 59.530 -432.755 fcn-tree
2203 1 16 3542 0 -1 0 113.875 54.087 -875.983 108.973 49.700 -879.007 118.148 61.190 -873.695 fcn-tree
2204 1 16 3578 0 -1 0 93.837 49.718 -1176.685 89.858 45.248 -1179.721 97.186 58.056 -1173.237 fcn-tree
2205 1 16 3494 0 -1 0 113.015 53.576 -493.757 109.415 49.835 -495.934 116.364 59.632 -491.217 fcn-tree
2206 1 16 3464 0 -1 0 41.849 58.344 -389.654 39.132 53.971 -392.685 44.294 65.929 -385.561 fcn-tree
2207 1 16 3548 0 -1 0 123.133 54.805 -867.688 117.658 48.599 -872.703 128.471 63.403 -862.362 fcn-tree
2208 1 16 3596 0 -1 0 -33.514 48.394 -910.252 -36.255 44.014 -919.278 -30.953 52.121 -904.308 fcn-tree
2209 1 16 3602 0 -1 0 -117.212 56.032 -1101.526 -121.333 50.633 -1105.619 -113.938 65.139 -1097.424 fcn-tree
2210 1 20 3392 0 -1 0 132.097 25.671 -599.415 127.626 20.384 -607.312 135.726 29.412 -592.060 fcn-stonehengetop
2211 1 20 3396 0 -1 0 189.793 20.242 -791.705 182.775 13.434 -796.849 195.542 28.037 -788.089 fcn-stonehengetop
2212 1 20 3400 0 -1 0 -56.128 24.105 -1111.199 -59.594 21.101 -1118.242 -51.410 28.717 -1104.601 fcn-stonehengetop
2213 1 20 3404 0 -1 0 -97.510 24.126 -1061.642 -104.174 21.097 -1068.887 -92.051 28.771 -1055.405 fcn-stonehengetop
2214 1 4 1918 0 -1 0 -32.903 89.221 -549.765 -40.375 75.219 -557.903 -28.406 103.671 -543.738 bch-beachrock
2215 1 4 1920 0 -1 0 -32.615 107.506 -566.615 -42.476 93.246 -573.280 -25.175 120.090 -561.467 bch-beachrock
2216 1 4 1922 0 -1 0 -39.120 87.321 -607.537 -47.090 73.321 -616.832 -33.454 98.760 -596.853 bch-beachrock
2217 1 4 1924 0 -1 0 -69.977 102.944 -498.844 -78.260 89.829 -506.008 -64.987 117.296 -493.333 bch-beachrock
2218 1 4 1926 0 -1 0 -55.757 110.342 -596.232 -63.120 95.994 -604.052 -50.329 122.319 -586.701 bch-beachrock
2219 1 4 1930 0 -1 0 -111.624 98.668 -572.494 -116.730 85.148 -581.115 -103.319 112.310 -560.898 bch-beachrock
2220 1 16 3610 0 -1 0 -106.670 43.431 -1059.594 -110.623 37.861 -1063.078 -105.080 49.237 -1055.380 fcn-tree
2221 1 0 1106 0 -1 0 345.616 44.818 -1346.252 336.190 30.068 -1349.545 352.441 53.931 -1341.704 fcn-rockwall
2222 1 7 3392 0 -1 0 131.838 24.812 -602.510 127.679 20.722 -605.209 135.810 28.719 -599.911 fcn-precursor-metal-edging-01
2223 1 7 3396 0 -1 0 187.969 22.770 -792.520 183.609 19.142 -796.530 192.143 26.549 -788.687 fcn-precursor-metal-edging-01
2224 1 7 3400 0 -1 0 -55.749 24.631 -1114.006 -59.798 20.902 -1116.312 -51.514 28.535 -1111.786 fcn-precursor-metal-edging-01
2225 1 7 3404 0 -1 0 -99.246 24.657 -1063.878 -103.381 20.911 -1067.631 -95.287 28.578 -1060.278 fcn-precursor-metal-edging-01
2226 1 0 793 0 -1 0 176.034 47.216 -478.319 167.248 37.074 -483.468 181.533 54.485 -472.084 fcn-rockwall
2227 1 0 808 0 -1 0 82.860 46.127 -426.844 78.217 36.909 -432.925 90.667 52.805 -419.493 fcn-rockwall
2228 1 0 848 0 -1 0 175.495 45.430 -624.313 166.952 36.218 -631.461 180.506 52.009 -618.091 fcn-rockwall
2229 1 0 853 0 -1 0 207.498 47.983 -661.276 198.923 37.273 -668.424 212.533 55.640 -655.054 fcn-rockwall
2230 1 0 858 0 -1 0 224.129 47.090 -701.078 215.426 37.027 -705.994 229.625 54.305 -694.832 fcn-rockwall
2231 1 0 863 0 -1 0 147.681 44.849 -680.473 142.334 36.061 -686.993 156.635 51.216 -673.834 fcn-rockwall
2232 1 0 908 0 -1 0 222.212 49.412 -852.933 215.065 38.063 -857.301 227.543 57.574 -847.150 fcn-rockwall
2233 1 0 928 0 -1 0 87.103 44.894 -887.457 81.411 35.934 -895.232 91.097 51.286 -882.274 fcn-rockwall
2234 1 0 933 0 -1 0 105.887 44.976 -878.436 100.095 35.988 -886.975 111.122 51.397 -873.149 fcn-rockwall
2235 1 0 943 0 -1 0 46.373 44.895 -899.450 40.769 35.942 -907.001 50.369 51.283 -894.239 fcn-rockwall
2236 1 0 948 0 -1 0 -18.972 44.822 -903.580 -24.832 35.690 -911.537 -15.084 51.304 -898.384 fcn-rockwall
2237 1 0 958 0 -1 0 27.403 49.219 -946.778 22.820 37.982 -951.956 33.721 57.299 -939.062 fcn-rockwall
2238 1 0 973 0 -1 0 155.592 48.638 -1135.853 148.597 37.735 -1143.342 160.016 56.478 -1130.014 fcn-rockwall
2239 1 0 1013 0 -1 0 10.342 44.670 -1183.521 6.126 36.579 -1188.829 15.891 50.580 -1175.472 fcn-rockwall
2240 1 0 265 0 -1 0 17.663 46.195 -228.005 10.164 34.167 -230.912 23.730 53.761 -223.545 fcn-rockwall
2241 1 16 3654 0 -1 0 5.149 49.621 -349.054 3.098 48.500 -349.695 6.527 50.311 -348.139 fcn-tree
2242 1 16 3658 0 -1 0 107.618 34.808 -596.352 106.758 33.602 -597.399 108.933 35.459 -595.543 fcn-tree
2243 1 16 3662 0 -1 0 106.939 33.019 -595.851 106.295 32.461 -597.045 107.408 33.747 -594.004 fcn-tree
2244 1 16 3666 0 -1 0 109.242 29.975 -598.580 108.259 29.015 -600.544 110.084 31.256 -597.371 fcn-tree
2245 1 16 3670 0 -1 0 112.075 23.806 -598.886 111.324 22.278 -599.967 112.866 24.518 -598.045 fcn-tree
2246 1 16 3674 0 -1 0 224.993 43.136 -759.011 223.744 41.739 -759.740 225.970 43.903 -758.220 fcn-tree
2247 1 16 3678 0 -1 0 182.754 42.800 -751.120 181.802 41.955 -752.183 184.286 43.437 -750.285 fcn-tree
2248 1 16 3682 0 -1 0 38.428 44.197 -906.576 36.857 43.674 -907.346 39.259 44.983 -905.497 fcn-tree
2249 1 16 3686 0 -1 0 59.478 45.877 -1133.150 57.854 44.972 -1133.822 60.460 46.820 -1132.473 fcn-tree
2250 1 16 3690 0 -1 0 -25.014 43.313 -911.800 -25.753 42.339 -912.553 -24.204 44.563 -910.406 fcn-tree
2251 1 16 3694 0 -1 0 -28.732 47.791 -910.527 -30.304 47.267 -911.297 -27.901 48.576 -909.447 fcn-tree
2252 1 16 3702 0 -1 0 285.237 36.499 -1337.043 284.003 35.894 -1337.671 286.859 37.237 -1336.566 fcn-tree
2253 1 16 3706 0 -1 0 205.899 38.656 -1173.769 204.150 38.192 -1174.219 207.173 39.095 -1173.266 fcn-tree
2254 1 16 3710 0 -1 0 -43.672 36.404 -990.083 -44.288 36.022 -991.331 -43.064 36.887 -988.251 fcn-tree
2255 1 16 3714 0 -1 0 -32.943 36.507 -1094.530 -33.504 35.425 -1096.184 -32.224 37.315 -1093.687 fcn-tree
2256 1 16 3718 0 -1 0 -53.510 34.873 -1004.074 -54.838 34.377 -1004.514 -52.225 35.472 -1002.842 fcn-tree
2257 1 16 3722 0 -1 0 335.737 32.623 -1364.940 335.053 32.061 -1366.130 336.480 33.225 -1363.158 fcn-tree
2258 1 16 3726 0 -1 0 341.458 39.151 -1379.819 339.312 38.569 -1380.425 343.027 39.776 -1379.180 fcn-tree
2259 1 16 3730 0 -1 0 333.121 30.427 -1349.636 332.699 29.681 -1350.742 333.897 31.042 -1347.813 fcn-tree
2260 1 16 3734 0 -1 0 335.269 32.814 -1352.693 334.632 31.579 -1353.317 336.534 34.180 -1351.943 fcn-tree
2261 1 16 3738 0 -1 0 303.800 37.198 -1363.091 303.445 36.426 -1364.378 304.865 37.831 -1361.738 fcn-tree
2262 1 0 1400 0 -1 0 165.115 41.838 -462.536 156.143 31.767 -465.702 175.088 47.749 -459.904 fcn-rockwall
2263 1 0 1403 0 -1 0 113.881 44.736 -477.628 105.284 35.996 -480.674 121.060 50.138 -474.712 fcn-rockwall
2264 1 0 1404 0 -1 0 118.882 42.929 -483.214 109.084 33.700 -486.724 126.912 48.568 -480.032 fcn-rockwall
2265 1 0 1422 0 -1 0 113.104 48.001 -486.275 103.758 37.734 -488.442 121.232 54.365 -482.850 fcn-rockwall
2266 1 0 1466 0 -1 0 98.604 47.433 -1178.645 95.945 37.661 -1187.076 100.672 53.696 -1171.144 fcn-rockwall
2267 1 0 1472 0 -1 0 46.306 41.966 -1183.750 43.669 33.458 -1191.796 47.922 47.101 -1176.412 fcn-rockwall
2268 1 0 1475 0 -1 0 20.650 41.592 -1179.061 18.055 33.816 -1186.366 22.264 46.308 -1172.531 fcn-rockwall
2269 1 0 1476 0 -1 0 10.608 38.267 -1178.494 8.274 31.549 -1185.070 12.983 42.222 -1172.340 fcn-rockwall
2270 1 0 1477 0 -1 0 -19.555 44.939 -1164.935 -23.239 36.498 -1171.793 -16.435 50.237 -1158.610 fcn-rockwall
2271 1 0 1478 0 -1 0 -10.834 43.230 -1167.382 -16.428 35.073 -1174.224 -6.385 48.306 -1161.243 fcn-rockwall
2272 1 1 1400 0 -1 0 156.951 31.132 -461.041 151.244 21.029 -464.829 168.111 40.752 -458.512 fcn-rockwall-bttm
2273 1 1 1403 0 -1 0 119.837 32.648 -476.255 111.371 23.969 -480.306 124.628 41.430 -473.228 fcn-rockwall-bttm
2274 1 1 1404 0 -1 0 123.833 30.495 -481.111 114.237 21.327 -485.878 129.003 39.641 -478.045 fcn-rockwall-bttm
2275 1 1 1422 0 -1 0 120.892 33.341 -484.402 111.130 23.166 -487.728 126.114 43.667 -481.710 fcn-rockwall-bttm
2276 1 2 1533 0 -1 0 -31.597 16.860 -1106.302 -35.172 12.926 -1108.911 -27.887 21.114 -1104.816 fcn-rockwall-cliffside
2277 1 2 1563 0 -1 0 -75.413 16.860 -1065.786 -79.363 12.926 -1067.501 -71.905 21.114 -1065.281 fcn-rockwall-cliffside
2278 1 2 1569 0 -1 0 -59.739 16.860 -1065.542 -63.689 12.927 -1067.257 -56.231 21.114 -1065.037 fcn-rockwall-cliffside
2279 1 2 1593 0 -1 0 -65.254 16.860 -1120.359 -68.829 12.926 -1122.968 -61.544 21.114 -1118.873 fcn-rockwall-cliffside
2280 1 2 1629 0 -1 0 287.111 16.860 -1335.906 283.749 12.926 -1337.964 290.130 21.114 -1332.721 fcn-rockwall-cliffside
2281 1 2 1635 0 -1 0 315.651 16.860 -1364.500 311.799 12.926 -1367.018 319.585 21.114 -1363.103 fcn-rockwall-cliffside
2282 1 2 1641 0 -1 0 121.468 16.860 -1158.327 119.953 12.926 -1162.222 124.013 21.114 -1155.317 fcn-rockwall-cliffside
2283 1 2 1653 0 -1 0 111.540 16.860 -1151.982 108.517 12.926 -1153.435 115.435 21.114 -1149.479 fcn-rockwall-cliffside
2284 1 2 1771 0 -1 0 148.301 23.050 -568.517 145.497 13.051 -570.356 151.375 29.505 -565.149 fcn-rockwall-cliffside
2285 1 2 1773 0 -1 0 141.681 23.050 -609.374 138.003 13.051 -612.796 145.067 29.505 -607.546 fcn-rockwall-cliffside
2286 1 2 1774 0 -1 0 121.321 23.050 -608.512 117.643 13.051 -611.934 124.706 29.505 -606.684 fcn-rockwall-cliffside
2287 1 2 1775 0 -1 0 204.701 22.916 -791.793 202.791 12.918 -794.570 208.241 29.371 -789.805 fcn-rockwall-cliffside
2288 1 2 1776 0 -1 0 204.202 22.916 -804.014 202.350 12.918 -806.412 207.510 29.371 -801.903 fcn-rockwall-cliffside
2289 1 2 1777 0 -1 0 199.344 23.050 -807.198 195.798 13.051 -810.598 202.356 29.505 -805.328 fcn-rockwall-cliffside
2290 1 2 1779 0 -1 0 -37.450 23.050 -1109.018 -40.556 13.051 -1113.157 -33.614 29.505 -1106.717 fcn-rockwall-cliffside
2291 1 2 1781 0 -1 0 -55.777 23.050 -1117.133 -58.883 13.051 -1121.272 -51.941 29.505 -1114.831 fcn-rockwall-cliffside
2292 1 2 1782 0 -1 0 -67.840 23.050 -1036.482 -70.707 13.051 -1038.528 -64.043 29.505 -1032.800 fcn-rockwall-cliffside
2293 1 2 1789 0 -1 0 -71.107 23.050 -1123.075 -74.213 13.051 -1127.214 -67.272 29.505 -1120.774 fcn-rockwall-cliffside
2294 1 2 1792 0 -1 0 312.349 23.050 -1314.249 308.142 13.051 -1316.759 315.312 29.505 -1309.963 fcn-rockwall-cliffside
2295 1 2 1793 0 -1 0 327.378 23.050 -1362.116 324.021 13.051 -1366.268 331.404 29.505 -1359.814 fcn-rockwall-cliffside
2296 1 2 1795 0 -1 0 291.732 23.050 -1332.051 287.653 13.051 -1334.513 294.745 29.505 -1327.762 fcn-rockwall-cliffside
2297 1 2 1796 0 -1 0 309.257 23.050 -1367.038 306.017 13.051 -1371.149 313.159 29.505 -1364.764 fcn-rockwall-cliffside
2298 1 2 1797 0 -1 0 119.899 23.050 -1164.136 117.483 13.051 -1167.832 123.898 29.505 -1161.831 fcn-rockwall-cliffside
2299 1 2 1798 0 -1 0 107.709 23.050 -1157.608 103.821 13.051 -1160.343 109.967 29.505 -1153.606 fcn-rockwall-cliffside
2300 1 2 1799 0 -1 0 117.379 23.050 -1153.436 115.094 13.051 -1155.817 121.031 29.505 -1149.466 fcn-rockwall-cliffside
2301 1 1 750 0 -1 0 10.446 32.587 -228.051 6.246 29.965 -233.046 17.423 37.786 -223.754 fcn-rockwall-bttm
2302 1 1 755 0 -1 0 -25.451 32.254 -244.461 -31.748 29.838 -250.303 -21.510 37.115 -240.398 fcn-rockwall-bttm
2303 1 1 760 0 -1 0 42.927 33.313 -326.730 38.579 30.065 -330.967 49.520 39.855 -319.029 fcn-rockwall-bttm
2304 1 1 765 0 -1 0 26.882 33.057 -291.379 22.725 30.002 -295.427 33.160 39.172 -286.019 fcn-rockwall-bttm
2305 1 1 770 0 -1 0 -29.334 32.341 -264.152 -36.595 29.925 -267.991 -25.422 37.258 -258.766 fcn-rockwall-bttm
2306 1 1 775 0 -1 0 -17.576 32.625 -301.047 -23.446 29.855 -306.155 -13.523 38.230 -297.018 fcn-rockwall-bttm
2307 1 1 780 0 -1 0 112.600 32.461 -387.022 108.171 30.041 -391.316 119.583 37.265 -379.497 fcn-rockwall-bttm
2308 1 1 790 0 -1 0 140.174 32.535 -413.128 135.111 30.047 -418.116 148.191 37.451 -404.935 fcn-rockwall-bttm
2309 1 1 795 0 -1 0 161.537 32.769 -460.332 157.453 30.021 -465.179 168.382 38.237 -453.738 fcn-rockwall-bttm
2310 1 1 800 0 -1 0 114.558 32.755 -454.716 107.992 29.826 -461.140 118.486 38.671 -450.317 fcn-rockwall-bttm
2311 1 1 805 0 -1 0 83.971 32.449 -364.021 79.798 30.066 -368.064 90.004 37.224 -356.491 fcn-rockwall-bttm
2312 1 1 810 0 -1 0 104.449 32.245 -433.469 96.995 29.713 -441.619 109.355 37.200 -428.830 fcn-rockwall-bttm
2313 1 1 815 0 -1 0 52.651 32.682 -386.364 45.899 29.759 -393.875 56.956 38.511 -382.073 fcn-rockwall-bttm
2314 1 1 820 0 -1 0 72.926 32.448 -397.351 65.245 29.719 -406.314 77.907 37.824 -392.332 fcn-rockwall-bttm
2315 1 1 825 0 -1 0 13.168 32.437 -348.232 6.544 29.767 -355.823 17.439 37.735 -343.950 fcn-rockwall-bttm
2316 1 1 830 0 -1 0 22.839 31.780 -364.000 17.302 29.071 -369.496 26.305 36.734 -360.732 fcn-rockwall-bttm
2317 1 1 835 0 -1 0 35.212 32.106 -369.255 28.813 29.749 -376.964 39.450 36.735 -365.000 fcn-rockwall-bttm
2318 1 1 840 0 -1 0 151.505 32.728 -546.605 147.286 29.994 -550.918 157.825 38.188 -542.023 fcn-rockwall-bttm
2319 1 1 845 0 -1 0 164.172 32.739 -526.288 160.179 29.828 -532.525 171.250 38.445 -522.400 fcn-rockwall-bttm
2320 1 1 850 0 -1 0 154.101 32.589 -615.407 149.121 30.064 -620.082 161.829 37.594 -607.319 fcn-rockwall-bttm
2321 1 1 855 0 -1 0 186.054 32.973 -652.370 181.065 30.057 -657.045 193.800 38.789 -644.282 fcn-rockwall-bttm
2322 1 1 860 0 -1 0 210.404 32.731 -682.511 206.277 30.008 -687.366 217.091 38.155 -676.123 fcn-rockwall-bttm
2323 1 1 865 0 -1 0 166.051 31.500 -695.178 158.524 28.941 -702.964 170.715 36.125 -690.265 fcn-rockwall-bttm
2324 1 1 870 0 -1 0 179.228 32.191 -712.179 172.131 29.762 -719.715 183.701 36.999 -707.771 fcn-rockwall-bttm
2325 1 1 875 0 -1 0 183.347 32.173 -731.946 177.058 29.811 -736.079 187.526 36.912 -728.317 fcn-rockwall-bttm
2326 1 1 880 0 -1 0 226.004 32.082 -729.184 221.873 29.936 -735.516 233.331 36.266 -723.989 fcn-rockwall-bttm
2327 1 1 890 0 -1 0 118.742 32.935 -548.066 111.412 29.927 -552.676 122.665 39.080 -542.000 fcn-rockwall-bttm
2328 1 1 895 0 -1 0 110.883 32.695 -561.547 103.126 29.978 -566.113 115.174 38.236 -554.696 fcn-rockwall-bttm
2329 1 1 900 0 -1 0 117.839 32.641 -632.051 111.361 29.838 -638.318 121.760 38.300 -627.642 fcn-rockwall-bttm
2330 1 1 905 0 -1 0 223.883 32.396 -756.064 219.690 30.010 -761.470 230.239 37.125 -749.826 fcn-rockwall-bttm
2331 1 1 910 0 -1 0 217.218 32.982 -830.601 213.120 30.015 -836.868 224.383 39.121 -825.394 fcn-rockwall-bttm
2332 1 1 915 0 -1 0 146.732 32.389 -867.646 139.409 29.971 -871.617 150.781 37.314 -861.494 fcn-rockwall-bttm
2333 1 1 920 0 -1 0 170.669 33.493 -918.522 165.426 30.010 -924.528 176.177 40.701 -914.364 fcn-rockwall-bttm
2334 1 1 925 0 -1 0 112.538 32.811 -887.747 105.907 30.070 -891.901 116.924 38.397 -880.865 fcn-rockwall-bttm
2335 1 1 930 0 -1 0 67.466 32.507 -896.259 62.616 30.082 -900.423 72.551 37.418 -889.880 fcn-rockwall-bttm
2336 1 1 935 0 -1 0 90.658 32.484 -893.553 84.062 30.057 -897.682 95.058 37.419 -886.698 fcn-rockwall-bttm
2337 1 1 940 0 -1 0 49.419 33.184 -903.833 42.009 30.220 -908.685 53.837 38.687 -895.796 fcn-rockwall-bttm
2338 1 1 945 0 -1 0 26.253 32.519 -907.102 21.388 30.092 -911.261 31.592 37.425 -900.457 fcn-rockwall-bttm
2339 1 1 950 0 -1 0 -37.808 32.646 -914.234 -43.016 30.101 -918.322 -33.246 37.750 -908.310 fcn-rockwall-bttm
2340 1 1 955 0 -1 0 127.882 32.334 -929.024 122.566 30.012 -936.417 135.502 37.137 -924.495 fcn-rockwall-bttm
2341 1 1 960 0 -1 0 49.532 32.952 -938.303 43.649 30.014 -944.764 54.963 39.030 -934.137 fcn-rockwall-bttm
2342 1 1 965 0 -1 0 -17.041 32.334 -1116.987 -21.441 30.012 -1121.298 -10.351 37.137 -1109.226 fcn-rockwall-bttm
2343 1 1 970 0 -1 0 278.012 32.462 -1335.491 271.029 30.002 -1343.412 282.658 37.552 -1331.092 fcn-rockwall-bttm
2344 1 1 975 0 -1 0 133.009 32.855 -1134.354 128.189 30.004 -1138.729 140.119 38.752 -1126.399 fcn-rockwall-bttm
2345 1 1 980 0 -1 0 194.244 33.011 -1221.590 186.426 30.001 -1229.638 199.077 39.239 -1216.883 fcn-rockwall-bttm
2346 1 1 985 0 -1 0 212.467 32.939 -1291.836 206.465 30.014 -1297.238 216.604 38.990 -1287.275 fcn-rockwall-bttm
2347 1 1 990 0 -1 0 200.978 33.051 -1246.101 194.977 30.012 -1251.504 205.116 39.338 -1241.541 fcn-rockwall-bttm
2348 1 1 995 0 -1 0 68.555 32.461 -1134.070 62.044 30.012 -1138.173 73.741 37.528 -1127.559 fcn-rockwall-bttm
2349 1 1 1000 0 -1 0 67.865 32.493 -1176.640 62.499 29.382 -1183.447 72.533 38.098 -1172.428 fcn-rockwall-bttm
2350 1 1 1005 0 -1 0 88.996 32.762 -1173.415 84.358 29.450 -1179.939 95.236 38.756 -1169.291 fcn-rockwall-bttm
2351 1 1 1010 0 -1 0 25.468 32.714 -1131.002 21.052 30.005 -1135.155 30.432 38.319 -1124.279 fcn-rockwall-bttm
2352 1 1 1015 0 -1 0 28.770 31.858 -1173.822 23.863 29.406 -1180.114 33.896 36.164 -1169.617 fcn-rockwall-bttm
2353 1 1 1020 0 -1 0 -43.259 32.352 -1149.307 -50.268 29.357 -1157.268 -38.714 37.982 -1144.747 fcn-rockwall-bttm
2354 1 1 763 0 -1 0 30.703 32.823 -309.374 26.481 29.907 -311.788 36.933 38.862 -305.072 fcn-rockwall-bttm
2355 1 1 873 0 -1 0 182.135 32.118 -716.034 176.055 29.873 -719.812 185.758 36.778 -713.915 fcn-rockwall-bttm
2356 1 1 883 0 -1 0 116.749 31.816 -476.597 110.383 29.239 -481.056 121.597 37.059 -473.996 fcn-rockwall-bttm
2357 1 16 3506 0 -1 0 168.987 49.357 -714.436 164.035 42.720 -718.115 173.509 60.914 -710.422 fcn-tree
2358 1 16 3554 0 -1 0 142.181 54.061 -857.569 138.497 48.868 -860.156 146.153 63.669 -853.924 fcn-tree
2359 1 16 3584 0 -1 0 16.186 44.755 -1176.579 9.639 35.197 -1181.647 23.859 62.454 -1170.687 fcn-tree
2360 1 16 3590 0 -1 0 -93.811 48.715 -984.333 -99.767 39.880 -994.909 -89.054 61.593 -975.605 fcn-tree
2361 1 4 1840 0 -1 0 -49.489 57.196 -423.231 -55.426 44.206 -431.290 -42.801 68.483 -417.906 bch-beachrock
2362 1 2 1489 0 -1 0 125.071 26.802 -567.030 110.304 21.583 -569.782 139.623 29.864 -563.698 fcn-rockwall-cliffside
2363 1 2 1525 0 -1 0 196.411 26.802 -781.949 181.643 21.583 -784.701 210.963 29.864 -778.617 fcn-rockwall-cliffside
2364 1 16 3560 0 -1 0 34.664 46.080 -903.813 30.532 39.522 -907.713 39.092 56.170 -898.737 fcn-tree
2365 1 16 3467 0 -1 0 44.809 61.700 -390.618 43.492 61.046 -392.366 46.060 62.607 -389.566 fcn-tree
2366 1 16 3499 0 -1 0 116.020 63.210 -524.741 115.644 61.944 -525.486 116.248 65.025 -524.361 fcn-tree
2367 1 16 3509 0 -1 0 167.904 55.310 -716.056 165.735 54.497 -716.784 169.998 57.611 -715.145 fcn-tree
2368 1 16 3523 0 -1 0 170.848 54.745 -808.774 170.479 53.101 -810.582 171.623 56.139 -807.838 fcn-tree
2369 1 16 3541 0 -1 0 113.238 61.733 -877.350 112.609 59.956 -877.793 114.638 63.811 -876.538 fcn-tree
2370 1 16 3599 0 -1 0 -31.635 49.909 -914.678 -33.004 49.007 -916.986 -30.904 51.063 -913.738 fcn-tree
2371 1 4 1928 0 -1 0 -96.103 109.153 -578.611 -100.958 94.637 -586.822 -90.025 120.616 -567.139 bch-beachrock
2372 1 0 1134 0 -1 0 0.898 43.681 -189.541 -4.078 36.088 -193.242 6.413 48.553 -182.735 fcn-rockwall
2373 1 0 1135 0 -1 0 -48.003 44.073 -190.645 -52.484 35.824 -196.713 -44.765 49.457 -186.011 fcn-rockwall
2374 1 0 1136 0 -1 0 18.682 43.779 -204.415 13.085 36.240 -208.960 24.694 48.141 -198.018 fcn-rockwall
2375 1 0 1137 0 -1 0 24.093 47.938 -208.552 19.458 39.992 -215.084 29.839 52.578 -199.185 fcn-rockwall
2376 1 0 1138 0 -1 0 38.743 41.958 -316.914 33.145 34.419 -321.459 44.755 46.319 -310.517 fcn-rockwall
2377 1 0 1139 0 -1 0 121.652 43.064 -389.344 116.210 35.814 -393.411 127.463 47.588 -382.672 fcn-rockwall
2378 1 0 1140 0 -1 0 118.341 41.502 -386.652 112.417 34.207 -391.447 124.511 45.648 -380.135 fcn-rockwall
2379 1 0 1141 0 -1 0 115.605 41.359 -385.709 109.948 34.406 -389.947 121.625 45.601 -379.451 fcn-rockwall
2380 1 0 1142 0 -1 0 148.843 43.102 -417.214 143.339 35.846 -421.323 154.793 47.591 -410.811 fcn-rockwall
2381 1 0 1144 0 -1 0 170.289 44.353 -476.523 162.866 35.046 -481.546 178.359 50.290 -467.679 fcn-rockwall
2382 1 0 1148 0 -1 0 78.932 47.949 -428.003 74.200 40.587 -434.057 84.453 52.791 -424.212 fcn-rockwall
2383 1 0 1149 0 -1 0 71.511 42.923 -405.141 65.655 35.288 -411.688 76.857 47.395 -400.684 fcn-rockwall
2384 1 0 1150 0 -1 0 47.118 45.582 -384.965 41.254 36.755 -392.546 52.304 50.845 -380.215 fcn-rockwall
2385 1 0 1151 0 -1 0 -5.102 43.990 -338.990 -11.318 35.464 -347.087 2.605 49.154 -333.316 fcn-rockwall
2386 1 0 1152 0 -1 0 7.308 42.205 -346.224 1.723 34.738 -353.045 12.447 46.716 -341.843 fcn-rockwall
2387 1 0 1154 0 -1 0 171.556 43.512 -495.132 166.183 35.649 -499.891 178.115 48.349 -488.149 fcn-rockwall
2388 1 0 1155 0 -1 0 154.660 41.262 -546.694 150.957 34.914 -550.324 159.349 45.245 -540.954 fcn-rockwall
2389 1 0 1156 0 -1 0 155.533 41.108 -542.776 151.452 34.862 -547.058 161.367 44.923 -537.805 fcn-rockwall
2390 1 0 1158 0 -1 0 161.651 42.119 -618.129 156.363 35.034 -622.559 167.296 46.252 -611.684 fcn-rockwall
2391 1 0 1159 0 -1 0 171.637 42.326 -709.957 165.845 34.999 -716.509 177.436 46.802 -706.040 fcn-rockwall
2392 1 0 1160 0 -1 0 230.749 41.115 -732.949 224.492 33.539 -737.685 237.348 45.418 -726.424 fcn-rockwall
2393 1 0 1161 0 -1 0 178.129 41.136 -748.576 172.461 34.193 -754.471 183.480 45.343 -744.266 fcn-rockwall
2394 1 0 1162 0 -1 0 231.264 44.653 -763.064 224.339 35.829 -768.428 238.577 50.008 -755.539 fcn-rockwall
2395 1 0 1163 0 -1 0 227.808 40.275 -760.325 221.387 32.863 -765.071 234.336 44.540 -753.383 fcn-rockwall
2396 1 0 1166 0 -1 0 230.748 41.331 -801.463 225.465 33.832 -805.977 237.101 45.548 -795.907 fcn-rockwall
2397 1 0 1167 0 -1 0 192.136 25.382 -801.099 188.247 20.339 -807.450 195.165 29.429 -797.192 fcn-rockwall
2398 1 0 1168 0 -1 0 184.619 25.601 -795.947 179.581 20.534 -800.956 189.948 29.667 -793.668 fcn-rockwall
2399 1 0 1169 0 -1 0 183.579 26.007 -792.032 180.124 20.765 -798.581 185.709 30.214 -787.307 fcn-rockwall
2400 1 0 1170 0 -1 0 174.902 39.815 -799.294 170.313 34.172 -805.271 178.529 43.289 -795.194 fcn-rockwall
2401 1 0 1171 0 -1 0 184.242 26.007 -784.180 180.745 20.765 -791.280 186.369 30.214 -779.070 fcn-rockwall
2402 1 0 1172 0 -1 0 217.928 42.995 -848.730 212.172 34.499 -853.587 225.167 48.107 -840.642 fcn-rockwall
2403 1 0 1173 0 -1 0 165.144 40.891 -841.762 159.154 33.626 -845.644 169.376 44.974 -837.378 fcn-rockwall
2404 1 0 1175 0 -1 0 164.928 44.761 -922.280 158.818 35.649 -929.664 174.324 50.524 -915.545 fcn-rockwall
2405 1 0 1176 0 -1 0 175.772 40.327 -916.256 170.355 33.336 -922.145 183.418 44.502 -910.760 fcn-rockwall
2406 1 0 1178 0 -1 0 132.039 43.002 -871.832 125.051 35.355 -877.326 136.525 47.620 -865.897 fcn-rockwall
2407 1 0 1179 0 -1 0 105.019 44.853 -884.348 99.677 35.746 -889.368 109.416 50.190 -878.168 fcn-rockwall
2408 1 0 1180 0 -1 0 31.123 44.371 -900.202 24.434 34.786 -907.452 36.209 49.903 -892.248 fcn-rockwall
2409 1 0 1181 0 -1 0 -31.137 45.523 -907.578 -37.532 35.643 -913.990 -26.101 51.349 -900.211 fcn-rockwall
2410 1 0 1182 0 -1 0 104.769 42.692 -944.229 99.529 34.522 -951.312 112.243 47.523 -937.519 fcn-rockwall
2411 1 0 1183 0 -1 0 89.268 44.131 -951.003 83.978 35.465 -958.254 96.704 49.431 -944.165 fcn-rockwall
2412 1 0 1185 0 -1 0 40.490 42.767 -943.601 35.244 34.594 -950.425 48.213 47.611 -937.473 fcn-rockwall
2413 1 0 1186 0 -1 0 27.269 42.599 -947.610 22.234 33.565 -955.659 34.072 47.677 -939.711 fcn-rockwall
2414 1 0 1188 0 -1 0 -20.690 38.660 -1107.795 -26.279 31.807 -1112.348 -14.992 42.350 -1102.364 fcn-rockwall
2415 1 0 1189 0 -1 0 -16.510 41.329 -1110.915 -23.343 34.033 -1115.720 -10.791 45.657 -1103.893 fcn-rockwall
2416 1 0 1190 0 -1 0 -12.044 43.071 -1113.048 -20.029 33.900 -1119.397 -4.996 48.268 -1103.636 fcn-rockwall
2417 1 0 1192 0 -1 0 -50.605 47.146 -1027.433 -57.139 35.998 -1034.630 -41.177 53.528 -1021.165 fcn-rockwall
2418 1 0 1193 0 -1 0 -66.036 43.652 -939.685 -74.878 34.264 -947.692 -59.515 49.158 -933.290 fcn-rockwall
2419 1 0 1194 0 -1 0 -89.735 46.183 -974.519 -98.544 35.845 -982.920 -83.402 52.474 -968.848 fcn-rockwall
2420 1 0 1196 0 -1 0 -100.652 41.024 -997.080 -109.188 32.566 -1006.484 -94.525 45.750 -990.809 fcn-rockwall
2421 1 0 1197 0 -1 0 307.389 40.977 -1291.560 298.010 32.980 -1298.369 313.919 45.569 -1282.797 fcn-rockwall
2422 1 0 1202 0 -1 0 298.495 41.854 -1399.786 294.093 35.765 -1405.873 302.231 46.324 -1396.089 fcn-rockwall
2423 1 0 1206 0 -1 0 77.860 41.007 -1128.203 72.815 32.545 -1133.876 82.995 45.568 -1121.272 fcn-rockwall
2424 1 0 1207 0 -1 0 104.200 40.704 -1128.550 95.384 32.969 -1134.384 110.499 45.014 -1121.054 fcn-rockwall
2425 1 0 1208 0 -1 0 110.675 40.405 -1129.429 105.596 31.996 -1135.380 115.840 44.829 -1122.363 fcn-rockwall
2426 1 0 1213 0 -1 0 63.469 43.894 -1131.529 58.013 34.924 -1136.119 68.487 49.048 -1124.970 fcn-rockwall
2427 1 0 1214 0 -1 0 36.001 44.488 -1182.991 29.151 33.963 -1191.232 43.181 50.261 -1177.249 fcn-rockwall
2428 1 0 1216 0 -1 0 14.424 42.151 -1130.296 9.148 35.428 -1134.265 18.346 46.264 -1124.983 fcn-rockwall
2429 1 0 1217 0 -1 0 8.708 43.861 -1124.410 0.380 34.780 -1130.688 15.556 49.111 -1115.277 fcn-rockwall
2430 1 0 1222 0 -1 0 -47.225 47.816 -1152.019 -54.951 36.165 -1161.154 -40.859 54.281 -1145.187 fcn-rockwall
2431 1 0 1223 0 -1 0 -52.307 44.485 -1143.813 -58.853 35.259 -1152.215 -43.102 50.373 -1138.991 fcn-rockwall
2432 1 1 1134 0 -1 0 -2.825 31.998 -192.032 -6.789 25.437 -196.499 2.981 38.764 -185.091 fcn-rockwall-bttm
2433 1 1 1135 0 -1 0 -45.369 31.069 -190.189 -49.813 24.591 -196.292 -42.579 38.145 -185.488 fcn-rockwall-bttm
2434 1 1 1136 0 -1 0 12.095 33.655 -207.678 7.707 27.318 -212.400 18.551 39.690 -200.395 fcn-rockwall-bttm
2435 1 1 1138 0 -1 0 32.156 31.833 -320.177 27.768 25.496 -324.899 38.612 37.869 -312.894 fcn-rockwall-bttm
2436 1 1 1139 0 -1 0 115.902 32.503 -392.796 111.607 26.126 -397.400 122.154 38.833 -385.509 fcn-rockwall-bttm
2437 1 1 1140 0 -1 0 111.008 32.115 -390.479 106.420 25.883 -395.367 117.705 37.919 -383.038 fcn-rockwall-bttm
2438 1 1 1141 0 -1 0 108.375 31.678 -387.267 103.981 25.456 -391.598 114.861 37.643 -380.587 fcn-rockwall-bttm
2439 1 1 1142 0 -1 0 142.629 32.592 -419.943 138.293 26.211 -424.379 149.004 38.837 -412.787 fcn-rockwall-bttm
2440 1 1 1144 0 -1 0 161.652 32.737 -476.083 155.809 25.032 -481.003 170.283 40.719 -467.198 fcn-rockwall-bttm
2441 1 1 1145 0 -1 0 115.325 33.276 -446.317 107.662 25.339 -453.878 120.513 41.100 -441.351 fcn-rockwall-bttm
2442 1 1 1148 0 -1 0 81.310 36.278 -424.173 76.731 29.939 -430.291 85.564 42.793 -420.116 fcn-rockwall-bttm
2443 1 1 1149 0 -1 0 77.301 32.375 -401.713 71.055 26.000 -409.077 81.540 38.562 -397.070 fcn-rockwall-bttm
2444 1 1 1150 0 -1 0 51.187 32.863 -380.599 45.024 25.706 -388.826 55.379 40.138 -375.358 fcn-rockwall-bttm
2445 1 1 1151 0 -1 0 1.048 32.283 -332.345 -5.758 24.829 -341.016 6.360 39.626 -326.659 fcn-rockwall-bttm
2446 1 1 1152 0 -1 0 12.268 31.525 -341.996 6.296 25.135 -349.448 16.367 37.751 -337.243 fcn-rockwall-bttm
2447 1 1 1154 0 -1 0 163.901 32.383 -493.021 159.249 25.399 -498.119 170.630 39.175 -487.038 fcn-rockwall-bttm
2448 1 1 1155 0 -1 0 149.893 31.899 -544.628 146.667 26.467 -548.534 154.536 37.507 -539.780 fcn-rockwall-bttm
2449 1 1 1156 0 -1 0 150.755 32.184 -539.293 146.664 26.730 -543.912 156.987 37.488 -535.769 fcn-rockwall-bttm
2450 1 1 1157 0 -1 0 153.258 31.125 -608.015 147.477 22.587 -614.431 162.155 41.312 -603.029 fcn-rockwall-bttm
2451 1 1 1158 0 -1 0 155.830 32.508 -622.122 151.669 26.469 -626.668 161.904 38.259 -614.915 fcn-rockwall-bttm
2452 1 1 1159 0 -1 0 177.833 32.081 -706.716 171.530 25.828 -713.747 182.206 38.469 -702.245 fcn-rockwall-bttm
2453 1 1 1160 0 -1 0 220.875 31.640 -731.672 216.013 24.952 -736.669 227.827 37.743 -725.809 fcn-rockwall-bttm
2454 1 1 1161 0 -1 0 186.040 31.607 -749.234 179.988 25.385 -754.794 190.099 37.539 -744.813 fcn-rockwall-bttm
2455 1 1 1162 0 -1 0 221.622 32.493 -763.200 216.297 24.679 -768.538 229.523 40.069 -755.880 fcn-rockwall-bttm
2456 1 1 1163 0 -1 0 217.645 31.131 -758.914 212.847 24.518 -763.809 224.605 37.307 -752.589 fcn-rockwall-bttm
2457 1 1 1166 0 -1 0 222.879 31.884 -799.833 218.267 25.698 -804.381 229.626 37.717 -795.182 fcn-rockwall-bttm
2458 1 1 1172 0 -1 0 209.662 31.479 -844.952 204.507 24.118 -850.741 217.185 38.793 -838.500 fcn-rockwall-bttm
2459 1 1 1173 0 -1 0 169.813 31.660 -844.517 163.158 26.306 -847.604 174.084 37.290 -839.947 fcn-rockwall-bttm
2460 1 1 1174 0 -1 0 184.827 32.180 -909.273 180.011 24.389 -916.777 191.315 39.828 -904.205 fcn-rockwall-bttm
2461 1 1 1178 0 -1 0 136.153 32.141 -877.474 128.452 25.555 -881.831 141.030 38.531 -871.113 fcn-rockwall-bttm
2462 1 1 1179 0 -1 0 105.801 32.207 -890.431 100.213 24.919 -894.569 110.352 39.582 -884.323 fcn-rockwall-bttm
2463 1 1 1180 0 -1 0 30.235 32.012 -910.869 24.084 23.574 -916.519 35.582 39.813 -902.782 fcn-rockwall-bttm
2464 1 1 1181 0 -1 0 -31.121 31.881 -916.080 -37.375 23.462 -921.076 -25.937 39.958 -908.489 fcn-rockwall-bttm
2465 1 1 1182 0 -1 0 104.428 32.021 -935.057 99.209 24.762 -942.711 111.775 38.933 -929.889 fcn-rockwall-bttm
2466 1 1 1183 0 -1 0 88.546 32.004 -941.670 83.223 24.268 -949.494 96.034 39.455 -936.396 fcn-rockwall-bttm
2467 1 1 1184 0 -1 0 94.929 32.019 -939.495 89.781 23.358 -948.247 103.311 40.923 -933.502 fcn-rockwall-bttm
2468 1 1 1185 0 -1 0 42.392 32.041 -934.687 36.902 24.775 -941.612 49.258 38.964 -929.831 fcn-rockwall-bttm
2469 1 1 1186 0 -1 0 25.844 31.670 -935.909 20.664 23.586 -944.716 33.058 38.928 -929.927 fcn-rockwall-bttm
2470 1 1 1187 0 -1 0 -19.812 34.275 -955.779 -25.692 25.272 -963.094 -10.480 43.612 -950.843 fcn-rockwall-bttm
2471 1 1 1188 0 -1 0 -28.397 30.863 -1110.983 -32.660 25.369 -1115.561 -22.165 35.964 -1104.547 fcn-rockwall-bttm
2472 1 1 1189 0 -1 0 -22.901 31.723 -1116.258 -27.599 25.402 -1121.186 -16.603 37.959 -1108.666 fcn-rockwall-bttm
2473 1 1 1190 0 -1 0 -17.232 31.515 -1120.043 -22.959 23.504 -1126.585 -9.675 38.867 -1110.026 fcn-rockwall-bttm
2474 1 1 1191 0 -1 0 -59.869 33.377 -1035.046 -64.083 25.853 -1039.187 -53.726 41.403 -1030.634 fcn-rockwall-bttm
2475 1 1 1192 0 -1 0 -58.007 32.464 -1022.406 -64.653 23.529 -1029.951 -47.773 41.284 -1017.295 fcn-rockwall-bttm
2476 1 1 1193 0 -1 0 -57.704 31.594 -946.283 -67.101 23.328 -951.773 -51.450 39.528 -939.259 fcn-rockwall-bttm
2477 1 1 1194 0 -1 0 -81.647 31.845 -979.484 -90.621 22.892 -985.648 -75.559 40.798 -972.888 fcn-rockwall-bttm
2478 1 1 1195 0 -1 0 -68.625 15.468 -1042.146 -73.008 8.073 -1046.261 -62.380 23.057 -1037.095 fcn-rockwall-bttm
2479 1 1 1196 0 -1 0 -92.975 31.235 -1001.667 -101.835 23.707 -1008.973 -87.031 38.184 -994.549 fcn-rockwall-bttm
2480 1 1 1198 0 -1 0 229.776 32.046 -1308.508 223.661 24.787 -1317.102 234.558 38.944 -1302.816 fcn-rockwall-bttm
2481 1 1 1199 0 -1 0 274.025 32.046 -1328.375 267.910 24.787 -1336.969 278.807 38.944 -1322.684 fcn-rockwall-bttm
2482 1 1 1200 0 -1 0 340.287 31.344 -1382.052 334.558 24.831 -1386.739 348.524 37.491 -1374.763 fcn-rockwall-bttm
2483 1 1 1201 0 -1 0 337.478 30.849 -1374.580 332.077 24.673 -1379.349 345.057 36.559 -1367.879 fcn-rockwall-bttm
2484 1 1 1210 0 -1 0 161.174 32.603 -1188.738 155.982 25.988 -1195.569 165.029 39.344 -1184.276 fcn-rockwall-bttm
2485 1 1 1211 0 -1 0 182.261 32.100 -1202.507 175.723 24.922 -1209.437 188.186 39.901 -1197.886 fcn-rockwall-bttm
2486 1 1 1212 0 -1 0 206.999 31.929 -1250.038 199.515 24.568 -1257.747 212.101 39.163 -1245.162 fcn-rockwall-bttm
2487 1 1 1213 0 -1 0 63.970 31.944 -1136.640 58.584 25.047 -1140.988 68.942 39.058 -1130.337 fcn-rockwall-bttm
2488 1 1 1214 0 -1 0 36.277 31.877 -1175.900 29.648 23.948 -1184.164 42.695 39.841 -1170.280 fcn-rockwall-bttm
2489 1 1 1216 0 -1 0 13.347 32.424 -1135.118 8.666 26.618 -1138.713 17.530 38.111 -1129.925 fcn-rockwall-bttm
2490 1 1 1217 0 -1 0 4.329 32.148 -1131.691 -1.793 24.135 -1138.017 11.347 39.557 -1122.134 fcn-rockwall-bttm
2491 1 1 1222 0 -1 0 -41.674 33.415 -1146.929 -49.643 24.815 -1157.432 -36.411 42.326 -1139.939 fcn-rockwall-bttm
2492 1 1 1223 0 -1 0 -46.969 31.664 -1139.744 -54.380 23.978 -1148.059 -40.245 39.752 -1134.252 fcn-rockwall-bttm
2493 1 0 517 0 -1 0 55.539 36.764 -939.227 51.321 33.886 -942.581 59.736 40.222 -934.294 fcn-rockwall
2494 1 0 518 0 -1 0 -47.185 36.764 -921.719 -50.855 33.886 -925.843 -43.157 40.222 -917.129 fcn-rockwall
2495 1 0 521 0 -1 0 303.497 37.386 -1304.781 299.066 34.129 -1309.983 307.979 41.350 -1300.845 fcn-rockwall
2496 1 0 522 0 -1 0 215.778 37.561 -1300.733 211.782 34.000 -1303.974 219.410 41.751 -1297.175 fcn-rockwall
2497 1 16 3567 0 -1 0 98.425 60.573 -1180.517 97.556 59.604 -1182.062 99.234 62.160 -1179.785 fcn-tree
2498 1 4 1830 0 -1 0 -41.769 43.835 -289.624 -49.681 31.356 -297.716 -36.700 55.356 -283.745 bch-beachrock
2499 1 4 1835 0 -1 0 -31.997 54.027 -428.922 -41.000 42.567 -438.545 -27.755 67.149 -421.942 bch-beachrock
2500 1 4 1875 0 -1 0 -92.558 114.891 -573.789 -99.933 101.650 -579.048 -82.808 127.505 -566.019 bch-beachrock
2501 1 4 1880 0 -1 0 -77.693 114.618 -591.199 -87.379 101.555 -598.893 -68.458 124.935 -581.690 bch-beachrock
2502 1 16 3472 0 -1 0 9.535 56.653 -356.724 8.664 53.485 -357.484 10.284 59.370 -355.985 fcn-tree
2503 1 16 3478 0 -1 0 94.003 60.214 -436.987 93.001 55.778 -439.246 95.108 63.715 -434.383 fcn-tree
2504 1 16 3490 0 -1 0 110.308 55.378 -460.628 109.011 52.527 -461.792 111.680 57.608 -459.386 fcn-tree
2505 1 16 3514 0 -1 0 146.393 49.303 -604.442 141.252 41.801 -606.176 150.700 55.004 -602.476 fcn-tree
2506 1 16 3520 0 -1 0 110.226 45.124 -583.183 106.400 38.914 -587.164 112.749 49.977 -579.809 fcn-tree
2507 1 16 3526 0 -1 0 171.305 53.505 -809.226 168.916 50.004 -811.830 173.378 55.954 -807.028 fcn-tree
2508 1 16 3532 0 -1 0 179.479 57.662 -751.351 177.677 49.959 -753.375 181.356 64.293 -749.602 fcn-tree
2509 1 16 3538 0 -1 0 223.095 58.235 -760.715 222.164 50.228 -763.738 224.880 65.047 -757.710 fcn-tree
2510 1 16 3544 0 -1 0 113.869 60.924 -876.376 112.129 56.299 -877.287 115.673 64.755 -875.582 fcn-tree
2511 1 16 3574 0 -1 0 323.563 45.926 -1318.862 321.948 38.745 -1321.738 327.290 52.511 -1315.765 fcn-tree
2512 1 16 3580 0 -1 0 93.204 56.985 -1177.926 92.252 51.838 -1179.307 94.033 61.424 -1176.694 fcn-tree
2513 1 16 3616 0 -1 0 -35.886 52.225 -1065.923 -37.719 42.876 -1067.480 -34.401 60.639 -1063.908 fcn-tree
2514 1 16 3622 0 -1 0 300.398 50.197 -1357.893 297.450 43.294 -1360.291 303.643 55.812 -1356.531 fcn-tree
2515 1 16 3708 0 -1 0 -43.900 35.734 -991.712 -46.574 33.358 -992.260 -42.839 37.342 -990.013 fcn-tree
2516 1 16 3712 0 -1 0 -32.769 35.519 -1093.065 -33.773 33.364 -1093.840 -31.172 38.978 -1092.315 fcn-tree
2517 1 16 3720 0 -1 0 335.709 32.623 -1366.715 332.869 30.360 -1367.813 336.766 34.124 -1364.853 fcn-tree
2518 1 16 3728 0 -1 0 333.609 30.270 -1351.335 330.379 28.862 -1351.762 335.894 31.234 -1350.264 fcn-tree
2519 1 16 3732 0 -1 0 334.317 31.323 -1352.547 332.849 29.393 -1353.509 335.868 34.423 -1351.156 fcn-tree
2520 1 16 3736 0 -1 0 302.634 37.421 -1364.412 301.838 35.196 -1365.851 303.192 38.991 -1361.155 fcn-tree
2521 1 4 1845 0 -1 0 -27.160 89.969 -556.269 -35.223 74.920 -566.939 -21.820 104.312 -547.712 bch-beachrock
2522 1 4 1850 0 -1 0 -24.834 89.621 -579.578 -34.000 74.589 -591.185 -17.944 102.162 -569.180 bch-beachrock
2523 1 4 1855 0 -1 0 -46.101 113.992 -543.441 -56.019 98.010 -554.873 -40.618 128.452 -534.656 bch-beachrock
2524 1 4 1860 0 -1 0 -34.609 105.838 -582.458 -44.481 90.691 -593.438 -26.879 118.805 -571.805 bch-beachrock
2525 1 4 1865 0 -1 0 -114.646 107.893 -559.347 -120.702 94.413 -567.333 -107.478 120.234 -550.217 bch-beachrock
2526 1 4 1870 0 -1 0 -56.044 105.652 -521.304 -63.664 90.537 -531.743 -51.218 121.066 -512.210 bch-beachrock
2527 1 0 788 0 -1 0 161.038 45.204 -428.064 151.823 36.140 -434.931 166.389 51.681 -421.286 fcn-rockwall
2528 1 0 798 0 -1 0 100.648 48.790 -439.506 95.484 37.882 -445.164 108.877 56.659 -434.343 fcn-rockwall
2529 1 0 868 0 -1 0 161.222 45.475 -702.177 156.446 36.570 -708.111 169.343 51.915 -695.625 fcn-rockwall
2530 1 0 888 0 -1 0 116.212 49.138 -527.401 110.830 37.878 -532.992 123.245 57.230 -523.553 fcn-rockwall
2531 1 0 893 0 -1 0 113.559 47.110 -540.810 107.917 36.988 -547.826 120.682 54.373 -536.507 fcn-rockwall
2532 1 0 898 0 -1 0 104.423 47.962 -616.374 99.239 37.533 -622.045 112.629 55.484 -611.390 fcn-rockwall
2533 1 0 903 0 -1 0 236.050 44.963 -777.580 227.547 36.171 -782.358 241.512 51.268 -770.872 fcn-rockwall
2534 1 0 918 0 -1 0 150.223 52.782 -928.797 145.840 39.458 -934.069 156.406 62.364 -920.758 fcn-rockwall
2535 1 0 923 0 -1 0 127.640 47.043 -872.465 121.849 36.853 -881.009 132.904 54.328 -867.187 fcn-rockwall
2536 1 0 953 0 -1 0 109.142 45.189 -946.298 103.061 36.309 -951.732 115.980 51.575 -937.351 fcn-rockwall
2537 1 0 963 0 -1 0 2.464 45.189 -1119.839 -4.588 36.309 -1127.057 6.696 51.575 -1114.158 fcn-rockwall
2538 1 0 968 0 -1 0 256.969 46.083 -1332.592 252.579 36.674 -1338.390 264.146 52.849 -1325.224 fcn-rockwall
2539 1 0 983 0 -1 0 201.608 49.133 -1273.575 196.321 37.947 -1279.317 209.726 57.178 -1269.473 fcn-rockwall
2540 1 0 988 0 -1 0 190.119 49.876 -1227.841 184.832 38.254 -1233.583 198.237 58.234 -1223.739 fcn-rockwall
2541 1 0 993 0 -1 0 89.179 46.022 -1121.041 82.508 36.654 -1129.512 94.083 52.758 -1115.650 fcn-rockwall
2542 1 0 998 0 -1 0 48.722 49.044 -1184.340 44.534 38.415 -1189.682 54.083 56.785 -1176.639 fcn-rockwall
2543 1 0 1003 0 -1 0 72.816 50.201 -1186.488 67.647 38.818 -1191.937 78.429 58.464 -1177.911 fcn-rockwall
2544 1 0 1018 0 -1 0 -62.413 48.713 -1142.246 -66.718 38.271 -1148.258 -54.881 56.332 -1135.011 fcn-rockwall
2545 1 2 1491 0 -1 0 116.914 16.860 -567.850 111.540 12.926 -568.583 123.097 21.114 -565.879 fcn-rockwall-cliffside
2546 1 2 1497 0 -1 0 149.060 16.860 -608.659 144.576 12.926 -610.231 153.140 21.114 -608.142 fcn-rockwall-cliffside
2547 1 2 1503 0 -1 0 128.699 16.860 -607.797 124.215 12.926 -609.369 132.779 21.114 -607.280 fcn-rockwall-cliffside
2548 1 2 1509 0 -1 0 204.827 16.726 -786.473 204.103 12.793 -789.842 206.786 20.980 -783.726 fcn-rockwall-cliffside
2549 1 2 1515 0 -1 0 203.758 16.726 -799.222 203.252 12.793 -802.159 205.459 20.980 -796.608 fcn-rockwall-cliffside
2550 1 2 1521 0 -1 0 206.405 16.860 -806.965 202.048 12.926 -808.765 210.216 21.114 -806.442 fcn-rockwall-cliffside
2551 1 2 1527 0 -1 0 188.253 16.860 -782.769 182.880 12.926 -783.502 194.437 21.114 -780.797 fcn-rockwall-cliffside
2552 1 2 1551 0 -1 0 -75.293 16.860 -1036.023 -79.186 12.926 -1036.936 -70.604 21.114 -1033.909 fcn-rockwall-cliffside
2553 1 2 1557 0 -1 0 -97.880 16.860 -1032.591 -102.546 12.926 -1033.604 -92.326 21.114 -1030.394 fcn-rockwall-cliffside
2554 1 2 1587 0 -1 0 -68.391 16.860 -1085.605 -72.607 12.926 -1087.395 -64.315 21.114 -1082.644 fcn-rockwall-cliffside
2555 1 2 1599 0 -1 0 -85.461 16.860 -1093.260 -89.677 12.926 -1095.050 -81.385 21.114 -1090.300 fcn-rockwall-cliffside
2556 1 2 1605 0 -1 0 -101.213 16.860 -1081.248 -103.453 12.926 -1085.108 -97.770 21.114 -1077.139 fcn-rockwall-cliffside
2557 1 2 1617 0 -1 0 334.053 16.860 -1359.487 330.041 12.926 -1362.060 338.141 21.114 -1358.044 fcn-rockwall-cliffside
2558 1 2 1647 0 -1 0 106.689 16.860 -1165.005 104.333 12.926 -1168.815 107.915 21.114 -1160.275 fcn-rockwall-cliffside
2559 1 16 3469 0 -1 0 8.992 57.129 -357.400 8.754 55.901 -357.708 9.667 58.667 -356.888 fcn-tree
2560 1 16 3480 0 -1 0 93.521 57.695 -433.661 92.908 57.108 -435.397 93.869 59.268 -431.714 fcn-tree
2561 1 16 3487 0 -1 0 110.371 55.967 -461.420 109.563 54.895 -461.747 111.482 57.094 -460.822 fcn-tree
2562 1 16 3504 0 -1 0 112.358 62.985 -526.132 111.847 61.964 -526.653 113.290 64.703 -525.846 fcn-tree
2563 1 16 3508 0 -1 0 172.815 58.330 -714.276 171.286 51.609 -714.733 174.010 64.385 -713.408 fcn-tree
2564 1 16 3511 0 -1 0 147.327 51.193 -602.780 143.813 48.172 -604.178 149.107 54.137 -601.997 fcn-tree
2565 1 16 3517 0 -1 0 110.294 46.831 -581.631 109.781 43.946 -584.078 110.943 49.860 -580.833 fcn-tree
2566 1 16 3527 0 -1 0 171.773 49.287 -810.604 170.918 48.582 -812.981 172.305 50.404 -809.211 fcn-tree
2567 1 16 3529 0 -1 0 181.179 58.790 -752.619 179.913 55.814 -753.177 181.945 62.547 -751.033 fcn-tree
2568 1 16 3535 0 -1 0 221.005 59.179 -759.616 220.008 56.405 -762.058 223.010 62.748 -758.489 fcn-tree
2569 1 16 3545 0 -1 0 115.990 57.645 -874.034 114.539 57.102 -875.217 118.251 58.467 -873.390 fcn-tree
2570 1 16 3546 0 -1 0 117.661 59.290 -876.483 116.147 58.370 -876.884 119.178 61.176 -875.678 fcn-tree
2571 1 16 3550 0 -1 0 121.722 64.100 -866.056 118.414 58.133 -867.859 124.476 68.798 -864.467 fcn-tree
2572 1 16 3551 0 -1 0 118.592 58.982 -866.936 115.883 58.188 -867.737 120.722 59.992 -865.254 fcn-tree
2573 1 16 3552 0 -1 0 118.851 60.953 -862.895 116.980 60.036 -865.001 120.004 63.143 -861.227 fcn-tree
2574 1 16 3571 0 -1 0 321.834 46.718 -1320.552 320.958 43.662 -1321.309 323.283 50.878 -1319.342 fcn-tree
2575 1 16 3582 0 -1 0 96.731 55.941 -1175.605 95.108 54.708 -1176.010 97.779 58.223 -1174.940 fcn-tree
2576 1 16 3600 0 -1 0 -34.057 49.666 -917.362 -34.425 49.162 -920.029 -33.348 50.383 -915.509 fcn-tree
2577 1 16 3605 0 -1 0 -113.645 59.733 -1102.579 -114.615 58.977 -1104.525 -112.856 61.431 -1100.799 fcn-tree
2578 1 16 3606 0 -1 0 -115.197 63.175 -1102.799 -115.684 61.317 -1103.460 -114.260 65.739 -1101.744 fcn-tree
2579 1 16 3613 0 -1 0 -38.533 53.094 -1065.081 -39.635 49.710 -1066.611 -36.501 57.814 -1064.190 fcn-tree
2580 1 16 3619 0 -1 0 298.760 51.663 -1358.426 298.032 48.781 -1358.857 300.856 54.903 -1357.578 fcn-tree
2581 1 16 3652 0 -1 0 6.733 48.556 -350.178 5.283 45.568 -351.541 7.678 52.522 -349.389 fcn-tree
2582 1 16 3656 0 -1 0 106.073 35.540 -596.833 104.280 33.598 -597.876 107.638 36.971 -593.797 fcn-tree
2583 1 16 3664 0 -1 0 109.148 28.301 -597.131 107.563 25.646 -598.796 112.909 30.524 -596.122 fcn-tree
2584 1 16 3696 0 -1 0 176.493 44.708 -915.495 174.776 37.911 -919.201 177.700 52.353 -913.832 fcn-tree
2585 1 16 3724 0 -1 0 343.478 38.701 -1380.327 340.695 35.982 -1383.333 344.586 40.360 -1378.858 fcn-tree
2586 1 16 3208 0 -1 0 157.478 53.441 -1194.053 156.625 51.682 -1195.327 158.086 55.967 -1193.105 fcn-tree
2587 1 1 749 0 -1 0 8.017 32.308 -234.752 4.637 29.993 -237.286 12.344 37.147 -232.783 fcn-rockwall-bttm
2588 1 1 754 0 -1 0 -25.757 31.956 -237.342 -29.859 29.869 -239.722 -22.860 36.413 -234.306 fcn-rockwall-bttm
2589 1 1 759 0 -1 0 48.014 32.780 -331.705 45.882 29.960 -335.170 51.638 38.746 -327.572 fcn-rockwall-bttm
2590 1 1 764 0 -1 0 26.524 32.675 -298.496 23.385 29.982 -301.353 30.473 38.331 -296.435 fcn-rockwall-bttm
2591 1 1 769 0 -1 0 -25.742 31.952 -258.619 -29.888 29.855 -260.435 -22.471 36.424 -255.642 fcn-rockwall-bttm
2592 1 1 774 0 -1 0 -16.918 32.258 -293.953 -20.844 29.861 -295.851 -13.840 37.384 -291.192 fcn-rockwall-bttm
2593 1 1 779 0 -1 0 116.214 32.071 -393.159 113.801 29.957 -396.700 120.248 36.469 -389.453 fcn-rockwall-bttm
2594 1 1 784 0 -1 0 102.495 31.963 -371.032 100.492 29.949 -374.342 105.743 36.193 -366.775 fcn-rockwall-bttm
2595 1 1 804 0 -1 0 89.837 32.011 -368.052 87.833 29.951 -371.362 93.084 36.342 -363.794 fcn-rockwall-bttm
2596 1 1 814 0 -1 0 49.071 32.399 -380.200 44.922 29.893 -383.888 51.383 37.759 -376.660 fcn-rockwall-bttm
2597 1 1 819 0 -1 0 68.008 32.225 -390.838 63.388 29.895 -395.460 70.565 37.185 -386.716 fcn-rockwall-bttm
2598 1 1 824 0 -1 0 9.173 32.197 -342.458 5.153 29.911 -346.305 11.399 37.075 -338.936 fcn-rockwall-bttm
2599 1 1 829 0 -1 0 22.386 31.444 -358.370 18.248 29.156 -360.866 24.886 35.994 -355.651 fcn-rockwall-bttm
2600 1 1 834 0 -1 0 30.220 31.930 -364.165 26.440 29.921 -368.273 32.271 36.205 -360.683 fcn-rockwall-bttm
2601 1 1 839 0 -1 0 150.201 32.409 -553.631 146.920 29.990 -556.188 154.359 37.475 -551.715 fcn-rockwall-bttm
2602 1 1 844 0 -1 0 158.864 32.497 -528.778 155.577 29.974 -532.546 162.515 37.816 -526.563 fcn-rockwall-bttm
2603 1 1 874 0 -1 0 184.710 31.915 -725.826 180.611 29.847 -727.465 187.963 36.304 -723.544 fcn-rockwall-bttm
2604 1 1 914 0 -1 0 151.692 31.968 -863.827 147.835 29.871 -865.891 155.005 36.432 -860.222 fcn-rockwall-bttm
2605 1 1 939 0 -1 0 57.180 32.365 -902.018 53.805 29.811 -905.123 60.854 37.269 -897.394 fcn-rockwall-bttm
2606 1 1 949 0 -1 0 -29.959 31.948 -914.907 -32.155 29.744 -918.014 -27.090 36.479 -910.981 fcn-rockwall-bttm
2607 1 1 964 0 -1 0 -12.076 32.030 -1122.339 -14.249 30.012 -1125.873 -8.222 36.434 -1118.263 fcn-rockwall-bttm
2608 1 1 979 0 -1 0 191.524 32.617 -1214.079 186.768 30.001 -1217.840 194.335 38.328 -1210.175 fcn-rockwall-bttm
2609 1 1 1009 0 -1 0 32.446 32.359 -1133.151 30.433 30.005 -1136.462 34.925 37.499 -1128.971 fcn-rockwall-bttm
2610 1 2 1495 0 -1 0 143.112 26.802 -610.170 132.514 21.583 -613.040 154.139 29.864 -607.759 fcn-rockwall-cliffside
2611 1 2 1501 0 -1 0 122.752 26.802 -609.308 112.153 21.583 -612.178 133.779 29.864 -606.897 fcn-rockwall-cliffside
2612 1 2 1519 0 -1 0 200.653 26.802 -808.085 190.393 21.583 -810.891 211.101 29.864 -805.718 fcn-rockwall-cliffside
2613 1 2 1549 0 -1 0 -69.139 26.802 -1035.470 -80.022 21.583 -1038.548 -58.150 29.864 -1031.691 fcn-rockwall-cliffside
2614 1 2 1615 0 -1 0 328.929 26.802 -1362.504 319.558 21.583 -1368.018 339.698 29.864 -1358.486 fcn-rockwall-cliffside
2615 1 2 1633 0 -1 0 310.755 26.802 -1367.444 301.752 21.583 -1372.826 321.110 29.864 -1363.552 fcn-rockwall-cliffside
2616 1 2 1645 0 -1 0 106.602 26.802 -1158.827 102.055 21.583 -1169.507 110.240 29.864 -1147.784 fcn-rockwall-cliffside
2617 1 1 1391 0 -1 0 -6.625 32.484 -189.586 -9.935 25.710 -192.368 -2.096 39.792 -183.775 fcn-rockwall-bttm
2618 1 1 1401 0 -1 0 158.769 34.619 -471.149 153.553 26.752 -475.450 165.983 42.672 -466.241 fcn-rockwall-bttm
2619 1 1 1436 0 -1 0 101.231 31.885 -890.649 99.017 23.998 -894.419 103.738 39.999 -883.515 fcn-rockwall-bttm
2620 1 1 1437 0 -1 0 24.904 32.221 -910.896 22.652 23.243 -916.034 28.263 41.152 -901.467 fcn-rockwall-bttm
2621 1 1 1438 0 -1 0 -36.352 31.941 -916.465 -38.632 22.970 -921.119 -33.295 41.105 -907.860 fcn-rockwall-bttm
2622 1 1 1443 0 -1 0 30.975 31.919 -934.850 28.214 23.303 -943.856 34.440 40.304 -929.238 fcn-rockwall-bttm
2623 1 1 1447 0 -1 0 -23.055 31.643 -1116.937 -27.422 23.085 -1120.993 -16.735 40.093 -1108.202 fcn-rockwall-bttm
2624 1 1 1449 0 -1 0 -54.522 32.020 -1018.030 -58.490 22.302 -1023.821 -45.917 41.819 -1013.718 fcn-rockwall-bttm
2625 1 1 1450 0 -1 0 -59.905 32.439 -950.968 -68.775 23.902 -955.214 -55.545 41.136 -944.547 fcn-rockwall-bttm
2626 1 1 1451 0 -1 0 -82.906 32.809 -984.865 -92.221 23.628 -988.558 -78.213 42.463 -979.170 fcn-rockwall-bttm
2627 1 1 1453 0 -1 0 -94.687 32.084 -1007.985 -103.419 24.297 -1011.792 -90.364 39.778 -1002.074 fcn-rockwall-bttm
2628 1 1 1466 0 -1 0 98.286 32.372 -1170.307 95.349 22.713 -1179.296 100.748 42.483 -1165.443 fcn-rockwall-bttm
2629 1 1 1470 0 -1 0 59.073 31.360 -1136.349 56.741 23.783 -1139.976 61.941 39.054 -1129.198 fcn-rockwall-bttm
2630 1 1 1471 0 -1 0 42.724 30.894 -1176.912 38.658 22.097 -1185.645 45.375 39.495 -1172.522 fcn-rockwall-bttm
2631 1 1 1472 0 -1 0 45.831 31.306 -1174.230 43.197 22.826 -1182.973 47.852 39.647 -1169.385 fcn-rockwall-bttm
2632 1 1 1473 0 -1 0 9.214 32.561 -1134.916 7.428 26.424 -1137.966 11.943 38.934 -1129.001 fcn-rockwall-bttm
2633 1 1 1474 0 -1 0 -1.819 32.362 -1129.298 -5.832 23.841 -1133.560 4.087 40.838 -1120.406 fcn-rockwall-bttm
2634 1 1 1475 0 -1 0 20.285 31.600 -1171.841 17.615 23.857 -1179.702 22.316 39.258 -1167.629 fcn-rockwall-bttm
2635 1 1 1476 0 -1 0 12.257 31.241 -1170.446 9.071 24.492 -1177.922 14.582 37.696 -1166.449 fcn-rockwall-bttm
2636 1 1 1477 0 -1 0 -17.117 32.442 -1158.425 -21.179 24.086 -1166.603 -14.216 41.056 -1154.412 fcn-rockwall-bttm
2637 1 1 1478 0 -1 0 -6.956 31.905 -1162.865 -12.478 23.800 -1171.328 -2.879 40.182 -1159.010 fcn-rockwall-bttm
2638 1 1 1480 0 -1 0 -40.824 33.053 -1141.712 -47.191 25.277 -1149.615 -36.633 41.398 -1138.077 fcn-rockwall-bttm
2639 1 25 3392 0 -1 0 132.235 26.131 -597.762 127.626 20.384 -607.312 135.810 29.824 -589.551 fcn-envmap
2640 1 25 3396 0 -1 0 190.768 18.892 -791.269 182.775 11.790 -796.849 196.532 28.037 -787.698 fcn-envmap
2641 1 25 3400 0 -1 0 -56.330 23.825 -1109.699 -59.798 20.830 -1118.242 -51.410 28.717 -1102.268 fcn-envmap
2642 1 25 3404 0 -1 0 -96.582 23.844 -1060.447 -104.174 20.838 -1068.887 -91.110 28.771 -1053.993 fcn-envmap
2643 1 25 3412 0 -1 0 121.083 30.655 -423.197 112.694 25.807 -431.452 129.412 33.513 -414.966 fcn-envmap
2644 1 25 3415 0 -1 0 173.750 31.206 -860.475 163.973 26.352 -869.966 183.561 34.070 -850.919 fcn-envmap
2645 1 25 3418 0 -1 0 222.295 32.679 -1205.272 213.452 27.834 -1212.837 231.075 35.536 -1197.680 fcn-envmap
2646 1 25 3421 0 -1 0 239.550 32.111 -1274.403 232.190 27.265 -1283.049 246.927 34.967 -1265.814 fcn-envmap
2647 1 25 3424 0 -1 0 253.853 32.111 -1290.015 245.109 27.265 -1297.410 262.660 34.967 -1282.645 fcn-envmap
2648 1 25 3427 0 -1 0 61.509 32.086 -1154.958 53.956 27.240 -1163.554 69.038 34.943 -1146.424 fcn-envmap
2649 1 2 1800 0 -1 0 151.481 16.416 -569.256 149.738 13.051 -569.871 152.930 19.176 -568.389 fcn-rockwall-cliffside
2650 1 2 1804 0 -1 0 203.599 16.283 -794.404 202.943 12.918 -795.575 204.404 19.043 -792.999 fcn-rockwall-cliffside
2651 1 2 1806 0 -1 0 195.759 16.416 -806.273 194.134 13.051 -807.097 197.712 19.176 -805.652 fcn-rockwall-cliffside
2652 1 2 1808 0 -1 0 -40.820 16.416 -1109.434 -42.407 13.051 -1110.553 -38.905 19.176 -1108.586 fcn-rockwall-cliffside
2653 1 2 1810 0 -1 0 -59.147 16.416 -1117.548 -60.734 13.051 -1118.668 -57.232 19.176 -1116.701 fcn-rockwall-cliffside
2654 1 2 1818 0 -1 0 -74.477 16.416 -1123.491 -76.064 13.051 -1124.610 -72.562 19.176 -1122.643 fcn-rockwall-cliffside
2655 1 2 1821 0 -1 0 315.113 16.416 -1312.678 313.459 13.051 -1313.833 316.478 19.176 -1311.336 fcn-rockwall-cliffside
2656 1 2 1823 0 -1 0 303.915 16.416 -1322.547 302.254 13.051 -1323.695 305.286 19.176 -1321.208 fcn-rockwall-cliffside
2657 1 2 1825 0 -1 0 305.661 16.416 -1367.344 303.979 13.051 -1368.439 307.690 19.176 -1366.528 fcn-rockwall-cliffside
2658 1 2 1826 0 -1 0 118.111 16.416 -1166.765 117.152 13.051 -1168.128 119.281 19.176 -1165.396 fcn-rockwall-cliffside
2659 1 2 1828 0 -1 0 120.042 16.416 -1155.173 118.650 13.051 -1156.110 121.405 19.176 -1154.030 fcn-rockwall-cliffside
2660 1 2 1507 0 -1 0 205.651 26.668 -790.886 202.921 21.449 -798.769 208.956 29.730 -783.154 fcn-rockwall-cliffside
2661 1 4 1931 0 -1 0 -34.916 107.219 -558.724 -44.786 92.442 -570.581 -29.371 120.274 -547.036 bch-beachrock
2662 1 4 1932 0 -1 0 -40.389 111.160 -555.696 -50.259 96.383 -567.553 -34.844 124.216 -544.008 bch-beachrock
2663 1 1 1202 0 -1 0 300.517 31.334 -1399.982 296.072 26.130 -1406.031 303.423 36.963 -1396.448 fcn-rockwall-bttm
2664 1 16 3502 0 -1 0 115.447 62.934 -525.618 114.587 59.469 -526.118 116.178 66.105 -525.037 fcn-tree
2665 1 16 3660 0 -1 0 106.653 33.283 -597.583 104.394 32.336 -598.180 109.720 34.663 -596.077 fcn-tree
2666 1 16 3672 0 -1 0 226.497 44.080 -759.006 224.252 42.389 -761.730 228.549 45.172 -758.067 fcn-tree
2667 1 16 3692 0 -1 0 -27.523 46.653 -909.897 -28.911 44.589 -913.218 -26.526 47.823 -908.534 fcn-tree
2668 1 16 3700 0 -1 0 283.927 35.389 -1336.591 283.267 33.142 -1338.053 285.876 37.011 -1334.094 fcn-tree
2669 1 16 3716 0 -1 0 -52.248 34.808 -1005.321 -55.475 32.504 -1006.144 -50.930 36.375 -1004.768 fcn-tree
2670 1 2 1482 0 -1 0 148.392 16.870 -569.143 145.664 13.067 -570.170 151.233 20.176 -567.718 fcn-rockwall-cliffside
2671 1 2 1488 0 -1 0 126.996 16.870 -568.620 122.671 13.067 -569.688 131.695 20.176 -566.920 fcn-rockwall-cliffside
2672 1 2 1494 0 -1 0 141.568 16.870 -608.750 138.172 13.067 -610.221 144.842 20.176 -607.730 fcn-rockwall-cliffside
2673 1 2 1500 0 -1 0 121.208 16.870 -607.888 117.811 13.067 -609.358 124.482 20.176 -606.868 fcn-rockwall-cliffside
2674 1 2 1506 0 -1 0 204.070 16.737 -791.789 203.006 12.933 -794.360 205.758 20.043 -789.568 fcn-rockwall-cliffside
2675 1 2 1512 0 -1 0 203.574 16.737 -804.071 202.537 12.933 -806.300 205.026 20.043 -801.971 fcn-rockwall-cliffside
2676 1 2 1536 0 -1 0 -52.704 16.870 -1070.753 -54.420 13.067 -1072.961 -51.749 20.176 -1068.933 fcn-rockwall-cliffside
2677 1 2 1554 0 -1 0 -88.982 16.870 -1033.861 -92.746 13.067 -1034.952 -84.751 20.176 -1031.956 fcn-rockwall-cliffside
2678 1 2 1572 0 -1 0 -96.862 16.628 -1066.320 -98.963 12.825 -1067.780 -94.891 19.934 -1065.282 fcn-rockwall-cliffside
2679 1 2 1578 0 -1 0 -102.357 16.870 -1074.895 -103.311 13.067 -1076.708 -100.629 20.176 -1072.678 fcn-rockwall-cliffside
2680 1 2 1584 0 -1 0 -61.369 16.870 -1082.837 -64.892 13.067 -1084.393 -58.554 20.176 -1080.449 fcn-rockwall-cliffside
2681 1 2 1608 0 -1 0 312.841 16.870 -1314.646 309.980 13.067 -1316.512 314.704 20.176 -1311.895 fcn-rockwall-cliffside
2682 1 2 1620 0 -1 0 301.623 16.870 -1324.491 298.755 13.067 -1326.346 303.497 20.176 -1321.753 fcn-rockwall-cliffside
2683 1 2 1626 0 -1 0 292.156 16.870 -1332.519 289.210 13.067 -1334.207 294.151 20.176 -1329.988 fcn-rockwall-cliffside
2684 1 2 1632 0 -1 0 308.984 16.870 -1366.466 306.272 13.067 -1368.590 312.244 20.176 -1365.157 fcn-rockwall-cliffside
2685 1 2 1644 0 -1 0 108.343 16.870 -1157.641 106.291 13.067 -1160.684 109.444 20.176 -1154.026 fcn-rockwall-cliffside
2686 1 2 1772 0 -1 0 126.911 23.050 -567.986 122.698 13.051 -569.908 131.937 29.505 -564.427 fcn-rockwall-cliffside
2687 1 2 1778 0 -1 0 198.250 23.050 -782.904 194.037 13.051 -784.827 203.277 29.505 -779.346 fcn-rockwall-cliffside
2688 1 2 1780 0 -1 0 -53.305 23.050 -1070.943 -56.978 13.051 -1073.601 -51.336 29.505 -1068.745 fcn-rockwall-cliffside
2689 1 2 1784 0 -1 0 -81.852 23.050 -1066.200 -85.076 13.051 -1069.522 -79.026 29.505 -1064.346 fcn-rockwall-cliffside
2690 1 2 1785 0 -1 0 -66.178 23.050 -1065.957 -69.402 13.052 -1069.278 -63.352 29.505 -1064.102 fcn-rockwall-cliffside
2691 1 2 1786 0 -1 0 -96.811 22.808 -1066.948 -99.069 12.809 -1070.264 -94.839 29.263 -1065.094 fcn-rockwall-cliffside
2692 1 2 1787 0 -1 0 -101.758 23.050 -1074.700 -103.734 13.051 -1076.908 -98.075 29.505 -1072.018 fcn-rockwall-cliffside
2693 1 2 1794 0 -1 0 301.135 23.050 -1324.089 296.934 13.051 -1326.597 304.104 29.505 -1319.799 fcn-rockwall-cliffside
2694 1 4 1892 0 -1 0 -34.102 89.131 -543.665 -41.491 74.312 -551.362 -29.790 103.285 -537.801 bch-beachrock
2695 1 4 1895 0 -1 0 -32.809 109.707 -572.426 -42.968 93.895 -576.865 -25.636 123.006 -567.858 bch-beachrock
2696 1 4 1898 0 -1 0 -44.877 88.697 -609.439 -52.101 73.173 -617.663 -40.255 101.553 -598.027 bch-beachrock
2697 1 4 1901 0 -1 0 -73.313 102.616 -493.608 -81.433 88.338 -500.450 -68.837 117.853 -489.591 bch-beachrock
2698 1 4 1904 0 -1 0 -61.718 111.335 -597.697 -68.276 95.542 -604.673 -57.134 124.806 -587.400 bch-beachrock
2699 1 4 1907 0 -1 0 -99.572 108.587 -574.918 -102.610 93.793 -582.910 -93.478 121.848 -564.029 bch-beachrock
2700 1 4 1910 0 -1 0 -108.304 99.592 -577.668 -112.768 84.991 -586.737 -100.985 112.504 -565.724 bch-beachrock
2701 1 16 3471 0 -1 0 9.298 54.522 -355.336 8.920 53.973 -356.416 9.790 55.425 -354.677 fcn-tree
2702 1 16 3489 0 -1 0 108.617 53.699 -459.710 108.111 53.041 -460.604 109.296 54.387 -458.943 fcn-tree
2703 1 16 3501 0 -1 0 115.439 60.833 -527.426 114.759 60.124 -528.033 115.791 61.975 -526.421 fcn-tree
2704 1 16 3513 0 -1 0 149.128 44.229 -608.294 146.861 42.775 -610.069 150.363 45.861 -605.306 fcn-tree
2705 1 16 3519 0 -1 0 111.042 39.219 -583.124 108.534 38.224 -585.189 112.548 40.539 -581.623 fcn-tree
2706 1 16 3525 0 -1 0 172.102 50.290 -807.732 170.425 49.883 -808.874 173.165 50.844 -807.081 fcn-tree
2707 1 16 3531 0 -1 0 176.088 52.508 -752.000 174.497 51.160 -752.926 178.677 54.723 -750.717 fcn-tree
2708 1 16 3537 0 -1 0 227.900 54.100 -758.995 225.491 52.184 -760.510 229.294 56.466 -757.881 fcn-tree
2709 1 16 3543 0 -1 0 112.952 57.959 -874.242 112.347 57.135 -875.732 113.849 59.196 -873.346 fcn-tree
2710 1 16 3573 0 -1 0 325.334 40.175 -1316.230 324.639 38.917 -1319.040 326.919 42.449 -1314.389 fcn-tree
2711 1 16 3609 0 -1 0 -110.869 39.176 -1061.565 -111.220 37.910 -1063.589 -110.228 41.445 -1058.303 fcn-tree
2712 1 16 3615 0 -1 0 -31.137 46.708 -1064.054 -33.623 44.795 -1066.368 -29.573 49.702 -1062.864 fcn-tree
2713 1 16 3621 0 -1 0 300.679 44.871 -1355.515 299.362 43.922 -1358.036 302.484 46.580 -1354.071 fcn-tree
2714 1 5 1955 0 -1 0 -7.387 30.721 -242.814 -8.933 29.694 -243.832 -5.989 31.970 -241.669 fcn-crackedfloor
2715 1 5 1956 0 -1 0 -6.988 30.876 -254.508 -8.235 29.369 -255.398 -5.476 32.389 -253.816 fcn-crackedfloor
2716 1 5 1957 0 -1 0 3.909 30.570 -306.097 2.869 29.465 -307.755 5.152 31.761 -304.471 fcn-crackedfloor
2717 1 5 1958 0 -1 0 19.161 30.449 -300.845 17.352 28.727 -302.625 20.992 32.218 -299.300 fcn-crackedfloor
2718 1 5 1959 0 -1 0 45.946 29.913 -333.365 44.262 29.300 -335.481 47.809 30.852 -331.200 fcn-crackedfloor
2719 1 5 1960 0 -1 0 32.251 30.599 -341.227 30.395 30.401 -343.277 33.987 30.729 -339.121 fcn-crackedfloor
2720 1 5 1961 0 -1 0 3.320 30.216 -302.394 2.328 28.781 -303.682 4.494 31.733 -300.928 fcn-crackedfloor
2721 1 5 1962 0 -1 0 114.426 30.738 -410.319 112.753 30.579 -412.005 115.903 30.843 -408.508 fcn-crackedfloor
2722 1 5 1963 0 -1 0 125.876 31.647 -415.991 123.667 30.134 -417.689 128.001 33.346 -414.077 fcn-crackedfloor
2723 1 5 1964 0 -1 0 108.516 29.815 -415.018 107.661 27.665 -417.180 109.098 32.093 -412.810 fcn-crackedfloor
2724 1 5 1965 0 -1 0 121.702 31.580 -413.993 120.190 30.000 -415.598 123.480 33.324 -412.337 fcn-crackedfloor
2725 1 5 1966 0 -1 0 123.549 31.248 -436.907 121.688 30.826 -438.937 125.437 31.943 -435.091 fcn-crackedfloor
2726 1 5 1967 0 -1 0 133.723 30.721 -433.797 132.185 29.355 -435.685 135.442 32.282 -432.012 fcn-crackedfloor
2727 1 5 1968 0 -1 0 80.596 30.537 -383.208 78.654 30.360 -384.939 82.570 30.653 -381.597 fcn-crackedfloor
2728 1 5 1969 0 -1 0 84.311 30.537 -383.134 82.673 30.360 -384.988 85.845 30.653 -381.251 fcn-crackedfloor
2729 1 5 1970 0 -1 0 80.635 30.537 -373.755 78.997 30.360 -375.609 82.170 30.653 -371.873 fcn-crackedfloor
2730 1 5 1971 0 -1 0 84.417 30.119 -405.464 82.654 29.375 -407.568 86.098 31.215 -403.218 fcn-crackedfloor
2731 1 5 1972 0 -1 0 82.182 29.648 -400.762 80.820 28.445 -402.602 83.625 31.023 -398.718 fcn-crackedfloor
2732 1 5 1973 0 -1 0 87.735 30.537 -394.741 85.794 30.360 -396.472 89.710 30.653 -393.130 fcn-crackedfloor
2733 1 5 1974 0 -1 0 56.056 29.765 -378.842 54.642 28.235 -380.649 57.639 31.453 -376.982 fcn-crackedfloor
2734 1 5 1975 0 -1 0 206.754 30.129 -693.835 205.274 29.334 -695.482 208.114 31.028 -692.291 fcn-crackedfloor
2735 1 5 1976 0 -1 0 185.871 29.990 -712.934 183.692 28.698 -714.839 188.127 31.559 -710.798 fcn-crackedfloor
2736 1 5 1977 0 -1 0 195.012 30.406 -686.499 193.568 30.272 -687.705 196.412 30.494 -685.126 fcn-crackedfloor
2737 1 5 1978 0 -1 0 178.757 30.599 -696.582 176.793 30.401 -698.413 180.841 30.729 -694.674 fcn-crackedfloor
2738 1 5 1979 0 -1 0 212.675 31.290 -743.325 210.795 30.372 -745.083 214.517 32.385 -741.780 fcn-crackedfloor
2739 1 5 1980 0 -1 0 214.931 30.253 -735.707 213.904 28.498 -737.789 216.039 32.254 -733.899 fcn-crackedfloor
2740 1 5 1981 0 -1 0 226.922 30.599 -773.259 225.065 30.401 -775.309 228.657 30.729 -771.154 fcn-crackedfloor
2741 1 5 1982 0 -1 0 195.676 30.127 -778.211 193.334 29.733 -780.351 197.751 30.707 -776.202 fcn-crackedfloor
2742 1 5 1983 0 -1 0 135.169 30.637 -563.578 133.170 30.424 -565.785 137.038 30.777 -561.311 fcn-crackedfloor
2743 1 5 1984 0 -1 0 207.799 29.753 -861.808 205.696 28.852 -863.938 209.785 30.914 -859.388 fcn-crackedfloor
2744 1 5 1985 0 -1 0 193.578 29.665 -851.696 191.804 28.490 -853.697 195.472 31.111 -849.679 fcn-crackedfloor
2745 1 5 1986 0 -1 0 183.849 26.826 -863.003 182.632 25.056 -865.206 185.310 28.596 -861.021 fcn-crackedfloor
2746 1 5 1987 0 -1 0 182.683 30.978 -846.534 180.514 29.805 -848.273 184.782 32.329 -844.868 fcn-crackedfloor
2747 1 5 1988 0 -1 0 178.400 30.808 -849.268 176.349 29.612 -851.159 180.362 32.154 -847.337 fcn-crackedfloor
2748 1 5 1989 0 -1 0 189.995 30.056 -856.405 188.290 28.390 -858.326 191.793 31.831 -854.550 fcn-crackedfloor
2749 1 5 1990 0 -1 0 192.574 29.918 -892.755 191.084 29.522 -894.368 193.959 30.529 -891.257 fcn-crackedfloor
2750 1 5 1991 0 -1 0 197.093 29.632 -891.275 194.613 28.667 -893.050 199.544 30.827 -889.371 fcn-crackedfloor
2751 1 5 1992 0 -1 0 160.397 29.873 -875.970 158.456 27.901 -877.257 162.362 31.863 -874.979 fcn-crackedfloor
2752 1 5 1993 0 -1 0 159.862 30.153 -877.128 158.435 29.793 -878.571 161.478 30.704 -875.578 fcn-crackedfloor
2753 1 5 1994 0 -1 0 161.474 30.576 -877.971 160.270 29.822 -879.266 162.699 31.537 -876.538 fcn-crackedfloor
2754 1 5 1995 0 -1 0 167.536 29.798 -872.866 165.626 28.097 -874.953 169.667 31.499 -871.040 fcn-crackedfloor
2755 1 5 1996 0 -1 0 170.694 29.841 -867.029 168.829 28.444 -868.596 172.597 31.406 -865.566 fcn-crackedfloor
2756 1 5 1997 0 -1 0 151.845 30.531 -869.953 149.942 30.353 -872.131 154.041 30.648 -867.719 fcn-crackedfloor
2757 1 5 1998 0 -1 0 154.593 30.531 -887.988 152.030 30.353 -889.910 157.159 30.648 -886.167 fcn-crackedfloor
2758 1 5 1999 0 -1 0 152.310 30.428 -866.591 150.195 29.538 -868.557 154.253 31.688 -864.610 fcn-crackedfloor
2759 1 5 2000 0 -1 0 152.269 30.531 -899.197 150.420 30.353 -902.195 154.036 30.648 -896.291 fcn-crackedfloor
2760 1 5 2001 0 -1 0 150.387 30.720 -894.086 148.162 30.482 -896.543 152.468 30.875 -891.562 fcn-crackedfloor
2761 1 5 2002 0 -1 0 112.549 30.599 -893.447 110.933 30.401 -895.434 114.147 30.729 -891.478 fcn-crackedfloor
2762 1 5 2003 0 -1 0 108.593 30.599 -917.236 106.977 30.401 -919.223 110.192 30.729 -915.266 fcn-crackedfloor
2763 1 5 2004 0 -1 0 60.886 30.669 -919.562 58.790 30.446 -921.855 62.854 30.815 -917.196 fcn-crackedfloor
2764 1 5 2005 0 -1 0 56.336 30.791 -918.495 53.943 30.526 -920.156 58.663 30.964 -916.712 fcn-crackedfloor
2765 1 5 2006 0 -1 0 51.045 30.791 -921.360 48.554 30.526 -924.084 53.382 30.964 -918.550 fcn-crackedfloor
2766 1 5 2007 0 -1 0 49.220 30.791 -926.392 47.291 30.526 -928.651 51.213 30.964 -924.364 fcn-crackedfloor
2767 1 5 2008 0 -1 0 4.384 30.258 -908.207 3.023 28.584 -909.953 6.015 32.052 -906.390 fcn-crackedfloor
2768 1 5 2009 0 -1 0 5.513 29.570 -905.786 3.742 28.604 -907.604 7.321 30.822 -903.866 fcn-crackedfloor
2769 1 5 2010 0 -1 0 7.847 30.289 -912.853 6.105 29.311 -914.908 9.593 31.546 -910.849 fcn-crackedfloor
2770 1 5 2011 0 -1 0 6.667 29.835 -917.953 6.277 28.118 -920.029 7.311 31.842 -915.897 fcn-crackedfloor
2771 1 5 2012 0 -1 0 4.429 30.432 -922.772 3.048 29.579 -923.959 5.934 31.396 -921.526 fcn-crackedfloor
2772 1 5 2013 0 -1 0 -1.609 31.274 -915.302 -2.722 30.373 -916.876 -0.628 32.380 -913.778 fcn-crackedfloor
2773 1 5 2014 0 -1 0 -15.652 30.036 -936.465 -16.375 28.644 -937.868 -14.812 31.449 -934.937 fcn-crackedfloor
2774 1 5 2015 0 -1 0 -13.718 30.537 -937.159 -15.090 29.121 -937.706 -12.242 31.981 -936.434 fcn-crackedfloor
2775 1 5 2016 0 -1 0 83.796 30.762 -944.274 81.867 30.507 -946.532 85.789 30.930 -942.245 fcn-crackedfloor
2776 1 5 2017 0 -1 0 -11.810 30.774 -943.597 -13.156 29.411 -944.458 -10.428 32.243 -942.555 fcn-crackedfloor
2777 1 5 2018 0 -1 0 -18.539 31.406 -943.544 -19.257 30.116 -945.068 -18.022 32.751 -941.984 fcn-crackedfloor
2778 1 5 2019 0 -1 0 -19.424 31.150 -946.318 -20.052 29.666 -947.619 -18.901 32.773 -944.818 fcn-crackedfloor
2779 1 5 2020 0 -1 0 -48.506 30.599 -954.183 -51.092 30.401 -955.741 -45.805 30.729 -952.694 fcn-crackedfloor
2780 1 5 2021 0 -1 0 -45.197 30.599 -964.944 -47.342 30.401 -966.749 -43.326 30.729 -962.991 fcn-crackedfloor
2781 1 5 2022 0 -1 0 -75.186 30.027 -971.395 -77.263 28.625 -973.016 -73.259 31.599 -970.134 fcn-crackedfloor
2782 1 5 2023 0 -1 0 -71.345 29.753 -978.531 -73.448 28.852 -980.661 -69.359 30.914 -976.111 fcn-crackedfloor
2783 1 5 2024 0 -1 0 -80.848 29.918 -995.654 -82.338 29.522 -997.267 -79.463 30.529 -994.156 fcn-crackedfloor
2784 1 5 2025 0 -1 0 -88.177 29.865 -995.884 -90.742 29.156 -998.120 -85.930 30.806 -993.736 fcn-crackedfloor
2785 1 5 2026 0 -1 0 -84.611 29.897 -992.703 -86.717 28.406 -994.887 -82.348 31.372 -990.847 fcn-crackedfloor
2786 1 5 2027 0 -1 0 -76.290 29.991 -1031.125 -78.126 29.075 -1032.908 -74.605 31.053 -1029.224 fcn-crackedfloor
2787 1 5 2028 0 -1 0 -68.747 30.109 -1032.572 -70.637 29.718 -1034.628 -66.940 30.821 -1030.389 fcn-crackedfloor
2788 1 5 2029 0 -1 0 -96.481 30.262 -1027.317 -98.483 29.561 -1029.567 -94.811 31.109 -1024.938 fcn-crackedfloor
2789 1 5 2030 0 -1 0 -92.004 30.078 -1027.592 -94.478 29.422 -1029.796 -89.696 30.987 -1025.379 fcn-crackedfloor
2790 1 5 2031 0 -1 0 215.453 30.679 -1212.389 213.427 29.948 -1213.859 217.609 31.697 -1211.006 fcn-crackedfloor
2791 1 5 2032 0 -1 0 211.369 31.130 -1194.472 210.104 29.934 -1196.461 212.362 32.443 -1192.305 fcn-crackedfloor
2792 1 5 2033 0 -1 0 220.282 30.402 -1218.385 218.999 29.236 -1219.988 221.447 31.674 -1216.828 fcn-crackedfloor
2793 1 5 2034 0 -1 0 232.123 30.026 -1264.634 230.887 28.842 -1265.858 233.462 31.314 -1263.314 fcn-crackedfloor
2794 1 5 2035 0 -1 0 236.212 30.446 -1265.384 234.708 29.590 -1266.478 237.790 31.430 -1264.119 fcn-crackedfloor
2795 1 5 2036 0 -1 0 228.220 29.833 -1277.349 226.506 28.647 -1279.400 229.901 31.198 -1275.326 fcn-crackedfloor
2796 1 5 2037 0 -1 0 224.966 30.168 -1273.106 223.474 29.142 -1274.286 226.310 31.373 -1271.955 fcn-crackedfloor
2797 1 5 2038 0 -1 0 265.683 29.753 -1285.600 263.580 28.852 -1287.730 267.668 30.914 -1283.180 fcn-crackedfloor
2798 1 5 2039 0 -1 0 264.457 30.993 -1294.531 263.178 30.502 -1296.040 265.963 31.624 -1292.922 fcn-crackedfloor
2799 1 5 2040 0 -1 0 262.617 31.087 -1295.458 261.380 29.902 -1296.683 263.955 32.374 -1294.138 fcn-crackedfloor
2800 1 5 2041 0 -1 0 263.718 31.303 -1298.016 262.563 30.398 -1299.547 264.964 32.230 -1296.441 fcn-crackedfloor
2801 1 5 2042 0 -1 0 263.079 31.174 -1292.383 261.857 30.434 -1293.865 264.536 32.029 -1290.797 fcn-crackedfloor
2802 1 5 2043 0 -1 0 252.830 29.975 -1309.927 251.030 29.643 -1311.770 254.804 30.575 -1307.855 fcn-crackedfloor
2803 1 5 2044 0 -1 0 218.108 29.894 -1283.225 216.021 29.380 -1285.833 219.846 30.708 -1280.433 fcn-crackedfloor
2804 1 5 2045 0 -1 0 251.183 30.352 -1302.226 249.848 29.181 -1303.493 252.336 31.653 -1301.001 fcn-crackedfloor
2805 1 5 2046 0 -1 0 252.295 29.973 -1306.640 250.953 29.231 -1308.029 253.683 30.895 -1305.437 fcn-crackedfloor
2806 1 5 2047 0 -1 0 235.847 29.884 -1302.868 234.533 29.494 -1304.417 237.188 30.469 -1301.447 fcn-crackedfloor
2807 1 5 2048 0 -1 0 340.185 30.716 -1359.264 337.525 30.477 -1361.549 342.845 30.873 -1356.878 fcn-crackedfloor
2808 1 5 2049 0 -1 0 311.828 29.982 -1365.339 310.336 29.566 -1366.706 313.328 30.518 -1364.094 fcn-crackedfloor
2809 1 5 2050 0 -1 0 323.270 30.457 -1367.746 321.577 30.308 -1369.292 324.854 30.555 -1366.394 fcn-crackedfloor
2810 1 5 2051 0 -1 0 326.403 30.521 -1366.300 324.487 30.347 -1368.980 328.116 30.636 -1363.465 fcn-crackedfloor
2811 1 5 2052 0 -1 0 292.318 29.686 -1328.174 289.976 28.641 -1330.066 294.380 30.867 -1326.464 fcn-crackedfloor
2812 1 5 2053 0 -1 0 304.076 30.457 -1367.903 302.497 30.308 -1369.289 305.621 30.555 -1366.610 fcn-crackedfloor
2813 1 5 2054 0 -1 0 348.387 29.699 -1374.864 347.039 28.733 -1376.998 350.034 31.078 -1372.615 fcn-crackedfloor
2814 1 5 2055 0 -1 0 305.359 30.121 -1390.901 302.672 29.524 -1393.108 307.824 30.978 -1388.913 fcn-crackedfloor
2815 1 5 2056 0 -1 0 348.671 30.003 -1393.251 346.810 29.424 -1395.141 350.598 30.931 -1391.348 fcn-crackedfloor
2816 1 5 2057 0 -1 0 327.824 29.989 -1395.467 325.890 29.351 -1397.097 329.666 30.799 -1393.762 fcn-crackedfloor
2817 1 5 2058 0 -1 0 308.691 30.233 -1397.419 307.217 29.751 -1400.070 309.872 30.879 -1394.605 fcn-crackedfloor
2818 1 5 2059 0 -1 0 178.959 30.741 -1151.082 176.157 30.493 -1153.697 181.557 30.903 -1148.756 fcn-crackedfloor
2819 1 5 2060 0 -1 0 161.977 30.528 -1170.711 159.216 30.354 -1172.486 164.640 30.641 -1168.819 fcn-crackedfloor
2820 1 5 2061 0 -1 0 157.576 30.457 -1169.907 155.264 30.308 -1171.449 159.845 30.555 -1168.331 fcn-crackedfloor
2821 1 5 2062 0 -1 0 162.219 30.391 -1160.770 160.709 28.545 -1162.247 163.899 32.358 -1159.209 fcn-crackedfloor
2822 1 5 2063 0 -1 0 143.275 30.599 -1153.598 141.376 30.401 -1155.698 144.972 30.729 -1151.496 fcn-crackedfloor
2823 1 5 2064 0 -1 0 145.542 30.528 -1156.870 142.783 30.354 -1158.466 148.197 30.641 -1155.150 fcn-crackedfloor
2824 1 5 2065 0 -1 0 147.458 30.457 -1164.771 145.985 30.308 -1166.361 148.868 30.555 -1163.174 fcn-crackedfloor
2825 1 5 2066 0 -1 0 151.792 30.618 -1160.237 150.197 29.355 -1161.855 153.181 32.178 -1158.733 fcn-crackedfloor
2826 1 5 2067 0 -1 0 165.912 30.450 -1185.360 164.494 30.300 -1186.890 167.217 30.549 -1183.691 fcn-crackedfloor
2827 1 5 2068 0 -1 0 164.671 30.376 -1176.748 162.974 30.227 -1178.197 166.300 30.474 -1175.356 fcn-crackedfloor
2828 1 5 2069 0 -1 0 164.448 30.189 -1174.313 162.342 28.952 -1176.156 166.370 31.609 -1172.781 fcn-crackedfloor
2829 1 5 2070 0 -1 0 168.097 30.285 -1175.340 166.466 29.310 -1176.405 169.725 31.360 -1174.369 fcn-crackedfloor
2830 1 5 2071 0 -1 0 179.276 30.741 -1201.161 176.793 30.493 -1203.570 181.828 30.903 -1198.714 fcn-crackedfloor
2831 1 5 2072 0 -1 0 199.841 30.512 -1241.981 197.910 30.343 -1243.674 201.676 30.622 -1240.441 fcn-crackedfloor
2832 1 5 2073 0 -1 0 201.097 30.599 -1245.983 199.150 30.401 -1248.152 202.943 30.729 -1243.717 fcn-crackedfloor
2833 1 5 2074 0 -1 0 57.009 31.436 -1147.313 55.541 30.092 -1148.162 58.424 32.716 -1146.275 fcn-crackedfloor
2834 1 5 2075 0 -1 0 36.024 30.599 -1131.047 33.846 30.401 -1133.182 38.000 30.729 -1129.074 fcn-crackedfloor
2835 1 5 2076 0 -1 0 48.266 31.300 -1153.959 46.687 29.973 -1154.967 49.737 32.634 -1152.719 fcn-crackedfloor
2836 1 5 2247 0 -1 0 -12.683 29.945 -203.976 -16.494 29.437 -208.369 -8.855 30.700 -199.834 fcn-crackedfloor
2837 1 5 2248 0 -1 0 -19.785 29.939 -205.733 -22.349 29.578 -208.312 -16.675 30.461 -202.983 fcn-crackedfloor
2838 1 5 2249 0 -1 0 -6.063 29.878 -205.842 -9.315 29.518 -207.969 -2.739 30.325 -203.091 fcn-crackedfloor
2839 1 5 2250 0 -1 0 -15.918 30.529 -211.558 -20.928 30.337 -215.595 -11.095 30.666 -208.342 fcn-crackedfloor
2840 1 5 2251 0 -1 0 17.000 29.898 -301.193 13.589 27.628 -303.920 20.769 32.870 -298.889 fcn-crackedfloor
2841 1 5 2252 0 -1 0 -10.835 30.424 -261.482 -13.542 30.269 -265.854 -8.110 30.534 -257.340 fcn-crackedfloor
2842 1 5 2253 0 -1 0 6.042 30.364 -304.392 2.384 28.873 -307.572 9.604 32.117 -301.589 fcn-crackedfloor
2843 1 5 2254 0 -1 0 103.011 29.766 -427.055 99.813 28.766 -430.025 106.003 30.938 -423.497 fcn-crackedfloor
2844 1 5 2255 0 -1 0 107.059 29.382 -432.266 103.904 28.006 -435.193 109.996 30.907 -428.784 fcn-crackedfloor
2845 1 5 2256 0 -1 0 113.233 30.424 -458.041 109.992 30.269 -461.064 116.303 30.534 -454.375 fcn-crackedfloor
2846 1 5 2257 0 -1 0 147.028 30.538 -496.330 142.922 30.344 -501.143 150.242 30.676 -491.412 fcn-crackedfloor
2847 1 5 2258 0 -1 0 160.335 30.424 -639.739 156.986 30.269 -642.926 164.002 30.534 -637.040 fcn-crackedfloor
2848 1 5 2259 0 -1 0 163.321 30.424 -624.878 160.079 30.269 -627.901 166.390 30.534 -621.212 fcn-crackedfloor
2849 1 5 2260 0 -1 0 168.182 30.424 -629.727 164.778 30.269 -633.587 171.117 30.534 -626.183 fcn-crackedfloor
2850 1 5 2261 0 -1 0 140.376 30.424 -655.683 137.027 30.269 -658.870 144.043 30.534 -652.985 fcn-crackedfloor
2851 1 5 2262 0 -1 0 212.370 29.865 -704.150 207.999 29.158 -707.159 217.060 30.759 -701.544 fcn-crackedfloor
2852 1 5 2263 0 -1 0 199.322 30.348 -685.332 196.066 30.223 -687.841 202.394 30.436 -682.928 fcn-crackedfloor
2853 1 5 2264 0 -1 0 206.724 29.802 -688.712 203.955 28.075 -691.242 209.232 31.609 -686.382 fcn-crackedfloor
2854 1 5 2265 0 -1 0 121.574 29.541 -636.232 118.374 28.388 -639.374 125.015 30.966 -633.591 fcn-crackedfloor
2855 1 5 2266 0 -1 0 211.559 30.179 -803.323 209.073 29.777 -805.812 214.525 30.780 -800.681 fcn-crackedfloor
2856 1 5 2267 0 -1 0 217.235 30.424 -806.146 214.235 30.269 -808.903 220.094 30.534 -802.812 fcn-crackedfloor
2857 1 5 2268 0 -1 0 145.237 30.344 -893.729 142.492 30.219 -896.098 148.184 30.432 -891.528 fcn-crackedfloor
2858 1 5 2269 0 -1 0 110.808 30.424 -912.054 106.532 30.269 -914.940 115.012 30.534 -909.614 fcn-crackedfloor
2859 1 5 2270 0 -1 0 87.713 30.044 -919.511 84.524 29.667 -922.525 90.768 30.649 -915.846 fcn-crackedfloor
2860 1 5 2271 0 -1 0 -22.174 30.359 -957.690 -26.083 30.232 -960.152 -18.499 30.449 -955.024 fcn-crackedfloor
2861 1 5 2272 0 -1 0 -40.163 30.359 -965.108 -43.181 30.232 -967.579 -37.418 30.449 -962.210 fcn-crackedfloor
2862 1 5 2273 0 -1 0 -40.920 30.212 -1117.558 -44.294 29.947 -1121.538 -37.341 30.793 -1114.248 fcn-crackedfloor
2863 1 5 2274 0 -1 0 -54.898 30.424 -1017.912 -57.841 30.269 -1021.442 -51.482 30.534 -1014.062 fcn-crackedfloor
2864 1 5 2275 0 -1 0 -65.874 30.326 -1083.254 -68.155 30.209 -1085.596 -63.108 30.409 -1080.786 fcn-crackedfloor
2865 1 5 2276 0 -1 0 -100.603 30.204 -1076.874 -102.037 30.104 -1079.262 -98.948 30.356 -1074.337 fcn-crackedfloor
2866 1 5 2277 0 -1 0 -101.404 30.204 -1071.549 -102.839 30.104 -1073.936 -99.750 30.356 -1069.011 fcn-crackedfloor
2867 1 5 2278 0 -1 0 -90.990 29.937 -1090.850 -94.022 29.670 -1092.705 -88.080 30.457 -1089.313 fcn-crackedfloor
2868 1 5 2279 0 -1 0 204.689 30.424 -1171.337 201.337 30.269 -1174.373 208.278 30.534 -1168.274 fcn-crackedfloor
2869 1 5 2280 0 -1 0 238.523 29.998 -1223.615 236.030 29.271 -1227.478 241.719 30.769 -1219.818 fcn-crackedfloor
2870 1 5 2281 0 -1 0 249.271 29.982 -1249.185 246.311 29.332 -1253.207 252.290 30.693 -1245.391 fcn-crackedfloor
2871 1 5 2282 0 -1 0 226.357 30.334 -1267.988 224.164 30.211 -1270.937 228.921 30.421 -1265.046 fcn-crackedfloor
2872 1 5 2283 0 -1 0 291.217 30.424 -1291.419 288.381 30.269 -1295.204 294.585 30.534 -1287.298 fcn-crackedfloor
2873 1 5 2284 0 -1 0 254.277 30.424 -1321.887 251.486 30.269 -1325.712 256.964 30.534 -1317.847 fcn-crackedfloor
2874 1 5 2285 0 -1 0 316.924 30.424 -1367.754 312.322 30.269 -1370.735 321.236 30.534 -1364.458 fcn-crackedfloor
2875 1 5 2286 0 -1 0 316.498 30.380 -1390.205 313.872 30.242 -1394.423 319.292 30.478 -1386.199 fcn-crackedfloor
2876 1 5 2287 0 -1 0 117.638 29.474 -1140.641 115.344 28.441 -1143.068 119.828 30.499 -1138.104 fcn-crackedfloor
2877 1 5 2288 0 -1 0 114.015 30.424 -1132.025 111.769 30.269 -1135.614 116.880 30.534 -1128.522 fcn-crackedfloor
2878 1 5 2289 0 -1 0 137.627 30.326 -1157.545 134.592 30.209 -1159.896 140.497 30.409 -1155.339 fcn-crackedfloor
2879 1 5 2290 0 -1 0 139.008 29.641 -1155.253 136.563 28.357 -1157.893 141.155 31.023 -1152.906 fcn-crackedfloor
2880 1 5 2291 0 -1 0 106.069 29.922 -1152.865 104.533 29.504 -1156.464 107.961 30.681 -1149.360 fcn-crackedfloor
2881 1 5 2292 0 -1 0 199.403 30.392 -1182.659 195.966 30.252 -1185.337 203.045 30.491 -1179.849 fcn-crackedfloor
2882 1 5 2293 0 -1 0 166.255 30.424 -1193.833 163.416 30.269 -1197.888 169.430 30.534 -1189.980 fcn-crackedfloor
2883 1 5 2294 0 -1 0 0.591 29.864 -1135.743 -1.532 29.747 -1138.498 3.008 29.946 -1132.983 fcn-crackedfloor
2884 1 5 2295 0 -1 0 -4.890 29.953 -1129.684 -8.484 28.774 -1132.612 -1.694 31.162 -1126.833 fcn-crackedfloor
2885 1 5 2296 0 -1 0 -23.889 30.187 -213.869 -27.357 29.781 -217.445 -20.036 30.943 -209.888 fcn-crackedfloor
2886 1 5 2297 0 -1 0 -24.942 29.783 -262.177 -28.581 28.894 -264.931 -22.138 31.088 -258.859 fcn-crackedfloor
2887 1 5 2298 0 -1 0 -17.964 30.460 -258.238 -21.840 30.290 -261.229 -13.700 30.571 -254.453 fcn-crackedfloor
2888 1 5 2299 0 -1 0 163.219 29.683 -500.802 158.237 28.910 -503.583 166.479 31.143 -496.343 fcn-crackedfloor
2889 1 5 2300 0 -1 0 160.425 30.505 -533.777 155.099 30.317 -537.680 164.786 30.628 -528.444 fcn-crackedfloor
2890 1 5 2301 0 -1 0 145.121 30.460 -518.706 141.712 30.290 -522.393 148.758 30.571 -513.913 fcn-crackedfloor
2891 1 5 2302 0 -1 0 204.900 30.460 -680.297 201.584 30.290 -684.792 210.098 30.571 -677.468 fcn-crackedfloor
2892 1 5 2303 0 -1 0 185.006 30.364 -689.087 182.130 30.229 -692.887 189.132 30.453 -686.523 fcn-crackedfloor
2893 1 5 2304 0 -1 0 191.895 30.468 -718.269 187.538 30.294 -722.146 195.868 30.582 -715.200 fcn-crackedfloor
2894 1 5 2305 0 -1 0 126.532 30.460 -632.413 122.878 30.290 -636.563 128.829 30.571 -629.791 fcn-crackedfloor
2895 1 5 2306 0 -1 0 223.139 29.782 -807.880 219.492 28.876 -810.907 226.993 30.697 -804.095 fcn-crackedfloor
2896 1 5 2307 0 -1 0 179.302 29.639 -813.624 175.447 28.830 -817.212 183.114 30.892 -809.172 fcn-crackedfloor
2897 1 5 2308 0 -1 0 204.283 30.345 -847.933 200.972 30.218 -850.819 206.980 30.428 -844.932 fcn-crackedfloor
2898 1 5 2309 0 -1 0 159.028 30.460 -880.387 155.727 30.290 -883.642 163.666 30.571 -875.252 fcn-crackedfloor
2899 1 5 2310 0 -1 0 -0.260 30.460 -908.583 -5.192 30.290 -911.821 3.381 30.571 -904.717 fcn-crackedfloor
2900 1 5 2311 0 -1 0 -57.284 30.370 -941.169 -60.719 30.234 -943.940 -52.978 30.460 -938.666 fcn-crackedfloor
2901 1 5 2312 0 -1 0 -26.394 30.369 -971.439 -29.272 30.229 -974.968 -24.005 30.558 -967.382 fcn-crackedfloor
2902 1 5 2313 0 -1 0 -48.153 30.369 -959.316 -51.031 30.229 -962.846 -45.764 30.558 -955.259 fcn-crackedfloor
2903 1 5 2314 0 -1 0 -63.283 30.370 -952.289 -65.539 30.234 -955.466 -59.730 30.460 -947.754 fcn-crackedfloor
2904 1 5 2315 0 -1 0 90.023 30.460 -1126.471 85.858 30.290 -1130.095 94.421 30.571 -1121.992 fcn-crackedfloor
2905 1 5 2316 0 -1 0 -55.779 30.460 -1072.023 -59.049 30.290 -1075.675 -51.954 30.571 -1067.114 fcn-crackedfloor
2906 1 5 2317 0 -1 0 -84.847 30.278 -1002.842 -88.452 29.795 -1006.867 -80.325 30.936 -998.705 fcn-crackedfloor
2907 1 5 2318 0 -1 0 -91.411 30.460 -1023.328 -96.090 30.290 -1027.698 -87.790 30.571 -1019.291 fcn-crackedfloor
2908 1 5 2319 0 -1 0 207.176 30.141 -1224.746 203.914 28.845 -1227.508 209.802 31.771 -1222.226 fcn-crackedfloor
2909 1 5 2320 0 -1 0 219.930 30.460 -1263.286 216.319 30.290 -1267.257 224.921 30.571 -1260.141 fcn-crackedfloor
2910 1 5 2321 0 -1 0 339.096 30.460 -1364.636 334.743 30.290 -1368.610 342.885 30.571 -1361.464 fcn-crackedfloor
2911 1 5 2322 0 -1 0 305.860 30.242 -1379.354 302.655 29.809 -1383.713 309.820 30.853 -1375.642 fcn-crackedfloor
2912 1 5 2323 0 -1 0 321.559 30.460 -1394.352 317.842 30.290 -1397.805 326.132 30.571 -1390.507 fcn-crackedfloor
2913 1 5 2324 0 -1 0 334.009 29.982 -1394.180 330.111 29.130 -1397.436 338.212 30.738 -1390.223 fcn-crackedfloor
2914 1 5 2325 0 -1 0 313.282 30.186 -1396.286 310.488 29.816 -1399.658 317.852 30.819 -1391.050 fcn-crackedfloor
2915 1 5 2326 0 -1 0 167.730 30.460 -1168.310 162.893 30.290 -1173.285 171.176 30.571 -1164.455 fcn-crackedfloor
2916 1 5 2327 0 -1 0 145.350 30.404 -1169.060 142.395 30.256 -1172.626 148.550 30.500 -1166.262 fcn-crackedfloor
2917 1 5 2328 0 -1 0 124.145 30.293 -1165.772 119.979 30.123 -1169.396 128.543 30.404 -1161.293 fcn-crackedfloor
2918 1 5 2329 0 -1 0 108.279 30.345 -1134.718 105.510 30.218 -1138.362 111.809 30.428 -1131.173 fcn-crackedfloor
2919 1 5 2330 0 -1 0 108.393 30.345 -1128.982 105.389 30.218 -1131.821 110.791 30.428 -1125.717 fcn-crackedfloor
2920 1 5 2331 0 -1 0 105.012 30.087 -1160.059 102.746 29.596 -1163.136 107.095 30.882 -1157.070 fcn-crackedfloor
2921 1 5 2332 0 -1 0 169.571 30.460 -1180.815 165.133 30.290 -1184.314 173.185 30.571 -1176.166 fcn-crackedfloor
2922 1 5 2333 0 -1 0 173.403 29.476 -1195.706 168.677 28.226 -1200.476 176.769 31.190 -1192.181 fcn-crackedfloor
2923 1 5 2334 0 -1 0 161.672 29.459 -1186.695 156.913 28.549 -1191.560 165.054 30.837 -1183.045 fcn-crackedfloor
2924 1 5 2335 0 -1 0 9.989 30.366 -302.809 7.170 30.267 -305.289 12.593 30.430 -299.815 fcn-crackedfloor
2925 1 5 2336 0 -1 0 -4.960 30.455 -259.940 -7.883 30.331 -261.917 -1.432 30.534 -257.449 fcn-crackedfloor
2926 1 5 2337 0 -1 0 109.729 30.717 -420.438 106.784 28.439 -424.798 112.855 33.097 -417.253 fcn-crackedfloor
2927 1 5 2338 0 -1 0 124.386 29.214 -412.641 120.919 28.059 -415.925 127.471 30.638 -409.437 fcn-crackedfloor
2928 1 5 2339 0 -1 0 118.696 29.499 -469.979 115.661 28.739 -473.588 122.404 30.504 -466.784 fcn-crackedfloor
2929 1 5 2340 0 -1 0 51.001 30.455 -915.326 47.901 30.331 -918.191 53.867 30.534 -912.102 fcn-crackedfloor
2930 1 5 2341 0 -1 0 102.912 30.455 -1126.752 100.103 30.331 -1130.009 105.970 30.534 -1123.898 fcn-crackedfloor
2931 1 5 2342 0 -1 0 -77.161 30.493 -1002.896 -80.960 30.358 -1006.629 -73.966 30.579 -999.903 fcn-crackedfloor
2932 1 5 2343 0 -1 0 237.487 30.005 -1213.659 233.991 29.604 -1217.297 241.083 30.697 -1210.556 fcn-crackedfloor
2933 1 5 2344 0 -1 0 220.755 30.040 -1269.304 217.390 29.593 -1273.002 224.337 30.621 -1266.124 fcn-crackedfloor
2934 1 5 2345 0 -1 0 206.307 30.455 -1265.257 202.954 30.331 -1268.108 209.572 30.534 -1261.610 fcn-crackedfloor
2935 1 5 2346 0 -1 0 230.257 30.493 -1262.018 225.803 29.134 -1265.419 233.245 31.987 -1258.446 fcn-crackedfloor
2936 1 5 2347 0 -1 0 301.515 30.408 -1295.401 299.151 30.300 -1298.377 304.928 30.477 -1292.445 fcn-crackedfloor
2937 1 5 2348 0 -1 0 296.482 30.369 -1295.002 293.230 30.143 -1297.959 299.072 30.752 -1292.361 fcn-crackedfloor
2938 1 5 2349 0 -1 0 331.714 30.480 -1365.423 328.492 30.349 -1369.409 335.303 30.564 -1362.268 fcn-crackedfloor
2939 1 5 2350 0 -1 0 307.546 30.525 -1366.475 305.401 30.431 -1368.612 310.045 30.585 -1364.210 fcn-crackedfloor
2940 1 5 2351 0 -1 0 275.630 30.408 -1333.061 272.528 30.300 -1335.961 278.135 30.477 -1330.263 fcn-crackedfloor
2941 1 5 2352 0 -1 0 289.332 30.061 -1329.878 285.977 29.589 -1332.819 291.699 30.550 -1326.918 fcn-crackedfloor
2942 1 5 2353 0 -1 0 349.775 30.577 -1385.277 346.451 30.422 -1388.251 352.972 30.676 -1381.380 fcn-crackedfloor
2943 1 5 2354 0 -1 0 344.045 29.605 -1395.619 341.555 28.487 -1399.058 347.294 30.651 -1392.691 fcn-crackedfloor
2944 1 5 2355 0 -1 0 304.393 30.117 -1396.031 301.557 29.666 -1399.581 307.818 30.775 -1393.134 fcn-crackedfloor
2945 1 5 2356 0 -1 0 160.490 30.455 -1166.208 157.206 30.331 -1169.168 163.735 30.534 -1162.273 fcn-crackedfloor
2946 1 5 2357 0 -1 0 113.854 30.455 -1127.334 111.045 30.331 -1130.592 116.912 30.534 -1124.480 fcn-crackedfloor
2947 1 5 2358 0 -1 0 121.713 29.543 -1172.450 119.014 28.837 -1174.849 124.225 30.775 -1169.762 fcn-crackedfloor
2948 1 5 2359 0 -1 0 108.373 30.044 -1145.786 105.575 29.659 -1149.002 111.409 30.625 -1142.943 fcn-crackedfloor
2949 1 5 2360 0 -1 0 146.496 29.942 -1179.894 144.010 28.456 -1183.011 149.139 31.143 -1177.460 fcn-crackedfloor
2950 1 5 2361 0 -1 0 201.918 30.455 -1251.406 198.564 30.331 -1254.256 205.183 30.534 -1247.758 fcn-crackedfloor
2951 1 5 2362 0 -1 0 -14.447 30.455 -1140.449 -17.431 30.331 -1143.572 -10.611 30.534 -1137.083 fcn-crackedfloor
2952 1 23 3392 0 -1 0 131.770 24.587 -603.325 128.931 22.018 -604.098 134.606 27.167 -602.551 fcn-black
2953 1 23 3396 0 -1 0 187.490 23.436 -792.733 185.077 21.692 -795.262 189.899 25.176 -790.191 fcn-black
2954 1 23 3400 0 -1 0 -55.649 24.770 -1114.744 -58.504 22.211 -1115.345 -52.798 27.343 -1114.141 fcn-black
2955 1 23 3404 0 -1 0 -99.702 24.798 -1064.467 -101.985 22.217 -1066.298 -97.422 27.375 -1062.633 fcn-black
2956 1 1 1243 0 -1 0 145.719 10.559 -575.579 144.333 6.912 -579.917 148.532 14.089 -573.586 fcn-rockwall-bttm
2957 1 1 1252 0 -1 0 123.454 33.274 -643.282 121.216 29.341 -645.789 125.198 37.068 -639.122 fcn-rockwall-bttm
2958 1 1 1272 0 -1 0 98.850 33.483 -940.468 94.649 30.067 -942.726 101.134 36.895 -938.567 fcn-rockwall-bttm
2959 1 1 1284 0 -1 0 -61.217 33.649 -945.974 -64.456 30.031 -948.317 -57.356 37.055 -942.813 fcn-rockwall-bttm
2960 1 1 1286 0 -1 0 -84.225 33.920 -980.327 -87.513 29.732 -982.658 -80.492 37.891 -977.071 fcn-rockwall-bttm
2961 1 1 1295 0 -1 0 -91.685 13.774 -1093.547 -94.354 9.459 -1096.681 -89.189 18.084 -1088.586 fcn-rockwall-bttm
2962 1 1 1308 0 -1 0 324.276 14.004 -1348.448 322.535 10.589 -1352.384 326.856 17.417 -1346.555 fcn-rockwall-bttm
2963 1 1 1309 0 -1 0 313.845 12.351 -1324.553 311.810 8.936 -1327.905 316.450 15.764 -1321.621 fcn-rockwall-bttm
2964 1 1 1310 0 -1 0 311.151 16.419 -1358.317 308.773 12.887 -1360.523 312.805 19.844 -1354.413 fcn-rockwall-bttm
2965 1 1 1322 0 -1 0 95.534 33.257 -1171.902 91.618 30.059 -1174.610 97.271 36.452 -1170.052 fcn-rockwall-bttm
2966 1 1 1323 0 -1 0 118.371 16.033 -1162.157 115.604 12.618 -1165.117 120.114 19.446 -1159.625 fcn-rockwall-bttm
2967 1 1 469 0 -1 0 209.298 32.596 -1285.132 204.181 29.583 -1290.705 213.030 36.505 -1282.539 fcn-rockwall-bttm
2968 1 1 1333 0 -1 0 -10.836 33.483 -1164.300 -13.954 30.067 -1167.363 -8.616 36.895 -1160.852 fcn-rockwall-bttm
2969 1 0 476 0 -1 313 34.968 50.233 -1188.964 31.253 46.891 -1191.661 38.986 53.145 -1186.731 fcn-rockwall
2970 1 4 1913 0 -1 0 -37.642 109.793 -553.902 -45.812 95.028 -563.935 -32.812 122.333 -545.902 bch-beachrock
2971 1 4 1914 0 -1 0 -43.115 113.735 -550.874 -51.285 98.970 -560.907 -38.285 126.275 -542.874 bch-beachrock
2972 1 4 1915 0 -1 0 -67.187 116.551 -546.217 -70.103 101.007 -555.040 -63.196 128.887 -534.508 bch-beachrock
2973 1 0 748 0 -1 0 17.350 46.612 -246.166 9.813 36.918 -249.778 22.720 53.578 -241.316 fcn-rockwall
2974 1 0 753 0 -1 0 -38.082 45.409 -230.185 -43.240 36.459 -235.410 -29.982 51.866 -225.518 fcn-rockwall
2975 1 0 758 0 -1 0 62.546 50.261 -328.241 55.587 38.223 -335.487 66.802 58.875 -322.589 fcn-rockwall
2976 1 0 768 0 -1 0 -32.117 45.265 -246.472 -37.460 36.274 -251.617 -25.110 51.726 -243.144 fcn-rockwall
2977 1 0 773 0 -1 0 -28.111 47.677 -285.152 -33.252 37.370 -290.334 -20.246 55.105 -281.286 fcn-rockwall
2978 1 0 778 0 -1 0 131.048 44.878 -393.505 123.087 36.020 -400.269 135.638 51.211 -387.861 fcn-rockwall
2979 1 0 783 0 -1 0 116.104 44.260 -365.210 110.176 35.712 -372.501 119.915 50.363 -359.647 fcn-rockwall
2980 1 0 803 0 -1 0 103.453 44.611 -362.230 97.520 35.858 -369.521 107.267 50.860 -356.667 fcn-rockwall
2981 1 0 813 0 -1 0 34.938 48.722 -379.740 30.568 37.923 -385.386 42.484 56.526 -372.999 fcn-rockwall
2982 1 0 818 0 -1 0 51.658 47.408 -392.756 46.838 37.427 -399.303 59.965 54.633 -384.502 fcn-rockwall
2983 1 0 823 0 -1 0 -4.840 47.086 -343.328 -8.999 37.260 -348.890 2.401 54.191 -336.401 fcn-rockwall
2984 1 0 828 0 -1 0 11.999 45.186 -354.675 7.610 36.435 -359.146 18.796 51.493 -350.097 fcn-rockwall
2985 1 0 833 0 -1 0 16.347 45.048 -367.310 12.380 36.436 -372.963 22.954 51.284 -360.084 fcn-rockwall
2986 1 0 838 0 -1 0 161.290 47.349 -563.463 153.184 37.189 -567.084 166.629 54.644 -558.346 fcn-rockwall
2987 1 0 843 0 -1 0 160.023 48.440 -541.719 153.426 37.779 -546.066 165.228 56.126 -534.401 fcn-rockwall
2988 1 0 913 0 -1 0 149.176 45.188 -850.670 143.847 36.195 -857.414 155.911 51.640 -846.741 fcn-rockwall
2989 1 0 938 0 -1 0 62.775 45.728 -885.423 56.709 35.794 -895.501 68.796 52.708 -879.274 fcn-rockwall
2990 1 0 978 0 -1 0 175.417 49.679 -1210.935 169.825 38.165 -1217.270 184.728 57.959 -1203.935 fcn-rockwall
2991 1 0 1008 0 -1 0 43.783 47.716 -1123.711 38.724 37.353 -1131.187 47.501 55.168 -1118.489 fcn-rockwall
2992 1 0 884 0 -1 0 113.692 46.598 -490.197 106.943 36.783 -494.223 121.913 53.316 -486.187 fcn-rockwall
2993 1 16 3466 0 -1 0 42.877 65.346 -389.024 41.099 60.615 -390.031 44.821 69.202 -387.893 fcn-tree
2994 1 16 3468 0 -1 0 43.520 64.033 -392.531 43.204 62.868 -393.647 44.353 66.057 -391.118 fcn-tree
2995 1 16 3473 0 -1 0 11.454 54.722 -355.135 10.408 54.363 -355.993 12.902 55.544 -354.677 fcn-tree
2996 1 16 3474 0 -1 0 12.412 56.105 -356.778 11.438 55.289 -357.050 13.194 57.534 -356.261 fcn-tree
2997 1 16 3479 0 -1 0 91.282 56.526 -436.055 90.421 55.979 -437.305 92.655 57.240 -433.713 fcn-tree
2998 1 16 3484 0 -1 0 106.487 62.328 -453.892 104.600 58.470 -454.839 107.850 65.634 -452.886 fcn-tree
2999 1 16 3486 0 -1 0 104.578 62.269 -456.164 104.229 60.982 -456.836 105.202 64.170 -455.565 fcn-tree
3000 1 16 3491 0 -1 0 110.328 52.989 -458.571 109.801 52.642 -459.709 111.628 53.462 -457.447 fcn-tree
3001 1 16 3492 0 -1 0 112.389 53.664 -459.481 111.167 53.280 -459.752 113.561 54.646 -458.880 fcn-tree
3002 1 16 3496 0 -1 0 111.962 59.414 -494.414 109.926 55.552 -494.866 113.635 62.499 -493.729 fcn-tree
3003 1 16 3498 0 -1 0 110.154 58.085 -492.471 108.948 57.190 -493.441 110.953 59.678 -491.982 fcn-tree
3004 1 16 3503 0 -1 0 113.275 61.562 -527.942 111.995 61.099 -528.491 114.281 62.836 -526.899 fcn-tree
3005 1 16 3510 0 -1 0 167.951 58.144 -712.595 167.336 56.213 -714.056 169.061 61.411 -711.865 fcn-tree
3006 1 16 3515 0 -1 0 143.618 42.115 -608.165 139.000 41.030 -609.348 146.371 43.738 -606.111 fcn-tree
3007 1 16 3516 0 -1 0 140.111 44.538 -603.413 136.468 43.541 -605.090 143.161 47.102 -602.596 fcn-tree
3008 1 16 3521 0 -1 0 108.461 39.425 -587.489 107.807 38.265 -591.278 109.032 40.668 -584.658 fcn-tree
3009 1 16 3522 0 -1 0 105.564 44.050 -588.067 104.785 41.916 -590.596 107.187 46.895 -586.199 fcn-tree
3010 1 16 3528 0 -1 0 170.049 51.383 -812.530 169.625 50.627 -814.410 170.684 52.621 -810.924 fcn-tree
3011 1 16 3533 0 -1 0 175.405 53.054 -746.791 174.177 52.193 -749.266 177.565 55.096 -743.340 fcn-tree
3012 1 16 3534 0 -1 0 179.333 56.405 -744.350 178.147 54.406 -746.723 179.974 59.898 -742.497 fcn-tree
3013 1 16 3539 0 -1 0 228.667 53.743 -764.523 226.314 53.047 -768.552 229.988 55.400 -761.953 fcn-tree
3014 1 16 3540 0 -1 0 223.857 55.552 -767.713 222.927 54.178 -770.379 225.415 58.778 -764.941 fcn-tree
3015 1 16 3556 0 -1 0 144.206 61.900 -858.668 143.282 56.238 -859.556 145.331 66.818 -857.279 fcn-tree
3016 1 16 3557 0 -1 0 140.506 58.654 -859.338 138.531 57.981 -859.836 142.260 60.322 -858.724 fcn-tree
3017 1 16 3558 0 -1 0 140.487 61.374 -856.860 139.658 59.758 -857.946 141.461 64.042 -856.379 fcn-tree
3018 1 16 3562 0 -1 0 30.575 52.395 -909.923 27.533 47.272 -911.795 34.066 57.172 -906.676 fcn-tree
3019 1 16 3565 0 -1 0 97.111 65.542 -1182.782 96.791 63.255 -1183.548 97.837 68.289 -1181.921 fcn-tree
3020 1 16 3570 0 -1 0 98.852 63.132 -1185.806 98.513 61.733 -1186.725 99.572 65.664 -1184.156 fcn-tree
3021 1 16 3575 0 -1 0 330.039 42.939 -1315.005 327.637 41.711 -1317.441 332.385 46.204 -1313.109 fcn-tree
3022 1 16 3576 0 -1 0 330.810 47.918 -1318.351 329.231 44.928 -1318.952 331.541 51.976 -1317.252 fcn-tree
3023 1 16 3581 0 -1 0 94.047 53.959 -1174.235 93.331 53.415 -1176.009 95.578 55.264 -1172.565 fcn-tree
3024 1 16 3586 0 -1 0 20.133 59.364 -1176.211 18.538 48.787 -1177.127 22.173 68.621 -1174.829 fcn-tree
3025 1 16 3588 0 -1 0 12.788 58.125 -1174.476 11.222 55.288 -1176.424 14.866 63.038 -1173.540 fcn-tree
3026 1 16 3592 0 -1 0 -91.908 61.876 -988.879 -93.784 53.457 -994.660 -90.979 68.338 -983.712 fcn-tree
3027 1 16 3594 0 -1 0 -96.253 58.254 -992.666 -97.277 56.362 -996.046 -94.126 61.560 -990.491 fcn-tree
3028 1 16 3598 0 -1 0 -34.553 53.612 -915.954 -35.441 50.698 -920.427 -33.901 55.399 -911.261 fcn-tree
3029 1 16 3604 0 -1 0 -113.994 62.844 -1098.560 -116.979 57.855 -1099.680 -111.352 67.137 -1097.478 fcn-tree
3030 1 16 3607 0 -1 0 -104.175 43.291 -1058.705 -106.392 40.884 -1059.850 -102.872 47.147 -1058.034 fcn-tree
3031 1 16 3611 0 -1 0 -114.866 43.622 -1060.525 -116.986 41.626 -1061.394 -111.949 47.722 -1058.996 fcn-tree
3032 1 16 3612 0 -1 0 -112.746 48.033 -1056.744 -113.406 44.899 -1058.206 -112.107 51.932 -1055.951 fcn-tree
3033 1 16 3617 0 -1 0 -28.553 48.033 -1069.756 -31.805 46.967 -1073.190 -26.342 51.069 -1067.603 fcn-tree
3034 1 16 3618 0 -1 0 -32.842 51.481 -1073.953 -33.400 49.014 -1075.831 -31.940 55.901 -1070.904 fcn-tree
3035 1 16 3623 0 -1 0 305.178 44.810 -1357.628 302.368 43.826 -1358.305 308.836 46.175 -1356.914 fcn-tree
3036 1 16 3624 0 -1 0 305.716 48.435 -1361.562 303.898 46.638 -1362.376 307.937 51.429 -1359.701 fcn-tree
3037 1 16 3668 0 -1 0 110.922 25.049 -599.415 108.577 23.813 -600.299 113.075 26.153 -596.683 fcn-tree
3038 1 16 3676 0 -1 0 181.082 43.139 -751.610 179.637 40.922 -752.507 182.517 44.898 -748.812 fcn-tree
3039 1 16 3680 0 -1 0 39.637 43.059 -905.946 38.249 40.995 -909.268 40.634 44.230 -904.583 fcn-tree
3040 1 16 3684 0 -1 0 60.679 44.562 -1133.312 59.278 42.017 -1135.992 61.508 47.125 -1132.345 fcn-tree
3041 1 16 3688 0 -1 0 -24.979 41.809 -912.742 -27.710 39.760 -913.860 -24.045 44.038 -911.039 fcn-tree
3042 1 16 3704 0 -1 0 207.500 38.086 -1174.100 205.345 35.970 -1176.687 208.265 39.279 -1172.637 fcn-tree
3043 1 4 1933 0 -1 0 -61.187 117.651 -546.535 -68.240 102.739 -555.737 -54.833 130.530 -535.213 bch-beachrock
3044 1 2 1481 0 -1 0 146.914 29.231 -567.532 137.913 25.973 -569.352 155.860 29.958 -564.994 fcn-rockwall-cliffside
3045 1 2 1487 0 -1 0 124.767 29.231 -566.841 110.317 25.973 -568.971 139.242 29.958 -563.703 fcn-rockwall-cliffside
3046 1 2 1493 0 -1 0 143.351 29.231 -610.333 132.634 25.973 -613.029 154.154 29.958 -608.475 fcn-rockwall-cliffside
3047 1 2 1499 0 -1 0 122.991 29.231 -609.471 112.273 25.973 -612.167 133.793 29.958 -607.613 fcn-rockwall-cliffside
3048 1 2 1511 0 -1 0 205.221 29.098 -802.957 203.450 25.840 -809.907 207.557 29.824 -795.999 fcn-rockwall-cliffside
3049 1 2 1517 0 -1 0 200.870 29.231 -808.263 190.641 25.973 -810.879 211.089 29.958 -806.464 fcn-rockwall-cliffside
3050 1 2 1523 0 -1 0 196.107 29.231 -781.759 181.656 25.973 -783.890 210.581 29.958 -778.622 fcn-rockwall-cliffside
3051 1 2 1529 0 -1 0 -35.758 29.231 -1109.462 -44.402 25.973 -1114.777 -26.223 29.958 -1106.018 fcn-rockwall-cliffside
3052 1 2 1535 0 -1 0 -54.083 29.231 -1072.135 -57.674 25.973 -1079.006 -51.773 29.958 -1065.804 fcn-rockwall-cliffside
3053 1 2 1541 0 -1 0 -54.086 29.231 -1117.577 -62.729 25.973 -1122.891 -44.550 29.958 -1114.133 fcn-rockwall-cliffside
3054 1 2 1547 0 -1 0 -69.351 29.231 -1035.271 -80.029 25.973 -1037.742 -58.594 29.958 -1031.682 fcn-rockwall-cliffside
3055 1 2 1553 0 -1 0 -90.837 29.231 -1031.975 -103.569 25.973 -1034.635 -78.029 29.958 -1028.133 fcn-rockwall-cliffside
3056 1 2 1559 0 -1 0 -80.435 29.231 -1067.226 -89.772 25.973 -1069.598 -71.089 29.958 -1065.464 fcn-rockwall-cliffside
3057 1 2 1565 0 -1 0 -64.761 29.232 -1066.983 -74.098 25.973 -1069.354 -55.415 29.958 -1065.221 fcn-rockwall-cliffside
3058 1 2 1571 0 -1 0 -95.821 28.989 -1067.971 -102.357 25.731 -1070.327 -89.280 29.716 -1066.206 fcn-rockwall-cliffside
3059 1 2 1577 0 -1 0 -100.990 29.231 -1073.502 -103.323 25.973 -1079.820 -97.352 29.958 -1066.622 fcn-rockwall-cliffside
3060 1 2 1583 0 -1 0 -63.611 29.231 -1081.996 -74.460 25.973 -1086.221 -53.733 29.958 -1075.881 fcn-rockwall-cliffside
3061 1 2 1589 0 -1 0 -69.416 29.231 -1123.519 -78.059 25.973 -1128.834 -59.880 29.958 -1120.075 fcn-rockwall-cliffside
3062 1 2 1595 0 -1 0 -80.680 29.231 -1089.651 -91.529 25.973 -1093.877 -70.803 29.958 -1083.537 fcn-rockwall-cliffside
3063 1 2 1601 0 -1 0 -96.980 29.231 -1085.486 -102.422 25.973 -1094.662 -89.742 29.958 -1075.028 fcn-rockwall-cliffside
3064 1 2 1607 0 -1 0 310.690 29.231 -1314.450 302.873 25.973 -1320.363 317.026 29.958 -1307.012 fcn-rockwall-cliffside
3065 1 2 1613 0 -1 0 329.196 29.231 -1362.598 319.382 25.973 -1367.821 339.779 29.958 -1359.237 fcn-rockwall-cliffside
3066 1 2 1625 0 -1 0 290.061 29.231 -1331.993 281.650 25.973 -1336.981 297.120 29.958 -1325.308 fcn-rockwall-cliffside
3067 1 2 1631 0 -1 0 311.013 29.231 -1367.540 301.606 25.973 -1372.638 321.187 29.958 -1364.275 fcn-rockwall-cliffside
3068 1 2 1637 0 -1 0 121.300 29.231 -1163.224 117.723 25.973 -1171.800 126.352 29.958 -1155.189 fcn-rockwall-cliffside
3069 1 2 1643 0 -1 0 106.388 29.231 -1159.024 102.021 25.973 -1169.531 109.444 29.958 -1148.379 fcn-rockwall-cliffside
3070 1 2 1649 0 -1 0 116.440 29.231 -1152.054 108.339 25.973 -1155.520 125.025 29.958 -1147.148 fcn-rockwall-cliffside
3071 1 4 1927 0 -1 0 -92.481 109.739 -580.965 -95.075 97.075 -587.201 -88.841 119.754 -572.371 bch-beachrock
3072 1 0 827 0 -1 0 16.077 45.085 -364.716 11.225 38.251 -367.876 20.939 50.742 -360.200 fcn-rockwall
3073 1 0 872 0 -1 0 174.682 45.228 -729.783 169.163 38.758 -732.797 181.328 50.453 -725.908 fcn-rockwall
3074 1 0 1012 0 -1 0 26.032 44.214 -1182.627 20.962 38.059 -1188.219 29.816 49.198 -1175.932 fcn-rockwall
3075 1 2 1522 0 -1 0 205.035 21.533 -807.287 200.086 13.051 -810.812 210.137 28.786 -806.036 fcn-rockwall-cliffside
3076 1 2 1534 0 -1 0 -32.627 21.533 -1107.085 -36.765 13.051 -1111.147 -27.805 28.786 -1105.077 fcn-rockwall-cliffside
3077 1 2 1540 0 -1 0 -52.432 21.533 -1074.474 -56.124 13.051 -1077.898 -51.177 28.786 -1071.461 fcn-rockwall-cliffside
3078 1 2 1546 0 -1 0 -50.954 21.533 -1115.200 -55.092 13.051 -1119.261 -46.132 28.786 -1113.192 fcn-rockwall-cliffside
3079 1 2 1564 0 -1 0 -76.656 21.533 -1066.143 -81.156 13.051 -1069.560 -71.973 28.786 -1064.973 fcn-rockwall-cliffside
3080 1 2 1570 0 -1 0 -60.982 21.533 -1065.900 -65.482 13.052 -1069.316 -56.300 28.786 -1064.729 fcn-rockwall-cliffside
3081 1 2 1582 0 -1 0 -102.659 21.533 -1071.176 -103.933 13.051 -1074.186 -98.960 28.786 -1067.749 fcn-rockwall-cliffside
3082 1 2 1600 0 -1 0 -84.278 21.533 -1092.366 -89.723 13.051 -1094.773 -79.557 28.786 -1088.115 fcn-rockwall-cliffside
3083 1 2 1606 0 -1 0 -100.165 21.533 -1082.297 -103.159 13.051 -1086.745 -95.768 28.786 -1076.713 fcn-rockwall-cliffside
3084 1 2 1618 0 -1 0 332.851 21.533 -1360.258 328.193 13.051 -1364.341 338.128 28.786 -1358.306 fcn-rockwall-cliffside
3085 1 2 1630 0 -1 0 287.841 21.533 -1334.937 282.934 13.051 -1337.690 291.366 28.786 -1330.820 fcn-rockwall-cliffside
3086 1 2 1636 0 -1 0 314.503 21.533 -1365.254 310.033 13.051 -1369.301 319.575 28.786 -1363.362 fcn-rockwall-cliffside
3087 1 2 1648 0 -1 0 106.614 21.533 -1163.524 102.406 13.051 -1168.648 108.401 28.786 -1158.248 fcn-rockwall-cliffside
3088 1 4 1909 0 -1 0 -101.397 105.660 -573.090 -105.035 92.669 -581.620 -94.932 118.825 -562.010 bch-beachrock
3089 1 16 3568 0 -1 0 97.803 64.552 -1182.583 96.540 58.724 -1183.252 99.250 69.448 -1181.728 fcn-tree
3090 1 0 313 0 -1 0 117.980 50.530 -501.207 112.340 35.351 -506.042 124.967 60.077 -497.596 fcn-rockwall
3091 1 0 325 0 -1 0 234.874 48.043 -804.147 227.603 34.794 -808.152 240.692 56.377 -798.593 fcn-rockwall
3092 1 0 333 0 -1 0 226.515 49.624 -828.724 218.520 35.223 -832.856 233.079 58.682 -822.458 fcn-rockwall
3093 1 16 2979 0 -1 0 -123.749 50.056 -1042.849 -125.467 48.807 -1043.320 -122.425 51.542 -1042.471 fcn-tree
3094 1 16 3697 0 -1 0 178.435 45.223 -914.830 175.937 41.858 -916.525 180.349 50.936 -913.626 fcn-tree
3095 1 22 3440 0 -1 0 143.159 27.756 -572.633 141.845 26.453 -573.536 144.644 29.187 -571.490 fcn-precursor-metal-plain-01dk
3096 1 22 3443 0 -1 0 135.920 24.126 -575.534 134.324 22.646 -575.912 137.583 25.519 -574.861 fcn-precursor-metal-plain-01dk
3097 1 22 3446 0 -1 0 2.511 30.868 -910.427 0.846 29.465 -910.744 4.175 32.353 -909.893 fcn-precursor-metal-plain-01dk
3098 1 22 3449 0 -1 0 -14.052 32.157 -952.015 -15.674 30.688 -952.444 -12.383 33.657 -951.772 fcn-precursor-metal-plain-01dk
3099 1 22 3452 0 -1 0 -47.899 24.368 -981.937 -49.563 23.673 -983.086 -46.235 25.333 -980.606 fcn-precursor-metal-plain-01dk
3100 1 22 3455 0 -1 0 -81.017 24.875 -1040.051 -81.819 23.452 -1041.664 -80.507 26.366 -1038.555 fcn-precursor-metal-plain-01dk
3101 1 22 3458 0 -1 0 289.275 29.086 -1337.669 287.690 28.313 -1339.020 290.818 30.128 -1336.504 fcn-precursor-metal-plain-01dk
3102 1 1 563 0 -1 0 149.602 9.806 -583.692 145.514 6.506 -591.546 156.404 13.775 -578.544 fcn-rockwall-bttm
3103 1 1 573 0 -1 0 122.751 32.982 -523.071 116.930 29.751 -528.736 126.403 37.185 -515.919 fcn-rockwall-bttm
3104 1 1 575 0 -1 0 121.268 10.695 -601.679 115.420 8.300 -607.455 125.222 13.812 -598.211 fcn-rockwall-bttm
3105 1 1 579 0 -1 0 124.964 32.313 -646.790 118.790 29.153 -652.839 128.962 36.199 -642.989 fcn-rockwall-bttm
3106 1 1 599 0 -1 0 214.814 33.095 -860.033 210.814 29.912 -866.525 219.810 37.237 -853.352 fcn-rockwall-bttm
3107 1 1 607 0 -1 0 132.528 31.823 -879.563 125.741 29.183 -884.048 136.632 35.235 -872.796 fcn-rockwall-bttm
3108 1 1 620 0 -1 0 92.612 32.872 -941.901 89.052 30.067 -946.136 97.808 37.614 -939.665 fcn-rockwall-bttm
3109 1 1 627 0 -1 0 -21.578 33.071 -956.857 -25.806 30.069 -963.635 -14.729 36.977 -952.497 fcn-rockwall-bttm
3110 1 1 629 0 -1 0 -1.903 33.046 -946.488 -5.680 30.065 -952.834 4.383 36.925 -942.193 fcn-rockwall-bttm
3111 1 1 633 0 -1 0 -45.234 12.873 -1067.103 -49.176 9.839 -1073.896 -39.355 16.448 -1061.194 fcn-rockwall-bttm
3112 1 1 635 0 -1 0 -44.908 12.347 -1091.770 -48.872 9.787 -1095.899 -39.412 15.677 -1086.313 fcn-rockwall-bttm
3113 1 1 638 0 -1 0 -58.172 32.872 -1027.243 -60.174 30.067 -1032.309 -53.705 37.614 -1023.578 fcn-rockwall-bttm
3114 1 1 643 0 -1 0 -63.177 32.711 -949.246 -70.264 29.880 -953.751 -58.749 35.937 -942.341 fcn-rockwall-bttm
3115 1 1 647 0 -1 0 -85.947 32.854 -983.734 -92.998 29.615 -988.171 -81.517 36.616 -976.902 fcn-rockwall-bttm
3116 1 1 655 0 -1 0 -103.725 11.471 -1051.814 -110.609 8.346 -1056.223 -99.485 15.537 -1044.990 fcn-rockwall-bttm
3117 1 1 657 0 -1 0 -104.522 11.369 -1067.432 -111.592 8.276 -1071.824 -100.096 15.379 -1060.952 fcn-rockwall-bttm
3118 1 1 661 0 -1 0 -100.958 13.991 -1085.248 -106.883 11.051 -1091.314 -96.520 17.816 -1080.302 fcn-rockwall-bttm
3119 1 1 662 0 -1 0 -102.542 14.290 -1073.909 -106.810 11.069 -1079.475 -100.294 19.736 -1069.470 fcn-rockwall-bttm
3120 1 1 679 0 -1 0 240.806 32.347 -1237.704 236.621 29.653 -1241.561 246.947 35.852 -1231.638 fcn-rockwall-bttm
3121 1 1 685 0 -1 0 291.216 33.195 -1292.965 287.654 30.062 -1296.924 296.787 37.270 -1286.624 fcn-rockwall-bttm
3122 1 1 693 0 -1 0 311.170 11.480 -1322.781 307.140 8.920 -1326.831 317.356 14.811 -1316.223 fcn-rockwall-bttm
3123 1 1 694 0 -1 0 318.074 11.741 -1328.027 315.154 8.936 -1330.314 322.856 16.483 -1323.181 fcn-rockwall-bttm
3124 1 1 697 0 -1 0 304.614 13.259 -1341.422 298.027 10.584 -1348.039 309.040 16.482 -1337.391 fcn-rockwall-bttm
3125 1 1 717 0 -1 0 194.440 32.874 -1168.991 189.775 29.749 -1173.038 201.040 36.941 -1162.514 fcn-rockwall-bttm
3126 1 1 719 0 -1 0 99.286 32.441 -1171.679 94.240 30.044 -1176.905 104.394 35.559 -1167.702 fcn-rockwall-bttm
3127 1 1 720 0 -1 0 89.135 32.685 -1171.719 84.856 30.059 -1175.006 93.708 37.125 -1169.665 fcn-rockwall-bttm
3128 1 1 722 0 -1 0 113.318 15.422 -1160.413 109.090 12.618 -1164.483 116.417 20.165 -1158.403 fcn-rockwall-bttm
3129 1 1 726 0 -1 0 129.273 33.099 -1175.477 124.228 30.073 -1179.902 132.945 38.215 -1173.495 fcn-rockwall-bttm
3130 1 1 738 0 -1 0 34.966 32.996 -1176.698 30.687 30.080 -1179.986 39.538 37.925 -1174.644 fcn-rockwall-bttm
3131 1 1 742 0 -1 0 -16.185 32.872 -1160.783 -21.471 30.067 -1165.794 -12.693 37.614 -1158.428 fcn-rockwall-bttm
3132 1 1 748 0 -1 0 8.822 32.499 -246.376 5.257 29.998 -248.845 14.765 37.644 -241.699 fcn-rockwall-bttm
3133 1 1 753 0 -1 0 -30.895 32.270 -226.888 -36.865 29.955 -231.135 -26.482 36.929 -224.427 fcn-rockwall-bttm
3134 1 1 758 0 -1 0 58.929 32.779 -335.783 53.397 29.727 -338.653 63.106 39.200 -331.213 fcn-rockwall-bttm
3135 1 1 768 0 -1 0 -24.382 32.111 -247.984 -29.653 29.824 -252.801 -21.168 36.829 -244.981 fcn-rockwall-bttm
3136 1 1 773 0 -1 0 -20.594 32.565 -282.899 -26.569 29.927 -287.215 -16.666 37.948 -280.477 fcn-rockwall-bttm
3137 1 1 778 0 -1 0 125.683 32.037 -399.950 120.172 29.760 -402.864 130.877 36.780 -396.470 fcn-rockwall-bttm
3138 1 1 783 0 -1 0 113.946 31.873 -373.187 108.637 29.701 -376.359 117.374 36.453 -367.994 fcn-rockwall-bttm
3139 1 1 788 0 -1 0 154.688 32.074 -433.627 148.405 29.732 -436.970 160.753 36.937 -428.570 fcn-rockwall-bttm
3140 1 1 793 0 -1 0 168.204 32.483 -481.694 163.368 29.868 -484.569 174.506 37.891 -476.570 fcn-rockwall-bttm
3141 1 1 798 0 -1 0 107.574 32.784 -435.790 101.605 29.973 -440.374 112.296 38.472 -433.094 fcn-rockwall-bttm
3142 1 1 803 0 -1 0 101.288 31.926 -370.207 95.978 29.703 -373.378 104.718 36.613 -365.014 fcn-rockwall-bttm
3143 1 1 808 0 -1 0 86.720 32.554 -419.790 81.882 30.107 -423.530 92.974 37.326 -416.643 fcn-rockwall-bttm
3144 1 1 813 0 -1 0 39.666 32.858 -373.336 34.673 30.044 -376.820 45.054 38.476 -370.425 fcn-rockwall-bttm
3145 1 1 818 0 -1 0 56.316 32.721 -384.502 51.001 30.086 -389.192 62.610 37.895 -381.099 fcn-rockwall-bttm
3146 1 1 823 0 -1 0 -0.623 32.643 -336.524 -5.313 30.070 -340.272 4.758 37.748 -333.620 fcn-rockwall-bttm
3147 1 1 828 0 -1 0 17.337 32.201 -350.937 12.147 29.590 -354.098 21.343 36.983 -348.728 fcn-rockwall-bttm
3148 1 1 833 0 -1 0 19.409 32.375 -359.841 15.369 30.098 -364.319 24.833 36.839 -356.958 fcn-rockwall-bttm
3149 1 1 838 0 -1 0 152.889 32.567 -565.004 149.194 29.949 -567.435 159.051 37.968 -560.673 fcn-rockwall-bttm
3150 1 1 843 0 -1 0 153.415 32.858 -536.413 150.689 30.103 -541.375 156.968 38.469 -531.622 fcn-rockwall-bttm
3151 1 1 848 0 -1 0 170.263 32.086 -630.883 164.009 29.718 -634.056 175.681 37.027 -626.921 fcn-rockwall-bttm
3152 1 1 853 0 -1 0 202.216 32.452 -667.846 195.953 29.711 -671.019 207.650 38.183 -663.884 fcn-rockwall-bttm
3153 1 1 858 0 -1 0 216.167 32.468 -704.137 211.511 29.873 -707.036 222.472 37.832 -698.971 fcn-rockwall-bttm
3154 1 1 863 0 -1 0 154.423 31.969 -675.037 148.328 29.569 -680.153 160.143 36.570 -671.813 fcn-rockwall-bttm
3155 1 1 868 0 -1 0 166.694 32.376 -696.371 161.230 30.034 -700.363 172.251 36.995 -693.377 fcn-rockwall-bttm
3156 1 1 888 0 -1 0 123.931 32.673 -528.572 118.665 29.822 -534.115 127.147 38.587 -525.268 fcn-rockwall-bttm
3157 1 1 893 0 -1 0 120.771 32.333 -543.967 116.391 29.774 -549.821 123.662 37.667 -539.790 fcn-rockwall-bttm
3158 1 1 898 0 -1 0 111.484 32.659 -612.904 105.489 29.971 -617.524 116.095 38.096 -610.255 fcn-rockwall-bttm
3159 1 1 903 0 -1 0 227.883 32.191 -779.943 223.591 29.911 -783.110 234.169 36.879 -774.300 fcn-rockwall-bttm
3160 1 1 908 0 -1 0 214.013 32.840 -852.754 210.585 30.015 -855.949 219.685 38.822 -846.923 fcn-rockwall-bttm
3161 1 1 913 0 -1 0 156.008 32.058 -854.666 151.857 29.783 -859.665 158.737 36.797 -850.361 fcn-rockwall-bttm
3162 1 1 918 0 -1 0 148.404 33.326 -920.800 145.464 30.010 -926.905 153.643 40.349 -916.953 fcn-rockwall-bttm
3163 1 1 923 0 -1 0 131.413 32.231 -879.549 126.942 29.657 -884.562 134.157 37.653 -873.487 fcn-rockwall-bttm
3164 1 1 928 0 -1 0 88.033 31.903 -895.560 83.139 29.630 -899.154 90.682 36.697 -889.545 fcn-rockwall-bttm
3165 1 1 933 0 -1 0 109.621 31.920 -885.566 105.121 29.644 -890.543 112.359 36.708 -879.493 fcn-rockwall-bttm
3166 1 1 938 0 -1 0 67.502 31.584 -894.040 63.252 28.918 -899.877 70.472 37.101 -887.055 fcn-rockwall-bttm
3167 1 1 943 0 -1 0 46.823 31.917 -907.611 41.733 29.644 -911.166 49.456 36.709 -901.681 fcn-rockwall-bttm
3168 1 1 948 0 -1 0 -17.469 31.610 -911.228 -22.058 29.249 -915.184 -14.874 36.513 -905.197 fcn-rockwall-bttm
3169 1 1 953 0 -1 0 104.863 32.222 -939.293 101.649 30.012 -945.517 110.424 36.903 -933.773 fcn-rockwall-bttm
3170 1 1 958 0 -1 0 26.268 32.811 -938.652 23.222 30.014 -944.646 31.852 38.734 -935.066 fcn-rockwall-bttm
3171 1 1 963 0 -1 0 -1.145 32.222 -1127.194 -6.745 30.012 -1130.116 3.185 36.903 -1122.883 fcn-rockwall-bttm
3172 1 1 968 0 -1 0 260.254 32.344 -1325.083 255.964 30.002 -1329.486 266.206 37.303 -1322.101 fcn-rockwall-bttm
3173 1 1 973 0 -1 0 153.064 32.717 -1143.655 146.823 30.004 -1146.619 157.107 38.464 -1138.921 fcn-rockwall-bttm
3174 1 1 978 0 -1 0 182.431 32.866 -1204.729 176.037 30.001 -1208.987 188.356 38.935 -1201.532 fcn-rockwall-bttm
3175 1 1 983 0 -1 0 209.527 32.798 -1271.460 203.410 30.014 -1276.282 213.514 38.695 -1268.755 fcn-rockwall-bttm
3176 1 1 988 0 -1 0 198.038 32.905 -1225.726 191.921 30.012 -1230.547 202.025 39.031 -1223.020 fcn-rockwall-bttm
3177 1 1 993 0 -1 0 91.983 32.343 -1128.753 86.418 30.012 -1133.274 95.107 37.281 -1122.536 fcn-rockwall-bttm
3178 1 1 998 0 -1 0 47.313 33.365 -1175.847 44.503 30.463 -1181.859 52.361 38.859 -1172.248 fcn-rockwall-bttm
3179 1 1 1003 0 -1 0 69.061 33.476 -1178.495 66.246 30.376 -1184.754 74.125 39.405 -1174.002 fcn-rockwall-bttm
3180 1 1 1008 0 -1 0 44.340 32.583 -1131.884 39.663 30.005 -1135.424 46.799 38.046 -1125.986 fcn-rockwall-bttm
3181 1 1 1013 0 -1 0 8.248 32.716 -1175.219 5.445 30.439 -1181.354 13.278 36.917 -1171.535 fcn-rockwall-bttm
3182 1 1 1018 0 -1 0 -58.328 33.233 -1135.311 -63.218 30.309 -1139.047 -52.575 38.591 -1132.201 fcn-rockwall-bttm
3183 1 1 747 0 -1 0 10.860 32.647 -231.666 8.946 29.962 -235.354 14.251 39.925 -228.660 fcn-rockwall-bttm
3184 1 1 752 0 -1 0 -27.201 32.359 -241.272 -30.484 29.929 -244.617 -25.348 39.052 -238.167 fcn-rockwall-bttm
3185 1 1 757 0 -1 0 46.389 33.318 -327.849 43.944 30.016 -330.553 50.874 42.246 -323.970 fcn-rockwall-bttm
3186 1 1 762 0 -1 0 28.339 33.106 -294.714 26.343 29.987 -297.747 31.735 41.599 -291.575 fcn-rockwall-bttm
3187 1 1 767 0 -1 0 -29.071 32.399 -260.810 -32.483 29.961 -263.389 -26.908 39.049 -257.030 fcn-rockwall-bttm
3188 1 1 772 0 -1 0 -18.878 32.730 -297.650 -21.757 29.938 -300.717 -17.022 40.414 -294.633 fcn-rockwall-bttm
3189 1 1 777 0 -1 0 115.650 32.452 -389.007 113.627 30.000 -392.051 120.057 39.035 -385.064 fcn-rockwall-bttm
3190 1 1 782 0 -1 0 100.232 32.370 -367.512 97.504 30.012 -369.894 104.508 38.700 -363.819 fcn-rockwall-bttm
3191 1 1 787 0 -1 0 143.595 32.520 -416.694 141.344 30.000 -420.640 148.602 39.257 -412.159 fcn-rockwall-bttm
3192 1 1 792 0 -1 0 163.532 32.795 -464.265 161.524 29.998 -467.920 167.399 40.373 -460.433 fcn-rockwall-bttm
3193 1 1 797 0 -1 0 112.520 32.882 -451.297 109.016 29.924 -454.959 114.363 41.045 -447.922 fcn-rockwall-bttm
3194 1 1 802 0 -1 0 87.574 32.427 -364.532 84.847 30.014 -366.914 91.853 38.907 -360.839 fcn-rockwall-bttm
3195 1 1 807 0 -1 0 100.561 32.405 -431.389 95.796 29.864 -435.648 103.302 39.395 -428.124 fcn-rockwall-bttm
3196 1 1 812 0 -1 0 49.621 32.833 -384.355 45.570 29.889 -388.296 51.551 40.964 -381.305 fcn-rockwall-bttm
3197 1 1 817 0 -1 0 69.186 32.610 -395.543 64.409 29.870 -400.145 71.711 40.160 -392.168 fcn-rockwall-bttm
3198 1 1 822 0 -1 0 10.027 32.583 -346.520 5.963 29.897 -350.449 12.110 39.996 -343.581 fcn-rockwall-bttm
3199 1 1 827 0 -1 0 21.127 32.042 -361.765 18.690 29.583 -364.693 22.619 38.551 -359.212 fcn-rockwall-bttm
3200 1 1 832 0 -1 0 31.779 32.251 -368.058 27.652 29.878 -371.954 34.239 38.776 -365.317 fcn-rockwall-bttm
3201 1 1 837 0 -1 0 152.503 32.779 -550.115 150.526 29.980 -553.405 155.484 40.393 -547.039 fcn-rockwall-bttm
3202 1 1 842 0 -1 0 162.601 32.855 -528.772 159.835 29.890 -532.492 166.393 40.884 -527.211 fcn-rockwall-bttm
3203 1 1 847 0 -1 0 157.748 32.568 -617.887 155.298 30.013 -621.314 162.747 39.402 -613.589 fcn-rockwall-bttm
3204 1 1 852 0 -1 0 189.701 32.964 -654.850 187.242 30.006 -658.277 194.726 40.914 -650.552 fcn-rockwall-bttm
3205 1 1 857 0 -1 0 212.231 32.762 -686.525 210.220 29.987 -690.157 215.954 40.285 -682.777 fcn-rockwall-bttm
3206 1 1 862 0 -1 0 163.158 31.655 -691.631 158.643 29.087 -696.143 165.074 38.401 -687.762 fcn-rockwall-bttm
3207 1 1 867 0 -1 0 176.226 32.326 -709.565 172.023 29.896 -713.622 178.079 39.041 -706.235 fcn-rockwall-bttm
3208 1 1 872 0 -1 0 182.384 32.239 -728.928 179.480 29.820 -731.601 184.321 38.842 -726.172 fcn-rockwall-bttm
3209 1 1 877 0 -1 0 226.020 32.139 -733.593 223.907 29.947 -738.222 229.623 38.034 -729.996 fcn-rockwall-bttm
3210 1 1 882 0 -1 0 121.359 32.716 -492.182 117.312 29.947 -495.614 123.423 39.794 -488.889 fcn-rockwall-bttm
3211 1 1 887 0 -1 0 119.047 33.009 -544.095 115.623 29.961 -547.232 121.241 41.344 -539.739 fcn-rockwall-bttm
3212 1 1 892 0 -1 0 112.168 32.737 -557.778 108.357 29.983 -560.515 114.930 40.225 -553.198 fcn-rockwall-bttm
3213 1 1 897 0 -1 0 115.916 32.761 -628.566 112.495 29.933 -632.164 117.770 40.562 -625.206 fcn-rockwall-bttm
3214 1 1 902 0 -1 0 225.383 32.425 -760.587 223.376 29.994 -764.744 228.799 39.010 -756.578 fcn-rockwall-bttm
3215 1 1 907 0 -1 0 217.317 33.065 -835.010 215.315 30.015 -839.603 220.731 41.518 -831.394 fcn-rockwall-bttm
3216 1 1 912 0 -1 0 147.933 32.425 -864.714 144.330 29.977 -866.662 150.536 39.078 -860.815 fcn-rockwall-bttm
3217 1 1 917 0 -1 0 166.417 33.590 -919.691 162.422 30.010 -922.639 170.138 43.514 -917.763 fcn-rockwall-bttm
3218 1 1 922 0 -1 0 115.913 32.803 -885.486 112.283 30.013 -887.385 119.294 40.346 -881.609 fcn-rockwall-bttm
3219 1 1 927 0 -1 0 71.435 32.476 -895.393 68.041 30.016 -897.297 75.421 39.111 -892.488 fcn-rockwall-bttm
3220 1 1 932 0 -1 0 94.058 32.467 -891.330 90.426 30.000 -893.233 97.444 39.121 -887.481 fcn-rockwall-bttm
3221 1 1 937 0 -1 0 52.524 32.942 -901.194 48.682 30.030 -903.455 55.976 40.317 -896.330 fcn-rockwall-bttm
3222 1 1 942 0 -1 0 30.265 32.488 -906.471 26.892 30.030 -908.351 34.401 39.117 -903.398 fcn-rockwall-bttm
3223 1 1 947 0 -1 0 -33.962 32.551 -912.930 -37.333 29.988 -914.812 -30.136 39.318 -909.994 fcn-rockwall-bttm
3224 1 1 952 0 -1 0 123.701 32.398 -931.689 119.642 30.012 -935.966 128.068 39.012 -929.744 fcn-rockwall-bttm
3225 1 1 957 0 -1 0 45.021 33.034 -939.101 40.609 30.014 -942.058 48.876 41.403 -937.203 fcn-rockwall-bttm
3226 1 1 962 0 -1 0 -13.565 32.398 -1118.351 -16.007 30.012 -1121.183 -9.190 39.012 -1114.401 fcn-rockwall-bttm
3227 1 1 967 0 -1 0 274.196 32.530 -1334.101 269.540 30.002 -1338.132 276.957 39.538 -1331.211 fcn-rockwall-bttm
3228 1 1 972 0 -1 0 137.212 32.934 -1135.499 134.043 30.004 -1138.287 142.105 41.054 -1131.493 fcn-rockwall-bttm
3229 1 1 977 0 -1 0 191.273 33.094 -1218.803 186.676 30.001 -1223.135 193.267 41.670 -1215.249 fcn-rockwall-bttm
3230 1 1 982 0 -1 0 211.174 33.020 -1287.986 208.114 30.014 -1291.410 213.104 41.352 -1284.469 fcn-rockwall-bttm
3231 1 1 987 0 -1 0 199.685 33.135 -1242.251 196.625 30.012 -1245.676 201.616 41.792 -1238.734 fcn-rockwall-bttm
3232 1 1 992 0 -1 0 72.949 32.529 -1132.324 68.995 30.012 -1134.280 76.877 39.506 -1128.842 fcn-rockwall-bttm
3233 1 1 997 0 -1 0 63.852 32.754 -1177.218 60.235 29.653 -1180.492 67.301 40.998 -1175.285 fcn-rockwall-bttm
3234 1 1 1002 0 -1 0 85.312 32.991 -1175.110 81.792 29.673 -1178.701 89.223 41.757 -1173.113 fcn-rockwall-bttm
3235 1 1 1007 0 -1 0 29.160 32.789 -1130.444 26.049 30.005 -1132.315 32.852 40.507 -1127.321 fcn-rockwall-bttm
3236 1 1 1012 0 -1 0 24.839 32.089 -1174.823 21.405 29.662 -1177.751 28.307 38.431 -1172.863 fcn-rockwall-bttm
3237 1 1 1017 0 -1 0 -46.675 32.638 -1147.128 -50.879 29.664 -1151.424 -44.364 40.722 -1143.842 fcn-rockwall-bttm
3238 1 2 1483 0 -1 0 147.112 26.802 -567.699 137.916 21.583 -570.020 155.973 29.864 -564.980 fcn-rockwall-cliffside
3239 1 2 1531 0 -1 0 -36.009 26.802 -1109.374 -44.400 21.583 -1114.983 -26.297 29.864 -1105.242 fcn-rockwall-cliffside
3240 1 2 1543 0 -1 0 -54.336 26.802 -1117.489 -62.727 21.583 -1123.097 -44.624 29.864 -1113.357 fcn-rockwall-cliffside
3241 1 2 1591 0 -1 0 -69.666 26.802 -1123.431 -78.057 21.583 -1129.040 -59.954 29.864 -1119.299 fcn-rockwall-cliffside
3242 1 2 1609 0 -1 0 310.945 26.802 -1314.440 302.940 21.583 -1320.987 317.550 29.864 -1306.618 fcn-rockwall-cliffside
3243 1 2 1621 0 -1 0 299.730 26.802 -1324.266 291.680 21.583 -1330.759 306.380 29.864 -1316.490 fcn-rockwall-cliffside
3244 1 2 1627 0 -1 0 290.315 26.802 -1332.023 281.719 21.583 -1337.686 297.538 29.864 -1324.985 fcn-rockwall-cliffside
3245 1 2 1639 0 -1 0 121.075 26.802 -1163.345 116.957 21.583 -1172.340 126.302 29.864 -1155.166 fcn-rockwall-cliffside
3246 1 2 1651 0 -1 0 116.565 26.802 -1152.276 108.353 21.583 -1156.291 125.569 29.864 -1147.198 fcn-rockwall-cliffside
3247 1 1 1137 0 -1 0 20.946 36.941 -209.137 17.164 30.971 -215.655 26.760 43.340 -199.867 fcn-rockwall-bttm
3248 1 1 1153 0 -1 0 164.034 32.583 -481.946 158.681 24.738 -487.805 171.934 40.335 -474.034 fcn-rockwall-bttm
3249 1 1 1164 0 -1 0 124.610 32.746 -489.182 118.243 25.137 -497.114 128.845 40.727 -483.597 fcn-rockwall-bttm
3250 1 1 1167 0 -1 0 192.243 16.025 -802.167 188.876 11.866 -808.254 194.411 20.750 -798.401 fcn-rockwall-bttm
3251 1 1 1168 0 -1 0 185.635 16.200 -796.633 180.749 12.021 -801.916 190.218 20.947 -793.901 fcn-rockwall-bttm
3252 1 1 1169 0 -1 0 183.230 16.281 -793.207 179.557 11.958 -799.161 185.094 21.193 -788.263 fcn-rockwall-bttm
3253 1 1 1170 0 -1 0 179.630 31.812 -800.819 175.065 26.841 -806.087 182.798 36.701 -796.496 fcn-rockwall-bttm
3254 1 1 1171 0 -1 0 183.884 16.281 -785.452 180.173 11.958 -791.913 185.770 21.193 -780.112 fcn-rockwall-bttm
3255 1 1 1175 0 -1 0 165.238 31.615 -914.606 159.312 23.953 -922.481 174.498 39.660 -909.285 fcn-rockwall-bttm
3256 1 1 1176 0 -1 0 176.367 31.003 -908.868 170.964 24.866 -915.199 183.791 36.973 -904.611 fcn-rockwall-bttm
3257 1 1 1197 0 -1 0 300.800 31.163 -1300.641 294.139 23.978 -1307.007 308.315 37.803 -1290.980 fcn-rockwall-bttm
3258 1 1 1204 0 -1 0 175.578 32.318 -1153.510 170.709 23.689 -1159.232 182.520 41.169 -1144.734 fcn-rockwall-bttm
3259 1 1 1205 0 -1 0 174.956 32.173 -1150.751 169.473 23.044 -1156.609 182.527 41.724 -1141.752 fcn-rockwall-bttm
3260 1 1 1206 0 -1 0 76.430 31.274 -1136.386 72.353 24.832 -1141.443 81.266 37.565 -1128.870 fcn-rockwall-bttm
3261 1 1 1207 0 -1 0 100.846 31.176 -1136.483 93.656 24.699 -1141.880 107.421 37.142 -1128.395 fcn-rockwall-bttm
3262 1 1 1208 0 -1 0 108.760 31.290 -1138.201 104.861 24.791 -1143.427 113.645 37.389 -1130.412 fcn-rockwall-bttm
3263 1 8 3413 0 -1 0 113.404 30.200 -412.957 107.165 26.049 -421.378 121.758 33.514 -406.428 fcn-painstripe-ground
3264 1 8 3416 0 -1 0 187.331 30.763 -850.942 177.260 26.606 -860.531 195.562 34.071 -843.756 fcn-painstripe-ground
3265 1 8 3419 0 -1 0 218.018 32.221 -1194.429 212.353 28.071 -1201.966 225.853 35.537 -1188.050 fcn-painstripe-ground
3266 1 8 3422 0 -1 0 229.320 31.652 -1269.548 223.119 27.502 -1277.396 236.902 34.968 -1263.856 fcn-painstripe-ground
3267 1 8 3425 0 -1 0 257.662 31.652 -1300.679 249.987 27.502 -1306.897 263.185 34.968 -1293.416 fcn-painstripe-ground
3268 1 8 3428 0 -1 0 50.553 31.627 -1158.934 44.201 27.477 -1164.392 57.926 34.944 -1151.370 fcn-painstripe-ground
3269 1 0 1391 0 -1 0 -3.026 43.932 -186.470 -6.697 37.056 -190.511 1.556 48.672 -182.025 fcn-rockwall
3270 1 0 1392 0 -1 0 -47.868 43.567 -195.913 -52.589 36.478 -197.759 -43.803 49.042 -192.948 fcn-rockwall
3271 1 0 1393 0 -1 0 16.471 43.384 -199.961 11.706 36.526 -203.484 22.279 47.626 -196.980 fcn-rockwall
3272 1 0 1394 0 -1 0 22.047 47.032 -201.118 17.842 40.353 -205.118 27.467 51.673 -197.867 fcn-rockwall
3273 1 0 1395 0 -1 0 36.532 41.562 -312.459 31.767 34.705 -315.983 42.340 45.804 -309.479 fcn-rockwall
3274 1 0 1396 0 -1 0 118.449 43.177 -385.520 114.097 36.459 -389.115 123.677 47.449 -381.783 fcn-rockwall
3275 1 0 1397 0 -1 0 115.975 41.137 -382.276 111.040 34.411 -385.997 121.930 45.241 -379.135 fcn-rockwall
3276 1 0 1398 0 -1 0 114.043 41.326 -380.933 108.854 34.729 -383.955 120.105 45.433 -378.396 fcn-rockwall
3277 1 0 1399 0 -1 0 146.391 43.041 -412.870 141.851 36.256 -416.086 152.036 47.322 -409.716 fcn-rockwall
3278 1 0 1401 0 -1 0 167.489 45.992 -470.760 161.030 38.511 -473.573 175.330 51.053 -466.334 fcn-rockwall
3279 1 0 1402 0 -1 0 107.968 46.556 -453.769 100.706 38.086 -456.563 114.285 52.017 -450.213 fcn-rockwall
3280 1 0 1405 0 -1 0 83.550 47.926 -429.891 80.604 41.181 -434.640 86.273 52.723 -425.512 fcn-rockwall
3281 1 0 1406 0 -1 0 74.032 42.532 -409.428 68.529 35.630 -412.651 78.404 46.846 -405.969 fcn-rockwall
3282 1 0 1407 0 -1 0 50.988 45.043 -388.980 46.009 37.244 -393.527 54.914 50.312 -384.616 fcn-rockwall
3283 1 0 1408 0 -1 0 -0.116 44.348 -342.127 -5.189 36.588 -348.055 4.583 49.250 -336.429 fcn-rockwall
3284 1 0 1409 0 -1 0 10.740 41.990 -349.839 5.860 35.136 -353.944 14.774 46.340 -345.870 fcn-rockwall
3285 1 0 1410 0 -1 0 173.627 45.449 -475.767 166.592 37.245 -479.079 181.379 50.645 -472.846 fcn-rockwall
3286 1 0 1411 0 -1 0 172.353 43.552 -489.615 166.277 36.170 -492.570 178.738 48.187 -487.136 fcn-rockwall
3287 1 0 1412 0 -1 0 155.100 41.654 -542.466 150.779 36.035 -544.652 159.745 45.408 -540.192 fcn-rockwall
3288 1 0 1413 0 -1 0 157.756 41.009 -539.133 153.629 35.193 -542.521 162.057 44.665 -536.100 fcn-rockwall
3289 1 0 1414 0 -1 0 162.539 46.896 -600.512 157.047 37.171 -604.613 168.313 54.884 -597.956 fcn-rockwall
3290 1 0 1415 0 -1 0 158.872 41.824 -614.282 154.587 35.320 -617.806 164.072 45.856 -610.762 fcn-rockwall
3291 1 0 1416 0 -1 0 175.086 42.918 -713.452 169.936 36.509 -717.330 179.561 47.101 -709.778 fcn-rockwall
3292 1 0 1417 0 -1 0 231.206 40.861 -727.493 224.593 33.702 -730.411 238.126 45.185 -725.371 fcn-rockwall
3293 1 0 1418 0 -1 0 178.188 41.111 -753.521 172.036 34.518 -755.510 183.880 45.200 -750.976 fcn-rockwall
3294 1 0 1419 0 -1 0 230.345 44.804 -756.946 223.425 36.588 -760.128 238.077 49.947 -754.448 fcn-rockwall
3295 1 0 1420 0 -1 0 227.890 40.497 -754.849 221.234 33.597 -757.628 234.947 44.709 -752.271 fcn-rockwall
3296 1 0 1421 0 -1 0 120.111 47.239 -495.476 114.040 39.206 -498.457 125.229 53.120 -492.277 fcn-rockwall
3297 1 0 1423 0 -1 0 231.918 40.761 -796.691 226.219 34.007 -799.423 237.796 44.866 -794.428 fcn-rockwall
3298 1 0 1424 0 -1 0 193.675 25.468 -805.607 190.669 21.052 -808.509 195.773 29.730 -803.628 fcn-rockwall
3299 1 0 1425 0 -1 0 189.691 25.687 -797.957 186.681 21.250 -801.684 191.873 29.970 -795.613 fcn-rockwall
3300 1 0 1426 0 -1 0 183.181 26.097 -797.473 179.960 21.506 -799.657 185.640 30.528 -794.603 fcn-rockwall
3301 1 0 1427 0 -1 0 174.445 39.926 -804.036 169.923 34.702 -806.174 178.666 43.228 -801.548 fcn-rockwall
3302 1 0 1428 0 -1 0 183.806 26.097 -790.064 180.569 21.506 -792.446 186.267 30.528 -786.968 fcn-rockwall
3303 1 0 1429 0 -1 0 219.134 43.518 -843.029 212.664 35.919 -846.033 225.899 48.347 -839.716 fcn-rockwall
3304 1 0 1430 0 -1 0 162.096 39.868 -844.569 158.331 33.812 -847.422 165.807 43.762 -840.831 fcn-rockwall
3305 1 0 1431 0 -1 0 190.656 45.009 -918.383 187.678 36.733 -925.806 192.668 50.239 -911.630 fcn-rockwall
3306 1 0 1432 0 -1 0 171.921 45.663 -919.676 168.638 37.864 -926.825 175.818 50.889 -913.817 fcn-rockwall
3307 1 0 1433 0 -1 0 181.982 40.620 -915.387 178.946 34.234 -921.554 184.811 44.619 -909.927 fcn-rockwall
3308 1 0 1434 0 -1 0 128.632 39.778 -873.406 126.094 34.322 -877.929 131.346 43.168 -868.075 fcn-rockwall
3309 1 0 1435 0 -1 0 128.068 42.803 -875.103 124.098 35.749 -879.484 131.931 47.234 -869.774 fcn-rockwall
3310 1 0 1436 0 -1 0 100.037 44.157 -884.159 98.347 36.166 -890.015 103.068 49.400 -877.702 fcn-rockwall
3311 1 0 1437 0 -1 0 25.285 44.083 -899.857 23.282 35.058 -907.717 28.437 49.582 -891.466 fcn-rockwall
3312 1 0 1438 0 -1 0 -36.882 45.143 -907.558 -38.741 36.084 -914.727 -33.808 50.789 -899.694 fcn-rockwall
3313 1 0 1439 0 -1 0 110.737 42.892 -943.087 107.571 35.292 -950.485 113.276 47.593 -936.536 fcn-rockwall
3314 1 0 1440 0 -1 0 95.277 44.119 -949.908 91.912 35.925 -957.504 97.798 49.233 -943.170 fcn-rockwall
3315 1 0 1441 0 -1 0 102.436 47.346 -946.848 98.927 38.424 -954.763 106.213 53.191 -940.188 fcn-rockwall
3316 1 0 1442 0 -1 0 46.556 42.949 -943.970 43.419 35.333 -951.119 49.391 47.661 -937.268 fcn-rockwall
3317 1 0 1443 0 -1 0 32.956 42.326 -946.754 29.411 33.694 -955.371 35.210 47.490 -938.923 fcn-rockwall
3318 1 0 1444 0 -1 0 -10.002 50.414 -958.146 -14.471 40.630 -964.490 -5.436 57.365 -953.269 fcn-rockwall
3319 1 0 1445 0 -1 0 -22.119 37.901 -1103.539 -27.162 31.820 -1107.064 -16.321 41.498 -1101.381 fcn-rockwall
3320 1 0 1446 0 -1 0 -20.500 41.832 -1107.826 -25.012 35.330 -1112.468 -15.598 45.942 -1103.017 fcn-rockwall
3321 1 0 1447 0 -1 0 -18.225 42.711 -1109.250 -23.069 34.114 -1115.665 -12.734 47.918 -1102.527 fcn-rockwall
3322 1 0 1448 0 -1 0 -52.405 47.132 -1030.416 -57.728 38.883 -1032.981 -46.800 53.175 -1029.015 fcn-rockwall
3323 1 0 1449 0 -1 0 -46.452 46.193 -1022.987 -52.715 36.372 -1029.200 -39.985 52.252 -1018.168 fcn-rockwall
3324 1 0 1450 0 -1 0 -68.811 44.078 -944.711 -75.888 35.497 -949.618 -62.008 49.404 -939.443 fcn-rockwall
3325 1 0 1451 0 -1 0 -91.591 46.768 -980.362 -99.387 37.501 -984.505 -84.265 52.686 -976.194 fcn-rockwall
3326 1 0 1452 0 -1 0 -59.739 28.101 -1036.876 -65.798 20.015 -1039.644 -53.319 33.613 -1035.347 fcn-rockwall
3327 1 0 1453 0 -1 0 -102.943 41.432 -1003.961 -110.078 33.644 -1008.150 -96.184 46.144 -999.878 fcn-rockwall
3328 1 0 1454 0 -1 0 301.365 41.122 -1288.261 296.371 33.592 -1294.775 306.439 45.693 -1281.658 fcn-rockwall
3329 1 0 1455 0 -1 0 229.409 43.198 -1319.353 224.915 35.425 -1325.484 233.530 48.016 -1313.354 fcn-rockwall
3330 1 0 1456 0 -1 0 273.658 43.198 -1339.221 269.164 35.425 -1345.351 277.779 48.016 -1333.221 fcn-rockwall
3331 1 0 1457 0 -1 0 350.896 40.462 -1375.241 343.988 33.848 -1378.480 358.553 44.508 -1372.419 fcn-rockwall
3332 1 0 1458 0 -1 0 350.420 38.927 -1371.521 343.070 32.701 -1374.131 358.027 42.680 -1368.247 fcn-rockwall
3333 1 0 1459 0 -1 0 300.531 41.962 -1404.020 296.556 36.456 -1406.790 303.459 46.325 -1402.016 fcn-rockwall
3334 1 0 1460 0 -1 0 296.225 48.375 -1406.791 291.779 42.743 -1410.298 299.450 52.656 -1403.888 fcn-rockwall
3335 1 0 1461 0 -1 0 178.368 48.022 -1142.985 173.426 38.875 -1148.496 183.905 54.424 -1137.359 fcn-rockwall
3336 1 0 1462 0 -1 0 178.239 49.253 -1140.485 172.784 39.722 -1146.091 184.234 56.001 -1134.699 fcn-rockwall
3337 1 0 1463 0 -1 0 73.037 39.670 -1126.351 70.595 32.583 -1132.141 76.010 43.891 -1120.440 fcn-rockwall
3338 1 0 1464 0 -1 0 97.263 40.158 -1126.259 93.636 33.111 -1132.197 101.114 44.410 -1120.158 fcn-rockwall
3339 1 0 1465 0 -1 0 105.970 38.919 -1127.398 103.276 31.934 -1133.274 109.085 43.011 -1121.467 fcn-rockwall
3340 1 0 1467 0 -1 0 161.599 44.489 -1195.733 157.772 37.467 -1200.388 164.953 49.348 -1191.338 fcn-rockwall
3341 1 0 1468 0 -1 0 180.818 45.960 -1209.428 176.416 38.838 -1214.938 185.258 50.930 -1204.303 fcn-rockwall
3342 1 0 1469 0 -1 0 200.790 44.003 -1257.639 193.950 36.224 -1260.809 206.559 48.919 -1254.130 fcn-rockwall
3343 1 0 1470 0 -1 0 58.191 42.925 -1130.739 56.473 35.249 -1136.434 61.355 47.921 -1124.492 fcn-rockwall
3344 1 0 1471 0 -1 0 42.923 42.976 -1184.586 38.795 34.097 -1191.971 45.375 48.322 -1177.715 fcn-rockwall
3345 1 0 1473 0 -1 0 9.912 42.013 -1129.722 8.143 35.806 -1134.481 12.384 45.969 -1124.568 fcn-rockwall
3346 1 0 1474 0 -1 0 2.120 43.603 -1121.361 -2.263 35.039 -1128.068 6.879 48.823 -1114.278 fcn-rockwall
3347 1 0 1479 0 -1 0 -44.411 45.989 -1158.461 -51.740 36.393 -1162.592 -38.630 52.087 -1153.164 fcn-rockwall
3348 1 0 1480 0 -1 0 -45.667 45.638 -1146.519 -50.491 37.912 -1152.967 -40.997 50.850 -1140.685 fcn-rockwall
3349 1 1 1392 0 -1 0 -44.857 30.795 -194.965 -49.847 23.855 -197.476 -42.284 38.801 -192.233 fcn-rockwall-bttm
3350 1 1 1393 0 -1 0 9.849 33.607 -203.741 5.931 26.813 -205.866 15.329 40.485 -199.035 fcn-rockwall-bttm
3351 1 1 1394 0 -1 0 18.685 36.342 -202.502 15.468 29.769 -206.531 23.319 43.339 -198.062 fcn-rockwall-bttm
3352 1 1 1395 0 -1 0 29.910 31.786 -316.240 25.992 24.991 -318.365 35.390 38.664 -311.534 fcn-rockwall-bttm
3353 1 1 1396 0 -1 0 112.791 32.898 -389.522 109.048 26.253 -391.741 118.119 39.859 -384.150 fcn-rockwall-bttm
3354 1 1 1397 0 -1 0 108.652 32.119 -386.606 104.531 25.436 -388.920 114.563 38.773 -381.659 fcn-rockwall-bttm
3355 1 1 1398 0 -1 0 106.715 31.965 -383.024 102.721 25.420 -385.359 112.456 38.647 -379.310 fcn-rockwall-bttm
3356 1 1 1399 0 -1 0 140.166 32.832 -416.146 136.325 26.119 -418.224 145.528 39.797 -411.440 fcn-rockwall-bttm
3357 1 1 1402 0 -1 0 117.005 33.498 -451.092 109.926 25.129 -455.316 121.757 42.231 -448.582 fcn-rockwall-bttm
3358 1 1 1405 0 -1 0 85.617 36.490 -425.574 81.895 29.854 -431.417 88.160 43.639 -422.818 fcn-rockwall-bttm
3359 1 1 1406 0 -1 0 79.835 32.316 -405.471 74.674 25.488 -410.450 83.567 39.303 -403.281 fcn-rockwall-bttm
3360 1 1 1407 0 -1 0 54.964 32.662 -384.007 50.186 24.975 -390.351 58.486 40.678 -381.293 fcn-rockwall-bttm
3361 1 1 1408 0 -1 0 5.702 32.980 -334.916 -0.449 25.285 -342.582 9.790 40.982 -331.294 fcn-rockwall-bttm
3362 1 1 1409 0 -1 0 15.589 31.620 -345.080 10.622 24.844 -350.823 19.110 38.633 -342.603 fcn-rockwall-bttm
3363 1 1 1410 0 -1 0 163.094 33.223 -475.925 158.078 25.096 -479.760 171.204 41.700 -472.689 fcn-rockwall-bttm
3364 1 1 1411 0 -1 0 164.328 32.762 -487.988 160.387 25.446 -491.715 171.796 40.307 -485.524 fcn-rockwall-bttm
3365 1 1 1412 0 -1 0 150.030 32.485 -540.796 147.246 26.938 -543.854 155.352 38.466 -538.571 fcn-rockwall-bttm
3366 1 1 1413 0 -1 0 152.570 32.352 -535.868 149.946 26.595 -539.825 158.112 38.296 -533.166 fcn-rockwall-bttm
3367 1 1 1414 0 -1 0 156.202 29.357 -603.810 152.746 19.863 -608.687 163.786 40.782 -599.774 fcn-rockwall-bttm
3368 1 1 1415 0 -1 0 153.103 32.539 -618.771 149.446 26.093 -621.102 158.288 39.082 -613.584 fcn-rockwall-bttm
3369 1 1 1416 0 -1 0 181.126 32.908 -709.660 175.532 26.566 -715.061 184.948 39.684 -707.391 fcn-rockwall-bttm
3370 1 1 1417 0 -1 0 221.072 31.799 -726.697 216.723 24.668 -729.937 228.988 38.819 -724.482 fcn-rockwall-bttm
3371 1 1 1418 0 -1 0 186.332 31.909 -753.708 179.597 25.363 -755.714 190.164 38.562 -750.870 fcn-rockwall-bttm
3372 1 1 1419 0 -1 0 220.485 33.029 -757.719 215.544 24.878 -761.087 228.447 41.409 -754.448 fcn-rockwall-bttm
3373 1 1 1420 0 -1 0 217.508 31.726 -753.972 212.984 24.845 -757.295 225.361 38.596 -751.430 fcn-rockwall-bttm
3374 1 1 1421 0 -1 0 126.252 33.159 -494.966 120.486 25.268 -498.526 130.042 41.816 -491.279 fcn-rockwall-bttm
3375 1 1 1423 0 -1 0 223.719 31.694 -795.422 220.012 24.987 -798.677 230.788 38.337 -793.245 fcn-rockwall-bttm
3376 1 1 1424 0 -1 0 193.957 16.170 -806.134 191.054 11.880 -809.039 195.773 21.710 -803.253 fcn-rockwall-bttm
3377 1 1 1425 0 -1 0 190.357 16.345 -798.109 187.169 12.035 -801.927 192.528 21.911 -795.016 fcn-rockwall-bttm
3378 1 1 1426 0 -1 0 183.236 16.431 -798.154 179.905 11.972 -800.378 185.694 22.190 -794.961 fcn-rockwall-bttm
3379 1 1 1427 0 -1 0 179.465 32.152 -805.126 174.263 26.977 -807.219 182.186 37.533 -802.141 fcn-rockwall-bttm
3380 1 1 1428 0 -1 0 183.857 16.431 -790.799 180.510 11.972 -793.211 186.333 22.190 -787.342 fcn-rockwall-bttm
3381 1 1 1429 0 -1 0 210.455 32.324 -839.764 206.264 24.786 -844.529 218.493 40.207 -836.543 fcn-rockwall-bttm
3382 1 1 1430 0 -1 0 167.184 30.965 -847.283 161.950 24.984 -849.864 169.625 36.974 -843.866 fcn-rockwall-bttm
3383 1 1 1431 0 -1 0 189.734 32.497 -908.473 186.834 24.311 -916.305 192.577 41.007 -903.725 fcn-rockwall-bttm
3384 1 1 1432 0 -1 0 171.398 32.758 -911.920 167.265 25.060 -918.430 175.905 41.161 -907.183 fcn-rockwall-bttm
3385 1 1 1433 0 -1 0 181.931 31.591 -907.822 178.339 25.250 -914.083 184.981 38.120 -903.898 fcn-rockwall-bttm
3386 1 1 1434 0 -1 0 131.174 32.368 -880.559 127.389 26.938 -884.279 132.967 37.904 -875.115 fcn-rockwall-bttm
3387 1 1 1435 0 -1 0 132.733 32.265 -880.663 127.025 25.286 -884.447 135.185 39.464 -875.327 fcn-rockwall-bttm
3388 1 1 1439 0 -1 0 109.760 32.602 -933.732 106.501 25.043 -941.196 113.207 40.266 -928.960 fcn-rockwall-bttm
3389 1 1 1440 0 -1 0 93.930 32.383 -940.374 90.763 24.257 -948.078 97.486 40.706 -935.502 fcn-rockwall-bttm
3390 1 1 1441 0 -1 0 99.635 33.051 -936.785 96.639 24.235 -944.595 104.913 42.521 -931.354 fcn-rockwall-bttm
3391 1 1 1442 0 -1 0 47.888 32.604 -934.719 44.135 25.030 -942.790 50.671 40.285 -930.347 fcn-rockwall-bttm
3392 1 1 1444 0 -1 0 -15.460 34.079 -952.377 -18.372 24.457 -958.109 -8.748 44.445 -948.115 fcn-rockwall-bttm
3393 1 1 1445 0 -1 0 -29.878 30.496 -1107.137 -33.799 24.439 -1109.091 -24.216 36.298 -1103.354 fcn-rockwall-bttm
3394 1 1 1446 0 -1 0 -26.636 32.510 -1113.676 -30.486 26.053 -1116.612 -20.818 39.223 -1107.286 fcn-rockwall-bttm
3395 1 1 1448 0 -1 0 -59.275 33.031 -1030.973 -62.714 24.933 -1033.401 -52.652 41.986 -1029.133 fcn-rockwall-bttm
3396 1 1 1452 0 -1 0 -68.584 15.188 -1038.024 -72.558 7.221 -1040.271 -61.330 23.507 -1035.980 fcn-rockwall-bttm
3397 1 1 1454 0 -1 0 295.249 31.728 -1297.861 290.890 24.215 -1302.078 301.998 39.175 -1289.273 fcn-rockwall-bttm
3398 1 1 1455 0 -1 0 234.189 32.198 -1310.772 228.781 24.490 -1318.620 237.817 40.024 -1306.909 fcn-rockwall-bttm
3399 1 1 1456 0 -1 0 278.438 32.198 -1330.639 273.030 24.490 -1338.488 282.066 40.024 -1326.777 fcn-rockwall-bttm
3400 1 1 1457 0 -1 0 338.756 32.384 -1377.448 333.360 25.728 -1380.020 346.963 39.013 -1373.368 fcn-rockwall-bttm
3401 1 1 1458 0 -1 0 337.547 31.952 -1369.743 332.436 25.594 -1373.320 346.148 38.107 -1366.507 fcn-rockwall-bttm
3402 1 1 1459 0 -1 0 302.670 31.576 -1403.660 299.594 26.189 -1406.837 305.096 37.879 -1400.851 fcn-rockwall-bttm
3403 1 1 1460 0 -1 0 299.115 38.153 -1406.379 295.372 32.632 -1410.388 302.053 44.399 -1402.675 fcn-rockwall-bttm
3404 1 1 1461 0 -1 0 171.698 32.702 -1150.626 167.475 23.697 -1154.143 177.971 42.382 -1143.159 fcn-rockwall-bttm
3405 1 1 1462 0 -1 0 170.699 32.938 -1147.777 166.060 23.559 -1151.336 177.677 43.167 -1140.123 fcn-rockwall-bttm
3406 1 1 1463 0 -1 0 71.903 30.385 -1134.905 69.528 23.354 -1138.662 75.241 37.164 -1127.564 fcn-rockwall-bttm
3407 1 1 1464 0 -1 0 94.470 31.042 -1134.635 91.082 24.033 -1138.465 99.691 37.924 -1126.971 fcn-rockwall-bttm
3408 1 1 1465 0 -1 0 104.328 30.278 -1136.525 101.761 23.337 -1140.350 107.931 36.837 -1129.066 fcn-rockwall-bttm
3409 1 1 1467 0 -1 0 165.041 32.869 -1190.818 160.694 25.952 -1196.821 168.050 40.270 -1188.051 fcn-rockwall-bttm
3410 1 1 1468 0 -1 0 186.756 33.619 -1203.957 180.747 26.335 -1210.699 190.619 41.497 -1200.711 fcn-rockwall-bttm
3411 1 1 1469 0 -1 0 209.221 32.328 -1254.456 202.664 24.628 -1259.205 213.840 40.334 -1252.171 fcn-rockwall-bttm
3412 1 1 1479 0 -1 0 -38.651 32.130 -1152.656 -44.936 22.650 -1159.384 -34.102 41.588 -1149.485 fcn-rockwall-bttm
3413 1 19 3440 0 -1 0 141.415 26.433 -575.194 136.691 22.299 -580.413 145.343 30.009 -570.483 fcn-precursor-metal-plain-01
3414 1 19 3443 0 -1 0 135.228 25.037 -578.703 131.026 21.496 -584.226 139.146 28.977 -573.610 fcn-precursor-metal-plain-01
3415 1 19 3446 0 -1 0 2.526 30.013 -913.686 -1.544 26.098 -919.157 6.565 33.558 -908.608 fcn-precursor-metal-plain-01
3416 1 19 3449 0 -1 0 -14.540 31.834 -948.697 -18.649 28.134 -953.753 -10.630 35.393 -943.267 fcn-precursor-metal-plain-01
3417 1 19 3452 0 -1 0 -47.883 21.565 -983.807 -51.954 16.220 -988.366 -43.845 26.437 -979.867 fcn-precursor-metal-plain-01
3418 1 19 3455 0 -1 0 -77.949 24.147 -1038.863 -83.031 20.294 -1042.738 -72.394 27.690 -1034.471 fcn-precursor-metal-plain-01
3419 1 19 3458 0 -1 0 289.579 26.399 -1335.660 285.853 21.124 -1339.810 293.502 31.188 -1330.922 fcn-precursor-metal-plain-01
3420 1 4 1894 0 -1 0 -35.993 91.472 -540.081 -42.392 75.710 -548.797 -32.733 104.367 -534.882 bch-beachrock
3421 1 4 1897 0 -1 0 -32.556 108.607 -576.969 -42.839 93.490 -581.992 -25.732 121.604 -573.740 bch-beachrock
3422 1 4 1900 0 -1 0 -48.731 87.064 -611.533 -55.746 72.770 -618.926 -42.921 99.447 -600.054 bch-beachrock
3423 1 4 1903 0 -1 0 -75.855 105.031 -490.507 -83.713 90.253 -498.140 -70.798 118.500 -486.660 bch-beachrock
3424 1 4 1906 0 -1 0 -65.702 109.359 -599.154 -72.046 95.103 -605.468 -59.889 122.430 -588.852 bch-beachrock
3425 1 4 1912 0 -1 0 -105.014 102.220 -579.711 -108.284 86.969 -588.230 -98.046 113.632 -567.213 bch-beachrock
3426 1 16 3485 0 -1 0 105.737 59.898 -456.417 105.530 59.369 -457.833 105.952 61.096 -455.158 fcn-tree
3427 1 16 3497 0 -1 0 110.369 56.205 -494.329 108.719 55.645 -494.683 111.575 56.811 -493.712 fcn-tree
3428 1 16 3563 0 -1 0 30.820 50.548 -904.731 29.986 49.642 -906.388 31.679 53.041 -903.700 fcn-tree
3429 1 16 3564 0 -1 0 31.998 54.121 -906.275 30.843 51.914 -907.006 32.538 57.091 -905.780 fcn-tree
3430 1 16 3587 0 -1 0 13.780 53.608 -1179.436 10.159 52.400 -1180.561 16.825 56.698 -1177.789 fcn-tree
3431 1 16 3593 0 -1 0 -92.122 53.897 -991.279 -93.350 52.531 -995.307 -91.351 55.605 -988.627 fcn-tree
3432 1 4 1917 0 -1 0 -32.745 88.716 -555.007 -37.974 77.538 -559.443 -30.033 100.865 -549.874 bch-beachrock
3433 1 4 1919 0 -1 0 -33.486 105.667 -561.754 -40.831 93.267 -565.809 -27.377 116.686 -559.250 bch-beachrock
3434 1 4 1921 0 -1 0 -34.689 86.023 -604.997 -40.473 73.706 -612.609 -31.566 96.147 -597.181 bch-beachrock
3435 1 4 1923 0 -1 0 -68.021 102.889 -503.736 -73.937 91.986 -507.789 -64.469 115.918 -500.159 bch-beachrock
3436 1 4 1925 0 -1 0 -51.056 109.484 -594.012 -56.397 96.647 -600.440 -48.031 120.004 -587.058 bch-beachrock
3437 1 4 1929 0 -1 0 -113.728 97.153 -567.907 -116.576 86.608 -575.718 -108.227 108.188 -560.089 bch-beachrock
3438 1 1 515 0 -1 0 145.800 25.666 -609.470 138.915 22.396 -614.702 151.739 28.380 -604.864 fcn-rockwall-bttm
3439 1 2 1802 0 -1 0 137.864 16.416 -608.697 136.124 13.051 -609.578 139.958 19.176 -608.083 fcn-rockwall-cliffside
3440 1 2 1811 0 -1 0 -64.150 16.416 -1037.753 -66.142 13.051 -1038.486 -62.491 19.176 -1036.856 fcn-rockwall-cliffside
3441 1 2 1812 0 -1 0 -84.599 16.416 -1034.585 -86.987 13.051 -1035.358 -82.611 19.176 -1033.639 fcn-rockwall-cliffside
3442 1 2 1813 0 -1 0 -85.144 16.416 -1065.368 -86.639 13.051 -1066.214 -83.345 19.176 -1064.750 fcn-rockwall-cliffside
3443 1 2 1815 0 -1 0 -99.114 16.175 -1066.122 -100.160 12.809 -1066.969 -97.856 18.934 -1065.504 fcn-rockwall-cliffside
3444 1 2 1824 0 -1 0 294.706 16.416 -1330.926 292.961 13.051 -1331.973 296.148 19.176 -1329.654 fcn-rockwall-cliffside
3445 1 4 1833 0 -1 0 -40.937 45.947 -297.101 -47.563 31.559 -300.016 -37.201 56.470 -294.885 bch-beachrock
3446 1 4 1838 0 -1 0 -30.785 57.095 -436.006 -39.297 43.477 -440.017 -27.010 69.030 -432.263 bch-beachrock
3447 1 4 1843 0 -1 0 -43.479 58.181 -422.270 -47.831 43.837 -428.988 -38.616 68.558 -418.419 bch-beachrock
3448 1 16 3635 0 -1 0 173.977 38.422 -912.672 173.133 36.957 -914.618 174.745 39.265 -911.778 fcn-tree
3449 1 16 3643 0 -1 0 -40.679 30.303 -1063.011 -41.922 27.231 -1063.929 -37.894 31.947 -1061.735 fcn-tree
3450 1 2 1576 0 -1 0 -93.174 21.291 -1066.881 -96.325 12.809 -1070.291 -89.898 28.544 -1065.716 fcn-rockwall-cliffside
3451 1 2 1588 0 -1 0 -67.208 21.533 -1084.711 -72.653 13.051 -1087.117 -62.487 28.786 -1080.459 fcn-rockwall-cliffside
3452 1 2 1484 0 -1 0 138.951 20.934 -567.640 137.417 13.051 -569.080 141.876 27.239 -565.361 fcn-rockwall-cliffside
3453 1 2 1502 0 -1 0 132.532 20.934 -609.210 129.032 13.051 -611.544 134.377 27.239 -607.785 fcn-rockwall-cliffside
3454 1 2 1514 0 -1 0 205.310 20.801 -796.777 203.849 12.918 -799.059 207.524 27.105 -795.600 fcn-rockwall-cliffside
3455 1 2 1550 0 -1 0 -78.885 20.934 -1034.023 -80.613 13.051 -1035.591 -75.099 27.239 -1031.613 fcn-rockwall-cliffside
3456 1 2 1592 0 -1 0 -61.630 20.934 -1120.634 -64.352 13.051 -1123.790 -59.426 27.239 -1119.522 fcn-rockwall-cliffside
3457 1 2 1610 0 -1 0 305.107 20.934 -1319.811 302.550 13.051 -1320.945 307.381 27.239 -1316.236 fcn-rockwall-cliffside
3458 1 2 1622 0 -1 0 293.837 20.934 -1329.577 291.286 13.051 -1330.708 296.121 27.239 -1326.007 fcn-rockwall-cliffside
3459 1 2 1530 0 -1 0 -37.747 16.870 -1108.460 -40.203 13.067 -1110.632 -34.640 20.176 -1107.098 fcn-rockwall-cliffside
3460 1 2 1542 0 -1 0 -56.075 16.870 -1116.575 -58.530 13.067 -1118.746 -52.967 20.176 -1115.213 fcn-rockwall-cliffside
3461 1 2 1560 0 -1 0 -81.927 16.870 -1065.572 -84.925 13.067 -1067.037 -79.108 20.176 -1064.534 fcn-rockwall-cliffside
3462 1 2 1566 0 -1 0 -66.253 16.870 -1065.329 -69.251 13.067 -1066.794 -63.434 20.177 -1064.290 fcn-rockwall-cliffside
3463 1 2 1590 0 -1 0 -71.405 16.870 -1122.517 -73.860 13.067 -1124.689 -68.297 20.176 -1121.155 fcn-rockwall-cliffside
3464 1 2 1783 0 -1 0 -89.013 23.050 -1033.224 -92.506 13.051 -1035.343 -84.527 29.505 -1029.465 fcn-rockwall-cliffside
3465 1 2 1788 0 -1 0 -61.697 23.050 -1082.294 -66.017 13.051 -1084.758 -58.180 29.505 -1077.921 fcn-rockwall-cliffside
3466 1 2 1790 0 -1 0 -78.767 23.050 -1089.949 -83.087 13.051 -1092.413 -75.250 29.505 -1085.577 fcn-rockwall-cliffside
3467 1 2 1791 0 -1 0 -97.012 23.050 -1087.422 -99.651 13.051 -1090.952 -92.424 29.505 -1082.900 fcn-rockwall-cliffside
3468 1 0 1063 0 -1 0 -22.492 47.883 -1056.952 -31.454 30.091 -1063.058 -14.530 58.571 -1051.460 fcn-rockwall
3469 1 0 1228 0 -1 0 28.813 52.145 -277.350 20.996 38.206 -282.200 35.074 63.331 -272.623 fcn-rockwall
3470 1 0 1230 0 -1 0 39.994 52.479 -311.127 32.511 38.330 -316.823 46.393 63.833 -305.945 fcn-rockwall
3471 1 0 1233 0 -1 0 113.808 46.120 -370.666 105.986 35.917 -375.168 120.022 54.307 -366.313 fcn-rockwall
3472 1 0 1234 0 -1 0 136.932 46.439 -398.257 130.512 36.044 -405.079 143.008 54.780 -392.712 fcn-rockwall
3473 1 0 1254 0 -1 0 106.134 29.197 -591.458 99.225 15.792 -595.118 115.124 39.953 -587.192 fcn-rockwall
3474 1 0 1257 0 -1 0 165.273 46.044 -826.797 159.012 35.900 -829.759 173.406 54.203 -823.430 fcn-rockwall
3475 1 0 1258 0 -1 0 167.910 46.073 -813.721 161.833 35.870 -817.925 175.959 54.249 -808.485 fcn-rockwall
3476 1 0 1260 0 -1 0 152.638 46.113 -847.094 147.104 35.878 -853.367 159.537 54.302 -841.136 fcn-rockwall
3477 1 0 1261 0 -1 0 163.011 46.066 -836.799 156.780 35.895 -839.807 171.155 54.234 -833.008 fcn-rockwall
3478 1 0 1304 0 -1 0 285.704 50.562 -1281.324 280.323 37.801 -1288.889 291.435 60.803 -1275.510 fcn-rockwall
3479 1 0 1305 0 -1 0 297.752 50.119 -1286.478 293.989 37.634 -1294.508 302.691 60.137 -1280.372 fcn-rockwall
3480 1 0 1323 0 -1 0 115.719 28.993 -1170.146 111.037 18.790 -1176.344 119.471 37.180 -1162.040 fcn-rockwall
3481 1 16 2399 0 -1 0 -113.415 35.015 -1074.506 -115.182 32.187 -1075.033 -112.405 38.145 -1073.812 fcn-tree
3482 1 4 1848 0 -1 0 -25.868 91.786 -567.168 -32.502 74.786 -571.536 -22.157 104.469 -563.302 bch-beachrock
3483 1 4 1853 0 -1 0 -30.465 92.228 -588.810 -39.463 74.932 -594.119 -23.391 104.404 -581.658 bch-beachrock
3484 1 4 1858 0 -1 0 -51.343 113.467 -533.642 -57.551 99.635 -541.691 -48.088 129.813 -528.664 bch-beachrock
3485 1 4 1863 0 -1 0 -42.210 107.917 -590.310 -50.627 90.624 -595.679 -35.514 120.229 -582.728 bch-beachrock
3486 1 4 1868 0 -1 0 -118.824 107.608 -551.077 -121.029 93.850 -556.893 -113.704 118.075 -544.460 bch-beachrock
3487 1 4 1873 0 -1 0 -61.712 105.208 -511.743 -68.636 92.151 -518.633 -57.119 121.849 -507.824 bch-beachrock
3488 1 4 1878 0 -1 0 -99.738 114.652 -567.923 -103.419 100.942 -572.756 -92.726 125.481 -561.010 bch-beachrock
3489 1 4 1883 0 -1 0 -84.809 115.674 -585.343 -89.446 101.169 -593.018 -78.256 125.523 -576.152 bch-beachrock
3490 1 16 2991 0 -1 0 -115.561 35.693 -1064.776 -115.809 34.573 -1066.023 -115.181 37.100 -1063.811 fcn-tree
3491 1 0 1034 0 -1 0 129.595 44.549 -660.489 123.160 26.381 -669.913 139.887 55.774 -651.697 fcn-rockwall
3492 1 0 1038 0 -1 0 103.951 43.669 -560.880 95.704 29.751 -569.284 112.188 52.267 -555.937 fcn-rockwall
3493 1 0 1050 0 -1 0 -32.543 45.739 -996.454 -41.430 30.086 -1000.907 -24.360 55.410 -988.918 fcn-rockwall
3494 1 0 1066 0 -1 0 -18.912 43.990 -1106.628 -28.206 30.073 -1111.162 -12.030 52.589 -1100.557 fcn-rockwall
3495 1 0 1070 0 -1 0 -45.155 43.990 -1015.254 -53.700 30.073 -1020.228 -36.810 52.589 -1006.891 fcn-rockwall
3496 1 0 1074 0 -1 0 -38.532 43.182 -1051.107 -47.041 27.949 -1056.216 -33.103 52.743 -1044.673 fcn-rockwall
3497 1 0 1082 0 -1 0 -123.004 43.886 -1043.466 -130.456 30.064 -1049.033 -113.710 52.425 -1040.085 fcn-rockwall
3498 1 0 1086 0 -1 0 -128.687 43.447 -1063.827 -135.571 30.073 -1069.644 -119.318 51.709 -1059.595 fcn-rockwall
3499 1 0 1122 0 -1 0 348.072 45.654 -1421.093 338.741 29.535 -1424.673 355.529 55.613 -1415.241 fcn-rockwall
3500 1 0 263 0 -1 0 17.059 46.195 -200.336 10.073 34.167 -206.714 22.225 53.761 -194.658 fcn-rockwall
3501 1 0 267 0 -1 0 -37.061 46.195 -210.169 -43.089 34.167 -214.476 -29.583 53.761 -207.100 fcn-rockwall
3502 1 0 269 0 -1 0 -47.308 46.195 -198.562 -52.243 34.167 -204.292 -40.502 53.761 -191.865 fcn-rockwall
3503 1 0 271 0 -1 0 33.305 52.248 -287.272 26.093 35.815 -292.353 38.938 62.584 -282.032 fcn-rockwall
3504 1 0 273 0 -1 0 23.945 51.067 -269.369 16.524 35.491 -274.712 29.747 60.864 -263.200 fcn-rockwall
3505 1 0 275 0 -1 0 45.795 52.583 -320.347 38.636 35.904 -326.136 51.237 63.075 -314.839 fcn-rockwall
3506 1 0 277 0 -1 0 -36.257 46.195 -265.468 -41.961 34.167 -271.105 -28.929 53.761 -260.212 fcn-rockwall
3507 1 0 279 0 -1 0 -25.076 50.840 -306.814 -30.780 35.426 -312.451 -17.749 60.536 -301.557 fcn-rockwall
3508 1 0 281 0 -1 0 117.678 46.195 -379.653 110.569 34.167 -384.352 123.293 53.761 -374.848 fcn-rockwall
3509 1 0 283 0 -1 0 144.083 46.515 -404.935 137.573 34.261 -411.552 148.826 54.223 -399.427 fcn-rockwall
3510 1 0 285 0 -1 0 167.964 47.563 -451.768 160.472 34.546 -457.357 173.770 55.752 -445.412 fcn-rockwall
3511 1 0 289 0 -1 0 86.119 47.062 -356.460 80.122 34.400 -361.490 90.623 55.027 -351.637 fcn-rockwall
3512 1 0 291 0 -1 0 70.705 46.195 -408.116 65.006 34.167 -414.778 78.335 53.761 -401.731 fcn-rockwall
3513 1 0 293 0 -1 0 76.778 49.182 -341.951 70.070 34.978 -348.760 81.602 58.116 -336.222 fcn-rockwall
3514 1 0 295 0 -1 0 -17.752 48.424 -326.909 -23.178 34.769 -333.169 -10.372 57.013 -320.356 fcn-rockwall
3515 1 0 297 0 -1 0 171.854 51.060 -530.499 164.528 35.488 -533.989 177.725 60.855 -525.554 fcn-rockwall
3516 1 0 299 0 -1 0 173.197 48.477 -504.418 165.871 34.787 -507.907 179.069 57.088 -499.472 fcn-rockwall
3517 1 0 301 0 -1 0 155.263 25.249 -586.478 149.237 13.237 -591.395 160.424 33.019 -581.230 fcn-rockwall
3518 1 0 303 0 -1 0 147.231 26.189 -605.765 140.663 12.581 -609.581 152.990 34.904 -600.117 fcn-rockwall
3519 1 0 305 0 -1 0 218.033 51.001 -679.556 210.605 35.708 -685.177 223.748 60.621 -673.548 fcn-rockwall
3520 1 0 307 0 -1 0 233.924 49.209 -726.104 226.359 34.987 -732.039 239.695 58.154 -719.620 fcn-rockwall
3521 1 0 309 0 -1 0 175.446 47.840 -732.373 169.839 34.614 -736.224 182.490 56.160 -729.493 fcn-rockwall
3522 1 0 311 0 -1 0 175.081 48.951 -751.961 169.209 34.923 -756.849 182.407 57.774 -748.517 fcn-rockwall
3523 1 0 315 0 -1 0 106.730 23.708 -592.473 101.659 12.452 -597.813 113.442 30.788 -586.981 fcn-rockwall
3524 1 0 317 0 -1 0 113.124 25.955 -567.783 107.634 12.473 -572.539 119.848 34.435 -564.828 fcn-rockwall
3525 1 0 321 0 -1 0 117.289 50.602 -645.921 111.681 35.367 -651.487 124.569 60.184 -640.433 fcn-rockwall
3526 1 0 323 0 -1 0 104.765 29.295 -580.649 98.416 13.493 -584.993 112.456 39.234 -577.196 fcn-rockwall
3527 1 0 327 0 -1 0 175.018 44.988 -775.433 169.249 30.035 -781.354 182.140 54.393 -771.135 fcn-rockwall
3528 1 0 329 0 -1 0 163.806 46.206 -818.605 158.066 34.240 -822.157 170.796 53.726 -815.537 fcn-rockwall
3529 1 0 331 0 -1 0 171.731 46.310 -804.500 165.620 34.335 -809.501 179.264 53.855 -801.228 fcn-rockwall
3530 1 0 335 0 -1 0 159.103 46.350 -840.148 153.572 34.357 -846.469 165.795 53.914 -835.503 fcn-rockwall
3531 1 0 339 0 -1 0 225.726 50.389 -880.991 218.711 35.430 -885.815 231.468 59.798 -874.841 fcn-rockwall
3532 1 0 341 0 -1 0 201.368 49.026 -915.917 194.507 34.945 -921.772 207.610 57.883 -908.079 fcn-rockwall
3533 1 0 343 0 -1 0 218.342 46.356 -904.497 210.429 34.328 -908.440 224.828 53.922 -898.456 fcn-rockwall
3534 1 0 345 0 -1 0 176.997 52.816 -923.621 171.558 36.080 -929.461 183.583 63.342 -916.238 fcn-rockwall
3535 1 0 349 0 -1 0 132.673 50.827 -933.657 127.318 35.857 -938.720 138.240 60.322 -927.260 fcn-rockwall
3536 1 0 351 0 -1 0 22.485 52.238 -901.319 18.575 36.476 -907.042 25.907 62.387 -896.280 fcn-rockwall
3537 1 0 353 0 -1 0 1.924 49.061 -898.788 -4.215 35.661 -904.822 7.543 57.700 -893.804 fcn-rockwall
3538 1 0 355 0 -1 0 -55.992 47.655 -916.446 -62.889 34.675 -923.074 -47.369 55.755 -912.114 fcn-rockwall
3539 1 0 357 0 -1 0 -41.589 50.726 -910.024 -47.290 36.645 -915.561 -34.805 59.826 -905.510 fcn-rockwall
3540 1 0 359 0 -1 0 89.202 46.517 -952.941 84.220 34.489 -958.669 94.695 54.083 -945.655 fcn-rockwall
3541 1 0 363 0 -1 0 68.158 46.517 -955.335 64.495 34.489 -961.015 72.852 54.083 -948.460 fcn-rockwall
3542 1 0 365 0 -1 0 3.864 49.958 -952.005 -0.538 35.425 -957.750 9.354 59.099 -944.960 fcn-rockwall
3543 1 0 367 0 -1 0 -22.198 49.377 -975.839 -29.774 35.273 -979.723 -15.963 58.248 -969.873 fcn-rockwall
3544 1 0 371 0 -1 0 -45.117 26.758 -990.324 -52.857 14.011 -993.896 -38.775 34.776 -984.572 fcn-rockwall
3545 1 0 373 0 -1 0 -37.596 27.850 -1088.547 -45.051 14.360 -1092.039 -31.674 36.277 -1083.476 fcn-rockwall
3546 1 0 375 0 -1 0 -32.298 26.252 -1105.972 -39.502 14.224 -1110.511 -26.547 33.818 -1100.681 fcn-rockwall
3547 1 0 379 0 -1 0 -55.650 29.887 -1010.661 -63.973 14.805 -1014.971 -48.947 39.306 -1003.960 fcn-rockwall
3548 1 0 381 0 -1 0 -33.537 28.629 -1070.854 -43.103 13.434 -1077.604 -26.472 38.162 -1063.744 fcn-rockwall
3549 1 0 383 0 -1 0 -62.634 46.271 -929.734 -69.270 34.530 -936.124 -54.353 53.593 -925.557 fcn-rockwall
3550 1 0 385 0 -1 0 -73.015 48.040 -947.492 -79.460 34.924 -954.585 -65.033 56.254 -942.564 fcn-rockwall
3551 1 0 387 0 -1 0 -86.885 48.656 -964.117 -93.612 34.888 -970.252 -78.420 57.245 -960.210 fcn-rockwall
3552 1 0 389 0 -1 0 -95.587 47.840 -981.578 -102.293 34.665 -987.702 -87.158 56.056 -977.677 fcn-rockwall
3553 1 0 391 0 -1 0 -105.053 45.912 -1001.982 -111.720 33.994 -1007.479 -96.618 53.316 -998.363 fcn-rockwall
3554 1 0 393 0 -1 0 -51.575 25.901 -1055.695 -59.503 13.911 -1062.386 -46.030 33.278 -1049.685 fcn-rockwall
3555 1 0 395 0 -1 0 -102.224 28.446 -1032.881 -108.435 13.763 -1039.039 -94.700 37.681 -1028.804 fcn-rockwall
3556 1 0 397 0 -1 0 -109.229 28.104 -1048.642 -116.015 13.762 -1053.604 -100.843 37.136 -1045.416 fcn-rockwall
3557 1 0 401 0 -1 0 -114.325 29.961 -1068.575 -120.738 16.147 -1074.376 -106.365 38.649 -1063.724 fcn-rockwall
3558 1 0 403 0 -1 0 -95.535 28.183 -1104.278 -100.895 14.478 -1110.253 -88.296 36.803 -1097.893 fcn-rockwall
3559 1 0 405 0 -1 0 -108.633 30.238 -1086.046 -114.644 15.045 -1093.022 -100.441 39.795 -1078.736 fcn-rockwall
3560 1 0 407 0 -1 0 233.292 51.796 -1175.132 226.332 35.711 -1183.451 237.943 61.911 -1168.254 fcn-rockwall
3561 1 0 409 0 -1 0 245.670 51.811 -1190.823 237.807 35.729 -1197.741 251.529 61.923 -1184.556 fcn-rockwall
3562 1 0 411 0 -1 0 251.502 49.585 -1211.170 243.425 35.031 -1217.775 257.723 58.749 -1203.319 fcn-rockwall
3563 1 0 413 0 -1 0 248.445 48.287 -1231.992 241.007 34.685 -1235.004 254.432 56.843 -1227.841 fcn-rockwall
3564 1 0 415 0 -1 0 281.829 50.086 -1277.089 274.405 35.459 -1282.840 287.506 59.287 -1271.078 fcn-rockwall
3565 1 0 417 0 -1 0 272.274 48.339 -1258.278 266.316 34.987 -1265.856 276.149 56.738 -1252.043 fcn-rockwall
3566 1 0 419 0 -1 0 255.732 46.979 -1249.450 248.397 34.322 -1255.003 261.373 54.940 -1243.726 fcn-rockwall
3567 1 0 421 0 -1 0 321.326 48.198 -1301.082 314.855 34.951 -1308.129 325.885 56.530 -1295.227 fcn-rockwall
3568 1 0 423 0 -1 0 294.058 50.656 -1286.521 288.200 35.612 -1293.698 298.113 60.119 -1280.617 fcn-rockwall
3569 1 0 425 0 -1 0 307.088 50.210 -1289.473 302.413 35.492 -1296.908 310.029 59.468 -1283.440 fcn-rockwall
3570 1 0 427 0 -1 0 210.860 48.570 -1311.365 206.863 34.686 -1317.899 217.299 57.303 -1303.452 fcn-rockwall
3571 1 0 429 0 -1 0 332.743 29.217 -1340.183 324.978 15.557 -1345.684 338.659 37.756 -1334.604 fcn-rockwall
3572 1 0 431 0 -1 0 334.903 27.039 -1359.684 327.875 15.011 -1363.675 340.633 34.604 -1354.813 fcn-rockwall
3573 1 0 433 0 -1 0 328.014 25.386 -1323.276 322.162 13.358 -1330.542 332.007 32.951 -1317.300 fcn-rockwall
3574 1 0 435 0 -1 0 299.727 29.973 -1349.247 294.463 17.777 -1354.451 306.227 37.725 -1344.633 fcn-rockwall
3575 1 0 437 0 -1 0 287.103 26.755 -1335.787 282.020 14.754 -1341.633 294.215 34.260 -1328.977 fcn-rockwall
3576 1 0 439 0 -1 0 235.462 48.886 -1322.396 231.465 34.765 -1328.931 241.901 57.769 -1314.483 fcn-rockwall
3577 1 0 441 0 -1 0 356.357 48.856 -1375.580 348.959 35.128 -1381.532 361.959 57.491 -1369.569 fcn-rockwall
3578 1 0 443 0 -1 0 353.323 46.517 -1398.130 345.807 34.489 -1401.473 359.384 54.083 -1393.564 fcn-rockwall
3579 1 0 445 0 -1 0 293.050 46.517 -1373.134 287.410 34.489 -1378.560 300.020 54.083 -1369.029 fcn-rockwall
3580 1 0 447 0 -1 0 299.965 45.528 -1407.193 295.523 32.016 -1413.306 304.957 54.247 -1402.566 fcn-rockwall
3581 1 0 449 0 -1 0 194.376 47.691 -1161.165 187.158 34.814 -1167.621 199.699 55.791 -1155.174 fcn-rockwall
3582 1 0 451 0 -1 0 176.360 49.543 -1140.694 172.436 35.310 -1148.045 179.296 58.496 -1134.794 fcn-rockwall
3583 1 0 453 0 -1 0 132.523 51.105 -1127.233 128.246 35.741 -1134.387 135.629 60.769 -1121.526 fcn-rockwall
3584 1 0 455 0 -1 0 111.385 48.580 -1126.474 106.615 35.054 -1134.057 114.747 57.087 -1120.340 fcn-rockwall
3585 1 0 457 0 -1 0 213.981 49.852 -1165.178 209.071 35.167 -1172.797 217.294 59.090 -1158.999 fcn-rockwall
3586 1 0 459 0 -1 0 83.057 45.460 -1181.545 79.409 34.199 -1187.221 87.740 52.544 -1174.670 fcn-rockwall
3587 1 0 461 0 -1 0 105.802 29.067 -1168.375 103.147 17.040 -1174.350 109.779 36.633 -1160.961 fcn-rockwall
3588 1 0 463 0 -1 0 136.677 49.542 -1187.634 132.973 34.953 -1194.049 142.617 58.718 -1179.816 fcn-rockwall
3589 1 0 465 0 -1 0 120.245 47.820 -1182.689 117.074 34.843 -1188.838 125.047 55.982 -1175.104 fcn-rockwall
3590 1 0 467 0 -1 0 158.054 50.396 -1197.790 153.595 35.178 -1204.134 164.755 59.967 -1190.163 fcn-rockwall
3591 1 0 471 0 -1 0 195.027 51.646 -1251.822 189.213 35.522 -1258.310 202.556 61.789 -1246.117 fcn-rockwall
3592 1 0 475 0 -1 0 21.557 46.517 -1125.282 17.613 34.489 -1132.614 24.477 54.083 -1119.402 fcn-rockwall
3593 1 0 477 0 -1 0 28.888 47.180 -1186.524 25.240 34.677 -1192.200 33.571 55.045 -1179.649 fcn-rockwall
3594 1 0 479 0 -1 0 -7.733 49.214 -1175.318 -11.506 35.224 -1181.560 -1.880 58.013 -1167.720 fcn-rockwall
3595 1 0 481 0 -1 0 -26.519 46.517 -1165.953 -30.292 34.489 -1172.195 -20.665 54.083 -1158.354 fcn-rockwall
3596 1 0 483 0 -1 0 -46.340 48.194 -1158.669 -49.588 34.942 -1164.880 -41.164 56.530 -1151.043 fcn-rockwall
3597 1 0 485 0 -1 0 -82.442 51.118 -1136.470 -85.690 35.742 -1142.680 -77.266 60.790 -1128.844 fcn-rockwall
3598 1 16 2416 0 -1 0 16.345 47.373 -209.779 14.973 45.790 -210.481 17.761 49.745 -208.546 fcn-tree
3599 1 16 2419 0 -1 0 19.757 46.780 -211.207 18.872 44.679 -211.882 20.356 49.301 -210.298 fcn-tree
3600 1 16 2421 0 -1 0 10.744 39.107 -249.195 10.519 37.515 -250.174 10.993 41.055 -247.941 fcn-tree
3601 1 16 2422 0 -1 0 9.349 40.737 -247.597 8.866 39.105 -247.841 10.090 42.931 -247.270 fcn-tree
3602 1 16 2425 0 -1 0 8.993 39.592 -249.384 8.661 38.458 -249.934 9.376 41.276 -248.411 fcn-tree
3603 1 16 2427 0 -1 0 -31.476 48.472 -257.212 -32.630 45.337 -258.774 -30.459 52.333 -256.128 fcn-tree
3604 1 16 2428 0 -1 0 -29.201 50.504 -259.878 -30.916 47.713 -260.242 -28.098 54.585 -259.538 fcn-tree
3605 1 16 2431 0 -1 0 -32.302 47.659 -255.358 -32.747 45.882 -256.722 -31.722 50.202 -254.449 fcn-tree
3606 1 16 2433 0 -1 0 30.818 60.764 -285.439 28.750 57.822 -287.133 32.935 64.477 -283.401 fcn-tree
3607 1 16 2434 0 -1 0 28.385 63.074 -282.036 26.492 60.323 -282.378 30.802 67.234 -281.621 fcn-tree
3608 1 16 2437 0 -1 0 31.516 59.699 -287.726 30.439 57.994 -289.139 32.068 62.157 -285.752 fcn-tree
3609 1 16 2440 0 -1 0 28.012 45.488 -293.310 27.383 44.491 -294.135 28.335 46.924 -292.157 fcn-tree
3610 1 16 2442 0 -1 0 16.330 50.377 -258.229 15.495 47.251 -259.995 16.867 54.124 -256.659 fcn-tree
3611 1 16 2443 0 -1 0 16.382 53.427 -260.894 15.116 50.264 -261.187 16.974 57.483 -260.590 fcn-tree
3612 1 16 2446 0 -1 0 16.614 49.166 -256.438 15.870 47.867 -258.124 17.596 51.456 -255.160 fcn-tree
3613 1 16 2448 0 -1 0 31.651 39.683 -300.394 29.549 37.745 -301.152 33.777 42.120 -298.993 fcn-tree
3614 1 16 2449 0 -1 0 29.068 43.127 -300.331 28.601 40.629 -300.912 30.035 46.298 -299.330 fcn-tree
3615 1 16 2451 0 -1 0 36.076 42.000 -316.502 34.213 39.703 -317.162 37.648 44.837 -315.316 fcn-tree
3616 1 16 2452 0 -1 0 32.791 44.629 -317.424 32.355 42.179 -318.168 33.156 47.931 -316.177 fcn-tree
3617 1 16 2455 0 -1 0 56.584 49.059 -332.023 55.700 48.182 -332.649 57.586 50.616 -330.998 fcn-tree
3618 1 16 2458 0 -1 0 61.962 49.705 -333.445 60.301 48.135 -334.218 62.880 52.195 -332.565 fcn-tree
3619 1 16 2461 0 -1 0 74.989 45.386 -344.628 73.275 43.859 -345.289 76.044 47.875 -343.783 fcn-tree
3620 1 16 2464 0 -1 0 33.816 43.155 -319.078 32.983 41.117 -319.777 34.391 45.752 -318.144 fcn-tree
3621 1 16 2467 0 -1 0 -2.667 48.237 -339.400 -3.084 46.503 -339.849 -2.373 50.013 -338.108 fcn-tree
3622 1 16 2470 0 -1 0 119.031 47.580 -391.726 118.238 45.974 -392.752 119.481 50.105 -390.009 fcn-tree
3623 1 16 2473 0 -1 0 122.642 48.706 -387.673 121.721 46.907 -387.932 124.220 51.354 -387.345 fcn-tree
3624 1 16 2476 0 -1 0 132.368 42.553 -402.844 131.864 41.511 -403.489 132.643 44.176 -401.781 fcn-tree
3625 1 16 2479 0 -1 0 157.536 45.532 -430.882 156.388 43.774 -431.892 158.240 47.930 -429.914 fcn-tree
3626 1 16 2482 0 -1 0 144.070 48.331 -414.788 143.149 46.532 -415.047 145.648 50.979 -414.461 fcn-tree
3627 1 16 2485 0 -1 0 147.942 51.131 -416.711 147.181 49.010 -417.814 148.891 54.370 -414.724 fcn-tree
3628 1 16 2488 0 -1 0 173.389 50.696 -483.289 172.056 48.645 -484.482 174.022 53.832 -481.440 fcn-tree
3629 1 16 2491 0 -1 0 166.818 44.738 -479.097 166.439 42.794 -479.661 167.599 47.211 -478.014 fcn-tree
3630 1 16 2493 0 -1 0 115.246 48.411 -484.070 113.989 46.777 -484.818 116.192 50.397 -483.232 fcn-tree
3631 1 16 2494 0 -1 0 114.024 50.457 -485.407 113.542 48.646 -485.724 114.308 52.757 -484.870 fcn-tree
3632 1 16 2497 0 -1 0 109.183 50.313 -452.987 108.278 48.706 -453.505 109.764 52.439 -452.560 fcn-tree
3633 1 16 2500 0 -1 0 95.192 47.692 -433.939 94.471 46.320 -434.447 96.443 49.743 -433.401 fcn-tree
3634 1 16 2502 0 -1 0 112.340 44.137 -450.556 111.801 42.228 -450.757 113.280 46.420 -450.063 fcn-tree
3635 1 16 2503 0 -1 0 112.356 45.022 -447.971 111.974 43.437 -448.894 113.033 47.244 -447.171 fcn-tree
3636 1 16 2506 0 -1 0 107.471 54.159 -463.327 106.923 53.231 -464.161 108.330 55.678 -462.372 fcn-tree
3637 1 16 2509 0 -1 0 112.038 47.975 -481.460 111.089 46.925 -482.303 112.599 49.489 -480.821 fcn-tree
3638 1 16 2511 0 -1 0 111.576 48.024 -479.681 110.325 46.542 -480.248 112.877 49.848 -478.696 fcn-tree
3639 1 16 2512 0 -1 0 110.006 50.192 -479.320 109.745 48.442 -479.633 110.663 52.413 -478.742 fcn-tree
3640 1 16 2515 0 -1 0 90.664 46.734 -361.266 89.984 44.652 -361.979 91.216 49.394 -360.322 fcn-tree
3641 1 16 2518 0 -1 0 93.950 38.602 -371.768 92.439 36.851 -373.050 94.872 40.987 -371.001 fcn-tree
3642 1 16 2521 0 -1 0 75.334 45.117 -403.683 74.880 44.254 -405.295 75.895 46.795 -402.374 fcn-tree
3643 1 16 2524 0 -1 0 88.526 39.364 -419.709 88.016 37.670 -420.319 88.899 41.074 -418.341 fcn-tree
3644 1 16 2527 0 -1 0 89.606 46.342 -425.038 89.324 44.718 -425.961 89.904 48.520 -424.439 fcn-tree
3645 1 16 2530 0 -1 0 30.318 41.373 -365.171 29.264 39.926 -365.928 31.009 43.445 -364.769 fcn-tree
3646 1 16 2533 0 -1 0 45.187 54.890 -387.172 44.217 53.301 -387.500 45.663 56.958 -386.526 fcn-tree
3647 1 16 2536 0 -1 0 56.478 47.768 -392.290 55.798 46.094 -392.757 56.836 49.920 -391.711 fcn-tree
3648 1 16 2539 0 -1 0 43.414 54.075 -384.890 42.057 52.928 -385.747 44.406 55.992 -384.509 fcn-tree
3649 1 16 2542 0 -1 0 166.166 47.667 -492.634 164.607 46.395 -493.246 167.976 49.710 -492.095 fcn-tree
3650 1 16 2545 0 -1 0 170.393 50.199 -493.161 169.505 47.529 -494.257 171.021 53.510 -492.541 fcn-tree
3651 1 16 2548 0 -1 0 162.508 44.856 -525.850 160.383 44.308 -526.198 164.522 46.161 -525.269 fcn-tree
3652 1 16 2551 0 -1 0 152.775 44.944 -547.538 151.639 42.495 -548.665 153.509 48.016 -545.861 fcn-tree
3653 1 16 2554 0 -1 0 159.227 51.804 -537.334 158.338 49.130 -538.433 159.857 55.123 -536.713 fcn-tree
3654 1 16 2560 0 -1 0 154.660 55.802 -603.414 153.910 52.798 -604.135 155.430 59.559 -602.423 fcn-tree
3655 1 16 2562 0 -1 0 156.140 36.148 -586.302 153.909 34.073 -586.656 158.394 38.801 -585.895 fcn-tree
3656 1 16 2563 0 -1 0 156.459 37.691 -583.003 155.132 35.787 -584.530 158.011 40.690 -581.777 fcn-tree
3657 1 16 2566 0 -1 0 158.891 38.842 -589.863 158.038 36.313 -590.876 159.542 42.198 -588.403 fcn-tree
3658 1 16 2569 0 -1 0 160.743 49.631 -615.431 160.160 47.621 -615.968 161.332 52.127 -614.664 fcn-tree
3659 1 16 2572 0 -1 0 172.669 45.975 -624.841 171.367 44.222 -625.467 173.330 48.514 -624.046 fcn-tree
3660 1 16 2575 0 -1 0 176.534 40.815 -638.931 175.817 38.780 -640.122 177.109 43.124 -638.403 fcn-tree
3661 1 16 2578 0 -1 0 203.473 49.862 -660.895 202.954 47.891 -661.454 204.146 52.346 -660.001 fcn-tree
3662 1 16 2581 0 -1 0 204.180 42.049 -665.418 203.616 40.061 -666.312 204.678 44.604 -664.840 fcn-tree
3663 1 16 2583 0 -1 0 214.544 42.737 -677.561 212.551 40.405 -678.239 216.168 45.597 -676.797 fcn-tree
3664 1 16 2584 0 -1 0 212.501 45.635 -679.537 211.778 43.063 -680.118 212.885 48.983 -678.749 fcn-tree
3665 1 16 2587 0 -1 0 152.164 47.471 -680.967 151.329 46.172 -682.181 152.759 49.504 -680.235 fcn-tree
3666 1 16 2590 0 -1 0 150.208 48.571 -683.106 149.662 46.913 -683.621 150.494 50.726 -682.368 fcn-tree
3667 1 16 2592 0 -1 0 221.740 48.099 -701.622 219.962 45.579 -702.323 222.981 51.170 -701.119 fcn-tree
3668 1 16 2593 0 -1 0 220.670 48.877 -705.459 219.762 46.932 -707.089 221.128 51.854 -703.586 fcn-tree
3669 1 16 2595 0 -1 0 221.428 47.216 -701.706 220.566 45.607 -702.898 222.133 49.237 -700.247 fcn-tree
3670 1 16 2596 0 -1 0 219.155 49.072 -701.430 218.673 47.356 -701.911 219.791 51.482 -700.463 fcn-tree
3671 1 16 2599 0 -1 0 156.965 46.584 -692.515 156.479 44.894 -692.910 157.639 48.655 -691.863 fcn-tree
3672 1 16 2602 0 -1 0 178.705 44.831 -717.193 178.314 43.379 -718.416 179.427 46.820 -716.453 fcn-tree
3673 1 16 2605 0 -1 0 179.877 41.211 -715.442 179.220 40.901 -717.126 181.296 41.734 -713.832 fcn-tree
3674 1 16 2608 0 -1 0 177.894 40.789 -705.808 177.454 39.750 -707.336 178.437 42.268 -704.251 fcn-tree
3675 1 16 2610 0 -1 0 226.865 40.599 -726.952 226.514 39.306 -727.771 227.501 42.191 -725.997 fcn-tree
3676 1 16 2611 0 -1 0 226.383 41.979 -725.315 225.996 40.635 -725.483 227.044 43.804 -725.101 fcn-tree
3677 1 16 2613 0 -1 0 232.113 43.298 -734.056 230.212 40.325 -734.663 233.657 46.880 -732.980 fcn-tree
3678 1 16 2614 0 -1 0 228.416 46.167 -734.556 227.876 43.173 -735.198 228.959 50.070 -733.540 fcn-tree
3679 1 16 2617 0 -1 0 182.563 43.059 -753.814 181.765 42.003 -754.304 183.710 44.392 -752.985 fcn-tree
3680 1 16 2620 0 -1 0 221.083 40.873 -754.942 219.770 40.386 -755.201 222.441 42.049 -754.659 fcn-tree
3681 1 16 2623 0 -1 0 176.445 50.005 -761.153 176.054 48.553 -762.376 177.167 51.995 -760.413 fcn-tree
3682 1 16 2626 0 -1 0 175.092 55.694 -758.128 173.980 54.171 -758.671 175.796 57.761 -757.733 fcn-tree
3683 1 16 2629 0 -1 0 115.035 56.451 -492.513 114.278 55.159 -492.895 115.823 57.749 -491.591 fcn-tree
3684 1 16 2632 0 -1 0 122.162 46.810 -496.936 121.845 45.427 -497.210 122.995 48.358 -496.434 fcn-tree
3685 1 16 2635 0 -1 0 125.079 41.120 -515.733 123.990 40.080 -516.197 125.711 42.707 -515.433 fcn-tree
3686 1 16 2638 0 -1 0 104.066 40.288 -597.085 102.986 38.855 -597.895 104.755 42.405 -596.730 fcn-tree
3687 1 16 2641 0 -1 0 109.105 33.880 -600.343 108.265 32.276 -601.007 109.866 35.286 -598.817 fcn-tree
3688 1 16 2644 0 -1 0 113.348 48.925 -629.723 112.178 47.475 -630.299 114.074 51.024 -629.351 fcn-tree
3689 1 16 2647 0 -1 0 106.066 51.267 -618.200 105.538 49.573 -618.633 106.410 53.375 -617.621 fcn-tree
3690 1 16 2650 0 -1 0 117.958 47.351 -642.441 117.540 45.695 -642.950 118.408 49.482 -641.652 fcn-tree
3691 1 16 2653 0 -1 0 124.704 59.697 -664.251 124.407 58.124 -664.807 125.349 61.781 -663.269 fcn-tree
3692 1 16 2655 0 -1 0 230.340 44.244 -800.553 229.095 41.441 -800.883 230.989 47.550 -800.087 fcn-tree
3693 1 16 2656 0 -1 0 227.216 45.756 -802.612 226.169 43.337 -803.378 227.896 48.965 -801.407 fcn-tree
3694 1 16 2659 0 -1 0 169.737 47.529 -821.924 167.763 46.156 -822.672 171.203 49.809 -821.457 fcn-tree
3695 1 16 2661 0 -1 0 164.398 48.991 -820.875 163.235 45.866 -821.236 166.161 52.743 -820.528 fcn-tree
3696 1 16 2662 0 -1 0 167.110 51.436 -818.467 166.682 48.490 -819.671 167.565 55.367 -817.687 fcn-tree
3697 1 16 2665 0 -1 0 176.157 43.449 -807.113 175.789 41.703 -807.483 176.940 45.430 -806.531 fcn-tree
3698 1 16 2668 0 -1 0 217.661 49.402 -852.044 215.964 46.783 -853.529 218.665 53.083 -850.467 fcn-tree
3699 1 16 2670 0 -1 0 217.109 48.680 -849.067 216.123 46.717 -849.958 218.057 51.067 -847.730 fcn-tree
3700 1 16 2671 0 -1 0 215.039 50.867 -848.066 214.601 48.789 -848.425 215.547 53.571 -847.454 fcn-tree
3701 1 16 2674 0 -1 0 150.807 43.781 -862.268 149.427 43.392 -862.508 152.166 44.831 -861.839 fcn-tree
3702 1 16 2677 0 -1 0 148.500 45.174 -860.260 148.215 44.033 -861.247 148.929 46.824 -859.669 fcn-tree
3703 1 16 2680 0 -1 0 152.967 38.013 -865.804 151.733 37.414 -866.569 153.953 39.265 -865.137 fcn-tree
3704 1 16 2683 0 -1 0 153.313 47.752 -850.372 152.579 45.999 -851.934 154.553 50.197 -849.435 fcn-tree
3705 1 16 2685 0 -1 0 151.378 47.953 -855.679 150.937 45.310 -857.862 151.829 51.213 -853.331 fcn-tree
3706 1 16 2686 0 -1 0 149.823 51.342 -853.392 149.190 48.392 -854.148 150.724 55.210 -852.511 fcn-tree
3707 1 16 2689 0 -1 0 223.283 52.503 -871.028 222.764 50.342 -871.849 223.646 55.433 -869.753 fcn-tree
3708 1 16 2692 0 -1 0 220.114 51.386 -867.586 219.023 49.620 -868.066 221.966 54.060 -866.957 fcn-tree
3709 1 16 2695 0 -1 0 173.353 44.483 -914.035 172.779 42.834 -914.472 174.145 46.524 -913.341 fcn-tree
3710 1 16 2697 0 -1 0 189.076 41.727 -912.524 188.195 40.396 -912.794 189.771 43.306 -912.156 fcn-tree
3711 1 16 2698 0 -1 0 187.272 43.031 -912.589 186.999 41.680 -912.899 187.565 44.715 -912.147 fcn-tree
3712 1 16 2701 0 -1 0 214.062 46.824 -893.550 213.283 44.752 -896.069 215.632 50.218 -891.310 fcn-tree
3713 1 16 2704 0 -1 0 166.964 49.340 -916.719 166.174 47.482 -917.561 168.208 51.694 -915.339 fcn-tree
3714 1 16 2707 0 -1 0 144.756 44.259 -868.902 143.979 42.971 -869.582 145.278 45.833 -868.541 fcn-tree
3715 1 16 2710 0 -1 0 140.375 39.392 -875.502 139.583 38.253 -876.236 140.880 41.044 -874.931 fcn-tree
3716 1 16 2713 0 -1 0 135.123 45.623 -874.019 134.724 44.519 -874.639 135.432 47.226 -872.973 fcn-tree
3717 1 16 2715 0 -1 0 133.102 38.966 -876.583 132.630 37.719 -877.580 133.455 40.513 -875.851 fcn-tree
3718 1 16 2716 0 -1 0 134.502 39.903 -878.061 133.595 38.749 -878.237 135.032 41.590 -877.857 fcn-tree
3719 1 16 2719 0 -1 0 137.542 51.460 -867.018 136.538 49.923 -867.693 138.202 53.623 -866.651 fcn-tree
3720 1 16 2722 0 -1 0 134.888 50.182 -869.084 134.480 49.306 -869.696 135.194 51.364 -868.301 fcn-tree
3721 1 16 2725 0 -1 0 150.807 52.407 -919.011 150.027 50.335 -921.530 152.376 55.801 -916.771 fcn-tree
3722 1 16 2728 0 -1 0 151.204 56.159 -924.792 150.257 52.220 -925.572 152.464 61.030 -923.805 fcn-tree
3723 1 16 2731 0 -1 0 129.562 41.528 -928.110 128.412 39.332 -928.818 130.134 44.184 -927.102 fcn-tree
3724 1 16 2734 0 -1 0 123.203 52.793 -875.530 122.832 51.953 -876.553 123.633 54.217 -874.316 fcn-tree
3725 1 16 2737 0 -1 0 126.218 52.797 -873.907 125.218 51.646 -874.484 126.829 54.353 -873.582 fcn-tree
3726 1 16 2740 0 -1 0 109.731 47.859 -885.426 108.811 46.711 -885.972 110.308 49.541 -885.130 fcn-tree
3727 1 16 2742 0 -1 0 107.756 47.626 -884.853 107.010 45.792 -885.360 108.158 49.778 -884.588 fcn-tree
3728 1 16 2743 0 -1 0 106.757 48.638 -887.118 106.147 47.042 -887.666 107.094 50.714 -886.275 fcn-tree
3729 1 16 2746 0 -1 0 104.468 52.344 -882.188 103.614 51.170 -882.768 104.981 53.992 -881.670 fcn-tree
3730 1 16 2748 0 -1 0 103.060 52.440 -879.782 102.806 50.597 -880.943 103.692 54.676 -879.014 fcn-tree
3731 1 16 2749 0 -1 0 105.789 53.514 -879.874 104.864 51.911 -880.678 106.475 55.800 -879.442 fcn-tree
3732 1 16 2752 0 -1 0 117.375 46.275 -881.381 116.530 44.888 -881.867 118.613 48.442 -880.359 fcn-tree
3733 1 16 2754 0 -1 0 124.776 49.187 -937.043 123.573 46.888 -937.381 125.662 51.956 -936.784 fcn-tree
3734 1 16 2755 0 -1 0 123.425 51.006 -938.748 123.030 48.834 -939.239 123.701 53.930 -937.997 fcn-tree
3735 1 16 2757 0 -1 0 124.501 47.907 -936.339 123.622 46.006 -936.716 125.132 50.091 -935.701 fcn-tree
3736 1 16 2758 0 -1 0 122.243 49.252 -935.795 121.833 47.470 -936.198 122.775 51.341 -934.708 fcn-tree
3737 1 16 2761 0 -1 0 121.382 48.795 -938.427 120.707 46.424 -939.035 122.267 51.825 -937.549 fcn-tree
3738 1 16 2764 0 -1 0 108.795 48.892 -938.937 108.050 46.274 -940.304 110.023 51.997 -937.768 fcn-tree
3739 1 16 2767 0 -1 0 93.586 45.811 -887.743 92.970 44.749 -888.571 93.935 47.361 -886.795 fcn-tree
3740 1 16 2770 0 -1 0 85.508 55.542 -887.765 84.563 53.715 -888.437 86.099 57.964 -887.005 fcn-tree
3741 1 16 2773 0 -1 0 88.059 47.142 -891.310 86.449 45.310 -892.272 89.029 49.648 -890.800 fcn-tree
3742 1 16 2776 0 -1 0 93.509 54.771 -878.875 92.775 53.018 -880.438 94.749 57.217 -877.939 fcn-tree
3743 1 16 2778 0 -1 0 91.575 54.973 -884.183 91.133 52.329 -886.365 92.025 58.232 -881.834 fcn-tree
3744 1 16 2779 0 -1 0 90.020 58.362 -881.896 89.386 55.412 -882.652 90.920 62.230 -881.015 fcn-tree
3745 1 16 2782 0 -1 0 99.186 44.181 -888.512 98.348 42.320 -888.998 99.613 46.594 -887.982 fcn-tree
3746 1 16 2785 0 -1 0 74.356 44.892 -892.176 73.412 43.065 -892.849 74.947 47.314 -891.417 fcn-tree
3747 1 16 2788 0 -1 0 63.801 44.667 -892.973 62.244 44.090 -894.909 64.797 45.974 -891.534 fcn-tree
3748 1 16 2790 0 -1 0 63.209 48.577 -890.783 61.467 46.138 -893.006 64.604 51.726 -888.173 fcn-tree
3749 1 16 2791 0 -1 0 58.914 51.654 -891.101 58.075 48.971 -892.277 59.981 55.589 -889.081 fcn-tree
3750 1 16 2794 0 -1 0 83.511 53.809 -887.896 83.030 52.796 -889.441 84.471 54.740 -886.998 fcn-tree
3751 1 16 2797 0 -1 0 51.481 43.165 -935.053 50.319 41.372 -936.164 52.085 44.599 -933.255 fcn-tree
3752 1 16 2800 0 -1 0 25.997 58.442 -897.030 25.514 56.581 -897.369 26.674 60.683 -896.649 fcn-tree
3753 1 16 2803 0 -1 0 20.747 45.558 -906.681 19.817 44.052 -907.433 21.238 47.766 -905.582 fcn-tree
3754 1 16 2806 0 -1 0 44.405 44.818 -904.946 43.498 43.654 -905.417 44.942 46.486 -904.502 fcn-tree
3755 1 16 2809 0 -1 0 35.682 47.220 -901.919 35.256 46.002 -902.406 36.274 48.898 -901.156 fcn-tree
3756 1 16 2812 0 -1 0 50.234 43.907 -939.763 49.160 41.455 -940.689 51.585 47.064 -938.297 fcn-tree
3757 1 16 2815 0 -1 0 5.810 44.309 -902.692 5.440 42.443 -903.427 6.164 46.521 -902.283 fcn-tree
3758 1 16 2818 0 -1 0 10.855 45.715 -905.803 9.815 44.669 -906.977 11.450 47.478 -904.168 fcn-tree
3759 1 16 2820 0 -1 0 11.409 47.175 -901.353 10.536 44.336 -902.626 12.018 50.411 -900.642 fcn-tree
3760 1 16 2821 0 -1 0 10.981 48.887 -905.463 9.457 46.314 -906.341 11.646 51.863 -904.322 fcn-tree
3761 1 16 2824 0 -1 0 -7.764 55.910 -900.083 -9.006 54.438 -900.606 -6.072 58.364 -898.926 fcn-tree
3762 1 16 2826 0 -1 0 -2.263 56.707 -899.204 -4.327 53.768 -899.587 -0.675 60.311 -898.847 fcn-tree
3763 1 16 2827 0 -1 0 -3.450 58.583 -902.973 -4.531 55.973 -904.102 -2.962 62.360 -901.289 fcn-tree
3764 1 16 2830 0 -1 0 -21.883 45.623 -909.043 -22.459 45.050 -911.340 -21.403 47.155 -906.823 fcn-tree
3765 1 16 2832 0 -1 0 -21.434 49.077 -904.610 -21.827 45.690 -905.271 -20.925 52.972 -904.051 fcn-tree
3766 1 16 2833 0 -1 0 -18.729 50.367 -907.796 -19.947 47.577 -909.717 -17.938 53.850 -906.685 fcn-tree
3767 1 16 2836 0 -1 0 -37.931 56.059 -910.182 -39.349 54.746 -911.034 -37.133 58.120 -909.454 fcn-tree
3768 1 16 2838 0 -1 0 -39.465 55.901 -907.291 -39.915 53.218 -908.291 -38.937 59.023 -906.728 fcn-tree
3769 1 16 2839 0 -1 0 -35.700 56.193 -906.041 -37.149 54.249 -907.284 -33.905 58.861 -905.297 fcn-tree
3770 1 16 2842 0 -1 0 -49.932 44.082 -919.741 -51.824 43.206 -920.607 -48.118 45.987 -918.292 fcn-tree
3771 1 16 2844 0 -1 0 -45.264 46.724 -918.047 -46.419 43.385 -918.530 -44.640 50.647 -917.765 fcn-tree
3772 1 16 2845 0 -1 0 -46.341 48.035 -922.079 -47.194 45.311 -923.408 -45.786 51.690 -920.393 fcn-tree
3773 1 16 2847 0 -1 0 -58.941 53.935 -918.841 -60.249 51.364 -919.516 -58.025 56.986 -918.426 fcn-tree
3774 1 16 2848 0 -1 0 -57.701 54.329 -922.600 -59.144 52.455 -924.211 -56.881 57.062 -921.254 fcn-tree
3775 1 16 2850 0 -1 0 -65.861 45.252 -938.152 -66.499 43.567 -939.627 -65.068 47.349 -937.015 fcn-tree
3776 1 16 2851 0 -1 0 -63.521 47.145 -938.816 -64.257 45.363 -939.654 -62.987 49.604 -938.429 fcn-tree
3777 1 16 2853 0 -1 0 -73.571 53.885 -943.461 -74.261 52.022 -944.316 -73.114 56.153 -942.163 fcn-tree
3778 1 16 2854 0 -1 0 -76.097 55.455 -942.650 -76.689 53.663 -943.006 -75.225 57.912 -942.001 fcn-tree
3779 1 16 2856 0 -1 0 -54.304 39.939 -929.049 -55.074 37.301 -930.246 -53.611 43.009 -928.416 fcn-tree
3780 1 16 2857 0 -1 0 -52.306 41.764 -931.965 -53.087 39.326 -933.061 -51.729 44.760 -931.348 fcn-tree
3781 1 16 2860 0 -1 0 87.021 51.901 -946.801 86.034 49.007 -947.356 88.510 55.687 -946.045 fcn-tree
3782 1 16 2863 0 -1 0 91.944 48.959 -946.358 91.204 46.887 -948.062 93.250 51.423 -945.228 fcn-tree
3783 1 16 2865 0 -1 0 108.835 46.266 -944.612 107.796 44.391 -946.250 109.659 48.654 -942.680 fcn-tree
3784 1 16 2866 0 -1 0 105.895 48.577 -944.287 105.253 46.529 -945.016 106.768 51.508 -942.989 fcn-tree
3785 1 16 2869 0 -1 0 77.868 49.082 -951.036 76.970 46.194 -951.706 79.304 52.099 -950.440 fcn-tree
3786 1 16 2872 0 -1 0 26.405 45.763 -942.071 25.370 44.181 -942.591 28.103 48.046 -941.205 fcn-tree
3787 1 16 2875 0 -1 0 30.981 48.292 -941.499 30.475 45.737 -942.909 31.561 51.697 -940.591 fcn-tree
3788 1 16 2878 0 -1 0 -3.734 48.352 -951.138 -4.997 46.241 -951.858 -2.070 51.546 -949.725 fcn-tree
3789 1 16 2880 0 -1 0 1.493 48.282 -950.385 0.906 44.640 -950.929 2.169 52.515 -949.244 fcn-tree
3790 1 16 2881 0 -1 0 1.011 50.093 -945.782 0.336 46.969 -947.210 1.942 54.055 -944.351 fcn-tree
3791 1 16 2883 0 -1 0 -20.309 55.961 -963.489 -22.327 52.818 -964.520 -17.853 59.799 -962.571 fcn-tree
3792 1 16 2884 0 -1 0 -17.907 59.626 -961.054 -18.380 56.243 -961.964 -16.967 64.040 -960.363 fcn-tree
3793 1 16 2887 0 -1 0 -48.626 41.302 -994.149 -50.105 39.569 -994.670 -46.448 44.080 -993.413 fcn-tree
3794 1 16 2890 0 -1 0 -41.127 40.700 -996.241 -42.437 39.471 -996.626 -40.370 42.636 -996.005 fcn-tree
3795 1 16 2892 0 -1 0 -46.558 41.849 -998.066 -48.576 38.706 -999.097 -44.102 45.687 -997.148 fcn-tree
3796 1 16 2893 0 -1 0 -44.156 45.514 -995.631 -44.629 42.132 -996.541 -43.217 49.928 -994.940 fcn-tree
3797 1 16 2896 0 -1 0 63.327 52.625 -1129.313 63.042 51.349 -1129.757 63.576 54.358 -1128.533 fcn-tree
3798 1 16 2899 0 -1 0 -11.830 48.646 -1119.661 -12.860 46.903 -1121.788 -11.099 51.507 -1116.739 fcn-tree
3799 1 16 2902 0 -1 0 18.384 53.686 -1122.416 17.485 50.215 -1124.201 20.162 58.376 -1121.091 fcn-tree
3800 1 16 2905 0 -1 0 -25.593 44.560 -1092.373 -26.808 43.439 -1093.896 -25.124 45.328 -1090.868 fcn-tree
3801 1 16 2908 0 -1 0 -24.043 48.568 -1090.688 -24.880 46.474 -1091.557 -23.495 50.898 -1090.147 fcn-tree
3802 1 16 2910 0 -1 0 -31.050 52.517 -1063.833 -32.934 49.667 -1066.762 -29.251 56.196 -1061.487 fcn-tree
3803 1 16 2911 0 -1 0 -26.796 54.584 -1067.804 -29.775 51.992 -1068.461 -24.623 58.777 -1067.283 fcn-tree
3804 1 16 2913 0 -1 0 -45.039 32.089 -1051.192 -47.596 29.312 -1051.891 -42.751 35.543 -1050.477 fcn-tree
3805 1 16 2914 0 -1 0 -46.978 35.613 -1053.741 -48.170 32.532 -1054.489 -46.186 39.753 -1052.665 fcn-tree
3806 1 16 2916 0 -1 0 -41.127 40.163 -1064.123 -44.516 39.242 -1067.539 -38.576 40.963 -1060.946 fcn-tree
3807 1 16 2917 0 -1 0 -44.073 45.020 -1066.546 -48.341 42.390 -1068.204 -41.377 46.653 -1065.279 fcn-tree
3808 1 16 2920 0 -1 0 -34.367 40.063 -1093.789 -35.238 38.015 -1095.592 -33.745 42.490 -1092.270 fcn-tree
3809 1 16 2922 0 -1 0 -31.678 40.476 -1087.677 -34.236 37.700 -1088.376 -29.390 43.930 -1086.962 fcn-tree
3810 1 16 2923 0 -1 0 -33.618 44.000 -1090.226 -34.809 40.919 -1090.974 -32.825 48.140 -1089.150 fcn-tree
3811 1 16 2925 0 -1 0 -33.870 34.099 -1100.348 -35.353 30.628 -1101.235 -31.934 38.264 -1099.830 fcn-tree
3812 1 16 2926 0 -1 0 -30.106 37.057 -1099.295 -30.614 33.699 -1100.404 -29.582 41.474 -1098.579 fcn-tree
3813 1 16 2929 0 -1 0 -34.184 34.518 -1102.411 -35.999 32.052 -1102.923 -33.506 37.079 -1101.922 fcn-tree
3814 1 16 2931 0 -1 0 -52.505 37.042 -1051.510 -53.505 33.262 -1053.088 -50.630 41.592 -1049.632 fcn-tree
3815 1 16 2932 0 -1 0 -51.615 40.486 -1047.239 -52.266 36.751 -1048.221 -50.592 45.389 -1046.427 fcn-tree
3816 1 16 2934 0 -1 0 -51.094 36.741 -1050.236 -52.217 32.763 -1051.329 -50.646 41.504 -1048.307 fcn-tree
3817 1 16 2935 0 -1 0 -56.192 38.933 -1049.929 -57.540 35.509 -1050.647 -54.433 43.674 -1048.651 fcn-tree
3818 1 16 2937 0 -1 0 -79.899 43.344 -963.686 -80.414 41.479 -964.986 -79.564 45.623 -962.802 fcn-tree
3819 1 16 2938 0 -1 0 -77.957 44.640 -965.698 -79.129 42.946 -965.993 -77.259 47.046 -965.399 fcn-tree
3820 1 16 2941 0 -1 0 -78.763 45.113 -960.352 -80.180 43.964 -961.602 -77.650 47.203 -958.490 fcn-tree
3821 1 16 2943 0 -1 0 -75.558 47.195 -956.216 -76.368 43.933 -957.550 -75.088 51.059 -955.466 fcn-tree
3822 1 16 2944 0 -1 0 -74.724 49.300 -959.957 -75.684 46.373 -960.807 -74.102 53.156 -959.064 fcn-tree
3823 1 16 2946 0 -1 0 -94.022 56.387 -969.355 -95.226 53.959 -971.595 -92.476 59.488 -967.218 fcn-tree
3824 1 16 2947 0 -1 0 -90.497 58.697 -968.183 -91.230 56.289 -970.246 -89.888 62.329 -966.637 fcn-tree
3825 1 16 2949 0 -1 0 -88.734 49.654 -978.939 -89.424 47.791 -979.794 -88.278 51.922 -977.642 fcn-tree
3826 1 16 2950 0 -1 0 -91.260 51.223 -978.129 -91.852 49.432 -978.485 -90.388 53.680 -977.480 fcn-tree
3827 1 16 2953 0 -1 0 -87.965 51.580 -986.732 -90.605 50.891 -988.503 -85.421 53.366 -985.311 fcn-tree
3828 1 16 2955 0 -1 0 -91.540 56.139 -982.571 -92.325 51.950 -983.677 -90.208 60.960 -981.935 fcn-tree
3829 1 16 2956 0 -1 0 -86.112 56.496 -981.537 -88.632 53.469 -982.798 -83.076 60.504 -980.733 fcn-tree
3830 1 16 2959 0 -1 0 -90.599 57.030 -973.786 -92.057 55.201 -974.416 -89.800 59.732 -972.994 fcn-tree
3831 1 16 2961 0 -1 0 -101.650 44.880 -1003.483 -102.675 43.070 -1004.128 -100.281 47.042 -1003.005 fcn-tree
3832 1 16 2962 0 -1 0 -99.558 46.949 -1002.566 -99.824 45.008 -1003.217 -99.329 49.348 -1002.160 fcn-tree
3833 1 16 2964 0 -1 0 -99.886 42.492 -995.530 -101.381 41.340 -997.038 -98.509 44.031 -994.270 fcn-tree
3834 1 16 2965 0 -1 0 -98.304 45.135 -995.453 -99.189 43.450 -996.581 -97.972 47.380 -994.834 fcn-tree
3835 1 16 2967 0 -1 0 -110.672 53.345 -1005.149 -112.215 50.311 -1006.323 -108.978 56.965 -1004.513 fcn-tree
3836 1 16 2968 0 -1 0 -107.530 56.255 -1006.037 -108.061 53.201 -1006.803 -106.998 60.132 -1005.482 fcn-tree
3837 1 16 2970 0 -1 0 -99.872 48.620 -990.574 -100.522 46.505 -991.063 -99.500 51.076 -990.275 fcn-tree
3838 1 16 2971 0 -1 0 -99.307 49.156 -993.556 -100.030 47.517 -994.776 -98.848 51.324 -992.462 fcn-tree
3839 1 16 2973 0 -1 0 -103.105 42.234 -1013.713 -103.379 40.117 -1014.473 -102.863 44.690 -1013.307 fcn-tree
3840 1 16 2974 0 -1 0 -101.213 43.119 -1015.980 -102.152 41.360 -1017.036 -100.619 45.375 -1015.384 fcn-tree
3841 1 16 2977 0 -1 0 -107.856 51.791 -1009.768 -108.945 50.426 -1011.606 -107.242 53.918 -1008.011 fcn-tree
3842 1 16 2982 0 -1 0 -125.695 51.471 -1043.060 -126.002 49.149 -1043.667 -125.007 54.176 -1042.621 fcn-tree
3843 1 16 2986 0 -1 0 -102.952 39.035 -1034.557 -104.775 37.779 -1035.909 -101.800 41.218 -1033.482 fcn-tree
3844 1 16 2988 0 -1 0 -107.212 40.827 -1031.328 -108.157 37.623 -1032.202 -105.743 44.645 -1030.825 fcn-tree
3845 1 16 2989 0 -1 0 -103.587 43.095 -1030.409 -104.336 40.156 -1031.445 -102.928 46.993 -1029.752 fcn-tree
3846 1 16 2995 0 -1 0 -116.644 40.549 -1062.655 -117.199 38.239 -1063.750 -115.619 43.662 -1061.846 fcn-tree
3847 1 16 2998 0 -1 0 -116.645 37.833 -1063.623 -116.955 36.542 -1064.235 -116.072 39.573 -1063.170 fcn-tree
3848 1 16 3001 0 -1 0 -111.833 47.980 -1061.503 -112.456 45.564 -1063.485 -110.594 50.644 -1060.517 fcn-tree
3849 1 16 3004 0 -1 0 -112.453 44.541 -1056.212 -113.165 42.451 -1056.589 -111.922 47.115 -1055.867 fcn-tree
3850 1 16 3007 0 -1 0 -114.135 35.910 -1072.208 -114.469 34.730 -1073.150 -113.660 37.496 -1071.592 fcn-tree
3851 1 16 3010 0 -1 0 -124.288 46.637 -1074.007 -125.159 45.398 -1074.640 -123.729 48.204 -1073.656 fcn-tree
3852 1 16 3013 0 -1 0 -112.088 33.612 -1072.168 -113.111 33.143 -1073.211 -110.601 34.400 -1071.587 fcn-tree
3853 1 16 3015 0 -1 0 -85.150 31.511 -1121.813 -85.556 29.352 -1122.438 -84.588 34.040 -1120.757 fcn-tree
3854 1 16 3016 0 -1 0 -85.434 32.977 -1118.742 -85.905 31.000 -1119.500 -84.837 35.469 -1118.102 fcn-tree
3855 1 16 3021 0 -1 0 -89.865 28.765 -1112.035 -90.333 26.806 -1112.325 -88.997 31.050 -1111.658 fcn-tree
3856 1 16 3022 0 -1 0 -87.808 29.816 -1110.073 -88.234 28.112 -1110.949 -86.924 31.983 -1109.502 fcn-tree
3857 1 16 3024 0 -1 0 -84.617 36.534 -1120.399 -86.605 35.355 -1121.239 -82.679 38.169 -1119.729 fcn-tree
3858 1 16 3025 0 -1 0 -84.685 38.758 -1122.991 -86.128 37.214 -1123.597 -83.507 41.105 -1122.143 fcn-tree
3859 1 16 3028 0 -1 0 -111.862 42.918 -1086.140 -112.149 41.385 -1086.622 -111.279 44.925 -1085.753 fcn-tree
3860 1 16 3030 0 -1 0 -104.027 37.495 -1095.791 -105.215 34.246 -1096.266 -103.094 41.321 -1094.924 fcn-tree
3861 1 16 3031 0 -1 0 -107.096 39.796 -1094.676 -107.712 36.797 -1095.201 -106.293 43.620 -1093.662 fcn-tree
3862 1 16 3034 0 -1 0 -117.591 44.647 -1077.682 -118.186 42.230 -1080.184 -116.496 48.436 -1076.227 fcn-tree
3863 1 16 3036 0 -1 0 -116.592 42.666 -1086.148 -117.602 39.749 -1089.061 -115.531 46.365 -1082.848 fcn-tree
3864 1 16 3037 0 -1 0 -119.908 47.245 -1083.689 -120.868 43.705 -1084.665 -118.562 51.971 -1082.138 fcn-tree
3865 1 16 3039 0 -1 0 -106.807 48.851 -1109.157 -107.680 47.481 -1110.196 -105.818 50.548 -1108.492 fcn-tree
3866 1 16 3040 0 -1 0 -104.808 50.562 -1109.331 -105.200 49.051 -1110.017 -104.450 52.582 -1108.964 fcn-tree
3867 1 16 3042 0 -1 0 -102.014 53.019 -1120.552 -102.437 51.389 -1121.113 -101.245 54.948 -1119.989 fcn-tree
3868 1 16 3043 0 -1 0 -100.469 53.166 -1118.419 -100.783 52.011 -1119.661 -99.765 54.860 -1117.509 fcn-tree
3869 1 16 3045 0 -1 0 -99.906 40.636 -1106.002 -100.384 38.450 -1106.641 -98.995 43.208 -1105.605 fcn-tree
3870 1 16 3046 0 -1 0 -97.189 41.249 -1104.026 -97.896 39.552 -1105.299 -96.076 43.592 -1103.263 fcn-tree
3871 1 16 3051 0 -1 0 211.842 49.440 -1167.713 210.058 46.711 -1168.638 212.867 52.759 -1166.728 fcn-tree
3872 1 16 3052 0 -1 0 209.028 50.405 -1171.289 208.314 48.254 -1172.740 209.539 53.647 -1169.166 fcn-tree
3873 1 16 3055 0 -1 0 224.472 39.487 -1187.865 223.208 38.877 -1189.248 226.044 41.062 -1186.501 fcn-tree
3874 1 16 3057 0 -1 0 228.955 41.509 -1188.647 228.614 39.302 -1190.839 229.400 44.337 -1186.162 fcn-tree
3875 1 16 3058 0 -1 0 225.647 44.199 -1186.788 224.659 41.802 -1187.517 227.259 47.681 -1185.623 fcn-tree
3876 1 16 3060 0 -1 0 242.478 43.661 -1207.392 240.796 41.267 -1209.386 243.954 46.547 -1206.044 fcn-tree
3877 1 16 3061 0 -1 0 244.531 47.128 -1209.716 243.343 44.304 -1210.336 245.072 50.539 -1209.205 fcn-tree
3878 1 16 3063 0 -1 0 243.927 52.312 -1199.124 241.028 50.839 -1200.489 246.284 53.787 -1197.125 fcn-tree
3879 1 16 3064 0 -1 0 240.669 49.474 -1197.659 237.188 48.881 -1198.181 243.385 50.129 -1196.732 fcn-tree
3880 1 16 3066 0 -1 0 246.956 54.559 -1196.306 245.975 50.957 -1198.219 247.744 58.689 -1194.911 fcn-tree
3881 1 16 3067 0 -1 0 245.673 57.214 -1201.250 243.594 53.794 -1202.169 246.525 61.166 -1200.051 fcn-tree
3882 1 16 3069 0 -1 0 202.148 48.721 -1250.358 201.220 45.517 -1252.829 203.051 52.677 -1248.582 fcn-tree
3883 1 16 3070 0 -1 0 206.669 50.412 -1253.083 204.194 47.698 -1253.911 208.379 54.509 -1252.493 fcn-tree
3884 1 16 3072 0 -1 0 252.070 56.828 -1242.102 251.055 52.665 -1243.057 253.256 61.833 -1240.477 fcn-tree
3885 1 16 3073 0 -1 0 249.123 59.103 -1238.762 247.881 55.529 -1239.289 251.136 64.110 -1238.008 fcn-tree
3886 1 16 3076 0 -1 0 253.621 56.699 -1238.561 253.013 54.128 -1240.030 254.489 60.169 -1237.562 fcn-tree
3887 1 16 3079 0 -1 0 257.745 52.157 -1251.298 256.098 49.713 -1252.437 258.778 55.469 -1250.504 fcn-tree
3888 1 16 3082 0 -1 0 263.368 35.817 -1271.310 262.736 34.769 -1271.560 264.459 37.436 -1271.018 fcn-tree
3889 1 16 3085 0 -1 0 266.099 37.242 -1271.155 265.658 35.557 -1271.499 266.823 39.231 -1270.790 fcn-tree
3890 1 16 3088 0 -1 0 271.886 49.025 -1273.062 270.762 46.628 -1274.225 272.530 52.232 -1271.192 fcn-tree
3891 1 16 3091 0 -1 0 201.916 58.139 -1277.161 201.109 55.186 -1278.301 203.023 61.955 -1275.191 fcn-tree
3892 1 16 3094 0 -1 0 308.779 44.462 -1302.844 308.231 42.802 -1303.072 310.167 46.067 -1302.605 fcn-tree
3893 1 16 3097 0 -1 0 303.140 44.100 -1299.725 302.022 42.192 -1301.126 305.159 47.215 -1298.565 fcn-tree
3894 1 16 3100 0 -1 0 285.201 47.207 -1285.788 284.716 45.791 -1286.729 285.584 49.076 -1285.207 fcn-tree
3895 1 16 3103 0 -1 0 287.807 59.340 -1283.299 286.276 57.434 -1283.822 290.076 62.468 -1282.259 fcn-tree
3896 1 16 3106 0 -1 0 297.469 35.531 -1300.277 296.632 33.918 -1300.982 297.877 37.471 -1299.874 fcn-tree
3897 1 16 3109 0 -1 0 206.839 48.114 -1290.236 206.415 47.606 -1291.571 207.635 49.310 -1288.708 fcn-tree
3898 1 16 3111 0 -1 0 207.345 49.151 -1286.113 206.177 47.117 -1286.955 208.128 51.619 -1285.674 fcn-tree
3899 1 16 3112 0 -1 0 207.700 50.404 -1288.998 206.715 48.611 -1289.657 208.246 52.945 -1288.163 fcn-tree
3900 1 16 3114 0 -1 0 213.143 42.348 -1302.615 211.819 40.541 -1302.915 214.754 44.609 -1302.391 fcn-tree
3901 1 16 3115 0 -1 0 214.141 43.709 -1299.937 213.760 42.037 -1301.185 214.964 46.199 -1299.149 fcn-tree
3902 1 16 3118 0 -1 0 215.989 43.259 -1301.746 215.506 41.720 -1302.679 216.405 45.389 -1301.207 fcn-tree
3903 1 16 3120 0 -1 0 226.349 46.873 -1314.863 225.929 45.092 -1316.460 227.042 49.105 -1313.543 fcn-tree
3904 1 16 3121 0 -1 0 229.007 48.545 -1315.262 228.085 46.781 -1316.287 229.624 51.099 -1314.738 fcn-tree
3905 1 16 3123 0 -1 0 231.218 39.198 -1311.249 230.399 37.569 -1311.816 231.743 41.161 -1310.783 fcn-tree
3906 1 16 3124 0 -1 0 230.697 40.552 -1312.770 230.292 38.989 -1313.101 230.928 42.638 -1312.331 fcn-tree
3907 1 16 3127 0 -1 0 331.460 33.430 -1343.710 330.035 32.935 -1344.193 332.605 34.399 -1342.811 fcn-tree
3908 1 16 3130 0 -1 0 336.457 38.048 -1349.487 336.003 36.680 -1349.979 336.804 39.693 -1349.148 fcn-tree
3909 1 16 3133 0 -1 0 337.306 37.033 -1361.785 336.523 35.670 -1362.195 337.686 38.583 -1361.246 fcn-tree
3910 1 16 3136 0 -1 0 290.855 34.505 -1342.002 289.984 33.475 -1342.795 291.395 36.048 -1341.186 fcn-tree
3911 1 16 3139 0 -1 0 305.434 32.632 -1369.903 304.598 31.756 -1370.652 305.930 34.142 -1368.877 fcn-tree
3912 1 16 3142 0 -1 0 300.892 36.502 -1354.937 300.484 35.496 -1356.049 301.998 37.447 -1353.916 fcn-tree
3913 1 16 3144 0 -1 0 269.778 49.572 -1335.921 269.121 45.682 -1336.399 271.050 54.171 -1335.532 fcn-tree
3914 1 16 3145 0 -1 0 272.778 52.129 -1334.394 272.180 48.618 -1335.191 273.631 56.717 -1333.825 fcn-tree
3915 1 16 3147 0 -1 0 259.554 48.236 -1330.450 258.430 44.458 -1330.739 261.136 52.765 -1329.847 fcn-tree
3916 1 16 3148 0 -1 0 259.427 50.237 -1326.729 258.791 47.015 -1328.122 260.617 54.731 -1325.475 fcn-tree
3917 1 16 3150 0 -1 0 268.960 47.056 -1336.031 267.917 44.846 -1336.806 270.442 49.777 -1334.854 fcn-tree
3918 1 16 3151 0 -1 0 268.556 48.792 -1332.687 267.885 46.716 -1333.549 269.781 51.746 -1332.056 fcn-tree
3919 1 16 3154 0 -1 0 344.290 40.980 -1376.271 343.773 39.682 -1377.208 345.271 42.947 -1375.602 fcn-tree
3920 1 16 3163 0 -1 0 193.823 57.257 -1166.952 192.662 53.521 -1168.632 194.675 62.366 -1164.270 fcn-tree
3921 1 16 3165 0 -1 0 140.905 48.394 -1131.008 140.214 46.689 -1131.197 141.274 50.409 -1130.850 fcn-tree
3922 1 16 3169 0 -1 0 151.488 45.853 -1141.025 150.324 44.842 -1141.319 152.820 47.567 -1140.386 fcn-tree
3923 1 16 3172 0 -1 0 155.401 46.712 -1143.069 154.718 44.669 -1143.845 155.915 49.152 -1142.444 fcn-tree
3924 1 16 3175 0 -1 0 111.211 48.591 -1137.840 109.439 45.437 -1139.584 112.188 53.142 -1135.478 fcn-tree
3925 1 16 3177 0 -1 0 107.980 47.668 -1132.343 106.211 44.300 -1132.960 110.436 51.805 -1131.097 fcn-tree
3926 1 16 3178 0 -1 0 108.463 50.060 -1127.265 107.653 46.985 -1128.995 110.071 54.472 -1126.130 fcn-tree
3927 1 16 3180 0 -1 0 102.994 38.959 -1169.665 101.505 36.847 -1171.842 104.506 41.666 -1167.679 fcn-tree
3928 1 16 3181 0 -1 0 105.579 42.039 -1169.545 104.972 39.565 -1171.187 106.042 45.489 -1168.409 fcn-tree
3929 1 16 3183 0 -1 0 141.787 48.966 -1186.524 139.984 46.453 -1187.991 143.255 52.094 -1185.301 fcn-tree
3930 1 16 3184 0 -1 0 142.239 51.476 -1189.634 140.765 48.930 -1190.173 143.008 55.066 -1189.020 fcn-tree
3931 1 16 3186 0 -1 0 138.500 48.153 -1186.355 137.266 45.661 -1187.934 139.630 51.184 -1185.081 fcn-tree
3932 1 16 3187 0 -1 0 140.169 50.881 -1187.279 139.426 48.260 -1188.104 140.522 54.305 -1186.914 fcn-tree
3933 1 16 3190 0 -1 0 153.639 33.962 -1182.792 153.092 32.494 -1183.416 153.971 35.799 -1182.380 fcn-tree
3934 1 16 3193 0 -1 0 68.869 46.830 -1180.027 67.643 45.373 -1180.493 70.560 49.016 -1179.350 fcn-tree
3935 1 16 3195 0 -1 0 71.185 46.928 -1180.969 70.227 43.983 -1181.271 72.647 50.461 -1180.262 fcn-tree
3936 1 16 3196 0 -1 0 70.921 48.286 -1177.193 70.277 45.846 -1178.528 72.081 51.744 -1175.956 fcn-tree
3937 1 16 3198 0 -1 0 112.944 54.279 -1180.375 112.383 52.673 -1182.222 113.308 56.350 -1178.652 fcn-tree
3938 1 16 3199 0 -1 0 115.061 56.338 -1181.997 113.782 54.560 -1182.763 115.821 58.937 -1181.361 fcn-tree
3939 1 16 3201 0 -1 0 178.347 48.322 -1205.374 177.829 46.318 -1207.366 178.807 50.777 -1203.487 fcn-tree
3940 1 16 3202 0 -1 0 178.851 51.345 -1207.769 178.153 48.944 -1208.314 179.383 54.338 -1207.146 fcn-tree
3941 1 16 3204 0 -1 0 178.005 49.129 -1207.035 177.491 47.176 -1207.339 178.348 51.364 -1206.768 fcn-tree
3942 1 16 3205 0 -1 0 175.841 49.819 -1208.663 174.677 48.224 -1209.161 176.548 51.788 -1207.903 fcn-tree
3943 1 16 3210 0 -1 0 165.407 44.409 -1194.923 163.368 41.849 -1195.325 167.186 47.582 -1194.258 fcn-tree
3944 1 16 3211 0 -1 0 163.203 46.888 -1197.197 162.521 44.321 -1198.051 163.642 50.491 -1195.777 fcn-tree
3945 1 16 3213 0 -1 0 191.493 42.691 -1217.599 189.368 40.902 -1218.063 193.679 44.909 -1216.845 fcn-tree
3946 1 16 3214 0 -1 0 189.431 45.989 -1217.558 188.700 43.635 -1218.093 190.502 48.852 -1216.830 fcn-tree
3947 1 16 3216 0 -1 0 191.928 48.361 -1237.293 191.325 45.787 -1237.995 193.123 51.343 -1236.823 fcn-tree
3948 1 16 3217 0 -1 0 195.276 50.101 -1236.349 194.469 47.729 -1237.171 196.232 52.977 -1235.824 fcn-tree
3949 1 16 3220 0 -1 0 200.467 40.222 -1239.051 199.812 38.452 -1239.562 201.477 42.563 -1238.458 fcn-tree
3950 1 16 3223 0 -1 0 202.192 45.723 -1248.247 201.755 44.707 -1249.991 202.693 47.516 -1246.884 fcn-tree
3951 1 16 3226 0 -1 0 63.718 53.494 -1129.819 63.129 51.714 -1130.380 64.017 55.697 -1129.446 fcn-tree
3952 1 16 3229 0 -1 0 67.705 48.068 -1133.228 67.347 46.565 -1134.083 68.319 49.732 -1132.731 fcn-tree
3953 1 16 3231 0 -1 0 45.562 48.249 -1129.343 44.166 46.330 -1130.863 46.605 50.704 -1127.608 fcn-tree
3954 1 16 3232 0 -1 0 42.304 50.046 -1130.408 41.755 48.154 -1131.447 42.975 52.923 -1128.757 fcn-tree
3955 1 16 3235 0 -1 0 43.198 50.560 -1124.401 42.470 47.749 -1125.846 44.639 54.358 -1123.328 fcn-tree
3956 1 16 3238 0 -1 0 51.678 58.095 -1185.573 51.334 56.029 -1186.101 52.009 60.410 -1184.420 fcn-tree
3957 1 16 3241 0 -1 0 32.658 51.251 -1182.618 31.834 49.257 -1183.062 33.146 53.793 -1182.202 fcn-tree
3958 1 16 3244 0 -1 0 24.072 46.331 -1179.826 23.446 44.495 -1180.694 25.046 48.724 -1178.873 fcn-tree
3959 1 16 3247 0 -1 0 9.876 42.326 -1176.110 9.358 41.047 -1176.480 10.644 43.778 -1175.175 fcn-tree
3960 1 16 3249 0 -1 0 25.634 46.106 -1182.805 24.844 43.433 -1183.466 26.135 49.266 -1181.577 fcn-tree
3961 1 16 3250 0 -1 0 22.465 47.822 -1181.225 21.695 45.423 -1181.702 23.620 50.962 -1180.449 fcn-tree
3962 1 16 3253 0 -1 0 -40.751 46.060 -1147.677 -41.586 42.981 -1148.939 -39.622 49.730 -1146.051 fcn-tree
3963 1 16 3256 0 -1 0 -22.719 55.512 -1172.233 -23.509 52.353 -1173.142 -22.183 59.529 -1170.966 fcn-tree
3964 1 16 3259 0 -1 0 -61.585 60.504 -1145.063 -62.239 57.411 -1146.642 -60.710 64.492 -1144.005 fcn-tree
3965 1 16 3262 0 -1 0 -66.672 59.559 -1143.268 -67.843 57.224 -1144.112 -64.752 62.833 -1142.404 fcn-tree
3966 1 16 3265 0 -1 0 -46.307 55.929 -1150.390 -48.243 53.436 -1152.183 -44.158 59.416 -1149.315 fcn-tree
3967 1 16 3268 0 -1 0 -82.068 56.556 -1130.395 -82.836 54.718 -1133.324 -80.499 59.645 -1128.169 fcn-tree
3968 1 16 3653 0 -1 0 7.907 48.563 -350.251 6.619 47.157 -351.279 9.168 50.978 -349.245 fcn-tree
3969 1 16 3657 0 -1 0 105.773 36.337 -597.234 105.153 34.935 -598.001 106.728 38.190 -596.391 fcn-tree
3970 1 16 3661 0 -1 0 106.862 32.860 -598.399 105.504 32.040 -598.938 108.870 33.451 -597.536 fcn-tree
3971 1 16 3665 0 -1 0 109.027 28.157 -595.971 107.618 27.333 -597.457 110.448 29.841 -594.340 fcn-tree
3972 1 16 3669 0 -1 0 110.929 25.829 -599.943 110.170 24.449 -600.476 112.602 27.195 -599.182 fcn-tree
3973 1 16 3673 0 -1 0 226.769 44.961 -758.808 225.483 43.647 -759.742 227.479 46.581 -757.845 fcn-tree
3974 1 16 3677 0 -1 0 180.616 43.797 -752.098 180.043 42.366 -752.702 181.213 45.861 -751.306 fcn-tree
3975 1 16 3681 0 -1 0 40.511 43.091 -905.596 39.156 42.519 -906.622 41.947 44.400 -904.730 fcn-tree
3976 1 16 3685 0 -1 0 61.635 44.511 -1133.233 60.378 43.682 -1134.204 63.012 46.332 -1132.139 fcn-tree
3977 1 16 3689 0 -1 0 -24.761 41.537 -913.617 -25.688 40.829 -915.254 -23.821 42.817 -912.290 fcn-tree
3978 1 16 3693 0 -1 0 -26.649 46.684 -909.547 -28.005 46.113 -910.573 -25.214 47.994 -908.680 fcn-tree
3979 1 16 3701 0 -1 0 283.026 35.444 -1336.319 282.474 34.810 -1337.699 283.760 36.975 -1334.868 fcn-tree
3980 1 16 3705 0 -1 0 208.320 38.441 -1174.316 207.692 37.700 -1175.748 208.935 40.003 -1172.984 fcn-tree
3981 1 16 3709 0 -1 0 -43.909 36.046 -992.601 -44.960 35.079 -993.145 -42.730 37.894 -991.734 fcn-tree
3982 1 16 3713 0 -1 0 -33.271 35.316 -1092.294 -34.336 34.333 -1093.547 -32.793 36.970 -1091.306 fcn-tree
3983 1 16 3717 0 -1 0 -51.636 35.398 -1005.728 -52.405 34.212 -1006.588 -50.911 37.359 -1004.631 fcn-tree
3984 1 16 3721 0 -1 0 335.817 33.244 -1367.416 334.843 32.074 -1368.025 336.905 35.171 -1366.797 fcn-tree
3985 1 16 3725 0 -1 0 344.437 39.264 -1380.532 343.755 38.124 -1382.015 345.226 41.397 -1378.972 fcn-tree
3986 1 16 3729 0 -1 0 333.507 30.750 -1352.140 331.548 30.189 -1352.613 334.789 31.624 -1351.156 fcn-tree
3987 1 16 3733 0 -1 0 333.645 30.872 -1353.030 332.032 30.113 -1353.892 335.079 32.105 -1352.466 fcn-tree
3988 1 16 3737 0 -1 0 302.370 38.105 -1365.003 301.533 36.813 -1365.746 303.304 40.092 -1364.139 fcn-tree
3989 1 0 772 0 -1 0 -25.967 47.975 -299.038 -31.476 40.349 -302.541 -19.736 54.196 -294.463 fcn-rockwall
3990 1 0 797 0 -1 0 105.828 49.035 -454.016 100.009 40.944 -457.821 111.547 55.633 -448.574 fcn-rockwall
3991 1 0 842 0 -1 0 168.362 48.608 -534.107 162.524 40.735 -539.326 172.386 54.969 -529.503 fcn-rockwall
3992 1 0 897 0 -1 0 109.121 48.203 -631.048 103.327 40.469 -634.865 114.951 54.512 -625.721 fcn-rockwall
3993 1 0 982 0 -1 0 203.686 49.513 -1289.158 198.015 41.293 -1293.044 210.133 56.174 -1284.172 fcn-rockwall
3994 1 0 1002 0 -1 0 88.093 49.933 -1182.778 82.513 41.397 -1188.786 91.906 56.830 -1176.400 fcn-rockwall
3995 1 1 265 0 -1 0 9.681 32.309 -227.076 7.423 29.745 -229.445 14.149 35.636 -222.089 fcn-rockwall-bttm
3996 1 1 287 0 -1 0 115.382 32.596 -456.211 110.369 29.756 -461.208 118.192 36.257 -454.073 fcn-rockwall-bttm
3997 1 1 319 0 -1 0 116.440 32.411 -630.389 111.651 29.353 -634.894 120.007 36.171 -628.331 fcn-rockwall-bttm
3998 1 1 337 0 -1 0 172.051 32.462 -828.849 167.304 29.863 -832.583 174.575 35.762 -827.154 fcn-rockwall-bttm
3999 1 1 347 0 -1 0 147.474 32.166 -867.806 142.912 29.504 -872.344 149.784 35.467 -863.120 fcn-rockwall-bttm
4000 1 1 361 0 -1 0 54.143 32.991 -938.957 50.465 30.083 -942.475 59.434 36.762 -936.644 fcn-rockwall-bttm
4001 1 1 369 0 -1 0 -17.502 33.069 -955.857 -19.628 30.083 -960.743 -12.982 36.943 -951.866 fcn-rockwall-bttm
4002 1 1 377 0 -1 0 -59.072 32.631 -1035.371 -61.246 30.067 -1037.964 -54.692 35.958 -1029.901 fcn-rockwall-bttm
4003 1 1 473 0 -1 0 66.868 32.631 -1134.690 60.904 30.067 -1137.251 69.254 35.958 -1129.878 fcn-rockwall-bttm
4004 1 4 1916 0 -1 0 -57.414 120.675 -521.075 -64.327 110.466 -529.286 -53.056 128.862 -514.529 bch-beachrock
4005 1 0 1111 0 -1 0 344.351 46.308 -1348.339 335.519 30.073 -1352.050 351.863 56.060 -1344.865 fcn-rockwall
4006 1 16 2364 0 -1 0 119.927 41.493 -484.106 118.390 38.983 -486.019 120.955 44.511 -483.027 fcn-tree
4007 1 16 2978 0 -1 0 -125.135 49.514 -1044.838 -125.922 47.235 -1046.945 -124.382 51.790 -1041.657 fcn-tree
4008 1 25 3438 0 -1 0 140.680 28.046 -576.606 136.840 25.379 -580.161 144.868 30.056 -572.607 fcn-envmap
4009 1 25 3441 0 -1 0 135.031 23.227 -580.053 131.273 21.392 -583.746 138.852 25.460 -576.070 fcn-envmap
4010 1 25 3444 0 -1 0 2.516 31.849 -915.015 -0.935 29.682 -918.766 5.956 33.663 -911.043 fcn-envmap
4011 1 25 3447 0 -1 0 -14.751 33.858 -947.699 -18.379 32.231 -951.575 -10.985 35.517 -943.936 fcn-envmap
4012 1 25 3450 0 -1 0 -47.894 22.055 -986.019 -51.345 18.213 -988.470 -44.454 25.392 -982.875 fcn-envmap
4013 1 25 3453 0 -1 0 -76.771 26.033 -1038.425 -80.692 23.998 -1042.467 -73.041 27.799 -1034.588 fcn-envmap
4014 1 25 3456 0 -1 0 290.936 26.840 -1333.900 287.258 22.992 -1337.800 293.578 30.181 -1330.847 fcn-envmap
4015 1 4 1885 0 -1 0 -40.225 93.503 -529.516 -49.037 82.145 -537.872 -34.088 103.709 -523.495 bch-beachrock
4016 1 4 1888 0 -1 0 -121.036 94.492 -557.809 -126.969 82.653 -565.687 -113.186 104.300 -549.438 bch-beachrock
4017 1 0 604 0 -1 1250 218.750 44.120 -896.543 211.248 35.219 -903.000 225.243 49.641 -889.228 fcn-rockwall
4018 1 0 561 0 -1 1429 151.406 21.995 -570.300 143.874 12.146 -576.104 157.748 29.869 -565.442 fcn-rockwall
4019 1 16 3625 0 -1 0 182.738 39.669 -752.240 181.090 38.865 -753.154 183.494 40.971 -751.855 fcn-tree
4020 1 16 3626 0 -1 0 148.936 44.765 -863.436 147.255 42.508 -864.464 149.839 46.728 -861.763 fcn-tree
4021 1 16 3627 0 -1 0 152.140 36.853 -864.044 150.493 35.864 -864.382 153.456 37.521 -863.332 fcn-tree
4022 1 16 3628 0 -1 0 144.880 36.369 -871.501 143.731 35.049 -872.169 145.387 37.228 -869.994 fcn-tree
4023 1 16 3629 0 -1 0 124.499 53.618 -873.892 124.072 50.990 -875.061 124.873 54.964 -873.255 fcn-tree
4024 1 16 3630 0 -1 0 109.598 36.643 -889.245 108.423 35.355 -889.932 110.118 37.395 -887.707 fcn-tree
4025 1 16 3631 0 -1 0 -23.545 41.794 -910.638 -24.454 39.607 -911.651 -23.022 42.958 -909.971 fcn-tree
4026 1 16 3632 0 -1 0 139.764 38.672 -876.954 138.690 37.230 -877.611 140.342 39.926 -875.886 fcn-tree
4027 1 16 3633 0 -1 0 208.272 36.443 -1174.874 207.802 35.298 -1175.445 209.302 37.804 -1173.534 fcn-tree
4028 1 16 3634 0 -1 0 21.948 50.891 -1126.586 19.199 46.642 -1127.964 23.305 54.011 -1124.616 fcn-tree
4029 1 16 3636 0 -1 0 335.595 38.443 -1336.501 334.824 36.454 -1337.307 336.812 39.814 -1335.518 fcn-tree
4030 1 16 3637 0 -1 0 12.228 39.611 -1175.912 11.515 37.495 -1177.006 13.552 40.592 -1174.902 fcn-tree
4031 1 16 3638 0 -1 0 -88.996 48.663 -977.230 -90.025 46.534 -978.195 -88.272 50.058 -976.729 fcn-tree
4032 1 16 3639 0 -1 0 -92.502 35.988 -1004.167 -94.674 34.618 -1004.444 -91.386 36.767 -1003.461 fcn-tree
4033 1 16 3640 0 -1 0 -98.997 43.707 -1001.893 -100.403 41.822 -1002.559 -97.326 44.553 -1001.609 fcn-tree
4034 1 16 3641 0 -1 0 -51.096 33.892 -1003.341 -52.452 32.197 -1005.100 -50.313 34.714 -1002.509 fcn-tree
4035 1 16 3642 0 -1 0 -44.167 31.841 -990.129 -44.789 30.161 -991.237 -43.087 33.791 -989.565 fcn-tree
4036 1 16 3644 0 -1 0 -34.678 28.619 -1093.264 -35.329 26.890 -1093.963 -33.900 30.895 -1092.024 fcn-tree
4037 1 16 3645 0 -1 0 -37.716 28.836 -1073.742 -39.377 25.191 -1074.620 -34.337 32.517 -1072.000 fcn-tree
4038 1 16 3646 0 -1 0 335.470 31.913 -1362.315 334.803 30.197 -1362.806 336.439 33.189 -1361.802 fcn-tree
4039 1 16 3647 0 -1 0 336.175 36.323 -1347.969 335.957 34.490 -1348.630 336.649 37.323 -1346.903 fcn-tree
4040 1 16 3648 0 -1 0 333.487 33.514 -1343.695 332.855 32.292 -1344.205 334.883 34.856 -1342.715 fcn-tree
4041 1 16 3649 0 -1 0 333.274 33.768 -1340.643 332.818 32.241 -1342.282 334.420 35.463 -1339.886 fcn-tree
4042 1 16 3650 0 -1 0 291.058 32.002 -1342.946 289.793 30.452 -1343.601 291.647 33.298 -1342.439 fcn-tree
4043 1 16 2980 0 -1 0 -124.286 49.502 -1046.153 -125.345 48.908 -1047.678 -123.785 50.752 -1044.888 fcn-tree
4044 1 16 3465 0 -1 0 43.845 61.809 -387.991 42.479 61.128 -388.855 44.912 62.993 -387.425 fcn-tree
4045 1 16 3477 0 -1 0 91.947 57.525 -438.923 91.038 56.553 -439.638 93.402 58.606 -437.838 fcn-tree
4046 1 16 3483 0 -1 0 106.718 59.253 -454.580 105.573 58.681 -455.238 107.423 60.315 -454.032 fcn-tree
4047 1 16 3495 0 -1 0 112.118 56.489 -495.600 111.117 55.959 -496.128 112.849 57.409 -494.576 fcn-tree
4048 1 16 3507 0 -1 0 171.378 54.123 -717.013 170.811 52.806 -718.050 171.847 56.263 -715.136 fcn-tree
4049 1 16 3549 0 -1 0 121.410 60.173 -869.383 119.703 59.046 -870.257 122.760 61.591 -867.758 fcn-tree
4050 1 16 3555 0 -1 0 143.333 57.972 -860.307 142.603 57.004 -861.226 143.904 59.620 -858.721 fcn-tree
4051 1 16 3579 0 -1 0 91.522 53.726 -1176.218 90.876 52.778 -1177.315 92.812 55.225 -1175.272 fcn-tree
4052 1 16 3585 0 -1 0 19.227 52.475 -1180.249 18.098 50.538 -1181.839 19.979 55.635 -1177.464 fcn-tree
4053 1 16 3591 0 -1 0 -89.363 55.101 -987.294 -91.747 54.112 -989.888 -88.084 56.898 -985.526 fcn-tree
4054 1 16 3597 0 -1 0 -32.235 52.263 -912.733 -33.645 51.168 -914.376 -31.372 52.863 -911.819 fcn-tree
4055 1 16 3603 0 -1 0 -113.481 58.622 -1099.518 -115.298 57.804 -1100.051 -112.251 59.991 -1099.122 fcn-tree
4056 1 0 1224 0 -1 0 10.075 46.120 -191.928 3.044 35.917 -198.344 16.501 54.307 -186.390 fcn-rockwall
4057 1 0 1225 0 -1 0 20.120 46.120 -217.355 11.974 35.917 -222.481 26.330 54.307 -213.287 fcn-rockwall
4058 1 0 1226 0 -1 0 -38.896 46.120 -222.223 -45.143 35.917 -226.678 -30.723 54.307 -216.808 fcn-rockwall
4059 1 0 1227 0 -1 0 -39.629 46.120 -206.342 -46.009 35.917 -212.055 -32.959 54.307 -199.520 fcn-rockwall
4060 1 0 1229 0 -1 0 19.374 50.970 -255.970 11.319 37.757 -261.525 25.819 61.572 -250.710 fcn-rockwall
4061 1 0 1231 0 -1 0 -31.520 46.120 -276.705 -37.905 35.917 -281.690 -23.613 54.307 -271.766 fcn-rockwall
4062 1 0 1232 0 -1 0 -20.339 50.744 -318.050 -26.724 37.669 -323.036 -12.432 61.236 -313.112 fcn-rockwall
4063 1 0 1236 0 -1 0 109.582 47.799 -470.550 103.377 36.543 -474.601 117.589 56.816 -465.764 fcn-rockwall
4064 1 0 1237 0 -1 0 80.759 46.984 -348.278 74.593 36.242 -353.213 86.188 55.603 -343.759 fcn-rockwall
4065 1 0 1239 0 -1 0 68.853 49.094 -334.478 62.353 37.045 -341.450 75.190 58.762 -328.712 fcn-rockwall
4066 1 0 1240 0 -1 0 -10.108 48.339 -337.466 -16.933 36.756 -343.344 -2.736 57.634 -331.029 fcn-rockwall
4067 1 0 1241 0 -1 0 172.645 50.963 -516.024 164.558 37.753 -522.051 178.857 61.563 -510.856 fcn-rockwall
4068 1 0 1243 0 -1 0 152.876 24.216 -574.422 145.766 13.437 -579.536 158.490 32.535 -569.975 fcn-rockwall
4069 1 0 1245 0 -1 0 212.621 50.906 -667.630 204.731 37.933 -672.919 219.177 61.316 -662.308 fcn-rockwall
4070 1 0 1246 0 -1 0 227.977 49.121 -712.884 220.032 37.057 -718.499 234.714 58.801 -707.202 fcn-rockwall
4071 1 0 1247 0 -1 0 175.921 47.758 -742.848 169.836 36.539 -746.504 183.956 56.761 -738.705 fcn-rockwall
4072 1 0 1248 0 -1 0 174.286 48.863 -766.291 168.075 36.964 -771.409 182.375 58.412 -760.319 fcn-rockwall
4073 1 0 1250 0 -1 0 112.450 23.638 -601.742 106.412 14.090 -606.709 119.408 31.300 -596.381 fcn-rockwall
4074 1 0 1251 0 -1 0 109.442 25.871 -577.973 104.007 14.435 -581.963 116.625 35.048 -572.813 fcn-rockwall
4075 1 0 1252 0 -1 0 116.556 48.284 -645.357 110.382 36.552 -650.444 123.476 57.496 -640.354 fcn-rockwall
4076 1 0 1253 0 -1 0 122.526 50.507 -656.216 116.110 37.584 -661.280 130.273 60.877 -650.943 fcn-rockwall
4077 1 0 1263 0 -1 0 211.011 48.938 -908.633 204.158 36.994 -915.766 217.027 58.523 -900.632 fcn-rockwall
4078 1 0 1266 0 -1 0 131.542 45.762 -870.051 125.647 35.502 -877.177 138.179 53.956 -863.338 fcn-rockwall
4079 1 0 1267 0 -1 0 143.763 50.352 -928.890 138.747 37.435 -934.766 148.720 60.600 -921.967 fcn-rockwall
4080 1 0 1268 0 -1 0 10.378 51.514 -899.626 6.366 37.535 -906.183 15.684 62.333 -894.345 fcn-rockwall
4081 1 0 1269 0 -1 0 -10.810 48.270 -903.779 -16.167 36.343 -910.465 -5.399 57.495 -897.800 fcn-rockwall
4082 1 0 1270 0 -1 0 -62.259 47.380 -927.542 -68.948 36.505 -933.220 -53.326 56.248 -920.936 fcn-rockwall
4083 1 0 1271 0 -1 0 -50.611 49.280 -915.955 -56.187 36.642 -921.901 -43.959 59.069 -910.158 fcn-rockwall
4084 1 0 1272 0 -1 0 100.527 46.442 -948.735 95.738 36.239 -955.085 105.319 54.629 -940.768 fcn-rockwall
4085 1 0 1273 0 -1 0 61.231 48.649 -952.595 54.929 37.081 -958.749 66.670 57.932 -944.762 fcn-rockwall
4086 1 0 1274 0 -1 0 80.174 46.442 -954.077 75.477 36.239 -960.258 84.282 54.629 -946.037 fcn-rockwall
4087 1 0 1275 0 -1 0 17.329 49.868 -949.812 11.988 37.540 -956.101 21.863 59.760 -941.723 fcn-rockwall
4088 1 0 1276 0 -1 0 -16.644 49.289 -965.111 -24.625 37.325 -971.252 -10.499 58.890 -960.087 fcn-rockwall
4089 1 0 1277 0 -1 0 -2.134 49.152 -956.102 -7.868 37.270 -962.673 3.256 58.687 -948.482 fcn-rockwall
4090 1 0 1278 0 -1 0 -40.256 26.679 -978.057 -48.476 15.865 -984.283 -34.056 35.356 -973.248 fcn-rockwall
4091 1 0 1280 0 -1 0 -35.648 26.177 -1094.364 -43.690 15.974 -1099.158 -29.306 34.365 -1089.873 fcn-rockwall
4092 1 0 1281 0 -1 0 -48.035 46.442 -1024.672 -56.239 36.239 -1030.288 -41.796 54.629 -1020.211 fcn-rockwall
4093 1 0 1282 0 -1 0 -49.216 29.808 -999.155 -57.833 17.177 -1005.820 -42.673 40.074 -993.511 fcn-rockwall
4094 1 0 1283 0 -1 0 -42.991 30.308 -1061.172 -52.621 16.937 -1068.330 -34.234 40.360 -1054.398 fcn-rockwall
4095 1 0 1284 0 -1 0 -68.687 46.010 -940.452 -75.130 36.181 -945.925 -60.102 54.033 -934.076 fcn-rockwall
4096 1 0 1285 0 -1 0 -81.088 47.602 -956.780 -87.476 36.529 -963.394 -73.016 56.586 -950.058 fcn-rockwall
4097 1 0 1286 0 -1 0 -92.188 48.442 -975.228 -98.707 36.918 -980.300 -83.361 57.835 -969.012 fcn-rockwall
4098 1 0 1287 0 -1 0 -100.890 47.629 -992.688 -107.389 36.608 -997.751 -92.096 56.619 -986.476 fcn-rockwall
4099 1 0 1288 0 -1 0 -108.496 45.886 -1015.493 -115.192 35.998 -1020.680 -99.530 53.994 -1009.178 fcn-rockwall
4100 1 0 1289 0 -1 0 -59.869 26.687 -1046.947 -67.502 16.983 -1053.715 -52.913 34.720 -1041.082 fcn-rockwall
4101 1 0 1290 0 -1 0 -108.270 28.354 -1043.341 -114.425 15.899 -1048.652 -100.387 38.349 -1037.087 fcn-rockwall
4102 1 0 1291 0 -1 0 -112.150 27.922 -1060.367 -119.073 15.720 -1064.830 -103.058 37.698 -1054.652 fcn-rockwall
4103 1 0 1292 0 -1 0 -77.030 23.501 -1120.818 -82.943 13.642 -1126.753 -72.231 31.413 -1113.089 fcn-rockwall
4104 1 0 1293 0 -1 0 -111.151 29.875 -1081.827 -118.202 18.157 -1086.659 -102.156 39.278 -1076.436 fcn-rockwall
4105 1 0 1294 0 -1 0 -88.367 28.098 -1114.004 -95.016 16.472 -1119.676 -81.067 37.426 -1107.687 fcn-rockwall
4106 1 0 1295 0 -1 0 -100.035 30.144 -1097.785 -107.626 17.255 -1104.338 -91.875 40.486 -1090.601 fcn-rockwall
4107 1 0 1296 0 -1 0 221.923 51.717 -1168.188 215.833 38.080 -1176.886 228.921 62.663 -1161.355 fcn-rockwall
4108 1 0 1297 0 -1 0 238.274 51.727 -1181.241 230.272 38.093 -1188.165 245.434 62.671 -1175.185 fcn-rockwall
4109 1 0 1299 0 -1 0 250.001 48.203 -1220.012 241.851 36.664 -1225.325 256.240 57.461 -1215.610 fcn-rockwall
4110 1 0 1300 0 -1 0 276.107 49.995 -1265.501 268.285 37.587 -1270.962 282.703 59.952 -1260.116 fcn-rockwall
4111 1 0 1301 0 -1 0 261.535 48.256 -1252.746 256.524 36.930 -1260.730 267.671 57.345 -1246.602 fcn-rockwall
4112 1 0 1302 0 -1 0 250.378 46.900 -1238.619 242.589 36.164 -1243.921 256.853 55.515 -1233.454 fcn-rockwall
4113 1 0 1303 0 -1 0 312.822 48.115 -1294.276 306.729 36.879 -1301.566 319.053 57.132 -1288.400 fcn-rockwall
4114 1 0 1307 0 -1 0 327.864 29.151 -1329.504 319.597 17.690 -1334.723 334.470 38.448 -1324.465 fcn-rockwall
4115 1 0 1308 0 -1 0 332.703 26.964 -1348.151 324.637 16.761 -1352.783 338.976 35.151 -1344.166 fcn-rockwall
4116 1 0 1309 0 -1 0 319.144 25.311 -1318.010 313.876 15.108 -1325.668 324.942 33.498 -1312.123 fcn-rockwall
4117 1 0 1310 0 -1 0 303.825 29.883 -1359.826 297.906 19.348 -1364.360 311.050 38.185 -1355.408 fcn-rockwall
4118 1 0 1311 0 -1 0 295.113 26.859 -1343.820 288.554 16.798 -1349.634 302.011 35.002 -1336.897 fcn-rockwall
4119 1 0 1313 0 -1 0 350.164 48.771 -1364.532 342.472 37.125 -1370.260 356.803 58.116 -1359.051 fcn-rockwall
4120 1 0 1314 0 -1 0 355.241 46.442 -1384.750 347.033 36.239 -1390.648 361.514 54.629 -1379.848 fcn-rockwall
4121 1 0 1317 0 -1 0 187.044 47.611 -1151.562 179.805 36.688 -1157.968 193.699 56.376 -1145.850 fcn-rockwall
4122 1 0 1318 0 -1 0 164.321 49.455 -1139.688 159.958 37.381 -1147.787 169.503 59.143 -1133.473 fcn-rockwall
4123 1 0 1319 0 -1 0 120.440 51.009 -1127.243 116.173 37.977 -1135.292 125.352 61.468 -1121.106 fcn-rockwall
4124 1 0 1320 0 -1 0 98.286 48.495 -1124.022 93.426 37.022 -1132.263 104.217 57.702 -1117.739 fcn-rockwall
4125 1 0 1321 0 -1 0 201.502 49.761 -1162.248 196.798 37.303 -1170.489 207.344 59.757 -1155.977 fcn-rockwall
4126 1 0 1322 0 -1 0 95.077 45.390 -1180.324 90.383 35.837 -1186.500 99.191 53.056 -1172.288 fcn-rockwall
4127 1 0 1324 0 -1 0 149.680 49.451 -1192.813 143.163 37.076 -1199.099 154.746 59.382 -1184.534 fcn-rockwall
4128 1 0 1325 0 -1 0 131.975 47.739 -1185.580 126.386 36.731 -1191.823 136.434 56.572 -1177.375 fcn-rockwall
4129 1 0 1326 0 -1 0 169.244 50.301 -1205.347 162.463 37.392 -1211.725 175.064 60.659 -1197.472 fcn-rockwall
4130 1 0 1329 0 -1 0 52.327 46.442 -1126.093 47.475 36.239 -1134.147 57.973 54.629 -1119.903 fcn-rockwall
4131 1 0 1330 0 -1 0 9.509 46.442 -1124.385 5.155 36.239 -1132.472 14.663 54.629 -1118.178 fcn-rockwall
4132 1 0 1331 0 -1 0 40.907 47.103 -1185.303 36.213 36.496 -1191.479 45.021 55.614 -1177.267 fcn-rockwall
4133 1 0 1332 0 -1 0 3.137 49.127 -1180.593 -2.936 37.260 -1186.726 7.995 58.650 -1172.565 fcn-rockwall
4134 1 0 1333 0 -1 0 -15.649 46.442 -1171.227 -21.721 36.239 -1177.360 -10.791 54.629 -1163.200 fcn-rockwall
4135 1 0 1334 0 -1 0 -34.839 48.112 -1162.368 -40.563 36.870 -1168.575 -30.374 57.133 -1154.182 fcn-rockwall
4136 1 0 1335 0 -1 0 -70.941 51.023 -1140.168 -76.665 37.980 -1146.375 -66.476 61.489 -1131.982 fcn-rockwall
4137 1 2 1801 0 -1 0 131.970 16.416 -569.098 129.216 13.051 -569.758 134.261 19.176 -568.286 fcn-rockwall-cliffside
4138 1 2 1803 0 -1 0 117.504 16.416 -607.835 115.764 13.051 -608.716 119.598 19.176 -607.221 fcn-rockwall-cliffside
4139 1 2 1807 0 -1 0 203.310 16.416 -784.016 200.556 13.051 -784.677 205.601 19.176 -783.205 fcn-rockwall-cliffside
4140 1 2 1822 0 -1 0 323.639 16.416 -1362.468 321.891 13.051 -1363.581 325.745 19.176 -1361.633 fcn-rockwall-cliffside
4141 1 2 1827 0 -1 0 109.255 16.416 -1154.024 108.210 13.051 -1155.943 110.111 19.176 -1152.378 fcn-rockwall-cliffside
4142 1 0 754 0 -1 0 -33.566 45.786 -239.815 -39.811 36.276 -243.696 -26.062 52.280 -235.854 fcn-rockwall
4143 1 0 769 0 -1 0 -33.549 45.782 -256.144 -39.715 36.248 -258.946 -25.794 52.278 -252.170 fcn-rockwall
4144 1 0 779 0 -1 0 122.547 45.564 -387.139 116.448 36.322 -393.929 128.622 51.814 -381.337 fcn-rockwall
4145 1 0 784 0 -1 0 105.712 44.973 -363.038 102.271 36.035 -371.006 110.246 51.017 -356.676 fcn-rockwall
4146 1 0 789 0 -1 0 151.530 45.927 -417.137 144.383 36.481 -423.414 158.566 52.310 -411.350 fcn-rockwall
4147 1 0 794 0 -1 0 170.833 47.895 -466.500 162.827 37.310 -470.705 177.514 55.065 -462.244 fcn-rockwall
4148 1 0 799 0 -1 0 106.026 49.253 -449.848 99.669 37.680 -454.149 113.347 57.151 -445.423 fcn-rockwall
4149 1 0 804 0 -1 0 93.060 45.334 -360.058 89.615 36.182 -368.026 97.597 51.524 -353.696 fcn-rockwall
4150 1 0 809 0 -1 0 93.927 46.365 -433.538 87.871 36.568 -439.848 99.149 53.059 -426.127 fcn-rockwall
4151 1 0 829 0 -1 0 16.516 45.127 -361.551 11.073 35.462 -365.447 22.569 51.814 -357.305 fcn-rockwall
4152 1 0 834 0 -1 0 26.147 45.284 -371.450 21.015 36.141 -377.709 30.448 51.530 -363.828 fcn-rockwall
4153 1 0 844 0 -1 0 165.177 48.905 -534.883 158.418 37.717 -540.500 170.815 56.537 -529.021 fcn-rockwall
4154 1 0 849 0 -1 0 165.229 46.178 -616.488 158.997 36.569 -623.511 171.755 52.672 -610.383 fcn-rockwall
4155 1 0 854 0 -1 0 197.235 48.813 -653.451 190.966 37.627 -660.475 203.778 56.379 -647.346 fcn-rockwall
4156 1 0 859 0 -1 0 219.430 47.754 -689.048 211.324 37.250 -692.961 226.046 54.872 -685.003 fcn-rockwall
4157 1 0 864 0 -1 0 155.606 45.052 -691.319 148.761 35.742 -696.849 162.904 51.386 -685.302 fcn-rockwall
4158 1 0 869 0 -1 0 169.554 45.761 -710.333 163.274 36.297 -715.906 175.849 52.228 -704.030 fcn-rockwall
4159 1 0 874 0 -1 0 176.064 45.443 -726.599 169.786 36.205 -729.069 184.295 51.724 -724.238 fcn-rockwall
4160 1 0 879 0 -1 0 231.496 43.883 -738.704 223.221 35.693 -742.894 237.930 49.446 -735.669 fcn-rockwall
4161 1 0 889 0 -1 0 114.656 49.782 -538.946 108.461 37.859 -541.710 122.426 57.900 -534.622 fcn-rockwall
4162 1 0 894 0 -1 0 109.171 47.761 -551.597 102.968 37.052 -556.070 116.650 55.044 -546.190 fcn-rockwall
4163 1 0 899 0 -1 0 109.456 48.408 -626.888 103.121 37.340 -631.028 116.884 55.961 -622.690 fcn-rockwall
4164 1 0 904 0 -1 0 232.330 45.535 -764.116 224.074 36.369 -767.633 238.851 51.752 -760.393 fcn-rockwall
4165 1 0 909 0 -1 0 222.611 50.031 -840.019 214.511 38.083 -844.107 228.886 58.153 -836.983 fcn-rockwall
4166 1 0 914 0 -1 0 145.067 45.769 -858.932 139.203 36.252 -863.803 152.145 52.243 -853.745 fcn-rockwall
4167 1 0 919 0 -1 0 162.845 53.508 -926.044 159.564 39.482 -932.325 166.035 63.044 -917.936 fcn-rockwall
4168 1 0 924 0 -1 0 117.412 47.838 -878.498 112.979 37.116 -885.917 121.976 55.109 -871.949 fcn-rockwall
4169 1 0 929 0 -1 0 75.375 45.658 -889.311 72.529 36.264 -897.464 78.378 52.015 -883.086 fcn-rockwall
4170 1 0 934 0 -1 0 95.592 45.706 -884.354 91.190 36.249 -891.811 100.113 52.115 -877.810 fcn-rockwall
4171 1 0 944 0 -1 0 34.557 45.661 -900.612 31.687 36.278 -908.777 37.796 52.009 -894.385 fcn-rockwall
4172 1 0 949 0 -1 0 -30.398 45.795 -906.750 -33.374 36.165 -914.610 -27.576 52.311 -900.570 fcn-rockwall
4173 1 0 954 0 -1 0 121.763 45.673 -939.075 116.613 36.325 -945.938 126.819 52.028 -931.599 fcn-rockwall
4174 1 0 959 0 -1 0 40.728 49.831 -945.123 37.244 38.002 -951.354 43.853 57.873 -936.961 fcn-rockwall
4175 1 0 964 0 -1 0 -7.425 45.673 -1115.217 -12.179 36.325 -1122.764 -1.994 52.028 -1108.976 fcn-rockwall
4176 1 0 969 0 -1 0 267.882 46.596 -1337.303 262.352 36.691 -1343.674 272.491 53.329 -1329.599 fcn-rockwall
4177 1 0 974 0 -1 0 143.478 49.232 -1131.839 139.388 37.755 -1139.776 148.876 57.035 -1125.345 fcn-rockwall
4178 1 0 984 0 -1 0 204.733 49.743 -1285.046 198.433 37.967 -1288.295 212.787 57.749 -1282.046 fcn-rockwall
4179 1 0 989 0 -1 0 193.244 50.509 -1239.312 186.944 38.274 -1242.561 201.298 58.827 -1236.311 fcn-rockwall
4180 1 0 994 0 -1 0 76.056 46.532 -1125.511 72.047 36.671 -1133.449 79.803 53.237 -1119.026 fcn-rockwall
4181 1 0 999 0 -1 0 60.584 49.085 -1183.352 57.338 37.752 -1189.734 63.127 56.843 -1174.957 fcn-rockwall
4182 1 0 1004 0 -1 0 83.911 50.388 -1182.178 79.604 38.303 -1188.697 88.104 58.632 -1174.065 fcn-rockwall
4183 1 0 1009 0 -1 0 32.908 48.280 -1124.658 30.355 37.371 -1132.821 35.885 55.697 -1118.435 fcn-rockwall
4184 1 0 1014 0 -1 0 22.025 44.607 -1181.277 18.838 35.934 -1187.613 25.112 50.535 -1172.968 fcn-rockwall
4185 1 0 1019 0 -1 0 -52.763 48.680 -1149.212 -58.658 37.491 -1155.377 -47.460 56.367 -1141.978 fcn-rockwall
4186 1 16 2363 0 -1 0 114.213 42.496 -449.037 112.327 40.282 -450.911 115.349 45.456 -448.033 fcn-tree
4187 1 16 2365 0 -1 0 74.757 45.890 -406.610 73.095 42.209 -407.913 77.473 48.824 -405.734 fcn-tree
4188 1 16 2366 0 -1 0 88.648 37.422 -418.573 88.274 35.295 -420.625 89.072 40.156 -417.464 fcn-tree
4189 1 16 2367 0 -1 0 51.469 47.977 -386.629 48.982 44.623 -387.388 52.909 51.931 -386.205 fcn-tree
4190 1 16 2368 0 -1 0 147.128 27.740 -601.173 145.605 25.026 -602.754 149.676 29.557 -600.374 fcn-tree
4191 1 16 2369 0 -1 0 147.807 29.035 -600.603 146.583 27.570 -602.660 149.605 29.792 -599.022 fcn-tree
4192 1 16 2370 0 -1 0 143.978 28.273 -606.381 141.627 27.058 -608.323 146.722 29.025 -604.535 fcn-tree
4193 1 16 2371 0 -1 0 152.216 39.670 -676.335 151.191 35.865 -677.651 153.125 43.363 -675.659 fcn-tree
4194 1 16 2372 0 -1 0 170.185 45.444 -707.967 169.160 41.639 -709.283 171.094 49.136 -707.291 fcn-tree
4195 1 16 2373 0 -1 0 170.168 45.070 -706.398 169.173 41.499 -708.543 170.726 47.331 -703.136 fcn-tree
4196 1 16 2374 0 -1 0 177.132 40.833 -707.446 176.550 37.969 -710.491 177.551 42.369 -703.578 fcn-tree
4197 1 16 2375 0 -1 0 183.189 48.648 -752.188 180.849 46.623 -753.284 184.435 51.582 -750.276 fcn-tree
4198 1 16 2376 0 -1 0 183.819 39.055 -751.439 181.871 37.507 -752.627 184.853 40.570 -749.675 fcn-tree
4199 1 16 2377 0 -1 0 224.342 42.624 -760.623 221.483 40.833 -762.070 226.592 43.651 -758.672 fcn-tree
4200 1 16 2378 0 -1 0 223.430 41.130 -754.857 222.103 38.294 -755.789 225.088 43.924 -753.992 fcn-tree
4201 1 16 2379 0 -1 0 174.598 54.204 -759.305 172.258 52.179 -760.401 175.845 57.138 -757.393 fcn-tree
4202 1 16 2380 0 -1 0 122.508 45.561 -497.449 120.904 42.690 -497.901 124.995 47.583 -496.579 fcn-tree
4203 1 16 2381 0 -1 0 120.152 49.549 -491.647 119.517 46.440 -492.206 121.396 52.321 -490.543 fcn-tree
4204 1 16 2382 0 -1 0 119.012 45.082 -539.473 116.849 43.594 -540.678 121.957 45.869 -537.182 fcn-tree
4205 1 16 2383 0 -1 0 118.007 46.290 -538.228 117.078 43.357 -538.895 118.753 49.411 -537.337 fcn-tree
4206 1 16 2384 0 -1 0 123.382 40.310 -514.478 121.778 37.439 -514.931 125.869 42.332 -513.609 fcn-tree
4207 1 16 2385 0 -1 0 119.660 46.562 -514.502 118.691 43.941 -515.622 120.185 49.574 -512.590 fcn-tree
4208 1 16 2386 0 -1 0 111.913 47.787 -628.037 110.888 43.982 -629.354 112.822 51.479 -627.361 fcn-tree
4209 1 16 2387 0 -1 0 124.925 47.917 -652.354 123.900 44.112 -653.670 125.834 51.609 -651.677 fcn-tree
4210 1 16 2388 0 -1 0 173.280 54.916 -784.095 170.406 53.012 -784.710 175.025 57.737 -783.032 fcn-tree
4211 1 16 2389 0 -1 0 181.859 38.989 -782.587 180.374 35.929 -783.288 182.847 42.238 -781.811 fcn-tree
4212 1 16 2390 0 -1 0 168.199 48.164 -920.179 167.436 44.800 -921.033 169.562 51.439 -918.735 fcn-tree
4213 1 16 2391 0 -1 0 172.361 38.429 -911.324 171.215 36.688 -914.674 173.944 39.346 -908.347 fcn-tree
4214 1 16 2392 0 -1 0 55.179 38.706 -900.464 53.982 36.058 -902.110 55.957 40.410 -897.716 fcn-tree
4215 1 16 2393 0 -1 0 42.087 49.296 -899.715 40.220 47.136 -900.813 44.091 51.899 -897.796 fcn-tree
4216 1 16 2394 0 -1 0 34.717 40.715 -906.306 32.850 38.555 -907.405 36.721 43.317 -904.388 fcn-tree
4217 1 16 2395 0 -1 0 -24.212 42.522 -910.557 -24.830 39.323 -911.397 -23.163 45.682 -909.844 fcn-tree
4218 1 16 2396 0 -1 0 -44.997 31.725 -992.916 -46.154 28.785 -994.374 -42.879 34.442 -992.129 fcn-tree
4219 1 16 2397 0 -1 0 -50.066 35.045 -1004.164 -51.353 32.088 -1005.216 -49.297 38.321 -1003.341 fcn-tree
4220 1 16 2398 0 -1 0 82.018 43.780 -1128.998 80.221 40.704 -1130.115 84.234 46.580 -1128.078 fcn-tree
4221 1 16 2400 0 -1 0 206.972 36.335 -1175.043 205.267 35.031 -1176.531 209.599 38.509 -1173.287 fcn-tree
4222 1 16 2401 0 -1 0 306.882 44.045 -1304.147 305.685 41.370 -1305.311 307.782 46.984 -1302.550 fcn-tree
4223 1 16 2402 0 -1 0 337.099 39.587 -1336.222 335.998 36.172 -1337.989 337.945 43.423 -1335.149 fcn-tree
4224 1 16 2403 0 -1 0 337.829 35.988 -1358.710 337.070 33.130 -1360.046 338.915 38.907 -1357.896 fcn-tree
4225 1 16 2404 0 -1 0 303.258 34.267 -1368.879 302.187 31.985 -1370.298 305.315 36.298 -1366.515 fcn-tree
4226 1 16 2405 0 -1 0 284.782 35.763 -1338.632 283.229 33.133 -1340.015 285.701 38.824 -1337.710 fcn-tree
4227 1 16 2406 0 -1 0 335.661 34.055 -1378.028 335.050 31.575 -1379.271 336.374 36.979 -1375.679 fcn-tree
4228 1 16 2407 0 -1 0 58.089 44.549 -1134.877 57.449 42.136 -1136.611 58.914 47.679 -1132.053 fcn-tree
4229 1 16 2408 0 -1 0 32.058 47.242 -1182.467 30.914 43.757 -1184.016 33.542 50.882 -1181.258 fcn-tree
4230 1 16 2409 0 -1 0 44.999 41.119 -1176.931 43.854 37.633 -1178.480 46.482 44.758 -1175.722 fcn-tree
4231 1 16 2410 0 -1 0 44.036 41.878 -1178.285 43.640 37.421 -1180.422 45.066 46.064 -1177.265 fcn-tree
4232 1 16 2411 0 -1 0 15.649 48.615 -1175.812 14.434 47.153 -1179.158 17.559 49.438 -1171.894 fcn-tree
4233 1 16 2413 0 -1 0 8.575 36.019 -1172.221 6.814 33.576 -1175.621 10.716 37.162 -1169.666 fcn-tree
4234 1 16 2555 0 -1 0 157.765 52.141 -598.206 156.783 48.567 -602.758 158.206 55.934 -593.794 fcn-tree
4235 1 16 3155 0 -1 0 179.500 51.626 -1143.444 178.741 45.932 -1145.575 180.439 57.659 -1142.403 fcn-tree
4236 1 16 3158 0 -1 0 195.999 56.071 -1163.400 195.155 50.529 -1164.906 197.243 62.109 -1160.938 fcn-tree
4237 1 16 3206 0 -1 0 156.323 52.287 -1195.428 154.728 48.353 -1197.224 157.349 56.522 -1194.067 fcn-tree
4238 1 16 3651 0 -1 0 7.178 48.228 -349.159 5.854 45.372 -351.147 9.396 50.141 -348.011 fcn-tree
4239 1 16 3663 0 -1 0 108.106 28.693 -596.808 107.237 25.497 -598.431 108.914 30.707 -594.464 fcn-tree
4240 1 16 3671 0 -1 0 226.349 44.248 -758.104 224.887 42.646 -758.617 228.758 46.210 -757.649 fcn-tree
4241 1 16 3679 0 -1 0 39.629 43.541 -905.153 38.540 40.939 -906.006 41.355 45.207 -904.267 fcn-tree
4242 1 16 3691 0 -1 0 -27.532 47.135 -909.103 -28.620 44.532 -909.956 -25.805 48.801 -908.218 fcn-tree
4243 1 16 3695 0 -1 0 176.575 44.436 -913.533 174.469 37.705 -916.885 179.709 49.206 -911.257 fcn-tree
4244 1 16 3699 0 -1 0 283.423 35.755 -1337.280 281.857 33.087 -1338.124 284.452 37.512 -1336.572 fcn-tree
4245 1 16 3707 0 -1 0 -43.057 36.059 -991.928 -43.521 33.359 -993.210 -42.599 37.950 -990.923 fcn-tree
4246 1 16 3711 0 -1 0 -33.542 35.070 -1093.316 -35.197 33.123 -1094.203 -31.347 36.359 -1092.115 fcn-tree
4247 1 16 3715 0 -1 0 -51.647 35.112 -1004.681 -52.702 32.616 -1005.715 -50.542 37.081 -1004.026 fcn-tree
4248 1 16 3719 0 -1 0 336.576 32.955 -1366.696 336.053 30.486 -1368.116 337.031 34.952 -1365.536 fcn-tree
4249 1 16 3727 0 -1 0 334.035 31.091 -1351.255 332.641 29.040 -1352.277 336.043 32.642 -1350.356 fcn-tree
4250 1 16 3731 0 -1 0 334.657 31.064 -1353.372 333.244 29.088 -1354.920 335.643 32.455 -1351.337 fcn-tree
4251 1 16 3735 0 -1 0 303.350 37.640 -1364.962 301.947 35.327 -1366.238 304.096 39.662 -1363.832 fcn-tree
4252 1 17 3271 0 -1 0 -40.583 21.592 -967.332 -48.967 11.566 -975.730 -32.842 30.472 -960.340 fcn-bridge
4253 1 17 3272 0 -1 0 -48.664 21.764 -1114.200 -57.579 11.736 -1121.026 -40.801 30.655 -1106.284 fcn-bridge
4254 1 17 3273 0 -1 0 -87.101 21.598 -1031.613 -94.076 11.570 -1037.546 -79.341 30.489 -1024.956 fcn-bridge
4255 1 17 3275 0 -1 0 -65.290 21.981 -1083.618 -73.128 11.954 -1091.323 -56.477 30.861 -1076.789 fcn-bridge
4256 1 17 3276 0 -1 0 316.875 22.348 -1365.178 307.492 12.326 -1371.989 324.573 31.118 -1357.700 fcn-bridge
4257 1 0 1022 0 -1 0 170.095 45.952 -584.317 160.628 30.082 -589.547 176.928 55.758 -577.637 fcn-rockwall
4258 1 0 1078 0 -1 0 -110.732 44.948 -1026.284 -118.900 30.073 -1034.333 -102.217 54.139 -1021.456 fcn-rockwall
4259 1 0 1090 0 -1 0 -124.618 44.934 -1084.234 -131.017 30.075 -1091.833 -115.211 54.114 -1077.534 fcn-rockwall
4260 1 0 1110 0 -1 0 346.307 46.192 -1357.981 336.881 30.073 -1361.274 353.132 56.151 -1353.433 fcn-rockwall
4261 1 0 1126 0 -1 0 101.444 47.654 -1177.753 98.319 30.081 -1185.164 106.656 58.511 -1168.539 fcn-rockwall
4262 1 10 3412 0 -1 0 121.103 29.852 -423.181 113.531 25.807 -430.961 128.666 33.513 -415.398 pbot-precursor-metal-plain-01
4263 1 10 3415 0 -1 0 173.767 30.404 -860.496 163.973 26.352 -869.194 183.561 34.070 -851.788 pbot-precursor-metal-plain-01
4264 1 10 3418 0 -1 0 222.320 31.877 -1205.261 215.384 27.834 -1212.837 229.250 35.536 -1197.680 pbot-precursor-metal-plain-01
4265 1 10 3421 0 -1 0 239.560 31.308 -1274.379 232.190 27.265 -1281.341 246.927 34.967 -1267.411 pbot-precursor-metal-plain-01
4266 1 10 3424 0 -1 0 253.828 31.308 -1290.026 247.062 27.265 -1297.410 260.599 34.967 -1282.645 pbot-precursor-metal-plain-01
4267 1 10 3427 0 -1 0 61.498 31.283 -1154.934 53.956 27.240 -1161.620 69.038 34.943 -1148.253 pbot-precursor-metal-plain-01
4268 1 20 3412 0 -1 0 121.053 29.794 -423.216 112.694 25.814 -431.452 129.412 33.040 -414.966 fcn-stonehengetop
4269 1 20 3415 0 -1 0 173.733 30.345 -860.442 164.023 26.361 -869.966 183.456 33.595 -850.919 fcn-stonehengetop
4270 1 20 3418 0 -1 0 222.259 31.818 -1205.282 213.452 27.840 -1212.476 231.075 35.063 -1198.075 fcn-stonehengetop
4271 1 20 3421 0 -1 0 239.531 31.250 -1274.435 232.257 27.271 -1283.049 246.800 34.495 -1265.814 fcn-stonehengetop
4272 1 20 3424 0 -1 0 253.889 31.250 -1290.006 245.109 27.271 -1296.931 262.660 34.495 -1283.094 fcn-stonehengetop
4273 1 20 3427 0 -1 0 61.518 31.225 -1154.994 54.504 27.246 -1163.554 68.519 34.470 -1146.424 fcn-stonehengetop
4274 1 10 3413 0 -1 0 117.779 29.873 -418.786 112.331 26.043 -421.378 121.758 33.514 -414.243 pbot-precursor-metal-plain-01
4275 1 10 3416 0 -1 0 179.600 30.430 -856.373 177.133 26.598 -860.531 184.465 34.071 -850.419 pbot-precursor-metal-plain-01
4276 1 10 3419 0 -1 0 220.456 31.896 -1200.602 214.246 28.066 -1202.301 225.853 35.537 -1197.244 pbot-precursor-metal-plain-01
4277 1 10 3420 0 -1 0 224.190 31.871 -1209.938 218.786 28.040 -1213.276 230.393 35.509 -1208.228 pbot-precursor-metal-plain-01
4278 1 10 3422 0 -1 0 235.146 31.328 -1272.310 231.541 27.497 -1277.396 236.983 34.968 -1266.274 pbot-precursor-metal-plain-01
4279 1 10 3423 0 -1 0 243.993 31.302 -1276.457 242.145 27.471 -1282.484 247.578 34.940 -1271.363 pbot-precursor-metal-plain-01
4280 1 10 3425 0 -1 0 255.490 31.328 -1294.609 249.987 27.497 -1297.755 261.715 34.968 -1293.017 pbot-precursor-metal-plain-01
4281 1 10 3426 0 -1 0 252.159 31.302 -1285.424 245.940 27.471 -1287.027 257.668 34.940 -1282.297 pbot-precursor-metal-plain-01
4282 1 10 3428 0 -1 0 56.790 31.303 -1156.667 53.653 27.473 -1162.719 58.378 34.944 -1151.370 pbot-precursor-metal-plain-01
4283 1 10 3429 0 -1 0 66.226 31.277 -1153.195 64.628 27.447 -1158.498 69.344 34.915 -1147.148 pbot-precursor-metal-plain-01
4284 1 0 1099 0 -1 0 326.993 44.090 -1307.831 319.788 30.073 -1316.389 334.453 52.511 -1300.642 fcn-rockwall
4285 1 0 1103 0 -1 0 337.907 44.090 -1320.966 329.088 30.073 -1326.548 345.581 52.511 -1315.995 fcn-rockwall
4286 1 0 1107 0 -1 0 343.659 44.924 -1336.611 334.828 30.068 -1340.321 351.172 53.848 -1333.136 fcn-rockwall
4287 1 0 1115 0 -1 0 283.808 46.206 -1350.640 276.224 30.081 -1357.658 291.304 55.893 -1342.326 fcn-rockwall
4288 1 0 1119 0 -1 0 292.371 45.577 -1364.780 284.694 30.071 -1369.583 301.218 54.892 -1359.417 fcn-rockwall
4289 1 19 3392 0 -1 0 132.466 27.116 -595.008 128.316 21.124 -607.272 135.810 29.824 -589.551 fcn-precursor-metal-plain-01
4290 1 19 3396 0 -1 0 192.512 16.710 -790.372 183.208 11.790 -796.112 196.532 27.775 -787.698 fcn-precursor-metal-plain-01
4291 1 19 3400 0 -1 0 -56.545 23.509 -1107.102 -59.798 20.867 -1118.225 -52.083 27.882 -1102.268 fcn-precursor-metal-plain-01
4292 1 19 3404 0 -1 0 -94.893 23.535 -1058.461 -103.776 20.838 -1068.600 -91.110 27.919 -1053.993 fcn-precursor-metal-plain-01
4293 0 2 27 0 -1 6426 -63.492 24.729 -1006.599 -64.188 21.797 -1007.031 -62.313 26.390 -1006.313 fcn-rockwall-cliffside
4294 1 16 3683 0 -1 0 60.915 44.714 -1132.427 59.580 41.874 -1132.849 62.849 46.577 -1132.010 fcn-tree
4295 1 0 399 0 -1 0 -87.447 23.573 -1115.545 -91.164 11.950 -1121.573 -81.719 30.884 -1108.215 fcn-rockwall
4296 1 16 2415 0 -1 0 20.492 46.922 -209.366 19.661 44.789 -210.239 20.870 49.482 -207.898 fcn-tree
4297 1 16 2418 0 -1 0 19.677 45.051 -207.389 18.987 42.862 -208.785 20.201 47.595 -206.490 fcn-tree
4298 1 16 2424 0 -1 0 11.177 38.499 -248.544 10.184 37.360 -249.178 11.910 39.945 -247.663 fcn-tree
4299 1 16 2430 0 -1 0 -33.377 46.927 -258.712 -34.090 44.659 -258.920 -32.033 49.631 -258.196 fcn-tree
4300 1 16 2436 0 -1 0 33.683 59.613 -283.876 32.337 57.158 -284.500 34.415 62.495 -283.280 fcn-tree
4301 1 16 2439 0 -1 0 29.279 45.437 -291.061 28.492 44.002 -291.425 29.707 47.121 -290.713 fcn-tree
4302 1 16 2445 0 -1 0 15.090 48.134 -259.529 13.174 46.690 -260.175 17.157 50.070 -258.838 fcn-tree
4303 1 16 2454 0 -1 0 59.264 48.635 -331.972 58.821 47.519 -333.166 59.470 50.081 -330.596 fcn-tree
4304 1 16 2457 0 -1 0 60.627 48.572 -329.636 59.053 46.788 -331.036 61.859 50.838 -328.788 fcn-tree
4305 1 16 2460 0 -1 0 74.038 43.581 -340.966 72.154 42.200 -342.438 75.671 45.474 -339.877 fcn-tree
4306 1 16 2463 0 -1 0 33.525 41.498 -315.239 32.589 39.333 -316.611 34.056 44.055 -314.372 fcn-tree
4307 1 16 2466 0 -1 0 -0.722 45.677 -339.174 -2.274 44.524 -340.052 0.509 47.047 -337.992 fcn-tree
4308 1 16 2469 0 -1 0 120.888 46.267 -388.204 118.894 44.523 -388.510 122.391 48.498 -387.741 fcn-tree
4309 1 16 2472 0 -1 0 124.475 46.385 -390.644 123.712 44.880 -392.322 125.628 48.376 -388.696 fcn-tree
4310 1 16 2475 0 -1 0 133.492 41.708 -400.678 132.252 40.575 -400.881 134.438 43.151 -400.387 fcn-tree
4311 1 16 2478 0 -1 0 156.462 44.516 -427.187 155.507 42.428 -428.379 157.005 46.994 -426.598 fcn-tree
4312 1 16 2481 0 -1 0 145.903 46.010 -417.759 145.140 44.505 -419.438 147.056 48.001 -415.812 fcn-tree
4313 1 16 2484 0 -1 0 152.540 49.077 -415.259 150.630 46.946 -416.732 153.897 51.817 -413.299 fcn-tree
4314 1 16 2487 0 -1 0 174.400 49.160 -478.463 172.066 46.867 -479.367 176.061 52.039 -478.161 fcn-tree
4315 1 16 2490 0 -1 0 169.196 41.566 -479.439 167.575 40.322 -480.558 170.850 43.223 -477.772 fcn-tree
4316 1 16 2496 0 -1 0 107.893 48.939 -450.373 107.401 47.256 -451.615 108.206 50.958 -449.600 fcn-tree
4317 1 16 2499 0 -1 0 96.594 46.705 -436.668 95.921 45.154 -437.412 97.543 48.630 -435.470 fcn-tree
4318 1 16 2505 0 -1 0 109.510 52.619 -463.699 109.138 52.006 -465.158 109.708 53.558 -462.229 fcn-tree
4319 1 16 2508 0 -1 0 110.868 47.712 -479.173 110.216 46.294 -479.864 111.274 49.393 -478.822 fcn-tree
4320 1 16 2514 0 -1 0 91.388 44.720 -357.662 90.075 42.665 -359.015 92.096 47.179 -356.645 fcn-tree
4321 1 16 2517 0 -1 0 91.404 38.028 -368.488 90.784 35.753 -369.722 91.792 40.690 -367.837 fcn-tree
4322 1 16 2520 0 -1 0 72.701 44.898 -405.527 71.969 43.678 -406.831 73.918 46.487 -404.224 fcn-tree
4323 1 16 2523 0 -1 0 89.933 36.543 -419.039 88.538 35.613 -420.392 90.853 37.695 -417.425 fcn-tree
4324 1 16 2526 0 -1 0 87.468 44.495 -426.587 86.306 43.027 -426.957 88.970 46.318 -426.292 fcn-tree
4325 1 16 2529 0 -1 0 27.289 40.361 -364.738 26.977 38.718 -366.006 27.990 42.364 -363.970 fcn-tree
4326 1 16 2532 0 -1 0 45.487 52.291 -385.289 44.005 51.266 -386.529 46.600 53.669 -384.005 fcn-tree
4327 1 16 2535 0 -1 0 57.673 45.497 -390.341 56.154 44.179 -391.185 58.794 47.159 -389.488 fcn-tree
4328 1 16 2538 0 -1 0 40.432 53.275 -383.967 40.130 51.950 -385.590 40.696 54.989 -382.658 fcn-tree
4329 1 16 2541 0 -1 0 166.923 44.684 -495.157 164.798 44.143 -496.389 169.030 45.527 -493.912 fcn-tree
4330 1 16 2544 0 -1 0 167.276 46.280 -491.576 165.464 44.338 -493.871 169.040 48.738 -490.047 fcn-tree
4331 1 16 2547 0 -1 0 165.610 45.105 -528.081 164.049 44.401 -529.733 166.894 46.152 -526.158 fcn-tree
4332 1 16 2550 0 -1 0 153.751 43.605 -542.543 152.453 40.722 -543.767 154.465 46.941 -541.968 fcn-tree
4333 1 16 2553 0 -1 0 156.105 47.878 -535.746 154.289 45.932 -538.046 157.873 50.342 -534.214 fcn-tree
4334 1 16 2559 0 -1 0 159.103 53.079 -602.194 157.071 50.029 -602.810 160.448 56.683 -601.601 fcn-tree
4335 1 16 2565 0 -1 0 160.530 36.493 -585.449 158.528 33.940 -586.756 161.608 39.580 -584.527 fcn-tree
4336 1 16 2568 0 -1 0 164.036 47.767 -614.503 162.557 45.749 -614.951 164.998 50.150 -614.029 fcn-tree
4337 1 16 2571 0 -1 0 172.645 43.727 -621.659 170.866 42.257 -622.957 174.024 45.654 -620.606 fcn-tree
4338 1 16 2574 0 -1 0 174.102 39.088 -636.424 173.074 37.020 -637.503 175.141 41.457 -635.834 fcn-tree
4339 1 16 2577 0 -1 0 205.083 46.744 -662.589 204.456 45.431 -664.385 205.857 48.463 -660.552 fcn-tree
4340 1 16 2580 0 -1 0 200.890 40.091 -666.136 199.794 38.147 -666.923 202.399 42.427 -665.682 fcn-tree
4341 1 16 2586 0 -1 0 149.356 45.892 -681.059 148.717 44.747 -682.673 150.272 47.438 -679.664 fcn-tree
4342 1 16 2589 0 -1 0 151.962 46.310 -681.625 150.341 45.007 -681.950 153.320 47.962 -681.223 fcn-tree
4343 1 16 2598 0 -1 0 158.470 45.068 -694.928 158.032 43.353 -695.558 158.993 47.081 -693.739 fcn-tree
4344 1 16 2601 0 -1 0 176.913 44.133 -719.779 176.329 42.343 -720.089 177.982 46.248 -719.524 fcn-tree
4345 1 16 2604 0 -1 0 178.188 43.324 -717.194 177.757 41.926 -718.705 178.735 44.686 -715.567 fcn-tree
4346 1 16 2607 0 -1 0 177.523 41.408 -708.949 177.053 39.601 -709.441 178.380 43.453 -708.223 fcn-tree
4347 1 16 2616 0 -1 0 183.135 40.646 -753.093 181.695 40.331 -753.501 184.757 41.164 -752.360 fcn-tree
4348 1 16 2619 0 -1 0 222.545 40.207 -756.963 221.246 39.785 -757.883 223.739 40.955 -755.863 fcn-tree
4349 1 16 2622 0 -1 0 174.653 49.308 -763.739 174.070 47.518 -764.049 175.723 51.422 -763.484 fcn-tree
4350 1 16 2625 0 -1 0 172.420 54.670 -756.646 172.212 52.929 -757.814 172.890 56.746 -756.017 fcn-tree
4351 1 16 2628 0 -1 0 115.897 54.025 -492.713 114.455 53.478 -493.066 117.387 54.752 -492.128 fcn-tree
4352 1 16 2631 0 -1 0 122.947 44.626 -498.067 122.124 43.753 -499.013 123.937 45.720 -496.827 fcn-tree
4353 1 16 2634 0 -1 0 123.445 40.575 -513.809 122.841 39.295 -514.799 123.921 42.150 -513.243 fcn-tree
4354 1 16 2637 0 -1 0 101.448 38.716 -596.054 101.197 37.376 -597.665 101.939 40.440 -594.768 fcn-tree
4355 1 16 2640 0 -1 0 110.395 31.014 -601.052 108.626 30.317 -601.725 112.114 31.847 -599.975 fcn-tree
4356 1 16 2643 0 -1 0 110.637 47.747 -628.438 110.410 46.183 -629.864 111.040 49.681 -627.474 fcn-tree
4357 1 16 2646 0 -1 0 107.892 48.815 -617.183 106.250 47.564 -617.547 109.324 50.394 -616.716 fcn-tree
4358 1 16 2649 0 -1 0 119.959 44.952 -641.648 118.352 43.725 -642.003 121.458 46.526 -641.040 fcn-tree
4359 1 16 2652 0 -1 0 126.668 57.169 -663.888 125.150 56.125 -664.609 128.181 58.572 -662.733 fcn-tree
4360 1 16 2658 0 -1 0 166.550 47.387 -819.321 165.527 45.387 -820.870 167.567 49.840 -818.490 fcn-tree
4361 1 16 2664 0 -1 0 177.595 41.350 -809.091 176.604 39.857 -809.741 178.720 43.102 -807.884 fcn-tree
4362 1 16 2667 0 -1 0 216.610 47.908 -846.495 214.879 44.769 -848.086 217.566 51.668 -845.729 fcn-tree
4363 1 16 2673 0 -1 0 149.025 42.904 -860.617 147.970 42.549 -861.864 150.214 43.390 -859.418 fcn-tree
4364 1 16 2676 0 -1 0 146.608 44.411 -861.842 146.009 43.096 -862.305 147.620 46.014 -861.553 fcn-tree
4365 1 16 2679 0 -1 0 151.982 38.079 -863.419 150.762 37.095 -864.129 153.177 39.330 -863.065 fcn-tree
4366 1 16 2682 0 -1 0 150.125 47.205 -852.920 149.482 44.903 -853.621 151.342 49.916 -852.491 fcn-tree
4367 1 16 2688 0 -1 0 226.022 49.866 -868.934 223.917 48.001 -869.327 227.742 52.218 -868.393 fcn-tree
4368 1 16 2691 0 -1 0 223.384 50.462 -870.288 222.784 48.288 -871.325 224.115 53.128 -868.547 fcn-tree
4369 1 16 2694 0 -1 0 176.145 43.134 -914.797 175.191 41.398 -915.252 176.820 45.167 -913.961 fcn-tree
4370 1 16 2700 0 -1 0 213.168 46.396 -899.452 211.366 43.489 -899.908 215.777 49.969 -898.871 fcn-tree
4371 1 16 2703 0 -1 0 169.305 48.617 -919.879 168.973 46.293 -920.425 169.718 51.289 -918.845 fcn-tree
4372 1 16 2706 0 -1 0 142.401 43.477 -868.188 142.044 42.005 -868.778 143.030 45.174 -867.864 fcn-tree
4373 1 16 2709 0 -1 0 138.703 37.629 -874.628 138.494 36.828 -876.045 138.964 38.739 -873.301 fcn-tree
4374 1 16 2712 0 -1 0 136.443 45.064 -871.871 135.460 43.701 -872.047 136.976 46.708 -871.590 fcn-tree
4375 1 16 2718 0 -1 0 134.949 49.895 -865.883 134.572 48.403 -867.368 135.542 51.756 -864.824 fcn-tree
4376 1 16 2721 0 -1 0 135.124 49.846 -866.858 134.447 48.732 -867.324 135.493 51.148 -866.675 fcn-tree
4377 1 16 2724 0 -1 0 149.912 51.979 -924.914 148.111 49.072 -925.369 152.521 55.552 -924.332 fcn-tree
4378 1 16 2727 0 -1 0 152.798 50.877 -929.053 151.979 47.756 -932.195 153.702 54.734 -925.523 fcn-tree
4379 1 16 2730 0 -1 0 132.560 39.861 -925.593 131.216 37.506 -926.325 133.280 42.594 -924.875 fcn-tree
4380 1 16 2733 0 -1 0 125.111 51.168 -874.907 124.214 50.729 -876.267 125.919 51.931 -873.548 fcn-tree
4381 1 16 2736 0 -1 0 123.927 52.349 -872.802 123.729 50.889 -873.601 124.213 54.061 -872.370 fcn-tree
4382 1 16 2739 0 -1 0 107.502 46.882 -884.562 107.353 45.664 -885.737 107.880 48.401 -883.734 fcn-tree
4383 1 16 2745 0 -1 0 103.508 51.598 -879.910 102.877 50.229 -880.769 103.866 53.244 -879.464 fcn-tree
4384 1 16 2751 0 -1 0 120.650 45.232 -881.854 120.032 43.680 -883.102 120.862 47.197 -880.217 fcn-tree
4385 1 16 2760 0 -1 0 125.351 46.799 -937.988 123.825 44.308 -938.510 126.362 49.748 -937.079 fcn-tree
4386 1 16 2763 0 -1 0 108.863 47.216 -943.822 108.205 44.282 -944.565 109.565 50.578 -942.369 fcn-tree
4387 1 16 2766 0 -1 0 93.715 45.437 -885.192 92.798 44.047 -885.625 94.216 47.099 -884.997 fcn-tree
4388 1 16 2769 0 -1 0 84.764 54.107 -884.425 83.911 52.129 -885.670 85.249 56.467 -883.666 fcn-tree
4389 1 16 2772 0 -1 0 84.597 46.401 -889.178 84.208 44.082 -890.495 84.936 49.130 -888.460 fcn-tree
4390 1 16 2775 0 -1 0 90.321 54.225 -881.423 89.679 51.923 -882.125 91.539 56.936 -880.995 fcn-tree
4391 1 16 2781 0 -1 0 99.827 41.734 -885.956 98.349 40.227 -887.246 100.764 43.629 -884.756 fcn-tree
4392 1 16 2784 0 -1 0 73.612 43.456 -888.836 72.759 41.478 -890.082 74.097 45.817 -888.077 fcn-tree
4393 1 16 2787 0 -1 0 62.913 46.061 -889.651 61.216 44.390 -890.409 64.410 47.944 -889.176 fcn-tree
4394 1 16 2793 0 -1 0 83.568 51.092 -887.590 82.527 50.877 -889.112 84.858 51.531 -886.386 fcn-tree
4395 1 16 2796 0 -1 0 53.823 40.467 -934.447 53.014 39.396 -936.415 54.262 41.567 -932.160 fcn-tree
4396 1 16 2799 0 -1 0 25.740 56.220 -899.648 25.312 54.611 -900.939 26.503 58.149 -898.173 fcn-tree
4397 1 16 2802 0 -1 0 20.990 44.478 -903.420 19.581 42.778 -904.208 21.917 46.572 -903.060 fcn-tree
4398 1 16 2805 0 -1 0 43.398 43.973 -902.723 42.714 42.667 -903.653 43.801 45.569 -902.168 fcn-tree
4399 1 16 2808 0 -1 0 37.278 45.321 -902.636 36.764 44.478 -903.862 37.773 46.464 -901.249 fcn-tree
4400 1 16 2811 0 -1 0 56.002 41.741 -938.937 53.894 39.215 -939.784 57.333 44.750 -937.440 fcn-tree
4401 1 16 2814 0 -1 0 3.792 41.939 -904.164 2.790 40.400 -905.159 5.284 43.790 -903.313 fcn-tree
4402 1 16 2817 0 -1 0 13.474 45.990 -903.583 12.460 44.264 -904.619 14.011 48.051 -902.482 fcn-tree
4403 1 16 2823 0 -1 0 -3.905 54.881 -901.088 -4.297 53.183 -902.765 -3.571 57.078 -899.015 fcn-tree
4404 1 16 2829 0 -1 0 -19.648 46.834 -905.803 -21.272 45.197 -907.592 -18.703 48.751 -904.295 fcn-tree
4405 1 16 2835 0 -1 0 -39.426 55.498 -907.130 -40.566 53.811 -908.231 -38.527 57.576 -906.576 fcn-tree
4406 1 16 2841 0 -1 0 -45.841 44.431 -920.046 -46.530 42.840 -921.885 -45.453 46.418 -917.919 fcn-tree
4407 1 16 2859 0 -1 0 89.783 49.243 -950.765 89.278 46.309 -952.194 90.298 52.770 -948.517 fcn-tree
4408 1 16 2862 0 -1 0 90.302 47.835 -951.324 89.537 45.421 -952.017 91.713 50.588 -950.066 fcn-tree
4409 1 16 2868 0 -1 0 77.735 44.269 -954.969 76.944 42.654 -957.600 78.745 46.294 -952.090 fcn-tree
4410 1 16 2871 0 -1 0 29.433 44.725 -945.402 29.047 42.894 -946.404 30.038 46.956 -943.595 fcn-tree
4411 1 16 2874 0 -1 0 27.956 45.998 -944.415 26.695 43.376 -944.808 29.936 49.163 -943.963 fcn-tree
4412 1 16 2877 0 -1 0 0.854 47.018 -951.444 -0.054 44.535 -952.960 1.192 50.088 -949.343 fcn-tree
4413 1 16 2886 0 -1 0 -45.036 40.699 -997.187 -46.020 38.397 -998.284 -43.979 43.538 -995.310 fcn-tree
4414 1 16 2889 0 -1 0 -43.066 39.299 -994.305 -43.812 38.167 -995.822 -42.468 40.811 -993.014 fcn-tree
4415 1 16 2895 0 -1 0 65.259 50.940 -1129.006 64.153 49.903 -1129.557 66.243 52.270 -1128.101 fcn-tree
4416 1 16 2898 0 -1 0 -8.882 49.022 -1113.763 -11.075 46.210 -1114.606 -7.699 52.375 -1112.958 fcn-tree
4417 1 16 2901 0 -1 0 16.518 49.239 -1128.355 14.226 46.353 -1130.124 19.893 52.910 -1126.214 fcn-tree
4418 1 16 2904 0 -1 0 -25.991 45.193 -1088.930 -27.106 43.361 -1089.449 -25.168 46.849 -1088.622 fcn-tree
4419 1 16 2907 0 -1 0 -25.767 46.271 -1087.316 -26.785 44.387 -1089.007 -24.937 48.451 -1086.388 fcn-tree
4420 1 16 2919 0 -1 0 -35.588 39.582 -1089.474 -36.055 36.917 -1090.289 -35.074 42.575 -1089.007 fcn-tree
4421 1 16 2928 0 -1 0 -33.894 31.779 -1098.711 -35.215 29.625 -1100.627 -33.063 34.220 -1097.251 fcn-tree
4422 1 16 2940 0 -1 0 -75.024 45.367 -958.648 -76.044 43.461 -960.170 -74.511 47.688 -956.971 fcn-tree
4423 1 16 2952 0 -1 0 -89.750 52.692 -981.962 -92.547 51.221 -983.260 -86.763 54.555 -981.311 fcn-tree
4424 1 16 2958 0 -1 0 -91.315 55.129 -970.205 -92.950 53.364 -971.674 -90.111 57.384 -969.122 fcn-tree
4425 1 16 2976 0 -1 0 -107.874 52.128 -1005.664 -109.365 49.938 -1006.257 -107.005 54.708 -1005.276 fcn-tree
4426 1 16 2983 0 -1 0 -122.438 52.679 -1043.162 -123.656 50.673 -1043.937 -121.655 55.238 -1042.662 fcn-tree
4427 1 16 2985 0 -1 0 -104.690 39.102 -1030.825 -106.281 37.151 -1031.897 -103.287 41.488 -1030.286 fcn-tree
4428 1 16 2994 0 -1 0 -117.492 38.128 -1066.496 -118.612 35.932 -1067.551 -115.648 40.831 -1065.123 fcn-tree
4429 1 16 2997 0 -1 0 -117.119 36.480 -1065.770 -117.745 35.252 -1066.359 -116.088 37.991 -1065.002 fcn-tree
4430 1 16 3000 0 -1 0 -112.568 43.367 -1062.884 -113.960 42.327 -1065.511 -110.492 44.824 -1060.602 fcn-tree
4431 1 16 3003 0 -1 0 -113.343 42.170 -1053.242 -113.758 40.294 -1054.946 -112.888 44.424 -1051.935 fcn-tree
4432 1 16 3006 0 -1 0 -114.907 35.353 -1074.609 -115.337 33.900 -1074.757 -114.102 37.058 -1074.191 fcn-tree
4433 1 16 3009 0 -1 0 -126.658 46.007 -1073.197 -126.879 44.524 -1073.863 -126.150 47.721 -1072.836 fcn-tree
4434 1 16 3012 0 -1 0 -114.168 34.813 -1073.118 -114.627 33.499 -1074.042 -113.410 36.219 -1072.392 fcn-tree
4435 1 16 3027 0 -1 0 -112.787 41.070 -1087.779 -113.731 39.741 -1088.471 -111.535 42.719 -1087.079 fcn-tree
4436 1 16 3033 0 -1 0 -120.561 42.411 -1082.403 -122.924 39.921 -1083.201 -117.613 45.630 -1081.772 fcn-tree
4437 1 16 3048 0 -1 0 -104.897 42.693 -1101.194 -106.045 40.879 -1102.252 -102.736 44.929 -1099.617 fcn-tree
4438 1 16 3054 0 -1 0 227.978 38.536 -1188.351 227.617 38.025 -1190.542 228.309 39.467 -1186.274 fcn-tree
4439 1 16 3075 0 -1 0 251.577 54.128 -1242.548 250.156 51.621 -1243.327 253.784 57.201 -1241.489 fcn-tree
4440 1 16 3078 0 -1 0 255.176 50.518 -1247.128 254.383 47.722 -1248.953 255.660 53.847 -1246.184 fcn-tree
4441 1 16 3081 0 -1 0 264.954 35.060 -1273.202 264.446 33.873 -1273.938 265.592 36.553 -1272.114 fcn-tree
4442 1 16 3084 0 -1 0 265.612 35.287 -1273.527 265.222 33.803 -1274.670 266.286 37.047 -1272.226 fcn-tree
4443 1 16 3087 0 -1 0 274.291 47.771 -1268.666 272.624 44.879 -1269.346 275.193 51.173 -1268.324 fcn-tree
4444 1 16 3090 0 -1 0 205.244 52.825 -1278.505 203.558 51.215 -1281.376 207.096 55.107 -1275.164 fcn-tree
4445 1 16 3093 0 -1 0 308.440 42.263 -1305.020 307.726 41.035 -1306.219 309.510 43.639 -1303.563 fcn-tree
4446 1 16 3096 0 -1 0 304.148 42.808 -1304.623 302.260 40.591 -1305.352 306.426 45.646 -1303.192 fcn-tree
4447 1 16 3099 0 -1 0 283.614 44.787 -1285.185 282.766 43.929 -1286.760 284.398 45.972 -1283.806 fcn-tree
4448 1 16 3102 0 -1 0 292.164 57.827 -1285.624 291.476 55.725 -1287.671 292.877 60.557 -1283.071 fcn-tree
4449 1 16 3105 0 -1 0 295.850 32.882 -1300.070 294.283 31.889 -1301.150 297.335 34.182 -1299.490 fcn-tree
4450 1 16 3108 0 -1 0 208.373 46.514 -1288.185 206.924 46.128 -1289.336 209.893 46.995 -1287.097 fcn-tree
4451 1 16 3117 0 -1 0 213.411 41.694 -1302.268 212.514 40.202 -1303.259 214.582 43.543 -1301.695 fcn-tree
4452 1 16 3126 0 -1 0 333.860 34.333 -1343.409 333.192 33.090 -1344.233 334.269 35.732 -1342.318 fcn-tree
4453 1 16 3129 0 -1 0 335.502 36.782 -1347.448 335.056 35.419 -1348.414 335.839 38.378 -1346.903 fcn-tree
4454 1 16 3132 0 -1 0 337.561 35.898 -1359.479 337.190 34.502 -1360.361 337.905 37.497 -1358.874 fcn-tree
4455 1 16 3135 0 -1 0 289.292 32.606 -1341.215 288.983 32.035 -1342.663 289.499 33.487 -1339.712 fcn-tree
4456 1 16 3138 0 -1 0 305.883 31.919 -1367.461 304.524 30.957 -1367.770 307.058 33.200 -1367.289 fcn-tree
4457 1 16 3141 0 -1 0 300.591 36.763 -1357.488 300.076 35.280 -1357.698 301.399 38.287 -1357.180 fcn-tree
4458 1 16 3153 0 -1 0 344.351 40.012 -1379.214 343.392 38.560 -1379.592 345.675 41.827 -1378.442 fcn-tree
4459 1 16 3162 0 -1 0 199.425 54.068 -1161.971 196.088 50.139 -1162.635 201.489 58.835 -1161.066 fcn-tree
4460 1 16 3166 0 -1 0 140.233 49.145 -1132.877 139.846 47.733 -1133.493 140.510 51.064 -1132.062 fcn-tree
4461 1 16 3168 0 -1 0 154.033 45.490 -1141.965 153.432 44.146 -1143.002 154.507 47.182 -1140.629 fcn-tree
4462 1 16 3171 0 -1 0 154.235 44.929 -1139.833 153.617 42.849 -1141.228 154.679 47.350 -1139.055 fcn-tree
4463 1 16 3174 0 -1 0 111.719 46.647 -1130.948 109.000 42.930 -1132.513 113.332 51.157 -1130.328 fcn-tree
4464 1 16 3189 0 -1 0 152.684 31.802 -1181.656 152.050 30.735 -1183.054 153.193 33.158 -1180.407 fcn-tree
4465 1 16 3192 0 -1 0 72.214 46.559 -1181.794 71.692 44.531 -1182.521 72.701 48.982 -1180.446 fcn-tree
4466 1 16 3219 0 -1 0 201.867 37.492 -1241.198 201.488 36.260 -1242.934 202.433 39.122 -1239.294 fcn-tree
4467 1 16 3222 0 -1 0 200.252 45.814 -1251.382 199.392 44.212 -1252.098 201.730 47.774 -1250.605 fcn-tree
4468 1 16 3225 0 -1 0 61.800 51.181 -1129.164 60.493 49.733 -1130.273 63.096 52.960 -1128.574 fcn-tree
4469 1 16 3228 0 -1 0 67.050 45.849 -1134.460 66.700 44.815 -1135.944 67.690 47.111 -1133.083 fcn-tree
4470 1 16 3234 0 -1 0 41.688 46.958 -1129.210 39.832 44.621 -1130.643 44.421 49.931 -1127.477 fcn-tree
4471 1 16 3237 0 -1 0 54.208 55.348 -1184.913 52.442 53.739 -1185.666 55.575 57.261 -1183.870 fcn-tree
4472 1 16 3240 0 -1 0 32.802 48.748 -1179.771 31.605 47.076 -1181.351 33.452 50.815 -1178.361 fcn-tree
4473 1 16 3243 0 -1 0 25.167 45.177 -1183.270 24.761 43.062 -1183.852 25.855 47.661 -1182.102 fcn-tree
4474 1 16 3246 0 -1 0 12.198 41.660 -1177.025 11.567 40.173 -1177.370 12.572 43.335 -1176.645 fcn-tree
4475 1 16 3252 0 -1 0 -38.685 43.911 -1152.895 -39.350 40.535 -1153.847 -37.824 47.796 -1151.028 fcn-tree
4476 1 16 3255 0 -1 0 -19.087 51.418 -1169.749 -22.003 48.834 -1170.375 -16.742 54.628 -1168.943 fcn-tree
4477 1 16 3258 0 -1 0 -65.450 57.570 -1148.609 -66.904 54.487 -1149.358 -63.032 61.267 -1147.811 fcn-tree
4478 1 16 3261 0 -1 0 -64.383 57.395 -1148.248 -65.150 55.021 -1149.762 -63.050 60.326 -1145.937 fcn-tree
4479 1 16 3264 0 -1 0 -52.113 55.374 -1151.839 -52.712 52.000 -1153.474 -50.863 59.334 -1150.925 fcn-tree
4480 1 16 3267 0 -1 0 -86.144 57.016 -1134.787 -87.179 53.998 -1136.525 -84.218 60.621 -1133.064 fcn-tree
4481 1 2 1518 0 -1 0 199.277 16.870 -806.568 195.967 13.067 -808.110 202.343 20.176 -805.519 fcn-rockwall-cliffside
4482 1 2 1524 0 -1 0 198.336 16.870 -783.538 194.011 13.067 -784.607 203.035 20.176 -781.839 fcn-rockwall-cliffside
4483 1 2 1548 0 -1 0 -67.826 16.870 -1037.116 -70.969 13.067 -1038.197 -64.252 20.176 -1035.286 fcn-rockwall-cliffside
4484 1 2 1596 0 -1 0 -78.439 16.870 -1090.492 -81.962 13.067 -1092.049 -75.624 20.176 -1088.104 fcn-rockwall-cliffside
4485 1 2 1602 0 -1 0 -97.505 16.870 -1087.822 -99.331 13.067 -1090.363 -94.772 20.176 -1084.320 fcn-rockwall-cliffside
4486 1 2 1614 0 -1 0 327.102 16.870 -1361.545 324.266 13.067 -1363.704 330.483 20.176 -1360.205 fcn-rockwall-cliffside
4487 1 1 523 0 -1 0 0.820 32.289 -193.579 -3.450 29.729 -197.425 7.196 35.620 -187.236 fcn-rockwall-bttm
4488 1 1 524 0 -1 0 5.897 32.550 -201.234 3.302 29.745 -203.930 10.699 37.292 -196.061 fcn-rockwall-bttm
4489 1 1 525 0 -1 0 13.197 32.289 -210.993 9.247 29.729 -216.795 19.506 35.620 -206.992 fcn-rockwall-bttm
4490 1 1 526 0 -1 0 10.184 32.550 -219.669 8.196 29.745 -224.292 14.462 37.292 -216.328 fcn-rockwall-bttm
4491 1 1 527 0 -1 0 -31.581 32.289 -228.497 -37.776 29.729 -232.972 -27.689 35.620 -222.399 fcn-rockwall-bttm
4492 1 1 528 0 -1 0 -29.072 32.550 -218.565 -33.188 29.745 -222.334 -27.047 37.292 -213.656 fcn-rockwall-bttm
4493 1 1 529 0 -1 0 -30.548 32.289 -203.905 -37.005 29.729 -210.403 -26.258 35.620 -199.946 fcn-rockwall-bttm
4494 1 1 530 0 -1 0 -36.262 32.550 -196.712 -41.161 29.745 -201.889 -33.601 37.292 -194.119 fcn-rockwall-bttm
4495 1 1 531 0 -1 0 19.459 33.250 -276.504 15.459 29.752 -280.037 25.280 37.800 -270.952 fcn-rockwall-bttm
4496 1 1 532 0 -1 0 22.313 33.606 -285.200 20.050 29.773 -288.323 26.587 40.084 -280.296 fcn-rockwall-bttm
4497 1 1 533 0 -1 0 9.752 33.060 -253.093 5.644 29.745 -257.800 15.728 37.373 -246.753 fcn-rockwall-bttm
4498 1 1 534 0 -1 0 12.645 33.397 -264.628 10.324 29.765 -268.984 17.030 39.538 -258.751 fcn-rockwall-bttm
4499 1 1 535 0 -1 0 30.611 33.300 -311.562 26.439 29.750 -315.176 36.764 37.919 -305.559 fcn-rockwall-bttm
4500 1 1 536 0 -1 0 34.623 33.661 -319.790 32.171 29.772 -322.717 39.202 40.237 -314.709 fcn-rockwall-bttm
4501 1 1 537 0 -1 0 -22.003 32.289 -278.231 -27.966 29.729 -284.125 -17.913 35.620 -274.287 fcn-rockwall-bttm
4502 1 1 538 0 -1 0 -25.055 32.550 -268.451 -29.441 29.745 -273.760 -22.729 37.292 -264.926 fcn-rockwall-bttm
4503 1 1 539 0 -1 0 -10.822 33.020 -319.577 -16.785 29.740 -325.470 -6.732 37.288 -315.633 fcn-rockwall-bttm
4504 1 1 540 0 -1 0 -13.875 33.354 -309.797 -18.261 29.760 -315.106 -11.549 39.431 -306.272 fcn-rockwall-bttm
4505 1 1 541 0 -1 0 104.627 32.289 -370.012 100.767 29.729 -373.223 110.209 35.620 -364.907 fcn-rockwall-bttm
4506 1 1 542 0 -1 0 106.952 32.550 -377.902 104.805 29.745 -380.733 111.025 37.292 -373.413 fcn-rockwall-bttm
4507 1 1 543 0 -1 0 128.260 32.348 -401.341 124.185 29.740 -405.174 134.381 35.741 -395.077 fcn-rockwall-bttm
4508 1 1 544 0 -1 0 133.556 32.613 -407.635 131.040 29.756 -410.015 138.193 37.444 -402.765 fcn-rockwall-bttm
4509 1 1 545 0 -1 0 153.136 32.514 -435.475 148.919 29.743 -440.153 159.299 36.118 -428.957 fcn-rockwall-bttm
4510 1 1 546 0 -1 0 156.465 32.796 -447.187 154.051 29.760 -451.556 161.009 37.928 -441.146 fcn-rockwall-bttm
4511 1 1 547 0 -1 0 118.353 32.533 -474.332 113.386 29.694 -479.600 122.325 36.218 -469.485 fcn-rockwall-bttm
4512 1 1 548 0 -1 0 117.784 32.837 -464.105 114.264 29.738 -468.876 119.810 38.062 -459.908 fcn-rockwall-bttm
4513 1 1 549 0 -1 0 72.862 32.424 -348.542 69.292 29.729 -351.695 78.157 35.930 -343.299 fcn-rockwall-bttm
4514 1 1 550 0 -1 0 76.662 32.698 -355.829 74.532 29.745 -358.424 80.624 37.690 -351.372 fcn-rockwall-bttm
4515 1 1 551 0 -1 0 87.885 32.289 -422.229 81.066 29.729 -429.260 92.470 35.620 -417.686 fcn-rockwall-bttm
4516 1 1 552 0 -1 0 82.794 32.550 -411.020 77.680 29.745 -417.267 85.549 37.292 -406.990 fcn-rockwall-bttm
4517 1 1 553 0 -1 0 59.877 32.761 -337.249 55.595 29.738 -341.241 66.340 36.694 -330.710 fcn-rockwall-bttm
4518 1 1 554 0 -1 0 65.822 33.069 -344.210 63.120 29.756 -346.760 70.739 38.668 -339.053 fcn-rockwall-bttm
4519 1 1 555 0 -1 0 -0.312 32.638 -337.055 -7.122 29.732 -343.868 4.237 36.419 -332.954 fcn-rockwall-bttm
4520 1 1 556 0 -1 0 -5.908 32.934 -327.644 -11.048 29.749 -333.425 -3.127 38.317 -324.294 fcn-rockwall-bttm
4521 1 1 557 0 -1 0 164.805 33.057 -509.627 160.922 29.743 -516.375 170.719 37.369 -503.947 fcn-rockwall-bttm
4522 1 1 558 0 -1 0 163.157 33.394 -521.691 161.105 29.763 -527.191 166.946 39.534 -516.755 fcn-rockwall-bttm
4523 1 1 559 0 -1 0 166.149 32.650 -483.546 162.266 29.736 -490.294 172.062 36.441 -477.865 fcn-rockwall-bttm
4524 1 1 560 0 -1 0 164.501 32.946 -495.610 162.449 29.754 -501.110 168.289 38.343 -490.674 fcn-rockwall-bttm
4525 1 1 561 0 -1 0 145.212 9.409 -571.851 141.486 6.354 -576.483 150.313 13.250 -566.584 fcn-rockwall-bttm
4526 1 1 562 0 -1 0 146.226 10.389 -582.119 144.472 7.282 -586.278 150.165 15.050 -576.894 fcn-rockwall-bttm
4527 1 1 564 0 -1 0 143.816 10.020 -595.036 141.496 6.682 -601.434 148.690 15.648 -590.649 fcn-rockwall-bttm
4528 1 1 565 0 -1 0 202.928 33.321 -666.059 198.691 30.066 -670.250 209.144 37.555 -659.771 fcn-rockwall-bttm
4529 1 1 566 0 -1 0 206.559 33.652 -676.444 204.107 30.085 -680.186 211.158 39.681 -670.789 fcn-rockwall-bttm
4530 1 1 567 0 -1 0 218.075 32.768 -710.805 213.694 29.741 -715.416 224.526 36.706 -704.067 fcn-rockwall-bttm
4531 1 1 568 0 -1 0 222.153 33.076 -722.276 219.591 29.759 -726.417 226.947 38.682 -716.152 fcn-rockwall-bttm
4532 1 1 569 0 -1 0 184.289 32.550 -746.956 178.794 29.735 -751.252 188.241 36.212 -742.336 fcn-rockwall-bttm
4533 1 1 570 0 -1 0 184.877 32.836 -738.163 181.534 29.752 -741.959 186.935 38.051 -734.333 fcn-rockwall-bttm
4534 1 1 571 0 -1 0 182.126 32.733 -772.639 176.211 29.748 -778.256 186.008 36.618 -765.951 fcn-rockwall-bttm
4535 1 1 572 0 -1 0 183.776 33.037 -760.697 179.986 29.766 -765.578 185.828 38.567 -755.248 fcn-rockwall-bttm
4536 1 1 574 0 -1 0 125.264 33.310 -510.752 121.367 29.771 -515.619 127.141 39.294 -504.952 fcn-rockwall-bttm
4537 1 1 576 0 -1 0 117.260 10.939 -593.453 112.895 8.314 -598.400 119.601 15.377 -590.518 fcn-rockwall-bttm
4538 1 1 577 0 -1 0 114.656 10.369 -584.672 108.771 7.500 -588.536 118.312 14.102 -578.811 fcn-rockwall-bttm
4539 1 1 578 0 -1 0 118.550 10.661 -576.444 114.355 7.517 -579.672 120.479 15.976 -571.808 fcn-rockwall-bttm
4540 1 1 580 0 -1 0 121.222 32.550 -637.181 116.389 29.280 -642.423 123.435 38.067 -633.845 fcn-rockwall-bttm
4541 1 1 581 0 -1 0 132.021 32.989 -656.846 125.948 29.746 -662.778 136.163 37.207 -653.156 fcn-rockwall-bttm
4542 1 1 582 0 -1 0 128.521 33.319 -647.793 124.031 29.766 -652.988 130.913 39.325 -644.548 fcn-rockwall-bttm
4543 1 1 583 0 -1 0 115.807 11.027 -594.991 109.962 7.664 -599.675 120.256 15.402 -590.581 fcn-rockwall-bttm
4544 1 1 584 0 -1 0 115.759 11.369 -585.831 112.081 7.684 -590.052 118.057 17.599 -582.041 fcn-rockwall-bttm
4545 1 1 585 0 -1 0 227.416 32.726 -781.585 223.513 29.906 -788.830 233.243 36.395 -775.273 fcn-rockwall-bttm
4546 1 1 586 0 -1 0 226.004 33.013 -794.818 223.948 29.923 -800.740 229.696 38.236 -789.300 fcn-rockwall-bttm
4547 1 1 587 0 -1 0 178.962 27.701 -801.546 172.942 24.519 -808.432 182.728 31.842 -793.039 fcn-rockwall-bttm
4548 1 1 588 0 -1 0 181.967 28.025 -786.698 177.861 24.538 -792.640 183.843 33.920 -779.788 fcn-rockwall-bttm
4549 1 1 589 0 -1 0 174.132 32.291 -828.851 168.991 29.657 -832.528 178.129 35.620 -825.739 fcn-rockwall-bttm
4550 1 1 590 0 -1 0 173.879 32.637 -821.859 170.551 29.766 -825.310 175.954 37.300 -819.077 fcn-rockwall-bttm
4551 1 1 591 0 -1 0 173.975 32.224 -820.649 167.497 29.583 -824.369 178.015 35.599 -814.822 fcn-rockwall-bttm
4552 1 1 592 0 -1 0 178.072 32.626 -813.332 173.453 29.753 -816.298 180.193 37.289 -808.737 fcn-rockwall-bttm
4553 1 1 593 0 -1 0 226.453 32.975 -804.486 222.025 29.910 -812.726 233.613 36.963 -798.756 fcn-rockwall-bttm
4554 1 1 594 0 -1 0 220.974 33.287 -816.950 218.514 29.929 -823.524 226.218 38.965 -812.167 fcn-rockwall-bttm
4555 1 1 595 0 -1 0 155.970 32.216 -855.508 149.747 29.592 -859.495 159.791 35.604 -849.481 fcn-rockwall-bttm
4556 1 1 596 0 -1 0 162.082 32.612 -850.387 157.233 29.757 -852.824 164.451 37.297 -845.789 fcn-rockwall-bttm
4557 1 1 597 0 -1 0 170.891 32.270 -841.185 164.968 29.636 -844.205 174.760 35.619 -836.898 fcn-rockwall-bttm
4558 1 1 598 0 -1 0 172.612 32.636 -834.491 168.766 29.767 -837.031 174.677 37.303 -831.019 fcn-rockwall-bttm
4559 1 1 600 0 -1 0 215.500 33.419 -873.236 213.453 29.931 -878.766 219.058 39.317 -867.241 fcn-rockwall-bttm
4560 1 1 601 0 -1 0 209.636 32.748 -898.291 205.451 29.751 -905.289 216.551 36.647 -893.584 fcn-rockwall-bttm
4561 1 1 602 0 -1 0 200.919 33.052 -903.502 197.838 29.769 -908.751 206.629 38.604 -900.676 fcn-rockwall-bttm
4562 1 1 603 0 -1 0 217.774 32.451 -881.420 213.415 29.891 -889.288 224.814 35.782 -875.990 fcn-rockwall-bttm
4563 1 1 604 0 -1 0 212.595 32.712 -893.199 210.209 29.907 -899.469 217.712 37.453 -888.665 fcn-rockwall-bttm
4564 1 1 605 0 -1 0 196.629 33.468 -910.165 190.746 29.906 -915.937 203.570 38.102 -906.156 fcn-rockwall-bttm
4565 1 1 606 0 -1 0 183.503 33.831 -912.500 178.287 29.928 -916.706 189.842 40.428 -910.285 fcn-rockwall-bttm
4566 1 1 608 0 -1 0 141.492 32.259 -873.900 135.774 29.394 -876.635 144.708 36.934 -868.748 fcn-rockwall-bttm
4567 1 1 609 0 -1 0 145.044 32.769 -920.562 141.103 29.398 -926.257 150.866 37.111 -916.783 fcn-rockwall-bttm
4568 1 1 610 0 -1 0 135.406 33.387 -923.694 131.866 29.778 -928.042 140.717 39.245 -921.590 fcn-rockwall-bttm
4569 1 1 611 0 -1 0 5.475 32.380 -904.786 1.215 28.516 -908.235 11.493 37.195 -899.078 fcn-rockwall-bttm
4570 1 1 612 0 -1 0 15.454 33.111 -907.207 11.236 29.180 -908.808 20.576 39.454 -903.359 fcn-rockwall-bttm
4571 1 1 613 0 -1 0 -12.910 31.927 -911.627 -19.259 28.604 -915.459 -8.465 36.081 -905.580 fcn-rockwall-bttm
4572 1 1 614 0 -1 0 -1.891 32.703 -908.386 -7.737 29.321 -910.468 2.148 38.030 -903.546 fcn-rockwall-bttm
4573 1 1 615 0 -1 0 -56.492 32.664 -936.664 -63.841 29.557 -941.330 -51.896 36.232 -929.514 fcn-rockwall-bttm
4574 1 1 616 0 -1 0 -50.379 33.183 -927.881 -56.096 29.823 -931.485 -47.612 38.082 -922.373 fcn-rockwall-bttm
4575 1 1 617 0 -1 0 -48.782 31.908 -923.240 -55.071 28.323 -927.026 -44.913 36.464 -917.131 fcn-rockwall-bttm
4576 1 1 618 0 -1 0 -40.713 33.286 -919.131 -46.194 29.604 -921.345 -37.613 38.617 -914.140 fcn-rockwall-bttm
4577 1 1 619 0 -1 0 102.425 32.611 -939.308 98.487 30.051 -945.096 108.116 35.942 -935.316 fcn-rockwall-bttm
4578 1 1 621 0 -1 0 69.800 32.968 -948.230 62.959 30.066 -955.124 74.227 36.744 -943.987 fcn-rockwall-bttm
4579 1 1 622 0 -1 0 61.673 33.264 -942.148 56.353 30.083 -947.349 65.035 38.640 -939.658 fcn-rockwall-bttm
4580 1 1 623 0 -1 0 84.357 32.611 -945.417 79.325 30.051 -950.630 89.473 35.942 -941.438 fcn-rockwall-bttm
4581 1 1 624 0 -1 0 74.207 32.872 -945.489 69.935 30.067 -948.789 78.788 37.614 -943.435 fcn-rockwall-bttm
4582 1 1 625 0 -1 0 21.579 33.157 -940.835 16.162 30.064 -945.908 27.467 37.181 -936.839 fcn-rockwall-bttm
4583 1 1 626 0 -1 0 10.151 33.471 -941.697 5.464 30.082 -945.320 15.474 39.201 -939.657 fcn-rockwall-bttm
4584 1 1 628 0 -1 0 -27.098 33.377 -965.375 -29.493 30.088 -970.675 -22.030 38.937 -961.916 fcn-rockwall-bttm
4585 1 1 630 0 -1 0 -11.116 33.349 -950.749 -14.410 30.083 -955.479 -5.683 38.871 -948.213 fcn-rockwall-bttm
4586 1 1 631 0 -1 0 -45.843 12.021 -969.959 -50.100 9.308 -977.032 -38.972 15.551 -965.306 fcn-rockwall-bttm
4587 1 1 632 0 -1 0 -50.826 12.297 -979.860 -53.145 9.324 -985.453 -45.846 17.323 -975.973 fcn-rockwall-bttm
4588 1 1 634 0 -1 0 -46.671 12.902 -1079.413 -48.773 9.593 -1084.910 -42.888 18.276 -1074.431 fcn-rockwall-bttm
4589 1 1 636 0 -1 0 -43.054 12.607 -1101.750 -45.142 9.802 -1105.547 -39.072 17.349 -1096.702 fcn-rockwall-bttm
4590 1 1 637 0 -1 0 -54.674 32.611 -1017.715 -58.717 30.051 -1024.071 -48.200 35.942 -1013.325 fcn-rockwall-bttm
4591 1 1 639 0 -1 0 -54.506 12.729 -989.906 -59.006 9.322 -997.137 -47.282 16.819 -985.173 fcn-rockwall-bttm
4592 1 1 640 0 -1 0 -60.737 13.101 -999.059 -63.461 9.381 -1004.610 -55.119 18.925 -995.335 fcn-rockwall-bttm
4593 1 1 641 0 -1 0 -55.659 13.246 -1062.071 -61.474 9.276 -1066.796 -46.999 17.944 -1054.014 fcn-rockwall-bttm
4594 1 1 642 0 -1 0 -48.792 11.915 -1071.158 -52.330 7.984 -1074.435 -42.289 18.756 -1064.692 fcn-rockwall-bttm
4595 1 1 644 0 -1 0 -57.273 33.196 -940.763 -62.773 30.136 -944.244 -54.612 37.614 -935.440 fcn-rockwall-bttm
4596 1 1 645 0 -1 0 -77.261 32.590 -966.351 -84.378 29.407 -970.961 -72.851 36.274 -959.415 fcn-rockwall-bttm
4597 1 1 646 0 -1 0 -69.784 33.242 -959.226 -75.624 29.816 -962.341 -66.859 38.166 -953.971 fcn-rockwall-bttm
4598 1 1 648 0 -1 0 -80.641 33.334 -974.861 -86.044 29.820 -978.438 -78.054 38.565 -969.576 fcn-rockwall-bttm
4599 1 1 649 0 -1 0 -94.697 32.724 -1001.181 -101.738 29.611 -1005.616 -90.275 36.321 -994.349 fcn-rockwall-bttm
4600 1 1 650 0 -1 0 -89.389 33.190 -992.309 -94.776 29.815 -995.885 -86.812 38.188 -987.021 fcn-rockwall-bttm
4601 1 1 651 0 -1 0 -101.060 32.542 -1023.375 -107.861 29.742 -1028.477 -96.758 35.718 -1016.253 fcn-rockwall-bttm
4602 1 1 652 0 -1 0 -97.238 32.834 -1012.305 -102.180 29.783 -1016.530 -94.958 37.383 -1006.668 fcn-rockwall-bttm
4603 1 1 653 0 -1 0 -70.446 13.693 -1048.704 -75.143 10.682 -1052.778 -63.669 17.008 -1041.971 fcn-rockwall-bttm
4604 1 1 654 0 -1 0 -64.205 13.285 -1056.702 -67.246 10.024 -1059.505 -59.162 18.128 -1051.285 fcn-rockwall-bttm
4605 1 1 656 0 -1 0 -97.816 11.789 -1043.561 -102.978 8.365 -1046.955 -95.353 17.578 -1038.245 fcn-rockwall-bttm
4606 1 1 658 0 -1 0 -101.016 11.758 -1057.905 -105.841 8.380 -1061.586 -98.805 17.387 -1052.725 fcn-rockwall-bttm
4607 1 1 659 0 -1 0 -69.097 10.136 -1115.977 -75.637 7.662 -1122.587 -64.893 13.355 -1111.894 fcn-rockwall-bttm
4608 1 1 660 0 -1 0 -77.378 10.388 -1110.717 -82.495 7.678 -1115.596 -74.023 14.970 -1108.416 fcn-rockwall-bttm
4609 1 1 663 0 -1 0 -78.781 12.339 -1113.228 -85.369 9.422 -1119.780 -74.367 16.134 -1109.276 fcn-rockwall-bttm
4610 1 1 664 0 -1 0 -83.982 12.636 -1104.510 -88.941 9.440 -1110.006 -81.304 18.039 -1101.416 fcn-rockwall-bttm
4611 1 1 665 0 -1 0 -89.153 12.673 -1097.300 -96.743 9.439 -1104.895 -84.085 16.880 -1092.729 fcn-rockwall-bttm
4612 1 1 666 0 -1 0 -95.464 13.002 -1086.833 -101.198 9.459 -1093.272 -92.360 18.992 -1083.107 fcn-rockwall-bttm
4613 1 1 667 0 -1 0 212.379 33.235 -1173.039 207.469 29.805 -1177.749 219.952 37.680 -1165.382 fcn-rockwall-bttm
4614 1 1 668 0 -1 0 221.312 33.565 -1179.783 217.606 29.808 -1182.545 227.191 39.913 -1174.012 fcn-rockwall-bttm
4615 1 1 669 0 -1 0 227.891 33.249 -1182.721 223.160 29.819 -1186.931 234.924 37.694 -1175.764 fcn-rockwall-bttm
4616 1 1 670 0 -1 0 233.201 33.584 -1191.398 230.351 29.826 -1194.459 238.474 39.927 -1185.674 fcn-rockwall-bttm
4617 1 1 671 0 -1 0 235.009 32.687 -1188.953 230.381 29.570 -1195.519 241.816 36.736 -1180.772 fcn-rockwall-bttm
4618 1 1 672 0 -1 0 239.006 33.027 -1204.176 236.333 29.621 -1210.100 244.059 38.764 -1196.651 fcn-rockwall-bttm
4619 1 1 673 0 -1 0 242.545 32.562 -1213.938 238.695 29.667 -1219.917 248.666 36.328 -1209.499 fcn-rockwall-bttm
4620 1 1 674 0 -1 0 240.266 32.856 -1223.829 238.234 29.685 -1228.652 244.295 38.219 -1220.033 fcn-rockwall-bttm
4621 1 1 675 0 -1 0 266.396 33.176 -1264.305 262.114 30.063 -1268.410 272.696 37.226 -1257.966 fcn-rockwall-bttm
4622 1 1 676 0 -1 0 270.299 33.493 -1274.436 267.802 30.082 -1278.078 274.975 39.260 -1268.798 fcn-rockwall-bttm
4623 1 1 677 0 -1 0 253.292 32.903 -1257.696 248.934 30.061 -1261.924 260.067 36.600 -1250.850 fcn-rockwall-bttm
4624 1 1 678 0 -1 0 261.820 33.192 -1263.199 258.358 30.078 -1265.591 267.118 38.456 -1258.136 fcn-rockwall-bttm
4625 1 1 680 0 -1 0 244.399 32.621 -1247.197 241.977 29.670 -1250.607 248.943 37.611 -1241.841 fcn-rockwall-bttm
4626 1 1 681 0 -1 0 304.100 32.884 -1297.765 299.841 30.064 -1301.824 310.575 36.551 -1291.141 fcn-rockwall-bttm
4627 1 1 682 0 -1 0 310.589 33.170 -1304.221 307.736 30.081 -1306.708 315.549 38.393 -1299.109 fcn-rockwall-bttm
4628 1 1 683 0 -1 0 277.761 33.264 -1286.041 273.806 30.062 -1290.041 283.806 37.430 -1279.563 fcn-rockwall-bttm
4629 1 1 684 0 -1 0 284.210 33.590 -1291.218 281.439 30.082 -1293.477 288.865 39.521 -1286.433 fcn-rockwall-bttm
4630 1 1 686 0 -1 0 298.707 33.514 -1296.403 295.730 30.081 -1298.367 303.093 39.316 -1292.026 fcn-rockwall-bttm
4631 1 1 687 0 -1 0 233.252 32.519 -1313.110 225.440 29.564 -1320.364 238.330 36.364 -1308.643 fcn-rockwall-bttm
4632 1 1 688 0 -1 0 222.501 32.820 -1306.815 216.335 29.582 -1312.268 226.744 38.293 -1304.210 fcn-rockwall-bttm
4633 1 1 689 0 -1 0 317.766 13.649 -1328.660 313.559 10.590 -1332.491 323.755 17.362 -1322.765 fcn-rockwall-bttm
4634 1 1 690 0 -1 0 320.958 13.973 -1337.993 318.494 10.631 -1341.402 325.236 19.268 -1332.708 fcn-rockwall-bttm
4635 1 1 691 0 -1 0 323.747 13.133 -1344.834 319.763 10.573 -1349.310 328.811 16.464 -1339.675 fcn-rockwall-bttm
4636 1 1 692 0 -1 0 324.618 13.394 -1354.661 322.584 10.589 -1358.602 328.235 18.136 -1349.963 fcn-rockwall-bttm
4637 1 1 695 0 -1 0 312.228 15.554 -1361.680 306.575 12.749 -1367.092 315.983 19.031 -1358.035 fcn-rockwall-bttm
4638 1 1 696 0 -1 0 309.720 15.765 -1352.481 305.404 12.835 -1357.326 311.739 20.715 -1349.226 fcn-rockwall-bttm
4639 1 1 698 0 -1 0 298.613 13.388 -1334.012 293.675 10.466 -1339.305 301.402 18.127 -1331.352 fcn-rockwall-bttm
4640 1 1 699 0 -1 0 257.854 32.560 -1324.141 250.042 29.555 -1331.396 262.932 36.471 -1319.675 fcn-rockwall-bttm
4641 1 1 700 0 -1 0 247.103 32.866 -1317.846 240.937 29.573 -1323.299 251.346 38.434 -1315.241 fcn-rockwall-bttm
4642 1 1 701 0 -1 0 340.452 32.985 -1363.927 336.112 30.063 -1367.895 346.867 36.786 -1357.513 fcn-rockwall-bttm
4643 1 1 702 0 -1 0 344.773 33.282 -1373.651 342.209 30.081 -1377.135 349.555 38.695 -1368.046 fcn-rockwall-bttm
4644 1 1 703 0 -1 0 347.939 32.611 -1378.055 344.022 30.051 -1384.688 354.177 35.942 -1373.083 fcn-rockwall-bttm
4645 1 1 704 0 -1 0 345.358 32.872 -1389.112 343.328 30.067 -1394.467 349.513 37.614 -1384.846 fcn-rockwall-bttm
4646 1 1 705 0 -1 0 302.319 32.611 -1393.182 296.929 30.051 -1399.197 306.284 35.942 -1386.863 fcn-rockwall-bttm
4647 1 1 706 0 -1 0 302.650 32.872 -1380.973 299.418 30.067 -1386.307 304.708 37.614 -1375.703 fcn-rockwall-bttm
4648 1 1 707 0 -1 0 310.841 28.883 -1425.139 305.044 25.339 -1431.755 314.314 32.946 -1420.124 fcn-rockwall-bttm
4649 1 1 708 0 -1 0 308.102 29.037 -1413.234 303.206 25.622 -1418.901 310.015 34.783 -1408.725 fcn-rockwall-bttm
4650 1 1 709 0 -1 0 177.474 32.804 -1152.503 173.046 30.064 -1156.481 184.094 36.370 -1145.914 fcn-rockwall-bttm
4651 1 1 710 0 -1 0 182.821 33.083 -1161.131 180.124 30.081 -1164.190 187.812 38.160 -1155.630 fcn-rockwall-bttm
4652 1 1 711 0 -1 0 158.596 33.088 -1147.414 154.016 30.059 -1151.273 164.413 37.030 -1141.447 fcn-rockwall-bttm
4653 1 1 712 0 -1 0 168.581 33.397 -1149.238 164.649 30.077 -1151.283 173.296 39.008 -1145.385 fcn-rockwall-bttm
4654 1 1 713 0 -1 0 115.385 33.343 -1135.424 110.543 30.073 -1139.354 120.874 37.597 -1129.770 fcn-rockwall-bttm
4655 1 1 714 0 -1 0 125.490 33.676 -1136.402 121.247 30.093 -1138.460 129.981 39.733 -1132.893 fcn-rockwall-bttm
4656 1 1 715 0 -1 0 91.355 32.943 -1131.045 86.486 30.064 -1135.037 98.039 36.688 -1124.670 fcn-rockwall-bttm
4657 1 1 716 0 -1 0 102.134 33.236 -1134.065 98.072 30.081 -1136.078 107.509 38.568 -1129.747 fcn-rockwall-bttm
4658 1 1 718 0 -1 0 204.655 33.192 -1172.402 200.761 29.768 -1174.391 209.935 38.982 -1167.950 fcn-rockwall-bttm
4659 1 1 721 0 -1 0 121.423 15.162 -1162.862 116.132 12.602 -1168.997 125.136 18.493 -1159.008 fcn-rockwall-bttm
4660 1 1 723 0 -1 0 158.068 32.676 -1187.352 150.670 29.571 -1194.333 162.988 36.716 -1183.032 fcn-rockwall-bttm
4661 1 1 724 0 -1 0 147.549 32.992 -1182.101 141.689 29.590 -1187.196 151.659 38.743 -1179.716 fcn-rockwall-bttm
4662 1 1 725 0 -1 0 138.846 32.818 -1178.852 132.524 30.056 -1185.295 143.245 36.411 -1174.826 fcn-rockwall-bttm
4663 1 1 727 0 -1 0 178.451 32.803 -1201.697 171.079 29.564 -1208.896 183.220 37.017 -1197.289 fcn-rockwall-bttm
4664 1 1 728 0 -1 0 169.639 33.133 -1194.556 163.903 29.584 -1200.135 173.278 39.132 -1191.835 fcn-rockwall-bttm
4665 1 1 729 0 -1 0 217.428 32.573 -1305.937 211.185 29.565 -1312.591 221.692 36.486 -1301.161 fcn-rockwall-bttm
4666 1 1 730 0 -1 0 213.928 32.879 -1293.980 209.318 29.583 -1300.147 216.381 38.451 -1289.520 fcn-rockwall-bttm
4667 1 1 731 0 -1 0 210.117 33.005 -1268.456 203.874 29.573 -1275.111 214.381 37.470 -1263.681 fcn-rockwall-bttm
4668 1 1 732 0 -1 0 206.617 33.354 -1256.499 202.007 29.594 -1262.666 209.070 39.711 -1252.039 fcn-rockwall-bttm
4669 1 1 733 0 -1 0 46.361 32.611 -1134.032 41.002 30.051 -1137.928 52.682 35.942 -1128.192 fcn-rockwall-bttm
4670 1 1 734 0 -1 0 57.712 32.872 -1135.488 53.049 30.067 -1137.542 62.866 37.614 -1131.779 fcn-rockwall-bttm
4671 1 1 735 0 -1 0 3.856 32.611 -1132.162 -0.754 30.051 -1136.030 9.639 35.942 -1126.228 fcn-rockwall-bttm
4672 1 1 736 0 -1 0 13.858 32.872 -1133.895 9.891 30.067 -1135.942 18.550 37.614 -1130.079 fcn-rockwall-bttm
4673 1 1 737 0 -1 0 45.117 32.725 -1176.658 40.071 30.064 -1181.884 50.225 36.187 -1172.681 fcn-rockwall-bttm
4674 1 1 739 0 -1 0 11.260 33.041 -1175.447 4.513 30.063 -1182.269 15.589 36.914 -1171.230 fcn-rockwall-bttm
4675 1 1 740 0 -1 0 2.601 33.343 -1170.149 -2.685 30.081 -1175.159 6.093 38.859 -1167.794 fcn-rockwall-bttm
4676 1 1 741 0 -1 0 -7.526 32.611 -1166.081 -14.272 30.051 -1172.903 -3.196 35.942 -1161.864 fcn-rockwall-bttm
4677 1 1 743 0 -1 0 -27.517 32.873 -1156.133 -34.011 30.052 -1162.734 -23.170 36.543 -1152.023 fcn-rockwall-bttm
4678 1 1 744 0 -1 0 -36.832 33.160 -1152.102 -41.982 30.070 -1156.744 -33.202 38.385 -1149.989 fcn-rockwall-bttm
4679 1 1 745 0 -1 0 -63.619 33.343 -1133.934 -70.114 30.070 -1140.534 -59.273 37.600 -1129.824 fcn-rockwall-bttm
4680 1 1 746 0 -1 0 -72.935 33.675 -1129.902 -78.084 30.090 -1134.544 -69.304 39.737 -1127.790 fcn-rockwall-bttm
4681 1 0 1235 0 -1 0 162.884 47.482 -438.191 154.849 36.440 -443.854 169.445 56.343 -432.731 fcn-rockwall
4682 1 0 1238 0 -1 0 77.815 46.120 -420.933 70.867 35.917 -426.908 85.600 54.307 -414.866 fcn-rockwall
4683 1 0 1242 0 -1 0 173.989 48.392 -489.942 165.901 36.779 -495.969 180.201 57.710 -484.775 fcn-rockwall
4684 1 0 1244 0 -1 0 153.030 26.050 -591.759 145.940 14.138 -598.657 158.941 35.318 -586.606 fcn-rockwall
4685 1 0 1249 0 -1 0 116.056 50.435 -516.055 110.237 37.559 -521.428 123.675 60.768 -509.683 fcn-rockwall
4686 1 0 1255 0 -1 0 235.383 47.961 -788.310 227.324 36.721 -794.789 241.574 56.980 -782.700 fcn-rockwall
4687 1 0 1259 0 -1 0 231.947 49.534 -813.448 223.491 37.319 -820.733 238.389 59.337 -807.640 fcn-rockwall
4688 1 0 1262 0 -1 0 223.738 50.296 -865.376 215.644 37.607 -871.496 230.017 60.478 -860.051 fcn-rockwall
4689 1 0 1264 0 -1 0 223.415 46.282 -890.041 215.021 36.078 -896.992 229.761 54.469 -884.522 fcn-rockwall
4690 1 0 1265 0 -1 0 192.378 52.712 -919.692 186.170 38.515 -926.153 197.803 64.103 -911.551 fcn-rockwall
4691 1 0 1279 0 -1 0 -37.054 28.099 -1073.807 -45.271 16.823 -1079.892 -30.764 37.232 -1068.445 fcn-rockwall
4692 1 0 1298 0 -1 0 245.551 49.461 -1193.397 236.970 37.092 -1200.654 252.709 59.374 -1186.828 fcn-rockwall
4693 1 0 1306 0 -1 0 224.214 48.484 -1317.823 217.341 36.706 -1324.305 229.498 57.934 -1309.541 fcn-rockwall
4694 1 0 1312 0 -1 0 248.815 48.799 -1328.854 241.943 36.819 -1335.336 254.099 58.411 -1320.572 fcn-rockwall
4695 1 0 1315 0 -1 0 293.830 46.442 -1387.655 287.711 36.239 -1392.696 301.854 54.629 -1381.981 fcn-rockwall
4696 1 0 1316 0 -1 0 304.385 45.352 -1421.045 298.908 33.183 -1426.066 310.201 54.528 -1415.617 fcn-rockwall
4697 1 0 1327 0 -1 0 207.619 48.825 -1303.164 201.002 36.835 -1308.738 215.658 58.445 -1297.382 fcn-rockwall
4698 1 0 1328 0 -1 0 200.308 51.546 -1265.683 193.691 37.868 -1271.257 208.347 62.522 -1259.901 fcn-rockwall
4699 1 17 3314 0 -1 0 -89.085 24.769 -1058.921 -96.995 18.121 -1063.782 -82.039 31.540 -1055.239 fcn-bridge
4700 1 17 3318 0 -1 0 -62.112 25.113 -1090.255 -69.724 18.482 -1095.735 -54.391 31.664 -1085.433 fcn-bridge
4701 1 4 1829 0 -1 0 -44.840 52.936 -292.961 -48.432 49.453 -297.237 -42.832 55.877 -289.967 bch-beachrock
4702 1 4 1834 0 -1 0 -31.261 64.072 -430.321 -34.640 60.062 -434.872 -29.136 68.337 -426.932 bch-beachrock
4703 1 4 1839 0 -1 0 -44.860 65.503 -426.351 -47.222 61.411 -429.974 -41.352 68.228 -424.314 bch-beachrock
4704 1 4 1844 0 -1 0 -29.966 100.752 -561.482 -33.700 96.381 -567.052 -27.842 104.467 -556.896 bch-beachrock
4705 1 4 1849 0 -1 0 -31.833 99.709 -580.343 -37.238 95.444 -584.906 -28.283 102.592 -574.615 bch-beachrock
4706 1 4 1854 0 -1 0 -49.311 103.286 -538.299 -54.519 98.689 -544.133 -46.582 107.756 -534.833 bch-beachrock
4707 1 4 1859 0 -1 0 -41.653 115.923 -582.242 -47.338 111.415 -585.731 -37.980 118.974 -576.643 bch-beachrock
4708 1 4 1864 0 -1 0 -114.897 116.004 -553.083 -117.228 111.609 -556.312 -111.123 119.429 -548.232 bch-beachrock
4709 1 4 1869 0 -1 0 -61.264 95.270 -517.269 -66.230 91.148 -522.917 -58.325 100.064 -513.880 bch-beachrock
4710 1 4 1874 0 -1 0 -95.539 123.204 -568.411 -98.524 118.969 -571.375 -90.612 126.812 -563.519 bch-beachrock
4711 1 4 1879 0 -1 0 -77.700 121.845 -583.804 -80.808 117.513 -587.443 -72.765 123.909 -578.476 bch-beachrock
4712 1 19 3438 0 -1 0 140.704 27.893 -576.543 136.840 25.379 -580.161 144.868 30.056 -572.607 fcn-precursor-metal-plain-01
4713 1 19 3441 0 -1 0 135.033 23.387 -580.007 131.273 21.392 -583.746 138.852 25.460 -576.070 fcn-precursor-metal-plain-01
4714 1 19 3444 0 -1 0 2.517 31.688 -914.972 -0.935 29.682 -918.766 5.956 33.663 -911.043 fcn-precursor-metal-plain-01
4715 1 19 3447 0 -1 0 -14.744 33.693 -947.714 -18.379 32.231 -951.575 -10.985 35.454 -943.936 fcn-precursor-metal-plain-01
4716 1 19 3450 0 -1 0 -47.893 21.963 -985.881 -51.345 18.213 -988.470 -44.454 25.392 -982.875 fcn-precursor-metal-plain-01
4717 1 19 3453 0 -1 0 -76.805 25.870 -1038.437 -80.692 23.998 -1042.467 -73.041 27.799 -1034.588 fcn-precursor-metal-plain-01
4718 1 19 3456 0 -1 0 290.835 26.753 -1334.000 287.258 22.992 -1337.800 293.578 30.181 -1330.847 fcn-precursor-metal-plain-01
4719 1 2 1544 0 -1 0 -46.300 20.934 -1114.691 -49.022 13.051 -1117.847 -44.096 27.239 -1113.579 fcn-rockwall-cliffside
4720 1 2 1562 0 -1 0 -72.133 20.934 -1067.352 -75.205 13.051 -1069.573 -70.555 27.239 -1065.888 fcn-rockwall-cliffside
4721 1 2 1586 0 -1 0 -72.502 20.934 -1085.657 -74.978 13.051 -1086.826 -69.386 27.239 -1082.244 fcn-rockwall-cliffside
4722 1 2 1634 0 -1 0 319.464 20.934 -1364.896 316.476 13.051 -1368.002 321.681 27.239 -1363.784 fcn-rockwall-cliffside
4723 1 0 749 0 -1 0 16.843 47.160 -235.547 8.450 37.033 -238.671 23.218 54.046 -233.053 fcn-rockwall
4724 1 0 759 0 -1 0 52.683 51.152 -324.325 48.008 38.550 -332.000 57.984 59.686 -318.043 fcn-rockwall
4725 1 0 764 0 -1 0 35.271 50.048 -296.773 27.050 38.183 -300.083 41.743 58.096 -293.365 fcn-rockwall
4726 1 0 774 0 -1 0 -24.937 48.160 -295.303 -31.048 37.223 -298.467 -17.182 55.621 -292.322 fcn-rockwall
4727 1 0 814 0 -1 0 43.413 49.107 -386.172 37.561 37.654 -391.952 49.061 56.927 -379.416 fcn-rockwall
4728 1 0 819 0 -1 0 62.223 47.699 -398.753 55.785 37.097 -405.874 68.107 54.944 -390.222 fcn-rockwall
4729 1 0 824 0 -1 0 4.005 47.410 -348.921 -1.610 36.986 -354.883 9.232 54.530 -341.838 fcn-rockwall
4730 1 0 839 0 -1 0 159.060 47.961 -553.039 150.683 37.349 -555.750 165.438 55.167 -550.375 fcn-rockwall
4731 1 0 939 0 -1 0 53.246 47.166 -892.464 48.091 36.961 -901.221 58.773 54.140 -884.864 fcn-rockwall
4732 1 0 979 0 -1 0 183.539 50.307 -1219.631 176.394 38.186 -1225.585 191.155 58.547 -1212.896 fcn-rockwall
4733 1 16 2412 0 -1 0 9.568 39.743 -1174.178 8.673 35.990 -1175.480 10.654 42.602 -1171.603 fcn-tree
4734 1 16 3655 0 -1 0 106.403 35.586 -597.700 104.105 33.815 -598.368 107.743 37.525 -597.057 fcn-tree
4735 1 16 3659 0 -1 0 106.239 32.453 -597.608 104.275 30.985 -598.604 107.649 34.519 -596.665 fcn-tree
4736 1 16 3667 0 -1 0 111.130 24.821 -600.292 108.478 23.941 -601.317 112.885 26.268 -599.574 fcn-tree
4737 1 16 3675 0 -1 0 181.373 43.126 -752.492 179.406 41.066 -753.425 182.603 45.014 -751.798 fcn-tree
4738 1 16 3687 0 -1 0 -24.075 41.962 -912.890 -24.603 39.552 -914.844 -23.582 43.423 -911.294 fcn-tree
4739 1 16 3703 0 -1 0 207.791 38.599 -1173.412 206.839 36.005 -1174.089 208.856 40.371 -1172.525 fcn-tree
4740 1 16 3723 0 -1 0 343.789 39.240 -1379.402 342.512 36.095 -1379.945 345.037 41.465 -1378.699 fcn-tree
4741 1 0 1023 0 -1 0 165.295 46.066 -572.416 156.302 30.082 -578.416 173.238 55.669 -566.989 fcn-rockwall
4742 1 0 1027 0 -1 0 167.197 45.788 -591.160 157.645 28.906 -598.582 175.107 55.929 -585.172 fcn-rockwall
4743 1 0 1031 0 -1 0 179.822 44.761 -634.998 172.364 26.486 -642.673 187.886 55.708 -628.198 fcn-rockwall
4744 1 0 1035 0 -1 0 141.752 44.679 -671.369 132.080 26.381 -679.869 150.624 55.672 -661.465 fcn-rockwall
4745 1 0 1039 0 -1 0 96.337 43.768 -574.472 88.627 29.751 -581.238 105.468 52.189 -566.027 fcn-rockwall
4746 1 0 1043 0 -1 0 101.909 45.273 -607.926 94.387 28.611 -613.643 109.956 55.283 -601.414 fcn-rockwall
4747 1 0 1047 0 -1 0 94.338 43.768 -591.784 87.470 29.751 -595.429 102.507 52.189 -587.610 fcn-rockwall
4748 1 0 1051 0 -1 0 -27.485 45.852 -983.627 -37.153 30.086 -991.295 -19.477 55.323 -977.643 fcn-rockwall
4749 1 0 1055 0 -1 0 -24.195 45.923 -1072.859 -33.508 30.082 -1078.390 -16.708 55.439 -1068.966 fcn-rockwall
4750 1 0 1059 0 -1 0 -35.546 46.112 -1051.431 -42.964 30.076 -1060.394 -27.492 55.745 -1043.858 fcn-rockwall
4751 1 0 1067 0 -1 0 -22.419 44.090 -1094.555 -31.406 30.073 -1099.702 -14.656 52.511 -1089.804 fcn-rockwall
4752 1 0 1071 0 -1 0 -38.190 44.090 -1003.598 -47.609 30.073 -1011.723 -30.284 52.511 -996.622 fcn-rockwall
4753 1 0 1075 0 -1 0 -48.215 44.627 -1043.218 -55.600 29.131 -1049.191 -40.187 53.908 -1037.405 fcn-rockwall
4754 1 0 1079 0 -1 0 -117.025 45.055 -1037.214 -124.839 30.073 -1043.966 -107.677 54.055 -1029.437 fcn-rockwall
4755 1 0 1083 0 -1 0 -124.781 43.985 -1055.912 -132.475 30.064 -1059.944 -115.289 52.348 -1049.805 fcn-rockwall
4756 1 0 1087 0 -1 0 -125.734 43.542 -1076.046 -133.431 30.073 -1080.506 -116.774 51.634 -1071.273 fcn-rockwall
4757 1 0 1091 0 -1 0 -117.120 45.040 -1094.370 -125.420 30.075 -1101.029 -108.540 54.030 -1086.716 fcn-rockwall
4758 1 0 1095 0 -1 0 -104.446 47.907 -1112.822 -112.722 30.085 -1119.461 -95.891 58.614 -1105.190 fcn-rockwall
4759 1 0 1123 0 -1 0 349.796 45.770 -1407.202 340.283 29.535 -1413.743 357.505 55.523 -1402.967 fcn-rockwall
4760 1 0 1127 0 -1 0 111.766 47.780 -1179.575 106.246 30.081 -1187.219 115.716 58.413 -1170.149 fcn-rockwall
4761 1 0 1131 0 -1 0 -90.224 48.361 -1129.120 -98.345 28.786 -1136.605 -82.621 60.120 -1120.291 fcn-rockwall
4762 1 17 3274 0 -1 0 -90.062 21.815 -1066.227 -97.902 11.789 -1073.177 -83.021 30.695 -1059.404 fcn-bridge
4763 1 16 2992 0 -1 0 -113.026 35.778 -1065.260 -114.177 35.018 -1065.996 -111.965 37.158 -1064.917 fcn-tree
4764 1 0 1026 0 -1 0 162.210 45.667 -602.984 153.431 28.906 -607.339 170.294 56.023 -595.573 fcn-rockwall
4765 1 0 1030 0 -1 0 188.689 44.665 -644.426 180.218 26.491 -651.152 194.326 55.944 -636.808 fcn-rockwall
4766 1 0 1042 0 -1 0 95.940 45.154 -598.291 89.894 28.611 -604.941 104.626 55.376 -592.647 fcn-rockwall
4767 1 0 1046 0 -1 0 92.989 43.669 -580.530 86.700 29.751 -585.138 101.739 52.267 -577.451 fcn-rockwall
4768 1 0 1054 0 -1 0 -24.745 45.810 -1085.419 -34.189 30.082 -1088.623 -17.652 55.528 -1080.629 fcn-rockwall
4769 1 0 1062 0 -1 0 -17.521 47.756 -1068.501 -26.980 30.091 -1073.807 -10.719 58.670 -1061.806 fcn-rockwall
4770 1 0 1094 0 -1 0 -111.923 47.780 -1102.715 -118.303 30.085 -1110.291 -102.544 58.713 -1096.034 fcn-rockwall
4771 1 0 1098 0 -1 0 335.274 43.990 -1314.255 327.120 30.073 -1322.014 340.565 52.589 -1306.655 fcn-rockwall
4772 1 0 1102 0 -1 0 342.066 43.990 -1330.588 332.853 30.073 -1335.414 348.790 52.589 -1324.639 fcn-rockwall
4773 1 0 1114 0 -1 0 275.914 46.091 -1343.743 270.379 30.081 -1351.245 284.305 55.983 -1336.241 fcn-rockwall
4774 1 0 1118 0 -1 0 288.487 45.466 -1355.046 281.729 30.071 -1360.852 297.692 54.978 -1350.395 fcn-rockwall
4775 1 0 1130 0 -1 0 -99.965 48.221 -1121.176 -105.507 28.786 -1129.256 -91.232 60.229 -1113.243 fcn-rockwall
4776 1 4 1831 0 -1 0 -41.959 44.616 -300.942 -46.990 31.021 -304.692 -38.224 56.210 -297.467 bch-beachrock
4777 1 4 1836 0 -1 0 -32.469 57.067 -439.844 -40.251 45.421 -444.693 -28.426 69.035 -434.702 bch-beachrock
4778 1 4 1846 0 -1 0 -26.724 89.940 -572.366 -31.807 73.730 -577.570 -22.970 103.971 -567.574 bch-beachrock
4779 1 4 1851 0 -1 0 -33.889 90.495 -592.864 -40.700 74.279 -598.285 -28.403 103.882 -585.440 bch-beachrock
4780 1 4 1856 0 -1 0 -55.509 115.356 -530.443 -61.304 100.916 -539.157 -51.299 130.174 -526.156 bch-beachrock
4781 1 4 1861 0 -1 0 -46.457 105.966 -593.360 -53.045 89.641 -598.323 -40.713 119.522 -585.842 bch-beachrock
4782 1 4 1866 0 -1 0 -119.414 105.317 -547.071 -122.272 92.055 -552.550 -114.439 117.168 -541.558 bch-beachrock
4783 1 4 1871 0 -1 0 -65.624 107.513 -508.497 -71.422 93.242 -515.989 -60.967 123.360 -504.691 bch-beachrock
4784 1 4 1876 0 -1 0 -101.647 112.483 -564.109 -104.902 99.412 -568.789 -94.361 124.471 -558.410 bch-beachrock
4785 1 4 1881 0 -1 0 -87.632 113.520 -582.136 -92.017 99.844 -588.032 -81.101 124.366 -574.861 bch-beachrock
4786 1 16 2557 0 -1 0 157.051 52.703 -596.249 156.626 51.358 -598.474 157.940 54.869 -593.457 fcn-tree
4787 1 16 3019 0 -1 0 -87.112 37.891 -1121.837 -87.390 36.524 -1122.304 -86.828 39.748 -1121.054 fcn-tree
4788 1 16 3157 0 -1 0 179.207 53.837 -1144.455 178.832 51.023 -1145.055 179.478 57.540 -1143.607 fcn-tree
4789 1 16 3160 0 -1 0 197.305 57.830 -1164.493 196.023 55.252 -1165.491 198.022 61.444 -1163.566 fcn-tree
4790 1 16 3561 0 -1 0 30.580 48.343 -906.925 29.257 47.428 -907.173 32.381 50.023 -906.516 fcn-tree
4791 1 10 3414 0 -1 0 124.440 29.845 -427.594 120.452 26.014 -432.119 129.876 33.483 -424.992 pbot-precursor-metal-plain-01
4792 1 1 1224 0 -1 0 2.869 33.161 -196.292 0.773 29.745 -200.168 5.056 36.573 -193.640 fcn-rockwall-bttm
4793 1 1 1225 0 -1 0 12.280 33.161 -214.266 9.555 29.745 -217.249 15.280 36.573 -212.355 fcn-rockwall-bttm
4794 1 1 1226 0 -1 0 -30.855 33.161 -224.774 -33.840 29.745 -226.784 -28.289 36.573 -221.355 fcn-rockwall-bttm
4795 1 1 1227 0 -1 0 -32.822 33.161 -201.377 -35.177 29.745 -204.115 -30.699 36.573 -197.565 fcn-rockwall-bttm
4796 1 1 1228 0 -1 0 20.711 34.440 -279.652 18.799 29.773 -283.535 22.875 39.102 -277.396 fcn-rockwall-bttm
4797 1 1 1229 0 -1 0 11.024 34.188 -257.311 9.062 29.765 -262.125 13.262 38.607 -254.807 fcn-rockwall-bttm
4798 1 1 1230 0 -1 0 32.280 34.508 -314.511 30.258 29.772 -318.421 34.173 39.240 -312.033 fcn-rockwall-bttm
4799 1 1 1231 0 -1 0 -23.330 33.161 -274.676 -25.491 29.745 -277.054 -21.371 36.573 -270.420 fcn-rockwall-bttm
4800 1 1 1232 0 -1 0 -12.149 34.137 -316.022 -14.310 29.760 -318.400 -10.191 38.510 -311.766 fcn-rockwall-bttm
4801 1 1 1233 0 -1 0 105.684 33.161 -372.866 103.851 29.745 -376.410 107.938 36.573 -370.787 fcn-rockwall-bttm
4802 1 1 1234 0 -1 0 130.373 33.236 -403.530 128.361 29.756 -407.047 132.576 36.712 -400.843 fcn-rockwall-bttm
4803 1 1 1235 0 -1 0 154.569 33.457 -439.753 152.544 29.760 -444.681 156.727 37.150 -437.153 fcn-rockwall-bttm
4804 1 1 1236 0 -1 0 117.940 33.499 -470.563 115.326 29.731 -472.436 119.702 37.257 -466.529 fcn-rockwall-bttm
4805 1 1 1237 0 -1 0 74.419 33.341 -351.156 72.678 29.745 -354.596 76.133 36.933 -348.995 fcn-rockwall-bttm
4806 1 1 1238 0 -1 0 85.811 33.161 -418.166 83.556 29.745 -421.017 88.052 36.573 -413.201 fcn-rockwall-bttm
4807 1 1 1239 0 -1 0 62.231 33.790 -339.686 60.106 29.756 -343.454 64.643 37.820 -336.916 fcn-rockwall-bttm
4808 1 1 1240 0 -1 0 -2.561 33.627 -333.680 -4.939 29.749 -336.490 -0.323 37.501 -329.224 fcn-rockwall-bttm
4809 1 1 1241 0 -1 0 164.401 34.185 -514.120 162.136 29.763 -518.508 167.317 38.603 -511.896 fcn-rockwall-bttm
4810 1 1 1242 0 -1 0 165.745 33.641 -488.039 163.480 29.754 -492.427 168.661 37.525 -485.814 fcn-rockwall-bttm
4811 1 1 1244 0 -1 0 147.549 10.764 -587.942 144.313 6.769 -591.724 151.080 14.562 -585.540 fcn-rockwall-bttm
4812 1 1 1245 0 -1 0 204.468 34.428 -669.832 202.425 30.085 -674.362 206.526 38.767 -667.294 fcn-rockwall-bttm
4813 1 1 1246 0 -1 0 219.780 33.798 -714.981 217.661 29.759 -719.918 221.783 37.833 -712.273 fcn-rockwall-bttm
4814 1 1 1247 0 -1 0 184.299 33.508 -743.695 181.506 29.752 -745.218 186.221 37.260 -740.390 fcn-rockwall-bttm
4815 1 1 1248 0 -1 0 182.530 33.749 -768.191 179.614 29.766 -770.396 184.797 37.729 -763.851 fcn-rockwall-bttm
4816 1 1 1249 0 -1 0 123.493 34.081 -518.471 120.702 29.771 -520.829 125.942 38.387 -514.083 fcn-rockwall-bttm
4817 1 1 1250 0 -1 0 119.614 11.511 -598.722 117.767 8.314 -601.096 121.536 14.704 -594.884 fcn-rockwall-bttm
4818 1 1 1251 0 -1 0 115.931 11.345 -581.552 113.228 7.517 -583.482 118.739 15.170 -578.670 fcn-rockwall-bttm
4819 1 1 1253 0 -1 0 130.533 34.093 -653.575 128.501 29.766 -655.994 132.528 38.415 -649.486 fcn-rockwall-bttm
4820 1 1 1254 0 -1 0 115.556 12.171 -591.611 112.527 7.684 -593.253 117.625 16.654 -588.027 fcn-rockwall-bttm
4821 1 1 1255 0 -1 0 227.100 33.685 -786.507 224.920 29.923 -791.375 229.992 37.444 -784.119 fcn-rockwall-bttm
4822 1 1 1256 0 -1 0 179.887 28.784 -796.007 177.036 24.538 -798.811 182.519 33.026 -790.678 fcn-rockwall-bttm
4823 1 1 1257 0 -1 0 173.822 33.191 -826.293 171.123 29.730 -827.675 175.679 36.609 -823.422 fcn-rockwall-bttm
4824 1 1 1258 0 -1 0 175.298 33.146 -817.856 172.290 29.700 -819.732 178.373 36.576 -815.240 fcn-rockwall-bttm
4825 1 1 1259 0 -1 0 224.615 34.019 -809.185 221.016 29.929 -813.455 227.838 38.104 -806.470 fcn-rockwall-bttm
4826 1 1 1260 0 -1 0 158.083 33.138 -853.469 155.385 29.698 -855.408 161.573 36.569 -851.361 fcn-rockwall-bttm
4827 1 1 1261 0 -1 0 171.315 33.178 -838.678 168.385 29.726 -840.048 173.633 36.601 -836.391 fcn-rockwall-bttm
4828 1 1 1262 0 -1 0 215.276 34.179 -864.910 213.502 29.931 -870.029 217.896 38.423 -862.614 fcn-rockwall-bttm
4829 1 1 1263 0 -1 0 206.534 33.767 -900.414 202.217 29.769 -902.726 209.414 37.762 -898.114 fcn-rockwall-bttm
4830 1 1 1264 0 -1 0 216.048 33.322 -885.864 212.560 29.907 -889.911 219.235 36.735 -883.272 fcn-rockwall-bttm
4831 1 1 1265 0 -1 0 191.806 34.681 -911.234 186.514 29.928 -913.594 194.384 39.428 -909.339 fcn-rockwall-bttm
4832 1 1 1266 0 -1 0 135.723 32.760 -877.303 132.926 29.309 -879.485 140.091 36.198 -874.952 fcn-rockwall-bttm
4833 1 1 1267 0 -1 0 141.556 33.968 -921.867 137.299 29.625 -923.963 143.876 38.267 -920.158 fcn-rockwall-bttm
4834 1 1 1268 0 -1 0 9.142 33.676 -905.603 7.455 29.008 -907.573 12.925 38.180 -902.160 fcn-rockwall-bttm
4835 1 1 1269 0 -1 0 -8.901 33.088 -910.329 -11.432 29.088 -911.888 -4.169 36.953 -907.803 fcn-rockwall-bttm
4836 1 1 1270 0 -1 0 -54.466 33.694 -933.275 -57.832 29.714 -935.705 -50.453 37.454 -929.998 fcn-rockwall-bttm
4837 1 1 1271 0 -1 0 -45.960 33.345 -921.652 -48.613 29.035 -923.174 -41.785 37.542 -919.396 fcn-rockwall-bttm
4838 1 1 1273 0 -1 0 66.670 33.956 -946.148 63.668 30.083 -949.180 68.921 37.825 -942.485 fcn-rockwall-bttm
4839 1 1 1274 0 -1 0 80.606 33.483 -945.652 76.685 30.067 -948.356 82.350 36.895 -943.805 fcn-rockwall-bttm
4840 1 1 1275 0 -1 0 17.366 34.209 -941.361 12.864 30.082 -943.950 19.458 38.333 -939.614 fcn-rockwall-bttm
4841 1 1 1276 0 -1 0 -23.445 34.093 -960.120 -26.955 30.088 -963.208 -20.387 38.094 -957.889 fcn-rockwall-bttm
4842 1 1 1277 0 -1 0 -5.222 34.060 -948.252 -9.463 30.083 -950.235 -2.647 38.035 -946.167 fcn-rockwall-bttm
4843 1 1 1278 0 -1 0 -47.501 12.944 -973.715 -50.886 9.324 -977.185 -44.384 16.561 -971.386 fcn-rockwall-bttm
4844 1 1 1279 0 -1 0 -45.546 13.748 -1071.704 -47.794 9.851 -1076.124 -42.607 17.526 -1069.378 fcn-rockwall-bttm
4845 1 1 1280 0 -1 0 -44.018 13.218 -1095.422 -45.823 9.802 -1099.567 -41.611 16.631 -1093.284 fcn-rockwall-bttm
4846 1 1 1281 0 -1 0 -55.772 33.483 -1021.310 -58.668 30.067 -1024.582 -52.729 36.895 -1019.216 fcn-rockwall-bttm
4847 1 1 1282 0 -1 0 -56.593 13.838 -993.437 -60.556 9.354 -996.852 -53.321 18.148 -990.939 fcn-rockwall-bttm
4848 1 1 1283 0 -1 0 -52.881 13.707 -1065.411 -55.748 8.764 -1069.620 -49.900 17.647 -1061.110 fcn-rockwall-bttm
4849 1 1 1285 0 -1 0 -74.698 33.681 -963.547 -77.825 29.663 -965.907 -70.421 37.504 -960.707 fcn-rockwall-bttm
4850 1 1 1287 0 -1 0 -92.971 33.746 -997.775 -96.251 29.727 -1000.102 -89.250 37.549 -994.522 fcn-rockwall-bttm
4851 1 1 1288 0 -1 0 -99.895 33.417 -1019.194 -103.172 29.778 -1021.611 -96.634 36.832 -1015.368 fcn-rockwall-bttm
4852 1 1 1289 0 -1 0 -67.908 14.302 -1051.545 -70.425 10.739 -1055.587 -65.120 17.582 -1048.704 fcn-rockwall-bttm
4853 1 1 1290 0 -1 0 -101.710 12.535 -1048.642 -104.751 8.365 -1050.888 -98.092 16.701 -1045.612 fcn-rockwall-bttm
4854 1 1 1291 0 -1 0 -103.445 12.438 -1063.839 -106.799 8.346 -1065.943 -100.355 16.524 -1060.575 fcn-rockwall-bttm
4855 1 1 1292 0 -1 0 -72.266 10.978 -1114.202 -75.261 7.678 -1117.160 -70.114 14.276 -1110.830 fcn-rockwall-bttm
4856 1 1 1293 0 -1 0 -101.773 14.992 -1081.088 -104.548 11.069 -1083.385 -99.828 18.911 -1076.468 fcn-rockwall-bttm
4857 1 1 1294 0 -1 0 -80.882 13.332 -1110.111 -83.131 9.440 -1112.825 -78.717 17.220 -1105.908 fcn-rockwall-bttm
4858 1 1 1296 0 -1 0 215.823 34.393 -1175.348 213.324 29.820 -1179.411 219.136 38.953 -1171.981 fcn-rockwall-bttm
4859 1 1 1297 0 -1 0 230.052 34.409 -1185.806 227.733 29.839 -1190.124 232.399 38.969 -1182.905 fcn-rockwall-bttm
4860 1 1 1298 0 -1 0 236.698 33.751 -1194.535 234.478 29.609 -1200.765 238.931 37.884 -1191.412 fcn-rockwall-bttm
4861 1 1 1299 0 -1 0 241.905 33.547 -1217.641 239.419 29.685 -1221.080 244.872 37.406 -1215.671 fcn-rockwall-bttm
4862 1 1 1300 0 -1 0 268.034 34.236 -1267.977 265.964 30.082 -1272.460 270.024 38.386 -1265.408 fcn-rockwall-bttm
4863 1 1 1301 0 -1 0 256.558 33.870 -1259.556 254.327 30.078 -1263.062 259.648 37.658 -1256.498 fcn-rockwall-bttm
4864 1 1 1302 0 -1 0 242.329 33.264 -1241.140 240.312 29.670 -1245.381 244.360 36.855 -1238.675 fcn-rockwall-bttm
4865 1 1 1303 0 -1 0 306.644 33.843 -1300.003 304.515 30.081 -1303.673 309.191 37.601 -1297.144 fcn-rockwall-bttm
4866 1 1 1304 0 -1 0 280.272 34.354 -1287.789 278.283 30.082 -1291.099 282.745 38.622 -1284.893 fcn-rockwall-bttm
4867 1 1 1305 0 -1 0 294.068 34.261 -1294.045 292.234 30.081 -1296.884 296.726 38.437 -1291.066 fcn-rockwall-bttm
4868 1 1 1306 0 -1 0 229.168 33.525 -1310.959 225.380 29.582 -1314.159 231.740 37.464 -1307.131 fcn-rockwall-bttm
4869 1 1 1307 0 -1 0 319.177 14.648 -1332.029 317.061 10.618 -1336.225 321.415 18.545 -1329.661 fcn-rockwall-bttm
4870 1 1 1311 0 -1 0 302.216 14.078 -1338.815 299.701 10.630 -1341.599 304.462 17.462 -1334.909 fcn-rockwall-bttm
4871 1 1 1312 0 -1 0 253.770 33.583 -1321.991 249.982 29.573 -1325.191 256.342 37.590 -1318.162 fcn-rockwall-bttm
4872 1 1 1313 0 -1 0 342.240 33.980 -1367.439 340.132 30.081 -1371.845 344.248 37.874 -1364.822 fcn-rockwall-bttm
4873 1 1 1314 0 -1 0 347.187 33.483 -1382.193 344.590 30.067 -1386.055 350.188 36.895 -1380.007 fcn-rockwall-bttm
4874 1 1 1315 0 -1 0 302.233 33.483 -1388.658 299.473 30.067 -1390.742 304.128 36.895 -1384.036 fcn-rockwall-bttm
4875 1 1 1316 0 -1 0 309.797 29.809 -1420.731 306.899 25.771 -1423.244 311.200 33.517 -1416.032 fcn-rockwall-bttm
4876 1 1 1317 0 -1 0 179.628 33.737 -1155.583 177.452 30.081 -1159.776 181.917 37.390 -1152.850 fcn-rockwall-bttm
4877 1 1 1318 0 -1 0 162.325 34.119 -1147.884 160.408 30.077 -1150.209 165.874 38.157 -1144.956 fcn-rockwall-bttm
4878 1 1 1319 0 -1 0 119.141 34.456 -1135.579 117.332 30.093 -1137.598 122.874 38.815 -1132.738 fcn-rockwall-bttm
4879 1 1 1320 0 -1 0 95.399 33.922 -1131.962 93.197 30.081 -1134.709 99.087 37.760 -1128.929 fcn-rockwall-bttm
4880 1 1 1321 0 -1 0 198.284 33.938 -1170.055 196.110 29.768 -1172.930 201.761 38.105 -1167.003 fcn-rockwall-bttm
4881 1 1 1324 0 -1 0 154.082 33.733 -1185.595 150.413 29.590 -1188.745 156.518 37.872 -1182.109 fcn-rockwall-bttm
4882 1 1 1325 0 -1 0 135.237 33.758 -1177.800 131.959 30.073 -1180.837 137.320 37.439 -1174.944 fcn-rockwall-bttm
4883 1 1 1326 0 -1 0 175.060 33.906 -1199.217 171.812 29.584 -1202.313 177.486 38.223 -1195.198 fcn-rockwall-bttm
4884 1 1 1327 0 -1 0 215.933 33.597 -1301.570 213.802 29.583 -1304.224 217.983 37.606 -1296.539 fcn-rockwall-bttm
4885 1 1 1328 0 -1 0 208.622 34.173 -1264.089 206.491 29.594 -1266.743 210.672 38.748 -1259.058 fcn-rockwall-bttm
4886 1 1 1329 0 -1 0 50.587 33.483 -1134.364 48.504 30.067 -1136.559 54.726 36.895 -1131.469 fcn-rockwall-bttm
4887 1 1 1330 0 -1 0 7.590 33.483 -1132.598 5.684 30.067 -1134.891 11.160 36.895 -1129.679 fcn-rockwall-bttm
4888 1 1 1331 0 -1 0 41.364 33.631 -1176.881 37.448 30.080 -1179.590 43.102 37.178 -1175.031 fcn-rockwall-bttm
4889 1 1 1332 0 -1 0 7.950 34.054 -1173.665 4.832 30.081 -1176.729 10.170 38.023 -1170.217 fcn-rockwall-bttm
4890 1 1 1334 0 -1 0 -31.044 33.833 -1154.834 -34.285 30.070 -1157.895 -28.905 37.593 -1151.766 fcn-rockwall-bttm
4891 1 1 1335 0 -1 0 -67.146 34.456 -1132.634 -70.387 30.090 -1135.695 -65.007 38.818 -1129.567 fcn-rockwall-bttm
4892 1 17 3278 0 -1 0 130.274 25.374 -564.253 123.892 19.340 -568.428 137.466 31.239 -559.995 fcn-bridge
4893 1 17 3281 0 -1 0 137.065 25.269 -583.215 131.275 19.207 -587.790 141.965 31.252 -579.470 fcn-bridge
4894 1 17 3283 0 -1 0 132.112 24.443 -611.076 125.356 18.392 -617.101 138.680 30.312 -605.443 fcn-bridge
4895 1 17 3284 0 -1 0 133.992 21.009 -602.358 128.919 14.877 -606.551 139.742 27.756 -597.100 fcn-bridge
4896 1 17 3285 0 -1 0 -38.925 24.443 -964.657 -45.680 18.392 -970.681 -32.357 30.312 -959.024 fcn-bridge
4897 1 17 3286 0 -1 0 -43.365 24.265 -973.410 -49.202 17.555 -979.138 -37.876 30.915 -967.989 fcn-bridge
4898 1 17 3287 0 -1 0 -33.932 24.700 -966.884 -38.062 18.701 -973.942 -29.692 30.565 -960.420 fcn-bridge
4899 1 17 3293 0 -1 0 -59.367 25.718 -1094.566 -66.675 19.641 -1099.664 -52.610 31.701 -1088.892 fcn-bridge
4900 1 17 3295 0 -1 0 -58.242 25.143 -1100.863 -64.495 18.502 -1106.807 -51.611 31.645 -1095.665 fcn-bridge
4901 1 17 3297 0 -1 0 -53.375 24.702 -1101.178 -60.136 17.504 -1106.035 -47.019 31.749 -1095.704 fcn-bridge
4902 1 17 3298 0 -1 0 -52.682 23.604 -1106.664 -60.468 15.282 -1112.427 -45.362 31.751 -1100.228 fcn-bridge
4903 1 17 3299 0 -1 0 -53.076 21.007 -1113.135 -60.338 14.881 -1118.575 -46.685 27.754 -1107.585 fcn-bridge
4904 1 17 3305 0 -1 0 -68.701 24.443 -1005.307 -75.457 18.392 -1011.332 -62.134 30.312 -999.674 fcn-bridge
4905 1 17 3306 0 -1 0 -84.902 24.826 -1046.664 -91.089 18.213 -1052.502 -77.838 31.525 -1041.677 fcn-bridge
4906 1 17 3307 0 -1 0 -83.996 23.929 -1038.649 -90.830 17.902 -1043.860 -77.583 30.742 -1034.244 fcn-bridge
4907 1 17 3308 0 -1 0 -90.539 24.369 -1045.848 -96.641 17.166 -1049.581 -84.037 31.507 -1040.950 fcn-bridge
4908 1 17 3309 0 -1 0 -87.896 23.438 -1040.107 -94.743 15.117 -1044.569 -80.456 31.585 -1034.493 fcn-bridge
4909 1 17 3310 0 -1 0 -86.936 24.734 -1070.548 -94.036 18.723 -1075.494 -80.099 30.702 -1065.185 fcn-bridge
4910 1 17 3312 0 -1 0 -88.991 25.552 -1053.897 -95.241 19.476 -1057.556 -81.740 31.536 -1049.181 fcn-bridge
4911 1 17 3316 0 -1 0 -94.098 24.325 -1068.117 -100.127 18.330 -1074.867 -87.613 30.187 -1061.906 fcn-bridge
4912 1 17 3317 0 -1 0 -94.231 24.909 -1069.668 -100.508 18.869 -1073.453 -87.097 30.774 -1065.107 fcn-bridge
4913 1 17 3330 0 -1 0 313.877 24.819 -1359.904 307.681 18.108 -1364.573 319.466 31.468 -1355.589 fcn-bridge
4914 1 16 2507 0 -1 0 110.943 47.368 -480.771 110.048 45.009 -481.963 111.471 49.961 -478.767 fcn-tree
4915 1 16 2897 0 -1 0 -11.962 47.998 -1116.289 -13.594 43.229 -1119.214 -8.488 53.049 -1111.639 fcn-tree
4916 1 16 3164 0 -1 0 140.019 48.181 -1131.920 139.458 45.295 -1132.790 141.297 51.405 -1130.530 fcn-tree
4917 1 2 1555 0 -1 0 -90.580 26.802 -1032.179 -103.565 21.583 -1035.441 -77.548 29.864 -1028.150 fcn-rockwall-cliffside
4918 1 4 1908 0 -1 0 -101.357 104.235 -569.808 -103.451 91.283 -579.224 -96.740 115.651 -562.009 bch-beachrock
4919 1 1 514 0 -1 0 70.106 31.846 -392.489 65.326 30.010 -396.864 75.189 33.909 -386.203 fcn-rockwall-bttm
4920 1 1 516 0 -1 0 156.083 30.139 -605.238 150.460 27.288 -611.561 164.167 32.471 -598.925 fcn-rockwall-bttm
4921 1 1 517 0 -1 0 56.547 32.014 -937.543 51.874 29.600 -942.032 61.563 34.727 -930.967 fcn-rockwall-bttm
4922 1 1 518 0 -1 0 -46.124 32.014 -923.370 -50.959 29.600 -928.498 -40.376 34.727 -918.215 fcn-rockwall-bttm
4923 1 1 519 0 -1 0 -19.352 32.560 -1118.815 -27.442 29.691 -1128.275 -11.667 35.784 -1112.498 fcn-rockwall-bttm
4924 1 1 520 0 -1 0 263.308 30.326 -1273.404 259.262 28.737 -1276.729 266.440 31.624 -1269.588 fcn-rockwall-bttm
4925 1 1 521 0 -1 0 302.209 31.515 -1307.195 296.920 27.820 -1314.004 307.181 34.691 -1302.242 fcn-rockwall-bttm
4926 1 1 522 0 -1 0 217.951 31.693 -1299.464 213.468 28.066 -1303.535 222.263 35.190 -1294.521 fcn-rockwall-bttm
4927 1 17 3269 0 -1 0 137.840 21.981 -570.811 132.405 11.954 -576.733 143.730 30.861 -564.135 fcn-bridge
4928 1 17 3270 0 -1 0 135.954 22.345 -605.564 130.145 12.317 -612.113 141.147 31.236 -599.553 fcn-bridge
4929 1 17 3279 0 -1 0 137.219 25.563 -591.901 132.063 20.261 -596.471 143.183 31.091 -586.984 fcn-bridge
4930 1 14 3434 0 -1 0 130.965 30.803 -417.878 128.043 30.502 -420.800 133.887 31.049 -414.956 fcn-ecovalve-top
4931 1 14 3435 0 -1 0 80.278 31.148 -910.548 77.356 30.847 -913.470 83.200 31.394 -907.626 fcn-ecovalve-top
4932 1 14 3436 0 -1 0 214.490 31.148 -1187.372 211.569 30.847 -1190.294 217.412 31.394 -1184.450 fcn-ecovalve-top
4933 1 14 3437 0 -1 0 129.588 31.148 -1165.409 126.666 30.847 -1168.330 132.510 31.394 -1162.487 fcn-ecovalve-top
4934 1 0 1256 0 -1 0 172.506 44.895 -793.299 166.624 32.211 -799.734 180.229 55.073 -785.714 fcn-rockwall
4935 1 17 3277 0 -1 0 137.110 24.661 -578.141 131.485 18.035 -582.302 142.374 31.162 -573.380 fcn-bridge
4936 1 17 3289 0 -1 0 -61.418 24.232 -984.503 -66.252 17.590 -990.255 -56.806 30.734 -979.099 fcn-bridge
4937 1 17 3303 0 -1 0 -65.296 24.171 -992.598 -70.420 17.525 -996.204 -59.865 30.759 -987.818 fcn-bridge
4938 1 17 3321 0 -1 0 315.535 24.723 -1338.752 310.113 18.081 -1343.575 320.808 31.225 -1334.726 fcn-bridge
4939 1 17 3322 0 -1 0 313.261 24.499 -1332.533 308.095 17.873 -1337.356 318.733 31.105 -1326.688 fcn-bridge
4940 1 2 1561 0 -1 0 -80.637 26.802 -1067.053 -89.952 21.583 -1069.600 -71.074 29.864 -1064.808 fcn-rockwall-cliffside
4941 1 2 1567 0 -1 0 -64.963 26.802 -1066.810 -74.278 21.583 -1069.356 -55.400 29.864 -1064.565 fcn-rockwall-cliffside
4942 1 4 1841 0 -1 0 -40.626 56.247 -423.142 -44.778 42.556 -428.360 -36.639 67.697 -419.491 bch-beachrock
4943 1 16 3049 0 -1 0 -103.570 44.859 -1095.982 -104.310 42.892 -1097.626 -102.498 47.477 -1094.838 fcn-tree
4944 1 16 3207 0 -1 0 154.383 52.327 -1195.741 153.724 50.270 -1196.629 155.409 54.822 -1194.889 fcn-tree
4945 1 2 1513 0 -1 0 205.049 26.668 -803.107 202.794 21.449 -810.036 207.573 29.730 -795.987 fcn-rockwall-cliffside
4946 1 2 1537 0 -1 0 -53.946 26.802 -1071.959 -57.753 21.583 -1078.954 -51.041 29.864 -1065.885 fcn-rockwall-cliffside
4947 1 2 1573 0 -1 0 -95.962 26.560 -1067.799 -102.487 21.341 -1070.328 -89.270 29.622 -1065.549 fcn-rockwall-cliffside
4948 1 2 1579 0 -1 0 -101.125 26.802 -1073.679 -104.054 21.583 -1079.754 -97.270 29.864 -1066.675 fcn-rockwall-cliffside
4949 1 2 1496 0 -1 0 152.893 20.934 -610.072 149.392 13.051 -612.406 154.738 27.239 -608.647 fcn-rockwall-cliffside
4950 1 2 1520 0 -1 0 209.958 20.934 -808.624 206.540 13.051 -810.886 211.668 27.239 -807.136 fcn-rockwall-cliffside
4951 1 2 1532 0 -1 0 -27.973 20.934 -1106.577 -30.695 13.051 -1109.732 -25.769 27.239 -1105.465 fcn-rockwall-cliffside
4952 1 2 1568 0 -1 0 -56.459 20.934 -1067.109 -59.532 13.052 -1069.330 -54.881 27.239 -1065.644 fcn-rockwall-cliffside
4953 1 2 1574 0 -1 0 -90.010 20.692 -1068.082 -92.165 12.809 -1070.300 -88.906 26.997 -1066.619 fcn-rockwall-cliffside
4954 1 2 1598 0 -1 0 -89.572 20.934 -1093.313 -92.048 13.051 -1094.481 -86.456 27.239 -1089.899 fcn-rockwall-cliffside
4955 1 2 1604 0 -1 0 -101.832 20.934 -1077.184 -103.047 13.051 -1080.095 -98.119 27.239 -1074.545 fcn-rockwall-cliffside
4956 1 2 1616 0 -1 0 338.010 20.934 -1359.837 334.889 13.051 -1362.986 340.293 27.239 -1358.720 fcn-rockwall-cliffside
4957 1 2 1646 0 -1 0 104.424 20.934 -1168.436 101.910 13.051 -1170.087 106.089 27.239 -1164.528 fcn-rockwall-cliffside
4958 1 17 3282 0 -1 0 134.839 26.322 -589.200 129.653 21.408 -593.342 140.458 31.134 -584.958 fcn-bridge
4959 1 0 1058 0 -1 0 -25.517 45.998 -1059.009 -34.106 30.076 -1067.089 -20.131 55.834 -1050.895 fcn-rockwall
4960 1 10 3417 0 -1 0 167.910 30.392 -864.635 163.063 26.559 -870.577 170.386 34.029 -860.471 pbot-precursor-metal-plain-01
4961 1 16 2414 0 -1 0 18.009 46.492 -208.480 16.027 42.720 -209.556 21.120 50.551 -207.617 fcn-tree
4962 1 16 2417 0 -1 0 18.953 45.039 -209.960 17.408 41.138 -211.277 21.406 49.151 -207.850 fcn-tree
4963 1 16 2423 0 -1 0 9.587 38.823 -248.335 8.877 36.048 -248.885 10.656 41.599 -247.404 fcn-tree
4964 1 16 2435 0 -1 0 31.522 58.791 -285.455 30.015 54.951 -287.389 34.554 63.051 -282.383 fcn-tree
4965 1 16 2438 0 -1 0 28.016 44.957 -291.983 27.135 42.713 -293.113 29.788 47.447 -290.189 fcn-tree
4966 1 16 2453 0 -1 0 57.765 48.696 -331.144 56.499 46.001 -332.211 59.745 51.355 -330.030 fcn-tree
4967 1 16 2456 0 -1 0 60.220 48.806 -332.265 58.479 44.672 -333.680 61.417 52.994 -329.949 fcn-tree
4968 1 16 2459 0 -1 0 73.315 44.438 -343.390 71.319 40.004 -344.556 74.985 48.524 -341.776 fcn-tree
4969 1 16 2462 0 -1 0 32.799 41.547 -317.809 31.785 37.604 -319.155 34.788 45.804 -315.655 fcn-tree
4970 1 16 2465 0 -1 0 -2.606 46.467 -339.189 -3.205 43.319 -341.763 -1.719 49.129 -336.885 fcn-tree
4971 1 16 2468 0 -1 0 118.688 46.620 -389.678 118.081 42.400 -391.216 119.941 50.840 -387.218 fcn-tree
4972 1 16 2471 0 -1 0 124.433 47.371 -388.161 123.538 42.841 -389.255 125.937 51.639 -387.291 fcn-tree
4973 1 16 2474 0 -1 0 132.144 41.923 -401.580 131.781 39.225 -402.538 132.874 44.635 -400.049 fcn-tree
4974 1 16 2477 0 -1 0 156.178 44.319 -429.699 155.316 40.705 -431.303 157.239 48.335 -427.065 fcn-tree
4975 1 16 2480 0 -1 0 145.861 46.996 -415.277 144.966 42.466 -416.370 147.365 51.264 -414.407 fcn-tree
4976 1 16 2483 0 -1 0 149.331 49.750 -414.627 147.823 44.319 -415.908 151.627 55.102 -412.675 fcn-tree
4977 1 16 2486 0 -1 0 172.327 49.436 -481.003 171.638 44.330 -482.899 173.725 54.685 -477.947 fcn-tree
4978 1 16 2489 0 -1 0 167.536 42.944 -478.107 165.838 38.647 -479.194 169.298 46.750 -477.469 fcn-tree
4979 1 16 2495 0 -1 0 108.031 49.081 -452.406 107.291 45.858 -453.382 108.934 52.569 -450.693 fcn-tree
4980 1 16 2498 0 -1 0 96.590 46.826 -434.629 95.839 43.547 -436.360 97.847 50.260 -433.618 fcn-tree
4981 1 16 2504 0 -1 0 108.574 53.508 -462.693 107.871 50.670 -464.188 109.653 55.919 -461.430 fcn-tree
4982 1 16 2510 0 -1 0 110.377 48.677 -478.780 109.076 45.081 -479.777 111.787 52.199 -478.474 fcn-tree
4983 1 16 2513 0 -1 0 89.967 45.036 -359.902 89.064 40.909 -361.027 92.175 49.345 -358.298 fcn-tree
4984 1 16 2516 0 -1 0 92.101 37.490 -371.010 90.555 33.890 -372.802 93.097 41.548 -367.875 fcn-tree
4985 1 16 2519 0 -1 0 74.734 44.884 -405.347 72.956 41.882 -407.691 75.752 47.789 -403.382 fcn-tree
4986 1 16 2522 0 -1 0 88.287 37.598 -419.628 87.737 34.458 -422.167 89.626 40.105 -417.127 fcn-tree
4987 1 16 2525 0 -1 0 89.405 45.041 -426.242 88.365 41.550 -427.066 90.081 48.548 -425.418 fcn-tree
4988 1 16 2528 0 -1 0 28.991 40.405 -365.866 27.156 37.179 -366.230 30.141 43.867 -364.719 fcn-tree
4989 1 16 2531 0 -1 0 44.355 53.445 -386.537 43.636 49.838 -387.990 44.973 56.639 -385.094 fcn-tree
4990 1 16 2534 0 -1 0 56.090 46.304 -391.347 55.670 42.752 -392.550 57.048 49.693 -390.355 fcn-tree
4991 1 16 2537 0 -1 0 41.824 53.486 -385.445 39.590 50.218 -386.062 43.225 56.725 -384.684 fcn-tree
4992 1 16 2540 0 -1 0 167.726 46.601 -493.704 165.146 42.554 -495.027 170.303 49.675 -492.231 fcn-tree
4993 1 16 2543 0 -1 0 169.149 47.736 -493.935 167.078 42.160 -494.613 171.375 52.876 -492.029 fcn-tree
4994 1 16 2546 0 -1 0 164.551 45.293 -525.891 161.367 42.522 -526.848 168.326 47.618 -525.166 fcn-tree
4995 1 16 2549 0 -1 0 152.086 43.137 -545.416 150.279 38.534 -547.309 155.403 48.272 -542.411 fcn-tree
4996 1 16 2552 0 -1 0 157.982 49.337 -538.110 155.905 43.749 -538.789 160.213 54.488 -536.199 fcn-tree
4997 1 16 2558 0 -1 0 155.763 53.332 -602.018 154.230 47.536 -604.525 158.394 59.433 -600.373 fcn-tree
4998 1 16 2564 0 -1 0 158.243 36.880 -587.869 157.212 31.734 -589.269 160.814 42.357 -585.764 fcn-tree
4999 1 16 2567 0 -1 0 161.573 47.959 -614.372 160.413 44.091 -616.145 163.558 52.002 -613.243 fcn-tree
5000 1 16 2570 0 -1 0 171.484 44.650 -623.638 170.342 40.349 -624.592 172.431 48.737 -622.303 fcn-tree
5001 1 16 2573 0 -1 0 175.377 39.050 -638.544 174.233 35.407 -640.194 176.762 42.790 -635.557 fcn-tree
5002 1 16 2576 0 -1 0 204.554 48.041 -660.549 202.730 43.775 -661.776 205.915 51.871 -659.810 fcn-tree
5003 1 16 2579 0 -1 0 203.308 40.434 -666.530 201.639 36.463 -667.306 204.385 44.573 -664.981 fcn-tree
5004 1 16 2585 0 -1 0 151.013 46.603 -682.018 149.691 43.040 -683.331 151.907 49.920 -680.776 fcn-tree
5005 1 16 2588 0 -1 0 150.143 47.134 -682.052 149.571 43.562 -683.234 150.872 50.531 -681.306 fcn-tree
5006 1 16 2597 0 -1 0 157.969 45.176 -692.951 156.685 41.974 -694.871 158.853 48.536 -691.886 fcn-tree
5007 1 16 2600 0 -1 0 178.619 43.865 -718.691 176.513 40.856 -720.312 179.669 47.219 -717.683 fcn-tree
5008 1 16 2603 0 -1 0 179.523 41.782 -717.095 176.470 40.652 -719.812 181.725 43.048 -714.585 fcn-tree
5009 1 16 2606 0 -1 0 178.453 40.377 -707.451 176.667 38.069 -710.471 179.326 43.049 -705.269 fcn-tree
5010 1 16 2615 0 -1 0 182.274 42.020 -752.876 180.471 39.399 -753.358 184.363 43.948 -752.203 fcn-tree
5011 1 16 2618 0 -1 0 222.420 40.789 -755.439 220.379 38.393 -756.222 224.633 42.734 -754.831 fcn-tree
5012 1 16 2621 0 -1 0 176.360 49.039 -762.651 174.253 46.030 -764.273 177.409 52.394 -761.643 fcn-tree
5013 1 16 2624 0 -1 0 173.683 54.607 -758.250 172.186 51.501 -759.106 174.610 58.050 -756.396 fcn-tree
5014 1 16 2627 0 -1 0 114.710 55.074 -492.305 113.594 52.609 -494.320 116.212 56.928 -490.730 fcn-tree
5015 1 16 2630 0 -1 0 122.519 45.444 -496.716 120.771 42.722 -497.446 124.110 47.781 -496.352 fcn-tree
5016 1 16 2633 0 -1 0 123.826 40.517 -515.399 122.504 37.960 -516.199 124.662 43.205 -513.947 fcn-tree
5017 1 16 2636 0 -1 0 102.683 39.277 -597.581 101.286 35.740 -598.110 103.582 42.733 -596.885 fcn-tree
5018 1 16 2639 0 -1 0 108.787 32.130 -600.469 107.733 29.376 -603.486 110.308 34.086 -597.916 fcn-tree
5019 1 16 2642 0 -1 0 111.892 47.943 -630.037 110.267 44.614 -630.527 112.897 51.427 -628.804 fcn-tree
5020 1 16 2645 0 -1 0 106.064 49.713 -617.326 105.450 46.178 -618.861 106.948 52.991 -616.253 fcn-tree
5021 1 16 2648 0 -1 0 118.149 45.878 -641.452 117.463 42.298 -642.606 119.255 49.211 -640.886 fcn-tree
5022 1 16 2651 0 -1 0 125.100 58.295 -663.223 123.870 54.670 -663.948 126.551 61.529 -662.506 fcn-tree
5023 1 16 2657 0 -1 0 167.547 46.945 -821.691 164.594 43.125 -822.903 169.548 50.901 -819.310 fcn-tree
5024 1 16 2663 0 -1 0 176.808 41.794 -807.260 175.012 38.524 -809.128 178.415 44.894 -806.320 fcn-tree
5025 1 16 2666 0 -1 0 215.765 47.657 -850.090 214.543 42.011 -852.455 217.323 53.837 -846.297 fcn-tree
5026 1 16 2672 0 -1 0 149.408 43.723 -861.981 147.050 41.423 -862.756 151.473 45.414 -860.961 fcn-tree
5027 1 16 2675 0 -1 0 148.194 44.427 -861.439 146.796 41.845 -862.508 148.958 47.189 -860.769 fcn-tree
5028 1 16 2678 0 -1 0 151.765 37.940 -865.034 150.032 35.652 -866.171 153.316 40.144 -863.158 fcn-tree
5029 1 16 2681 0 -1 0 152.589 46.674 -852.245 149.543 42.931 -853.931 154.326 50.843 -851.191 fcn-tree
5030 1 16 2687 0 -1 0 223.460 50.761 -869.383 222.634 45.980 -870.429 224.554 55.457 -868.243 fcn-tree
5031 1 16 2690 0 -1 0 222.273 50.349 -867.774 220.712 46.059 -870.032 224.756 54.876 -866.645 fcn-tree
5032 1 16 2693 0 -1 0 174.457 43.149 -913.682 173.568 40.021 -915.719 175.754 46.487 -912.602 fcn-tree
5033 1 16 2699 0 -1 0 215.398 45.876 -896.430 213.740 40.223 -901.193 216.241 51.734 -893.409 fcn-tree
5034 1 16 2702 0 -1 0 168.570 48.046 -917.522 167.721 44.569 -920.727 169.830 52.025 -915.655 fcn-tree
5035 1 16 2705 0 -1 0 143.743 43.270 -869.100 142.457 40.884 -870.166 144.543 45.885 -867.281 fcn-tree
5036 1 16 2708 0 -1 0 139.337 38.482 -875.872 138.472 35.581 -876.680 139.919 41.094 -874.751 fcn-tree
5037 1 16 2711 0 -1 0 135.081 44.932 -872.769 134.413 42.426 -873.696 136.503 47.639 -871.285 fcn-tree
5038 1 16 2717 0 -1 0 136.220 50.325 -867.431 134.909 46.859 -867.857 137.085 53.855 -866.383 fcn-tree
5039 1 16 2723 0 -1 0 152.143 51.459 -921.891 150.485 45.807 -926.655 152.986 57.317 -918.871 fcn-tree
5040 1 16 2726 0 -1 0 152.921 52.597 -925.038 149.396 44.543 -927.074 155.384 60.231 -923.625 fcn-tree
5041 1 16 2729 0 -1 0 130.084 39.752 -926.654 128.452 35.669 -927.979 133.083 44.111 -925.574 fcn-tree
5042 1 16 2732 0 -1 0 123.921 52.194 -874.449 123.279 49.433 -876.122 124.630 54.418 -872.730 fcn-tree
5043 1 16 2735 0 -1 0 125.005 52.045 -873.995 123.487 49.706 -874.813 125.950 54.682 -872.297 fcn-tree
5044 1 16 2738 0 -1 0 108.580 47.086 -885.775 107.257 44.384 -886.109 109.398 49.874 -884.927 fcn-tree
5045 1 16 2744 0 -1 0 103.470 51.548 -881.545 102.731 49.020 -882.502 103.906 54.304 -879.934 fcn-tree
5046 1 16 2750 0 -1 0 118.897 45.453 -880.546 117.575 41.874 -881.243 121.015 49.086 -879.796 fcn-tree
5047 1 16 2759 0 -1 0 122.619 46.912 -937.329 121.275 42.303 -939.412 124.800 51.867 -936.213 fcn-tree
5048 1 16 2762 0 -1 0 109.697 46.815 -940.682 106.502 42.053 -943.779 111.841 51.954 -938.731 fcn-tree
5049 1 16 2765 0 -1 0 92.961 45.183 -886.621 92.645 42.753 -887.813 93.908 47.823 -884.755 fcn-tree
5050 1 16 2768 0 -1 0 84.376 54.166 -886.743 83.760 50.535 -887.979 85.653 58.159 -884.714 fcn-tree
5051 1 16 2771 0 -1 0 86.105 45.952 -891.271 83.837 42.164 -892.631 87.517 50.196 -888.505 fcn-tree
5052 1 16 2774 0 -1 0 92.785 53.694 -880.749 89.739 49.951 -882.435 94.523 57.863 -879.694 fcn-tree
5053 1 16 2780 0 -1 0 98.464 42.580 -887.575 98.076 38.619 -888.616 99.719 46.397 -886.538 fcn-tree
5054 1 16 2783 0 -1 0 73.224 43.516 -891.155 72.609 39.885 -892.391 74.501 47.509 -889.125 fcn-tree
5055 1 16 2786 0 -1 0 62.288 44.915 -891.606 60.429 42.465 -894.441 63.867 47.431 -887.793 fcn-tree
5056 1 16 2792 0 -1 0 84.373 52.624 -887.514 83.572 50.573 -890.169 85.291 53.940 -884.876 fcn-tree
5057 1 16 2795 0 -1 0 51.988 41.222 -935.396 50.358 38.469 -938.383 54.711 43.254 -932.162 fcn-tree
5058 1 16 2798 0 -1 0 26.593 56.766 -897.716 24.579 53.120 -898.634 27.718 60.306 -896.964 fcn-tree
5059 1 16 2801 0 -1 0 19.878 44.579 -905.295 19.326 41.095 -906.545 20.841 48.269 -903.313 fcn-tree
5060 1 16 2804 0 -1 0 43.364 44.035 -904.358 42.550 41.439 -905.209 43.833 46.816 -902.913 fcn-tree
5061 1 16 2807 0 -1 0 36.551 46.186 -901.452 35.756 43.268 -902.396 37.219 48.817 -900.707 fcn-tree
5062 1 16 2813 0 -1 0 5.767 42.581 -903.494 4.273 38.927 -905.029 6.475 46.043 -901.664 fcn-tree
5063 1 16 2816 0 -1 0 11.431 45.361 -904.020 9.982 42.386 -905.683 13.983 48.484 -901.753 fcn-tree
5064 1 16 2822 0 -1 0 -5.769 55.150 -899.283 -7.542 50.971 -900.308 -2.938 59.295 -898.393 fcn-tree
5065 1 16 2828 0 -1 0 -21.896 45.946 -906.787 -22.918 42.980 -910.241 -19.739 48.824 -902.738 fcn-tree
5066 1 16 2834 0 -1 0 -39.472 55.355 -909.307 -41.027 51.987 -910.655 -38.461 58.868 -907.038 fcn-tree
5067 1 16 2840 0 -1 0 -47.970 44.063 -918.583 -50.573 40.542 -920.112 -44.228 47.458 -917.083 fcn-tree
5068 1 16 2858 0 -1 0 89.021 49.624 -947.393 87.473 43.819 -950.124 90.393 55.798 -945.918 fcn-tree
5069 1 16 2873 0 -1 0 30.750 46.332 -943.362 28.474 41.135 -944.851 31.895 51.905 -942.341 fcn-tree
5070 1 16 2876 0 -1 0 -1.704 47.074 -949.869 -3.642 41.945 -950.856 1.360 52.450 -948.888 fcn-tree
5071 1 16 2885 0 -1 0 -46.164 40.431 -994.416 -48.126 35.847 -996.946 -43.064 45.189 -993.131 fcn-tree
5072 1 16 2888 0 -1 0 -42.627 39.903 -996.106 -44.229 36.528 -996.705 -41.613 43.079 -995.403 fcn-tree
5073 1 16 2894 0 -1 0 63.843 51.577 -1128.490 63.270 48.695 -1129.092 64.496 54.336 -1127.924 fcn-tree
5074 1 16 2918 0 -1 0 -35.604 38.624 -1092.167 -36.962 35.015 -1094.583 -33.535 42.763 -1088.250 fcn-tree
5075 1 16 2927 0 -1 0 -34.445 32.124 -1101.560 -37.571 27.877 -1102.745 -30.691 36.126 -1099.815 fcn-tree
5076 1 16 2939 0 -1 0 -77.562 44.800 -958.441 -79.540 41.166 -960.325 -74.270 48.492 -956.082 fcn-tree
5077 1 16 2951 0 -1 0 -90.313 52.224 -985.183 -94.475 48.487 -987.672 -86.176 55.547 -981.053 fcn-tree
5078 1 16 2957 0 -1 0 -92.085 55.757 -972.617 -93.403 51.276 -973.763 -91.203 60.185 -971.044 fcn-tree
5079 1 16 2975 0 -1 0 -108.969 51.236 -1007.858 -109.631 47.771 -1010.365 -107.686 54.997 -1004.187 fcn-tree
5080 1 16 2984 0 -1 0 -104.852 38.593 -1033.379 -107.084 34.864 -1035.300 -103.146 42.416 -1030.178 fcn-tree
5081 1 16 2993 0 -1 0 -115.749 38.741 -1064.226 -117.487 33.831 -1065.941 -115.207 43.788 -1063.049 fcn-tree
5082 1 16 2996 0 -1 0 -116.145 36.822 -1064.501 -117.117 34.078 -1065.460 -115.841 39.644 -1063.843 fcn-tree
5083 1 16 2999 0 -1 0 -110.765 45.506 -1061.579 -112.223 40.574 -1065.271 -110.128 49.382 -1058.001 fcn-tree
5084 1 16 3002 0 -1 0 -113.466 42.717 -1055.651 -114.712 38.588 -1056.598 -111.592 46.816 -1054.240 fcn-tree
5085 1 16 3005 0 -1 0 -113.872 35.111 -1073.364 -115.413 32.740 -1074.916 -113.176 37.784 -1072.401 fcn-tree
5086 1 16 3008 0 -1 0 -125.386 45.740 -1074.191 -126.797 43.404 -1075.161 -124.513 48.367 -1072.424 fcn-tree
5087 1 16 3011 0 -1 0 -112.984 33.694 -1073.279 -115.784 32.342 -1074.393 -110.722 35.267 -1072.531 fcn-tree
5088 1 16 3017 0 -1 0 -86.895 36.768 -1120.969 -87.451 33.679 -1122.114 -86.121 39.724 -1120.516 fcn-tree
5089 1 16 3032 0 -1 0 -117.271 43.154 -1080.637 -118.731 36.742 -1084.046 -116.323 49.444 -1078.500 fcn-tree
5090 1 16 3053 0 -1 0 226.288 39.426 -1187.013 224.560 36.130 -1189.478 229.038 42.022 -1184.985 fcn-tree
5091 1 16 3074 0 -1 0 254.109 54.712 -1240.557 251.948 49.286 -1242.474 254.970 60.357 -1239.267 fcn-tree
5092 1 16 3077 0 -1 0 255.685 50.410 -1250.359 254.167 45.440 -1252.198 256.690 55.924 -1247.137 fcn-tree
5093 1 16 3080 0 -1 0 264.617 35.189 -1271.606 263.785 32.545 -1272.792 265.931 37.905 -1270.962 fcn-tree
5094 1 16 3083 0 -1 0 266.507 35.707 -1271.821 264.493 32.475 -1272.650 267.682 38.847 -1271.127 fcn-tree
5095 1 16 3086 0 -1 0 271.786 47.368 -1270.734 270.185 42.589 -1272.367 275.136 52.753 -1268.096 fcn-tree
5096 1 16 3092 0 -1 0 308.796 42.767 -1303.147 306.064 39.951 -1304.005 311.170 45.189 -1302.488 fcn-tree
5097 1 16 3095 0 -1 0 305.125 43.081 -1301.512 303.361 37.848 -1304.574 307.318 48.343 -1299.569 fcn-tree
5098 1 16 3098 0 -1 0 284.421 45.922 -1286.437 283.308 42.612 -1287.374 285.741 48.797 -1285.351 fcn-tree
5099 1 16 3101 0 -1 0 290.436 58.297 -1282.884 288.303 52.947 -1284.080 293.828 63.552 -1282.107 fcn-tree
5100 1 16 3104 0 -1 0 297.193 33.990 -1300.995 295.463 30.614 -1301.360 298.741 36.944 -1299.772 fcn-tree
5101 1 16 3116 0 -1 0 215.233 42.099 -1302.760 214.132 38.726 -1303.457 216.049 45.569 -1302.064 fcn-tree
5102 1 16 3125 0 -1 0 332.578 33.504 -1342.822 330.486 31.760 -1343.420 335.283 35.347 -1342.003 fcn-tree
5103 1 16 3128 0 -1 0 335.743 36.884 -1349.064 334.864 34.320 -1349.906 336.961 39.543 -1347.571 fcn-tree
5104 1 16 3131 0 -1 0 337.022 35.857 -1361.024 335.703 33.417 -1361.783 338.893 38.371 -1359.873 fcn-tree
5105 1 16 3134 0 -1 0 289.763 33.661 -1342.373 288.868 30.817 -1343.531 290.351 36.056 -1340.837 fcn-tree
5106 1 16 3137 0 -1 0 304.830 32.196 -1368.683 304.008 29.544 -1369.771 305.746 34.736 -1366.942 fcn-tree
5107 1 16 3140 0 -1 0 300.941 35.825 -1356.194 298.709 34.400 -1358.322 302.826 37.497 -1354.843 fcn-tree
5108 1 16 3152 0 -1 0 345.223 40.172 -1377.462 344.678 36.988 -1379.234 345.986 43.462 -1376.335 fcn-tree
5109 1 16 3170 0 -1 0 154.395 44.989 -1142.282 153.006 41.197 -1143.607 156.330 48.949 -1139.990 fcn-tree
5110 1 16 3173 0 -1 0 109.480 46.544 -1134.907 108.533 39.440 -1137.691 111.914 54.183 -1130.514 fcn-tree
5111 1 16 3191 0 -1 0 70.816 46.053 -1179.906 69.138 42.571 -1182.144 73.481 49.815 -1178.862 fcn-tree
5112 1 16 3236 0 -1 0 51.925 56.096 -1184.980 51.126 52.183 -1187.540 53.149 59.671 -1182.848 fcn-tree
5113 1 16 3239 0 -1 0 31.779 49.527 -1181.802 31.269 45.405 -1182.664 33.386 53.557 -1180.828 fcn-tree
5114 1 16 3242 0 -1 0 25.295 44.987 -1180.877 24.026 41.419 -1183.384 25.983 48.972 -1179.368 fcn-tree
5115 1 16 3245 0 -1 0 10.885 41.313 -1176.112 10.121 39.078 -1178.281 12.111 43.731 -1174.629 fcn-tree
5116 1 16 3251 0 -1 0 -39.058 43.586 -1149.120 -41.813 37.942 -1153.303 -37.156 49.635 -1146.657 fcn-tree
5117 1 16 3254 0 -1 0 -22.597 52.753 -1170.378 -23.704 46.195 -1172.821 -21.034 59.099 -1168.766 fcn-tree
5118 1 16 3257 0 -1 0 -61.922 58.017 -1147.247 -65.032 51.858 -1148.896 -60.342 64.495 -1145.609 fcn-tree
5119 1 16 3263 0 -1 0 -48.468 54.452 -1152.443 -53.312 49.098 -1153.803 -45.465 60.433 -1150.976 fcn-tree
5120 1 16 3266 0 -1 0 -82.695 55.922 -1133.599 -86.874 50.723 -1137.943 -80.465 61.387 -1130.480 fcn-tree
5121 1 17 3290 0 -1 0 -50.860 26.544 -980.298 -54.632 22.156 -983.496 -46.798 30.849 -976.988 fcn-bridge
5122 1 17 3296 0 -1 0 -53.572 26.891 -1094.013 -56.978 22.503 -1097.945 -49.865 31.166 -1089.782 fcn-bridge
5123 1 17 3300 0 -1 0 -65.590 25.427 -997.005 -71.021 19.900 -1001.780 -60.381 30.837 -993.146 fcn-bridge
5124 1 17 3311 0 -1 0 -94.123 26.725 -1051.156 -96.865 22.337 -1055.086 -90.773 31.001 -1047.622 fcn-bridge
5125 1 17 3324 0 -1 0 311.705 26.875 -1349.757 308.443 22.488 -1353.646 315.306 31.181 -1345.840 fcn-bridge
5126 1 17 3327 0 -1 0 307.850 25.598 -1328.031 302.482 20.072 -1333.564 313.523 31.008 -1323.189 fcn-bridge
5127 1 17 3329 0 -1 0 310.033 25.598 -1333.488 304.666 20.072 -1339.021 315.706 31.008 -1328.646 fcn-bridge
5128 1 4 1893 0 -1 0 -39.131 91.416 -537.407 -43.388 78.531 -545.214 -35.298 104.467 -533.629 bch-beachrock
5129 1 4 1896 0 -1 0 -34.788 108.396 -580.429 -42.223 94.573 -584.395 -27.187 119.988 -576.280 bch-beachrock
5130 1 4 1899 0 -1 0 -52.678 86.083 -610.853 -56.777 73.018 -618.278 -46.042 96.941 -602.155 bch-beachrock
5131 1 4 1902 0 -1 0 -79.693 105.538 -489.086 -84.233 92.867 -495.204 -73.343 119.363 -486.127 bch-beachrock
5132 1 4 1905 0 -1 0 -69.527 108.398 -597.951 -73.644 94.833 -604.389 -63.312 119.977 -590.417 bch-beachrock
5133 1 4 1911 0 -1 0 -101.141 102.129 -581.122 -105.395 89.957 -587.581 -97.214 113.905 -570.196 bch-beachrock
5134 1 2 1585 0 -1 0 -63.328 26.802 -1082.063 -74.376 21.583 -1087.014 -53.769 29.864 -1075.617 fcn-rockwall-cliffside
5135 1 2 1597 0 -1 0 -80.397 26.802 -1089.718 -91.446 21.583 -1094.669 -70.839 29.864 -1083.273 fcn-rockwall-cliffside
5136 1 2 1603 0 -1 0 -97.008 26.802 -1085.775 -103.168 21.583 -1094.897 -89.388 29.864 -1075.111 fcn-rockwall-cliffside
5137 0 5 121 0 -1 7051 138.226 30.316 -611.982 135.703 29.797 -613.016 140.781 30.750 -610.360 fcn-crackedfloor
5138 1 17 3280 0 -1 0 136.457 24.773 -597.042 130.857 18.153 -602.479 141.603 31.253 -592.494 fcn-bridge
5139 1 17 3292 0 -1 0 -46.638 24.790 -976.903 -51.267 18.803 -982.200 -41.458 31.030 -972.153 fcn-bridge
5140 1 17 3301 0 -1 0 -66.914 24.444 -1000.400 -72.199 17.802 -1004.551 -61.458 30.946 -995.189 fcn-bridge
5141 1 17 3304 0 -1 0 -65.901 24.111 -1003.849 -71.651 17.440 -1008.744 -60.279 30.985 -998.332 fcn-bridge
5142 1 17 3319 0 -1 0 303.226 24.315 -1324.658 297.101 17.576 -1329.839 308.714 30.855 -1318.907 fcn-bridge
5143 1 17 3323 0 -1 0 312.973 25.055 -1355.164 308.066 19.069 -1359.166 317.586 31.296 -1350.613 fcn-bridge
5144 1 17 3326 0 -1 0 301.610 24.374 -1329.475 296.377 17.739 -1334.939 307.530 31.122 -1324.438 fcn-bridge
5145 1 17 3328 0 -1 0 305.873 24.615 -1324.961 300.012 17.973 -1329.978 311.424 31.117 -1319.159 fcn-bridge
5146 0 6 121 0 -1 7249 138.207 29.983 -612.083 135.703 29.093 -613.203 140.781 30.750 -610.360 fcn-crackedfloor-side
5147 1 16 2990 0 -1 0 -114.316 35.527 -1065.824 -116.495 33.126 -1066.352 -112.901 37.926 -1065.288 fcn-tree
5148 1 16 2426 0 -1 0 -31.091 48.678 -259.466 -33.288 42.244 -260.362 -29.562 55.494 -257.867 fcn-tree
5149 1 16 2429 0 -1 0 -31.847 46.559 -257.015 -33.616 42.614 -259.249 -31.138 50.873 -255.625 fcn-tree
5150 1 16 2441 0 -1 0 15.865 50.861 -260.424 13.647 44.575 -261.231 18.719 57.437 -259.460 fcn-tree
5151 1 16 2444 0 -1 0 17.030 48.554 -258.339 15.507 44.505 -260.998 18.040 52.409 -256.655 fcn-tree
5152 1 16 2447 0 -1 0 29.553 40.905 -299.279 27.740 35.664 -300.878 31.671 45.880 -298.762 fcn-tree
5153 1 16 2450 0 -1 0 33.546 42.703 -316.009 32.565 37.468 -317.076 34.801 48.048 -315.081 fcn-tree
5154 1 16 2696 0 -1 0 187.760 41.902 -912.156 187.196 39.279 -913.403 188.513 44.622 -911.380 fcn-tree
5155 1 16 2720 0 -1 0 134.447 49.609 -868.127 133.961 47.837 -869.070 135.606 51.611 -866.643 fcn-tree
5156 1 16 2789 0 -1 0 60.521 49.719 -889.298 59.222 43.127 -891.265 62.338 56.119 -887.138 fcn-tree
5157 1 16 2810 0 -1 0 52.075 41.959 -938.009 50.023 37.131 -940.577 55.394 47.111 -936.871 fcn-tree
5158 1 16 2819 0 -1 0 10.585 46.792 -903.977 8.002 42.184 -905.522 14.021 51.699 -901.552 fcn-tree
5159 1 16 2861 0 -1 0 92.367 47.364 -948.565 88.693 43.615 -951.291 94.369 51.472 -946.882 fcn-tree
5160 1 16 2867 0 -1 0 78.935 46.111 -951.577 75.081 40.627 -953.384 81.399 50.566 -950.305 fcn-tree
5161 1 16 2870 0 -1 0 28.494 44.728 -942.549 27.335 41.159 -945.228 30.293 48.552 -941.100 fcn-tree
5162 1 16 2900 0 -1 0 19.751 50.843 -1125.028 17.244 43.109 -1127.590 20.599 58.324 -1123.197 fcn-tree
5163 1 16 2903 0 -1 0 -25.944 43.792 -1090.720 -28.143 42.577 -1092.789 -23.425 45.204 -1087.660 fcn-tree
5164 1 16 2906 0 -1 0 -25.157 46.607 -1090.088 -26.917 42.811 -1091.539 -22.913 50.283 -1087.465 fcn-tree
5165 1 16 2909 0 -1 0 -30.059 53.123 -1067.486 -34.296 46.011 -1068.706 -27.008 60.155 -1065.769 fcn-tree
5166 1 16 2915 0 -1 0 -42.358 41.954 -1067.281 -49.380 38.260 -1069.017 -34.946 44.277 -1064.715 fcn-tree
5167 1 16 3014 0 -1 0 -84.684 31.436 -1119.748 -86.450 27.656 -1121.607 -83.604 35.542 -1118.596 fcn-tree
5168 1 16 3020 0 -1 0 -88.175 28.547 -1111.241 -90.400 25.296 -1112.221 -86.970 32.153 -1110.573 fcn-tree
5169 1 16 3023 0 -1 0 -85.789 37.623 -1121.789 -87.674 33.456 -1122.590 -83.746 41.386 -1120.622 fcn-tree
5170 1 16 3026 0 -1 0 -111.518 41.640 -1086.918 -112.228 38.406 -1087.683 -111.199 44.844 -1085.993 fcn-tree
5171 1 16 3038 0 -1 0 -105.484 49.348 -1109.982 -106.220 46.119 -1110.381 -104.867 52.598 -1109.216 fcn-tree
5172 1 16 3041 0 -1 0 -100.633 52.545 -1119.813 -102.500 49.878 -1121.691 -99.669 55.468 -1118.601 fcn-tree
5173 1 16 3044 0 -1 0 -97.890 40.174 -1105.543 -100.522 36.612 -1106.883 -96.365 44.154 -1104.704 fcn-tree
5174 1 16 3047 0 -1 0 -102.609 43.281 -1098.209 -105.438 39.126 -1100.721 -101.545 47.502 -1096.539 fcn-tree
5175 1 16 3050 0 -1 0 209.225 49.157 -1168.884 207.993 43.975 -1170.816 211.686 54.663 -1165.829 fcn-tree
5176 1 16 3056 0 -1 0 227.663 42.459 -1186.254 226.460 36.678 -1187.796 229.527 48.124 -1185.241 fcn-tree
5177 1 16 3059 0 -1 0 243.616 44.575 -1209.876 241.197 39.001 -1210.711 246.302 49.950 -1207.970 fcn-tree
5178 1 16 3062 0 -1 0 242.980 50.649 -1197.045 237.435 48.875 -1198.620 248.571 52.268 -1196.455 fcn-tree
5179 1 16 3065 0 -1 0 245.430 54.341 -1199.521 242.017 48.172 -1201.100 250.144 60.794 -1197.307 fcn-tree
5180 1 16 3089 0 -1 0 203.565 55.398 -1275.797 200.615 48.536 -1277.947 206.056 61.199 -1273.932 fcn-tree
5181 1 16 3107 0 -1 0 207.056 47.849 -1288.634 205.625 45.155 -1290.609 208.699 49.672 -1286.218 fcn-tree
5182 1 16 3161 0 -1 0 194.492 54.502 -1163.544 192.311 46.679 -1165.383 198.605 62.911 -1160.774 fcn-tree
5183 1 16 3167 0 -1 0 152.958 45.404 -1140.647 151.369 42.497 -1141.285 155.287 48.345 -1140.302 fcn-tree
5184 1 16 3188 0 -1 0 153.012 32.617 -1183.036 151.891 29.529 -1183.584 154.420 35.471 -1182.148 fcn-tree
5185 1 16 3218 0 -1 0 201.764 38.661 -1239.114 200.595 34.636 -1240.343 202.551 42.311 -1238.361 fcn-tree
5186 1 16 3221 0 -1 0 202.253 45.389 -1250.196 200.325 42.308 -1252.983 203.152 48.535 -1248.369 fcn-tree
5187 1 16 3224 0 -1 0 63.154 51.898 -1130.320 61.806 48.278 -1130.833 64.432 55.363 -1128.928 fcn-tree
5188 1 16 3227 0 -1 0 67.957 46.588 -1133.316 66.231 43.700 -1135.010 68.916 49.119 -1131.838 fcn-tree
5189 1 16 3233 0 -1 0 44.306 48.258 -1126.516 42.276 41.995 -1128.591 44.992 54.315 -1125.034 fcn-tree
5190 1 16 3260 0 -1 0 -64.385 57.862 -1144.469 -65.550 52.699 -1147.477 -62.742 63.237 -1142.726 fcn-tree
5191 1 2 1490 0 -1 0 111.910 20.934 -566.005 109.502 13.051 -567.540 116.779 27.239 -563.659 fcn-rockwall-cliffside
5192 1 2 1508 0 -1 0 206.659 20.801 -783.949 205.133 12.918 -786.694 208.994 27.105 -782.734 fcn-rockwall-cliffside
5193 1 2 1526 0 -1 0 183.250 20.934 -780.924 180.841 13.051 -782.459 188.119 27.239 -778.578 fcn-rockwall-cliffside
5194 1 2 1538 0 -1 0 -52.901 20.934 -1077.825 -55.524 13.051 -1079.339 -51.604 27.239 -1075.817 fcn-rockwall-cliffside
5195 1 2 1556 0 -1 0 -102.194 20.934 -1030.502 -104.271 13.051 -1032.093 -97.737 27.239 -1028.051 fcn-rockwall-cliffside
5196 1 2 1580 0 -1 0 -102.218 20.934 -1067.821 -103.508 13.051 -1069.821 -99.583 27.239 -1066.291 fcn-rockwall-cliffside
5197 1 2 1628 0 -1 0 283.716 20.934 -1336.428 281.281 13.051 -1337.566 286.110 27.239 -1332.971 fcn-rockwall-cliffside
5198 1 2 1640 0 -1 0 123.947 20.934 -1155.950 122.190 13.051 -1159.375 126.503 27.239 -1154.806 fcn-rockwall-cliffside
5199 1 2 1652 0 -1 0 109.115 20.934 -1149.550 107.948 13.051 -1151.286 112.517 27.239 -1147.006 fcn-rockwall-cliffside
5200 1 2 1662 0 -1 0 137.370 21.098 -567.489 133.248 13.051 -568.593 140.143 27.458 -565.084 fcn-rockwall-cliffside
5201 1 2 1666 0 -1 0 134.012 21.098 -610.758 132.129 13.051 -613.017 136.978 27.458 -609.407 fcn-rockwall-cliffside
5202 1 2 1674 0 -1 0 205.206 20.965 -797.408 204.103 12.918 -799.043 207.598 27.324 -795.139 fcn-rockwall-cliffside
5203 1 2 1690 0 -1 0 -43.323 21.098 -1112.447 -44.378 13.051 -1115.102 -40.317 27.458 -1110.439 fcn-rockwall-cliffside
5204 1 2 1698 0 -1 0 -61.650 21.098 -1120.562 -62.706 13.051 -1123.217 -58.644 27.458 -1118.553 fcn-rockwall-cliffside
5205 1 2 1718 0 -1 0 -101.514 20.857 -1068.032 -102.722 12.809 -1070.233 -99.675 27.216 -1066.763 fcn-rockwall-cliffside
5206 1 2 1722 0 -1 0 -99.621 21.098 -1079.028 -101.157 13.051 -1079.810 -97.218 27.458 -1076.912 fcn-rockwall-cliffside
5207 1 2 1734 0 -1 0 -72.038 21.098 -1085.909 -75.431 13.051 -1088.147 -70.841 27.458 -1083.122 fcn-rockwall-cliffside
5208 1 2 1746 0 -1 0 320.616 21.098 -1365.465 319.373 13.051 -1368.132 323.811 27.458 -1363.475 fcn-rockwall-cliffside
5209 1 2 1750 0 -1 0 304.878 21.098 -1318.956 301.759 13.051 -1321.476 305.840 27.458 -1316.274 fcn-rockwall-cliffside
5210 1 2 1754 0 -1 0 296.177 21.098 -1327.511 293.096 13.051 -1329.867 297.170 27.458 -1324.803 fcn-rockwall-cliffside
5211 1 2 1770 0 -1 0 123.667 21.098 -1154.345 120.989 13.051 -1155.254 125.866 27.458 -1151.567 fcn-rockwall-cliffside
5212 1 16 2556 0 -1 0 156.370 52.815 -599.070 155.274 50.746 -600.918 157.931 55.299 -596.796 fcn-tree
5213 1 16 3018 0 -1 0 -85.384 36.084 -1121.613 -86.663 34.974 -1122.128 -84.223 37.508 -1120.676 fcn-tree
5214 1 16 3156 0 -1 0 181.746 51.184 -1144.337 179.921 48.365 -1144.929 183.299 54.588 -1143.281 fcn-tree
5215 1 16 3159 0 -1 0 197.162 56.138 -1161.235 195.470 53.160 -1162.176 198.202 59.724 -1160.773 fcn-tree
5216 1 2 1805 0 -1 0 203.385 16.283 -806.466 202.767 12.918 -807.581 204.234 19.043 -805.126 fcn-rockwall-cliffside
5217 1 2 1809 0 -1 0 -53.011 16.416 -1068.514 -53.956 13.051 -1069.886 -52.419 19.176 -1067.377 fcn-rockwall-cliffside
5218 1 2 1814 0 -1 0 -69.470 16.417 -1065.125 -70.966 13.052 -1065.971 -67.671 19.177 -1064.507 fcn-rockwall-cliffside
5219 1 2 1816 0 -1 0 -102.031 16.416 -1077.132 -102.629 13.051 -1078.272 -101.083 19.176 -1075.757 fcn-rockwall-cliffside
5220 1 2 1817 0 -1 0 -57.863 16.416 -1081.560 -60.038 13.051 -1082.527 -56.060 19.176 -1080.330 fcn-rockwall-cliffside
5221 1 2 1819 0 -1 0 -74.933 16.416 -1089.216 -77.108 13.051 -1090.183 -73.130 19.176 -1087.986 fcn-rockwall-cliffside
5222 1 2 1820 0 -1 0 -95.757 16.416 -1091.118 -96.890 13.051 -1092.878 -94.389 19.176 -1088.993 fcn-rockwall-cliffside
5223 1 1 263 0 -1 0 11.485 32.309 -206.123 7.253 29.745 -208.261 16.036 35.636 -202.149 fcn-rockwall-bttm
5224 1 1 267 0 -1 0 -29.005 32.309 -210.315 -33.620 29.745 -215.784 -26.629 35.636 -207.908 fcn-rockwall-bttm
5225 1 1 269 0 -1 0 -42.249 32.309 -192.320 -46.600 29.745 -196.158 -37.803 35.636 -190.132 fcn-rockwall-bttm
5226 1 1 271 0 -1 0 26.396 33.277 -291.371 23.030 29.773 -293.324 31.352 37.821 -287.178 fcn-rockwall-bttm
5227 1 1 273 0 -1 0 16.815 33.086 -273.209 13.370 29.765 -275.698 21.919 37.393 -267.857 fcn-rockwall-bttm
5228 1 1 275 0 -1 0 39.508 33.328 -325.348 35.672 29.772 -327.376 44.300 37.940 -321.236 fcn-rockwall-bttm
5229 1 1 277 0 -1 0 -29.311 32.309 -261.382 -34.330 29.745 -266.028 -25.828 35.636 -259.218 fcn-rockwall-bttm
5230 1 1 279 0 -1 0 -18.131 33.046 -302.728 -23.149 29.760 -307.374 -14.647 37.309 -300.564 fcn-rockwall-bttm
5231 1 1 281 0 -1 0 110.632 32.309 -383.474 107.519 29.745 -385.253 115.570 35.636 -379.658 fcn-rockwall-bttm
5232 1 1 283 0 -1 0 139.162 32.368 -411.263 134.981 29.756 -413.368 143.343 35.757 -407.792 fcn-rockwall-bttm
5233 1 1 285 0 -1 0 160.964 32.535 -455.854 157.315 29.760 -458.394 166.072 36.135 -450.395 fcn-rockwall-bttm
5234 1 1 289 0 -1 0 81.064 32.445 -360.778 77.666 29.745 -362.550 85.031 35.946 -357.151 fcn-rockwall-bttm
5235 1 1 291 0 -1 0 77.013 32.309 -403.020 71.993 29.745 -408.399 81.444 35.636 -400.514 fcn-rockwall-bttm
5236 1 1 293 0 -1 0 71.944 32.785 -348.367 67.430 29.756 -350.567 76.198 36.712 -344.604 fcn-rockwall-bttm
5237 1 1 295 0 -1 0 -11.976 32.661 -321.267 -16.759 29.749 -325.961 -7.407 36.437 -318.965 fcn-rockwall-bttm
5238 1 1 297 0 -1 0 163.802 33.083 -531.436 161.270 29.763 -533.989 168.586 37.389 -525.083 fcn-rockwall-bttm
5239 1 1 299 0 -1 0 165.146 32.673 -505.354 162.613 29.754 -507.907 169.930 36.458 -499.002 fcn-rockwall-bttm
5240 1 1 301 0 -1 0 149.000 10.888 -589.975 146.385 7.798 -592.300 153.848 14.232 -585.105 fcn-rockwall-bttm
5241 1 1 303 0 -1 0 141.054 9.937 -604.860 138.980 6.786 -608.084 144.688 13.728 -598.354 fcn-rockwall-bttm
5242 1 1 305 0 -1 0 211.251 33.346 -683.940 207.495 30.085 -686.240 216.281 37.575 -679.000 fcn-rockwall-bttm
5243 1 1 307 0 -1 0 227.202 32.791 -730.634 223.216 29.759 -733.154 232.283 36.724 -725.218 fcn-rockwall-bttm
5244 1 1 309 0 -1 0 183.384 32.572 -731.186 178.460 29.752 -735.685 186.070 36.230 -729.400 fcn-rockwall-bttm
5245 1 1 311 0 -1 0 183.133 32.757 -751.049 178.349 29.766 -757.341 185.665 36.636 -748.517 fcn-rockwall-bttm
5246 1 1 313 0 -1 0 125.474 33.007 -500.691 121.216 29.771 -507.293 127.652 37.204 -497.937 fcn-rockwall-bttm
5247 1 1 315 0 -1 0 112.505 10.714 -587.811 108.039 8.314 -591.879 116.206 13.827 -585.859 fcn-rockwall-bttm
5248 1 1 317 0 -1 0 120.045 10.391 -569.269 116.426 7.517 -574.157 122.014 14.120 -566.686 fcn-rockwall-bttm
5249 1 1 321 0 -1 0 123.964 33.014 -641.427 119.028 29.766 -645.820 127.621 37.227 -639.379 fcn-rockwall-bttm
5250 1 1 323 0 -1 0 113.534 11.053 -578.734 107.957 7.684 -583.242 116.629 15.423 -576.830 fcn-rockwall-bttm
5251 1 1 325 0 -1 0 226.839 32.748 -805.440 224.269 29.923 -808.152 231.660 36.412 -798.542 fcn-rockwall-bttm
5252 1 1 327 0 -1 0 182.570 27.726 -774.620 178.373 24.538 -782.528 184.679 31.861 -771.365 fcn-rockwall-bttm
5253 1 1 329 0 -1 0 171.738 32.439 -816.541 166.733 29.858 -819.841 174.547 35.738 -815.027 fcn-rockwall-bttm
5254 1 1 331 0 -1 0 179.556 32.487 -806.685 175.486 29.862 -811.273 181.742 35.786 -803.750 fcn-rockwall-bttm
5255 1 1 333 0 -1 0 218.452 32.999 -827.551 216.054 29.929 -830.901 222.480 36.982 -820.429 fcn-rockwall-bttm
5256 1 1 335 0 -1 0 165.571 32.481 -844.914 162.140 29.846 -848.974 167.681 35.786 -840.778 fcn-rockwall-bttm
5257 1 1 339 0 -1 0 217.995 33.120 -883.523 215.149 29.931 -886.253 223.041 37.257 -876.965 fcn-rockwall-bttm
5258 1 1 341 0 -1 0 195.238 32.771 -909.429 192.905 29.769 -914.587 199.703 36.665 -904.885 fcn-rockwall-bttm
5259 1 1 343 0 -1 0 210.314 32.471 -903.251 207.956 29.907 -906.463 214.380 35.797 -896.484 fcn-rockwall-bttm
5260 1 1 345 0 -1 0 173.516 33.496 -916.265 170.740 29.928 -921.401 179.784 38.124 -913.066 fcn-rockwall-bttm
5261 1 1 349 0 -1 0 128.411 33.374 -927.907 126.226 29.977 -932.521 133.055 37.494 -924.634 fcn-rockwall-bttm
5262 1 1 351 0 -1 0 23.741 33.376 -907.134 18.506 29.600 -909.116 25.916 37.725 -902.806 fcn-rockwall-bttm
5263 1 1 353 0 -1 0 6.198 33.035 -903.924 0.989 29.749 -907.192 8.633 36.718 -899.119 fcn-rockwall-bttm
5264 1 1 355 0 -1 0 -47.216 32.962 -919.858 -51.047 30.027 -925.524 -44.625 36.519 -916.104 fcn-rockwall-bttm
5265 1 1 357 0 -1 0 -35.291 33.990 -914.137 -39.633 30.282 -917.634 -33.033 37.954 -909.685 fcn-rockwall-bttm
5266 1 1 359 0 -1 0 85.436 32.631 -945.821 83.286 30.067 -950.859 90.055 35.958 -942.543 fcn-rockwall-bttm
5267 1 1 363 0 -1 0 66.281 32.631 -947.500 64.186 30.067 -952.490 71.341 35.958 -944.730 fcn-rockwall-bttm
5268 1 1 365 0 -1 0 1.332 33.181 -944.325 -1.052 30.082 -949.374 6.919 37.200 -941.464 fcn-rockwall-bttm
5269 1 1 367 0 -1 0 -29.775 33.095 -973.102 -32.070 30.088 -976.538 -26.064 36.995 -967.730 fcn-rockwall-bttm
5270 1 1 371 0 -1 0 -52.986 12.042 -988.502 -55.287 9.324 -991.632 -48.982 15.567 -982.612 fcn-rockwall-bttm
5271 1 1 373 0 -1 0 -45.864 12.393 -1089.304 -48.471 9.459 -1091.912 -41.018 16.146 -1082.801 fcn-rockwall-bttm
5272 1 1 375 0 -1 0 -39.681 12.367 -1109.199 -42.623 9.802 -1111.346 -34.623 15.693 -1104.580 fcn-rockwall-bttm
5273 1 1 379 0 -1 0 -64.036 12.721 -1007.322 -66.562 9.368 -1011.018 -60.230 16.879 -1001.488 fcn-rockwall-bttm
5274 1 1 381 0 -1 0 -41.221 10.639 -1076.450 -46.976 7.079 -1078.807 -35.016 15.403 -1072.230 fcn-rockwall-bttm
5275 1 1 383 0 -1 0 -54.219 32.998 -933.014 -57.906 30.333 -938.483 -51.728 36.213 -929.390 fcn-rockwall-bttm
5276 1 1 385 0 -1 0 -65.239 33.135 -952.240 -69.516 30.198 -957.349 -62.716 36.720 -947.969 fcn-rockwall-bttm
5277 1 1 387 0 -1 0 -78.124 33.055 -966.922 -82.070 29.953 -972.476 -75.628 36.835 -963.546 fcn-rockwall-bttm
5278 1 1 389 0 -1 0 -86.873 32.924 -984.369 -90.813 29.948 -989.920 -84.386 36.539 -980.995 fcn-rockwall-bttm
5279 1 1 391 0 -1 0 -96.051 32.475 -1002.984 -100.521 29.755 -1009.273 -93.663 35.755 -1000.073 fcn-rockwall-bttm
5280 1 1 393 0 -1 0 -57.825 12.409 -1061.747 -62.766 9.675 -1063.990 -53.220 15.897 -1057.619 fcn-rockwall-bttm
5281 1 1 395 0 -1 0 -94.784 11.496 -1035.966 -98.331 8.365 -1041.285 -92.474 15.556 -1032.362 fcn-rockwall-bttm
5282 1 1 397 0 -1 0 -100.327 11.534 -1049.721 -105.267 8.431 -1055.223 -97.840 15.493 -1047.074 fcn-rockwall-bttm
5283 1 1 399 0 -1 0 -84.869 10.156 -1108.199 -88.156 7.678 -1111.815 -79.667 13.370 -1105.983 fcn-rockwall-bttm
5284 1 1 401 0 -1 0 -105.942 14.014 -1065.339 -111.581 11.069 -1070.694 -102.703 17.834 -1062.927 fcn-rockwall-bttm
5285 1 1 403 0 -1 0 -89.730 12.362 -1098.693 -94.453 9.440 -1103.087 -85.370 16.152 -1096.481 fcn-rockwall-bttm
5286 1 1 405 0 -1 0 -102.270 12.698 -1079.747 -107.568 9.459 -1084.970 -97.157 16.900 -1077.181 fcn-rockwall-bttm
5287 1 1 407 0 -1 0 229.610 33.230 -1183.316 223.766 29.798 -1185.883 233.715 37.679 -1179.416 fcn-rockwall-bttm
5288 1 1 409 0 -1 0 239.198 33.251 -1197.024 234.606 29.820 -1199.369 244.352 37.699 -1192.568 fcn-rockwall-bttm
5289 1 1 411 0 -1 0 244.160 32.763 -1215.651 240.051 29.640 -1218.899 249.651 36.786 -1208.497 fcn-rockwall-bttm
5290 1 1 413 0 -1 0 240.389 32.585 -1232.005 237.971 29.685 -1234.349 245.050 36.346 -1226.600 fcn-rockwall-bttm
5291 1 1 415 0 -1 0 275.184 33.201 -1281.671 271.314 30.082 -1283.934 280.182 37.245 -1276.813 fcn-rockwall-bttm
5292 1 1 417 0 -1 0 269.551 32.925 -1265.860 264.177 30.078 -1268.155 272.979 36.617 -1262.142 fcn-rockwall-bttm
5293 1 1 419 0 -1 0 249.039 32.368 -1253.932 245.326 29.670 -1256.064 254.005 35.868 -1249.354 fcn-rockwall-bttm
5294 1 1 421 0 -1 0 317.027 32.906 -1307.869 312.356 30.081 -1310.095 321.050 36.569 -1304.270 fcn-rockwall-bttm
5295 1 1 423 0 -1 0 290.445 33.289 -1293.708 285.974 30.082 -1295.879 294.025 37.449 -1290.176 fcn-rockwall-bttm
5296 1 1 425 0 -1 0 305.338 33.219 -1297.297 300.785 30.081 -1299.422 307.942 37.289 -1293.014 fcn-rockwall-bttm
5297 1 1 427 0 -1 0 213.061 32.542 -1303.556 209.521 29.582 -1307.260 219.515 36.382 -1301.122 fcn-rockwall-bttm
5298 1 1 429 0 -1 0 325.282 13.635 -1344.666 321.642 10.618 -1346.799 330.342 17.403 -1340.127 fcn-rockwall-bttm
5299 1 1 431 0 -1 0 327.247 13.153 -1362.169 324.393 10.589 -1364.239 332.282 16.479 -1357.444 fcn-rockwall-bttm
5300 1 1 433 0 -1 0 324.627 11.500 -1330.552 319.967 8.936 -1332.750 328.154 14.826 -1326.977 fcn-rockwall-bttm
5301 1 1 435 0 -1 0 305.876 15.611 -1345.816 301.047 12.883 -1350.098 308.927 18.999 -1343.846 fcn-rockwall-bttm
5302 1 1 437 0 -1 0 292.418 13.007 -1329.457 288.014 10.393 -1333.399 297.059 16.333 -1327.226 fcn-rockwall-bttm
5303 1 1 439 0 -1 0 237.663 32.584 -1314.587 234.123 29.573 -1318.291 244.117 36.489 -1312.153 fcn-rockwall-bttm
5304 1 1 441 0 -1 0 349.944 33.008 -1380.472 345.907 30.081 -1382.676 354.877 36.804 -1375.745 fcn-rockwall-bttm
5305 1 1 443 0 -1 0 345.238 32.631 -1398.230 342.864 30.067 -1400.822 349.857 35.958 -1392.211 fcn-rockwall-bttm
5306 1 1 445 0 -1 0 300.954 32.631 -1371.326 296.001 30.067 -1377.530 303.675 35.958 -1368.836 fcn-rockwall-bttm
5307 1 1 447 0 -1 0 303.989 29.087 -1404.341 299.375 25.800 -1410.032 306.798 32.853 -1401.950 fcn-rockwall-bttm
5308 1 1 449 0 -1 0 188.667 32.826 -1166.849 184.252 30.081 -1169.073 193.357 36.387 -1162.480 fcn-rockwall-bttm
5309 1 1 451 0 -1 0 176.743 33.112 -1148.740 171.383 30.077 -1151.239 178.986 37.048 -1143.994 fcn-rockwall-bttm
5310 1 1 453 0 -1 0 133.582 33.368 -1135.220 128.333 30.093 -1137.852 135.629 37.617 -1130.343 fcn-rockwall-bttm
5311 1 1 455 0 -1 0 111.116 32.965 -1134.550 105.151 30.081 -1136.840 113.765 36.706 -1130.024 fcn-rockwall-bttm
5312 1 1 457 0 -1 0 213.278 32.899 -1173.218 207.509 29.768 -1175.424 215.938 36.960 -1168.792 fcn-rockwall-bttm
5313 1 1 459 0 -1 0 81.203 32.460 -1173.706 79.110 30.059 -1178.692 86.269 35.574 -1170.940 fcn-rockwall-bttm
5314 1 1 461 0 -1 0 106.452 15.182 -1160.381 104.311 12.618 -1164.969 111.054 18.508 -1158.015 fcn-rockwall-bttm
5315 1 1 463 0 -1 0 138.416 32.700 -1179.729 135.216 29.590 -1183.702 144.622 36.735 -1177.390 fcn-rockwall-bttm
5316 1 1 465 0 -1 0 121.134 32.840 -1174.681 118.564 30.073 -1179.093 126.601 36.428 -1172.481 fcn-rockwall-bttm
5317 1 1 467 0 -1 0 161.494 32.829 -1190.474 157.553 29.584 -1194.430 167.211 37.037 -1188.055 fcn-rockwall-bttm
5318 1 1 471 0 -1 0 201.988 33.032 -1247.651 196.870 29.594 -1253.225 205.720 37.491 -1245.059 fcn-rockwall-bttm
5319 1 1 475 0 -1 0 22.015 32.631 -1133.324 16.666 30.067 -1135.837 24.238 35.958 -1128.563 fcn-rockwall-bttm
5320 1 1 477 0 -1 0 27.033 32.746 -1178.685 24.940 30.080 -1183.671 32.099 36.203 -1175.919 fcn-rockwall-bttm
5321 1 1 479 0 -1 0 -5.194 33.064 -1167.673 -8.532 30.081 -1171.472 0.205 36.932 -1165.387 fcn-rockwall-bttm
5322 1 1 481 0 -1 0 -23.979 32.631 -1158.308 -27.317 30.067 -1162.106 -18.581 35.958 -1156.022 fcn-rockwall-bttm
5323 1 1 483 0 -1 0 -44.896 32.895 -1150.743 -47.670 30.070 -1154.973 -39.425 36.560 -1148.536 fcn-rockwall-bttm
5324 1 1 485 0 -1 0 -80.999 33.368 -1128.544 -83.772 30.090 -1132.773 -75.528 37.620 -1126.337 fcn-rockwall-bttm
5325 0 6 244 0 -1 7213 35.933 30.273 -935.966 34.562 29.906 -937.391 37.297 30.640 -934.048 fcn-crackedfloor-side
5326 0 6 245 0 -1 7343 31.465 30.406 -937.010 30.609 29.906 -939.016 32.234 30.906 -934.563 fcn-crackedfloor-side
5327 1 4 1886 0 -1 0 -46.023 93.333 -523.919 -54.942 81.581 -533.480 -37.997 102.324 -515.736 bch-beachrock
5328 1 4 1889 0 -1 0 -123.378 91.170 -550.848 -128.638 80.979 -559.891 -114.879 101.101 -540.707 bch-beachrock
5329 1 17 3288 0 -1 0 -57.818 23.556 -981.303 -64.105 16.355 -986.853 -51.691 30.613 -975.382 fcn-bridge
5330 1 17 3320 0 -1 0 315.988 23.727 -1343.548 309.926 16.526 -1349.226 321.696 30.785 -1336.811 fcn-bridge
5331 1 16 2420 0 -1 0 10.329 39.469 -247.654 9.696 36.045 -248.425 11.045 43.037 -247.154 fcn-tree
5332 1 16 2432 0 -1 0 30.840 61.313 -282.692 27.958 54.503 -284.033 34.240 68.231 -281.661 fcn-tree
5333 1 16 2492 0 -1 0 113.835 48.924 -484.756 113.437 45.261 -486.104 114.648 52.603 -483.595 fcn-tree
5334 1 16 2501 0 -1 0 113.048 43.966 -449.074 112.197 40.561 -450.913 113.445 47.700 -447.897 fcn-tree
5335 1 16 2561 0 -1 0 157.568 36.561 -584.757 155.230 31.542 -587.396 159.629 41.577 -583.097 fcn-tree
5336 1 16 2582 0 -1 0 212.323 43.511 -678.328 211.663 38.207 -679.928 213.216 48.884 -677.165 fcn-tree
5337 1 16 2591 0 -1 0 220.010 47.793 -703.363 219.561 42.997 -705.538 221.253 52.866 -700.024 fcn-tree
5338 1 16 2594 0 -1 0 220.096 47.784 -700.642 219.421 43.889 -701.502 221.067 51.700 -699.763 fcn-tree
5339 1 16 2609 0 -1 0 227.119 40.941 -725.684 226.666 38.068 -726.291 227.632 43.905 -725.202 fcn-tree
5340 1 16 2612 0 -1 0 229.376 43.783 -733.345 228.242 37.758 -735.229 230.865 50.127 -732.500 fcn-tree
5341 1 16 2654 0 -1 0 227.947 44.015 -801.072 226.397 39.249 -801.846 230.651 49.366 -799.926 fcn-tree
5342 1 16 2660 0 -1 0 166.868 49.213 -820.061 164.986 43.285 -821.289 167.834 55.677 -819.142 fcn-tree
5343 1 16 2669 0 -1 0 215.904 49.176 -847.657 214.853 44.941 -848.789 216.853 53.541 -847.242 fcn-tree
5344 1 16 2684 0 -1 0 151.102 48.914 -853.268 149.422 42.746 -854.942 152.164 55.118 -852.256 fcn-tree
5345 1 16 2714 0 -1 0 133.447 39.131 -877.914 132.375 36.441 -878.397 134.123 41.933 -877.091 fcn-tree
5346 1 16 2741 0 -1 0 106.635 47.465 -886.035 105.738 44.367 -886.800 108.383 50.921 -884.791 fcn-tree
5347 1 16 2747 0 -1 0 104.638 52.443 -880.645 102.905 48.898 -881.158 105.738 56.264 -879.904 fcn-tree
5348 1 16 2753 0 -1 0 123.333 49.380 -937.745 122.891 44.956 -938.322 124.228 54.189 -936.896 fcn-tree
5349 1 16 2756 0 -1 0 123.008 47.779 -935.736 122.279 44.537 -938.064 124.038 51.202 -933.928 fcn-tree
5350 1 16 2777 0 -1 0 91.298 55.934 -881.772 89.618 49.766 -883.446 92.360 62.137 -880.759 fcn-tree
5351 1 16 2825 0 -1 0 -4.182 56.855 -900.967 -4.832 50.938 -902.629 -3.234 63.162 -898.307 fcn-tree
5352 1 16 2831 0 -1 0 -20.351 48.352 -906.871 -21.705 43.158 -909.689 -19.430 54.208 -902.799 fcn-tree
5353 1 16 2837 0 -1 0 -37.182 55.047 -907.479 -40.910 50.994 -908.511 -34.680 59.638 -906.759 fcn-tree
5354 1 16 2843 0 -1 0 -46.785 46.184 -920.098 -48.087 40.722 -921.976 -44.202 52.340 -917.106 fcn-tree
5355 1 16 2846 0 -1 0 -59.264 53.280 -921.174 -60.602 48.991 -923.350 -58.495 57.973 -917.705 fcn-tree
5356 1 16 2849 0 -1 0 -64.576 45.784 -939.437 -65.614 41.865 -940.004 -63.861 49.779 -938.825 fcn-tree
5357 1 16 2852 0 -1 0 -74.929 54.133 -942.163 -75.745 50.347 -943.240 -73.690 58.172 -941.798 fcn-tree
5358 1 16 2855 0 -1 0 -53.504 39.822 -931.357 -54.639 35.241 -932.916 -51.950 44.748 -928.595 fcn-tree
5359 1 16 2864 0 -1 0 107.153 47.059 -943.247 106.264 42.235 -944.543 108.452 51.816 -941.964 fcn-tree
5360 1 16 2879 0 -1 0 2.057 47.786 -947.475 -0.540 41.854 -950.889 3.750 54.396 -945.342 fcn-tree
5361 1 16 2882 0 -1 0 -17.624 56.864 -962.487 -18.654 49.921 -964.011 -16.825 63.973 -960.465 fcn-tree
5362 1 16 2891 0 -1 0 -43.874 42.752 -997.064 -44.903 35.809 -998.588 -43.074 49.861 -995.042 fcn-tree
5363 1 16 2912 0 -1 0 -47.499 33.145 -1052.193 -48.585 26.501 -1053.677 -45.832 39.808 -1051.097 fcn-tree
5364 1 16 2921 0 -1 0 -34.139 41.532 -1088.678 -35.224 34.888 -1090.161 -32.471 48.195 -1087.582 fcn-tree
5365 1 16 2924 0 -1 0 -30.987 34.451 -1100.682 -32.733 27.722 -1101.526 -29.785 41.678 -1098.988 fcn-tree
5366 1 16 2930 0 -1 0 -50.642 37.557 -1048.791 -53.004 30.038 -1050.503 -49.807 45.553 -1047.537 fcn-tree
5367 1 16 2933 0 -1 0 -54.024 36.568 -1048.651 -56.136 29.356 -1050.526 -50.699 44.488 -1047.980 fcn-tree
5368 1 16 2936 0 -1 0 -79.354 43.475 -965.495 -80.686 39.737 -966.181 -78.520 47.474 -964.189 fcn-tree
5369 1 16 2942 0 -1 0 -75.923 47.118 -958.799 -76.724 41.351 -960.269 -74.332 53.502 -956.381 fcn-tree
5370 1 16 2945 0 -1 0 -91.629 57.102 -970.112 -93.106 51.068 -972.831 -90.532 63.097 -967.622 fcn-tree
5371 1 16 2948 0 -1 0 -90.092 49.901 -977.642 -90.908 46.116 -978.719 -88.853 53.941 -977.276 fcn-tree
5372 1 16 2954 0 -1 0 -88.630 54.660 -983.081 -94.453 48.693 -983.971 -84.235 61.569 -981.151 fcn-tree
5373 1 16 2960 0 -1 0 -99.811 45.283 -1003.280 -100.907 41.479 -1004.575 -99.135 49.126 -1001.604 fcn-tree
5374 1 16 2963 0 -1 0 -98.705 43.653 -996.448 -100.514 39.768 -997.598 -96.951 47.151 -995.401 fcn-tree
5375 1 16 2966 0 -1 0 -108.531 53.756 -1006.583 -109.716 47.748 -1007.762 -107.476 60.040 -1004.142 fcn-tree
5376 1 16 2969 0 -1 0 -100.187 48.083 -992.362 -100.689 44.866 -994.000 -99.076 51.770 -989.748 fcn-tree
5377 1 16 2972 0 -1 0 -102.430 41.862 -1015.443 -103.433 38.514 -1016.899 -101.757 45.647 -1012.987 fcn-tree
5378 1 16 2987 0 -1 0 -104.626 40.890 -1031.675 -106.760 35.056 -1032.356 -103.343 47.322 -1030.251 fcn-tree
5379 1 16 3029 0 -1 0 -105.912 37.463 -1094.419 -106.848 31.673 -1097.112 -104.584 43.756 -1092.839 fcn-tree
5380 1 16 3035 0 -1 0 -117.924 44.300 -1082.976 -120.054 36.515 -1085.038 -116.455 51.819 -1081.618 fcn-tree
5381 1 16 3068 0 -1 0 203.836 48.766 -1253.319 200.150 42.196 -1254.237 206.160 55.664 -1251.342 fcn-tree
5382 1 16 3071 0 -1 0 251.395 56.675 -1239.439 249.744 49.000 -1241.814 253.989 65.050 -1238.104 fcn-tree
5383 1 16 3110 0 -1 0 206.689 49.187 -1287.928 205.940 45.259 -1289.047 207.254 53.427 -1286.177 fcn-tree
5384 1 16 3113 0 -1 0 214.638 42.622 -1301.426 213.838 38.597 -1303.301 215.247 46.765 -1300.254 fcn-tree
5385 1 16 3119 0 -1 0 227.793 47.310 -1316.066 226.434 43.182 -1317.000 228.661 51.511 -1315.113 fcn-tree
5386 1 16 3122 0 -1 0 230.389 39.364 -1312.123 230.144 36.198 -1312.584 231.118 42.786 -1311.472 fcn-tree
5387 1 16 3143 0 -1 0 272.081 49.485 -1335.552 269.723 42.604 -1336.533 273.433 57.071 -1334.048 fcn-tree
5388 1 16 3146 0 -1 0 260.580 48.042 -1328.363 259.901 41.176 -1331.147 261.484 55.562 -1326.581 fcn-tree
5389 1 16 3149 0 -1 0 269.792 47.343 -1333.871 269.175 42.700 -1335.567 270.776 52.230 -1332.763 fcn-tree
5390 1 16 3176 0 -1 0 109.881 47.968 -1129.470 108.676 41.053 -1132.434 110.956 55.300 -1127.617 fcn-tree
5391 1 16 3179 0 -1 0 104.687 40.097 -1170.916 103.196 34.399 -1172.858 106.170 45.637 -1168.979 fcn-tree
5392 1 16 3182 0 -1 0 140.841 49.613 -1188.625 139.334 43.882 -1189.549 142.087 55.487 -1187.407 fcn-tree
5393 1 16 3185 0 -1 0 139.526 48.763 -1187.806 137.949 43.413 -1188.393 141.203 54.297 -1187.068 fcn-tree
5394 1 16 3194 0 -1 0 72.099 46.685 -1178.771 71.260 41.352 -1181.544 72.933 52.500 -1176.986 fcn-tree
5395 1 16 3197 0 -1 0 113.537 55.047 -1182.200 112.089 50.696 -1183.058 114.444 59.267 -1180.844 fcn-tree
5396 1 16 3200 0 -1 0 177.974 49.223 -1207.559 176.680 44.343 -1208.489 179.951 53.950 -1206.087 fcn-tree
5397 1 16 3203 0 -1 0 176.469 48.666 -1207.637 174.803 45.727 -1208.283 178.974 51.979 -1206.841 fcn-tree
5398 1 16 3209 0 -1 0 163.162 45.009 -1195.491 162.411 39.286 -1196.418 164.270 50.912 -1194.008 fcn-tree
5399 1 16 3212 0 -1 0 189.522 43.805 -1216.825 187.788 39.009 -1218.972 191.723 48.258 -1215.577 fcn-tree
5400 1 16 3215 0 -1 0 194.315 48.200 -1237.229 191.794 43.788 -1238.825 195.812 52.932 -1235.104 fcn-tree
5401 1 16 3230 0 -1 0 43.316 48.811 -1128.773 42.276 44.015 -1130.400 44.748 53.566 -1126.804 fcn-tree
5402 1 16 3248 0 -1 0 23.992 46.026 -1181.051 22.950 41.322 -1183.443 25.580 51.223 -1179.939 fcn-tree
5403 1 17 3291 0 -1 0 -53.548 26.553 -978.108 -58.505 22.163 -983.208 -48.770 30.828 -973.422 fcn-bridge
5404 1 17 3325 0 -1 0 316.123 26.724 -1348.856 311.257 22.335 -1354.033 320.850 30.999 -1344.033 fcn-bridge
5405 1 17 3331 0 -1 0 311.714 26.735 -1340.943 307.541 22.344 -1345.558 316.361 31.031 -1336.886 fcn-bridge
5406 1 2 1710 0 -1 0 -88.568 21.098 -1067.272 -90.288 13.051 -1069.477 -85.944 27.458 -1066.006 fcn-rockwall-cliffside
5407 1 25 3439 0 -1 0 137.032 23.199 -581.532 133.904 20.199 -584.642 140.148 26.202 -578.414 fcn-envmap
5408 1 25 3442 0 -1 0 133.568 27.253 -586.590 130.297 24.255 -589.590 136.846 30.247 -583.601 fcn-envmap
5409 1 25 3445 0 -1 0 2.507 27.939 -921.782 -0.841 24.940 -924.834 5.846 30.943 -918.741 fcn-envmap
5410 1 25 3448 0 -1 0 -15.693 31.084 -940.452 -18.995 28.096 -943.487 -12.383 34.075 -937.404 fcn-envmap
5411 1 25 3451 0 -1 0 -47.903 14.638 -988.485 -51.251 11.627 -991.464 -44.563 17.634 -985.507 fcn-envmap
5412 1 25 3454 0 -1 0 -70.309 22.389 -1035.967 -73.151 19.387 -1039.095 -67.467 25.397 -1032.848 fcn-envmap
5413 1 25 3457 0 -1 0 290.406 19.738 -1330.680 287.258 16.859 -1333.765 293.556 22.601 -1327.594 fcn-envmap
5414 0 6 249 0 -1 7643 49.494 30.406 -935.940 48.406 29.906 -937.953 50.718 30.906 -933.844 fcn-crackedfloor-side
5415 1 17 3294 0 -1 0 -62.421 24.024 -1098.812 -67.825 19.278 -1103.977 -58.163 27.990 -1094.975 fcn-bridge
5416 1 17 3302 0 -1 0 -64.970 26.569 -987.618 -69.279 22.205 -991.690 -60.403 30.835 -982.988 fcn-bridge
5417 1 17 3313 0 -1 0 -84.097 25.648 -1052.026 -88.596 20.902 -1055.725 -79.142 29.614 -1048.438 fcn-bridge
5418 1 17 3315 0 -1 0 -96.578 26.336 -1064.746 -101.585 22.079 -1068.525 -92.738 31.082 -1060.002 fcn-bridge
5419 0 6 246 0 -1 7761 38.878 30.406 -934.182 38.234 29.906 -935.594 40.000 30.906 -932.125 fcn-crackedfloor-side
5420 1 16 2981 0 -1 0 -123.978 51.195 -1043.765 -125.885 47.364 -1045.089 -122.801 55.459 -1041.640 fcn-tree
5421 1 2 1658 0 -1 0 154.709 21.098 -567.257 152.226 13.051 -568.574 156.294 27.458 -565.028 fcn-rockwall-cliffside
5422 1 2 1670 0 -1 0 113.652 21.098 -609.896 111.768 13.051 -612.155 116.618 27.458 -608.544 fcn-rockwall-cliffside
5423 1 2 1678 0 -1 0 205.304 20.965 -809.010 204.030 12.918 -810.285 207.499 27.324 -807.060 fcn-rockwall-cliffside
5424 1 2 1682 0 -1 0 191.963 21.098 -808.080 190.026 13.051 -810.351 194.864 27.458 -806.867 fcn-rockwall-cliffside
5425 1 2 1686 0 -1 0 208.709 21.098 -782.408 204.587 13.051 -783.512 211.482 27.458 -780.002 fcn-rockwall-cliffside
5426 1 2 1694 0 -1 0 -55.406 21.098 -1066.598 -57.803 13.051 -1068.700 -53.877 27.458 -1065.809 fcn-rockwall-cliffside
5427 1 2 1702 0 -1 0 -59.993 21.098 -1036.325 -63.142 13.051 -1037.336 -57.764 27.458 -1033.814 fcn-rockwall-cliffside
5428 1 2 1706 0 -1 0 -79.693 21.098 -1033.250 -83.416 13.051 -1034.240 -77.089 27.458 -1030.673 fcn-rockwall-cliffside
5429 1 2 1726 0 -1 0 -54.968 21.098 -1078.253 -58.361 13.051 -1080.491 -53.771 27.458 -1075.467 fcn-rockwall-cliffside
5430 1 2 1730 0 -1 0 -76.980 21.098 -1126.504 -78.036 13.051 -1129.159 -73.974 27.458 -1124.496 fcn-rockwall-cliffside
5431 1 2 1738 0 -1 0 -92.083 21.098 -1093.530 -94.623 13.051 -1094.715 -89.189 27.458 -1090.038 fcn-rockwall-cliffside
5432 1 2 1742 0 -1 0 316.039 21.098 -1309.078 312.919 13.051 -1311.608 316.998 27.458 -1306.400 fcn-rockwall-cliffside
5433 1 2 1758 0 -1 0 302.788 21.098 -1370.292 301.606 13.051 -1372.936 305.879 27.458 -1368.339 fcn-rockwall-cliffside
5434 1 2 1762 0 -1 0 118.867 21.098 -1170.405 117.957 13.051 -1172.634 121.673 27.458 -1167.721 fcn-rockwall-cliffside
5435 1 2 1766 0 -1 0 108.145 21.098 -1149.771 105.454 13.051 -1152.969 109.079 27.458 -1147.403 fcn-rockwall-cliffside
5436 1 4 1891 0 -1 0 -113.719 90.303 -563.879 -123.104 79.058 -573.919 -101.293 106.598 -549.300 bch-beachrock
5437 1 4 1890 0 -1 0 -63.613 90.995 -513.491 -78.790 67.997 -528.173 -50.594 104.672 -500.820 bch-beachrock
5438 1 19 3439 0 -1 0 137.040 23.261 -581.642 133.904 20.199 -584.642 140.148 26.202 -578.414 fcn-precursor-metal-plain-01
5439 1 19 3442 0 -1 0 133.497 27.172 -586.656 130.297 24.255 -589.590 136.846 30.247 -583.601 fcn-precursor-metal-plain-01
5440 1 19 3445 0 -1 0 2.566 28.019 -921.860 -0.841 24.940 -924.834 5.846 30.943 -918.741 fcn-precursor-metal-plain-01
5441 1 19 3448 0 -1 0 -15.764 31.173 -940.398 -18.995 28.096 -943.487 -12.383 34.075 -937.404 fcn-precursor-metal-plain-01
5442 1 19 3451 0 -1 0 -47.844 14.646 -988.596 -51.251 11.627 -991.464 -44.563 17.634 -985.507 fcn-precursor-metal-plain-01
5443 1 19 3454 0 -1 0 -70.260 22.472 -1035.885 -73.151 19.387 -1039.095 -67.467 25.397 -1032.848 fcn-precursor-metal-plain-01
5444 1 19 3457 0 -1 0 290.423 19.762 -1330.557 287.258 16.859 -1333.765 293.556 22.601 -1327.594 fcn-precursor-metal-plain-01
5445 1 2 1714 0 -1 0 -72.894 21.099 -1067.028 -74.614 13.052 -1069.234 -70.270 27.458 -1065.763 fcn-rockwall-cliffside
5446 0 5 246 0 -1 8231 38.852 30.828 -934.189 38.234 30.594 -935.594 40.000 30.906 -932.125 fcn-crackedfloor
5447 0 5 249 0 -1 8293 49.468 30.816 -935.918 48.406 30.547 -937.953 50.718 30.906 -933.844 fcn-crackedfloor
5448 0 5 245 0 -1 8313 31.403 30.836 -936.961 30.609 30.625 -939.016 32.234 30.906 -934.563 fcn-crackedfloor
5449 1 4 1952 0 -1 0 -43.637 71.432 -607.081 -68.948 47.210 -626.238 -21.074 92.087 -578.341 bch-beachrock
5450 1 4 1953 0 -1 0 -67.226 82.260 -604.060 -94.285 57.985 -622.892 -45.068 103.939 -574.413 bch-beachrock
5451 1 4 1954 0 -1 0 -98.957 95.252 -571.291 -110.463 79.768 -580.415 -86.145 107.344 -559.461 bch-beachrock
5452 1 4 1934 0 -1 0 -43.288 112.887 -576.806 -62.508 94.162 -595.479 -31.366 125.244 -555.782 bch-beachrock
5453 1 4 1935 0 -1 0 -35.712 93.494 -574.783 -53.308 77.915 -590.287 -23.556 104.913 -554.314 bch-beachrock
5454 1 4 1936 0 -1 0 -131.621 92.172 -527.790 -139.939 77.438 -547.082 -114.506 105.465 -504.614 bch-beachrock
5455 1 4 1937 0 -1 0 -75.009 93.745 -499.098 -92.724 78.892 -517.801 -57.135 100.103 -484.228 bch-beachrock
5456 1 4 1938 0 -1 0 -58.774 119.745 -566.002 -79.567 102.647 -587.298 -37.751 126.831 -545.995 bch-beachrock
5457 1 4 1939 0 -1 0 -76.570 120.448 -574.603 -89.352 108.162 -589.568 -60.522 126.337 -558.671 bch-beachrock
5458 1 4 1940 0 -1 0 -58.685 112.883 -584.342 -79.141 98.694 -595.315 -42.962 124.999 -566.946 bch-beachrock
5459 1 4 1941 0 -1 0 -53.239 95.130 -595.734 -76.545 79.440 -604.722 -32.681 107.772 -578.396 bch-beachrock
5460 1 4 1942 0 -1 0 -20.820 63.703 -532.053 -43.353 44.117 -555.655 -3.746 77.116 -513.810 bch-beachrock
5461 1 4 1943 0 -1 0 -20.450 51.599 -560.759 -42.982 32.013 -584.361 -3.376 65.011 -542.516 bch-beachrock
5462 1 4 1944 0 -1 0 -26.147 69.923 -552.339 -51.773 50.539 -575.547 -7.163 84.765 -532.194 bch-beachrock
5463 1 4 1945 0 -1 0 -27.954 70.436 -576.323 -50.487 50.850 -599.925 -10.880 83.848 -558.080 bch-beachrock
5464 1 4 1946 0 -1 0 -28.962 59.228 -601.019 -55.019 39.758 -618.175 -12.217 76.069 -582.956 bch-beachrock
5465 1 4 1947 0 -1 0 -37.932 54.009 -503.501 -76.038 25.538 -528.591 -13.446 78.636 -477.086 bch-beachrock
5466 1 4 1950 0 -1 0 -49.643 72.449 -523.322 -71.633 51.757 -546.895 -28.302 84.096 -502.631 bch-beachrock
5467 1 4 1951 0 -1 0 -62.001 64.393 -502.132 -100.107 35.922 -527.221 -37.514 89.020 -475.716 bch-beachrock
5468 1 4 1948 0 -1 0 -50.630 96.911 -539.969 -70.979 73.676 -561.821 -32.778 109.834 -520.621 bch-beachrock
5469 1 4 1949 0 -1 0 -52.180 84.230 -527.713 -71.477 64.066 -549.750 -33.935 95.599 -509.155 bch-beachrock
5470 0 5 244 0 -1 8887 35.891 30.519 -935.933 34.562 30.328 -937.391 37.297 30.640 -934.048 fcn-crackedfloor
5471 1 8 3430 0 -1 0 -25.258 30.725 -180.246 -30.716 29.602 -185.694 -19.800 31.195 -174.778 fcn-painstripe-ground
5472 1 8 3431 0 -1 0 322.984 31.770 -1418.536 317.616 30.647 -1423.892 328.348 32.241 -1413.160 fcn-painstripe-ground
5473 1 25 3430 0 -1 0 -25.258 30.725 -180.246 -30.716 29.602 -185.694 -19.800 31.195 -174.778 fcn-envmap
5474 1 25 3431 0 -1 0 322.984 31.770 -1418.536 317.616 30.647 -1423.892 328.348 32.241 -1413.160 fcn-envmap
5475 1 7 3408 0 -1 0 -20.613 30.694 -180.162 -22.718 29.602 -182.299 -18.380 31.492 -178.027 fcn-precursor-metal-edging-01
5476 1 7 3409 0 -1 0 -29.903 30.694 -180.310 -32.136 29.602 -182.444 -27.798 31.492 -178.172 fcn-precursor-metal-edging-01
5477 1 7 3410 0 -1 0 327.548 31.739 -1417.670 325.478 30.647 -1419.850 329.744 32.538 -1415.584 fcn-precursor-metal-edging-01
5478 1 7 3411 0 -1 0 318.415 31.739 -1419.383 316.220 30.647 -1421.469 320.485 32.538 -1417.203 fcn-precursor-metal-edging-01
5479 1 9 3432 0 -1 0 -25.258 31.003 -180.236 -27.876 30.805 -182.854 -22.640 31.227 -177.618 fcn-precursor-bluelight
5480 1 9 3433 0 -1 0 322.982 32.048 -1418.526 320.391 31.850 -1421.117 325.572 32.272 -1415.936 fcn-precursor-bluelight
5481 1 25 3408 0 -1 0 -20.613 30.694 -180.162 -22.718 29.602 -182.299 -18.380 31.492 -178.027 fcn-envmap
5482 1 25 3409 0 -1 0 -29.903 30.694 -180.310 -32.136 29.602 -182.444 -27.798 31.492 -178.172 fcn-envmap
5483 1 25 3432 0 -1 0 -25.258 31.003 -180.236 -27.876 30.805 -182.854 -22.640 31.227 -177.618 fcn-envmap
5484 1 25 3410 0 -1 0 327.548 31.739 -1417.670 325.478 30.647 -1419.850 329.744 32.538 -1415.584 fcn-envmap
5485 1 25 3411 0 -1 0 318.415 31.739 -1419.383 316.220 30.647 -1421.469 320.485 32.538 -1417.203 fcn-envmap
5486 1 25 3433 0 -1 0 322.982 32.048 -1418.526 320.391 31.850 -1421.117 325.572 32.272 -1415.936 fcn-envmap
5487 1 26 3459 0 -1 0 130.965 30.909 -417.878 129.668 30.909 -419.175 132.262 30.909 -416.581 fcn-ecovalve-grate
5488 1 26 3460 0 -1 0 80.278 31.253 -910.548 78.981 31.253 -911.845 81.575 31.253 -909.251 fcn-ecovalve-grate
5489 1 26 3461 0 -1 0 214.490 31.253 -1187.372 213.194 31.253 -1188.669 215.787 31.253 -1186.075 fcn-ecovalve-grate
5490 1 26 3462 0 -1 0 129.588 31.253 -1165.409 128.291 31.253 -1166.705 130.885 31.253 -1164.112 fcn-ecovalve-grate
5491 1 25 3459 0 -1 0 130.965 30.909 -417.878 129.668 30.909 -419.175 132.262 30.909 -416.581 fcn-envmap
5492 1 25 3460 0 -1 0 80.278 31.253 -910.548 78.981 31.253 -911.845 81.575 31.253 -909.251 fcn-envmap
5493 1 25 3461 0 -1 0 214.490 31.253 -1187.372 213.194 31.253 -1188.669 215.787 31.253 -1186.075 fcn-envmap
5494 1 25 3462 0 -1 0 129.588 31.253 -1165.409 128.291 31.253 -1166.705 130.885 31.253 -1164.112 fcn-envmap
5495 0 4 84 0 -1 9408 -31.238 63.910 -437.043 -31.891 61.141 -438.594 -30.586 66.680 -435.493 bch-beachrock
