MESHIDX 1 darkcave 2511
0 0 20 952 1 0 9528 837.670 49.602 -2995.207 835.875 47.688 -2997.516 839.234 52.234 -2993.094 cv-wall-stal-stripe-02
1 1 33 1428 1 10000 5000 939.490 37.700 -2864.580 938.068 37.316 -2865.036 940.942 38.257 -2864.311 cv-elevator-platform-side-01
2 1 33 1429 1 10000 5000 939.988 37.965 -2866.709 938.455 37.497 -2867.126 941.778 38.777 -2866.432 cv-elevator-platform-side-01
3 1 33 1434 1 10000 5000 934.805 37.833 -2863.880 934.527 37.436 -2865.317 935.121 38.389 -2862.426 cv-elevator-platform-side-01
4 1 33 1435 1 10000 5000 936.987 37.914 -2863.584 936.683 37.436 -2865.129 937.277 38.717 -2861.801 cv-elevator-platform-side-01
5 1 33 1440 1 10000 5000 928.591 37.640 -2864.778 928.321 37.259 -2866.213 928.956 38.194 -2863.323 cv-elevator-platform-side-01
6 1 33 1441 1 10000 5000 930.750 37.908 -2864.432 930.464 37.443 -2865.975 931.068 38.717 -2862.644 cv-elevator-platform-side-01
7 1 33 1446 1 10000 5000 940.018 37.874 -2875.585 938.587 37.462 -2875.921 941.462 38.455 -2875.312 cv-elevator-platform-side-01
8 1 33 1447 1 10000 5000 940.008 38.106 -2877.775 938.477 37.609 -2878.253 941.761 38.947 -2877.468 cv-elevator-platform-side-01
9 1 33 1452 1 10000 5000 940.582 35.844 -2885.818 939.211 35.484 -2886.519 941.951 36.268 -2885.322 cv-elevator-platform-side-01
10 1 33 1453 1 10000 5000 940.328 35.204 -2887.478 938.870 34.794 -2888.456 941.964 35.800 -2886.888 cv-elevator-platform-side-01
11 1 33 1458 1 10000 5000 940.321 37.810 -2881.230 938.899 37.352 -2881.693 941.746 38.361 -2880.945 cv-elevator-platform-side-01
12 1 33 1459 1 10000 5000 940.331 37.312 -2883.376 938.811 36.789 -2884.058 942.054 38.076 -2883.029 cv-elevator-platform-side-01
13 1 33 1464 1 10000 5000 904.990 46.129 -2864.139 904.689 45.609 -2865.534 905.492 46.808 -2862.717 cv-elevator-platform-side-01
14 1 33 1465 1 10000 5000 907.328 46.254 -2863.567 907.012 45.643 -2865.067 907.780 47.211 -2861.826 cv-elevator-platform-side-01
15 1 33 1470 1 10000 5000 915.712 37.923 -2863.906 915.433 37.401 -2865.320 916.038 38.602 -2862.482 cv-elevator-platform-side-01
16 1 33 1471 1 10000 5000 917.891 38.025 -2863.599 917.587 37.412 -2865.113 918.168 38.980 -2861.869 cv-elevator-platform-side-01
17 1 33 1476 1 10000 5000 921.920 37.981 -2863.470 921.622 37.555 -2864.878 922.419 38.563 -2862.052 cv-elevator-platform-side-01
18 1 33 1477 1 10000 5000 924.110 38.035 -2863.694 923.747 37.526 -2865.195 924.801 38.868 -2861.988 cv-elevator-platform-side-01
19 1 33 1482 1 10000 5000 883.466 46.002 -2871.088 883.029 45.483 -2872.434 884.120 46.678 -2869.696 cv-elevator-platform-side-01
20 1 33 1483 1 10000 5000 885.489 46.106 -2870.223 885.081 45.497 -2871.677 886.115 47.058 -2868.504 cv-elevator-platform-side-01
21 1 33 1488 1 10000 5000 888.306 46.119 -2868.867 888.029 45.597 -2870.274 888.708 46.798 -2867.442 cv-elevator-platform-side-01
22 1 33 1489 1 10000 5000 890.463 46.231 -2868.436 890.168 45.619 -2869.946 890.815 47.188 -2866.700 cv-elevator-platform-side-01
23 1 57 1616 1 10000 208 861.689 21.889 -2910.828 861.042 10.166 -2911.793 862.808 30.526 -2908.986 cv-woodpoles
24 0 65 1046 1 10000 6319 876.603 70.709 -2904.642 875.140 69.453 -2907.813 878.328 72.124 -2901.063 cv-prestatue-stone-01lt
25 1 57 1594 1 10000 208 867.571 21.987 -2887.270 866.859 10.248 -2888.020 868.665 30.650 -2886.088 cv-woodpoles
26 1 57 1596 1 10000 208 849.953 21.967 -2885.322 849.221 10.227 -2885.960 850.891 30.626 -2883.829 cv-woodpoles
27 1 57 1598 1 10000 208 849.953 21.967 -2879.187 849.221 10.227 -2879.825 850.891 30.626 -2877.693 cv-woodpoles
28 1 57 1618 1 10000 208 868.064 21.866 -2911.032 866.915 10.140 -2912.088 868.723 30.498 -2908.743 cv-woodpoles
29 1 57 1620 1 10000 208 864.193 21.994 -2926.844 863.118 10.243 -2927.495 864.976 30.662 -2925.462 cv-woodpoles
30 1 57 1622 1 10000 208 868.668 21.985 -2933.062 867.671 10.237 -2933.664 869.661 30.648 -2931.708 cv-woodpoles
31 1 57 1624 1 10000 208 862.522 21.952 -2932.773 861.920 10.230 -2933.438 863.763 30.605 -2931.425 cv-woodpoles
32 1 57 1626 1 10000 208 861.973 21.967 -2889.376 861.240 10.227 -2890.014 862.910 30.626 -2887.882 cv-woodpoles
33 0 65 1041 1 10000 6347 894.454 73.204 -2897.660 892.609 71.922 -2901.094 895.906 74.562 -2894.313 cv-prestatue-stone-01lt
34 0 65 1042 1 10000 6345 888.807 73.529 -2910.107 885.203 72.359 -2911.610 891.906 74.844 -2908.235 cv-prestatue-stone-01lt
35 1 57 1702 1 10000 208 865.627 50.952 -2879.215 865.065 45.675 -2879.671 866.127 56.222 -2878.546 cv-woodpoles
36 0 65 1044 1 10000 7093 882.246 70.385 -2892.197 878.843 69.125 -2894.001 885.609 71.688 -2890.672 cv-prestatue-stone-01lt
37 0 21 72 1 10000 8303 885.972 38.951 -2929.276 872.546 20.453 -2939.547 891.609 77.578 -2923.157 cv-wall-stal-stripe-01
38 0 61 14 1 10000 8366 885.154 74.217 -2900.918 877.359 70.594 -2908.688 892.875 78.156 -2893.156 cv-prestatue-stone-01dk
39 0 25 1044 1 10000 8326 882.977 70.712 -2891.088 881.765 68.921 -2892.172 884.016 72.687 -2890.454 cv-prestatue-stone-01-crack
40 0 18 577 1 10000 8255 938.613 31.612 -2951.366 937.656 31.000 -2952.219 939.578 32.312 -2950.532 cv-wall-02-2x2
41 0 18 496 1 10000 8315 942.308 34.370 -2918.149 941.531 33.422 -2919.047 943.484 35.031 -2917.266 cv-wall-02-2x2
42 0 18 569 1 10000 8319 925.625 31.294 -2941.316 924.625 30.640 -2942.204 926.656 32.046 -2940.438 cv-wall-02-2x2
43 0 18 509 1 10000 8282 858.575 47.318 -2858.748 857.812 46.484 -2859.391 859.547 48.109 -2857.751 cv-wall-02-2x2
44 0 18 511 1 10000 8286 862.138 46.960 -2877.908 861.266 46.343 -2878.766 863.031 47.672 -2877.063 cv-wall-02-2x2
45 0 18 562 1 10000 8289 927.434 34.099 -2922.232 926.469 33.484 -2923.079 928.406 34.797 -2921.406 cv-wall-02-2x2
46 0 18 568 1 10000 8382 938.144 31.719 -2943.107 937.109 30.984 -2944.172 939.171 32.562 -2942.063 cv-wall-02-2x2
47 0 18 575 1 10000 8293 940.526 31.273 -2960.108 939.547 30.500 -2960.844 941.266 31.922 -2959.125 cv-wall-02-2x2
48 0 18 572 1 10000 8292 925.481 34.099 -2939.419 924.515 33.484 -2940.266 926.453 34.797 -2938.594 cv-wall-02-2x2
49 0 18 486 1 10000 8280 942.323 34.681 -2890.974 941.593 33.796 -2891.828 943.421 35.297 -2890.141 cv-wall-02-2x2
50 0 18 503 1 10000 8300 869.872 47.106 -2876.123 868.906 46.500 -2876.969 870.843 47.812 -2875.297 cv-wall-02-2x2
51 0 18 501 1 10000 8308 873.051 47.013 -2866.763 872.218 46.391 -2867.704 873.859 47.719 -2865.813 cv-wall-02-2x2
52 0 18 74 1 10000 8299 926.729 31.425 -2958.714 925.671 30.640 -2959.391 927.500 32.078 -2957.781 cv-wall-02-2x2
53 0 18 505 1 10000 8379 867.024 47.154 -2866.044 866.109 46.469 -2867.110 867.969 47.937 -2864.969 cv-wall-02-2x2
54 0 24 14 1 10000 8523 885.047 102.836 -2894.401 882.640 96.312 -2900.282 889.906 108.843 -2889.172 cv-wall-wave-01
55 0 18 504 1 10000 8441 868.825 47.199 -2865.862 867.765 46.234 -2866.641 869.750 48.172 -2864.703 cv-wall-02-2x2
56 0 25 1046 1 10000 8509 876.036 70.715 -2904.753 874.734 68.984 -2906.672 878.390 73.062 -2902.344 cv-prestatue-stone-01-crack
57 0 18 476 1 10000 8409 919.813 97.643 -2928.325 918.859 96.922 -2929.172 920.781 98.468 -2927.500 cv-wall-02-2x2
58 0 18 576 1 10000 8507 926.791 31.284 -2960.780 925.703 30.265 -2961.797 927.562 32.156 -2959.454 cv-wall-02-2x2
59 0 18 475 1 10000 8525 915.579 97.590 -2925.581 914.312 96.578 -2926.860 916.859 98.453 -2924.766 cv-wall-02-2x2
60 0 18 571 1 10000 8541 924.351 33.934 -2938.443 923.046 32.859 -2939.422 925.312 35.031 -2937.172 cv-wall-02-2x2
61 0 18 510 1 10000 8547 859.961 47.243 -2877.367 858.859 46.453 -2878.657 861.093 48.203 -2876.078 cv-wall-02-2x2
62 0 18 487 1 10000 8549 941.434 34.589 -2893.057 940.531 33.516 -2894.219 942.687 35.547 -2891.891 cv-wall-02-2x2
63 0 18 567 1 10000 8550 924.583 31.656 -2942.767 923.297 30.875 -2943.891 925.875 32.624 -2941.672 cv-wall-02-2x2
64 0 18 490 1 10000 8526 931.842 34.180 -2899.965 930.906 33.312 -2901.000 932.968 35.156 -2898.954 cv-wall-02-2x2
65 0 18 502 1 10000 8548 871.133 47.449 -2853.180 869.844 46.656 -2854.313 872.422 48.422 -2852.078 cv-wall-02-2x2
66 0 18 296 1 10000 8549 928.273 34.247 -2923.885 926.984 33.468 -2925.016 929.562 35.218 -2922.782 cv-wall-02-2x2
67 0 18 495 1 10000 8561 940.871 33.906 -2914.992 939.593 33.125 -2916.126 942.171 34.875 -2913.891 cv-wall-02-2x2
68 0 18 563 1 10000 8549 925.477 34.247 -2934.346 924.187 33.468 -2935.485 926.765 35.218 -2933.250 cv-wall-02-2x2
69 0 18 508 1 10000 8554 859.579 47.169 -2855.034 858.546 46.093 -2855.891 860.875 48.250 -2853.719 cv-wall-02-2x2
70 0 18 494 1 10000 8554 932.435 34.119 -2907.961 931.250 33.281 -2909.094 933.812 35.046 -2906.860 cv-wall-02-2x2
71 0 62 1046 1 10000 8645 876.790 70.907 -2904.989 875.140 69.281 -2907.813 878.734 72.687 -2900.891 cv-prestatue-deco-02
72 0 18 574 1 10000 8595 942.559 31.108 -2960.717 941.234 30.015 -2961.704 943.515 32.250 -2959.422 cv-wall-02-2x2
73 0 62 1042 1 10000 8687 888.711 73.607 -2909.920 885.015 72.015 -2911.610 891.906 75.297 -2907.657 cv-prestatue-deco-02
74 0 62 1041 1 10000 8697 894.260 73.292 -2897.733 891.984 71.703 -2901.188 895.906 75.109 -2894.313 cv-prestatue-deco-02
75 0 62 1044 1 10000 8765 882.306 70.529 -2892.362 878.843 69.046 -2894.391 885.671 72.359 -2890.672 cv-prestatue-deco-02
76 0 60 1041 1 10000 8773 895.141 79.047 -2896.547 894.453 77.671 -2897.907 895.625 81.594 -2895.344 cv-prestatue-tip-01
77 0 60 1046 1 10000 8762 873.880 76.041 -2904.542 873.327 74.719 -2905.719 874.672 78.562 -2903.141 cv-prestatue-tip-01
78 0 60 1044 1 10000 8731 880.759 75.701 -2889.880 879.547 74.375 -2890.656 882.094 78.218 -2889.469 cv-prestatue-tip-01
79 0 60 1042 1 10000 8831 888.259 79.388 -2911.209 886.859 78.015 -2911.672 889.422 81.937 -2910.500 cv-prestatue-tip-01
80 0 25 14 1 10000 8921 887.115 57.489 -2902.009 878.281 44.750 -2909.781 899.000 75.437 -2896.360 cv-prestatue-stone-01-crack
81 0 18 497 1 10000 8699 941.899 34.032 -2910.103 940.859 32.969 -2911.141 943.172 35.297 -2908.829 cv-wall-02-2x2
82 0 21 533 1 10000 9014 858.326 46.708 -2964.593 855.203 33.484 -2967.469 861.781 66.421 -2961.844 cv-wall-stal-stripe-01
83 0 21 485 1 10000 9022 857.276 33.427 -2912.162 854.531 20.250 -2915.079 860.312 53.188 -2908.688 cv-wall-stal-stripe-01
84 0 20 64 1 10000 9034 902.468 50.595 -2927.824 887.984 14.547 -2944.438 916.703 86.547 -2912.360 cv-wall-stal-stripe-02
85 0 18 566 1 10000 8929 924.719 31.160 -2945.475 923.109 29.891 -2946.719 925.937 32.593 -2943.907 cv-wall-02-2x2
86 0 12 2 1 10000 8934 858.857 30.654 -2879.101 858.109 18.625 -2879.734 859.593 42.656 -2878.094 cv-planks-all
87 0 12 1 1 10000 8950 854.672 46.038 -2879.760 854.109 35.609 -2880.250 855.312 56.046 -2878.829 cv-planks-all
88 0 12 0 1 10000 8949 859.506 46.038 -2879.211 858.937 35.609 -2879.703 860.140 56.046 -2878.266 cv-planks-all
89 0 12 4 1 10000 9014 859.057 35.123 -2878.972 858.047 18.546 -2879.719 859.984 52.109 -2878.157 cv-planks-all
90 0 63 14 1 10000 9135 887.879 57.979 -2903.307 878.140 38.062 -2915.641 901.640 79.047 -2893.766 cv-prestatue-deco-03
91 0 22 14 1 10000 9069 885.244 102.533 -2895.860 882.719 99.140 -2900.375 888.156 106.031 -2890.860 cv-wall-wave-02
92 0 72 11 1 10000 9169 865.104 50.692 -2943.680 834.141 8.578 -3010.188 928.140 104.984 -2828.375 cv-wall-02-2x2-bumps
93 0 23 1046 1 10000 9131 875.025 73.195 -2904.250 874.234 69.406 -2905.610 876.984 75.218 -2900.891 cv-prestatue-deco-07
94 0 20 106 1 10000 9153 921.858 55.802 -2935.232 910.656 6.953 -2953.094 934.672 95.297 -2919.297 cv-wall-stal-stripe-02
95 0 67 68 1 10000 9237 931.804 74.218 -2951.315 928.859 70.781 -2953.172 935.922 77.141 -2950.438 cv-wall-02-2x2-high
96 0 20 72 1 10000 9199 881.100 38.526 -2934.481 866.484 1.594 -2948.829 890.734 78.078 -2924.985 cv-wall-stal-stripe-02
97 0 64 14 1 10000 9241 887.861 59.162 -2902.544 881.281 56.859 -2909.219 894.484 61.562 -2895.891 cv-prestatue-deco-05
98 0 12 3 1 10000 9162 854.022 30.654 -2879.651 853.266 18.625 -2880.297 854.750 42.656 -2878.641 cv-planks-all
99 0 22 41 1 10000 9241 904.844 33.063 -2868.879 899.859 30.469 -2874.438 910.781 36.234 -2861.328 cv-wall-wave-02
100 0 21 189 1 10000 9361 843.691 25.874 -2904.640 840.093 12.687 -2908.531 847.688 48.656 -2900.375 cv-wall-stal-stripe-01
101 0 20 58 1 10000 9309 888.885 29.598 -2873.551 881.140 16.234 -2880.438 895.750 40.375 -2866.719 cv-wall-stal-stripe-02
102 0 26 1046 1 10000 9139 877.373 72.759 -2904.048 873.327 68.984 -2906.938 879.906 78.562 -2901.156 cv-rustymetal-01
103 0 20 82 1 10000 9307 865.788 30.895 -2989.279 857.765 15.468 -2995.235 871.844 44.218 -2981.781 cv-wall-stal-stripe-02
104 0 18 11 1 10000 9210 891.162 55.579 -2916.584 822.265 0.328 -3020.891 964.953 123.812 -2826.547 cv-wall-02-2x2
105 0 20 181 1 10000 9282 851.547 44.482 -2873.500 849.375 37.859 -2876.110 853.937 50.187 -2870.562 cv-wall-stal-stripe-02
106 0 69 9 1 10000 9294 939.798 76.500 -2863.071 935.906 68.859 -2867.688 947.859 85.031 -2856.579 cv-wallbumps-all-02
107 0 73 181 1 10000 9450 855.154 48.252 -2874.347 851.046 46.750 -2878.907 859.781 49.296 -2869.672 cv-wall-to-ground-01
108 0 20 38 1 10000 9359 934.747 20.475 -2883.485 929.952 7.672 -2887.719 942.734 31.656 -2877.828 cv-wall-stal-stripe-02
109 0 19 9 1 10000 9190 941.295 78.114 -2862.370 935.968 68.937 -2865.891 945.375 88.453 -2855.125 cv-wallbumps-all
110 0 59 14 1 10000 9443 885.467 71.602 -2901.145 870.390 56.000 -2914.844 898.640 84.453 -2886.204 cv-prestatue-deco-01
111 0 18 61 1 10000 9309 864.817 12.402 -2898.696 858.047 -5.719 -2905.672 872.062 38.687 -2892.062 cv-wall-02-2x2
112 0 22 64 1 10000 9469 894.780 82.823 -2929.765 892.218 81.656 -2933.312 897.390 84.156 -2925.859 cv-wall-wave-02
113 0 21 9 1 10000 9353 944.703 44.718 -2861.622 935.984 32.172 -2871.141 955.484 62.578 -2851.516 cv-wall-stal-stripe-01
114 0 28 181 1 10000 9263 855.792 49.377 -2874.736 851.359 49.031 -2878.907 859.781 49.578 -2870.235 cv-cavefloor-01-2x2
115 0 21 68 1 10000 9427 933.152 88.182 -2954.842 923.984 53.031 -2964.110 942.234 108.047 -2945.391 cv-wall-stal-stripe-01
116 0 26 14 1 10000 9281 886.239 69.116 -2901.552 868.421 38.640 -2915.063 899.875 86.812 -2884.297 cv-rustymetal-01
117 0 12 5 1 10000 9335 854.223 35.123 -2879.522 853.219 18.546 -2880.266 855.141 52.109 -2878.704 cv-planks-all
118 0 21 237 1 10000 9426 867.431 100.493 -2949.624 865.656 98.219 -2950.860 869.344 102.718 -2948.360 cv-wall-stal-stripe-01
119 0 66 11 1 10000 9274 903.707 86.874 -2931.661 833.687 33.281 -3003.250 957.781 121.047 -2852.766 cv-wall-bumps-01
120 0 26 1044 1 10000 9298 882.172 72.100 -2892.938 879.515 68.703 -2895.547 885.344 78.218 -2889.500 cv-rustymetal-01
121 0 22 63 1 10000 9416 913.228 117.419 -2950.766 907.656 110.234 -2956.453 920.234 126.015 -2945.032 cv-wall-wave-02
122 0 20 237 1 10000 9474 869.024 98.658 -2945.103 864.562 90.656 -2952.297 872.046 107.765 -2940.235 cv-wall-stal-stripe-02
123 0 20 61 1 10000 9485 866.427 23.396 -2899.982 858.047 11.578 -2905.500 872.125 32.984 -2892.062 cv-wall-stal-stripe-02
124 0 18 237 1 10000 9505 874.241 100.193 -2946.021 867.875 91.406 -2956.000 881.718 110.422 -2937.204 cv-wall-02-2x2
125 0 46 1120 1 10000 9461 859.344 47.644 -2879.366 858.734 47.109 -2879.750 860.203 48.187 -2878.844 cv-supportrope-01
126 0 46 1122 1 10000 9461 854.511 47.644 -2879.913 853.906 47.109 -2880.297 855.359 48.187 -2879.391 cv-supportrope-01
127 0 46 1123 1 10000 9349 858.892 30.016 -2878.903 858.109 29.593 -2879.672 859.703 30.453 -2878.094 cv-supportrope-01
128 0 46 1124 1 10000 9356 854.056 30.016 -2879.453 853.266 29.593 -2880.219 854.875 30.453 -2878.641 cv-supportrope-01
129 0 20 9 1 10000 9478 945.704 49.543 -2863.183 935.187 16.890 -2871.422 958.297 76.641 -2851.032 cv-wall-stal-stripe-02
130 0 19 64 1 10000 9536 907.022 55.053 -2930.530 894.812 46.625 -2940.641 916.328 62.078 -2912.360 cv-wallbumps-all
131 0 21 82 1 10000 9484 864.806 27.413 -2989.918 858.500 18.421 -2994.329 871.578 40.437 -2984.438 cv-wall-stal-stripe-01
132 0 18 485 1 10000 9579 857.297 26.727 -2912.448 853.797 7.968 -2916.157 861.484 55.719 -2908.954 cv-wall-02-2x2
133 0 46 1125 1 10000 9422 858.857 26.406 -2878.754 858.000 25.937 -2879.532 859.781 26.875 -2878.063 cv-supportrope-01
134 0 46 1126 1 10000 9421 854.022 26.406 -2879.306 853.156 25.937 -2880.094 854.937 26.875 -2878.610 cv-supportrope-01
135 0 22 533 1 10000 9593 857.237 14.524 -2965.107 849.468 3.515 -2972.141 865.187 68.672 -2958.672 cv-wall-wave-02
136 0 22 485 1 10000 9596 857.569 1.309 -2913.338 850.203 -9.704 -2921.110 864.468 55.437 -2905.547 cv-wall-wave-02
137 0 21 14 1 10000 9337 873.610 98.134 -2891.367 855.281 64.344 -2918.391 905.750 114.624 -2873.891 cv-wall-stal-stripe-01
138 0 20 189 1 10000 9568 844.079 28.204 -2905.124 839.141 6.781 -2910.375 849.656 43.031 -2899.579 cv-wall-stal-stripe-02
139 0 20 63 1 10000 9443 913.551 119.027 -2950.519 905.625 104.234 -2957.328 919.906 131.859 -2944.907 cv-wall-stal-stripe-02
140 0 20 485 1 10000 9597 857.475 34.220 -2912.224 853.797 14.344 -2916.157 861.484 49.156 -2908.954 cv-wall-stal-stripe-02
141 0 19 68 1 10000 9366 930.197 72.150 -2957.763 927.453 65.265 -2963.797 935.172 77.156 -2952.328 cv-wallbumps-all
142 0 20 14 1 10000 9308 877.782 106.850 -2896.819 854.547 82.515 -2920.203 910.906 121.187 -2871.782 cv-wall-stal-stripe-02
143 0 18 82 1 10000 9468 864.189 24.528 -2988.282 857.765 5.484 -2995.063 870.765 50.297 -2981.719 cv-wall-02-2x2
144 0 28 231 1 10000 9313 889.391 80.612 -2978.524 884.265 80.609 -2984.234 895.265 80.640 -2974.422 cv-cavefloor-01-2x2
145 0 20 41 1 10000 9483 909.255 16.601 -2867.535 901.187 2.781 -2874.860 916.734 42.343 -2861.094 cv-wall-stal-stripe-02
146 0 50 1145 1 10000 9743 861.844 62.319 -2937.621 861.437 39.484 -2938.000 862.250 85.266 -2937.250 cv-villagepole-new-wood
147 0 50 1130 1 10000 9704 917.237 81.828 -2955.057 916.828 59.031 -2955.438 917.640 104.828 -2954.688 cv-villagepole-new-wood
148 0 18 181 1 10000 9478 853.487 44.548 -2873.931 849.375 40.546 -2877.328 858.844 47.609 -2869.672 cv-wall-02-2x2
149 0 18 570 1 10000 9015 925.835 31.273 -2956.370 924.687 29.765 -2958.032 927.359 32.250 -2955.063 cv-wall-02-2x2
150 0 26 1041 1 10000 9382 893.293 74.852 -2897.891 890.828 71.312 -2900.876 895.766 81.594 -2895.047 cv-rustymetal-01
151 0 18 492 1 10000 9163 932.399 34.257 -2902.657 930.719 32.749 -2904.438 934.453 35.531 -2900.860 cv-wall-02-2x2
152 0 18 180 1 10000 9164 858.496 47.246 -2852.247 856.765 45.812 -2853.735 860.500 48.624 -2850.438 cv-wall-02-2x2
153 0 26 1042 1 10000 9367 888.280 74.901 -2909.178 885.266 71.594 -2911.547 891.000 81.937 -2906.578 cv-rustymetal-01
154 0 50 1138 1 10000 9719 917.237 34.936 -2955.057 916.828 11.046 -2955.438 917.640 59.062 -2954.688 cv-villagepole-new-wood
155 0 20 533 1 10000 9605 858.308 47.402 -2964.746 854.469 27.578 -2968.891 861.125 62.406 -2960.750 cv-wall-stal-stripe-02
156 0 18 500 1 10000 9087 867.388 47.255 -2863.545 865.890 46.031 -2865.032 868.875 48.609 -2861.735 cv-wall-02-2x2
157 0 18 527 1 10000 9094 924.273 97.079 -2933.060 922.734 96.000 -2934.844 925.625 98.546 -2931.485 cv-wall-02-2x2
158 0 18 491 1 10000 9129 942.069 34.164 -2912.477 940.531 33.000 -2914.094 943.688 35.609 -2910.594 cv-wall-02-2x2
159 0 18 564 1 10000 9131 939.710 33.833 -2934.127 938.125 32.266 -2935.563 941.125 35.250 -2932.204 cv-wall-02-2x2
160 0 18 565 1 10000 9136 942.969 31.563 -2951.129 941.375 30.000 -2952.563 944.390 32.984 -2949.219 cv-wall-02-2x2
161 0 25 1041 1 10000 9378 894.370 72.261 -2896.855 893.078 71.312 -2898.438 895.734 74.031 -2895.376 cv-prestatue-stone-01-crack
162 0 30 11 1 10000 9597 861.408 47.449 -2862.390 854.828 46.937 -2872.328 868.953 47.766 -2849.672 cv-floorfringe-02-2x2
163 0 29 11 1 10000 9670 858.681 47.659 -2853.050 847.922 47.625 -2857.860 872.937 47.672 -2848.813 cv-floorfringe-01-2x2
164 0 24 82 1 10000 9603 864.980 43.362 -2988.444 858.828 37.062 -2994.047 871.781 49.516 -2982.751 cv-wall-wave-01
165 0 23 14 1 10000 9477 885.084 74.913 -2900.874 876.719 70.703 -2908.954 892.953 78.249 -2892.516 cv-prestatue-deco-07
166 0 69 11 1 10000 9475 889.122 63.474 -2920.837 830.093 19.578 -3019.016 960.656 115.609 -2830.204 cv-wallbumps-all-02
167 0 69 64 1 10000 9569 910.382 53.441 -2932.050 900.000 44.578 -2941.797 914.672 60.781 -2916.609 cv-wallbumps-all-02
168 0 24 231 1 10000 9600 888.099 43.875 -2978.428 881.890 40.656 -2983.594 894.922 46.156 -2973.172 cv-wall-wave-01
169 0 22 61 1 10000 9635 864.562 24.875 -2898.932 858.047 7.203 -2905.328 871.234 36.125 -2892.062 cv-wall-wave-02
170 0 22 82 1 10000 9629 864.918 40.720 -2988.829 857.765 34.109 -2995.391 871.500 47.343 -2981.797 cv-wall-wave-02
171 0 24 63 1 10000 9667 913.951 123.549 -2950.934 907.656 120.109 -2956.453 919.828 127.109 -2945.032 cv-wall-wave-01
172 0 27 11 1 10000 9434 900.206 40.024 -2888.358 851.875 11.703 -2938.297 943.859 47.890 -2847.782 cv-floorfringe-03-2x2
173 0 46 1121 1 10000 9448 859.047 39.367 -2879.160 857.906 38.343 -2879.907 860.187 40.406 -2878.126 cv-supportrope-01
174 0 46 1127 1 10000 9452 854.212 39.367 -2879.708 853.078 38.343 -2880.454 855.343 40.406 -2878.672 cv-supportrope-01
175 0 24 38 1 10000 9591 937.250 21.250 -2880.481 930.828 7.031 -2887.344 944.468 33.703 -2874.391 cv-wall-wave-01
176 0 21 61 1 10000 9640 865.269 19.112 -2900.877 858.781 9.656 -2904.594 871.859 29.203 -2894.719 cv-wall-stal-stripe-01
177 0 23 1041 1 10000 9535 895.127 76.459 -2896.984 893.906 73.828 -2898.000 895.766 78.031 -2896.172 cv-prestatue-deco-07
178 0 24 68 1 10000 9596 935.328 81.843 -2957.240 931.046 80.234 -2961.453 939.640 83.781 -2953.047 cv-wall-wave-01
179 0 23 1042 1 10000 9537 888.567 76.787 -2911.010 887.688 74.172 -2911.547 889.578 78.359 -2909.813 cv-prestatue-deco-07
180 0 23 1044 1 10000 9538 881.368 73.258 -2890.627 880.609 70.578 -2891.735 882.437 74.906 -2890.141 cv-prestatue-deco-07
181 0 22 38 1 10000 9597 936.571 10.597 -2880.423 927.828 1.937 -2886.797 942.640 19.265 -2874.282 cv-wall-wave-02
182 0 24 41 1 10000 9556 910.248 29.586 -2867.288 902.516 27.031 -2872.953 916.437 32.406 -2861.141 cv-wall-wave-01
183 0 22 9 1 10000 9636 947.972 35.238 -2861.471 941.859 28.921 -2867.828 954.468 40.969 -2855.282 cv-wall-wave-02
184 0 24 58 1 10000 9567 889.139 21.298 -2874.346 880.468 6.500 -2881.719 896.046 45.015 -2867.766 cv-wall-wave-01
185 0 27 106 1 10000 9496 919.885 96.074 -2932.674 913.812 93.875 -2940.985 927.141 97.609 -2924.062 cv-floorfringe-03-2x2
186 0 68 11 1 10000 9559 902.120 73.983 -2924.180 831.500 29.953 -3004.391 956.672 116.281 -2849.297 cv-wall-bumps-merge-01
187 0 67 11 1 10000 9499 868.928 65.344 -2929.470 832.969 15.594 -3008.532 935.953 106.078 -2829.328 cv-wall-02-2x2-high
188 0 22 237 1 10000 9653 874.009 104.516 -2946.130 864.546 91.391 -2956.000 881.718 112.093 -2935.078 cv-wall-wave-02
189 0 22 68 1 10000 9650 935.070 78.610 -2957.105 929.062 76.921 -2963.297 941.422 80.281 -2951.157 cv-wall-wave-02
190 0 18 76 1 10000 9608 889.566 27.204 -2959.769 881.531 -0.547 -2968.688 896.797 62.484 -2950.297 cv-wall-02-2x2
191 0 22 189 1 10000 9690 843.537 14.420 -2905.264 839.640 -6.719 -2909.907 847.688 50.797 -2900.375 cv-wall-wave-02
192 0 22 231 1 10000 9516 888.987 55.141 -2979.062 881.890 38.531 -2983.594 894.922 78.047 -2973.172 cv-wall-wave-02
193 0 24 76 1 10000 9572 889.184 39.789 -2959.757 882.953 -0.172 -2966.562 894.937 61.656 -2954.469 cv-wall-wave-01
194 0 24 61 1 10000 9594 864.435 27.509 -2897.872 859.062 10.859 -2904.312 870.203 38.297 -2891.984 cv-wall-wave-01
195 0 18 106 1 10000 9451 922.754 58.548 -2934.616 912.624 11.656 -2953.235 935.031 95.203 -2919.422 cv-wall-02-2x2
196 0 27 231 1 10000 9472 889.493 78.713 -2979.524 884.265 76.296 -2984.532 895.265 80.640 -2974.422 cv-floorfringe-03-2x2
197 0 71 11 1 10000 9512 851.833 58.726 -2957.643 829.422 23.625 -3011.047 962.687 103.641 -2856.875 cv-wallbumps-all-high02
198 0 24 106 1 10000 9567 920.832 61.281 -2937.920 914.141 44.374 -2952.781 930.640 84.250 -2926.297 cv-wall-wave-01
199 0 73 11 1 10000 9751 915.175 35.393 -2911.568 847.109 27.109 -2962.625 944.718 47.672 -2848.813 cv-wall-to-ground-01
200 0 24 64 1 10000 9514 902.792 44.044 -2932.115 891.093 39.281 -2943.719 913.765 47.265 -2922.672 cv-wall-wave-01
201 0 20 68 1 10000 9520 932.439 90.601 -2953.698 923.109 58.672 -2964.609 942.703 113.484 -2944.907 cv-wall-stal-stripe-02
202 0 24 72 1 10000 9610 879.535 39.231 -2936.821 867.391 23.156 -2946.422 891.375 72.109 -2928.203 cv-wall-wave-01
203 0 21 64 1 10000 9602 903.376 49.202 -2930.435 889.484 21.531 -2939.547 914.734 84.156 -2916.938 cv-wall-stal-stripe-01
204 0 71 64 1 10000 9597 904.183 52.069 -2940.992 898.828 46.625 -2944.110 908.453 56.891 -2936.188 cv-wallbumps-all-high02
205 0 20 11 1 10000 9516 885.679 59.331 -2921.833 823.797 5.671 -3021.156 960.172 118.062 -2829.516 cv-wall-stal-stripe-02
206 0 21 106 1 10000 9618 921.202 44.251 -2931.534 911.390 8.718 -2951.407 929.656 90.640 -2922.594 cv-wall-stal-stripe-01
207 0 20 47 1 10000 9608 901.320 22.850 -2891.089 873.672 7.453 -2904.391 921.921 51.156 -2875.250 cv-wall-stal-stripe-02
208 0 18 189 1 10000 9697 843.993 22.651 -2905.418 839.141 0.422 -2910.766 849.656 50.797 -2899.579 cv-wall-02-2x2
209 0 21 41 1 10000 9774 909.050 11.286 -2867.845 902.578 7.234 -2874.297 915.640 16.875 -2862.313 cv-wall-stal-stripe-01
210 0 22 76 1 10000 9544 889.020 43.066 -2959.967 881.531 -0.406 -2967.688 896.359 59.625 -2953.422 cv-wall-wave-02
211 0 18 231 1 10000 9607 890.338 23.964 -2977.330 882.406 2.250 -2982.406 897.906 73.406 -2969.766 cv-wall-02-2x2
212 0 70 11 1 10000 9493 859.390 58.855 -2937.845 826.531 23.593 -3013.110 922.515 115.609 -2834.812 cv-wallbumps-all-high
213 0 18 533 1 10000 9696 858.042 40.654 -2964.674 854.469 21.203 -2968.891 861.125 68.953 -2960.750 cv-wall-02-2x2
214 0 58 14 1 10000 9459 886.045 68.542 -2901.710 862.953 38.062 -2919.422 903.250 91.187 -2879.297 cv-prestatue-deco-04
215 0 21 76 1 10000 9594 889.390 38.316 -2962.401 882.047 26.375 -2967.563 897.547 52.406 -2955.016 cv-wall-stal-stripe-01
216 0 70 64 1 10000 9577 908.929 60.077 -2915.479 905.140 55.703 -2919.985 912.640 62.640 -2912.360 cv-wallbumps-all-high
217 0 20 76 1 10000 9546 890.699 44.634 -2961.309 881.531 21.500 -2968.501 897.500 56.468 -2953.172 cv-wall-stal-stripe-02
218 0 22 58 1 10000 9641 888.467 8.334 -2874.461 881.327 -1.469 -2883.485 896.062 33.843 -2866.547 cv-wall-wave-02
219 0 28 11 1 10000 9442 912.928 38.355 -2903.623 854.390 34.453 -2940.672 940.343 47.890 -2847.876 cv-cavefloor-01-2x2
220 0 19 11 1 10000 9505 868.134 61.070 -2935.188 822.171 8.515 -3021.188 964.984 115.609 -2827.657 cv-wallbumps-all
221 0 18 41 1 10000 9572 908.235 23.627 -2867.679 899.859 -1.688 -2874.610 916.734 44.781 -2861.094 cv-wall-02-2x2
222 0 22 106 1 10000 9478 923.884 65.888 -2939.908 910.656 53.188 -2953.391 935.031 71.375 -2922.141 cv-wall-wave-02
223 0 24 9 1 10000 9643 945.443 62.708 -2861.669 935.187 52.578 -2870.047 956.000 69.344 -2852.891 cv-wall-wave-01
224 0 50 1132 1 10000 9815 922.257 81.935 -2960.190 921.859 59.031 -2960.579 922.656 104.828 -2959.812 cv-villagepole-new-wood
225 0 68 68 1 10000 9594 934.603 109.152 -2957.198 923.109 100.406 -2968.719 945.078 117.109 -2944.907 cv-wall-bumps-merge-01
226 0 18 72 1 10000 9476 879.344 44.682 -2936.990 869.812 9.156 -2945.578 890.734 85.734 -2926.532 cv-wall-02-2x2
227 0 50 1143 1 10000 9851 861.846 62.376 -2942.750 861.453 39.484 -2943.141 862.250 85.266 -2942.360 cv-villagepole-new-wood
228 0 50 1144 1 10000 9851 866.864 62.376 -2937.625 866.468 39.484 -2938.016 867.265 85.266 -2937.235 cv-villagepole-new-wood
229 0 50 1134 1 10000 9815 892.574 70.405 -2985.184 892.172 47.625 -2985.578 892.968 93.422 -2984.797 cv-villagepole-new-wood
230 0 50 1147 1 10000 9851 866.867 62.440 -2942.754 866.468 39.484 -2943.141 867.265 85.266 -2942.375 cv-villagepole-new-wood
231 0 21 38 1 10000 9575 934.980 23.289 -2884.095 930.484 18.297 -2887.016 941.312 27.749 -2881.610 cv-wall-stal-stripe-01
232 0 50 1129 1 10000 9815 922.258 81.935 -2955.063 921.859 59.031 -2955.453 922.656 104.828 -2954.672 cv-villagepole-new-wood
233 0 50 1136 1 10000 9815 887.547 70.519 -2985.180 887.141 47.625 -2985.562 887.953 93.422 -2984.797 cv-villagepole-new-wood
234 0 18 68 1 10000 9490 936.272 91.665 -2958.954 923.109 58.812 -2968.625 945.952 114.781 -2944.907 cv-wall-02-2x2
235 0 68 9 1 10000 9654 941.524 96.796 -2861.969 931.375 93.422 -2873.735 952.671 101.453 -2852.391 cv-wall-bumps-merge-01
236 0 21 58 1 10000 9620 888.811 32.178 -2875.584 883.125 26.609 -2879.656 893.266 35.969 -2869.907 cv-wall-stal-stripe-01
237 0 24 237 1 10000 9633 873.298 113.422 -2945.737 864.609 109.984 -2954.719 882.203 116.203 -2935.078 cv-wall-wave-01
238 0 50 1140 1 10000 9830 922.257 35.048 -2960.190 921.859 11.046 -2960.579 922.656 59.062 -2959.812 cv-villagepole-new-wood
239 0 24 11 1 10000 9476 906.255 59.002 -2896.781 831.125 19.687 -3003.188 963.484 95.672 -2848.766 cv-wall-wave-01
240 0 50 1142 1 10000 9830 922.258 35.048 -2955.063 921.859 11.046 -2955.453 922.656 59.062 -2954.672 cv-villagepole-new-wood
241 0 21 47 1 10000 9634 901.718 15.449 -2890.035 871.328 -2.063 -2902.953 923.453 57.843 -2873.891 cv-wall-stal-stripe-01
242 0 18 38 1 10000 9644 936.513 18.882 -2879.970 925.891 -3.281 -2887.719 945.609 34.437 -2873.235 cv-wall-02-2x2
243 0 18 63 1 10000 9532 912.507 115.643 -2951.666 903.781 107.391 -2959.563 920.234 122.453 -2943.812 cv-wall-02-2x2
244 0 22 72 1 10000 9542 879.596 49.568 -2936.580 871.343 45.344 -2945.516 888.093 57.656 -2927.907 cv-wall-wave-02
245 0 28 106 1 10000 9474 919.599 97.609 -2932.619 914.015 97.609 -2940.985 927.141 97.609 -2924.219 cv-cavefloor-01-2x2
246 0 21 11 1 10000 9486 895.922 61.532 -2926.765 827.250 15.250 -3018.547 959.187 107.734 -2829.532 cv-wall-stal-stripe-01
247 0 23 1047 1 10000 9627 870.352 77.650 -2893.646 868.187 75.124 -2895.969 873.734 79.515 -2892.313 cv-prestatue-deco-07
248 0 23 1045 1 10000 9629 877.172 81.107 -2914.018 875.671 78.156 -2915.594 879.703 83.328 -2911.344 cv-prestatue-deco-07
249 0 23 1040 1 10000 9629 897.470 84.017 -2906.727 895.015 80.875 -2907.860 898.875 86.500 -2904.953 cv-prestatue-deco-07
250 0 23 1043 1 10000 9630 890.647 80.557 -2886.355 889.047 77.687 -2889.594 891.937 82.734 -2884.329 cv-prestatue-deco-07
251 0 18 58 1 10000 9575 887.919 24.717 -2876.410 879.640 13.422 -2885.188 896.718 45.718 -2866.828 cv-wall-02-2x2
252 0 21 231 1 10000 9530 889.828 47.100 -2977.472 885.671 26.546 -2981.234 893.875 69.546 -2973.828 cv-wall-stal-stripe-01
253 0 18 9 1 10000 9545 946.369 64.878 -2861.560 931.375 20.312 -2873.735 958.390 94.000 -2851.032 cv-wall-02-2x2
254 0 66 68 1 10000 9673 935.919 118.074 -2957.145 925.062 105.156 -2967.734 944.640 130.141 -2947.579 cv-wall-bumps-01
255 0 22 11 1 10000 9543 888.323 66.827 -2899.065 831.125 19.359 -2997.078 963.547 111.953 -2854.313 cv-wall-wave-02
256 0 66 9 1 10000 9497 942.602 103.366 -2862.258 933.437 98.172 -2871.938 951.375 108.062 -2853.501 cv-wall-bumps-01
257 0 53 14 1 10000 9694 882.211 89.489 -2899.580 860.468 80.656 -2920.203 903.250 99.297 -2876.797 cv-prestatue-deco-06
258 0 20 231 1 10000 9608 890.100 43.004 -2977.444 883.297 19.437 -2982.641 893.875 73.249 -2972.938 cv-wall-stal-stripe-02
259 0 26 1083 1 10000 9486 897.797 86.271 -2906.682 895.609 85.031 -2908.500 899.625 87.953 -2904.672 cv-rustymetal-01
260 0 26 1086 1 10000 9609 890.568 82.678 -2885.609 888.546 81.734 -2887.844 892.328 84.078 -2883.672 cv-rustymetal-01
261 0 26 1101 1 10000 9595 876.469 83.235 -2914.365 874.531 82.250 -2916.204 878.484 84.656 -2912.125 cv-rustymetal-01
262 0 26 1097 1 10000 9600 869.324 79.636 -2893.231 867.359 78.953 -2895.251 871.531 80.609 -2891.328 cv-rustymetal-01
263 0 50 1133 1 10000 9855 887.554 70.519 -2990.313 887.156 47.625 -2990.704 887.953 93.422 -2989.922 cv-villagepole-new-wood
264 0 50 1128 1 10000 9855 917.239 81.935 -2960.188 916.843 59.031 -2960.579 917.640 104.828 -2959.797 cv-villagepole-new-wood
265 0 50 1137 1 10000 9855 892.575 70.519 -2990.313 892.172 47.625 -2990.688 892.984 93.422 -2989.938 cv-villagepole-new-wood
266 0 50 1141 1 10000 9860 917.239 35.048 -2960.188 916.843 11.046 -2960.579 917.640 59.062 -2959.797 cv-villagepole-new-wood
267 0 18 14 1 10000 9606 876.444 121.005 -2896.172 839.468 81.687 -2930.532 921.265 141.781 -2860.735 cv-wall-02-2x2
268 0 18 64 1 10000 9507 902.118 38.373 -2929.084 887.984 2.609 -2947.610 917.875 90.484 -2913.453 cv-wall-02-2x2
269 0 18 47 1 10000 9626 898.138 20.662 -2902.319 873.578 -3.079 -2918.375 921.218 51.765 -2877.579 cv-wall-02-2x2
270 0 16 7 0 -1 0 889.090 67.062 -2960.319 885.625 65.921 -2963.782 892.547 68.203 -2956.860 cv-villpole-bottom
271 0 16 6 0 -1 0 864.390 43.906 -2898.824 860.921 42.766 -2902.282 867.859 45.047 -2895.360 cv-villpole-bottom
272 0 16 8 0 -1 0 864.594 55.468 -2988.495 861.140 54.328 -2991.954 868.062 56.609 -2985.032 cv-villpole-bottom
273 0 71 264 0 -1 0 840.889 84.399 -2992.248 840.250 79.906 -2992.610 841.327 88.046 -2990.719 cv-wallbumps-all-high02
274 0 18 265 0 -1 0 840.761 100.455 -2991.039 839.875 96.000 -2991.938 841.687 108.515 -2990.001 cv-wall-02-2x2
275 0 18 264 0 -1 0 840.462 87.379 -2991.610 838.625 77.750 -2992.547 841.312 92.031 -2990.344 cv-wall-02-2x2
276 0 72 696 0 -1 0 846.651 49.290 -2952.994 845.140 47.562 -2953.641 848.218 51.437 -2952.532 cv-wall-02-2x2-bumps
277 0 20 806 0 -1 0 847.941 70.849 -2870.145 846.781 69.734 -2871.656 849.359 71.766 -2868.297 cv-wall-stal-stripe-02
278 0 20 814 0 -1 0 869.086 66.635 -2870.143 866.875 65.625 -2873.266 870.875 68.047 -2868.141 cv-wall-stal-stripe-02
279 0 20 388 0 -1 0 918.793 25.306 -2905.243 917.750 23.922 -2907.250 920.781 26.375 -2903.985 cv-wall-stal-stripe-02
280 0 27 181 0 -1 0 854.181 46.996 -2877.788 852.390 46.750 -2878.438 855.781 47.172 -2877.000 cv-floorfringe-03-2x2
281 0 20 868 0 -1 0 858.541 42.612 -2876.332 856.578 41.703 -2877.172 859.765 43.281 -2875.641 cv-wall-stal-stripe-02
282 0 19 264 0 -1 0 839.755 82.866 -2991.524 837.062 77.750 -2992.594 841.093 90.078 -2988.547 cv-wallbumps-all
283 0 18 15 0 -1 0 903.828 84.187 -2854.482 903.172 83.156 -2857.110 904.218 85.593 -2853.610 cv-wall-02-2x2
284 0 18 26 0 -1 0 869.286 59.698 -2861.125 868.390 57.625 -2861.922 871.500 61.624 -2859.547 cv-wall-02-2x2
285 0 18 44 0 -1 0 908.802 50.515 -2858.302 907.781 49.281 -2859.922 909.422 50.906 -2857.422 cv-wall-02-2x2
286 0 18 56 0 -1 0 852.218 55.958 -2861.865 851.328 53.672 -2864.250 852.828 57.672 -2860.453 cv-wall-02-2x2
287 0 18 57 0 -1 0 866.393 31.591 -2873.107 864.718 30.734 -2873.813 867.015 33.093 -2871.922 cv-wall-02-2x2
288 0 18 60 0 -1 0 882.971 16.765 -2877.354 882.015 15.094 -2878.469 883.593 18.922 -2875.594 cv-wall-02-2x2
289 0 18 67 0 -1 0 902.911 91.106 -2985.691 901.031 90.094 -2987.626 904.656 91.344 -2983.969 cv-wall-02-2x2
290 0 18 135 0 -1 0 864.052 112.057 -2894.170 861.875 108.828 -2895.078 866.187 115.297 -2892.438 cv-wall-02-2x2
291 0 18 192 0 -1 0 834.213 40.427 -2909.742 832.750 39.609 -2910.641 834.719 41.656 -2908.282 cv-wall-02-2x2
292 0 18 202 0 -1 0 922.489 94.161 -2929.417 921.453 92.797 -2929.907 923.562 95.203 -2928.250 cv-wall-02-2x2
293 0 18 246 0 -1 0 831.578 64.380 -2937.552 830.703 62.734 -2939.532 832.687 66.046 -2935.625 cv-wall-02-2x2
294 0 18 267 0 -1 0 839.802 87.685 -2999.602 837.500 85.609 -3000.032 841.453 89.609 -2998.688 cv-wall-02-2x2
295 0 18 289 0 -1 0 836.479 47.560 -2994.315 834.546 45.624 -2996.078 837.687 48.578 -2993.094 cv-wall-02-2x2
296 0 18 304 0 -1 0 843.734 47.015 -2930.922 841.703 45.546 -2932.110 845.953 48.187 -2929.469 cv-wall-02-2x2
297 0 18 311 0 -1 0 833.700 31.539 -2968.198 831.109 29.640 -2968.985 836.265 33.468 -2967.594 cv-wall-02-2x2
298 0 18 331 0 -1 0 935.953 60.568 -2927.360 935.468 59.734 -2928.735 937.093 61.969 -2925.922 cv-wall-02-2x2
299 0 18 332 0 -1 0 948.096 63.195 -2907.979 947.156 62.375 -2909.766 949.172 63.766 -2906.578 cv-wall-02-2x2
300 0 18 357 0 -1 0 838.521 74.734 -2905.847 836.656 73.562 -2906.532 839.094 75.687 -2904.234 cv-wall-02-2x2
301 0 18 372 0 -1 0 942.562 46.154 -2864.071 941.562 45.484 -2865.110 944.187 46.703 -2862.547 cv-wall-02-2x2
302 0 18 391 0 -1 0 873.445 44.718 -2861.133 873.000 43.609 -2862.547 875.109 45.609 -2860.141 cv-wall-02-2x2
303 0 18 477 0 -1 0 935.383 83.583 -2900.807 932.531 81.421 -2902.126 936.609 84.999 -2899.704 cv-wall-02-2x2
304 0 18 484 0 -1 0 873.471 110.492 -2918.524 871.859 109.078 -2918.860 874.156 112.875 -2917.344 cv-wall-02-2x2
305 0 18 488 0 -1 0 936.557 1.117 -2886.664 934.984 -0.641 -2887.266 938.141 2.015 -2885.532 cv-wall-02-2x2
306 0 18 499 0 -1 0 913.940 20.932 -2894.058 912.734 19.890 -2895.750 915.671 21.859 -2892.438 cv-wall-02-2x2
307 0 18 513 0 -1 0 840.804 35.304 -2902.615 839.781 33.031 -2905.844 842.672 36.594 -2901.563 cv-wall-02-2x2
308 0 18 518 0 -1 0 857.299 43.088 -2914.961 855.265 41.203 -2916.000 859.437 44.094 -2913.344 cv-wall-02-2x2
309 0 18 538 0 -1 0 842.409 63.596 -2934.998 841.062 61.891 -2935.656 843.687 65.437 -2934.562 cv-wall-02-2x2
310 0 18 573 0 -1 0 920.547 22.357 -2934.172 920.093 21.718 -2936.078 922.328 23.593 -2933.328 cv-wall-02-2x2
311 0 19 598 0 -1 0 832.971 83.927 -2898.440 832.640 81.843 -2899.953 833.171 85.781 -2896.813 cv-wallbumps-all
312 0 19 246 0 -1 0 831.578 64.380 -2937.552 830.703 62.734 -2939.532 832.687 66.046 -2935.625 cv-wallbumps-all
313 0 19 606 0 -1 0 842.784 55.408 -2975.990 842.375 54.109 -2977.813 843.609 56.078 -2974.282 cv-wallbumps-all
314 0 19 256 0 -1 0 843.435 56.067 -2969.544 841.156 54.125 -2970.719 845.140 58.015 -2969.126 cv-wallbumps-all
315 0 19 422 0 -1 0 891.677 71.677 -2998.704 891.281 70.140 -3000.360 892.859 73.734 -2997.344 cv-wallbumps-all
316 0 19 655 0 -1 0 888.067 87.867 -2854.852 887.141 86.578 -2856.953 888.687 89.594 -2853.875 cv-wallbumps-all
317 0 19 699 0 -1 0 836.674 51.000 -2960.318 834.719 49.609 -2962.876 839.703 51.875 -2959.797 cv-wallbumps-all
318 0 20 809 0 -1 0 865.192 63.711 -2848.594 864.375 62.609 -2849.688 866.437 65.062 -2847.125 cv-wall-stal-stripe-02
319 0 20 810 0 -1 0 867.700 63.718 -2845.821 866.312 62.609 -2847.203 868.734 65.062 -2844.876 cv-wall-stal-stripe-02
320 0 20 812 0 -1 0 856.645 57.419 -2834.844 855.265 56.578 -2835.422 857.171 58.093 -2832.859 cv-wall-stal-stripe-02
321 0 20 815 0 -1 0 866.578 67.882 -2865.078 865.828 66.375 -2866.812 867.531 68.812 -2864.328 cv-wall-stal-stripe-02
322 0 20 816 0 -1 0 851.448 62.560 -2849.242 849.984 61.422 -2850.563 852.453 63.844 -2847.391 cv-wall-stal-stripe-02
323 0 20 818 0 -1 0 838.125 67.888 -2879.367 836.578 67.078 -2880.625 839.047 69.094 -2878.657 cv-wall-stal-stripe-02
324 0 20 135 0 -1 0 863.559 112.500 -2893.977 860.859 110.953 -2895.078 866.187 115.297 -2892.438 cv-wall-stal-stripe-02
325 0 20 827 0 -1 0 876.466 96.005 -2916.396 874.359 95.578 -2918.562 877.625 96.765 -2914.782 cv-wall-stal-stripe-02
326 0 20 359 0 -1 0 835.724 70.859 -2909.972 833.422 69.891 -2911.297 836.797 71.703 -2908.313 cv-wall-stal-stripe-02
327 0 20 371 0 -1 0 835.062 70.706 -2913.732 832.500 69.593 -2914.344 836.500 71.562 -2912.312 cv-wall-stal-stripe-02
328 0 20 844 0 -1 0 941.252 50.562 -2864.618 940.156 49.765 -2865.578 942.093 51.625 -2862.657 cv-wall-stal-stripe-02
329 0 20 845 0 -1 0 939.961 58.000 -2866.297 938.781 56.687 -2867.688 941.328 59.109 -2864.266 cv-wall-stal-stripe-02
330 0 20 856 0 -1 0 921.739 33.716 -2911.558 919.719 31.828 -2912.797 923.969 34.593 -2910.626 cv-wall-stal-stripe-02
331 0 20 867 0 -1 0 921.346 25.653 -2912.206 920.062 24.515 -2914.157 922.062 26.312 -2911.047 cv-wall-stal-stripe-02
332 0 20 387 0 -1 0 918.172 24.721 -2915.154 917.281 23.656 -2916.500 919.468 26.250 -2913.297 cv-wall-stal-stripe-02
333 0 20 869 0 -1 0 864.070 42.747 -2879.229 863.219 41.578 -2879.703 865.390 43.609 -2877.719 cv-wall-stal-stripe-02
334 0 20 879 0 -1 0 843.242 45.940 -2885.102 842.562 45.047 -2886.157 844.390 47.078 -2883.797 cv-wall-stal-stripe-02
335 0 20 192 0 -1 0 834.604 39.099 -2909.597 832.750 37.672 -2910.641 835.500 40.172 -2908.282 cv-wall-stal-stripe-02
336 0 20 884 0 -1 0 932.013 112.224 -2948.169 930.703 110.812 -2950.047 933.359 113.390 -2946.188 cv-wall-stal-stripe-02
337 0 20 888 0 -1 0 926.174 80.664 -2932.146 925.266 78.531 -2932.782 926.937 81.937 -2930.907 cv-wall-stal-stripe-02
338 0 20 891 0 -1 0 939.700 94.312 -2948.670 937.390 92.937 -2950.484 940.750 95.797 -2947.250 cv-wall-stal-stripe-02
339 0 20 892 0 -1 0 933.466 94.625 -2947.617 931.422 92.937 -2948.547 935.187 95.499 -2946.703 cv-wall-stal-stripe-02
340 0 20 893 0 -1 0 932.448 100.422 -2947.711 930.297 97.828 -2949.234 934.140 101.390 -2946.812 cv-wall-stal-stripe-02
341 0 20 900 0 -1 0 931.195 64.302 -2946.253 929.672 63.453 -2947.501 933.062 64.844 -2944.422 cv-wall-stal-stripe-02
342 0 20 907 0 -1 0 893.828 49.518 -2964.954 892.203 48.969 -2965.501 894.984 50.515 -2964.078 cv-wall-stal-stripe-02
343 0 20 910 0 -1 0 872.278 93.953 -2941.529 871.937 92.672 -2943.125 872.890 95.421 -2940.547 cv-wall-stal-stripe-02
344 0 20 430 0 -1 0 840.620 78.969 -2948.591 839.406 77.875 -2949.891 843.062 79.609 -2947.891 cv-wall-stal-stripe-02
345 0 20 918 0 -1 0 891.018 45.781 -2966.662 890.156 44.843 -2967.954 892.062 46.609 -2965.485 cv-wall-stal-stripe-02
346 0 20 304 0 -1 0 843.286 46.942 -2931.776 841.703 45.546 -2932.672 844.047 47.297 -2931.016 cv-wall-stal-stripe-02
347 0 20 924 0 -1 0 871.401 98.070 -2995.542 869.812 96.781 -2996.829 872.875 98.937 -2994.594 cv-wall-stal-stripe-02
348 0 20 925 0 -1 0 880.765 81.515 -2999.055 879.219 80.859 -3000.719 881.890 82.719 -2997.328 cv-wall-stal-stripe-02
349 0 20 767 0 -1 0 861.023 60.817 -3004.003 858.625 60.078 -3006.079 862.672 62.218 -3003.407 cv-wall-stal-stripe-02
350 0 20 223 0 -1 0 909.669 45.250 -2936.719 908.797 44.094 -2938.000 911.156 46.640 -2935.313 cv-wall-stal-stripe-02
351 0 20 573 0 -1 0 920.776 21.231 -2934.276 920.203 20.218 -2936.078 922.328 21.765 -2933.328 cv-wall-stal-stripe-02
352 0 20 465 0 -1 0 877.216 30.841 -2993.185 876.406 29.812 -2994.203 878.890 31.953 -2991.516 cv-wall-stal-stripe-02
353 0 20 958 0 -1 0 919.211 63.234 -2856.454 918.859 62.000 -2857.282 920.500 64.031 -2854.938 cv-wall-stal-stripe-02
354 0 20 155 0 -1 0 951.745 45.830 -2867.539 950.109 44.422 -2868.751 953.500 46.453 -2866.157 cv-wall-stal-stripe-02
355 0 20 967 0 -1 0 928.164 59.987 -2937.373 926.609 59.140 -2937.860 929.093 60.859 -2936.516 cv-wall-stal-stripe-02
356 0 20 973 0 -1 0 912.192 55.145 -2854.039 910.812 54.640 -2855.578 912.969 55.750 -2853.000 cv-wall-stal-stripe-02
357 0 20 974 0 -1 0 900.724 99.739 -2910.409 898.515 98.828 -2911.063 902.578 100.890 -2908.422 cv-wall-stal-stripe-02
358 0 20 981 0 -1 0 841.429 25.872 -2901.336 840.109 24.843 -2904.110 843.422 27.843 -2900.531 cv-wall-stal-stripe-02
359 0 20 514 0 -1 0 843.059 29.817 -2909.529 839.953 27.953 -2910.766 847.031 31.203 -2906.235 cv-wall-stal-stripe-02
360 0 20 992 0 -1 0 884.760 63.052 -2931.961 884.250 62.328 -2934.626 886.343 63.672 -2930.797 cv-wall-stal-stripe-02
361 0 22 1021 0 -1 0 868.401 37.575 -2876.162 867.375 36.609 -2877.469 870.406 38.672 -2874.703 cv-wall-wave-02
362 0 24 1056 0 -1 0 903.528 31.302 -2870.514 902.516 30.422 -2871.907 905.187 31.766 -2868.360 cv-wall-wave-01
363 0 24 1061 0 -1 0 866.958 87.763 -3000.511 865.406 87.094 -3001.422 869.625 88.671 -2997.735 cv-wall-wave-01
364 0 24 1071 0 -1 0 884.182 9.883 -2876.805 883.187 7.609 -2878.157 884.500 12.719 -2875.297 cv-wall-wave-01
365 0 59 1159 0 -1 0 885.471 60.971 -2906.703 884.687 60.031 -2906.969 886.734 61.875 -2905.782 cv-prestatue-deco-01
366 0 59 1160 0 -1 0 889.627 60.781 -2898.008 888.344 59.843 -2898.922 890.390 61.656 -2897.562 cv-prestatue-deco-01
367 0 59 1161 0 -1 0 891.809 61.872 -2904.375 890.875 60.968 -2905.157 892.140 62.843 -2903.094 cv-prestatue-deco-01
368 0 59 1162 0 -1 0 883.284 59.880 -2900.336 882.781 58.890 -2901.610 884.203 60.703 -2899.532 cv-prestatue-deco-01
369 0 69 559 0 -1 0 887.151 64.281 -2998.995 886.625 63.609 -2999.844 888.687 65.609 -2997.312 cv-wallbumps-all-02
370 0 18 149 0 -1 0 839.343 107.711 -2879.995 838.890 105.531 -2881.079 840.312 109.797 -2879.469 cv-wall-02-2x2
371 0 18 355 0 -1 0 844.091 66.953 -2928.906 842.750 65.781 -2929.562 846.453 68.156 -2928.438 cv-wall-02-2x2
372 0 18 218 0 -1 0 920.682 53.065 -2926.979 919.062 52.422 -2927.782 922.000 53.593 -2926.328 cv-wall-02-2x2
373 0 18 411 0 -1 0 931.127 69.929 -2961.568 930.000 68.750 -2962.203 932.421 70.843 -2961.235 cv-wall-02-2x2
374 0 20 783 0 -1 0 912.252 71.776 -2863.586 911.421 71.203 -2865.360 913.265 73.234 -2861.438 cv-wall-stal-stripe-02
375 0 20 786 0 -1 0 917.677 71.497 -2863.282 916.953 70.703 -2863.876 919.000 72.500 -2861.485 cv-wall-stal-stripe-02
376 0 20 532 0 -1 0 869.890 104.859 -2948.511 868.047 103.984 -2950.188 870.843 106.484 -2947.719 cv-wall-stal-stripe-02
377 0 18 27 0 -1 0 836.979 91.859 -2891.065 836.547 89.953 -2891.953 838.187 93.750 -2890.500 cv-wall-02-2x2
378 0 18 65 0 -1 0 911.192 111.604 -2992.018 909.297 109.593 -2992.579 912.781 113.609 -2990.688 cv-wall-02-2x2
379 0 18 116 0 -1 0 861.565 83.461 -2861.084 860.484 81.093 -2861.594 862.984 85.671 -2859.969 cv-wall-02-2x2
380 0 18 178 0 -1 0 843.122 47.515 -2871.313 842.515 46.874 -2872.156 844.734 49.249 -2870.469 cv-wall-02-2x2
381 0 19 27 0 -1 0 836.979 91.859 -2891.065 836.547 89.953 -2891.953 838.187 93.750 -2890.500 cv-wallbumps-all
382 0 19 65 0 -1 0 911.192 111.604 -2992.018 909.297 109.593 -2992.579 912.781 113.609 -2990.688 cv-wallbumps-all
383 0 20 936 0 -1 0 859.606 74.067 -3009.443 859.046 73.281 -3011.359 860.359 75.328 -3008.391 cv-wall-stal-stripe-02
384 0 18 144 0 -1 0 876.838 104.458 -2911.274 876.390 102.500 -2912.141 877.234 106.343 -2909.563 cv-wall-02-2x2
385 0 20 949 0 -1 0 884.302 32.596 -2957.693 884.031 31.812 -2958.891 884.968 34.078 -2956.204 cv-wall-stal-stripe-02
386 0 20 833 0 -1 0 844.567 76.930 -2885.925 843.750 76.281 -2887.203 846.047 77.531 -2884.344 cv-wall-stal-stripe-02
387 0 18 380 0 -1 0 905.580 41.812 -2865.057 904.344 41.171 -2867.969 907.828 42.624 -2863.812 cv-wall-02-2x2
388 0 18 489 0 -1 0 903.849 33.625 -2852.157 903.250 33.187 -2854.297 905.359 34.312 -2850.734 cv-wall-02-2x2
389 0 20 921 0 -1 0 846.739 48.861 -2927.807 845.062 47.656 -2928.766 847.875 49.562 -2927.157 cv-wall-stal-stripe-02
390 0 20 922 0 -1 0 844.458 55.458 -2932.513 843.156 54.609 -2933.688 846.937 56.812 -2931.875 cv-wall-stal-stripe-02
391 0 68 1204 0 -1 0 853.942 51.916 -2866.566 853.046 51.312 -2867.735 855.515 52.828 -2866.282 cv-wall-bumps-merge-01
392 0 71 222 0 -1 0 905.088 55.216 -2942.440 904.156 53.922 -2943.266 905.327 56.312 -2940.782 cv-wallbumps-all-high02
393 0 20 849 0 -1 0 912.711 49.536 -2858.766 911.172 48.812 -2860.375 913.750 50.125 -2857.938 cv-wall-stal-stripe-02
394 0 20 946 0 -1 0 920.609 25.776 -2934.224 920.156 25.343 -2935.828 922.125 26.593 -2933.360 cv-wall-stal-stripe-02
395 0 20 978 0 -1 0 877.716 49.179 -2863.604 877.000 48.375 -2864.360 878.828 49.953 -2862.141 cv-wall-stal-stripe-02
396 0 22 1022 0 -1 0 841.179 48.888 -2906.425 840.187 47.750 -2908.266 843.328 49.890 -2903.500 cv-wall-wave-02
397 0 17 0 0 -1 0 859.592 35.859 -2879.020 859.078 35.609 -2879.672 860.094 36.047 -2878.453 cv-supportpole-endtri-2x2x2
398 0 19 241 0 -1 0 836.513 76.146 -2959.566 835.687 75.359 -2959.797 838.328 77.609 -2958.907 cv-wallbumps-all
399 0 20 798 0 -1 0 904.885 64.203 -2922.209 904.218 63.593 -2923.532 906.375 64.749 -2921.626 cv-wall-stal-stripe-02
400 0 20 995 0 -1 0 859.812 46.739 -2962.815 858.234 45.656 -2963.922 860.547 48.828 -2961.751 cv-wall-stal-stripe-02
401 0 19 551 0 -1 0 864.177 74.057 -3018.068 863.562 73.203 -3019.047 865.187 74.797 -3016.110 cv-wallbumps-all
402 0 18 319 0 -1 0 897.630 79.427 -2849.951 897.156 77.812 -2850.766 898.359 80.219 -2848.376 cv-wall-02-2x2
403 0 20 878 0 -1 0 887.799 40.346 -2896.383 886.672 39.406 -2897.922 888.422 40.891 -2894.969 cv-wall-stal-stripe-02
404 0 20 871 0 -1 0 850.338 43.409 -2866.935 848.843 41.765 -2868.016 850.937 44.218 -2866.000 cv-wall-stal-stripe-02
405 0 20 940 0 -1 0 856.586 65.359 -2996.159 855.593 64.609 -2997.422 857.015 66.359 -2995.359 cv-wall-stal-stripe-02
406 0 22 1025 0 -1 0 870.781 109.950 -2939.016 870.469 107.937 -2939.750 870.953 111.031 -2937.562 cv-wall-wave-02
407 0 24 1025 0 -1 0 870.744 111.820 -2939.011 870.469 110.921 -2939.750 870.875 113.547 -2937.562 cv-wall-wave-01
408 0 18 10 0 -1 0 957.133 102.745 -2869.758 956.016 101.640 -2870.657 958.453 103.141 -2869.391 cv-wall-02-2x2
409 0 18 283 0 -1 0 842.187 64.784 -2986.459 840.828 64.031 -2986.750 842.609 66.250 -2985.953 cv-wall-02-2x2
410 0 19 778 0 -1 0 851.942 23.700 -3008.438 851.422 21.781 -3009.344 852.703 25.734 -3007.719 cv-wallbumps-all
411 0 22 283 0 -1 0 842.297 63.226 -2986.542 840.828 61.578 -2987.001 842.875 64.062 -2985.953 cv-wall-wave-02
412 0 18 269 0 -1 0 841.731 80.684 -2982.495 841.218 80.000 -2983.469 842.687 82.031 -2981.844 cv-wall-02-2x2
413 0 19 269 0 -1 0 841.940 79.336 -2982.771 841.672 77.984 -2983.469 842.687 80.015 -2981.844 cv-wallbumps-all
414 0 18 424 0 -1 0 885.677 75.763 -2939.834 883.969 75.031 -2940.969 886.812 76.343 -2938.719 cv-wall-02-2x2
415 0 22 228 0 -1 0 899.476 53.427 -2982.344 899.015 52.016 -2983.172 900.437 54.218 -2981.813 cv-wall-wave-02
416 0 18 579 0 -1 0 883.075 22.080 -2936.242 882.500 19.749 -2936.594 883.578 23.421 -2936.047 cv-wall-02-2x2
417 0 24 579 0 -1 0 883.799 24.508 -2935.956 882.500 23.156 -2936.594 884.828 27.031 -2935.485 cv-wall-wave-01
418 0 20 94 0 -1 0 943.896 70.393 -2877.081 942.843 69.593 -2877.501 944.250 71.250 -2876.016 cv-wall-stal-stripe-02
419 0 20 932 0 -1 0 879.187 67.896 -2998.094 878.609 67.250 -2999.125 879.406 69.109 -2997.376 cv-wall-stal-stripe-02
420 0 21 932 0 -1 0 879.057 66.672 -2998.599 878.609 65.437 -2999.125 879.390 67.344 -2998.126 cv-wall-stal-stripe-01
421 0 20 807 0 -1 0 844.976 68.364 -2871.665 843.734 67.656 -2872.219 845.891 69.719 -2871.172 cv-wall-stal-stripe-02
422 0 21 807 0 -1 0 845.804 67.062 -2871.753 845.390 65.812 -2872.219 846.218 67.718 -2871.172 cv-wall-stal-stripe-01
423 0 73 1305 0 -1 0 927.057 33.169 -2912.201 926.703 32.093 -2914.594 927.484 33.656 -2909.922 cv-wall-to-ground-01
424 0 20 850 0 -1 0 913.650 39.820 -2857.357 912.281 38.843 -2858.157 914.500 40.312 -2857.016 cv-wall-stal-stripe-02
425 0 20 852 0 -1 0 923.898 14.997 -2872.607 923.015 13.797 -2873.032 924.734 15.703 -2872.297 cv-wall-stal-stripe-02
426 0 21 852 0 -1 0 923.601 16.299 -2872.623 923.015 15.468 -2873.032 923.843 17.703 -2872.297 cv-wall-stal-stripe-01
427 0 20 928 0 -1 0 842.932 79.700 -2977.828 842.281 78.344 -2978.047 843.297 80.453 -2977.422 cv-wall-stal-stripe-02
428 0 21 928 0 -1 0 843.000 81.054 -2977.828 842.281 80.312 -2978.047 843.500 82.406 -2977.422 cv-wall-stal-stripe-01
429 0 17 1 0 -1 0 854.759 35.859 -2879.572 854.234 35.609 -2880.219 855.250 36.047 -2879.000 cv-supportpole-endtri-2x2x2
430 0 17 2 0 -1 0 859.030 18.625 -2879.016 858.609 18.625 -2879.500 859.453 18.625 -2878.547 cv-supportpole-endtri-2x2x2
431 0 17 3 0 -1 0 854.194 18.625 -2879.564 853.781 18.625 -2880.047 854.609 18.625 -2879.094 cv-supportpole-endtri-2x2x2
432 0 18 12 0 -1 0 952.437 111.317 -2876.318 951.703 111.000 -2877.266 953.484 111.531 -2875.063 cv-wall-02-2x2
433 0 18 13 0 -1 0 915.765 111.385 -2852.052 914.703 111.047 -2852.938 916.500 111.562 -2850.516 cv-wall-02-2x2
434 0 18 16 0 -1 0 908.942 94.953 -2853.526 907.875 93.891 -2854.688 909.828 96.359 -2852.594 cv-wall-02-2x2
435 0 18 17 0 -1 0 910.359 69.750 -2857.589 909.671 68.609 -2858.360 911.609 70.484 -2857.126 cv-wall-02-2x2
436 0 18 19 0 -1 0 866.302 111.260 -2867.052 865.109 110.906 -2868.969 867.765 111.484 -2865.266 cv-wall-02-2x2
437 0 18 20 0 -1 0 871.250 92.265 -2857.386 870.594 91.609 -2857.922 871.593 93.562 -2856.360 cv-wall-02-2x2
438 0 18 21 0 -1 0 865.828 104.198 -2865.922 864.906 104.046 -2867.828 866.922 104.453 -2863.876 cv-wall-02-2x2
439 0 18 22 0 -1 0 880.432 88.234 -2866.693 878.812 87.594 -2867.828 881.406 89.484 -2865.938 cv-wall-02-2x2
440 0 18 23 0 -1 0 880.547 88.344 -2862.261 880.093 87.688 -2863.922 881.265 89.578 -2861.376 cv-wall-02-2x2
441 0 18 24 0 -1 0 880.479 84.734 -2860.594 880.265 84.109 -2861.266 880.812 85.953 -2859.501 cv-wall-02-2x2
442 0 18 28 0 -1 0 836.953 102.812 -2891.693 836.343 101.609 -2892.235 838.031 103.609 -2891.359 cv-wall-02-2x2
443 0 18 29 0 -1 0 839.708 96.067 -2891.256 838.093 95.421 -2892.235 840.578 97.249 -2890.407 cv-wall-02-2x2
444 0 18 30 0 -1 0 836.375 76.130 -2910.792 835.578 75.328 -2911.594 837.328 77.390 -2910.375 cv-wall-02-2x2
445 0 18 31 0 -1 0 836.510 84.088 -2910.959 835.437 82.797 -2911.703 837.453 85.125 -2910.547 cv-wall-02-2x2
446 0 18 32 0 -1 0 838.286 69.776 -2883.464 837.797 68.999 -2885.047 839.141 70.640 -2882.438 cv-wall-02-2x2
447 0 18 33 0 -1 0 836.422 71.099 -2885.537 836.328 69.891 -2886.438 836.547 71.734 -2884.266 cv-wall-02-2x2
448 0 18 34 0 -1 0 837.057 75.442 -2885.860 835.922 75.109 -2887.016 837.953 75.609 -2884.485 cv-wall-02-2x2
449 0 18 35 0 -1 0 832.541 68.343 -2890.016 831.343 67.640 -2890.360 834.672 69.671 -2889.610 cv-wall-02-2x2
450 0 18 36 0 -1 0 824.828 62.828 -2897.964 823.875 62.703 -2898.734 826.640 63.000 -2896.719 cv-wall-02-2x2
451 0 18 37 0 -1 0 959.120 42.979 -2860.953 958.922 41.656 -2863.235 959.312 43.656 -2859.797 cv-wall-02-2x2
452 0 18 39 0 -1 0 937.807 33.302 -2875.865 936.265 33.187 -2876.110 939.328 33.422 -2875.547 cv-wall-02-2x2
453 0 18 40 0 -1 0 937.510 33.484 -2884.713 936.062 33.296 -2885.156 939.000 33.625 -2884.375 cv-wall-02-2x2
454 0 18 42 0 -1 0 914.088 50.375 -2861.250 913.359 49.937 -2861.844 915.156 50.609 -2860.375 cv-wall-02-2x2
455 0 18 43 0 -1 0 907.885 53.333 -2856.901 906.703 52.562 -2857.688 908.641 53.859 -2855.516 cv-wall-02-2x2
456 0 18 45 0 -1 0 909.708 54.479 -2852.860 908.828 54.078 -2853.641 910.812 54.718 -2851.938 cv-wall-02-2x2
457 0 18 46 0 -1 0 901.520 31.567 -2856.912 900.765 31.109 -2857.844 902.265 32.015 -2855.703 cv-wall-02-2x2
458 0 18 48 0 -1 0 954.302 42.500 -2913.771 953.249 41.609 -2914.344 955.593 43.609 -2912.891 cv-wall-02-2x2
459 0 18 49 0 -1 0 955.270 40.166 -2901.626 953.594 39.281 -2902.751 956.109 41.609 -2901.063 cv-wall-02-2x2
460 0 18 50 0 -1 0 873.479 59.000 -2854.157 872.390 57.750 -2855.500 874.875 59.671 -2853.376 cv-wall-02-2x2
461 0 18 51 0 -1 0 874.000 47.614 -2853.323 872.937 47.609 -2854.484 875.453 47.625 -2851.860 cv-wall-02-2x2
462 0 18 52 0 -1 0 853.192 51.026 -2861.287 852.328 49.672 -2861.766 854.890 51.734 -2860.719 cv-wall-02-2x2
463 0 18 53 0 -1 0 854.005 44.182 -2871.605 853.703 43.578 -2872.219 854.390 45.312 -2870.453 cv-wall-02-2x2
464 0 18 54 0 -1 0 852.448 47.010 -2862.646 852.265 45.672 -2863.703 852.797 47.688 -2862.016 cv-wall-02-2x2
465 0 18 55 0 -1 0 857.672 54.995 -2861.464 857.078 53.687 -2862.001 858.687 55.656 -2860.438 cv-wall-02-2x2
466 0 18 59 0 -1 0 883.906 22.078 -2879.927 882.593 20.906 -2880.641 885.844 22.890 -2878.860 cv-wall-02-2x2
467 0 18 62 0 -1 0 842.833 38.120 -2872.094 842.031 36.812 -2873.313 843.609 39.062 -2871.344 cv-wall-02-2x2
468 0 18 69 0 -1 0 933.343 71.344 -2960.558 932.421 70.843 -2961.235 934.516 71.688 -2959.860 cv-wall-02-2x2
469 0 18 71 0 -1 0 895.343 72.771 -2983.594 894.218 72.000 -2984.485 896.640 73.421 -2982.469 cv-wall-02-2x2
470 0 18 73 0 -1 0 883.698 64.416 -2941.521 882.562 64.266 -2942.391 885.000 64.703 -2940.360 cv-wall-02-2x2
471 0 18 75 0 -1 0 925.375 21.328 -2977.771 925.266 20.172 -2978.734 925.546 22.093 -2976.969 cv-wall-02-2x2
472 0 18 78 0 -1 0 848.588 24.734 -2932.636 847.015 24.546 -2933.891 849.656 25.093 -2931.672 cv-wall-02-2x2
473 0 18 79 0 -1 0 842.885 20.333 -2930.844 841.921 19.453 -2931.250 843.422 21.328 -2930.594 cv-wall-02-2x2
474 0 18 80 0 -1 0 888.354 39.802 -2993.433 887.625 39.609 -2995.297 889.640 40.109 -2992.266 cv-wall-02-2x2
475 0 18 81 0 -1 0 886.557 20.401 -2995.177 886.140 19.687 -2996.609 886.968 21.734 -2994.125 cv-wall-02-2x2
476 0 18 83 0 -1 0 944.375 77.307 -2864.271 942.953 76.500 -2865.219 945.375 78.781 -2863.734 cv-wall-02-2x2
477 0 18 85 0 -1 0 951.052 58.588 -2866.823 950.031 58.468 -2867.579 952.203 58.656 -2865.562 cv-wall-02-2x2
478 0 18 86 0 -1 0 941.281 69.463 -2858.688 940.203 68.641 -2859.828 942.359 70.594 -2857.578 cv-wall-02-2x2
479 0 18 87 0 -1 0 922.750 64.614 -2858.412 920.500 64.031 -2859.438 923.875 65.687 -2857.282 cv-wall-02-2x2
480 0 18 88 0 -1 0 917.890 71.703 -2858.459 917.266 71.062 -2859.001 919.109 72.266 -2857.547 cv-wall-02-2x2
481 0 18 89 0 -1 0 923.739 71.067 -2857.932 922.578 70.422 -2858.266 924.375 72.297 -2857.266 cv-wall-02-2x2
482 0 18 90 0 -1 0 935.364 62.625 -2852.636 934.390 61.062 -2853.344 935.906 63.937 -2851.422 cv-wall-02-2x2
483 0 18 91 0 -1 0 928.973 64.943 -2858.500 928.281 64.500 -2860.000 930.250 65.437 -2857.735 cv-wall-02-2x2
484 0 18 92 0 -1 0 933.984 72.328 -2859.136 932.968 71.359 -2859.657 934.781 72.844 -2858.157 cv-wall-02-2x2
485 0 18 95 0 -1 0 923.328 76.609 -2860.490 922.281 76.547 -2861.094 924.047 76.656 -2859.391 cv-wall-02-2x2
486 0 18 96 0 -1 0 936.255 76.463 -2863.870 935.937 74.968 -2864.594 936.750 77.453 -2862.797 cv-wall-02-2x2
487 0 18 97 0 -1 0 904.083 68.276 -2853.985 902.750 67.609 -2853.985 904.750 69.609 -2853.985 cv-wall-02-2x2
488 0 18 98 0 -1 0 900.458 71.041 -2863.849 899.828 69.500 -2864.610 900.984 71.922 -2862.766 cv-wall-02-2x2
489 0 18 99 0 -1 0 905.021 74.948 -2854.188 904.734 73.609 -2855.282 905.281 75.625 -2853.547 cv-wall-02-2x2
490 0 18 100 0 -1 0 908.182 75.172 -2860.579 906.968 74.593 -2860.797 909.250 76.172 -2860.172 cv-wall-02-2x2
491 0 18 102 0 -1 0 910.417 113.948 -2886.276 910.109 111.546 -2888.110 910.906 116.594 -2885.172 cv-wall-02-2x2
492 0 18 103 0 -1 0 906.317 109.989 -2893.834 905.359 108.921 -2895.469 906.859 111.546 -2892.829 cv-wall-02-2x2
493 0 18 105 0 -1 0 892.870 112.385 -2909.360 891.297 111.499 -2910.063 894.171 113.187 -2908.344 cv-wall-02-2x2
494 0 18 107 0 -1 0 931.729 64.291 -2920.276 930.812 63.859 -2921.797 933.078 64.656 -2918.282 cv-wall-02-2x2
495 0 18 108 0 -1 0 911.786 58.005 -2925.240 910.297 57.078 -2925.875 913.218 59.359 -2924.032 cv-wall-02-2x2
496 0 18 110 0 -1 0 880.083 132.067 -2871.552 879.844 130.609 -2873.235 880.375 134.718 -2870.344 cv-wall-02-2x2
497 0 18 111 0 -1 0 847.948 107.359 -2880.219 846.781 106.750 -2881.313 849.203 107.718 -2879.235 cv-wall-02-2x2
498 0 18 112 0 -1 0 854.307 115.489 -2873.271 853.953 115.015 -2874.703 854.516 115.812 -2871.766 cv-wall-02-2x2
499 0 18 113 0 -1 0 861.760 117.323 -2885.401 859.562 117.172 -2886.516 863.203 117.422 -2884.657 cv-wall-02-2x2
500 0 18 115 0 -1 0 875.260 68.104 -2874.271 873.500 67.000 -2874.876 877.656 68.797 -2873.422 cv-wall-02-2x2
501 0 18 117 0 -1 0 877.411 86.838 -2885.881 877.156 85.671 -2887.000 877.797 88.859 -2884.329 cv-wall-02-2x2
502 0 18 119 0 -1 0 876.484 99.713 -2880.177 875.547 98.687 -2880.750 877.375 101.046 -2879.454 cv-wall-02-2x2
503 0 18 120 0 -1 0 849.630 86.276 -2858.136 849.047 85.578 -2859.110 849.968 87.281 -2857.578 cv-wall-02-2x2
504 0 18 121 0 -1 0 840.870 77.036 -2878.704 840.344 76.234 -2879.391 841.578 78.328 -2877.657 cv-wall-02-2x2
505 0 18 122 0 -1 0 842.750 81.219 -2881.891 841.140 80.344 -2882.703 843.625 82.484 -2880.766 cv-wall-02-2x2
506 0 18 123 0 -1 0 842.667 87.541 -2881.823 840.812 86.344 -2882.641 843.625 88.203 -2880.610 cv-wall-02-2x2
507 0 18 124 0 -1 0 857.348 58.984 -2857.537 856.718 57.609 -2858.282 858.390 59.671 -2856.188 cv-wall-02-2x2
508 0 18 125 0 -1 0 859.692 61.036 -2844.297 858.328 60.187 -2844.703 860.375 62.343 -2843.813 cv-wall-02-2x2
509 0 18 126 0 -1 0 857.005 64.000 -2845.073 856.312 63.547 -2845.766 858.343 64.718 -2844.172 cv-wall-02-2x2
510 0 18 127 0 -1 0 841.890 55.041 -2865.943 840.734 53.718 -2866.844 842.468 55.734 -2865.484 cv-wall-02-2x2
511 0 18 128 0 -1 0 836.526 55.109 -2870.292 836.031 53.859 -2870.688 837.515 55.734 -2869.501 cv-wall-02-2x2
512 0 18 130 0 -1 0 842.468 63.068 -2865.724 841.171 62.734 -2866.656 843.765 63.484 -2864.875 cv-wall-02-2x2
513 0 18 131 0 -1 0 850.432 63.047 -2865.021 850.172 61.812 -2865.891 850.797 63.672 -2864.125 cv-wall-02-2x2
514 0 18 132 0 -1 0 861.750 113.875 -2904.448 861.109 112.515 -2905.438 862.093 114.984 -2903.812 cv-wall-02-2x2
515 0 18 133 0 -1 0 867.041 113.651 -2908.672 865.515 113.218 -2909.657 868.312 113.968 -2907.922 cv-wall-02-2x2
516 0 18 134 0 -1 0 862.609 110.312 -2887.365 862.062 107.781 -2887.969 863.562 111.890 -2886.688 cv-wall-02-2x2
517 0 18 136 0 -1 0 868.213 117.364 -2887.021 867.297 115.906 -2888.063 869.203 118.796 -2886.250 cv-wall-02-2x2
518 0 18 137 0 -1 0 879.515 118.203 -2913.646 879.359 116.843 -2914.985 879.812 120.562 -2912.547 cv-wall-02-2x2
519 0 18 138 0 -1 0 855.755 118.359 -2894.479 853.734 116.843 -2894.766 857.718 120.453 -2894.266 cv-wall-02-2x2
520 0 18 139 0 -1 0 861.198 99.521 -2886.584 860.234 98.250 -2887.860 861.750 101.109 -2885.766 cv-wall-02-2x2
521 0 18 140 0 -1 0 870.578 96.333 -2886.839 869.546 94.672 -2887.344 871.172 98.297 -2886.032 cv-wall-02-2x2
522 0 18 141 0 -1 0 888.567 101.036 -2906.829 887.468 100.094 -2907.547 889.156 101.969 -2906.313 cv-wall-02-2x2
523 0 18 142 0 -1 0 878.172 100.120 -2911.625 877.468 98.766 -2912.282 879.203 100.859 -2910.766 cv-wall-02-2x2
524 0 18 143 0 -1 0 889.656 97.635 -2910.552 888.593 97.062 -2911.391 890.953 98.390 -2909.407 cv-wall-02-2x2
525 0 18 145 0 -1 0 833.593 91.094 -2896.344 832.546 89.765 -2896.875 834.219 91.812 -2895.734 cv-wall-02-2x2
526 0 18 146 0 -1 0 848.708 85.562 -2889.094 848.077 84.500 -2889.922 849.937 86.672 -2888.391 cv-wall-02-2x2
527 0 18 147 0 -1 0 847.875 92.218 -2886.964 846.781 91.609 -2888.032 848.859 93.406 -2886.360 cv-wall-02-2x2
528 0 18 148 0 -1 0 840.500 96.479 -2879.625 840.031 95.719 -2880.766 841.312 97.828 -2879.047 cv-wall-02-2x2
529 0 18 150 0 -1 0 842.979 78.338 -2928.214 841.703 77.375 -2929.438 844.594 79.281 -2927.063 cv-wall-02-2x2
530 0 18 151 0 -1 0 852.510 69.666 -2921.334 851.234 68.921 -2921.672 853.859 70.500 -2921.047 cv-wall-02-2x2
531 0 18 152 0 -1 0 825.416 60.156 -2911.323 824.984 59.453 -2912.454 825.734 61.437 -2910.704 cv-wall-02-2x2
532 0 18 153 0 -1 0 847.942 64.078 -2918.058 847.312 63.031 -2918.657 848.734 65.125 -2916.985 cv-wall-02-2x2
533 0 18 154 0 -1 0 840.318 68.437 -2917.604 838.516 67.437 -2918.610 841.281 69.359 -2916.235 cv-wall-02-2x2
534 0 18 155 0 -1 0 951.177 46.322 -2867.391 950.109 46.187 -2868.282 952.203 46.453 -2866.157 cv-wall-02-2x2
535 0 18 156 0 -1 0 958.770 38.948 -2858.662 958.547 37.609 -2859.719 958.890 39.625 -2856.579 cv-wall-02-2x2
536 0 18 157 0 -1 0 917.927 43.390 -2856.229 917.015 42.031 -2856.797 919.719 44.359 -2855.688 cv-wall-02-2x2
537 0 18 159 0 -1 0 925.026 19.979 -2885.511 923.422 19.406 -2885.953 926.812 20.500 -2885.219 cv-wall-02-2x2
538 0 18 160 0 -1 0 930.151 29.364 -2878.693 928.500 28.594 -2879.672 931.109 29.906 -2877.454 cv-wall-02-2x2
539 0 18 161 0 -1 0 911.619 7.593 -2888.464 911.109 4.953 -2889.484 912.156 9.672 -2887.610 cv-wall-02-2x2
540 0 18 162 0 -1 0 942.791 46.265 -2895.375 941.671 45.281 -2896.016 943.515 46.906 -2894.391 cv-wall-02-2x2
541 0 18 163 0 -1 0 956.291 48.333 -2893.203 955.906 45.937 -2895.188 956.672 50.250 -2890.625 cv-wall-02-2x2
542 0 18 164 0 -1 0 946.838 49.229 -2919.880 946.094 48.297 -2920.094 948.062 50.781 -2919.656 cv-wall-02-2x2
543 0 18 165 0 -1 0 947.500 38.411 -2925.511 947.093 37.266 -2926.344 948.281 39.328 -2924.172 cv-wall-02-2x2
544 0 18 166 0 -1 0 944.343 16.333 -2929.657 943.593 15.640 -2929.735 945.843 17.672 -2929.500 cv-wall-02-2x2
545 0 18 167 0 -1 0 913.317 50.953 -2928.682 913.062 48.609 -2929.406 913.594 52.172 -2927.282 cv-wall-02-2x2
546 0 18 169 0 -1 0 895.390 32.213 -2863.959 894.343 31.547 -2864.344 895.922 33.516 -2863.500 cv-wall-02-2x2
547 0 18 170 0 -1 0 883.979 34.838 -2864.599 883.375 33.609 -2865.453 884.641 35.562 -2863.688 cv-wall-02-2x2
548 0 18 172 0 -1 0 898.859 32.588 -2862.365 898.234 31.797 -2862.938 899.250 33.500 -2861.266 cv-wall-02-2x2
549 0 18 173 0 -1 0 867.927 31.781 -2874.240 866.984 31.187 -2874.812 869.015 32.906 -2873.813 cv-wall-02-2x2
550 0 18 174 0 -1 0 871.323 38.937 -2871.990 869.969 37.672 -2872.422 872.344 39.719 -2871.672 cv-wall-02-2x2
551 0 18 175 0 -1 0 847.010 42.447 -2850.683 846.265 41.109 -2850.985 848.453 43.124 -2850.376 cv-wall-02-2x2
552 0 18 176 0 -1 0 856.203 43.818 -2828.224 854.953 43.078 -2828.469 856.875 45.297 -2827.984 cv-wall-02-2x2
553 0 18 177 0 -1 0 857.573 48.296 -2828.771 857.000 47.625 -2828.813 858.719 49.640 -2828.688 cv-wall-02-2x2
554 0 18 179 0 -1 0 847.541 44.520 -2868.995 846.828 43.687 -2869.516 848.843 45.656 -2868.016 cv-wall-02-2x2
555 0 18 182 0 -1 0 838.099 50.614 -2883.646 837.266 49.468 -2884.782 838.531 51.391 -2882.766 cv-wall-02-2x2
556 0 18 183 0 -1 0 840.281 50.974 -2875.521 839.781 50.031 -2876.594 840.687 51.749 -2874.954 cv-wall-02-2x2
557 0 18 184 0 -1 0 842.343 45.880 -2882.927 841.093 45.672 -2883.797 843.375 46.125 -2882.360 cv-wall-02-2x2
558 0 18 185 0 -1 0 834.047 54.312 -2894.063 832.969 53.312 -2894.297 835.312 55.531 -2893.688 cv-wall-02-2x2
559 0 18 186 0 -1 0 827.776 55.979 -2897.547 826.172 55.906 -2898.297 828.953 56.031 -2896.312 cv-wall-02-2x2
560 0 18 187 0 -1 0 834.229 43.052 -2888.464 832.953 42.672 -2889.266 835.671 43.484 -2887.766 cv-wall-02-2x2
561 0 18 188 0 -1 0 845.140 49.896 -2905.891 843.671 49.468 -2906.563 846.250 50.562 -2904.735 cv-wall-02-2x2
562 0 18 190 0 -1 0 835.218 46.890 -2911.323 835.140 45.624 -2912.344 835.281 47.593 -2910.453 cv-wall-02-2x2
563 0 18 191 0 -1 0 835.562 44.318 -2913.682 835.375 43.625 -2914.344 835.656 45.624 -2912.360 cv-wall-02-2x2
564 0 18 193 0 -1 0 832.547 40.349 -2905.604 831.234 39.812 -2906.313 833.578 40.640 -2904.312 cv-wall-02-2x2
565 0 18 194 0 -1 0 842.041 22.963 -2882.010 841.093 21.609 -2882.734 842.531 23.656 -2881.641 cv-wall-02-2x2
566 0 18 195 0 -1 0 831.953 22.958 -2912.552 831.406 21.625 -2913.204 833.000 23.625 -2912.016 cv-wall-02-2x2
567 0 18 198 0 -1 0 929.619 112.812 -2951.287 928.203 112.109 -2952.000 930.703 113.390 -2950.047 cv-wall-02-2x2
568 0 18 199 0 -1 0 926.187 98.198 -2952.422 925.437 97.516 -2954.891 926.656 99.531 -2950.844 cv-wall-02-2x2
569 0 18 200 0 -1 0 926.338 96.922 -2960.042 925.266 96.500 -2962.329 926.875 97.187 -2958.672 cv-wall-02-2x2
570 0 18 201 0 -1 0 913.088 116.745 -2946.438 912.328 116.094 -2946.766 914.000 117.234 -2945.797 cv-wall-02-2x2
571 0 18 203 0 -1 0 920.385 91.739 -2929.568 919.547 91.124 -2929.672 921.625 92.937 -2929.484 cv-wall-02-2x2
572 0 18 204 0 -1 0 923.245 91.692 -2930.532 923.078 91.124 -2931.750 923.547 92.797 -2929.907 cv-wall-02-2x2
573 0 18 205 0 -1 0 927.599 75.812 -2964.990 926.718 75.281 -2965.610 929.093 76.296 -2964.141 cv-wall-02-2x2
574 0 18 207 0 -1 0 925.974 83.218 -2965.631 924.812 82.593 -2966.672 926.828 83.922 -2965.000 cv-wall-02-2x2
575 0 18 208 0 -1 0 918.463 88.354 -2982.750 918.359 87.468 -2984.219 918.609 89.750 -2981.922 cv-wall-02-2x2
576 0 18 209 0 -1 0 922.276 77.109 -2939.422 921.249 76.750 -2941.047 923.547 77.766 -2938.376 cv-wall-02-2x2
577 0 18 210 0 -1 0 919.432 81.531 -2942.599 917.781 80.922 -2942.907 921.296 82.015 -2942.157 cv-wall-02-2x2
578 0 18 211 0 -1 0 922.416 81.552 -2946.156 920.140 80.624 -2947.375 923.578 82.312 -2945.453 cv-wall-02-2x2
579 0 18 212 0 -1 0 937.968 83.187 -2951.219 936.702 82.703 -2952.360 939.328 83.906 -2950.172 cv-wall-02-2x2
580 0 18 213 0 -1 0 924.005 79.599 -2928.839 922.781 78.625 -2929.344 924.734 80.312 -2928.485 cv-wall-02-2x2
581 0 18 214 0 -1 0 922.151 71.984 -2924.219 920.797 70.765 -2924.969 924.265 73.828 -2923.438 cv-wall-02-2x2
582 0 18 215 0 -1 0 930.437 50.156 -2947.115 929.656 49.843 -2947.719 931.437 50.437 -2946.219 cv-wall-02-2x2
583 0 18 216 0 -1 0 934.182 71.286 -2952.729 933.250 71.000 -2953.610 934.968 71.812 -2952.219 cv-wall-02-2x2
584 0 18 217 0 -1 0 914.880 54.099 -2936.579 914.234 53.484 -2937.344 915.562 55.156 -2935.078 cv-wall-02-2x2
585 0 18 219 0 -1 0 928.666 57.140 -2946.657 926.875 56.765 -2947.875 929.609 57.468 -2945.282 cv-wall-02-2x2
586 0 18 220 0 -1 0 926.349 55.395 -2945.782 925.125 55.156 -2947.157 927.859 55.703 -2944.610 cv-wall-02-2x2
587 0 18 221 0 -1 0 913.427 50.854 -2934.688 913.093 48.500 -2935.876 913.718 52.062 -2934.079 cv-wall-02-2x2
588 0 18 223 0 -1 0 908.901 47.401 -2937.297 908.453 46.156 -2938.000 909.453 49.406 -2936.594 cv-wall-02-2x2
589 0 18 224 0 -1 0 917.786 64.557 -2982.459 916.672 63.875 -2983.000 918.343 65.874 -2982.188 cv-wall-02-2x2
590 0 18 226 0 -1 0 905.739 60.119 -2977.162 905.703 58.968 -2977.751 905.765 60.968 -2976.063 cv-wall-02-2x2
591 0 18 227 0 -1 0 903.458 60.677 -2977.495 902.812 59.328 -2977.891 904.562 61.437 -2976.907 cv-wall-02-2x2
592 0 18 229 0 -1 0 900.312 61.844 -2984.698 899.015 60.468 -2985.126 902.547 62.594 -2984.469 cv-wall-02-2x2
593 0 18 233 0 -1 0 887.703 72.505 -2976.297 887.094 71.297 -2976.938 888.062 73.281 -2975.656 cv-wall-02-2x2
594 0 18 234 0 -1 0 903.974 59.156 -2988.011 903.547 57.422 -2989.000 904.281 60.625 -2987.391 cv-wall-02-2x2
595 0 18 235 0 -1 0 895.000 56.760 -2997.318 894.218 55.781 -2997.781 896.203 58.141 -2996.531 cv-wall-02-2x2
596 0 18 236 0 -1 0 894.021 63.255 -2996.828 893.484 62.234 -2997.844 894.843 63.766 -2996.141 cv-wall-02-2x2
597 0 18 238 0 -1 0 871.010 93.750 -2946.125 870.516 92.594 -2946.938 871.828 94.953 -2945.688 cv-wall-02-2x2
598 0 18 239 0 -1 0 870.901 104.599 -2953.667 869.156 103.343 -2954.719 872.687 105.484 -2952.297 cv-wall-02-2x2
599 0 18 240 0 -1 0 870.568 109.875 -2946.881 869.500 109.219 -2947.610 871.766 110.422 -2946.141 cv-wall-02-2x2
600 0 18 242 0 -1 0 839.541 75.156 -2961.630 839.078 73.859 -2962.109 840.109 75.937 -2960.703 cv-wall-02-2x2
601 0 18 243 0 -1 0 838.672 96.573 -2962.157 838.250 95.812 -2962.688 839.437 97.999 -2961.297 cv-wall-02-2x2
602 0 18 244 0 -1 0 883.864 46.260 -2963.672 882.968 45.703 -2965.110 884.468 46.906 -2962.797 cv-wall-02-2x2
603 0 18 245 0 -1 0 830.062 63.891 -2942.032 829.875 62.750 -2943.203 830.156 64.500 -2941.407 cv-wall-02-2x2
604 0 18 247 0 -1 0 830.333 67.297 -2940.844 830.156 66.141 -2941.516 830.687 67.890 -2939.532 cv-wall-02-2x2
605 0 18 248 0 -1 0 830.062 68.401 -2942.037 829.875 67.796 -2943.203 830.156 69.546 -2941.422 cv-wall-02-2x2
606 0 18 249 0 -1 0 840.145 53.093 -2927.344 839.515 52.374 -2927.703 840.937 54.156 -2926.829 cv-wall-02-2x2
607 0 18 250 0 -1 0 846.880 60.385 -2936.500 844.859 58.875 -2936.594 849.906 61.234 -2936.328 cv-wall-02-2x2
608 0 18 251 0 -1 0 840.911 58.823 -2948.292 839.781 57.422 -2948.563 843.156 60.437 -2948.110 cv-wall-02-2x2
609 0 18 253 0 -1 0 839.906 59.369 -2965.281 839.203 58.156 -2965.875 840.718 60.125 -2964.344 cv-wall-02-2x2
610 0 18 254 0 -1 0 839.109 52.651 -2969.407 838.125 51.734 -2969.469 840.172 54.093 -2969.282 cv-wall-02-2x2
611 0 18 256 0 -1 0 842.583 55.427 -2969.313 841.156 54.125 -2969.484 843.718 56.109 -2969.126 cv-wall-02-2x2
612 0 18 257 0 -1 0 884.661 98.974 -2989.141 883.500 97.594 -2990.657 885.750 100.296 -2988.251 cv-wall-02-2x2
613 0 18 258 0 -1 0 886.047 104.130 -2987.604 884.984 102.843 -2988.078 887.953 105.594 -2987.297 cv-wall-02-2x2
614 0 18 259 0 -1 0 891.812 103.151 -2996.761 891.547 102.047 -2997.266 892.296 103.734 -2995.828 cv-wall-02-2x2
615 0 18 260 0 -1 0 871.432 102.932 -3001.099 869.484 101.609 -3001.766 872.406 103.609 -2999.891 cv-wall-02-2x2
616 0 18 261 0 -1 0 868.322 103.073 -2993.531 867.437 101.640 -2995.407 869.000 103.953 -2992.547 cv-wall-02-2x2
617 0 18 262 0 -1 0 863.359 95.203 -3004.381 862.640 93.624 -3004.985 863.766 97.093 -3003.626 cv-wall-02-2x2
618 0 18 263 0 -1 0 868.354 87.786 -3007.479 868.203 87.203 -3008.391 868.609 88.718 -3006.032 cv-wall-02-2x2
619 0 18 266 0 -1 0 836.161 92.677 -2993.448 835.250 91.828 -2995.532 837.219 94.031 -2992.203 cv-wall-02-2x2
620 0 18 270 0 -1 0 842.911 91.161 -2975.120 841.578 90.656 -2975.766 844.047 91.515 -2974.110 cv-wall-02-2x2
621 0 18 271 0 -1 0 856.921 109.859 -3007.485 856.172 109.015 -3008.032 857.375 110.312 -3006.422 cv-wall-02-2x2
622 0 18 272 0 -1 0 844.437 99.000 -2995.495 843.547 97.781 -2995.891 845.859 99.609 -2995.172 cv-wall-02-2x2
623 0 18 273 0 -1 0 844.323 96.422 -3001.526 844.265 95.703 -3002.172 844.437 97.765 -3000.344 cv-wall-02-2x2
624 0 18 274 0 -1 0 840.417 100.281 -2998.646 839.672 99.609 -2999.594 841.906 101.609 -2996.751 cv-wall-02-2x2
625 0 18 275 0 -1 0 855.099 86.005 -3000.381 853.734 85.891 -3000.891 856.656 86.093 -2999.360 cv-wall-02-2x2
626 0 18 276 0 -1 0 848.348 70.943 -3007.157 847.656 69.609 -3007.782 849.718 71.609 -3006.704 cv-wall-02-2x2
627 0 18 277 0 -1 0 877.963 71.005 -3003.167 877.219 70.672 -3004.938 878.796 71.375 -3002.282 cv-wall-02-2x2
628 0 18 278 0 -1 0 868.718 71.943 -3006.745 868.437 71.297 -3008.188 869.031 73.047 -3005.766 cv-wall-02-2x2
629 0 18 279 0 -1 0 880.052 61.781 -3012.412 879.125 61.593 -3014.032 880.781 62.078 -3010.469 cv-wall-02-2x2
630 0 18 280 0 -1 0 837.875 56.682 -2984.484 837.531 56.015 -2985.016 838.562 58.015 -2983.422 cv-wall-02-2x2
631 0 18 282 0 -1 0 839.411 66.958 -2985.709 838.140 66.250 -2986.563 840.828 67.406 -2985.204 cv-wall-02-2x2
632 0 18 284 0 -1 0 848.260 78.943 -3005.912 847.578 77.609 -3006.328 849.609 79.609 -3005.563 cv-wall-02-2x2
633 0 18 285 0 -1 0 858.463 71.969 -3010.818 858.078 71.406 -3012.657 858.984 73.031 -3009.719 cv-wall-02-2x2
634 0 18 287 0 -1 0 835.166 48.422 -2989.782 835.000 47.672 -2991.125 835.328 49.890 -2988.735 cv-wall-02-2x2
635 0 18 288 0 -1 0 839.526 44.291 -2998.438 838.718 43.625 -2999.485 839.953 45.624 -2996.375 cv-wall-02-2x2
636 0 18 290 0 -1 0 835.656 48.562 -2997.433 834.265 48.531 -2998.219 837.281 48.578 -2996.235 cv-wall-02-2x2
637 0 18 291 0 -1 0 840.234 58.942 -3000.021 839.844 57.609 -3000.610 840.890 59.609 -2999.282 cv-wall-02-2x2
638 0 18 292 0 -1 0 834.791 76.677 -2997.255 833.796 76.016 -2997.953 835.297 78.000 -2995.906 cv-wall-02-2x2
639 0 18 293 0 -1 0 915.021 56.203 -2938.162 914.719 55.156 -2939.375 915.500 56.875 -2937.344 cv-wall-02-2x2
640 0 18 294 0 -1 0 899.109 36.885 -2925.891 898.719 35.890 -2926.704 899.453 38.312 -2925.219 cv-wall-02-2x2
641 0 18 295 0 -1 0 930.130 12.745 -2931.844 929.734 11.703 -2932.813 930.562 13.750 -2931.094 cv-wall-02-2x2
642 0 18 297 0 -1 0 923.692 26.802 -2941.954 923.125 25.594 -2943.016 924.000 27.500 -2941.407 cv-wall-02-2x2
643 0 18 298 0 -1 0 910.375 16.140 -2944.375 909.500 13.969 -2946.656 911.125 17.296 -2942.032 cv-wall-02-2x2
644 0 18 300 0 -1 0 921.245 19.411 -2964.151 920.375 17.874 -2964.954 921.937 20.250 -2963.063 cv-wall-02-2x2
645 0 18 301 0 -1 0 875.708 44.000 -2930.162 874.421 43.312 -2931.281 877.250 44.437 -2929.438 cv-wall-02-2x2
646 0 18 302 0 -1 0 839.260 46.588 -2932.141 838.562 45.734 -2932.719 839.625 47.109 -2931.266 cv-wall-02-2x2
647 0 18 303 0 -1 0 840.114 41.057 -2929.964 839.203 40.468 -2930.734 841.562 41.609 -2928.797 cv-wall-02-2x2
648 0 18 305 0 -1 0 842.005 31.989 -2939.068 840.718 30.390 -2939.532 844.187 32.953 -2938.438 cv-wall-02-2x2
649 0 18 306 0 -1 0 872.973 14.224 -3001.115 872.797 12.109 -3002.954 873.265 15.328 -2999.094 cv-wall-02-2x2
650 0 18 307 0 -1 0 851.364 27.026 -3007.209 851.031 25.734 -3007.922 851.640 27.703 -3005.985 cv-wall-02-2x2
651 0 18 308 0 -1 0 841.583 46.682 -2946.245 839.265 45.687 -2946.766 842.953 47.390 -2945.844 cv-wall-02-2x2
652 0 18 309 0 -1 0 836.932 32.052 -2970.724 836.140 31.343 -2971.844 837.500 33.406 -2969.860 cv-wall-02-2x2
653 0 18 310 0 -1 0 835.802 34.870 -2972.177 835.312 33.453 -2972.938 836.312 35.656 -2971.001 cv-wall-02-2x2
654 0 18 312 0 -1 0 830.427 40.255 -2968.042 829.828 39.625 -2968.250 831.593 41.468 -2967.828 cv-wall-02-2x2
655 0 18 313 0 -1 0 959.468 95.286 -2877.407 959.343 94.234 -2878.547 959.547 95.922 -2876.641 cv-wall-02-2x2
656 0 18 314 0 -1 0 954.973 88.244 -2873.641 953.609 88.093 -2874.844 955.750 88.484 -2872.985 cv-wall-02-2x2
657 0 18 315 0 -1 0 936.026 106.645 -2852.750 935.297 105.859 -2853.501 936.390 107.734 -2851.250 cv-wall-02-2x2
658 0 18 316 0 -1 0 917.135 104.177 -2841.333 916.375 103.499 -2841.719 918.265 105.500 -2840.875 cv-wall-02-2x2
659 0 18 317 0 -1 0 927.661 107.651 -2846.099 926.453 107.078 -2847.454 928.375 108.094 -2844.453 cv-wall-02-2x2
660 0 18 318 0 -1 0 898.468 86.927 -2847.698 898.265 85.640 -2849.813 898.656 87.609 -2846.516 cv-wall-02-2x2
661 0 18 320 0 -1 0 921.140 62.896 -2853.344 920.390 61.515 -2853.501 922.390 63.609 -2853.032 cv-wall-02-2x2
662 0 18 321 0 -1 0 893.958 68.276 -2861.407 892.765 67.593 -2861.875 894.609 69.578 -2860.688 cv-wall-02-2x2
663 0 18 322 0 -1 0 892.333 70.927 -2858.068 891.687 69.609 -2858.969 892.687 71.594 -2857.610 cv-wall-02-2x2
664 0 18 323 0 -1 0 887.125 54.885 -2860.094 886.718 53.624 -2860.829 887.828 55.547 -2858.828 cv-wall-02-2x2
665 0 18 324 0 -1 0 897.114 117.766 -2904.995 896.109 117.531 -2906.734 898.406 117.922 -2903.891 cv-wall-02-2x2
666 0 18 325 0 -1 0 904.974 108.099 -2891.672 904.578 107.124 -2892.829 905.359 108.921 -2890.109 cv-wall-02-2x2
667 0 18 326 0 -1 0 892.729 94.359 -2879.339 891.234 93.859 -2881.360 893.671 94.703 -2877.407 cv-wall-02-2x2
668 0 18 327 0 -1 0 892.458 95.474 -2888.052 891.422 95.094 -2889.219 893.422 95.828 -2886.204 cv-wall-02-2x2
669 0 18 328 0 -1 0 945.380 72.984 -2883.469 943.953 72.844 -2884.782 946.719 73.218 -2882.532 cv-wall-02-2x2
670 0 18 329 0 -1 0 940.401 81.739 -2893.089 938.625 80.609 -2893.422 942.422 83.124 -2892.735 cv-wall-02-2x2
671 0 18 330 0 -1 0 943.947 63.708 -2929.057 942.531 63.187 -2929.719 944.781 64.375 -2928.032 cv-wall-02-2x2
672 0 18 333 0 -1 0 866.973 119.974 -2885.021 866.343 118.796 -2886.250 868.140 122.265 -2883.891 cv-wall-02-2x2
673 0 18 334 0 -1 0 886.677 120.604 -2871.240 885.656 119.609 -2872.078 887.219 122.187 -2869.859 cv-wall-02-2x2
674 0 18 335 0 -1 0 881.578 122.010 -2879.479 880.828 120.671 -2881.001 882.719 124.172 -2878.250 cv-wall-02-2x2
675 0 18 336 0 -1 0 850.364 110.645 -2865.526 849.687 109.781 -2866.235 850.750 111.468 -2864.422 cv-wall-02-2x2
676 0 18 337 0 -1 0 853.760 92.046 -2862.177 853.187 91.046 -2862.735 854.781 93.406 -2861.859 cv-wall-02-2x2
677 0 18 338 0 -1 0 883.656 96.135 -2860.563 882.437 95.343 -2861.094 884.359 97.531 -2859.641 cv-wall-02-2x2
678 0 18 339 0 -1 0 885.703 88.354 -2858.063 885.422 87.609 -2859.501 886.093 89.781 -2857.047 cv-wall-02-2x2
679 0 18 340 0 -1 0 870.948 84.823 -2858.849 870.672 84.078 -2860.516 871.141 85.797 -2857.969 cv-wall-02-2x2
680 0 18 341 0 -1 0 843.187 87.734 -2877.297 842.094 86.547 -2877.828 843.859 88.453 -2876.282 cv-wall-02-2x2
681 0 18 342 0 -1 0 841.729 80.520 -2875.682 840.828 79.499 -2876.672 843.156 81.718 -2875.016 cv-wall-02-2x2
682 0 18 343 0 -1 0 865.026 64.344 -2844.735 864.375 63.531 -2845.219 866.312 65.281 -2844.110 cv-wall-02-2x2
683 0 18 344 0 -1 0 871.359 60.552 -2849.146 870.125 59.484 -2849.438 872.265 62.187 -2848.703 cv-wall-02-2x2
684 0 18 345 0 -1 0 864.536 67.526 -2866.183 863.312 66.203 -2867.250 865.828 68.453 -2865.282 cv-wall-02-2x2
685 0 18 346 0 -1 0 862.094 66.500 -2868.381 861.453 65.781 -2869.047 863.141 67.375 -2867.375 cv-wall-02-2x2
686 0 18 347 0 -1 0 856.317 67.067 -2865.047 855.047 66.859 -2866.563 857.047 67.265 -2864.266 cv-wall-02-2x2
687 0 18 348 0 -1 0 852.010 62.989 -2862.917 851.422 61.672 -2864.203 852.343 63.672 -2862.219 cv-wall-02-2x2
688 0 18 349 0 -1 0 832.026 64.401 -2882.047 831.390 63.984 -2883.626 832.984 64.703 -2881.141 cv-wall-02-2x2
689 0 18 350 0 -1 0 836.047 72.708 -2877.073 835.093 71.968 -2877.703 837.093 74.015 -2876.126 cv-wall-02-2x2
690 0 18 351 0 -1 0 841.593 68.276 -2872.292 840.734 67.609 -2873.313 842.281 69.609 -2871.688 cv-wall-02-2x2
691 0 18 352 0 -1 0 839.666 70.703 -2874.282 839.109 69.703 -2874.828 840.546 71.562 -2873.250 cv-wall-02-2x2
692 0 18 353 0 -1 0 867.984 98.510 -2894.453 866.906 97.812 -2895.422 868.625 99.703 -2893.688 cv-wall-02-2x2
693 0 18 354 0 -1 0 836.213 88.291 -2916.495 835.562 87.609 -2916.844 837.515 89.609 -2915.797 cv-wall-02-2x2
694 0 18 356 0 -1 0 847.562 72.317 -2918.073 845.969 71.594 -2919.594 848.546 72.734 -2916.751 cv-wall-02-2x2
695 0 18 358 0 -1 0 835.614 72.182 -2906.396 834.203 71.375 -2906.750 837.625 73.516 -2906.109 cv-wall-02-2x2
696 0 18 359 0 -1 0 836.198 72.198 -2909.683 835.703 71.406 -2910.469 836.797 73.484 -2908.313 cv-wall-02-2x2
697 0 18 360 0 -1 0 838.922 76.974 -2907.464 838.781 75.687 -2908.453 839.000 79.203 -2906.532 cv-wall-02-2x2
698 0 18 361 0 -1 0 834.630 72.229 -2901.933 833.578 71.453 -2902.141 836.312 73.578 -2901.657 cv-wall-02-2x2
699 0 18 362 0 -1 0 829.797 68.448 -2901.204 828.937 67.781 -2901.532 831.250 69.640 -2900.625 cv-wall-02-2x2
700 0 18 363 0 -1 0 828.281 67.797 -2902.542 826.593 67.437 -2904.297 829.203 68.172 -2901.454 cv-wall-02-2x2
701 0 18 364 0 -1 0 836.844 83.708 -2891.146 836.562 82.062 -2892.266 837.375 84.843 -2890.282 cv-wall-02-2x2
702 0 18 365 0 -1 0 833.395 80.760 -2894.776 832.422 79.609 -2895.047 835.203 81.609 -2894.547 cv-wall-02-2x2
703 0 18 366 0 -1 0 832.229 84.276 -2895.532 831.781 83.609 -2896.813 832.640 85.609 -2894.875 cv-wall-02-2x2
704 0 18 367 0 -1 0 824.271 62.916 -2893.917 823.812 61.624 -2894.594 825.078 63.562 -2892.563 cv-wall-02-2x2
705 0 18 369 0 -1 0 832.495 55.620 -2893.454 830.922 55.141 -2894.204 833.594 56.187 -2892.235 cv-wall-02-2x2
706 0 18 370 0 -1 0 824.218 63.411 -2907.386 824.015 62.406 -2908.844 824.500 64.906 -2906.641 cv-wall-02-2x2
707 0 18 371 0 -1 0 834.599 70.578 -2914.287 832.500 69.624 -2914.344 835.656 71.375 -2914.172 cv-wall-02-2x2
708 0 18 374 0 -1 0 936.208 41.312 -2857.334 935.719 39.531 -2857.922 936.609 42.531 -2856.188 cv-wall-02-2x2
709 0 18 375 0 -1 0 934.922 24.625 -2866.953 934.703 23.343 -2867.641 935.250 25.281 -2865.735 cv-wall-02-2x2
710 0 18 376 0 -1 0 916.942 47.791 -2857.501 916.578 47.000 -2858.532 917.187 48.843 -2856.376 cv-wall-02-2x2
711 0 18 378 0 -1 0 904.932 40.385 -2844.224 904.312 39.766 -2845.000 906.031 41.468 -2843.735 cv-wall-02-2x2
712 0 18 379 0 -1 0 904.906 56.682 -2853.365 904.312 55.781 -2854.094 905.625 57.640 -2852.297 cv-wall-02-2x2
713 0 18 381 0 -1 0 902.208 32.750 -2864.318 901.687 32.375 -2865.641 903.031 33.422 -2862.953 cv-wall-02-2x2
714 0 18 382 0 -1 0 931.510 23.073 -2869.193 930.343 21.828 -2869.344 932.125 23.812 -2869.078 cv-wall-02-2x2
715 0 18 384 0 -1 0 936.208 29.541 -2889.271 935.312 28.078 -2889.672 937.750 30.375 -2888.985 cv-wall-02-2x2
716 0 18 385 0 -1 0 932.281 31.781 -2926.037 931.391 30.968 -2926.391 933.140 32.234 -2925.422 cv-wall-02-2x2
717 0 18 386 0 -1 0 917.177 27.208 -2911.448 916.328 26.250 -2913.297 917.922 28.234 -2910.469 cv-wall-02-2x2
718 0 18 387 0 -1 0 918.245 24.276 -2916.261 917.531 22.906 -2916.594 919.468 25.078 -2915.688 cv-wall-02-2x2
719 0 18 389 0 -1 0 928.531 23.776 -2898.781 927.656 22.281 -2899.125 929.672 25.156 -2898.172 cv-wall-02-2x2
720 0 18 390 0 -1 0 902.328 63.177 -2859.349 901.750 62.093 -2860.000 902.718 63.734 -2858.313 cv-wall-02-2x2
721 0 18 392 0 -1 0 876.745 48.697 -2860.932 875.812 48.546 -2862.141 877.422 48.953 -2860.297 cv-wall-02-2x2
722 0 18 393 0 -1 0 872.932 43.791 -2865.021 871.797 43.109 -2865.891 873.578 44.921 -2864.422 cv-wall-02-2x2
723 0 18 394 0 -1 0 889.864 42.786 -2854.198 889.703 41.609 -2854.829 890.047 43.406 -2852.969 cv-wall-02-2x2
724 0 18 395 0 -1 0 840.578 27.442 -2862.448 839.906 26.328 -2863.172 841.703 28.468 -2861.891 cv-wall-02-2x2
725 0 18 396 0 -1 0 866.114 43.156 -2874.235 864.797 43.046 -2875.079 867.046 43.281 -2872.813 cv-wall-02-2x2
726 0 18 397 0 -1 0 842.864 44.208 -2872.552 841.828 43.484 -2873.469 843.422 45.656 -2872.063 cv-wall-02-2x2
727 0 18 398 0 -1 0 828.401 59.156 -2903.214 826.703 58.453 -2904.312 829.422 59.656 -2902.641 cv-wall-02-2x2
728 0 18 399 0 -1 0 823.713 61.645 -2905.865 822.984 60.281 -2906.672 824.140 62.406 -2904.250 cv-wall-02-2x2
729 0 18 400 0 -1 0 833.150 48.656 -2906.349 831.968 47.672 -2906.797 833.874 49.640 -2906.078 cv-wall-02-2x2
730 0 18 401 0 -1 0 837.427 53.588 -2916.818 836.390 51.609 -2917.657 838.109 55.421 -2915.953 cv-wall-02-2x2
731 0 18 402 0 -1 0 836.385 24.297 -2914.542 835.656 23.625 -2914.938 837.844 25.625 -2914.344 cv-wall-02-2x2
732 0 18 403 0 -1 0 943.114 94.745 -2963.073 942.578 93.453 -2964.188 943.781 95.922 -2961.766 cv-wall-02-2x2
733 0 18 404 0 -1 0 923.927 111.015 -2959.740 923.109 110.312 -2961.032 924.578 111.625 -2958.969 cv-wall-02-2x2
734 0 18 405 0 -1 0 926.448 110.932 -2965.006 924.984 110.281 -2966.516 927.703 111.281 -2963.266 cv-wall-02-2x2
735 0 18 406 0 -1 0 910.198 101.521 -2990.282 909.422 100.984 -2991.141 911.141 102.281 -2989.485 cv-wall-02-2x2
736 0 18 409 0 -1 0 903.661 80.474 -2978.719 902.594 80.140 -2979.359 904.437 81.109 -2977.875 cv-wall-02-2x2
737 0 18 410 0 -1 0 908.870 80.146 -2976.412 907.640 79.719 -2977.438 910.078 80.765 -2975.703 cv-wall-02-2x2
738 0 18 412 0 -1 0 931.323 73.416 -2962.740 930.781 72.187 -2963.266 932.406 74.046 -2962.407 cv-wall-02-2x2
739 0 18 413 0 -1 0 908.385 61.151 -2926.490 907.656 60.734 -2927.719 909.046 61.546 -2925.875 cv-wall-02-2x2
740 0 18 414 0 -1 0 910.802 57.916 -2930.203 910.031 56.937 -2931.532 911.203 59.297 -2929.266 cv-wall-02-2x2
741 0 18 415 0 -1 0 899.255 57.338 -2938.026 898.250 56.718 -2938.954 900.000 58.531 -2937.172 cv-wall-02-2x2
742 0 18 416 0 -1 0 897.677 59.786 -2935.615 897.047 58.562 -2936.594 898.172 60.453 -2934.578 cv-wall-02-2x2
743 0 18 417 0 -1 0 924.885 58.896 -2977.917 923.843 57.547 -2978.297 925.437 59.578 -2977.719 cv-wall-02-2x2
744 0 18 418 0 -1 0 904.240 70.932 -2974.146 903.141 70.109 -2975.141 904.969 71.703 -2973.250 cv-wall-02-2x2
745 0 18 420 0 -1 0 911.015 69.260 -2971.808 910.531 69.188 -2973.563 911.390 69.359 -2969.922 cv-wall-02-2x2
746 0 18 421 0 -1 0 891.114 75.062 -2998.079 890.766 73.734 -2998.672 891.297 75.734 -2996.985 cv-wall-02-2x2
747 0 18 422 0 -1 0 891.458 71.317 -2999.224 891.359 70.140 -3000.360 891.547 72.093 -2998.532 cv-wall-02-2x2
748 0 18 423 0 -1 0 858.203 83.062 -2937.391 856.890 81.999 -2939.001 859.234 83.609 -2936.454 cv-wall-02-2x2
749 0 18 425 0 -1 0 838.166 77.635 -2932.307 837.172 77.250 -2933.438 839.421 78.187 -2931.172 cv-wall-02-2x2
750 0 18 426 0 -1 0 844.651 82.442 -2929.948 842.922 80.953 -2930.172 846.750 83.359 -2929.547 cv-wall-02-2x2
751 0 18 427 0 -1 0 843.015 67.479 -2932.625 841.718 66.906 -2933.266 844.390 68.031 -2931.563 cv-wall-02-2x2
752 0 18 428 0 -1 0 836.291 73.177 -2932.620 834.562 72.578 -2933.594 837.187 73.594 -2931.001 cv-wall-02-2x2
753 0 18 429 0 -1 0 835.666 77.520 -2942.750 835.328 76.594 -2945.344 835.953 78.062 -2940.954 cv-wall-02-2x2
754 0 18 430 0 -1 0 838.672 79.474 -2948.740 837.078 79.203 -2949.891 839.531 79.609 -2947.891 cv-wall-02-2x2
755 0 18 432 0 -1 0 838.698 84.286 -2962.245 838.218 83.281 -2962.876 839.640 85.750 -2961.172 cv-wall-02-2x2
756 0 18 433 0 -1 0 834.755 91.338 -2965.125 834.234 89.984 -2965.438 835.781 92.016 -2964.516 cv-wall-02-2x2
757 0 18 434 0 -1 0 837.468 88.619 -2963.177 835.906 87.890 -2964.235 838.281 89.999 -2962.547 cv-wall-02-2x2
758 0 18 435 0 -1 0 883.338 54.645 -2955.719 882.437 53.640 -2956.782 884.234 55.187 -2954.734 cv-wall-02-2x2
759 0 18 436 0 -1 0 838.547 48.088 -2931.120 837.078 47.109 -2931.610 839.593 49.281 -2930.485 cv-wall-02-2x2
760 0 18 437 0 -1 0 843.807 56.291 -2931.568 841.874 55.468 -2931.875 845.687 57.750 -2931.375 cv-wall-02-2x2
761 0 18 438 0 -1 0 841.864 57.974 -2929.854 840.640 56.953 -2930.094 843.469 58.766 -2929.500 cv-wall-02-2x2
762 0 18 439 0 -1 0 839.370 60.661 -2962.245 838.812 59.812 -2962.985 840.156 62.125 -2961.032 cv-wall-02-2x2
763 0 18 440 0 -1 0 839.041 66.161 -2954.667 837.687 65.484 -2955.626 840.077 66.922 -2953.751 cv-wall-02-2x2
764 0 18 442 0 -1 0 890.791 81.244 -2998.683 889.468 80.562 -2999.063 891.703 82.343 -2998.063 cv-wall-02-2x2
765 0 18 443 0 -1 0 862.838 91.062 -3013.125 862.140 90.094 -3013.969 863.515 91.687 -3011.532 cv-wall-02-2x2
766 0 18 445 0 -1 0 859.349 77.245 -2999.084 859.078 76.719 -2999.954 859.765 78.218 -2998.016 cv-wall-02-2x2
767 0 18 446 0 -1 0 875.812 48.302 -2999.495 875.234 47.609 -3000.610 876.125 49.640 -2997.454 cv-wall-02-2x2
768 0 18 447 0 -1 0 869.901 61.375 -3004.688 869.140 61.078 -3005.938 871.141 61.546 -3003.188 cv-wall-02-2x2
769 0 18 448 0 -1 0 858.854 60.427 -3011.271 857.796 59.609 -3011.875 860.641 61.234 -3010.532 cv-wall-02-2x2
770 0 18 449 0 -1 0 856.515 59.140 -3005.745 855.859 57.843 -3007.860 856.875 59.906 -3004.000 cv-wall-02-2x2
771 0 18 450 0 -1 0 924.651 28.578 -2946.927 923.812 28.328 -2947.563 925.812 29.000 -2946.063 cv-wall-02-2x2
772 0 18 452 0 -1 0 928.963 39.724 -2967.521 928.359 39.234 -2969.391 929.547 40.375 -2966.141 cv-wall-02-2x2
773 0 18 453 0 -1 0 920.703 42.057 -2961.287 919.453 41.312 -2961.985 921.375 42.593 -2960.907 cv-wall-02-2x2
774 0 18 454 0 -1 0 923.312 39.307 -2977.500 921.937 37.624 -2978.188 924.359 40.312 -2977.079 cv-wall-02-2x2
775 0 18 455 0 -1 0 880.797 32.416 -2992.662 879.984 31.453 -2993.922 881.531 33.843 -2991.266 cv-wall-02-2x2
776 0 18 456 0 -1 0 880.510 46.364 -2990.401 879.797 45.234 -2991.672 880.937 47.156 -2989.188 cv-wall-02-2x2
777 0 18 457 0 -1 0 875.661 39.047 -2999.505 875.375 37.718 -3000.797 876.016 39.734 -2998.063 cv-wall-02-2x2
778 0 18 458 0 -1 0 871.901 36.526 -2995.636 871.719 35.828 -2996.766 872.187 37.891 -2993.547 cv-wall-02-2x2
779 0 18 459 0 -1 0 873.401 44.318 -3002.542 873.062 43.625 -3003.266 873.625 45.531 -3001.235 cv-wall-02-2x2
780 0 18 460 0 -1 0 867.521 48.088 -2996.693 867.156 47.297 -2998.766 868.140 49.453 -2995.281 cv-wall-02-2x2
781 0 18 461 0 -1 0 867.395 46.515 -3000.026 867.265 45.703 -3002.313 867.515 47.297 -2998.766 cv-wall-02-2x2
782 0 18 462 0 -1 0 886.245 28.234 -2994.026 885.015 27.562 -2994.297 887.047 29.546 -2993.891 cv-wall-02-2x2
783 0 18 463 0 -1 0 882.010 20.354 -2995.156 881.781 19.671 -2996.422 882.437 21.672 -2994.188 cv-wall-02-2x2
784 0 18 464 0 -1 0 880.562 30.521 -2993.875 878.890 29.484 -2993.922 881.531 31.453 -2993.782 cv-wall-02-2x2
785 0 18 465 0 -1 0 876.651 32.317 -2993.354 876.406 31.421 -2994.344 876.812 33.578 -2991.516 cv-wall-02-2x2
786 0 18 466 0 -1 0 872.942 24.442 -2994.792 872.422 23.750 -2995.750 873.531 25.812 -2993.313 cv-wall-02-2x2
787 0 18 467 0 -1 0 852.109 40.286 -3010.339 851.593 39.609 -3011.281 852.594 41.562 -3008.813 cv-wall-02-2x2
788 0 18 468 0 -1 0 841.828 48.208 -2954.860 841.015 47.562 -2955.281 842.656 49.468 -2954.610 cv-wall-02-2x2
789 0 18 469 0 -1 0 836.458 36.349 -2948.557 835.250 35.656 -2949.672 838.687 37.687 -2947.704 cv-wall-02-2x2
790 0 18 470 0 -1 0 840.817 38.989 -2951.396 840.187 37.687 -2951.656 841.890 39.641 -2950.907 cv-wall-02-2x2
791 0 18 471 0 -1 0 839.036 31.505 -2945.099 838.875 30.547 -2946.610 839.328 32.437 -2944.125 cv-wall-02-2x2
792 0 18 472 0 -1 0 839.859 24.297 -2939.532 838.375 23.547 -2939.875 840.624 25.734 -2939.141 cv-wall-02-2x2
793 0 18 473 0 -1 0 948.646 69.588 -2867.339 947.765 68.843 -2867.688 950.312 71.016 -2866.782 cv-wall-02-2x2
794 0 18 474 0 -1 0 945.166 73.708 -2864.797 944.359 73.000 -2865.438 946.187 75.031 -2864.219 cv-wall-02-2x2
795 0 18 479 0 -1 0 894.697 97.260 -2897.037 892.265 96.578 -2898.000 896.390 98.203 -2895.454 cv-wall-02-2x2
796 0 18 480 0 -1 0 903.838 107.875 -2896.104 903.703 106.859 -2897.219 904.078 109.344 -2894.610 cv-wall-02-2x2
797 0 18 481 0 -1 0 881.286 85.271 -2885.198 880.062 84.094 -2886.047 882.062 86.734 -2884.563 cv-wall-02-2x2
798 0 18 482 0 -1 0 850.640 81.083 -2863.105 850.265 80.468 -2865.079 851.344 81.406 -2861.266 cv-wall-02-2x2
799 0 18 483 0 -1 0 876.349 111.307 -2913.943 875.281 109.828 -2914.360 878.062 113.187 -2913.532 cv-wall-02-2x2
800 0 18 493 0 -1 0 944.838 49.614 -2901.235 944.156 48.969 -2901.828 946.125 50.031 -2900.172 cv-wall-02-2x2
801 0 18 498 0 -1 0 931.619 29.797 -2897.854 930.125 28.703 -2898.485 932.609 30.672 -2896.735 cv-wall-02-2x2
802 0 18 506 0 -1 0 852.140 61.099 -2838.370 850.468 60.109 -2839.063 853.031 61.609 -2837.063 cv-wall-02-2x2
803 0 18 507 0 -1 0 866.161 51.047 -2829.157 864.890 49.703 -2829.891 866.812 51.765 -2828.703 cv-wall-02-2x2
804 0 18 512 0 -1 0 885.255 16.619 -2880.339 884.406 16.250 -2881.844 886.359 17.000 -2878.562 cv-wall-02-2x2
805 0 18 514 0 -1 0 841.880 31.531 -2909.042 839.953 30.422 -2910.766 842.968 33.484 -2906.235 cv-wall-02-2x2
806 0 18 515 0 -1 0 843.781 35.797 -2909.110 842.719 33.484 -2910.126 845.859 37.109 -2908.500 cv-wall-02-2x2
807 0 18 516 0 -1 0 860.724 43.109 -2911.964 859.969 41.218 -2912.703 861.468 44.109 -2910.844 cv-wall-02-2x2
808 0 18 517 0 -1 0 854.182 39.307 -2911.391 853.797 38.359 -2913.516 854.922 41.187 -2910.141 cv-wall-02-2x2
809 0 18 519 0 -1 0 861.015 39.338 -2913.740 860.094 38.375 -2915.453 861.484 41.218 -2912.703 cv-wall-02-2x2
810 0 18 520 0 -1 0 838.656 24.343 -2883.756 838.031 23.640 -2884.876 839.250 25.734 -2882.734 cv-wall-02-2x2
811 0 18 521 0 -1 0 839.276 32.395 -2881.776 838.422 31.656 -2882.078 840.953 33.781 -2881.594 cv-wall-02-2x2
812 0 18 522 0 -1 0 841.276 11.760 -2907.688 840.359 9.843 -2908.531 842.015 12.734 -2907.203 cv-wall-02-2x2
813 0 18 523 0 -1 0 855.161 19.322 -2914.407 854.531 17.406 -2915.079 855.968 20.296 -2913.907 cv-wall-02-2x2
814 0 18 524 0 -1 0 855.750 13.375 -2911.188 855.343 11.344 -2912.360 856.000 14.438 -2910.360 cv-wall-02-2x2
815 0 18 525 0 -1 0 830.052 22.948 -2904.985 828.125 21.593 -2905.766 831.031 23.625 -2903.485 cv-wall-02-2x2
816 0 18 526 0 -1 0 832.661 22.942 -2909.849 832.031 21.578 -2910.688 833.000 23.625 -2909.219 cv-wall-02-2x2
817 0 18 528 0 -1 0 934.968 95.760 -2946.922 933.375 94.640 -2947.250 937.390 97.828 -2946.703 cv-wall-02-2x2
818 0 18 529 0 -1 0 933.244 82.916 -2960.860 932.109 82.219 -2961.766 934.640 83.312 -2959.907 cv-wall-02-2x2
819 0 18 530 0 -1 0 928.380 83.969 -2957.511 927.781 83.422 -2959.016 929.312 84.937 -2955.641 cv-wall-02-2x2
820 0 18 531 0 -1 0 918.672 83.161 -2968.136 917.500 82.766 -2968.875 919.562 83.875 -2967.266 cv-wall-02-2x2
821 0 18 532 0 -1 0 871.177 104.812 -2949.021 870.109 104.703 -2950.188 872.578 105.000 -2948.047 cv-wall-02-2x2
822 0 18 534 0 -1 0 858.422 52.547 -2961.396 856.515 51.593 -2962.578 859.562 54.422 -2960.750 cv-wall-02-2x2
823 0 18 535 0 -1 0 857.625 52.578 -2968.584 855.750 51.609 -2968.891 858.734 54.453 -2968.063 cv-wall-02-2x2
824 0 18 536 0 -1 0 840.229 54.963 -2937.438 838.718 53.984 -2938.141 841.249 56.078 -2936.938 cv-wall-02-2x2
825 0 18 537 0 -1 0 842.958 57.109 -2936.417 841.249 56.078 -2936.938 844.859 58.875 -2935.719 cv-wall-02-2x2
826 0 18 539 0 -1 0 841.458 58.500 -2939.573 840.578 57.312 -2940.641 842.390 59.640 -2938.656 cv-wall-02-2x2
827 0 18 541 0 -1 0 845.250 56.708 -2971.985 845.140 56.046 -2972.657 845.437 58.015 -2970.719 cv-wall-02-2x2
828 0 18 542 0 -1 0 844.286 59.333 -2969.776 843.718 58.015 -2970.719 845.140 60.000 -2969.282 cv-wall-02-2x2
829 0 18 544 0 -1 0 877.531 90.484 -3009.537 876.921 89.249 -3010.610 878.390 91.218 -3007.734 cv-wall-02-2x2
830 0 18 545 0 -1 0 841.203 92.692 -2982.938 840.562 92.031 -2983.438 841.703 94.015 -2982.016 cv-wall-02-2x2
831 0 18 546 0 -1 0 836.911 101.041 -2983.235 836.016 100.172 -2984.016 837.875 102.640 -2982.672 cv-wall-02-2x2
832 0 18 547 0 -1 0 868.396 63.177 -3008.016 868.016 62.109 -3009.328 868.719 63.734 -3007.125 cv-wall-02-2x2
833 0 18 548 0 -1 0 862.677 64.026 -3010.839 861.906 63.328 -3012.438 863.640 64.640 -3009.610 cv-wall-02-2x2
834 0 18 549 0 -1 0 864.948 64.224 -3012.724 864.062 64.093 -3013.625 865.750 64.453 -3011.016 cv-wall-02-2x2
835 0 18 550 0 -1 0 862.760 67.265 -3015.979 862.500 66.156 -3017.484 863.203 67.875 -3014.875 cv-wall-02-2x2
836 0 18 552 0 -1 0 881.442 68.062 -2996.011 880.734 67.500 -2996.422 882.640 69.141 -2995.281 cv-wall-02-2x2
837 0 18 553 0 -1 0 878.120 80.338 -3001.490 877.250 79.984 -3003.047 879.219 80.891 -3000.703 cv-wall-02-2x2
838 0 18 554 0 -1 0 881.896 86.943 -2999.959 881.781 85.609 -3001.562 882.094 87.609 -2999.063 cv-wall-02-2x2
839 0 18 556 0 -1 0 887.958 79.515 -2999.839 886.140 78.687 -3000.922 889.468 80.562 -2999.063 cv-wall-02-2x2
840 0 18 557 0 -1 0 862.557 52.072 -2996.177 862.500 51.344 -2997.078 862.594 53.515 -2994.563 cv-wall-02-2x2
841 0 18 558 0 -1 0 888.073 48.093 -2997.651 887.172 47.468 -2998.641 889.484 48.734 -2996.219 cv-wall-02-2x2
842 0 18 559 0 -1 0 886.807 62.948 -2998.990 886.625 61.609 -2999.844 886.906 63.625 -2997.312 cv-wall-02-2x2
843 0 18 560 0 -1 0 885.234 62.968 -2995.506 883.922 61.640 -2995.579 885.969 63.641 -2995.359 cv-wall-02-2x2
844 0 18 561 0 -1 0 845.167 56.693 -2980.162 845.109 56.031 -2981.203 845.266 58.015 -2979.594 cv-wall-02-2x2
845 0 18 578 0 -1 0 884.333 40.520 -2935.558 883.781 39.499 -2936.094 885.281 41.218 -2934.516 cv-wall-02-2x2
846 0 18 580 0 -1 0 855.682 32.557 -2963.006 855.203 30.640 -2963.938 856.031 33.531 -2962.282 cv-wall-02-2x2
847 0 18 581 0 -1 0 858.885 44.224 -3007.276 857.843 43.531 -3007.782 859.750 45.546 -3006.266 cv-wall-02-2x2
848 0 18 583 0 -1 0 855.291 35.020 -3003.563 854.453 33.718 -3004.453 856.593 35.687 -3002.969 cv-wall-02-2x2
849 0 18 584 0 -1 0 835.625 32.151 -2973.776 834.922 31.421 -2975.094 836.641 33.453 -2972.938 cv-wall-02-2x2
850 0 18 585 0 -1 0 837.990 35.364 -2975.245 837.219 33.984 -2976.110 838.390 36.187 -2974.141 cv-wall-02-2x2
851 0 18 586 0 -1 0 832.323 30.948 -2979.276 831.688 29.672 -2979.547 833.484 31.625 -2978.907 cv-wall-02-2x2
852 0 18 587 0 -1 0 838.307 18.015 -2976.547 837.484 16.406 -2977.047 838.734 19.000 -2975.594 cv-wall-02-2x2
853 0 18 588 0 -1 0 832.375 26.984 -2980.995 831.562 25.609 -2981.454 832.843 27.687 -2980.329 cv-wall-02-2x2
854 0 18 589 0 -1 0 836.078 48.364 -2983.099 834.421 47.625 -2983.656 837.312 49.812 -2982.688 cv-wall-02-2x2
855 0 18 590 0 -1 0 838.094 39.750 -2975.943 837.344 38.375 -2976.907 838.500 40.609 -2975.329 cv-wall-02-2x2
856 0 19 591 0 -1 0 931.515 96.338 -2841.641 930.390 95.703 -2842.125 932.265 97.609 -2840.969 cv-wallbumps-all
857 0 19 316 0 -1 0 917.020 102.864 -2841.052 916.375 101.562 -2841.406 918.265 103.531 -2840.875 cv-wallbumps-all
858 0 19 592 0 -1 0 867.547 90.963 -2858.156 867.156 89.609 -2858.734 868.203 91.671 -2857.141 cv-wallbumps-all
859 0 19 593 0 -1 0 871.666 94.901 -2858.521 871.515 93.562 -2859.938 871.890 95.594 -2857.751 cv-wallbumps-all
860 0 19 33 0 -1 0 836.213 72.323 -2885.250 835.922 71.672 -2885.907 836.390 73.562 -2884.266 cv-wallbumps-all
861 0 19 350 0 -1 0 835.703 72.755 -2878.281 835.093 72.109 -2879.750 836.062 74.015 -2877.391 cv-wallbumps-all
862 0 19 352 0 -1 0 838.515 71.078 -2875.240 837.093 69.703 -2876.126 839.343 71.968 -2874.766 cv-wallbumps-all
863 0 19 594 0 -1 0 846.750 55.979 -2863.412 846.015 55.047 -2863.672 848.062 57.640 -2862.907 cv-wallbumps-all
864 0 19 595 0 -1 0 846.427 63.646 -2863.729 845.515 62.249 -2864.125 847.562 64.609 -2863.407 cv-wallbumps-all
865 0 19 596 0 -1 0 845.411 54.536 -2863.932 844.218 52.875 -2864.469 846.015 55.484 -2863.656 cv-wallbumps-all
866 0 19 597 0 -1 0 838.573 64.645 -2877.651 838.140 63.812 -2878.157 839.250 66.031 -2876.735 cv-wallbumps-all
867 0 19 365 0 -1 0 832.578 80.281 -2895.276 832.422 79.609 -2896.547 832.750 81.609 -2894.547 cv-wallbumps-all
868 0 19 145 0 -1 0 834.901 91.140 -2896.735 834.015 89.765 -2896.907 836.468 91.843 -2896.422 cv-wallbumps-all
869 0 19 599 0 -1 0 911.614 56.562 -2928.761 911.172 54.765 -2929.375 912.281 57.516 -2927.641 cv-wallbumps-all
870 0 19 600 0 -1 0 914.448 56.380 -2922.651 913.218 54.953 -2924.032 915.625 57.109 -2921.719 cv-wallbumps-all
871 0 19 178 0 -1 0 842.536 48.088 -2872.526 841.796 47.468 -2873.484 843.156 49.249 -2871.938 cv-wallbumps-all
872 0 19 601 0 -1 0 846.078 46.672 -2869.740 844.734 45.656 -2870.469 846.828 47.484 -2869.297 cv-wallbumps-all
873 0 19 602 0 -1 0 898.203 47.593 -2940.052 896.875 46.656 -2940.641 898.906 49.437 -2939.141 cv-wallbumps-all
874 0 19 245 0 -1 0 830.062 65.021 -2942.068 829.875 64.422 -2943.203 830.156 66.141 -2941.485 cv-wallbumps-all
875 0 19 603 0 -1 0 830.489 70.724 -2940.724 830.156 69.546 -2941.422 830.734 71.343 -2939.391 cv-wallbumps-all
876 0 19 604 0 -1 0 840.250 94.974 -2999.079 839.672 93.609 -2999.594 841.406 95.703 -2998.047 cv-wallbumps-all
877 0 19 605 0 -1 0 844.838 95.276 -3002.401 844.187 93.781 -3002.750 846.062 96.250 -3002.172 cv-wallbumps-all
878 0 19 607 0 -1 0 850.890 82.969 -3005.990 849.562 81.672 -3006.391 851.578 83.625 -3005.594 cv-wallbumps-all
879 0 19 291 0 -1 0 840.291 60.276 -3000.219 839.968 59.609 -3000.766 840.890 61.609 -2999.282 cv-wallbumps-all
880 0 19 297 0 -1 0 924.500 26.828 -2941.078 923.953 25.594 -2941.438 925.546 27.500 -2940.391 cv-wallbumps-all
881 0 19 608 0 -1 0 838.994 40.271 -2998.729 837.046 39.593 -2999.438 839.968 41.609 -2997.312 cv-wallbumps-all
882 0 19 609 0 -1 0 837.505 42.922 -2994.880 836.265 41.547 -2996.375 838.718 43.625 -2993.844 cv-wallbumps-all
883 0 19 610 0 -1 0 848.114 32.307 -3007.360 847.109 31.625 -3007.938 848.640 33.609 -3007.031 cv-wallbumps-all
884 0 19 611 0 -1 0 847.151 38.932 -3009.328 846.656 37.609 -3010.422 847.844 39.609 -3008.485 cv-wallbumps-all
885 0 19 612 0 -1 0 835.979 16.151 -2972.974 835.906 15.390 -2973.797 836.078 17.406 -2971.359 cv-wallbumps-all
886 0 19 613 0 -1 0 837.078 23.156 -2970.755 836.484 21.781 -2971.984 837.609 23.859 -2969.766 cv-wallbumps-all
887 0 19 614 0 -1 0 837.948 26.724 -2976.490 836.625 25.249 -2977.110 838.640 27.500 -2975.266 cv-wallbumps-all
888 0 19 587 0 -1 0 838.312 19.510 -2976.573 837.484 18.640 -2977.079 838.734 20.890 -2975.594 cv-wallbumps-all
889 0 19 615 0 -1 0 836.854 24.229 -2982.995 835.109 23.500 -2983.391 837.875 25.625 -2982.313 cv-wallbumps-all
890 0 19 616 0 -1 0 834.802 32.286 -2978.526 833.484 31.547 -2978.907 835.765 33.672 -2977.938 cv-wallbumps-all
891 0 19 617 0 -1 0 838.385 45.583 -2977.256 837.812 44.547 -2978.203 838.703 47.203 -2976.750 cv-wallbumps-all
892 0 19 310 0 -1 0 836.062 36.291 -2972.053 835.781 35.500 -2972.594 836.312 37.718 -2971.001 cv-wallbumps-all
893 0 19 585 0 -1 0 838.005 36.828 -2974.985 837.219 35.922 -2975.485 838.438 38.375 -2974.141 cv-wallbumps-all
894 0 19 618 0 -1 0 836.505 39.281 -2973.209 836.031 37.718 -2974.250 837.390 40.328 -2972.563 cv-wallbumps-all
895 0 19 619 0 -1 0 836.151 48.312 -2970.079 835.578 47.578 -2971.188 836.750 49.734 -2969.500 cv-wallbumps-all
896 0 19 313 0 -1 0 959.448 95.552 -2876.162 959.343 94.234 -2877.032 959.515 96.500 -2874.812 cv-wallbumps-all
897 0 19 620 0 -1 0 901.281 88.328 -2855.344 900.218 87.625 -2855.672 901.937 89.672 -2854.875 cv-wallbumps-all
898 0 19 379 0 -1 0 903.812 56.343 -2854.156 902.343 55.609 -2854.672 904.781 57.640 -2853.703 cv-wallbumps-all
899 0 19 621 0 -1 0 904.541 62.239 -2916.584 903.125 62.047 -2917.657 905.343 62.594 -2915.219 cv-wallbumps-all
900 0 19 622 0 -1 0 868.000 66.614 -2861.026 867.718 65.578 -2862.016 868.390 67.140 -2859.422 cv-wallbumps-all
901 0 19 56 0 -1 0 853.130 56.323 -2861.214 852.265 55.625 -2861.719 854.843 57.672 -2860.625 cv-wallbumps-all
902 0 19 124 0 -1 0 857.348 58.984 -2858.896 856.718 57.609 -2860.266 858.390 59.671 -2858.141 cv-wallbumps-all
903 0 19 359 0 -1 0 836.463 72.151 -2911.016 836.094 71.406 -2912.312 836.797 73.484 -2910.266 cv-wallbumps-all
904 0 19 623 0 -1 0 836.151 78.630 -2912.610 835.937 77.390 -2914.031 836.296 79.499 -2911.594 cv-wallbumps-all
905 0 19 156 0 -1 0 958.786 40.297 -2858.698 958.547 39.609 -2859.797 958.922 41.656 -2856.579 cv-wallbumps-all
906 0 19 157 0 -1 0 917.974 44.771 -2855.834 917.046 43.781 -2856.203 919.719 46.171 -2855.610 cv-wallbumps-all
907 0 19 624 0 -1 0 920.453 46.203 -2856.735 919.219 45.188 -2857.141 921.312 46.937 -2856.485 cv-wallbumps-all
908 0 19 625 0 -1 0 908.047 44.078 -2854.333 907.640 43.344 -2855.266 908.641 45.500 -2853.797 cv-wallbumps-all
909 0 19 51 0 -1 0 873.349 48.260 -2851.542 873.000 47.609 -2852.829 873.609 49.562 -2849.938 cv-wallbumps-all
910 0 19 626 0 -1 0 865.208 43.885 -2849.792 864.453 43.124 -2850.282 866.531 45.359 -2849.516 cv-wallbumps-all
911 0 19 627 0 -1 0 871.849 46.854 -2847.943 870.438 45.297 -2848.391 872.750 47.641 -2847.656 cv-wallbumps-all
912 0 19 628 0 -1 0 873.442 48.255 -2856.896 872.593 47.609 -2857.126 874.844 49.531 -2856.594 cv-wallbumps-all
913 0 19 629 0 -1 0 872.692 55.109 -2857.761 872.015 53.750 -2858.485 874.000 55.875 -2857.360 cv-wallbumps-all
914 0 19 630 0 -1 0 832.343 43.135 -2890.214 832.031 41.937 -2890.797 832.953 43.984 -2889.266 cv-wallbumps-all
915 0 19 631 0 -1 0 832.151 35.125 -2893.339 830.531 33.937 -2893.766 833.062 35.796 -2892.609 cv-wallbumps-all
916 0 19 633 0 -1 0 840.390 27.286 -2916.005 839.859 25.750 -2916.829 841.375 28.312 -2915.594 cv-wallbumps-all
917 0 19 634 0 -1 0 843.302 16.328 -2929.646 843.015 15.499 -2930.547 843.609 17.375 -2927.938 cv-wallbumps-all
918 0 19 635 0 -1 0 889.917 68.671 -2999.401 888.890 67.718 -3000.422 890.562 69.844 -2998.547 cv-wallbumps-all
919 0 19 556 0 -1 0 886.901 78.531 -3000.016 886.140 77.609 -3000.922 888.265 79.297 -2999.532 cv-wallbumps-all
920 0 19 636 0 -1 0 887.083 68.750 -3000.110 886.406 67.609 -3001.141 888.046 69.609 -2999.485 cv-wallbumps-all
921 0 19 637 0 -1 0 834.864 78.692 -2941.016 832.953 78.062 -2941.953 835.953 79.703 -2940.062 cv-wallbumps-all
922 0 19 536 0 -1 0 839.968 53.995 -2938.037 838.718 53.172 -2938.734 840.718 54.828 -2937.235 cv-wallbumps-all
923 0 19 638 0 -1 0 836.906 48.187 -2937.932 836.187 47.562 -2938.578 838.171 49.422 -2937.484 cv-wallbumps-all
924 0 19 639 0 -1 0 841.286 47.765 -2945.667 840.359 47.187 -2945.844 842.531 48.718 -2945.375 cv-wallbumps-all
925 0 19 640 0 -1 0 845.109 59.729 -2929.964 843.469 58.766 -2931.219 847.000 60.641 -2928.703 cv-wallbumps-all
926 0 19 641 0 -1 0 847.672 59.135 -2931.516 845.687 57.750 -2931.953 850.328 59.875 -2931.219 cv-wallbumps-all
927 0 19 642 0 -1 0 848.979 57.687 -2933.016 846.937 56.812 -2933.625 851.000 58.703 -2932.547 cv-wallbumps-all
928 0 19 643 0 -1 0 868.479 63.880 -3013.886 867.437 63.734 -3015.844 869.203 64.124 -3012.251 cv-wallbumps-all
929 0 19 644 0 -1 0 838.703 51.823 -2981.157 836.859 51.453 -2981.813 840.109 52.016 -2980.375 cv-wallbumps-all
930 0 19 287 0 -1 0 835.521 48.395 -2988.761 835.000 47.625 -2989.485 836.390 49.890 -2988.062 cv-wallbumps-all
931 0 19 589 0 -1 0 837.151 48.380 -2983.886 836.500 47.656 -2985.047 837.640 49.812 -2982.953 cv-wallbumps-all
932 0 19 645 0 -1 0 839.338 55.375 -2982.625 838.562 54.078 -2983.422 839.750 56.031 -2982.204 cv-wallbumps-all
933 0 19 646 0 -1 0 835.672 66.969 -2991.657 835.328 66.015 -2992.422 836.172 67.812 -2990.157 cv-wallbumps-all
934 0 19 647 0 -1 0 876.843 55.031 -3001.943 876.047 53.672 -3003.079 877.484 55.750 -3001.141 cv-wallbumps-all
935 0 19 648 0 -1 0 874.875 46.833 -2995.485 874.203 45.422 -2997.454 875.234 47.656 -2994.329 cv-wallbumps-all
936 0 19 459 0 -1 0 873.276 43.052 -3002.407 873.062 41.734 -3003.266 873.625 43.796 -3001.235 cv-wallbumps-all
937 0 19 649 0 -1 0 876.791 34.984 -2995.104 876.687 33.578 -2996.625 876.875 35.703 -2994.344 cv-wallbumps-all
938 0 19 650 0 -1 0 871.776 32.453 -2991.854 871.328 31.797 -2993.344 872.500 33.765 -2991.063 cv-wallbumps-all
939 0 19 581 0 -1 0 860.078 44.255 -3007.901 859.062 43.593 -3008.141 861.422 45.546 -3007.782 cv-wallbumps-all
940 0 19 651 0 -1 0 855.692 44.203 -3006.735 855.109 43.562 -3007.844 856.156 45.468 -3005.657 cv-wallbumps-all
941 0 19 652 0 -1 0 843.901 34.942 -2950.854 842.187 33.594 -2951.360 844.781 35.640 -2950.532 cv-wallbumps-all
942 0 19 653 0 -1 0 834.010 30.916 -2991.771 832.406 29.593 -2993.938 834.844 31.609 -2990.610 cv-wallbumps-all
943 0 19 654 0 -1 0 838.286 26.963 -2999.099 834.922 25.609 -2999.438 839.968 27.671 -2998.422 cv-wallbumps-all
944 0 19 656 0 -1 0 893.869 90.708 -2848.750 893.031 89.437 -2849.657 894.562 91.578 -2848.000 cv-wallbumps-all
945 0 19 318 0 -1 0 897.973 86.984 -2845.938 897.171 85.640 -2846.766 898.484 87.703 -2844.531 cv-wallbumps-all
946 0 19 657 0 -1 0 940.578 75.182 -2858.917 939.828 74.078 -2859.688 941.297 76.641 -2858.454 cv-wallbumps-all
947 0 19 658 0 -1 0 941.531 81.573 -2861.417 940.641 80.656 -2861.579 943.109 82.562 -2861.250 cv-wallbumps-all
948 0 19 659 0 -1 0 940.645 74.229 -2855.995 939.953 72.844 -2856.907 941.234 75.015 -2855.125 cv-wallbumps-all
949 0 19 660 0 -1 0 939.395 69.990 -2865.667 938.281 68.953 -2865.844 940.687 71.672 -2865.484 cv-wallbumps-all
950 0 19 661 0 -1 0 937.427 77.041 -2864.302 936.750 75.344 -2864.907 938.062 78.812 -2863.782 cv-wallbumps-all
951 0 19 662 0 -1 0 927.723 64.635 -2855.860 926.390 64.406 -2857.735 928.390 64.891 -2854.844 cv-wallbumps-all
952 0 19 663 0 -1 0 924.890 63.198 -2854.110 923.890 61.375 -2854.844 926.390 64.406 -2853.641 cv-wallbumps-all
953 0 19 664 0 -1 0 931.416 64.219 -2856.782 930.250 63.531 -2857.766 932.234 64.624 -2855.688 cv-wallbumps-all
954 0 19 665 0 -1 0 917.750 69.375 -2857.927 917.031 68.421 -2859.281 918.922 69.969 -2857.141 cv-wallbumps-all
955 0 19 15 0 -1 0 903.906 82.927 -2854.073 903.172 81.594 -2855.031 904.515 83.593 -2853.579 cv-wallbumps-all
956 0 19 666 0 -1 0 901.536 79.317 -2854.479 900.890 78.125 -2855.235 902.187 80.046 -2853.547 cv-wallbumps-all
957 0 19 667 0 -1 0 956.713 109.812 -2904.542 956.047 109.046 -2905.266 957.828 110.796 -2903.907 cv-wallbumps-all
958 0 19 23 0 -1 0 880.635 87.135 -2862.188 880.281 85.953 -2863.922 881.265 87.766 -2861.266 cv-wallbumps-all
959 0 19 668 0 -1 0 876.734 84.437 -2865.745 875.922 83.749 -2866.656 878.297 85.781 -2865.001 cv-wallbumps-all
960 0 19 669 0 -1 0 874.297 76.557 -2863.448 873.437 75.078 -2864.594 874.797 77.453 -2861.391 cv-wallbumps-all
961 0 19 670 0 -1 0 871.619 82.625 -2861.011 871.078 81.843 -2861.922 871.890 83.671 -2859.672 cv-wallbumps-all
962 0 19 671 0 -1 0 845.906 94.677 -2885.724 844.937 93.406 -2886.360 846.781 95.328 -2884.751 cv-wallbumps-all
963 0 19 148 0 -1 0 840.302 95.093 -2879.599 839.562 93.671 -2880.766 841.312 95.890 -2878.985 cv-wallbumps-all
964 0 19 672 0 -1 0 838.067 86.000 -2906.511 837.953 84.765 -2907.235 838.187 86.718 -2905.157 cv-wallbumps-all
965 0 19 673 0 -1 0 828.317 63.276 -2898.578 826.640 62.703 -2899.110 829.937 64.140 -2898.188 cv-wallbumps-all
966 0 19 151 0 -1 0 851.442 70.557 -2921.297 850.656 69.578 -2921.672 852.437 71.594 -2921.047 cv-wallbumps-all
967 0 19 674 0 -1 0 842.448 24.338 -2871.308 842.062 23.656 -2871.954 842.672 25.562 -2870.032 cv-wallbumps-all
968 0 19 675 0 -1 0 842.411 20.276 -2881.037 842.187 19.609 -2881.641 842.531 21.609 -2879.907 cv-wallbumps-all
969 0 19 676 0 -1 0 837.432 20.265 -2885.807 837.156 19.578 -2886.422 837.984 21.609 -2884.578 cv-wallbumps-all
970 0 19 520 0 -1 0 838.864 22.958 -2884.026 838.031 21.578 -2884.876 839.312 23.656 -2883.547 cv-wallbumps-all
971 0 19 678 0 -1 0 843.047 32.297 -2881.907 842.640 31.640 -2882.610 843.312 33.609 -2880.657 cv-wallbumps-all
972 0 19 679 0 -1 0 923.093 90.390 -2976.959 922.234 88.749 -2977.626 923.593 91.359 -2976.516 cv-wallbumps-all
973 0 19 680 0 -1 0 918.443 81.057 -2982.870 918.359 79.875 -2984.266 918.609 81.874 -2982.172 cv-wallbumps-all
974 0 19 681 0 -1 0 915.171 83.406 -2984.157 914.781 82.031 -2985.282 915.453 84.234 -2983.500 cv-wallbumps-all
975 0 19 682 0 -1 0 913.505 104.323 -2987.834 912.656 103.562 -2989.125 914.265 105.687 -2987.047 cv-wallbumps-all
976 0 19 683 0 -1 0 904.380 63.286 -2985.578 902.547 62.594 -2985.875 905.422 64.624 -2985.126 cv-wallbumps-all
977 0 19 434 0 -1 0 838.651 88.531 -2962.182 838.218 87.703 -2962.750 839.453 89.999 -2961.250 cv-wallbumps-all
978 0 19 433 0 -1 0 834.765 92.698 -2965.104 834.234 92.016 -2965.438 835.781 94.062 -2964.516 cv-wallbumps-all
979 0 19 684 0 -1 0 834.791 87.354 -2965.052 834.219 86.078 -2965.516 835.906 88.015 -2964.235 cv-wallbumps-all
980 0 19 432 0 -1 0 837.437 84.541 -2963.339 835.859 83.828 -2964.453 838.234 85.750 -2962.688 cv-wallbumps-all
981 0 19 686 0 -1 0 894.192 94.750 -2997.454 893.578 93.500 -2998.907 894.703 95.437 -2996.657 cv-wallbumps-all
982 0 19 687 0 -1 0 882.411 94.151 -2998.901 881.109 92.999 -2999.047 884.797 94.750 -2998.829 cv-wallbumps-all
983 0 19 554 0 -1 0 881.880 88.276 -2999.854 881.765 87.609 -3001.562 882.094 89.609 -2998.938 cv-wallbumps-all
984 0 19 688 0 -1 0 868.390 84.604 -3005.250 868.156 83.796 -3006.532 868.719 85.624 -3004.547 cv-wallbumps-all
985 0 19 689 0 -1 0 877.849 95.323 -3000.506 876.828 94.937 -3002.047 879.062 95.594 -2999.688 cv-wallbumps-all
986 0 19 690 0 -1 0 841.354 90.395 -2969.891 840.172 89.734 -2970.422 842.219 91.578 -2969.516 cv-wallbumps-all
987 0 19 550 0 -1 0 862.792 68.416 -3015.562 862.578 67.765 -3017.484 863.203 69.609 -3014.328 cv-wallbumps-all
988 0 19 691 0 -1 0 861.984 74.244 -3013.271 861.093 73.406 -3013.875 862.438 75.171 -3012.813 cv-wallbumps-all
989 0 19 692 0 -1 0 852.239 68.244 -3009.334 851.609 67.531 -3009.766 853.390 69.609 -3008.953 cv-wallbumps-all
990 0 19 693 0 -1 0 859.598 70.817 -3014.235 858.984 69.609 -3015.329 859.906 71.437 -3012.657 cv-wallbumps-all
991 0 19 694 0 -1 0 858.161 74.218 -3009.042 857.109 73.031 -3009.719 859.046 75.203 -3008.454 cv-wallbumps-all
992 0 19 695 0 -1 0 845.656 46.895 -2957.500 845.281 45.546 -2958.063 846.297 47.578 -2956.516 cv-wallbumps-all
993 0 19 697 0 -1 0 841.125 40.333 -2951.787 840.187 39.641 -2951.938 842.859 41.656 -2951.625 cv-wallbumps-all
994 0 19 311 0 -1 0 832.770 32.187 -2967.953 831.109 31.531 -2968.266 833.687 33.468 -2967.594 cv-wallbumps-all
995 0 19 698 0 -1 0 833.119 39.000 -2968.068 831.593 37.687 -2968.250 834.000 39.672 -2967.782 cv-wallbumps-all
996 0 19 700 0 -1 0 836.833 40.271 -2959.302 836.312 39.593 -2959.782 837.875 41.609 -2958.344 cv-wallbumps-all
997 0 19 701 0 -1 0 835.041 38.958 -2962.464 834.593 37.640 -2963.203 835.609 39.625 -2961.360 cv-wallbumps-all
998 0 19 702 0 -1 0 841.177 40.312 -2955.396 840.593 39.641 -2955.610 842.203 41.656 -2955.032 cv-wallbumps-all
999 0 19 703 0 -1 0 831.213 51.229 -2968.073 830.594 49.796 -2968.266 832.187 51.953 -2967.750 cv-wallbumps-all
1000 0 19 704 0 -1 0 840.224 29.052 -2940.297 839.187 27.843 -2941.563 841.109 30.390 -2939.532 cv-wallbumps-all
1001 0 19 705 0 -1 0 838.276 38.927 -2943.339 837.344 37.640 -2944.110 838.750 39.609 -2942.751 cv-wallbumps-all
1002 0 19 706 0 -1 0 841.417 42.963 -2947.099 839.343 41.609 -2947.563 842.687 43.640 -2946.422 cv-wallbumps-all
1003 0 19 469 0 -1 0 836.807 35.052 -2947.995 835.437 33.796 -2948.297 838.687 35.703 -2947.704 cv-wallbumps-all
1004 0 19 707 0 -1 0 841.666 34.953 -2955.511 840.750 33.594 -2955.766 843.406 35.640 -2955.047 cv-wallbumps-all
1005 0 19 708 0 -1 0 839.406 20.244 -2940.131 838.234 19.312 -2941.047 840.015 21.312 -2939.297 cv-wallbumps-all
1006 0 19 709 0 -1 0 835.583 27.562 -2941.479 834.343 27.203 -2942.422 836.406 28.218 -2940.766 cv-wallbumps-all
1007 0 19 90 0 -1 0 936.406 62.859 -2853.334 935.797 61.062 -2853.516 937.515 63.937 -2853.141 cv-wallbumps-all
1008 0 19 88 0 -1 0 916.703 71.484 -2858.193 915.547 71.062 -2859.001 917.297 71.781 -2857.547 cv-wallbumps-all
1009 0 19 710 0 -1 0 913.067 62.953 -2852.886 912.390 62.796 -2853.501 914.390 63.062 -2851.657 cv-wallbumps-all
1010 0 19 711 0 -1 0 900.390 62.995 -2863.568 899.469 61.718 -2864.422 901.172 63.641 -2862.813 cv-wallbumps-all
1011 0 19 712 0 -1 0 886.708 58.474 -2859.651 886.047 57.312 -2860.016 887.625 59.062 -2859.313 cv-wallbumps-all
1012 0 19 713 0 -1 0 962.614 102.989 -2876.974 962.390 101.609 -2878.391 962.766 103.719 -2876.219 cv-wallbumps-all
1013 0 19 116 0 -1 0 861.151 82.739 -2860.834 860.484 81.093 -2861.282 861.656 83.625 -2859.969 cv-wallbumps-all
1014 0 19 714 0 -1 0 856.703 78.979 -2861.573 855.812 78.796 -2862.235 858.109 79.203 -2860.469 cv-wallbumps-all
1015 0 19 715 0 -1 0 847.489 96.500 -2875.808 846.453 95.390 -2876.329 848.109 97.062 -2875.422 cv-wallbumps-all
1016 0 19 716 0 -1 0 844.390 99.599 -2875.865 842.937 98.562 -2876.235 845.219 100.218 -2875.407 cv-wallbumps-all
1017 0 19 717 0 -1 0 867.349 59.703 -2842.766 866.390 58.515 -2843.250 868.265 60.812 -2842.157 cv-wallbumps-all
1018 0 19 718 0 -1 0 866.572 59.521 -2835.740 865.484 58.656 -2837.234 867.203 60.750 -2834.891 cv-wallbumps-all
1019 0 19 719 0 -1 0 863.723 61.911 -2843.662 862.390 60.812 -2844.110 864.390 63.531 -2843.047 cv-wallbumps-all
1020 0 19 126 0 -1 0 855.630 64.453 -2845.131 854.218 63.547 -2845.766 856.359 65.093 -2844.172 cv-wallbumps-all
1021 0 19 506 0 -1 0 851.974 62.005 -2839.636 850.468 61.578 -2840.859 853.031 62.828 -2838.985 cv-wallbumps-all
1022 0 19 720 0 -1 0 838.557 56.359 -2868.677 837.515 55.734 -2869.501 839.078 57.609 -2868.266 cv-wallbumps-all
1023 0 19 721 0 -1 0 843.010 87.286 -2890.396 841.000 86.547 -2891.610 844.375 88.062 -2889.219 cv-wallbumps-all
1024 0 19 722 0 -1 0 836.072 67.015 -2890.386 834.672 65.672 -2890.703 837.125 67.718 -2890.094 cv-wallbumps-all
1025 0 19 723 0 -1 0 823.417 59.062 -2901.219 822.765 58.375 -2902.047 824.078 60.187 -2899.610 cv-wallbumps-all
1026 0 19 367 0 -1 0 823.901 62.656 -2895.302 823.812 61.624 -2896.719 823.968 63.562 -2894.594 cv-wallbumps-all
1027 0 19 724 0 -1 0 827.239 70.234 -2895.136 825.906 68.734 -2895.500 828.328 71.109 -2894.657 cv-wallbumps-all
1028 0 19 725 0 -1 0 824.604 66.265 -2905.907 824.140 64.906 -2906.797 825.047 66.953 -2904.282 cv-wallbumps-all
1029 0 19 726 0 -1 0 824.672 59.229 -2907.433 824.140 58.437 -2908.876 825.047 60.281 -2906.672 cv-wallbumps-all
1030 0 19 727 0 -1 0 824.838 62.578 -2910.188 824.500 61.437 -2910.907 825.031 63.375 -2908.844 cv-wallbumps-all
1031 0 19 728 0 -1 0 826.458 56.250 -2910.912 826.265 55.609 -2912.063 826.640 57.516 -2910.235 cv-wallbumps-all
1032 0 19 729 0 -1 0 831.489 54.995 -2913.354 829.609 53.624 -2913.562 832.765 55.688 -2913.094 cv-wallbumps-all
1033 0 19 730 0 -1 0 935.354 40.276 -2852.073 934.703 39.609 -2852.344 936.656 41.609 -2851.938 cv-wallbumps-all
1034 0 19 731 0 -1 0 893.026 49.068 -2850.245 892.031 48.266 -2850.766 893.625 49.578 -2849.250 cv-wallbumps-all
1035 0 19 394 0 -1 0 889.672 43.984 -2854.125 889.265 43.344 -2854.797 890.047 45.203 -2852.969 cv-wallbumps-all
1036 0 19 732 0 -1 0 895.640 45.531 -2849.412 894.812 44.374 -2849.844 896.109 46.218 -2848.579 cv-wallbumps-all
1037 0 19 733 0 -1 0 872.666 48.281 -2837.313 872.046 47.593 -2838.891 873.078 49.640 -2835.172 cv-wallbumps-all
1038 0 19 734 0 -1 0 860.911 52.406 -2829.125 860.375 51.687 -2829.813 861.922 53.766 -2828.735 cv-wallbumps-all
1039 0 19 735 0 -1 0 861.135 59.354 -2834.000 860.390 58.453 -2834.844 862.250 60.906 -2832.344 cv-wallbumps-all
1040 0 19 736 0 -1 0 880.224 42.828 -2866.385 879.015 41.468 -2866.656 880.922 43.531 -2866.078 cv-wallbumps-all
1041 0 19 737 0 -1 0 873.656 36.276 -2865.985 872.984 35.609 -2866.547 875.000 37.609 -2865.704 cv-wallbumps-all
1042 0 19 177 0 -1 0 857.531 46.849 -2828.656 856.875 45.297 -2828.813 858.719 47.625 -2828.469 cv-wallbumps-all
1043 0 19 738 0 -1 0 863.479 43.802 -2827.802 862.343 43.046 -2828.110 864.093 45.297 -2827.641 cv-wallbumps-all
1044 0 19 739 0 -1 0 853.760 39.661 -2827.870 853.062 39.000 -2828.062 855.000 40.969 -2827.657 cv-wallbumps-all
1045 0 19 176 0 -1 0 856.161 42.375 -2828.115 854.953 40.969 -2828.219 856.781 43.078 -2827.984 cv-wallbumps-all
1046 0 19 740 0 -1 0 838.354 37.771 -2917.485 837.937 36.594 -2918.391 839.172 38.687 -2916.969 cv-wallbumps-all
1047 0 19 741 0 -1 0 839.385 41.625 -2926.375 838.594 40.906 -2927.047 840.797 42.390 -2925.328 cv-wallbumps-all
1048 0 19 742 0 -1 0 836.015 48.432 -2914.854 835.656 47.625 -2915.875 836.734 49.625 -2914.344 cv-wallbumps-all
1049 0 19 743 0 -1 0 830.734 32.302 -2909.875 830.531 31.609 -2910.594 831.078 33.672 -2908.500 cv-wallbumps-all
1050 0 19 744 0 -1 0 834.849 32.302 -2914.328 833.234 31.625 -2914.344 835.656 33.625 -2914.297 cv-wallbumps-all
1051 0 19 746 0 -1 0 935.479 76.541 -2963.141 934.390 75.515 -2963.688 936.875 77.156 -2962.438 cv-wallbumps-all
1052 0 19 221 0 -1 0 912.947 52.927 -2934.599 912.281 52.000 -2935.876 913.468 54.718 -2933.844 cv-wallbumps-all
1053 0 19 747 0 -1 0 918.541 52.375 -2982.089 917.844 51.531 -2982.391 919.421 53.875 -2981.703 cv-wallbumps-all
1054 0 19 748 0 -1 0 902.151 58.099 -2976.776 900.906 57.437 -2976.907 902.812 59.328 -2976.516 cv-wallbumps-all
1055 0 19 227 0 -1 0 903.458 62.083 -2977.891 902.812 61.266 -2978.094 904.562 63.547 -2977.688 cv-wallbumps-all
1056 0 19 750 0 -1 0 904.411 63.625 -2975.078 903.859 62.140 -2976.312 904.812 64.656 -2974.328 cv-wallbumps-all
1057 0 19 751 0 -1 0 900.380 72.525 -2979.448 899.562 71.578 -2980.625 901.000 73.015 -2978.812 cv-wallbumps-all
1058 0 19 752 0 -1 0 904.703 55.682 -2987.365 904.093 54.796 -2987.969 905.703 57.422 -2986.485 cv-wallbumps-all
1059 0 19 753 0 -1 0 850.052 71.807 -2941.823 849.843 70.672 -2943.297 850.421 72.406 -2940.969 cv-wallbumps-all
1060 0 19 754 0 -1 0 847.000 52.156 -2956.729 844.984 51.469 -2957.094 848.203 53.515 -2956.266 cv-wallbumps-all
1061 0 19 755 0 -1 0 843.526 52.151 -2955.682 842.734 51.437 -2955.906 844.531 53.546 -2955.250 cv-wallbumps-all
1062 0 19 756 0 -1 0 844.135 54.885 -2955.907 843.312 53.546 -2956.172 845.468 55.593 -2955.641 cv-wallbumps-all
1063 0 19 757 0 -1 0 839.609 57.932 -2951.907 838.093 56.500 -2952.063 842.187 58.656 -2951.797 cv-wallbumps-all
1064 0 19 758 0 -1 0 839.479 64.588 -2948.735 838.922 63.625 -2949.922 839.844 65.672 -2948.126 cv-wallbumps-all
1065 0 19 759 0 -1 0 838.953 62.625 -2947.714 837.406 60.437 -2948.204 839.781 63.812 -2946.782 cv-wallbumps-all
1066 0 19 760 0 -1 0 839.395 71.364 -2968.782 838.672 70.000 -2968.969 840.437 72.187 -2968.672 cv-wallbumps-all
1067 0 19 761 0 -1 0 844.927 60.635 -2971.891 844.453 59.984 -2972.578 845.187 61.922 -2970.719 cv-wallbumps-all
1068 0 19 242 0 -1 0 838.510 75.286 -2962.511 837.015 73.859 -2963.344 839.437 76.062 -2962.078 cv-wallbumps-all
1069 0 19 762 0 -1 0 840.750 72.573 -2965.396 840.187 71.859 -2966.032 841.296 73.703 -2964.282 cv-wallbumps-all
1070 0 19 439 0 -1 0 839.250 60.687 -2963.349 838.812 59.812 -2964.344 839.797 62.125 -2962.719 cv-wallbumps-all
1071 0 19 763 0 -1 0 840.958 63.385 -2964.787 839.906 62.078 -2965.344 841.609 64.046 -2963.969 cv-wallbumps-all
1072 0 19 267 0 -1 0 839.172 87.078 -2999.709 837.500 85.609 -3000.032 840.031 88.015 -2999.109 cv-wallbumps-all
1073 0 19 764 0 -1 0 868.567 74.302 -3004.891 867.344 73.047 -3005.766 869.922 75.281 -3003.297 cv-wallbumps-all
1074 0 19 765 0 -1 0 876.495 72.036 -3002.479 875.046 71.125 -3003.422 877.219 73.609 -3001.735 cv-wallbumps-all
1075 0 19 766 0 -1 0 880.927 61.401 -2997.370 880.453 60.687 -2998.969 881.781 62.093 -2996.563 cv-wallbumps-all
1076 0 19 560 0 -1 0 884.974 64.297 -2995.490 883.922 63.625 -2995.579 885.812 65.625 -2995.359 cv-wallbumps-all
1077 0 19 767 0 -1 0 862.276 59.656 -3004.079 861.390 58.656 -3006.079 862.765 60.234 -3002.750 cv-wallbumps-all
1078 0 19 768 0 -1 0 842.297 68.734 -2984.386 841.484 68.078 -2984.766 842.766 70.015 -2983.656 cv-wallbumps-all
1079 0 19 769 0 -1 0 833.500 72.693 -2994.651 833.359 72.031 -2995.922 833.781 74.015 -2994.000 cv-wallbumps-all
1080 0 19 770 0 -1 0 845.770 22.875 -2947.714 845.093 21.500 -2949.016 846.297 23.578 -2946.485 cv-wallbumps-all
1081 0 19 771 0 -1 0 845.453 16.093 -2947.740 844.672 15.265 -2949.078 846.281 17.734 -2946.500 cv-wallbumps-all
1082 0 19 772 0 -1 0 841.323 26.911 -2952.011 840.609 25.515 -2952.188 842.531 27.609 -2951.907 cv-wallbumps-all
1083 0 19 773 0 -1 0 842.067 16.291 -2955.646 841.140 15.546 -2956.235 843.406 17.750 -2955.016 cv-wallbumps-all
1084 0 19 774 0 -1 0 838.692 39.708 -2931.318 837.593 38.562 -2932.469 839.578 40.468 -2930.734 cv-wallbumps-all
1085 0 19 775 0 -1 0 843.052 31.895 -2929.787 842.062 31.265 -2930.438 844.265 32.703 -2928.547 cv-wallbumps-all
1086 0 19 776 0 -1 0 871.620 23.041 -2992.204 871.094 21.609 -2993.313 872.422 23.766 -2991.047 cv-wallbumps-all
1087 0 19 583 0 -1 0 854.406 35.015 -3003.641 853.937 33.718 -3004.688 854.828 35.671 -3002.969 cv-wallbumps-all
1088 0 19 777 0 -1 0 849.760 16.057 -3008.854 849.265 15.219 -3009.453 850.468 17.718 -3007.656 cv-wallbumps-all
1089 0 20 779 0 -1 0 928.062 89.942 -2851.943 927.468 89.093 -2853.063 928.500 91.297 -2850.532 cv-wall-stal-stripe-02
1090 0 20 780 0 -1 0 919.833 96.427 -2853.563 918.547 95.437 -2854.172 920.875 97.906 -2853.203 cv-wall-stal-stripe-02
1091 0 20 781 0 -1 0 944.151 58.187 -2851.995 942.500 56.593 -2852.719 945.796 59.124 -2851.328 cv-wall-stal-stripe-02
1092 0 20 782 0 -1 0 947.453 57.870 -2853.537 946.297 56.578 -2854.188 948.453 58.593 -2852.751 cv-wall-stal-stripe-02
1093 0 20 784 0 -1 0 911.739 70.843 -2866.099 910.843 69.546 -2866.641 912.437 71.781 -2865.360 cv-wall-stal-stripe-02
1094 0 20 785 0 -1 0 906.073 73.640 -2860.677 905.031 72.531 -2860.969 906.968 74.593 -2860.297 cv-wall-stal-stripe-02
1095 0 20 787 0 -1 0 898.156 107.307 -2893.688 896.812 106.094 -2894.204 899.843 108.312 -2892.922 cv-wall-stal-stripe-02
1096 0 20 141 0 -1 0 889.484 101.323 -2907.177 889.078 100.094 -2907.672 890.219 101.969 -2906.313 cv-wall-stal-stripe-02
1097 0 20 788 0 -1 0 890.390 99.182 -2898.573 889.000 98.203 -2899.313 892.265 100.312 -2898.000 cv-wall-stal-stripe-02
1098 0 20 789 0 -1 0 888.463 106.583 -2900.193 887.640 106.031 -2900.688 889.984 107.578 -2899.610 cv-wall-stal-stripe-02
1099 0 20 327 0 -1 0 893.083 96.463 -2889.302 891.422 95.499 -2889.953 894.406 98.062 -2888.735 cv-wall-stal-stripe-02
1100 0 20 478 0 -1 0 889.343 98.812 -2896.688 887.890 97.750 -2897.453 891.062 99.953 -2895.703 cv-wall-stal-stripe-02
1101 0 20 790 0 -1 0 892.640 108.307 -2891.042 892.187 107.124 -2892.062 893.062 108.984 -2889.844 cv-wall-stal-stripe-02
1102 0 20 791 0 -1 0 891.489 105.614 -2891.693 889.750 104.734 -2892.219 892.531 107.124 -2891.219 cv-wall-stal-stripe-02
1103 0 20 792 0 -1 0 887.167 106.349 -2897.865 886.594 105.750 -2898.376 888.234 107.500 -2897.406 cv-wall-stal-stripe-02
1104 0 20 477 0 -1 0 934.781 82.666 -2900.047 932.531 81.421 -2900.453 936.609 83.500 -2899.704 cv-wall-stal-stripe-02
1105 0 20 329 0 -1 0 941.317 80.109 -2893.141 940.156 78.234 -2893.422 942.422 81.484 -2892.735 cv-wall-stal-stripe-02
1106 0 20 793 0 -1 0 937.255 74.312 -2902.709 936.297 73.296 -2903.672 937.952 75.922 -2901.657 cv-wall-stal-stripe-02
1107 0 20 794 0 -1 0 939.187 75.969 -2897.792 938.421 74.844 -2898.219 940.172 77.719 -2897.016 cv-wall-stal-stripe-02
1108 0 20 795 0 -1 0 922.354 61.843 -2924.980 921.796 60.625 -2925.813 922.968 62.453 -2923.938 cv-wall-stal-stripe-02
1109 0 20 797 0 -1 0 925.026 61.604 -2926.912 923.547 60.641 -2927.610 925.969 62.093 -2926.250 cv-wall-stal-stripe-02
1110 0 20 799 0 -1 0 911.453 58.468 -2926.526 911.125 57.406 -2927.641 911.844 60.422 -2925.875 cv-wall-stal-stripe-02
1111 0 20 800 0 -1 0 882.760 115.604 -2882.131 881.890 114.203 -2883.110 883.312 117.984 -2881.079 cv-wall-stal-stripe-02
1112 0 20 801 0 -1 0 876.109 114.073 -2881.839 875.515 112.687 -2883.079 876.968 116.000 -2881.032 cv-wall-stal-stripe-02
1113 0 20 802 0 -1 0 873.781 113.823 -2883.396 873.156 112.531 -2884.876 874.250 115.703 -2882.641 cv-wall-stal-stripe-02
1114 0 20 803 0 -1 0 870.026 113.708 -2886.454 869.203 112.578 -2887.625 870.484 115.906 -2884.985 cv-wall-stal-stripe-02
1115 0 20 333 0 -1 0 867.578 117.776 -2886.047 866.437 115.671 -2886.969 868.156 118.859 -2884.922 cv-wall-stal-stripe-02
1116 0 20 805 0 -1 0 851.041 110.969 -2865.006 850.750 109.750 -2865.922 851.359 111.688 -2864.188 cv-wall-stal-stripe-02
1117 0 20 808 0 -1 0 846.718 87.849 -2870.339 846.093 86.531 -2871.078 847.343 89.218 -2869.532 cv-wall-stal-stripe-02
1118 0 20 146 0 -1 0 847.692 84.427 -2888.948 846.890 83.265 -2889.922 848.109 85.515 -2888.391 cv-wall-stal-stripe-02
1119 0 20 811 0 -1 0 855.646 59.578 -2839.370 854.687 58.078 -2839.719 856.484 60.828 -2838.735 cv-wall-stal-stripe-02
1120 0 20 813 0 -1 0 858.093 62.177 -2865.594 857.125 61.015 -2865.844 859.125 62.843 -2865.344 cv-wall-stal-stripe-02
1121 0 20 115 0 -1 0 873.494 67.036 -2873.985 872.359 65.594 -2874.876 874.625 68.515 -2873.422 cv-wall-stal-stripe-02
1122 0 20 817 0 -1 0 841.572 64.536 -2869.537 840.750 63.187 -2870.282 842.562 65.265 -2868.407 cv-wall-stal-stripe-02
1123 0 20 819 0 -1 0 837.396 69.057 -2883.432 835.297 68.172 -2883.828 839.141 69.687 -2882.907 cv-wall-stal-stripe-02
1124 0 20 820 0 -1 0 858.552 110.276 -2885.089 857.828 107.796 -2885.657 859.765 111.641 -2884.751 cv-wall-stal-stripe-02
1125 0 20 821 0 -1 0 874.224 114.218 -2913.771 872.422 113.187 -2914.203 875.281 115.281 -2913.172 cv-wall-stal-stripe-02
1126 0 20 822 0 -1 0 870.671 107.526 -2914.099 869.546 105.843 -2914.782 871.984 108.890 -2913.453 cv-wall-stal-stripe-02
1127 0 20 483 0 -1 0 876.807 109.666 -2913.729 875.703 108.265 -2914.360 878.062 110.906 -2913.297 cv-wall-stal-stripe-02
1128 0 20 823 0 -1 0 879.312 108.396 -2911.229 878.140 107.843 -2911.750 880.203 109.484 -2910.375 cv-wall-stal-stripe-02
1129 0 20 824 0 -1 0 865.948 108.745 -2903.125 864.344 107.562 -2903.329 867.078 110.781 -2902.735 cv-wall-stal-stripe-02
1130 0 20 140 0 -1 0 870.552 94.708 -2886.563 869.546 93.422 -2887.141 871.172 96.031 -2886.032 cv-wall-stal-stripe-02
1131 0 20 825 0 -1 0 875.427 92.354 -2884.271 874.797 91.171 -2885.828 876.203 94.328 -2882.719 cv-wall-stal-stripe-02
1132 0 20 826 0 -1 0 873.744 97.047 -2881.646 873.109 96.140 -2883.047 874.390 98.499 -2880.579 cv-wall-stal-stripe-02
1133 0 20 119 0 -1 0 877.333 100.458 -2881.172 876.531 98.687 -2882.438 878.093 101.640 -2880.328 cv-wall-stal-stripe-02
1134 0 20 828 0 -1 0 875.396 99.125 -2914.808 873.906 97.750 -2915.032 876.250 100.078 -2914.485 cv-wall-stal-stripe-02
1135 0 20 829 0 -1 0 865.500 96.948 -2900.537 863.625 96.781 -2901.703 866.875 97.156 -2899.516 cv-wall-stal-stripe-02
1136 0 20 830 0 -1 0 864.234 99.833 -2896.136 863.375 98.922 -2897.266 864.953 100.515 -2895.235 cv-wall-stal-stripe-02
1137 0 20 831 0 -1 0 843.151 76.489 -2886.500 842.609 75.140 -2887.594 843.750 77.234 -2885.922 cv-wall-stal-stripe-02
1138 0 20 832 0 -1 0 841.937 73.703 -2885.521 841.031 72.828 -2885.922 842.609 75.140 -2884.751 cv-wall-stal-stripe-02
1139 0 20 365 0 -1 0 833.895 79.703 -2894.474 832.562 78.438 -2895.047 835.203 81.062 -2893.828 cv-wall-stal-stripe-02
1140 0 20 834 0 -1 0 828.724 56.880 -2901.094 827.843 56.281 -2901.859 829.203 57.828 -2900.219 cv-wall-stal-stripe-02
1141 0 20 835 0 -1 0 830.838 63.109 -2913.292 829.984 62.109 -2914.031 831.500 63.766 -2912.438 cv-wall-stal-stripe-02
1142 0 20 836 0 -1 0 840.021 70.974 -2904.854 839.875 69.656 -2905.469 840.265 71.641 -2903.812 cv-wall-stal-stripe-02
1143 0 20 837 0 -1 0 843.562 76.640 -2904.724 843.391 75.218 -2905.860 843.750 77.609 -2903.719 cv-wall-stal-stripe-02
1144 0 20 838 0 -1 0 844.317 64.833 -2915.787 843.640 63.984 -2917.078 845.266 65.437 -2915.125 cv-wall-stal-stripe-02
1145 0 20 839 0 -1 0 951.948 46.302 -2856.438 950.781 45.188 -2857.469 952.953 46.874 -2855.063 cv-wall-stal-stripe-02
1146 0 20 840 0 -1 0 943.640 37.312 -2865.427 942.859 36.578 -2865.985 944.187 37.906 -2864.625 cv-wall-stal-stripe-02
1147 0 20 841 0 -1 0 945.937 37.484 -2867.370 944.702 36.578 -2867.828 946.968 38.047 -2867.063 cv-wall-stal-stripe-02
1148 0 20 842 0 -1 0 934.500 50.729 -2853.230 933.344 50.109 -2855.125 935.531 51.109 -2851.422 cv-wall-stal-stripe-02
1149 0 20 843 0 -1 0 942.145 46.052 -2859.729 941.187 45.312 -2860.282 943.156 46.656 -2858.969 cv-wall-stal-stripe-02
1150 0 20 846 0 -1 0 955.672 44.343 -2888.073 954.531 43.562 -2888.282 956.359 45.703 -2887.734 cv-wall-stal-stripe-02
1151 0 20 847 0 -1 0 934.911 43.458 -2854.959 933.797 42.531 -2856.188 935.719 44.812 -2854.063 cv-wall-stal-stripe-02
1152 0 20 848 0 -1 0 924.385 43.021 -2855.375 923.922 41.781 -2856.469 924.719 43.703 -2854.829 cv-wall-stal-stripe-02
1153 0 20 851 0 -1 0 924.635 48.208 -2855.349 924.406 47.531 -2856.454 924.859 49.437 -2854.782 cv-wall-stal-stripe-02
1154 0 20 853 0 -1 0 948.104 39.094 -2922.370 946.750 37.922 -2922.782 949.281 40.031 -2922.141 cv-wall-stal-stripe-02
1155 0 20 854 0 -1 0 947.604 54.458 -2913.448 947.234 53.156 -2914.047 947.828 55.406 -2912.438 cv-wall-stal-stripe-02
1156 0 20 855 0 -1 0 945.229 53.620 -2919.870 944.078 52.750 -2919.938 946.031 54.750 -2919.812 cv-wall-stal-stripe-02
1157 0 20 857 0 -1 0 915.562 44.067 -2930.667 915.375 43.031 -2932.157 915.750 44.609 -2929.328 cv-wall-stal-stripe-02
1158 0 20 858 0 -1 0 924.583 44.119 -2927.620 923.640 42.937 -2928.219 925.531 44.765 -2926.985 cv-wall-stal-stripe-02
1159 0 20 860 0 -1 0 932.255 29.995 -2924.657 931.625 28.968 -2925.422 932.828 30.968 -2924.016 cv-wall-stal-stripe-02
1160 0 20 861 0 -1 0 908.864 33.375 -2893.776 908.078 32.687 -2894.641 909.437 34.562 -2893.141 cv-wall-stal-stripe-02
1161 0 20 862 0 -1 0 903.286 46.359 -2922.360 902.343 45.156 -2923.219 904.578 46.984 -2921.360 cv-wall-stal-stripe-02
1162 0 20 863 0 -1 0 928.750 11.864 -2897.579 928.187 10.062 -2898.266 929.874 13.531 -2897.235 cv-wall-stal-stripe-02
1163 0 20 864 0 -1 0 914.817 15.291 -2899.651 914.500 12.984 -2900.407 915.297 18.203 -2898.985 cv-wall-stal-stripe-02
1164 0 20 865 0 -1 0 914.760 22.260 -2896.584 913.937 20.687 -2897.250 915.562 24.234 -2895.750 cv-wall-stal-stripe-02
1165 0 20 866 0 -1 0 911.104 12.781 -2889.901 909.546 9.672 -2890.672 912.656 15.625 -2889.484 cv-wall-stal-stripe-02
1166 0 20 391 0 -1 0 873.578 44.599 -2861.938 873.093 43.609 -2862.547 874.265 46.078 -2860.766 cv-wall-stal-stripe-02
1167 0 20 870 0 -1 0 863.745 42.578 -2875.771 862.750 41.468 -2877.234 864.797 43.140 -2874.812 cv-wall-stal-stripe-02
1168 0 20 872 0 -1 0 882.781 35.703 -2894.912 882.297 35.140 -2895.766 883.484 36.562 -2894.313 cv-wall-stal-stripe-02
1169 0 20 873 0 -1 0 869.026 32.463 -2893.688 868.094 31.688 -2894.594 869.922 32.984 -2892.703 cv-wall-stal-stripe-02
1170 0 20 874 0 -1 0 887.005 10.911 -2885.709 886.156 9.890 -2886.438 887.484 12.672 -2884.735 cv-wall-stal-stripe-02
1171 0 20 875 0 -1 0 889.718 20.291 -2884.584 888.234 18.687 -2885.282 890.484 21.140 -2883.797 cv-wall-stal-stripe-02
1172 0 20 876 0 -1 0 882.687 16.224 -2886.604 881.249 15.359 -2887.500 883.531 17.750 -2885.407 cv-wall-stal-stripe-02
1173 0 20 877 0 -1 0 881.338 15.020 -2889.396 880.437 14.406 -2890.438 881.874 15.890 -2888.407 cv-wall-stal-stripe-02
1174 0 20 880 0 -1 0 855.172 44.854 -2911.802 854.578 43.937 -2913.344 855.672 46.531 -2910.922 cv-wall-stal-stripe-02
1175 0 20 513 0 -1 0 841.250 37.468 -2903.854 840.843 36.296 -2905.844 842.000 39.672 -2902.516 cv-wall-stal-stripe-02
1176 0 20 191 0 -1 0 835.380 43.031 -2913.391 835.109 41.765 -2914.344 835.656 43.703 -2912.360 cv-wall-stal-stripe-02
1177 0 20 881 0 -1 0 855.343 15.401 -2913.646 854.984 14.359 -2914.344 855.703 17.406 -2912.360 cv-wall-stal-stripe-02
1178 0 20 882 0 -1 0 925.442 111.401 -2952.318 924.500 110.187 -2954.688 926.453 112.078 -2950.126 cv-wall-stal-stripe-02
1179 0 20 404 0 -1 0 923.781 110.828 -2958.417 923.109 109.750 -2959.219 924.578 111.625 -2957.063 cv-wall-stal-stripe-02
1180 0 20 883 0 -1 0 923.922 108.385 -2955.954 923.656 107.625 -2957.063 924.125 109.750 -2954.547 cv-wall-stal-stripe-02
1181 0 20 885 0 -1 0 929.041 107.765 -2945.521 928.500 106.656 -2946.109 929.921 109.359 -2945.063 cv-wall-stal-stripe-02
1182 0 20 886 0 -1 0 929.020 110.963 -2945.636 928.156 109.359 -2946.938 930.203 111.922 -2944.907 cv-wall-stal-stripe-02
1183 0 20 887 0 -1 0 927.145 96.776 -2951.938 926.656 95.766 -2953.047 928.015 97.547 -2950.844 cv-wall-stal-stripe-02
1184 0 20 213 0 -1 0 925.046 80.291 -2929.302 924.500 78.625 -2929.875 925.906 81.937 -2928.688 cv-wall-stal-stripe-02
1185 0 20 890 0 -1 0 932.849 97.135 -2950.917 931.953 95.546 -2952.016 934.109 98.109 -2950.126 cv-wall-stal-stripe-02
1186 0 20 894 0 -1 0 941.901 82.031 -2955.870 941.172 80.703 -2956.876 942.703 82.812 -2954.828 cv-wall-stal-stripe-02
1187 0 20 212 0 -1 0 939.047 82.114 -2951.912 937.874 80.687 -2952.360 939.937 82.953 -2951.125 cv-wall-stal-stripe-02
1188 0 20 895 0 -1 0 929.739 95.364 -2972.823 929.078 94.640 -2973.282 930.265 96.718 -2971.906 cv-wall-stal-stripe-02
1189 0 20 896 0 -1 0 921.239 97.099 -2978.459 919.547 96.046 -2980.032 922.406 98.125 -2977.391 cv-wall-stal-stripe-02
1190 0 20 897 0 -1 0 920.156 84.052 -2977.136 918.672 83.515 -2977.578 921.781 85.109 -2976.469 cv-wall-stal-stripe-02
1191 0 20 898 0 -1 0 889.255 94.291 -2999.193 888.281 92.921 -2999.719 889.828 95.390 -2998.782 cv-wall-stal-stripe-02
1192 0 20 67 0 -1 0 903.021 90.911 -2984.969 901.844 90.094 -2985.704 904.500 91.328 -2983.969 cv-wall-stal-stripe-02
1193 0 20 899 0 -1 0 934.041 65.166 -2947.011 933.203 63.890 -2948.032 934.672 65.999 -2945.516 cv-wall-stal-stripe-02
1194 0 20 901 0 -1 0 931.390 56.843 -2943.677 930.468 56.031 -2943.782 932.468 58.250 -2943.610 cv-wall-stal-stripe-02
1195 0 20 902 0 -1 0 916.510 64.578 -2946.079 914.859 63.078 -2946.578 918.484 65.734 -2945.126 cv-wall-stal-stripe-02
1196 0 20 903 0 -1 0 927.229 53.505 -2936.172 926.734 52.672 -2937.297 927.890 54.140 -2935.094 cv-wall-stal-stripe-02
1197 0 20 904 0 -1 0 930.677 81.500 -2962.183 929.343 80.687 -2963.001 932.109 82.219 -2961.766 cv-wall-stal-stripe-02
1198 0 20 905 0 -1 0 916.718 52.927 -2937.808 915.562 52.296 -2938.594 917.828 53.484 -2937.313 cv-wall-stal-stripe-02
1199 0 20 908 0 -1 0 892.526 55.874 -2966.959 891.312 54.796 -2967.672 893.734 56.468 -2966.235 cv-wall-stal-stripe-02
1200 0 20 909 0 -1 0 853.093 82.880 -2945.344 851.171 82.109 -2945.672 854.672 83.562 -2944.688 cv-wall-stal-stripe-02
1201 0 20 911 0 -1 0 870.812 95.989 -2943.704 870.000 93.844 -2944.735 871.375 97.609 -2942.657 cv-wall-stal-stripe-02
1202 0 20 912 0 -1 0 883.177 76.552 -2932.578 882.578 75.687 -2933.672 883.718 77.078 -2931.563 cv-wall-stal-stripe-02
1203 0 20 913 0 -1 0 881.958 70.864 -2940.067 881.296 70.156 -2940.969 882.656 71.875 -2938.997 cv-wall-stal-stripe-02
1204 0 20 914 0 -1 0 890.119 72.255 -2940.000 889.312 71.250 -2940.641 890.734 73.406 -2939.016 cv-wall-stal-stripe-02
1205 0 20 915 0 -1 0 883.349 74.734 -2939.339 882.406 74.094 -2940.141 883.969 75.391 -2938.719 cv-wall-stal-stripe-02
1206 0 20 916 0 -1 0 843.765 73.297 -2944.782 842.937 72.640 -2945.391 844.234 74.437 -2943.782 cv-wall-stal-stripe-02
1207 0 20 917 0 -1 0 841.468 79.672 -2936.089 841.171 78.078 -2937.204 841.984 81.265 -2934.969 cv-wall-stal-stripe-02
1208 0 20 919 0 -1 0 852.067 61.724 -2936.131 849.906 61.234 -2936.579 853.219 62.703 -2935.391 cv-wall-stal-stripe-02
1209 0 20 920 0 -1 0 837.135 62.802 -2936.115 836.140 62.453 -2936.813 838.469 63.125 -2935.376 cv-wall-stal-stripe-02
1210 0 20 437 0 -1 0 842.781 55.145 -2931.943 841.874 54.312 -2932.500 843.859 55.656 -2931.453 cv-wall-stal-stripe-02
1211 0 20 923 0 -1 0 844.271 56.343 -2935.537 842.766 55.109 -2935.860 846.234 57.547 -2935.031 cv-wall-stal-stripe-02
1212 0 20 262 0 -1 0 863.276 93.687 -3005.094 862.640 92.547 -3005.766 863.766 94.890 -3004.531 cv-wall-stal-stripe-02
1213 0 20 927 0 -1 0 859.396 94.312 -3005.802 858.609 93.203 -3006.250 860.000 95.265 -3005.454 cv-wall-stal-stripe-02
1214 0 20 929 0 -1 0 852.479 85.401 -2990.344 850.828 84.374 -2990.844 854.281 86.093 -2989.672 cv-wall-stal-stripe-02
1215 0 20 930 0 -1 0 845.781 85.015 -2997.724 845.484 83.297 -2999.563 846.171 85.875 -2995.657 cv-wall-stal-stripe-02
1216 0 20 931 0 -1 0 846.494 84.698 -2992.844 845.891 83.359 -2993.626 847.578 85.609 -2991.938 cv-wall-stal-stripe-02
1217 0 20 933 0 -1 0 873.484 69.427 -3008.907 873.015 68.781 -3010.063 874.078 69.984 -3007.563 cv-wall-stal-stripe-02
1218 0 20 934 0 -1 0 865.937 64.682 -3014.802 865.390 64.093 -3016.797 866.672 65.562 -3013.532 cv-wall-stal-stripe-02
1219 0 20 935 0 -1 0 862.120 73.943 -3001.625 861.812 72.812 -3002.344 862.547 74.562 -3000.579 cv-wall-stal-stripe-02
1220 0 20 937 0 -1 0 879.745 61.541 -3002.589 878.890 60.968 -3003.469 880.359 62.391 -3001.782 cv-wall-stal-stripe-02
1221 0 20 938 0 -1 0 854.927 85.437 -2994.141 854.281 84.750 -2994.922 856.125 86.031 -2993.688 cv-wall-stal-stripe-02
1222 0 20 939 0 -1 0 836.937 64.885 -2989.360 835.984 64.156 -2989.688 838.218 66.234 -2988.985 cv-wall-stal-stripe-02
1223 0 20 941 0 -1 0 937.323 30.182 -2932.922 937.000 29.281 -2933.875 937.812 30.812 -2932.032 cv-wall-stal-stripe-02
1224 0 20 942 0 -1 0 924.614 45.062 -2938.537 923.656 44.094 -2939.235 925.546 45.703 -2937.891 cv-wall-stal-stripe-02
1225 0 20 943 0 -1 0 926.823 44.411 -2934.276 926.562 43.250 -2935.641 927.250 45.250 -2933.047 cv-wall-stal-stripe-02
1226 0 20 944 0 -1 0 913.348 44.635 -2935.229 912.468 43.469 -2935.938 913.937 45.859 -2934.344 cv-wall-stal-stripe-02
1227 0 20 452 0 -1 0 928.505 38.823 -2968.250 928.172 37.672 -2969.391 928.984 39.562 -2967.031 cv-wall-stal-stripe-02
1228 0 20 454 0 -1 0 923.093 38.922 -2976.818 921.281 37.624 -2977.235 924.359 39.984 -2976.141 cv-wall-stal-stripe-02
1229 0 20 75 0 -1 0 924.666 20.786 -2977.006 923.422 20.094 -2977.610 925.312 22.093 -2976.438 cv-wall-stal-stripe-02
1230 0 20 948 0 -1 0 889.932 36.979 -2965.849 888.656 35.812 -2965.985 890.922 37.766 -2965.641 cv-wall-stal-stripe-02
1231 0 20 950 0 -1 0 870.885 43.526 -2987.833 870.812 42.562 -2989.156 870.953 44.125 -2986.578 cv-wall-stal-stripe-02
1232 0 20 951 0 -1 0 838.911 48.437 -2997.693 837.687 47.688 -2999.485 839.812 49.937 -2996.078 cv-wall-stal-stripe-02
1233 0 20 953 0 -1 0 837.125 51.442 -2994.438 836.359 49.968 -2995.266 838.390 52.234 -2993.907 cv-wall-stal-stripe-02
1234 0 20 289 0 -1 0 835.593 48.812 -2993.698 834.546 47.890 -2994.094 836.359 49.968 -2993.094 cv-wall-stal-stripe-02
1235 0 20 954 0 -1 0 949.140 54.005 -2867.641 948.172 53.718 -2868.641 950.093 54.453 -2866.828 cv-wall-stal-stripe-02
1236 0 20 955 0 -1 0 948.567 58.557 -2871.094 946.609 57.516 -2871.422 950.531 59.297 -2870.829 cv-wall-stal-stripe-02
1237 0 20 956 0 -1 0 948.401 53.333 -2869.782 947.781 52.609 -2870.313 949.109 54.031 -2868.844 cv-wall-stal-stripe-02
1238 0 20 957 0 -1 0 944.969 58.343 -2870.636 943.141 57.000 -2871.422 946.609 59.171 -2869.969 cv-wall-stal-stripe-02
1239 0 20 959 0 -1 0 946.468 75.385 -2866.808 945.343 74.046 -2867.688 948.016 76.156 -2866.047 cv-wall-stal-stripe-02
1240 0 20 960 0 -1 0 942.625 63.281 -2906.287 941.625 62.156 -2906.969 943.437 64.062 -2905.297 cv-wall-stal-stripe-02
1241 0 20 961 0 -1 0 937.588 58.453 -2911.115 936.109 57.000 -2911.876 939.297 59.203 -2910.391 cv-wall-stal-stripe-02
1242 0 20 962 0 -1 0 924.333 22.463 -2872.157 923.062 21.437 -2872.532 925.344 23.297 -2871.782 cv-wall-stal-stripe-02
1243 0 20 963 0 -1 0 930.625 15.489 -2905.881 930.421 14.562 -2907.079 930.828 16.953 -2904.844 cv-wall-stal-stripe-02
1244 0 20 964 0 -1 0 834.244 48.552 -2910.224 833.093 47.593 -2910.516 835.140 49.594 -2909.703 cv-wall-stal-stripe-02
1245 0 20 190 0 -1 0 834.864 48.068 -2911.381 834.219 47.453 -2912.344 835.234 49.156 -2910.453 cv-wall-stal-stripe-02
1246 0 20 965 0 -1 0 918.385 109.766 -2948.214 918.140 108.750 -2949.125 918.812 110.312 -2947.297 cv-wall-stal-stripe-02
1247 0 20 966 0 -1 0 929.953 86.041 -2972.672 929.203 84.812 -2973.219 930.672 86.734 -2971.797 cv-wall-stal-stripe-02
1248 0 20 968 0 -1 0 926.463 60.833 -2935.641 925.734 60.547 -2936.297 927.265 61.281 -2934.391 cv-wall-stal-stripe-02
1249 0 20 416 0 -1 0 897.380 61.114 -2935.214 896.922 60.343 -2936.594 898.172 62.547 -2934.469 cv-wall-stal-stripe-02
1250 0 20 969 0 -1 0 893.192 64.687 -2978.750 893.062 63.343 -2979.984 893.281 65.374 -2978.094 cv-wall-stal-stripe-02
1251 0 20 970 0 -1 0 891.875 72.520 -2978.026 891.687 71.406 -2978.891 892.156 73.218 -2977.188 cv-wall-stal-stripe-02
1252 0 20 971 0 -1 0 910.958 30.198 -2978.735 910.250 29.250 -2979.844 911.328 30.968 -2977.953 cv-wall-stal-stripe-02
1253 0 20 972 0 -1 0 893.406 43.177 -2956.115 892.641 42.125 -2956.938 893.812 43.703 -2955.626 cv-wall-stal-stripe-02
1254 0 20 975 0 -1 0 902.156 99.416 -2905.042 901.125 98.546 -2906.172 902.984 100.687 -2903.750 cv-wall-stal-stripe-02
1255 0 20 976 0 -1 0 901.062 117.427 -2910.563 900.500 115.359 -2912.016 902.015 118.625 -2908.672 cv-wall-stal-stripe-02
1256 0 20 977 0 -1 0 942.671 69.229 -2894.479 941.625 68.078 -2895.000 943.578 70.578 -2894.032 cv-wall-stal-stripe-02
1257 0 20 166 0 -1 0 944.343 15.010 -2929.657 943.593 13.703 -2929.735 945.843 15.688 -2929.500 cv-wall-stal-stripe-02
1258 0 20 979 0 -1 0 871.167 32.292 -2898.110 871.094 31.328 -2899.438 871.234 32.891 -2896.844 cv-wall-stal-stripe-02
1259 0 20 980 0 -1 0 844.818 11.771 -2907.693 844.359 9.843 -2908.500 845.453 12.750 -2907.032 cv-wall-stal-stripe-02
1260 0 20 982 0 -1 0 841.099 19.755 -2906.854 840.453 18.687 -2907.688 841.937 21.844 -2906.422 cv-wall-stal-stripe-02
1261 0 20 984 0 -1 0 922.463 80.448 -2949.782 921.718 79.719 -2950.829 923.469 81.281 -2949.250 cv-wall-stal-stripe-02
1262 0 20 985 0 -1 0 921.755 78.187 -2945.339 921.109 77.687 -2946.797 922.484 78.687 -2943.844 cv-wall-stal-stripe-02
1263 0 20 986 0 -1 0 920.885 76.296 -2948.901 919.468 75.671 -2949.266 921.937 77.219 -2948.407 cv-wall-stal-stripe-02
1264 0 20 987 0 -1 0 917.338 76.692 -2938.620 916.203 75.734 -2940.000 918.656 78.249 -2937.328 cv-wall-stal-stripe-02
1265 0 20 989 0 -1 0 886.666 62.125 -2936.875 885.875 61.281 -2937.922 888.077 62.703 -2935.157 cv-wall-stal-stripe-02
1266 0 20 990 0 -1 0 888.666 63.458 -2932.349 887.797 62.453 -2934.500 889.656 63.968 -2930.469 cv-wall-stal-stripe-02
1267 0 20 991 0 -1 0 886.708 61.453 -2929.224 885.156 60.859 -2930.469 887.797 62.453 -2928.360 cv-wall-stal-stripe-02
1268 0 20 993 0 -1 0 885.312 60.453 -2933.339 884.156 59.749 -2935.157 886.047 61.281 -2931.391 cv-wall-stal-stripe-02
1269 0 20 994 0 -1 0 863.068 80.619 -3011.172 862.359 80.203 -3011.750 864.031 80.937 -3010.078 cv-wall-stal-stripe-02
1270 0 20 997 0 -1 0 856.396 32.557 -2966.266 855.688 30.625 -2966.594 857.156 33.531 -2965.938 cv-wall-stal-stripe-02
1271 0 21 998 0 -1 0 892.890 104.281 -2892.079 892.312 102.562 -2893.485 893.828 105.296 -2891.110 cv-wall-stal-stripe-01
1272 0 21 999 0 -1 0 896.661 106.323 -2903.391 895.531 104.969 -2903.907 897.312 107.156 -2902.484 cv-wall-stal-stripe-01
1273 0 21 1000 0 -1 0 874.718 102.088 -2885.089 874.015 101.094 -2885.797 875.109 103.719 -2884.062 cv-wall-stal-stripe-01
1274 0 21 1001 0 -1 0 880.578 67.135 -2865.677 880.250 66.156 -2866.907 881.031 67.749 -2864.750 cv-wall-stal-stripe-01
1275 0 21 1002 0 -1 0 869.213 102.734 -2899.938 868.047 101.750 -2900.062 869.859 104.359 -2899.782 cv-wall-stal-stripe-01
1276 0 21 851 0 -1 0 924.745 46.937 -2855.381 924.641 45.624 -2856.454 924.859 47.656 -2854.813 cv-wall-stal-stripe-01
1277 0 21 161 0 -1 0 912.578 7.656 -2887.922 911.593 4.953 -2888.297 913.984 9.859 -2887.610 cv-wall-stal-stripe-01
1278 0 21 1003 0 -1 0 920.656 6.245 -2892.443 919.844 3.093 -2893.234 921.234 8.187 -2891.891 cv-wall-stal-stripe-01
1279 0 21 875 0 -1 0 889.604 21.979 -2884.907 888.234 21.047 -2885.641 890.437 23.750 -2883.797 cv-wall-stal-stripe-01
1280 0 21 1004 0 -1 0 888.614 28.062 -2886.797 888.203 27.015 -2887.703 889.406 29.297 -2886.282 cv-wall-stal-stripe-01
1281 0 21 877 0 -1 0 881.536 13.864 -2888.985 880.437 12.421 -2889.344 882.468 14.765 -2888.407 cv-wall-stal-stripe-01
1282 0 21 966 0 -1 0 929.521 87.333 -2972.750 929.203 86.578 -2973.234 929.984 88.687 -2971.797 cv-wall-stal-stripe-01
1283 0 21 895 0 -1 0 929.442 94.036 -2972.807 929.078 92.734 -2973.282 929.874 94.734 -2971.906 cv-wall-stal-stripe-01
1284 0 21 1005 0 -1 0 922.812 87.323 -2976.615 921.656 86.500 -2977.422 923.453 88.749 -2975.688 cv-wall-stal-stripe-01
1285 0 21 1006 0 -1 0 917.677 59.067 -2947.542 916.953 57.140 -2947.766 918.625 60.031 -2947.219 cv-wall-stal-stripe-01
1286 0 21 481 0 -1 0 881.333 85.682 -2883.995 880.203 84.094 -2884.985 882.062 86.734 -2882.438 cv-wall-stal-stripe-01
1287 0 21 1007 0 -1 0 872.406 85.375 -2885.131 871.703 84.140 -2885.969 873.093 86.594 -2883.906 cv-wall-stal-stripe-01
1288 0 21 846 0 -1 0 955.474 42.948 -2888.167 954.531 41.516 -2888.563 956.125 43.765 -2887.734 cv-wall-stal-stripe-01
1289 0 21 1008 0 -1 0 877.786 60.687 -3004.537 877.344 59.906 -3006.016 878.359 61.766 -3003.219 cv-wall-stal-stripe-01
1290 0 21 1009 0 -1 0 884.422 92.177 -2881.244 883.344 90.297 -2882.141 885.515 93.250 -2880.732 cv-wall-stal-stripe-01
1291 0 21 1010 0 -1 0 935.885 55.406 -2926.849 935.281 54.047 -2927.376 936.484 56.203 -2925.828 cv-wall-stal-stripe-01
1292 0 21 1011 0 -1 0 838.562 52.828 -2996.120 838.093 52.125 -2996.703 839.203 54.125 -2995.266 cv-wall-stal-stripe-01
1293 0 21 1012 0 -1 0 943.583 66.698 -2894.500 942.796 65.594 -2895.282 944.375 68.078 -2893.813 cv-wall-stal-stripe-01
1294 0 21 977 0 -1 0 942.015 70.880 -2894.985 941.609 69.031 -2895.922 942.812 73.031 -2894.032 cv-wall-stal-stripe-01
1295 0 21 981 0 -1 0 842.640 23.885 -2900.885 841.874 21.859 -2901.282 843.422 24.953 -2900.531 cv-wall-stal-stripe-01
1296 0 21 1013 0 -1 0 841.322 23.854 -2905.985 840.906 21.844 -2907.391 841.874 24.906 -2904.110 cv-wall-stal-stripe-01
1297 0 21 982 0 -1 0 840.828 17.656 -2906.979 840.093 15.546 -2907.688 841.937 18.734 -2906.422 cv-wall-stal-stripe-01
1298 0 21 1014 0 -1 0 856.088 31.453 -2913.006 855.922 29.406 -2913.813 856.406 32.531 -2911.969 cv-wall-stal-stripe-01
1299 0 21 440 0 -1 0 840.208 66.349 -2954.677 839.359 65.484 -2955.626 841.187 67.484 -2953.751 cv-wall-stal-stripe-01
1300 0 21 1015 0 -1 0 857.260 44.687 -2963.615 856.546 42.640 -2964.110 858.234 45.766 -2963.219 cv-wall-stal-stripe-01
1301 0 22 1016 0 -1 0 892.463 104.255 -2858.683 892.250 103.625 -2860.126 892.843 105.469 -2857.704 cv-wall-wave-02
1302 0 22 1017 0 -1 0 952.166 75.385 -2889.933 950.812 74.094 -2890.203 952.906 76.047 -2889.704 cv-wall-wave-02
1303 0 22 150 0 -1 0 842.672 77.219 -2929.417 841.703 75.922 -2930.672 844.594 78.359 -2928.141 cv-wall-wave-02
1304 0 22 1018 0 -1 0 839.791 75.005 -2915.079 838.375 74.219 -2915.266 842.578 76.250 -2914.750 cv-wall-wave-02
1305 0 22 1019 0 -1 0 927.671 24.291 -2869.318 926.718 23.625 -2870.188 928.156 25.578 -2868.860 cv-wall-wave-02
1306 0 22 1020 0 -1 0 934.531 26.260 -2899.495 933.422 25.609 -2899.797 935.234 27.218 -2899.001 cv-wall-wave-02
1307 0 22 1023 0 -1 0 855.177 31.500 -2869.365 854.687 30.328 -2870.516 855.421 32.093 -2868.782 cv-wall-wave-02
1308 0 22 1024 0 -1 0 869.729 109.484 -2947.698 868.172 107.578 -2947.750 870.578 110.890 -2947.610 cv-wall-wave-02
1309 0 22 1026 0 -1 0 868.250 105.765 -2943.511 867.969 104.828 -2944.203 868.515 107.344 -2942.204 cv-wall-wave-02
1310 0 22 1028 0 -1 0 845.187 24.671 -2930.896 843.937 23.625 -2931.672 847.015 25.843 -2930.251 cv-wall-wave-02
1311 0 22 1029 0 -1 0 841.604 27.172 -2939.844 840.375 25.734 -2940.157 843.859 27.937 -2939.579 cv-wall-wave-02
1312 0 22 1030 0 -1 0 883.411 102.068 -2891.761 882.719 100.797 -2892.891 884.078 102.859 -2891.125 cv-wall-wave-02
1313 0 22 1031 0 -1 0 887.927 102.875 -2899.896 887.094 102.234 -2900.375 888.531 104.156 -2899.281 cv-wall-wave-02
1314 0 22 1032 0 -1 0 955.219 69.833 -2904.797 954.531 68.734 -2905.360 956.515 71.906 -2904.094 cv-wall-wave-02
1315 0 22 1033 0 -1 0 892.745 6.911 -2876.573 892.515 3.984 -2877.766 892.859 8.906 -2875.688 cv-wall-wave-02
1316 0 22 1035 0 -1 0 891.963 13.604 -2955.422 891.531 12.703 -2956.500 892.406 14.984 -2954.782 cv-wall-wave-02
1317 0 22 1036 0 -1 0 888.666 12.354 -2955.089 888.109 11.171 -2956.110 888.984 13.140 -2954.469 cv-wall-wave-02
1318 0 22 1039 0 -1 0 864.047 104.422 -2861.657 863.515 103.609 -2863.876 864.906 105.609 -2860.516 cv-wall-wave-02
1319 0 24 1048 0 -1 0 952.547 63.255 -2884.870 951.390 61.718 -2885.391 953.140 64.281 -2883.891 cv-wall-wave-01
1320 0 24 1049 0 -1 0 952.755 65.047 -2868.448 950.359 63.937 -2869.750 954.375 66.546 -2867.797 cv-wall-wave-01
1321 0 24 1031 0 -1 0 888.208 101.594 -2899.542 887.094 100.312 -2900.032 889.000 102.234 -2899.281 cv-wall-wave-01
1322 0 24 1050 0 -1 0 872.906 56.479 -2862.375 871.734 55.656 -2863.188 873.812 57.781 -2861.907 cv-wall-wave-01
1323 0 24 1051 0 -1 0 831.432 94.963 -2895.344 831.125 93.609 -2896.219 832.046 95.672 -2894.907 cv-wall-wave-01
1324 0 24 1052 0 -1 0 835.291 94.963 -2916.224 834.750 93.609 -2916.844 835.562 95.672 -2914.985 cv-wall-wave-01
1325 0 24 1053 0 -1 0 920.250 52.099 -2855.058 920.031 51.359 -2856.828 920.515 53.188 -2853.563 cv-wall-wave-01
1326 0 24 1054 0 -1 0 920.724 48.104 -2854.349 920.484 47.234 -2855.094 920.953 49.500 -2852.969 cv-wall-wave-01
1327 0 24 1055 0 -1 0 909.109 31.458 -2868.599 909.031 30.328 -2869.813 909.203 32.406 -2867.797 cv-wall-wave-01
1328 0 24 1057 0 -1 0 928.609 26.948 -2868.573 927.672 25.578 -2868.860 930.015 27.687 -2868.391 cv-wall-wave-01
1329 0 24 1058 0 -1 0 866.698 40.000 -2871.365 866.328 39.078 -2872.688 867.406 41.640 -2870.547 cv-wall-wave-01
1330 0 24 1059 0 -1 0 867.057 34.374 -2874.464 867.015 33.093 -2875.626 867.093 35.203 -2873.735 cv-wall-wave-01
1331 0 24 1060 0 -1 0 920.463 80.208 -2980.052 919.547 79.562 -2980.609 921.156 81.500 -2979.313 cv-wall-wave-01
1332 0 24 1062 0 -1 0 871.843 90.427 -3001.761 870.093 89.874 -3002.578 872.953 91.328 -3000.563 cv-wall-wave-01
1333 0 24 1063 0 -1 0 872.526 89.088 -2999.000 872.453 88.359 -3000.563 872.640 89.874 -2996.703 cv-wall-wave-01
1334 0 24 1064 0 -1 0 951.557 55.823 -2872.146 950.297 54.734 -2872.219 952.234 57.343 -2872.032 cv-wall-wave-01
1335 0 24 1065 0 -1 0 838.276 77.557 -2915.980 837.406 76.250 -2916.422 839.000 78.453 -2915.266 cv-wall-wave-01
1336 0 24 1066 0 -1 0 922.453 24.224 -2856.797 921.843 23.562 -2857.219 922.984 25.531 -2856.000 cv-wall-wave-01
1337 0 24 1067 0 -1 0 956.437 35.239 -2894.172 954.953 34.343 -2894.282 957.250 36.687 -2894.047 cv-wall-wave-01
1338 0 24 1068 0 -1 0 955.104 36.260 -2902.131 953.093 35.562 -2904.266 956.109 37.609 -2901.063 cv-wall-wave-01
1339 0 24 1069 0 -1 0 884.656 8.151 -2879.719 883.718 6.500 -2880.547 885.953 11.171 -2879.157 cv-wall-wave-01
1340 0 24 1070 0 -1 0 892.495 8.255 -2879.735 891.109 6.547 -2880.594 893.640 11.359 -2879.219 cv-wall-wave-01
1341 0 24 1072 0 -1 0 882.875 13.510 -2879.105 882.000 11.171 -2879.688 883.718 15.094 -2878.469 cv-wall-wave-01
1342 0 24 1073 0 -1 0 894.979 13.948 -2879.381 893.640 11.359 -2880.032 895.984 16.046 -2878.891 cv-wall-wave-01
1343 0 24 1074 0 -1 0 881.322 15.036 -2874.479 880.468 12.984 -2875.594 882.015 16.062 -2873.813 cv-wall-wave-01
1344 0 24 150 0 -1 0 840.947 77.250 -2930.427 839.421 75.922 -2931.172 841.718 78.359 -2929.438 cv-wall-wave-01
1345 0 24 1075 0 -1 0 887.177 13.463 -2956.776 886.625 12.750 -2957.282 888.109 14.672 -2956.110 cv-wall-wave-01
1346 0 25 1076 0 -1 0 881.854 70.541 -2906.339 880.953 69.687 -2906.719 882.531 71.719 -2905.985 cv-prestatue-stone-01-crack
1347 0 25 1078 0 -1 0 882.531 48.260 -2902.927 882.219 47.375 -2904.156 882.890 49.734 -2902.250 cv-prestatue-stone-01-crack
1348 0 25 1079 0 -1 0 890.385 48.979 -2896.422 889.375 48.046 -2896.750 891.156 50.578 -2896.032 cv-prestatue-stone-01-crack
1349 0 25 1080 0 -1 0 895.167 48.474 -2898.099 894.703 46.890 -2899.359 895.515 49.406 -2897.391 cv-prestatue-stone-01-crack
1350 0 25 1081 0 -1 0 897.359 49.562 -2904.448 896.593 48.234 -2905.235 898.234 50.390 -2903.157 cv-prestatue-stone-01-crack
1351 0 26 1082 0 -1 0 892.031 78.229 -2887.776 891.265 77.984 -2889.282 892.468 78.609 -2886.297 cv-rustymetal-01
1352 0 26 1084 0 -1 0 884.510 71.141 -2907.401 883.671 70.594 -2907.984 885.593 72.078 -2906.938 cv-rustymetal-01
1353 0 26 1085 0 -1 0 891.786 71.922 -2902.432 891.359 71.281 -2902.969 892.421 73.047 -2901.516 cv-rustymetal-01
1354 0 26 1087 0 -1 0 876.739 78.203 -2913.162 876.250 77.875 -2914.610 877.453 78.656 -2911.625 cv-rustymetal-01
1355 0 26 1088 0 -1 0 879.723 69.479 -2900.141 879.312 68.859 -2901.203 880.312 70.469 -2899.375 cv-rustymetal-01
1356 0 26 1089 0 -1 0 884.572 47.765 -2909.391 884.187 46.343 -2910.422 884.765 48.640 -2907.969 cv-rustymetal-01
1357 0 26 1078 0 -1 0 882.390 46.682 -2903.037 882.062 44.999 -2904.156 882.890 47.672 -2902.375 cv-rustymetal-01
1358 0 26 1090 0 -1 0 884.385 46.552 -2898.500 883.781 44.890 -2898.766 885.578 47.499 -2898.141 cv-rustymetal-01
1359 0 26 1079 0 -1 0 890.718 47.453 -2896.167 889.375 46.000 -2896.750 891.625 48.312 -2895.719 cv-rustymetal-01
1360 0 26 1081 0 -1 0 896.671 50.979 -2904.235 896.172 50.062 -2904.953 897.249 52.484 -2903.157 cv-rustymetal-01
1361 0 26 1091 0 -1 0 893.406 83.942 -2887.813 891.812 82.828 -2888.766 894.265 84.578 -2886.172 cv-rustymetal-01
1362 0 26 1092 0 -1 0 898.166 86.432 -2901.964 896.515 85.281 -2902.610 899.671 87.453 -2900.735 cv-rustymetal-01
1363 0 26 1093 0 -1 0 894.958 86.615 -2910.110 894.125 85.422 -2911.016 896.468 87.609 -2908.360 cv-rustymetal-01
1364 0 26 1094 0 -1 0 881.057 84.557 -2914.881 880.297 83.531 -2916.453 882.219 85.203 -2913.126 cv-rustymetal-01
1365 0 26 1095 0 -1 0 873.625 82.968 -2911.766 872.765 82.297 -2913.328 875.328 83.640 -2910.829 cv-rustymetal-01
1366 0 26 1096 0 -1 0 868.609 80.599 -2897.698 866.906 80.031 -2898.985 870.500 80.922 -2897.016 cv-rustymetal-01
1367 0 26 1098 0 -1 0 871.974 75.135 -2892.990 870.484 74.812 -2893.750 873.468 75.484 -2892.485 cv-rustymetal-01
1368 0 26 1099 0 -1 0 898.927 45.354 -2904.912 898.281 44.140 -2905.735 899.500 46.140 -2903.516 cv-rustymetal-01
1369 0 26 1100 0 -1 0 896.802 81.286 -2907.954 895.265 81.047 -2908.438 898.234 81.625 -2907.157 cv-rustymetal-01
1370 0 26 1102 0 -1 0 872.630 80.401 -2889.047 871.250 79.812 -2891.063 873.406 80.703 -2887.938 cv-rustymetal-01
1371 0 26 1103 0 -1 0 885.666 82.245 -2884.433 884.453 81.656 -2886.313 886.328 82.828 -2882.688 cv-rustymetal-01
1372 0 27 1104 0 -1 0 940.510 34.682 -2890.000 939.593 34.624 -2891.266 941.937 34.781 -2889.016 cv-floorfringe-03-2x2
1373 0 27 1105 0 -1 0 867.916 47.646 -2858.297 866.390 47.641 -2859.501 868.968 47.656 -2857.532 cv-floorfringe-03-2x2
1374 0 27 1106 0 -1 0 865.328 47.812 -2864.229 864.624 47.766 -2865.063 866.562 47.859 -2862.985 cv-floorfringe-03-2x2
1375 0 27 1107 0 -1 0 869.979 47.375 -2867.751 868.921 47.234 -2868.485 871.703 47.547 -2866.876 cv-floorfringe-03-2x2
1376 0 27 1108 0 -1 0 857.005 47.672 -2854.896 855.859 47.672 -2856.188 858.437 47.672 -2853.781 cv-floorfringe-03-2x2
1377 0 27 1109 0 -1 0 860.135 47.505 -2867.933 858.406 47.406 -2868.641 861.062 47.703 -2866.610 cv-floorfringe-03-2x2
1378 0 27 51 0 -1 0 872.406 47.620 -2851.454 870.609 47.609 -2852.563 873.609 47.641 -2849.938 cv-floorfringe-03-2x2
1379 0 27 1110 0 -1 0 868.932 47.661 -2848.724 868.094 47.641 -2850.516 870.438 47.672 -2847.782 cv-floorfringe-03-2x2
1380 0 27 1112 0 -1 0 852.807 47.672 -2853.735 852.094 47.672 -2854.907 854.187 47.672 -2851.750 cv-floorfringe-03-2x2
1381 0 27 53 0 -1 0 853.875 44.130 -2872.771 853.703 43.500 -2873.953 854.000 45.312 -2872.141 cv-floorfringe-03-2x2
1382 0 28 1104 0 -1 0 939.047 34.614 -2889.709 937.547 34.578 -2891.266 940.000 34.640 -2888.844 cv-cavefloor-01-2x2
1383 0 28 1113 0 -1 0 927.797 34.578 -2924.735 926.171 34.578 -2926.047 929.500 34.578 -2923.141 cv-cavefloor-01-2x2
1384 0 28 1114 0 -1 0 867.692 47.672 -2852.271 866.406 47.672 -2853.266 868.406 47.672 -2850.516 cv-cavefloor-01-2x2
1385 0 28 1115 0 -1 0 926.359 34.609 -2932.599 924.609 34.609 -2934.016 928.172 34.609 -2931.469 cv-cavefloor-01-2x2
1386 0 28 1116 0 -1 0 938.369 34.609 -2937.709 937.047 34.609 -2938.360 939.328 34.609 -2936.563 cv-cavefloor-01-2x2
1387 0 28 1117 0 -1 0 874.307 46.307 -2877.172 873.125 46.125 -2878.188 875.109 46.438 -2875.828 cv-cavefloor-01-2x2
1388 0 28 1118 0 -1 0 926.552 97.609 -2930.552 925.406 97.609 -2932.172 927.141 97.609 -2929.188 cv-cavefloor-01-2x2
1389 0 29 51 0 -1 0 872.385 47.625 -2852.969 870.609 47.609 -2854.484 873.609 47.641 -2851.860 cv-floorfringe-01-2x2
1390 0 29 1119 0 -1 0 848.859 47.672 -2850.724 847.922 47.672 -2852.578 850.172 47.672 -2849.110 cv-floorfringe-01-2x2
1391 0 29 1112 0 -1 0 851.416 47.672 -2853.896 850.015 47.672 -2855.031 852.140 47.672 -2851.750 cv-floorfringe-01-2x2
1392 0 30 1105 0 -1 0 867.942 47.651 -2856.891 866.390 47.641 -2857.860 868.968 47.656 -2855.282 cv-floorfringe-02-2x2
1393 0 30 1106 0 -1 0 865.453 47.771 -2865.438 864.797 47.688 -2866.610 866.562 47.859 -2864.641 cv-floorfringe-02-2x2
1394 0 30 1107 0 -1 0 868.479 47.427 -2867.995 867.203 47.343 -2868.625 869.312 47.547 -2866.876 cv-floorfringe-02-2x2
1395 0 30 1109 0 -1 0 860.260 47.307 -2869.105 858.406 47.109 -2870.126 861.312 47.406 -2868.547 cv-floorfringe-02-2x2
1396 0 53 1149 0 -1 0 882.026 91.500 -2883.032 881.249 89.594 -2883.891 883.344 92.984 -2882.141 cv-prestatue-deco-06
1397 0 53 1150 0 -1 0 875.984 90.583 -2886.000 874.468 88.859 -2886.313 877.281 91.718 -2885.828 cv-prestatue-deco-06
1398 0 58 1151 0 -1 0 889.541 84.916 -2879.474 887.468 83.671 -2880.360 892.047 86.031 -2878.766 cv-prestatue-deco-04
1399 0 58 1152 0 -1 0 890.385 82.286 -2889.625 888.531 81.765 -2890.828 891.812 82.828 -2888.766 cv-prestatue-deco-04
1400 0 58 1153 0 -1 0 900.958 90.307 -2910.526 898.922 89.031 -2911.563 902.812 91.187 -2908.688 cv-prestatue-deco-04
1401 0 58 1154 0 -1 0 895.052 84.661 -2903.151 894.000 84.250 -2904.813 896.515 85.281 -2902.032 cv-prestatue-deco-04
1402 0 58 1155 0 -1 0 865.604 81.505 -2888.323 863.359 80.922 -2890.235 868.172 81.984 -2887.203 cv-prestatue-deco-04
1403 0 58 1156 0 -1 0 872.198 79.870 -2896.703 870.500 79.672 -2897.938 873.406 80.031 -2895.078 cv-prestatue-deco-04
1404 0 58 1157 0 -1 0 876.447 86.859 -2919.266 873.874 86.218 -2919.891 878.703 87.281 -2918.484 cv-prestatue-deco-04
1405 0 58 1158 0 -1 0 876.916 82.104 -2910.052 875.328 81.734 -2910.829 878.843 82.297 -2908.922 cv-prestatue-deco-04
1406 0 66 1164 0 -1 0 850.354 43.734 -2939.709 848.546 43.391 -2940.329 852.203 44.109 -2938.688 cv-wall-bumps-01
1407 0 66 1165 0 -1 0 871.953 79.953 -2864.073 870.812 79.437 -2864.657 872.656 80.937 -2863.188 cv-wall-bumps-01
1408 0 66 1166 0 -1 0 902.140 77.375 -2984.589 901.281 76.750 -2985.110 903.265 78.093 -2983.812 cv-wall-bumps-01
1409 0 66 1167 0 -1 0 935.359 58.703 -2855.094 934.250 57.953 -2856.172 936.187 59.765 -2854.360 cv-wall-bumps-01
1410 0 66 149 0 -1 0 839.750 107.536 -2880.615 839.094 106.719 -2881.204 840.953 108.281 -2879.563 cv-wall-bumps-01
1411 0 66 1168 0 -1 0 923.692 34.177 -2869.120 922.578 33.781 -2870.063 924.937 34.953 -2868.219 cv-wall-bumps-01
1412 0 66 1169 0 -1 0 923.224 35.625 -2866.354 922.312 34.750 -2867.407 924.515 36.672 -2864.922 cv-wall-bumps-01
1413 0 66 1170 0 -1 0 934.359 104.422 -2973.302 933.828 103.156 -2974.172 935.343 105.703 -2971.984 cv-wall-bumps-01
1414 0 66 1171 0 -1 0 888.500 108.812 -2990.276 887.031 107.969 -2991.500 889.687 109.937 -2989.344 cv-wall-bumps-01
1415 0 66 1172 0 -1 0 840.088 100.385 -2981.714 839.390 99.078 -2982.282 841.343 102.187 -2981.376 cv-wall-bumps-01
1416 0 66 1173 0 -1 0 840.427 87.240 -2950.959 839.453 86.906 -2951.500 842.375 87.609 -2949.907 cv-wall-bumps-01
1417 0 67 99 0 -1 0 905.120 76.281 -2854.120 904.734 75.609 -2855.282 905.343 77.609 -2853.532 cv-wall-02-2x2-high
1418 0 67 15 0 -1 0 903.948 82.781 -2854.766 903.297 81.594 -2857.110 904.515 83.593 -2853.579 cv-wall-02-2x2-high
1419 0 67 592 0 -1 0 866.765 90.922 -2859.156 865.859 89.609 -2860.141 867.281 91.609 -2858.594 cv-wall-02-2x2-high
1420 0 67 1174 0 -1 0 850.047 72.276 -2866.917 849.359 71.437 -2868.297 850.421 73.625 -2866.203 cv-wall-02-2x2-high
1421 0 67 1175 0 -1 0 885.031 35.963 -2862.485 884.641 35.234 -2863.688 885.344 37.312 -2861.828 cv-wall-02-2x2-high
1422 0 67 736 0 -1 0 881.427 42.468 -2865.985 880.734 41.468 -2866.656 882.625 43.531 -2865.219 cv-wall-02-2x2-high
1423 0 67 1176 0 -1 0 850.901 54.895 -2830.323 850.562 53.672 -2831.578 851.125 55.578 -2829.657 cv-wall-02-2x2-high
1424 0 67 1177 0 -1 0 833.593 48.130 -2893.490 832.640 47.421 -2893.969 834.844 49.343 -2892.594 cv-wall-02-2x2-high
1425 0 67 185 0 -1 0 833.948 55.213 -2894.860 832.969 54.093 -2896.078 835.312 56.015 -2894.204 cv-wall-02-2x2-high
1426 0 67 1178 0 -1 0 847.120 47.463 -2923.677 846.125 46.249 -2925.094 848.125 48.172 -2922.734 cv-wall-02-2x2-high
1427 0 67 1179 0 -1 0 846.797 42.354 -2922.854 845.906 41.531 -2924.172 847.968 42.906 -2922.188 cv-wall-02-2x2-high
1428 0 67 420 0 -1 0 910.156 69.094 -2971.136 908.812 68.859 -2971.938 911.125 69.234 -2969.922 cv-wall-02-2x2-high
1429 0 67 1180 0 -1 0 908.807 63.161 -2965.829 907.578 62.297 -2966.422 909.437 64.109 -2965.485 cv-wall-02-2x2-high
1430 0 67 1181 0 -1 0 887.239 56.078 -2999.063 886.156 55.016 -2999.454 889.156 57.609 -2998.469 cv-wall-02-2x2-high
1431 0 67 236 0 -1 0 893.041 63.245 -2996.084 891.906 62.234 -2996.500 893.734 63.766 -2995.610 cv-wall-02-2x2-high
1432 0 67 1182 0 -1 0 843.401 44.328 -2946.391 842.687 43.640 -2946.625 844.562 45.687 -2946.125 cv-wall-02-2x2-high
1433 0 67 1183 0 -1 0 845.890 50.828 -2949.740 845.344 49.578 -2950.657 846.812 51.453 -2948.313 cv-wall-02-2x2-high
1434 0 67 251 0 -1 0 841.526 58.260 -2947.677 839.797 57.422 -2948.563 843.156 58.750 -2946.360 cv-wall-02-2x2-high
1435 0 67 258 0 -1 0 884.067 104.823 -2987.063 882.015 102.843 -2987.438 885.203 106.031 -2986.454 cv-wall-02-2x2-high
1436 0 67 1184 0 -1 0 879.807 71.739 -2995.479 878.484 70.578 -2996.032 880.765 73.328 -2994.454 cv-wall-02-2x2-high
1437 0 67 1185 0 -1 0 877.239 79.078 -3000.011 877.125 77.609 -3001.001 877.344 79.984 -2998.328 cv-wall-02-2x2-high
1438 0 67 276 0 -1 0 848.338 72.276 -3006.969 847.640 71.609 -3007.782 849.718 73.609 -3006.422 cv-wall-02-2x2-high
1439 0 67 1186 0 -1 0 851.005 74.958 -3007.615 849.672 73.609 -3008.110 851.671 75.656 -3007.063 cv-wall-02-2x2-high
1440 0 67 557 0 -1 0 862.130 52.083 -2997.448 861.297 51.359 -2998.375 862.594 53.515 -2996.891 cv-wall-02-2x2-high
1441 0 67 449 0 -1 0 857.099 59.276 -3004.386 855.859 57.843 -3005.376 858.625 60.078 -3003.782 cv-wall-02-2x2-high
1442 0 67 1187 0 -1 0 844.937 64.963 -2976.240 844.218 64.093 -2977.438 846.000 66.656 -2975.578 cv-wall-02-2x2-high
1443 0 67 1188 0 -1 0 921.713 16.359 -2962.224 921.047 15.594 -2963.063 922.672 17.874 -2961.578 cv-wall-02-2x2-high
1444 0 67 456 0 -1 0 880.458 47.718 -2989.849 879.797 46.703 -2990.344 880.797 49.296 -2989.188 cv-wall-02-2x2-high
1445 0 68 1189 0 -1 0 949.281 79.114 -2868.636 948.484 77.781 -2869.250 950.000 80.031 -2867.594 cv-wall-bumps-merge-01
1446 0 68 1190 0 -1 0 909.250 90.807 -2856.714 908.703 89.703 -2857.297 910.343 91.375 -2856.188 cv-wall-bumps-merge-01
1447 0 68 1017 0 -1 0 952.156 76.635 -2889.542 950.812 76.016 -2890.203 952.875 77.844 -2888.532 cv-wall-bumps-merge-01
1448 0 68 1191 0 -1 0 953.562 74.015 -2905.047 952.046 71.906 -2905.829 954.531 75.171 -2904.376 cv-wall-bumps-merge-01
1449 0 68 1192 0 -1 0 840.083 104.078 -2879.854 839.468 103.156 -2880.719 841.234 105.531 -2879.376 cv-wall-bumps-merge-01
1450 0 68 1193 0 -1 0 836.796 106.625 -2890.886 835.609 105.516 -2891.203 838.250 107.625 -2890.625 cv-wall-bumps-merge-01
1451 0 68 1194 0 -1 0 924.672 37.411 -2862.708 923.703 35.843 -2863.000 926.047 38.234 -2862.562 cv-wall-bumps-merge-01
1452 0 68 1195 0 -1 0 921.734 100.755 -2982.740 920.656 100.094 -2983.391 922.515 101.875 -2982.047 cv-wall-bumps-merge-01
1453 0 68 1196 0 -1 0 893.458 115.942 -2996.495 892.781 114.219 -2997.172 894.203 117.328 -2995.328 cv-wall-bumps-merge-01
1454 0 68 1198 0 -1 0 903.552 76.541 -2977.141 902.968 75.344 -2977.938 904.031 77.390 -2975.969 cv-wall-bumps-merge-01
1455 0 68 1199 0 -1 0 912.083 72.656 -2975.292 911.437 71.984 -2976.032 912.812 73.937 -2974.079 cv-wall-bumps-merge-01
1456 0 68 1173 0 -1 0 840.411 86.307 -2951.724 839.406 84.812 -2952.203 842.375 87.203 -2951.469 cv-wall-bumps-merge-01
1457 0 68 1200 0 -1 0 872.156 106.974 -3000.537 871.109 105.609 -3001.532 872.953 108.203 -2998.891 cv-wall-bumps-merge-01
1458 0 68 1201 0 -1 0 890.885 107.234 -2996.823 890.484 105.640 -2997.547 891.437 108.265 -2995.672 cv-wall-bumps-merge-01
1459 0 68 1172 0 -1 0 840.005 98.927 -2981.745 839.281 97.812 -2982.282 841.343 99.890 -2981.469 cv-wall-bumps-merge-01
1460 0 68 669 0 -1 0 873.187 75.713 -2864.537 871.468 74.609 -2864.657 874.656 77.453 -2864.360 cv-wall-bumps-merge-01
1461 0 68 1202 0 -1 0 865.973 76.781 -2865.469 865.109 74.859 -2865.938 867.093 78.265 -2864.985 cv-wall-bumps-merge-01
1462 0 68 1203 0 -1 0 865.651 72.718 -2866.250 865.547 71.468 -2867.281 865.718 74.859 -2865.532 cv-wall-bumps-merge-01
1463 0 68 1205 0 -1 0 918.870 92.208 -2981.834 918.015 91.578 -2983.172 919.609 93.437 -2980.219 cv-wall-bumps-merge-01
1464 0 69 1206 0 -1 0 950.328 84.531 -2869.828 950.156 83.547 -2870.766 950.625 86.281 -2869.172 cv-wallbumps-all-02
1465 0 69 1207 0 -1 0 952.578 87.333 -2879.922 952.297 85.906 -2880.625 952.937 88.234 -2878.704 cv-wallbumps-all-02
1466 0 69 314 0 -1 0 954.630 88.453 -2872.516 953.609 88.093 -2873.094 955.562 88.781 -2871.469 cv-wallbumps-all-02
1467 0 69 1208 0 -1 0 956.942 95.099 -2869.115 955.734 93.859 -2869.282 957.562 95.828 -2868.891 cv-wallbumps-all-02
1468 0 69 318 0 -1 0 897.984 88.302 -2845.782 897.171 87.609 -2846.516 898.515 89.594 -2844.531 cv-wallbumps-all-02
1469 0 69 1209 0 -1 0 888.281 80.271 -2857.854 887.312 79.594 -2858.235 888.812 81.609 -2857.110 cv-wallbumps-all-02
1470 0 69 1210 0 -1 0 900.531 60.625 -2862.052 900.094 59.656 -2862.813 900.968 61.718 -2861.032 cv-wallbumps-all-02
1471 0 69 390 0 -1 0 902.120 63.182 -2860.537 901.750 62.093 -2861.875 902.516 63.734 -2859.735 cv-wallbumps-all-02
1472 0 69 1211 0 -1 0 958.880 97.005 -2902.495 957.703 96.171 -2902.751 959.531 98.219 -2902.063 cv-wallbumps-all-02
1473 0 69 1212 0 -1 0 912.765 60.328 -2919.339 912.140 59.234 -2919.985 913.765 60.968 -2918.375 cv-wallbumps-all-02
1474 0 69 1213 0 -1 0 850.291 86.297 -2864.568 849.843 85.297 -2865.594 850.781 87.078 -2863.000 cv-wallbumps-all-02
1475 0 69 1214 0 -1 0 856.411 52.375 -2861.912 854.890 51.703 -2862.001 857.249 53.687 -2861.766 cv-wallbumps-all-02
1476 0 69 56 0 -1 0 853.151 54.989 -2860.932 852.281 53.672 -2861.719 854.843 55.672 -2860.453 cv-wallbumps-all-02
1477 0 69 506 0 -1 0 853.380 61.755 -2839.854 852.421 60.828 -2840.859 854.687 62.828 -2838.985 cv-wallbumps-all-02
1478 0 69 1215 0 -1 0 855.640 61.849 -2842.287 854.187 61.031 -2842.938 856.468 62.906 -2841.375 cv-wallbumps-all-02
1479 0 69 1216 0 -1 0 838.724 82.802 -2907.703 838.187 81.312 -2908.922 839.141 84.765 -2907.047 cv-wallbumps-all-02
1480 0 69 31 0 -1 0 837.224 84.593 -2910.120 836.641 82.797 -2910.626 837.578 85.859 -2909.188 cv-wallbumps-all-02
1481 0 69 598 0 -1 0 833.020 83.437 -2899.000 832.953 81.843 -2899.953 833.125 84.609 -2898.469 cv-wallbumps-all-02
1482 0 69 1217 0 -1 0 958.838 36.442 -2864.261 958.796 35.609 -2865.438 958.906 37.609 -2862.610 cv-wallbumps-all-02
1483 0 69 156 0 -1 0 958.906 38.963 -2860.709 958.875 37.609 -2862.719 958.953 39.656 -2859.688 cv-wallbumps-all-02
1484 0 69 394 0 -1 0 889.369 44.041 -2855.302 889.140 43.406 -2856.501 889.703 45.203 -2854.610 cv-wallbumps-all-02
1485 0 69 1218 0 -1 0 890.989 42.770 -2850.552 890.593 41.640 -2851.219 891.703 43.344 -2849.344 cv-wallbumps-all-02
1486 0 69 1219 0 -1 0 832.692 20.255 -2909.365 832.437 19.578 -2910.250 832.953 21.578 -2908.204 cv-wallbumps-all-02
1487 0 69 525 0 -1 0 831.557 22.948 -2906.360 831.000 21.593 -2907.610 832.640 23.625 -2905.704 cv-wallbumps-all-02
1488 0 69 1220 0 -1 0 830.323 34.969 -2911.323 830.093 33.672 -2912.688 830.594 35.625 -2910.594 cv-wallbumps-all-02
1489 0 69 402 0 -1 0 836.385 22.963 -2914.542 835.656 21.625 -2914.938 837.844 23.640 -2914.344 cv-wallbumps-all-02
1490 0 69 1222 0 -1 0 901.171 68.807 -2979.469 900.921 67.437 -2980.360 901.593 69.500 -2978.891 cv-wallbumps-all-02
1491 0 69 635 0 -1 0 889.943 67.364 -2998.214 888.890 65.921 -2999.235 890.562 68.453 -2996.860 cv-wallbumps-all-02
1492 0 69 1223 0 -1 0 885.953 70.948 -2998.589 885.484 69.609 -2999.485 886.406 71.625 -2996.938 cv-wallbumps-all-02
1493 0 69 1224 0 -1 0 869.328 60.026 -2999.553 868.421 58.656 -3000.422 870.843 60.953 -2997.969 cv-wallbumps-all-02
1494 0 69 557 0 -1 0 862.479 50.692 -2996.604 862.359 49.374 -2998.172 862.578 51.359 -2994.563 cv-wallbumps-all-02
1495 0 69 1225 0 -1 0 844.682 65.000 -2972.329 844.203 64.156 -2973.766 845.531 66.671 -2971.266 cv-wallbumps-all-02
1496 0 69 1226 0 -1 0 847.182 68.411 -2974.646 846.000 66.656 -2975.578 847.844 69.312 -2972.876 cv-wallbumps-all-02
1497 0 69 1227 0 -1 0 846.797 70.000 -2970.204 845.078 68.812 -2970.641 848.218 72.015 -2969.641 cv-wallbumps-all-02
1498 0 69 1228 0 -1 0 843.833 71.953 -2969.000 842.719 70.312 -2969.250 845.922 73.312 -2968.766 cv-wallbumps-all-02
1499 0 69 1229 0 -1 0 836.026 68.692 -2998.495 835.281 68.016 -2999.485 837.500 70.031 -2997.985 cv-wallbumps-all-02
1500 0 69 1230 0 -1 0 839.172 71.078 -3000.334 837.500 69.609 -3000.766 840.015 72.015 -2999.485 cv-wallbumps-all-02
1501 0 69 1231 0 -1 0 835.474 28.192 -2974.110 834.859 27.500 -2975.266 836.625 29.484 -2973.501 cv-wallbumps-all-02
1502 0 69 1232 0 -1 0 837.895 30.984 -2976.297 836.641 29.593 -2977.032 838.562 31.781 -2975.094 cv-wallbumps-all-02
1503 0 69 1233 0 -1 0 832.755 28.307 -2997.360 831.515 27.640 -2998.422 834.922 29.609 -2996.719 cv-wallbumps-all-02
1504 0 69 1234 0 -1 0 838.286 30.927 -2999.099 834.922 29.609 -2999.438 839.968 31.609 -2998.422 cv-wallbumps-all-02
1505 0 69 590 0 -1 0 838.140 41.245 -2976.261 837.344 40.266 -2976.907 838.578 42.859 -2975.594 cv-wallbumps-all-02
1506 0 69 1235 0 -1 0 832.395 42.963 -2979.756 831.797 41.640 -2980.000 833.484 43.625 -2979.610 cv-wallbumps-all-02
1507 0 69 1236 0 -1 0 947.307 72.333 -2866.110 946.187 71.016 -2866.782 947.875 73.000 -2865.438 cv-wallbumps-all-02
1508 0 69 1237 0 -1 0 944.104 69.620 -2865.995 943.109 68.859 -2866.844 945.390 71.062 -2865.250 cv-wallbumps-all-02
1509 0 69 1238 0 -1 0 939.036 73.604 -2865.135 938.062 71.672 -2865.484 939.828 75.344 -2864.907 cv-wallbumps-all-02
1510 0 69 1239 0 -1 0 940.880 82.291 -2863.730 939.718 80.656 -2863.844 941.546 83.734 -2863.641 cv-wallbumps-all-02
1511 0 69 659 0 -1 0 940.968 75.495 -2856.480 939.953 74.828 -2856.907 941.718 76.641 -2855.954 cv-wallbumps-all-02
1512 0 69 1240 0 -1 0 956.739 100.526 -2896.881 956.062 99.609 -2897.969 958.015 101.703 -2896.250 cv-wallbumps-all-02
1513 0 69 1241 0 -1 0 869.781 58.125 -2833.901 868.641 58.078 -2834.922 870.484 58.156 -2832.203 cv-wallbumps-all-02
1514 0 69 1242 0 -1 0 959.370 44.291 -2865.620 959.312 43.609 -2866.907 959.437 45.609 -2863.235 cv-wallbumps-all-02
1515 0 69 625 0 -1 0 908.333 42.588 -2854.146 907.859 41.031 -2855.266 908.641 43.391 -2853.376 cv-wallbumps-all-02
1516 0 69 1243 0 -1 0 898.875 24.307 -2863.479 897.718 23.640 -2864.234 899.547 25.625 -2863.000 cv-wallbumps-all-02
1517 0 69 1244 0 -1 0 842.192 38.432 -2877.313 841.765 37.219 -2877.953 842.922 39.234 -2876.078 cv-wallbumps-all-02
1518 0 69 1245 0 -1 0 832.578 31.578 -2887.823 831.281 30.438 -2888.485 833.281 32.172 -2887.282 cv-wallbumps-all-02
1519 0 69 1246 0 -1 0 838.026 43.031 -2887.287 835.671 42.156 -2887.766 839.859 43.937 -2886.782 cv-wallbumps-all-02
1520 0 69 1247 0 -1 0 835.182 36.520 -2887.370 834.156 35.749 -2887.625 836.719 37.640 -2887.219 cv-wallbumps-all-02
1521 0 69 1248 0 -1 0 913.661 46.093 -2930.198 913.594 44.703 -2931.797 913.765 48.609 -2929.391 cv-wallbumps-all-02
1522 0 69 1249 0 -1 0 911.599 56.197 -2932.974 911.203 54.718 -2933.844 912.281 56.937 -2931.532 cv-wallbumps-all-02
1523 0 69 415 0 -1 0 900.166 57.177 -2939.141 899.515 56.281 -2940.516 900.984 58.531 -2937.953 cv-wallbumps-all-02
1524 0 69 1250 0 -1 0 902.453 58.494 -2939.834 901.656 57.343 -2940.860 902.953 59.406 -2938.641 cv-wallbumps-all-02
1525 0 69 421 0 -1 0 891.182 76.500 -2997.979 890.766 75.718 -2998.578 891.484 78.047 -2996.985 cv-wallbumps-all-02
1526 0 69 242 0 -1 0 839.385 76.526 -2961.646 838.968 75.671 -2962.125 840.109 77.969 -2960.703 cv-wallbumps-all-02
1527 0 69 1251 0 -1 0 841.208 34.948 -2951.891 840.453 33.578 -2952.078 842.593 35.640 -2951.766 cv-wallbumps-all-02
1528 0 69 1252 0 -1 0 882.041 87.765 -3005.151 881.765 86.625 -3007.188 882.187 89.296 -3004.047 cv-wallbumps-all-02
1529 0 69 1253 0 -1 0 877.791 88.338 -3010.667 877.156 87.187 -3011.485 878.937 89.249 -3009.907 cv-wallbumps-all-02
1530 0 69 1254 0 -1 0 870.531 65.036 -3018.849 869.891 64.437 -3019.016 871.797 66.125 -3018.750 cv-wallbumps-all-02
1531 0 69 1255 0 -1 0 876.760 67.250 -3015.953 875.562 66.078 -3016.532 877.422 67.843 -3015.500 cv-wallbumps-all-02
1532 0 69 764 0 -1 0 867.005 75.932 -3005.506 866.000 74.578 -3006.094 867.671 77.875 -3004.813 cv-wallbumps-all-02
1533 0 70 621 0 -1 0 906.005 62.437 -2916.422 905.156 62.078 -2917.172 907.515 62.640 -2915.219 cv-wallbumps-all-high
1534 0 70 338 0 -1 0 883.906 94.791 -2860.761 882.437 93.500 -2861.547 884.921 95.531 -2859.641 cv-wallbumps-all-high
1535 0 70 23 0 -1 0 880.359 88.385 -2860.886 880.093 87.766 -2861.485 880.702 89.578 -2859.797 cv-wallbumps-all-high
1536 0 70 668 0 -1 0 876.781 83.140 -2864.651 875.984 81.890 -2865.578 878.297 83.781 -2863.376 cv-wallbumps-all-high
1537 0 70 1213 0 -1 0 849.812 86.594 -2866.021 848.812 85.297 -2867.359 850.781 87.406 -2865.110 cv-wallbumps-all-high
1538 0 70 1256 0 -1 0 857.614 58.447 -2836.240 857.000 58.093 -2837.688 858.719 58.968 -2835.422 cv-wallbumps-all-high
1539 0 70 719 0 -1 0 863.640 61.265 -2842.698 862.390 60.812 -2843.828 864.390 61.593 -2841.219 cv-wallbumps-all-high
1540 0 70 595 0 -1 0 845.161 63.271 -2864.219 843.765 62.249 -2864.875 846.203 64.078 -2863.656 cv-wallbumps-all-high
1541 0 70 720 0 -1 0 839.630 56.359 -2867.792 839.078 55.734 -2868.266 840.734 57.609 -2866.844 cv-wallbumps-all-high
1542 0 70 1257 0 -1 0 842.708 28.250 -2871.396 842.672 27.531 -2871.985 842.766 29.625 -2870.250 cv-wallbumps-all-high
1543 0 70 630 0 -1 0 831.620 43.125 -2891.057 830.781 41.937 -2891.797 832.046 43.984 -2890.578 cv-wallbumps-all-high
1544 0 70 1258 0 -1 0 829.536 36.260 -2892.136 828.812 35.640 -2892.609 830.531 37.484 -2891.579 cv-wallbumps-all-high
1545 0 70 1259 0 -1 0 831.875 36.281 -2890.219 830.531 35.640 -2890.672 832.718 37.468 -2889.704 cv-wallbumps-all-high
1546 0 70 1260 0 -1 0 838.880 33.724 -2930.136 837.578 33.156 -2930.797 839.844 34.703 -2928.828 cv-wallbumps-all-high
1547 0 70 1261 0 -1 0 842.302 30.994 -2882.167 840.953 29.687 -2882.454 843.187 31.656 -2881.969 cv-wallbumps-all-high
1548 0 70 1262 0 -1 0 841.927 30.953 -2879.089 841.343 29.609 -2880.657 842.640 31.640 -2878.282 cv-wallbumps-all-high
1549 0 70 520 0 -1 0 839.677 24.343 -2883.042 838.687 23.640 -2883.657 841.093 25.734 -2882.734 cv-wallbumps-all-high
1550 0 70 1263 0 -1 0 842.286 24.317 -2881.010 842.078 23.625 -2881.657 842.500 25.687 -2879.891 cv-wallbumps-all-high
1551 0 70 1264 0 -1 0 828.453 30.937 -2902.282 828.000 29.656 -2903.641 828.703 31.609 -2901.532 cv-wallbumps-all-high
1552 0 70 526 0 -1 0 832.864 24.307 -2908.823 832.640 23.625 -2909.641 833.000 25.672 -2907.610 cv-wallbumps-all-high
1553 0 70 70 0 -1 0 903.010 66.203 -2978.245 902.297 65.531 -2978.266 904.250 67.515 -2978.219 cv-wallbumps-all-high
1554 0 70 1265 0 -1 0 905.093 65.755 -2977.542 904.562 64.656 -2978.422 905.359 67.312 -2976.312 cv-wallbumps-all-high
1555 0 70 418 0 -1 0 903.812 71.531 -2975.193 903.141 70.109 -2976.391 904.609 72.781 -2974.047 cv-wallbumps-all-high
1556 0 70 432 0 -1 0 837.520 83.281 -2963.328 835.859 81.968 -2964.453 838.484 84.047 -2962.656 cv-wallbumps-all-high
1557 0 70 1266 0 -1 0 838.098 76.448 -2965.032 836.890 75.687 -2965.532 838.796 77.797 -2964.625 cv-wallbumps-all-high
1558 0 70 1267 0 -1 0 845.359 61.291 -2935.000 843.609 60.937 -2936.328 846.594 61.891 -2933.750 cv-wallbumps-all-high
1559 0 70 1268 0 -1 0 836.276 80.708 -2988.094 835.437 80.031 -2988.453 837.546 82.062 -2987.688 cv-wallbumps-all-high
1560 0 70 541 0 -1 0 844.739 56.708 -2973.172 843.609 56.046 -2974.282 845.437 58.015 -2972.578 cv-wallbumps-all-high
1561 0 70 1269 0 -1 0 844.734 63.390 -2978.594 844.594 61.937 -2979.297 844.812 64.140 -2977.438 cv-wallbumps-all-high
1562 0 70 707 0 -1 0 841.656 36.318 -2955.490 840.718 35.625 -2955.719 843.406 37.687 -2955.047 cv-wallbumps-all-high
1563 0 70 1270 0 -1 0 854.703 42.885 -3009.625 854.359 41.516 -3010.766 855.109 43.578 -3007.844 cv-wallbumps-all-high
1564 0 70 1271 0 -1 0 856.859 42.911 -3005.625 856.156 41.625 -3006.266 857.843 43.578 -3004.954 cv-wallbumps-all-high
1565 0 70 583 0 -1 0 854.854 36.323 -3003.922 853.937 35.656 -3004.688 855.797 37.640 -3003.266 cv-wallbumps-all-high
1566 0 70 1272 0 -1 0 858.130 36.307 -3005.745 856.593 35.640 -3006.719 859.297 37.593 -3004.453 cv-wallbumps-all-high
1567 0 70 1273 0 -1 0 850.807 39.026 -3007.505 850.172 37.703 -3008.610 851.140 39.719 -3006.719 cv-wallbumps-all-high
1568 0 70 610 0 -1 0 849.073 32.265 -3006.682 848.593 31.562 -3007.109 849.984 33.609 -3005.907 cv-wallbumps-all-high
1569 0 70 467 0 -1 0 851.958 38.989 -3009.912 851.593 37.672 -3010.922 852.140 39.688 -3008.813 cv-wallbumps-all-high
1570 0 70 1274 0 -1 0 844.083 32.312 -2957.631 842.750 31.640 -2957.922 844.890 33.640 -2957.376 cv-wallbumps-all-high
1571 0 70 700 0 -1 0 836.833 38.937 -2959.302 836.312 37.609 -2959.782 837.875 39.609 -2958.344 cv-wallbumps-all-high
1572 0 70 1275 0 -1 0 836.005 46.969 -2960.464 835.437 45.609 -2961.922 836.406 47.688 -2959.672 cv-wallbumps-all-high
1573 0 70 1276 0 -1 0 831.520 40.255 -2964.792 830.687 39.625 -2965.391 832.984 41.468 -2963.875 cv-wallbumps-all-high
1574 0 70 653 0 -1 0 834.083 32.255 -2991.724 832.406 31.547 -2993.938 835.000 33.609 -2990.469 cv-wallbumps-all-high
1575 0 70 608 0 -1 0 838.994 38.937 -2998.729 837.046 37.609 -2999.438 839.968 39.609 -2997.312 cv-wallbumps-all-high
1576 0 71 313 0 -1 0 959.953 96.719 -2875.979 959.484 95.922 -2876.641 960.859 97.734 -2874.812 cv-wallbumps-all-high02
1577 0 71 339 0 -1 0 885.656 86.958 -2858.021 885.422 85.593 -2859.501 885.953 87.672 -2857.047 cv-wallbumps-all-high02
1578 0 71 354 0 -1 0 836.213 86.958 -2916.495 835.562 85.609 -2916.844 837.515 87.656 -2915.797 cv-wallbumps-all-high02
1579 0 71 1065 0 -1 0 838.411 79.161 -2916.568 837.406 77.969 -2917.032 839.000 81.062 -2916.251 cv-wallbumps-all-high02
1580 0 71 526 0 -1 0 832.661 24.307 -2909.849 832.031 23.625 -2910.688 833.000 25.672 -2909.219 cv-wallbumps-all-high02
1581 0 71 744 0 -1 0 834.849 30.968 -2914.328 833.234 29.625 -2914.344 835.656 31.656 -2914.297 cv-wallbumps-all-high02
1582 0 71 602 0 -1 0 899.479 47.677 -2940.917 898.828 46.687 -2941.735 900.703 49.437 -2940.375 cv-wallbumps-all-high02
1583 0 71 223 0 -1 0 908.072 47.395 -2937.307 906.968 46.156 -2938.031 908.797 49.406 -2936.594 cv-wallbumps-all-high02
1584 0 71 558 0 -1 0 887.895 48.807 -2998.740 887.031 48.078 -2999.485 889.484 49.609 -2998.094 cv-wallbumps-all-high02
1585 0 71 763 0 -1 0 841.057 64.703 -2964.667 839.906 64.031 -2965.047 841.656 66.031 -2963.969 cv-wallbumps-all-high02
1586 0 71 1268 0 -1 0 836.369 80.719 -2988.391 835.437 80.031 -2989.344 837.828 82.062 -2987.688 cv-wallbumps-all-high02
1587 0 71 768 0 -1 0 842.922 68.734 -2985.235 842.640 68.078 -2986.203 843.359 70.015 -2984.735 cv-wallbumps-all-high02
1588 0 71 619 0 -1 0 836.005 46.901 -2970.151 835.578 45.500 -2971.188 836.312 47.625 -2969.500 cv-wallbumps-all-high02
1589 0 71 590 0 -1 0 838.156 41.265 -2975.375 837.390 40.328 -2976.282 838.578 42.859 -2974.250 cv-wallbumps-all-high02
1590 0 71 1273 0 -1 0 850.880 40.354 -3007.573 850.172 39.656 -3008.610 851.328 41.687 -3006.922 cv-wallbumps-all-high02
1591 0 71 1277 0 -1 0 833.791 32.245 -2963.542 832.624 31.531 -2964.000 834.546 33.578 -2963.110 cv-wallbumps-all-high02
1592 0 71 1278 0 -1 0 834.953 24.354 -2968.636 834.156 23.609 -2969.141 836.515 25.672 -2968.219 cv-wallbumps-all-high02
1593 0 71 1279 0 -1 0 837.203 30.781 -2970.193 836.265 29.468 -2971.125 837.844 31.468 -2968.985 cv-wallbumps-all-high02
1594 0 71 1280 0 -1 0 835.307 30.750 -2972.881 834.859 29.484 -2973.501 836.140 31.421 -2971.844 cv-wallbumps-all-high02
1595 0 71 289 0 -1 0 836.135 47.072 -2992.557 835.328 45.624 -2993.453 837.203 47.890 -2991.125 cv-wallbumps-all-high02
1596 0 72 43 0 -1 0 908.109 52.760 -2858.339 906.703 52.140 -2859.828 908.984 53.578 -2857.500 cv-wall-02-2x2-bumps
1597 0 72 818 0 -1 0 838.385 69.094 -2879.141 837.437 67.984 -2880.625 839.047 70.203 -2878.141 cv-wall-02-2x2-bumps
1598 0 72 1281 0 -1 0 836.828 71.562 -2881.422 836.062 70.640 -2882.438 837.922 72.109 -2879.750 cv-wall-02-2x2-bumps
1599 0 72 1282 0 -1 0 877.557 61.291 -2866.974 876.719 60.641 -2867.813 878.750 61.750 -2866.282 cv-wall-02-2x2-bumps
1600 0 72 26 0 -1 0 869.791 59.052 -2861.474 868.703 57.625 -2861.922 871.500 59.812 -2861.016 cv-wall-02-2x2-bumps
1601 0 72 170 0 -1 0 883.333 34.942 -2865.537 882.703 33.609 -2866.500 883.922 35.656 -2864.657 cv-wall-02-2x2-bumps
1602 0 72 1283 0 -1 0 845.375 44.396 -2918.933 844.359 43.609 -2920.219 847.125 45.640 -2918.204 cv-wall-02-2x2-bumps
1603 0 72 1178 0 -1 0 846.422 47.198 -2922.255 845.015 46.249 -2923.203 848.125 47.968 -2920.828 cv-wall-02-2x2-bumps
1604 0 72 1284 0 -1 0 847.422 97.161 -3003.125 846.062 96.250 -3003.626 848.578 98.375 -3002.750 cv-wall-02-2x2-bumps
1605 0 72 1285 0 -1 0 844.802 99.031 -3002.537 844.437 97.765 -3003.391 845.515 99.687 -3002.063 cv-wall-02-2x2-bumps
1606 0 72 274 0 -1 0 840.417 98.948 -2998.646 839.672 97.609 -2999.594 841.906 99.625 -2996.751 cv-wall-02-2x2-bumps
1607 0 72 1286 0 -1 0 842.609 96.380 -2997.037 841.406 95.656 -2998.047 843.547 97.781 -2995.891 cv-wall-02-2x2-bumps
1608 0 72 1227 0 -1 0 847.719 70.166 -2971.282 847.094 69.172 -2972.876 848.218 72.015 -2970.329 cv-wall-02-2x2-bumps
1609 0 72 1287 0 -1 0 848.901 73.760 -2974.386 848.812 72.156 -2975.282 849.015 74.624 -2972.672 cv-wall-02-2x2-bumps
1610 0 72 77 0 -1 0 841.218 28.312 -2955.454 840.422 27.625 -2955.750 842.781 29.656 -2954.954 cv-wall-02-2x2-bumps
1611 0 72 81 0 -1 0 885.651 20.401 -2994.381 884.250 19.687 -2994.797 886.562 21.734 -2994.125 cv-wall-02-2x2-bumps
1612 0 72 1288 0 -1 0 883.578 26.916 -2994.635 882.453 25.578 -2995.359 885.015 27.609 -2993.891 cv-wall-02-2x2-bumps
1613 0 72 1289 0 -1 0 900.380 68.094 -2864.954 899.265 67.359 -2865.735 901.312 69.500 -2864.516 cv-wall-02-2x2-bumps
1614 0 72 1290 0 -1 0 894.911 70.948 -2862.500 894.469 69.578 -2863.688 895.766 71.734 -2861.875 cv-wall-02-2x2-bumps
1615 0 72 1291 0 -1 0 913.739 32.161 -2857.657 912.969 31.515 -2858.016 915.203 33.374 -2857.282 cv-wall-02-2x2-bumps
1616 0 72 177 0 -1 0 856.422 48.296 -2828.740 855.265 47.625 -2828.813 857.000 49.640 -2828.594 cv-wall-02-2x2-bumps
1617 0 72 1292 0 -1 0 840.833 62.693 -2951.959 839.500 60.859 -2952.156 843.265 63.844 -2951.844 cv-wall-02-2x2-bumps
1618 0 72 1293 0 -1 0 834.682 56.531 -2965.370 833.312 55.719 -2965.969 836.594 57.906 -2964.266 cv-wall-02-2x2-bumps
1619 0 72 1294 0 -1 0 844.484 56.265 -2955.349 843.625 55.593 -2955.641 845.875 57.578 -2955.079 cv-wall-02-2x2-bumps
1620 0 72 1295 0 -1 0 870.130 100.526 -2991.974 869.000 99.344 -2992.641 871.359 101.640 -2990.688 cv-wall-02-2x2-bumps
1621 0 72 1296 0 -1 0 872.109 104.843 -2989.047 870.359 103.594 -2990.235 873.140 105.953 -2988.375 cv-wall-02-2x2-bumps
1622 0 72 262 0 -1 0 863.932 94.948 -3003.360 863.672 93.624 -3004.531 864.359 97.093 -3001.922 cv-wall-02-2x2-bumps
1623 0 72 1297 0 -1 0 867.343 97.666 -2998.214 866.359 96.671 -2998.907 867.843 98.172 -2997.547 cv-wall-02-2x2-bumps
1624 0 72 764 0 -1 0 868.312 75.911 -3004.573 867.344 74.578 -3005.610 869.922 77.875 -3003.297 cv-wall-02-2x2-bumps
1625 0 72 1185 0 -1 0 876.734 79.104 -3001.177 875.609 77.609 -3001.829 877.344 79.984 -3000.703 cv-wall-02-2x2-bumps
1626 0 72 755 0 -1 0 843.026 50.791 -2955.474 841.812 49.468 -2955.891 844.531 51.469 -2955.250 cv-wall-02-2x2-bumps
1627 0 72 1251 0 -1 0 841.182 36.318 -2951.834 840.375 35.625 -2952.078 842.593 37.687 -2951.656 cv-wall-02-2x2-bumps
1628 0 72 1298 0 -1 0 898.989 28.265 -2863.667 897.890 27.609 -2864.485 899.609 29.578 -2863.235 cv-wall-02-2x2-bumps
1629 0 72 1299 0 -1 0 899.895 56.093 -2990.177 899.062 54.953 -2990.860 900.890 57.203 -2989.703 cv-wall-02-2x2-bumps
1630 0 72 1300 0 -1 0 890.698 40.193 -2991.454 889.640 39.343 -2992.266 891.344 41.547 -2990.063 cv-wall-02-2x2-bumps
1631 0 72 1301 0 -1 0 883.969 47.422 -2987.854 882.828 46.765 -2988.219 884.594 48.671 -2987.188 cv-wall-02-2x2-bumps
1632 0 72 1302 0 -1 0 868.776 46.927 -2993.349 868.140 45.718 -2995.281 869.109 47.547 -2992.094 cv-wall-02-2x2-bumps
1633 0 72 1303 0 -1 0 868.291 40.724 -2997.167 867.828 39.984 -2998.532 868.734 42.125 -2994.876 cv-wall-02-2x2-bumps
1634 0 72 1304 0 -1 0 841.458 22.890 -2951.844 840.546 21.562 -2952.110 842.687 23.578 -2951.610 cv-wall-02-2x2-bumps
1635 0 73 175 0 -1 0 847.291 43.822 -2850.724 846.312 43.109 -2850.985 848.453 45.234 -2850.500 cv-wall-to-ground-01
1636 0 73 626 0 -1 0 863.896 43.895 -2850.063 862.594 43.156 -2850.391 864.640 45.359 -2849.516 cv-wall-to-ground-01
1637 0 73 393 0 -1 0 873.708 44.573 -2864.766 873.422 43.109 -2865.891 874.125 45.687 -2863.985 cv-wall-to-ground-01
1638 0 73 1306 0 -1 0 943.088 34.312 -2929.990 941.984 33.093 -2930.360 943.688 35.234 -2929.735 cv-wall-to-ground-01
1639 0 73 1307 0 -1 0 854.661 44.120 -2876.391 854.359 43.328 -2877.594 854.875 45.422 -2875.735 cv-wall-to-ground-01
1640 0 18 84 0 -1 0 937.927 81.093 -2861.490 937.453 79.734 -2861.516 938.546 82.734 -2861.438 cv-wall-02-2x2
1641 0 18 225 0 -1 0 924.640 68.317 -2977.886 923.703 67.640 -2978.282 925.140 69.624 -2977.688 cv-wall-02-2x2
1642 0 18 407 0 -1 0 918.125 98.250 -2984.641 917.390 97.015 -2984.938 918.687 99.406 -2984.344 cv-wall-02-2x2
1643 0 19 84 0 -1 0 937.598 79.786 -2861.506 936.797 78.812 -2861.563 938.546 80.812 -2861.438 cv-wallbumps-all
1644 0 19 225 0 -1 0 924.682 67.010 -2977.891 923.703 65.703 -2978.282 925.203 67.687 -2977.688 cv-wallbumps-all
1645 0 20 149 0 -1 0 839.432 108.281 -2879.953 838.890 107.437 -2880.469 840.312 109.797 -2879.563 cv-wall-stal-stripe-02
1646 0 25 1077 0 -1 0 879.713 68.526 -2902.954 879.312 67.703 -2903.860 880.328 69.015 -2901.203 cv-prestatue-stone-01-crack
1647 0 26 1077 0 -1 0 880.260 68.802 -2904.547 879.500 67.703 -2905.985 880.953 69.687 -2903.797 cv-rustymetal-01
1648 0 70 407 0 -1 0 917.614 99.687 -2984.860 917.156 98.328 -2985.297 918.297 101.328 -2984.344 cv-wallbumps-all-high
1649 0 70 355 0 -1 0 842.989 66.541 -2929.906 842.859 65.781 -2931.563 843.171 66.937 -2928.594 cv-wallbumps-all-high
1650 0 18 129 0 -1 0 840.656 63.297 -2874.526 840.203 62.297 -2875.047 841.547 63.797 -2873.532 cv-wall-02-2x2
1651 0 18 171 0 -1 0 888.708 35.432 -2857.479 888.593 34.328 -2858.109 888.828 36.140 -2856.219 cv-wall-02-2x2
1652 0 18 281 0 -1 0 838.270 66.854 -2984.818 837.640 66.031 -2985.360 839.031 67.406 -2983.954 cv-wall-02-2x2
1653 0 18 540 0 -1 0 844.244 55.948 -2940.537 843.046 55.203 -2941.172 845.156 57.000 -2939.485 cv-wall-02-2x2
1654 0 19 281 0 -1 0 837.307 66.843 -2985.651 836.140 66.031 -2986.454 838.140 67.406 -2985.141 cv-wallbumps-all
1655 0 19 18 0 -1 0 956.984 98.802 -2900.031 956.500 98.499 -2901.250 957.671 99.031 -2898.656 cv-wallbumps-all
1656 0 19 411 0 -1 0 930.656 70.989 -2962.006 930.000 70.328 -2962.547 931.187 72.187 -2961.266 cv-wallbumps-all
1657 0 67 540 0 -1 0 845.145 56.120 -2941.672 844.531 55.641 -2942.891 845.750 57.000 -2940.954 cv-wall-02-2x2-high
1658 0 69 129 0 -1 0 839.890 63.302 -2875.594 839.250 62.297 -2876.735 840.218 63.812 -2875.001 cv-wallbumps-all-02
1659 0 18 158 0 -1 0 914.406 39.104 -2857.308 913.921 37.484 -2857.469 915.265 40.015 -2857.016 cv-wall-02-2x2
1660 0 18 444 0 -1 0 859.171 75.599 -3001.198 858.500 74.953 -3002.109 859.812 76.719 -2999.954 cv-wall-02-2x2
1661 0 18 543 0 -1 0 866.468 90.437 -3002.198 865.874 90.046 -3003.438 867.093 90.750 -2999.969 cv-wall-02-2x2
1662 0 20 543 0 -1 0 866.505 90.026 -3003.797 865.874 89.281 -3004.766 867.093 90.750 -3003.188 cv-wall-stal-stripe-02
1663 0 20 444 0 -1 0 859.255 74.494 -3002.604 858.500 73.406 -3004.172 859.812 75.124 -3001.532 cv-wall-stal-stripe-02
1664 0 22 1037 0 -1 0 887.213 9.703 -2957.110 886.672 8.937 -2957.438 888.156 11.093 -2956.876 cv-wall-wave-02
1665 0 24 1037 0 -1 0 887.312 8.375 -2957.422 886.812 7.109 -2957.953 888.156 9.078 -2956.876 cv-wall-wave-01
1666 0 69 158 0 -1 0 914.250 40.739 -2856.886 913.562 39.812 -2857.469 915.265 42.390 -2856.172 cv-wallbumps-all-02
1667 0 18 77 0 -1 0 840.885 28.307 -2955.604 840.422 27.625 -2955.750 841.781 29.656 -2955.407 cv-wall-02-2x2
1668 0 18 388 0 -1 0 919.198 25.963 -2904.219 917.984 25.406 -2904.532 920.781 26.375 -2903.985 cv-wall-02-2x2
1669 0 18 419 0 -1 0 907.297 60.526 -2972.927 906.531 59.796 -2973.234 907.843 61.906 -2972.719 cv-wall-02-2x2
1670 0 18 441 0 -1 0 841.260 60.651 -2966.032 840.718 59.828 -2966.875 841.703 62.078 -2965.344 cv-wall-02-2x2
1671 0 18 555 0 -1 0 881.078 85.630 -3009.016 880.687 84.453 -3010.031 881.765 86.625 -3007.188 cv-wall-02-2x2
1672 0 19 555 0 -1 0 880.203 85.281 -3010.323 879.141 84.453 -3011.110 880.781 85.812 -3009.829 cv-wallbumps-all
1673 0 19 441 0 -1 0 841.005 59.302 -2966.391 840.593 58.031 -2966.875 841.703 60.047 -2965.875 cv-wallbumps-all
1674 0 19 77 0 -1 0 840.953 26.968 -2955.542 840.422 25.640 -2955.657 841.781 27.640 -2955.407 cv-wallbumps-all
1675 0 27 1111 0 -1 0 855.562 47.672 -2851.183 854.297 47.672 -2852.469 856.218 47.672 -2849.985 cv-floorfringe-03-2x2
1676 0 30 1111 0 -1 0 856.885 47.672 -2851.396 856.172 47.672 -2852.469 858.265 47.672 -2850.625 cv-floorfringe-02-2x2
1677 0 67 116 0 -1 0 861.979 84.182 -2861.334 861.297 83.375 -2861.594 862.984 85.671 -2861.156 cv-wall-02-2x2-high
1678 0 72 419 0 -1 0 906.948 59.119 -2972.813 906.468 57.687 -2973.234 907.843 59.875 -2972.485 cv-wall-02-2x2-bumps
1679 0 19 632 0 -1 0 830.968 31.099 -2891.110 830.422 30.625 -2892.188 831.609 31.531 -2890.297 cv-wallbumps-all
1680 0 20 144 0 -1 0 876.807 104.458 -2910.620 876.390 103.812 -2911.734 877.234 105.031 -2909.563 cv-wall-stal-stripe-02
1681 0 21 949 0 -1 0 884.432 30.994 -2958.282 884.031 29.281 -2958.891 884.968 31.890 -2957.907 cv-wall-stal-stripe-01
1682 0 22 345 0 -1 0 865.192 68.682 -2866.042 864.468 67.922 -2867.250 865.828 69.671 -2865.282 cv-wall-wave-02
1683 0 22 1034 0 -1 0 888.588 4.015 -2957.683 888.187 2.359 -2958.204 888.875 4.875 -2957.016 cv-wall-wave-02
1684 0 24 345 0 -1 0 865.995 68.453 -2866.339 865.281 67.234 -2868.141 866.875 69.671 -2865.282 cv-wall-wave-01
1685 0 24 1034 0 -1 0 888.677 5.599 -2957.110 888.187 4.812 -2958.204 888.969 7.109 -2956.110 cv-wall-wave-01
1686 0 69 632 0 -1 0 831.484 30.974 -2890.162 830.422 30.250 -2890.844 832.422 31.531 -2889.344 cv-wallbumps-all-02
1687 0 70 109 0 -1 0 912.437 57.395 -2915.974 911.812 56.531 -2916.609 912.859 58.468 -2915.047 cv-wallbumps-all-high
1688 0 18 109 0 -1 0 912.807 56.937 -2916.182 911.812 56.531 -2917.234 913.750 57.187 -2915.047 cv-wall-02-2x2
1689 0 18 286 0 -1 0 847.068 48.245 -3010.432 846.734 47.578 -3011.047 847.562 49.547 -3010.016 cv-wall-02-2x2
1690 0 18 368 0 -1 0 836.250 56.161 -2887.412 836.172 55.468 -2888.219 836.375 57.531 -2886.907 cv-wall-02-2x2
1691 0 18 451 0 -1 0 908.469 52.291 -2970.698 907.937 51.656 -2971.359 908.750 53.172 -2970.031 cv-wall-02-2x2
1692 0 19 451 0 -1 0 908.682 53.099 -2969.932 908.578 52.047 -2970.703 908.750 54.078 -2969.063 cv-wallbumps-all
1693 0 19 677 0 -1 0 843.958 30.916 -2876.828 843.171 29.578 -2877.156 844.359 31.593 -2876.547 cv-wallbumps-all
1694 0 19 312 0 -1 0 829.791 40.234 -2967.552 829.687 39.609 -2968.047 829.859 41.468 -2966.782 cv-wallbumps-all
1695 0 20 906 0 -1 0 924.140 72.203 -2977.589 923.547 71.546 -2977.719 924.797 73.516 -2977.360 cv-wall-stal-stripe-02
1696 0 21 906 0 -1 0 924.474 70.906 -2977.579 923.547 69.624 -2977.688 925.078 71.546 -2977.360 cv-wall-stal-stripe-01
1697 0 66 1163 0 -1 0 888.854 67.750 -2859.542 887.797 67.375 -2860.282 889.500 68.234 -2859.016 cv-wall-bumps-01
1698 0 67 368 0 -1 0 836.385 54.828 -2887.052 836.172 53.531 -2888.219 836.781 55.484 -2886.032 cv-wall-02-2x2-high
1699 0 68 1163 0 -1 0 889.505 66.890 -2859.438 889.265 65.656 -2860.282 889.750 67.640 -2859.016 cv-wall-bumps-merge-01
1700 0 69 677 0 -1 0 843.870 32.250 -2876.521 843.171 31.578 -2877.156 844.343 33.578 -2875.860 cv-wallbumps-all-02
1701 0 71 286 0 -1 0 846.844 46.953 -3010.256 846.234 45.672 -3011.047 847.562 47.609 -3009.704 cv-wallbumps-all-high02
1702 0 71 312 0 -1 0 829.984 39.016 -2967.495 829.687 37.812 -2968.047 830.406 39.625 -2966.782 cv-wallbumps-all-high02
1703 0 18 299 0 -1 0 923.875 20.328 -2964.636 923.109 19.765 -2965.969 924.281 20.968 -2963.906 cv-wall-02-2x2
1704 0 22 1038 0 -1 0 891.036 5.682 -2957.370 890.812 4.921 -2958.453 891.297 7.156 -2956.422 cv-wall-wave-02
1705 0 24 1038 0 -1 0 890.729 4.140 -2957.886 890.375 2.531 -2958.453 891.000 4.968 -2957.234 cv-wall-wave-01
1706 0 67 299 0 -1 0 923.875 19.297 -2963.516 923.109 17.874 -2964.032 924.281 20.250 -2962.610 cv-wall-02-2x2-high
1707 0 18 70 0 -1 0 902.046 66.182 -2978.349 901.359 65.500 -2978.578 902.484 67.515 -2978.219 cv-wall-02-2x2
1708 0 18 101 0 -1 0 887.026 76.536 -2856.125 886.765 75.922 -2856.501 887.515 77.734 -2855.563 cv-wall-02-2x2
1709 0 18 197 0 -1 0 837.698 16.427 -2916.766 837.125 15.531 -2917.312 838.000 17.625 -2916.188 cv-wall-02-2x2
1710 0 18 373 0 -1 0 949.172 49.812 -2875.355 947.609 49.406 -2875.891 950.343 50.390 -2875.032 cv-wall-02-2x2
1711 0 18 377 0 -1 0 910.870 40.599 -2855.657 910.000 40.093 -2856.266 911.937 40.891 -2854.844 cv-wall-02-2x2
1712 0 18 383 0 -1 0 921.640 23.067 -2860.735 920.969 22.859 -2862.141 922.437 23.421 -2859.766 cv-wall-02-2x2
1713 0 19 373 0 -1 0 950.167 49.078 -2875.667 949.562 48.187 -2876.078 950.594 49.640 -2875.032 cv-wallbumps-all
1714 0 19 197 0 -1 0 837.958 15.432 -2917.511 837.125 14.640 -2918.422 838.750 16.125 -2916.797 cv-wallbumps-all
1715 0 20 983 0 -1 0 855.906 27.317 -2913.480 855.437 26.250 -2913.985 856.344 29.406 -2913.219 cv-wall-stal-stripe-02
1716 0 20 996 0 -1 0 856.755 40.552 -2963.542 856.359 39.484 -2964.078 857.000 42.640 -2963.032 cv-wall-stal-stripe-02
1717 0 21 983 0 -1 0 855.526 25.218 -2913.573 854.796 23.109 -2913.985 856.344 26.297 -2913.219 cv-wall-stal-stripe-01
1718 0 21 996 0 -1 0 856.578 38.453 -2963.193 856.359 36.343 -2964.078 856.906 39.531 -2962.469 cv-wall-stal-stripe-01
1719 0 22 383 0 -1 0 922.203 23.875 -2859.891 921.515 22.922 -2860.297 922.656 25.281 -2859.610 cv-wall-wave-02
1720 0 24 101 0 -1 0 887.260 74.942 -2855.860 886.765 72.953 -2856.501 887.515 75.953 -2855.516 cv-wall-wave-01
1721 0 69 70 0 -1 0 902.218 64.859 -2978.297 901.359 63.547 -2978.578 902.812 65.531 -2978.094 cv-wallbumps-all-02
1722 0 18 18 0 -1 0 956.588 98.265 -2899.781 956.484 97.421 -2900.500 956.781 98.875 -2898.656 cv-wall-02-2x2
1723 0 18 25 0 -1 0 886.380 84.260 -2857.344 885.953 83.578 -2857.516 887.156 85.593 -2857.172 cv-wall-02-2x2
1724 0 18 196 0 -1 0 837.875 18.969 -2915.818 837.375 17.625 -2916.188 838.281 19.656 -2915.266 cv-wall-02-2x2
1725 0 18 582 0 -1 0 856.531 32.375 -3003.881 855.484 31.656 -3004.829 857.531 33.718 -3003.219 cv-wall-02-2x2
1726 0 19 482 0 -1 0 850.057 81.359 -2862.329 849.594 80.468 -2862.969 850.312 82.234 -2861.266 cv-wallbumps-all
1727 0 19 582 0 -1 0 856.120 31.015 -3003.354 855.484 29.640 -3003.594 856.578 31.750 -3003.219 cv-wallbumps-all
1728 0 22 1027 0 -1 0 888.859 18.864 -2957.521 888.765 18.093 -2958.438 888.953 19.609 -2956.609 cv-wall-wave-02
1729 0 24 1027 0 -1 0 888.979 19.974 -2958.068 888.859 18.890 -2958.438 889.125 21.422 -2957.516 cv-wall-wave-01
1730 0 69 25 0 -1 0 886.416 82.932 -2857.193 886.031 81.609 -2857.344 887.156 83.609 -2857.063 cv-wallbumps-all-02
1731 0 69 482 0 -1 0 850.416 81.671 -2863.599 849.594 81.374 -2865.079 851.344 82.234 -2862.751 cv-wallbumps-all-02
1732 0 69 196 0 -1 0 838.130 20.307 -2915.651 837.375 19.625 -2916.000 838.734 21.640 -2915.266 cv-wallbumps-all-02
1733 0 18 114 0 -1 0 841.828 96.635 -2875.662 841.515 95.828 -2876.188 842.375 97.999 -2875.328 cv-wall-02-2x2
1734 0 18 222 0 -1 0 904.859 56.239 -2942.141 904.156 55.578 -2942.578 905.218 57.359 -2941.469 cv-wall-02-2x2
1735 0 19 685 0 -1 0 834.677 84.791 -2965.532 834.219 84.078 -2965.594 835.453 86.078 -2965.485 cv-wallbumps-all
1736 0 19 114 0 -1 0 841.802 95.255 -2875.526 841.437 93.859 -2876.188 842.375 96.078 -2874.922 cv-wallbumps-all
1737 0 70 685 0 -1 0 834.880 83.453 -2965.391 834.359 82.062 -2965.594 835.453 84.218 -2965.094 cv-wallbumps-all-high
1738 0 18 252 0 -1 0 835.875 65.718 -2952.323 835.078 65.062 -2952.422 837.375 66.562 -2952.156 cv-wall-02-2x2
1739 0 18 551 0 -1 0 864.317 74.552 -3017.433 863.562 74.281 -3018.172 865.187 74.797 -3016.110 cv-wall-02-2x2
1740 0 19 252 0 -1 0 834.458 65.901 -2952.391 833.125 65.531 -2952.594 835.171 66.562 -2952.156 cv-wallbumps-all
1741 0 20 945 0 -1 0 938.744 12.302 -2933.219 938.172 11.703 -2933.563 939.125 13.500 -2933.000 cv-wall-stal-stripe-02
1742 0 22 792 0 -1 0 886.635 105.156 -2898.766 886.531 103.875 -2899.422 886.781 105.843 -2898.376 cv-wall-wave-02
1743 0 24 792 0 -1 0 886.599 106.364 -2898.537 886.531 105.750 -2899.422 886.672 107.500 -2897.813 cv-wall-wave-01
1744 0 69 18 0 -1 0 956.979 98.317 -2900.646 956.484 97.421 -2901.250 957.671 99.031 -2900.188 cv-wallbumps-all-02
1745 0 69 109 0 -1 0 913.083 57.583 -2916.703 912.640 57.093 -2917.234 913.750 58.468 -2916.266 cv-wallbumps-all-02
1746 0 69 377 0 -1 0 910.286 40.979 -2855.615 910.000 40.093 -2856.141 910.672 41.953 -2854.844 cv-wallbumps-all-02
1747 0 18 118 0 -1 0 879.625 96.265 -2882.120 879.109 94.781 -2882.454 880.062 97.171 -2881.735 cv-wall-02-2x2
1748 0 18 232 0 -1 0 888.161 70.057 -2976.678 887.922 69.422 -2977.235 888.609 71.297 -2976.297 cv-wall-02-2x2
1749 0 20 118 0 -1 0 879.380 97.875 -2882.318 879.109 96.844 -2882.766 879.703 99.609 -2881.735 cv-wall-stal-stripe-02
1750 0 20 232 0 -1 0 888.057 68.776 -2976.860 887.640 67.453 -2977.235 888.609 69.453 -2976.501 cv-wall-stal-stripe-02
1751 0 68 1197 0 -1 0 903.562 74.046 -2977.521 903.047 73.343 -2977.704 903.984 75.344 -2977.344 cv-wall-bumps-merge-01
1752 0 70 1197 0 -1 0 903.896 72.708 -2977.797 903.047 71.328 -2978.344 904.656 73.453 -2977.344 cv-wallbumps-all-high
1753 0 18 66 0 -1 0 905.239 98.797 -2992.266 904.922 97.547 -2992.344 905.828 99.531 -2992.141 cv-wall-02-2x2
1754 0 18 268 0 -1 0 840.156 90.203 -2978.063 839.047 89.796 -2978.344 841.937 90.797 -2977.516 cv-wall-02-2x2
1755 0 19 377 0 -1 0 910.932 41.218 -2856.089 910.187 40.812 -2856.266 911.937 41.953 -2855.860 cv-wallbumps-all
1756 0 19 66 0 -1 0 905.093 100.135 -2992.203 904.531 99.312 -2992.312 905.828 101.562 -2992.141 cv-wallbumps-all
1757 0 19 268 0 -1 0 838.942 89.453 -2977.719 838.297 88.546 -2978.344 839.484 90.015 -2977.297 cv-wallbumps-all
1758 0 19 228 0 -1 0 899.661 54.802 -2982.443 899.000 54.031 -2982.578 900.437 56.234 -2982.235 cv-wallbumps-all
1759 0 71 10 0 -1 0 957.791 102.505 -2870.006 957.390 101.640 -2870.657 958.453 103.141 -2869.610 cv-wallbumps-all-high02
1760 0 18 93 0 -1 0 931.557 72.469 -2858.120 930.937 71.828 -2858.376 932.734 72.922 -2857.922 cv-wall-02-2x2
1761 0 18 241 0 -1 0 835.698 74.593 -2959.355 835.281 72.969 -2959.703 836.125 75.453 -2958.907 cv-wall-02-2x2
1762 0 18 408 0 -1 0 898.307 96.203 -2991.657 897.874 95.531 -2992.234 898.766 97.500 -2991.329 cv-wall-02-2x2
1763 0 20 796 0 -1 0 925.609 59.270 -2925.620 925.359 58.546 -2926.250 925.906 60.641 -2924.954 cv-wall-stal-stripe-02
1764 0 20 889 0 -1 0 926.312 83.911 -2930.526 925.906 81.937 -2931.297 926.594 84.937 -2929.875 cv-wall-stal-stripe-02
1765 0 21 796 0 -1 0 925.442 57.932 -2925.261 925.062 56.624 -2925.657 925.906 58.624 -2924.954 cv-wall-stal-stripe-01
1766 0 21 889 0 -1 0 926.453 85.880 -2930.854 926.328 84.859 -2931.297 926.594 87.844 -2930.407 cv-wall-stal-stripe-01
1767 0 21 995 0 -1 0 860.192 44.666 -2963.620 859.890 42.640 -2963.922 860.547 45.703 -2963.125 cv-wall-stal-stripe-01
1768 0 67 93 0 -1 0 930.323 72.666 -2858.308 929.031 71.828 -2858.485 931.000 73.516 -2858.063 cv-wall-02-2x2-high
1769 0 69 408 0 -1 0 898.099 94.896 -2991.224 897.656 93.578 -2991.407 898.766 95.578 -2990.938 cv-wallbumps-all-02
1770 0 18 94 0 -1 0 943.651 70.843 -2876.860 942.843 70.640 -2877.501 944.187 71.250 -2876.016 cv-wall-02-2x2
1771 0 18 478 0 -1 0 889.692 98.395 -2896.766 888.937 97.750 -2897.688 891.062 98.734 -2895.703 cv-wall-02-2x2
1772 0 19 696 0 -1 0 848.604 46.906 -2953.156 847.719 45.531 -2953.641 849.874 47.625 -2952.797 cv-wallbumps-all
1773 0 24 478 0 -1 0 888.635 99.130 -2897.349 887.890 98.703 -2897.688 889.078 99.953 -2896.907 cv-wall-wave-01
1774 0 18 168 0 -1 0 873.052 52.229 -2860.928 872.797 51.469 -2861.501 873.484 53.609 -2860.485 cv-wall-02-2x2
1775 0 18 431 0 -1 0 837.468 95.354 -2967.693 837.203 94.093 -2967.797 837.953 96.015 -2967.610 cv-wall-02-2x2
1776 0 19 168 0 -1 0 873.052 50.896 -2860.552 872.797 49.609 -2860.797 873.484 51.609 -2860.375 cv-wallbumps-all
1777 0 19 749 0 -1 0 901.510 60.729 -2978.297 900.875 59.297 -2978.672 901.906 61.453 -2977.938 cv-wallbumps-all
1778 0 68 431 0 -1 0 837.468 96.625 -2967.662 837.203 95.953 -2967.797 837.953 97.906 -2967.578 cv-wall-bumps-merge-01
1779 0 69 749 0 -1 0 901.750 62.135 -2978.568 901.593 61.437 -2979.094 901.906 63.515 -2977.938 cv-wallbumps-all-02
1780 0 18 228 0 -1 0 899.281 54.864 -2982.756 899.000 54.140 -2983.172 899.547 56.234 -2982.516 cv-wall-02-2x2
1781 0 20 859 0 -1 0 924.244 41.562 -2927.719 924.016 40.859 -2928.094 924.578 42.937 -2927.407 cv-wall-stal-stripe-02
1782 0 21 859 0 -1 0 924.026 40.245 -2927.615 923.922 38.984 -2928.094 924.140 40.891 -2927.344 cv-wall-stal-stripe-01
1783 0 21 940 0 -1 0 856.317 64.791 -2996.657 855.593 64.609 -2997.422 856.828 65.062 -2996.266 cv-wall-stal-stripe-01
1784 0 18 104 0 -1 0 950.588 90.817 -2909.448 950.375 88.984 -2909.907 950.859 91.734 -2908.985 cv-wall-02-2x2
1785 0 20 104 0 -1 0 950.510 92.489 -2909.750 950.297 91.734 -2909.907 950.859 94.000 -2909.454 cv-wall-stal-stripe-02
1786 0 20 804 0 -1 0 851.197 108.333 -2864.703 850.984 107.625 -2864.907 851.593 109.750 -2864.469 cv-wall-stal-stripe-02
1787 0 21 804 0 -1 0 851.505 106.974 -2864.735 850.984 105.672 -2865.001 851.937 107.625 -2864.469 cv-wall-stal-stripe-01
1788 0 18 230 0 -1 0 917.640 59.224 -2983.526 917.390 57.874 -2983.656 917.844 59.922 -2983.329 cv-wall-02-2x2
1789 0 18 255 0 -1 0 839.239 55.411 -2969.130 839.031 54.093 -2969.282 839.547 56.078 -2968.859 cv-wall-02-2x2
1790 0 19 745 0 -1 0 896.937 88.328 -2994.912 896.781 87.625 -2995.235 897.047 89.718 -2994.469 cv-wallbumps-all
1791 0 19 230 0 -1 0 917.239 60.567 -2983.433 916.484 59.875 -2983.594 917.844 61.906 -2983.329 cv-wallbumps-all
1792 0 19 255 0 -1 0 839.307 56.734 -2969.110 839.141 56.062 -2969.250 839.547 58.062 -2968.859 cv-wallbumps-all
1793 0 20 988 0 -1 0 909.578 54.989 -2966.443 909.266 53.578 -2966.532 910.000 55.734 -2966.282 cv-wall-stal-stripe-02
1794 0 21 988 0 -1 0 909.661 56.322 -2966.558 909.468 55.656 -2966.626 910.000 57.578 -2966.516 cv-wall-stal-stripe-01
1795 0 69 1221 0 -1 0 898.380 100.307 -2992.886 898.109 99.609 -2993.157 898.593 101.703 -2992.610 cv-wallbumps-all-02
1796 0 69 745 0 -1 0 897.000 86.953 -2994.896 896.969 85.593 -2995.188 897.047 87.641 -2994.469 cv-wallbumps-all-02
1797 0 70 1221 0 -1 0 898.328 98.906 -2992.761 898.109 97.500 -2993.157 898.593 99.609 -2992.234 cv-wallbumps-all-high
1798 0 18 206 0 -1 0 931.838 80.729 -2972.011 931.391 80.219 -2972.860 932.203 80.984 -2971.469 cv-wall-02-2x2
1799 0 20 947 0 -1 0 928.026 36.307 -2969.146 927.766 35.609 -2969.719 928.172 37.672 -2968.328 cv-wall-stal-stripe-02
1800 0 21 947 0 -1 0 927.995 34.963 -2969.750 927.766 33.640 -2970.141 928.140 35.640 -2969.391 cv-wall-stal-stripe-01
1801 0 24 206 0 -1 0 931.838 80.729 -2972.011 931.391 80.219 -2972.860 932.203 80.984 -2971.469 cv-wall-wave-01
1802 0 20 926 0 -1 0 875.770 82.073 -3004.938 875.515 81.265 -3005.703 876.125 82.515 -3004.547 cv-wall-stal-stripe-02
1803 0 21 926 0 -1 0 875.708 83.088 -3004.433 875.328 82.437 -3004.563 876.125 84.312 -3004.188 cv-wall-stal-stripe-01
1804 0 50 1131 0 -1 0 916.994 103.875 -2955.333 916.828 101.969 -2955.438 917.078 104.828 -2955.125 cv-villagepole-new-wood
1805 0 50 1135 0 -1 0 892.245 92.463 -2985.349 892.172 90.546 -2985.484 892.281 93.422 -2985.079 cv-villagepole-new-wood
1806 0 50 1139 0 -1 0 916.994 58.062 -2955.333 916.828 56.062 -2955.438 917.078 59.062 -2955.125 cv-villagepole-new-wood
1807 0 50 1146 0 -1 0 861.604 84.312 -2937.896 861.437 82.406 -2938.000 861.687 85.266 -2937.688 cv-villagepole-new-wood
1808 0 50 1148 0 -1 0 861.541 40.437 -2937.427 861.437 39.484 -2937.688 861.593 42.343 -2937.297 cv-villagepole-new-wood
1809 1 12 1414 0 -1 0 940.475 39.477 -2866.396 939.792 38.806 -2869.701 941.177 40.117 -2862.997 cv-planks-all
1810 1 12 1415 0 -1 0 936.849 39.444 -2863.070 933.465 38.795 -2863.504 940.215 40.076 -2862.535 cv-planks-all
1811 1 12 1416 0 -1 0 930.470 39.419 -2863.921 927.060 38.743 -2864.396 933.791 40.061 -2863.346 cv-planks-all
1812 1 12 1417 0 -1 0 940.523 39.632 -2877.605 940.058 39.014 -2880.933 941.022 40.244 -2874.216 cv-planks-all
1813 1 12 1418 0 -1 0 940.742 36.622 -2888.135 939.948 35.146 -2890.719 941.566 38.149 -2885.627 cv-planks-all
1814 1 12 1419 0 -1 0 940.775 38.832 -2883.715 940.366 37.505 -2887.029 941.217 40.179 -2880.489 cv-planks-all
1815 1 12 1420 0 -1 0 907.122 47.824 -2863.220 903.438 47.219 -2864.011 910.778 48.409 -2862.419 cv-planks-all
1816 1 12 1421 0 -1 0 917.754 39.596 -2863.232 914.372 38.973 -2863.643 921.120 40.201 -2862.726 cv-planks-all
1817 1 12 1422 0 -1 0 924.112 39.576 -2863.197 920.784 38.908 -2863.948 927.448 40.228 -2862.383 cv-planks-all
1818 1 12 1423 0 -1 0 885.259 47.676 -2869.902 882.003 47.055 -2871.144 888.493 48.279 -2868.650 cv-planks-all
1819 1 12 1424 0 -1 0 890.298 47.802 -2868.078 886.921 47.188 -2868.651 893.653 48.398 -2867.475 cv-planks-all
1820 1 17 1586 0 -1 0 915.850 23.705 -2868.754 915.425 23.439 -2869.259 916.287 23.921 -2868.183 cv-supportpole-endtri-2x2x2
1821 1 17 1587 0 -1 0 914.588 10.144 -2867.949 914.222 10.089 -2868.360 914.955 10.196 -2867.519 cv-supportpole-endtri-2x2x2
1822 1 17 1588 0 -1 0 913.794 24.133 -2864.652 913.355 23.906 -2865.147 914.254 24.314 -2864.074 cv-supportpole-endtri-2x2x2
1823 1 17 1589 0 -1 0 914.123 9.515 -2865.987 913.759 9.476 -2866.399 914.491 9.553 -2865.558 cv-supportpole-endtri-2x2x2
1824 1 17 1590 0 -1 0 901.016 32.097 -2862.961 900.588 31.815 -2863.466 901.458 32.337 -2862.400 cv-supportpole-endtri-2x2x2
1825 1 17 1591 0 -1 0 899.988 18.634 -2860.988 899.620 18.568 -2861.396 900.356 18.704 -2860.562 cv-supportpole-endtri-2x2x2
1826 1 17 1592 0 -1 0 894.472 32.078 -2865.524 894.027 31.827 -2866.028 894.935 32.289 -2864.966 cv-supportpole-endtri-2x2x2
1827 1 17 1593 0 -1 0 894.740 18.639 -2863.177 894.370 18.570 -2863.582 895.111 18.713 -2862.753 cv-supportpole-endtri-2x2x2
1828 1 17 1594 0 -1 0 867.859 10.492 -2887.145 867.163 10.248 -2888.020 868.665 10.669 -2886.342 cv-supportpole-endtri-2x2x2
1829 1 17 1595 0 -1 0 867.290 -6.711 -2886.573 866.724 -6.711 -2887.170 867.946 -6.711 -2885.988 cv-supportpole-endtri-2x2x2
1830 1 17 1596 0 -1 0 850.165 10.487 -2884.695 849.440 10.227 -2885.548 850.890 10.684 -2883.954 cv-supportpole-endtri-2x2x2
1831 1 17 1597 0 -1 0 849.527 -6.718 -2884.242 848.951 -6.737 -2884.885 850.090 -6.699 -2883.619 cv-supportpole-endtri-2x2x2
1832 1 17 1598 0 -1 0 850.165 10.487 -2878.559 849.440 10.227 -2879.412 850.890 10.684 -2877.819 cv-supportpole-endtri-2x2x2
1833 1 17 1599 0 -1 0 849.527 -6.718 -2878.107 848.951 -6.737 -2878.749 850.090 -6.699 -2877.484 cv-supportpole-endtri-2x2x2
1834 1 17 1600 0 -1 0 867.750 37.536 -2887.375 867.234 37.292 -2888.037 868.355 37.713 -2886.771 cv-supportpole-endtri-2x2x2
1835 1 17 1601 0 -1 0 867.337 20.333 -2886.957 866.917 20.333 -2887.411 867.829 20.333 -2886.519 cv-supportpole-endtri-2x2x2
1836 1 17 1602 0 -1 0 849.233 37.746 -2885.046 848.708 37.499 -2885.642 849.783 37.925 -2884.364 cv-supportpole-endtri-2x2x2
1837 1 17 1603 0 -1 0 849.827 20.338 -2885.060 849.394 20.338 -2885.550 850.264 20.338 -2884.549 cv-supportpole-endtri-2x2x2
1838 1 17 1604 0 -1 0 849.233 37.746 -2878.911 848.708 37.499 -2879.507 849.783 37.925 -2878.229 cv-supportpole-endtri-2x2x2
1839 1 17 1605 0 -1 0 849.827 20.338 -2878.925 849.394 20.338 -2879.415 850.264 20.338 -2878.414 cv-supportpole-endtri-2x2x2
1840 1 17 1606 0 -1 0 867.805 37.557 -2910.568 867.222 37.313 -2911.118 868.474 37.734 -2910.014 cv-supportpole-endtri-2x2x2
1841 1 17 1607 0 -1 0 867.869 20.336 -2911.153 867.374 20.336 -2911.575 868.377 20.336 -2910.763 cv-supportpole-endtri-2x2x2
1842 1 17 1608 0 -1 0 860.969 37.704 -2910.312 860.446 37.457 -2910.907 861.518 37.882 -2909.631 cv-supportpole-endtri-2x2x2
1843 1 17 1609 0 -1 0 861.562 20.339 -2910.326 861.130 20.339 -2910.814 861.998 20.339 -2909.816 cv-supportpole-endtri-2x2x2
1844 1 17 1610 0 -1 0 863.399 36.571 -2926.236 862.873 36.323 -2926.834 863.951 36.750 -2925.552 cv-supportpole-endtri-2x2x2
1845 1 17 1611 0 -1 0 863.996 19.113 -2926.250 863.561 19.113 -2926.741 864.434 19.113 -2925.738 cv-supportpole-endtri-2x2x2
1846 1 17 1612 0 -1 0 867.479 37.096 -2932.577 866.941 36.842 -2933.188 868.043 37.279 -2931.876 cv-supportpole-endtri-2x2x2
1847 1 17 1613 0 -1 0 868.090 19.233 -2932.591 867.644 19.233 -2933.093 868.538 19.233 -2932.066 cv-supportpole-endtri-2x2x2
1848 1 17 1614 0 -1 0 861.252 37.746 -2889.100 860.727 37.499 -2889.696 861.802 37.925 -2888.417 cv-supportpole-endtri-2x2x2
1849 1 17 1615 0 -1 0 861.847 20.338 -2889.113 861.413 20.338 -2889.603 862.284 20.338 -2888.602 cv-supportpole-endtri-2x2x2
1850 1 17 1616 0 -1 0 862.085 10.448 -2909.736 861.364 10.166 -2910.591 862.808 10.675 -2909.000 cv-supportpole-endtri-2x2x2
1851 1 17 1617 0 -1 0 861.724 -6.732 -2908.588 861.147 -6.777 -2909.229 862.286 -6.686 -2907.967 cv-supportpole-endtri-2x2x2
1852 1 17 1618 0 -1 0 867.915 10.466 -2909.546 867.199 10.140 -2910.282 868.723 10.732 -2908.743 cv-supportpole-endtri-2x2x2
1853 1 17 1619 0 -1 0 867.599 -6.711 -2908.385 867.092 -6.779 -2908.999 868.164 -6.638 -2907.711 cv-supportpole-endtri-2x2x2
1854 1 17 1620 0 -1 0 864.166 10.511 -2926.284 863.447 10.243 -2927.042 864.976 10.710 -2925.462 cv-supportpole-endtri-2x2x2
1855 1 17 1621 0 -1 0 864.021 -6.707 -2926.513 863.510 -6.726 -2927.129 864.588 -6.689 -2925.835 cv-supportpole-endtri-2x2x2
1856 1 17 1622 0 -1 0 868.788 10.505 -2932.436 867.966 10.237 -2933.160 869.661 10.708 -2931.708 cv-supportpole-endtri-2x2x2
1857 1 17 1623 0 -1 0 868.347 -6.709 -2932.373 867.734 -6.729 -2932.951 868.934 -6.688 -2931.767 cv-supportpole-endtri-2x2x2
1858 1 17 1624 0 -1 0 862.994 10.472 -2932.374 862.326 10.230 -2933.261 863.763 10.652 -2931.546 cv-supportpole-endtri-2x2x2
1859 1 17 1625 0 -1 0 862.764 -6.710 -2931.255 862.221 -6.728 -2931.852 863.391 -6.695 -2930.650 cv-supportpole-endtri-2x2x2
1860 1 17 1626 0 -1 0 862.184 10.487 -2888.748 861.459 10.227 -2889.601 862.909 10.684 -2888.007 cv-supportpole-endtri-2x2x2
1861 1 17 1627 0 -1 0 861.547 -6.718 -2888.295 860.970 -6.737 -2888.938 862.109 -6.699 -2887.673 cv-supportpole-endtri-2x2x2
1862 1 17 1628 0 -1 0 861.344 36.884 -2932.581 860.808 36.632 -2933.189 861.905 37.067 -2931.883 cv-supportpole-endtri-2x2x2
1863 1 17 1629 0 -1 0 861.951 19.111 -2932.595 861.508 19.111 -2933.095 862.397 19.111 -2932.073 cv-supportpole-endtri-2x2x2
1864 1 17 1630 0 -1 0 862.660 23.784 -2937.864 861.924 23.451 -2938.764 863.442 24.024 -2937.026 cv-supportpole-endtri-2x2x2
1865 1 17 1631 0 -1 0 862.204 0.385 -2937.208 861.611 0.385 -2937.816 862.838 0.385 -2936.591 cv-supportpole-endtri-2x2x2
1866 1 17 1632 0 -1 0 911.793 60.006 -2955.047 911.130 59.690 -2955.699 912.381 60.249 -2954.450 cv-supportpole-endtri-2x2x2
1867 1 17 1633 0 -1 0 911.263 41.241 -2955.908 910.789 41.201 -2956.453 911.683 41.281 -2955.410 cv-supportpole-endtri-2x2x2
1868 1 17 1634 0 -1 0 911.790 59.654 -2960.945 911.224 59.381 -2961.590 912.381 59.853 -2960.208 cv-supportpole-endtri-2x2x2
1869 1 17 1635 0 -1 0 912.242 40.832 -2960.961 911.773 40.827 -2961.490 912.715 40.837 -2960.408 cv-supportpole-endtri-2x2x2
1870 1 17 1636 0 -1 0 900.959 55.519 -2950.673 900.300 55.206 -2951.422 901.649 55.748 -2949.817 cv-supportpole-endtri-2x2x2
1871 1 17 1637 0 -1 0 901.705 33.669 -2950.526 901.161 33.664 -2951.140 902.254 33.673 -2949.884 cv-supportpole-endtri-2x2x2
1872 1 17 1638 0 -1 0 900.597 56.541 -2962.476 899.951 56.227 -2963.212 901.275 56.773 -2961.637 cv-supportpole-endtri-2x2x2
1873 1 17 1639 0 -1 0 901.330 35.102 -2962.023 900.795 35.088 -2962.626 901.868 35.115 -2961.394 cv-supportpole-endtri-2x2x2
1874 1 17 1640 0 -1 0 867.794 49.092 -2953.508 867.279 48.850 -2954.093 868.332 49.268 -2952.839 cv-supportpole-endtri-2x2x2
1875 1 17 1641 0 -1 0 868.376 32.032 -2953.522 867.951 32.032 -2954.002 868.805 32.032 -2953.021 cv-supportpole-endtri-2x2x2
1876 1 17 1642 0 -1 0 878.075 52.504 -2986.124 877.618 52.341 -2986.623 878.559 52.619 -2985.546 cv-supportpole-endtri-2x2x2
1877 1 17 1643 0 -1 0 880.215 37.995 -2986.860 879.851 37.950 -2987.273 880.581 38.042 -2986.430 cv-supportpole-endtri-2x2x2
1878 1 17 1644 0 -1 0 861.089 48.966 -2953.300 860.579 48.726 -2953.880 861.624 49.140 -2952.637 cv-supportpole-endtri-2x2x2
1879 1 17 1645 0 -1 0 861.667 32.042 -2953.314 861.245 32.042 -2953.790 862.092 32.042 -2952.817 cv-supportpole-endtri-2x2x2
1880 1 17 1646 0 -1 0 860.938 47.390 -2947.433 860.351 47.061 -2948.090 861.552 47.668 -2946.657 cv-supportpole-endtri-2x2x2
1881 1 17 1647 0 -1 0 860.945 27.877 -2950.433 860.454 27.787 -2950.981 861.441 27.965 -2949.861 cv-supportpole-endtri-2x2x2
1882 1 17 1648 0 -1 0 867.000 48.762 -2946.849 866.464 48.472 -2947.455 867.559 48.996 -2946.142 cv-supportpole-endtri-2x2x2
1883 1 17 1649 0 -1 0 867.026 30.866 -2948.561 866.578 30.815 -2949.064 867.477 30.918 -2948.037 cv-supportpole-endtri-2x2x2
1884 1 17 1650 0 -1 0 860.992 47.211 -2966.822 860.409 46.937 -2967.484 861.602 47.410 -2966.064 cv-supportpole-endtri-2x2x2
1885 1 17 1651 0 -1 0 861.652 27.876 -2966.837 861.170 27.876 -2967.381 862.138 27.876 -2966.269 cv-supportpole-endtri-2x2x2
1886 1 17 1652 0 -1 0 865.222 47.591 -2966.820 864.676 47.251 -2967.471 865.785 47.854 -2966.075 cv-supportpole-endtri-2x2x2
1887 1 17 1653 0 -1 0 863.577 28.640 -2966.835 863.106 28.582 -2967.370 864.050 28.697 -2966.277 cv-supportpole-endtri-2x2x2
1888 1 17 1654 0 -1 0 861.807 47.211 -2977.738 861.224 46.937 -2978.400 862.418 47.410 -2976.980 cv-supportpole-endtri-2x2x2
1889 1 17 1655 0 -1 0 862.468 27.876 -2977.754 861.986 27.876 -2978.298 862.953 27.876 -2977.186 cv-supportpole-endtri-2x2x2
1890 1 17 1656 0 -1 0 880.883 26.530 -2987.233 880.426 26.367 -2987.732 881.367 26.645 -2986.655 cv-supportpole-endtri-2x2x2
1891 1 17 1657 0 -1 0 883.022 12.021 -2987.970 882.656 11.976 -2988.382 883.389 12.070 -2987.539 cv-supportpole-endtri-2x2x2
1892 1 17 1658 0 -1 0 880.889 26.529 -2989.195 880.436 26.347 -2989.701 881.370 26.662 -2988.626 cv-supportpole-endtri-2x2x2
1893 1 17 1659 0 -1 0 883.014 12.050 -2987.974 882.656 11.991 -2988.387 883.378 12.103 -2987.545 cv-supportpole-endtri-2x2x2
1894 1 17 1660 0 -1 0 921.841 11.382 -2954.524 921.359 11.160 -2955.014 922.399 11.549 -2954.021 cv-supportpole-endtri-2x2x2
1895 1 17 1661 0 -1 0 921.520 -3.295 -2954.805 921.095 -3.307 -2955.179 921.947 -3.282 -2954.474 cv-supportpole-endtri-2x2x2
1896 1 17 1662 0 -1 0 921.615 11.291 -2959.872 921.092 11.034 -2960.336 922.111 11.500 -2959.352 cv-supportpole-endtri-2x2x2
1897 1 17 1663 0 -1 0 921.044 -3.259 -2957.988 920.691 -3.313 -2958.405 921.428 -3.202 -2957.577 cv-supportpole-endtri-2x2x2
1898 1 17 1664 0 -1 0 911.781 25.003 -2961.102 911.108 24.654 -2961.874 912.484 25.264 -2960.222 cv-supportpole-endtri-2x2x2
1899 1 17 1665 0 -1 0 912.058 2.028 -2960.665 911.498 2.011 -2961.297 912.623 2.045 -2960.004 cv-supportpole-endtri-2x2x2
1900 1 17 1666 0 -1 0 909.548 23.809 -2957.191 908.793 23.447 -2958.127 910.333 24.089 -2956.114 cv-supportpole-endtri-2x2x2
1901 1 17 1667 0 -1 0 909.124 2.111 -2957.689 908.489 2.067 -2958.460 909.763 2.158 -2956.885 cv-supportpole-endtri-2x2x2
1902 1 17 1668 0 -1 0 887.267 34.092 -2985.769 886.764 33.768 -2986.340 887.794 34.327 -2985.115 cv-supportpole-endtri-2x2x2
1903 1 17 1669 0 -1 0 887.837 11.274 -2985.782 887.421 11.274 -2986.251 888.255 11.274 -2985.293 cv-supportpole-endtri-2x2x2
1904 1 17 1670 0 -1 0 887.819 34.092 -2990.242 887.167 33.768 -2990.752 888.388 34.327 -2989.727 cv-supportpole-endtri-2x2x2
1905 1 17 1671 0 -1 0 887.796 11.274 -2989.672 887.305 11.274 -2990.071 888.271 11.274 -2989.264 cv-supportpole-endtri-2x2x2
1906 1 17 1672 0 -1 0 892.482 34.092 -2990.182 891.842 33.768 -2990.736 893.080 34.327 -2989.653 cv-supportpole-endtri-2x2x2
1907 1 17 1673 0 -1 0 892.954 11.274 -2989.861 892.521 11.274 -2990.311 893.394 11.274 -2989.436 cv-supportpole-endtri-2x2x2
1908 1 17 1674 0 -1 0 892.897 34.092 -2984.984 892.354 33.768 -2985.594 893.494 34.327 -2984.443 cv-supportpole-endtri-2x2x2
1909 1 17 1675 0 -1 0 892.411 11.274 -2984.686 891.973 11.274 -2985.111 892.899 11.274 -2984.302 cv-supportpole-endtri-2x2x2
1910 1 17 1676 0 -1 0 867.574 23.804 -2942.398 866.852 23.448 -2943.315 868.263 24.070 -2941.597 cv-supportpole-endtri-2x2x2
1911 1 17 1677 0 -1 0 867.484 0.392 -2942.573 866.903 0.373 -2943.262 868.057 0.408 -2941.911 cv-supportpole-endtri-2x2x2
1912 1 17 1678 0 -1 0 861.638 23.757 -2943.286 860.927 23.436 -2944.088 862.384 23.987 -2942.369 cv-supportpole-endtri-2x2x2
1913 1 17 1679 0 -1 0 862.928 0.382 -2943.150 862.345 0.367 -2943.808 863.515 0.395 -2942.463 cv-supportpole-endtri-2x2x2
1914 1 17 1680 0 -1 0 866.886 23.785 -2938.054 866.183 23.445 -2938.855 867.622 24.034 -2937.136 cv-supportpole-endtri-2x2x2
1915 1 17 1681 0 -1 0 867.427 0.378 -2938.072 866.844 0.371 -2938.730 868.015 0.384 -2937.385 cv-supportpole-endtri-2x2x2
1916 1 17 1682 0 -1 0 901.220 21.378 -2951.580 900.481 21.019 -2952.421 901.995 21.644 -2950.621 cv-supportpole-endtri-2x2x2
1917 1 17 1683 0 -1 0 902.058 -3.136 -2951.058 901.447 -3.151 -2951.748 902.673 -3.120 -2950.338 cv-supportpole-endtri-2x2x2
1918 1 17 1684 0 -1 0 900.475 19.574 -2962.313 899.510 19.237 -2963.442 901.486 19.840 -2961.029 cv-supportpole-endtri-2x2x2
1919 1 17 1685 0 -1 0 901.335 -0.851 -2961.227 900.535 -0.898 -2962.151 902.141 -0.799 -2960.262 cv-supportpole-endtri-2x2x2
1920 1 17 1686 0 -1 0 867.595 18.315 -2953.422 866.908 17.991 -2954.202 868.315 18.549 -2952.528 cv-supportpole-endtri-2x2x2
1921 1 17 1687 0 -1 0 868.374 -4.478 -2953.440 867.806 -4.478 -2954.081 868.946 -4.478 -2952.771 cv-supportpole-endtri-2x2x2
1922 1 17 1688 0 -1 0 866.709 15.187 -2949.447 866.125 14.895 -2950.111 867.318 15.409 -2948.683 cv-supportpole-endtri-2x2x2
1923 1 17 1689 0 -1 0 867.018 -4.246 -2950.024 866.533 -4.263 -2950.570 867.506 -4.228 -2949.453 cv-supportpole-endtri-2x2x2
1924 1 17 1690 0 -1 0 860.536 13.812 -2951.290 859.983 13.529 -2951.915 861.115 14.034 -2950.564 cv-supportpole-endtri-2x2x2
1925 1 17 1691 0 -1 0 860.915 -4.589 -2952.609 860.456 -4.628 -2953.126 861.378 -4.550 -2952.069 cv-supportpole-endtri-2x2x2
1926 1 17 1692 0 -1 0 859.788 18.839 -2954.086 859.091 18.514 -2954.874 860.519 19.078 -2953.189 cv-supportpole-endtri-2x2x2
1927 1 17 1693 0 -1 0 861.042 -4.093 -2953.455 860.470 -4.114 -2954.100 861.618 -4.072 -2952.780 cv-supportpole-endtri-2x2x2
1928 1 17 1694 0 -1 0 916.556 13.617 -2954.689 915.996 13.353 -2955.248 917.194 13.817 -2954.113 cv-supportpole-endtri-2x2x2
1929 1 17 1695 0 -1 0 917.233 -3.273 -2954.746 916.744 -3.290 -2955.177 917.725 -3.254 -2954.365 cv-supportpole-endtri-2x2x2
1930 1 17 1696 0 -1 0 916.646 12.821 -2960.204 916.110 12.573 -2960.745 917.172 13.011 -2959.590 cv-supportpole-endtri-2x2x2
1931 1 17 1697 0 -1 0 916.930 -3.264 -2959.314 916.579 -3.287 -2959.779 917.334 -3.240 -2958.842 cv-supportpole-endtri-2x2x2
1932 1 17 1698 0 -1 0 878.081 52.504 -2990.235 877.628 52.322 -2990.740 878.562 52.637 -2989.666 cv-supportpole-endtri-2x2x2
1933 1 17 1699 0 -1 0 880.206 38.026 -2989.029 879.845 37.966 -2989.441 880.570 38.078 -2988.599 cv-supportpole-endtri-2x2x2
1934 1 17 1700 0 -1 0 866.184 37.160 -2879.228 865.768 37.160 -2879.686 866.596 37.160 -2878.765 cv-supportpole-endtri-2x2x2
1935 1 17 1701 0 -1 0 865.403 44.660 -2879.061 865.205 44.660 -2879.280 865.596 44.660 -2878.843 cv-supportpole-endtri-2x2x2
1936 1 17 1702 0 -1 0 865.476 45.675 -2879.167 865.065 45.675 -2879.624 865.877 45.675 -2878.718 cv-supportpole-endtri-2x2x2
1937 1 13 1449 0 -1 0 941.252 36.775 -2886.691 940.944 35.478 -2887.334 941.536 38.064 -2886.044 cv-trapdoor-polecap-01
1938 1 13 1452 0 -1 0 940.554 35.880 -2885.928 939.149 35.484 -2886.519 941.951 36.268 -2885.322 cv-trapdoor-polecap-01
1939 1 13 1453 0 -1 0 940.390 35.295 -2887.679 938.807 34.794 -2888.456 941.964 35.800 -2886.888 cv-trapdoor-polecap-01
1940 1 12 1385 0 -1 0 910.869 40.716 -2866.297 909.716 39.729 -2869.544 911.929 41.719 -2862.995 cv-planks-all
1941 1 12 1386 0 -1 0 910.751 43.589 -2866.283 909.639 42.197 -2869.567 911.875 44.963 -2862.917 cv-planks-all
1942 1 12 1387 0 -1 0 910.928 38.190 -2866.266 909.938 37.883 -2869.503 911.934 38.399 -2862.940 cv-planks-all
1943 1 12 1388 0 -1 0 864.245 56.336 -2887.804 861.225 56.030 -2888.806 867.350 56.546 -2886.822 cv-planks-all
1944 1 12 1389 0 -1 0 862.424 50.237 -2879.732 858.772 47.208 -2880.113 866.123 53.188 -2879.450 cv-planks-all
1945 1 12 1390 0 -1 0 852.359 53.458 -2879.573 848.779 50.704 -2880.527 856.036 56.248 -2878.738 cv-planks-all
1946 1 12 1392 0 -1 0 862.427 53.995 -2879.739 858.591 52.728 -2880.100 866.317 55.246 -2879.416 cv-planks-all
1947 1 12 1393 0 -1 0 852.537 47.758 -2878.464 848.876 45.292 -2879.548 856.255 50.163 -2877.499 cv-planks-all
1948 1 12 1394 0 -1 0 864.450 56.420 -2917.771 863.395 56.114 -2920.856 865.520 56.630 -2914.726 cv-planks-all
1949 1 12 1395 0 -1 0 864.451 56.420 -2923.882 863.439 56.114 -2926.981 865.455 56.630 -2920.857 cv-planks-all
1950 1 12 1396 0 -1 0 919.779 91.448 -2960.757 916.355 90.022 -2960.987 923.161 92.907 -2960.600 cv-planks-all
1951 1 12 1398 0 -1 0 919.811 96.666 -2960.757 916.337 95.127 -2960.987 923.174 98.191 -2960.600 cv-planks-all
1952 1 12 1399 0 -1 0 914.523 84.170 -2944.065 913.975 83.373 -2946.384 915.147 84.956 -2941.786 cv-planks-all
1953 1 12 1400 0 -1 0 912.822 86.711 -2943.583 912.240 85.708 -2945.958 913.469 87.710 -2941.238 cv-planks-all
1954 1 12 1401 0 -1 0 893.134 81.184 -2987.807 892.976 80.323 -2991.180 893.363 82.059 -2984.477 cv-planks-all
1955 1 12 1402 0 -1 0 893.134 70.517 -2987.537 892.976 69.475 -2990.988 893.363 71.552 -2984.197 cv-planks-all
1956 1 12 1403 0 -1 0 893.134 73.123 -2987.800 892.976 72.127 -2991.195 893.363 74.137 -2984.450 cv-planks-all
1957 1 12 1404 0 -1 0 879.456 68.492 -2988.028 878.357 68.186 -2991.082 880.540 68.702 -2984.935 cv-planks-all
1958 1 12 1405 0 -1 0 864.523 68.492 -2967.719 861.504 68.186 -2968.721 867.629 68.702 -2966.737 cv-planks-all
1959 1 12 1406 0 -1 0 864.317 59.503 -2943.344 860.842 58.171 -2943.567 867.680 60.821 -2943.143 cv-planks-all
1960 1 12 1407 0 -1 0 864.540 62.387 -2943.344 861.139 61.617 -2943.543 867.842 63.140 -2943.155 cv-planks-all
1961 1 12 1408 0 -1 0 864.527 65.176 -2943.344 861.051 63.768 -2943.571 867.892 66.568 -2943.140 cv-planks-all
1962 1 12 1409 0 -1 0 893.134 90.293 -2987.814 892.976 89.076 -2991.284 893.363 91.501 -2984.456 cv-planks-all
1963 1 12 1410 0 -1 0 893.134 86.648 -2987.810 892.976 84.964 -2991.220 893.363 88.375 -2984.443 cv-planks-all
1964 1 12 1411 0 -1 0 893.134 83.558 -2987.818 892.976 82.601 -2991.258 893.363 84.508 -2984.490 cv-planks-all
1965 1 12 1413 0 -1 0 893.134 75.439 -2987.804 892.976 74.570 -2991.230 893.363 76.303 -2984.490 cv-planks-all
1966 1 12 1374 0 -1 0 932.060 38.232 -2866.878 929.916 37.848 -2870.528 934.316 38.598 -2863.564 cv-planks-all
1967 1 12 1375 0 -1 0 936.949 38.389 -2878.619 933.443 38.005 -2880.619 940.429 38.755 -2876.617 cv-planks-all
1968 1 12 1376 0 -1 0 936.949 36.495 -2886.544 933.442 35.376 -2888.510 940.429 37.536 -2884.558 cv-planks-all
1969 1 12 1377 0 -1 0 907.409 46.377 -2867.028 904.626 45.993 -2870.907 910.195 46.743 -2863.453 cv-planks-all
1970 1 12 1378 0 -1 0 915.962 38.232 -2866.292 913.929 37.848 -2869.737 918.047 38.598 -2862.755 cv-planks-all
1971 1 12 1379 0 -1 0 857.019 56.269 -2881.666 854.959 55.885 -2885.190 859.053 56.635 -2878.206 cv-planks-all
1972 1 12 1380 0 -1 0 891.104 46.377 -2871.738 888.395 45.993 -2875.594 893.825 46.743 -2868.191 cv-planks-all
1973 1 12 1381 0 -1 0 919.416 88.321 -2949.877 915.205 87.891 -2952.301 923.519 88.731 -2947.394 cv-planks-all
1974 1 12 1382 0 -1 0 908.881 80.388 -2958.511 905.344 80.004 -2960.544 912.326 80.754 -2956.429 cv-planks-all
1975 1 12 1383 0 -1 0 902.311 80.388 -2954.402 898.852 80.004 -2956.460 905.834 80.754 -2952.368 cv-planks-all
1976 1 12 1384 0 -1 0 864.503 68.305 -2951.153 860.966 67.921 -2953.186 867.948 68.671 -2949.071 cv-planks-all
1977 1 12 1308 0 -1 0 939.077 38.258 -2866.113 937.768 38.046 -2869.267 940.371 38.484 -2863.033 cv-planks-all
1978 1 12 1309 0 -1 0 937.057 38.258 -2866.382 935.808 38.046 -2869.450 938.323 38.484 -2863.223 cv-planks-all
1979 1 12 1310 0 -1 0 925.098 38.273 -2866.910 923.934 37.967 -2870.084 926.232 38.651 -2863.875 cv-planks-all
1980 1 12 1311 0 -1 0 937.019 38.375 -2881.722 933.695 38.164 -2882.851 940.144 38.602 -2880.637 cv-planks-all
1981 1 12 1312 0 -1 0 937.035 35.066 -2889.486 933.710 34.436 -2890.645 940.160 35.750 -2888.393 cv-planks-all
1982 1 12 1313 0 -1 0 910.556 46.363 -2866.113 908.697 46.151 -2869.412 912.428 46.589 -2862.790 cv-planks-all
1983 1 12 1314 0 -1 0 894.229 46.363 -2870.889 892.429 46.151 -2874.179 896.038 46.589 -2867.575 cv-planks-all
1984 1 12 1315 0 -1 0 920.990 38.258 -2866.379 919.876 38.046 -2869.359 922.063 38.484 -2863.206 cv-planks-all
1985 1 12 1316 0 -1 0 923.021 38.258 -2866.377 921.993 38.046 -2869.550 924.089 38.484 -2863.395 cv-planks-all
1986 1 12 1317 0 -1 0 864.202 56.293 -2885.640 861.214 56.029 -2886.736 867.374 56.615 -2884.501 cv-planks-all
1987 1 12 1318 0 -1 0 864.110 56.334 -2881.478 861.128 56.123 -2882.503 867.283 56.561 -2880.413 cv-planks-all
1988 1 12 1319 0 -1 0 849.959 56.295 -2881.641 848.916 56.084 -2884.624 850.963 56.521 -2878.468 cv-planks-all
1989 1 12 1320 0 -1 0 851.991 56.295 -2881.622 850.942 56.084 -2884.795 853.080 56.521 -2878.641 cv-planks-all
1990 1 12 1321 0 -1 0 884.113 46.348 -2873.306 882.449 46.095 -2876.430 885.786 46.616 -2870.159 cv-planks-all
1991 1 12 1322 0 -1 0 864.188 56.339 -2913.282 860.915 56.048 -2914.802 867.662 56.692 -2911.701 cv-planks-all
1992 1 12 1323 0 -1 0 864.302 56.340 -2936.442 861.314 56.076 -2937.331 867.473 56.663 -2935.517 cv-planks-all
1993 1 12 1324 0 -1 0 864.302 56.340 -2932.997 861.314 56.076 -2933.886 867.473 56.663 -2932.072 cv-planks-all
1994 1 12 1325 0 -1 0 914.654 88.713 -2943.314 913.302 88.493 -2945.823 915.960 88.942 -2940.639 cv-planks-all
1995 1 12 1326 0 -1 0 919.506 88.342 -2941.479 915.955 88.105 -2942.701 923.283 88.596 -2940.209 cv-planks-all
1996 1 12 1327 0 -1 0 919.535 88.342 -2943.894 915.758 88.105 -2945.219 923.085 88.596 -2942.617 cv-planks-all
1997 1 12 1328 0 -1 0 919.417 103.731 -2959.419 915.739 103.433 -2961.253 923.322 104.097 -2957.510 cv-planks-all
1998 1 12 1329 0 -1 0 908.958 80.413 -2951.452 905.976 80.202 -2952.477 912.131 80.640 -2950.387 cv-planks-all
1999 1 12 1330 0 -1 0 908.962 80.413 -2953.483 905.790 80.202 -2954.595 911.943 80.640 -2952.412 cv-planks-all
2000 1 12 1331 0 -1 0 902.289 80.413 -2961.461 899.117 80.202 -2962.503 905.272 80.640 -2960.457 cv-planks-all
2001 1 12 1332 0 -1 0 902.270 80.413 -2959.430 899.288 80.202 -2960.477 905.443 80.640 -2958.342 cv-planks-all
2002 1 12 1333 0 -1 0 864.581 68.331 -2944.094 861.598 68.119 -2945.119 867.753 68.557 -2943.029 cv-planks-all
2003 1 12 1334 0 -1 0 864.025 84.241 -2942.291 860.347 83.943 -2944.126 867.930 84.607 -2940.383 cv-planks-all
2004 1 12 1335 0 -1 0 883.663 68.387 -2987.921 882.521 68.166 -2990.941 884.837 68.613 -2984.750 cv-planks-all
2005 1 12 1336 0 -1 0 864.304 68.381 -2965.631 861.321 68.156 -2966.643 867.477 68.629 -2964.579 cv-planks-all
2006 1 12 1337 0 -1 0 864.304 68.381 -2961.720 861.321 68.156 -2962.731 867.477 68.629 -2960.667 cv-planks-all
2007 1 12 1338 0 -1 0 864.584 68.331 -2946.125 861.412 68.119 -2947.237 867.565 68.557 -2945.054 cv-planks-all
2008 1 12 1339 0 -1 0 889.671 92.177 -2989.390 885.993 91.879 -2991.225 893.576 92.543 -2987.482 cv-planks-all
2009 1 12 1340 0 -1 0 877.408 68.387 -2988.233 876.336 68.166 -2991.250 878.510 68.612 -2985.062 cv-planks-all
2010 1 12 1391 0 -1 0 856.538 52.567 -2879.310 853.337 49.253 -2879.788 859.831 55.922 -2878.938 cv-planks-all
2011 1 12 1397 0 -1 0 920.190 93.800 -2960.757 916.802 92.850 -2960.987 923.534 94.766 -2960.600 cv-planks-all
2012 1 12 1412 0 -1 0 893.134 78.136 -2987.894 892.976 76.883 -2991.314 893.363 79.416 -2984.517 cv-planks-all
2013 1 13 1425 0 -1 0 940.349 38.864 -2864.636 939.972 37.469 -2864.951 940.719 40.205 -2864.332 cv-trapdoor-polecap-01
2014 1 13 1426 0 -1 0 940.863 38.949 -2868.625 940.262 37.399 -2868.948 941.452 40.459 -2868.311 cv-trapdoor-polecap-01
2015 1 13 1427 0 -1 0 940.921 38.706 -2866.354 940.763 37.093 -2866.557 941.129 40.273 -2866.164 cv-trapdoor-polecap-01
2016 1 13 1428 0 -1 0 939.504 37.787 -2864.683 938.033 37.316 -2865.036 940.942 38.257 -2864.349 cv-trapdoor-polecap-01
2017 1 13 1429 0 -1 0 940.115 38.135 -2866.832 938.419 37.497 -2867.126 941.778 38.777 -2866.541 cv-trapdoor-polecap-01
2018 1 13 1430 0 -1 0 940.181 38.127 -2868.651 938.755 37.672 -2869.190 941.581 38.580 -2868.122 cv-trapdoor-polecap-01
2019 1 13 1431 0 -1 0 935.040 38.981 -2863.030 934.871 37.576 -2863.426 935.230 40.342 -2862.645 cv-trapdoor-polecap-01
2020 1 13 1432 0 -1 0 939.053 38.726 -2862.893 938.886 37.170 -2863.504 939.215 40.233 -2862.285 cv-trapdoor-polecap-01
2021 1 13 1433 0 -1 0 936.785 38.675 -2862.622 936.558 37.061 -2862.770 936.996 40.233 -2862.426 cv-trapdoor-polecap-01
2022 1 13 1434 0 -1 0 934.917 37.911 -2863.876 934.746 37.436 -2865.363 935.121 38.389 -2862.426 cv-trapdoor-polecap-01
2023 1 13 1435 0 -1 0 937.135 38.072 -2863.470 936.980 37.436 -2865.176 937.277 38.717 -2861.801 cv-trapdoor-polecap-01
2024 1 13 1436 0 -1 0 938.946 37.911 -2863.575 938.574 37.436 -2865.035 939.340 38.389 -2862.145 cv-trapdoor-polecap-01
2025 1 13 1437 0 -1 0 928.707 38.803 -2863.923 928.416 37.409 -2864.317 929.009 40.143 -2863.539 cv-trapdoor-polecap-01
2026 1 13 1438 0 -1 0 932.722 38.893 -2863.692 932.435 37.344 -2864.304 933.013 40.403 -2863.086 cv-trapdoor-polecap-01
2027 1 13 1439 0 -1 0 930.461 38.646 -2863.475 930.263 37.034 -2863.622 930.670 40.214 -2863.278 cv-trapdoor-polecap-01
2028 1 13 1440 0 -1 0 928.696 37.728 -2864.772 928.462 37.259 -2866.257 928.956 38.194 -2863.323 cv-trapdoor-polecap-01
2029 1 13 1441 0 -1 0 930.881 38.078 -2864.314 930.707 37.443 -2866.019 931.068 38.717 -2862.644 cv-trapdoor-polecap-01
2030 1 13 1442 0 -1 0 932.701 38.073 -2864.376 932.268 37.621 -2865.830 933.150 38.523 -2862.952 cv-trapdoor-polecap-01
2031 1 13 1443 0 -1 0 940.817 39.050 -2875.854 940.424 37.649 -2876.097 941.193 40.400 -2875.625 cv-trapdoor-polecap-01
2032 1 13 1444 0 -1 0 940.400 39.067 -2879.856 939.800 37.505 -2880.044 940.995 40.585 -2879.668 cv-trapdoor-polecap-01
2033 1 13 1445 0 -1 0 940.982 38.868 -2877.655 940.822 37.255 -2877.844 941.188 40.433 -2877.473 cv-trapdoor-polecap-01
2034 1 13 1446 0 -1 0 940.006 37.959 -2875.690 938.527 37.462 -2875.921 941.462 38.455 -2875.441 cv-trapdoor-polecap-01
2035 1 13 1447 0 -1 0 940.100 38.276 -2877.926 938.417 37.609 -2878.253 941.761 38.947 -2877.582 cv-trapdoor-polecap-01
2036 1 13 1448 0 -1 0 939.747 38.234 -2879.712 938.267 37.751 -2879.943 941.206 38.715 -2879.516 cv-trapdoor-polecap-01
2037 1 13 1450 0 -1 0 940.426 35.249 -2889.462 939.930 33.849 -2890.314 940.908 36.611 -2888.625 cv-trapdoor-polecap-01
2038 1 13 1451 0 -1 0 941.238 35.913 -2887.924 940.975 34.451 -2888.683 941.529 37.325 -2887.179 cv-trapdoor-polecap-01
2039 1 13 1454 0 -1 0 939.862 34.574 -2888.860 938.433 34.116 -2889.299 941.283 35.028 -2888.402 cv-trapdoor-polecap-01
2040 1 13 1455 0 -1 0 941.070 38.869 -2881.872 940.735 37.494 -2882.305 941.387 40.229 -2881.421 cv-trapdoor-polecap-01
2041 1 13 1456 0 -1 0 940.709 37.556 -2885.656 940.171 36.046 -2886.269 941.235 39.014 -2885.053 cv-trapdoor-polecap-01
2042 1 13 1457 0 -1 0 941.268 38.116 -2883.514 941.040 36.575 -2884.120 941.542 39.597 -2882.910 cv-trapdoor-polecap-01
2043 1 13 1458 0 -1 0 940.306 37.856 -2881.358 938.845 37.352 -2881.693 941.746 38.361 -2881.006 cv-trapdoor-polecap-01
2044 1 13 1459 0 -1 0 940.417 37.427 -2883.574 938.758 36.789 -2884.058 942.054 38.076 -2883.076 cv-trapdoor-polecap-01
2045 1 13 1460 0 -1 0 940.091 36.787 -2885.247 938.630 36.233 -2885.385 941.534 37.345 -2885.085 cv-trapdoor-polecap-01
2046 1 13 1461 0 -1 0 905.148 47.353 -2863.375 904.942 45.934 -2863.640 905.377 48.727 -2863.124 cv-trapdoor-polecap-01
2047 1 13 1462 0 -1 0 909.495 47.143 -2862.688 909.282 45.546 -2863.166 909.724 48.684 -2862.232 cv-trapdoor-polecap-01
2048 1 13 1463 0 -1 0 906.995 47.099 -2862.714 906.752 45.492 -2863.000 907.226 48.645 -2862.379 cv-trapdoor-polecap-01
2049 1 13 1464 0 -1 0 905.111 46.208 -2864.127 904.752 45.609 -2865.554 905.492 46.808 -2862.717 cv-trapdoor-polecap-01
2050 1 13 1465 0 -1 0 907.476 46.423 -2863.449 907.177 45.643 -2865.087 907.780 47.211 -2861.826 cv-trapdoor-polecap-01
2051 1 13 1466 0 -1 0 909.457 46.267 -2863.299 908.884 45.672 -2864.673 910.041 46.862 -2861.933 cv-trapdoor-polecap-01
2052 1 13 1467 0 -1 0 915.943 39.145 -2863.165 915.778 37.725 -2863.443 916.130 40.522 -2862.905 cv-trapdoor-polecap-01
2053 1 13 1468 0 -1 0 919.953 38.892 -2862.968 919.786 37.294 -2863.446 920.116 40.432 -2862.503 cv-trapdoor-polecap-01
2054 1 13 1469 0 -1 0 917.683 38.873 -2862.714 917.451 37.266 -2863.003 917.899 40.416 -2862.379 cv-trapdoor-polecap-01
2055 1 13 1470 0 -1 0 915.823 38.001 -2863.908 915.641 37.401 -2865.354 916.038 38.602 -2862.482 cv-trapdoor-polecap-01
2056 1 13 1471 0 -1 0 918.038 38.193 -2863.498 917.896 37.412 -2865.147 918.168 38.980 -2861.869 cv-trapdoor-polecap-01
2057 1 13 1472 0 -1 0 919.849 38.017 -2863.571 919.466 37.419 -2864.988 920.253 38.615 -2862.167 cv-trapdoor-polecap-01
2058 1 13 1473 0 -1 0 922.358 39.142 -2862.725 922.212 37.732 -2863.100 922.491 40.509 -2862.370 cv-trapdoor-polecap-01
2059 1 13 1474 0 -1 0 926.289 38.829 -2863.523 925.981 37.263 -2864.097 926.584 40.342 -2862.957 cv-trapdoor-polecap-01
2060 1 13 1475 0 -1 0 924.146 38.817 -2862.729 923.895 37.205 -2862.920 924.376 40.370 -2862.506 cv-trapdoor-polecap-01
2061 1 13 1476 0 -1 0 922.030 38.057 -2863.494 921.622 37.555 -2864.946 922.419 38.563 -2862.052 cv-trapdoor-polecap-01
2062 1 13 1477 0 -1 0 924.283 38.193 -2863.620 923.747 37.526 -2865.263 924.801 38.868 -2861.988 cv-trapdoor-polecap-01
2063 1 13 1478 0 -1 0 926.017 38.002 -2864.141 925.800 37.497 -2865.615 926.202 38.510 -2862.682 cv-trapdoor-polecap-01
2064 1 13 1479 0 -1 0 883.494 47.223 -2870.311 883.305 45.803 -2870.561 883.704 48.598 -2870.068 cv-trapdoor-polecap-01
2065 1 13 1480 0 -1 0 887.313 46.974 -2869.074 887.085 45.377 -2869.549 887.563 48.514 -2868.623 cv-trapdoor-polecap-01
2066 1 13 1481 0 -1 0 885.056 46.952 -2869.422 884.812 45.344 -2869.694 885.288 48.496 -2869.102 cv-trapdoor-polecap-01
2067 1 13 1482 0 -1 0 883.574 46.080 -2871.061 883.029 45.483 -2872.439 884.120 46.678 -2869.696 cv-trapdoor-polecap-01
2068 1 13 1483 0 -1 0 885.605 46.274 -2870.087 885.081 45.497 -2871.681 886.115 47.058 -2868.504 cv-trapdoor-polecap-01
2069 1 13 1484 0 -1 0 887.371 46.101 -2869.685 886.643 45.506 -2870.981 888.093 46.696 -2868.393 cv-trapdoor-polecap-01
2070 1 13 1485 0 -1 0 888.489 47.342 -2868.115 888.310 45.922 -2868.387 888.688 48.717 -2867.858 cv-trapdoor-polecap-01
2071 1 13 1486 0 -1 0 892.482 47.109 -2867.689 892.307 45.511 -2868.167 892.670 48.650 -2867.228 cv-trapdoor-polecap-01
2072 1 13 1487 0 -1 0 890.201 47.078 -2867.565 889.974 45.471 -2867.853 890.415 48.623 -2867.231 cv-trapdoor-polecap-01
2073 1 13 1488 0 -1 0 888.417 46.197 -2868.862 888.153 45.597 -2870.301 888.708 46.798 -2867.442 cv-trapdoor-polecap-01
2074 1 13 1489 0 -1 0 890.604 46.400 -2868.327 890.404 45.619 -2869.974 890.815 47.188 -2866.700 cv-trapdoor-polecap-01
2075 1 13 1490 0 -1 0 892.417 46.233 -2868.296 891.954 45.636 -2869.695 892.894 46.831 -2866.909 cv-trapdoor-polecap-01
2076 1 15 1491 0 -1 0 939.738 36.268 -2867.275 938.300 33.356 -2868.804 940.968 39.040 -2865.534 cv-supportpole-end-2x2
2077 1 15 1492 0 -1 0 939.417 36.502 -2865.015 938.278 33.422 -2866.460 940.334 39.495 -2863.786 cv-supportpole-end-2x2
2078 1 15 1493 0 -1 0 925.061 35.869 -2868.225 923.899 33.297 -2870.359 926.442 38.269 -2865.908 cv-supportpole-end-2x2
2079 1 15 1494 0 -1 0 933.845 35.869 -2867.901 932.683 33.297 -2870.035 935.227 38.269 -2865.584 cv-supportpole-end-2x2
2080 1 15 1495 0 -1 0 933.459 35.948 -2867.412 931.851 33.301 -2869.825 934.853 38.431 -2864.847 cv-supportpole-end-2x2
2081 1 15 1496 0 -1 0 938.820 35.951 -2882.206 936.716 33.272 -2883.445 940.742 38.476 -2880.746 cv-supportpole-end-2x2
2082 1 15 1497 0 -1 0 934.616 35.798 -2880.948 933.414 32.988 -2882.686 936.040 38.465 -2879.010 cv-supportpole-end-2x2
2083 1 15 1498 0 -1 0 934.586 35.920 -2877.581 933.352 33.006 -2879.299 936.024 38.701 -2876.070 cv-supportpole-end-2x2
2084 1 15 1499 0 -1 0 939.753 36.105 -2877.689 938.730 33.065 -2879.299 940.559 39.044 -2876.289 cv-supportpole-end-2x2
2085 1 15 1500 0 -1 0 934.360 32.958 -2889.078 933.256 30.036 -2890.074 935.668 35.791 -2888.282 cv-supportpole-end-2x2
2086 1 15 1501 0 -1 0 939.279 32.944 -2888.887 938.062 30.041 -2890.082 940.292 35.768 -2887.897 cv-supportpole-end-2x2
2087 1 15 1502 0 -1 0 939.012 34.192 -2884.109 937.531 31.265 -2885.569 940.277 36.984 -2882.434 cv-supportpole-end-2x2
2088 1 15 1503 0 -1 0 933.870 33.984 -2884.865 933.201 31.038 -2886.557 934.772 36.818 -2882.968 cv-supportpole-end-2x2
2089 1 15 1504 0 -1 0 905.706 44.723 -2864.656 904.787 41.550 -2865.550 906.856 47.827 -2863.995 cv-supportpole-end-2x2
2090 1 15 1505 0 -1 0 907.303 44.084 -2869.674 906.428 41.115 -2871.270 908.404 46.929 -2867.867 cv-supportpole-end-2x2
2091 1 15 1506 0 -1 0 909.959 43.836 -2868.694 908.388 40.879 -2869.975 911.319 46.664 -2867.222 cv-supportpole-end-2x2
2092 1 15 1507 0 -1 0 908.544 44.692 -2864.047 907.532 41.541 -2865.214 909.330 47.777 -2863.099 cv-supportpole-end-2x2
2093 1 15 1508 0 -1 0 911.221 41.707 -2868.883 910.883 38.102 -2869.297 911.793 45.301 -2868.466 cv-supportpole-end-2x2
2094 1 15 1509 0 -1 0 891.919 43.758 -2872.964 890.074 41.145 -2874.722 893.563 46.205 -2871.030 cv-supportpole-end-2x2
2095 1 15 1510 0 -1 0 891.429 45.466 -2868.751 890.431 42.584 -2870.766 892.191 48.229 -2866.935 cv-supportpole-end-2x2
2096 1 15 1511 0 -1 0 894.536 45.317 -2868.736 893.612 44.308 -2871.869 895.233 46.101 -2865.550 cv-supportpole-end-2x2
2097 1 15 1512 0 -1 0 903.162 45.314 -2865.166 902.240 44.203 -2868.282 903.858 46.201 -2861.992 cv-supportpole-end-2x2
2098 1 15 1513 0 -1 0 909.888 41.356 -2864.014 909.551 37.742 -2864.565 910.460 44.943 -2863.229 cv-supportpole-end-2x2
2099 1 15 1514 0 -1 0 915.250 36.002 -2869.662 913.180 33.219 -2870.073 917.508 38.645 -2869.243 cv-supportpole-end-2x2
2100 1 15 1515 0 -1 0 915.159 35.537 -2863.198 912.961 32.231 -2863.995 917.582 38.696 -2862.664 cv-supportpole-end-2x2
2101 1 15 1516 0 -1 0 925.019 36.287 -2864.871 923.811 33.364 -2866.585 926.444 39.078 -2863.364 cv-supportpole-end-2x2
2102 1 15 1517 0 -1 0 866.435 54.576 -2885.070 865.677 52.857 -2888.080 867.424 56.082 -2882.165 cv-supportpole-end-2x2
2103 1 15 1518 0 -1 0 849.995 54.715 -2881.796 849.508 53.125 -2884.891 850.328 56.089 -2878.786 cv-supportpole-end-2x2
2104 1 15 1519 0 -1 0 883.550 45.211 -2869.738 882.631 42.038 -2870.632 884.700 48.315 -2869.077 cv-supportpole-end-2x2
2105 1 15 1520 0 -1 0 885.766 44.069 -2875.348 884.898 41.116 -2877.005 886.873 46.892 -2873.510 cv-supportpole-end-2x2
2106 1 15 1521 0 -1 0 867.712 54.786 -2911.871 867.177 52.190 -2914.177 868.020 57.228 -2909.393 cv-supportpole-end-2x2
2107 1 15 1522 0 -1 0 861.118 54.568 -2912.000 860.294 52.164 -2914.424 862.172 56.800 -2909.424 cv-supportpole-end-2x2
2108 1 15 1523 0 -1 0 864.470 54.639 -2924.168 862.667 52.224 -2926.407 866.073 56.890 -2922.131 cv-supportpole-end-2x2
2109 1 15 1524 0 -1 0 865.589 40.802 -2900.460 864.963 37.380 -2901.463 866.460 44.171 -2899.693 cv-supportpole-end-2x2
2110 1 15 1525 0 -1 0 862.014 54.715 -2885.849 861.527 53.125 -2888.945 862.347 56.089 -2882.839 cv-supportpole-end-2x2
2111 1 15 1526 0 -1 0 867.488 54.672 -2934.366 866.748 52.174 -2936.757 868.003 57.011 -2931.810 cv-supportpole-end-2x2
2112 1 15 1527 0 -1 0 861.502 54.538 -2934.464 860.863 52.151 -2936.949 862.371 56.750 -2931.830 cv-supportpole-end-2x2
2113 1 15 1528 0 -1 0 863.339 54.076 -2924.192 862.947 51.347 -2926.514 863.766 56.658 -2922.046 cv-supportpole-end-2x2
2114 1 15 1529 0 -1 0 865.896 40.594 -2896.881 865.092 37.212 -2897.940 866.943 43.892 -2895.581 cv-supportpole-end-2x2
2115 1 15 1530 0 -1 0 863.248 40.604 -2896.791 862.365 37.232 -2897.934 863.891 43.901 -2895.416 cv-supportpole-end-2x2
2116 1 15 1531 0 -1 0 863.124 40.661 -2900.501 861.804 37.345 -2901.459 864.218 43.907 -2899.775 cv-supportpole-end-2x2
2117 1 15 1532 0 -1 0 919.774 101.705 -2954.458 916.039 99.461 -2954.969 923.379 103.689 -2953.943 cv-supportpole-end-2x2
2118 1 15 1533 0 -1 0 919.417 101.666 -2959.629 915.882 99.303 -2960.060 923.094 103.782 -2958.906 cv-supportpole-end-2x2
2119 1 15 1534 0 -1 0 919.679 101.870 -2960.938 916.014 99.472 -2961.529 923.203 104.015 -2960.503 cv-supportpole-end-2x2
2120 1 15 1535 0 -1 0 919.337 101.534 -2955.942 915.733 99.296 -2956.502 923.073 103.519 -2955.475 cv-supportpole-end-2x2
2121 1 15 1536 0 -1 0 921.940 85.924 -2942.669 920.204 83.232 -2943.926 923.492 88.512 -2941.617 cv-supportpole-end-2x2
2122 1 15 1537 0 -1 0 917.561 85.707 -2941.729 916.562 82.616 -2943.776 918.325 88.679 -2939.885 cv-supportpole-end-2x2
2123 1 15 1538 0 -1 0 914.261 85.301 -2942.559 912.095 81.856 -2944.041 916.632 88.599 -2941.320 cv-supportpole-end-2x2
2124 1 15 1539 0 -1 0 916.418 86.271 -2945.918 914.103 83.504 -2946.460 918.908 88.886 -2945.119 cv-supportpole-end-2x2
2125 1 15 1540 0 -1 0 916.409 86.351 -2947.392 915.315 83.396 -2949.082 917.747 89.181 -2945.515 cv-supportpole-end-2x2
2126 1 15 1541 0 -1 0 914.256 85.616 -2945.512 912.149 82.508 -2946.289 916.545 88.602 -2944.970 cv-supportpole-end-2x2
2127 1 15 1542 0 -1 0 910.484 77.359 -2961.842 908.021 73.920 -2962.686 913.185 80.627 -2960.713 cv-supportpole-end-2x2
2128 1 15 1543 0 -1 0 911.827 77.482 -2959.410 910.998 73.869 -2962.498 912.345 80.896 -2956.555 cv-supportpole-end-2x2
2129 1 15 1544 0 -1 0 912.504 77.501 -2952.822 911.992 73.937 -2955.401 913.268 80.902 -2950.488 cv-supportpole-end-2x2
2130 1 15 1545 0 -1 0 916.900 85.075 -2953.189 915.132 81.313 -2954.385 918.902 88.710 -2951.745 cv-supportpole-end-2x2
2131 1 15 1546 0 -1 0 921.717 85.403 -2952.794 919.555 82.188 -2954.093 923.660 88.455 -2951.252 cv-supportpole-end-2x2
2132 1 15 1547 0 -1 0 900.367 76.967 -2952.141 898.731 73.414 -2954.013 902.272 80.351 -2950.015 cv-supportpole-end-2x2
2133 1 15 1548 0 -1 0 902.025 79.012 -2950.848 898.732 76.217 -2952.365 905.120 81.576 -2949.595 cv-supportpole-end-2x2
2134 1 15 1549 0 -1 0 862.583 82.072 -2940.587 862.089 79.834 -2944.192 863.115 84.056 -2936.850 cv-supportpole-end-2x2
2135 1 15 1550 0 -1 0 861.257 82.244 -2940.116 860.610 80.002 -2943.848 861.636 84.228 -2936.512 cv-supportpole-end-2x2
2136 1 15 1551 0 -1 0 866.178 82.204 -2940.403 865.495 79.842 -2943.941 866.570 84.318 -2936.723 cv-supportpole-end-2x2
2137 1 15 1552 0 -1 0 867.644 82.409 -2940.357 867.208 80.016 -2944.020 868.362 84.549 -2936.836 cv-supportpole-end-2x2
2138 1 15 1553 0 -1 0 889.671 90.112 -2989.536 886.136 87.749 -2989.967 893.348 92.227 -2988.813 cv-supportpole-end-2x2
2139 1 15 1554 0 -1 0 890.028 90.150 -2984.820 886.294 87.907 -2985.331 893.633 92.134 -2984.304 cv-supportpole-end-2x2
2140 1 15 1555 0 -1 0 900.477 77.393 -2960.604 898.944 73.911 -2962.973 902.243 80.694 -2958.480 cv-supportpole-end-2x2
2141 1 15 1556 0 -1 0 902.003 77.782 -2962.893 899.019 74.093 -2963.709 904.743 81.284 -2962.380 cv-supportpole-end-2x2
2142 1 15 1557 0 -1 0 889.591 89.980 -2986.015 885.987 87.741 -2986.575 893.328 91.965 -2985.548 cv-supportpole-end-2x2
2143 1 15 1558 0 -1 0 919.491 64.978 -2954.612 915.977 62.303 -2955.123 922.842 67.415 -2954.096 cv-supportpole-end-2x2
2144 1 15 1559 0 -1 0 919.331 65.182 -2961.130 915.955 62.314 -2961.814 922.528 67.824 -2960.728 cv-supportpole-end-2x2
2145 1 15 1560 0 -1 0 919.185 60.722 -2954.492 915.422 58.386 -2954.885 923.086 62.793 -2953.814 cv-supportpole-end-2x2
2146 1 15 1561 0 -1 0 919.174 60.728 -2961.050 915.409 58.391 -2961.570 923.076 62.802 -2960.498 cv-supportpole-end-2x2
2147 1 15 1562 0 -1 0 887.785 63.643 -2958.300 886.902 60.271 -2959.443 888.428 66.940 -2956.924 cv-supportpole-end-2x2
2148 1 15 1563 0 -1 0 887.661 63.700 -2962.009 886.341 60.384 -2962.968 888.755 66.945 -2961.283 cv-supportpole-end-2x2
2149 1 15 1564 0 -1 0 878.097 66.050 -2985.282 875.427 62.596 -2986.436 880.536 69.334 -2984.407 cv-supportpole-end-2x2
2150 1 15 1565 0 -1 0 867.565 66.797 -2951.454 867.141 64.203 -2953.934 867.958 69.233 -2949.139 cv-supportpole-end-2x2
2151 1 15 1566 0 -1 0 890.433 63.633 -2958.390 889.629 60.251 -2959.448 891.480 66.931 -2957.089 cv-supportpole-end-2x2
2152 1 15 1567 0 -1 0 890.125 63.841 -2961.968 889.500 60.419 -2962.971 890.997 67.210 -2961.201 cv-supportpole-end-2x2
2153 1 15 1568 0 -1 0 861.544 66.761 -2946.275 860.741 64.192 -2948.530 862.576 69.170 -2943.856 cv-supportpole-end-2x2
2154 1 15 1569 0 -1 0 867.506 66.682 -2946.871 866.766 64.184 -2949.262 868.021 69.021 -2944.315 cv-supportpole-end-2x2
2155 1 15 1570 0 -1 0 863.248 51.905 -2986.643 862.365 48.534 -2987.786 863.891 55.202 -2985.268 cv-supportpole-end-2x2
2156 1 15 1571 0 -1 0 861.347 66.445 -2963.965 860.783 63.569 -2967.315 862.198 69.094 -2960.791 cv-supportpole-end-2x2
2157 1 15 1572 0 -1 0 861.936 66.367 -2977.020 861.169 64.203 -2977.376 862.539 68.488 -2976.494 cv-supportpole-end-2x2
2158 1 15 1573 0 -1 0 865.896 51.896 -2986.733 865.092 48.513 -2987.792 866.943 55.193 -2985.433 cv-supportpole-end-2x2
2159 1 15 1574 0 -1 0 867.099 66.460 -2964.029 865.983 63.579 -2967.337 867.935 69.126 -2960.906 cv-supportpole-end-2x2
2160 1 15 1575 0 -1 0 861.396 66.740 -2951.419 860.935 64.193 -2953.930 862.088 69.128 -2949.071 cv-supportpole-end-2x2
2161 1 15 1576 0 -1 0 919.491 25.628 -2955.162 915.845 23.168 -2956.463 922.981 27.833 -2954.143 cv-supportpole-end-2x2
2162 1 15 1577 0 -1 0 919.596 24.526 -2960.378 916.519 21.546 -2961.769 922.867 27.290 -2959.269 cv-supportpole-end-2x2
2163 1 15 1578 0 -1 0 917.494 25.507 -2957.769 917.067 22.901 -2961.419 918.112 27.862 -2954.276 cv-supportpole-end-2x2
2164 1 15 1579 0 -1 0 919.444 23.412 -2960.442 916.104 20.497 -2961.815 922.591 26.096 -2959.346 cv-supportpole-end-2x2
2165 1 15 1580 0 -1 0 919.460 23.370 -2954.891 916.088 20.503 -2956.052 922.631 26.003 -2953.449 cv-supportpole-end-2x2
2166 1 15 1581 0 -1 0 915.670 23.476 -2957.817 915.149 20.844 -2961.288 916.194 25.868 -2954.182 cv-supportpole-end-2x2
2167 1 15 1582 0 -1 0 889.930 90.313 -2990.800 886.264 87.915 -2991.311 893.454 92.460 -2990.284 cv-supportpole-end-2x2
2168 1 15 1583 0 -1 0 863.124 51.963 -2990.352 861.804 48.647 -2991.311 864.218 55.208 -2989.626 cv-supportpole-end-2x2
2169 1 15 1584 0 -1 0 865.589 52.103 -2990.311 864.963 48.681 -2991.315 866.460 55.472 -2989.545 cv-supportpole-end-2x2
2170 1 15 1585 0 -1 0 878.704 66.465 -2990.969 875.489 63.419 -2991.514 881.726 69.298 -2990.133 cv-supportpole-end-2x2
2171 1 12 1343 0 -1 0 927.067 38.281 -2866.983 926.047 37.964 -2870.337 927.959 38.687 -2863.518 cv-planks-all
2172 1 12 1345 0 -1 0 937.101 37.953 -2883.685 933.658 37.258 -2884.799 940.435 38.620 -2882.636 cv-planks-all
2173 1 12 1346 0 -1 0 904.221 46.462 -2867.716 902.506 46.245 -2871.327 906.125 46.682 -2864.273 cv-planks-all
2174 1 12 1347 0 -1 0 918.995 38.256 -2866.258 917.881 38.039 -2869.558 920.125 38.477 -2862.857 cv-planks-all
2175 1 12 1348 0 -1 0 913.010 38.152 -2866.226 911.972 37.935 -2869.566 913.971 38.373 -2862.773 cv-planks-all
2176 1 12 1349 0 -1 0 859.972 56.190 -2881.709 859.039 55.972 -2885.169 861.029 56.410 -2878.361 cv-planks-all
2177 1 12 1351 0 -1 0 864.295 56.300 -2879.519 860.893 56.083 -2880.545 867.597 56.520 -2878.479 cv-planks-all
2178 1 12 1352 0 -1 0 853.987 56.294 -2881.726 852.885 56.076 -2885.137 855.088 56.514 -2878.418 cv-planks-all
2179 1 12 1354 0 -1 0 887.939 46.462 -2872.361 886.284 46.245 -2875.965 889.781 46.682 -2868.919 cv-planks-all
2180 1 12 1355 0 -1 0 864.400 56.303 -2910.325 860.663 56.016 -2911.857 868.021 56.642 -2908.786 cv-planks-all
2181 1 12 1359 0 -1 0 919.398 88.340 -2946.269 915.347 88.096 -2947.595 923.328 88.587 -2944.925 cv-planks-all
2182 1 12 1360 0 -1 0 919.347 88.223 -2953.403 915.235 87.979 -2954.639 923.325 88.470 -2952.260 cv-planks-all
2183 1 12 1361 0 -1 0 919.657 103.694 -2955.849 915.457 103.402 -2957.700 923.728 104.046 -2953.991 cv-planks-all
2184 1 12 1362 0 -1 0 908.843 80.412 -2955.478 905.442 80.195 -2956.591 912.144 80.632 -2954.352 cv-planks-all
2185 1 12 1363 0 -1 0 902.373 80.412 -2957.433 899.066 80.195 -2958.534 905.783 80.632 -2956.332 cv-planks-all
2186 1 12 1364 0 -1 0 902.353 80.308 -2951.448 899.006 80.091 -2952.379 905.813 80.528 -2950.390 cv-planks-all
2187 1 12 1366 0 -1 0 864.265 84.203 -2938.722 860.065 83.911 -2940.572 868.336 84.555 -2936.864 cv-planks-all
2188 1 12 1367 0 -1 0 908.816 80.308 -2961.463 905.363 80.091 -2962.501 912.158 80.528 -2960.504 cv-planks-all
2189 1 12 1369 0 -1 0 889.911 92.139 -2985.820 885.711 91.847 -2987.671 893.982 92.491 -2983.963 cv-planks-all
2190 1 12 1370 0 -1 0 864.465 68.329 -2948.120 861.064 68.112 -2949.232 867.766 68.549 -2946.993 cv-planks-all
2191 1 12 1371 0 -1 0 864.438 68.225 -2954.105 860.985 68.008 -2955.142 867.780 68.445 -2953.146 cv-planks-all
2192 1 12 1341 0 -1 0 937.118 38.474 -2875.568 933.675 38.257 -2876.673 940.451 38.694 -2874.524 cv-planks-all
2193 1 12 1342 0 -1 0 935.070 38.256 -2866.496 933.820 38.039 -2869.881 936.174 38.477 -2862.986 cv-planks-all
2194 1 12 1344 0 -1 0 929.121 38.152 -2867.155 927.718 37.935 -2870.561 930.369 38.373 -2863.613 cv-planks-all
2195 1 12 1350 0 -1 0 864.387 56.256 -2883.514 860.975 55.995 -2884.618 867.695 56.567 -2882.404 cv-planks-all
2196 1 12 1353 0 -1 0 886.086 46.372 -2873.016 884.484 46.119 -2876.422 887.527 46.643 -2869.461 cv-planks-all
2197 1 12 1365 0 -1 0 864.482 68.343 -2959.761 861.074 68.115 -2960.780 867.788 68.581 -2958.736 cv-planks-all
2198 1 12 1368 0 -1 0 864.482 68.343 -2963.673 861.074 68.115 -2964.692 867.788 68.581 -2962.648 cv-planks-all
2199 1 12 1372 0 -1 0 881.560 68.338 -2987.811 880.591 68.117 -2991.258 882.595 68.573 -2984.475 cv-planks-all
2200 1 12 1373 0 -1 0 875.433 68.339 -2988.118 874.537 68.117 -2991.562 876.395 68.573 -2984.784 cv-planks-all
2201 1 12 1356 0 -1 0 864.486 56.304 -2934.714 861.073 56.043 -2935.609 867.794 56.615 -2933.813 cv-planks-all
2202 1 12 1357 0 -1 0 864.486 56.304 -2931.269 861.073 56.043 -2932.164 867.794 56.615 -2930.368 cv-planks-all
2203 1 12 1358 0 -1 0 912.567 88.663 -2942.970 911.212 88.443 -2945.794 913.773 88.894 -2940.265 cv-planks-all
2204 1 33 1425 0 -1 0 940.403 38.766 -2864.527 939.972 37.538 -2864.951 940.719 40.205 -2864.256 cv-elevator-platform-side-01
2205 1 33 1426 0 -1 0 941.010 38.946 -2868.640 940.262 37.433 -2868.948 941.452 40.459 -2868.311 cv-elevator-platform-side-01
2206 1 33 1427 0 -1 0 940.811 38.732 -2866.416 940.497 37.132 -2866.676 941.129 40.273 -2866.164 cv-elevator-platform-side-01
2207 1 33 1431 0 -1 0 934.928 38.893 -2862.967 934.652 37.654 -2863.426 935.230 40.342 -2862.645 cv-elevator-platform-side-01
2208 1 33 1432 0 -1 0 939.081 38.721 -2862.748 938.886 37.217 -2863.504 939.308 40.233 -2862.285 cv-elevator-platform-side-01
2209 1 33 1433 0 -1 0 936.838 38.697 -2862.737 936.558 37.108 -2863.051 937.090 40.233 -2862.426 cv-elevator-platform-side-01
2210 1 33 1437 0 -1 0 928.602 38.705 -2863.863 928.333 37.478 -2864.317 929.009 40.143 -2863.539 cv-elevator-platform-side-01
2211 1 33 1438 0 -1 0 932.747 38.890 -2863.546 932.435 37.379 -2864.304 933.013 40.403 -2863.086 cv-elevator-platform-side-01
2212 1 33 1439 0 -1 0 930.514 38.673 -2863.588 930.263 37.072 -2863.903 930.765 40.214 -2863.278 cv-elevator-platform-side-01
2213 1 33 1443 0 -1 0 940.896 38.955 -2875.759 940.424 37.718 -2876.097 941.193 40.400 -2875.500 cv-elevator-platform-side-01
2214 1 33 1444 0 -1 0 940.540 39.066 -2879.904 939.800 37.544 -2880.159 940.995 40.585 -2879.668 cv-elevator-platform-side-01
2215 1 33 1445 0 -1 0 940.861 38.892 -2877.690 940.552 37.297 -2877.919 941.188 40.433 -2877.473 cv-elevator-platform-side-01
2216 1 33 1449 0 -1 0 941.346 36.726 -2886.597 940.944 35.551 -2887.334 941.643 38.064 -2886.044 cv-elevator-platform-side-01
2217 1 33 1450 0 -1 0 940.558 35.227 -2889.524 939.930 33.875 -2890.314 940.908 36.611 -2888.625 cv-elevator-platform-side-01
2218 1 33 1451 0 -1 0 941.115 35.923 -2887.935 940.818 34.480 -2888.683 941.529 37.325 -2887.179 cv-elevator-platform-side-01
2219 1 33 1455 0 -1 0 941.152 38.815 -2881.750 940.735 37.581 -2882.305 941.444 40.229 -2881.421 cv-elevator-platform-side-01
2220 1 33 1456 0 -1 0 940.849 37.546 -2885.702 940.171 36.090 -2886.269 941.235 39.014 -2885.053 cv-elevator-platform-side-01
2221 1 33 1457 0 -1 0 941.147 38.121 -2883.554 940.837 36.624 -2884.120 941.542 39.597 -2882.910 cv-elevator-platform-side-01
2222 1 33 1461 0 -1 0 905.019 47.270 -2863.319 904.711 46.002 -2863.640 905.377 48.727 -2863.055 cv-elevator-platform-side-01
2223 1 33 1462 0 -1 0 909.508 47.152 -2862.540 909.282 45.599 -2863.166 909.743 48.684 -2862.218 cv-elevator-platform-side-01
2224 1 33 1463 0 -1 0 907.067 47.111 -2862.822 906.752 45.551 -2863.136 907.358 48.645 -2862.379 cv-elevator-platform-side-01
2225 1 33 1467 0 -1 0 915.831 39.063 -2863.095 915.554 37.795 -2863.443 916.130 40.522 -2862.814 cv-elevator-platform-side-01
2226 1 33 1468 0 -1 0 919.980 38.900 -2862.823 919.786 37.348 -2863.446 920.206 40.432 -2862.503 cv-elevator-platform-side-01
2227 1 33 1469 0 -1 0 917.737 38.884 -2862.830 917.451 37.326 -2863.145 917.990 40.416 -2862.379 cv-elevator-platform-side-01
2228 1 33 1473 0 -1 0 922.263 39.056 -2862.635 922.000 37.810 -2863.100 922.491 40.509 -2862.338 cv-elevator-platform-side-01
2229 1 33 1474 0 -1 0 926.350 38.827 -2863.388 925.981 37.314 -2864.097 926.624 40.342 -2862.957 cv-elevator-platform-side-01
2230 1 33 1475 0 -1 0 924.171 38.836 -2862.853 923.895 37.256 -2863.156 924.397 40.370 -2862.506 cv-elevator-platform-side-01
2231 1 33 1479 0 -1 0 883.367 47.140 -2870.272 883.083 45.872 -2870.561 883.704 48.598 -2870.034 cv-elevator-platform-side-01
2232 1 33 1480 0 -1 0 887.301 46.983 -2868.927 887.074 45.432 -2869.549 887.563 48.514 -2868.599 cv-elevator-platform-side-01
2233 1 33 1481 0 -1 0 885.138 46.963 -2869.520 884.812 45.404 -2869.826 885.420 48.496 -2869.102 cv-elevator-platform-side-01
2234 1 33 1485 0 -1 0 888.373 47.259 -2868.050 888.093 45.991 -2868.387 888.688 48.717 -2867.778 cv-elevator-platform-side-01
2235 1 33 1486 0 -1 0 892.500 47.117 -2867.542 892.307 45.565 -2868.167 892.720 48.650 -2867.227 cv-elevator-platform-side-01
2236 1 33 1487 0 -1 0 890.262 47.090 -2867.678 889.974 45.531 -2867.992 890.522 48.623 -2867.231 cv-elevator-platform-side-01
2237 1 33 1430 0 -1 0 940.186 38.049 -2868.644 938.790 37.672 -2869.190 941.581 38.580 -2868.122 cv-elevator-platform-side-01
2238 1 33 1436 0 -1 0 938.932 37.833 -2863.569 938.574 37.436 -2864.988 939.340 38.389 -2862.145 cv-elevator-platform-side-01
2239 1 33 1442 0 -1 0 932.694 37.994 -2864.371 932.268 37.621 -2865.785 933.150 38.523 -2862.952 cv-elevator-platform-side-01
2240 1 33 1448 0 -1 0 939.755 38.155 -2879.705 938.327 37.751 -2879.943 941.206 38.715 -2879.516 cv-elevator-platform-side-01
2241 1 33 1454 0 -1 0 939.876 34.506 -2888.822 938.495 34.116 -2889.299 941.283 35.028 -2888.402 cv-elevator-platform-side-01
2242 1 33 1460 0 -1 0 940.103 36.716 -2885.215 938.684 36.233 -2885.385 941.534 37.345 -2885.018 cv-elevator-platform-side-01
2243 1 33 1466 0 -1 0 909.442 46.190 -2863.288 908.884 45.672 -2864.653 910.041 46.862 -2861.933 cv-elevator-platform-side-01
2244 1 33 1472 0 -1 0 919.835 37.940 -2863.558 919.466 37.419 -2864.954 920.253 38.615 -2862.167 cv-elevator-platform-side-01
2245 1 33 1478 0 -1 0 926.004 37.925 -2864.131 925.800 37.497 -2865.547 926.202 38.510 -2862.682 cv-elevator-platform-side-01
2246 1 33 1484 0 -1 0 887.355 46.023 -2869.677 886.643 45.506 -2870.977 888.093 46.696 -2868.393 cv-elevator-platform-side-01
2247 1 33 1490 0 -1 0 892.403 46.156 -2868.285 891.954 45.636 -2869.668 892.894 46.831 -2866.909 cv-elevator-platform-side-01
2248 1 46 1703 0 -1 0 865.609 43.748 -2879.215 865.034 43.144 -2879.827 866.252 44.394 -2878.608 cv-supportrope-01
2249 1 46 1704 0 -1 0 865.905 52.023 -2879.301 865.346 51.410 -2879.765 866.534 52.675 -2878.843 cv-supportrope-01
2250 1 46 1705 0 -1 0 865.619 38.550 -2878.952 864.784 37.863 -2879.702 866.690 39.238 -2878.202 cv-supportrope-01
2251 1 57 1750 0 -1 0 892.939 33.111 -2989.899 892.230 11.177 -2990.874 893.697 55.607 -2988.887 cv-woodpoles
2252 1 57 1751 0 -1 0 892.451 33.111 -2984.683 891.347 11.177 -2985.229 893.499 55.607 -2983.916 cv-woodpoles
2253 1 57 1707 0 -1 0 916.242 23.062 -2868.753 913.820 10.142 -2869.377 918.208 36.386 -2867.879 cv-woodpoles
2254 1 57 1708 0 -1 0 914.258 23.502 -2864.738 913.296 9.462 -2866.315 915.134 37.863 -2862.826 cv-woodpoles
2255 1 57 1709 0 -1 0 901.419 31.463 -2862.907 899.216 18.608 -2864.403 903.158 44.750 -2860.932 cv-woodpoles
2256 1 57 1710 0 -1 0 894.933 31.486 -2865.459 893.915 18.561 -2867.334 895.835 44.824 -2863.116 cv-woodpoles
2257 1 57 1714 0 -1 0 867.378 36.797 -2886.965 866.268 20.260 -2887.593 868.440 53.757 -2886.238 cv-woodpoles
2258 1 57 1715 0 -1 0 849.793 36.998 -2885.083 848.819 20.264 -2885.957 850.783 54.159 -2884.308 cv-woodpoles
2259 1 57 1716 0 -1 0 849.793 36.998 -2878.948 848.819 20.264 -2879.822 850.783 54.159 -2878.173 cv-woodpoles
2260 1 57 1717 0 -1 0 867.842 36.817 -2911.122 866.955 20.263 -2912.040 868.685 53.794 -2910.203 cv-woodpoles
2261 1 57 1718 0 -1 0 861.528 36.957 -2910.349 860.557 20.265 -2911.221 862.516 54.076 -2909.576 cv-woodpoles
2262 1 57 1719 0 -1 0 863.961 35.820 -2926.273 862.984 19.038 -2927.150 864.955 53.031 -2925.496 cv-woodpoles
2263 1 57 1720 0 -1 0 868.054 36.328 -2932.614 867.055 19.157 -2933.512 869.070 53.938 -2931.819 cv-woodpoles
2264 1 57 1721 0 -1 0 861.812 36.998 -2889.136 860.838 20.264 -2890.011 862.803 54.159 -2888.361 cv-woodpoles
2265 1 57 1728 0 -1 0 861.915 36.120 -2932.618 860.921 19.035 -2933.511 862.927 53.642 -2931.827 cv-woodpoles
2266 1 57 1729 0 -1 0 862.256 22.778 -2937.227 860.831 0.285 -2938.216 863.631 45.845 -2936.169 cv-woodpoles
2267 1 57 1730 0 -1 0 912.055 59.149 -2954.584 910.837 41.216 -2956.883 912.819 77.585 -2952.595 cv-woodpoles
2268 1 57 1731 0 -1 0 912.386 58.839 -2960.985 911.176 40.758 -2961.930 913.505 77.387 -2960.148 cv-woodpoles
2269 1 57 1732 0 -1 0 901.662 54.580 -2950.712 900.440 33.574 -2951.787 902.905 76.128 -2949.784 cv-woodpoles
2270 1 57 1733 0 -1 0 901.287 55.618 -2962.501 900.087 35.005 -2963.514 902.507 76.773 -2961.632 cv-woodpoles
2271 1 57 1734 0 -1 0 868.342 48.359 -2953.544 867.388 31.959 -2954.401 869.313 65.177 -2952.785 cv-woodpoles
2272 1 57 1735 0 -1 0 878.615 51.932 -2986.184 877.097 37.880 -2987.335 879.734 66.293 -2984.860 cv-woodpoles
2273 1 57 1736 0 -1 0 861.633 48.239 -2953.336 860.687 31.970 -2954.186 862.596 64.923 -2952.582 cv-woodpoles
2274 1 57 1737 0 -1 0 861.544 46.537 -2947.606 859.887 27.823 -2950.730 862.833 65.652 -2943.861 cv-woodpoles
2275 1 57 1738 0 -1 0 867.552 47.979 -2946.963 866.059 30.814 -2948.939 868.722 65.542 -2944.554 cv-woodpoles
2276 1 57 1739 0 -1 0 861.613 46.380 -2966.863 860.532 27.793 -2967.834 862.714 65.442 -2966.002 cv-woodpoles
2277 1 57 1740 0 -1 0 865.730 46.706 -2966.860 862.581 28.636 -2967.815 868.278 65.296 -2966.014 cv-woodpoles
2278 1 57 1741 0 -1 0 862.429 46.380 -2977.779 861.348 27.793 -2978.751 863.530 65.442 -2976.919 cv-woodpoles
2279 1 57 1742 0 -1 0 881.423 25.958 -2987.293 879.905 11.911 -2988.444 882.538 40.318 -2985.969 cv-woodpoles
2280 1 57 1743 0 -1 0 881.428 25.955 -2989.171 879.916 11.918 -2989.917 882.538 40.356 -2987.916 cv-woodpoles
2281 1 57 1744 0 -1 0 921.909 10.742 -2954.980 920.846 -3.346 -2955.770 922.964 25.186 -2954.045 cv-woodpoles
2282 1 57 1745 0 -1 0 922.019 10.651 -2959.649 920.325 -3.334 -2960.841 923.068 25.061 -2958.173 cv-woodpoles
2283 1 57 1746 0 -1 0 912.483 24.000 -2961.130 910.817 1.941 -2962.197 913.886 46.647 -2960.213 cv-woodpoles
2284 1 57 1748 0 -1 0 887.803 33.111 -2985.804 886.871 11.177 -2986.642 888.753 55.607 -2985.062 cv-woodpoles
2285 1 57 1749 0 -1 0 887.820 33.111 -2989.704 887.041 11.177 -2990.616 888.653 55.607 -2988.791 cv-woodpoles
2286 1 57 1752 0 -1 0 866.851 22.776 -2942.377 865.364 0.314 -2943.394 868.737 45.835 -2941.227 cv-woodpoles
2287 1 57 1753 0 -1 0 862.411 22.767 -2943.329 861.511 0.263 -2944.483 863.620 45.841 -2942.332 cv-woodpoles
2288 1 57 1754 0 -1 0 867.627 22.771 -2938.103 866.104 0.286 -2939.278 869.024 45.837 -2937.061 cv-woodpoles
2289 1 57 1755 0 -1 0 902.009 20.323 -2951.608 900.638 -3.247 -2952.766 903.404 44.512 -2950.615 cv-woodpoles
2290 1 57 1757 0 -1 0 868.328 17.335 -2953.470 867.053 -4.575 -2954.615 869.625 39.806 -2952.455 cv-woodpoles
2291 1 57 1758 0 -1 0 867.318 14.342 -2949.514 865.936 -4.315 -2950.744 868.514 33.467 -2948.161 cv-woodpoles
2292 1 57 1759 0 -1 0 861.118 13.016 -2951.385 859.879 -4.655 -2953.106 862.230 31.105 -2949.339 cv-woodpoles
2293 1 57 1760 0 -1 0 860.546 17.867 -2954.106 859.654 -4.214 -2955.170 861.734 40.522 -2953.194 cv-woodpoles
2294 1 57 1761 0 -1 0 916.678 12.879 -2955.202 915.942 -3.341 -2956.178 917.472 29.540 -2953.873 cv-woodpoles
2295 1 57 1762 0 -1 0 917.149 12.125 -2960.102 916.086 -3.340 -2960.778 918.047 28.013 -2959.378 cv-woodpoles
2296 1 57 1763 0 -1 0 878.620 51.930 -2990.211 877.108 37.892 -2990.943 879.725 66.330 -2988.970 cv-woodpoles
2297 1 57 1711 0 -1 0 867.344 9.753 -2886.585 865.863 -6.784 -2887.446 868.759 26.713 -2885.622 cv-woodpoles
2298 1 57 1712 0 -1 0 849.411 9.740 -2884.683 848.078 -6.781 -2886.088 850.840 26.670 -2883.330 cv-woodpoles
2299 1 57 1713 0 -1 0 849.411 9.740 -2878.548 848.078 -6.781 -2879.953 850.840 26.670 -2877.195 cv-woodpoles
2300 1 57 1722 0 -1 0 861.343 9.691 -2909.695 859.942 -6.777 -2911.783 863.001 26.550 -2907.846 cv-woodpoles
2301 1 57 1723 0 -1 0 867.524 9.659 -2910.113 866.510 -6.704 -2912.666 868.200 26.465 -2907.182 cv-woodpoles
2302 1 57 1724 0 -1 0 863.775 9.748 -2926.910 862.788 -6.756 -2928.562 864.614 26.692 -2925.121 cv-woodpoles
2303 1 57 1725 0 -1 0 868.129 9.746 -2932.776 867.042 -6.760 -2934.232 869.418 26.679 -2931.148 cv-woodpoles
2304 1 57 1726 0 -1 0 862.572 9.743 -2931.728 861.098 -6.792 -2932.609 864.111 26.676 -2930.687 cv-woodpoles
2305 1 57 1727 0 -1 0 861.431 9.740 -2888.736 860.097 -6.781 -2890.141 862.859 26.670 -2887.383 cv-woodpoles
2306 1 57 1756 0 -1 0 901.497 18.681 -2962.334 899.505 -0.947 -2963.832 903.383 38.872 -2961.054 cv-woodpoles
2307 1 57 1747 0 -1 0 910.311 22.831 -2957.269 907.767 2.071 -2958.815 912.125 44.140 -2955.667 cv-woodpoles
2308 1 46 1706 0 -1 0 865.735 47.078 -2879.184 864.830 46.050 -2879.749 866.596 48.128 -2878.561 cv-supportrope-01
2309 1 57 1685 0 -1 0 901.827 13.400 -2961.829 900.399 -0.898 -2963.472 903.215 27.629 -2960.006 cv-woodpoles
2310 1 57 1593 0 -1 0 895.053 28.020 -2864.754 894.370 18.570 -2866.532 895.644 37.390 -2862.753 cv-woodpoles
2311 1 57 1657 0 -1 0 882.025 22.199 -2987.384 880.882 11.976 -2988.468 883.389 32.374 -2986.506 cv-woodpoles
2312 1 57 1659 0 -1 0 882.025 22.217 -2988.755 880.893 11.991 -2989.741 883.378 32.370 -2987.516 cv-woodpoles
2313 1 57 1699 0 -1 0 879.217 48.192 -2989.799 878.085 37.966 -2990.775 880.570 58.345 -2988.569 cv-woodpoles
2314 1 57 1667 0 -1 0 910.285 17.200 -2957.213 908.489 2.067 -2958.936 911.567 32.283 -2955.981 cv-woodpoles
2315 1 57 1587 0 -1 0 915.965 19.548 -2868.445 914.222 10.089 -2869.148 917.408 28.950 -2867.443 cv-woodpoles
2316 1 57 1589 0 -1 0 914.392 19.704 -2864.984 913.734 9.476 -2866.399 915.004 29.895 -2863.830 cv-woodpoles
2317 1 57 1591 0 -1 0 901.203 27.984 -2862.297 899.620 18.568 -2863.809 902.485 37.327 -2860.562 cv-woodpoles
2318 1 57 1601 0 -1 0 867.148 32.340 -2886.901 866.524 20.333 -2887.533 867.972 44.325 -2885.900 cv-woodpoles
2319 1 57 1603 0 -1 0 850.005 32.487 -2884.969 849.245 20.338 -2885.976 850.802 44.615 -2884.327 cv-woodpoles
2320 1 57 1605 0 -1 0 850.005 32.487 -2878.834 849.245 20.338 -2879.841 850.802 44.615 -2878.191 cv-woodpoles
2321 1 57 1607 0 -1 0 867.982 32.355 -2911.315 866.999 20.336 -2912.130 868.613 44.353 -2910.624 cv-woodpoles
2322 1 57 1609 0 -1 0 861.739 32.458 -2910.235 860.982 20.339 -2911.240 862.534 44.556 -2909.594 cv-woodpoles
2323 1 57 1611 0 -1 0 864.173 31.297 -2926.158 863.412 19.113 -2927.169 864.973 43.459 -2925.514 cv-woodpoles
2324 1 57 1613 0 -1 0 868.271 31.700 -2932.497 867.492 19.233 -2933.530 869.089 44.144 -2931.838 cv-woodpoles
2325 1 57 1615 0 -1 0 862.024 32.487 -2889.022 861.264 20.338 -2890.029 862.821 44.615 -2888.380 cv-woodpoles
2326 1 57 1629 0 -1 0 862.132 31.515 -2932.501 861.357 19.111 -2933.530 862.946 43.897 -2931.846 cv-woodpoles
2327 1 57 1631 0 -1 0 861.964 16.715 -2937.088 861.169 0.385 -2937.954 863.027 33.017 -2935.740 cv-woodpoles
2328 1 57 1633 0 -1 0 911.830 54.282 -2954.696 910.739 41.201 -2956.453 912.667 67.315 -2953.425 cv-woodpoles
2329 1 57 1635 0 -1 0 912.566 53.962 -2960.862 911.724 40.827 -2961.950 913.362 67.070 -2960.168 cv-woodpoles
2330 1 57 1637 0 -1 0 901.928 48.920 -2950.526 900.975 33.664 -2951.752 902.929 64.144 -2949.647 cv-woodpoles
2331 1 57 1639 0 -1 0 901.548 50.067 -2962.238 900.613 35.088 -2963.370 902.530 65.006 -2961.197 cv-woodpoles
2332 1 57 1641 0 -1 0 868.550 43.939 -2953.432 867.806 32.032 -2954.419 869.331 55.824 -2952.803 cv-woodpoles
2333 1 57 1643 0 -1 0 879.217 48.173 -2986.275 878.074 37.950 -2987.359 880.581 58.348 -2985.397 cv-woodpoles
2334 1 57 1645 0 -1 0 861.839 43.853 -2953.224 861.101 32.042 -2954.204 862.614 55.644 -2952.600 cv-woodpoles
2335 1 57 1647 0 -1 0 861.611 41.459 -2948.251 860.454 27.787 -2950.981 862.388 55.062 -2946.008 cv-woodpoles
2336 1 57 1649 0 -1 0 867.619 43.328 -2947.285 866.578 30.815 -2949.064 868.327 55.794 -2945.832 cv-woodpoles
2337 1 57 1651 0 -1 0 861.849 41.370 -2966.736 861.005 27.876 -2967.854 862.735 54.841 -2966.023 cv-woodpoles
2338 1 57 1653 0 -1 0 865.366 41.788 -2966.735 863.106 28.582 -2967.835 867.244 54.937 -2966.034 cv-woodpoles
2339 1 57 1655 0 -1 0 862.664 41.370 -2977.652 861.821 27.876 -2978.771 863.550 54.841 -2976.939 cv-woodpoles
2340 1 57 1661 0 -1 0 921.934 6.936 -2955.076 921.010 -3.307 -2955.766 922.629 17.155 -2954.452 cv-woodpoles
2341 1 57 1663 0 -1 0 921.879 6.894 -2959.051 920.691 -3.313 -2960.324 922.823 17.033 -2957.575 cv-woodpoles
2342 1 57 1665 0 -1 0 912.630 18.048 -2960.864 911.498 2.011 -2962.059 913.516 34.044 -2959.794 cv-woodpoles
2343 1 57 1669 0 -1 0 888.006 27.199 -2985.695 887.279 11.274 -2986.660 888.770 43.096 -2985.080 cv-woodpoles
2344 1 57 1671 0 -1 0 887.698 27.199 -2989.509 887.093 11.274 -2990.209 888.659 43.096 -2988.746 cv-woodpoles
2345 1 57 1673 0 -1 0 893.041 27.199 -2989.692 892.424 11.274 -2990.456 894.000 43.096 -2989.123 cv-woodpoles
2346 1 57 1675 0 -1 0 892.221 27.199 -2984.676 891.558 11.274 -2985.294 893.049 43.096 -2983.739 cv-woodpoles
2347 1 57 1677 0 -1 0 866.754 16.709 -2942.583 865.840 0.373 -2943.521 868.057 33.002 -2941.271 cv-woodpoles
2348 1 57 1679 0 -1 0 862.823 16.713 -2943.135 861.860 0.367 -2944.453 864.066 33.017 -2942.207 cv-woodpoles
2349 1 57 1681 0 -1 0 867.846 16.706 -2937.949 866.795 0.371 -2939.303 868.828 33.007 -2937.086 cv-woodpoles
2350 1 57 1683 0 -1 0 902.307 13.976 -2951.307 901.238 -3.151 -2952.599 903.431 31.057 -2950.114 cv-woodpoles
2351 1 57 1684 0 -1 0 900.798 33.233 -2962.618 899.510 19.237 -2964.092 901.813 43.545 -2961.029 cv-woodpoles
2352 1 57 1687 0 -1 0 868.606 11.430 -2953.320 867.611 -4.478 -2954.639 869.650 27.309 -2952.479 cv-woodpoles
2353 1 57 1689 0 -1 0 867.463 9.302 -2949.532 866.533 -4.263 -2950.830 868.230 22.835 -2948.555 cv-woodpoles
2354 1 57 1691 0 -1 0 861.278 8.239 -2951.602 860.445 -4.628 -2953.126 862.035 21.063 -2950.317 cv-woodpoles
2355 1 57 1693 0 -1 0 860.947 11.931 -2953.786 860.001 -4.114 -2954.963 862.162 27.927 -2952.587 cv-woodpoles
2356 1 57 1695 0 -1 0 916.978 8.506 -2955.243 916.168 -3.290 -2955.975 917.884 20.266 -2954.365 cv-woodpoles
2357 1 57 1697 0 -1 0 917.254 7.963 -2959.754 916.565 -3.287 -2960.475 917.978 19.172 -2958.727 cv-woodpoles
2358 1 57 1586 0 -1 0 917.103 32.723 -2869.108 915.425 23.439 -2869.627 917.974 39.554 -2868.183 cv-woodpoles
2359 1 57 1588 0 -1 0 913.983 33.878 -2863.572 913.355 23.906 -2865.147 914.427 41.230 -2862.650 cv-woodpoles
2360 1 57 1590 0 -1 0 902.114 41.074 -2864.095 900.588 31.815 -2865.012 902.869 47.876 -2862.400 cv-woodpoles
2361 1 57 1592 0 -1 0 894.706 41.081 -2866.913 894.027 31.827 -2868.020 895.134 47.889 -2864.966 cv-woodpoles
2362 1 57 1600 0 -1 0 867.528 49.031 -2887.479 867.002 37.292 -2888.037 868.355 57.694 -2886.575 cv-woodpoles
2363 1 57 1602 0 -1 0 849.322 49.377 -2884.815 848.708 37.499 -2885.846 849.913 58.143 -2884.327 cv-woodpoles
2364 1 57 1604 0 -1 0 849.322 49.377 -2878.680 848.708 37.499 -2879.711 849.913 58.143 -2878.191 cv-woodpoles
2365 1 57 1606 0 -1 0 868.044 49.064 -2910.626 867.037 37.313 -2911.232 868.534 57.736 -2910.003 cv-woodpoles
2366 1 57 1608 0 -1 0 861.058 49.306 -2910.081 860.446 37.457 -2911.110 861.647 58.051 -2909.594 cv-woodpoles
2367 1 57 1610 0 -1 0 863.489 48.235 -2926.004 862.873 36.323 -2927.039 864.081 57.027 -2925.514 cv-woodpoles
2368 1 57 1612 0 -1 0 867.571 49.031 -2932.339 866.941 36.842 -2933.398 868.177 58.026 -2931.838 cv-woodpoles
2369 1 57 1614 0 -1 0 861.341 49.377 -2888.868 860.727 37.499 -2889.899 861.932 58.143 -2888.380 cv-woodpoles
2370 1 57 1628 0 -1 0 861.435 48.760 -2932.344 860.808 36.632 -2933.397 862.038 57.710 -2931.846 cv-woodpoles
2371 1 57 1630 0 -1 0 862.338 39.418 -2937.950 861.702 23.451 -2938.764 863.442 51.201 -2936.778 cv-woodpoles
2372 1 57 1632 0 -1 0 912.158 72.499 -2953.897 911.130 59.690 -2955.699 912.827 81.943 -2953.082 cv-woodpoles
2373 1 57 1634 0 -1 0 912.013 72.225 -2960.695 911.224 59.381 -2961.810 912.592 81.703 -2960.168 cv-woodpoles
2374 1 57 1636 0 -1 0 901.071 70.122 -2950.493 900.300 55.206 -2951.717 901.812 81.128 -2949.817 cv-woodpoles
2375 1 57 1638 0 -1 0 900.707 70.872 -2962.505 899.950 56.227 -2963.575 901.434 81.676 -2961.637 cv-woodpoles
2376 1 57 1640 0 -1 0 867.881 60.491 -2953.282 867.279 48.850 -2954.292 868.460 69.082 -2952.803 cv-woodpoles
2377 1 57 1642 0 -1 0 877.053 62.235 -2985.443 876.038 52.341 -2986.643 878.559 69.561 -2984.822 cv-woodpoles
2378 1 57 1644 0 -1 0 861.176 60.274 -2953.075 860.579 48.726 -2954.078 861.750 68.796 -2952.600 cv-woodpoles
2379 1 57 1646 0 -1 0 861.485 60.371 -2945.183 860.351 47.061 -2948.090 861.984 70.176 -2943.341 cv-woodpoles
2380 1 57 1648 0 -1 0 867.485 60.681 -2945.480 866.464 48.472 -2947.455 867.937 69.679 -2944.314 cv-woodpoles
2381 1 57 1650 0 -1 0 861.091 60.130 -2966.565 860.409 46.937 -2967.710 861.746 69.867 -2966.023 cv-woodpoles
2382 1 57 1652 0 -1 0 866.848 60.190 -2966.567 864.676 47.251 -2967.694 867.978 69.724 -2966.034 cv-woodpoles
2383 1 57 1654 0 -1 0 861.906 60.130 -2977.481 861.224 46.937 -2978.627 862.562 69.867 -2976.939 cv-woodpoles
2384 1 57 1656 0 -1 0 879.861 36.261 -2986.552 878.846 26.367 -2987.752 881.367 43.587 -2985.931 cv-woodpoles
2385 1 57 1658 0 -1 0 879.873 36.265 -2989.822 878.864 26.347 -2990.358 881.370 43.599 -2988.626 cv-woodpoles
2386 1 57 1660 0 -1 0 922.338 21.175 -2954.688 921.310 11.160 -2955.181 922.781 28.561 -2954.021 cv-woodpoles
2387 1 57 1662 0 -1 0 922.307 21.029 -2960.804 921.092 11.034 -2961.628 922.810 28.386 -2959.352 cv-woodpoles
2388 1 57 1664 0 -1 0 912.224 40.346 -2961.107 911.108 24.654 -2962.245 912.835 51.920 -2960.222 cv-woodpoles
2389 1 57 1666 0 -1 0 910.542 38.257 -2956.508 908.793 23.447 -2958.335 911.296 49.172 -2955.720 cv-woodpoles
2390 1 57 1668 0 -1 0 887.353 49.339 -2985.548 886.764 33.768 -2986.535 887.918 60.829 -2985.080 cv-woodpoles
2391 1 57 1670 0 -1 0 887.592 49.339 -2990.170 887.120 33.768 -2990.767 888.576 60.829 -2989.615 cv-woodpoles
2392 1 57 1672 0 -1 0 892.423 49.339 -2989.952 891.842 33.768 -2990.737 893.255 60.829 -2989.502 cv-woodpoles
2393 1 57 1674 0 -1 0 892.711 49.339 -2985.132 892.148 33.768 -2985.594 893.494 60.829 -2984.245 cv-woodpoles
2394 1 57 1676 0 -1 0 866.988 39.430 -2942.597 866.417 23.448 -2943.315 868.263 51.219 -2941.286 cv-woodpoles
2395 1 57 1678 0 -1 0 861.430 39.391 -2943.078 860.866 23.436 -2944.398 862.439 51.172 -2942.369 cv-woodpoles
2396 1 57 1680 0 -1 0 867.178 39.418 -2937.743 866.183 23.445 -2939.129 867.892 51.205 -2937.086 cv-woodpoles
2397 1 57 1682 0 -1 0 901.346 37.764 -2951.616 900.481 21.019 -2952.838 902.177 50.118 -2950.621 cv-woodpoles
2398 1 57 1686 0 -1 0 867.712 33.545 -2953.119 866.908 17.991 -2954.469 868.485 45.023 -2952.479 cv-woodpoles
2399 1 57 1688 0 -1 0 867.046 28.155 -2948.816 866.125 14.895 -2950.205 867.596 37.934 -2948.196 cv-woodpoles
2400 1 57 1690 0 -1 0 860.798 26.083 -2950.174 859.983 13.529 -2951.915 861.346 35.340 -2949.197 cv-woodpoles
2401 1 57 1692 0 -1 0 859.591 34.183 -2954.214 859.035 18.514 -2955.298 860.575 45.747 -2953.189 cv-woodpoles
2402 1 57 1694 0 -1 0 916.428 24.901 -2955.055 915.700 13.353 -2955.509 917.194 33.414 -2954.113 cv-woodpoles
2403 1 57 1696 0 -1 0 916.858 23.577 -2960.510 916.110 12.573 -2961.100 917.355 31.691 -2959.590 cv-woodpoles
2404 1 57 1698 0 -1 0 877.065 62.240 -2990.852 876.056 52.322 -2991.381 878.562 69.574 -2989.666 cv-woodpoles
2405 1 57 1700 0 -1 0 866.104 45.294 -2879.280 865.612 37.160 -2879.686 866.596 53.222 -2878.546 cv-woodpoles
2406 1 57 1701 0 -1 0 865.339 37.594 -2878.972 864.362 30.847 -2880.046 866.127 44.660 -2878.030 cv-woodpoles
2407 1 57 1595 0 -1 0 867.037 5.296 -2886.488 866.195 -6.711 -2887.322 868.139 17.281 -2885.166 cv-woodpoles
2408 1 57 1597 0 -1 0 849.179 5.277 -2884.719 848.157 -6.737 -2885.736 850.188 17.261 -2883.331 cv-woodpoles
2409 1 57 1599 0 -1 0 849.179 5.277 -2878.584 848.157 -6.737 -2879.600 850.188 17.261 -2877.195 cv-woodpoles
2410 1 57 1617 0 -1 0 861.182 5.227 -2909.550 860.240 -6.777 -2910.888 862.286 17.188 -2907.922 cv-woodpoles
2411 1 57 1619 0 -1 0 867.536 5.194 -2909.950 866.309 -6.779 -2911.587 868.331 17.111 -2907.711 cv-woodpoles
2412 1 57 1621 0 -1 0 863.830 5.285 -2927.109 862.640 -6.726 -2928.045 864.734 17.262 -2925.835 cv-woodpoles
2413 1 57 1623 0 -1 0 868.025 5.282 -2932.927 866.782 -6.729 -2933.725 869.024 17.261 -2931.767 cv-woodpoles
2414 1 57 1625 0 -1 0 862.348 5.288 -2931.467 861.579 -6.728 -2932.492 863.422 17.274 -2929.990 cv-woodpoles
2415 1 57 1627 0 -1 0 861.198 5.277 -2888.773 860.176 -6.737 -2889.789 862.207 17.261 -2887.384 cv-woodpoles
2416 1 57 1491 0 -1 0 939.749 36.282 -2867.216 938.300 33.356 -2868.804 940.968 39.040 -2865.534 cv-woodpoles
2417 1 57 1492 0 -1 0 939.406 36.474 -2864.961 938.278 33.422 -2866.460 940.334 39.495 -2863.786 cv-woodpoles
2418 1 57 1493 0 -1 0 925.053 35.898 -2868.171 923.899 33.297 -2870.359 926.442 38.269 -2865.908 cv-woodpoles
2419 1 57 1494 0 -1 0 933.838 35.898 -2867.847 932.683 33.297 -2870.035 935.227 38.269 -2865.584 cv-woodpoles
2420 1 57 1495 0 -1 0 933.449 35.983 -2867.363 931.851 33.301 -2869.825 934.853 38.431 -2864.847 cv-woodpoles
2421 1 57 1496 0 -1 0 938.828 35.958 -2882.146 936.716 33.272 -2883.445 940.742 38.476 -2880.746 cv-woodpoles
2422 1 57 1497 0 -1 0 934.619 35.822 -2880.892 933.414 32.988 -2882.686 936.040 38.465 -2879.010 cv-woodpoles
2423 1 57 1498 0 -1 0 934.605 35.890 -2877.531 933.352 33.006 -2879.299 936.024 38.701 -2876.070 cv-woodpoles
2424 1 57 1499 0 -1 0 939.765 36.070 -2877.640 938.730 33.065 -2879.299 940.559 39.044 -2876.289 cv-woodpoles
2425 1 57 1500 0 -1 0 934.350 32.932 -2889.026 933.256 30.036 -2890.074 935.668 35.791 -2888.282 cv-woodpoles
2426 1 57 1501 0 -1 0 939.264 32.922 -2888.835 938.062 30.041 -2890.082 940.292 35.768 -2887.897 cv-woodpoles
2427 1 57 1502 0 -1 0 939.010 34.209 -2884.050 937.531 31.265 -2885.569 940.277 36.984 -2882.434 cv-woodpoles
2428 1 57 1503 0 -1 0 933.872 34.004 -2884.807 933.201 31.038 -2886.557 934.772 36.818 -2882.968 cv-woodpoles
2429 1 57 1504 0 -1 0 905.687 44.699 -2864.603 904.787 41.550 -2865.550 906.856 47.827 -2863.995 cv-woodpoles
2430 1 57 1505 0 -1 0 907.295 44.100 -2869.615 906.428 41.115 -2871.270 908.404 46.929 -2867.867 cv-woodpoles
2431 1 57 1506 0 -1 0 909.943 43.853 -2868.637 908.388 40.879 -2869.975 911.319 46.664 -2867.222 cv-woodpoles
2432 1 57 1507 0 -1 0 908.519 44.672 -2863.994 907.532 41.541 -2865.214 909.330 47.777 -2863.099 cv-woodpoles
2433 1 57 1508 0 -1 0 911.221 41.695 -2868.823 910.833 38.102 -2869.297 911.793 45.301 -2868.383 cv-woodpoles
2434 1 57 1509 0 -1 0 891.906 43.787 -2872.912 890.074 41.145 -2874.722 893.563 46.205 -2871.030 cv-woodpoles
2435 1 57 1510 0 -1 0 891.398 45.434 -2868.709 890.431 42.584 -2870.766 892.191 48.229 -2866.935 cv-woodpoles
2436 1 57 1511 0 -1 0 894.533 45.375 -2868.715 893.612 44.308 -2871.869 895.233 46.101 -2865.550 cv-woodpoles
2437 1 57 1512 0 -1 0 903.159 45.371 -2865.143 902.240 44.203 -2868.282 903.858 46.201 -2861.992 cv-woodpoles
2438 1 57 1513 0 -1 0 909.888 41.350 -2863.953 909.500 37.742 -2864.565 910.460 44.943 -2863.229 cv-woodpoles
2439 1 57 1514 0 -1 0 915.257 35.994 -2869.601 913.180 33.219 -2870.073 917.508 38.645 -2869.161 cv-woodpoles
2440 1 57 1515 0 -1 0 915.170 35.523 -2863.129 912.961 32.231 -2863.995 917.582 38.696 -2862.624 cv-woodpoles
2441 1 57 1516 0 -1 0 925.034 36.255 -2864.820 923.811 33.364 -2866.585 926.444 39.078 -2863.364 cv-woodpoles
2442 1 57 1517 0 -1 0 866.437 54.517 -2885.053 865.677 52.857 -2888.080 867.424 56.082 -2882.165 cv-woodpoles
2443 1 57 1518 0 -1 0 850.003 54.655 -2881.783 849.508 53.125 -2884.891 850.360 56.089 -2878.786 cv-woodpoles
2444 1 57 1519 0 -1 0 883.530 45.187 -2869.684 882.631 42.038 -2870.632 884.700 48.315 -2869.077 cv-woodpoles
2445 1 57 1520 0 -1 0 885.741 44.081 -2875.293 884.898 41.116 -2877.005 886.873 46.892 -2873.510 cv-woodpoles
2446 1 57 1521 0 -1 0 867.720 54.819 -2911.820 867.177 52.190 -2914.177 868.100 57.228 -2909.393 cv-woodpoles
2447 1 57 1522 0 -1 0 861.127 54.607 -2911.953 860.294 52.164 -2914.424 862.172 56.800 -2909.424 cv-woodpoles
2448 1 57 1523 0 -1 0 864.475 54.589 -2924.133 862.667 52.224 -2926.407 866.073 56.890 -2922.131 cv-woodpoles
2449 1 57 1524 0 -1 0 865.578 40.778 -2900.399 864.963 37.380 -2901.463 866.460 44.171 -2899.693 cv-woodpoles
2450 1 57 1525 0 -1 0 862.022 54.655 -2885.836 861.527 53.125 -2888.945 862.380 56.089 -2882.839 cv-woodpoles
2451 1 57 1526 0 -1 0 867.495 54.708 -2934.316 866.748 52.174 -2936.757 868.003 57.011 -2931.810 cv-woodpoles
2452 1 57 1527 0 -1 0 861.511 54.577 -2934.418 860.863 52.151 -2936.949 862.371 56.750 -2931.830 cv-woodpoles
2453 1 57 1528 0 -1 0 863.348 54.030 -2924.152 862.947 51.347 -2926.514 863.766 56.658 -2922.046 cv-woodpoles
2454 1 57 1529 0 -1 0 865.884 40.598 -2896.816 865.092 37.212 -2897.940 866.943 43.892 -2895.581 cv-woodpoles
2455 1 57 1530 0 -1 0 863.233 40.613 -2896.728 862.365 37.232 -2897.934 863.891 43.901 -2895.416 cv-woodpoles
2456 1 57 1531 0 -1 0 863.105 40.645 -2900.441 861.804 37.345 -2901.459 864.218 43.907 -2899.775 cv-woodpoles
2457 1 57 1532 0 -1 0 919.762 101.700 -2954.383 916.039 99.461 -2954.969 923.379 103.689 -2953.840 cv-woodpoles
2458 1 57 1533 0 -1 0 919.424 101.662 -2959.553 915.882 99.303 -2960.060 923.094 103.782 -2958.906 cv-woodpoles
2459 1 57 1534 0 -1 0 919.666 101.863 -2960.863 916.014 99.472 -2961.529 923.203 104.015 -2960.359 cv-woodpoles
2460 1 57 1535 0 -1 0 919.349 101.528 -2955.868 915.733 99.296 -2956.502 923.073 103.519 -2955.348 cv-woodpoles
2461 1 57 1536 0 -1 0 921.922 85.904 -2942.618 920.204 83.232 -2943.926 923.492 88.512 -2941.617 cv-woodpoles
2462 1 57 1537 0 -1 0 917.537 85.671 -2941.681 916.562 82.616 -2943.776 918.325 88.679 -2939.885 cv-woodpoles
2463 1 57 1538 0 -1 0 914.249 85.261 -2942.510 912.095 81.856 -2944.041 916.632 88.599 -2941.320 cv-woodpoles
2464 1 57 1539 0 -1 0 916.418 86.265 -2945.851 914.103 83.504 -2946.460 918.908 88.886 -2945.119 cv-woodpoles
2465 1 57 1540 0 -1 0 916.373 86.354 -2947.340 915.315 83.396 -2949.082 917.747 89.181 -2945.515 cv-woodpoles
2466 1 57 1541 0 -1 0 914.266 85.602 -2945.450 912.149 82.508 -2946.289 916.545 88.602 -2944.968 cv-woodpoles
2467 1 57 1542 0 -1 0 910.492 77.364 -2961.766 908.021 73.920 -2962.686 913.185 80.627 -2960.713 cv-woodpoles
2468 1 57 1543 0 -1 0 911.746 77.472 -2959.411 910.998 73.869 -2962.498 912.345 80.896 -2956.555 cv-woodpoles
2469 1 57 1544 0 -1 0 912.537 77.455 -2952.771 911.992 73.937 -2955.401 913.268 80.902 -2950.488 cv-woodpoles
2470 1 57 1545 0 -1 0 916.903 85.081 -2953.122 915.132 81.313 -2954.385 918.902 88.710 -2951.745 cv-woodpoles
2471 1 57 1546 0 -1 0 921.712 85.416 -2952.728 919.555 82.188 -2954.093 923.660 88.455 -2951.252 cv-woodpoles
2472 1 57 1547 0 -1 0 900.376 76.993 -2952.070 898.731 73.414 -2954.013 902.272 80.351 -2950.015 cv-woodpoles
2473 1 57 1548 0 -1 0 901.989 79.007 -2950.781 898.732 76.217 -2952.365 905.120 81.576 -2949.595 cv-woodpoles
2474 1 57 1549 0 -1 0 862.509 82.066 -2940.575 861.976 79.834 -2944.192 863.115 84.056 -2936.850 cv-woodpoles
2475 1 57 1550 0 -1 0 861.182 82.240 -2940.125 860.577 80.002 -2943.848 861.636 84.228 -2936.512 cv-woodpoles
2476 1 57 1551 0 -1 0 866.102 82.199 -2940.395 865.480 79.842 -2943.941 866.570 84.318 -2936.723 cv-woodpoles
2477 1 57 1552 0 -1 0 867.570 82.401 -2940.372 867.092 80.016 -2944.020 868.362 84.549 -2936.836 cv-woodpoles
2478 1 57 1553 0 -1 0 889.679 90.107 -2989.460 886.136 87.749 -2989.967 893.348 92.227 -2988.813 cv-woodpoles
2479 1 57 1554 0 -1 0 890.016 90.145 -2984.745 886.294 87.907 -2985.331 893.633 92.134 -2984.202 cv-woodpoles
2480 1 57 1555 0 -1 0 900.505 77.353 -2960.546 898.944 73.911 -2962.973 902.243 80.694 -2958.480 cv-woodpoles
2481 1 57 1556 0 -1 0 901.995 77.764 -2962.814 899.019 74.093 -2963.709 904.743 81.284 -2962.280 cv-woodpoles
2482 1 57 1557 0 -1 0 889.603 89.973 -2985.940 885.987 87.741 -2986.575 893.328 91.965 -2985.420 cv-woodpoles
2483 1 57 1558 0 -1 0 919.480 64.971 -2954.537 915.977 62.303 -2955.123 922.842 67.415 -2953.994 cv-woodpoles
2484 1 57 1559 0 -1 0 919.318 65.173 -2961.055 915.955 62.314 -2961.814 922.528 67.824 -2960.594 cv-woodpoles
2485 1 57 1560 0 -1 0 919.195 60.716 -2954.414 915.422 58.386 -2954.885 923.086 62.793 -2953.780 cv-woodpoles
2486 1 57 1561 0 -1 0 919.185 60.722 -2960.972 915.409 58.391 -2961.570 923.076 62.802 -2960.398 cv-woodpoles
2487 1 57 1562 0 -1 0 887.770 63.652 -2958.236 886.902 60.271 -2959.443 888.428 66.940 -2956.924 cv-woodpoles
2488 1 57 1563 0 -1 0 887.642 63.684 -2961.949 886.341 60.384 -2962.968 888.755 66.945 -2961.283 cv-woodpoles
2489 1 57 1564 0 -1 0 878.080 66.031 -2985.210 875.427 62.596 -2986.436 880.536 69.334 -2984.407 cv-woodpoles
2490 1 57 1565 0 -1 0 867.575 66.749 -2951.418 867.141 64.203 -2953.934 867.958 69.233 -2949.139 cv-woodpoles
2491 1 57 1566 0 -1 0 890.421 63.637 -2958.325 889.629 60.251 -2959.448 891.480 66.931 -2957.089 cv-woodpoles
2492 1 57 1567 0 -1 0 890.115 63.817 -2961.907 889.500 60.419 -2962.971 890.997 67.210 -2961.201 cv-woodpoles
2493 1 57 1568 0 -1 0 861.555 66.795 -2946.225 860.741 64.192 -2948.530 862.576 69.170 -2943.856 cv-woodpoles
2494 1 57 1569 0 -1 0 867.514 66.717 -2946.821 866.766 64.184 -2949.262 868.021 69.021 -2944.315 cv-woodpoles
2495 1 57 1570 0 -1 0 863.233 51.914 -2986.580 862.365 48.534 -2987.786 863.891 55.202 -2985.268 cv-woodpoles
2496 1 57 1571 0 -1 0 861.338 66.379 -2963.929 860.783 63.569 -2967.315 862.198 69.094 -2960.791 cv-woodpoles
2497 1 57 1572 0 -1 0 861.934 66.365 -2976.976 861.169 64.203 -2977.376 862.539 68.488 -2976.494 cv-woodpoles
2498 1 57 1573 0 -1 0 865.884 51.899 -2986.669 865.092 48.513 -2987.792 866.943 55.193 -2985.433 cv-woodpoles
2499 1 57 1574 0 -1 0 867.087 66.396 -2963.990 865.983 63.579 -2967.337 867.935 69.126 -2960.906 cv-woodpoles
2500 1 57 1575 0 -1 0 861.407 66.691 -2951.383 860.935 64.193 -2953.930 862.088 69.128 -2949.071 cv-woodpoles
2501 1 57 1576 0 -1 0 919.464 25.619 -2955.090 915.845 23.168 -2956.463 922.981 27.833 -2954.143 cv-woodpoles
2502 1 57 1577 0 -1 0 919.618 24.506 -2960.307 916.519 21.546 -2961.769 922.867 27.290 -2959.269 cv-woodpoles
2503 1 57 1578 0 -1 0 917.494 25.435 -2957.739 917.055 22.901 -2961.419 918.112 27.862 -2954.276 cv-woodpoles
2504 1 57 1579 0 -1 0 919.413 23.404 -2960.372 916.104 20.497 -2961.815 922.591 26.096 -2959.346 cv-woodpoles
2505 1 57 1580 0 -1 0 919.473 23.362 -2954.815 916.088 20.503 -2956.052 922.631 26.003 -2953.449 cv-woodpoles
2506 1 57 1581 0 -1 0 915.669 23.533 -2957.764 915.149 20.844 -2961.288 916.194 25.868 -2954.182 cv-woodpoles
2507 1 57 1582 0 -1 0 889.918 90.308 -2990.725 886.264 87.915 -2991.311 893.454 92.460 -2990.182 cv-woodpoles
2508 1 57 1583 0 -1 0 863.105 51.946 -2990.292 861.804 48.647 -2991.311 864.218 55.208 -2989.626 cv-woodpoles
2509 1 57 1584 0 -1 0 865.578 52.080 -2990.251 864.963 48.681 -2991.315 866.460 55.472 -2989.545 cv-woodpoles
2510 1 57 1585 0 -1 0 878.699 66.461 -2990.893 875.489 63.419 -2991.514 881.726 69.298 -2990.133 cv-woodpoles
