MESHIDX 1 robocave 4225
0 0 41 952 1 0 9396 1415.480 -45.078 -2813.854 1413.203 -47.282 -2816.156 1418.187 -42.672 -2811.501 cv-stal-01-merge
1 0 42 952 1 0 9533 1415.486 -40.374 -2813.817 1414.687 -42.688 -2814.641 1416.281 -38.219 -2813.000 cv-stal-01
2 0 55 1084 1 10000 346 1251.265 -23.014 -2833.192 1249.890 -24.485 -2833.782 1251.796 -22.235 -2832.625 cv-bluecrystal
3 0 55 1099 1 10000 355 1227.275 -19.914 -2896.561 1227.093 -20.735 -2896.828 1227.484 -19.594 -2895.985 cv-bluecrystal
4 0 55 1105 1 10000 391 1385.259 1.638 -2840.439 1384.937 0.624 -2841.079 1385.734 2.031 -2840.032 cv-bluecrystal
5 0 55 1111 1 10000 403 1306.954 18.819 -2742.953 1306.624 17.672 -2743.251 1307.296 19.328 -2742.610 cv-bluecrystal
6 0 55 1065 1 10000 404 1385.896 2.483 -2841.206 1385.594 1.140 -2841.985 1386.250 3.062 -2840.766 cv-bluecrystal
7 0 55 1057 1 10000 407 1434.742 4.207 -2710.679 1434.359 3.124 -2711.094 1435.656 4.719 -2709.672 cv-bluecrystal
8 0 55 1060 1 10000 483 1387.849 2.507 -2839.684 1387.265 0.593 -2841.126 1388.468 3.437 -2838.891 cv-bluecrystal
9 0 55 1090 1 10000 491 1257.205 -21.836 -2886.151 1256.796 -23.954 -2886.641 1258.250 -20.735 -2885.719 cv-bluecrystal
10 0 55 1072 1 10000 502 1308.868 19.651 -2744.901 1308.016 17.422 -2745.328 1309.390 20.750 -2744.501 cv-bluecrystal
11 0 55 1093 1 10000 492 1257.617 -23.729 -2885.379 1257.421 -24.563 -2885.625 1258.062 -23.360 -2885.125 cv-bluecrystal
12 0 55 1123 1 10000 575 1227.510 -22.551 -2897.392 1227.031 -23.031 -2897.719 1227.749 -22.266 -2896.797 cv-bluecrystal
13 0 55 1083 1 10000 631 1337.913 -15.188 -2879.332 1337.500 -17.000 -2879.610 1338.265 -14.422 -2879.016 cv-bluecrystal
14 0 55 1078 1 10000 642 1335.570 -14.200 -2880.891 1334.828 -16.938 -2881.641 1336.265 -12.907 -2880.360 cv-bluecrystal
15 0 55 1054 1 10000 709 1434.508 4.907 -2713.276 1433.672 2.328 -2714.422 1436.531 6.187 -2710.969 cv-bluecrystal
16 0 55 1116 1 10000 740 1251.411 -23.820 -2832.627 1250.328 -24.750 -2833.250 1251.968 -23.313 -2832.172 cv-bluecrystal
17 0 55 1112 1 10000 814 1309.897 19.236 -2743.512 1308.906 17.437 -2744.125 1310.531 20.125 -2742.829 cv-bluecrystal
18 0 55 1109 1 10000 821 1449.057 -18.314 -2792.780 1448.312 -20.375 -2793.360 1449.937 -17.250 -2791.688 cv-bluecrystal
19 0 55 1046 1 10000 860 1258.126 -20.977 -2886.597 1257.734 -23.016 -2886.969 1258.750 -20.141 -2886.235 cv-bluecrystal
20 0 55 1121 1 10000 957 1257.088 -21.850 -2887.538 1256.703 -23.750 -2888.000 1257.984 -20.782 -2887.203 cv-bluecrystal
21 0 55 1118 1 10000 1000 1336.030 -14.647 -2882.925 1335.375 -16.844 -2883.579 1336.703 -13.610 -2881.969 cv-bluecrystal
22 0 55 1088 1 10000 972 1250.218 -22.241 -2834.861 1249.265 -23.875 -2835.266 1250.812 -21.579 -2834.469 cv-bluecrystal
23 0 55 1103 1 10000 1039 1434.745 3.261 -2714.184 1433.812 1.484 -2715.203 1436.359 4.375 -2711.766 cv-bluecrystal
24 0 55 1107 1 10000 1059 1388.565 1.589 -2839.284 1387.984 0.297 -2840.532 1389.140 2.328 -2838.751 cv-bluecrystal
25 0 55 1110 1 10000 1163 1448.031 -18.741 -2791.868 1447.343 -20.500 -2792.438 1449.093 -17.875 -2791.063 cv-bluecrystal
26 0 55 1042 1 10000 1161 1251.026 -22.251 -2833.843 1249.578 -24.250 -2834.266 1251.734 -21.391 -2833.438 cv-bluecrystal
27 0 55 1086 1 10000 1160 1250.725 -23.333 -2834.873 1249.890 -24.281 -2835.250 1251.156 -22.891 -2834.547 cv-bluecrystal
28 0 55 1029 1 10000 1254 1385.897 1.928 -2839.661 1385.406 0.578 -2841.063 1386.484 2.656 -2839.078 cv-bluecrystal
29 0 55 1022 1 10000 1330 1435.320 6.200 -2713.614 1434.328 2.625 -2714.938 1437.203 7.734 -2710.766 cv-bluecrystal
30 0 55 1023 1 10000 1296 1434.553 4.891 -2712.090 1433.859 2.656 -2712.985 1436.203 5.859 -2710.422 cv-bluecrystal
31 0 55 1047 1 10000 1302 1257.598 -20.907 -2885.417 1257.109 -23.719 -2886.391 1258.578 -19.688 -2884.844 cv-bluecrystal
32 0 55 1061 1 10000 1375 1385.962 2.300 -2840.644 1385.156 0.812 -2841.578 1386.406 2.875 -2840.032 cv-bluecrystal
33 0 55 1122 1 10000 1357 1256.903 -22.854 -2886.843 1256.546 -24.234 -2887.282 1257.750 -22.126 -2886.422 cv-bluecrystal
34 0 55 1074 1 10000 1389 1307.014 18.784 -2745.814 1306.546 17.453 -2746.313 1307.500 19.375 -2745.250 cv-bluecrystal
35 0 55 1119 1 10000 1434 1334.712 -14.936 -2881.865 1334.015 -16.891 -2882.563 1335.406 -14.032 -2881.235 cv-bluecrystal
36 0 55 1062 1 10000 1411 1387.512 2.647 -2841.884 1387.062 1.312 -2842.516 1388.000 3.156 -2841.328 cv-bluecrystal
37 0 55 1113 1 10000 1433 1309.867 18.911 -2744.905 1308.984 17.359 -2745.532 1310.484 19.656 -2744.422 cv-bluecrystal
38 0 55 1053 1 10000 1428 1227.169 -21.752 -2897.930 1226.859 -22.610 -2898.407 1227.469 -21.203 -2896.750 cv-bluecrystal
39 0 55 1076 1 10000 1457 1306.228 19.714 -2744.931 1305.828 17.562 -2745.360 1306.624 20.641 -2744.563 cv-bluecrystal
40 0 55 1104 1 10000 1503 1433.868 3.542 -2712.794 1433.078 1.796 -2713.672 1435.469 4.578 -2711.031 cv-bluecrystal
41 0 55 1068 1 10000 1471 1449.060 -18.498 -2789.058 1448.515 -20.094 -2789.485 1449.828 -17.813 -2788.594 cv-bluecrystal
42 0 55 1085 1 10000 1486 1249.761 -22.543 -2833.847 1249.109 -23.797 -2834.235 1250.297 -22.047 -2833.391 cv-bluecrystal
43 0 55 1026 1 10000 1602 1387.069 3.359 -2840.225 1386.546 0.781 -2841.500 1387.671 4.453 -2839.547 cv-bluecrystal
44 0 55 1034 1 10000 1612 1307.745 20.278 -2744.895 1307.000 17.468 -2745.672 1308.343 21.422 -2744.141 cv-bluecrystal
45 0 55 1050 1 10000 1648 1227.813 -20.035 -2897.743 1226.844 -22.032 -2898.360 1228.453 -19.110 -2896.438 cv-bluecrystal
46 0 55 1031 1 10000 1678 1449.053 -16.815 -2790.370 1448.250 -20.125 -2790.891 1450.203 -15.438 -2789.844 cv-bluecrystal
47 0 55 1070 1 10000 1675 1450.051 -17.252 -2789.086 1449.421 -19.844 -2789.579 1450.718 -16.172 -2788.578 cv-bluecrystal
48 0 55 1097 1 10000 1705 1227.742 -21.622 -2897.332 1227.140 -22.532 -2897.766 1228.094 -20.954 -2896.454 cv-bluecrystal
49 0 55 1055 1 10000 1858 1437.193 4.849 -2713.184 1436.359 2.765 -2714.047 1438.062 5.640 -2711.266 cv-bluecrystal
50 0 55 1056 1 10000 1816 1435.955 5.238 -2711.223 1435.203 3.406 -2712.078 1437.093 5.953 -2709.938 cv-bluecrystal
51 0 55 1080 1 10000 1884 1335.974 -15.440 -2878.537 1335.390 -17.047 -2879.141 1336.515 -14.719 -2877.969 cv-bluecrystal
52 0 55 1082 1 10000 1915 1337.519 -14.515 -2878.404 1336.922 -17.047 -2879.188 1338.156 -13.407 -2877.750 cv-bluecrystal
53 0 55 1067 1 10000 1971 1450.500 -17.893 -2790.342 1449.906 -19.860 -2790.922 1451.234 -17.110 -2789.859 cv-bluecrystal
54 0 55 1038 1 10000 2022 1336.509 -13.623 -2879.807 1335.781 -16.969 -2880.532 1337.140 -12.266 -2879.047 cv-bluecrystal
55 0 55 1073 1 10000 2147 1307.055 19.243 -2743.852 1306.437 17.594 -2744.376 1307.453 19.922 -2743.219 cv-bluecrystal
56 0 55 1058 1 10000 2300 1436.974 6.314 -2712.615 1436.125 3.469 -2713.610 1438.078 7.453 -2710.516 cv-bluecrystal
57 0 55 1079 1 10000 2475 1337.834 -15.030 -2880.027 1337.312 -16.969 -2880.657 1338.797 -14.204 -2879.376 cv-bluecrystal
58 0 43 1011 1 10000 3430 1269.695 -28.651 -2857.917 1265.578 -30.485 -2862.282 1273.578 -27.188 -2854.266 cv-webbase
59 0 55 1115 1 10000 3657 1250.657 -23.402 -2831.929 1249.734 -24.485 -2832.750 1251.406 -22.485 -2831.438 cv-bluecrystal
60 0 55 1089 1 10000 3730 1249.677 -22.645 -2834.331 1248.984 -23.688 -2834.547 1250.078 -22.094 -2834.078 cv-bluecrystal
61 0 55 1106 1 10000 3902 1387.481 1.150 -2838.524 1386.906 0.015 -2839.985 1388.016 2.109 -2837.719 cv-bluecrystal
62 0 55 1045 1 10000 4056 1249.657 -22.600 -2833.039 1249.078 -23.875 -2833.719 1250.156 -21.922 -2832.657 cv-bluecrystal
63 1 30 2801 1 10000 89 1244.055 -24.535 -2884.385 1241.123 -25.008 -2887.312 1246.958 -24.206 -2881.474 environment-darkcave
64 0 55 1077 1 10000 4139 1306.579 19.009 -2744.184 1306.265 17.609 -2744.454 1306.844 19.781 -2743.876 cv-bluecrystal
65 0 55 1101 1 10000 4178 1228.070 -21.660 -2896.966 1227.578 -22.625 -2897.344 1228.281 -21.141 -2896.234 cv-bluecrystal
66 0 43 1009 1 10000 4322 1281.126 -28.651 -2849.907 1277.015 -30.485 -2854.266 1284.999 -27.188 -2846.266 cv-webbase
67 0 43 1013 1 10000 4325 1258.614 -28.651 -2868.105 1254.500 -30.485 -2872.469 1262.484 -27.188 -2864.454 cv-webbase
68 0 25 52 1 10000 4452 1369.705 2.714 -2800.095 1368.765 2.546 -2801.032 1370.640 2.890 -2799.157 cv-spatula-rim-02a
69 0 25 51 1 10000 4451 1369.705 2.714 -2803.179 1368.765 2.546 -2804.110 1370.640 2.890 -2802.251 cv-spatula-rim-02a
70 0 25 90 1 10000 4460 1387.025 -11.825 -2735.247 1386.093 -12.000 -2736.188 1387.968 -11.657 -2734.313 cv-spatula-rim-02a
71 0 25 43 1 10000 4461 1410.402 14.793 -2735.317 1409.468 14.625 -2736.250 1411.343 14.969 -2734.375 cv-spatula-rim-02a
72 0 25 89 1 10000 4460 1387.025 -11.825 -2732.165 1386.093 -12.000 -2733.094 1387.968 -11.657 -2731.235 cv-spatula-rim-02a
73 0 25 44 1 10000 4472 1410.402 14.793 -2732.236 1409.468 14.625 -2733.172 1411.343 14.969 -2731.297 cv-spatula-rim-02a
74 0 25 53 1 10000 4478 1334.077 14.793 -2735.132 1333.140 14.625 -2736.063 1335.015 14.969 -2734.204 cv-spatula-rim-02a
75 0 25 54 1 10000 4515 1334.077 14.793 -2732.048 1333.140 14.625 -2732.985 1335.015 14.969 -2731.110 cv-spatula-rim-02a
76 0 25 81 1 10000 4577 1409.965 -0.090 -2735.280 1409.031 -0.250 -2736.219 1410.906 0.062 -2734.344 cv-spatula-rim-02a
77 0 25 82 1 10000 4585 1418.793 0.097 -2735.280 1417.859 -0.063 -2736.219 1419.734 0.250 -2734.344 cv-spatula-rim-02a
78 0 25 80 1 10000 4599 1418.793 0.097 -2732.200 1417.859 -0.063 -2733.141 1419.734 0.250 -2731.266 cv-spatula-rim-02a
79 0 25 79 1 10000 4608 1409.965 -0.090 -2732.200 1409.031 -0.250 -2733.141 1410.906 0.062 -2731.266 cv-spatula-rim-02a
80 0 55 1091 1 10000 4726 1258.416 -21.429 -2885.900 1258.015 -23.047 -2886.375 1258.875 -20.531 -2885.344 cv-bluecrystal
81 1 88 2778 1 10000 52 1367.118 24.618 -2778.193 1364.635 21.315 -2780.321 1368.608 26.987 -2776.011 cmn-precursor-metal-plain-01
82 1 30 2778 1 10000 52 1367.118 24.618 -2778.193 1364.635 21.315 -2780.321 1368.608 26.987 -2776.011 environment-darkcave
83 0 55 1071 1 10000 4896 1450.569 -18.106 -2789.737 1450.203 -19.750 -2790.063 1451.109 -17.204 -2789.438 cv-bluecrystal
84 0 55 1059 1 10000 5155 1437.582 4.839 -2712.389 1436.984 3.265 -2713.406 1438.375 5.922 -2711.078 cv-bluecrystal
85 0 55 1028 1 10000 5292 1386.875 2.014 -2839.762 1386.421 0.468 -2840.844 1387.296 2.890 -2839.063 cv-bluecrystal
86 0 55 1124 1 10000 5266 1225.942 -20.778 -2898.484 1225.672 -22.000 -2899.094 1226.421 -19.875 -2897.297 cv-bluecrystal
87 0 55 1049 1 10000 5396 1257.730 -21.623 -2886.436 1257.281 -23.469 -2886.891 1258.359 -20.563 -2885.985 cv-bluecrystal
88 0 55 1036 1 10000 5450 1308.351 19.288 -2743.999 1307.937 17.500 -2744.547 1309.109 20.328 -2743.376 cv-bluecrystal
89 0 55 1095 1 10000 5516 1258.639 -21.543 -2885.444 1258.359 -22.985 -2885.844 1259.078 -20.703 -2885.188 cv-bluecrystal
90 0 55 1064 1 10000 5606 1386.301 3.142 -2841.634 1385.703 1.296 -2842.500 1386.718 4.172 -2840.922 cv-bluecrystal
91 0 55 1052 1 10000 5640 1227.002 -21.012 -2897.816 1226.453 -22.110 -2898.422 1227.437 -20.141 -2896.828 cv-bluecrystal
92 0 55 1044 1 10000 5653 1250.364 -22.920 -2833.099 1249.562 -24.234 -2833.516 1251.015 -22.157 -2832.594 cv-bluecrystal
93 0 55 1030 1 10000 5898 1450.517 -18.023 -2791.305 1450.062 -19.938 -2791.844 1450.937 -16.875 -2790.484 cv-bluecrystal
94 0 55 1041 1 10000 6016 1337.814 -14.999 -2881.191 1337.218 -16.922 -2881.813 1338.499 -13.828 -2880.532 cv-bluecrystal
95 0 26 116 1 10000 5305 1418.795 1.345 -2734.110 1418.499 1.047 -2734.110 1419.093 1.640 -2734.110 cv-spatula-pole-top-01
96 0 26 122 1 10000 5305 1409.966 1.158 -2737.188 1409.672 0.859 -2737.188 1410.265 1.453 -2737.188 cv-spatula-pole-top-01
97 0 26 124 1 10000 5305 1409.966 1.158 -2734.110 1409.672 0.859 -2734.110 1410.265 1.453 -2734.110 cv-spatula-pole-top-01
98 0 26 126 1 10000 5305 1418.795 1.345 -2737.188 1418.499 1.047 -2737.188 1419.093 1.640 -2737.188 cv-spatula-pole-top-01
99 0 26 127 1 10000 5305 1387.029 -10.567 -2737.157 1386.734 -10.860 -2737.157 1387.328 -10.281 -2737.157 cv-spatula-pole-top-01
100 0 26 129 1 10000 5305 1387.029 -10.567 -2734.079 1386.734 -10.860 -2734.079 1387.328 -10.281 -2734.079 cv-spatula-pole-top-01
101 0 26 131 1 10000 5305 1369.705 1.435 -2805.078 1369.406 1.140 -2805.078 1369.999 1.734 -2805.078 cv-spatula-pole-top-01
102 0 26 133 1 10000 5305 1369.705 1.435 -2802.000 1369.406 1.140 -2802.000 1369.999 1.734 -2802.000 cv-spatula-pole-top-01
103 0 26 118 1 10000 5326 1410.404 13.515 -2737.219 1410.109 13.219 -2737.219 1410.703 13.812 -2737.219 cv-spatula-pole-top-01
104 0 26 120 1 10000 5326 1410.404 13.515 -2734.141 1410.109 13.219 -2734.141 1410.703 13.812 -2734.141 cv-spatula-pole-top-01
105 0 26 135 1 10000 5326 1334.076 13.515 -2737.032 1333.781 13.219 -2737.032 1334.375 13.812 -2737.032 cv-spatula-pole-top-01
106 0 26 137 1 10000 5326 1334.076 13.515 -2733.953 1333.781 13.219 -2733.953 1334.375 13.812 -2733.953 cv-spatula-pole-top-01
107 0 55 1033 1 10000 6183 1449.592 -18.043 -2791.276 1448.984 -20.172 -2791.922 1450.203 -16.844 -2790.735 cv-bluecrystal
108 0 39 53 1 10000 6255 1334.078 14.625 -2735.127 1333.328 14.625 -2735.876 1334.828 14.625 -2734.375 cav-firebarrel-flame-01
109 0 39 47 1 10000 6258 1409.968 2.281 -2732.204 1409.218 2.281 -2732.954 1410.718 2.281 -2731.453 cav-firebarrel-flame-01
110 0 39 51 1 10000 6258 1369.703 2.546 -2803.174 1368.953 2.546 -2803.922 1370.453 2.546 -2802.422 cav-firebarrel-flame-01
111 0 39 52 1 10000 6258 1369.703 2.546 -2800.094 1368.953 2.546 -2800.844 1370.453 2.546 -2799.344 cav-firebarrel-flame-01
112 0 39 46 1 10000 6260 1418.797 2.468 -2735.282 1418.046 2.468 -2736.032 1419.547 2.468 -2734.532 cav-firebarrel-flame-01
113 0 39 48 1 10000 6260 1418.797 2.468 -2732.204 1418.046 2.468 -2732.954 1419.547 2.468 -2731.453 cav-firebarrel-flame-01
114 0 39 43 1 10000 6260 1410.406 14.625 -2735.313 1409.656 14.625 -2736.063 1411.156 14.625 -2734.562 cav-firebarrel-flame-01
115 0 39 44 1 10000 6260 1410.406 14.625 -2732.235 1409.656 14.625 -2732.985 1411.156 14.625 -2731.485 cav-firebarrel-flame-01
116 0 39 50 1 10000 6260 1387.031 -9.453 -2735.250 1386.281 -9.453 -2736.000 1387.781 -9.453 -2734.500 cav-firebarrel-flame-01
117 0 39 49 1 10000 6260 1387.031 -9.453 -2732.168 1386.281 -9.453 -2732.907 1387.781 -9.453 -2731.422 cav-firebarrel-flame-01
118 0 39 54 1 10000 6260 1334.078 14.625 -2732.047 1333.328 14.625 -2732.797 1334.828 14.625 -2731.297 cav-firebarrel-flame-01
119 0 39 45 1 10000 6262 1409.968 2.281 -2735.282 1409.218 2.281 -2736.032 1410.718 2.281 -2734.532 cav-firebarrel-flame-01
120 1 95 2801 1 10000 156 1244.055 -24.530 -2884.381 1241.123 -25.008 -2887.312 1246.958 -24.206 -2881.474 cmn-precursor-ecovalve-top
121 1 94 2104 1 10000 208 1291.861 -28.804 -2857.352 1284.033 -31.227 -2863.992 1297.554 -27.239 -2852.707 cv-woodpoles
122 1 94 2163 1 10000 417 1262.691 12.885 -2894.892 1262.244 7.608 -2895.593 1263.257 18.155 -2894.432 cv-woodpoles
123 0 55 1024 1 10000 6666 1436.004 4.114 -2713.149 1434.984 2.156 -2714.656 1436.937 5.500 -2711.422 cv-bluecrystal
124 0 27 131 1 10000 6552 1369.707 1.433 -2804.789 1369.406 1.140 -2805.078 1369.999 1.734 -2804.500 cv-spatula-rivet-side-01
125 0 27 135 1 10000 6621 1334.074 13.515 -2736.743 1333.781 13.219 -2737.032 1334.375 13.812 -2736.454 cv-spatula-rivet-side-01
126 0 27 122 1 10000 6693 1409.965 1.160 -2736.891 1409.672 0.859 -2737.188 1410.265 1.453 -2736.594 cv-spatula-rivet-side-01
127 0 27 124 1 10000 6693 1409.965 1.160 -2733.813 1409.672 0.859 -2734.110 1410.265 1.453 -2733.516 cv-spatula-rivet-side-01
128 0 27 126 1 10000 6693 1418.793 1.347 -2736.891 1418.499 1.047 -2737.188 1419.093 1.640 -2736.594 cv-spatula-rivet-side-01
129 0 27 116 1 10000 6693 1418.793 1.347 -2733.813 1418.499 1.047 -2734.110 1419.093 1.640 -2733.516 cv-spatula-rivet-side-01
130 0 27 127 1 10000 6693 1387.027 -10.569 -2736.860 1386.734 -10.860 -2737.157 1387.328 -10.281 -2736.563 cv-spatula-rivet-side-01
131 0 27 129 1 10000 6693 1387.027 -10.569 -2733.782 1386.734 -10.860 -2734.079 1387.328 -10.281 -2733.485 cv-spatula-rivet-side-01
132 0 27 133 1 10000 6693 1369.707 1.433 -2801.703 1369.406 1.140 -2802.000 1369.999 1.734 -2801.406 cv-spatula-rivet-side-01
133 0 27 118 1 10000 6698 1410.402 13.515 -2736.922 1410.109 13.219 -2737.219 1410.703 13.812 -2736.625 cv-spatula-rivet-side-01
134 0 27 120 1 10000 6698 1410.402 13.515 -2733.844 1410.109 13.219 -2734.141 1410.703 13.812 -2733.547 cv-spatula-rivet-side-01
135 0 27 137 1 10000 6698 1334.074 13.515 -2733.657 1333.781 13.219 -2733.953 1334.375 13.812 -2733.360 cv-spatula-rivet-side-01
136 1 94 2154 1 10000 208 1321.996 -36.007 -2747.815 1321.408 -41.283 -2748.584 1322.774 -30.736 -2747.088 cv-woodpoles
137 1 94 2157 1 10000 208 1322.464 -40.245 -2727.719 1321.869 -45.546 -2728.487 1323.135 -34.966 -2726.929 cv-woodpoles
138 1 94 2160 1 10000 208 1321.999 -28.802 -2741.495 1321.435 -34.291 -2742.101 1322.836 -23.319 -2740.800 cv-woodpoles
139 1 94 2166 1 10000 208 1263.566 12.850 -2886.741 1263.102 7.574 -2887.409 1264.121 18.121 -2886.298 cv-woodpoles
140 1 94 2169 1 10000 208 1268.496 16.022 -2876.190 1267.886 11.182 -2876.770 1269.184 20.856 -2875.722 cv-woodpoles
141 1 94 2172 1 10000 208 1276.642 14.283 -2869.065 1276.100 9.024 -2870.252 1277.595 19.531 -2868.265 cv-woodpoles
142 1 94 2175 1 10000 208 1262.358 12.850 -2903.005 1261.877 7.574 -2903.674 1262.912 18.121 -2902.555 cv-woodpoles
143 0 55 1043 1 10000 7105 1251.179 -23.605 -2833.901 1250.156 -24.547 -2834.219 1251.796 -22.860 -2833.422 cv-bluecrystal
144 0 55 1040 1 10000 7263 1336.764 -14.812 -2881.131 1336.234 -16.906 -2881.813 1337.281 -13.516 -2880.688 cv-bluecrystal
145 0 55 1098 1 10000 7238 1228.042 -20.418 -2896.471 1227.531 -21.532 -2896.907 1228.390 -19.922 -2895.844 cv-bluecrystal
146 0 28 389 1 10000 7592 1215.015 -12.277 -2956.712 1214.047 -14.594 -2959.734 1216.390 -10.547 -2954.297 cv-wall-02-2x2
147 0 55 1037 1 10000 7638 1307.793 19.071 -2743.231 1307.328 17.594 -2743.797 1308.359 20.187 -2742.688 cv-bluecrystal
148 0 25 88 1 10000 7490 1387.024 -10.569 -2734.010 1386.515 -11.079 -2734.126 1387.531 -10.063 -2733.859 cv-spatula-rim-02a
149 0 55 1027 1 10000 7732 1388.173 2.231 -2840.745 1387.640 0.844 -2841.610 1388.687 3.203 -2840.000 cv-bluecrystal
150 0 25 99 1 10000 7533 1369.710 1.436 -2804.416 1369.203 0.922 -2804.563 1370.219 1.937 -2804.297 cv-spatula-rim-02a
151 0 55 1035 1 10000 7811 1308.374 18.858 -2745.588 1307.843 17.390 -2746.141 1309.015 19.937 -2744.985 cv-bluecrystal
152 0 42 495 1 10000 8031 1258.544 0.840 -2874.991 1254.390 -0.797 -2877.407 1263.000 2.499 -2872.266 cv-stal-01
153 0 55 1094 1 10000 7907 1258.555 -21.445 -2884.824 1258.093 -23.344 -2885.563 1259.046 -20.141 -2884.251 cv-bluecrystal
154 0 42 209 1 10000 8041 1248.978 0.576 -2868.524 1248.265 -1.063 -2873.204 1249.625 2.234 -2863.500 cv-stal-01
155 0 25 112 1 10000 7567 1387.024 -10.569 -2730.928 1386.515 -11.079 -2731.047 1387.531 -10.063 -2730.782 cv-spatula-rim-02a
156 0 55 1039 1 10000 7927 1335.179 -15.166 -2879.964 1334.562 -16.969 -2880.563 1335.812 -13.844 -2879.344 cv-bluecrystal
157 0 55 1032 1 10000 7925 1448.405 -18.602 -2790.273 1447.766 -20.297 -2790.875 1449.390 -17.360 -2789.859 cv-bluecrystal
158 0 25 95 1 10000 7610 1369.710 1.436 -2801.334 1369.203 0.922 -2801.484 1370.219 1.937 -2801.219 cv-spatula-rim-02a
159 0 25 62 1 10000 7883 1418.791 1.349 -2734.041 1418.281 0.844 -2734.157 1419.296 1.859 -2733.891 cv-spatula-rim-02a
160 0 25 110 1 10000 7883 1418.791 1.349 -2730.963 1418.281 0.844 -2731.079 1419.296 1.859 -2730.812 cv-spatula-rim-02a
161 0 25 113 1 10000 7944 1369.707 1.436 -2798.854 1369.203 0.922 -2798.969 1370.219 1.937 -2798.704 cv-spatula-rim-02a
162 0 25 97 1 10000 8088 1368.540 1.435 -2803.177 1368.312 0.609 -2803.938 1369.171 2.250 -2802.422 cv-spatula-rim-02a
163 0 25 107 1 10000 7936 1334.079 13.516 -2733.287 1333.562 13.015 -2733.438 1334.578 14.015 -2733.172 cv-spatula-rim-02a
164 0 25 108 1 10000 7936 1334.079 13.516 -2736.369 1333.562 13.015 -2736.516 1334.578 14.015 -2736.250 cv-spatula-rim-02a
165 0 25 57 1 10000 7950 1410.406 13.516 -2733.475 1409.890 13.015 -2733.625 1410.906 14.015 -2733.360 cv-spatula-rim-02a
166 0 25 67 1 10000 7950 1410.406 13.516 -2736.557 1409.890 13.015 -2736.703 1410.906 14.015 -2736.438 cv-spatula-rim-02a
167 0 41 951 1 10000 8261 1404.089 -46.279 -2828.121 1401.281 -47.922 -2832.328 1406.656 -44.969 -2824.344 cv-stal-01-merge
168 0 25 100 1 10000 7956 1369.707 1.436 -2801.938 1369.203 0.922 -2802.063 1370.219 1.937 -2801.797 cv-spatula-rim-02a
169 0 25 69 1 10000 7963 1410.402 13.516 -2734.073 1409.890 13.015 -2734.188 1410.906 14.015 -2733.922 cv-spatula-rim-02a
170 0 25 73 1 10000 7963 1410.402 13.516 -2730.994 1409.890 13.015 -2731.110 1410.906 14.015 -2730.844 cv-spatula-rim-02a
171 0 25 64 1 10000 7961 1418.794 1.349 -2736.522 1418.281 0.844 -2736.672 1419.296 1.859 -2736.407 cv-spatula-rim-02a
172 0 25 111 1 10000 7961 1418.794 1.349 -2733.444 1418.281 0.844 -2733.594 1419.296 1.859 -2733.328 cv-spatula-rim-02a
173 0 25 74 1 10000 7965 1409.963 1.160 -2734.041 1409.453 0.656 -2734.157 1410.468 1.672 -2733.891 cv-spatula-rim-02a
174 0 25 75 1 10000 7965 1409.963 1.160 -2730.963 1409.453 0.656 -2731.079 1410.468 1.672 -2730.812 cv-spatula-rim-02a
175 0 25 77 1 10000 7965 1409.966 1.160 -2736.522 1409.453 0.656 -2736.672 1410.468 1.672 -2736.407 cv-spatula-rim-02a
176 0 25 78 1 10000 7965 1409.966 1.160 -2733.444 1409.453 0.656 -2733.594 1410.468 1.672 -2733.328 cv-spatula-rim-02a
177 0 25 76 1 10000 8168 1411.131 1.158 -2735.284 1410.499 0.328 -2736.032 1411.359 1.984 -2734.532 cv-spatula-rim-02a
178 0 25 56 1 10000 8176 1411.568 13.515 -2732.235 1410.937 12.687 -2732.985 1411.796 14.328 -2731.485 cv-spatula-rim-02a
179 0 25 59 1 10000 8172 1411.131 1.158 -2732.200 1410.499 0.328 -2732.954 1411.359 1.984 -2731.453 cv-spatula-rim-02a
180 0 25 55 1 10000 8183 1411.568 13.515 -2735.317 1410.937 12.687 -2736.063 1411.796 14.328 -2734.562 cv-spatula-rim-02a
181 0 25 85 1 10000 8022 1387.027 -10.569 -2733.406 1386.515 -11.079 -2733.547 1387.531 -10.063 -2733.282 cv-spatula-rim-02a
182 0 25 91 1 10000 8022 1387.027 -10.569 -2736.490 1386.515 -11.079 -2736.641 1387.531 -10.063 -2736.376 cv-spatula-rim-02a
183 0 42 213 1 10000 8277 1263.257 1.849 -2881.460 1261.500 0.187 -2886.297 1264.953 3.515 -2877.016 cv-stal-01
184 0 41 212 1 10000 8274 1261.241 9.774 -2878.786 1257.578 7.625 -2883.063 1265.421 11.593 -2875.235 cv-stal-01-merge
185 0 41 208 1 10000 8299 1244.822 8.702 -2864.379 1240.265 6.469 -2868.907 1248.656 10.687 -2860.625 cv-stal-01-merge
186 0 41 959 1 10000 8334 1395.947 -44.833 -2827.566 1394.062 -47.297 -2829.688 1397.546 -42.516 -2825.547 cv-stal-01-merge
187 0 55 1092 1 10000 8325 1258.187 -22.739 -2884.912 1257.796 -23.938 -2885.501 1258.687 -22.000 -2884.469 cv-bluecrystal
188 0 41 495 1 10000 8410 1258.723 3.260 -2875.595 1254.031 0.656 -2880.625 1263.922 5.781 -2870.813 cv-stal-01-merge
189 0 42 208 1 10000 7997 1245.200 8.265 -2868.495 1244.921 7.797 -2868.829 1245.578 8.953 -2868.032 cv-stal-01
190 0 41 211 1 10000 8412 1253.488 3.170 -2873.522 1248.406 0.156 -2877.703 1259.469 5.484 -2867.938 cv-stal-01-merge
191 0 55 1051 1 10000 8401 1227.211 -20.013 -2897.106 1226.765 -21.344 -2897.672 1227.671 -19.188 -2896.344 cv-bluecrystal
192 0 42 212 1 10000 8037 1264.677 9.143 -2881.039 1264.312 8.671 -2881.360 1265.047 9.828 -2880.641 cv-stal-01
193 0 42 951 1 10000 8449 1403.317 -43.824 -2829.353 1402.515 -45.141 -2830.547 1404.234 -42.922 -2828.297 cv-stal-01
194 0 55 1100 1 10000 8475 1228.470 -21.048 -2896.755 1227.718 -22.250 -2897.391 1228.968 -20.157 -2895.907 cv-bluecrystal
195 0 41 209 1 10000 8550 1249.570 2.997 -2868.696 1244.687 0.390 -2873.516 1255.172 5.515 -2863.251 cv-stal-01-merge
196 0 28 212 1 10000 8453 1261.525 10.014 -2879.417 1257.672 7.625 -2883.032 1265.031 11.671 -2875.891 cv-wall-02-2x2
197 0 28 208 1 10000 8453 1244.491 8.944 -2864.951 1240.265 6.469 -2868.844 1248.624 10.687 -2860.672 cv-wall-02-2x2
198 0 28 210 1 10000 8485 1244.291 3.423 -2865.033 1238.937 0.172 -2870.094 1249.468 5.219 -2859.969 cv-wall-02-2x2
199 0 55 1048 1 10000 8533 1257.518 -22.855 -2885.681 1257.015 -24.172 -2886.219 1258.187 -21.750 -2885.156 cv-bluecrystal
200 0 28 211 1 10000 8496 1253.875 3.421 -2872.690 1248.406 0.156 -2877.547 1259.031 5.172 -2867.938 cv-wall-02-2x2
201 0 25 66 1 10000 8463 1409.234 13.515 -2732.235 1409.000 12.687 -2732.985 1409.859 14.328 -2731.485 cv-spatula-rim-02a
202 0 41 213 1 10000 8552 1262.837 4.251 -2881.243 1257.203 1.656 -2886.578 1267.578 6.796 -2876.547 cv-stal-01-merge
203 0 25 68 1 10000 8490 1409.234 13.515 -2735.317 1409.000 12.687 -2736.063 1409.859 14.328 -2734.562 cv-spatula-rim-02a
204 0 25 102 1 10000 8505 1335.245 13.515 -2732.049 1334.609 12.687 -2732.797 1335.468 14.328 -2731.297 cv-spatula-rim-02a
205 0 25 106 1 10000 8496 1335.245 13.515 -2735.131 1334.609 12.687 -2735.891 1335.468 14.328 -2734.375 cv-spatula-rim-02a
206 0 25 72 1 10000 8506 1408.793 1.158 -2735.284 1408.562 0.328 -2736.032 1409.421 1.984 -2734.532 cv-spatula-rim-02a
207 0 25 103 1 10000 8507 1332.908 13.515 -2735.131 1332.672 12.687 -2735.891 1333.546 14.328 -2734.375 cv-spatula-rim-02a
208 0 25 101 1 10000 8520 1332.908 13.515 -2732.049 1332.672 12.687 -2732.797 1333.546 14.328 -2731.297 cv-spatula-rim-02a
209 0 37 170 1 10000 8654 1410.879 -8.046 -2780.595 1396.453 -16.110 -2790.094 1425.937 0.515 -2765.501 cv-floorfringe-01-2x2
210 0 25 65 1 10000 8506 1408.793 1.158 -2732.200 1408.562 0.328 -2732.954 1409.421 1.984 -2731.453 cv-spatula-rim-02a
211 0 25 58 1 10000 8545 1419.959 1.346 -2732.200 1419.328 0.531 -2732.954 1420.187 2.172 -2731.453 cv-spatula-rim-02a
212 0 25 109 1 10000 8360 1334.075 13.516 -2733.891 1333.562 13.015 -2734.016 1334.578 14.015 -2733.750 cv-spatula-rim-02a
213 0 25 114 1 10000 8360 1334.075 13.516 -2730.807 1333.562 13.015 -2730.922 1334.578 14.015 -2730.656 cv-spatula-rim-02a
214 0 28 253 1 10000 8636 1449.823 -20.172 -2760.248 1445.593 -20.907 -2763.844 1452.828 -18.610 -2756.797 cv-wall-02-2x2
215 0 28 379 1 10000 8637 1289.840 -30.022 -2879.284 1286.203 -30.751 -2882.563 1293.875 -28.469 -2874.766 cv-wall-02-2x2
216 0 42 253 1 10000 8872 1446.589 -20.703 -2762.940 1445.656 -21.969 -2763.875 1447.609 -19.125 -2761.985 cv-stal-01
217 0 102 140 1 10000 8704 1357.804 -13.266 -2780.611 1251.249 -48.781 -2868.891 1458.046 42.093 -2710.657 cv-wall-02-2x2-bumps
218 0 28 209 1 10000 8673 1249.979 3.375 -2868.150 1244.797 -1.063 -2873.516 1255.172 5.562 -2863.297 cv-wall-02-2x2
219 0 28 495 1 10000 8673 1259.409 3.641 -2875.619 1254.562 -0.797 -2880.203 1263.922 5.828 -2870.813 cv-wall-02-2x2
220 0 25 93 1 10000 8695 1368.540 1.435 -2800.095 1368.312 0.609 -2800.844 1369.171 2.250 -2799.344 cv-spatula-rim-02a
221 0 42 210 1 10000 8664 1242.211 1.089 -2861.002 1241.703 0.328 -2861.438 1242.578 2.140 -2860.422 cv-stal-01
222 0 28 213 1 10000 8687 1262.075 4.746 -2881.414 1257.203 0.187 -2886.250 1267.218 6.843 -2876.547 cv-wall-02-2x2
223 0 42 190 1 10000 8690 1326.439 -44.025 -2754.048 1323.968 -51.750 -2756.954 1329.672 -39.938 -2750.344 cv-stal-01
224 0 42 211 1 10000 8699 1251.071 1.131 -2869.095 1250.531 0.375 -2869.485 1251.469 2.187 -2868.563 cv-stal-01
225 0 28 378 1 10000 8807 1290.291 -27.762 -2870.689 1286.140 -28.516 -2873.844 1293.750 -26.688 -2866.438 cv-wall-02-2x2
226 0 28 386 1 10000 8792 1271.081 6.290 -2885.403 1267.296 5.453 -2888.735 1275.124 7.437 -2880.938 cv-wall-02-2x2
227 0 28 376 1 10000 8793 1259.309 -31.955 -2838.655 1256.156 -32.781 -2842.063 1263.343 -31.078 -2834.563 cv-wall-02-2x2
228 0 28 385 1 10000 8795 1267.801 5.371 -2882.683 1264.656 4.547 -2886.094 1271.844 6.250 -2878.594 cv-wall-02-2x2
229 0 40 140 1 10000 8879 1373.189 -24.831 -2816.220 1314.922 -29.282 -2864.828 1443.671 -23.610 -2731.938 cv-floorfringe-04-2x2
230 0 37 140 1 10000 8995 1311.290 -24.646 -2853.966 1188.016 -26.109 -2984.594 1457.249 -22.032 -2735.641 cv-floorfringe-01-2x2
231 0 41 253 1 10000 8911 1446.668 -20.712 -2760.055 1445.578 -22.985 -2763.953 1448.046 -18.438 -2756.891 cv-stal-01-merge
232 0 25 94 1 10000 8826 1370.881 1.435 -2800.095 1370.250 0.609 -2800.844 1371.109 2.250 -2799.344 cv-spatula-rim-02a
233 0 25 98 1 10000 8823 1370.881 1.435 -2803.177 1370.250 0.609 -2803.938 1371.109 2.250 -2802.422 cv-spatula-rim-02a
234 0 19 7 1 10000 8894 1322.192 -25.036 -2736.751 1321.734 -35.453 -2737.626 1323.078 -15.031 -2736.219 cv-planks-all
235 0 29 253 1 10000 8994 1449.312 -22.823 -2760.723 1447.265 -24.485 -2763.469 1451.390 -20.251 -2758.672 cv-wall-stal-stripe-02
236 0 25 84 1 10000 8856 1388.193 -10.570 -2732.166 1387.562 -11.391 -2732.922 1388.421 -9.751 -2731.407 cv-spatula-rim-02a
237 0 48 958 1 10000 8946 1411.492 -38.039 -2827.454 1409.656 -38.719 -2829.266 1413.219 -37.219 -2825.672 cv-wall-bumps-01
238 0 25 87 1 10000 8860 1385.853 -10.570 -2732.166 1385.625 -11.391 -2732.922 1386.484 -9.751 -2731.407 cv-spatula-rim-02a
239 0 41 1002 1 10000 9051 1384.448 -45.378 -2825.357 1382.672 -48.172 -2827.344 1386.312 -43.297 -2823.297 cv-stal-01-merge
240 0 25 83 1 10000 8874 1388.193 -10.570 -2735.247 1387.562 -11.391 -2736.000 1388.421 -9.751 -2734.500 cv-spatula-rim-02a
241 0 25 86 1 10000 8874 1385.853 -10.570 -2735.247 1385.625 -11.391 -2736.000 1386.484 -9.751 -2734.500 cv-spatula-rim-02a
242 0 25 63 1 10000 8876 1419.959 1.346 -2735.284 1419.328 0.531 -2736.032 1420.187 2.172 -2734.532 cv-spatula-rim-02a
243 0 28 380 1 10000 8907 1240.029 3.825 -2860.120 1235.296 2.359 -2865.016 1244.296 6.156 -2856.657 cv-wall-02-2x2
244 0 41 953 1 10000 9124 1418.966 -44.895 -2816.187 1417.093 -47.469 -2817.626 1421.172 -42.703 -2814.032 cv-stal-01-merge
245 0 25 61 1 10000 8874 1417.621 1.346 -2732.200 1417.390 0.531 -2732.954 1418.250 2.172 -2731.453 cv-spatula-rim-02a
246 0 25 60 1 10000 8874 1417.621 1.346 -2735.284 1417.390 0.531 -2736.032 1418.250 2.172 -2734.532 cv-spatula-rim-02a
247 0 19 2 1 10000 8937 1323.199 -9.402 -2729.760 1321.953 -21.422 -2730.532 1323.984 2.562 -2728.719 cv-planks-all
248 0 55 1025 1 10000 8996 1437.081 3.809 -2713.399 1436.156 2.437 -2714.969 1437.875 5.297 -2711.688 cv-bluecrystal
249 0 19 4 1 10000 9007 1330.005 -25.525 -2730.001 1329.171 -35.953 -2730.485 1330.593 -15.516 -2729.250 cv-planks-all
250 0 19 0 1 10000 9026 1323.413 5.972 -2730.037 1322.187 -4.453 -2730.625 1324.016 15.968 -2729.094 cv-planks-all
251 0 19 13 1 10000 9093 1329.437 -37.213 -2741.790 1328.453 -53.750 -2742.844 1330.937 -20.251 -2740.766 cv-planks-all
252 0 41 210 1 10000 9059 1243.771 3.156 -2865.763 1238.937 0.172 -2870.110 1249.687 5.500 -2859.891 cv-stal-01-merge
253 0 19 8 1 10000 9115 1321.992 -27.080 -2728.722 1321.047 -43.610 -2729.844 1323.124 -10.125 -2727.141 cv-planks-all
254 0 41 170 1 10000 9129 1410.540 -16.064 -2782.952 1392.843 -25.188 -2796.500 1427.687 -3.485 -2761.751 cv-stal-01-merge
255 0 19 1 1 10000 9196 1323.169 -4.941 -2729.972 1321.562 -21.438 -2730.734 1324.578 11.984 -2728.750 cv-planks-all
256 0 19 5 1 10000 9186 1329.505 -36.441 -2730.089 1328.671 -53.016 -2731.157 1330.219 -19.453 -2729.126 cv-planks-all
257 0 36 170 1 10000 9133 1411.735 -12.730 -2778.015 1397.468 -24.906 -2796.782 1428.281 0.515 -2760.594 cv-floorfringe-03-2x2
258 0 19 3 1 10000 9196 1321.655 -16.168 -2729.031 1320.969 -26.610 -2729.578 1322.250 -6.157 -2727.860 cv-planks-all
259 0 99 140 1 10000 9161 1360.034 19.553 -2789.228 1201.890 -41.078 -2949.360 1466.437 63.172 -2701.203 cv-wallbumps-all-high02
260 0 34 109 1 10000 8737 1334.076 13.515 -2734.045 1333.562 13.015 -2734.500 1334.578 14.015 -2733.750 cv-rusty-hardware
261 0 19 12 1 10000 9171 1329.459 -26.292 -2741.890 1328.937 -36.719 -2742.375 1330.515 -16.281 -2741.016 cv-planks-all
262 0 34 69 1 10000 8699 1410.403 13.515 -2734.225 1409.890 13.015 -2734.688 1410.906 14.015 -2733.922 cv-rusty-hardware
263 0 34 57 1 10000 8699 1410.403 13.515 -2733.325 1409.890 13.015 -2733.625 1410.906 14.015 -2732.876 cv-rusty-hardware
264 0 34 73 1 10000 8699 1410.403 13.515 -2731.145 1409.890 13.015 -2731.594 1410.906 14.015 -2730.844 cv-rusty-hardware
265 0 34 67 1 10000 8699 1410.403 13.515 -2736.403 1409.890 13.015 -2736.703 1410.906 14.015 -2735.954 cv-rusty-hardware
266 0 34 114 1 10000 8699 1334.076 13.515 -2730.957 1333.562 13.015 -2731.407 1334.578 14.015 -2730.656 cv-rusty-hardware
267 0 34 108 1 10000 8699 1334.076 13.515 -2736.215 1333.562 13.015 -2736.516 1334.578 14.015 -2735.766 cv-rusty-hardware
268 0 34 107 1 10000 8699 1334.076 13.515 -2733.137 1333.562 13.015 -2733.438 1334.578 14.015 -2732.688 cv-rusty-hardware
269 0 42 932 1 10000 9178 1427.924 -40.159 -2732.411 1427.031 -42.844 -2733.344 1430.062 -37.922 -2730.938 cv-stal-01
270 0 34 100 1 10000 8740 1369.707 1.435 -2802.092 1369.203 0.922 -2802.547 1370.219 1.937 -2801.797 cv-rusty-hardware
271 0 34 110 1 10000 8703 1418.793 1.347 -2731.114 1418.281 0.844 -2731.563 1419.296 1.859 -2730.812 cv-rusty-hardware
272 0 34 62 1 10000 8703 1418.793 1.347 -2734.192 1418.281 0.844 -2734.641 1419.296 1.859 -2733.891 cv-rusty-hardware
273 0 34 111 1 10000 8703 1418.793 1.347 -2733.293 1418.281 0.844 -2733.594 1419.296 1.859 -2732.844 cv-rusty-hardware
274 0 34 64 1 10000 8703 1418.793 1.347 -2736.371 1418.281 0.844 -2736.672 1419.296 1.859 -2735.922 cv-rusty-hardware
275 0 34 75 1 10000 8703 1409.965 1.160 -2731.114 1409.453 0.656 -2731.563 1410.468 1.672 -2730.812 cv-rusty-hardware
276 0 34 74 1 10000 8703 1409.965 1.160 -2734.192 1409.453 0.656 -2734.641 1410.468 1.672 -2733.891 cv-rusty-hardware
277 0 34 78 1 10000 8703 1409.965 1.160 -2733.293 1409.453 0.656 -2733.594 1410.468 1.672 -2732.844 cv-rusty-hardware
278 0 34 77 1 10000 8703 1409.965 1.160 -2736.371 1409.453 0.656 -2736.672 1410.468 1.672 -2735.922 cv-rusty-hardware
279 0 34 95 1 10000 8703 1369.707 1.435 -2801.184 1369.203 0.922 -2801.484 1370.219 1.937 -2800.735 cv-rusty-hardware
280 0 34 113 1 10000 8703 1369.707 1.435 -2799.004 1369.203 0.922 -2799.454 1370.219 1.937 -2798.704 cv-rusty-hardware
281 0 34 99 1 10000 8703 1369.707 1.435 -2804.262 1369.203 0.922 -2804.563 1370.219 1.937 -2803.813 cv-rusty-hardware
282 0 34 91 1 10000 8706 1387.027 -10.569 -2736.340 1386.515 -11.079 -2736.641 1387.531 -10.063 -2735.891 cv-rusty-hardware
283 0 34 85 1 10000 8706 1387.027 -10.569 -2733.248 1386.515 -11.079 -2733.547 1387.531 -10.063 -2732.797 cv-rusty-hardware
284 0 34 112 1 10000 8710 1387.027 -10.569 -2731.082 1386.515 -11.079 -2731.532 1387.531 -10.063 -2730.782 cv-rusty-hardware
285 0 34 88 1 10000 8710 1387.027 -10.569 -2734.160 1386.515 -11.079 -2734.610 1387.531 -10.063 -2733.859 cv-rusty-hardware
286 0 107 140 1 10000 9159 1200.244 -9.498 -2972.930 1192.812 -10.703 -2978.891 1207.328 -8.891 -2967.625 cv-wall-roof-01
287 0 42 379 1 10000 9387 1288.773 -30.551 -2875.211 1287.766 -31.813 -2876.313 1289.703 -28.969 -2874.360 cv-stal-01
288 0 42 959 1 10000 9236 1396.116 -40.305 -2827.720 1395.547 -42.516 -2828.391 1396.562 -38.032 -2827.141 cv-stal-01
289 0 28 505 1 10000 9134 1191.724 -24.228 -2980.573 1188.343 -25.125 -2983.985 1194.875 -23.954 -2977.578 cv-wall-02-2x2
290 0 19 9 1 10000 9243 1322.260 -31.532 -2728.410 1321.437 -43.563 -2729.422 1322.953 -19.547 -2727.125 cv-planks-all
291 0 41 379 1 10000 9217 1290.384 -31.719 -2877.704 1286.249 -34.344 -2881.063 1294.015 -28.282 -2874.297 cv-stal-01-merge
292 0 100 140 1 10000 9269 1342.642 8.627 -2803.365 1187.453 -46.735 -2985.110 1463.406 58.593 -2701.110 cv-wallbumps-all-02
293 0 41 190 1 10000 9245 1326.228 -45.152 -2753.675 1323.140 -52.485 -2757.282 1330.015 -38.938 -2749.703 cv-stal-01-merge
294 0 19 10 1 10000 9315 1322.572 -35.950 -2736.584 1321.953 -52.516 -2737.782 1323.375 -18.969 -2735.360 cv-planks-all
295 0 28 190 1 10000 9204 1326.062 -42.468 -2753.531 1322.578 -48.359 -2757.282 1330.015 -35.547 -2749.703 cv-wall-02-2x2
296 0 101 140 1 10000 9392 1372.137 11.450 -2786.147 1258.156 -23.407 -2872.266 1451.328 46.812 -2712.454 cv-wall-02-2x2-high
297 0 41 380 1 10000 9358 1238.937 1.407 -2861.133 1234.734 -2.376 -2865.860 1243.515 4.000 -2855.860 cv-stal-01-merge
298 0 19 14 1 10000 9285 1329.516 -41.680 -2741.958 1328.734 -53.703 -2742.532 1330.578 -29.688 -2741.016 cv-planks-all
299 0 41 386 1 10000 9342 1271.592 4.487 -2883.787 1267.812 1.359 -2888.141 1275.453 7.016 -2880.376 cv-stal-01-merge
300 0 41 385 1 10000 9341 1269.695 3.895 -2882.091 1266.156 0.390 -2885.735 1271.906 6.500 -2878.406 cv-stal-01-merge
301 0 41 376 1 10000 9346 1261.205 -33.433 -2838.061 1257.672 -36.938 -2841.704 1263.421 -30.829 -2834.376 cv-stal-01-merge
302 0 42 170 1 10000 9347 1417.696 -16.713 -2787.299 1402.656 -24.859 -2792.516 1427.093 -6.297 -2762.688 cv-stal-01
303 0 38 140 1 10000 9500 1313.468 -24.846 -2848.896 1189.656 -29.422 -2982.672 1448.031 -22.625 -2735.641 cv-floorfringe-02-2x2
304 0 48 212 1 10000 9356 1261.326 13.412 -2879.015 1258.343 12.094 -2882.203 1264.624 14.296 -2875.875 cv-wall-bumps-01
305 0 19 11 1 10000 9345 1322.522 -40.418 -2736.421 1321.906 -52.453 -2737.282 1323.469 -28.422 -2735.734 cv-planks-all
306 0 41 140 1 10000 9469 1365.013 6.188 -2784.111 1189.969 -47.235 -2967.125 1462.594 59.469 -2701.234 cv-stal-01-merge
307 0 48 208 1 10000 9350 1244.469 12.335 -2864.440 1240.796 11.031 -2868.235 1248.218 13.219 -2860.938 cv-wall-bumps-01
308 0 108 140 1 10000 9436 1200.648 -9.675 -2972.495 1192.562 -10.860 -2979.922 1208.422 -8.891 -2967.125 cv-wall-roof-02
309 0 36 140 1 10000 9374 1298.766 -24.691 -2857.286 1187.265 -29.282 -2984.766 1457.249 -22.204 -2739.938 cv-floorfringe-03-2x2
310 0 23 31 1 10000 9461 1329.970 -23.918 -2730.220 1329.468 -24.453 -2730.828 1330.640 -23.376 -2729.375 cv-supportrope-01
311 0 23 35 1 10000 9461 1322.105 -23.429 -2736.522 1321.609 -23.969 -2737.360 1322.593 -22.891 -2735.922 cv-supportrope-01
312 0 23 27 1 10000 9462 1321.860 -14.557 -2729.090 1321.000 -15.110 -2729.516 1322.484 -14.016 -2728.516 cv-supportrope-01
313 0 23 23 1 10000 9461 1323.705 7.567 -2730.062 1322.828 7.000 -2730.500 1324.343 8.109 -2729.500 cv-supportrope-01
314 0 23 33 1 10000 9460 1329.315 -24.689 -2742.114 1328.749 -25.250 -2742.688 1330.093 -24.156 -2741.328 cv-supportrope-01
315 0 23 37 1 10000 9354 1329.486 -42.328 -2741.763 1328.703 -42.781 -2742.594 1330.250 -41.860 -2740.860 cv-supportrope-01
316 0 23 36 1 10000 9349 1329.333 -41.546 -2730.136 1328.562 -41.969 -2730.938 1330.046 -41.110 -2729.235 cv-supportrope-01
317 0 23 25 1 10000 9357 1323.039 -10.045 -2729.883 1322.062 -10.516 -2730.469 1323.859 -9.562 -2729.094 cv-supportrope-01
318 0 23 41 1 10000 9357 1322.694 -41.062 -2736.532 1321.906 -41.500 -2737.484 1323.328 -40.610 -2735.703 cv-supportrope-01
319 0 23 29 1 10000 9358 1322.132 -32.190 -2728.518 1321.171 -32.657 -2729.094 1322.968 -31.719 -2727.719 cv-supportrope-01
320 0 28 140 1 10000 9363 1354.921 8.304 -2794.927 1180.937 -49.719 -2991.782 1466.062 69.891 -2701.110 cv-wall-02-2x2
321 0 23 39 1 10000 9425 1329.547 -45.934 -2741.617 1328.687 -46.453 -2742.516 1330.453 -45.422 -2740.797 cv-supportrope-01
322 0 23 38 1 10000 9423 1329.213 -45.156 -2730.041 1328.406 -45.625 -2730.938 1330.062 -44.688 -2729.126 cv-supportrope-01
323 0 38 170 1 10000 9460 1409.493 -12.185 -2776.291 1401.000 -12.703 -2786.422 1421.906 -11.438 -2765.501 cv-floorfringe-02-2x2
324 0 98 140 1 10000 9386 1367.631 24.027 -2790.789 1199.234 -42.938 -2956.922 1465.047 68.875 -2701.328 cv-wallbumps-all-high
325 0 23 40 1 10000 9426 1322.847 -44.666 -2736.606 1322.078 -45.156 -2737.626 1323.609 -44.172 -2735.797 cv-supportrope-01
326 0 23 30 1 10000 9426 1322.113 -35.798 -2728.416 1321.109 -36.329 -2729.172 1322.922 -35.281 -2727.641 cv-supportrope-01
327 0 23 26 1 10000 9432 1322.828 -13.650 -2729.861 1321.796 -14.188 -2730.594 1323.656 -13.125 -2729.094 cv-supportrope-01
328 0 19 6 1 10000 9389 1329.425 -40.908 -2730.313 1328.468 -52.938 -2730.891 1330.046 -28.907 -2729.516 cv-planks-all
329 0 35 170 1 10000 9445 1412.545 -4.714 -2771.464 1402.468 -13.094 -2782.110 1421.578 -0.078 -2760.625 cv-cavefloor-01-2x2
330 0 100 1332 1 10000 9374 1416.300 -3.525 -2727.497 1414.890 -5.328 -2728.579 1417.812 -1.562 -2726.204 cv-wallbumps-all-02
331 0 41 378 1 10000 9408 1289.470 -29.280 -2868.823 1285.844 -32.485 -2872.750 1293.093 -26.500 -2866.360 cv-stal-01-merge
332 0 28 170 1 10000 9341 1411.339 -14.311 -2778.017 1392.390 -26.219 -2796.531 1430.031 1.609 -2760.938 cv-wall-02-2x2
333 0 46 19 1 10000 9369 1327.562 -23.738 -2735.604 1327.250 -47.734 -2735.954 1327.875 0.250 -2735.251 cv-torch-02
334 0 46 22 1 10000 9369 1322.719 -23.738 -2735.604 1322.406 -47.734 -2735.954 1323.031 0.250 -2735.251 cv-torch-02
335 0 46 15 1 10000 9369 1436.188 -11.553 -2784.245 1435.874 -35.547 -2784.594 1436.500 12.437 -2783.891 cv-torch-02
336 0 46 18 1 10000 9369 1431.344 -11.553 -2784.245 1431.031 -35.547 -2784.594 1431.656 12.437 -2783.891 cv-torch-02
337 0 44 1013 1 10000 9465 1258.378 -32.219 -2868.893 1254.187 -34.047 -2872.844 1262.796 -29.485 -2864.234 cv-webbase-02
338 0 44 1011 1 10000 9465 1269.459 -32.219 -2858.706 1265.265 -34.047 -2862.657 1273.890 -29.485 -2854.047 cv-webbase-02
339 0 44 1009 1 10000 9465 1280.890 -32.219 -2850.694 1276.703 -34.047 -2854.657 1285.312 -29.485 -2846.047 cv-webbase-02
340 0 31 747 1 10000 9455 1258.839 33.540 -2808.530 1257.062 31.109 -2809.751 1261.266 35.593 -2807.438 cv-wallbumps-all
341 0 46 21 1 10000 9369 1322.719 -23.738 -2730.992 1322.406 -47.734 -2731.344 1323.031 0.250 -2730.641 cv-torch-02
342 0 46 17 1 10000 9369 1431.344 -11.553 -2779.633 1431.031 -35.547 -2779.984 1431.656 12.437 -2779.281 cv-torch-02
343 0 41 932 1 10000 9390 1429.168 -44.871 -2731.310 1425.515 -47.734 -2734.751 1433.249 -41.907 -2727.594 cv-stal-01-merge
344 0 23 28 1 10000 9403 1322.069 -22.841 -2728.856 1320.843 -23.907 -2729.547 1323.328 -21.750 -2727.969 cv-supportrope-01
345 0 48 211 1 10000 9356 1253.690 9.023 -2872.337 1249.031 7.203 -2876.751 1258.375 10.421 -2868.266 cv-wall-bumps-01
346 0 48 210 1 10000 9358 1244.084 9.026 -2864.631 1239.437 7.187 -2869.312 1248.812 10.421 -2860.329 cv-wall-bumps-01
347 0 53 212 1 10000 9485 1261.190 11.801 -2879.192 1257.578 10.140 -2883.063 1265.421 13.172 -2875.235 cv-wall-bumps-merge-01
348 0 53 208 1 10000 9486 1244.311 10.700 -2864.506 1240.265 9.093 -2868.844 1248.656 12.062 -2860.625 cv-wall-bumps-merge-01
349 0 46 16 1 10000 9370 1436.188 -11.553 -2779.633 1435.874 -35.547 -2779.984 1436.500 12.437 -2779.281 cv-torch-02
350 0 46 20 1 10000 9370 1327.562 -23.738 -2730.992 1327.250 -47.734 -2731.344 1327.875 0.250 -2730.641 cv-torch-02
351 0 44 1015 1 10000 9479 1282.122 -32.370 -2846.053 1280.328 -34.047 -2846.875 1284.281 -30.485 -2845.422 cv-webbase-02
352 0 44 1017 1 10000 9479 1259.608 -32.370 -2864.253 1257.812 -34.047 -2865.079 1261.765 -30.485 -2863.625 cv-webbase-02
353 0 44 1016 1 10000 9477 1270.693 -32.370 -2854.066 1268.906 -34.047 -2854.891 1272.843 -30.485 -2853.438 cv-webbase-02
354 0 23 42 1 10000 9449 1322.400 -31.711 -2736.444 1321.687 -32.750 -2737.672 1323.187 -30.657 -2735.188 cv-supportrope-01
355 0 23 24 1 10000 9445 1323.471 -0.707 -2730.011 1322.250 -1.782 -2730.703 1324.734 0.390 -2729.141 cv-supportrope-01
356 0 33 140 1 10000 9676 1383.713 4.970 -2797.754 1283.812 -31.625 -2847.891 1428.125 29.047 -2709.657 cv-wall-wave-01
357 0 23 32 1 10000 9452 1329.610 -32.207 -2730.241 1328.734 -33.235 -2731.391 1330.718 -31.157 -2729.094 cv-supportrope-01
358 0 23 34 1 10000 9454 1329.324 -32.976 -2741.998 1328.375 -34.047 -2743.016 1330.484 -31.891 -2740.829 cv-supportrope-01
359 0 53 140 1 10000 9535 1379.115 -2.553 -2762.643 1293.578 -43.844 -2845.172 1449.843 31.437 -2709.657 cv-wall-bumps-merge-01
360 0 53 210 1 10000 9452 1244.120 6.274 -2865.148 1238.937 3.969 -2870.094 1249.687 8.359 -2859.891 cv-wall-bumps-merge-01
361 0 53 211 1 10000 9451 1253.770 6.279 -2872.838 1248.375 4.031 -2877.625 1259.469 8.359 -2867.938 cv-wall-bumps-merge-01
362 0 54 140 1 10000 9506 1374.057 -25.978 -2775.718 1244.218 -30.610 -2882.656 1440.140 -23.860 -2727.734 cv-wall-to-ground-01
363 0 33 505 1 10000 9439 1191.654 -25.455 -2980.818 1187.874 -26.750 -2984.719 1195.328 -24.469 -2977.157 cv-wall-wave-01
364 0 33 190 1 10000 9543 1326.044 -37.837 -2753.488 1324.203 -39.172 -2755.125 1327.750 -36.360 -2751.625 cv-wall-wave-01
365 0 53 209 1 10000 9464 1249.764 6.406 -2868.583 1244.687 3.687 -2873.516 1255.172 8.468 -2863.251 cv-wall-bumps-merge-01
366 0 53 495 1 10000 9464 1258.938 6.666 -2875.664 1254.031 3.953 -2880.625 1263.922 8.734 -2870.813 cv-wall-bumps-merge-01
367 0 53 213 1 10000 9466 1262.501 7.682 -2881.222 1257.203 4.968 -2886.578 1267.578 9.750 -2876.500 cv-wall-bumps-merge-01
368 0 53 379 1 10000 9666 1290.446 -27.648 -2878.970 1286.203 -30.485 -2882.563 1294.015 -25.125 -2874.563 cv-wall-bumps-merge-01
369 0 26 119 1 10000 8611 1410.404 13.515 -2734.001 1410.109 13.219 -2734.001 1410.703 13.812 -2734.001 cv-spatula-pole-top-01
370 0 26 121 1 10000 8611 1410.404 13.515 -2730.922 1410.109 13.219 -2730.922 1410.703 13.812 -2730.922 cv-spatula-pole-top-01
371 0 26 136 1 10000 8611 1334.076 13.515 -2733.813 1333.781 13.219 -2733.813 1334.375 13.812 -2733.813 cv-spatula-pole-top-01
372 0 26 138 1 10000 8611 1334.076 13.515 -2730.734 1333.781 13.219 -2730.734 1334.375 13.812 -2730.734 cv-spatula-pole-top-01
373 0 26 128 1 10000 8578 1387.029 -10.567 -2733.938 1386.734 -10.860 -2733.938 1387.328 -10.281 -2733.938 cv-spatula-pole-top-01
374 0 26 130 1 10000 8578 1387.029 -10.567 -2730.844 1386.734 -10.860 -2730.844 1387.328 -10.281 -2730.844 cv-spatula-pole-top-01
375 0 26 115 1 10000 8597 1418.795 1.345 -2733.969 1418.499 1.047 -2733.969 1419.093 1.640 -2733.969 cv-spatula-pole-top-01
376 0 26 117 1 10000 8597 1418.795 1.345 -2730.891 1418.499 1.047 -2730.891 1419.093 1.640 -2730.891 cv-spatula-pole-top-01
377 0 26 123 1 10000 8597 1409.966 1.158 -2733.969 1409.672 0.859 -2733.969 1410.265 1.453 -2733.969 cv-spatula-pole-top-01
378 0 26 132 1 10000 8607 1369.705 1.435 -2801.860 1369.406 1.140 -2801.860 1369.999 1.734 -2801.860 cv-spatula-pole-top-01
379 0 26 134 1 10000 8607 1369.705 1.435 -2798.782 1369.406 1.140 -2798.782 1369.999 1.734 -2798.782 cv-spatula-pole-top-01
380 0 53 958 1 10000 9612 1411.575 -40.550 -2827.447 1408.765 -42.438 -2830.375 1414.093 -38.719 -2824.547 cv-wall-bumps-merge-01
381 0 42 1007 1 10000 9516 1409.703 -45.199 -2814.079 1407.875 -47.344 -2816.110 1411.671 -43.328 -2811.938 cv-stal-01
382 0 53 253 1 10000 9669 1449.305 -17.797 -2759.850 1445.593 -20.641 -2763.844 1452.828 -15.266 -2756.766 cv-wall-bumps-merge-01
383 0 53 378 1 10000 9702 1290.261 -25.349 -2870.159 1286.015 -27.750 -2873.844 1293.750 -22.610 -2866.438 cv-wall-bumps-merge-01
384 0 53 385 1 10000 9546 1268.157 7.842 -2882.534 1264.593 5.297 -2886.094 1271.844 10.875 -2878.532 cv-wall-bumps-merge-01
385 0 33 170 1 10000 9655 1413.543 -8.826 -2780.355 1395.562 -16.875 -2795.563 1430.062 0.390 -2767.188 cv-wall-wave-01
386 0 48 376 1 10000 9447 1259.030 -26.278 -2838.018 1256.624 -29.078 -2840.641 1261.578 -23.985 -2835.438 cv-wall-bumps-01
387 0 24 53 1 10000 9456 1334.078 13.519 -2735.130 1332.828 12.094 -2736.376 1335.328 14.969 -2733.891 cv-villagepole-new-wood
388 0 53 386 1 10000 9546 1271.496 8.649 -2884.690 1267.296 6.000 -2888.735 1275.312 11.406 -2880.547 cv-wall-bumps-merge-01
389 0 53 376 1 10000 9550 1259.666 -29.485 -2838.506 1256.093 -32.032 -2842.063 1263.343 -26.454 -2834.500 cv-wall-bumps-merge-01
390 0 24 43 1 10000 9458 1410.404 13.519 -2735.315 1409.156 12.094 -2736.563 1411.656 14.969 -2734.079 cv-villagepole-new-wood
391 0 24 44 1 10000 9458 1410.404 13.519 -2732.235 1409.156 12.094 -2733.485 1411.656 14.969 -2730.985 cv-villagepole-new-wood
392 0 24 54 1 10000 9458 1334.078 13.519 -2732.048 1332.828 12.094 -2733.297 1335.328 14.969 -2730.797 cv-villagepole-new-wood
393 0 24 45 1 10000 9450 1409.966 1.166 -2735.282 1408.718 -0.250 -2736.532 1411.203 2.609 -2734.032 cv-villagepole-new-wood
394 0 24 47 1 10000 9452 1409.966 1.166 -2732.202 1408.718 -0.250 -2733.454 1411.203 2.609 -2730.954 cv-villagepole-new-wood
395 0 48 386 1 10000 9453 1271.102 11.924 -2884.427 1268.156 9.578 -2887.438 1273.796 14.171 -2881.735 cv-wall-bumps-01
396 0 48 385 1 10000 9455 1267.499 11.043 -2882.030 1265.109 8.250 -2884.672 1270.078 13.344 -2879.469 cv-wall-bumps-01
397 0 48 379 1 10000 9447 1290.418 -24.348 -2879.285 1287.312 -26.547 -2881.938 1293.031 -22.126 -2876.219 cv-wall-bumps-01
398 0 48 380 1 10000 9485 1240.092 9.897 -2863.051 1236.906 6.750 -2865.562 1243.500 12.469 -2859.157 cv-wall-bumps-01
399 0 48 140 1 10000 9467 1389.410 0.254 -2763.158 1294.171 -41.751 -2844.219 1449.062 34.437 -2709.735 cv-wall-bumps-01
400 0 48 253 1 10000 9450 1449.580 -14.500 -2759.722 1447.109 -16.688 -2762.594 1452.140 -12.282 -2757.234 cv-wall-bumps-01
401 0 48 378 1 10000 9447 1290.000 -22.067 -2870.544 1287.265 -24.594 -2873.126 1292.641 -19.797 -2868.016 cv-wall-bumps-01
402 0 48 209 1 10000 9462 1249.807 9.480 -2868.454 1245.297 7.546 -2873.001 1254.516 11.203 -2863.891 cv-wall-bumps-01
403 0 48 495 1 10000 9462 1259.060 9.747 -2875.643 1255.047 7.812 -2879.610 1263.125 11.469 -2871.578 cv-wall-bumps-01
404 0 48 213 1 10000 9462 1262.430 10.758 -2881.337 1257.843 8.828 -2885.688 1266.703 12.484 -2877.000 cv-wall-bumps-01
405 0 31 140 1 10000 9514 1351.390 12.205 -2808.391 1186.593 -42.859 -2988.016 1466.375 68.296 -2701.110 cv-wallbumps-all
406 0 41 958 1 10000 9563 1411.579 -44.756 -2827.377 1407.968 -47.172 -2831.141 1415.609 -42.438 -2823.719 cv-stal-01-merge
407 0 53 380 1 10000 9533 1239.219 6.536 -2861.457 1234.968 2.499 -2865.813 1244.296 10.015 -2856.657 cv-wall-bumps-merge-01
408 0 41 973 1 10000 9578 1352.255 -44.573 -2735.841 1348.296 -46.751 -2739.766 1355.781 -42.407 -2731.375 cv-stal-01-merge
409 0 53 178 1 10000 9705 1399.881 -29.997 -2821.517 1397.844 -32.266 -2823.594 1401.921 -27.875 -2819.626 cv-wall-bumps-merge-01
410 0 24 46 1 10000 9473 1418.794 1.355 -2735.282 1417.547 -0.047 -2736.532 1420.031 2.797 -2734.032 cv-villagepole-new-wood
411 0 24 51 1 10000 9482 1369.707 1.437 -2803.177 1368.468 0.015 -2804.422 1370.953 2.890 -2801.938 cv-villagepole-new-wood
412 0 24 49 1 10000 9482 1387.026 -10.565 -2732.166 1385.781 -11.984 -2733.407 1388.265 -9.126 -2730.922 cv-villagepole-new-wood
413 0 24 52 1 10000 9479 1369.707 1.437 -2800.094 1368.468 0.015 -2801.344 1370.953 2.890 -2798.844 cv-villagepole-new-wood
414 0 24 48 1 10000 9474 1418.794 1.355 -2732.202 1417.547 -0.047 -2733.454 1420.031 2.797 -2730.954 cv-villagepole-new-wood
415 0 24 50 1 10000 9480 1387.026 -10.565 -2735.249 1385.781 -11.984 -2736.501 1388.265 -9.126 -2734.001 cv-villagepole-new-wood
416 0 41 935 1 10000 9555 1412.987 -44.874 -2732.325 1409.265 -47.485 -2735.907 1416.875 -42.563 -2728.297 cv-stal-01-merge
417 0 42 1001 1 10000 9692 1378.874 -40.643 -2735.889 1377.187 -43.063 -2737.516 1380.547 -38.141 -2734.204 cv-stal-01
418 0 41 1001 1 10000 9654 1378.960 -44.953 -2736.021 1375.390 -46.922 -2739.922 1382.874 -42.922 -2732.188 cv-stal-01-merge
419 0 42 140 1 10000 9506 1360.671 6.196 -2781.438 1191.281 -55.172 -2966.235 1461.781 55.390 -2701.828 cv-stal-01
420 0 87 1131 1 10000 9497 1409.062 13.515 -2732.235 1409.062 12.906 -2732.797 1409.062 14.125 -2731.672 cv-firebarrel-grill-03
421 0 87 1132 1 10000 9497 1411.749 13.515 -2732.235 1411.749 12.906 -2732.797 1411.749 14.125 -2731.672 cv-firebarrel-grill-03
422 0 87 1144 1 10000 9488 1368.359 1.437 -2800.096 1368.359 0.828 -2800.672 1368.359 2.046 -2799.532 cv-firebarrel-grill-03
423 0 87 1145 1 10000 9488 1371.046 1.437 -2800.096 1371.046 0.828 -2800.672 1371.046 2.046 -2799.532 cv-firebarrel-grill-03
424 0 87 1148 1 10000 9488 1332.734 13.515 -2732.049 1332.734 12.906 -2732.625 1332.734 14.125 -2731.485 cv-firebarrel-grill-03
425 0 87 1149 1 10000 9488 1335.421 13.515 -2732.049 1335.421 12.906 -2732.625 1335.421 14.125 -2731.485 cv-firebarrel-grill-03
426 0 87 1129 1 10000 9488 1409.062 13.515 -2735.317 1409.062 12.906 -2735.891 1409.062 14.125 -2734.751 cv-firebarrel-grill-03
427 0 87 1130 1 10000 9488 1411.749 13.515 -2735.317 1411.749 12.906 -2735.891 1411.749 14.125 -2734.751 cv-firebarrel-grill-03
428 0 87 1142 1 10000 9488 1368.359 1.437 -2803.176 1368.359 0.828 -2803.750 1368.359 2.046 -2802.610 cv-firebarrel-grill-03
429 0 87 1143 1 10000 9488 1371.046 1.437 -2803.176 1371.046 0.828 -2803.750 1371.046 2.046 -2802.610 cv-firebarrel-grill-03
430 0 87 1146 1 10000 9488 1332.734 13.515 -2735.129 1332.734 12.906 -2735.703 1332.734 14.125 -2734.562 cv-firebarrel-grill-03
431 0 87 1147 1 10000 9488 1335.421 13.515 -2735.129 1335.421 12.906 -2735.703 1335.421 14.125 -2734.562 cv-firebarrel-grill-03
432 0 87 1126 1 10000 9479 1420.140 1.347 -2735.283 1420.140 0.734 -2735.860 1420.140 1.968 -2734.719 cv-firebarrel-grill-03
433 0 87 1133 1 10000 9479 1408.624 1.160 -2735.283 1408.624 0.546 -2735.860 1408.624 1.781 -2734.719 cv-firebarrel-grill-03
434 0 87 1134 1 10000 9479 1411.312 1.160 -2735.283 1411.312 0.546 -2735.860 1411.312 1.781 -2734.719 cv-firebarrel-grill-03
435 0 87 1137 1 10000 9479 1417.453 1.347 -2735.283 1417.453 0.734 -2735.860 1417.453 1.968 -2734.719 cv-firebarrel-grill-03
436 0 87 1127 1 10000 9480 1417.453 1.347 -2732.200 1417.453 0.734 -2732.766 1417.453 1.968 -2731.626 cv-firebarrel-grill-03
437 0 87 1128 1 10000 9480 1420.140 1.347 -2732.200 1420.140 0.734 -2732.766 1420.140 1.968 -2731.626 cv-firebarrel-grill-03
438 0 87 1135 1 10000 9480 1408.624 1.160 -2732.200 1408.624 0.546 -2732.766 1408.624 1.781 -2731.626 cv-firebarrel-grill-03
439 0 87 1136 1 10000 9480 1411.312 1.160 -2732.200 1411.312 0.546 -2732.766 1411.312 1.781 -2731.626 cv-firebarrel-grill-03
440 0 87 1138 1 10000 9480 1385.687 -10.567 -2735.247 1385.687 -11.188 -2735.812 1385.687 -9.953 -2734.672 cv-firebarrel-grill-03
441 0 87 1139 1 10000 9480 1388.374 -10.567 -2735.247 1388.374 -11.188 -2735.812 1388.374 -9.953 -2734.672 cv-firebarrel-grill-03
442 0 87 1140 1 10000 9480 1385.687 -10.567 -2732.168 1385.687 -11.188 -2732.735 1385.687 -9.953 -2731.594 cv-firebarrel-grill-03
443 0 87 1141 1 10000 9480 1388.374 -10.567 -2732.168 1388.374 -11.188 -2732.735 1388.374 -9.953 -2731.594 cv-firebarrel-grill-03
444 0 39 899 1 10000 9109 1408.656 1.158 -2732.202 1408.656 0.515 -2732.797 1408.656 1.812 -2731.594 cav-firebarrel-flame-01
445 0 39 902 1 10000 9109 1420.109 1.345 -2735.283 1420.109 0.703 -2735.891 1420.109 2.000 -2734.688 cav-firebarrel-flame-01
446 0 39 903 1 10000 9109 1417.484 1.345 -2732.202 1417.484 0.703 -2732.797 1417.484 2.000 -2731.594 cav-firebarrel-flame-01
447 0 39 910 1 10000 9109 1411.281 1.158 -2735.283 1411.281 0.515 -2735.891 1411.281 1.812 -2734.688 cav-firebarrel-flame-01
448 0 39 915 1 10000 9109 1368.390 1.435 -2803.174 1368.390 0.781 -2803.782 1368.390 2.078 -2802.578 cav-firebarrel-flame-01
449 0 39 917 1 10000 9109 1368.390 1.435 -2800.096 1368.390 0.781 -2800.703 1368.390 2.078 -2799.500 cav-firebarrel-flame-01
450 0 39 912 1 10000 9131 1388.343 -10.567 -2735.249 1388.343 -11.219 -2735.844 1388.343 -9.922 -2734.641 cav-firebarrel-flame-01
451 0 39 914 1 10000 9131 1388.343 -10.567 -2732.170 1388.343 -11.219 -2732.766 1388.343 -9.922 -2731.563 cav-firebarrel-flame-01
452 0 39 900 1 10000 9137 1411.281 1.158 -2732.202 1411.281 0.515 -2732.797 1411.281 1.812 -2731.594 cav-firebarrel-flame-01
453 0 39 901 1 10000 9137 1417.484 1.345 -2735.283 1417.484 0.703 -2735.891 1417.484 2.000 -2734.688 cav-firebarrel-flame-01
454 0 39 904 1 10000 9137 1420.109 1.345 -2732.202 1420.109 0.703 -2732.797 1420.109 2.000 -2731.594 cav-firebarrel-flame-01
455 0 39 905 1 10000 9137 1409.093 13.515 -2735.315 1409.093 12.859 -2735.922 1409.093 14.171 -2734.719 cav-firebarrel-flame-01
456 0 39 906 1 10000 9137 1411.718 13.515 -2735.315 1411.718 12.859 -2735.922 1411.718 14.171 -2734.719 cav-firebarrel-flame-01
457 0 39 907 1 10000 9137 1409.093 13.515 -2732.235 1409.093 12.859 -2732.844 1409.093 14.171 -2731.626 cav-firebarrel-flame-01
458 0 39 908 1 10000 9137 1411.718 13.515 -2732.235 1411.718 12.859 -2732.844 1411.718 14.171 -2731.626 cav-firebarrel-flame-01
459 0 39 909 1 10000 9137 1408.656 1.158 -2735.283 1408.656 0.515 -2735.891 1408.656 1.812 -2734.688 cav-firebarrel-flame-01
460 0 39 916 1 10000 9137 1371.015 1.435 -2803.174 1371.015 0.781 -2803.782 1371.015 2.078 -2802.578 cav-firebarrel-flame-01
461 0 39 918 1 10000 9137 1371.015 1.435 -2800.096 1371.015 0.781 -2800.703 1371.015 2.078 -2799.500 cav-firebarrel-flame-01
462 0 39 919 1 10000 9137 1332.765 13.515 -2735.127 1332.765 12.859 -2735.734 1332.765 14.171 -2734.532 cav-firebarrel-flame-01
463 0 39 920 1 10000 9137 1335.390 13.515 -2735.127 1335.390 12.859 -2735.734 1335.390 14.171 -2734.532 cav-firebarrel-flame-01
464 0 39 921 1 10000 9137 1332.765 13.515 -2732.049 1332.765 12.859 -2732.657 1332.765 14.171 -2731.453 cav-firebarrel-flame-01
465 0 39 922 1 10000 9137 1335.390 13.515 -2732.049 1335.390 12.859 -2732.657 1335.390 14.171 -2731.453 cav-firebarrel-flame-01
466 0 39 911 1 10000 9158 1385.718 -10.567 -2735.249 1385.718 -11.219 -2735.844 1385.718 -9.922 -2734.641 cav-firebarrel-flame-01
467 0 39 913 1 10000 9158 1385.718 -10.567 -2732.170 1385.718 -11.219 -2732.766 1385.718 -9.922 -2731.563 cav-firebarrel-flame-01
468 0 42 935 1 10000 9478 1412.752 -36.271 -2733.033 1411.312 -42.907 -2734.406 1414.516 -28.797 -2730.703 cv-stal-01
469 0 28 178 1 10000 9752 1399.851 -39.795 -2821.506 1395.828 -47.407 -2825.751 1404.094 -31.922 -2817.360 cv-wall-02-2x2
470 0 93 1150 1 10000 9510 1410.406 15.000 -2733.766 1409.406 15.000 -2736.766 1411.406 15.000 -2730.766 cv-firebarrel-grill-03-lotweak
471 0 93 1151 1 10000 9510 1409.968 2.640 -2733.735 1408.969 2.640 -2736.735 1410.968 2.640 -2730.734 cv-firebarrel-grill-03-lotweak
472 0 93 1152 1 10000 9510 1418.796 2.828 -2733.735 1417.796 2.828 -2736.735 1419.796 2.828 -2730.734 cv-firebarrel-grill-03-lotweak
473 0 93 1153 1 10000 9510 1387.031 -9.094 -2733.697 1386.031 -9.094 -2736.688 1388.031 -9.094 -2730.703 cv-firebarrel-grill-03-lotweak
474 0 93 1154 1 10000 9510 1369.703 2.922 -2801.625 1368.703 2.922 -2804.625 1370.703 2.922 -2798.626 cv-firebarrel-grill-03-lotweak
475 0 93 1155 1 10000 9510 1334.078 15.000 -2733.578 1333.078 15.000 -2736.579 1335.078 15.000 -2730.578 cv-firebarrel-grill-03-lotweak
476 0 48 178 1 10000 9726 1399.863 -25.959 -2821.504 1397.844 -28.188 -2823.594 1401.921 -24.125 -2819.626 cv-wall-bumps-01
477 0 56 140 1 10000 9420 1199.520 -0.409 -2972.115 1196.562 -9.391 -2975.078 1202.546 8.328 -2969.110 cv-wall-tube-02
478 0 35 140 1 10000 9506 1342.369 -25.310 -2812.370 1181.624 -44.000 -2991.329 1451.296 -22.126 -2729.250 cv-cavefloor-01-2x2
479 0 42 973 1 10000 9609 1352.268 -36.279 -2735.903 1350.000 -42.438 -2738.172 1354.546 -29.375 -2733.625 cv-stal-01
480 0 28 508 1 10000 9745 1427.900 -44.932 -2819.606 1420.374 -47.109 -2826.938 1434.984 -43.782 -2812.094 cv-wall-02-2x2
481 0 25 48 0 -1 0 1418.793 2.632 -2732.203 1417.859 2.468 -2733.141 1419.734 2.797 -2731.266 cv-spatula-rim-02a
482 0 25 70 0 -1 0 1410.402 12.258 -2735.314 1409.468 12.094 -2736.250 1411.343 12.421 -2734.375 cv-spatula-rim-02a
483 0 25 47 0 -1 0 1409.965 2.445 -2732.203 1409.031 2.281 -2733.141 1410.906 2.609 -2731.266 cv-spatula-rim-02a
484 0 25 46 0 -1 0 1418.793 2.632 -2735.283 1417.859 2.468 -2736.219 1419.734 2.797 -2734.344 cv-spatula-rim-02a
485 0 25 71 0 -1 0 1410.402 12.258 -2732.233 1409.468 12.094 -2733.172 1411.343 12.421 -2731.297 cv-spatula-rim-02a
486 0 25 105 0 -1 0 1334.077 12.258 -2732.046 1333.140 12.094 -2732.985 1335.015 12.421 -2731.110 cv-spatula-rim-02a
487 0 25 45 0 -1 0 1409.965 2.445 -2735.283 1409.031 2.281 -2736.219 1410.906 2.609 -2734.344 cv-spatula-rim-02a
488 0 25 92 0 -1 0 1369.705 0.179 -2800.093 1368.765 0.015 -2801.032 1370.640 0.344 -2799.157 cv-spatula-rim-02a
489 0 25 104 0 -1 0 1334.077 12.258 -2735.129 1333.140 12.094 -2736.063 1335.015 12.421 -2734.204 cv-spatula-rim-02a
490 0 25 50 0 -1 0 1387.025 -9.289 -2735.250 1386.093 -9.453 -2736.188 1387.968 -9.126 -2734.313 cv-spatula-rim-02a
491 0 25 49 0 -1 0 1387.025 -9.289 -2732.168 1386.093 -9.453 -2733.094 1387.968 -9.126 -2731.235 cv-spatula-rim-02a
492 0 25 96 0 -1 0 1369.705 0.179 -2803.176 1368.765 0.015 -2804.110 1370.640 0.344 -2802.251 cv-spatula-rim-02a
493 0 55 1066 0 -1 0 1448.494 -17.718 -2791.176 1447.906 -20.282 -2791.891 1449.750 -16.438 -2790.391 cv-bluecrystal
494 0 55 1096 0 -1 0 1226.977 -19.906 -2897.907 1226.546 -21.672 -2898.547 1227.312 -19.250 -2896.641 cv-bluecrystal
495 0 55 1125 0 -1 0 1226.189 -19.887 -2897.966 1225.750 -21.266 -2898.407 1226.578 -19.172 -2896.953 cv-bluecrystal
496 0 44 1010 0 -1 0 1279.680 -32.074 -2846.312 1277.718 -34.047 -2847.578 1280.375 -30.485 -2845.422 cv-webbase-02
497 0 44 1012 0 -1 0 1268.247 -32.074 -2854.322 1266.281 -34.047 -2855.594 1268.953 -30.485 -2853.438 cv-webbase-02
498 0 44 1014 0 -1 0 1257.165 -32.074 -2864.509 1255.203 -34.047 -2865.782 1257.874 -30.485 -2863.625 cv-webbase-02
499 0 55 1102 0 -1 0 1438.138 3.990 -2713.416 1437.765 2.546 -2714.000 1438.516 4.531 -2712.110 cv-bluecrystal
500 0 55 1117 0 -1 0 1338.681 -15.614 -2880.642 1338.109 -16.938 -2880.922 1339.062 -15.000 -2880.360 cv-bluecrystal
501 0 55 1108 0 -1 0 1451.355 -18.340 -2790.762 1451.109 -19.735 -2791.047 1451.609 -17.735 -2790.453 cv-bluecrystal
502 0 55 1120 0 -1 0 1258.741 -21.198 -2886.349 1258.515 -22.532 -2886.704 1259.015 -20.656 -2886.157 cv-bluecrystal
503 0 55 1081 0 -1 0 1334.624 -15.877 -2879.356 1334.249 -17.016 -2879.719 1335.015 -15.422 -2879.016 cv-bluecrystal
504 0 55 1069 0 -1 0 1448.116 -19.320 -2789.665 1447.781 -20.375 -2790.016 1448.734 -18.891 -2789.219 cv-bluecrystal
505 0 55 1075 0 -1 0 1308.197 18.243 -2746.234 1307.765 17.328 -2746.532 1308.531 18.609 -2745.938 cv-bluecrystal
506 0 55 1063 0 -1 0 1388.638 2.000 -2841.477 1388.312 1.187 -2842.188 1388.953 2.359 -2841.094 cv-bluecrystal
507 0 55 1114 0 -1 0 1249.040 -22.597 -2833.501 1248.734 -23.547 -2833.735 1249.265 -22.235 -2833.282 cv-bluecrystal
508 0 41 955 0 -1 0 1412.743 -33.340 -2831.173 1410.828 -34.282 -2832.391 1414.687 -32.703 -2829.766 cv-stal-01-merge
509 0 55 1087 0 -1 0 1251.261 -24.146 -2834.379 1250.624 -24.735 -2834.719 1251.515 -23.891 -2834.109 cv-bluecrystal
510 0 43 1010 0 -1 0 1280.208 -29.964 -2846.450 1279.141 -30.485 -2846.875 1282.250 -28.922 -2845.750 cv-webbase
511 0 43 1012 0 -1 0 1268.781 -29.964 -2854.459 1267.718 -30.485 -2854.891 1270.812 -28.922 -2853.766 cv-webbase
512 0 43 1014 0 -1 0 1257.701 -29.964 -2864.646 1256.624 -30.485 -2865.079 1259.734 -28.922 -2863.954 cv-webbase
513 0 31 389 0 -1 0 1215.284 -12.748 -2957.158 1214.359 -14.594 -2959.734 1216.390 -11.375 -2954.297 cv-wallbumps-all
514 0 28 165 0 -1 0 1427.263 14.684 -2849.797 1425.468 12.906 -2851.813 1429.422 15.703 -2848.594 cv-wall-02-2x2
515 0 28 188 0 -1 0 1351.320 -39.302 -2725.029 1349.671 -41.328 -2725.203 1353.015 -37.407 -2724.813 cv-wall-02-2x2
516 0 28 228 0 -1 0 1442.966 49.187 -2758.735 1441.015 48.953 -2760.125 1444.937 49.484 -2757.078 cv-wall-02-2x2
517 0 28 396 0 -1 0 1437.562 49.362 -2761.602 1435.531 49.125 -2763.203 1439.656 49.484 -2760.156 cv-wall-02-2x2
518 0 28 502 0 -1 0 1219.440 -10.464 -2915.388 1218.734 -11.813 -2916.844 1221.344 -10.109 -2914.251 cv-wall-02-2x2
519 0 31 675 0 -1 0 1317.075 -38.980 -2758.729 1316.875 -40.875 -2760.407 1317.515 -37.078 -2757.032 cv-wallbumps-all
520 0 31 686 0 -1 0 1463.318 18.255 -2754.729 1463.015 16.281 -2756.375 1463.406 20.234 -2752.969 cv-wallbumps-all
521 0 31 704 0 -1 0 1438.885 18.133 -2848.391 1437.640 16.140 -2849.484 1439.906 20.281 -2846.907 cv-wallbumps-all
522 0 31 486 0 -1 0 1327.125 18.948 -2864.307 1325.234 17.734 -2865.766 1329.609 21.125 -2862.875 cv-wallbumps-all
523 0 36 783 0 -1 0 1346.755 -24.105 -2865.571 1344.656 -24.703 -2867.344 1349.093 -23.766 -2863.969 cv-floorfringe-03-2x2
524 0 36 786 0 -1 0 1237.849 -25.599 -2910.305 1235.687 -25.641 -2912.282 1240.187 -25.484 -2908.297 cv-floorfringe-03-2x2
525 0 36 765 0 -1 0 1451.080 -23.938 -2751.131 1449.171 -23.938 -2752.953 1452.999 -23.938 -2749.328 cv-floorfringe-03-2x2
526 0 38 768 0 -1 0 1443.908 -23.938 -2770.263 1441.843 -23.938 -2772.251 1445.750 -23.938 -2768.282 cv-floorfringe-02-2x2
527 0 38 780 0 -1 0 1382.638 -23.766 -2793.188 1380.578 -23.891 -2795.626 1384.609 -23.672 -2791.000 cv-floorfringe-02-2x2
528 0 38 776 0 -1 0 1329.739 -25.607 -2863.399 1327.281 -27.079 -2865.704 1331.796 -24.547 -2860.954 cv-floorfringe-02-2x2
529 0 38 788 0 -1 0 1209.687 -24.940 -2952.284 1207.672 -25.094 -2954.282 1211.749 -24.735 -2950.188 cv-floorfringe-02-2x2
530 0 41 930 0 -1 0 1412.482 -15.979 -2721.117 1411.156 -16.953 -2722.282 1413.359 -15.172 -2720.422 cv-stal-01-merge
531 0 41 972 0 -1 0 1330.903 -35.584 -2711.547 1329.390 -37.203 -2712.516 1331.749 -34.828 -2710.953 cv-stal-01-merge
532 0 41 977 0 -1 0 1345.729 46.961 -2837.834 1344.234 46.156 -2839.313 1346.797 48.281 -2836.813 cv-stal-01-merge
533 0 41 982 0 -1 0 1291.531 26.843 -2802.477 1290.250 25.812 -2803.079 1292.594 28.453 -2801.844 cv-stal-01-merge
534 0 41 983 0 -1 0 1329.276 42.956 -2849.154 1327.672 41.781 -2850.188 1330.297 44.016 -2847.610 cv-stal-01-merge
535 0 41 355 0 -1 0 1339.062 -15.654 -2871.623 1337.156 -16.500 -2872.532 1339.906 -14.766 -2869.828 cv-stal-01-merge
536 0 100 237 0 -1 0 1392.656 48.976 -2755.407 1392.046 48.187 -2757.219 1394.031 50.703 -2753.578 cv-wallbumps-all-02
537 0 100 396 0 -1 0 1437.562 49.362 -2761.602 1435.531 49.125 -2763.203 1439.656 49.484 -2760.156 cv-wallbumps-all-02
538 0 28 249 0 -1 0 1414.836 -5.167 -2728.495 1413.515 -7.031 -2729.219 1416.156 -3.266 -2727.438 cv-wall-02-2x2
539 0 100 759 0 -1 0 1212.794 -11.529 -2929.201 1211.484 -12.656 -2929.782 1215.219 -10.610 -2928.454 cv-wallbumps-all-02
540 0 41 984 0 -1 0 1325.005 42.919 -2857.672 1323.625 42.062 -2858.688 1325.937 43.656 -2856.188 cv-stal-01-merge
541 0 41 993 0 -1 0 1253.862 44.789 -2863.623 1252.359 44.062 -2864.672 1254.812 45.656 -2862.001 cv-stal-01-merge
542 0 28 179 0 -1 0 1310.289 26.471 -2740.073 1308.828 24.453 -2740.407 1312.046 28.437 -2739.782 cv-wall-02-2x2
543 0 28 377 0 -1 0 1260.192 -23.615 -2820.847 1259.531 -24.266 -2821.969 1260.609 -22.313 -2819.422 cv-wall-02-2x2
544 0 31 179 0 -1 0 1310.289 26.471 -2740.073 1308.828 24.453 -2740.407 1312.046 28.437 -2739.782 cv-wallbumps-all
545 0 41 184 0 -1 0 1322.706 14.622 -2729.474 1321.281 13.781 -2730.125 1324.078 15.297 -2728.813 cv-stal-01-merge
546 0 36 784 0 -1 0 1264.278 -24.068 -2811.466 1261.922 -24.141 -2812.891 1266.375 -24.016 -2809.969 cv-floorfringe-03-2x2
547 0 102 468 0 -1 0 1337.640 -31.454 -2711.639 1336.328 -33.453 -2712.266 1339.078 -29.454 -2711.125 cv-wall-02-2x2-bumps
548 0 41 514 0 -1 0 1346.770 37.877 -2869.771 1345.843 37.015 -2870.469 1347.968 38.672 -2868.625 cv-stal-01-merge
549 0 28 241 0 -1 0 1450.799 4.935 -2758.870 1449.484 3.547 -2760.094 1452.218 6.265 -2757.563 cv-wall-02-2x2
550 0 28 388 0 -1 0 1225.630 -20.120 -2898.016 1224.437 -21.547 -2898.891 1226.937 -18.625 -2897.110 cv-wall-02-2x2
551 0 31 388 0 -1 0 1225.630 -20.120 -2898.016 1224.437 -21.547 -2898.891 1226.937 -18.625 -2897.110 cv-wallbumps-all
552 0 41 998 0 -1 0 1331.461 2.146 -2882.029 1330.750 1.468 -2883.250 1332.515 2.593 -2880.297 cv-stal-01-merge
553 0 31 382 0 -1 0 1242.862 -14.031 -2858.500 1242.562 -15.282 -2859.501 1243.781 -13.235 -2857.282 cv-wallbumps-all
554 0 21 0 0 -1 0 1322.772 -4.166 -2729.689 1322.187 -4.453 -2730.219 1323.296 -3.938 -2729.094 cv-supportpole-endtri-2x2x2
555 0 41 966 0 -1 0 1310.909 26.989 -2784.084 1310.125 26.546 -2785.735 1311.499 27.312 -2782.578 cv-stal-01-merge
556 0 41 989 0 -1 0 1354.299 -0.821 -2865.146 1353.265 -1.625 -2866.532 1354.937 0.172 -2864.125 cv-stal-01-merge
557 0 21 4 0 -1 0 1329.955 -35.703 -2729.802 1329.359 -35.953 -2730.313 1330.593 -35.516 -2729.250 cv-supportpole-endtri-2x2x2
558 0 41 999 0 -1 0 1254.177 -10.581 -2884.888 1253.312 -11.188 -2886.610 1254.625 -9.735 -2883.375 cv-stal-01-merge
559 0 98 451 0 -1 0 1357.086 30.250 -2709.245 1356.421 28.250 -2710.204 1357.640 32.250 -2708.391 cv-wallbumps-all-high
560 0 28 233 0 -1 0 1381.263 37.466 -2719.042 1379.937 36.125 -2719.391 1382.422 38.718 -2718.562 cv-wall-02-2x2
561 0 100 233 0 -1 0 1381.263 37.466 -2719.042 1379.937 36.125 -2719.391 1382.422 38.718 -2718.562 cv-wallbumps-all-02
562 0 28 298 0 -1 0 1390.880 -16.180 -2833.125 1390.109 -17.891 -2833.938 1391.531 -14.297 -2832.813 cv-wall-02-2x2
563 0 31 298 0 -1 0 1390.880 -16.180 -2833.125 1390.109 -17.891 -2833.938 1391.531 -14.297 -2832.813 cv-wallbumps-all
564 0 28 155 0 -1 0 1433.765 37.310 -2801.394 1433.406 35.812 -2802.344 1434.187 38.734 -2800.266 cv-wall-02-2x2
565 0 100 155 0 -1 0 1433.765 37.310 -2801.394 1433.406 35.812 -2802.344 1434.187 38.734 -2800.266 cv-wallbumps-all-02
566 0 100 1224 0 -1 0 1358.250 -27.737 -2707.898 1357.609 -29.641 -2708.391 1359.078 -25.844 -2707.688 cv-wallbumps-all-02
567 0 41 933 0 -1 0 1432.984 -43.758 -2725.617 1432.484 -45.141 -2726.141 1433.265 -43.047 -2724.609 cv-stal-01-merge
568 0 42 933 0 -1 0 1433.000 -42.414 -2725.331 1432.484 -43.094 -2725.688 1433.265 -41.110 -2724.609 cv-stal-01
569 0 21 12 0 -1 0 1329.902 -36.450 -2741.598 1329.328 -36.719 -2742.172 1330.515 -36.251 -2741.094 cv-supportpole-endtri-2x2x2
570 0 21 3 0 -1 0 1321.553 -26.328 -2728.457 1320.969 -26.610 -2728.985 1322.093 -26.109 -2727.860 cv-supportpole-endtri-2x2x2
571 0 21 7 0 -1 0 1322.342 -35.203 -2737.056 1321.734 -35.453 -2737.626 1322.875 -35.016 -2736.516 cv-supportpole-endtri-2x2x2
572 0 21 9 0 -1 0 1322.152 -43.532 -2727.578 1321.656 -43.563 -2727.969 1322.593 -43.500 -2727.157 cv-supportpole-endtri-2x2x2
573 0 21 6 0 -1 0 1329.504 -52.938 -2730.137 1329.062 -52.938 -2730.547 1329.937 -52.938 -2729.672 cv-supportpole-endtri-2x2x2
574 0 21 14 0 -1 0 1330.161 -53.688 -2741.701 1329.718 -53.703 -2742.157 1330.578 -53.672 -2741.234 cv-supportpole-endtri-2x2x2
575 0 21 11 0 -1 0 1322.541 -52.443 -2736.798 1322.109 -52.453 -2737.282 1322.937 -52.438 -2736.360 cv-supportpole-endtri-2x2x2
576 0 21 2 0 -1 0 1322.449 -21.396 -2729.198 1321.953 -21.422 -2729.578 1322.890 -21.375 -2728.781 cv-supportpole-endtri-2x2x2
577 0 28 139 0 -1 0 1431.260 22.916 -2707.891 1430.703 22.250 -2708.204 1432.375 24.250 -2707.735 cv-wall-02-2x2
578 0 28 141 0 -1 0 1419.026 45.682 -2727.281 1417.874 45.500 -2728.078 1420.656 45.859 -2725.703 cv-wall-02-2x2
579 0 28 142 0 -1 0 1424.156 46.234 -2724.787 1422.562 46.203 -2726.266 1425.437 46.249 -2723.828 cv-wall-02-2x2
580 0 28 143 0 -1 0 1456.250 35.052 -2757.886 1455.593 34.328 -2758.657 1457.015 35.749 -2756.829 cv-wall-02-2x2
581 0 28 144 0 -1 0 1463.375 25.593 -2754.141 1463.359 24.265 -2754.750 1463.406 26.265 -2752.969 cv-wall-02-2x2
582 0 28 146 0 -1 0 1407.167 32.812 -2721.490 1407.015 31.609 -2722.938 1407.328 33.594 -2720.391 cv-wall-02-2x2
583 0 28 147 0 -1 0 1407.453 10.031 -2724.834 1406.953 9.218 -2725.688 1408.297 11.000 -2724.078 cv-wall-02-2x2
584 0 28 148 0 -1 0 1396.390 48.047 -2755.932 1395.562 47.766 -2757.125 1397.671 48.187 -2755.313 cv-wall-02-2x2
585 0 28 149 0 -1 0 1391.609 56.198 -2756.026 1391.203 55.234 -2757.219 1392.046 56.891 -2755.422 cv-wall-02-2x2
586 0 28 151 0 -1 0 1375.651 10.223 -2706.183 1375.406 8.953 -2706.954 1376.140 10.984 -2704.672 cv-wall-02-2x2
587 0 28 152 0 -1 0 1375.135 11.223 -2707.662 1374.594 10.437 -2709.125 1375.406 12.500 -2706.922 cv-wall-02-2x2
588 0 28 153 0 -1 0 1393.010 -28.401 -2728.005 1391.937 -29.641 -2728.547 1393.547 -27.735 -2727.734 cv-wall-02-2x2
589 0 28 154 0 -1 0 1449.739 22.620 -2772.995 1448.937 21.891 -2773.985 1450.234 23.531 -2772.469 cv-wall-02-2x2
590 0 28 159 0 -1 0 1424.375 50.474 -2786.636 1423.656 49.890 -2787.797 1425.796 50.844 -2786.031 cv-wall-02-2x2
591 0 28 161 0 -1 0 1398.703 51.833 -2781.214 1397.656 51.093 -2781.797 1399.281 52.906 -2780.891 cv-wall-02-2x2
592 0 28 162 0 -1 0 1446.589 17.583 -2813.183 1445.797 16.250 -2814.047 1446.984 18.250 -2812.751 cv-wall-02-2x2
593 0 28 164 0 -1 0 1436.948 9.182 -2834.578 1436.250 9.015 -2835.532 1438.109 9.469 -2833.875 cv-wall-02-2x2
594 0 28 166 0 -1 0 1424.552 9.896 -2848.427 1423.890 8.640 -2848.625 1425.859 10.531 -2848.125 cv-wall-02-2x2
595 0 28 167 0 -1 0 1389.703 44.474 -2828.052 1389.015 43.843 -2828.735 1390.750 45.593 -2826.766 cv-wall-02-2x2
596 0 28 169 0 -1 0 1371.197 26.755 -2824.183 1370.828 25.906 -2825.375 1371.484 27.953 -2823.485 cv-wall-02-2x2
597 0 28 171 0 -1 0 1378.687 -18.229 -2766.698 1378.375 -18.953 -2767.610 1378.875 -16.781 -2765.891 cv-wall-02-2x2
598 0 28 172 0 -1 0 1444.406 -20.490 -2822.667 1443.547 -21.110 -2823.313 1445.969 -20.157 -2821.516 cv-wall-02-2x2
599 0 28 173 0 -1 0 1420.140 -4.583 -2833.927 1418.828 -5.078 -2834.625 1420.875 -3.594 -2833.578 cv-wall-02-2x2
600 0 28 174 0 -1 0 1421.328 -5.667 -2833.464 1420.672 -6.844 -2833.578 1422.594 -5.078 -2833.250 cv-wall-02-2x2
601 0 28 175 0 -1 0 1438.219 -20.183 -2834.079 1437.531 -21.016 -2835.032 1438.937 -19.547 -2832.875 cv-wall-02-2x2
602 0 28 176 0 -1 0 1442.021 -20.485 -2826.381 1440.390 -21.360 -2826.594 1442.844 -18.860 -2826.235 cv-wall-02-2x2
603 0 28 177 0 -1 0 1437.927 -20.563 -2832.016 1437.593 -21.828 -2832.875 1438.187 -19.875 -2830.688 cv-wall-02-2x2
604 0 28 180 0 -1 0 1331.916 49.307 -2752.610 1330.890 48.984 -2753.126 1333.390 49.953 -2751.750 cv-wall-02-2x2
605 0 28 181 0 -1 0 1325.849 14.896 -2725.604 1324.531 14.828 -2726.938 1327.219 15.015 -2724.219 cv-wall-02-2x2
606 0 28 182 0 -1 0 1326.870 14.989 -2722.604 1325.219 14.906 -2723.610 1327.844 15.109 -2722.000 cv-wall-02-2x2
607 0 28 183 0 -1 0 1318.552 15.271 -2728.162 1317.718 15.094 -2729.313 1319.250 15.421 -2726.516 cv-wall-02-2x2
608 0 28 186 0 -1 0 1308.239 43.234 -2756.563 1306.765 42.781 -2757.844 1309.156 43.500 -2755.875 cv-wall-02-2x2
609 0 28 187 0 -1 0 1298.635 -9.641 -2794.985 1298.312 -10.922 -2795.906 1298.968 -8.906 -2793.813 cv-wall-02-2x2
610 0 28 189 0 -1 0 1315.421 -18.787 -2733.407 1314.828 -19.453 -2734.047 1315.718 -17.453 -2732.204 cv-wall-02-2x2
611 0 28 192 0 -1 0 1371.713 25.099 -2836.329 1370.828 23.781 -2837.344 1372.296 25.765 -2835.813 cv-wall-02-2x2
612 0 28 193 0 -1 0 1363.974 19.052 -2834.250 1363.578 18.437 -2834.734 1364.594 20.234 -2833.313 cv-wall-02-2x2
613 0 28 194 0 -1 0 1365.614 22.698 -2836.964 1364.125 22.453 -2837.469 1366.843 22.828 -2836.078 cv-wall-02-2x2
614 0 28 195 0 -1 0 1362.359 43.182 -2840.662 1360.297 43.031 -2841.578 1363.437 43.281 -2839.203 cv-wall-02-2x2
615 0 28 197 0 -1 0 1329.739 47.307 -2810.250 1328.593 46.672 -2810.438 1330.312 48.562 -2809.891 cv-wall-02-2x2
616 0 28 198 0 -1 0 1324.937 55.370 -2828.573 1323.671 54.203 -2828.922 1325.578 56.172 -2828.360 cv-wall-02-2x2
617 0 28 199 0 -1 0 1312.833 25.349 -2858.162 1312.109 23.922 -2858.376 1314.219 26.328 -2857.766 cv-wall-02-2x2
618 0 28 200 0 -1 0 1315.203 23.802 -2858.250 1314.015 22.781 -2858.500 1315.953 25.203 -2858.016 cv-wall-02-2x2
619 0 28 205 0 -1 0 1279.776 22.291 -2803.021 1279.109 21.562 -2803.984 1280.375 23.203 -2802.172 cv-wall-02-2x2
620 0 28 206 0 -1 0 1261.583 35.177 -2807.990 1260.453 34.515 -2808.625 1263.031 35.593 -2807.656 cv-wall-02-2x2
621 0 28 207 0 -1 0 1265.505 35.328 -2807.412 1264.828 34.750 -2807.844 1266.468 36.422 -2807.016 cv-wall-02-2x2
622 0 28 214 0 -1 0 1234.864 -10.224 -2879.599 1233.312 -10.594 -2880.328 1237.219 -9.953 -2878.438 cv-wall-02-2x2
623 0 28 215 0 -1 0 1243.338 -10.308 -2877.104 1242.359 -10.641 -2878.406 1244.578 -9.751 -2875.797 cv-wall-02-2x2
624 0 28 216 0 -1 0 1238.510 -9.974 -2873.182 1236.765 -10.422 -2874.109 1240.437 -9.735 -2871.907 cv-wall-02-2x2
625 0 28 217 0 -1 0 1246.604 -9.011 -2878.146 1245.765 -9.188 -2879.469 1247.156 -8.766 -2876.657 cv-wall-02-2x2
626 0 28 218 0 -1 0 1244.359 -11.125 -2870.542 1242.499 -11.469 -2871.454 1245.515 -10.656 -2869.891 cv-wall-02-2x2
627 0 28 219 0 -1 0 1416.286 37.911 -2709.323 1415.719 37.718 -2710.766 1417.374 38.265 -2708.266 cv-wall-02-2x2
628 0 28 221 0 -1 0 1440.442 21.583 -2715.011 1440.156 20.250 -2715.938 1440.969 22.250 -2714.547 cv-wall-02-2x2
629 0 28 222 0 -1 0 1441.099 18.916 -2724.287 1441.047 18.250 -2724.922 1441.156 20.250 -2723.032 cv-wall-02-2x2
630 0 28 223 0 -1 0 1419.594 13.193 -2706.985 1418.640 11.469 -2707.125 1421.031 14.062 -2706.750 cv-wall-02-2x2
631 0 28 224 0 -1 0 1463.224 30.828 -2755.704 1462.953 30.156 -2757.188 1463.359 32.124 -2754.954 cv-wall-02-2x2
632 0 28 225 0 -1 0 1450.896 7.843 -2746.865 1449.921 7.031 -2747.610 1451.453 8.969 -2746.376 cv-wall-02-2x2
633 0 28 226 0 -1 0 1454.401 15.005 -2746.016 1453.062 14.296 -2746.188 1455.094 16.234 -2745.719 cv-wall-02-2x2
634 0 28 227 0 -1 0 1455.578 18.901 -2746.401 1455.031 18.219 -2746.750 1456.609 20.234 -2746.219 cv-wall-02-2x2
635 0 28 229 0 -1 0 1437.760 38.161 -2729.214 1437.609 36.999 -2730.047 1437.875 39.547 -2728.485 cv-wall-02-2x2
636 0 28 230 0 -1 0 1412.073 23.864 -2709.105 1410.828 23.141 -2709.657 1412.921 24.750 -2708.469 cv-wall-02-2x2
637 0 28 231 0 -1 0 1398.375 33.562 -2717.542 1398.343 32.250 -2719.031 1398.422 34.234 -2716.766 cv-wall-02-2x2
638 0 28 232 0 -1 0 1415.114 21.823 -2708.584 1414.093 20.375 -2709.078 1415.625 22.734 -2708.329 cv-wall-02-2x2
639 0 28 234 0 -1 0 1374.021 18.817 -2709.948 1373.687 18.047 -2710.406 1374.625 20.203 -2709.110 cv-wall-02-2x2
640 0 28 235 0 -1 0 1375.656 14.880 -2706.177 1375.406 14.281 -2706.938 1376.140 16.062 -2704.672 cv-wall-02-2x2
641 0 28 236 0 -1 0 1371.843 51.572 -2737.724 1371.140 50.437 -2737.844 1373.250 52.140 -2737.484 cv-wall-02-2x2
642 0 28 237 0 -1 0 1393.057 48.651 -2754.787 1392.546 48.187 -2755.422 1394.031 48.953 -2753.578 cv-wall-02-2x2
643 0 28 238 0 -1 0 1387.708 57.562 -2759.266 1386.656 57.093 -2760.203 1389.203 57.999 -2758.751 cv-wall-02-2x2
644 0 28 239 0 -1 0 1440.130 2.786 -2728.865 1439.281 1.687 -2729.797 1441.296 3.609 -2728.344 cv-wall-02-2x2
645 0 28 242 0 -1 0 1451.937 1.098 -2748.625 1450.593 0.312 -2748.907 1452.750 1.890 -2748.313 cv-wall-02-2x2
646 0 28 244 0 -1 0 1420.088 -23.375 -2719.854 1419.124 -23.735 -2720.922 1420.719 -23.000 -2719.266 cv-wall-02-2x2
647 0 28 245 0 -1 0 1413.744 -15.594 -2723.089 1412.999 -15.797 -2724.016 1414.874 -15.251 -2722.282 cv-wall-02-2x2
648 0 28 246 0 -1 0 1426.291 -1.828 -2720.084 1425.468 -1.922 -2720.766 1427.249 -1.735 -2718.813 cv-wall-02-2x2
649 0 28 247 0 -1 0 1417.765 -2.620 -2725.724 1417.390 -3.906 -2726.266 1418.093 -1.938 -2724.703 cv-wall-02-2x2
650 0 28 248 0 -1 0 1425.427 -8.105 -2716.568 1424.093 -8.735 -2716.594 1426.093 -6.844 -2716.516 cv-wall-02-2x2
651 0 28 251 0 -1 0 1437.729 -1.834 -2719.776 1437.156 -2.766 -2720.203 1438.781 -1.297 -2719.172 cv-wall-02-2x2
652 0 28 254 0 -1 0 1447.984 -23.912 -2762.068 1447.312 -23.938 -2762.907 1449.328 -23.875 -2760.688 cv-wall-02-2x2
653 0 28 255 0 -1 0 1416.468 -22.479 -2715.151 1415.250 -23.313 -2715.391 1417.453 -21.328 -2714.828 cv-wall-02-2x2
654 0 28 258 0 -1 0 1431.896 48.083 -2811.886 1431.375 46.718 -2812.500 1432.703 49.343 -2810.782 cv-wall-02-2x2
655 0 28 259 0 -1 0 1446.765 40.724 -2789.579 1446.406 39.968 -2790.907 1446.953 42.141 -2788.891 cv-wall-02-2x2
656 0 28 260 0 -1 0 1443.119 48.656 -2789.631 1442.312 47.906 -2790.422 1444.312 49.828 -2789.110 cv-wall-02-2x2
657 0 28 261 0 -1 0 1410.411 48.406 -2783.266 1409.265 47.406 -2783.625 1411.078 48.937 -2782.704 cv-wall-02-2x2
658 0 28 262 0 -1 0 1413.703 38.562 -2831.901 1413.046 37.656 -2832.312 1415.000 39.421 -2831.625 cv-wall-02-2x2
659 0 28 263 0 -1 0 1427.640 35.781 -2832.880 1426.390 34.265 -2833.688 1428.281 36.859 -2832.250 cv-wall-02-2x2
660 0 28 264 0 -1 0 1425.536 34.010 -2836.229 1424.843 32.969 -2837.469 1426.671 35.484 -2834.954 cv-wall-02-2x2
661 0 28 265 0 -1 0 1424.484 53.338 -2824.235 1423.750 52.234 -2824.781 1425.812 53.922 -2823.954 cv-wall-02-2x2
662 0 28 266 0 -1 0 1429.359 22.588 -2848.995 1428.797 21.891 -2849.766 1430.203 23.953 -2848.063 cv-wall-02-2x2
663 0 28 267 0 -1 0 1432.140 0.041 -2836.365 1431.343 -0.500 -2837.610 1432.953 0.484 -2835.359 cv-wall-02-2x2
664 0 28 268 0 -1 0 1387.073 57.927 -2819.229 1386.687 56.266 -2819.766 1387.265 58.953 -2818.157 cv-wall-02-2x2
665 0 28 269 0 -1 0 1372.177 46.354 -2810.058 1371.343 45.718 -2811.344 1373.281 46.781 -2809.375 cv-wall-02-2x2
666 0 28 270 0 -1 0 1387.588 38.916 -2830.193 1386.968 37.437 -2830.641 1388.625 39.766 -2829.953 cv-wall-02-2x2
667 0 28 271 0 -1 0 1393.765 32.739 -2832.641 1392.484 32.031 -2833.157 1394.437 34.093 -2832.188 cv-wall-02-2x2
668 0 28 272 0 -1 0 1395.609 32.338 -2833.704 1394.437 31.656 -2834.485 1397.140 33.265 -2833.157 cv-wall-02-2x2
669 0 28 273 0 -1 0 1397.921 27.333 -2845.063 1396.609 26.609 -2845.844 1398.796 28.187 -2843.672 cv-wall-02-2x2
670 0 28 274 0 -1 0 1402.276 30.755 -2839.182 1401.015 30.250 -2839.719 1403.000 31.656 -2838.250 cv-wall-02-2x2
671 0 28 275 0 -1 0 1402.161 24.635 -2846.021 1401.140 23.390 -2846.938 1403.359 25.500 -2845.328 cv-wall-02-2x2
672 0 28 276 0 -1 0 1406.911 11.229 -2842.818 1406.140 11.124 -2843.875 1407.499 11.297 -2841.610 cv-wall-02-2x2
673 0 28 277 0 -1 0 1402.406 11.229 -2844.969 1401.359 11.124 -2846.391 1403.140 11.297 -2844.047 cv-wall-02-2x2
674 0 28 278 0 -1 0 1368.880 13.781 -2831.073 1368.281 12.531 -2831.188 1370.078 14.422 -2831.000 cv-wall-02-2x2
675 0 28 279 0 -1 0 1454.812 -9.459 -2789.719 1454.469 -10.688 -2790.875 1455.125 -8.797 -2789.094 cv-wall-02-2x2
676 0 28 280 0 -1 0 1440.843 -23.792 -2796.031 1439.968 -23.938 -2797.360 1441.594 -23.500 -2795.359 cv-wall-02-2x2
677 0 28 281 0 -1 0 1409.307 -16.089 -2762.490 1408.078 -16.579 -2763.344 1410.328 -15.532 -2761.751 cv-wall-02-2x2
678 0 28 282 0 -1 0 1411.125 -11.948 -2771.433 1410.328 -12.172 -2772.766 1412.140 -11.500 -2770.766 cv-wall-02-2x2
679 0 28 283 0 -1 0 1398.661 -14.964 -2778.188 1398.171 -15.485 -2779.250 1399.375 -14.313 -2777.344 cv-wall-02-2x2
680 0 28 284 0 -1 0 1377.620 -15.802 -2770.917 1376.703 -16.781 -2771.516 1378.140 -14.531 -2770.500 cv-wall-02-2x2
681 0 28 285 0 -1 0 1377.734 -14.162 -2788.557 1377.359 -14.829 -2789.766 1378.390 -12.829 -2787.906 cv-wall-02-2x2
682 0 28 286 0 -1 0 1381.677 -11.506 -2783.105 1380.953 -12.829 -2783.329 1382.984 -10.844 -2782.688 cv-wall-02-2x2
683 0 28 287 0 -1 0 1443.802 -20.052 -2819.120 1443.562 -21.000 -2819.704 1443.953 -18.734 -2818.031 cv-wall-02-2x2
684 0 28 288 0 -1 0 1419.297 -24.521 -2839.500 1417.859 -25.782 -2839.844 1420.016 -23.844 -2838.891 cv-wall-02-2x2
685 0 28 289 0 -1 0 1411.802 -22.990 -2836.115 1410.828 -23.469 -2837.360 1412.609 -22.610 -2834.344 cv-wall-02-2x2
686 0 28 290 0 -1 0 1418.573 -15.344 -2834.599 1418.187 -15.860 -2835.641 1418.922 -14.391 -2833.938 cv-wall-02-2x2
687 0 28 291 0 -1 0 1423.552 -28.224 -2837.047 1423.281 -29.485 -2837.797 1424.062 -27.516 -2835.579 cv-wall-02-2x2
688 0 28 292 0 -1 0 1434.474 -38.011 -2838.506 1433.421 -38.657 -2838.969 1435.062 -36.766 -2837.579 cv-wall-02-2x2
689 0 28 293 0 -1 0 1379.557 -1.714 -2824.552 1378.859 -2.938 -2824.985 1379.906 -1.063 -2823.719 cv-wall-02-2x2
690 0 28 294 0 -1 0 1386.416 -2.219 -2830.584 1385.781 -3.250 -2831.891 1387.328 -1.657 -2829.532 cv-wall-02-2x2
691 0 28 295 0 -1 0 1372.323 -11.250 -2831.818 1372.125 -12.047 -2832.516 1372.656 -9.704 -2830.704 cv-wall-02-2x2
692 0 28 297 0 -1 0 1405.328 -20.750 -2837.073 1405.297 -22.032 -2837.891 1405.344 -20.078 -2835.469 cv-wall-02-2x2
693 0 28 299 0 -1 0 1390.651 -26.490 -2831.146 1389.500 -26.907 -2831.797 1391.953 -26.282 -2830.157 cv-wall-02-2x2
694 0 28 300 0 -1 0 1374.193 27.073 -2710.188 1372.984 26.219 -2710.657 1375.219 28.594 -2709.563 cv-wall-02-2x2
695 0 28 301 0 -1 0 1371.870 37.541 -2708.605 1371.265 36.234 -2709.532 1373.078 38.218 -2708.032 cv-wall-02-2x2
696 0 28 302 0 -1 0 1349.140 18.468 -2718.927 1348.641 17.312 -2720.000 1349.797 19.062 -2718.360 cv-wall-02-2x2
697 0 28 304 0 -1 0 1351.073 1.317 -2722.823 1349.969 0.750 -2722.938 1351.984 2.375 -2722.610 cv-wall-02-2x2
698 0 28 306 0 -1 0 1367.296 58.125 -2741.318 1365.937 57.594 -2742.204 1368.124 58.766 -2740.860 cv-wall-02-2x2
699 0 28 307 0 -1 0 1318.666 45.083 -2737.552 1318.343 44.734 -2739.219 1318.937 45.531 -2735.985 cv-wall-02-2x2
700 0 28 308 0 -1 0 1334.765 22.770 -2717.693 1333.734 21.593 -2718.126 1335.390 23.968 -2717.407 cv-wall-02-2x2
701 0 28 309 0 -1 0 1324.979 29.505 -2723.011 1323.953 28.406 -2723.735 1325.515 30.218 -2722.625 cv-wall-02-2x2
702 0 28 310 0 -1 0 1323.521 -3.891 -2729.276 1322.656 -4.251 -2729.938 1325.109 -3.500 -2728.188 cv-wall-02-2x2
703 0 28 311 0 -1 0 1328.057 -4.141 -2725.557 1326.828 -4.313 -2726.438 1329.453 -3.922 -2724.375 cv-wall-02-2x2
704 0 28 312 0 -1 0 1317.843 0.776 -2740.271 1317.468 -0.234 -2740.938 1318.203 2.125 -2739.579 cv-wall-02-2x2
705 0 28 313 0 -1 0 1317.385 42.333 -2765.448 1316.468 42.250 -2766.204 1318.874 42.406 -2764.204 cv-wall-02-2x2
706 0 28 314 0 -1 0 1308.822 29.583 -2771.938 1308.187 28.250 -2772.360 1310.093 30.250 -2771.626 cv-wall-02-2x2
707 0 28 315 0 -1 0 1313.479 36.218 -2793.688 1312.500 35.515 -2794.454 1313.968 37.015 -2793.016 cv-wall-02-2x2
708 0 28 316 0 -1 0 1313.859 46.557 -2788.057 1312.984 45.734 -2789.438 1314.484 46.968 -2786.985 cv-wall-02-2x2
709 0 28 317 0 -1 0 1306.505 39.541 -2799.167 1305.374 38.656 -2799.719 1307.234 40.812 -2798.562 cv-wall-02-2x2
710 0 28 318 0 -1 0 1304.187 41.364 -2797.709 1303.625 40.124 -2798.235 1305.265 41.984 -2797.438 cv-wall-02-2x2
711 0 28 319 0 -1 0 1298.854 26.260 -2795.016 1297.890 25.531 -2795.953 1299.375 26.672 -2794.532 cv-wall-02-2x2
712 0 28 320 0 -1 0 1300.401 30.781 -2796.813 1299.437 29.422 -2797.172 1301.750 31.640 -2796.391 cv-wall-02-2x2
713 0 28 321 0 -1 0 1302.463 14.588 -2792.224 1302.234 13.922 -2793.672 1302.921 15.922 -2791.500 cv-wall-02-2x2
714 0 28 322 0 -1 0 1343.239 -0.620 -2724.870 1342.531 -1.985 -2725.032 1344.203 0.578 -2724.563 cv-wall-02-2x2
715 0 28 326 0 -1 0 1328.218 0.625 -2725.110 1327.468 0.531 -2725.953 1329.203 0.718 -2723.860 cv-wall-02-2x2
716 0 28 327 0 -1 0 1322.312 -39.250 -2727.026 1321.859 -39.578 -2728.234 1323.109 -38.953 -2725.938 cv-wall-02-2x2
717 0 28 328 0 -1 0 1328.495 -39.047 -2723.115 1327.703 -39.109 -2724.188 1330.015 -38.953 -2722.485 cv-wall-02-2x2
718 0 28 331 0 -1 0 1311.583 -23.448 -2745.099 1310.874 -24.250 -2745.938 1311.937 -22.079 -2744.672 cv-wall-02-2x2
719 0 28 332 0 -1 0 1309.364 -16.974 -2750.412 1309.281 -18.235 -2751.016 1309.531 -16.344 -2749.203 cv-wall-02-2x2
720 0 28 333 0 -1 0 1317.390 -41.625 -2740.891 1317.250 -42.985 -2741.985 1317.531 -40.813 -2740.329 cv-wall-02-2x2
721 0 28 334 0 -1 0 1317.260 -23.527 -2785.876 1316.234 -24.266 -2786.454 1318.031 -22.204 -2785.235 cv-wall-02-2x2
722 0 28 335 0 -1 0 1326.359 -32.151 -2778.896 1325.281 -32.312 -2779.688 1326.937 -31.985 -2778.063 cv-wall-02-2x2
723 0 28 336 0 -1 0 1362.192 47.036 -2808.818 1360.906 46.453 -2809.297 1362.875 48.140 -2808.172 cv-wall-02-2x2
724 0 28 337 0 -1 0 1362.849 13.770 -2835.063 1362.125 12.500 -2835.984 1363.218 14.406 -2834.594 cv-wall-02-2x2
725 0 28 338 0 -1 0 1365.594 21.609 -2845.339 1364.406 20.312 -2845.781 1366.296 22.281 -2845.063 cv-wall-02-2x2
726 0 28 339 0 -1 0 1363.411 19.052 -2845.381 1362.844 18.421 -2845.594 1364.531 20.312 -2845.250 cv-wall-02-2x2
727 0 28 340 0 -1 0 1343.125 22.021 -2867.438 1342.469 20.875 -2867.750 1344.312 22.890 -2867.172 cv-wall-02-2x2
728 0 28 341 0 -1 0 1339.870 23.750 -2871.193 1339.187 23.656 -2872.422 1340.921 23.844 -2870.375 cv-wall-02-2x2
729 0 28 342 0 -1 0 1332.625 22.609 -2866.969 1332.000 20.906 -2867.203 1333.703 24.172 -2866.782 cv-wall-02-2x2
730 0 28 343 0 -1 0 1325.474 45.416 -2793.282 1324.281 45.250 -2794.578 1326.234 45.515 -2792.532 cv-wall-02-2x2
731 0 28 344 0 -1 0 1334.244 51.203 -2824.084 1333.671 50.234 -2824.516 1335.265 52.703 -2823.485 cv-wall-02-2x2
732 0 28 345 0 -1 0 1329.380 47.041 -2823.500 1328.203 45.640 -2823.782 1329.984 47.922 -2823.172 cv-wall-02-2x2
733 0 28 346 0 -1 0 1294.968 47.120 -2818.865 1294.234 46.625 -2819.704 1296.375 48.062 -2817.907 cv-wall-02-2x2
734 0 28 347 0 -1 0 1305.770 45.297 -2816.896 1304.468 44.234 -2817.313 1306.421 45.953 -2816.141 cv-wall-02-2x2
735 0 28 349 0 -1 0 1307.099 52.849 -2820.547 1306.468 52.281 -2820.954 1308.359 53.797 -2820.313 cv-wall-02-2x2
736 0 28 350 0 -1 0 1322.041 52.260 -2819.683 1321.921 51.484 -2820.313 1322.250 53.672 -2818.532 cv-wall-02-2x2
737 0 28 351 0 -1 0 1329.734 47.729 -2834.542 1328.593 46.968 -2835.750 1331.265 48.187 -2833.641 cv-wall-02-2x2
738 0 28 352 0 -1 0 1370.192 -10.495 -2835.922 1368.593 -10.969 -2836.453 1371.000 -9.875 -2835.266 cv-wall-02-2x2
739 0 28 353 0 -1 0 1368.916 -8.886 -2840.516 1367.546 -9.079 -2841.250 1370.593 -8.688 -2839.719 cv-wall-02-2x2
740 0 28 354 0 -1 0 1354.317 0.333 -2875.870 1354.109 -0.328 -2876.438 1354.656 1.656 -2874.750 cv-wall-02-2x2
741 0 28 355 0 -1 0 1338.708 -15.917 -2872.839 1337.156 -15.969 -2873.735 1339.906 -15.829 -2872.250 cv-wall-02-2x2
742 0 28 356 0 -1 0 1344.359 -23.068 -2868.448 1343.390 -23.610 -2869.110 1345.656 -21.985 -2867.657 cv-wall-02-2x2
743 0 28 357 0 -1 0 1339.802 -17.162 -2868.474 1338.859 -17.672 -2869.828 1340.797 -16.500 -2867.797 cv-wall-02-2x2
744 0 28 358 0 -1 0 1313.020 -5.245 -2867.698 1312.859 -6.516 -2868.516 1313.343 -4.609 -2866.063 cv-wall-02-2x2
745 0 28 359 0 -1 0 1294.745 47.401 -2797.167 1293.453 46.828 -2797.625 1295.781 48.124 -2796.516 cv-wall-02-2x2
746 0 28 360 0 -1 0 1290.646 33.885 -2802.839 1290.250 32.859 -2803.501 1291.343 34.672 -2801.766 cv-wall-02-2x2
747 0 28 361 0 -1 0 1272.026 37.786 -2807.365 1270.906 36.999 -2807.688 1273.140 38.906 -2806.953 cv-wall-02-2x2
748 0 28 362 0 -1 0 1259.880 37.401 -2817.302 1259.265 35.515 -2818.016 1260.578 38.531 -2816.407 cv-wall-02-2x2
749 0 28 363 0 -1 0 1253.135 29.343 -2822.162 1252.672 28.031 -2822.672 1254.062 30.031 -2821.203 cv-wall-02-2x2
750 0 28 364 0 -1 0 1271.807 46.588 -2815.912 1270.984 46.375 -2817.001 1273.218 46.968 -2815.344 cv-wall-02-2x2
751 0 28 365 0 -1 0 1270.067 47.656 -2819.391 1268.765 47.515 -2820.609 1270.765 47.734 -2818.719 cv-wall-02-2x2
752 0 28 366 0 -1 0 1267.630 47.427 -2824.740 1266.765 46.218 -2825.282 1268.609 48.046 -2823.828 cv-wall-02-2x2
753 0 28 367 0 -1 0 1262.692 45.557 -2824.385 1261.969 44.828 -2825.172 1263.156 45.922 -2823.203 cv-wall-02-2x2
754 0 28 369 0 -1 0 1251.812 5.385 -2828.782 1251.046 4.921 -2829.735 1252.859 6.015 -2828.000 cv-wall-02-2x2
755 0 28 370 0 -1 0 1275.349 49.995 -2852.355 1274.687 49.609 -2853.750 1276.672 50.297 -2851.657 cv-wall-02-2x2
756 0 28 371 0 -1 0 1253.703 14.640 -2829.167 1253.266 13.969 -2829.641 1254.531 15.844 -2828.282 cv-wall-02-2x2
757 0 28 372 0 -1 0 1236.859 49.515 -2872.995 1235.625 49.484 -2873.860 1237.500 49.531 -2871.876 cv-wall-02-2x2
758 0 28 374 0 -1 0 1262.192 -0.146 -2810.240 1261.546 -0.641 -2810.782 1262.812 0.844 -2809.266 cv-wall-02-2x2
759 0 28 375 0 -1 0 1249.489 -8.094 -2839.485 1249.406 -8.844 -2840.219 1249.640 -6.751 -2838.282 cv-wall-02-2x2
760 0 28 381 0 -1 0 1247.193 3.666 -2840.110 1247.015 2.687 -2841.626 1247.328 5.531 -2839.203 cv-wall-02-2x2
761 0 28 383 0 -1 0 1248.828 -13.209 -2848.995 1248.593 -14.438 -2850.188 1248.969 -12.594 -2848.391 cv-wall-02-2x2
762 0 28 384 0 -1 0 1353.151 -8.995 -2875.657 1352.718 -10.329 -2876.251 1353.609 -8.328 -2874.547 cv-wall-02-2x2
763 0 28 390 0 -1 0 1214.583 -9.719 -2937.469 1212.984 -10.250 -2938.438 1215.719 -9.375 -2936.360 cv-wall-02-2x2
764 0 28 391 0 -1 0 1216.010 -9.500 -2926.500 1214.968 -9.782 -2927.031 1217.187 -9.297 -2925.594 cv-wall-02-2x2
765 0 28 392 0 -1 0 1188.744 -12.214 -2976.157 1188.062 -12.563 -2977.032 1190.031 -11.735 -2974.751 cv-wall-02-2x2
766 0 28 393 0 -1 0 1432.505 38.046 -2720.219 1431.703 37.750 -2721.282 1433.187 38.375 -2719.047 cv-wall-02-2x2
767 0 28 394 0 -1 0 1451.447 22.817 -2745.807 1450.499 22.078 -2745.922 1452.859 24.218 -2745.657 cv-wall-02-2x2
768 0 28 395 0 -1 0 1431.125 48.682 -2764.281 1429.297 48.266 -2764.844 1432.468 49.000 -2763.219 cv-wall-02-2x2
769 0 28 397 0 -1 0 1445.500 14.969 -2735.922 1445.390 14.296 -2737.110 1445.703 16.172 -2735.282 cv-wall-02-2x2
770 0 28 398 0 -1 0 1397.994 41.317 -2722.110 1397.984 39.890 -2723.219 1398.015 42.078 -2721.391 cv-wall-02-2x2
771 0 28 399 0 -1 0 1379.432 59.270 -2743.323 1378.234 59.140 -2744.078 1380.047 59.469 -2742.469 cv-wall-02-2x2
772 0 28 400 0 -1 0 1384.448 58.093 -2740.631 1383.515 57.453 -2741.047 1385.874 58.437 -2739.813 cv-wall-02-2x2
773 0 28 401 0 -1 0 1420.489 0.193 -2722.865 1419.484 -0.828 -2723.094 1420.999 1.484 -2722.625 cv-wall-02-2x2
774 0 28 402 0 -1 0 1425.057 -18.016 -2724.146 1424.328 -19.000 -2724.547 1426.359 -17.516 -2723.641 cv-wall-02-2x2
775 0 28 403 0 -1 0 1429.062 -17.125 -2724.026 1428.218 -17.610 -2724.735 1429.969 -16.485 -2723.001 cv-wall-02-2x2
776 0 28 404 0 -1 0 1428.536 -16.084 -2720.224 1427.296 -16.219 -2721.235 1429.219 -15.985 -2718.969 cv-wall-02-2x2
777 0 28 405 0 -1 0 1426.692 -16.188 -2717.636 1425.984 -16.312 -2718.704 1427.984 -16.094 -2717.032 cv-wall-02-2x2
778 0 28 406 0 -1 0 1410.057 -15.146 -2717.829 1409.328 -15.360 -2718.969 1411.156 -14.875 -2717.188 cv-wall-02-2x2
779 0 28 407 0 -1 0 1425.104 -34.709 -2716.245 1424.468 -35.344 -2716.516 1426.375 -33.438 -2716.110 cv-wall-02-2x2
780 0 28 408 0 -1 0 1421.442 -23.927 -2718.766 1420.719 -24.125 -2719.438 1422.562 -23.735 -2717.485 cv-wall-02-2x2
781 0 28 411 0 -1 0 1445.104 27.541 -2791.948 1443.656 27.046 -2792.485 1446.171 28.047 -2790.875 cv-wall-02-2x2
782 0 28 413 0 -1 0 1411.943 53.625 -2796.464 1410.640 53.031 -2796.641 1412.594 54.812 -2796.375 cv-wall-02-2x2
783 0 28 416 0 -1 0 1442.916 28.500 -2813.230 1441.921 27.625 -2814.188 1444.453 28.937 -2812.751 cv-wall-02-2x2
784 0 28 417 0 -1 0 1439.073 33.583 -2818.870 1439.062 32.250 -2819.501 1439.078 34.250 -2817.610 cv-wall-02-2x2
785 0 28 418 0 -1 0 1439.526 29.583 -2822.584 1439.375 28.406 -2823.313 1439.812 30.187 -2821.282 cv-wall-02-2x2
786 0 28 419 0 -1 0 1443.989 24.994 -2823.474 1443.265 24.750 -2824.312 1445.266 25.312 -2822.235 cv-wall-02-2x2
787 0 28 421 0 -1 0 1433.723 30.734 -2841.568 1432.937 30.484 -2842.766 1434.203 31.172 -2840.234 cv-wall-02-2x2
788 0 28 422 0 -1 0 1416.198 47.869 -2826.745 1414.984 47.359 -2827.001 1416.922 48.859 -2826.235 cv-wall-02-2x2
789 0 28 424 0 -1 0 1399.083 59.432 -2813.849 1398.047 58.922 -2815.000 1400.203 60.125 -2813.094 cv-wall-02-2x2
790 0 28 425 0 -1 0 1418.812 44.318 -2828.766 1417.625 43.687 -2829.188 1420.234 45.531 -2827.953 cv-wall-02-2x2
791 0 28 426 0 -1 0 1399.437 44.609 -2828.672 1397.984 44.016 -2829.016 1401.203 45.515 -2827.984 cv-wall-02-2x2
792 0 28 427 0 -1 0 1404.854 39.797 -2831.349 1403.640 38.687 -2831.422 1405.468 41.359 -2831.203 cv-wall-02-2x2
793 0 28 428 0 -1 0 1402.302 41.354 -2831.131 1401.672 39.781 -2831.141 1403.562 42.562 -2831.125 cv-wall-02-2x2
794 0 28 429 0 -1 0 1412.406 35.500 -2833.808 1411.203 34.172 -2835.079 1413.031 36.390 -2832.891 cv-wall-02-2x2
795 0 28 430 0 -1 0 1412.234 -0.157 -2836.724 1411.140 -0.281 -2837.750 1412.999 0.015 -2835.891 cv-wall-02-2x2
796 0 28 431 0 -1 0 1382.167 29.812 -2827.454 1381.922 28.406 -2828.172 1382.625 30.594 -2826.313 cv-wall-02-2x2
797 0 28 434 0 -1 0 1371.948 30.219 -2836.209 1371.015 29.578 -2837.094 1372.421 31.500 -2835.750 cv-wall-02-2x2
798 0 28 435 0 -1 0 1369.723 35.729 -2838.953 1368.749 34.672 -2840.016 1370.734 36.625 -2837.891 cv-wall-02-2x2
799 0 28 436 0 -1 0 1384.015 6.234 -2839.141 1383.656 5.031 -2840.438 1384.656 6.843 -2838.469 cv-wall-02-2x2
800 0 28 437 0 -1 0 1386.187 13.630 -2842.860 1385.812 12.359 -2843.891 1386.937 14.265 -2842.344 cv-wall-02-2x2
801 0 28 438 0 -1 0 1421.536 -0.329 -2772.854 1420.859 -0.610 -2773.719 1422.516 0.156 -2772.344 cv-wall-02-2x2
802 0 28 439 0 -1 0 1419.354 -17.740 -2779.927 1418.671 -18.563 -2780.797 1419.796 -17.125 -2779.250 cv-wall-02-2x2
803 0 28 440 0 -1 0 1374.120 -6.120 -2770.016 1373.328 -7.063 -2770.547 1374.531 -4.813 -2769.657 cv-wall-02-2x2
804 0 28 441 0 -1 0 1380.880 -6.209 -2783.808 1380.515 -6.860 -2785.032 1381.422 -4.907 -2783.172 cv-wall-02-2x2
805 0 28 443 0 -1 0 1445.062 6.349 -2797.886 1444.625 4.531 -2798.782 1445.922 7.546 -2797.188 cv-wall-02-2x2
806 0 28 444 0 -1 0 1428.666 -38.907 -2809.693 1427.843 -39.907 -2810.469 1429.281 -37.672 -2808.219 cv-wall-02-2x2
807 0 28 445 0 -1 0 1415.687 -32.573 -2833.162 1414.687 -33.313 -2833.766 1416.218 -31.563 -2832.391 cv-wall-02-2x2
808 0 28 446 0 -1 0 1417.260 -39.573 -2837.063 1416.906 -40.891 -2837.735 1417.484 -38.907 -2835.719 cv-wall-02-2x2
809 0 28 447 0 -1 0 1377.578 -34.167 -2829.782 1376.796 -35.032 -2830.126 1378.046 -32.906 -2829.141 cv-wall-02-2x2
810 0 28 448 0 -1 0 1397.708 -38.547 -2841.198 1396.421 -38.751 -2842.297 1399.453 -38.266 -2840.266 cv-wall-02-2x2
811 0 28 449 0 -1 0 1399.041 -37.849 -2844.073 1397.640 -38.110 -2844.531 1400.312 -37.610 -2843.359 cv-wall-02-2x2
812 0 28 450 0 -1 0 1355.385 22.948 -2719.105 1355.359 22.297 -2719.703 1355.422 24.250 -2717.922 cv-wall-02-2x2
813 0 28 452 0 -1 0 1343.120 13.943 -2718.287 1341.891 13.671 -2719.282 1343.797 14.156 -2717.594 cv-wall-02-2x2
814 0 28 453 0 -1 0 1334.099 22.172 -2723.104 1333.359 21.797 -2724.219 1334.843 22.531 -2722.266 cv-wall-02-2x2
815 0 28 454 0 -1 0 1336.421 -3.906 -2725.240 1335.203 -5.125 -2725.438 1337.249 -2.203 -2724.907 cv-wall-02-2x2
816 0 28 455 0 -1 0 1332.343 -0.146 -2724.407 1331.171 -0.500 -2725.000 1333.125 0.109 -2723.469 cv-wall-02-2x2
817 0 28 457 0 -1 0 1340.120 47.713 -2729.292 1339.234 47.468 -2730.547 1341.437 47.922 -2728.657 cv-wall-02-2x2
818 0 28 458 0 -1 0 1341.192 56.479 -2786.959 1340.734 56.203 -2788.204 1342.109 57.015 -2786.219 cv-wall-02-2x2
819 0 28 462 0 -1 0 1340.791 46.552 -2764.115 1339.718 46.297 -2764.672 1342.265 46.796 -2763.203 cv-wall-02-2x2
820 0 28 463 0 -1 0 1305.698 38.625 -2768.662 1305.234 38.093 -2769.532 1306.531 39.688 -2768.016 cv-wall-02-2x2
821 0 28 464 0 -1 0 1299.276 32.510 -2796.079 1298.093 31.640 -2796.391 1300.296 33.296 -2795.579 cv-wall-02-2x2
822 0 28 466 0 -1 0 1316.203 -2.334 -2785.641 1315.625 -3.359 -2787.219 1316.812 -1.469 -2784.501 cv-wall-02-2x2
823 0 28 467 0 -1 0 1295.468 1.557 -2792.521 1294.422 0.406 -2793.250 1296.281 2.203 -2791.938 cv-wall-02-2x2
824 0 28 469 0 -1 0 1317.927 -11.990 -2782.302 1317.593 -12.703 -2783.750 1318.109 -10.688 -2781.563 cv-wall-02-2x2
825 0 28 470 0 -1 0 1318.104 -8.105 -2778.375 1317.922 -8.735 -2779.594 1318.265 -6.844 -2777.751 cv-wall-02-2x2
826 0 28 471 0 -1 0 1317.755 -13.162 -2777.209 1317.656 -14.422 -2777.782 1317.812 -12.531 -2776.094 cv-wall-02-2x2
827 0 28 472 0 -1 0 1371.906 52.619 -2806.203 1371.234 51.749 -2806.250 1373.250 54.000 -2806.110 cv-wall-02-2x2
828 0 28 473 0 -1 0 1371.421 44.557 -2813.828 1369.906 44.156 -2814.953 1372.609 45.031 -2813.047 cv-wall-02-2x2
829 0 28 474 0 -1 0 1334.734 53.291 -2827.907 1333.969 52.641 -2828.469 1336.218 54.093 -2826.844 cv-wall-02-2x2
830 0 28 475 0 -1 0 1356.036 23.895 -2862.464 1355.406 22.875 -2862.907 1356.672 25.249 -2862.047 cv-wall-02-2x2
831 0 28 476 0 -1 0 1361.671 41.156 -2846.651 1360.124 40.390 -2848.344 1362.624 41.765 -2845.547 cv-wall-02-2x2
832 0 28 477 0 -1 0 1314.922 56.494 -2837.204 1314.234 56.406 -2837.844 1316.172 56.671 -2836.016 cv-wall-02-2x2
833 0 28 478 0 -1 0 1311.073 56.599 -2833.677 1310.203 56.422 -2834.532 1312.344 56.859 -2832.141 cv-wall-02-2x2
834 0 28 479 0 -1 0 1305.791 52.901 -2840.927 1304.390 52.062 -2841.891 1306.515 54.359 -2839.922 cv-wall-02-2x2
835 0 28 480 0 -1 0 1309.599 56.364 -2837.485 1308.281 56.109 -2838.094 1310.265 56.656 -2836.313 cv-wall-02-2x2
836 0 28 481 0 -1 0 1313.546 55.521 -2842.490 1312.234 55.281 -2843.797 1314.203 55.641 -2841.782 cv-wall-02-2x2
837 0 28 482 0 -1 0 1363.770 15.010 -2860.959 1363.249 14.375 -2861.156 1364.812 16.265 -2860.625 cv-wall-02-2x2
838 0 28 483 0 -1 0 1365.770 21.338 -2859.990 1364.812 20.078 -2860.625 1366.249 21.969 -2859.672 cv-wall-02-2x2
839 0 28 484 0 -1 0 1363.458 11.218 -2845.282 1362.844 10.468 -2845.485 1364.594 12.609 -2845.110 cv-wall-02-2x2
840 0 28 486 0 -1 0 1326.474 19.645 -2864.323 1325.234 18.546 -2864.719 1327.109 21.125 -2864.016 cv-wall-02-2x2
841 0 28 488 0 -1 0 1311.870 -16.636 -2866.469 1311.672 -17.907 -2867.032 1312.265 -15.985 -2865.344 cv-wall-02-2x2
842 0 28 490 0 -1 0 1285.619 22.500 -2806.844 1284.843 21.718 -2807.594 1286.140 23.547 -2805.891 cv-wall-02-2x2
843 0 28 492 0 -1 0 1270.463 39.166 -2874.615 1269.219 38.734 -2875.422 1271.406 39.468 -2873.219 cv-wall-02-2x2
844 0 28 493 0 -1 0 1249.744 48.500 -2848.891 1247.578 48.140 -2850.641 1251.718 49.156 -2847.031 cv-wall-02-2x2
845 0 28 494 0 -1 0 1246.042 48.401 -2863.141 1245.188 48.187 -2864.859 1247.515 48.812 -2861.625 cv-wall-02-2x2
846 0 28 496 0 -1 0 1336.760 3.661 -2884.703 1335.906 2.359 -2885.312 1337.234 4.859 -2883.938 cv-wall-02-2x2
847 0 28 497 0 -1 0 1341.552 4.599 -2889.552 1340.500 3.812 -2889.688 1342.109 5.718 -2889.297 cv-wall-02-2x2
848 0 28 499 0 -1 0 1237.567 -12.240 -2892.068 1236.812 -12.563 -2893.219 1238.718 -11.750 -2891.266 cv-wall-02-2x2
849 0 28 500 0 -1 0 1243.083 -10.130 -2889.948 1242.265 -10.360 -2891.125 1243.968 -9.875 -2889.188 cv-wall-02-2x2
850 0 28 503 0 -1 0 1217.989 -17.240 -2913.318 1217.890 -18.313 -2914.031 1218.140 -16.625 -2911.954 cv-wall-02-2x2
851 0 28 504 0 -1 0 1204.463 -13.151 -2987.287 1203.671 -14.297 -2987.422 1205.718 -12.375 -2987.094 cv-wall-02-2x2
852 0 28 506 0 -1 0 1423.302 22.620 -2853.891 1421.984 21.922 -2854.516 1424.000 23.984 -2853.234 cv-wall-02-2x2
853 0 28 509 0 -1 0 1415.344 -24.328 -2830.011 1414.312 -24.594 -2831.407 1415.953 -23.891 -2829.078 cv-wall-02-2x2
854 0 28 510 0 -1 0 1366.817 -17.756 -2798.651 1366.469 -19.079 -2799.078 1367.031 -16.094 -2797.938 cv-wall-02-2x2
855 0 28 511 0 -1 0 1343.515 38.245 -2869.828 1342.843 38.031 -2870.578 1344.640 38.656 -2868.813 cv-wall-02-2x2
856 0 28 512 0 -1 0 1339.812 38.198 -2873.667 1339.000 38.047 -2874.360 1340.999 38.438 -2872.501 cv-wall-02-2x2
857 0 28 513 0 -1 0 1349.823 38.484 -2872.532 1348.890 38.249 -2873.500 1350.812 38.750 -2871.376 cv-wall-02-2x2
858 0 28 514 0 -1 0 1347.166 38.166 -2871.089 1346.437 37.984 -2872.469 1347.968 38.469 -2870.328 cv-wall-02-2x2
859 0 28 515 0 -1 0 1259.698 0.734 -2816.271 1259.171 -0.078 -2817.375 1260.703 1.547 -2815.376 cv-wall-02-2x2
860 0 31 516 0 -1 0 1426.374 26.916 -2706.745 1425.093 26.250 -2706.828 1427.015 28.250 -2706.578 cv-wallbumps-all
861 0 31 517 0 -1 0 1454.916 39.031 -2755.438 1454.734 38.391 -2756.672 1455.094 40.250 -2754.812 cv-wallbumps-all
862 0 31 518 0 -1 0 1454.198 45.583 -2757.766 1454.000 44.250 -2758.406 1454.562 46.249 -2756.609 cv-wallbumps-all
863 0 31 519 0 -1 0 1390.797 11.411 -2705.302 1390.156 10.750 -2705.860 1391.187 12.500 -2704.203 cv-wallbumps-all
864 0 31 520 0 -1 0 1398.219 22.989 -2716.240 1397.812 22.250 -2716.876 1398.422 24.312 -2715.063 cv-wallbumps-all
865 0 31 521 0 -1 0 1394.422 25.651 -2711.641 1393.906 24.250 -2712.422 1395.312 26.359 -2711.235 cv-wallbumps-all
866 0 31 522 0 -1 0 1390.589 43.411 -2710.646 1390.000 42.297 -2711.172 1391.562 45.156 -2710.126 cv-wallbumps-all
867 0 31 523 0 -1 0 1383.437 46.719 -2710.037 1382.812 45.188 -2710.297 1384.656 47.609 -2709.735 cv-wallbumps-all
868 0 31 524 0 -1 0 1385.870 43.750 -2709.901 1384.687 42.953 -2710.110 1386.484 45.344 -2709.563 cv-wallbumps-all
869 0 31 525 0 -1 0 1387.114 48.443 -2722.167 1386.484 48.422 -2723.032 1388.374 48.453 -2720.625 cv-wallbumps-all
870 0 31 526 0 -1 0 1389.624 48.286 -2719.584 1388.374 48.218 -2721.172 1390.249 48.422 -2718.610 cv-wallbumps-all
871 0 31 527 0 -1 0 1375.677 20.656 -2706.177 1375.421 19.609 -2706.938 1376.156 21.390 -2704.672 cv-wallbumps-all
872 0 31 529 0 -1 0 1380.687 58.614 -2741.485 1380.031 58.297 -2742.469 1381.984 59.140 -2740.938 cv-wallbumps-all
873 0 31 530 0 -1 0 1388.838 58.245 -2754.672 1388.125 57.812 -2755.359 1390.156 58.546 -2753.438 cv-wallbumps-all
874 0 31 532 0 -1 0 1446.281 -0.516 -2738.120 1445.953 -1.141 -2739.188 1446.828 0.687 -2737.562 cv-wallbumps-all
875 0 31 533 0 -1 0 1461.578 10.297 -2758.032 1460.750 9.031 -2758.704 1462.265 10.937 -2756.860 cv-wallbumps-all
876 0 31 534 0 -1 0 1446.589 26.588 -2782.829 1446.203 25.343 -2783.797 1447.219 27.547 -2782.328 cv-wallbumps-all
877 0 31 535 0 -1 0 1444.791 17.885 -2794.427 1444.250 16.359 -2794.750 1445.859 18.890 -2793.844 cv-wallbumps-all
878 0 31 536 0 -1 0 1444.630 14.916 -2797.584 1443.203 14.249 -2797.844 1445.344 16.250 -2797.078 cv-wallbumps-all
879 0 31 537 0 -1 0 1441.791 21.442 -2797.776 1441.093 20.265 -2798.204 1443.093 22.047 -2797.312 cv-wallbumps-all
880 0 31 538 0 -1 0 1442.395 27.531 -2792.927 1441.374 26.968 -2793.766 1443.656 28.094 -2792.485 cv-wallbumps-all
881 0 31 539 0 -1 0 1446.979 7.083 -2812.068 1446.968 6.453 -2812.751 1446.984 8.344 -2810.703 cv-wallbumps-all
882 0 31 541 0 -1 0 1432.322 48.875 -2777.579 1430.640 48.875 -2778.047 1433.640 48.875 -2776.688 cv-wallbumps-all
883 0 31 542 0 -1 0 1430.948 42.786 -2829.089 1429.906 41.672 -2829.953 1431.859 43.469 -2828.516 cv-wallbumps-all
884 0 31 543 0 -1 0 1439.260 38.249 -2823.235 1439.187 38.249 -2825.001 1439.343 38.249 -2821.407 cv-wallbumps-all
885 0 31 544 0 -1 0 1439.318 34.916 -2816.412 1439.062 34.250 -2817.610 1439.453 36.250 -2815.812 cv-wallbumps-all
886 0 31 545 0 -1 0 1439.057 37.583 -2818.870 1439.031 36.250 -2819.501 1439.078 38.249 -2817.610 cv-wallbumps-all
887 0 31 546 0 -1 0 1409.150 23.364 -2849.282 1408.953 22.718 -2850.563 1409.406 24.546 -2848.282 cv-wallbumps-all
888 0 31 547 0 -1 0 1394.109 29.625 -2844.000 1392.828 28.687 -2844.813 1394.781 30.109 -2843.532 cv-wallbumps-all
889 0 31 548 0 -1 0 1371.510 8.385 -2831.323 1371.312 7.515 -2832.594 1371.890 9.406 -2829.891 cv-wallbumps-all
890 0 31 549 0 -1 0 1367.682 11.500 -2831.506 1366.562 10.937 -2831.766 1368.281 12.531 -2831.188 cv-wallbumps-all
891 0 31 550 0 -1 0 1405.130 -19.474 -2834.162 1404.859 -20.157 -2835.469 1405.344 -18.125 -2833.328 cv-wallbumps-all
892 0 31 551 0 -1 0 1432.505 -39.230 -2836.573 1431.984 -40.501 -2837.579 1433.421 -38.578 -2836.062 cv-wallbumps-all
893 0 31 552 0 -1 0 1435.739 -31.933 -2830.938 1435.453 -33.078 -2832.016 1436.094 -31.329 -2830.391 cv-wallbumps-all
894 0 31 553 0 -1 0 1380.130 -13.511 -2827.271 1379.859 -14.313 -2828.329 1380.374 -12.625 -2826.438 cv-wallbumps-all
895 0 31 555 0 -1 0 1355.307 30.916 -2719.099 1355.281 30.250 -2719.688 1355.343 32.250 -2717.922 cv-wallbumps-all
896 0 31 556 0 -1 0 1355.197 33.583 -2716.526 1355.171 32.250 -2717.922 1355.249 34.250 -2715.828 cv-wallbumps-all
897 0 31 557 0 -1 0 1375.562 57.916 -2741.224 1374.078 57.453 -2742.047 1376.468 58.734 -2740.797 cv-wallbumps-all
898 0 31 558 0 -1 0 1369.583 56.755 -2744.011 1368.765 56.109 -2744.282 1370.844 58.015 -2743.828 cv-wallbumps-all
899 0 31 559 0 -1 0 1300.677 34.833 -2755.266 1300.547 34.281 -2756.453 1300.937 35.937 -2754.672 cv-wallbumps-all
900 0 31 560 0 -1 0 1304.255 41.572 -2752.078 1303.406 40.437 -2753.063 1304.859 42.703 -2751.000 cv-wallbumps-all
901 0 31 561 0 -1 0 1309.953 42.578 -2759.052 1309.156 42.406 -2759.734 1311.297 42.781 -2757.844 cv-wallbumps-all
902 0 31 562 0 -1 0 1320.796 8.167 -2724.745 1320.250 7.531 -2725.094 1321.890 9.437 -2724.047 cv-wallbumps-all
903 0 31 564 0 -1 0 1319.771 6.901 -2725.417 1318.812 5.640 -2726.063 1320.250 7.531 -2725.094 cv-wallbumps-all
904 0 31 565 0 -1 0 1291.088 39.911 -2797.584 1290.468 39.031 -2798.032 1292.218 41.312 -2796.751 cv-wallbumps-all
905 0 31 566 0 -1 0 1298.646 46.547 -2797.646 1298.156 45.437 -2798.391 1299.469 47.906 -2796.609 cv-wallbumps-all
906 0 31 568 0 -1 0 1368.010 21.260 -2847.756 1367.468 20.203 -2848.407 1368.406 21.797 -2846.672 cv-wallbumps-all
907 0 31 199 0 -1 0 1311.724 25.166 -2858.953 1310.890 23.922 -2860.141 1312.171 25.796 -2858.344 cv-wallbumps-all
908 0 31 570 0 -1 0 1316.385 29.343 -2857.724 1315.796 28.265 -2858.235 1317.375 29.906 -2857.375 cv-wallbumps-all
909 0 31 571 0 -1 0 1366.671 7.411 -2859.224 1366.249 6.781 -2859.672 1367.515 8.671 -2858.329 cv-wallbumps-all
910 0 31 572 0 -1 0 1368.213 13.739 -2857.329 1367.515 12.469 -2858.329 1368.562 14.375 -2856.828 cv-wallbumps-all
911 0 31 573 0 -1 0 1302.349 10.682 -2791.021 1302.234 9.999 -2791.594 1302.547 11.922 -2789.969 cv-wallbumps-all
912 0 31 574 0 -1 0 1354.776 4.328 -2873.464 1354.546 3.656 -2874.703 1354.906 5.656 -2872.813 cv-wallbumps-all
913 0 31 575 0 -1 0 1280.088 45.145 -2824.000 1279.625 44.156 -2825.110 1280.969 46.234 -2822.969 cv-wallbumps-all
914 0 31 576 0 -1 0 1266.172 47.786 -2829.855 1265.656 46.547 -2830.532 1266.922 48.406 -2828.516 cv-wallbumps-all
915 0 31 577 0 -1 0 1254.328 25.146 -2811.188 1253.922 23.922 -2811.844 1254.562 25.765 -2809.907 cv-wallbumps-all
916 0 31 578 0 -1 0 1253.729 22.640 -2808.672 1253.624 21.922 -2809.922 1253.906 23.953 -2808.016 cv-wallbumps-all
917 0 31 579 0 -1 0 1255.146 30.682 -2820.724 1254.062 30.031 -2821.203 1255.719 31.922 -2820.422 cv-wallbumps-all
918 0 31 580 0 -1 0 1252.250 30.895 -2829.104 1251.562 30.187 -2829.563 1252.609 32.250 -2828.204 cv-wallbumps-all
919 0 31 383 0 -1 0 1248.864 -11.948 -2849.016 1248.593 -12.594 -2850.188 1249.031 -10.656 -2848.407 cv-wallbumps-all
920 0 31 581 0 -1 0 1344.682 2.989 -2889.329 1343.672 1.656 -2889.704 1345.187 3.656 -2889.141 cv-wallbumps-all
921 0 31 582 0 -1 0 1352.276 -11.516 -2876.693 1351.734 -12.110 -2877.703 1352.718 -10.329 -2876.172 cv-wallbumps-all
922 0 31 583 0 -1 0 1347.442 2.989 -2885.432 1347.249 1.656 -2885.938 1347.828 3.656 -2884.422 cv-wallbumps-all
923 0 31 584 0 -1 0 1209.052 -9.271 -2952.224 1207.672 -9.360 -2952.938 1210.562 -9.094 -2951.812 cv-wallbumps-all
924 0 31 585 0 -1 0 1437.890 22.916 -2712.729 1437.406 22.250 -2713.406 1438.843 24.250 -2712.391 cv-wallbumps-all
925 0 31 586 0 -1 0 1439.739 25.567 -2714.167 1438.812 24.250 -2714.547 1440.250 26.234 -2713.406 cv-wallbumps-all
926 0 31 587 0 -1 0 1425.958 46.312 -2728.563 1424.468 45.844 -2729.547 1427.062 46.765 -2728.047 cv-wallbumps-all
927 0 31 588 0 -1 0 1417.646 43.010 -2722.948 1417.031 42.390 -2722.985 1418.875 44.250 -2722.907 cv-wallbumps-all
928 0 31 589 0 -1 0 1420.078 45.583 -2723.276 1418.875 44.250 -2723.407 1420.687 46.249 -2723.032 cv-wallbumps-all
929 0 31 139 0 -1 0 1431.260 21.583 -2707.891 1430.703 20.250 -2708.204 1432.375 22.250 -2707.735 cv-wallbumps-all
930 0 31 223 0 -1 0 1419.802 14.786 -2707.005 1419.109 14.047 -2707.141 1421.031 16.250 -2706.750 cv-wallbumps-all
931 0 31 232 0 -1 0 1416.208 21.661 -2708.115 1415.625 20.375 -2708.344 1417.374 22.359 -2707.672 cv-wallbumps-all
932 0 31 590 0 -1 0 1439.344 48.770 -2741.110 1437.891 48.765 -2742.110 1440.265 48.781 -2740.547 cv-wallbumps-all
933 0 31 591 0 -1 0 1374.276 44.958 -2711.870 1372.703 43.578 -2712.454 1375.156 46.031 -2711.235 cv-wallbumps-all
934 0 31 301 0 -1 0 1371.870 38.854 -2708.839 1371.265 38.171 -2709.532 1373.078 40.172 -2708.251 cv-wallbumps-all
935 0 31 592 0 -1 0 1385.166 5.692 -2701.172 1383.766 5.125 -2701.219 1385.890 6.781 -2701.110 cv-wallbumps-all
936 0 31 593 0 -1 0 1378.146 58.630 -2762.188 1376.812 58.312 -2763.359 1379.874 58.984 -2761.594 cv-wallbumps-all
937 0 31 594 0 -1 0 1383.818 57.932 -2764.084 1382.281 57.328 -2764.672 1384.969 58.234 -2763.157 cv-wallbumps-all
938 0 31 595 0 -1 0 1440.843 -5.490 -2721.110 1440.312 -6.829 -2722.203 1441.890 -4.813 -2720.563 cv-wallbumps-all
939 0 31 596 0 -1 0 1434.505 -4.230 -2717.995 1433.937 -4.907 -2718.344 1435.609 -2.906 -2717.797 cv-wallbumps-all
940 0 31 251 0 -1 0 1436.625 -1.776 -2719.412 1435.469 -2.766 -2719.954 1437.250 -1.266 -2719.109 cv-wallbumps-all
941 0 31 597 0 -1 0 1436.620 -9.370 -2718.657 1435.578 -10.641 -2718.844 1437.140 -8.735 -2718.282 cv-wallbumps-all
942 0 31 598 0 -1 0 1423.833 -32.167 -2715.969 1422.562 -33.438 -2716.110 1424.468 -31.532 -2715.688 cv-wallbumps-all
943 0 31 599 0 -1 0 1417.442 -38.506 -2715.063 1416.828 -39.141 -2715.157 1418.468 -37.250 -2714.891 cv-wallbumps-all
944 0 31 421 0 -1 0 1433.833 29.838 -2842.355 1432.937 28.484 -2842.766 1434.359 30.547 -2841.704 cv-wallbumps-all
945 0 31 600 0 -1 0 1423.177 27.151 -2852.563 1421.891 26.250 -2853.125 1423.844 28.921 -2852.000 cv-wallbumps-all
946 0 31 601 0 -1 0 1419.536 26.942 -2850.432 1419.312 26.125 -2851.922 1419.874 28.515 -2849.141 cv-wallbumps-all
947 0 31 506 0 -1 0 1424.765 21.265 -2854.058 1424.000 19.969 -2854.532 1426.281 21.922 -2853.719 cv-wallbumps-all
948 0 31 602 0 -1 0 1413.698 42.432 -2831.396 1413.031 41.359 -2831.454 1415.000 43.422 -2831.344 cv-wallbumps-all
949 0 31 603 0 -1 0 1420.073 37.776 -2832.354 1418.812 37.062 -2832.594 1420.719 38.984 -2832.219 cv-wallbumps-all
950 0 31 604 0 -1 0 1452.104 14.859 -2834.287 1452.016 14.265 -2834.891 1452.281 16.031 -2833.079 cv-wallbumps-all
951 0 31 605 0 -1 0 1387.568 54.770 -2820.266 1387.265 53.953 -2821.266 1388.172 56.266 -2819.766 cv-wallbumps-all
952 0 31 606 0 -1 0 1386.593 60.161 -2817.042 1386.546 58.953 -2818.157 1386.687 62.000 -2816.485 cv-wallbumps-all
953 0 31 607 0 -1 0 1372.333 32.807 -2831.094 1371.890 31.468 -2831.954 1372.968 33.531 -2830.375 cv-wallbumps-all
954 0 31 608 0 -1 0 1373.786 -0.255 -2834.552 1373.671 -0.781 -2835.875 1374.000 0.796 -2833.751 cv-wallbumps-all
955 0 31 609 0 -1 0 1382.146 13.630 -2834.438 1381.812 12.359 -2835.032 1382.312 14.265 -2833.250 cv-wallbumps-all
956 0 31 436 0 -1 0 1383.515 6.239 -2837.901 1383.156 5.031 -2838.516 1383.734 6.843 -2836.719 cv-wallbumps-all
957 0 31 610 0 -1 0 1383.411 3.906 -2835.573 1383.156 3.344 -2836.735 1383.578 5.000 -2834.969 cv-wallbumps-all
958 0 31 611 0 -1 0 1381.208 -18.459 -2766.953 1380.421 -19.250 -2767.563 1381.656 -17.016 -2765.781 cv-wallbumps-all
959 0 31 612 0 -1 0 1378.942 -11.146 -2767.573 1378.234 -12.563 -2767.750 1379.906 -10.297 -2767.454 cv-wallbumps-all
960 0 31 613 0 -1 0 1375.343 -15.459 -2771.959 1374.265 -16.516 -2772.594 1376.703 -13.766 -2771.516 cv-wallbumps-all
961 0 31 614 0 -1 0 1368.771 -6.761 -2793.084 1368.546 -7.422 -2793.907 1369.000 -5.454 -2792.125 cv-wallbumps-all
962 0 31 615 0 -1 0 1376.042 -14.162 -2792.276 1375.359 -14.829 -2792.485 1377.359 -12.829 -2792.016 cv-wallbumps-all
963 0 31 285 0 -1 0 1378.411 -15.818 -2788.698 1377.453 -17.797 -2789.766 1379.390 -14.829 -2788.000 cv-wallbumps-all
964 0 31 616 0 -1 0 1379.578 -18.985 -2790.157 1378.890 -19.953 -2790.891 1380.687 -17.344 -2789.125 cv-wallbumps-all
965 0 31 617 0 -1 0 1381.375 -7.526 -2783.110 1380.703 -8.859 -2783.251 1382.594 -6.860 -2782.860 cv-wallbumps-all
966 0 31 618 0 -1 0 1381.156 -10.183 -2783.901 1380.828 -10.844 -2785.157 1381.687 -8.859 -2783.251 cv-wallbumps-all
967 0 31 619 0 -1 0 1369.245 -14.058 -2795.214 1368.422 -14.829 -2796.407 1369.874 -12.829 -2794.407 cv-wallbumps-all
968 0 31 620 0 -1 0 1367.432 -11.130 -2796.766 1367.125 -12.422 -2797.766 1367.922 -10.376 -2795.422 cv-wallbumps-all
969 0 31 621 0 -1 0 1432.396 -12.766 -2832.469 1431.250 -13.094 -2833.453 1433.140 -12.578 -2831.688 cv-wallbumps-all
970 0 31 622 0 -1 0 1424.359 -21.183 -2835.031 1423.937 -22.313 -2836.141 1424.671 -20.547 -2834.203 cv-wallbumps-all
971 0 31 623 0 -1 0 1370.838 29.666 -2707.646 1369.656 28.390 -2708.047 1371.453 30.359 -2706.860 cv-wallbumps-all
972 0 31 450 0 -1 0 1355.468 21.677 -2719.115 1355.375 20.437 -2719.719 1355.609 22.297 -2717.922 cv-wallbumps-all
973 0 31 624 0 -1 0 1353.890 11.203 -2726.599 1353.312 10.562 -2726.969 1354.812 12.437 -2726.406 cv-wallbumps-all
974 0 31 625 0 -1 0 1317.026 -4.302 -2765.802 1316.921 -4.938 -2766.500 1317.188 -3.032 -2764.407 cv-wallbumps-all
975 0 31 626 0 -1 0 1316.630 -5.558 -2770.553 1316.594 -6.813 -2771.344 1316.672 -4.922 -2768.969 cv-wallbumps-all
976 0 31 627 0 -1 0 1316.885 -8.105 -2767.323 1316.687 -8.735 -2768.969 1316.984 -6.844 -2766.500 cv-wallbumps-all
977 0 31 628 0 -1 0 1343.505 -24.120 -2715.537 1343.047 -25.453 -2716.297 1344.422 -23.454 -2715.157 cv-wallbumps-all
978 0 31 629 0 -1 0 1345.302 -26.781 -2717.037 1344.390 -27.453 -2717.407 1345.781 -25.453 -2716.297 cv-wallbumps-all
979 0 31 630 0 -1 0 1317.896 -24.589 -2778.448 1317.812 -25.875 -2779.610 1318.062 -23.938 -2777.844 cv-wallbumps-all
980 0 31 631 0 -1 0 1317.187 -13.391 -2785.360 1316.719 -14.610 -2786.391 1317.593 -12.703 -2783.750 cv-wallbumps-all
981 0 31 632 0 -1 0 1318.151 -15.730 -2782.474 1318.062 -16.375 -2784.110 1318.218 -14.469 -2781.641 cv-wallbumps-all
982 0 31 633 0 -1 0 1338.671 50.942 -2793.657 1338.281 49.968 -2795.063 1339.046 51.593 -2792.953 cv-wallbumps-all
983 0 31 634 0 -1 0 1326.442 44.870 -2795.792 1325.718 44.609 -2796.719 1327.703 45.250 -2794.578 cv-wallbumps-all
984 0 31 635 0 -1 0 1329.552 45.463 -2793.006 1328.328 45.281 -2794.219 1330.437 45.562 -2792.391 cv-wallbumps-all
985 0 31 343 0 -1 0 1325.718 45.625 -2792.073 1324.281 45.484 -2792.735 1326.640 45.875 -2790.953 cv-wallbumps-all
986 0 31 636 0 -1 0 1333.135 44.791 -2796.287 1332.421 43.391 -2796.719 1334.249 46.015 -2795.969 cv-wallbumps-all
987 0 31 637 0 -1 0 1327.041 48.771 -2823.412 1326.312 47.922 -2823.578 1328.203 50.203 -2823.109 cv-wallbumps-all
988 0 31 638 0 -1 0 1337.593 51.833 -2828.568 1336.218 50.593 -2828.969 1338.343 52.641 -2828.266 cv-wallbumps-all
989 0 31 639 0 -1 0 1326.265 52.672 -2828.995 1325.562 51.453 -2829.063 1327.672 54.203 -2828.922 cv-wallbumps-all
990 0 31 640 0 -1 0 1332.953 46.156 -2832.839 1331.265 45.593 -2833.641 1333.797 46.968 -2831.625 cv-wallbumps-all
991 0 31 641 0 -1 0 1312.833 30.161 -2858.271 1312.250 29.484 -2858.625 1313.984 31.297 -2857.610 cv-wallbumps-all
992 0 31 642 0 -1 0 1368.427 -22.339 -2838.500 1367.421 -23.125 -2839.297 1369.578 -21.266 -2837.156 cv-wallbumps-all
993 0 31 643 0 -1 0 1373.062 -12.724 -2829.646 1372.656 -14.110 -2830.704 1373.281 -12.000 -2829.110 cv-wallbumps-all
994 0 31 644 0 -1 0 1372.245 -15.318 -2831.667 1372.047 -16.016 -2832.203 1372.625 -14.063 -2830.657 cv-wallbumps-all
995 0 31 645 0 -1 0 1366.396 -14.646 -2835.875 1364.937 -15.000 -2836.453 1368.000 -14.391 -2835.516 cv-wallbumps-all
996 0 31 646 0 -1 0 1365.177 -17.193 -2842.401 1363.718 -17.531 -2843.203 1366.328 -16.594 -2841.406 cv-wallbumps-all
997 0 31 647 0 -1 0 1307.999 -16.839 -2866.855 1306.968 -18.094 -2866.922 1308.578 -16.172 -2866.797 cv-wallbumps-all
998 0 31 648 0 -1 0 1258.442 4.937 -2814.068 1258.219 3.922 -2815.297 1258.797 5.640 -2812.657 cv-wallbumps-all
999 0 31 649 0 -1 0 1258.250 -3.068 -2812.672 1257.109 -3.891 -2813.141 1258.875 -2.391 -2812.126 cv-wallbumps-all
1000 0 31 217 0 -1 0 1245.849 -8.969 -2879.412 1244.625 -9.079 -2880.454 1247.156 -8.766 -2878.313 cv-wallbumps-all
1001 0 31 650 0 -1 0 1233.812 -10.703 -2882.740 1232.406 -10.969 -2883.516 1236.203 -10.438 -2881.922 cv-wallbumps-all
1002 0 31 651 0 -1 0 1232.073 -11.807 -2884.479 1231.734 -12.891 -2885.407 1232.406 -10.969 -2883.516 cv-wallbumps-all
1003 0 31 652 0 -1 0 1441.203 21.583 -2725.552 1441.093 20.250 -2726.844 1441.359 22.250 -2724.907 cv-wallbumps-all
1004 0 31 653 0 -1 0 1441.562 18.916 -2728.026 1441.249 18.250 -2728.610 1441.734 20.250 -2726.875 cv-wallbumps-all
1005 0 31 654 0 -1 0 1389.177 -30.730 -2728.104 1388.016 -31.610 -2728.516 1389.922 -29.563 -2727.641 cv-wallbumps-all
1006 0 31 655 0 -1 0 1406.224 62.145 -2804.079 1405.078 61.593 -2804.954 1406.874 63.187 -2803.626 cv-wallbumps-all
1007 0 31 656 0 -1 0 1441.036 26.494 -2822.599 1440.593 26.031 -2823.485 1441.812 27.000 -2821.078 cv-wallbumps-all
1008 0 31 657 0 -1 0 1420.901 9.932 -2848.500 1420.265 8.593 -2848.735 1422.031 10.609 -2848.063 cv-wallbumps-all
1009 0 31 658 0 -1 0 1412.432 -2.542 -2833.334 1411.156 -3.579 -2833.641 1413.109 -1.985 -2832.766 cv-wallbumps-all
1010 0 31 659 0 -1 0 1409.896 -4.583 -2832.651 1409.265 -5.078 -2833.235 1411.156 -3.594 -2832.156 cv-wallbumps-all
1011 0 31 660 0 -1 0 1341.500 45.781 -2725.391 1339.062 45.125 -2726.844 1343.797 46.890 -2724.547 cv-wallbumps-all
1012 0 31 457 0 -1 0 1341.375 47.338 -2728.058 1339.234 46.625 -2728.672 1343.453 47.922 -2726.844 cv-wallbumps-all
1013 0 31 661 0 -1 0 1339.099 27.218 -2717.526 1337.640 26.468 -2717.594 1339.890 28.641 -2717.422 cv-wallbumps-all
1014 0 31 662 0 -1 0 1337.260 30.239 -2717.568 1336.265 28.937 -2717.828 1338.624 31.219 -2717.344 cv-wallbumps-all
1015 0 31 663 0 -1 0 1335.812 31.583 -2717.750 1334.531 30.796 -2717.938 1336.890 32.734 -2717.532 cv-wallbumps-all
1016 0 31 664 0 -1 0 1339.010 12.041 -2724.709 1338.343 11.281 -2725.078 1340.203 13.468 -2724.516 cv-wallbumps-all
1017 0 31 665 0 -1 0 1336.484 10.682 -2722.667 1336.093 9.421 -2723.485 1337.203 11.359 -2722.251 cv-wallbumps-all
1018 0 31 666 0 -1 0 1338.349 8.114 -2724.063 1337.421 7.453 -2724.438 1338.875 9.359 -2723.391 cv-wallbumps-all
1019 0 31 667 0 -1 0 1360.370 56.661 -2777.797 1358.672 56.234 -2778.297 1361.703 57.078 -2776.859 cv-wallbumps-all
1020 0 31 668 0 -1 0 1355.271 -5.537 -2715.120 1355.218 -6.844 -2715.891 1355.343 -4.876 -2713.641 cv-wallbumps-all
1021 0 31 669 0 -1 0 1364.260 -15.344 -2706.360 1363.781 -16.328 -2707.001 1364.828 -14.313 -2705.313 cv-wallbumps-all
1022 0 31 670 0 -1 0 1364.932 -12.589 -2704.240 1364.343 -13.625 -2705.235 1365.250 -11.953 -2703.734 cv-wallbumps-all
1023 0 31 188 0 -1 0 1351.880 -38.735 -2725.006 1351.297 -39.469 -2725.110 1353.015 -37.407 -2724.813 cv-wallbumps-all
1024 0 31 671 0 -1 0 1330.770 -3.719 -2727.141 1329.453 -3.922 -2727.954 1332.234 -3.516 -2726.438 cv-wallbumps-all
1025 0 31 672 0 -1 0 1309.364 -1.771 -2750.412 1309.281 -3.032 -2751.016 1309.531 -1.141 -2749.203 cv-wallbumps-all
1026 0 31 673 0 -1 0 1309.875 -4.302 -2748.026 1309.531 -4.938 -2749.203 1310.047 -3.032 -2747.438 cv-wallbumps-all
1027 0 31 674 0 -1 0 1317.823 -35.995 -2755.808 1317.406 -37.282 -2757.032 1318.140 -35.235 -2755.157 cv-wallbumps-all
1028 0 31 676 0 -1 0 1317.052 -42.042 -2761.620 1316.906 -42.641 -2762.219 1317.140 -40.844 -2760.454 cv-wallbumps-all
1029 0 31 677 0 -1 0 1339.250 42.234 -2859.875 1338.531 41.828 -2861.407 1340.672 42.656 -2857.860 cv-wallbumps-all
1030 0 31 197 0 -1 0 1329.739 46.062 -2810.631 1328.593 44.828 -2811.032 1330.312 46.687 -2810.422 cv-wallbumps-all
1031 0 31 678 0 -1 0 1321.999 50.781 -2817.349 1321.812 49.453 -2818.532 1322.265 51.484 -2816.750 cv-wallbumps-all
1032 0 31 679 0 -1 0 1330.937 49.843 -2809.682 1330.312 48.562 -2809.891 1332.187 50.499 -2809.484 cv-wallbumps-all
1033 0 31 346 0 -1 0 1293.713 47.099 -2819.464 1292.609 46.609 -2819.704 1294.296 48.062 -2818.985 cv-wallbumps-all
1034 0 31 680 0 -1 0 1281.338 43.974 -2806.115 1280.749 43.250 -2807.031 1281.937 44.781 -2805.547 cv-wallbumps-all
1035 0 31 681 0 -1 0 1256.427 21.208 -2815.979 1256.031 19.906 -2817.266 1257.218 21.891 -2815.313 cv-wallbumps-all
1036 0 31 682 0 -1 0 1235.682 49.572 -2869.047 1234.062 49.562 -2869.813 1236.906 49.578 -2867.969 cv-wallbumps-all
1037 0 31 375 0 -1 0 1249.484 -9.407 -2839.381 1249.390 -10.688 -2839.954 1249.640 -8.688 -2838.282 cv-wallbumps-all
1038 0 31 683 0 -1 0 1248.291 -5.568 -2872.646 1246.516 -6.141 -2874.125 1249.874 -4.813 -2871.266 cv-wallbumps-all
1039 0 31 684 0 -1 0 1248.401 -4.792 -2866.808 1246.640 -5.516 -2867.844 1249.859 -4.297 -2865.391 cv-wallbumps-all
1040 0 31 144 0 -1 0 1463.375 26.932 -2754.198 1463.359 26.250 -2754.876 1463.406 28.281 -2752.969 cv-wallbumps-all
1041 0 31 685 0 -1 0 1463.229 21.583 -2751.855 1463.141 20.250 -2752.969 1463.406 22.250 -2751.297 cv-wallbumps-all
1042 0 31 687 0 -1 0 1462.911 15.703 -2758.136 1462.734 14.874 -2759.157 1463.015 16.859 -2757.063 cv-wallbumps-all
1043 0 31 688 0 -1 0 1460.968 17.583 -2748.782 1459.874 16.250 -2749.063 1461.515 18.250 -2748.219 cv-wallbumps-all
1044 0 31 227 0 -1 0 1455.599 17.567 -2746.391 1455.094 16.234 -2746.750 1456.609 18.250 -2746.188 cv-wallbumps-all
1045 0 31 146 0 -1 0 1407.385 33.984 -2721.360 1407.156 33.234 -2722.938 1407.672 35.124 -2720.391 cv-wallbumps-all
1046 0 31 689 0 -1 0 1406.687 23.057 -2719.985 1405.453 22.297 -2720.859 1407.359 23.719 -2719.031 cv-wallbumps-all
1047 0 31 690 0 -1 0 1416.296 30.901 -2708.104 1415.734 30.234 -2708.329 1417.374 32.218 -2707.672 cv-wallbumps-all
1048 0 31 691 0 -1 0 1415.099 38.198 -2712.344 1413.656 37.953 -2713.141 1415.875 38.375 -2710.766 cv-wallbumps-all
1049 0 31 247 0 -1 0 1417.531 -0.761 -2726.631 1416.624 -1.938 -2727.563 1418.156 1.218 -2726.063 cv-wallbumps-all
1050 0 31 692 0 -1 0 1439.901 -27.188 -2731.454 1439.421 -27.984 -2731.938 1440.140 -25.844 -2730.485 cv-wallbumps-all
1051 0 31 693 0 -1 0 1410.979 -42.235 -2721.412 1410.015 -42.844 -2721.688 1411.469 -41.032 -2720.891 cv-wallbumps-all
1052 0 31 694 0 -1 0 1374.135 -9.266 -2706.318 1372.984 -10.360 -2706.719 1374.765 -8.703 -2705.532 cv-wallbumps-all
1053 0 31 695 0 -1 0 1375.245 2.098 -2710.412 1374.812 0.546 -2711.063 1375.688 3.171 -2709.141 cv-wallbumps-all
1054 0 31 696 0 -1 0 1376.974 -2.761 -2711.761 1376.344 -3.563 -2713.079 1377.843 -1.891 -2711.078 cv-wallbumps-all
1055 0 31 697 0 -1 0 1463.297 22.911 -2766.943 1462.234 22.250 -2768.032 1463.828 24.234 -2766.391 cv-wallbumps-all
1056 0 31 698 0 -1 0 1463.635 17.526 -2765.782 1462.625 16.187 -2766.282 1464.749 18.234 -2764.891 cv-wallbumps-all
1057 0 31 699 0 -1 0 1457.630 15.552 -2768.771 1457.093 14.734 -2769.516 1457.906 16.765 -2768.125 cv-wallbumps-all
1058 0 31 259 0 -1 0 1446.755 39.354 -2789.594 1446.406 38.031 -2790.907 1446.937 40.062 -2788.938 cv-wallbumps-all
1059 0 31 700 0 -1 0 1420.031 59.692 -2798.380 1418.609 58.734 -2798.875 1420.765 61.281 -2798.094 cv-wallbumps-all
1060 0 31 701 0 -1 0 1396.770 47.463 -2780.453 1396.187 46.718 -2780.719 1397.906 48.546 -2780.266 cv-wallbumps-all
1061 0 31 428 0 -1 0 1401.854 42.364 -2830.766 1400.328 41.718 -2831.125 1403.562 42.812 -2830.047 cv-wallbumps-all
1062 0 31 702 0 -1 0 1410.125 44.619 -2829.433 1408.390 44.016 -2830.204 1411.656 44.999 -2829.047 cv-wallbumps-all
1063 0 31 703 0 -1 0 1402.510 37.750 -2831.693 1401.781 36.578 -2832.219 1403.640 38.687 -2831.422 cv-wallbumps-all
1064 0 31 705 0 -1 0 1440.312 20.948 -2845.599 1439.922 19.640 -2846.766 1440.515 21.844 -2845.016 cv-wallbumps-all
1065 0 31 706 0 -1 0 1392.859 40.687 -2830.990 1392.171 39.984 -2831.438 1394.062 42.093 -2830.172 cv-wallbumps-all
1066 0 31 707 0 -1 0 1443.922 -14.110 -2820.349 1443.469 -15.094 -2821.594 1444.719 -13.281 -2819.719 cv-wallbumps-all
1067 0 31 176 0 -1 0 1443.114 -20.255 -2825.823 1442.828 -21.360 -2826.313 1443.671 -18.860 -2824.922 cv-wallbumps-all
1068 0 31 172 0 -1 0 1444.448 -20.620 -2823.802 1443.671 -21.110 -2824.922 1445.969 -20.204 -2823.172 cv-wallbumps-all
1069 0 31 708 0 -1 0 1431.135 -31.849 -2835.917 1430.125 -32.922 -2836.094 1431.703 -31.297 -2835.641 cv-wallbumps-all
1070 0 31 709 0 -1 0 1413.661 -38.209 -2832.037 1412.984 -38.907 -2832.407 1415.000 -36.969 -2831.844 cv-wallbumps-all
1071 0 31 710 0 -1 0 1397.635 -24.183 -2829.630 1396.641 -24.969 -2830.688 1398.375 -23.610 -2828.969 cv-wallbumps-all
1072 0 31 711 0 -1 0 1406.088 -39.058 -2833.797 1405.453 -39.547 -2834.688 1407.062 -38.688 -2833.328 cv-wallbumps-all
1073 0 31 712 0 -1 0 1394.724 -38.094 -2831.526 1394.562 -39.109 -2832.938 1394.968 -37.000 -2830.562 cv-wallbumps-all
1074 0 31 713 0 -1 0 1323.093 30.364 -2724.479 1322.624 29.468 -2725.125 1323.953 31.734 -2723.735 cv-wallbumps-all
1075 0 31 714 0 -1 0 1375.172 7.588 -2707.657 1374.672 6.547 -2709.094 1375.437 8.953 -2706.922 cv-wallbumps-all
1076 0 31 235 0 -1 0 1375.656 13.692 -2706.177 1375.406 12.500 -2706.938 1376.140 14.296 -2704.672 cv-wallbumps-all
1077 0 31 715 0 -1 0 1348.239 55.349 -2777.459 1346.624 55.250 -2777.907 1349.531 55.484 -2776.579 cv-wallbumps-all
1078 0 31 716 0 -1 0 1343.677 51.703 -2775.865 1343.062 51.078 -2776.125 1344.749 52.953 -2775.454 cv-wallbumps-all
1079 0 31 717 0 -1 0 1328.500 47.395 -2757.141 1327.640 47.203 -2758.297 1329.812 47.547 -2756.375 cv-wallbumps-all
1080 0 31 718 0 -1 0 1306.432 33.557 -2742.797 1306.219 32.250 -2743.313 1306.859 34.234 -2741.766 cv-wallbumps-all
1081 0 31 313 0 -1 0 1317.281 42.385 -2766.651 1316.468 42.343 -2767.812 1318.874 42.406 -2765.938 cv-wallbumps-all
1082 0 31 719 0 -1 0 1307.630 37.479 -2770.219 1306.531 36.250 -2770.860 1308.187 38.093 -2769.532 cv-wallbumps-all
1083 0 31 720 0 -1 0 1304.771 34.890 -2766.183 1304.734 34.219 -2767.438 1304.828 36.218 -2765.532 cv-wallbumps-all
1084 0 31 721 0 -1 0 1317.682 40.864 -2781.287 1317.250 39.593 -2782.547 1318.000 42.390 -2780.407 cv-wallbumps-all
1085 0 31 722 0 -1 0 1315.697 10.895 -2770.761 1315.484 10.234 -2771.453 1316.109 12.187 -2769.406 cv-wallbumps-all
1086 0 31 723 0 -1 0 1316.646 17.297 -2767.183 1316.406 15.672 -2768.797 1316.828 18.140 -2766.360 cv-wallbumps-all
1087 0 31 724 0 -1 0 1316.573 3.244 -2777.203 1316.296 2.625 -2777.766 1316.828 4.453 -2776.125 cv-wallbumps-all
1088 0 31 725 0 -1 0 1338.099 -18.787 -2711.829 1337.609 -19.453 -2712.266 1339.078 -17.453 -2711.610 cv-wallbumps-all
1089 0 31 726 0 -1 0 1331.875 -18.787 -2710.677 1331.218 -19.453 -2710.688 1333.188 -17.453 -2710.657 cv-wallbumps-all
1090 0 31 727 0 -1 0 1313.697 -16.110 -2723.401 1313.374 -17.438 -2723.938 1314.312 -15.438 -2722.391 cv-wallbumps-all
1091 0 31 728 0 -1 0 1314.999 -22.787 -2721.396 1314.281 -23.454 -2722.313 1315.359 -21.454 -2720.938 cv-wallbumps-all
1092 0 31 729 0 -1 0 1360.510 -8.854 -2776.823 1360.390 -9.829 -2777.969 1360.749 -8.266 -2776.156 cv-wallbumps-all
1093 0 31 730 0 -1 0 1358.286 -14.610 -2778.792 1357.891 -15.188 -2779.547 1358.640 -13.454 -2777.422 cv-wallbumps-all
1094 0 31 731 0 -1 0 1368.937 -10.375 -2788.552 1367.859 -11.422 -2789.032 1369.594 -8.859 -2787.938 cv-wallbumps-all
1095 0 31 732 0 -1 0 1312.921 -21.209 -2767.099 1312.828 -22.360 -2768.219 1313.109 -20.594 -2766.532 cv-wallbumps-all
1096 0 31 733 0 -1 0 1358.338 43.396 -2842.381 1357.328 43.187 -2843.860 1360.297 43.765 -2841.578 cv-wallbumps-all
1097 0 31 734 0 -1 0 1364.411 43.135 -2837.568 1363.437 42.844 -2839.203 1366.359 43.281 -2836.360 cv-wallbumps-all
1098 0 31 435 0 -1 0 1369.062 36.557 -2839.886 1367.703 35.890 -2841.751 1370.734 37.156 -2837.891 cv-wallbumps-all
1099 0 31 735 0 -1 0 1312.661 46.724 -2816.573 1311.484 46.078 -2817.688 1313.453 47.953 -2815.656 cv-wallbumps-all
1100 0 31 347 0 -1 0 1307.041 45.416 -2816.881 1306.421 44.234 -2817.313 1308.281 46.062 -2816.141 cv-wallbumps-all
1101 0 31 736 0 -1 0 1305.724 55.901 -2824.485 1304.344 55.641 -2825.141 1306.421 56.218 -2823.266 cv-wallbumps-all
1102 0 31 349 0 -1 0 1305.843 52.599 -2820.511 1304.593 51.718 -2820.954 1306.468 53.797 -2820.266 cv-wallbumps-all
1103 0 31 737 0 -1 0 1330.406 29.984 -2867.521 1330.062 28.719 -2868.516 1330.906 30.656 -2867.001 cv-wallbumps-all
1104 0 31 738 0 -1 0 1318.161 53.072 -2838.360 1318.015 52.234 -2839.734 1318.234 54.375 -2837.672 cv-wallbumps-all
1105 0 31 479 0 -1 0 1307.140 53.562 -2841.271 1306.468 52.281 -2842.000 1308.437 54.359 -2839.922 cv-wallbumps-all
1106 0 31 739 0 -1 0 1313.698 56.802 -2834.818 1312.344 56.671 -2836.016 1314.390 56.875 -2834.078 cv-wallbumps-all
1107 0 31 740 0 -1 0 1314.765 54.255 -2849.313 1314.156 53.953 -2850.063 1315.968 54.422 -2847.969 cv-wallbumps-all
1108 0 31 741 0 -1 0 1352.760 -14.584 -2865.688 1352.328 -15.313 -2867.125 1353.265 -13.828 -2864.859 cv-wallbumps-all
1109 0 31 742 0 -1 0 1313.406 -1.454 -2864.511 1312.906 -2.703 -2865.782 1313.750 -0.813 -2863.812 cv-wallbumps-all
1110 0 31 358 0 -1 0 1312.927 -3.974 -2867.651 1312.578 -4.609 -2868.516 1313.343 -2.703 -2866.063 cv-wallbumps-all
1111 0 31 743 0 -1 0 1322.026 -3.620 -2875.506 1321.187 -4.563 -2876.078 1322.750 -2.891 -2874.719 cv-wallbumps-all
1112 0 31 744 0 -1 0 1259.057 34.265 -2820.141 1258.671 33.218 -2820.751 1259.547 35.828 -2818.969 cv-wallbumps-all
1113 0 31 362 0 -1 0 1260.172 37.239 -2818.365 1259.265 35.515 -2819.594 1260.672 38.531 -2817.484 cv-wallbumps-all
1114 0 31 745 0 -1 0 1264.796 37.510 -2808.370 1263.766 36.422 -2808.907 1265.406 38.062 -2807.844 cv-wallbumps-all
1115 0 31 746 0 -1 0 1258.765 34.693 -2810.146 1257.906 33.312 -2810.954 1259.703 35.500 -2809.735 cv-wallbumps-all
1116 0 31 748 0 -1 0 1259.463 33.567 -2807.214 1258.250 32.640 -2807.656 1260.453 34.515 -2806.547 cv-wallbumps-all
1117 0 31 749 0 -1 0 1275.359 50.161 -2848.209 1274.687 49.999 -2849.610 1276.687 50.375 -2847.500 cv-wallbumps-all
1118 0 31 750 0 -1 0 1274.036 48.828 -2855.224 1272.734 48.422 -2855.969 1274.687 49.609 -2853.750 cv-wallbumps-all
1119 0 31 751 0 -1 0 1271.422 49.567 -2852.349 1270.765 49.093 -2853.735 1272.718 50.093 -2851.657 cv-wallbumps-all
1120 0 31 752 0 -1 0 1247.843 48.375 -2857.802 1246.125 47.968 -2858.641 1249.140 48.859 -2856.797 cv-wallbumps-all
1121 0 31 753 0 -1 0 1272.885 -26.032 -2881.318 1272.531 -26.734 -2881.813 1273.594 -24.875 -2880.344 cv-wallbumps-all
1122 0 31 754 0 -1 0 1338.588 10.635 -2887.037 1337.921 9.484 -2887.797 1339.000 11.234 -2885.766 cv-wallbumps-all
1123 0 31 755 0 -1 0 1342.562 10.963 -2889.620 1342.000 9.672 -2889.704 1343.672 11.640 -2889.562 cv-wallbumps-all
1124 0 31 756 0 -1 0 1344.682 8.322 -2889.329 1343.672 7.656 -2889.704 1345.187 9.656 -2889.141 cv-wallbumps-all
1125 0 31 757 0 -1 0 1335.171 3.323 -2883.063 1334.375 2.984 -2883.938 1335.906 3.765 -2881.704 cv-wallbumps-all
1126 0 31 758 0 -1 0 1234.364 -11.276 -2897.938 1233.047 -11.579 -2898.547 1235.781 -11.047 -2897.453 cv-wallbumps-all
1127 0 31 502 0 -1 0 1219.906 -10.339 -2914.125 1219.093 -10.563 -2914.828 1221.344 -10.156 -2912.766 cv-wallbumps-all
1128 0 31 391 0 -1 0 1215.406 -9.854 -2927.307 1214.062 -10.485 -2928.016 1217.187 -9.297 -2926.875 cv-wallbumps-all
1129 0 31 761 0 -1 0 1191.599 -11.334 -2977.917 1190.031 -11.735 -2979.313 1192.406 -11.079 -2977.032 cv-wallbumps-all
1130 0 33 762 0 -1 0 1413.854 -11.360 -2780.709 1413.515 -12.172 -2781.625 1414.109 -10.063 -2780.000 cv-wall-wave-01
1131 0 33 763 0 -1 0 1416.984 -30.782 -2837.089 1416.609 -31.391 -2837.766 1417.281 -29.579 -2835.735 cv-wall-wave-01
1132 0 33 764 0 -1 0 1408.646 -30.813 -2836.125 1408.297 -31.422 -2836.813 1408.843 -29.610 -2834.766 cv-wall-wave-01
1133 0 35 765 0 -1 0 1450.489 -23.938 -2751.714 1449.171 -23.938 -2752.953 1451.218 -23.938 -2751.063 cv-cavefloor-01-2x2
1134 0 35 766 0 -1 0 1390.354 -23.938 -2765.672 1389.609 -23.938 -2766.313 1391.719 -23.938 -2764.407 cv-cavefloor-01-2x2
1135 0 35 767 0 -1 0 1395.432 -24.443 -2729.558 1394.499 -24.547 -2730.532 1397.109 -24.234 -2728.891 cv-cavefloor-01-2x2
1136 0 35 768 0 -1 0 1443.072 -23.938 -2769.584 1441.843 -23.938 -2770.235 1443.828 -23.938 -2768.282 cv-cavefloor-01-2x2
1137 0 35 769 0 -1 0 1354.526 -25.698 -2857.594 1352.906 -26.000 -2858.563 1355.359 -25.360 -2856.063 cv-cavefloor-01-2x2
1138 0 35 771 0 -1 0 1247.932 -27.156 -2874.766 1246.874 -27.281 -2876.094 1249.047 -27.047 -2873.406 cv-cavefloor-01-2x2
1139 0 35 772 0 -1 0 1228.859 -25.584 -2925.604 1227.796 -25.641 -2926.360 1229.671 -25.500 -2924.188 cv-cavefloor-01-2x2
1140 0 35 773 0 -1 0 1222.838 -25.912 -2910.922 1222.296 -26.031 -2912.422 1223.906 -25.782 -2910.157 cv-cavefloor-01-2x2
1141 0 35 774 0 -1 0 1407.260 -0.073 -2781.110 1406.438 -0.125 -2781.985 1408.609 -0.016 -2779.672 cv-cavefloor-01-2x2
1142 0 35 775 0 -1 0 1439.198 -23.938 -2777.094 1437.859 -23.938 -2777.782 1439.922 -23.938 -2775.766 cv-cavefloor-01-2x2
1143 0 35 776 0 -1 0 1330.296 -26.131 -2862.407 1329.343 -27.079 -2863.422 1331.796 -25.625 -2860.954 cv-cavefloor-01-2x2
1144 0 35 777 0 -1 0 1437.057 -23.953 -2733.058 1436.374 -23.985 -2734.266 1438.312 -23.938 -2732.282 cv-cavefloor-01-2x2
1145 0 35 778 0 -1 0 1390.666 -25.781 -2782.183 1389.984 -25.813 -2783.407 1391.984 -25.766 -2781.485 cv-cavefloor-01-2x2
1146 0 35 779 0 -1 0 1186.791 -25.438 -2971.646 1185.796 -25.672 -2972.469 1187.312 -25.172 -2970.578 cv-cavefloor-01-2x2
1147 0 35 780 0 -1 0 1383.297 -23.813 -2793.834 1382.609 -23.891 -2795.626 1384.609 -23.735 -2792.922 cv-cavefloor-01-2x2
1148 0 35 781 0 -1 0 1387.041 -24.782 -2789.724 1386.437 -25.047 -2791.031 1388.218 -24.438 -2789.047 cv-cavefloor-01-2x2
1149 0 35 782 0 -1 0 1434.994 -23.938 -2811.740 1433.843 -23.938 -2812.563 1435.656 -23.938 -2810.297 cv-cavefloor-01-2x2
1150 0 35 783 0 -1 0 1345.917 -24.297 -2865.047 1344.656 -24.703 -2865.594 1346.718 -24.063 -2863.969 cv-cavefloor-01-2x2
1151 0 35 785 0 -1 0 1260.864 -25.094 -2825.979 1259.937 -25.391 -2827.094 1262.390 -24.657 -2825.313 cv-cavefloor-01-2x2
1152 0 35 786 0 -1 0 1237.125 -25.573 -2909.604 1235.687 -25.625 -2910.282 1237.875 -25.484 -2908.297 cv-cavefloor-01-2x2
1153 0 35 787 0 -1 0 1241.099 -25.781 -2901.615 1239.906 -25.813 -2902.375 1241.812 -25.719 -2900.172 cv-cavefloor-01-2x2
1154 0 35 788 0 -1 0 1209.010 -24.969 -2952.912 1207.672 -25.078 -2954.282 1209.687 -24.906 -2952.188 cv-cavefloor-01-2x2
1155 0 35 789 0 -1 0 1192.750 -25.948 -2975.698 1192.000 -26.016 -2976.469 1194.234 -25.891 -2974.204 cv-cavefloor-01-2x2
1156 0 36 790 0 -1 0 1444.120 -23.938 -2740.433 1443.484 -23.938 -2741.625 1445.375 -23.938 -2739.735 cv-floorfringe-03-2x2
1157 0 36 792 0 -1 0 1385.786 -23.870 -2763.719 1384.656 -23.907 -2765.344 1386.359 -23.797 -2762.812 cv-floorfringe-03-2x2
1158 0 36 793 0 -1 0 1420.739 -14.792 -2765.896 1420.156 -15.610 -2766.907 1421.328 -13.906 -2764.782 cv-floorfringe-03-2x2
1159 0 36 794 0 -1 0 1401.177 -13.136 -2768.579 1400.453 -14.188 -2769.266 1402.015 -12.516 -2767.782 cv-floorfringe-03-2x2
1160 0 36 795 0 -1 0 1422.114 -12.568 -2784.938 1421.125 -12.625 -2786.000 1423.312 -12.485 -2783.610 cv-floorfringe-03-2x2
1161 0 36 796 0 -1 0 1373.599 -23.641 -2826.276 1372.515 -23.703 -2827.391 1374.438 -23.610 -2825.562 cv-floorfringe-03-2x2
1162 0 36 797 0 -1 0 1364.953 -22.912 -2762.276 1364.078 -23.078 -2763.844 1365.969 -22.829 -2761.297 cv-floorfringe-03-2x2
1163 0 36 798 0 -1 0 1363.213 -22.751 -2763.704 1361.953 -22.829 -2764.563 1364.812 -22.594 -2762.703 cv-floorfringe-03-2x2
1164 0 36 799 0 -1 0 1360.291 -24.422 -2842.052 1359.094 -24.735 -2843.532 1361.078 -23.875 -2840.891 cv-floorfringe-03-2x2
1165 0 36 800 0 -1 0 1358.562 -24.500 -2855.802 1357.281 -25.188 -2857.172 1359.499 -23.641 -2854.204 cv-floorfringe-03-2x2
1166 0 36 801 0 -1 0 1356.875 -24.740 -2846.698 1355.531 -25.141 -2848.016 1359.297 -24.016 -2845.891 cv-floorfringe-03-2x2
1167 0 36 787 0 -1 0 1242.260 -25.735 -2901.495 1241.578 -25.813 -2902.297 1243.390 -25.672 -2900.172 cv-floorfringe-03-2x2
1168 0 36 802 0 -1 0 1237.005 -25.313 -2878.854 1235.765 -25.438 -2880.203 1237.640 -25.219 -2878.094 cv-floorfringe-03-2x2
1169 0 36 803 0 -1 0 1233.109 -25.438 -2884.563 1232.000 -25.641 -2885.563 1234.984 -25.032 -2883.266 cv-floorfringe-03-2x2
1170 0 36 804 0 -1 0 1228.838 -25.604 -2897.948 1227.765 -25.641 -2899.594 1229.578 -25.531 -2896.610 cv-floorfringe-03-2x2
1171 0 36 805 0 -1 0 1230.463 -25.682 -2896.604 1229.172 -25.766 -2897.641 1231.797 -25.641 -2895.563 cv-floorfringe-03-2x2
1172 0 36 806 0 -1 0 1232.724 -25.750 -2915.297 1231.499 -25.969 -2916.407 1233.968 -25.641 -2914.485 cv-floorfringe-03-2x2
1173 0 36 772 0 -1 0 1230.026 -25.630 -2925.500 1229.109 -25.641 -2926.266 1231.297 -25.610 -2924.188 cv-floorfringe-03-2x2
1174 0 36 807 0 -1 0 1222.281 -25.032 -2939.443 1221.015 -25.125 -2940.422 1223.890 -24.953 -2938.047 cv-floorfringe-03-2x2
1175 0 36 808 0 -1 0 1201.838 -25.318 -2956.891 1200.609 -25.484 -2958.047 1202.484 -25.141 -2956.204 cv-floorfringe-03-2x2
1176 0 36 809 0 -1 0 1448.234 -23.938 -2747.349 1447.468 -23.938 -2748.829 1449.421 -23.938 -2746.344 cv-floorfringe-03-2x2
1177 0 36 810 0 -1 0 1447.921 -23.938 -2758.099 1447.265 -23.938 -2758.782 1449.218 -23.938 -2756.797 cv-floorfringe-03-2x2
1178 0 36 811 0 -1 0 1450.578 -23.938 -2755.396 1449.171 -23.938 -2756.563 1451.296 -23.938 -2754.719 cv-floorfringe-03-2x2
1179 0 36 812 0 -1 0 1444.104 -23.938 -2759.339 1443.469 -23.938 -2760.610 1445.375 -23.938 -2758.704 cv-floorfringe-03-2x2
1180 0 36 254 0 -1 0 1446.666 -23.933 -2761.933 1445.375 -23.938 -2762.610 1447.312 -23.922 -2760.688 cv-floorfringe-03-2x2
1181 0 36 813 0 -1 0 1440.937 -23.938 -2774.631 1439.922 -23.938 -2775.766 1442.890 -23.938 -2773.969 cv-floorfringe-03-2x2
1182 0 36 814 0 -1 0 1436.651 -23.896 -2784.745 1435.938 -23.938 -2785.438 1437.969 -23.875 -2783.422 cv-floorfringe-03-2x2
1183 0 36 815 0 -1 0 1439.760 -23.938 -2782.589 1438.203 -23.938 -2783.782 1440.734 -23.938 -2781.781 cv-floorfringe-03-2x2
1184 0 36 816 0 -1 0 1439.510 -23.938 -2807.464 1437.906 -23.938 -2808.094 1440.781 -23.938 -2806.282 cv-floorfringe-03-2x2
1185 0 36 817 0 -1 0 1435.896 -23.724 -2790.412 1434.531 -23.766 -2791.563 1436.968 -23.688 -2789.594 cv-floorfringe-03-2x2
1186 0 36 818 0 -1 0 1435.906 -23.797 -2795.328 1434.515 -23.907 -2796.219 1437.015 -23.719 -2794.172 cv-floorfringe-03-2x2
1187 0 36 819 0 -1 0 1408.031 -12.006 -2781.438 1406.531 -12.172 -2783.235 1409.484 -11.719 -2780.172 cv-floorfringe-03-2x2
1188 0 36 820 0 -1 0 1393.432 -25.256 -2777.026 1391.890 -25.500 -2777.657 1394.375 -25.063 -2775.782 cv-floorfringe-03-2x2
1189 0 36 778 0 -1 0 1389.416 -25.781 -2782.308 1388.234 -25.813 -2783.407 1390.031 -25.766 -2781.657 cv-floorfringe-03-2x2
1190 0 36 821 0 -1 0 1377.948 -23.703 -2795.365 1376.749 -23.797 -2796.813 1378.640 -23.656 -2794.376 cv-floorfringe-03-2x2
1191 0 36 822 0 -1 0 1305.817 -24.479 -2796.042 1304.687 -24.657 -2796.703 1306.546 -24.391 -2794.812 cv-floorfringe-03-2x2
1192 0 36 823 0 -1 0 1356.542 -22.969 -2784.620 1354.859 -23.110 -2785.313 1357.500 -22.860 -2783.407 cv-floorfringe-03-2x2
1193 0 36 825 0 -1 0 1364.093 -24.703 -2797.573 1363.453 -24.828 -2798.610 1365.203 -24.641 -2796.703 cv-floorfringe-03-2x2
1194 0 36 826 0 -1 0 1360.208 -24.511 -2796.068 1359.141 -24.641 -2796.703 1361.609 -24.312 -2794.797 cv-floorfringe-03-2x2
1195 0 36 827 0 -1 0 1353.192 -24.375 -2862.110 1351.546 -25.297 -2863.297 1354.624 -23.266 -2860.844 cv-floorfringe-03-2x2
1196 0 36 828 0 -1 0 1263.875 -24.271 -2820.990 1262.516 -24.375 -2821.797 1264.562 -24.219 -2819.735 cv-floorfringe-03-2x2
1197 0 36 785 0 -1 0 1259.448 -24.813 -2825.891 1258.140 -25.391 -2827.094 1260.265 -24.391 -2825.266 cv-floorfringe-03-2x2
1198 0 36 829 0 -1 0 1253.218 -25.516 -2886.797 1251.984 -25.578 -2888.234 1253.953 -25.438 -2886.079 cv-floorfringe-03-2x2
1199 0 36 830 0 -1 0 1257.213 -25.823 -2885.417 1255.797 -25.953 -2886.079 1258.125 -25.703 -2884.157 cv-floorfringe-03-2x2
1200 0 36 831 0 -1 0 1242.677 -25.651 -2908.037 1240.687 -25.672 -2909.391 1243.906 -25.641 -2906.907 cv-floorfringe-03-2x2
1201 0 36 832 0 -1 0 1200.870 -25.547 -2984.287 1199.359 -25.610 -2985.860 1202.765 -25.484 -2982.235 cv-floorfringe-03-2x2
1202 0 36 833 0 -1 0 1204.046 -25.724 -2980.875 1202.624 -25.844 -2982.172 1204.843 -25.500 -2980.188 cv-floorfringe-03-2x2
1203 0 36 834 0 -1 0 1208.901 -26.073 -2978.307 1207.078 -26.282 -2979.984 1209.812 -25.907 -2977.063 cv-floorfringe-03-2x2
1204 0 36 789 0 -1 0 1191.354 -25.870 -2975.620 1190.047 -25.938 -2976.469 1192.015 -25.782 -2974.204 cv-floorfringe-03-2x2
1205 0 37 811 0 -1 0 1452.156 -23.938 -2755.151 1451.265 -23.938 -2756.563 1453.906 -23.938 -2754.172 cv-floorfringe-01-2x2
1206 0 37 793 0 -1 0 1421.166 -15.115 -2766.704 1420.156 -15.829 -2767.203 1422.015 -13.906 -2766.001 cv-floorfringe-01-2x2
1207 0 37 835 0 -1 0 1437.271 -23.709 -2789.021 1436.421 -23.875 -2790.079 1438.422 -23.485 -2787.688 cv-floorfringe-01-2x2
1208 0 37 836 0 -1 0 1439.234 -23.938 -2785.990 1437.969 -23.938 -2787.235 1439.953 -23.938 -2785.360 cv-floorfringe-01-2x2
1209 0 37 837 0 -1 0 1437.442 -23.730 -2796.510 1436.594 -23.938 -2798.032 1438.718 -23.485 -2795.594 cv-floorfringe-01-2x2
1210 0 37 794 0 -1 0 1400.442 -13.130 -2769.500 1399.812 -14.188 -2770.547 1401.062 -12.516 -2768.688 cv-floorfringe-01-2x2
1211 0 37 838 0 -1 0 1406.224 -0.057 -2770.651 1405.078 -0.156 -2771.563 1406.984 0.000 -2769.406 cv-floorfringe-01-2x2
1212 0 37 839 0 -1 0 1406.286 -0.068 -2782.182 1405.046 -0.110 -2783.547 1407.078 -0.016 -2781.328 cv-floorfringe-01-2x2
1213 0 37 840 0 -1 0 1389.359 -25.855 -2778.974 1388.156 -25.938 -2780.016 1390.047 -25.797 -2777.657 cv-floorfringe-01-2x2
1214 0 37 841 0 -1 0 1379.343 -23.615 -2793.506 1378.453 -23.672 -2794.376 1380.578 -23.516 -2792.438 cv-floorfringe-01-2x2
1215 0 37 842 0 -1 0 1357.765 -22.969 -2786.385 1356.781 -23.110 -2787.359 1359.015 -22.860 -2785.141 cv-floorfringe-01-2x2
1216 0 37 783 0 -1 0 1347.593 -23.912 -2866.094 1346.718 -24.063 -2867.344 1349.093 -23.766 -2865.360 cv-floorfringe-01-2x2
1217 0 37 843 0 -1 0 1325.568 -24.198 -2865.094 1323.921 -25.078 -2866.407 1327.281 -23.703 -2864.047 cv-floorfringe-01-2x2
1218 0 37 844 0 -1 0 1330.515 -23.922 -2867.386 1329.374 -24.547 -2868.313 1331.656 -23.610 -2865.704 cv-floorfringe-01-2x2
1219 0 37 845 0 -1 0 1257.015 -24.308 -2824.776 1255.781 -24.391 -2825.266 1258.140 -24.266 -2823.985 cv-floorfringe-01-2x2
1220 0 37 846 0 -1 0 1234.661 -25.573 -2877.896 1233.828 -25.641 -2878.469 1235.765 -25.438 -2876.954 cv-floorfringe-01-2x2
1221 0 37 829 0 -1 0 1254.489 -25.604 -2886.797 1253.718 -25.703 -2888.234 1255.797 -25.531 -2886.079 cv-floorfringe-01-2x2
1222 0 37 847 0 -1 0 1238.271 -25.636 -2913.500 1237.671 -25.641 -2914.360 1239.421 -25.625 -2912.282 cv-floorfringe-01-2x2
1223 0 37 848 0 -1 0 1243.526 -25.651 -2906.261 1242.453 -25.672 -2907.813 1244.218 -25.641 -2904.797 cv-floorfringe-01-2x2
1224 0 37 849 0 -1 0 1232.359 -25.641 -2926.386 1231.297 -25.641 -2927.407 1232.906 -25.641 -2925.703 cv-floorfringe-01-2x2
1225 0 37 850 0 -1 0 1205.682 -25.469 -2983.271 1204.843 -25.641 -2984.063 1207.156 -25.266 -2982.172 cv-floorfringe-01-2x2
1226 0 37 834 0 -1 0 1209.911 -26.037 -2976.308 1208.344 -26.282 -2977.875 1211.578 -25.750 -2974.391 cv-floorfringe-01-2x2
1227 0 37 851 0 -1 0 1199.448 -25.589 -2956.032 1198.781 -25.641 -2956.657 1200.609 -25.484 -2955.016 cv-floorfringe-01-2x2
1228 0 37 852 0 -1 0 1188.599 -25.688 -2976.818 1187.734 -25.782 -2978.063 1190.047 -25.641 -2976.188 cv-floorfringe-01-2x2
1229 0 38 853 0 -1 0 1440.349 -23.928 -2736.511 1439.734 -23.938 -2737.782 1441.562 -23.922 -2735.876 cv-floorfringe-02-2x2
1230 0 38 854 0 -1 0 1442.849 -23.928 -2739.079 1441.594 -23.938 -2739.735 1443.484 -23.922 -2737.829 cv-floorfringe-02-2x2
1231 0 38 855 0 -1 0 1444.218 -23.938 -2747.755 1443.531 -23.938 -2749.125 1445.593 -23.938 -2746.938 cv-floorfringe-02-2x2
1232 0 38 856 0 -1 0 1446.739 -23.938 -2750.287 1445.437 -23.938 -2751.016 1447.468 -23.938 -2748.829 cv-floorfringe-02-2x2
1233 0 38 857 0 -1 0 1444.104 -23.938 -2755.537 1443.469 -23.938 -2756.797 1445.375 -23.938 -2754.907 cv-floorfringe-02-2x2
1234 0 38 810 0 -1 0 1446.640 -23.938 -2758.073 1445.375 -23.938 -2758.719 1447.281 -23.938 -2756.797 cv-floorfringe-02-2x2
1235 0 38 858 0 -1 0 1393.203 -23.896 -2766.943 1391.719 -23.938 -2768.203 1393.953 -23.875 -2766.313 cv-floorfringe-02-2x2
1236 0 38 792 0 -1 0 1386.979 -23.917 -2763.719 1386.343 -23.938 -2765.344 1388.234 -23.907 -2762.812 cv-floorfringe-02-2x2
1237 0 38 766 0 -1 0 1389.036 -23.938 -2766.006 1387.765 -23.938 -2767.313 1389.734 -23.938 -2764.407 cv-floorfringe-02-2x2
1238 0 38 254 0 -1 0 1446.661 -23.912 -2763.198 1445.375 -23.938 -2764.485 1447.312 -23.875 -2762.500 cv-floorfringe-02-2x2
1239 0 38 813 0 -1 0 1440.948 -23.938 -2773.417 1439.953 -23.938 -2774.157 1442.890 -23.938 -2772.126 cv-floorfringe-02-2x2
1240 0 38 859 0 -1 0 1436.713 -23.896 -2781.016 1435.968 -23.938 -2781.781 1438.203 -23.875 -2779.688 cv-floorfringe-02-2x2
1241 0 38 775 0 -1 0 1439.218 -23.938 -2778.433 1437.859 -23.938 -2779.782 1439.984 -23.938 -2777.735 cv-floorfringe-02-2x2
1242 0 38 860 0 -1 0 1432.979 -23.537 -2788.719 1432.203 -23.688 -2789.594 1434.531 -23.454 -2787.344 cv-floorfringe-02-2x2
1243 0 38 861 0 -1 0 1435.526 -23.813 -2786.188 1434.109 -23.875 -2787.688 1436.421 -23.688 -2785.438 cv-floorfringe-02-2x2
1244 0 38 862 0 -1 0 1432.974 -23.912 -2797.089 1432.203 -23.938 -2798.469 1434.515 -23.891 -2796.219 cv-floorfringe-02-2x2
1245 0 38 863 0 -1 0 1435.656 -23.938 -2799.558 1434.109 -23.938 -2800.376 1436.594 -23.938 -2798.032 cv-floorfringe-02-2x2
1246 0 38 794 0 -1 0 1402.437 -12.464 -2769.110 1401.062 -12.703 -2770.282 1404.234 -12.172 -2767.782 cv-floorfringe-02-2x2
1247 0 38 864 0 -1 0 1405.302 -12.073 -2785.006 1403.640 -12.157 -2785.891 1406.531 -11.938 -2783.235 cv-floorfringe-02-2x2
1248 0 38 865 0 -1 0 1389.432 -25.172 -2788.412 1388.218 -25.406 -2789.047 1390.047 -25.047 -2787.157 cv-floorfringe-02-2x2
1249 0 38 781 0 -1 0 1385.828 -24.568 -2789.745 1384.578 -24.859 -2791.031 1386.468 -24.407 -2789.094 cv-floorfringe-02-2x2
1250 0 38 778 0 -1 0 1390.614 -25.802 -2781.052 1389.875 -25.829 -2781.657 1391.984 -25.766 -2780.016 cv-floorfringe-02-2x2
1251 0 38 820 0 -1 0 1393.322 -25.381 -2778.287 1391.890 -25.500 -2779.563 1394.046 -25.204 -2777.641 cv-floorfringe-02-2x2
1252 0 38 866 0 -1 0 1352.812 -23.235 -2773.162 1352.281 -23.313 -2773.907 1353.874 -23.078 -2772.016 cv-floorfringe-02-2x2
1253 0 38 867 0 -1 0 1360.604 -22.917 -2761.797 1359.922 -23.078 -2762.703 1361.953 -22.829 -2760.438 cv-floorfringe-02-2x2
1254 0 38 868 0 -1 0 1363.166 -23.235 -2760.037 1361.765 -23.313 -2761.297 1364.078 -23.078 -2759.235 cv-floorfringe-02-2x2
1255 0 38 869 0 -1 0 1353.135 -23.261 -2785.959 1352.265 -23.344 -2787.250 1354.859 -23.110 -2785.313 cv-floorfringe-02-2x2
1256 0 38 870 0 -1 0 1355.671 -23.282 -2788.537 1354.172 -23.376 -2789.141 1356.781 -23.110 -2787.359 cv-floorfringe-02-2x2
1257 0 38 871 0 -1 0 1360.510 -24.735 -2799.870 1359.875 -24.844 -2800.501 1361.781 -24.672 -2798.610 cv-floorfringe-02-2x2
1258 0 38 825 0 -1 0 1362.896 -24.703 -2797.339 1361.609 -24.828 -2798.610 1363.625 -24.641 -2796.703 cv-floorfringe-02-2x2
1259 0 38 872 0 -1 0 1313.802 -24.891 -2792.490 1312.375 -25.219 -2793.016 1314.671 -24.657 -2791.438 cv-floorfringe-02-2x2
1260 0 38 873 0 -1 0 1306.562 -24.292 -2793.787 1305.468 -24.391 -2794.812 1308.000 -24.219 -2793.250 cv-floorfringe-02-2x2
1261 0 38 874 0 -1 0 1309.739 -25.073 -2796.063 1308.484 -25.360 -2796.703 1310.422 -24.844 -2794.782 cv-floorfringe-02-2x2
1262 0 38 799 0 -1 0 1359.052 -24.553 -2842.563 1356.984 -25.047 -2843.532 1361.078 -23.875 -2841.735 cv-floorfringe-02-2x2
1263 0 38 801 0 -1 0 1356.640 -24.771 -2845.532 1355.093 -25.235 -2846.188 1359.297 -24.016 -2844.516 cv-floorfringe-02-2x2
1264 0 38 875 0 -1 0 1347.015 -25.235 -2861.938 1345.609 -25.578 -2862.641 1349.422 -24.828 -2860.735 cv-floorfringe-02-2x2
1265 0 38 876 0 -1 0 1349.958 -25.750 -2859.438 1347.859 -26.047 -2860.844 1351.546 -25.297 -2858.703 cv-floorfringe-02-2x2
1266 0 38 877 0 -1 0 1291.578 -25.282 -2803.427 1290.718 -25.813 -2804.047 1293.015 -24.375 -2802.251 cv-floorfringe-02-2x2
1267 0 38 377 0 -1 0 1261.229 -24.276 -2821.964 1260.562 -24.344 -2823.422 1262.516 -24.219 -2821.032 cv-floorfringe-02-2x2
1268 0 38 878 0 -1 0 1263.786 -25.318 -2825.026 1262.390 -25.829 -2825.735 1264.515 -24.891 -2823.812 cv-floorfringe-02-2x2
1269 0 38 879 0 -1 0 1238.203 -25.292 -2877.292 1237.422 -25.406 -2878.094 1239.578 -25.188 -2875.719 cv-floorfringe-02-2x2
1270 0 38 880 0 -1 0 1240.818 -25.344 -2874.381 1239.297 -25.375 -2875.844 1241.672 -25.297 -2873.626 cv-floorfringe-02-2x2
1271 0 38 881 0 -1 0 1242.588 -24.959 -2893.870 1241.796 -25.188 -2894.891 1244.156 -24.688 -2892.360 cv-floorfringe-02-2x2
1272 0 38 882 0 -1 0 1249.302 -25.219 -2887.063 1247.812 -25.360 -2888.625 1250.219 -25.032 -2886.250 cv-floorfringe-02-2x2
1273 0 38 883 0 -1 0 1236.682 -24.745 -2886.521 1234.984 -25.032 -2887.969 1237.562 -24.594 -2885.563 cv-floorfringe-02-2x2
1274 0 38 884 0 -1 0 1230.286 -25.537 -2901.224 1229.578 -25.625 -2902.047 1231.625 -25.453 -2899.594 cv-floorfringe-02-2x2
1275 0 38 885 0 -1 0 1233.177 -25.849 -2898.589 1231.797 -25.907 -2900.062 1233.968 -25.766 -2897.641 cv-floorfringe-02-2x2
1276 0 38 886 0 -1 0 1238.838 -25.719 -2905.881 1237.906 -25.797 -2906.907 1240.687 -25.672 -2904.376 cv-floorfringe-02-2x2
1277 0 38 787 0 -1 0 1241.390 -25.735 -2903.157 1239.906 -25.813 -2904.797 1242.453 -25.672 -2902.297 cv-floorfringe-02-2x2
1278 0 38 773 0 -1 0 1222.776 -25.834 -2909.417 1222.125 -26.031 -2910.188 1223.906 -25.688 -2907.906 cv-floorfringe-02-2x2
1279 0 38 887 0 -1 0 1225.021 -25.735 -2906.703 1223.703 -25.891 -2908.110 1225.687 -25.657 -2905.891 cv-floorfringe-02-2x2
1280 0 38 888 0 -1 0 1230.239 -26.089 -2913.797 1229.546 -26.250 -2914.516 1231.499 -25.969 -2912.391 cv-floorfringe-02-2x2
1281 0 38 889 0 -1 0 1221.067 -25.506 -2925.558 1219.749 -25.672 -2926.235 1221.750 -25.375 -2924.235 cv-floorfringe-02-2x2
1282 0 38 890 0 -1 0 1226.630 -25.344 -2929.792 1225.531 -25.453 -2930.719 1228.500 -25.282 -2928.328 cv-floorfringe-02-2x2
1283 0 38 772 0 -1 0 1229.260 -25.573 -2927.084 1227.796 -25.610 -2928.625 1230.312 -25.500 -2926.266 cv-floorfringe-02-2x2
1284 0 38 891 0 -1 0 1204.609 -26.068 -2972.870 1203.859 -26.125 -2974.235 1205.859 -25.953 -2972.188 cv-floorfringe-02-2x2
1285 0 38 834 0 -1 0 1208.411 -25.980 -2976.443 1207.078 -26.282 -2977.875 1209.812 -25.750 -2974.391 cv-floorfringe-02-2x2
1286 0 38 892 0 -1 0 1202.994 -25.339 -2955.589 1202.343 -25.516 -2956.204 1204.218 -25.172 -2954.376 cv-floorfringe-02-2x2
1287 0 38 893 0 -1 0 1205.140 -25.167 -2952.854 1203.874 -25.344 -2954.203 1205.812 -25.078 -2952.172 cv-floorfringe-02-2x2
1288 0 38 894 0 -1 0 1192.375 -25.974 -2971.490 1191.484 -26.078 -2972.219 1193.859 -25.907 -2970.063 cv-floorfringe-02-2x2
1289 0 38 895 0 -1 0 1194.557 -26.068 -2968.558 1192.843 -26.141 -2970.141 1195.593 -25.953 -2967.516 cv-floorfringe-02-2x2
1290 0 38 896 0 -1 0 1198.599 -26.120 -2967.516 1197.359 -26.156 -2968.188 1199.359 -26.047 -2966.172 cv-floorfringe-02-2x2
1291 0 38 897 0 -1 0 1202.068 -25.459 -2963.511 1200.812 -25.703 -2964.188 1202.797 -25.157 -2962.157 cv-floorfringe-02-2x2
1292 0 38 789 0 -1 0 1192.625 -25.922 -2977.240 1191.625 -26.016 -2978.828 1194.234 -25.860 -2976.422 cv-floorfringe-02-2x2
1293 0 38 898 0 -1 0 1195.422 -25.823 -2979.855 1193.343 -26.000 -2981.032 1196.484 -25.719 -2978.219 cv-floorfringe-02-2x2
1294 0 40 923 0 -1 0 1436.474 -23.938 -2808.849 1435.656 -23.938 -2810.297 1437.906 -23.938 -2808.094 cv-floorfringe-04-2x2
1295 0 40 924 0 -1 0 1438.156 -23.938 -2811.912 1436.703 -23.938 -2812.751 1439.203 -23.938 -2810.376 cv-floorfringe-04-2x2
1296 0 40 925 0 -1 0 1322.619 -24.808 -2861.469 1321.765 -26.610 -2862.797 1323.249 -23.875 -2860.782 cv-floorfringe-04-2x2
1297 0 41 926 0 -1 0 1447.093 48.448 -2755.146 1446.093 47.265 -2755.672 1447.968 49.125 -2754.734 cv-stal-01-merge
1298 0 41 927 0 -1 0 1405.250 43.812 -2753.193 1404.984 43.124 -2754.282 1405.468 45.172 -2752.625 cv-stal-01-merge
1299 0 41 928 0 -1 0 1397.271 21.500 -2730.245 1396.656 20.562 -2730.750 1397.609 22.390 -2729.422 cv-stal-01-merge
1300 0 41 929 0 -1 0 1395.151 21.776 -2726.771 1394.859 20.422 -2728.125 1395.296 22.500 -2725.641 cv-stal-01-merge
1301 0 41 247 0 -1 0 1418.021 -0.912 -2725.677 1417.812 -2.016 -2726.266 1418.156 1.218 -2724.703 cv-stal-01-merge
1302 0 41 934 0 -1 0 1430.995 -45.870 -2722.797 1430.516 -46.406 -2723.704 1431.578 -44.969 -2721.907 cv-stal-01-merge
1303 0 41 244 0 -1 0 1419.948 -23.891 -2719.011 1419.124 -24.938 -2719.376 1420.719 -23.000 -2718.391 cv-stal-01-merge
1304 0 41 936 0 -1 0 1382.495 0.234 -2707.052 1381.687 -0.594 -2708.329 1383.546 1.516 -2705.891 cv-stal-01-merge
1305 0 41 937 0 -1 0 1388.187 2.317 -2705.781 1387.593 1.015 -2706.266 1388.687 3.718 -2705.047 cv-stal-01-merge
1306 0 41 938 0 -1 0 1390.724 -23.740 -2724.521 1389.969 -24.281 -2725.501 1391.343 -22.657 -2723.453 cv-stal-01-merge
1307 0 41 939 0 -1 0 1368.322 -23.058 -2711.698 1367.812 -23.641 -2712.328 1368.796 -22.016 -2710.532 cv-stal-01-merge
1308 0 41 940 0 -1 0 1449.609 1.734 -2780.182 1448.781 0.796 -2780.469 1450.453 2.250 -2779.844 cv-stal-01-merge
1309 0 41 941 0 -1 0 1446.255 26.807 -2807.834 1445.734 25.656 -2808.688 1446.531 27.734 -2806.938 cv-stal-01-merge
1310 0 41 943 0 -1 0 1446.167 24.088 -2834.979 1445.140 23.094 -2835.516 1447.125 24.687 -2834.516 cv-stal-01-merge
1311 0 41 944 0 -1 0 1407.343 11.026 -2838.995 1406.765 9.578 -2840.047 1407.797 11.749 -2838.250 cv-stal-01-merge
1312 0 41 945 0 -1 0 1386.646 43.119 -2827.672 1386.234 41.921 -2828.531 1387.234 44.109 -2826.594 cv-stal-01-merge
1313 0 41 946 0 -1 0 1374.010 25.541 -2821.542 1372.921 24.375 -2822.001 1374.843 26.203 -2820.922 cv-stal-01-merge
1314 0 41 947 0 -1 0 1396.271 11.031 -2837.933 1396.125 9.812 -2839.438 1396.484 11.640 -2836.204 cv-stal-01-merge
1315 0 41 948 0 -1 0 1402.286 10.692 -2832.006 1401.343 9.703 -2832.891 1402.765 11.484 -2831.329 cv-stal-01-merge
1316 0 41 949 0 -1 0 1447.302 -5.532 -2789.177 1446.453 -6.719 -2789.641 1448.031 -4.797 -2788.688 cv-stal-01-merge
1317 0 41 950 0 -1 0 1413.458 -23.745 -2825.886 1412.719 -24.922 -2826.078 1414.312 -22.875 -2825.688 cv-stal-01-merge
1318 0 41 957 0 -1 0 1415.880 -31.855 -2832.464 1415.578 -33.204 -2833.328 1416.218 -30.797 -2831.766 cv-stal-01-merge
1319 0 41 181 0 -1 0 1326.693 14.521 -2726.641 1325.797 13.703 -2727.329 1327.219 15.015 -2725.657 cv-stal-01-merge
1320 0 41 960 0 -1 0 1341.479 14.880 -2722.532 1341.109 14.296 -2723.501 1342.093 15.750 -2721.641 cv-stal-01-merge
1321 0 41 962 0 -1 0 1356.859 56.828 -2755.714 1355.968 55.593 -2756.126 1357.812 57.609 -2755.172 cv-stal-01-merge
1322 0 41 963 0 -1 0 1324.500 44.666 -2729.063 1323.937 43.765 -2729.797 1325.219 45.203 -2728.172 cv-stal-01-merge
1323 0 41 964 0 -1 0 1319.343 26.786 -2736.302 1318.968 25.703 -2736.985 1319.984 27.734 -2735.954 cv-stal-01-merge
1324 0 41 965 0 -1 0 1323.234 0.583 -2728.052 1322.297 -0.078 -2728.657 1323.984 1.421 -2727.329 cv-stal-01-merge
1325 0 41 967 0 -1 0 1309.620 26.406 -2784.740 1308.750 25.328 -2785.126 1310.125 27.312 -2784.016 cv-stal-01-merge
1326 0 41 969 0 -1 0 1315.265 2.890 -2784.448 1314.640 2.312 -2785.204 1316.172 4.047 -2783.203 cv-stal-01-merge
1327 0 41 971 0 -1 0 1357.849 -1.417 -2724.167 1357.093 -2.844 -2724.797 1358.640 -0.328 -2723.844 cv-stal-01-merge
1328 0 41 328 0 -1 0 1328.922 -38.698 -2723.761 1327.703 -39.109 -2724.422 1330.015 -37.907 -2722.672 cv-stal-01-merge
1329 0 41 974 0 -1 0 1359.151 44.437 -2811.724 1358.531 43.140 -2812.500 1359.844 45.375 -2810.876 cv-stal-01-merge
1330 0 41 975 0 -1 0 1362.041 44.072 -2812.391 1361.062 43.140 -2812.891 1362.922 44.687 -2811.797 cv-stal-01-merge
1331 0 41 976 0 -1 0 1342.578 43.146 -2831.729 1342.234 41.734 -2832.703 1343.125 44.078 -2830.672 cv-stal-01-merge
1332 0 41 978 0 -1 0 1338.875 38.088 -2871.297 1338.265 37.031 -2872.501 1339.437 38.796 -2870.484 cv-stal-01-merge
1333 0 41 979 0 -1 0 1337.765 39.588 -2867.381 1336.796 37.984 -2867.579 1338.750 40.390 -2867.235 cv-stal-01-merge
1334 0 41 980 0 -1 0 1346.187 23.427 -2869.552 1345.672 22.718 -2870.328 1346.531 24.531 -2868.672 cv-stal-01-merge
1335 0 41 981 0 -1 0 1290.656 43.177 -2799.474 1290.234 41.953 -2800.454 1291.390 44.047 -2798.500 cv-stal-01-merge
1336 0 41 985 0 -1 0 1365.734 9.854 -2845.719 1364.594 8.344 -2845.969 1366.375 10.640 -2845.485 cv-stal-01-merge
1337 0 41 987 0 -1 0 1313.041 21.698 -2858.438 1312.250 20.281 -2858.672 1314.015 22.781 -2858.235 cv-stal-01-merge
1338 0 41 990 0 -1 0 1260.984 4.187 -2871.276 1260.281 3.093 -2871.516 1261.765 4.843 -2870.860 cv-stal-01-merge
1339 0 41 991 0 -1 0 1261.281 45.620 -2844.584 1260.828 44.641 -2845.610 1262.062 46.343 -2843.704 cv-stal-01-merge
1340 0 41 994 0 -1 0 1287.823 -11.052 -2875.115 1287.281 -12.110 -2876.266 1288.297 -10.407 -2874.251 cv-stal-01-merge
1341 0 41 995 0 -1 0 1289.255 -39.042 -2873.511 1288.500 -39.656 -2874.047 1290.093 -37.985 -2872.985 cv-stal-01-merge
1342 0 41 996 0 -1 0 1253.542 3.187 -2871.339 1253.109 1.984 -2872.032 1254.171 3.890 -2870.813 cv-stal-01-merge
1343 0 41 997 0 -1 0 1258.729 3.453 -2880.349 1257.906 2.250 -2880.579 1259.515 4.156 -2880.094 cv-stal-01-merge
1344 0 41 1000 0 -1 0 1388.557 28.781 -2709.818 1387.734 27.437 -2710.219 1389.328 29.875 -2709.172 cv-stal-01-merge
1345 0 41 1003 0 -1 0 1385.880 -46.641 -2825.115 1385.343 -48.016 -2825.704 1386.312 -45.172 -2824.141 cv-stal-01-merge
1346 0 41 1004 0 -1 0 1384.109 -46.953 -2823.839 1383.234 -48.110 -2824.376 1384.562 -45.438 -2823.297 cv-stal-01-merge
1347 0 41 1005 0 -1 0 1259.474 4.468 -2877.667 1258.734 3.265 -2878.032 1260.062 5.172 -2877.094 cv-stal-01-merge
1348 0 42 1008 0 -1 0 1294.062 -9.412 -2796.511 1293.562 -10.844 -2797.282 1294.484 -8.641 -2795.344 cv-stal-01
1349 0 53 1018 0 -1 0 1370.849 23.271 -2836.573 1370.265 22.578 -2837.579 1371.578 24.187 -2835.828 cv-wall-bumps-merge-01
1350 0 54 692 0 -1 0 1439.489 -27.250 -2732.261 1438.187 -28.172 -2732.907 1440.140 -25.844 -2731.938 cv-wall-to-ground-01
1351 0 54 1019 0 -1 0 1399.250 -24.506 -2730.224 1398.547 -25.672 -2731.375 1399.688 -23.922 -2729.610 cv-wall-to-ground-01
1352 0 54 767 0 -1 0 1394.437 -25.078 -2729.245 1394.125 -26.141 -2730.532 1394.687 -24.547 -2728.312 cv-wall-to-ground-01
1353 0 54 924 0 -1 0 1437.823 -24.573 -2812.704 1436.703 -25.844 -2812.751 1438.562 -23.938 -2812.609 cv-wall-to-ground-01
1354 0 54 1020 0 -1 0 1324.807 -24.584 -2785.928 1323.765 -25.875 -2786.172 1325.671 -23.938 -2785.782 cv-wall-to-ground-01
1355 0 54 1021 0 -1 0 1342.484 -27.287 -2761.521 1341.234 -27.359 -2762.422 1343.499 -27.219 -2760.485 cv-wall-to-ground-01
1356 0 98 1156 0 -1 0 1427.646 33.583 -2706.969 1427.015 32.250 -2707.250 1428.906 34.250 -2706.828 cv-wallbumps-all-high
1357 0 98 1157 0 -1 0 1426.374 18.916 -2706.745 1425.093 18.250 -2706.828 1427.015 20.250 -2706.578 cv-wallbumps-all-high
1358 0 98 1158 0 -1 0 1419.911 25.583 -2707.011 1419.265 24.250 -2707.141 1421.203 26.250 -2706.750 cv-wallbumps-all-high
1359 0 98 1159 0 -1 0 1439.495 33.437 -2716.954 1439.141 32.250 -2717.547 1439.844 34.031 -2715.860 cv-wallbumps-all-high
1360 0 98 1160 0 -1 0 1437.875 10.943 -2712.740 1437.406 10.281 -2713.422 1438.812 12.250 -2712.391 cv-wallbumps-all-high
1361 0 98 1161 0 -1 0 1441.099 17.583 -2717.058 1440.859 16.250 -2717.641 1441.234 18.250 -2715.969 cv-wallbumps-all-high
1362 0 98 1163 0 -1 0 1451.109 45.041 -2763.599 1450.687 43.843 -2764.485 1451.718 45.844 -2762.734 cv-wallbumps-all-high
1363 0 98 225 0 -1 0 1452.114 8.187 -2747.349 1451.312 7.531 -2747.828 1453.578 8.969 -2746.610 cv-wallbumps-all-high
1364 0 98 1164 0 -1 0 1457.599 13.583 -2747.219 1456.609 12.250 -2747.453 1458.093 14.249 -2746.750 cv-wallbumps-all-high
1365 0 98 224 0 -1 0 1463.224 29.547 -2755.672 1462.953 28.281 -2757.188 1463.359 30.203 -2754.876 cv-wallbumps-all-high
1366 0 98 1165 0 -1 0 1416.677 46.119 -2723.990 1415.078 45.859 -2725.703 1417.874 46.249 -2722.672 cv-wallbumps-all-high
1367 0 98 1166 0 -1 0 1404.093 26.906 -2715.828 1403.890 26.250 -2716.485 1404.500 28.203 -2714.547 cv-wallbumps-all-high
1368 0 98 1167 0 -1 0 1393.151 46.875 -2712.240 1392.031 46.406 -2713.562 1393.781 47.156 -2711.203 cv-wallbumps-all-high
1369 0 98 1168 0 -1 0 1387.114 48.443 -2717.745 1386.484 48.422 -2718.610 1388.374 48.453 -2716.204 cv-wallbumps-all-high
1370 0 98 521 0 -1 0 1394.250 27.135 -2711.672 1393.531 26.343 -2712.422 1395.312 28.703 -2711.266 cv-wallbumps-all-high
1371 0 98 398 0 -1 0 1398.010 41.281 -2720.802 1397.984 39.890 -2721.719 1398.031 41.984 -2719.297 cv-wallbumps-all-high
1372 0 98 1170 0 -1 0 1391.578 17.312 -2706.334 1391.297 16.062 -2707.297 1392.124 18.047 -2705.844 cv-wallbumps-all-high
1373 0 98 1171 0 -1 0 1390.531 8.057 -2705.302 1389.953 7.343 -2705.860 1390.921 9.031 -2704.203 cv-wallbumps-all-high
1374 0 98 1172 0 -1 0 1370.739 34.906 -2707.651 1369.656 34.234 -2708.032 1371.296 36.234 -2706.938 cv-wallbumps-all-high
1375 0 98 1173 0 -1 0 1368.370 57.151 -2740.438 1367.453 56.406 -2740.860 1369.828 57.594 -2739.641 cv-wallbumps-all-high
1376 0 98 1174 0 -1 0 1429.417 -9.370 -2716.756 1428.094 -10.641 -2716.813 1430.078 -8.735 -2716.641 cv-wallbumps-all-high
1377 0 98 1175 0 -1 0 1385.947 -25.313 -2721.771 1385.249 -26.391 -2723.313 1386.562 -24.657 -2720.766 cv-wallbumps-all-high
1378 0 98 1176 0 -1 0 1386.224 -30.323 -2727.422 1385.625 -31.000 -2727.938 1386.578 -29.172 -2726.484 cv-wallbumps-all-high
1379 0 98 1178 0 -1 0 1436.974 31.390 -2806.198 1436.421 30.343 -2806.985 1437.671 32.624 -2805.579 cv-wallbumps-all-high
1380 0 98 1179 0 -1 0 1436.245 51.120 -2789.657 1435.343 50.562 -2790.626 1437.687 51.422 -2789.156 cv-wallbumps-all-high
1381 0 98 534 0 -1 0 1445.640 27.297 -2782.844 1444.374 26.875 -2783.797 1446.343 27.547 -2782.360 cv-wallbumps-all-high
1382 0 98 1180 0 -1 0 1444.104 31.531 -2788.542 1443.500 30.500 -2789.172 1444.468 32.156 -2787.375 cv-wallbumps-all-high
1383 0 98 1181 0 -1 0 1448.245 20.536 -2789.646 1447.828 19.687 -2790.860 1448.500 22.062 -2789.032 cv-wallbumps-all-high
1384 0 98 1182 0 -1 0 1440.203 48.687 -2777.276 1438.640 48.578 -2777.735 1441.468 48.906 -2776.391 cv-wallbumps-all-high
1385 0 98 1183 0 -1 0 1428.224 48.198 -2777.610 1426.531 47.531 -2778.047 1429.546 48.531 -2776.735 cv-wallbumps-all-high
1386 0 98 159 0 -1 0 1424.260 49.791 -2785.495 1423.312 48.797 -2786.078 1425.796 50.687 -2784.376 cv-wallbumps-all-high
1387 0 98 1184 0 -1 0 1378.125 54.276 -2796.240 1377.328 53.297 -2797.360 1378.640 54.922 -2795.626 cv-wallbumps-all-high
1388 0 98 1185 0 -1 0 1375.599 54.625 -2786.557 1374.312 53.593 -2786.985 1376.265 55.297 -2785.875 cv-wallbumps-all-high
1389 0 98 163 0 -1 0 1438.953 30.161 -2826.579 1438.812 29.140 -2827.532 1439.219 31.593 -2825.360 cv-wallbumps-all-high
1390 0 98 545 0 -1 0 1439.099 37.583 -2820.136 1439.031 36.250 -2821.407 1439.187 38.249 -2819.501 cv-wallbumps-all-high
1391 0 98 1186 0 -1 0 1428.958 39.391 -2831.657 1428.234 38.203 -2831.766 1430.343 39.984 -2831.438 cv-wallbumps-all-high
1392 0 98 1187 0 -1 0 1447.765 18.526 -2824.271 1447.375 17.906 -2825.094 1448.500 19.749 -2823.860 cv-wallbumps-all-high
1393 0 98 656 0 -1 0 1440.958 26.734 -2823.933 1440.468 26.031 -2825.079 1441.812 27.171 -2823.235 cv-wallbumps-all-high
1394 0 98 1188 0 -1 0 1447.167 24.797 -2830.136 1445.765 24.422 -2830.860 1447.922 25.187 -2828.735 cv-wallbumps-all-high
1395 0 98 1189 0 -1 0 1434.296 45.083 -2819.203 1433.203 44.750 -2820.062 1434.953 45.718 -2817.782 cv-wallbumps-all-high
1396 0 98 1190 0 -1 0 1422.953 56.130 -2817.026 1422.203 55.531 -2818.282 1424.234 56.734 -2816.344 cv-wallbumps-all-high
1397 0 98 1191 0 -1 0 1446.979 14.916 -2812.068 1446.968 14.249 -2812.751 1446.984 16.250 -2810.703 cv-wallbumps-all-high
1398 0 98 602 0 -1 0 1413.229 43.318 -2831.000 1411.656 42.515 -2831.454 1415.000 44.016 -2830.204 cv-wallbumps-all-high
1399 0 98 422 0 -1 0 1416.510 46.760 -2827.318 1414.984 45.531 -2827.953 1417.625 47.390 -2827.001 cv-wallbumps-all-high
1400 0 98 1192 0 -1 0 1411.677 60.161 -2815.584 1410.922 59.484 -2816.438 1413.093 61.468 -2813.969 cv-wallbumps-all-high
1401 0 98 704 0 -1 0 1438.515 18.849 -2848.807 1437.640 18.125 -2849.484 1438.968 20.281 -2848.438 cv-wallbumps-all-high
1402 0 98 1193 0 -1 0 1451.661 17.187 -2835.417 1451.093 16.031 -2836.485 1452.016 17.781 -2834.876 cv-wallbumps-all-high
1403 0 98 1194 0 -1 0 1447.922 11.380 -2839.672 1447.468 10.797 -2840.000 1448.812 12.531 -2839.031 cv-wallbumps-all-high
1404 0 98 1195 0 -1 0 1426.828 29.448 -2848.469 1426.109 28.187 -2849.797 1427.734 30.187 -2847.500 cv-wallbumps-all-high
1405 0 98 1196 0 -1 0 1409.667 14.901 -2853.292 1409.343 14.265 -2853.828 1409.828 16.172 -2852.251 cv-wallbumps-all-high
1406 0 98 1197 0 -1 0 1413.838 7.833 -2851.532 1413.250 7.312 -2852.407 1414.953 8.749 -2851.001 cv-wallbumps-all-high
1407 0 98 1198 0 -1 0 1396.708 46.557 -2827.354 1394.968 45.515 -2827.984 1397.984 47.078 -2827.001 cv-wallbumps-all-high
1408 0 98 1199 0 -1 0 1389.807 54.677 -2822.849 1389.344 53.953 -2823.485 1390.734 56.124 -2822.532 cv-wallbumps-all-high
1409 0 98 1200 0 -1 0 1384.114 28.599 -2834.886 1383.797 27.593 -2835.594 1384.344 29.188 -2833.813 cv-wallbumps-all-high
1410 0 98 1201 0 -1 0 1408.963 35.552 -2833.355 1407.453 34.406 -2834.766 1410.015 36.374 -2832.563 cv-wallbumps-all-high
1411 0 98 1203 0 -1 0 1391.682 11.380 -2847.391 1391.078 10.578 -2847.625 1392.796 12.937 -2847.172 cv-wallbumps-all-high
1412 0 98 1204 0 -1 0 1397.718 14.588 -2852.579 1396.531 14.281 -2853.250 1398.328 14.750 -2851.375 cv-wallbumps-all-high
1413 0 98 293 0 -1 0 1379.541 -0.485 -2824.547 1378.859 -1.141 -2824.985 1379.906 0.750 -2823.719 cv-wallbumps-all-high
1414 0 98 1205 0 -1 0 1372.599 7.797 -2827.131 1372.218 6.906 -2828.204 1372.859 8.812 -2825.813 cv-wallbumps-all-high
1415 0 98 437 0 -1 0 1385.369 13.630 -2841.776 1384.484 12.359 -2842.344 1385.812 14.265 -2840.641 cv-wallbumps-all-high
1416 0 98 1206 0 -1 0 1380.495 -6.198 -2767.901 1379.406 -6.860 -2768.172 1381.109 -4.922 -2767.469 cv-wallbumps-all-high
1417 0 98 1207 0 -1 0 1428.979 -4.583 -2832.204 1428.296 -5.078 -2832.828 1430.343 -3.594 -2831.672 cv-wallbumps-all-high
1418 0 98 1208 0 -1 0 1355.198 37.583 -2715.078 1355.156 36.250 -2715.828 1355.281 38.249 -2713.578 cv-wallbumps-all-high
1419 0 98 1209 0 -1 0 1340.677 29.635 -2717.849 1339.890 28.641 -2718.016 1341.906 30.297 -2717.563 cv-wallbumps-all-high
1420 0 98 1210 0 -1 0 1348.739 38.593 -2719.953 1347.484 37.953 -2720.078 1349.390 39.828 -2719.782 cv-wallbumps-all-high
1421 0 98 459 0 -1 0 1356.130 55.786 -2777.829 1354.375 55.547 -2778.313 1357.500 55.984 -2776.969 cv-wallbumps-all-high
1422 0 98 461 0 -1 0 1351.198 52.729 -2775.229 1350.578 52.062 -2775.251 1352.437 53.922 -2775.188 cv-wallbumps-all-high
1423 0 98 1211 0 -1 0 1327.349 47.167 -2760.209 1326.234 47.062 -2761.375 1328.812 47.297 -2759.438 cv-wallbumps-all-high
1424 0 98 1212 0 -1 0 1331.562 46.406 -2764.615 1330.219 46.249 -2765.141 1332.562 46.718 -2763.579 cv-wallbumps-all-high
1425 0 98 1213 0 -1 0 1331.093 47.755 -2755.745 1329.812 47.547 -2756.375 1331.749 48.156 -2754.641 cv-wallbumps-all-high
1426 0 98 1214 0 -1 0 1323.843 48.979 -2752.334 1322.984 48.062 -2753.766 1324.641 49.453 -2751.438 cv-wallbumps-all-high
1427 0 98 1215 0 -1 0 1333.802 21.260 -2726.479 1332.672 20.172 -2726.922 1334.562 21.937 -2725.797 cv-wallbumps-all-high
1428 0 98 1216 0 -1 0 1300.937 28.015 -2754.011 1300.547 27.406 -2754.563 1301.390 29.188 -2752.969 cv-wallbumps-all-high
1429 0 98 1217 0 -1 0 1326.776 6.901 -2721.912 1325.515 5.640 -2722.329 1327.406 7.531 -2721.704 cv-wallbumps-all-high
1430 0 98 1218 0 -1 0 1315.359 30.854 -2773.078 1314.219 30.109 -2773.266 1315.984 32.266 -2772.891 cv-wallbumps-all-high
1431 0 98 719 0 -1 0 1308.828 37.479 -2770.604 1308.172 36.250 -2770.860 1310.125 38.093 -2770.266 cv-wallbumps-all-high
1432 0 98 1219 0 -1 0 1317.250 35.052 -2780.542 1316.234 34.219 -2781.328 1317.922 35.547 -2779.906 cv-wallbumps-all-high
1433 0 98 1220 0 -1 0 1297.989 36.203 -2793.579 1297.218 35.500 -2794.235 1298.875 37.093 -2792.688 cv-wallbumps-all-high
1434 0 98 465 0 -1 0 1316.432 3.292 -2768.505 1316.140 2.609 -2769.406 1316.578 4.562 -2767.891 cv-wallbumps-all-high
1435 0 98 1222 0 -1 0 1293.807 20.380 -2795.969 1292.734 19.640 -2796.594 1294.406 21.734 -2795.547 cv-wallbumps-all-high
1436 0 98 668 0 -1 0 1355.218 -4.198 -2715.209 1355.093 -4.891 -2716.094 1355.343 -2.828 -2713.641 cv-wallbumps-all-high
1437 0 98 1223 0 -1 0 1363.786 -5.782 -2706.297 1363.328 -6.891 -2706.812 1364.406 -5.078 -2705.313 cv-wallbumps-all-high
1438 0 98 1225 0 -1 0 1314.734 -8.375 -2730.823 1314.297 -9.547 -2731.922 1315.328 -7.782 -2730.157 cv-wallbumps-all-high
1439 0 98 1226 0 -1 0 1317.370 -14.782 -2737.167 1316.765 -15.454 -2737.766 1317.687 -13.438 -2736.000 cv-wallbumps-all-high
1440 0 98 1228 0 -1 0 1364.328 56.786 -2805.886 1363.578 55.641 -2806.110 1365.437 57.703 -2805.766 cv-wallbumps-all-high
1441 0 98 1229 0 -1 0 1368.213 28.942 -2857.334 1367.515 27.671 -2858.344 1368.562 29.578 -2856.828 cv-wallbumps-all-high
1442 0 98 1230 0 -1 0 1343.541 42.541 -2856.042 1342.687 41.656 -2857.063 1345.140 43.781 -2854.047 cv-wallbumps-all-high
1443 0 98 1231 0 -1 0 1336.005 49.385 -2822.730 1335.265 48.031 -2823.485 1336.546 50.234 -2822.204 cv-wallbumps-all-high
1444 0 98 1232 0 -1 0 1309.495 46.682 -2817.349 1308.281 46.047 -2818.016 1310.234 47.937 -2816.844 cv-wallbumps-all-high
1445 0 98 1233 0 -1 0 1312.208 36.224 -2859.396 1311.406 35.093 -2860.422 1312.703 36.843 -2858.703 cv-wallbumps-all-high
1446 0 98 1234 0 -1 0 1364.375 -22.136 -2845.110 1363.906 -22.625 -2845.969 1364.656 -21.156 -2843.875 cv-wallbumps-all-high
1447 0 98 384 0 -1 0 1353.463 -7.662 -2875.714 1353.125 -8.328 -2876.344 1353.656 -6.328 -2874.547 cv-wallbumps-all-high
1448 0 98 1235 0 -1 0 1355.062 -0.157 -2869.172 1354.906 -1.625 -2870.657 1355.171 0.844 -2868.157 cv-wallbumps-all-high
1449 0 98 1236 0 -1 0 1353.927 6.943 -2876.808 1353.515 5.656 -2877.813 1354.156 7.609 -2876.282 cv-wallbumps-all-high
1450 0 98 1237 0 -1 0 1304.692 -16.953 -2866.907 1303.578 -18.219 -2867.110 1305.328 -16.312 -2866.797 cv-wallbumps-all-high
1451 0 98 1238 0 -1 0 1273.932 42.015 -2824.729 1272.937 40.937 -2825.751 1274.453 42.844 -2824.125 cv-wallbumps-all-high
1452 0 98 367 0 -1 0 1261.838 45.557 -2825.349 1260.390 44.828 -2826.094 1263.156 45.922 -2824.781 cv-wallbumps-all-high
1453 0 98 1239 0 -1 0 1254.302 14.588 -2811.203 1253.906 13.922 -2811.844 1254.500 15.922 -2809.922 cv-wallbumps-all-high
1454 0 98 1240 0 -1 0 1254.453 21.880 -2805.349 1254.015 20.422 -2806.328 1254.718 22.796 -2804.594 cv-wallbumps-all-high
1455 0 98 1241 0 -1 0 1254.718 22.588 -2812.433 1254.500 21.922 -2813.610 1255.156 23.922 -2811.844 cv-wallbumps-all-high
1456 0 98 1242 0 -1 0 1275.546 -12.485 -2875.334 1275.156 -13.266 -2876.641 1275.749 -11.203 -2874.594 cv-wallbumps-all-high
1457 0 98 1243 0 -1 0 1247.963 1.890 -2842.995 1247.328 0.437 -2843.938 1248.562 2.687 -2841.626 cv-wallbumps-all-high
1458 0 98 1244 0 -1 0 1253.427 -2.490 -2863.521 1252.531 -2.719 -2865.250 1254.265 -2.141 -2862.391 cv-wallbumps-all-high
1459 0 98 1245 0 -1 0 1338.250 -3.172 -2885.698 1337.547 -3.969 -2886.782 1339.156 -2.047 -2885.110 cv-wallbumps-all-high
1460 0 98 497 0 -1 0 1341.526 3.291 -2889.542 1340.500 1.796 -2889.672 1342.047 4.265 -2889.297 cv-wallbumps-all-high
1461 0 98 581 0 -1 0 1345.583 4.323 -2888.657 1345.187 3.656 -2889.141 1346.375 5.656 -2887.688 cv-wallbumps-all-high
1462 0 98 1246 0 -1 0 1259.906 40.979 -2884.391 1259.359 40.546 -2886.391 1260.875 41.234 -2881.860 cv-wallbumps-all-high
1463 0 98 1247 0 -1 0 1234.140 -13.844 -2924.177 1233.890 -14.422 -2925.422 1234.499 -12.782 -2923.516 cv-wallbumps-all-high
1464 0 99 589 0 -1 0 1421.307 45.583 -2723.542 1420.672 44.250 -2723.828 1422.562 46.249 -2723.391 cv-wallbumps-all-high02
1465 0 99 222 0 -1 0 1441.088 17.583 -2724.318 1441.047 16.250 -2725.000 1441.156 18.250 -2723.032 cv-wallbumps-all-high02
1466 0 99 1248 0 -1 0 1441.312 10.927 -2718.193 1441.234 10.265 -2719.344 1441.406 12.250 -2717.579 cv-wallbumps-all-high02
1467 0 99 698 0 -1 0 1464.036 18.885 -2765.844 1463.531 18.156 -2766.360 1464.749 20.265 -2764.891 cv-wallbumps-all-high02
1468 0 99 230 0 -1 0 1413.161 23.541 -2709.308 1412.468 22.734 -2709.657 1414.093 24.750 -2709.078 cv-wallbumps-all-high02
1469 0 99 1249 0 -1 0 1390.515 24.078 -2705.313 1389.906 23.172 -2705.875 1391.031 24.843 -2704.203 cv-wallbumps-all-high02
1470 0 99 1250 0 -1 0 1409.994 -24.573 -2716.844 1409.406 -25.844 -2716.938 1411.171 -23.938 -2716.657 cv-wallbumps-all-high02
1471 0 99 1251 0 -1 0 1415.468 -31.443 -2715.459 1414.234 -32.422 -2716.094 1416.359 -30.141 -2714.969 cv-wallbumps-all-high02
1472 0 99 1252 0 -1 0 1430.104 54.578 -2811.969 1429.828 53.188 -2812.547 1430.390 55.828 -2810.844 cv-wallbumps-all-high02
1473 0 99 1253 0 -1 0 1401.588 61.203 -2812.318 1400.203 60.125 -2813.094 1402.343 62.218 -2811.063 cv-wallbumps-all-high02
1474 0 99 159 0 -1 0 1422.901 50.208 -2786.672 1421.375 49.890 -2787.797 1423.672 50.844 -2786.078 cv-wallbumps-all-high02
1475 0 99 1185 0 -1 0 1376.859 54.536 -2786.657 1376.218 53.593 -2787.110 1378.093 55.031 -2785.875 cv-wallbumps-all-high02
1476 0 99 422 0 -1 0 1417.380 47.854 -2826.745 1416.687 47.343 -2827.001 1418.531 48.859 -2826.235 cv-wallbumps-all-high02
1477 0 99 265 0 -1 0 1423.104 53.385 -2824.266 1421.671 52.234 -2824.781 1423.890 54.000 -2823.969 cv-wallbumps-all-high02
1478 0 99 429 0 -1 0 1412.427 36.661 -2832.886 1411.203 35.937 -2833.453 1413.046 37.656 -2832.312 cv-wallbumps-all-high02
1479 0 99 1254 0 -1 0 1406.104 42.948 -2831.183 1405.468 41.359 -2831.219 1407.375 44.062 -2831.125 cv-wallbumps-all-high02
1480 0 99 539 0 -1 0 1446.599 7.114 -2813.157 1445.828 6.453 -2813.969 1446.984 8.344 -2812.751 cv-wallbumps-all-high02
1481 0 99 1197 0 -1 0 1412.713 8.026 -2851.688 1411.578 7.437 -2852.407 1413.312 8.749 -2851.188 cv-wallbumps-all-high02
1482 0 99 1255 0 -1 0 1381.198 25.864 -2827.917 1381.046 24.359 -2828.578 1381.437 26.844 -2826.703 cv-wallbumps-all-high02
1483 0 99 1256 0 -1 0 1387.896 -19.454 -2778.448 1386.984 -20.282 -2779.453 1388.750 -17.829 -2777.938 cv-wallbumps-all-high02
1484 0 99 300 0 -1 0 1373.786 25.583 -2710.052 1372.984 24.125 -2710.344 1374.375 26.406 -2709.563 cv-wallbumps-all-high02
1485 0 99 1257 0 -1 0 1346.901 47.578 -2732.292 1345.218 47.578 -2732.860 1348.218 47.578 -2731.188 cv-wallbumps-all-high02
1486 0 99 1258 0 -1 0 1335.177 41.020 -2717.823 1334.015 39.812 -2718.063 1335.890 41.656 -2717.657 cv-wallbumps-all-high02
1487 0 99 1259 0 -1 0 1329.390 34.771 -2720.464 1328.828 34.141 -2720.781 1330.515 36.031 -2719.828 cv-wallbumps-all-high02
1488 0 99 1260 0 -1 0 1358.182 9.505 -2724.334 1357.546 8.171 -2725.594 1358.531 10.312 -2723.688 cv-wallbumps-all-high02
1489 0 99 1261 0 -1 0 1335.922 48.682 -2753.182 1335.250 48.156 -2754.407 1337.031 48.953 -2752.438 cv-wallbumps-all-high02
1490 0 99 458 0 -1 0 1341.078 56.375 -2785.808 1340.390 55.906 -2786.454 1342.109 57.015 -2784.750 cv-wallbumps-all-high02
1491 0 99 1262 0 -1 0 1313.489 42.698 -2758.818 1312.890 42.546 -2759.516 1314.640 42.984 -2757.563 cv-wallbumps-all-high02
1492 0 99 559 0 -1 0 1300.734 34.833 -2754.141 1300.547 34.281 -2754.672 1301.109 35.937 -2753.079 cv-wallbumps-all-high02
1493 0 99 560 0 -1 0 1304.260 40.572 -2751.052 1303.406 39.703 -2752.172 1304.859 41.578 -2749.985 cv-wallbumps-all-high02
1494 0 99 1263 0 -1 0 1307.630 27.052 -2770.948 1306.515 26.453 -2771.626 1308.187 28.250 -2770.094 cv-wallbumps-all-high02
1495 0 99 720 0 -1 0 1304.771 33.567 -2766.198 1304.734 32.250 -2767.438 1304.828 34.234 -2765.579 cv-wallbumps-all-high02
1496 0 99 1264 0 -1 0 1316.718 -11.771 -2771.922 1316.594 -12.360 -2773.094 1316.968 -10.641 -2771.328 cv-wallbumps-all-high02
1497 0 99 1265 0 -1 0 1318.406 -5.573 -2777.204 1318.265 -6.844 -2777.751 1318.484 -4.938 -2776.125 cv-wallbumps-all-high02
1498 0 99 1266 0 -1 0 1309.875 -9.370 -2748.026 1309.531 -10.641 -2749.203 1310.047 -8.735 -2747.438 cv-wallbumps-all-high02
1499 0 99 333 0 -1 0 1317.562 -40.078 -2740.932 1317.250 -41.078 -2741.985 1317.906 -38.344 -2740.360 cv-wallbumps-all-high02
1500 0 99 630 0 -1 0 1317.896 -23.308 -2778.464 1317.812 -23.954 -2779.610 1318.062 -22.032 -2777.891 cv-wallbumps-all-high02
1501 0 99 1267 0 -1 0 1317.995 -16.985 -2785.896 1317.765 -18.235 -2786.844 1318.156 -16.344 -2784.110 cv-wallbumps-all-high02
1502 0 99 1268 0 -1 0 1363.745 45.041 -2811.943 1362.922 44.687 -2812.547 1365.015 45.312 -2810.797 cv-wallbumps-all-high02
1503 0 99 1269 0 -1 0 1349.765 30.026 -2874.490 1348.672 28.765 -2874.656 1350.312 30.656 -2874.407 cv-wallbumps-all-high02
1504 0 99 1270 0 -1 0 1354.343 33.891 -2872.839 1353.734 32.578 -2873.297 1355.547 34.562 -2871.954 cv-wallbumps-all-high02
1505 0 99 1271 0 -1 0 1258.208 22.458 -2798.766 1257.140 21.718 -2799.329 1258.906 23.703 -2798.094 cv-wallbumps-all-high02
1506 0 99 576 0 -1 0 1266.068 47.797 -2831.245 1265.625 46.547 -2832.688 1266.922 48.437 -2830.516 cv-wallbumps-all-high02
1507 0 99 749 0 -1 0 1275.380 49.947 -2846.750 1274.703 49.734 -2847.516 1276.687 50.109 -2845.234 cv-wallbumps-all-high02
1508 0 99 1272 0 -1 0 1244.979 47.447 -2870.141 1243.359 46.953 -2871.469 1245.859 48.203 -2868.594 cv-wallbumps-all-high02
1509 0 99 682 0 -1 0 1236.984 49.572 -2868.073 1236.078 49.562 -2869.813 1237.969 49.578 -2866.438 cv-wallbumps-all-high02
1510 0 99 1244 0 -1 0 1251.682 -3.084 -2862.729 1250.671 -3.704 -2863.938 1252.531 -2.719 -2861.328 cv-wallbumps-all-high02
1511 0 99 1273 0 -1 0 1247.614 -12.042 -2852.547 1246.874 -12.782 -2853.781 1248.031 -10.719 -2851.891 cv-wallbumps-all-high02
1512 0 99 1274 0 -1 0 1327.828 -8.995 -2881.141 1327.328 -10.329 -2881.766 1328.828 -8.328 -2880.828 cv-wallbumps-all-high02
1513 0 99 506 0 -1 0 1424.734 22.604 -2853.625 1423.922 21.906 -2853.922 1426.281 23.984 -2853.234 cv-wallbumps-all-high02
1514 0 99 1275 0 -1 0 1415.921 25.536 -2850.636 1415.421 24.437 -2851.501 1416.593 26.343 -2849.438 cv-wallbumps-all-high02
1515 0 99 1276 0 -1 0 1413.968 18.963 -2855.209 1413.234 18.156 -2855.594 1415.390 20.531 -2854.782 cv-wallbumps-all-high02
1516 0 99 1277 0 -1 0 1400.499 25.140 -2846.500 1399.734 24.453 -2848.032 1401.140 25.953 -2845.672 cv-wallbumps-all-high02
1517 0 99 1278 0 -1 0 1395.177 18.713 -2854.573 1394.484 18.062 -2854.953 1396.531 19.969 -2854.282 cv-wallbumps-all-high02
1518 0 99 1279 0 -1 0 1366.671 15.010 -2859.224 1366.249 14.375 -2859.672 1367.515 16.281 -2858.329 cv-wallbumps-all-high02
1519 0 100 1280 0 -1 0 1428.776 45.583 -2725.177 1428.187 44.250 -2725.454 1429.875 46.249 -2725.032 cv-wallbumps-all-02
1520 0 100 1281 0 -1 0 1433.937 38.526 -2722.490 1433.187 38.375 -2724.016 1434.546 38.812 -2721.282 cv-wallbumps-all-02
1521 0 100 221 0 -1 0 1440.474 22.916 -2715.011 1440.203 22.250 -2715.938 1440.969 24.250 -2714.547 cv-wallbumps-all-02
1522 0 100 1282 0 -1 0 1441.437 25.583 -2720.526 1441.390 24.250 -2721.141 1441.515 26.250 -2719.297 cv-wallbumps-all-02
1523 0 100 1157 0 -1 0 1427.646 18.916 -2706.969 1427.015 18.250 -2707.250 1428.906 20.250 -2706.828 cv-wallbumps-all-02
1524 0 100 1283 0 -1 0 1430.104 25.583 -2707.573 1428.906 24.250 -2707.735 1430.703 26.250 -2707.250 cv-wallbumps-all-02
1525 0 100 585 0 -1 0 1437.885 21.583 -2712.729 1437.406 20.250 -2713.406 1438.843 22.250 -2712.391 cv-wallbumps-all-02
1526 0 100 1284 0 -1 0 1439.682 18.916 -2714.177 1438.781 18.250 -2714.578 1440.156 20.250 -2713.406 cv-wallbumps-all-02
1527 0 100 1285 0 -1 0 1451.932 18.718 -2746.209 1451.140 18.062 -2746.329 1453.234 19.953 -2746.078 cv-wallbumps-all-02
1528 0 100 1286 0 -1 0 1454.296 21.536 -2746.110 1452.859 20.234 -2746.219 1455.031 22.218 -2745.922 cv-wallbumps-all-02
1529 0 100 1287 0 -1 0 1391.916 52.531 -2752.490 1391.828 50.984 -2753.594 1392.093 53.375 -2751.938 cv-wallbumps-all-02
1530 0 100 1288 0 -1 0 1386.229 58.052 -2762.094 1384.969 57.500 -2763.157 1387.796 58.421 -2761.562 cv-wallbumps-all-02
1531 0 100 1289 0 -1 0 1427.588 -35.964 -2716.776 1426.375 -37.234 -2716.907 1428.203 -35.313 -2716.516 cv-wallbumps-all-02
1532 0 100 1290 0 -1 0 1425.104 -38.506 -2716.245 1424.468 -39.141 -2716.516 1426.375 -37.234 -2716.110 cv-wallbumps-all-02
1533 0 100 599 0 -1 0 1417.364 -39.761 -2715.057 1416.796 -41.016 -2715.141 1418.468 -39.125 -2714.891 cv-wallbumps-all-02
1534 0 100 1291 0 -1 0 1423.854 -42.276 -2716.037 1422.625 -42.907 -2716.204 1424.468 -41.032 -2715.797 cv-wallbumps-all-02
1535 0 100 1292 0 -1 0 1439.286 35.276 -2795.625 1438.328 34.609 -2796.126 1439.828 36.562 -2795.375 cv-wallbumps-all-02
1536 0 100 1293 0 -1 0 1440.776 26.916 -2794.662 1440.297 25.343 -2795.313 1441.374 28.437 -2793.766 cv-wallbumps-all-02
1537 0 100 1294 0 -1 0 1443.573 15.135 -2794.735 1442.219 14.500 -2794.907 1444.265 16.359 -2794.610 cv-wallbumps-all-02
1538 0 100 1295 0 -1 0 1450.302 18.338 -2837.386 1449.812 17.750 -2837.875 1451.093 19.500 -2836.485 cv-wallbumps-all-02
1539 0 100 1296 0 -1 0 1450.979 20.619 -2835.375 1450.437 19.515 -2836.391 1451.469 21.188 -2834.860 cv-wallbumps-all-02
1540 0 100 1297 0 -1 0 1435.083 27.198 -2843.052 1434.359 26.531 -2843.579 1436.218 28.484 -2842.594 cv-wallbumps-all-02
1541 0 100 1298 0 -1 0 1443.583 20.651 -2841.391 1442.406 19.515 -2841.547 1444.187 21.219 -2841.313 cv-wallbumps-all-02
1542 0 100 1299 0 -1 0 1440.583 18.411 -2844.417 1440.515 17.765 -2845.016 1440.703 19.640 -2843.235 cv-wallbumps-all-02
1543 0 100 1300 0 -1 0 1389.948 35.265 -2831.276 1388.750 33.999 -2831.703 1390.672 35.953 -2830.844 cv-wallbumps-all-02
1544 0 100 1301 0 -1 0 1381.000 -3.605 -2783.204 1380.328 -4.907 -2783.329 1382.156 -2.954 -2783.109 cv-wallbumps-all-02
1545 0 100 1302 0 -1 0 1382.401 -7.964 -2775.683 1381.468 -8.406 -2776.563 1382.890 -7.719 -2774.344 cv-wallbumps-all-02
1546 0 100 1303 0 -1 0 1381.708 -3.542 -2772.339 1380.937 -4.719 -2773.172 1382.328 -2.954 -2771.797 cv-wallbumps-all-02
1547 0 100 612 0 -1 0 1378.682 -9.797 -2767.344 1377.906 -10.578 -2767.516 1379.906 -8.516 -2767.063 cv-wallbumps-all-02
1548 0 100 1206 0 -1 0 1380.651 -7.511 -2767.766 1379.406 -8.859 -2768.063 1381.437 -6.813 -2767.469 cv-wallbumps-all-02
1549 0 100 1304 0 -1 0 1352.448 45.880 -2725.646 1350.921 45.531 -2727.000 1354.531 46.500 -2724.751 cv-wallbumps-all-02
1550 0 100 1305 0 -1 0 1350.776 47.578 -2732.318 1349.219 47.578 -2732.876 1351.953 47.578 -2731.203 cv-wallbumps-all-02
1551 0 100 1306 0 -1 0 1349.286 25.739 -2718.886 1348.984 24.578 -2719.969 1349.781 26.328 -2718.344 cv-wallbumps-all-02
1552 0 100 1307 0 -1 0 1350.239 19.656 -2721.188 1349.797 19.046 -2721.797 1350.516 20.859 -2720.000 cv-wallbumps-all-02
1553 0 100 1308 0 -1 0 1355.817 17.656 -2712.297 1355.687 16.281 -2713.641 1355.906 18.406 -2711.594 cv-wallbumps-all-02
1554 0 100 1309 0 -1 0 1313.328 37.359 -2739.240 1312.000 36.078 -2739.391 1313.999 38.000 -2739.110 cv-wallbumps-all-02
1555 0 100 1310 0 -1 0 1305.666 41.547 -2747.292 1305.468 40.234 -2748.641 1305.796 42.343 -2746.610 cv-wallbumps-all-02
1556 0 100 1311 0 -1 0 1306.432 29.620 -2742.823 1306.219 28.281 -2743.344 1306.859 30.312 -2741.813 cv-wallbumps-all-02
1557 0 100 1312 0 -1 0 1317.916 8.167 -2726.714 1317.468 7.531 -2727.047 1318.812 9.437 -2726.063 cv-wallbumps-all-02
1558 0 100 1313 0 -1 0 1316.239 42.052 -2763.151 1314.828 41.750 -2764.204 1317.078 42.250 -2762.610 cv-wallbumps-all-02
1559 0 100 1314 0 -1 0 1313.198 41.458 -2768.594 1312.422 41.000 -2769.282 1314.562 41.921 -2767.594 cv-wallbumps-all-02
1560 0 100 1225 0 -1 0 1314.296 -8.386 -2729.646 1314.015 -9.547 -2730.391 1314.578 -7.797 -2728.391 cv-wallbumps-all-02
1561 0 100 1315 0 -1 0 1313.286 -14.787 -2727.703 1313.140 -15.454 -2728.859 1313.531 -13.454 -2727.109 cv-wallbumps-all-02
1562 0 100 1266 0 -1 0 1309.875 -8.105 -2748.026 1309.531 -8.735 -2749.203 1310.047 -6.844 -2747.438 cv-wallbumps-all-02
1563 0 100 1316 0 -1 0 1310.328 -13.167 -2746.932 1310.047 -14.438 -2747.438 1310.890 -12.531 -2745.922 cv-wallbumps-all-02
1564 0 100 1317 0 -1 0 1311.599 -15.709 -2745.089 1310.890 -16.344 -2745.922 1311.953 -14.438 -2744.672 cv-wallbumps-all-02
1565 0 100 1318 0 -1 0 1299.219 54.036 -2825.641 1298.453 53.640 -2826.578 1300.359 54.422 -2824.422 cv-wallbumps-all-02
1566 0 100 1319 0 -1 0 1289.323 26.083 -2805.094 1288.656 25.515 -2806.188 1289.687 27.187 -2804.360 cv-wallbumps-all-02
1567 0 100 218 0 -1 0 1244.031 -11.646 -2869.740 1242.499 -12.813 -2870.282 1245.062 -10.656 -2869.047 cv-wallbumps-all-02
1568 0 100 1244 0 -1 0 1252.229 -3.011 -2864.037 1250.671 -3.704 -2865.250 1253.484 -2.610 -2862.922 cv-wallbumps-all-02
1569 0 100 1320 0 -1 0 1256.380 -3.584 -2874.047 1254.140 -3.891 -2875.391 1258.203 -3.079 -2873.282 cv-wallbumps-all-02
1570 0 100 581 0 -1 0 1345.583 2.989 -2888.657 1345.187 1.656 -2889.141 1346.375 3.656 -2887.688 cv-wallbumps-all-02
1571 0 100 497 0 -1 0 1342.609 4.396 -2889.688 1342.047 3.656 -2889.704 1343.672 5.718 -2889.672 cv-wallbumps-all-02
1572 0 100 756 0 -1 0 1344.682 6.989 -2889.329 1343.672 5.656 -2889.704 1345.187 7.656 -2889.141 cv-wallbumps-all-02
1573 0 100 1321 0 -1 0 1274.765 -17.386 -2878.308 1274.515 -18.547 -2878.844 1275.249 -16.703 -2877.266 cv-wallbumps-all-02
1574 0 100 1322 0 -1 0 1232.625 -12.511 -2891.240 1231.515 -12.563 -2892.531 1234.656 -12.422 -2890.391 cv-wallbumps-all-02
1575 0 100 1323 0 -1 0 1215.349 -9.375 -2941.276 1214.375 -9.531 -2941.969 1216.500 -9.094 -2940.141 cv-wallbumps-all-02
1576 0 100 1324 0 -1 0 1211.635 -11.183 -2932.771 1209.672 -11.672 -2933.376 1213.156 -10.922 -2932.016 cv-wallbumps-all-02
1577 0 100 686 0 -1 0 1463.250 18.916 -2755.276 1463.015 18.250 -2756.375 1463.375 20.234 -2754.703 cv-wallbumps-all-02
1578 0 100 1325 0 -1 0 1463.229 17.583 -2751.855 1463.141 16.250 -2752.969 1463.406 18.250 -2751.297 cv-wallbumps-all-02
1579 0 100 1326 0 -1 0 1463.359 15.000 -2754.229 1463.328 14.281 -2754.907 1463.375 16.281 -2752.953 cv-wallbumps-all-02
1580 0 100 1327 0 -1 0 1390.349 56.552 -2758.318 1389.203 56.093 -2758.891 1391.203 57.093 -2757.219 cv-wallbumps-all-02
1581 0 100 530 0 -1 0 1388.677 58.031 -2755.865 1387.749 57.812 -2757.016 1390.156 58.375 -2755.219 cv-wallbumps-all-02
1582 0 100 529 0 -1 0 1380.588 57.974 -2740.552 1379.749 57.218 -2741.047 1381.984 58.406 -2739.672 cv-wallbumps-all-02
1583 0 100 1328 0 -1 0 1381.521 58.531 -2761.115 1379.874 58.172 -2761.594 1382.718 58.828 -2760.156 cv-wallbumps-all-02
1584 0 100 242 0 -1 0 1453.041 1.484 -2748.927 1452.468 0.312 -2749.563 1453.906 2.250 -2748.313 cv-wallbumps-all-02
1585 0 100 1329 0 -1 0 1451.932 -3.381 -2748.620 1450.593 -4.172 -2748.907 1452.750 -2.594 -2748.297 cv-wallbumps-all-02
1586 0 100 248 0 -1 0 1426.760 -8.105 -2716.610 1426.093 -8.735 -2716.641 1428.094 -6.844 -2716.594 cv-wallbumps-all-02
1587 0 100 1330 0 -1 0 1429.411 -5.604 -2716.756 1428.078 -6.844 -2716.813 1430.078 -4.985 -2716.641 cv-wallbumps-all-02
1588 0 100 1331 0 -1 0 1415.510 -2.037 -2728.240 1414.937 -3.266 -2728.579 1416.624 -1.282 -2727.563 cv-wallbumps-all-02
1589 0 100 162 0 -1 0 1446.589 18.916 -2813.183 1445.797 18.250 -2814.047 1446.984 20.250 -2812.751 cv-wallbumps-all-02
1590 0 100 1333 0 -1 0 1445.015 21.640 -2814.729 1444.562 20.250 -2815.188 1445.859 22.438 -2813.938 cv-wallbumps-all-02
1591 0 100 1334 0 -1 0 1406.318 11.151 -2848.667 1405.687 10.499 -2848.938 1407.546 12.406 -2848.469 cv-wallbumps-all-02
1592 0 100 1335 0 -1 0 1387.630 17.448 -2844.787 1386.937 16.203 -2845.234 1388.016 18.078 -2843.891 cv-wallbumps-all-02
1593 0 100 437 0 -1 0 1386.187 14.901 -2842.860 1385.812 14.265 -2843.891 1386.937 16.172 -2842.344 cv-wallbumps-all-02
1594 0 100 1336 0 -1 0 1382.578 17.437 -2835.662 1382.390 16.172 -2836.922 1382.828 18.078 -2835.032 cv-wallbumps-all-02
1595 0 100 1337 0 -1 0 1444.120 2.729 -2797.568 1443.562 1.547 -2798.235 1444.641 4.531 -2796.782 cv-wallbumps-all-02
1596 0 100 279 0 -1 0 1454.187 -8.271 -2789.656 1453.250 -8.891 -2790.875 1454.843 -7.125 -2789.000 cv-wallbumps-all-02
1597 0 100 659 0 -1 0 1408.635 -4.583 -2832.823 1407.375 -5.078 -2833.235 1409.265 -3.594 -2832.563 cv-wallbumps-all-02
1598 0 100 1338 0 -1 0 1336.843 34.885 -2720.381 1336.406 34.312 -2721.063 1337.125 36.031 -2719.094 cv-wallbumps-all-02
1599 0 100 1339 0 -1 0 1342.901 19.416 -2717.328 1341.734 18.703 -2717.485 1343.484 20.828 -2717.250 cv-wallbumps-all-02
1600 0 100 1340 0 -1 0 1340.396 22.026 -2717.568 1339.703 20.765 -2717.610 1341.718 22.734 -2717.485 cv-wallbumps-all-02
1601 0 100 1341 0 -1 0 1338.937 23.062 -2717.547 1337.453 22.109 -2717.610 1339.703 24.500 -2717.438 cv-wallbumps-all-02
1602 0 100 1342 0 -1 0 1336.244 25.640 -2717.412 1335.390 23.968 -2717.422 1337.640 26.484 -2717.407 cv-wallbumps-all-02
1603 0 100 1343 0 -1 0 1334.828 47.760 -2755.615 1333.624 47.562 -2756.235 1335.484 48.156 -2754.407 cv-wallbumps-all-02
1604 0 100 180 0 -1 0 1332.203 48.708 -2753.573 1331.469 48.156 -2754.641 1333.390 48.984 -2752.953 cv-wallbumps-all-02
1605 0 100 1344 0 -1 0 1326.078 27.198 -2722.282 1325.515 26.578 -2722.625 1327.141 28.406 -2721.672 cv-wallbumps-all-02
1606 0 100 1345 0 -1 0 1328.260 29.698 -2721.089 1327.125 28.437 -2721.704 1328.828 30.328 -2720.781 cv-wallbumps-all-02
1607 0 100 1259 0 -1 0 1329.390 33.505 -2720.464 1328.828 32.234 -2720.781 1330.515 34.141 -2719.828 cv-wallbumps-all-02
1608 0 100 1346 0 -1 0 1317.302 25.911 -2739.615 1316.203 24.656 -2739.750 1317.875 26.578 -2739.359 cv-wallbumps-all-02
1609 0 100 1347 0 -1 0 1314.890 23.380 -2740.334 1314.140 22.750 -2740.469 1316.312 24.546 -2740.110 cv-wallbumps-all-02
1610 0 100 1348 0 -1 0 1324.026 12.020 -2722.505 1323.124 11.359 -2722.891 1325.422 13.297 -2722.235 cv-wallbumps-all-02
1611 0 100 1349 0 -1 0 1317.646 -31.917 -2777.068 1317.422 -33.313 -2777.704 1317.765 -31.031 -2775.812 cv-wallbumps-all-02
1612 0 100 332 0 -1 0 1309.276 -16.974 -2751.563 1309.266 -18.235 -2752.657 1309.281 -16.344 -2751.016 cv-wallbumps-all-02
1613 0 100 1350 0 -1 0 1316.870 -35.813 -2761.610 1316.828 -37.032 -2762.219 1316.906 -35.141 -2760.422 cv-wallbumps-all-02
1614 0 100 675 0 -1 0 1316.969 -38.323 -2759.292 1316.875 -38.969 -2760.407 1317.015 -37.078 -2758.735 cv-wallbumps-all-02
1615 0 100 1351 0 -1 0 1317.932 -39.776 -2755.834 1317.515 -41.078 -2757.032 1318.140 -39.063 -2755.235 cv-wallbumps-all-02
1616 0 100 1352 0 -1 0 1317.292 -42.105 -2758.182 1317.015 -42.766 -2758.766 1317.640 -40.875 -2757.047 cv-wallbumps-all-02
1617 0 100 1353 0 -1 0 1361.458 15.072 -2836.906 1361.078 14.406 -2837.391 1362.125 16.390 -2835.984 cv-wallbumps-all-02
1618 0 100 1354 0 -1 0 1339.703 30.026 -2874.698 1339.046 28.765 -2874.907 1341.015 30.656 -2874.594 cv-wallbumps-all-02
1619 0 100 1355 0 -1 0 1342.328 27.531 -2875.032 1340.999 26.906 -2875.094 1343.000 28.765 -2874.907 cv-wallbumps-all-02
1620 0 100 571 0 -1 0 1365.770 7.411 -2859.990 1364.812 6.781 -2860.625 1366.249 8.671 -2859.672 cv-wallbumps-all-02
1621 0 100 1356 0 -1 0 1360.525 15.036 -2860.823 1359.812 14.359 -2861.094 1361.609 16.312 -2860.438 cv-wallbumps-all-02
1622 0 100 1357 0 -1 0 1354.338 7.021 -2868.667 1353.578 5.687 -2869.188 1354.750 7.734 -2867.641 cv-wallbumps-all-02
1623 0 100 1358 0 -1 0 1271.354 49.416 -2844.229 1270.609 49.265 -2845.547 1272.687 49.672 -2843.359 cv-wallbumps-all-02
1624 0 100 1359 0 -1 0 1249.109 -27.318 -2854.224 1248.140 -27.984 -2854.938 1250.312 -26.250 -2852.891 cv-wallbumps-all-02
1625 0 100 1360 0 -1 0 1261.765 -3.974 -2878.813 1260.125 -4.500 -2880.172 1263.859 -3.704 -2877.750 cv-wallbumps-all-02
1626 0 100 228 0 -1 0 1442.187 49.364 -2759.204 1441.015 49.125 -2760.125 1443.109 49.484 -2758.735 cv-wallbumps-all-02
1627 0 100 1361 0 -1 0 1454.797 42.916 -2751.855 1454.703 42.250 -2752.969 1454.984 44.250 -2751.297 cv-wallbumps-all-02
1628 0 100 1362 0 -1 0 1455.000 45.583 -2754.203 1454.921 44.250 -2754.828 1455.094 46.249 -2752.969 cv-wallbumps-all-02
1629 0 100 1363 0 -1 0 1450.974 39.338 -2748.485 1450.234 38.484 -2748.829 1452.000 40.671 -2748.141 cv-wallbumps-all-02
1630 0 100 588 0 -1 0 1416.380 43.010 -2723.136 1415.078 42.390 -2723.516 1417.031 44.250 -2722.907 cv-wallbumps-all-02
1631 0 100 1364 0 -1 0 1394.817 32.489 -2731.641 1394.328 31.890 -2732.375 1395.140 33.484 -2730.266 cv-wallbumps-all-02
1632 0 100 1365 0 -1 0 1376.396 35.114 -2715.907 1375.984 34.515 -2716.985 1377.093 36.187 -2715.359 cv-wallbumps-all-02
1633 0 100 524 0 -1 0 1387.057 43.750 -2709.985 1386.437 42.953 -2710.282 1388.250 45.344 -2709.563 cv-wallbumps-all-02
1634 0 100 1366 0 -1 0 1389.599 46.750 -2710.370 1388.359 45.156 -2710.672 1390.234 47.641 -2710.126 cv-wallbumps-all-02
1635 0 100 165 0 -1 0 1426.729 14.140 -2849.526 1425.468 12.906 -2849.907 1427.500 15.187 -2848.875 cv-wallbumps-all-02
1636 0 100 1367 0 -1 0 1442.744 -8.120 -2808.256 1442.359 -8.750 -2808.813 1442.968 -6.860 -2807.157 cv-wallbumps-all-02
1637 0 100 1368 0 -1 0 1421.573 -2.615 -2835.438 1420.875 -3.594 -2836.062 1422.781 -1.907 -2834.625 cv-wallbumps-all-02
1638 0 100 1207 0 -1 0 1427.656 -4.583 -2832.573 1426.375 -5.078 -2832.828 1428.296 -3.594 -2832.110 cv-wallbumps-all-02
1639 0 100 1369 0 -1 0 1413.708 -5.662 -2832.110 1413.046 -6.844 -2832.610 1415.015 -5.063 -2831.734 cv-wallbumps-all-02
1640 0 100 1370 0 -1 0 1420.036 -8.105 -2833.271 1418.765 -8.735 -2833.282 1420.672 -6.844 -2833.250 cv-wallbumps-all-02
1641 0 100 1371 0 -1 0 1313.479 -19.839 -2769.370 1313.109 -20.594 -2769.985 1313.672 -18.344 -2768.219 cv-wallbumps-all-02
1642 0 100 1372 0 -1 0 1316.630 -9.370 -2770.553 1316.594 -10.641 -2771.344 1316.687 -8.735 -2768.969 cv-wallbumps-all-02
1643 0 100 1373 0 -1 0 1316.890 -11.802 -2767.297 1316.703 -12.422 -2768.922 1316.984 -10.641 -2766.469 cv-wallbumps-all-02
1644 0 100 1374 0 -1 0 1325.468 3.458 -2878.620 1324.578 2.094 -2879.078 1326.156 4.328 -2877.750 cv-wallbumps-all-02
1645 0 100 1375 0 -1 0 1316.671 -0.917 -2866.464 1316.625 -2.250 -2867.125 1316.734 -0.203 -2865.250 cv-wallbumps-all-02
1646 0 100 365 0 -1 0 1270.172 47.401 -2818.188 1268.765 46.968 -2818.844 1270.984 47.719 -2817.001 cv-wallbumps-all-02
1647 0 100 1376 0 -1 0 1262.661 38.703 -2809.505 1262.062 38.062 -2809.875 1263.766 39.922 -2808.907 cv-wallbumps-all-02
1648 0 100 1377 0 -1 0 1255.359 13.500 -2827.479 1254.531 12.218 -2828.282 1256.218 14.171 -2826.907 cv-wallbumps-all-02
1649 0 100 1239 0 -1 0 1254.718 14.588 -2812.433 1254.500 13.922 -2813.610 1255.156 15.922 -2811.844 cv-wallbumps-all-02
1650 0 100 681 0 -1 0 1255.739 21.239 -2814.761 1255.156 19.906 -2815.360 1256.031 21.922 -2813.610 cv-wallbumps-all-02
1651 0 100 1378 0 -1 0 1257.760 14.896 -2818.292 1256.937 14.156 -2819.235 1258.234 16.093 -2817.235 cv-wallbumps-all-02
1652 0 100 1379 0 -1 0 1249.000 -15.667 -2847.651 1248.922 -16.281 -2848.391 1249.140 -14.438 -2846.250 cv-wallbumps-all-02
1653 0 100 1380 0 -1 0 1249.359 -5.438 -2841.157 1249.281 -6.751 -2843.235 1249.406 -4.485 -2840.016 cv-wallbumps-all-02
1654 0 100 217 0 -1 0 1245.745 -9.339 -2877.360 1244.578 -9.751 -2878.313 1246.890 -9.079 -2876.657 cv-wallbumps-all-02
1655 0 100 1381 0 -1 0 1375.151 17.312 -2707.657 1374.625 16.062 -2709.110 1375.421 18.047 -2706.922 cv-wallbumps-all-02
1656 0 100 1382 0 -1 0 1375.802 24.041 -2706.188 1375.468 23.172 -2706.954 1376.281 24.828 -2704.672 cv-wallbumps-all-02
1657 0 100 263 0 -1 0 1427.656 37.093 -2832.240 1426.390 36.218 -2832.703 1428.296 38.203 -2831.766 cv-wallbumps-all-02
1658 0 100 542 0 -1 0 1429.619 42.896 -2829.224 1427.874 41.672 -2829.953 1431.078 43.547 -2828.797 cv-wallbumps-all-02
1659 0 100 1383 0 -1 0 1452.088 11.323 -2831.891 1452.000 10.719 -2833.079 1452.140 12.484 -2831.297 cv-wallbumps-all-02
1660 0 100 604 0 -1 0 1452.104 13.687 -2834.287 1452.016 12.515 -2834.891 1452.281 14.281 -2833.079 cv-wallbumps-all-02
1661 0 100 1219 0 -1 0 1317.510 34.125 -2781.391 1317.015 32.609 -2782.453 1317.922 35.547 -2780.391 cv-wallbumps-all-02
1662 0 100 1384 0 -1 0 1316.541 38.187 -2783.964 1316.187 36.484 -2784.672 1317.250 39.593 -2782.547 cv-wallbumps-all-02
1663 0 100 1385 0 -1 0 1303.521 10.828 -2794.974 1303.031 10.172 -2795.626 1303.781 11.969 -2793.672 cv-wallbumps-all-02
1664 0 100 321 0 -1 0 1302.463 13.255 -2792.224 1302.234 11.922 -2793.672 1302.921 13.922 -2791.500 cv-wallbumps-all-02
1665 0 100 1386 0 -1 0 1354.760 -27.110 -2711.719 1354.219 -27.750 -2712.938 1355.046 -25.844 -2711.109 cv-wallbumps-all-02
1666 0 100 1387 0 -1 0 1355.171 -20.792 -2719.078 1355.124 -22.063 -2719.719 1355.218 -20.141 -2717.859 cv-wallbumps-all-02
1667 0 100 1388 0 -1 0 1316.057 -16.120 -2734.724 1315.687 -17.453 -2736.000 1316.765 -15.454 -2734.047 cv-wallbumps-all-02
1668 0 100 1389 0 -1 0 1329.932 46.770 -2805.427 1328.609 45.453 -2805.579 1330.609 47.437 -2805.282 cv-wallbumps-all-02
1669 0 100 1390 0 -1 0 1335.468 47.260 -2795.896 1334.249 46.015 -2796.735 1336.422 48.156 -2794.782 cv-wallbumps-all-02
1670 0 100 635 0 -1 0 1329.890 45.687 -2791.901 1328.328 45.546 -2792.407 1330.906 45.953 -2790.907 cv-wallbumps-all-02
1671 0 100 1391 0 -1 0 1364.744 -7.766 -2844.995 1363.093 -8.063 -2845.922 1365.828 -7.422 -2844.157 cv-wallbumps-all-02
1672 0 100 1392 0 -1 0 1371.744 -8.792 -2840.485 1370.593 -9.079 -2841.204 1372.609 -8.563 -2839.672 cv-wallbumps-all-02
1673 0 100 1234 0 -1 0 1363.854 -22.136 -2846.271 1363.093 -22.625 -2847.360 1364.562 -21.156 -2845.485 cv-wallbumps-all-02
1674 0 100 1393 0 -1 0 1218.468 -13.683 -2917.256 1218.297 -14.735 -2917.922 1218.609 -13.094 -2915.953 cv-wallbumps-all-02
1675 0 100 1394 0 -1 0 1217.948 -19.412 -2914.709 1217.890 -19.984 -2916.078 1218.015 -18.313 -2914.016 cv-wallbumps-all-02
1676 0 100 761 0 -1 0 1193.125 -10.886 -2978.162 1192.359 -11.188 -2979.313 1194.609 -10.391 -2977.406 cv-wallbumps-all-02
1677 0 101 402 0 -1 0 1423.781 -18.089 -2723.901 1422.531 -19.000 -2724.547 1424.484 -17.516 -2723.516 cv-wall-02-2x2-high
1678 0 101 1395 0 -1 0 1374.625 -13.860 -2714.735 1373.546 -14.360 -2716.422 1375.390 -13.610 -2713.641 cv-wall-02-2x2-high
1679 0 101 169 0 -1 0 1371.895 26.687 -2823.058 1371.281 25.906 -2823.688 1372.921 27.953 -2822.001 cv-wall-02-2x2-high
1680 0 101 1396 0 -1 0 1382.666 21.270 -2834.438 1382.484 19.984 -2835.032 1382.859 21.937 -2833.250 cv-wall-02-2x2-high
1681 0 101 1397 0 -1 0 1442.614 -0.073 -2792.047 1442.265 -0.625 -2792.610 1442.828 1.000 -2790.953 cv-wall-02-2x2-high
1682 0 101 1398 0 -1 0 1442.692 5.505 -2785.813 1442.156 4.203 -2787.079 1443.359 6.171 -2785.032 cv-wall-02-2x2-high
1683 0 101 1399 0 -1 0 1443.239 -4.302 -2812.073 1442.812 -4.938 -2812.751 1443.703 -3.032 -2810.719 cv-wall-02-2x2-high
1684 0 101 1400 0 -1 0 1322.312 16.671 -2732.828 1321.609 16.156 -2733.219 1323.124 17.625 -2732.297 cv-wall-02-2x2-high
1685 0 101 340 0 -1 0 1341.964 22.135 -2867.516 1340.828 20.875 -2867.750 1342.594 22.890 -2867.172 cv-wall-02-2x2-high
1686 0 101 1401 0 -1 0 1318.505 24.442 -2862.766 1317.750 23.875 -2863.188 1319.531 25.500 -2862.250 cv-wall-02-2x2-high
1687 0 101 1402 0 -1 0 1361.567 21.682 -2838.162 1360.937 20.375 -2839.219 1362.187 22.422 -2837.516 cv-wall-02-2x2-high
1688 0 102 401 0 -1 0 1421.651 0.500 -2722.844 1420.984 -0.078 -2723.094 1422.968 1.484 -2722.625 cv-wall-02-2x2-bumps
1689 0 102 1403 0 -1 0 1375.890 -31.703 -2711.094 1375.125 -32.312 -2711.329 1377.421 -30.547 -2710.969 cv-wall-02-2x2-bumps
1690 0 102 1404 0 -1 0 1377.239 -19.453 -2719.224 1376.359 -20.110 -2720.203 1377.750 -18.219 -2718.422 cv-wall-02-2x2-bumps
1691 0 102 1405 0 -1 0 1405.161 10.000 -2727.110 1404.703 8.781 -2727.610 1405.812 10.765 -2726.282 cv-wall-02-2x2-bumps
1692 0 102 656 0 -1 0 1440.291 27.526 -2823.823 1439.812 27.000 -2825.079 1440.593 28.406 -2823.157 cv-wall-02-2x2-bumps
1693 0 102 1406 0 -1 0 1424.047 36.703 -2833.631 1422.718 35.484 -2834.954 1424.843 37.375 -2832.953 cv-wall-02-2x2-bumps
1694 0 102 1407 0 -1 0 1421.474 34.395 -2834.886 1420.687 33.890 -2836.157 1422.921 35.281 -2833.641 cv-wall-02-2x2-bumps
1695 0 102 1408 0 -1 0 1415.864 34.401 -2834.542 1414.874 33.328 -2835.797 1416.703 35.297 -2833.766 cv-wall-02-2x2-bumps
1696 0 102 1409 0 -1 0 1436.323 3.229 -2840.245 1435.469 2.140 -2841.375 1436.921 3.875 -2839.516 cv-wall-02-2x2-bumps
1697 0 102 1410 0 -1 0 1453.937 5.630 -2764.927 1452.578 4.859 -2765.781 1454.874 6.375 -2764.407 cv-wall-02-2x2-bumps
1698 0 102 1411 0 -1 0 1397.291 -7.933 -2832.026 1395.968 -8.735 -2832.188 1398.031 -6.328 -2831.812 cv-wall-02-2x2-bumps
1699 0 102 1412 0 -1 0 1394.713 -5.344 -2831.792 1394.015 -6.735 -2832.063 1396.000 -4.516 -2831.516 cv-wall-02-2x2-bumps
1700 0 102 1413 0 -1 0 1359.078 3.276 -2720.427 1359.047 2.640 -2721.672 1359.094 4.531 -2719.797 cv-wall-02-2x2-bumps
1701 0 102 1414 0 -1 0 1358.698 5.739 -2722.974 1358.500 4.547 -2723.641 1359.062 6.343 -2721.657 cv-wall-02-2x2-bumps
1702 0 102 1415 0 -1 0 1341.718 -3.730 -2725.240 1339.843 -4.641 -2725.454 1342.781 -1.985 -2725.032 cv-wall-02-2x2-bumps
1703 0 102 1416 0 -1 0 1338.088 -0.188 -2725.339 1337.031 -2.203 -2725.438 1339.984 1.047 -2725.188 cv-wall-02-2x2-bumps
1704 0 102 188 0 -1 0 1350.760 -39.870 -2725.052 1349.671 -41.328 -2725.203 1351.312 -38.953 -2724.860 cv-wall-02-2x2-bumps
1705 0 102 1417 0 -1 0 1317.583 -34.641 -2734.058 1317.031 -35.235 -2735.251 1318.390 -33.453 -2733.376 cv-wall-02-2x2-bumps
1706 0 102 1418 0 -1 0 1318.364 -32.126 -2736.724 1317.718 -33.469 -2737.360 1318.859 -31.454 -2735.547 cv-wall-02-2x2-bumps
1707 0 102 1419 0 -1 0 1315.333 -22.787 -2733.386 1314.718 -23.454 -2733.985 1315.671 -21.454 -2732.219 cv-wall-02-2x2-bumps
1708 0 102 1420 0 -1 0 1314.333 -20.120 -2731.047 1314.062 -21.454 -2732.204 1314.828 -19.453 -2730.469 cv-wall-02-2x2-bumps
1709 0 102 1421 0 -1 0 1314.073 -30.787 -2727.313 1313.609 -31.454 -2728.407 1314.484 -29.454 -2726.688 cv-wall-02-2x2-bumps
1710 0 102 1422 0 -1 0 1314.026 -28.120 -2729.834 1313.515 -29.454 -2730.469 1314.499 -27.453 -2728.703 cv-wall-02-2x2-bumps
1711 0 102 1423 0 -1 0 1310.323 -25.084 -2746.938 1310.047 -26.547 -2747.438 1310.874 -24.250 -2745.938 cv-wall-02-2x2-bumps
1712 0 102 674 0 -1 0 1318.167 -36.125 -2754.532 1317.922 -37.282 -2755.235 1318.438 -35.469 -2753.204 cv-wall-02-2x2-bumps
1713 0 102 1424 0 -1 0 1318.875 -38.844 -2751.896 1318.672 -39.610 -2753.282 1319.000 -37.625 -2751.188 cv-wall-02-2x2-bumps
1714 0 102 1425 0 -1 0 1355.812 -11.318 -2850.214 1355.078 -11.844 -2851.110 1356.687 -10.281 -2849.547 cv-wall-02-2x2-bumps
1715 0 102 1426 0 -1 0 1361.807 -10.136 -2841.886 1361.328 -11.047 -2843.125 1362.390 -9.469 -2841.079 cv-wall-02-2x2-bumps
1716 0 102 1427 0 -1 0 1357.849 -12.589 -2845.704 1357.515 -13.891 -2846.204 1358.469 -11.891 -2844.907 cv-wall-02-2x2-bumps
1717 0 102 1428 0 -1 0 1353.958 -8.995 -2865.375 1353.765 -10.329 -2866.719 1354.109 -8.328 -2864.672 cv-wall-02-2x2-bumps
1718 0 102 1429 0 -1 0 1251.864 13.599 -2832.886 1251.593 12.094 -2834.000 1252.000 14.609 -2832.328 cv-wall-02-2x2-bumps
1719 0 102 294 0 -1 0 1385.614 -2.120 -2829.703 1384.922 -3.250 -2830.328 1386.140 -1.360 -2829.250 cv-wall-02-2x2-bumps
1720 0 102 1430 0 -1 0 1293.250 5.489 -2800.547 1292.078 4.781 -2800.922 1294.109 6.672 -2799.812 cv-wall-02-2x2-bumps
1721 0 102 1431 0 -1 0 1439.614 -19.526 -2732.250 1439.156 -20.282 -2733.016 1439.859 -18.156 -2731.266 cv-wall-02-2x2-bumps
1722 0 102 403 0 -1 0 1428.745 -17.901 -2724.802 1428.047 -18.812 -2725.328 1429.969 -17.282 -2724.344 cv-wall-02-2x2-bumps
1723 0 102 153 0 -1 0 1393.203 -27.235 -2728.198 1391.937 -27.828 -2728.547 1394.125 -26.141 -2727.734 cv-wall-02-2x2-bumps
1724 0 102 1432 0 -1 0 1442.333 -15.698 -2808.240 1442.031 -16.328 -2808.797 1442.844 -14.438 -2807.141 cv-wall-02-2x2-bumps
1725 0 102 1433 0 -1 0 1443.177 1.807 -2795.833 1442.859 0.859 -2796.782 1443.562 2.453 -2795.359 cv-wall-02-2x2-bumps
1726 0 102 1434 0 -1 0 1439.224 -4.308 -2820.131 1439.187 -4.938 -2821.407 1439.281 -3.047 -2819.485 cv-wall-02-2x2-bumps
1727 0 102 1435 0 -1 0 1440.224 1.359 -2826.401 1439.499 0.328 -2827.094 1440.609 1.906 -2825.141 cv-wall-02-2x2-bumps
1728 0 102 465 0 -1 0 1316.432 2.042 -2768.266 1316.140 0.812 -2769.406 1316.578 2.703 -2767.500 cv-wall-02-2x2-bumps
1729 0 102 1265 0 -1 0 1318.406 -4.302 -2777.204 1318.265 -4.938 -2777.751 1318.484 -3.032 -2776.125 cv-wall-02-2x2-bumps
1730 0 102 1436 0 -1 0 1340.031 -34.714 -2712.797 1339.031 -35.375 -2713.094 1340.547 -33.453 -2712.234 cv-wall-02-2x2-bumps
1731 0 102 726 0 -1 0 1331.875 -20.120 -2710.677 1331.218 -21.454 -2710.688 1333.188 -19.453 -2710.657 cv-wall-02-2x2-bumps
1732 0 102 333 0 -1 0 1317.807 -41.177 -2739.751 1317.390 -42.985 -2740.360 1318.500 -39.734 -2738.563 cv-wall-02-2x2-bumps
1733 0 102 1437 0 -1 0 1321.614 -39.620 -2729.646 1320.969 -40.016 -2731.125 1321.968 -39.266 -2728.234 cv-wall-02-2x2-bumps
1734 0 102 1438 0 -1 0 1317.885 -15.678 -2778.355 1317.797 -16.344 -2779.610 1318.062 -14.422 -2777.704 cv-wall-02-2x2-bumps
1735 0 102 1439 0 -1 0 1318.088 -9.401 -2780.891 1318.062 -10.688 -2781.563 1318.125 -8.735 -2779.594 cv-wall-02-2x2-bumps
1736 0 102 1440 0 -1 0 1317.739 -35.917 -2777.198 1317.609 -37.234 -2777.782 1317.812 -35.203 -2776.047 cv-wall-02-2x2-bumps
1737 0 102 1441 0 -1 0 1316.661 -42.282 -2770.563 1316.594 -42.922 -2771.344 1316.781 -41.032 -2769.001 cv-wall-02-2x2-bumps
1738 0 107 1442 0 -1 0 1200.864 -9.349 -2975.432 1199.625 -9.391 -2977.219 1201.609 -9.266 -2974.094 cv-wall-roof-01
1739 0 107 1443 0 -1 0 1197.572 -9.636 -2977.698 1196.765 -9.813 -2978.500 1198.953 -9.547 -2976.438 cv-wall-roof-01
1740 0 107 1444 0 -1 0 1196.468 -9.573 -2973.443 1195.140 -9.938 -2974.204 1197.578 -9.391 -2972.204 cv-wall-roof-01
1741 0 107 1445 0 -1 0 1202.614 -9.370 -2973.756 1201.609 -9.391 -2975.125 1203.843 -9.328 -2972.047 cv-wall-roof-01
1742 0 108 1446 0 -1 0 1205.203 -9.703 -2976.542 1203.843 -9.969 -2978.016 1206.187 -9.328 -2975.125 cv-wall-roof-02
1743 0 108 1447 0 -1 0 1201.849 -9.516 -2978.427 1201.109 -9.751 -2979.172 1203.078 -9.266 -2977.219 cv-wall-roof-02
1744 0 108 1444 0 -1 0 1196.573 -9.625 -2974.855 1195.140 -9.938 -2976.438 1197.578 -9.391 -2973.922 cv-wall-roof-02
1745 0 108 761 0 -1 0 1193.192 -10.776 -2976.906 1192.406 -11.079 -2977.766 1194.609 -10.391 -2975.547 cv-wall-roof-02
1746 0 28 184 0 -1 0 1321.567 14.953 -2728.224 1320.703 14.859 -2729.282 1322.718 15.125 -2726.578 cv-wall-02-2x2
1747 0 28 330 0 -1 0 1317.828 -12.120 -2738.172 1317.656 -13.438 -2739.125 1318.140 -11.453 -2737.657 cv-wall-02-2x2
1748 0 28 348 0 -1 0 1291.593 50.281 -2821.365 1291.093 49.781 -2821.938 1292.594 51.281 -2820.876 cv-wall-02-2x2
1749 0 28 387 0 -1 0 1263.937 -8.823 -2883.990 1261.937 -9.844 -2884.188 1264.937 -8.312 -2883.610 cv-wall-02-2x2
1750 0 28 423 0 -1 0 1397.833 62.057 -2814.328 1397.515 60.641 -2815.109 1398.469 62.953 -2813.938 cv-wall-02-2x2
1751 0 28 461 0 -1 0 1349.932 51.422 -2775.125 1348.641 50.546 -2775.188 1350.578 52.062 -2775.016 cv-wall-02-2x2
1752 0 31 182 0 -1 0 1328.078 14.359 -2721.620 1327.312 13.484 -2722.000 1329.374 14.953 -2721.250 cv-wallbumps-all
1753 0 31 423 0 -1 0 1397.833 63.651 -2814.328 1397.515 62.578 -2815.109 1398.469 65.421 -2813.938 cv-wallbumps-all
1754 0 31 348 0 -1 0 1291.593 49.224 -2820.974 1291.093 48.109 -2821.282 1292.594 49.781 -2820.766 cv-wallbumps-all
1755 0 31 461 0 -1 0 1351.198 51.604 -2775.151 1350.578 50.546 -2775.251 1352.437 52.203 -2775.016 cv-wallbumps-all
1756 0 31 387 0 -1 0 1265.838 -8.828 -2884.224 1264.937 -9.844 -2884.313 1267.640 -8.312 -2884.172 cv-wallbumps-all
1757 0 31 759 0 -1 0 1213.224 -11.459 -2928.490 1212.641 -12.656 -2929.001 1214.062 -10.485 -2928.016 cv-wallbumps-all
1758 0 36 769 0 -1 0 1354.562 -25.823 -2858.813 1352.906 -26.000 -2859.719 1355.469 -25.735 -2858.157 cv-floorfringe-03-2x2
1759 0 37 769 0 -1 0 1356.021 -25.552 -2858.349 1355.312 -25.735 -2859.719 1357.281 -25.188 -2857.172 cv-floorfringe-01-2x2
1760 0 100 182 0 -1 0 1326.692 14.448 -2721.938 1325.219 13.484 -2722.203 1327.546 14.953 -2721.610 cv-wallbumps-all-02
1761 0 102 249 0 -1 0 1414.343 -5.745 -2728.802 1413.515 -7.031 -2729.219 1414.890 -5.032 -2728.547 cv-wall-02-2x2-bumps
1762 0 102 330 0 -1 0 1317.901 -10.823 -2738.115 1317.687 -11.469 -2739.125 1318.140 -9.547 -2737.562 cv-wall-02-2x2-bumps
1763 0 28 145 0 -1 0 1465.203 26.812 -2759.073 1464.859 26.172 -2759.703 1465.750 28.062 -2758.422 cv-wall-02-2x2
1764 0 28 243 0 -1 0 1421.781 -13.250 -2716.693 1420.781 -14.626 -2716.922 1422.296 -12.531 -2716.578 cv-wall-02-2x2
1765 0 28 323 0 -1 0 1342.589 -11.865 -2718.235 1341.891 -12.360 -2719.454 1343.172 -11.610 -2717.516 cv-wall-02-2x2
1766 0 28 412 0 -1 0 1441.947 6.588 -2788.386 1441.718 6.062 -2789.078 1442.156 7.531 -2787.079 cv-wall-02-2x2
1767 0 28 414 0 -1 0 1421.010 53.416 -2795.969 1420.296 52.594 -2796.235 1422.438 53.875 -2795.453 cv-wall-02-2x2
1768 0 28 420 0 -1 0 1435.745 34.245 -2829.854 1435.312 33.000 -2830.406 1436.484 35.093 -2829.094 cv-wall-02-2x2
1769 0 28 459 0 -1 0 1356.974 56.046 -2778.730 1355.734 55.828 -2779.579 1358.672 56.234 -2778.297 cv-wall-02-2x2
1770 0 28 487 0 -1 0 1326.458 8.640 -2878.209 1325.656 7.906 -2878.344 1327.656 9.328 -2878.047 cv-wall-02-2x2
1771 0 31 420 0 -1 0 1435.802 35.614 -2829.703 1435.437 34.640 -2830.063 1436.484 37.109 -2829.094 cv-wallbumps-all
1772 0 31 243 0 -1 0 1421.765 -11.922 -2716.698 1420.781 -12.594 -2716.922 1422.265 -10.641 -2716.578 cv-wallbumps-all
1773 0 31 412 0 -1 0 1441.901 6.489 -2789.641 1441.718 5.875 -2790.844 1442.015 7.531 -2789.000 cv-wallbumps-all
1774 0 31 487 0 -1 0 1325.390 8.823 -2877.943 1324.453 7.906 -2878.344 1326.062 9.328 -2877.250 cv-wallbumps-all
1775 0 31 459 0 -1 0 1355.542 55.817 -2778.698 1354.375 55.547 -2779.579 1356.515 56.078 -2778.203 cv-wallbumps-all
1776 0 31 145 0 -1 0 1465.265 25.536 -2758.745 1465.000 24.234 -2759.703 1465.750 26.203 -2758.110 cv-wallbumps-all
1777 0 31 414 0 -1 0 1419.531 53.343 -2795.995 1417.999 52.594 -2796.297 1420.296 53.875 -2795.453 cv-wallbumps-all
1778 0 31 323 0 -1 0 1342.036 -11.849 -2717.089 1341.046 -12.360 -2717.735 1343.172 -11.579 -2716.016 cv-wallbumps-all
1779 0 37 784 0 -1 0 1263.495 -24.110 -2811.115 1261.922 -24.141 -2811.922 1264.375 -24.047 -2809.969 cv-floorfringe-01-2x2
1780 0 98 1202 0 -1 0 1401.922 35.614 -2833.104 1401.125 34.875 -2833.641 1402.531 36.578 -2832.219 cv-wallbumps-all-high
1781 0 100 252 0 -1 0 1430.396 -21.193 -2726.141 1429.562 -22.751 -2726.469 1431.000 -20.375 -2725.875 cv-wallbumps-all-02
1782 0 100 1202 0 -1 0 1402.177 34.916 -2834.011 1401.125 34.484 -2834.938 1402.875 35.391 -2833.453 cv-wallbumps-all-02
1783 0 102 252 0 -1 0 1430.620 -19.865 -2726.219 1429.562 -20.453 -2726.469 1431.297 -18.766 -2726.079 cv-wall-02-2x2-bumps
1784 0 28 150 0 -1 0 1444.151 -16.974 -2735.855 1443.796 -18.235 -2736.501 1444.859 -16.344 -2735.532 cv-wall-02-2x2
1785 0 28 163 0 -1 0 1438.963 28.489 -2828.115 1438.578 27.937 -2829.657 1439.499 29.140 -2827.157 cv-wall-02-2x2
1786 0 28 329 0 -1 0 1364.875 -7.521 -2768.776 1364.734 -8.859 -2769.610 1364.984 -6.844 -2768.156 cv-wall-02-2x2
1787 0 28 501 0 -1 0 1239.437 -12.115 -2912.969 1238.062 -12.407 -2913.547 1240.624 -11.531 -2912.501 cv-wall-02-2x2
1788 0 31 531 0 -1 0 1447.703 5.786 -2742.823 1447.609 4.515 -2743.360 1447.750 6.438 -2741.828 cv-wallbumps-all
1789 0 31 241 0 -1 0 1450.552 4.484 -2758.323 1449.484 3.547 -2758.860 1451.406 5.000 -2757.563 cv-wallbumps-all
1790 0 31 329 0 -1 0 1365.104 -6.204 -2768.656 1364.734 -6.860 -2769.610 1365.593 -4.907 -2768.156 cv-wallbumps-all
1791 0 31 150 0 -1 0 1444.151 -15.709 -2735.855 1443.796 -16.344 -2736.501 1444.859 -14.438 -2735.532 cv-wallbumps-all
1792 0 31 206 0 -1 0 1262.031 35.916 -2808.542 1261.266 35.422 -2809.313 1263.031 36.734 -2807.688 cv-wallbumps-all
1793 0 35 770 0 -1 0 1244.359 -26.229 -2870.006 1242.609 -26.594 -2870.953 1245.406 -25.938 -2869.454 cv-cavefloor-01-2x2
1794 0 35 784 0 -1 0 1265.062 -24.026 -2811.818 1264.375 -24.047 -2812.891 1266.375 -24.016 -2811.110 cv-cavefloor-01-2x2
1795 0 37 377 0 -1 0 1260.234 -24.292 -2822.141 1259.531 -24.344 -2823.422 1260.609 -24.266 -2821.032 cv-floorfringe-01-2x2
1796 0 54 770 0 -1 0 1244.896 -26.953 -2870.136 1244.218 -28.110 -2870.953 1245.406 -26.156 -2869.610 cv-wall-to-ground-01
1797 0 98 1162 0 -1 0 1456.192 36.270 -2754.224 1455.593 35.828 -2754.876 1456.515 37.062 -2752.938 cv-wallbumps-all-high
1798 0 98 1169 0 -1 0 1408.302 12.338 -2720.271 1407.812 11.890 -2721.157 1408.671 13.140 -2718.907 cv-wallbumps-all-high
1799 0 98 206 0 -1 0 1260.922 35.942 -2809.224 1259.703 35.500 -2809.735 1261.797 36.734 -2808.625 cv-wallbumps-all-high
1800 0 100 531 0 -1 0 1447.703 7.057 -2742.776 1447.609 6.406 -2743.282 1447.750 8.328 -2741.828 cv-wallbumps-all-02
1801 0 100 501 0 -1 0 1240.479 -12.683 -2913.339 1239.625 -13.235 -2913.969 1241.187 -12.407 -2912.501 cv-wallbumps-all-02
1802 0 100 1162 0 -1 0 1456.067 36.244 -2755.521 1455.593 35.749 -2756.829 1456.468 37.062 -2754.860 cv-wallbumps-all-02
1803 0 100 410 0 -1 0 1404.734 -1.771 -2730.542 1404.281 -3.032 -2730.876 1405.640 -1.141 -2730.376 cv-wallbumps-all-02
1804 0 101 1169 0 -1 0 1408.031 12.213 -2721.526 1407.812 11.609 -2722.672 1408.422 13.140 -2720.750 cv-wall-02-2x2-high
1805 0 102 410 0 -1 0 1404.734 -0.511 -2730.542 1404.281 -1.141 -2730.876 1405.640 0.750 -2730.376 cv-wall-02-2x2-bumps
1806 0 102 163 0 -1 0 1439.177 28.942 -2826.683 1438.812 27.937 -2827.532 1439.499 29.750 -2825.360 cv-wall-02-2x2-bumps
1807 0 28 203 0 -1 0 1293.229 -13.454 -2794.360 1292.937 -14.766 -2795.141 1293.750 -12.797 -2793.953 cv-wall-02-2x2
1808 0 28 240 0 -1 0 1456.729 -15.709 -2752.771 1456.062 -16.344 -2753.094 1457.062 -14.438 -2752.125 cv-wall-02-2x2
1809 0 28 252 0 -1 0 1431.536 -19.875 -2726.490 1431.000 -20.453 -2726.891 1432.312 -18.766 -2726.110 cv-wall-02-2x2
1810 0 28 410 0 -1 0 1403.880 -1.771 -2730.151 1403.078 -3.032 -2730.376 1404.281 -1.141 -2729.704 cv-wall-02-2x2
1811 0 28 415 0 -1 0 1399.849 60.906 -2805.875 1399.141 60.312 -2806.328 1401.047 61.797 -2804.969 cv-wall-02-2x2
1812 0 31 528 0 -1 0 1408.921 48.036 -2742.479 1408.124 47.343 -2742.766 1410.234 48.437 -2741.907 cv-wallbumps-all
1813 0 31 507 0 -1 0 1418.229 14.953 -2852.073 1418.062 14.234 -2852.688 1418.421 16.234 -2851.344 cv-wallbumps-all
1814 0 31 567 0 -1 0 1301.479 39.302 -2796.485 1301.046 38.375 -2796.907 1302.281 40.781 -2796.266 cv-wallbumps-all
1815 0 31 569 0 -1 0 1342.318 24.302 -2874.646 1340.984 23.859 -2875.094 1343.015 25.140 -2874.344 cv-wallbumps-all
1816 0 31 252 0 -1 0 1431.312 -21.203 -2726.412 1430.625 -22.751 -2726.891 1432.312 -20.407 -2725.875 cv-wallbumps-all
1817 0 36 773 0 -1 0 1221.843 -25.792 -2910.974 1220.921 -25.922 -2912.422 1222.312 -25.672 -2910.188 cv-floorfringe-03-2x2
1818 0 37 773 0 -1 0 1221.781 -25.714 -2909.469 1220.921 -25.782 -2910.313 1222.296 -25.672 -2907.906 cv-floorfringe-01-2x2
1819 0 42 203 0 -1 0 1293.151 -12.089 -2794.401 1292.765 -12.797 -2795.141 1293.750 -10.672 -2793.985 cv-stal-01
1820 0 98 150 0 -1 0 1443.526 -15.709 -2735.146 1442.984 -16.344 -2735.532 1443.796 -14.438 -2734.375 cv-wallbumps-all-high
1821 0 98 415 0 -1 0 1398.526 60.234 -2805.870 1397.078 59.781 -2806.328 1399.359 60.609 -2804.969 cv-wallbumps-all-high
1822 0 98 507 0 -1 0 1418.255 13.677 -2851.422 1418.062 12.406 -2852.688 1418.421 14.390 -2850.235 cv-wallbumps-all-high
1823 0 98 567 0 -1 0 1301.484 37.958 -2796.490 1301.062 36.750 -2796.907 1302.281 38.750 -2796.266 cv-wallbumps-all-high
1824 0 99 569 0 -1 0 1343.646 24.208 -2874.677 1342.953 23.625 -2875.094 1344.969 25.140 -2874.438 cv-wallbumps-all-high02
1825 0 100 528 0 -1 0 1407.703 48.198 -2742.479 1406.578 47.343 -2742.766 1408.406 48.812 -2741.907 cv-wallbumps-all-02
1826 0 101 410 0 -1 0 1403.880 -0.511 -2730.151 1403.078 -1.141 -2730.376 1404.281 0.750 -2729.704 cv-wall-02-2x2-high
1827 0 102 240 0 -1 0 1456.729 -16.974 -2752.771 1456.062 -18.235 -2753.094 1457.062 -16.344 -2752.125 cv-wall-02-2x2-bumps
1828 0 102 241 0 -1 0 1451.046 5.385 -2759.417 1450.156 4.890 -2760.094 1452.218 6.265 -2758.860 cv-wall-02-2x2-bumps
1829 0 102 150 0 -1 0 1443.526 -16.974 -2735.146 1442.984 -18.235 -2735.532 1443.796 -16.344 -2734.375 cv-wall-02-2x2-bumps
1830 0 28 220 0 -1 0 1437.088 13.583 -2712.078 1436.453 12.250 -2712.407 1437.406 14.249 -2711.422 cv-wall-02-2x2
1831 0 28 296 0 -1 0 1393.875 -27.521 -2832.818 1393.828 -28.000 -2833.844 1393.921 -26.797 -2831.844 cv-wall-02-2x2
1832 0 28 433 0 -1 0 1387.187 34.755 -2830.370 1386.281 33.734 -2831.219 1387.921 35.515 -2829.610 cv-wall-02-2x2
1833 0 28 468 0 -1 0 1337.182 -32.120 -2711.448 1336.328 -33.453 -2711.610 1337.609 -31.454 -2711.125 cv-wall-02-2x2
1834 0 28 498 0 -1 0 1239.776 -9.813 -2903.724 1238.531 -9.922 -2904.312 1240.640 -9.641 -2903.047 cv-wall-02-2x2
1835 0 31 540 0 -1 0 1446.891 18.916 -2805.235 1446.828 18.250 -2805.688 1447.015 20.250 -2804.329 cv-wallbumps-all
1836 0 31 296 0 -1 0 1393.218 -27.157 -2832.032 1391.953 -27.766 -2832.766 1393.874 -26.797 -2831.485 cv-wallbumps-all
1837 0 31 563 0 -1 0 1333.442 11.854 -2720.667 1332.594 11.265 -2720.750 1333.937 12.968 -2720.501 cv-wallbumps-all
1838 0 31 196 0 -1 0 1355.463 16.156 -2861.943 1355.015 15.375 -2862.282 1355.968 17.343 -2861.328 cv-wallbumps-all
1839 0 31 220 0 -1 0 1437.088 14.911 -2712.078 1436.453 14.249 -2712.407 1437.406 16.234 -2711.422 cv-wallbumps-all
1840 0 31 433 0 -1 0 1386.937 35.989 -2829.948 1386.281 35.015 -2830.282 1387.359 37.437 -2829.610 cv-wallbumps-all
1841 0 31 498 0 -1 0 1240.843 -10.120 -2904.084 1240.156 -10.563 -2904.891 1241.734 -9.875 -2903.047 cv-wallbumps-all
1842 0 100 540 0 -1 0 1446.891 17.583 -2805.235 1446.828 16.250 -2805.688 1447.015 18.250 -2804.329 cv-wallbumps-all-02
1843 0 100 563 0 -1 0 1333.505 10.677 -2720.662 1332.594 9.437 -2720.750 1333.984 11.328 -2720.501 cv-wallbumps-all-02
1844 0 28 160 0 -1 0 1428.161 48.739 -2780.130 1427.296 48.531 -2780.531 1429.359 49.015 -2779.328 cv-wall-02-2x2
1845 0 28 168 0 -1 0 1374.318 34.119 -2821.615 1373.015 33.531 -2822.079 1375.062 34.984 -2821.063 cv-wall-02-2x2
1846 0 28 201 0 -1 0 1316.093 23.651 -2859.136 1315.640 22.953 -2859.688 1316.999 24.578 -2858.500 cv-wall-02-2x2
1847 0 28 202 0 -1 0 1318.828 29.786 -2862.157 1318.718 28.687 -2862.985 1319.031 30.453 -2861.125 cv-wall-02-2x2
1848 0 28 256 0 -1 0 1450.192 7.130 -2775.584 1449.265 6.578 -2776.266 1451.484 7.609 -2775.203 cv-wall-02-2x2
1849 0 28 303 0 -1 0 1368.791 17.583 -2708.698 1368.359 16.250 -2708.813 1369.656 18.250 -2708.547 cv-wall-02-2x2
1850 0 28 432 0 -1 0 1379.093 29.776 -2820.927 1378.718 28.625 -2821.454 1379.796 30.359 -2820.625 cv-wall-02-2x2
1851 0 31 158 0 -1 0 1443.745 25.177 -2794.146 1442.515 24.843 -2794.454 1444.797 25.843 -2793.672 cv-wallbumps-all
1852 0 31 160 0 -1 0 1426.791 48.286 -2780.130 1425.249 47.656 -2780.531 1427.828 48.671 -2779.328 cv-wallbumps-all
1853 0 31 256 0 -1 0 1449.125 6.192 -2775.776 1448.281 4.797 -2776.266 1449.828 7.203 -2775.282 cv-wallbumps-all
1854 0 36 791 0 -1 0 1375.703 -22.927 -2763.240 1375.062 -23.078 -2763.860 1376.969 -22.844 -2762.563 cv-floorfringe-03-2x2
1855 0 36 824 0 -1 0 1370.661 -24.339 -2800.084 1369.421 -24.485 -2800.516 1371.281 -24.266 -2799.235 cv-floorfringe-03-2x2
1856 0 37 791 0 -1 0 1374.437 -22.771 -2763.428 1373.172 -22.860 -2763.860 1375.078 -22.610 -2762.563 cv-floorfringe-01-2x2
1857 0 38 824 0 -1 0 1371.911 -24.209 -2800.099 1371.281 -24.266 -2800.547 1373.172 -24.094 -2799.235 cv-floorfringe-02-2x2
1858 0 41 201 0 -1 0 1315.354 22.505 -2858.907 1314.781 21.140 -2859.688 1315.640 23.421 -2858.500 cv-stal-01-merge
1859 0 98 202 0 -1 0 1319.021 31.005 -2861.724 1318.734 30.218 -2862.360 1319.297 32.344 -2861.125 cv-wallbumps-all-high
1860 0 99 303 0 -1 0 1368.791 18.916 -2708.448 1368.359 18.250 -2708.813 1369.656 20.250 -2707.984 cv-wallbumps-all-high02
1861 0 99 196 0 -1 0 1355.125 15.161 -2861.860 1354.390 14.359 -2862.219 1355.968 15.750 -2861.328 cv-wallbumps-all-high02
1862 0 100 432 0 -1 0 1379.109 30.979 -2820.927 1378.765 30.343 -2821.454 1379.796 32.234 -2820.625 cv-wallbumps-all-02
1863 0 100 168 0 -1 0 1375.609 34.255 -2821.162 1374.874 33.843 -2821.703 1376.890 34.984 -2820.719 cv-wallbumps-all-02
1864 0 100 202 0 -1 0 1319.468 31.026 -2862.396 1319.031 30.281 -2863.141 1320.078 32.344 -2861.688 cv-wallbumps-all-02
1865 0 101 202 0 -1 0 1319.275 29.807 -2862.829 1318.718 28.687 -2863.141 1320.078 30.453 -2862.360 cv-wall-02-2x2-high
1866 0 28 196 0 -1 0 1354.937 16.291 -2862.594 1354.390 15.750 -2863.282 1355.406 17.343 -2862.219 cv-wall-02-2x2
1867 0 28 456 0 -1 0 1334.354 8.167 -2720.938 1333.984 7.531 -2721.344 1335.094 9.437 -2720.735 cv-wall-02-2x2
1868 0 28 507 0 -1 0 1418.698 15.166 -2851.474 1418.203 14.390 -2852.188 1419.469 16.234 -2850.891 cv-wall-02-2x2
1869 0 98 1177 0 -1 0 1449.145 -0.511 -2769.151 1448.687 -1.141 -2769.829 1449.374 0.750 -2768.813 cv-wallbumps-all-high
1870 0 98 1221 0 -1 0 1270.916 17.370 -2794.875 1270.109 15.922 -2795.094 1271.328 18.093 -2794.766 cv-wallbumps-all-high
1871 0 98 1227 0 -1 0 1316.969 -23.308 -2775.250 1316.328 -23.938 -2775.563 1317.297 -22.063 -2774.672 cv-wallbumps-all-high
1872 0 100 1221 0 -1 0 1270.911 18.948 -2794.875 1270.109 18.093 -2795.094 1271.312 20.656 -2794.766 cv-wallbumps-all-02
1873 0 100 456 0 -1 0 1334.354 6.901 -2720.938 1333.984 5.640 -2721.344 1335.094 7.531 -2720.735 cv-wallbumps-all-02
1874 0 100 1227 0 -1 0 1316.969 -24.563 -2775.131 1316.328 -25.829 -2775.516 1317.297 -23.922 -2774.672 cv-wallbumps-all-02
1875 0 100 507 0 -1 0 1418.724 13.890 -2850.823 1418.281 12.406 -2851.344 1419.469 14.874 -2850.235 cv-wallbumps-all-02
1876 0 100 1177 0 -1 0 1449.145 -1.771 -2769.151 1448.687 -3.032 -2769.829 1449.374 -1.141 -2768.813 cv-wallbumps-all-02
1877 0 28 156 0 -1 0 1436.265 42.536 -2804.953 1435.953 41.187 -2805.438 1436.531 43.344 -2804.141 cv-wall-02-2x2
1878 0 28 250 0 -1 0 1411.802 -5.542 -2729.922 1411.156 -6.797 -2730.266 1412.203 -4.876 -2729.704 cv-wall-02-2x2
1879 0 28 451 0 -1 0 1356.896 29.583 -2709.547 1356.421 28.250 -2710.204 1357.140 30.250 -2709.219 cv-wall-02-2x2
1880 0 98 250 0 -1 0 1411.870 -4.297 -2729.881 1411.156 -4.954 -2730.266 1412.250 -3.063 -2729.672 cv-wallbumps-all-high
1881 0 98 156 0 -1 0 1436.552 43.906 -2804.885 1436.312 43.078 -2805.282 1436.812 45.297 -2804.141 cv-wallbumps-all-high
1882 0 100 389 0 -1 0 1214.385 -11.099 -2955.505 1214.047 -11.375 -2956.375 1215.031 -10.547 -2954.860 cv-wallbumps-all-02
1883 0 101 196 0 -1 0 1354.599 15.297 -2862.511 1354.390 14.359 -2863.282 1355.015 15.781 -2862.032 cv-wall-02-2x2-high
1884 0 28 157 0 -1 0 1440.817 18.937 -2796.714 1440.250 18.250 -2797.312 1441.109 20.265 -2796.016 cv-wall-02-2x2
1885 0 28 325 0 -1 0 1355.130 -34.735 -2721.568 1354.859 -35.375 -2721.969 1355.390 -33.469 -2720.828 cv-wall-02-2x2
1886 0 31 325 0 -1 0 1355.312 -36.016 -2721.641 1355.140 -37.313 -2722.125 1355.406 -35.359 -2720.828 cv-wallbumps-all
1887 0 31 760 0 -1 0 1202.614 -8.922 -2967.943 1200.656 -8.985 -2968.297 1204.047 -8.891 -2967.625 cv-wallbumps-all
1888 0 41 992 0 -1 0 1262.599 43.458 -2844.542 1262.062 42.672 -2844.703 1263.390 44.641 -2844.438 cv-stal-01-merge
1889 0 42 992 0 -1 0 1262.755 42.192 -2844.688 1262.343 40.843 -2844.876 1263.390 43.062 -2844.485 cv-stal-01
1890 0 100 157 0 -1 0 1440.828 17.604 -2796.464 1440.250 16.265 -2796.813 1441.125 18.297 -2796.016 cv-wallbumps-all-02
1891 0 100 760 0 -1 0 1204.411 -8.995 -2968.558 1203.140 -9.204 -2969.751 1206.047 -8.891 -2967.625 cv-wallbumps-all-02
1892 0 28 373 0 -1 0 1274.937 4.729 -2805.031 1273.906 3.640 -2805.672 1276.000 5.500 -2804.609 cv-wall-02-2x2
1893 0 41 373 0 -1 0 1274.302 5.942 -2804.557 1273.906 5.046 -2804.813 1274.906 7.281 -2804.251 cv-stal-01-merge
1894 0 28 305 0 -1 0 1362.958 -8.120 -2706.948 1362.328 -8.735 -2707.313 1363.328 -6.891 -2706.766 cv-wall-02-2x2
1895 0 28 324 0 -1 0 1333.375 -14.652 -2719.365 1332.547 -15.141 -2720.094 1334.281 -13.797 -2718.657 cv-wall-02-2x2
1896 0 28 409 0 -1 0 1397.547 4.229 -2729.318 1396.250 3.718 -2729.594 1398.281 4.656 -2729.126 cv-wall-02-2x2
1897 0 41 942 0 -1 0 1439.135 13.250 -2789.370 1438.640 12.453 -2789.688 1439.875 14.750 -2789.016 cv-stal-01-merge
1898 0 41 324 0 -1 0 1332.750 -15.917 -2720.016 1332.406 -17.594 -2720.610 1333.297 -15.016 -2719.344 cv-stal-01-merge
1899 0 42 942 0 -1 0 1439.375 11.744 -2789.193 1438.890 10.234 -2789.407 1439.875 12.547 -2789.016 cv-stal-01
1900 0 98 158 0 -1 0 1444.323 24.833 -2794.219 1443.921 23.812 -2794.672 1444.797 25.843 -2793.672 cv-wallbumps-all-high
1901 0 99 305 0 -1 0 1362.958 -9.355 -2706.948 1362.328 -10.594 -2707.313 1363.328 -8.735 -2706.766 cv-wallbumps-all-high02
1902 0 101 409 0 -1 0 1398.828 4.385 -2729.141 1398.109 3.718 -2729.594 1400.093 4.781 -2728.703 cv-wall-02-2x2-high
1903 0 28 460 0 -1 0 1362.995 50.870 -2773.521 1361.781 50.156 -2774.032 1363.890 51.297 -2773.203 cv-wall-02-2x2
1904 0 31 554 0 -1 0 1359.802 43.229 -2707.761 1359.109 42.312 -2708.062 1360.171 44.953 -2707.594 cv-wallbumps-all
1905 0 31 451 0 -1 0 1357.276 30.916 -2708.943 1357.062 30.250 -2709.219 1357.640 32.250 -2708.391 cv-wallbumps-all
1906 0 31 460 0 -1 0 1364.349 51.401 -2773.453 1363.312 51.156 -2774.032 1365.844 51.749 -2773.125 cv-wallbumps-all
1907 0 41 961 0 -1 0 1363.114 56.015 -2761.157 1362.656 55.094 -2761.297 1363.796 57.562 -2761.047 cv-stal-01-merge
1908 0 42 961 0 -1 0 1363.260 54.666 -2761.105 1362.890 53.515 -2761.297 1363.796 55.390 -2760.969 cv-stal-01
1909 0 99 554 0 -1 0 1359.781 41.656 -2707.422 1359.109 40.234 -2707.626 1360.124 42.421 -2707.047 cv-wallbumps-all-high02
1910 0 28 158 0 -1 0 1443.562 24.500 -2794.479 1442.515 23.812 -2794.672 1444.250 24.843 -2794.313 cv-wall-02-2x2
1911 0 28 382 0 -1 0 1242.786 -12.906 -2858.922 1242.640 -13.516 -2859.501 1242.984 -11.766 -2858.594 cv-wall-02-2x2
1912 0 28 204 0 -1 0 1316.739 -1.006 -2861.256 1316.453 -2.376 -2861.360 1317.312 -0.281 -2861.125 cv-wall-02-2x2
1913 0 41 988 0 -1 0 1311.125 18.416 -2860.959 1310.812 17.609 -2861.422 1311.406 19.937 -2860.297 cv-stal-01-merge
1914 0 42 988 0 -1 0 1311.375 16.833 -2860.818 1311.156 15.187 -2861.156 1311.562 17.703 -2860.297 cv-stal-01
1915 0 99 1224 0 -1 0 1358.495 -28.370 -2707.781 1358.203 -29.641 -2707.828 1359.078 -27.735 -2707.688 cv-wallbumps-all-high02
1916 0 100 204 0 -1 0 1316.734 0.344 -2861.047 1316.437 -0.359 -2861.360 1317.312 1.672 -2860.657 cv-wallbumps-all-02
1917 0 28 185 0 -1 0 1302.026 40.338 -2757.282 1301.297 39.984 -2757.953 1302.874 40.562 -2756.469 cv-wall-02-2x2
1918 0 31 368 0 -1 0 1267.890 11.125 -2797.807 1267.515 10.703 -2798.829 1268.374 11.406 -2796.922 cv-wallbumps-all
1919 0 41 954 0 -1 0 1410.286 -35.141 -2831.615 1409.890 -36.157 -2831.876 1410.844 -33.469 -2831.469 cv-stal-01-merge
1920 0 41 956 0 -1 0 1415.166 -34.792 -2831.974 1414.609 -35.766 -2832.297 1415.578 -33.204 -2831.734 cv-stal-01-merge
1921 0 42 956 0 -1 0 1415.036 -36.318 -2831.771 1414.609 -37.781 -2831.891 1415.312 -35.406 -2831.688 cv-stal-01
1922 0 42 954 0 -1 0 1410.437 -36.693 -2831.381 1410.125 -38.126 -2831.500 1410.844 -35.797 -2831.172 cv-stal-01
1923 0 98 1224 0 -1 0 1358.005 -27.105 -2708.016 1357.609 -27.735 -2708.391 1358.203 -25.844 -2707.828 cv-wallbumps-all-high
1924 0 28 191 0 -1 0 1313.968 -24.339 -2759.771 1313.953 -25.594 -2760.282 1313.999 -23.703 -2759.516 cv-wall-02-2x2
1925 0 31 191 0 -1 0 1313.968 -23.094 -2759.771 1313.953 -23.719 -2760.282 1313.999 -21.860 -2759.516 cv-wallbumps-all
1926 0 41 970 0 -1 0 1357.620 -4.375 -2723.667 1357.281 -5.188 -2723.860 1357.812 -2.844 -2723.281 cv-stal-01-merge
1927 0 41 986 0 -1 0 1312.875 18.739 -2858.886 1312.796 17.921 -2859.359 1312.969 20.281 -2858.625 cv-stal-01-merge
1928 0 42 970 0 -1 0 1357.552 -5.938 -2723.667 1357.281 -7.532 -2723.860 1357.765 -5.094 -2723.281 cv-stal-01
1929 0 42 986 0 -1 0 1312.885 17.172 -2858.896 1312.796 15.578 -2859.359 1312.969 18.015 -2858.625 cv-stal-01
1930 0 28 442 0 -1 0 1383.396 -0.339 -2779.620 1383.015 -1.266 -2780.266 1383.640 0.359 -2779.235 cv-wall-02-2x2
1931 0 28 491 0 -1 0 1282.557 55.536 -2852.344 1282.343 55.343 -2853.703 1282.968 55.812 -2851.657 cv-wall-02-2x2
1932 0 31 185 0 -1 0 1301.640 39.838 -2757.204 1301.297 38.968 -2757.719 1301.906 40.562 -2756.469 cv-wallbumps-all
1933 0 31 491 0 -1 0 1282.557 55.786 -2851.006 1282.343 55.453 -2851.672 1282.968 56.093 -2849.688 cv-wallbumps-all
1934 0 98 442 0 -1 0 1383.198 0.416 -2778.787 1383.015 -0.110 -2779.359 1383.531 1.000 -2777.766 cv-wallbumps-all-high
1935 0 100 489 0 -1 0 1275.198 20.651 -2796.094 1274.687 19.640 -2796.297 1275.593 21.531 -2795.828 cv-wallbumps-all-02
1936 0 28 368 0 -1 0 1267.609 11.693 -2798.000 1267.515 11.265 -2798.829 1267.781 12.406 -2797.501 cv-wall-02-2x2
1937 0 98 185 0 -1 0 1302.166 39.807 -2757.698 1301.718 38.968 -2757.953 1302.874 40.468 -2757.422 cv-wallbumps-all-high
1938 0 98 368 0 -1 0 1267.896 11.505 -2797.365 1267.531 10.703 -2797.672 1268.374 12.406 -2796.922 cv-wallbumps-all-high
1939 0 28 257 0 -1 0 1443.198 14.947 -2779.078 1443.140 14.265 -2779.281 1443.312 16.250 -2778.782 cv-wall-02-2x2
1940 0 100 257 0 -1 0 1443.192 13.729 -2779.209 1443.124 12.594 -2779.563 1443.312 14.328 -2778.782 cv-wallbumps-all-02
1941 0 28 465 0 -1 0 1316.421 3.390 -2767.964 1316.109 2.703 -2768.219 1316.578 4.562 -2767.782 cv-wall-02-2x2
1942 0 31 465 0 -1 0 1316.421 2.140 -2767.724 1316.109 0.812 -2767.891 1316.578 2.906 -2767.500 cv-wallbumps-all
1943 0 41 931 0 -1 0 1432.323 -33.995 -2723.266 1431.953 -34.859 -2723.391 1432.718 -32.469 -2723.188 cv-stal-01-merge
1944 0 42 931 0 -1 0 1432.463 -35.469 -2723.344 1432.297 -36.891 -2723.422 1432.718 -34.656 -2723.219 cv-stal-01
1945 0 98 489 0 -1 0 1275.489 20.468 -2796.526 1275.312 19.640 -2797.125 1275.593 20.984 -2796.157 cv-wallbumps-all-high
1946 0 100 485 0 -1 0 1290.421 -6.334 -2806.250 1289.703 -7.094 -2806.360 1290.828 -5.813 -2806.188 cv-wallbumps-all-02
1947 0 28 489 0 -1 0 1275.187 21.099 -2796.417 1274.687 20.781 -2797.125 1275.562 21.531 -2795.828 cv-wall-02-2x2
1948 0 31 485 0 -1 0 1290.682 -5.886 -2806.115 1289.703 -6.094 -2806.204 1291.609 -5.750 -2805.953 cv-wallbumps-all
1949 0 28 485 0 -1 0 1291.057 -6.313 -2806.172 1290.734 -7.094 -2806.360 1291.609 -5.750 -2805.953 cv-wall-02-2x2
1950 0 41 968 0 -1 0 1312.682 1.510 -2797.193 1312.390 0.250 -2797.344 1313.031 2.172 -2797.078 cv-stal-01-merge
1951 0 42 968 0 -1 0 1312.447 2.781 -2797.141 1312.328 2.109 -2797.344 1312.624 4.062 -2797.000 cv-stal-01
1952 0 21 15 0 -1 0 1436.187 12.437 -2784.245 1435.874 12.437 -2784.594 1436.500 12.437 -2783.891 cv-supportpole-endtri-2x2x2
1953 0 21 16 0 -1 0 1436.187 12.437 -2779.632 1435.874 12.437 -2779.984 1436.500 12.437 -2779.281 cv-supportpole-endtri-2x2x2
1954 0 21 17 0 -1 0 1431.343 12.437 -2779.632 1431.031 12.437 -2779.984 1431.656 12.437 -2779.281 cv-supportpole-endtri-2x2x2
1955 0 21 18 0 -1 0 1431.343 12.437 -2784.245 1431.031 12.437 -2784.594 1431.656 12.437 -2783.891 cv-supportpole-endtri-2x2x2
1956 0 21 19 0 -1 0 1327.562 0.250 -2735.605 1327.250 0.250 -2735.954 1327.875 0.250 -2735.251 cv-supportpole-endtri-2x2x2
1957 0 21 20 0 -1 0 1327.562 0.250 -2730.991 1327.250 0.250 -2731.344 1327.875 0.250 -2730.641 cv-supportpole-endtri-2x2x2
1958 0 21 21 0 -1 0 1322.718 0.250 -2730.991 1322.406 0.250 -2731.344 1323.031 0.250 -2730.641 cv-supportpole-endtri-2x2x2
1959 0 21 22 0 -1 0 1322.718 0.250 -2735.605 1322.406 0.250 -2735.954 1323.031 0.250 -2735.251 cv-supportpole-endtri-2x2x2
1960 1 104 2809 0 -1 0 1372.044 12.111 -2789.727 1369.300 9.234 -2791.322 1374.925 14.828 -2788.697 cv-robo-precursor-metal-edging-01
1961 1 104 2810 0 -1 0 1374.014 12.111 -2767.709 1371.140 9.234 -2768.740 1376.757 14.828 -2766.114 cv-robo-precursor-metal-edging-01
1962 1 88 2682 0 -1 0 1427.639 -43.373 -2819.519 1424.654 -43.607 -2822.503 1430.623 -43.138 -2816.534 cmn-precursor-metal-plain-01
1963 1 88 2683 0 -1 0 1199.489 -25.679 -2972.134 1196.505 -25.945 -2975.120 1202.473 -25.413 -2969.148 cmn-precursor-metal-plain-01
1964 1 89 2680 0 -1 0 1371.854 -12.025 -2791.721 1368.185 -12.064 -2794.466 1375.716 -11.986 -2787.801 cmn-precursor-stonehenge-rim
1965 1 89 2681 0 -1 0 1374.183 -12.034 -2765.688 1370.331 -12.073 -2769.611 1377.862 -11.995 -2762.946 cmn-precursor-stonehenge-rim
1966 1 106 2793 0 -1 0 1370.075 -17.067 -2791.034 1369.346 -18.377 -2791.345 1370.855 -16.299 -2790.718 cv-robo-precursor-plainstripe
1967 1 25 2375 0 -1 0 1393.729 11.544 -2731.157 1392.096 11.173 -2731.314 1395.362 11.907 -2731.001 cv-spatula-rim-02a
1968 1 25 2376 0 -1 0 1389.635 11.544 -2731.157 1388.002 11.173 -2731.314 1391.268 11.907 -2731.001 cv-spatula-rim-02a
1969 1 25 2377 0 -1 0 1385.673 11.544 -2731.157 1384.040 11.173 -2731.314 1387.305 11.907 -2731.001 cv-spatula-rim-02a
1970 1 25 2378 0 -1 0 1393.761 11.544 -2736.592 1392.128 11.173 -2736.748 1395.393 11.907 -2736.435 cv-spatula-rim-02a
1971 1 25 2379 0 -1 0 1385.704 11.544 -2736.592 1384.071 11.173 -2736.748 1387.337 11.907 -2736.435 cv-spatula-rim-02a
1972 1 25 2380 0 -1 0 1381.758 11.544 -2736.592 1380.125 11.173 -2736.748 1383.391 11.907 -2736.435 cv-spatula-rim-02a
1973 1 25 2381 0 -1 0 1389.666 11.544 -2736.592 1388.033 11.173 -2736.748 1391.299 11.907 -2736.435 cv-spatula-rim-02a
1974 1 25 2382 0 -1 0 1421.774 -12.418 -2736.746 1420.141 -12.789 -2736.902 1423.407 -12.055 -2736.589 cv-spatula-rim-02a
1975 1 25 2383 0 -1 0 1421.743 -12.418 -2731.311 1420.110 -12.789 -2731.468 1423.375 -12.055 -2731.155 cv-spatula-rim-02a
1976 1 25 2384 0 -1 0 1409.712 -12.399 -2736.655 1408.079 -12.770 -2736.811 1411.345 -12.036 -2736.499 cv-spatula-rim-02a
1977 1 25 2385 0 -1 0 1409.681 -12.399 -2731.221 1408.048 -12.770 -2731.377 1411.314 -12.036 -2731.065 cv-spatula-rim-02a
1978 1 25 2386 0 -1 0 1396.612 -0.404 -2761.874 1396.456 -0.775 -2763.506 1396.769 -0.041 -2760.241 cv-spatula-rim-02a
1979 1 25 2387 0 -1 0 1391.178 -0.404 -2761.905 1391.022 -0.775 -2763.538 1391.334 -0.041 -2760.272 cv-spatula-rim-02a
1980 1 25 2388 0 -1 0 1381.727 11.544 -2731.157 1380.094 11.173 -2731.314 1383.360 11.907 -2731.001 cv-spatula-rim-02a
1981 1 25 2389 0 -1 0 1361.681 -0.343 -2799.336 1360.048 -0.714 -2799.492 1363.314 0.020 -2799.180 cv-spatula-rim-02a
1982 1 25 2390 0 -1 0 1365.712 11.546 -2799.336 1364.080 11.175 -2799.492 1367.345 11.909 -2799.180 cv-spatula-rim-02a
1983 1 25 2391 0 -1 0 1373.829 11.532 -2804.689 1372.197 11.160 -2804.845 1375.462 11.895 -2804.532 cv-spatula-rim-02a
1984 1 25 2392 0 -1 0 1373.798 11.532 -2799.254 1372.165 11.160 -2799.411 1375.431 11.895 -2799.098 cv-spatula-rim-02a
1985 1 25 2393 0 -1 0 1353.792 -12.408 -2736.653 1352.159 -12.780 -2736.809 1355.425 -12.045 -2736.496 cv-spatula-rim-02a
1986 1 25 2394 0 -1 0 1353.761 -12.408 -2731.218 1352.128 -12.780 -2731.375 1355.394 -12.045 -2731.062 cv-spatula-rim-02a
1987 1 25 2395 0 -1 0 1345.720 -12.408 -2736.665 1344.087 -12.780 -2736.822 1347.352 -12.045 -2736.509 cv-spatula-rim-02a
1988 1 25 2396 0 -1 0 1345.688 -12.408 -2731.231 1344.055 -12.780 -2731.387 1347.321 -12.045 -2731.075 cv-spatula-rim-02a
1989 1 25 2397 0 -1 0 1337.676 -12.408 -2736.729 1336.044 -12.780 -2736.885 1339.309 -12.045 -2736.572 cv-spatula-rim-02a
1990 1 25 2398 0 -1 0 1337.645 -12.408 -2731.294 1336.012 -12.780 -2731.450 1339.278 -12.045 -2731.138 cv-spatula-rim-02a
1991 1 25 2399 0 -1 0 1361.696 -12.550 -2799.267 1360.063 -12.921 -2799.424 1363.329 -12.187 -2799.111 cv-spatula-rim-02a
1992 1 25 2400 0 -1 0 1328.490 -12.276 -2769.498 1328.334 -12.647 -2771.130 1328.646 -11.913 -2767.865 cv-spatula-rim-02a
1993 1 25 2401 0 -1 0 1323.056 -12.276 -2769.529 1322.899 -12.647 -2771.162 1323.212 -11.913 -2767.896 cv-spatula-rim-02a
1994 1 25 2402 0 -1 0 1335.959 -0.575 -2779.019 1334.327 -0.946 -2779.175 1337.592 -0.212 -2778.863 cv-spatula-rim-02a
1995 1 25 2403 0 -1 0 1339.809 -0.575 -2779.019 1338.176 -0.946 -2779.175 1341.441 -0.212 -2778.863 cv-spatula-rim-02a
1996 1 25 2404 0 -1 0 1335.991 -0.575 -2784.453 1334.358 -0.946 -2784.609 1337.624 -0.212 -2784.297 cv-spatula-rim-02a
1997 1 25 2405 0 -1 0 1339.840 -0.575 -2784.453 1338.207 -0.946 -2784.609 1341.473 -0.212 -2784.297 cv-spatula-rim-02a
1998 1 25 2406 0 -1 0 1361.712 -0.343 -2804.770 1360.080 -0.714 -2804.927 1363.345 0.020 -2804.614 cv-spatula-rim-02a
1999 1 25 2407 0 -1 0 1365.744 11.546 -2804.770 1364.111 11.175 -2804.927 1367.377 11.909 -2804.614 cv-spatula-rim-02a
2000 1 25 2408 0 -1 0 1361.727 -12.550 -2804.702 1360.095 -12.921 -2804.858 1363.360 -12.187 -2804.545 cv-spatula-rim-02a
2001 1 106 2792 0 -1 0 1370.066 -14.477 -2791.118 1368.597 -16.064 -2791.719 1371.600 -12.096 -2790.666 cv-robo-precursor-plainstripe
2002 1 106 2798 0 -1 0 1372.317 -14.486 -2765.966 1370.791 -16.073 -2766.418 1373.794 -12.104 -2765.365 cv-robo-precursor-plainstripe
2003 1 106 2799 0 -1 0 1375.505 -14.486 -2766.251 1373.965 -16.073 -2766.703 1376.984 -12.104 -2765.651 cv-robo-precursor-plainstripe
2004 1 22 2331 0 -1 0 1399.980 5.181 -2759.666 1399.421 3.725 -2760.069 1400.370 6.560 -2759.093 cv-supportpole-end-2x2
2005 1 22 2334 0 -1 0 1396.914 -6.742 -2798.970 1396.262 -8.119 -2799.650 1397.416 -5.408 -2798.436 cv-supportpole-end-2x2
2006 1 22 2335 0 -1 0 1346.560 2.422 -2778.838 1345.990 1.300 -2779.900 1346.969 3.573 -2777.835 cv-supportpole-end-2x2
2007 1 22 2337 0 -1 0 1366.671 -6.135 -2730.433 1366.172 -7.425 -2731.266 1367.313 -4.859 -2729.713 cv-supportpole-end-2x2
2008 1 22 2338 0 -1 0 1340.572 -10.852 -2730.632 1340.052 -12.246 -2731.260 1341.242 -9.510 -2730.161 cv-supportpole-end-2x2
2009 1 22 2341 0 -1 0 1371.091 -7.351 -2805.580 1370.560 -8.812 -2805.919 1371.771 -5.973 -2805.395 cv-supportpole-end-2x2
2010 1 106 2787 0 -1 0 1373.808 -14.729 -2767.133 1372.088 -16.979 -2767.706 1375.605 -11.432 -2766.548 cv-robo-precursor-plainstripe
2011 1 104 2783 0 -1 0 1368.186 -9.481 -2790.361 1367.345 -10.142 -2793.574 1369.736 -8.814 -2787.358 cv-robo-precursor-metal-edging-01
2012 1 104 2791 0 -1 0 1373.485 -9.481 -2794.080 1370.162 -10.142 -2795.253 1376.076 -8.814 -2791.607 cv-robo-precursor-metal-edging-01
2013 1 104 2795 0 -1 0 1376.207 -9.490 -2763.656 1372.960 -10.151 -2766.498 1378.437 -8.823 -2762.246 cv-robo-precursor-metal-edging-01
2014 1 103 2811 0 -1 0 1370.007 -11.330 -2792.087 1369.502 -13.533 -2793.081 1370.513 -9.127 -2791.092 cv-robo-precursor-metal-plain-01dk
2015 1 103 2812 0 -1 0 1370.055 -15.658 -2791.550 1369.855 -16.924 -2792.062 1370.255 -14.392 -2791.038 cv-robo-precursor-metal-plain-01dk
2016 1 103 2813 0 -1 0 1375.620 -11.339 -2765.287 1375.115 -13.542 -2766.282 1376.126 -9.136 -2764.293 cv-robo-precursor-metal-plain-01dk
2017 1 103 2815 0 -1 0 1375.574 -15.667 -2765.809 1375.374 -16.932 -2766.321 1375.774 -14.401 -2765.297 cv-robo-precursor-metal-plain-01dk
2018 1 103 2816 0 -1 0 1372.384 -15.667 -2765.523 1372.184 -16.932 -2766.035 1372.584 -14.401 -2765.012 cv-robo-precursor-metal-plain-01dk
2019 1 30 2811 0 -1 0 1370.007 -11.330 -2792.087 1369.502 -13.533 -2793.081 1370.513 -9.127 -2791.092 environment-darkcave
2020 1 30 2812 0 -1 0 1370.055 -15.658 -2791.550 1369.855 -16.924 -2792.062 1370.255 -14.392 -2791.038 environment-darkcave
2021 1 30 2813 0 -1 0 1375.620 -11.339 -2765.287 1375.115 -13.542 -2766.282 1376.126 -9.136 -2764.293 environment-darkcave
2022 1 30 2815 0 -1 0 1375.574 -15.667 -2765.809 1375.374 -16.932 -2766.321 1375.774 -14.401 -2765.297 environment-darkcave
2023 1 30 2816 0 -1 0 1372.384 -15.667 -2765.523 1372.184 -16.932 -2766.035 1372.584 -14.401 -2765.012 environment-darkcave
2024 1 21 1860 0 -1 0 1380.791 55.840 -2785.432 1380.223 55.665 -2785.954 1381.291 56.075 -2784.878 cv-supportpole-endtri-2x2x2
2025 1 21 1861 0 -1 0 1380.627 71.839 -2786.078 1380.219 71.828 -2786.496 1380.993 71.851 -2785.626 cv-supportpole-endtri-2x2x2
2026 1 21 1862 0 -1 0 1390.203 60.064 -2767.097 1389.709 59.867 -2767.706 1390.701 60.331 -2766.564 cv-supportpole-endtri-2x2x2
2027 1 21 1863 0 -1 0 1390.186 77.850 -2767.102 1389.775 77.838 -2767.552 1390.590 77.862 -2766.676 cv-supportpole-endtri-2x2x2
2028 1 21 1864 0 -1 0 1390.648 45.108 -2766.673 1390.087 44.934 -2767.232 1391.164 45.344 -2766.181 cv-supportpole-endtri-2x2x2
2029 1 21 1865 0 -1 0 1391.305 61.108 -2766.775 1390.848 61.096 -2767.169 1391.720 61.119 -2766.425 cv-supportpole-endtri-2x2x2
2030 1 21 1866 0 -1 0 1390.741 25.230 -2767.712 1390.180 25.056 -2768.271 1391.258 25.466 -2767.220 cv-supportpole-endtri-2x2x2
2031 1 21 1867 0 -1 0 1391.399 41.230 -2767.815 1390.942 41.218 -2768.209 1391.813 41.241 -2767.465 cv-supportpole-endtri-2x2x2
2032 1 21 1868 0 -1 0 1437.383 -2.619 -2741.107 1436.825 -2.829 -2741.610 1437.869 -2.464 -2740.616 cv-supportpole-endtri-2x2x2
2033 1 21 1869 0 -1 0 1437.450 -17.292 -2740.578 1437.022 -17.297 -2740.906 1437.875 -17.287 -2740.204 cv-supportpole-endtri-2x2x2
2034 1 21 1870 0 -1 0 1435.642 -2.745 -2730.805 1435.199 -2.950 -2731.308 1436.107 -2.596 -2730.230 cv-supportpole-endtri-2x2x2
2035 1 21 1871 0 -1 0 1436.294 -17.413 -2730.743 1435.929 -17.418 -2731.156 1436.662 -17.409 -2730.311 cv-supportpole-endtri-2x2x2
2036 1 21 1872 0 -1 0 1425.023 -2.644 -2730.892 1424.460 -2.867 -2731.380 1425.513 -2.479 -2730.414 cv-supportpole-endtri-2x2x2
2037 1 21 1873 0 -1 0 1425.026 -17.326 -2730.854 1424.596 -17.338 -2731.176 1425.450 -17.315 -2730.484 cv-supportpole-endtri-2x2x2
2038 1 21 1874 0 -1 0 1397.372 -2.893 -2730.000 1396.862 -3.110 -2730.479 1397.858 -2.733 -2729.454 cv-supportpole-endtri-2x2x2
2039 1 21 1875 0 -1 0 1397.698 -17.574 -2729.980 1397.279 -17.580 -2730.338 1398.091 -17.568 -2729.585 cv-supportpole-endtri-2x2x2
2040 1 21 1876 0 -1 0 1391.228 -4.146 -2730.331 1390.743 -4.368 -2730.857 1391.748 -3.980 -2729.867 cv-supportpole-endtri-2x2x2
2041 1 21 1877 0 -1 0 1390.797 -18.823 -2730.549 1390.406 -18.833 -2730.925 1391.223 -18.812 -2730.214 cv-supportpole-endtri-2x2x2
2042 1 21 1878 0 -1 0 1436.928 -22.796 -2741.081 1436.401 -23.004 -2741.604 1437.393 -22.645 -2740.598 cv-supportpole-endtri-2x2x2
2043 1 21 1879 0 -1 0 1437.170 -37.473 -2740.641 1436.801 -37.473 -2741.070 1437.498 -37.473 -2740.252 cv-supportpole-endtri-2x2x2
2044 1 21 1880 0 -1 0 1435.659 -21.765 -2730.227 1435.202 -21.973 -2730.729 1436.131 -21.614 -2729.652 cv-supportpole-endtri-2x2x2
2045 1 21 1881 0 -1 0 1436.159 -36.442 -2730.266 1435.782 -36.442 -2730.673 1436.534 -36.442 -2729.838 cv-supportpole-endtri-2x2x2
2046 1 21 1882 0 -1 0 1424.971 -20.978 -2730.563 1424.468 -21.186 -2731.049 1425.458 -20.827 -2730.007 cv-supportpole-endtri-2x2x2
2047 1 21 1883 0 -1 0 1425.450 -35.655 -2730.708 1425.037 -35.655 -2731.079 1425.841 -35.655 -2730.304 cv-supportpole-endtri-2x2x2
2048 1 21 1884 0 -1 0 1420.143 -18.879 -2730.635 1419.674 -19.137 -2731.196 1420.675 -18.691 -2730.133 cv-supportpole-endtri-2x2x2
2049 1 21 1885 0 -1 0 1419.975 -36.492 -2730.452 1419.592 -36.498 -2730.840 1420.410 -36.486 -2730.091 cv-supportpole-endtri-2x2x2
2050 1 21 1886 0 -1 0 1430.354 -13.079 -2730.454 1429.837 -13.321 -2730.926 1430.842 -12.902 -2729.917 cv-supportpole-endtri-2x2x2
2051 1 21 1887 0 -1 0 1430.899 -29.796 -2730.433 1430.476 -29.801 -2730.780 1431.291 -29.790 -2730.046 cv-supportpole-endtri-2x2x2
2052 1 21 1888 0 -1 0 1420.656 -18.982 -2737.497 1420.179 -19.250 -2738.050 1421.192 -18.778 -2737.004 cv-supportpole-endtri-2x2x2
2053 1 21 1889 0 -1 0 1420.003 -36.487 -2737.984 1419.620 -36.504 -2738.372 1420.438 -36.468 -2737.623 cv-supportpole-endtri-2x2x2
2054 1 21 1890 0 -1 0 1424.971 -39.246 -2730.563 1424.468 -39.455 -2731.049 1425.458 -39.095 -2730.007 cv-supportpole-endtri-2x2x2
2055 1 21 1891 0 -1 0 1425.450 -53.923 -2730.708 1425.037 -53.923 -2731.079 1425.841 -53.923 -2730.304 cv-supportpole-endtri-2x2x2
2056 1 21 1892 0 -1 0 1390.870 -39.617 -2730.413 1390.394 -39.858 -2730.968 1391.363 -39.431 -2729.923 cv-supportpole-endtri-2x2x2
2057 1 21 1893 0 -1 0 1391.124 -54.291 -2730.854 1390.734 -54.316 -2731.260 1391.535 -54.268 -2730.481 cv-supportpole-endtri-2x2x2
2058 1 21 1894 0 -1 0 1435.659 -37.703 -2730.227 1435.202 -37.911 -2730.729 1436.131 -37.552 -2729.652 cv-supportpole-endtri-2x2x2
2059 1 21 1895 0 -1 0 1436.159 -52.380 -2730.266 1435.782 -52.380 -2730.673 1436.534 -52.380 -2729.838 cv-supportpole-endtri-2x2x2
2060 1 21 1896 0 -1 0 1430.354 -36.440 -2730.072 1429.837 -36.682 -2730.544 1430.842 -36.263 -2729.535 cv-supportpole-endtri-2x2x2
2061 1 21 1897 0 -1 0 1430.899 -53.156 -2730.050 1430.476 -53.162 -2730.398 1431.291 -53.150 -2729.664 cv-supportpole-endtri-2x2x2
2062 1 21 1898 0 -1 0 1397.132 -25.345 -2730.014 1396.666 -25.553 -2730.515 1397.607 -25.194 -2729.440 cv-supportpole-endtri-2x2x2
2063 1 21 1899 0 -1 0 1397.630 -40.022 -2730.069 1397.246 -40.022 -2730.471 1398.009 -40.022 -2729.643 cv-supportpole-endtri-2x2x2
2064 1 21 1900 0 -1 0 1420.143 -32.514 -2729.673 1419.674 -32.771 -2730.233 1420.675 -32.325 -2729.170 cv-supportpole-endtri-2x2x2
2065 1 21 1901 0 -1 0 1419.975 -50.126 -2729.490 1419.592 -50.132 -2729.878 1420.410 -50.120 -2729.128 cv-supportpole-endtri-2x2x2
2066 1 21 1902 0 -1 0 1390.870 -25.234 -2730.683 1390.394 -25.474 -2731.238 1391.363 -25.049 -2730.193 cv-supportpole-endtri-2x2x2
2067 1 21 1903 0 -1 0 1391.124 -39.908 -2731.123 1390.734 -39.933 -2731.529 1391.535 -39.885 -2730.751 cv-supportpole-endtri-2x2x2
2068 1 21 1904 0 -1 0 1390.107 -20.504 -2746.198 1389.562 -20.788 -2746.708 1390.591 -20.290 -2745.709 cv-supportpole-endtri-2x2x2
2069 1 21 1905 0 -1 0 1389.402 -39.232 -2745.657 1389.006 -39.250 -2746.075 1389.763 -39.213 -2745.265 cv-supportpole-endtri-2x2x2
2070 1 21 1906 0 -1 0 1438.425 -22.964 -2752.276 1437.883 -23.172 -2752.799 1438.910 -22.803 -2751.799 cv-supportpole-endtri-2x2x2
2071 1 21 1907 0 -1 0 1439.805 -37.581 -2752.054 1439.434 -37.612 -2752.483 1440.136 -37.553 -2751.666 cv-supportpole-endtri-2x2x2
2072 1 21 1908 0 -1 0 1437.424 -23.309 -2760.703 1436.864 -23.527 -2761.198 1437.918 -23.145 -2760.215 cv-supportpole-endtri-2x2x2
2073 1 21 1909 0 -1 0 1437.048 -37.975 -2760.105 1436.637 -37.990 -2760.512 1437.428 -37.961 -2759.716 cv-supportpole-endtri-2x2x2
2074 1 21 1910 0 -1 0 1401.169 -23.911 -2762.450 1400.594 -24.119 -2762.891 1401.671 -23.760 -2761.993 cv-supportpole-endtri-2x2x2
2075 1 21 1911 0 -1 0 1401.160 -38.588 -2761.948 1400.728 -38.588 -2762.305 1401.577 -38.588 -2761.585 cv-supportpole-endtri-2x2x2
2076 1 21 1912 0 -1 0 1437.162 -0.925 -2751.829 1436.639 -1.134 -2752.350 1437.620 -0.772 -2751.345 cv-supportpole-endtri-2x2x2
2077 1 21 1913 0 -1 0 1437.577 -15.597 -2751.416 1437.204 -15.602 -2751.843 1437.907 -15.592 -2751.026 cv-supportpole-endtri-2x2x2
2078 1 21 1914 0 -1 0 1437.345 -1.843 -2760.493 1436.775 -2.054 -2760.976 1437.841 -1.688 -2760.012 cv-supportpole-endtri-2x2x2
2079 1 21 1915 0 -1 0 1437.684 -16.517 -2760.040 1437.265 -16.524 -2760.437 1438.075 -16.510 -2759.655 cv-supportpole-endtri-2x2x2
2080 1 21 1916 0 -1 0 1400.320 -1.455 -2761.500 1399.777 -1.684 -2762.006 1400.796 -1.281 -2761.022 cv-supportpole-endtri-2x2x2
2081 1 21 1917 0 -1 0 1400.465 -16.135 -2761.685 1400.073 -16.152 -2762.105 1400.819 -16.117 -2761.294 cv-supportpole-endtri-2x2x2
2082 1 21 1918 0 -1 0 1437.378 -7.179 -2772.722 1436.914 -7.438 -2773.211 1437.903 -6.988 -2772.199 cv-supportpole-endtri-2x2x2
2083 1 21 1919 0 -1 0 1437.562 -24.933 -2773.425 1437.227 -24.944 -2773.815 1437.939 -24.922 -2772.999 cv-supportpole-endtri-2x2x2
2084 1 21 1920 0 -1 0 1390.052 -17.350 -2759.222 1389.507 -17.604 -2759.732 1390.535 -17.158 -2758.733 cv-supportpole-endtri-2x2x2
2085 1 21 1921 0 -1 0 1389.498 -34.072 -2758.696 1389.101 -34.088 -2759.113 1389.859 -34.054 -2758.304 cv-supportpole-endtri-2x2x2
2086 1 21 1922 0 -1 0 1397.625 -23.885 -2779.408 1397.076 -24.094 -2779.917 1398.106 -23.734 -2778.919 cv-supportpole-endtri-2x2x2
2087 1 21 1923 0 -1 0 1397.792 -38.562 -2778.935 1397.395 -38.562 -2779.352 1398.153 -38.562 -2778.543 cv-supportpole-endtri-2x2x2
2088 1 21 1924 0 -1 0 1397.295 -2.682 -2778.881 1396.737 -2.890 -2779.380 1397.784 -2.531 -2778.394 cv-supportpole-endtri-2x2x2
2089 1 21 1925 0 -1 0 1397.433 -17.359 -2778.399 1397.026 -17.359 -2778.809 1397.807 -17.359 -2778.008 cv-supportpole-endtri-2x2x2
2090 1 21 1926 0 -1 0 1381.591 -21.723 -2798.117 1381.148 -21.931 -2798.620 1382.054 -21.572 -2797.542 cv-supportpole-endtri-2x2x2
2091 1 21 1927 0 -1 0 1382.092 -36.400 -2798.129 1381.726 -36.400 -2798.542 1382.460 -36.400 -2797.698 cv-supportpole-endtri-2x2x2
2092 1 21 1928 0 -1 0 1381.940 -1.819 -2798.438 1381.441 -2.041 -2798.930 1382.428 -1.651 -2797.881 cv-supportpole-endtri-2x2x2
2093 1 21 1929 0 -1 0 1382.477 -16.485 -2797.991 1382.068 -16.500 -2798.367 1382.867 -16.468 -2797.583 cv-supportpole-endtri-2x2x2
2094 1 21 1930 0 -1 0 1397.400 -24.215 -2798.654 1396.837 -24.424 -2799.148 1397.892 -24.062 -2798.168 cv-supportpole-endtri-2x2x2
2095 1 21 1931 0 -1 0 1397.694 -38.887 -2798.168 1397.282 -38.892 -2798.574 1398.074 -38.883 -2797.779 cv-supportpole-endtri-2x2x2
2096 1 21 1932 0 -1 0 1397.064 -3.320 -2798.549 1396.497 -3.522 -2799.047 1397.592 -3.175 -2798.097 cv-supportpole-endtri-2x2x2
2097 1 21 1933 0 -1 0 1397.641 -17.978 -2797.892 1397.258 -17.990 -2798.293 1398.027 -17.968 -2797.525 cv-supportpole-endtri-2x2x2
2098 1 21 1934 0 -1 0 1378.574 64.764 -2773.331 1378.090 64.567 -2773.940 1379.054 65.032 -2772.801 cv-supportpole-endtri-2x2x2
2099 1 21 1935 0 -1 0 1378.556 82.550 -2773.335 1378.193 82.538 -2773.795 1378.933 82.562 -2772.888 cv-supportpole-endtri-2x2x2
2100 1 21 1936 0 -1 0 1379.002 39.230 -2774.039 1378.463 39.055 -2774.628 1379.524 39.465 -2773.520 cv-supportpole-endtri-2x2x2
2101 1 21 1937 0 -1 0 1379.627 55.229 -2774.273 1379.185 55.218 -2774.702 1380.044 55.241 -2773.880 cv-supportpole-endtri-2x2x2
2102 1 21 1938 0 -1 0 1379.118 59.108 -2773.002 1378.579 58.933 -2773.591 1379.640 59.343 -2772.483 cv-supportpole-endtri-2x2x2
2103 1 21 1939 0 -1 0 1379.742 75.107 -2773.236 1379.301 75.095 -2773.665 1380.160 75.118 -2772.843 cv-supportpole-endtri-2x2x2
2104 1 21 1940 0 -1 0 1348.703 63.299 -2783.265 1348.092 63.101 -2783.752 1349.237 63.566 -2782.797 cv-supportpole-endtri-2x2x2
2105 1 21 1941 0 -1 0 1348.698 81.085 -2783.249 1348.241 81.073 -2783.642 1349.135 81.097 -2782.857 cv-supportpole-endtri-2x2x2
2106 1 21 1942 0 -1 0 1349.090 57.642 -2783.746 1348.523 57.467 -2784.268 1349.591 57.877 -2783.192 cv-supportpole-endtri-2x2x2
2107 1 21 1943 0 -1 0 1348.927 73.641 -2784.392 1348.519 73.630 -2784.810 1349.292 73.653 -2783.940 cv-supportpole-endtri-2x2x2
2108 1 21 1944 0 -1 0 1380.404 61.496 -2784.951 1379.793 61.299 -2785.438 1380.938 61.764 -2784.482 cv-supportpole-endtri-2x2x2
2109 1 21 1945 0 -1 0 1380.398 79.282 -2784.935 1379.941 79.270 -2785.328 1380.835 79.294 -2784.543 cv-supportpole-endtri-2x2x2
2110 1 21 1946 0 -1 0 1353.884 45.619 -2784.217 1353.395 45.464 -2784.696 1354.394 45.832 -2783.670 cv-supportpole-endtri-2x2x2
2111 1 21 1947 0 -1 0 1353.412 60.672 -2784.388 1353.021 60.672 -2784.747 1353.831 60.672 -2783.992 cv-supportpole-endtri-2x2x2
2112 1 21 1948 0 -1 0 1361.869 45.619 -2784.217 1361.381 45.464 -2784.696 1362.379 45.832 -2783.670 cv-supportpole-endtri-2x2x2
2113 1 21 1949 0 -1 0 1361.398 60.672 -2784.388 1361.006 60.672 -2784.747 1361.816 60.672 -2783.992 cv-supportpole-endtri-2x2x2
2114 1 21 1950 0 -1 0 1369.870 45.619 -2784.217 1369.381 45.464 -2784.696 1370.380 45.832 -2783.670 cv-supportpole-endtri-2x2x2
2115 1 21 1951 0 -1 0 1369.398 60.672 -2784.388 1369.006 60.672 -2784.747 1369.817 60.672 -2783.992 cv-supportpole-endtri-2x2x2
2116 1 21 1952 0 -1 0 1379.747 35.962 -2785.432 1379.180 35.787 -2785.954 1380.248 36.197 -2784.878 cv-supportpole-endtri-2x2x2
2117 1 21 1953 0 -1 0 1379.584 51.961 -2786.078 1379.176 51.950 -2786.496 1379.949 51.973 -2785.626 cv-supportpole-endtri-2x2x2
2118 1 21 1954 0 -1 0 1348.047 37.764 -2783.746 1347.479 37.589 -2784.268 1348.548 37.999 -2783.192 cv-supportpole-endtri-2x2x2
2119 1 21 1955 0 -1 0 1347.883 53.764 -2784.392 1347.475 53.752 -2784.810 1348.249 53.775 -2783.940 cv-supportpole-endtri-2x2x2
2120 1 21 1956 0 -1 0 1321.778 -11.928 -2742.203 1321.244 -12.163 -2742.729 1322.250 -11.747 -2741.729 cv-supportpole-endtri-2x2x2
2121 1 21 1957 0 -1 0 1321.225 -26.595 -2741.765 1320.848 -26.614 -2742.195 1321.569 -26.574 -2741.382 cv-supportpole-endtri-2x2x2
2122 1 21 1958 0 -1 0 1324.238 -19.074 -2785.921 1323.765 -19.341 -2786.452 1324.711 -18.876 -2785.311 cv-supportpole-endtri-2x2x2
2123 1 21 1959 0 -1 0 1324.222 -36.860 -2785.916 1323.850 -36.872 -2786.361 1324.603 -36.848 -2785.456 cv-supportpole-endtri-2x2x2
2124 1 21 1960 0 -1 0 1324.668 6.461 -2785.224 1324.124 6.226 -2785.739 1325.191 6.636 -2784.640 cv-supportpole-endtri-2x2x2
2125 1 21 1961 0 -1 0 1325.298 -9.539 -2785.010 1324.853 -9.550 -2785.396 1325.716 -9.527 -2784.587 cv-supportpole-endtri-2x2x2
2126 1 21 1962 0 -1 0 1340.878 9.651 -2729.746 1340.428 9.429 -2730.248 1341.327 9.818 -2729.174 cv-supportpole-endtri-2x2x2
2127 1 21 1963 0 -1 0 1341.153 -5.026 -2729.353 1340.804 -5.035 -2729.772 1341.511 -5.015 -2728.921 cv-supportpole-endtri-2x2x2
2128 1 21 1964 0 -1 0 1352.392 -2.318 -2730.756 1351.922 -2.540 -2731.329 1352.851 -2.151 -2730.252 cv-supportpole-endtri-2x2x2
2129 1 21 1965 0 -1 0 1352.065 -16.995 -2731.108 1351.688 -17.005 -2731.535 1352.445 -16.984 -2730.703 cv-supportpole-endtri-2x2x2
2130 1 21 1966 0 -1 0 1348.003 -1.180 -2730.977 1347.539 -1.402 -2731.551 1348.449 -1.013 -2730.473 cv-supportpole-endtri-2x2x2
2131 1 21 1967 0 -1 0 1347.692 -15.857 -2731.346 1347.321 -15.866 -2731.776 1348.062 -15.846 -2730.936 cv-supportpole-endtri-2x2x2
2132 1 21 1968 0 -1 0 1366.686 -2.107 -2730.356 1366.204 -2.324 -2730.884 1367.204 -1.946 -2729.894 cv-supportpole-endtri-2x2x2
2133 1 21 1969 0 -1 0 1366.499 -16.787 -2730.033 1366.108 -16.794 -2730.410 1366.925 -16.779 -2729.697 cv-supportpole-endtri-2x2x2
2134 1 21 1970 0 -1 0 1339.962 -6.716 -2730.244 1339.513 -6.938 -2730.746 1340.411 -6.550 -2729.672 cv-supportpole-endtri-2x2x2
2135 1 21 1971 0 -1 0 1340.237 -21.393 -2729.851 1339.888 -21.403 -2730.270 1340.595 -21.382 -2729.419 cv-supportpole-endtri-2x2x2
2136 1 21 1972 0 -1 0 1375.400 -1.669 -2730.477 1374.833 -1.871 -2730.974 1375.927 -1.522 -2730.024 cv-supportpole-endtri-2x2x2
2137 1 21 1973 0 -1 0 1375.938 -16.328 -2729.860 1375.555 -16.339 -2730.261 1376.324 -16.319 -2729.493 cv-supportpole-endtri-2x2x2
2138 1 21 1974 0 -1 0 1322.152 -2.602 -2748.968 1321.596 -2.825 -2749.493 1322.655 -2.433 -2748.511 cv-supportpole-endtri-2x2x2
2139 1 21 1975 0 -1 0 1321.946 -17.256 -2748.031 1321.560 -17.279 -2748.454 1322.315 -17.233 -2747.667 cv-supportpole-endtri-2x2x2
2140 1 21 1976 0 -1 0 1352.674 -24.101 -2730.035 1352.186 -24.309 -2730.590 1353.176 -23.950 -2729.548 cv-supportpole-endtri-2x2x2
2141 1 21 1977 0 -1 0 1352.194 -38.778 -2729.888 1351.803 -38.778 -2730.292 1352.607 -38.778 -2729.518 cv-supportpole-endtri-2x2x2
2142 1 21 1978 0 -1 0 1347.811 -24.560 -2730.439 1347.325 -24.769 -2731.001 1348.306 -24.409 -2729.947 cv-supportpole-endtri-2x2x2
2143 1 21 1979 0 -1 0 1347.325 -39.237 -2730.316 1346.936 -39.237 -2730.727 1347.732 -39.237 -2729.936 cv-supportpole-endtri-2x2x2
2144 1 21 1980 0 -1 0 1367.325 -22.691 -2730.199 1366.837 -22.899 -2730.741 1367.839 -22.540 -2729.724 cv-supportpole-endtri-2x2x2
2145 1 21 1981 0 -1 0 1366.859 -37.368 -2730.015 1366.467 -37.368 -2730.405 1367.280 -37.368 -2729.662 cv-supportpole-endtri-2x2x2
2146 1 21 1982 0 -1 0 1322.155 -24.651 -2749.024 1321.601 -24.886 -2749.514 1322.670 -24.470 -2748.558 cv-supportpole-endtri-2x2x2
2147 1 21 1983 0 -1 0 1321.812 -39.318 -2748.408 1321.432 -39.337 -2748.802 1322.199 -39.297 -2748.032 cv-supportpole-endtri-2x2x2
2148 1 21 1984 0 -1 0 1339.723 -26.578 -2730.765 1339.246 -26.786 -2731.264 1340.204 -26.427 -2730.194 cv-supportpole-endtri-2x2x2
2149 1 21 1985 0 -1 0 1340.218 -41.255 -2730.844 1339.826 -41.255 -2731.239 1340.602 -41.255 -2730.422 cv-supportpole-endtri-2x2x2
2150 1 21 1986 0 -1 0 1375.544 -29.307 -2730.201 1375.067 -29.516 -2730.700 1376.024 -29.156 -2729.630 cv-supportpole-endtri-2x2x2
2151 1 21 1987 0 -1 0 1376.039 -43.984 -2730.280 1375.646 -43.984 -2730.676 1376.422 -43.984 -2729.859 cv-supportpole-endtri-2x2x2
2152 1 21 1988 0 -1 0 1321.932 -15.967 -2752.257 1321.407 -16.175 -2752.778 1322.393 -15.816 -2751.772 cv-supportpole-endtri-2x2x2
2153 1 21 1989 0 -1 0 1322.152 -30.644 -2751.807 1321.778 -30.644 -2752.233 1322.485 -30.644 -2751.416 cv-supportpole-endtri-2x2x2
2154 1 21 1990 0 -1 0 1352.674 -33.090 -2729.048 1352.186 -33.298 -2729.603 1353.176 -32.939 -2728.561 cv-supportpole-endtri-2x2x2
2155 1 21 1991 0 -1 0 1352.194 -47.767 -2728.901 1351.803 -47.767 -2729.305 1352.607 -47.767 -2728.531 cv-supportpole-endtri-2x2x2
2156 1 21 1992 0 -1 0 1347.811 -30.955 -2729.195 1347.325 -31.163 -2729.757 1348.306 -30.804 -2728.703 cv-supportpole-endtri-2x2x2
2157 1 21 1993 0 -1 0 1347.325 -45.632 -2729.071 1346.936 -45.632 -2729.482 1347.732 -45.632 -2728.691 cv-supportpole-endtri-2x2x2
2158 1 21 1994 0 -1 0 1367.325 -37.075 -2730.199 1366.837 -37.284 -2730.741 1367.839 -36.924 -2729.724 cv-supportpole-endtri-2x2x2
2159 1 21 1995 0 -1 0 1366.859 -51.752 -2730.015 1366.467 -51.752 -2730.405 1367.280 -51.752 -2729.662 cv-supportpole-endtri-2x2x2
2160 1 21 1996 0 -1 0 1375.544 -36.829 -2729.292 1375.067 -37.038 -2729.791 1376.024 -36.678 -2728.721 cv-supportpole-endtri-2x2x2
2161 1 21 1997 0 -1 0 1376.039 -51.506 -2729.371 1375.646 -51.506 -2729.766 1376.422 -51.506 -2728.949 cv-supportpole-endtri-2x2x2
2162 1 21 1998 0 -1 0 1322.760 -36.683 -2751.141 1322.235 -36.891 -2751.662 1323.220 -36.532 -2750.656 cv-supportpole-endtri-2x2x2
2163 1 21 1999 0 -1 0 1322.980 -51.360 -2750.691 1322.605 -51.360 -2751.117 1323.313 -51.360 -2750.300 cv-supportpole-endtri-2x2x2
2164 1 21 2000 0 -1 0 1370.556 -1.402 -2798.524 1370.057 -1.623 -2799.016 1371.043 -1.235 -2797.967 cv-supportpole-endtri-2x2x2
2165 1 21 2001 0 -1 0 1371.079 -16.071 -2798.144 1370.669 -16.085 -2798.520 1371.469 -16.057 -2797.736 cv-supportpole-endtri-2x2x2
2166 1 21 2002 0 -1 0 1353.185 1.669 -2798.251 1352.703 1.468 -2798.749 1353.664 1.816 -2797.686 cv-supportpole-endtri-2x2x2
2167 1 21 2003 0 -1 0 1354.224 -12.962 -2797.541 1353.895 -12.986 -2797.964 1354.585 -12.941 -2797.109 cv-supportpole-endtri-2x2x2
2168 1 21 2004 0 -1 0 1346.316 -4.437 -2789.663 1345.830 -4.646 -2790.151 1346.871 -4.286 -2789.160 cv-supportpole-endtri-2x2x2
2169 1 21 2005 0 -1 0 1346.169 -19.114 -2790.142 1345.799 -19.114 -2790.533 1346.573 -19.114 -2789.729 cv-supportpole-endtri-2x2x2
2170 1 21 2006 0 -1 0 1353.208 -4.282 -2789.969 1352.672 -4.490 -2790.494 1353.682 -4.131 -2789.491 cv-supportpole-endtri-2x2x2
2171 1 21 2007 0 -1 0 1353.467 -18.959 -2789.540 1353.093 -18.959 -2789.970 1353.803 -18.959 -2789.154 cv-supportpole-endtri-2x2x2
2172 1 21 2008 0 -1 0 1346.464 -3.716 -2778.043 1345.902 -3.950 -2778.530 1346.961 -3.537 -2777.563 cv-supportpole-endtri-2x2x2
2173 1 21 2009 0 -1 0 1345.891 -18.388 -2777.895 1345.477 -18.407 -2778.299 1346.275 -18.369 -2777.508 cv-supportpole-endtri-2x2x2
2174 1 21 2010 0 -1 0 1353.881 -3.780 -2781.320 1353.321 -4.005 -2781.835 1354.389 -3.607 -2780.873 cv-supportpole-endtri-2x2x2
2175 1 21 2011 0 -1 0 1354.394 -18.451 -2781.584 1354.009 -18.469 -2782.010 1354.757 -18.433 -2781.214 cv-supportpole-endtri-2x2x2
2176 1 21 2012 0 -1 0 1346.778 -20.389 -2790.934 1346.205 -20.597 -2791.403 1347.279 -20.238 -2790.458 cv-supportpole-endtri-2x2x2
2177 1 21 2013 0 -1 0 1346.839 -35.066 -2790.436 1346.414 -35.066 -2790.823 1347.240 -35.066 -2790.057 cv-supportpole-endtri-2x2x2
2178 1 21 2014 0 -1 0 1353.693 -23.461 -2790.155 1353.153 -23.686 -2790.670 1354.172 -23.288 -2789.663 cv-supportpole-endtri-2x2x2
2179 1 21 2015 0 -1 0 1353.080 -38.113 -2789.407 1352.688 -38.137 -2789.827 1353.434 -38.089 -2789.015 cv-supportpole-endtri-2x2x2
2180 1 21 2016 0 -1 0 1370.190 -21.309 -2798.523 1369.747 -21.517 -2799.026 1370.653 -21.158 -2797.948 cv-supportpole-endtri-2x2x2
2181 1 21 2017 0 -1 0 1370.691 -35.986 -2798.535 1370.325 -35.986 -2798.948 1371.059 -35.986 -2798.104 cv-supportpole-endtri-2x2x2
2182 1 21 2018 0 -1 0 1346.524 -23.661 -2777.313 1345.960 -23.869 -2777.804 1347.019 -23.510 -2776.828 cv-supportpole-endtri-2x2x2
2183 1 21 2019 0 -1 0 1346.637 -38.338 -2776.825 1346.223 -38.338 -2777.229 1347.021 -38.338 -2776.437 cv-supportpole-endtri-2x2x2
2184 1 21 2020 0 -1 0 1347.273 -27.935 -2799.539 1346.742 -28.125 -2800.025 1347.756 -27.801 -2798.995 cv-supportpole-endtri-2x2x2
2185 1 21 2021 0 -1 0 1348.248 -42.576 -2800.114 1347.819 -42.592 -2800.456 1348.632 -42.560 -2799.737 cv-supportpole-endtri-2x2x2
2186 1 21 2022 0 -1 0 1358.163 -27.935 -2799.539 1357.632 -28.125 -2800.025 1358.646 -27.801 -2798.995 cv-supportpole-endtri-2x2x2
2187 1 21 2023 0 -1 0 1359.138 -42.576 -2800.114 1358.709 -42.592 -2800.456 1359.522 -42.560 -2799.737 cv-supportpole-endtri-2x2x2
2188 1 21 2024 0 -1 0 1354.170 -22.440 -2781.161 1353.598 -22.657 -2781.629 1354.672 -22.279 -2780.686 cv-supportpole-endtri-2x2x2
2189 1 21 2025 0 -1 0 1354.041 -37.119 -2780.817 1353.617 -37.126 -2781.205 1354.441 -37.113 -2780.437 cv-supportpole-endtri-2x2x2
2190 1 21 2026 0 -1 0 1353.486 -15.443 -2797.595 1352.929 -15.649 -2798.124 1353.989 -15.291 -2797.131 cv-supportpole-endtri-2x2x2
2191 1 21 2027 0 -1 0 1353.713 -30.097 -2796.665 1353.329 -30.112 -2797.091 1354.076 -30.084 -2796.294 cv-supportpole-endtri-2x2x2
2192 1 21 2028 0 -1 0 1322.508 -9.658 -2776.358 1321.983 -9.866 -2776.879 1322.969 -9.507 -2775.873 cv-supportpole-endtri-2x2x2
2193 1 21 2029 0 -1 0 1322.728 -24.335 -2775.908 1322.354 -24.335 -2776.334 1323.061 -24.335 -2775.517 cv-supportpole-endtri-2x2x2
2194 1 21 2030 0 -1 0 1321.148 -34.122 -2760.707 1320.593 -34.379 -2761.257 1321.641 -33.932 -2760.209 cv-supportpole-endtri-2x2x2
2195 1 21 2031 0 -1 0 1320.993 -51.925 -2759.571 1320.604 -51.945 -2760.013 1321.348 -51.905 -2759.176 cv-supportpole-endtri-2x2x2
2196 1 21 2032 0 -1 0 1323.336 -30.374 -2775.242 1322.811 -30.582 -2775.763 1323.796 -30.223 -2774.757 cv-supportpole-endtri-2x2x2
2197 1 21 2033 0 -1 0 1323.556 -45.051 -2774.792 1323.181 -45.051 -2775.218 1323.889 -45.051 -2774.401 cv-supportpole-endtri-2x2x2
2198 1 21 2034 0 -1 0 1322.011 -15.041 -2761.633 1321.458 -15.303 -2762.183 1322.500 -14.844 -2761.132 cv-supportpole-endtri-2x2x2
2199 1 21 2035 0 -1 0 1321.602 -32.829 -2760.335 1321.213 -32.856 -2760.777 1321.956 -32.802 -2759.940 cv-supportpole-endtri-2x2x2
2200 1 21 2036 0 -1 0 1397.335 -3.329 -2806.213 1396.799 -3.526 -2806.742 1397.810 -3.188 -2805.729 cv-supportpole-endtri-2x2x2
2201 1 21 2037 0 -1 0 1397.739 -17.985 -2805.406 1397.366 -17.996 -2805.835 1398.074 -17.974 -2805.020 cv-supportpole-endtri-2x2x2
2202 1 21 2038 0 -1 0 1397.868 -24.200 -2806.215 1397.302 -24.412 -2806.702 1398.359 -24.044 -2805.736 cv-supportpole-endtri-2x2x2
2203 1 21 2039 0 -1 0 1398.077 -38.874 -2805.677 1397.646 -38.882 -2805.997 1398.501 -38.866 -2805.311 cv-supportpole-endtri-2x2x2
2204 1 21 2040 0 -1 0 1381.551 33.729 -2822.500 1381.081 33.583 -2823.000 1381.998 33.927 -2821.923 cv-supportpole-endtri-2x2x2
2205 1 21 2041 0 -1 0 1380.566 48.371 -2823.002 1380.198 48.353 -2823.415 1380.932 48.389 -2822.572 cv-supportpole-endtri-2x2x2
2206 1 21 2042 0 -1 0 1382.428 34.334 -2817.506 1381.913 34.163 -2818.014 1382.989 34.559 -2817.078 cv-supportpole-endtri-2x2x2
2207 1 21 2043 0 -1 0 1382.563 49.004 -2816.886 1382.182 48.987 -2817.297 1382.949 49.018 -2816.536 cv-supportpole-endtri-2x2x2
2208 1 21 2044 0 -1 0 1369.551 -3.930 -2805.658 1369.108 -4.141 -2806.159 1370.014 -3.772 -2805.081 cv-supportpole-endtri-2x2x2
2209 1 21 2045 0 -1 0 1370.052 -18.603 -2805.985 1369.686 -18.612 -2806.398 1370.420 -18.594 -2805.554 cv-supportpole-endtri-2x2x2
2210 1 21 2046 0 -1 0 1347.273 -26.501 -2805.135 1346.742 -26.691 -2805.621 1347.756 -26.367 -2804.590 cv-supportpole-endtri-2x2x2
2211 1 21 2047 0 -1 0 1348.248 -41.142 -2805.709 1347.819 -41.158 -2806.051 1348.632 -41.126 -2805.332 cv-supportpole-endtri-2x2x2
2212 1 21 2048 0 -1 0 1358.034 -26.501 -2805.430 1357.502 -26.691 -2805.916 1358.516 -26.367 -2804.886 cv-supportpole-endtri-2x2x2
2213 1 21 2049 0 -1 0 1359.009 -41.142 -2806.005 1358.580 -41.158 -2806.347 1359.392 -41.126 -2805.628 cv-supportpole-endtri-2x2x2
2214 1 21 2050 0 -1 0 1369.431 -21.110 -2805.590 1368.945 -21.323 -2806.087 1369.914 -20.955 -2805.023 cv-supportpole-endtri-2x2x2
2215 1 21 2051 0 -1 0 1369.922 -35.785 -2805.533 1369.522 -35.789 -2805.921 1370.309 -35.781 -2805.116 cv-supportpole-endtri-2x2x2
2216 1 21 2052 0 -1 0 1342.312 -32.834 -2834.406 1341.833 -33.019 -2834.956 1342.844 -32.706 -2833.911 cv-supportpole-endtri-2x2x2
2217 1 21 2053 0 -1 0 1341.233 -47.459 -2833.688 1340.852 -47.478 -2834.067 1341.661 -47.438 -2833.340 cv-supportpole-endtri-2x2x2
2218 1 21 2054 0 -1 0 1307.962 -16.297 -2837.471 1307.485 -16.495 -2838.048 1308.424 -16.151 -2836.971 cv-supportpole-endtri-2x2x2
2219 1 21 2055 0 -1 0 1307.008 -30.939 -2836.917 1306.633 -30.957 -2837.345 1307.385 -30.922 -2836.511 cv-supportpole-endtri-2x2x2
2220 1 21 2056 0 -1 0 1307.489 -35.886 -2837.371 1307.018 -36.095 -2837.946 1307.947 -35.735 -2836.869 cv-supportpole-endtri-2x2x2
2221 1 21 2057 0 -1 0 1306.989 -50.563 -2837.333 1306.614 -50.563 -2837.761 1307.367 -50.563 -2836.926 cv-supportpole-endtri-2x2x2
2222 1 21 2058 0 -1 0 1317.816 -23.660 -2834.115 1317.339 -23.858 -2834.692 1318.278 -23.514 -2833.615 cv-supportpole-endtri-2x2x2
2223 1 21 2059 0 -1 0 1316.861 -38.302 -2833.561 1316.487 -38.321 -2833.989 1317.239 -38.285 -2833.155 cv-supportpole-endtri-2x2x2
2224 1 21 2060 0 -1 0 1298.965 -8.343 -2859.312 1298.391 -8.541 -2859.790 1299.462 -8.197 -2858.827 cv-supportpole-endtri-2x2x2
2225 1 21 2061 0 -1 0 1299.582 -22.985 -2858.397 1299.160 -23.003 -2858.787 1299.979 -22.968 -2858.015 cv-supportpole-endtri-2x2x2
2226 1 21 2062 0 -1 0 1306.839 -7.807 -2863.671 1306.355 -8.002 -2864.166 1307.319 -7.669 -2863.104 cv-supportpole-endtri-2x2x2
2227 1 21 2063 0 -1 0 1307.805 -22.457 -2863.480 1307.478 -22.470 -2863.904 1308.168 -22.444 -2863.048 cv-supportpole-endtri-2x2x2
2228 1 21 2064 0 -1 0 1301.134 -10.705 -2849.284 1300.565 -10.903 -2849.768 1301.628 -10.559 -2848.803 cv-supportpole-endtri-2x2x2
2229 1 21 2065 0 -1 0 1301.481 -25.348 -2848.235 1301.050 -25.366 -2848.562 1301.904 -25.330 -2847.872 cv-supportpole-endtri-2x2x2
2230 1 21 2066 0 -1 0 1310.969 -17.509 -2844.713 1310.416 -17.707 -2845.159 1311.497 -17.363 -2844.197 cv-supportpole-endtri-2x2x2
2231 1 21 2067 0 -1 0 1312.073 -32.151 -2844.732 1311.708 -32.169 -2845.147 1312.460 -32.134 -2844.328 cv-supportpole-endtri-2x2x2
2232 1 21 2068 0 -1 0 1289.609 -5.596 -2864.791 1289.162 -5.792 -2865.294 1290.079 -5.456 -2864.216 cv-supportpole-endtri-2x2x2
2233 1 21 2069 0 -1 0 1290.590 -20.246 -2864.698 1290.225 -20.259 -2865.111 1290.958 -20.233 -2864.267 cv-supportpole-endtri-2x2x2
2234 1 21 2070 0 -1 0 1292.850 -3.947 -2870.203 1292.329 -4.138 -2870.682 1293.358 -3.814 -2869.653 cv-supportpole-endtri-2x2x2
2235 1 21 2071 0 -1 0 1293.932 -18.588 -2869.860 1293.593 -18.605 -2870.284 1294.310 -18.572 -2869.436 cv-supportpole-endtri-2x2x2
2236 1 21 2072 0 -1 0 1297.761 -10.000 -2843.274 1297.284 -10.198 -2843.851 1298.223 -9.855 -2842.774 cv-supportpole-endtri-2x2x2
2237 1 21 2073 0 -1 0 1296.806 -24.643 -2842.720 1296.431 -24.661 -2843.148 1297.184 -24.625 -2842.314 cv-supportpole-endtri-2x2x2
2238 1 21 2074 0 -1 0 1307.167 -37.069 -2862.116 1306.689 -37.288 -2862.613 1307.639 -36.904 -2861.550 cv-supportpole-endtri-2x2x2
2239 1 21 2075 0 -1 0 1307.582 -51.736 -2861.517 1307.255 -51.751 -2861.939 1307.945 -51.720 -2861.085 cv-supportpole-endtri-2x2x2
2240 1 21 2076 0 -1 0 1300.640 -39.999 -2848.804 1300.072 -40.207 -2849.282 1301.135 -39.848 -2848.331 cv-supportpole-endtri-2x2x2
2241 1 21 2077 0 -1 0 1300.575 -54.676 -2848.307 1300.143 -54.676 -2848.634 1300.998 -54.676 -2847.944 cv-supportpole-endtri-2x2x2
2242 1 21 2078 0 -1 0 1311.438 -37.099 -2844.568 1310.891 -37.307 -2845.017 1311.958 -36.948 -2844.053 cv-supportpole-endtri-2x2x2
2243 1 21 2079 0 -1 0 1311.894 -51.776 -2844.359 1311.529 -51.776 -2844.773 1312.282 -51.776 -2843.954 cv-supportpole-endtri-2x2x2
2244 1 21 2080 0 -1 0 1299.098 -27.933 -2858.839 1298.526 -28.141 -2859.314 1299.598 -27.782 -2858.360 cv-supportpole-endtri-2x2x2
2245 1 21 2081 0 -1 0 1299.171 -42.610 -2858.343 1298.749 -42.610 -2858.734 1299.568 -42.610 -2857.961 cv-supportpole-endtri-2x2x2
2246 1 21 2082 0 -1 0 1307.223 -27.390 -2862.962 1306.744 -27.609 -2863.459 1307.695 -27.225 -2862.396 cv-supportpole-endtri-2x2x2
2247 1 21 2083 0 -1 0 1307.637 -42.056 -2862.362 1307.310 -42.072 -2862.785 1308.000 -42.041 -2861.930 cv-supportpole-endtri-2x2x2
2248 1 21 2084 0 -1 0 1301.130 -30.295 -2848.804 1300.562 -30.503 -2849.283 1301.626 -30.144 -2848.331 cv-supportpole-endtri-2x2x2
2249 1 21 2085 0 -1 0 1301.066 -44.972 -2848.307 1300.633 -44.972 -2848.635 1301.489 -44.972 -2847.944 cv-supportpole-endtri-2x2x2
2250 1 21 2086 0 -1 0 1319.317 -21.908 -2841.958 1318.820 -22.106 -2842.449 1319.807 -21.762 -2841.393 cv-supportpole-endtri-2x2x2
2251 1 21 2087 0 -1 0 1320.169 -36.550 -2842.656 1319.764 -36.568 -2843.038 1320.558 -36.532 -2842.243 cv-supportpole-endtri-2x2x2
2252 1 21 2088 0 -1 0 1341.590 -32.185 -2842.155 1341.050 -32.341 -2842.633 1342.093 -32.083 -2841.618 cv-supportpole-endtri-2x2x2
2253 1 21 2089 0 -1 0 1343.887 -46.660 -2843.032 1343.461 -46.714 -2843.363 1344.271 -46.608 -2842.661 cv-supportpole-endtri-2x2x2
2254 1 21 2090 0 -1 0 1297.186 -39.294 -2843.654 1296.715 -39.502 -2844.229 1297.644 -39.143 -2843.152 cv-supportpole-endtri-2x2x2
2255 1 21 2091 0 -1 0 1296.687 -53.971 -2843.616 1296.311 -53.971 -2844.044 1297.064 -53.971 -2843.209 cv-supportpole-endtri-2x2x2
2256 1 21 2092 0 -1 0 1290.083 -25.213 -2864.266 1289.640 -25.421 -2864.769 1290.547 -25.061 -2863.691 cv-supportpole-endtri-2x2x2
2257 1 21 2093 0 -1 0 1290.584 -39.886 -2864.256 1290.219 -39.887 -2864.669 1290.953 -39.886 -2863.825 cv-supportpole-endtri-2x2x2
2258 1 21 2094 0 -1 0 1290.083 -35.484 -2864.250 1289.640 -35.692 -2864.753 1290.547 -35.332 -2863.675 cv-supportpole-endtri-2x2x2
2259 1 21 2095 0 -1 0 1290.584 -50.157 -2864.241 1290.219 -50.158 -2864.653 1290.953 -50.156 -2863.810 cv-supportpole-endtri-2x2x2
2260 1 21 2096 0 -1 0 1293.413 -23.539 -2869.488 1292.934 -23.747 -2869.983 1293.886 -23.388 -2868.920 cv-supportpole-endtri-2x2x2
2261 1 21 2097 0 -1 0 1293.910 -38.216 -2869.423 1293.583 -38.216 -2869.846 1294.273 -38.216 -2868.990 cv-supportpole-endtri-2x2x2
2262 1 21 2098 0 -1 0 1293.413 -33.900 -2869.488 1292.934 -34.108 -2869.983 1293.886 -33.749 -2868.920 cv-supportpole-endtri-2x2x2
2263 1 21 2099 0 -1 0 1293.910 -48.577 -2869.423 1293.583 -48.577 -2869.846 1294.273 -48.577 -2868.990 cv-supportpole-endtri-2x2x2
2264 1 21 2100 0 -1 0 1297.288 -29.590 -2843.174 1296.817 -29.799 -2843.749 1297.745 -29.439 -2842.672 cv-supportpole-endtri-2x2x2
2265 1 21 2101 0 -1 0 1296.788 -44.267 -2843.136 1296.413 -44.267 -2843.564 1297.165 -44.267 -2842.729 cv-supportpole-endtri-2x2x2
2266 1 21 2102 0 -1 0 1298.618 -37.266 -2858.779 1298.046 -37.475 -2859.253 1299.118 -37.115 -2858.300 cv-supportpole-endtri-2x2x2
2267 1 21 2103 0 -1 0 1298.691 -51.943 -2858.283 1298.269 -51.943 -2858.674 1299.089 -51.943 -2857.901 cv-supportpole-endtri-2x2x2
2268 1 21 2104 0 -1 0 1284.579 -30.780 -2863.618 1284.033 -31.227 -2863.992 1285.073 -30.244 -2863.291 cv-supportpole-endtri-2x2x2
2269 1 21 2105 0 -1 0 1273.159 -33.389 -2872.481 1272.848 -33.782 -2872.788 1273.473 -32.989 -2872.130 cv-supportpole-endtri-2x2x2
2270 1 21 2106 0 -1 0 1419.256 17.528 -2716.207 1418.768 16.981 -2716.363 1419.766 18.008 -2715.992 cv-supportpole-endtri-2x2x2
2271 1 21 2107 0 -1 0 1418.767 17.638 -2701.154 1418.375 17.242 -2701.155 1419.186 17.997 -2701.152 cv-supportpole-endtri-2x2x2
2272 1 21 2108 0 -1 0 1384.582 17.426 -2715.756 1384.093 16.879 -2715.913 1385.092 17.906 -2715.541 cv-supportpole-endtri-2x2x2
2273 1 21 2109 0 -1 0 1384.092 17.536 -2700.703 1383.701 17.140 -2700.705 1384.511 17.895 -2700.701 cv-supportpole-endtri-2x2x2
2274 1 21 2110 0 -1 0 1391.708 17.426 -2715.756 1391.220 16.879 -2715.913 1392.218 17.906 -2715.541 cv-supportpole-endtri-2x2x2
2275 1 21 2111 0 -1 0 1391.219 17.536 -2700.703 1390.827 17.140 -2700.705 1391.638 17.895 -2700.701 cv-supportpole-endtri-2x2x2
2276 1 21 2112 0 -1 0 1359.882 17.367 -2715.946 1359.394 16.820 -2716.102 1360.392 17.846 -2715.731 cv-supportpole-endtri-2x2x2
2277 1 21 2113 0 -1 0 1359.393 17.477 -2700.892 1359.001 17.081 -2700.894 1359.812 17.836 -2700.891 cv-supportpole-endtri-2x2x2
2278 1 21 2114 0 -1 0 1307.997 17.442 -2753.874 1307.783 16.896 -2754.363 1308.154 17.922 -2753.364 cv-supportpole-endtri-2x2x2
2279 1 21 2115 0 -1 0 1292.944 17.553 -2754.363 1292.942 17.157 -2754.755 1292.946 17.912 -2753.945 cv-supportpole-endtri-2x2x2
2280 1 21 2116 0 -1 0 1307.997 17.442 -2761.851 1307.783 16.896 -2762.339 1308.154 17.922 -2761.341 cv-supportpole-endtri-2x2x2
2281 1 21 2117 0 -1 0 1292.944 17.553 -2762.340 1292.942 17.157 -2762.732 1292.946 17.912 -2761.921 cv-supportpole-endtri-2x2x2
2282 1 21 2118 0 -1 0 1307.997 17.442 -2769.848 1307.783 16.896 -2770.337 1308.154 17.922 -2769.338 cv-supportpole-endtri-2x2x2
2283 1 21 2119 0 -1 0 1292.944 17.553 -2770.337 1292.942 17.157 -2770.729 1292.946 17.912 -2769.919 cv-supportpole-endtri-2x2x2
2284 1 21 2120 0 -1 0 1307.997 24.493 -2753.874 1307.783 23.946 -2754.363 1308.154 24.973 -2753.364 cv-supportpole-endtri-2x2x2
2285 1 21 2121 0 -1 0 1292.944 24.603 -2754.363 1292.942 24.208 -2754.755 1292.946 24.962 -2753.945 cv-supportpole-endtri-2x2x2
2286 1 21 2122 0 -1 0 1307.997 24.493 -2761.851 1307.783 23.946 -2762.339 1308.154 24.973 -2761.341 cv-supportpole-endtri-2x2x2
2287 1 21 2123 0 -1 0 1292.944 24.603 -2762.340 1292.942 24.208 -2762.732 1292.946 24.962 -2761.921 cv-supportpole-endtri-2x2x2
2288 1 21 2124 0 -1 0 1307.997 24.493 -2769.848 1307.783 23.946 -2770.337 1308.154 24.973 -2769.338 cv-supportpole-endtri-2x2x2
2289 1 21 2125 0 -1 0 1292.944 24.603 -2770.337 1292.942 24.208 -2770.729 1292.946 24.962 -2769.919 cv-supportpole-endtri-2x2x2
2290 1 21 2126 0 -1 0 1307.997 32.517 -2769.848 1307.783 31.970 -2770.337 1308.154 32.996 -2769.338 cv-supportpole-endtri-2x2x2
2291 1 21 2127 0 -1 0 1292.944 32.627 -2770.337 1292.942 32.231 -2770.729 1292.946 32.986 -2769.919 cv-supportpole-endtri-2x2x2
2292 1 21 2128 0 -1 0 1419.631 5.095 -2837.189 1419.121 4.548 -2837.404 1420.120 5.575 -2837.033 cv-supportpole-endtri-2x2x2
2293 1 21 2129 0 -1 0 1420.120 5.205 -2852.243 1419.702 4.809 -2852.244 1420.512 5.564 -2852.241 cv-supportpole-endtri-2x2x2
2294 1 21 2130 0 -1 0 1427.620 5.095 -2837.189 1427.110 4.548 -2837.404 1428.109 5.575 -2837.033 cv-supportpole-endtri-2x2x2
2295 1 21 2131 0 -1 0 1428.109 5.205 -2852.243 1427.691 4.809 -2852.244 1428.501 5.564 -2852.241 cv-supportpole-endtri-2x2x2
2296 1 21 2132 0 -1 0 1419.631 13.368 -2837.189 1419.121 12.821 -2837.404 1420.120 13.848 -2837.033 cv-supportpole-endtri-2x2x2
2297 1 21 2133 0 -1 0 1420.120 13.478 -2852.243 1419.702 13.082 -2852.244 1420.512 13.837 -2852.241 cv-supportpole-endtri-2x2x2
2298 1 21 2134 0 -1 0 1427.620 13.368 -2837.189 1427.110 12.821 -2837.404 1428.109 13.848 -2837.033 cv-supportpole-endtri-2x2x2
2299 1 21 2135 0 -1 0 1428.109 13.478 -2852.243 1427.691 13.082 -2852.244 1428.501 13.837 -2852.241 cv-supportpole-endtri-2x2x2
2300 1 21 2136 0 -1 0 1411.355 5.095 -2837.189 1410.845 4.548 -2837.404 1411.844 5.575 -2837.033 cv-supportpole-endtri-2x2x2
2301 1 21 2137 0 -1 0 1411.844 5.205 -2852.243 1411.426 4.809 -2852.244 1412.236 5.564 -2852.241 cv-supportpole-endtri-2x2x2
2302 1 21 2138 0 -1 0 1403.041 5.095 -2837.189 1402.531 4.548 -2837.404 1403.530 5.575 -2837.033 cv-supportpole-endtri-2x2x2
2303 1 21 2139 0 -1 0 1403.530 5.205 -2852.243 1403.112 4.809 -2852.244 1403.922 5.564 -2852.241 cv-supportpole-endtri-2x2x2
2304 1 21 2140 0 -1 0 1403.041 13.368 -2837.189 1402.531 12.821 -2837.404 1403.530 13.848 -2837.033 cv-supportpole-endtri-2x2x2
2305 1 21 2141 0 -1 0 1403.530 13.478 -2852.243 1403.112 13.082 -2852.244 1403.922 13.837 -2852.241 cv-supportpole-endtri-2x2x2
2306 1 21 2142 0 -1 0 1411.355 13.368 -2837.189 1410.845 12.821 -2837.404 1411.844 13.848 -2837.033 cv-supportpole-endtri-2x2x2
2307 1 21 2143 0 -1 0 1411.844 13.478 -2852.243 1411.426 13.082 -2852.244 1412.236 13.837 -2852.241 cv-supportpole-endtri-2x2x2
2308 1 21 2144 0 -1 0 1403.041 -3.225 -2837.189 1402.531 -3.771 -2837.404 1403.530 -2.745 -2837.033 cv-supportpole-endtri-2x2x2
2309 1 21 2145 0 -1 0 1403.530 -3.115 -2852.243 1403.112 -3.510 -2852.244 1403.922 -2.755 -2852.241 cv-supportpole-endtri-2x2x2
2310 1 21 2146 0 -1 0 1411.355 -3.225 -2837.189 1410.845 -3.771 -2837.404 1411.844 -2.745 -2837.033 cv-supportpole-endtri-2x2x2
2311 1 21 2147 0 -1 0 1411.844 -3.115 -2852.243 1411.426 -3.510 -2852.244 1412.236 -2.755 -2852.241 cv-supportpole-endtri-2x2x2
2312 1 21 2148 0 -1 0 1419.631 -3.225 -2837.189 1419.121 -3.771 -2837.404 1420.120 -2.745 -2837.033 cv-supportpole-endtri-2x2x2
2313 1 21 2149 0 -1 0 1420.120 -3.115 -2852.243 1419.702 -3.510 -2852.244 1420.512 -2.755 -2852.241 cv-supportpole-endtri-2x2x2
2314 1 21 2150 0 -1 0 1427.620 -3.225 -2837.189 1427.110 -3.771 -2837.404 1428.109 -2.745 -2837.033 cv-supportpole-endtri-2x2x2
2315 1 21 2151 0 -1 0 1428.109 -3.115 -2852.243 1427.691 -3.510 -2852.244 1428.501 -2.755 -2852.241 cv-supportpole-endtri-2x2x2
2316 1 21 2152 0 -1 0 1321.740 -49.798 -2748.464 1321.214 -49.798 -2749.032 1322.267 -49.798 -2747.885 cv-supportpole-endtri-2x2x2
2317 1 21 2153 0 -1 0 1322.274 -42.298 -2747.620 1322.022 -42.298 -2747.887 1322.521 -42.298 -2747.347 cv-supportpole-endtri-2x2x2
2318 1 21 2154 0 -1 0 1322.119 -41.283 -2747.660 1321.592 -41.283 -2748.216 1322.627 -41.283 -2747.088 cv-supportpole-endtri-2x2x2
2319 1 21 2155 0 -1 0 1321.723 -54.016 -2727.051 1321.226 -54.046 -2727.632 1322.226 -53.987 -2726.479 cv-supportpole-endtri-2x2x2
2320 1 21 2156 0 -1 0 1322.735 -46.538 -2727.575 1322.502 -46.552 -2727.849 1322.974 -46.524 -2727.301 cv-supportpole-endtri-2x2x2
2321 1 21 2157 0 -1 0 1322.638 -45.517 -2727.501 1322.154 -45.546 -2728.064 1323.135 -45.488 -2726.929 cv-supportpole-endtri-2x2x2
2322 1 21 2158 0 -1 0 1322.008 -43.149 -2742.193 1321.434 -43.149 -2742.697 1322.589 -43.149 -2741.681 cv-supportpole-endtri-2x2x2
2323 1 21 2159 0 -1 0 1322.181 -35.347 -2741.209 1321.907 -35.347 -2741.446 1322.455 -35.347 -2740.966 cv-supportpole-endtri-2x2x2
2324 1 21 2160 0 -1 0 1322.052 -34.291 -2741.305 1321.481 -34.291 -2741.797 1322.615 -34.291 -2740.800 cv-supportpole-endtri-2x2x2
2325 1 21 2161 0 -1 0 1262.136 -0.907 -2894.947 1261.726 -0.907 -2895.436 1262.552 -0.907 -2894.465 cv-supportpole-endtri-2x2x2
2326 1 21 2162 0 -1 0 1262.932 6.593 -2895.025 1262.741 6.593 -2895.256 1263.129 6.593 -2894.796 cv-supportpole-endtri-2x2x2
2327 1 21 2163 0 -1 0 1262.846 7.608 -2894.924 1262.447 7.608 -2895.399 1263.257 7.608 -2894.444 cv-supportpole-endtri-2x2x2
2328 1 21 2164 0 -1 0 1263.009 -0.942 -2886.775 1262.609 -0.942 -2887.240 1263.415 -0.942 -2886.316 cv-supportpole-endtri-2x2x2
2329 1 21 2165 0 -1 0 1263.802 6.558 -2886.875 1263.615 6.558 -2887.095 1263.994 6.558 -2886.657 cv-supportpole-endtri-2x2x2
2330 1 21 2166 0 -1 0 1263.720 7.574 -2886.776 1263.330 7.574 -2887.227 1264.121 7.574 -2886.319 cv-supportpole-endtri-2x2x2
2331 1 21 2167 0 -1 0 1268.322 3.380 -2875.900 1267.866 3.369 -2876.312 1268.787 3.392 -2875.495 cv-supportpole-endtri-2x2x2
2332 1 21 2168 0 -1 0 1268.761 10.263 -2876.426 1268.546 10.258 -2876.623 1268.979 10.268 -2876.231 cv-supportpole-endtri-2x2x2
2333 1 21 2169 0 -1 0 1268.724 11.193 -2876.299 1268.276 11.182 -2876.710 1269.184 11.204 -2875.900 cv-supportpole-endtri-2x2x2
2334 1 21 2170 0 -1 0 1277.361 0.556 -2870.280 1276.924 0.495 -2870.727 1277.809 0.617 -2869.840 cv-supportpole-endtri-2x2x2
2335 1 21 2171 0 -1 0 1277.219 8.091 -2870.052 1277.014 8.063 -2870.264 1277.428 8.121 -2869.842 cv-supportpole-endtri-2x2x2
2336 1 21 2172 0 -1 0 1277.152 9.083 -2869.808 1276.722 9.024 -2870.252 1277.595 9.144 -2869.376 cv-supportpole-endtri-2x2x2
2337 1 21 2173 0 -1 0 1261.800 -0.942 -2903.017 1261.398 -0.942 -2903.481 1262.207 -0.942 -2902.558 cv-supportpole-endtri-2x2x2
2338 1 21 2174 0 -1 0 1262.588 6.558 -2903.148 1262.399 6.558 -2903.368 1262.781 6.558 -2902.930 cv-supportpole-endtri-2x2x2
2339 1 21 2175 0 -1 0 1262.510 7.574 -2903.046 1262.119 7.574 -2903.497 1262.912 7.574 -2902.589 cv-supportpole-endtri-2x2x2
2340 1 103 2781 0 -1 0 1353.461 9.965 -2776.930 1350.133 6.190 -2778.803 1361.893 21.127 -2775.741 cv-robo-precursor-metal-plain-01dk
2341 1 106 2796 0 -1 0 1375.498 -17.076 -2766.335 1374.726 -18.386 -2766.651 1376.220 -16.307 -2766.025 cv-robo-precursor-plainstripe
2342 1 106 2797 0 -1 0 1372.310 -17.076 -2766.050 1371.536 -18.386 -2766.367 1373.046 -16.307 -2765.739 cv-robo-precursor-plainstripe
2343 1 22 2332 0 -1 0 1381.260 4.603 -2798.969 1380.608 3.226 -2799.650 1381.762 5.937 -2798.435 cv-supportpole-end-2x2
2344 1 22 2333 0 -1 0 1396.940 -6.628 -2731.102 1396.434 -7.861 -2732.080 1397.277 -5.399 -2730.207 cv-supportpole-end-2x2
2345 1 22 2336 0 -1 0 1352.573 1.915 -2789.187 1351.844 0.524 -2789.568 1353.167 3.253 -2788.633 cv-supportpole-end-2x2
2346 1 22 2339 0 -1 0 1353.941 -8.321 -2798.891 1353.440 -9.698 -2799.572 1354.594 -6.988 -2798.357 cv-supportpole-end-2x2
2347 1 22 2340 0 -1 0 1326.594 -4.825 -2785.509 1325.558 -5.862 -2786.190 1327.675 -3.745 -2784.975 cv-supportpole-end-2x2
2348 1 22 2342 0 -1 0 1292.034 12.874 -2869.959 1291.816 11.314 -2870.177 1292.253 14.267 -2869.740 cv-supportpole-end-2x2
2349 1 97 2801 0 -1 0 1244.055 -24.542 -2884.390 1242.753 -24.762 -2885.683 1245.362 -24.206 -2883.075 cv-eco-valve-inside
2350 1 104 2785 0 -1 0 1370.280 -9.490 -2765.102 1369.491 -10.151 -2768.009 1371.884 -8.823 -2763.327 cv-robo-precursor-metal-edging-01
2351 1 94 2536 0 -1 0 1390.811 -4.784 -2730.129 1389.840 -18.884 -2730.870 1391.738 9.692 -2729.500 cv-woodpoles
2352 1 94 2574 0 -1 0 1379.954 36.650 -2785.891 1379.258 20.861 -2786.877 1380.644 52.035 -2785.035 cv-woodpoles
2353 1 94 2575 0 -1 0 1348.254 38.453 -2784.205 1347.558 22.663 -2785.191 1348.944 53.837 -2783.349 cv-woodpoles
2354 1 94 2580 0 -1 0 1351.931 -2.956 -2730.710 1351.021 -17.055 -2731.255 1352.911 11.521 -2730.026 cv-woodpoles
2355 1 94 2581 0 -1 0 1347.540 -1.817 -2730.954 1346.648 -15.917 -2731.528 1348.524 12.659 -2730.269 cv-woodpoles
2356 1 94 2585 0 -1 0 1322.465 -3.232 -2748.611 1321.431 -17.331 -2749.236 1323.057 11.249 -2747.780 cv-woodpoles
2357 1 94 2601 0 -1 0 1353.469 -4.912 -2789.575 1352.987 -19.021 -2790.497 1354.145 9.557 -2788.604 cv-woodpoles
2358 1 94 2619 0 -1 0 1382.075 34.971 -2817.205 1381.439 20.495 -2817.930 1383.147 49.066 -2816.355 cv-woodpoles
2359 1 94 2652 0 -1 0 1384.144 17.603 -2715.109 1383.198 17.104 -2729.952 1385.025 18.306 -2700.638 cv-woodpoles
2360 1 94 2669 0 -1 0 1411.793 13.545 -2837.836 1410.912 13.046 -2852.308 1412.739 14.248 -2822.994 cv-woodpoles
2361 1 94 2531 0 -1 0 1391.180 25.919 -2767.465 1390.335 10.130 -2768.196 1392.168 41.303 -2766.787 cv-woodpoles
2362 1 94 2535 0 -1 0 1397.802 -3.531 -2730.174 1396.804 -17.631 -2730.857 1398.789 10.939 -2729.709 cv-woodpoles
2363 1 94 2554 0 -1 0 1437.400 -1.554 -2751.417 1436.734 -15.661 -2752.357 1438.111 12.906 -2750.441 cv-woodpoles
2364 1 94 2555 0 -1 0 1437.462 -2.474 -2760.034 1436.646 -16.579 -2760.920 1438.229 11.984 -2759.120 cv-woodpoles
2365 1 94 2556 0 -1 0 1400.507 -2.104 -2761.095 1399.997 -16.176 -2762.500 1401.209 12.336 -2759.962 cv-woodpoles
2366 1 94 2560 0 -1 0 1397.444 -3.313 -2778.432 1396.883 -17.422 -2779.307 1398.167 11.156 -2777.498 cv-woodpoles
2367 1 94 2562 0 -1 0 1382.392 -2.453 -2798.558 1381.558 -16.551 -2799.202 1383.310 12.025 -2797.772 cv-woodpoles
2368 1 94 2564 0 -1 0 1397.465 -3.940 -2798.271 1396.997 -18.055 -2798.968 1398.123 10.535 -2797.459 cv-woodpoles
2369 1 94 2582 0 -1 0 1366.280 -2.743 -2730.130 1365.248 -16.842 -2730.723 1367.381 11.714 -2729.427 cv-woodpoles
2370 1 94 2598 0 -1 0 1371.008 -2.036 -2798.646 1370.163 -16.137 -2799.300 1371.929 12.443 -2797.925 cv-woodpoles
2371 1 94 2602 0 -1 0 1346.559 -4.363 -2777.602 1345.700 -18.442 -2778.743 1347.195 10.106 -2776.599 cv-woodpoles
2372 1 94 2616 0 -1 0 1397.601 -3.946 -2805.802 1397.005 -18.062 -2806.468 1398.298 10.524 -2804.924 cv-woodpoles
2373 1 94 2620 0 -1 0 1370.022 -4.559 -2805.702 1369.201 -18.665 -2806.566 1370.858 9.896 -2804.785 cv-woodpoles
2374 1 88 2777 0 -1 0 1362.438 22.236 -2777.758 1361.608 21.581 -2778.803 1363.680 22.971 -2776.605 cmn-precursor-metal-plain-01
2375 1 30 2777 0 -1 0 1362.438 22.236 -2777.758 1361.608 21.581 -2778.803 1363.680 22.971 -2776.605 environment-darkcave
2376 1 94 2532 0 -1 0 1437.311 -3.249 -2740.639 1436.487 -17.354 -2741.363 1438.181 11.211 -2739.906 cv-woodpoles
2377 1 94 2579 0 -1 0 1341.341 9.014 -2729.728 1340.353 -5.086 -2730.410 1342.199 23.490 -2729.102 cv-woodpoles
2378 1 94 2583 0 -1 0 1340.425 -7.354 -2730.226 1339.438 -21.453 -2730.908 1341.283 7.122 -2729.600 cv-woodpoles
2379 1 19 1477 0 -1 0 1336.559 -0.346 -2733.919 1334.864 -0.730 -2737.443 1338.234 0.020 -2730.459 cv-planks-all
2380 1 19 1826 0 -1 0 1433.781 -0.457 -2741.169 1430.762 -0.763 -2742.484 1436.887 -0.248 -2739.879 cv-planks-all
2381 1 19 1827 0 -1 0 1413.762 -0.260 -2746.110 1410.743 -0.566 -2747.349 1416.868 -0.051 -2744.896 cv-planks-all
2382 1 19 1828 0 -1 0 1427.949 11.818 -2758.390 1426.723 11.512 -2760.676 1429.199 12.028 -2756.038 cv-planks-all
2383 1 19 1829 0 -1 0 1393.992 11.869 -2786.618 1390.886 11.563 -2787.869 1397.011 12.079 -2785.342 cv-planks-all
2384 1 19 1830 0 -1 0 1393.811 -0.242 -2797.347 1390.792 -0.548 -2798.815 1396.917 -0.032 -2795.909 cv-planks-all
2385 1 19 1831 0 -1 0 1424.548 -12.283 -2733.890 1423.783 -12.589 -2736.996 1425.297 -12.073 -2730.871 cv-planks-all
2386 1 19 1832 0 -1 0 1388.873 -12.162 -2733.875 1387.964 -12.468 -2736.981 1389.765 -11.952 -2730.856 cv-planks-all
2387 1 19 1833 0 -1 0 1390.862 -12.343 -2733.900 1389.860 -12.649 -2737.006 1391.845 -12.133 -2730.881 cv-planks-all
2388 1 19 1834 0 -1 0 1393.784 -12.453 -2773.329 1390.765 -12.759 -2774.817 1396.890 -12.244 -2771.870 cv-planks-all
2389 1 19 1835 0 -1 0 1393.804 -12.504 -2760.026 1390.785 -12.810 -2761.064 1396.910 -12.294 -2759.009 cv-planks-all
2390 1 19 1836 0 -1 0 1396.429 -12.467 -2801.777 1395.638 -12.797 -2804.883 1397.190 -12.138 -2798.758 cv-planks-all
2391 1 19 1837 0 -1 0 1393.800 -12.668 -2797.282 1390.781 -12.974 -2798.738 1396.906 -12.459 -2795.854 cv-planks-all
2392 1 19 1838 0 -1 0 1334.707 11.901 -2733.813 1333.642 11.595 -2736.832 1335.793 12.110 -2730.707 cv-planks-all
2393 1 19 1839 0 -1 0 1349.821 11.905 -2797.247 1346.984 11.599 -2798.560 1352.580 12.115 -2795.908 cv-planks-all
2394 1 19 1840 0 -1 0 1349.775 -0.237 -2797.314 1346.669 -0.543 -2798.642 1352.794 -0.027 -2795.960 cv-planks-all
2395 1 19 1841 0 -1 0 1329.083 -0.249 -2733.902 1328.237 -0.555 -2736.921 1329.946 -0.040 -2730.796 cv-planks-all
2396 1 19 1842 0 -1 0 1357.154 -12.289 -2733.860 1355.847 -12.595 -2736.966 1358.435 -12.079 -2730.841 cv-planks-all
2397 1 19 1843 0 -1 0 1345.916 -12.359 -2781.928 1344.839 -12.665 -2785.033 1346.972 -12.149 -2778.908 cv-planks-all
2398 1 19 1844 0 -1 0 1345.986 -12.848 -2801.835 1344.991 -13.502 -2804.854 1347.043 -12.186 -2798.729 cv-planks-all
2399 1 19 1845 0 -1 0 1325.753 -12.359 -2784.481 1322.734 -12.665 -2785.483 1328.859 -12.150 -2783.499 cv-planks-all
2400 1 19 1846 0 -1 0 1322.288 -25.173 -2801.704 1321.290 -25.819 -2804.723 1323.348 -24.520 -2798.598 cv-planks-all
2401 1 19 1847 0 -1 0 1393.846 11.717 -2804.026 1390.571 11.411 -2805.008 1397.029 11.926 -2803.024 cv-planks-all
2402 1 19 1848 0 -1 0 1396.923 -0.260 -2801.934 1395.921 -0.566 -2805.040 1397.906 -0.050 -2798.915 cv-planks-all
2403 1 19 1849 0 -1 0 1389.027 11.869 -2801.856 1387.752 11.563 -2804.961 1390.279 12.079 -2798.836 cv-planks-all
2404 1 19 1850 0 -1 0 1297.496 -28.683 -2832.528 1294.474 -29.473 -2835.030 1300.570 -27.968 -2829.965 cv-planks-all
2405 1 19 1851 0 -1 0 1295.852 -29.605 -2831.190 1294.286 -33.252 -2832.401 1297.404 -25.872 -2830.011 cv-planks-all
2406 1 19 1852 0 -1 0 1293.562 -31.218 -2833.749 1291.653 -34.572 -2836.077 1295.491 -27.807 -2831.528 cv-planks-all
2407 1 19 1853 0 -1 0 1291.363 -29.879 -2834.250 1288.998 -33.291 -2836.398 1293.671 -26.422 -2832.114 cv-planks-all
2408 1 19 1854 0 -1 0 1281.226 14.440 -2870.821 1278.981 14.134 -2873.983 1283.528 14.649 -2867.696 cv-planks-all
2409 1 19 1855 0 -1 0 1266.771 16.722 -2883.967 1263.551 16.416 -2886.094 1270.093 16.931 -2881.857 cv-planks-all
2410 1 19 1856 0 -1 0 1272.901 16.709 -2875.699 1269.899 16.403 -2878.627 1275.987 16.918 -2872.801 cv-planks-all
2411 1 19 1857 0 -1 0 1285.368 -31.380 -2851.327 1283.786 -34.316 -2852.886 1286.961 -28.386 -2849.878 cv-planks-all
2412 1 19 1858 0 -1 0 1283.743 -30.809 -2852.523 1282.203 -33.600 -2854.485 1285.293 -27.980 -2850.670 cv-planks-all
2413 1 19 1859 0 -1 0 1282.104 -32.422 -2853.841 1280.792 -35.413 -2855.242 1283.399 -29.359 -2852.522 cv-planks-all
2414 1 103 2674 0 -1 0 1363.305 8.173 -2777.848 1362.753 4.641 -2781.769 1365.042 12.438 -2773.986 cv-robo-precursor-metal-plain-01dk
2415 1 19 1452 0 -1 0 1393.842 -0.153 -2742.723 1390.368 -0.537 -2745.109 1397.355 0.213 -2740.326 cv-planks-all
2416 1 19 1454 0 -1 0 1393.793 11.894 -2780.665 1390.319 11.510 -2782.934 1397.306 12.260 -2778.387 cv-planks-all
2417 1 19 1458 0 -1 0 1433.365 -12.268 -2733.895 1431.305 -12.652 -2737.419 1435.399 -11.902 -2730.435 cv-planks-all
2418 1 19 1460 0 -1 0 1409.143 -0.398 -2733.876 1407.084 -0.781 -2737.401 1411.178 -0.032 -2730.416 cv-planks-all
2419 1 19 1461 0 -1 0 1421.121 -0.366 -2733.900 1419.061 -0.750 -2737.424 1423.155 0.000 -2730.439 cv-planks-all
2420 1 19 1462 0 -1 0 1383.911 -12.081 -2733.880 1381.852 -12.464 -2737.405 1385.945 -11.714 -2730.420 cv-planks-all
2421 1 19 1464 0 -1 0 1403.824 -12.390 -2733.873 1401.774 -12.774 -2737.392 1405.858 -12.024 -2730.408 cv-planks-all
2422 1 19 1471 0 -1 0 1393.812 -12.421 -2787.529 1390.338 -12.805 -2789.798 1397.324 -12.055 -2785.250 cv-planks-all
2423 1 19 1472 0 -1 0 1327.774 23.961 -2781.946 1325.828 23.577 -2785.459 1329.728 24.327 -2778.472 cv-planks-all
2424 1 19 1474 0 -1 0 1335.797 23.961 -2781.946 1333.851 23.577 -2785.459 1337.752 24.327 -2778.472 cv-planks-all
2425 1 19 1478 0 -1 0 1349.759 11.875 -2791.863 1346.246 11.491 -2793.781 1353.233 12.241 -2789.954 cv-planks-all
2426 1 19 1480 0 -1 0 1325.787 -0.405 -2744.052 1322.263 -0.781 -2746.086 1329.247 -0.047 -2741.993 cv-planks-all
2427 1 19 1481 0 -1 0 1325.824 -0.347 -2763.819 1322.364 -0.731 -2765.878 1329.349 0.019 -2761.785 cv-planks-all
2428 1 19 1482 0 -1 0 1325.847 -0.442 -2776.276 1322.327 -0.826 -2778.506 1329.432 -0.075 -2774.074 cv-planks-all
2429 1 19 1483 0 -1 0 1369.871 -12.147 -2733.852 1367.953 -12.531 -2737.326 1371.780 -11.781 -2730.339 cv-planks-all
2430 1 19 1484 0 -1 0 1332.028 -12.223 -2733.733 1330.207 -12.607 -2737.207 1333.842 -11.857 -2730.220 cv-planks-all
2431 1 19 1485 0 -1 0 1325.804 -24.261 -2739.921 1322.329 -24.645 -2741.871 1329.316 -23.895 -2737.962 cv-planks-all
2432 1 19 1486 0 -1 0 1325.790 -12.428 -2755.488 1322.266 -12.812 -2757.364 1329.251 -12.062 -2753.589 cv-planks-all
2433 1 19 1488 0 -1 0 1325.759 -12.423 -2775.444 1322.299 -12.807 -2777.504 1329.283 -12.057 -2773.410 cv-planks-all
2434 1 19 1490 0 -1 0 1391.939 -0.356 -2801.897 1389.879 -0.740 -2805.422 1393.973 0.010 -2798.437 cv-planks-all
2435 1 19 1493 0 -1 0 1351.217 11.735 -2801.829 1349.133 11.351 -2805.289 1353.328 12.101 -2798.305 cv-planks-all
2436 1 19 1500 0 -1 0 1330.634 -22.238 -2818.613 1327.567 -22.609 -2822.318 1333.842 -21.907 -2814.664 cv-planks-all
2437 1 19 1502 0 -1 0 1325.396 -12.880 -2837.978 1323.387 -13.684 -2841.468 1327.408 -12.062 -2834.479 cv-planks-all
2438 1 19 1503 0 -1 0 1333.052 -14.773 -2838.060 1331.028 -15.478 -2841.541 1335.041 -14.127 -2834.556 cv-planks-all
2439 1 19 1504 0 -1 0 1319.780 -22.959 -2824.176 1316.714 -23.330 -2827.880 1322.988 -22.628 -2820.226 cv-planks-all
2440 1 19 1505 0 -1 0 1307.703 -29.108 -2813.241 1305.200 -30.246 -2816.741 1310.259 -28.024 -2809.424 cv-planks-all
2441 1 19 1506 0 -1 0 1305.966 -1.698 -2842.775 1302.870 -2.082 -2846.484 1309.200 -1.332 -2838.816 cv-planks-all
2442 1 19 1507 0 -1 0 1315.207 -7.041 -2839.102 1312.384 -7.845 -2842.700 1318.056 -6.224 -2835.197 cv-planks-all
2443 1 19 1508 0 -1 0 1296.456 2.316 -2848.531 1292.502 1.931 -2851.572 1300.152 2.681 -2845.371 cv-planks-all
2444 1 19 1509 0 -1 0 1298.350 6.383 -2863.381 1295.264 5.999 -2867.088 1301.571 6.749 -2859.423 cv-planks-all
2445 1 19 1511 0 -1 0 1292.564 -28.455 -2841.576 1289.324 -28.835 -2845.197 1296.080 -28.116 -2837.772 cv-planks-all
2446 1 19 1512 0 -1 0 1287.505 10.349 -2868.774 1284.461 9.965 -2872.470 1290.668 10.715 -2864.818 cv-planks-all
2447 1 19 1513 0 -1 0 1276.890 16.632 -2872.706 1273.668 16.248 -2876.343 1280.359 16.998 -2868.864 cv-planks-all
2448 1 19 1514 0 -1 0 1269.763 16.862 -2879.465 1266.336 16.478 -2882.783 1273.621 17.228 -2876.056 cv-planks-all
2449 1 19 1515 0 -1 0 1265.286 16.896 -2897.229 1261.745 16.512 -2899.253 1268.737 17.262 -2895.221 cv-planks-all
2450 1 19 1516 0 -1 0 1266.063 16.862 -2889.054 1262.605 16.478 -2890.990 1269.588 17.228 -2887.144 cv-planks-all
2451 1 19 1517 0 -1 0 1286.647 -30.835 -2845.963 1283.595 -32.119 -2849.493 1290.019 -29.622 -2842.209 cv-planks-all
2452 1 30 2791 0 -1 0 1373.432 -8.809 -2793.932 1370.162 -12.064 -2795.253 1376.076 -4.627 -2791.607 environment-darkcave
2453 1 90 2784 0 -1 0 1374.097 5.525 -2766.709 1372.292 0.583 -2768.517 1375.902 10.818 -2764.907 cmn-precursor-stonehengetop
2454 1 19 1518 0 -1 0 1430.984 -0.168 -2733.860 1430.116 -0.379 -2737.184 1431.887 0.058 -2730.734 cv-planks-all
2455 1 19 1519 0 -1 0 1410.928 11.804 -2733.915 1409.929 11.593 -2737.089 1411.965 12.031 -2730.932 cv-planks-all
2456 1 19 1520 0 -1 0 1408.907 11.804 -2733.934 1407.823 11.593 -2736.916 1409.950 12.031 -2730.761 cv-planks-all
2457 1 19 1521 0 -1 0 1402.084 -0.372 -2733.851 1401.041 -0.583 -2736.834 1403.088 -0.145 -2730.678 cv-planks-all
2458 1 19 1522 0 -1 0 1404.116 -0.372 -2733.833 1403.067 -0.583 -2737.005 1405.205 -0.145 -2730.851 cv-planks-all
2459 1 19 1523 0 -1 0 1414.062 -0.340 -2733.874 1413.018 -0.551 -2736.857 1415.065 -0.114 -2730.701 cv-planks-all
2460 1 19 1524 0 -1 0 1416.093 -0.340 -2733.856 1415.044 -0.551 -2737.029 1417.182 -0.114 -2730.874 cv-planks-all
2461 1 19 1525 0 -1 0 1433.866 -0.371 -2749.414 1430.542 -0.582 -2750.480 1436.991 -0.145 -2748.389 cv-planks-all
2462 1 19 1526 0 -1 0 1413.870 -0.210 -2743.850 1410.546 -0.421 -2744.916 1416.996 0.017 -2742.825 cv-planks-all
2463 1 19 1527 0 -1 0 1393.692 -0.268 -2732.816 1390.709 -0.479 -2733.819 1396.866 -0.041 -2731.773 cv-planks-all
2464 1 19 1528 0 -1 0 1396.935 11.869 -2733.764 1395.931 11.657 -2736.937 1397.978 12.095 -2730.781 cv-planks-all
2465 1 19 1529 0 -1 0 1393.692 -0.298 -2750.891 1390.709 -0.509 -2752.012 1396.866 -0.072 -2749.726 cv-planks-all
2466 1 19 1530 0 -1 0 1393.692 -0.268 -2736.769 1390.709 -0.479 -2737.773 1396.866 -0.041 -2735.726 cv-planks-all
2467 1 19 1531 0 -1 0 1400.076 -0.276 -2733.994 1399.041 -0.487 -2736.979 1401.087 -0.049 -2730.821 cv-planks-all
2468 1 19 1532 0 -1 0 1393.761 -0.167 -2739.039 1390.636 -0.378 -2740.320 1397.085 0.059 -2737.706 cv-planks-all
2469 1 19 1533 0 -1 0 1433.884 11.942 -2777.652 1430.560 11.731 -2779.059 1437.010 12.169 -2776.300 cv-planks-all
2470 1 19 1534 0 -1 0 1432.871 11.844 -2759.474 1429.454 11.633 -2760.766 1436.474 12.070 -2758.222 cv-planks-all
2471 1 19 1535 0 -1 0 1436.436 -0.360 -2757.901 1435.644 -0.571 -2761.074 1437.259 -0.134 -2754.918 cv-planks-all
2472 1 19 1536 0 -1 0 1434.842 -0.360 -2757.919 1433.983 -0.571 -2760.901 1435.670 -0.134 -2754.746 cv-planks-all
2473 1 19 1537 0 -1 0 1433.940 -0.324 -2772.805 1430.767 -0.535 -2773.849 1436.923 -0.098 -2771.802 cv-planks-all
2474 1 19 1538 0 -1 0 1433.940 -0.324 -2776.649 1430.767 -0.535 -2777.613 1436.923 -0.098 -2775.721 cv-planks-all
2475 1 19 1539 0 -1 0 1433.957 -0.469 -2751.557 1430.783 -0.680 -2752.720 1436.940 -0.242 -2750.439 cv-planks-all
2476 1 19 1540 0 -1 0 1401.834 -0.298 -2757.669 1400.530 -0.509 -2760.653 1403.088 -0.072 -2754.496 cv-planks-all
2477 1 19 1541 0 -1 0 1392.857 11.776 -2757.731 1391.867 11.564 -2760.904 1393.886 12.002 -2754.748 cv-planks-all
2478 1 19 1542 0 -1 0 1393.917 -0.282 -2758.894 1390.934 -0.493 -2759.897 1397.091 -0.055 -2757.850 cv-planks-all
2479 1 19 1543 0 -1 0 1381.511 23.851 -2781.736 1380.464 23.608 -2785.702 1382.598 24.111 -2778.008 cv-planks-all
2480 1 19 1544 0 -1 0 1393.712 11.880 -2777.148 1390.587 11.668 -2778.366 1397.036 12.106 -2775.882 cv-planks-all
2481 1 19 1545 0 -1 0 1393.799 11.802 -2792.796 1390.816 11.591 -2793.718 1396.973 12.029 -2791.836 cv-planks-all
2482 1 19 1546 0 -1 0 1393.818 11.802 -2794.666 1390.645 11.591 -2795.668 1396.799 12.029 -2793.701 cv-planks-all
2483 1 19 1547 0 -1 0 1393.849 -0.298 -2754.949 1390.866 -0.509 -2755.953 1397.022 -0.072 -2753.906 cv-planks-all
2484 1 19 1548 0 -1 0 1393.651 -0.274 -2766.826 1390.668 -0.486 -2767.830 1396.824 -0.048 -2765.783 cv-planks-all
2485 1 19 1549 0 -1 0 1384.880 -0.330 -2801.872 1383.836 -0.541 -2804.855 1385.883 -0.103 -2798.699 cv-planks-all
2486 1 19 1550 0 -1 0 1382.814 -0.282 -2801.901 1381.770 -0.493 -2804.884 1383.817 -0.056 -2798.728 cv-planks-all
2487 1 19 1551 0 -1 0 1393.728 -0.205 -2785.084 1390.602 -0.416 -2786.109 1397.052 0.021 -2784.018 cv-planks-all
2488 1 19 1552 0 -1 0 1393.747 -0.328 -2782.926 1390.574 -0.539 -2783.970 1396.730 -0.102 -2781.923 cv-planks-all
2489 1 19 1553 0 -1 0 1393.728 -0.328 -2780.895 1390.747 -0.539 -2781.944 1396.901 -0.102 -2779.806 cv-planks-all
2490 1 19 1554 0 -1 0 1433.856 -12.252 -2745.616 1430.532 -12.464 -2746.942 1436.981 -12.026 -2744.342 cv-planks-all
2491 1 19 1555 0 -1 0 1426.306 -12.242 -2733.870 1425.263 -12.453 -2736.853 1427.310 -12.016 -2730.697 cv-planks-all
2492 1 19 1556 0 -1 0 1428.338 -12.242 -2733.851 1427.289 -12.453 -2737.024 1429.427 -12.016 -2730.870 cv-planks-all
2493 1 19 1557 0 -1 0 1396.765 -12.364 -2733.870 1395.731 -12.576 -2736.856 1397.777 -12.138 -2730.698 cv-planks-all
2494 1 19 1558 0 -1 0 1393.872 -12.262 -2745.263 1390.548 -12.473 -2746.560 1396.997 -12.036 -2744.015 cv-planks-all
2495 1 19 1559 0 -1 0 1394.720 -12.338 -2734.116 1393.677 -12.550 -2737.099 1395.723 -12.112 -2730.943 cv-planks-all
2496 1 19 1560 0 -1 0 1398.796 -12.364 -2733.846 1397.757 -12.576 -2737.018 1399.876 -12.138 -2730.864 cv-planks-all
2497 1 19 1561 0 -1 0 1433.886 -12.269 -2758.945 1430.561 -12.480 -2760.120 1437.011 -12.043 -2757.816 cv-planks-all
2498 1 19 1562 0 -1 0 1433.991 -12.355 -2748.062 1430.817 -12.566 -2749.225 1436.974 -12.129 -2746.943 cv-planks-all
2499 1 19 1563 0 -1 0 1433.735 -12.408 -2771.213 1430.562 -12.619 -2772.256 1436.718 -12.181 -2770.209 cv-planks-all
2500 1 19 1564 0 -1 0 1433.717 -12.408 -2769.182 1430.736 -12.619 -2770.231 1436.890 -12.181 -2768.093 cv-planks-all
2501 1 19 1565 0 -1 0 1433.879 -12.388 -2778.831 1430.554 -12.599 -2779.843 1437.004 -12.162 -2777.857 cv-planks-all
2502 1 19 1566 0 -1 0 1414.662 -21.807 -2801.907 1413.682 -22.458 -2804.889 1415.680 -21.109 -2798.735 cv-planks-all
2503 1 19 1567 0 -1 0 1393.702 -12.397 -2757.915 1390.529 -12.608 -2758.995 1396.685 -12.170 -2756.876 cv-planks-all
2504 1 19 1568 0 -1 0 1393.684 -12.397 -2755.812 1390.702 -12.608 -2756.898 1396.857 -12.170 -2754.685 cv-planks-all
2505 1 19 1569 0 -1 0 1384.634 -12.371 -2801.880 1383.582 -12.582 -2804.863 1385.646 -12.145 -2798.706 cv-planks-all
2506 1 19 1570 0 -1 0 1393.731 -12.435 -2784.012 1390.606 -12.646 -2785.230 1397.055 -12.209 -2782.745 cv-planks-all
2507 1 19 1571 0 -1 0 1393.855 -12.469 -2781.744 1390.531 -12.680 -2782.819 1396.981 -12.242 -2780.711 cv-planks-all
2508 1 19 1572 0 -1 0 1397.818 -13.035 -2801.890 1396.965 -13.628 -2804.873 1398.713 -12.419 -2798.716 cv-planks-all
2509 1 19 1573 0 -1 0 1372.814 11.964 -2733.941 1371.758 11.752 -2737.069 1373.848 12.190 -2730.616 cv-planks-all
2510 1 19 1574 0 -1 0 1364.765 11.851 -2733.719 1363.673 11.639 -2736.892 1365.871 12.077 -2730.731 cv-planks-all
2511 1 19 1575 0 -1 0 1328.525 11.845 -2733.958 1327.735 11.633 -2737.085 1329.303 12.071 -2730.634 cv-planks-all
2512 1 19 1576 0 -1 0 1325.708 11.873 -2746.871 1322.725 11.661 -2747.875 1328.881 12.099 -2745.828 cv-planks-all
2513 1 19 1577 0 -1 0 1324.799 11.844 -2738.757 1321.816 11.633 -2739.760 1327.972 12.070 -2737.714 cv-planks-all
2514 1 19 1578 0 -1 0 1330.790 23.947 -2781.849 1329.746 23.735 -2785.173 1331.877 24.173 -2778.724 cv-planks-all
2515 1 19 1579 0 -1 0 1338.813 23.947 -2781.849 1337.769 23.735 -2785.173 1339.900 24.173 -2778.724 cv-planks-all
2516 1 19 1580 0 -1 0 1379.422 23.966 -2781.834 1378.397 23.723 -2785.989 1380.487 24.227 -2777.927 cv-planks-all
2517 1 19 1581 0 -1 0 1375.024 23.851 -2774.797 1372.645 23.608 -2775.841 1377.262 24.111 -2773.794 cv-planks-all
2518 1 19 1582 0 -1 0 1380.988 23.851 -2776.784 1377.640 23.608 -2777.946 1384.494 24.111 -2775.649 cv-planks-all
2519 1 19 1583 0 -1 0 1349.840 11.861 -2794.823 1346.516 11.649 -2795.889 1352.965 12.087 -2793.798 cv-planks-all
2520 1 19 1584 0 -1 0 1340.938 -0.282 -2733.769 1339.935 -0.493 -2736.942 1341.981 -0.055 -2730.785 cv-planks-all
2521 1 19 1585 0 -1 0 1343.057 -0.257 -2781.764 1341.803 -0.469 -2784.938 1344.361 -0.031 -2778.781 cv-planks-all
2522 1 19 1586 0 -1 0 1350.251 -0.291 -2784.224 1346.927 -0.502 -2785.052 1353.376 -0.065 -2783.426 cv-planks-all
2523 1 19 1587 0 -1 0 1349.905 -0.315 -2785.841 1346.732 -0.527 -2786.575 1352.888 -0.089 -2785.136 cv-planks-all
2524 1 19 1588 0 -1 0 1356.515 -0.331 -2801.915 1355.370 -0.542 -2804.896 1357.619 -0.105 -2798.742 cv-planks-all
2525 1 19 1589 0 -1 0 1378.782 -0.282 -2801.901 1377.686 -0.493 -2804.884 1379.835 -0.056 -2798.728 cv-planks-all
2526 1 19 1590 0 -1 0 1356.371 11.761 -2801.873 1355.254 11.550 -2804.854 1357.446 11.987 -2798.700 cv-planks-all
2527 1 19 1591 0 -1 0 1324.733 11.819 -2734.459 1322.049 11.608 -2735.817 1327.589 12.045 -2733.047 cv-planks-all
2528 1 19 1592 0 -1 0 1325.812 -0.409 -2736.992 1322.829 -0.624 -2737.996 1328.986 -0.179 -2735.948 cv-planks-all
2529 1 19 1593 0 -1 0 1325.831 -0.401 -2739.024 1322.658 -0.616 -2740.113 1328.812 -0.174 -2737.975 cv-planks-all
2530 1 19 1594 0 -1 0 1330.748 -0.320 -2733.894 1329.889 -0.531 -2736.877 1331.574 -0.093 -2730.721 cv-planks-all
2531 1 19 1595 0 -1 0 1332.426 -0.320 -2733.876 1331.562 -0.531 -2737.048 1333.322 -0.093 -2730.894 cv-planks-all
2532 1 19 1596 0 -1 0 1325.799 -0.321 -2770.878 1322.626 -0.532 -2771.921 1328.782 -0.095 -2769.874 cv-planks-all
2533 1 19 1597 0 -1 0 1325.781 -0.321 -2768.846 1322.799 -0.532 -2769.895 1328.953 -0.095 -2767.757 cv-planks-all
2534 1 19 1598 0 -1 0 1325.822 -0.416 -2783.918 1322.593 -0.627 -2785.048 1328.857 -0.189 -2782.832 cv-planks-all
2535 1 19 1599 0 -1 0 1325.804 -0.416 -2781.722 1322.769 -0.627 -2782.857 1329.032 -0.189 -2780.543 cv-planks-all
2536 1 19 1600 0 -1 0 1330.546 -0.273 -2781.717 1329.325 -0.484 -2784.890 1331.815 -0.046 -2778.734 cv-planks-all
2537 1 19 1601 0 -1 0 1366.911 -12.162 -2733.933 1365.845 -12.373 -2737.058 1367.936 -11.935 -2730.609 cv-planks-all
2538 1 19 1602 0 -1 0 1364.910 -12.319 -2734.043 1363.919 -12.530 -2737.026 1365.864 -12.092 -2730.870 cv-planks-all
2539 1 19 1603 0 -1 0 1376.852 -12.055 -2733.855 1375.809 -12.266 -2736.838 1377.856 -11.828 -2730.682 cv-planks-all
2540 1 19 1604 0 -1 0 1378.884 -12.055 -2733.837 1377.835 -12.266 -2737.009 1379.973 -11.828 -2730.855 cv-planks-all
2541 1 19 1605 0 -1 0 1359.367 -12.311 -2733.730 1358.414 -12.522 -2736.903 1360.358 -12.085 -2730.747 cv-planks-all
2542 1 19 1606 0 -1 0 1329.217 -12.237 -2733.814 1328.204 -12.449 -2736.939 1330.190 -12.011 -2730.490 cv-planks-all
2543 1 19 1607 0 -1 0 1342.744 -12.295 -2734.004 1341.701 -12.506 -2736.987 1343.748 -12.069 -2730.831 cv-planks-all
2544 1 19 1608 0 -1 0 1325.672 -12.412 -2742.886 1322.689 -12.628 -2743.950 1328.845 -12.182 -2741.780 cv-planks-all
2545 1 19 1609 0 -1 0 1325.816 -12.403 -2748.979 1322.832 -12.614 -2749.904 1328.989 -12.176 -2748.016 cv-planks-all
2546 1 19 1610 0 -1 0 1325.834 -12.403 -2750.854 1322.661 -12.614 -2751.858 1328.816 -12.176 -2749.887 cv-planks-all
2547 1 19 1611 0 -1 0 1325.722 -24.275 -2736.896 1322.597 -24.487 -2737.944 1329.046 -24.049 -2735.807 cv-planks-all
2548 1 19 1612 0 -1 0 1330.833 -24.220 -2733.978 1329.896 -24.431 -2736.961 1331.735 -23.993 -2730.805 cv-planks-all
2549 1 19 1613 0 -1 0 1356.636 -12.436 -2801.873 1355.467 -12.647 -2804.855 1357.762 -12.209 -2798.701 cv-planks-all
2550 1 19 1614 0 -1 0 1364.751 -12.365 -2801.870 1363.706 -12.576 -2804.853 1365.755 -12.138 -2798.697 cv-planks-all
2551 1 19 1615 0 -1 0 1341.909 -12.528 -2781.823 1340.905 -12.739 -2784.996 1342.952 -12.302 -2778.840 cv-planks-all
2552 1 19 1616 0 -1 0 1342.305 -14.855 -2801.881 1341.212 -15.464 -2804.863 1343.304 -14.171 -2798.708 cv-planks-all
2553 1 19 1617 0 -1 0 1325.733 -12.397 -2782.503 1322.560 -12.608 -2783.546 1328.716 -12.171 -2781.499 cv-planks-all
2554 1 19 1618 0 -1 0 1325.715 -12.397 -2780.472 1322.733 -12.608 -2781.521 1328.888 -12.171 -2779.383 cv-planks-all
2555 1 19 1619 0 -1 0 1339.924 -12.490 -2781.873 1338.920 -12.701 -2785.046 1340.967 -12.264 -2778.890 cv-planks-all
2556 1 19 1620 0 -1 0 1337.892 -12.490 -2781.891 1336.803 -12.701 -2784.873 1338.941 -12.264 -2778.719 cv-planks-all
2557 1 19 1621 0 -1 0 1331.315 -20.467 -2801.880 1330.232 -21.070 -2804.862 1332.305 -19.790 -2798.707 cv-planks-all
2558 1 19 1622 0 -1 0 1399.452 -13.870 -2801.871 1398.564 -14.429 -2805.044 1400.420 -13.245 -2798.889 cv-planks-all
2559 1 19 1623 0 -1 0 1416.458 -22.779 -2801.889 1415.487 -23.390 -2805.061 1417.477 -22.115 -2798.907 cv-planks-all
2560 1 19 1624 0 -1 0 1418.370 -23.812 -2801.787 1417.399 -24.423 -2804.959 1419.390 -23.148 -2798.804 cv-planks-all
2561 1 19 1625 0 -1 0 1383.437 20.174 -2822.309 1380.752 19.962 -2823.358 1386.292 20.400 -2821.219 cv-planks-all
2562 1 19 1626 0 -1 0 1383.701 20.174 -2816.600 1380.845 19.962 -2817.596 1386.385 20.400 -2815.643 cv-planks-all
2563 1 19 1627 0 -1 0 1382.872 11.870 -2801.994 1381.829 11.659 -2804.977 1383.876 12.096 -2798.821 cv-planks-all
2564 1 19 1628 0 -1 0 1358.452 11.761 -2801.854 1357.424 11.550 -2805.027 1359.521 11.987 -2798.871 cv-planks-all
2565 1 19 1629 0 -1 0 1366.726 -0.279 -2802.002 1365.662 -0.490 -2804.985 1367.749 -0.053 -2798.829 cv-planks-all
2566 1 19 1630 0 -1 0 1368.866 -0.175 -2801.945 1367.800 -0.387 -2805.070 1369.891 0.051 -2798.621 cv-planks-all
2567 1 19 1631 0 -1 0 1386.911 -0.330 -2801.854 1385.862 -0.541 -2805.026 1388.000 -0.103 -2798.872 cv-planks-all
2568 1 19 1632 0 -1 0 1358.651 -0.331 -2801.896 1357.595 -0.542 -2805.070 1359.748 -0.105 -2798.913 cv-planks-all
2569 1 19 1633 0 -1 0 1382.655 -12.333 -2802.001 1381.696 -12.545 -2804.984 1383.578 -12.107 -2798.827 cv-planks-all
2570 1 19 1634 0 -1 0 1358.813 -12.436 -2801.855 1357.737 -12.647 -2805.028 1359.933 -12.209 -2798.872 cv-planks-all
2571 1 19 1635 0 -1 0 1366.785 -12.365 -2801.852 1365.734 -12.576 -2805.024 1367.875 -12.138 -2798.870 cv-planks-all
2572 1 19 1636 0 -1 0 1386.682 -12.371 -2801.861 1385.624 -12.582 -2805.034 1387.781 -12.145 -2798.879 cv-planks-all
2573 1 19 1637 0 -1 0 1351.595 -19.420 -2837.942 1350.541 -19.847 -2841.114 1352.659 -18.958 -2834.934 cv-planks-all
2574 1 19 1638 0 -1 0 1349.610 -18.912 -2838.010 1348.620 -19.360 -2841.002 1350.648 -18.440 -2834.836 cv-planks-all
2575 1 19 1639 0 -1 0 1360.699 -23.453 -2837.910 1359.704 -24.034 -2841.082 1361.738 -22.829 -2834.901 cv-planks-all
2576 1 19 1640 0 -1 0 1358.852 -22.476 -2837.886 1357.833 -23.066 -2841.209 1359.913 -21.843 -2834.735 cv-planks-all
2577 1 19 1641 0 -1 0 1344.166 -13.905 -2801.863 1343.159 -14.554 -2805.036 1345.139 -13.230 -2798.879 cv-planks-all
2578 1 19 1642 0 -1 0 1333.159 -19.532 -2801.862 1332.161 -20.174 -2805.035 1334.122 -18.865 -2798.879 cv-planks-all
2579 1 19 1643 0 -1 0 1326.180 -22.587 -2820.919 1323.990 -22.871 -2824.019 1328.421 -22.297 -2817.790 cv-planks-all
2580 1 19 1644 0 -1 0 1318.549 -11.225 -2838.094 1317.547 -11.659 -2841.097 1319.617 -10.779 -2834.921 cv-planks-all
2581 1 19 1645 0 -1 0 1320.526 -11.703 -2838.035 1319.517 -12.117 -2841.208 1321.574 -11.245 -2835.047 cv-planks-all
2582 1 19 1646 0 -1 0 1324.415 -22.735 -2821.895 1322.116 -23.013 -2825.023 1326.640 -22.437 -2818.806 cv-planks-all
2583 1 19 1647 0 -1 0 1339.915 -16.489 -2838.004 1338.899 -16.916 -2841.176 1340.943 -16.026 -2835.009 cv-planks-all
2584 1 19 1648 0 -1 0 1337.929 -15.980 -2838.045 1336.899 -16.428 -2841.028 1338.951 -15.509 -2834.872 cv-planks-all
2585 1 19 1649 0 -1 0 1313.562 -23.457 -2827.457 1311.262 -23.734 -2830.586 1315.786 -23.158 -2824.369 cv-planks-all
2586 1 19 1650 0 -1 0 1315.327 -23.308 -2826.482 1313.137 -23.592 -2829.581 1317.568 -23.018 -2823.352 cv-planks-all
2587 1 19 1651 0 -1 0 1301.674 -32.402 -2814.857 1299.958 -33.011 -2818.003 1303.290 -31.739 -2811.766 cv-planks-all
2588 1 19 1652 0 -1 0 1303.398 -31.433 -2814.345 1301.752 -32.082 -2817.462 1304.999 -30.737 -2811.226 cv-planks-all
2589 1 19 1653 0 -1 0 1308.752 -5.387 -2841.417 1306.827 -5.820 -2844.570 1310.672 -4.941 -2838.279 cv-planks-all
2590 1 19 1654 0 -1 0 1310.601 -5.864 -2840.717 1308.740 -6.278 -2843.838 1312.532 -5.406 -2837.550 cv-planks-all
2591 1 19 1655 0 -1 0 1298.650 2.341 -2853.051 1295.510 2.130 -2855.189 1301.761 2.568 -2850.858 cv-planks-all
2592 1 19 1656 0 -1 0 1299.756 -1.672 -2846.117 1297.455 -1.883 -2849.236 1301.994 -1.446 -2843.028 cv-planks-all
2593 1 19 1657 0 -1 0 1301.520 -1.672 -2845.112 1299.315 -1.883 -2848.209 1303.788 -1.446 -2841.985 cv-planks-all
2594 1 19 1658 0 -1 0 1304.755 6.409 -2860.715 1302.463 6.197 -2863.837 1306.984 6.635 -2857.624 cv-planks-all
2595 1 19 1659 0 -1 0 1292.120 6.409 -2866.685 1289.832 6.198 -2869.807 1294.345 6.635 -2863.593 cv-planks-all
2596 1 19 1660 0 -1 0 1293.890 6.409 -2865.691 1291.698 6.198 -2868.790 1296.143 6.635 -2862.562 cv-planks-all
2597 1 19 1661 0 -1 0 1299.598 2.341 -2854.844 1296.494 2.130 -2857.073 1302.731 2.568 -2852.674 cv-planks-all
2598 1 19 1662 0 -1 0 1300.487 2.336 -2856.713 1297.384 2.125 -2858.944 1303.620 2.562 -2854.540 cv-planks-all
2599 1 19 1663 0 -1 0 1282.987 10.375 -2870.973 1280.846 10.164 -2874.083 1285.184 10.601 -2867.834 cv-planks-all
2600 1 19 1664 0 -1 0 1274.553 16.617 -2874.509 1271.878 16.406 -2877.664 1277.132 16.844 -2871.390 cv-planks-all
2601 1 19 1665 0 -1 0 1281.195 10.375 -2871.923 1278.963 10.164 -2875.057 1283.369 10.601 -2868.820 cv-planks-all
2602 1 19 1666 0 -1 0 1268.129 16.848 -2881.945 1264.948 16.636 -2884.610 1271.156 17.074 -2879.321 cv-planks-all
2603 1 19 1667 0 -1 0 1265.426 16.882 -2900.343 1262.100 16.671 -2901.456 1268.569 17.108 -2899.258 cv-planks-all
2604 1 19 1668 0 -1 0 1266.054 16.848 -2892.016 1262.731 16.636 -2893.177 1269.177 17.074 -2890.896 cv-planks-all
2605 1 19 1669 0 -1 0 1284.747 -32.536 -2847.486 1282.100 -33.237 -2850.590 1287.213 -31.773 -2844.505 cv-planks-all
2606 1 19 1670 0 -1 0 1290.295 -28.707 -2843.455 1287.543 -28.992 -2846.582 1292.934 -28.401 -2840.376 cv-planks-all
2607 1 19 1671 0 -1 0 1265.039 16.917 -2902.495 1261.867 16.706 -2903.598 1268.021 17.143 -2901.434 cv-planks-all
2608 1 105 2784 0 -1 0 1373.988 5.337 -2766.673 1371.063 1.583 -2769.204 1377.333 9.114 -2763.662 cv-robo-metal-pitted-01
2609 1 22 2176 0 -1 0 1419.169 17.075 -2733.762 1418.897 16.749 -2737.172 1419.444 17.404 -2730.351 cv-supportpole-end-2x2
2610 1 22 2177 0 -1 0 1391.622 17.075 -2733.762 1391.349 16.749 -2737.172 1391.896 17.404 -2730.351 cv-supportpole-end-2x2
2611 1 22 2178 0 -1 0 1384.495 17.075 -2733.762 1384.222 16.749 -2737.172 1384.770 17.404 -2730.351 cv-supportpole-end-2x2
2612 1 22 2179 0 -1 0 1359.795 17.016 -2733.951 1359.523 16.690 -2737.362 1360.070 17.345 -2730.540 cv-supportpole-end-2x2
2613 1 22 2180 0 -1 0 1341.746 17.164 -2733.671 1341.418 16.843 -2737.630 1342.048 17.489 -2729.712 cv-supportpole-end-2x2
2614 1 22 2181 0 -1 0 1325.552 17.113 -2753.897 1322.141 16.787 -2754.170 1328.963 17.442 -2753.623 cv-supportpole-end-2x2
2615 1 22 2182 0 -1 0 1325.552 17.113 -2761.874 1322.141 16.787 -2762.146 1328.963 17.442 -2761.599 cv-supportpole-end-2x2
2616 1 22 2183 0 -1 0 1325.552 17.113 -2769.871 1322.141 16.787 -2770.144 1328.963 17.442 -2769.597 cv-supportpole-end-2x2
2617 1 22 2184 0 -1 0 1325.552 24.164 -2753.897 1322.141 23.837 -2754.170 1328.963 24.492 -2753.623 cv-supportpole-end-2x2
2618 1 22 2185 0 -1 0 1325.552 24.164 -2761.874 1322.141 23.837 -2762.146 1328.963 24.492 -2761.599 cv-supportpole-end-2x2
2619 1 22 2186 0 -1 0 1325.552 24.164 -2769.871 1322.141 23.837 -2770.144 1328.963 24.492 -2769.597 cv-supportpole-end-2x2
2620 1 22 2187 0 -1 0 1325.552 32.187 -2769.871 1322.141 31.861 -2770.144 1328.963 32.516 -2769.597 cv-supportpole-end-2x2
2621 1 22 2188 0 -1 0 1353.773 29.021 -2781.359 1353.381 28.632 -2784.769 1354.162 29.414 -2777.948 cv-supportpole-end-2x2
2622 1 22 2189 0 -1 0 1361.759 29.021 -2781.359 1361.367 28.632 -2784.769 1362.148 29.414 -2777.948 cv-supportpole-end-2x2
2623 1 22 2190 0 -1 0 1369.689 29.021 -2781.359 1369.297 28.632 -2784.769 1370.079 29.414 -2777.948 cv-supportpole-end-2x2
2624 1 22 2191 0 -1 0 1419.757 4.789 -2819.448 1419.483 4.463 -2822.859 1420.030 5.118 -2816.037 cv-supportpole-end-2x2
2625 1 22 2192 0 -1 0 1427.746 4.789 -2819.448 1427.472 4.463 -2822.859 1428.019 5.118 -2816.037 cv-supportpole-end-2x2
2626 1 22 2193 0 -1 0 1419.757 13.062 -2819.448 1419.483 12.736 -2822.859 1420.030 13.391 -2816.037 cv-supportpole-end-2x2
2627 1 22 2194 0 -1 0 1427.746 13.062 -2819.448 1427.472 12.736 -2822.859 1428.019 13.391 -2816.037 cv-supportpole-end-2x2
2628 1 22 2195 0 -1 0 1403.167 4.789 -2819.448 1402.893 4.463 -2822.859 1403.440 5.118 -2816.037 cv-supportpole-end-2x2
2629 1 22 2196 0 -1 0 1411.482 4.789 -2819.448 1411.207 4.463 -2822.859 1411.754 5.118 -2816.037 cv-supportpole-end-2x2
2630 1 22 2197 0 -1 0 1403.167 13.062 -2819.448 1402.893 12.736 -2822.859 1403.440 13.391 -2816.037 cv-supportpole-end-2x2
2631 1 22 2198 0 -1 0 1411.482 13.062 -2819.448 1411.207 12.736 -2822.859 1411.754 13.391 -2816.037 cv-supportpole-end-2x2
2632 1 22 2199 0 -1 0 1403.167 -3.530 -2819.448 1402.893 -3.857 -2822.859 1403.440 -3.202 -2816.037 cv-supportpole-end-2x2
2633 1 22 2200 0 -1 0 1411.482 -3.530 -2819.448 1411.207 -3.857 -2822.859 1411.754 -3.202 -2816.037 cv-supportpole-end-2x2
2634 1 22 2201 0 -1 0 1419.757 -3.530 -2819.448 1419.483 -3.857 -2822.859 1420.030 -3.202 -2816.037 cv-supportpole-end-2x2
2635 1 22 2202 0 -1 0 1427.746 -3.530 -2819.448 1427.472 -3.857 -2822.859 1428.019 -3.202 -2816.037 cv-supportpole-end-2x2
2636 1 22 2203 0 -1 0 1418.578 15.743 -2708.856 1417.883 13.272 -2710.958 1419.062 18.076 -2706.593 cv-supportpole-end-2x2
2637 1 22 2204 0 -1 0 1419.830 14.705 -2715.534 1418.737 11.147 -2717.318 1421.138 18.152 -2713.550 cv-supportpole-end-2x2
2638 1 22 2205 0 -1 0 1423.677 11.414 -2730.846 1421.427 10.928 -2731.147 1425.940 11.904 -2730.311 cv-supportpole-end-2x2
2639 1 22 2206 0 -1 0 1433.517 11.394 -2730.716 1429.777 10.904 -2731.128 1437.258 11.880 -2730.300 cv-supportpole-end-2x2
2640 1 22 2207 0 -1 0 1384.502 15.743 -2717.328 1383.806 13.272 -2719.430 1384.985 18.076 -2715.066 cv-supportpole-end-2x2
2641 1 22 2208 0 -1 0 1391.031 15.743 -2705.767 1390.335 13.272 -2707.869 1391.514 18.076 -2703.504 cv-supportpole-end-2x2
2642 1 22 2209 0 -1 0 1391.863 15.866 -2725.934 1390.997 13.017 -2727.321 1392.516 18.622 -2724.346 cv-supportpole-end-2x2
2643 1 22 2210 0 -1 0 1398.449 9.185 -2731.645 1398.060 6.266 -2733.830 1398.841 11.972 -2729.282 cv-supportpole-end-2x2
2644 1 22 2211 0 -1 0 1434.078 10.572 -2758.844 1430.665 9.131 -2760.547 1437.584 11.807 -2757.343 cv-supportpole-end-2x2
2645 1 22 2212 0 -1 0 1435.129 9.836 -2773.344 1432.742 7.598 -2773.733 1437.660 11.909 -2772.952 cv-supportpole-end-2x2
2646 1 22 2213 0 -1 0 1433.190 9.738 -2759.623 1428.906 7.541 -2760.012 1437.563 11.736 -2759.231 cv-supportpole-end-2x2
2647 1 22 2214 0 -1 0 1395.523 9.431 -2798.937 1393.237 7.088 -2799.326 1397.962 11.617 -2798.544 cv-supportpole-end-2x2
2648 1 22 2215 0 -1 0 1400.292 11.395 -2758.663 1399.858 11.080 -2760.907 1400.728 11.708 -2756.419 cv-supportpole-end-2x2
2649 1 22 2216 0 -1 0 1393.203 11.489 -2767.459 1390.796 10.892 -2767.736 1395.594 11.839 -2767.107 cv-supportpole-end-2x2
2650 1 22 2217 0 -1 0 1435.967 -2.502 -2741.819 1434.836 -4.912 -2743.818 1437.304 -0.254 -2739.648 cv-supportpole-end-2x2
2651 1 22 2218 0 -1 0 1429.839 -2.113 -2732.164 1429.462 -4.425 -2734.460 1430.430 0.048 -2729.718 cv-supportpole-end-2x2
2652 1 22 2219 0 -1 0 1425.910 -2.249 -2732.161 1424.925 -4.447 -2734.514 1426.686 -0.218 -2729.680 cv-supportpole-end-2x2
2653 1 22 2220 0 -1 0 1419.388 -2.647 -2736.158 1417.455 -5.200 -2737.141 1421.495 -0.226 -2735.386 cv-supportpole-end-2x2
2654 1 22 2221 0 -1 0 1418.364 -2.610 -2731.640 1416.498 -5.194 -2732.463 1420.407 -0.155 -2730.600 cv-supportpole-end-2x2
2655 1 22 2222 0 -1 0 1398.621 -2.733 -2731.489 1398.232 -5.217 -2733.617 1399.013 -0.392 -2729.197 cv-supportpole-end-2x2
2656 1 22 2223 0 -1 0 1391.933 -2.650 -2730.814 1389.747 -5.209 -2731.154 1393.954 -0.226 -2730.393 cv-supportpole-end-2x2
2657 1 22 2224 0 -1 0 1391.933 -2.650 -2746.426 1389.747 -5.209 -2746.767 1393.954 -0.226 -2746.006 cv-supportpole-end-2x2
2658 1 22 2225 0 -1 0 1436.191 -14.575 -2732.173 1435.472 -16.819 -2734.485 1437.122 -12.497 -2729.710 cv-supportpole-end-2x2
2659 1 22 2226 0 -1 0 1435.941 -14.428 -2742.542 1435.487 -16.698 -2744.874 1436.613 -12.315 -2740.061 cv-supportpole-end-2x2
2660 1 22 2227 0 -1 0 1426.430 -14.718 -2731.548 1425.227 -17.282 -2733.377 1427.426 -12.285 -2729.553 cv-supportpole-end-2x2
2661 1 22 2228 0 -1 0 1391.484 -14.535 -2731.520 1389.235 -16.958 -2732.423 1393.569 -12.276 -2730.409 cv-supportpole-end-2x2
2662 1 22 2229 0 -1 0 1436.233 -2.423 -2758.192 1435.312 -4.655 -2760.606 1437.364 -0.355 -2755.928 cv-supportpole-end-2x2
2663 1 22 2230 0 -1 0 1399.340 -2.903 -2759.578 1397.733 -5.595 -2760.776 1401.137 -0.334 -2758.588 cv-supportpole-end-2x2
2664 1 22 2231 0 -1 0 1436.123 -14.122 -2758.883 1434.896 -16.176 -2761.330 1437.552 -12.246 -2756.581 cv-supportpole-end-2x2
2665 1 22 2232 0 -1 0 1436.007 -0.706 -2771.253 1435.717 -1.136 -2774.249 1436.510 -0.391 -2768.245 cv-supportpole-end-2x2
2666 1 22 2233 0 -1 0 1436.095 -0.687 -2761.445 1435.747 -1.134 -2764.446 1436.493 -0.389 -2758.450 cv-supportpole-end-2x2
2667 1 22 2234 0 -1 0 1409.388 -21.799 -2800.267 1408.586 -24.805 -2800.656 1410.406 -18.839 -2799.875 cv-supportpole-end-2x2
2668 1 22 2235 0 -1 0 1409.388 -21.799 -2803.727 1408.586 -24.805 -2804.116 1410.406 -18.839 -2803.335 cv-supportpole-end-2x2
2669 1 22 2236 0 -1 0 1391.595 -14.606 -2747.476 1390.548 -16.947 -2749.654 1392.430 -12.417 -2745.139 cv-supportpole-end-2x2
2670 1 22 2237 0 -1 0 1396.336 -14.790 -2779.200 1395.367 -17.346 -2781.078 1397.501 -12.376 -2777.135 cv-supportpole-end-2x2
2671 1 22 2238 0 -1 0 1382.441 -2.556 -2798.954 1380.627 -5.022 -2800.259 1384.430 -0.245 -2797.445 cv-supportpole-end-2x2
2672 1 22 2239 0 -1 0 1396.146 -2.132 -2799.587 1395.026 -4.002 -2802.064 1397.476 -0.443 -2796.977 cv-supportpole-end-2x2
2673 1 22 2240 0 -1 0 1395.699 -14.429 -2799.667 1393.155 -16.419 -2800.297 1398.354 -12.619 -2798.824 cv-supportpole-end-2x2
2674 1 22 2241 0 -1 0 1359.205 15.684 -2709.564 1358.509 13.213 -2711.666 1359.688 18.017 -2707.302 cv-supportpole-end-2x2
2675 1 22 2242 0 -1 0 1377.133 22.021 -2774.255 1374.560 20.029 -2774.575 1379.830 23.835 -2773.712 cv-supportpole-end-2x2
2676 1 22 2243 0 -1 0 1380.918 21.931 -2774.287 1378.144 20.090 -2774.674 1383.583 23.582 -2773.679 cv-supportpole-end-2x2
2677 1 22 2244 0 -1 0 1377.892 22.015 -2785.329 1375.372 19.965 -2786.012 1380.541 23.888 -2784.862 cv-supportpole-end-2x2
2678 1 22 2245 0 -1 0 1380.919 21.946 -2785.380 1378.142 20.093 -2785.752 1383.586 23.609 -2784.971 cv-supportpole-end-2x2
2679 1 22 2246 0 -1 0 1325.673 21.658 -2784.303 1323.646 19.186 -2785.687 1327.530 24.005 -2783.122 cv-supportpole-end-2x2
2680 1 22 2247 0 -1 0 1328.179 21.702 -2779.503 1326.146 19.173 -2780.040 1330.382 24.092 -2778.746 cv-supportpole-end-2x2
2681 1 22 2248 0 -1 0 1340.784 23.556 -2784.172 1337.790 23.210 -2784.561 1343.781 23.991 -2783.780 cv-supportpole-end-2x2
2682 1 22 2249 0 -1 0 1348.094 23.494 -2782.541 1347.707 23.105 -2784.785 1348.488 23.886 -2780.298 cv-supportpole-end-2x2
2683 1 22 2250 0 -1 0 1347.445 11.378 -2732.646 1347.056 10.989 -2734.891 1347.837 11.770 -2730.402 cv-supportpole-end-2x2
2684 1 22 2251 0 -1 0 1352.409 11.378 -2732.451 1352.019 10.989 -2734.696 1352.801 11.770 -2730.207 cv-supportpole-end-2x2
2685 1 22 2252 0 -1 0 1348.150 9.378 -2790.267 1345.937 6.829 -2790.655 1350.197 11.786 -2789.874 cv-supportpole-end-2x2
2686 1 22 2253 0 -1 0 1323.683 9.423 -2745.858 1321.433 6.902 -2746.247 1325.769 11.799 -2745.466 cv-supportpole-end-2x2
2687 1 22 2254 0 -1 0 1323.177 9.840 -2731.661 1322.787 7.707 -2734.136 1323.569 11.801 -2729.051 cv-supportpole-end-2x2
2688 1 22 2255 0 -1 0 1323.211 -0.745 -2749.256 1322.751 -1.153 -2752.256 1323.532 -0.336 -2746.261 cv-supportpole-end-2x2
2689 1 22 2256 0 -1 0 1341.549 -2.271 -2731.661 1341.159 -4.404 -2734.136 1341.941 -0.310 -2729.051 cv-supportpole-end-2x2
2690 1 22 2257 0 -1 0 1340.224 -24.886 -2732.899 1339.835 -25.333 -2735.144 1340.616 -24.436 -2730.655 cv-supportpole-end-2x2
2691 1 22 2258 0 -1 0 1365.562 -14.236 -2731.547 1363.232 -16.355 -2732.573 1368.037 -12.292 -2730.310 cv-supportpole-end-2x2
2692 1 22 2259 0 -1 0 1341.254 -14.213 -2732.582 1340.864 -16.345 -2735.057 1341.645 -12.251 -2729.972 cv-supportpole-end-2x2
2693 1 22 2260 0 -1 0 1324.500 -24.855 -2748.260 1322.244 -25.302 -2748.731 1326.748 -24.405 -2747.950 cv-supportpole-end-2x2
2694 1 22 2261 0 -1 0 1372.452 -2.720 -2799.700 1370.273 -5.266 -2800.223 1374.462 -0.310 -2798.957 cv-supportpole-end-2x2
2695 1 22 2262 0 -1 0 1368.963 -2.715 -2799.695 1367.033 -5.317 -2800.220 1371.069 -0.243 -2798.950 cv-supportpole-end-2x2
2696 1 22 2263 0 -1 0 1352.730 -1.994 -2782.331 1351.848 -3.920 -2784.848 1353.827 -0.248 -2779.692 cv-supportpole-end-2x2
2697 1 22 2264 0 -1 0 1368.963 -14.996 -2799.695 1367.033 -17.598 -2800.220 1371.069 -12.524 -2798.950 cv-supportpole-end-2x2
2698 1 22 2265 0 -1 0 1372.640 -15.049 -2799.700 1370.461 -17.595 -2800.223 1374.650 -12.639 -2798.957 cv-supportpole-end-2x2
2699 1 22 2266 0 -1 0 1323.467 -0.718 -2759.104 1322.825 -1.155 -2762.100 1323.888 -0.338 -2756.090 cv-supportpole-end-2x2
2700 1 22 2267 0 -1 0 1327.311 -1.607 -2784.317 1324.385 -2.979 -2785.102 1330.159 -0.443 -2783.746 cv-supportpole-end-2x2
2701 1 22 2268 0 -1 0 1327.276 -13.814 -2784.421 1324.365 -15.176 -2785.400 1330.100 -12.660 -2783.653 cv-supportpole-end-2x2
2702 1 22 2269 0 -1 0 1332.259 -22.027 -2803.915 1330.623 -24.872 -2804.798 1333.723 -19.293 -2803.254 cv-supportpole-end-2x2
2703 1 22 2270 0 -1 0 1332.384 -22.063 -2799.550 1330.615 -24.862 -2799.982 1333.980 -19.367 -2798.887 cv-supportpole-end-2x2
2704 1 22 2271 0 -1 0 1428.042 2.806 -2833.619 1427.555 0.060 -2836.823 1428.531 5.337 -2830.586 cv-supportpole-end-2x2
2705 1 22 2272 0 -1 0 1428.042 11.186 -2834.523 1427.555 8.440 -2837.727 1428.531 13.717 -2831.489 cv-supportpole-end-2x2
2706 1 22 2273 0 -1 0 1420.237 11.137 -2849.169 1419.750 8.391 -2852.373 1420.727 13.668 -2846.135 cv-supportpole-end-2x2
2707 1 22 2274 0 -1 0 1419.875 3.163 -2841.815 1419.388 0.417 -2845.019 1420.365 5.694 -2838.781 cv-supportpole-end-2x2
2708 1 22 2275 0 -1 0 1396.398 9.625 -2804.460 1395.889 7.558 -2807.089 1397.120 11.513 -2801.956 cv-supportpole-end-2x2
2709 1 22 2276 0 -1 0 1411.666 11.712 -2851.158 1411.180 9.647 -2854.738 1412.156 13.526 -2847.694 cv-supportpole-end-2x2
2710 1 22 2277 0 -1 0 1404.139 11.202 -2831.504 1403.223 8.610 -2834.736 1405.327 13.571 -2828.433 cv-supportpole-end-2x2
2711 1 22 2278 0 -1 0 1409.225 12.075 -2834.524 1406.519 10.157 -2837.409 1411.731 13.737 -2831.853 cv-supportpole-end-2x2
2712 1 22 2279 0 -1 0 1403.816 2.621 -2833.381 1403.330 -0.125 -2836.585 1404.306 5.152 -2830.347 cv-supportpole-end-2x2
2713 1 22 2280 0 -1 0 1403.346 -5.609 -2831.378 1402.860 -8.355 -2834.582 1403.836 -3.078 -2828.345 cv-supportpole-end-2x2
2714 1 22 2281 0 -1 0 1428.042 -5.396 -2832.196 1427.555 -8.142 -2835.400 1428.531 -2.865 -2829.162 cv-supportpole-end-2x2
2715 1 22 2282 0 -1 0 1420.048 -5.396 -2832.196 1419.562 -8.142 -2835.400 1420.538 -2.865 -2829.162 cv-supportpole-end-2x2
2716 1 22 2283 0 -1 0 1411.751 -5.537 -2832.196 1411.264 -8.283 -2835.400 1412.241 -3.006 -2829.162 cv-supportpole-end-2x2
2717 1 22 2284 0 -1 0 1371.828 -2.610 -2804.320 1369.568 -5.020 -2805.378 1373.925 -0.333 -2803.467 cv-supportpole-end-2x2
2718 1 22 2285 0 -1 0 1368.245 -2.504 -2804.354 1366.306 -5.037 -2805.390 1370.358 -0.104 -2803.529 cv-supportpole-end-2x2
2719 1 22 2286 0 -1 0 1368.245 -14.784 -2804.354 1366.306 -17.317 -2805.390 1370.358 -12.384 -2803.529 cv-supportpole-end-2x2
2720 1 22 2287 0 -1 0 1372.016 -14.939 -2804.320 1369.756 -17.349 -2805.378 1374.113 -12.662 -2803.467 cv-supportpole-end-2x2
2721 1 22 2288 0 -1 0 1331.746 -23.159 -2821.774 1331.056 -26.179 -2822.153 1332.220 -20.169 -2821.174 cv-supportpole-end-2x2
2722 1 22 2289 0 -1 0 1330.851 -24.378 -2822.328 1330.405 -27.398 -2822.707 1331.518 -21.386 -2821.728 cv-supportpole-end-2x2
2723 1 22 2290 0 -1 0 1319.440 -24.163 -2820.249 1318.341 -27.130 -2820.604 1320.732 -21.267 -2819.663 cv-supportpole-end-2x2
2724 1 22 2291 0 -1 0 1326.542 -23.777 -2824.324 1325.442 -26.744 -2824.678 1327.833 -20.881 -2823.738 cv-supportpole-end-2x2
2725 1 22 2292 0 -1 0 1319.835 -24.725 -2827.778 1319.035 -27.611 -2829.022 1320.417 -21.768 -2826.741 cv-supportpole-end-2x2
2726 1 22 2293 0 -1 0 1307.379 -4.063 -2838.928 1305.995 -6.516 -2840.723 1308.957 -1.774 -2836.948 cv-supportpole-end-2x2
2727 1 22 2294 0 -1 0 1309.635 -8.686 -2838.589 1307.117 -10.925 -2838.891 1312.003 -6.588 -2838.073 cv-supportpole-end-2x2
2728 1 22 2295 0 -1 0 1315.648 -24.714 -2829.933 1315.171 -27.731 -2830.322 1316.326 -21.719 -2829.499 cv-supportpole-end-2x2
2729 1 22 2296 0 -1 0 1316.610 -9.671 -2836.044 1315.226 -12.124 -2837.840 1318.188 -7.382 -2834.064 cv-supportpole-end-2x2
2730 1 22 2297 0 -1 0 1311.275 -25.744 -2825.187 1310.883 -28.736 -2825.576 1311.664 -22.752 -2824.795 cv-supportpole-end-2x2
2731 1 22 2298 0 -1 0 1308.819 -27.554 -2831.941 1308.342 -30.570 -2832.331 1309.497 -24.559 -2831.508 cv-supportpole-end-2x2
2732 1 22 2299 0 -1 0 1308.301 -27.010 -2832.786 1307.884 -30.030 -2833.350 1308.696 -24.021 -2831.992 cv-supportpole-end-2x2
2733 1 22 2300 0 -1 0 1289.659 -30.144 -2839.543 1288.859 -33.030 -2840.786 1290.241 -27.187 -2838.505 cv-supportpole-end-2x2
2734 1 22 2301 0 -1 0 1305.065 -29.961 -2836.786 1304.134 -32.975 -2837.229 1305.763 -26.981 -2836.404 cv-supportpole-end-2x2
2735 1 22 2302 0 -1 0 1309.420 -29.082 -2809.102 1309.029 -32.072 -2809.646 1309.810 -26.065 -2808.337 cv-supportpole-end-2x2
2736 1 22 2303 0 -1 0 1309.734 -29.893 -2816.365 1308.424 -32.769 -2817.063 1311.248 -27.113 -2815.449 cv-supportpole-end-2x2
2737 1 22 2304 0 -1 0 1302.597 -30.652 -2835.953 1301.586 -33.613 -2836.342 1303.392 -27.645 -2835.561 cv-supportpole-end-2x2
2738 1 22 2305 0 -1 0 1306.887 -30.940 -2809.883 1306.495 -33.929 -2810.427 1307.277 -27.923 -2809.118 cv-supportpole-end-2x2
2739 1 22 2306 0 -1 0 1305.080 -30.435 -2809.899 1303.772 -33.345 -2810.216 1306.592 -27.608 -2809.436 cv-supportpole-end-2x2
2740 1 22 2307 0 -1 0 1296.784 0.045 -2844.476 1295.400 -2.408 -2846.271 1298.362 2.334 -2842.496 cv-supportpole-end-2x2
2741 1 22 2308 0 -1 0 1299.673 -3.658 -2844.278 1297.086 -5.824 -2844.645 1302.112 -1.642 -2843.688 cv-supportpole-end-2x2
2742 1 22 2309 0 -1 0 1298.681 0.410 -2858.224 1297.850 -1.727 -2860.360 1299.735 2.389 -2856.262 cv-supportpole-end-2x2
2743 1 22 2310 0 -1 0 1298.418 4.151 -2861.057 1297.387 1.998 -2862.993 1299.239 6.153 -2858.961 cv-supportpole-end-2x2
2744 1 22 2311 0 -1 0 1340.693 -18.404 -2839.983 1340.291 -20.196 -2842.810 1341.108 -16.815 -2837.273 cv-supportpole-end-2x2
2745 1 22 2312 0 -1 0 1289.797 -30.402 -2847.402 1288.996 -33.288 -2848.645 1290.378 -27.446 -2846.364 cv-supportpole-end-2x2
2746 1 22 2313 0 -1 0 1297.894 -30.271 -2841.776 1297.205 -33.291 -2842.155 1298.368 -27.281 -2841.175 cv-supportpole-end-2x2
2747 1 22 2314 0 -1 0 1292.969 -30.284 -2845.136 1292.280 -33.303 -2845.514 1293.443 -27.293 -2844.535 cv-supportpole-end-2x2
2748 1 22 2315 0 -1 0 1281.882 14.794 -2874.752 1279.549 12.710 -2877.785 1284.393 16.680 -2871.888 cv-supportpole-end-2x2
2749 1 22 2316 0 -1 0 1282.464 9.257 -2875.260 1280.998 7.797 -2877.950 1284.129 10.515 -2872.705 cv-supportpole-end-2x2
2750 1 22 2317 0 -1 0 1288.469 7.673 -2866.023 1287.066 5.085 -2867.551 1290.057 10.132 -2864.298 cv-supportpole-end-2x2
2751 1 22 2318 0 -1 0 1287.172 9.093 -2871.317 1285.706 7.633 -2874.008 1288.837 10.351 -2868.763 cv-supportpole-end-2x2
2752 1 22 2319 0 -1 0 1274.416 15.142 -2881.478 1272.324 13.117 -2883.309 1276.685 16.985 -2879.849 cv-supportpole-end-2x2
2753 1 22 2320 0 -1 0 1271.586 14.852 -2885.112 1269.131 12.828 -2886.206 1274.190 16.696 -2884.218 cv-supportpole-end-2x2
2754 1 22 2321 0 -1 0 1283.325 12.728 -2874.649 1281.454 10.644 -2877.969 1285.394 14.614 -2871.478 cv-supportpole-end-2x2
2755 1 22 2322 0 -1 0 1265.726 15.176 -2895.037 1263.168 13.152 -2895.523 1268.404 17.020 -2894.712 cv-supportpole-end-2x2
2756 1 22 2323 0 -1 0 1268.058 15.142 -2886.996 1265.509 13.117 -2887.536 1270.727 16.985 -2886.667 cv-supportpole-end-2x2
2757 1 22 2324 0 -1 0 1283.639 -31.632 -2843.801 1282.540 -34.599 -2844.156 1284.930 -28.736 -2843.216 cv-supportpole-end-2x2
2758 1 22 2325 0 -1 0 1280.246 -32.647 -2843.115 1279.557 -35.666 -2843.494 1280.720 -29.656 -2842.515 cv-supportpole-end-2x2
2759 1 22 2326 0 -1 0 1287.268 -30.581 -2841.250 1286.694 -33.601 -2841.767 1288.043 -27.591 -2840.944 cv-supportpole-end-2x2
2760 1 22 2327 0 -1 0 1277.660 -31.702 -2842.180 1276.860 -34.588 -2843.423 1278.242 -28.746 -2841.143 cv-supportpole-end-2x2
2761 1 22 2328 0 -1 0 1281.694 -31.742 -2855.135 1281.409 -34.756 -2855.514 1282.200 -28.746 -2854.534 cv-supportpole-end-2x2
2762 1 22 2329 0 -1 0 1282.987 -32.609 -2852.904 1281.723 -35.517 -2853.293 1284.041 -29.637 -2852.512 cv-supportpole-end-2x2
2763 1 22 2330 0 -1 0 1265.383 15.142 -2903.353 1262.843 13.117 -2903.987 1268.043 16.985 -2902.929 cv-supportpole-end-2x2
2764 1 27 2409 0 -1 0 1392.816 11.529 -2730.970 1392.471 11.204 -2731.048 1393.175 11.860 -2730.892 cv-spatula-rivet-side-01
2765 1 27 2410 0 -1 0 1394.643 11.529 -2730.970 1394.284 11.204 -2731.048 1395.003 11.860 -2730.892 cv-spatula-rivet-side-01
2766 1 27 2411 0 -1 0 1388.722 11.529 -2730.970 1388.377 11.204 -2731.048 1389.080 11.860 -2730.892 cv-spatula-rivet-side-01
2767 1 27 2412 0 -1 0 1390.549 11.529 -2730.970 1390.190 11.204 -2731.048 1390.908 11.860 -2730.892 cv-spatula-rivet-side-01
2768 1 27 2413 0 -1 0 1384.759 11.529 -2730.970 1384.415 11.204 -2731.048 1385.118 11.860 -2730.892 cv-spatula-rivet-side-01
2769 1 27 2414 0 -1 0 1386.587 11.529 -2730.970 1386.227 11.204 -2731.048 1386.946 11.860 -2730.892 cv-spatula-rivet-side-01
2770 1 27 2415 0 -1 0 1394.674 11.529 -2736.779 1394.315 11.204 -2736.857 1395.018 11.860 -2736.701 cv-spatula-rivet-side-01
2771 1 27 2416 0 -1 0 1392.847 11.529 -2736.779 1392.487 11.204 -2736.857 1393.206 11.860 -2736.701 cv-spatula-rivet-side-01
2772 1 27 2417 0 -1 0 1386.617 11.529 -2736.779 1386.259 11.204 -2736.857 1386.962 11.860 -2736.701 cv-spatula-rivet-side-01
2773 1 27 2418 0 -1 0 1384.790 11.529 -2736.779 1384.430 11.204 -2736.857 1385.149 11.860 -2736.701 cv-spatula-rivet-side-01
2774 1 27 2419 0 -1 0 1382.672 11.529 -2736.779 1382.313 11.204 -2736.857 1383.016 11.860 -2736.701 cv-spatula-rivet-side-01
2775 1 27 2420 0 -1 0 1380.844 11.529 -2736.779 1380.485 11.204 -2736.857 1381.204 11.860 -2736.701 cv-spatula-rivet-side-01
2776 1 27 2421 0 -1 0 1390.580 11.529 -2736.779 1390.221 11.204 -2736.857 1390.924 11.860 -2736.701 cv-spatula-rivet-side-01
2777 1 27 2422 0 -1 0 1388.752 11.529 -2736.779 1388.393 11.204 -2736.857 1389.112 11.860 -2736.701 cv-spatula-rivet-side-01
2778 1 27 2423 0 -1 0 1422.687 -12.432 -2736.933 1422.329 -12.758 -2737.011 1423.032 -12.102 -2736.855 cv-spatula-rivet-side-01
2779 1 27 2424 0 -1 0 1420.860 -12.432 -2736.933 1420.501 -12.758 -2737.011 1421.219 -12.102 -2736.855 cv-spatula-rivet-side-01
2780 1 27 2425 0 -1 0 1420.829 -12.432 -2731.124 1420.485 -12.758 -2731.202 1421.188 -12.102 -2731.046 cv-spatula-rivet-side-01
2781 1 27 2426 0 -1 0 1422.657 -12.432 -2731.124 1422.297 -12.758 -2731.202 1423.016 -12.102 -2731.046 cv-spatula-rivet-side-01
2782 1 27 2427 0 -1 0 1410.626 -12.414 -2736.843 1410.267 -12.739 -2736.921 1410.970 -12.083 -2736.765 cv-spatula-rivet-side-01
2783 1 27 2428 0 -1 0 1408.798 -12.414 -2736.843 1408.439 -12.739 -2736.921 1409.158 -12.083 -2736.765 cv-spatula-rivet-side-01
2784 1 27 2429 0 -1 0 1408.767 -12.414 -2731.033 1408.423 -12.739 -2731.112 1409.126 -12.083 -2730.955 cv-spatula-rivet-side-01
2785 1 27 2430 0 -1 0 1410.595 -12.414 -2731.033 1410.236 -12.739 -2731.112 1410.954 -12.083 -2730.955 cv-spatula-rivet-side-01
2786 1 27 2431 0 -1 0 1396.800 -0.418 -2760.960 1396.722 -0.744 -2761.319 1396.878 -0.087 -2760.616 cv-spatula-rivet-side-01
2787 1 27 2432 0 -1 0 1396.800 -0.418 -2762.788 1396.722 -0.744 -2763.147 1396.878 -0.087 -2762.428 cv-spatula-rivet-side-01
2788 1 27 2433 0 -1 0 1390.991 -0.418 -2762.818 1390.912 -0.744 -2763.163 1391.069 -0.087 -2762.459 cv-spatula-rivet-side-01
2789 1 27 2434 0 -1 0 1390.991 -0.418 -2760.991 1390.912 -0.744 -2761.350 1391.069 -0.087 -2760.631 cv-spatula-rivet-side-01
2790 1 27 2435 0 -1 0 1380.813 11.529 -2730.970 1380.469 11.204 -2731.048 1381.172 11.860 -2730.892 cv-spatula-rivet-side-01
2791 1 27 2436 0 -1 0 1382.641 11.529 -2730.970 1382.282 11.204 -2731.048 1383.000 11.860 -2730.892 cv-spatula-rivet-side-01
2792 1 27 2437 0 -1 0 1360.767 -0.358 -2799.148 1360.423 -0.683 -2799.227 1361.126 -0.027 -2799.070 cv-spatula-rivet-side-01
2793 1 27 2438 0 -1 0 1362.595 -0.358 -2799.148 1362.236 -0.683 -2799.227 1362.954 -0.027 -2799.070 cv-spatula-rivet-side-01
2794 1 27 2439 0 -1 0 1364.799 11.532 -2799.148 1364.455 11.206 -2799.227 1365.158 11.863 -2799.070 cv-spatula-rivet-side-01
2795 1 27 2440 0 -1 0 1366.626 11.532 -2799.148 1366.267 11.206 -2799.227 1366.986 11.863 -2799.070 cv-spatula-rivet-side-01
2796 1 27 2441 0 -1 0 1374.743 11.517 -2804.876 1374.384 11.192 -2804.954 1375.087 11.848 -2804.798 cv-spatula-rivet-side-01
2797 1 27 2442 0 -1 0 1372.915 11.517 -2804.876 1372.556 11.192 -2804.954 1373.275 11.848 -2804.798 cv-spatula-rivet-side-01
2798 1 27 2443 0 -1 0 1372.885 11.517 -2799.067 1372.540 11.192 -2799.145 1373.243 11.848 -2798.989 cv-spatula-rivet-side-01
2799 1 27 2444 0 -1 0 1374.712 11.517 -2799.067 1374.353 11.192 -2799.145 1375.071 11.848 -2798.989 cv-spatula-rivet-side-01
2800 1 27 2445 0 -1 0 1354.706 -12.423 -2736.840 1354.347 -12.748 -2736.918 1355.050 -12.092 -2736.762 cv-spatula-rivet-side-01
2801 1 27 2446 0 -1 0 1352.878 -12.423 -2736.840 1352.519 -12.748 -2736.918 1353.238 -12.092 -2736.762 cv-spatula-rivet-side-01
2802 1 27 2447 0 -1 0 1352.848 -12.423 -2731.031 1352.503 -12.748 -2731.109 1353.206 -12.092 -2730.953 cv-spatula-rivet-side-01
2803 1 27 2448 0 -1 0 1354.675 -12.423 -2731.031 1354.316 -12.748 -2731.109 1355.034 -12.092 -2730.953 cv-spatula-rivet-side-01
2804 1 27 2449 0 -1 0 1346.633 -12.423 -2736.853 1346.274 -12.748 -2736.931 1346.977 -12.092 -2736.775 cv-spatula-rivet-side-01
2805 1 27 2450 0 -1 0 1344.805 -12.423 -2736.853 1344.446 -12.748 -2736.931 1345.165 -12.092 -2736.775 cv-spatula-rivet-side-01
2806 1 27 2451 0 -1 0 1344.775 -12.423 -2731.044 1344.430 -12.748 -2731.122 1345.133 -12.092 -2730.965 cv-spatula-rivet-side-01
2807 1 27 2452 0 -1 0 1346.602 -12.423 -2731.044 1346.243 -12.748 -2731.122 1346.962 -12.092 -2730.965 cv-spatula-rivet-side-01
2808 1 27 2453 0 -1 0 1338.590 -12.423 -2736.916 1338.231 -12.748 -2736.994 1338.934 -12.092 -2736.838 cv-spatula-rivet-side-01
2809 1 27 2454 0 -1 0 1336.762 -12.423 -2736.916 1336.403 -12.748 -2736.994 1337.122 -12.092 -2736.838 cv-spatula-rivet-side-01
2810 1 27 2455 0 -1 0 1336.732 -12.423 -2731.107 1336.387 -12.748 -2731.185 1337.090 -12.092 -2731.029 cv-spatula-rivet-side-01
2811 1 27 2456 0 -1 0 1338.559 -12.423 -2731.107 1338.200 -12.748 -2731.185 1338.918 -12.092 -2731.029 cv-spatula-rivet-side-01
2812 1 27 2457 0 -1 0 1360.783 -12.565 -2799.080 1360.438 -12.890 -2799.158 1361.141 -12.234 -2799.002 cv-spatula-rivet-side-01
2813 1 27 2458 0 -1 0 1362.610 -12.565 -2799.080 1362.251 -12.890 -2799.158 1362.969 -12.234 -2799.002 cv-spatula-rivet-side-01
2814 1 27 2459 0 -1 0 1328.678 -12.290 -2768.584 1328.599 -12.616 -2768.943 1328.756 -11.960 -2768.240 cv-spatula-rivet-side-01
2815 1 27 2460 0 -1 0 1328.678 -12.290 -2770.412 1328.599 -12.616 -2770.771 1328.756 -11.960 -2770.052 cv-spatula-rivet-side-01
2816 1 27 2461 0 -1 0 1322.868 -12.290 -2770.443 1322.790 -12.616 -2770.787 1322.946 -11.960 -2770.084 cv-spatula-rivet-side-01
2817 1 27 2462 0 -1 0 1322.868 -12.290 -2768.615 1322.790 -12.616 -2768.974 1322.946 -11.960 -2768.256 cv-spatula-rivet-side-01
2818 1 27 2463 0 -1 0 1335.046 -0.589 -2778.831 1334.702 -0.915 -2778.909 1335.405 -0.259 -2778.753 cv-spatula-rivet-side-01
2819 1 27 2464 0 -1 0 1336.873 -0.589 -2778.831 1336.514 -0.915 -2778.909 1337.233 -0.259 -2778.753 cv-spatula-rivet-side-01
2820 1 27 2465 0 -1 0 1338.895 -0.589 -2778.831 1338.551 -0.915 -2778.909 1339.254 -0.259 -2778.753 cv-spatula-rivet-side-01
2821 1 27 2466 0 -1 0 1340.723 -0.589 -2778.831 1340.363 -0.915 -2778.909 1341.082 -0.259 -2778.753 cv-spatula-rivet-side-01
2822 1 27 2467 0 -1 0 1336.904 -0.589 -2784.641 1336.546 -0.915 -2784.719 1337.249 -0.259 -2784.562 cv-spatula-rivet-side-01
2823 1 27 2468 0 -1 0 1335.077 -0.589 -2784.641 1334.717 -0.915 -2784.719 1335.436 -0.259 -2784.562 cv-spatula-rivet-side-01
2824 1 27 2469 0 -1 0 1340.753 -0.589 -2784.641 1340.395 -0.915 -2784.719 1341.098 -0.259 -2784.562 cv-spatula-rivet-side-01
2825 1 27 2470 0 -1 0 1338.926 -0.589 -2784.641 1338.566 -0.915 -2784.719 1339.285 -0.259 -2784.562 cv-spatula-rivet-side-01
2826 1 27 2471 0 -1 0 1362.626 -0.358 -2804.958 1362.267 -0.683 -2805.036 1362.970 -0.027 -2804.880 cv-spatula-rivet-side-01
2827 1 27 2472 0 -1 0 1360.798 -0.358 -2804.958 1360.439 -0.683 -2805.036 1361.158 -0.027 -2804.880 cv-spatula-rivet-side-01
2828 1 27 2473 0 -1 0 1366.657 11.532 -2804.958 1366.298 11.206 -2805.036 1367.002 11.863 -2804.880 cv-spatula-rivet-side-01
2829 1 27 2474 0 -1 0 1364.830 11.532 -2804.958 1364.470 11.206 -2805.036 1365.189 11.863 -2804.880 cv-spatula-rivet-side-01
2830 1 27 2475 0 -1 0 1362.641 -12.565 -2804.889 1362.282 -12.890 -2804.967 1362.985 -12.234 -2804.811 cv-spatula-rivet-side-01
2831 1 27 2476 0 -1 0 1360.813 -12.565 -2804.889 1360.454 -12.890 -2804.967 1361.173 -12.234 -2804.811 cv-spatula-rivet-side-01
2832 1 105 2786 0 -1 0 1373.624 11.496 -2767.907 1371.372 9.224 -2769.916 1375.763 13.786 -2765.188 cv-robo-metal-pitted-01
2833 1 26 2409 0 -1 0 1392.815 11.530 -2730.892 1392.518 11.251 -2730.892 1393.112 11.798 -2730.892 cv-spatula-pole-top-01
2834 1 26 2410 0 -1 0 1394.643 11.530 -2730.892 1394.346 11.251 -2730.892 1394.940 11.798 -2730.892 cv-spatula-pole-top-01
2835 1 26 2411 0 -1 0 1388.721 11.530 -2730.892 1388.424 11.251 -2730.892 1389.018 11.798 -2730.892 cv-spatula-pole-top-01
2836 1 26 2412 0 -1 0 1390.549 11.530 -2730.892 1390.252 11.251 -2730.892 1390.846 11.798 -2730.892 cv-spatula-pole-top-01
2837 1 26 2413 0 -1 0 1384.758 11.530 -2730.892 1384.462 11.251 -2730.892 1385.055 11.798 -2730.892 cv-spatula-pole-top-01
2838 1 26 2414 0 -1 0 1386.587 11.530 -2730.892 1386.290 11.251 -2730.892 1386.883 11.798 -2730.892 cv-spatula-pole-top-01
2839 1 26 2415 0 -1 0 1394.675 11.530 -2736.857 1394.378 11.251 -2736.857 1394.972 11.798 -2736.857 cv-spatula-pole-top-01
2840 1 26 2416 0 -1 0 1392.847 11.530 -2736.857 1392.550 11.251 -2736.857 1393.143 11.798 -2736.857 cv-spatula-pole-top-01
2841 1 26 2417 0 -1 0 1386.618 11.530 -2736.857 1386.321 11.251 -2736.857 1386.915 11.798 -2736.857 cv-spatula-pole-top-01
2842 1 26 2418 0 -1 0 1384.790 11.530 -2736.857 1384.493 11.251 -2736.857 1385.087 11.798 -2736.857 cv-spatula-pole-top-01
2843 1 26 2419 0 -1 0 1382.672 11.530 -2736.857 1382.375 11.251 -2736.857 1382.969 11.798 -2736.857 cv-spatula-pole-top-01
2844 1 26 2420 0 -1 0 1380.844 11.530 -2736.857 1380.547 11.251 -2736.857 1381.141 11.798 -2736.857 cv-spatula-pole-top-01
2845 1 26 2421 0 -1 0 1390.580 11.530 -2736.857 1390.283 11.251 -2736.857 1390.877 11.798 -2736.857 cv-spatula-pole-top-01
2846 1 26 2422 0 -1 0 1388.752 11.530 -2736.857 1388.455 11.251 -2736.857 1389.049 11.798 -2736.857 cv-spatula-pole-top-01
2847 1 26 2423 0 -1 0 1422.688 -12.432 -2737.011 1422.391 -12.711 -2737.011 1422.985 -12.164 -2737.011 cv-spatula-pole-top-01
2848 1 26 2424 0 -1 0 1420.860 -12.432 -2737.011 1420.563 -12.711 -2737.011 1421.157 -12.164 -2737.011 cv-spatula-pole-top-01
2849 1 26 2425 0 -1 0 1420.829 -12.432 -2731.046 1420.532 -12.711 -2731.046 1421.125 -12.164 -2731.046 cv-spatula-pole-top-01
2850 1 26 2426 0 -1 0 1422.657 -12.432 -2731.046 1422.360 -12.711 -2731.046 1422.954 -12.164 -2731.046 cv-spatula-pole-top-01
2851 1 26 2427 0 -1 0 1410.626 -12.413 -2736.921 1410.329 -12.692 -2736.921 1410.923 -12.145 -2736.921 cv-spatula-pole-top-01
2852 1 26 2428 0 -1 0 1408.798 -12.413 -2736.921 1408.501 -12.692 -2736.921 1409.095 -12.145 -2736.921 cv-spatula-pole-top-01
2853 1 26 2429 0 -1 0 1408.767 -12.413 -2730.955 1408.470 -12.692 -2730.955 1409.064 -12.145 -2730.955 cv-spatula-pole-top-01
2854 1 26 2430 0 -1 0 1410.595 -12.413 -2730.955 1410.298 -12.692 -2730.955 1410.892 -12.145 -2730.955 cv-spatula-pole-top-01
2855 1 26 2431 0 -1 0 1396.878 -0.418 -2760.959 1396.878 -0.697 -2761.256 1396.878 -0.150 -2760.663 cv-spatula-pole-top-01
2856 1 26 2432 0 -1 0 1396.878 -0.418 -2762.788 1396.878 -0.697 -2763.084 1396.878 -0.150 -2762.491 cv-spatula-pole-top-01
2857 1 26 2433 0 -1 0 1390.912 -0.418 -2762.819 1390.912 -0.697 -2763.116 1390.912 -0.150 -2762.522 cv-spatula-pole-top-01
2858 1 26 2434 0 -1 0 1390.912 -0.418 -2760.991 1390.912 -0.697 -2761.288 1390.912 -0.150 -2760.694 cv-spatula-pole-top-01
2859 1 26 2435 0 -1 0 1380.813 11.530 -2730.892 1380.516 11.251 -2730.892 1381.110 11.798 -2730.892 cv-spatula-pole-top-01
2860 1 26 2436 0 -1 0 1382.641 11.530 -2730.892 1382.344 11.251 -2730.892 1382.938 11.798 -2730.892 cv-spatula-pole-top-01
2861 1 26 2437 0 -1 0 1360.767 -0.357 -2799.070 1360.470 -0.636 -2799.070 1361.064 -0.089 -2799.070 cv-spatula-pole-top-01
2862 1 26 2438 0 -1 0 1362.595 -0.357 -2799.070 1362.298 -0.636 -2799.070 1362.892 -0.089 -2799.070 cv-spatula-pole-top-01
2863 1 26 2439 0 -1 0 1364.798 11.533 -2799.070 1364.501 11.253 -2799.070 1365.095 11.800 -2799.070 cv-spatula-pole-top-01
2864 1 26 2440 0 -1 0 1366.626 11.533 -2799.070 1366.330 11.253 -2799.070 1366.923 11.800 -2799.070 cv-spatula-pole-top-01
2865 1 26 2441 0 -1 0 1374.743 11.518 -2804.954 1374.447 11.239 -2804.954 1375.040 11.785 -2804.954 cv-spatula-pole-top-01
2866 1 26 2442 0 -1 0 1372.915 11.518 -2804.954 1372.618 11.239 -2804.954 1373.212 11.785 -2804.954 cv-spatula-pole-top-01
2867 1 26 2443 0 -1 0 1372.884 11.518 -2798.989 1372.587 11.239 -2798.989 1373.181 11.785 -2798.989 cv-spatula-pole-top-01
2868 1 26 2444 0 -1 0 1374.712 11.518 -2798.989 1374.415 11.239 -2798.989 1375.009 11.785 -2798.989 cv-spatula-pole-top-01
2869 1 26 2445 0 -1 0 1354.706 -12.422 -2736.918 1354.409 -12.702 -2736.918 1355.003 -12.155 -2736.918 cv-spatula-pole-top-01
2870 1 26 2446 0 -1 0 1352.878 -12.422 -2736.918 1352.581 -12.702 -2736.918 1353.175 -12.155 -2736.918 cv-spatula-pole-top-01
2871 1 26 2447 0 -1 0 1352.847 -12.422 -2730.953 1352.550 -12.702 -2730.953 1353.144 -12.155 -2730.953 cv-spatula-pole-top-01
2872 1 26 2448 0 -1 0 1354.675 -12.422 -2730.953 1354.378 -12.702 -2730.953 1354.972 -12.155 -2730.953 cv-spatula-pole-top-01
2873 1 26 2449 0 -1 0 1346.634 -12.422 -2736.931 1346.337 -12.702 -2736.931 1346.930 -12.155 -2736.931 cv-spatula-pole-top-01
2874 1 26 2450 0 -1 0 1344.805 -12.422 -2736.931 1344.509 -12.702 -2736.931 1345.102 -12.155 -2736.931 cv-spatula-pole-top-01
2875 1 26 2451 0 -1 0 1344.774 -12.422 -2730.965 1344.477 -12.702 -2730.965 1345.071 -12.155 -2730.965 cv-spatula-pole-top-01
2876 1 26 2452 0 -1 0 1346.602 -12.422 -2730.965 1346.305 -12.702 -2730.965 1346.899 -12.155 -2730.965 cv-spatula-pole-top-01
2877 1 26 2453 0 -1 0 1338.591 -12.422 -2736.994 1338.294 -12.702 -2736.994 1338.887 -12.155 -2736.994 cv-spatula-pole-top-01
2878 1 26 2454 0 -1 0 1336.762 -12.422 -2736.994 1336.466 -12.702 -2736.994 1337.059 -12.155 -2736.994 cv-spatula-pole-top-01
2879 1 26 2455 0 -1 0 1336.731 -12.422 -2731.029 1336.434 -12.702 -2731.029 1337.028 -12.155 -2731.029 cv-spatula-pole-top-01
2880 1 26 2456 0 -1 0 1338.559 -12.422 -2731.029 1338.262 -12.702 -2731.029 1338.856 -12.155 -2731.029 cv-spatula-pole-top-01
2881 1 26 2457 0 -1 0 1360.782 -12.564 -2799.002 1360.485 -12.843 -2799.002 1361.079 -12.296 -2799.002 cv-spatula-pole-top-01
2882 1 26 2458 0 -1 0 1362.610 -12.564 -2799.002 1362.313 -12.843 -2799.002 1362.907 -12.296 -2799.002 cv-spatula-pole-top-01
2883 1 26 2459 0 -1 0 1328.756 -12.290 -2768.584 1328.756 -12.569 -2768.880 1328.756 -12.022 -2768.287 cv-spatula-pole-top-01
2884 1 26 2460 0 -1 0 1328.756 -12.290 -2770.412 1328.756 -12.569 -2770.709 1328.756 -12.022 -2770.115 cv-spatula-pole-top-01
2885 1 26 2461 0 -1 0 1322.790 -12.290 -2770.443 1322.790 -12.569 -2770.740 1322.790 -12.022 -2770.146 cv-spatula-pole-top-01
2886 1 26 2462 0 -1 0 1322.790 -12.290 -2768.615 1322.790 -12.569 -2768.912 1322.790 -12.022 -2768.318 cv-spatula-pole-top-01
2887 1 26 2463 0 -1 0 1335.045 -0.589 -2778.753 1334.748 -0.868 -2778.753 1335.342 -0.321 -2778.753 cv-spatula-pole-top-01
2888 1 26 2464 0 -1 0 1336.873 -0.589 -2778.753 1336.577 -0.868 -2778.753 1337.170 -0.321 -2778.753 cv-spatula-pole-top-01
2889 1 26 2465 0 -1 0 1338.895 -0.589 -2778.753 1338.598 -0.868 -2778.753 1339.191 -0.321 -2778.753 cv-spatula-pole-top-01
2890 1 26 2466 0 -1 0 1340.723 -0.589 -2778.753 1340.426 -0.868 -2778.753 1341.020 -0.321 -2778.753 cv-spatula-pole-top-01
2891 1 26 2467 0 -1 0 1336.905 -0.589 -2784.719 1336.608 -0.868 -2784.719 1337.202 -0.321 -2784.719 cv-spatula-pole-top-01
2892 1 26 2468 0 -1 0 1335.077 -0.589 -2784.719 1334.780 -0.868 -2784.719 1335.374 -0.321 -2784.719 cv-spatula-pole-top-01
2893 1 26 2469 0 -1 0 1340.754 -0.589 -2784.719 1340.457 -0.868 -2784.719 1341.051 -0.321 -2784.719 cv-spatula-pole-top-01
2894 1 26 2470 0 -1 0 1338.926 -0.589 -2784.719 1338.629 -0.868 -2784.719 1339.223 -0.321 -2784.719 cv-spatula-pole-top-01
2895 1 26 2471 0 -1 0 1362.626 -0.357 -2805.036 1362.330 -0.636 -2805.036 1362.923 -0.089 -2805.036 cv-spatula-pole-top-01
2896 1 26 2472 0 -1 0 1360.798 -0.357 -2805.036 1360.501 -0.636 -2805.036 1361.095 -0.089 -2805.036 cv-spatula-pole-top-01
2897 1 26 2473 0 -1 0 1366.658 11.533 -2805.036 1366.361 11.253 -2805.036 1366.955 11.800 -2805.036 cv-spatula-pole-top-01
2898 1 26 2474 0 -1 0 1364.830 11.533 -2805.036 1364.533 11.253 -2805.036 1365.127 11.800 -2805.036 cv-spatula-pole-top-01
2899 1 26 2475 0 -1 0 1362.641 -12.564 -2804.967 1362.345 -12.843 -2804.967 1362.938 -12.296 -2804.967 cv-spatula-pole-top-01
2900 1 26 2476 0 -1 0 1360.813 -12.564 -2804.967 1360.516 -12.843 -2804.967 1361.110 -12.296 -2804.967 cv-spatula-pole-top-01
2901 1 103 2679 0 -1 0 1366.696 25.170 -2778.137 1366.011 24.206 -2778.322 1367.380 26.127 -2777.961 cv-robo-precursor-metal-plain-01dk
2902 1 105 2790 0 -1 0 1372.829 5.376 -2793.702 1371.651 3.779 -2794.045 1374.022 6.951 -2793.153 cv-robo-metal-pitted-01
2903 1 105 2791 0 -1 0 1373.591 -6.439 -2794.304 1372.173 -7.596 -2795.049 1375.088 -5.377 -2793.327 cv-robo-metal-pitted-01
2904 1 105 2780 0 -1 0 1362.606 21.453 -2780.086 1360.877 20.237 -2781.651 1364.391 22.268 -2778.746 cv-robo-metal-pitted-01
2905 1 88 2791 0 -1 0 1373.315 -8.214 -2793.676 1370.162 -12.064 -2795.173 1376.076 -4.627 -2791.607 cmn-precursor-metal-plain-01
2906 1 88 2785 0 -1 0 1370.775 -8.274 -2765.683 1369.569 -12.073 -2768.144 1371.884 -4.636 -2763.327 cmn-precursor-metal-plain-01
2907 1 19 1672 0 -1 0 1406.920 11.803 -2733.830 1405.825 11.586 -2737.138 1408.016 12.023 -2730.419 cv-planks-all
2908 1 19 1675 0 -1 0 1424.075 -0.445 -2733.942 1423.142 -0.663 -2737.403 1425.132 -0.225 -2730.595 cv-planks-all
2909 1 19 1676 0 -1 0 1406.112 -0.373 -2733.937 1405.010 -0.590 -2737.347 1407.213 -0.153 -2730.629 cv-planks-all
2910 1 19 1677 0 -1 0 1412.097 -0.477 -2733.919 1411.164 -0.694 -2737.380 1413.154 -0.257 -2730.572 cv-planks-all
2911 1 19 1679 0 -1 0 1418.089 -0.341 -2733.960 1416.988 -0.559 -2737.371 1419.191 -0.121 -2730.652 cv-planks-all
2912 1 19 1680 0 -1 0 1393.863 -0.302 -2734.809 1390.452 -0.519 -2735.823 1397.171 -0.082 -2733.794 cv-planks-all
2913 1 19 1681 0 -1 0 1393.863 -0.302 -2730.856 1390.452 -0.519 -2731.870 1397.171 -0.082 -2729.842 cv-planks-all
2914 1 19 1682 0 -1 0 1398.116 -0.310 -2733.830 1397.111 -0.527 -2737.243 1399.126 -0.090 -2730.520 cv-planks-all
2915 1 19 1683 0 -1 0 1400.966 11.699 -2733.847 1399.914 11.482 -2737.195 1401.894 11.919 -2730.387 cv-planks-all
2916 1 19 1684 0 -1 0 1398.895 11.835 -2733.934 1397.880 11.617 -2737.242 1399.909 12.055 -2730.523 cv-planks-all
2917 1 19 1685 0 -1 0 1393.863 -0.332 -2748.697 1390.452 -0.549 -2749.830 1397.171 -0.112 -2747.563 cv-planks-all
2918 1 19 1686 0 -1 0 1393.685 -0.068 -2746.379 1390.349 -0.285 -2747.608 1397.131 0.152 -2745.069 cv-planks-all
2919 1 19 1687 0 -1 0 1433.960 12.042 -2769.902 1430.515 11.824 -2771.286 1437.296 12.262 -2768.603 cv-planks-all
2920 1 19 1688 0 -1 0 1433.280 -0.361 -2757.815 1432.410 -0.579 -2761.123 1434.149 -0.141 -2754.404 cv-planks-all
2921 1 19 1689 0 -1 0 1433.787 -0.503 -2753.747 1430.478 -0.720 -2754.878 1437.197 -0.283 -2752.617 cv-planks-all
2922 1 19 1691 0 -1 0 1433.026 11.810 -2757.084 1429.124 11.593 -2758.274 1436.805 12.030 -2755.943 cv-planks-all
2923 1 19 1692 0 -1 0 1433.770 -0.358 -2774.765 1430.462 -0.575 -2775.780 1437.181 -0.138 -2773.751 cv-planks-all
2924 1 19 1693 0 -1 0 1433.770 -0.358 -2778.457 1430.462 -0.575 -2779.395 1437.181 -0.138 -2777.519 cv-planks-all
2925 1 19 1694 0 -1 0 1394.789 11.742 -2757.901 1393.789 11.524 -2761.209 1395.789 11.961 -2754.490 cv-planks-all
2926 1 19 1695 0 -1 0 1399.372 -0.332 -2757.499 1398.104 -0.549 -2760.910 1400.640 -0.112 -2754.191 cv-planks-all
2927 1 19 1697 0 -1 0 1393.636 11.979 -2784.125 1390.300 11.761 -2785.294 1397.082 12.199 -2782.879 cv-planks-all
2928 1 19 1698 0 -1 0 1393.714 11.801 -2796.503 1390.303 11.584 -2797.516 1397.022 12.021 -2795.490 cv-planks-all
2929 1 19 1699 0 -1 0 1393.731 11.697 -2801.992 1390.271 11.480 -2802.964 1397.079 11.917 -2801.134 cv-planks-all
2930 1 19 1700 0 -1 0 1394.088 -0.316 -2756.934 1390.677 -0.533 -2757.948 1397.396 -0.096 -2755.919 cv-planks-all
2931 1 19 1701 0 -1 0 1393.832 -0.329 -2778.898 1390.524 -0.546 -2780.000 1397.243 -0.109 -2777.797 cv-planks-all
2932 1 19 1702 0 -1 0 1393.815 -0.433 -2772.913 1390.468 -0.650 -2773.846 1397.275 -0.213 -2771.856 cv-planks-all
2933 1 19 1703 0 -1 0 1393.821 -0.308 -2764.867 1390.410 -0.526 -2765.881 1397.129 -0.088 -2763.852 cv-planks-all
2934 1 19 1704 0 -1 0 1394.019 -0.332 -2752.990 1390.608 -0.549 -2754.004 1397.327 -0.112 -2751.975 cv-planks-all
2935 1 19 1706 0 -1 0 1430.334 -12.243 -2733.955 1429.232 -12.461 -2737.366 1431.435 -12.023 -2730.647 cv-planks-all
2936 1 19 1707 0 -1 0 1436.319 -12.347 -2733.938 1435.386 -12.565 -2737.398 1437.376 -12.127 -2730.590 cv-planks-all
2937 1 19 1708 0 -1 0 1433.932 -12.153 -2738.316 1430.487 -12.371 -2739.620 1437.268 -11.933 -2737.093 cv-planks-all
2938 1 19 1709 0 -1 0 1392.760 -12.372 -2733.946 1391.746 -12.590 -2737.357 1393.774 -12.152 -2730.638 cv-planks-all
2939 1 19 1710 0 -1 0 1400.793 -12.366 -2733.943 1399.702 -12.583 -2737.356 1401.890 -12.146 -2730.633 cv-planks-all
2940 1 19 1711 0 -1 0 1386.865 -12.160 -2733.923 1385.932 -12.377 -2737.383 1387.922 -11.940 -2730.575 cv-planks-all
2941 1 19 1712 0 -1 0 1393.948 -12.163 -2738.117 1390.503 -12.380 -2739.393 1397.284 -11.943 -2736.920 cv-planks-all
2942 1 19 1713 0 -1 0 1393.770 -12.502 -2747.547 1390.423 -12.719 -2748.513 1397.231 -12.282 -2746.452 cv-planks-all
2943 1 19 1714 0 -1 0 1406.778 -12.470 -2733.907 1405.846 -12.687 -2737.370 1407.845 -12.250 -2730.558 cv-planks-all
2944 1 19 1715 0 -1 0 1433.962 -12.169 -2752.477 1430.516 -12.387 -2753.632 1437.297 -11.950 -2751.392 cv-planks-all
2945 1 19 1716 0 -1 0 1433.821 -12.389 -2750.251 1430.513 -12.607 -2751.382 1437.231 -12.169 -2749.121 cv-planks-all
2946 1 19 1717 0 -1 0 1433.804 -12.513 -2761.200 1430.456 -12.730 -2762.133 1437.264 -12.293 -2760.143 cv-planks-all
2947 1 19 1718 0 -1 0 1433.821 -12.409 -2767.185 1430.513 -12.626 -2768.287 1437.232 -12.189 -2766.084 cv-planks-all
2948 1 19 1721 0 -1 0 1393.788 -12.398 -2753.745 1390.480 -12.615 -2754.886 1397.198 -12.178 -2752.605 cv-planks-all
2949 1 19 1722 0 -1 0 1393.655 -12.336 -2790.988 1390.319 -12.553 -2792.158 1397.101 -12.116 -2789.743 cv-planks-all
2950 1 19 1723 0 -1 0 1378.683 12.063 -2733.998 1377.639 11.845 -2737.337 1379.657 12.283 -2730.549 cv-planks-all
2951 1 19 1728 0 -1 0 1374.889 23.802 -2776.757 1372.408 23.552 -2777.771 1377.447 24.056 -2775.743 cv-planks-all
2952 1 19 1731 0 -1 0 1342.898 -0.316 -2733.939 1341.883 -0.533 -2737.247 1343.912 -0.096 -2730.528 cv-planks-all
2953 1 19 1732 0 -1 0 1366.875 11.817 -2733.879 1365.792 11.599 -2737.190 1367.948 12.037 -2730.463 cv-planks-all
2954 1 19 1736 0 -1 0 1345.519 -0.291 -2781.934 1344.251 -0.509 -2785.242 1346.787 -0.071 -2778.524 cv-planks-all
2955 1 19 1737 0 -1 0 1325.879 11.838 -2744.912 1322.468 11.621 -2745.926 1329.187 12.058 -2743.897 cv-planks-all
2956 1 19 1738 0 -1 0 1324.969 11.810 -2736.797 1321.559 11.592 -2737.811 1328.277 12.030 -2735.783 cv-planks-all
2957 1 19 1739 0 -1 0 1324.896 11.785 -2731.791 1321.826 11.567 -2733.163 1327.873 12.005 -2730.417 cv-planks-all
2958 1 19 1740 0 -1 0 1325.727 -0.393 -2741.021 1322.316 -0.611 -2742.123 1329.035 -0.170 -2739.919 cv-planks-all
2959 1 19 1741 0 -1 0 1334.056 -0.321 -2733.979 1333.149 -0.538 -2737.390 1334.963 -0.101 -2730.671 cv-planks-all
2960 1 19 1742 0 -1 0 1332.941 -0.307 -2781.887 1331.707 -0.524 -2785.195 1334.176 -0.087 -2778.477 cv-planks-all
2961 1 19 1743 0 -1 0 1325.885 -0.323 -2766.850 1322.576 -0.540 -2767.952 1329.295 -0.102 -2765.749 cv-planks-all
2962 1 19 1744 0 -1 0 1325.867 -0.426 -2760.865 1322.520 -0.644 -2761.798 1329.328 -0.206 -2759.808 cv-planks-all
2963 1 19 1745 0 -1 0 1325.895 -0.417 -2779.562 1322.529 -0.634 -2780.754 1329.364 -0.197 -2778.369 cv-planks-all
2964 1 19 1746 0 -1 0 1325.893 -0.521 -2773.081 1322.487 -0.738 -2774.092 1329.414 -0.301 -2771.938 cv-planks-all
2965 1 19 1749 0 -1 0 1380.880 -12.056 -2733.940 1379.778 -12.273 -2737.351 1381.981 -11.836 -2730.632 cv-planks-all
2966 1 19 1750 0 -1 0 1361.227 -12.345 -2733.900 1360.263 -12.562 -2737.208 1362.191 -12.125 -2730.490 cv-planks-all
2967 1 19 1751 0 -1 0 1363.051 -12.353 -2733.873 1362.087 -12.570 -2737.284 1364.015 -12.133 -2730.565 cv-planks-all
2968 1 19 1753 0 -1 0 1340.784 -12.329 -2733.834 1339.770 -12.547 -2737.244 1341.799 -12.109 -2730.526 cv-planks-all
2969 1 19 1754 0 -1 0 1325.842 -12.456 -2740.807 1322.432 -12.674 -2741.883 1329.150 -12.232 -2739.731 cv-planks-all
2970 1 19 1755 0 -1 0 1325.730 -12.404 -2752.696 1322.319 -12.621 -2753.712 1329.038 -12.184 -2751.680 cv-planks-all
2971 1 19 1757 0 -1 0 1329.061 -24.254 -2733.807 1328.149 -24.471 -2737.218 1329.973 -24.034 -2730.499 cv-planks-all
2972 1 19 1758 0 -1 0 1343.868 -12.562 -2781.993 1342.854 -12.780 -2785.301 1344.883 -12.342 -2778.582 cv-planks-all
2973 1 19 1759 0 -1 0 1325.819 -12.398 -2778.475 1322.511 -12.616 -2779.577 1329.230 -12.178 -2777.374 cv-planks-all
2974 1 19 1760 0 -1 0 1335.896 -12.491 -2781.787 1334.795 -12.709 -2785.095 1336.998 -12.271 -2778.377 cv-planks-all
2975 1 19 1761 0 -1 0 1329.911 -12.595 -2781.805 1328.854 -12.813 -2785.153 1330.844 -12.375 -2778.345 cv-planks-all
2976 1 19 1762 0 -1 0 1325.801 -12.502 -2772.490 1322.454 -12.720 -2773.423 1329.262 -12.282 -2771.433 cv-planks-all
2977 1 19 1763 0 -1 0 1325.747 -12.508 -2758.200 1322.287 -12.725 -2759.174 1329.095 -12.288 -2757.340 cv-planks-all
2978 1 19 1764 0 -1 0 1388.907 -0.331 -2801.958 1387.805 -0.548 -2805.368 1390.008 -0.111 -2798.650 cv-planks-all
2979 1 19 1765 0 -1 0 1394.729 -12.476 -2801.948 1393.788 -12.694 -2805.408 1395.794 -12.256 -2798.600 cv-planks-all
2980 1 19 1766 0 -1 0 1394.892 -0.435 -2801.940 1393.959 -0.652 -2805.401 1395.949 -0.215 -2798.593 cv-planks-all
2981 1 19 1772 0 -1 0 1383.599 20.139 -2820.259 1380.530 19.922 -2821.319 1386.576 20.359 -2819.198 cv-planks-all
2982 1 19 1773 0 -1 0 1383.538 20.139 -2818.468 1380.561 19.922 -2819.436 1386.607 20.359 -2817.500 cv-planks-all
2983 1 19 1774 0 -1 0 1354.325 11.759 -2801.769 1353.197 11.542 -2805.077 1355.454 11.980 -2798.358 cv-planks-all
2984 1 19 1775 0 -1 0 1348.191 11.655 -2801.786 1347.108 11.438 -2805.133 1349.147 11.876 -2798.325 cv-planks-all
2985 1 19 1776 0 -1 0 1380.912 11.836 -2801.824 1379.898 11.618 -2805.235 1381.927 12.056 -2798.516 cv-planks-all
2986 1 19 1777 0 -1 0 1380.854 -0.316 -2801.731 1379.839 -0.534 -2805.142 1381.868 -0.096 -2798.423 cv-planks-all
2987 1 19 1779 0 -1 0 1376.722 -0.316 -2801.731 1375.656 -0.534 -2805.142 1377.787 -0.096 -2798.423 cv-planks-all
2988 1 19 1780 0 -1 0 1354.417 -0.333 -2801.811 1353.258 -0.550 -2805.119 1355.575 -0.113 -2798.400 cv-planks-all
2989 1 19 1781 0 -1 0 1348.120 -0.436 -2801.828 1347.009 -0.654 -2805.176 1349.102 -0.216 -2798.368 cv-planks-all
2990 1 19 1782 0 -1 0 1364.726 -0.313 -2801.832 1363.691 -0.531 -2805.242 1365.761 -0.093 -2798.524 cv-planks-all
2991 1 19 1783 0 -1 0 1380.841 -12.367 -2801.831 1379.908 -12.585 -2805.241 1381.774 -12.148 -2798.523 cv-planks-all
2992 1 19 1784 0 -1 0 1354.495 -12.437 -2801.769 1353.314 -12.654 -2805.077 1355.678 -12.217 -2798.359 cv-planks-all
2993 1 19 1785 0 -1 0 1348.073 -12.541 -2801.787 1346.939 -12.758 -2805.134 1349.074 -12.321 -2798.326 cv-planks-all
2994 1 19 1786 0 -1 0 1368.784 -12.366 -2801.956 1367.681 -12.583 -2805.366 1369.887 -12.146 -2798.648 cv-planks-all
2995 1 19 1787 0 -1 0 1374.778 -12.470 -2801.938 1373.843 -12.687 -2805.399 1375.836 -12.250 -2798.591 cv-planks-all
2996 1 19 1788 0 -1 0 1388.695 -12.372 -2801.965 1387.584 -12.590 -2805.376 1389.805 -12.152 -2798.657 cv-planks-all
2997 1 19 1790 0 -1 0 1362.453 -24.326 -2838.032 1361.481 -24.867 -2841.359 1363.380 -23.760 -2834.597 cv-planks-all
2998 1 19 1792 0 -1 0 1340.488 -15.798 -2801.777 1339.409 -16.506 -2805.085 1341.560 -15.088 -2798.366 cv-planks-all
2999 1 19 1793 0 -1 0 1335.059 -18.686 -2801.794 1333.992 -19.358 -2805.142 1335.976 -18.055 -2798.334 cv-planks-all
3000 1 19 1794 0 -1 0 1324.137 -24.224 -2801.794 1323.080 -24.890 -2805.141 1325.046 -23.599 -2798.333 cv-planks-all
3001 1 19 1795 0 -1 0 1328.002 -22.441 -2820.079 1325.866 -22.698 -2823.612 1330.334 -22.155 -2816.742 cv-planks-all
3002 1 19 1796 0 -1 0 1329.515 -21.396 -2801.776 1328.446 -22.096 -2805.084 1330.577 -20.694 -2798.365 cv-planks-all
3003 1 19 1799 0 -1 0 1335.989 -15.501 -2837.965 1334.886 -15.918 -2841.282 1337.071 -15.067 -2834.542 cv-planks-all
3004 1 19 1800 0 -1 0 1330.163 -14.128 -2838.051 1329.074 -14.530 -2841.407 1331.147 -13.655 -2834.580 cv-planks-all
3005 1 19 1801 0 -1 0 1341.843 -17.059 -2838.122 1340.712 -17.461 -2841.486 1342.868 -16.586 -2834.639 cv-planks-all
3006 1 19 1802 0 -1 0 1347.668 -18.433 -2837.956 1346.586 -18.850 -2841.285 1348.703 -17.998 -2834.519 cv-planks-all
3007 1 19 1804 0 -1 0 1317.149 -23.162 -2825.641 1315.013 -23.419 -2829.174 1319.480 -22.876 -2822.305 cv-planks-all
3008 1 19 1806 0 -1 0 1310.291 -27.807 -2812.587 1308.616 -28.393 -2816.170 1312.079 -27.117 -2809.175 cv-planks-all
3009 1 19 1809 0 -1 0 1312.458 -6.332 -2840.143 1310.672 -6.798 -2843.725 1314.438 -5.863 -2836.725 cv-planks-all
3010 1 19 1810 0 -1 0 1317.892 -7.816 -2838.160 1315.985 -8.264 -2841.733 1320.002 -7.386 -2834.759 cv-planks-all
3011 1 19 1822 0 -1 0 1265.400 16.981 -2894.169 1261.937 16.764 -2895.268 1268.750 17.201 -2893.141 cv-planks-all
3012 1 19 1823 0 -1 0 1266.295 16.947 -2886.150 1262.881 16.730 -2887.245 1269.605 17.167 -2885.061 cv-planks-all
3013 1 19 1825 0 -1 0 1264.861 16.883 -2904.548 1261.557 16.665 -2905.623 1268.267 17.103 -2903.481 cv-planks-all
3014 1 30 2783 0 -1 0 1368.342 -8.809 -2790.391 1367.345 -12.064 -2793.574 1369.736 -4.627 -2787.358 environment-darkcave
3015 1 30 2795 0 -1 0 1376.125 -8.817 -2763.791 1372.960 -12.073 -2766.498 1378.437 -4.636 -2762.246 environment-darkcave
3016 1 90 2789 0 -1 0 1371.930 6.168 -2790.931 1370.146 0.592 -2792.505 1373.756 10.826 -2789.004 cmn-precursor-stonehengetop
3017 1 105 2779 0 -1 0 1364.808 20.147 -2778.277 1360.876 15.815 -2782.212 1369.326 22.987 -2773.778 cv-robo-metal-pitted-01
3018 1 105 2789 0 -1 0 1371.740 6.685 -2789.659 1368.714 3.889 -2790.971 1374.985 9.123 -2788.208 cv-robo-metal-pitted-01
3019 1 105 2782 0 -1 0 1371.698 11.505 -2789.438 1369.323 9.233 -2792.038 1374.051 13.795 -2787.541 cv-robo-metal-pitted-01
3020 1 42 2501 0 -1 0 1434.944 23.418 -2722.879 1430.557 21.486 -2727.640 1440.566 25.839 -2717.762 cv-stal-01
3021 1 42 2502 0 -1 0 1394.404 23.946 -2719.843 1390.285 22.055 -2724.237 1399.547 26.226 -2715.091 cv-stal-01
3022 1 42 2503 0 -1 0 1452.324 21.852 -2749.505 1447.458 19.577 -2753.171 1456.113 24.594 -2745.093 cv-stal-01
3023 1 42 2504 0 -1 0 1382.592 13.647 -2830.527 1377.775 11.755 -2833.938 1386.524 15.927 -2825.872 cv-stal-01
3024 1 42 2505 0 -1 0 1370.393 -2.098 -2829.097 1366.605 -3.990 -2833.505 1375.260 0.182 -2825.427 cv-stal-01
3025 1 42 2506 0 -1 0 1312.936 -13.447 -2864.375 1307.605 -15.680 -2869.580 1317.148 -10.805 -2859.437 cv-stal-01
3026 1 42 2507 0 -1 0 1252.666 -11.967 -2844.043 1248.814 -13.540 -2848.912 1256.798 -9.661 -2840.316 cv-stal-01
3027 1 42 2508 0 -1 0 1250.465 -4.607 -2836.862 1246.915 -6.612 -2841.435 1255.920 -2.315 -2832.293 cv-stal-01
3028 1 42 2509 0 -1 0 1258.580 -4.918 -2867.167 1253.020 -6.715 -2872.241 1262.886 -2.490 -2862.468 cv-stal-01
3029 1 30 2785 0 -1 0 1370.468 -8.771 -2765.705 1369.491 -12.073 -2768.144 1371.884 -4.636 -2763.327 environment-darkcave
3030 1 42 2510 0 -1 0 1394.697 37.965 -2720.740 1389.126 35.868 -2725.629 1400.037 40.310 -2714.550 cv-stal-01
3031 1 42 2511 0 -1 0 1451.456 36.500 -2748.242 1446.102 34.062 -2754.455 1456.931 39.655 -2743.610 cv-stal-01
3032 1 42 2512 0 -1 0 1382.062 27.701 -2828.639 1376.641 25.788 -2834.949 1387.682 30.230 -2823.813 cv-stal-01
3033 1 42 2513 0 -1 0 1370.795 11.917 -2830.239 1365.254 9.833 -2834.973 1376.271 14.265 -2823.945 cv-stal-01
3034 1 42 2514 0 -1 0 1312.232 0.390 -2861.789 1306.951 -1.682 -2867.910 1317.491 3.066 -2857.529 cv-stal-01
3035 1 42 2515 0 -1 0 1251.990 5.109 -2837.321 1247.223 3.163 -2841.783 1256.980 7.585 -2831.781 cv-stal-01
3036 1 42 2516 0 -1 0 1254.117 -2.171 -2843.246 1248.751 -4.225 -2849.476 1259.704 0.222 -2838.365 cv-stal-01
3037 1 42 2517 0 -1 0 1262.773 -3.804 -2871.292 1257.342 -5.885 -2877.470 1268.137 -1.550 -2866.809 cv-stal-01
3038 1 19 1673 0 -1 0 1433.942 -0.272 -2743.546 1430.496 -0.489 -2744.594 1437.278 -0.052 -2742.561 cv-planks-all
3039 1 19 1674 0 -1 0 1426.002 -0.069 -2733.783 1425.169 -0.286 -2737.229 1426.889 0.151 -2730.448 cv-planks-all
3040 1 19 1678 0 -1 0 1413.947 -0.110 -2737.981 1410.501 -0.328 -2739.029 1417.282 0.110 -2736.997 cv-planks-all
3041 1 19 1696 0 -1 0 1383.469 23.802 -2781.995 1382.433 23.552 -2786.120 1384.534 24.056 -2777.744 cv-planks-all
3042 1 19 1705 0 -1 0 1393.651 -0.106 -2790.953 1390.316 -0.323 -2791.937 1397.097 0.114 -2789.905 cv-planks-all
3043 1 19 1719 0 -1 0 1433.955 -12.289 -2773.256 1430.509 -12.506 -2774.252 1437.291 -12.069 -2772.321 cv-planks-all
3044 1 19 1720 0 -1 0 1393.932 -12.369 -2775.827 1390.486 -12.587 -2776.884 1397.267 -12.149 -2774.835 cv-planks-all
3045 1 19 1725 0 -1 0 1324.809 24.046 -2781.789 1323.805 23.828 -2785.234 1325.877 24.266 -2778.453 cv-planks-all
3046 1 19 1726 0 -1 0 1332.832 24.046 -2781.789 1331.829 23.828 -2785.234 1333.900 24.266 -2778.453 cv-planks-all
3047 1 19 1727 0 -1 0 1373.553 24.072 -2781.758 1372.569 23.821 -2786.065 1374.601 24.325 -2777.588 cv-planks-all
3048 1 19 1730 0 -1 0 1349.916 11.960 -2788.954 1346.470 11.742 -2790.002 1353.252 12.180 -2787.970 cv-planks-all
3049 1 19 1733 0 -1 0 1350.327 -0.192 -2779.662 1346.881 -0.409 -2780.477 1353.663 0.029 -2778.897 cv-planks-all
3050 1 19 1735 0 -1 0 1349.735 -0.349 -2787.238 1346.427 -0.567 -2787.951 1353.146 -0.129 -2786.524 cv-planks-all
3051 1 19 1747 0 -1 0 1325.744 -0.471 -2747.007 1322.284 -0.689 -2748.064 1329.091 -0.247 -2746.073 cv-planks-all
3052 1 19 1748 0 -1 0 1372.780 -12.062 -2734.009 1371.732 -12.280 -2737.345 1373.764 -11.842 -2730.563 cv-planks-all
3053 1 19 1752 0 -1 0 1334.791 -12.138 -2733.890 1333.795 -12.355 -2737.226 1335.726 -11.918 -2730.444 cv-planks-all
3054 1 19 1756 0 -1 0 1325.646 -24.176 -2742.893 1322.310 -24.393 -2743.899 1329.092 -23.956 -2741.822 cv-planks-all
3055 1 19 1767 0 -1 0 1412.882 -20.891 -2801.803 1411.808 -21.533 -2805.111 1413.958 -20.234 -2798.394 cv-planks-all
3056 1 19 1770 0 -1 0 1401.042 -14.701 -2801.975 1400.096 -15.347 -2805.386 1401.996 -14.054 -2798.667 cv-planks-all
3057 1 19 1771 0 -1 0 1420.062 -24.771 -2801.957 1419.065 -25.371 -2805.264 1421.061 -24.155 -2798.547 cv-planks-all
3058 1 19 1778 0 -1 0 1374.735 -0.076 -2802.021 1373.686 -0.294 -2805.357 1375.719 0.144 -2798.575 cv-planks-all
3059 1 19 1791 0 -1 0 1333.272 -22.101 -2817.259 1331.025 -22.353 -2820.757 1335.720 -21.804 -2813.965 cv-planks-all
3060 1 19 1797 0 -1 0 1322.457 -12.170 -2838.085 1321.423 -12.636 -2841.518 1323.534 -11.702 -2834.759 cv-planks-all
3061 1 19 1798 0 -1 0 1328.255 -13.655 -2837.963 1327.260 -14.103 -2841.443 1329.400 -13.225 -2834.602 cv-planks-all
3062 1 19 1803 0 -1 0 1322.419 -22.822 -2822.822 1320.171 -23.074 -2826.320 1324.867 -22.525 -2819.528 cv-planks-all
3063 1 19 1805 0 -1 0 1305.141 -30.521 -2813.984 1303.583 -31.161 -2817.557 1306.807 -29.866 -2810.573 cv-planks-all
3064 1 19 1807 0 -1 0 1303.341 -1.673 -2844.251 1301.203 -1.891 -2847.774 1305.682 -1.453 -2840.923 cv-planks-all
3065 1 19 1808 0 -1 0 1308.585 -1.777 -2841.395 1306.336 -1.995 -2844.881 1311.043 -1.557 -2838.111 cv-planks-all
3066 1 19 1811 0 -1 0 1295.162 2.236 -2845.857 1291.848 2.019 -2848.034 1298.673 2.456 -2843.475 cv-planks-all
3067 1 19 1813 0 -1 0 1300.977 6.304 -2862.018 1298.742 6.086 -2865.509 1303.421 6.524 -2858.728 cv-planks-all
3068 1 19 1814 0 -1 0 1302.951 6.375 -2861.473 1300.877 6.157 -2864.957 1305.220 6.595 -2858.175 cv-planks-all
3069 1 19 1816 0 -1 0 1295.716 6.408 -2864.841 1293.592 6.190 -2868.368 1298.042 6.628 -2861.508 cv-planks-all
3070 1 19 1817 0 -1 0 1294.944 -28.151 -2839.915 1292.155 -28.451 -2843.025 1297.508 -27.852 -2836.588 cv-planks-all
3071 1 19 1819 0 -1 0 1290.177 10.270 -2867.476 1287.996 10.053 -2870.986 1292.562 10.490 -2864.164 cv-planks-all
3072 1 19 1820 0 -1 0 1279.327 16.717 -2871.111 1276.617 16.499 -2874.261 1281.818 16.937 -2867.745 cv-planks-all
3073 1 19 1821 0 -1 0 1271.550 16.947 -2877.171 1268.333 16.730 -2879.713 1274.534 17.167 -2874.389 cv-planks-all
3074 1 19 1824 0 -1 0 1288.622 -29.102 -2844.696 1285.939 -29.881 -2847.821 1291.075 -28.359 -2841.400 cv-planks-all
3075 1 103 2814 0 -1 0 1372.291 -11.339 -2764.989 1371.925 -13.542 -2765.997 1372.936 -9.136 -2764.007 cv-robo-precursor-metal-plain-01dk
3076 1 103 2817 0 -1 0 1373.894 -11.339 -2767.405 1373.125 -13.542 -2768.749 1374.605 -9.136 -2766.703 cv-robo-precursor-metal-plain-01dk
3077 1 30 2814 0 -1 0 1372.291 -11.339 -2764.989 1371.925 -13.542 -2765.997 1372.936 -9.136 -2764.007 environment-darkcave
3078 1 30 2817 0 -1 0 1373.894 -11.339 -2767.405 1373.125 -13.542 -2768.749 1374.605 -9.136 -2766.703 environment-darkcave
3079 1 105 2788 0 -1 0 1371.306 10.297 -2779.107 1363.231 3.219 -2787.821 1380.836 17.906 -2769.104 cv-robo-metal-pitted-01
3080 1 88 2783 0 -1 0 1368.521 -7.951 -2790.407 1367.423 -12.064 -2793.574 1369.736 -4.627 -2787.358 cmn-precursor-metal-plain-01
3081 1 88 2795 0 -1 0 1376.027 -7.960 -2763.942 1372.960 -12.073 -2766.498 1378.437 -4.636 -2762.246 cmn-precursor-metal-plain-01
3082 1 105 2681 0 -1 0 1374.805 -3.788 -2767.423 1370.440 -7.604 -2770.368 1378.314 0.474 -2763.882 cv-robo-metal-pitted-01
3083 1 42 2521 0 -1 0 1452.780 30.295 -2749.344 1446.927 28.826 -2754.373 1457.298 32.912 -2744.961 cv-stal-01
3084 1 19 1450 0 -1 0 1403.905 11.778 -2733.890 1401.882 11.395 -2737.350 1405.954 12.145 -2730.366 cv-planks-all
3085 1 19 1453 0 -1 0 1433.803 11.957 -2773.762 1430.291 11.572 -2776.293 1437.277 12.322 -2771.242 cv-planks-all
3086 1 19 1456 0 -1 0 1393.772 -0.354 -2775.867 1390.312 -0.738 -2777.927 1397.296 0.012 -2773.833 cv-planks-all
3087 1 19 1459 0 -1 0 1433.775 -12.238 -2741.952 1430.263 -12.622 -2744.337 1437.249 -11.872 -2739.579 cv-planks-all
3088 1 19 1463 0 -1 0 1393.791 -12.248 -2741.661 1390.278 -12.632 -2743.994 1397.265 -11.882 -2739.338 cv-planks-all
3089 1 19 1465 0 -1 0 1433.804 -12.255 -2755.684 1430.292 -12.639 -2757.797 1437.278 -11.889 -2753.580 cv-planks-all
3090 1 19 1466 0 -1 0 1430.882 -0.386 -2757.875 1429.277 -0.770 -2761.335 1432.507 -0.020 -2754.351 cv-planks-all
3091 1 19 1467 0 -1 0 1433.761 -12.434 -2764.154 1430.301 -12.818 -2766.214 1437.285 -12.068 -2762.120 cv-planks-all
3092 1 19 1470 0 -1 0 1393.728 -12.423 -2750.604 1390.267 -12.807 -2752.737 1397.252 -12.057 -2748.498 cv-planks-all
3093 1 19 1487 0 -1 0 1332.865 -12.516 -2781.848 1330.831 -12.900 -2785.308 1334.924 -12.150 -2778.323 cv-planks-all
3094 1 19 1489 0 -1 0 1391.752 -12.397 -2801.905 1389.675 -12.781 -2805.429 1393.802 -12.031 -2798.445 cv-planks-all
3095 1 19 1491 0 -1 0 1410.219 -19.473 -2801.864 1408.324 -20.614 -2805.323 1412.153 -18.386 -2798.341 cv-planks-all
3096 1 19 1495 0 -1 0 1351.225 -0.357 -2801.871 1349.086 -0.741 -2805.331 1353.391 0.009 -2798.347 cv-planks-all
3097 1 19 1496 0 -1 0 1371.820 -12.391 -2801.896 1369.758 -12.775 -2805.420 1373.856 -12.025 -2798.435 cv-planks-all
3098 1 19 1497 0 -1 0 1351.239 -12.462 -2801.830 1349.057 -12.846 -2805.290 1353.449 -12.096 -2798.305 cv-planks-all
3099 1 19 1499 0 -1 0 1337.731 -17.218 -2801.837 1335.803 -18.429 -2805.297 1339.684 -15.960 -2798.313 cv-planks-all
3100 1 19 1501 0 -1 0 1326.785 -22.793 -2801.836 1324.875 -23.991 -2805.297 1328.719 -21.549 -2798.312 cv-planks-all
3101 1 19 1510 0 -1 0 1344.734 -17.705 -2838.091 1342.711 -18.409 -2841.597 1346.718 -17.058 -2834.611 cv-planks-all
3102 1 19 1690 0 -1 0 1428.557 -0.465 -2757.832 1427.723 -0.683 -2761.180 1429.293 -0.245 -2754.372 cv-planks-all
3103 1 19 1724 0 -1 0 1332.923 11.944 -2734.005 1332.141 11.726 -2737.343 1333.650 12.164 -2730.556 cv-planks-all
3104 1 19 1729 0 -1 0 1381.095 23.802 -2774.807 1377.276 23.552 -2775.815 1384.791 24.056 -2773.923 cv-planks-all
3105 1 19 1734 0 -1 0 1338.984 -0.425 -2733.962 1338.216 -0.642 -2737.423 1339.854 -0.205 -2730.615 cv-planks-all
3106 1 19 1768 0 -1 0 1407.552 -18.167 -2801.821 1406.545 -18.754 -2805.169 1408.479 -17.476 -2798.360 cv-planks-all
3107 1 19 1789 0 -1 0 1353.580 -19.895 -2837.956 1352.644 -20.529 -2841.426 1354.667 -19.294 -2834.601 cv-planks-all
3108 1 19 1812 0 -1 0 1297.848 2.340 -2851.206 1294.496 2.123 -2853.268 1301.389 2.560 -2848.945 cv-planks-all
3109 1 19 1815 0 -1 0 1301.196 2.302 -2858.540 1297.877 2.085 -2860.550 1304.698 2.522 -2856.339 cv-planks-all
3110 1 19 1818 0 -1 0 1284.831 10.374 -2870.169 1282.766 10.157 -2873.710 1287.096 10.594 -2866.818 cv-planks-all
3111 1 19 1448 0 -1 0 1433.785 -0.357 -2746.454 1430.272 -0.741 -2748.373 1437.259 0.009 -2744.545 cv-planks-all
3112 1 19 1449 0 -1 0 1428.478 -0.154 -2733.941 1426.862 -0.538 -2737.454 1430.102 0.212 -2730.467 cv-planks-all
3113 1 19 1451 0 -1 0 1413.789 -0.195 -2740.890 1410.277 -0.579 -2742.808 1417.263 0.171 -2738.981 cv-planks-all
3114 1 19 1455 0 -1 0 1393.774 11.776 -2799.287 1390.250 11.392 -2801.157 1397.234 12.142 -2797.394 cv-planks-all
3115 1 19 1457 0 -1 0 1393.809 -0.191 -2788.044 1390.335 -0.575 -2789.953 1397.321 0.175 -2786.126 cv-planks-all
3116 1 19 1468 0 -1 0 1433.797 -12.373 -2776.019 1430.285 -12.758 -2777.840 1437.272 -12.008 -2774.206 cv-planks-all
3117 1 19 1469 0 -1 0 1393.774 -12.454 -2778.760 1390.262 -12.838 -2780.693 1397.248 -12.088 -2776.835 cv-planks-all
3118 1 19 1473 0 -1 0 1376.462 23.989 -2781.939 1374.553 23.547 -2786.330 1378.380 24.410 -2777.597 cv-planks-all
3119 1 19 1475 0 -1 0 1375.774 11.978 -2733.850 1373.848 11.594 -2737.318 1377.682 12.344 -2730.333 cv-planks-all
3120 1 19 1492 0 -1 0 1403.449 -15.946 -2801.915 1401.727 -17.051 -2805.439 1405.145 -14.801 -2798.455 cv-planks-all
3121 1 19 1494 0 -1 0 1371.826 -0.161 -2801.863 1369.908 -0.545 -2805.338 1373.735 0.205 -2798.351 cv-planks-all
3122 1 19 1498 0 -1 0 1356.186 -21.201 -2838.041 1354.370 -22.234 -2841.593 1358.068 -20.258 -2834.613 cv-planks-all
3123 1 42 2518 0 -1 0 1436.347 31.136 -2721.726 1431.196 29.810 -2727.501 1443.124 33.039 -2715.576 cv-stal-01
3124 1 42 2519 0 -1 0 1408.945 30.198 -2713.703 1403.072 29.130 -2718.575 1414.393 31.995 -2707.348 cv-stal-01
3125 1 42 2520 0 -1 0 1394.782 31.369 -2718.771 1389.269 30.104 -2725.425 1400.906 33.676 -2713.556 cv-stal-01
3126 1 42 2522 0 -1 0 1381.163 21.057 -2829.726 1376.070 19.892 -2834.993 1387.413 23.139 -2823.891 cv-stal-01
3127 1 42 2523 0 -1 0 1371.069 5.071 -2829.207 1364.836 3.979 -2835.134 1376.064 7.152 -2823.885 cv-stal-01
3128 1 42 2524 0 -1 0 1312.126 -4.931 -2863.099 1306.307 -6.094 -2868.869 1319.593 -2.898 -2856.813 cv-stal-01
3129 1 42 2525 0 -1 0 1253.677 -6.483 -2845.089 1247.622 -7.644 -2850.140 1259.200 -4.468 -2838.557 cv-stal-01
3130 1 42 2526 0 -1 0 1252.450 0.835 -2835.509 1247.548 -0.245 -2841.560 1257.338 2.979 -2831.024 cv-stal-01
3131 1 42 2527 0 -1 0 1253.512 -3.789 -2859.918 1247.696 -4.907 -2866.765 1259.671 -1.663 -2854.863 cv-stal-01
3132 1 103 2805 0 -1 0 1365.024 12.005 -2783.291 1364.170 10.984 -2784.451 1366.641 13.031 -2782.192 cv-robo-precursor-metal-plain-01dk
3133 1 103 2807 0 -1 0 1365.963 12.005 -2772.797 1365.108 10.984 -2773.963 1367.580 13.031 -2771.705 cv-robo-precursor-metal-plain-01dk
3134 1 30 2805 0 -1 0 1365.024 12.005 -2783.291 1364.170 10.984 -2784.451 1366.641 13.031 -2782.192 environment-darkcave
3135 1 30 2807 0 -1 0 1365.963 12.005 -2772.797 1365.108 10.984 -2773.963 1367.580 13.031 -2771.705 environment-darkcave
3136 1 28 2491 0 -1 0 1451.437 -5.460 -2768.283 1449.491 -6.006 -2772.115 1452.797 -4.925 -2763.990 cv-wall-02-2x2
3137 1 28 2492 0 -1 0 1429.275 22.412 -2848.249 1424.855 21.808 -2849.793 1433.354 23.004 -2845.875 cv-wall-02-2x2
3138 1 28 2493 0 -1 0 1314.973 -13.398 -2865.120 1313.655 -13.945 -2869.231 1316.220 -12.861 -2860.717 cv-wall-02-2x2
3139 1 28 2494 0 -1 0 1294.182 -12.921 -2875.569 1290.229 -13.482 -2876.808 1298.560 -12.371 -2874.012 cv-wall-02-2x2
3140 1 28 2495 0 -1 0 1239.720 24.864 -2857.026 1238.501 24.316 -2861.195 1241.091 25.402 -2853.002 cv-wall-02-2x2
3141 1 28 2496 0 -1 0 1251.328 32.092 -2834.518 1248.720 31.544 -2837.915 1254.792 32.629 -2832.398 cv-wall-02-2x2
3142 1 28 2497 0 -1 0 1249.325 -6.384 -2838.524 1245.951 -6.928 -2840.017 1253.482 -5.850 -2836.314 cv-wall-02-2x2
3143 1 90 2783 0 -1 0 1367.856 -11.197 -2790.359 1367.345 -11.986 -2792.904 1368.619 -10.142 -2787.876 cmn-precursor-stonehengetop
3144 1 90 2791 0 -1 0 1373.650 -11.197 -2794.371 1371.212 -11.986 -2795.253 1375.778 -10.142 -2792.972 cmn-precursor-stonehengetop
3145 1 90 2795 0 -1 0 1376.394 -11.206 -2763.382 1374.152 -11.995 -2765.155 1378.267 -10.151 -2762.246 cmn-precursor-stonehengetop
3146 1 105 2794 0 -1 0 1374.359 5.361 -2763.810 1372.025 3.771 -2764.621 1376.600 6.943 -2763.351 cv-robo-metal-pitted-01
3147 1 105 2785 0 -1 0 1370.089 -6.447 -2766.355 1369.694 -7.604 -2767.933 1370.641 -5.386 -2764.729 cv-robo-metal-pitted-01
3148 1 30 2780 0 -1 0 1363.148 21.484 -2777.816 1360.752 18.752 -2781.651 1365.766 23.018 -2774.183 environment-darkcave
3149 1 104 2781 0 -1 0 1361.985 15.870 -2777.725 1359.660 13.940 -2780.420 1365.352 21.127 -2775.372 cv-robo-precursor-metal-edging-01
3150 1 19 1476 0 -1 0 1350.170 -0.277 -2781.937 1346.657 -0.660 -2783.428 1353.644 0.089 -2780.452 cv-planks-all
3151 1 19 1769 0 -1 0 1405.790 -17.233 -2801.958 1404.979 -17.847 -2805.418 1406.737 -16.654 -2798.610 cv-planks-all
3152 1 30 2781 0 -1 0 1355.302 10.690 -2777.114 1350.133 6.112 -2780.420 1365.352 21.127 -2775.363 environment-darkcave
3153 1 41 2503 0 -1 0 1452.047 24.270 -2748.975 1446.927 21.343 -2754.017 1456.769 27.526 -2744.222 cv-stal-01-merge
3154 1 88 2780 0 -1 0 1363.206 21.488 -2777.577 1360.752 18.752 -2781.651 1365.766 23.018 -2774.183 cmn-precursor-metal-plain-01
3155 1 19 1479 0 -1 0 1330.729 11.859 -2733.854 1329.282 11.475 -2737.323 1332.160 12.225 -2730.338 cv-planks-all
3156 1 30 2682 0 -1 188 1427.634 -43.324 -2819.519 1423.639 -43.935 -2823.519 1431.639 -42.919 -2815.519 environment-darkcave
3157 1 30 2683 0 -1 188 1199.484 -25.631 -2972.135 1195.488 -26.285 -2976.127 1203.487 -25.191 -2968.129 environment-darkcave
3158 1 30 2792 0 -1 0 1369.994 -14.339 -2791.913 1368.597 -16.064 -2793.726 1371.600 -12.096 -2790.666 environment-darkcave
3159 1 30 2798 0 -1 0 1372.386 -14.348 -2765.170 1370.791 -16.073 -2766.418 1373.794 -12.104 -2763.358 environment-darkcave
3160 1 30 2799 0 -1 0 1375.575 -14.348 -2765.455 1373.965 -16.073 -2766.703 1376.984 -12.104 -2763.643 environment-darkcave
3161 1 41 2510 0 -1 0 1394.916 39.977 -2720.192 1388.936 37.442 -2725.832 1400.537 42.765 -2713.808 cv-stal-01-merge
3162 1 41 2511 0 -1 0 1451.437 39.017 -2748.874 1445.847 35.837 -2755.111 1457.395 42.410 -2743.490 cv-stal-01-merge
3163 1 41 2512 0 -1 0 1381.973 29.701 -2829.265 1376.350 27.182 -2835.678 1387.997 32.422 -2823.670 cv-stal-01-merge
3164 1 41 2513 0 -1 0 1370.896 13.931 -2829.665 1364.926 11.417 -2835.150 1376.662 16.703 -2823.345 cv-stal-01-merge
3165 1 41 2514 0 -1 0 1312.367 2.517 -2862.420 1306.734 -0.203 -2868.622 1318.234 5.401 -2857.314 cv-stal-01-merge
3166 1 41 2515 0 -1 0 1252.405 7.118 -2836.885 1246.880 4.634 -2842.064 1257.866 9.766 -2830.964 cv-stal-01-merge
3167 1 41 2516 0 -1 0 1253.926 -0.162 -2843.819 1248.300 -2.702 -2850.221 1259.919 2.577 -2838.181 cv-stal-01-merge
3168 1 41 2517 0 -1 0 1262.756 -1.763 -2871.774 1256.953 -4.162 -2878.010 1268.650 0.996 -2866.404 cv-stal-01-merge
3169 1 30 2809 0 -1 0 1372.134 12.453 -2788.739 1367.872 7.547 -2791.322 1377.068 16.797 -2784.593 environment-darkcave
3170 1 30 2810 0 -1 0 1373.927 12.453 -2768.697 1368.997 7.547 -2772.843 1378.193 16.797 -2766.114 environment-darkcave
3171 1 28 2498 0 -1 0 1252.217 -18.240 -2844.157 1249.095 -27.183 -2848.465 1256.627 -9.590 -2840.311 cv-wall-02-2x2
3172 1 28 2499 0 -1 0 1250.069 11.418 -2859.080 1247.466 4.823 -2861.561 1253.255 17.796 -2856.061 cv-wall-02-2x2
3173 1 28 2500 0 -1 0 1277.900 -25.750 -2873.145 1274.672 -34.693 -2876.992 1282.007 -17.101 -2869.137 cv-wall-02-2x2
3174 1 30 2674 0 -1 0 1363.076 8.250 -2777.828 1362.164 4.641 -2781.769 1365.042 12.438 -2773.986 environment-darkcave
3175 1 41 2501 0 -1 0 1435.530 25.526 -2723.194 1430.239 23.072 -2728.085 1441.221 28.308 -2717.452 cv-stal-01-merge
3176 1 41 2502 0 -1 0 1394.887 25.957 -2720.196 1389.893 23.523 -2724.716 1400.162 28.664 -2714.810 cv-stal-01-merge
3177 1 41 2504 0 -1 0 1382.361 15.658 -2829.976 1377.246 13.224 -2834.983 1387.054 18.364 -2825.220 cv-stal-01-merge
3178 1 41 2505 0 -1 0 1370.671 -0.087 -2829.627 1365.949 -2.521 -2834.379 1375.791 2.619 -2824.584 cv-stal-01-merge
3179 1 41 2506 0 -1 0 1312.445 -11.143 -2863.702 1306.902 -13.967 -2870.034 1317.542 -7.949 -2857.779 cv-stal-01-merge
3180 1 41 2507 0 -1 0 1252.371 -9.917 -2844.373 1247.804 -12.590 -2849.432 1257.550 -7.481 -2839.659 cv-stal-01-merge
3181 1 41 2508 0 -1 0 1251.254 -2.665 -2836.801 1246.611 -5.273 -2841.770 1256.550 0.193 -2831.761 cv-stal-01-merge
3182 1 41 2509 0 -1 0 1258.000 -2.844 -2866.922 1252.400 -5.268 -2872.618 1263.205 -0.235 -2862.126 cv-stal-01-merge
3183 1 28 2518 0 -1 0 1437.905 33.333 -2721.883 1430.967 31.039 -2727.870 1443.732 34.769 -2715.343 cv-wall-02-2x2
3184 1 28 2519 0 -1 0 1408.998 32.370 -2712.340 1402.727 30.459 -2718.930 1414.634 33.918 -2706.856 cv-wall-02-2x2
3185 1 28 2520 0 -1 0 1394.576 33.561 -2720.391 1388.988 31.511 -2726.218 1401.184 35.216 -2713.620 cv-wall-02-2x2
3186 1 28 2521 0 -1 0 1451.354 32.773 -2748.712 1446.111 30.497 -2754.334 1456.742 34.683 -2743.686 cv-wall-02-2x2
3187 1 28 2522 0 -1 0 1382.682 23.263 -2830.276 1376.281 21.016 -2835.822 1388.280 24.581 -2823.963 cv-wall-02-2x2
3188 1 28 2523 0 -1 0 1369.761 7.368 -2829.009 1364.250 5.585 -2835.411 1376.292 9.132 -2823.625 cv-wall-02-2x2
3189 1 28 2524 0 -1 0 1313.827 -2.639 -2863.294 1306.143 -4.811 -2869.218 1320.337 -1.157 -2856.561 cv-wall-02-2x2
3190 1 28 2525 0 -1 0 1253.712 -4.254 -2843.655 1247.212 -6.119 -2850.411 1259.391 -2.703 -2837.988 cv-wall-02-2x2
3191 1 28 2526 0 -1 0 1251.602 2.965 -2836.840 1246.502 0.887 -2842.215 1257.659 4.423 -2831.643 cv-wall-02-2x2
3192 1 28 2527 0 -1 0 1253.625 -1.560 -2861.493 1247.538 -3.777 -2867.289 1260.161 -0.169 -2854.516 cv-wall-02-2x2
3193 1 41 2521 0 -1 0 1452.102 32.103 -2749.350 1446.111 30.058 -2755.047 1457.630 35.041 -2743.631 cv-stal-01-merge
3194 1 47 2331 0 -1 0 1399.734 6.097 -2759.410 1399.377 5.790 -2759.807 1400.131 6.560 -2759.053 cv-torch-01
3195 1 47 2332 0 -1 0 1380.944 5.471 -2799.303 1380.602 5.162 -2799.650 1381.336 5.937 -2798.912 cv-torch-01
3196 1 47 2333 0 -1 0 1396.731 -5.850 -2731.664 1396.371 -6.150 -2732.080 1397.126 -5.399 -2731.302 cv-torch-01
3197 1 47 2334 0 -1 0 1396.597 -5.874 -2799.304 1396.256 -6.183 -2799.650 1396.990 -5.408 -2798.912 cv-torch-01
3198 1 47 2335 0 -1 0 1346.302 3.130 -2779.468 1345.956 2.796 -2779.900 1346.690 3.573 -2779.122 cv-torch-01
3199 1 47 2336 0 -1 0 1352.199 2.791 -2788.945 1351.844 2.482 -2789.342 1352.587 3.253 -2788.585 cv-torch-01
3200 1 47 2337 0 -1 0 1366.986 -5.321 -2730.885 1366.602 -5.626 -2731.266 1367.313 -4.859 -2730.511 cv-torch-01
3201 1 47 2338 0 -1 0 1340.899 -9.974 -2730.927 1340.509 -10.279 -2731.278 1341.242 -9.510 -2730.533 cv-torch-01
3202 1 47 2339 0 -1 0 1354.256 -7.453 -2799.226 1353.866 -7.757 -2799.572 1354.600 -6.988 -2798.834 cv-torch-01
3203 1 47 2340 0 -1 0 1327.247 -4.171 -2785.843 1326.917 -4.498 -2786.190 1327.675 -3.745 -2785.452 cv-torch-01
3204 1 47 2341 0 -1 0 1371.424 -6.431 -2805.664 1371.033 -6.740 -2806.048 1371.771 -5.973 -2805.269 cv-torch-01
3205 1 47 2342 0 -1 0 1292.033 13.857 -2869.958 1291.644 13.595 -2870.349 1292.425 14.267 -2869.568 cv-torch-01
3206 1 105 2680 0 -1 0 1371.626 -4.665 -2790.110 1367.734 -7.596 -2793.067 1375.607 -2.205 -2787.461 cv-robo-metal-pitted-01
3207 1 41 2524 0 -1 0 1312.764 -3.267 -2862.923 1305.716 -5.362 -2869.218 1320.337 -1.064 -2856.280 cv-stal-01-merge
3208 1 28 2501 0 -1 0 1435.728 26.405 -2722.249 1430.564 24.135 -2728.085 1441.221 28.338 -2717.744 cv-wall-02-2x2
3209 1 28 2502 0 -1 0 1395.128 26.800 -2719.321 1390.291 24.617 -2724.748 1400.162 28.711 -2715.182 cv-wall-02-2x2
3210 1 28 2503 0 -1 0 1451.445 25.284 -2749.653 1447.156 22.659 -2753.716 1455.640 27.582 -2744.530 cv-wall-02-2x2
3211 1 28 2504 0 -1 0 1381.703 16.501 -2830.600 1377.407 14.317 -2834.798 1386.218 18.411 -2825.646 cv-wall-02-2x2
3212 1 28 2505 0 -1 0 1371.273 0.756 -2828.948 1367.083 -1.427 -2834.073 1375.564 2.666 -2824.888 cv-wall-02-2x2
3213 1 28 2506 0 -1 0 1311.934 -10.151 -2864.643 1306.902 -12.539 -2869.331 1316.770 -7.949 -2857.877 cv-wall-02-2x2
3214 1 28 2507 0 -1 0 1253.195 -9.149 -2844.888 1247.947 -11.626 -2849.357 1257.078 -7.247 -2840.663 cv-wall-02-2x2
3215 1 28 2508 0 -1 0 1250.942 -1.790 -2835.982 1246.611 -3.667 -2841.365 1256.186 0.193 -2831.717 cv-wall-02-2x2
3216 1 28 2509 0 -1 0 1257.837 -2.003 -2867.873 1252.400 -4.288 -2872.373 1262.918 -0.189 -2862.126 cv-wall-02-2x2
3217 1 41 2518 0 -1 0 1436.921 32.752 -2721.575 1430.716 30.802 -2727.870 1443.732 34.700 -2715.174 cv-stal-01-merge
3218 1 41 2519 0 -1 0 1408.730 31.754 -2713.241 1402.575 29.626 -2719.185 1414.634 33.758 -2706.856 cv-stal-01-merge
3219 1 41 2520 0 -1 0 1394.984 32.972 -2719.430 1388.988 31.173 -2726.218 1401.551 35.542 -2713.178 cv-stal-01-merge
3220 1 41 2522 0 -1 0 1381.803 22.681 -2829.706 1375.657 20.810 -2835.822 1388.276 24.873 -2823.391 cv-stal-01-merge
3221 1 41 2523 0 -1 0 1370.615 6.688 -2829.408 1364.250 4.295 -2835.777 1376.767 8.850 -2823.625 cv-stal-01-merge
3222 1 41 2525 0 -1 0 1253.417 -4.890 -2844.581 1247.004 -7.006 -2850.728 1259.391 -2.571 -2837.988 cv-stal-01-merge
3223 1 41 2526 0 -1 0 1252.345 2.398 -2836.149 1246.297 0.632 -2842.334 1258.167 4.729 -2830.418 cv-stal-01-merge
3224 1 41 2527 0 -1 0 1253.793 -2.154 -2860.482 1247.525 -4.053 -2867.289 1260.161 0.118 -2854.420 cv-stal-01-merge
3225 1 88 2781 0 -1 0 1354.160 9.707 -2777.012 1350.133 6.112 -2778.690 1360.931 15.956 -2775.363 cmn-precursor-metal-plain-01
3226 1 28 2510 0 -1 0 1394.479 41.060 -2719.504 1389.095 40.132 -2725.531 1400.537 42.765 -2713.808 cv-wall-02-2x2
3227 1 28 2511 0 -1 0 1452.040 40.340 -2749.475 1445.967 39.179 -2755.106 1457.395 42.287 -2743.617 cv-wall-02-2x2
3228 1 28 2512 0 -1 0 1382.520 30.749 -2829.928 1376.368 29.826 -2835.678 1387.992 32.271 -2823.905 cv-wall-02-2x2
3229 1 28 2513 0 -1 0 1370.329 15.015 -2829.082 1364.926 14.097 -2835.075 1376.536 16.703 -2823.345 cv-wall-02-2x2
3230 1 28 2514 0 -1 0 1313.111 3.634 -2862.852 1307.127 2.633 -2868.270 1318.234 5.296 -2857.314 cv-wall-02-2x2
3231 1 28 2515 0 -1 0 1252.320 8.178 -2836.046 1247.584 7.285 -2841.167 1257.808 9.727 -2830.964 cv-wall-02-2x2
3232 1 28 2516 0 -1 0 1254.388 0.912 -2844.504 1248.300 -0.015 -2850.221 1259.797 2.577 -2838.471 cv-wall-02-2x2
3233 1 28 2517 0 -1 0 1263.404 -0.653 -2872.204 1257.252 -1.492 -2877.790 1268.650 1.009 -2866.404 cv-wall-02-2x2
3234 1 30 2793 0 -1 0 1370.019 -16.858 -2791.622 1369.346 -18.377 -2792.356 1370.855 -16.299 -2790.718 environment-darkcave
3235 1 90 2681 0 -1 0 1374.145 -5.678 -2766.174 1369.694 -11.995 -2770.119 1378.516 -0.886 -2762.293 cmn-precursor-stonehengetop
3236 1 51 2682 0 -1 0 1427.633 -43.041 -2819.520 1423.842 -43.185 -2823.315 1431.436 -42.919 -2815.722 cv-precursor-plainstripe
3237 1 51 2683 0 -1 0 1199.484 -25.347 -2972.139 1195.693 -25.532 -2975.932 1203.285 -25.191 -2968.340 cv-precursor-plainstripe
3238 1 104 2681 0 -1 0 1374.214 -8.858 -2765.428 1369.694 -10.151 -2770.119 1378.516 -7.604 -2762.293 cv-robo-precursor-metal-edging-01
3239 1 104 2680 0 -1 0 1371.838 -8.850 -2791.983 1367.547 -10.142 -2795.119 1376.370 -7.596 -2787.293 cv-robo-precursor-metal-edging-01
3240 1 46 2331 0 -1 0 1400.042 4.953 -2759.726 1399.620 4.000 -2760.059 1400.364 5.909 -2759.297 cv-torch-02
3241 1 46 2334 0 -1 0 1396.993 -6.956 -2798.883 1396.507 -7.871 -2799.362 1397.384 -6.022 -2798.474 cv-torch-02
3242 1 46 2335 0 -1 0 1346.624 2.249 -2778.679 1346.196 1.477 -2779.420 1346.957 3.060 -2777.986 cv-torch-02
3243 1 46 2337 0 -1 0 1366.595 -6.336 -2730.318 1366.201 -7.203 -2730.902 1367.070 -5.440 -2729.796 cv-torch-02
3244 1 46 2338 0 -1 0 1340.491 -11.070 -2730.556 1340.088 -11.993 -2730.998 1340.989 -10.130 -2730.186 cv-torch-02
3245 1 46 2341 0 -1 0 1371.008 -7.579 -2805.556 1370.598 -8.531 -2805.798 1371.513 -6.612 -2805.395 cv-torch-02
3246 1 89 2784 0 -1 0 1374.099 0.497 -2766.707 1372.308 0.411 -2768.501 1375.887 0.583 -2764.922 cmn-precursor-stonehenge-rim
3247 1 90 2682 0 -1 0 1427.639 -43.560 -2819.519 1423.639 -43.935 -2823.519 1431.639 -43.185 -2815.519 cmn-precursor-stonehengetop
3248 1 90 2683 0 -1 0 1199.488 -25.867 -2972.132 1195.488 -26.285 -2976.127 1203.487 -25.451 -2968.129 cmn-precursor-stonehengetop
3249 1 106 2808 0 -1 0 1366.061 22.495 -2778.080 1363.413 20.674 -2780.475 1368.003 24.034 -2775.620 cv-robo-precursor-plainstripe
3250 1 89 2789 0 -1 0 1371.906 0.506 -2791.165 1370.161 0.420 -2792.490 1373.740 0.592 -2789.327 cmn-precursor-stonehenge-rim
3251 1 23 2343 0 -1 0 1322.005 -43.210 -2747.794 1321.186 -43.814 -2748.500 1322.708 -42.564 -2747.013 cv-supportrope-01
3252 1 23 2344 0 -1 0 1321.776 -34.935 -2748.104 1321.144 -35.548 -2748.816 1322.309 -34.283 -2747.347 cv-supportrope-01
3253 1 23 2345 0 -1 0 1322.308 -48.408 -2747.921 1321.148 -49.095 -2749.074 1323.432 -47.720 -2746.823 cv-supportrope-01
3254 1 23 2347 0 -1 0 1322.463 -47.438 -2727.354 1321.649 -48.080 -2728.082 1323.192 -46.763 -2726.556 cv-supportrope-01
3255 1 23 2348 0 -1 0 1322.113 -39.170 -2727.689 1321.322 -39.812 -2728.234 1322.817 -38.495 -2727.073 cv-supportrope-01
3256 1 23 2349 0 -1 0 1322.454 -52.645 -2727.419 1321.098 -53.379 -2728.396 1323.514 -51.916 -2726.493 cv-supportrope-01
3257 1 23 2351 0 -1 0 1321.999 -36.295 -2741.473 1321.231 -36.924 -2742.282 1322.758 -35.624 -2740.749 cv-supportrope-01
3258 1 23 2352 0 -1 0 1321.905 -27.687 -2741.846 1321.320 -28.325 -2742.634 1322.480 -27.009 -2741.145 cv-supportrope-01
3259 1 23 2353 0 -1 0 1322.327 -41.703 -2741.474 1321.420 -42.418 -2742.822 1323.268 -40.988 -2740.422 cv-supportrope-01
3260 1 23 2355 0 -1 0 1262.709 5.681 -2894.890 1262.056 5.077 -2895.528 1263.295 6.327 -2894.244 cv-supportrope-01
3261 1 23 2356 0 -1 0 1262.404 13.956 -2894.837 1261.773 13.343 -2895.323 1262.967 14.608 -2894.340 cv-supportrope-01
3262 1 23 2357 0 -1 0 1262.732 0.483 -2895.166 1261.640 -0.204 -2895.960 1263.586 1.171 -2894.408 cv-supportrope-01
3263 1 23 2359 0 -1 0 1263.584 5.647 -2886.740 1262.933 5.043 -2887.347 1264.167 6.293 -2886.125 cv-supportrope-01
3264 1 23 2360 0 -1 0 1263.282 13.921 -2886.679 1262.650 13.308 -2887.141 1263.844 14.574 -2886.208 cv-supportrope-01
3265 1 23 2361 0 -1 0 1263.595 0.449 -2887.003 1262.509 -0.239 -2887.757 1264.444 1.136 -2886.286 cv-supportrope-01
3266 1 23 2363 0 -1 0 1268.673 9.426 -2876.192 1268.116 8.858 -2876.781 1269.322 10.024 -2875.504 cv-supportrope-01
3267 1 23 2364 0 -1 0 1268.268 16.998 -2875.984 1267.723 16.423 -2876.440 1268.891 17.602 -2875.441 cv-supportrope-01
3268 1 23 2365 0 -1 0 1268.656 4.662 -2876.413 1267.842 4.013 -2877.353 1269.541 5.310 -2875.444 cv-supportrope-01
3269 1 23 2367 0 -1 0 1277.243 7.157 -2869.907 1276.716 6.466 -2870.578 1277.916 7.832 -2869.189 cv-supportrope-01
3270 1 23 2368 0 -1 0 1276.405 15.303 -2868.696 1275.904 14.607 -2869.247 1277.042 15.981 -2868.096 cv-supportrope-01
3271 1 23 2369 0 -1 0 1277.484 2.019 -2870.695 1276.725 1.183 -2871.736 1278.357 2.820 -2869.700 cv-supportrope-01
3272 1 23 2371 0 -1 0 1262.376 5.647 -2903.005 1261.728 5.043 -2903.612 1262.956 6.293 -2902.390 cv-supportrope-01
3273 1 23 2372 0 -1 0 1262.076 13.921 -2902.932 1261.446 13.308 -2903.392 1262.637 14.574 -2902.464 cv-supportrope-01
3274 1 23 2373 0 -1 0 1262.377 0.449 -2903.267 1261.297 -0.239 -2904.020 1263.220 1.136 -2902.547 cv-supportrope-01
3275 1 90 2785 0 -1 0 1370.004 -11.206 -2765.735 1369.491 -11.995 -2768.009 1370.784 -10.151 -2763.843 cmn-precursor-stonehengetop
3276 1 53 2518 0 -1 0 1436.909 35.523 -2721.802 1430.716 32.840 -2727.870 1443.732 37.406 -2715.174 cv-wall-bumps-merge-01
3277 1 53 2519 0 -1 0 1408.822 34.390 -2713.398 1402.575 31.789 -2719.185 1414.634 36.349 -2706.856 cv-wall-bumps-merge-01
3278 1 53 2520 0 -1 0 1394.995 35.787 -2719.490 1388.988 33.392 -2726.218 1401.551 38.097 -2713.178 cv-wall-bumps-merge-01
3279 1 53 2521 0 -1 0 1451.992 35.279 -2749.377 1446.089 32.587 -2755.047 1457.630 37.904 -2743.631 cv-wall-bumps-merge-01
3280 1 53 2522 0 -1 0 1381.792 25.493 -2829.853 1375.657 22.907 -2835.822 1388.327 27.558 -2823.391 cv-wall-bumps-merge-01
3281 1 53 2523 0 -1 0 1370.880 9.406 -2829.438 1364.250 6.682 -2835.777 1376.767 11.642 -2823.625 cv-wall-bumps-merge-01
3282 1 53 2524 0 -1 0 1312.684 -0.415 -2863.037 1305.716 -3.128 -2869.218 1320.337 1.625 -2856.280 cv-wall-bumps-merge-01
3283 1 53 2525 0 -1 0 1253.403 -2.163 -2844.712 1247.004 -4.715 -2850.728 1259.391 -0.039 -2837.988 cv-wall-bumps-merge-01
3284 1 53 2526 0 -1 0 1252.275 5.127 -2836.162 1246.297 2.726 -2842.334 1258.167 7.265 -2830.418 cv-wall-bumps-merge-01
3285 1 53 2527 0 -1 0 1253.682 0.682 -2860.521 1247.538 -1.905 -2867.289 1260.161 2.798 -2854.420 cv-wall-bumps-merge-01
3286 1 90 2680 0 -1 0 1371.874 -6.360 -2791.555 1367.547 -11.986 -2795.119 1376.370 -0.877 -2787.293 cmn-precursor-stonehengetop
3287 1 53 2501 0 -1 0 1435.781 29.387 -2722.893 1430.239 26.377 -2728.085 1441.221 31.561 -2717.452 cv-wall-bumps-merge-01
3288 1 53 2502 0 -1 0 1395.061 29.627 -2719.946 1389.893 26.836 -2724.811 1400.162 31.601 -2714.810 cv-wall-bumps-merge-01
3289 1 53 2503 0 -1 0 1451.781 28.684 -2749.122 1446.927 25.327 -2754.017 1456.769 31.058 -2744.222 cv-wall-bumps-merge-01
3290 1 53 2504 0 -1 0 1382.083 19.328 -2830.099 1377.246 16.536 -2834.983 1387.054 21.302 -2825.220 cv-wall-bumps-merge-01
3291 1 53 2505 0 -1 0 1370.938 3.583 -2829.480 1365.949 0.791 -2834.379 1375.791 5.557 -2824.584 cv-wall-bumps-merge-01
3292 1 53 2506 0 -1 0 1312.064 -6.884 -2863.816 1306.897 -10.370 -2870.034 1317.542 -4.487 -2857.779 cv-wall-bumps-merge-01
3293 1 53 2507 0 -1 0 1252.906 -6.281 -2844.607 1247.804 -9.241 -2849.432 1257.550 -4.145 -2839.659 cv-wall-bumps-merge-01
3294 1 53 2508 0 -1 0 1251.579 0.990 -2836.485 1246.611 -2.268 -2841.770 1256.550 3.219 -2831.714 cv-wall-bumps-merge-01
3295 1 53 2509 0 -1 0 1257.771 0.934 -2867.309 1252.400 -1.938 -2872.618 1263.205 3.107 -2862.126 cv-wall-bumps-merge-01
3296 1 53 2510 0 -1 0 1394.833 43.669 -2719.634 1388.936 40.304 -2725.726 1400.537 45.961 -2713.808 cv-wall-bumps-merge-01
3297 1 53 2511 0 -1 0 1451.772 43.634 -2749.503 1445.847 39.340 -2755.154 1457.395 46.673 -2743.617 cv-wall-bumps-merge-01
3298 1 53 2512 0 -1 0 1382.239 33.369 -2829.914 1376.350 29.959 -2835.724 1387.997 35.805 -2823.852 cv-wall-bumps-merge-01
3299 1 53 2513 0 -1 0 1370.695 17.624 -2829.147 1364.926 14.283 -2835.075 1376.662 19.898 -2823.345 cv-wall-bumps-merge-01
3300 1 53 2514 0 -1 0 1312.835 6.423 -2862.959 1306.734 2.754 -2868.622 1318.300 9.005 -2857.314 cv-wall-bumps-merge-01
3301 1 53 2515 0 -1 0 1252.530 10.797 -2836.258 1246.880 7.448 -2842.064 1257.866 13.172 -2830.932 cv-wall-bumps-merge-01
3302 1 53 2516 0 -1 0 1254.047 3.524 -2844.409 1248.300 0.137 -2850.232 1259.919 5.822 -2838.311 cv-wall-bumps-merge-01
3303 1 53 2517 0 -1 0 1263.018 1.950 -2872.070 1256.953 -1.137 -2878.010 1268.650 4.071 -2866.404 cv-wall-bumps-merge-01
3304 1 30 2796 0 -1 0 1375.548 -16.866 -2765.747 1374.726 -18.386 -2766.651 1376.220 -16.307 -2765.012 environment-darkcave
3305 1 30 2797 0 -1 0 1372.360 -16.866 -2765.461 1371.536 -18.386 -2766.367 1373.046 -16.307 -2764.727 environment-darkcave
3306 1 53 2498 0 -1 0 1252.471 -17.396 -2844.281 1248.888 -27.183 -2848.625 1256.627 -7.445 -2839.961 cv-wall-bumps-merge-01
3307 1 53 2499 0 -1 0 1250.246 12.040 -2858.969 1247.196 4.823 -2861.693 1253.322 19.378 -2855.988 cv-wall-bumps-merge-01
3308 1 53 2500 0 -1 0 1278.179 -24.906 -2873.092 1274.325 -34.693 -2877.203 1282.007 -14.955 -2868.918 cv-wall-bumps-merge-01
3309 1 94 2529 0 -1 0 1390.674 60.843 -2767.016 1389.325 43.328 -2767.621 1391.747 77.910 -2766.242 cv-woodpoles
3310 1 94 2540 0 -1 0 1419.784 -19.643 -2730.334 1418.741 -36.559 -2730.916 1420.890 -2.290 -2729.683 cv-woodpoles
3311 1 94 2541 0 -1 0 1430.785 -13.798 -2730.646 1429.941 -29.869 -2731.317 1431.724 2.689 -2730.137 cv-woodpoles
3312 1 94 2548 0 -1 0 1419.784 -33.277 -2729.371 1418.741 -50.193 -2729.954 1420.890 -15.925 -2728.721 cv-woodpoles
3313 1 94 2557 0 -1 0 1437.173 -7.942 -2773.150 1436.540 -25.015 -2774.053 1437.884 9.579 -2772.417 cv-woodpoles
3314 1 94 2558 0 -1 0 1390.197 -18.074 -2758.781 1389.240 -34.145 -2759.634 1390.811 -1.571 -2757.846 cv-woodpoles
3315 1 94 2565 0 -1 0 1379.052 65.543 -2773.346 1377.729 48.028 -2774.106 1380.032 82.610 -2772.542 cv-woodpoles
3316 1 94 2568 0 -1 0 1348.742 64.078 -2783.742 1348.065 46.563 -2784.773 1349.522 81.144 -2782.411 cv-woodpoles
3317 1 94 2570 0 -1 0 1380.443 62.276 -2785.428 1379.765 44.761 -2786.459 1381.223 79.342 -2784.097 cv-woodpoles
3318 1 94 2577 0 -1 0 1324.717 -19.853 -2785.922 1323.392 -36.919 -2786.706 1325.707 -2.338 -2785.185 cv-woodpoles
3319 1 94 2613 0 -1 0 1321.416 -34.879 -2760.283 1320.569 -52.019 -2760.863 1322.046 -17.290 -2759.425 cv-woodpoles
3320 1 94 2615 0 -1 0 1322.267 -15.798 -2761.201 1321.179 -32.926 -2761.721 1322.863 1.789 -2760.366 cv-woodpoles
3321 1 88 2792 0 -1 0 1369.973 -14.300 -2792.134 1368.597 -16.064 -2793.726 1371.600 -12.096 -2790.666 cmn-precursor-metal-plain-01
3322 1 88 2798 0 -1 0 1372.406 -14.309 -2764.949 1370.791 -16.073 -2766.418 1373.794 -12.104 -2763.358 cmn-precursor-metal-plain-01
3323 1 88 2799 0 -1 0 1375.594 -14.309 -2765.234 1373.965 -16.073 -2766.703 1376.984 -12.104 -2763.643 cmn-precursor-metal-plain-01
3324 1 94 2528 0 -1 0 1380.998 56.528 -2785.891 1380.301 40.739 -2786.877 1381.688 71.912 -2785.035 cv-woodpoles
3325 1 94 2530 0 -1 0 1391.086 45.797 -2766.425 1390.242 30.007 -2767.157 1392.074 61.181 -2765.748 cv-woodpoles
3326 1 94 2533 0 -1 0 1436.121 -3.370 -2730.831 1435.426 -17.482 -2731.558 1436.916 11.100 -2730.200 cv-woodpoles
3327 1 94 2534 0 -1 0 1424.962 -3.289 -2730.443 1424.179 -17.373 -2731.620 1425.774 11.166 -2729.574 cv-woodpoles
3328 1 94 2537 0 -1 0 1437.174 -23.426 -2740.676 1436.680 -37.535 -2741.595 1437.855 -8.957 -2739.706 cv-woodpoles
3329 1 94 2538 0 -1 0 1436.129 -22.395 -2730.284 1435.295 -36.504 -2731.022 1436.990 -7.926 -2729.661 cv-woodpoles
3330 1 94 2539 0 -1 0 1425.417 -21.609 -2730.719 1424.536 -35.717 -2731.439 1426.355 -7.139 -2730.162 cv-woodpoles
3331 1 94 2542 0 -1 0 1420.275 -19.742 -2737.224 1419.353 -36.562 -2738.443 1421.035 -2.468 -2736.658 cv-woodpoles
3332 1 94 2543 0 -1 0 1425.417 -39.877 -2730.719 1424.536 -53.986 -2731.439 1426.355 -25.408 -2730.162 cv-woodpoles
3333 1 94 2544 0 -1 0 1390.455 -40.275 -2730.287 1389.312 -54.328 -2731.081 1391.927 -25.828 -2729.645 cv-woodpoles
3334 1 94 2545 0 -1 0 1436.129 -38.334 -2730.284 1435.295 -52.443 -2731.022 1436.990 -23.864 -2729.661 cv-woodpoles
3335 1 94 2546 0 -1 0 1430.785 -37.159 -2730.264 1429.941 -53.230 -2730.935 1431.724 -20.671 -2729.755 cv-woodpoles
3336 1 94 2547 0 -1 0 1397.599 -25.976 -2730.086 1396.758 -40.084 -2730.823 1398.475 -11.506 -2729.482 cv-woodpoles
3337 1 94 2549 0 -1 0 1390.455 -25.892 -2730.557 1389.312 -39.945 -2731.350 1391.927 -11.445 -2729.914 cv-woodpoles
3338 1 94 2551 0 -1 0 1438.727 -23.579 -2751.887 1437.160 -37.653 -2752.958 1439.811 -9.186 -2750.862 cv-woodpoles
3339 1 94 2552 0 -1 0 1437.537 -23.940 -2760.244 1436.843 -38.044 -2761.030 1438.196 -9.460 -2759.348 cv-woodpoles
3340 1 94 2553 0 -1 0 1401.181 -24.542 -2761.977 1400.506 -38.651 -2762.786 1401.916 -10.072 -2761.163 cv-woodpoles
3341 1 94 2559 0 -1 0 1397.801 -24.516 -2778.969 1397.256 -38.625 -2779.860 1398.514 -10.047 -2778.021 cv-woodpoles
3342 1 94 2561 0 -1 0 1382.062 -22.353 -2798.149 1381.242 -36.462 -2798.886 1382.898 -7.884 -2797.495 cv-woodpoles
3343 1 94 2563 0 -1 0 1397.541 -24.844 -2798.200 1396.816 -38.950 -2799.066 1398.292 -10.383 -2797.276 cv-woodpoles
3344 1 94 2566 0 -1 0 1379.481 39.918 -2773.885 1378.621 24.129 -2774.530 1380.456 55.302 -2773.172 cv-woodpoles
3345 1 94 2567 0 -1 0 1379.597 59.796 -2772.847 1378.737 44.007 -2773.493 1380.571 75.180 -2772.135 cv-woodpoles
3346 1 94 2569 0 -1 0 1349.297 58.330 -2784.205 1348.601 42.541 -2785.191 1349.987 73.715 -2783.349 cv-woodpoles
3347 1 94 2571 0 -1 0 1353.446 46.266 -2784.397 1352.496 31.425 -2785.107 1354.340 60.736 -2783.854 cv-woodpoles
3348 1 94 2572 0 -1 0 1361.432 46.266 -2784.397 1360.482 31.425 -2785.107 1362.326 60.736 -2783.854 cv-woodpoles
3349 1 94 2573 0 -1 0 1369.432 46.266 -2784.397 1368.482 31.425 -2785.107 1370.326 60.736 -2783.854 cv-woodpoles
3350 1 94 2576 0 -1 0 1322.021 -12.573 -2741.821 1320.814 -26.651 -2742.728 1322.576 1.897 -2740.855 cv-woodpoles
3351 1 94 2578 0 -1 0 1325.142 5.772 -2785.394 1324.281 -9.612 -2786.101 1326.122 21.562 -2784.733 cv-woodpoles
3352 1 94 2584 0 -1 0 1375.799 -2.290 -2730.202 1375.315 -16.403 -2730.913 1376.458 12.184 -2729.381 cv-woodpoles
3353 1 94 2586 0 -1 0 1352.228 -24.732 -2729.877 1351.289 -38.841 -2730.434 1353.109 -10.262 -2729.157 cv-woodpoles
3354 1 94 2587 0 -1 0 1347.358 -25.191 -2730.303 1346.433 -39.300 -2730.872 1348.225 -10.722 -2729.576 cv-woodpoles
3355 1 94 2588 0 -1 0 1366.893 -23.322 -2730.007 1365.937 -37.430 -2730.541 1367.793 -8.852 -2729.302 cv-woodpoles
3356 1 94 2589 0 -1 0 1322.526 -25.296 -2748.763 1321.178 -39.374 -2749.464 1323.299 -10.826 -2747.960 cv-woodpoles
3357 1 94 2590 0 -1 0 1340.187 -27.209 -2730.859 1339.337 -41.317 -2731.595 1341.082 -12.739 -2730.272 cv-woodpoles
3358 1 94 2591 0 -1 0 1376.007 -29.938 -2730.295 1375.158 -44.047 -2731.031 1376.902 -15.469 -2729.708 cv-woodpoles
3359 1 94 2592 0 -1 0 1322.157 -16.598 -2751.842 1321.649 -30.706 -2752.754 1322.844 -2.128 -2750.875 cv-woodpoles
3360 1 94 2593 0 -1 0 1352.228 -33.720 -2728.890 1351.289 -47.829 -2729.447 1353.109 -19.251 -2728.170 cv-woodpoles
3361 1 94 2594 0 -1 0 1347.358 -31.586 -2729.059 1346.433 -45.694 -2729.628 1348.225 -17.116 -2728.332 cv-woodpoles
3362 1 94 2595 0 -1 0 1366.893 -37.706 -2730.007 1365.937 -51.815 -2730.541 1367.793 -23.237 -2729.302 cv-woodpoles
3363 1 94 2596 0 -1 0 1376.007 -37.460 -2729.386 1375.158 -51.569 -2730.122 1376.902 -22.991 -2728.799 cv-woodpoles
3364 1 94 2597 0 -1 0 1322.985 -37.314 -2750.726 1322.476 -51.423 -2751.639 1323.671 -22.845 -2749.759 cv-woodpoles
3365 1 94 2599 0 -1 0 1353.679 1.058 -2798.185 1353.158 -13.053 -2798.820 1354.392 15.535 -2797.561 cv-woodpoles
3366 1 94 2600 0 -1 0 1346.158 -5.068 -2790.109 1345.438 -19.177 -2791.047 1346.715 9.401 -2789.227 cv-woodpoles
3367 1 94 2603 0 -1 0 1354.212 -4.421 -2781.002 1353.641 -18.500 -2782.380 1354.881 10.009 -2779.828 cv-woodpoles
3368 1 94 2604 0 -1 0 1346.855 -21.020 -2790.468 1346.258 -35.129 -2791.311 1347.592 -6.550 -2789.587 cv-woodpoles
3369 1 94 2605 0 -1 0 1353.846 -24.092 -2789.709 1352.807 -38.186 -2790.406 1354.445 -9.613 -2788.825 cv-woodpoles
3370 1 94 2606 0 -1 0 1370.661 -21.940 -2798.554 1369.841 -36.049 -2799.291 1371.497 -7.471 -2797.901 cv-woodpoles
3371 1 94 2607 0 -1 0 1346.650 -24.292 -2776.858 1346.076 -38.401 -2777.717 1347.380 -9.822 -2775.939 cv-woodpoles
3372 1 94 2608 0 -1 0 1347.682 -28.545 -2799.827 1347.074 -42.661 -2800.539 1348.530 -14.078 -2799.093 cv-woodpoles
3373 1 94 2609 0 -1 0 1358.571 -28.545 -2799.827 1357.964 -42.661 -2800.539 1359.420 -14.078 -2799.093 cv-woodpoles
3374 1 94 2610 0 -1 0 1354.243 -23.076 -2780.701 1353.693 -37.178 -2781.674 1354.953 -8.605 -2779.780 cv-woodpoles
3375 1 94 2611 0 -1 0 1353.802 -16.062 -2797.225 1353.224 -30.177 -2797.854 1354.434 -1.581 -2796.383 cv-woodpoles
3376 1 94 2612 0 -1 0 1322.734 -10.288 -2775.943 1322.225 -24.397 -2776.856 1323.420 4.181 -2774.976 cv-woodpoles
3377 1 94 2614 0 -1 0 1323.561 -31.005 -2774.827 1323.053 -45.113 -2775.740 1324.248 -16.535 -2773.860 cv-woodpoles
3378 1 94 2617 0 -1 0 1397.827 -24.831 -2805.744 1396.918 -38.935 -2806.480 1398.754 -10.374 -2804.989 cv-woodpoles
3379 1 94 2618 0 -1 0 1381.059 34.342 -2822.552 1380.336 19.900 -2823.532 1381.486 48.448 -2821.461 cv-woodpoles
3380 1 94 2621 0 -1 0 1347.682 -27.111 -2805.422 1347.074 -41.227 -2806.134 1348.530 -12.645 -2804.689 cv-woodpoles
3381 1 94 2622 0 -1 0 1358.442 -27.111 -2805.717 1357.834 -41.227 -2806.430 1359.291 -12.645 -2804.984 cv-woodpoles
3382 1 94 2623 0 -1 0 1369.890 -21.742 -2805.698 1369.034 -35.848 -2806.408 1370.800 -7.270 -2805.190 cv-woodpoles
3383 1 94 2624 0 -1 0 1341.909 -33.438 -2834.100 1341.077 -47.548 -2834.946 1342.481 -18.981 -2833.377 cv-woodpoles
3384 1 94 2625 0 -1 0 1307.474 -16.910 -2837.393 1306.722 -31.016 -2838.499 1307.947 -2.468 -2836.428 cv-woodpoles
3385 1 94 2626 0 -1 0 1307.020 -36.517 -2837.315 1306.159 -50.626 -2837.939 1307.854 -22.048 -2836.577 cv-woodpoles
3386 1 94 2627 0 -1 0 1317.328 -24.273 -2834.037 1316.576 -38.380 -2835.142 1317.801 -9.831 -2833.072 cv-woodpoles
3387 1 94 2628 0 -1 0 1299.077 -8.957 -2858.830 1297.958 -23.063 -2859.359 1300.018 5.486 -2858.045 cv-woodpoles
3388 1 94 2629 0 -1 0 1307.330 -8.422 -2863.624 1306.863 -22.536 -2864.341 1308.043 6.046 -2862.925 cv-woodpoles
3389 1 94 2630 0 -1 0 1301.111 -11.319 -2848.789 1300.080 -25.425 -2849.323 1302.116 3.124 -2848.076 cv-woodpoles
3390 1 94 2631 0 -1 0 1311.434 -18.123 -2844.543 1310.633 -32.229 -2845.529 1312.135 -3.680 -2843.636 cv-woodpoles
3391 1 94 2632 0 -1 0 1290.101 -6.211 -2864.817 1289.672 -20.326 -2865.540 1290.824 8.259 -2864.193 cv-woodpoles
3392 1 94 2633 0 -1 0 1293.337 -4.557 -2870.090 1292.680 -18.673 -2870.811 1294.052 9.909 -2869.349 cv-woodpoles
3393 1 94 2634 0 -1 0 1297.272 -10.614 -2843.196 1296.520 -24.720 -2844.302 1297.746 3.829 -2842.231 cv-woodpoles
3394 1 94 2635 0 -1 0 1307.635 -37.700 -2862.051 1306.788 -51.805 -2862.700 1308.430 -23.219 -2861.408 cv-woodpoles
3395 1 94 2636 0 -1 0 1300.599 -40.630 -2848.333 1299.871 -54.738 -2849.111 1301.362 -26.160 -2847.558 cv-woodpoles
3396 1 94 2637 0 -1 0 1311.876 -37.730 -2844.389 1311.189 -51.838 -2845.212 1312.577 -23.260 -2843.545 cv-woodpoles
3397 1 94 2638 0 -1 0 1299.187 -28.564 -2858.375 1298.597 -42.672 -2859.222 1299.923 -14.094 -2857.484 cv-woodpoles
3398 1 94 2639 0 -1 0 1307.690 -28.021 -2862.897 1306.843 -42.126 -2863.546 1308.485 -13.540 -2862.254 cv-woodpoles
3399 1 94 2640 0 -1 0 1301.089 -30.926 -2848.333 1300.362 -45.035 -2849.112 1301.852 -16.456 -2847.558 cv-woodpoles
3400 1 94 2641 0 -1 0 1319.787 -22.521 -2842.113 1319.186 -36.627 -2843.026 1320.617 -8.079 -2840.983 cv-woodpoles
3401 1 94 2642 0 -1 0 1342.065 -32.748 -2842.435 1340.558 -46.793 -2843.199 1343.450 -18.370 -2841.360 cv-woodpoles
3402 1 94 2643 0 -1 0 1296.717 -39.925 -2843.598 1295.856 -54.034 -2844.222 1297.551 -25.455 -2842.860 cv-woodpoles
3403 1 94 2644 0 -1 0 1290.555 -25.843 -2864.296 1289.734 -39.949 -2865.030 1291.390 -11.377 -2863.651 cv-woodpoles
3404 1 94 2645 0 -1 0 1290.555 -36.114 -2864.281 1289.734 -50.220 -2865.014 1291.390 -21.648 -2863.635 cv-woodpoles
3405 1 94 2646 0 -1 0 1293.884 -24.170 -2869.446 1293.106 -38.278 -2870.210 1294.659 -9.700 -2868.718 cv-woodpoles
3406 1 94 2647 0 -1 0 1293.884 -34.530 -2869.446 1293.106 -48.639 -2870.210 1294.659 -20.061 -2868.718 cv-woodpoles
3407 1 94 2648 0 -1 0 1296.818 -30.221 -2843.118 1295.957 -44.330 -2843.742 1297.652 -15.752 -2842.380 cv-woodpoles
3408 1 94 2649 0 -1 0 1298.707 -37.897 -2858.315 1298.118 -52.006 -2859.163 1299.443 -23.428 -2857.424 cv-woodpoles
3409 1 94 2651 0 -1 0 1418.818 17.705 -2715.560 1417.872 17.206 -2730.403 1419.699 18.408 -2701.089 cv-woodpoles
3410 1 94 2653 0 -1 0 1391.270 17.603 -2715.109 1390.325 17.104 -2729.952 1392.151 18.306 -2700.638 cv-woodpoles
3411 1 94 2654 0 -1 0 1359.444 17.544 -2715.298 1358.498 17.045 -2730.141 1360.325 18.246 -2700.827 cv-woodpoles
3412 1 94 2655 0 -1 0 1307.350 17.620 -2754.312 1292.879 17.121 -2755.258 1322.193 18.322 -2753.431 cv-woodpoles
3413 1 94 2656 0 -1 0 1307.350 17.620 -2762.289 1292.879 17.121 -2763.234 1322.193 18.322 -2761.408 cv-woodpoles
3414 1 94 2657 0 -1 0 1307.350 17.620 -2770.286 1292.879 17.121 -2771.232 1322.193 18.322 -2769.405 cv-woodpoles
3415 1 94 2658 0 -1 0 1307.350 24.671 -2754.312 1292.879 24.172 -2755.258 1322.193 25.373 -2753.431 cv-woodpoles
3416 1 94 2659 0 -1 0 1307.350 24.671 -2762.289 1292.879 24.172 -2763.234 1322.193 25.373 -2761.408 cv-woodpoles
3417 1 94 2660 0 -1 0 1307.350 24.671 -2770.286 1292.879 24.172 -2771.232 1322.193 25.373 -2769.405 cv-woodpoles
3418 1 94 2661 0 -1 0 1307.350 32.694 -2770.286 1292.879 32.195 -2771.232 1322.193 33.396 -2769.405 cv-woodpoles
3419 1 94 2662 0 -1 0 1420.069 5.272 -2837.836 1419.188 4.773 -2852.308 1421.015 5.975 -2822.994 cv-woodpoles
3420 1 94 2663 0 -1 0 1428.058 5.272 -2837.836 1427.177 4.773 -2852.308 1429.004 5.975 -2822.994 cv-woodpoles
3421 1 94 2664 0 -1 0 1420.069 13.545 -2837.836 1419.188 13.046 -2852.308 1421.015 14.248 -2822.994 cv-woodpoles
3422 1 94 2665 0 -1 0 1428.058 13.545 -2837.836 1427.177 13.046 -2852.308 1429.004 14.248 -2822.994 cv-woodpoles
3423 1 94 2666 0 -1 0 1411.793 5.272 -2837.836 1410.912 4.773 -2852.308 1412.739 5.975 -2822.994 cv-woodpoles
3424 1 94 2667 0 -1 0 1403.479 5.272 -2837.836 1402.598 4.773 -2852.308 1404.425 5.975 -2822.994 cv-woodpoles
3425 1 94 2668 0 -1 0 1403.479 13.545 -2837.836 1402.598 13.046 -2852.308 1404.425 14.248 -2822.994 cv-woodpoles
3426 1 94 2670 0 -1 0 1403.479 -3.047 -2837.836 1402.598 -3.546 -2852.308 1404.425 -2.345 -2822.994 cv-woodpoles
3427 1 94 2671 0 -1 0 1411.793 -3.047 -2837.836 1410.912 -3.546 -2852.308 1412.739 -2.345 -2822.994 cv-woodpoles
3428 1 94 2672 0 -1 0 1420.069 -3.047 -2837.836 1419.188 -3.546 -2852.308 1421.015 -2.345 -2822.994 cv-woodpoles
3429 1 94 2673 0 -1 0 1428.058 -3.047 -2837.836 1427.177 -3.546 -2852.308 1429.004 -2.345 -2822.994 cv-woodpoles
3430 1 30 2808 0 -1 0 1366.238 22.986 -2778.096 1363.413 20.674 -2780.475 1368.003 24.034 -2775.620 environment-darkcave
3431 1 46 2332 0 -1 0 1381.339 4.389 -2798.882 1380.853 3.474 -2799.361 1381.730 5.323 -2798.473 cv-torch-02
3432 1 46 2333 0 -1 0 1396.992 -6.819 -2730.960 1396.607 -7.653 -2731.643 1397.277 -5.953 -2730.331 cv-torch-02
3433 1 46 2336 0 -1 0 1352.667 1.697 -2789.244 1352.128 0.778 -2789.564 1353.113 2.633 -2788.828 cv-torch-02
3434 1 46 2339 0 -1 0 1353.863 -8.536 -2798.805 1353.472 -9.450 -2799.284 1354.349 -7.602 -2798.396 cv-torch-02
3435 1 46 2340 0 -1 0 1326.434 -4.987 -2785.423 1325.717 -5.703 -2785.901 1327.206 -4.214 -2785.014 cv-torch-02
3436 1 46 2342 0 -1 0 1292.034 12.630 -2869.956 1291.847 11.642 -2870.115 1292.222 13.595 -2869.771 cv-torch-02
3437 1 30 2794 0 -1 0 1374.270 5.357 -2764.842 1371.411 2.068 -2766.196 1376.919 8.646 -2763.351 environment-darkcave
3438 1 30 2784 0 -1 0 1374.099 4.841 -2766.710 1370.861 0.411 -2769.948 1377.333 10.818 -2763.475 environment-darkcave
3439 1 94 2550 0 -1 0 1390.245 -21.315 -2745.756 1389.145 -39.315 -2746.599 1390.838 -2.832 -2744.825 cv-woodpoles
3440 1 55 2750 0 -1 0 1215.483 -18.799 -2959.870 1215.225 -19.419 -2960.581 1215.874 -18.152 -2959.178 cv-bluecrystal
3441 1 30 2750 0 -1 0 1215.483 -18.799 -2959.870 1215.225 -19.419 -2960.581 1215.874 -18.152 -2959.178 environment-darkcave
3442 1 88 2794 0 -1 0 1374.257 5.357 -2764.989 1371.411 2.068 -2766.196 1376.919 8.646 -2763.553 cmn-precursor-metal-plain-01
3443 1 45 2681 0 -1 0 1374.100 -9.526 -2766.708 1370.969 -9.526 -2769.824 1377.225 -9.526 -2763.584 pbot-black
3444 1 103 2808 0 -1 0 1366.416 23.477 -2778.112 1364.891 22.924 -2779.715 1367.941 24.034 -2776.509 cv-robo-precursor-metal-plain-01dk
3445 1 85 2682 0 -1 938 1427.626 -43.607 -2819.519 1424.654 -43.607 -2822.503 1430.623 -43.607 -2816.534 cmn-precursor-blue
3446 1 85 2683 0 -1 938 1199.476 -25.913 -2972.131 1196.505 -25.945 -2975.115 1202.472 -25.881 -2969.148 cmn-precursor-blue
3447 1 30 2681 0 -1 0 1374.127 -4.622 -2766.361 1369.694 -12.073 -2770.368 1378.516 1.552 -2762.293 environment-darkcave
3448 1 94 2650 0 -1 0 1283.719 -30.853 -2863.575 1273.519 -33.691 -2873.142 1294.459 -27.639 -2854.264 cv-woodpoles
3449 1 55 2685 0 -1 0 1465.488 24.444 -2763.890 1464.949 23.822 -2764.678 1466.300 25.108 -2763.292 cv-bluecrystal
3450 1 55 2690 0 -1 0 1348.067 19.447 -2717.914 1347.495 18.855 -2718.488 1348.835 20.082 -2717.128 cv-bluecrystal
3451 1 55 2695 0 -1 0 1305.057 37.705 -2766.002 1304.259 37.049 -2766.713 1305.451 38.373 -2765.234 cv-bluecrystal
3452 1 55 2700 0 -1 0 1270.817 12.513 -2795.138 1270.026 11.735 -2795.765 1271.467 13.354 -2794.231 cv-bluecrystal
3453 1 55 2705 0 -1 0 1322.019 -22.101 -2713.835 1321.139 -22.927 -2714.503 1322.850 -21.257 -2712.934 cv-bluecrystal
3454 1 55 2710 0 -1 0 1436.383 6.543 -2842.481 1435.721 5.853 -2843.333 1437.015 7.210 -2842.083 cv-bluecrystal
3455 1 55 2715 0 -1 0 1446.571 20.674 -2807.851 1446.184 20.002 -2808.577 1447.324 21.330 -2807.077 cv-bluecrystal
3456 1 55 2720 0 -1 0 1408.370 27.992 -2844.144 1407.791 27.308 -2844.934 1408.997 28.680 -2843.623 cv-bluecrystal
3457 1 55 2725 0 -1 0 1430.856 -30.564 -2807.898 1430.193 -31.282 -2808.369 1431.477 -29.792 -2807.089 cv-bluecrystal
3458 1 55 2730 0 -1 0 1404.409 -37.250 -2841.826 1403.569 -38.450 -2842.937 1405.229 -36.504 -2841.111 cv-bluecrystal
3459 1 55 2735 0 -1 0 1372.530 -5.742 -2841.005 1372.069 -6.362 -2841.682 1373.373 -5.095 -2840.258 cv-bluecrystal
3460 1 55 2740 0 -1 0 1238.749 -18.044 -2870.615 1238.079 -18.705 -2871.092 1239.431 -17.386 -2869.754 cv-bluecrystal
3461 1 55 2745 0 -1 0 1233.626 -12.831 -2924.606 1233.188 -13.529 -2925.319 1234.390 -12.176 -2923.936 cv-bluecrystal
3462 1 55 2749 0 -1 0 1215.060 -20.266 -2959.247 1214.688 -21.181 -2960.172 1215.564 -19.310 -2958.233 cv-bluecrystal
3463 1 55 2751 0 -1 0 1215.212 -19.893 -2960.456 1215.031 -20.362 -2960.890 1215.609 -19.378 -2960.029 cv-bluecrystal
3464 1 55 2752 0 -1 0 1215.265 -18.786 -2961.555 1214.978 -19.533 -2962.346 1215.963 -17.956 -2960.741 cv-bluecrystal
3465 1 55 2754 0 -1 0 1192.820 -13.923 -2962.317 1191.972 -14.793 -2962.901 1193.672 -12.969 -2961.483 cv-bluecrystal
3466 1 55 2755 0 -1 0 1193.783 -14.827 -2961.307 1193.173 -15.479 -2961.854 1194.469 -14.211 -2960.776 cv-bluecrystal
3467 1 55 2756 0 -1 0 1192.601 -15.049 -2961.710 1192.164 -15.452 -2962.050 1193.092 -14.591 -2961.099 cv-bluecrystal
3468 1 30 2685 0 -1 0 1465.488 24.444 -2763.890 1464.949 23.822 -2764.678 1466.300 25.108 -2763.292 environment-darkcave
3469 1 30 2690 0 -1 0 1348.067 19.447 -2717.914 1347.495 18.855 -2718.488 1348.835 20.082 -2717.128 environment-darkcave
3470 1 30 2695 0 -1 0 1305.057 37.705 -2766.002 1304.259 37.049 -2766.713 1305.451 38.373 -2765.234 environment-darkcave
3471 1 30 2700 0 -1 0 1270.817 12.513 -2795.138 1270.026 11.735 -2795.765 1271.467 13.354 -2794.231 environment-darkcave
3472 1 30 2705 0 -1 0 1322.019 -22.101 -2713.835 1321.139 -22.927 -2714.503 1322.850 -21.257 -2712.934 environment-darkcave
3473 1 30 2710 0 -1 0 1436.383 6.543 -2842.481 1435.721 5.853 -2843.333 1437.015 7.210 -2842.083 environment-darkcave
3474 1 30 2715 0 -1 0 1446.571 20.674 -2807.851 1446.184 20.002 -2808.577 1447.324 21.330 -2807.077 environment-darkcave
3475 1 30 2720 0 -1 0 1408.370 27.992 -2844.144 1407.791 27.308 -2844.934 1408.997 28.680 -2843.623 environment-darkcave
3476 1 30 2725 0 -1 0 1430.856 -30.564 -2807.898 1430.193 -31.282 -2808.369 1431.477 -29.792 -2807.089 environment-darkcave
3477 1 30 2730 0 -1 0 1404.409 -37.250 -2841.826 1403.569 -38.450 -2842.937 1405.229 -36.504 -2841.111 environment-darkcave
3478 1 30 2735 0 -1 0 1372.530 -5.742 -2841.005 1372.069 -6.362 -2841.682 1373.373 -5.095 -2840.258 environment-darkcave
3479 1 30 2740 0 -1 0 1238.749 -18.044 -2870.615 1238.079 -18.705 -2871.092 1239.431 -17.386 -2869.754 environment-darkcave
3480 1 30 2745 0 -1 0 1233.626 -12.831 -2924.606 1233.188 -13.529 -2925.319 1234.390 -12.176 -2923.936 environment-darkcave
3481 1 30 2749 0 -1 0 1215.060 -20.266 -2959.247 1214.688 -21.181 -2960.172 1215.564 -19.310 -2958.233 environment-darkcave
3482 1 30 2751 0 -1 0 1215.212 -19.893 -2960.456 1215.031 -20.362 -2960.890 1215.609 -19.378 -2960.029 environment-darkcave
3483 1 30 2752 0 -1 0 1215.265 -18.786 -2961.555 1214.978 -19.533 -2962.346 1215.963 -17.956 -2960.741 environment-darkcave
3484 1 30 2754 0 -1 0 1192.820 -13.923 -2962.317 1191.972 -14.793 -2962.901 1193.672 -12.969 -2961.483 environment-darkcave
3485 1 30 2755 0 -1 0 1193.783 -14.827 -2961.307 1193.173 -15.479 -2961.854 1194.469 -14.211 -2960.776 environment-darkcave
3486 1 30 2756 0 -1 0 1192.601 -15.049 -2961.710 1192.164 -15.452 -2962.050 1193.092 -14.591 -2961.099 environment-darkcave
3487 1 55 2684 0 -1 0 1464.780 23.121 -2764.610 1464.014 22.128 -2765.490 1465.751 24.010 -2763.930 cv-bluecrystal
3488 1 55 2687 0 -1 0 1464.631 25.786 -2764.391 1463.958 24.955 -2765.383 1465.968 26.570 -2763.630 cv-bluecrystal
3489 1 55 2689 0 -1 0 1348.375 18.018 -2718.710 1347.669 17.092 -2719.490 1349.315 18.927 -2717.753 cv-bluecrystal
3490 1 55 2692 0 -1 0 1348.782 20.664 -2718.807 1348.026 19.898 -2719.483 1349.866 21.461 -2717.514 cv-bluecrystal
3491 1 55 2694 0 -1 0 1305.218 39.238 -2766.629 1304.345 38.297 -2767.497 1305.826 40.188 -2765.641 cv-bluecrystal
3492 1 55 2697 0 -1 0 1305.615 36.644 -2767.164 1304.299 35.926 -2767.923 1306.288 37.432 -2766.321 cv-bluecrystal
3493 1 55 2699 0 -1 0 1269.323 11.935 -2796.024 1268.329 10.971 -2796.813 1270.258 13.032 -2794.830 cv-bluecrystal
3494 1 55 2704 0 -1 0 1321.013 -23.695 -2714.715 1319.805 -24.874 -2715.409 1322.121 -22.465 -2713.490 cv-bluecrystal
3495 1 55 2707 0 -1 0 1324.000 -22.704 -2713.575 1322.816 -23.682 -2714.238 1325.062 -21.697 -2711.904 cv-bluecrystal
3496 1 55 2709 0 -1 0 1434.843 6.043 -2842.861 1434.017 5.092 -2843.818 1435.795 6.922 -2842.330 cv-bluecrystal
3497 1 55 2712 0 -1 0 1436.418 8.200 -2842.676 1435.718 7.313 -2843.903 1437.401 8.997 -2841.981 cv-bluecrystal
3498 1 55 2714 0 -1 0 1446.510 19.139 -2808.491 1445.949 18.189 -2809.389 1447.324 20.080 -2807.483 cv-bluecrystal
3499 1 55 2717 0 -1 0 1446.142 21.727 -2809.074 1445.449 20.939 -2809.843 1447.402 22.439 -2808.249 cv-bluecrystal
3500 1 55 2719 0 -1 0 1406.980 28.531 -2843.404 1406.039 27.682 -2844.395 1407.878 29.372 -2842.656 cv-bluecrystal
3501 1 55 2722 0 -1 0 1409.633 28.877 -2843.507 1408.863 28.056 -2844.884 1410.444 29.740 -2842.885 cv-bluecrystal
3502 1 55 2724 0 -1 0 1429.696 -31.197 -2806.888 1429.015 -32.079 -2807.609 1430.685 -30.199 -2805.968 cv-bluecrystal
3503 1 55 2727 0 -1 0 1431.236 -31.753 -2809.007 1430.667 -32.517 -2809.784 1432.507 -30.916 -2807.870 cv-bluecrystal
3504 1 55 2729 0 -1 0 1402.490 -36.647 -2842.360 1401.303 -38.006 -2843.663 1403.666 -35.563 -2841.519 cv-bluecrystal
3505 1 55 2734 0 -1 0 1372.190 -7.229 -2840.341 1371.495 -8.136 -2841.205 1373.133 -6.275 -2839.378 cv-bluecrystal
3506 1 55 2737 0 -1 0 1371.774 -5.690 -2842.493 1371.120 -6.425 -2843.160 1373.141 -4.878 -2841.677 cv-bluecrystal
3507 1 55 2739 0 -1 0 1237.734 -16.761 -2870.918 1236.867 -17.633 -2871.641 1238.598 -15.780 -2869.959 cv-bluecrystal
3508 1 55 2742 0 -1 0 1238.161 -19.344 -2871.483 1237.404 -20.067 -2872.159 1238.968 -18.505 -2870.111 cv-bluecrystal
3509 1 55 2744 0 -1 0 1233.345 -11.707 -2923.412 1232.795 -12.632 -2924.396 1234.231 -10.679 -2922.473 cv-bluecrystal
3510 1 55 2747 0 -1 0 1233.308 -14.330 -2923.946 1232.670 -15.145 -2924.719 1234.632 -13.485 -2923.166 cv-bluecrystal
3511 1 55 2753 0 -1 0 1214.755 -20.862 -2960.774 1214.455 -21.612 -2961.327 1215.284 -20.289 -2960.233 cv-bluecrystal
3512 1 55 2758 0 -1 0 1191.689 -15.115 -2962.461 1191.007 -15.678 -2962.933 1192.194 -14.549 -2961.694 cv-bluecrystal
3513 1 30 2684 0 -1 0 1464.780 23.121 -2764.610 1464.014 22.128 -2765.490 1465.751 24.010 -2763.930 environment-darkcave
3514 1 30 2687 0 -1 0 1464.631 25.786 -2764.391 1463.958 24.955 -2765.383 1465.968 26.570 -2763.630 environment-darkcave
3515 1 30 2689 0 -1 0 1348.375 18.018 -2718.710 1347.669 17.092 -2719.490 1349.315 18.927 -2717.753 environment-darkcave
3516 1 30 2692 0 -1 0 1348.782 20.664 -2718.807 1348.026 19.898 -2719.483 1349.866 21.461 -2717.514 environment-darkcave
3517 1 30 2694 0 -1 0 1305.218 39.238 -2766.629 1304.345 38.297 -2767.497 1305.826 40.188 -2765.641 environment-darkcave
3518 1 30 2697 0 -1 0 1305.615 36.644 -2767.164 1304.299 35.926 -2767.923 1306.288 37.432 -2766.321 environment-darkcave
3519 1 30 2699 0 -1 0 1269.323 11.935 -2796.024 1268.329 10.971 -2796.813 1270.258 13.032 -2794.830 environment-darkcave
3520 1 30 2704 0 -1 0 1321.013 -23.695 -2714.715 1319.805 -24.874 -2715.409 1322.121 -22.465 -2713.490 environment-darkcave
3521 1 30 2707 0 -1 0 1324.000 -22.704 -2713.575 1322.816 -23.682 -2714.238 1325.062 -21.697 -2711.904 environment-darkcave
3522 1 30 2709 0 -1 0 1434.843 6.043 -2842.861 1434.017 5.092 -2843.818 1435.795 6.922 -2842.330 environment-darkcave
3523 1 30 2712 0 -1 0 1436.418 8.200 -2842.676 1435.718 7.313 -2843.903 1437.401 8.997 -2841.981 environment-darkcave
3524 1 30 2714 0 -1 0 1446.510 19.139 -2808.491 1445.949 18.189 -2809.389 1447.324 20.080 -2807.483 environment-darkcave
3525 1 30 2717 0 -1 0 1446.142 21.727 -2809.074 1445.449 20.939 -2809.843 1447.402 22.439 -2808.249 environment-darkcave
3526 1 30 2719 0 -1 0 1406.980 28.531 -2843.404 1406.039 27.682 -2844.395 1407.878 29.372 -2842.656 environment-darkcave
3527 1 30 2722 0 -1 0 1409.633 28.877 -2843.507 1408.863 28.056 -2844.884 1410.444 29.740 -2842.885 environment-darkcave
3528 1 30 2724 0 -1 0 1429.696 -31.197 -2806.888 1429.015 -32.079 -2807.609 1430.685 -30.199 -2805.968 environment-darkcave
3529 1 30 2727 0 -1 0 1431.236 -31.753 -2809.007 1430.667 -32.517 -2809.784 1432.507 -30.916 -2807.870 environment-darkcave
3530 1 30 2729 0 -1 0 1402.490 -36.647 -2842.360 1401.303 -38.006 -2843.663 1403.666 -35.563 -2841.519 environment-darkcave
3531 1 30 2734 0 -1 0 1372.190 -7.229 -2840.341 1371.495 -8.136 -2841.205 1373.133 -6.275 -2839.378 environment-darkcave
3532 1 30 2737 0 -1 0 1371.774 -5.690 -2842.493 1371.120 -6.425 -2843.160 1373.141 -4.878 -2841.677 environment-darkcave
3533 1 30 2739 0 -1 0 1237.734 -16.761 -2870.918 1236.867 -17.633 -2871.641 1238.598 -15.780 -2869.959 environment-darkcave
3534 1 30 2742 0 -1 0 1238.161 -19.344 -2871.483 1237.404 -20.067 -2872.159 1238.968 -18.505 -2870.111 environment-darkcave
3535 1 30 2744 0 -1 0 1233.345 -11.707 -2923.412 1232.795 -12.632 -2924.396 1234.231 -10.679 -2922.473 environment-darkcave
3536 1 30 2747 0 -1 0 1233.308 -14.330 -2923.946 1232.670 -15.145 -2924.719 1234.632 -13.485 -2923.166 environment-darkcave
3537 1 30 2753 0 -1 0 1214.755 -20.862 -2960.774 1214.455 -21.612 -2961.327 1215.284 -20.289 -2960.233 environment-darkcave
3538 1 30 2758 0 -1 0 1191.689 -15.115 -2962.461 1191.007 -15.678 -2962.933 1192.194 -14.549 -2961.694 environment-darkcave
3539 1 103 2809 0 -1 0 1372.171 12.594 -2788.333 1367.872 7.547 -2791.322 1377.068 16.797 -2784.593 cv-robo-precursor-metal-plain-01dk
3540 1 103 2810 0 -1 0 1373.891 12.594 -2769.104 1368.997 7.547 -2772.843 1378.193 16.797 -2766.114 cv-robo-precursor-metal-plain-01dk
3541 1 30 2789 0 -1 0 1372.017 5.063 -2791.039 1368.714 0.420 -2793.936 1375.187 10.826 -2787.464 environment-darkcave
3542 1 32 2677 0 -1 0 1364.135 11.174 -2773.711 1363.525 9.859 -2774.923 1365.354 12.312 -2772.416 cv-robo-blue-01
3543 1 32 2678 0 -1 0 1363.388 11.174 -2782.066 1362.859 9.859 -2783.557 1364.432 12.312 -2780.836 cv-robo-blue-01
3544 1 30 2677 0 -1 0 1364.135 11.174 -2773.711 1363.525 9.859 -2774.923 1365.354 12.312 -2772.416 environment-darkcave
3545 1 30 2678 0 -1 0 1363.388 11.174 -2782.066 1362.859 9.859 -2783.557 1364.432 12.312 -2780.836 environment-darkcave
3546 1 88 2769 0 -1 0 1199.477 -25.837 -2967.784 1198.738 -26.203 -2968.464 1200.222 -25.452 -2967.066 cmn-precursor-metal-plain-01
3547 1 88 2771 0 -1 0 1196.410 -25.844 -2969.066 1195.785 -26.211 -2970.036 1197.395 -25.458 -2968.394 cmn-precursor-metal-plain-01
3548 1 88 2773 0 -1 0 1202.554 -25.857 -2969.053 1201.581 -26.226 -2970.036 1203.221 -25.469 -2968.426 cmn-precursor-metal-plain-01
3549 1 30 2769 0 -1 0 1199.477 -25.837 -2967.784 1198.738 -26.203 -2968.464 1200.222 -25.452 -2967.066 environment-darkcave
3550 1 30 2771 0 -1 0 1196.410 -25.844 -2969.066 1195.785 -26.211 -2970.036 1197.395 -25.458 -2968.394 environment-darkcave
3551 1 30 2773 0 -1 0 1202.554 -25.857 -2969.053 1201.581 -26.226 -2970.036 1203.221 -25.469 -2968.426 environment-darkcave
3552 1 30 2787 0 -1 0 1373.685 -13.416 -2768.540 1372.088 -16.979 -2769.755 1375.605 -11.432 -2766.548 environment-darkcave
3553 1 103 2803 0 -1 0 1377.562 20.902 -2777.422 1373.493 16.906 -2779.301 1381.703 23.031 -2775.273 cv-robo-precursor-metal-plain-01dk
3554 1 30 2803 0 -1 0 1377.562 20.902 -2777.422 1373.493 16.906 -2779.301 1381.703 23.031 -2775.273 environment-darkcave
3555 1 103 2804 0 -1 0 1377.208 20.968 -2780.759 1373.164 16.906 -2782.855 1381.613 23.031 -2778.945 cv-robo-precursor-metal-plain-01dk
3556 1 30 2804 0 -1 0 1377.208 20.968 -2780.759 1373.164 16.906 -2782.855 1381.613 23.031 -2778.945 environment-darkcave
3557 1 88 2793 0 -1 0 1370.007 -16.813 -2791.748 1369.346 -18.377 -2792.356 1370.855 -16.299 -2790.718 cmn-precursor-metal-plain-01
3558 1 30 2680 0 -1 0 1371.889 -4.802 -2791.382 1367.547 -12.064 -2795.119 1376.370 1.561 -2787.293 environment-darkcave
3559 1 88 2796 0 -1 0 1375.559 -16.821 -2765.621 1374.726 -18.386 -2766.651 1376.220 -16.307 -2765.012 cmn-precursor-metal-plain-01
3560 1 88 2797 0 -1 0 1372.370 -16.821 -2765.335 1371.536 -18.386 -2766.367 1373.046 -16.307 -2764.727 cmn-precursor-metal-plain-01
3561 1 42 2493 0 -1 0 1312.356 -21.152 -2864.038 1309.840 -24.211 -2868.115 1315.380 -15.565 -2860.703 cv-stal-01
3562 1 55 2686 0 -1 0 1464.742 24.384 -2764.914 1464.395 23.917 -2765.539 1465.488 24.830 -2764.427 cv-bluecrystal
3563 1 55 2691 0 -1 0 1348.965 19.175 -2718.768 1348.505 18.735 -2719.123 1349.606 19.620 -2718.049 cv-bluecrystal
3564 1 55 2696 0 -1 0 1305.170 38.076 -2767.209 1304.426 37.625 -2767.688 1305.488 38.545 -2766.721 cv-bluecrystal
3565 1 55 2706 0 -1 0 1322.403 -23.639 -2713.876 1321.741 -24.188 -2714.369 1322.904 -23.041 -2712.932 cv-bluecrystal
3566 1 55 2711 0 -1 0 1435.490 7.128 -2843.165 1435.028 6.643 -2843.898 1436.058 7.541 -2842.765 cv-bluecrystal
3567 1 55 2716 0 -1 0 1446.610 20.301 -2809.063 1446.277 19.830 -2809.546 1447.324 20.752 -2808.593 cv-bluecrystal
3568 1 55 2721 0 -1 0 1408.148 29.084 -2843.539 1407.712 28.585 -2844.313 1408.594 29.621 -2843.189 cv-bluecrystal
3569 1 55 2726 0 -1 0 1430.560 -31.775 -2807.669 1430.146 -32.256 -2808.032 1431.262 -31.293 -2806.994 cv-bluecrystal
3570 1 55 2736 0 -1 0 1372.153 -6.812 -2841.571 1371.844 -7.282 -2841.981 1372.923 -6.296 -2841.070 cv-bluecrystal
3571 1 55 2741 0 -1 0 1237.556 -18.042 -2871.047 1237.075 -18.473 -2871.357 1238.062 -17.562 -2870.279 cv-bluecrystal
3572 1 55 2746 0 -1 0 1233.583 -12.982 -2923.348 1233.236 -13.421 -2923.828 1234.329 -12.541 -2922.888 cv-bluecrystal
3573 1 55 2757 0 -1 0 1193.113 -16.326 -2961.200 1192.375 -17.143 -2961.690 1193.880 -15.521 -2960.102 cv-bluecrystal
3574 1 30 2686 0 -1 0 1464.742 24.384 -2764.914 1464.395 23.917 -2765.539 1465.488 24.830 -2764.427 environment-darkcave
3575 1 30 2691 0 -1 0 1348.965 19.175 -2718.768 1348.505 18.735 -2719.123 1349.606 19.620 -2718.049 environment-darkcave
3576 1 30 2696 0 -1 0 1305.170 38.076 -2767.209 1304.426 37.625 -2767.688 1305.488 38.545 -2766.721 environment-darkcave
3577 1 30 2706 0 -1 0 1322.403 -23.639 -2713.876 1321.741 -24.188 -2714.369 1322.904 -23.041 -2712.932 environment-darkcave
3578 1 30 2711 0 -1 0 1435.490 7.128 -2843.165 1435.028 6.643 -2843.898 1436.058 7.541 -2842.765 environment-darkcave
3579 1 30 2716 0 -1 0 1446.610 20.301 -2809.063 1446.277 19.830 -2809.546 1447.324 20.752 -2808.593 environment-darkcave
3580 1 30 2721 0 -1 0 1408.148 29.084 -2843.539 1407.712 28.585 -2844.313 1408.594 29.621 -2843.189 environment-darkcave
3581 1 30 2726 0 -1 0 1430.560 -31.775 -2807.669 1430.146 -32.256 -2808.032 1431.262 -31.293 -2806.994 environment-darkcave
3582 1 30 2736 0 -1 0 1372.153 -6.812 -2841.571 1371.844 -7.282 -2841.981 1372.923 -6.296 -2841.070 environment-darkcave
3583 1 30 2741 0 -1 0 1237.556 -18.042 -2871.047 1237.075 -18.473 -2871.357 1238.062 -17.562 -2870.279 environment-darkcave
3584 1 30 2746 0 -1 0 1233.583 -12.982 -2923.348 1233.236 -13.421 -2923.828 1234.329 -12.541 -2922.888 environment-darkcave
3585 1 30 2757 0 -1 0 1193.113 -16.326 -2961.200 1192.375 -17.143 -2961.690 1193.880 -15.521 -2960.102 environment-darkcave
3586 1 23 2346 0 -1 0 1321.986 -39.881 -2747.956 1321.066 -40.908 -2749.015 1322.788 -38.830 -2746.847 cv-supportrope-01
3587 1 23 2350 0 -1 0 1322.318 -44.116 -2727.571 1321.252 -45.181 -2728.401 1323.438 -43.035 -2726.866 cv-supportrope-01
3588 1 23 2354 0 -1 0 1322.043 -32.832 -2741.629 1321.336 -33.901 -2742.700 1322.851 -31.739 -2740.504 cv-supportrope-01
3589 1 23 2358 0 -1 0 1262.587 9.011 -2894.938 1261.745 7.983 -2895.671 1263.470 10.061 -2894.346 cv-supportrope-01
3590 1 23 2362 0 -1 0 1263.460 8.976 -2886.781 1262.611 7.949 -2887.458 1264.352 10.027 -2886.217 cv-supportrope-01
3591 1 23 2366 0 -1 0 1268.473 12.472 -2876.162 1267.585 11.516 -2876.845 1269.322 13.448 -2875.382 cv-supportrope-01
3592 1 23 2370 0 -1 0 1276.857 10.435 -2869.464 1275.944 9.324 -2870.299 1277.604 11.556 -2868.654 cv-supportrope-01
3593 1 23 2374 0 -1 0 1262.251 8.976 -2903.041 1261.395 7.949 -2903.693 1263.149 10.027 -2902.476 cv-supportrope-01
3594 1 41 2491 0 -1 0 1448.747 -15.591 -2768.069 1445.024 -24.779 -2772.240 1453.695 -5.410 -2763.672 cv-stal-01-merge
3595 1 41 2492 0 -1 0 1428.215 11.200 -2845.848 1423.973 1.032 -2849.939 1433.354 22.466 -2842.126 cv-stal-01-merge
3596 1 41 2494 0 -1 0 1294.327 -23.333 -2873.136 1290.075 -32.776 -2877.374 1298.853 -12.870 -2869.815 cv-stal-01-merge
3597 1 41 2495 0 -1 0 1242.084 14.694 -2856.742 1238.185 5.470 -2861.344 1245.351 24.914 -2852.702 cv-stal-01-merge
3598 1 41 2496 0 -1 0 1253.044 21.921 -2836.168 1248.178 12.697 -2839.843 1256.700 32.142 -2832.135 cv-stal-01-merge
3599 1 41 2497 0 -1 0 1250.078 -16.486 -2836.283 1245.842 -25.647 -2840.876 1254.201 -6.335 -2832.923 cv-stal-01-merge
3600 1 42 2492 0 -1 0 1429.282 13.857 -2845.217 1425.465 10.483 -2848.149 1432.892 20.021 -2842.451 cv-stal-01
3601 1 42 2494 0 -1 0 1295.476 -20.866 -2873.068 1291.411 -23.999 -2876.108 1298.677 -15.141 -2870.581 cv-stal-01
3602 1 42 2495 0 -1 0 1242.349 17.104 -2857.835 1239.419 14.043 -2861.105 1244.819 22.696 -2853.987 cv-stal-01
3603 1 42 2496 0 -1 0 1252.366 24.331 -2837.066 1249.513 21.271 -2839.355 1255.322 29.924 -2833.829 cv-stal-01
3604 1 42 2497 0 -1 0 1251.172 -14.092 -2836.511 1247.279 -17.132 -2839.392 1254.045 -8.538 -2834.064 cv-stal-01
3605 1 55 2688 0 -1 0 1463.758 24.046 -2765.534 1463.156 23.497 -2766.506 1464.751 24.565 -2765.115 cv-bluecrystal
3606 1 55 2693 0 -1 0 1349.382 18.736 -2719.817 1348.953 18.202 -2720.437 1350.354 19.292 -2718.887 cv-bluecrystal
3607 1 55 2698 0 -1 0 1305.677 38.685 -2768.125 1304.564 38.132 -2768.597 1306.220 39.224 -2767.551 cv-bluecrystal
3608 1 55 2702 0 -1 0 1272.093 11.181 -2795.328 1271.072 10.335 -2795.975 1273.013 12.123 -2793.640 cv-bluecrystal
3609 1 55 2708 0 -1 0 1322.638 -24.974 -2714.549 1321.797 -25.725 -2715.181 1323.380 -24.243 -2713.238 cv-bluecrystal
3610 1 55 2713 0 -1 0 1434.375 7.548 -2843.380 1433.774 6.979 -2844.503 1434.947 8.159 -2842.997 cv-bluecrystal
3611 1 55 2718 0 -1 0 1446.228 19.685 -2810.033 1445.715 19.142 -2810.514 1447.324 20.236 -2809.452 cv-bluecrystal
3612 1 55 2723 0 -1 0 1407.760 29.766 -2842.617 1407.217 29.260 -2843.661 1408.310 30.576 -2842.021 cv-bluecrystal
3613 1 55 2732 0 -1 0 1405.725 -35.749 -2842.532 1404.741 -37.609 -2844.089 1406.616 -34.757 -2841.572 cv-bluecrystal
3614 1 55 2738 0 -1 0 1371.444 -7.783 -2841.716 1370.867 -8.493 -2842.148 1372.545 -7.212 -2841.138 cv-bluecrystal
3615 1 55 2743 0 -1 0 1236.656 -17.688 -2871.774 1235.877 -18.174 -2872.361 1237.168 -17.116 -2870.690 cv-bluecrystal
3616 1 55 2748 0 -1 0 1233.095 -12.861 -2922.246 1232.560 -13.409 -2922.830 1234.205 -12.303 -2921.740 cv-bluecrystal
3617 1 30 2688 0 -1 0 1463.758 24.046 -2765.534 1463.156 23.497 -2766.506 1464.751 24.565 -2765.115 environment-darkcave
3618 1 30 2693 0 -1 0 1349.382 18.736 -2719.817 1348.953 18.202 -2720.437 1350.354 19.292 -2718.887 environment-darkcave
3619 1 30 2698 0 -1 0 1305.677 38.685 -2768.125 1304.564 38.132 -2768.597 1306.220 39.224 -2767.551 environment-darkcave
3620 1 30 2702 0 -1 0 1272.093 11.181 -2795.328 1271.072 10.335 -2795.975 1273.013 12.123 -2793.640 environment-darkcave
3621 1 30 2708 0 -1 0 1322.638 -24.974 -2714.549 1321.797 -25.725 -2715.181 1323.380 -24.243 -2713.238 environment-darkcave
3622 1 30 2713 0 -1 0 1434.375 7.548 -2843.380 1433.774 6.979 -2844.503 1434.947 8.159 -2842.997 environment-darkcave
3623 1 30 2718 0 -1 0 1446.228 19.685 -2810.033 1445.715 19.142 -2810.514 1447.324 20.236 -2809.452 environment-darkcave
3624 1 30 2723 0 -1 0 1407.760 29.766 -2842.617 1407.217 29.260 -2843.661 1408.310 30.576 -2842.021 environment-darkcave
3625 1 30 2732 0 -1 0 1405.725 -35.749 -2842.532 1404.741 -37.609 -2844.089 1406.616 -34.757 -2841.572 environment-darkcave
3626 1 30 2738 0 -1 0 1371.444 -7.783 -2841.716 1370.867 -8.493 -2842.148 1372.545 -7.212 -2841.138 environment-darkcave
3627 1 30 2743 0 -1 0 1236.656 -17.688 -2871.774 1235.877 -18.174 -2872.361 1237.168 -17.116 -2870.690 environment-darkcave
3628 1 30 2748 0 -1 0 1233.095 -12.861 -2922.246 1232.560 -13.409 -2922.830 1234.205 -12.303 -2921.740 environment-darkcave
3629 1 41 2493 0 -1 0 1312.542 -23.561 -2865.193 1309.200 -32.778 -2869.466 1316.646 -13.348 -2860.489 cv-stal-01-merge
3630 1 30 2779 0 -1 0 1365.119 18.818 -2777.998 1360.876 14.581 -2782.212 1369.326 23.065 -2773.778 environment-darkcave
3631 1 42 2491 0 -1 0 1448.783 -13.190 -2766.941 1446.063 -16.239 -2770.932 1452.156 -7.620 -2763.839 cv-stal-01
3632 1 55 2733 0 -1 0 1403.173 -35.043 -2843.508 1402.495 -36.425 -2844.925 1403.862 -34.156 -2842.986 cv-bluecrystal
3633 1 30 2733 0 -1 0 1403.173 -35.043 -2843.508 1402.495 -36.425 -2844.925 1403.862 -34.156 -2842.986 environment-darkcave
3634 1 94 1871 0 -1 0 1436.338 -7.170 -2730.715 1435.717 -17.418 -2731.547 1437.062 3.055 -2730.148 cv-woodpoles
3635 1 94 1881 0 -1 0 1436.313 -26.198 -2730.198 1435.654 -36.442 -2731.047 1436.984 -15.973 -2729.650 cv-woodpoles
3636 1 94 1895 0 -1 0 1436.313 -42.137 -2730.198 1435.654 -52.380 -2731.047 1436.984 -31.911 -2729.650 cv-woodpoles
3637 1 94 1917 0 -1 0 1400.468 -5.911 -2761.064 1399.933 -16.152 -2762.105 1401.287 4.302 -2760.390 cv-woodpoles
3638 1 94 1923 0 -1 0 1397.765 -28.319 -2778.769 1397.212 -38.562 -2779.486 1398.601 -18.094 -2778.132 cv-woodpoles
3639 1 94 1957 0 -1 0 1321.820 -16.370 -2741.613 1320.831 -26.614 -2742.338 1322.579 -6.160 -2741.035 cv-woodpoles
3640 1 94 1967 0 -1 0 1347.409 -5.618 -2731.148 1346.803 -15.866 -2731.901 1348.078 4.603 -2730.389 cv-woodpoles
3641 1 94 1985 0 -1 0 1340.377 -31.011 -2730.787 1339.695 -41.255 -2731.633 1341.042 -20.786 -2730.234 cv-woodpoles
3642 1 94 1987 0 -1 0 1376.197 -33.741 -2730.224 1375.516 -43.984 -2731.070 1376.863 -23.516 -2729.671 cv-woodpoles
3643 1 94 2005 0 -1 0 1346.203 -8.871 -2790.307 1345.362 -19.114 -2790.952 1346.757 1.354 -2789.596 cv-woodpoles
3644 1 94 2041 0 -1 0 1380.755 38.138 -2822.582 1379.915 27.915 -2823.586 1381.339 48.389 -2821.814 cv-woodpoles
3645 1 94 2071 0 -1 0 1293.636 -8.348 -2869.892 1292.932 -18.605 -2870.648 1294.604 1.876 -2869.254 cv-woodpoles
3646 1 94 2075 0 -1 0 1307.775 -41.497 -2861.790 1307.187 -51.751 -2862.500 1308.452 -31.275 -2860.960 cv-woodpoles
3647 1 94 2083 0 -1 0 1307.831 -31.818 -2862.636 1307.242 -42.072 -2863.345 1308.507 -21.596 -2861.806 cv-woodpoles
3648 1 94 2087 0 -1 0 1320.077 -26.317 -2842.207 1319.419 -36.568 -2843.253 1320.859 -16.094 -2841.382 cv-woodpoles
3649 1 94 2089 0 -1 0 1342.751 -36.490 -2842.598 1341.418 -46.714 -2843.615 1344.271 -26.330 -2841.765 cv-woodpoles
3650 1 45 2680 0 -1 0 1371.953 -9.517 -2790.705 1368.823 -9.517 -2793.828 1375.078 -9.517 -2787.588 pbot-black
3651 1 94 1861 0 -1 0 1380.877 60.671 -2786.147 1380.139 49.522 -2786.862 1381.638 71.851 -2785.392 cv-woodpoles
3652 1 94 1863 0 -1 0 1390.732 65.453 -2767.117 1389.775 53.074 -2767.714 1391.361 77.862 -2766.232 cv-woodpoles
3653 1 94 1865 0 -1 0 1391.352 49.940 -2766.522 1390.596 38.790 -2767.253 1392.051 61.119 -2765.738 cv-woodpoles
3654 1 94 1867 0 -1 0 1391.446 30.062 -2767.561 1390.690 18.913 -2768.293 1392.144 41.241 -2766.778 cv-woodpoles
3655 1 94 1869 0 -1 0 1437.220 -7.052 -2740.478 1436.643 -17.297 -2741.014 1438.078 3.173 -2739.724 cv-woodpoles
3656 1 94 1873 0 -1 0 1424.855 -7.095 -2730.405 1424.307 -17.338 -2731.176 1425.702 3.123 -2729.793 cv-woodpoles
3657 1 94 1875 0 -1 0 1397.965 -7.334 -2730.090 1397.229 -17.580 -2730.859 1398.566 2.889 -2729.481 cv-woodpoles
3658 1 94 1877 0 -1 0 1390.614 -8.585 -2730.256 1390.011 -18.833 -2730.987 1391.344 1.637 -2729.561 cv-woodpoles
3659 1 94 1879 0 -1 0 1437.170 -27.229 -2740.473 1436.629 -37.473 -2741.202 1437.983 -17.004 -2739.879 cv-woodpoles
3660 1 94 1883 0 -1 0 1425.615 -25.411 -2730.674 1424.904 -35.655 -2731.515 1426.261 -15.186 -2730.119 cv-woodpoles
3661 1 94 1885 0 -1 0 1419.641 -24.207 -2730.339 1419.066 -36.498 -2730.938 1420.410 -11.942 -2729.511 cv-woodpoles
3662 1 94 1887 0 -1 0 1431.008 -18.128 -2730.565 1430.294 -29.801 -2731.318 1431.661 -6.481 -2729.951 cv-woodpoles
3663 1 94 1889 0 -1 0 1420.007 -24.274 -2737.403 1419.371 -36.504 -2738.391 1420.713 -12.081 -2736.658 cv-woodpoles
3664 1 94 1891 0 -1 0 1425.615 -43.680 -2730.674 1424.904 -53.923 -2731.515 1426.261 -33.455 -2730.119 cv-woodpoles
3665 1 94 1893 0 -1 0 1390.448 -44.077 -2730.485 1389.714 -54.316 -2731.330 1391.535 -33.874 -2729.792 cv-woodpoles
3666 1 94 1897 0 -1 0 1431.008 -41.489 -2730.183 1430.294 -53.162 -2730.936 1431.661 -29.842 -2729.569 cv-woodpoles
3667 1 94 1899 0 -1 0 1397.785 -29.778 -2730.005 1397.117 -40.022 -2730.854 1398.455 -19.553 -2729.455 cv-woodpoles
3668 1 94 1901 0 -1 0 1419.641 -37.842 -2729.376 1419.066 -50.132 -2729.976 1420.410 -25.577 -2728.548 cv-woodpoles
3669 1 94 1903 0 -1 0 1390.448 -29.694 -2730.755 1389.714 -39.933 -2731.600 1391.535 -19.491 -2730.061 cv-woodpoles
3670 1 94 1905 0 -1 0 1389.983 -26.164 -2745.539 1388.977 -39.250 -2746.248 1390.743 -13.116 -2744.878 cv-woodpoles
3671 1 94 1907 0 -1 0 1439.021 -27.372 -2751.738 1437.956 -37.612 -2752.492 1440.210 -17.168 -2751.151 cv-woodpoles
3672 1 94 1909 0 -1 0 1437.353 -27.737 -2760.020 1436.551 -37.990 -2760.708 1438.072 -17.515 -2759.327 cv-woodpoles
3673 1 94 1911 0 -1 0 1401.077 -28.345 -2761.802 1400.542 -38.588 -2762.427 1401.924 -18.119 -2761.130 cv-woodpoles
3674 1 94 1913 0 -1 0 1437.438 -5.356 -2751.224 1436.807 -15.602 -2751.956 1438.318 4.868 -2750.630 cv-woodpoles
3675 1 94 1915 0 -1 0 1437.459 -6.277 -2759.853 1436.790 -16.524 -2760.545 1438.390 3.948 -2759.204 cv-woodpoles
3676 1 94 1919 0 -1 0 1437.291 -12.539 -2773.417 1436.588 -24.944 -2774.115 1438.004 -0.166 -2772.719 cv-woodpoles
3677 1 94 1921 0 -1 0 1389.974 -22.403 -2758.567 1389.056 -34.088 -2759.278 1390.629 -10.754 -2757.911 cv-woodpoles
3678 1 94 1925 0 -1 0 1397.396 -7.116 -2778.235 1396.841 -17.359 -2778.942 1398.238 3.110 -2777.586 cv-woodpoles
3679 1 94 1927 0 -1 0 1382.241 -26.156 -2798.052 1381.601 -36.400 -2798.901 1382.914 -15.931 -2797.511 cv-woodpoles
3680 1 94 1929 0 -1 0 1382.603 -6.249 -2798.357 1381.904 -16.500 -2799.053 1383.273 3.970 -2797.510 cv-woodpoles
3681 1 94 1931 0 -1 0 1397.531 -28.646 -2798.005 1396.896 -38.892 -2798.706 1398.435 -18.422 -2797.350 cv-woodpoles
3682 1 94 1933 0 -1 0 1397.592 -7.735 -2797.992 1396.993 -17.990 -2798.617 1398.494 2.491 -2797.331 cv-woodpoles
3683 1 94 1935 0 -1 0 1379.089 70.153 -2773.457 1378.193 57.774 -2774.033 1379.698 82.562 -2772.554 cv-woodpoles
3684 1 94 1937 0 -1 0 1379.723 44.061 -2774.032 1378.976 32.912 -2774.800 1380.449 55.241 -2773.245 cv-woodpoles
3685 1 94 1939 0 -1 0 1379.838 63.939 -2772.995 1379.092 52.789 -2773.763 1380.565 75.118 -2772.208 cv-woodpoles
3686 1 94 1941 0 -1 0 1348.636 68.688 -2783.791 1348.063 56.308 -2784.408 1349.533 81.097 -2782.857 cv-woodpoles
3687 1 94 1943 0 -1 0 1349.177 62.473 -2784.461 1348.438 51.324 -2785.176 1349.938 73.653 -2783.706 cv-woodpoles
3688 1 94 1945 0 -1 0 1380.336 66.885 -2785.477 1379.763 54.506 -2786.093 1381.233 79.294 -2784.543 cv-woodpoles
3689 1 94 1947 0 -1 0 1353.246 50.166 -2784.362 1352.611 39.678 -2785.197 1353.964 60.672 -2783.809 cv-woodpoles
3690 1 94 1949 0 -1 0 1361.232 50.166 -2784.362 1360.596 39.678 -2785.197 1361.950 60.672 -2783.809 cv-woodpoles
3691 1 94 1951 0 -1 0 1369.232 50.166 -2784.362 1368.597 39.678 -2785.197 1369.950 60.672 -2783.809 cv-woodpoles
3692 1 94 1953 0 -1 0 1379.834 40.793 -2786.147 1379.095 29.644 -2786.862 1380.595 51.973 -2785.392 cv-woodpoles
3693 1 94 1955 0 -1 0 1348.133 42.595 -2784.461 1347.395 31.446 -2785.176 1348.894 53.775 -2783.706 cv-woodpoles
3694 1 94 1959 0 -1 0 1324.757 -24.463 -2785.811 1323.850 -36.872 -2786.714 1325.369 -12.083 -2785.238 cv-woodpoles
3695 1 94 1961 0 -1 0 1325.388 1.630 -2785.254 1324.638 -9.550 -2786.035 1326.112 12.779 -2784.494 cv-woodpoles
3696 1 94 1963 0 -1 0 1341.454 5.213 -2729.523 1340.804 -5.035 -2730.282 1342.051 15.434 -2728.784 cv-woodpoles
3697 1 94 1965 0 -1 0 1351.791 -6.756 -2730.897 1351.180 -17.005 -2731.653 1352.473 3.465 -2730.140 cv-woodpoles
3698 1 94 1969 0 -1 0 1366.146 -6.549 -2730.117 1365.551 -16.794 -2730.712 1366.925 3.675 -2729.262 cv-woodpoles
3699 1 94 1971 0 -1 0 1340.538 -11.155 -2730.021 1339.888 -21.403 -2730.780 1341.136 -0.933 -2729.282 cv-woodpoles
3700 1 94 1973 0 -1 0 1375.917 -6.086 -2729.933 1375.336 -16.339 -2730.562 1376.805 4.139 -2729.290 cv-woodpoles
3701 1 94 1975 0 -1 0 1322.370 -7.023 -2748.266 1321.520 -17.279 -2748.910 1323.095 3.193 -2747.536 cv-woodpoles
3702 1 94 1977 0 -1 0 1352.030 -28.535 -2729.922 1351.384 -38.778 -2730.477 1352.740 -18.309 -2729.081 cv-woodpoles
3703 1 94 1979 0 -1 0 1347.163 -28.994 -2730.357 1346.508 -39.237 -2730.913 1347.865 -18.769 -2729.513 cv-woodpoles
3704 1 94 1981 0 -1 0 1366.692 -27.124 -2730.036 1366.063 -37.368 -2730.587 1367.413 -16.899 -2729.205 cv-woodpoles
3705 1 94 1983 0 -1 0 1322.420 -29.093 -2748.494 1321.432 -39.337 -2749.109 1323.163 -18.883 -2747.836 cv-woodpoles
3706 1 94 1989 0 -1 0 1322.144 -20.400 -2751.639 1321.601 -30.644 -2752.366 1322.960 -10.175 -2751.031 cv-woodpoles
3707 1 94 1991 0 -1 0 1352.030 -37.523 -2728.935 1351.384 -47.767 -2729.490 1352.740 -27.298 -2728.094 cv-woodpoles
3708 1 94 1993 0 -1 0 1347.163 -35.389 -2729.113 1346.508 -45.632 -2729.669 1347.865 -25.163 -2728.269 cv-woodpoles
3709 1 94 1995 0 -1 0 1366.692 -41.509 -2730.036 1366.063 -51.752 -2730.587 1367.413 -31.284 -2729.205 cv-woodpoles
3710 1 94 1997 0 -1 0 1376.197 -41.263 -2729.315 1375.516 -51.506 -2730.160 1376.863 -31.038 -2728.762 cv-woodpoles
3711 1 94 1999 0 -1 0 1322.972 -41.117 -2750.523 1322.428 -51.360 -2751.250 1323.788 -30.891 -2749.915 cv-woodpoles
3712 1 94 2001 0 -1 0 1371.215 -5.834 -2798.463 1370.514 -16.085 -2799.175 1371.879 4.387 -2797.656 cv-woodpoles
3713 1 94 2003 0 -1 0 1353.982 -2.727 -2797.896 1353.356 -12.986 -2798.580 1354.872 7.492 -2796.999 cv-woodpoles
3714 1 94 2007 0 -1 0 1353.474 -8.715 -2789.372 1352.930 -18.959 -2790.101 1354.297 1.510 -2788.788 cv-woodpoles
3715 1 94 2009 0 -1 0 1346.323 -8.162 -2777.496 1345.411 -18.407 -2778.299 1347.002 2.050 -2776.896 cv-woodpoles
3716 1 94 2011 0 -1 0 1354.299 -8.227 -2780.970 1353.668 -18.469 -2782.010 1355.199 1.988 -2780.314 cv-woodpoles
3717 1 94 2013 0 -1 0 1346.777 -24.823 -2790.280 1346.226 -35.066 -2790.952 1347.625 -14.597 -2789.612 cv-woodpoles
3718 1 94 2015 0 -1 0 1353.610 -27.883 -2789.436 1352.655 -38.137 -2790.123 1354.316 -17.669 -2788.707 cv-woodpoles
3719 1 94 2017 0 -1 0 1370.840 -25.743 -2798.458 1370.200 -35.986 -2799.307 1371.513 -15.517 -2797.916 cv-woodpoles
3720 1 94 2019 0 -1 0 1346.591 -28.095 -2776.663 1346.036 -38.338 -2777.361 1347.436 -17.869 -2776.006 cv-woodpoles
3721 1 94 2021 0 -1 0 1348.028 -32.336 -2799.916 1347.365 -42.592 -2800.832 1348.792 -22.111 -2799.232 cv-woodpoles
3722 1 94 2023 0 -1 0 1358.918 -32.336 -2799.916 1358.255 -42.592 -2800.832 1359.682 -22.111 -2799.232 cv-woodpoles
3723 1 94 2025 0 -1 0 1354.116 -26.879 -2780.553 1353.480 -37.126 -2781.245 1354.918 -16.656 -2779.939 cv-woodpoles
3724 1 94 2027 0 -1 0 1353.814 -19.855 -2796.883 1353.233 -30.112 -2797.537 1354.641 -9.631 -2796.150 cv-woodpoles
3725 1 94 2029 0 -1 0 1322.721 -14.091 -2775.740 1322.177 -24.335 -2776.467 1323.537 -3.866 -2775.132 cv-woodpoles
3726 1 94 2031 0 -1 0 1321.316 -39.487 -2759.891 1320.538 -51.945 -2760.559 1322.071 -27.070 -2759.043 cv-woodpoles
3727 1 94 2033 0 -1 0 1323.548 -34.807 -2774.624 1323.004 -45.051 -2775.351 1324.364 -24.582 -2774.016 cv-woodpoles
3728 1 94 2035 0 -1 0 1322.102 -20.400 -2760.767 1321.176 -32.856 -2761.417 1322.797 -7.991 -2759.845 cv-woodpoles
3729 1 94 2037 0 -1 0 1397.643 -7.742 -2805.501 1397.032 -17.996 -2806.186 1398.499 2.485 -2804.788 cv-woodpoles
3730 1 94 2039 0 -1 0 1397.774 -28.634 -2805.574 1397.131 -38.882 -2806.137 1398.671 -18.409 -2804.842 cv-woodpoles
3731 1 94 2043 0 -1 0 1382.139 38.769 -2816.937 1381.407 28.551 -2817.588 1382.983 49.018 -2816.322 cv-woodpoles
3732 1 94 2045 0 -1 0 1370.201 -8.364 -2805.688 1369.561 -18.612 -2806.630 1370.873 1.862 -2805.000 cv-woodpoles
3733 1 94 2047 0 -1 0 1348.028 -30.902 -2805.512 1347.365 -41.158 -2806.428 1348.792 -20.677 -2804.827 cv-woodpoles
3734 1 94 2049 0 -1 0 1358.789 -30.902 -2805.807 1358.125 -41.158 -2806.723 1359.552 -20.677 -2805.123 cv-woodpoles
3735 1 94 2051 0 -1 0 1370.083 -25.543 -2805.594 1369.391 -35.789 -2806.398 1370.743 -15.320 -2804.985 cv-woodpoles
3736 1 94 2053 0 -1 0 1341.533 -37.224 -2833.970 1340.724 -47.478 -2834.714 1342.181 -27.005 -2833.001 cv-woodpoles
3737 1 94 2055 0 -1 0 1307.172 -20.706 -2837.346 1306.343 -30.957 -2838.133 1307.777 -10.483 -2836.328 cv-woodpoles
3738 1 94 2057 0 -1 0 1306.836 -40.320 -2837.402 1306.165 -50.563 -2837.949 1307.494 -30.095 -2836.552 cv-woodpoles
3739 1 94 2059 0 -1 0 1317.026 -28.069 -2833.990 1316.197 -38.321 -2834.777 1317.631 -17.847 -2832.971 cv-woodpoles
3740 1 94 2061 0 -1 0 1299.144 -12.752 -2858.532 1298.339 -23.003 -2859.161 1300.177 -2.530 -2857.720 cv-woodpoles
3741 1 94 2063 0 -1 0 1307.613 -12.216 -2863.469 1307.018 -22.470 -2864.274 1308.481 -1.990 -2862.872 cv-woodpoles
3742 1 94 2065 0 -1 0 1301.095 -15.114 -2848.484 1300.388 -25.366 -2849.117 1302.040 -4.892 -2847.589 cv-woodpoles
3743 1 94 2067 0 -1 0 1311.720 -21.918 -2844.438 1310.943 -32.169 -2845.240 1312.756 -11.696 -2843.899 cv-woodpoles
3744 1 94 2069 0 -1 0 1290.404 -10.004 -2864.693 1289.820 -20.259 -2865.518 1291.243 0.221 -2864.107 cv-woodpoles
3745 1 94 2073 0 -1 0 1296.971 -14.409 -2843.149 1296.142 -24.661 -2843.936 1297.576 -4.187 -2842.131 cv-woodpoles
3746 1 94 2077 0 -1 0 1300.476 -44.432 -2848.171 1299.937 -54.676 -2848.750 1301.311 -34.207 -2847.466 cv-woodpoles
3747 1 94 2079 0 -1 0 1311.994 -41.532 -2844.224 1311.460 -51.776 -2844.973 1312.805 -31.307 -2843.697 cv-woodpoles
3748 1 94 2081 0 -1 0 1299.113 -32.366 -2858.185 1298.561 -42.610 -2858.864 1299.960 -22.141 -2857.519 cv-woodpoles
3749 1 94 2085 0 -1 0 1300.967 -34.729 -2848.171 1300.428 -44.972 -2848.751 1301.801 -24.503 -2847.467 cv-woodpoles
3750 1 94 2091 0 -1 0 1296.533 -43.728 -2843.685 1295.862 -53.971 -2844.232 1297.191 -33.502 -2842.835 cv-woodpoles
3751 1 94 2093 0 -1 0 1290.734 -29.645 -2864.194 1290.094 -39.887 -2865.038 1291.406 -19.422 -2863.656 cv-woodpoles
3752 1 94 2095 0 -1 0 1290.734 -39.916 -2864.178 1290.094 -50.158 -2865.023 1291.406 -29.693 -2863.640 cv-woodpoles
3753 1 94 2097 0 -1 0 1294.046 -27.972 -2869.323 1293.467 -38.216 -2870.158 1294.751 -17.747 -2868.785 cv-woodpoles
3754 1 94 2099 0 -1 0 1294.046 -38.333 -2869.323 1293.467 -48.577 -2870.158 1294.751 -28.108 -2868.785 cv-woodpoles
3755 1 94 2101 0 -1 0 1296.635 -34.024 -2843.205 1295.964 -44.267 -2843.752 1297.293 -23.799 -2842.355 cv-woodpoles
3756 1 94 2103 0 -1 0 1298.633 -41.700 -2858.126 1298.081 -51.943 -2858.804 1299.480 -31.475 -2857.459 cv-woodpoles
3757 1 94 2107 0 -1 0 1418.613 17.655 -2711.660 1417.972 17.122 -2722.148 1419.330 18.469 -2701.152 cv-woodpoles
3758 1 94 2109 0 -1 0 1383.939 17.553 -2711.209 1383.297 17.020 -2721.697 1384.655 18.367 -2700.701 cv-woodpoles
3759 1 94 2111 0 -1 0 1391.066 17.553 -2711.209 1390.424 17.020 -2721.697 1391.782 18.367 -2700.701 cv-woodpoles
3760 1 94 2113 0 -1 0 1359.239 17.494 -2711.399 1358.598 16.960 -2721.887 1359.955 18.308 -2700.891 cv-woodpoles
3761 1 94 2115 0 -1 0 1303.450 17.570 -2754.517 1292.942 17.036 -2755.158 1313.938 18.384 -2753.801 cv-woodpoles
3762 1 94 2117 0 -1 0 1303.450 17.570 -2762.493 1292.942 17.036 -2763.135 1313.938 18.384 -2761.777 cv-woodpoles
3763 1 94 2119 0 -1 0 1303.450 17.570 -2770.491 1292.942 17.036 -2771.132 1313.938 18.384 -2769.775 cv-woodpoles
3764 1 94 2121 0 -1 0 1303.450 24.620 -2754.517 1292.942 24.087 -2755.158 1313.938 25.434 -2753.801 cv-woodpoles
3765 1 94 2123 0 -1 0 1303.450 24.620 -2762.493 1292.942 24.087 -2763.135 1313.938 25.434 -2761.777 cv-woodpoles
3766 1 94 2125 0 -1 0 1303.450 24.620 -2770.491 1292.942 24.087 -2771.132 1313.938 25.434 -2769.775 cv-woodpoles
3767 1 94 2127 0 -1 0 1303.450 32.644 -2770.491 1292.942 32.110 -2771.132 1313.938 33.458 -2769.775 cv-woodpoles
3768 1 94 2129 0 -1 0 1420.274 5.222 -2841.736 1419.558 4.689 -2852.244 1420.916 6.036 -2831.249 cv-woodpoles
3769 1 94 2131 0 -1 0 1428.263 5.222 -2841.736 1427.547 4.689 -2852.244 1428.904 6.036 -2831.249 cv-woodpoles
3770 1 94 2133 0 -1 0 1420.274 13.495 -2841.736 1419.558 12.962 -2852.244 1420.916 14.309 -2831.249 cv-woodpoles
3771 1 94 2135 0 -1 0 1428.263 13.495 -2841.736 1427.547 12.962 -2852.244 1428.904 14.309 -2831.249 cv-woodpoles
3772 1 94 2137 0 -1 0 1411.998 5.222 -2841.736 1411.282 4.689 -2852.244 1412.639 6.036 -2831.249 cv-woodpoles
3773 1 94 2139 0 -1 0 1403.684 5.222 -2841.736 1402.968 4.689 -2852.244 1404.325 6.036 -2831.249 cv-woodpoles
3774 1 94 2141 0 -1 0 1403.684 13.495 -2841.736 1402.968 12.962 -2852.244 1404.325 14.309 -2831.249 cv-woodpoles
3775 1 94 2143 0 -1 0 1411.998 13.495 -2841.736 1411.282 12.962 -2852.244 1412.639 14.309 -2831.249 cv-woodpoles
3776 1 94 2145 0 -1 0 1403.684 -3.097 -2841.736 1402.968 -3.631 -2852.244 1404.325 -2.284 -2831.249 cv-woodpoles
3777 1 94 2147 0 -1 0 1411.998 -3.097 -2841.736 1411.282 -3.631 -2852.244 1412.639 -2.284 -2831.249 cv-woodpoles
3778 1 94 2149 0 -1 0 1420.274 -3.097 -2841.736 1419.558 -3.631 -2852.244 1420.916 -2.284 -2831.249 cv-woodpoles
3779 1 94 2151 0 -1 0 1428.263 -3.097 -2841.736 1427.547 -3.631 -2852.244 1428.904 -2.284 -2831.249 cv-woodpoles
3780 1 55 2701 0 -1 0 1270.426 11.215 -2795.465 1269.809 10.694 -2795.914 1270.918 11.750 -2794.517 cv-bluecrystal
3781 1 30 2701 0 -1 0 1270.426 11.215 -2795.465 1269.809 10.694 -2795.914 1270.918 11.750 -2794.517 environment-darkcave
3782 1 55 2703 0 -1 0 1270.017 10.268 -2796.338 1269.110 9.718 -2797.025 1270.631 10.904 -2795.029 cv-bluecrystal
3783 1 55 2728 0 -1 0 1429.804 -32.715 -2807.552 1429.250 -33.164 -2808.095 1430.703 -32.137 -2806.560 cv-bluecrystal
3784 1 30 2703 0 -1 0 1270.017 10.268 -2796.338 1269.110 9.718 -2797.025 1270.631 10.904 -2795.029 environment-darkcave
3785 1 30 2728 0 -1 0 1429.804 -32.715 -2807.552 1429.250 -33.164 -2808.095 1430.703 -32.137 -2806.560 environment-darkcave
3786 1 88 2681 0 -1 0 1373.984 -2.667 -2766.398 1369.880 -12.073 -2770.368 1378.314 1.552 -2762.495 cmn-precursor-metal-plain-01
3787 1 32 2674 0 -1 0 1362.763 8.355 -2777.800 1362.164 5.406 -2780.799 1363.332 11.781 -2774.855 cv-robo-blue-01
3788 1 94 2215 0 -1 0 1400.291 11.349 -2758.670 1399.858 11.017 -2760.907 1400.728 11.708 -2756.419 cv-woodpoles
3789 1 94 2216 0 -1 0 1393.196 11.489 -2767.412 1390.796 10.892 -2767.736 1395.594 11.893 -2767.063 cv-woodpoles
3790 1 30 2790 0 -1 0 1371.786 5.370 -2792.571 1369.128 2.076 -2794.045 1374.637 8.654 -2791.216 environment-darkcave
3791 1 30 2788 0 -1 0 1372.573 12.121 -2778.543 1363.222 1.094 -2788.211 1380.867 19.812 -2769.043 environment-darkcave
3792 1 94 2161 0 -1 0 1262.208 7.227 -2894.883 1261.726 -0.907 -2895.647 1262.707 15.155 -2894.441 cv-woodpoles
3793 1 88 2784 0 -1 0 1374.115 5.337 -2766.715 1370.861 1.583 -2769.948 1377.333 9.114 -2763.475 cmn-precursor-metal-plain-01
3794 1 48 2518 0 -1 0 1437.126 38.102 -2721.486 1431.602 36.506 -2727.169 1442.930 39.470 -2716.007 cv-wall-bumps-01
3795 1 48 2519 0 -1 0 1408.407 36.832 -2713.326 1403.268 34.991 -2718.483 1413.857 38.128 -2707.746 cv-wall-bumps-01
3796 1 48 2520 0 -1 0 1395.498 38.354 -2719.853 1389.852 36.440 -2725.535 1400.705 39.734 -2714.391 cv-wall-bumps-01
3797 1 48 2521 0 -1 0 1451.473 38.171 -2749.750 1446.783 35.973 -2754.207 1456.178 39.726 -2745.039 cv-wall-bumps-01
3798 1 48 2522 0 -1 0 1382.156 28.090 -2829.545 1376.986 26.503 -2834.842 1387.607 29.476 -2824.506 cv-wall-bumps-01
3799 1 48 2523 0 -1 0 1370.820 11.916 -2829.940 1365.190 9.786 -2834.961 1375.886 13.247 -2824.476 cv-wall-bumps-01
3800 1 48 2524 0 -1 0 1312.922 2.222 -2862.622 1306.828 0.441 -2868.420 1319.415 3.626 -2857.149 cv-wall-bumps-01
3801 1 48 2525 0 -1 0 1252.886 0.341 -2844.585 1247.687 -1.529 -2849.898 1258.507 1.677 -2838.864 cv-wall-bumps-01
3802 1 48 2526 0 -1 0 1252.532 7.630 -2836.637 1247.773 5.915 -2841.328 1257.113 8.971 -2831.879 cv-wall-bumps-01
3803 1 48 2527 0 -1 0 1254.125 3.296 -2860.721 1248.371 1.639 -2866.499 1259.581 4.691 -2855.151 cv-wall-bumps-01
3804 1 53 2491 0 -1 0 1448.978 -11.485 -2768.014 1445.024 -18.856 -2772.208 1452.897 -1.994 -2763.672 cv-wall-bumps-merge-01
3805 1 53 2492 0 -1 0 1428.374 15.745 -2846.011 1424.022 7.587 -2849.882 1433.354 26.247 -2842.126 cv-wall-bumps-merge-01
3806 1 53 2493 0 -1 0 1312.737 -19.441 -2865.113 1309.200 -26.836 -2869.315 1316.332 -9.921 -2860.611 cv-wall-bumps-merge-01
3807 1 53 2494 0 -1 0 1294.389 -19.113 -2873.339 1290.137 -26.689 -2876.908 1298.828 -9.359 -2869.815 cv-wall-bumps-merge-01
3808 1 53 2495 0 -1 0 1241.900 18.816 -2856.837 1238.383 11.416 -2861.195 1245.351 28.344 -2852.786 cv-wall-bumps-merge-01
3809 1 53 2496 0 -1 0 1252.854 26.044 -2836.086 1248.720 18.644 -2839.843 1256.700 35.571 -2832.272 cv-wall-bumps-merge-01
3810 1 53 2497 0 -1 0 1250.085 -12.391 -2836.488 1245.842 -19.741 -2840.017 1254.201 -2.928 -2832.923 cv-wall-bumps-merge-01
3811 1 94 1860 0 -1 0 1380.883 45.144 -2785.480 1380.223 37.080 -2786.072 1381.590 56.075 -2784.878 cv-woodpoles
3812 1 94 1862 0 -1 0 1390.667 48.193 -2767.247 1389.709 39.239 -2767.706 1391.084 60.331 -2766.356 cv-woodpoles
3813 1 94 1864 0 -1 0 1390.688 34.413 -2766.578 1390.087 26.349 -2767.232 1391.282 45.344 -2765.897 cv-woodpoles
3814 1 94 1866 0 -1 0 1390.782 14.535 -2767.617 1390.180 6.471 -2768.271 1391.375 25.466 -2766.936 cv-woodpoles
3815 1 94 1868 0 -1 0 1437.062 7.184 -2741.106 1436.637 -2.829 -2741.618 1437.973 14.572 -2740.514 cv-woodpoles
3816 1 94 1870 0 -1 0 1435.616 7.062 -2730.658 1435.179 -2.950 -2731.496 1436.164 14.452 -2730.230 cv-woodpoles
3817 1 94 1872 0 -1 0 1424.754 7.153 -2730.553 1424.332 -2.867 -2731.380 1425.640 14.545 -2730.189 cv-woodpoles
3818 1 94 1874 0 -1 0 1397.602 6.912 -2729.969 1396.862 -3.110 -2730.718 1398.070 14.306 -2729.454 cv-woodpoles
3819 1 94 1876 0 -1 0 1391.065 5.660 -2730.189 1390.564 -4.368 -2730.857 1391.748 13.055 -2729.569 cv-woodpoles
3820 1 94 1878 0 -1 0 1436.790 -12.989 -2740.924 1436.401 -23.004 -2741.604 1437.575 -5.598 -2740.422 cv-woodpoles
3821 1 94 1880 0 -1 0 1435.745 -11.958 -2730.037 1435.202 -21.973 -2730.906 1436.249 -4.567 -2729.630 cv-woodpoles
3822 1 94 1882 0 -1 0 1425.095 -11.171 -2730.395 1424.468 -21.186 -2731.240 1425.610 -3.780 -2730.007 cv-woodpoles
3823 1 94 1884 0 -1 0 1419.807 -7.118 -2730.667 1419.393 -19.137 -2731.196 1420.675 1.750 -2729.925 cv-woodpoles
3824 1 94 1886 0 -1 0 1430.440 -1.907 -2730.443 1429.837 -13.321 -2731.172 1430.976 6.514 -2729.917 cv-woodpoles
3825 1 94 1888 0 -1 0 1420.642 -7.283 -2737.081 1420.079 -19.250 -2738.050 1421.192 1.542 -2736.625 cv-woodpoles
3826 1 94 1890 0 -1 0 1425.095 -29.439 -2730.395 1424.468 -39.455 -2731.240 1425.610 -22.048 -2730.007 cv-woodpoles
3827 1 94 1892 0 -1 0 1390.256 -29.831 -2730.194 1389.803 -39.858 -2730.968 1391.363 -22.440 -2729.595 cv-woodpoles
3828 1 94 1894 0 -1 0 1435.745 -27.896 -2730.037 1435.202 -37.911 -2730.906 1436.249 -20.505 -2729.630 cv-woodpoles
3829 1 94 1896 0 -1 0 1430.440 -25.268 -2730.061 1429.837 -36.682 -2730.790 1430.976 -16.847 -2729.535 cv-woodpoles
3830 1 94 1898 0 -1 0 1397.224 -15.538 -2729.826 1396.666 -25.553 -2730.695 1397.731 -8.147 -2729.422 cv-woodpoles
3831 1 94 1900 0 -1 0 1419.807 -20.752 -2729.705 1419.393 -32.771 -2730.233 1420.675 -11.884 -2728.963 cv-woodpoles
3832 1 94 1902 0 -1 0 1390.256 -15.448 -2730.464 1389.803 -25.474 -2731.238 1391.363 -8.057 -2729.864 cv-woodpoles
3833 1 94 1904 0 -1 0 1390.527 -7.986 -2746.112 1389.562 -20.788 -2746.708 1390.991 1.455 -2745.577 cv-woodpoles
3834 1 94 1906 0 -1 0 1437.537 -13.201 -2751.975 1436.689 -23.172 -2752.799 1438.910 -5.842 -2751.541 cv-woodpoles
3835 1 94 1908 0 -1 0 1437.584 -13.502 -2760.661 1436.864 -23.527 -2761.198 1438.225 -6.108 -2760.112 cv-woodpoles
3836 1 94 1910 0 -1 0 1400.971 -14.104 -2762.382 1400.557 -24.119 -2762.905 1401.839 -6.713 -2761.891 cv-woodpoles
3837 1 94 1912 0 -1 0 1436.891 8.877 -2751.654 1436.519 -1.134 -2752.350 1437.771 16.265 -2751.159 cv-woodpoles
3838 1 94 1914 0 -1 0 1436.999 7.958 -2760.361 1436.595 -2.054 -2760.976 1437.967 15.345 -2759.861 cv-woodpoles
3839 1 94 1916 0 -1 0 1400.186 8.335 -2760.928 1399.777 -1.684 -2762.006 1400.998 15.723 -2760.484 cv-woodpoles
3840 1 94 1918 0 -1 0 1437.256 4.689 -2772.702 1436.623 -7.438 -2773.287 1437.903 13.637 -2772.199 cv-woodpoles
3841 1 94 1920 0 -1 0 1390.371 -6.173 -2759.126 1389.507 -17.604 -2759.732 1390.900 2.256 -2758.596 cv-woodpoles
3842 1 94 1922 0 -1 0 1397.463 -14.079 -2779.276 1397.076 -24.094 -2779.917 1398.299 -6.688 -2778.762 cv-woodpoles
3843 1 94 1924 0 -1 0 1397.125 7.125 -2778.759 1396.737 -2.890 -2779.380 1397.974 14.516 -2778.244 cv-woodpoles
3844 1 94 1926 0 -1 0 1381.666 -11.916 -2797.923 1381.148 -21.931 -2798.792 1382.164 -4.525 -2797.511 cv-woodpoles
3845 1 94 1928 0 -1 0 1382.024 7.986 -2798.655 1381.441 -2.041 -2799.258 1382.555 15.380 -2797.881 cv-woodpoles
3846 1 94 1930 0 -1 0 1397.111 -14.412 -2798.538 1396.720 -24.424 -2799.148 1398.039 -7.024 -2798.023 cv-woodpoles
3847 1 94 1932 0 -1 0 1396.890 6.486 -2798.591 1396.493 -3.522 -2799.109 1397.705 13.876 -2798.073 cv-woodpoles
3848 1 94 1934 0 -1 0 1378.999 52.894 -2773.569 1378.090 43.939 -2774.014 1379.384 65.032 -2772.637 cv-woodpoles
3849 1 94 1936 0 -1 0 1379.060 28.534 -2773.953 1378.463 20.470 -2774.628 1379.644 39.465 -2773.222 cv-woodpoles
3850 1 94 1938 0 -1 0 1379.176 48.412 -2772.916 1378.579 40.348 -2773.591 1379.760 59.343 -2772.185 cv-woodpoles
3851 1 94 1940 0 -1 0 1348.514 51.428 -2783.714 1348.079 42.473 -2784.115 1349.427 63.566 -2782.797 cv-woodpoles
3852 1 94 1942 0 -1 0 1349.183 46.946 -2783.794 1348.523 38.882 -2784.386 1349.889 57.877 -2783.192 cv-woodpoles
3853 1 94 1944 0 -1 0 1380.215 49.626 -2785.400 1379.779 40.671 -2785.801 1381.128 61.764 -2784.482 cv-woodpoles
3854 1 94 1946 0 -1 0 1353.750 35.560 -2784.056 1353.237 27.980 -2784.889 1354.394 45.832 -2783.670 cv-woodpoles
3855 1 94 1948 0 -1 0 1361.736 35.560 -2784.056 1361.222 27.980 -2784.889 1362.379 45.832 -2783.670 cv-woodpoles
3856 1 94 1950 0 -1 0 1369.736 35.560 -2784.056 1369.223 27.980 -2784.889 1370.380 45.832 -2783.670 cv-woodpoles
3857 1 94 1952 0 -1 0 1379.840 25.266 -2785.480 1379.180 17.202 -2786.072 1380.546 36.197 -2784.878 cv-woodpoles
3858 1 94 1954 0 -1 0 1348.139 27.068 -2783.794 1347.479 19.005 -2784.386 1348.846 37.999 -2783.192 cv-woodpoles
3859 1 94 1956 0 -1 0 1322.209 -2.131 -2742.050 1321.244 -12.163 -2742.729 1322.637 5.264 -2741.553 cv-woodpoles
3860 1 94 1958 0 -1 0 1324.671 -7.203 -2785.697 1323.765 -19.341 -2786.624 1325.057 1.752 -2785.254 cv-woodpoles
3861 1 94 1960 0 -1 0 1324.725 17.157 -2785.312 1324.124 6.226 -2786.037 1325.312 25.221 -2784.640 cv-woodpoles
3862 1 94 1962 0 -1 0 1341.090 19.457 -2729.793 1340.428 9.429 -2730.501 1341.508 26.853 -2729.174 cv-woodpoles
3863 1 94 1964 0 -1 0 1352.189 7.488 -2730.679 1351.737 -2.540 -2731.329 1352.851 14.884 -2729.980 cv-woodpoles
3864 1 94 1966 0 -1 0 1347.797 8.626 -2730.910 1347.356 -1.402 -2731.551 1348.449 16.022 -2730.206 cv-woodpoles
3865 1 94 1968 0 -1 0 1366.361 7.694 -2730.575 1365.935 -2.324 -2730.924 1367.204 15.084 -2729.725 cv-woodpoles
3866 1 94 1970 0 -1 0 1340.175 3.090 -2730.291 1339.513 -6.938 -2730.999 1340.592 10.486 -2729.672 cv-woodpoles
3867 1 94 1972 0 -1 0 1375.253 8.137 -2730.492 1374.833 -1.871 -2731.028 1376.050 15.527 -2729.987 cv-woodpoles
3868 1 94 1974 0 -1 0 1322.423 7.201 -2749.163 1321.596 -2.825 -2749.543 1322.964 14.595 -2748.511 cv-woodpoles
3869 1 94 1976 0 -1 0 1352.548 -14.294 -2730.202 1352.034 -24.309 -2730.590 1353.176 -6.903 -2729.357 cv-woodpoles
3870 1 94 1978 0 -1 0 1347.694 -14.753 -2730.612 1347.180 -24.769 -2731.001 1348.306 -7.362 -2729.758 cv-woodpoles
3871 1 94 1980 0 -1 0 1367.187 -12.884 -2730.356 1366.675 -22.899 -2730.741 1367.839 -5.493 -2729.530 cv-woodpoles
3872 1 94 1982 0 -1 0 1322.612 -14.853 -2749.046 1321.601 -24.886 -2749.596 1323.028 -7.459 -2748.549 cv-woodpoles
3873 1 94 1984 0 -1 0 1339.824 -16.771 -2730.581 1339.246 -26.786 -2731.447 1340.335 -9.380 -2730.184 cv-woodpoles
3874 1 94 1986 0 -1 0 1375.645 -19.500 -2730.018 1375.067 -29.516 -2730.883 1376.156 -12.110 -2729.620 cv-woodpoles
3875 1 94 1988 0 -1 0 1321.786 -6.160 -2752.107 1321.407 -16.175 -2752.778 1322.588 1.231 -2751.601 cv-woodpoles
3876 1 94 1990 0 -1 0 1352.548 -23.283 -2729.215 1352.034 -33.298 -2729.603 1353.176 -15.892 -2728.370 cv-woodpoles
3877 1 94 1992 0 -1 0 1347.694 -21.148 -2729.368 1347.180 -31.163 -2729.757 1348.306 -13.757 -2728.514 cv-woodpoles
3878 1 94 1994 0 -1 0 1367.187 -27.269 -2730.356 1366.675 -37.284 -2730.741 1367.839 -19.878 -2729.530 cv-woodpoles
3879 1 94 1996 0 -1 0 1375.645 -27.023 -2729.108 1375.067 -37.038 -2729.974 1376.156 -19.631 -2728.711 cv-woodpoles
3880 1 94 1998 0 -1 0 1322.614 -26.876 -2750.991 1322.235 -36.891 -2751.662 1323.416 -19.485 -2750.485 cv-woodpoles
3881 1 94 2000 0 -1 0 1370.650 8.404 -2798.695 1370.057 -1.623 -2799.327 1371.176 15.799 -2797.967 cv-woodpoles
3882 1 94 2002 0 -1 0 1352.870 11.470 -2798.481 1352.390 1.468 -2799.060 1353.675 18.855 -2797.686 cv-woodpoles
3883 1 94 2004 0 -1 0 1346.483 5.369 -2789.788 1345.639 -4.646 -2790.302 1346.871 12.761 -2789.160 cv-woodpoles
3884 1 94 2006 0 -1 0 1353.076 5.525 -2789.807 1352.672 -4.490 -2790.494 1353.857 12.916 -2789.311 cv-woodpoles
3885 1 94 2008 0 -1 0 1346.745 6.082 -2777.703 1345.902 -3.950 -2778.530 1347.311 13.477 -2777.294 cv-woodpoles
3886 1 94 2010 0 -1 0 1353.653 6.006 -2780.707 1353.276 -4.005 -2781.835 1354.512 13.388 -2780.247 cv-woodpoles
3887 1 94 2012 0 -1 0 1346.591 -10.582 -2790.840 1346.189 -20.597 -2791.403 1347.459 -3.191 -2790.332 cv-woodpoles
3888 1 94 2014 0 -1 0 1354.064 -13.659 -2790.206 1353.153 -23.686 -2790.670 1354.554 -6.266 -2789.607 cv-woodpoles
3889 1 94 2016 0 -1 0 1370.265 -11.502 -2798.328 1369.747 -21.517 -2799.198 1370.763 -4.111 -2797.916 cv-woodpoles
3890 1 94 2018 0 -1 0 1346.349 -13.854 -2777.200 1345.960 -23.869 -2777.804 1347.206 -6.463 -2776.686 cv-woodpoles
3891 1 94 2020 0 -1 0 1347.069 -18.134 -2799.212 1346.679 -28.125 -2800.122 1347.756 -10.750 -2798.778 cv-woodpoles
3892 1 94 2022 0 -1 0 1357.958 -18.134 -2799.212 1357.568 -28.125 -2800.122 1358.646 -10.750 -2798.778 cv-woodpoles
3893 1 94 2024 0 -1 0 1354.113 -12.634 -2780.962 1353.598 -22.657 -2781.629 1354.899 -5.240 -2780.501 cv-woodpoles
3894 1 94 2026 0 -1 0 1353.446 -5.635 -2797.781 1352.929 -15.649 -2798.166 1354.184 1.756 -2797.131 cv-woodpoles
3895 1 94 2028 0 -1 0 1322.362 0.149 -2776.208 1321.983 -9.866 -2776.879 1323.164 7.540 -2775.702 cv-woodpoles
3896 1 94 2030 0 -1 0 1321.314 -22.210 -2761.006 1320.593 -34.379 -2761.456 1321.933 -13.232 -2760.209 cv-woodpoles
3897 1 94 2032 0 -1 0 1323.190 -20.567 -2775.092 1322.811 -30.582 -2775.763 1323.992 -13.176 -2774.586 cv-woodpoles
3898 1 94 2034 0 -1 0 1322.347 -3.135 -2762.040 1321.458 -15.303 -2762.571 1322.857 5.841 -2761.132 cv-woodpoles
3899 1 94 2036 0 -1 0 1397.104 6.476 -2806.302 1396.749 -3.526 -2806.742 1397.947 13.864 -2805.689 cv-woodpoles
3900 1 94 2038 0 -1 0 1397.471 -14.400 -2806.205 1397.041 -24.412 -2806.714 1398.443 -7.012 -2805.642 cv-woodpoles
3901 1 94 2040 0 -1 0 1381.799 23.938 -2821.977 1381.071 16.561 -2823.055 1382.232 33.927 -2821.475 cv-woodpoles
3902 1 94 2042 0 -1 0 1382.153 24.530 -2817.508 1381.618 17.135 -2818.015 1382.989 34.559 -2816.990 cv-woodpoles
3903 1 94 2044 0 -1 0 1369.626 5.871 -2805.252 1369.108 -4.141 -2806.256 1370.123 13.258 -2804.828 cv-woodpoles
3904 1 94 2046 0 -1 0 1347.069 -16.700 -2804.807 1346.679 -26.691 -2805.717 1347.756 -9.316 -2804.373 cv-woodpoles
3905 1 94 2048 0 -1 0 1357.829 -16.700 -2805.103 1357.439 -26.691 -2806.013 1358.516 -9.316 -2804.669 cv-woodpoles
3906 1 94 2050 0 -1 0 1369.540 -11.304 -2805.517 1368.945 -21.323 -2806.310 1370.053 -3.912 -2805.023 cv-woodpoles
3907 1 94 2052 0 -1 0 1342.589 -23.039 -2834.814 1341.833 -33.019 -2835.313 1343.012 -15.662 -2833.848 cv-woodpoles
3908 1 94 2054 0 -1 0 1308.181 -6.506 -2838.007 1307.470 -16.495 -2838.527 1308.592 0.871 -2836.918 cv-woodpoles
3909 1 94 2056 0 -1 0 1307.404 -26.079 -2837.562 1306.900 -36.095 -2837.969 1307.947 -18.688 -2836.692 cv-woodpoles
3910 1 94 2058 0 -1 0 1318.035 -13.869 -2834.651 1317.324 -23.858 -2835.170 1318.446 -6.492 -2833.562 cv-woodpoles
3911 1 94 2060 0 -1 0 1298.417 1.448 -2859.493 1297.877 -8.541 -2859.876 1299.514 8.825 -2858.807 cv-woodpoles
3912 1 94 2062 0 -1 0 1306.570 1.996 -2863.550 1306.126 -8.002 -2864.352 1307.339 9.382 -2863.104 cv-woodpoles
3913 1 94 2064 0 -1 0 1300.655 -0.914 -2849.608 1300.210 -10.903 -2850.093 1301.685 6.463 -2848.794 cv-woodpoles
3914 1 94 2066 0 -1 0 1310.518 -7.718 -2844.351 1309.937 -17.707 -2845.222 1311.504 -0.341 -2843.939 cv-woodpoles
3915 1 94 2068 0 -1 0 1289.363 4.208 -2864.665 1288.931 -5.792 -2865.490 1290.089 11.594 -2864.216 cv-woodpoles
3916 1 94 2070 0 -1 0 1292.467 5.854 -2870.136 1291.935 -4.138 -2870.871 1293.366 13.237 -2869.653 cv-woodpoles
3917 1 94 2072 0 -1 0 1297.979 -0.210 -2843.809 1297.269 -10.198 -2844.329 1298.391 7.168 -2842.721 cv-woodpoles
3918 1 94 2074 0 -1 0 1307.267 -27.262 -2862.269 1306.689 -37.288 -2862.895 1307.762 -19.867 -2861.550 cv-woodpoles
3919 1 94 2076 0 -1 0 1300.435 -30.192 -2848.759 1300.017 -40.207 -2849.291 1301.290 -22.801 -2848.230 cv-woodpoles
3920 1 94 2078 0 -1 0 1311.420 -27.292 -2844.360 1310.891 -37.307 -2845.128 1312.097 -19.901 -2843.956 cv-woodpoles
3921 1 94 2080 0 -1 0 1298.914 -18.126 -2858.740 1298.514 -28.141 -2859.314 1299.780 -10.735 -2858.230 cv-woodpoles
3922 1 94 2082 0 -1 0 1307.322 -17.583 -2863.114 1306.744 -27.609 -2863.741 1307.817 -10.188 -2862.396 cv-woodpoles
3923 1 94 2084 0 -1 0 1300.926 -20.488 -2848.760 1300.508 -30.503 -2849.291 1301.781 -13.097 -2848.231 cv-woodpoles
3924 1 94 2086 0 -1 0 1319.187 -12.117 -2841.396 1318.802 -22.106 -2842.498 1319.836 -4.740 -2840.834 cv-woodpoles
3925 1 94 2088 0 -1 0 1340.501 -22.455 -2841.601 1339.459 -32.341 -2842.647 1342.093 -15.130 -2841.005 cv-woodpoles
3926 1 94 2090 0 -1 0 1297.101 -29.487 -2843.845 1296.597 -39.502 -2844.252 1297.644 -22.096 -2842.975 cv-woodpoles
3927 1 94 2092 0 -1 0 1290.158 -15.408 -2864.085 1289.640 -25.421 -2864.945 1290.656 -8.018 -2863.674 cv-woodpoles
3928 1 94 2094 0 -1 0 1290.158 -25.679 -2864.070 1289.640 -35.692 -2864.930 1290.656 -18.289 -2863.659 cv-woodpoles
3929 1 94 2096 0 -1 0 1293.457 -13.732 -2869.284 1292.926 -23.747 -2870.139 1293.987 -6.341 -2868.865 cv-woodpoles
3930 1 94 2098 0 -1 0 1293.457 -24.093 -2869.284 1292.926 -34.108 -2870.139 1293.987 -16.702 -2868.865 cv-woodpoles
3931 1 94 2100 0 -1 0 1297.202 -19.783 -2843.365 1296.698 -29.799 -2843.772 1297.745 -12.392 -2842.495 cv-woodpoles
3932 1 94 2102 0 -1 0 1298.434 -27.459 -2858.680 1298.034 -37.475 -2859.253 1299.300 -20.068 -2858.170 cv-woodpoles
3933 1 94 2106 0 -1 0 1419.135 17.408 -2726.266 1418.616 16.981 -2733.848 1419.766 18.215 -2715.992 cv-woodpoles
3934 1 94 2108 0 -1 0 1384.460 17.306 -2725.815 1383.941 16.879 -2733.397 1385.092 18.113 -2715.541 cv-woodpoles
3935 1 94 2110 0 -1 0 1391.587 17.306 -2725.815 1391.068 16.879 -2733.397 1392.218 18.113 -2715.541 cv-woodpoles
3936 1 94 2112 0 -1 0 1359.761 17.247 -2726.005 1359.242 16.820 -2733.586 1360.392 18.054 -2715.731 cv-woodpoles
3937 1 94 2114 0 -1 0 1318.056 17.323 -2753.996 1307.783 16.896 -2754.514 1325.638 18.130 -2753.364 cv-woodpoles
3938 1 94 2116 0 -1 0 1318.056 17.323 -2761.972 1307.783 16.896 -2762.491 1325.638 18.130 -2761.341 cv-woodpoles
3939 1 94 2118 0 -1 0 1318.056 17.323 -2769.970 1307.783 16.896 -2770.488 1325.638 18.130 -2769.338 cv-woodpoles
3940 1 94 2120 0 -1 0 1318.056 24.373 -2753.996 1307.783 23.946 -2754.514 1325.638 25.180 -2753.364 cv-woodpoles
3941 1 94 2122 0 -1 0 1318.056 24.373 -2761.972 1307.783 23.946 -2762.491 1325.638 25.180 -2761.341 cv-woodpoles
3942 1 94 2124 0 -1 0 1318.056 24.373 -2769.970 1307.783 23.946 -2770.488 1325.638 25.180 -2769.338 cv-woodpoles
3943 1 94 2126 0 -1 0 1318.056 32.397 -2769.970 1307.783 31.970 -2770.488 1325.638 33.204 -2769.338 cv-woodpoles
3944 1 94 2128 0 -1 0 1419.753 4.975 -2827.130 1419.121 4.548 -2837.404 1420.272 5.782 -2819.549 cv-woodpoles
3945 1 94 2130 0 -1 0 1427.742 4.975 -2827.130 1427.110 4.548 -2837.404 1428.260 5.782 -2819.549 cv-woodpoles
3946 1 94 2132 0 -1 0 1419.753 13.248 -2827.130 1419.121 12.821 -2837.404 1420.272 14.055 -2819.549 cv-woodpoles
3947 1 94 2134 0 -1 0 1427.742 13.248 -2827.130 1427.110 12.821 -2837.404 1428.260 14.055 -2819.549 cv-woodpoles
3948 1 94 2136 0 -1 0 1411.477 4.975 -2827.130 1410.845 4.548 -2837.404 1411.995 5.782 -2819.549 cv-woodpoles
3949 1 94 2138 0 -1 0 1403.163 4.975 -2827.130 1402.531 4.548 -2837.404 1403.681 5.782 -2819.549 cv-woodpoles
3950 1 94 2140 0 -1 0 1403.163 13.248 -2827.130 1402.531 12.821 -2837.404 1403.681 14.055 -2819.549 cv-woodpoles
3951 1 94 2142 0 -1 0 1411.477 13.248 -2827.130 1410.845 12.821 -2837.404 1411.995 14.055 -2819.549 cv-woodpoles
3952 1 94 2144 0 -1 0 1403.163 -3.345 -2827.130 1402.531 -3.771 -2837.404 1403.681 -2.538 -2819.549 cv-woodpoles
3953 1 94 2146 0 -1 0 1411.477 -3.345 -2827.130 1410.845 -3.771 -2837.404 1411.995 -2.538 -2819.549 cv-woodpoles
3954 1 94 2148 0 -1 0 1419.753 -3.345 -2827.130 1419.121 -3.771 -2837.404 1420.272 -2.538 -2819.549 cv-woodpoles
3955 1 94 2150 0 -1 0 1427.742 -3.345 -2827.130 1427.110 -3.771 -2837.404 1428.260 -2.538 -2819.549 cv-woodpoles
3956 1 48 2510 0 -1 0 1394.959 46.750 -2719.413 1389.856 44.468 -2724.623 1400.063 48.523 -2714.268 cv-wall-bumps-01
3957 1 48 2511 0 -1 0 1451.815 47.504 -2749.834 1446.662 44.458 -2754.766 1456.795 49.730 -2744.613 cv-wall-bumps-01
3958 1 48 2512 0 -1 0 1382.242 36.444 -2830.234 1377.009 34.012 -2835.315 1387.337 38.214 -2824.920 cv-wall-bumps-01
3959 1 48 2513 0 -1 0 1370.765 20.707 -2828.917 1365.634 18.441 -2834.187 1375.951 22.480 -2823.804 cv-wall-bumps-01
3960 1 48 2514 0 -1 0 1312.942 9.697 -2863.280 1307.928 7.088 -2867.941 1317.727 11.580 -2858.229 cv-wall-bumps-01
3961 1 48 2515 0 -1 0 1252.693 13.877 -2836.041 1248.227 11.526 -2840.563 1257.078 15.649 -2831.585 cv-wall-bumps-01
3962 1 48 2516 0 -1 0 1253.948 6.604 -2844.661 1248.810 4.276 -2849.792 1259.057 8.376 -2839.415 cv-wall-bumps-01
3963 1 48 2517 0 -1 0 1262.968 5.040 -2872.157 1257.884 3.029 -2877.195 1267.985 6.817 -2867.071 cv-wall-bumps-01
3964 1 96 2802 0 -1 0 1244.061 -24.429 -2884.377 1242.764 -24.548 -2885.673 1245.357 -24.310 -2883.080 cmn-precursor-ecovalve-grate
3965 1 30 2802 0 -1 0 1244.061 -24.429 -2884.377 1242.764 -24.548 -2885.673 1245.357 -24.310 -2883.080 environment-darkcave
3966 1 94 2152 0 -1 0 1321.713 -41.664 -2748.347 1321.214 -49.798 -2749.097 1322.585 -33.736 -2747.668 cv-woodpoles
3967 1 94 2155 0 -1 0 1321.844 -45.891 -2727.391 1321.226 -54.046 -2728.104 1322.439 -37.958 -2726.479 cv-woodpoles
3968 1 94 2158 0 -1 0 1321.939 -34.688 -2742.095 1321.434 -43.149 -2742.697 1322.855 -26.440 -2741.490 cv-woodpoles
3969 1 94 2164 0 -1 0 1263.085 7.192 -2886.716 1262.609 -0.942 -2887.446 1263.571 15.121 -2886.304 cv-woodpoles
3970 1 94 2167 0 -1 0 1268.234 10.832 -2875.901 1267.688 3.369 -2876.554 1268.810 18.093 -2875.495 cv-woodpoles
3971 1 94 2170 0 -1 0 1276.792 8.616 -2869.356 1276.015 0.495 -2870.727 1277.809 16.446 -2868.100 cv-woodpoles
3972 1 94 2173 0 -1 0 1261.878 7.192 -2902.961 1261.398 -0.942 -2903.694 1262.359 15.121 -2902.558 cv-woodpoles
3973 1 88 2761 0 -1 0 1427.627 -43.577 -2815.170 1426.889 -43.951 -2815.847 1428.373 -43.185 -2814.456 cmn-precursor-metal-plain-01
3974 1 88 2762 0 -1 0 1427.650 -43.577 -2823.867 1426.904 -43.951 -2824.581 1428.389 -43.185 -2823.190 cmn-precursor-metal-plain-01
3975 1 88 2763 0 -1 0 1424.559 -43.577 -2816.452 1423.936 -43.951 -2817.425 1425.545 -43.185 -2815.784 cmn-precursor-metal-plain-01
3976 1 88 2764 0 -1 0 1424.573 -43.577 -2822.598 1423.904 -43.951 -2823.222 1425.545 -43.185 -2821.612 cmn-precursor-metal-plain-01
3977 1 88 2765 0 -1 0 1430.705 -43.577 -2816.439 1429.733 -43.951 -2817.425 1431.373 -43.185 -2815.815 cmn-precursor-metal-plain-01
3978 1 88 2766 0 -1 0 1430.718 -43.577 -2822.585 1429.733 -43.951 -2823.253 1431.342 -43.185 -2821.612 cmn-precursor-metal-plain-01
3979 1 88 2767 0 -1 0 1423.290 -43.577 -2819.530 1422.576 -43.951 -2820.269 1423.967 -43.185 -2818.784 cmn-precursor-metal-plain-01
3980 1 88 2768 0 -1 0 1431.987 -43.577 -2819.507 1431.311 -43.951 -2820.253 1432.701 -43.185 -2818.769 cmn-precursor-metal-plain-01
3981 1 88 2770 0 -1 0 1199.500 -25.930 -2976.479 1198.754 -26.311 -2977.189 1200.238 -25.532 -2975.806 cmn-precursor-metal-plain-01
3982 1 88 2772 0 -1 0 1196.423 -25.910 -2975.210 1195.754 -26.288 -2975.830 1197.395 -25.514 -2974.222 cmn-precursor-metal-plain-01
3983 1 88 2774 0 -1 0 1202.567 -25.924 -2975.197 1201.581 -26.303 -2975.861 1203.190 -25.526 -2974.222 cmn-precursor-metal-plain-01
3984 1 88 2775 0 -1 0 1195.141 -25.874 -2972.144 1194.426 -26.246 -2972.879 1195.818 -25.483 -2971.395 cmn-precursor-metal-plain-01
3985 1 88 2776 0 -1 0 1203.836 -25.893 -2972.120 1203.160 -26.268 -2972.863 1204.549 -25.500 -2971.379 cmn-precursor-metal-plain-01
3986 1 30 2761 0 -1 0 1427.627 -43.577 -2815.170 1426.889 -43.951 -2815.847 1428.373 -43.185 -2814.456 environment-darkcave
3987 1 30 2762 0 -1 0 1427.650 -43.577 -2823.867 1426.904 -43.951 -2824.581 1428.389 -43.185 -2823.190 environment-darkcave
3988 1 30 2763 0 -1 0 1424.559 -43.577 -2816.452 1423.936 -43.951 -2817.425 1425.545 -43.185 -2815.784 environment-darkcave
3989 1 30 2764 0 -1 0 1424.573 -43.577 -2822.598 1423.904 -43.951 -2823.222 1425.545 -43.185 -2821.612 environment-darkcave
3990 1 30 2765 0 -1 0 1430.705 -43.577 -2816.439 1429.733 -43.951 -2817.425 1431.373 -43.185 -2815.815 environment-darkcave
3991 1 30 2766 0 -1 0 1430.718 -43.577 -2822.585 1429.733 -43.951 -2823.253 1431.342 -43.185 -2821.612 environment-darkcave
3992 1 30 2767 0 -1 0 1423.290 -43.577 -2819.530 1422.576 -43.951 -2820.269 1423.967 -43.185 -2818.784 environment-darkcave
3993 1 30 2768 0 -1 0 1431.987 -43.577 -2819.507 1431.311 -43.951 -2820.253 1432.701 -43.185 -2818.769 environment-darkcave
3994 1 30 2770 0 -1 0 1199.500 -25.930 -2976.479 1198.754 -26.311 -2977.189 1200.238 -25.532 -2975.806 environment-darkcave
3995 1 30 2772 0 -1 0 1196.423 -25.910 -2975.210 1195.754 -26.288 -2975.830 1197.395 -25.514 -2974.222 environment-darkcave
3996 1 30 2774 0 -1 0 1202.567 -25.924 -2975.197 1201.581 -26.303 -2975.861 1203.190 -25.526 -2974.222 environment-darkcave
3997 1 30 2775 0 -1 0 1195.141 -25.874 -2972.144 1194.426 -26.246 -2972.879 1195.818 -25.483 -2971.395 environment-darkcave
3998 1 30 2776 0 -1 0 1203.836 -25.893 -2972.120 1203.160 -26.268 -2972.863 1204.549 -25.500 -2971.379 environment-darkcave
3999 1 48 2501 0 -1 0 1435.813 32.555 -2722.899 1431.202 30.573 -2727.576 1440.614 34.350 -2718.342 cv-wall-bumps-01
4000 1 48 2502 0 -1 0 1395.020 32.633 -2719.968 1390.807 30.680 -2724.281 1399.529 34.336 -2715.752 cv-wall-bumps-01
4001 1 48 2503 0 -1 0 1451.827 32.299 -2749.120 1448.005 29.950 -2752.955 1455.691 34.347 -2745.285 cv-wall-bumps-01
4002 1 48 2504 0 -1 0 1382.129 22.333 -2830.102 1378.295 20.380 -2833.967 1386.024 24.036 -2826.262 cv-wall-bumps-01
4003 1 48 2505 0 -1 0 1370.891 6.588 -2829.481 1367.027 4.635 -2833.317 1374.713 8.291 -2825.647 cv-wall-bumps-01
4004 1 48 2506 0 -1 0 1312.004 -3.393 -2863.704 1307.588 -5.691 -2868.644 1316.327 -1.415 -2858.796 cv-wall-bumps-01
4005 1 48 2507 0 -1 0 1253.193 -3.290 -2844.550 1249.205 -5.531 -2848.491 1256.909 -1.596 -2840.680 cv-wall-bumps-01
4006 1 48 2508 0 -1 0 1251.856 3.982 -2836.518 1247.465 1.790 -2840.787 1255.885 5.679 -2832.299 cv-wall-bumps-01
4007 1 48 2509 0 -1 0 1257.746 4.039 -2867.372 1253.007 2.083 -2871.842 1262.302 5.798 -2862.709 cv-wall-bumps-01
4008 1 94 2205 0 -1 0 1423.681 11.414 -2730.786 1421.427 10.928 -2731.147 1425.940 11.904 -2730.291 cv-woodpoles
4009 1 94 2206 0 -1 0 1433.505 11.395 -2730.655 1429.777 10.904 -2731.128 1437.258 11.880 -2730.218 cv-woodpoles
4010 1 94 2162 0 -1 0 1263.008 -0.472 -2895.111 1262.291 -7.220 -2896.115 1263.984 6.593 -2893.965 cv-woodpoles
4011 1 94 2165 0 -1 0 1263.873 -0.507 -2886.959 1263.130 -7.254 -2887.911 1264.835 6.558 -2885.873 cv-woodpoles
4012 1 94 2168 0 -1 0 1268.933 3.793 -2876.528 1268.152 -2.409 -2877.325 1270.113 10.268 -2875.636 cv-woodpoles
4013 1 94 2171 0 -1 0 1277.783 1.111 -2870.975 1277.014 -5.668 -2872.668 1279.295 8.121 -2869.842 cv-woodpoles
4014 1 94 2174 0 -1 0 1262.656 -0.507 -2903.235 1261.891 -7.254 -2904.183 1263.616 6.558 -2902.154 cv-woodpoles
4015 1 88 2790 0 -1 0 1371.716 5.370 -2792.495 1369.128 2.076 -2794.045 1374.637 8.654 -2791.216 cmn-precursor-metal-plain-01
4016 1 30 2679 0 -1 0 1366.540 25.279 -2778.123 1365.887 24.206 -2778.826 1367.380 26.159 -2777.456 environment-darkcave
4017 1 55 2731 0 -1 0 1403.943 -36.281 -2842.992 1403.354 -37.313 -2843.924 1404.506 -35.820 -2842.377 cv-bluecrystal
4018 1 30 2731 0 -1 0 1403.943 -36.281 -2842.992 1403.354 -37.313 -2843.924 1404.506 -35.820 -2842.377 environment-darkcave
4019 1 88 2779 0 -1 0 1365.208 18.439 -2777.919 1360.876 14.581 -2782.212 1369.326 23.065 -2773.778 cmn-precursor-metal-plain-01
4020 1 94 2105 0 -1 0 1280.715 -31.431 -2865.846 1272.848 -33.782 -2872.788 1288.387 -29.457 -2859.140 cv-woodpoles
4021 1 41 2498 0 -1 0 1252.795 -21.600 -2844.717 1246.447 -33.969 -2849.202 1256.627 -10.639 -2840.911 cv-stal-01-merge
4022 1 41 2499 0 -1 0 1250.645 8.940 -2858.934 1246.525 -0.181 -2863.442 1253.322 17.023 -2855.988 cv-stal-01-merge
4023 1 41 2500 0 -1 0 1278.699 -29.110 -2873.246 1272.209 -41.479 -2878.596 1282.007 -18.150 -2869.176 cv-stal-01-merge
4024 1 94 2153 0 -1 0 1322.407 -49.364 -2747.584 1321.233 -56.111 -2748.726 1323.440 -42.298 -2746.283 cv-woodpoles
4025 1 94 2159 0 -1 0 1322.290 -42.697 -2741.125 1320.940 -49.716 -2742.086 1323.473 -35.347 -2739.920 cv-woodpoles
4026 1 88 2787 0 -1 0 1373.658 -13.120 -2768.857 1372.088 -16.979 -2769.755 1375.605 -11.432 -2766.548 cmn-precursor-metal-plain-01
4027 1 88 2680 0 -1 0 1371.928 -2.431 -2791.414 1367.734 -12.064 -2794.917 1376.168 1.561 -2787.886 cmn-precursor-metal-plain-01
4028 1 88 2789 0 -1 0 1372.096 5.205 -2791.205 1368.714 1.592 -2793.936 1375.187 9.123 -2787.464 cmn-precursor-metal-plain-01
4029 1 94 2156 0 -1 0 1322.800 -53.598 -2727.324 1321.836 -60.396 -2728.311 1323.972 -46.524 -2725.629 cv-woodpoles
4030 1 94 2176 0 -1 0 1419.169 17.123 -2733.751 1418.897 16.749 -2737.172 1419.444 17.470 -2730.351 cv-woodpoles
4031 1 94 2177 0 -1 0 1391.621 17.123 -2733.751 1391.349 16.749 -2737.172 1391.896 17.470 -2730.351 cv-woodpoles
4032 1 94 2178 0 -1 0 1384.495 17.123 -2733.751 1384.222 16.749 -2737.172 1384.770 17.470 -2730.351 cv-woodpoles
4033 1 94 2179 0 -1 0 1359.795 17.064 -2733.940 1359.523 16.690 -2737.362 1360.070 17.410 -2730.540 cv-woodpoles
4034 1 94 2180 0 -1 0 1341.746 17.212 -2733.658 1341.418 16.843 -2737.630 1342.048 17.553 -2729.712 cv-woodpoles
4035 1 94 2181 0 -1 0 1325.541 17.161 -2753.898 1322.141 16.787 -2754.170 1328.963 17.507 -2753.623 cv-woodpoles
4036 1 94 2182 0 -1 0 1325.541 17.161 -2761.874 1322.141 16.787 -2762.146 1328.963 17.507 -2761.599 cv-woodpoles
4037 1 94 2183 0 -1 0 1325.541 17.161 -2769.872 1322.141 16.787 -2770.144 1328.963 17.507 -2769.597 cv-woodpoles
4038 1 94 2184 0 -1 0 1325.541 24.211 -2753.898 1322.141 23.837 -2754.170 1328.963 24.558 -2753.623 cv-woodpoles
4039 1 94 2185 0 -1 0 1325.541 24.211 -2761.874 1322.141 23.837 -2762.146 1328.963 24.558 -2761.599 cv-woodpoles
4040 1 94 2186 0 -1 0 1325.541 24.211 -2769.872 1322.141 23.837 -2770.144 1328.963 24.558 -2769.597 cv-woodpoles
4041 1 94 2187 0 -1 0 1325.541 32.235 -2769.872 1322.141 31.861 -2770.144 1328.963 32.581 -2769.597 cv-woodpoles
4042 1 94 2188 0 -1 0 1353.774 29.078 -2781.370 1353.381 28.632 -2784.769 1354.162 29.492 -2777.948 cv-woodpoles
4043 1 94 2189 0 -1 0 1361.759 29.078 -2781.370 1361.367 28.632 -2784.769 1362.148 29.492 -2777.948 cv-woodpoles
4044 1 94 2190 0 -1 0 1369.690 29.078 -2781.370 1369.297 28.632 -2784.769 1370.079 29.492 -2777.948 cv-woodpoles
4045 1 94 2191 0 -1 0 1419.758 4.837 -2819.459 1419.483 4.463 -2822.859 1420.030 5.183 -2816.037 cv-woodpoles
4046 1 94 2192 0 -1 0 1427.747 4.837 -2819.459 1427.472 4.463 -2822.859 1428.019 5.183 -2816.037 cv-woodpoles
4047 1 94 2193 0 -1 0 1419.758 13.110 -2819.459 1419.483 12.736 -2822.859 1420.030 13.456 -2816.037 cv-woodpoles
4048 1 94 2194 0 -1 0 1427.747 13.110 -2819.459 1427.472 12.736 -2822.859 1428.019 13.456 -2816.037 cv-woodpoles
4049 1 94 2195 0 -1 0 1403.168 4.837 -2819.459 1402.893 4.463 -2822.859 1403.440 5.183 -2816.037 cv-woodpoles
4050 1 94 2196 0 -1 0 1411.482 4.837 -2819.459 1411.207 4.463 -2822.859 1411.754 5.183 -2816.037 cv-woodpoles
4051 1 94 2197 0 -1 0 1403.168 13.110 -2819.459 1402.893 12.736 -2822.859 1403.440 13.456 -2816.037 cv-woodpoles
4052 1 94 2198 0 -1 0 1411.482 13.110 -2819.459 1411.207 12.736 -2822.859 1411.754 13.456 -2816.037 cv-woodpoles
4053 1 94 2199 0 -1 0 1403.168 -3.483 -2819.459 1402.893 -3.857 -2822.859 1403.440 -3.136 -2816.037 cv-woodpoles
4054 1 94 2200 0 -1 0 1411.482 -3.483 -2819.459 1411.207 -3.857 -2822.859 1411.754 -3.136 -2816.037 cv-woodpoles
4055 1 94 2201 0 -1 0 1419.758 -3.483 -2819.459 1419.483 -3.857 -2822.859 1420.030 -3.136 -2816.037 cv-woodpoles
4056 1 94 2202 0 -1 0 1427.747 -3.483 -2819.459 1427.472 -3.857 -2822.859 1428.019 -3.136 -2816.037 cv-woodpoles
4057 1 94 2203 0 -1 0 1418.565 15.700 -2708.892 1417.883 13.272 -2710.958 1419.062 18.076 -2706.593 cv-woodpoles
4058 1 94 2204 0 -1 0 1419.830 14.718 -2715.477 1418.737 11.147 -2717.318 1421.138 18.152 -2713.550 cv-woodpoles
4059 1 94 2207 0 -1 0 1384.488 15.700 -2717.364 1383.806 13.272 -2719.430 1384.985 18.076 -2715.066 cv-woodpoles
4060 1 94 2208 0 -1 0 1391.017 15.700 -2705.803 1390.335 13.272 -2707.869 1391.514 18.076 -2703.504 cv-woodpoles
4061 1 94 2209 0 -1 0 1391.858 15.881 -2725.879 1390.997 13.017 -2727.321 1392.516 18.622 -2724.346 cv-woodpoles
4062 1 94 2210 0 -1 0 1398.449 9.210 -2731.593 1398.060 6.266 -2733.830 1398.841 11.972 -2729.282 cv-woodpoles
4063 1 94 2211 0 -1 0 1434.107 10.559 -2758.796 1430.665 9.131 -2760.547 1437.584 11.807 -2757.343 cv-woodpoles
4064 1 94 2212 0 -1 0 1435.136 9.829 -2773.287 1432.742 7.598 -2773.733 1437.660 11.909 -2772.874 cv-woodpoles
4065 1 94 2213 0 -1 0 1433.204 9.731 -2759.566 1428.906 7.541 -2760.012 1437.563 11.736 -2759.153 cv-woodpoles
4066 1 94 2214 0 -1 0 1395.530 9.424 -2798.880 1393.237 7.088 -2799.326 1397.962 11.617 -2798.466 cv-woodpoles
4067 1 94 2217 0 -1 0 1435.961 -2.474 -2741.769 1434.836 -4.912 -2743.818 1437.304 -0.254 -2739.648 cv-woodpoles
4068 1 94 2218 0 -1 0 1429.827 -2.080 -2732.119 1429.431 -4.425 -2734.460 1430.430 0.048 -2729.718 cv-woodpoles
4069 1 94 2219 0 -1 0 1425.897 -2.211 -2732.119 1424.925 -4.447 -2734.514 1426.686 -0.218 -2729.680 cv-woodpoles
4070 1 94 2220 0 -1 0 1419.400 -2.663 -2736.104 1417.455 -5.200 -2737.141 1421.495 -0.226 -2735.386 cv-woodpoles
4071 1 94 2221 0 -1 0 1418.360 -2.609 -2731.582 1416.498 -5.194 -2732.463 1420.407 -0.155 -2730.600 cv-woodpoles
4072 1 94 2222 0 -1 0 1398.620 -2.702 -2731.440 1398.232 -5.217 -2733.617 1399.013 -0.392 -2729.197 cv-woodpoles
4073 1 94 2223 0 -1 0 1391.917 -2.648 -2730.758 1389.747 -5.209 -2731.154 1393.954 -0.226 -2730.337 cv-woodpoles
4074 1 94 2224 0 -1 0 1391.917 -2.648 -2746.370 1389.747 -5.209 -2746.767 1393.954 -0.226 -2745.949 cv-woodpoles
4075 1 94 2225 0 -1 0 1436.180 -14.541 -2732.127 1435.472 -16.819 -2734.485 1437.122 -12.497 -2729.710 cv-woodpoles
4076 1 94 2226 0 -1 0 1435.934 -14.393 -2742.496 1435.487 -16.698 -2744.874 1436.613 -12.315 -2740.061 cv-woodpoles
4077 1 94 2227 0 -1 0 1426.421 -14.691 -2731.497 1425.227 -17.282 -2733.377 1427.426 -12.285 -2729.553 cv-woodpoles
4078 1 94 2228 0 -1 0 1391.477 -14.523 -2731.464 1389.235 -16.958 -2732.423 1393.569 -12.276 -2730.409 cv-woodpoles
4079 1 94 2229 0 -1 0 1436.245 -2.470 -2758.160 1435.312 -4.655 -2760.606 1437.364 -0.355 -2755.928 cv-woodpoles
4080 1 94 2230 0 -1 0 1399.354 -2.924 -2759.526 1397.733 -5.595 -2760.776 1401.137 -0.334 -2758.588 cv-woodpoles
4081 1 94 2231 0 -1 0 1436.137 -14.168 -2758.853 1434.896 -16.176 -2761.330 1437.552 -12.246 -2756.581 cv-woodpoles
4082 1 94 2232 0 -1 0 1435.989 -0.652 -2771.241 1435.637 -1.136 -2774.249 1436.510 -0.286 -2768.245 cv-woodpoles
4083 1 94 2233 0 -1 0 1436.079 -0.633 -2761.456 1435.730 -1.134 -2764.446 1436.493 -0.276 -2758.450 cv-woodpoles
4084 1 94 2234 0 -1 0 1409.389 -21.809 -2800.210 1408.586 -24.805 -2800.656 1410.406 -18.839 -2799.797 cv-woodpoles
4085 1 94 2235 0 -1 0 1409.389 -21.809 -2803.670 1408.586 -24.805 -2804.116 1410.406 -18.839 -2803.257 cv-woodpoles
4086 1 94 2236 0 -1 0 1391.592 -14.572 -2747.428 1390.548 -16.947 -2749.654 1392.430 -12.417 -2745.139 cv-woodpoles
4087 1 94 2237 0 -1 0 1396.375 -14.764 -2779.166 1395.367 -17.346 -2781.078 1397.501 -12.376 -2777.135 cv-woodpoles
4088 1 94 2238 0 -1 0 1382.433 -2.546 -2798.898 1380.627 -5.022 -2800.259 1384.430 -0.245 -2797.445 cv-woodpoles
4089 1 94 2239 0 -1 0 1396.149 -2.089 -2799.548 1395.026 -4.002 -2802.064 1397.476 -0.443 -2796.977 cv-woodpoles
4090 1 94 2240 0 -1 0 1395.738 -14.387 -2799.657 1393.155 -16.419 -2800.297 1398.354 -12.619 -2798.824 cv-woodpoles
4091 1 94 2241 0 -1 0 1359.191 15.641 -2709.600 1358.509 13.213 -2711.666 1359.688 18.017 -2707.302 cv-woodpoles
4092 1 94 2242 0 -1 0 1377.138 22.017 -2774.197 1374.560 20.029 -2774.575 1379.830 23.835 -2773.712 cv-woodpoles
4093 1 94 2243 0 -1 0 1380.911 21.931 -2774.230 1378.144 20.090 -2774.674 1383.583 23.582 -2773.679 cv-woodpoles
4094 1 94 2244 0 -1 0 1377.905 22.006 -2785.273 1375.372 19.965 -2786.012 1380.541 23.888 -2784.846 cv-woodpoles
4095 1 94 2245 0 -1 0 1380.909 21.944 -2785.323 1378.142 20.093 -2785.752 1383.586 23.609 -2784.902 cv-woodpoles
4096 1 94 2246 0 -1 0 1325.655 21.637 -2784.253 1323.646 19.186 -2785.687 1327.530 24.005 -2783.122 cv-woodpoles
4097 1 94 2247 0 -1 0 1328.181 21.699 -2779.445 1326.146 19.173 -2780.040 1330.382 24.092 -2778.746 cv-woodpoles
4098 1 94 2248 0 -1 0 1340.794 23.556 -2784.115 1337.790 23.210 -2784.561 1343.781 23.991 -2783.702 cv-woodpoles
4099 1 94 2249 0 -1 0 1348.151 23.494 -2782.548 1347.707 23.105 -2784.785 1348.565 23.886 -2780.298 cv-woodpoles
4100 1 94 2250 0 -1 0 1347.445 11.435 -2732.639 1347.056 10.989 -2734.891 1347.837 11.848 -2730.402 cv-woodpoles
4101 1 94 2251 0 -1 0 1352.408 11.435 -2732.444 1352.019 10.989 -2734.696 1352.801 11.848 -2730.207 cv-woodpoles
4102 1 94 2252 0 -1 0 1348.143 9.371 -2790.209 1345.937 6.829 -2790.655 1350.197 11.786 -2789.796 cv-woodpoles
4103 1 94 2253 0 -1 0 1323.676 9.416 -2745.801 1321.433 6.902 -2746.247 1325.769 11.799 -2745.387 cv-woodpoles
4104 1 94 2254 0 -1 0 1323.176 9.879 -2731.619 1322.787 7.707 -2734.136 1323.569 11.801 -2729.051 cv-woodpoles
4105 1 94 2255 0 -1 0 1323.210 -0.804 -2749.265 1322.751 -1.236 -2752.256 1323.543 -0.336 -2746.261 cv-woodpoles
4106 1 94 2256 0 -1 0 1341.548 -2.232 -2731.619 1341.159 -4.404 -2734.136 1341.941 -0.310 -2729.051 cv-woodpoles
4107 1 94 2257 0 -1 0 1340.224 -24.821 -2732.892 1339.835 -25.333 -2735.144 1340.616 -24.346 -2730.655 cv-woodpoles
4108 1 94 2258 0 -1 0 1365.562 -14.225 -2731.490 1363.232 -16.355 -2732.573 1368.037 -12.292 -2730.310 cv-woodpoles
4109 1 94 2259 0 -1 0 1341.253 -14.174 -2732.540 1340.864 -16.345 -2735.057 1341.645 -12.251 -2729.972 cv-woodpoles
4110 1 94 2260 0 -1 0 1324.493 -24.790 -2748.260 1322.244 -25.302 -2748.731 1326.748 -24.315 -2747.923 cv-woodpoles
4111 1 94 2261 0 -1 0 1372.445 -2.718 -2799.642 1370.273 -5.266 -2800.223 1374.462 -0.310 -2798.957 cv-woodpoles
4112 1 94 2262 0 -1 0 1368.965 -2.717 -2799.637 1367.033 -5.317 -2800.220 1371.069 -0.243 -2798.950 cv-woodpoles
4113 1 94 2263 0 -1 0 1352.732 -1.952 -2782.291 1351.848 -3.920 -2784.848 1353.827 -0.248 -2779.692 cv-woodpoles
4114 1 94 2264 0 -1 0 1368.965 -14.998 -2799.637 1367.033 -17.598 -2800.220 1371.069 -12.524 -2798.950 cv-woodpoles
4115 1 94 2265 0 -1 0 1372.633 -15.047 -2799.642 1370.461 -17.595 -2800.223 1374.650 -12.639 -2798.957 cv-woodpoles
4116 1 94 2266 0 -1 0 1323.467 -0.777 -2759.095 1322.825 -1.222 -2762.100 1323.888 -0.338 -2756.090 cv-woodpoles
4117 1 94 2267 0 -1 0 1327.294 -1.612 -2784.262 1324.385 -2.979 -2785.102 1330.159 -0.443 -2783.746 cv-woodpoles
4118 1 94 2268 0 -1 0 1327.256 -13.820 -2784.367 1324.365 -15.176 -2785.400 1330.100 -12.660 -2783.653 cv-woodpoles
4119 1 94 2269 0 -1 0 1332.233 -22.016 -2803.965 1330.623 -24.872 -2804.798 1333.723 -19.293 -2803.254 cv-woodpoles
4120 1 94 2270 0 -1 0 1332.354 -22.062 -2799.599 1330.615 -24.862 -2799.982 1333.980 -19.367 -2798.887 cv-woodpoles
4121 1 94 2271 0 -1 0 1428.041 2.743 -2833.584 1427.555 0.060 -2836.823 1428.531 5.337 -2830.586 cv-woodpoles
4122 1 94 2272 0 -1 0 1428.041 11.123 -2834.487 1427.555 8.440 -2837.727 1428.531 13.717 -2831.489 cv-woodpoles
4123 1 94 2273 0 -1 0 1420.236 11.074 -2849.133 1419.750 8.391 -2852.373 1420.727 13.668 -2846.135 cv-woodpoles
4124 1 94 2274 0 -1 0 1419.874 3.100 -2841.779 1419.388 0.417 -2845.019 1420.365 5.694 -2838.781 cv-woodpoles
4125 1 94 2275 0 -1 0 1396.343 9.620 -2804.476 1395.889 7.558 -2807.089 1397.120 11.513 -2801.956 cv-woodpoles
4126 1 94 2276 0 -1 0 1411.665 11.642 -2851.138 1411.180 9.647 -2854.738 1412.156 13.526 -2847.694 cv-woodpoles
4127 1 94 2277 0 -1 0 1404.141 11.137 -2831.471 1403.223 8.610 -2834.736 1405.327 13.571 -2828.433 cv-woodpoles
4128 1 94 2278 0 -1 0 1409.233 12.004 -2834.509 1406.519 10.157 -2837.409 1411.731 13.737 -2831.853 cv-woodpoles
4129 1 94 2279 0 -1 0 1403.815 2.558 -2833.345 1403.330 -0.125 -2836.585 1404.306 5.152 -2830.347 cv-woodpoles
4130 1 94 2280 0 -1 0 1403.346 -5.672 -2831.343 1402.860 -8.355 -2834.582 1403.836 -3.078 -2828.345 cv-woodpoles
4131 1 94 2281 0 -1 0 1428.041 -5.459 -2832.160 1427.555 -8.142 -2835.400 1428.531 -2.865 -2829.162 cv-woodpoles
4132 1 94 2282 0 -1 0 1420.048 -5.459 -2832.160 1419.562 -8.142 -2835.400 1420.538 -2.865 -2829.162 cv-woodpoles
4133 1 94 2283 0 -1 0 1411.750 -5.600 -2832.160 1411.264 -8.283 -2835.400 1412.241 -3.006 -2829.162 cv-woodpoles
4134 1 94 2284 0 -1 0 1371.821 -2.634 -2804.267 1369.568 -5.020 -2805.378 1373.925 -0.333 -2803.467 cv-woodpoles
4135 1 94 2285 0 -1 0 1368.256 -2.523 -2804.301 1366.306 -5.037 -2805.390 1370.358 -0.104 -2803.529 cv-woodpoles
4136 1 94 2286 0 -1 0 1368.256 -14.803 -2804.301 1366.306 -17.317 -2805.390 1370.358 -12.384 -2803.529 cv-woodpoles
4137 1 94 2287 0 -1 0 1372.009 -14.963 -2804.267 1369.756 -17.349 -2805.378 1374.113 -12.662 -2803.467 cv-woodpoles
4138 1 94 2288 0 -1 0 1331.744 -23.165 -2821.716 1331.056 -26.179 -2822.153 1332.220 -20.169 -2821.174 cv-woodpoles
4139 1 94 2289 0 -1 0 1330.851 -24.384 -2822.271 1330.405 -27.398 -2822.707 1331.518 -21.386 -2821.728 cv-woodpoles
4140 1 94 2290 0 -1 0 1319.485 -24.156 -2820.213 1318.341 -27.130 -2820.604 1320.732 -21.267 -2819.663 cv-woodpoles
4141 1 94 2291 0 -1 0 1326.587 -23.771 -2824.288 1325.442 -26.744 -2824.678 1327.833 -20.881 -2823.738 cv-woodpoles
4142 1 94 2292 0 -1 0 1319.832 -24.699 -2827.727 1319.035 -27.611 -2829.022 1320.417 -21.768 -2826.741 cv-woodpoles
4143 1 94 2293 0 -1 0 1307.366 -4.043 -2838.875 1305.995 -6.516 -2840.723 1308.957 -1.774 -2836.948 cv-woodpoles
4144 1 94 2294 0 -1 0 1309.645 -8.708 -2838.537 1307.117 -10.925 -2838.891 1312.003 -6.588 -2838.073 cv-woodpoles
4145 1 94 2295 0 -1 0 1315.694 -24.719 -2829.897 1315.171 -27.731 -2830.322 1316.326 -21.719 -2829.499 cv-woodpoles
4146 1 94 2296 0 -1 0 1316.597 -9.651 -2835.992 1315.226 -12.124 -2837.840 1318.188 -7.382 -2834.064 cv-woodpoles
4147 1 94 2297 0 -1 0 1311.276 -25.734 -2825.130 1310.883 -28.736 -2825.576 1311.664 -22.752 -2824.717 cv-woodpoles
4148 1 94 2298 0 -1 0 1308.864 -27.559 -2831.906 1308.342 -30.570 -2832.331 1309.497 -24.559 -2831.508 cv-woodpoles
4149 1 94 2299 0 -1 0 1308.345 -27.015 -2832.749 1307.884 -30.030 -2833.350 1308.696 -24.021 -2831.992 cv-woodpoles
4150 1 94 2300 0 -1 0 1289.656 -30.118 -2839.491 1288.859 -33.030 -2840.786 1290.241 -27.187 -2838.505 cv-woodpoles
4151 1 94 2301 0 -1 0 1305.107 -29.978 -2836.750 1304.134 -32.975 -2837.229 1305.763 -26.981 -2836.404 cv-woodpoles
4152 1 94 2302 0 -1 0 1309.421 -29.079 -2809.044 1309.029 -32.072 -2809.646 1309.810 -26.065 -2808.337 cv-woodpoles
4153 1 94 2303 0 -1 0 1309.736 -29.891 -2816.307 1308.424 -32.769 -2817.063 1311.248 -27.113 -2815.449 cv-woodpoles
4154 1 94 2304 0 -1 0 1302.596 -30.642 -2835.896 1301.586 -33.613 -2836.342 1303.392 -27.645 -2835.483 cv-woodpoles
4155 1 94 2305 0 -1 0 1306.888 -30.937 -2809.825 1306.495 -33.929 -2810.427 1307.277 -27.923 -2809.118 cv-woodpoles
4156 1 94 2306 0 -1 0 1305.085 -30.442 -2809.842 1303.772 -33.345 -2810.216 1306.592 -27.608 -2809.396 cv-woodpoles
4157 1 94 2307 0 -1 0 1296.771 0.065 -2844.423 1295.400 -2.408 -2846.271 1298.362 2.334 -2842.496 cv-woodpoles
4158 1 94 2308 0 -1 0 1299.686 -3.684 -2844.228 1297.086 -5.824 -2844.645 1302.112 -1.642 -2843.688 cv-woodpoles
4159 1 94 2309 0 -1 0 1298.659 0.364 -2858.198 1297.850 -1.727 -2860.360 1299.735 2.389 -2856.262 cv-woodpoles
4160 1 94 2310 0 -1 0 1298.415 4.184 -2861.010 1297.387 1.998 -2862.993 1299.239 6.153 -2858.961 cv-woodpoles
4161 1 94 2311 0 -1 0 1340.731 -18.445 -2839.972 1340.291 -20.196 -2842.810 1341.108 -16.815 -2837.273 cv-woodpoles
4162 1 94 2312 0 -1 0 1289.794 -30.377 -2847.350 1288.996 -33.288 -2848.645 1290.378 -27.446 -2846.364 cv-woodpoles
4163 1 94 2313 0 -1 0 1297.892 -30.277 -2841.718 1297.205 -33.291 -2842.155 1298.368 -27.281 -2841.175 cv-woodpoles
4164 1 94 2314 0 -1 0 1292.967 -30.289 -2845.078 1292.280 -33.303 -2845.514 1293.443 -27.293 -2844.535 cv-woodpoles
4165 1 94 2315 0 -1 0 1281.879 14.738 -2874.737 1279.549 12.710 -2877.785 1284.393 16.680 -2871.888 cv-woodpoles
4166 1 94 2316 0 -1 0 1282.468 9.201 -2875.245 1280.998 7.797 -2877.950 1284.129 10.515 -2872.705 cv-woodpoles
4167 1 94 2317 0 -1 0 1288.512 7.699 -2865.996 1287.066 5.085 -2867.551 1290.057 10.132 -2864.298 cv-woodpoles
4168 1 94 2318 0 -1 0 1287.175 9.038 -2871.302 1285.706 7.633 -2874.008 1288.837 10.351 -2868.763 cv-woodpoles
4169 1 94 2319 0 -1 0 1274.401 15.089 -2881.458 1272.324 13.117 -2883.309 1276.685 16.985 -2879.849 cv-woodpoles
4170 1 94 2320 0 -1 0 1271.565 14.800 -2885.098 1269.131 12.828 -2886.206 1274.190 16.696 -2884.218 cv-woodpoles
4171 1 94 2321 0 -1 0 1283.324 12.671 -2874.633 1281.454 10.644 -2877.969 1285.394 14.614 -2871.478 cv-woodpoles
4172 1 94 2322 0 -1 0 1265.701 15.124 -2895.028 1263.168 13.152 -2895.523 1268.404 17.020 -2894.673 cv-woodpoles
4173 1 94 2323 0 -1 0 1268.034 15.089 -2886.987 1265.509 13.117 -2887.536 1270.727 16.985 -2886.611 cv-woodpoles
4174 1 94 2324 0 -1 0 1283.684 -31.626 -2843.765 1282.540 -34.599 -2844.156 1284.930 -28.736 -2843.216 cv-woodpoles
4175 1 94 2325 0 -1 0 1280.245 -32.652 -2843.057 1279.557 -35.666 -2843.494 1280.720 -29.656 -2842.515 cv-woodpoles
4176 1 94 2326 0 -1 0 1287.314 -30.586 -2841.215 1286.694 -33.601 -2841.767 1288.043 -27.591 -2840.902 cv-woodpoles
4177 1 94 2327 0 -1 0 1277.657 -31.676 -2842.128 1276.860 -34.588 -2843.423 1278.242 -28.746 -2841.143 cv-woodpoles
4178 1 94 2328 0 -1 0 1281.694 -31.748 -2855.077 1281.344 -34.756 -2855.514 1282.200 -28.746 -2854.534 cv-woodpoles
4179 1 94 2329 0 -1 0 1282.985 -32.600 -2852.847 1281.723 -35.517 -2853.293 1284.041 -29.637 -2852.434 cv-woodpoles
4180 1 94 2330 0 -1 0 1265.359 15.089 -2903.343 1262.843 13.117 -2903.987 1268.043 16.985 -2902.923 cv-woodpoles
4181 1 30 2786 0 -1 0 1374.048 11.895 -2767.251 1371.372 9.224 -2769.917 1376.709 14.583 -2764.580 environment-darkcave
4182 1 32 2679 0 -1 0 1366.520 25.292 -2778.121 1365.887 24.221 -2778.826 1367.376 26.159 -2777.456 cv-robo-blue-01
4183 1 88 2788 0 -1 0 1372.866 12.544 -2778.412 1363.222 1.094 -2788.211 1380.867 19.812 -2769.043 cmn-precursor-metal-plain-01
4184 1 30 2782 0 -1 0 1371.985 11.903 -2790.314 1369.323 9.233 -2792.832 1374.660 14.592 -2787.494 environment-darkcave
4185 1 48 2498 0 -1 0 1252.180 -9.538 -2844.148 1248.967 -23.305 -2848.387 1256.119 -1.962 -2840.026 cv-wall-bumps-01
4186 1 48 2499 0 -1 0 1250.050 17.834 -2859.099 1247.218 7.683 -2861.595 1253.058 23.421 -2856.238 cv-wall-bumps-01
4187 1 48 2500 0 -1 0 1277.866 -17.049 -2873.160 1274.325 -30.816 -2877.000 1281.642 -9.473 -2869.100 cv-wall-bumps-01
4188 1 48 2491 0 -1 0 1449.042 -0.223 -2768.022 1445.840 -2.088 -2771.446 1452.318 1.124 -2764.606 cv-wall-bumps-01
4189 1 48 2492 0 -1 0 1428.397 28.207 -2846.070 1424.834 26.143 -2849.391 1432.326 29.698 -2842.993 cv-wall-bumps-01
4190 1 48 2493 0 -1 0 1312.796 -8.144 -2865.114 1309.943 -10.015 -2868.557 1315.795 -6.793 -2861.569 cv-wall-bumps-01
4191 1 48 2494 0 -1 0 1294.382 -7.538 -2873.397 1290.913 -9.456 -2876.378 1297.876 -6.154 -2870.555 cv-wall-bumps-01
4192 1 48 2495 0 -1 0 1241.843 30.122 -2856.841 1238.911 28.249 -2860.246 1244.625 31.474 -2853.501 cv-wall-bumps-01
4193 1 48 2496 0 -1 0 1252.815 37.350 -2836.044 1249.511 35.477 -2838.982 1255.862 38.702 -2832.868 cv-wall-bumps-01
4194 1 48 2497 0 -1 0 1250.064 -1.162 -2836.541 1246.592 -3.022 -2839.548 1253.295 0.181 -2833.658 cv-wall-bumps-01
4195 1 88 2786 0 -1 0 1374.101 11.944 -2767.169 1371.372 9.224 -2769.917 1376.709 14.583 -2764.580 cmn-precursor-metal-plain-01
4196 1 88 2782 0 -1 0 1372.023 11.956 -2790.430 1369.323 9.233 -2792.832 1374.660 14.592 -2787.494 cmn-precursor-metal-plain-01
4197 1 28 2490 0 -1 0 1337.882 -24.108 -2866.449 1336.358 -25.717 -2868.202 1339.812 -22.454 -2865.087 cv-wall-02-2x2
4198 1 28 2477 0 -1 0 1436.392 -24.108 -2742.771 1434.583 -25.029 -2744.540 1438.302 -22.623 -2740.978 cv-wall-02-2x2
4199 1 28 2478 0 -1 0 1438.438 -24.292 -2734.749 1436.731 -26.064 -2736.152 1440.395 -23.188 -2732.879 cv-wall-02-2x2
4200 1 28 2479 0 -1 0 1431.776 -24.047 -2799.685 1429.776 -25.797 -2802.056 1434.269 -22.403 -2797.730 cv-wall-02-2x2
4201 1 28 2480 0 -1 0 1422.149 -23.526 -2784.011 1420.340 -24.447 -2785.781 1424.059 -22.040 -2782.218 cv-wall-02-2x2
4202 1 28 2481 0 -1 0 1398.585 -23.581 -2765.202 1396.586 -25.330 -2767.573 1401.078 -21.936 -2763.247 cv-wall-02-2x2
4203 1 28 2482 0 -1 0 1358.493 -24.448 -2795.994 1356.360 -25.635 -2798.248 1360.821 -22.649 -2793.919 cv-wall-02-2x2
4204 1 28 2483 0 -1 0 1343.842 -24.486 -2755.467 1341.842 -26.235 -2757.838 1346.335 -22.841 -2753.512 cv-wall-02-2x2
4205 1 28 2484 0 -1 0 1298.312 -25.180 -2794.208 1296.313 -26.930 -2796.579 1300.806 -23.536 -2792.253 cv-wall-02-2x2
4206 1 28 2485 0 -1 0 1323.059 -25.063 -2788.547 1321.060 -26.812 -2790.918 1325.553 -23.418 -2786.593 cv-wall-02-2x2
4207 1 28 2486 0 -1 0 1434.052 -24.192 -2805.951 1432.244 -25.113 -2807.721 1435.962 -22.706 -2804.158 cv-wall-02-2x2
4208 1 28 2487 0 -1 0 1378.751 -24.047 -2812.893 1376.752 -25.797 -2815.264 1381.244 -22.403 -2810.938 cv-wall-02-2x2
4209 1 28 2488 0 -1 0 1290.582 -29.762 -2836.653 1288.773 -31.283 -2838.053 1292.492 -28.417 -2834.755 cv-wall-02-2x2
4210 1 28 2489 0 -1 0 1307.617 -31.320 -2819.235 1305.752 -33.351 -2821.611 1310.128 -29.868 -2817.398 cv-wall-02-2x2
4211 1 32 2675 0 -1 0 1363.098 18.744 -2780.111 1360.922 16.549 -2782.299 1365.279 20.940 -2777.927 cv-robo-blue-01
4212 1 32 2676 0 -1 0 1363.505 18.744 -2775.556 1361.329 16.549 -2777.740 1365.685 20.940 -2773.368 cv-robo-blue-01
4213 1 30 2675 0 -1 0 1363.098 18.744 -2780.111 1360.922 16.549 -2782.299 1365.279 20.940 -2777.927 environment-darkcave
4214 1 30 2676 0 -1 0 1363.505 18.744 -2775.556 1361.329 16.549 -2777.740 1365.685 20.940 -2773.368 environment-darkcave
4215 0 26 125 0 -1 8597 1409.966 1.158 -2730.891 1409.672 0.859 -2730.891 1410.265 1.453 -2730.891 cv-spatula-pole-top-01
4216 0 42 1006 0 -1 9463 1420.637 -24.633 -2827.660 1420.187 -26.532 -2827.828 1421.062 -22.657 -2827.501 cv-stal-01
4217 1 103 2806 0 -1 0 1377.005 19.715 -2779.072 1370.473 12.984 -2784.762 1381.832 22.906 -2773.217 cv-robo-precursor-metal-plain-01dk
4218 1 30 2806 0 -1 0 1377.005 19.715 -2779.072 1370.473 12.984 -2784.762 1381.832 22.906 -2773.217 environment-darkcave
4219 1 85 2759 0 -1 0 1427.698 -43.498 -2819.519 1426.076 -43.498 -2822.034 1429.358 -43.498 -2817.003 cmn-precursor-blue
4220 1 85 2760 0 -1 0 1199.547 -25.804 -2972.133 1197.926 -25.834 -2974.648 1201.207 -25.774 -2969.618 cmn-precursor-blue
4221 1 30 2759 0 -1 0 1427.698 -43.498 -2819.519 1426.076 -43.498 -2822.034 1429.358 -43.498 -2817.003 environment-darkcave
4222 1 30 2760 0 -1 0 1199.547 -25.804 -2972.133 1197.926 -25.834 -2974.648 1201.207 -25.774 -2969.618 environment-darkcave
4223 1 90 2800 0 -1 0 1367.526 16.099 -2778.226 1364.762 11.250 -2783.602 1371.904 19.328 -2773.019 cmn-precursor-stonehengetop
4224 1 30 2800 0 -1 0 1367.526 16.099 -2778.226 1364.762 11.250 -2783.602 1371.904 19.328 -2773.019 environment-darkcave
