REFSET provenance-init version=2 data=56f0364a8789c816 input=f97b073c2df76fb4 input_source=loaded-replay actor_rng_state=not-restored-by-sidecars
BOOTREPLAY actors-sweep dispatch=10 target-pid=12
BOOTREPLAY finish mode=replay tag=finish index=5880 count=5880 fingerprint=79fb964dc17507ec
REFSET start lf=900 warp1=600 settle=180
[34:43:860] [info] [WANT-LEVELS] armed *listener-function* for spec 'village1,beach'
WANT-LEVELS lev1=village1 lev2=beach -> #x0
[34:58:870] [info] [WANT-DISPLAY] armed *listener-function* for spec 'beach,display'
WANT-DISPLAY lev=beach sym=display -> #x0
WANT-LEVELS lev1=village1 lev2=beach -> #x0
WANT-DISPLAY lev=beach sym=display -> #x0
REFSET restore-load case=0 anchor_lf=2102 due_lf=2104 executed_lf=2104 levels=village1,beach display=beach,display
REFSET render-config case=origine/h00 chain_lf=2282 options.game_res_w=320
REFSET render-config case=origine/h00 chain_lf=2282 options.game_res_h=180
REFSET render-config case=origine/h00 chain_lf=2282 options.window_framebuffer_width=320
REFSET render-config case=origine/h00 chain_lf=2282 options.window_framebuffer_height=180
REFSET render-config case=origine/h00 chain_lf=2282 options.draw_region_width=320
REFSET render-config case=origine/h00 chain_lf=2282 options.draw_region_height=180
REFSET render-config case=origine/h00 chain_lf=2282 options.msaa_samples=1
REFSET render-config case=origine/h00 chain_lf=2282 options.brightness_contrast_color=0
REFSET render-config case=origine/h00 chain_lf=2282 options.brightness_contrast_alpha=128
REFSET render-config case=origine/h00 chain_lf=2282 options.save_screenshot=1
REFSET render-config case=origine/h00 chain_lf=2282 options.quick_screenshot=0
REFSET render-config case=origine/h00 chain_lf=2282 options.internal_res_screenshot=1
REFSET render-config case=origine/h00 chain_lf=2282 options.gpu_sync=0
REFSET render-config case=origine/h00 chain_lf=2282 options.draw_render_debug_window=0
REFSET render-config case=origine/h00 chain_lf=2282 options.draw_profiler_window=0
REFSET render-config case=origine/h00 chain_lf=2282 options.draw_loader_window=0
REFSET render-config case=origine/h00 chain_lf=2282 options.draw_small_profiler_window=0
REFSET render-config case=origine/h00 chain_lf=2282 options.draw_subtitle_editor_window=0
REFSET render-config case=origine/h00 chain_lf=2282 options.draw_filters_window=0
REFSET render-config case=origine/h00 chain_lf=2282 options.pmode_alp_register=0x1p+0
REFSET render-config case=origine/h00 chain_lf=2282 master_active=0
REFSET render-config case=origine/h00 chain_lf=2282 settings.lod_tfrag=0
REFSET render-config case=origine/h00 chain_lf=2282 settings.lod_tie=0
REFSET render-config case=origine/h00 chain_lf=2282 settings.hack_no_tex=0
REFSET render-config case=origine/h00 chain_lf=2282 settings.collision_enable=0
REFSET render-config case=origine/h00 chain_lf=2282 settings.load_custom_assets=0
REFSET render-config case=origine/h00 chain_lf=2282 settings.recharged_master=1
REFSET render-config case=origine/h00 chain_lf=2282 settings.recharged_lighting=1
REFSET render-config case=origine/h00 chain_lf=2282 settings.recharged_grass=1
REFSET render-config case=origine/h00 chain_lf=2282 settings.recharged_textures=1
REFSET render-config case=origine/h00 chain_lf=2282 settings.recharged_managed_assets=1
REFSET render-config case=origine/h00 chain_lf=2282 settings.recharged_enhanced_models=1
REFSET render-config case=origine/h00 chain_lf=2282 settings.recharged_pbr_enable=1
REFSET render-config case=origine/h00 chain_lf=2282 settings.recharged_modern_materials=0
REFSET render-config case=origine/h00 chain_lf=2282 settings.recharged_rt_light_enable=0
REFSET render-config case=origine/h00 chain_lf=2282 settings.recharged_ao_mode=0
REFSET render-config case=origine/h00 chain_lf=2282 settings.mb_target_active=0
REFSET render-config case=origine/h00 chain_lf=2282 settings.mb_isolate=0
REFSET render-config case=origine/h00 chain_lf=2282 settings.mb_pbr_override=0
REFSET render-config case=origine/h00 chain_lf=2282 settings.target_fps=0x1.ep+5
REFSET-ROI type=bucket capture=1 id=0 name=[ 0] bucket-0 hash=0000000000000000 first_index=0 texture=-1 fbo=63 dims=320x180 bpp=4 viewport=0,0,320,180 changed=0 rgb_changed=0 rgb_maxdiff=0 rgb_units=rgba8_code_value alpha_changed=0 alpha_only=0 rgb_bbox=-1,-1,-1,-1 rgb_before_hash=f09c8989389d70dd rgb_after_hash=f09c8989389d70dd
REFSET-ROI type=bucket capture=1 id=1 name=[ 1] bucket-1 hash=0000000000000000 first_index=0 texture=-1 fbo=63 dims=320x180 bpp=4 viewport=0,0,320,180 changed=0 rgb_changed=0 rgb_maxdiff=0 rgb_units=rgba8_code_value alpha_changed=0 alpha_only=0 rgb_bbox=-1,-1,-1,-1 rgb_before_hash=f09c8989389d70dd rgb_after_hash=f09c8989389d70dd
REFSET-ROI type=bucket capture=1 id=2 name=[ 2] bucket-2 hash=0000000000000000 first_index=0 texture=-1 fbo=63 dims=320x180 bpp=4 viewport=0,0,320,180 changed=0 rgb_changed=0 rgb_maxdiff=0 rgb_units=rgba8_code_value alpha_changed=0 alpha_only=0 rgb_bbox=-1,-1,-1,-1 rgb_before_hash=f09c8989389d70dd rgb_after_hash=f09c8989389d70dd
REFSET-ROI type=bucket capture=1 id=3 name=[ 3] sky hash=0000000000000000 first_index=0 texture=-1 fbo=63 dims=320x180 bpp=4 viewport=0,0,320,180 changed=986 rgb_changed=0 rgb_maxdiff=0 rgb_units=rgba8_code_value alpha_changed=986 alpha_only=986 rgb_bbox=-1,-1,-1,-1 rgb_before_hash=f09c8989389d70dd rgb_after_hash=f09c8989389d70dd
REFSET-ROI type=bucket capture=1 id=4 name=[ 4] ocean-mid-far hash=0000000000000000 first_index=0 texture=-1 fbo=63 dims=320x180 bpp=4 viewport=0,0,320,180 changed=260 rgb_changed=260 rgb_maxdiff=110 rgb_units=rgba8_code_value alpha_changed=260 alpha_only=0 rgb_bbox=77,110,105,143 rgb_before_hash=f09c8989389d70dd rgb_after_hash=75878d6ffd8a2e75
REFSET-ROI type=bucket capture=1 id=5 name=[ 5] l0-tfrag-tex hash=0000000000000000 first_index=0 texture=-1 fbo=63 dims=320x180 bpp=4 viewport=0,0,320,180 changed=0 rgb_changed=0 rgb_maxdiff=0 rgb_units=rgba8_code_value alpha_changed=0 alpha_only=0 rgb_bbox=-1,-1,-1,-1 rgb_before_hash=75878d6ffd8a2e75 rgb_after_hash=75878d6ffd8a2e75
REFSET-ROI type=bucket capture=1 id=6 name=[ 6] l0-tfrag-tfrag hash=0000000000000000 first_index=0 texture=-1 fbo=63 dims=320x180 bpp=4 viewport=0,0,320,180 changed=969 rgb_changed=969 rgb_maxdiff=106 rgb_units=rgba8_code_value alpha_changed=277 alpha_only=0 rgb_bbox=77,110,105,143 rgb_before_hash=75878d6ffd8a2e75 rgb_after_hash=c123e2f0935e68a9
REFSET-ROI type=bucket capture=1 id=7 name=[ 7] bucket-7 hash=0000000000000000 first_index=0 texture=-1 fbo=63 dims=320x180 bpp=4 viewport=0,0,320,180 changed=0 rgb_changed=0 rgb_maxdiff=0 rgb_units=rgba8_code_value alpha_changed=0 alpha_only=0 rgb_bbox=-1,-1,-1,-1 rgb_before_hash=c123e2f0935e68a9 rgb_after_hash=c123e2f0935e68a9
REFSET-ROI type=bucket capture=1 id=8 name=[ 8] bucket-8 hash=0000000000000000 first_index=0 texture=-1 fbo=63 dims=320x180 bpp=4 viewport=0,0,320,180 changed=0 rgb_changed=0 rgb_maxdiff=0 rgb_units=rgba8_code_value alpha_changed=0 alpha_only=0 rgb_bbox=-1,-1,-1,-1 rgb_before_hash=c123e2f0935e68a9 rgb_after_hash=c123e2f0935e68a9
REFSET-ROI type=bucket capture=1 id=9 name=[ 9] l0-tfrag-tie hash=0000000000000000 first_index=0 texture=-1 fbo=63 dims=320x180 bpp=4 viewport=0,0,320,180 changed=695 rgb_changed=695 rgb_maxdiff=94 rgb_units=rgba8_code_value alpha_changed=398 alpha_only=0 rgb_bbox=77,110,105,143 rgb_before_hash=c123e2f0935e68a9 rgb_after_hash=c5ddf12460cb55a7
REFSET-ROI type=model capture=1 hash=6879a4134968a705 name=windmill-sail-lod0
REFSET-ROI type=model capture=1 hash=157a59bb2dc1721a name=windspinner-lod0
REFSET-ROI type=model capture=1 hash=9dcb096624adaba6 name=medres-jungle1-lod0
REFSET-ROI type=model capture=1 hash=73d7de356ca3fa19 name=medres-jungle2-lod0
REFSET-ROI type=model capture=1 hash=74c2480326cf53a9 name=crate-iron-lod0
REFSET-ROI type=model capture=1 hash=4e742372fc11694f name=money-lod0
REFSET-ROI type=model capture=1 hash=4e742372fc11694f name=money-lod0
REFSET-ROI type=model capture=1 hash=4e742372fc11694f name=money-lod0
REFSET-ROI type=model capture=1 hash=4e742372fc11694f name=money-lod0
REFSET-ROI type=model capture=1 hash=4e742372fc11694f name=money-lod0
REFSET-ROI type=model capture=1 hash=4e742372fc11694f name=money-lod0
REFSET-ROI type=model capture=1 hash=74c2480326cf53a9 name=crate-iron-lod0
REFSET-ROI type=model capture=1 hash=74c2480326cf53a9 name=crate-iron-lod0
REFSET-ROI type=model capture=1 hash=74c2480326cf53a9 name=crate-iron-lod0
REFSET-ROI type=merc capture=1 id=0 name=base hash=6879a4134968a705 first_index=95670 texture=629 fbo=63 dims=320x180 bpp=4 viewport=0,0,320,180 changed=0 rgb_changed=0 rgb_maxdiff=0 rgb_units=rgba8_code_value alpha_changed=0 alpha_only=0 rgb_bbox=-1,-1,-1,-1 rgb_before_hash=c5ddf12460cb55a7 rgb_after_hash=c5ddf12460cb55a7
REFSET-ROI type=merc capture=1 id=1 name=base hash=6879a4134968a705 first_index=95959 texture=630 fbo=63 dims=320x180 bpp=4 viewport=0,0,320,180 changed=0 rgb_changed=0 rgb_maxdiff=0 rgb_units=rgba8_code_value alpha_changed=0 alpha_only=0 rgb_bbox=-1,-1,-1,-1 rgb_before_hash=c5ddf12460cb55a7 rgb_after_hash=c5ddf12460cb55a7
REFSET-ROI type=merc capture=1 id=2 name=base hash=6879a4134968a705 first_index=96002 texture=631 fbo=63 dims=320x180 bpp=4 viewport=0,0,320,180 changed=0 rgb_changed=0 rgb_maxdiff=0 rgb_units=rgba8_code_value alpha_changed=0 alpha_only=0 rgb_bbox=-1,-1,-1,-1 rgb_before_hash=c5ddf12460cb55a7 rgb_after_hash=c5ddf12460cb55a7
REFSET-ROI type=merc capture=1 id=3 name=base hash=6879a4134968a705 first_index=96321 texture=632 fbo=63 dims=320x180 bpp=4 viewport=0,0,320,180 changed=0 rgb_changed=0 rgb_maxdiff=0 rgb_units=rgba8_code_value alpha_changed=0 alpha_only=0 rgb_bbox=-1,-1,-1,-1 rgb_before_hash=c5ddf12460cb55a7 rgb_after_hash=c5ddf12460cb55a7
REFSET-ROI type=merc capture=1 id=4 name=base hash=157a59bb2dc1721a first_index=96993 texture=640 fbo=63 dims=320x180 bpp=4 viewport=0,0,320,180 changed=0 rgb_changed=0 rgb_maxdiff=0 rgb_units=rgba8_code_value alpha_changed=0 alpha_only=0 rgb_bbox=-1,-1,-1,-1 rgb_before_hash=c5ddf12460cb55a7 rgb_after_hash=c5ddf12460cb55a7
REFSET-ROI type=merc capture=1 id=5 name=base hash=157a59bb2dc1721a first_index=97195 texture=641 fbo=63 dims=320x180 bpp=4 viewport=0,0,320,180 changed=0 rgb_changed=0 rgb_maxdiff=0 rgb_units=rgba8_code_value alpha_changed=0 alpha_only=0 rgb_bbox=-1,-1,-1,-1 rgb_before_hash=c5ddf12460cb55a7 rgb_after_hash=c5ddf12460cb55a7
REFSET-ROI type=merc capture=1 id=6 name=base hash=157a59bb2dc1721a first_index=97292 texture=642 fbo=63 dims=320x180 bpp=4 viewport=0,0,320,180 changed=0 rgb_changed=0 rgb_maxdiff=0 rgb_units=rgba8_code_value alpha_changed=0 alpha_only=0 rgb_bbox=-1,-1,-1,-1 rgb_before_hash=c5ddf12460cb55a7 rgb_after_hash=c5ddf12460cb55a7
REFSET-ROI type=merc capture=1 id=7 name=base hash=157a59bb2dc1721a first_index=97387 texture=643 fbo=63 dims=320x180 bpp=4 viewport=0,0,320,180 changed=0 rgb_changed=0 rgb_maxdiff=0 rgb_units=rgba8_code_value alpha_changed=0 alpha_only=0 rgb_bbox=-1,-1,-1,-1 rgb_before_hash=c5ddf12460cb55a7 rgb_after_hash=c5ddf12460cb55a7
REFSET-ROI type=merc capture=1 id=8 name=base hash=9dcb096624adaba6 first_index=43387 texture=467 fbo=63 dims=320x180 bpp=4 viewport=0,0,320,180 changed=0 rgb_changed=0 rgb_maxdiff=0 rgb_units=rgba8_code_value alpha_changed=0 alpha_only=0 rgb_bbox=-1,-1,-1,-1 rgb_before_hash=c5ddf12460cb55a7 rgb_after_hash=c5ddf12460cb55a7
REFSET-ROI type=merc capture=1 id=9 name=base hash=9dcb096624adaba6 first_index=43490 texture=468 fbo=63 dims=320x180 bpp=4 viewport=0,0,320,180 changed=0 rgb_changed=0 rgb_maxdiff=0 rgb_units=rgba8_code_value alpha_changed=0 alpha_only=0 rgb_bbox=-1,-1,-1,-1 rgb_before_hash=c5ddf12460cb55a7 rgb_after_hash=c5ddf12460cb55a7
REFSET-ROI type=merc capture=1 id=10 name=base hash=9dcb096624adaba6 first_index=44449 texture=469 fbo=63 dims=320x180 bpp=4 viewport=0,0,320,180 changed=0 rgb_changed=0 rgb_maxdiff=0 rgb_units=rgba8_code_value alpha_changed=0 alpha_only=0 rgb_bbox=-1,-1,-1,-1 rgb_before_hash=c5ddf12460cb55a7 rgb_after_hash=c5ddf12460cb55a7
REFSET-ROI type=merc capture=1 id=11 name=base hash=9dcb096624adaba6 first_index=45228 texture=470 fbo=63 dims=320x180 bpp=4 viewport=0,0,320,180 changed=0 rgb_changed=0 rgb_maxdiff=0 rgb_units=rgba8_code_value alpha_changed=0 alpha_only=0 rgb_bbox=-1,-1,-1,-1 rgb_before_hash=c5ddf12460cb55a7 rgb_after_hash=c5ddf12460cb55a7
REFSET-ROI type=merc capture=1 id=12 name=base hash=9dcb096624adaba6 first_index=45273 texture=471 fbo=63 dims=320x180 bpp=4 viewport=0,0,320,180 changed=0 rgb_changed=0 rgb_maxdiff=0 rgb_units=rgba8_code_value alpha_changed=0 alpha_only=0 rgb_bbox=-1,-1,-1,-1 rgb_before_hash=c5ddf12460cb55a7 rgb_after_hash=c5ddf12460cb55a7
REFSET-ROI type=merc capture=1 id=13 name=base hash=9dcb096624adaba6 first_index=45959 texture=472 fbo=63 dims=320x180 bpp=4 viewport=0,0,320,180 changed=0 rgb_changed=0 rgb_maxdiff=0 rgb_units=rgba8_code_value alpha_changed=0 alpha_only=0 rgb_bbox=-1,-1,-1,-1 rgb_before_hash=c5ddf12460cb55a7 rgb_after_hash=c5ddf12460cb55a7
REFSET-ROI type=merc capture=1 id=14 name=base hash=9dcb096624adaba6 first_index=46325 texture=473 fbo=63 dims=320x180 bpp=4 viewport=0,0,320,180 changed=0 rgb_changed=0 rgb_maxdiff=0 rgb_units=rgba8_code_value alpha_changed=0 alpha_only=0 rgb_bbox=-1,-1,-1,-1 rgb_before_hash=c5ddf12460cb55a7 rgb_after_hash=c5ddf12460cb55a7
REFSET-ROI type=merc capture=1 id=15 name=base hash=9dcb096624adaba6 first_index=46329 texture=474 fbo=63 dims=320x180 bpp=4 viewport=0,0,320,180 changed=0 rgb_changed=0 rgb_maxdiff=0 rgb_units=rgba8_code_value alpha_changed=0 alpha_only=0 rgb_bbox=-1,-1,-1,-1 rgb_before_hash=c5ddf12460cb55a7 rgb_after_hash=c5ddf12460cb55a7
REFSET-ROI type=merc capture=1 id=16 name=base hash=9dcb096624adaba6 first_index=46333 texture=475 fbo=63 dims=320x180 bpp=4 viewport=0,0,320,180 changed=0 rgb_changed=0 rgb_maxdiff=0 rgb_units=rgba8_code_value alpha_changed=0 alpha_only=0 rgb_bbox=-1,-1,-1,-1 rgb_before_hash=c5ddf12460cb55a7 rgb_after_hash=c5ddf12460cb55a7
REFSET-ROI type=merc capture=1 id=17 name=base hash=9dcb096624adaba6 first_index=46337 texture=476 fbo=63 dims=320x180 bpp=4 viewport=0,0,320,180 changed=0 rgb_changed=0 rgb_maxdiff=0 rgb_units=rgba8_code_value alpha_changed=0 alpha_only=0 rgb_bbox=-1,-1,-1,-1 rgb_before_hash=c5ddf12460cb55a7 rgb_after_hash=c5ddf12460cb55a7
REFSET-ROI type=merc capture=1 id=18 name=base hash=73d7de356ca3fa19 first_index=46358 texture=477 fbo=63 dims=320x180 bpp=4 viewport=0,0,320,180 changed=0 rgb_changed=0 rgb_maxdiff=0 rgb_units=rgba8_code_value alpha_changed=0 alpha_only=0 rgb_bbox=-1,-1,-1,-1 rgb_before_hash=c5ddf12460cb55a7 rgb_after_hash=c5ddf12460cb55a7
REFSET-ROI type=merc capture=1 id=19 name=base hash=73d7de356ca3fa19 first_index=47051 texture=478 fbo=63 dims=320x180 bpp=4 viewport=0,0,320,180 changed=0 rgb_changed=0 rgb_maxdiff=0 rgb_units=rgba8_code_value alpha_changed=0 alpha_only=0 rgb_bbox=-1,-1,-1,-1 rgb_before_hash=c5ddf12460cb55a7 rgb_after_hash=c5ddf12460cb55a7
REFSET-ROI type=merc capture=1 id=0 name=base hash=74c2480326cf53a9 first_index=3622 texture=260 fbo=63 dims=320x180 bpp=4 viewport=0,0,320,180 changed=0 rgb_changed=0 rgb_maxdiff=0 rgb_units=rgba8_code_value alpha_changed=0 alpha_only=0 rgb_bbox=-1,-1,-1,-1 rgb_before_hash=c5ddf12460cb55a7 rgb_after_hash=c5ddf12460cb55a7
REFSET-ROI type=merc capture=1 id=1 name=base hash=74c2480326cf53a9 first_index=3673 texture=261 fbo=63 dims=320x180 bpp=4 viewport=0,0,320,180 changed=0 rgb_changed=0 rgb_maxdiff=0 rgb_units=rgba8_code_value alpha_changed=0 alpha_only=0 rgb_bbox=-1,-1,-1,-1 rgb_before_hash=c5ddf12460cb55a7 rgb_after_hash=c5ddf12460cb55a7
REFSET-ROI type=merc capture=1 id=2 name=base hash=74c2480326cf53a9 first_index=3734 texture=262 fbo=63 dims=320x180 bpp=4 viewport=0,0,320,180 changed=0 rgb_changed=0 rgb_maxdiff=0 rgb_units=rgba8_code_value alpha_changed=0 alpha_only=0 rgb_bbox=-1,-1,-1,-1 rgb_before_hash=c5ddf12460cb55a7 rgb_after_hash=c5ddf12460cb55a7
REFSET-ROI type=merc capture=1 id=3 name=base hash=74c2480326cf53a9 first_index=3933 texture=263 fbo=63 dims=320x180 bpp=4 viewport=0,0,320,180 changed=0 rgb_changed=0 rgb_maxdiff=0 rgb_units=rgba8_code_value alpha_changed=0 alpha_only=0 rgb_bbox=-1,-1,-1,-1 rgb_before_hash=c5ddf12460cb55a7 rgb_after_hash=c5ddf12460cb55a7
REFSET-ROI type=merc capture=1 id=4 name=base hash=74c2480326cf53a9 first_index=3946 texture=264 fbo=63 dims=320x180 bpp=4 viewport=0,0,320,180 changed=0 rgb_changed=0 rgb_maxdiff=0 rgb_units=rgba8_code_value alpha_changed=0 alpha_only=0 rgb_bbox=-1,-1,-1,-1 rgb_before_hash=c5ddf12460cb55a7 rgb_after_hash=c5ddf12460cb55a7
REFSET-ROI type=merc capture=1 id=5 name=base hash=74c2480326cf53a9 first_index=4129 texture=265 fbo=63 dims=320x180 bpp=4 viewport=0,0,320,180 changed=0 rgb_changed=0 rgb_maxdiff=0 rgb_units=rgba8_code_value alpha_changed=0 alpha_only=0 rgb_bbox=-1,-1,-1,-1 rgb_before_hash=c5ddf12460cb55a7 rgb_after_hash=c5ddf12460cb55a7
REFSET-ROI type=merc capture=1 id=6 name=base hash=4e742372fc11694f first_index=1465 texture=215 fbo=63 dims=320x180 bpp=4 viewport=0,0,320,180 changed=0 rgb_changed=0 rgb_maxdiff=0 rgb_units=rgba8_code_value alpha_changed=0 alpha_only=0 rgb_bbox=-1,-1,-1,-1 rgb_before_hash=c5ddf12460cb55a7 rgb_after_hash=c5ddf12460cb55a7
REFSET-ROI type=merc capture=1 id=7 name=base hash=4e742372fc11694f first_index=1465 texture=215 fbo=63 dims=320x180 bpp=4 viewport=0,0,320,180 changed=0 rgb_changed=0 rgb_maxdiff=0 rgb_units=rgba8_code_value alpha_changed=0 alpha_only=0 rgb_bbox=-1,-1,-1,-1 rgb_before_hash=c5ddf12460cb55a7 rgb_after_hash=c5ddf12460cb55a7
REFSET-ROI type=merc capture=1 id=8 name=base hash=4e742372fc11694f first_index=1465 texture=215 fbo=63 dims=320x180 bpp=4 viewport=0,0,320,180 changed=0 rgb_changed=0 rgb_maxdiff=0 rgb_units=rgba8_code_value alpha_changed=0 alpha_only=0 rgb_bbox=-1,-1,-1,-1 rgb_before_hash=c5ddf12460cb55a7 rgb_after_hash=c5ddf12460cb55a7
REFSET-ROI type=merc capture=1 id=9 name=base hash=4e742372fc11694f first_index=1465 texture=215 fbo=63 dims=320x180 bpp=4 viewport=0,0,320,180 changed=0 rgb_changed=0 rgb_maxdiff=0 rgb_units=rgba8_code_value alpha_changed=0 alpha_only=0 rgb_bbox=-1,-1,-1,-1 rgb_before_hash=c5ddf12460cb55a7 rgb_after_hash=c5ddf12460cb55a7
REFSET-ROI type=merc capture=1 id=10 name=base hash=4e742372fc11694f first_index=1465 texture=215 fbo=63 dims=320x180 bpp=4 viewport=0,0,320,180 changed=0 rgb_changed=0 rgb_maxdiff=0 rgb_units=rgba8_code_value alpha_changed=0 alpha_only=0 rgb_bbox=-1,-1,-1,-1 rgb_before_hash=c5ddf12460cb55a7 rgb_after_hash=c5ddf12460cb55a7
REFSET-ROI type=merc capture=1 id=11 name=base hash=4e742372fc11694f first_index=1465 texture=215 fbo=63 dims=320x180 bpp=4 viewport=0,0,320,180 changed=0 rgb_changed=0 rgb_maxdiff=0 rgb_units=rgba8_code_value alpha_changed=0 alpha_only=0 rgb_bbox=-1,-1,-1,-1 rgb_before_hash=c5ddf12460cb55a7 rgb_after_hash=c5ddf12460cb55a7
REFSET-ROI type=merc capture=1 id=12 name=base hash=74c2480326cf53a9 first_index=3622 texture=260 fbo=63 dims=320x180 bpp=4 viewport=0,0,320,180 changed=0 rgb_changed=0 rgb_maxdiff=0 rgb_units=rgba8_code_value alpha_changed=0 alpha_only=0 rgb_bbox=-1,-1,-1,-1 rgb_before_hash=c5ddf12460cb55a7 rgb_after_hash=c5ddf12460cb55a7
REFSET-ROI type=merc capture=1 id=13 name=base hash=74c2480326cf53a9 first_index=3673 texture=261 fbo=63 dims=320x180 bpp=4 viewport=0,0,320,180 changed=0 rgb_changed=0 rgb_maxdiff=0 rgb_units=rgba8_code_value alpha_changed=0 alpha_only=0 rgb_bbox=-1,-1,-1,-1 rgb_before_hash=c5ddf12460cb55a7 rgb_after_hash=c5ddf12460cb55a7
REFSET-ROI type=merc capture=1 id=14 name=base hash=74c2480326cf53a9 first_index=3734 texture=262 fbo=63 dims=320x180 bpp=4 viewport=0,0,320,180 changed=0 rgb_changed=0 rgb_maxdiff=0 rgb_units=rgba8_code_value alpha_changed=0 alpha_only=0 rgb_bbox=-1,-1,-1,-1 rgb_before_hash=c5ddf12460cb55a7 rgb_after_hash=c5ddf12460cb55a7
REFSET-ROI type=merc capture=1 id=15 name=base hash=74c2480326cf53a9 first_index=3933 texture=263 fbo=63 dims=320x180 bpp=4 viewport=0,0,320,180 changed=0 rgb_changed=0 rgb_maxdiff=0 rgb_units=rgba8_code_value alpha_changed=0 alpha_only=0 rgb_bbox=-1,-1,-1,-1 rgb_before_hash=c5ddf12460cb55a7 rgb_after_hash=c5ddf12460cb55a7
REFSET-ROI type=merc capture=1 id=16 name=base hash=74c2480326cf53a9 first_index=3946 texture=264 fbo=63 dims=320x180 bpp=4 viewport=0,0,320,180 changed=0 rgb_changed=0 rgb_maxdiff=0 rgb_units=rgba8_code_value alpha_changed=0 alpha_only=0 rgb_bbox=-1,-1,-1,-1 rgb_before_hash=c5ddf12460cb55a7 rgb_after_hash=c5ddf12460cb55a7
REFSET-ROI type=merc capture=1 id=17 name=base hash=74c2480326cf53a9 first_index=4129 texture=265 fbo=63 dims=320x180 bpp=4 viewport=0,0,320,180 changed=0 rgb_changed=0 rgb_maxdiff=0 rgb_units=rgba8_code_value alpha_changed=0 alpha_only=0 rgb_bbox=-1,-1,-1,-1 rgb_before_hash=c5ddf12460cb55a7 rgb_after_hash=c5ddf12460cb55a7
REFSET-ROI type=merc capture=1 id=18 name=base hash=74c2480326cf53a9 first_index=3622 texture=260 fbo=63 dims=320x180 bpp=4 viewport=0,0,320,180 changed=0 rgb_changed=0 rgb_maxdiff=0 rgb_units=rgba8_code_value alpha_changed=0 alpha_only=0 rgb_bbox=-1,-1,-1,-1 rgb_before_hash=c5ddf12460cb55a7 rgb_after_hash=c5ddf12460cb55a7
REFSET-ROI type=merc capture=1 id=19 name=base hash=74c2480326cf53a9 first_index=3673 texture=261 fbo=63 dims=320x180 bpp=4 viewport=0,0,320,180 changed=0 rgb_changed=0 rgb_maxdiff=0 rgb_units=rgba8_code_value alpha_changed=0 alpha_only=0 rgb_bbox=-1,-1,-1,-1 rgb_before_hash=c5ddf12460cb55a7 rgb_after_hash=c5ddf12460cb55a7
REFSET-ROI type=merc capture=1 id=20 name=base hash=74c2480326cf53a9 first_index=3734 texture=262 fbo=63 dims=320x180 bpp=4 viewport=0,0,320,180 changed=0 rgb_changed=0 rgb_maxdiff=0 rgb_units=rgba8_code_value alpha_changed=0 alpha_only=0 rgb_bbox=-1,-1,-1,-1 rgb_before_hash=c5ddf12460cb55a7 rgb_after_hash=c5ddf12460cb55a7
REFSET-ROI type=merc capture=1 id=21 name=base hash=74c2480326cf53a9 first_index=3933 texture=263 fbo=63 dims=320x180 bpp=4 viewport=0,0,320,180 changed=0 rgb_changed=0 rgb_maxdiff=0 rgb_units=rgba8_code_value alpha_changed=0 alpha_only=0 rgb_bbox=-1,-1,-1,-1 rgb_before_hash=c5ddf12460cb55a7 rgb_after_hash=c5ddf12460cb55a7
REFSET-ROI type=merc capture=1 id=22 name=base hash=74c2480326cf53a9 first_index=3946 texture=264 fbo=63 dims=320x180 bpp=4 viewport=0,0,320,180 changed=0 rgb_changed=0 rgb_maxdiff=0 rgb_units=rgba8_code_value alpha_changed=0 alpha_only=0 rgb_bbox=-1,-1,-1,-1 rgb_before_hash=c5ddf12460cb55a7 rgb_after_hash=c5ddf12460cb55a7
REFSET-ROI type=merc capture=1 id=23 name=base hash=74c2480326cf53a9 first_index=4129 texture=265 fbo=63 dims=320x180 bpp=4 viewport=0,0,320,180 changed=0 rgb_changed=0 rgb_maxdiff=0 rgb_units=rgba8_code_value alpha_changed=0 alpha_only=0 rgb_bbox=-1,-1,-1,-1 rgb_before_hash=c5ddf12460cb55a7 rgb_after_hash=c5ddf12460cb55a7
REFSET-ROI type=merc capture=1 id=24 name=base hash=74c2480326cf53a9 first_index=3622 texture=260 fbo=63 dims=320x180 bpp=4 viewport=0,0,320,180 changed=0 rgb_changed=0 rgb_maxdiff=0 rgb_units=rgba8_code_value alpha_changed=0 alpha_only=0 rgb_bbox=-1,-1,-1,-1 rgb_before_hash=c5ddf12460cb55a7 rgb_after_hash=c5ddf12460cb55a7
REFSET-ROI type=merc capture=1 id=25 name=base hash=74c2480326cf53a9 first_index=3673 texture=261 fbo=63 dims=320x180 bpp=4 viewport=0,0,320,180 changed=0 rgb_changed=0 rgb_maxdiff=0 rgb_units=rgba8_code_value alpha_changed=0 alpha_only=0 rgb_bbox=-1,-1,-1,-1 rgb_before_hash=c5ddf12460cb55a7 rgb_after_hash=c5ddf12460cb55a7
REFSET-ROI type=merc capture=1 id=26 name=base hash=74c2480326cf53a9 first_index=3734 texture=262 fbo=63 dims=320x180 bpp=4 viewport=0,0,320,180 changed=0 rgb_changed=0 rgb_maxdiff=0 rgb_units=rgba8_code_value alpha_changed=0 alpha_only=0 rgb_bbox=-1,-1,-1,-1 rgb_before_hash=c5ddf12460cb55a7 rgb_after_hash=c5ddf12460cb55a7
REFSET-ROI type=merc capture=1 id=27 name=base hash=74c2480326cf53a9 first_index=3933 texture=263 fbo=63 dims=320x180 bpp=4 viewport=0,0,320,180 changed=0 rgb_changed=0 rgb_maxdiff=0 rgb_units=rgba8_code_value alpha_changed=0 alpha_only=0 rgb_bbox=-1,-1,-1,-1 rgb_before_hash=c5ddf12460cb55a7 rgb_after_hash=c5ddf12460cb55a7
REFSET-ROI type=merc capture=1 id=28 name=base hash=74c2480326cf53a9 first_index=3946 texture=264 fbo=63 dims=320x180 bpp=4 viewport=0,0,320,180 changed=0 rgb_changed=0 rgb_maxdiff=0 rgb_units=rgba8_code_value alpha_changed=0 alpha_only=0 rgb_bbox=-1,-1,-1,-1 rgb_before_hash=c5ddf12460cb55a7 rgb_after_hash=c5ddf12460cb55a7
REFSET-ROI type=merc capture=1 id=29 name=base hash=74c2480326cf53a9 first_index=4129 texture=265 fbo=63 dims=320x180 bpp=4 viewport=0,0,320,180 changed=0 rgb_changed=0 rgb_maxdiff=0 rgb_units=rgba8_code_value alpha_changed=0 alpha_only=0 rgb_bbox=-1,-1,-1,-1 rgb_before_hash=c5ddf12460cb55a7 rgb_after_hash=c5ddf12460cb55a7
REFSET-ROI type=merc capture=1 id=0 name=envmap hash=0000000000000000 first_index=3622 texture=231 fbo=63 dims=320x180 bpp=4 viewport=0,0,320,180 changed=0 rgb_changed=0 rgb_maxdiff=0 rgb_units=rgba8_code_value alpha_changed=0 alpha_only=0 rgb_bbox=-1,-1,-1,-1 rgb_before_hash=c5ddf12460cb55a7 rgb_after_hash=c5ddf12460cb55a7
REFSET-ROI type=merc capture=1 id=1 name=envmap hash=0000000000000000 first_index=3673 texture=231 fbo=63 dims=320x180 bpp=4 viewport=0,0,320,180 changed=0 rgb_changed=0 rgb_maxdiff=0 rgb_units=rgba8_code_value alpha_changed=0 alpha_only=0 rgb_bbox=-1,-1,-1,-1 rgb_before_hash=c5ddf12460cb55a7 rgb_after_hash=c5ddf12460cb55a7
REFSET-ROI type=merc capture=1 id=2 name=envmap hash=0000000000000000 first_index=3734 texture=231 fbo=63 dims=320x180 bpp=4 viewport=0,0,320,180 changed=0 rgb_changed=0 rgb_maxdiff=0 rgb_units=rgba8_code_value alpha_changed=0 alpha_only=0 rgb_bbox=-1,-1,-1,-1 rgb_before_hash=c5ddf12460cb55a7 rgb_after_hash=c5ddf12460cb55a7
REFSET-ROI type=merc capture=1 id=3 name=envmap hash=0000000000000000 first_index=3933 texture=231 fbo=63 dims=320x180 bpp=4 viewport=0,0,320,180 changed=0 rgb_changed=0 rgb_maxdiff=0 rgb_units=rgba8_code_value alpha_changed=0 alpha_only=0 rgb_bbox=-1,-1,-1,-1 rgb_before_hash=c5ddf12460cb55a7 rgb_after_hash=c5ddf12460cb55a7
REFSET-ROI type=merc capture=1 id=4 name=envmap hash=0000000000000000 first_index=3946 texture=231 fbo=63 dims=320x180 bpp=4 viewport=0,0,320,180 changed=0 rgb_changed=0 rgb_maxdiff=0 rgb_units=rgba8_code_value alpha_changed=0 alpha_only=0 rgb_bbox=-1,-1,-1,-1 rgb_before_hash=c5ddf12460cb55a7 rgb_after_hash=c5ddf12460cb55a7
REFSET-ROI type=merc capture=1 id=5 name=envmap hash=0000000000000000 first_index=4129 texture=231 fbo=63 dims=320x180 bpp=4 viewport=0,0,320,180 changed=0 rgb_changed=0 rgb_maxdiff=0 rgb_units=rgba8_code_value alpha_changed=0 alpha_only=0 rgb_bbox=-1,-1,-1,-1 rgb_before_hash=c5ddf12460cb55a7 rgb_after_hash=c5ddf12460cb55a7
REFSET-ROI type=merc capture=1 id=6 name=envmap hash=0000000000000000 first_index=1465 texture=212 fbo=63 dims=320x180 bpp=4 viewport=0,0,320,180 changed=0 rgb_changed=0 rgb_maxdiff=0 rgb_units=rgba8_code_value alpha_changed=0 alpha_only=0 rgb_bbox=-1,-1,-1,-1 rgb_before_hash=c5ddf12460cb55a7 rgb_after_hash=c5ddf12460cb55a7
REFSET-ROI type=merc capture=1 id=7 name=envmap hash=0000000000000000 first_index=1465 texture=212 fbo=63 dims=320x180 bpp=4 viewport=0,0,320,180 changed=0 rgb_changed=0 rgb_maxdiff=0 rgb_units=rgba8_code_value alpha_changed=0 alpha_only=0 rgb_bbox=-1,-1,-1,-1 rgb_before_hash=c5ddf12460cb55a7 rgb_after_hash=c5ddf12460cb55a7
REFSET-ROI type=merc capture=1 id=8 name=envmap hash=0000000000000000 first_index=1465 texture=212 fbo=63 dims=320x180 bpp=4 viewport=0,0,320,180 changed=0 rgb_changed=0 rgb_maxdiff=0 rgb_units=rgba8_code_value alpha_changed=0 alpha_only=0 rgb_bbox=-1,-1,-1,-1 rgb_before_hash=c5ddf12460cb55a7 rgb_after_hash=c5ddf12460cb55a7
REFSET-ROI type=merc capture=1 id=9 name=envmap hash=0000000000000000 first_index=1465 texture=212 fbo=63 dims=320x180 bpp=4 viewport=0,0,320,180 changed=0 rgb_changed=0 rgb_maxdiff=0 rgb_units=rgba8_code_value alpha_changed=0 alpha_only=0 rgb_bbox=-1,-1,-1,-1 rgb_before_hash=c5ddf12460cb55a7 rgb_after_hash=c5ddf12460cb55a7
REFSET-ROI type=merc capture=1 id=10 name=envmap hash=0000000000000000 first_index=1465 texture=212 fbo=63 dims=320x180 bpp=4 viewport=0,0,320,180 changed=0 rgb_changed=0 rgb_maxdiff=0 rgb_units=rgba8_code_value alpha_changed=0 alpha_only=0 rgb_bbox=-1,-1,-1,-1 rgb_before_hash=c5ddf12460cb55a7 rgb_after_hash=c5ddf12460cb55a7
REFSET-ROI type=merc capture=1 id=11 name=envmap hash=0000000000000000 first_index=1465 texture=212 fbo=63 dims=320x180 bpp=4 viewport=0,0,320,180 changed=0 rgb_changed=0 rgb_maxdiff=0 rgb_units=rgba8_code_value alpha_changed=0 alpha_only=0 rgb_bbox=-1,-1,-1,-1 rgb_before_hash=c5ddf12460cb55a7 rgb_after_hash=c5ddf12460cb55a7
REFSET-ROI type=merc capture=1 id=12 name=envmap hash=0000000000000000 first_index=3622 texture=231 fbo=63 dims=320x180 bpp=4 viewport=0,0,320,180 changed=0 rgb_changed=0 rgb_maxdiff=0 rgb_units=rgba8_code_value alpha_changed=0 alpha_only=0 rgb_bbox=-1,-1,-1,-1 rgb_before_hash=c5ddf12460cb55a7 rgb_after_hash=c5ddf12460cb55a7
REFSET-ROI type=merc capture=1 id=13 name=envmap hash=0000000000000000 first_index=3673 texture=231 fbo=63 dims=320x180 bpp=4 viewport=0,0,320,180 changed=0 rgb_changed=0 rgb_maxdiff=0 rgb_units=rgba8_code_value alpha_changed=0 alpha_only=0 rgb_bbox=-1,-1,-1,-1 rgb_before_hash=c5ddf12460cb55a7 rgb_after_hash=c5ddf12460cb55a7
REFSET-ROI type=merc capture=1 id=14 name=envmap hash=0000000000000000 first_index=3734 texture=231 fbo=63 dims=320x180 bpp=4 viewport=0,0,320,180 changed=0 rgb_changed=0 rgb_maxdiff=0 rgb_units=rgba8_code_value alpha_changed=0 alpha_only=0 rgb_bbox=-1,-1,-1,-1 rgb_before_hash=c5ddf12460cb55a7 rgb_after_hash=c5ddf12460cb55a7
REFSET-ROI type=merc capture=1 id=15 name=envmap hash=0000000000000000 first_index=3933 texture=231 fbo=63 dims=320x180 bpp=4 viewport=0,0,320,180 changed=0 rgb_changed=0 rgb_maxdiff=0 rgb_units=rgba8_code_value alpha_changed=0 alpha_only=0 rgb_bbox=-1,-1,-1,-1 rgb_before_hash=c5ddf12460cb55a7 rgb_after_hash=c5ddf12460cb55a7
REFSET-ROI type=merc capture=1 id=16 name=envmap hash=0000000000000000 first_index=3946 texture=231 fbo=63 dims=320x180 bpp=4 viewport=0,0,320,180 changed=0 rgb_changed=0 rgb_maxdiff=0 rgb_units=rgba8_code_value alpha_changed=0 alpha_only=0 rgb_bbox=-1,-1,-1,-1 rgb_before_hash=c5ddf12460cb55a7 rgb_after_hash=c5ddf12460cb55a7
REFSET-ROI type=merc capture=1 id=17 name=envmap hash=0000000000000000 first_index=4129 texture=231 fbo=63 dims=320x180 bpp=4 viewport=0,0,320,180 changed=0 rgb_changed=0 rgb_maxdiff=0 rgb_units=rgba8_code_value alpha_changed=0 alpha_only=0 rgb_bbox=-1,-1,-1,-1 rgb_before_hash=c5ddf12460cb55a7 rgb_after_hash=c5ddf12460cb55a7
REFSET-ROI type=merc capture=1 id=18 name=envmap hash=0000000000000000 first_index=3622 texture=231 fbo=63 dims=320x180 bpp=4 viewport=0,0,320,180 changed=0 rgb_changed=0 rgb_maxdiff=0 rgb_units=rgba8_code_value alpha_changed=0 alpha_only=0 rgb_bbox=-1,-1,-1,-1 rgb_before_hash=c5ddf12460cb55a7 rgb_after_hash=c5ddf12460cb55a7
REFSET-ROI type=merc capture=1 id=19 name=envmap hash=0000000000000000 first_index=3673 texture=231 fbo=63 dims=320x180 bpp=4 viewport=0,0,320,180 changed=0 rgb_changed=0 rgb_maxdiff=0 rgb_units=rgba8_code_value alpha_changed=0 alpha_only=0 rgb_bbox=-1,-1,-1,-1 rgb_before_hash=c5ddf12460cb55a7 rgb_after_hash=c5ddf12460cb55a7
REFSET-ROI type=merc capture=1 id=20 name=envmap hash=0000000000000000 first_index=3734 texture=231 fbo=63 dims=320x180 bpp=4 viewport=0,0,320,180 changed=0 rgb_changed=0 rgb_maxdiff=0 rgb_units=rgba8_code_value alpha_changed=0 alpha_only=0 rgb_bbox=-1,-1,-1,-1 rgb_before_hash=c5ddf12460cb55a7 rgb_after_hash=c5ddf12460cb55a7
REFSET-ROI type=merc capture=1 id=21 name=envmap hash=0000000000000000 first_index=3933 texture=231 fbo=63 dims=320x180 bpp=4 viewport=0,0,320,180 changed=0 rgb_changed=0 rgb_maxdiff=0 rgb_units=rgba8_code_value alpha_changed=0 alpha_only=0 rgb_bbox=-1,-1,-1,-1 rgb_before_hash=c5ddf12460cb55a7 rgb_after_hash=c5ddf12460cb55a7
REFSET-ROI type=merc capture=1 id=22 name=envmap hash=0000000000000000 first_index=3946 texture=231 fbo=63 dims=320x180 bpp=4 viewport=0,0,320,180 changed=0 rgb_changed=0 rgb_maxdiff=0 rgb_units=rgba8_code_value alpha_changed=0 alpha_only=0 rgb_bbox=-1,-1,-1,-1 rgb_before_hash=c5ddf12460cb55a7 rgb_after_hash=c5ddf12460cb55a7
REFSET-ROI type=merc capture=1 id=23 name=envmap hash=0000000000000000 first_index=4129 texture=231 fbo=63 dims=320x180 bpp=4 viewport=0,0,320,180 changed=0 rgb_changed=0 rgb_maxdiff=0 rgb_units=rgba8_code_value alpha_changed=0 alpha_only=0 rgb_bbox=-1,-1,-1,-1 rgb_before_hash=c5ddf12460cb55a7 rgb_after_hash=c5ddf12460cb55a7
REFSET-ROI type=merc capture=1 id=24 name=envmap hash=0000000000000000 first_index=3622 texture=231 fbo=63 dims=320x180 bpp=4 viewport=0,0,320,180 changed=0 rgb_changed=0 rgb_maxdiff=0 rgb_units=rgba8_code_value alpha_changed=0 alpha_only=0 rgb_bbox=-1,-1,-1,-1 rgb_before_hash=c5ddf12460cb55a7 rgb_after_hash=c5ddf12460cb55a7
REFSET-ROI type=merc capture=1 id=25 name=envmap hash=0000000000000000 first_index=3673 texture=231 fbo=63 dims=320x180 bpp=4 viewport=0,0,320,180 changed=0 rgb_changed=0 rgb_maxdiff=0 rgb_units=rgba8_code_value alpha_changed=0 alpha_only=0 rgb_bbox=-1,-1,-1,-1 rgb_before_hash=c5ddf12460cb55a7 rgb_after_hash=c5ddf12460cb55a7
REFSET-ROI type=merc capture=1 id=26 name=envmap hash=0000000000000000 first_index=3734 texture=231 fbo=63 dims=320x180 bpp=4 viewport=0,0,320,180 changed=0 rgb_changed=0 rgb_maxdiff=0 rgb_units=rgba8_code_value alpha_changed=0 alpha_only=0 rgb_bbox=-1,-1,-1,-1 rgb_before_hash=c5ddf12460cb55a7 rgb_after_hash=c5ddf12460cb55a7
REFSET-ROI type=merc capture=1 id=27 name=envmap hash=0000000000000000 first_index=3933 texture=231 fbo=63 dims=320x180 bpp=4 viewport=0,0,320,180 changed=0 rgb_changed=0 rgb_maxdiff=0 rgb_units=rgba8_code_value alpha_changed=0 alpha_only=0 rgb_bbox=-1,-1,-1,-1 rgb_before_hash=c5ddf12460cb55a7 rgb_after_hash=c5ddf12460cb55a7
REFSET-ROI type=merc capture=1 id=28 name=envmap hash=0000000000000000 first_index=3946 texture=231 fbo=63 dims=320x180 bpp=4 viewport=0,0,320,180 changed=0 rgb_changed=0 rgb_maxdiff=0 rgb_units=rgba8_code_value alpha_changed=0 alpha_only=0 rgb_bbox=-1,-1,-1,-1 rgb_before_hash=c5ddf12460cb55a7 rgb_after_hash=c5ddf12460cb55a7
REFSET-ROI type=merc capture=1 id=29 name=envmap hash=0000000000000000 first_index=4129 texture=231 fbo=63 dims=320x180 bpp=4 viewport=0,0,320,180 changed=0 rgb_changed=0 rgb_maxdiff=0 rgb_units=rgba8_code_value alpha_changed=0 alpha_only=0 rgb_bbox=-1,-1,-1,-1 rgb_before_hash=c5ddf12460cb55a7 rgb_after_hash=c5ddf12460cb55a7
REFSET-ROI type=bucket capture=1 id=10 name=[10] l0-tfrag-merc hash=0000000000000000 first_index=0 texture=-1 fbo=63 dims=320x180 bpp=4 viewport=0,0,320,180 changed=0 rgb_changed=0 rgb_maxdiff=0 rgb_units=rgba8_code_value alpha_changed=0 alpha_only=0 rgb_bbox=-1,-1,-1,-1 rgb_before_hash=c5ddf12460cb55a7 rgb_after_hash=c5ddf12460cb55a7
REFSET-ROI type=bucket capture=1 id=11 name=[11] l0-tfrag-generic hash=0000000000000000 first_index=0 texture=-1 fbo=63 dims=320x180 bpp=4 viewport=0,0,320,180 changed=0 rgb_changed=0 rgb_maxdiff=0 rgb_units=rgba8_code_value alpha_changed=0 alpha_only=0 rgb_bbox=-1,-1,-1,-1 rgb_before_hash=c5ddf12460cb55a7 rgb_after_hash=c5ddf12460cb55a7
REFSET-ROI type=bucket capture=1 id=12 name=[12] l1-tfrag-tex hash=0000000000000000 first_index=0 texture=-1 fbo=63 dims=320x180 bpp=4 viewport=0,0,320,180 changed=0 rgb_changed=0 rgb_maxdiff=0 rgb_units=rgba8_code_value alpha_changed=0 alpha_only=0 rgb_bbox=-1,-1,-1,-1 rgb_before_hash=c5ddf12460cb55a7 rgb_after_hash=c5ddf12460cb55a7
REFSET-ROI type=bucket capture=1 id=13 name=[13] l1-tfrag-tfrag hash=0000000000000000 first_index=0 texture=-1 fbo=63 dims=320x180 bpp=4 viewport=0,0,320,180 changed=0 rgb_changed=0 rgb_maxdiff=0 rgb_units=rgba8_code_value alpha_changed=0 alpha_only=0 rgb_bbox=-1,-1,-1,-1 rgb_before_hash=c5ddf12460cb55a7 rgb_after_hash=c5ddf12460cb55a7
REFSET-ROI type=bucket capture=1 id=14 name=[14] bucket-14 hash=0000000000000000 first_index=0 texture=-1 fbo=63 dims=320x180 bpp=4 viewport=0,0,320,180 changed=0 rgb_changed=0 rgb_maxdiff=0 rgb_units=rgba8_code_value alpha_changed=0 alpha_only=0 rgb_bbox=-1,-1,-1,-1 rgb_before_hash=c5ddf12460cb55a7 rgb_after_hash=c5ddf12460cb55a7
REFSET-ROI type=bucket capture=1 id=15 name=[15] bucket-15 hash=0000000000000000 first_index=0 texture=-1 fbo=63 dims=320x180 bpp=4 viewport=0,0,320,180 changed=0 rgb_changed=0 rgb_maxdiff=0 rgb_units=rgba8_code_value alpha_changed=0 alpha_only=0 rgb_bbox=-1,-1,-1,-1 rgb_before_hash=c5ddf12460cb55a7 rgb_after_hash=c5ddf12460cb55a7
REFSET-ROI type=bucket capture=1 id=16 name=[16] l1-tfrag-tie hash=0000000000000000 first_index=0 texture=-1 fbo=63 dims=320x180 bpp=4 viewport=0,0,320,180 changed=0 rgb_changed=0 rgb_maxdiff=0 rgb_units=rgba8_code_value alpha_changed=0 alpha_only=0 rgb_bbox=-1,-1,-1,-1 rgb_before_hash=c5ddf12460cb55a7 rgb_after_hash=c5ddf12460cb55a7
REFSET-ROI type=model capture=1 hash=322b562182377d3c name=crate-wood-lod0
REFSET-ROI type=model capture=1 hash=322b562182377d3c name=crate-wood-lod0
REFSET-ROI type=merc capture=1 id=0 name=base hash=322b562182377d3c first_index=2703 texture=244 fbo=63 dims=320x180 bpp=4 viewport=0,0,320,180 changed=0 rgb_changed=0 rgb_maxdiff=0 rgb_units=rgba8_code_value alpha_changed=0 alpha_only=0 rgb_bbox=-1,-1,-1,-1 rgb_before_hash=c5ddf12460cb55a7 rgb_after_hash=c5ddf12460cb55a7
REFSET-ROI type=merc capture=1 id=1 name=base hash=322b562182377d3c first_index=2764 texture=245 fbo=63 dims=320x180 bpp=4 viewport=0,0,320,180 changed=0 rgb_changed=0 rgb_maxdiff=0 rgb_units=rgba8_code_value alpha_changed=0 alpha_only=0 rgb_bbox=-1,-1,-1,-1 rgb_before_hash=c5ddf12460cb55a7 rgb_after_hash=c5ddf12460cb55a7
REFSET-ROI type=merc capture=1 id=2 name=base hash=322b562182377d3c first_index=2987 texture=246 fbo=63 dims=320x180 bpp=4 viewport=0,0,320,180 changed=0 rgb_changed=0 rgb_maxdiff=0 rgb_units=rgba8_code_value alpha_changed=0 alpha_only=0 rgb_bbox=-1,-1,-1,-1 rgb_before_hash=c5ddf12460cb55a7 rgb_after_hash=c5ddf12460cb55a7
REFSET-ROI type=merc capture=1 id=3 name=base hash=322b562182377d3c first_index=3066 texture=247 fbo=63 dims=320x180 bpp=4 viewport=0,0,320,180 changed=0 rgb_changed=0 rgb_maxdiff=0 rgb_units=rgba8_code_value alpha_changed=0 alpha_only=0 rgb_bbox=-1,-1,-1,-1 rgb_before_hash=c5ddf12460cb55a7 rgb_after_hash=c5ddf12460cb55a7
REFSET-ROI type=merc capture=1 id=4 name=base hash=322b562182377d3c first_index=3092 texture=248 fbo=63 dims=320x180 bpp=4 viewport=0,0,320,180 changed=0 rgb_changed=0 rgb_maxdiff=0 rgb_units=rgba8_code_value alpha_changed=0 alpha_only=0 rgb_bbox=-1,-1,-1,-1 rgb_before_hash=c5ddf12460cb55a7 rgb_after_hash=c5ddf12460cb55a7
REFSET-ROI type=merc capture=1 id=5 name=base hash=322b562182377d3c first_index=3116 texture=249 fbo=63 dims=320x180 bpp=4 viewport=0,0,320,180 changed=0 rgb_changed=0 rgb_maxdiff=0 rgb_units=rgba8_code_value alpha_changed=0 alpha_only=0 rgb_bbox=-1,-1,-1,-1 rgb_before_hash=c5ddf12460cb55a7 rgb_after_hash=c5ddf12460cb55a7
REFSET-ROI type=merc capture=1 id=6 name=base hash=322b562182377d3c first_index=3153 texture=250 fbo=63 dims=320x180 bpp=4 viewport=0,0,320,180 changed=0 rgb_changed=0 rgb_maxdiff=0 rgb_units=rgba8_code_value alpha_changed=0 alpha_only=0 rgb_bbox=-1,-1,-1,-1 rgb_before_hash=c5ddf12460cb55a7 rgb_after_hash=c5ddf12460cb55a7
REFSET-ROI type=merc capture=1 id=7 name=base hash=322b562182377d3c first_index=3196 texture=251 fbo=63 dims=320x180 bpp=4 viewport=0,0,320,180 changed=0 rgb_changed=0 rgb_maxdiff=0 rgb_units=rgba8_code_value alpha_changed=0 alpha_only=0 rgb_bbox=-1,-1,-1,-1 rgb_before_hash=c5ddf12460cb55a7 rgb_after_hash=c5ddf12460cb55a7
REFSET-ROI type=merc capture=1 id=8 name=base hash=322b562182377d3c first_index=2703 texture=244 fbo=63 dims=320x180 bpp=4 viewport=0,0,320,180 changed=0 rgb_changed=0 rgb_maxdiff=0 rgb_units=rgba8_code_value alpha_changed=0 alpha_only=0 rgb_bbox=-1,-1,-1,-1 rgb_before_hash=c5ddf12460cb55a7 rgb_after_hash=c5ddf12460cb55a7
REFSET-ROI type=merc capture=1 id=9 name=base hash=322b562182377d3c first_index=2764 texture=245 fbo=63 dims=320x180 bpp=4 viewport=0,0,320,180 changed=0 rgb_changed=0 rgb_maxdiff=0 rgb_units=rgba8_code_value alpha_changed=0 alpha_only=0 rgb_bbox=-1,-1,-1,-1 rgb_before_hash=c5ddf12460cb55a7 rgb_after_hash=c5ddf12460cb55a7
REFSET-ROI type=merc capture=1 id=10 name=base hash=322b562182377d3c first_index=2987 texture=246 fbo=63 dims=320x180 bpp=4 viewport=0,0,320,180 changed=0 rgb_changed=0 rgb_maxdiff=0 rgb_units=rgba8_code_value alpha_changed=0 alpha_only=0 rgb_bbox=-1,-1,-1,-1 rgb_before_hash=c5ddf12460cb55a7 rgb_after_hash=c5ddf12460cb55a7
REFSET-ROI type=merc capture=1 id=11 name=base hash=322b562182377d3c first_index=3066 texture=247 fbo=63 dims=320x180 bpp=4 viewport=0,0,320,180 changed=0 rgb_changed=0 rgb_maxdiff=0 rgb_units=rgba8_code_value alpha_changed=0 alpha_only=0 rgb_bbox=-1,-1,-1,-1 rgb_before_hash=c5ddf12460cb55a7 rgb_after_hash=c5ddf12460cb55a7
REFSET-ROI type=merc capture=1 id=12 name=base hash=322b562182377d3c first_index=3092 texture=248 fbo=63 dims=320x180 bpp=4 viewport=0,0,320,180 changed=0 rgb_changed=0 rgb_maxdiff=0 rgb_units=rgba8_code_value alpha_changed=0 alpha_only=0 rgb_bbox=-1,-1,-1,-1 rgb_before_hash=c5ddf12460cb55a7 rgb_after_hash=c5ddf12460cb55a7
REFSET-ROI type=merc capture=1 id=13 name=base hash=322b562182377d3c first_index=3116 texture=249 fbo=63 dims=320x180 bpp=4 viewport=0,0,320,180 changed=0 rgb_changed=0 rgb_maxdiff=0 rgb_units=rgba8_code_value alpha_changed=0 alpha_only=0 rgb_bbox=-1,-1,-1,-1 rgb_before_hash=c5ddf12460cb55a7 rgb_after_hash=c5ddf12460cb55a7
REFSET-ROI type=merc capture=1 id=14 name=base hash=322b562182377d3c first_index=3153 texture=250 fbo=63 dims=320x180 bpp=4 viewport=0,0,320,180 changed=0 rgb_changed=0 rgb_maxdiff=0 rgb_units=rgba8_code_value alpha_changed=0 alpha_only=0 rgb_bbox=-1,-1,-1,-1 rgb_before_hash=c5ddf12460cb55a7 rgb_after_hash=c5ddf12460cb55a7
REFSET-ROI type=merc capture=1 id=15 name=base hash=322b562182377d3c first_index=3196 texture=251 fbo=63 dims=320x180 bpp=4 viewport=0,0,320,180 changed=0 rgb_changed=0 rgb_maxdiff=0 rgb_units=rgba8_code_value alpha_changed=0 alpha_only=0 rgb_bbox=-1,-1,-1,-1 rgb_before_hash=c5ddf12460cb55a7 rgb_after_hash=c5ddf12460cb55a7
REFSET-ROI type=merc capture=1 id=0 name=envmap hash=0000000000000000 first_index=2703 texture=228 fbo=63 dims=320x180 bpp=4 viewport=0,0,320,180 changed=0 rgb_changed=0 rgb_maxdiff=0 rgb_units=rgba8_code_value alpha_changed=0 alpha_only=0 rgb_bbox=-1,-1,-1,-1 rgb_before_hash=c5ddf12460cb55a7 rgb_after_hash=c5ddf12460cb55a7
REFSET-ROI type=merc capture=1 id=1 name=envmap hash=0000000000000000 first_index=2764 texture=228 fbo=63 dims=320x180 bpp=4 viewport=0,0,320,180 changed=0 rgb_changed=0 rgb_maxdiff=0 rgb_units=rgba8_code_value alpha_changed=0 alpha_only=0 rgb_bbox=-1,-1,-1,-1 rgb_before_hash=c5ddf12460cb55a7 rgb_after_hash=c5ddf12460cb55a7
REFSET-ROI type=merc capture=1 id=2 name=envmap hash=0000000000000000 first_index=2987 texture=228 fbo=63 dims=320x180 bpp=4 viewport=0,0,320,180 changed=0 rgb_changed=0 rgb_maxdiff=0 rgb_units=rgba8_code_value alpha_changed=0 alpha_only=0 rgb_bbox=-1,-1,-1,-1 rgb_before_hash=c5ddf12460cb55a7 rgb_after_hash=c5ddf12460cb55a7
REFSET-ROI type=merc capture=1 id=3 name=envmap hash=0000000000000000 first_index=3066 texture=228 fbo=63 dims=320x180 bpp=4 viewport=0,0,320,180 changed=0 rgb_changed=0 rgb_maxdiff=0 rgb_units=rgba8_code_value alpha_changed=0 alpha_only=0 rgb_bbox=-1,-1,-1,-1 rgb_before_hash=c5ddf12460cb55a7 rgb_after_hash=c5ddf12460cb55a7
REFSET-ROI type=merc capture=1 id=4 name=envmap hash=0000000000000000 first_index=3092 texture=228 fbo=63 dims=320x180 bpp=4 viewport=0,0,320,180 changed=0 rgb_changed=0 rgb_maxdiff=0 rgb_units=rgba8_code_value alpha_changed=0 alpha_only=0 rgb_bbox=-1,-1,-1,-1 rgb_before_hash=c5ddf12460cb55a7 rgb_after_hash=c5ddf12460cb55a7
REFSET-ROI type=merc capture=1 id=5 name=envmap hash=0000000000000000 first_index=3116 texture=228 fbo=63 dims=320x180 bpp=4 viewport=0,0,320,180 changed=0 rgb_changed=0 rgb_maxdiff=0 rgb_units=rgba8_code_value alpha_changed=0 alpha_only=0 rgb_bbox=-1,-1,-1,-1 rgb_before_hash=c5ddf12460cb55a7 rgb_after_hash=c5ddf12460cb55a7
REFSET-ROI type=merc capture=1 id=6 name=envmap hash=0000000000000000 first_index=3153 texture=228 fbo=63 dims=320x180 bpp=4 viewport=0,0,320,180 changed=0 rgb_changed=0 rgb_maxdiff=0 rgb_units=rgba8_code_value alpha_changed=0 alpha_only=0 rgb_bbox=-1,-1,-1,-1 rgb_before_hash=c5ddf12460cb55a7 rgb_after_hash=c5ddf12460cb55a7
REFSET-ROI type=merc capture=1 id=7 name=envmap hash=0000000000000000 first_index=3196 texture=228 fbo=63 dims=320x180 bpp=4 viewport=0,0,320,180 changed=0 rgb_changed=0 rgb_maxdiff=0 rgb_units=rgba8_code_value alpha_changed=0 alpha_only=0 rgb_bbox=-1,-1,-1,-1 rgb_before_hash=c5ddf12460cb55a7 rgb_after_hash=c5ddf12460cb55a7
REFSET-ROI type=merc capture=1 id=8 name=envmap hash=0000000000000000 first_index=2703 texture=228 fbo=63 dims=320x180 bpp=4 viewport=0,0,320,180 changed=0 rgb_changed=0 rgb_maxdiff=0 rgb_units=rgba8_code_value alpha_changed=0 alpha_only=0 rgb_bbox=-1,-1,-1,-1 rgb_before_hash=c5ddf12460cb55a7 rgb_after_hash=c5ddf12460cb55a7
REFSET-ROI type=merc capture=1 id=9 name=envmap hash=0000000000000000 first_index=2764 texture=228 fbo=63 dims=320x180 bpp=4 viewport=0,0,320,180 changed=0 rgb_changed=0 rgb_maxdiff=0 rgb_units=rgba8_code_value alpha_changed=0 alpha_only=0 rgb_bbox=-1,-1,-1,-1 rgb_before_hash=c5ddf12460cb55a7 rgb_after_hash=c5ddf12460cb55a7
REFSET-ROI type=merc capture=1 id=10 name=envmap hash=0000000000000000 first_index=2987 texture=228 fbo=63 dims=320x180 bpp=4 viewport=0,0,320,180 changed=0 rgb_changed=0 rgb_maxdiff=0 rgb_units=rgba8_code_value alpha_changed=0 alpha_only=0 rgb_bbox=-1,-1,-1,-1 rgb_before_hash=c5ddf12460cb55a7 rgb_after_hash=c5ddf12460cb55a7
REFSET-ROI type=merc capture=1 id=11 name=envmap hash=0000000000000000 first_index=3066 texture=228 fbo=63 dims=320x180 bpp=4 viewport=0,0,320,180 changed=0 rgb_changed=0 rgb_maxdiff=0 rgb_units=rgba8_code_value alpha_changed=0 alpha_only=0 rgb_bbox=-1,-1,-1,-1 rgb_before_hash=c5ddf12460cb55a7 rgb_after_hash=c5ddf12460cb55a7
REFSET-ROI type=merc capture=1 id=12 name=envmap hash=0000000000000000 first_index=3092 texture=228 fbo=63 dims=320x180 bpp=4 viewport=0,0,320,180 changed=0 rgb_changed=0 rgb_maxdiff=0 rgb_units=rgba8_code_value alpha_changed=0 alpha_only=0 rgb_bbox=-1,-1,-1,-1 rgb_before_hash=c5ddf12460cb55a7 rgb_after_hash=c5ddf12460cb55a7
REFSET-ROI type=merc capture=1 id=13 name=envmap hash=0000000000000000 first_index=3116 texture=228 fbo=63 dims=320x180 bpp=4 viewport=0,0,320,180 changed=0 rgb_changed=0 rgb_maxdiff=0 rgb_units=rgba8_code_value alpha_changed=0 alpha_only=0 rgb_bbox=-1,-1,-1,-1 rgb_before_hash=c5ddf12460cb55a7 rgb_after_hash=c5ddf12460cb55a7
REFSET-ROI type=merc capture=1 id=14 name=envmap hash=0000000000000000 first_index=3153 texture=228 fbo=63 dims=320x180 bpp=4 viewport=0,0,320,180 changed=0 rgb_changed=0 rgb_maxdiff=0 rgb_units=rgba8_code_value alpha_changed=0 alpha_only=0 rgb_bbox=-1,-1,-1,-1 rgb_before_hash=c5ddf12460cb55a7 rgb_after_hash=c5ddf12460cb55a7
REFSET-ROI type=merc capture=1 id=15 name=envmap hash=0000000000000000 first_index=3196 texture=228 fbo=63 dims=320x180 bpp=4 viewport=0,0,320,180 changed=0 rgb_changed=0 rgb_maxdiff=0 rgb_units=rgba8_code_value alpha_changed=0 alpha_only=0 rgb_bbox=-1,-1,-1,-1 rgb_before_hash=c5ddf12460cb55a7 rgb_after_hash=c5ddf12460cb55a7
REFSET-ROI type=bucket capture=1 id=17 name=[17] l1-tfrag-merc hash=0000000000000000 first_index=0 texture=-1 fbo=63 dims=320x180 bpp=4 viewport=0,0,320,180 changed=0 rgb_changed=0 rgb_maxdiff=0 rgb_units=rgba8_code_value alpha_changed=0 alpha_only=0 rgb_bbox=-1,-1,-1,-1 rgb_before_hash=c5ddf12460cb55a7 rgb_after_hash=c5ddf12460cb55a7
REFSET-ROI type=bucket capture=1 id=18 name=[18] l1-tfrag-generic hash=0000000000000000 first_index=0 texture=-1 fbo=63 dims=320x180 bpp=4 viewport=0,0,320,180 changed=0 rgb_changed=0 rgb_maxdiff=0 rgb_units=rgba8_code_value alpha_changed=0 alpha_only=0 rgb_bbox=-1,-1,-1,-1 rgb_before_hash=c5ddf12460cb55a7 rgb_after_hash=c5ddf12460cb55a7
REFSET-ROI type=bucket capture=1 id=19 name=[19] l0-shrub-tex hash=0000000000000000 first_index=0 texture=-1 fbo=63 dims=320x180 bpp=4 viewport=0,0,320,180 changed=0 rgb_changed=0 rgb_maxdiff=0 rgb_units=rgba8_code_value alpha_changed=0 alpha_only=0 rgb_bbox=-1,-1,-1,-1 rgb_before_hash=c5ddf12460cb55a7 rgb_after_hash=c5ddf12460cb55a7
REFSET-ROI type=bucket capture=1 id=20 name=[20] l0-shrub hash=0000000000000000 first_index=0 texture=-1 fbo=63 dims=320x180 bpp=4 viewport=0,0,320,180 changed=229 rgb_changed=229 rgb_maxdiff=68 rgb_units=rgba8_code_value alpha_changed=162 alpha_only=0 rgb_bbox=77,110,104,143 rgb_before_hash=c5ddf12460cb55a7 rgb_after_hash=b9f86775a08143c6
REFSET-ROI type=bucket capture=1 id=21 name=[21] bucket-21 hash=0000000000000000 first_index=0 texture=-1 fbo=63 dims=320x180 bpp=4 viewport=0,0,320,180 changed=0 rgb_changed=0 rgb_maxdiff=0 rgb_units=rgba8_code_value alpha_changed=0 alpha_only=0 rgb_bbox=-1,-1,-1,-1 rgb_before_hash=b9f86775a08143c6 rgb_after_hash=b9f86775a08143c6
REFSET-ROI type=bucket capture=1 id=22 name=[22] bucket-22 hash=0000000000000000 first_index=0 texture=-1 fbo=63 dims=320x180 bpp=4 viewport=0,0,320,180 changed=0 rgb_changed=0 rgb_maxdiff=0 rgb_units=rgba8_code_value alpha_changed=0 alpha_only=0 rgb_bbox=-1,-1,-1,-1 rgb_before_hash=b9f86775a08143c6 rgb_after_hash=b9f86775a08143c6
REFSET-ROI type=bucket capture=1 id=23 name=[23] bucket-23 hash=0000000000000000 first_index=0 texture=-1 fbo=63 dims=320x180 bpp=4 viewport=0,0,320,180 changed=0 rgb_changed=0 rgb_maxdiff=0 rgb_units=rgba8_code_value alpha_changed=0 alpha_only=0 rgb_bbox=-1,-1,-1,-1 rgb_before_hash=b9f86775a08143c6 rgb_after_hash=b9f86775a08143c6
REFSET-ROI type=bucket capture=1 id=24 name=[24] l0-shrub-generic hash=0000000000000000 first_index=0 texture=-1 fbo=63 dims=320x180 bpp=4 viewport=0,0,320,180 changed=0 rgb_changed=0 rgb_maxdiff=0 rgb_units=rgba8_code_value alpha_changed=0 alpha_only=0 rgb_bbox=-1,-1,-1,-1 rgb_before_hash=b9f86775a08143c6 rgb_after_hash=b9f86775a08143c6
REFSET-ROI type=bucket capture=1 id=25 name=[25] l1-shrub-tex hash=0000000000000000 first_index=0 texture=-1 fbo=63 dims=320x180 bpp=4 viewport=0,0,320,180 changed=0 rgb_changed=0 rgb_maxdiff=0 rgb_units=rgba8_code_value alpha_changed=0 alpha_only=0 rgb_bbox=-1,-1,-1,-1 rgb_before_hash=b9f86775a08143c6 rgb_after_hash=b9f86775a08143c6
REFSET-ROI type=bucket capture=1 id=26 name=[26] l1-shrub hash=0000000000000000 first_index=0 texture=-1 fbo=63 dims=320x180 bpp=4 viewport=0,0,320,180 changed=0 rgb_changed=0 rgb_maxdiff=0 rgb_units=rgba8_code_value alpha_changed=0 alpha_only=0 rgb_bbox=-1,-1,-1,-1 rgb_before_hash=b9f86775a08143c6 rgb_after_hash=b9f86775a08143c6
REFSET-ROI type=bucket capture=1 id=27 name=[27] bucket-27 hash=0000000000000000 first_index=0 texture=-1 fbo=63 dims=320x180 bpp=4 viewport=0,0,320,180 changed=0 rgb_changed=0 rgb_maxdiff=0 rgb_units=rgba8_code_value alpha_changed=0 alpha_only=0 rgb_bbox=-1,-1,-1,-1 rgb_before_hash=b9f86775a08143c6 rgb_after_hash=b9f86775a08143c6
REFSET-ROI type=bucket capture=1 id=28 name=[28] bucket-28 hash=0000000000000000 first_index=0 texture=-1 fbo=63 dims=320x180 bpp=4 viewport=0,0,320,180 changed=0 rgb_changed=0 rgb_maxdiff=0 rgb_units=rgba8_code_value alpha_changed=0 alpha_only=0 rgb_bbox=-1,-1,-1,-1 rgb_before_hash=b9f86775a08143c6 rgb_after_hash=b9f86775a08143c6
REFSET-ROI type=bucket capture=1 id=29 name=[29] bucket-29 hash=0000000000000000 first_index=0 texture=-1 fbo=63 dims=320x180 bpp=4 viewport=0,0,320,180 changed=0 rgb_changed=0 rgb_maxdiff=0 rgb_units=rgba8_code_value alpha_changed=0 alpha_only=0 rgb_bbox=-1,-1,-1,-1 rgb_before_hash=b9f86775a08143c6 rgb_after_hash=b9f86775a08143c6
REFSET-ROI type=bucket capture=1 id=30 name=[30] l1-shrub-generic hash=0000000000000000 first_index=0 texture=-1 fbo=63 dims=320x180 bpp=4 viewport=0,0,320,180 changed=0 rgb_changed=0 rgb_maxdiff=0 rgb_units=rgba8_code_value alpha_changed=0 alpha_only=0 rgb_bbox=-1,-1,-1,-1 rgb_before_hash=b9f86775a08143c6 rgb_after_hash=b9f86775a08143c6
REFSET-ROI type=bucket capture=1 id=31 name=[31] l0-alpha-tex hash=0000000000000000 first_index=0 texture=-1 fbo=63 dims=320x180 bpp=4 viewport=0,0,320,180 changed=0 rgb_changed=0 rgb_maxdiff=0 rgb_units=rgba8_code_value alpha_changed=0 alpha_only=0 rgb_bbox=-1,-1,-1,-1 rgb_before_hash=b9f86775a08143c6 rgb_after_hash=b9f86775a08143c6
REFSET-ROI type=bucket capture=1 id=32 name=[32] l0-alpha-sky-blend-and-tfrag-trans hash=0000000000000000 first_index=0 texture=-1 fbo=63 dims=320x180 bpp=4 viewport=0,0,320,180 changed=0 rgb_changed=0 rgb_maxdiff=0 rgb_units=rgba8_code_value alpha_changed=0 alpha_only=0 rgb_bbox=-1,-1,-1,-1 rgb_before_hash=b9f86775a08143c6 rgb_after_hash=b9f86775a08143c6
REFSET-ROI type=bucket capture=1 id=33 name=[33] bucket-33 hash=0000000000000000 first_index=0 texture=-1 fbo=63 dims=320x180 bpp=4 viewport=0,0,320,180 changed=0 rgb_changed=0 rgb_maxdiff=0 rgb_units=rgba8_code_value alpha_changed=0 alpha_only=0 rgb_bbox=-1,-1,-1,-1 rgb_before_hash=b9f86775a08143c6 rgb_after_hash=b9f86775a08143c6
REFSET-ROI type=bucket capture=1 id=34 name=[34] l0-alpha-tfrag hash=0000000000000000 first_index=0 texture=-1 fbo=63 dims=320x180 bpp=4 viewport=0,0,320,180 changed=0 rgb_changed=0 rgb_maxdiff=0 rgb_units=rgba8_code_value alpha_changed=0 alpha_only=0 rgb_bbox=-1,-1,-1,-1 rgb_before_hash=b9f86775a08143c6 rgb_after_hash=b9f86775a08143c6
REFSET-ROI type=bucket capture=1 id=35 name=[35] bucket-35 hash=0000000000000000 first_index=0 texture=-1 fbo=63 dims=320x180 bpp=4 viewport=0,0,320,180 changed=0 rgb_changed=0 rgb_maxdiff=0 rgb_units=rgba8_code_value alpha_changed=0 alpha_only=0 rgb_bbox=-1,-1,-1,-1 rgb_before_hash=b9f86775a08143c6 rgb_after_hash=b9f86775a08143c6
REFSET-ROI type=bucket capture=1 id=36 name=[36] l0-alpha-tfrag-ice hash=0000000000000000 first_index=0 texture=-1 fbo=63 dims=320x180 bpp=4 viewport=0,0,320,180 changed=0 rgb_changed=0 rgb_maxdiff=0 rgb_units=rgba8_code_value alpha_changed=0 alpha_only=0 rgb_bbox=-1,-1,-1,-1 rgb_before_hash=b9f86775a08143c6 rgb_after_hash=b9f86775a08143c6
REFSET-ROI type=bucket capture=1 id=37 name=[37] bucket-37 hash=0000000000000000 first_index=0 texture=-1 fbo=63 dims=320x180 bpp=4 viewport=0,0,320,180 changed=0 rgb_changed=0 rgb_maxdiff=0 rgb_units=rgba8_code_value alpha_changed=0 alpha_only=0 rgb_bbox=-1,-1,-1,-1 rgb_before_hash=b9f86775a08143c6 rgb_after_hash=b9f86775a08143c6
REFSET-ROI type=bucket capture=1 id=38 name=[38] l1-alpha-tex hash=0000000000000000 first_index=0 texture=-1 fbo=63 dims=320x180 bpp=4 viewport=0,0,320,180 changed=0 rgb_changed=0 rgb_maxdiff=0 rgb_units=rgba8_code_value alpha_changed=0 alpha_only=0 rgb_bbox=-1,-1,-1,-1 rgb_before_hash=b9f86775a08143c6 rgb_after_hash=b9f86775a08143c6
REFSET-ROI type=bucket capture=1 id=39 name=[39] l1-alpha-sky-blend-and-tfrag-trans hash=0000000000000000 first_index=0 texture=-1 fbo=63 dims=320x180 bpp=4 viewport=0,0,320,180 changed=0 rgb_changed=0 rgb_maxdiff=0 rgb_units=rgba8_code_value alpha_changed=0 alpha_only=0 rgb_bbox=-1,-1,-1,-1 rgb_before_hash=b9f86775a08143c6 rgb_after_hash=b9f86775a08143c6
REFSET-ROI type=bucket capture=1 id=40 name=[40] bucket-40 hash=0000000000000000 first_index=0 texture=-1 fbo=63 dims=320x180 bpp=4 viewport=0,0,320,180 changed=0 rgb_changed=0 rgb_maxdiff=0 rgb_units=rgba8_code_value alpha_changed=0 alpha_only=0 rgb_bbox=-1,-1,-1,-1 rgb_before_hash=b9f86775a08143c6 rgb_after_hash=b9f86775a08143c6
REFSET-ROI type=bucket capture=1 id=41 name=[41] l1-alpha-tfrag-dirt hash=0000000000000000 first_index=0 texture=-1 fbo=63 dims=320x180 bpp=4 viewport=0,0,320,180 changed=0 rgb_changed=0 rgb_maxdiff=0 rgb_units=rgba8_code_value alpha_changed=0 alpha_only=0 rgb_bbox=-1,-1,-1,-1 rgb_before_hash=b9f86775a08143c6 rgb_after_hash=b9f86775a08143c6
REFSET-ROI type=bucket capture=1 id=42 name=[42] bucket-42 hash=0000000000000000 first_index=0 texture=-1 fbo=63 dims=320x180 bpp=4 viewport=0,0,320,180 changed=0 rgb_changed=0 rgb_maxdiff=0 rgb_units=rgba8_code_value alpha_changed=0 alpha_only=0 rgb_bbox=-1,-1,-1,-1 rgb_before_hash=b9f86775a08143c6 rgb_after_hash=b9f86775a08143c6
REFSET-ROI type=bucket capture=1 id=43 name=[43] l1-alpha-tfrag-ice hash=0000000000000000 first_index=0 texture=-1 fbo=63 dims=320x180 bpp=4 viewport=0,0,320,180 changed=0 rgb_changed=0 rgb_maxdiff=0 rgb_units=rgba8_code_value alpha_changed=0 alpha_only=0 rgb_bbox=-1,-1,-1,-1 rgb_before_hash=b9f86775a08143c6 rgb_after_hash=b9f86775a08143c6
REFSET-ROI type=bucket capture=1 id=44 name=[44] bucket-44 hash=0000000000000000 first_index=0 texture=-1 fbo=63 dims=320x180 bpp=4 viewport=0,0,320,180 changed=0 rgb_changed=0 rgb_maxdiff=0 rgb_units=rgba8_code_value alpha_changed=0 alpha_only=0 rgb_bbox=-1,-1,-1,-1 rgb_before_hash=b9f86775a08143c6 rgb_after_hash=b9f86775a08143c6
REFSET-ROI type=bucket capture=1 id=45 name=[45] common-alpha-merc hash=0000000000000000 first_index=0 texture=-1 fbo=63 dims=320x180 bpp=4 viewport=0,0,320,180 changed=0 rgb_changed=0 rgb_maxdiff=0 rgb_units=rgba8_code_value alpha_changed=0 alpha_only=0 rgb_bbox=-1,-1,-1,-1 rgb_before_hash=b9f86775a08143c6 rgb_after_hash=b9f86775a08143c6
REFSET-ROI type=bucket capture=1 id=46 name=[46] common-alpha-generic hash=0000000000000000 first_index=0 texture=-1 fbo=63 dims=320x180 bpp=4 viewport=0,0,320,180 changed=0 rgb_changed=0 rgb_maxdiff=0 rgb_units=rgba8_code_value alpha_changed=0 alpha_only=0 rgb_bbox=-1,-1,-1,-1 rgb_before_hash=b9f86775a08143c6 rgb_after_hash=b9f86775a08143c6
REFSET-ROI type=bucket capture=1 id=47 name=[47] shadow hash=0000000000000000 first_index=0 texture=-1 fbo=63 dims=320x180 bpp=4 viewport=0,0,320,180 changed=0 rgb_changed=0 rgb_maxdiff=0 rgb_units=rgba8_code_value alpha_changed=0 alpha_only=0 rgb_bbox=-1,-1,-1,-1 rgb_before_hash=b9f86775a08143c6 rgb_after_hash=b9f86775a08143c6
REFSET-ROI type=bucket capture=1 id=48 name=[48] l0-pris-tex hash=0000000000000000 first_index=0 texture=-1 fbo=63 dims=320x180 bpp=4 viewport=0,0,320,180 changed=0 rgb_changed=0 rgb_maxdiff=0 rgb_units=rgba8_code_value alpha_changed=0 alpha_only=0 rgb_bbox=-1,-1,-1,-1 rgb_before_hash=b9f86775a08143c6 rgb_after_hash=b9f86775a08143c6
REFSET-ROI type=model capture=1 hash=b872b73f9b7e5d2e name=hutlamp-lod0
REFSET-ROI type=model capture=1 hash=b872b73f9b7e5d2e name=hutlamp-lod0
REFSET-ROI type=model capture=1 hash=ee514f62ea926d60 name=farmer-lod0
REFSET-ROI type=merc capture=1 id=0 name=base hash=b872b73f9b7e5d2e first_index=34395 texture=429 fbo=63 dims=320x180 bpp=4 viewport=0,0,320,180 changed=0 rgb_changed=0 rgb_maxdiff=0 rgb_units=rgba8_code_value alpha_changed=0 alpha_only=0 rgb_bbox=-1,-1,-1,-1 rgb_before_hash=b9f86775a08143c6 rgb_after_hash=b9f86775a08143c6
REFSET-ROI type=merc capture=1 id=1 name=base hash=b872b73f9b7e5d2e first_index=34488 texture=430 fbo=63 dims=320x180 bpp=4 viewport=0,0,320,180 changed=0 rgb_changed=0 rgb_maxdiff=0 rgb_units=rgba8_code_value alpha_changed=0 alpha_only=0 rgb_bbox=-1,-1,-1,-1 rgb_before_hash=b9f86775a08143c6 rgb_after_hash=b9f86775a08143c6
REFSET-ROI type=merc capture=1 id=2 name=base hash=b872b73f9b7e5d2e first_index=34583 texture=431 fbo=63 dims=320x180 bpp=4 viewport=0,0,320,180 changed=0 rgb_changed=0 rgb_maxdiff=0 rgb_units=rgba8_code_value alpha_changed=0 alpha_only=0 rgb_bbox=-1,-1,-1,-1 rgb_before_hash=b9f86775a08143c6 rgb_after_hash=b9f86775a08143c6
REFSET-ROI type=merc capture=1 id=3 name=base hash=b872b73f9b7e5d2e first_index=34395 texture=429 fbo=63 dims=320x180 bpp=4 viewport=0,0,320,180 changed=0 rgb_changed=0 rgb_maxdiff=0 rgb_units=rgba8_code_value alpha_changed=0 alpha_only=0 rgb_bbox=-1,-1,-1,-1 rgb_before_hash=b9f86775a08143c6 rgb_after_hash=b9f86775a08143c6
REFSET-ROI type=merc capture=1 id=4 name=base hash=b872b73f9b7e5d2e first_index=34488 texture=430 fbo=63 dims=320x180 bpp=4 viewport=0,0,320,180 changed=0 rgb_changed=0 rgb_maxdiff=0 rgb_units=rgba8_code_value alpha_changed=0 alpha_only=0 rgb_bbox=-1,-1,-1,-1 rgb_before_hash=b9f86775a08143c6 rgb_after_hash=b9f86775a08143c6
REFSET-ROI type=merc capture=1 id=5 name=base hash=b872b73f9b7e5d2e first_index=34583 texture=431 fbo=63 dims=320x180 bpp=4 viewport=0,0,320,180 changed=0 rgb_changed=0 rgb_maxdiff=0 rgb_units=rgba8_code_value alpha_changed=0 alpha_only=0 rgb_bbox=-1,-1,-1,-1 rgb_before_hash=b9f86775a08143c6 rgb_after_hash=b9f86775a08143c6
REFSET-ROI type=merc capture=1 id=6 name=base hash=ee514f62ea926d60 first_index=18374 texture=358 fbo=63 dims=320x180 bpp=4 viewport=0,0,320,180 changed=0 rgb_changed=0 rgb_maxdiff=0 rgb_units=rgba8_code_value alpha_changed=0 alpha_only=0 rgb_bbox=-1,-1,-1,-1 rgb_before_hash=b9f86775a08143c6 rgb_after_hash=b9f86775a08143c6
REFSET-ROI type=merc capture=1 id=7 name=base hash=ee514f62ea926d60 first_index=18994 texture=359 fbo=63 dims=320x180 bpp=4 viewport=0,0,320,180 changed=0 rgb_changed=0 rgb_maxdiff=0 rgb_units=rgba8_code_value alpha_changed=0 alpha_only=0 rgb_bbox=-1,-1,-1,-1 rgb_before_hash=b9f86775a08143c6 rgb_after_hash=b9f86775a08143c6
REFSET-ROI type=merc capture=1 id=8 name=base hash=ee514f62ea926d60 first_index=19059 texture=360 fbo=63 dims=320x180 bpp=4 viewport=0,0,320,180 changed=0 rgb_changed=0 rgb_maxdiff=0 rgb_units=rgba8_code_value alpha_changed=0 alpha_only=0 rgb_bbox=-1,-1,-1,-1 rgb_before_hash=b9f86775a08143c6 rgb_after_hash=b9f86775a08143c6
REFSET-ROI type=merc capture=1 id=9 name=base hash=ee514f62ea926d60 first_index=19141 texture=361 fbo=63 dims=320x180 bpp=4 viewport=0,0,320,180 changed=0 rgb_changed=0 rgb_maxdiff=0 rgb_units=rgba8_code_value alpha_changed=0 alpha_only=0 rgb_bbox=-1,-1,-1,-1 rgb_before_hash=b9f86775a08143c6 rgb_after_hash=b9f86775a08143c6
REFSET-ROI type=merc capture=1 id=10 name=base hash=ee514f62ea926d60 first_index=21330 texture=362 fbo=63 dims=320x180 bpp=4 viewport=0,0,320,180 changed=0 rgb_changed=0 rgb_maxdiff=0 rgb_units=rgba8_code_value alpha_changed=0 alpha_only=0 rgb_bbox=-1,-1,-1,-1 rgb_before_hash=b9f86775a08143c6 rgb_after_hash=b9f86775a08143c6
REFSET-ROI type=merc capture=1 id=11 name=base hash=ee514f62ea926d60 first_index=21351 texture=363 fbo=63 dims=320x180 bpp=4 viewport=0,0,320,180 changed=0 rgb_changed=0 rgb_maxdiff=0 rgb_units=rgba8_code_value alpha_changed=0 alpha_only=0 rgb_bbox=-1,-1,-1,-1 rgb_before_hash=b9f86775a08143c6 rgb_after_hash=b9f86775a08143c6
REFSET-ROI type=merc capture=1 id=12 name=base hash=ee514f62ea926d60 first_index=21462 texture=364 fbo=63 dims=320x180 bpp=4 viewport=0,0,320,180 changed=0 rgb_changed=0 rgb_maxdiff=0 rgb_units=rgba8_code_value alpha_changed=0 alpha_only=0 rgb_bbox=-1,-1,-1,-1 rgb_before_hash=b9f86775a08143c6 rgb_after_hash=b9f86775a08143c6
REFSET-ROI type=merc capture=1 id=13 name=base hash=ee514f62ea926d60 first_index=21652 texture=365 fbo=63 dims=320x180 bpp=4 viewport=0,0,320,180 changed=0 rgb_changed=0 rgb_maxdiff=0 rgb_units=rgba8_code_value alpha_changed=0 alpha_only=0 rgb_bbox=-1,-1,-1,-1 rgb_before_hash=b9f86775a08143c6 rgb_after_hash=b9f86775a08143c6
REFSET-ROI type=merc capture=1 id=14 name=base hash=ee514f62ea926d60 first_index=21671 texture=366 fbo=63 dims=320x180 bpp=4 viewport=0,0,320,180 changed=0 rgb_changed=0 rgb_maxdiff=0 rgb_units=rgba8_code_value alpha_changed=0 alpha_only=0 rgb_bbox=-1,-1,-1,-1 rgb_before_hash=b9f86775a08143c6 rgb_after_hash=b9f86775a08143c6
REFSET-ROI type=merc capture=1 id=15 name=base hash=ee514f62ea926d60 first_index=21926 texture=367 fbo=63 dims=320x180 bpp=4 viewport=0,0,320,180 changed=0 rgb_changed=0 rgb_maxdiff=0 rgb_units=rgba8_code_value alpha_changed=0 alpha_only=0 rgb_bbox=-1,-1,-1,-1 rgb_before_hash=b9f86775a08143c6 rgb_after_hash=b9f86775a08143c6
REFSET-ROI type=merc capture=1 id=16 name=base hash=ee514f62ea926d60 first_index=22019 texture=368 fbo=63 dims=320x180 bpp=4 viewport=0,0,320,180 changed=0 rgb_changed=0 rgb_maxdiff=0 rgb_units=rgba8_code_value alpha_changed=0 alpha_only=0 rgb_bbox=-1,-1,-1,-1 rgb_before_hash=b9f86775a08143c6 rgb_after_hash=b9f86775a08143c6
REFSET-ROI type=merc capture=1 id=17 name=base hash=ee514f62ea926d60 first_index=22270 texture=369 fbo=63 dims=320x180 bpp=4 viewport=0,0,320,180 changed=0 rgb_changed=0 rgb_maxdiff=0 rgb_units=rgba8_code_value alpha_changed=0 alpha_only=0 rgb_bbox=-1,-1,-1,-1 rgb_before_hash=b9f86775a08143c6 rgb_after_hash=b9f86775a08143c6
REFSET-ROI type=merc capture=1 id=18 name=base hash=ee514f62ea926d60 first_index=22319 texture=370 fbo=63 dims=320x180 bpp=4 viewport=0,0,320,180 changed=0 rgb_changed=0 rgb_maxdiff=0 rgb_units=rgba8_code_value alpha_changed=0 alpha_only=0 rgb_bbox=-1,-1,-1,-1 rgb_before_hash=b9f86775a08143c6 rgb_after_hash=b9f86775a08143c6
REFSET-ROI type=merc capture=1 id=19 name=base hash=ee514f62ea926d60 first_index=22399 texture=371 fbo=63 dims=320x180 bpp=4 viewport=0,0,320,180 changed=0 rgb_changed=0 rgb_maxdiff=0 rgb_units=rgba8_code_value alpha_changed=0 alpha_only=0 rgb_bbox=-1,-1,-1,-1 rgb_before_hash=b9f86775a08143c6 rgb_after_hash=b9f86775a08143c6
REFSET-ROI type=merc capture=1 id=20 name=base hash=ee514f62ea926d60 first_index=22534 texture=372 fbo=63 dims=320x180 bpp=4 viewport=0,0,320,180 changed=0 rgb_changed=0 rgb_maxdiff=0 rgb_units=rgba8_code_value alpha_changed=0 alpha_only=0 rgb_bbox=-1,-1,-1,-1 rgb_before_hash=b9f86775a08143c6 rgb_after_hash=b9f86775a08143c6
REFSET-ROI type=merc capture=1 id=21 name=base hash=ee514f62ea926d60 first_index=22844 texture=373 fbo=63 dims=320x180 bpp=4 viewport=0,0,320,180 changed=0 rgb_changed=0 rgb_maxdiff=0 rgb_units=rgba8_code_value alpha_changed=0 alpha_only=0 rgb_bbox=-1,-1,-1,-1 rgb_before_hash=b9f86775a08143c6 rgb_after_hash=b9f86775a08143c6
REFSET-ROI type=merc capture=1 id=22 name=base hash=ee514f62ea926d60 first_index=23095 texture=374 fbo=63 dims=320x180 bpp=4 viewport=0,0,320,180 changed=0 rgb_changed=0 rgb_maxdiff=0 rgb_units=rgba8_code_value alpha_changed=0 alpha_only=0 rgb_bbox=-1,-1,-1,-1 rgb_before_hash=b9f86775a08143c6 rgb_after_hash=b9f86775a08143c6
REFSET-ROI type=merc capture=1 id=23 name=base hash=ee514f62ea926d60 first_index=23329 texture=375 fbo=63 dims=320x180 bpp=4 viewport=0,0,320,180 changed=0 rgb_changed=0 rgb_maxdiff=0 rgb_units=rgba8_code_value alpha_changed=0 alpha_only=0 rgb_bbox=-1,-1,-1,-1 rgb_before_hash=b9f86775a08143c6 rgb_after_hash=b9f86775a08143c6
REFSET-ROI type=merc capture=1 id=24 name=base hash=ee514f62ea926d60 first_index=23896 texture=376 fbo=63 dims=320x180 bpp=4 viewport=0,0,320,180 changed=0 rgb_changed=0 rgb_maxdiff=0 rgb_units=rgba8_code_value alpha_changed=0 alpha_only=0 rgb_bbox=-1,-1,-1,-1 rgb_before_hash=b9f86775a08143c6 rgb_after_hash=b9f86775a08143c6
REFSET-ROI type=bucket capture=1 id=49 name=[49] l0-pris-merc hash=0000000000000000 first_index=0 texture=-1 fbo=63 dims=320x180 bpp=4 viewport=0,0,320,180 changed=0 rgb_changed=0 rgb_maxdiff=0 rgb_units=rgba8_code_value alpha_changed=0 alpha_only=0 rgb_bbox=-1,-1,-1,-1 rgb_before_hash=b9f86775a08143c6 rgb_after_hash=b9f86775a08143c6
REFSET-ROI type=bucket capture=1 id=50 name=[50] l0-pris-generic hash=0000000000000000 first_index=0 texture=-1 fbo=63 dims=320x180 bpp=4 viewport=0,0,320,180 changed=0 rgb_changed=0 rgb_maxdiff=0 rgb_units=rgba8_code_value alpha_changed=0 alpha_only=0 rgb_bbox=-1,-1,-1,-1 rgb_before_hash=b9f86775a08143c6 rgb_after_hash=b9f86775a08143c6
REFSET-ROI type=bucket capture=1 id=51 name=[51] l1-pris-tex hash=0000000000000000 first_index=0 texture=-1 fbo=63 dims=320x180 bpp=4 viewport=0,0,320,180 changed=0 rgb_changed=0 rgb_maxdiff=0 rgb_units=rgba8_code_value alpha_changed=0 alpha_only=0 rgb_bbox=-1,-1,-1,-1 rgb_before_hash=b9f86775a08143c6 rgb_after_hash=b9f86775a08143c6
REFSET-ROI type=model capture=1 hash=a1438ab0da03d9b2 name=lurkercrab-lod0
REFSET-ROI type=model capture=1 hash=a1438ab0da03d9b2 name=lurkercrab-lod0
REFSET-ROI type=model capture=1 hash=a1438ab0da03d9b2 name=lurkercrab-lod0
REFSET-ROI type=model capture=1 hash=fff98face757907a name=seagull-lod0
REFSET-ROI type=model capture=1 hash=fff98face757907a name=seagull-lod0
REFSET-ROI type=model capture=1 hash=fff98face757907a name=seagull-lod0
REFSET-ROI type=model capture=1 hash=fff98face757907a name=seagull-lod0
REFSET-ROI type=model capture=1 hash=fff98face757907a name=seagull-lod0
REFSET-ROI type=model capture=1 hash=fff98face757907a name=seagull-lod0
REFSET-ROI type=model capture=1 hash=fff98face757907a name=seagull-lod0
REFSET-ROI type=model capture=1 hash=fff98face757907a name=seagull-lod0
REFSET-ROI type=model capture=1 hash=fff98face757907a name=seagull-lod0
REFSET-ROI type=model capture=1 hash=fff98face757907a name=seagull-lod0
REFSET-ROI type=model capture=1 hash=fff98face757907a name=seagull-lod0
REFSET-ROI type=model capture=1 hash=fff98face757907a name=seagull-lod0
REFSET-ROI type=model capture=1 hash=fff98face757907a name=seagull-lod0
REFSET-ROI type=model capture=1 hash=fff98face757907a name=seagull-lod0
REFSET-ROI type=model capture=1 hash=fff98face757907a name=seagull-lod0
REFSET-ROI type=model capture=1 hash=fff98face757907a name=seagull-lod0
REFSET-ROI type=model capture=1 hash=fff98face757907a name=seagull-lod0
REFSET-ROI type=model capture=1 hash=fff98face757907a name=seagull-lod0
REFSET-ROI type=model capture=1 hash=fff98face757907a name=seagull-lod0
REFSET-ROI type=model capture=1 hash=fff98face757907a name=seagull-lod0
REFSET-ROI type=model capture=1 hash=fff98face757907a name=seagull-lod0
REFSET-ROI type=merc capture=1 id=0 name=base hash=a1438ab0da03d9b2 first_index=38683 texture=425 fbo=63 dims=320x180 bpp=4 viewport=0,0,320,180 changed=0 rgb_changed=0 rgb_maxdiff=0 rgb_units=rgba8_code_value alpha_changed=0 alpha_only=0 rgb_bbox=-1,-1,-1,-1 rgb_before_hash=b9f86775a08143c6 rgb_after_hash=b9f86775a08143c6
REFSET-ROI type=merc capture=1 id=1 name=base hash=a1438ab0da03d9b2 first_index=38752 texture=426 fbo=63 dims=320x180 bpp=4 viewport=0,0,320,180 changed=0 rgb_changed=0 rgb_maxdiff=0 rgb_units=rgba8_code_value alpha_changed=0 alpha_only=0 rgb_bbox=-1,-1,-1,-1 rgb_before_hash=b9f86775a08143c6 rgb_after_hash=b9f86775a08143c6
REFSET-ROI type=merc capture=1 id=2 name=base hash=a1438ab0da03d9b2 first_index=38933 texture=427 fbo=63 dims=320x180 bpp=4 viewport=0,0,320,180 changed=0 rgb_changed=0 rgb_maxdiff=0 rgb_units=rgba8_code_value alpha_changed=0 alpha_only=0 rgb_bbox=-1,-1,-1,-1 rgb_before_hash=b9f86775a08143c6 rgb_after_hash=b9f86775a08143c6
REFSET-ROI type=merc capture=1 id=3 name=base hash=a1438ab0da03d9b2 first_index=39046 texture=428 fbo=63 dims=320x180 bpp=4 viewport=0,0,320,180 changed=0 rgb_changed=0 rgb_maxdiff=0 rgb_units=rgba8_code_value alpha_changed=0 alpha_only=0 rgb_bbox=-1,-1,-1,-1 rgb_before_hash=b9f86775a08143c6 rgb_after_hash=b9f86775a08143c6
REFSET-ROI type=merc capture=1 id=4 name=base hash=a1438ab0da03d9b2 first_index=40039 texture=429 fbo=63 dims=320x180 bpp=4 viewport=0,0,320,180 changed=0 rgb_changed=0 rgb_maxdiff=0 rgb_units=rgba8_code_value alpha_changed=0 alpha_only=0 rgb_bbox=-1,-1,-1,-1 rgb_before_hash=b9f86775a08143c6 rgb_after_hash=b9f86775a08143c6
REFSET-ROI type=merc capture=1 id=5 name=base hash=a1438ab0da03d9b2 first_index=40581 texture=430 fbo=63 dims=320x180 bpp=4 viewport=0,0,320,180 changed=0 rgb_changed=0 rgb_maxdiff=0 rgb_units=rgba8_code_value alpha_changed=0 alpha_only=0 rgb_bbox=-1,-1,-1,-1 rgb_before_hash=b9f86775a08143c6 rgb_after_hash=b9f86775a08143c6
REFSET-ROI type=merc capture=1 id=6 name=base hash=a1438ab0da03d9b2 first_index=40652 texture=431 fbo=63 dims=320x180 bpp=4 viewport=0,0,320,180 changed=0 rgb_changed=0 rgb_maxdiff=0 rgb_units=rgba8_code_value alpha_changed=0 alpha_only=0 rgb_bbox=-1,-1,-1,-1 rgb_before_hash=b9f86775a08143c6 rgb_after_hash=b9f86775a08143c6
REFSET-ROI type=merc capture=1 id=7 name=base hash=a1438ab0da03d9b2 first_index=41066 texture=432 fbo=63 dims=320x180 bpp=4 viewport=0,0,320,180 changed=0 rgb_changed=0 rgb_maxdiff=0 rgb_units=rgba8_code_value alpha_changed=0 alpha_only=0 rgb_bbox=-1,-1,-1,-1 rgb_before_hash=b9f86775a08143c6 rgb_after_hash=b9f86775a08143c6
REFSET-ROI type=merc capture=1 id=8 name=base hash=a1438ab0da03d9b2 first_index=41325 texture=433 fbo=63 dims=320x180 bpp=4 viewport=0,0,320,180 changed=0 rgb_changed=0 rgb_maxdiff=0 rgb_units=rgba8_code_value alpha_changed=0 alpha_only=0 rgb_bbox=-1,-1,-1,-1 rgb_before_hash=b9f86775a08143c6 rgb_after_hash=b9f86775a08143c6
REFSET-ROI type=merc capture=1 id=9 name=base hash=a1438ab0da03d9b2 first_index=41429 texture=434 fbo=63 dims=320x180 bpp=4 viewport=0,0,320,180 changed=0 rgb_changed=0 rgb_maxdiff=0 rgb_units=rgba8_code_value alpha_changed=0 alpha_only=0 rgb_bbox=-1,-1,-1,-1 rgb_before_hash=b9f86775a08143c6 rgb_after_hash=b9f86775a08143c6
REFSET-ROI type=merc capture=1 id=10 name=base hash=a1438ab0da03d9b2 first_index=38683 texture=425 fbo=63 dims=320x180 bpp=4 viewport=0,0,320,180 changed=0 rgb_changed=0 rgb_maxdiff=0 rgb_units=rgba8_code_value alpha_changed=0 alpha_only=0 rgb_bbox=-1,-1,-1,-1 rgb_before_hash=b9f86775a08143c6 rgb_after_hash=b9f86775a08143c6
REFSET-ROI type=merc capture=1 id=11 name=base hash=a1438ab0da03d9b2 first_index=38752 texture=426 fbo=63 dims=320x180 bpp=4 viewport=0,0,320,180 changed=0 rgb_changed=0 rgb_maxdiff=0 rgb_units=rgba8_code_value alpha_changed=0 alpha_only=0 rgb_bbox=-1,-1,-1,-1 rgb_before_hash=b9f86775a08143c6 rgb_after_hash=b9f86775a08143c6
REFSET-ROI type=merc capture=1 id=12 name=base hash=a1438ab0da03d9b2 first_index=38933 texture=427 fbo=63 dims=320x180 bpp=4 viewport=0,0,320,180 changed=0 rgb_changed=0 rgb_maxdiff=0 rgb_units=rgba8_code_value alpha_changed=0 alpha_only=0 rgb_bbox=-1,-1,-1,-1 rgb_before_hash=b9f86775a08143c6 rgb_after_hash=b9f86775a08143c6
REFSET-ROI type=merc capture=1 id=13 name=base hash=a1438ab0da03d9b2 first_index=39046 texture=428 fbo=63 dims=320x180 bpp=4 viewport=0,0,320,180 changed=0 rgb_changed=0 rgb_maxdiff=0 rgb_units=rgba8_code_value alpha_changed=0 alpha_only=0 rgb_bbox=-1,-1,-1,-1 rgb_before_hash=b9f86775a08143c6 rgb_after_hash=b9f86775a08143c6
REFSET-ROI type=merc capture=1 id=14 name=base hash=a1438ab0da03d9b2 first_index=40039 texture=429 fbo=63 dims=320x180 bpp=4 viewport=0,0,320,180 changed=0 rgb_changed=0 rgb_maxdiff=0 rgb_units=rgba8_code_value alpha_changed=0 alpha_only=0 rgb_bbox=-1,-1,-1,-1 rgb_before_hash=b9f86775a08143c6 rgb_after_hash=b9f86775a08143c6
REFSET-ROI type=merc capture=1 id=15 name=base hash=a1438ab0da03d9b2 first_index=40581 texture=430 fbo=63 dims=320x180 bpp=4 viewport=0,0,320,180 changed=0 rgb_changed=0 rgb_maxdiff=0 rgb_units=rgba8_code_value alpha_changed=0 alpha_only=0 rgb_bbox=-1,-1,-1,-1 rgb_before_hash=b9f86775a08143c6 rgb_after_hash=b9f86775a08143c6
REFSET-ROI type=merc capture=1 id=16 name=base hash=a1438ab0da03d9b2 first_index=40652 texture=431 fbo=63 dims=320x180 bpp=4 viewport=0,0,320,180 changed=0 rgb_changed=0 rgb_maxdiff=0 rgb_units=rgba8_code_value alpha_changed=0 alpha_only=0 rgb_bbox=-1,-1,-1,-1 rgb_before_hash=b9f86775a08143c6 rgb_after_hash=b9f86775a08143c6
REFSET-ROI type=merc capture=1 id=17 name=base hash=a1438ab0da03d9b2 first_index=41066 texture=432 fbo=63 dims=320x180 bpp=4 viewport=0,0,320,180 changed=0 rgb_changed=0 rgb_maxdiff=0 rgb_units=rgba8_code_value alpha_changed=0 alpha_only=0 rgb_bbox=-1,-1,-1,-1 rgb_before_hash=b9f86775a08143c6 rgb_after_hash=b9f86775a08143c6
REFSET-ROI type=merc capture=1 id=18 name=base hash=a1438ab0da03d9b2 first_index=41325 texture=433 fbo=63 dims=320x180 bpp=4 viewport=0,0,320,180 changed=0 rgb_changed=0 rgb_maxdiff=0 rgb_units=rgba8_code_value alpha_changed=0 alpha_only=0 rgb_bbox=-1,-1,-1,-1 rgb_before_hash=b9f86775a08143c6 rgb_after_hash=b9f86775a08143c6
REFSET-ROI type=merc capture=1 id=19 name=base hash=a1438ab0da03d9b2 first_index=41429 texture=434 fbo=63 dims=320x180 bpp=4 viewport=0,0,320,180 changed=0 rgb_changed=0 rgb_maxdiff=0 rgb_units=rgba8_code_value alpha_changed=0 alpha_only=0 rgb_bbox=-1,-1,-1,-1 rgb_before_hash=b9f86775a08143c6 rgb_after_hash=b9f86775a08143c6
REFSET-ROI type=merc capture=1 id=20 name=base hash=a1438ab0da03d9b2 first_index=38683 texture=425 fbo=63 dims=320x180 bpp=4 viewport=0,0,320,180 changed=0 rgb_changed=0 rgb_maxdiff=0 rgb_units=rgba8_code_value alpha_changed=0 alpha_only=0 rgb_bbox=-1,-1,-1,-1 rgb_before_hash=b9f86775a08143c6 rgb_after_hash=b9f86775a08143c6
REFSET-ROI type=merc capture=1 id=21 name=base hash=a1438ab0da03d9b2 first_index=38752 texture=426 fbo=63 dims=320x180 bpp=4 viewport=0,0,320,180 changed=0 rgb_changed=0 rgb_maxdiff=0 rgb_units=rgba8_code_value alpha_changed=0 alpha_only=0 rgb_bbox=-1,-1,-1,-1 rgb_before_hash=b9f86775a08143c6 rgb_after_hash=b9f86775a08143c6
REFSET-ROI type=merc capture=1 id=22 name=base hash=a1438ab0da03d9b2 first_index=38933 texture=427 fbo=63 dims=320x180 bpp=4 viewport=0,0,320,180 changed=0 rgb_changed=0 rgb_maxdiff=0 rgb_units=rgba8_code_value alpha_changed=0 alpha_only=0 rgb_bbox=-1,-1,-1,-1 rgb_before_hash=b9f86775a08143c6 rgb_after_hash=b9f86775a08143c6
REFSET-ROI type=merc capture=1 id=23 name=base hash=a1438ab0da03d9b2 first_index=39046 texture=428 fbo=63 dims=320x180 bpp=4 viewport=0,0,320,180 changed=0 rgb_changed=0 rgb_maxdiff=0 rgb_units=rgba8_code_value alpha_changed=0 alpha_only=0 rgb_bbox=-1,-1,-1,-1 rgb_before_hash=b9f86775a08143c6 rgb_after_hash=b9f86775a08143c6
REFSET-ROI type=merc capture=1 id=24 name=base hash=a1438ab0da03d9b2 first_index=40039 texture=429 fbo=63 dims=320x180 bpp=4 viewport=0,0,320,180 changed=0 rgb_changed=0 rgb_maxdiff=0 rgb_units=rgba8_code_value alpha_changed=0 alpha_only=0 rgb_bbox=-1,-1,-1,-1 rgb_before_hash=b9f86775a08143c6 rgb_after_hash=b9f86775a08143c6
REFSET-ROI type=merc capture=1 id=25 name=base hash=a1438ab0da03d9b2 first_index=40581 texture=430 fbo=63 dims=320x180 bpp=4 viewport=0,0,320,180 changed=0 rgb_changed=0 rgb_maxdiff=0 rgb_units=rgba8_code_value alpha_changed=0 alpha_only=0 rgb_bbox=-1,-1,-1,-1 rgb_before_hash=b9f86775a08143c6 rgb_after_hash=b9f86775a08143c6
REFSET-ROI type=merc capture=1 id=26 name=base hash=a1438ab0da03d9b2 first_index=40652 texture=431 fbo=63 dims=320x180 bpp=4 viewport=0,0,320,180 changed=0 rgb_changed=0 rgb_maxdiff=0 rgb_units=rgba8_code_value alpha_changed=0 alpha_only=0 rgb_bbox=-1,-1,-1,-1 rgb_before_hash=b9f86775a08143c6 rgb_after_hash=b9f86775a08143c6
REFSET-ROI type=merc capture=1 id=27 name=base hash=a1438ab0da03d9b2 first_index=41066 texture=432 fbo=63 dims=320x180 bpp=4 viewport=0,0,320,180 changed=0 rgb_changed=0 rgb_maxdiff=0 rgb_units=rgba8_code_value alpha_changed=0 alpha_only=0 rgb_bbox=-1,-1,-1,-1 rgb_before_hash=b9f86775a08143c6 rgb_after_hash=b9f86775a08143c6
REFSET-ROI type=merc capture=1 id=28 name=base hash=a1438ab0da03d9b2 first_index=41325 texture=433 fbo=63 dims=320x180 bpp=4 viewport=0,0,320,180 changed=0 rgb_changed=0 rgb_maxdiff=0 rgb_units=rgba8_code_value alpha_changed=0 alpha_only=0 rgb_bbox=-1,-1,-1,-1 rgb_before_hash=b9f86775a08143c6 rgb_after_hash=b9f86775a08143c6
REFSET-ROI type=merc capture=1 id=29 name=base hash=a1438ab0da03d9b2 first_index=41429 texture=434 fbo=63 dims=320x180 bpp=4 viewport=0,0,320,180 changed=0 rgb_changed=0 rgb_maxdiff=0 rgb_units=rgba8_code_value alpha_changed=0 alpha_only=0 rgb_bbox=-1,-1,-1,-1 rgb_before_hash=b9f86775a08143c6 rgb_after_hash=b9f86775a08143c6
REFSET-ROI type=merc capture=1 id=30 name=base hash=fff98face757907a first_index=86433 texture=634 fbo=63 dims=320x180 bpp=4 viewport=0,0,320,180 changed=0 rgb_changed=0 rgb_maxdiff=0 rgb_units=rgba8_code_value alpha_changed=0 alpha_only=0 rgb_bbox=-1,-1,-1,-1 rgb_before_hash=b9f86775a08143c6 rgb_after_hash=b9f86775a08143c6
REFSET-ROI type=merc capture=1 id=31 name=base hash=fff98face757907a first_index=86502 texture=635 fbo=63 dims=320x180 bpp=4 viewport=0,0,320,180 changed=0 rgb_changed=0 rgb_maxdiff=0 rgb_units=rgba8_code_value alpha_changed=0 alpha_only=0 rgb_bbox=-1,-1,-1,-1 rgb_before_hash=b9f86775a08143c6 rgb_after_hash=b9f86775a08143c6
REFSET-ROI type=merc capture=1 id=32 name=base hash=fff98face757907a first_index=86521 texture=636 fbo=63 dims=320x180 bpp=4 viewport=0,0,320,180 changed=0 rgb_changed=0 rgb_maxdiff=0 rgb_units=rgba8_code_value alpha_changed=0 alpha_only=0 rgb_bbox=-1,-1,-1,-1 rgb_before_hash=b9f86775a08143c6 rgb_after_hash=b9f86775a08143c6
REFSET-ROI type=merc capture=1 id=33 name=base hash=fff98face757907a first_index=86530 texture=637 fbo=63 dims=320x180 bpp=4 viewport=0,0,320,180 changed=0 rgb_changed=0 rgb_maxdiff=0 rgb_units=rgba8_code_value alpha_changed=0 alpha_only=0 rgb_bbox=-1,-1,-1,-1 rgb_before_hash=b9f86775a08143c6 rgb_after_hash=b9f86775a08143c6
REFSET-ROI type=merc capture=1 id=34 name=base hash=fff98face757907a first_index=86574 texture=638 fbo=63 dims=320x180 bpp=4 viewport=0,0,320,180 changed=0 rgb_changed=0 rgb_maxdiff=0 rgb_units=rgba8_code_value alpha_changed=0 alpha_only=0 rgb_bbox=-1,-1,-1,-1 rgb_before_hash=b9f86775a08143c6 rgb_after_hash=b9f86775a08143c6
REFSET-ROI type=merc capture=1 id=35 name=base hash=fff98face757907a first_index=86433 texture=634 fbo=63 dims=320x180 bpp=4 viewport=0,0,320,180 changed=0 rgb_changed=0 rgb_maxdiff=0 rgb_units=rgba8_code_value alpha_changed=0 alpha_only=0 rgb_bbox=-1,-1,-1,-1 rgb_before_hash=b9f86775a08143c6 rgb_after_hash=b9f86775a08143c6
REFSET-ROI type=merc capture=1 id=36 name=base hash=fff98face757907a first_index=86502 texture=635 fbo=63 dims=320x180 bpp=4 viewport=0,0,320,180 changed=0 rgb_changed=0 rgb_maxdiff=0 rgb_units=rgba8_code_value alpha_changed=0 alpha_only=0 rgb_bbox=-1,-1,-1,-1 rgb_before_hash=b9f86775a08143c6 rgb_after_hash=b9f86775a08143c6
REFSET-ROI type=merc capture=1 id=37 name=base hash=fff98face757907a first_index=86521 texture=636 fbo=63 dims=320x180 bpp=4 viewport=0,0,320,180 changed=0 rgb_changed=0 rgb_maxdiff=0 rgb_units=rgba8_code_value alpha_changed=0 alpha_only=0 rgb_bbox=-1,-1,-1,-1 rgb_before_hash=b9f86775a08143c6 rgb_after_hash=b9f86775a08143c6
REFSET-ROI type=merc capture=1 id=38 name=base hash=fff98face757907a first_index=86530 texture=637 fbo=63 dims=320x180 bpp=4 viewport=0,0,320,180 changed=0 rgb_changed=0 rgb_maxdiff=0 rgb_units=rgba8_code_value alpha_changed=0 alpha_only=0 rgb_bbox=-1,-1,-1,-1 rgb_before_hash=b9f86775a08143c6 rgb_after_hash=b9f86775a08143c6
REFSET-ROI type=merc capture=1 id=39 name=base hash=fff98face757907a first_index=86574 texture=638 fbo=63 dims=320x180 bpp=4 viewport=0,0,320,180 changed=0 rgb_changed=0 rgb_maxdiff=0 rgb_units=rgba8_code_value alpha_changed=0 alpha_only=0 rgb_bbox=-1,-1,-1,-1 rgb_before_hash=b9f86775a08143c6 rgb_after_hash=b9f86775a08143c6
REFSET-ROI type=merc capture=1 id=40 name=base hash=fff98face757907a first_index=86433 texture=634 fbo=63 dims=320x180 bpp=4 viewport=0,0,320,180 changed=0 rgb_changed=0 rgb_maxdiff=0 rgb_units=rgba8_code_value alpha_changed=0 alpha_only=0 rgb_bbox=-1,-1,-1,-1 rgb_before_hash=b9f86775a08143c6 rgb_after_hash=b9f86775a08143c6
REFSET-ROI type=merc capture=1 id=41 name=base hash=fff98face757907a first_index=86502 texture=635 fbo=63 dims=320x180 bpp=4 viewport=0,0,320,180 changed=0 rgb_changed=0 rgb_maxdiff=0 rgb_units=rgba8_code_value alpha_changed=0 alpha_only=0 rgb_bbox=-1,-1,-1,-1 rgb_before_hash=b9f86775a08143c6 rgb_after_hash=b9f86775a08143c6
REFSET-ROI type=merc capture=1 id=42 name=base hash=fff98face757907a first_index=86521 texture=636 fbo=63 dims=320x180 bpp=4 viewport=0,0,320,180 changed=0 rgb_changed=0 rgb_maxdiff=0 rgb_units=rgba8_code_value alpha_changed=0 alpha_only=0 rgb_bbox=-1,-1,-1,-1 rgb_before_hash=b9f86775a08143c6 rgb_after_hash=b9f86775a08143c6
REFSET-ROI type=merc capture=1 id=43 name=base hash=fff98face757907a first_index=86530 texture=637 fbo=63 dims=320x180 bpp=4 viewport=0,0,320,180 changed=0 rgb_changed=0 rgb_maxdiff=0 rgb_units=rgba8_code_value alpha_changed=0 alpha_only=0 rgb_bbox=-1,-1,-1,-1 rgb_before_hash=b9f86775a08143c6 rgb_after_hash=b9f86775a08143c6
REFSET-ROI type=merc capture=1 id=44 name=base hash=fff98face757907a first_index=86574 texture=638 fbo=63 dims=320x180 bpp=4 viewport=0,0,320,180 changed=0 rgb_changed=0 rgb_maxdiff=0 rgb_units=rgba8_code_value alpha_changed=0 alpha_only=0 rgb_bbox=-1,-1,-1,-1 rgb_before_hash=b9f86775a08143c6 rgb_after_hash=b9f86775a08143c6
REFSET-ROI type=merc capture=1 id=45 name=base hash=fff98face757907a first_index=86433 texture=634 fbo=63 dims=320x180 bpp=4 viewport=0,0,320,180 changed=0 rgb_changed=0 rgb_maxdiff=0 rgb_units=rgba8_code_value alpha_changed=0 alpha_only=0 rgb_bbox=-1,-1,-1,-1 rgb_before_hash=b9f86775a08143c6 rgb_after_hash=b9f86775a08143c6
REFSET-ROI type=merc capture=1 id=46 name=base hash=fff98face757907a first_index=86502 texture=635 fbo=63 dims=320x180 bpp=4 viewport=0,0,320,180 changed=0 rgb_changed=0 rgb_maxdiff=0 rgb_units=rgba8_code_value alpha_changed=0 alpha_only=0 rgb_bbox=-1,-1,-1,-1 rgb_before_hash=b9f86775a08143c6 rgb_after_hash=b9f86775a08143c6
REFSET-ROI type=merc capture=1 id=47 name=base hash=fff98face757907a first_index=86521 texture=636 fbo=63 dims=320x180 bpp=4 viewport=0,0,320,180 changed=0 rgb_changed=0 rgb_maxdiff=0 rgb_units=rgba8_code_value alpha_changed=0 alpha_only=0 rgb_bbox=-1,-1,-1,-1 rgb_before_hash=b9f86775a08143c6 rgb_after_hash=b9f86775a08143c6
REFSET-ROI type=merc capture=1 id=48 name=base hash=fff98face757907a first_index=86530 texture=637 fbo=63 dims=320x180 bpp=4 viewport=0,0,320,180 changed=0 rgb_changed=0 rgb_maxdiff=0 rgb_units=rgba8_code_value alpha_changed=0 alpha_only=0 rgb_bbox=-1,-1,-1,-1 rgb_before_hash=b9f86775a08143c6 rgb_after_hash=b9f86775a08143c6
REFSET-ROI type=merc capture=1 id=49 name=base hash=fff98face757907a first_index=86574 texture=638 fbo=63 dims=320x180 bpp=4 viewport=0,0,320,180 changed=0 rgb_changed=0 rgb_maxdiff=0 rgb_units=rgba8_code_value alpha_changed=0 alpha_only=0 rgb_bbox=-1,-1,-1,-1 rgb_before_hash=b9f86775a08143c6 rgb_after_hash=b9f86775a08143c6
REFSET-ROI type=merc capture=1 id=50 name=base hash=fff98face757907a first_index=86433 texture=634 fbo=63 dims=320x180 bpp=4 viewport=0,0,320,180 changed=0 rgb_changed=0 rgb_maxdiff=0 rgb_units=rgba8_code_value alpha_changed=0 alpha_only=0 rgb_bbox=-1,-1,-1,-1 rgb_before_hash=b9f86775a08143c6 rgb_after_hash=b9f86775a08143c6
REFSET-ROI type=merc capture=1 id=51 name=base hash=fff98face757907a first_index=86502 texture=635 fbo=63 dims=320x180 bpp=4 viewport=0,0,320,180 changed=0 rgb_changed=0 rgb_maxdiff=0 rgb_units=rgba8_code_value alpha_changed=0 alpha_only=0 rgb_bbox=-1,-1,-1,-1 rgb_before_hash=b9f86775a08143c6 rgb_after_hash=b9f86775a08143c6
REFSET-ROI type=merc capture=1 id=52 name=base hash=fff98face757907a first_index=86521 texture=636 fbo=63 dims=320x180 bpp=4 viewport=0,0,320,180 changed=0 rgb_changed=0 rgb_maxdiff=0 rgb_units=rgba8_code_value alpha_changed=0 alpha_only=0 rgb_bbox=-1,-1,-1,-1 rgb_before_hash=b9f86775a08143c6 rgb_after_hash=b9f86775a08143c6
REFSET-ROI type=merc capture=1 id=53 name=base hash=fff98face757907a first_index=86530 texture=637 fbo=63 dims=320x180 bpp=4 viewport=0,0,320,180 changed=0 rgb_changed=0 rgb_maxdiff=0 rgb_units=rgba8_code_value alpha_changed=0 alpha_only=0 rgb_bbox=-1,-1,-1,-1 rgb_before_hash=b9f86775a08143c6 rgb_after_hash=b9f86775a08143c6
REFSET-ROI type=merc capture=1 id=54 name=base hash=fff98face757907a first_index=86574 texture=638 fbo=63 dims=320x180 bpp=4 viewport=0,0,320,180 changed=0 rgb_changed=0 rgb_maxdiff=0 rgb_units=rgba8_code_value alpha_changed=0 alpha_only=0 rgb_bbox=-1,-1,-1,-1 rgb_before_hash=b9f86775a08143c6 rgb_after_hash=b9f86775a08143c6
REFSET-ROI type=merc capture=1 id=55 name=base hash=fff98face757907a first_index=86433 texture=634 fbo=63 dims=320x180 bpp=4 viewport=0,0,320,180 changed=0 rgb_changed=0 rgb_maxdiff=0 rgb_units=rgba8_code_value alpha_changed=0 alpha_only=0 rgb_bbox=-1,-1,-1,-1 rgb_before_hash=b9f86775a08143c6 rgb_after_hash=b9f86775a08143c6
REFSET-ROI type=merc capture=1 id=56 name=base hash=fff98face757907a first_index=86502 texture=635 fbo=63 dims=320x180 bpp=4 viewport=0,0,320,180 changed=0 rgb_changed=0 rgb_maxdiff=0 rgb_units=rgba8_code_value alpha_changed=0 alpha_only=0 rgb_bbox=-1,-1,-1,-1 rgb_before_hash=b9f86775a08143c6 rgb_after_hash=b9f86775a08143c6
REFSET-ROI type=merc capture=1 id=57 name=base hash=fff98face757907a first_index=86521 texture=636 fbo=63 dims=320x180 bpp=4 viewport=0,0,320,180 changed=0 rgb_changed=0 rgb_maxdiff=0 rgb_units=rgba8_code_value alpha_changed=0 alpha_only=0 rgb_bbox=-1,-1,-1,-1 rgb_before_hash=b9f86775a08143c6 rgb_after_hash=b9f86775a08143c6
REFSET-ROI type=merc capture=1 id=58 name=base hash=fff98face757907a first_index=86530 texture=637 fbo=63 dims=320x180 bpp=4 viewport=0,0,320,180 changed=0 rgb_changed=0 rgb_maxdiff=0 rgb_units=rgba8_code_value alpha_changed=0 alpha_only=0 rgb_bbox=-1,-1,-1,-1 rgb_before_hash=b9f86775a08143c6 rgb_after_hash=b9f86775a08143c6
REFSET-ROI type=merc capture=1 id=59 name=base hash=fff98face757907a first_index=86574 texture=638 fbo=63 dims=320x180 bpp=4 viewport=0,0,320,180 changed=0 rgb_changed=0 rgb_maxdiff=0 rgb_units=rgba8_code_value alpha_changed=0 alpha_only=0 rgb_bbox=-1,-1,-1,-1 rgb_before_hash=b9f86775a08143c6 rgb_after_hash=b9f86775a08143c6
REFSET-ROI type=merc capture=1 id=60 name=base hash=fff98face757907a first_index=86433 texture=634 fbo=63 dims=320x180 bpp=4 viewport=0,0,320,180 changed=0 rgb_changed=0 rgb_maxdiff=0 rgb_units=rgba8_code_value alpha_changed=0 alpha_only=0 rgb_bbox=-1,-1,-1,-1 rgb_before_hash=b9f86775a08143c6 rgb_after_hash=b9f86775a08143c6
REFSET-ROI type=merc capture=1 id=61 name=base hash=fff98face757907a first_index=86502 texture=635 fbo=63 dims=320x180 bpp=4 viewport=0,0,320,180 changed=0 rgb_changed=0 rgb_maxdiff=0 rgb_units=rgba8_code_value alpha_changed=0 alpha_only=0 rgb_bbox=-1,-1,-1,-1 rgb_before_hash=b9f86775a08143c6 rgb_after_hash=b9f86775a08143c6
REFSET-ROI type=merc capture=1 id=62 name=base hash=fff98face757907a first_index=86521 texture=636 fbo=63 dims=320x180 bpp=4 viewport=0,0,320,180 changed=0 rgb_changed=0 rgb_maxdiff=0 rgb_units=rgba8_code_value alpha_changed=0 alpha_only=0 rgb_bbox=-1,-1,-1,-1 rgb_before_hash=b9f86775a08143c6 rgb_after_hash=b9f86775a08143c6
REFSET-ROI type=merc capture=1 id=63 name=base hash=fff98face757907a first_index=86530 texture=637 fbo=63 dims=320x180 bpp=4 viewport=0,0,320,180 changed=0 rgb_changed=0 rgb_maxdiff=0 rgb_units=rgba8_code_value alpha_changed=0 alpha_only=0 rgb_bbox=-1,-1,-1,-1 rgb_before_hash=b9f86775a08143c6 rgb_after_hash=b9f86775a08143c6
REFSET-ROI type=merc capture=1 id=64 name=base hash=fff98face757907a first_index=86574 texture=638 fbo=63 dims=320x180 bpp=4 viewport=0,0,320,180 changed=0 rgb_changed=0 rgb_maxdiff=0 rgb_units=rgba8_code_value alpha_changed=0 alpha_only=0 rgb_bbox=-1,-1,-1,-1 rgb_before_hash=b9f86775a08143c6 rgb_after_hash=b9f86775a08143c6
REFSET-ROI type=merc capture=1 id=65 name=base hash=fff98face757907a first_index=86433 texture=634 fbo=63 dims=320x180 bpp=4 viewport=0,0,320,180 changed=0 rgb_changed=0 rgb_maxdiff=0 rgb_units=rgba8_code_value alpha_changed=0 alpha_only=0 rgb_bbox=-1,-1,-1,-1 rgb_before_hash=b9f86775a08143c6 rgb_after_hash=b9f86775a08143c6
REFSET-ROI type=merc capture=1 id=66 name=base hash=fff98face757907a first_index=86502 texture=635 fbo=63 dims=320x180 bpp=4 viewport=0,0,320,180 changed=0 rgb_changed=0 rgb_maxdiff=0 rgb_units=rgba8_code_value alpha_changed=0 alpha_only=0 rgb_bbox=-1,-1,-1,-1 rgb_before_hash=b9f86775a08143c6 rgb_after_hash=b9f86775a08143c6
REFSET-ROI type=merc capture=1 id=67 name=base hash=fff98face757907a first_index=86521 texture=636 fbo=63 dims=320x180 bpp=4 viewport=0,0,320,180 changed=0 rgb_changed=0 rgb_maxdiff=0 rgb_units=rgba8_code_value alpha_changed=0 alpha_only=0 rgb_bbox=-1,-1,-1,-1 rgb_before_hash=b9f86775a08143c6 rgb_after_hash=b9f86775a08143c6
REFSET-ROI type=merc capture=1 id=68 name=base hash=fff98face757907a first_index=86530 texture=637 fbo=63 dims=320x180 bpp=4 viewport=0,0,320,180 changed=0 rgb_changed=0 rgb_maxdiff=0 rgb_units=rgba8_code_value alpha_changed=0 alpha_only=0 rgb_bbox=-1,-1,-1,-1 rgb_before_hash=b9f86775a08143c6 rgb_after_hash=b9f86775a08143c6
REFSET-ROI type=merc capture=1 id=69 name=base hash=fff98face757907a first_index=86574 texture=638 fbo=63 dims=320x180 bpp=4 viewport=0,0,320,180 changed=0 rgb_changed=0 rgb_maxdiff=0 rgb_units=rgba8_code_value alpha_changed=0 alpha_only=0 rgb_bbox=-1,-1,-1,-1 rgb_before_hash=b9f86775a08143c6 rgb_after_hash=b9f86775a08143c6
REFSET-ROI type=merc capture=1 id=70 name=base hash=fff98face757907a first_index=86433 texture=634 fbo=63 dims=320x180 bpp=4 viewport=0,0,320,180 changed=0 rgb_changed=0 rgb_maxdiff=0 rgb_units=rgba8_code_value alpha_changed=0 alpha_only=0 rgb_bbox=-1,-1,-1,-1 rgb_before_hash=b9f86775a08143c6 rgb_after_hash=b9f86775a08143c6
REFSET-ROI type=merc capture=1 id=71 name=base hash=fff98face757907a first_index=86502 texture=635 fbo=63 dims=320x180 bpp=4 viewport=0,0,320,180 changed=0 rgb_changed=0 rgb_maxdiff=0 rgb_units=rgba8_code_value alpha_changed=0 alpha_only=0 rgb_bbox=-1,-1,-1,-1 rgb_before_hash=b9f86775a08143c6 rgb_after_hash=b9f86775a08143c6
REFSET-ROI type=merc capture=1 id=72 name=base hash=fff98face757907a first_index=86521 texture=636 fbo=63 dims=320x180 bpp=4 viewport=0,0,320,180 changed=0 rgb_changed=0 rgb_maxdiff=0 rgb_units=rgba8_code_value alpha_changed=0 alpha_only=0 rgb_bbox=-1,-1,-1,-1 rgb_before_hash=b9f86775a08143c6 rgb_after_hash=b9f86775a08143c6
REFSET-ROI type=merc capture=1 id=73 name=base hash=fff98face757907a first_index=86530 texture=637 fbo=63 dims=320x180 bpp=4 viewport=0,0,320,180 changed=0 rgb_changed=0 rgb_maxdiff=0 rgb_units=rgba8_code_value alpha_changed=0 alpha_only=0 rgb_bbox=-1,-1,-1,-1 rgb_before_hash=b9f86775a08143c6 rgb_after_hash=b9f86775a08143c6
REFSET-ROI type=merc capture=1 id=74 name=base hash=fff98face757907a first_index=86574 texture=638 fbo=63 dims=320x180 bpp=4 viewport=0,0,320,180 changed=0 rgb_changed=0 rgb_maxdiff=0 rgb_units=rgba8_code_value alpha_changed=0 alpha_only=0 rgb_bbox=-1,-1,-1,-1 rgb_before_hash=b9f86775a08143c6 rgb_after_hash=b9f86775a08143c6
REFSET-ROI type=merc capture=1 id=75 name=base hash=fff98face757907a first_index=86433 texture=634 fbo=63 dims=320x180 bpp=4 viewport=0,0,320,180 changed=0 rgb_changed=0 rgb_maxdiff=0 rgb_units=rgba8_code_value alpha_changed=0 alpha_only=0 rgb_bbox=-1,-1,-1,-1 rgb_before_hash=b9f86775a08143c6 rgb_after_hash=b9f86775a08143c6
REFSET-ROI type=merc capture=1 id=76 name=base hash=fff98face757907a first_index=86502 texture=635 fbo=63 dims=320x180 bpp=4 viewport=0,0,320,180 changed=0 rgb_changed=0 rgb_maxdiff=0 rgb_units=rgba8_code_value alpha_changed=0 alpha_only=0 rgb_bbox=-1,-1,-1,-1 rgb_before_hash=b9f86775a08143c6 rgb_after_hash=b9f86775a08143c6
REFSET-ROI type=merc capture=1 id=77 name=base hash=fff98face757907a first_index=86521 texture=636 fbo=63 dims=320x180 bpp=4 viewport=0,0,320,180 changed=0 rgb_changed=0 rgb_maxdiff=0 rgb_units=rgba8_code_value alpha_changed=0 alpha_only=0 rgb_bbox=-1,-1,-1,-1 rgb_before_hash=b9f86775a08143c6 rgb_after_hash=b9f86775a08143c6
REFSET-ROI type=merc capture=1 id=78 name=base hash=fff98face757907a first_index=86530 texture=637 fbo=63 dims=320x180 bpp=4 viewport=0,0,320,180 changed=0 rgb_changed=0 rgb_maxdiff=0 rgb_units=rgba8_code_value alpha_changed=0 alpha_only=0 rgb_bbox=-1,-1,-1,-1 rgb_before_hash=b9f86775a08143c6 rgb_after_hash=b9f86775a08143c6
REFSET-ROI type=merc capture=1 id=79 name=base hash=fff98face757907a first_index=86574 texture=638 fbo=63 dims=320x180 bpp=4 viewport=0,0,320,180 changed=0 rgb_changed=0 rgb_maxdiff=0 rgb_units=rgba8_code_value alpha_changed=0 alpha_only=0 rgb_bbox=-1,-1,-1,-1 rgb_before_hash=b9f86775a08143c6 rgb_after_hash=b9f86775a08143c6
REFSET-ROI type=merc capture=1 id=80 name=base hash=fff98face757907a first_index=86433 texture=634 fbo=63 dims=320x180 bpp=4 viewport=0,0,320,180 changed=0 rgb_changed=0 rgb_maxdiff=0 rgb_units=rgba8_code_value alpha_changed=0 alpha_only=0 rgb_bbox=-1,-1,-1,-1 rgb_before_hash=b9f86775a08143c6 rgb_after_hash=b9f86775a08143c6
REFSET-ROI type=merc capture=1 id=81 name=base hash=fff98face757907a first_index=86502 texture=635 fbo=63 dims=320x180 bpp=4 viewport=0,0,320,180 changed=0 rgb_changed=0 rgb_maxdiff=0 rgb_units=rgba8_code_value alpha_changed=0 alpha_only=0 rgb_bbox=-1,-1,-1,-1 rgb_before_hash=b9f86775a08143c6 rgb_after_hash=b9f86775a08143c6
REFSET-ROI type=merc capture=1 id=82 name=base hash=fff98face757907a first_index=86521 texture=636 fbo=63 dims=320x180 bpp=4 viewport=0,0,320,180 changed=0 rgb_changed=0 rgb_maxdiff=0 rgb_units=rgba8_code_value alpha_changed=0 alpha_only=0 rgb_bbox=-1,-1,-1,-1 rgb_before_hash=b9f86775a08143c6 rgb_after_hash=b9f86775a08143c6
REFSET-ROI type=merc capture=1 id=83 name=base hash=fff98face757907a first_index=86530 texture=637 fbo=63 dims=320x180 bpp=4 viewport=0,0,320,180 changed=0 rgb_changed=0 rgb_maxdiff=0 rgb_units=rgba8_code_value alpha_changed=0 alpha_only=0 rgb_bbox=-1,-1,-1,-1 rgb_before_hash=b9f86775a08143c6 rgb_after_hash=b9f86775a08143c6
REFSET-ROI type=merc capture=1 id=84 name=base hash=fff98face757907a first_index=86574 texture=638 fbo=63 dims=320x180 bpp=4 viewport=0,0,320,180 changed=0 rgb_changed=0 rgb_maxdiff=0 rgb_units=rgba8_code_value alpha_changed=0 alpha_only=0 rgb_bbox=-1,-1,-1,-1 rgb_before_hash=b9f86775a08143c6 rgb_after_hash=b9f86775a08143c6
REFSET-ROI type=merc capture=1 id=85 name=base hash=fff98face757907a first_index=86433 texture=634 fbo=63 dims=320x180 bpp=4 viewport=0,0,320,180 changed=0 rgb_changed=0 rgb_maxdiff=0 rgb_units=rgba8_code_value alpha_changed=0 alpha_only=0 rgb_bbox=-1,-1,-1,-1 rgb_before_hash=b9f86775a08143c6 rgb_after_hash=b9f86775a08143c6
REFSET-ROI type=merc capture=1 id=86 name=base hash=fff98face757907a first_index=86502 texture=635 fbo=63 dims=320x180 bpp=4 viewport=0,0,320,180 changed=0 rgb_changed=0 rgb_maxdiff=0 rgb_units=rgba8_code_value alpha_changed=0 alpha_only=0 rgb_bbox=-1,-1,-1,-1 rgb_before_hash=b9f86775a08143c6 rgb_after_hash=b9f86775a08143c6
REFSET-ROI type=merc capture=1 id=87 name=base hash=fff98face757907a first_index=86521 texture=636 fbo=63 dims=320x180 bpp=4 viewport=0,0,320,180 changed=0 rgb_changed=0 rgb_maxdiff=0 rgb_units=rgba8_code_value alpha_changed=0 alpha_only=0 rgb_bbox=-1,-1,-1,-1 rgb_before_hash=b9f86775a08143c6 rgb_after_hash=b9f86775a08143c6
REFSET-ROI type=merc capture=1 id=88 name=base hash=fff98face757907a first_index=86530 texture=637 fbo=63 dims=320x180 bpp=4 viewport=0,0,320,180 changed=0 rgb_changed=0 rgb_maxdiff=0 rgb_units=rgba8_code_value alpha_changed=0 alpha_only=0 rgb_bbox=-1,-1,-1,-1 rgb_before_hash=b9f86775a08143c6 rgb_after_hash=b9f86775a08143c6
REFSET-ROI type=merc capture=1 id=89 name=base hash=fff98face757907a first_index=86574 texture=638 fbo=63 dims=320x180 bpp=4 viewport=0,0,320,180 changed=0 rgb_changed=0 rgb_maxdiff=0 rgb_units=rgba8_code_value alpha_changed=0 alpha_only=0 rgb_bbox=-1,-1,-1,-1 rgb_before_hash=b9f86775a08143c6 rgb_after_hash=b9f86775a08143c6
REFSET-ROI type=merc capture=1 id=90 name=base hash=fff98face757907a first_index=86433 texture=634 fbo=63 dims=320x180 bpp=4 viewport=0,0,320,180 changed=0 rgb_changed=0 rgb_maxdiff=0 rgb_units=rgba8_code_value alpha_changed=0 alpha_only=0 rgb_bbox=-1,-1,-1,-1 rgb_before_hash=b9f86775a08143c6 rgb_after_hash=b9f86775a08143c6
REFSET-ROI type=merc capture=1 id=91 name=base hash=fff98face757907a first_index=86502 texture=635 fbo=63 dims=320x180 bpp=4 viewport=0,0,320,180 changed=0 rgb_changed=0 rgb_maxdiff=0 rgb_units=rgba8_code_value alpha_changed=0 alpha_only=0 rgb_bbox=-1,-1,-1,-1 rgb_before_hash=b9f86775a08143c6 rgb_after_hash=b9f86775a08143c6
REFSET-ROI type=merc capture=1 id=92 name=base hash=fff98face757907a first_index=86521 texture=636 fbo=63 dims=320x180 bpp=4 viewport=0,0,320,180 changed=0 rgb_changed=0 rgb_maxdiff=0 rgb_units=rgba8_code_value alpha_changed=0 alpha_only=0 rgb_bbox=-1,-1,-1,-1 rgb_before_hash=b9f86775a08143c6 rgb_after_hash=b9f86775a08143c6
REFSET-ROI type=merc capture=1 id=93 name=base hash=fff98face757907a first_index=86530 texture=637 fbo=63 dims=320x180 bpp=4 viewport=0,0,320,180 changed=0 rgb_changed=0 rgb_maxdiff=0 rgb_units=rgba8_code_value alpha_changed=0 alpha_only=0 rgb_bbox=-1,-1,-1,-1 rgb_before_hash=b9f86775a08143c6 rgb_after_hash=b9f86775a08143c6
REFSET-ROI type=merc capture=1 id=94 name=base hash=fff98face757907a first_index=86574 texture=638 fbo=63 dims=320x180 bpp=4 viewport=0,0,320,180 changed=0 rgb_changed=0 rgb_maxdiff=0 rgb_units=rgba8_code_value alpha_changed=0 alpha_only=0 rgb_bbox=-1,-1,-1,-1 rgb_before_hash=b9f86775a08143c6 rgb_after_hash=b9f86775a08143c6
REFSET-ROI type=merc capture=1 id=95 name=base hash=fff98face757907a first_index=86433 texture=634 fbo=63 dims=320x180 bpp=4 viewport=0,0,320,180 changed=0 rgb_changed=0 rgb_maxdiff=0 rgb_units=rgba8_code_value alpha_changed=0 alpha_only=0 rgb_bbox=-1,-1,-1,-1 rgb_before_hash=b9f86775a08143c6 rgb_after_hash=b9f86775a08143c6
REFSET-ROI type=merc capture=1 id=96 name=base hash=fff98face757907a first_index=86502 texture=635 fbo=63 dims=320x180 bpp=4 viewport=0,0,320,180 changed=0 rgb_changed=0 rgb_maxdiff=0 rgb_units=rgba8_code_value alpha_changed=0 alpha_only=0 rgb_bbox=-1,-1,-1,-1 rgb_before_hash=b9f86775a08143c6 rgb_after_hash=b9f86775a08143c6
REFSET-ROI type=merc capture=1 id=97 name=base hash=fff98face757907a first_index=86521 texture=636 fbo=63 dims=320x180 bpp=4 viewport=0,0,320,180 changed=0 rgb_changed=0 rgb_maxdiff=0 rgb_units=rgba8_code_value alpha_changed=0 alpha_only=0 rgb_bbox=-1,-1,-1,-1 rgb_before_hash=b9f86775a08143c6 rgb_after_hash=b9f86775a08143c6
REFSET-ROI type=merc capture=1 id=98 name=base hash=fff98face757907a first_index=86530 texture=637 fbo=63 dims=320x180 bpp=4 viewport=0,0,320,180 changed=0 rgb_changed=0 rgb_maxdiff=0 rgb_units=rgba8_code_value alpha_changed=0 alpha_only=0 rgb_bbox=-1,-1,-1,-1 rgb_before_hash=b9f86775a08143c6 rgb_after_hash=b9f86775a08143c6
REFSET-ROI type=merc capture=1 id=99 name=base hash=fff98face757907a first_index=86574 texture=638 fbo=63 dims=320x180 bpp=4 viewport=0,0,320,180 changed=0 rgb_changed=0 rgb_maxdiff=0 rgb_units=rgba8_code_value alpha_changed=0 alpha_only=0 rgb_bbox=-1,-1,-1,-1 rgb_before_hash=b9f86775a08143c6 rgb_after_hash=b9f86775a08143c6
REFSET-ROI type=merc capture=1 id=100 name=base hash=fff98face757907a first_index=86433 texture=634 fbo=63 dims=320x180 bpp=4 viewport=0,0,320,180 changed=0 rgb_changed=0 rgb_maxdiff=0 rgb_units=rgba8_code_value alpha_changed=0 alpha_only=0 rgb_bbox=-1,-1,-1,-1 rgb_before_hash=b9f86775a08143c6 rgb_after_hash=b9f86775a08143c6
REFSET-ROI type=merc capture=1 id=101 name=base hash=fff98face757907a first_index=86502 texture=635 fbo=63 dims=320x180 bpp=4 viewport=0,0,320,180 changed=0 rgb_changed=0 rgb_maxdiff=0 rgb_units=rgba8_code_value alpha_changed=0 alpha_only=0 rgb_bbox=-1,-1,-1,-1 rgb_before_hash=b9f86775a08143c6 rgb_after_hash=b9f86775a08143c6
REFSET-ROI type=merc capture=1 id=102 name=base hash=fff98face757907a first_index=86521 texture=636 fbo=63 dims=320x180 bpp=4 viewport=0,0,320,180 changed=0 rgb_changed=0 rgb_maxdiff=0 rgb_units=rgba8_code_value alpha_changed=0 alpha_only=0 rgb_bbox=-1,-1,-1,-1 rgb_before_hash=b9f86775a08143c6 rgb_after_hash=b9f86775a08143c6
REFSET-ROI type=merc capture=1 id=103 name=base hash=fff98face757907a first_index=86530 texture=637 fbo=63 dims=320x180 bpp=4 viewport=0,0,320,180 changed=0 rgb_changed=0 rgb_maxdiff=0 rgb_units=rgba8_code_value alpha_changed=0 alpha_only=0 rgb_bbox=-1,-1,-1,-1 rgb_before_hash=b9f86775a08143c6 rgb_after_hash=b9f86775a08143c6
REFSET-ROI type=merc capture=1 id=104 name=base hash=fff98face757907a first_index=86574 texture=638 fbo=63 dims=320x180 bpp=4 viewport=0,0,320,180 changed=0 rgb_changed=0 rgb_maxdiff=0 rgb_units=rgba8_code_value alpha_changed=0 alpha_only=0 rgb_bbox=-1,-1,-1,-1 rgb_before_hash=b9f86775a08143c6 rgb_after_hash=b9f86775a08143c6
REFSET-ROI type=merc capture=1 id=105 name=base hash=fff98face757907a first_index=86433 texture=634 fbo=63 dims=320x180 bpp=4 viewport=0,0,320,180 changed=0 rgb_changed=0 rgb_maxdiff=0 rgb_units=rgba8_code_value alpha_changed=0 alpha_only=0 rgb_bbox=-1,-1,-1,-1 rgb_before_hash=b9f86775a08143c6 rgb_after_hash=b9f86775a08143c6
REFSET-ROI type=merc capture=1 id=106 name=base hash=fff98face757907a first_index=86502 texture=635 fbo=63 dims=320x180 bpp=4 viewport=0,0,320,180 changed=0 rgb_changed=0 rgb_maxdiff=0 rgb_units=rgba8_code_value alpha_changed=0 alpha_only=0 rgb_bbox=-1,-1,-1,-1 rgb_before_hash=b9f86775a08143c6 rgb_after_hash=b9f86775a08143c6
REFSET-ROI type=merc capture=1 id=107 name=base hash=fff98face757907a first_index=86521 texture=636 fbo=63 dims=320x180 bpp=4 viewport=0,0,320,180 changed=0 rgb_changed=0 rgb_maxdiff=0 rgb_units=rgba8_code_value alpha_changed=0 alpha_only=0 rgb_bbox=-1,-1,-1,-1 rgb_before_hash=b9f86775a08143c6 rgb_after_hash=b9f86775a08143c6
REFSET-ROI type=merc capture=1 id=108 name=base hash=fff98face757907a first_index=86530 texture=637 fbo=63 dims=320x180 bpp=4 viewport=0,0,320,180 changed=0 rgb_changed=0 rgb_maxdiff=0 rgb_units=rgba8_code_value alpha_changed=0 alpha_only=0 rgb_bbox=-1,-1,-1,-1 rgb_before_hash=b9f86775a08143c6 rgb_after_hash=b9f86775a08143c6
REFSET-ROI type=merc capture=1 id=109 name=base hash=fff98face757907a first_index=86574 texture=638 fbo=63 dims=320x180 bpp=4 viewport=0,0,320,180 changed=0 rgb_changed=0 rgb_maxdiff=0 rgb_units=rgba8_code_value alpha_changed=0 alpha_only=0 rgb_bbox=-1,-1,-1,-1 rgb_before_hash=b9f86775a08143c6 rgb_after_hash=b9f86775a08143c6
REFSET-ROI type=merc capture=1 id=110 name=base hash=fff98face757907a first_index=86433 texture=634 fbo=63 dims=320x180 bpp=4 viewport=0,0,320,180 changed=0 rgb_changed=0 rgb_maxdiff=0 rgb_units=rgba8_code_value alpha_changed=0 alpha_only=0 rgb_bbox=-1,-1,-1,-1 rgb_before_hash=b9f86775a08143c6 rgb_after_hash=b9f86775a08143c6
REFSET-ROI type=merc capture=1 id=111 name=base hash=fff98face757907a first_index=86502 texture=635 fbo=63 dims=320x180 bpp=4 viewport=0,0,320,180 changed=0 rgb_changed=0 rgb_maxdiff=0 rgb_units=rgba8_code_value alpha_changed=0 alpha_only=0 rgb_bbox=-1,-1,-1,-1 rgb_before_hash=b9f86775a08143c6 rgb_after_hash=b9f86775a08143c6
REFSET-ROI type=merc capture=1 id=112 name=base hash=fff98face757907a first_index=86521 texture=636 fbo=63 dims=320x180 bpp=4 viewport=0,0,320,180 changed=0 rgb_changed=0 rgb_maxdiff=0 rgb_units=rgba8_code_value alpha_changed=0 alpha_only=0 rgb_bbox=-1,-1,-1,-1 rgb_before_hash=b9f86775a08143c6 rgb_after_hash=b9f86775a08143c6
REFSET-ROI type=merc capture=1 id=113 name=base hash=fff98face757907a first_index=86530 texture=637 fbo=63 dims=320x180 bpp=4 viewport=0,0,320,180 changed=0 rgb_changed=0 rgb_maxdiff=0 rgb_units=rgba8_code_value alpha_changed=0 alpha_only=0 rgb_bbox=-1,-1,-1,-1 rgb_before_hash=b9f86775a08143c6 rgb_after_hash=b9f86775a08143c6
REFSET-ROI type=merc capture=1 id=114 name=base hash=fff98face757907a first_index=86574 texture=638 fbo=63 dims=320x180 bpp=4 viewport=0,0,320,180 changed=0 rgb_changed=0 rgb_maxdiff=0 rgb_units=rgba8_code_value alpha_changed=0 alpha_only=0 rgb_bbox=-1,-1,-1,-1 rgb_before_hash=b9f86775a08143c6 rgb_after_hash=b9f86775a08143c6
REFSET-ROI type=merc capture=1 id=115 name=base hash=fff98face757907a first_index=86433 texture=634 fbo=63 dims=320x180 bpp=4 viewport=0,0,320,180 changed=0 rgb_changed=0 rgb_maxdiff=0 rgb_units=rgba8_code_value alpha_changed=0 alpha_only=0 rgb_bbox=-1,-1,-1,-1 rgb_before_hash=b9f86775a08143c6 rgb_after_hash=b9f86775a08143c6
REFSET-ROI type=merc capture=1 id=116 name=base hash=fff98face757907a first_index=86502 texture=635 fbo=63 dims=320x180 bpp=4 viewport=0,0,320,180 changed=0 rgb_changed=0 rgb_maxdiff=0 rgb_units=rgba8_code_value alpha_changed=0 alpha_only=0 rgb_bbox=-1,-1,-1,-1 rgb_before_hash=b9f86775a08143c6 rgb_after_hash=b9f86775a08143c6
REFSET-ROI type=merc capture=1 id=117 name=base hash=fff98face757907a first_index=86521 texture=636 fbo=63 dims=320x180 bpp=4 viewport=0,0,320,180 changed=0 rgb_changed=0 rgb_maxdiff=0 rgb_units=rgba8_code_value alpha_changed=0 alpha_only=0 rgb_bbox=-1,-1,-1,-1 rgb_before_hash=b9f86775a08143c6 rgb_after_hash=b9f86775a08143c6
REFSET-ROI type=merc capture=1 id=118 name=base hash=fff98face757907a first_index=86530 texture=637 fbo=63 dims=320x180 bpp=4 viewport=0,0,320,180 changed=0 rgb_changed=0 rgb_maxdiff=0 rgb_units=rgba8_code_value alpha_changed=0 alpha_only=0 rgb_bbox=-1,-1,-1,-1 rgb_before_hash=b9f86775a08143c6 rgb_after_hash=b9f86775a08143c6
REFSET-ROI type=merc capture=1 id=119 name=base hash=fff98face757907a first_index=86574 texture=638 fbo=63 dims=320x180 bpp=4 viewport=0,0,320,180 changed=0 rgb_changed=0 rgb_maxdiff=0 rgb_units=rgba8_code_value alpha_changed=0 alpha_only=0 rgb_bbox=-1,-1,-1,-1 rgb_before_hash=b9f86775a08143c6 rgb_after_hash=b9f86775a08143c6
REFSET-ROI type=merc capture=1 id=120 name=base hash=fff98face757907a first_index=86433 texture=634 fbo=63 dims=320x180 bpp=4 viewport=0,0,320,180 changed=0 rgb_changed=0 rgb_maxdiff=0 rgb_units=rgba8_code_value alpha_changed=0 alpha_only=0 rgb_bbox=-1,-1,-1,-1 rgb_before_hash=b9f86775a08143c6 rgb_after_hash=b9f86775a08143c6
REFSET-ROI type=merc capture=1 id=121 name=base hash=fff98face757907a first_index=86502 texture=635 fbo=63 dims=320x180 bpp=4 viewport=0,0,320,180 changed=0 rgb_changed=0 rgb_maxdiff=0 rgb_units=rgba8_code_value alpha_changed=0 alpha_only=0 rgb_bbox=-1,-1,-1,-1 rgb_before_hash=b9f86775a08143c6 rgb_after_hash=b9f86775a08143c6
REFSET-ROI type=merc capture=1 id=122 name=base hash=fff98face757907a first_index=86521 texture=636 fbo=63 dims=320x180 bpp=4 viewport=0,0,320,180 changed=0 rgb_changed=0 rgb_maxdiff=0 rgb_units=rgba8_code_value alpha_changed=0 alpha_only=0 rgb_bbox=-1,-1,-1,-1 rgb_before_hash=b9f86775a08143c6 rgb_after_hash=b9f86775a08143c6
REFSET-ROI type=merc capture=1 id=123 name=base hash=fff98face757907a first_index=86530 texture=637 fbo=63 dims=320x180 bpp=4 viewport=0,0,320,180 changed=0 rgb_changed=0 rgb_maxdiff=0 rgb_units=rgba8_code_value alpha_changed=0 alpha_only=0 rgb_bbox=-1,-1,-1,-1 rgb_before_hash=b9f86775a08143c6 rgb_after_hash=b9f86775a08143c6
REFSET-ROI type=merc capture=1 id=124 name=base hash=fff98face757907a first_index=86574 texture=638 fbo=63 dims=320x180 bpp=4 viewport=0,0,320,180 changed=0 rgb_changed=0 rgb_maxdiff=0 rgb_units=rgba8_code_value alpha_changed=0 alpha_only=0 rgb_bbox=-1,-1,-1,-1 rgb_before_hash=b9f86775a08143c6 rgb_after_hash=b9f86775a08143c6
REFSET-ROI type=merc capture=1 id=125 name=base hash=fff98face757907a first_index=86433 texture=634 fbo=63 dims=320x180 bpp=4 viewport=0,0,320,180 changed=0 rgb_changed=0 rgb_maxdiff=0 rgb_units=rgba8_code_value alpha_changed=0 alpha_only=0 rgb_bbox=-1,-1,-1,-1 rgb_before_hash=b9f86775a08143c6 rgb_after_hash=b9f86775a08143c6
REFSET-ROI type=merc capture=1 id=126 name=base hash=fff98face757907a first_index=86502 texture=635 fbo=63 dims=320x180 bpp=4 viewport=0,0,320,180 changed=0 rgb_changed=0 rgb_maxdiff=0 rgb_units=rgba8_code_value alpha_changed=0 alpha_only=0 rgb_bbox=-1,-1,-1,-1 rgb_before_hash=b9f86775a08143c6 rgb_after_hash=b9f86775a08143c6
REFSET-ROI type=merc capture=1 id=127 name=base hash=fff98face757907a first_index=86521 texture=636 fbo=63 dims=320x180 bpp=4 viewport=0,0,320,180 changed=0 rgb_changed=0 rgb_maxdiff=0 rgb_units=rgba8_code_value alpha_changed=0 alpha_only=0 rgb_bbox=-1,-1,-1,-1 rgb_before_hash=b9f86775a08143c6 rgb_after_hash=b9f86775a08143c6
REFSET-ROI type=merc capture=1 id=128 name=base hash=fff98face757907a first_index=86530 texture=637 fbo=63 dims=320x180 bpp=4 viewport=0,0,320,180 changed=0 rgb_changed=0 rgb_maxdiff=0 rgb_units=rgba8_code_value alpha_changed=0 alpha_only=0 rgb_bbox=-1,-1,-1,-1 rgb_before_hash=b9f86775a08143c6 rgb_after_hash=b9f86775a08143c6
REFSET-ROI type=merc capture=1 id=129 name=base hash=fff98face757907a first_index=86574 texture=638 fbo=63 dims=320x180 bpp=4 viewport=0,0,320,180 changed=0 rgb_changed=0 rgb_maxdiff=0 rgb_units=rgba8_code_value alpha_changed=0 alpha_only=0 rgb_bbox=-1,-1,-1,-1 rgb_before_hash=b9f86775a08143c6 rgb_after_hash=b9f86775a08143c6
REFSET-ROI type=merc capture=1 id=130 name=base hash=fff98face757907a first_index=86433 texture=634 fbo=63 dims=320x180 bpp=4 viewport=0,0,320,180 changed=0 rgb_changed=0 rgb_maxdiff=0 rgb_units=rgba8_code_value alpha_changed=0 alpha_only=0 rgb_bbox=-1,-1,-1,-1 rgb_before_hash=b9f86775a08143c6 rgb_after_hash=b9f86775a08143c6
REFSET-ROI type=merc capture=1 id=131 name=base hash=fff98face757907a first_index=86502 texture=635 fbo=63 dims=320x180 bpp=4 viewport=0,0,320,180 changed=0 rgb_changed=0 rgb_maxdiff=0 rgb_units=rgba8_code_value alpha_changed=0 alpha_only=0 rgb_bbox=-1,-1,-1,-1 rgb_before_hash=b9f86775a08143c6 rgb_after_hash=b9f86775a08143c6
REFSET-ROI type=merc capture=1 id=132 name=base hash=fff98face757907a first_index=86521 texture=636 fbo=63 dims=320x180 bpp=4 viewport=0,0,320,180 changed=0 rgb_changed=0 rgb_maxdiff=0 rgb_units=rgba8_code_value alpha_changed=0 alpha_only=0 rgb_bbox=-1,-1,-1,-1 rgb_before_hash=b9f86775a08143c6 rgb_after_hash=b9f86775a08143c6
REFSET-ROI type=merc capture=1 id=133 name=base hash=fff98face757907a first_index=86530 texture=637 fbo=63 dims=320x180 bpp=4 viewport=0,0,320,180 changed=0 rgb_changed=0 rgb_maxdiff=0 rgb_units=rgba8_code_value alpha_changed=0 alpha_only=0 rgb_bbox=-1,-1,-1,-1 rgb_before_hash=b9f86775a08143c6 rgb_after_hash=b9f86775a08143c6
REFSET-ROI type=merc capture=1 id=134 name=base hash=fff98face757907a first_index=86574 texture=638 fbo=63 dims=320x180 bpp=4 viewport=0,0,320,180 changed=0 rgb_changed=0 rgb_maxdiff=0 rgb_units=rgba8_code_value alpha_changed=0 alpha_only=0 rgb_bbox=-1,-1,-1,-1 rgb_before_hash=b9f86775a08143c6 rgb_after_hash=b9f86775a08143c6
REFSET-ROI type=merc capture=1 id=0 name=envmap hash=0000000000000000 first_index=41429 texture=422 fbo=63 dims=320x180 bpp=4 viewport=0,0,320,180 changed=0 rgb_changed=0 rgb_maxdiff=0 rgb_units=rgba8_code_value alpha_changed=0 alpha_only=0 rgb_bbox=-1,-1,-1,-1 rgb_before_hash=b9f86775a08143c6 rgb_after_hash=b9f86775a08143c6
REFSET-ROI type=merc capture=1 id=1 name=envmap hash=0000000000000000 first_index=41429 texture=422 fbo=63 dims=320x180 bpp=4 viewport=0,0,320,180 changed=0 rgb_changed=0 rgb_maxdiff=0 rgb_units=rgba8_code_value alpha_changed=0 alpha_only=0 rgb_bbox=-1,-1,-1,-1 rgb_before_hash=b9f86775a08143c6 rgb_after_hash=b9f86775a08143c6
REFSET-ROI type=merc capture=1 id=2 name=envmap hash=0000000000000000 first_index=41429 texture=422 fbo=63 dims=320x180 bpp=4 viewport=0,0,320,180 changed=0 rgb_changed=0 rgb_maxdiff=0 rgb_units=rgba8_code_value alpha_changed=0 alpha_only=0 rgb_bbox=-1,-1,-1,-1 rgb_before_hash=b9f86775a08143c6 rgb_after_hash=b9f86775a08143c6
REFSET-ROI type=bucket capture=1 id=52 name=[52] l1-pris-merc hash=0000000000000000 first_index=0 texture=-1 fbo=63 dims=320x180 bpp=4 viewport=0,0,320,180 changed=0 rgb_changed=0 rgb_maxdiff=0 rgb_units=rgba8_code_value alpha_changed=0 alpha_only=0 rgb_bbox=-1,-1,-1,-1 rgb_before_hash=b9f86775a08143c6 rgb_after_hash=b9f86775a08143c6
REFSET-ROI type=bucket capture=1 id=53 name=[53] l1-pris-generic hash=0000000000000000 first_index=0 texture=-1 fbo=63 dims=320x180 bpp=4 viewport=0,0,320,180 changed=0 rgb_changed=0 rgb_maxdiff=0 rgb_units=rgba8_code_value alpha_changed=0 alpha_only=0 rgb_bbox=-1,-1,-1,-1 rgb_before_hash=b9f86775a08143c6 rgb_after_hash=b9f86775a08143c6
REFSET-ROI type=bucket capture=1 id=54 name=[54] common-pris-eyes hash=0000000000000000 first_index=0 texture=-1 fbo=63 dims=320x180 bpp=4 viewport=0,0,320,180 changed=0 rgb_changed=0 rgb_maxdiff=0 rgb_units=rgba8_code_value alpha_changed=0 alpha_only=0 rgb_bbox=-1,-1,-1,-1 rgb_before_hash=b9f86775a08143c6 rgb_after_hash=b9f86775a08143c6
REFSET-ROI type=model capture=1 hash=de04343ceef2f80b name=eichar-lod0
REFSET-ROI type=model capture=1 hash=4ec5ff1820e02f66 name=sidekick-lod0
REFSET-ROI type=merc capture=1 id=0 name=base hash=de04343ceef2f80b first_index=8039 texture=315 fbo=63 dims=320x180 bpp=4 viewport=0,0,320,180 changed=0 rgb_changed=0 rgb_maxdiff=0 rgb_units=rgba8_code_value alpha_changed=0 alpha_only=0 rgb_bbox=-1,-1,-1,-1 rgb_before_hash=b9f86775a08143c6 rgb_after_hash=b9f86775a08143c6
REFSET-ROI type=merc capture=1 id=1 name=base hash=de04343ceef2f80b first_index=10270 texture=316 fbo=63 dims=320x180 bpp=4 viewport=0,0,320,180 changed=0 rgb_changed=0 rgb_maxdiff=0 rgb_units=rgba8_code_value alpha_changed=0 alpha_only=0 rgb_bbox=-1,-1,-1,-1 rgb_before_hash=b9f86775a08143c6 rgb_after_hash=b9f86775a08143c6
REFSET-ROI type=merc capture=1 id=2 name=base hash=de04343ceef2f80b first_index=12055 texture=317 fbo=63 dims=320x180 bpp=4 viewport=0,0,320,180 changed=0 rgb_changed=0 rgb_maxdiff=0 rgb_units=rgba8_code_value alpha_changed=0 alpha_only=0 rgb_bbox=-1,-1,-1,-1 rgb_before_hash=b9f86775a08143c6 rgb_after_hash=b9f86775a08143c6
REFSET-ROI type=merc capture=1 id=3 name=base hash=de04343ceef2f80b first_index=12085 texture=318 fbo=63 dims=320x180 bpp=4 viewport=0,0,320,180 changed=0 rgb_changed=0 rgb_maxdiff=0 rgb_units=rgba8_code_value alpha_changed=0 alpha_only=0 rgb_bbox=-1,-1,-1,-1 rgb_before_hash=b9f86775a08143c6 rgb_after_hash=b9f86775a08143c6
REFSET-ROI type=merc capture=1 id=4 name=base hash=de04343ceef2f80b first_index=12338 texture=319 fbo=63 dims=320x180 bpp=4 viewport=0,0,320,180 changed=0 rgb_changed=0 rgb_maxdiff=0 rgb_units=rgba8_code_value alpha_changed=0 alpha_only=0 rgb_bbox=-1,-1,-1,-1 rgb_before_hash=b9f86775a08143c6 rgb_after_hash=b9f86775a08143c6
REFSET-ROI type=merc capture=1 id=5 name=base hash=de04343ceef2f80b first_index=12702 texture=320 fbo=63 dims=320x180 bpp=4 viewport=0,0,320,180 changed=0 rgb_changed=0 rgb_maxdiff=0 rgb_units=rgba8_code_value alpha_changed=0 alpha_only=0 rgb_bbox=-1,-1,-1,-1 rgb_before_hash=b9f86775a08143c6 rgb_after_hash=b9f86775a08143c6
REFSET-ROI type=merc capture=1 id=6 name=base hash=de04343ceef2f80b first_index=13396 texture=321 fbo=63 dims=320x180 bpp=4 viewport=0,0,320,180 changed=0 rgb_changed=0 rgb_maxdiff=0 rgb_units=rgba8_code_value alpha_changed=0 alpha_only=0 rgb_bbox=-1,-1,-1,-1 rgb_before_hash=b9f86775a08143c6 rgb_after_hash=b9f86775a08143c6
REFSET-ROI type=merc capture=1 id=7 name=base hash=de04343ceef2f80b first_index=13564 texture=322 fbo=63 dims=320x180 bpp=4 viewport=0,0,320,180 changed=0 rgb_changed=0 rgb_maxdiff=0 rgb_units=rgba8_code_value alpha_changed=0 alpha_only=0 rgb_bbox=-1,-1,-1,-1 rgb_before_hash=b9f86775a08143c6 rgb_after_hash=b9f86775a08143c6
REFSET-ROI type=merc capture=1 id=8 name=base hash=de04343ceef2f80b first_index=13615 texture=-268435712 fbo=63 dims=320x180 bpp=4 viewport=0,0,320,180 changed=0 rgb_changed=0 rgb_maxdiff=0 rgb_units=rgba8_code_value alpha_changed=0 alpha_only=0 rgb_bbox=-1,-1,-1,-1 rgb_before_hash=b9f86775a08143c6 rgb_after_hash=b9f86775a08143c6
REFSET-ROI type=merc capture=1 id=9 name=base hash=de04343ceef2f80b first_index=13648 texture=-268435711 fbo=63 dims=320x180 bpp=4 viewport=0,0,320,180 changed=0 rgb_changed=0 rgb_maxdiff=0 rgb_units=rgba8_code_value alpha_changed=0 alpha_only=0 rgb_bbox=-1,-1,-1,-1 rgb_before_hash=b9f86775a08143c6 rgb_after_hash=b9f86775a08143c6
REFSET-ROI type=merc capture=1 id=10 name=base hash=de04343ceef2f80b first_index=13681 texture=325 fbo=63 dims=320x180 bpp=4 viewport=0,0,320,180 changed=0 rgb_changed=0 rgb_maxdiff=0 rgb_units=rgba8_code_value alpha_changed=0 alpha_only=0 rgb_bbox=-1,-1,-1,-1 rgb_before_hash=b9f86775a08143c6 rgb_after_hash=b9f86775a08143c6
REFSET-ROI type=merc capture=1 id=11 name=base hash=de04343ceef2f80b first_index=13700 texture=326 fbo=63 dims=320x180 bpp=4 viewport=0,0,320,180 changed=0 rgb_changed=0 rgb_maxdiff=0 rgb_units=rgba8_code_value alpha_changed=0 alpha_only=0 rgb_bbox=-1,-1,-1,-1 rgb_before_hash=b9f86775a08143c6 rgb_after_hash=b9f86775a08143c6
REFSET-ROI type=merc capture=1 id=12 name=base hash=de04343ceef2f80b first_index=14335 texture=327 fbo=63 dims=320x180 bpp=4 viewport=0,0,320,180 changed=0 rgb_changed=0 rgb_maxdiff=0 rgb_units=rgba8_code_value alpha_changed=0 alpha_only=0 rgb_bbox=-1,-1,-1,-1 rgb_before_hash=b9f86775a08143c6 rgb_after_hash=b9f86775a08143c6
REFSET-ROI type=merc capture=1 id=13 name=base hash=4ec5ff1820e02f66 first_index=19568 texture=331 fbo=63 dims=320x180 bpp=4 viewport=0,0,320,180 changed=0 rgb_changed=0 rgb_maxdiff=0 rgb_units=rgba8_code_value alpha_changed=0 alpha_only=0 rgb_bbox=-1,-1,-1,-1 rgb_before_hash=b9f86775a08143c6 rgb_after_hash=b9f86775a08143c6
REFSET-ROI type=merc capture=1 id=14 name=base hash=4ec5ff1820e02f66 first_index=20027 texture=332 fbo=63 dims=320x180 bpp=4 viewport=0,0,320,180 changed=0 rgb_changed=0 rgb_maxdiff=0 rgb_units=rgba8_code_value alpha_changed=0 alpha_only=0 rgb_bbox=-1,-1,-1,-1 rgb_before_hash=b9f86775a08143c6 rgb_after_hash=b9f86775a08143c6
REFSET-ROI type=merc capture=1 id=15 name=base hash=4ec5ff1820e02f66 first_index=20743 texture=333 fbo=63 dims=320x180 bpp=4 viewport=0,0,320,180 changed=0 rgb_changed=0 rgb_maxdiff=0 rgb_units=rgba8_code_value alpha_changed=0 alpha_only=0 rgb_bbox=-1,-1,-1,-1 rgb_before_hash=b9f86775a08143c6 rgb_after_hash=b9f86775a08143c6
REFSET-ROI type=merc capture=1 id=16 name=base hash=4ec5ff1820e02f66 first_index=20832 texture=334 fbo=63 dims=320x180 bpp=4 viewport=0,0,320,180 changed=0 rgb_changed=0 rgb_maxdiff=0 rgb_units=rgba8_code_value alpha_changed=0 alpha_only=0 rgb_bbox=-1,-1,-1,-1 rgb_before_hash=b9f86775a08143c6 rgb_after_hash=b9f86775a08143c6
REFSET-ROI type=merc capture=1 id=17 name=base hash=4ec5ff1820e02f66 first_index=20899 texture=335 fbo=63 dims=320x180 bpp=4 viewport=0,0,320,180 changed=0 rgb_changed=0 rgb_maxdiff=0 rgb_units=rgba8_code_value alpha_changed=0 alpha_only=0 rgb_bbox=-1,-1,-1,-1 rgb_before_hash=b9f86775a08143c6 rgb_after_hash=b9f86775a08143c6
REFSET-ROI type=merc capture=1 id=18 name=base hash=4ec5ff1820e02f66 first_index=20902 texture=336 fbo=63 dims=320x180 bpp=4 viewport=0,0,320,180 changed=0 rgb_changed=0 rgb_maxdiff=0 rgb_units=rgba8_code_value alpha_changed=0 alpha_only=0 rgb_bbox=-1,-1,-1,-1 rgb_before_hash=b9f86775a08143c6 rgb_after_hash=b9f86775a08143c6
REFSET-ROI type=merc capture=1 id=19 name=base hash=4ec5ff1820e02f66 first_index=20976 texture=337 fbo=63 dims=320x180 bpp=4 viewport=0,0,320,180 changed=0 rgb_changed=0 rgb_maxdiff=0 rgb_units=rgba8_code_value alpha_changed=0 alpha_only=0 rgb_bbox=-1,-1,-1,-1 rgb_before_hash=b9f86775a08143c6 rgb_after_hash=b9f86775a08143c6
REFSET-ROI type=merc capture=1 id=20 name=base hash=4ec5ff1820e02f66 first_index=21017 texture=338 fbo=63 dims=320x180 bpp=4 viewport=0,0,320,180 changed=0 rgb_changed=0 rgb_maxdiff=0 rgb_units=rgba8_code_value alpha_changed=0 alpha_only=0 rgb_bbox=-1,-1,-1,-1 rgb_before_hash=b9f86775a08143c6 rgb_after_hash=b9f86775a08143c6
REFSET-ROI type=merc capture=1 id=21 name=base hash=4ec5ff1820e02f66 first_index=21322 texture=339 fbo=63 dims=320x180 bpp=4 viewport=0,0,320,180 changed=0 rgb_changed=0 rgb_maxdiff=0 rgb_units=rgba8_code_value alpha_changed=0 alpha_only=0 rgb_bbox=-1,-1,-1,-1 rgb_before_hash=b9f86775a08143c6 rgb_after_hash=b9f86775a08143c6
REFSET-ROI type=merc capture=1 id=22 name=base hash=4ec5ff1820e02f66 first_index=21604 texture=340 fbo=63 dims=320x180 bpp=4 viewport=0,0,320,180 changed=0 rgb_changed=0 rgb_maxdiff=0 rgb_units=rgba8_code_value alpha_changed=0 alpha_only=0 rgb_bbox=-1,-1,-1,-1 rgb_before_hash=b9f86775a08143c6 rgb_after_hash=b9f86775a08143c6
REFSET-ROI type=merc capture=1 id=23 name=base hash=4ec5ff1820e02f66 first_index=21691 texture=341 fbo=63 dims=320x180 bpp=4 viewport=0,0,320,180 changed=0 rgb_changed=0 rgb_maxdiff=0 rgb_units=rgba8_code_value alpha_changed=0 alpha_only=0 rgb_bbox=-1,-1,-1,-1 rgb_before_hash=b9f86775a08143c6 rgb_after_hash=b9f86775a08143c6
REFSET-ROI type=merc capture=1 id=24 name=base hash=4ec5ff1820e02f66 first_index=21713 texture=-268435709 fbo=63 dims=320x180 bpp=4 viewport=0,0,320,180 changed=0 rgb_changed=0 rgb_maxdiff=0 rgb_units=rgba8_code_value alpha_changed=0 alpha_only=0 rgb_bbox=-1,-1,-1,-1 rgb_before_hash=b9f86775a08143c6 rgb_after_hash=b9f86775a08143c6
REFSET-ROI type=merc capture=1 id=25 name=base hash=4ec5ff1820e02f66 first_index=21739 texture=-268435710 fbo=63 dims=320x180 bpp=4 viewport=0,0,320,180 changed=0 rgb_changed=0 rgb_maxdiff=0 rgb_units=rgba8_code_value alpha_changed=0 alpha_only=0 rgb_bbox=-1,-1,-1,-1 rgb_before_hash=b9f86775a08143c6 rgb_after_hash=b9f86775a08143c6
REFSET-ROI type=merc capture=1 id=26 name=base hash=4ec5ff1820e02f66 first_index=21765 texture=344 fbo=63 dims=320x180 bpp=4 viewport=0,0,320,180 changed=0 rgb_changed=0 rgb_maxdiff=0 rgb_units=rgba8_code_value alpha_changed=0 alpha_only=0 rgb_bbox=-1,-1,-1,-1 rgb_before_hash=b9f86775a08143c6 rgb_after_hash=b9f86775a08143c6
REFSET-ROI type=merc capture=1 id=0 name=envmap hash=0000000000000000 first_index=13615 texture=312 fbo=63 dims=320x180 bpp=4 viewport=0,0,320,180 changed=0 rgb_changed=0 rgb_maxdiff=0 rgb_units=rgba8_code_value alpha_changed=0 alpha_only=0 rgb_bbox=-1,-1,-1,-1 rgb_before_hash=b9f86775a08143c6 rgb_after_hash=b9f86775a08143c6
REFSET-ROI type=merc capture=1 id=1 name=envmap hash=0000000000000000 first_index=13648 texture=312 fbo=63 dims=320x180 bpp=4 viewport=0,0,320,180 changed=0 rgb_changed=0 rgb_maxdiff=0 rgb_units=rgba8_code_value alpha_changed=0 alpha_only=0 rgb_bbox=-1,-1,-1,-1 rgb_before_hash=b9f86775a08143c6 rgb_after_hash=b9f86775a08143c6
REFSET-ROI type=merc capture=1 id=2 name=envmap hash=0000000000000000 first_index=13681 texture=312 fbo=63 dims=320x180 bpp=4 viewport=0,0,320,180 changed=0 rgb_changed=0 rgb_maxdiff=0 rgb_units=rgba8_code_value alpha_changed=0 alpha_only=0 rgb_bbox=-1,-1,-1,-1 rgb_before_hash=b9f86775a08143c6 rgb_after_hash=b9f86775a08143c6
REFSET-ROI type=merc capture=1 id=3 name=envmap hash=0000000000000000 first_index=13700 texture=313 fbo=63 dims=320x180 bpp=4 viewport=0,0,320,180 changed=0 rgb_changed=0 rgb_maxdiff=0 rgb_units=rgba8_code_value alpha_changed=0 alpha_only=0 rgb_bbox=-1,-1,-1,-1 rgb_before_hash=b9f86775a08143c6 rgb_after_hash=b9f86775a08143c6
REFSET-ROI type=merc capture=1 id=4 name=envmap hash=0000000000000000 first_index=14335 texture=314 fbo=63 dims=320x180 bpp=4 viewport=0,0,320,180 changed=0 rgb_changed=0 rgb_maxdiff=0 rgb_units=rgba8_code_value alpha_changed=0 alpha_only=0 rgb_bbox=-1,-1,-1,-1 rgb_before_hash=b9f86775a08143c6 rgb_after_hash=b9f86775a08143c6
REFSET-ROI type=merc capture=1 id=5 name=envmap hash=0000000000000000 first_index=21691 texture=328 fbo=63 dims=320x180 bpp=4 viewport=0,0,320,180 changed=0 rgb_changed=0 rgb_maxdiff=0 rgb_units=rgba8_code_value alpha_changed=0 alpha_only=0 rgb_bbox=-1,-1,-1,-1 rgb_before_hash=b9f86775a08143c6 rgb_after_hash=b9f86775a08143c6
REFSET-ROI type=merc capture=1 id=6 name=envmap hash=0000000000000000 first_index=21713 texture=329 fbo=63 dims=320x180 bpp=4 viewport=0,0,320,180 changed=0 rgb_changed=0 rgb_maxdiff=0 rgb_units=rgba8_code_value alpha_changed=0 alpha_only=0 rgb_bbox=-1,-1,-1,-1 rgb_before_hash=b9f86775a08143c6 rgb_after_hash=b9f86775a08143c6
REFSET-ROI type=merc capture=1 id=7 name=envmap hash=0000000000000000 first_index=21739 texture=329 fbo=63 dims=320x180 bpp=4 viewport=0,0,320,180 changed=0 rgb_changed=0 rgb_maxdiff=0 rgb_units=rgba8_code_value alpha_changed=0 alpha_only=0 rgb_bbox=-1,-1,-1,-1 rgb_before_hash=b9f86775a08143c6 rgb_after_hash=b9f86775a08143c6
REFSET-ROI type=merc capture=1 id=8 name=envmap hash=0000000000000000 first_index=21765 texture=330 fbo=63 dims=320x180 bpp=4 viewport=0,0,320,180 changed=0 rgb_changed=0 rgb_maxdiff=0 rgb_units=rgba8_code_value alpha_changed=0 alpha_only=0 rgb_bbox=-1,-1,-1,-1 rgb_before_hash=b9f86775a08143c6 rgb_after_hash=b9f86775a08143c6
REFSET-ROI type=bucket capture=1 id=55 name=[55] common-pris-merc hash=0000000000000000 first_index=0 texture=-1 fbo=63 dims=320x180 bpp=4 viewport=0,0,320,180 changed=0 rgb_changed=0 rgb_maxdiff=0 rgb_units=rgba8_code_value alpha_changed=0 alpha_only=0 rgb_bbox=-1,-1,-1,-1 rgb_before_hash=b9f86775a08143c6 rgb_after_hash=b9f86775a08143c6
REFSET-ROI type=bucket capture=1 id=56 name=[56] common-pris-generic hash=0000000000000000 first_index=0 texture=-1 fbo=63 dims=320x180 bpp=4 viewport=0,0,320,180 changed=0 rgb_changed=0 rgb_maxdiff=0 rgb_units=rgba8_code_value alpha_changed=0 alpha_only=0 rgb_bbox=-1,-1,-1,-1 rgb_before_hash=b9f86775a08143c6 rgb_after_hash=b9f86775a08143c6
REFSET-ROI type=bucket capture=1 id=57 name=[57] l0-water-tex hash=0000000000000000 first_index=0 texture=-1 fbo=63 dims=320x180 bpp=4 viewport=0,0,320,180 changed=0 rgb_changed=0 rgb_maxdiff=0 rgb_units=rgba8_code_value alpha_changed=0 alpha_only=0 rgb_bbox=-1,-1,-1,-1 rgb_before_hash=b9f86775a08143c6 rgb_after_hash=b9f86775a08143c6
REFSET-ROI type=bucket capture=1 id=58 name=[58] l0-water-merc hash=0000000000000000 first_index=0 texture=-1 fbo=63 dims=320x180 bpp=4 viewport=0,0,320,180 changed=0 rgb_changed=0 rgb_maxdiff=0 rgb_units=rgba8_code_value alpha_changed=0 alpha_only=0 rgb_bbox=-1,-1,-1,-1 rgb_before_hash=b9f86775a08143c6 rgb_after_hash=b9f86775a08143c6
REFSET-ROI type=bucket capture=1 id=59 name=[59] l0-water-generic hash=0000000000000000 first_index=0 texture=-1 fbo=63 dims=320x180 bpp=4 viewport=0,0,320,180 changed=0 rgb_changed=0 rgb_maxdiff=0 rgb_units=rgba8_code_value alpha_changed=0 alpha_only=0 rgb_bbox=-1,-1,-1,-1 rgb_before_hash=b9f86775a08143c6 rgb_after_hash=b9f86775a08143c6
REFSET-ROI type=bucket capture=1 id=60 name=[60] l1-water-tex hash=0000000000000000 first_index=0 texture=-1 fbo=63 dims=320x180 bpp=4 viewport=0,0,320,180 changed=0 rgb_changed=0 rgb_maxdiff=0 rgb_units=rgba8_code_value alpha_changed=0 alpha_only=0 rgb_bbox=-1,-1,-1,-1 rgb_before_hash=b9f86775a08143c6 rgb_after_hash=b9f86775a08143c6
REFSET-ROI type=bucket capture=1 id=61 name=[61] l1-water-merc hash=0000000000000000 first_index=0 texture=-1 fbo=63 dims=320x180 bpp=4 viewport=0,0,320,180 changed=0 rgb_changed=0 rgb_maxdiff=0 rgb_units=rgba8_code_value alpha_changed=0 alpha_only=0 rgb_bbox=-1,-1,-1,-1 rgb_before_hash=b9f86775a08143c6 rgb_after_hash=b9f86775a08143c6
REFSET-ROI type=bucket capture=1 id=62 name=[62] l1-water-generic hash=0000000000000000 first_index=0 texture=-1 fbo=63 dims=320x180 bpp=4 viewport=0,0,320,180 changed=0 rgb_changed=0 rgb_maxdiff=0 rgb_units=rgba8_code_value alpha_changed=0 alpha_only=0 rgb_bbox=-1,-1,-1,-1 rgb_before_hash=b9f86775a08143c6 rgb_after_hash=b9f86775a08143c6
REFSET-ROI type=bucket capture=1 id=63 name=[63] ocean-near hash=0000000000000000 first_index=0 texture=-1 fbo=63 dims=320x180 bpp=4 viewport=0,0,320,180 changed=0 rgb_changed=0 rgb_maxdiff=0 rgb_units=rgba8_code_value alpha_changed=0 alpha_only=0 rgb_bbox=-1,-1,-1,-1 rgb_before_hash=b9f86775a08143c6 rgb_after_hash=b9f86775a08143c6
REFSET-ROI type=bucket capture=1 id=64 name=[64] depth-cue hash=0000000000000000 first_index=0 texture=-1 fbo=63 dims=320x180 bpp=4 viewport=0,0,320,180 changed=0 rgb_changed=0 rgb_maxdiff=0 rgb_units=rgba8_code_value alpha_changed=0 alpha_only=0 rgb_bbox=-1,-1,-1,-1 rgb_before_hash=b9f86775a08143c6 rgb_after_hash=b9f86775a08143c6
REFSET-ROI type=bucket capture=1 id=65 name=[65] common-tex hash=0000000000000000 first_index=0 texture=-1 fbo=63 dims=320x180 bpp=4 viewport=0,0,320,180 changed=0 rgb_changed=0 rgb_maxdiff=0 rgb_units=rgba8_code_value alpha_changed=0 alpha_only=0 rgb_bbox=-1,-1,-1,-1 rgb_before_hash=b9f86775a08143c6 rgb_after_hash=b9f86775a08143c6
REFSET-ROI type=bucket capture=1 id=66 name=[66] sprite hash=0000000000000000 first_index=0 texture=-1 fbo=63 dims=320x180 bpp=4 viewport=0,0,320,180 changed=0 rgb_changed=0 rgb_maxdiff=0 rgb_units=rgba8_code_value alpha_changed=0 alpha_only=0 rgb_bbox=-1,-1,-1,-1 rgb_before_hash=b9f86775a08143c6 rgb_after_hash=b9f86775a08143c6
REFSET-ROI type=bucket capture=1 id=67 name=[67] debug hash=0000000000000000 first_index=0 texture=-1 fbo=63 dims=320x180 bpp=4 viewport=0,0,320,180 changed=348 rgb_changed=166 rgb_maxdiff=199 rgb_units=rgba8_code_value alpha_changed=317 alpha_only=182 rgb_bbox=77,129,105,140 rgb_before_hash=b9f86775a08143c6 rgb_after_hash=36fc2380695de1ba
REFSET-ROI type=bucket capture=1 id=68 name=[68] debug-no-zbuf hash=0000000000000000 first_index=0 texture=-1 fbo=63 dims=320x180 bpp=4 viewport=0,0,320,180 changed=0 rgb_changed=0 rgb_maxdiff=0 rgb_units=rgba8_code_value alpha_changed=0 alpha_only=0 rgb_bbox=-1,-1,-1,-1 rgb_before_hash=36fc2380695de1ba rgb_after_hash=36fc2380695de1ba
REFSET-ROI type=bucket capture=1 id=69 name=[69] subtitle hash=0000000000000000 first_index=0 texture=-1 fbo=63 dims=320x180 bpp=4 viewport=0,0,320,180 changed=0 rgb_changed=0 rgb_maxdiff=0 rgb_units=rgba8_code_value alpha_changed=0 alpha_only=0 rgb_bbox=-1,-1,-1,-1 rgb_before_hash=36fc2380695de1ba rgb_after_hash=36fc2380695de1ba
REFSET sample case=origine/h00 layer=historical chain_lf=2282 anchor_lf=2102
REFSET done steps=1 captured=1 compared=0 maxdiff=0 diffpx=0 missing=0 slip=0..0 rewarps=2 settle=180
