[0/2] Re-checking globbed directories...
[1/2] Re-running CMake...
-- Statically Link? OFF
-- GOALC backend: arm64 (scaffold)
-- GCC detected - Setting Defaults
-- curl version=[8.3.0-DEV]
-- Picky compiler options: -W -Wall -pedantic -Wbad-function-cast -Wconversion -Winline -Wmissing-declarations -Wmissing-prototypes -Wnested-externs -Wno-long-long -Wno-multichar -Wpointer-arith -Wshadow -Wsign-compare -Wundef -Wunused -Wwrite-strings -Wcast-align -Wdeclaration-after-statement -Wempty-body -Wendif-labels -Wfloat-equal -Wignored-qualifiers -Wno-format-nonliteral -Wno-sign-conversion -Wno-system-headers -Wstrict-prototypes -Wtype-limits -Wvla -Wmissing-parameter-type -Wold-style-declaration -Wstrict-aliasing=3 -Wformat=2 -Warray-bounds=2 -ftree-vrp -Wduplicated-cond -Wnull-dereference -fdelete-null-pointer-checks -Wshift-negative-value -Wshift-overflow=2 -Walloc-zero -Wduplicated-branches -Wformat-overflow=2 -Wformat-truncation=1 -Wrestrict -Warith-conversion -Wdouble-promotion -Wenum-conversion -Wunused-const-variable
-- Enabled features: SSL IPv6 unixsockets AsynchDNS Largefile alt-svc HSTS NTLM HTTPS-proxy threadsafe PSL
-- Enabled protocols: DICT FILE FTP FTPS GOPHER GOPHERS HTTP HTTPS IMAP IMAPS MQTT POP3 POP3S RTSP SMB SMBS SMTP SMTPS TELNET TFTP
-- Enabled SSL backends: OpenSSL
CMake Deprecation Warning at third-party/replxx/CMakeLists.txt:1 (cmake_minimum_required):
  Compatibility with CMake < 3.10 will be removed from a future version of
  CMake.

  Update the VERSION argument <min> value.  Or, use the <min>...<max> syntax
  to tell CMake that the project requires at least <min> but has been updated
  to work with policies introduced by <max> or earlier.


-- {fmt} version: 11.1.4
-- Build type: Release
-- write_revision_h(): /home/emeric/code/jak-project
-- Git found, using it to get revision info
-- Dynamically Linking SDL
-- dynamic libX11 -> libX11.so.6
-- dynamic libXext -> libXext.so.6
-- dynamic libXcursor -> libXcursor.so.1
-- dynamic libXi -> libXi.so.6
-- dynamic libXfixes -> libXfixes.so.3
-- dynamic libXrandr -> libXrandr.so.2
-- dynamic libXrender -> libXrender.so.1
-- dynamic libXtst -> libXtst.so.6
-- Checking for module 'fribidi'
--   Found fribidi, version 1.0.16
-- dynamic libfribidi -> libfribidi.so.0
-- Checking for module 'libthai'
--   Found libthai, version 0.1.29
-- dynamic libthai -> libthai.so.0
-- Checking for module 'libdrm'
--   Found libdrm, version 2.4.133
-- Checking for module 'gbm'
--   Package 'gbm' not found
-- Checking for modules 'wayland-client>=1.18;wayland-egl;wayland-cursor;egl;xkbcommon>=0.5.0'
--   Found wayland-client, version 1.24.0
--   Found wayland-egl, version 18.1.0
--   Found wayland-cursor, version 1.24.0
--   Found egl, version 1.5
--   Found xkbcommon, version 1.11.0
-- dynamic libwayland-client -> libwayland-client.so.0
-- dynamic libwayland-egl -> libwayland-egl.so.1
-- dynamic libwayland-cursor -> libwayland-cursor.so.0
-- dynamic libxkbcommon -> libxkbcommon.so.0
-- Checking for module 'libdecor-0'
--   Package 'libdecor-0' not found
-- dynamic libudev -> libudev.so.1
-- Checking for one of the modules 'ibus-1.0;ibus'
-- Checking for one of the modules 'liburing-ffi'
-- Checking for modules 'libunwind;libunwind-generic'
--   Package 'libunwind' not found
--   Package 'libunwind-generic' not found
-- Checking for module 'libusb-1.0>=1.0.16'
--   Package 'libusb-1.0' not found
-- Could NOT find LibUSB (missing: LibUSB_LIBRARY LibUSB_INCLUDE_PATH) (found version "LibUSB_VERSION-NOTFOUND")
-- 
-- SDL3 was configured with the following options:
-- 
-- Platform: Linux-6.19.8-200.fc43.x86_64
-- 64-bit:   TRUE
-- Compiler: /usr/bin/cc
-- Revision: SDL-3.4.4-jak-project
-- Vendor:   
-- 
-- Subsystems:
--   Audio:    OFF
--   Video:    ON
--   GPU:      ON
--   Render:   OFF
--   Camera:   OFF
--   Joystick: ON
--   Haptic:   ON
--   Hidapi:   ON
--   Power:    OFF
--   Sensor:   OFF
--   Dialog:   ON
--   Tray:     ON
-- 
-- Options:
--   SDL_ALSA                    (Wanted: OFF): OFF
--   SDL_ALSA_SHARED             (Wanted: OFF): OFF
--   SDL_ALTIVEC                 (Wanted: OFF): OFF
--   SDL_ARMNEON                 (Wanted: OFF): OFF
--   SDL_ASAN                    (Wanted: OFF): OFF
--   SDL_ASSEMBLY                (Wanted: ON): ON
--   SDL_ASSERTIONS              (Wanted: auto): auto
--   SDL_AVX                     (Wanted: ON): ON
--   SDL_AVX2                    (Wanted: ON): ON
--   SDL_AVX512F                 (Wanted: ON): ON
--   SDL_BACKGROUNDING_SIGNAL    (Wanted: OFF): OFF
--   SDL_CCACHE                  (Wanted: OFF): OFF
--   SDL_CLANG_TIDY              (Wanted: OFF): OFF
--   SDL_CLOCK_GETTIME           (Wanted: ON): ON
--   SDL_COCOA                   (Wanted: OFF): OFF
--   SDL_DBUS                    (Wanted: ON): ON
--   SDL_DEPS_SHARED             (Wanted: ON): OFF
--   SDL_DIRECTX                 (Wanted: OFF): OFF
--   SDL_DISKAUDIO               (Wanted: OFF): OFF
--   SDL_DLOPEN_NOTES            (Wanted: ON): ON
--   SDL_DUMMYAUDIO              (Wanted: OFF): OFF
--   SDL_DUMMYCAMERA             (Wanted: OFF): OFF
--   SDL_DUMMYVIDEO              (Wanted: ON): ON
--   SDL_EXAMPLES                (Wanted: OFF): OFF
--   SDL_EXAMPLES_LINK_SHARED    (Wanted: ON): OFF
--   SDL_FOREGROUNDING_SIGNAL    (Wanted: OFF): OFF
--   SDL_FRIBIDI                 (Wanted: ON): ON
--   SDL_FRIBIDI_SHARED          (Wanted: ON): ON
--   SDL_GCC_ATOMICS             (Wanted: ON): ON
--   SDL_HIDAPI                  (Wanted: ON): ON
--   SDL_HIDAPI_JOYSTICK         (Wanted: ON): ON
--   SDL_HIDAPI_LIBUSB           (Wanted: ON): OFF
--   SDL_HIDAPI_LIBUSB_SHARED    (Wanted: ON): OFF
--   SDL_IBUS                    (Wanted: ON): OFF
--   SDL_INSTALL                 (Wanted: OFF): OFF
--   SDL_INSTALL_TESTS           (Wanted: OFF): OFF
--   SDL_JACK                    (Wanted: OFF): OFF
--   SDL_JACK_SHARED             (Wanted: OFF): OFF
--   SDL_KMSDRM                  (Wanted: ON): OFF
--   SDL_KMSDRM_SHARED           (Wanted: ON): OFF
--   SDL_LASX                    (Wanted: OFF): OFF
--   SDL_LIBC                    (Wanted: ON): ON
--   SDL_LIBICONV                (Wanted: OFF): OFF
--   SDL_LIBTHAI                 (Wanted: ON): ON
--   SDL_LIBTHAI_SHARED          (Wanted: ON): ON
--   SDL_LIBUDEV                 (Wanted: ON): ON
--   SDL_LIBURING                (Wanted: ON): OFF
--   SDL_LSX                     (Wanted: OFF): OFF
--   SDL_METAL                   (Wanted: OFF): OFF
--   SDL_MMX                     (Wanted: ON): ON
--   SDL_OFFSCREEN               (Wanted: ON): ON
--   SDL_OPENGL                  (Wanted: ON): ON
--   SDL_OPENGLES                (Wanted: ON): ON
--   SDL_OPENVR                  (Wanted: OFF): OFF
--   SDL_OSS                     (Wanted: OFF): OFF
--   SDL_PIPEWIRE                (Wanted: ON): OFF
--   SDL_PIPEWIRE_SHARED         (Wanted: ON): OFF
--   SDL_PTHREADS                (Wanted: ON): ON
--   SDL_PTHREADS_SEM            (Wanted: ON): ON
--   SDL_PULSEAUDIO              (Wanted: OFF): OFF
--   SDL_PULSEAUDIO_SHARED       (Wanted: OFF): OFF
--   SDL_RENDER_D3D              (Wanted: OFF): OFF
--   SDL_RENDER_D3D11            (Wanted: OFF): OFF
--   SDL_RENDER_D3D12            (Wanted: OFF): OFF
--   SDL_RENDER_GPU              (Wanted: OFF): OFF
--   SDL_RENDER_METAL            (Wanted: OFF): OFF
--   SDL_RENDER_VULKAN           (Wanted: OFF): OFF
--   SDL_ROCKCHIP                (Wanted: OFF): OFF
--   SDL_RPATH                   (Wanted: ON): ON
--   SDL_RPI                     (Wanted: OFF): OFF
--   SDL_SNDIO                   (Wanted: OFF): OFF
--   SDL_SNDIO_SHARED            (Wanted: OFF): OFF
--   SDL_SSE                     (Wanted: ON): ON
--   SDL_SSE2                    (Wanted: ON): ON
--   SDL_SSE3                    (Wanted: ON): ON
--   SDL_SSE4_1                  (Wanted: ON): ON
--   SDL_SSE4_2                  (Wanted: ON): ON
--   SDL_SYSTEM_ICONV            (Wanted: ON): ON
--   SDL_TESTS                   (Wanted: OFF): OFF
--   SDL_TESTS_LINK_SHARED       (Wanted: ON): OFF
--   SDL_UNINSTALL               (Wanted: OFF): OFF
--   SDL_VIRTUAL_JOYSTICK        (Wanted: ON): ON
--   SDL_VIVANTE                 (Wanted: OFF): OFF
--   SDL_VULKAN                  (Wanted: ON): ON
--   SDL_WASAPI                  (Wanted: OFF): OFF
--   SDL_WAYLAND                 (Wanted: ON): ON
--   SDL_WAYLAND_LIBDECOR        (Wanted: ON): OFF
--   SDL_WAYLAND_LIBDECOR_SHARED (Wanted: ON): OFF
--   SDL_WAYLAND_SHARED          (Wanted: ON): ON
--   SDL_X11                     (Wanted: ON): ON
--   SDL_X11_SHARED              (Wanted: ON): ON
--   SDL_X11_XCURSOR             (Wanted: ON): ON
--   SDL_X11_XDBE                (Wanted: ON): ON
--   SDL_X11_XFIXES              (Wanted: ON): ON
--   SDL_X11_XINPUT              (Wanted: ON): ON
--   SDL_X11_XRANDR              (Wanted: ON): ON
--   SDL_X11_XSCRNSAVER          (Wanted: OFF): OFF
--   SDL_X11_XSHAPE              (Wanted: ON): ON
--   SDL_X11_XSYNC               (Wanted: ON): ON
--   SDL_X11_XTEST               (Wanted: OFF): OFF
--   SDL_XINPUT                  (Wanted: OFF): OFF
-- 
--  Build Shared Library: ON
--  Build Static Library: OFF
-- 
-- Enabled backends:
--   Video drivers: dummy offscreen wayland(dynamic) x11(dynamic)
--   X11 libraries: xcursor xdbe xfixes xinput2 xrandr xshape xsync
--   Render drivers: ogl ogl_es2
--   GPU drivers: vulkan
--   Audio drivers: dummy
--   Joystick drivers: hidapi linux virtual
--   Camera drivers: dummy
-- 
-- If something was not detected, although the libraries
-- were installed, then make sure you have set the
-- CMAKE_C_FLAGS and CMAKE_PREFIX_PATH CMake variables correctly.
-- 
-- Non-ARM64 architecture detected
CMake Deprecation Warning at third-party/googletest/CMakeLists.txt:4 (cmake_minimum_required):
  Compatibility with CMake < 3.10 will be removed from a future version of
  CMake.

  Update the VERSION argument <min> value.  Or, use the <min>...<max> syntax
  to tell CMake that the project requires at least <min> but has been updated
  to work with policies introduced by <max> or earlier.


CMake Deprecation Warning at third-party/googletest/googlemock/CMakeLists.txt:39 (cmake_minimum_required):
  Compatibility with CMake < 3.10 will be removed from a future version of
  CMake.

  Update the VERSION argument <min> value.  Or, use the <min>...<max> syntax
  to tell CMake that the project requires at least <min> but has been updated
  to work with policies introduced by <max> or earlier.


CMake Deprecation Warning at third-party/googletest/googletest/CMakeLists.txt:49 (cmake_minimum_required):
  Compatibility with CMake < 3.10 will be removed from a future version of
  CMake.

  Update the VERSION argument <min> value.  Or, use the <min>...<max> syntax
  to tell CMake that the project requires at least <min> but has been updated
  to work with policies introduced by <max> or earlier.


CMake Warning (dev) at third-party/draco/CMakeLists.txt:40 (include):
  Policy CMP0148 is not set: The FindPythonInterp and FindPythonLibs modules
  are removed.  Run "cmake --help-policy CMP0148" for policy details.  Use
  the cmake_policy command to set the policy and suppress this warning.

This warning is for project developers.  Use -Wno-dev to suppress it.

--- Running combined CXX flags test, flags: -Wno-deprecated-declarations
--- Passed combined CXX flags test
CMake Deprecation Warning at third-party/discord-rpc/CMakeLists.txt:1 (cmake_minimum_required):
  Compatibility with CMake < 3.10 will be removed from a future version of
  CMake.

  Update the VERSION argument <min> value.  Or, use the <min>...<max> syntax
  to tell CMake that the project requires at least <min> but has been updated
  to work with policies introduced by <max> or earlier.


-- dynamically linking zydis
Enabling CAPSTONE_ARM64_SUPPORT
-- Configuring done (1.9s)
-- Generating done (0.5s)
-- Build files have been written to: /home/emeric/code/jak-project/build-arm64
[0/4] Re-checking globbed directories...
[1/195] Building CXX object common/CMakeFiles/common.dir/cross_os_debug/xdbg.cpp.o
[2/195] Building CXX object common/CMakeFiles/common.dir/custom_data/pack_helpers.cpp.o
[3/195] Building CXX object common/CMakeFiles/common.dir/audio/audio_formats.cpp.o
[4/195] Building CXX object common/CMakeFiles/common.dir/custom_data/TangentDerive.cpp.o
[5/195] Building CXX object common/CMakeFiles/common.dir/dma/dma_copy.cpp.o
[6/195] Building CXX object common/CMakeFiles/common.dir/dma/dma.cpp.o
[7/195] Building CXX object common/CMakeFiles/common.dir/dma/gs.cpp.o
[8/195] Building CXX object common/CMakeFiles/common.dir/assets/AssetManager.cpp.o
[9/195] Building CXX object common/CMakeFiles/common.dir/formatter/formatter.cpp.o
/home/emeric/code/jak-project/common/formatter/formatter.cpp: In function ‘int get_total_form_inlined_width(const FormatterTreeNode&)’:
/home/emeric/code/jak-project/common/formatter/formatter.cpp:41:21: warning: comparison of integer expressions of different signedness: ‘int’ and ‘std::vector<FormatterTreeNode>::size_type’ {aka ‘long unsigned int’} [-Wsign-compare]
   41 |   for (int i = 0; i < curr_node.refs.size(); i++) {
      |                   ~~^~~~~~~~~~~~~~~~~~~~~~~
/home/emeric/code/jak-project/common/formatter/formatter.cpp:43:11: warning: comparison of integer expressions of different signedness: ‘int’ and ‘std::vector<FormatterTreeNode>::size_type’ {aka ‘long unsigned int’} [-Wsign-compare]
   43 |     if (i != curr_node.refs.size() - 1) {
      |         ~~^~~~~~~~~~~~~~~~~~~~~~~~~~~~
/home/emeric/code/jak-project/common/formatter/formatter.cpp: In function ‘std::vector<std::__cxx11::basic_string<char> > apply_formatting(const FormatterTreeNode&, std::vector<std::__cxx11::basic_string<char> >, int)’:
/home/emeric/code/jak-project/common/formatter/formatter.cpp:321:16: warning: declaration of ‘i’ shadows a previous local [-Wshadow]
  321 |       for (int i = 0; i < (int)lines.size(); i++) {
      |                ^
/home/emeric/code/jak-project/common/formatter/formatter.cpp:297:12: note: shadowed declaration is here
  297 |   for (int i = 0; i < (int)curr_node.refs.size(); i++) {
      |            ^
[10/195] Building CXX object common/CMakeFiles/common.dir/global_profiler/GlobalProfiler.cpp.o
[11/195] Building CXX object common/CMakeFiles/common.dir/custom_data/MeshConsolidate.cpp.o
/home/emeric/code/jak-project/common/custom_data/MeshConsolidate.cpp: In lambda function:
/home/emeric/code/jak-project/common/custom_data/MeshConsolidate.cpp:925:59: warning: declaration of ‘std::array<unsigned int, 3>* out’ shadows a parameter [-Wshadow]
  925 |   auto face_group_triple = [&](u32 f, std::array<u32, 3>* out) {
      |                                       ~~~~~~~~~~~~~~~~~~~~^~~
/home/emeric/code/jak-project/common/custom_data/MeshConsolidate.cpp:586:40: note: shadowed declaration is here
  586 |                       MeshAuditReport* out,
      |                       ~~~~~~~~~~~~~~~~~^~~
/home/emeric/code/jak-project/common/custom_data/MeshConsolidate.cpp: In function ‘void tfrag3::mesh_consolidate(Level&, const MeshConsolidateConfig&, MeshAuditReport*, MeshBakeData*, bool)’:
/home/emeric/code/jak-project/common/custom_data/MeshConsolidate.cpp:645:8: warning: variable ‘tangent_ptr’ set but not used [-Wunused-but-set-variable]
  645 |   auto tangent_ptr = [&](size_t i) -> math::Vector4f* {
      |        ^~~~~~~~~~~
/home/emeric/code/jak-project/common/custom_data/MeshConsolidate.cpp: In function ‘bool tfrag3::mesh_consolidate_bake_write(const std::string&, const MeshBakeData&, const std::string&)’:
/home/emeric/code/jak-project/common/custom_data/MeshConsolidate.cpp:4206:40: warning: cast from type ‘const unsigned char*’ to type ‘void*’ casts away qualifiers [-Wcast-qual]
 4206 |     file_util::write_binary_file(path, (void*)blob.data(), blob.size());
      |                                        ^~~~~~~~~~~~~~~~~~
[12/195] Building CXX object common/CMakeFiles/common.dir/custom_data/TFrag3Data.cpp.o
[13/195] Building CXX object common/CMakeFiles/common.dir/goos/Object.cpp.o
In file included from /home/emeric/code/jak-project/common/goos/Object.cpp:41:
In member function ‘goos::Object& goos::Object::operator=(goos::Object&&)’,
    inlined from ‘goos::Object goos::build_list(std::vector<Object>&&)’ at /home/emeric/code/jak-project/common/goos/Object.cpp:272:31:
/home/emeric/code/jak-project/common/goos/Object.h:224:7: warning: ‘next.goos::Object::<anonymous>’ may be used uninitialized [-Wmaybe-uninitialized]
  224 | class Object {
      |       ^~~~~~
/home/emeric/code/jak-project/common/goos/Object.cpp: In function ‘goos::Object goos::build_list(std::vector<Object>&&)’:
/home/emeric/code/jak-project/common/goos/Object.cpp:266:12: note: ‘next’ declared here
  266 |     Object next;
      |            ^~~~
In constructor ‘goos::Object::Object(goos::Object&&)’,
    inlined from ‘goos::Object goos::build_list(std::vector<Object>&&)’ at /home/emeric/code/jak-project/common/goos/Object.cpp:280:10:
/home/emeric/code/jak-project/common/goos/Object.h:224:7: warning: ‘result.goos::Object::<anonymous>’ may be used uninitialized [-Wmaybe-uninitialized]
  224 | class Object {
      |       ^~~~~~
/home/emeric/code/jak-project/common/goos/Object.cpp: In function ‘goos::Object goos::build_list(std::vector<Object>&&)’:
/home/emeric/code/jak-project/common/goos/Object.cpp:277:10: note: ‘result’ declared here
  277 |   Object result;
      |          ^~~~~~
In member function ‘goos::Object& goos::Object::operator=(goos::Object&&)’,
    inlined from ‘goos::Object goos::build_list(const std::vector<Object>&)’ at /home/emeric/code/jak-project/common/goos/Object.cpp:243:31:
/home/emeric/code/jak-project/common/goos/Object.h:224:7: warning: ‘next.goos::Object::<anonymous>’ may be used uninitialized [-Wmaybe-uninitialized]
  224 | class Object {
      |       ^~~~~~
/home/emeric/code/jak-project/common/goos/Object.cpp: In function ‘goos::Object goos::build_list(const std::vector<Object>&)’:
/home/emeric/code/jak-project/common/goos/Object.cpp:237:12: note: ‘next’ declared here
  237 |     Object next;
      |            ^~~~
In constructor ‘goos::Object::Object(goos::Object&&)’,
    inlined from ‘goos::Object goos::build_list(const std::vector<Object>&)’ at /home/emeric/code/jak-project/common/goos/Object.cpp:251:10:
/home/emeric/code/jak-project/common/goos/Object.h:224:7: warning: ‘result.goos::Object::<anonymous>’ may be used uninitialized [-Wmaybe-uninitialized]
  224 | class Object {
      |       ^~~~~~
/home/emeric/code/jak-project/common/goos/Object.cpp: In function ‘goos::Object goos::build_list(const std::vector<Object>&)’:
/home/emeric/code/jak-project/common/goos/Object.cpp:248:10: note: ‘result’ declared here
  248 |   Object result;
      |          ^~~~~~
[14/195] Building CXX object common/CMakeFiles/common.dir/goos/PrettyPrinter.cpp.o
[15/195] Building CXX object common/CMakeFiles/common.dir/goos/Interpreter.cpp.o
/home/emeric/code/jak-project/common/goos/Interpreter.cpp: In member function ‘void goos::Interpreter::init_builtin_forms(const std::unordered_map<std::__cxx11::basic_string<char>, goos::Object (goos::Interpreter::*)(const goos::Object&, goos::Arguments&, const std::shared_ptr<goos::EnvironmentObject>&)>&)’:
/home/emeric/code/jak-project/common/goos/Interpreter.cpp:132:19: warning: cast from type ‘const char*’ to type ‘void*’ casts away qualifiers [-Wcast-qual]
  132 |     builtin_forms[(void*)intern_ptr(name).name_ptr] = fn;
      |                   ^~~~~~~~~~~~~~~~~~~~~~~~~~~~~~~~
/home/emeric/code/jak-project/common/goos/Interpreter.cpp: In member function ‘void goos::Interpreter::init_special_forms(const std::unordered_map<std::__cxx11::basic_string<char>, goos::Object (goos::Interpreter::*)(const goos::Object&, const goos::Object&, const std::shared_ptr<goos::EnvironmentObject>&)>&)’:
/home/emeric/code/jak-project/common/goos/Interpreter.cpp:143:44: warning: cast from type ‘const char*’ to type ‘void*’ casts away qualifiers [-Wcast-qual]
  143 |     special_forms.push_back(std::make_pair((void*)intern_ptr(name).name_ptr, fn));
      |                                            ^~~~~~~~~~~~~~~~~~~~~~~~~~~~~~~~
/home/emeric/code/jak-project/common/goos/Interpreter.cpp: In member function ‘void goos::Interpreter::register_form(const std::string&, const std::function<goos::Object(const goos::Object&, goos::Arguments&, const std::shared_ptr<goos::EnvironmentObject>&)>&)’:
/home/emeric/code/jak-project/common/goos/Interpreter.cpp:155:43: warning: cast from type ‘const char*’ to type ‘void*’ casts away qualifiers [-Wcast-qual]
  155 |   m_custom_forms.push_back(std::make_pair((void*)intern_ptr(name).name_ptr, form));
      |                                           ^~~~~~~~~~~~~~~~~~~~~~~~~~~~~~~~
/home/emeric/code/jak-project/common/goos/Interpreter.cpp: In member function ‘goos::Object goos::Interpreter::eval_pair(const goos::Object&, const std::shared_ptr<goos::EnvironmentObject>&)’:
/home/emeric/code/jak-project/common/goos/Interpreter.cpp:700:43: warning: cast from type ‘const char* const’ to type ‘void*’ casts away qualifiers [-Wcast-qual]
  700 |     const auto& kv_b = builtin_forms.find((void*)head_sym.name_ptr);
      |                                           ^~~~~~~~~~~~~~~~~~~~~~~~
In file included from /home/emeric/code/jak-project/common/goos/Interpreter.h:11,
                 from /home/emeric/code/jak-project/common/goos/Interpreter.cpp:6:
In member function ‘goos::Object& goos::Object::operator=(goos::Object&&)’,
    inlined from ‘goos::Object goos::build_list_with_spliced_tail(std::vector<Object>&&, const Object&)’ at /home/emeric/code/jak-project/common/goos/Interpreter.cpp:923:31:
/home/emeric/code/jak-project/common/goos/Object.h:224:7: warning: ‘next.goos::Object::<anonymous>’ may be used uninitialized [-Wmaybe-uninitialized]
  224 | class Object {
      |       ^~~~~~
/home/emeric/code/jak-project/common/goos/Interpreter.cpp: In function ‘goos::Object goos::build_list_with_spliced_tail(std::vector<Object>&&, const Object&)’:
/home/emeric/code/jak-project/common/goos/Interpreter.cpp:917:12: note: ‘next’ declared here
  917 |     Object next;
      |            ^~~~
In constructor ‘goos::Object::Object(goos::Object&&)’,
    inlined from ‘goos::Object goos::build_list_with_spliced_tail(std::vector<Object>&&, const Object&)’ at /home/emeric/code/jak-project/common/goos/Interpreter.cpp:931:10:
/home/emeric/code/jak-project/common/goos/Object.h:224:7: warning: ‘result.goos::Object::<anonymous>’ may be used uninitialized [-Wmaybe-uninitialized]
  224 | class Object {
      |       ^~~~~~
/home/emeric/code/jak-project/common/goos/Interpreter.cpp: In function ‘goos::Object goos::build_list_with_spliced_tail(std::vector<Object>&&, const Object&)’:
/home/emeric/code/jak-project/common/goos/Interpreter.cpp:928:10: note: ‘result’ declared here
  928 |   Object result;
      |          ^~~~~~
[16/195] Building CXX object common/CMakeFiles/common.dir/goos/PrettyPrinter2.cpp.o
[17/195] Building CXX object common/CMakeFiles/common.dir/goos/Printer.cpp.o
[18/195] Building CXX object common/CMakeFiles/common.dir/goos/TextDB.cpp.o
[19/195] Building CXX object common/CMakeFiles/common.dir/goos/Reader.cpp.o
[20/195] Building CXX object common/CMakeFiles/common.dir/repl/nrepl/ReplClient.cpp.o
[21/195] Building CXX object common/CMakeFiles/common.dir/repl/nrepl/ReplServer.cpp.o
[22/195] Building CXX object common/CMakeFiles/common.dir/log/log.cpp.o
[23/195] Building CXX object common/CMakeFiles/common.dir/repl/config.cpp.o
[24/195] Building CXX object common/CMakeFiles/common.dir/serialization/subtitles/subtitles.cpp.o
[25/195] Building CXX object common/CMakeFiles/common.dir/serialization/subtitles/subtitles_v1.cpp.o
[26/195] Building CXX object common/CMakeFiles/common.dir/repl/repl_wrapper.cpp.o
/home/emeric/code/jak-project/common/repl/repl_wrapper.cpp: In member function ‘void REPL::Wrapper::init_settings()’:
/home/emeric/code/jak-project/common/repl/repl_wrapper.cpp:221:18: warning: ‘code’ may be used uninitialized [-Wmaybe-uninitialized]
  221 |     repl.bind_key(code, commit_text_action(bind.command));
      |     ~~~~~~~~~~~~~^~~~~~~~~~~~~~~~~~~~~~~~~~~~~~~~~~~~~~~~
/home/emeric/code/jak-project/common/repl/repl_wrapper.cpp:209:14: note: ‘code’ was declared here
  209 |     char32_t code;
      |              ^~~~
[27/195] Building CXX object common/CMakeFiles/common.dir/serialization/text/text_ser.cpp.o
/home/emeric/code/jak-project/common/serialization/text/text_ser.cpp: In lambda function:
/home/emeric/code/jak-project/common/serialization/text/text_ser.cpp:68:60: warning: declaration of ‘const goos::Object& obj’ shadows a parameter [-Wshadow]
   68 |         for_each_in_list(cdr(obj), [&](const goos::Object& obj) {
      |                                        ~~~~~~~~~~~~~~~~~~~~^~~
/home/emeric/code/jak-project/common/serialization/text/text_ser.cpp:52:65: note: shadowed declaration is here
   52 |   for_each_in_list(data.as_pair()->cdr, [&](const goos::Object& obj) {
      |                                             ~~~~~~~~~~~~~~~~~~~~^~~
/home/emeric/code/jak-project/common/serialization/text/text_ser.cpp: In lambda function:
/home/emeric/code/jak-project/common/serialization/text/text_ser.cpp:121:61: warning: declaration of ‘const goos::Object& entry’ shadows a parameter [-Wshadow]
  121 |             for_each_in_list(entry, [&](const goos::Object& entry) {
      |                                         ~~~~~~~~~~~~~~~~~~~~^~~~~
/home/emeric/code/jak-project/common/serialization/text/text_ser.cpp:106:59: note: shadowed declaration is here
  106 |         for_each_in_list(cdr(it), [&](const goos::Object& entry) {
      |                                       ~~~~~~~~~~~~~~~~~~~~^~~~~
/home/emeric/code/jak-project/common/serialization/text/text_ser.cpp: In function ‘void parse_text_json(const nlohmann::json_abi_v3_12_0::json&, GameTextDB&, const GameTextDefinitionFile&)’:
/home/emeric/code/jak-project/common/serialization/text/text_ser.cpp:222:44: warning: declaration of ‘json’ shadows a global declaration [-Wshadow]
  222 | void parse_text_json(const nlohmann::json& json,
      |                      ~~~~~~~~~~~~~~~~~~~~~~^~~~
In file included from /home/emeric/code/jak-project/./common/repl/repl_wrapper.h:8,
                 from /home/emeric/code/jak-project/./common/goos/Reader.h:21,
                 from /home/emeric/code/jak-project/common/serialization/text/text_ser.cpp:4:
/home/emeric/code/jak-project/./common/repl/config.h:12:7: note: shadowed declaration is here
   12 | using json = nlohmann::json;
      |       ^~~~
/home/emeric/code/jak-project/common/serialization/text/text_ser.cpp: In lambda function:
/home/emeric/code/jak-project/common/serialization/text/text_ser.cpp:346:82: warning: declaration of ‘const goos::Object& o’ shadows a parameter [-Wshadow]
  346 |         goos::for_each_in_list(args->cdr.as_pair()->car, [&](const goos::Object& o) {
      |                                                              ~~~~~~~~~~~~~~~~~~~~^
/home/emeric/code/jak-project/common/serialization/text/text_ser.cpp:326:71: note: shadowed declaration is here
  326 |   goos::for_each_in_list(proj.as_pair()->cdr, [&](const goos::Object& o) {
      |                                                   ~~~~~~~~~~~~~~~~~~~~^
[28/195] Building CXX object common/CMakeFiles/common.dir/serialization/subtitles/subtitles_v2.cpp.o
[29/195] Building CXX object common/CMakeFiles/common.dir/type_system/defenum.cpp.o
[30/195] Building CXX object common/CMakeFiles/common.dir/type_system/state.cpp.o
[31/195] Building CXX object common/CMakeFiles/common.dir/type_system/deftype.cpp.o
[32/195] Building CXX object common/CMakeFiles/common.dir/type_system/Type.cpp.o
[33/195] Building CXX object common/CMakeFiles/common.dir/util/dgo_util.cpp.o
[34/195] Building CXX object common/CMakeFiles/common.dir/type_system/TypeFieldLookup.cpp.o
[35/195] Building CXX object common/CMakeFiles/common.dir/util/AssetsLock.cpp.o
[36/195] Building CXX object common/CMakeFiles/common.dir/util/DgoWriter.cpp.o
[37/195] Building CXX object common/CMakeFiles/common.dir/util/DgoReader.cpp.o
[38/195] Building CXX object common/CMakeFiles/common.dir/type_system/TypeSystem.cpp.o
[39/195] Building CXX object common/CMakeFiles/common.dir/util/font/dbs/font_db_jak1.cpp.o
[40/195] Building CXX object common/CMakeFiles/common.dir/util/FileUtil.cpp.o
[41/195] Building CXX object common/CMakeFiles/common.dir/util/FrameLimiter.cpp.o
[42/195] Building CXX object common/CMakeFiles/common.dir/util/print_float.cpp.o
[43/195] Building CXX object common/CMakeFiles/common.dir/util/read_iso_file.cpp.o
[44/195] Building CXX object common/CMakeFiles/common.dir/util/font/font_utils.cpp.o
/home/emeric/code/jak-project/common/util/font/font_utils.cpp: In member function ‘std::string GameTextFontBank::replace_to_game(const std::string&) const’:
/home/emeric/code/jak-project/common/util/font/font_utils.cpp:115:21: warning: comparison of integer expressions of different signedness: ‘int’ and ‘std::__cxx11::basic_string<char>::size_type’ {aka ‘long unsigned int’} [-Wsign-compare]
  115 |   for (int i = 0; i < str.length();) {
      |                   ~~^~~~~~~~~~~~~~
/home/emeric/code/jak-project/common/util/font/font_utils.cpp: In member function ‘std::string GameTextFontBank::encode_utf8_to_game(const std::string&) const’:
/home/emeric/code/jak-project/common/util/font/font_utils.cpp:135:21: warning: comparison of integer expressions of different signedness: ‘int’ and ‘std::__cxx11::basic_string<char>::size_type’ {aka ‘long unsigned int’} [-Wsign-compare]
  135 |   for (int i = 0; i < str.length();) {
      |                   ~~^~~~~~~~~~~~~~
[45/195] Building CXX object common/CMakeFiles/common.dir/util/font/dbs/font_db_jak3.cpp.o
[46/195] Building CXX object common/CMakeFiles/common.dir/util/unicode_util.cpp.o
[47/195] Building CXX object common/CMakeFiles/common.dir/versions/versions.cpp.o
[48/195] Building CXX object common/CMakeFiles/common.dir/util/font/dbs/font_db_jak2.cpp.o
/home/emeric/code/jak-project/common/util/font/dbs/font_db_jak2.cpp: In function ‘void __static_initialization_and_destruction_0()’:
/home/emeric/code/jak-project/common/util/font/dbs/font_db_jak2.cpp:904:51: warning: ext-dce disabled: 11094 basic blocks and 24060 registers; increase ‘--param max-gcse-memory’ above 260665 [-Wdisabled-optimization]
  904 |                                   &passthrus_jak2);
      |                                                   ^
[49/195] Building CXX object common/CMakeFiles/common.dir/util/gltf_util.cpp.o
[50/195] Linking CXX shared library common/libcommon.so
[51/195] Building CXX object decompiler/CMakeFiles/decomp.dir/analysis/atomic_op_builder.cpp.o
In file included from /home/emeric/code/jak-project/decompiler/analysis/atomic_op_builder.cpp:6:
/home/emeric/code/jak-project/./common/symbols.h: In function ‘constexpr int true_symbol_offset(GameVersion)’:
/home/emeric/code/jak-project/./common/symbols.h:514:1: warning: control reaches end of non-void function [-Wreturn-type]
  514 | }
      | ^
/home/emeric/code/jak-project/./common/symbols.h: In function ‘constexpr int empty_pair_offset_from_s7(GameVersion)’:
/home/emeric/code/jak-project/./common/symbols.h:526:1: warning: control reaches end of non-void function [-Wreturn-type]
  526 | }
      | ^
[52/195] Building CXX object decompiler/CMakeFiles/decomp.dir/analysis/expression_build.cpp.o
[53/195] Building CXX object decompiler/CMakeFiles/decomp.dir/analysis/cfg_builder.cpp.o
[54/195] Building CXX object decompiler/CMakeFiles/decomp.dir/analysis/analyze_inspect_method.cpp.o
[55/195] Building CXX object decompiler/CMakeFiles/decomp.dir/analysis/final_output.cpp.o
/home/emeric/code/jak-project/decompiler/analysis/final_output.cpp: In function ‘void decompiler::{anonymous}::append_body_to_function_definition(goos::Object*, const std::vector<goos::Object>&, const decompiler::FunctionVariableDefinitions&, const TypeSpec&, GameVersion)’:
/home/emeric/code/jak-project/decompiler/analysis/final_output.cpp:48:53: warning: unused parameter ‘version’ [-Wunused-parameter]
   48 |                                         GameVersion version) {
      |                                         ~~~~~~~~~~~~^~~~~~~
[56/195] Building CXX object decompiler/CMakeFiles/decomp.dir/analysis/find_defpartgroup.cpp.o
/home/emeric/code/jak-project/decompiler/analysis/find_defpartgroup.cpp: In function ‘void decompiler::{anonymous}::read_static_group_data(decompiler::DecompiledDataElement*, const decompiler::Env&, decompiler::DefpartgroupElement::StaticInfo&)’:
/home/emeric/code/jak-project/decompiler/analysis/find_defpartgroup.cpp:106:18: warning: dereferencing type-punned pointer will break strict-aliasing rules [-Wstrict-aliasing]
  106 |     item.fade = *reinterpret_cast<float*>(&array_words.at(item_idx + 1).data);
      |                  ^~~~~~~~~~~~~~~~~~~~~~~~~~~~~~~~~~~~~~~~~~~~~~~~~~~~~~~~~~~~
/home/emeric/code/jak-project/decompiler/analysis/find_defpartgroup.cpp:107:21: warning: dereferencing type-punned pointer will break strict-aliasing rules [-Wstrict-aliasing]
  107 |     item.falloff = *reinterpret_cast<float*>(&array_words.at(item_idx + 2).data);
      |                     ^~~~~~~~~~~~~~~~~~~~~~~~~~~~~~~~~~~~~~~~~~~~~~~~~~~~~~~~~~~~
/home/emeric/code/jak-project/decompiler/analysis/find_defpartgroup.cpp:123:23: warning: dereferencing type-punned pointer will break strict-aliasing rules [-Wstrict-aliasing]
  123 |       group.rot[i] = *reinterpret_cast<float*>(&word.data);
      |                       ^~~~~~~~~~~~~~~~~~~~~~~~~~~~~~~~~~~~
/home/emeric/code/jak-project/decompiler/analysis/find_defpartgroup.cpp:131:25: warning: dereferencing type-punned pointer will break strict-aliasing rules [-Wstrict-aliasing]
  131 |       group.scale[i] = *reinterpret_cast<float*>(&word.data);
      |                         ^~~~~~~~~~~~~~~~~~~~~~~~~~~~~~~~~~~~
/home/emeric/code/jak-project/decompiler/analysis/find_defpartgroup.cpp:141:24: warning: dereferencing type-punned pointer will break strict-aliasing rules [-Wstrict-aliasing]
  141 |     group.bounds[i] = *reinterpret_cast<float*>(&word.data);
      |                        ^~~~~~~~~~~~~~~~~~~~~~~~~~~~~~~~~~~~
[57/195] Building CXX object decompiler/CMakeFiles/decomp.dir/analysis/find_defstates.cpp.o
[58/195] Building CXX object decompiler/CMakeFiles/decomp.dir/analysis/find_skelgroups.cpp.o
/home/emeric/code/jak-project/decompiler/analysis/find_skelgroups.cpp: In function ‘decompiler::DefskelgroupElement::StaticInfo decompiler::{anonymous}::inspect_skel_group_data_jak1(decompiler::DecompiledDataElement*, const decompiler::Env&)’:
/home/emeric/code/jak-project/decompiler/analysis/find_skelgroups.cpp:80:25: warning: dereferencing type-punned pointer will break strict-aliasing rules [-Wstrict-aliasing]
   80 |     result.bounds[i] = *reinterpret_cast<float*>(&word.data);
      |                         ^~~~~~~~~~~~~~~~~~~~~~~~~~~~~~~~~~~~
/home/emeric/code/jak-project/decompiler/analysis/find_skelgroups.cpp:91:26: warning: dereferencing type-punned pointer will break strict-aliasing rules [-Wstrict-aliasing]
   91 |   result.longest_edge = *reinterpret_cast<float*>(&edge_word.data);
      |                          ^~~~~~~~~~~~~~~~~~~~~~~~~~~~~~~~~~~~~~~~~
/home/emeric/code/jak-project/decompiler/analysis/find_skelgroups.cpp: In function ‘decompiler::DefskelgroupElement::StaticInfo decompiler::{anonymous}::inspect_skel_group_data_jak2(decompiler::DecompiledDataElement*, const decompiler::Env&)’:
/home/emeric/code/jak-project/decompiler/analysis/find_skelgroups.cpp:176:25: warning: dereferencing type-punned pointer will break strict-aliasing rules [-Wstrict-aliasing]
  176 |     result.bounds[i] = *reinterpret_cast<float*>(&word.data);
      |                         ^~~~~~~~~~~~~~~~~~~~~~~~~~~~~~~~~~~~
/home/emeric/code/jak-project/decompiler/analysis/find_skelgroups.cpp:187:26: warning: dereferencing type-punned pointer will break strict-aliasing rules [-Wstrict-aliasing]
  187 |   result.longest_edge = *reinterpret_cast<float*>(&edge_word.data);
      |                          ^~~~~~~~~~~~~~~~~~~~~~~~~~~~~~~~~~~~~~~~~
/home/emeric/code/jak-project/decompiler/analysis/find_skelgroups.cpp: In function ‘decompiler::DefskelgroupElement::StaticInfo decompiler::{anonymous}::inspect_skel_group_data_jak3(decompiler::DecompiledDataElement*, const decompiler::Env&)’:
/home/emeric/code/jak-project/decompiler/analysis/find_skelgroups.cpp:287:25: warning: dereferencing type-punned pointer will break strict-aliasing rules [-Wstrict-aliasing]
  287 |     result.bounds[i] = *reinterpret_cast<float*>(&word.data);
      |                         ^~~~~~~~~~~~~~~~~~~~~~~~~~~~~~~~~~~~
/home/emeric/code/jak-project/decompiler/analysis/find_skelgroups.cpp:298:26: warning: dereferencing type-punned pointer will break strict-aliasing rules [-Wstrict-aliasing]
  298 |   result.longest_edge = *reinterpret_cast<float*>(&edge_word.data);
      |                          ^~~~~~~~~~~~~~~~~~~~~~~~~~~~~~~~~~~~~~~~~
/home/emeric/code/jak-project/decompiler/analysis/find_skelgroups.cpp: In function ‘decompiler::DefskelgroupElement::ClothParams decompiler::get_cloth_params(const DecompilerLabel&, Env&)’:
/home/emeric/code/jak-project/decompiler/analysis/find_skelgroups.cpp:506:21: warning: dereferencing type-punned pointer will break strict-aliasing rules [-Wstrict-aliasing]
  506 |   params.gravity = *reinterpret_cast<float*>(&words.at(start_word_idx + 1).data);
      |                     ^~~~~~~~~~~~~~~~~~~~~~~~~~~~~~~~~~~~~~~~~~~~~~~~~~~~~~~~~~~~
/home/emeric/code/jak-project/decompiler/analysis/find_skelgroups.cpp:507:18: warning: dereferencing type-punned pointer will break strict-aliasing rules [-Wstrict-aliasing]
  507 |   params.wind = *reinterpret_cast<float*>(&words.at(start_word_idx + 2).data);
      |                  ^~~~~~~~~~~~~~~~~~~~~~~~~~~~~~~~~~~~~~~~~~~~~~~~~~~~~~~~~~~~
/home/emeric/code/jak-project/decompiler/analysis/find_skelgroups.cpp:550:23: warning: dereferencing type-punned pointer will break strict-aliasing rules [-Wstrict-aliasing]
  550 |   params.thickness = *reinterpret_cast<float*>(&words.at(start_word_idx + 14).data);
      |                       ^~~~~~~~~~~~~~~~~~~~~~~~~~~~~~~~~~~~~~~~~~~~~~~~~~~~~~~~~~~~~
/home/emeric/code/jak-project/decompiler/analysis/find_skelgroups.cpp:552:18: warning: dereferencing type-punned pointer will break strict-aliasing rules [-Wstrict-aliasing]
  552 |   params.drag = *reinterpret_cast<float*>(&words.at(start_word_idx + 16).data);
      |                  ^~~~~~~~~~~~~~~~~~~~~~~~~~~~~~~~~~~~~~~~~~~~~~~~~~~~~~~~~~~~~
/home/emeric/code/jak-project/decompiler/analysis/find_skelgroups.cpp:553:35: warning: dereferencing type-punned pointer will break strict-aliasing rules [-Wstrict-aliasing]
  553 |   params.ball_collision_radius = *reinterpret_cast<float*>(&words.at(start_word_idx + 17).data);
      |                                   ^~~~~~~~~~~~~~~~~~~~~~~~~~~~~~~~~~~~~~~~~~~~~~~~~~~~~~~~~~~~~
[59/195] Building CXX object decompiler/CMakeFiles/decomp.dir/analysis/inline_asm_rewrite.cpp.o
[60/195] Building CXX object decompiler/CMakeFiles/decomp.dir/analysis/label_types.cpp.o
[61/195] Building CXX object decompiler/CMakeFiles/decomp.dir/analysis/reg_usage.cpp.o
[62/195] Building CXX object decompiler/CMakeFiles/decomp.dir/analysis/static_refs.cpp.o
[63/195] Building CXX object decompiler/CMakeFiles/decomp.dir/analysis/mips2c.cpp.o
In file included from /home/emeric/code/jak-project/decompiler/analysis/mips2c.cpp:6:
/home/emeric/code/jak-project/./common/symbols.h: In function ‘constexpr int true_symbol_offset(GameVersion)’:
/home/emeric/code/jak-project/./common/symbols.h:514:1: warning: control reaches end of non-void function [-Wreturn-type]
  514 | }
      | ^
[64/195] Building CXX object decompiler/CMakeFiles/decomp.dir/analysis/symbol_def_map.cpp.o
[65/195] Building CXX object decompiler/CMakeFiles/decomp.dir/analysis/insert_lets.cpp.o
/home/emeric/code/jak-project/decompiler/analysis/insert_lets.cpp: In lambda function:
/home/emeric/code/jak-project/decompiler/analysis/insert_lets.cpp:469:71: warning: declaration of ‘val’ shadows a previous local [-Wshadow]
  469 |         auto find_int_in_vector = [](const std::vector<int>& vec, int val) {
      |                                                                   ~~~~^~~
/home/emeric/code/jak-project/decompiler/analysis/insert_lets.cpp:464:12: note: shadowed declaration is here
  464 |       auto val = param_val->to_form(env).as_int();
      |            ^~~
/home/emeric/code/jak-project/decompiler/analysis/insert_lets.cpp: In lambda function:
/home/emeric/code/jak-project/decompiler/analysis/insert_lets.cpp:576:87: warning: declaration of ‘decompiler::FormPool& pool’ shadows a parameter [-Wshadow]
  576 |       [&](FormElement* /*s_in*/, const MatchResult& mr, const Env& /*env*/, FormPool& pool) {
      |                                                                             ~~~~~~~~~~^~~~
/home/emeric/code/jak-project/decompiler/analysis/insert_lets.cpp:314:46: note: shadowed declaration is here
  314 |                                    FormPool& pool,
      |                                    ~~~~~~~~~~^~~~
/home/emeric/code/jak-project/decompiler/analysis/insert_lets.cpp: In function ‘decompiler::FormElement* decompiler::{anonymous}::rewrite_call_parent_state_handler(decompiler::LetElement*, const decompiler::Env&, decompiler::FormPool&)’:
/home/emeric/code/jak-project/decompiler/analysis/insert_lets.cpp:1813:75: warning: unused parameter ‘env’ [-Wunused-parameter]
 1813 | FormElement* rewrite_call_parent_state_handler(LetElement* in, const Env& env, FormPool& pool) {
      |                                                                ~~~~~~~~~~~^~~
/home/emeric/code/jak-project/decompiler/analysis/insert_lets.cpp: In lambda function:
/home/emeric/code/jak-project/decompiler/analysis/insert_lets.cpp:1964:83: warning: declaration of ‘decompiler::FormPool& pool’ shadows a parameter [-Wshadow]
 1964 |       [&](FormElement* s_in, const MatchResult& /*mr*/, const Env& env, FormPool& pool) {
      |                                                                         ~~~~~~~~~~^~~~
/home/emeric/code/jak-project/decompiler/analysis/insert_lets.cpp:1906:73: note: shadowed declaration is here
 1906 | FormElement* rewrite_proc_new(LetElement* in, const Env& env, FormPool& pool) {
      |                                                               ~~~~~~~~~~^~~~
/home/emeric/code/jak-project/decompiler/analysis/insert_lets.cpp:1964:68: warning: declaration of ‘const decompiler::Env& env’ shadows a parameter [-Wshadow]
 1964 |       [&](FormElement* s_in, const MatchResult& /*mr*/, const Env& env, FormPool& pool) {
      |                                                         ~~~~~~~~~~~^~~
/home/emeric/code/jak-project/decompiler/analysis/insert_lets.cpp:1906:58: note: shadowed declaration is here
 1906 | FormElement* rewrite_proc_new(LetElement* in, const Env& env, FormPool& pool) {
      |                                               ~~~~~~~~~~~^~~
/home/emeric/code/jak-project/decompiler/analysis/insert_lets.cpp: In lambda function:
/home/emeric/code/jak-project/decompiler/analysis/insert_lets.cpp:2324:87: warning: declaration of ‘decompiler::FormPool& pool’ shadows a parameter [-Wshadow]
 2324 |       [&](FormElement* /*s_in*/, const MatchResult& /*mr*/, const Env& env, FormPool& pool) {
      |                                                                             ~~~~~~~~~~^~~~
/home/emeric/code/jak-project/decompiler/analysis/insert_lets.cpp:2118:76: note: shadowed declaration is here
 2118 | FormElement* rewrite_attack_info(LetElement* in, const Env& env, FormPool& pool) {
      |                                                                  ~~~~~~~~~~^~~~
/home/emeric/code/jak-project/decompiler/analysis/insert_lets.cpp:2324:72: warning: declaration of ‘const decompiler::Env& env’ shadows a parameter [-Wshadow]
 2324 |       [&](FormElement* /*s_in*/, const MatchResult& /*mr*/, const Env& env, FormPool& pool) {
      |                                                             ~~~~~~~~~~~^~~
/home/emeric/code/jak-project/decompiler/analysis/insert_lets.cpp:2118:61: note: shadowed declaration is here
 2118 | FormElement* rewrite_attack_info(LetElement* in, const Env& env, FormPool& pool) {
      |                                                  ~~~~~~~~~~~^~~
/home/emeric/code/jak-project/decompiler/analysis/insert_lets.cpp: In lambda function:
/home/emeric/code/jak-project/decompiler/analysis/insert_lets.cpp:2616:93: warning: declaration of ‘decompiler::FormPool& pool’ shadows a parameter [-Wshadow]
 2616 |         [&](FormElement* /*s_in*/, const MatchResult& /*mr*/, const Env& /*env*/, FormPool& pool) {
      |                                                                                   ~~~~~~~~~~^~~~
/home/emeric/code/jak-project/decompiler/analysis/insert_lets.cpp:2550:79: note: shadowed declaration is here
 2550 | FormElement* rewrite_rand_float_gen(LetElement* in, const Env& env, FormPool& pool) {
      |                                                                     ~~~~~~~~~~^~~~
/home/emeric/code/jak-project/decompiler/analysis/insert_lets.cpp: In lambda function:
/home/emeric/code/jak-project/decompiler/analysis/insert_lets.cpp:3444:39: warning: declaration of ‘decompiler::FormPool& pool’ shadows a parameter [-Wshadow]
 3444 |     auto get_src_form = [&](FormPool& pool, FormElement* elt, const RegisterAccess& ptr_name,
      |                             ~~~~~~~~~~^~~~
/home/emeric/code/jak-project/decompiler/analysis/insert_lets.cpp:3141:54: note: shadowed declaration is here
 3141 |                                            FormPool& pool) {
      |                                            ~~~~~~~~~~^~~~
/home/emeric/code/jak-project/decompiler/analysis/insert_lets.cpp: In function ‘decompiler::FormElement* decompiler::{anonymous}::rewrite_dma_buffer_add_gs_set(const std::vector<decompiler::LetElement*>&, const decompiler::Env&, decompiler::FormPool&)’:
/home/emeric/code/jak-project/decompiler/analysis/insert_lets.cpp:3567:30: warning: declaration of ‘it’ shadows a previous local [-Wshadow]
 3567 |       } else if (const auto& it = reg_id_to_int_map.find(reg_name); it != reg_id_to_int_map.end()) {
      |                              ^~
/home/emeric/code/jak-project/decompiler/analysis/insert_lets.cpp:3542:19: note: shadowed declaration is here
 3542 |       const auto& it = reg_id_to_def_map.find(reg_name);
      |                   ^~
[66/195] Building CXX object decompiler/CMakeFiles/decomp.dir/analysis/type_analysis.cpp.o
[67/195] Building CXX object decompiler/CMakeFiles/decomp.dir/data/dir_tpages.cpp.o
[68/195] Building CXX object decompiler/CMakeFiles/decomp.dir/analysis/variable_naming.cpp.o
[69/195] Building CXX object decompiler/CMakeFiles/decomp.dir/data/StrFileReader.cpp.o
[70/195] Building CXX object decompiler/CMakeFiles/decomp.dir/data/game_count.cpp.o
[71/195] Building CXX object decompiler/CMakeFiles/decomp.dir/data/game_text.cpp.o
/home/emeric/code/jak-project/decompiler/data/game_text.cpp: In function ‘decompiler::GameTextResult decompiler::process_game_text(ObjectFileData&, GameTextVersion)’:
/home/emeric/code/jak-project/decompiler/data/game_text.cpp:119:79: warning: comparison of integer expressions of different signedness: ‘int’ and ‘std::vector<int>::size_type’ {aka ‘long unsigned int’} [-Wsign-compare]
  119 |        j < align16(8 + 1 + (int)group_name.length()) / 4 && (group_start + j) < read_words.size();
      |                                                             ~~~~~~~~~~~~~~~~~~^~~~~~~~~~~~~~~~~~~
[72/195] Building CXX object decompiler/CMakeFiles/decomp.dir/data/streamed_audio.cpp.o
[73/195] Building CXX object decompiler/CMakeFiles/decomp.dir/data/TextureDB.cpp.o
[74/195] Building CXX object decompiler/CMakeFiles/decomp.dir/data/tpage.cpp.o
[75/195] Building CXX object decompiler/CMakeFiles/decomp.dir/Disasm/InstructionDecode.cpp.o
[76/195] Building CXX object decompiler/CMakeFiles/decomp.dir/Disasm/Instruction.cpp.o
[77/195] Building CXX object decompiler/CMakeFiles/decomp.dir/Function/BasicBlocks.cpp.o
[78/195] Building CXX object decompiler/CMakeFiles/decomp.dir/Function/Function.cpp.o
[79/195] Building CXX object decompiler/CMakeFiles/decomp.dir/extractor/extractor_util.cpp.o
/home/emeric/code/jak-project/decompiler/extractor/extractor_util.cpp:146:14: warning: integer constant is so large that it is unsigned
  146 |            {{10389946801578948532,  // hash of ELF
      |              ^~~~~~~~~~~~~~~~~~~~
/home/emeric/code/jak-project/decompiler/extractor/extractor_util.cpp:150:16: warning: integer constant is so large that it is unsigned
  150 |               {15744436203314864205},  // iso hash
      |                ^~~~~~~~~~~~~~~~~~~~
/home/emeric/code/jak-project/decompiler/extractor/extractor_util.cpp:160:16: warning: integer constant is so large that it is unsigned
  160 |               {9845530557249070761},  // iso hash
      |                ^~~~~~~~~~~~~~~~~~~
[80/195] Building CXX object decompiler/CMakeFiles/decomp.dir/Function/CfgVtx.cpp.o
In file included from /home/emeric/code/jak-project/decompiler/Function/CfgVtx.cpp:7:
/home/emeric/code/jak-project/./common/symbols.h: In function ‘constexpr int true_symbol_offset(GameVersion)’:
/home/emeric/code/jak-project/./common/symbols.h:514:1: warning: control reaches end of non-void function [-Wreturn-type]
  514 | }
      | ^
[81/195] Building CXX object decompiler/CMakeFiles/decomp.dir/IR2/AtomicOp.cpp.o
[82/195] Building CXX object decompiler/CMakeFiles/decomp.dir/IR2/AtomicOpForm.cpp.o
[83/195] Building CXX object decompiler/CMakeFiles/decomp.dir/IR2/AtomicOpTypeAnalysis.cpp.o
[84/195] Building CXX object decompiler/CMakeFiles/decomp.dir/IR2/bitfields.cpp.o
[85/195] Building CXX object decompiler/CMakeFiles/decomp.dir/IR2/Env.cpp.o
/home/emeric/code/jak-project/decompiler/IR2/Env.cpp: In member function ‘void decompiler::Env::set_remap_for_function(const decompiler::Function&)’:
/home/emeric/code/jak-project/decompiler/IR2/Env.cpp:31:50: warning: declaration of ‘func’ shadows a member of ‘decompiler::Env’ [-Wshadow]
   31 | void Env::set_remap_for_function(const Function& func) {
      |                                  ~~~~~~~~~~~~~~~~^~~~
In file included from /home/emeric/code/jak-project/decompiler/IR2/Env.cpp:1:
/home/emeric/code/jak-project/decompiler/IR2/Env.h:242:13: note: shadowed declaration is here
  242 |   Function* func = nullptr;
      |             ^~~~
[86/195] Building CXX object decompiler/CMakeFiles/decomp.dir/IR2/ExpressionHelpers.cpp.o
[87/195] Building CXX object decompiler/CMakeFiles/decomp.dir/IR2/FormStack.cpp.o
[88/195] Building CXX object decompiler/CMakeFiles/decomp.dir/IR2/GenericElementMatcher.cpp.o
/home/emeric/code/jak-project/decompiler/IR2/GenericElementMatcher.cpp: In member function ‘bool decompiler::DerefTokenMatcher::do_match(decompiler::DerefToken&, decompiler::MatchResult::Maps*) const’:
/home/emeric/code/jak-project/decompiler/IR2/GenericElementMatcher.cpp:965:7: warning: this statement may fall through [-Wimplicit-fallthrough=]
  965 |       if (m_kind != Kind::ANY_EXPR_OR_INT) {
      |       ^~
/home/emeric/code/jak-project/decompiler/IR2/GenericElementMatcher.cpp:968:5: note: here
  968 |     case Kind::ANY_INTEGER:
      |     ^~~~
[89/195] Building CXX object decompiler/CMakeFiles/decomp.dir/IR2/Form.cpp.o
/home/emeric/code/jak-project/decompiler/IR2/Form.cpp: In member function ‘goos::Object decompiler::DefskelgroupElement::ClothParams::to_list(const std::string&, const decompiler::Env&) const’:
/home/emeric/code/jak-project/decompiler/IR2/Form.cpp:3130:83: warning: passing ‘u16’ {aka ‘short unsigned int’} chooses ‘int’ over ‘unsigned int’ [-Wsign-promo]
 3130 |           {pretty_print::to_symbol("mesh"), pretty_print::to_symbol(std::to_string(mesh))}));
      |                                                                     ~~~~~~~~~~~~~~^~~~~~
/home/emeric/code/jak-project/decompiler/IR2/Form.cpp:3130:83: warning:   in call to ‘std::string std::__cxx11::to_string(int)’ [-Wsign-promo]
/home/emeric/code/jak-project/decompiler/IR2/Form.cpp:3144:88: warning: passing ‘u16’ {aka ‘short unsigned int’} chooses ‘int’ over ‘unsigned int’ [-Wsign-promo]
 3144 |         {pretty_print::to_symbol("cloth-width"), pretty_print::to_symbol(std::to_string(width))}));
      |                                                                          ~~~~~~~~~~~~~~^~~~~~~
/home/emeric/code/jak-project/decompiler/IR2/Form.cpp:3144:88: warning:   in call to ‘std::string std::__cxx11::to_string(int)’ [-Wsign-promo]
/home/emeric/code/jak-project/decompiler/IR2/Form.cpp:3149:73: warning: passing ‘u16’ {aka ‘short unsigned int’} chooses ‘int’ over ‘unsigned int’ [-Wsign-promo]
 3149 |                                   pretty_print::to_symbol(std::to_string(sphere_constraints))}));
      |                                                           ~~~~~~~~~~~~~~^~~~~~~~~~~~~~~~~~~~
/home/emeric/code/jak-project/decompiler/IR2/Form.cpp:3149:73: warning:   in call to ‘std::string std::__cxx11::to_string(int)’ [-Wsign-promo]
/home/emeric/code/jak-project/decompiler/IR2/Form.cpp:3154:73: warning: passing ‘u16’ {aka ‘short unsigned int’} chooses ‘int’ over ‘unsigned int’ [-Wsign-promo]
 3154 |                                   pretty_print::to_symbol(std::to_string(disc_constraints))}));
      |                                                           ~~~~~~~~~~~~~~^~~~~~~~~~~~~~~~~~
/home/emeric/code/jak-project/decompiler/IR2/Form.cpp:3154:73: warning:   in call to ‘std::string std::__cxx11::to_string(int)’ [-Wsign-promo]
/home/emeric/code/jak-project/decompiler/IR2/Form.cpp:3159:73: warning: passing ‘u16’ {aka ‘short unsigned int’} chooses ‘int’ over ‘unsigned int’ [-Wsign-promo]
 3159 |                                   pretty_print::to_symbol(std::to_string(anchor_points))}));
      |                                                           ~~~~~~~~~~~~~~^~~~~~~~~~~~~~~
/home/emeric/code/jak-project/decompiler/IR2/Form.cpp:3159:73: warning:   in call to ‘std::string std::__cxx11::to_string(int)’ [-Wsign-promo]
/home/emeric/code/jak-project/decompiler/IR2/Form.cpp:3198:86: warning: passing ‘u16’ {aka ‘short unsigned int’} chooses ‘int’ over ‘unsigned int’ [-Wsign-promo]
 3198 |                                                pretty_print::to_symbol(std::to_string(xform))}));
      |                                                                        ~~~~~~~~~~~~~~^~~~~~~
/home/emeric/code/jak-project/decompiler/IR2/Form.cpp:3198:86: warning:   in call to ‘std::string std::__cxx11::to_string(int)’ [-Wsign-promo]
/home/emeric/code/jak-project/decompiler/IR2/Form.cpp:3213:73: warning: passing ‘u8’ {aka ‘unsigned char’} chooses ‘int’ over ‘unsigned int’ [-Wsign-promo]
 3213 |                                   pretty_print::to_symbol(std::to_string(iterations))}));
      |                                                           ~~~~~~~~~~~~~~^~~~~~~~~~~~
/home/emeric/code/jak-project/decompiler/IR2/Form.cpp:3213:73: warning:   in call to ‘std::string std::__cxx11::to_string(int)’ [-Wsign-promo]
/home/emeric/code/jak-project/decompiler/IR2/Form.cpp:3218:73: warning: passing ‘u8’ {aka ‘unsigned char’} chooses ‘int’ over ‘unsigned int’ [-Wsign-promo]
 3218 |                                   pretty_print::to_symbol(std::to_string(timestep_freq))}));
      |                                                           ~~~~~~~~~~~~~~^~~~~~~~~~~~~~~
/home/emeric/code/jak-project/decompiler/IR2/Form.cpp:3218:73: warning:   in call to ‘std::string std::__cxx11::to_string(int)’ [-Wsign-promo]
[90/195] Building CXX object decompiler/CMakeFiles/decomp.dir/IR2/LabelDB.cpp.o
[91/195] Building CXX object decompiler/CMakeFiles/decomp.dir/IR2/OpenGoalMapping.cpp.o
[92/195] Building CXX object decompiler/CMakeFiles/decomp.dir/level_extractor/extract_actors.cpp.o
[93/195] Building CXX object decompiler/CMakeFiles/decomp.dir/level_extractor/extract_collide_frags.cpp.o
[94/195] Building CXX object decompiler/CMakeFiles/decomp.dir/level_extractor/BspHeader.cpp.o
/home/emeric/code/jak-project/decompiler/level_extractor/BspHeader.cpp: In member function ‘void level_tools::PrototypeBucketTie::read_from_file(TypedRef, const decompiler::DecompilerTypeSystem&, GameVersion)’:
/home/emeric/code/jak-project/decompiler/level_extractor/BspHeader.cpp:995:11: warning: writing 4 bytes into a region of size 0 [-Wstringop-overflow=]
  995 |     memcpy(block_start + 4 * i, &word.data, 4);
      |     ~~~~~~^~~~~~~~~~~~~~~~~~~~~~~~~~~~~~~~~~~~
In file included from /home/emeric/code/jak-project/decompiler/level_extractor/BspHeader.cpp:1:
/home/emeric/code/jak-project/decompiler/level_extractor/BspHeader.h:500:6: note: at offset 4 into destination object ‘level_tools::PrototypeBucketTie::frag_count’ of size 4
  500 |   u8 frag_count[4] = {0};
      |      ^~~~~~~~~~
/home/emeric/code/jak-project/decompiler/level_extractor/BspHeader.cpp:995:11: warning: writing 4 bytes into a region of size 0 [-Wstringop-overflow=]
  995 |     memcpy(block_start + 4 * i, &word.data, 4);
      |     ~~~~~~^~~~~~~~~~~~~~~~~~~~~~~~~~~~~~~~~~~~
/home/emeric/code/jak-project/decompiler/level_extractor/BspHeader.h:500:6: note: at offset 8 into destination object ‘level_tools::PrototypeBucketTie::frag_count’ of size 4
  500 |   u8 frag_count[4] = {0};
      |      ^~~~~~~~~~
/home/emeric/code/jak-project/decompiler/level_extractor/BspHeader.cpp:995:11: warning: writing 4 bytes into a region of size 0 [-Wstringop-overflow=]
  995 |     memcpy(block_start + 4 * i, &word.data, 4);
      |     ~~~~~~^~~~~~~~~~~~~~~~~~~~~~~~~~~~~~~~~~~~
/home/emeric/code/jak-project/decompiler/level_extractor/BspHeader.h:500:6: note: at offset 12 into destination object ‘level_tools::PrototypeBucketTie::frag_count’ of size 4
  500 |   u8 frag_count[4] = {0};
      |      ^~~~~~~~~~
/home/emeric/code/jak-project/decompiler/level_extractor/BspHeader.cpp:995:11: warning: writing 4 bytes into a region of size 0 [-Wstringop-overflow=]
  995 |     memcpy(block_start + 4 * i, &word.data, 4);
      |     ~~~~~~^~~~~~~~~~~~~~~~~~~~~~~~~~~~~~~~~~~~
/home/emeric/code/jak-project/decompiler/level_extractor/BspHeader.h:500:6: note: at offset 16 into destination object ‘level_tools::PrototypeBucketTie::frag_count’ of size 4
  500 |   u8 frag_count[4] = {0};
      |      ^~~~~~~~~~
/home/emeric/code/jak-project/decompiler/level_extractor/BspHeader.cpp:995:11: warning: writing 4 bytes into a region of size 0 [-Wstringop-overflow=]
  995 |     memcpy(block_start + 4 * i, &word.data, 4);
      |     ~~~~~~^~~~~~~~~~~~~~~~~~~~~~~~~~~~~~~~~~~~
/home/emeric/code/jak-project/decompiler/level_extractor/BspHeader.h:500:6: note: at offset 20 into destination object ‘level_tools::PrototypeBucketTie::frag_count’ of size 4
  500 |   u8 frag_count[4] = {0};
      |      ^~~~~~~~~~
[95/195] Building CXX object decompiler/CMakeFiles/decomp.dir/IR2/FormExpressionAnalysis.cpp.o
/home/emeric/code/jak-project/decompiler/IR2/FormExpressionAnalysis.cpp: In function ‘bool decompiler::{anonymous}::try_to_rewrite_matrix_inline_ctor(const decompiler::Env&, decompiler::FormPool&, decompiler::FormStack&)’:
/home/emeric/code/jak-project/decompiler/IR2/FormExpressionAnalysis.cpp:3275:12: warning: enumeration value ‘JakX’ not handled in switch [-Wswitch]
 3275 |     switch (env.version) {
      |            ^
[96/195] Building CXX object decompiler/CMakeFiles/decomp.dir/level_extractor/extract_common.cpp.o
[97/195] Building CXX object decompiler/CMakeFiles/decomp.dir/level_extractor/extract_hfrag.cpp.o
[98/195] Building CXX object decompiler/CMakeFiles/decomp.dir/level_extractor/extract_joint_group.cpp.o
[99/195] Building CXX object decompiler/CMakeFiles/decomp.dir/level_extractor/extract_anim.cpp.o
In file included from /home/emeric/code/jak-project/decompiler/level_extractor/extract_anim.h:6,
                 from /home/emeric/code/jak-project/decompiler/level_extractor/extract_anim.cpp:1:
/home/emeric/code/jak-project/./goalc/build_actor/common/build_actor.h: In constructor ‘Joint::Joint(const std::string&, int, int, math::Matrix4f)’:
/home/emeric/code/jak-project/./goalc/build_actor/common/build_actor.h:15:73: warning: declaration of ‘bind_pose’ shadows a member of ‘Joint’ [-Wshadow]
   15 |   Joint(const std::string& name, int number, int parent, math::Matrix4f bind_pose) {
      |                                                          ~~~~~~~~~~~~~~~^~~~~~~~~
/home/emeric/code/jak-project/./goalc/build_actor/common/build_actor.h:13:18: note: shadowed declaration is here
   13 |   math::Matrix4f bind_pose{};
      |                  ^~~~~~~~~
/home/emeric/code/jak-project/./goalc/build_actor/common/build_actor.h:15:50: warning: declaration of ‘parent’ shadows a member of ‘Joint’ [-Wshadow]
   15 |   Joint(const std::string& name, int number, int parent, math::Matrix4f bind_pose) {
      |                                              ~~~~^~~~~~
/home/emeric/code/jak-project/./goalc/build_actor/common/build_actor.h:12:7: note: shadowed declaration is here
   12 |   int parent;
      |       ^~~~~~
/home/emeric/code/jak-project/./goalc/build_actor/common/build_actor.h:15:38: warning: declaration of ‘number’ shadows a member of ‘Joint’ [-Wshadow]
   15 |   Joint(const std::string& name, int number, int parent, math::Matrix4f bind_pose) {
      |                                  ~~~~^~~~~~
/home/emeric/code/jak-project/./goalc/build_actor/common/build_actor.h:11:7: note: shadowed declaration is here
   11 |   s32 number;
      |       ^~~~~~
/home/emeric/code/jak-project/./goalc/build_actor/common/build_actor.h:15:28: warning: declaration of ‘name’ shadows a member of ‘Joint’ [-Wshadow]
   15 |   Joint(const std::string& name, int number, int parent, math::Matrix4f bind_pose) {
      |         ~~~~~~~~~~~~~~~~~~~^~~~
/home/emeric/code/jak-project/./goalc/build_actor/common/build_actor.h:10:15: note: shadowed declaration is here
   10 |   std::string name;
      |               ^~~~
[100/195] Building CXX object decompiler/CMakeFiles/decomp.dir/level_extractor/extract_tfrag.cpp.o
[101/195] Building CXX object decompiler/CMakeFiles/decomp.dir/level_extractor/extract_level.cpp.o
In file included from /home/emeric/code/jak-project/decompiler/level_extractor/extract_anim.h:6,
                 from /home/emeric/code/jak-project/decompiler/level_extractor/extract_level.cpp:6:
/home/emeric/code/jak-project/./goalc/build_actor/common/build_actor.h: In constructor ‘Joint::Joint(const std::string&, int, int, math::Matrix4f)’:
/home/emeric/code/jak-project/./goalc/build_actor/common/build_actor.h:15:73: warning: declaration of ‘bind_pose’ shadows a member of ‘Joint’ [-Wshadow]
   15 |   Joint(const std::string& name, int number, int parent, math::Matrix4f bind_pose) {
      |                                                          ~~~~~~~~~~~~~~~^~~~~~~~~
/home/emeric/code/jak-project/./goalc/build_actor/common/build_actor.h:13:18: note: shadowed declaration is here
   13 |   math::Matrix4f bind_pose{};
      |                  ^~~~~~~~~
/home/emeric/code/jak-project/./goalc/build_actor/common/build_actor.h:15:50: warning: declaration of ‘parent’ shadows a member of ‘Joint’ [-Wshadow]
   15 |   Joint(const std::string& name, int number, int parent, math::Matrix4f bind_pose) {
      |                                              ~~~~^~~~~~
/home/emeric/code/jak-project/./goalc/build_actor/common/build_actor.h:12:7: note: shadowed declaration is here
   12 |   int parent;
      |       ^~~~~~
/home/emeric/code/jak-project/./goalc/build_actor/common/build_actor.h:15:38: warning: declaration of ‘number’ shadows a member of ‘Joint’ [-Wshadow]
   15 |   Joint(const std::string& name, int number, int parent, math::Matrix4f bind_pose) {
      |                                  ~~~~^~~~~~
/home/emeric/code/jak-project/./goalc/build_actor/common/build_actor.h:11:7: note: shadowed declaration is here
   11 |   s32 number;
      |       ^~~~~~
/home/emeric/code/jak-project/./goalc/build_actor/common/build_actor.h:15:28: warning: declaration of ‘name’ shadows a member of ‘Joint’ [-Wshadow]
   15 |   Joint(const std::string& name, int number, int parent, math::Matrix4f bind_pose) {
      |         ~~~~~~~~~~~~~~~~~~~^~~~
/home/emeric/code/jak-project/./goalc/build_actor/common/build_actor.h:10:15: note: shadowed declaration is here
   10 |   std::string name;
      |               ^~~~
In file included from /home/emeric/code/jak-project/decompiler/level_extractor/extract_level.cpp:25:
/home/emeric/code/jak-project/./goalc/build_actor/jak1/build_actor.h: In constructor ‘jak1::ArtJointGeo::ArtJointGeo(const std::string&, std::vector<jak1::CollideMesh>, std::vector<Joint>&, const jak1::BuildActorParams1&)’:
/home/emeric/code/jak-project/./goalc/build_actor/jak1/build_actor.h:155:49: warning: declaration of ‘cmeshes’ shadows a member of ‘jak1::ArtJointGeo’ [-Wshadow]
  155 |                        std::vector<CollideMesh> cmeshes,
      |                        ~~~~~~~~~~~~~~~~~~~~~~~~~^~~~~~~
/home/emeric/code/jak-project/./goalc/build_actor/jak1/build_actor.h:145:28: note: shadowed declaration is here
  145 |   std::vector<CollideMesh> cmeshes;
      |                            ^~~~~~~
/home/emeric/code/jak-project/./goalc/build_actor/jak1/build_actor.h:154:43: warning: declaration of ‘name’ shadows a member of ‘jak1::ArtJointGeo’ [-Wshadow]
  154 |   explicit ArtJointGeo(const std::string& name,
      |                        ~~~~~~~~~~~~~~~~~~~^~~~
In file included from /home/emeric/code/jak-project/./goalc/build_actor/common/build_actor.h:6:
/home/emeric/code/jak-project/./goalc/build_actor/common/art_types.h:12:15: note: shadowed declaration is here
   12 |   std::string name;
      |               ^~~~
/home/emeric/code/jak-project/./goalc/build_actor/jak1/build_actor.h: In constructor ‘jak1::ArtJointAnim::ArtJointAnim(const std::string&, const std::vector<Joint>&)’:
/home/emeric/code/jak-project/./goalc/build_actor/jak1/build_actor.h:186:35: warning: declaration of ‘name’ shadows a member of ‘jak1::ArtJointAnim’ [-Wshadow]
  186 |   ArtJointAnim(const std::string& name, const std::vector<Joint>& joints) {
      |                ~~~~~~~~~~~~~~~~~~~^~~~
/home/emeric/code/jak-project/./goalc/build_actor/common/art_types.h:12:15: note: shadowed declaration is here
   12 |   std::string name;
      |               ^~~~
[102/195] Building CXX object decompiler/CMakeFiles/decomp.dir/level_extractor/extract_merc.cpp.o
[103/195] Building CXX object decompiler/CMakeFiles/decomp.dir/level_extractor/extract_tie.cpp.o
[104/195] Building CXX object decompiler/CMakeFiles/decomp.dir/level_extractor/extract_shrub.cpp.o
[105/195] Building CXX object decompiler/CMakeFiles/decomp.dir/level_extractor/merc_replacement.cpp.o
/home/emeric/code/jak-project/decompiler/level_extractor/merc_replacement.cpp: In function ‘void decompiler::extract(tfrag3::MercModel&, gltf_util::MercExtractData&, const tinygltf::Model&, const std::vector<gltf_util::NodeWithTransform>&, u32, u32, u32, bool&)’:
/home/emeric/code/jak-project/decompiler/level_extractor/merc_replacement.cpp:97:17: warning: unused variable ‘mat’ [-Wunused-variable]
   97 |     const auto& mat = model.materials[mat_idx];
      |                 ^~~
[106/195] Building CXX object decompiler/CMakeFiles/decomp.dir/level_extractor/MercData.cpp.o
[107/195] Building CXX object decompiler/CMakeFiles/decomp.dir/level_extractor/fr3_to_gltf.cpp.o
/home/emeric/code/jak-project/decompiler/level_extractor/fr3_to_gltf.cpp: In function ‘void {anonymous}::add_merc(const tfrag3::Level&, const std::map<std::__cxx11::basic_string<char>, level_tools::ArtData>&, const tfrag3::MercModel&, tinygltf::Model&, std::unordered_map<int, int>&)’:
/home/emeric/code/jak-project/decompiler/level_extractor/fr3_to_gltf.cpp:1299:17: warning: comparison of integer expressions of different signedness: ‘int’ and ‘std::vector<tinygltf::Skin>::size_type’ {aka ‘long unsigned int’} [-Wsign-compare]
 1299 |       node.skin < model.skins.size()) {
      |       ~~~~~~~~~~^~~~~~~~~~~~~~~~~~~~
[108/195] Building CXX object decompiler/CMakeFiles/decomp.dir/ObjectFile/LinkedObjectFileCreation.cpp.o
[109/195] Building CXX object decompiler/CMakeFiles/decomp.dir/ObjectFile/LinkedObjectFile.cpp.o
/home/emeric/code/jak-project/decompiler/ObjectFile/LinkedObjectFile.cpp: In member function ‘void decompiler::LinkedObjectFile::find_functions(GameVersion)’:
/home/emeric/code/jak-project/decompiler/ObjectFile/LinkedObjectFile.cpp:419:51: warning: declaration of ‘version’ shadows a member of ‘decompiler::LinkedObjectFile’ [-Wshadow]
  419 | void LinkedObjectFile::find_functions(GameVersion version) {
      |                                       ~~~~~~~~~~~~^~~~~~~
In file included from /home/emeric/code/jak-project/decompiler/ObjectFile/LinkedObjectFile.cpp:6:
/home/emeric/code/jak-project/decompiler/ObjectFile/LinkedObjectFile.h:144:15: note: shadowed declaration is here
  144 |   GameVersion version;
      |               ^~~~~~~
[110/195] Building CXX object decompiler/CMakeFiles/decomp.dir/ObjectFile/ObjectFileDB.cpp.o
[111/195] Building CXX object decompiler/CMakeFiles/decomp.dir/types2/ForwardProp.cpp.o
[112/195] Building CXX object decompiler/CMakeFiles/decomp.dir/types2/types2.cpp.o
/home/emeric/code/jak-project/decompiler/types2/types2.cpp: In function ‘bool decompiler::types2::tp_lca(TypeState*, const TypeState&, decompiler::DecompilerTypeSystem&)’:
/home/emeric/code/jak-project/decompiler/types2/types2.cpp:409:18: warning: declaration of ‘x’ shadows a previous local [-Wshadow]
  409 |       for (auto& x : combined->stack_slot_types) {
      |                  ^
/home/emeric/code/jak-project/decompiler/types2/types2.cpp:404:14: note: shadowed declaration is here
  404 |   for (auto& x : add.stack_slot_types) {
      |              ^
[113/195] Building CXX object decompiler/CMakeFiles/decomp.dir/ObjectFile/ObjectFileDB_IR2.cpp.o
/home/emeric/code/jak-project/decompiler/ObjectFile/ObjectFileDB_IR2.cpp: In member function ‘void decompiler::ObjectFileDB::ir2_analyze_all_types(const ghc::filesystem::path&, const std::optional<std::__cxx11::basic_string<char> >&, const std::unordered_set<std::__cxx11::basic_string<char> >&)’:
/home/emeric/code/jak-project/decompiler/ObjectFile/ObjectFileDB_IR2.cpp:373:27: warning: declaration of ‘obj_name’ shadows a previous local [-Wshadow]
  373 |         for (const auto& [obj_name, type_names] : all_type_names) {
      |                           ^~~~~~~~
/home/emeric/code/jak-project/decompiler/ObjectFile/ObjectFileDB_IR2.cpp:366:15: note: shadowed declaration is here
  366 |   for (auto& [obj_name, obj_info] : per_object) {
      |               ^~~~~~~~
[114/195] Building CXX object decompiler/CMakeFiles/decomp.dir/util/config_parsers.cpp.o
[115/195] Building CXX object decompiler/CMakeFiles/decomp.dir/util/goal_data_reader.cpp.o
[116/195] Building CXX object decompiler/CMakeFiles/decomp.dir/util/type_utils.cpp.o
[117/195] Building CXX object decompiler/CMakeFiles/decomp.dir/util/DecompilerTypeSystem.cpp.o
[118/195] Building CXX object decompiler/CMakeFiles/decomp.dir/util/sparticle_decompile.cpp.o
[119/195] Building CXX object goalc/CMakeFiles/compiler.dir/emitter/CallingConvention.cpp.o
[120/195] Building CXX object goalc/CMakeFiles/compiler.dir/emitter/CodeTester.cpp.o
In file included from /home/emeric/code/jak-project/./goalc/emitter/Instruction.h:9,
                 from /home/emeric/code/jak-project/goalc/emitter/CodeTester.cpp:13:
/home/emeric/code/jak-project/./goalc/emitter/Instruction.h: In function ‘constexpr emitter::ARM64::Field emitter::ARM64::Imm12(u32)’:
/home/emeric/code/jak-project/./goalc/emitter/Instruction.h:74:12: warning: comparison of unsigned expression in ‘>= 0’ is always true [-Wtype-limits]
   74 |   ASSERT(x >= 0 && x <= 4095);
      |          ~~^~~~
/home/emeric/code/jak-project/./common/util/Assert.h:29:11: note: in definition of macro ‘ASSERT’
   29 |   (void)((EX) || (private_assert_failed(#EX, __FILE__, __LINE__, __PRETTY_FUNCTION__), 0))
      |           ^~
[121/195] Building CXX object goalc/CMakeFiles/compiler.dir/emitter/ObjectGenerator.cpp.o
In file included from /home/emeric/code/jak-project/goalc/emitter/Instruction.h:9,
                 from /home/emeric/code/jak-project/goalc/emitter/ObjectGenerator.h:12,
                 from /home/emeric/code/jak-project/goalc/emitter/ObjectGenerator.cpp:16:
/home/emeric/code/jak-project/goalc/emitter/Instruction.h: In function ‘constexpr emitter::ARM64::Field emitter::ARM64::Imm12(u32)’:
/home/emeric/code/jak-project/goalc/emitter/Instruction.h:74:12: warning: comparison of unsigned expression in ‘>= 0’ is always true [-Wtype-limits]
   74 |   ASSERT(x >= 0 && x <= 4095);
      |          ~~^~~~
/home/emeric/code/jak-project/./common/util/Assert.h:29:11: note: in definition of macro ‘ASSERT’
   29 |   (void)((EX) || (private_assert_failed(#EX, __FILE__, __LINE__, __PRETTY_FUNCTION__), 0))
      |           ^~
[122/195] Building CXX object goalc/CMakeFiles/compiler.dir/emitter/Register.cpp.o
[123/195] Building CXX object decompiler/CMakeFiles/decomp.dir/decompilation_process.cpp.o
[124/195] Building CXX object decompiler/CMakeFiles/decomp.dir/util/data_decompile.cpp.o
/home/emeric/code/jak-project/decompiler/util/data_decompile.cpp: In lambda function:
/home/emeric/code/jak-project/decompiler/util/data_decompile.cpp:1685:64: warning: declaration of ‘const TypeSpec& ts’ shadows a parameter [-Wshadow]
 1685 |   auto print_int = [](s64 val, bool is_signed, const TypeSpec& ts, s64 hex_cutoff = 100) {
      |                                                ~~~~~~~~~~~~~~~~^~
/home/emeric/code/jak-project/decompiler/util/data_decompile.cpp:1633:48: note: shadowed declaration is here
 1633 |                              const TypeSystem& ts,
      |                              ~~~~~~~~~~~~~~~~~~^~
/home/emeric/code/jak-project/decompiler/util/data_decompile.cpp: In lambda function:
/home/emeric/code/jak-project/decompiler/util/data_decompile.cpp:1695:53: warning: declaration of ‘const TypeSpec& ts’ shadows a parameter [-Wshadow]
 1695 |   auto print_float = [](double val, const TypeSpec& ts) {
      |                                     ~~~~~~~~~~~~~~~~^~
/home/emeric/code/jak-project/decompiler/util/data_decompile.cpp:1633:48: note: shadowed declaration is here
 1633 |                              const TypeSystem& ts,
      |                              ~~~~~~~~~~~~~~~~~~^~
[125/195] Building CXX object goalc/CMakeFiles/compiler.dir/emitter/IGen.cpp.o
In file included from /home/emeric/code/jak-project/goalc/emitter/Instruction.h:9,
                 from /home/emeric/code/jak-project/goalc/emitter/IGen.h:3,
                 from /home/emeric/code/jak-project/goalc/emitter/IGen.cpp:1:
/home/emeric/code/jak-project/goalc/emitter/Instruction.h: In function ‘constexpr emitter::ARM64::Field emitter::ARM64::Imm12(u32)’:
/home/emeric/code/jak-project/goalc/emitter/Instruction.h:74:12: warning: comparison of unsigned expression in ‘>= 0’ is always true [-Wtype-limits]
   74 |   ASSERT(x >= 0 && x <= 4095);
      |          ~~^~~~
/home/emeric/code/jak-project/./common/util/Assert.h:29:11: note: in definition of macro ‘ASSERT’
   29 |   (void)((EX) || (private_assert_failed(#EX, __FILE__, __LINE__, __PRETTY_FUNCTION__), 0))
      |           ^~
/home/emeric/code/jak-project/goalc/emitter/IGen.cpp: In function ‘emitter::Instruction emitter::IGen::mov_gpr64_gpr64(const emitter::ObjectGenerator&, emitter::Register, emitter::Register)’:
/home/emeric/code/jak-project/goalc/emitter/IGen.cpp:20:1: warning: control reaches end of non-void function [-Wreturn-type]
   20 | }
      | ^
/home/emeric/code/jak-project/goalc/emitter/IGen.cpp: In function ‘emitter::Instruction emitter::IGen::mov_gpr64_u64(const emitter::ObjectGenerator&, emitter::Register, uint64_t)’:
/home/emeric/code/jak-project/goalc/emitter/IGen.cpp:24:1: warning: control reaches end of non-void function [-Wreturn-type]
   24 | }
      | ^
/home/emeric/code/jak-project/goalc/emitter/IGen.cpp: In function ‘emitter::Instruction emitter::IGen::mov_gpr64_u32(const emitter::ObjectGenerator&, emitter::Register, uint64_t)’:
/home/emeric/code/jak-project/goalc/emitter/IGen.cpp:28:1: warning: control reaches end of non-void function [-Wreturn-type]
   28 | }
      | ^
/home/emeric/code/jak-project/goalc/emitter/IGen.cpp: In function ‘emitter::Instruction emitter::IGen::mov_gpr64_s32(const emitter::ObjectGenerator&, emitter::Register, int64_t)’:
/home/emeric/code/jak-project/goalc/emitter/IGen.cpp:32:1: warning: control reaches end of non-void function [-Wreturn-type]
   32 | }
      | ^
/home/emeric/code/jak-project/goalc/emitter/IGen.cpp: In function ‘emitter::Instruction emitter::IGen::movd_gpr32_xmm32(const emitter::ObjectGenerator&, emitter::Register, emitter::Register)’:
/home/emeric/code/jak-project/goalc/emitter/IGen.cpp:36:1: warning: control reaches end of non-void function [-Wreturn-type]
   36 | }
      | ^
/home/emeric/code/jak-project/goalc/emitter/IGen.cpp: In function ‘emitter::Instruction emitter::IGen::movd_xmm32_gpr32(const emitter::ObjectGenerator&, emitter::Register, emitter::Register)’:
/home/emeric/code/jak-project/goalc/emitter/IGen.cpp:40:1: warning: control reaches end of non-void function [-Wreturn-type]
   40 | }
      | ^
/home/emeric/code/jak-project/goalc/emitter/IGen.cpp: In function ‘emitter::Instruction emitter::IGen::movq_gpr64_xmm64(const emitter::ObjectGenerator&, emitter::Register, emitter::Register)’:
/home/emeric/code/jak-project/goalc/emitter/IGen.cpp:44:1: warning: control reaches end of non-void function [-Wreturn-type]
   44 | }
      | ^
/home/emeric/code/jak-project/goalc/emitter/IGen.cpp: In function ‘emitter::Instruction emitter::IGen::movq_xmm64_gpr64(const emitter::ObjectGenerator&, emitter::Register, emitter::Register)’:
/home/emeric/code/jak-project/goalc/emitter/IGen.cpp:48:1: warning: control reaches end of non-void function [-Wreturn-type]
   48 | }
      | ^
/home/emeric/code/jak-project/goalc/emitter/IGen.cpp: In function ‘emitter::Instruction emitter::IGen::mov_xmm32_xmm32(const emitter::ObjectGenerator&, emitter::Register, emitter::Register)’:
/home/emeric/code/jak-project/goalc/emitter/IGen.cpp:52:1: warning: control reaches end of non-void function [-Wreturn-type]
   52 | }
      | ^
/home/emeric/code/jak-project/goalc/emitter/IGen.cpp: In function ‘emitter::Instruction emitter::IGen::load8s_gpr64_gpr64_plus_gpr64(const emitter::ObjectGenerator&, emitter::Register, emitter::Register, emitter::Register)’:
/home/emeric/code/jak-project/goalc/emitter/IGen.cpp:59:1: warning: control reaches end of non-void function [-Wreturn-type]
   59 | }
      | ^
/home/emeric/code/jak-project/goalc/emitter/IGen.cpp: In function ‘emitter::Instruction emitter::IGen::store8_gpr64_gpr64_plus_gpr64(const emitter::ObjectGenerator&, emitter::Register, emitter::Register, emitter::Register)’:
/home/emeric/code/jak-project/goalc/emitter/IGen.cpp:66:1: warning: control reaches end of non-void function [-Wreturn-type]
   66 | }
      | ^
/home/emeric/code/jak-project/goalc/emitter/IGen.cpp: In function ‘emitter::Instruction emitter::IGen::load8s_gpr64_gpr64_plus_gpr64_plus_s8(const emitter::ObjectGenerator&, emitter::Register, emitter::Register, emitter::Register, s64)’:
/home/emeric/code/jak-project/goalc/emitter/IGen.cpp:74:1: warning: control reaches end of non-void function [-Wreturn-type]
   74 | }
      | ^
/home/emeric/code/jak-project/goalc/emitter/IGen.cpp: In function ‘emitter::Instruction emitter::IGen::store8_gpr64_gpr64_plus_gpr64_plus_s8(const emitter::ObjectGenerator&, emitter::Register, emitter::Register, emitter::Register, s64)’:
/home/emeric/code/jak-project/goalc/emitter/IGen.cpp:82:1: warning: control reaches end of non-void function [-Wreturn-type]
   82 | }
      | ^
/home/emeric/code/jak-project/goalc/emitter/IGen.cpp: In function ‘emitter::Instruction emitter::IGen::load8s_gpr64_gpr64_plus_gpr64_plus_s32(const emitter::ObjectGenerator&, emitter::Register, emitter::Register, emitter::Register, s64)’:
/home/emeric/code/jak-project/goalc/emitter/IGen.cpp:90:1: warning: control reaches end of non-void function [-Wreturn-type]
   90 | }
      | ^
/home/emeric/code/jak-project/goalc/emitter/IGen.cpp: In function ‘emitter::Instruction emitter::IGen::store8_gpr64_gpr64_plus_gpr64_plus_s32(const emitter::ObjectGenerator&, emitter::Register, emitter::Register, emitter::Register, s64)’:
/home/emeric/code/jak-project/goalc/emitter/IGen.cpp:98:1: warning: control reaches end of non-void function [-Wreturn-type]
   98 | }
      | ^
/home/emeric/code/jak-project/goalc/emitter/IGen.cpp: In function ‘emitter::Instruction emitter::IGen::load8u_gpr64_gpr64_plus_gpr64(const emitter::ObjectGenerator&, emitter::Register, emitter::Register, emitter::Register)’:
/home/emeric/code/jak-project/goalc/emitter/IGen.cpp:105:1: warning: control reaches end of non-void function [-Wreturn-type]
  105 | }
      | ^
/home/emeric/code/jak-project/goalc/emitter/IGen.cpp: In function ‘emitter::Instruction emitter::IGen::load8u_gpr64_gpr64_plus_gpr64_plus_s8(const emitter::ObjectGenerator&, emitter::Register, emitter::Register, emitter::Register, s64)’:
/home/emeric/code/jak-project/goalc/emitter/IGen.cpp:113:1: warning: control reaches end of non-void function [-Wreturn-type]
  113 | }
      | ^
/home/emeric/code/jak-project/goalc/emitter/IGen.cpp: In function ‘emitter::Instruction emitter::IGen::load8u_gpr64_gpr64_plus_gpr64_plus_s32(const emitter::ObjectGenerator&, emitter::Register, emitter::Register, emitter::Register, s64)’:
/home/emeric/code/jak-project/goalc/emitter/IGen.cpp:121:1: warning: control reaches end of non-void function [-Wreturn-type]
  121 | }
      | ^
/home/emeric/code/jak-project/goalc/emitter/IGen.cpp: In function ‘emitter::Instruction emitter::IGen::load16s_gpr64_gpr64_plus_gpr64(const emitter::ObjectGenerator&, emitter::Register, emitter::Register, emitter::Register)’:
/home/emeric/code/jak-project/goalc/emitter/IGen.cpp:128:1: warning: control reaches end of non-void function [-Wreturn-type]
  128 | }
      | ^
/home/emeric/code/jak-project/goalc/emitter/IGen.cpp: In function ‘emitter::Instruction emitter::IGen::store16_gpr64_gpr64_plus_gpr64(const emitter::ObjectGenerator&, emitter::Register, emitter::Register, emitter::Register)’:
/home/emeric/code/jak-project/goalc/emitter/IGen.cpp:135:1: warning: control reaches end of non-void function [-Wreturn-type]
  135 | }
      | ^
/home/emeric/code/jak-project/goalc/emitter/IGen.cpp: In function ‘emitter::Instruction emitter::IGen::store16_gpr64_gpr64_plus_gpr64_plus_s8(const emitter::ObjectGenerator&, emitter::Register, emitter::Register, emitter::Register, s64)’:
/home/emeric/code/jak-project/goalc/emitter/IGen.cpp:143:1: warning: control reaches end of non-void function [-Wreturn-type]
  143 | }
      | ^
/home/emeric/code/jak-project/goalc/emitter/IGen.cpp: In function ‘emitter::Instruction emitter::IGen::store16_gpr64_gpr64_plus_gpr64_plus_s32(const emitter::ObjectGenerator&, emitter::Register, emitter::Register, emitter::Register, s64)’:
/home/emeric/code/jak-project/goalc/emitter/IGen.cpp:151:1: warning: control reaches end of non-void function [-Wreturn-type]
  151 | }
      | ^
/home/emeric/code/jak-project/goalc/emitter/IGen.cpp: In function ‘emitter::Instruction emitter::IGen::load16s_gpr64_gpr64_plus_gpr64_plus_s8(const emitter::ObjectGenerator&, emitter::Register, emitter::Register, emitter::Register, s64)’:
/home/emeric/code/jak-project/goalc/emitter/IGen.cpp:159:1: warning: control reaches end of non-void function [-Wreturn-type]
  159 | }
      | ^
/home/emeric/code/jak-project/goalc/emitter/IGen.cpp: In function ‘emitter::Instruction emitter::IGen::load16s_gpr64_gpr64_plus_gpr64_plus_s32(const emitter::ObjectGenerator&, emitter::Register, emitter::Register, emitter::Register, s64)’:
/home/emeric/code/jak-project/goalc/emitter/IGen.cpp:167:1: warning: control reaches end of non-void function [-Wreturn-type]
  167 | }
      | ^
/home/emeric/code/jak-project/goalc/emitter/IGen.cpp: In function ‘emitter::Instruction emitter::IGen::load16u_gpr64_gpr64_plus_gpr64(const emitter::ObjectGenerator&, emitter::Register, emitter::Register, emitter::Register)’:
/home/emeric/code/jak-project/goalc/emitter/IGen.cpp:174:1: warning: control reaches end of non-void function [-Wreturn-type]
  174 | }
      | ^
/home/emeric/code/jak-project/goalc/emitter/IGen.cpp: In function ‘emitter::Instruction emitter::IGen::load16u_gpr64_gpr64_plus_gpr64_plus_s8(const emitter::ObjectGenerator&, emitter::Register, emitter::Register, emitter::Register, s64)’:
/home/emeric/code/jak-project/goalc/emitter/IGen.cpp:182:1: warning: control reaches end of non-void function [-Wreturn-type]
  182 | }
      | ^
/home/emeric/code/jak-project/goalc/emitter/IGen.cpp: In function ‘emitter::Instruction emitter::IGen::load16u_gpr64_gpr64_plus_gpr64_plus_s32(const emitter::ObjectGenerator&, emitter::Register, emitter::Register, emitter::Register, s64)’:
/home/emeric/code/jak-project/goalc/emitter/IGen.cpp:190:1: warning: control reaches end of non-void function [-Wreturn-type]
  190 | }
      | ^
/home/emeric/code/jak-project/goalc/emitter/IGen.cpp: In function ‘emitter::Instruction emitter::IGen::load32s_gpr64_gpr64_plus_gpr64(const emitter::ObjectGenerator&, emitter::Register, emitter::Register, emitter::Register)’:
/home/emeric/code/jak-project/goalc/emitter/IGen.cpp:197:1: warning: control reaches end of non-void function [-Wreturn-type]
  197 | }
      | ^
/home/emeric/code/jak-project/goalc/emitter/IGen.cpp: In function ‘emitter::Instruction emitter::IGen::store32_gpr64_gpr64_plus_gpr64(const emitter::ObjectGenerator&, emitter::Register, emitter::Register, emitter::Register)’:
/home/emeric/code/jak-project/goalc/emitter/IGen.cpp:204:1: warning: control reaches end of non-void function [-Wreturn-type]
  204 | }
      | ^
/home/emeric/code/jak-project/goalc/emitter/IGen.cpp: In function ‘emitter::Instruction emitter::IGen::load32s_gpr64_gpr64_plus_gpr64_plus_s8(const emitter::ObjectGenerator&, emitter::Register, emitter::Register, emitter::Register, s64)’:
/home/emeric/code/jak-project/goalc/emitter/IGen.cpp:212:1: warning: control reaches end of non-void function [-Wreturn-type]
  212 | }
      | ^
/home/emeric/code/jak-project/goalc/emitter/IGen.cpp: In function ‘emitter::Instruction emitter::IGen::store32_gpr64_gpr64_plus_gpr64_plus_s8(const emitter::ObjectGenerator&, emitter::Register, emitter::Register, emitter::Register, s64)’:
/home/emeric/code/jak-project/goalc/emitter/IGen.cpp:220:1: warning: control reaches end of non-void function [-Wreturn-type]
  220 | }
      | ^
/home/emeric/code/jak-project/goalc/emitter/IGen.cpp: In function ‘emitter::Instruction emitter::IGen::load32s_gpr64_gpr64_plus_gpr64_plus_s32(const emitter::ObjectGenerator&, emitter::Register, emitter::Register, emitter::Register, s64)’:
/home/emeric/code/jak-project/goalc/emitter/IGen.cpp:228:1: warning: control reaches end of non-void function [-Wreturn-type]
  228 | }
      | ^
/home/emeric/code/jak-project/goalc/emitter/IGen.cpp: In function ‘emitter::Instruction emitter::IGen::store32_gpr64_gpr64_plus_gpr64_plus_s32(const emitter::ObjectGenerator&, emitter::Register, emitter::Register, emitter::Register, s64)’:
/home/emeric/code/jak-project/goalc/emitter/IGen.cpp:236:1: warning: control reaches end of non-void function [-Wreturn-type]
  236 | }
      | ^
/home/emeric/code/jak-project/goalc/emitter/IGen.cpp: In function ‘emitter::Instruction emitter::IGen::load32u_gpr64_gpr64_plus_gpr64(const emitter::ObjectGenerator&, emitter::Register, emitter::Register, emitter::Register)’:
/home/emeric/code/jak-project/goalc/emitter/IGen.cpp:243:1: warning: control reaches end of non-void function [-Wreturn-type]
  243 | }
      | ^
/home/emeric/code/jak-project/goalc/emitter/IGen.cpp: In function ‘emitter::Instruction emitter::IGen::load32u_gpr64_gpr64_plus_gpr64_plus_s8(const emitter::ObjectGenerator&, emitter::Register, emitter::Register, emitter::Register, s64)’:
/home/emeric/code/jak-project/goalc/emitter/IGen.cpp:251:1: warning: control reaches end of non-void function [-Wreturn-type]
  251 | }
      | ^
/home/emeric/code/jak-project/goalc/emitter/IGen.cpp: In function ‘emitter::Instruction emitter::IGen::load32u_gpr64_gpr64_plus_gpr64_plus_s32(const emitter::ObjectGenerator&, emitter::Register, emitter::Register, emitter::Register, s64)’:
/home/emeric/code/jak-project/goalc/emitter/IGen.cpp:259:1: warning: control reaches end of non-void function [-Wreturn-type]
  259 | }
      | ^
/home/emeric/code/jak-project/goalc/emitter/IGen.cpp: In function ‘emitter::Instruction emitter::IGen::load64_gpr64_gpr64_plus_gpr64(const emitter::ObjectGenerator&, emitter::Register, emitter::Register, emitter::Register)’:
/home/emeric/code/jak-project/goalc/emitter/IGen.cpp:266:1: warning: control reaches end of non-void function [-Wreturn-type]
  266 | }
      | ^
/home/emeric/code/jak-project/goalc/emitter/IGen.cpp: In function ‘emitter::Instruction emitter::IGen::store64_gpr64_gpr64_plus_gpr64(const emitter::ObjectGenerator&, emitter::Register, emitter::Register, emitter::Register)’:
/home/emeric/code/jak-project/goalc/emitter/IGen.cpp:273:1: warning: control reaches end of non-void function [-Wreturn-type]
  273 | }
      | ^
/home/emeric/code/jak-project/goalc/emitter/IGen.cpp: In function ‘emitter::Instruction emitter::IGen::load64_gpr64_gpr64_plus_gpr64_plus_s8(const emitter::ObjectGenerator&, emitter::Register, emitter::Register, emitter::Register, s64)’:
/home/emeric/code/jak-project/goalc/emitter/IGen.cpp:281:1: warning: control reaches end of non-void function [-Wreturn-type]
  281 | }
      | ^
/home/emeric/code/jak-project/goalc/emitter/IGen.cpp: In function ‘emitter::Instruction emitter::IGen::store64_gpr64_gpr64_plus_gpr64_plus_s8(const emitter::ObjectGenerator&, emitter::Register, emitter::Register, emitter::Register, s64)’:
/home/emeric/code/jak-project/goalc/emitter/IGen.cpp:289:1: warning: control reaches end of non-void function [-Wreturn-type]
  289 | }
      | ^
/home/emeric/code/jak-project/goalc/emitter/IGen.cpp: In function ‘emitter::Instruction emitter::IGen::load64_gpr64_gpr64_plus_gpr64_plus_s32(const emitter::ObjectGenerator&, emitter::Register, emitter::Register, emitter::Register, s64)’:
/home/emeric/code/jak-project/goalc/emitter/IGen.cpp:297:1: warning: control reaches end of non-void function [-Wreturn-type]
  297 | }
      | ^
/home/emeric/code/jak-project/goalc/emitter/IGen.cpp: In function ‘emitter::Instruction emitter::IGen::store64_gpr64_gpr64_plus_gpr64_plus_s32(const emitter::ObjectGenerator&, emitter::Register, emitter::Register, emitter::Register, s64)’:
/home/emeric/code/jak-project/goalc/emitter/IGen.cpp:305:1: warning: control reaches end of non-void function [-Wreturn-type]
  305 | }
      | ^
/home/emeric/code/jak-project/goalc/emitter/IGen.cpp: In function ‘emitter::Instruction emitter::IGen::store_goal_vf(const emitter::ObjectGenerator&, emitter::Register, emitter::Register, emitter::Register, s64)’:
/home/emeric/code/jak-project/goalc/emitter/IGen.cpp:313:1: warning: control reaches end of non-void function [-Wreturn-type]
  313 | }
      | ^
/home/emeric/code/jak-project/goalc/emitter/IGen.cpp: In function ‘emitter::Instruction emitter::IGen::store_goal_gpr(const emitter::ObjectGenerator&, emitter::Register, emitter::Register, emitter::Register, int, int)’:
/home/emeric/code/jak-project/goalc/emitter/IGen.cpp:322:1: warning: control reaches end of non-void function [-Wreturn-type]
  322 | }
      | ^
/home/emeric/code/jak-project/goalc/emitter/IGen.cpp: In function ‘emitter::Instruction emitter::IGen::load_goal_xmm128(const emitter::ObjectGenerator&, emitter::Register, emitter::Register, emitter::Register, int)’:
/home/emeric/code/jak-project/goalc/emitter/IGen.cpp:330:1: warning: control reaches end of non-void function [-Wreturn-type]
  330 | }
      | ^
/home/emeric/code/jak-project/goalc/emitter/IGen.cpp: In function ‘emitter::Instruction emitter::IGen::load_goal_gpr(const emitter::ObjectGenerator&, emitter::Register, emitter::Register, emitter::Register, int, int, bool)’:
/home/emeric/code/jak-project/goalc/emitter/IGen.cpp:340:1: warning: control reaches end of non-void function [-Wreturn-type]
  340 | }
      | ^
/home/emeric/code/jak-project/goalc/emitter/IGen.cpp: In function ‘emitter::Instruction emitter::IGen::store32_xmm32_gpr64_plus_gpr64(const emitter::ObjectGenerator&, emitter::Register, emitter::Register, emitter::Register)’:
/home/emeric/code/jak-project/goalc/emitter/IGen.cpp:347:1: warning: control reaches end of non-void function [-Wreturn-type]
  347 | }
      | ^
/home/emeric/code/jak-project/goalc/emitter/IGen.cpp: In function ‘emitter::Instruction emitter::IGen::load32_xmm32_gpr64_plus_gpr64(const emitter::ObjectGenerator&, emitter::Register, emitter::Register, emitter::Register)’:
/home/emeric/code/jak-project/goalc/emitter/IGen.cpp:354:1: warning: control reaches end of non-void function [-Wreturn-type]
  354 | }
      | ^
/home/emeric/code/jak-project/goalc/emitter/IGen.cpp: In function ‘emitter::Instruction emitter::IGen::store32_xmm32_gpr64_plus_gpr64_plus_s8(const emitter::ObjectGenerator&, emitter::Register, emitter::Register, emitter::Register, s64)’:
/home/emeric/code/jak-project/goalc/emitter/IGen.cpp:362:1: warning: control reaches end of non-void function [-Wreturn-type]
  362 | }
      | ^
/home/emeric/code/jak-project/goalc/emitter/IGen.cpp: In function ‘emitter::Instruction emitter::IGen::load32_xmm32_gpr64_plus_gpr64_plus_s8(const emitter::ObjectGenerator&, emitter::Register, emitter::Register, emitter::Register, s64)’:
/home/emeric/code/jak-project/goalc/emitter/IGen.cpp:370:1: warning: control reaches end of non-void function [-Wreturn-type]
  370 | }
      | ^
/home/emeric/code/jak-project/goalc/emitter/IGen.cpp: In function ‘emitter::Instruction emitter::IGen::store32_xmm32_gpr64_plus_gpr64_plus_s32(const emitter::ObjectGenerator&, emitter::Register, emitter::Register, emitter::Register, s64)’:
/home/emeric/code/jak-project/goalc/emitter/IGen.cpp:378:1: warning: control reaches end of non-void function [-Wreturn-type]
  378 | }
      | ^
/home/emeric/code/jak-project/goalc/emitter/IGen.cpp: In function ‘emitter::Instruction emitter::IGen::lea_reg_plus_off32(const emitter::ObjectGenerator&, emitter::Register, emitter::Register, s64)’:
/home/emeric/code/jak-project/goalc/emitter/IGen.cpp:385:1: warning: control reaches end of non-void function [-Wreturn-type]
  385 | }
      | ^
/home/emeric/code/jak-project/goalc/emitter/IGen.cpp: In function ‘emitter::Instruction emitter::IGen::lea_reg_plus_off8(const emitter::ObjectGenerator&, emitter::Register, emitter::Register, s64)’:
/home/emeric/code/jak-project/goalc/emitter/IGen.cpp:392:1: warning: control reaches end of non-void function [-Wreturn-type]
  392 | }
      | ^
/home/emeric/code/jak-project/goalc/emitter/IGen.cpp: In function ‘emitter::Instruction emitter::IGen::lea_reg_plus_off(const emitter::ObjectGenerator&, emitter::Register, emitter::Register, s64)’:
/home/emeric/code/jak-project/goalc/emitter/IGen.cpp:396:1: warning: control reaches end of non-void function [-Wreturn-type]
  396 | }
      | ^
/home/emeric/code/jak-project/goalc/emitter/IGen.cpp: In function ‘emitter::Instruction emitter::IGen::store32_xmm32_gpr64_plus_s32(const emitter::ObjectGenerator&, emitter::Register, emitter::Register, s64)’:
/home/emeric/code/jak-project/goalc/emitter/IGen.cpp:403:1: warning: control reaches end of non-void function [-Wreturn-type]
  403 | }
      | ^
/home/emeric/code/jak-project/goalc/emitter/IGen.cpp: In function ‘emitter::Instruction emitter::IGen::store32_xmm32_gpr64_plus_s8(const emitter::ObjectGenerator&, emitter::Register, emitter::Register, s64)’:
/home/emeric/code/jak-project/goalc/emitter/IGen.cpp:410:1: warning: control reaches end of non-void function [-Wreturn-type]
  410 | }
      | ^
/home/emeric/code/jak-project/goalc/emitter/IGen.cpp: In function ‘emitter::Instruction emitter::IGen::load32_xmm32_gpr64_plus_gpr64_plus_s32(const emitter::ObjectGenerator&, emitter::Register, emitter::Register, emitter::Register, s64)’:
/home/emeric/code/jak-project/goalc/emitter/IGen.cpp:418:1: warning: control reaches end of non-void function [-Wreturn-type]
  418 | }
      | ^
/home/emeric/code/jak-project/goalc/emitter/IGen.cpp: In function ‘emitter::Instruction emitter::IGen::load32_xmm32_gpr64_plus_s32(const emitter::ObjectGenerator&, emitter::Register, emitter::Register, s64)’:
/home/emeric/code/jak-project/goalc/emitter/IGen.cpp:425:1: warning: control reaches end of non-void function [-Wreturn-type]
  425 | }
      | ^
/home/emeric/code/jak-project/goalc/emitter/IGen.cpp: In function ‘emitter::Instruction emitter::IGen::load32_xmm32_gpr64_plus_s8(const emitter::ObjectGenerator&, emitter::Register, emitter::Register, s64)’:
/home/emeric/code/jak-project/goalc/emitter/IGen.cpp:432:1: warning: control reaches end of non-void function [-Wreturn-type]
  432 | }
      | ^
/home/emeric/code/jak-project/goalc/emitter/IGen.cpp: In function ‘emitter::Instruction emitter::IGen::load_goal_xmm32(const emitter::ObjectGenerator&, emitter::Register, emitter::Register, emitter::Register, s64)’:
/home/emeric/code/jak-project/goalc/emitter/IGen.cpp:440:1: warning: control reaches end of non-void function [-Wreturn-type]
  440 | }
      | ^
/home/emeric/code/jak-project/goalc/emitter/IGen.cpp: In function ‘emitter::Instruction emitter::IGen::store_goal_xmm32(const emitter::ObjectGenerator&, emitter::Register, emitter::Register, emitter::Register, s64)’:
/home/emeric/code/jak-project/goalc/emitter/IGen.cpp:448:1: warning: control reaches end of non-void function [-Wreturn-type]
  448 | }
      | ^
/home/emeric/code/jak-project/goalc/emitter/IGen.cpp: In function ‘emitter::Instruction emitter::IGen::store_reg_offset_xmm32(const emitter::ObjectGenerator&, emitter::Register, emitter::Register, s64)’:
/home/emeric/code/jak-project/goalc/emitter/IGen.cpp:455:1: warning: control reaches end of non-void function [-Wreturn-type]
  455 | }
      | ^
/home/emeric/code/jak-project/goalc/emitter/IGen.cpp: In function ‘emitter::Instruction emitter::IGen::load_reg_offset_xmm32(const emitter::ObjectGenerator&, emitter::Register, emitter::Register, s64)’:
/home/emeric/code/jak-project/goalc/emitter/IGen.cpp:462:1: warning: control reaches end of non-void function [-Wreturn-type]
  462 | }
      | ^
/home/emeric/code/jak-project/goalc/emitter/IGen.cpp: In function ‘emitter::Instruction emitter::IGen::store128_gpr64_simd128(const emitter::ObjectGenerator&, emitter::Register, emitter::Register)’:
/home/emeric/code/jak-project/goalc/emitter/IGen.cpp:468:1: warning: control reaches end of non-void function [-Wreturn-type]
  468 | }
      | ^
/home/emeric/code/jak-project/goalc/emitter/IGen.cpp: In function ‘emitter::Instruction emitter::IGen::store128_gpr64_simd128_s32(const emitter::ObjectGenerator&, emitter::Register, emitter::Register, s64)’:
/home/emeric/code/jak-project/goalc/emitter/IGen.cpp:475:1: warning: control reaches end of non-void function [-Wreturn-type]
  475 | }
      | ^
/home/emeric/code/jak-project/goalc/emitter/IGen.cpp: In function ‘emitter::Instruction emitter::IGen::store128_gpr64_simd128_s8(const emitter::ObjectGenerator&, emitter::Register, emitter::Register, s64)’:
/home/emeric/code/jak-project/goalc/emitter/IGen.cpp:482:1: warning: control reaches end of non-void function [-Wreturn-type]
  482 | }
      | ^
/home/emeric/code/jak-project/goalc/emitter/IGen.cpp: In function ‘emitter::Instruction emitter::IGen::load128_simd128_gpr64(const emitter::ObjectGenerator&, emitter::Register, emitter::Register)’:
/home/emeric/code/jak-project/goalc/emitter/IGen.cpp:488:1: warning: control reaches end of non-void function [-Wreturn-type]
  488 | }
      | ^
/home/emeric/code/jak-project/goalc/emitter/IGen.cpp: In function ‘emitter::Instruction emitter::IGen::load128_simd128_gpr64_s32(const emitter::ObjectGenerator&, emitter::Register, emitter::Register, s64)’:
/home/emeric/code/jak-project/goalc/emitter/IGen.cpp:495:1: warning: control reaches end of non-void function [-Wreturn-type]
  495 | }
      | ^
/home/emeric/code/jak-project/goalc/emitter/IGen.cpp: In function ‘emitter::Instruction emitter::IGen::load128_simd128_gpr64_s8(const emitter::ObjectGenerator&, emitter::Register, emitter::Register, s64)’:
/home/emeric/code/jak-project/goalc/emitter/IGen.cpp:502:1: warning: control reaches end of non-void function [-Wreturn-type]
  502 | }
      | ^
/home/emeric/code/jak-project/goalc/emitter/IGen.cpp: In function ‘emitter::Instruction emitter::IGen::load128_xmm128_reg_offset(const emitter::ObjectGenerator&, emitter::Register, emitter::Register, s64)’:
/home/emeric/code/jak-project/goalc/emitter/IGen.cpp:509:1: warning: control reaches end of non-void function [-Wreturn-type]
  509 | }
      | ^
/home/emeric/code/jak-project/goalc/emitter/IGen.cpp: In function ‘emitter::Instruction emitter::IGen::store128_xmm128_reg_offset(const emitter::ObjectGenerator&, emitter::Register, emitter::Register, s64)’:
/home/emeric/code/jak-project/goalc/emitter/IGen.cpp:516:1: warning: control reaches end of non-void function [-Wreturn-type]
  516 | }
      | ^
/home/emeric/code/jak-project/goalc/emitter/IGen.cpp: In function ‘emitter::Instruction emitter::IGen::load64_rip_s32(const emitter::ObjectGenerator&, emitter::Register, s64)’:
/home/emeric/code/jak-project/goalc/emitter/IGen.cpp:520:1: warning: control reaches end of non-void function [-Wreturn-type]
  520 | }
      | ^
/home/emeric/code/jak-project/goalc/emitter/IGen.cpp: In function ‘emitter::Instruction emitter::IGen::load32s_rip_s32(const emitter::ObjectGenerator&, emitter::Register, s64)’:
/home/emeric/code/jak-project/goalc/emitter/IGen.cpp:524:1: warning: control reaches end of non-void function [-Wreturn-type]
  524 | }
      | ^
/home/emeric/code/jak-project/goalc/emitter/IGen.cpp: In function ‘emitter::Instruction emitter::IGen::load32u_rip_s32(const emitter::ObjectGenerator&, emitter::Register, s64)’:
/home/emeric/code/jak-project/goalc/emitter/IGen.cpp:528:1: warning: control reaches end of non-void function [-Wreturn-type]
  528 | }
      | ^
/home/emeric/code/jak-project/goalc/emitter/IGen.cpp: In function ‘emitter::Instruction emitter::IGen::load16u_rip_s32(const emitter::ObjectGenerator&, emitter::Register, s64)’:
/home/emeric/code/jak-project/goalc/emitter/IGen.cpp:532:1: warning: control reaches end of non-void function [-Wreturn-type]
  532 | }
      | ^
/home/emeric/code/jak-project/goalc/emitter/IGen.cpp: In function ‘emitter::Instruction emitter::IGen::load16s_rip_s32(const emitter::ObjectGenerator&, emitter::Register, s64)’:
/home/emeric/code/jak-project/goalc/emitter/IGen.cpp:536:1: warning: control reaches end of non-void function [-Wreturn-type]
  536 | }
      | ^
/home/emeric/code/jak-project/goalc/emitter/IGen.cpp: In function ‘emitter::Instruction emitter::IGen::load8u_rip_s32(const emitter::ObjectGenerator&, emitter::Register, s64)’:
/home/emeric/code/jak-project/goalc/emitter/IGen.cpp:540:1: warning: control reaches end of non-void function [-Wreturn-type]
  540 | }
      | ^
/home/emeric/code/jak-project/goalc/emitter/IGen.cpp: In function ‘emitter::Instruction emitter::IGen::load8s_rip_s32(const emitter::ObjectGenerator&, emitter::Register, s64)’:
/home/emeric/code/jak-project/goalc/emitter/IGen.cpp:544:1: warning: control reaches end of non-void function [-Wreturn-type]
  544 | }
      | ^
/home/emeric/code/jak-project/goalc/emitter/IGen.cpp: In function ‘emitter::Instruction emitter::IGen::static_load(const emitter::ObjectGenerator&, emitter::Register, s64, int, bool)’:
/home/emeric/code/jak-project/goalc/emitter/IGen.cpp:552:1: warning: control reaches end of non-void function [-Wreturn-type]
  552 | }
      | ^
/home/emeric/code/jak-project/goalc/emitter/IGen.cpp: In function ‘emitter::Instruction emitter::IGen::store64_rip_s32(const emitter::ObjectGenerator&, emitter::Register, s64)’:
/home/emeric/code/jak-project/goalc/emitter/IGen.cpp:556:1: warning: control reaches end of non-void function [-Wreturn-type]
  556 | }
      | ^
/home/emeric/code/jak-project/goalc/emitter/IGen.cpp: In function ‘emitter::Instruction emitter::IGen::store32_rip_s32(const emitter::ObjectGenerator&, emitter::Register, s64)’:
/home/emeric/code/jak-project/goalc/emitter/IGen.cpp:560:1: warning: control reaches end of non-void function [-Wreturn-type]
  560 | }
      | ^
/home/emeric/code/jak-project/goalc/emitter/IGen.cpp: In function ‘emitter::Instruction emitter::IGen::store16_rip_s32(const emitter::ObjectGenerator&, emitter::Register, s64)’:
/home/emeric/code/jak-project/goalc/emitter/IGen.cpp:564:1: warning: control reaches end of non-void function [-Wreturn-type]
  564 | }
      | ^
/home/emeric/code/jak-project/goalc/emitter/IGen.cpp: In function ‘emitter::Instruction emitter::IGen::store8_rip_s32(const emitter::ObjectGenerator&, emitter::Register, s64)’:
/home/emeric/code/jak-project/goalc/emitter/IGen.cpp:568:1: warning: control reaches end of non-void function [-Wreturn-type]
  568 | }
      | ^
/home/emeric/code/jak-project/goalc/emitter/IGen.cpp: In function ‘emitter::Instruction emitter::IGen::static_store(const emitter::ObjectGenerator&, emitter::Register, s64, int)’:
/home/emeric/code/jak-project/goalc/emitter/IGen.cpp:572:1: warning: control reaches end of non-void function [-Wreturn-type]
  572 | }
      | ^
/home/emeric/code/jak-project/goalc/emitter/IGen.cpp: In function ‘emitter::Instruction emitter::IGen::static_addr(const emitter::ObjectGenerator&, emitter::Register, s64)’:
/home/emeric/code/jak-project/goalc/emitter/IGen.cpp:576:1: warning: control reaches end of non-void function [-Wreturn-type]
  576 | }
      | ^
/home/emeric/code/jak-project/goalc/emitter/IGen.cpp: In function ‘emitter::Instruction emitter::IGen::static_load_xmm32(const emitter::ObjectGenerator&, emitter::Register, s64)’:
/home/emeric/code/jak-project/goalc/emitter/IGen.cpp:580:1: warning: control reaches end of non-void function [-Wreturn-type]
  580 | }
      | ^
/home/emeric/code/jak-project/goalc/emitter/IGen.cpp: In function ‘emitter::Instruction emitter::IGen::static_store_xmm32(const emitter::ObjectGenerator&, emitter::Register, s64)’:
/home/emeric/code/jak-project/goalc/emitter/IGen.cpp:584:1: warning: control reaches end of non-void function [-Wreturn-type]
  584 | }
      | ^
/home/emeric/code/jak-project/goalc/emitter/IGen.cpp: In function ‘emitter::Instruction emitter::IGen::load64_gpr64_plus_s32(const emitter::ObjectGenerator&, emitter::Register, int32_t, emitter::Register)’:
/home/emeric/code/jak-project/goalc/emitter/IGen.cpp:591:1: warning: control reaches end of non-void function [-Wreturn-type]
  591 | }
      | ^
/home/emeric/code/jak-project/goalc/emitter/IGen.cpp: In function ‘emitter::Instruction emitter::IGen::store64_gpr64_plus_s32(const emitter::ObjectGenerator&, emitter::Register, int32_t, emitter::Register)’:
/home/emeric/code/jak-project/goalc/emitter/IGen.cpp:598:1: warning: control reaches end of non-void function [-Wreturn-type]
  598 | }
      | ^
/home/emeric/code/jak-project/goalc/emitter/IGen.cpp: In function ‘emitter::Instruction emitter::IGen::ret(const emitter::ObjectGenerator&)’:
/home/emeric/code/jak-project/goalc/emitter/IGen.cpp:602:1: warning: control reaches end of non-void function [-Wreturn-type]
  602 | }
      | ^
/home/emeric/code/jak-project/goalc/emitter/IGen.cpp: In function ‘emitter::Instruction emitter::IGen::push_gpr64(const emitter::ObjectGenerator&, emitter::Register)’:
/home/emeric/code/jak-project/goalc/emitter/IGen.cpp:606:1: warning: control reaches end of non-void function [-Wreturn-type]
  606 | }
      | ^
/home/emeric/code/jak-project/goalc/emitter/IGen.cpp: In function ‘emitter::Instruction emitter::IGen::pop_gpr64(const emitter::ObjectGenerator&, emitter::Register)’:
/home/emeric/code/jak-project/goalc/emitter/IGen.cpp:610:1: warning: control reaches end of non-void function [-Wreturn-type]
  610 | }
      | ^
/home/emeric/code/jak-project/goalc/emitter/IGen.cpp: In function ‘emitter::Instruction emitter::IGen::call_r64(const emitter::ObjectGenerator&, emitter::Register)’:
/home/emeric/code/jak-project/goalc/emitter/IGen.cpp:614:1: warning: control reaches end of non-void function [-Wreturn-type]
  614 | }
      | ^
/home/emeric/code/jak-project/goalc/emitter/IGen.cpp: In function ‘emitter::Instruction emitter::IGen::jmp_r64(const emitter::ObjectGenerator&, emitter::Register)’:
/home/emeric/code/jak-project/goalc/emitter/IGen.cpp:618:1: warning: control reaches end of non-void function [-Wreturn-type]
  618 | }
      | ^
/home/emeric/code/jak-project/goalc/emitter/IGen.cpp: In function ‘emitter::Instruction emitter::IGen::sub_gpr64_imm8s(const emitter::ObjectGenerator&, emitter::Register, int64_t)’:
/home/emeric/code/jak-project/goalc/emitter/IGen.cpp:622:1: warning: control reaches end of non-void function [-Wreturn-type]
  622 | }
      | ^
/home/emeric/code/jak-project/goalc/emitter/IGen.cpp: In function ‘emitter::Instruction emitter::IGen::sub_gpr64_imm32s(const emitter::ObjectGenerator&, emitter::Register, int64_t)’:
/home/emeric/code/jak-project/goalc/emitter/IGen.cpp:626:1: warning: control reaches end of non-void function [-Wreturn-type]
  626 | }
      | ^
/home/emeric/code/jak-project/goalc/emitter/IGen.cpp: In function ‘emitter::Instruction emitter::IGen::add_gpr64_imm8s(const emitter::ObjectGenerator&, emitter::Register, int64_t)’:
/home/emeric/code/jak-project/goalc/emitter/IGen.cpp:630:1: warning: control reaches end of non-void function [-Wreturn-type]
  630 | }
      | ^
/home/emeric/code/jak-project/goalc/emitter/IGen.cpp: In function ‘emitter::Instruction emitter::IGen::add_gpr64_imm32s(const emitter::ObjectGenerator&, emitter::Register, int64_t)’:
/home/emeric/code/jak-project/goalc/emitter/IGen.cpp:634:1: warning: control reaches end of non-void function [-Wreturn-type]
  634 | }
      | ^
/home/emeric/code/jak-project/goalc/emitter/IGen.cpp: In function ‘emitter::Instruction emitter::IGen::add_gpr64_imm(const emitter::ObjectGenerator&, emitter::Register, int64_t)’:
/home/emeric/code/jak-project/goalc/emitter/IGen.cpp:638:1: warning: control reaches end of non-void function [-Wreturn-type]
  638 | }
      | ^
/home/emeric/code/jak-project/goalc/emitter/IGen.cpp: In function ‘emitter::Instruction emitter::IGen::sub_gpr64_imm(const emitter::ObjectGenerator&, emitter::Register, int64_t)’:
/home/emeric/code/jak-project/goalc/emitter/IGen.cpp:642:1: warning: control reaches end of non-void function [-Wreturn-type]
  642 | }
      | ^
/home/emeric/code/jak-project/goalc/emitter/IGen.cpp: In function ‘emitter::Instruction emitter::IGen::add_gpr64_gpr64(const emitter::ObjectGenerator&, emitter::Register, emitter::Register)’:
/home/emeric/code/jak-project/goalc/emitter/IGen.cpp:646:1: warning: control reaches end of non-void function [-Wreturn-type]
  646 | }
      | ^
/home/emeric/code/jak-project/goalc/emitter/IGen.cpp: In function ‘emitter::Instruction emitter::IGen::sub_gpr64_gpr64(const emitter::ObjectGenerator&, emitter::Register, emitter::Register)’:
/home/emeric/code/jak-project/goalc/emitter/IGen.cpp:650:1: warning: control reaches end of non-void function [-Wreturn-type]
  650 | }
      | ^
/home/emeric/code/jak-project/goalc/emitter/IGen.cpp: In function ‘emitter::Instruction emitter::IGen::imul_gpr32_gpr32(const emitter::ObjectGenerator&, emitter::Register, emitter::Register)’:
/home/emeric/code/jak-project/goalc/emitter/IGen.cpp:654:1: warning: control reaches end of non-void function [-Wreturn-type]
  654 | }
      | ^
/home/emeric/code/jak-project/goalc/emitter/IGen.cpp: In function ‘emitter::Instruction emitter::IGen::imul_gpr64_gpr64(const emitter::ObjectGenerator&, emitter::Register, emitter::Register)’:
/home/emeric/code/jak-project/goalc/emitter/IGen.cpp:658:1: warning: control reaches end of non-void function [-Wreturn-type]
  658 | }
      | ^
/home/emeric/code/jak-project/goalc/emitter/IGen.cpp: In function ‘emitter::Instruction emitter::IGen::idiv_gpr32(const emitter::ObjectGenerator&, emitter::Register)’:
/home/emeric/code/jak-project/goalc/emitter/IGen.cpp:662:1: warning: control reaches end of non-void function [-Wreturn-type]
  662 | }
      | ^
/home/emeric/code/jak-project/goalc/emitter/IGen.cpp: In function ‘emitter::Instruction emitter::IGen::unsigned_div_gpr32(const emitter::ObjectGenerator&, emitter::Register)’:
/home/emeric/code/jak-project/goalc/emitter/IGen.cpp:666:1: warning: control reaches end of non-void function [-Wreturn-type]
  666 | }
      | ^
/home/emeric/code/jak-project/goalc/emitter/IGen.cpp: In function ‘emitter::Instruction emitter::IGen::cdq(const emitter::ObjectGenerator&)’:
/home/emeric/code/jak-project/goalc/emitter/IGen.cpp:670:1: warning: control reaches end of non-void function [-Wreturn-type]
  670 | }
      | ^
/home/emeric/code/jak-project/goalc/emitter/IGen.cpp: In function ‘emitter::Instruction emitter::IGen::movsx_r64_r32(const emitter::ObjectGenerator&, emitter::Register, emitter::Register)’:
/home/emeric/code/jak-project/goalc/emitter/IGen.cpp:674:1: warning: control reaches end of non-void function [-Wreturn-type]
  674 | }
      | ^
/home/emeric/code/jak-project/goalc/emitter/IGen.cpp: In function ‘emitter::Instruction emitter::IGen::cmp_gpr64_gpr64(const emitter::ObjectGenerator&, emitter::Register, emitter::Register)’:
/home/emeric/code/jak-project/goalc/emitter/IGen.cpp:678:1: warning: control reaches end of non-void function [-Wreturn-type]
  678 | }
      | ^
/home/emeric/code/jak-project/goalc/emitter/IGen.cpp: In function ‘emitter::Instruction emitter::IGen::or_gpr64_gpr64(const emitter::ObjectGenerator&, emitter::Register, emitter::Register)’:
/home/emeric/code/jak-project/goalc/emitter/IGen.cpp:682:1: warning: control reaches end of non-void function [-Wreturn-type]
  682 | }
      | ^
/home/emeric/code/jak-project/goalc/emitter/IGen.cpp: In function ‘emitter::Instruction emitter::IGen::and_gpr64_gpr64(const emitter::ObjectGenerator&, emitter::Register, emitter::Register)’:
/home/emeric/code/jak-project/goalc/emitter/IGen.cpp:686:1: warning: control reaches end of non-void function [-Wreturn-type]
  686 | }
      | ^
/home/emeric/code/jak-project/goalc/emitter/IGen.cpp: In function ‘emitter::Instruction emitter::IGen::xor_gpr64_gpr64(const emitter::ObjectGenerator&, emitter::Register, emitter::Register)’:
/home/emeric/code/jak-project/goalc/emitter/IGen.cpp:690:1: warning: control reaches end of non-void function [-Wreturn-type]
  690 | }
      | ^
/home/emeric/code/jak-project/goalc/emitter/IGen.cpp: In function ‘emitter::Instruction emitter::IGen::not_gpr64(const emitter::ObjectGenerator&, emitter::Register)’:
/home/emeric/code/jak-project/goalc/emitter/IGen.cpp:694:1: warning: control reaches end of non-void function [-Wreturn-type]
  694 | }
      | ^
/home/emeric/code/jak-project/goalc/emitter/IGen.cpp: In function ‘emitter::Instruction emitter::IGen::shl_gpr64_cl(const emitter::ObjectGenerator&, emitter::Register)’:
/home/emeric/code/jak-project/goalc/emitter/IGen.cpp:698:1: warning: control reaches end of non-void function [-Wreturn-type]
  698 | }
      | ^
/home/emeric/code/jak-project/goalc/emitter/IGen.cpp: In function ‘emitter::Instruction emitter::IGen::shr_gpr64_cl(const emitter::ObjectGenerator&, emitter::Register)’:
/home/emeric/code/jak-project/goalc/emitter/IGen.cpp:702:1: warning: control reaches end of non-void function [-Wreturn-type]
  702 | }
      | ^
/home/emeric/code/jak-project/goalc/emitter/IGen.cpp: In function ‘emitter::Instruction emitter::IGen::sar_gpr64_cl(const emitter::ObjectGenerator&, emitter::Register)’:
/home/emeric/code/jak-project/goalc/emitter/IGen.cpp:706:1: warning: control reaches end of non-void function [-Wreturn-type]
  706 | }
      | ^
/home/emeric/code/jak-project/goalc/emitter/IGen.cpp: In function ‘emitter::Instruction emitter::IGen::shl_gpr64_u8(const emitter::ObjectGenerator&, emitter::Register, uint8_t)’:
/home/emeric/code/jak-project/goalc/emitter/IGen.cpp:710:1: warning: control reaches end of non-void function [-Wreturn-type]
  710 | }
      | ^
/home/emeric/code/jak-project/goalc/emitter/IGen.cpp: In function ‘emitter::Instruction emitter::IGen::shr_gpr64_u8(const emitter::ObjectGenerator&, emitter::Register, uint8_t)’:
/home/emeric/code/jak-project/goalc/emitter/IGen.cpp:714:1: warning: control reaches end of non-void function [-Wreturn-type]
  714 | }
      | ^
/home/emeric/code/jak-project/goalc/emitter/IGen.cpp: In function ‘emitter::Instruction emitter::IGen::sar_gpr64_u8(const emitter::ObjectGenerator&, emitter::Register, uint8_t)’:
/home/emeric/code/jak-project/goalc/emitter/IGen.cpp:718:1: warning: control reaches end of non-void function [-Wreturn-type]
  718 | }
      | ^
/home/emeric/code/jak-project/goalc/emitter/IGen.cpp: In function ‘emitter::Instruction emitter::IGen::jmp_32(const emitter::ObjectGenerator&)’:
/home/emeric/code/jak-project/goalc/emitter/IGen.cpp:722:1: warning: control reaches end of non-void function [-Wreturn-type]
  722 | }
      | ^
/home/emeric/code/jak-project/goalc/emitter/IGen.cpp: In function ‘emitter::Instruction emitter::IGen::je_32(const emitter::ObjectGenerator&)’:
/home/emeric/code/jak-project/goalc/emitter/IGen.cpp:726:1: warning: control reaches end of non-void function [-Wreturn-type]
  726 | }
      | ^
/home/emeric/code/jak-project/goalc/emitter/IGen.cpp: In function ‘emitter::Instruction emitter::IGen::jne_32(const emitter::ObjectGenerator&)’:
/home/emeric/code/jak-project/goalc/emitter/IGen.cpp:730:1: warning: control reaches end of non-void function [-Wreturn-type]
  730 | }
      | ^
/home/emeric/code/jak-project/goalc/emitter/IGen.cpp: In function ‘emitter::Instruction emitter::IGen::jle_32(const emitter::ObjectGenerator&)’:
/home/emeric/code/jak-project/goalc/emitter/IGen.cpp:734:1: warning: control reaches end of non-void function [-Wreturn-type]
  734 | }
      | ^
/home/emeric/code/jak-project/goalc/emitter/IGen.cpp: In function ‘emitter::Instruction emitter::IGen::jge_32(const emitter::ObjectGenerator&)’:
/home/emeric/code/jak-project/goalc/emitter/IGen.cpp:738:1: warning: control reaches end of non-void function [-Wreturn-type]
  738 | }
      | ^
/home/emeric/code/jak-project/goalc/emitter/IGen.cpp: In function ‘emitter::Instruction emitter::IGen::jl_32(const emitter::ObjectGenerator&)’:
/home/emeric/code/jak-project/goalc/emitter/IGen.cpp:742:1: warning: control reaches end of non-void function [-Wreturn-type]
  742 | }
      | ^
/home/emeric/code/jak-project/goalc/emitter/IGen.cpp: In function ‘emitter::Instruction emitter::IGen::jg_32(const emitter::ObjectGenerator&)’:
/home/emeric/code/jak-project/goalc/emitter/IGen.cpp:746:1: warning: control reaches end of non-void function [-Wreturn-type]
  746 | }
      | ^
/home/emeric/code/jak-project/goalc/emitter/IGen.cpp: In function ‘emitter::Instruction emitter::IGen::jbe_32(const emitter::ObjectGenerator&)’:
/home/emeric/code/jak-project/goalc/emitter/IGen.cpp:750:1: warning: control reaches end of non-void function [-Wreturn-type]
  750 | }
      | ^
/home/emeric/code/jak-project/goalc/emitter/IGen.cpp: In function ‘emitter::Instruction emitter::IGen::jae_32(const emitter::ObjectGenerator&)’:
/home/emeric/code/jak-project/goalc/emitter/IGen.cpp:754:1: warning: control reaches end of non-void function [-Wreturn-type]
  754 | }
      | ^
/home/emeric/code/jak-project/goalc/emitter/IGen.cpp: In function ‘emitter::Instruction emitter::IGen::jb_32(const emitter::ObjectGenerator&)’:
/home/emeric/code/jak-project/goalc/emitter/IGen.cpp:758:1: warning: control reaches end of non-void function [-Wreturn-type]
  758 | }
      | ^
/home/emeric/code/jak-project/goalc/emitter/IGen.cpp: In function ‘emitter::Instruction emitter::IGen::ja_32(const emitter::ObjectGenerator&)’:
/home/emeric/code/jak-project/goalc/emitter/IGen.cpp:762:1: warning: control reaches end of non-void function [-Wreturn-type]
  762 | }
      | ^
/home/emeric/code/jak-project/goalc/emitter/IGen.cpp: In function ‘emitter::Instruction emitter::IGen::cmp_flt_flt(const emitter::ObjectGenerator&, emitter::Register, emitter::Register)’:
/home/emeric/code/jak-project/goalc/emitter/IGen.cpp:766:1: warning: control reaches end of non-void function [-Wreturn-type]
  766 | }
      | ^
/home/emeric/code/jak-project/goalc/emitter/IGen.cpp: In function ‘emitter::Instruction emitter::IGen::sqrts_xmm(const emitter::ObjectGenerator&, emitter::Register, emitter::Register)’:
/home/emeric/code/jak-project/goalc/emitter/IGen.cpp:770:1: warning: control reaches end of non-void function [-Wreturn-type]
  770 | }
      | ^
/home/emeric/code/jak-project/goalc/emitter/IGen.cpp: In function ‘emitter::Instruction emitter::IGen::mulss_xmm_xmm(const emitter::ObjectGenerator&, emitter::Register, emitter::Register)’:
/home/emeric/code/jak-project/goalc/emitter/IGen.cpp:774:1: warning: control reaches end of non-void function [-Wreturn-type]
  774 | }
      | ^
/home/emeric/code/jak-project/goalc/emitter/IGen.cpp: In function ‘emitter::Instruction emitter::IGen::divss_xmm_xmm(const emitter::ObjectGenerator&, emitter::Register, emitter::Register)’:
/home/emeric/code/jak-project/goalc/emitter/IGen.cpp:778:1: warning: control reaches end of non-void function [-Wreturn-type]
  778 | }
      | ^
/home/emeric/code/jak-project/goalc/emitter/IGen.cpp: In function ‘emitter::Instruction emitter::IGen::subss_xmm_xmm(const emitter::ObjectGenerator&, emitter::Register, emitter::Register)’:
/home/emeric/code/jak-project/goalc/emitter/IGen.cpp:782:1: warning: control reaches end of non-void function [-Wreturn-type]
  782 | }
      | ^
/home/emeric/code/jak-project/goalc/emitter/IGen.cpp: In function ‘emitter::Instruction emitter::IGen::addss_xmm_xmm(const emitter::ObjectGenerator&, emitter::Register, emitter::Register)’:
/home/emeric/code/jak-project/goalc/emitter/IGen.cpp:786:1: warning: control reaches end of non-void function [-Wreturn-type]
  786 | }
      | ^
/home/emeric/code/jak-project/goalc/emitter/IGen.cpp: In function ‘emitter::Instruction emitter::IGen::minss_xmm_xmm(const emitter::ObjectGenerator&, emitter::Register, emitter::Register)’:
/home/emeric/code/jak-project/goalc/emitter/IGen.cpp:790:1: warning: control reaches end of non-void function [-Wreturn-type]
  790 | }
      | ^
/home/emeric/code/jak-project/goalc/emitter/IGen.cpp: In function ‘emitter::Instruction emitter::IGen::maxss_xmm_xmm(const emitter::ObjectGenerator&, emitter::Register, emitter::Register)’:
/home/emeric/code/jak-project/goalc/emitter/IGen.cpp:794:1: warning: control reaches end of non-void function [-Wreturn-type]
  794 | }
      | ^
/home/emeric/code/jak-project/goalc/emitter/IGen.cpp: In function ‘emitter::Instruction emitter::IGen::int32_to_float(const emitter::ObjectGenerator&, emitter::Register, emitter::Register)’:
/home/emeric/code/jak-project/goalc/emitter/IGen.cpp:798:1: warning: control reaches end of non-void function [-Wreturn-type]
  798 | }
      | ^
/home/emeric/code/jak-project/goalc/emitter/IGen.cpp: In function ‘emitter::Instruction emitter::IGen::float_to_int32(const emitter::ObjectGenerator&, emitter::Register, emitter::Register)’:
/home/emeric/code/jak-project/goalc/emitter/IGen.cpp:802:1: warning: control reaches end of non-void function [-Wreturn-type]
  802 | }
      | ^
/home/emeric/code/jak-project/goalc/emitter/IGen.cpp: In function ‘emitter::Instruction emitter::IGen::nop(const emitter::ObjectGenerator&)’:
/home/emeric/code/jak-project/goalc/emitter/IGen.cpp:806:1: warning: control reaches end of non-void function [-Wreturn-type]
  806 | }
      | ^
/home/emeric/code/jak-project/goalc/emitter/IGen.cpp: In function ‘emitter::Instruction emitter::IGen::null(const emitter::ObjectGenerator&)’:
/home/emeric/code/jak-project/goalc/emitter/IGen.cpp:810:1: warning: control reaches end of non-void function [-Wreturn-type]
  810 | }
      | ^
/home/emeric/code/jak-project/goalc/emitter/IGen.cpp: In function ‘emitter::Instruction emitter::IGen::nop_vf(const emitter::ObjectGenerator&)’:
/home/emeric/code/jak-project/goalc/emitter/IGen.cpp:814:1: warning: control reaches end of non-void function [-Wreturn-type]
  814 | }
      | ^
/home/emeric/code/jak-project/goalc/emitter/IGen.cpp: In function ‘emitter::Instruction emitter::IGen::wait_vf(const emitter::ObjectGenerator&)’:
/home/emeric/code/jak-project/goalc/emitter/IGen.cpp:818:1: warning: control reaches end of non-void function [-Wreturn-type]
  818 | }
      | ^
/home/emeric/code/jak-project/goalc/emitter/IGen.cpp: In function ‘emitter::Instruction emitter::IGen::mov_vf_vf(const emitter::ObjectGenerator&, emitter::Register, emitter::Register)’:
/home/emeric/code/jak-project/goalc/emitter/IGen.cpp:822:1: warning: control reaches end of non-void function [-Wreturn-type]
  822 | }
      | ^
/home/emeric/code/jak-project/goalc/emitter/IGen.cpp: In function ‘emitter::Instruction emitter::IGen::loadvf_gpr64_plus_gpr64(const emitter::ObjectGenerator&, emitter::Register, emitter::Register, emitter::Register)’:
/home/emeric/code/jak-project/goalc/emitter/IGen.cpp:829:1: warning: control reaches end of non-void function [-Wreturn-type]
  829 | }
      | ^
/home/emeric/code/jak-project/goalc/emitter/IGen.cpp: In function ‘emitter::Instruction emitter::IGen::loadvf_gpr64_plus_gpr64_plus_s8(const emitter::ObjectGenerator&, emitter::Register, emitter::Register, emitter::Register, s64)’:
/home/emeric/code/jak-project/goalc/emitter/IGen.cpp:837:1: warning: control reaches end of non-void function [-Wreturn-type]
  837 | }
      | ^
/home/emeric/code/jak-project/goalc/emitter/IGen.cpp: In function ‘emitter::Instruction emitter::IGen::loadvf_gpr64_plus_gpr64_plus_s32(const emitter::ObjectGenerator&, emitter::Register, emitter::Register, emitter::Register, s64)’:
/home/emeric/code/jak-project/goalc/emitter/IGen.cpp:845:1: warning: control reaches end of non-void function [-Wreturn-type]
  845 | }
      | ^
/home/emeric/code/jak-project/goalc/emitter/IGen.cpp: In function ‘emitter::Instruction emitter::IGen::storevf_gpr64_plus_gpr64(const emitter::ObjectGenerator&, emitter::Register, emitter::Register, emitter::Register)’:
/home/emeric/code/jak-project/goalc/emitter/IGen.cpp:852:1: warning: control reaches end of non-void function [-Wreturn-type]
  852 | }
      | ^
/home/emeric/code/jak-project/goalc/emitter/IGen.cpp: In function ‘emitter::Instruction emitter::IGen::storevf_gpr64_plus_gpr64_plus_s8(const emitter::ObjectGenerator&, emitter::Register, emitter::Register, emitter::Register, s64)’:
/home/emeric/code/jak-project/goalc/emitter/IGen.cpp:860:1: warning: control reaches end of non-void function [-Wreturn-type]
  860 | }
      | ^
/home/emeric/code/jak-project/goalc/emitter/IGen.cpp: In function ‘emitter::Instruction emitter::IGen::storevf_gpr64_plus_gpr64_plus_s32(const emitter::ObjectGenerator&, emitter::Register, emitter::Register, emitter::Register, s64)’:
/home/emeric/code/jak-project/goalc/emitter/IGen.cpp:868:1: warning: control reaches end of non-void function [-Wreturn-type]
  868 | }
      | ^
/home/emeric/code/jak-project/goalc/emitter/IGen.cpp: In function ‘emitter::Instruction emitter::IGen::loadvf_rip_plus_s32(const emitter::ObjectGenerator&, emitter::Register, s64)’:
/home/emeric/code/jak-project/goalc/emitter/IGen.cpp:872:1: warning: control reaches end of non-void function [-Wreturn-type]
  872 | }
      | ^
/home/emeric/code/jak-project/goalc/emitter/IGen.cpp: In function ‘emitter::Instruction emitter::IGen::blend_vf(const emitter::ObjectGenerator&, emitter::Register, emitter::Register, emitter::Register, u8)’:
/home/emeric/code/jak-project/goalc/emitter/IGen.cpp:880:1: warning: control reaches end of non-void function [-Wreturn-type]
  880 | }
      | ^
/home/emeric/code/jak-project/goalc/emitter/IGen.cpp: In function ‘emitter::Instruction emitter::IGen::shuffle_vf(const emitter::ObjectGenerator&, emitter::Register, emitter::Register, u8, u8, u8, u8)’:
/home/emeric/code/jak-project/goalc/emitter/IGen.cpp:885:1: warning: control reaches end of non-void function [-Wreturn-type]
  885 | }
      | ^
/home/emeric/code/jak-project/goalc/emitter/IGen.cpp: In function ‘emitter::Instruction emitter::IGen::swizzle_vf(const emitter::ObjectGenerator&, emitter::Register, emitter::Register, u8)’:
/home/emeric/code/jak-project/goalc/emitter/IGen.cpp:889:1: warning: control reaches end of non-void function [-Wreturn-type]
  889 | }
      | ^
/home/emeric/code/jak-project/goalc/emitter/IGen.cpp: In function ‘emitter::Instruction emitter::IGen::splat_vf(const emitter::ObjectGenerator&, emitter::Register, emitter::Register, emitter::Register::VF_ELEMENT)’:
/home/emeric/code/jak-project/goalc/emitter/IGen.cpp:896:1: warning: control reaches end of non-void function [-Wreturn-type]
  896 | }
      | ^
/home/emeric/code/jak-project/goalc/emitter/IGen.cpp: In function ‘emitter::Instruction emitter::IGen::xor_vf(const emitter::ObjectGenerator&, emitter::Register, emitter::Register, emitter::Register)’:
/home/emeric/code/jak-project/goalc/emitter/IGen.cpp:900:1: warning: control reaches end of non-void function [-Wreturn-type]
  900 | }
      | ^
/home/emeric/code/jak-project/goalc/emitter/IGen.cpp: In function ‘emitter::Instruction emitter::IGen::sub_vf(const emitter::ObjectGenerator&, emitter::Register, emitter::Register, emitter::Register)’:
/home/emeric/code/jak-project/goalc/emitter/IGen.cpp:904:1: warning: control reaches end of non-void function [-Wreturn-type]
  904 | }
      | ^
/home/emeric/code/jak-project/goalc/emitter/IGen.cpp: In function ‘emitter::Instruction emitter::IGen::add_vf(const emitter::ObjectGenerator&, emitter::Register, emitter::Register, emitter::Register)’:
/home/emeric/code/jak-project/goalc/emitter/IGen.cpp:908:1: warning: control reaches end of non-void function [-Wreturn-type]
  908 | }
      | ^
/home/emeric/code/jak-project/goalc/emitter/IGen.cpp: In function ‘emitter::Instruction emitter::IGen::mul_vf(const emitter::ObjectGenerator&, emitter::Register, emitter::Register, emitter::Register)’:
/home/emeric/code/jak-project/goalc/emitter/IGen.cpp:912:1: warning: control reaches end of non-void function [-Wreturn-type]
  912 | }
      | ^
/home/emeric/code/jak-project/goalc/emitter/IGen.cpp: In function ‘emitter::Instruction emitter::IGen::max_vf(const emitter::ObjectGenerator&, emitter::Register, emitter::Register, emitter::Register)’:
/home/emeric/code/jak-project/goalc/emitter/IGen.cpp:916:1: warning: control reaches end of non-void function [-Wreturn-type]
  916 | }
      | ^
/home/emeric/code/jak-project/goalc/emitter/IGen.cpp: In function ‘emitter::Instruction emitter::IGen::min_vf(const emitter::ObjectGenerator&, emitter::Register, emitter::Register, emitter::Register)’:
/home/emeric/code/jak-project/goalc/emitter/IGen.cpp:920:1: warning: control reaches end of non-void function [-Wreturn-type]
  920 | }
      | ^
/home/emeric/code/jak-project/goalc/emitter/IGen.cpp: In function ‘emitter::Instruction emitter::IGen::div_vf(const emitter::ObjectGenerator&, emitter::Register, emitter::Register, emitter::Register)’:
/home/emeric/code/jak-project/goalc/emitter/IGen.cpp:924:1: warning: control reaches end of non-void function [-Wreturn-type]
  924 | }
      | ^
/home/emeric/code/jak-project/goalc/emitter/IGen.cpp: In function ‘emitter::Instruction emitter::IGen::sqrt_vf(const emitter::ObjectGenerator&, emitter::Register, emitter::Register)’:
/home/emeric/code/jak-project/goalc/emitter/IGen.cpp:928:1: warning: control reaches end of non-void function [-Wreturn-type]
  928 | }
      | ^
/home/emeric/code/jak-project/goalc/emitter/IGen.cpp: In function ‘emitter::Instruction emitter::IGen::itof_vf(const emitter::ObjectGenerator&, emitter::Register, emitter::Register)’:
/home/emeric/code/jak-project/goalc/emitter/IGen.cpp:932:1: warning: control reaches end of non-void function [-Wreturn-type]
  932 | }
      | ^
/home/emeric/code/jak-project/goalc/emitter/IGen.cpp: In function ‘emitter::Instruction emitter::IGen::ftoi_vf(const emitter::ObjectGenerator&, emitter::Register, emitter::Register)’:
/home/emeric/code/jak-project/goalc/emitter/IGen.cpp:936:1: warning: control reaches end of non-void function [-Wreturn-type]
  936 | }
      | ^
/home/emeric/code/jak-project/goalc/emitter/IGen.cpp: In function ‘emitter::Instruction emitter::IGen::pw_sra(const emitter::ObjectGenerator&, emitter::Register, emitter::Register, u8)’:
/home/emeric/code/jak-project/goalc/emitter/IGen.cpp:940:1: warning: control reaches end of non-void function [-Wreturn-type]
  940 | }
      | ^
/home/emeric/code/jak-project/goalc/emitter/IGen.cpp: In function ‘emitter::Instruction emitter::IGen::pw_srl(const emitter::ObjectGenerator&, emitter::Register, emitter::Register, u8)’:
/home/emeric/code/jak-project/goalc/emitter/IGen.cpp:944:1: warning: control reaches end of non-void function [-Wreturn-type]
  944 | }
      | ^
/home/emeric/code/jak-project/goalc/emitter/IGen.cpp: In function ‘emitter::Instruction emitter::IGen::ph_srl(const emitter::ObjectGenerator&, emitter::Register, emitter::Register, u8)’:
/home/emeric/code/jak-project/goalc/emitter/IGen.cpp:948:1: warning: control reaches end of non-void function [-Wreturn-type]
  948 | }
      | ^
/home/emeric/code/jak-project/goalc/emitter/IGen.cpp: In function ‘emitter::Instruction emitter::IGen::pw_sll(const emitter::ObjectGenerator&, emitter::Register, emitter::Register, u8)’:
/home/emeric/code/jak-project/goalc/emitter/IGen.cpp:952:1: warning: control reaches end of non-void function [-Wreturn-type]
  952 | }
      | ^
/home/emeric/code/jak-project/goalc/emitter/IGen.cpp: In function ‘emitter::Instruction emitter::IGen::ph_sll(const emitter::ObjectGenerator&, emitter::Register, emitter::Register, u8)’:
/home/emeric/code/jak-project/goalc/emitter/IGen.cpp:956:1: warning: control reaches end of non-void function [-Wreturn-type]
  956 | }
      | ^
/home/emeric/code/jak-project/goalc/emitter/IGen.cpp: In function ‘emitter::Instruction emitter::IGen::parallel_add_byte(const emitter::ObjectGenerator&, emitter::Register, emitter::Register, emitter::Register)’:
/home/emeric/code/jak-project/goalc/emitter/IGen.cpp:963:1: warning: control reaches end of non-void function [-Wreturn-type]
  963 | }
      | ^
/home/emeric/code/jak-project/goalc/emitter/IGen.cpp: In function ‘emitter::Instruction emitter::IGen::parallel_bitwise_or(const emitter::ObjectGenerator&, emitter::Register, emitter::Register, emitter::Register)’:
/home/emeric/code/jak-project/goalc/emitter/IGen.cpp:970:1: warning: control reaches end of non-void function [-Wreturn-type]
  970 | }
      | ^
/home/emeric/code/jak-project/goalc/emitter/IGen.cpp: In function ‘emitter::Instruction emitter::IGen::parallel_bitwise_xor(const emitter::ObjectGenerator&, emitter::Register, emitter::Register, emitter::Register)’:
/home/emeric/code/jak-project/goalc/emitter/IGen.cpp:977:1: warning: control reaches end of non-void function [-Wreturn-type]
  977 | }
      | ^
/home/emeric/code/jak-project/goalc/emitter/IGen.cpp: In function ‘emitter::Instruction emitter::IGen::parallel_bitwise_and(const emitter::ObjectGenerator&, emitter::Register, emitter::Register, emitter::Register)’:
/home/emeric/code/jak-project/goalc/emitter/IGen.cpp:984:1: warning: control reaches end of non-void function [-Wreturn-type]
  984 | }
      | ^
/home/emeric/code/jak-project/goalc/emitter/IGen.cpp: In function ‘emitter::Instruction emitter::IGen::pextub_swapped(const emitter::ObjectGenerator&, emitter::Register, emitter::Register, emitter::Register)’:
/home/emeric/code/jak-project/goalc/emitter/IGen.cpp:988:1: warning: control reaches end of non-void function [-Wreturn-type]
  988 | }
      | ^
/home/emeric/code/jak-project/goalc/emitter/IGen.cpp: In function ‘emitter::Instruction emitter::IGen::pextuh_swapped(const emitter::ObjectGenerator&, emitter::Register, emitter::Register, emitter::Register)’:
/home/emeric/code/jak-project/goalc/emitter/IGen.cpp:992:1: warning: control reaches end of non-void function [-Wreturn-type]
  992 | }
      | ^
/home/emeric/code/jak-project/goalc/emitter/IGen.cpp: In function ‘emitter::Instruction emitter::IGen::pextuw_swapped(const emitter::ObjectGenerator&, emitter::Register, emitter::Register, emitter::Register)’:
/home/emeric/code/jak-project/goalc/emitter/IGen.cpp:996:1: warning: control reaches end of non-void function [-Wreturn-type]
  996 | }
      | ^
/home/emeric/code/jak-project/goalc/emitter/IGen.cpp: In function ‘emitter::Instruction emitter::IGen::pextlb_swapped(const emitter::ObjectGenerator&, emitter::Register, emitter::Register, emitter::Register)’:
/home/emeric/code/jak-project/goalc/emitter/IGen.cpp:1000:1: warning: control reaches end of non-void function [-Wreturn-type]
 1000 | }
      | ^
/home/emeric/code/jak-project/goalc/emitter/IGen.cpp: In function ‘emitter::Instruction emitter::IGen::pextlh_swapped(const emitter::ObjectGenerator&, emitter::Register, emitter::Register, emitter::Register)’:
/home/emeric/code/jak-project/goalc/emitter/IGen.cpp:1004:1: warning: control reaches end of non-void function [-Wreturn-type]
 1004 | }
      | ^
/home/emeric/code/jak-project/goalc/emitter/IGen.cpp: In function ‘emitter::Instruction emitter::IGen::pextlw_swapped(const emitter::ObjectGenerator&, emitter::Register, emitter::Register, emitter::Register)’:
/home/emeric/code/jak-project/goalc/emitter/IGen.cpp:1008:1: warning: control reaches end of non-void function [-Wreturn-type]
 1008 | }
      | ^
/home/emeric/code/jak-project/goalc/emitter/IGen.cpp: In function ‘emitter::Instruction emitter::IGen::parallel_compare_e_b(const emitter::ObjectGenerator&, emitter::Register, emitter::Register, emitter::Register)’:
/home/emeric/code/jak-project/goalc/emitter/IGen.cpp:1015:1: warning: control reaches end of non-void function [-Wreturn-type]
 1015 | }
      | ^
/home/emeric/code/jak-project/goalc/emitter/IGen.cpp: In function ‘emitter::Instruction emitter::IGen::parallel_compare_e_h(const emitter::ObjectGenerator&, emitter::Register, emitter::Register, emitter::Register)’:
/home/emeric/code/jak-project/goalc/emitter/IGen.cpp:1022:1: warning: control reaches end of non-void function [-Wreturn-type]
 1022 | }
      | ^
/home/emeric/code/jak-project/goalc/emitter/IGen.cpp: In function ‘emitter::Instruction emitter::IGen::parallel_compare_e_w(const emitter::ObjectGenerator&, emitter::Register, emitter::Register, emitter::Register)’:
/home/emeric/code/jak-project/goalc/emitter/IGen.cpp:1029:1: warning: control reaches end of non-void function [-Wreturn-type]
 1029 | }
      | ^
/home/emeric/code/jak-project/goalc/emitter/IGen.cpp: In function ‘emitter::Instruction emitter::IGen::parallel_compare_gt_b(const emitter::ObjectGenerator&, emitter::Register, emitter::Register, emitter::Register)’:
/home/emeric/code/jak-project/goalc/emitter/IGen.cpp:1036:1: warning: control reaches end of non-void function [-Wreturn-type]
 1036 | }
      | ^
/home/emeric/code/jak-project/goalc/emitter/IGen.cpp: In function ‘emitter::Instruction emitter::IGen::parallel_compare_gt_h(const emitter::ObjectGenerator&, emitter::Register, emitter::Register, emitter::Register)’:
/home/emeric/code/jak-project/goalc/emitter/IGen.cpp:1043:1: warning: control reaches end of non-void function [-Wreturn-type]
 1043 | }
      | ^
/home/emeric/code/jak-project/goalc/emitter/IGen.cpp: In function ‘emitter::Instruction emitter::IGen::parallel_compare_gt_w(const emitter::ObjectGenerator&, emitter::Register, emitter::Register, emitter::Register)’:
/home/emeric/code/jak-project/goalc/emitter/IGen.cpp:1050:1: warning: control reaches end of non-void function [-Wreturn-type]
 1050 | }
      | ^
/home/emeric/code/jak-project/goalc/emitter/IGen.cpp: In function ‘emitter::Instruction emitter::IGen::vpunpcklqdq(const emitter::ObjectGenerator&, emitter::Register, emitter::Register, emitter::Register)’:
/home/emeric/code/jak-project/goalc/emitter/IGen.cpp:1054:1: warning: control reaches end of non-void function [-Wreturn-type]
 1054 | }
      | ^
/home/emeric/code/jak-project/goalc/emitter/IGen.cpp: In function ‘emitter::Instruction emitter::IGen::pcpyld_swapped(const emitter::ObjectGenerator&, emitter::Register, emitter::Register, emitter::Register)’:
/home/emeric/code/jak-project/goalc/emitter/IGen.cpp:1058:1: warning: control reaches end of non-void function [-Wreturn-type]
 1058 | }
      | ^
/home/emeric/code/jak-project/goalc/emitter/IGen.cpp: In function ‘emitter::Instruction emitter::IGen::pcpyud(const emitter::ObjectGenerator&, emitter::Register, emitter::Register, emitter::Register)’:
/home/emeric/code/jak-project/goalc/emitter/IGen.cpp:1062:1: warning: control reaches end of non-void function [-Wreturn-type]
 1062 | }
      | ^
/home/emeric/code/jak-project/goalc/emitter/IGen.cpp: In function ‘emitter::Instruction emitter::IGen::vpsubd(const emitter::ObjectGenerator&, emitter::Register, emitter::Register, emitter::Register)’:
/home/emeric/code/jak-project/goalc/emitter/IGen.cpp:1066:1: warning: control reaches end of non-void function [-Wreturn-type]
 1066 | }
      | ^
/home/emeric/code/jak-project/goalc/emitter/IGen.cpp: In function ‘emitter::Instruction emitter::IGen::vpsrldq(const emitter::ObjectGenerator&, emitter::Register, emitter::Register, u8)’:
/home/emeric/code/jak-project/goalc/emitter/IGen.cpp:1070:1: warning: control reaches end of non-void function [-Wreturn-type]
 1070 | }
      | ^
/home/emeric/code/jak-project/goalc/emitter/IGen.cpp: In function ‘emitter::Instruction emitter::IGen::vpslldq(const emitter::ObjectGenerator&, emitter::Register, emitter::Register, u8)’:
/home/emeric/code/jak-project/goalc/emitter/IGen.cpp:1074:1: warning: control reaches end of non-void function [-Wreturn-type]
 1074 | }
      | ^
/home/emeric/code/jak-project/goalc/emitter/IGen.cpp: In function ‘emitter::Instruction emitter::IGen::vpshuflw(const emitter::ObjectGenerator&, emitter::Register, emitter::Register, u8)’:
/home/emeric/code/jak-project/goalc/emitter/IGen.cpp:1078:1: warning: control reaches end of non-void function [-Wreturn-type]
 1078 | }
      | ^
/home/emeric/code/jak-project/goalc/emitter/IGen.cpp: In function ‘emitter::Instruction emitter::IGen::vpshufhw(const emitter::ObjectGenerator&, emitter::Register, emitter::Register, u8)’:
/home/emeric/code/jak-project/goalc/emitter/IGen.cpp:1082:1: warning: control reaches end of non-void function [-Wreturn-type]
 1082 | }
      | ^
/home/emeric/code/jak-project/goalc/emitter/IGen.cpp: In function ‘emitter::Instruction emitter::IGen::vpackuswb(const emitter::ObjectGenerator&, emitter::Register, emitter::Register, emitter::Register)’:
/home/emeric/code/jak-project/goalc/emitter/IGen.cpp:1086:1: warning: control reaches end of non-void function [-Wreturn-type]
 1086 | }
      | ^
[126/195] Building CXX object goalc/CMakeFiles/compiler.dir/emitter/IGenARM64.cpp.o
In file included from /home/emeric/code/jak-project/./goalc/emitter/Instruction.h:9,
                 from /home/emeric/code/jak-project/goalc/emitter/IGenARM64.h:3,
                 from /home/emeric/code/jak-project/goalc/emitter/IGenARM64.cpp:2:
/home/emeric/code/jak-project/./goalc/emitter/Instruction.h: In function ‘constexpr emitter::ARM64::Field emitter::ARM64::Imm12(u32)’:
/home/emeric/code/jak-project/./goalc/emitter/Instruction.h:74:12: warning: comparison of unsigned expression in ‘>= 0’ is always true [-Wtype-limits]
   74 |   ASSERT(x >= 0 && x <= 4095);
      |          ~~^~~~
/home/emeric/code/jak-project/./common/util/Assert.h:29:11: note: in definition of macro ‘ASSERT’
   29 |   (void)((EX) || (private_assert_failed(#EX, __FILE__, __LINE__, __PRETTY_FUNCTION__), 0))
      |           ^~
[127/195] Building CXX object goalc/CMakeFiles/compiler.dir/emitter/IGenX86.cpp.o
In file included from /home/emeric/code/jak-project/./goalc/emitter/Instruction.h:9,
                 from /home/emeric/code/jak-project/goalc/emitter/IGenX86.h:3,
                 from /home/emeric/code/jak-project/goalc/emitter/IGenX86.cpp:1:
/home/emeric/code/jak-project/./goalc/emitter/Instruction.h: In function ‘constexpr emitter::ARM64::Field emitter::ARM64::Imm12(u32)’:
/home/emeric/code/jak-project/./goalc/emitter/Instruction.h:74:12: warning: comparison of unsigned expression in ‘>= 0’ is always true [-Wtype-limits]
   74 |   ASSERT(x >= 0 && x <= 4095);
      |          ~~^~~~
/home/emeric/code/jak-project/./common/util/Assert.h:29:11: note: in definition of macro ‘ASSERT’
   29 |   (void)((EX) || (private_assert_failed(#EX, __FILE__, __LINE__, __PRETTY_FUNCTION__), 0))
      |           ^~
[128/195] Building CXX object decompiler/CMakeFiles/decomp.dir/config.cpp.o
[129/195] Building CXX object goalc/CMakeFiles/compiler.dir/build_actor/common/animation_processing.cpp.o
[130/195] Linking CXX shared library decompiler/libdecomp.so
[131/195] Building CXX object goalc/CMakeFiles/compiler.dir/debugger/disassemble.cpp.o
In file included from /home/emeric/code/jak-project/./goalc/emitter/Instruction.h:9,
                 from /home/emeric/code/jak-project/goalc/debugger/disassemble.h:10,
                 from /home/emeric/code/jak-project/goalc/debugger/disassemble.cpp:1:
/home/emeric/code/jak-project/./goalc/emitter/Instruction.h: In function ‘constexpr emitter::ARM64::Field emitter::ARM64::Imm12(u32)’:
/home/emeric/code/jak-project/./goalc/emitter/Instruction.h:74:12: warning: comparison of unsigned expression in ‘>= 0’ is always true [-Wtype-limits]
   74 |   ASSERT(x >= 0 && x <= 4095);
      |          ~~^~~~
/home/emeric/code/jak-project/./common/util/Assert.h:29:11: note: in definition of macro ‘ASSERT’
   29 |   (void)((EX) || (private_assert_failed(#EX, __FILE__, __LINE__, __PRETTY_FUNCTION__), 0))
      |           ^~
[132/195] Building CXX object goalc/CMakeFiles/compiler.dir/build_level/common/build_level.cpp.o
In file included from /home/emeric/code/jak-project/./goalc/build_actor/jak1/build_actor.h:7,
                 from /home/emeric/code/jak-project/./goalc/build_actor/common/MercExtract.h:5,
                 from /home/emeric/code/jak-project/goalc/build_level/common/build_level.h:12,
                 from /home/emeric/code/jak-project/goalc/build_level/common/build_level.cpp:1:
/home/emeric/code/jak-project/./goalc/build_actor/common/build_actor.h: In constructor ‘Joint::Joint(const std::string&, int, int, math::Matrix4f)’:
/home/emeric/code/jak-project/./goalc/build_actor/common/build_actor.h:15:73: warning: declaration of ‘bind_pose’ shadows a member of ‘Joint’ [-Wshadow]
   15 |   Joint(const std::string& name, int number, int parent, math::Matrix4f bind_pose) {
      |                                                          ~~~~~~~~~~~~~~~^~~~~~~~~
/home/emeric/code/jak-project/./goalc/build_actor/common/build_actor.h:13:18: note: shadowed declaration is here
   13 |   math::Matrix4f bind_pose{};
      |                  ^~~~~~~~~
/home/emeric/code/jak-project/./goalc/build_actor/common/build_actor.h:15:50: warning: declaration of ‘parent’ shadows a member of ‘Joint’ [-Wshadow]
   15 |   Joint(const std::string& name, int number, int parent, math::Matrix4f bind_pose) {
      |                                              ~~~~^~~~~~
/home/emeric/code/jak-project/./goalc/build_actor/common/build_actor.h:12:7: note: shadowed declaration is here
   12 |   int parent;
      |       ^~~~~~
/home/emeric/code/jak-project/./goalc/build_actor/common/build_actor.h:15:38: warning: declaration of ‘number’ shadows a member of ‘Joint’ [-Wshadow]
   15 |   Joint(const std::string& name, int number, int parent, math::Matrix4f bind_pose) {
      |                                  ~~~~^~~~~~
/home/emeric/code/jak-project/./goalc/build_actor/common/build_actor.h:11:7: note: shadowed declaration is here
   11 |   s32 number;
      |       ^~~~~~
/home/emeric/code/jak-project/./goalc/build_actor/common/build_actor.h:15:28: warning: declaration of ‘name’ shadows a member of ‘Joint’ [-Wshadow]
   15 |   Joint(const std::string& name, int number, int parent, math::Matrix4f bind_pose) {
      |         ~~~~~~~~~~~~~~~~~~~^~~~
/home/emeric/code/jak-project/./goalc/build_actor/common/build_actor.h:10:15: note: shadowed declaration is here
   10 |   std::string name;
      |               ^~~~
/home/emeric/code/jak-project/./goalc/build_actor/jak1/build_actor.h: In constructor ‘jak1::ArtJointGeo::ArtJointGeo(const std::string&, std::vector<jak1::CollideMesh>, std::vector<Joint>&, const jak1::BuildActorParams1&)’:
/home/emeric/code/jak-project/./goalc/build_actor/jak1/build_actor.h:155:49: warning: declaration of ‘cmeshes’ shadows a member of ‘jak1::ArtJointGeo’ [-Wshadow]
  155 |                        std::vector<CollideMesh> cmeshes,
      |                        ~~~~~~~~~~~~~~~~~~~~~~~~~^~~~~~~
/home/emeric/code/jak-project/./goalc/build_actor/jak1/build_actor.h:145:28: note: shadowed declaration is here
  145 |   std::vector<CollideMesh> cmeshes;
      |                            ^~~~~~~
/home/emeric/code/jak-project/./goalc/build_actor/jak1/build_actor.h:154:43: warning: declaration of ‘name’ shadows a member of ‘jak1::ArtJointGeo’ [-Wshadow]
  154 |   explicit ArtJointGeo(const std::string& name,
      |                        ~~~~~~~~~~~~~~~~~~~^~~~
In file included from /home/emeric/code/jak-project/./goalc/build_actor/jak1/build_actor.h:6:
/home/emeric/code/jak-project/./goalc/build_actor/common/art_types.h:12:15: note: shadowed declaration is here
   12 |   std::string name;
      |               ^~~~
/home/emeric/code/jak-project/./goalc/build_actor/jak1/build_actor.h: In constructor ‘jak1::ArtJointAnim::ArtJointAnim(const std::string&, const std::vector<Joint>&)’:
/home/emeric/code/jak-project/./goalc/build_actor/jak1/build_actor.h:186:35: warning: declaration of ‘name’ shadows a member of ‘jak1::ArtJointAnim’ [-Wshadow]
  186 |   ArtJointAnim(const std::string& name, const std::vector<Joint>& joints) {
      |                ~~~~~~~~~~~~~~~~~~~^~~~
/home/emeric/code/jak-project/./goalc/build_actor/common/art_types.h:12:15: note: shadowed declaration is here
   12 |   std::string name;
      |               ^~~~
In file included from /home/emeric/code/jak-project/./goalc/build_actor/common/MercExtract.h:6:
/home/emeric/code/jak-project/./goalc/build_actor/jak2/build_actor.h: In constructor ‘jak2::ArtJointGeo::ArtJointGeo(const std::string&, std::vector<jak2::CollideMesh>, std::vector<Joint>&, const jak2::BuildActorParams2&)’:
/home/emeric/code/jak-project/./goalc/build_actor/jak2/build_actor.h:137:49: warning: declaration of ‘cmeshes’ shadows a member of ‘jak2::ArtJointGeo’ [-Wshadow]
  137 |                        std::vector<CollideMesh> cmeshes,
      |                        ~~~~~~~~~~~~~~~~~~~~~~~~~^~~~~~~
/home/emeric/code/jak-project/./goalc/build_actor/jak2/build_actor.h:127:28: note: shadowed declaration is here
  127 |   std::vector<CollideMesh> cmeshes;
      |                            ^~~~~~~
/home/emeric/code/jak-project/./goalc/build_actor/jak2/build_actor.h:136:43: warning: declaration of ‘name’ shadows a member of ‘jak2::ArtJointGeo’ [-Wshadow]
  136 |   explicit ArtJointGeo(const std::string& name,
      |                        ~~~~~~~~~~~~~~~~~~~^~~~
/home/emeric/code/jak-project/./goalc/build_actor/common/art_types.h:12:15: note: shadowed declaration is here
   12 |   std::string name;
      |               ^~~~
/home/emeric/code/jak-project/./goalc/build_actor/jak2/build_actor.h: In constructor ‘jak2::ArtJointAnim::ArtJointAnim(const std::string&, const std::vector<Joint>&)’:
/home/emeric/code/jak-project/./goalc/build_actor/jak2/build_actor.h:167:35: warning: declaration of ‘name’ shadows a member of ‘jak2::ArtJointAnim’ [-Wshadow]
  167 |   ArtJointAnim(const std::string& name, const std::vector<Joint>& joints) {
      |                ~~~~~~~~~~~~~~~~~~~^~~~
/home/emeric/code/jak-project/./goalc/build_actor/common/art_types.h:12:15: note: shadowed declaration is here
   12 |   std::string name;
      |               ^~~~
In file included from /home/emeric/code/jak-project/./goalc/build_actor/common/MercExtract.h:7:
/home/emeric/code/jak-project/./goalc/build_actor/jak3/build_actor.h: In constructor ‘jak3::ArtJointGeo::ArtJointGeo(const std::string&, std::vector<jak3::CollideMesh>, std::vector<Joint>&, const jak3::BuildActorParams3&)’:
/home/emeric/code/jak-project/./goalc/build_actor/jak3/build_actor.h:143:49: warning: declaration of ‘cmeshes’ shadows a member of ‘jak3::ArtJointGeo’ [-Wshadow]
  143 |                        std::vector<CollideMesh> cmeshes,
      |                        ~~~~~~~~~~~~~~~~~~~~~~~~~^~~~~~~
/home/emeric/code/jak-project/./goalc/build_actor/jak3/build_actor.h:133:28: note: shadowed declaration is here
  133 |   std::vector<CollideMesh> cmeshes;
      |                            ^~~~~~~
/home/emeric/code/jak-project/./goalc/build_actor/jak3/build_actor.h:142:43: warning: declaration of ‘name’ shadows a member of ‘jak3::ArtJointGeo’ [-Wshadow]
  142 |   explicit ArtJointGeo(const std::string& name,
      |                        ~~~~~~~~~~~~~~~~~~~^~~~
/home/emeric/code/jak-project/./goalc/build_actor/common/art_types.h:12:15: note: shadowed declaration is here
   12 |   std::string name;
      |               ^~~~
/home/emeric/code/jak-project/./goalc/build_actor/jak3/build_actor.h: In constructor ‘jak3::ArtJointAnim::ArtJointAnim(const std::string&, const std::vector<Joint>&)’:
/home/emeric/code/jak-project/./goalc/build_actor/jak3/build_actor.h:173:35: warning: declaration of ‘name’ shadows a member of ‘jak3::ArtJointAnim’ [-Wshadow]
  173 |   ArtJointAnim(const std::string& name, const std::vector<Joint>& joints) {
      |                ~~~~~~~~~~~~~~~~~~~^~~~
/home/emeric/code/jak-project/./goalc/build_actor/common/art_types.h:12:15: note: shadowed declaration is here
   12 |   std::string name;
      |               ^~~~
[133/195] Building CXX object goalc/CMakeFiles/compiler.dir/build_actor/common/MercExtract.cpp.o
In file included from /home/emeric/code/jak-project/./goalc/build_actor/jak1/build_actor.h:7,
                 from /home/emeric/code/jak-project/goalc/build_actor/common/MercExtract.h:5,
                 from /home/emeric/code/jak-project/goalc/build_actor/common/MercExtract.cpp:1:
/home/emeric/code/jak-project/./goalc/build_actor/common/build_actor.h: In constructor ‘Joint::Joint(const std::string&, int, int, math::Matrix4f)’:
/home/emeric/code/jak-project/./goalc/build_actor/common/build_actor.h:15:73: warning: declaration of ‘bind_pose’ shadows a member of ‘Joint’ [-Wshadow]
   15 |   Joint(const std::string& name, int number, int parent, math::Matrix4f bind_pose) {
      |                                                          ~~~~~~~~~~~~~~~^~~~~~~~~
/home/emeric/code/jak-project/./goalc/build_actor/common/build_actor.h:13:18: note: shadowed declaration is here
   13 |   math::Matrix4f bind_pose{};
      |                  ^~~~~~~~~
/home/emeric/code/jak-project/./goalc/build_actor/common/build_actor.h:15:50: warning: declaration of ‘parent’ shadows a member of ‘Joint’ [-Wshadow]
   15 |   Joint(const std::string& name, int number, int parent, math::Matrix4f bind_pose) {
      |                                              ~~~~^~~~~~
/home/emeric/code/jak-project/./goalc/build_actor/common/build_actor.h:12:7: note: shadowed declaration is here
   12 |   int parent;
      |       ^~~~~~
/home/emeric/code/jak-project/./goalc/build_actor/common/build_actor.h:15:38: warning: declaration of ‘number’ shadows a member of ‘Joint’ [-Wshadow]
   15 |   Joint(const std::string& name, int number, int parent, math::Matrix4f bind_pose) {
      |                                  ~~~~^~~~~~
/home/emeric/code/jak-project/./goalc/build_actor/common/build_actor.h:11:7: note: shadowed declaration is here
   11 |   s32 number;
      |       ^~~~~~
/home/emeric/code/jak-project/./goalc/build_actor/common/build_actor.h:15:28: warning: declaration of ‘name’ shadows a member of ‘Joint’ [-Wshadow]
   15 |   Joint(const std::string& name, int number, int parent, math::Matrix4f bind_pose) {
      |         ~~~~~~~~~~~~~~~~~~~^~~~
/home/emeric/code/jak-project/./goalc/build_actor/common/build_actor.h:10:15: note: shadowed declaration is here
   10 |   std::string name;
      |               ^~~~
/home/emeric/code/jak-project/./goalc/build_actor/jak1/build_actor.h: In constructor ‘jak1::ArtJointGeo::ArtJointGeo(const std::string&, std::vector<jak1::CollideMesh>, std::vector<Joint>&, const jak1::BuildActorParams1&)’:
/home/emeric/code/jak-project/./goalc/build_actor/jak1/build_actor.h:155:49: warning: declaration of ‘cmeshes’ shadows a member of ‘jak1::ArtJointGeo’ [-Wshadow]
  155 |                        std::vector<CollideMesh> cmeshes,
      |                        ~~~~~~~~~~~~~~~~~~~~~~~~~^~~~~~~
/home/emeric/code/jak-project/./goalc/build_actor/jak1/build_actor.h:145:28: note: shadowed declaration is here
  145 |   std::vector<CollideMesh> cmeshes;
      |                            ^~~~~~~
/home/emeric/code/jak-project/./goalc/build_actor/jak1/build_actor.h:154:43: warning: declaration of ‘name’ shadows a member of ‘jak1::ArtJointGeo’ [-Wshadow]
  154 |   explicit ArtJointGeo(const std::string& name,
      |                        ~~~~~~~~~~~~~~~~~~~^~~~
In file included from /home/emeric/code/jak-project/./goalc/build_actor/jak1/build_actor.h:6:
/home/emeric/code/jak-project/./goalc/build_actor/common/art_types.h:12:15: note: shadowed declaration is here
   12 |   std::string name;
      |               ^~~~
/home/emeric/code/jak-project/./goalc/build_actor/jak1/build_actor.h: In constructor ‘jak1::ArtJointAnim::ArtJointAnim(const std::string&, const std::vector<Joint>&)’:
/home/emeric/code/jak-project/./goalc/build_actor/jak1/build_actor.h:186:35: warning: declaration of ‘name’ shadows a member of ‘jak1::ArtJointAnim’ [-Wshadow]
  186 |   ArtJointAnim(const std::string& name, const std::vector<Joint>& joints) {
      |                ~~~~~~~~~~~~~~~~~~~^~~~
/home/emeric/code/jak-project/./goalc/build_actor/common/art_types.h:12:15: note: shadowed declaration is here
   12 |   std::string name;
      |               ^~~~
In file included from /home/emeric/code/jak-project/goalc/build_actor/common/MercExtract.h:6:
/home/emeric/code/jak-project/./goalc/build_actor/jak2/build_actor.h: In constructor ‘jak2::ArtJointGeo::ArtJointGeo(const std::string&, std::vector<jak2::CollideMesh>, std::vector<Joint>&, const jak2::BuildActorParams2&)’:
/home/emeric/code/jak-project/./goalc/build_actor/jak2/build_actor.h:137:49: warning: declaration of ‘cmeshes’ shadows a member of ‘jak2::ArtJointGeo’ [-Wshadow]
  137 |                        std::vector<CollideMesh> cmeshes,
      |                        ~~~~~~~~~~~~~~~~~~~~~~~~~^~~~~~~
/home/emeric/code/jak-project/./goalc/build_actor/jak2/build_actor.h:127:28: note: shadowed declaration is here
  127 |   std::vector<CollideMesh> cmeshes;
      |                            ^~~~~~~
/home/emeric/code/jak-project/./goalc/build_actor/jak2/build_actor.h:136:43: warning: declaration of ‘name’ shadows a member of ‘jak2::ArtJointGeo’ [-Wshadow]
  136 |   explicit ArtJointGeo(const std::string& name,
      |                        ~~~~~~~~~~~~~~~~~~~^~~~
/home/emeric/code/jak-project/./goalc/build_actor/common/art_types.h:12:15: note: shadowed declaration is here
   12 |   std::string name;
      |               ^~~~
/home/emeric/code/jak-project/./goalc/build_actor/jak2/build_actor.h: In constructor ‘jak2::ArtJointAnim::ArtJointAnim(const std::string&, const std::vector<Joint>&)’:
/home/emeric/code/jak-project/./goalc/build_actor/jak2/build_actor.h:167:35: warning: declaration of ‘name’ shadows a member of ‘jak2::ArtJointAnim’ [-Wshadow]
  167 |   ArtJointAnim(const std::string& name, const std::vector<Joint>& joints) {
      |                ~~~~~~~~~~~~~~~~~~~^~~~
/home/emeric/code/jak-project/./goalc/build_actor/common/art_types.h:12:15: note: shadowed declaration is here
   12 |   std::string name;
      |               ^~~~
In file included from /home/emeric/code/jak-project/goalc/build_actor/common/MercExtract.h:7:
/home/emeric/code/jak-project/./goalc/build_actor/jak3/build_actor.h: In constructor ‘jak3::ArtJointGeo::ArtJointGeo(const std::string&, std::vector<jak3::CollideMesh>, std::vector<Joint>&, const jak3::BuildActorParams3&)’:
/home/emeric/code/jak-project/./goalc/build_actor/jak3/build_actor.h:143:49: warning: declaration of ‘cmeshes’ shadows a member of ‘jak3::ArtJointGeo’ [-Wshadow]
  143 |                        std::vector<CollideMesh> cmeshes,
      |                        ~~~~~~~~~~~~~~~~~~~~~~~~~^~~~~~~
/home/emeric/code/jak-project/./goalc/build_actor/jak3/build_actor.h:133:28: note: shadowed declaration is here
  133 |   std::vector<CollideMesh> cmeshes;
      |                            ^~~~~~~
/home/emeric/code/jak-project/./goalc/build_actor/jak3/build_actor.h:142:43: warning: declaration of ‘name’ shadows a member of ‘jak3::ArtJointGeo’ [-Wshadow]
  142 |   explicit ArtJointGeo(const std::string& name,
      |                        ~~~~~~~~~~~~~~~~~~~^~~~
/home/emeric/code/jak-project/./goalc/build_actor/common/art_types.h:12:15: note: shadowed declaration is here
   12 |   std::string name;
      |               ^~~~
/home/emeric/code/jak-project/./goalc/build_actor/jak3/build_actor.h: In constructor ‘jak3::ArtJointAnim::ArtJointAnim(const std::string&, const std::vector<Joint>&)’:
/home/emeric/code/jak-project/./goalc/build_actor/jak3/build_actor.h:173:35: warning: declaration of ‘name’ shadows a member of ‘jak3::ArtJointAnim’ [-Wshadow]
  173 |   ArtJointAnim(const std::string& name, const std::vector<Joint>& joints) {
      |                ~~~~~~~~~~~~~~~~~~~^~~~
/home/emeric/code/jak-project/./goalc/build_actor/common/art_types.h:12:15: note: shadowed declaration is here
   12 |   std::string name;
      |               ^~~~
[134/195] Building CXX object goalc/CMakeFiles/compiler.dir/build_level/jak2/build_level.cpp.o
In file included from /home/emeric/code/jak-project/./goalc/build_actor/jak1/build_actor.h:7,
                 from /home/emeric/code/jak-project/./goalc/build_actor/common/MercExtract.h:5,
                 from /home/emeric/code/jak-project/./goalc/build_level/common/build_level.h:12,
                 from /home/emeric/code/jak-project/goalc/build_level/jak2/build_level.h:3,
                 from /home/emeric/code/jak-project/goalc/build_level/jak2/build_level.cpp:1:
/home/emeric/code/jak-project/./goalc/build_actor/common/build_actor.h: In constructor ‘Joint::Joint(const std::string&, int, int, math::Matrix4f)’:
/home/emeric/code/jak-project/./goalc/build_actor/common/build_actor.h:15:73: warning: declaration of ‘bind_pose’ shadows a member of ‘Joint’ [-Wshadow]
   15 |   Joint(const std::string& name, int number, int parent, math::Matrix4f bind_pose) {
      |                                                          ~~~~~~~~~~~~~~~^~~~~~~~~
/home/emeric/code/jak-project/./goalc/build_actor/common/build_actor.h:13:18: note: shadowed declaration is here
   13 |   math::Matrix4f bind_pose{};
      |                  ^~~~~~~~~
/home/emeric/code/jak-project/./goalc/build_actor/common/build_actor.h:15:50: warning: declaration of ‘parent’ shadows a member of ‘Joint’ [-Wshadow]
   15 |   Joint(const std::string& name, int number, int parent, math::Matrix4f bind_pose) {
      |                                              ~~~~^~~~~~
/home/emeric/code/jak-project/./goalc/build_actor/common/build_actor.h:12:7: note: shadowed declaration is here
   12 |   int parent;
      |       ^~~~~~
/home/emeric/code/jak-project/./goalc/build_actor/common/build_actor.h:15:38: warning: declaration of ‘number’ shadows a member of ‘Joint’ [-Wshadow]
   15 |   Joint(const std::string& name, int number, int parent, math::Matrix4f bind_pose) {
      |                                  ~~~~^~~~~~
/home/emeric/code/jak-project/./goalc/build_actor/common/build_actor.h:11:7: note: shadowed declaration is here
   11 |   s32 number;
      |       ^~~~~~
/home/emeric/code/jak-project/./goalc/build_actor/common/build_actor.h:15:28: warning: declaration of ‘name’ shadows a member of ‘Joint’ [-Wshadow]
   15 |   Joint(const std::string& name, int number, int parent, math::Matrix4f bind_pose) {
      |         ~~~~~~~~~~~~~~~~~~~^~~~
/home/emeric/code/jak-project/./goalc/build_actor/common/build_actor.h:10:15: note: shadowed declaration is here
   10 |   std::string name;
      |               ^~~~
/home/emeric/code/jak-project/./goalc/build_actor/jak1/build_actor.h: In constructor ‘jak1::ArtJointGeo::ArtJointGeo(const std::string&, std::vector<jak1::CollideMesh>, std::vector<Joint>&, const jak1::BuildActorParams1&)’:
/home/emeric/code/jak-project/./goalc/build_actor/jak1/build_actor.h:155:49: warning: declaration of ‘cmeshes’ shadows a member of ‘jak1::ArtJointGeo’ [-Wshadow]
  155 |                        std::vector<CollideMesh> cmeshes,
      |                        ~~~~~~~~~~~~~~~~~~~~~~~~~^~~~~~~
/home/emeric/code/jak-project/./goalc/build_actor/jak1/build_actor.h:145:28: note: shadowed declaration is here
  145 |   std::vector<CollideMesh> cmeshes;
      |                            ^~~~~~~
/home/emeric/code/jak-project/./goalc/build_actor/jak1/build_actor.h:154:43: warning: declaration of ‘name’ shadows a member of ‘jak1::ArtJointGeo’ [-Wshadow]
  154 |   explicit ArtJointGeo(const std::string& name,
      |                        ~~~~~~~~~~~~~~~~~~~^~~~
In file included from /home/emeric/code/jak-project/./goalc/build_actor/jak1/build_actor.h:6:
/home/emeric/code/jak-project/./goalc/build_actor/common/art_types.h:12:15: note: shadowed declaration is here
   12 |   std::string name;
      |               ^~~~
/home/emeric/code/jak-project/./goalc/build_actor/jak1/build_actor.h: In constructor ‘jak1::ArtJointAnim::ArtJointAnim(const std::string&, const std::vector<Joint>&)’:
/home/emeric/code/jak-project/./goalc/build_actor/jak1/build_actor.h:186:35: warning: declaration of ‘name’ shadows a member of ‘jak1::ArtJointAnim’ [-Wshadow]
  186 |   ArtJointAnim(const std::string& name, const std::vector<Joint>& joints) {
      |                ~~~~~~~~~~~~~~~~~~~^~~~
/home/emeric/code/jak-project/./goalc/build_actor/common/art_types.h:12:15: note: shadowed declaration is here
   12 |   std::string name;
      |               ^~~~
In file included from /home/emeric/code/jak-project/./goalc/build_actor/common/MercExtract.h:6:
/home/emeric/code/jak-project/./goalc/build_actor/jak2/build_actor.h: In constructor ‘jak2::ArtJointGeo::ArtJointGeo(const std::string&, std::vector<jak2::CollideMesh>, std::vector<Joint>&, const jak2::BuildActorParams2&)’:
/home/emeric/code/jak-project/./goalc/build_actor/jak2/build_actor.h:137:49: warning: declaration of ‘cmeshes’ shadows a member of ‘jak2::ArtJointGeo’ [-Wshadow]
  137 |                        std::vector<CollideMesh> cmeshes,
      |                        ~~~~~~~~~~~~~~~~~~~~~~~~~^~~~~~~
/home/emeric/code/jak-project/./goalc/build_actor/jak2/build_actor.h:127:28: note: shadowed declaration is here
  127 |   std::vector<CollideMesh> cmeshes;
      |                            ^~~~~~~
/home/emeric/code/jak-project/./goalc/build_actor/jak2/build_actor.h:136:43: warning: declaration of ‘name’ shadows a member of ‘jak2::ArtJointGeo’ [-Wshadow]
  136 |   explicit ArtJointGeo(const std::string& name,
      |                        ~~~~~~~~~~~~~~~~~~~^~~~
/home/emeric/code/jak-project/./goalc/build_actor/common/art_types.h:12:15: note: shadowed declaration is here
   12 |   std::string name;
      |               ^~~~
/home/emeric/code/jak-project/./goalc/build_actor/jak2/build_actor.h: In constructor ‘jak2::ArtJointAnim::ArtJointAnim(const std::string&, const std::vector<Joint>&)’:
/home/emeric/code/jak-project/./goalc/build_actor/jak2/build_actor.h:167:35: warning: declaration of ‘name’ shadows a member of ‘jak2::ArtJointAnim’ [-Wshadow]
  167 |   ArtJointAnim(const std::string& name, const std::vector<Joint>& joints) {
      |                ~~~~~~~~~~~~~~~~~~~^~~~
/home/emeric/code/jak-project/./goalc/build_actor/common/art_types.h:12:15: note: shadowed declaration is here
   12 |   std::string name;
      |               ^~~~
In file included from /home/emeric/code/jak-project/./goalc/build_actor/common/MercExtract.h:7:
/home/emeric/code/jak-project/./goalc/build_actor/jak3/build_actor.h: In constructor ‘jak3::ArtJointGeo::ArtJointGeo(const std::string&, std::vector<jak3::CollideMesh>, std::vector<Joint>&, const jak3::BuildActorParams3&)’:
/home/emeric/code/jak-project/./goalc/build_actor/jak3/build_actor.h:143:49: warning: declaration of ‘cmeshes’ shadows a member of ‘jak3::ArtJointGeo’ [-Wshadow]
  143 |                        std::vector<CollideMesh> cmeshes,
      |                        ~~~~~~~~~~~~~~~~~~~~~~~~~^~~~~~~
/home/emeric/code/jak-project/./goalc/build_actor/jak3/build_actor.h:133:28: note: shadowed declaration is here
  133 |   std::vector<CollideMesh> cmeshes;
      |                            ^~~~~~~
/home/emeric/code/jak-project/./goalc/build_actor/jak3/build_actor.h:142:43: warning: declaration of ‘name’ shadows a member of ‘jak3::ArtJointGeo’ [-Wshadow]
  142 |   explicit ArtJointGeo(const std::string& name,
      |                        ~~~~~~~~~~~~~~~~~~~^~~~
/home/emeric/code/jak-project/./goalc/build_actor/common/art_types.h:12:15: note: shadowed declaration is here
   12 |   std::string name;
      |               ^~~~
/home/emeric/code/jak-project/./goalc/build_actor/jak3/build_actor.h: In constructor ‘jak3::ArtJointAnim::ArtJointAnim(const std::string&, const std::vector<Joint>&)’:
/home/emeric/code/jak-project/./goalc/build_actor/jak3/build_actor.h:173:35: warning: declaration of ‘name’ shadows a member of ‘jak3::ArtJointAnim’ [-Wshadow]
  173 |   ArtJointAnim(const std::string& name, const std::vector<Joint>& joints) {
      |                ~~~~~~~~~~~~~~~~~~~^~~~
/home/emeric/code/jak-project/./goalc/build_actor/common/art_types.h:12:15: note: shadowed declaration is here
   12 |   std::string name;
      |               ^~~~
[135/195] Building CXX object goalc/CMakeFiles/compiler.dir/build_level/jak1/build_level.cpp.o
In file included from /home/emeric/code/jak-project/./goalc/build_actor/jak1/build_actor.h:7,
                 from /home/emeric/code/jak-project/./goalc/build_actor/common/MercExtract.h:5,
                 from /home/emeric/code/jak-project/./goalc/build_level/common/build_level.h:12,
                 from /home/emeric/code/jak-project/goalc/build_level/jak1/build_level.h:3,
                 from /home/emeric/code/jak-project/goalc/build_level/jak1/build_level.cpp:1:
/home/emeric/code/jak-project/./goalc/build_actor/common/build_actor.h: In constructor ‘Joint::Joint(const std::string&, int, int, math::Matrix4f)’:
/home/emeric/code/jak-project/./goalc/build_actor/common/build_actor.h:15:73: warning: declaration of ‘bind_pose’ shadows a member of ‘Joint’ [-Wshadow]
   15 |   Joint(const std::string& name, int number, int parent, math::Matrix4f bind_pose) {
      |                                                          ~~~~~~~~~~~~~~~^~~~~~~~~
/home/emeric/code/jak-project/./goalc/build_actor/common/build_actor.h:13:18: note: shadowed declaration is here
   13 |   math::Matrix4f bind_pose{};
      |                  ^~~~~~~~~
/home/emeric/code/jak-project/./goalc/build_actor/common/build_actor.h:15:50: warning: declaration of ‘parent’ shadows a member of ‘Joint’ [-Wshadow]
   15 |   Joint(const std::string& name, int number, int parent, math::Matrix4f bind_pose) {
      |                                              ~~~~^~~~~~
/home/emeric/code/jak-project/./goalc/build_actor/common/build_actor.h:12:7: note: shadowed declaration is here
   12 |   int parent;
      |       ^~~~~~
/home/emeric/code/jak-project/./goalc/build_actor/common/build_actor.h:15:38: warning: declaration of ‘number’ shadows a member of ‘Joint’ [-Wshadow]
   15 |   Joint(const std::string& name, int number, int parent, math::Matrix4f bind_pose) {
      |                                  ~~~~^~~~~~
/home/emeric/code/jak-project/./goalc/build_actor/common/build_actor.h:11:7: note: shadowed declaration is here
   11 |   s32 number;
      |       ^~~~~~
/home/emeric/code/jak-project/./goalc/build_actor/common/build_actor.h:15:28: warning: declaration of ‘name’ shadows a member of ‘Joint’ [-Wshadow]
   15 |   Joint(const std::string& name, int number, int parent, math::Matrix4f bind_pose) {
      |         ~~~~~~~~~~~~~~~~~~~^~~~
/home/emeric/code/jak-project/./goalc/build_actor/common/build_actor.h:10:15: note: shadowed declaration is here
   10 |   std::string name;
      |               ^~~~
/home/emeric/code/jak-project/./goalc/build_actor/jak1/build_actor.h: In constructor ‘jak1::ArtJointGeo::ArtJointGeo(const std::string&, std::vector<jak1::CollideMesh>, std::vector<Joint>&, const jak1::BuildActorParams1&)’:
/home/emeric/code/jak-project/./goalc/build_actor/jak1/build_actor.h:155:49: warning: declaration of ‘cmeshes’ shadows a member of ‘jak1::ArtJointGeo’ [-Wshadow]
  155 |                        std::vector<CollideMesh> cmeshes,
      |                        ~~~~~~~~~~~~~~~~~~~~~~~~~^~~~~~~
/home/emeric/code/jak-project/./goalc/build_actor/jak1/build_actor.h:145:28: note: shadowed declaration is here
  145 |   std::vector<CollideMesh> cmeshes;
      |                            ^~~~~~~
/home/emeric/code/jak-project/./goalc/build_actor/jak1/build_actor.h:154:43: warning: declaration of ‘name’ shadows a member of ‘jak1::ArtJointGeo’ [-Wshadow]
  154 |   explicit ArtJointGeo(const std::string& name,
      |                        ~~~~~~~~~~~~~~~~~~~^~~~
In file included from /home/emeric/code/jak-project/./goalc/build_actor/jak1/build_actor.h:6:
/home/emeric/code/jak-project/./goalc/build_actor/common/art_types.h:12:15: note: shadowed declaration is here
   12 |   std::string name;
      |               ^~~~
/home/emeric/code/jak-project/./goalc/build_actor/jak1/build_actor.h: In constructor ‘jak1::ArtJointAnim::ArtJointAnim(const std::string&, const std::vector<Joint>&)’:
/home/emeric/code/jak-project/./goalc/build_actor/jak1/build_actor.h:186:35: warning: declaration of ‘name’ shadows a member of ‘jak1::ArtJointAnim’ [-Wshadow]
  186 |   ArtJointAnim(const std::string& name, const std::vector<Joint>& joints) {
      |                ~~~~~~~~~~~~~~~~~~~^~~~
/home/emeric/code/jak-project/./goalc/build_actor/common/art_types.h:12:15: note: shadowed declaration is here
   12 |   std::string name;
      |               ^~~~
In file included from /home/emeric/code/jak-project/./goalc/build_actor/common/MercExtract.h:6:
/home/emeric/code/jak-project/./goalc/build_actor/jak2/build_actor.h: In constructor ‘jak2::ArtJointGeo::ArtJointGeo(const std::string&, std::vector<jak2::CollideMesh>, std::vector<Joint>&, const jak2::BuildActorParams2&)’:
/home/emeric/code/jak-project/./goalc/build_actor/jak2/build_actor.h:137:49: warning: declaration of ‘cmeshes’ shadows a member of ‘jak2::ArtJointGeo’ [-Wshadow]
  137 |                        std::vector<CollideMesh> cmeshes,
      |                        ~~~~~~~~~~~~~~~~~~~~~~~~~^~~~~~~
/home/emeric/code/jak-project/./goalc/build_actor/jak2/build_actor.h:127:28: note: shadowed declaration is here
  127 |   std::vector<CollideMesh> cmeshes;
      |                            ^~~~~~~
/home/emeric/code/jak-project/./goalc/build_actor/jak2/build_actor.h:136:43: warning: declaration of ‘name’ shadows a member of ‘jak2::ArtJointGeo’ [-Wshadow]
  136 |   explicit ArtJointGeo(const std::string& name,
      |                        ~~~~~~~~~~~~~~~~~~~^~~~
/home/emeric/code/jak-project/./goalc/build_actor/common/art_types.h:12:15: note: shadowed declaration is here
   12 |   std::string name;
      |               ^~~~
/home/emeric/code/jak-project/./goalc/build_actor/jak2/build_actor.h: In constructor ‘jak2::ArtJointAnim::ArtJointAnim(const std::string&, const std::vector<Joint>&)’:
/home/emeric/code/jak-project/./goalc/build_actor/jak2/build_actor.h:167:35: warning: declaration of ‘name’ shadows a member of ‘jak2::ArtJointAnim’ [-Wshadow]
  167 |   ArtJointAnim(const std::string& name, const std::vector<Joint>& joints) {
      |                ~~~~~~~~~~~~~~~~~~~^~~~
/home/emeric/code/jak-project/./goalc/build_actor/common/art_types.h:12:15: note: shadowed declaration is here
   12 |   std::string name;
      |               ^~~~
In file included from /home/emeric/code/jak-project/./goalc/build_actor/common/MercExtract.h:7:
/home/emeric/code/jak-project/./goalc/build_actor/jak3/build_actor.h: In constructor ‘jak3::ArtJointGeo::ArtJointGeo(const std::string&, std::vector<jak3::CollideMesh>, std::vector<Joint>&, const jak3::BuildActorParams3&)’:
/home/emeric/code/jak-project/./goalc/build_actor/jak3/build_actor.h:143:49: warning: declaration of ‘cmeshes’ shadows a member of ‘jak3::ArtJointGeo’ [-Wshadow]
  143 |                        std::vector<CollideMesh> cmeshes,
      |                        ~~~~~~~~~~~~~~~~~~~~~~~~~^~~~~~~
/home/emeric/code/jak-project/./goalc/build_actor/jak3/build_actor.h:133:28: note: shadowed declaration is here
  133 |   std::vector<CollideMesh> cmeshes;
      |                            ^~~~~~~
/home/emeric/code/jak-project/./goalc/build_actor/jak3/build_actor.h:142:43: warning: declaration of ‘name’ shadows a member of ‘jak3::ArtJointGeo’ [-Wshadow]
  142 |   explicit ArtJointGeo(const std::string& name,
      |                        ~~~~~~~~~~~~~~~~~~~^~~~
/home/emeric/code/jak-project/./goalc/build_actor/common/art_types.h:12:15: note: shadowed declaration is here
   12 |   std::string name;
      |               ^~~~
/home/emeric/code/jak-project/./goalc/build_actor/jak3/build_actor.h: In constructor ‘jak3::ArtJointAnim::ArtJointAnim(const std::string&, const std::vector<Joint>&)’:
/home/emeric/code/jak-project/./goalc/build_actor/jak3/build_actor.h:173:35: warning: declaration of ‘name’ shadows a member of ‘jak3::ArtJointAnim’ [-Wshadow]
  173 |   ArtJointAnim(const std::string& name, const std::vector<Joint>& joints) {
      |                ~~~~~~~~~~~~~~~~~~~^~~~
/home/emeric/code/jak-project/./goalc/build_actor/common/art_types.h:12:15: note: shadowed declaration is here
   12 |   std::string name;
      |               ^~~~
[136/195] Building CXX object goalc/CMakeFiles/compiler.dir/build_level/common/Entity.cpp.o
/home/emeric/code/jak-project/goalc/build_level/common/Entity.cpp: In function ‘math::Vector4f vectorm3_from_json(const nlohmann::json_abi_v3_12_0::json&)’:
/home/emeric/code/jak-project/goalc/build_level/common/Entity.cpp:3:57: warning: declaration of ‘json’ shadows a global declaration [-Wshadow]
    3 | math::Vector4f vectorm3_from_json(const nlohmann::json& json) {
      |                                   ~~~~~~~~~~~~~~~~~~~~~~^~~~
In file included from /home/emeric/code/jak-project/./common/repl/repl_wrapper.h:8,
                 from /home/emeric/code/jak-project/./common/goos/Reader.h:21,
                 from /home/emeric/code/jak-project/./common/goos/Printer.h:7,
                 from /home/emeric/code/jak-project/goalc/build_level/common/Entity.h:5,
                 from /home/emeric/code/jak-project/goalc/build_level/common/Entity.cpp:1:
/home/emeric/code/jak-project/./common/repl/config.h:12:7: note: shadowed declaration is here
   12 | using json = nlohmann::json;
      |       ^~~~
/home/emeric/code/jak-project/goalc/build_level/common/Entity.cpp: In function ‘math::Vector4f vectorm4_from_json(const nlohmann::json_abi_v3_12_0::json&)’:
/home/emeric/code/jak-project/goalc/build_level/common/Entity.cpp:13:57: warning: declaration of ‘json’ shadows a global declaration [-Wshadow]
   13 | math::Vector4f vectorm4_from_json(const nlohmann::json& json) {
      |                                   ~~~~~~~~~~~~~~~~~~~~~~^~~~
/home/emeric/code/jak-project/./common/repl/config.h:12:7: note: shadowed declaration is here
   12 | using json = nlohmann::json;
      |       ^~~~
/home/emeric/code/jak-project/goalc/build_level/common/Entity.cpp: In function ‘math::Vector4f movie_pos_from_json(const nlohmann::json_abi_v3_12_0::json&)’:
/home/emeric/code/jak-project/goalc/build_level/common/Entity.cpp:22:58: warning: declaration of ‘json’ shadows a global declaration [-Wshadow]
   22 | math::Vector4f movie_pos_from_json(const nlohmann::json& json) {
      |                                    ~~~~~~~~~~~~~~~~~~~~~~^~~~
/home/emeric/code/jak-project/./common/repl/config.h:12:7: note: shadowed declaration is here
   12 | using json = nlohmann::json;
      |       ^~~~
/home/emeric/code/jak-project/goalc/build_level/common/Entity.cpp: In function ‘math::Vector4f vector_from_json(const nlohmann::json_abi_v3_12_0::json&)’:
/home/emeric/code/jak-project/goalc/build_level/common/Entity.cpp:32:55: warning: declaration of ‘json’ shadows a global declaration [-Wshadow]
   32 | math::Vector4f vector_from_json(const nlohmann::json& json) {
      |                                 ~~~~~~~~~~~~~~~~~~~~~~^~~~
/home/emeric/code/jak-project/./common/repl/config.h:12:7: note: shadowed declaration is here
   12 | using json = nlohmann::json;
      |       ^~~~
/home/emeric/code/jak-project/goalc/build_level/common/Entity.cpp: In function ‘math::Vector4f vector_vol_from_json(const nlohmann::json_abi_v3_12_0::json&)’:
/home/emeric/code/jak-project/goalc/build_level/common/Entity.cpp:41:59: warning: declaration of ‘json’ shadows a global declaration [-Wshadow]
   41 | math::Vector4f vector_vol_from_json(const nlohmann::json& json) {
      |                                     ~~~~~~~~~~~~~~~~~~~~~~^~~~
/home/emeric/code/jak-project/./common/repl/config.h:12:7: note: shadowed declaration is here
   12 | using json = nlohmann::json;
      |       ^~~~
/home/emeric/code/jak-project/goalc/build_level/common/Entity.cpp: In function ‘std::vector<T> enum_from_json(const nlohmann::json_abi_v3_12_0::json&, decompiler::DecompilerTypeSystem&)’:
/home/emeric/code/jak-project/goalc/build_level/common/Entity.cpp:96:53: warning: declaration of ‘json’ shadows a global declaration [-Wshadow]
   96 | std::vector<T> enum_from_json(const nlohmann::json& json, decompiler::DecompilerTypeSystem& dts) {
      |                               ~~~~~~~~~~~~~~~~~~~~~~^~~~
/home/emeric/code/jak-project/./common/repl/config.h:12:7: note: shadowed declaration is here
   12 | using json = nlohmann::json;
      |       ^~~~
/home/emeric/code/jak-project/goalc/build_level/common/Entity.cpp: In lambda function:
/home/emeric/code/jak-project/goalc/build_level/common/Entity.cpp:112:35: warning: declaration of ‘json’ shadows a global declaration [-Wshadow]
  112 |             const nlohmann::json& json,
      |             ~~~~~~~~~~~~~~~~~~~~~~^~~~
/home/emeric/code/jak-project/./common/repl/config.h:12:7: note: shadowed declaration is here
   12 | using json = nlohmann::json;
      |       ^~~~
/home/emeric/code/jak-project/goalc/build_level/common/Entity.cpp: In lambda function:
/home/emeric/code/jak-project/goalc/build_level/common/Entity.cpp:123:35: warning: declaration of ‘json’ shadows a global declaration [-Wshadow]
  123 |             const nlohmann::json& json,
      |             ~~~~~~~~~~~~~~~~~~~~~~^~~~
/home/emeric/code/jak-project/./common/repl/config.h:12:7: note: shadowed declaration is here
   12 | using json = nlohmann::json;
      |       ^~~~
/home/emeric/code/jak-project/goalc/build_level/common/Entity.cpp: In lambda function:
/home/emeric/code/jak-project/goalc/build_level/common/Entity.cpp:134:35: warning: declaration of ‘json’ shadows a global declaration [-Wshadow]
  134 |             const nlohmann::json& json,
      |             ~~~~~~~~~~~~~~~~~~~~~~^~~~
/home/emeric/code/jak-project/./common/repl/config.h:12:7: note: shadowed declaration is here
   12 | using json = nlohmann::json;
      |       ^~~~
/home/emeric/code/jak-project/goalc/build_level/common/Entity.cpp: In lambda function:
/home/emeric/code/jak-project/goalc/build_level/common/Entity.cpp:144:35: warning: declaration of ‘json’ shadows a global declaration [-Wshadow]
  144 |             const nlohmann::json& json,
      |             ~~~~~~~~~~~~~~~~~~~~~~^~~~
/home/emeric/code/jak-project/./common/repl/config.h:12:7: note: shadowed declaration is here
   12 | using json = nlohmann::json;
      |       ^~~~
/home/emeric/code/jak-project/goalc/build_level/common/Entity.cpp: In lambda function:
/home/emeric/code/jak-project/goalc/build_level/common/Entity.cpp:155:35: warning: declaration of ‘json’ shadows a global declaration [-Wshadow]
  155 |             const nlohmann::json& json,
      |             ~~~~~~~~~~~~~~~~~~~~~~^~~~
/home/emeric/code/jak-project/./common/repl/config.h:12:7: note: shadowed declaration is here
   12 | using json = nlohmann::json;
      |       ^~~~
/home/emeric/code/jak-project/goalc/build_level/common/Entity.cpp: In lambda function:
/home/emeric/code/jak-project/goalc/build_level/common/Entity.cpp:166:35: warning: declaration of ‘json’ shadows a global declaration [-Wshadow]
  166 |             const nlohmann::json& json,
      |             ~~~~~~~~~~~~~~~~~~~~~~^~~~
/home/emeric/code/jak-project/./common/repl/config.h:12:7: note: shadowed declaration is here
   12 | using json = nlohmann::json;
      |       ^~~~
/home/emeric/code/jak-project/goalc/build_level/common/Entity.cpp: In lambda function:
/home/emeric/code/jak-project/goalc/build_level/common/Entity.cpp:176:35: warning: declaration of ‘json’ shadows a global declaration [-Wshadow]
  176 |             const nlohmann::json& json,
      |             ~~~~~~~~~~~~~~~~~~~~~~^~~~
/home/emeric/code/jak-project/./common/repl/config.h:12:7: note: shadowed declaration is here
   12 | using json = nlohmann::json;
      |       ^~~~
/home/emeric/code/jak-project/goalc/build_level/common/Entity.cpp: In lambda function:
/home/emeric/code/jak-project/goalc/build_level/common/Entity.cpp:188:35: warning: declaration of ‘json’ shadows a global declaration [-Wshadow]
  188 |             const nlohmann::json& json,
      |             ~~~~~~~~~~~~~~~~~~~~~~^~~~
/home/emeric/code/jak-project/./common/repl/config.h:12:7: note: shadowed declaration is here
   12 | using json = nlohmann::json;
      |       ^~~~
/home/emeric/code/jak-project/goalc/build_level/common/Entity.cpp: In lambda function:
/home/emeric/code/jak-project/goalc/build_level/common/Entity.cpp:207:35: warning: declaration of ‘json’ shadows a global declaration [-Wshadow]
  207 |             const nlohmann::json& json,
      |             ~~~~~~~~~~~~~~~~~~~~~~^~~~
/home/emeric/code/jak-project/./common/repl/config.h:12:7: note: shadowed declaration is here
   12 | using json = nlohmann::json;
      |       ^~~~
/home/emeric/code/jak-project/goalc/build_level/common/Entity.cpp: In lambda function:
/home/emeric/code/jak-project/goalc/build_level/common/Entity.cpp:218:35: warning: declaration of ‘json’ shadows a global declaration [-Wshadow]
  218 |             const nlohmann::json& json,
      |             ~~~~~~~~~~~~~~~~~~~~~~^~~~
/home/emeric/code/jak-project/./common/repl/config.h:12:7: note: shadowed declaration is here
   12 | using json = nlohmann::json;
      |       ^~~~
/home/emeric/code/jak-project/goalc/build_level/common/Entity.cpp: In lambda function:
/home/emeric/code/jak-project/goalc/build_level/common/Entity.cpp:229:35: warning: declaration of ‘json’ shadows a global declaration [-Wshadow]
  229 |             const nlohmann::json& json,
      |             ~~~~~~~~~~~~~~~~~~~~~~^~~~
/home/emeric/code/jak-project/./common/repl/config.h:12:7: note: shadowed declaration is here
   12 | using json = nlohmann::json;
      |       ^~~~
/home/emeric/code/jak-project/goalc/build_level/common/Entity.cpp: In lambda function:
/home/emeric/code/jak-project/goalc/build_level/common/Entity.cpp:241:35: warning: declaration of ‘json’ shadows a global declaration [-Wshadow]
  241 |             const nlohmann::json& json,
      |             ~~~~~~~~~~~~~~~~~~~~~~^~~~
/home/emeric/code/jak-project/./common/repl/config.h:12:7: note: shadowed declaration is here
   12 | using json = nlohmann::json;
      |       ^~~~
/home/emeric/code/jak-project/goalc/build_level/common/Entity.cpp: In lambda function:
/home/emeric/code/jak-project/goalc/build_level/common/Entity.cpp:252:35: warning: declaration of ‘json’ shadows a global declaration [-Wshadow]
  252 |             const nlohmann::json& json,
      |             ~~~~~~~~~~~~~~~~~~~~~~^~~~
/home/emeric/code/jak-project/./common/repl/config.h:12:7: note: shadowed declaration is here
   12 | using json = nlohmann::json;
      |       ^~~~
/home/emeric/code/jak-project/goalc/build_level/common/Entity.cpp: In lambda function:
/home/emeric/code/jak-project/goalc/build_level/common/Entity.cpp:263:35: warning: declaration of ‘json’ shadows a global declaration [-Wshadow]
  263 |             const nlohmann::json& json,
      |             ~~~~~~~~~~~~~~~~~~~~~~^~~~
/home/emeric/code/jak-project/./common/repl/config.h:12:7: note: shadowed declaration is here
   12 | using json = nlohmann::json;
      |       ^~~~
/home/emeric/code/jak-project/goalc/build_level/common/Entity.cpp: In lambda function:
/home/emeric/code/jak-project/goalc/build_level/common/Entity.cpp:274:35: warning: declaration of ‘json’ shadows a global declaration [-Wshadow]
  274 |             const nlohmann::json& json,
      |             ~~~~~~~~~~~~~~~~~~~~~~^~~~
/home/emeric/code/jak-project/./common/repl/config.h:12:7: note: shadowed declaration is here
   12 | using json = nlohmann::json;
      |       ^~~~
/home/emeric/code/jak-project/goalc/build_level/common/Entity.cpp: In lambda function:
/home/emeric/code/jak-project/goalc/build_level/common/Entity.cpp:285:35: warning: declaration of ‘json’ shadows a global declaration [-Wshadow]
  285 |             const nlohmann::json& json,
      |             ~~~~~~~~~~~~~~~~~~~~~~^~~~
/home/emeric/code/jak-project/./common/repl/config.h:12:7: note: shadowed declaration is here
   12 | using json = nlohmann::json;
      |       ^~~~
/home/emeric/code/jak-project/goalc/build_level/common/Entity.cpp: In lambda function:
/home/emeric/code/jak-project/goalc/build_level/common/Entity.cpp:297:35: warning: declaration of ‘json’ shadows a global declaration [-Wshadow]
  297 |             const nlohmann::json& json,
      |             ~~~~~~~~~~~~~~~~~~~~~~^~~~
/home/emeric/code/jak-project/./common/repl/config.h:12:7: note: shadowed declaration is here
   12 | using json = nlohmann::json;
      |       ^~~~
/home/emeric/code/jak-project/goalc/build_level/common/Entity.cpp: In lambda function:
/home/emeric/code/jak-project/goalc/build_level/common/Entity.cpp:308:35: warning: declaration of ‘json’ shadows a global declaration [-Wshadow]
  308 |             const nlohmann::json& json,
      |             ~~~~~~~~~~~~~~~~~~~~~~^~~~
/home/emeric/code/jak-project/./common/repl/config.h:12:7: note: shadowed declaration is here
   12 | using json = nlohmann::json;
      |       ^~~~
/home/emeric/code/jak-project/goalc/build_level/common/Entity.cpp: In lambda function:
/home/emeric/code/jak-project/goalc/build_level/common/Entity.cpp:318:46: warning: declaration of ‘json’ shadows a global declaration [-Wshadow]
  318 |                        const nlohmann::json& json,
      |                        ~~~~~~~~~~~~~~~~~~~~~~^~~~
/home/emeric/code/jak-project/./common/repl/config.h:12:7: note: shadowed declaration is here
   12 | using json = nlohmann::json;
      |       ^~~~
[137/195] Building CXX object goalc/CMakeFiles/compiler.dir/build_level/jak3/build_level.cpp.o
In file included from /home/emeric/code/jak-project/./goalc/build_actor/jak1/build_actor.h:7,
                 from /home/emeric/code/jak-project/./goalc/build_actor/common/MercExtract.h:5,
                 from /home/emeric/code/jak-project/./goalc/build_level/common/build_level.h:12,
                 from /home/emeric/code/jak-project/goalc/build_level/jak3/build_level.h:3,
                 from /home/emeric/code/jak-project/goalc/build_level/jak3/build_level.cpp:1:
/home/emeric/code/jak-project/./goalc/build_actor/common/build_actor.h: In constructor ‘Joint::Joint(const std::string&, int, int, math::Matrix4f)’:
/home/emeric/code/jak-project/./goalc/build_actor/common/build_actor.h:15:73: warning: declaration of ‘bind_pose’ shadows a member of ‘Joint’ [-Wshadow]
   15 |   Joint(const std::string& name, int number, int parent, math::Matrix4f bind_pose) {
      |                                                          ~~~~~~~~~~~~~~~^~~~~~~~~
/home/emeric/code/jak-project/./goalc/build_actor/common/build_actor.h:13:18: note: shadowed declaration is here
   13 |   math::Matrix4f bind_pose{};
      |                  ^~~~~~~~~
/home/emeric/code/jak-project/./goalc/build_actor/common/build_actor.h:15:50: warning: declaration of ‘parent’ shadows a member of ‘Joint’ [-Wshadow]
   15 |   Joint(const std::string& name, int number, int parent, math::Matrix4f bind_pose) {
      |                                              ~~~~^~~~~~
/home/emeric/code/jak-project/./goalc/build_actor/common/build_actor.h:12:7: note: shadowed declaration is here
   12 |   int parent;
      |       ^~~~~~
/home/emeric/code/jak-project/./goalc/build_actor/common/build_actor.h:15:38: warning: declaration of ‘number’ shadows a member of ‘Joint’ [-Wshadow]
   15 |   Joint(const std::string& name, int number, int parent, math::Matrix4f bind_pose) {
      |                                  ~~~~^~~~~~
/home/emeric/code/jak-project/./goalc/build_actor/common/build_actor.h:11:7: note: shadowed declaration is here
   11 |   s32 number;
      |       ^~~~~~
/home/emeric/code/jak-project/./goalc/build_actor/common/build_actor.h:15:28: warning: declaration of ‘name’ shadows a member of ‘Joint’ [-Wshadow]
   15 |   Joint(const std::string& name, int number, int parent, math::Matrix4f bind_pose) {
      |         ~~~~~~~~~~~~~~~~~~~^~~~
/home/emeric/code/jak-project/./goalc/build_actor/common/build_actor.h:10:15: note: shadowed declaration is here
   10 |   std::string name;
      |               ^~~~
/home/emeric/code/jak-project/./goalc/build_actor/jak1/build_actor.h: In constructor ‘jak1::ArtJointGeo::ArtJointGeo(const std::string&, std::vector<jak1::CollideMesh>, std::vector<Joint>&, const jak1::BuildActorParams1&)’:
/home/emeric/code/jak-project/./goalc/build_actor/jak1/build_actor.h:155:49: warning: declaration of ‘cmeshes’ shadows a member of ‘jak1::ArtJointGeo’ [-Wshadow]
  155 |                        std::vector<CollideMesh> cmeshes,
      |                        ~~~~~~~~~~~~~~~~~~~~~~~~~^~~~~~~
/home/emeric/code/jak-project/./goalc/build_actor/jak1/build_actor.h:145:28: note: shadowed declaration is here
  145 |   std::vector<CollideMesh> cmeshes;
      |                            ^~~~~~~
/home/emeric/code/jak-project/./goalc/build_actor/jak1/build_actor.h:154:43: warning: declaration of ‘name’ shadows a member of ‘jak1::ArtJointGeo’ [-Wshadow]
  154 |   explicit ArtJointGeo(const std::string& name,
      |                        ~~~~~~~~~~~~~~~~~~~^~~~
In file included from /home/emeric/code/jak-project/./goalc/build_actor/jak1/build_actor.h:6:
/home/emeric/code/jak-project/./goalc/build_actor/common/art_types.h:12:15: note: shadowed declaration is here
   12 |   std::string name;
      |               ^~~~
/home/emeric/code/jak-project/./goalc/build_actor/jak1/build_actor.h: In constructor ‘jak1::ArtJointAnim::ArtJointAnim(const std::string&, const std::vector<Joint>&)’:
/home/emeric/code/jak-project/./goalc/build_actor/jak1/build_actor.h:186:35: warning: declaration of ‘name’ shadows a member of ‘jak1::ArtJointAnim’ [-Wshadow]
  186 |   ArtJointAnim(const std::string& name, const std::vector<Joint>& joints) {
      |                ~~~~~~~~~~~~~~~~~~~^~~~
/home/emeric/code/jak-project/./goalc/build_actor/common/art_types.h:12:15: note: shadowed declaration is here
   12 |   std::string name;
      |               ^~~~
In file included from /home/emeric/code/jak-project/./goalc/build_actor/common/MercExtract.h:6:
/home/emeric/code/jak-project/./goalc/build_actor/jak2/build_actor.h: In constructor ‘jak2::ArtJointGeo::ArtJointGeo(const std::string&, std::vector<jak2::CollideMesh>, std::vector<Joint>&, const jak2::BuildActorParams2&)’:
/home/emeric/code/jak-project/./goalc/build_actor/jak2/build_actor.h:137:49: warning: declaration of ‘cmeshes’ shadows a member of ‘jak2::ArtJointGeo’ [-Wshadow]
  137 |                        std::vector<CollideMesh> cmeshes,
      |                        ~~~~~~~~~~~~~~~~~~~~~~~~~^~~~~~~
/home/emeric/code/jak-project/./goalc/build_actor/jak2/build_actor.h:127:28: note: shadowed declaration is here
  127 |   std::vector<CollideMesh> cmeshes;
      |                            ^~~~~~~
/home/emeric/code/jak-project/./goalc/build_actor/jak2/build_actor.h:136:43: warning: declaration of ‘name’ shadows a member of ‘jak2::ArtJointGeo’ [-Wshadow]
  136 |   explicit ArtJointGeo(const std::string& name,
      |                        ~~~~~~~~~~~~~~~~~~~^~~~
/home/emeric/code/jak-project/./goalc/build_actor/common/art_types.h:12:15: note: shadowed declaration is here
   12 |   std::string name;
      |               ^~~~
/home/emeric/code/jak-project/./goalc/build_actor/jak2/build_actor.h: In constructor ‘jak2::ArtJointAnim::ArtJointAnim(const std::string&, const std::vector<Joint>&)’:
/home/emeric/code/jak-project/./goalc/build_actor/jak2/build_actor.h:167:35: warning: declaration of ‘name’ shadows a member of ‘jak2::ArtJointAnim’ [-Wshadow]
  167 |   ArtJointAnim(const std::string& name, const std::vector<Joint>& joints) {
      |                ~~~~~~~~~~~~~~~~~~~^~~~
/home/emeric/code/jak-project/./goalc/build_actor/common/art_types.h:12:15: note: shadowed declaration is here
   12 |   std::string name;
      |               ^~~~
In file included from /home/emeric/code/jak-project/./goalc/build_actor/common/MercExtract.h:7:
/home/emeric/code/jak-project/./goalc/build_actor/jak3/build_actor.h: In constructor ‘jak3::ArtJointGeo::ArtJointGeo(const std::string&, std::vector<jak3::CollideMesh>, std::vector<Joint>&, const jak3::BuildActorParams3&)’:
/home/emeric/code/jak-project/./goalc/build_actor/jak3/build_actor.h:143:49: warning: declaration of ‘cmeshes’ shadows a member of ‘jak3::ArtJointGeo’ [-Wshadow]
  143 |                        std::vector<CollideMesh> cmeshes,
      |                        ~~~~~~~~~~~~~~~~~~~~~~~~~^~~~~~~
/home/emeric/code/jak-project/./goalc/build_actor/jak3/build_actor.h:133:28: note: shadowed declaration is here
  133 |   std::vector<CollideMesh> cmeshes;
      |                            ^~~~~~~
/home/emeric/code/jak-project/./goalc/build_actor/jak3/build_actor.h:142:43: warning: declaration of ‘name’ shadows a member of ‘jak3::ArtJointGeo’ [-Wshadow]
  142 |   explicit ArtJointGeo(const std::string& name,
      |                        ~~~~~~~~~~~~~~~~~~~^~~~
/home/emeric/code/jak-project/./goalc/build_actor/common/art_types.h:12:15: note: shadowed declaration is here
   12 |   std::string name;
      |               ^~~~
/home/emeric/code/jak-project/./goalc/build_actor/jak3/build_actor.h: In constructor ‘jak3::ArtJointAnim::ArtJointAnim(const std::string&, const std::vector<Joint>&)’:
/home/emeric/code/jak-project/./goalc/build_actor/jak3/build_actor.h:173:35: warning: declaration of ‘name’ shadows a member of ‘jak3::ArtJointAnim’ [-Wshadow]
  173 |   ArtJointAnim(const std::string& name, const std::vector<Joint>& joints) {
      |                ~~~~~~~~~~~~~~~~~~~^~~~
/home/emeric/code/jak-project/./goalc/build_actor/common/art_types.h:12:15: note: shadowed declaration is here
   12 |   std::string name;
      |               ^~~~
[138/195] Building CXX object goalc/CMakeFiles/compiler.dir/build_level/common/FileInfo.cpp.o
[139/195] Building CXX object goalc/CMakeFiles/compiler.dir/build_level/jak1/FileInfo.cpp.o
[140/195] Building CXX object goalc/CMakeFiles/compiler.dir/build_level/jak2/FileInfo.cpp.o
[141/195] Building CXX object goalc/CMakeFiles/compiler.dir/build_level/jak3/FileInfo.cpp.o
[142/195] Building CXX object goalc/CMakeFiles/compiler.dir/build_level/jak1/Entity.cpp.o
[143/195] Building CXX object goalc/CMakeFiles/compiler.dir/build_level/jak2/Entity.cpp.o
[144/195] Building CXX object goalc/CMakeFiles/compiler.dir/build_level/jak3/Entity.cpp.o
[145/195] Building CXX object goalc/CMakeFiles/compiler.dir/build_level/jak1/LevelFile.cpp.o
/home/emeric/code/jak-project/goalc/build_level/jak1/LevelFile.cpp: In function ‘size_t jak1::generate_adgif_shader_array(const AdgifShaderArray&, DataObjectGenerator&)’:
/home/emeric/code/jak-project/goalc/build_level/jak1/LevelFile.cpp:97:21: warning: cast from type ‘const AdGifData*’ to type ‘u32*’ {aka ‘unsigned int*’} casts away qualifiers [-Wcast-qual]
   97 |       memcpy(&data, (u32*)&adgif + i, sizeof(u32));
      |                     ^~~~~~~~~~~~
[146/195] Building CXX object goalc/CMakeFiles/compiler.dir/build_level/common/gltf_mesh_extract.cpp.o
[147/195] Building CXX object goalc/CMakeFiles/compiler.dir/build_level/jak2/LevelFile.cpp.o
[148/195] Building CXX object goalc/CMakeFiles/compiler.dir/build_level/common/Tfrag.cpp.o
[149/195] Building CXX object goalc/CMakeFiles/compiler.dir/build_level/jak3/LevelFile.cpp.o
[150/195] Building CXX object goalc/CMakeFiles/compiler.dir/build_level/common/Tie.cpp.o
[151/195] Building CXX object goalc/CMakeFiles/compiler.dir/compiler/Val.cpp.o
In file included from /home/emeric/code/jak-project/./common/goos/Object.h:57,
                 from /home/emeric/code/jak-project/goalc/compiler/Lambda.h:3,
                 from /home/emeric/code/jak-project/goalc/compiler/Val.h:13,
                 from /home/emeric/code/jak-project/goalc/compiler/Val.cpp:1:
/home/emeric/code/jak-project/./goalc/emitter/Instruction.h: In function ‘constexpr emitter::ARM64::Field emitter::ARM64::Imm12(u32)’:
/home/emeric/code/jak-project/./goalc/emitter/Instruction.h:74:12: warning: comparison of unsigned expression in ‘>= 0’ is always true [-Wtype-limits]
   74 |   ASSERT(x >= 0 && x <= 4095);
      |          ~~^~~~
/home/emeric/code/jak-project/./common/util/Assert.h:29:11: note: in definition of macro ‘ASSERT’
   29 |   (void)((EX) || (private_assert_failed(#EX, __FILE__, __LINE__, __PRETTY_FUNCTION__), 0))
      |           ^~
[152/195] Building CXX object goalc/CMakeFiles/compiler.dir/compiler/Env.cpp.o
In file included from /home/emeric/code/jak-project/./common/type_system/TypeSpec.h:12,
                 from /home/emeric/code/jak-project/goalc/compiler/StaticObject.h:6,
                 from /home/emeric/code/jak-project/goalc/compiler/Env.h:14,
                 from /home/emeric/code/jak-project/goalc/compiler/Env.cpp:1:
/home/emeric/code/jak-project/./goalc/emitter/Instruction.h: In function ‘constexpr emitter::ARM64::Field emitter::ARM64::Imm12(u32)’:
/home/emeric/code/jak-project/./goalc/emitter/Instruction.h:74:12: warning: comparison of unsigned expression in ‘>= 0’ is always true [-Wtype-limits]
   74 |   ASSERT(x >= 0 && x <= 4095);
      |          ~~^~~~
/home/emeric/code/jak-project/./common/util/Assert.h:29:11: note: in definition of macro ‘ASSERT’
   29 |   (void)((EX) || (private_assert_failed(#EX, __FILE__, __LINE__, __PRETTY_FUNCTION__), 0))
      |           ^~
[153/195] Building CXX object goalc/CMakeFiles/compiler.dir/compiler/IR.cpp.o
In file included from /home/emeric/code/jak-project/./common/goos/Object.h:57,
                 from /home/emeric/code/jak-project/goalc/compiler/Lambda.h:3,
                 from /home/emeric/code/jak-project/goalc/compiler/Val.h:13,
                 from /home/emeric/code/jak-project/goalc/compiler/IR.h:5,
                 from /home/emeric/code/jak-project/goalc/compiler/IR.cpp:1:
/home/emeric/code/jak-project/./goalc/emitter/Instruction.h: In function ‘constexpr emitter::ARM64::Field emitter::ARM64::Imm12(u32)’:
/home/emeric/code/jak-project/./goalc/emitter/Instruction.h:74:12: warning: comparison of unsigned expression in ‘>= 0’ is always true [-Wtype-limits]
   74 |   ASSERT(x >= 0 && x <= 4095);
      |          ~~^~~~
/home/emeric/code/jak-project/./common/util/Assert.h:29:11: note: in definition of macro ‘ASSERT’
   29 |   (void)((EX) || (private_assert_failed(#EX, __FILE__, __LINE__, __PRETTY_FUNCTION__), 0))
      |           ^~
In file included from /home/emeric/code/jak-project/goalc/compiler/IR.cpp:7:
/home/emeric/code/jak-project/./common/symbols.h: In function ‘constexpr int true_symbol_offset(GameVersion)’:
/home/emeric/code/jak-project/./common/symbols.h:514:1: warning: control reaches end of non-void function [-Wreturn-type]
  514 | }
      | ^
/home/emeric/code/jak-project/./common/symbols.h: In function ‘constexpr int empty_pair_offset_from_s7(GameVersion)’:
/home/emeric/code/jak-project/./common/symbols.h:526:1: warning: control reaches end of non-void function [-Wreturn-type]
  526 | }
      | ^
[154/195] Building CXX object goalc/CMakeFiles/compiler.dir/compiler/CodeGenerator.cpp.o
In file included from /home/emeric/code/jak-project/./common/type_system/TypeSpec.h:12,
                 from /home/emeric/code/jak-project/goalc/compiler/StaticObject.h:6,
                 from /home/emeric/code/jak-project/goalc/compiler/Env.h:14,
                 from /home/emeric/code/jak-project/goalc/compiler/CodeGenerator.h:13,
                 from /home/emeric/code/jak-project/goalc/compiler/CodeGenerator.cpp:8:
/home/emeric/code/jak-project/./goalc/emitter/Instruction.h: In function ‘constexpr emitter::ARM64::Field emitter::ARM64::Imm12(u32)’:
/home/emeric/code/jak-project/./goalc/emitter/Instruction.h:74:12: warning: comparison of unsigned expression in ‘>= 0’ is always true [-Wtype-limits]
   74 |   ASSERT(x >= 0 && x <= 4095);
      |          ~~^~~~
/home/emeric/code/jak-project/./common/util/Assert.h:29:11: note: in definition of macro ‘ASSERT’
   29 |   (void)((EX) || (private_assert_failed(#EX, __FILE__, __LINE__, __PRETTY_FUNCTION__), 0))
      |           ^~
[155/195] Building CXX object goalc/CMakeFiles/compiler.dir/compiler/StaticObject.cpp.o
In file included from /home/emeric/code/jak-project/./common/type_system/TypeSpec.h:12,
                 from /home/emeric/code/jak-project/goalc/compiler/StaticObject.h:6,
                 from /home/emeric/code/jak-project/goalc/compiler/StaticObject.cpp:1:
/home/emeric/code/jak-project/./goalc/emitter/Instruction.h: In function ‘constexpr emitter::ARM64::Field emitter::ARM64::Imm12(u32)’:
/home/emeric/code/jak-project/./goalc/emitter/Instruction.h:74:12: warning: comparison of unsigned expression in ‘>= 0’ is always true [-Wtype-limits]
   74 |   ASSERT(x >= 0 && x <= 4095);
      |          ~~^~~~
/home/emeric/code/jak-project/./common/util/Assert.h:29:11: note: in definition of macro ‘ASSERT’
   29 |   (void)((EX) || (private_assert_failed(#EX, __FILE__, __LINE__, __PRETTY_FUNCTION__), 0))
      |           ^~
[156/195] Building CXX object goalc/CMakeFiles/compiler.dir/compiler/Compiler.cpp.o
In file included from /home/emeric/code/jak-project/./common/goos/Object.h:57,
                 from /home/emeric/code/jak-project/./common/goos/Interpreter.h:11,
                 from /home/emeric/code/jak-project/goalc/compiler/Compiler.h:7,
                 from /home/emeric/code/jak-project/goalc/compiler/Compiler.cpp:1:
/home/emeric/code/jak-project/./goalc/emitter/Instruction.h: In function ‘constexpr emitter::ARM64::Field emitter::ARM64::Imm12(u32)’:
/home/emeric/code/jak-project/./goalc/emitter/Instruction.h:74:12: warning: comparison of unsigned expression in ‘>= 0’ is always true [-Wtype-limits]
   74 |   ASSERT(x >= 0 && x <= 4095);
      |          ~~^~~~
/home/emeric/code/jak-project/./common/util/Assert.h:29:11: note: in definition of macro ‘ASSERT’
   29 |   (void)((EX) || (private_assert_failed(#EX, __FILE__, __LINE__, __PRETTY_FUNCTION__), 0))
      |           ^~
In file included from /home/emeric/code/jak-project/goalc/compiler/Compiler.cpp:16:
/home/emeric/code/jak-project/./goalc/regalloc/Allocator.h: At global scope:
/home/emeric/code/jak-project/./goalc/regalloc/Allocator.h:224:6: warning: redundant redeclaration of ‘void find_basic_blocks(ControlFlowAnalysisCache*, const AllocationInput&)’ in same scope [-Wredundant-decls]
  224 | void find_basic_blocks(ControlFlowAnalysisCache* cache, const AllocationInput& in);
      |      ^~~~~~~~~~~~~~~~~
In file included from /home/emeric/code/jak-project/./goalc/compiler/Env.h:20,
                 from /home/emeric/code/jak-project/goalc/compiler/Compiler.h:13:
/home/emeric/code/jak-project/./goalc/regalloc/allocator_interface.h:213:6: note: previous declaration of ‘void find_basic_blocks(ControlFlowAnalysisCache*, const AllocationInput&)’
  213 | void find_basic_blocks(ControlFlowAnalysisCache* cache, const AllocationInput& in);
      |      ^~~~~~~~~~~~~~~~~
[157/195] Building CXX object goalc/CMakeFiles/compiler.dir/compiler/symbol_info.cpp.o
In file included from /home/emeric/code/jak-project/./common/goos/Object.h:57,
                 from /home/emeric/code/jak-project/goalc/compiler/symbol_info.h:7,
                 from /home/emeric/code/jak-project/goalc/compiler/symbol_info.cpp:1:
/home/emeric/code/jak-project/./goalc/emitter/Instruction.h: In function ‘constexpr emitter::ARM64::Field emitter::ARM64::Imm12(u32)’:
/home/emeric/code/jak-project/./goalc/emitter/Instruction.h:74:12: warning: comparison of unsigned expression in ‘>= 0’ is always true [-Wtype-limits]
   74 |   ASSERT(x >= 0 && x <= 4095);
      |          ~~^~~~
/home/emeric/code/jak-project/./common/util/Assert.h:29:11: note: in definition of macro ‘ASSERT’
   29 |   (void)((EX) || (private_assert_failed(#EX, __FILE__, __LINE__, __PRETTY_FUNCTION__), 0))
      |           ^~
/home/emeric/code/jak-project/goalc/compiler/symbol_info.cpp: In member function ‘void symbol_info::SymbolInfoMap::add_global(const std::string&, const std::string&, const goos::Object&, const std::string&)’:
/home/emeric/code/jak-project/goalc/compiler/symbol_info.cpp:77:3: warning: missing initializer for member ‘symbol_info::SymbolInfo::m_def_location’ [-Wmissing-field-initializers]
   77 |   };
      |   ^
/home/emeric/code/jak-project/goalc/compiler/symbol_info.cpp:77:3: warning: missing initializer for member ‘symbol_info::SymbolInfo::m_method_info’ [-Wmissing-field-initializers]
/home/emeric/code/jak-project/goalc/compiler/symbol_info.cpp:77:3: warning: missing initializer for member ‘symbol_info::SymbolInfo::m_state_related_type’ [-Wmissing-field-initializers]
/home/emeric/code/jak-project/goalc/compiler/symbol_info.cpp:77:3: warning: missing initializer for member ‘symbol_info::SymbolInfo::m_state_handler_docstrings’ [-Wmissing-field-initializers]
/home/emeric/code/jak-project/goalc/compiler/symbol_info.cpp: In member function ‘void symbol_info::SymbolInfoMap::add_fwd_dec(const std::string&, const goos::Object&)’:
/home/emeric/code/jak-project/goalc/compiler/symbol_info.cpp:86:99: warning: missing initializer for member ‘symbol_info::SymbolInfo::m_def_location’ [-Wmissing-field-initializers]
   86 |   SymbolInfo info = {.m_kind = Kind::FWD_DECLARED_SYM, .m_name = name, .m_def_form = defining_form};
      |                                                                                                   ^
/home/emeric/code/jak-project/goalc/compiler/symbol_info.cpp:86:99: warning: missing initializer for member ‘symbol_info::SymbolInfo::m_method_info’ [-Wmissing-field-initializers]
/home/emeric/code/jak-project/goalc/compiler/symbol_info.cpp:86:99: warning: missing initializer for member ‘symbol_info::SymbolInfo::m_state_related_type’ [-Wmissing-field-initializers]
/home/emeric/code/jak-project/goalc/compiler/symbol_info.cpp:86:99: warning: missing initializer for member ‘symbol_info::SymbolInfo::m_state_handler_docstrings’ [-Wmissing-field-initializers]
/home/emeric/code/jak-project/goalc/compiler/symbol_info.cpp: In member function ‘void symbol_info::SymbolInfoMap::add_function(const std::string&, const std::string&, const std::vector<GoalArg>&, const goos::Object&, const std::string&)’:
/home/emeric/code/jak-project/goalc/compiler/symbol_info.cpp:105:3: warning: missing initializer for member ‘symbol_info::SymbolInfo::m_def_location’ [-Wmissing-field-initializers]
  105 |   };
      |   ^
/home/emeric/code/jak-project/goalc/compiler/symbol_info.cpp:105:3: warning: missing initializer for member ‘symbol_info::SymbolInfo::m_method_info’ [-Wmissing-field-initializers]
/home/emeric/code/jak-project/goalc/compiler/symbol_info.cpp:105:3: warning: missing initializer for member ‘symbol_info::SymbolInfo::m_state_related_type’ [-Wmissing-field-initializers]
/home/emeric/code/jak-project/goalc/compiler/symbol_info.cpp:105:3: warning: missing initializer for member ‘symbol_info::SymbolInfo::m_state_handler_docstrings’ [-Wmissing-field-initializers]
/home/emeric/code/jak-project/goalc/compiler/symbol_info.cpp: In member function ‘void symbol_info::SymbolInfoMap::add_type(const std::string&, Type*, const goos::Object&, const std::string&)’:
/home/emeric/code/jak-project/goalc/compiler/symbol_info.cpp:132:3: warning: missing initializer for member ‘symbol_info::SymbolInfo::m_def_location’ [-Wmissing-field-initializers]
  132 |   };
      |   ^
/home/emeric/code/jak-project/goalc/compiler/symbol_info.cpp:132:3: warning: missing initializer for member ‘symbol_info::SymbolInfo::m_method_info’ [-Wmissing-field-initializers]
/home/emeric/code/jak-project/goalc/compiler/symbol_info.cpp:132:3: warning: missing initializer for member ‘symbol_info::SymbolInfo::m_state_related_type’ [-Wmissing-field-initializers]
/home/emeric/code/jak-project/goalc/compiler/symbol_info.cpp:132:3: warning: missing initializer for member ‘symbol_info::SymbolInfo::m_state_handler_docstrings’ [-Wmissing-field-initializers]
/home/emeric/code/jak-project/goalc/compiler/symbol_info.cpp:170:5: warning: missing initializer for member ‘symbol_info::TypeStateInfo::id’ [-Wmissing-field-initializers]
  170 |     };
      |     ^
/home/emeric/code/jak-project/goalc/compiler/symbol_info.cpp: In member function ‘void symbol_info::SymbolInfoMap::add_constant(const std::string&, const goos::Object&, const std::string&)’:
/home/emeric/code/jak-project/goalc/compiler/symbol_info.cpp:190:3: warning: missing initializer for member ‘symbol_info::SymbolInfo::m_def_location’ [-Wmissing-field-initializers]
  190 |   };
      |   ^
/home/emeric/code/jak-project/goalc/compiler/symbol_info.cpp:190:3: warning: missing initializer for member ‘symbol_info::SymbolInfo::m_method_info’ [-Wmissing-field-initializers]
/home/emeric/code/jak-project/goalc/compiler/symbol_info.cpp:190:3: warning: missing initializer for member ‘symbol_info::SymbolInfo::m_state_related_type’ [-Wmissing-field-initializers]
/home/emeric/code/jak-project/goalc/compiler/symbol_info.cpp:190:3: warning: missing initializer for member ‘symbol_info::SymbolInfo::m_state_handler_docstrings’ [-Wmissing-field-initializers]
/home/emeric/code/jak-project/goalc/compiler/symbol_info.cpp: In member function ‘void symbol_info::SymbolInfoMap::add_macro(const std::string&, goos::ArgumentSpec, const goos::Object&, const std::string&)’:
/home/emeric/code/jak-project/goalc/compiler/symbol_info.cpp:207:3: warning: missing initializer for member ‘symbol_info::SymbolInfo::m_def_location’ [-Wmissing-field-initializers]
  207 |   };
      |   ^
/home/emeric/code/jak-project/goalc/compiler/symbol_info.cpp:207:3: warning: missing initializer for member ‘symbol_info::SymbolInfo::m_method_info’ [-Wmissing-field-initializers]
/home/emeric/code/jak-project/goalc/compiler/symbol_info.cpp:207:3: warning: missing initializer for member ‘symbol_info::SymbolInfo::m_state_related_type’ [-Wmissing-field-initializers]
/home/emeric/code/jak-project/goalc/compiler/symbol_info.cpp:207:3: warning: missing initializer for member ‘symbol_info::SymbolInfo::m_state_handler_docstrings’ [-Wmissing-field-initializers]
/home/emeric/code/jak-project/goalc/compiler/symbol_info.cpp: In member function ‘void symbol_info::SymbolInfoMap::add_builtin(const std::string&, const std::string&)’:
/home/emeric/code/jak-project/goalc/compiler/symbol_info.cpp:233:3: warning: missing initializer for member ‘symbol_info::SymbolInfo::m_def_form’ [-Wmissing-field-initializers]
  233 |   };
      |   ^
/home/emeric/code/jak-project/goalc/compiler/symbol_info.cpp:233:3: warning: missing initializer for member ‘symbol_info::SymbolInfo::m_def_location’ [-Wmissing-field-initializers]
/home/emeric/code/jak-project/goalc/compiler/symbol_info.cpp:233:3: warning: missing initializer for member ‘symbol_info::SymbolInfo::m_method_info’ [-Wmissing-field-initializers]
/home/emeric/code/jak-project/goalc/compiler/symbol_info.cpp:233:3: warning: missing initializer for member ‘symbol_info::SymbolInfo::m_state_related_type’ [-Wmissing-field-initializers]
/home/emeric/code/jak-project/goalc/compiler/symbol_info.cpp:233:3: warning: missing initializer for member ‘symbol_info::SymbolInfo::m_state_handler_docstrings’ [-Wmissing-field-initializers]
/home/emeric/code/jak-project/goalc/compiler/symbol_info.cpp: In member function ‘void symbol_info::SymbolInfoMap::add_method(const std::string&, const std::vector<GoalArg>&, const MethodInfo&, const goos::Object&)’:
/home/emeric/code/jak-project/goalc/compiler/symbol_info.cpp:248:3: warning: missing initializer for member ‘symbol_info::SymbolInfo::m_def_location’ [-Wmissing-field-initializers]
  248 |   };
      |   ^
/home/emeric/code/jak-project/goalc/compiler/symbol_info.cpp:248:3: warning: missing initializer for member ‘symbol_info::SymbolInfo::m_state_related_type’ [-Wmissing-field-initializers]
/home/emeric/code/jak-project/goalc/compiler/symbol_info.cpp:248:3: warning: missing initializer for member ‘symbol_info::SymbolInfo::m_state_handler_docstrings’ [-Wmissing-field-initializers]
/home/emeric/code/jak-project/goalc/compiler/symbol_info.cpp: In member function ‘void symbol_info::SymbolInfoMap::add_state(const std::string&, const std::string&, bool, const std::vector<symbol_info::ArgumentInfo>&, const goos::Object&, const std::string&)’:
/home/emeric/code/jak-project/goalc/compiler/symbol_info.cpp:280:3: warning: missing initializer for member ‘symbol_info::SymbolInfo::m_def_location’ [-Wmissing-field-initializers]
  280 |   };
      |   ^
/home/emeric/code/jak-project/goalc/compiler/symbol_info.cpp:280:3: warning: missing initializer for member ‘symbol_info::SymbolInfo::m_method_info’ [-Wmissing-field-initializers]
/home/emeric/code/jak-project/goalc/compiler/symbol_info.cpp:280:3: warning: missing initializer for member ‘symbol_info::SymbolInfo::m_state_handler_docstrings’ [-Wmissing-field-initializers]
/home/emeric/code/jak-project/goalc/compiler/symbol_info.cpp:270:64: warning: unused parameter ‘code_args’ [-Wunused-parameter]
  270 |                               const std::vector<ArgumentInfo>& code_args,
      |                               ~~~~~~~~~~~~~~~~~~~~~~~~~~~~~~~~~^~~~~~~~~
/home/emeric/code/jak-project/goalc/compiler/symbol_info.cpp: In member function ‘void symbol_info::SymbolInfoMap::add_enum(EnumType*, const goos::Object&, const std::string&)’:
/home/emeric/code/jak-project/goalc/compiler/symbol_info.cpp:297:46: warning: missing initializer for member ‘symbol_info::SymbolInfo::m_def_location’ [-Wmissing-field-initializers]
  297 |                      .m_enum_info = enum_info};
      |                                              ^
/home/emeric/code/jak-project/goalc/compiler/symbol_info.cpp:297:46: warning: missing initializer for member ‘symbol_info::SymbolInfo::m_method_info’ [-Wmissing-field-initializers]
/home/emeric/code/jak-project/goalc/compiler/symbol_info.cpp:297:46: warning: missing initializer for member ‘symbol_info::SymbolInfo::m_state_related_type’ [-Wmissing-field-initializers]
/home/emeric/code/jak-project/goalc/compiler/symbol_info.cpp:297:46: warning: missing initializer for member ‘symbol_info::SymbolInfo::m_state_handler_docstrings’ [-Wmissing-field-initializers]
[158/195] Building CXX object goalc/CMakeFiles/compiler.dir/compiler/compilation/Atoms.cpp.o
In file included from /home/emeric/code/jak-project/./common/goos/Object.h:57,
                 from /home/emeric/code/jak-project/./common/goos/Interpreter.h:11,
                 from /home/emeric/code/jak-project/./goalc/compiler/Compiler.h:7,
                 from /home/emeric/code/jak-project/goalc/compiler/compilation/Atoms.cpp:8:
/home/emeric/code/jak-project/./goalc/emitter/Instruction.h: In function ‘constexpr emitter::ARM64::Field emitter::ARM64::Imm12(u32)’:
/home/emeric/code/jak-project/./goalc/emitter/Instruction.h:74:12: warning: comparison of unsigned expression in ‘>= 0’ is always true [-Wtype-limits]
   74 |   ASSERT(x >= 0 && x <= 4095);
      |          ~~^~~~
/home/emeric/code/jak-project/./common/util/Assert.h:29:11: note: in definition of macro ‘ASSERT’
   29 |   (void)((EX) || (private_assert_failed(#EX, __FILE__, __LINE__, __PRETTY_FUNCTION__), 0))
      |           ^~
[159/195] Building CXX object goalc/CMakeFiles/compiler.dir/compiler/compilation/Asm.cpp.o
In file included from /home/emeric/code/jak-project/./common/goos/Object.h:57,
                 from /home/emeric/code/jak-project/./common/goos/Interpreter.h:11,
                 from /home/emeric/code/jak-project/./goalc/compiler/Compiler.h:7,
                 from /home/emeric/code/jak-project/goalc/compiler/compilation/Asm.cpp:1:
/home/emeric/code/jak-project/./goalc/emitter/Instruction.h: In function ‘constexpr emitter::ARM64::Field emitter::ARM64::Imm12(u32)’:
/home/emeric/code/jak-project/./goalc/emitter/Instruction.h:74:12: warning: comparison of unsigned expression in ‘>= 0’ is always true [-Wtype-limits]
   74 |   ASSERT(x >= 0 && x <= 4095);
      |          ~~^~~~
/home/emeric/code/jak-project/./common/util/Assert.h:29:11: note: in definition of macro ‘ASSERT’
   29 |   (void)((EX) || (private_assert_failed(#EX, __FILE__, __LINE__, __PRETTY_FUNCTION__), 0))
      |           ^~
[160/195] Building CXX object goalc/CMakeFiles/compiler.dir/compiler/compilation/ConstantPropagation.cpp.o
In file included from /home/emeric/code/jak-project/./common/goos/Object.h:57,
                 from /home/emeric/code/jak-project/./common/goos/Interpreter.h:11,
                 from /home/emeric/code/jak-project/./goalc/compiler/Compiler.h:7,
                 from /home/emeric/code/jak-project/goalc/compiler/compilation/ConstantPropagation.cpp:3:
/home/emeric/code/jak-project/./goalc/emitter/Instruction.h: In function ‘constexpr emitter::ARM64::Field emitter::ARM64::Imm12(u32)’:
/home/emeric/code/jak-project/./goalc/emitter/Instruction.h:74:12: warning: comparison of unsigned expression in ‘>= 0’ is always true [-Wtype-limits]
   74 |   ASSERT(x >= 0 && x <= 4095);
      |          ~~^~~~
/home/emeric/code/jak-project/./common/util/Assert.h:29:11: note: in definition of macro ‘ASSERT’
   29 |   (void)((EX) || (private_assert_failed(#EX, __FILE__, __LINE__, __PRETTY_FUNCTION__), 0))
      |           ^~
[161/195] Building CXX object goalc/CMakeFiles/compiler.dir/compiler/compilation/Block.cpp.o
In file included from /home/emeric/code/jak-project/./common/goos/Object.h:57,
                 from /home/emeric/code/jak-project/./common/goos/Interpreter.h:11,
                 from /home/emeric/code/jak-project/./goalc/compiler/Compiler.h:7,
                 from /home/emeric/code/jak-project/goalc/compiler/compilation/Block.cpp:6:
/home/emeric/code/jak-project/./goalc/emitter/Instruction.h: In function ‘constexpr emitter::ARM64::Field emitter::ARM64::Imm12(u32)’:
/home/emeric/code/jak-project/./goalc/emitter/Instruction.h:74:12: warning: comparison of unsigned expression in ‘>= 0’ is always true [-Wtype-limits]
   74 |   ASSERT(x >= 0 && x <= 4095);
      |          ~~^~~~
/home/emeric/code/jak-project/./common/util/Assert.h:29:11: note: in definition of macro ‘ASSERT’
   29 |   (void)((EX) || (private_assert_failed(#EX, __FILE__, __LINE__, __PRETTY_FUNCTION__), 0))
      |           ^~
[162/195] Building CXX object goalc/CMakeFiles/compiler.dir/compiler/compilation/Macro.cpp.o
In file included from /home/emeric/code/jak-project/./common/goos/Object.h:57,
                 from /home/emeric/code/jak-project/./common/goos/PrettyPrinter.h:12,
                 from /home/emeric/code/jak-project/goalc/compiler/compilation/Macro.cpp:1:
/home/emeric/code/jak-project/./goalc/emitter/Instruction.h: In function ‘constexpr emitter::ARM64::Field emitter::ARM64::Imm12(u32)’:
/home/emeric/code/jak-project/./goalc/emitter/Instruction.h:74:12: warning: comparison of unsigned expression in ‘>= 0’ is always true [-Wtype-limits]
   74 |   ASSERT(x >= 0 && x <= 4095);
      |          ~~^~~~
/home/emeric/code/jak-project/./common/util/Assert.h:29:11: note: in definition of macro ‘ASSERT’
   29 |   (void)((EX) || (private_assert_failed(#EX, __FILE__, __LINE__, __PRETTY_FUNCTION__), 0))
      |           ^~
[163/195] Building CXX object goalc/CMakeFiles/compiler.dir/compiler/compilation/Math.cpp.o
In file included from /home/emeric/code/jak-project/./common/goos/Object.h:57,
                 from /home/emeric/code/jak-project/./common/goos/PrettyPrinter.h:12,
                 from /home/emeric/code/jak-project/goalc/compiler/compilation/Math.cpp:3:
/home/emeric/code/jak-project/./goalc/emitter/Instruction.h: In function ‘constexpr emitter::ARM64::Field emitter::ARM64::Imm12(u32)’:
/home/emeric/code/jak-project/./goalc/emitter/Instruction.h:74:12: warning: comparison of unsigned expression in ‘>= 0’ is always true [-Wtype-limits]
   74 |   ASSERT(x >= 0 && x <= 4095);
      |          ~~^~~~
/home/emeric/code/jak-project/./common/util/Assert.h:29:11: note: in definition of macro ‘ASSERT’
   29 |   (void)((EX) || (private_assert_failed(#EX, __FILE__, __LINE__, __PRETTY_FUNCTION__), 0))
      |           ^~
[164/195] Building CXX object goalc/CMakeFiles/compiler.dir/compiler/compilation/CompilerControl.cpp.o
In file included from /home/emeric/code/jak-project/./common/util/Timer.h:6,
                 from /home/emeric/code/jak-project/goalc/compiler/compilation/CompilerControl.cpp:12:
/home/emeric/code/jak-project/./goalc/emitter/Instruction.h: In function ‘constexpr emitter::ARM64::Field emitter::ARM64::Imm12(u32)’:
/home/emeric/code/jak-project/./goalc/emitter/Instruction.h:74:12: warning: comparison of unsigned expression in ‘>= 0’ is always true [-Wtype-limits]
   74 |   ASSERT(x >= 0 && x <= 4095);
      |          ~~^~~~
/home/emeric/code/jak-project/./common/util/Assert.h:29:11: note: in definition of macro ‘ASSERT’
   29 |   (void)((EX) || (private_assert_failed(#EX, __FILE__, __LINE__, __PRETTY_FUNCTION__), 0))
      |           ^~
[165/195] Building CXX object goalc/CMakeFiles/compiler.dir/compiler/compilation/Define.cpp.o
In file included from /home/emeric/code/jak-project/./common/goos/Object.h:57,
                 from /home/emeric/code/jak-project/./common/goos/Interpreter.h:11,
                 from /home/emeric/code/jak-project/./goalc/compiler/Compiler.h:7,
                 from /home/emeric/code/jak-project/goalc/compiler/compilation/Define.cpp:6:
/home/emeric/code/jak-project/./goalc/emitter/Instruction.h: In function ‘constexpr emitter::ARM64::Field emitter::ARM64::Imm12(u32)’:
/home/emeric/code/jak-project/./goalc/emitter/Instruction.h:74:12: warning: comparison of unsigned expression in ‘>= 0’ is always true [-Wtype-limits]
   74 |   ASSERT(x >= 0 && x <= 4095);
      |          ~~^~~~
/home/emeric/code/jak-project/./common/util/Assert.h:29:11: note: in definition of macro ‘ASSERT’
   29 |   (void)((EX) || (private_assert_failed(#EX, __FILE__, __LINE__, __PRETTY_FUNCTION__), 0))
      |           ^~
[166/195] Building CXX object goalc/CMakeFiles/compiler.dir/compiler/compilation/Debug.cpp.o
In file included from /home/emeric/code/jak-project/./common/goos/Object.h:57,
                 from /home/emeric/code/jak-project/./common/goos/Interpreter.h:11,
                 from /home/emeric/code/jak-project/./goalc/compiler/Compiler.h:7,
                 from /home/emeric/code/jak-project/goalc/compiler/compilation/Debug.cpp:4:
/home/emeric/code/jak-project/./goalc/emitter/Instruction.h: In function ‘constexpr emitter::ARM64::Field emitter::ARM64::Imm12(u32)’:
/home/emeric/code/jak-project/./goalc/emitter/Instruction.h:74:12: warning: comparison of unsigned expression in ‘>= 0’ is always true [-Wtype-limits]
   74 |   ASSERT(x >= 0 && x <= 4095);
      |          ~~^~~~
/home/emeric/code/jak-project/./common/util/Assert.h:29:11: note: in definition of macro ‘ASSERT’
   29 |   (void)((EX) || (private_assert_failed(#EX, __FILE__, __LINE__, __PRETTY_FUNCTION__), 0))
      |           ^~
[167/195] Building CXX object goalc/CMakeFiles/compiler.dir/compiler/compilation/ControlFlow.cpp.o
In file included from /home/emeric/code/jak-project/./common/goos/Object.h:57,
                 from /home/emeric/code/jak-project/./common/goos/ParseHelpers.h:8,
                 from /home/emeric/code/jak-project/goalc/compiler/compilation/ControlFlow.cpp:6:
/home/emeric/code/jak-project/./goalc/emitter/Instruction.h: In function ‘constexpr emitter::ARM64::Field emitter::ARM64::Imm12(u32)’:
/home/emeric/code/jak-project/./goalc/emitter/Instruction.h:74:12: warning: comparison of unsigned expression in ‘>= 0’ is always true [-Wtype-limits]
   74 |   ASSERT(x >= 0 && x <= 4095);
      |          ~~^~~~
/home/emeric/code/jak-project/./common/util/Assert.h:29:11: note: in definition of macro ‘ASSERT’
   29 |   (void)((EX) || (private_assert_failed(#EX, __FILE__, __LINE__, __PRETTY_FUNCTION__), 0))
      |           ^~
[168/195] Building CXX object goalc/CMakeFiles/compiler.dir/compiler/compilation/Function.cpp.o
In file included from /home/emeric/code/jak-project/./common/goos/Object.h:57,
                 from /home/emeric/code/jak-project/./common/goos/Interpreter.h:11,
                 from /home/emeric/code/jak-project/./goalc/compiler/Compiler.h:7,
                 from /home/emeric/code/jak-project/goalc/compiler/compilation/Function.cpp:8:
/home/emeric/code/jak-project/./goalc/emitter/Instruction.h: In function ‘constexpr emitter::ARM64::Field emitter::ARM64::Imm12(u32)’:
/home/emeric/code/jak-project/./goalc/emitter/Instruction.h:74:12: warning: comparison of unsigned expression in ‘>= 0’ is always true [-Wtype-limits]
   74 |   ASSERT(x >= 0 && x <= 4095);
      |          ~~^~~~
/home/emeric/code/jak-project/./common/util/Assert.h:29:11: note: in definition of macro ‘ASSERT’
   29 |   (void)((EX) || (private_assert_failed(#EX, __FILE__, __LINE__, __PRETTY_FUNCTION__), 0))
      |           ^~
[169/195] Building CXX object goalc/CMakeFiles/compiler.dir/compiler/compilation/State.cpp.o
In file included from /home/emeric/code/jak-project/./common/type_system/TypeSpec.h:12,
                 from /home/emeric/code/jak-project/./common/type_system/state.h:5,
                 from /home/emeric/code/jak-project/goalc/compiler/compilation/State.cpp:1:
/home/emeric/code/jak-project/./goalc/emitter/Instruction.h: In function ‘constexpr emitter::ARM64::Field emitter::ARM64::Imm12(u32)’:
/home/emeric/code/jak-project/./goalc/emitter/Instruction.h:74:12: warning: comparison of unsigned expression in ‘>= 0’ is always true [-Wtype-limits]
   74 |   ASSERT(x >= 0 && x <= 4095);
      |          ~~^~~~
/home/emeric/code/jak-project/./common/util/Assert.h:29:11: note: in definition of macro ‘ASSERT’
   29 |   (void)((EX) || (private_assert_failed(#EX, __FILE__, __LINE__, __PRETTY_FUNCTION__), 0))
      |           ^~
[170/195] Building CXX object goalc/CMakeFiles/compiler.dir/compiler/Util.cpp.o
In file included from /home/emeric/code/jak-project/./common/goos/Object.h:57,
                 from /home/emeric/code/jak-project/./common/goos/ParseHelpers.h:8,
                 from /home/emeric/code/jak-project/goalc/compiler/Util.cpp:1:
/home/emeric/code/jak-project/./goalc/emitter/Instruction.h: In function ‘constexpr emitter::ARM64::Field emitter::ARM64::Imm12(u32)’:
/home/emeric/code/jak-project/./goalc/emitter/Instruction.h:74:12: warning: comparison of unsigned expression in ‘>= 0’ is always true [-Wtype-limits]
   74 |   ASSERT(x >= 0 && x <= 4095);
      |          ~~^~~~
/home/emeric/code/jak-project/./common/util/Assert.h:29:11: note: in definition of macro ‘ASSERT’
   29 |   (void)((EX) || (private_assert_failed(#EX, __FILE__, __LINE__, __PRETTY_FUNCTION__), 0))
      |           ^~
[171/195] Building CXX object goalc/CMakeFiles/compiler.dir/compiler/compilation/Type.cpp.o
In file included from /home/emeric/code/jak-project/./common/type_system/TypeSpec.h:12,
                 from /home/emeric/code/jak-project/./common/type_system/Type.h:12,
                 from /home/emeric/code/jak-project/./common/type_system/TypeSystem.h:18,
                 from /home/emeric/code/jak-project/./common/type_system/defenum.h:9,
                 from /home/emeric/code/jak-project/goalc/compiler/compilation/Type.cpp:2:
/home/emeric/code/jak-project/./goalc/emitter/Instruction.h: In function ‘constexpr emitter::ARM64::Field emitter::ARM64::Imm12(u32)’:
/home/emeric/code/jak-project/./goalc/emitter/Instruction.h:74:12: warning: comparison of unsigned expression in ‘>= 0’ is always true [-Wtype-limits]
   74 |   ASSERT(x >= 0 && x <= 4095);
      |          ~~^~~~
/home/emeric/code/jak-project/./common/util/Assert.h:29:11: note: in definition of macro ‘ASSERT’
   29 |   (void)((EX) || (private_assert_failed(#EX, __FILE__, __LINE__, __PRETTY_FUNCTION__), 0))
      |           ^~
[172/195] Building CXX object goalc/CMakeFiles/compiler.dir/compiler/compilation/Static.cpp.o
In file included from /home/emeric/code/jak-project/./common/goos/Object.h:57,
                 from /home/emeric/code/jak-project/./common/goos/ParseHelpers.h:8,
                 from /home/emeric/code/jak-project/goalc/compiler/compilation/Static.cpp:7:
/home/emeric/code/jak-project/./goalc/emitter/Instruction.h: In function ‘constexpr emitter::ARM64::Field emitter::ARM64::Imm12(u32)’:
/home/emeric/code/jak-project/./goalc/emitter/Instruction.h:74:12: warning: comparison of unsigned expression in ‘>= 0’ is always true [-Wtype-limits]
   74 |   ASSERT(x >= 0 && x <= 4095);
      |          ~~^~~~
/home/emeric/code/jak-project/./common/util/Assert.h:29:11: note: in definition of macro ‘ASSERT’
   29 |   (void)((EX) || (private_assert_failed(#EX, __FILE__, __LINE__, __PRETTY_FUNCTION__), 0))
      |           ^~
[173/195] Building CXX object goalc/CMakeFiles/compiler.dir/data_compiler/game_text_common.cpp.o
/home/emeric/code/jak-project/goalc/data_compiler/game_text_common.cpp: In function ‘void compile_game_text(const std::vector<GameTextDefinitionFile>&, GameTextDB&, const std::string&)’:
/home/emeric/code/jak-project/goalc/data_compiler/game_text_common.cpp:248:12: warning: declaration of ‘json’ shadows a global declaration [-Wshadow]
  248 |       auto json = parse_commented_json(file_util::read_text_file(file_path), file.file_path);
      |            ^~~~
In file included from /home/emeric/code/jak-project/./common/repl/repl_wrapper.h:8,
                 from /home/emeric/code/jak-project/./common/goos/Reader.h:21,
                 from /home/emeric/code/jak-project/goalc/data_compiler/game_text_common.cpp:22:
/home/emeric/code/jak-project/./common/repl/config.h:12:7: note: shadowed declaration is here
   12 | using json = nlohmann::json;
      |       ^~~~
[174/195] Building CXX object goalc/CMakeFiles/compiler.dir/data_compiler/dir_tpages.cpp.o
[175/195] Building CXX object goalc/CMakeFiles/compiler.dir/data_compiler/game_count.cpp.o
[176/195] Building CXX object goalc/CMakeFiles/compiler.dir/build_actor/common/build_actor.cpp.o
In file included from /home/emeric/code/jak-project/goalc/build_actor/common/build_actor.cpp:1:
/home/emeric/code/jak-project/goalc/build_actor/common/build_actor.h: In constructor ‘Joint::Joint(const std::string&, int, int, math::Matrix4f)’:
/home/emeric/code/jak-project/goalc/build_actor/common/build_actor.h:15:73: warning: declaration of ‘bind_pose’ shadows a member of ‘Joint’ [-Wshadow]
   15 |   Joint(const std::string& name, int number, int parent, math::Matrix4f bind_pose) {
      |                                                          ~~~~~~~~~~~~~~~^~~~~~~~~
/home/emeric/code/jak-project/goalc/build_actor/common/build_actor.h:13:18: note: shadowed declaration is here
   13 |   math::Matrix4f bind_pose{};
      |                  ^~~~~~~~~
/home/emeric/code/jak-project/goalc/build_actor/common/build_actor.h:15:50: warning: declaration of ‘parent’ shadows a member of ‘Joint’ [-Wshadow]
   15 |   Joint(const std::string& name, int number, int parent, math::Matrix4f bind_pose) {
      |                                              ~~~~^~~~~~
/home/emeric/code/jak-project/goalc/build_actor/common/build_actor.h:12:7: note: shadowed declaration is here
   12 |   int parent;
      |       ^~~~~~
/home/emeric/code/jak-project/goalc/build_actor/common/build_actor.h:15:38: warning: declaration of ‘number’ shadows a member of ‘Joint’ [-Wshadow]
   15 |   Joint(const std::string& name, int number, int parent, math::Matrix4f bind_pose) {
      |                                  ~~~~^~~~~~
/home/emeric/code/jak-project/goalc/build_actor/common/build_actor.h:11:7: note: shadowed declaration is here
   11 |   s32 number;
      |       ^~~~~~
/home/emeric/code/jak-project/goalc/build_actor/common/build_actor.h:15:28: warning: declaration of ‘name’ shadows a member of ‘Joint’ [-Wshadow]
   15 |   Joint(const std::string& name, int number, int parent, math::Matrix4f bind_pose) {
      |         ~~~~~~~~~~~~~~~~~~~^~~~
/home/emeric/code/jak-project/goalc/build_actor/common/build_actor.h:10:15: note: shadowed declaration is here
   10 |   std::string name;
      |               ^~~~
In file included from /home/emeric/code/jak-project/./goalc/build_actor/common/MercExtract.h:5,
                 from /home/emeric/code/jak-project/goalc/build_actor/common/build_actor.cpp:6:
/home/emeric/code/jak-project/./goalc/build_actor/jak1/build_actor.h: In constructor ‘jak1::ArtJointGeo::ArtJointGeo(const std::string&, std::vector<jak1::CollideMesh>, std::vector<Joint>&, const jak1::BuildActorParams1&)’:
/home/emeric/code/jak-project/./goalc/build_actor/jak1/build_actor.h:155:49: warning: declaration of ‘cmeshes’ shadows a member of ‘jak1::ArtJointGeo’ [-Wshadow]
  155 |                        std::vector<CollideMesh> cmeshes,
      |                        ~~~~~~~~~~~~~~~~~~~~~~~~~^~~~~~~
/home/emeric/code/jak-project/./goalc/build_actor/jak1/build_actor.h:145:28: note: shadowed declaration is here
  145 |   std::vector<CollideMesh> cmeshes;
      |                            ^~~~~~~
/home/emeric/code/jak-project/./goalc/build_actor/jak1/build_actor.h:154:43: warning: declaration of ‘name’ shadows a member of ‘jak1::ArtJointGeo’ [-Wshadow]
  154 |   explicit ArtJointGeo(const std::string& name,
      |                        ~~~~~~~~~~~~~~~~~~~^~~~
In file included from /home/emeric/code/jak-project/goalc/build_actor/common/build_actor.h:6:
/home/emeric/code/jak-project/./goalc/build_actor/common/art_types.h:12:15: note: shadowed declaration is here
   12 |   std::string name;
      |               ^~~~
/home/emeric/code/jak-project/./goalc/build_actor/jak1/build_actor.h: In constructor ‘jak1::ArtJointAnim::ArtJointAnim(const std::string&, const std::vector<Joint>&)’:
/home/emeric/code/jak-project/./goalc/build_actor/jak1/build_actor.h:186:35: warning: declaration of ‘name’ shadows a member of ‘jak1::ArtJointAnim’ [-Wshadow]
  186 |   ArtJointAnim(const std::string& name, const std::vector<Joint>& joints) {
      |                ~~~~~~~~~~~~~~~~~~~^~~~
/home/emeric/code/jak-project/./goalc/build_actor/common/art_types.h:12:15: note: shadowed declaration is here
   12 |   std::string name;
      |               ^~~~
In file included from /home/emeric/code/jak-project/./goalc/build_actor/common/MercExtract.h:6:
/home/emeric/code/jak-project/./goalc/build_actor/jak2/build_actor.h: In constructor ‘jak2::ArtJointGeo::ArtJointGeo(const std::string&, std::vector<jak2::CollideMesh>, std::vector<Joint>&, const jak2::BuildActorParams2&)’:
/home/emeric/code/jak-project/./goalc/build_actor/jak2/build_actor.h:137:49: warning: declaration of ‘cmeshes’ shadows a member of ‘jak2::ArtJointGeo’ [-Wshadow]
  137 |                        std::vector<CollideMesh> cmeshes,
      |                        ~~~~~~~~~~~~~~~~~~~~~~~~~^~~~~~~
/home/emeric/code/jak-project/./goalc/build_actor/jak2/build_actor.h:127:28: note: shadowed declaration is here
  127 |   std::vector<CollideMesh> cmeshes;
      |                            ^~~~~~~
/home/emeric/code/jak-project/./goalc/build_actor/jak2/build_actor.h:136:43: warning: declaration of ‘name’ shadows a member of ‘jak2::ArtJointGeo’ [-Wshadow]
  136 |   explicit ArtJointGeo(const std::string& name,
      |                        ~~~~~~~~~~~~~~~~~~~^~~~
/home/emeric/code/jak-project/./goalc/build_actor/common/art_types.h:12:15: note: shadowed declaration is here
   12 |   std::string name;
      |               ^~~~
/home/emeric/code/jak-project/./goalc/build_actor/jak2/build_actor.h: In constructor ‘jak2::ArtJointAnim::ArtJointAnim(const std::string&, const std::vector<Joint>&)’:
/home/emeric/code/jak-project/./goalc/build_actor/jak2/build_actor.h:167:35: warning: declaration of ‘name’ shadows a member of ‘jak2::ArtJointAnim’ [-Wshadow]
  167 |   ArtJointAnim(const std::string& name, const std::vector<Joint>& joints) {
      |                ~~~~~~~~~~~~~~~~~~~^~~~
/home/emeric/code/jak-project/./goalc/build_actor/common/art_types.h:12:15: note: shadowed declaration is here
   12 |   std::string name;
      |               ^~~~
In file included from /home/emeric/code/jak-project/./goalc/build_actor/common/MercExtract.h:7:
/home/emeric/code/jak-project/./goalc/build_actor/jak3/build_actor.h: In constructor ‘jak3::ArtJointGeo::ArtJointGeo(const std::string&, std::vector<jak3::CollideMesh>, std::vector<Joint>&, const jak3::BuildActorParams3&)’:
/home/emeric/code/jak-project/./goalc/build_actor/jak3/build_actor.h:143:49: warning: declaration of ‘cmeshes’ shadows a member of ‘jak3::ArtJointGeo’ [-Wshadow]
  143 |                        std::vector<CollideMesh> cmeshes,
      |                        ~~~~~~~~~~~~~~~~~~~~~~~~~^~~~~~~
/home/emeric/code/jak-project/./goalc/build_actor/jak3/build_actor.h:133:28: note: shadowed declaration is here
  133 |   std::vector<CollideMesh> cmeshes;
      |                            ^~~~~~~
/home/emeric/code/jak-project/./goalc/build_actor/jak3/build_actor.h:142:43: warning: declaration of ‘name’ shadows a member of ‘jak3::ArtJointGeo’ [-Wshadow]
  142 |   explicit ArtJointGeo(const std::string& name,
      |                        ~~~~~~~~~~~~~~~~~~~^~~~
/home/emeric/code/jak-project/./goalc/build_actor/common/art_types.h:12:15: note: shadowed declaration is here
   12 |   std::string name;
      |               ^~~~
/home/emeric/code/jak-project/./goalc/build_actor/jak3/build_actor.h: In constructor ‘jak3::ArtJointAnim::ArtJointAnim(const std::string&, const std::vector<Joint>&)’:
/home/emeric/code/jak-project/./goalc/build_actor/jak3/build_actor.h:173:35: warning: declaration of ‘name’ shadows a member of ‘jak3::ArtJointAnim’ [-Wshadow]
  173 |   ArtJointAnim(const std::string& name, const std::vector<Joint>& joints) {
      |                ~~~~~~~~~~~~~~~~~~~^~~~
/home/emeric/code/jak-project/./goalc/build_actor/common/art_types.h:12:15: note: shadowed declaration is here
   12 |   std::string name;
      |               ^~~~
[177/195] Building CXX object goalc/CMakeFiles/compiler.dir/build_actor/jak1/build_actor.cpp.o
In file included from /home/emeric/code/jak-project/goalc/build_actor/jak1/build_actor.h:7,
                 from /home/emeric/code/jak-project/goalc/build_actor/jak1/build_actor.cpp:1:
/home/emeric/code/jak-project/./goalc/build_actor/common/build_actor.h: In constructor ‘Joint::Joint(const std::string&, int, int, math::Matrix4f)’:
/home/emeric/code/jak-project/./goalc/build_actor/common/build_actor.h:15:73: warning: declaration of ‘bind_pose’ shadows a member of ‘Joint’ [-Wshadow]
   15 |   Joint(const std::string& name, int number, int parent, math::Matrix4f bind_pose) {
      |                                                          ~~~~~~~~~~~~~~~^~~~~~~~~
/home/emeric/code/jak-project/./goalc/build_actor/common/build_actor.h:13:18: note: shadowed declaration is here
   13 |   math::Matrix4f bind_pose{};
      |                  ^~~~~~~~~
/home/emeric/code/jak-project/./goalc/build_actor/common/build_actor.h:15:50: warning: declaration of ‘parent’ shadows a member of ‘Joint’ [-Wshadow]
   15 |   Joint(const std::string& name, int number, int parent, math::Matrix4f bind_pose) {
      |                                              ~~~~^~~~~~
/home/emeric/code/jak-project/./goalc/build_actor/common/build_actor.h:12:7: note: shadowed declaration is here
   12 |   int parent;
      |       ^~~~~~
/home/emeric/code/jak-project/./goalc/build_actor/common/build_actor.h:15:38: warning: declaration of ‘number’ shadows a member of ‘Joint’ [-Wshadow]
   15 |   Joint(const std::string& name, int number, int parent, math::Matrix4f bind_pose) {
      |                                  ~~~~^~~~~~
/home/emeric/code/jak-project/./goalc/build_actor/common/build_actor.h:11:7: note: shadowed declaration is here
   11 |   s32 number;
      |       ^~~~~~
/home/emeric/code/jak-project/./goalc/build_actor/common/build_actor.h:15:28: warning: declaration of ‘name’ shadows a member of ‘Joint’ [-Wshadow]
   15 |   Joint(const std::string& name, int number, int parent, math::Matrix4f bind_pose) {
      |         ~~~~~~~~~~~~~~~~~~~^~~~
/home/emeric/code/jak-project/./goalc/build_actor/common/build_actor.h:10:15: note: shadowed declaration is here
   10 |   std::string name;
      |               ^~~~
/home/emeric/code/jak-project/goalc/build_actor/jak1/build_actor.h: In constructor ‘jak1::ArtJointGeo::ArtJointGeo(const std::string&, std::vector<jak1::CollideMesh>, std::vector<Joint>&, const jak1::BuildActorParams1&)’:
/home/emeric/code/jak-project/goalc/build_actor/jak1/build_actor.h:155:49: warning: declaration of ‘cmeshes’ shadows a member of ‘jak1::ArtJointGeo’ [-Wshadow]
  155 |                        std::vector<CollideMesh> cmeshes,
      |                        ~~~~~~~~~~~~~~~~~~~~~~~~~^~~~~~~
/home/emeric/code/jak-project/goalc/build_actor/jak1/build_actor.h:145:28: note: shadowed declaration is here
  145 |   std::vector<CollideMesh> cmeshes;
      |                            ^~~~~~~
/home/emeric/code/jak-project/goalc/build_actor/jak1/build_actor.h:154:43: warning: declaration of ‘name’ shadows a member of ‘jak1::ArtJointGeo’ [-Wshadow]
  154 |   explicit ArtJointGeo(const std::string& name,
      |                        ~~~~~~~~~~~~~~~~~~~^~~~
In file included from /home/emeric/code/jak-project/goalc/build_actor/jak1/build_actor.h:6:
/home/emeric/code/jak-project/./goalc/build_actor/common/art_types.h:12:15: note: shadowed declaration is here
   12 |   std::string name;
      |               ^~~~
/home/emeric/code/jak-project/goalc/build_actor/jak1/build_actor.h: In constructor ‘jak1::ArtJointAnim::ArtJointAnim(const std::string&, const std::vector<Joint>&)’:
/home/emeric/code/jak-project/goalc/build_actor/jak1/build_actor.h:186:35: warning: declaration of ‘name’ shadows a member of ‘jak1::ArtJointAnim’ [-Wshadow]
  186 |   ArtJointAnim(const std::string& name, const std::vector<Joint>& joints) {
      |                ~~~~~~~~~~~~~~~~~~~^~~~
/home/emeric/code/jak-project/./goalc/build_actor/common/art_types.h:12:15: note: shadowed declaration is here
   12 |   std::string name;
      |               ^~~~
In file included from /home/emeric/code/jak-project/./goalc/build_actor/common/MercExtract.h:6,
                 from /home/emeric/code/jak-project/goalc/build_actor/jak1/build_actor.cpp:6:
/home/emeric/code/jak-project/./goalc/build_actor/jak2/build_actor.h: In constructor ‘jak2::ArtJointGeo::ArtJointGeo(const std::string&, std::vector<jak2::CollideMesh>, std::vector<Joint>&, const jak2::BuildActorParams2&)’:
/home/emeric/code/jak-project/./goalc/build_actor/jak2/build_actor.h:137:49: warning: declaration of ‘cmeshes’ shadows a member of ‘jak2::ArtJointGeo’ [-Wshadow]
  137 |                        std::vector<CollideMesh> cmeshes,
      |                        ~~~~~~~~~~~~~~~~~~~~~~~~~^~~~~~~
/home/emeric/code/jak-project/./goalc/build_actor/jak2/build_actor.h:127:28: note: shadowed declaration is here
  127 |   std::vector<CollideMesh> cmeshes;
      |                            ^~~~~~~
/home/emeric/code/jak-project/./goalc/build_actor/jak2/build_actor.h:136:43: warning: declaration of ‘name’ shadows a member of ‘jak2::ArtJointGeo’ [-Wshadow]
  136 |   explicit ArtJointGeo(const std::string& name,
      |                        ~~~~~~~~~~~~~~~~~~~^~~~
/home/emeric/code/jak-project/./goalc/build_actor/common/art_types.h:12:15: note: shadowed declaration is here
   12 |   std::string name;
      |               ^~~~
/home/emeric/code/jak-project/./goalc/build_actor/jak2/build_actor.h: In constructor ‘jak2::ArtJointAnim::ArtJointAnim(const std::string&, const std::vector<Joint>&)’:
/home/emeric/code/jak-project/./goalc/build_actor/jak2/build_actor.h:167:35: warning: declaration of ‘name’ shadows a member of ‘jak2::ArtJointAnim’ [-Wshadow]
  167 |   ArtJointAnim(const std::string& name, const std::vector<Joint>& joints) {
      |                ~~~~~~~~~~~~~~~~~~~^~~~
/home/emeric/code/jak-project/./goalc/build_actor/common/art_types.h:12:15: note: shadowed declaration is here
   12 |   std::string name;
      |               ^~~~
In file included from /home/emeric/code/jak-project/./goalc/build_actor/common/MercExtract.h:7:
/home/emeric/code/jak-project/./goalc/build_actor/jak3/build_actor.h: In constructor ‘jak3::ArtJointGeo::ArtJointGeo(const std::string&, std::vector<jak3::CollideMesh>, std::vector<Joint>&, const jak3::BuildActorParams3&)’:
/home/emeric/code/jak-project/./goalc/build_actor/jak3/build_actor.h:143:49: warning: declaration of ‘cmeshes’ shadows a member of ‘jak3::ArtJointGeo’ [-Wshadow]
  143 |                        std::vector<CollideMesh> cmeshes,
      |                        ~~~~~~~~~~~~~~~~~~~~~~~~~^~~~~~~
/home/emeric/code/jak-project/./goalc/build_actor/jak3/build_actor.h:133:28: note: shadowed declaration is here
  133 |   std::vector<CollideMesh> cmeshes;
      |                            ^~~~~~~
/home/emeric/code/jak-project/./goalc/build_actor/jak3/build_actor.h:142:43: warning: declaration of ‘name’ shadows a member of ‘jak3::ArtJointGeo’ [-Wshadow]
  142 |   explicit ArtJointGeo(const std::string& name,
      |                        ~~~~~~~~~~~~~~~~~~~^~~~
/home/emeric/code/jak-project/./goalc/build_actor/common/art_types.h:12:15: note: shadowed declaration is here
   12 |   std::string name;
      |               ^~~~
/home/emeric/code/jak-project/./goalc/build_actor/jak3/build_actor.h: In constructor ‘jak3::ArtJointAnim::ArtJointAnim(const std::string&, const std::vector<Joint>&)’:
/home/emeric/code/jak-project/./goalc/build_actor/jak3/build_actor.h:173:35: warning: declaration of ‘name’ shadows a member of ‘jak3::ArtJointAnim’ [-Wshadow]
  173 |   ArtJointAnim(const std::string& name, const std::vector<Joint>& joints) {
      |                ~~~~~~~~~~~~~~~~~~~^~~~
/home/emeric/code/jak-project/./goalc/build_actor/common/art_types.h:12:15: note: shadowed declaration is here
   12 |   std::string name;
      |               ^~~~
/home/emeric/code/jak-project/goalc/build_actor/jak1/build_actor.cpp: In member function ‘size_t jak1::ArtJointGeo::generate_mesh(DataObjectGenerator&) const’:
/home/emeric/code/jak-project/goalc/build_actor/jak1/build_actor.cpp:303:14: warning: declaration of ‘data’ shadows a member of ‘jak1::ArtJointGeo’ [-Wshadow]
  303 |   for (auto& data : cmeshes) {
      |              ^~~~
/home/emeric/code/jak-project/goalc/build_actor/jak1/build_actor.h:144:22: note: shadowed declaration is here
  144 |   std::vector<Joint> data;
      |                      ^~~~
/home/emeric/code/jak-project/goalc/build_actor/jak1/build_actor.cpp: In member function ‘int jak1::ArtGroup::get_joint_idx(const std::string&)’:
/home/emeric/code/jak-project/goalc/build_actor/jak1/build_actor.cpp:564:48: warning: declaration of ‘name’ shadows a member of ‘jak1::ArtGroup’ [-Wshadow]
  564 | int ArtGroup::get_joint_idx(const std::string& name) {
      |                             ~~~~~~~~~~~~~~~~~~~^~~~
/home/emeric/code/jak-project/./goalc/build_actor/common/art_types.h:12:15: note: shadowed declaration is here
   12 |   std::string name;
      |               ^~~~
[178/195] Building CXX object goalc/CMakeFiles/compiler.dir/build_actor/jak2/build_actor.cpp.o
In file included from /home/emeric/code/jak-project/goalc/build_actor/jak2/build_actor.h:7,
                 from /home/emeric/code/jak-project/goalc/build_actor/jak2/build_actor.cpp:1:
/home/emeric/code/jak-project/./goalc/build_actor/common/build_actor.h: In constructor ‘Joint::Joint(const std::string&, int, int, math::Matrix4f)’:
/home/emeric/code/jak-project/./goalc/build_actor/common/build_actor.h:15:73: warning: declaration of ‘bind_pose’ shadows a member of ‘Joint’ [-Wshadow]
   15 |   Joint(const std::string& name, int number, int parent, math::Matrix4f bind_pose) {
      |                                                          ~~~~~~~~~~~~~~~^~~~~~~~~
/home/emeric/code/jak-project/./goalc/build_actor/common/build_actor.h:13:18: note: shadowed declaration is here
   13 |   math::Matrix4f bind_pose{};
      |                  ^~~~~~~~~
/home/emeric/code/jak-project/./goalc/build_actor/common/build_actor.h:15:50: warning: declaration of ‘parent’ shadows a member of ‘Joint’ [-Wshadow]
   15 |   Joint(const std::string& name, int number, int parent, math::Matrix4f bind_pose) {
      |                                              ~~~~^~~~~~
/home/emeric/code/jak-project/./goalc/build_actor/common/build_actor.h:12:7: note: shadowed declaration is here
   12 |   int parent;
      |       ^~~~~~
/home/emeric/code/jak-project/./goalc/build_actor/common/build_actor.h:15:38: warning: declaration of ‘number’ shadows a member of ‘Joint’ [-Wshadow]
   15 |   Joint(const std::string& name, int number, int parent, math::Matrix4f bind_pose) {
      |                                  ~~~~^~~~~~
/home/emeric/code/jak-project/./goalc/build_actor/common/build_actor.h:11:7: note: shadowed declaration is here
   11 |   s32 number;
      |       ^~~~~~
/home/emeric/code/jak-project/./goalc/build_actor/common/build_actor.h:15:28: warning: declaration of ‘name’ shadows a member of ‘Joint’ [-Wshadow]
   15 |   Joint(const std::string& name, int number, int parent, math::Matrix4f bind_pose) {
      |         ~~~~~~~~~~~~~~~~~~~^~~~
/home/emeric/code/jak-project/./goalc/build_actor/common/build_actor.h:10:15: note: shadowed declaration is here
   10 |   std::string name;
      |               ^~~~
/home/emeric/code/jak-project/goalc/build_actor/jak2/build_actor.h: In constructor ‘jak2::ArtJointGeo::ArtJointGeo(const std::string&, std::vector<jak2::CollideMesh>, std::vector<Joint>&, const jak2::BuildActorParams2&)’:
/home/emeric/code/jak-project/goalc/build_actor/jak2/build_actor.h:137:49: warning: declaration of ‘cmeshes’ shadows a member of ‘jak2::ArtJointGeo’ [-Wshadow]
  137 |                        std::vector<CollideMesh> cmeshes,
      |                        ~~~~~~~~~~~~~~~~~~~~~~~~~^~~~~~~
/home/emeric/code/jak-project/goalc/build_actor/jak2/build_actor.h:127:28: note: shadowed declaration is here
  127 |   std::vector<CollideMesh> cmeshes;
      |                            ^~~~~~~
/home/emeric/code/jak-project/goalc/build_actor/jak2/build_actor.h:136:43: warning: declaration of ‘name’ shadows a member of ‘jak2::ArtJointGeo’ [-Wshadow]
  136 |   explicit ArtJointGeo(const std::string& name,
      |                        ~~~~~~~~~~~~~~~~~~~^~~~
In file included from /home/emeric/code/jak-project/goalc/build_actor/jak2/build_actor.h:6:
/home/emeric/code/jak-project/./goalc/build_actor/common/art_types.h:12:15: note: shadowed declaration is here
   12 |   std::string name;
      |               ^~~~
/home/emeric/code/jak-project/goalc/build_actor/jak2/build_actor.h: In constructor ‘jak2::ArtJointAnim::ArtJointAnim(const std::string&, const std::vector<Joint>&)’:
/home/emeric/code/jak-project/goalc/build_actor/jak2/build_actor.h:167:35: warning: declaration of ‘name’ shadows a member of ‘jak2::ArtJointAnim’ [-Wshadow]
  167 |   ArtJointAnim(const std::string& name, const std::vector<Joint>& joints) {
      |                ~~~~~~~~~~~~~~~~~~~^~~~
/home/emeric/code/jak-project/./goalc/build_actor/common/art_types.h:12:15: note: shadowed declaration is here
   12 |   std::string name;
      |               ^~~~
In file included from /home/emeric/code/jak-project/./goalc/build_actor/common/MercExtract.h:5,
                 from /home/emeric/code/jak-project/goalc/build_actor/jak2/build_actor.cpp:6:
/home/emeric/code/jak-project/./goalc/build_actor/jak1/build_actor.h: In constructor ‘jak1::ArtJointGeo::ArtJointGeo(const std::string&, std::vector<jak1::CollideMesh>, std::vector<Joint>&, const jak1::BuildActorParams1&)’:
/home/emeric/code/jak-project/./goalc/build_actor/jak1/build_actor.h:155:49: warning: declaration of ‘cmeshes’ shadows a member of ‘jak1::ArtJointGeo’ [-Wshadow]
  155 |                        std::vector<CollideMesh> cmeshes,
      |                        ~~~~~~~~~~~~~~~~~~~~~~~~~^~~~~~~
/home/emeric/code/jak-project/./goalc/build_actor/jak1/build_actor.h:145:28: note: shadowed declaration is here
  145 |   std::vector<CollideMesh> cmeshes;
      |                            ^~~~~~~
/home/emeric/code/jak-project/./goalc/build_actor/jak1/build_actor.h:154:43: warning: declaration of ‘name’ shadows a member of ‘jak1::ArtJointGeo’ [-Wshadow]
  154 |   explicit ArtJointGeo(const std::string& name,
      |                        ~~~~~~~~~~~~~~~~~~~^~~~
/home/emeric/code/jak-project/./goalc/build_actor/common/art_types.h:12:15: note: shadowed declaration is here
   12 |   std::string name;
      |               ^~~~
/home/emeric/code/jak-project/./goalc/build_actor/jak1/build_actor.h: In constructor ‘jak1::ArtJointAnim::ArtJointAnim(const std::string&, const std::vector<Joint>&)’:
/home/emeric/code/jak-project/./goalc/build_actor/jak1/build_actor.h:186:35: warning: declaration of ‘name’ shadows a member of ‘jak1::ArtJointAnim’ [-Wshadow]
  186 |   ArtJointAnim(const std::string& name, const std::vector<Joint>& joints) {
      |                ~~~~~~~~~~~~~~~~~~~^~~~
/home/emeric/code/jak-project/./goalc/build_actor/common/art_types.h:12:15: note: shadowed declaration is here
   12 |   std::string name;
      |               ^~~~
In file included from /home/emeric/code/jak-project/./goalc/build_actor/common/MercExtract.h:7:
/home/emeric/code/jak-project/./goalc/build_actor/jak3/build_actor.h: In constructor ‘jak3::ArtJointGeo::ArtJointGeo(const std::string&, std::vector<jak3::CollideMesh>, std::vector<Joint>&, const jak3::BuildActorParams3&)’:
/home/emeric/code/jak-project/./goalc/build_actor/jak3/build_actor.h:143:49: warning: declaration of ‘cmeshes’ shadows a member of ‘jak3::ArtJointGeo’ [-Wshadow]
  143 |                        std::vector<CollideMesh> cmeshes,
      |                        ~~~~~~~~~~~~~~~~~~~~~~~~~^~~~~~~
/home/emeric/code/jak-project/./goalc/build_actor/jak3/build_actor.h:133:28: note: shadowed declaration is here
  133 |   std::vector<CollideMesh> cmeshes;
      |                            ^~~~~~~
/home/emeric/code/jak-project/./goalc/build_actor/jak3/build_actor.h:142:43: warning: declaration of ‘name’ shadows a member of ‘jak3::ArtJointGeo’ [-Wshadow]
  142 |   explicit ArtJointGeo(const std::string& name,
      |                        ~~~~~~~~~~~~~~~~~~~^~~~
/home/emeric/code/jak-project/./goalc/build_actor/common/art_types.h:12:15: note: shadowed declaration is here
   12 |   std::string name;
      |               ^~~~
/home/emeric/code/jak-project/./goalc/build_actor/jak3/build_actor.h: In constructor ‘jak3::ArtJointAnim::ArtJointAnim(const std::string&, const std::vector<Joint>&)’:
/home/emeric/code/jak-project/./goalc/build_actor/jak3/build_actor.h:173:35: warning: declaration of ‘name’ shadows a member of ‘jak3::ArtJointAnim’ [-Wshadow]
  173 |   ArtJointAnim(const std::string& name, const std::vector<Joint>& joints) {
      |                ~~~~~~~~~~~~~~~~~~~^~~~
/home/emeric/code/jak-project/./goalc/build_actor/common/art_types.h:12:15: note: shadowed declaration is here
   12 |   std::string name;
      |               ^~~~
/home/emeric/code/jak-project/goalc/build_actor/jak2/build_actor.cpp: In member function ‘size_t jak2::ArtJointGeo::generate_mesh(DataObjectGenerator&) const’:
/home/emeric/code/jak-project/goalc/build_actor/jak2/build_actor.cpp:287:14: warning: declaration of ‘data’ shadows a member of ‘jak2::ArtJointGeo’ [-Wshadow]
  287 |   for (auto& data : cmeshes) {
      |              ^~~~
/home/emeric/code/jak-project/goalc/build_actor/jak2/build_actor.h:126:22: note: shadowed declaration is here
  126 |   std::vector<Joint> data;
      |                      ^~~~
/home/emeric/code/jak-project/goalc/build_actor/jak2/build_actor.cpp: In member function ‘int jak2::ArtGroup::get_joint_idx(const std::string&)’:
/home/emeric/code/jak-project/goalc/build_actor/jak2/build_actor.cpp:549:48: warning: declaration of ‘name’ shadows a member of ‘jak2::ArtGroup’ [-Wshadow]
  549 | int ArtGroup::get_joint_idx(const std::string& name) {
      |                             ~~~~~~~~~~~~~~~~~~~^~~~
/home/emeric/code/jak-project/./goalc/build_actor/common/art_types.h:12:15: note: shadowed declaration is here
   12 |   std::string name;
      |               ^~~~
[179/195] Building CXX object goalc/CMakeFiles/compiler.dir/build_actor/jak3/build_actor.cpp.o
In file included from /home/emeric/code/jak-project/goalc/build_actor/jak3/build_actor.h:7,
                 from /home/emeric/code/jak-project/goalc/build_actor/jak3/build_actor.cpp:1:
/home/emeric/code/jak-project/./goalc/build_actor/common/build_actor.h: In constructor ‘Joint::Joint(const std::string&, int, int, math::Matrix4f)’:
/home/emeric/code/jak-project/./goalc/build_actor/common/build_actor.h:15:73: warning: declaration of ‘bind_pose’ shadows a member of ‘Joint’ [-Wshadow]
   15 |   Joint(const std::string& name, int number, int parent, math::Matrix4f bind_pose) {
      |                                                          ~~~~~~~~~~~~~~~^~~~~~~~~
/home/emeric/code/jak-project/./goalc/build_actor/common/build_actor.h:13:18: note: shadowed declaration is here
   13 |   math::Matrix4f bind_pose{};
      |                  ^~~~~~~~~
/home/emeric/code/jak-project/./goalc/build_actor/common/build_actor.h:15:50: warning: declaration of ‘parent’ shadows a member of ‘Joint’ [-Wshadow]
   15 |   Joint(const std::string& name, int number, int parent, math::Matrix4f bind_pose) {
      |                                              ~~~~^~~~~~
/home/emeric/code/jak-project/./goalc/build_actor/common/build_actor.h:12:7: note: shadowed declaration is here
   12 |   int parent;
      |       ^~~~~~
/home/emeric/code/jak-project/./goalc/build_actor/common/build_actor.h:15:38: warning: declaration of ‘number’ shadows a member of ‘Joint’ [-Wshadow]
   15 |   Joint(const std::string& name, int number, int parent, math::Matrix4f bind_pose) {
      |                                  ~~~~^~~~~~
/home/emeric/code/jak-project/./goalc/build_actor/common/build_actor.h:11:7: note: shadowed declaration is here
   11 |   s32 number;
      |       ^~~~~~
/home/emeric/code/jak-project/./goalc/build_actor/common/build_actor.h:15:28: warning: declaration of ‘name’ shadows a member of ‘Joint’ [-Wshadow]
   15 |   Joint(const std::string& name, int number, int parent, math::Matrix4f bind_pose) {
      |         ~~~~~~~~~~~~~~~~~~~^~~~
/home/emeric/code/jak-project/./goalc/build_actor/common/build_actor.h:10:15: note: shadowed declaration is here
   10 |   std::string name;
      |               ^~~~
/home/emeric/code/jak-project/goalc/build_actor/jak3/build_actor.h: In constructor ‘jak3::ArtJointGeo::ArtJointGeo(const std::string&, std::vector<jak3::CollideMesh>, std::vector<Joint>&, const jak3::BuildActorParams3&)’:
/home/emeric/code/jak-project/goalc/build_actor/jak3/build_actor.h:143:49: warning: declaration of ‘cmeshes’ shadows a member of ‘jak3::ArtJointGeo’ [-Wshadow]
  143 |                        std::vector<CollideMesh> cmeshes,
      |                        ~~~~~~~~~~~~~~~~~~~~~~~~~^~~~~~~
/home/emeric/code/jak-project/goalc/build_actor/jak3/build_actor.h:133:28: note: shadowed declaration is here
  133 |   std::vector<CollideMesh> cmeshes;
      |                            ^~~~~~~
/home/emeric/code/jak-project/goalc/build_actor/jak3/build_actor.h:142:43: warning: declaration of ‘name’ shadows a member of ‘jak3::ArtJointGeo’ [-Wshadow]
  142 |   explicit ArtJointGeo(const std::string& name,
      |                        ~~~~~~~~~~~~~~~~~~~^~~~
In file included from /home/emeric/code/jak-project/goalc/build_actor/jak3/build_actor.h:6:
/home/emeric/code/jak-project/./goalc/build_actor/common/art_types.h:12:15: note: shadowed declaration is here
   12 |   std::string name;
      |               ^~~~
/home/emeric/code/jak-project/goalc/build_actor/jak3/build_actor.h: In constructor ‘jak3::ArtJointAnim::ArtJointAnim(const std::string&, const std::vector<Joint>&)’:
/home/emeric/code/jak-project/goalc/build_actor/jak3/build_actor.h:173:35: warning: declaration of ‘name’ shadows a member of ‘jak3::ArtJointAnim’ [-Wshadow]
  173 |   ArtJointAnim(const std::string& name, const std::vector<Joint>& joints) {
      |                ~~~~~~~~~~~~~~~~~~~^~~~
/home/emeric/code/jak-project/./goalc/build_actor/common/art_types.h:12:15: note: shadowed declaration is here
   12 |   std::string name;
      |               ^~~~
In file included from /home/emeric/code/jak-project/./goalc/build_actor/common/MercExtract.h:5,
                 from /home/emeric/code/jak-project/goalc/build_actor/jak3/build_actor.cpp:6:
/home/emeric/code/jak-project/./goalc/build_actor/jak1/build_actor.h: In constructor ‘jak1::ArtJointGeo::ArtJointGeo(const std::string&, std::vector<jak1::CollideMesh>, std::vector<Joint>&, const jak1::BuildActorParams1&)’:
/home/emeric/code/jak-project/./goalc/build_actor/jak1/build_actor.h:155:49: warning: declaration of ‘cmeshes’ shadows a member of ‘jak1::ArtJointGeo’ [-Wshadow]
  155 |                        std::vector<CollideMesh> cmeshes,
      |                        ~~~~~~~~~~~~~~~~~~~~~~~~~^~~~~~~
/home/emeric/code/jak-project/./goalc/build_actor/jak1/build_actor.h:145:28: note: shadowed declaration is here
  145 |   std::vector<CollideMesh> cmeshes;
      |                            ^~~~~~~
/home/emeric/code/jak-project/./goalc/build_actor/jak1/build_actor.h:154:43: warning: declaration of ‘name’ shadows a member of ‘jak1::ArtJointGeo’ [-Wshadow]
  154 |   explicit ArtJointGeo(const std::string& name,
      |                        ~~~~~~~~~~~~~~~~~~~^~~~
/home/emeric/code/jak-project/./goalc/build_actor/common/art_types.h:12:15: note: shadowed declaration is here
   12 |   std::string name;
      |               ^~~~
/home/emeric/code/jak-project/./goalc/build_actor/jak1/build_actor.h: In constructor ‘jak1::ArtJointAnim::ArtJointAnim(const std::string&, const std::vector<Joint>&)’:
/home/emeric/code/jak-project/./goalc/build_actor/jak1/build_actor.h:186:35: warning: declaration of ‘name’ shadows a member of ‘jak1::ArtJointAnim’ [-Wshadow]
  186 |   ArtJointAnim(const std::string& name, const std::vector<Joint>& joints) {
      |                ~~~~~~~~~~~~~~~~~~~^~~~
/home/emeric/code/jak-project/./goalc/build_actor/common/art_types.h:12:15: note: shadowed declaration is here
   12 |   std::string name;
      |               ^~~~
In file included from /home/emeric/code/jak-project/./goalc/build_actor/common/MercExtract.h:6:
/home/emeric/code/jak-project/./goalc/build_actor/jak2/build_actor.h: In constructor ‘jak2::ArtJointGeo::ArtJointGeo(const std::string&, std::vector<jak2::CollideMesh>, std::vector<Joint>&, const jak2::BuildActorParams2&)’:
/home/emeric/code/jak-project/./goalc/build_actor/jak2/build_actor.h:137:49: warning: declaration of ‘cmeshes’ shadows a member of ‘jak2::ArtJointGeo’ [-Wshadow]
  137 |                        std::vector<CollideMesh> cmeshes,
      |                        ~~~~~~~~~~~~~~~~~~~~~~~~~^~~~~~~
/home/emeric/code/jak-project/./goalc/build_actor/jak2/build_actor.h:127:28: note: shadowed declaration is here
  127 |   std::vector<CollideMesh> cmeshes;
      |                            ^~~~~~~
/home/emeric/code/jak-project/./goalc/build_actor/jak2/build_actor.h:136:43: warning: declaration of ‘name’ shadows a member of ‘jak2::ArtJointGeo’ [-Wshadow]
  136 |   explicit ArtJointGeo(const std::string& name,
      |                        ~~~~~~~~~~~~~~~~~~~^~~~
/home/emeric/code/jak-project/./goalc/build_actor/common/art_types.h:12:15: note: shadowed declaration is here
   12 |   std::string name;
      |               ^~~~
/home/emeric/code/jak-project/./goalc/build_actor/jak2/build_actor.h: In constructor ‘jak2::ArtJointAnim::ArtJointAnim(const std::string&, const std::vector<Joint>&)’:
/home/emeric/code/jak-project/./goalc/build_actor/jak2/build_actor.h:167:35: warning: declaration of ‘name’ shadows a member of ‘jak2::ArtJointAnim’ [-Wshadow]
  167 |   ArtJointAnim(const std::string& name, const std::vector<Joint>& joints) {
      |                ~~~~~~~~~~~~~~~~~~~^~~~
/home/emeric/code/jak-project/./goalc/build_actor/common/art_types.h:12:15: note: shadowed declaration is here
   12 |   std::string name;
      |               ^~~~
/home/emeric/code/jak-project/goalc/build_actor/jak3/build_actor.cpp: In member function ‘size_t jak3::ArtJointGeo::generate_mesh(DataObjectGenerator&) const’:
/home/emeric/code/jak-project/goalc/build_actor/jak3/build_actor.cpp:287:14: warning: declaration of ‘data’ shadows a member of ‘jak3::ArtJointGeo’ [-Wshadow]
  287 |   for (auto& data : cmeshes) {
      |              ^~~~
/home/emeric/code/jak-project/goalc/build_actor/jak3/build_actor.h:132:22: note: shadowed declaration is here
  132 |   std::vector<Joint> data;
      |                      ^~~~
/home/emeric/code/jak-project/goalc/build_actor/jak3/build_actor.cpp: In member function ‘int jak3::ArtGroup::get_joint_idx(const std::string&)’:
/home/emeric/code/jak-project/goalc/build_actor/jak3/build_actor.cpp:561:48: warning: declaration of ‘name’ shadows a member of ‘jak3::ArtGroup’ [-Wshadow]
  561 | int ArtGroup::get_joint_idx(const std::string& name) {
      |                             ~~~~~~~~~~~~~~~~~~~^~~~
/home/emeric/code/jak-project/./goalc/build_actor/common/art_types.h:12:15: note: shadowed declaration is here
   12 |   std::string name;
      |               ^~~~
[180/195] Building CXX object goalc/CMakeFiles/compiler.dir/debugger/Debugger.cpp.o
In file included from /home/emeric/code/jak-project/goalc/debugger/DebugInfo.h:10,
                 from /home/emeric/code/jak-project/goalc/debugger/Debugger.h:16,
                 from /home/emeric/code/jak-project/goalc/debugger/Debugger.cpp:7:
/home/emeric/code/jak-project/./goalc/emitter/Instruction.h: In function ‘constexpr emitter::ARM64::Field emitter::ARM64::Imm12(u32)’:
/home/emeric/code/jak-project/./goalc/emitter/Instruction.h:74:12: warning: comparison of unsigned expression in ‘>= 0’ is always true [-Wtype-limits]
   74 |   ASSERT(x >= 0 && x <= 4095);
      |          ~~^~~~
/home/emeric/code/jak-project/./common/util/Assert.h:29:11: note: in definition of macro ‘ASSERT’
   29 |   (void)((EX) || (private_assert_failed(#EX, __FILE__, __LINE__, __PRETTY_FUNCTION__), 0))
      |           ^~
[181/195] Building CXX object goalc/CMakeFiles/compiler.dir/listener/Listener.cpp.o
In file included from /home/emeric/code/jak-project/goalc/listener/Listener.cpp:30:
/home/emeric/code/jak-project/./goalc/emitter/Instruction.h: In function ‘constexpr emitter::ARM64::Field emitter::ARM64::Imm12(u32)’:
/home/emeric/code/jak-project/./goalc/emitter/Instruction.h:74:12: warning: comparison of unsigned expression in ‘>= 0’ is always true [-Wtype-limits]
   74 |   ASSERT(x >= 0 && x <= 4095);
      |          ~~^~~~
/home/emeric/code/jak-project/./common/util/Assert.h:29:11: note: in definition of macro ‘ASSERT’
   29 |   (void)((EX) || (private_assert_failed(#EX, __FILE__, __LINE__, __PRETTY_FUNCTION__), 0))
      |           ^~
/home/emeric/code/jak-project/goalc/listener/Listener.cpp: In member function ‘bool listener::Listener::connect_to_target(int, const std::string&, int)’:
/home/emeric/code/jak-project/goalc/listener/Listener.cpp:147:3: warning: ‘rv’ may be used uninitialized [-Wmaybe-uninitialized]
  147 |   if (rv < 0) {
      |   ^~
/home/emeric/code/jak-project/goalc/listener/Listener.cpp:139:7: note: ‘rv’ was declared here
  139 |   int rv, i;
      |       ^~
[182/195] Building CXX object goalc/CMakeFiles/compiler.dir/regalloc/IRegister.cpp.o
[183/195] Building CXX object goalc/CMakeFiles/compiler.dir/make/Tool.cpp.o
[184/195] Building CXX object goalc/CMakeFiles/compiler.dir/regalloc/Allocator.cpp.o
In file included from /home/emeric/code/jak-project/goalc/regalloc/Allocator.cpp:6:
/home/emeric/code/jak-project/goalc/regalloc/Allocator.h:224:6: warning: redundant redeclaration of ‘void find_basic_blocks(ControlFlowAnalysisCache*, const AllocationInput&)’ in same scope [-Wredundant-decls]
  224 | void find_basic_blocks(ControlFlowAnalysisCache* cache, const AllocationInput& in);
      |      ^~~~~~~~~~~~~~~~~
In file included from /home/emeric/code/jak-project/goalc/regalloc/Allocator.h:9:
/home/emeric/code/jak-project/goalc/regalloc/allocator_interface.h:213:6: note: previous declaration of ‘void find_basic_blocks(ControlFlowAnalysisCache*, const AllocationInput&)’
  213 | void find_basic_blocks(ControlFlowAnalysisCache* cache, const AllocationInput& in);
      |      ^~~~~~~~~~~~~~~~~
In file included from /usr/include/c++/15/x86_64-redhat-linux/bits/c++allocator.h:33,
                 from /usr/include/c++/15/bits/allocator.h:46,
                 from /usr/include/c++/15/string:45,
                 from /usr/include/c++/15/stdexcept:41,
                 from /home/emeric/code/jak-project/goalc/regalloc/Allocator.h:3:
In member function ‘void std::__new_allocator<_Tp>::deallocate(_Tp*, size_type) [with _Tp = emitter::Register]’,
    inlined from ‘constexpr void std::allocator< <template-parameter-1-1> >::deallocate(_Tp*, std::size_t) [with _Tp = emitter::Register]’ at /usr/include/c++/15/bits/allocator.h:215:35,
    inlined from ‘static constexpr void std::allocator_traits<std::allocator<_CharT> >::deallocate(allocator_type&, pointer, size_type) [with _Tp = emitter::Register]’ at /usr/include/c++/15/bits/alloc_traits.h:649:23,
    inlined from ‘constexpr void std::_Vector_base<_Tp, _Alloc>::_M_deallocate(pointer, std::size_t) [with _Tp = emitter::Register; _Alloc = std::allocator<emitter::Register>]’ at /usr/include/c++/15/bits/stl_vector.h:396:19,
    inlined from ‘constexpr std::_Vector_base<_Tp, _Alloc>::~_Vector_base() [with _Tp = emitter::Register; _Alloc = std::allocator<emitter::Register>]’ at /usr/include/c++/15/bits/stl_vector.h:375:15,
    inlined from ‘constexpr std::vector<_Tp, _Alloc>::~vector() [with _Tp = emitter::Register; _Alloc = std::allocator<emitter::Register>]’ at /usr/include/c++/15/bits/stl_vector.h:805:7,
    inlined from ‘bool {anonymous}::do_allocation_for_var(int, RegAllocCache*, const AllocationInput&, int)’ at /home/emeric/code/jak-project/goalc/regalloc/Allocator.cpp:669:3,
    inlined from ‘bool run_allocator(RegAllocCache*, const AllocationInput&, int)’ at /home/emeric/code/jak-project/goalc/regalloc/Allocator.cpp:712:31:
/usr/include/c++/15/bits/new_allocator.h:172:66: warning: ‘void operator delete(void*, std::size_t)’ called on pointer ‘<unknown>’ with nonzero offset [1, 9223372036854775807] [-Wfree-nonheap-object]
  172 |         _GLIBCXX_OPERATOR_DELETE(_GLIBCXX_SIZED_DEALLOC(__p, __n));
      |                                                                  ^
In member function ‘_Tp* std::__new_allocator<_Tp>::allocate(size_type, const void*) [with _Tp = emitter::Register]’,
    inlined from ‘constexpr _Tp* std::allocator< <template-parameter-1-1> >::allocate(std::size_t) [with _Tp = emitter::Register]’ at /usr/include/c++/15/bits/allocator.h:203:40,
    inlined from ‘static constexpr _Tp* std::allocator_traits<std::allocator<_CharT> >::allocate(allocator_type&, size_type) [with _Tp = emitter::Register]’ at /usr/include/c++/15/bits/alloc_traits.h:614:28,
    inlined from ‘constexpr std::_Vector_base<_Tp, _Alloc>::pointer std::_Vector_base<_Tp, _Alloc>::_M_allocate(std::size_t) [with _Tp = emitter::Register; _Alloc = std::allocator<emitter::Register>]’ at /usr/include/c++/15/bits/stl_vector.h:387:33,
    inlined from ‘constexpr void std::_Vector_base<_Tp, _Alloc>::_M_create_storage(std::size_t) [with _Tp = emitter::Register; _Alloc = std::allocator<emitter::Register>]’ at /usr/include/c++/15/bits/stl_vector.h:405:44,
    inlined from ‘constexpr std::_Vector_base<_Tp, _Alloc>::_Vector_base(std::size_t, const allocator_type&) [with _Tp = emitter::Register; _Alloc = std::allocator<emitter::Register>]’ at /usr/include/c++/15/bits/stl_vector.h:341:26,
    inlined from ‘constexpr std::vector<_Tp, _Alloc>::vector(const std::vector<_Tp, _Alloc>&) [with _Tp = emitter::Register; _Alloc = std::allocator<emitter::Register>]’ at /usr/include/c++/15/bits/stl_vector.h:633:61,
    inlined from ‘bool {anonymous}::do_allocation_for_var(int, RegAllocCache*, const AllocationInput&, int)’ at /home/emeric/code/jak-project/goalc/regalloc/Allocator.cpp:633:71,
    inlined from ‘bool run_allocator(RegAllocCache*, const AllocationInput&, int)’ at /home/emeric/code/jak-project/goalc/regalloc/Allocator.cpp:712:31:
/usr/include/c++/15/bits/new_allocator.h:151:73: note: returned from ‘void* operator new(std::size_t)’
  151 |         return static_cast<_Tp*>(_GLIBCXX_OPERATOR_NEW(__n * sizeof(_Tp)));
      |                                                                         ^
[185/195] Building CXX object goalc/CMakeFiles/compiler.dir/regalloc/allocator_interface.cpp.o
[186/195] Building CXX object goalc/CMakeFiles/compiler.dir/regalloc/Allocator_v2.cpp.o
[187/195] Building CXX object goalc/CMakeFiles/compiler.dir/make/Tools.cpp.o
In file included from /home/emeric/code/jak-project/./goalc/build_actor/jak1/build_actor.h:7,
                 from /home/emeric/code/jak-project/goalc/make/Tools.cpp:7:
/home/emeric/code/jak-project/./goalc/build_actor/common/build_actor.h: In constructor ‘Joint::Joint(const std::string&, int, int, math::Matrix4f)’:
/home/emeric/code/jak-project/./goalc/build_actor/common/build_actor.h:15:73: warning: declaration of ‘bind_pose’ shadows a member of ‘Joint’ [-Wshadow]
   15 |   Joint(const std::string& name, int number, int parent, math::Matrix4f bind_pose) {
      |                                                          ~~~~~~~~~~~~~~~^~~~~~~~~
/home/emeric/code/jak-project/./goalc/build_actor/common/build_actor.h:13:18: note: shadowed declaration is here
   13 |   math::Matrix4f bind_pose{};
      |                  ^~~~~~~~~
/home/emeric/code/jak-project/./goalc/build_actor/common/build_actor.h:15:50: warning: declaration of ‘parent’ shadows a member of ‘Joint’ [-Wshadow]
   15 |   Joint(const std::string& name, int number, int parent, math::Matrix4f bind_pose) {
      |                                              ~~~~^~~~~~
/home/emeric/code/jak-project/./goalc/build_actor/common/build_actor.h:12:7: note: shadowed declaration is here
   12 |   int parent;
      |       ^~~~~~
/home/emeric/code/jak-project/./goalc/build_actor/common/build_actor.h:15:38: warning: declaration of ‘number’ shadows a member of ‘Joint’ [-Wshadow]
   15 |   Joint(const std::string& name, int number, int parent, math::Matrix4f bind_pose) {
      |                                  ~~~~^~~~~~
/home/emeric/code/jak-project/./goalc/build_actor/common/build_actor.h:11:7: note: shadowed declaration is here
   11 |   s32 number;
      |       ^~~~~~
/home/emeric/code/jak-project/./goalc/build_actor/common/build_actor.h:15:28: warning: declaration of ‘name’ shadows a member of ‘Joint’ [-Wshadow]
   15 |   Joint(const std::string& name, int number, int parent, math::Matrix4f bind_pose) {
      |         ~~~~~~~~~~~~~~~~~~~^~~~
/home/emeric/code/jak-project/./goalc/build_actor/common/build_actor.h:10:15: note: shadowed declaration is here
   10 |   std::string name;
      |               ^~~~
/home/emeric/code/jak-project/./goalc/build_actor/jak1/build_actor.h: In constructor ‘jak1::ArtJointGeo::ArtJointGeo(const std::string&, std::vector<jak1::CollideMesh>, std::vector<Joint>&, const jak1::BuildActorParams1&)’:
/home/emeric/code/jak-project/./goalc/build_actor/jak1/build_actor.h:155:49: warning: declaration of ‘cmeshes’ shadows a member of ‘jak1::ArtJointGeo’ [-Wshadow]
  155 |                        std::vector<CollideMesh> cmeshes,
      |                        ~~~~~~~~~~~~~~~~~~~~~~~~~^~~~~~~
/home/emeric/code/jak-project/./goalc/build_actor/jak1/build_actor.h:145:28: note: shadowed declaration is here
  145 |   std::vector<CollideMesh> cmeshes;
      |                            ^~~~~~~
/home/emeric/code/jak-project/./goalc/build_actor/jak1/build_actor.h:154:43: warning: declaration of ‘name’ shadows a member of ‘jak1::ArtJointGeo’ [-Wshadow]
  154 |   explicit ArtJointGeo(const std::string& name,
      |                        ~~~~~~~~~~~~~~~~~~~^~~~
In file included from /home/emeric/code/jak-project/./goalc/build_actor/jak1/build_actor.h:6:
/home/emeric/code/jak-project/./goalc/build_actor/common/art_types.h:12:15: note: shadowed declaration is here
   12 |   std::string name;
      |               ^~~~
/home/emeric/code/jak-project/./goalc/build_actor/jak1/build_actor.h: In constructor ‘jak1::ArtJointAnim::ArtJointAnim(const std::string&, const std::vector<Joint>&)’:
/home/emeric/code/jak-project/./goalc/build_actor/jak1/build_actor.h:186:35: warning: declaration of ‘name’ shadows a member of ‘jak1::ArtJointAnim’ [-Wshadow]
  186 |   ArtJointAnim(const std::string& name, const std::vector<Joint>& joints) {
      |                ~~~~~~~~~~~~~~~~~~~^~~~
/home/emeric/code/jak-project/./goalc/build_actor/common/art_types.h:12:15: note: shadowed declaration is here
   12 |   std::string name;
      |               ^~~~
In file included from /home/emeric/code/jak-project/./goalc/build_actor/common/MercExtract.h:6,
                 from /home/emeric/code/jak-project/./goalc/build_level/common/build_level.h:12,
                 from /home/emeric/code/jak-project/./goalc/build_level/jak1/build_level.h:3,
                 from /home/emeric/code/jak-project/goalc/make/Tools.cpp:8:
/home/emeric/code/jak-project/./goalc/build_actor/jak2/build_actor.h: In constructor ‘jak2::ArtJointGeo::ArtJointGeo(const std::string&, std::vector<jak2::CollideMesh>, std::vector<Joint>&, const jak2::BuildActorParams2&)’:
/home/emeric/code/jak-project/./goalc/build_actor/jak2/build_actor.h:137:49: warning: declaration of ‘cmeshes’ shadows a member of ‘jak2::ArtJointGeo’ [-Wshadow]
  137 |                        std::vector<CollideMesh> cmeshes,
      |                        ~~~~~~~~~~~~~~~~~~~~~~~~~^~~~~~~
/home/emeric/code/jak-project/./goalc/build_actor/jak2/build_actor.h:127:28: note: shadowed declaration is here
  127 |   std::vector<CollideMesh> cmeshes;
      |                            ^~~~~~~
/home/emeric/code/jak-project/./goalc/build_actor/jak2/build_actor.h:136:43: warning: declaration of ‘name’ shadows a member of ‘jak2::ArtJointGeo’ [-Wshadow]
  136 |   explicit ArtJointGeo(const std::string& name,
      |                        ~~~~~~~~~~~~~~~~~~~^~~~
/home/emeric/code/jak-project/./goalc/build_actor/common/art_types.h:12:15: note: shadowed declaration is here
   12 |   std::string name;
      |               ^~~~
/home/emeric/code/jak-project/./goalc/build_actor/jak2/build_actor.h: In constructor ‘jak2::ArtJointAnim::ArtJointAnim(const std::string&, const std::vector<Joint>&)’:
/home/emeric/code/jak-project/./goalc/build_actor/jak2/build_actor.h:167:35: warning: declaration of ‘name’ shadows a member of ‘jak2::ArtJointAnim’ [-Wshadow]
  167 |   ArtJointAnim(const std::string& name, const std::vector<Joint>& joints) {
      |                ~~~~~~~~~~~~~~~~~~~^~~~
/home/emeric/code/jak-project/./goalc/build_actor/common/art_types.h:12:15: note: shadowed declaration is here
   12 |   std::string name;
      |               ^~~~
In file included from /home/emeric/code/jak-project/./goalc/build_actor/common/MercExtract.h:7:
/home/emeric/code/jak-project/./goalc/build_actor/jak3/build_actor.h: In constructor ‘jak3::ArtJointGeo::ArtJointGeo(const std::string&, std::vector<jak3::CollideMesh>, std::vector<Joint>&, const jak3::BuildActorParams3&)’:
/home/emeric/code/jak-project/./goalc/build_actor/jak3/build_actor.h:143:49: warning: declaration of ‘cmeshes’ shadows a member of ‘jak3::ArtJointGeo’ [-Wshadow]
  143 |                        std::vector<CollideMesh> cmeshes,
      |                        ~~~~~~~~~~~~~~~~~~~~~~~~~^~~~~~~
/home/emeric/code/jak-project/./goalc/build_actor/jak3/build_actor.h:133:28: note: shadowed declaration is here
  133 |   std::vector<CollideMesh> cmeshes;
      |                            ^~~~~~~
/home/emeric/code/jak-project/./goalc/build_actor/jak3/build_actor.h:142:43: warning: declaration of ‘name’ shadows a member of ‘jak3::ArtJointGeo’ [-Wshadow]
  142 |   explicit ArtJointGeo(const std::string& name,
      |                        ~~~~~~~~~~~~~~~~~~~^~~~
/home/emeric/code/jak-project/./goalc/build_actor/common/art_types.h:12:15: note: shadowed declaration is here
   12 |   std::string name;
      |               ^~~~
/home/emeric/code/jak-project/./goalc/build_actor/jak3/build_actor.h: In constructor ‘jak3::ArtJointAnim::ArtJointAnim(const std::string&, const std::vector<Joint>&)’:
/home/emeric/code/jak-project/./goalc/build_actor/jak3/build_actor.h:173:35: warning: declaration of ‘name’ shadows a member of ‘jak3::ArtJointAnim’ [-Wshadow]
  173 |   ArtJointAnim(const std::string& name, const std::vector<Joint>& joints) {
      |                ~~~~~~~~~~~~~~~~~~~^~~~
/home/emeric/code/jak-project/./goalc/build_actor/common/art_types.h:12:15: note: shadowed declaration is here
   12 |   std::string name;
      |               ^~~~
In file included from /home/emeric/code/jak-project/./common/goos/Object.h:57,
                 from /home/emeric/code/jak-project/./common/goos/Reader.h:19,
                 from /home/emeric/code/jak-project/goalc/make/Tools.h:3,
                 from /home/emeric/code/jak-project/goalc/make/Tools.cpp:1:
/home/emeric/code/jak-project/./goalc/emitter/Instruction.h: In function ‘constexpr emitter::ARM64::Field emitter::ARM64::Imm12(u32)’:
/home/emeric/code/jak-project/./goalc/emitter/Instruction.h:74:12: warning: comparison of unsigned expression in ‘>= 0’ is always true [-Wtype-limits]
   74 |   ASSERT(x >= 0 && x <= 4095);
      |          ~~^~~~
/home/emeric/code/jak-project/./common/util/Assert.h:29:11: note: in definition of macro ‘ASSERT’
   29 |   (void)((EX) || (private_assert_failed(#EX, __FILE__, __LINE__, __PRETTY_FUNCTION__), 0))
      |           ^~
[188/195] Building CXX object goalc/CMakeFiles/compiler.dir/make/MakeSystem.cpp.o
/home/emeric/code/jak-project/goalc/make/MakeSystem.cpp: In lambda function:
/home/emeric/code/jak-project/goalc/make/MakeSystem.cpp:44:35: warning: implicit capture of ‘this’ via ‘[=]’ is deprecated in C++20 [-Wdeprecated]
   44 |   m_goos.register_form("defstep", [=](const goos::Object& obj, goos::Arguments& args,
      |                                   ^
/home/emeric/code/jak-project/goalc/make/MakeSystem.cpp:44:35: note: add explicit ‘this’ or ‘*this’ capture
/home/emeric/code/jak-project/goalc/make/MakeSystem.cpp: In lambda function:
/home/emeric/code/jak-project/goalc/make/MakeSystem.cpp:49:36: warning: implicit capture of ‘this’ via ‘[=]’ is deprecated in C++20 [-Wdeprecated]
   49 |   m_goos.register_form("basename", [=](const goos::Object& obj, goos::Arguments& args,
      |                                    ^
/home/emeric/code/jak-project/goalc/make/MakeSystem.cpp:49:36: note: add explicit ‘this’ or ‘*this’ capture
/home/emeric/code/jak-project/goalc/make/MakeSystem.cpp: In lambda function:
/home/emeric/code/jak-project/goalc/make/MakeSystem.cpp:54:32: warning: implicit capture of ‘this’ via ‘[=]’ is deprecated in C++20 [-Wdeprecated]
   54 |   m_goos.register_form("stem", [=](const goos::Object& obj, goos::Arguments& args,
      |                                ^
/home/emeric/code/jak-project/goalc/make/MakeSystem.cpp:54:32: note: add explicit ‘this’ or ‘*this’ capture
/home/emeric/code/jak-project/goalc/make/MakeSystem.cpp: In lambda function:
/home/emeric/code/jak-project/goalc/make/MakeSystem.cpp:59:41: warning: implicit capture of ‘this’ via ‘[=]’ is deprecated in C++20 [-Wdeprecated]
   59 |   m_goos.register_form("get-gsrc-path", [=](const goos::Object& obj, goos::Arguments& args,
      |                                         ^
/home/emeric/code/jak-project/goalc/make/MakeSystem.cpp:59:41: note: add explicit ‘this’ or ‘*this’ capture
/home/emeric/code/jak-project/goalc/make/MakeSystem.cpp: In lambda function:
/home/emeric/code/jak-project/goalc/make/MakeSystem.cpp:64:37: warning: implicit capture of ‘this’ via ‘[=]’ is deprecated in C++20 [-Wdeprecated]
   64 |   m_goos.register_form("map-path!", [=](const goos::Object& obj, goos::Arguments& args,
      |                                     ^
/home/emeric/code/jak-project/goalc/make/MakeSystem.cpp:64:37: note: add explicit ‘this’ or ‘*this’ capture
/home/emeric/code/jak-project/goalc/make/MakeSystem.cpp: In lambda function:
/home/emeric/code/jak-project/goalc/make/MakeSystem.cpp:70:24: warning: implicit capture of ‘this’ via ‘[=]’ is deprecated in C++20 [-Wdeprecated]
   70 |                        [=](const goos::Object& obj, goos::Arguments& args,
      |                        ^
/home/emeric/code/jak-project/goalc/make/MakeSystem.cpp:70:24: note: add explicit ‘this’ or ‘*this’ capture
/home/emeric/code/jak-project/goalc/make/MakeSystem.cpp: In lambda function:
/home/emeric/code/jak-project/goalc/make/MakeSystem.cpp:76:24: warning: implicit capture of ‘this’ via ‘[=]’ is deprecated in C++20 [-Wdeprecated]
   76 |                        [=](const goos::Object& obj, goos::Arguments& args,
      |                        ^
/home/emeric/code/jak-project/goalc/make/MakeSystem.cpp:76:24: note: add explicit ‘this’ or ‘*this’ capture
/home/emeric/code/jak-project/goalc/make/MakeSystem.cpp: In lambda function:
/home/emeric/code/jak-project/goalc/make/MakeSystem.cpp:81:43: warning: implicit capture of ‘this’ via ‘[=]’ is deprecated in C++20 [-Wdeprecated]
   81 |   m_goos.register_form("get-gsrc-folder", [=](const goos::Object& obj, goos::Arguments& args,
      |                                           ^
/home/emeric/code/jak-project/goalc/make/MakeSystem.cpp:81:43: note: add explicit ‘this’ or ‘*this’ capture
/home/emeric/code/jak-project/goalc/make/MakeSystem.cpp: In lambda function:
/home/emeric/code/jak-project/goalc/make/MakeSystem.cpp:87:24: warning: implicit capture of ‘this’ via ‘[=]’ is deprecated in C++20 [-Wdeprecated]
   87 |                        [=](const goos::Object& obj, goos::Arguments& args,
      |                        ^
/home/emeric/code/jak-project/goalc/make/MakeSystem.cpp:87:24: note: add explicit ‘this’ or ‘*this’ capture
/home/emeric/code/jak-project/goalc/make/MakeSystem.cpp: In member function ‘bool MakeSystem::make(const std::string&, bool, bool, bool)’:
/home/emeric/code/jak-project/goalc/make/MakeSystem.cpp:540:34: warning: comparison of integer expressions of different signedness: ‘int’ and ‘std::vector<std::__cxx11::basic_string<char> >::size_type’ {aka ‘long unsigned int’} [-Wsign-compare]
  540 |                       seconds, i == deps.size() ? "" : ",");
      |                                ~~^~~~~~~~~~~~~~
[189/195] Building CXX object goalc/CMakeFiles/compiler.dir/compiler/docs/DocTypes.cpp.o
In file included from /home/emeric/code/jak-project/./common/goos/Object.h:57,
                 from /home/emeric/code/jak-project/./goalc/compiler/symbol_info.h:7,
                 from /home/emeric/code/jak-project/goalc/compiler/docs/DocTypes.h:6,
                 from /home/emeric/code/jak-project/goalc/compiler/docs/DocTypes.cpp:1:
/home/emeric/code/jak-project/./goalc/emitter/Instruction.h: In function ‘constexpr emitter::ARM64::Field emitter::ARM64::Imm12(u32)’:
/home/emeric/code/jak-project/./goalc/emitter/Instruction.h:74:12: warning: comparison of unsigned expression in ‘>= 0’ is always true [-Wtype-limits]
   74 |   ASSERT(x >= 0 && x <= 4095);
      |          ~~^~~~
/home/emeric/code/jak-project/./common/util/Assert.h:29:11: note: in definition of macro ‘ASSERT’
   29 |   (void)((EX) || (private_assert_failed(#EX, __FILE__, __LINE__, __PRETTY_FUNCTION__), 0))
      |           ^~
[190/195] Linking CXX shared library goalc/libcompiler.so
[191/195] Building CXX object goalc/CMakeFiles/goalc.dir/main.cpp.o
In file included from /home/emeric/code/jak-project/./common/type_system/TypeSpec.h:12,
                 from /home/emeric/code/jak-project/./goalc/compiler/StaticObject.h:6,
                 from /home/emeric/code/jak-project/./goalc/compiler/Env.h:14,
                 from /home/emeric/code/jak-project/./goalc/compiler/CodeGenerator.h:13,
                 from /home/emeric/code/jak-project/goalc/main.cpp:15:
/home/emeric/code/jak-project/./goalc/emitter/Instruction.h: In function ‘constexpr emitter::ARM64::Field emitter::ARM64::Imm12(u32)’:
/home/emeric/code/jak-project/./goalc/emitter/Instruction.h:74:12: warning: comparison of unsigned expression in ‘>= 0’ is always true [-Wtype-limits]
   74 |   ASSERT(x >= 0 && x <= 4095);
      |          ~~^~~~
/home/emeric/code/jak-project/./common/util/Assert.h:29:11: note: in definition of macro ‘ASSERT’
   29 |   (void)((EX) || (private_assert_failed(#EX, __FILE__, __LINE__, __PRETTY_FUNCTION__), 0))
      |           ^~
/home/emeric/code/jak-project/goalc/main.cpp: In lambda function:
/home/emeric/code/jak-project/goalc/main.cpp:164:22: warning: declaration of ‘cmd’ shadows a previous local [-Wshadow]
  164 |     for (const auto& cmd : startup_file.run_before_listen) {
      |                      ^~~
/home/emeric/code/jak-project/goalc/main.cpp:54:15: note: shadowed declaration is here
   54 |   std::string cmd = "";
      |               ^~~
[192/195] Linking CXX executable goalc/goalc
